writer cb-quotes-rt-wg.244449518788.eu-west-2.redshift-serverless.amazonaws.com:5439/quotes
  lag     -> run_t2/20260812T165356Z/lag_20260812T165356Z.jsonl   (every 60s, mv=quotes_streamed)
  refresh -> run_t2/20260812T165356Z/refresh_20260812T165356Z.jsonl
    quotes_typed: continuous, 2.0s after completion
    quotes_daily: fixed-rate 60s
  serialize siblings: False. Ctrl-C to stop.
  [quotes_typed]   0.66s type=Manual child_fresh=Nones e2e=Nones streamed_lat 7->7s lag 0->0
  [lag] 2026-08-12T16:53:56Z raw=811079209 behind=7s lag_rows=0
  [quotes_daily]   0.85s type=Manual child_fresh=Nones e2e=Nones streamed_lat 7->7s lag 0->0
  [quotes_typed]   0.75s type=Manual child_fresh=Nones e2e=Nones streamed_lat 7->7s lag 0->0
  [quotes_typed]   0.19s type=Manual child_fresh=Nones e2e=Nones streamed_lat 7->30s lag 0->20731931
  [lag] 2026-08-12T16:54:56Z raw=49497531 behind=18s lag_rows=1406338
  [quotes_typed]  32.22s type=Manual child_fresh=Nones e2e=Nones streamed_lat 26->12s lag 2383059->4811634
  [quotes_daily]  32.01s type=Manual child_fresh=46s e2e=54s streamed_lat 18->8s lag 1611843->3508313
  [lag] 2026-08-12T16:55:56Z raw=119437834 behind=4s lag_rows=289956
  [quotes_typed]  32.12s type=Manual child_fresh=Nones e2e=Nones streamed_lat 11->5s lag 684905->60318
  [quotes_daily]  32.21s type=Manual child_fresh=40s e2e=45s streamed_lat 4->5s lag 1218463->0
  [quotes_typed]  32.13s type=Manual child_fresh=Nones e2e=Nones streamed_lat 4->7s lag 0->2340175
  [lag] 2026-08-12T16:56:56Z raw=175692272 behind=6s lag_rows=3283786
  [quotes_typed]  32.22s type=Manual child_fresh=Nones e2e=Nones streamed_lat 6->5s lag 0->795009
  [quotes_daily]  32.24s type=Manual child_fresh=40s e2e=45s streamed_lat 5->5s lag 0->520888
  [lag] 2026-08-12T16:57:56Z raw=236540842 behind=5s lag_rows=75738
  [quotes_typed]  32.34s type=Manual child_fresh=Nones e2e=Nones streamed_lat 4->4s lag 0->0
  [quotes_daily]  32.32s type=Manual child_fresh=42s e2e=47s streamed_lat 4->5s lag 24523->805056
  [quotes_typed]  32.03s type=Manual child_fresh=Nones e2e=Nones streamed_lat 4->7s lag 0->2003342
  [lag] 2026-08-12T16:58:56Z raw=297692095 behind=6s lag_rows=415429
  [quotes_daily]   1.21s type=Manual child_fresh=12s e2e=17s streamed_lat 6->5s lag 104485->0
  [quotes_typed]  16.00s type=Manual child_fresh=Nones e2e=Nones streamed_lat 5->5s lag 0->0
  [lag] 2026-08-12T16:59:56Z raw=357267894 behind=5s lag_rows=582630
  [quotes_typed]  31.97s type=Manual child_fresh=Nones e2e=Nones streamed_lat 5->4s lag 16884->0
  [quotes_daily]  32.71s type=Manual child_fresh=40s e2e=43s streamed_lat 5->3s lag 784257->0
  [quotes_typed]  32.09s type=Manual child_fresh=Nones e2e=Nones streamed_lat 4->5s lag 0->1113002
  [lag] 2026-08-12T17:00:56Z raw=419447493 behind=5s lag_rows=95681
  [quotes_typed]  32.32s type=Manual child_fresh=Nones e2e=Nones streamed_lat 5->5s lag 1835096->60668
  [quotes_daily]  32.89s type=Manual child_fresh=43s e2e=49s streamed_lat 5->6s lag 359420->1874760
  [lag] 2026-08-12T17:01:56Z raw=478026608 behind=5s lag_rows=544988
  [quotes_typed]  32.16s type=Manual child_fresh=Nones e2e=Nones streamed_lat 5->4s lag 0->0
  [quotes_daily]  32.25s type=Manual child_fresh=40s e2e=44s streamed_lat 5->4s lag 982980->92993
  [lag] 2026-08-12T17:02:56Z raw=536858919 behind=5s lag_rows=2260006
  [quotes_typed]  32.03s type=Manual child_fresh=Nones e2e=Nones streamed_lat 4->4s lag 1996188->27345
  [quotes_daily]  32.50s type=Manual child_fresh=39s e2e=43s streamed_lat 5->4s lag 0->0
  [quotes_typed]  32.30s type=Manual child_fresh=Nones e2e=Nones streamed_lat 4->5s lag 0->429750
  [lag] 2026-08-12T17:03:56Z raw=597546366 behind=5s lag_rows=338251
  [quotes_typed]  32.06s type=Manual child_fresh=Nones e2e=Nones streamed_lat 4->7s lag 29049->4203892
  [quotes_daily]  32.36s type=Manual child_fresh=39s e2e=43s streamed_lat 5->4s lag 187175->10608
  [lag] 2026-08-12T17:04:56Z raw=656170763 behind=5s lag_rows=0
  [quotes_typed]  32.28s type=Manual child_fresh=Nones e2e=Nones streamed_lat 6->4s lag 1006655->0
  [quotes_daily]  32.50s type=Manual child_fresh=39s e2e=44s streamed_lat 6->5s lag 2135730->765844
  [quotes_typed]  32.19s type=Manual child_fresh=Nones e2e=Nones streamed_lat 4->4s lag 0->25248
  [lag] 2026-08-12T17:05:56Z raw=719361024 behind=4s lag_rows=211177
  [quotes_typed]  32.31s type=Manual child_fresh=Nones e2e=Nones streamed_lat 4->5s lag 0->0
  [quotes_daily]  32.44s type=Manual child_fresh=44s e2e=51s streamed_lat 4->7s lag 1921345->0
  [lag] 2026-08-12T17:06:56Z raw=776833767 behind=5s lag_rows=579193
  [quotes_typed]  32.24s type=Manual child_fresh=Nones e2e=Nones streamed_lat 7->5s lag 0->0
  [quotes_daily]  32.59s type=Manual child_fresh=40s e2e=47s streamed_lat 6->7s lag 989794->51412
  [quotes_typed]  16.09s type=Manual child_fresh=Nones e2e=Nones streamed_lat 5->10s lag 17473->942751
  [lag] 2026-08-12T17:07:56Z raw=833756054 behind=9s lag_rows=2630048
  [quotes_typed]  32.17s type=Manual child_fresh=Nones e2e=Nones streamed_lat 9->9s lag 5875459->236808
  [quotes_daily]  32.53s type=Manual child_fresh=41s e2e=50s streamed_lat 9->9s lag 2826412->297890
  [lag] 2026-08-12T17:08:56Z raw=897814602 behind=7s lag_rows=101380
  [quotes_typed]  32.09s type=Manual child_fresh=Nones e2e=Nones streamed_lat 10->5s lag 2625350->123223
  [quotes_daily]  32.74s type=Manual child_fresh=39s e2e=44s streamed_lat 7->5s lag 101380->2004565
  [lag] 2026-08-12T17:09:56Z raw=957234561 behind=4s lag_rows=0
  [quotes_typed]  32.51s type=Manual child_fresh=Nones e2e=Nones streamed_lat 4->4s lag 42280->0
  [quotes_daily]   2.37s type=Manual child_fresh=14s e2e=19s streamed_lat 4->5s lag 13393->1885929
  [quotes_typed]   4.42s type=Manual child_fresh=Nones e2e=Nones streamed_lat 5->4s lag 128228->286948
  [lag] 2026-08-12T17:10:56Z raw=1016892817 behind=5s lag_rows=2161563
  [quotes_typed]  31.83s type=Manual child_fresh=Nones e2e=Nones streamed_lat 4->5s lag 0->277638
  [quotes_daily]  32.51s type=Manual child_fresh=38s e2e=42s streamed_lat 4->4s lag 195479->21770
  [quotes_typed]  32.17s type=Manual child_fresh=Nones e2e=Nones streamed_lat 4->5s lag 115771->823042
  [lag] 2026-08-12T17:11:56Z raw=1078890848 behind=4s lag_rows=1033796
  [quotes_typed]  32.31s type=Manual child_fresh=Nones e2e=Nones streamed_lat 5->4s lag 450147->0
  [quotes_daily]  32.98s type=Manual child_fresh=41s e2e=46s streamed_lat 4->5s lag 896540->2180497
  [quotes_typed]   4.13s type=Manual child_fresh=Nones e2e=Nones streamed_lat 5->4s lag 2163144->762255
  [lag] 2026-08-12T17:12:56Z raw=1139516250 behind=5s lag_rows=274627
  [quotes_typed]  31.88s type=Manual child_fresh=Nones e2e=Nones streamed_lat 5->4s lag 605613->0
  [quotes_daily]  32.44s type=Manual child_fresh=44s e2e=51s streamed_lat 5->7s lag 210138->2888388
  [lag] 2026-08-12T17:13:56Z raw=1197739513 behind=4s lag_rows=1189052
  [quotes_typed]  32.12s type=Manual child_fresh=Nones e2e=Nones streamed_lat 7->5s lag 4185379->883172
  [quotes_daily]  32.79s type=Manual child_fresh=39s e2e=43s streamed_lat 4->4s lag 847236->0
  [lag] 2026-08-12T17:14:56Z raw=1257686326 behind=6s lag_rows=1741459
  [quotes_typed]  32.09s type=Manual child_fresh=Nones e2e=Nones streamed_lat 4->6s lag 42214->127124
  [quotes_daily]  32.50s type=Manual child_fresh=42s e2e=49s streamed_lat 6->7s lag 2037727->2879342
  [quotes_typed]  32.21s type=Manual child_fresh=Nones e2e=Nones streamed_lat 5->5s lag 0->0
  [lag] 2026-08-12T17:15:56Z raw=1319094420 behind=7s lag_rows=825906
  [quotes_typed]   2.17s type=Manual child_fresh=Nones e2e=Nones streamed_lat 6->6s lag 128499->218130
  [quotes_daily]  32.68s type=Manual child_fresh=41s e2e=45s streamed_lat 7->4s lag 1125797->70744
  [quotes_typed]  32.28s type=Manual child_fresh=Nones e2e=Nones streamed_lat 6->5s lag 110959->356083
  [lag] 2026-08-12T17:16:56Z raw=1377996743 behind=5s lag_rows=654201
  [quotes_typed]  32.33s type=Manual child_fresh=Nones e2e=Nones streamed_lat 5->4s lag 1049633->0
  [quotes_daily]  32.91s type=Manual child_fresh=41s e2e=45s streamed_lat 5->4s lag 475055->483767
  [lag] 2026-08-12T17:17:56Z raw=1435958550 behind=5s lag_rows=0
  [quotes_typed]  32.23s type=Manual child_fresh=Nones e2e=Nones streamed_lat 4->6s lag 925137->2840214
  [quotes_daily]  32.83s type=Manual child_fresh=40s e2e=45s streamed_lat 4->5s lag 1876545->0
  [lag] 2026-08-12T17:18:56Z raw=1497484276 behind=5s lag_rows=489991
  [quotes_typed]  32.41s type=Manual child_fresh=Nones e2e=Nones streamed_lat 4->5s lag 0->353019
  [quotes_daily]  32.40s type=Manual child_fresh=38s e2e=43s streamed_lat 5->5s lag 349334->2152565
  [quotes_typed]  32.19s type=Manual child_fresh=Nones e2e=Nones streamed_lat 6->6s lag 512595->2421161
  [lag] 2026-08-12T17:19:56Z raw=1556028782 behind=5s lag_rows=760380
  [quotes_typed]  32.38s type=Manual child_fresh=Nones e2e=Nones streamed_lat 6->4s lag 1740670->0
  [quotes_daily]  32.52s type=Manual child_fresh=41s e2e=47s streamed_lat 6->6s lag 961048->1181990
  [quotes_typed]   4.14s type=Manual child_fresh=Nones e2e=Nones streamed_lat 4->5s lag 2010576->0
  [lag] 2026-08-12T17:20:56Z raw=1618064556 behind=5s lag_rows=1864183
  [quotes_typed]  32.15s type=Manual child_fresh=Nones e2e=Nones streamed_lat 5->5s lag 0->1266069
  [quotes_daily]  32.48s type=Manual child_fresh=39s e2e=45s streamed_lat 5->6s lag 959186->890863
  [lag] 2026-08-12T17:21:56Z raw=1677545194 behind=5s lag_rows=250102
  [quotes_typed]  32.23s type=Manual child_fresh=Nones e2e=Nones streamed_lat 5->6s lag 35242->2316083
  [quotes_daily]  32.65s type=Manual child_fresh=38s e2e=42s streamed_lat 4->4s lag 99234->0
  [quotes_typed]  33.14s type=Manual child_fresh=Nones e2e=Nones streamed_lat 4->3s lag 0->658313
  [lag] 2026-08-12T17:22:56Z raw=1736480011 behind=4s lag_rows=0
  [quotes_typed]  32.20s type=Manual child_fresh=Nones e2e=Nones streamed_lat 4->6s lag 0->1809339
  [quotes_daily]  32.90s type=Manual child_fresh=43s e2e=47s streamed_lat 4->4s lag 29318->33265
  [lag] 2026-08-12T17:23:56Z raw=1798571503 behind=5s lag_rows=136405
  [quotes_typed]  16.21s type=Manual child_fresh=Nones e2e=Nones streamed_lat 4->5s lag 33265->0
  [quotes_daily]  32.64s type=Manual child_fresh=39s e2e=43s streamed_lat 5->4s lag 380399->0
  [quotes_typed]  32.05s type=Manual child_fresh=Nones e2e=Nones streamed_lat 4->7s lag 0->2618196
  [lag] 2026-08-12T17:24:56Z raw=1856969064 behind=6s lag_rows=722536
  [quotes_typed]  32.37s type=Manual child_fresh=Nones e2e=Nones streamed_lat 5->6s lag 0->1113969
  [quotes_daily]  32.91s type=Manual child_fresh=41s e2e=46s streamed_lat 6->5s lag 1087055->2111175
  [lag] 2026-08-12T17:25:56Z raw=1915637603 behind=5s lag_rows=0
  [quotes_typed]  32.61s type=Manual child_fresh=Nones e2e=Nones streamed_lat 4->5s lag 0->279884
  [quotes_daily]  32.56s type=Manual child_fresh=38s e2e=44s streamed_lat 5->6s lag 0->972175
  [quotes_typed]  32.44s type=Manual child_fresh=Nones e2e=Nones streamed_lat 4->5s lag 39571->542274
  [lag] 2026-08-12T17:26:56Z raw=1982226807 behind=7s lag_rows=798284
  [quotes_typed]  32.65s type=Manual child_fresh=Nones e2e=Nones streamed_lat 7->4s lag 3841825->0
  [quotes_daily]  33.33s type=Manual child_fresh=48s e2e=53s streamed_lat 6->5s lag 569726->320990
  [lag] 2026-08-12T17:27:56Z raw=2038801779 behind=4s lag_rows=0
  [quotes_typed]  32.27s type=Manual child_fresh=Nones e2e=Nones streamed_lat 5->3s lag 531268->221256
  [quotes_daily]  32.52s type=Manual child_fresh=42s e2e=46s streamed_lat 4->4s lag 0->19839
  [lag] 2026-08-12T17:28:56Z raw=2100421219 behind=4s lag_rows=911058
  [quotes_typed]  32.56s type=Manual child_fresh=Nones e2e=Nones streamed_lat 5->4s lag 405122->47312
  [quotes_daily]  32.49s type=Manual child_fresh=39s e2e=45s streamed_lat 4->6s lag 946041->178042
  [quotes_typed]  32.64s type=Manual child_fresh=Nones e2e=Nones streamed_lat 4->5s lag 0->1750800
  [lag] 2026-08-12T17:29:56Z raw=2161863271 behind=4s lag_rows=64471
  [quotes_daily]  32.51s type=Manual child_fresh=43s e2e=48s streamed_lat 5->5s lag 1121525->72179
  [quotes_typed]  32.26s type=Manual child_fresh=Nones e2e=Nones streamed_lat 5->4s lag 0->0
  [lag] 2026-08-12T17:30:56Z raw=2215848624 behind=4s lag_rows=0
  [quotes_typed]  32.35s type=Manual child_fresh=Nones e2e=Nones streamed_lat 4->4s lag 1027753->27388
  [quotes_daily]  32.53s type=Manual child_fresh=40s e2e=44s streamed_lat 4->4s lag 0->43319
  [quotes_typed]   1.18s type=Manual child_fresh=Nones e2e=Nones streamed_lat 4->4s lag 421019->0
  [lag] 2026-08-12T17:31:56Z raw=2275013923 behind=6s lag_rows=3185400
  [quotes_typed]  32.64s type=Manual child_fresh=Nones e2e=Nones streamed_lat 5->5s lag 0->2036346
  [quotes_daily]  32.75s type=Manual child_fresh=43s e2e=48s streamed_lat 5->5s lag 562420->2121301
  [quotes_typed]   1.31s type=Manual child_fresh=Nones e2e=Nones streamed_lat 5->5s lag 89209->1133297
  [quotes_typed]   1.94s type=Manual child_fresh=Nones e2e=Nones streamed_lat 5->5s lag 55878->1346614
  [lag] 2026-08-12T17:32:56Z raw=2340881058 behind=5s lag_rows=93034
  [quotes_daily]  32.52s type=Manual child_fresh=41s e2e=45s streamed_lat 5->4s lag 240640->40631
  [quotes_typed]  32.21s type=Manual child_fresh=Nones e2e=Nones streamed_lat 4->4s lag 40299->1148747
  [quotes_typed]   2.19s type=Manual child_fresh=Nones e2e=Nones streamed_lat 4->5s lag 62008->0
  [lag] 2026-08-12T17:33:56Z raw=2399450919 behind=6s lag_rows=142828
  [quotes_daily]  32.55s type=Manual child_fresh=53s e2e=58s streamed_lat 5->5s lag 310507->678380
  [quotes_daily] WARN: refresh exceeded the 60s cadence by 1.8s; next fires immediately.
  [quotes_typed]  32.35s type=Manual child_fresh=Nones e2e=Nones streamed_lat 5->5s lag 68713->2165274
  [lag] 2026-08-12T17:34:56Z raw=2459960561 behind=5s lag_rows=605987
  [quotes_daily]  32.52s type=Manual child_fresh=42s e2e=46s streamed_lat 5->4s lag 80910->589516
  [quotes_typed]  32.37s type=Manual child_fresh=Nones e2e=Nones streamed_lat 4->5s lag 77164->198725
  [lag] 2026-08-12T17:35:56Z raw=2519271398 behind=6s lag_rows=633267
  [quotes_typed]  32.51s type=Manual child_fresh=Nones e2e=Nones streamed_lat 5->5s lag 181934->1660583
  [quotes_daily]  32.50s type=Manual child_fresh=44s e2e=48s streamed_lat 5->4s lag 226549->136378
  [lag] 2026-08-12T17:36:56Z raw=2577153356 behind=4s lag_rows=0
  [quotes_typed]  32.61s type=Manual child_fresh=Nones e2e=Nones streamed_lat 5->7s lag 100895->1994840
  [quotes_daily]  32.54s type=Manual child_fresh=42s e2e=47s streamed_lat 4->5s lag 0->28186
  [lag] 2026-08-12T17:37:56Z raw=2635450161 behind=4s lag_rows=0
  [quotes_typed]  32.23s type=Manual child_fresh=Nones e2e=Nones streamed_lat 6->4s lag 1488479->0
  [quotes_daily]  32.53s type=Manual child_fresh=40s e2e=44s streamed_lat 5->4s lag 700688->890489
  [quotes_typed]  32.22s type=Manual child_fresh=Nones e2e=Nones streamed_lat 4->4s lag 0->0
  [lag] 2026-08-12T17:38:56Z raw=2696652428 behind=5s lag_rows=0
  [quotes_typed]   2.21s type=Manual child_fresh=Nones e2e=Nones streamed_lat 4->5s lag 239080->1571803
  [quotes_daily]   2.54s type=Manual child_fresh=14s e2e=20s streamed_lat 5->6s lag 652569->2552722
  [quotes_typed]  31.94s type=Manual child_fresh=Nones e2e=Nones streamed_lat 5->5s lag 784468->0
  [lag] 2026-08-12T17:39:56Z raw=2755615180 behind=5s lag_rows=0
  [quotes_typed]  32.24s type=Manual child_fresh=Nones e2e=Nones streamed_lat 4->4s lag 0->54067
  [quotes_daily]  32.47s type=Manual child_fresh=40s e2e=45s streamed_lat 5->5s lag 844650->0
  [quotes_typed]   9.23s type=Manual child_fresh=Nones e2e=Nones streamed_lat 6->5s lag 1036344->410002
  [lag] 2026-08-12T17:40:56Z raw=2816559414 behind=4s lag_rows=0
  [quotes_typed]   1.21s type=Manual child_fresh=Nones e2e=Nones streamed_lat 5->5s lag 485984->25821
  [quotes_typed]  32.44s type=Manual child_fresh=Nones e2e=Nones streamed_lat 4->5s lag 1795065->857287
  [quotes_daily]  32.61s type=Manual child_fresh=46s e2e=51s streamed_lat 7->5s lag 370622->871898
  [lag] 2026-08-12T17:41:56Z raw=2878688331 behind=4s lag_rows=111184
  [quotes_typed]  32.48s type=Manual child_fresh=Nones e2e=Nones streamed_lat 5->5s lag 350509->828692
  [quotes_daily]  32.60s type=Manual child_fresh=39s e2e=44s streamed_lat 5->5s lag 0->324776
  [lag] 2026-08-12T17:42:56Z raw=2935899582 behind=4s lag_rows=0
  [quotes_typed]  32.30s type=Manual child_fresh=Nones e2e=Nones streamed_lat 5->6s lag 543012->0
  [quotes_daily]  32.63s type=Manual child_fresh=40s e2e=46s streamed_lat 5->6s lag 1163126->3142487
  [lag] 2026-08-12T17:43:56Z raw=2996360635 behind=4s lag_rows=62266
  [quotes_typed]  32.49s type=Manual child_fresh=Nones e2e=Nones streamed_lat 5->4s lag 1866386->43396
  [quotes_daily]  32.71s type=Manual child_fresh=40s e2e=46s streamed_lat 5->6s lag 1182849->3170571
  [quotes_typed]  32.50s type=Manual child_fresh=Nones e2e=Nones streamed_lat 5->4s lag 1291379->0
  [lag] 2026-08-12T17:44:56Z raw=3058259312 behind=4s lag_rows=382728
  [quotes_typed]  32.61s type=Manual child_fresh=Nones e2e=Nones streamed_lat 4->6s lag 244913->70850
  [quotes_daily]  33.77s type=Manual child_fresh=47s e2e=52s streamed_lat 4->5s lag 51123->0
  [quotes_typed]   4.34s type=Manual child_fresh=Nones e2e=Nones streamed_lat 5->4s lag 95399->1469505
  [lag] 2026-08-12T17:45:56Z raw=3117223708 behind=5s lag_rows=333636
  [quotes_daily]  32.83s type=Manual child_fresh=44s e2e=49s streamed_lat 5->5s lag 1328404->623753
  [quotes_typed]  32.35s type=Manual child_fresh=Nones e2e=Nones streamed_lat 5->4s lag 700148->97233
  [lag] 2026-08-12T17:46:56Z raw=3177733315 behind=5s lag_rows=265370
  [quotes_typed]  32.32s type=Manual child_fresh=Nones e2e=Nones streamed_lat 4->5s lag 0->38262
  [quotes_daily]  32.82s type=Manual child_fresh=42s e2e=48s streamed_lat 5->6s lag 198958->1839670
  [lag] 2026-08-12T17:47:56Z raw=3238058205 behind=5s lag_rows=147987
  [quotes_typed]  32.98s type=Manual child_fresh=Nones e2e=Nones streamed_lat 7->7s lag 1350831->3906277
  [quotes_daily]  16.72s type=Manual child_fresh=26s e2e=33s streamed_lat 6->7s lag 2625814->706990
  [quotes_typed]  32.33s type=Manual child_fresh=Nones e2e=Nones streamed_lat 6->5s lag 0->14715
  [lag] 2026-08-12T17:48:56Z raw=3295105265 behind=5s lag_rows=0
  [quotes_daily]  32.60s type=Manual child_fresh=42s e2e=47s streamed_lat 6->5s lag 1783799->1916334
  [quotes_typed]  32.36s type=Manual child_fresh=Nones e2e=Nones streamed_lat 5->4s lag 0->0
  [lag] 2026-08-12T17:49:56Z raw=3357016301 behind=4s lag_rows=21347
  [quotes_typed]  32.44s type=Manual child_fresh=Nones e2e=Nones streamed_lat 5->4s lag 2027206->130903
  [quotes_daily]  32.59s type=Manual child_fresh=38s e2e=43s streamed_lat 4->5s lag 0->89433
  [quotes_typed]  16.57s type=Manual child_fresh=Nones e2e=Nones streamed_lat 4->6s lag 0->8759
  [lag] 2026-08-12T17:50:56Z raw=3416172884 behind=6s lag_rows=27970
  [quotes_typed]  32.26s type=Manual child_fresh=Nones e2e=Nones streamed_lat 5->8s lag 0->3783851
  [quotes_daily]  33.08s type=Manual child_fresh=46s e2e=52s streamed_lat 5->6s lag 0->520698
  [quotes_typed]   1.19s type=Manual child_fresh=Nones e2e=Nones streamed_lat 6->8s lag 0->351844
  [lag] 2026-08-12T17:51:56Z raw=3474774125 behind=8s lag_rows=1884218
  [quotes_typed]  32.25s type=Manual child_fresh=Nones e2e=Nones streamed_lat 7->6s lag 217283->747854
  [quotes_daily]  32.65s type=Manual child_fresh=40s e2e=47s streamed_lat 8->7s lag 654025->2405649
  [lag] 2026-08-12T17:52:56Z raw=3532885636 behind=6s lag_rows=0
  [quotes_typed]  32.55s type=Manual child_fresh=Nones e2e=Nones streamed_lat 6->5s lag 0->112322
  [quotes_daily]  32.79s type=Manual child_fresh=41s e2e=46s streamed_lat 6->5s lag 596448->135971
  [lag] 2026-08-12T17:53:56Z raw=3597771638 behind=5s lag_rows=2203902
  [quotes_typed]  32.39s type=Manual child_fresh=Nones e2e=Nones streamed_lat 5->4s lag 42423->27681
  [quotes_daily]  32.67s type=Manual child_fresh=40s e2e=44s streamed_lat 5->4s lag 1474236->0
  [quotes_typed]  32.57s type=Manual child_fresh=Nones e2e=Nones streamed_lat 4->5s lag 16381->2577930
  [lag] 2026-08-12T17:54:56Z raw=3657666039 behind=5s lag_rows=0
  [quotes_typed]   2.27s type=Manual child_fresh=Nones e2e=Nones streamed_lat 5->5s lag 699927->0
  [quotes_daily]  32.93s type=Manual child_fresh=43s e2e=51s streamed_lat 5->8s lag 409456->587375
  [quotes_typed]  32.61s type=Manual child_fresh=Nones e2e=Nones streamed_lat 5->8s lag 0->5263523
  [lag] 2026-08-12T17:55:56Z raw=3715974615 behind=10s lag_rows=2816573
  [quotes_typed]   2.26s type=Manual child_fresh=Nones e2e=Nones streamed_lat 7->7s lag 45619->56823
  [quotes_daily]  32.90s type=Manual child_fresh=43s e2e=50s streamed_lat 8->7s lag 622997->423205
  [quotes_typed]  32.27s type=Manual child_fresh=Nones e2e=Nones streamed_lat 8->5s lag 1486795->0
  [lag] 2026-08-12T17:56:56Z raw=3777212799 behind=4s lag_rows=0
  [quotes_typed]  32.49s type=Manual child_fresh=Nones e2e=Nones streamed_lat 5->4s lag 294926->0
  [quotes_daily]  32.73s type=Manual child_fresh=41s e2e=45s streamed_lat 4->4s lag 0->763847
  [lag] 2026-08-12T17:57:56Z raw=3836022857 behind=5s lag_rows=305362
  [quotes_typed]  32.32s type=Manual child_fresh=Nones e2e=Nones streamed_lat 6->5s lag 248066->643501
  [quotes_daily]  32.84s type=Manual child_fresh=42s e2e=47s streamed_lat 4->5s lag 0->42449
  [quotes_typed]  32.47s type=Manual child_fresh=Nones e2e=Nones streamed_lat 4->5s lag 54102->0
  [lag] 2026-08-12T17:58:56Z raw=3896896369 behind=4s lag_rows=0
  [quotes_typed]  32.23s type=Manual child_fresh=Nones e2e=Nones streamed_lat 5->5s lag 267665->303953
  [quotes_daily]  32.69s type=Manual child_fresh=42s e2e=47s streamed_lat 5->5s lag 713320->481867
  [lag] 2026-08-12T17:59:56Z raw=3957455995 behind=4s lag_rows=452167
  [quotes_typed]   8.06s type=Manual child_fresh=Nones e2e=Nones streamed_lat 5->5s lag 375686->1641960
  [quotes_daily]  32.94s type=Manual child_fresh=38s e2e=43s streamed_lat 4->5s lag 0->0
  [quotes_typed]  32.16s type=Manual child_fresh=Nones e2e=Nones streamed_lat 6->5s lag 3177955->150878
  [lag] 2026-08-12T18:00:56Z raw=4018720503 behind=5s lag_rows=907093
  [quotes_typed]  32.28s type=Manual child_fresh=Nones e2e=Nones streamed_lat 5->4s lag 68048->0
  [quotes_daily]  34.16s type=Manual child_fresh=40s e2e=45s streamed_lat 5->5s lag 0->0
  [lag] 2026-08-12T18:01:56Z raw=4075811879 behind=6s lag_rows=1049962
  [quotes_typed]  32.08s type=Manual child_fresh=Nones e2e=Nones streamed_lat 4->5s lag 0->449182
  [quotes_daily]   8.98s type=Manual child_fresh=16s e2e=20s streamed_lat 5->4s lag 234769->0
  [lag] 2026-08-12T18:02:56Z raw=4138360070 behind=5s lag_rows=454545
  [quotes_typed]  32.50s type=Manual child_fresh=Nones e2e=Nones streamed_lat 4->5s lag 506830->641390
  [quotes_daily]  32.70s type=Manual child_fresh=37s e2e=42s streamed_lat 4->5s lag 0->1108901
  [quotes_typed]  32.64s type=Manual child_fresh=Nones e2e=Nones streamed_lat 5->6s lag 156161->1273537
  [lag] 2026-08-12T18:03:56Z raw=4197667842 behind=5s lag_rows=164214
  [quotes_typed]  32.46s type=Manual child_fresh=Nones e2e=Nones streamed_lat 6->5s lag 964932->2400391
  [quotes_daily]  32.75s type=Manual child_fresh=38s e2e=42s streamed_lat 5->4s lag 2122651->270127
  [quotes_typed]   8.10s type=Manual child_fresh=Nones e2e=Nones streamed_lat 5->5s lag 793887->753796
  [lag] 2026-08-12T18:04:56Z raw=4256505728 behind=4s lag_rows=33202
  [quotes_typed]  32.07s type=Manual child_fresh=Nones e2e=Nones streamed_lat 4->4s lag 45494->0
  [quotes_daily]  32.86s type=Manual child_fresh=44s e2e=50s streamed_lat 4->6s lag 0->1616396
  [lag] 2026-08-12T18:05:56Z raw=4316545920 behind=5s lag_rows=1562623
  [quotes_typed]  32.26s type=Manual child_fresh=Nones e2e=Nones streamed_lat 5->5s lag 997952->213501
  [quotes_daily]  32.67s type=Manual child_fresh=41s e2e=48s streamed_lat 5->7s lag 363428->4286087
  [quotes_typed]  33.31s type=Manual child_fresh=Nones e2e=Nones streamed_lat 6->6s lag 577638->27690
  [lag] 2026-08-12T18:06:56Z raw=4376007004 behind=6s lag_rows=158663
  [quotes_daily]   3.63s type=Manual child_fresh=16s e2e=23s streamed_lat 6->7s lag 6199->0
  [quotes_typed]  32.11s type=Manual child_fresh=Nones e2e=Nones streamed_lat 5->8s lag 0->171650
  [lag] 2026-08-12T18:07:56Z raw=4435925629 behind=6s lag_rows=532857
  [quotes_typed]  32.06s type=Manual child_fresh=Nones e2e=Nones streamed_lat 7->5s lag 1481862->740860
  [quotes_daily]  33.43s type=Manual child_fresh=41s e2e=45s streamed_lat 6->4s lag 462781->0
  [lag] 2026-08-12T18:08:56Z raw=4500227501 behind=4s lag_rows=393917
  [quotes_typed]  32.54s type=Manual child_fresh=Nones e2e=Nones streamed_lat 4->4s lag 78047->170757
  [quotes_daily]   4.97s type=Manual child_fresh=17s e2e=22s streamed_lat 4->5s lag 60537->56725
  [quotes_typed]  32.42s type=Manual child_fresh=Nones e2e=Nones streamed_lat 5->5s lag 29675->1351369
  [lag] 2026-08-12T18:09:56Z raw=4565884264 behind=5s lag_rows=1423645
  [quotes_daily]  32.83s type=Manual child_fresh=42s e2e=46s streamed_lat 6->4s lag 61989->82846
  [quotes_typed]  32.25s type=Manual child_fresh=Nones e2e=Nones streamed_lat 5->5s lag 0->976090
  [lag] 2026-08-12T18:10:56Z raw=4615408908 behind=4s lag_rows=0
  [quotes_typed]  32.30s type=Manual child_fresh=Nones e2e=Nones streamed_lat 5->5s lag 54904->0
  [quotes_daily]  32.81s type=Manual child_fresh=41s e2e=45s streamed_lat 5->4s lag 753112->0
  [lag] 2026-08-12T18:11:56Z raw=4674254376 behind=6s lag_rows=51787
  [quotes_typed]  32.97s type=Manual child_fresh=Nones e2e=Nones streamed_lat 4->5s lag 804592->159759
  [quotes_daily]  32.84s type=Manual child_fresh=37s e2e=41s streamed_lat 6->4s lag 0->806366
  [lag] 2026-08-12T18:12:56Z raw=4737453147 behind=6s lag_rows=53759
  [quotes_typed]  32.40s type=Manual child_fresh=Nones e2e=Nones streamed_lat 4->5s lag 0->145522
  [quotes_daily]  32.74s type=Manual child_fresh=40s e2e=46s streamed_lat 6->6s lag 1541505->134022
  [quotes_typed]  33.14s type=Manual child_fresh=Nones e2e=Nones streamed_lat 4->7s lag 0->384936
  [lag] 2026-08-12T18:13:56Z raw=4796842435 behind=5s lag_rows=1467818
  [quotes_typed]  32.26s type=Manual child_fresh=Nones e2e=Nones streamed_lat 6->4s lag 421213->643681
  [quotes_daily]  32.73s type=Manual child_fresh=42s e2e=48s streamed_lat 5->6s lag 386930->908111
  [lag] 2026-08-12T18:14:56Z raw=4857079252 behind=3s lag_rows=0
  [quotes_typed]  32.14s type=Manual child_fresh=Nones e2e=Nones streamed_lat 4->4s lag 0->0
  [quotes_daily]  32.82s type=Manual child_fresh=40s e2e=47s streamed_lat 4->7s lag 402705->4186695
  [quotes_typed]  32.16s type=Manual child_fresh=Nones e2e=Nones streamed_lat 6->4s lag 408274->0
  [lag] 2026-08-12T18:15:56Z raw=4918044309 behind=4s lag_rows=0
  [quotes_typed]  32.16s type=Manual child_fresh=Nones e2e=Nones streamed_lat 4->4s lag 701665->0
  [quotes_daily]  32.78s type=Manual child_fresh=41s e2e=45s streamed_lat 4->4s lag 488085->0
  [lag] 2026-08-12T18:16:56Z raw=4974654769 behind=5s lag_rows=0
  [quotes_typed]  32.68s type=Manual child_fresh=Nones e2e=Nones streamed_lat 5->5s lag 0->0
  [quotes_daily]  32.77s type=Manual child_fresh=40s e2e=44s streamed_lat 5->4s lag 339974->140430
  [lag] 2026-08-12T18:17:56Z raw=5036220246 behind=5s lag_rows=603283
  [quotes_typed]  32.12s type=Manual child_fresh=Nones e2e=Nones streamed_lat 5->4s lag 2344632->0
  [quotes_daily]  33.09s type=Manual child_fresh=44s e2e=48s streamed_lat 5->4s lag 191225->22809
  [quotes_typed]  32.31s type=Manual child_fresh=Nones e2e=Nones streamed_lat 5->4s lag 1571704->161100
  [lag] 2026-08-12T18:18:56Z raw=5096333370 behind=4s lag_rows=35199
  [quotes_typed]  32.21s type=Manual child_fresh=Nones e2e=Nones streamed_lat 4->4s lag 0->37588
  [quotes_daily]  32.65s type=Manual child_fresh=40s e2e=46s streamed_lat 5->6s lag 1108057->2426150
  [lag] 2026-08-12T18:19:56Z raw=5156178872 behind=6s lag_rows=742738
  [quotes_typed]  32.30s type=Manual child_fresh=Nones e2e=Nones streamed_lat 5->5s lag 0->897588
  [quotes_daily]  32.77s type=Manual child_fresh=37s e2e=41s streamed_lat 5->4s lag 154811->0
  [lag] 2026-08-12T18:20:56Z raw=5217024146 behind=4s lag_rows=721942
  [quotes_typed]  32.14s type=Manual child_fresh=Nones e2e=Nones streamed_lat 4->4s lag 0->171913
  [quotes_daily]  33.07s type=Manual child_fresh=43s e2e=48s streamed_lat 4->5s lag 0->420686
  [quotes_typed]  32.44s type=Manual child_fresh=Nones e2e=Nones streamed_lat 5->4s lag 2130801->0
  [lag] 2026-08-12T18:21:56Z raw=5276093369 behind=5s lag_rows=1951802
  [quotes_typed]  32.38s type=Manual child_fresh=Nones e2e=Nones streamed_lat 5->5s lag 1032018->194443
  [quotes_daily]  32.84s type=Manual child_fresh=42s e2e=46s streamed_lat 5->4s lag 1155191->0
  [quotes_typed]   4.23s type=Manual child_fresh=Nones e2e=Nones streamed_lat 5->5s lag 255658->0
  [lag] 2026-08-12T18:22:56Z raw=5335260907 behind=4s lag_rows=0
  [quotes_typed]  32.03s type=Manual child_fresh=Nones e2e=Nones streamed_lat 5->4s lag 0->0
  [quotes_daily]  32.94s type=Manual child_fresh=41s e2e=47s streamed_lat 4->6s lag 113895->34798
  [lag] 2026-08-12T18:23:56Z raw=5397178104 behind=4s lag_rows=45695
  [quotes_typed]  32.29s type=Manual child_fresh=Nones e2e=Nones streamed_lat 5->4s lag 67609->44244
  [quotes_daily]  33.02s type=Manual child_fresh=38s e2e=43s streamed_lat 4->5s lag 45695->70770
  [quotes_typed]  32.34s type=Manual child_fresh=Nones e2e=Nones streamed_lat 6->5s lag 3876650->387461
  [lag] 2026-08-12T18:24:56Z raw=5459375312 behind=5s lag_rows=199685
  [quotes_typed]  32.21s type=Manual child_fresh=Nones e2e=Nones streamed_lat 5->5s lag 41492->966110
  [quotes_daily]  32.80s type=Manual child_fresh=43s e2e=47s streamed_lat 5->4s lag 555861->0
  [quotes_typed]   1.36s type=Manual child_fresh=Nones e2e=Nones streamed_lat 4->5s lag 0->0
  [lag] 2026-08-12T18:25:56Z raw=5517027089 behind=5s lag_rows=0
  [quotes_typed]  32.11s type=Manual child_fresh=Nones e2e=Nones streamed_lat 7->6s lag 1033600->808727
  [quotes_daily]  33.06s type=Manual child_fresh=46s e2e=51s streamed_lat 6->5s lag 372862->0
  [lag] 2026-08-12T18:26:56Z raw=5574102182 behind=9s lag_rows=2867853
  [quotes_typed]  32.18s type=Manual child_fresh=Nones e2e=Nones streamed_lat 7->5s lag 1174048->0
  [quotes_daily]  33.46s type=Manual child_fresh=43s e2e=48s streamed_lat 8->5s lag 2249333->2242950
  [lag] 2026-08-12T18:27:56Z raw=5641464796 behind=5s lag_rows=911603
  [quotes_typed]  32.24s type=Manual child_fresh=Nones e2e=Nones streamed_lat 5->4s lag 2042841->42074
  [quotes_daily]  33.22s type=Manual child_fresh=40s e2e=45s streamed_lat 5->5s lag 1911186->342167
  [quotes_typed]  32.18s type=Manual child_fresh=Nones e2e=Nones streamed_lat 4->5s lag 0->752738
  [lag] 2026-08-12T18:28:56Z raw=5696593509 behind=5s lag_rows=922628
  [quotes_typed]  32.24s type=Manual child_fresh=Nones e2e=Nones streamed_lat 5->5s lag 589->833864
  [quotes_daily]  33.03s type=Manual child_fresh=47s e2e=51s streamed_lat 4->4s lag 0->0
  [quotes_typed]   1.20s type=Manual child_fresh=Nones e2e=Nones streamed_lat 5->5s lag 904003->1220675
  [lag] 2026-08-12T18:29:56Z raw=5756592445 behind=5s lag_rows=273099
  [quotes_typed]   0.87s type=Manual child_fresh=Nones e2e=Nones streamed_lat 4->4s lag 0->0
  [quotes_daily]   5.15s type=Manual child_fresh=14s e2e=18s streamed_lat 5->4s lag 34045->0
  [quotes_typed]   7.97s type=Manual child_fresh=Nones e2e=Nones streamed_lat 4->5s lag 281374->0
  [lag] 2026-08-12T18:30:56Z raw=5817224468 behind=4s lag_rows=28482
  [quotes_typed]  31.99s type=Manual child_fresh=Nones e2e=Nones streamed_lat 4->6s lag 0->299618
  [quotes_daily]   4.78s type=Manual child_fresh=14s e2e=19s streamed_lat 4->5s lag 28482->193327
  [quotes_typed]  32.36s type=Manual child_fresh=Nones e2e=Nones streamed_lat 6->5s lag 1505567->138539
  [lag] 2026-08-12T18:31:56Z raw=5877659702 behind=4s lag_rows=1972178
  [quotes_typed]   1.34s type=Manual child_fresh=Nones e2e=Nones streamed_lat 5->4s lag 146050->0
  [quotes_daily]  32.79s type=Manual child_fresh=38s e2e=42s streamed_lat 5->4s lag 0->0
  [quotes_typed]  32.20s type=Manual child_fresh=Nones e2e=Nones streamed_lat 4->7s lag 0->2183165
  [lag] 2026-08-12T18:32:56Z raw=5938145051 behind=5s lag_rows=704870
  [quotes_typed]  32.29s type=Manual child_fresh=Nones e2e=Nones streamed_lat 5->5s lag 748058->88195
  [quotes_daily]  33.15s type=Manual child_fresh=47s e2e=51s streamed_lat 5->4s lag 1801164->40816
  [lag] 2026-08-12T18:33:56Z raw=5996169636 behind=4s lag_rows=0
  [quotes_typed]  32.50s type=Manual child_fresh=Nones e2e=Nones streamed_lat 5->5s lag 620849->622122
  [quotes_daily]  32.89s type=Manual child_fresh=47s e2e=52s streamed_lat 5->5s lag 884181->392534
  [lag] 2026-08-12T18:34:56Z raw=6056692375 behind=5s lag_rows=114541
  [quotes_typed]  32.61s type=Manual child_fresh=Nones e2e=Nones streamed_lat 5->4s lag 64490->0
  [quotes_daily]  32.91s type=Manual child_fresh=42s e2e=47s streamed_lat 5->5s lag 23029->0
  [lag] 2026-08-12T18:35:56Z raw=6114739076 behind=5s lag_rows=0
  [quotes_typed]  32.37s type=Manual child_fresh=Nones e2e=Nones streamed_lat 4->4s lag 1631476->141015
  [quotes_daily]  32.90s type=Manual child_fresh=41s e2e=48s streamed_lat 4->7s lag 295141->961171
  [quotes_typed]  32.22s type=Manual child_fresh=Nones e2e=Nones streamed_lat 4->6s lag 0->2358129
  [lag] 2026-08-12T18:36:56Z raw=6174924637 behind=5s lag_rows=0
  [quotes_daily]  33.26s type=Manual child_fresh=41s e2e=45s streamed_lat 6->4s lag 1133702->0
  [quotes_typed]  32.44s type=Manual child_fresh=Nones e2e=Nones streamed_lat 5->5s lag 66857->77370
  [lag] 2026-08-12T18:37:56Z raw=6233362020 behind=6s lag_rows=137513
  [quotes_typed]  32.23s type=Manual child_fresh=Nones e2e=Nones streamed_lat 6->6s lag 895804->0
  [quotes_daily]  32.85s type=Manual child_fresh=41s e2e=47s streamed_lat 6->6s lag 387329->3341660
  [lag] 2026-08-12T18:38:56Z raw=6294445947 behind=5s lag_rows=0
  [quotes_typed]  32.42s type=Manual child_fresh=Nones e2e=Nones streamed_lat 7->5s lag 29930->0
  [quotes_daily]  33.06s type=Manual child_fresh=40s e2e=47s streamed_lat 7->7s lag 2571804->1260855
  [quotes_typed]  32.55s type=Manual child_fresh=Nones e2e=Nones streamed_lat 5->7s lag 0->398051
  [lag] 2026-08-12T18:39:56Z raw=6357771815 behind=7s lag_rows=377183
  [quotes_typed]  32.46s type=Manual child_fresh=Nones e2e=Nones streamed_lat 9->8s lag 2109677->1375250
  [quotes_daily]  33.06s type=Manual child_fresh=45s e2e=51s streamed_lat 8->6s lag 867371->678747
  [lag] 2026-08-12T18:40:56Z raw=6416200136 behind=5s lag_rows=64344
  [quotes_typed]  32.23s type=Manual child_fresh=Nones e2e=Nones streamed_lat 6->4s lag 107999->0
  [quotes_daily]  33.20s type=Manual child_fresh=40s e2e=45s streamed_lat 5->5s lag 1302984->1810520
  [lag] 2026-08-12T18:41:56Z raw=6476512538 behind=5s lag_rows=1399057
  [quotes_typed]  32.37s type=Manual child_fresh=Nones e2e=Nones streamed_lat 5->5s lag 1770473->0
  [quotes_daily]  32.89s type=Manual child_fresh=38s e2e=43s streamed_lat 4->5s lag 0->921874
  [quotes_typed]  32.41s type=Manual child_fresh=Nones e2e=Nones streamed_lat 6->4s lag 150011->0
  [lag] 2026-08-12T18:42:56Z raw=6538406097 behind=6s lag_rows=448796
  [quotes_daily]   5.00s type=Manual child_fresh=13s e2e=18s streamed_lat 6->5s lag 861667->1426466
  [quotes_typed]  33.07s type=Manual child_fresh=Nones e2e=Nones streamed_lat 6->6s lag 384870->256694
  [lag] 2026-08-12T18:43:56Z raw=6594458401 behind=5s lag_rows=0
  [quotes_typed]  32.25s type=Manual child_fresh=Nones e2e=Nones streamed_lat 6->6s lag 368506->2307841
  [quotes_daily]  32.91s type=Manual child_fresh=40s e2e=46s streamed_lat 7->6s lag 1890341->3152263
  [lag] 2026-08-12T18:44:56Z raw=6655154220 behind=6s lag_rows=2776505
  [quotes_typed]  32.50s type=Manual child_fresh=Nones e2e=Nones streamed_lat 6->5s lag 556312->21235
  [quotes_daily]  32.90s type=Manual child_fresh=42s e2e=49s streamed_lat 6->7s lag 3234483->184272
  [lag] 2026-08-12T18:45:56Z raw=6719330372 behind=5s lag_rows=174700
  [quotes_typed]  32.28s type=Manual child_fresh=Nones e2e=Nones streamed_lat 6->5s lag 182807->508682
  [quotes_daily]  33.53s type=Manual child_fresh=42s e2e=47s streamed_lat 5->5s lag 724239->1235401
  [quotes_typed]  32.34s type=Manual child_fresh=Nones e2e=Nones streamed_lat 4->4s lag 46856->0
  [lag] 2026-08-12T18:46:56Z raw=6777970402 behind=5s lag_rows=1613352
  [quotes_daily]  32.90s type=Manual child_fresh=42s e2e=48s streamed_lat 5->6s lag 961193->1483655
  [quotes_typed]  32.33s type=Manual child_fresh=Nones e2e=Nones streamed_lat 4->5s lag 0->2345816
  [lag] 2026-08-12T18:47:56Z raw=6836168195 behind=5s lag_rows=95142
  [quotes_typed]  32.40s type=Manual child_fresh=Nones e2e=Nones streamed_lat 5->6s lag 792573->1797477
  [quotes_daily]  32.96s type=Manual child_fresh=39s e2e=44s streamed_lat 5->5s lag 0->65880
  [lag] 2026-08-12T18:48:56Z raw=6896519485 behind=4s lag_rows=101087
  [quotes_typed]  32.48s type=Manual child_fresh=Nones e2e=Nones streamed_lat 6->5s lag 0->752452
  [quotes_daily]   8.98s type=Manual child_fresh=17s e2e=22s streamed_lat 5->5s lag 65782->2962067
  [quotes_typed]  33.35s type=Manual child_fresh=Nones e2e=Nones streamed_lat 7->7s lag 3755131->717079
  [lag] 2026-08-12T18:49:56Z raw=6957748535 behind=5s lag_rows=1109771
  [quotes_typed]  32.54s type=Manual child_fresh=Nones e2e=Nones streamed_lat 5->4s lag 206836->120040
  [quotes_daily]  32.86s type=Manual child_fresh=44s e2e=48s streamed_lat 5->4s lag 282650->222090
  [lag] 2026-08-12T18:50:56Z raw=7018540902 behind=4s lag_rows=36625
  [quotes_typed]  32.81s type=Manual child_fresh=Nones e2e=Nones streamed_lat 4->4s lag 131052->151307
  [quotes_daily]  32.96s type=Manual child_fresh=39s e2e=43s streamed_lat 4->4s lag 50456->266273
  [lag] 2026-08-12T18:51:56Z raw=7076359058 behind=6s lag_rows=587150
  [quotes_typed]  32.23s type=Manual child_fresh=Nones e2e=Nones streamed_lat 4->4s lag 33335->0
  [quotes_daily]  32.91s type=Manual child_fresh=40s e2e=46s streamed_lat 4->6s lag 44873->467182
  [quotes_typed]  32.52s type=Manual child_fresh=Nones e2e=Nones streamed_lat 4->7s lag 0->4146663
  [lag] 2026-08-12T18:52:56Z raw=7134597681 behind=6s lag_rows=1313546
  [quotes_typed]  32.34s type=Manual child_fresh=Nones e2e=Nones streamed_lat 5->4s lag 0->14632
  [quotes_daily]  33.25s type=Manual child_fresh=39s e2e=43s streamed_lat 5->4s lag 0->19506
  [lag] 2026-08-12T18:53:56Z raw=7195067786 behind=4s lag_rows=0
  [quotes_typed]  32.27s type=Manual child_fresh=Nones e2e=Nones streamed_lat 5->5s lag 447308->1363450
  [quotes_daily]  33.43s type=Manual child_fresh=40s e2e=44s streamed_lat 6->4s lag 1123085->0
  [lag] 2026-08-12T18:54:56Z raw=7256928180 behind=4s lag_rows=0
  [quotes_typed]  32.49s type=Manual child_fresh=Nones e2e=Nones streamed_lat 4->4s lag 28794->0
  [quotes_daily]  32.99s type=Manual child_fresh=37s e2e=42s streamed_lat 5->5s lag 452162->1912639
  [quotes_typed]  33.03s type=Manual child_fresh=Nones e2e=Nones streamed_lat 4->6s lag 0->502486
  [lag] 2026-08-12T18:55:56Z raw=7319942054 behind=4s lag_rows=399287
  [quotes_typed]  32.56s type=Manual child_fresh=Nones e2e=Nones streamed_lat 4->5s lag 0->0
  [quotes_daily]  33.25s type=Manual child_fresh=44s e2e=49s streamed_lat 4->5s lag 614579->1582158
  [lag] 2026-08-12T18:56:56Z raw=7376844244 behind=5s lag_rows=821206
  [quotes_typed]  32.70s type=Manual child_fresh=Nones e2e=Nones streamed_lat 5->6s lag 694116->40527
  [quotes_daily]  32.96s type=Manual child_fresh=36s e2e=41s streamed_lat 5->5s lag 101314->0
  [lag] 2026-08-12T18:57:56Z raw=7433622838 behind=5s lag_rows=38587
  [quotes_typed]  33.09s type=Manual child_fresh=Nones e2e=Nones streamed_lat 6->5s lag 313206->19676
  [quotes_daily]  33.01s type=Manual child_fresh=40s e2e=45s streamed_lat 7->5s lag 1183349->0
  [quotes_typed]  32.76s type=Manual child_fresh=Nones e2e=Nones streamed_lat 5->5s lag 0->456629
  [lag] 2026-08-12T18:58:56Z raw=7494775569 behind=5s lag_rows=0
  [quotes_typed]   2.31s type=Manual child_fresh=Nones e2e=Nones streamed_lat 5->6s lag 0->1778368
  [quotes_daily]  32.94s type=Manual child_fresh=39s e2e=47s streamed_lat 5->8s lag 0->4512427
  [quotes_typed]  32.12s type=Manual child_fresh=Nones e2e=Nones streamed_lat 5->6s lag 0->119009
  [lag] 2026-08-12T18:59:56Z raw=7555930422 behind=6s lag_rows=995544
  [quotes_typed]  33.03s type=Manual child_fresh=Nones e2e=Nones streamed_lat 6->6s lag 322677->0
  [quotes_daily]  32.89s type=Manual child_fresh=46s e2e=51s streamed_lat 6->5s lag 62207->0
  [quotes_typed]   4.53s type=Manual child_fresh=Nones e2e=Nones streamed_lat 6->6s lag 970476->2567531
  [lag] 2026-08-12T19:00:56Z raw=7616355840 behind=6s lag_rows=611784
  [quotes_typed]  32.38s type=Manual child_fresh=Nones e2e=Nones streamed_lat 6->8s lag 3169756->161685
  [quotes_daily]  33.68s type=Manual child_fresh=46s e2e=53s streamed_lat 6->7s lag 315832->113593
  [lag] 2026-08-12T19:01:56Z raw=7675394739 behind=5s lag_rows=72160
  [quotes_typed]  32.30s type=Manual child_fresh=Nones e2e=Nones streamed_lat 10->5s lag 4039325->153891
  [quotes_daily]  33.25s type=Manual child_fresh=38s e2e=44s streamed_lat 6->6s lag 0->3405376
  [lag] 2026-08-12T19:02:56Z raw=7736760374 behind=6s lag_rows=1252197
  [quotes_typed]  32.14s type=Manual child_fresh=Nones e2e=Nones streamed_lat 5->6s lag 29432->64251
  [quotes_daily]  32.98s type=Manual child_fresh=45s e2e=54s streamed_lat 6->9s lag 369756->3722640
  [quotes_typed]  32.23s type=Manual child_fresh=Nones e2e=Nones streamed_lat 5->8s lag 103192->59796
  [lag] 2026-08-12T19:03:56Z raw=7794828706 behind=8s lag_rows=1284710
  [quotes_typed]  32.26s type=Manual child_fresh=Nones e2e=Nones streamed_lat 9->9s lag 797047->118638
  [quotes_daily]  33.17s type=Manual child_fresh=45s e2e=54s streamed_lat 8->9s lag 691956->523702
  [lag] 2026-08-12T19:04:56Z raw=7854171820 behind=10s lag_rows=1268279
  [quotes_typed]  32.25s type=Manual child_fresh=Nones e2e=Nones streamed_lat 9->10s lag 676667->6129250
  [quotes_daily]  33.40s type=Manual child_fresh=43s e2e=55s streamed_lat 9->12s lag 505268->0
  [quotes_typed]  32.03s type=Manual child_fresh=Nones e2e=Nones streamed_lat 11->6s lag 485005->266588
  [lag] 2026-08-12T19:05:56Z raw=7917328362 behind=5s lag_rows=294518
  [quotes_daily]  33.07s type=Manual child_fresh=43s e2e=50s streamed_lat 5->7s lag 1594823->2244860
  [quotes_typed]  32.64s type=Manual child_fresh=Nones e2e=Nones streamed_lat 5->5s lag 0->0
  [lag] 2026-08-12T19:06:56Z raw=7974717410 behind=6s lag_rows=1056677
  [quotes_typed]  32.31s type=Manual child_fresh=Nones e2e=Nones streamed_lat 6->6s lag 81410->17534
  [quotes_daily]  33.24s type=Manual child_fresh=44s e2e=50s streamed_lat 6->6s lag 530468->1523542
  [lag] 2026-08-12T19:07:56Z raw=8037161518 behind=4s lag_rows=52638
  [quotes_typed]  32.35s type=Manual child_fresh=Nones e2e=Nones streamed_lat 5->4s lag 0->21322
  [quotes_daily]  33.45s type=Manual child_fresh=40s e2e=45s streamed_lat 4->5s lag 27953->122890
  [lag] 2026-08-12T19:08:56Z raw=8100061412 behind=4s lag_rows=501704
  [quotes_typed]  32.02s type=Manual child_fresh=Nones e2e=Nones streamed_lat 4->4s lag 0->0
  [quotes_daily]  33.33s type=Manual child_fresh=39s e2e=43s streamed_lat 4->4s lag 397496->0
  [quotes_typed]  32.20s type=Manual child_fresh=Nones e2e=Nones streamed_lat 6->5s lag 528778->1404308
  [lag] 2026-08-12T19:09:56Z raw=8154317310 behind=7s lag_rows=1720739
  [quotes_daily]  33.31s type=Manual child_fresh=42s e2e=46s streamed_lat 6->4s lag 722512->0
  [quotes_typed]  32.24s type=Manual child_fresh=Nones e2e=Nones streamed_lat 6->5s lag 192484->2165078
  [lag] 2026-08-12T19:10:56Z raw=8219172797 behind=5s lag_rows=100935
  [quotes_typed]   8.15s type=Manual child_fresh=Nones e2e=Nones streamed_lat 5->6s lag 1202144->346355
  [quotes_daily]  32.99s type=Manual child_fresh=42s e2e=46s streamed_lat 5->4s lag 82961->149986
  [quotes_typed]  32.11s type=Manual child_fresh=Nones e2e=Nones streamed_lat 5->5s lag 99411->0
  [lag] 2026-08-12T19:11:56Z raw=8277498816 behind=5s lag_rows=0
  [quotes_typed]  32.27s type=Manual child_fresh=Nones e2e=Nones streamed_lat 5->5s lag 1972577->0
  [quotes_daily]  33.14s type=Manual child_fresh=42s e2e=48s streamed_lat 5->6s lag 435309->826922
  [lag] 2026-08-12T19:12:56Z raw=8335233595 behind=4s lag_rows=0
  [quotes_typed]  32.06s type=Manual child_fresh=Nones e2e=Nones streamed_lat 6->5s lag 63956->813124
  [quotes_daily]  33.23s type=Manual child_fresh=41s e2e=46s streamed_lat 5->5s lag 253146->2015785
  [quotes_typed]  32.29s type=Manual child_fresh=Nones e2e=Nones streamed_lat 4->6s lag 61314->239726
  [lag] 2026-08-12T19:13:56Z raw=8396955447 behind=6s lag_rows=608782
  [quotes_daily]   2.02s type=Manual child_fresh=14s e2e=20s streamed_lat 6->6s lag 70656->0
  [quotes_typed]  32.24s type=Manual child_fresh=Nones e2e=Nones streamed_lat 6->5s lag 0->0
  [quotes_typed]   1.24s type=Manual child_fresh=Nones e2e=Nones streamed_lat 6->6s lag 0->746162
  [lag] 2026-08-12T19:14:56Z raw=8453127760 behind=7s lag_rows=318459
  [quotes_typed]  32.41s type=Manual child_fresh=Nones e2e=Nones streamed_lat 6->7s lag 33913->163579
  [quotes_daily]  33.08s type=Manual child_fresh=43s e2e=48s streamed_lat 7->5s lag 1241185->66769
  [lag] 2026-08-12T19:15:56Z raw=8514906622 behind=6s lag_rows=170584
  [quotes_typed]  32.16s type=Manual child_fresh=Nones e2e=Nones streamed_lat 5->6s lag 94489->2512031
  [quotes_daily]  33.04s type=Manual child_fresh=44s e2e=51s streamed_lat 6->7s lag 65410->2600831
  [lag] 2026-08-12T19:16:56Z raw=8574181246 behind=5s lag_rows=33463
  [quotes_typed]  32.15s type=Manual child_fresh=Nones e2e=Nones streamed_lat 5->5s lag 2574255->0
  [quotes_daily]  33.33s type=Manual child_fresh=40s e2e=45s streamed_lat 5->5s lag 105400->0
  [quotes_typed]  32.42s type=Manual child_fresh=Nones e2e=Nones streamed_lat 4->4s lag 0->0
  [lag] 2026-08-12T19:17:56Z raw=8637429094 behind=3s lag_rows=0
  [quotes_typed]  32.30s type=Manual child_fresh=Nones e2e=Nones streamed_lat 5->6s lag 102299->311439
  [quotes_daily]  33.82s type=Manual child_fresh=42s e2e=47s streamed_lat 6->5s lag 2628661->2433836
  [lag] 2026-08-12T19:18:56Z raw=8695354677 behind=4s lag_rows=0
  [quotes_typed]  32.31s type=Manual child_fresh=Nones e2e=Nones streamed_lat 5->4s lag 280479->595393
  [quotes_daily]  33.80s type=Manual child_fresh=42s e2e=47s streamed_lat 4->5s lag 99616->0
  [lag] 2026-08-12T19:19:56Z raw=8757794920 behind=5s lag_rows=1783696
  [quotes_typed]  32.20s type=Manual child_fresh=Nones e2e=Nones streamed_lat 3->4s lag 0->0
  [quotes_daily]  33.36s type=Manual child_fresh=40s e2e=46s streamed_lat 5->6s lag 1181218->1997350
  [quotes_typed]  32.11s type=Manual child_fresh=Nones e2e=Nones streamed_lat 5->4s lag 1726129->136359
  [lag] 2026-08-12T19:20:56Z raw=8816149925 behind=6s lag_rows=1788160
  [quotes_typed]  32.16s type=Manual child_fresh=Nones e2e=Nones streamed_lat 5->5s lag 397633->0
  [quotes_daily]  33.31s type=Manual child_fresh=46s e2e=54s streamed_lat 5->8s lag 236845->3455249
  [lag] 2026-08-12T19:21:56Z raw=8877667298 behind=7s lag_rows=1442310
  [quotes_typed]  32.44s type=Manual child_fresh=Nones e2e=Nones streamed_lat 6->7s lag 987842->150148
  [quotes_daily]  33.43s type=Manual child_fresh=45s e2e=50s streamed_lat 7->5s lag 465856->0
  [lag] 2026-08-12T19:22:56Z raw=8935567550 behind=7s lag_rows=2299105
  [quotes_typed]  32.21s type=Manual child_fresh=Nones e2e=Nones streamed_lat 7->5s lag 951541->0
  [quotes_daily]  33.06s type=Manual child_fresh=42s e2e=45s streamed_lat 6->3s lag 723626->884954
  [quotes_typed]  32.28s type=Manual child_fresh=Nones e2e=Nones streamed_lat 4->4s lag 0->21373
  [lag] 2026-08-12T19:23:56Z raw=8995416740 behind=4s lag_rows=683483
  [quotes_typed]   1.29s type=Manual child_fresh=Nones e2e=Nones streamed_lat 4->4s lag 28463->1137829
  [quotes_daily]  33.42s type=Manual child_fresh=41s e2e=45s streamed_lat 5->4s lag 1839392->0
  [quotes_typed]  32.02s type=Manual child_fresh=Nones e2e=Nones streamed_lat 4->5s lag 66376->0
  [lag] 2026-08-12T19:24:56Z raw=9058751122 behind=5s lag_rows=1053376
  [quotes_typed]  32.26s type=Manual child_fresh=Nones e2e=Nones streamed_lat 5->5s lag 2628879->58046
  [quotes_daily]  33.35s type=Manual child_fresh=42s e2e=47s streamed_lat 5->5s lag 0->0
  [lag] 2026-08-12T19:25:56Z raw=9116981372 behind=5s lag_rows=1000468
  [quotes_typed]  32.39s type=Manual child_fresh=Nones e2e=Nones streamed_lat 5->4s lag 0->360328
  [quotes_daily]  33.24s type=Manual child_fresh=41s e2e=46s streamed_lat 4->5s lag 263010->2138965
  [quotes_typed]  32.22s type=Manual child_fresh=Nones e2e=Nones streamed_lat 4->6s lag 0->0
  [lag] 2026-08-12T19:26:56Z raw=9176759847 behind=6s lag_rows=1199260
  [quotes_daily]  33.10s type=Manual child_fresh=43s e2e=48s streamed_lat 6->5s lag 167257->106041
  [quotes_typed]  32.53s type=Manual child_fresh=Nones e2e=Nones streamed_lat 5->4s lag 0->35585
  [lag] 2026-08-12T19:27:56Z raw=9237188379 behind=5s lag_rows=1343831
  [quotes_typed]  32.51s type=Manual child_fresh=Nones e2e=Nones streamed_lat 4->4s lag 0->948654
  [quotes_daily]  33.05s type=Manual child_fresh=41s e2e=45s streamed_lat 5->4s lag 552482->60940
  [lag] 2026-08-12T19:28:56Z raw=9297009219 behind=6s lag_rows=2211845
  [quotes_typed]  32.21s type=Manual child_fresh=Nones e2e=Nones streamed_lat 6->5s lag 1634327->0
  [quotes_daily]  33.12s type=Manual child_fresh=47s e2e=53s streamed_lat 5->6s lag 31772->491442
  [quotes_typed]  32.16s type=Manual child_fresh=Nones e2e=Nones streamed_lat 6->5s lag 126388->621844
  [lag] 2026-08-12T19:29:56Z raw=9357292504 behind=4s lag_rows=0
  [quotes_typed]  32.78s type=Manual child_fresh=Nones e2e=Nones streamed_lat 4->5s lag 0->806116
  [quotes_daily]  33.17s type=Manual child_fresh=45s e2e=49s streamed_lat 4->4s lag 0->0
  [quotes_typed]   2.53s type=Manual child_fresh=Nones e2e=Nones streamed_lat 4->5s lag 326286->865570
  [lag] 2026-08-12T19:30:56Z raw=9419704810 behind=4s lag_rows=0
  [quotes_typed]   1.13s type=Manual child_fresh=Nones e2e=Nones streamed_lat 4->5s lag 1197358->50954
  [quotes_daily]  33.06s type=Manual child_fresh=42s e2e=46s streamed_lat 4->4s lag 81747->0
  [quotes_typed]  32.65s type=Manual child_fresh=Nones e2e=Nones streamed_lat 4->4s lag 38418->0
  [lag] 2026-08-12T19:31:56Z raw=9477579813 behind=4s lag_rows=113462
  [quotes_daily]  33.13s type=Manual child_fresh=49s e2e=54s streamed_lat 6->5s lag 763719->10302
  [quotes_typed]  32.41s type=Manual child_fresh=Nones e2e=Nones streamed_lat 6->6s lag 625628->2947475
  [lag] 2026-08-12T19:32:56Z raw=9541993802 behind=4s lag_rows=343841
  [quotes_typed]  32.53s type=Manual child_fresh=Nones e2e=Nones streamed_lat 4->4s lag 246533->0
  [quotes_daily]  33.76s type=Manual child_fresh=44s e2e=49s streamed_lat 4->5s lag 354544->63434
  [lag] 2026-08-12T19:33:56Z raw=9594702978 behind=4s lag_rows=0
  [quotes_typed]  32.37s type=Manual child_fresh=Nones e2e=Nones streamed_lat 5->5s lag 0->54527
  [quotes_daily]  33.07s type=Manual child_fresh=38s e2e=44s streamed_lat 6->6s lag 451147->1989805
  [lag] 2026-08-12T19:34:56Z raw=9655750310 behind=5s lag_rows=826007
  [quotes_typed]  32.25s type=Manual child_fresh=Nones e2e=Nones streamed_lat 4->4s lag 0->0
  [quotes_daily]  33.10s type=Manual child_fresh=45s e2e=49s streamed_lat 4->4s lag 99345->0
  [quotes_typed]  32.19s type=Manual child_fresh=Nones e2e=Nones streamed_lat 5->4s lag 2071157->611136
  [lag] 2026-08-12T19:35:56Z raw=9716186841 behind=5s lag_rows=1954312
  [quotes_typed]  32.30s type=Manual child_fresh=Nones e2e=Nones streamed_lat 4->4s lag 653339->0
  [quotes_daily]  33.27s type=Manual child_fresh=42s e2e=47s streamed_lat 5->5s lag 307955->0
  [quotes_typed]   8.27s type=Manual child_fresh=Nones e2e=Nones streamed_lat 5->5s lag 702957->1188262
  [quotes_typed]   2.21s type=Manual child_fresh=Nones e2e=Nones streamed_lat 4->5s lag 33787->2046135
  [lag] 2026-08-12T19:36:56Z raw=9777265783 behind=5s lag_rows=317715
  [quotes_daily]  33.08s type=Manual child_fresh=41s e2e=45s streamed_lat 5->4s lag 2167662->0
  [quotes_typed]  32.62s type=Manual child_fresh=Nones e2e=Nones streamed_lat 4->4s lag 0->0
  [lag] 2026-08-12T19:37:56Z raw=9836737469 behind=7s lag_rows=1424316
  [quotes_typed]   8.42s type=Manual child_fresh=Nones e2e=Nones streamed_lat 7->5s lag 1364484->0
  [quotes_daily]  33.19s type=Manual child_fresh=39s e2e=44s streamed_lat 5->5s lag 0->298856
  [quotes_typed]  32.17s type=Manual child_fresh=Nones e2e=Nones streamed_lat 4->4s lag 72662->0
  [lag] 2026-08-12T19:38:56Z raw=9896096643 behind=4s lag_rows=0
  [quotes_typed]  32.47s type=Manual child_fresh=Nones e2e=Nones streamed_lat 5->5s lag 0->0
  [quotes_daily]  33.39s type=Manual child_fresh=40s e2e=45s streamed_lat 5->5s lag 1333909->719479
  [quotes_typed]  16.50s type=Manual child_fresh=Nones e2e=Nones streamed_lat 5->7s lag 0->323796
  [lag] 2026-08-12T19:39:56Z raw=9954800731 behind=7s lag_rows=1715881
  [quotes_daily]  33.18s type=Manual child_fresh=40s e2e=46s streamed_lat 7->6s lag 4251856->950118
  [quotes_typed]  32.20s type=Manual child_fresh=Nones e2e=Nones streamed_lat 6->4s lag 171009->878364
  [lag] 2026-08-12T19:40:56Z raw=10014029219 behind=4s lag_rows=0
  [quotes_typed]  32.36s type=Manual child_fresh=Nones e2e=Nones streamed_lat 6->6s lag 966639->3208756
  [quotes_daily]  33.37s type=Manual child_fresh=42s e2e=49s streamed_lat 7->7s lag 1496578->936856
  [lag] 2026-08-12T19:41:56Z raw=10073796191 behind=8s lag_rows=104969
  [quotes_typed]  32.38s type=Manual child_fresh=Nones e2e=Nones streamed_lat 6->6s lag 3108887->0
  [quotes_daily]  33.27s type=Manual child_fresh=45s e2e=49s streamed_lat 7->4s lag 0->0
  [quotes_typed]  32.41s type=Manual child_fresh=Nones e2e=Nones streamed_lat 5->5s lag 15584->2369026
  [lag] 2026-08-12T19:42:56Z raw=10137610538 behind=5s lag_rows=1787188
  [quotes_typed]   2.49s type=Manual child_fresh=Nones e2e=Nones streamed_lat 5->5s lag 595292->1364587
  [quotes_daily]  33.30s type=Manual child_fresh=42s e2e=47s streamed_lat 5->5s lag 521430->912648
  [quotes_typed]  32.11s type=Manual child_fresh=Nones e2e=Nones streamed_lat 4->5s lag 28511->0
  [lag] 2026-08-12T19:43:56Z raw=10195280931 behind=7s lag_rows=2683592
  [quotes_typed]  32.57s type=Manual child_fresh=Nones e2e=Nones streamed_lat 4->7s lag 0->179520
  [quotes_daily]  33.19s type=Manual child_fresh=42s e2e=48s streamed_lat 6->6s lag 481901->0
  [lag] 2026-08-12T19:44:56Z raw=10252578957 behind=9s lag_rows=1212018
  [quotes_typed]  32.54s type=Manual child_fresh=Nones e2e=Nones streamed_lat 8->6s lag 623278->0
  [quotes_daily]  33.30s type=Manual child_fresh=40s e2e=47s streamed_lat 9->7s lag 3580336->2468482
  [quotes_typed]  32.41s type=Manual child_fresh=Nones e2e=Nones streamed_lat 6->6s lag 31257->617579
  [lag] 2026-08-12T19:45:56Z raw=10316235918 behind=5s lag_rows=0
  [quotes_daily]  34.51s type=Manual child_fresh=43s e2e=53s streamed_lat 5->10s lag 0->3135598
  [quotes_typed]  32.52s type=Manual child_fresh=Nones e2e=Nones streamed_lat 6->8s lag 206731->361443
  [lag] 2026-08-12T19:46:56Z raw=10370935285 behind=8s lag_rows=0
  [quotes_typed]  32.30s type=Manual child_fresh=Nones e2e=Nones streamed_lat 10->6s lag 5279241->146550
  [quotes_daily]  33.29s type=Manual child_fresh=45s e2e=51s streamed_lat 9->6s lag 3542058->1812456
  [lag] 2026-08-12T19:47:56Z raw=10437166384 behind=5s lag_rows=0
  [quotes_typed]  32.25s type=Manual child_fresh=Nones e2e=Nones streamed_lat 6->5s lag 212901->0
  [quotes_daily]  33.14s type=Manual child_fresh=40s e2e=45s streamed_lat 5->5s lag 370134->174860
  [quotes_typed]  32.22s type=Manual child_fresh=Nones e2e=Nones streamed_lat 7->5s lag 286464->152677
  [lag] 2026-08-12T19:48:56Z raw=10497089409 behind=4s lag_rows=0
  [quotes_daily]  33.48s type=Manual child_fresh=43s e2e=47s streamed_lat 4->4s lag 86026->0
  [quotes_typed]  32.47s type=Manual child_fresh=Nones e2e=Nones streamed_lat 4->4s lag 0->0
  [lag] 2026-08-12T19:49:56Z raw=10556598254 behind=5s lag_rows=421515
  [quotes_typed]  32.22s type=Manual child_fresh=Nones e2e=Nones streamed_lat 4->4s lag 0->89547
  [quotes_daily]  33.23s type=Manual child_fresh=40s e2e=44s streamed_lat 5->4s lag 1355032->36628
  [lag] 2026-08-12T19:50:56Z raw=10615607873 behind=6s lag_rows=849537
  [quotes_typed]  32.52s type=Manual child_fresh=Nones e2e=Nones streamed_lat 4->6s lag 96925->1124473
  [quotes_daily]  34.76s type=Manual child_fresh=44s e2e=49s streamed_lat 5->5s lag 54342->859841
  [quotes_typed]  32.95s type=Manual child_fresh=Nones e2e=Nones streamed_lat 4->5s lag 32054->1098321
  [lag] 2026-08-12T19:51:56Z raw=10677211629 behind=5s lag_rows=1786695
  [quotes_typed]  32.31s type=Manual child_fresh=Nones e2e=Nones streamed_lat 6->6s lag 955752->2048626
  [quotes_daily]  33.46s type=Manual child_fresh=42s e2e=48s streamed_lat 5->6s lag 0->169687
  [lag] 2026-08-12T19:52:56Z raw=10735349035 behind=4s lag_rows=26484
  [quotes_typed]  32.49s type=Manual child_fresh=Nones e2e=Nones streamed_lat 5->5s lag 370158->0
  [quotes_daily]  33.22s type=Manual child_fresh=39s e2e=45s streamed_lat 4->6s lag 0->2797175
  [lag] 2026-08-12T19:53:56Z raw=10794661513 behind=7s lag_rows=718691
  [quotes_typed]  32.49s type=Manual child_fresh=Nones e2e=Nones streamed_lat 5->6s lag 0->266387
  [quotes_daily]  33.52s type=Manual child_fresh=44s e2e=48s streamed_lat 8->4s lag 1855743->876449
  [quotes_typed]  32.63s type=Manual child_fresh=Nones e2e=Nones streamed_lat 9->5s lag 1998173->615620
  [lag] 2026-08-12T19:54:56Z raw=10856078172 behind=5s lag_rows=1659548
  [quotes_typed]  32.35s type=Manual child_fresh=Nones e2e=Nones streamed_lat 4->3s lag 68803->0
  [quotes_daily]  33.21s type=Manual child_fresh=43s e2e=47s streamed_lat 5->4s lag 1848169->0
  [quotes_typed]   5.37s type=Manual child_fresh=Nones e2e=Nones streamed_lat 4->5s lag 283147->2241914
  [lag] 2026-08-12T19:55:56Z raw=10916088298 behind=4s lag_rows=38732
  [quotes_typed]  32.10s type=Manual child_fresh=Nones e2e=Nones streamed_lat 5->5s lag 604108->382735
  [quotes_daily]  33.98s type=Manual child_fresh=41s e2e=45s streamed_lat 4->4s lag 0->0
  [lag] 2026-08-12T19:56:56Z raw=10977009462 behind=5s lag_rows=848843
  [quotes_typed]  32.26s type=Manual child_fresh=Nones e2e=Nones streamed_lat 5->4s lag 1980398->0
  [quotes_daily]  33.19s type=Manual child_fresh=39s e2e=44s streamed_lat 4->5s lag 96028->0
  [quotes_typed]  32.31s type=Manual child_fresh=Nones e2e=Nones streamed_lat 5->4s lag 0->107085
  [lag] 2026-08-12T19:57:56Z raw=11038174447 behind=4s lag_rows=1071278
  [quotes_daily]   2.24s type=Manual child_fresh=12s e2e=16s streamed_lat 5->4s lag 93826->0
  [quotes_typed]  32.35s type=Manual child_fresh=Nones e2e=Nones streamed_lat 5->7s lag 497101->2849054
  [lag] 2026-08-12T19:58:56Z raw=11096826927 behind=5s lag_rows=172501
  [quotes_typed]   1.58s type=Manual child_fresh=Nones e2e=Nones streamed_lat 6->6s lag 1151007->3187105
  [quotes_daily]  33.71s type=Manual child_fresh=41s e2e=45s streamed_lat 6->4s lag 2097019->0
  [quotes_typed]  32.04s type=Manual child_fresh=Nones e2e=Nones streamed_lat 6->5s lag 3222871->925176
  [lag] 2026-08-12T19:59:56Z raw=11157035735 behind=6s lag_rows=919258
  [quotes_typed]   2.30s type=Manual child_fresh=Nones e2e=Nones streamed_lat 4->6s lag 122871->465395
  [quotes_daily]  33.44s type=Manual child_fresh=39s e2e=47s streamed_lat 5->8s lag 0->4864746
  [quotes_typed]  32.47s type=Manual child_fresh=Nones e2e=Nones streamed_lat 6->6s lag 669525->0
  [lag] 2026-08-12T20:00:56Z raw=11214217068 behind=8s lag_rows=2285965
  [quotes_typed]  33.14s type=Manual child_fresh=Nones e2e=Nones streamed_lat 9->9s lag 860941->3202824
  [quotes_daily]  34.61s type=Manual child_fresh=48s e2e=56s streamed_lat 8->8s lag 1309234->147358
  [lag] 2026-08-12T20:01:56Z raw=11274647021 behind=8s lag_rows=607214
  [quotes_daily]  17.38s type=Manual child_fresh=31s e2e=41s streamed_lat 8->10s lag 391166->62626
  [quotes_typed]  33.66s type=Manual child_fresh=Nones e2e=Nones streamed_lat 8->9s lag 0->0
  [lag] 2026-08-12T20:02:56Z raw=11338165869 behind=7s lag_rows=861939
  [quotes_typed]  33.38s type=Manual child_fresh=Nones e2e=Nones streamed_lat 9->8s lag 69199->129253
  [quotes_daily]  33.53s type=Manual child_fresh=43s e2e=51s streamed_lat 8->8s lag 3289878->0
  [quotes_typed]  33.18s type=Manual child_fresh=Nones e2e=Nones streamed_lat 10->9s lag 7253985->361126
  [lag] 2026-08-12T20:03:56Z raw=11394321884 behind=10s lag_rows=4532579
  [quotes_typed]  32.64s type=Manual child_fresh=Nones e2e=Nones streamed_lat 9->8s lag 1228965->2131924
  [quotes_daily]  33.67s type=Manual child_fresh=49s e2e=56s streamed_lat 9->7s lag 1091303->24403
  [lag] 2026-08-12T20:04:56Z raw=11455052211 behind=8s lag_rows=612941
  [quotes_typed]  32.67s type=Manual child_fresh=Nones e2e=Nones streamed_lat 7->10s lag 0->0
  [quotes_daily]  33.61s type=Manual child_fresh=50s e2e=61s streamed_lat 8->11s lag 302360->555734
  [quotes_typed]  16.24s type=Manual child_fresh=Nones e2e=Nones streamed_lat 11->11s lag 994375->267626
  [lag] 2026-08-12T20:05:56Z raw=11514965462 behind=12s lag_rows=4263733
  [quotes_typed]  32.31s type=Manual child_fresh=Nones e2e=Nones streamed_lat 10->6s lag 1043474->0
  [quotes_daily]  33.45s type=Manual child_fresh=46s e2e=56s streamed_lat 12->10s lag 7926160->463307
  [lag] 2026-08-12T20:06:56Z raw=11572748752 behind=7s lag_rows=127353
  [quotes_typed]   4.23s type=Manual child_fresh=Nones e2e=Nones streamed_lat 8->8s lag 241374->5822710
  [quotes_daily]   5.36s type=Manual child_fresh=14s e2e=21s streamed_lat 8->7s lag 2386556->4240033
  [quotes_typed]  32.20s type=Manual child_fresh=Nones e2e=Nones streamed_lat 6->4s lag 0->0
  [quotes_typed]   2.33s type=Manual child_fresh=Nones e2e=Nones streamed_lat 4->6s lag 0->201069
  [lag] 2026-08-12T20:07:56Z raw=11634973834 behind=5s lag_rows=0
  [quotes_daily]   2.58s type=Manual child_fresh=12s e2e=16s streamed_lat 5->4s lag 291944->108431
  [quotes_typed]  32.24s type=Manual child_fresh=Nones e2e=Nones streamed_lat 4->5s lag 0->1012686
  [lag] 2026-08-12T20:08:56Z raw=11698344104 behind=6s lag_rows=3258671
  [quotes_typed]   1.13s type=Manual child_fresh=Nones e2e=Nones streamed_lat 8->5s lag 1463107->0
  [quotes_daily]   5.30s type=Manual child_fresh=20s e2e=25s streamed_lat 6->5s lag 466232->1073598
  [quotes_typed]   8.15s type=Manual child_fresh=Nones e2e=Nones streamed_lat 6->6s lag 2428629->48988
  [quotes_typed]   8.05s type=Manual child_fresh=Nones e2e=Nones streamed_lat 5->5s lag 92212->0
  [lag] 2026-08-12T20:09:56Z raw=11758082698 behind=6s lag_rows=246453
  [quotes_typed]  32.19s type=Manual child_fresh=Nones e2e=Nones streamed_lat 6->5s lag 1807919->0
  [quotes_daily]  34.35s type=Manual child_fresh=47s e2e=53s streamed_lat 5->6s lag 0->57482
  [quotes_typed]   1.95s type=Manual child_fresh=Nones e2e=Nones streamed_lat 5->6s lag 0->0
  [lag] 2026-08-12T20:10:56Z raw=11815592786 behind=6s lag_rows=731971
  [quotes_typed]  32.11s type=Manual child_fresh=Nones e2e=Nones streamed_lat 6->7s lag 142519->2702638
  [quotes_daily]  33.54s type=Manual child_fresh=43s e2e=49s streamed_lat 5->6s lag 0->0
  [lag] 2026-08-12T20:11:56Z raw=11876449204 behind=5s lag_rows=397605
  [quotes_typed]  32.12s type=Manual child_fresh=Nones e2e=Nones streamed_lat 7->7s lag 1161909->1609802
  [quotes_daily]  18.90s type=Manual child_fresh=32s e2e=38s streamed_lat 5->6s lag 36168->209312
  [lag] 2026-08-12T20:12:56Z raw=11933848547 behind=6s lag_rows=0
  [quotes_typed]  33.72s type=Manual child_fresh=Nones e2e=Nones streamed_lat 6->6s lag 674159->61464
  [quotes_daily]  33.37s type=Manual child_fresh=38s e2e=45s streamed_lat 6->7s lag 0->3179892
  [quotes_typed]  32.82s type=Manual child_fresh=Nones e2e=Nones streamed_lat 7->7s lag 224669->119992
  [lag] 2026-08-12T20:13:56Z raw=11997414671 behind=6s lag_rows=164486
  [quotes_typed]  32.35s type=Manual child_fresh=Nones e2e=Nones streamed_lat 6->7s lag 235311->909262
  [quotes_daily]  33.29s type=Manual child_fresh=44s e2e=50s streamed_lat 7->6s lag 1762545->151398
  [lag] 2026-08-12T20:14:56Z raw=12053355413 behind=5s lag_rows=0
  [quotes_typed]  34.23s type=Manual child_fresh=Nones e2e=Nones streamed_lat 6->9s lag 381841->1366509
  [quotes_daily]  33.49s type=Manual child_fresh=40s e2e=47s streamed_lat 5->7s lag 0->0
  [lag] 2026-08-12T20:15:56Z raw=12115539436 behind=8s lag_rows=184772
  [quotes_typed]  32.83s type=Manual child_fresh=Nones e2e=Nones streamed_lat 8->8s lag 5632411->2119380
  [quotes_daily]  34.26s type=Manual child_fresh=40s e2e=46s streamed_lat 6->6s lag 0->80177
  [quotes_typed]  32.76s type=Manual child_fresh=Nones e2e=Nones streamed_lat 7->9s lag 4372337->3013692
  [lag] 2026-08-12T20:16:56Z raw=12173718607 behind=9s lag_rows=416581
  [quotes_typed]   1.31s type=Manual child_fresh=Nones e2e=Nones streamed_lat 7->9s lag 0->5647820
  [quotes_daily]  33.32s type=Manual child_fresh=40s e2e=46s streamed_lat 9->6s lag 5287975->0
  [quotes_typed]  32.47s type=Manual child_fresh=Nones e2e=Nones streamed_lat 6->6s lag 0->45692
  [lag] 2026-08-12T20:17:56Z raw=12235696086 behind=6s lag_rows=231657
  [quotes_typed]  32.45s type=Manual child_fresh=Nones e2e=Nones streamed_lat 6->5s lag 230188->0
  [quotes_daily]  33.51s type=Manual child_fresh=44s e2e=52s streamed_lat 6->8s lag 894974->258306
  [quotes_typed]   2.45s type=Manual child_fresh=Nones e2e=Nones streamed_lat 5->8s lag 0->5625035
  [lag] 2026-08-12T20:18:56Z raw=12292455629 behind=9s lag_rows=5670948
  [quotes_typed]  32.19s type=Manual child_fresh=Nones e2e=Nones streamed_lat 6->9s lag 0->1431666
  [quotes_daily]  33.55s type=Manual child_fresh=43s e2e=52s streamed_lat 9->9s lag 1840122->625943
  [lag] 2026-08-12T20:19:56Z raw=12354885388 behind=6s lag_rows=3587904
  [quotes_typed]  32.44s type=Manual child_fresh=Nones e2e=Nones streamed_lat 8->8s lag 0->3668598
  [quotes_daily]  33.54s type=Manual child_fresh=42s e2e=46s streamed_lat 6->4s lag 1873902->61056
  [quotes_typed]  32.67s type=Manual child_fresh=Nones e2e=Nones streamed_lat 8->5s lag 2975102->1587392
  [lag] 2026-08-12T20:20:56Z raw=12417211959 behind=5s lag_rows=1068423
  [quotes_daily]  33.39s type=Manual child_fresh=46s e2e=50s streamed_lat 5->4s lag 400025->54778
  [quotes_typed]  32.43s type=Manual child_fresh=Nones e2e=Nones streamed_lat 5->4s lag 1572549->0
  [lag] 2026-08-12T20:21:56Z raw=12474772793 behind=5s lag_rows=0
  [quotes_typed]  32.41s type=Manual child_fresh=Nones e2e=Nones streamed_lat 5->5s lag 0->151961
  [quotes_daily]  33.57s type=Manual child_fresh=41s e2e=47s streamed_lat 5->6s lag 0->2109572
  [lag] 2026-08-12T20:22:56Z raw=12534209023 behind=8s lag_rows=565774
  [quotes_typed]  32.27s type=Manual child_fresh=Nones e2e=Nones streamed_lat 5->7s lag 17063->0
  [quotes_daily]  33.49s type=Manual child_fresh=46s e2e=53s streamed_lat 7->7s lag 38127->1440289
  [quotes_typed]  32.71s type=Manual child_fresh=Nones e2e=Nones streamed_lat 7->6s lag 0->0
  [lag] 2026-08-12T20:23:56Z raw=12597467159 behind=6s lag_rows=424716
  [quotes_typed]  32.36s type=Manual child_fresh=Nones e2e=Nones streamed_lat 6->6s lag 180010->522609
  [quotes_daily]  33.46s type=Manual child_fresh=41s e2e=48s streamed_lat 6->7s lag 0->3229666
  [lag] 2026-08-12T20:24:56Z raw=12656028654 behind=5s lag_rows=472712
  [quotes_typed]  32.30s type=Manual child_fresh=Nones e2e=Nones streamed_lat 6->5s lag 1109493->63682
  [quotes_daily]  34.36s type=Manual child_fresh=40s e2e=46s streamed_lat 5->6s lag 0->3384580
  [lag] 2026-08-12T20:25:56Z raw=12712889693 behind=7s lag_rows=0
  [quotes_typed]  32.37s type=Manual child_fresh=Nones e2e=Nones streamed_lat 5->9s lag 58190->1483734
  [quotes_daily]  33.68s type=Manual child_fresh=39s e2e=45s streamed_lat 7->6s lag 0->0
  [quotes_typed]  32.26s type=Manual child_fresh=Nones e2e=Nones streamed_lat 8->6s lag 0->0
  [quotes_typed]   1.17s type=Manual child_fresh=Nones e2e=Nones streamed_lat 5->6s lag 0->920469
  [lag] 2026-08-12T20:26:56Z raw=12778597970 behind=6s lag_rows=400103
  [quotes_typed]  32.24s type=Manual child_fresh=Nones e2e=Nones streamed_lat 7->5s lag 3735467->38495
  [quotes_daily]  33.40s type=Manual child_fresh=47s e2e=52s streamed_lat 6->5s lag 902138->38495
  [lag] 2026-08-12T20:27:56Z raw=12837116468 behind=7s lag_rows=2102646
  [quotes_typed]  32.28s type=Manual child_fresh=Nones e2e=Nones streamed_lat 6->5s lag 271903->0
  [quotes_daily]  33.41s type=Manual child_fresh=43s e2e=49s streamed_lat 6->6s lag 0->126289
  [quotes_typed]   1.26s type=Manual child_fresh=Nones e2e=Nones streamed_lat 5->8s lag 2151892->5031970
  [quotes_typed]   1.01s type=Manual child_fresh=Nones e2e=Nones streamed_lat 6->9s lag 0->6170689
  [lag] 2026-08-12T20:28:56Z raw=12898468268 behind=8s lag_rows=1483147
  [quotes_daily]  33.36s type=Manual child_fresh=46s e2e=51s streamed_lat 9->5s lag 3166159->0
  [quotes_typed]  33.61s type=Manual child_fresh=Nones e2e=Nones streamed_lat 7->5s lag 5591->0
  [lag] 2026-08-12T20:29:56Z raw=12956554006 behind=6s lag_rows=357358
  [quotes_typed]  32.54s type=Manual child_fresh=Nones e2e=Nones streamed_lat 5->6s lag 0->0
  [quotes_daily]  34.41s type=Manual child_fresh=43s e2e=52s streamed_lat 5->9s lag 69272->577442
  [quotes_typed]   4.37s type=Manual child_fresh=Nones e2e=Nones streamed_lat 8->10s lag 101161->97178
  [lag] 2026-08-12T20:30:56Z raw=13009615600 behind=8s lag_rows=0
  [quotes_typed]  32.14s type=Manual child_fresh=Nones e2e=Nones streamed_lat 10->7s lag 4889424->3444825
  [quotes_daily]  35.00s type=Manual child_fresh=47s e2e=53s streamed_lat 11->6s lag 2208240->0
  [lag] 2026-08-12T20:31:56Z raw=13075082877 behind=4s lag_rows=0
  [quotes_typed]  32.41s type=Manual child_fresh=Nones e2e=Nones streamed_lat 6->5s lag 225289->0
  [quotes_daily]  35.17s type=Manual child_fresh=41s e2e=46s streamed_lat 4->5s lag 0->0
  [quotes_typed]  33.18s type=Manual child_fresh=Nones e2e=Nones streamed_lat 6->6s lag 2156151->824429
  [lag] 2026-08-12T20:32:56Z raw=13137534924 behind=5s lag_rows=1714
  [quotes_daily]  33.66s type=Manual child_fresh=43s e2e=50s streamed_lat 5->7s lag 0->823628
  [quotes_typed]  32.43s type=Manual child_fresh=Nones e2e=Nones streamed_lat 5->7s lag 94422->445400
  [lag] 2026-08-12T20:33:56Z raw=13193579512 behind=8s lag_rows=3971555
  [quotes_typed]  32.41s type=Manual child_fresh=Nones e2e=Nones streamed_lat 9->6s lag 4537359->0
  [quotes_daily]  33.41s type=Manual child_fresh=43s e2e=49s streamed_lat 9->6s lag 2228975->200505
  [lag] 2026-08-12T20:34:56Z raw=13254998827 behind=8s lag_rows=1880990
  [quotes_typed]  33.15s type=Manual child_fresh=Nones e2e=Nones streamed_lat 7->7s lag 875031->67993
  [quotes_daily]  33.48s type=Manual child_fresh=44s e2e=51s streamed_lat 7->7s lag 1122300->0
  [lag] 2026-08-12T20:35:56Z raw=13311604016 behind=9s lag_rows=3032770
  [quotes_typed]  33.49s type=Manual child_fresh=Nones e2e=Nones streamed_lat 8->7s lag 881415->55646
  [quotes_daily]  33.54s type=Manual child_fresh=44s e2e=52s streamed_lat 9->8s lag 426278->0
  [quotes_typed]  32.20s type=Manual child_fresh=Nones e2e=Nones streamed_lat 9->8s lag 1090650->155265
  [lag] 2026-08-12T20:36:56Z raw=13371092260 behind=11s lag_rows=1765388
  [quotes_typed]  32.73s type=Manual child_fresh=Nones e2e=Nones streamed_lat 10->8s lag 4981097->325324
  [quotes_daily]  33.49s type=Manual child_fresh=42s e2e=50s streamed_lat 11->8s lag 6303993->0
  [lag] 2026-08-12T20:37:56Z raw=13432122261 behind=10s lag_rows=5753260
  [quotes_typed]  32.37s type=Manual child_fresh=Nones e2e=Nones streamed_lat 10->7s lag 6575997->0
  [quotes_daily]  33.54s type=Manual child_fresh=43s e2e=48s streamed_lat 9->5s lag 2300587->0
  [quotes_typed]  32.48s type=Manual child_fresh=Nones e2e=Nones streamed_lat 7->8s lag 159508->159989
  [lag] 2026-08-12T20:38:56Z raw=13497229797 behind=6s lag_rows=11293
  [quotes_typed]  32.62s type=Manual child_fresh=Nones e2e=Nones streamed_lat 6->7s lag 11293->84507
  [quotes_daily]  34.07s type=Manual child_fresh=51s e2e=59s streamed_lat 7->8s lag 238201->3666563
  [lag] 2026-08-12T20:39:56Z raw=13553335256 behind=5s lag_rows=0
  [quotes_typed]  33.51s type=Manual child_fresh=Nones e2e=Nones streamed_lat 8->8s lag 2141912->5051533
  [quotes_daily]  33.56s type=Manual child_fresh=42s e2e=49s streamed_lat 7->7s lag 1170002->0
  [lag] 2026-08-12T20:40:56Z raw=13611866772 behind=8s lag_rows=0
  [quotes_typed]  32.28s type=Manual child_fresh=Nones e2e=Nones streamed_lat 6->7s lag 0->626076
  [quotes_daily]  33.48s type=Manual child_fresh=40s e2e=46s streamed_lat 9->6s lag 4452198->3045087
  [quotes_typed]  32.80s type=Manual child_fresh=Nones e2e=Nones streamed_lat 8->6s lag 5225745->139443
  [lag] 2026-08-12T20:41:56Z raw=13674835464 behind=5s lag_rows=0
  [quotes_typed]  32.68s type=Manual child_fresh=Nones e2e=Nones streamed_lat 5->6s lag 0->676248
  [quotes_daily]  34.17s type=Manual child_fresh=44s e2e=50s streamed_lat 5->6s lag 0->859929
  [lag] 2026-08-12T20:42:56Z raw=13737090946 behind=7s lag_rows=2232002
  [quotes_typed]   8.26s type=Manual child_fresh=Nones e2e=Nones streamed_lat 6->6s lag 414863->481499
  [quotes_daily]  33.65s type=Manual child_fresh=43s e2e=48s streamed_lat 7->5s lag 2953630->0
  [quotes_typed]  32.31s type=Manual child_fresh=Nones e2e=Nones streamed_lat 7->6s lag 1518828->548939
  [lag] 2026-08-12T20:43:56Z raw=13794564862 behind=4s lag_rows=0
  [quotes_typed]   1.34s type=Manual child_fresh=Nones e2e=Nones streamed_lat 6->5s lag 248674->2037081
  [quotes_daily]  33.66s type=Manual child_fresh=39s e2e=43s streamed_lat 6->4s lag 383970->0
  [quotes_typed]  31.99s type=Manual child_fresh=Nones e2e=Nones streamed_lat 4->5s lag 17865->881908
  [lag] 2026-08-12T20:44:56Z raw=13856346725 behind=5s lag_rows=982160
  [quotes_typed]  32.63s type=Manual child_fresh=Nones e2e=Nones streamed_lat 4->6s lag 529330->0
  [quotes_daily]  33.68s type=Manual child_fresh=44s e2e=51s streamed_lat 4->7s lag 0->4504063
  [lag] 2026-08-12T20:45:56Z raw=13914117499 behind=5s lag_rows=0
  [quotes_typed]  33.66s type=Manual child_fresh=Nones e2e=Nones streamed_lat 6->6s lag 0->0
  [quotes_daily]  33.63s type=Manual child_fresh=41s e2e=45s streamed_lat 6->4s lag 1545335->58365
  [lag] 2026-08-12T20:46:56Z raw=13977268770 behind=6s lag_rows=1618640
  [quotes_typed]  32.41s type=Manual child_fresh=Nones e2e=Nones streamed_lat 6->5s lag 0->0
  [quotes_daily]  33.77s type=Manual child_fresh=41s e2e=46s streamed_lat 5->5s lag 143534->1060396
  [quotes_typed]  32.36s type=Manual child_fresh=Nones e2e=Nones streamed_lat 5->4s lag 0->103531
  [lag] 2026-08-12T20:47:56Z raw=14036969458 behind=4s lag_rows=698520
  [quotes_typed]  32.24s type=Manual child_fresh=Nones e2e=Nones streamed_lat 4->4s lag 0->45419
  [quotes_daily]  32.78s type=Manual child_fresh=41s e2e=45s streamed_lat 4->4s lag 147320->0
  [lag] 2026-08-12T20:48:56Z raw=14095080713 behind=6s lag_rows=1549233
  [quotes_typed]  32.56s type=Manual child_fresh=Nones e2e=Nones streamed_lat 4->5s lag 0->0
  [quotes_daily]  34.77s type=Manual child_fresh=43s e2e=48s streamed_lat 6->5s lag 1282904->0
  [quotes_typed]  32.59s type=Manual child_fresh=Nones e2e=Nones streamed_lat 5->6s lag 0->0
  [lag] 2026-08-12T20:49:56Z raw=14158614429 behind=6s lag_rows=1523807
  [quotes_daily]  33.50s type=Manual child_fresh=42s e2e=48s streamed_lat 7->6s lag 1927540->105801
  [quotes_typed]  32.58s type=Manual child_fresh=Nones e2e=Nones streamed_lat 5->5s lag 0->57962
  [lag] 2026-08-12T20:50:56Z raw=14214896568 behind=6s lag_rows=1777334
  [quotes_typed]  32.29s type=Manual child_fresh=Nones e2e=Nones streamed_lat 6->6s lag 693152->1541228
  [quotes_daily]  33.64s type=Manual child_fresh=44s e2e=49s streamed_lat 6->5s lag 2012323->194783
  [quotes_typed]   8.34s type=Manual child_fresh=Nones e2e=Nones streamed_lat 4->4s lag 53312->70605
  [lag] 2026-08-12T20:51:56Z raw=14276437463 behind=5s lag_rows=1892839
  [quotes_typed]  32.18s type=Manual child_fresh=Nones e2e=Nones streamed_lat 4->7s lag 0->2791801
  [quotes_daily]  33.39s type=Manual child_fresh=45s e2e=51s streamed_lat 5->6s lag 548439->3706961
  [lag] 2026-08-12T20:52:56Z raw=14336676794 behind=6s lag_rows=347232
  [quotes_typed]  32.46s type=Manual child_fresh=Nones e2e=Nones streamed_lat 7->7s lag 3809745->4042941
  [quotes_daily]  33.50s type=Manual child_fresh=39s e2e=43s streamed_lat 7->4s lag 2681651->90336
  [lag] 2026-08-12T20:53:56Z raw=14396437851 behind=5s lag_rows=1995074
  [quotes_typed]  32.20s type=Manual child_fresh=Nones e2e=Nones streamed_lat 5->5s lag 0->2171794
  [quotes_daily]   5.81s type=Manual child_fresh=14s e2e=18s streamed_lat 4->4s lag 65142->0
  [quotes_typed]  16.36s type=Manual child_fresh=Nones e2e=Nones streamed_lat 4->5s lag 139533->0
  [quotes_typed]  16.15s type=Manual child_fresh=Nones e2e=Nones streamed_lat 5->5s lag 1656373->123614
  [lag] 2026-08-12T20:54:56Z raw=14457757931 behind=5s lag_rows=876170
  [quotes_typed]  32.16s type=Manual child_fresh=Nones e2e=Nones streamed_lat 5->4s lag 185538->0
  [quotes_daily]  33.51s type=Manual child_fresh=45s e2e=49s streamed_lat 5->4s lag 857710->0
  [lag] 2026-08-12T20:55:56Z raw=14517590598 behind=5s lag_rows=1485831
  [quotes_typed]   8.37s type=Manual child_fresh=Nones e2e=Nones streamed_lat 4->5s lag 0->662949
  [quotes_daily]  33.48s type=Manual child_fresh=42s e2e=48s streamed_lat 5->6s lag 305512->861763
  [quotes_typed]  32.23s type=Manual child_fresh=Nones e2e=Nones streamed_lat 4->5s lag 34480->0
  [lag] 2026-08-12T20:56:56Z raw=14576138960 behind=5s lag_rows=67804
  [quotes_typed]  32.31s type=Manual child_fresh=Nones e2e=Nones streamed_lat 5->6s lag 0->903264
  [quotes_daily]  33.60s type=Manual child_fresh=40s e2e=44s streamed_lat 4->4s lag 99121->0
  [lag] 2026-08-12T20:57:56Z raw=14636648670 behind=4s lag_rows=70307
  [quotes_typed]  32.28s type=Manual child_fresh=Nones e2e=Nones streamed_lat 4->4s lag 0->0
  [quotes_daily]  33.49s type=Manual child_fresh=40s e2e=44s streamed_lat 5->4s lag 635882->0
  [quotes_typed]  32.33s type=Manual child_fresh=Nones e2e=Nones streamed_lat 5->6s lag 0->55434
  [lag] 2026-08-12T20:58:56Z raw=14696675467 behind=7s lag_rows=1178338
  [quotes_daily]  33.91s type=Manual child_fresh=45s e2e=51s streamed_lat 6->6s lag 178751->1921784
  [quotes_typed]  32.26s type=Manual child_fresh=Nones e2e=Nones streamed_lat 7->5s lag 2936261->0
  [lag] 2026-08-12T20:59:56Z raw=14756185108 behind=5s lag_rows=69640
  [quotes_typed]  32.51s type=Manual child_fresh=Nones e2e=Nones streamed_lat 4->6s lag 0->3902394
  [quotes_daily]  34.11s type=Manual child_fresh=45s e2e=52s streamed_lat 5->7s lag 69640->4340868
  [lag] 2026-08-12T21:00:56Z raw=14812996099 behind=6s lag_rows=0
  [quotes_typed]  32.82s type=Manual child_fresh=Nones e2e=Nones streamed_lat 5->5s lag 0->32755
  [quotes_daily]  19.00s type=Manual child_fresh=32s e2e=39s streamed_lat 7->7s lag 4392823->1232772
  [lag] 2026-08-12T21:01:56Z raw=14871954553 behind=6s lag_rows=0
  [quotes_typed]  33.74s type=Manual child_fresh=Nones e2e=Nones streamed_lat 6->7s lag 0->0
  [quotes_daily]  33.75s type=Manual child_fresh=48s e2e=56s streamed_lat 8->8s lag 2498612->1397019
  [quotes_typed]  33.59s type=Manual child_fresh=Nones e2e=Nones streamed_lat 7->6s lag 49502->219268
  [lag] 2026-08-12T21:02:56Z raw=14935062183 behind=6s lag_rows=44988
  [quotes_daily]  33.94s type=Manual child_fresh=40s e2e=46s streamed_lat 6->6s lag 0->2774312
  [quotes_typed]  32.57s type=Manual child_fresh=Nones e2e=Nones streamed_lat 7->6s lag 606485->0
  [lag] 2026-08-12T21:03:56Z raw=14995638814 behind=5s lag_rows=5970
  [quotes_typed]  33.39s type=Manual child_fresh=Nones e2e=Nones streamed_lat 5->6s lag 0->0
  [quotes_daily]  34.01s type=Manual child_fresh=40s e2e=45s streamed_lat 5->5s lag 0->0
  [lag] 2026-08-12T21:04:56Z raw=15054815585 behind=5s lag_rows=0
  [quotes_typed]  32.53s type=Manual child_fresh=Nones e2e=Nones streamed_lat 5->7s lag 16504->1833741
  [quotes_daily]  33.56s type=Manual child_fresh=40s e2e=45s streamed_lat 6->5s lag 2374860->114232
  [quotes_typed]  32.33s type=Manual child_fresh=Nones e2e=Nones streamed_lat 6->4s lag 1669911->635822
  [lag] 2026-08-12T21:05:56Z raw=15119524150 behind=4s lag_rows=353633
  [quotes_daily]  33.88s type=Manual child_fresh=40s e2e=45s streamed_lat 4->5s lag 0->0
  [quotes_typed]  32.63s type=Manual child_fresh=Nones e2e=Nones streamed_lat 4->5s lag 105555->1109441
  [lag] 2026-08-12T21:06:56Z raw=15175594410 behind=5s lag_rows=235209
  [quotes_typed]  32.31s type=Manual child_fresh=Nones e2e=Nones streamed_lat 6->4s lag 1711755->73066
  [quotes_daily]  33.54s type=Manual child_fresh=39s e2e=43s streamed_lat 5->4s lag 45725->78066
  [lag] 2026-08-12T21:07:56Z raw=15236349553 behind=5s lag_rows=1717791
  [quotes_typed]  32.38s type=Manual child_fresh=Nones e2e=Nones streamed_lat 5->5s lag 0->1433838
  [quotes_daily]  33.48s type=Manual child_fresh=42s e2e=48s streamed_lat 4->6s lag 65211->1190027
  [lag] 2026-08-12T21:08:56Z raw=15297159860 behind=5s lag_rows=226694
  [quotes_typed]  32.23s type=Manual child_fresh=Nones e2e=Nones streamed_lat 5->5s lag 1549435->401577
  [quotes_daily]  33.56s type=Manual child_fresh=43s e2e=51s streamed_lat 4->8s lag 0->3174334
  [quotes_typed]  32.09s type=Manual child_fresh=Nones e2e=Nones streamed_lat 5->7s lag 2169213->260750
  [lag] 2026-08-12T21:09:56Z raw=15355989587 behind=6s lag_rows=161019
  [quotes_typed]  32.05s type=Manual child_fresh=Nones e2e=Nones streamed_lat 6->8s lag 796987->3268281
  [quotes_daily]  33.56s type=Manual child_fresh=39s e2e=44s streamed_lat 5->5s lag 0->502003
  [lag] 2026-08-12T21:10:56Z raw=15415692746 behind=6s lag_rows=2256648
  [quotes_typed]  32.05s type=Manual child_fresh=Nones e2e=Nones streamed_lat 6->5s lag 3419788->553493
  [quotes_daily]  33.65s type=Manual child_fresh=42s e2e=49s streamed_lat 6->7s lag 415650->1228692
  [quotes_typed]  32.19s type=Manual child_fresh=Nones e2e=Nones streamed_lat 4->6s lag 67194->60144
  [lag] 2026-08-12T21:11:56Z raw=15477520992 behind=6s lag_rows=2016102
  [quotes_typed]  32.07s type=Manual child_fresh=Nones e2e=Nones streamed_lat 6->5s lag 2001801->686038
  [quotes_daily]  33.65s type=Manual child_fresh=43s e2e=47s streamed_lat 6->4s lag 1779203->169676
  [lag] 2026-08-12T21:12:56Z raw=15535446005 behind=4s lag_rows=0
  [quotes_typed]  32.09s type=Manual child_fresh=Nones e2e=Nones streamed_lat 4->6s lag 118764->402998
  [quotes_daily]  33.59s type=Manual child_fresh=42s e2e=46s streamed_lat 4->4s lag 52567->0
  [lag] 2026-08-12T21:13:56Z raw=15591974897 behind=6s lag_rows=0
  [quotes_typed]  32.26s type=Manual child_fresh=Nones e2e=Nones streamed_lat 5->5s lag 257010->34934
  [quotes_daily]  33.91s type=Manual child_fresh=45s e2e=52s streamed_lat 7->7s lag 1484756->2877900
  [quotes_typed]  32.21s type=Manual child_fresh=Nones e2e=Nones streamed_lat 5->5s lag 62191->600407
  [lag] 2026-08-12T21:14:56Z raw=15656836305 behind=6s lag_rows=1339456
  [quotes_typed]  32.12s type=Manual child_fresh=Nones e2e=Nones streamed_lat 8->6s lag 4251703->2277750
  [quotes_daily]  33.52s type=Manual child_fresh=43s e2e=49s streamed_lat 6->6s lag 507493->256730
  [lag] 2026-08-12T21:15:56Z raw=15714699453 behind=5s lag_rows=407755
  [quotes_typed]  32.08s type=Manual child_fresh=Nones e2e=Nones streamed_lat 5->6s lag 0->2165693
  [quotes_daily]  33.70s type=Manual child_fresh=42s e2e=46s streamed_lat 5->4s lag 1162249->0
  [lag] 2026-08-12T21:16:56Z raw=15777603171 behind=5s lag_rows=270686
  [quotes_typed]  32.14s type=Manual child_fresh=Nones e2e=Nones streamed_lat 4->5s lag 67213->0
  [quotes_daily]  34.10s type=Manual child_fresh=42s e2e=46s streamed_lat 5->4s lag 0->0
  [quotes_typed]  32.09s type=Manual child_fresh=Nones e2e=Nones streamed_lat 6->4s lag 101725->462235
  [lag] 2026-08-12T21:17:56Z raw=15836818408 behind=4s lag_rows=31901
  [quotes_daily]  33.63s type=Manual child_fresh=41s e2e=46s streamed_lat 4->5s lag 0->135167
  [quotes_typed]  32.17s type=Manual child_fresh=Nones e2e=Nones streamed_lat 4->5s lag 54404->0
  [lag] 2026-08-12T21:18:56Z raw=15895623323 behind=4s lag_rows=0
  [quotes_typed]  32.15s type=Manual child_fresh=Nones e2e=Nones streamed_lat 5->4s lag 2245722->0
  [quotes_daily]  34.03s type=Manual child_fresh=42s e2e=47s streamed_lat 4->5s lag 0->1297591
  [lag] 2026-08-12T21:19:56Z raw=15955575773 behind=5s lag_rows=1645678
  [quotes_typed]  32.05s type=Manual child_fresh=Nones e2e=Nones streamed_lat 4->5s lag 0->0
  [quotes_daily]  33.76s type=Manual child_fresh=40s e2e=45s streamed_lat 5->5s lag 965020->81271
  [quotes_typed]  32.38s type=Manual child_fresh=Nones e2e=Nones streamed_lat 5->6s lag 0->162023
  [lag] 2026-08-12T21:20:56Z raw=16014928704 behind=6s lag_rows=15253
  [quotes_typed]  32.10s type=Manual child_fresh=Nones e2e=Nones streamed_lat 9->5s lag 1394103->0
  [quotes_daily]  33.49s type=Manual child_fresh=48s e2e=54s streamed_lat 6->6s lag 15253->1377539
  [lag] 2026-08-12T21:21:56Z raw=16073156317 behind=6s lag_rows=0
  [quotes_typed]  32.35s type=Manual child_fresh=Nones e2e=Nones streamed_lat 6->5s lag 2636097->138712
  [quotes_daily]  33.55s type=Manual child_fresh=41s e2e=48s streamed_lat 7->7s lag 2556704->1160317
  [lag] 2026-08-12T21:22:56Z raw=16135002459 behind=6s lag_rows=3127558
  [quotes_typed]  32.24s type=Manual child_fresh=Nones e2e=Nones streamed_lat 4->7s lag 99165->3996609
  [quotes_daily]  33.69s type=Manual child_fresh=42s e2e=47s streamed_lat 6->5s lag 421419->0
  [quotes_typed]  32.09s type=Manual child_fresh=Nones e2e=Nones streamed_lat 5->6s lag 0->3221310
  [lag] 2026-08-12T21:23:56Z raw=16194925557 behind=8s lag_rows=5185478
  [quotes_typed]   1.26s type=Manual child_fresh=Nones e2e=Nones streamed_lat 5->7s lag 0->808701
  [quotes_typed]  32.10s type=Manual child_fresh=Nones e2e=Nones streamed_lat 6->8s lag 939705->2462360
  [quotes_daily]  33.77s type=Manual child_fresh=48s e2e=57s streamed_lat 8->9s lag 2489049->2094121
  [lag] 2026-08-12T21:24:56Z raw=16254183306 behind=8s lag_rows=3665675
  [quotes_typed]  32.28s type=Manual child_fresh=Nones e2e=Nones streamed_lat 7->6s lag 0->319952
  [quotes_daily]  33.76s type=Manual child_fresh=42s e2e=47s streamed_lat 7->5s lag 1442551->195829
  [lag] 2026-08-12T21:25:56Z raw=16313154968 behind=5s lag_rows=0
  [quotes_typed]  32.29s type=Manual child_fresh=Nones e2e=Nones streamed_lat 6->5s lag 1513973->305693
  [quotes_daily]  33.60s type=Manual child_fresh=41s e2e=47s streamed_lat 6->6s lag 1351385->1558052
  [quotes_typed]  32.44s type=Manual child_fresh=Nones e2e=Nones streamed_lat 7->9s lag 2947275->3054485
  [lag] 2026-08-12T21:26:56Z raw=16372447706 behind=10s lag_rows=1408918
  [quotes_typed]  32.35s type=Manual child_fresh=Nones e2e=Nones streamed_lat 10->6s lag 2946318->22288
  [quotes_daily]  34.38s type=Manual child_fresh=48s e2e=55s streamed_lat 9->7s lag 5226507->2223295
  [lag] 2026-08-12T21:27:56Z raw=16434665091 behind=5s lag_rows=0
  [quotes_typed]  32.35s type=Manual child_fresh=Nones e2e=Nones streamed_lat 6->6s lag 0->0
  [quotes_daily]  33.64s type=Manual child_fresh=42s e2e=48s streamed_lat 6->6s lag 651133->0
  [quotes_typed]   8.10s type=Manual child_fresh=Nones e2e=Nones streamed_lat 6->5s lag 24849->0
  [lag] 2026-08-12T21:28:56Z raw=16495367325 behind=5s lag_rows=1273574
  [quotes_typed]  31.92s type=Manual child_fresh=Nones e2e=Nones streamed_lat 6->4s lag 115251->295469
  [quotes_daily]  33.99s type=Manual child_fresh=40s e2e=44s streamed_lat 5->4s lag 255665->28052
  [lag] 2026-08-12T21:29:56Z raw=16556552964 behind=5s lag_rows=550820
  [quotes_typed]  32.49s type=Manual child_fresh=Nones e2e=Nones streamed_lat 4->4s lag 62039->401865
  [quotes_daily]  33.74s type=Manual child_fresh=40s e2e=45s streamed_lat 5->5s lag 135860->896350
  [quotes_typed]  32.22s type=Manual child_fresh=Nones e2e=Nones streamed_lat 4->4s lag 0->0
  [lag] 2026-08-12T21:30:56Z raw=16616782847 behind=5s lag_rows=0
  [quotes_daily]  34.33s type=Manual child_fresh=42s e2e=46s streamed_lat 5->4s lag 283720->0
  [quotes_typed]  32.36s type=Manual child_fresh=Nones e2e=Nones streamed_lat 5->4s lag 157224->0
  [quotes_typed]   1.18s type=Manual child_fresh=Nones e2e=Nones streamed_lat 6->6s lag 0->74301
  [lag] 2026-08-12T21:31:56Z raw=16678247626 behind=5s lag_rows=2106222
  [quotes_typed]  32.19s type=Manual child_fresh=Nones e2e=Nones streamed_lat 5->5s lag 62524->0
  [quotes_daily]  34.06s type=Manual child_fresh=45s e2e=50s streamed_lat 6->5s lag 1807882->0
  [lag] 2026-08-12T21:32:56Z raw=16733046801 behind=5s lag_rows=0
  [quotes_typed]  32.49s type=Manual child_fresh=Nones e2e=Nones streamed_lat 6->5s lag 77453->115362
  [quotes_daily]  33.67s type=Manual child_fresh=40s e2e=46s streamed_lat 5->6s lag 0->1481022
  [lag] 2026-08-12T21:33:56Z raw=16795805768 behind=6s lag_rows=432239
  [quotes_typed]  32.31s type=Manual child_fresh=Nones e2e=Nones streamed_lat 5->5s lag 0->154640
  [quotes_daily]  33.81s type=Manual child_fresh=42s e2e=48s streamed_lat 5->6s lag 326373->2710916
  [lag] 2026-08-12T21:34:56Z raw=16855778855 behind=8s lag_rows=4159395
  [quotes_typed]  32.31s type=Manual child_fresh=Nones e2e=Nones streamed_lat 6->6s lag 387376->1070877
  [quotes_daily]  33.67s type=Manual child_fresh=42s e2e=47s streamed_lat 8->5s lag 1089207->167414
  [quotes_typed]  32.20s type=Manual child_fresh=Nones e2e=Nones streamed_lat 5->7s lag 312339->2373809
  [lag] 2026-08-12T21:35:56Z raw=16915204219 behind=7s lag_rows=1638386
  [quotes_typed]  32.23s type=Manual child_fresh=Nones e2e=Nones streamed_lat 7->6s lag 3661829->667181
  [quotes_daily]  33.81s type=Manual child_fresh=43s e2e=48s streamed_lat 6->5s lag 829075->362538
  [lag] 2026-08-12T21:36:56Z raw=16975030704 behind=6s lag_rows=0
  [quotes_typed]  32.40s type=Manual child_fresh=Nones e2e=Nones streamed_lat 6->6s lag 1986051->135386
  [quotes_daily]  33.67s type=Manual child_fresh=44s e2e=51s streamed_lat 6->7s lag 96219->3873108
  [quotes_typed]  32.44s type=Manual child_fresh=Nones e2e=Nones streamed_lat 7->6s lag 989231->38389
  [lag] 2026-08-12T21:37:56Z raw=17038719612 behind=6s lag_rows=998448
  [quotes_typed]  32.39s type=Manual child_fresh=Nones e2e=Nones streamed_lat 6->4s lag 739533->0
  [quotes_daily]  33.79s type=Manual child_fresh=46s e2e=51s streamed_lat 6->5s lag 952465->2105449
  [lag] 2026-08-12T21:38:56Z raw=17097955985 behind=4s lag_rows=1663693
  [quotes_typed]   8.24s type=Manual child_fresh=Nones e2e=Nones streamed_lat 4->5s lag 0->817749
  [quotes_daily]   2.89s type=Manual child_fresh=14s e2e=19s streamed_lat 4->5s lag 160594->516949
  [quotes_typed]  32.15s type=Manual child_fresh=Nones e2e=Nones streamed_lat 4->5s lag 60377->61333
  [lag] 2026-08-12T21:39:56Z raw=17154956888 behind=6s lag_rows=0
  [quotes_typed]   2.13s type=Manual child_fresh=Nones e2e=Nones streamed_lat 5->7s lag 62588->3482825
  [quotes_daily]  33.78s type=Manual child_fresh=43s e2e=49s streamed_lat 6->6s lag 2263873->72801
  [quotes_typed]  32.01s type=Manual child_fresh=Nones e2e=Nones streamed_lat 6->6s lag 0->72801
  [lag] 2026-08-12T21:40:56Z raw=17216930066 behind=7s lag_rows=952753
  [quotes_typed]  32.37s type=Manual child_fresh=Nones e2e=Nones streamed_lat 8->8s lag 1228887->927098
  [quotes_daily]  33.60s type=Manual child_fresh=44s e2e=49s streamed_lat 7->5s lag 2848518->0
  [lag] 2026-08-12T21:41:56Z raw=17276679153 behind=4s lag_rows=1158511
  [quotes_typed]  32.23s type=Manual child_fresh=Nones e2e=Nones streamed_lat 5->5s lag 0->92789
  [quotes_daily]  33.68s type=Manual child_fresh=43s e2e=48s streamed_lat 4->5s lag 134047->224264
  [lag] 2026-08-12T21:42:56Z raw=17334438502 behind=7s lag_rows=3566901
  [quotes_typed]  32.28s type=Manual child_fresh=Nones e2e=Nones streamed_lat 5->5s lag 254315->22370
  [quotes_daily]  33.79s type=Manual child_fresh=43s e2e=47s streamed_lat 6->4s lag 721715->1081387
  [quotes_typed]  32.56s type=Manual child_fresh=Nones e2e=Nones streamed_lat 5->5s lag 0->1142767
  [lag] 2026-08-12T21:43:56Z raw=17395363422 behind=4s lag_rows=0
  [quotes_typed]  32.40s type=Manual child_fresh=Nones e2e=Nones streamed_lat 4->6s lag 143016->911210
  [quotes_daily]  34.13s type=Manual child_fresh=42s e2e=48s streamed_lat 5->6s lag 410306->3002822
  [lag] 2026-08-12T21:44:56Z raw=17456253488 behind=4s lag_rows=55627
  [quotes_typed]  32.43s type=Manual child_fresh=Nones e2e=Nones streamed_lat 5->4s lag 553196->0
  [quotes_daily]  33.88s type=Manual child_fresh=41s e2e=45s streamed_lat 5->4s lag 812350->0
  [quotes_typed]  32.62s type=Manual child_fresh=Nones e2e=Nones streamed_lat 5->5s lag 1957668->186121
  [lag] 2026-08-12T21:45:56Z raw=17518824262 behind=5s lag_rows=141337
  [quotes_daily]   2.65s type=Manual child_fresh=16s e2e=21s streamed_lat 5->5s lag 242098->32136
  [quotes_typed]   1.26s type=Manual child_fresh=Nones e2e=Nones streamed_lat 5->6s lag 351158->2959154
  [lag] 2026-08-12T21:46:56Z raw=17578097403 behind=6s lag_rows=1278706
  [quotes_typed]  31.94s type=Manual child_fresh=Nones e2e=Nones streamed_lat 6->5s lag 2718204->0
  [quotes_daily]  34.17s type=Manual child_fresh=45s e2e=52s streamed_lat 5->7s lag 535514->3708967
  [quotes_typed]  32.27s type=Manual child_fresh=Nones e2e=Nones streamed_lat 4->6s lag 0->52158
  [lag] 2026-08-12T21:47:56Z raw=17636263310 behind=6s lag_rows=1568786
  [quotes_typed]  32.51s type=Manual child_fresh=Nones e2e=Nones streamed_lat 5->5s lag 0->6511
  [quotes_daily]  33.63s type=Manual child_fresh=44s e2e=49s streamed_lat 5->5s lag 360056->534562
  [lag] 2026-08-12T21:48:56Z raw=17696128398 behind=4s lag_rows=164516
  [quotes_typed]  32.44s type=Manual child_fresh=Nones e2e=Nones streamed_lat 5->4s lag 0->43284
  [quotes_daily]  16.76s type=Manual child_fresh=25s e2e=29s streamed_lat 5->4s lag 1132446->0
  [quotes_typed]  32.24s type=Manual child_fresh=Nones e2e=Nones streamed_lat 5->4s lag 632221->676794
  [lag] 2026-08-12T21:49:56Z raw=17760534807 behind=4s lag_rows=504536
  [quotes_daily]  33.72s type=Manual child_fresh=41s e2e=46s streamed_lat 4->5s lag 0->1630543
  [quotes_typed]  32.21s type=Manual child_fresh=Nones e2e=Nones streamed_lat 4->4s lag 0->0
  [lag] 2026-08-12T21:50:56Z raw=17817513924 behind=4s lag_rows=34322
  [quotes_typed]  32.40s type=Manual child_fresh=Nones e2e=Nones streamed_lat 4->6s lag 65666->0
  [quotes_daily]  33.69s type=Manual child_fresh=39s e2e=44s streamed_lat 4->5s lag 118284->0
  [lag] 2026-08-12T21:51:56Z raw=17875501427 behind=5s lag_rows=0
  [quotes_typed]  32.41s type=Manual child_fresh=Nones e2e=Nones streamed_lat 6->5s lag 0->0
  [quotes_daily]  33.73s type=Manual child_fresh=41s e2e=46s streamed_lat 5->5s lag 627426->129405
  [quotes_typed]  32.24s type=Manual child_fresh=Nones e2e=Nones streamed_lat 4->4s lag 2024926->127652
  [lag] 2026-08-12T21:52:56Z raw=17940451681 behind=5s lag_rows=748751
  [quotes_typed]  32.43s type=Manual child_fresh=Nones e2e=Nones streamed_lat 4->5s lag 0->383936
  [quotes_daily]  33.93s type=Manual child_fresh=42s e2e=47s streamed_lat 5->5s lag 576722->2268
  [lag] 2026-08-12T21:53:56Z raw=17996950743 behind=5s lag_rows=317368
  [quotes_typed]  32.40s type=Manual child_fresh=Nones e2e=Nones streamed_lat 5->5s lag 0->976197
  [quotes_daily]  33.72s type=Manual child_fresh=39s e2e=43s streamed_lat 5->4s lag 75617->0
  [lag] 2026-08-12T21:54:56Z raw=18055750129 behind=4s lag_rows=916041
  [quotes_typed]  32.24s type=Manual child_fresh=Nones e2e=Nones streamed_lat 4->5s lag 0->186837
  [quotes_daily]  33.74s type=Manual child_fresh=44s e2e=49s streamed_lat 4->5s lag 28047->92422
  [quotes_typed]  32.78s type=Manual child_fresh=Nones e2e=Nones streamed_lat 4->8s lag 0->2316312
  [lag] 2026-08-12T21:55:56Z raw=18116229799 behind=5s lag_rows=0
  [quotes_typed]  32.39s type=Manual child_fresh=Nones e2e=Nones streamed_lat 7->6s lag 3585656->488505
  [quotes_daily]  33.79s type=Manual child_fresh=45s e2e=50s streamed_lat 6->5s lag 2831689->0
  [lag] 2026-08-12T21:56:56Z raw=18175667174 behind=5s lag_rows=64464
  [quotes_typed]  32.89s type=Manual child_fresh=Nones e2e=Nones streamed_lat 6->5s lag 142751->0
  [quotes_daily]  33.93s type=Manual child_fresh=45s e2e=50s streamed_lat 5->5s lag 0->1279700
  [lag] 2026-08-12T21:57:56Z raw=18236435985 behind=5s lag_rows=272311
  [quotes_typed]  32.54s type=Manual child_fresh=Nones e2e=Nones streamed_lat 5->5s lag 806530->676441
  [quotes_daily]  33.74s type=Manual child_fresh=40s e2e=44s streamed_lat 5->4s lag 0->0
  [quotes_typed]  32.22s type=Manual child_fresh=Nones e2e=Nones streamed_lat 4->5s lag 77077->0
  [lag] 2026-08-12T21:58:56Z raw=18296968607 behind=6s lag_rows=1901257
  [quotes_typed]  32.42s type=Manual child_fresh=Nones e2e=Nones streamed_lat 4->5s lag 1518140->47732
  [quotes_daily]  34.71s type=Manual child_fresh=45s e2e=52s streamed_lat 4->7s lag 1442338->332000
  [quotes_typed]   2.49s type=Manual child_fresh=Nones e2e=Nones streamed_lat 6->5s lag 83539->10398
  [lag] 2026-08-12T21:59:56Z raw=18355753971 behind=5s lag_rows=0
  [quotes_typed]  32.28s type=Manual child_fresh=Nones e2e=Nones streamed_lat 5->5s lag 0->0
  [quotes_daily]  33.77s type=Manual child_fresh=44s e2e=49s streamed_lat 7->5s lag 1521415->521621
  [lag] 2026-08-12T22:00:56Z raw=18415339394 behind=5s lag_rows=683360
  [quotes_typed]  32.93s type=Manual child_fresh=Nones e2e=Nones streamed_lat 4->5s lag 932907->0
  [quotes_daily]  33.75s type=Manual child_fresh=42s e2e=47s streamed_lat 5->5s lag 468557->0
  [lag] 2026-08-12T22:01:56Z raw=18474957762 behind=4s lag_rows=0
  [quotes_typed]  32.24s type=Manual child_fresh=Nones e2e=Nones streamed_lat 5->4s lag 0->34450
  [quotes_daily]  33.81s type=Manual child_fresh=42s e2e=47s streamed_lat 4->5s lag 50475->170317
  [quotes_typed]  32.88s type=Manual child_fresh=Nones e2e=Nones streamed_lat 5->6s lag 0->2500922
  [lag] 2026-08-12T22:02:56Z raw=18537456182 behind=4s lag_rows=372089
  [quotes_typed]   1.30s type=Manual child_fresh=Nones e2e=Nones streamed_lat 4->5s lag 422611->564546
  [quotes_daily]  33.89s type=Manual child_fresh=43s e2e=48s streamed_lat 4->5s lag 193239->744202
  [quotes_typed]  32.02s type=Manual child_fresh=Nones e2e=Nones streamed_lat 4->5s lag 756778->47695
  [lag] 2026-08-12T22:03:56Z raw=18596602623 behind=5s lag_rows=758048
  [quotes_typed]  32.48s type=Manual child_fresh=Nones e2e=Nones streamed_lat 4->5s lag 0->0
  [quotes_daily]  33.63s type=Manual child_fresh=41s e2e=46s streamed_lat 4->5s lag 106408->106310
  [lag] 2026-08-12T22:04:56Z raw=18655140735 behind=4s lag_rows=0
  [quotes_typed]  32.32s type=Manual child_fresh=Nones e2e=Nones streamed_lat 4->4s lag 858492->114492
  [quotes_daily]  34.00s type=Manual child_fresh=42s e2e=49s streamed_lat 4->7s lag 111605->0
  [lag] 2026-08-12T22:05:56Z raw=18718671453 behind=7s lag_rows=2226315
  [quotes_typed]  32.56s type=Manual child_fresh=Nones e2e=Nones streamed_lat 7->7s lag 2161662->2551269
  [quotes_daily]   6.11s type=Manual child_fresh=13s e2e=18s streamed_lat 7->5s lag 2399741->356875
  [quotes_typed]  32.89s type=Manual child_fresh=Nones e2e=Nones streamed_lat 6->5s lag 3382316->0
  [lag] 2026-08-12T22:06:56Z raw=18775644159 behind=5s lag_rows=0
  [quotes_typed]  32.46s type=Manual child_fresh=Nones e2e=Nones streamed_lat 5->5s lag 2200155->165966
  [quotes_typed]   2.49s type=Manual child_fresh=Nones e2e=Nones streamed_lat 5->5s lag 147780->0
  [quotes_daily]  33.76s type=Manual child_fresh=45s e2e=52s streamed_lat 5->7s lag 1220743->4197464
  [lag] 2026-08-12T22:07:56Z raw=18833007758 behind=6s lag_rows=0
  [quotes_typed]  32.17s type=Manual child_fresh=Nones e2e=Nones streamed_lat 5->5s lag 25799->0
  [quotes_daily]  33.99s type=Manual child_fresh=42s e2e=49s streamed_lat 7->7s lag 1810709->781508
  [quotes_typed]  32.77s type=Manual child_fresh=Nones e2e=Nones streamed_lat 6->7s lag 631853->1208544
  [lag] 2026-08-12T22:08:56Z raw=18900796771 behind=5s lag_rows=533318
  [quotes_daily]   3.16s type=Manual child_fresh=17s e2e=22s streamed_lat 5->5s lag 0->0
  [lag] 2026-08-12T22:09:56Z raw=18959762974 behind=5s lag_rows=0
  [quotes_typed]  32.36s type=Manual child_fresh=Nones e2e=Nones streamed_lat 7->5s lag 931692->0
  [quotes_daily]  34.54s type=Manual child_fresh=43s e2e=47s streamed_lat 5->4s lag 0->91204
  [quotes_typed]  32.60s type=Manual child_fresh=Nones e2e=Nones streamed_lat 5->5s lag 2233203->1131801
  [lag] 2026-08-12T22:10:56Z raw=19018551188 behind=5s lag_rows=690907
  [quotes_typed]   1.34s type=Manual child_fresh=Nones e2e=Nones streamed_lat 4->4s lag 35266->0
  [quotes_daily]  33.76s type=Manual child_fresh=43s e2e=47s streamed_lat 5->4s lag 744352->0
  [quotes_typed]  32.02s type=Manual child_fresh=Nones e2e=Nones streamed_lat 4->4s lag 0->80686
  [lag] 2026-08-12T22:11:56Z raw=19076651958 behind=4s lag_rows=28164
  [quotes_typed]  32.03s type=Manual child_fresh=Nones e2e=Nones streamed_lat 4->5s lag 0->0
  [quotes_daily]  33.99s type=Manual child_fresh=45s e2e=51s streamed_lat 4->6s lag 0->0
  [quotes_typed]   2.04s type=Manual child_fresh=Nones e2e=Nones streamed_lat 5->7s lag 43859->3114060
  [lag] 2026-08-12T22:12:56Z raw=19136811810 behind=4s lag_rows=106561
  [quotes_typed]  31.79s type=Manual child_fresh=Nones e2e=Nones streamed_lat 5->4s lag 1619976->164889
  [quotes_daily]  33.88s type=Manual child_fresh=40s e2e=44s streamed_lat 4->4s lag 0->0
  [quotes_typed]   8.66s type=Manual child_fresh=Nones e2e=Nones streamed_lat 5->6s lag 1622697->1887793
  [lag] 2026-08-12T22:13:56Z raw=19198005188 behind=5s lag_rows=200705
  [quotes_typed]  32.02s type=Manual child_fresh=Nones e2e=Nones streamed_lat 4->5s lag 512547->68578
  [quotes_daily]  34.66s type=Manual child_fresh=50s e2e=56s streamed_lat 5->6s lag 58365->1488860
  [lag] 2026-08-12T22:14:56Z raw=19257457351 behind=5s lag_rows=2158468
  [quotes_typed]  32.10s type=Manual child_fresh=Nones e2e=Nones streamed_lat 5->6s lag 353014->2377081
  [quotes_daily]  33.95s type=Manual child_fresh=43s e2e=47s streamed_lat 5->4s lag 353536->0
  [lag] 2026-08-12T22:15:56Z raw=19315502493 behind=5s lag_rows=2111350
  [quotes_typed]  32.34s type=Manual child_fresh=Nones e2e=Nones streamed_lat 4->5s lag 305454->108894
  [quotes_daily]  33.75s type=Manual child_fresh=43s e2e=48s streamed_lat 5->5s lag 1188247->241322
  [lag] 2026-08-12T22:16:56Z raw=19378025649 behind=4s lag_rows=0
  [quotes_typed]  32.00s type=Manual child_fresh=Nones e2e=Nones streamed_lat 4->5s lag 0->881076
  [quotes_daily]   2.97s type=Manual child_fresh=15s e2e=19s streamed_lat 5->4s lag 398132->171448
  [quotes_typed]  32.34s type=Manual child_fresh=Nones e2e=Nones streamed_lat 5->4s lag 2154173->119024
  [lag] 2026-08-12T22:17:56Z raw=19436687236 behind=5s lag_rows=853584
  [quotes_typed]  32.17s type=Manual child_fresh=Nones e2e=Nones streamed_lat 4->5s lag 0->0
  [quotes_daily]  34.17s type=Manual child_fresh=43s e2e=48s streamed_lat 5->5s lag 174681->31782
  [lag] 2026-08-12T22:18:56Z raw=19495380368 behind=6s lag_rows=2551455
  [quotes_typed]  16.02s type=Manual child_fresh=Nones e2e=Nones streamed_lat 6->4s lag 1285504->101985
  [quotes_daily]  33.89s type=Manual child_fresh=39s e2e=43s streamed_lat 5->4s lag 189080->47845
  [quotes_typed]  31.95s type=Manual child_fresh=Nones e2e=Nones streamed_lat 5->5s lag 0->0
  [lag] 2026-08-12T22:19:56Z raw=19557143255 behind=5s lag_rows=739624
  [quotes_typed]  32.14s type=Manual child_fresh=Nones e2e=Nones streamed_lat 5->4s lag 1840020->36905
  [quotes_daily]  33.95s type=Manual child_fresh=43s e2e=48s streamed_lat 4->5s lag 135840->1352357
  [lag] 2026-08-12T22:20:56Z raw=19616288708 behind=4s lag_rows=65781
  [quotes_typed]  32.22s type=Manual child_fresh=Nones e2e=Nones streamed_lat 4->4s lag 55282->0
  [quotes_daily]  33.89s type=Manual child_fresh=41s e2e=46s streamed_lat 4->5s lag 72341->160530
  [quotes_typed]  32.35s type=Manual child_fresh=Nones e2e=Nones streamed_lat 4->5s lag 0->0
  [lag] 2026-08-12T22:21:56Z raw=19677837753 behind=4s lag_rows=0
  [quotes_typed]  32.23s type=Manual child_fresh=Nones e2e=Nones streamed_lat 4->5s lag 817288->1503507
  [quotes_daily]  33.87s type=Manual child_fresh=40s e2e=44s streamed_lat 5->4s lag 1982288->36630
  [quotes_typed]   1.50s type=Manual child_fresh=Nones e2e=Nones streamed_lat 4->4s lag 0->0
  [lag] 2026-08-12T22:22:56Z raw=19738839153 behind=4s lag_rows=364350
  [quotes_typed]  32.04s type=Manual child_fresh=Nones e2e=Nones streamed_lat 4->5s lag 317922->0
  [quotes_daily]  33.95s type=Manual child_fresh=43s e2e=49s streamed_lat 4->6s lag 26830->1231443
  [lag] 2026-08-12T22:23:56Z raw=19796114985 behind=5s lag_rows=74402
  [quotes_typed]  32.27s type=Manual child_fresh=Nones e2e=Nones streamed_lat 5->4s lag 2309355->70246
  [quotes_daily]  33.86s type=Manual child_fresh=39s e2e=43s streamed_lat 4->4s lag 0->39652
  [lag] 2026-08-12T22:24:56Z raw=19856174423 behind=4s lag_rows=34877
  [quotes_typed]  32.49s type=Manual child_fresh=Nones e2e=Nones streamed_lat 4->4s lag 0->0
  [quotes_daily]   9.84s type=Manual child_fresh=20s e2e=24s streamed_lat 5->4s lag 1407778->495754
  [quotes_typed]  32.96s type=Manual child_fresh=Nones e2e=Nones streamed_lat 4->4s lag 590876->0
  [lag] 2026-08-12T22:25:56Z raw=19918662297 behind=4s lag_rows=866876
  [quotes_typed]  32.31s type=Manual child_fresh=Nones e2e=Nones streamed_lat 4->5s lag 0->1886263
  [quotes_daily]  33.81s type=Manual child_fresh=42s e2e=47s streamed_lat 4->5s lag 0->216605
  [lag] 2026-08-12T22:26:56Z raw=19977765250 behind=5s lag_rows=166324
  [quotes_typed]   4.17s type=Manual child_fresh=Nones e2e=Nones streamed_lat 4->5s lag 0->921559
  [quotes_daily]  34.12s type=Manual child_fresh=44s e2e=49s streamed_lat 5->5s lag 2060900->55174
  [quotes_typed]  31.92s type=Manual child_fresh=Nones e2e=Nones streamed_lat 5->5s lag 2128967->0
  [lag] 2026-08-12T22:27:56Z raw=20036824610 behind=4s lag_rows=42367
  [quotes_typed]  32.26s type=Manual child_fresh=Nones e2e=Nones streamed_lat 6->4s lag 503223->74724
  [quotes_daily]  33.83s type=Manual child_fresh=40s e2e=45s streamed_lat 4->5s lag 0->0
  [lag] 2026-08-12T22:28:56Z raw=20096307175 behind=4s lag_rows=44181
  [quotes_typed]  32.16s type=Manual child_fresh=Nones e2e=Nones streamed_lat 4->4s lag 0->0
  [quotes_daily]  33.93s type=Manual child_fresh=41s e2e=46s streamed_lat 5->5s lag 1405283->738327
  [quotes_typed]  32.15s type=Manual child_fresh=Nones e2e=Nones streamed_lat 4->6s lag 0->2500320
  [lag] 2026-08-12T22:29:56Z raw=20156172946 behind=5s lag_rows=2121295
  [quotes_typed]  32.13s type=Manual child_fresh=Nones e2e=Nones streamed_lat 5->4s lag 298496->0
  [quotes_daily]  34.05s type=Manual child_fresh=43s e2e=49s streamed_lat 5->6s lag 254453->1887512
  [lag] 2026-08-12T22:30:56Z raw=20215263313 behind=6s lag_rows=557490
  [quotes_typed]  32.23s type=Manual child_fresh=Nones e2e=Nones streamed_lat 5->4s lag 17652->53910
  [quotes_daily]  33.89s type=Manual child_fresh=45s e2e=50s streamed_lat 6->5s lag 208491->990791
  [lag] 2026-08-12T22:31:56Z raw=20278336788 behind=5s lag_rows=94360
  [quotes_typed]  32.22s type=Manual child_fresh=Nones e2e=Nones streamed_lat 5->4s lag 0->0
  [quotes_daily]   2.92s type=Manual child_fresh=14s e2e=19s streamed_lat 5->5s lag 331345->1869249
  [quotes_typed]  32.14s type=Manual child_fresh=Nones e2e=Nones streamed_lat 4->4s lag 380290->0
  [lag] 2026-08-12T22:32:56Z raw=20335948950 behind=6s lag_rows=975526
  [quotes_typed]  32.47s type=Manual child_fresh=Nones e2e=Nones streamed_lat 5->4s lag 31019->0
  [quotes_daily]  33.87s type=Manual child_fresh=47s e2e=52s streamed_lat 6->5s lag 283824->2023811
  [lag] 2026-08-12T22:33:56Z raw=20391618807 behind=6s lag_rows=0
  [quotes_typed]  32.49s type=Manual child_fresh=Nones e2e=Nones streamed_lat 6->5s lag 423420->0
  [quotes_daily]  34.02s type=Manual child_fresh=42s e2e=46s streamed_lat 8->4s lag 1983351->0
  [lag] 2026-08-12T22:34:56Z raw=20456248521 behind=7s lag_rows=2720559
  [quotes_typed]  32.34s type=Manual child_fresh=Nones e2e=Nones streamed_lat 6->5s lag 0->0
  [quotes_daily]   5.87s type=Manual child_fresh=15s e2e=20s streamed_lat 6->5s lag 909207->41443
  [quotes_typed]  32.38s type=Manual child_fresh=Nones e2e=Nones streamed_lat 6->5s lag 2842126->156321
  [lag] 2026-08-12T22:35:56Z raw=20516705758 behind=5s lag_rows=929678
  [quotes_typed]  32.11s type=Manual child_fresh=Nones e2e=Nones streamed_lat 4->4s lag 0->65650
  [quotes_daily]  32.53s type=Manual child_fresh=39s e2e=43s streamed_lat 5->4s lag 85630->0
  [quotes_typed]   1.21s type=Manual child_fresh=Nones e2e=Nones streamed_lat 4->5s lag 343553->769931
  [lag] 2026-08-12T22:36:56Z raw=20576617782 behind=5s lag_rows=0
  [quotes_typed]   0.84s type=Manual child_fresh=Nones e2e=Nones streamed_lat 4->5s lag 77526->137790
  [quotes_daily]  34.35s type=Manual child_fresh=42s e2e=49s streamed_lat 5->7s lag 382717->105371
  [quotes_typed]  31.98s type=Manual child_fresh=Nones e2e=Nones streamed_lat 5->8s lag 2300015->4261193
  [lag] 2026-08-12T22:37:56Z raw=20634769620 behind=7s lag_rows=109806
  [quotes_typed]   1.26s type=Manual child_fresh=Nones e2e=Nones streamed_lat 6->8s lag 0->2763312
  [quotes_daily]   9.96s type=Manual child_fresh=15s e2e=23s streamed_lat 6->8s lag 0->0
  [quotes_typed]  32.17s type=Manual child_fresh=Nones e2e=Nones streamed_lat 7->5s lag 0->754490
  [lag] 2026-08-12T22:38:56Z raw=20697923394 behind=4s lag_rows=71306
  [quotes_typed]   2.20s type=Manual child_fresh=Nones e2e=Nones streamed_lat 5->4s lag 114801->185213
  [quotes_daily]   2.39s type=Manual child_fresh=12s e2e=18s streamed_lat 5->6s lag 482237->1688008
  [quotes_typed]  32.12s type=Manual child_fresh=Nones e2e=Nones streamed_lat 6->5s lag 586406->0
  [lag] 2026-08-12T22:39:56Z raw=20757742253 behind=6s lag_rows=491100
  [quotes_typed]   1.38s type=Manual child_fresh=Nones e2e=Nones streamed_lat 5->6s lag 0->2356741
  [quotes_daily]  33.93s type=Manual child_fresh=42s e2e=46s streamed_lat 6->4s lag 65074->409170
  [quotes_typed]  32.12s type=Manual child_fresh=Nones e2e=Nones streamed_lat 6->4s lag 103340->0
  [lag] 2026-08-12T22:40:56Z raw=20815370680 behind=5s lag_rows=297806
  [quotes_typed]   8.17s type=Manual child_fresh=Nones e2e=Nones streamed_lat 4->5s lag 0->109696
  [quotes_daily]  33.94s type=Manual child_fresh=41s e2e=45s streamed_lat 5->4s lag 134859->0
  [quotes_typed]  32.17s type=Manual child_fresh=Nones e2e=Nones streamed_lat 4->5s lag 0->1901080
  [lag] 2026-08-12T22:41:56Z raw=20875915026 behind=5s lag_rows=0
  [quotes_typed]  32.84s type=Manual child_fresh=Nones e2e=Nones streamed_lat 6->4s lag 463721->0
  [quotes_daily]  34.68s type=Manual child_fresh=45s e2e=49s streamed_lat 5->4s lag 169105->0
  [lag] 2026-08-12T22:42:56Z raw=20936234744 behind=7s lag_rows=655694
  [quotes_typed]  32.41s type=Manual child_fresh=Nones e2e=Nones streamed_lat 5->5s lag 1879063->0
  [quotes_daily]  33.97s type=Manual child_fresh=44s e2e=49s streamed_lat 5->5s lag 61833->239987
  [lag] 2026-08-12T22:43:56Z raw=20995941858 behind=4s lag_rows=785899
  [quotes_typed]  32.35s type=Manual child_fresh=Nones e2e=Nones streamed_lat 6->4s lag 2463129->0
  [quotes_daily]  34.26s type=Manual child_fresh=43s e2e=47s streamed_lat 4->4s lag 114236->0
  [quotes_typed]  32.34s type=Manual child_fresh=Nones e2e=Nones streamed_lat 4->4s lag 0->0
  [lag] 2026-08-12T22:44:56Z raw=21057830940 behind=5s lag_rows=2217154
  [quotes_typed]  32.16s type=Manual child_fresh=Nones e2e=Nones streamed_lat 5->4s lag 1130694->69064
  [quotes_daily]  33.92s type=Manual child_fresh=46s e2e=51s streamed_lat 5->5s lag 314724->0
  [lag] 2026-08-12T22:45:56Z raw=21117056729 behind=4s lag_rows=677445
  [quotes_typed]  32.16s type=Manual child_fresh=Nones e2e=Nones streamed_lat 5->5s lag 0->1379473
  [quotes_daily]  17.92s type=Manual child_fresh=31s e2e=36s streamed_lat 4->5s lag 0->696504
  [lag] 2026-08-12T22:46:56Z raw=21180846950 behind=6s lag_rows=147017
  [quotes_typed]  32.44s type=Manual child_fresh=Nones e2e=Nones streamed_lat 4->6s lag 74220->70713
  [quotes_daily]   2.56s type=Manual child_fresh=16s e2e=23s streamed_lat 8->7s lag 1011159->1289939
  [quotes_typed]   1.56s type=Manual child_fresh=Nones e2e=Nones streamed_lat 7->6s lag 178090->3219213
  [lag] 2026-08-12T22:47:56Z raw=21236779017 behind=6s lag_rows=146616
  [quotes_typed]  32.08s type=Manual child_fresh=Nones e2e=Nones streamed_lat 5->5s lag 754569->0
  [quotes_daily]  34.13s type=Manual child_fresh=40s e2e=45s streamed_lat 7->5s lag 3032085->802843
  [quotes_typed]  32.22s type=Manual child_fresh=Nones e2e=Nones streamed_lat 5->4s lag 1892603->0
  [lag] 2026-08-12T22:48:56Z raw=21295928978 behind=4s lag_rows=0
  [quotes_typed]  32.64s type=Manual child_fresh=Nones e2e=Nones streamed_lat 5->6s lag 1836628->118149
  [quotes_daily]  33.93s type=Manual child_fresh=41s e2e=45s streamed_lat 4->4s lag 1348170->0
  [lag] 2026-08-12T22:49:56Z raw=21355845478 behind=4s lag_rows=0
  [quotes_typed]  32.19s type=Manual child_fresh=Nones e2e=Nones streamed_lat 5->6s lag 512872->1008477
  [quotes_daily]  33.97s type=Manual child_fresh=41s e2e=45s streamed_lat 5->4s lag 1896791->67685
  [quotes_typed]  32.32s type=Manual child_fresh=Nones e2e=Nones streamed_lat 5->4s lag 215456->45350
  [lag] 2026-08-12T22:50:56Z raw=21417205852 behind=4s lag_rows=0
  [quotes_daily]  34.09s type=Manual child_fresh=45s e2e=50s streamed_lat 4->5s lag 0->2018508
  [quotes_typed]  32.37s type=Manual child_fresh=Nones e2e=Nones streamed_lat 4->5s lag 96135->897482
  [lag] 2026-08-12T22:51:56Z raw=21475037584 behind=6s lag_rows=2006075
  [quotes_typed]  32.25s type=Manual child_fresh=Nones e2e=Nones streamed_lat 5->5s lag 107634->698430
  [quotes_daily]  33.97s type=Manual child_fresh=43s e2e=47s streamed_lat 6->4s lag 1071529->18899
  [lag] 2026-08-12T22:52:56Z raw=21536628269 behind=5s lag_rows=542077
  [quotes_typed]  32.21s type=Manual child_fresh=Nones e2e=Nones streamed_lat 4->5s lag 47907->722220
  [quotes_daily]  10.15s type=Manual child_fresh=17s e2e=21s streamed_lat 4->4s lag 0->1448814
  [quotes_typed]   1.23s type=Manual child_fresh=Nones e2e=Nones streamed_lat 4->4s lag 38118->100387
  [quotes_typed]   2.34s type=Manual child_fresh=Nones e2e=Nones streamed_lat 4->5s lag 63681->1037767
  [lag] 2026-08-12T22:53:56Z raw=21596343918 behind=5s lag_rows=1658285
  [quotes_typed]  32.74s type=Manual child_fresh=Nones e2e=Nones streamed_lat 6->5s lag 1097276->0
  [quotes_daily]  34.28s type=Manual child_fresh=43s e2e=47s streamed_lat 5->4s lag 261150->0
  [lag] 2026-08-12T22:54:56Z raw=21657555461 behind=4s lag_rows=176579
  [quotes_typed]  32.21s type=Manual child_fresh=Nones e2e=Nones streamed_lat 3->4s lag 0->2721
  [quotes_daily]  34.23s type=Manual child_fresh=39s e2e=45s streamed_lat 4->6s lag 0->2449082
  [quotes_typed]  32.42s type=Manual child_fresh=Nones e2e=Nones streamed_lat 6->4s lag 2634019->0
  [lag] 2026-08-12T22:55:56Z raw=21715010983 behind=5s lag_rows=0
  [quotes_typed]  32.21s type=Manual child_fresh=Nones e2e=Nones streamed_lat 5->4s lag 2098281->0
  [quotes_daily]  34.00s type=Manual child_fresh=42s e2e=45s streamed_lat 4->3s lag 288302->0
  [lag] 2026-08-12T22:56:56Z raw=21777093578 behind=4s lag_rows=0
  [quotes_typed]  32.52s type=Manual child_fresh=Nones e2e=Nones streamed_lat 4->4s lag 0->32064
  [quotes_daily]   9.87s type=Manual child_fresh=20s e2e=25s streamed_lat 4->5s lag 403075->1134955
  [lag] 2026-08-12T22:57:56Z raw=21836890899 behind=4s lag_rows=0
  [quotes_typed]  32.52s type=Manual child_fresh=Nones e2e=Nones streamed_lat 4->5s lag 29480->581550
  [quotes_daily]  33.96s type=Manual child_fresh=44s e2e=48s streamed_lat 5->4s lag 522786->0
  [quotes_typed]  32.97s type=Manual child_fresh=Nones e2e=Nones streamed_lat 4->4s lag 73991->1610462
  [quotes_typed]   1.26s type=Manual child_fresh=Nones e2e=Nones streamed_lat 5->4s lag 0->185820
  [lag] 2026-08-12T22:58:56Z raw=21896706597 behind=4s lag_rows=0
  [quotes_daily]   2.97s type=Manual child_fresh=10s e2e=14s streamed_lat 5->4s lag 920966->95707
  [quotes_typed]   7.97s type=Manual child_fresh=Nones e2e=Nones streamed_lat 4->5s lag 0->2101699
  [lag] 2026-08-12T22:59:56Z raw=21957642933 behind=5s lag_rows=0
  [quotes_typed]  31.99s type=Manual child_fresh=Nones e2e=Nones streamed_lat 4->5s lag 0->0
  [quotes_daily]  34.09s type=Manual child_fresh=44s e2e=49s streamed_lat 5->5s lag 867171->499141
  [quotes_typed]  32.50s type=Manual child_fresh=Nones e2e=Nones streamed_lat 4->4s lag 0->0
  [lag] 2026-08-12T23:00:56Z raw=22016127185 behind=5s lag_rows=2082545
  [quotes_typed]  32.28s type=Manual child_fresh=Nones e2e=Nones streamed_lat 5->4s lag 0->0
  [quotes_daily]  34.00s type=Manual child_fresh=45s e2e=51s streamed_lat 5->6s lag 377372->362479
  [lag] 2026-08-12T23:01:56Z raw=22076197913 behind=5s lag_rows=0
  [quotes_typed]  16.44s type=Manual child_fresh=Nones e2e=Nones streamed_lat 4->5s lag 0->0
  [quotes_daily]  34.20s type=Manual child_fresh=42s e2e=48s streamed_lat 6->6s lag 477755->1323969
  [quotes_typed]  32.38s type=Manual child_fresh=Nones e2e=Nones streamed_lat 4->4s lag 0->0
  [lag] 2026-08-12T23:02:56Z raw=22137877375 behind=4s lag_rows=71879
  [quotes_typed]   2.29s type=Manual child_fresh=Nones e2e=Nones streamed_lat 5->5s lag 1877227->714117
  [quotes_daily]  34.19s type=Manual child_fresh=41s e2e=45s streamed_lat 4->4s lag 0->0
  [quotes_typed]  31.93s type=Manual child_fresh=Nones e2e=Nones streamed_lat 4->4s lag 128625->857281
  [lag] 2026-08-12T23:03:56Z raw=22201668828 behind=4s lag_rows=61986
  [quotes_typed]   1.21s type=Manual child_fresh=Nones e2e=Nones streamed_lat 6->4s lag 2505542->61170
  [quotes_daily]  34.57s type=Manual child_fresh=42s e2e=48s streamed_lat 4->6s lag 0->2660246
  [quotes_typed]  32.32s type=Manual child_fresh=Nones e2e=Nones streamed_lat 4->6s lag 0->975337
  [lag] 2026-08-12T23:04:56Z raw=22255405470 behind=5s lag_rows=231170
  [quotes_typed]  32.52s type=Manual child_fresh=Nones e2e=Nones streamed_lat 5->4s lag 378932->411366
  [quotes_daily]  34.30s type=Manual child_fresh=44s e2e=48s streamed_lat 5->4s lag 343678->85224
  [quotes_typed]   1.32s type=Manual child_fresh=Nones e2e=Nones streamed_lat 4->5s lag 0->951485
  [lag] 2026-08-12T23:05:56Z raw=22319613321 behind=5s lag_rows=97078
  [quotes_daily]   6.29s type=Manual child_fresh=20s e2e=25s streamed_lat 6->5s lag 691843->0
  [quotes_typed]  32.27s type=Manual child_fresh=Nones e2e=Nones streamed_lat 4->5s lag 125943->796843
  [lag] 2026-08-12T23:06:56Z raw=22396670228 behind=4s lag_rows=191139
  [lag] 2026-08-12T23:07:56Z raw=22443217949 behind=5s lag_rows=837928
  [quotes_daily]  34.83s type=Manual child_fresh=53s e2e=58s streamed_lat 6->5s lag 333601->1876941
  [quotes_daily] WARN: refresh exceeded the 60s cadence by 21.1s; next fires immediately.
  [quotes_typed]  32.89s type=Manual child_fresh=Nones e2e=Nones streamed_lat 5->6s lag 372279->457466
  [quotes_daily]   3.97s type=Manual child_fresh=24s e2e=30s streamed_lat 6->6s lag 1969256->738299
  [quotes_typed]   2.75s type=Manual child_fresh=Nones e2e=Nones streamed_lat 6->6s lag 388174->182887
  [lag] 2026-08-12T23:08:56Z raw=22498289225 behind=6s lag_rows=357651
  [quotes_typed]   8.18s type=Manual child_fresh=Nones e2e=Nones streamed_lat 6->4s lag 1361636->1555314
  [lag] 2026-08-12T23:09:56Z raw=22558967728 behind=4s lag_rows=0
  [quotes_daily]  34.89s type=Manual child_fresh=49s e2e=54s streamed_lat 6->5s lag 436561->507469
  [quotes_typed]  32.90s type=Manual child_fresh=Nones e2e=Nones streamed_lat 5->4s lag 698422->0
  [lag] 2026-08-12T23:10:56Z raw=22617876353 behind=4s lag_rows=669544
  [quotes_daily]  34.08s type=Manual child_fresh=48s e2e=53s streamed_lat 5->5s lag 394590->51283
  [quotes_typed]  32.49s type=Manual child_fresh=Nones e2e=Nones streamed_lat 4->7s lag 0->1888221
  [lag] 2026-08-12T23:11:56Z raw=22672887037 behind=4s lag_rows=0
  [quotes_daily]  34.17s type=Manual child_fresh=42s e2e=47s streamed_lat 4->5s lag 1341286->457326
  [quotes_typed]  32.37s type=Manual child_fresh=Nones e2e=Nones streamed_lat 5->5s lag 201103->0
  [lag] 2026-08-12T23:12:56Z raw=22736518494 behind=5s lag_rows=1225251
  [quotes_daily]  33.99s type=Manual child_fresh=46s e2e=50s streamed_lat 5->4s lag 1057839->57091
  [quotes_typed]  32.93s type=Manual child_fresh=Nones e2e=Nones streamed_lat 4->4s lag 1494498->0
  [lag] 2026-08-12T23:13:56Z raw=22797609106 behind=5s lag_rows=326741
  [quotes_daily]  34.57s type=Manual child_fresh=47s e2e=52s streamed_lat 4->5s lag 34699->0
  [quotes_typed]  32.58s type=Manual child_fresh=Nones e2e=Nones streamed_lat 4->5s lag 0->629997
  [quotes_typed]  32.65s type=Manual child_fresh=Nones e2e=Nones streamed_lat 4->5s lag 82746->2140980
  [quotes_daily]  34.06s type=Manual child_fresh=45s e2e=50s streamed_lat 5->5s lag 0->325612
  [lag] 2026-08-12T23:14:56Z raw=22858421224 behind=5s lag_rows=303848
  [quotes_typed]  32.41s type=Manual child_fresh=Nones e2e=Nones streamed_lat 6->5s lag 487025->511218
  [lag] 2026-08-12T23:15:56Z raw=22916195628 behind=4s lag_rows=0
  [quotes_daily]  34.11s type=Manual child_fresh=41s e2e=46s streamed_lat 5->5s lag 0->950739
  [quotes_typed]  32.25s type=Manual child_fresh=Nones e2e=Nones streamed_lat 4->5s lag 91149->119553
  [lag] 2026-08-12T23:16:56Z raw=22974391625 behind=4s lag_rows=0
  [quotes_daily]  34.13s type=Manual child_fresh=40s e2e=45s streamed_lat 5->5s lag 458048->138161
  [quotes_typed]  32.10s type=Manual child_fresh=Nones e2e=Nones streamed_lat 4->5s lag 50329->2314234
  [quotes_typed]  32.42s type=Manual child_fresh=Nones e2e=Nones streamed_lat 5->4s lag 974113->0
  [lag] 2026-08-12T23:17:56Z raw=23038151721 behind=5s lag_rows=17816
  [quotes_daily]  34.05s type=Manual child_fresh=47s e2e=51s streamed_lat 5->4s lag 34474->36524
  [quotes_typed]   2.07s type=Manual child_fresh=Nones e2e=Nones streamed_lat 5->5s lag 0->766485
  [quotes_typed]  31.81s type=Manual child_fresh=Nones e2e=Nones streamed_lat 4->4s lag 33209->40483
  [lag] 2026-08-12T23:18:56Z raw=23095525434 behind=4s lag_rows=0
  [quotes_daily]  34.41s type=Manual child_fresh=46s e2e=50s streamed_lat 4->4s lag 75181->0
  [quotes_typed]  32.25s type=Manual child_fresh=Nones e2e=Nones streamed_lat 5->5s lag 860608->0
  [lag] 2026-08-12T23:19:56Z raw=23155730899 behind=5s lag_rows=175272
  [quotes_daily]  34.32s type=Manual child_fresh=47s e2e=52s streamed_lat 5->5s lag 934023->884591
  [quotes_typed]  32.69s type=Manual child_fresh=Nones e2e=Nones streamed_lat 6->5s lag 468000->778892
  [lag] 2026-08-12T23:20:56Z raw=23216118221 behind=5s lag_rows=1692096
  [quotes_daily]  34.33s type=Manual child_fresh=43s e2e=48s streamed_lat 5->5s lag 162477->0
  [quotes_typed]  32.16s type=Manual child_fresh=Nones e2e=Nones streamed_lat 4->5s lag 83063->0
  [quotes_typed]  32.13s type=Manual child_fresh=Nones e2e=Nones streamed_lat 4->4s lag 0->0
  [quotes_typed]   1.02s type=Manual child_fresh=Nones e2e=Nones streamed_lat 4->5s lag 0->290300
  [lag] 2026-08-12T23:21:56Z raw=23280847576 behind=5s lag_rows=0
  [quotes_daily]  34.04s type=Manual child_fresh=48s e2e=53s streamed_lat 5->5s lag 0->444226
  [quotes_typed]  32.07s type=Manual child_fresh=Nones e2e=Nones streamed_lat 5->4s lag 412065->0
  [lag] 2026-08-12T23:22:56Z raw=23332756535 behind=7s lag_rows=4103395
  [quotes_daily]  34.52s type=Manual child_fresh=45s e2e=50s streamed_lat 4->5s lag 0->0
  [quotes_typed]  32.05s type=Manual child_fresh=Nones e2e=Nones streamed_lat 5->4s lag 1975327->1205536
  [lag] 2026-08-12T23:23:56Z raw=23398578992 behind=4s lag_rows=491687
  [quotes_daily]  34.11s type=Manual child_fresh=45s e2e=49s streamed_lat 4->4s lag 9381->0
  [quotes_typed]  32.22s type=Manual child_fresh=Nones e2e=Nones streamed_lat 4->5s lag 0->0
  [quotes_typed]  32.30s type=Manual child_fresh=Nones e2e=Nones streamed_lat 5->6s lag 23691->2507740
  [quotes_daily]  34.14s type=Manual child_fresh=42s e2e=47s streamed_lat 5->5s lag 2257329->2019811
  [lag] 2026-08-12T23:24:56Z raw=23460600407 behind=4s lag_rows=0
  [quotes_typed]   1.04s type=Manual child_fresh=Nones e2e=Nones streamed_lat 5->5s lag 483899->0
  [quotes_typed]   2.07s type=Manual child_fresh=Nones e2e=Nones streamed_lat 6->4s lag 230791->0
  [quotes_daily]   3.08s type=Manual child_fresh=12s e2e=16s streamed_lat 4->4s lag 345879->0
  [quotes_typed]   3.85s type=Manual child_fresh=Nones e2e=Nones streamed_lat 5->5s lag 1579306->0
  [lag] 2026-08-12T23:25:56Z raw=23514083778 behind=5s lag_rows=50709
  [quotes_typed]  15.75s type=Manual child_fresh=Nones e2e=Nones streamed_lat 5->6s lag 0->54974
  [quotes_typed]  32.26s type=Manual child_fresh=Nones e2e=Nones streamed_lat 9->8s lag 6232018->1610882
  [lag] 2026-08-12T23:26:56Z raw=23574899199 behind=5s lag_rows=0
  [quotes_daily]  34.59s type=Manual child_fresh=44s e2e=49s streamed_lat 7->5s lag 3774174->206467
  [quotes_typed]   8.12s type=Manual child_fresh=Nones e2e=Nones streamed_lat 6->5s lag 2111403->0
  [lag] 2026-08-12T23:27:56Z raw=23638685578 behind=4s lag_rows=0
  [quotes_typed]  32.08s type=Manual child_fresh=Nones e2e=Nones streamed_lat 6->4s lag 0->0
  [quotes_daily]  34.20s type=Manual child_fresh=43s e2e=47s streamed_lat 6->4s lag 0->41495
  [quotes_typed]   2.21s type=Manual child_fresh=Nones e2e=Nones streamed_lat 5->4s lag 88940->0
  [lag] 2026-08-12T23:28:56Z raw=23698973872 behind=5s lag_rows=1308800
  [quotes_typed]  32.01s type=Manual child_fresh=Nones e2e=Nones streamed_lat 4->4s lag 46743->0
  [quotes_daily]  34.16s type=Manual child_fresh=45s e2e=49s streamed_lat 5->4s lag 0->1406578
  [quotes_typed]   1.36s type=Manual child_fresh=Nones e2e=Nones streamed_lat 4->5s lag 0->844760
  [lag] 2026-08-12T23:29:56Z raw=23757813250 behind=5s lag_rows=829378
  [quotes_daily]  34.17s type=Manual child_fresh=43s e2e=47s streamed_lat 4->4s lag 0->39434
  [quotes_typed]  32.16s type=Manual child_fresh=Nones e2e=Nones streamed_lat 5->4s lag 839884->0
  [quotes_typed]   4.23s type=Manual child_fresh=Nones e2e=Nones streamed_lat 4->5s lag 1997912->144219
  [lag] 2026-08-12T23:30:56Z raw=23816089301 behind=5s lag_rows=163690
  [quotes_daily]  34.10s type=Manual child_fresh=44s e2e=48s streamed_lat 5->4s lag 0->0
  [quotes_typed]  31.96s type=Manual child_fresh=Nones e2e=Nones streamed_lat 4->5s lag 0->34368
  [quotes_typed]  32.31s type=Manual child_fresh=Nones e2e=Nones streamed_lat 5->4s lag 2047476->0
  [lag] 2026-08-12T23:31:56Z raw=23876219655 behind=4s lag_rows=4332
  [quotes_daily]  34.17s type=Manual child_fresh=43s e2e=48s streamed_lat 5->5s lag 1336001->613637
  [quotes_typed]  32.09s type=Manual child_fresh=Nones e2e=Nones streamed_lat 4->4s lag 560215->0
  [lag] 2026-08-12T23:32:56Z raw=23936366682 behind=4s lag_rows=34816
  [quotes_daily]  34.16s type=Manual child_fresh=42s e2e=47s streamed_lat 4->5s lag 0->2299807
  [quotes_typed]  32.59s type=Manual child_fresh=Nones e2e=Nones streamed_lat 5->4s lag 2356272->0
  [quotes_typed]  32.30s type=Manual child_fresh=Nones e2e=Nones streamed_lat 5->5s lag 982413->1221623
  [lag] 2026-08-12T23:33:56Z raw=23997626488 behind=5s lag_rows=112654
  [quotes_daily]  34.17s type=Manual child_fresh=46s e2e=50s streamed_lat 5->4s lag 127303->0
  [quotes_typed]  32.79s type=Manual child_fresh=Nones e2e=Nones streamed_lat 5->5s lag 1104919->1824451
  [lag] 2026-08-12T23:34:56Z raw=24056653710 behind=5s lag_rows=63587
  [quotes_daily]  34.35s type=Manual child_fresh=46s e2e=51s streamed_lat 4->5s lag 0->1947308
  [quotes_typed]  32.18s type=Manual child_fresh=Nones e2e=Nones streamed_lat 6->5s lag 2861162->615092
  [lag] 2026-08-12T23:35:56Z raw=24116444167 behind=5s lag_rows=920552
  [quotes_daily]  34.42s type=Manual child_fresh=43s e2e=47s streamed_lat 4->4s lag 543837->0
  [quotes_typed]  32.31s type=Manual child_fresh=Nones e2e=Nones streamed_lat 4->4s lag 23871->0
  [quotes_typed]  32.31s type=Manual child_fresh=Nones e2e=Nones streamed_lat 5->9s lag 1993977->6056850
  [lag] 2026-08-12T23:36:56Z raw=24177180761 behind=7s lag_rows=1665648
  [quotes_daily]  34.19s type=Manual child_fresh=46s e2e=52s streamed_lat 6->6s lag 3635520->0
  [quotes_typed]  32.19s type=Manual child_fresh=Nones e2e=Nones streamed_lat 7->6s lag 465240->1689059
  [lag] 2026-08-12T23:37:56Z raw=24233231294 behind=5s lag_rows=0
  [quotes_daily]  34.22s type=Manual child_fresh=45s e2e=51s streamed_lat 6->6s lag 829690->443451
  [quotes_typed]  32.31s type=Manual child_fresh=Nones e2e=Nones streamed_lat 5->7s lag 0->1607152
  [lag] 2026-08-12T23:38:56Z raw=24292031100 behind=6s lag_rows=0
  [quotes_daily]  34.43s type=Manual child_fresh=42s e2e=48s streamed_lat 5->6s lag 0->0
  [quotes_typed]  32.91s type=Manual child_fresh=Nones e2e=Nones streamed_lat 5->6s lag 103387->0
  [quotes_typed]  32.34s type=Manual child_fresh=Nones e2e=Nones streamed_lat 7->4s lag 143912->0
  [lag] 2026-08-12T23:39:56Z raw=24357625151 behind=4s lag_rows=150210
  [quotes_daily]  34.13s type=Manual child_fresh=46s e2e=51s streamed_lat 8->5s lag 1515803->716348
  [quotes_typed]  32.44s type=Manual child_fresh=Nones e2e=Nones streamed_lat 5->4s lag 2183974->71122
  [lag] 2026-08-12T23:40:56Z raw=24414866135 behind=5s lag_rows=1229194
  [quotes_daily]  34.23s type=Manual child_fresh=45s e2e=49s streamed_lat 4->4s lag 2574->0
  [quotes_typed]  32.17s type=Manual child_fresh=Nones e2e=Nones streamed_lat 4->4s lag 0->938258
  [lag] 2026-08-12T23:41:56Z raw=24475260580 behind=4s lag_rows=0
  [quotes_daily]  34.50s type=Manual child_fresh=41s e2e=45s streamed_lat 5->4s lag 0->59505
  [quotes_typed]  32.16s type=Manual child_fresh=Nones e2e=Nones streamed_lat 5->4s lag 69235->0
  [quotes_typed]  32.17s type=Manual child_fresh=Nones e2e=Nones streamed_lat 5->6s lag 0->3497189
  [lag] 2026-08-12T23:42:56Z raw=24535596085 behind=6s lag_rows=478305
  [quotes_daily]  34.39s type=Manual child_fresh=47s e2e=52s streamed_lat 6->5s lag 1583792->0
  [quotes_typed]   2.15s type=Manual child_fresh=Nones e2e=Nones streamed_lat 6->6s lag 335906->306557
  [quotes_typed]  31.93s type=Manual child_fresh=Nones e2e=Nones streamed_lat 7->5s lag 1932598->818444
  [lag] 2026-08-12T23:43:56Z raw=24596613884 behind=5s lag_rows=250590
  [quotes_typed]   1.15s type=Manual child_fresh=Nones e2e=Nones streamed_lat 4->5s lag 0->0
  [quotes_daily]  34.73s type=Manual child_fresh=47s e2e=53s streamed_lat 5->6s lag 0->1959932
  [quotes_typed]   3.94s type=Manual child_fresh=Nones e2e=Nones streamed_lat 6->5s lag 1519951->0
  [lag] 2026-08-12T23:44:56Z raw=24657700653 behind=5s lag_rows=1969706
  [quotes_daily]  34.53s type=Manual child_fresh=46s e2e=50s streamed_lat 4->4s lag 48843->369076
  [quotes_typed]  31.90s type=Manual child_fresh=Nones e2e=Nones streamed_lat 5->5s lag 2053949->270974
  [quotes_typed]   1.21s type=Manual child_fresh=Nones e2e=Nones streamed_lat 4->4s lag 0->42759
  [lag] 2026-08-12T23:45:56Z raw=24714763860 behind=4s lag_rows=49903
  [quotes_typed]  32.43s type=Manual child_fresh=Nones e2e=Nones streamed_lat 3->4s lag 0->0
  [quotes_daily]  34.43s type=Manual child_fresh=46s e2e=50s streamed_lat 5->4s lag 571762->0
  [quotes_typed]   4.16s type=Manual child_fresh=Nones e2e=Nones streamed_lat 4->4s lag 0->0
  [lag] 2026-08-12T23:46:56Z raw=24776931005 behind=5s lag_rows=1026021
  [quotes_daily]  34.44s type=Manual child_fresh=47s e2e=51s streamed_lat 5->4s lag 229045->40968
  [quotes_typed]  31.91s type=Manual child_fresh=Nones e2e=Nones streamed_lat 5->4s lag 1021014->0
  [quotes_typed]   4.29s type=Manual child_fresh=Nones e2e=Nones streamed_lat 4->4s lag 0->0
  [lag] 2026-08-12T23:47:56Z raw=24834718370 behind=5s lag_rows=65195
  [quotes_daily]  34.15s type=Manual child_fresh=49s e2e=54s streamed_lat 4->5s lag 43299->302497
  [quotes_typed]  31.92s type=Manual child_fresh=Nones e2e=Nones streamed_lat 4->4s lag 0->843844
  [quotes_typed]   4.35s type=Manual child_fresh=Nones e2e=Nones streamed_lat 5->6s lag 716976->265494
  [lag] 2026-08-12T23:48:56Z raw=24893679387 behind=5s lag_rows=3074648
  [quotes_daily]  34.31s type=Manual child_fresh=46s e2e=50s streamed_lat 6->4s lag 396387->1399598
  [quotes_typed]  32.09s type=Manual child_fresh=Nones e2e=Nones streamed_lat 5->4s lag 784120->234706
  [quotes_typed]   1.33s type=Manual child_fresh=Nones e2e=Nones streamed_lat 5->5s lag 0->307297
  [quotes_daily]   1.51s type=Manual child_fresh=13s e2e=18s streamed_lat 5->5s lag 136018->173061
  [lag] 2026-08-12T23:49:56Z raw=24953917755 behind=5s lag_rows=0
  [quotes_typed]  31.98s type=Manual child_fresh=Nones e2e=Nones streamed_lat 5->5s lag 0->0
  [quotes_typed]  32.23s type=Manual child_fresh=Nones e2e=Nones streamed_lat 5->4s lag 988417->0
  [lag] 2026-08-12T23:50:56Z raw=25017523567 behind=5s lag_rows=117099
  [quotes_daily]  34.19s type=Manual child_fresh=48s e2e=53s streamed_lat 5->5s lag 916912->288826
  [quotes_typed]   2.19s type=Manual child_fresh=Nones e2e=Nones streamed_lat 4->5s lag 1962196->1098516
  [quotes_typed]  31.95s type=Manual child_fresh=Nones e2e=Nones streamed_lat 4->4s lag 15494->0
  [lag] 2026-08-12T23:51:56Z raw=25076093494 behind=5s lag_rows=1696561
  [quotes_daily]  34.25s type=Manual child_fresh=45s e2e=50s streamed_lat 5->5s lag 74053->0
  [quotes_typed]  32.50s type=Manual child_fresh=Nones e2e=Nones streamed_lat 5->4s lag 0->1870563
  [lag] 2026-08-12T23:52:56Z raw=25136173683 behind=4s lag_rows=0
  [quotes_daily]  34.26s type=Manual child_fresh=43s e2e=48s streamed_lat 5->5s lag 777027->749948
  [quotes_typed]  32.18s type=Manual child_fresh=Nones e2e=Nones streamed_lat 5->4s lag 830732->0
  [lag] 2026-08-12T23:53:56Z raw=25197900952 behind=4s lag_rows=120678
  [quotes_typed]  32.76s type=Manual child_fresh=Nones e2e=Nones streamed_lat 4->4s lag 0->0
  [quotes_daily]  34.53s type=Manual child_fresh=47s e2e=51s streamed_lat 4->4s lag 12199->58429
  [quotes_typed]   4.31s type=Manual child_fresh=Nones e2e=Nones streamed_lat 5->5s lag 53293->0
  [lag] 2026-08-12T23:54:56Z raw=25256323249 behind=4s lag_rows=19573
  [quotes_typed]  32.38s type=Manual child_fresh=Nones e2e=Nones streamed_lat 5->5s lag 1832959->2035156
  [quotes_daily]  34.21s type=Manual child_fresh=45s e2e=49s streamed_lat 5->4s lag 455169->0
  [quotes_typed]  32.62s type=Manual child_fresh=Nones e2e=Nones streamed_lat 5->5s lag 491318->2411548
  [lag] 2026-08-12T23:55:56Z raw=25314862877 behind=4s lag_rows=0
  [quotes_daily]  34.41s type=Manual child_fresh=43s e2e=48s streamed_lat 4->5s lag 286237->89584
  [quotes_typed]  32.62s type=Manual child_fresh=Nones e2e=Nones streamed_lat 4->5s lag 142014->664559
  [quotes_daily]  18.38s type=Manual child_fresh=29s e2e=33s streamed_lat 6->4s lag 1724605->704237
  [lag] 2026-08-12T23:56:56Z raw=25375898526 behind=3s lag_rows=804810
  [quotes_typed]  32.41s type=Manual child_fresh=Nones e2e=Nones streamed_lat 5->4s lag 406033->0
  [lag] 2026-08-12T23:57:56Z raw=25439331609 behind=6s lag_rows=1253441
  [quotes_typed]  32.58s type=Manual child_fresh=Nones e2e=Nones streamed_lat 5->5s lag 2004633->1699367
  [quotes_daily]  34.40s type=Manual child_fresh=46s e2e=51s streamed_lat 5->5s lag 369209->293867
  [quotes_typed]   1.53s type=Manual child_fresh=Nones e2e=Nones streamed_lat 4->5s lag 135078->2069789
  [lag] 2026-08-12T23:58:56Z raw=25496655927 behind=4s lag_rows=366098
  [quotes_daily]  34.94s type=Manual child_fresh=45s e2e=49s streamed_lat 4->4s lag 0->67833
  [quotes_typed]  32.92s type=Manual child_fresh=Nones e2e=Nones streamed_lat 4->4s lag 0->237803
  [quotes_typed]  32.31s type=Manual child_fresh=Nones e2e=Nones streamed_lat 4->4s lag 0->398786
  [lag] 2026-08-12T23:59:56Z raw=25556895448 behind=4s lag_rows=0
  [quotes_daily]  34.31s type=Manual child_fresh=46s e2e=51s streamed_lat 4->5s lag 0->0
  [quotes_typed]   4.22s type=Manual child_fresh=Nones e2e=Nones streamed_lat 4->4s lag 970811->0
  [quotes_typed]  32.33s type=Manual child_fresh=Nones e2e=Nones streamed_lat 5->5s lag 0->2151499
  [lag] 2026-08-13T00:00:56Z raw=25618748518 behind=5s lag_rows=725798
  [quotes_daily]  34.47s type=Manual child_fresh=52s e2e=58s streamed_lat 4->6s lag 0->1043347
  [quotes_typed]   1.26s type=Manual child_fresh=Nones e2e=Nones streamed_lat 5->5s lag 488245->162016
  [quotes_typed]   2.11s type=Manual child_fresh=Nones e2e=Nones streamed_lat 5->4s lag 2050451->0
  [lag] 2026-08-13T00:01:56Z raw=25675955321 behind=4s lag_rows=680586
  [quotes_daily]  34.61s type=Manual child_fresh=44s e2e=48s streamed_lat 4->4s lag 0->0
  [quotes_typed]  31.93s type=Manual child_fresh=Nones e2e=Nones streamed_lat 4->6s lag 527098->722147
  [quotes_typed]  32.45s type=Manual child_fresh=Nones e2e=Nones streamed_lat 4->5s lag 0->0
  [lag] 2026-08-13T00:02:56Z raw=25740588122 behind=5s lag_rows=919574
  [quotes_daily]  34.23s type=Manual child_fresh=48s e2e=52s streamed_lat 5->4s lag 733557->0
  [quotes_typed]   2.27s type=Manual child_fresh=Nones e2e=Nones streamed_lat 5->4s lag 1080385->855684
  [quotes_typed]  31.90s type=Manual child_fresh=Nones e2e=Nones streamed_lat 4->5s lag 68479->1259210
  [lag] 2026-08-13T00:03:56Z raw=25799657154 behind=5s lag_rows=533701
  [quotes_daily]  34.24s type=Manual child_fresh=52s e2e=57s streamed_lat 5->5s lag 35412->72257
  [quotes_typed]   4.54s type=Manual child_fresh=Nones e2e=Nones streamed_lat 4->7s lag 0->972480
  [quotes_typed]  32.65s type=Manual child_fresh=Nones e2e=Nones streamed_lat 5->5s lag 0->1098873
  [lag] 2026-08-13T00:04:56Z raw=25853524750 behind=4s lag_rows=0
  [quotes_daily]  34.69s type=Manual child_fresh=50s e2e=55s streamed_lat 6->5s lag 130140->112603
  [quotes_typed]  32.31s type=Manual child_fresh=Nones e2e=Nones streamed_lat 5->4s lag 159768->0
  [lag] 2026-08-13T00:05:56Z raw=25914598487 behind=5s lag_rows=2178384
  [quotes_daily]  34.46s type=Manual child_fresh=45s e2e=50s streamed_lat 4->5s lag 33769->20475
  [quotes_typed]  32.35s type=Manual child_fresh=Nones e2e=Nones streamed_lat 4->5s lag 0->501075
  [quotes_daily]   3.32s type=Manual child_fresh=20s e2e=23s streamed_lat 4->3s lag 0->1065504
  [lag] 2026-08-13T00:06:56Z raw=25974706956 behind=4s lag_rows=0
  [quotes_typed]  16.51s type=Manual child_fresh=Nones e2e=Nones streamed_lat 4->5s lag 0->0
  [quotes_typed]   4.17s type=Manual child_fresh=Nones e2e=Nones streamed_lat 5->7s lag 2044153->155742
  [lag] 2026-08-13T00:07:56Z raw=26034677908 behind=4s lag_rows=0
  [quotes_typed]  32.02s type=Manual child_fresh=Nones e2e=Nones streamed_lat 5->5s lag 2130266->530332
  [quotes_daily]  34.42s type=Manual child_fresh=48s e2e=52s streamed_lat 7->4s lag 4035562->264278
  [quotes_typed]   1.47s type=Manual child_fresh=Nones e2e=Nones streamed_lat 5->5s lag 116594->449489
  [lag] 2026-08-13T00:08:56Z raw=26096518043 behind=3s lag_rows=0
  [quotes_daily]  35.02s type=Manual child_fresh=53s e2e=59s streamed_lat 6->6s lag 1812271->1810312
  [quotes_typed]  32.08s type=Manual child_fresh=Nones e2e=Nones streamed_lat 5->5s lag 0->152529
  [lag] 2026-08-13T00:09:56Z raw=26157499732 behind=4s lag_rows=392273
  [quotes_typed]  32.66s type=Manual child_fresh=Nones e2e=Nones streamed_lat 6->5s lag 2905409->2023741
  [quotes_daily]  34.52s type=Manual child_fresh=47s e2e=51s streamed_lat 5->4s lag 0->97955
  [quotes_typed]   2.70s type=Manual child_fresh=Nones e2e=Nones streamed_lat 5->5s lag 602432->26507
  [quotes_daily]   1.87s type=Manual child_fresh=14s e2e=18s streamed_lat 5->4s lag 0->0
  [lag] 2026-08-13T00:10:56Z raw=26215619521 behind=4s lag_rows=24660
  [quotes_typed]  32.28s type=Manual child_fresh=Nones e2e=Nones streamed_lat 5->4s lag 1228805->0
  [quotes_typed]  32.49s type=Manual child_fresh=Nones e2e=Nones streamed_lat 5->4s lag 1318679->93946
  [lag] 2026-08-13T00:11:56Z raw=26279124494 behind=4s lag_rows=520649
  [quotes_daily]  34.32s type=Manual child_fresh=49s e2e=53s streamed_lat 5->4s lag 1214529->0
  [quotes_typed]   4.37s type=Manual child_fresh=Nones e2e=Nones streamed_lat 4->5s lag 525374->1025187
  [quotes_typed]   2.16s type=Manual child_fresh=Nones e2e=Nones streamed_lat 4->5s lag 6455->1254837
  [lag] 2026-08-13T00:12:56Z raw=26335557430 behind=5s lag_rows=72191
  [quotes_daily]  34.53s type=Manual child_fresh=46s e2e=51s streamed_lat 5->5s lag 545473->540947
  [quotes_typed]  32.16s type=Manual child_fresh=Nones e2e=Nones streamed_lat 4->5s lag 67494->154748
  [quotes_typed]  33.13s type=Manual child_fresh=Nones e2e=Nones streamed_lat 4->4s lag 32346->0
  [lag] 2026-08-13T00:13:56Z raw=26398719885 behind=4s lag_rows=1218216
  [quotes_daily]  34.34s type=Manual child_fresh=45s e2e=49s streamed_lat 4->4s lag 0->0
  [quotes_typed]  32.39s type=Manual child_fresh=Nones e2e=Nones streamed_lat 4->5s lag 101254->2152781
  [lag] 2026-08-13T00:14:56Z raw=26456811346 behind=4s lag_rows=433148
  [quotes_daily]  34.63s type=Manual child_fresh=45s e2e=49s streamed_lat 4->4s lag 356709->0
  [quotes_typed]  33.44s type=Manual child_fresh=Nones e2e=Nones streamed_lat 5->4s lag 838110->118079
  [lag] 2026-08-13T00:15:56Z raw=26516396137 behind=5s lag_rows=2109401
  [quotes_daily]  34.34s type=Manual child_fresh=40s e2e=44s streamed_lat 5->4s lag 233971->0
  [quotes_typed]  32.61s type=Manual child_fresh=Nones e2e=Nones streamed_lat 5->4s lag 200501->61051
  [quotes_typed]   2.35s type=Manual child_fresh=Nones e2e=Nones streamed_lat 4->4s lag 477977->57137
  [lag] 2026-08-13T00:16:56Z raw=26574660077 behind=5s lag_rows=27776
  [quotes_daily]  34.58s type=Manual child_fresh=46s e2e=51s streamed_lat 4->5s lag 128335->792563
  [quotes_typed]  32.08s type=Manual child_fresh=Nones e2e=Nones streamed_lat 4->4s lag 0->683068
  [quotes_typed]   1.72s type=Manual child_fresh=Nones e2e=Nones streamed_lat 4->5s lag 0->0
  [lag] 2026-08-13T00:17:56Z raw=26635959338 behind=4s lag_rows=714559
  [quotes_daily]  34.38s type=Manual child_fresh=45s e2e=50s streamed_lat 5->5s lag 0->2137884
  [quotes_typed]  31.82s type=Manual child_fresh=Nones e2e=Nones streamed_lat 5->5s lag 1899639->135218
  [quotes_typed]   4.63s type=Manual child_fresh=Nones e2e=Nones streamed_lat 4->4s lag 0->0
  [quotes_typed]   1.04s type=Manual child_fresh=Nones e2e=Nones streamed_lat 4->4s lag 41363->672455
  [quotes_daily]   4.34s type=Manual child_fresh=23s e2e=28s streamed_lat 5->5s lag 2243533->1476636
  [quotes_typed]   3.79s type=Manual child_fresh=Nones e2e=Nones streamed_lat 5->5s lag 0->0
  [lag] 2026-08-13T00:18:56Z raw=26697960177 behind=5s lag_rows=1025683
  [quotes_typed]  32.04s type=Manual child_fresh=Nones e2e=Nones streamed_lat 5->4s lag 0->0
  [lag] 2026-08-13T00:19:56Z raw=26756154259 behind=5s lag_rows=846105
  [quotes_daily]  34.71s type=Manual child_fresh=42s e2e=47s streamed_lat 4->5s lag 0->839282
  [quotes_typed]  32.01s type=Manual child_fresh=Nones e2e=Nones streamed_lat 5->4s lag 2423490->266614
  [quotes_daily]   2.23s type=Manual child_fresh=13s e2e=17s streamed_lat 4->4s lag 635443->25808
  [lag] 2026-08-13T00:20:56Z raw=26815147619 behind=4s lag_rows=655582
  [quotes_typed]  32.44s type=Manual child_fresh=Nones e2e=Nones streamed_lat 4->4s lag 0->13566
  [quotes_typed]  32.24s type=Manual child_fresh=Nones e2e=Nones streamed_lat 5->4s lag 725677->44906
  [lag] 2026-08-13T00:21:56Z raw=26876548675 behind=5s lag_rows=867472
  [quotes_daily]  32.20s type=Manual child_fresh=44s e2e=49s streamed_lat 5->5s lag 1900973->141681
  [quotes_typed]  32.26s type=Manual child_fresh=Nones e2e=Nones streamed_lat 5->4s lag 980778->0
  [lag] 2026-08-13T00:22:56Z raw=26935963269 behind=4s lag_rows=40854
  [quotes_daily]  34.28s type=Manual child_fresh=42s e2e=46s streamed_lat 4->4s lag 0->126985
  [quotes_typed]  32.22s type=Manual child_fresh=Nones e2e=Nones streamed_lat 6->4s lag 664674->0
  [quotes_typed]  32.24s type=Manual child_fresh=Nones e2e=Nones streamed_lat 5->5s lag 492403->2296111
  [lag] 2026-08-13T00:23:56Z raw=26998664381 behind=5s lag_rows=366580
  [quotes_daily]  34.41s type=Manual child_fresh=49s e2e=54s streamed_lat 4->5s lag 10677->1019600
  [quotes_typed]  32.06s type=Manual child_fresh=Nones e2e=Nones streamed_lat 4->5s lag 88943->0
  [lag] 2026-08-13T00:24:56Z raw=27054983425 behind=4s lag_rows=0
  [quotes_daily]  34.39s type=Manual child_fresh=45s e2e=49s streamed_lat 4->4s lag 57811->0
  [quotes_typed]  32.15s type=Manual child_fresh=Nones e2e=Nones streamed_lat 6->4s lag 2517444->0
  [lag] 2026-08-13T00:25:56Z raw=27116317280 behind=5s lag_rows=186407
  [quotes_daily]  34.58s type=Manual child_fresh=44s e2e=49s streamed_lat 4->5s lag 911181->582761
  [quotes_typed]  32.24s type=Manual child_fresh=Nones e2e=Nones streamed_lat 4->5s lag 0->1321203
  [quotes_typed]   0.97s type=Manual child_fresh=Nones e2e=Nones streamed_lat 4->4s lag 700459->0
  [lag] 2026-08-13T00:26:56Z raw=27175635211 behind=4s lag_rows=25784
  [quotes_daily]  34.42s type=Manual child_fresh=44s e2e=50s streamed_lat 5->6s lag 158736->2144251
  [quotes_typed]  32.25s type=Manual child_fresh=Nones e2e=Nones streamed_lat 4->5s lag 1653500->0
  [quotes_typed]  32.08s type=Manual child_fresh=Nones e2e=Nones streamed_lat 5->5s lag 2144946->893894
  [lag] 2026-08-13T00:27:56Z raw=27238647907 behind=5s lag_rows=69143
  [quotes_daily]  34.35s type=Manual child_fresh=48s e2e=52s streamed_lat 4->4s lag 32191->71283
  [quotes_typed]  32.26s type=Manual child_fresh=Nones e2e=Nones streamed_lat 5->4s lag 730480->0
  [lag] 2026-08-13T00:28:56Z raw=27296021641 behind=4s lag_rows=379539
  [quotes_daily]  34.77s type=Manual child_fresh=46s e2e=50s streamed_lat 5->4s lag 891132->388096
  [quotes_typed]  32.28s type=Manual child_fresh=Nones e2e=Nones streamed_lat 5->4s lag 1342631->717142
  [lag] 2026-08-13T00:29:56Z raw=27356889283 behind=4s lag_rows=198836
  [quotes_daily]  34.69s type=Manual child_fresh=43s e2e=47s streamed_lat 4->4s lag 39392->390221
  [quotes_typed]  32.05s type=Manual child_fresh=Nones e2e=Nones streamed_lat 4->4s lag 49042->1860569
  [quotes_typed]   4.36s type=Manual child_fresh=Nones e2e=Nones streamed_lat 6->5s lag 1891039->1140654
  [lag] 2026-08-13T00:30:56Z raw=27415668890 behind=4s lag_rows=969908
  [quotes_daily]  34.65s type=Manual child_fresh=43s e2e=47s streamed_lat 5->4s lag 1506019->0
  [quotes_typed]  31.88s type=Manual child_fresh=Nones e2e=Nones streamed_lat 4->4s lag 48511->105891
  [quotes_typed]  32.12s type=Manual child_fresh=Nones e2e=Nones streamed_lat 5->5s lag 288838->937405
  [lag] 2026-08-13T00:31:56Z raw=27476581650 behind=5s lag_rows=248340
  [quotes_daily]  34.49s type=Manual child_fresh=46s e2e=50s streamed_lat 4->4s lag 0->626137
  [quotes_typed]  32.13s type=Manual child_fresh=Nones e2e=Nones streamed_lat 5->4s lag 454780->27584
  [lag] 2026-08-13T00:32:56Z raw=27534878403 behind=6s lag_rows=1461335
  [quotes_daily]  34.63s type=Manual child_fresh=43s e2e=48s streamed_lat 5->5s lag 2207261->429540
  [quotes_typed]  33.17s type=Manual child_fresh=Nones e2e=Nones streamed_lat 6->4s lag 2117677->33402
  [quotes_daily]   4.33s type=Manual child_fresh=15s e2e=19s streamed_lat 6->4s lag 833522->120101
  [lag] 2026-08-13T00:33:56Z raw=27594810157 behind=4s lag_rows=1905491
  [quotes_typed]  32.48s type=Manual child_fresh=Nones e2e=Nones streamed_lat 4->4s lag 757938->0
  [quotes_typed]   4.18s type=Manual child_fresh=Nones e2e=Nones streamed_lat 4->4s lag 0->628720
  [quotes_daily]  35.16s type=Manual child_fresh=44s e2e=49s streamed_lat 4->5s lag 0->980451
  [lag] 2026-08-13T00:34:56Z raw=27658186824 behind=5s lag_rows=560042
  [quotes_typed]  32.09s type=Manual child_fresh=Nones e2e=Nones streamed_lat 5->4s lag 0->0
  [quotes_typed]  32.15s type=Manual child_fresh=Nones e2e=Nones streamed_lat 4->5s lag 1118012->305549
  [lag] 2026-08-13T00:35:56Z raw=27717573107 behind=5s lag_rows=261558
  [quotes_daily]  32.50s type=Manual child_fresh=46s e2e=51s streamed_lat 4->5s lag 0->0
  [quotes_typed]  32.10s type=Manual child_fresh=Nones e2e=Nones streamed_lat 6->4s lag 2019471->166540
  [lag] 2026-08-13T00:36:56Z raw=27776326345 behind=5s lag_rows=855561
  [quotes_daily]  34.47s type=Manual child_fresh=45s e2e=51s streamed_lat 4->6s lag 0->2464925
  [quotes_typed]  32.41s type=Manual child_fresh=Nones e2e=Nones streamed_lat 5->5s lag 49581->1204899
  [lag] 2026-08-13T00:37:56Z raw=27835020219 behind=4s lag_rows=835046
  [quotes_daily]  34.45s type=Manual child_fresh=45s e2e=49s streamed_lat 4->4s lag 0->557478
  [quotes_typed]  32.12s type=Manual child_fresh=Nones e2e=Nones streamed_lat 4->5s lag 47087->0
  [quotes_typed]   4.07s type=Manual child_fresh=Nones e2e=Nones streamed_lat 5->4s lag 0->0
  [lag] 2026-08-13T00:38:56Z raw=27891329267 behind=7s lag_rows=871872
  [quotes_daily]  34.51s type=Manual child_fresh=44s e2e=50s streamed_lat 5->6s lag 190230->127697
  [quotes_typed]  32.16s type=Manual child_fresh=Nones e2e=Nones streamed_lat 5->6s lag 2222381->3022325
  [quotes_typed]   1.10s type=Manual child_fresh=Nones e2e=Nones streamed_lat 4->6s lag 0->3005831
  [lag] 2026-08-13T00:39:56Z raw=27953366890 behind=4s lag_rows=0
  [quotes_daily]  34.63s type=Manual child_fresh=47s e2e=51s streamed_lat 6->4s lag 1182741->314836
  [quotes_typed]  31.96s type=Manual child_fresh=Nones e2e=Nones streamed_lat 4->4s lag 0->1631517
  [quotes_typed]  33.16s type=Manual child_fresh=Nones e2e=Nones streamed_lat 5->6s lag 799031->3078760
  [lag] 2026-08-13T00:40:56Z raw=28016706910 behind=4s lag_rows=0
  [quotes_daily]  34.43s type=Manual child_fresh=47s e2e=51s streamed_lat 4->4s lag 381033->0
  [quotes_typed]  32.19s type=Manual child_fresh=Nones e2e=Nones streamed_lat 4->4s lag 16886->0
  [lag] 2026-08-13T00:41:56Z raw=28076820223 behind=4s lag_rows=266269
  [quotes_daily]  34.50s type=Manual child_fresh=45s e2e=49s streamed_lat 4->4s lag 25241->33075
  [quotes_typed]  16.14s type=Manual child_fresh=Nones e2e=Nones streamed_lat 4->4s lag 386950->0
  [quotes_typed]   4.40s type=Manual child_fresh=Nones e2e=Nones streamed_lat 4->4s lag 0->0
  [lag] 2026-08-13T00:42:56Z raw=28134423353 behind=5s lag_rows=47220
  [quotes_daily]  34.62s type=Manual child_fresh=41s e2e=47s streamed_lat 5->6s lag 0->117568
  [quotes_typed]  31.97s type=Manual child_fresh=Nones e2e=Nones streamed_lat 4->5s lag 0->0
  [quotes_typed]  32.61s type=Manual child_fresh=Nones e2e=Nones streamed_lat 4->4s lag 1883804->0
  [lag] 2026-08-13T00:43:56Z raw=28197711746 behind=4s lag_rows=0
  [quotes_daily]  34.49s type=Manual child_fresh=47s e2e=54s streamed_lat 4->7s lag 71667->1704328
  [quotes_typed]  32.24s type=Manual child_fresh=Nones e2e=Nones streamed_lat 5->4s lag 895256->0
  [lag] 2026-08-13T00:44:56Z raw=28254005353 behind=6s lag_rows=2821753
  [quotes_daily]  34.80s type=Manual child_fresh=44s e2e=49s streamed_lat 5->5s lag 740939->991686
  [quotes_typed]  32.39s type=Manual child_fresh=Nones e2e=Nones streamed_lat 5->5s lag 2054391->0
  [quotes_daily]   3.65s type=Manual child_fresh=12s e2e=16s streamed_lat 5->4s lag 384846->0
  [lag] 2026-08-13T00:45:56Z raw=28313465951 behind=4s lag_rows=0
  [quotes_typed]  32.54s type=Manual child_fresh=Nones e2e=Nones streamed_lat 4->4s lag 533186->1980169
  [quotes_typed]   1.14s type=Manual child_fresh=Nones e2e=Nones streamed_lat 5->6s lag 0->0
  [lag] 2026-08-13T00:46:56Z raw=28376692247 behind=4s lag_rows=80972
  [quotes_typed]  32.11s type=Manual child_fresh=Nones e2e=Nones streamed_lat 6->5s lag 2327126->0
  [quotes_daily]  34.54s type=Manual child_fresh=47s e2e=52s streamed_lat 6->5s lag 2296567->2897552
  [quotes_typed]  32.41s type=Manual child_fresh=Nones e2e=Nones streamed_lat 5->5s lag 16905->2053111
  [lag] 2026-08-13T00:47:56Z raw=28436336426 behind=4s lag_rows=616237
  [quotes_daily]  34.52s type=Manual child_fresh=45s e2e=50s streamed_lat 4->5s lag 813116->130656
  [quotes_typed]  32.43s type=Manual child_fresh=Nones e2e=Nones streamed_lat 4->5s lag 36576->1605131
  [quotes_daily]  34.80s type=Manual child_fresh=40s e2e=44s streamed_lat 4->4s lag 0->0
  [lag] 2026-08-13T00:48:56Z raw=28496250413 behind=4s lag_rows=0
  [quotes_typed]  32.45s type=Manual child_fresh=Nones e2e=Nones streamed_lat 4->6s lag 40929->38490
  [lag] 2026-08-13T00:49:56Z raw=28555804170 behind=5s lag_rows=541960
  [quotes_typed]  32.12s type=Manual child_fresh=Nones e2e=Nones streamed_lat 6->4s lag 736603->74186
  [quotes_daily]  34.48s type=Manual child_fresh=44s e2e=48s streamed_lat 5->4s lag 0->0
  [quotes_typed]  32.25s type=Manual child_fresh=Nones e2e=Nones streamed_lat 5->5s lag 2821570->42935
  [lag] 2026-08-13T00:50:56Z raw=28615018830 behind=5s lag_rows=1661943
  [quotes_daily]  34.67s type=Manual child_fresh=42s e2e=47s streamed_lat 4->5s lag 0->658081
  [quotes_typed]  32.16s type=Manual child_fresh=Nones e2e=Nones streamed_lat 4->4s lag 0->68060
  [lag] 2026-08-13T00:51:56Z raw=28676897657 behind=5s lag_rows=752966
  [quotes_daily]  34.83s type=Manual child_fresh=42s e2e=47s streamed_lat 5->5s lag 0->51881
  [quotes_typed]  32.18s type=Manual child_fresh=Nones e2e=Nones streamed_lat 4->6s lag 0->1233492
  [quotes_typed]  33.44s type=Manual child_fresh=Nones e2e=Nones streamed_lat 6->5s lag 1165133->2066602
  [lag] 2026-08-13T00:52:56Z raw=28736633056 behind=5s lag_rows=236338
  [quotes_daily]  34.50s type=Manual child_fresh=48s e2e=53s streamed_lat 5->5s lag 331296->0
  [quotes_typed]  32.24s type=Manual child_fresh=Nones e2e=Nones streamed_lat 4->4s lag 0->737390
  [lag] 2026-08-13T00:53:56Z raw=28795259776 behind=4s lag_rows=0
  [quotes_daily]  34.85s type=Manual child_fresh=45s e2e=50s streamed_lat 6->5s lag 1945231->1240327
  [quotes_typed]  32.41s type=Manual child_fresh=Nones e2e=Nones streamed_lat 4->4s lag 0->0
  [lag] 2026-08-13T00:54:56Z raw=28854579792 behind=5s lag_rows=0
  [quotes_typed]  32.52s type=Manual child_fresh=Nones e2e=Nones streamed_lat 4->5s lag 0->0
  [quotes_daily]  34.56s type=Manual child_fresh=44s e2e=49s streamed_lat 5->5s lag 1890544->0
  [quotes_typed]  32.20s type=Manual child_fresh=Nones e2e=Nones streamed_lat 5->5s lag 0->1717419
  [lag] 2026-08-13T00:55:56Z raw=28915975179 behind=4s lag_rows=165545
  [quotes_daily]  32.60s type=Manual child_fresh=40s e2e=45s streamed_lat 5->5s lag 0->459019
  [quotes_typed]   1.58s type=Manual child_fresh=Nones e2e=Nones streamed_lat 5->5s lag 263179->108683
  [quotes_typed]   0.96s type=Manual child_fresh=Nones e2e=Nones streamed_lat 4->4s lag 33178->664774
  [lag] 2026-08-13T00:56:56Z raw=28976013286 behind=4s lag_rows=0
  [quotes_typed]  32.04s type=Manual child_fresh=Nones e2e=Nones streamed_lat 5->4s lag 873241->49216
  [quotes_daily]  35.07s type=Manual child_fresh=46s e2e=51s streamed_lat 5->5s lag 475876->756915
  [quotes_typed]  32.44s type=Manual child_fresh=Nones e2e=Nones streamed_lat 5->4s lag 701229->35864
  [lag] 2026-08-13T00:57:56Z raw=29035378176 behind=5s lag_rows=1555192
  [quotes_daily]  34.56s type=Manual child_fresh=49s e2e=53s streamed_lat 5->4s lag 190466->44799
  [quotes_typed]   4.70s type=Manual child_fresh=Nones e2e=Nones streamed_lat 4->5s lag 0->889835
  [quotes_typed]  31.98s type=Manual child_fresh=Nones e2e=Nones streamed_lat 4->6s lag 40753->953894
  [lag] 2026-08-13T00:58:56Z raw=29094515791 behind=7s lag_rows=3128224
  [quotes_daily]  34.52s type=Manual child_fresh=47s e2e=52s streamed_lat 4->5s lag 0->0
  [quotes_typed]   2.18s type=Manual child_fresh=Nones e2e=Nones streamed_lat 4->5s lag 63471->0
  [quotes_typed]  31.97s type=Manual child_fresh=Nones e2e=Nones streamed_lat 4->4s lag 0->0
  [lag] 2026-08-13T00:59:56Z raw=29157199748 behind=4s lag_rows=523382
  [quotes_daily]  34.80s type=Manual child_fresh=43s e2e=47s streamed_lat 5->4s lag 2017526->200621
  [quotes_typed]  32.40s type=Manual child_fresh=Nones e2e=Nones streamed_lat 4->6s lag 0->3018707
  [quotes_daily]  10.57s type=Manual child_fresh=20s e2e=26s streamed_lat 4->6s lag 0->711718
  [quotes_typed]   2.27s type=Manual child_fresh=Nones e2e=Nones streamed_lat 4->4s lag 431704->0
  [lag] 2026-08-13T01:00:56Z raw=29215271313 behind=5s lag_rows=1216353
  [quotes_typed]  31.97s type=Manual child_fresh=Nones e2e=Nones streamed_lat 5->6s lag 2099501->1567223
  [quotes_daily]  10.49s type=Manual child_fresh=20s e2e=25s streamed_lat 4->5s lag 0->2667796
  [lag] 2026-08-13T01:01:56Z raw=29274521097 behind=5s lag_rows=1726493
  [quotes_typed]  32.43s type=Manual child_fresh=Nones e2e=Nones streamed_lat 5->5s lag 829471->0
  [lag] 2026-08-13T01:02:56Z raw=29339619185 behind=4s lag_rows=2032130
  [quotes_typed]  32.48s type=Manual child_fresh=Nones e2e=Nones streamed_lat 4->4s lag 50381->244818
  [quotes_daily]  35.24s type=Manual child_fresh=45s e2e=49s streamed_lat 4->4s lag 31700->386777
  [quotes_typed]   2.28s type=Manual child_fresh=Nones e2e=Nones streamed_lat 4->5s lag 858043->376586
  [quotes_daily]   2.58s type=Manual child_fresh=13s e2e=18s streamed_lat 5->5s lag 275889->0
  [lag] 2026-08-13T01:03:56Z raw=29394754462 behind=4s lag_rows=37023
  [quotes_typed]  32.02s type=Manual child_fresh=Nones e2e=Nones streamed_lat 5->4s lag 2226398->82488
  [quotes_typed]  32.24s type=Manual child_fresh=Nones e2e=Nones streamed_lat 4->4s lag 0->0
  [lag] 2026-08-13T01:04:56Z raw=29454056229 behind=5s lag_rows=0
  [quotes_daily]  34.62s type=Manual child_fresh=43s e2e=48s streamed_lat 5->5s lag 1988591->33278
  [quotes_typed]  32.21s type=Manual child_fresh=Nones e2e=Nones streamed_lat 4->4s lag 0->874346
  [lag] 2026-08-13T01:05:56Z raw=29515500025 behind=4s lag_rows=147249
  [quotes_daily]  34.72s type=Manual child_fresh=42s e2e=46s streamed_lat 4->4s lag 0->72831
  [quotes_typed]  32.29s type=Manual child_fresh=Nones e2e=Nones streamed_lat 5->4s lag 108716->0
  [quotes_typed]  32.27s type=Manual child_fresh=Nones e2e=Nones streamed_lat 4->5s lag 0->288851
  [lag] 2026-08-13T01:06:56Z raw=29577424612 behind=5s lag_rows=139546
  [quotes_daily]  34.71s type=Manual child_fresh=46s e2e=51s streamed_lat 4->5s lag 70938->0
  [quotes_typed]  32.52s type=Manual child_fresh=Nones e2e=Nones streamed_lat 5->5s lag 406071->0
  [lag] 2026-08-13T01:07:56Z raw=29637872805 behind=5s lag_rows=1447131
  [quotes_daily]  34.63s type=Manual child_fresh=52s e2e=56s streamed_lat 4->4s lag 0->533173
  [quotes_typed]   8.31s type=Manual child_fresh=Nones e2e=Nones streamed_lat 5->4s lag 0->0
  [quotes_typed]   1.07s type=Manual child_fresh=Nones e2e=Nones streamed_lat 3->6s lag 201322->749597
  [lag] 2026-08-13T01:08:56Z raw=29699731129 behind=4s lag_rows=169805
  [quotes_daily]  34.65s type=Manual child_fresh=58s e2e=63s streamed_lat 4->5s lag 113129->580548
  [quotes_daily] WARN: refresh exceeded the 60s cadence by 0.3s; next fires immediately.
  [quotes_typed]  31.94s type=Manual child_fresh=Nones e2e=Nones streamed_lat 4->5s lag 10617->114590
  [quotes_daily]   3.57s type=Manual child_fresh=13s e2e=18s streamed_lat 5->5s lag 195529->0
  [lag] 2026-08-13T01:09:56Z raw=29755294258 behind=4s lag_rows=0
  [quotes_typed]  32.42s type=Manual child_fresh=Nones e2e=Nones streamed_lat 5->4s lag 1245536->0
  [quotes_typed]   1.25s type=Manual child_fresh=Nones e2e=Nones streamed_lat 4->3s lag 331201->0
  [quotes_daily]   4.67s type=Manual child_fresh=13s e2e=18s streamed_lat 3->5s lag 604146->314847
  [quotes_typed]   7.99s type=Manual child_fresh=Nones e2e=Nones streamed_lat 4->5s lag 0->1909593
  [lag] 2026-08-13T01:10:56Z raw=29814004885 behind=6s lag_rows=2860600
  [quotes_typed]  16.06s type=Manual child_fresh=Nones e2e=Nones streamed_lat 5->5s lag 885825->1024724
  [quotes_typed]   1.17s type=Manual child_fresh=Nones e2e=Nones streamed_lat 4->4s lag 73794->0
  [lag] 2026-08-13T01:11:56Z raw=29878589971 behind=4s lag_rows=55635
  [quotes_daily]  35.01s type=Manual child_fresh=46s e2e=51s streamed_lat 4->5s lag 0->923109
  [quotes_typed]  32.14s type=Manual child_fresh=Nones e2e=Nones streamed_lat 4->5s lag 512338->223799
  [quotes_typed]  32.41s type=Manual child_fresh=Nones e2e=Nones streamed_lat 4->5s lag 0->0
  [lag] 2026-08-13T01:12:56Z raw=29934477176 behind=4s lag_rows=0
  [quotes_daily]  34.67s type=Manual child_fresh=44s e2e=48s streamed_lat 5->4s lag 1000298->0
  [quotes_typed]  32.66s type=Manual child_fresh=Nones e2e=Nones streamed_lat 4->5s lag 0->0
  [quotes_daily]  18.59s type=Manual child_fresh=25s e2e=30s streamed_lat 5->5s lag 0->0
  [lag] 2026-08-13T01:13:56Z raw=29994292449 behind=5s lag_rows=2349554
  [quotes_typed]  32.19s type=Manual child_fresh=Nones e2e=Nones streamed_lat 4->4s lag 0->0
  [lag] 2026-08-13T01:14:56Z raw=30053605039 behind=5s lag_rows=0
  [quotes_typed]  32.44s type=Manual child_fresh=Nones e2e=Nones streamed_lat 4->5s lag 0->36122
  [quotes_daily]  35.11s type=Manual child_fresh=48s e2e=53s streamed_lat 4->5s lag 0->0
  [quotes_typed]   5.28s type=Manual child_fresh=Nones e2e=Nones streamed_lat 5->4s lag 0->1245685
  [lag] 2026-08-13T01:15:56Z raw=30115380487 behind=4s lag_rows=20150
  [quotes_daily]  34.68s type=Manual child_fresh=43s e2e=47s streamed_lat 5->4s lag 822210->0
  [quotes_typed]  32.57s type=Manual child_fresh=Nones e2e=Nones streamed_lat 5->5s lag 969441->1964302
  [quotes_typed]   2.30s type=Manual child_fresh=Nones e2e=Nones streamed_lat 5->4s lag 758514->0
  [lag] 2026-08-13T01:16:56Z raw=30175432780 behind=4s lag_rows=0
  [quotes_daily]  34.66s type=Manual child_fresh=43s e2e=47s streamed_lat 5->4s lag 199611->0
  [quotes_typed]  32.08s type=Manual child_fresh=Nones e2e=Nones streamed_lat 4->5s lag 0->2004456
  [quotes_typed]   8.53s type=Manual child_fresh=Nones e2e=Nones streamed_lat 6->5s lag 3304662->698557
  [lag] 2026-08-13T01:17:56Z raw=30233782325 behind=4s lag_rows=0
  [quotes_daily]  37.77s type=Manual child_fresh=49s e2e=54s streamed_lat 4->5s lag 0->0
  [quotes_typed]  32.09s type=Manual child_fresh=Nones e2e=Nones streamed_lat 4->5s lag 47844->2275750
  [quotes_typed]  32.23s type=Manual child_fresh=Nones e2e=Nones streamed_lat 7->5s lag 1709580->198143
  [lag] 2026-08-13T01:18:56Z raw=30296182393 behind=5s lag_rows=1844559
  [quotes_daily]  34.69s type=Manual child_fresh=46s e2e=51s streamed_lat 5->5s lag 569171->776483
  [quotes_typed]  32.32s type=Manual child_fresh=Nones e2e=Nones streamed_lat 5->4s lag 890839->91500
  [lag] 2026-08-13T01:19:56Z raw=30357275385 behind=6s lag_rows=2016279
  [quotes_daily]  34.88s type=Manual child_fresh=46s e2e=51s streamed_lat 4->5s lag 33500->44964
  [quotes_typed]  32.39s type=Manual child_fresh=Nones e2e=Nones streamed_lat 5->4s lag 204955->47370
  [lag] 2026-08-13T01:20:56Z raw=30414953841 behind=5s lag_rows=1517166
  [quotes_daily]  34.84s type=Manual child_fresh=42s e2e=47s streamed_lat 4->5s lag 70417->0
  [quotes_typed]  32.01s type=Manual child_fresh=Nones e2e=Nones streamed_lat 4->6s lag 0->1213530
  [quotes_typed]  32.22s type=Manual child_fresh=Nones e2e=Nones streamed_lat 4->4s lag 59469->0
  [lag] 2026-08-13T01:21:56Z raw=30476233485 behind=5s lag_rows=317944
  [quotes_daily]  35.00s type=Manual child_fresh=44s e2e=48s streamed_lat 4->4s lag 611048->383934
  [quotes_typed]  32.12s type=Manual child_fresh=Nones e2e=Nones streamed_lat 5->4s lag 585535->0
  [quotes_daily]  35.02s type=Manual child_fresh=43s e2e=47s streamed_lat 5->4s lag 971242->0
  [lag] 2026-08-13T01:22:56Z raw=30536678093 behind=5s lag_rows=537489
  [quotes_typed]  32.11s type=Manual child_fresh=Nones e2e=Nones streamed_lat 5->4s lag 2207184->676769
  [lag] 2026-08-13T01:23:56Z raw=30595135866 behind=5s lag_rows=878857
  [quotes_daily]  34.90s type=Manual child_fresh=45s e2e=49s streamed_lat 5->4s lag 2171930->412873
  [quotes_typed]  32.25s type=Manual child_fresh=Nones e2e=Nones streamed_lat 5->4s lag 807772->0
  [quotes_typed]  32.14s type=Manual child_fresh=Nones e2e=Nones streamed_lat 4->4s lag 1917063->0
  [quotes_daily]  34.61s type=Manual child_fresh=43s e2e=48s streamed_lat 6->5s lag 817403->2087262
  [lag] 2026-08-13T01:24:56Z raw=30665950793 behind=4s lag_rows=36602
  [quotes_typed]  32.25s type=Manual child_fresh=Nones e2e=Nones streamed_lat 5->4s lag 194886->24253
  [lag] 2026-08-13T01:25:56Z raw=30716257004 behind=4s lag_rows=50785
  [quotes_daily]  35.38s type=Manual child_fresh=43s e2e=48s streamed_lat 4->5s lag 0->249453
  [quotes_typed]  32.36s type=Manual child_fresh=Nones e2e=Nones streamed_lat 4->3s lag 1473575->657524
  [lag] 2026-08-13T01:26:56Z raw=30774677636 behind=5s lag_rows=2241638
  [quotes_typed]  32.06s type=Manual child_fresh=Nones e2e=Nones streamed_lat 4->4s lag 0->87025
  [quotes_daily]  34.80s type=Manual child_fresh=46s e2e=50s streamed_lat 4->4s lag 277993->38771
  [quotes_typed]  32.53s type=Manual child_fresh=Nones e2e=Nones streamed_lat 4->5s lag 0->1941198
  [lag] 2026-08-13T01:27:56Z raw=30838756773 behind=5s lag_rows=164506
  [quotes_daily]  34.68s type=Manual child_fresh=47s e2e=51s streamed_lat 4->4s lag 106859->0
  [quotes_typed]  32.88s type=Manual child_fresh=Nones e2e=Nones streamed_lat 4->5s lag 108261->1584111
  [lag] 2026-08-13T01:28:56Z raw=30895284587 behind=4s lag_rows=0
  [quotes_daily]  34.80s type=Manual child_fresh=43s e2e=47s streamed_lat 5->4s lag 21717->0
  [quotes_typed]  32.81s type=Manual child_fresh=Nones e2e=Nones streamed_lat 5->5s lag 128470->1999369
  [lag] 2026-08-13T01:29:56Z raw=30955048672 behind=4s lag_rows=0
  [quotes_daily]  34.95s type=Manual child_fresh=45s e2e=49s streamed_lat 4->4s lag 0->0
  [quotes_typed]  32.55s type=Manual child_fresh=Nones e2e=Nones streamed_lat 4->4s lag 3728->0
  [quotes_typed]  32.39s type=Manual child_fresh=Nones e2e=Nones streamed_lat 5->4s lag 1538816->0
  [lag] 2026-08-13T01:30:56Z raw=31015641117 behind=5s lag_rows=0
  [quotes_daily]  34.75s type=Manual child_fresh=44s e2e=48s streamed_lat 5->4s lag 2178476->0
  [quotes_typed]  32.63s type=Manual child_fresh=Nones e2e=Nones streamed_lat 5->5s lag 253694->2135624
  [lag] 2026-08-13T01:31:56Z raw=31074798554 behind=4s lag_rows=2000135
  [quotes_daily]  34.77s type=Manual child_fresh=42s e2e=46s streamed_lat 4->4s lag 0->30380
  [quotes_typed]  32.11s type=Manual child_fresh=Nones e2e=Nones streamed_lat 6->4s lag 3110168->0
  [quotes_daily]   3.79s type=Manual child_fresh=13s e2e=17s streamed_lat 4->4s lag 382768->78109
  [lag] 2026-08-13T01:32:56Z raw=31134802045 behind=4s lag_rows=0
  [quotes_typed]  32.17s type=Manual child_fresh=Nones e2e=Nones streamed_lat 4->4s lag 647405->35501
  [quotes_typed]  32.07s type=Manual child_fresh=Nones e2e=Nones streamed_lat 4->4s lag 0->702828
  [lag] 2026-08-13T01:33:56Z raw=31199799685 behind=5s lag_rows=285317
  [quotes_daily]  34.75s type=Manual child_fresh=45s e2e=49s streamed_lat 4->4s lag 0->61628
  [quotes_typed]  32.14s type=Manual child_fresh=Nones e2e=Nones streamed_lat 4->4s lag 156050->0
  [lag] 2026-08-13T01:34:56Z raw=31253978452 behind=5s lag_rows=0
  [quotes_daily]  34.76s type=Manual child_fresh=46s e2e=50s streamed_lat 5->4s lag 0->1983932
  [quotes_typed]   8.20s type=Manual child_fresh=Nones e2e=Nones streamed_lat 4->5s lag 0->1824555
  [quotes_typed]  31.93s type=Manual child_fresh=Nones e2e=Nones streamed_lat 5->5s lag 1041281->842026
  [lag] 2026-08-13T01:35:56Z raw=31314669935 behind=4s lag_rows=35300
  [quotes_daily]  34.79s type=Manual child_fresh=45s e2e=49s streamed_lat 4->4s lag 128041->0
  [quotes_typed]  32.08s type=Manual child_fresh=Nones e2e=Nones streamed_lat 4->4s lag 55689->96056
  [quotes_daily]  18.71s type=Manual child_fresh=29s e2e=33s streamed_lat 7->4s lag 3776486->0
  [lag] 2026-08-13T01:36:56Z raw=31374849560 behind=4s lag_rows=1861305
  [quotes_typed]  32.46s type=Manual child_fresh=Nones e2e=Nones streamed_lat 5->4s lag 0->1057691
  [quotes_typed]   1.13s type=Manual child_fresh=Nones e2e=Nones streamed_lat 4->5s lag 0->1021916
  [lag] 2026-08-13T01:37:56Z raw=31434582554 behind=5s lag_rows=1921826
  [quotes_daily]  34.85s type=Manual child_fresh=42s e2e=46s streamed_lat 4->4s lag 0->0
  [quotes_typed]  31.86s type=Manual child_fresh=Nones e2e=Nones streamed_lat 4->4s lag 37508->20390
  [quotes_typed]   4.08s type=Manual child_fresh=Nones e2e=Nones streamed_lat 4->4s lag 0->0
  [lag] 2026-08-13T01:38:56Z raw=31494753856 behind=5s lag_rows=147741
  [quotes_typed]  32.00s type=Manual child_fresh=Nones e2e=Nones streamed_lat 5->5s lag 1084956->20671
  [quotes_daily]  34.69s type=Manual child_fresh=46s e2e=51s streamed_lat 6->5s lag 959193->2156557
  [quotes_typed]  32.16s type=Manual child_fresh=Nones e2e=Nones streamed_lat 5->4s lag 0->0
  [lag] 2026-08-13T01:39:56Z raw=31559457503 behind=5s lag_rows=1565272
  [quotes_daily]  34.96s type=Manual child_fresh=46s e2e=51s streamed_lat 4->5s lag 119555->108542
  [quotes_typed]  32.34s type=Manual child_fresh=Nones e2e=Nones streamed_lat 4->4s lag 0->149522
  [lag] 2026-08-13T01:40:56Z raw=31615426178 behind=5s lag_rows=226450
  [quotes_daily]  34.76s type=Manual child_fresh=44s e2e=49s streamed_lat 4->5s lag 224586->0
  [quotes_typed]  32.16s type=Manual child_fresh=Nones e2e=Nones streamed_lat 4->4s lag 0->47560
  [lag] 2026-08-13T01:41:56Z raw=31673029496 behind=5s lag_rows=0
  [quotes_daily]  34.84s type=Manual child_fresh=46s e2e=51s streamed_lat 4->5s lag 0->0
  [quotes_typed]  32.36s type=Manual child_fresh=Nones e2e=Nones streamed_lat 4->5s lag 0->308007
  [quotes_typed]  32.55s type=Manual child_fresh=Nones e2e=Nones streamed_lat 5->4s lag 0->1941332
  [lag] 2026-08-13T01:42:56Z raw=31738669155 behind=4s lag_rows=899359
  [quotes_daily]  34.98s type=Manual child_fresh=45s e2e=50s streamed_lat 6->5s lag 2653533->2032791
  [quotes_typed]  32.18s type=Manual child_fresh=Nones e2e=Nones streamed_lat 5->4s lag 410214->0
  [lag] 2026-08-13T01:43:56Z raw=31794572977 behind=5s lag_rows=391418
  [quotes_daily]  34.79s type=Manual child_fresh=46s e2e=50s streamed_lat 4->4s lag 0->0
  [quotes_typed]  32.15s type=Manual child_fresh=Nones e2e=Nones streamed_lat 5->6s lag 1872223->969717
  [quotes_daily]  35.02s type=Manual child_fresh=42s e2e=47s streamed_lat 7->5s lag 3643443->2122062
  [lag] 2026-08-13T01:44:56Z raw=31857128795 behind=5s lag_rows=359829
  [quotes_typed]  32.34s type=Manual child_fresh=Nones e2e=Nones streamed_lat 4->4s lag 813216->0
  [quotes_typed]   1.38s type=Manual child_fresh=Nones e2e=Nones streamed_lat 4->5s lag 0->817378
  [lag] 2026-08-13T01:45:56Z raw=31914028477 behind=4s lag_rows=0
  [quotes_typed]  31.89s type=Manual child_fresh=Nones e2e=Nones streamed_lat 5->6s lag 0->34737
  [quotes_daily]  35.18s type=Manual child_fresh=48s e2e=53s streamed_lat 5->5s lag 0->85827
  [quotes_typed]  32.12s type=Manual child_fresh=Nones e2e=Nones streamed_lat 4->4s lag 0->56035
  [lag] 2026-08-13T01:46:56Z raw=31978314271 behind=5s lag_rows=158906
  [quotes_daily]  35.19s type=Manual child_fresh=44s e2e=49s streamed_lat 5->5s lag 0->153436
  [quotes_typed]  32.50s type=Manual child_fresh=Nones e2e=Nones streamed_lat 5->4s lag 0->0
  [lag] 2026-08-13T01:47:56Z raw=32035003222 behind=6s lag_rows=122845
  [quotes_daily]  34.96s type=Manual child_fresh=44s e2e=50s streamed_lat 4->6s lag 1437271->1118417
  [quotes_typed]  32.20s type=Manual child_fresh=Nones e2e=Nones streamed_lat 5->4s lag 2032366->0
  [lag] 2026-08-13T01:48:56Z raw=32093558781 behind=5s lag_rows=118397
  [quotes_typed]  32.86s type=Manual child_fresh=Nones e2e=Nones streamed_lat 5->7s lag 144747->894077
  [quotes_daily]  34.97s type=Manual child_fresh=45s e2e=50s streamed_lat 4->5s lag 0->0
  [quotes_typed]  32.27s type=Manual child_fresh=Nones e2e=Nones streamed_lat 5->4s lag 0->0
  [lag] 2026-08-13T01:49:56Z raw=32155854263 behind=4s lag_rows=1199367
  [quotes_daily]  34.78s type=Manual child_fresh=46s e2e=51s streamed_lat 6->5s lag 816541->850531
  [quotes_typed]  32.21s type=Manual child_fresh=Nones e2e=Nones streamed_lat 5->4s lag 388556->1040675
  [lag] 2026-08-13T01:50:56Z raw=32213847611 behind=6s lag_rows=2122178
  [quotes_daily]  34.97s type=Manual child_fresh=45s e2e=51s streamed_lat 4->6s lag 43427->161733
  [quotes_typed]  32.47s type=Manual child_fresh=Nones e2e=Nones streamed_lat 4->5s lag 0->130402
  [lag] 2026-08-13T01:51:56Z raw=32278166363 behind=5s lag_rows=475253
  [quotes_daily]  35.00s type=Manual child_fresh=47s e2e=51s streamed_lat 5->4s lag 110432->0
  [quotes_typed]  32.19s type=Manual child_fresh=Nones e2e=Nones streamed_lat 4->5s lag 0->497319
  [quotes_typed]  32.47s type=Manual child_fresh=Nones e2e=Nones streamed_lat 4->4s lag 0->0
  [lag] 2026-08-13T01:52:56Z raw=32333907052 behind=4s lag_rows=0
  [quotes_daily]  34.84s type=Manual child_fresh=42s e2e=47s streamed_lat 4->5s lag 0->1622768
  [quotes_typed]  32.18s type=Manual child_fresh=Nones e2e=Nones streamed_lat 5->6s lag 2202765->158825
  [quotes_daily]  35.19s type=Manual child_fresh=46s e2e=51s streamed_lat 5->5s lag 674521->0
  [lag] 2026-08-13T01:53:56Z raw=32404143479 behind=4s lag_rows=903970
  [quotes_typed]  32.15s type=Manual child_fresh=Nones e2e=Nones streamed_lat 4->4s lag 0->19184
  [quotes_typed]  32.40s type=Manual child_fresh=Nones e2e=Nones streamed_lat 5->4s lag 96642->73443
  [quotes_daily]  34.82s type=Manual child_fresh=45s e2e=49s streamed_lat 5->4s lag 42319->0
  [lag] 2026-08-13T01:54:56Z raw=32461244322 behind=4s lag_rows=73308
  [quotes_typed]  32.23s type=Manual child_fresh=Nones e2e=Nones streamed_lat 4->4s lag 0->685642
  [quotes_daily]  34.81s type=Manual child_fresh=42s e2e=47s streamed_lat 3->5s lag 0->0
  [lag] 2026-08-13T01:55:56Z raw=32516171032 behind=6s lag_rows=607083
  [quotes_typed]  32.22s type=Manual child_fresh=Nones e2e=Nones streamed_lat 5->3s lag 701674->0
  [lag] 2026-08-13T01:56:56Z raw=32576826070 behind=4s lag_rows=0
  [quotes_daily]  34.98s type=Manual child_fresh=44s e2e=48s streamed_lat 4->4s lag 0->295324
  [quotes_typed]  32.37s type=Manual child_fresh=Nones e2e=Nones streamed_lat 4->7s lag 407301->3610851
  [quotes_typed]   4.19s type=Manual child_fresh=Nones e2e=Nones streamed_lat 6->6s lag 2779036->2490381
  [lag] 2026-08-13T01:57:56Z raw=32635405660 behind=5s lag_rows=188907
  [quotes_daily]  35.16s type=Manual child_fresh=43s e2e=47s streamed_lat 5->4s lag 0->0
  [quotes_typed]  31.91s type=Manual child_fresh=Nones e2e=Nones streamed_lat 5->4s lag 1067821->0
  [quotes_typed]  32.27s type=Manual child_fresh=Nones e2e=Nones streamed_lat 5->4s lag 0->66225
  [lag] 2026-08-13T01:58:56Z raw=32693376432 behind=4s lag_rows=0
  [quotes_daily]  38.04s type=Manual child_fresh=46s e2e=51s streamed_lat 6->5s lag 2848832->0
  [quotes_typed]  32.22s type=Manual child_fresh=Nones e2e=Nones streamed_lat 4->4s lag 0->0
  [quotes_daily]  35.09s type=Manual child_fresh=41s e2e=45s streamed_lat 4->4s lag 0->686689
  [lag] 2026-08-13T01:59:56Z raw=32758229801 behind=4s lag_rows=6885
  [quotes_typed]  32.42s type=Manual child_fresh=Nones e2e=Nones streamed_lat 5->6s lag 1964516->197150
  [lag] 2026-08-13T02:00:56Z raw=32817504914 behind=5s lag_rows=281412
  [quotes_daily]  35.40s type=Manual child_fresh=52s e2e=57s streamed_lat 6->5s lag 100532->46130
  [quotes_typed]  32.15s type=Manual child_fresh=Nones e2e=Nones streamed_lat 6->5s lag 68474->0
  [quotes_typed]   8.46s type=Manual child_fresh=Nones e2e=Nones streamed_lat 5->5s lag 2181042->0
  [quotes_daily]  34.93s type=Manual child_fresh=45s e2e=50s streamed_lat 5->5s lag 0->235230
  [lag] 2026-08-13T02:01:56Z raw=32876585631 behind=5s lag_rows=376002
  [quotes_typed]  32.20s type=Manual child_fresh=Nones e2e=Nones streamed_lat 6->4s lag 2369185->0
  [quotes_typed]  32.45s type=Manual child_fresh=Nones e2e=Nones streamed_lat 5->4s lag 2110277->0
  [lag] 2026-08-13T02:02:56Z raw=32933901609 behind=5s lag_rows=157079
  [quotes_daily]  35.05s type=Manual child_fresh=49s e2e=53s streamed_lat 4->4s lag 58440->262149
  [quotes_typed]  32.36s type=Manual child_fresh=Nones e2e=Nones streamed_lat 4->4s lag 203716->788375
  [lag] 2026-08-13T02:03:56Z raw=32996299420 behind=6s lag_rows=756124
  [quotes_daily]  34.85s type=Manual child_fresh=42s e2e=47s streamed_lat 5->5s lag 0->904610
  [quotes_typed]  32.38s type=Manual child_fresh=Nones e2e=Nones streamed_lat 5->5s lag 62346->45502
  [quotes_daily]   3.82s type=Manual child_fresh=14s e2e=18s streamed_lat 5->4s lag 2266431->36813
  [lag] 2026-08-13T02:04:56Z raw=33055021382 behind=5s lag_rows=255332
  [quotes_typed]  32.53s type=Manual child_fresh=Nones e2e=Nones streamed_lat 4->5s lag 36813->761565
  [quotes_typed]  32.44s type=Manual child_fresh=Nones e2e=Nones streamed_lat 6->4s lag 2311850->549403
  [lag] 2026-08-13T02:05:56Z raw=33115743585 behind=4s lag_rows=952312
  [quotes_daily]  35.07s type=Manual child_fresh=48s e2e=52s streamed_lat 5->4s lag 1728069->0
  [quotes_typed]   1.30s type=Manual child_fresh=Nones e2e=Nones streamed_lat 4->4s lag 149733->652558
  [quotes_typed]   1.22s type=Manual child_fresh=Nones e2e=Nones streamed_lat 4->4s lag 0->0
  [lag] 2026-08-13T02:06:56Z raw=33174042764 behind=4s lag_rows=0
  [quotes_daily]  35.39s type=Manual child_fresh=44s e2e=49s streamed_lat 4->5s lag 0->228182
  [quotes_typed]  32.35s type=Manual child_fresh=Nones e2e=Nones streamed_lat 4->6s lag 0->1503144
  [quotes_typed]   4.45s type=Manual child_fresh=Nones e2e=Nones streamed_lat 6->7s lag 2933068->2491620
  [lag] 2026-08-13T02:07:56Z raw=33232220056 behind=5s lag_rows=0
  [quotes_daily]  34.94s type=Manual child_fresh=44s e2e=49s streamed_lat 6->5s lag 0->256844
  [quotes_typed]  32.05s type=Manual child_fresh=Nones e2e=Nones streamed_lat 7->6s lag 2901859->2053322
  [quotes_typed]  32.40s type=Manual child_fresh=Nones e2e=Nones streamed_lat 5->4s lag 62767->328450
  [lag] 2026-08-13T02:08:56Z raw=33300993324 behind=4s lag_rows=416081
  [quotes_daily]  35.29s type=Manual child_fresh=52s e2e=56s streamed_lat 5->4s lag 934881->40708
  [quotes_typed]   1.43s type=Manual child_fresh=Nones e2e=Nones streamed_lat 4->5s lag 156860->72808
  [lag] 2026-08-13T02:09:56Z raw=33355079520 behind=5s lag_rows=847692
  [quotes_daily]  34.72s type=Manual child_fresh=44s e2e=48s streamed_lat 5->4s lag 774005->467940
  [quotes_typed]  32.11s type=Manual child_fresh=Nones e2e=Nones streamed_lat 4->4s lag 47969->0
  [quotes_typed]  33.15s type=Manual child_fresh=Nones e2e=Nones streamed_lat 4->5s lag 1296771->1942995
  [lag] 2026-08-13T02:10:56Z raw=33417694579 behind=4s lag_rows=236284
  [quotes_daily]  34.82s type=Manual child_fresh=46s e2e=50s streamed_lat 4->4s lag 0->2053439
  [quotes_typed]  16.36s type=Manual child_fresh=Nones e2e=Nones streamed_lat 4->5s lag 265044->3009537
  [quotes_daily]  34.84s type=Manual child_fresh=45s e2e=50s streamed_lat 4->5s lag 0->81225
  [lag] 2026-08-13T02:11:56Z raw=33477127535 behind=4s lag_rows=154405
  [quotes_typed]  32.11s type=Manual child_fresh=Nones e2e=Nones streamed_lat 5->4s lag 529516->0
  [quotes_typed]  32.46s type=Manual child_fresh=Nones e2e=Nones streamed_lat 5->5s lag 1704156->3078100
  [lag] 2026-08-13T02:12:56Z raw=33534512230 behind=6s lag_rows=2349705
  [quotes_daily]  34.86s type=Manual child_fresh=51s e2e=55s streamed_lat 6->4s lag 1038806->44814
  [quotes_typed]   2.31s type=Manual child_fresh=Nones e2e=Nones streamed_lat 5->4s lag 0->49544
  [quotes_typed]   0.94s type=Manual child_fresh=Nones e2e=Nones streamed_lat 4->4s lag 61650->0
  [lag] 2026-08-13T02:13:56Z raw=33594767162 behind=4s lag_rows=1913624
  [quotes_typed]  31.96s type=Manual child_fresh=Nones e2e=Nones streamed_lat 5->4s lag 2080151->837143
  [quotes_daily]  34.89s type=Manual child_fresh=51s e2e=56s streamed_lat 4->5s lag 0->495527
  [quotes_typed]  32.32s type=Manual child_fresh=Nones e2e=Nones streamed_lat 5->4s lag 643300->962518
  [quotes_daily]  34.90s type=Manual child_fresh=43s e2e=46s streamed_lat 5->3s lag 2035984->541223
  [lag] 2026-08-13T02:14:56Z raw=33664802644 behind=5s lag_rows=80097
  [quotes_typed]  32.34s type=Manual child_fresh=Nones e2e=Nones streamed_lat 4->4s lag 94706->0
  [lag] 2026-08-13T02:15:56Z raw=33715887096 behind=5s lag_rows=411585
  [quotes_daily]  34.93s type=Manual child_fresh=40s e2e=44s streamed_lat 5->4s lag 615739->0
  [quotes_typed]  32.39s type=Manual child_fresh=Nones e2e=Nones streamed_lat 3->4s lag 0->0
  [quotes_daily]   6.99s type=Manual child_fresh=14s e2e=20s streamed_lat 5->6s lag 1624012->182096
  [lag] 2026-08-13T02:16:56Z raw=33774801717 behind=5s lag_rows=179935
  [quotes_typed]  32.87s type=Manual child_fresh=Nones e2e=Nones streamed_lat 5->5s lag 0->1296869
  [quotes_typed]  32.39s type=Manual child_fresh=Nones e2e=Nones streamed_lat 5->4s lag 0->2031117
  [lag] 2026-08-13T02:17:56Z raw=33841222198 behind=5s lag_rows=580447
  [quotes_daily]  35.07s type=Manual child_fresh=47s e2e=51s streamed_lat 5->4s lag 114454->47218
  [quotes_typed]   2.36s type=Manual child_fresh=Nones e2e=Nones streamed_lat 4->4s lag 889557->956850
  [lag] 2026-08-13T02:18:56Z raw=33895748346 behind=5s lag_rows=0
  [quotes_typed]  32.25s type=Manual child_fresh=Nones e2e=Nones streamed_lat 5->5s lag 62841->225170
  [quotes_daily]  34.92s type=Manual child_fresh=45s e2e=49s streamed_lat 5->4s lag 0->136686
  [quotes_typed]   1.41s type=Manual child_fresh=Nones e2e=Nones streamed_lat 5->4s lag 39712->0
  [lag] 2026-08-13T02:19:56Z raw=33953999515 behind=4s lag_rows=0
  [quotes_typed]  32.04s type=Manual child_fresh=Nones e2e=Nones streamed_lat 5->4s lag 379854->0
  [quotes_daily]  35.29s type=Manual child_fresh=47s e2e=52s streamed_lat 5->5s lag 677848->444371
  [quotes_typed]   4.32s type=Manual child_fresh=Nones e2e=Nones streamed_lat 5->5s lag 831452->178171
  [lag] 2026-08-13T02:20:56Z raw=34015613258 behind=4s lag_rows=1051965
  [quotes_daily]  35.30s type=Manual child_fresh=42s e2e=46s streamed_lat 5->4s lag 0->0
  [quotes_typed]  32.03s type=Manual child_fresh=Nones e2e=Nones streamed_lat 3->4s lag 0->214125
  [quotes_typed]   2.27s type=Manual child_fresh=Nones e2e=Nones streamed_lat 4->5s lag 756162->122486
  [lag] 2026-08-13T02:21:56Z raw=34075318675 behind=5s lag_rows=732110
  [quotes_daily]  34.99s type=Manual child_fresh=44s e2e=49s streamed_lat 5->5s lag 1670151->1565004
  [quotes_typed]  32.06s type=Manual child_fresh=Nones e2e=Nones streamed_lat 4->5s lag 0->1634737
  [quotes_typed]   2.32s type=Manual child_fresh=Nones e2e=Nones streamed_lat 4->4s lag 30177->178807
  [lag] 2026-08-13T02:22:56Z raw=34135665278 behind=4s lag_rows=466627
  [quotes_daily]  35.03s type=Manual child_fresh=45s e2e=48s streamed_lat 5->3s lag 1454587->0
  [quotes_typed]  32.03s type=Manual child_fresh=Nones e2e=Nones streamed_lat 3->4s lag 501364->437092
  [quotes_typed]  32.32s type=Manual child_fresh=Nones e2e=Nones streamed_lat 4->5s lag 0->0
  [lag] 2026-08-13T02:23:56Z raw=34196984360 behind=5s lag_rows=0
  [quotes_daily]  34.89s type=Manual child_fresh=46s e2e=52s streamed_lat 4->6s lag 261933->1570641
  [quotes_typed]  32.05s type=Manual child_fresh=Nones e2e=Nones streamed_lat 6->4s lag 1349093->38010
  [quotes_daily]  34.85s type=Manual child_fresh=43s e2e=48s streamed_lat 6->5s lag 1183467->0
  [lag] 2026-08-13T02:24:56Z raw=34256035327 behind=6s lag_rows=582698
  [quotes_typed]  32.05s type=Manual child_fresh=Nones e2e=Nones streamed_lat 4->6s lag 0->302811
  [lag] 2026-08-13T02:25:56Z raw=34313167462 behind=4s lag_rows=0
  [quotes_typed]  32.69s type=Manual child_fresh=Nones e2e=Nones streamed_lat 5->4s lag 262033->0
  [quotes_daily]  35.17s type=Manual child_fresh=47s e2e=53s streamed_lat 5->6s lag 69344->517385
  [quotes_typed]  32.05s type=Manual child_fresh=Nones e2e=Nones streamed_lat 6->6s lag 978989->2980332
  [quotes_daily]  35.01s type=Manual child_fresh=41s e2e=47s streamed_lat 4->6s lag 0->127871
  [lag] 2026-08-13T02:26:56Z raw=34375313126 behind=8s lag_rows=898098
  [quotes_typed]  32.00s type=Manual child_fresh=Nones e2e=Nones streamed_lat 6->4s lag 3300076->0
  [lag] 2026-08-13T02:27:56Z raw=34437161521 behind=7s lag_rows=787416
  [quotes_daily]  35.20s type=Manual child_fresh=45s e2e=51s streamed_lat 7->6s lag 2640048->29470
  [quotes_typed]  32.01s type=Manual child_fresh=Nones e2e=Nones streamed_lat 6->7s lag 191030->1297595
  [quotes_typed]  32.61s type=Manual child_fresh=Nones e2e=Nones streamed_lat 6->7s lag 1702417->1034867
  [lag] 2026-08-13T02:28:56Z raw=34500761084 behind=6s lag_rows=3037225
  [quotes_daily]  34.97s type=Manual child_fresh=45s e2e=50s streamed_lat 6->5s lag 2170580->91523
  [quotes_typed]  32.12s type=Manual child_fresh=Nones e2e=Nones streamed_lat 7->4s lag 3266240->49843
  [lag] 2026-08-13T02:29:56Z raw=34558063875 behind=5s lag_rows=0
  [quotes_daily]  35.17s type=Manual child_fresh=46s e2e=50s streamed_lat 5->4s lag 256440->520255
  [quotes_typed]  32.27s type=Manual child_fresh=Nones e2e=Nones streamed_lat 5->8s lag 125187->93538
  [quotes_daily]   3.98s type=Manual child_fresh=17s e2e=21s streamed_lat 6->4s lag 789085->152103
  [lag] 2026-08-13T02:30:56Z raw=34613970178 behind=4s lag_rows=0
  [quotes_typed]  32.29s type=Manual child_fresh=Nones e2e=Nones streamed_lat 4->7s lag 259181->4227623
  [quotes_typed]  32.60s type=Manual child_fresh=Nones e2e=Nones streamed_lat 6->5s lag 3242719->509455
  [lag] 2026-08-13T02:31:56Z raw=34677730042 behind=6s lag_rows=1070329
  [quotes_daily]  34.97s type=Manual child_fresh=47s e2e=51s streamed_lat 5->4s lag 2635->2038011
  [quotes_typed]  32.30s type=Manual child_fresh=Nones e2e=Nones streamed_lat 4->5s lag 0->0
  [lag] 2026-08-13T02:32:56Z raw=34737160711 behind=4s lag_rows=0
  [quotes_daily]  34.99s type=Manual child_fresh=43s e2e=47s streamed_lat 5->4s lag 0->73222
  [quotes_typed]  32.14s type=Manual child_fresh=Nones e2e=Nones streamed_lat 5->5s lag 2098445->341648
  [lag] 2026-08-13T02:33:56Z raw=34797098132 behind=5s lag_rows=2503310
  [quotes_daily]  35.06s type=Manual child_fresh=44s e2e=49s streamed_lat 5->5s lag 0->667444
  [quotes_typed]  32.32s type=Manual child_fresh=Nones e2e=Nones streamed_lat 4->4s lag 0->54732
  [quotes_typed]  32.04s type=Manual child_fresh=Nones e2e=Nones streamed_lat 4->5s lag 0->875179
  [lag] 2026-08-13T02:34:56Z raw=34860460041 behind=5s lag_rows=395380
  [quotes_daily]  35.03s type=Manual child_fresh=46s e2e=51s streamed_lat 5->5s lag 1612048->63435
  [quotes_typed]  32.28s type=Manual child_fresh=Nones e2e=Nones streamed_lat 6->4s lag 1156709->0
  [lag] 2026-08-13T02:35:56Z raw=34917964535 behind=4s lag_rows=62549
  [quotes_daily]  35.18s type=Manual child_fresh=45s e2e=49s streamed_lat 5->4s lag 608744->1155498
  [quotes_typed]  32.73s type=Manual child_fresh=Nones e2e=Nones streamed_lat 4->5s lag 0->647886
  [lag] 2026-08-13T02:36:56Z raw=34975187725 behind=4s lag_rows=57426
  [quotes_daily]  35.10s type=Manual child_fresh=42s e2e=46s streamed_lat 6->4s lag 1415266->0
  [quotes_typed]  32.25s type=Manual child_fresh=Nones e2e=Nones streamed_lat 4->4s lag 0->43677
  [quotes_typed]   1.07s type=Manual child_fresh=Nones e2e=Nones streamed_lat 4->4s lag 58283->0
  [lag] 2026-08-13T02:37:56Z raw=35032012613 behind=4s lag_rows=0
  [quotes_typed]  32.10s type=Manual child_fresh=Nones e2e=Nones streamed_lat 4->7s lag 0->0
  [quotes_daily]  35.95s type=Manual child_fresh=48s e2e=58s streamed_lat 5->10s lag 2305733->4132357
  [quotes_typed]  32.07s type=Manual child_fresh=Nones e2e=Nones streamed_lat 7->5s lag 58151->1001375
  [lag] 2026-08-13T02:38:56Z raw=35098390038 behind=5s lag_rows=73669
  [quotes_typed]   1.12s type=Manual child_fresh=Nones e2e=Nones streamed_lat 4->4s lag 0->461488
  [quotes_daily]  34.92s type=Manual child_fresh=50s e2e=54s streamed_lat 6->4s lag 3188744->138099
  [quotes_typed]   8.35s type=Manual child_fresh=Nones e2e=Nones streamed_lat 4->5s lag 0->1257073
  [lag] 2026-08-13T02:39:56Z raw=35155336374 behind=5s lag_rows=1237901
  [quotes_daily]  35.38s type=Manual child_fresh=47s e2e=52s streamed_lat 4->5s lag 0->1658810
  [quotes_typed]  31.91s type=Manual child_fresh=Nones e2e=Nones streamed_lat 5->4s lag 684225->46019
  [quotes_typed]  32.13s type=Manual child_fresh=Nones e2e=Nones streamed_lat 4->5s lag 0->751678
  [lag] 2026-08-13T02:40:56Z raw=35217348025 behind=4s lag_rows=0
  [quotes_daily]  35.14s type=Manual child_fresh=46s e2e=50s streamed_lat 4->4s lag 0->0
  [quotes_typed]   4.17s type=Manual child_fresh=Nones e2e=Nones streamed_lat 4->4s lag 171921->516250
  [lag] 2026-08-13T02:41:56Z raw=35276435928 behind=6s lag_rows=470964
  [quotes_daily]  35.01s type=Manual child_fresh=44s e2e=49s streamed_lat 6->5s lag 119806->0
  [quotes_typed]  32.12s type=Manual child_fresh=Nones e2e=Nones streamed_lat 4->6s lag 0->1524718
  [quotes_typed]  32.62s type=Manual child_fresh=Nones e2e=Nones streamed_lat 6->5s lag 1581226->9740
  [lag] 2026-08-13T02:42:56Z raw=35335380119 behind=6s lag_rows=2223398
  [quotes_daily]  34.98s type=Manual child_fresh=45s e2e=49s streamed_lat 5->4s lag 2051274->0
  [quotes_typed]  16.40s type=Manual child_fresh=Nones e2e=Nones streamed_lat 6->5s lag 2144730->0
  [lag] 2026-08-13T02:43:56Z raw=35395042814 behind=4s lag_rows=82984
  [quotes_daily]  35.00s type=Manual child_fresh=42s e2e=47s streamed_lat 5->5s lag 819160->464040
  [quotes_typed]  32.22s type=Manual child_fresh=Nones e2e=Nones streamed_lat 5->5s lag 183903->2307022
  [quotes_typed]   4.10s type=Manual child_fresh=Nones e2e=Nones streamed_lat 6->6s lag 3234399->948040
  [lag] 2026-08-13T02:44:56Z raw=35455612557 behind=4s lag_rows=0
  [quotes_daily]  35.02s type=Manual child_fresh=48s e2e=52s streamed_lat 5->4s lag 366287->1230464
  [quotes_typed]  31.96s type=Manual child_fresh=Nones e2e=Nones streamed_lat 4->5s lag 0->73735
  [quotes_typed]   1.27s type=Manual child_fresh=Nones e2e=Nones streamed_lat 4->6s lag 0->388529
  [lag] 2026-08-13T02:45:56Z raw=35513908915 behind=5s lag_rows=71960
  [quotes_daily]  35.31s type=Manual child_fresh=45s e2e=50s streamed_lat 5->5s lag 0->0
  [quotes_typed]  32.35s type=Manual child_fresh=Nones e2e=Nones streamed_lat 7->5s lag 1502463->69583
  [quotes_typed]  32.41s type=Manual child_fresh=Nones e2e=Nones streamed_lat 5->6s lag 0->2315145
  [quotes_daily]  35.18s type=Manual child_fresh=44s e2e=50s streamed_lat 5->6s lag 901700->0
  [lag] 2026-08-13T02:46:56Z raw=35576014971 behind=7s lag_rows=952389
  [quotes_typed]  32.38s type=Manual child_fresh=Nones e2e=Nones streamed_lat 6->5s lag 0->950067
  [lag] 2026-08-13T02:47:56Z raw=35636004876 behind=7s lag_rows=1085106
  [quotes_daily]  35.36s type=Manual child_fresh=48s e2e=53s streamed_lat 6->5s lag 1691305->35045
  [quotes_typed]   8.24s type=Manual child_fresh=Nones e2e=Nones streamed_lat 5->5s lag 2059983->0
  [quotes_typed]  31.98s type=Manual child_fresh=Nones e2e=Nones streamed_lat 5->4s lag 0->70159
  [lag] 2026-08-13T02:48:56Z raw=35697236381 behind=4s lag_rows=0
  [quotes_daily]  35.28s type=Manual child_fresh=46s e2e=50s streamed_lat 7->4s lag 2184970->96964
  [quotes_typed]   8.48s type=Manual child_fresh=Nones e2e=Nones streamed_lat 4->5s lag 87238->166935
  [lag] 2026-08-13T02:49:56Z raw=35754921638 behind=4s lag_rows=31314
  [quotes_typed]  32.26s type=Manual child_fresh=Nones e2e=Nones streamed_lat 5->7s lag 596168->1099421
  [quotes_daily]  35.62s type=Manual child_fresh=46s e2e=52s streamed_lat 6->6s lag 1481518->504176
  [quotes_typed]   4.36s type=Manual child_fresh=Nones e2e=Nones streamed_lat 6->5s lag 1521243->346978
  [lag] 2026-08-13T02:50:56Z raw=35814690790 behind=5s lag_rows=284701
  [quotes_typed]  31.92s type=Manual child_fresh=Nones e2e=Nones streamed_lat 7->6s lag 4316659->120804
  [quotes_daily]  35.31s type=Manual child_fresh=49s e2e=55s streamed_lat 5->6s lag 308973->1140224
  [quotes_typed]  32.21s type=Manual child_fresh=Nones e2e=Nones streamed_lat 6->7s lag 0->3504734
  [lag] 2026-08-13T02:51:56Z raw=35878065760 behind=5s lag_rows=319764
  [quotes_daily]  35.07s type=Manual child_fresh=43s e2e=48s streamed_lat 4->5s lag 0->290648
  [quotes_typed]  32.18s type=Manual child_fresh=Nones e2e=Nones streamed_lat 6->5s lag 0->897761
  [lag] 2026-08-13T02:52:56Z raw=35936316889 behind=5s lag_rows=1251337
  [quotes_daily]  35.17s type=Manual child_fresh=46s e2e=51s streamed_lat 4->5s lag 72839->70452
  [quotes_typed]  32.13s type=Manual child_fresh=Nones e2e=Nones streamed_lat 5->5s lag 77626->3003119
  [lag] 2026-08-13T02:53:56Z raw=35993148865 behind=5s lag_rows=0
  [quotes_daily]  35.19s type=Manual child_fresh=47s e2e=53s streamed_lat 5->6s lag 670713->525163
  [quotes_typed]  32.59s type=Manual child_fresh=Nones e2e=Nones streamed_lat 5->5s lag 0->330803
  [quotes_typed]   8.72s type=Manual child_fresh=Nones e2e=Nones streamed_lat 5->6s lag 256413->3184816
  [lag] 2026-08-13T02:54:56Z raw=36054800137 behind=5s lag_rows=2024278
  [quotes_daily]  35.05s type=Manual child_fresh=44s e2e=50s streamed_lat 7->6s lag 1288280->3253424
  [quotes_typed]  32.18s type=Manual child_fresh=Nones e2e=Nones streamed_lat 4->5s lag 148169->0
  [quotes_typed]  32.34s type=Manual child_fresh=Nones e2e=Nones streamed_lat 6->6s lag 0->2065983
  [lag] 2026-08-13T02:55:56Z raw=36118737230 behind=6s lag_rows=263776
  [quotes_daily]  35.05s type=Manual child_fresh=46s e2e=52s streamed_lat 5->6s lag 127608->37661
  [quotes_typed]   4.47s type=Manual child_fresh=Nones e2e=Nones streamed_lat 5->6s lag 227080->0
  [quotes_typed]   0.87s type=Manual child_fresh=Nones e2e=Nones streamed_lat 5->5s lag 0->431938
  [lag] 2026-08-13T02:56:56Z raw=36174352421 behind=6s lag_rows=1621323
  [quotes_daily]  35.05s type=Manual child_fresh=48s e2e=55s streamed_lat 6->7s lag 666716->1284503
  [quotes_typed]  31.93s type=Manual child_fresh=Nones e2e=Nones streamed_lat 5->7s lag 411681->1545164
  [quotes_typed]  32.44s type=Manual child_fresh=Nones e2e=Nones streamed_lat 5->5s lag 296310->448399
  [lag] 2026-08-13T02:57:56Z raw=36239344830 behind=5s lag_rows=257537
  [quotes_daily]  35.12s type=Manual child_fresh=44s e2e=50s streamed_lat 5->6s lag 0->69518
  [quotes_typed]  32.47s type=Manual child_fresh=Nones e2e=Nones streamed_lat 6->6s lag 3102019->1460551
  [quotes_daily]  35.39s type=Manual child_fresh=42s e2e=46s streamed_lat 5->4s lag 2000086->0
  [lag] 2026-08-13T02:58:56Z raw=36296935789 behind=4s lag_rows=75295
  [quotes_typed]  32.30s type=Manual child_fresh=Nones e2e=Nones streamed_lat 7->5s lag 1883991->1805545
  [quotes_daily]   4.14s type=Manual child_fresh=17s e2e=22s streamed_lat 5->5s lag 292532->204311
  [lag] 2026-08-13T02:59:56Z raw=36352004745 behind=7s lag_rows=2104876
  [quotes_typed]  16.28s type=Manual child_fresh=Nones e2e=Nones streamed_lat 4->6s lag 0->1062278
  [quotes_typed]  32.24s type=Manual child_fresh=Nones e2e=Nones streamed_lat 6->5s lag 1298628->0
  [lag] 2026-08-13T03:00:56Z raw=36416945516 behind=5s lag_rows=905571
  [quotes_daily]  35.08s type=Manual child_fresh=43s e2e=47s streamed_lat 7->4s lag 3851330->0
  [quotes_typed]  32.59s type=Manual child_fresh=Nones e2e=Nones streamed_lat 5->6s lag 784281->2126371
  [lag] 2026-08-13T03:01:56Z raw=36473695668 behind=6s lag_rows=3307395
  [quotes_daily]  35.16s type=Manual child_fresh=46s e2e=51s streamed_lat 5->5s lag 1459354->0
  [quotes_typed]  32.24s type=Manual child_fresh=Nones e2e=Nones streamed_lat 6->6s lag 1351172->2425407
  [quotes_typed]  32.45s type=Manual child_fresh=Nones e2e=Nones streamed_lat 7->7s lag 4325038->978038
  [lag] 2026-08-13T03:02:56Z raw=36536767048 behind=6s lag_rows=395577
  [quotes_daily]  35.83s type=Manual child_fresh=46s e2e=51s streamed_lat 7->5s lag 4396545->131709
  [quotes_typed]  32.50s type=Manual child_fresh=Nones e2e=Nones streamed_lat 6->7s lag 164969->0
  [lag] 2026-08-13T03:03:56Z raw=36595370598 behind=7s lag_rows=0
  [quotes_daily]  35.11s type=Manual child_fresh=42s e2e=49s streamed_lat 5->7s lag 0->1848796
  [quotes_typed]  32.45s type=Manual child_fresh=Nones e2e=Nones streamed_lat 8->8s lag 156011->516923
  [lag] 2026-08-13T03:04:56Z raw=36649665803 behind=8s lag_rows=0
  [quotes_daily]  35.28s type=Manual child_fresh=50s e2e=58s streamed_lat 7->8s lag 68998->233617
  [quotes_typed]  32.81s type=Manual child_fresh=Nones e2e=Nones streamed_lat 8->7s lag 3585398->0
  [quotes_typed]  32.36s type=Manual child_fresh=Nones e2e=Nones streamed_lat 7->6s lag 143761->213393
  [quotes_daily]  35.09s type=Manual child_fresh=47s e2e=53s streamed_lat 8->6s lag 4978156->375685
  [lag] 2026-08-13T03:05:56Z raw=36719348932 behind=5s lag_rows=143118
  [quotes_typed]   2.31s type=Manual child_fresh=Nones e2e=Nones streamed_lat 5->6s lag 87235->3222008
  [lag] 2026-08-13T03:06:56Z raw=36776866301 behind=7s lag_rows=4124658
  [quotes_typed]  32.17s type=Manual child_fresh=Nones e2e=Nones streamed_lat 7->6s lag 430194->306676
  [quotes_daily]  35.08s type=Manual child_fresh=47s e2e=53s streamed_lat 7->6s lag 3507223->0
  [quotes_typed]  32.26s type=Manual child_fresh=Nones e2e=Nones streamed_lat 7->8s lag 1746834->873679
  [lag] 2026-08-13T03:07:56Z raw=36835071444 behind=8s lag_rows=279681
  [quotes_daily]  35.09s type=Manual child_fresh=44s e2e=51s streamed_lat 7->7s lag 2505090->0
  [quotes_typed]  32.28s type=Manual child_fresh=Nones e2e=Nones streamed_lat 6->7s lag 0->745249
  [lag] 2026-08-13T03:08:56Z raw=36897492936 behind=6s lag_rows=648976
  [quotes_daily]  35.13s type=Manual child_fresh=44s e2e=50s streamed_lat 8->6s lag 4675561->2988321
  [quotes_typed]  32.47s type=Manual child_fresh=Nones e2e=Nones streamed_lat 7->7s lag 110639->3032957
  [lag] 2026-08-13T03:09:56Z raw=36954820124 behind=4s lag_rows=55935
  [quotes_daily]  35.36s type=Manual child_fresh=50s e2e=55s streamed_lat 7->5s lag 659760->0
  [quotes_typed]  33.04s type=Manual child_fresh=Nones e2e=Nones streamed_lat 7->5s lag 3533991->836452
  [quotes_typed]   1.30s type=Manual child_fresh=Nones e2e=Nones streamed_lat 4->5s lag 24846->29227
  [lag] 2026-08-13T03:10:56Z raw=37013425892 behind=7s lag_rows=2497903
  [quotes_daily]  35.32s type=Manual child_fresh=44s e2e=49s streamed_lat 5->5s lag 228806->475207
  [quotes_typed]  32.03s type=Manual child_fresh=Nones e2e=Nones streamed_lat 5->6s lag 888805->3183208
  [quotes_typed]  32.52s type=Manual child_fresh=Nones e2e=Nones streamed_lat 5->5s lag 3063660->0
  [lag] 2026-08-13T03:11:56Z raw=37074834191 behind=5s lag_rows=0
  [quotes_daily]  35.24s type=Manual child_fresh=43s e2e=50s streamed_lat 5->7s lag 0->1475867
  [quotes_typed]  32.35s type=Manual child_fresh=Nones e2e=Nones streamed_lat 4->6s lag 0->2450813
  [quotes_daily]  35.10s type=Manual child_fresh=42s e2e=47s streamed_lat 7->5s lag 4672122->13031
  [lag] 2026-08-13T03:12:56Z raw=37135961848 behind=7s lag_rows=513224
  [quotes_typed]  32.29s type=Manual child_fresh=Nones e2e=Nones streamed_lat 6->5s lag 0->397426
  [lag] 2026-08-13T03:13:56Z raw=37194940438 behind=5s lag_rows=0
  [quotes_typed]  32.43s type=Manual child_fresh=Nones e2e=Nones streamed_lat 6->7s lag 335382->302312
  [quotes_daily]  35.12s type=Manual child_fresh=45s e2e=50s streamed_lat 5->5s lag 0->0
  [quotes_typed]  32.35s type=Manual child_fresh=Nones e2e=Nones streamed_lat 7->4s lag 4253546->0
  [quotes_daily]  35.10s type=Manual child_fresh=45s e2e=49s streamed_lat 5->4s lag 96652->0
  [lag] 2026-08-13T03:14:56Z raw=37258146434 behind=4s lag_rows=0
  [quotes_typed]  32.28s type=Manual child_fresh=Nones e2e=Nones streamed_lat 4->5s lag 0->21754
  [lag] 2026-08-13T03:15:56Z raw=37316786423 behind=4s lag_rows=83687
  [quotes_daily]  35.28s type=Manual child_fresh=45s e2e=49s streamed_lat 4->4s lag 65910->0
  [quotes_typed]  32.38s type=Manual child_fresh=Nones e2e=Nones streamed_lat 5->4s lag 0->396401
  [quotes_typed]   1.41s type=Manual child_fresh=Nones e2e=Nones streamed_lat 4->6s lag 0->3261136
  [lag] 2026-08-13T03:16:56Z raw=37374548191 behind=5s lag_rows=388935
  [quotes_daily]  35.20s type=Manual child_fresh=48s e2e=54s streamed_lat 5->6s lag 922930->872822
  [quotes_typed]  32.23s type=Manual child_fresh=Nones e2e=Nones streamed_lat 4->7s lag 123175->0
  [quotes_typed]  32.49s type=Manual child_fresh=Nones e2e=Nones streamed_lat 5->4s lag 0->0
  [lag] 2026-08-13T03:17:56Z raw=37439052423 behind=6s lag_rows=845849
  [quotes_daily]  35.12s type=Manual child_fresh=46s e2e=51s streamed_lat 5->5s lag 0->1608304
  [quotes_typed]  32.42s type=Manual child_fresh=Nones e2e=Nones streamed_lat 6->6s lag 3296107->558080
  [quotes_daily]  19.38s type=Manual child_fresh=28s e2e=33s streamed_lat 5->5s lag 0->0
  [lag] 2026-08-13T03:18:56Z raw=37494336850 behind=5s lag_rows=384418
  [quotes_typed]  33.27s type=Manual child_fresh=Nones e2e=Nones streamed_lat 6->5s lag 623217->0
  [lag] 2026-08-13T03:19:56Z raw=37552632760 behind=9s lag_rows=312399
  [quotes_daily]  35.27s type=Manual child_fresh=46s e2e=55s streamed_lat 6->9s lag 161090->6614700
  [quotes_typed]  46.89s type=Manual child_fresh=Nones e2e=Nones streamed_lat 7->23s lag 275683->17460788
  [lag] 2026-08-13T03:20:56Z raw=37606891009 behind=11s lag_rows=0
  [quotes_typed]  33.15s type=Manual child_fresh=Nones e2e=Nones streamed_lat 20->18s lag 4823021->2418605
  [quotes_daily]  45.66s type=Manual child_fresh=72s e2e=88s streamed_lat 6->16s lag 0->758982
  [quotes_daily] WARN: refresh exceeded the 60s cadence by 2.9s; next fires immediately.
  [lag] 2026-08-13T03:21:56Z raw=37665932311 behind=21s lag_rows=2349695
  [quotes_typed]  39.91s type=Manual child_fresh=Nones e2e=Nones streamed_lat 16->16s lag 12100694->1556967
  [quotes_daily]  39.40s type=Manual child_fresh=53s e2e=67s streamed_lat 16->14s lag 10448281->518959
  [quotes_typed]   1.54s type=Manual child_fresh=Nones e2e=Nones streamed_lat 14->10s lag 0->24248
  [lag] 2026-08-13T03:22:56Z raw=37729735178 behind=8s lag_rows=0
  [quotes_daily]  43.57s type=Manual child_fresh=62s e2e=76s streamed_lat 13->14s lag 2852988->9028347
  [quotes_daily] WARN: refresh exceeded the 60s cadence by 0.3s; next fires immediately.
  [quotes_typed]  33.36s type=Manual child_fresh=Nones e2e=Nones streamed_lat 12->12s lag 4231969->2440200
  [lag] 2026-08-13T03:23:56Z raw=37782670428 behind=22s lag_rows=9092571
  [quotes_daily]  35.55s type=Manual child_fresh=51s e2e=70s streamed_lat 10->19s lag 582872->14457856
  [quotes_typed]  33.00s type=Manual child_fresh=Nones e2e=Nones streamed_lat 10->19s lag 6827300->13040382
  [lag] 2026-08-13T03:24:56Z raw=37850878016 behind=13s lag_rows=153066
  [quotes_typed]  38.50s type=Manual child_fresh=Nones e2e=Nones streamed_lat 14->17s lag 1046239->3802296
  [quotes_daily]  39.22s type=Manual child_fresh=79s e2e=93s streamed_lat 12->14s lag 0->0
  [quotes_daily] WARN: refresh exceeded the 60s cadence by 6.6s; next fires immediately.
  [lag] 2026-08-13T03:25:56Z raw=37911150893 behind=10s lag_rows=3446911
  [quotes_typed]  32.71s type=Manual child_fresh=Nones e2e=Nones streamed_lat 13->10s lag 66612->4839554
  [quotes_daily]  35.31s type=Manual child_fresh=46s e2e=54s streamed_lat 20->8s lag 17347678->1582697
  [quotes_typed]  32.49s type=Manual child_fresh=Nones e2e=Nones streamed_lat 8->4s lag 5560292->628257
  [lag] 2026-08-13T03:26:56Z raw=37973903539 behind=5s lag_rows=0
  [quotes_daily]  36.13s type=Manual child_fresh=43s e2e=48s streamed_lat 4->5s lag 0->1950875
  [quotes_typed]  32.07s type=Manual child_fresh=Nones e2e=Nones streamed_lat 5->5s lag 193045->838525
  [quotes_daily]   7.55s type=Manual child_fresh=20s e2e=26s streamed_lat 5->6s lag 0->639938
  [quotes_typed]   1.22s type=Manual child_fresh=Nones e2e=Nones streamed_lat 6->6s lag 994505->3161931
  [lag] 2026-08-13T03:27:56Z raw=38034174866 behind=6s lag_rows=1772090
  [quotes_typed]  32.03s type=Manual child_fresh=Nones e2e=Nones streamed_lat 6->4s lag 483374->0
  [lag] 2026-08-13T03:28:56Z raw=38092052382 behind=5s lag_rows=0
  [quotes_daily]  35.19s type=Manual child_fresh=47s e2e=52s streamed_lat 5->5s lag 1876225->1932875
  [quotes_typed]  32.04s type=Manual child_fresh=Nones e2e=Nones streamed_lat 4->4s lag 0->189369
  [quotes_typed]   4.31s type=Manual child_fresh=Nones e2e=Nones streamed_lat 4->5s lag 0->492016
  [quotes_daily]   4.28s type=Manual child_fresh=14s e2e=18s streamed_lat 4->4s lag 0->49252
  [lag] 2026-08-13T03:29:56Z raw=38154483445 behind=4s lag_rows=39676
  [quotes_typed]  32.40s type=Manual child_fresh=Nones e2e=Nones streamed_lat 4->4s lag 861521->572747
  [lag] 2026-08-13T03:30:56Z raw=38213658589 behind=5s lag_rows=122546
  [quotes_typed]  32.13s type=Manual child_fresh=Nones e2e=Nones streamed_lat 4->5s lag 0->113150
  [quotes_daily]  35.28s type=Manual child_fresh=49s e2e=53s streamed_lat 5->4s lag 389466->0
  [quotes_typed]  32.27s type=Manual child_fresh=Nones e2e=Nones streamed_lat 4->7s lag 0->2942135
  [lag] 2026-08-13T03:31:56Z raw=38274874553 behind=5s lag_rows=109730
  [quotes_daily]  35.51s type=Manual child_fresh=42s e2e=46s streamed_lat 4->4s lag 1019893->0
  [quotes_typed]  32.03s type=Manual child_fresh=Nones e2e=Nones streamed_lat 5->5s lag 142512->0
  [lag] 2026-08-13T03:32:56Z raw=38334674079 behind=4s lag_rows=120793
  [quotes_daily]  35.56s type=Manual child_fresh=45s e2e=50s streamed_lat 5->5s lag 629746->1429306
  [quotes_typed]  32.23s type=Manual child_fresh=Nones e2e=Nones streamed_lat 5->5s lag 1925840->179915
  [lag] 2026-08-13T03:33:56Z raw=38394782409 behind=5s lag_rows=2026070
  [quotes_typed]  32.31s type=Manual child_fresh=Nones e2e=Nones streamed_lat 4->5s lag 1985856->0
  [quotes_daily]  35.16s type=Manual child_fresh=44s e2e=48s streamed_lat 5->4s lag 1740072->0
  [quotes_typed]   4.11s type=Manual child_fresh=Nones e2e=Nones streamed_lat 4->5s lag 0->777901
  [lag] 2026-08-13T03:34:56Z raw=38455284857 behind=5s lag_rows=610695
  [quotes_typed]  31.97s type=Manual child_fresh=Nones e2e=Nones streamed_lat 4->4s lag 0->1637386
  [quotes_daily]  35.43s type=Manual child_fresh=47s e2e=51s streamed_lat 4->4s lag 125444->75500
  [quotes_typed]   8.03s type=Manual child_fresh=Nones e2e=Nones streamed_lat 4->4s lag 0->0
  [quotes_typed]   1.92s type=Manual child_fresh=Nones e2e=Nones streamed_lat 4->3s lag 712863->0
  [lag] 2026-08-13T03:35:56Z raw=38514800644 behind=5s lag_rows=466772
  [quotes_daily]  35.42s type=Manual child_fresh=42s e2e=48s streamed_lat 4->6s lag 280->142098
  [quotes_typed]  32.11s type=Manual child_fresh=Nones e2e=Nones streamed_lat 5->5s lag 0->0
  [lag] 2026-08-13T03:36:56Z raw=38575268892 behind=5s lag_rows=172261
  [quotes_typed]  32.10s type=Manual child_fresh=Nones e2e=Nones streamed_lat 5->4s lag 0->39063
  [quotes_daily]  35.56s type=Manual child_fresh=46s e2e=50s streamed_lat 5->4s lag 168916->52527
  [quotes_typed]  32.31s type=Manual child_fresh=Nones e2e=Nones streamed_lat 4->6s lag 375267->179481
  [lag] 2026-08-13T03:37:56Z raw=38635025577 behind=7s lag_rows=2625371
  [quotes_daily]  35.52s type=Manual child_fresh=42s e2e=47s streamed_lat 4->5s lag 0->1310257
  [quotes_typed]  32.19s type=Manual child_fresh=Nones e2e=Nones streamed_lat 6->7s lag 57386->2328396
  [lag] 2026-08-13T03:38:56Z raw=38693857113 behind=6s lag_rows=161151
  [quotes_daily]  35.57s type=Manual child_fresh=45s e2e=51s streamed_lat 5->6s lag 52796->0
  [quotes_typed]  32.12s type=Manual child_fresh=Nones e2e=Nones streamed_lat 6->9s lag 2135352->5792692
  [lag] 2026-08-13T03:39:56Z raw=38754588539 behind=5s lag_rows=0
  [quotes_typed]  32.59s type=Manual child_fresh=Nones e2e=Nones streamed_lat 6->5s lag 0->966069
  [quotes_daily]  35.45s type=Manual child_fresh=43s e2e=48s streamed_lat 5->5s lag 0->246058
  [quotes_typed]  32.13s type=Manual child_fresh=Nones e2e=Nones streamed_lat 4->5s lag 0->690175
  [lag] 2026-08-13T03:40:56Z raw=38807047784 behind=7s lag_rows=0
  [quotes_daily]  35.41s type=Manual child_fresh=43s e2e=50s streamed_lat 4->7s lag 528062->51281
  [quotes_typed]  32.20s type=Manual child_fresh=Nones e2e=Nones streamed_lat 8->5s lag 578477->162702
  [lag] 2026-08-13T03:41:56Z raw=38874601785 behind=5s lag_rows=2260451
  [quotes_daily]  35.35s type=Manual child_fresh=50s e2e=55s streamed_lat 5->5s lag 408701->1906968
  [quotes_typed]  32.27s type=Manual child_fresh=Nones e2e=Nones streamed_lat 5->5s lag 0->254027
  [quotes_typed]  32.31s type=Manual child_fresh=Nones e2e=Nones streamed_lat 4->5s lag 0->369463
  [lag] 2026-08-13T03:42:56Z raw=38938590240 behind=7s lag_rows=1219081
  [quotes_daily]  35.26s type=Manual child_fresh=44s e2e=49s streamed_lat 5->5s lag 919229->149431
  [quotes_typed]  32.42s type=Manual child_fresh=Nones e2e=Nones streamed_lat 6->5s lag 1538862->0
  [lag] 2026-08-13T03:43:56Z raw=38994235734 behind=6s lag_rows=813370
  [quotes_daily]  35.62s type=Manual child_fresh=42s e2e=46s streamed_lat 5->4s lag 96345->97540
  [quotes_typed]  32.09s type=Manual child_fresh=Nones e2e=Nones streamed_lat 5->4s lag 0->0
  [lag] 2026-08-13T03:44:56Z raw=39055245271 behind=5s lag_rows=1184077
  [quotes_daily]  35.29s type=Manual child_fresh=44s e2e=49s streamed_lat 5->5s lag 937547->637170
  [quotes_typed]  32.55s type=Manual child_fresh=Nones e2e=Nones streamed_lat 4->5s lag 1066635->87714
  [lag] 2026-08-13T03:45:56Z raw=39115916337 behind=7s lag_rows=3118679
  [quotes_typed]  32.13s type=Manual child_fresh=Nones e2e=Nones streamed_lat 6->7s lag 1967645->766717
  [quotes_daily]  35.23s type=Manual child_fresh=43s e2e=48s streamed_lat 5->5s lag 0->57875
  [quotes_typed]  32.38s type=Manual child_fresh=Nones e2e=Nones streamed_lat 5->5s lag 32330->0
  [lag] 2026-08-13T03:46:56Z raw=39174942807 behind=5s lag_rows=979061
  [quotes_daily]  35.43s type=Manual child_fresh=43s e2e=47s streamed_lat 6->4s lag 1002132->0
  [quotes_typed]  32.39s type=Manual child_fresh=Nones e2e=Nones streamed_lat 6->4s lag 2424103->0
  [lag] 2026-08-13T03:47:56Z raw=39233495037 behind=5s lag_rows=0
  [quotes_daily]  35.58s type=Manual child_fresh=45s e2e=49s streamed_lat 4->4s lag 0->135217
  [quotes_typed]  32.13s type=Manual child_fresh=Nones e2e=Nones streamed_lat 6->4s lag 123848->32313
  [lag] 2026-08-13T03:48:56Z raw=39294858902 behind=5s lag_rows=0
  [quotes_typed]  32.23s type=Manual child_fresh=Nones e2e=Nones streamed_lat 4->6s lag 0->960117
  [quotes_daily]  35.24s type=Manual child_fresh=43s e2e=48s streamed_lat 4->5s lag 0->0
  [quotes_typed]  32.33s type=Manual child_fresh=Nones e2e=Nones streamed_lat 6->5s lag 1809610->27499
  [lag] 2026-08-13T03:49:56Z raw=39354756459 behind=5s lag_rows=299463
  [quotes_daily]  35.51s type=Manual child_fresh=46s e2e=51s streamed_lat 5->5s lag 0->0
  [quotes_typed]  32.40s type=Manual child_fresh=Nones e2e=Nones streamed_lat 6->6s lag 824056->1481241
  [lag] 2026-08-13T03:50:56Z raw=39413888104 behind=5s lag_rows=30553
  [quotes_typed]  32.16s type=Manual child_fresh=Nones e2e=Nones streamed_lat 5->5s lag 195781->58950
  [quotes_daily]  35.29s type=Manual child_fresh=48s e2e=53s streamed_lat 5->5s lag 328688->0
  [lag] 2026-08-13T03:51:56Z raw=39476305903 behind=4s lag_rows=127631
  [quotes_typed]  32.20s type=Manual child_fresh=Nones e2e=Nones streamed_lat 5->4s lag 0->0
  [quotes_daily]  35.26s type=Manual child_fresh=47s e2e=54s streamed_lat 5->7s lag 316618->358840
  [quotes_typed]  32.26s type=Manual child_fresh=Nones e2e=Nones streamed_lat 4->5s lag 0->0
  [lag] 2026-08-13T03:52:56Z raw=39534776929 behind=5s lag_rows=238770
  [quotes_daily]  35.53s type=Manual child_fresh=48s e2e=53s streamed_lat 5->5s lag 85662->74100
  [quotes_typed]  32.15s type=Manual child_fresh=Nones e2e=Nones streamed_lat 5->5s lag 0->1989326
  [lag] 2026-08-13T03:53:56Z raw=39594474629 behind=6s lag_rows=1517733
  [quotes_daily]  35.34s type=Manual child_fresh=50s e2e=55s streamed_lat 5->5s lag 1831654->0
  [quotes_typed]  32.20s type=Manual child_fresh=Nones e2e=Nones streamed_lat 5->6s lag 976818->3526844
  [lag] 2026-08-13T03:54:56Z raw=39655413487 behind=5s lag_rows=535953
  [quotes_typed]  32.38s type=Manual child_fresh=Nones e2e=Nones streamed_lat 6->4s lag 3105603->0
  [quotes_daily]  35.54s type=Manual child_fresh=47s e2e=51s streamed_lat 5->4s lag 40123->0
  [quotes_typed]   1.42s type=Manual child_fresh=Nones e2e=Nones streamed_lat 5->5s lag 305334->0
  [lag] 2026-08-13T03:55:56Z raw=39714748564 behind=5s lag_rows=171249
  [quotes_typed]  31.94s type=Manual child_fresh=Nones e2e=Nones streamed_lat 5->5s lag 173207->782556
  [quotes_daily]  35.35s type=Manual child_fresh=49s e2e=54s streamed_lat 5->5s lag 136958->0
  [quotes_typed]   1.15s type=Manual child_fresh=Nones e2e=Nones streamed_lat 4->6s lag 0->1742917
  [lag] 2026-08-13T03:56:56Z raw=39772481993 behind=4s lag_rows=0
  [quotes_typed]  31.92s type=Manual child_fresh=Nones e2e=Nones streamed_lat 6->5s lag 2150605->0
  [quotes_daily]  35.27s type=Manual child_fresh=47s e2e=54s streamed_lat 6->7s lag 1951199->4218824
  [quotes_typed]   1.12s type=Manual child_fresh=Nones e2e=Nones streamed_lat 5->7s lag 0->2728482
  [quotes_typed]  32.15s type=Manual child_fresh=Nones e2e=Nones streamed_lat 6->4s lag 2380448->0
  [lag] 2026-08-13T03:57:56Z raw=39838290067 behind=4s lag_rows=44995
  [quotes_daily]  35.36s type=Manual child_fresh=42s e2e=47s streamed_lat 6->5s lag 406654->0
  [quotes_typed]  16.55s type=Manual child_fresh=Nones e2e=Nones streamed_lat 5->4s lag 877879->146725
  [lag] 2026-08-13T03:58:56Z raw=39893650294 behind=4s lag_rows=0
  [quotes_typed]  32.37s type=Manual child_fresh=Nones e2e=Nones streamed_lat 5->4s lag 42827->0
  [quotes_daily]  35.47s type=Manual child_fresh=48s e2e=53s streamed_lat 4->5s lag 0->2102036
  [quotes_typed]   1.25s type=Manual child_fresh=Nones e2e=Nones streamed_lat 4->5s lag 24648->862691
  [lag] 2026-08-13T03:59:56Z raw=39955355278 behind=5s lag_rows=891693
  [quotes_typed]  32.02s type=Manual child_fresh=Nones e2e=Nones streamed_lat 4->6s lag 97183->2987583
  [quotes_daily]  35.63s type=Manual child_fresh=48s e2e=53s streamed_lat 5->5s lag 512536->289175
  [quotes_typed]  32.30s type=Manual child_fresh=Nones e2e=Nones streamed_lat 6->4s lag 3431340->0
  [lag] 2026-08-13T04:00:56Z raw=40017016642 behind=4s lag_rows=0
  [quotes_daily]  35.32s type=Manual child_fresh=43s e2e=48s streamed_lat 5->5s lag 2231310->1604558
  [quotes_typed]   8.43s type=Manual child_fresh=Nones e2e=Nones streamed_lat 4->4s lag 0->55235
  [quotes_typed]   0.95s type=Manual child_fresh=Nones e2e=Nones streamed_lat 5->5s lag 228978->163399
  [lag] 2026-08-13T04:01:56Z raw=40075145237 behind=5s lag_rows=1230198
  [quotes_typed]  32.53s type=Manual child_fresh=Nones e2e=Nones streamed_lat 4->6s lag 121384->1058246
  [quotes_daily]  36.31s type=Manual child_fresh=49s e2e=55s streamed_lat 4->6s lag 60657->0
  [quotes_typed]   4.54s type=Manual child_fresh=Nones e2e=Nones streamed_lat 7->5s lag 3481169->379822
  [lag] 2026-08-13T04:02:56Z raw=40133286481 behind=5s lag_rows=64047
  [quotes_daily]  35.51s type=Manual child_fresh=47s e2e=51s streamed_lat 5->4s lag 0->0
  [quotes_typed]  31.96s type=Manual child_fresh=Nones e2e=Nones streamed_lat 5->5s lag 188268->549314
  [lag] 2026-08-13T04:03:56Z raw=40194545341 behind=6s lag_rows=456245
  [quotes_typed]  32.54s type=Manual child_fresh=Nones e2e=Nones streamed_lat 5->5s lag 120216->0
  [quotes_daily]  35.41s type=Manual child_fresh=48s e2e=55s streamed_lat 5->7s lag 2078847->881717
  [quotes_typed]   1.23s type=Manual child_fresh=Nones e2e=Nones streamed_lat 5->6s lag 35549->0
  [quotes_typed]   1.19s type=Manual child_fresh=Nones e2e=Nones streamed_lat 5->5s lag 0->154063
  [lag] 2026-08-13T04:04:56Z raw=40255817691 behind=4s lag_rows=1001753
  [quotes_daily]  35.40s type=Manual child_fresh=43s e2e=49s streamed_lat 5->6s lag 0->944465
  [quotes_typed]  32.38s type=Manual child_fresh=Nones e2e=Nones streamed_lat 4->4s lag 0->997480
  [lag] 2026-08-13T04:05:56Z raw=40312711569 behind=4s lag_rows=0
  [quotes_typed]  32.27s type=Manual child_fresh=Nones e2e=Nones streamed_lat 5->4s lag 28423->94393
  [quotes_daily]  35.51s type=Manual child_fresh=44s e2e=49s streamed_lat 5->5s lag 2082757->0
  [quotes_typed]   4.22s type=Manual child_fresh=Nones e2e=Nones streamed_lat 5->5s lag 0->0
  [quotes_typed]   1.16s type=Manual child_fresh=Nones e2e=Nones streamed_lat 5->7s lag 0->3544248
  [quotes_daily]   4.26s type=Manual child_fresh=17s e2e=22s streamed_lat 5->5s lag 0->11117
  [quotes_typed]   8.21s type=Manual child_fresh=Nones e2e=Nones streamed_lat 7->4s lag 2966709->278073
  [lag] 2026-08-13T04:06:56Z raw=40375560504 behind=4s lag_rows=377062
  [quotes_typed]   1.01s type=Manual child_fresh=Nones e2e=Nones streamed_lat 4->5s lag 360362->1090147
  [quotes_typed]   7.95s type=Manual child_fresh=Nones e2e=Nones streamed_lat 6->6s lag 2831823->3121118
  [lag] 2026-08-13T04:07:56Z raw=40434397038 behind=5s lag_rows=2287789
  [quotes_typed]  32.46s type=Manual child_fresh=Nones e2e=Nones streamed_lat 5->5s lag 548602->1628599
  [quotes_daily]  35.88s type=Manual child_fresh=47s e2e=52s streamed_lat 5->5s lag 1017892->828282
  [quotes_typed]  32.56s type=Manual child_fresh=Nones e2e=Nones streamed_lat 4->4s lag 0->2081628
  [lag] 2026-08-13T04:08:56Z raw=40503464154 behind=4s lag_rows=238047
  [quotes_daily]  35.67s type=Manual child_fresh=52s e2e=56s streamed_lat 5->4s lag 765397->13697
  [quotes_typed]  32.39s type=Manual child_fresh=Nones e2e=Nones streamed_lat 4->4s lag 119887->8358
  [lag] 2026-08-13T04:09:56Z raw=40558382702 behind=5s lag_rows=1679015
  [quotes_daily]  35.59s type=Manual child_fresh=43s e2e=48s streamed_lat 4->5s lag 0->983419
  [quotes_typed]  32.42s type=Manual child_fresh=Nones e2e=Nones streamed_lat 4->4s lag 0->3103
  [lag] 2026-08-13T04:10:56Z raw=40614335968 behind=5s lag_rows=33934
  [quotes_daily]  35.62s type=Manual child_fresh=45s e2e=50s streamed_lat 4->5s lag 0->206229
  [quotes_typed]  32.43s type=Manual child_fresh=Nones e2e=Nones streamed_lat 4->4s lag 0->0
  [lag] 2026-08-13T04:11:56Z raw=40674671788 behind=5s lag_rows=1885591
  [quotes_typed]  32.45s type=Manual child_fresh=Nones e2e=Nones streamed_lat 5->5s lag 2045872->60009
  [quotes_daily]  35.70s type=Manual child_fresh=45s e2e=50s streamed_lat 5->5s lag 1064350->1981268
  [quotes_typed]  32.27s type=Manual child_fresh=Nones e2e=Nones streamed_lat 5->4s lag 499115->0
  [lag] 2026-08-13T04:12:56Z raw=40734395247 behind=4s lag_rows=0
  [quotes_daily]  35.46s type=Manual child_fresh=44s e2e=48s streamed_lat 4->4s lag 32295->497711
  [quotes_typed]  32.23s type=Manual child_fresh=Nones e2e=Nones streamed_lat 4->6s lag 0->1993144
  [lag] 2026-08-13T04:13:56Z raw=40795909346 behind=5s lag_rows=0
  [quotes_daily]  35.66s type=Manual child_fresh=48s e2e=53s streamed_lat 5->5s lag 1131853->907794
  [quotes_typed]  32.64s type=Manual child_fresh=Nones e2e=Nones streamed_lat 4->4s lag 128443->139490
  [lag] 2026-08-13T04:14:56Z raw=40852486332 behind=7s lag_rows=3772805
  [quotes_typed]  32.52s type=Manual child_fresh=Nones e2e=Nones streamed_lat 5->6s lag 1956348->2078373
  [quotes_daily]  35.59s type=Manual child_fresh=48s e2e=53s streamed_lat 5->5s lag 1098535->2015847
  [quotes_typed]   2.27s type=Manual child_fresh=Nones e2e=Nones streamed_lat 4->4s lag 96311->0
  [quotes_typed]   0.94s type=Manual child_fresh=Nones e2e=Nones streamed_lat 4->5s lag 0->0
  [lag] 2026-08-13T04:15:56Z raw=40913433881 behind=4s lag_rows=0
  [quotes_typed]  32.23s type=Manual child_fresh=Nones e2e=Nones streamed_lat 5->4s lag 46039->0
  [quotes_daily]  35.52s type=Manual child_fresh=43s e2e=49s streamed_lat 6->6s lag 1036874->1172951
  [lag] 2026-08-13T04:16:56Z raw=40974474030 behind=4s lag_rows=53559
  [quotes_typed]  32.42s type=Manual child_fresh=Nones e2e=Nones streamed_lat 5->4s lag 29428->0
  [quotes_daily]  35.64s type=Manual child_fresh=41s e2e=45s streamed_lat 4->4s lag 0->33215
  [quotes_typed]  32.27s type=Manual child_fresh=Nones e2e=Nones streamed_lat 4->7s lag 0->4253082
  [lag] 2026-08-13T04:17:56Z raw=41035120509 behind=4s lag_rows=685974
  [quotes_daily]  35.56s type=Manual child_fresh=42s e2e=46s streamed_lat 5->4s lag 1580637->0
  [quotes_typed]  32.71s type=Manual child_fresh=Nones e2e=Nones streamed_lat 6->5s lag 3241734->0
  [lag] 2026-08-13T04:18:56Z raw=41091765557 behind=7s lag_rows=1670873
  [quotes_typed]  32.31s type=Manual child_fresh=Nones e2e=Nones streamed_lat 6->4s lag 0->1835416
  [quotes_daily]  35.42s type=Manual child_fresh=46s e2e=51s streamed_lat 6->5s lag 1389988->818072
  [quotes_typed]  33.39s type=Manual child_fresh=Nones e2e=Nones streamed_lat 5->5s lag 338285->0
  [lag] 2026-08-13T04:19:56Z raw=41156157688 behind=5s lag_rows=401228
  [quotes_daily]  35.41s type=Manual child_fresh=42s e2e=47s streamed_lat 5->5s lag 2255531->145393
  [quotes_typed]  32.30s type=Manual child_fresh=Nones e2e=Nones streamed_lat 5->5s lag 2130262->746543
  [lag] 2026-08-13T04:20:56Z raw=41214302216 behind=4s lag_rows=0
  [quotes_daily]  35.40s type=Manual child_fresh=43s e2e=48s streamed_lat 5->5s lag 1496702->1116419
  [quotes_typed]  32.30s type=Manual child_fresh=Nones e2e=Nones streamed_lat 4->4s lag 886155->0
  [lag] 2026-08-13T04:21:56Z raw=41273680255 behind=5s lag_rows=0
  [quotes_typed]  32.46s type=Manual child_fresh=Nones e2e=Nones streamed_lat 4->4s lag 1114631->0
  [quotes_daily]  35.39s type=Manual child_fresh=42s e2e=49s streamed_lat 5->7s lag 2280030->1155342
  [quotes_typed]   4.51s type=Manual child_fresh=Nones e2e=Nones streamed_lat 6->6s lag 853971->3427185
  [lag] 2026-08-13T04:22:56Z raw=41335220968 behind=4s lag_rows=43671
  [quotes_typed]  31.93s type=Manual child_fresh=Nones e2e=Nones streamed_lat 6->4s lag 188779->0
  [quotes_daily]  35.42s type=Manual child_fresh=41s e2e=46s streamed_lat 4->5s lag 0->1121533
  [quotes_typed]   1.30s type=Manual child_fresh=Nones e2e=Nones streamed_lat 4->4s lag 25280->214259
  [quotes_typed]   1.22s type=Manual child_fresh=Nones e2e=Nones streamed_lat 5->5s lag 0->0
  [lag] 2026-08-13T04:23:56Z raw=41395308690 behind=5s lag_rows=778377
  [quotes_daily]  35.56s type=Manual child_fresh=47s e2e=53s streamed_lat 7->6s lag 334000->1988744
  [quotes_typed]  32.06s type=Manual child_fresh=Nones e2e=Nones streamed_lat 5->5s lag 2200410->249159
  [quotes_daily]   5.44s type=Manual child_fresh=14s e2e=19s streamed_lat 4->5s lag 28921->39944
  [quotes_typed]  16.32s type=Manual child_fresh=Nones e2e=Nones streamed_lat 4->5s lag 0->0
  [lag] 2026-08-13T04:24:56Z raw=41454087942 behind=5s lag_rows=41191
  [quotes_typed]   8.44s type=Manual child_fresh=Nones e2e=Nones streamed_lat 6->5s lag 836624->2231400
  [quotes_typed]  32.89s type=Manual child_fresh=Nones e2e=Nones streamed_lat 5->4s lag 533460->55706
  [lag] 2026-08-13T04:25:56Z raw=41516934942 behind=4s lag_rows=43140
  [quotes_daily]  35.64s type=Manual child_fresh=43s e2e=48s streamed_lat 5->5s lag 828767->0
  [quotes_typed]  32.49s type=Manual child_fresh=Nones e2e=Nones streamed_lat 5->4s lag 1953189->0
  [lag] 2026-08-13T04:26:56Z raw=41575110586 behind=4s lag_rows=86535
  [quotes_daily]  35.46s type=Manual child_fresh=44s e2e=48s streamed_lat 4->4s lag 96839->0
  [quotes_typed]  32.28s type=Manual child_fresh=Nones e2e=Nones streamed_lat 4->5s lag 0->290408
  [lag] 2026-08-13T04:27:56Z raw=41633541679 behind=5s lag_rows=0
  [quotes_typed]  32.64s type=Manual child_fresh=Nones e2e=Nones streamed_lat 5->5s lag 2189632->73312
  [quotes_daily]  36.07s type=Manual child_fresh=51s e2e=55s streamed_lat 5->4s lag 797980->0
  [lag] 2026-08-13T04:28:56Z raw=41695128324 behind=5s lag_rows=345244
  [quotes_typed]  32.27s type=Manual child_fresh=Nones e2e=Nones streamed_lat 5->6s lag 988741->2199341
  [quotes_daily]  35.46s type=Manual child_fresh=44s e2e=50s streamed_lat 4->6s lag 71263->3211538
  [quotes_typed]  32.54s type=Manual child_fresh=Nones e2e=Nones streamed_lat 4->7s lag 0->1265812
  [lag] 2026-08-13T04:29:56Z raw=41751693508 behind=5s lag_rows=0
  [quotes_daily]  35.83s type=Manual child_fresh=42s e2e=47s streamed_lat 4->5s lag 0->0
  [quotes_typed]  32.58s type=Manual child_fresh=Nones e2e=Nones streamed_lat 6->4s lag 1473499->0
  [quotes_daily]   4.77s type=Manual child_fresh=15s e2e=20s streamed_lat 5->5s lag 71609->0
  [quotes_typed]   8.05s type=Manual child_fresh=Nones e2e=Nones streamed_lat 5->5s lag 961849->20315
  [lag] 2026-08-13T04:30:56Z raw=41815241087 behind=7s lag_rows=586958
  [quotes_typed]   2.04s type=Manual child_fresh=Nones e2e=Nones streamed_lat 6->7s lag 52488->0
  [quotes_typed]  32.05s type=Manual child_fresh=Nones e2e=Nones streamed_lat 7->5s lag 0->0
  [lag] 2026-08-13T04:31:56Z raw=41871722777 behind=7s lag_rows=1945147
  [quotes_daily]  35.68s type=Manual child_fresh=45s e2e=52s streamed_lat 7->7s lag 483053->1366700
  [quotes_typed]  32.19s type=Manual child_fresh=Nones e2e=Nones streamed_lat 5->5s lag 39922->136346
  [quotes_daily]   2.24s type=Manual child_fresh=13s e2e=18s streamed_lat 6->5s lag 451596->0
  [lag] 2026-08-13T04:32:56Z raw=41933972142 behind=5s lag_rows=19283
  [quotes_typed]  32.30s type=Manual child_fresh=Nones e2e=Nones streamed_lat 6->4s lag 90522->0
  [lag] 2026-08-13T04:33:56Z raw=41991683912 behind=6s lag_rows=0
  [quotes_typed]  31.99s type=Manual child_fresh=Nones e2e=Nones streamed_lat 5->5s lag 0->67291
  [quotes_daily]  35.51s type=Manual child_fresh=45s e2e=52s streamed_lat 5->7s lag 1077569->1055452
  [quotes_typed]   4.03s type=Manual child_fresh=Nones e2e=Nones streamed_lat 7->5s lag 1018294->3131120
  [lag] 2026-08-13T04:34:56Z raw=42054538519 behind=5s lag_rows=1988414
  [quotes_typed]  31.85s type=Manual child_fresh=Nones e2e=Nones streamed_lat 6->7s lag 3096559->3261517
  [quotes_daily]  35.74s type=Manual child_fresh=45s e2e=50s streamed_lat 6->5s lag 503569->65467
  [quotes_typed]  32.07s type=Manual child_fresh=Nones e2e=Nones streamed_lat 6->4s lag 181425->0
  [lag] 2026-08-13T04:35:56Z raw=42115304410 behind=5s lag_rows=1130383
  [quotes_daily]  35.77s type=Manual child_fresh=45s e2e=49s streamed_lat 4->4s lag 0->0
  [quotes_typed]  32.73s type=Manual child_fresh=Nones e2e=Nones streamed_lat 5->6s lag 1975027->2622099
  [quotes_daily]   4.75s type=Manual child_fresh=14s e2e=19s streamed_lat 5->5s lag 161309->2015349
  [lag] 2026-08-13T04:36:56Z raw=42174923827 behind=4s lag_rows=89113
  [quotes_typed]  32.31s type=Manual child_fresh=Nones e2e=Nones streamed_lat 4->4s lag 69537->0
  [quotes_typed]  32.33s type=Manual child_fresh=Nones e2e=Nones streamed_lat 5->6s lag 2227997->0
  [lag] 2026-08-13T04:37:56Z raw=42235405762 behind=7s lag_rows=1626027
  [quotes_daily]  35.61s type=Manual child_fresh=50s e2e=57s streamed_lat 5->7s lag 0->49696
  [quotes_typed]  35.31s type=Manual child_fresh=Nones e2e=Nones streamed_lat 6->17s lag 0->9049294
  [lag] 2026-08-13T04:38:56Z raw=42286543700 behind=14s lag_rows=9402866
  [quotes_daily]  35.52s type=Manual child_fresh=55s e2e=62s streamed_lat 5->7s lag 0->0
  [quotes_typed]  32.28s type=Manual child_fresh=Nones e2e=Nones streamed_lat 13->6s lag 399397->370830
  [lag] 2026-08-13T04:39:56Z raw=42349054263 behind=16s lag_rows=838100
  [quotes_daily]  35.60s type=Manual child_fresh=45s e2e=57s streamed_lat 6->12s lag 134067->244100
  [quotes_typed]  32.30s type=Manual child_fresh=Nones e2e=Nones streamed_lat 6->9s lag 0->6468846
  [lag] 2026-08-13T04:40:56Z raw=42412840180 behind=5s lag_rows=0
  [quotes_typed]  35.97s type=Manual child_fresh=Nones e2e=Nones streamed_lat 7->14s lag 2297250->1638467
  [quotes_daily]  39.90s type=Manual child_fresh=51s e2e=62s streamed_lat 7->11s lag 2468954->0
  [lag] 2026-08-13T04:41:56Z raw=42477204642 behind=4s lag_rows=0
  [quotes_typed]  32.89s type=Manual child_fresh=Nones e2e=Nones streamed_lat 13->5s lag 7386307->180542
  [quotes_daily]  35.66s type=Manual child_fresh=49s e2e=53s streamed_lat 10->4s lag 5703581->0
  [quotes_typed]   2.15s type=Manual child_fresh=Nones e2e=Nones streamed_lat 4->14s lag 0->3387177
  [lag] 2026-08-13T04:42:56Z raw=42532918979 behind=6s lag_rows=0
  [quotes_typed]  32.11s type=Manual child_fresh=Nones e2e=Nones streamed_lat 10->6s lag 0->0
  [quotes_daily]  35.92s type=Manual child_fresh=47s e2e=52s streamed_lat 11->5s lag 5268175->879657
  [quotes_typed]   4.25s type=Manual child_fresh=Nones e2e=Nones streamed_lat 5->5s lag 59472->1121616
  [lag] 2026-08-13T04:43:56Z raw=42590685006 behind=5s lag_rows=0
  [quotes_typed]  32.19s type=Manual child_fresh=Nones e2e=Nones streamed_lat 4->12s lag 72539->311883
  [quotes_daily]  35.74s type=Manual child_fresh=50s e2e=59s streamed_lat 4->9s lag 903146->0
  [quotes_typed]   1.25s type=Manual child_fresh=Nones e2e=Nones streamed_lat 9->6s lag 0->117301
  [quotes_daily]   4.80s type=Manual child_fresh=14s e2e=19s streamed_lat 7->5s lag 1429125->657682
  [lag] 2026-08-13T04:44:56Z raw=42652860202 behind=5s lag_rows=0
  [quotes_typed]  35.27s type=Manual child_fresh=Nones e2e=Nones streamed_lat 5->14s lag 0->6950262
  [lag] 2026-08-13T04:45:56Z raw=42713622651 behind=8s lag_rows=255267
  [quotes_typed]  32.45s type=Manual child_fresh=Nones e2e=Nones streamed_lat 11->7s lag 196343->156131
  [quotes_daily]  35.64s type=Manual child_fresh=43s e2e=49s streamed_lat 11->6s lag 8618266->330451
  [lag] 2026-08-13T04:46:56Z raw=42770587888 behind=10s lag_rows=175641
  [quotes_typed]  32.58s type=Manual child_fresh=Nones e2e=Nones streamed_lat 6->9s lag 0->2895778
  [quotes_daily]  36.06s type=Manual child_fresh=49s e2e=55s streamed_lat 16->6s lag 2166853->0
  [quotes_typed]  32.26s type=Manual child_fresh=Nones e2e=Nones streamed_lat 8->12s lag 2485826->526041
  [lag] 2026-08-13T04:47:56Z raw=42829476780 behind=8s lag_rows=0
  [quotes_daily]  35.95s type=Manual child_fresh=56s e2e=61s streamed_lat 5->5s lag 0->0
  [quotes_typed]  32.25s type=Manual child_fresh=Nones e2e=Nones streamed_lat 11->4s lag 5647153->145937
  [lag] 2026-08-13T04:48:56Z raw=42889935809 behind=12s lag_rows=628702
  [quotes_typed]  32.47s type=Manual child_fresh=Nones e2e=Nones streamed_lat 4->9s lag 709131->0
  [quotes_daily]  35.92s type=Manual child_fresh=46s e2e=54s streamed_lat 4->8s lag 378165->61981
  [lag] 2026-08-13T04:49:56Z raw=42957441617 behind=5s lag_rows=2321570
  [quotes_typed]  35.24s type=Manual child_fresh=Nones e2e=Nones streamed_lat 8->5s lag 3316981->460825
  [quotes_daily]  35.81s type=Manual child_fresh=43s e2e=48s streamed_lat 5->5s lag 0->262513
  [quotes_typed]  32.45s type=Manual child_fresh=Nones e2e=Nones streamed_lat 5->5s lag 489647->0
  [lag] 2026-08-13T04:50:56Z raw=43013567740 behind=6s lag_rows=2865672
  [quotes_daily]  35.71s type=Manual child_fresh=42s e2e=47s streamed_lat 7->5s lag 0->13915
  [quotes_typed]  32.16s type=Manual child_fresh=Nones e2e=Nones streamed_lat 6->5s lag 1568962->0
  [quotes_daily]   4.67s type=Manual child_fresh=18s e2e=23s streamed_lat 6->5s lag 632231->0
  [lag] 2026-08-13T04:51:56Z raw=43074953106 behind=4s lag_rows=63028
  [quotes_typed]  32.18s type=Manual child_fresh=Nones e2e=Nones streamed_lat 5->5s lag 654946->0
  [quotes_typed]   1.24s type=Manual child_fresh=Nones e2e=Nones streamed_lat 4->5s lag 0->220311
  [lag] 2026-08-13T04:52:56Z raw=43133330997 behind=4s lag_rows=0
  [quotes_daily]  35.81s type=Manual child_fresh=46s e2e=51s streamed_lat 5->5s lag 0->175824
  [quotes_typed]  31.90s type=Manual child_fresh=Nones e2e=Nones streamed_lat 4->4s lag 0->651760
  [quotes_typed]   2.14s type=Manual child_fresh=Nones e2e=Nones streamed_lat 5->4s lag 47605->58619
  [lag] 2026-08-13T04:53:56Z raw=43193483659 behind=5s lag_rows=0
  [quotes_daily]  35.64s type=Manual child_fresh=45s e2e=50s streamed_lat 5->5s lag 463584->311336
  [quotes_typed]  31.89s type=Manual child_fresh=Nones e2e=Nones streamed_lat 4->4s lag 0->0
  [quotes_typed]   4.08s type=Manual child_fresh=Nones e2e=Nones streamed_lat 4->5s lag 0->0
  [lag] 2026-08-13T04:54:56Z raw=43256882449 behind=4s lag_rows=0
  [quotes_daily]  35.75s type=Manual child_fresh=46s e2e=52s streamed_lat 7->6s lag 2433217->2036456
  [quotes_typed]  31.91s type=Manual child_fresh=Nones e2e=Nones streamed_lat 5->5s lag 0->102106
  [quotes_typed]   1.18s type=Manual child_fresh=Nones e2e=Nones streamed_lat 5->5s lag 65328->0
  [quotes_daily]   4.49s type=Manual child_fresh=14s e2e=18s streamed_lat 5->4s lag 172364->0
  [quotes_typed]   2.12s type=Manual child_fresh=Nones e2e=Nones streamed_lat 5->5s lag 77856->986328
  [lag] 2026-08-13T04:55:56Z raw=43315624615 behind=4s lag_rows=33052
  [quotes_typed]  16.15s type=Manual child_fresh=Nones e2e=Nones streamed_lat 5->6s lag 2055990->750338
  [lag] 2026-08-13T04:56:56Z raw=43374717042 behind=5s lag_rows=147887
  [quotes_daily]  35.78s type=Manual child_fresh=42s e2e=47s streamed_lat 5->5s lag 0->927271
  [quotes_typed]  32.15s type=Manual child_fresh=Nones e2e=Nones streamed_lat 5->4s lag 0->119804
  [quotes_typed]  32.54s type=Manual child_fresh=Nones e2e=Nones streamed_lat 6->5s lag 1734271->1971232
  [lag] 2026-08-13T04:57:56Z raw=43438024337 behind=4s lag_rows=41156
  [quotes_daily]  35.64s type=Manual child_fresh=43s e2e=47s streamed_lat 4->4s lag 0->78769
  [quotes_typed]  32.29s type=Manual child_fresh=Nones e2e=Nones streamed_lat 4->4s lag 0->129030
  [lag] 2026-08-13T04:58:56Z raw=43494509763 behind=5s lag_rows=297834
  [quotes_daily]  35.88s type=Manual child_fresh=43s e2e=48s streamed_lat 4->5s lag 928234->1105531
  [quotes_typed]  32.29s type=Manual child_fresh=Nones e2e=Nones streamed_lat 7->5s lag 2082185->49919
  [lag] 2026-08-13T04:59:56Z raw=43555651951 behind=4s lag_rows=89243
  [quotes_typed]  32.45s type=Manual child_fresh=Nones e2e=Nones streamed_lat 5->4s lag 5713->0
  [quotes_daily]  35.75s type=Manual child_fresh=49s e2e=54s streamed_lat 6->5s lag 1277657->33578
  [quotes_typed]   8.24s type=Manual child_fresh=Nones e2e=Nones streamed_lat 4->4s lag 0->39074
  [quotes_daily]   4.53s type=Manual child_fresh=19s e2e=26s streamed_lat 4->7s lag 0->298161
  [quotes_typed]   0.96s type=Manual child_fresh=Nones e2e=Nones streamed_lat 5->6s lag 0->138875
  [lag] 2026-08-13T05:00:56Z raw=43615614995 behind=5s lag_rows=269012
  [quotes_typed]   0.96s type=Manual child_fresh=Nones e2e=Nones streamed_lat 5->5s lag 67542->2988903
  [quotes_typed]  32.40s type=Manual child_fresh=Nones e2e=Nones streamed_lat 6->5s lag 0->0
  [lag] 2026-08-13T05:01:56Z raw=43670932276 behind=6s lag_rows=0
  [quotes_daily]  35.78s type=Manual child_fresh=45s e2e=51s streamed_lat 6->6s lag 848600->0
  [quotes_typed]  32.13s type=Manual child_fresh=Nones e2e=Nones streamed_lat 8->7s lag 545345->292240
  [lag] 2026-08-13T05:02:56Z raw=43731810315 behind=6s lag_rows=0
  [quotes_typed]  32.72s type=Manual child_fresh=Nones e2e=Nones streamed_lat 6->7s lag 1064334->2018252
  [quotes_daily]  36.82s type=Manual child_fresh=51s e2e=57s streamed_lat 6->6s lag 28655->1115338
  [lag] 2026-08-13T05:03:56Z raw=43793856192 behind=5s lag_rows=78796
  [quotes_typed]  32.26s type=Manual child_fresh=Nones e2e=Nones streamed_lat 7->5s lag 3944336->22665
  [quotes_daily]  35.59s type=Manual child_fresh=47s e2e=53s streamed_lat 5->6s lag 0->0
  [quotes_typed]   1.14s type=Manual child_fresh=Nones e2e=Nones streamed_lat 5->7s lag 0->4046989
  [lag] 2026-08-13T05:04:56Z raw=43853344788 behind=6s lag_rows=55417
  [quotes_typed]  32.22s type=Manual child_fresh=Nones e2e=Nones streamed_lat 6->5s lag 1033469->78322
  [quotes_daily]  35.70s type=Manual child_fresh=47s e2e=52s streamed_lat 5->5s lag 144928->0
  [lag] 2026-08-13T05:05:56Z raw=43913864977 behind=5s lag_rows=15295
  [quotes_typed]  32.58s type=Manual child_fresh=Nones e2e=Nones streamed_lat 6->5s lag 1074395->0
  [quotes_daily]  35.62s type=Manual child_fresh=42s e2e=47s streamed_lat 5->5s lag 0->305448
  [quotes_typed]  32.27s type=Manual child_fresh=Nones e2e=Nones streamed_lat 5->8s lag 0->3651865
  [lag] 2026-08-13T05:06:56Z raw=43973672584 behind=5s lag_rows=2965058
  [quotes_daily]  35.60s type=Manual child_fresh=45s e2e=50s streamed_lat 6->5s lag 227323->732117
  [quotes_typed]  32.42s type=Manual child_fresh=Nones e2e=Nones streamed_lat 6->6s lag 0->144078
  [lag] 2026-08-13T05:07:56Z raw=44034263617 behind=5s lag_rows=1575157
  [quotes_daily]  35.73s type=Manual child_fresh=45s e2e=49s streamed_lat 6->4s lag 151596->0
  [quotes_typed]  32.60s type=Manual child_fresh=Nones e2e=Nones streamed_lat 5->4s lag 0->0
  [lag] 2026-08-13T05:08:56Z raw=44098296417 behind=5s lag_rows=354011
  [quotes_typed]  32.28s type=Manual child_fresh=Nones e2e=Nones streamed_lat 5->5s lag 1610464->200311
  [quotes_daily]  35.99s type=Manual child_fresh=53s e2e=59s streamed_lat 4->6s lag 0->2093068
  [quotes_typed]   4.47s type=Manual child_fresh=Nones e2e=Nones streamed_lat 5->5s lag 1929488->20880
  [quotes_daily]   4.66s type=Manual child_fresh=14s e2e=19s streamed_lat 6->5s lag 533160->2161248
  [lag] 2026-08-13T05:09:56Z raw=44154714281 behind=4s lag_rows=63062
  [quotes_typed]  32.14s type=Manual child_fresh=Nones e2e=Nones streamed_lat 5->5s lag 30612->1879957
  [lag] 2026-08-13T05:10:56Z raw=44216775741 behind=5s lag_rows=178053
  [quotes_typed]  32.58s type=Manual child_fresh=Nones e2e=Nones streamed_lat 4->5s lag 92470->1587820
  [quotes_daily]  35.87s type=Manual child_fresh=47s e2e=52s streamed_lat 5->5s lag 989300->898835
  [quotes_typed]   2.46s type=Manual child_fresh=Nones e2e=Nones streamed_lat 5->4s lag 942207->0
  [lag] 2026-08-13T05:11:56Z raw=44275908335 behind=4s lag_rows=23087
  [quotes_typed]  31.95s type=Manual child_fresh=Nones e2e=Nones streamed_lat 5->4s lag 2028594->1180762
  [quotes_daily]  35.95s type=Manual child_fresh=45s e2e=50s streamed_lat 4->5s lag 114784->67100
  [quotes_typed]  32.27s type=Manual child_fresh=Nones e2e=Nones streamed_lat 4->6s lag 661014->3165484
  [lag] 2026-08-13T05:12:56Z raw=44333893067 behind=4s lag_rows=0
  [quotes_daily]  35.62s type=Manual child_fresh=46s e2e=50s streamed_lat 6->4s lag 56842->214236
  [quotes_typed]  32.35s type=Manual child_fresh=Nones e2e=Nones streamed_lat 5->5s lag 463542->2258747
  [lag] 2026-08-13T05:13:56Z raw=44395362014 behind=5s lag_rows=766692
  [quotes_typed]  32.62s type=Manual child_fresh=Nones e2e=Nones streamed_lat 5->4s lag 1105505->0
  [quotes_daily]  35.81s type=Manual child_fresh=46s e2e=50s streamed_lat 5->4s lag 92504->400964
  [quotes_typed]  32.44s type=Manual child_fresh=Nones e2e=Nones streamed_lat 4->5s lag 73281->36850
  [lag] 2026-08-13T05:14:56Z raw=44455040121 behind=5s lag_rows=915883
  [quotes_daily]  35.63s type=Manual child_fresh=44s e2e=49s streamed_lat 4->5s lag 7721->16042
  [quotes_typed]  32.51s type=Manual child_fresh=Nones e2e=Nones streamed_lat 5->5s lag 23329->0
  [lag] 2026-08-13T05:15:56Z raw=44514292275 behind=7s lag_rows=959095
  [quotes_daily]  35.93s type=Manual child_fresh=44s e2e=50s streamed_lat 5->6s lag 1708534->1760062
  [quotes_typed]  32.41s type=Manual child_fresh=Nones e2e=Nones streamed_lat 7->5s lag 977053->337224
  [lag] 2026-08-13T05:16:56Z raw=44573950773 behind=4s lag_rows=0
  [quotes_typed]  32.59s type=Manual child_fresh=Nones e2e=Nones streamed_lat 7->4s lag 2896201->0
  [quotes_daily]  35.64s type=Manual child_fresh=49s e2e=53s streamed_lat 5->4s lag 0->1686906
  [quotes_typed]  16.47s type=Manual child_fresh=Nones e2e=Nones streamed_lat 5->5s lag 2119980->1024640
  [lag] 2026-08-13T05:17:56Z raw=44634190864 behind=4s lag_rows=0
  [quotes_daily]  35.78s type=Manual child_fresh=43s e2e=47s streamed_lat 5->4s lag 0->79629
  [quotes_typed]  32.09s type=Manual child_fresh=Nones e2e=Nones streamed_lat 5->4s lag 37918->0
  [lag] 2026-08-13T05:18:56Z raw=44696163604 behind=7s lag_rows=3763214
  [quotes_typed]  32.34s type=Manual child_fresh=Nones e2e=Nones streamed_lat 6->6s lag 2499936->1469186
  [quotes_daily]  35.68s type=Manual child_fresh=46s e2e=51s streamed_lat 4->5s lag 0->205702
  [quotes_typed]   1.25s type=Manual child_fresh=Nones e2e=Nones streamed_lat 5->6s lag 2662->3183995
  [lag] 2026-08-13T05:19:56Z raw=44754599976 behind=5s lag_rows=0
  [quotes_typed]  31.99s type=Manual child_fresh=Nones e2e=Nones streamed_lat 5->6s lag 1034391->353558
  [quotes_daily]  35.95s type=Manual child_fresh=49s e2e=55s streamed_lat 5->6s lag 81431->464368
  [quotes_typed]   2.43s type=Manual child_fresh=Nones e2e=Nones streamed_lat 7->5s lag 2399506->463979
  [lag] 2026-08-13T05:20:56Z raw=44816256174 behind=4s lag_rows=641022
  [quotes_typed]  32.01s type=Manual child_fresh=Nones e2e=Nones streamed_lat 4->4s lag 0->781290
  [quotes_daily]  35.71s type=Manual child_fresh=46s e2e=52s streamed_lat 4->6s lag 97028->119052
  [quotes_typed]   4.33s type=Manual child_fresh=Nones e2e=Nones streamed_lat 4->4s lag 0->494510
  [lag] 2026-08-13T05:21:56Z raw=44873719831 behind=7s lag_rows=2688134
  [quotes_typed]  32.34s type=Manual child_fresh=Nones e2e=Nones streamed_lat 5->5s lag 145044->0
  [quotes_daily]  35.67s type=Manual child_fresh=42s e2e=47s streamed_lat 5->5s lag 14748->0
  [quotes_typed]  32.33s type=Manual child_fresh=Nones e2e=Nones streamed_lat 5->6s lag 0->3260770
  [lag] 2026-08-13T05:22:56Z raw=44935160237 behind=5s lag_rows=96475
  [quotes_daily]  35.74s type=Manual child_fresh=46s e2e=52s streamed_lat 5->6s lag 11795->176032
  [quotes_typed]  32.22s type=Manual child_fresh=Nones e2e=Nones streamed_lat 4->4s lag 108266->29202
  [lag] 2026-08-13T05:23:56Z raw=44995140086 behind=4s lag_rows=47527
  [quotes_typed]  32.47s type=Manual child_fresh=Nones e2e=Nones streamed_lat 4->5s lag 0->304303
  [quotes_daily]  36.04s type=Manual child_fresh=46s e2e=51s streamed_lat 4->5s lag 0->1326097
  [quotes_typed]   1.44s type=Manual child_fresh=Nones e2e=Nones streamed_lat 4->4s lag 48360->66641
  [lag] 2026-08-13T05:24:56Z raw=45054345171 behind=4s lag_rows=0
  [quotes_typed]  31.96s type=Manual child_fresh=Nones e2e=Nones streamed_lat 4->4s lag 0->33103
  [quotes_daily]  35.68s type=Manual child_fresh=52s e2e=58s streamed_lat 4->6s lag 0->696281
  [quotes_typed]   1.16s type=Manual child_fresh=Nones e2e=Nones streamed_lat 5->5s lag 0->308384
  [quotes_daily]   4.85s type=Manual child_fresh=16s e2e=21s streamed_lat 5->5s lag 0->61073
  [lag] 2026-08-13T05:25:56Z raw=45114699021 behind=5s lag_rows=2214518
  [quotes_typed]  32.42s type=Manual child_fresh=Nones e2e=Nones streamed_lat 5->5s lag 0->1866671
  [quotes_typed]  32.35s type=Manual child_fresh=Nones e2e=Nones streamed_lat 4->6s lag 0->0
  [lag] 2026-08-13T05:26:56Z raw=45176326644 behind=5s lag_rows=117100
  [quotes_daily]  35.71s type=Manual child_fresh=45s e2e=49s streamed_lat 5->4s lag 68956->77054
  [quotes_typed]  32.51s type=Manual child_fresh=Nones e2e=Nones streamed_lat 4->4s lag 43648->58694
  [lag] 2026-08-13T05:27:56Z raw=45234638717 behind=5s lag_rows=2037642
  [quotes_daily]  36.36s type=Manual child_fresh=48s e2e=52s streamed_lat 5->4s lag 974854->0
  [quotes_typed]  32.28s type=Manual child_fresh=Nones e2e=Nones streamed_lat 4->5s lag 51690->828418
  [lag] 2026-08-13T05:28:56Z raw=45295041713 behind=4s lag_rows=801436
  [quotes_typed]  32.43s type=Manual child_fresh=Nones e2e=Nones streamed_lat 4->4s lag 139935->0
  [quotes_daily]  35.76s type=Manual child_fresh=48s e2e=52s streamed_lat 4->4s lag 50646->0
  [quotes_typed]  32.43s type=Manual child_fresh=Nones e2e=Nones streamed_lat 4->4s lag 48587->0
  [lag] 2026-08-13T05:29:56Z raw=45355970746 behind=5s lag_rows=60708
  [quotes_daily]  35.81s type=Manual child_fresh=43s e2e=48s streamed_lat 5->5s lag 2022965->0
  [quotes_typed]  32.45s type=Manual child_fresh=Nones e2e=Nones streamed_lat 5->4s lag 1296968->40352
  [lag] 2026-08-13T05:30:56Z raw=45413987729 behind=4s lag_rows=0
  [quotes_daily]  36.06s type=Manual child_fresh=45s e2e=49s streamed_lat 5->4s lag 771839->85813
  [quotes_typed]  32.25s type=Manual child_fresh=Nones e2e=Nones streamed_lat 5->4s lag 0->0
  [lag] 2026-08-13T05:31:56Z raw=45475104940 behind=5s lag_rows=880628
  [quotes_typed]  32.46s type=Manual child_fresh=Nones e2e=Nones streamed_lat 5->4s lag 0->0
  [quotes_daily]  35.69s type=Manual child_fresh=44s e2e=49s streamed_lat 4->5s lag 1979375->934689
  [quotes_typed]  32.45s type=Manual child_fresh=Nones e2e=Nones streamed_lat 4->5s lag 67282->0
  [lag] 2026-08-13T05:32:56Z raw=45536323510 behind=5s lag_rows=407018
  [quotes_daily]  35.91s type=Manual child_fresh=45s e2e=50s streamed_lat 5->5s lag 64620->0
  [quotes_typed]  32.47s type=Manual child_fresh=Nones e2e=Nones streamed_lat 5->4s lag 312765->0
  [lag] 2026-08-13T05:33:56Z raw=45596061132 behind=4s lag_rows=412694
  [quotes_daily]  35.76s type=Manual child_fresh=43s e2e=47s streamed_lat 5->4s lag 1924629->0
  [quotes_typed]  32.46s type=Manual child_fresh=Nones e2e=Nones streamed_lat 5->4s lag 2242365->0
  [quotes_typed]   1.48s type=Manual child_fresh=Nones e2e=Nones streamed_lat 5->4s lag 226773->0
  [lag] 2026-08-13T05:34:56Z raw=45653128803 behind=4s lag_rows=0
  [quotes_daily]  35.79s type=Manual child_fresh=47s e2e=52s streamed_lat 4->5s lag 0->22111
  [quotes_typed]  32.32s type=Manual child_fresh=Nones e2e=Nones streamed_lat 5->5s lag 1763979->198778
  [lag] 2026-08-13T05:35:56Z raw=45715690585 behind=4s lag_rows=360707
  [quotes_typed]  32.63s type=Manual child_fresh=Nones e2e=Nones streamed_lat 4->4s lag 410279->464093
  [quotes_daily]  35.83s type=Manual child_fresh=48s e2e=52s streamed_lat 4->4s lag 0->420094
  [quotes_typed]   4.61s type=Manual child_fresh=Nones e2e=Nones streamed_lat 4->4s lag 0->173929
  [lag] 2026-08-13T05:36:56Z raw=45775293624 behind=5s lag_rows=794062
  [quotes_typed]  32.21s type=Manual child_fresh=Nones e2e=Nones streamed_lat 4->5s lag 41016->22590
  [quotes_daily]  36.13s type=Manual child_fresh=49s e2e=55s streamed_lat 4->6s lag 146424->1682332
  [quotes_typed]   1.39s type=Manual child_fresh=Nones e2e=Nones streamed_lat 5->7s lag 0->3754723
  [lag] 2026-08-13T05:37:56Z raw=45835817354 behind=7s lag_rows=4175352
  [quotes_typed]  32.48s type=Manual child_fresh=Nones e2e=Nones streamed_lat 5->4s lag 0->0
  [quotes_daily]  36.34s type=Manual child_fresh=49s e2e=55s streamed_lat 6->6s lag 1070750->619596
  [lag] 2026-08-13T05:38:56Z raw=45897698974 behind=5s lag_rows=529573
  [quotes_typed]  32.62s type=Manual child_fresh=Nones e2e=Nones streamed_lat 6->4s lag 3619734->0
  [quotes_daily]  35.81s type=Manual child_fresh=47s e2e=52s streamed_lat 6->5s lag 3014361->163049
  [quotes_typed]   1.32s type=Manual child_fresh=Nones e2e=Nones streamed_lat 4->5s lag 452028->430956
  [lag] 2026-08-13T05:39:56Z raw=45956691601 behind=5s lag_rows=94041
  [quotes_typed]  32.24s type=Manual child_fresh=Nones e2e=Nones streamed_lat 5->4s lag 926770->773358
  [quotes_daily]  35.79s type=Manual child_fresh=45s e2e=50s streamed_lat 5->5s lag 725803->2434130
  [quotes_typed]  32.55s type=Manual child_fresh=Nones e2e=Nones streamed_lat 4->4s lag 0->0
  [lag] 2026-08-13T05:40:56Z raw=46013010586 behind=5s lag_rows=0
  [quotes_daily]  35.76s type=Manual child_fresh=44s e2e=51s streamed_lat 5->7s lag 122661->3385988
  [quotes_typed]  32.24s type=Manual child_fresh=Nones e2e=Nones streamed_lat 5->4s lag 0->0
  [lag] 2026-08-13T05:41:56Z raw=46075636257 behind=4s lag_rows=49296
  [quotes_daily]  35.90s type=Manual child_fresh=43s e2e=48s streamed_lat 5->5s lag 632806->1471380
  [quotes_typed]  32.25s type=Manual child_fresh=Nones e2e=Nones streamed_lat 4->5s lag 60176->0
  [lag] 2026-08-13T05:42:56Z raw=46134036372 behind=5s lag_rows=8054
  [quotes_typed]  32.31s type=Manual child_fresh=Nones e2e=Nones streamed_lat 5->5s lag 1352682->64887
  [quotes_daily]  35.69s type=Manual child_fresh=49s e2e=54s streamed_lat 5->5s lag 768269->931670
  [quotes_typed]   1.28s type=Manual child_fresh=Nones e2e=Nones streamed_lat 4->4s lag 0->0
  [lag] 2026-08-13T05:43:56Z raw=46196258296 behind=5s lag_rows=2067038
  [quotes_typed]  31.93s type=Manual child_fresh=Nones e2e=Nones streamed_lat 5->5s lag 0->0
  [quotes_daily]  35.90s type=Manual child_fresh=48s e2e=53s streamed_lat 4->5s lag 0->180735
  [quotes_typed]   2.24s type=Manual child_fresh=Nones e2e=Nones streamed_lat 4->4s lag 45723->0
  [lag] 2026-08-13T05:44:56Z raw=46256438116 behind=5s lag_rows=393670
  [quotes_typed]  32.14s type=Manual child_fresh=Nones e2e=Nones streamed_lat 6->4s lag 524867->345135
  [quotes_daily]  36.01s type=Manual child_fresh=43s e2e=47s streamed_lat 6->4s lag 2640936->0
  [quotes_typed]   4.27s type=Manual child_fresh=Nones e2e=Nones streamed_lat 5->5s lag 0->1389365
  [lag] 2026-08-13T05:45:56Z raw=46312932878 behind=6s lag_rows=55329
  [quotes_typed]  32.28s type=Manual child_fresh=Nones e2e=Nones streamed_lat 6->6s lag 2699083->1072946
  [quotes_daily]  36.01s type=Manual child_fresh=45s e2e=50s streamed_lat 5->5s lag 284810->118322
  [quotes_typed]  32.41s type=Manual child_fresh=Nones e2e=Nones streamed_lat 5->4s lag 785718->0
  [lag] 2026-08-13T05:46:56Z raw=46375244665 behind=5s lag_rows=856296
  [quotes_daily]  35.90s type=Manual child_fresh=45s e2e=50s streamed_lat 4->5s lag 33955->0
  [quotes_typed]  32.28s type=Manual child_fresh=Nones e2e=Nones streamed_lat 5->5s lag 1142276->0
  [lag] 2026-08-13T05:47:56Z raw=46434587476 behind=5s lag_rows=0
  [quotes_typed]  32.42s type=Manual child_fresh=Nones e2e=Nones streamed_lat 5->4s lag 613614->54672
  [quotes_daily]  36.37s type=Manual child_fresh=48s e2e=53s streamed_lat 5->5s lag 377998->1951931
  [quotes_typed]  32.09s type=Manual child_fresh=Nones e2e=Nones streamed_lat 4->5s lag 0->0
  [lag] 2026-08-13T05:48:56Z raw=46494569572 behind=5s lag_rows=291299
  [quotes_daily]  35.81s type=Manual child_fresh=46s e2e=50s streamed_lat 5->4s lag 281173->0
  [quotes_typed]  32.11s type=Manual child_fresh=Nones e2e=Nones streamed_lat 7->5s lag 1485635->0
  [lag] 2026-08-13T05:49:56Z raw=46554724859 behind=6s lag_rows=1218321
  [quotes_daily]  36.05s type=Manual child_fresh=45s e2e=50s streamed_lat 4->5s lag 56605->89445
  [quotes_typed]  32.29s type=Manual child_fresh=Nones e2e=Nones streamed_lat 5->4s lag 349203->0
  [lag] 2026-08-13T05:50:56Z raw=46614909315 behind=4s lag_rows=0
  [quotes_typed]  32.17s type=Manual child_fresh=Nones e2e=Nones streamed_lat 5->5s lag 210576->954768
  [quotes_daily]  36.00s type=Manual child_fresh=44s e2e=48s streamed_lat 4->4s lag 2016065->138253
  [quotes_typed]   4.30s type=Manual child_fresh=Nones e2e=Nones streamed_lat 4->5s lag 0->0
  [lag] 2026-08-13T05:51:56Z raw=46674703163 behind=5s lag_rows=1124631
  [quotes_typed]  31.89s type=Manual child_fresh=Nones e2e=Nones streamed_lat 5->7s lag 0->4220690
  [quotes_daily]  36.12s type=Manual child_fresh=47s e2e=55s streamed_lat 5->8s lag 0->1829981
  [quotes_typed]   1.01s type=Manual child_fresh=Nones e2e=Nones streamed_lat 7->6s lag 2048450->0
  [lag] 2026-08-13T05:52:56Z raw=46732708006 behind=7s lag_rows=235545
  [quotes_typed]  31.85s type=Manual child_fresh=Nones e2e=Nones streamed_lat 7->10s lag 254811->7283907
  [quotes_daily]  37.11s type=Manual child_fresh=46s e2e=53s streamed_lat 7->7s lag 961787->149728
  [quotes_typed]  32.29s type=Manual child_fresh=Nones e2e=Nones streamed_lat 8->7s lag 184260->0
  [lag] 2026-08-13T05:53:56Z raw=46794972662 behind=10s lag_rows=316943
  [quotes_daily]  35.84s type=Manual child_fresh=43s e2e=55s streamed_lat 8->12s lag 4594383->570664
  [quotes_typed]  32.29s type=Manual child_fresh=Nones e2e=Nones streamed_lat 9->10s lag 537321->3522125
  [lag] 2026-08-13T05:54:56Z raw=46852443528 behind=9s lag_rows=768272
  [quotes_typed]  32.73s type=Manual child_fresh=Nones e2e=Nones streamed_lat 9->11s lag 0->2578745
  [quotes_daily]  36.10s type=Manual child_fresh=52s e2e=61s streamed_lat 9->9s lag 207753->185267
  [lag] 2026-08-13T05:55:56Z raw=46914412757 behind=10s lag_rows=3630359
  [quotes_typed]  32.86s type=Manual child_fresh=Nones e2e=Nones streamed_lat 9->10s lag 0->3121299
  [quotes_typed]   2.05s type=Manual child_fresh=Nones e2e=Nones streamed_lat 8->9s lag 0->103738
  [quotes_daily]  36.18s type=Manual child_fresh=48s e2e=57s streamed_lat 9->9s lag 0->15924
  [lag] 2026-08-13T05:56:56Z raw=46974114282 behind=5s lag_rows=0
  [quotes_typed]  32.09s type=Manual child_fresh=Nones e2e=Nones streamed_lat 9->6s lag 1103808->2175274
  [quotes_typed]   2.15s type=Manual child_fresh=Nones e2e=Nones streamed_lat 5->5s lag 124374->1640263
  [quotes_daily]  35.77s type=Manual child_fresh=61s e2e=65s streamed_lat 7->4s lag 47429->0
  [quotes_typed]   1.93s type=Manual child_fresh=Nones e2e=Nones streamed_lat 4->4s lag 53186->0
  [lag] 2026-08-13T05:57:56Z raw=47034765134 behind=4s lag_rows=46295
  [quotes_daily]  35.91s type=Manual child_fresh=46s e2e=50s streamed_lat 4->4s lag 0->60676
  [quotes_typed]  31.99s type=Manual child_fresh=Nones e2e=Nones streamed_lat 5->5s lag 998703->57538
  [lag] 2026-08-13T05:58:56Z raw=47095286217 behind=5s lag_rows=981577
  [quotes_daily]  35.91s type=Manual child_fresh=49s e2e=56s streamed_lat 4->7s lag 0->1838829
  [quotes_typed]  32.21s type=Manual child_fresh=Nones e2e=Nones streamed_lat 4->6s lag 0->579740
  [lag] 2026-08-13T05:59:56Z raw=47158147035 behind=4s lag_rows=477648
  [quotes_typed]  32.29s type=Manual child_fresh=Nones e2e=Nones streamed_lat 7->4s lag 1563481->0
  [quotes_daily]  35.91s type=Manual child_fresh=45s e2e=51s streamed_lat 5->6s lag 0->1148734
  [quotes_typed]  32.40s type=Manual child_fresh=Nones e2e=Nones streamed_lat 6->4s lag 506188->0
  [lag] 2026-08-13T06:00:56Z raw=47216121971 behind=5s lag_rows=357483
  [quotes_daily]  35.94s type=Manual child_fresh=44s e2e=48s streamed_lat 5->4s lag 786524->0
  [quotes_typed]  32.14s type=Manual child_fresh=Nones e2e=Nones streamed_lat 5->6s lag 243840->229973
  [lag] 2026-08-13T06:01:56Z raw=47273717608 behind=6s lag_rows=236085
  [quotes_daily]  36.19s type=Manual child_fresh=45s e2e=51s streamed_lat 7->6s lag 2050685->88632
  [quotes_typed]  33.07s type=Manual child_fresh=Nones e2e=Nones streamed_lat 6->6s lag 992875->0
  [lag] 2026-08-13T06:02:56Z raw=47334691928 behind=5s lag_rows=2210479
  [quotes_typed]  33.28s type=Manual child_fresh=Nones e2e=Nones streamed_lat 6->4s lag 50889->0
  [quotes_daily]  35.88s type=Manual child_fresh=48s e2e=53s streamed_lat 6->5s lag 596893->0
  [quotes_typed]  32.48s type=Manual child_fresh=Nones e2e=Nones streamed_lat 7->5s lag 2107950->0
  [lag] 2026-08-13T06:03:56Z raw=47395812265 behind=5s lag_rows=1583737
  [quotes_daily]  35.85s type=Manual child_fresh=43s e2e=50s streamed_lat 6->7s lag 0->3416449
  [quotes_typed]  32.31s type=Manual child_fresh=Nones e2e=Nones streamed_lat 4->4s lag 0->61650
  [quotes_daily]   7.98s type=Manual child_fresh=18s e2e=22s streamed_lat 5->4s lag 0->21603
  [quotes_typed]   1.14s type=Manual child_fresh=Nones e2e=Nones streamed_lat 5->5s lag 760244->409277
  [lag] 2026-08-13T06:04:56Z raw=47453421111 behind=7s lag_rows=3634342
  [quotes_typed]  32.39s type=Manual child_fresh=Nones e2e=Nones streamed_lat 6->5s lag 1654182->858371
  [lag] 2026-08-13T06:05:56Z raw=47515490712 behind=5s lag_rows=705588
  [quotes_daily]  36.99s type=Manual child_fresh=46s e2e=50s streamed_lat 5->4s lag 231257->0
  [quotes_typed]  32.20s type=Manual child_fresh=Nones e2e=Nones streamed_lat 4->6s lag 63694->861995
  [quotes_typed]   1.24s type=Manual child_fresh=Nones e2e=Nones streamed_lat 5->4s lag 93856->0
  [lag] 2026-08-13T06:06:56Z raw=47574604484 behind=5s lag_rows=210317
  [quotes_daily]  37.77s type=Manual child_fresh=46s e2e=53s streamed_lat 5->7s lag 1547062->3203725
  [quotes_typed]  31.95s type=Manual child_fresh=Nones e2e=Nones streamed_lat 4->6s lag 0->33260
  [lag] 2026-08-13T06:07:56Z raw=47635603483 behind=5s lag_rows=580953
  [quotes_typed]  32.62s type=Manual child_fresh=Nones e2e=Nones streamed_lat 6->5s lag 212042->0
  [quotes_daily]  37.07s type=Manual child_fresh=49s e2e=54s streamed_lat 5->5s lag 251428->1105106
  [quotes_typed]   4.46s type=Manual child_fresh=Nones e2e=Nones streamed_lat 5->5s lag 79457->0
  [lag] 2026-08-13T06:08:56Z raw=47694957876 behind=4s lag_rows=0
  [quotes_typed]  32.43s type=Manual child_fresh=Nones e2e=Nones streamed_lat 6->8s lag 1408905->3363726
  [quotes_daily]  35.98s type=Manual child_fresh=51s e2e=57s streamed_lat 6->6s lag 2378973->2243
  [lag] 2026-08-13T06:09:56Z raw=47758349890 behind=4s lag_rows=469733
  [quotes_typed]  32.30s type=Manual child_fresh=Nones e2e=Nones streamed_lat 6->4s lag 0->265817
  [quotes_daily]  32.55s type=Manual child_fresh=46s e2e=52s streamed_lat 5->6s lag 35952->1172012
  [quotes_typed]  32.41s type=Manual child_fresh=Nones e2e=Nones streamed_lat 4->5s lag 0->689817
  [lag] 2026-08-13T06:10:56Z raw=47813637018 behind=6s lag_rows=2855148
  [quotes_daily]  36.20s type=Manual child_fresh=45s e2e=49s streamed_lat 5->4s lag 289915->0
  [quotes_typed]  32.40s type=Manual child_fresh=Nones e2e=Nones streamed_lat 6->5s lag 3789748->1585882
  [lag] 2026-08-13T06:11:56Z raw=47874240594 behind=6s lag_rows=2648850
  [quotes_typed]  32.27s type=Manual child_fresh=Nones e2e=Nones streamed_lat 6->5s lag 100887->807995
  [quotes_daily]  35.88s type=Manual child_fresh=46s e2e=50s streamed_lat 5->4s lag 0->0
  [lag] 2026-08-13T06:12:56Z raw=47937047747 behind=5s lag_rows=179625
  [quotes_typed]  32.33s type=Manual child_fresh=Nones e2e=Nones streamed_lat 4->5s lag 37298->2317487
  [quotes_typed]   2.31s type=Manual child_fresh=Nones e2e=Nones streamed_lat 4->5s lag 200892->662065
  [quotes_daily]  36.09s type=Manual child_fresh=51s e2e=56s streamed_lat 4->5s lag 0->85666
  [quotes_typed]   2.01s type=Manual child_fresh=Nones e2e=Nones streamed_lat 4->7s lag 38308->3821829
  [lag] 2026-08-13T06:13:56Z raw=47995223932 behind=4s lag_rows=672569
  [quotes_typed]  32.21s type=Manual child_fresh=Nones e2e=Nones streamed_lat 6->5s lag 1082265->1725532
  [quotes_daily]  36.83s type=Manual child_fresh=50s e2e=55s streamed_lat 7->5s lag 2148744->742358
  [lag] 2026-08-13T06:14:56Z raw=48057027204 behind=5s lag_rows=231145
  [quotes_typed]  32.42s type=Manual child_fresh=Nones e2e=Nones streamed_lat 4->4s lag 0->0
  [quotes_daily]  35.83s type=Manual child_fresh=44s e2e=48s streamed_lat 4->4s lag 79105->0
  [quotes_typed]  32.27s type=Manual child_fresh=Nones e2e=Nones streamed_lat 5->4s lag 868147->707763
  [lag] 2026-08-13T06:15:56Z raw=48114383949 behind=4s lag_rows=0
  [quotes_daily]  36.12s type=Manual child_fresh=45s e2e=49s streamed_lat 4->4s lag 69170->45350
  [quotes_typed]  32.25s type=Manual child_fresh=Nones e2e=Nones streamed_lat 4->5s lag 0->783335
  [lag] 2026-08-13T06:16:56Z raw=48174645451 behind=5s lag_rows=1955886
  [quotes_typed]  32.46s type=Manual child_fresh=Nones e2e=Nones streamed_lat 5->5s lag 17333->54601
  [quotes_daily]  36.13s type=Manual child_fresh=47s e2e=51s streamed_lat 4->4s lag 126272->403702
  [lag] 2026-08-13T06:17:56Z raw=48234495106 behind=5s lag_rows=2326828
  [quotes_typed]  32.24s type=Manual child_fresh=Nones e2e=Nones streamed_lat 5->4s lag 0->0
  [quotes_daily]  36.03s type=Manual child_fresh=43s e2e=47s streamed_lat 5->4s lag 775722->0
  [quotes_typed]  32.27s type=Manual child_fresh=Nones e2e=Nones streamed_lat 4->4s lag 1038540->31509
  [lag] 2026-08-13T06:18:56Z raw=48294867990 behind=4s lag_rows=0
  [quotes_daily]  36.25s type=Manual child_fresh=43s e2e=47s streamed_lat 5->4s lag 0->1061763
  [quotes_typed]  32.57s type=Manual child_fresh=Nones e2e=Nones streamed_lat 4->5s lag 0->0
  [lag] 2026-08-13T06:19:56Z raw=48355184275 behind=4s lag_rows=537476
  [quotes_typed]  32.73s type=Manual child_fresh=Nones e2e=Nones streamed_lat 5->5s lag 830446->0
  [quotes_daily]  36.04s type=Manual child_fresh=51s e2e=56s streamed_lat 5->5s lag 627832->832020
  [lag] 2026-08-13T06:20:56Z raw=48416232602 behind=4s lag_rows=0
  [quotes_typed]  33.55s type=Manual child_fresh=Nones e2e=Nones streamed_lat 5->4s lag 928655->0
  [quotes_daily]  35.99s type=Manual child_fresh=46s e2e=50s streamed_lat 5->4s lag 0->0
  [quotes_typed]  32.49s type=Manual child_fresh=Nones e2e=Nones streamed_lat 5->5s lag 1652279->322611
  [lag] 2026-08-13T06:21:56Z raw=48474727811 behind=6s lag_rows=287028
  [quotes_daily]  36.28s type=Manual child_fresh=46s e2e=51s streamed_lat 5->5s lag 230876->430515
  [quotes_typed]  32.17s type=Manual child_fresh=Nones e2e=Nones streamed_lat 5->6s lag 347773->597494
  [lag] 2026-08-13T06:22:56Z raw=48533477474 behind=4s lag_rows=0
  [quotes_daily]  36.27s type=Manual child_fresh=46s e2e=52s streamed_lat 6->6s lag 937632->96790
  [quotes_typed]  33.14s type=Manual child_fresh=Nones e2e=Nones streamed_lat 6->5s lag 120195->0
  [quotes_typed]   1.32s type=Manual child_fresh=Nones e2e=Nones streamed_lat 5->4s lag 72190->561185
  [quotes_daily]   1.60s type=Manual child_fresh=12s e2e=17s streamed_lat 4->5s lag 480060->0
  [lag] 2026-08-13T06:23:56Z raw=48594924703 behind=5s lag_rows=2042782
  [quotes_typed]  32.41s type=Manual child_fresh=Nones e2e=Nones streamed_lat 5->5s lag 1848056->930577
  [lag] 2026-08-13T06:24:56Z raw=48658195615 behind=4s lag_rows=0
  [quotes_typed]  32.24s type=Manual child_fresh=Nones e2e=Nones streamed_lat 4->4s lag 0->668964
  [quotes_daily]  36.37s type=Manual child_fresh=42s e2e=47s streamed_lat 5->5s lag 0->1060121
  [quotes_typed]  32.19s type=Manual child_fresh=Nones e2e=Nones streamed_lat 4->6s lag 525694->2461867
  [lag] 2026-08-13T06:25:56Z raw=48715082614 behind=5s lag_rows=847953
  [quotes_daily]  36.22s type=Manual child_fresh=43s e2e=51s streamed_lat 5->8s lag 2180023->4044083
  [quotes_typed]  32.67s type=Manual child_fresh=Nones e2e=Nones streamed_lat 5->6s lag 0->1856765
  [lag] 2026-08-13T06:26:56Z raw=48774686128 behind=4s lag_rows=0
  [quotes_daily]  36.33s type=Manual child_fresh=48s e2e=53s streamed_lat 6->5s lag 841098->34455
  [quotes_typed]  32.52s type=Manual child_fresh=Nones e2e=Nones streamed_lat 4->4s lag 98355->0
  [lag] 2026-08-13T06:27:56Z raw=48835348381 behind=5s lag_rows=1525532
  [quotes_typed]  32.44s type=Manual child_fresh=Nones e2e=Nones streamed_lat 5->4s lag 2400267->532614
  [quotes_daily]  35.84s type=Manual child_fresh=48s e2e=52s streamed_lat 5->4s lag 0->0
  [quotes_typed]   1.47s type=Manual child_fresh=Nones e2e=Nones streamed_lat 4->5s lag 0->675413
  [quotes_typed]   1.11s type=Manual child_fresh=Nones e2e=Nones streamed_lat 5->4s lag 79029->0
  [quotes_daily]   7.97s type=Manual child_fresh=16s e2e=23s streamed_lat 4->7s lag 0->1888731
  [quotes_typed]   7.94s type=Manual child_fresh=Nones e2e=Nones streamed_lat 5->5s lag 1646917->0
  [lag] 2026-08-13T06:28:56Z raw=48893684698 behind=6s lag_rows=3174132
  [quotes_typed]   1.15s type=Manual child_fresh=Nones e2e=Nones streamed_lat 6->4s lag 706216->248563
  [quotes_typed]   0.99s type=Manual child_fresh=Nones e2e=Nones streamed_lat 4->5s lag 0->2069908
  [lag] 2026-08-13T06:29:56Z raw=48956650020 behind=4s lag_rows=0
  [quotes_typed]  32.02s type=Manual child_fresh=Nones e2e=Nones streamed_lat 5->4s lag 516552->0
  [quotes_daily]  35.96s type=Manual child_fresh=48s e2e=52s streamed_lat 4->4s lag 743920->221383
  [quotes_typed]   2.29s type=Manual child_fresh=Nones e2e=Nones streamed_lat 4->4s lag 156120->62477
  [quotes_typed]   1.61s type=Manual child_fresh=Nones e2e=Nones streamed_lat 4->5s lag 94472->218466
  [quotes_daily]   5.67s type=Manual child_fresh=15s e2e=20s streamed_lat 4->5s lag 53779->803282
  [lag] 2026-08-13T06:30:56Z raw=49014001389 behind=4s lag_rows=0
  [quotes_typed]  31.98s type=Manual child_fresh=Nones e2e=Nones streamed_lat 4->5s lag 0->0
  [lag] 2026-08-13T06:31:56Z raw=49077129391 behind=4s lag_rows=50915
  [quotes_typed]  32.29s type=Manual child_fresh=Nones e2e=Nones streamed_lat 5->5s lag 2185260->974110
  [quotes_daily]  37.29s type=Manual child_fresh=49s e2e=55s streamed_lat 6->6s lag 2264765->390595
  [quotes_typed]   1.26s type=Manual child_fresh=Nones e2e=Nones streamed_lat 4->5s lag 0->1585666
  [lag] 2026-08-13T06:32:56Z raw=49136197086 behind=6s lag_rows=402347
  [quotes_typed]  32.52s type=Manual child_fresh=Nones e2e=Nones streamed_lat 6->7s lag 1265351->1146753
  [quotes_daily]  36.37s type=Manual child_fresh=43s e2e=47s streamed_lat 4->4s lag 0->681734
  [quotes_typed]  32.52s type=Manual child_fresh=Nones e2e=Nones streamed_lat 5->4s lag 373301->0
  [lag] 2026-08-13T06:33:56Z raw=49193914393 behind=4s lag_rows=0
  [quotes_daily]  36.10s type=Manual child_fresh=42s e2e=47s streamed_lat 4->5s lag 0->72404
  [quotes_typed]  32.59s type=Manual child_fresh=Nones e2e=Nones streamed_lat 4->6s lag 0->1306716
  [lag] 2026-08-13T06:34:56Z raw=49252709001 behind=5s lag_rows=0
  [quotes_daily]  37.41s type=Manual child_fresh=49s e2e=54s streamed_lat 6->5s lag 1332682->235862
  [quotes_typed]  33.35s type=Manual child_fresh=Nones e2e=Nones streamed_lat 6->5s lag 1628393->0
  [lag] 2026-08-13T06:35:56Z raw=49314434975 behind=4s lag_rows=0
  [quotes_typed]  32.49s type=Manual child_fresh=Nones e2e=Nones streamed_lat 6->6s lag 2444621->3170240
  [quotes_daily]  36.09s type=Manual child_fresh=42s e2e=46s streamed_lat 4->4s lag 0->0
  [quotes_typed]   2.30s type=Manual child_fresh=Nones e2e=Nones streamed_lat 5->4s lag 1273026->0
  [quotes_typed]   3.98s type=Manual child_fresh=Nones e2e=Nones streamed_lat 5->4s lag 111163->775150
  [quotes_daily]   8.65s type=Manual child_fresh=17s e2e=22s streamed_lat 4->5s lag 0->149040
  [lag] 2026-08-13T06:36:56Z raw=49376922643 behind=4s lag_rows=254981
  [quotes_typed]   8.35s type=Manual child_fresh=Nones e2e=Nones streamed_lat 6->4s lag 1735728->0
  [quotes_typed]  32.29s type=Manual child_fresh=Nones e2e=Nones streamed_lat 5->5s lag 0->0
  [lag] 2026-08-13T06:37:56Z raw=49433523940 behind=5s lag_rows=0
  [quotes_daily]  35.96s type=Manual child_fresh=43s e2e=47s streamed_lat 4->4s lag 37711->43332
  [quotes_typed]  32.46s type=Manual child_fresh=Nones e2e=Nones streamed_lat 5->4s lag 0->43614
  [quotes_daily]   5.83s type=Manual child_fresh=15s e2e=19s streamed_lat 4->4s lag 828064->0
  [lag] 2026-08-13T06:38:56Z raw=49495614450 behind=5s lag_rows=766931
  [quotes_typed]  32.51s type=Manual child_fresh=Nones e2e=Nones streamed_lat 4->5s lag 225078->2038947
  [quotes_typed]  32.95s type=Manual child_fresh=Nones e2e=Nones streamed_lat 4->5s lag 0->1930352
  [lag] 2026-08-13T06:39:56Z raw=49557955379 behind=4s lag_rows=49458
  [quotes_daily]  35.98s type=Manual child_fresh=45s e2e=49s streamed_lat 5->4s lag 0->904319
  [quotes_typed]  32.68s type=Manual child_fresh=Nones e2e=Nones streamed_lat 4->5s lag 42227->0
  [quotes_daily]  12.11s type=Manual child_fresh=23s e2e=27s streamed_lat 4->4s lag 270975->0
  [lag] 2026-08-13T06:40:56Z raw=49615864085 behind=4s lag_rows=36553
  [quotes_typed]   4.79s type=Manual child_fresh=Nones e2e=Nones streamed_lat 6->4s lag 2493241->0
  [quotes_typed]   1.05s type=Manual child_fresh=Nones e2e=Nones streamed_lat 4->5s lag 0->0
  [quotes_typed]  32.24s type=Manual child_fresh=Nones e2e=Nones streamed_lat 4->4s lag 771331->0
  [lag] 2026-08-13T06:41:56Z raw=49678248320 behind=5s lag_rows=651566
  [quotes_daily]  36.06s type=Manual child_fresh=43s e2e=47s streamed_lat 4->4s lag 0->0
  [quotes_typed]  32.28s type=Manual child_fresh=Nones e2e=Nones streamed_lat 4->4s lag 0->48486
  [lag] 2026-08-13T06:42:56Z raw=49734479724 behind=4s lag_rows=0
  [quotes_daily]  35.98s type=Manual child_fresh=42s e2e=47s streamed_lat 5->5s lag 0->541164
  [quotes_typed]  32.29s type=Manual child_fresh=Nones e2e=Nones streamed_lat 5->4s lag 0->375512
  [lag] 2026-08-13T06:43:56Z raw=49794642951 behind=5s lag_rows=0
  [quotes_typed]  32.53s type=Manual child_fresh=Nones e2e=Nones streamed_lat 4->4s lag 0->0
  [quotes_daily]  36.09s type=Manual child_fresh=44s e2e=49s streamed_lat 5->5s lag 1697026->1139126
  [quotes_typed]   4.30s type=Manual child_fresh=Nones e2e=Nones streamed_lat 4->5s lag 0->2114029
  [lag] 2026-08-13T06:44:56Z raw=49853463535 behind=5s lag_rows=0
  [quotes_typed]  32.38s type=Manual child_fresh=Nones e2e=Nones streamed_lat 5->5s lag 895355->0
  [quotes_daily]  37.38s type=Manual child_fresh=46s e2e=51s streamed_lat 4->5s lag 25436->0
  [quotes_typed]  32.32s type=Manual child_fresh=Nones e2e=Nones streamed_lat 7->4s lag 1731497->644286
  [lag] 2026-08-13T06:45:56Z raw=49918581320 behind=5s lag_rows=0
  [quotes_daily]  36.05s type=Manual child_fresh=43s e2e=47s streamed_lat 4->4s lag 0->33146
  [quotes_typed]  32.25s type=Manual child_fresh=Nones e2e=Nones streamed_lat 5->5s lag 31608->679363
  [lag] 2026-08-13T06:46:56Z raw=49975096595 behind=5s lag_rows=1268082
  [quotes_daily]  35.98s type=Manual child_fresh=44s e2e=49s streamed_lat 5->5s lag 1146261->0
  [quotes_typed]  32.32s type=Manual child_fresh=Nones e2e=Nones streamed_lat 4->5s lag 0->217359
  [quotes_typed]   1.39s type=Manual child_fresh=Nones e2e=Nones streamed_lat 5->5s lag 0->47045
  [lag] 2026-08-13T06:47:56Z raw=50033335336 behind=7s lag_rows=2632143
  [quotes_typed]  32.00s type=Manual child_fresh=Nones e2e=Nones streamed_lat 5->4s lag 60307->69256
  [quotes_daily]  36.89s type=Manual child_fresh=47s e2e=52s streamed_lat 5->5s lag 0->581887
  [quotes_typed]   4.51s type=Manual child_fresh=Nones e2e=Nones streamed_lat 4->5s lag 0->627831
  [lag] 2026-08-13T06:48:56Z raw=50095080725 behind=4s lag_rows=42209
  [quotes_typed]  32.00s type=Manual child_fresh=Nones e2e=Nones streamed_lat 4->5s lag 57964->2080644
  [quotes_daily]  36.12s type=Manual child_fresh=47s e2e=52s streamed_lat 5->5s lag 263087->2181328
  [lag] 2026-08-13T06:49:56Z raw=50154503131 behind=6s lag_rows=2179350
  [quotes_typed]  32.28s type=Manual child_fresh=Nones e2e=Nones streamed_lat 5->5s lag 900492->44872
  [quotes_daily]  36.39s type=Manual child_fresh=47s e2e=52s streamed_lat 4->5s lag 0->1862030
  [quotes_typed]   1.09s type=Manual child_fresh=Nones e2e=Nones streamed_lat 4->4s lag 0->0
  [lag] 2026-08-13T06:50:56Z raw=50216828449 behind=4s lag_rows=50884
  [quotes_typed]  32.04s type=Manual child_fresh=Nones e2e=Nones streamed_lat 5->4s lag 918205->0
  [quotes_daily]  36.35s type=Manual child_fresh=44s e2e=48s streamed_lat 5->4s lag 1026243->0
  [quotes_typed]  32.28s type=Manual child_fresh=Nones e2e=Nones streamed_lat 4->5s lag 1522877->18092
  [lag] 2026-08-13T06:51:56Z raw=50274234141 behind=4s lag_rows=0
  [quotes_daily]  36.13s type=Manual child_fresh=42s e2e=46s streamed_lat 4->4s lag 0->0
  [quotes_typed]  32.26s type=Manual child_fresh=Nones e2e=Nones streamed_lat 5->5s lag 889349->244124
  [lag] 2026-08-13T06:52:56Z raw=50335205749 behind=5s lag_rows=1058431
  [quotes_daily]  36.20s type=Manual child_fresh=42s e2e=47s streamed_lat 4->5s lag 77232->804483
  [quotes_typed]  32.31s type=Manual child_fresh=Nones e2e=Nones streamed_lat 4->4s lag 45155->0
  [quotes_typed]   1.09s type=Manual child_fresh=Nones e2e=Nones streamed_lat 4->5s lag 399787->91519
  [lag] 2026-08-13T06:53:56Z raw=50394884681 behind=4s lag_rows=123332
  [quotes_typed]  31.80s type=Manual child_fresh=Nones e2e=Nones streamed_lat 6->5s lag 1515033->0
  [quotes_daily]  36.09s type=Manual child_fresh=49s e2e=53s streamed_lat 4->4s lag 42836->471990
  [quotes_typed]  32.33s type=Manual child_fresh=Nones e2e=Nones streamed_lat 5->5s lag 2166970->0
  [lag] 2026-08-13T06:54:56Z raw=50457294327 behind=6s lag_rows=675566
  [quotes_daily]  36.14s type=Manual child_fresh=43s e2e=48s streamed_lat 4->5s lag 0->54221
  [quotes_typed]  32.17s type=Manual child_fresh=Nones e2e=Nones streamed_lat 7->6s lag 1114395->2876450
  [lag] 2026-08-13T06:55:56Z raw=50515351299 behind=4s lag_rows=1032366
  [quotes_daily]  36.34s type=Manual child_fresh=44s e2e=49s streamed_lat 5->5s lag 2110121->0
  [quotes_typed]  32.59s type=Manual child_fresh=Nones e2e=Nones streamed_lat 5->5s lag 1068786->0
  [lag] 2026-08-13T06:56:56Z raw=50575455990 behind=5s lag_rows=113362
  [quotes_typed]  32.70s type=Manual child_fresh=Nones e2e=Nones streamed_lat 5->4s lag 0->685059
  [quotes_daily]  36.37s type=Manual child_fresh=49s e2e=54s streamed_lat 5->5s lag 0->1752782
  [quotes_typed]   1.18s type=Manual child_fresh=Nones e2e=Nones streamed_lat 4->4s lag 0->0
  [lag] 2026-08-13T06:57:56Z raw=50633893416 behind=5s lag_rows=53894
  [quotes_typed]  32.11s type=Manual child_fresh=Nones e2e=Nones streamed_lat 6->6s lag 423785->557246
  [quotes_daily]  36.07s type=Manual child_fresh=47s e2e=52s streamed_lat 5->5s lag 0->0
  [quotes_typed]   4.15s type=Manual child_fresh=Nones e2e=Nones streamed_lat 6->4s lag 319012->105752
  [lag] 2026-08-13T06:58:56Z raw=50693922936 behind=5s lag_rows=0
  [quotes_typed]  31.85s type=Manual child_fresh=Nones e2e=Nones streamed_lat 4->6s lag 0->913394
  [quotes_daily]  36.34s type=Manual child_fresh=46s e2e=51s streamed_lat 5->5s lag 1516146->123989
  [quotes_typed]  32.18s type=Manual child_fresh=Nones e2e=Nones streamed_lat 4->5s lag 0->538785
  [lag] 2026-08-13T06:59:56Z raw=50755473873 behind=4s lag_rows=42443
  [quotes_daily]  36.94s type=Manual child_fresh=43s e2e=49s streamed_lat 6->6s lag 0->68642
  [quotes_typed]  32.45s type=Manual child_fresh=Nones e2e=Nones streamed_lat 5->7s lag 33657->4344549
  [lag] 2026-08-13T07:00:56Z raw=50812622773 behind=7s lag_rows=3604248
  [quotes_typed]  32.56s type=Manual child_fresh=Nones e2e=Nones streamed_lat 6->5s lag 3106351->0
  [quotes_daily]  36.19s type=Manual child_fresh=48s e2e=53s streamed_lat 7->5s lag 56708->0
  [lag] 2026-08-13T07:01:56Z raw=50874764829 behind=5s lag_rows=603100
  [quotes_typed]  32.38s type=Manual child_fresh=Nones e2e=Nones streamed_lat 4->6s lag 16382->560564
  [quotes_daily]  40.50s type=Manual child_fresh=47s e2e=53s streamed_lat 6->6s lag 0->0
  [quotes_typed]  32.18s type=Manual child_fresh=Nones e2e=Nones streamed_lat 6->7s lag 227189->4213795
  [lag] 2026-08-13T07:02:56Z raw=50931918771 behind=6s lag_rows=0
  [quotes_daily]  36.29s type=Manual child_fresh=50s e2e=57s streamed_lat 7->7s lag 0->3518833
  [quotes_typed]  33.78s type=Manual child_fresh=Nones e2e=Nones streamed_lat 5->7s lag 0->0
  [lag] 2026-08-13T07:03:56Z raw=50994265764 behind=6s lag_rows=864443
  [quotes_daily]  36.26s type=Manual child_fresh=44s e2e=48s streamed_lat 10->4s lag 6840290->146579
  [quotes_typed]  32.29s type=Manual child_fresh=Nones e2e=Nones streamed_lat 8->4s lag 493942->59461
  [quotes_typed]   2.31s type=Manual child_fresh=Nones e2e=Nones streamed_lat 4->6s lag 0->1854894
  [lag] 2026-08-13T07:04:56Z raw=51054758662 behind=4s lag_rows=2097787
  [quotes_daily]  36.52s type=Manual child_fresh=48s e2e=55s streamed_lat 6->7s lag 1647952->210883
  [quotes_typed]  33.25s type=Manual child_fresh=Nones e2e=Nones streamed_lat 5->8s lag 0->1851174
  [lag] 2026-08-13T07:05:56Z raw=51112993949 behind=8s lag_rows=157454
  [quotes_typed]  33.48s type=Manual child_fresh=Nones e2e=Nones streamed_lat 9->6s lag 6772631->0
  [quotes_daily]  36.22s type=Manual child_fresh=52s e2e=58s streamed_lat 9->6s lag 3356410->297377
  [lag] 2026-08-13T07:06:56Z raw=51173579218 behind=8s lag_rows=798730
  [quotes_typed]  33.40s type=Manual child_fresh=Nones e2e=Nones streamed_lat 6->7s lag 2119475->0
  [quotes_daily]  36.46s type=Manual child_fresh=43s e2e=50s streamed_lat 5->7s lag 0->210773
  [quotes_typed]  32.12s type=Manual child_fresh=Nones e2e=Nones streamed_lat 7->5s lag 220311->0
  [lag] 2026-08-13T07:07:56Z raw=51232311774 behind=6s lag_rows=0
  [quotes_daily]  36.39s type=Manual child_fresh=47s e2e=52s streamed_lat 6->5s lag 211105->56343
  [quotes_typed]  32.43s type=Manual child_fresh=Nones e2e=Nones streamed_lat 6->6s lag 179987->0
  [lag] 2026-08-13T07:08:56Z raw=51299375896 behind=4s lag_rows=493255
  [quotes_typed]  32.11s type=Manual child_fresh=Nones e2e=Nones streamed_lat 6->5s lag 77076->621844
  [quotes_daily]  36.12s type=Manual child_fresh=47s e2e=51s streamed_lat 7->4s lag 0->700170
  [lag] 2026-08-13T07:09:56Z raw=51352908901 behind=5s lag_rows=0
  [quotes_typed]  32.48s type=Manual child_fresh=Nones e2e=Nones streamed_lat 4->5s lag 0->1039894
  [quotes_daily]  36.11s type=Manual child_fresh=47s e2e=51s streamed_lat 5->4s lag 75850->0
  [quotes_typed]  32.14s type=Manual child_fresh=Nones e2e=Nones streamed_lat 5->4s lag 182400->57439
  [lag] 2026-08-13T07:10:56Z raw=51414857338 behind=4s lag_rows=1834640
  [quotes_daily]  36.17s type=Manual child_fresh=44s e2e=49s streamed_lat 5->5s lag 1203587->0
  [quotes_typed]  32.45s type=Manual child_fresh=Nones e2e=Nones streamed_lat 4->5s lag 0->0
  [quotes_daily]   8.33s type=Manual child_fresh=16s e2e=21s streamed_lat 6->5s lag 1111101->22371
  [lag] 2026-08-13T07:11:56Z raw=51473514236 behind=7s lag_rows=2383125
  [quotes_typed]  32.80s type=Manual child_fresh=Nones e2e=Nones streamed_lat 5->6s lag 0->1206730
  [lag] 2026-08-13T07:12:56Z raw=51536022365 behind=4s lag_rows=0
  [quotes_typed]  32.41s type=Manual child_fresh=Nones e2e=Nones streamed_lat 5->4s lag 157527->154736
  [quotes_daily]  36.42s type=Manual child_fresh=45s e2e=50s streamed_lat 4->5s lag 47166->0
  [quotes_typed]  32.23s type=Manual child_fresh=Nones e2e=Nones streamed_lat 4->5s lag 0->1313132
  [lag] 2026-08-13T07:13:56Z raw=51593685229 behind=6s lag_rows=2927537
  [quotes_daily]  36.25s type=Manual child_fresh=43s e2e=47s streamed_lat 6->4s lag 3194924->38016
  [quotes_typed]  32.16s type=Manual child_fresh=Nones e2e=Nones streamed_lat 4->4s lag 0->0
  [lag] 2026-08-13T07:14:56Z raw=51654839118 behind=4s lag_rows=1742942
  [quotes_typed]  32.39s type=Manual child_fresh=Nones e2e=Nones streamed_lat 6->4s lag 1962999->26771
  [quotes_daily]  36.30s type=Manual child_fresh=43s e2e=47s streamed_lat 5->4s lag 0->0
  [lag] 2026-08-13T07:15:56Z raw=51713923140 behind=5s lag_rows=0
  [quotes_typed]  32.60s type=Manual child_fresh=Nones e2e=Nones streamed_lat 4->4s lag 0->118704
  [quotes_daily]  36.18s type=Manual child_fresh=43s e2e=47s streamed_lat 5->4s lag 2207257->22336
  [quotes_typed]  32.41s type=Manual child_fresh=Nones e2e=Nones streamed_lat 4->4s lag 0->0
  [lag] 2026-08-13T07:16:56Z raw=51774079620 behind=5s lag_rows=38934
  [quotes_daily]  36.30s type=Manual child_fresh=44s e2e=48s streamed_lat 6->4s lag 1763905->0
  [quotes_typed]  32.16s type=Manual child_fresh=Nones e2e=Nones streamed_lat 4->5s lag 0->1038462
  [lag] 2026-08-13T07:17:56Z raw=51834554997 behind=5s lag_rows=2136033
  [quotes_typed]  32.59s type=Manual child_fresh=Nones e2e=Nones streamed_lat 4->4s lag 0->39091
  [quotes_daily]  36.38s type=Manual child_fresh=49s e2e=54s streamed_lat 5->5s lag 1867958->1693354
  [quotes_typed]   1.23s type=Manual child_fresh=Nones e2e=Nones streamed_lat 4->5s lag 30567->0
  [lag] 2026-08-13T07:18:56Z raw=51893605045 behind=5s lag_rows=0
  [quotes_typed]  32.37s type=Manual child_fresh=Nones e2e=Nones streamed_lat 5->5s lag 0->1305660
  [quotes_daily]  36.47s type=Manual child_fresh=43s e2e=48s streamed_lat 5->5s lag 54084->689898
  [quotes_typed]   2.65s type=Manual child_fresh=Nones e2e=Nones streamed_lat 4->4s lag 606133->0
  [lag] 2026-08-13T07:19:56Z raw=51952414574 behind=5s lag_rows=0
  [quotes_daily]  36.31s type=Manual child_fresh=48s e2e=53s streamed_lat 7->5s lag 1990555->454300
  [quotes_typed]  32.20s type=Manual child_fresh=Nones e2e=Nones streamed_lat 5->4s lag 786821->69396
  [quotes_typed]   4.27s type=Manual child_fresh=Nones e2e=Nones streamed_lat 4->5s lag 0->131297
  [quotes_daily]   5.43s type=Manual child_fresh=16s e2e=21s streamed_lat 5->5s lag 460026->761680
  [lag] 2026-08-13T07:20:56Z raw=52014671675 behind=5s lag_rows=40188
  [quotes_typed]  32.54s type=Manual child_fresh=Nones e2e=Nones streamed_lat 4->4s lag 0->0
  [lag] 2026-08-13T07:21:56Z raw=52074367711 behind=3s lag_rows=0
  [quotes_typed]  32.48s type=Manual child_fresh=Nones e2e=Nones streamed_lat 5->4s lag 0->148623
  [quotes_daily]  36.17s type=Manual child_fresh=47s e2e=51s streamed_lat 5->4s lag 69983->0
  [quotes_typed]   1.28s type=Manual child_fresh=Nones e2e=Nones streamed_lat 4->5s lag 685327->0
  [quotes_typed]   0.99s type=Manual child_fresh=Nones e2e=Nones streamed_lat 4->5s lag 0->0
  [lag] 2026-08-13T07:22:56Z raw=52134702023 behind=5s lag_rows=1461478
  [quotes_typed]  32.14s type=Manual child_fresh=Nones e2e=Nones streamed_lat 5->4s lag 2125397->0
  [quotes_daily]  36.35s type=Manual child_fresh=49s e2e=52s streamed_lat 4->3s lag 796152->229605
  [lag] 2026-08-13T07:23:56Z raw=52194589380 behind=6s lag_rows=2091423
  [quotes_typed]  32.48s type=Manual child_fresh=Nones e2e=Nones streamed_lat 4->7s lag 756070->3515636
  [quotes_daily]  36.88s type=Manual child_fresh=47s e2e=53s streamed_lat 5->6s lag 772456->665710
  [quotes_typed]  32.48s type=Manual child_fresh=Nones e2e=Nones streamed_lat 6->4s lag 3374250->469613
  [lag] 2026-08-13T07:24:56Z raw=52254856052 behind=4s lag_rows=0
  [quotes_daily]  36.52s type=Manual child_fresh=42s e2e=47s streamed_lat 7->5s lag 2217013->257066
  [quotes_typed]  32.41s type=Manual child_fresh=Nones e2e=Nones streamed_lat 4->8s lag 0->1525797
  [quotes_daily]   5.71s type=Manual child_fresh=19s e2e=25s streamed_lat 6->6s lag 0->889107
  [lag] 2026-08-13T07:25:56Z raw=52312427388 behind=6s lag_rows=0
  [quotes_typed]  32.38s type=Manual child_fresh=Nones e2e=Nones streamed_lat 5->5s lag 384737->2565762
  [lag] 2026-08-13T07:26:56Z raw=52375003699 behind=4s lag_rows=0
  [quotes_typed]  32.37s type=Manual child_fresh=Nones e2e=Nones streamed_lat 4->4s lag 124330->1153361
  [quotes_daily]  36.22s type=Manual child_fresh=47s e2e=52s streamed_lat 4->5s lag 0->0
  [quotes_typed]  32.46s type=Manual child_fresh=Nones e2e=Nones streamed_lat 5->4s lag 851955->1105850
  [lag] 2026-08-13T07:27:56Z raw=52434969527 behind=4s lag_rows=0
  [quotes_daily]  36.74s type=Manual child_fresh=46s e2e=51s streamed_lat 4->5s lag 0->953439
  [quotes_typed]  32.26s type=Manual child_fresh=Nones e2e=Nones streamed_lat 5->4s lag 2175101->50295
  [quotes_daily]   8.30s type=Manual child_fresh=16s e2e=21s streamed_lat 4->5s lag 0->0
  [lag] 2026-08-13T07:28:56Z raw=52494358960 behind=4s lag_rows=0
  [quotes_typed]  32.35s type=Manual child_fresh=Nones e2e=Nones streamed_lat 5->4s lag 371853->47310
  [lag] 2026-08-13T07:29:56Z raw=52555321975 behind=4s lag_rows=64407
  [quotes_typed]  32.30s type=Manual child_fresh=Nones e2e=Nones streamed_lat 5->5s lag 0->640002
  [quotes_daily]  36.28s type=Manual child_fresh=44s e2e=49s streamed_lat 6->5s lag 1503505->0
  [lag] 2026-08-13T07:30:56Z raw=52615560472 behind=4s lag_rows=147572
  [quotes_typed]  32.44s type=Manual child_fresh=Nones e2e=Nones streamed_lat 5->4s lag 2666->576805
  [quotes_daily]  36.49s type=Manual child_fresh=45s e2e=49s streamed_lat 4->4s lag 170507->0
  [quotes_typed]  32.30s type=Manual child_fresh=Nones e2e=Nones streamed_lat 4->5s lag 98324->60985
  [lag] 2026-08-13T07:31:56Z raw=52673779733 behind=5s lag_rows=93997
  [quotes_daily]  36.47s type=Manual child_fresh=46s e2e=51s streamed_lat 5->5s lag 158820->0
  [quotes_typed]  32.24s type=Manual child_fresh=Nones e2e=Nones streamed_lat 7->4s lag 1098041->0
  [lag] 2026-08-13T07:32:56Z raw=52734415291 behind=4s lag_rows=0
  [quotes_typed]  32.68s type=Manual child_fresh=Nones e2e=Nones streamed_lat 4->4s lag 51755->943178
  [quotes_daily]  37.57s type=Manual child_fresh=60s e2e=64s streamed_lat 4->4s lag 58343->93612
  [quotes_daily] WARN: refresh exceeded the 60s cadence by 0.1s; next fires immediately.
  [quotes_typed]   1.57s type=Manual child_fresh=Nones e2e=Nones streamed_lat 7->6s lag 765147->1053338
  [lag] 2026-08-13T07:33:56Z raw=52810104835 behind=5s lag_rows=656241
  [quotes_daily]   5.39s type=Manual child_fresh=44s e2e=48s streamed_lat 6->4s lag 707847->1757621
  [quotes_daily] WARN: refresh exceeded the 60s cadence by 14.1s; next fires immediately.
  [lag] 2026-08-13T07:34:56Z raw=52865445987 behind=4s lag_rows=13022
  [quotes_typed]   9.61s type=Manual child_fresh=Nones e2e=Nones streamed_lat 4->5s lag 52687->335472
  [quotes_daily]  38.15s type=Manual child_fresh=52s e2e=57s streamed_lat 5->5s lag 0->310155
  [quotes_daily] WARN: refresh exceeded the 60s cadence by 2.5s; next fires immediately.
  [lag] 2026-08-13T07:35:56Z raw=52920344655 behind=5s lag_rows=909496
  [quotes_typed]  32.26s type=Manual child_fresh=Nones e2e=Nones streamed_lat 5->5s lag 0->188646
  [quotes_typed]   1.42s type=Manual child_fresh=Nones e2e=Nones streamed_lat 5->6s lag 1546768->894303
  [quotes_daily]  36.42s type=Manual child_fresh=55s e2e=61s streamed_lat 4->6s lag 35888->764832
  [quotes_daily] WARN: refresh exceeded the 60s cadence by 3.2s; next fires immediately.
  [lag] 2026-08-13T07:36:56Z raw=52974910806 behind=7s lag_rows=3007322
  [quotes_daily]  36.34s type=Manual child_fresh=47s e2e=52s streamed_lat 6->5s lag 2723921->1596252
  [quotes_typed]  32.33s type=Manual child_fresh=Nones e2e=Nones streamed_lat 5->4s lag 0->0
  [lag] 2026-08-13T07:37:56Z raw=53032736281 behind=5s lag_rows=0
  [quotes_typed]  32.38s type=Manual child_fresh=Nones e2e=Nones streamed_lat 6->5s lag 85250->910721
  [quotes_daily]  36.29s type=Manual child_fresh=47s e2e=51s streamed_lat 5->4s lag 225068->0
  [lag] 2026-08-13T07:38:56Z raw=53095163142 behind=4s lag_rows=60630
  [quotes_typed]  32.44s type=Manual child_fresh=Nones e2e=Nones streamed_lat 4->5s lag 62779->0
  [quotes_daily]  36.32s type=Manual child_fresh=46s e2e=51s streamed_lat 4->5s lag 36349->0
  [quotes_typed]  32.44s type=Manual child_fresh=Nones e2e=Nones streamed_lat 5->4s lag 1320016->209451
  [lag] 2026-08-13T07:39:56Z raw=53154419363 behind=4s lag_rows=0
  [quotes_daily]  36.42s type=Manual child_fresh=46s e2e=51s streamed_lat 4->5s lag 132232->1938057
  [quotes_typed]  32.34s type=Manual child_fresh=Nones e2e=Nones streamed_lat 5->5s lag 698840->741098
  [lag] 2026-08-13T07:40:56Z raw=53213840070 behind=4s lag_rows=0
  [quotes_typed]  32.37s type=Manual child_fresh=Nones e2e=Nones streamed_lat 4->4s lag 0->0
  [quotes_daily]  36.47s type=Manual child_fresh=45s e2e=50s streamed_lat 4->5s lag 1922296->1335671
  [quotes_typed]  16.53s type=Manual child_fresh=Nones e2e=Nones streamed_lat 5->5s lag 119989->26887
  [lag] 2026-08-13T07:41:56Z raw=53275931133 behind=4s lag_rows=0
  [quotes_daily]   8.29s type=Manual child_fresh=14s e2e=18s streamed_lat 5->4s lag 0->37110
  [quotes_typed]  32.39s type=Manual child_fresh=Nones e2e=Nones streamed_lat 4->5s lag 283984->231014
  [quotes_typed]   4.43s type=Manual child_fresh=Nones e2e=Nones streamed_lat 5->5s lag 128175->73465
  [lag] 2026-08-13T07:42:56Z raw=53334973232 behind=5s lag_rows=0
  [quotes_daily]  36.34s type=Manual child_fresh=44s e2e=49s streamed_lat 6->5s lag 788420->116543
  [quotes_typed]  32.13s type=Manual child_fresh=Nones e2e=Nones streamed_lat 5->4s lag 2147325->69607
  [lag] 2026-08-13T07:43:56Z raw=53392678347 behind=5s lag_rows=0
  [quotes_typed]  32.78s type=Manual child_fresh=Nones e2e=Nones streamed_lat 4->4s lag 0->21934
  [quotes_daily]  36.93s type=Manual child_fresh=45s e2e=50s streamed_lat 4->5s lag 0->0
  [lag] 2026-08-13T07:44:56Z raw=53457832379 behind=5s lag_rows=262425
  [quotes_typed]  32.47s type=Manual child_fresh=Nones e2e=Nones streamed_lat 5->5s lag 715330->0
  [quotes_daily]  36.35s type=Manual child_fresh=43s e2e=48s streamed_lat 4->5s lag 1087387->2531846
  [lag] 2026-08-13T07:45:56Z raw=53514258714 behind=6s lag_rows=1575697
  [quotes_typed]  32.52s type=Manual child_fresh=Nones e2e=Nones streamed_lat 4->4s lag 0->0
  [quotes_daily]  36.33s type=Manual child_fresh=47s e2e=51s streamed_lat 4->4s lag 0->131400
  [quotes_typed]  32.43s type=Manual child_fresh=Nones e2e=Nones streamed_lat 5->6s lag 1614558->1408736
  [lag] 2026-08-13T07:46:56Z raw=53575221379 behind=5s lag_rows=863059
  [quotes_typed]  32.46s type=Manual child_fresh=Nones e2e=Nones streamed_lat 4->5s lag 75183->401126
  [quotes_daily]  36.82s type=Manual child_fresh=49s e2e=53s streamed_lat 5->4s lag 369889->0
  [quotes_typed]   1.39s type=Manual child_fresh=Nones e2e=Nones streamed_lat 4->5s lag 0->1643668
  [quotes_daily]   5.31s type=Manual child_fresh=20s e2e=24s streamed_lat 4->4s lag 0->0
  [lag] 2026-08-13T07:47:56Z raw=53641018129 behind=4s lag_rows=18976
  [quotes_typed]   8.08s type=Manual child_fresh=Nones e2e=Nones streamed_lat 5->5s lag 1589601->0
  [quotes_typed]   0.98s type=Manual child_fresh=Nones e2e=Nones streamed_lat 6->5s lag 66417->2959601
  [lag] 2026-08-13T07:48:56Z raw=53695179274 behind=4s lag_rows=28418
  [quotes_typed]  31.98s type=Manual child_fresh=Nones e2e=Nones streamed_lat 5->5s lag 196318->0
  [quotes_daily]  36.66s type=Manual child_fresh=43s e2e=47s streamed_lat 4->4s lag 0->35334
  [lag] 2026-08-13T07:49:56Z raw=53755203499 behind=5s lag_rows=801724
  [quotes_typed]  32.65s type=Manual child_fresh=Nones e2e=Nones streamed_lat 4->5s lag 398044->1841596
  [quotes_daily]  36.68s type=Manual child_fresh=45s e2e=50s streamed_lat 5->5s lag 325984->0
  [quotes_typed]  32.46s type=Manual child_fresh=Nones e2e=Nones streamed_lat 5->4s lag 1346747->0
  [lag] 2026-08-13T07:50:56Z raw=53814986865 behind=5s lag_rows=0
  [quotes_daily]  36.39s type=Manual child_fresh=47s e2e=52s streamed_lat 6->5s lag 1299818->0
  [quotes_typed]  33.00s type=Manual child_fresh=Nones e2e=Nones streamed_lat 6->6s lag 1065857->351901
  [quotes_typed]   8.37s type=Manual child_fresh=Nones e2e=Nones streamed_lat 4->5s lag 0->0
  [lag] 2026-08-13T07:51:56Z raw=53874753711 behind=5s lag_rows=0
  [quotes_daily]  12.53s type=Manual child_fresh=21s e2e=26s streamed_lat 5->5s lag 75726->0
  [quotes_typed]  32.23s type=Manual child_fresh=Nones e2e=Nones streamed_lat 7->4s lag 4175556->45358
  [lag] 2026-08-13T07:52:56Z raw=53932873215 behind=4s lag_rows=0
  [quotes_typed]  32.26s type=Manual child_fresh=Nones e2e=Nones streamed_lat 4->4s lag 0->0
  [quotes_daily]  36.82s type=Manual child_fresh=50s e2e=54s streamed_lat 5->4s lag 896494->26607
  [quotes_typed]   2.06s type=Manual child_fresh=Nones e2e=Nones streamed_lat 4->4s lag 10351->57856
  [lag] 2026-08-13T07:53:56Z raw=53993844216 behind=5s lag_rows=0
  [quotes_typed]  32.05s type=Manual child_fresh=Nones e2e=Nones streamed_lat 5->5s lag 935477->0
  [quotes_daily]  36.98s type=Manual child_fresh=45s e2e=50s streamed_lat 5->5s lag 1822043->0
  [lag] 2026-08-13T07:54:56Z raw=54054475315 behind=5s lag_rows=357839
  [quotes_typed]  32.10s type=Manual child_fresh=Nones e2e=Nones streamed_lat 5->5s lag 0->0
  [quotes_daily]  36.77s type=Manual child_fresh=44s e2e=49s streamed_lat 5->5s lag 2603218->2192117
  [quotes_typed]  32.23s type=Manual child_fresh=Nones e2e=Nones streamed_lat 4->5s lag 1900540->69440
  [lag] 2026-08-13T07:55:56Z raw=54112804383 behind=5s lag_rows=0
  [quotes_typed]   1.33s type=Manual child_fresh=Nones e2e=Nones streamed_lat 5->6s lag 0->1327526
  [quotes_daily]  36.60s type=Manual child_fresh=42s e2e=46s streamed_lat 5->4s lag 64687->0
  [quotes_typed]  32.14s type=Manual child_fresh=Nones e2e=Nones streamed_lat 5->5s lag 0->0
  [lag] 2026-08-13T07:56:56Z raw=54175282676 behind=5s lag_rows=725876
  [quotes_typed]  32.42s type=Manual child_fresh=Nones e2e=Nones streamed_lat 6->5s lag 1147518->27073
  [quotes_daily]  37.12s type=Manual child_fresh=50s e2e=55s streamed_lat 5->5s lag 60918->1731655
  [lag] 2026-08-13T07:57:56Z raw=54234942806 behind=4s lag_rows=0
  [quotes_typed]  32.43s type=Manual child_fresh=Nones e2e=Nones streamed_lat 5->4s lag 1043479->30503
  [quotes_daily]  37.04s type=Manual child_fresh=43s e2e=46s streamed_lat 4->3s lag 0->0
  [quotes_typed]  16.23s type=Manual child_fresh=Nones e2e=Nones streamed_lat 4->6s lag 0->3174945
  [lag] 2026-08-13T07:58:56Z raw=54294696407 behind=5s lag_rows=2243335
  [quotes_typed]  32.21s type=Manual child_fresh=Nones e2e=Nones streamed_lat 4->5s lag 0->546107
  [quotes_daily]  36.64s type=Manual child_fresh=47s e2e=52s streamed_lat 4->5s lag 5679->767891
  [quotes_typed]   4.68s type=Manual child_fresh=Nones e2e=Nones streamed_lat 4->4s lag 0->34840
  [lag] 2026-08-13T07:59:56Z raw=54354953858 behind=4s lag_rows=0
  [quotes_typed]  32.16s type=Manual child_fresh=Nones e2e=Nones streamed_lat 4->4s lag 0->1457282
  [quotes_daily]  36.93s type=Manual child_fresh=50s e2e=54s streamed_lat 5->4s lag 1871366->290586
  [lag] 2026-08-13T08:00:56Z raw=54415353371 behind=5s lag_rows=921822
  [quotes_typed]  32.47s type=Manual child_fresh=Nones e2e=Nones streamed_lat 4->5s lag 0->0
  [quotes_daily]  36.66s type=Manual child_fresh=45s e2e=50s streamed_lat 4->5s lag 35692->1028001
  [quotes_typed]  32.13s type=Manual child_fresh=Nones e2e=Nones streamed_lat 5->5s lag 1074813->0
  [lag] 2026-08-13T08:01:56Z raw=54477456791 behind=5s lag_rows=193279
  [quotes_daily]  36.69s type=Manual child_fresh=46s e2e=50s streamed_lat 4->4s lag 0->0
  [quotes_typed]  32.29s type=Manual child_fresh=Nones e2e=Nones streamed_lat 6->4s lag 2015276->0
  [lag] 2026-08-13T08:02:56Z raw=54535256066 behind=4s lag_rows=604565
  [quotes_typed]  33.31s type=Manual child_fresh=Nones e2e=Nones streamed_lat 5->5s lag 1876582->1989010
  [quotes_daily]  36.48s type=Manual child_fresh=46s e2e=51s streamed_lat 4->5s lag 53251->354080
  [lag] 2026-08-13T08:03:56Z raw=54594393794 behind=4s lag_rows=0
  [quotes_typed]  32.41s type=Manual child_fresh=Nones e2e=Nones streamed_lat 4->4s lag 0->0
  [quotes_daily]  36.67s type=Manual child_fresh=44s e2e=49s streamed_lat 4->5s lag 0->36307
  [quotes_typed]  32.35s type=Manual child_fresh=Nones e2e=Nones streamed_lat 4->4s lag 1970371->0
  [lag] 2026-08-13T08:04:56Z raw=54653440124 behind=4s lag_rows=0
  [quotes_daily]  36.47s type=Manual child_fresh=45s e2e=49s streamed_lat 5->4s lag 1866301->18091
  [quotes_typed]  32.16s type=Manual child_fresh=Nones e2e=Nones streamed_lat 5->5s lag 650608->977340
  [lag] 2026-08-13T08:05:56Z raw=54714978768 behind=4s lag_rows=70880
  [quotes_typed]  32.16s type=Manual child_fresh=Nones e2e=Nones streamed_lat 4->6s lag 26719->2820225
  [quotes_daily]  36.39s type=Manual child_fresh=45s e2e=50s streamed_lat 4->5s lag 0->0
  [quotes_typed]   1.11s type=Manual child_fresh=Nones e2e=Nones streamed_lat 4->4s lag 0->883801
  [quotes_typed]   0.92s type=Manual child_fresh=Nones e2e=Nones streamed_lat 4->5s lag 32400->974666
  [lag] 2026-08-13T08:06:56Z raw=54772527068 behind=6s lag_rows=0
  [quotes_typed]  31.99s type=Manual child_fresh=Nones e2e=Nones streamed_lat 6->5s lag 417137->1441097
  [quotes_daily]  36.79s type=Manual child_fresh=50s e2e=56s streamed_lat 4->6s lag 0->257792
  [lag] 2026-08-13T08:07:56Z raw=54834699459 behind=5s lag_rows=6982
  [quotes_typed]  32.91s type=Manual child_fresh=Nones e2e=Nones streamed_lat 4->8s lag 0->3399219
  [quotes_daily]  36.40s type=Manual child_fresh=46s e2e=53s streamed_lat 4->7s lag 0->3268904
  [lag] 2026-08-13T08:08:56Z raw=54897128499 behind=6s lag_rows=2478373
  [quotes_typed]  32.68s type=Manual child_fresh=Nones e2e=Nones streamed_lat 4->7s lag 0->3529532
  [quotes_daily]  36.81s type=Manual child_fresh=43s e2e=48s streamed_lat 4->5s lag 48415->0
  [lag] 2026-08-13T08:09:56Z raw=54956539397 behind=4s lag_rows=352963
  [quotes_typed]  32.24s type=Manual child_fresh=Nones e2e=Nones streamed_lat 6->4s lag 1728066->471178
  [quotes_daily]  36.42s type=Manual child_fresh=44s e2e=49s streamed_lat 3->5s lag 347225->0
  [quotes_typed]  32.29s type=Manual child_fresh=Nones e2e=Nones streamed_lat 4->4s lag 59893->0
  [lag] 2026-08-13T08:10:56Z raw=55014864870 behind=5s lag_rows=1984844
  [quotes_typed]  32.72s type=Manual child_fresh=Nones e2e=Nones streamed_lat 5->5s lag 728787->2441993
  [quotes_daily]  36.59s type=Manual child_fresh=48s e2e=52s streamed_lat 4->4s lag 28125->0
  [lag] 2026-08-13T08:11:56Z raw=55075343324 behind=4s lag_rows=79962
  [quotes_typed]  32.21s type=Manual child_fresh=Nones e2e=Nones streamed_lat 5->4s lag 2036482->0
  [quotes_daily]  36.66s type=Manual child_fresh=46s e2e=51s streamed_lat 4->5s lag 88961->1209604
  [lag] 2026-08-13T08:12:56Z raw=55135622879 behind=5s lag_rows=0
  [quotes_typed]  32.20s type=Manual child_fresh=Nones e2e=Nones streamed_lat 5->5s lag 0->587280
  [quotes_daily]   8.87s type=Manual child_fresh=19s e2e=23s streamed_lat 4->4s lag 0->314542
  [quotes_typed]   8.31s type=Manual child_fresh=Nones e2e=Nones streamed_lat 4->4s lag 0->151187
  [lag] 2026-08-13T08:13:56Z raw=55195128923 behind=4s lag_rows=32660
  [quotes_typed]  32.00s type=Manual child_fresh=Nones e2e=Nones streamed_lat 5->4s lag 344137->708271
  [quotes_daily]  36.53s type=Manual child_fresh=42s e2e=47s streamed_lat 4->5s lag 0->881860
  [quotes_typed]  32.35s type=Manual child_fresh=Nones e2e=Nones streamed_lat 4->5s lag 122186->222348
  [lag] 2026-08-13T08:14:56Z raw=55254876480 behind=5s lag_rows=262843
  [quotes_daily]  36.51s type=Manual child_fresh=48s e2e=55s streamed_lat 6->7s lag 1671346->2249589
  [quotes_typed]  32.74s type=Manual child_fresh=Nones e2e=Nones streamed_lat 5->6s lag 24919->70075
  [lag] 2026-08-13T08:15:56Z raw=55318637181 behind=4s lag_rows=74211
  [quotes_typed]  32.26s type=Manual child_fresh=Nones e2e=Nones streamed_lat 6->4s lag 667015->0
  [quotes_daily]  36.67s type=Manual child_fresh=44s e2e=50s streamed_lat 5->6s lag 0->41572
  [lag] 2026-08-13T08:16:56Z raw=55374770292 behind=5s lag_rows=315476
  [quotes_typed]  32.23s type=Manual child_fresh=Nones e2e=Nones streamed_lat 5->5s lag 0->0
  [quotes_daily]  36.55s type=Manual child_fresh=43s e2e=47s streamed_lat 5->4s lag 0->0
  [quotes_typed]  32.48s type=Manual child_fresh=Nones e2e=Nones streamed_lat 5->4s lag 2057108->0
  [lag] 2026-08-13T08:17:56Z raw=55435136020 behind=5s lag_rows=113624
  [quotes_typed]  32.44s type=Manual child_fresh=Nones e2e=Nones streamed_lat 5->4s lag 705771->0
  [quotes_daily]  36.64s type=Manual child_fresh=45s e2e=50s streamed_lat 4->5s lag 0->1913160
  [lag] 2026-08-13T08:18:56Z raw=55493851613 behind=6s lag_rows=1996374
  [quotes_typed]  32.24s type=Manual child_fresh=Nones e2e=Nones streamed_lat 5->4s lag 982450->0
  [quotes_daily]  36.42s type=Manual child_fresh=43s e2e=49s streamed_lat 4->6s lag 0->2072561
  [quotes_typed]   8.21s type=Manual child_fresh=Nones e2e=Nones streamed_lat 5->5s lag 2111441->1452896
  [lag] 2026-08-13T08:19:56Z raw=55554919687 behind=4s lag_rows=1706208
  [quotes_typed]  32.20s type=Manual child_fresh=Nones e2e=Nones streamed_lat 7->5s lag 2562709->97546
  [quotes_daily]  36.63s type=Manual child_fresh=45s e2e=50s streamed_lat 4->5s lag 630516->755343
  [lag] 2026-08-13T08:20:56Z raw=55615332849 behind=4s lag_rows=53839
  [quotes_typed]  32.37s type=Manual child_fresh=Nones e2e=Nones streamed_lat 5->5s lag 529441->130174
  [quotes_daily]  36.71s type=Manual child_fresh=46s e2e=50s streamed_lat 4->4s lag 0->1896546
  [quotes_typed]  32.90s type=Manual child_fresh=Nones e2e=Nones streamed_lat 4->5s lag 0->717803
  [lag] 2026-08-13T08:21:56Z raw=55674557236 behind=5s lag_rows=2182652
  [quotes_typed]   1.23s type=Manual child_fresh=Nones e2e=Nones streamed_lat 4->4s lag 43899->0
  [quotes_daily]   8.62s type=Manual child_fresh=14s e2e=18s streamed_lat 5->4s lag 410795->31589
  [quotes_typed]  32.14s type=Manual child_fresh=Nones e2e=Nones streamed_lat 5->5s lag 681139->0
  [lag] 2026-08-13T08:22:56Z raw=55733370976 behind=4s lag_rows=0
  [quotes_typed]  32.21s type=Manual child_fresh=Nones e2e=Nones streamed_lat 5->4s lag 0->0
  [quotes_daily]  36.45s type=Manual child_fresh=49s e2e=54s streamed_lat 5->5s lag 180577->1299333
  [quotes_typed]   8.32s type=Manual child_fresh=Nones e2e=Nones streamed_lat 4->5s lag 56731->2072998
  [lag] 2026-08-13T08:23:56Z raw=55792935891 behind=4s lag_rows=0
  [quotes_daily]  36.62s type=Manual child_fresh=44s e2e=48s streamed_lat 4->4s lag 855344->0
  [quotes_typed]  32.09s type=Manual child_fresh=Nones e2e=Nones streamed_lat 5->5s lag 0->0
  [lag] 2026-08-13T08:24:56Z raw=55854874591 behind=6s lag_rows=1408375
  [quotes_typed]  32.15s type=Manual child_fresh=Nones e2e=Nones streamed_lat 5->5s lag 353404->728857
  [quotes_daily]  36.98s type=Manual child_fresh=52s e2e=58s streamed_lat 4->6s lag 0->2403289
  [quotes_typed]   2.48s type=Manual child_fresh=Nones e2e=Nones streamed_lat 4->5s lag 53647->0
  [lag] 2026-08-13T08:25:56Z raw=55915166412 behind=4s lag_rows=57317
  [quotes_typed]  32.23s type=Manual child_fresh=Nones e2e=Nones streamed_lat 5->5s lag 2045560->97069
  [quotes_daily]  36.45s type=Manual child_fresh=44s e2e=49s streamed_lat 4->5s lag 0->151339
  [quotes_typed]   4.24s type=Manual child_fresh=Nones e2e=Nones streamed_lat 4->5s lag 0->315189
  [quotes_typed]   3.99s type=Manual child_fresh=Nones e2e=Nones streamed_lat 4->5s lag 0->522931
  [lag] 2026-08-13T08:26:56Z raw=55972986209 behind=5s lag_rows=0
  [quotes_daily]  36.52s type=Manual child_fresh=45s e2e=52s streamed_lat 6->7s lag 2158152->1799331
  [quotes_typed]  31.95s type=Manual child_fresh=Nones e2e=Nones streamed_lat 6->5s lag 316102->0
  [lag] 2026-08-13T08:27:56Z raw=56035433458 behind=4s lag_rows=1009858
  [quotes_typed]  32.28s type=Manual child_fresh=Nones e2e=Nones streamed_lat 4->4s lag 0->0
  [quotes_daily]  36.67s type=Manual child_fresh=46s e2e=52s streamed_lat 5->6s lag 1339955->1084461
  [quotes_typed]   1.50s type=Manual child_fresh=Nones e2e=Nones streamed_lat 4->5s lag 901431->959650
  [lag] 2026-08-13T08:28:56Z raw=56094749831 behind=5s lag_rows=278167
  [quotes_typed]  32.25s type=Manual child_fresh=Nones e2e=Nones streamed_lat 4->5s lag 97133->29947
  [quotes_daily]  36.52s type=Manual child_fresh=50s e2e=56s streamed_lat 4->6s lag 5554->2313325
  [quotes_typed]   8.28s type=Manual child_fresh=Nones e2e=Nones streamed_lat 4->6s lag 0->2527969
  [lag] 2026-08-13T08:29:56Z raw=56154463545 behind=6s lag_rows=1523925
  [quotes_typed]   4.04s type=Manual child_fresh=Nones e2e=Nones streamed_lat 5->5s lag 794256->0
  [quotes_daily]  36.50s type=Manual child_fresh=46s e2e=52s streamed_lat 4->6s lag 0->1235346
  [quotes_typed]  32.19s type=Manual child_fresh=Nones e2e=Nones streamed_lat 4->4s lag 0->0
  [quotes_typed]   4.20s type=Manual child_fresh=Nones e2e=Nones streamed_lat 4->4s lag 0->1784625
  [lag] 2026-08-13T08:30:56Z raw=56215696004 behind=4s lag_rows=10346
  [quotes_daily]  36.46s type=Manual child_fresh=46s e2e=50s streamed_lat 4->4s lag 0->0
  [quotes_typed]  32.01s type=Manual child_fresh=Nones e2e=Nones streamed_lat 4->4s lag 62852->63680
  [lag] 2026-08-13T08:31:56Z raw=56272920966 behind=5s lag_rows=0
  [quotes_typed]  32.19s type=Manual child_fresh=Nones e2e=Nones streamed_lat 4->4s lag 0->0
  [quotes_daily]  36.56s type=Manual child_fresh=45s e2e=50s streamed_lat 4->5s lag 73507->1658302
  [lag] 2026-08-13T08:32:56Z raw=56335309970 behind=5s lag_rows=796471
  [quotes_typed]  32.41s type=Manual child_fresh=Nones e2e=Nones streamed_lat 4->4s lag 0->0
  [quotes_daily]  36.53s type=Manual child_fresh=45s e2e=49s streamed_lat 4->4s lag 151203->0
  [quotes_typed]  32.42s type=Manual child_fresh=Nones e2e=Nones streamed_lat 4->5s lag 459080->0
  [lag] 2026-08-13T08:33:56Z raw=56395540626 behind=4s lag_rows=323709
  [quotes_daily]  36.59s type=Manual child_fresh=45s e2e=49s streamed_lat 5->4s lag 141372->0
  [quotes_typed]  32.40s type=Manual child_fresh=Nones e2e=Nones streamed_lat 4->6s lag 0->722787
  [quotes_typed]   4.62s type=Manual child_fresh=Nones e2e=Nones streamed_lat 7->6s lag 3958033->0
  [lag] 2026-08-13T08:34:56Z raw=56453749572 behind=7s lag_rows=1893888
  [quotes_daily]   6.86s type=Manual child_fresh=18s e2e=23s streamed_lat 6->5s lag 417225->0
  [quotes_typed]  32.12s type=Manual child_fresh=Nones e2e=Nones streamed_lat 6->4s lag 3542893->1007371
  [lag] 2026-08-13T08:35:56Z raw=56515473551 behind=4s lag_rows=64415
  [quotes_typed]  32.48s type=Manual child_fresh=Nones e2e=Nones streamed_lat 5->5s lag 2140400->38121
  [quotes_daily]  36.74s type=Manual child_fresh=49s e2e=54s streamed_lat 5->5s lag 241506->952726
  [lag] 2026-08-13T08:36:56Z raw=56573957508 behind=4s lag_rows=0
  [quotes_typed]  32.53s type=Manual child_fresh=Nones e2e=Nones streamed_lat 4->5s lag 0->0
  [quotes_daily]  36.61s type=Manual child_fresh=44s e2e=48s streamed_lat 5->4s lag 2065800->0
  [lag] 2026-08-13T08:37:56Z raw=56633448781 behind=5s lag_rows=0
  [quotes_typed]  32.54s type=Manual child_fresh=Nones e2e=Nones streamed_lat 5->5s lag 0->1980594
  [quotes_daily]  36.75s type=Manual child_fresh=44s e2e=50s streamed_lat 5->6s lag 1943565->3260057
  [quotes_typed]  32.50s type=Manual child_fresh=Nones e2e=Nones streamed_lat 6->7s lag 1135290->1245349
  [lag] 2026-08-13T08:38:56Z raw=56693705679 behind=4s lag_rows=0
  [quotes_typed]  32.71s type=Manual child_fresh=Nones e2e=Nones streamed_lat 5->5s lag 712496->1629793
  [quotes_daily]  36.73s type=Manual child_fresh=45s e2e=50s streamed_lat 5->5s lag 714270->556922
  [quotes_typed]   4.34s type=Manual child_fresh=Nones e2e=Nones streamed_lat 4->7s lag 0->3224730
  [lag] 2026-08-13T08:39:56Z raw=56752658763 behind=5s lag_rows=0
  [quotes_daily]   8.54s type=Manual child_fresh=15s e2e=19s streamed_lat 7->4s lag 684625->77885
  [quotes_typed]  32.41s type=Manual child_fresh=Nones e2e=Nones streamed_lat 6->4s lag 2034787->0
  [lag] 2026-08-13T08:40:56Z raw=56813471138 behind=5s lag_rows=0
  [quotes_typed]  32.43s type=Manual child_fresh=Nones e2e=Nones streamed_lat 5->4s lag 80946->0
  [quotes_daily]  36.56s type=Manual child_fresh=44s e2e=48s streamed_lat 5->4s lag 1666679->0
  [lag] 2026-08-13T08:41:56Z raw=56872902927 behind=7s lag_rows=3749048
  [quotes_typed]  32.32s type=Manual child_fresh=Nones e2e=Nones streamed_lat 5->5s lag 1558159->315379
  [quotes_daily]  36.64s type=Manual child_fresh=42s e2e=46s streamed_lat 5->4s lag 0->0
  [quotes_typed]  32.33s type=Manual child_fresh=Nones e2e=Nones streamed_lat 4->5s lag 0->408700
  [lag] 2026-08-13T08:42:56Z raw=56933382034 behind=4s lag_rows=0
  [quotes_typed]  32.46s type=Manual child_fresh=Nones e2e=Nones streamed_lat 5->5s lag 1903787->126978
  [quotes_daily]  37.19s type=Manual child_fresh=48s e2e=52s streamed_lat 5->4s lag 2053187->0
  [lag] 2026-08-13T08:43:56Z raw=56994524782 behind=6s lag_rows=1593550
  [quotes_typed]  32.27s type=Manual child_fresh=Nones e2e=Nones streamed_lat 4->5s lag 69116->838032
  [quotes_daily]  36.97s type=Manual child_fresh=42s e2e=47s streamed_lat 4->5s lag 0->1833271
  [lag] 2026-08-13T08:44:56Z raw=57054490137 behind=5s lag_rows=0
  [quotes_typed]  32.41s type=Manual child_fresh=Nones e2e=Nones streamed_lat 4->5s lag 45821->744394
  [quotes_daily]  36.70s type=Manual child_fresh=44s e2e=50s streamed_lat 7->6s lag 4173927->0
  [quotes_typed]  32.50s type=Manual child_fresh=Nones e2e=Nones streamed_lat 4->4s lag 95407->0
  [lag] 2026-08-13T08:45:56Z raw=57113961831 behind=4s lag_rows=0
  [quotes_daily]  36.66s type=Manual child_fresh=46s e2e=52s streamed_lat 4->6s lag 0->86110
  [quotes_typed]  32.68s type=Manual child_fresh=Nones e2e=Nones streamed_lat 5->7s lag 899136->1658903
  [lag] 2026-08-13T08:46:56Z raw=57174903247 behind=4s lag_rows=41982
  [quotes_typed]  32.62s type=Manual child_fresh=Nones e2e=Nones streamed_lat 4->5s lag 0->132012
  [quotes_daily]  36.56s type=Manual child_fresh=44s e2e=49s streamed_lat 4->5s lag 0->0
  [quotes_typed]   1.35s type=Manual child_fresh=Nones e2e=Nones streamed_lat 5->4s lag 1345250->39941
  [lag] 2026-08-13T08:47:56Z raw=57232000735 behind=5s lag_rows=0
  [quotes_typed]  32.25s type=Manual child_fresh=Nones e2e=Nones streamed_lat 4->5s lag 0->0
  [quotes_daily]  36.73s type=Manual child_fresh=48s e2e=53s streamed_lat 4->5s lag 0->0
  [lag] 2026-08-13T08:48:56Z raw=57293405430 behind=5s lag_rows=0
  [quotes_typed]  32.54s type=Manual child_fresh=Nones e2e=Nones streamed_lat 6->4s lag 1613743->0
  [quotes_daily]  36.64s type=Manual child_fresh=46s e2e=50s streamed_lat 5->4s lag 1461829->0
  [quotes_typed]  32.34s type=Manual child_fresh=Nones e2e=Nones streamed_lat 5->5s lag 0->1180029
  [lag] 2026-08-13T08:49:56Z raw=57355718531 behind=5s lag_rows=520248
  [quotes_daily]  36.58s type=Manual child_fresh=45s e2e=50s streamed_lat 4->5s lag 159847->990903
  [quotes_typed]  32.37s type=Manual child_fresh=Nones e2e=Nones streamed_lat 4->4s lag 34652->0
  [lag] 2026-08-13T08:50:56Z raw=57414752691 behind=5s lag_rows=2241712
  [quotes_typed]  32.31s type=Manual child_fresh=Nones e2e=Nones streamed_lat 6->6s lag 2639457->1891990
  [quotes_daily]  36.91s type=Manual child_fresh=46s e2e=51s streamed_lat 4->5s lag 711244->0
  [lag] 2026-08-13T08:51:56Z raw=57474333608 behind=4s lag_rows=0
  [quotes_typed]  32.31s type=Manual child_fresh=Nones e2e=Nones streamed_lat 5->4s lag 0->0
  [quotes_daily]  36.73s type=Manual child_fresh=43s e2e=47s streamed_lat 4->4s lag 0->0
  [quotes_typed]  32.56s type=Manual child_fresh=Nones e2e=Nones streamed_lat 5->5s lag 131480->0
  [lag] 2026-08-13T08:52:56Z raw=57538072196 behind=5s lag_rows=620321
  [quotes_daily]  36.94s type=Manual child_fresh=48s e2e=52s streamed_lat 4->4s lag 117072->0
  [quotes_typed]  33.02s type=Manual child_fresh=Nones e2e=Nones streamed_lat 5->5s lag 114897->608568
  [lag] 2026-08-13T08:53:56Z raw=57593510747 behind=5s lag_rows=0
  [quotes_typed]  32.63s type=Manual child_fresh=Nones e2e=Nones streamed_lat 4->4s lag 0->0
  [quotes_daily]  36.55s type=Manual child_fresh=49s e2e=53s streamed_lat 5->4s lag 646048->0
  [lag] 2026-08-13T08:54:56Z raw=57655113320 behind=5s lag_rows=913964
  [quotes_typed]  32.47s type=Manual child_fresh=Nones e2e=Nones streamed_lat 4->4s lag 130958->0
  [quotes_daily]  36.62s type=Manual child_fresh=45s e2e=50s streamed_lat 4->5s lag 55650->781472
  [lag] 2026-08-13T08:55:56Z raw=57715971281 behind=5s lag_rows=259415
  [quotes_typed]  33.04s type=Manual child_fresh=Nones e2e=Nones streamed_lat 5->5s lag 795556->0
  [quotes_daily]  37.07s type=Manual child_fresh=43s e2e=49s streamed_lat 4->6s lag 0->1478889
  [quotes_typed]  32.37s type=Manual child_fresh=Nones e2e=Nones streamed_lat 4->4s lag 506108->81062
  [lag] 2026-08-13T08:56:56Z raw=57774804124 behind=5s lag_rows=1188847
  [quotes_daily]  36.68s type=Manual child_fresh=44s e2e=49s streamed_lat 4->5s lag 101883->237364
  [quotes_typed]  32.37s type=Manual child_fresh=Nones e2e=Nones streamed_lat 5->6s lag 651561->1485919
  [lag] 2026-08-13T08:57:56Z raw=57834709445 behind=4s lag_rows=2036379
  [quotes_typed]  32.44s type=Manual child_fresh=Nones e2e=Nones streamed_lat 6->4s lag 2382878->720714
  [quotes_daily]  36.67s type=Manual child_fresh=44s e2e=49s streamed_lat 5->5s lag 1535298->0
  [lag] 2026-08-13T08:58:56Z raw=57893538035 behind=5s lag_rows=0
  [quotes_typed]  32.27s type=Manual child_fresh=Nones e2e=Nones streamed_lat 4->5s lag 36595->53378
  [quotes_daily]  36.78s type=Manual child_fresh=45s e2e=49s streamed_lat 6->4s lag 1152796->50611
  [quotes_typed]  32.12s type=Manual child_fresh=Nones e2e=Nones streamed_lat 5->5s lag 0->53555
  [lag] 2026-08-13T08:59:56Z raw=57954557068 behind=4s lag_rows=0
  [quotes_typed]  32.58s type=Manual child_fresh=Nones e2e=Nones streamed_lat 5->5s lag 0->249733
  [quotes_daily]  36.86s type=Manual child_fresh=49s e2e=54s streamed_lat 5->5s lag 978406->378440
  [quotes_typed]   4.12s type=Manual child_fresh=Nones e2e=Nones streamed_lat 4->4s lag 0->339702
  [lag] 2026-08-13T09:00:56Z raw=58013679073 behind=4s lag_rows=0
  [quotes_daily]   8.67s type=Manual child_fresh=19s e2e=25s streamed_lat 5->6s lag 0->827798
  [quotes_typed]   7.89s type=Manual child_fresh=Nones e2e=Nones streamed_lat 4->5s lag 0->0
  [quotes_typed]  32.04s type=Manual child_fresh=Nones e2e=Nones streamed_lat 6->4s lag 0->0
  [lag] 2026-08-13T09:01:56Z raw=58075698640 behind=4s lag_rows=0
  [quotes_daily]  36.69s type=Manual child_fresh=42s e2e=49s streamed_lat 4->7s lag 0->3424927
  [quotes_typed]  32.50s type=Manual child_fresh=Nones e2e=Nones streamed_lat 4->5s lag 1061556->717272
  [quotes_typed]   4.14s type=Manual child_fresh=Nones e2e=Nones streamed_lat 5->5s lag 0->0
  [lag] 2026-08-13T09:02:56Z raw=58136673901 behind=5s lag_rows=0
  [quotes_daily]  36.72s type=Manual child_fresh=42s e2e=47s streamed_lat 4->5s lag 0->171906
  [quotes_typed]  32.07s type=Manual child_fresh=Nones e2e=Nones streamed_lat 5->5s lag 0->0
  [lag] 2026-08-13T09:03:56Z raw=58194802150 behind=5s lag_rows=2232742
  [quotes_daily]   5.65s type=Manual child_fresh=15s e2e=19s streamed_lat 5->4s lag 993139->69074
  [quotes_typed]  32.51s type=Manual child_fresh=Nones e2e=Nones streamed_lat 4->5s lag 156945->944271
  [quotes_typed]   1.07s type=Manual child_fresh=Nones e2e=Nones streamed_lat 4->4s lag 37696->785152
  [lag] 2026-08-13T09:04:56Z raw=58253625451 behind=6s lag_rows=2829955
  [quotes_typed]  32.13s type=Manual child_fresh=Nones e2e=Nones streamed_lat 6->6s lag 1641849->3540021
  [quotes_daily]  36.68s type=Manual child_fresh=51s e2e=56s streamed_lat 5->5s lag 0->467522
  [lag] 2026-08-13T09:05:56Z raw=58315158561 behind=4s lag_rows=62241
  [quotes_typed]  32.18s type=Manual child_fresh=Nones e2e=Nones streamed_lat 6->4s lag 671328->0
  [quotes_daily]  20.72s type=Manual child_fresh=28s e2e=32s streamed_lat 4->4s lag 0->0
  [quotes_typed]   8.12s type=Manual child_fresh=Nones e2e=Nones streamed_lat 4->5s lag 0->2231444
  [lag] 2026-08-13T09:06:56Z raw=58374386907 behind=6s lag_rows=540070
  [quotes_typed]  31.94s type=Manual child_fresh=Nones e2e=Nones streamed_lat 5->4s lag 656071->46714
  [quotes_daily]  36.67s type=Manual child_fresh=44s e2e=48s streamed_lat 6->4s lag 1683614->0
  [lag] 2026-08-13T09:07:56Z raw=58437020950 behind=5s lag_rows=457347
  [quotes_typed]  32.99s type=Manual child_fresh=Nones e2e=Nones streamed_lat 7->4s lag 2271403->538378
  [quotes_daily]  36.69s type=Manual child_fresh=44s e2e=48s streamed_lat 6->4s lag 1291536->68087
  [lag] 2026-08-13T09:08:56Z raw=58495021538 behind=4s lag_rows=71306
  [quotes_typed]  32.22s type=Manual child_fresh=Nones e2e=Nones streamed_lat 4->5s lag 0->648765
  [quotes_daily]  37.06s type=Manual child_fresh=44s e2e=49s streamed_lat 4->5s lag 0->244680
  [quotes_typed]  32.45s type=Manual child_fresh=Nones e2e=Nones streamed_lat 5->5s lag 0->0
  [lag] 2026-08-13T09:09:56Z raw=58555609124 behind=7s lag_rows=1318722
  [quotes_daily]   8.89s type=Manual child_fresh=19s e2e=25s streamed_lat 5->6s lag 1762477->2443180
  [quotes_typed]  32.43s type=Manual child_fresh=Nones e2e=Nones streamed_lat 5->5s lag 469->0
  [lag] 2026-08-13T09:10:56Z raw=58613653924 behind=5s lag_rows=0
  [quotes_typed]  32.07s type=Manual child_fresh=Nones e2e=Nones streamed_lat 5->4s lag 0->0
  [quotes_daily]  36.87s type=Manual child_fresh=46s e2e=51s streamed_lat 5->5s lag 0->0
  [lag] 2026-08-13T09:11:56Z raw=58677020784 behind=4s lag_rows=0
  [quotes_typed]  32.35s type=Manual child_fresh=Nones e2e=Nones streamed_lat 5->4s lag 414055->0
  [quotes_daily]  36.96s type=Manual child_fresh=44s e2e=48s streamed_lat 3->4s lag 1064410->0
  [lag] 2026-08-13T09:12:56Z raw=58732967185 behind=4s lag_rows=0
  [quotes_typed]  32.91s type=Manual child_fresh=Nones e2e=Nones streamed_lat 5->5s lag 0->536721
  [quotes_daily]  36.95s type=Manual child_fresh=45s e2e=50s streamed_lat 5->5s lag 834054->315339
  [quotes_typed]  32.36s type=Manual child_fresh=Nones e2e=Nones streamed_lat 6->4s lag 417502->0
  [lag] 2026-08-13T09:13:56Z raw=58794964129 behind=5s lag_rows=127497
  [quotes_typed]  32.33s type=Manual child_fresh=Nones e2e=Nones streamed_lat 5->6s lag 1734081->124843
  [quotes_daily]  37.36s type=Manual child_fresh=51s e2e=56s streamed_lat 4->5s lag 102243->1937333
  [lag] 2026-08-13T09:14:56Z raw=58853647375 behind=6s lag_rows=3231833
  [quotes_typed]  32.31s type=Manual child_fresh=Nones e2e=Nones streamed_lat 5->4s lag 1538625->0
  [quotes_daily]  37.13s type=Manual child_fresh=47s e2e=52s streamed_lat 4->5s lag 0->1063351
  [lag] 2026-08-13T09:15:56Z raw=58917661361 behind=4s lag_rows=709572
  [quotes_typed]  32.14s type=Manual child_fresh=Nones e2e=Nones streamed_lat 6->4s lag 421533->0
  [quotes_daily]  36.85s type=Manual child_fresh=43s e2e=48s streamed_lat 5->5s lag 0->64694
  [quotes_typed]  32.22s type=Manual child_fresh=Nones e2e=Nones streamed_lat 5->5s lag 808232->0
  [lag] 2026-08-13T09:16:56Z raw=58978859938 behind=5s lag_rows=759788
  [quotes_typed]  32.56s type=Manual child_fresh=Nones e2e=Nones streamed_lat 5->5s lag 0->2230656
  [quotes_daily]  36.87s type=Manual child_fresh=46s e2e=51s streamed_lat 6->5s lag 638707->892372
  [lag] 2026-08-13T09:17:56Z raw=59033883141 behind=4s lag_rows=0
  [quotes_typed]  32.41s type=Manual child_fresh=Nones e2e=Nones streamed_lat 4->6s lag 667354->798617
  [quotes_daily]  36.79s type=Manual child_fresh=43s e2e=51s streamed_lat 5->8s lag 0->3937163
  [lag] 2026-08-13T09:18:56Z raw=59096060780 behind=5s lag_rows=95917
  [quotes_typed]  32.20s type=Manual child_fresh=Nones e2e=Nones streamed_lat 6->6s lag 0->725556
  [quotes_daily]  37.20s type=Manual child_fresh=43s e2e=47s streamed_lat 6->4s lag 0->840648
  [quotes_typed]  32.29s type=Manual child_fresh=Nones e2e=Nones streamed_lat 7->5s lag 2274521->156958
  [lag] 2026-08-13T09:19:56Z raw=59155138851 behind=5s lag_rows=815125
  [quotes_typed]  32.95s type=Manual child_fresh=Nones e2e=Nones streamed_lat 5->6s lag 1614254->1094261
  [quotes_daily]  37.35s type=Manual child_fresh=49s e2e=54s streamed_lat 5->5s lag 223281->32469
  [quotes_typed]   1.25s type=Manual child_fresh=Nones e2e=Nones streamed_lat 5->6s lag 171498->727530
  [lag] 2026-08-13T09:20:56Z raw=59213932862 behind=5s lag_rows=0
  [quotes_typed]  32.83s type=Manual child_fresh=Nones e2e=Nones streamed_lat 4->4s lag 0->0
  [quotes_daily]  36.83s type=Manual child_fresh=45s e2e=50s streamed_lat 4->5s lag 25625->928663
  [lag] 2026-08-13T09:21:56Z raw=59274790142 behind=4s lag_rows=1879757
  [quotes_typed]   8.51s type=Manual child_fresh=Nones e2e=Nones streamed_lat 5->4s lag 118343->465874
  [quotes_daily]  36.95s type=Manual child_fresh=47s e2e=51s streamed_lat 5->4s lag 790152->0
  [quotes_typed]  32.05s type=Manual child_fresh=Nones e2e=Nones streamed_lat 4->5s lag 46017->2021125
  [lag] 2026-08-13T09:22:56Z raw=59334671217 behind=5s lag_rows=2157050
  [quotes_typed]  32.68s type=Manual child_fresh=Nones e2e=Nones streamed_lat 4->6s lag 128717->865659
  [quotes_daily]  37.08s type=Manual child_fresh=48s e2e=52s streamed_lat 5->4s lag 859328->244895
  [lag] 2026-08-13T09:23:56Z raw=59394737126 behind=5s lag_rows=2110012
  [quotes_typed]  32.52s type=Manual child_fresh=Nones e2e=Nones streamed_lat 4->4s lag 157002->0
  [quotes_daily]  36.79s type=Manual child_fresh=44s e2e=48s streamed_lat 5->4s lag 564347->0
  [quotes_typed]  32.41s type=Manual child_fresh=Nones e2e=Nones streamed_lat 5->5s lag 1872199->297436
  [lag] 2026-08-13T09:24:56Z raw=59454406647 behind=5s lag_rows=2234505
  [quotes_daily]  37.05s type=Manual child_fresh=45s e2e=50s streamed_lat 5->5s lag 0->1635906
  [quotes_typed]  32.25s type=Manual child_fresh=Nones e2e=Nones streamed_lat 5->4s lag 0->0
  [lag] 2026-08-13T09:25:56Z raw=59513868971 behind=4s lag_rows=0
  [quotes_typed]  32.27s type=Manual child_fresh=Nones e2e=Nones streamed_lat 5->4s lag 2239888->56834
  [quotes_daily]  37.20s type=Manual child_fresh=47s e2e=51s streamed_lat 3->4s lag 971383->239513
  [quotes_typed]   2.24s type=Manual child_fresh=Nones e2e=Nones streamed_lat 4->5s lag 0->398220
  [lag] 2026-08-13T09:26:56Z raw=59575224870 behind=4s lag_rows=48836
  [quotes_typed]  32.33s type=Manual child_fresh=Nones e2e=Nones streamed_lat 4->4s lag 56230->0
  [quotes_daily]  37.10s type=Manual child_fresh=43s e2e=48s streamed_lat 4->5s lag 0->483876
  [lag] 2026-08-13T09:27:56Z raw=59634973226 behind=4s lag_rows=0
  [quotes_typed]  32.25s type=Manual child_fresh=Nones e2e=Nones streamed_lat 5->4s lag 2156534->71014
  [quotes_daily]  36.73s type=Manual child_fresh=45s e2e=50s streamed_lat 4->5s lag 555017->0
  [quotes_typed]  32.37s type=Manual child_fresh=Nones e2e=Nones streamed_lat 4->5s lag 0->512145
  [lag] 2026-08-13T09:28:56Z raw=59693985943 behind=5s lag_rows=8640
  [quotes_daily]   5.76s type=Manual child_fresh=16s e2e=22s streamed_lat 4->6s lag 30565->0
  [quotes_typed]  32.58s type=Manual child_fresh=Nones e2e=Nones streamed_lat 7->5s lag 3886519->1215050
  [lag] 2026-08-13T09:29:56Z raw=59755120618 behind=5s lag_rows=847490
  [quotes_typed]  32.40s type=Manual child_fresh=Nones e2e=Nones streamed_lat 6->5s lag 1054950->362948
  [quotes_daily]  36.78s type=Manual child_fresh=45s e2e=49s streamed_lat 4->4s lag 0->39900
  [quotes_typed]  32.44s type=Manual child_fresh=Nones e2e=Nones streamed_lat 4->5s lag 0->0
  [lag] 2026-08-13T09:30:56Z raw=59818663285 behind=5s lag_rows=28942
  [quotes_daily]  36.83s type=Manual child_fresh=43s e2e=48s streamed_lat 4->5s lag 0->0
  [quotes_typed]  32.44s type=Manual child_fresh=Nones e2e=Nones streamed_lat 5->5s lag 390766->267898
  [lag] 2026-08-13T09:31:56Z raw=59878740925 behind=5s lag_rows=568404
  [quotes_typed]  32.28s type=Manual child_fresh=Nones e2e=Nones streamed_lat 4->4s lag 0->245987
  [quotes_daily]  36.82s type=Manual child_fresh=52s e2e=59s streamed_lat 4->7s lag 25135->641211
  [quotes_typed]   4.30s type=Manual child_fresh=Nones e2e=Nones streamed_lat 4->5s lag 1267003->0
  [quotes_typed]   0.95s type=Manual child_fresh=Nones e2e=Nones streamed_lat 5->5s lag 0->230658
  [lag] 2026-08-13T09:32:56Z raw=59934960921 behind=5s lag_rows=1444604
  [quotes_daily]  36.91s type=Manual child_fresh=49s e2e=54s streamed_lat 5->5s lag 0->0
  [quotes_typed]  32.00s type=Manual child_fresh=Nones e2e=Nones streamed_lat 5->5s lag 2112991->1965214
  [lag] 2026-08-13T09:33:56Z raw=59995201250 behind=5s lag_rows=790174
  [quotes_typed]  32.22s type=Manual child_fresh=Nones e2e=Nones streamed_lat 5->4s lag 471815->0
  [quotes_daily]  36.93s type=Manual child_fresh=50s e2e=55s streamed_lat 4->5s lag 749534->1734567
  [quotes_typed]   1.27s type=Manual child_fresh=Nones e2e=Nones streamed_lat 5->4s lag 261557->0
  [lag] 2026-08-13T09:34:56Z raw=60059240830 behind=5s lag_rows=332362
  [quotes_typed]  32.51s type=Manual child_fresh=Nones e2e=Nones streamed_lat 4->5s lag 18997->881778
  [quotes_daily]  36.94s type=Manual child_fresh=54s e2e=58s streamed_lat 4->4s lag 60665->99041
  [lag] 2026-08-13T09:35:56Z raw=60116561969 behind=5s lag_rows=0
  [quotes_typed]  32.45s type=Manual child_fresh=Nones e2e=Nones streamed_lat 4->5s lag 11304->64747
  [quotes_daily]  36.88s type=Manual child_fresh=52s e2e=57s streamed_lat 4->5s lag 39298->903056
  [quotes_typed]   1.50s type=Manual child_fresh=Nones e2e=Nones streamed_lat 5->5s lag 626651->85820
  [lag] 2026-08-13T09:36:56Z raw=60176921522 behind=5s lag_rows=804410
  [quotes_daily]  36.82s type=Manual child_fresh=44s e2e=48s streamed_lat 5->4s lag 0->0
  [quotes_typed]  32.34s type=Manual child_fresh=Nones e2e=Nones streamed_lat 5->5s lag 343566->2140398
  [lag] 2026-08-13T09:37:56Z raw=60234449215 behind=5s lag_rows=1365480
  [quotes_typed]  32.26s type=Manual child_fresh=Nones e2e=Nones streamed_lat 4->6s lag 28648->546735
  [quotes_daily]  37.33s type=Manual child_fresh=46s e2e=52s streamed_lat 5->6s lag 2005036->439036
  [lag] 2026-08-13T09:38:56Z raw=60295042378 behind=4s lag_rows=832167
  [quotes_typed]  32.33s type=Manual child_fresh=Nones e2e=Nones streamed_lat 4->4s lag 0->26826
  [quotes_daily]  37.03s type=Manual child_fresh=46s e2e=50s streamed_lat 4->4s lag 64151->0
  [lag] 2026-08-13T09:39:56Z raw=60352631305 behind=5s lag_rows=0
  [quotes_typed]  32.28s type=Manual child_fresh=Nones e2e=Nones streamed_lat 4->4s lag 0->80364
  [quotes_daily]  37.07s type=Manual child_fresh=45s e2e=50s streamed_lat 5->5s lag 677159->0
  [quotes_typed]  32.56s type=Manual child_fresh=Nones e2e=Nones streamed_lat 5->5s lag 0->84284
  [lag] 2026-08-13T09:40:56Z raw=60415195160 behind=5s lag_rows=454409
  [quotes_typed]  32.93s type=Manual child_fresh=Nones e2e=Nones streamed_lat 6->7s lag 171848->595154
  [quotes_daily]  37.12s type=Manual child_fresh=44s e2e=49s streamed_lat 5->5s lag 0->0
  [lag] 2026-08-13T09:41:56Z raw=60474019313 behind=4s lag_rows=0
  [quotes_typed]  32.32s type=Manual child_fresh=Nones e2e=Nones streamed_lat 6->4s lag 967319->31407
  [quotes_daily]  37.05s type=Manual child_fresh=44s e2e=51s streamed_lat 5->7s lag 0->1317308
  [lag] 2026-08-13T09:42:56Z raw=60533808302 behind=6s lag_rows=1171228
  [quotes_typed]  32.61s type=Manual child_fresh=Nones e2e=Nones streamed_lat 4->6s lag 0->0
  [quotes_daily]  37.12s type=Manual child_fresh=46s e2e=50s streamed_lat 7->4s lag 1818588->0
  [quotes_typed]  32.68s type=Manual child_fresh=Nones e2e=Nones streamed_lat 7->5s lag 424973->1131640
  [quotes_typed]   1.46s type=Manual child_fresh=Nones e2e=Nones streamed_lat 5->4s lag 366370->26442
  [lag] 2026-08-13T09:43:56Z raw=60595215744 behind=4s lag_rows=319220
  [quotes_daily]  36.96s type=Manual child_fresh=45s e2e=49s streamed_lat 5->4s lag 522642->70337
  [quotes_typed]  32.10s type=Manual child_fresh=Nones e2e=Nones streamed_lat 4->4s lag 84225->73007
  [lag] 2026-08-13T09:44:56Z raw=60655310341 behind=5s lag_rows=435940
  [quotes_typed]  32.35s type=Manual child_fresh=Nones e2e=Nones streamed_lat 5->4s lag 0->0
  [quotes_daily]  36.96s type=Manual child_fresh=46s e2e=51s streamed_lat 5->5s lag 110612->829854
  [lag] 2026-08-13T09:45:56Z raw=60714669381 behind=5s lag_rows=0
  [quotes_typed]  32.46s type=Manual child_fresh=Nones e2e=Nones streamed_lat 5->5s lag 2053798->0
  [quotes_daily]  37.10s type=Manual child_fresh=43s e2e=47s streamed_lat 4->4s lag 0->0
  [quotes_typed]  32.50s type=Manual child_fresh=Nones e2e=Nones streamed_lat 6->6s lag 2670464->564490
  [lag] 2026-08-13T09:46:56Z raw=60775082522 behind=5s lag_rows=0
  [quotes_daily]  36.86s type=Manual child_fresh=43s e2e=48s streamed_lat 5->5s lag 0->200602
  [quotes_typed]  32.49s type=Manual child_fresh=Nones e2e=Nones streamed_lat 5->4s lag 0->0
  [lag] 2026-08-13T09:47:56Z raw=60834610503 behind=5s lag_rows=0
  [quotes_typed]  32.68s type=Manual child_fresh=Nones e2e=Nones streamed_lat 5->7s lag 2260302->3309607
  [quotes_daily]  37.30s type=Manual child_fresh=45s e2e=52s streamed_lat 4->7s lag 0->359508
  [quotes_typed]  16.39s type=Manual child_fresh=Nones e2e=Nones streamed_lat 8->4s lag 4382681->113478
  [lag] 2026-08-13T09:48:56Z raw=60899073894 behind=4s lag_rows=724146
  [quotes_daily]  37.19s type=Manual child_fresh=47s e2e=51s streamed_lat 5->4s lag 90157->0
  [quotes_typed]  32.51s type=Manual child_fresh=Nones e2e=Nones streamed_lat 4->4s lag 0->432803
  [quotes_typed]   1.33s type=Manual child_fresh=Nones e2e=Nones streamed_lat 4->5s lag 58761->369339
  [lag] 2026-08-13T09:49:56Z raw=60954569037 behind=5s lag_rows=0
  [quotes_daily]  36.95s type=Manual child_fresh=45s e2e=50s streamed_lat 5->5s lag 68837->2434294
  [quotes_typed]  32.12s type=Manual child_fresh=Nones e2e=Nones streamed_lat 5->5s lag 185254->207313
  [lag] 2026-08-13T09:50:56Z raw=61011932501 behind=5s lag_rows=0
  [quotes_typed]  32.75s type=Manual child_fresh=Nones e2e=Nones streamed_lat 6->5s lag 335916->62574
  [quotes_daily]  36.98s type=Manual child_fresh=50s e2e=55s streamed_lat 6->5s lag 85909->0
  [quotes_typed]   1.46s type=Manual child_fresh=Nones e2e=Nones streamed_lat 4->3s lag 410739->0
  [lag] 2026-08-13T09:51:56Z raw=61074301809 behind=6s lag_rows=694947
  [quotes_daily]   7.14s type=Manual child_fresh=17s e2e=23s streamed_lat 6->6s lag 670651->135967
  [quotes_typed]  32.38s type=Manual child_fresh=Nones e2e=Nones streamed_lat 6->5s lag 284040->0
  [quotes_typed]   1.51s type=Manual child_fresh=Nones e2e=Nones streamed_lat 5->6s lag 0->1652130
  [lag] 2026-08-13T09:52:56Z raw=61133858884 behind=6s lag_rows=0
  [quotes_typed]   1.14s type=Manual child_fresh=Nones e2e=Nones streamed_lat 5->6s lag 672086->0
  [quotes_daily]  36.96s type=Manual child_fresh=49s e2e=54s streamed_lat 4->5s lag 0->259630
  [quotes_typed]  32.43s type=Manual child_fresh=Nones e2e=Nones streamed_lat 5->5s lag 39501->0
  [lag] 2026-08-13T09:53:56Z raw=61194247453 behind=6s lag_rows=586365
  [quotes_typed]  32.49s type=Manual child_fresh=Nones e2e=Nones streamed_lat 7->6s lag 2242457->1055812
  [quotes_daily]  37.21s type=Manual child_fresh=54s e2e=59s streamed_lat 6->5s lag 1620914->106267
  [quotes_typed]   1.19s type=Manual child_fresh=Nones e2e=Nones streamed_lat 6->5s lag 276921->38668
  [lag] 2026-08-13T09:54:56Z raw=61254791438 behind=5s lag_rows=235403
  [quotes_typed]  31.98s type=Manual child_fresh=Nones e2e=Nones streamed_lat 5->4s lag 950263->102300
  [quotes_daily]  36.96s type=Manual child_fresh=45s e2e=49s streamed_lat 4->4s lag 0->0
  [lag] 2026-08-13T09:55:56Z raw=61314887823 behind=6s lag_rows=691543
  [quotes_typed]  32.44s type=Manual child_fresh=Nones e2e=Nones streamed_lat 5->7s lag 739010->2292245
  [quotes_daily]  36.98s type=Manual child_fresh=44s e2e=49s streamed_lat 5->5s lag 0->0
  [quotes_typed]  32.74s type=Manual child_fresh=Nones e2e=Nones streamed_lat 6->4s lag 1847810->221445
  [lag] 2026-08-13T09:56:56Z raw=61376319549 behind=4s lag_rows=223587
  [quotes_daily]  13.01s type=Manual child_fresh=21s e2e=25s streamed_lat 4->4s lag 337683->35463
  [quotes_typed]  16.73s type=Manual child_fresh=Nones e2e=Nones streamed_lat 5->5s lag 821533->0
  [quotes_typed]  16.53s type=Manual child_fresh=Nones e2e=Nones streamed_lat 5->6s lag 0->1500814
  [lag] 2026-08-13T09:57:56Z raw=61435659172 behind=5s lag_rows=1457559
  [quotes_daily]  37.56s type=Manual child_fresh=48s e2e=52s streamed_lat 5->4s lag 127681->508821
  [quotes_typed]  32.25s type=Manual child_fresh=Nones e2e=Nones streamed_lat 4->5s lag 85336->80690
  [lag] 2026-08-13T09:58:56Z raw=61494995665 behind=4s lag_rows=68997
  [quotes_typed]  32.61s type=Manual child_fresh=Nones e2e=Nones streamed_lat 4->4s lag 0->21512
  [quotes_daily]  36.89s type=Manual child_fresh=44s e2e=49s streamed_lat 4->5s lag 0->0
  [lag] 2026-08-13T09:59:56Z raw=61554778785 behind=5s lag_rows=89101
  [quotes_typed]  32.16s type=Manual child_fresh=Nones e2e=Nones streamed_lat 4->4s lag 51302->41867
  [quotes_daily]  36.96s type=Manual child_fresh=44s e2e=48s streamed_lat 4->4s lag 0->30713
  [quotes_typed]  32.53s type=Manual child_fresh=Nones e2e=Nones streamed_lat 5->5s lag 0->923050
  [lag] 2026-08-13T10:00:56Z raw=61616500390 behind=6s lag_rows=1379436
  [quotes_daily]   8.98s type=Manual child_fresh=16s e2e=23s streamed_lat 4->7s lag 83193->4200171
  [quotes_typed]  32.18s type=Manual child_fresh=Nones e2e=Nones streamed_lat 5->7s lag 429332->3344710
  [lag] 2026-08-13T10:01:56Z raw=61675287335 behind=5s lag_rows=958542
  [quotes_typed]  32.70s type=Manual child_fresh=Nones e2e=Nones streamed_lat 6->4s lag 2138707->66494
  [quotes_daily]  36.99s type=Manual child_fresh=47s e2e=51s streamed_lat 4->4s lag 0->1160771
  [lag] 2026-08-13T10:02:56Z raw=61733023895 behind=5s lag_rows=38627
  [quotes_typed]  32.32s type=Manual child_fresh=Nones e2e=Nones streamed_lat 5->4s lag 583446->0
  [quotes_daily]  37.17s type=Manual child_fresh=45s e2e=49s streamed_lat 5->4s lag 718557->0
  [quotes_typed]  32.35s type=Manual child_fresh=Nones e2e=Nones streamed_lat 4->4s lag 0->0
  [lag] 2026-08-13T10:03:56Z raw=61795765477 behind=6s lag_rows=842928
  [quotes_daily]  37.00s type=Manual child_fresh=46s e2e=50s streamed_lat 4->4s lag 2012466->48498
  [quotes_typed]  32.16s type=Manual child_fresh=Nones e2e=Nones streamed_lat 6->4s lag 1109278->87201
  [quotes_typed]   1.31s type=Manual child_fresh=Nones e2e=Nones streamed_lat 4->4s lag 0->126778
  [lag] 2026-08-13T10:04:56Z raw=61856277147 behind=6s lag_rows=664118
  [quotes_typed]  32.06s type=Manual child_fresh=Nones e2e=Nones streamed_lat 4->5s lag 0->88494
  [quotes_daily]  37.45s type=Manual child_fresh=47s e2e=52s streamed_lat 4->5s lag 0->0
  [lag] 2026-08-13T10:05:56Z raw=61913484733 behind=5s lag_rows=0
  [quotes_typed]  32.21s type=Manual child_fresh=Nones e2e=Nones streamed_lat 5->4s lag 0->0
  [quotes_daily]  37.01s type=Manual child_fresh=45s e2e=49s streamed_lat 5->4s lag 490816->0
  [lag] 2026-08-13T10:06:56Z raw=61974600141 behind=6s lag_rows=472516
  [quotes_typed]  32.50s type=Manual child_fresh=Nones e2e=Nones streamed_lat 4->5s lag 0->0
  [quotes_daily]  37.36s type=Manual child_fresh=45s e2e=50s streamed_lat 5->5s lag 2691717->0
  [quotes_typed]  32.44s type=Manual child_fresh=Nones e2e=Nones streamed_lat 4->6s lag 2065914->0
  [lag] 2026-08-13T10:07:56Z raw=62034506067 behind=7s lag_rows=116379
  [quotes_typed]  32.56s type=Manual child_fresh=Nones e2e=Nones streamed_lat 5->5s lag 0->536899
  [quotes_daily]  37.71s type=Manual child_fresh=47s e2e=53s streamed_lat 6->6s lag 69552->718143
  [lag] 2026-08-13T10:08:56Z raw=62093814289 behind=5s lag_rows=0
  [quotes_typed]  32.44s type=Manual child_fresh=Nones e2e=Nones streamed_lat 6->6s lag 1567477->0
  [quotes_daily]  37.23s type=Manual child_fresh=52s e2e=58s streamed_lat 6->6s lag 1577017->859197
  [lag] 2026-08-13T10:09:56Z raw=62153843547 behind=6s lag_rows=78958
  [quotes_typed]  32.28s type=Manual child_fresh=Nones e2e=Nones streamed_lat 7->7s lag 1110487->2900339
  [quotes_daily]  37.03s type=Manual child_fresh=46s e2e=52s streamed_lat 5->6s lag 322004->2303206
  [lag] 2026-08-13T10:10:56Z raw=62215395876 behind=7s lag_rows=1093159
  [quotes_typed]  32.97s type=Manual child_fresh=Nones e2e=Nones streamed_lat 5->6s lag 1638481->3304
  [quotes_daily]  37.24s type=Manual child_fresh=48s e2e=53s streamed_lat 5->5s lag 0->0
  [quotes_typed]  32.80s type=Manual child_fresh=Nones e2e=Nones streamed_lat 6->6s lag 88640->0
  [lag] 2026-08-13T10:11:56Z raw=62271869608 behind=5s lag_rows=0
  [quotes_typed]  32.45s type=Manual child_fresh=Nones e2e=Nones streamed_lat 6->6s lag 1823470->957914
  [quotes_daily]  37.14s type=Manual child_fresh=50s e2e=55s streamed_lat 6->5s lag 119739->47457
  [lag] 2026-08-13T10:12:56Z raw=62334764279 behind=6s lag_rows=1113783
  [quotes_typed]  32.38s type=Manual child_fresh=Nones e2e=Nones streamed_lat 4->8s lag 0->3583762
  [quotes_daily]  37.05s type=Manual child_fresh=42s e2e=49s streamed_lat 4->7s lag 0->70291
  [lag] 2026-08-13T10:13:56Z raw=62395894715 behind=5s lag_rows=145572
  [quotes_typed]  32.12s type=Manual child_fresh=Nones e2e=Nones streamed_lat 6->5s lag 0->0
  [quotes_daily]  37.27s type=Manual child_fresh=45s e2e=51s streamed_lat 6->6s lag 0->2615509
  [quotes_typed]  32.26s type=Manual child_fresh=Nones e2e=Nones streamed_lat 5->6s lag 0->1662740
  [lag] 2026-08-13T10:14:56Z raw=62454343183 behind=5s lag_rows=49187
  [quotes_typed]  32.51s type=Manual child_fresh=Nones e2e=Nones streamed_lat 6->6s lag 747658->0
  [quotes_daily]  37.06s type=Manual child_fresh=45s e2e=51s streamed_lat 5->6s lag 108729->2579194
  [quotes_typed]   2.32s type=Manual child_fresh=Nones e2e=Nones streamed_lat 6->5s lag 1060071->1141835
  [lag] 2026-08-13T10:15:56Z raw=62518330607 behind=5s lag_rows=1839989
  [quotes_typed]  32.02s type=Manual child_fresh=Nones e2e=Nones streamed_lat 5->5s lag 355531->0
  [quotes_daily]  37.13s type=Manual child_fresh=48s e2e=54s streamed_lat 5->6s lag 762359->1368053
  [lag] 2026-08-13T10:16:56Z raw=62574245648 behind=6s lag_rows=220446
  [quotes_typed]  32.49s type=Manual child_fresh=Nones e2e=Nones streamed_lat 6->5s lag 1543685->0
  [quotes_daily]  37.74s type=Manual child_fresh=51s e2e=57s streamed_lat 6->6s lag 537644->751709
  [quotes_typed]   4.19s type=Manual child_fresh=Nones e2e=Nones streamed_lat 5->5s lag 534926->119477
  [lag] 2026-08-13T10:17:56Z raw=62634636106 behind=5s lag_rows=0
  [quotes_typed]  32.15s type=Manual child_fresh=Nones e2e=Nones streamed_lat 5->5s lag 1102270->0
  [quotes_daily]  37.32s type=Manual child_fresh=43s e2e=48s streamed_lat 5->5s lag 0->0
  [lag] 2026-08-13T10:18:56Z raw=62694201611 behind=4s lag_rows=0
  [quotes_typed]  32.29s type=Manual child_fresh=Nones e2e=Nones streamed_lat 5->4s lag 2436670->0
  [quotes_daily]  37.30s type=Manual child_fresh=44s e2e=50s streamed_lat 5->6s lag 0->46016
  [quotes_typed]  32.32s type=Manual child_fresh=Nones e2e=Nones streamed_lat 4->5s lag 0->79179
  [lag] 2026-08-13T10:19:56Z raw=62755400305 behind=5s lag_rows=611
  [quotes_typed]  32.26s type=Manual child_fresh=Nones e2e=Nones streamed_lat 6->5s lag 203407->270026
  [quotes_daily]  37.12s type=Manual child_fresh=51s e2e=57s streamed_lat 6->6s lag 690849->939516
  [quotes_typed]   1.45s type=Manual child_fresh=Nones e2e=Nones streamed_lat 5->6s lag 0->1615872
  [lag] 2026-08-13T10:20:56Z raw=62817720491 behind=5s lag_rows=488405
  [quotes_daily]  37.20s type=Manual child_fresh=48s e2e=56s streamed_lat 6->8s lag 695773->3513123
  [quotes_typed]  32.13s type=Manual child_fresh=Nones e2e=Nones streamed_lat 4->7s lag 0->220571
  [lag] 2026-08-13T10:21:56Z raw=62873902206 behind=5s lag_rows=13971
  [quotes_typed]  32.34s type=Manual child_fresh=Nones e2e=Nones streamed_lat 6->5s lag 158137->0
  [quotes_daily]  37.00s type=Manual child_fresh=45s e2e=50s streamed_lat 7->5s lag 2489690->0
  [quotes_typed]   8.26s type=Manual child_fresh=Nones e2e=Nones streamed_lat 6->5s lag 1982434->0
  [lag] 2026-08-13T10:22:56Z raw=62933593515 behind=6s lag_rows=3091785
  [quotes_typed]  32.45s type=Manual child_fresh=Nones e2e=Nones streamed_lat 6->7s lag 3616891->2112844
  [quotes_daily]  37.18s type=Manual child_fresh=47s e2e=52s streamed_lat 5->5s lag 0->228460
  [lag] 2026-08-13T10:23:56Z raw=62995523093 behind=4s lag_rows=118542
  [quotes_typed]  32.48s type=Manual child_fresh=Nones e2e=Nones streamed_lat 5->4s lag 1522996->0
  [quotes_daily]  37.05s type=Manual child_fresh=46s e2e=51s streamed_lat 4->5s lag 48904->190221
  [quotes_typed]  16.24s type=Manual child_fresh=Nones e2e=Nones streamed_lat 5->5s lag 2216456->0
  [lag] 2026-08-13T10:24:56Z raw=63052756834 behind=6s lag_rows=58008
  [quotes_typed]  32.39s type=Manual child_fresh=Nones e2e=Nones streamed_lat 5->5s lag 0->385083
  [quotes_daily]  37.36s type=Manual child_fresh=48s e2e=53s streamed_lat 5->5s lag 0->888463
  [quotes_typed]   1.44s type=Manual child_fresh=Nones e2e=Nones streamed_lat 4->4s lag 80624->0
  [lag] 2026-08-13T10:25:56Z raw=63115212706 behind=4s lag_rows=0
  [quotes_daily]  37.07s type=Manual child_fresh=47s e2e=52s streamed_lat 4->5s lag 107448->441323
  [quotes_typed]  32.73s type=Manual child_fresh=Nones e2e=Nones streamed_lat 5->4s lag 428676->88244
  [quotes_typed]   1.51s type=Manual child_fresh=Nones e2e=Nones streamed_lat 5->4s lag 34907->0
  [lag] 2026-08-13T10:26:56Z raw=63174883160 behind=4s lag_rows=58488
  [quotes_daily]  37.24s type=Manual child_fresh=46s e2e=51s streamed_lat 5->5s lag 1418292->1788928
  [quotes_typed]  32.02s type=Manual child_fresh=Nones e2e=Nones streamed_lat 4->5s lag 535782->0
  [lag] 2026-08-13T10:27:56Z raw=63235508913 behind=4s lag_rows=79372
  [quotes_typed]  32.27s type=Manual child_fresh=Nones e2e=Nones streamed_lat 6->5s lag 2522222->52125
  [quotes_daily]  37.02s type=Manual child_fresh=51s e2e=57s streamed_lat 4->6s lag 130174->111058
  [quotes_typed]   1.17s type=Manual child_fresh=Nones e2e=Nones streamed_lat 5->6s lag 110557->2449980
  [quotes_typed]   1.22s type=Manual child_fresh=Nones e2e=Nones streamed_lat 5->6s lag 0->1010148
  [lag] 2026-08-13T10:28:56Z raw=63295541232 behind=5s lag_rows=0
  [quotes_daily]  13.48s type=Manual child_fresh=22s e2e=27s streamed_lat 6->5s lag 1685741->198866
  [quotes_typed]  32.13s type=Manual child_fresh=Nones e2e=Nones streamed_lat 5->5s lag 0->838184
  [quotes_typed]   1.20s type=Manual child_fresh=Nones e2e=Nones streamed_lat 5->5s lag 76901->888489
  [lag] 2026-08-13T10:29:56Z raw=63357775982 behind=5s lag_rows=0
  [quotes_daily]  37.38s type=Manual child_fresh=51s e2e=57s streamed_lat 5->6s lag 557171->1147091
  [quotes_typed]  32.42s type=Manual child_fresh=Nones e2e=Nones streamed_lat 5->5s lag 967348->1284750
  [lag] 2026-08-13T10:30:56Z raw=63413600115 behind=6s lag_rows=3274967
  [quotes_typed]  32.65s type=Manual child_fresh=Nones e2e=Nones streamed_lat 6->5s lag 3023809->817960
  [quotes_daily]  37.05s type=Manual child_fresh=52s e2e=57s streamed_lat 6->5s lag 87737->1072461
  [lag] 2026-08-13T10:31:56Z raw=63474513619 behind=6s lag_rows=94463
  [quotes_typed]  32.57s type=Manual child_fresh=Nones e2e=Nones streamed_lat 5->7s lag 282402->1089465
  [quotes_daily]  37.10s type=Manual child_fresh=45s e2e=52s streamed_lat 5->7s lag 2250919->2603983
  [quotes_typed]  16.49s type=Manual child_fresh=Nones e2e=Nones streamed_lat 7->6s lag 1235765->2827703
  [lag] 2026-08-13T10:32:56Z raw=63533285996 behind=7s lag_rows=3068324
  [quotes_typed]  32.61s type=Manual child_fresh=Nones e2e=Nones streamed_lat 8->5s lag 150707->690091
  [quotes_daily]  37.20s type=Manual child_fresh=46s e2e=52s streamed_lat 9->6s lag 266616->986813
  [lag] 2026-08-13T10:33:56Z raw=63597204904 behind=5s lag_rows=1153584
  [quotes_typed]  32.39s type=Manual child_fresh=Nones e2e=Nones streamed_lat 5->4s lag 531144->897777
  [quotes_daily]  37.08s type=Manual child_fresh=43s e2e=48s streamed_lat 5->5s lag 0->0
  [quotes_typed]  32.20s type=Manual child_fresh=Nones e2e=Nones streamed_lat 5->5s lag 66195->276850
  [lag] 2026-08-13T10:34:56Z raw=63656499147 behind=6s lag_rows=394406
  [quotes_daily]  37.31s type=Manual child_fresh=48s e2e=52s streamed_lat 4->4s lag 0->0
  [quotes_typed]  32.27s type=Manual child_fresh=Nones e2e=Nones streamed_lat 5->4s lag 1454046->0
  [lag] 2026-08-13T10:35:56Z raw=63714773105 behind=5s lag_rows=270978
  [quotes_typed]  32.51s type=Manual child_fresh=Nones e2e=Nones streamed_lat 5->4s lag 2126508->0
  [quotes_daily]  37.31s type=Manual child_fresh=46s e2e=51s streamed_lat 5->5s lag 0->0
  [lag] 2026-08-13T10:36:56Z raw=63774198928 behind=6s lag_rows=2394845
  [quotes_typed]  32.58s type=Manual child_fresh=Nones e2e=Nones streamed_lat 5->5s lag 0->0
  [quotes_daily]  37.11s type=Manual child_fresh=46s e2e=51s streamed_lat 7->5s lag 767706->0
  [quotes_typed]  32.52s type=Manual child_fresh=Nones e2e=Nones streamed_lat 5->6s lag 0->0
  [lag] 2026-08-13T10:37:56Z raw=63834134028 behind=6s lag_rows=1304462
  [quotes_daily]  37.29s type=Manual child_fresh=45s e2e=50s streamed_lat 7->5s lag 3040321->585050
  [quotes_typed]  32.52s type=Manual child_fresh=Nones e2e=Nones streamed_lat 6->4s lag 3098693->0
  [quotes_typed]   1.34s type=Manual child_fresh=Nones e2e=Nones streamed_lat 5->6s lag 20315->3110700
  [lag] 2026-08-13T10:38:56Z raw=63895209246 behind=4s lag_rows=0
  [quotes_daily]   7.11s type=Manual child_fresh=16s e2e=20s streamed_lat 5->4s lag 286553->82790
  [quotes_typed]  32.07s type=Manual child_fresh=Nones e2e=Nones streamed_lat 5->6s lag 120788->3161213
  [lag] 2026-08-13T10:39:56Z raw=63954751459 behind=5s lag_rows=1776326
  [quotes_typed]  32.26s type=Manual child_fresh=Nones e2e=Nones streamed_lat 5->5s lag 2884638->546927
  [quotes_daily]  37.41s type=Manual child_fresh=47s e2e=52s streamed_lat 5->5s lag 501955->479256
  [lag] 2026-08-13T10:40:56Z raw=64015594752 behind=6s lag_rows=105554
  [quotes_typed]  32.59s type=Manual child_fresh=Nones e2e=Nones streamed_lat 5->6s lag 533319->2061531
  [quotes_daily]  38.62s type=Manual child_fresh=48s e2e=55s streamed_lat 6->7s lag 51328->0
  [quotes_typed]  32.83s type=Manual child_fresh=Nones e2e=Nones streamed_lat 5->6s lag 231563->1757765
  [lag] 2026-08-13T10:41:56Z raw=64072604605 behind=7s lag_rows=269495
  [quotes_daily]  11.47s type=Manual child_fresh=23s e2e=29s streamed_lat 6->6s lag 1656290->156960
  [quotes_typed]  32.28s type=Manual child_fresh=Nones e2e=Nones streamed_lat 6->5s lag 0->121994
  [quotes_typed]   2.46s type=Manual child_fresh=Nones e2e=Nones streamed_lat 5->6s lag 1388->0
  [lag] 2026-08-13T10:42:56Z raw=64131258918 behind=5s lag_rows=0
  [quotes_typed]  32.35s type=Manual child_fresh=Nones e2e=Nones streamed_lat 5->7s lag 0->2454121
  [quotes_daily]  39.30s type=Manual child_fresh=50s e2e=56s streamed_lat 7->6s lag 4698235->198732
  [quotes_typed]   4.50s type=Manual child_fresh=Nones e2e=Nones streamed_lat 7->7s lag 1851956->1501936
  [lag] 2026-08-13T10:43:56Z raw=64194127524 behind=6s lag_rows=707567
  [quotes_typed]  32.45s type=Manual child_fresh=Nones e2e=Nones streamed_lat 6->7s lag 2151272->2523748
  [quotes_daily]  38.50s type=Manual child_fresh=49s e2e=55s streamed_lat 6->6s lag 403887->487609
  [lag] 2026-08-13T10:44:56Z raw=64253175647 behind=6s lag_rows=0
  [quotes_typed]  32.55s type=Manual child_fresh=Nones e2e=Nones streamed_lat 8->6s lag 5022535->0
  [quotes_daily]  38.87s type=Manual child_fresh=56s e2e=64s streamed_lat 6->8s lag 10832->4643760
  [lag] 2026-08-13T10:45:56Z raw=64314976684 behind=7s lag_rows=2177931
  [quotes_typed]  32.53s type=Manual child_fresh=Nones e2e=Nones streamed_lat 7->6s lag 119799->3009715
  [quotes_daily]  38.09s type=Manual child_fresh=46s e2e=51s streamed_lat 7->5s lag 3595672->0
  [lag] 2026-08-13T10:46:56Z raw=64375125154 behind=7s lag_rows=535901
  [quotes_typed]  33.52s type=Manual child_fresh=Nones e2e=Nones streamed_lat 7->8s lag 3430708->2559030
  [quotes_daily]  38.05s type=Manual child_fresh=46s e2e=51s streamed_lat 7->5s lag 3319278->1233533
  [quotes_typed]  32.75s type=Manual child_fresh=Nones e2e=Nones streamed_lat 6->6s lag 3647422->108781
  [lag] 2026-08-13T10:47:56Z raw=64433829303 behind=6s lag_rows=0
  [quotes_typed]   2.44s type=Manual child_fresh=Nones e2e=Nones streamed_lat 5->6s lag 0->1161617
  [quotes_daily]  37.95s type=Manual child_fresh=45s e2e=49s streamed_lat 5->4s lag 0->75804
  [quotes_typed]  32.29s type=Manual child_fresh=Nones e2e=Nones streamed_lat 5->4s lag 160416->0
  [lag] 2026-08-13T10:48:56Z raw=64494619918 behind=4s lag_rows=0
  [quotes_typed]  32.90s type=Manual child_fresh=Nones e2e=Nones streamed_lat 5->4s lag 291774->32916
  [quotes_daily]  37.83s type=Manual child_fresh=50s e2e=54s streamed_lat 5->4s lag 1965261->251382
  [quotes_typed]   2.40s type=Manual child_fresh=Nones e2e=Nones streamed_lat 4->5s lag 65914->0
  [lag] 2026-08-13T10:49:56Z raw=64555917290 behind=4s lag_rows=248585
  [quotes_typed]  32.33s type=Manual child_fresh=Nones e2e=Nones streamed_lat 5->5s lag 2164238->0
  [quotes_daily]  38.03s type=Manual child_fresh=50s e2e=54s streamed_lat 5->4s lag 0->0
  [quotes_typed]   1.29s type=Manual child_fresh=Nones e2e=Nones streamed_lat 4->7s lag 0->3082910
  [lag] 2026-08-13T10:50:56Z raw=64614448355 behind=6s lag_rows=514382
  [quotes_typed]  32.40s type=Manual child_fresh=Nones e2e=Nones streamed_lat 6->6s lag 2158474->881923
  [quotes_daily]  38.30s type=Manual child_fresh=51s e2e=56s streamed_lat 6->5s lag 591521->0
  [lag] 2026-08-13T10:51:56Z raw=64673924705 behind=5s lag_rows=1591
  [quotes_typed]  32.46s type=Manual child_fresh=Nones e2e=Nones streamed_lat 6->6s lag 391559->0
  [quotes_daily]  37.64s type=Manual child_fresh=45s e2e=51s streamed_lat 5->6s lag 799211->1522608
  [lag] 2026-08-13T10:52:56Z raw=64731882183 behind=4s lag_rows=0
  [quotes_typed]  32.91s type=Manual child_fresh=Nones e2e=Nones streamed_lat 5->5s lag 0->228962
  [quotes_daily]  37.43s type=Manual child_fresh=47s e2e=52s streamed_lat 5->5s lag 29359->66844
  [quotes_typed]  32.35s type=Manual child_fresh=Nones e2e=Nones streamed_lat 4->7s lag 0->4096090
  [lag] 2026-08-13T10:53:56Z raw=64794775902 behind=6s lag_rows=274690
  [quotes_typed]  32.60s type=Manual child_fresh=Nones e2e=Nones streamed_lat 7->5s lag 2301439->2012220
  [quotes_daily]  38.70s type=Manual child_fresh=53s e2e=58s streamed_lat 6->5s lag 284001->2549178
  [lag] 2026-08-13T10:54:56Z raw=64852662638 behind=7s lag_rows=4179719
  [quotes_typed]  32.34s type=Manual child_fresh=Nones e2e=Nones streamed_lat 5->5s lag 465531->0
  [quotes_daily]  37.75s type=Manual child_fresh=43s e2e=49s streamed_lat 5->6s lag 0->1590198
  [lag] 2026-08-13T10:55:56Z raw=64912903012 behind=5s lag_rows=0
  [quotes_typed]  32.44s type=Manual child_fresh=Nones e2e=Nones streamed_lat 5->5s lag 0->1205216
  [quotes_daily]  37.81s type=Manual child_fresh=47s e2e=51s streamed_lat 5->4s lag 281923->31924
  [quotes_typed]  32.33s type=Manual child_fresh=Nones e2e=Nones streamed_lat 4->5s lag 0->0
  [lag] 2026-08-13T10:56:56Z raw=64979504322 behind=7s lag_rows=1740296
  [quotes_daily]  37.70s type=Manual child_fresh=45s e2e=52s streamed_lat 6->7s lag 2238771->143589
  [quotes_typed]  32.44s type=Manual child_fresh=Nones e2e=Nones streamed_lat 6->6s lag 481193->198832
  [quotes_typed]   1.33s type=Manual child_fresh=Nones e2e=Nones streamed_lat 7->6s lag 1126215->3144996
  [lag] 2026-08-13T10:57:56Z raw=65037732138 behind=7s lag_rows=4209936
  [quotes_daily]  37.59s type=Manual child_fresh=46s e2e=53s streamed_lat 5->7s lag 0->1203745
  [quotes_typed]  32.19s type=Manual child_fresh=Nones e2e=Nones streamed_lat 5->6s lag 0->340010
  [lag] 2026-08-13T10:58:56Z raw=65095026495 behind=4s lag_rows=91261
  [quotes_typed]  32.60s type=Manual child_fresh=Nones e2e=Nones streamed_lat 5->5s lag 325740->0
  [quotes_daily]  37.47s type=Manual child_fresh=48s e2e=55s streamed_lat 5->7s lag 0->2312899
  [quotes_typed]   1.49s type=Manual child_fresh=Nones e2e=Nones streamed_lat 4->7s lag 0->842750
  [lag] 2026-08-13T10:59:56Z raw=65154336146 behind=5s lag_rows=128691
  [quotes_typed]  32.26s type=Manual child_fresh=Nones e2e=Nones streamed_lat 8->6s lag 4938505->483124
  [quotes_daily]  37.39s type=Manual child_fresh=50s e2e=57s streamed_lat 7->7s lag 2891833->204854
  [quotes_typed]   1.47s type=Manual child_fresh=Nones e2e=Nones streamed_lat 6->7s lag 0->0
  [lag] 2026-08-13T11:00:56Z raw=65211830706 behind=6s lag_rows=0
  [quotes_typed]  32.85s type=Manual child_fresh=Nones e2e=Nones streamed_lat 6->8s lag 0->4858517
  [quotes_daily]  37.61s type=Manual child_fresh=51s e2e=57s streamed_lat 6->6s lag 36790->92807
  [lag] 2026-08-13T11:01:56Z raw=65274762763 behind=6s lag_rows=640282
  [quotes_typed]  32.59s type=Manual child_fresh=Nones e2e=Nones streamed_lat 7->7s lag 394591->2380427
  [quotes_daily]  37.46s type=Manual child_fresh=44s e2e=50s streamed_lat 6->6s lag 0->255643
  [quotes_typed]  32.46s type=Manual child_fresh=Nones e2e=Nones streamed_lat 6->6s lag 0->3143921
  [lag] 2026-08-13T11:02:56Z raw=65335791061 behind=5s lag_rows=2260253
  [quotes_daily]  37.39s type=Manual child_fresh=54s e2e=59s streamed_lat 6->5s lag 1685228->167801
  [quotes_typed]  32.15s type=Manual child_fresh=Nones e2e=Nones streamed_lat 4->5s lag 0->1536645
  [lag] 2026-08-13T11:03:56Z raw=65394556569 behind=6s lag_rows=1439024
  [quotes_typed]  32.08s type=Manual child_fresh=Nones e2e=Nones streamed_lat 5->5s lag 809665->269095
  [quotes_daily]  37.93s type=Manual child_fresh=45s e2e=49s streamed_lat 4->4s lag 0->0
  [lag] 2026-08-13T11:04:56Z raw=65454904702 behind=5s lag_rows=1545567
  [quotes_typed]  32.35s type=Manual child_fresh=Nones e2e=Nones streamed_lat 5->5s lag 240807->483702
  [quotes_daily]  37.69s type=Manual child_fresh=55s e2e=62s streamed_lat 5->7s lag 157437->3319427
  [quotes_typed]  32.18s type=Manual child_fresh=Nones e2e=Nones streamed_lat 4->5s lag 0->152373
  [lag] 2026-08-13T11:05:56Z raw=65516441821 behind=6s lag_rows=459146
  [quotes_daily]  37.55s type=Manual child_fresh=43s e2e=50s streamed_lat 5->7s lag 0->3916076
  [quotes_typed]  32.51s type=Manual child_fresh=Nones e2e=Nones streamed_lat 4->6s lag 0->1707856
  [lag] 2026-08-13T11:06:56Z raw=65574152456 behind=6s lag_rows=1106301
  [quotes_typed]  32.15s type=Manual child_fresh=Nones e2e=Nones streamed_lat 7->8s lag 4241065->5273959
  [quotes_daily]  37.60s type=Manual child_fresh=45s e2e=51s streamed_lat 6->6s lag 2411963->446686
  [quotes_typed]  16.31s type=Manual child_fresh=Nones e2e=Nones streamed_lat 6->6s lag 0->1417073
  [lag] 2026-08-13T11:07:56Z raw=65635787141 behind=7s lag_rows=207099
  [quotes_daily]   9.52s type=Manual child_fresh=18s e2e=22s streamed_lat 5->4s lag 427313->71115
  [quotes_typed]  32.27s type=Manual child_fresh=Nones e2e=Nones streamed_lat 7->5s lag 4224118->138662
  [quotes_typed]   4.19s type=Manual child_fresh=Nones e2e=Nones streamed_lat 5->5s lag 0->108841
  [lag] 2026-08-13T11:08:56Z raw=65698936830 behind=4s lag_rows=26550
  [quotes_daily]  37.46s type=Manual child_fresh=45s e2e=50s streamed_lat 4->5s lag 61836->0
  [quotes_typed]  32.01s type=Manual child_fresh=Nones e2e=Nones streamed_lat 5->6s lag 1356199->307897
  [lag] 2026-08-13T11:09:56Z raw=65754140930 behind=6s lag_rows=1583956
  [quotes_typed]  32.59s type=Manual child_fresh=Nones e2e=Nones streamed_lat 7->5s lag 2052992->345016
  [quotes_daily]  37.80s type=Manual child_fresh=51s e2e=57s streamed_lat 8->6s lag 4295800->822549
  [lag] 2026-08-13T11:10:56Z raw=65815560373 behind=6s lag_rows=395020
  [quotes_typed]  32.21s type=Manual child_fresh=Nones e2e=Nones streamed_lat 5->4s lag 0->83173
  [quotes_daily]  37.86s type=Manual child_fresh=45s e2e=49s streamed_lat 7->4s lag 4005910->59866
  [lag] 2026-08-13T11:11:56Z raw=65877708441 behind=5s lag_rows=2017085
  [quotes_typed]  32.45s type=Manual child_fresh=Nones e2e=Nones streamed_lat 4->5s lag 0->776852
  [quotes_daily]  37.41s type=Manual child_fresh=47s e2e=53s streamed_lat 5->6s lag 161572->185881
  [quotes_typed]  32.40s type=Manual child_fresh=Nones e2e=Nones streamed_lat 4->5s lag 63743->136032
  [lag] 2026-08-13T11:12:56Z raw=65937235387 behind=4s lag_rows=0
  [quotes_typed]  32.55s type=Manual child_fresh=Nones e2e=Nones streamed_lat 6->5s lag 425312->45227
  [quotes_daily]  37.91s type=Manual child_fresh=49s e2e=55s streamed_lat 5->6s lag 46495->1589876
  [lag] 2026-08-13T11:13:56Z raw=65993050405 behind=5s lag_rows=0
  [quotes_typed]  33.18s type=Manual child_fresh=Nones e2e=Nones streamed_lat 6->6s lag 315082->0
  [quotes_daily]  37.58s type=Manual child_fresh=47s e2e=52s streamed_lat 5->5s lag 221890->17755
  [lag] 2026-08-13T11:14:56Z raw=66059773052 behind=5s lag_rows=268602
  [quotes_typed]  32.82s type=Manual child_fresh=Nones e2e=Nones streamed_lat 6->6s lag 14821->3370286
  [quotes_daily]  37.54s type=Manual child_fresh=43s e2e=50s streamed_lat 4->7s lag 0->4607551
  [quotes_typed]  33.30s type=Manual child_fresh=Nones e2e=Nones streamed_lat 5->6s lag 0->213346
  [lag] 2026-08-13T11:15:56Z raw=66114334527 behind=8s lag_rows=2655451
  [quotes_daily]  37.88s type=Manual child_fresh=46s e2e=51s streamed_lat 6->5s lag 0->0
  [quotes_typed]  32.40s type=Manual child_fresh=Nones e2e=Nones streamed_lat 6->5s lag 88672->912328
  [lag] 2026-08-13T11:16:56Z raw=66169889123 behind=5s lag_rows=0
  [quotes_typed]  32.47s type=Manual child_fresh=Nones e2e=Nones streamed_lat 6->5s lag 2070797->76360
  [quotes_daily]  37.51s type=Manual child_fresh=48s e2e=52s streamed_lat 7->4s lag 3314772->181582
  [lag] 2026-08-13T11:17:56Z raw=66234952201 behind=5s lag_rows=166255
  [quotes_typed]  32.42s type=Manual child_fresh=Nones e2e=Nones streamed_lat 5->4s lag 72438->0
  [quotes_daily]  37.64s type=Manual child_fresh=44s e2e=51s streamed_lat 4->7s lag 0->1905054
  [lag] 2026-08-13T11:18:56Z raw=66294211713 behind=6s lag_rows=669875
  [quotes_typed]  32.39s type=Manual child_fresh=Nones e2e=Nones streamed_lat 4->5s lag 0->0
  [quotes_daily]  37.84s type=Manual child_fresh=46s e2e=51s streamed_lat 7->5s lag 3093835->0
  [quotes_typed]  32.35s type=Manual child_fresh=Nones e2e=Nones streamed_lat 7->6s lag 115052->837386
  [lag] 2026-08-13T11:19:56Z raw=66354744696 behind=7s lag_rows=896371
  [quotes_typed]   1.66s type=Manual child_fresh=Nones e2e=Nones streamed_lat 6->7s lag 638703->0
  [quotes_daily]  37.55s type=Manual child_fresh=44s e2e=53s streamed_lat 6->9s lag 0->465501
  [quotes_typed]  32.61s type=Manual child_fresh=Nones e2e=Nones streamed_lat 7->7s lag 347470->0
  [lag] 2026-08-13T11:20:56Z raw=66414935683 behind=5s lag_rows=926790
  [quotes_typed]  32.68s type=Manual child_fresh=Nones e2e=Nones streamed_lat 7->5s lag 2652447->236597
  [quotes_daily]  37.98s type=Manual child_fresh=49s e2e=55s streamed_lat 7->6s lag 0->822914
  [lag] 2026-08-13T11:21:56Z raw=66472330619 behind=4s lag_rows=0
  [quotes_typed]  32.48s type=Manual child_fresh=Nones e2e=Nones streamed_lat 6->6s lag 1482466->1710577
  [quotes_daily]  37.58s type=Manual child_fresh=46s e2e=50s streamed_lat 6->4s lag 444768->0
  [lag] 2026-08-13T11:22:56Z raw=66534818295 behind=7s lag_rows=298725
  [quotes_typed]  32.20s type=Manual child_fresh=Nones e2e=Nones streamed_lat 5->7s lag 118044->1001253
  [quotes_daily]  37.39s type=Manual child_fresh=46s e2e=51s streamed_lat 7->5s lag 913138->0
  [quotes_typed]  32.21s type=Manual child_fresh=Nones e2e=Nones streamed_lat 7->4s lag 3702636->58182
  [lag] 2026-08-13T11:23:56Z raw=66595805464 behind=4s lag_rows=456959
  [quotes_typed]  33.48s type=Manual child_fresh=Nones e2e=Nones streamed_lat 4->6s lag 445294->1472344
  [quotes_daily]  37.83s type=Manual child_fresh=48s e2e=52s streamed_lat 4->4s lag 42029->0
  [lag] 2026-08-13T11:24:56Z raw=66654786001 behind=5s lag_rows=2048572
  [quotes_typed]  32.42s type=Manual child_fresh=Nones e2e=Nones streamed_lat 5->5s lag 749754->285033
  [quotes_daily]  37.51s type=Manual child_fresh=45s e2e=50s streamed_lat 4->5s lag 722304->0
  [lag] 2026-08-13T11:25:56Z raw=66715204488 behind=4s lag_rows=90891
  [quotes_typed]  32.48s type=Manual child_fresh=Nones e2e=Nones streamed_lat 5->5s lag 220285->2099128
  [quotes_daily]  37.87s type=Manual child_fresh=44s e2e=51s streamed_lat 4->7s lag 0->336800
  [quotes_typed]  32.41s type=Manual child_fresh=Nones e2e=Nones streamed_lat 5->5s lag 860664->0
  [lag] 2026-08-13T11:26:56Z raw=66773785681 behind=5s lag_rows=22851
  [quotes_daily]   6.53s type=Manual child_fresh=17s e2e=22s streamed_lat 5->5s lag 6673->375369
  [quotes_typed]  32.91s type=Manual child_fresh=Nones e2e=Nones streamed_lat 6->4s lag 1125720->0
  [lag] 2026-08-13T11:27:56Z raw=66835151425 behind=5s lag_rows=1314754
  [quotes_typed]  32.41s type=Manual child_fresh=Nones e2e=Nones streamed_lat 5->5s lag 636109->0
  [quotes_daily]  37.72s type=Manual child_fresh=46s e2e=51s streamed_lat 4->5s lag 132598->710374
  [lag] 2026-08-13T11:28:56Z raw=66897828328 behind=5s lag_rows=425192
  [quotes_typed]  32.66s type=Manual child_fresh=Nones e2e=Nones streamed_lat 5->5s lag 2090473->625376
  [quotes_daily]  37.63s type=Manual child_fresh=46s e2e=51s streamed_lat 4->5s lag 83859->0
  [quotes_typed]  32.51s type=Manual child_fresh=Nones e2e=Nones streamed_lat 4->6s lag 0->153345
  [lag] 2026-08-13T11:29:56Z raw=66954267618 behind=6s lag_rows=1648538
  [quotes_typed]  32.62s type=Manual child_fresh=Nones e2e=Nones streamed_lat 7->9s lag 496223->5382183
  [quotes_daily]  38.24s type=Manual child_fresh=48s e2e=55s streamed_lat 5->7s lag 0->1447199
  [lag] 2026-08-13T11:30:56Z raw=67012016392 behind=5s lag_rows=0
  [quotes_typed]  32.51s type=Manual child_fresh=Nones e2e=Nones streamed_lat 7->4s lag 1642560->0
  [quotes_daily]  37.49s type=Manual child_fresh=47s e2e=51s streamed_lat 5->4s lag 136445->0
  [lag] 2026-08-13T11:31:56Z raw=67075997353 behind=6s lag_rows=1291579
  [quotes_typed]  33.30s type=Manual child_fresh=Nones e2e=Nones streamed_lat 5->6s lag 0->1552267
  [quotes_daily]  37.74s type=Manual child_fresh=45s e2e=50s streamed_lat 4->5s lag 0->0
  [quotes_typed]  32.56s type=Manual child_fresh=Nones e2e=Nones streamed_lat 4->6s lag 131832->3238089
  [lag] 2026-08-13T11:32:56Z raw=67133702462 behind=7s lag_rows=5632
  [quotes_typed]  32.81s type=Manual child_fresh=Nones e2e=Nones streamed_lat 5->6s lag 104631->0
  [quotes_daily]  38.07s type=Manual child_fresh=50s e2e=57s streamed_lat 5->7s lag 30626->1856221
  [lag] 2026-08-13T11:33:56Z raw=67194724519 behind=5s lag_rows=251047
  [quotes_typed]  32.48s type=Manual child_fresh=Nones e2e=Nones streamed_lat 6->4s lag 0->48456
  [quotes_daily]  37.75s type=Manual child_fresh=45s e2e=49s streamed_lat 8->4s lag 314864->0
  [lag] 2026-08-13T11:34:56Z raw=67254949619 behind=6s lag_rows=546506
  [quotes_typed]  32.44s type=Manual child_fresh=Nones e2e=Nones streamed_lat 5->6s lag 658989->245056
  [quotes_daily]  10.04s type=Manual child_fresh=18s e2e=22s streamed_lat 6->4s lag 39277->0
  [quotes_typed]  32.77s type=Manual child_fresh=Nones e2e=Nones streamed_lat 6->4s lag 1806513->52300
  [lag] 2026-08-13T11:35:56Z raw=67317257734 behind=5s lag_rows=926368
  [quotes_daily]  38.00s type=Manual child_fresh=48s e2e=53s streamed_lat 4->5s lag 254213->959866
  [quotes_typed]  32.45s type=Manual child_fresh=Nones e2e=Nones streamed_lat 4->5s lag 1116188->854883
  [lag] 2026-08-13T11:36:56Z raw=67374902610 behind=5s lag_rows=55171
  [quotes_daily]   9.79s type=Manual child_fresh=17s e2e=21s streamed_lat 5->4s lag 182844->3285
  [quotes_typed]  32.54s type=Manual child_fresh=Nones e2e=Nones streamed_lat 5->5s lag 2196540->302028
  [quotes_typed]   4.21s type=Manual child_fresh=Nones e2e=Nones streamed_lat 7->6s lag 2532101->1695134
  [lag] 2026-08-13T11:37:56Z raw=67435384228 behind=4s lag_rows=52996
  [quotes_daily]   6.75s type=Manual child_fresh=19s e2e=24s streamed_lat 6->5s lag 188602->769950
  [quotes_typed]  32.43s type=Manual child_fresh=Nones e2e=Nones streamed_lat 5->4s lag 1834543->0
  [lag] 2026-08-13T11:38:56Z raw=67495659732 behind=4s lag_rows=50593
  [quotes_typed]  32.43s type=Manual child_fresh=Nones e2e=Nones streamed_lat 5->5s lag 1956300->0
  [quotes_daily]  37.64s type=Manual child_fresh=49s e2e=56s streamed_lat 4->7s lag 49551->4159188
  [lag] 2026-08-13T11:39:56Z raw=67551755969 behind=8s lag_rows=4085157
  [quotes_typed]  32.37s type=Manual child_fresh=Nones e2e=Nones streamed_lat 6->5s lag 35516->0
  [quotes_daily]  37.60s type=Manual child_fresh=47s e2e=52s streamed_lat 7->5s lag 1430257->65278
  [quotes_typed]  32.42s type=Manual child_fresh=Nones e2e=Nones streamed_lat 5->4s lag 0->148159
  [lag] 2026-08-13T11:40:56Z raw=67616045169 behind=5s lag_rows=200867
  [quotes_daily]  37.88s type=Manual child_fresh=48s e2e=52s streamed_lat 5->4s lag 59698->0
  [quotes_typed]  32.34s type=Manual child_fresh=Nones e2e=Nones streamed_lat 4->4s lag 0->105364
  [lag] 2026-08-13T11:41:56Z raw=67674817819 behind=5s lag_rows=2015455
  [quotes_typed]  32.90s type=Manual child_fresh=Nones e2e=Nones streamed_lat 4->5s lag 0->916881
  [quotes_daily]  37.62s type=Manual child_fresh=46s e2e=51s streamed_lat 4->5s lag 379883->234169
  [lag] 2026-08-13T11:42:56Z raw=67734886873 behind=5s lag_rows=266998
  [quotes_typed]  32.38s type=Manual child_fresh=Nones e2e=Nones streamed_lat 4->5s lag 0->68483
  [quotes_daily]  37.54s type=Manual child_fresh=44s e2e=48s streamed_lat 6->4s lag 0->0
  [quotes_typed]  32.27s type=Manual child_fresh=Nones e2e=Nones streamed_lat 5->4s lag 66778->0
  [lag] 2026-08-13T11:43:56Z raw=67794987665 behind=6s lag_rows=390586
  [quotes_daily]   6.88s type=Manual child_fresh=17s e2e=22s streamed_lat 5->5s lag 141310->880279
  [quotes_typed]  32.36s type=Manual child_fresh=Nones e2e=Nones streamed_lat 6->4s lag 2549587->122134
  [quotes_typed]   1.56s type=Manual child_fresh=Nones e2e=Nones streamed_lat 4->4s lag 0->0
  [lag] 2026-08-13T11:44:56Z raw=67855517645 behind=4s lag_rows=0
  [quotes_daily]  39.10s type=Manual child_fresh=46s e2e=52s streamed_lat 5->6s lag 0->0
  [quotes_typed]  32.31s type=Manual child_fresh=Nones e2e=Nones streamed_lat 5->8s lag 765277->865273
  [lag] 2026-08-13T11:45:56Z raw=67912018515 behind=8s lag_rows=4894653
  [quotes_typed]  32.60s type=Manual child_fresh=Nones e2e=Nones streamed_lat 8->7s lag 5036376->4288693
  [quotes_daily]  37.64s type=Manual child_fresh=44s e2e=50s streamed_lat 6->6s lag 0->0
  [lag] 2026-08-13T11:46:56Z raw=67974275139 behind=6s lag_rows=1727086
  [quotes_typed]  32.33s type=Manual child_fresh=Nones e2e=Nones streamed_lat 6->5s lag 0->92047
  [quotes_daily]  37.85s type=Manual child_fresh=44s e2e=49s streamed_lat 5->5s lag 0->0
  [quotes_typed]  32.27s type=Manual child_fresh=Nones e2e=Nones streamed_lat 5->4s lag 96828->0
  [lag] 2026-08-13T11:47:56Z raw=68034441313 behind=4s lag_rows=0
  [quotes_typed]  32.60s type=Manual child_fresh=Nones e2e=Nones streamed_lat 5->4s lag 2071308->17318
  [quotes_daily]  38.28s type=Manual child_fresh=53s e2e=58s streamed_lat 5->5s lag 623221->789718
  [lag] 2026-08-13T11:48:56Z raw=68094367272 behind=4s lag_rows=0
  [quotes_typed]  32.46s type=Manual child_fresh=Nones e2e=Nones streamed_lat 4->4s lag 749859->48727
  [quotes_daily]  37.81s type=Manual child_fresh=45s e2e=49s streamed_lat 4->4s lag 0->0
  [lag] 2026-08-13T11:49:56Z raw=68153630101 behind=5s lag_rows=271433
  [quotes_typed]  32.86s type=Manual child_fresh=Nones e2e=Nones streamed_lat 4->5s lag 52813->715656
  [quotes_daily]  37.71s type=Manual child_fresh=45s e2e=50s streamed_lat 5->5s lag 1806420->2646554
  [lag] 2026-08-13T11:50:56Z raw=68214535402 behind=6s lag_rows=177094
  [quotes_typed]  32.50s type=Manual child_fresh=Nones e2e=Nones streamed_lat 4->6s lag 80612->71052
  [quotes_daily]   9.91s type=Manual child_fresh=18s e2e=23s streamed_lat 5->5s lag 1064896->0
  [quotes_typed]  32.44s type=Manual child_fresh=Nones e2e=Nones streamed_lat 5->4s lag 1144192->0
  [lag] 2026-08-13T11:51:56Z raw=68273727263 behind=4s lag_rows=0
  [quotes_typed]  32.79s type=Manual child_fresh=Nones e2e=Nones streamed_lat 4->6s lag 1865116->976508
  [quotes_daily]  38.23s type=Manual child_fresh=47s e2e=52s streamed_lat 5->5s lag 942590->523916
  [quotes_typed]   8.46s type=Manual child_fresh=Nones e2e=Nones streamed_lat 5->6s lag 759086->375347
  [lag] 2026-08-13T11:52:56Z raw=68334880631 behind=6s lag_rows=1181741
  [quotes_daily]  37.94s type=Manual child_fresh=48s e2e=52s streamed_lat 7->4s lag 1120866->885330
  [quotes_typed]  32.22s type=Manual child_fresh=Nones e2e=Nones streamed_lat 5->4s lag 86379->0
  [lag] 2026-08-13T11:53:56Z raw=68399206285 behind=4s lag_rows=82679
  [quotes_typed]  32.69s type=Manual child_fresh=Nones e2e=Nones streamed_lat 4->4s lag 0->0
  [quotes_daily]  37.65s type=Manual child_fresh=45s e2e=50s streamed_lat 4->5s lag 0->75201
  [lag] 2026-08-13T11:54:56Z raw=68452390889 behind=6s lag_rows=0
  [quotes_typed]  32.34s type=Manual child_fresh=Nones e2e=Nones streamed_lat 5->5s lag 2270912->0
  [quotes_daily]  37.73s type=Manual child_fresh=47s e2e=52s streamed_lat 5->5s lag 294011->0
  [lag] 2026-08-13T11:55:56Z raw=68513555338 behind=5s lag_rows=404209
  [quotes_typed]  32.46s type=Manual child_fresh=Nones e2e=Nones streamed_lat 5->5s lag 0->855603
  [quotes_daily]   6.70s type=Manual child_fresh=19s e2e=24s streamed_lat 5->5s lag 702493->1368311
  [quotes_typed]  32.45s type=Manual child_fresh=Nones e2e=Nones streamed_lat 4->4s lag 0->64195
  [lag] 2026-08-13T11:56:56Z raw=68575761542 behind=7s lag_rows=1981615
  [quotes_daily]   7.98s type=Manual child_fresh=18s e2e=24s streamed_lat 5->6s lag 405450->1112011
  [quotes_typed]  33.24s type=Manual child_fresh=Nones e2e=Nones streamed_lat 5->6s lag 0->0
  [lag] 2026-08-13T11:57:56Z raw=68632873968 behind=6s lag_rows=27831
  [quotes_typed]  32.69s type=Manual child_fresh=Nones e2e=Nones streamed_lat 5->5s lag 0->0
  [quotes_daily]  37.83s type=Manual child_fresh=49s e2e=56s streamed_lat 5->7s lag 13625->1292242
  [lag] 2026-08-13T11:58:56Z raw=68694995840 behind=5s lag_rows=0
  [quotes_typed]  32.53s type=Manual child_fresh=Nones e2e=Nones streamed_lat 4->5s lag 0->0
  [quotes_daily]  10.09s type=Manual child_fresh=21s e2e=28s streamed_lat 4->7s lag 0->491608
  [quotes_typed]   2.56s type=Manual child_fresh=Nones e2e=Nones streamed_lat 7->7s lag 2713189->3594734
  [lag] 2026-08-13T11:59:56Z raw=68756551890 behind=5s lag_rows=307088
  [quotes_typed]  32.39s type=Manual child_fresh=Nones e2e=Nones streamed_lat 6->5s lag 3236997->1947363
  [quotes_daily]  38.15s type=Manual child_fresh=48s e2e=55s streamed_lat 5->7s lag 78646->1892276
  [quotes_typed]  32.49s type=Manual child_fresh=Nones e2e=Nones streamed_lat 5->5s lag 265378->427587
  [lag] 2026-08-13T12:00:56Z raw=68813570040 behind=6s lag_rows=3286729
  [quotes_typed]  32.44s type=Manual child_fresh=Nones e2e=Nones streamed_lat 5->4s lag 182851->72896
  [quotes_daily]  38.19s type=Manual child_fresh=48s e2e=52s streamed_lat 4->4s lag 214813->0
  [lag] 2026-08-13T12:01:56Z raw=68875312765 behind=5s lag_rows=480093
  [quotes_typed]  32.57s type=Manual child_fresh=Nones e2e=Nones streamed_lat 5->5s lag 2240707->120356
  [quotes_daily]  38.32s type=Manual child_fresh=45s e2e=50s streamed_lat 5->5s lag 29350->1252809
  [lag] 2026-08-13T12:02:56Z raw=68938158854 behind=4s lag_rows=59111
  [quotes_typed]  32.57s type=Manual child_fresh=Nones e2e=Nones streamed_lat 4->4s lag 0->0
  [quotes_daily]  37.75s type=Manual child_fresh=46s e2e=51s streamed_lat 4->5s lag 375153->0
  [quotes_typed]  32.49s type=Manual child_fresh=Nones e2e=Nones streamed_lat 5->4s lag 0->0
  [lag] 2026-08-13T12:03:56Z raw=68994379698 behind=4s lag_rows=0
  [quotes_typed]  32.75s type=Manual child_fresh=Nones e2e=Nones streamed_lat 4->4s lag 0->1827737
  [quotes_daily]  38.12s type=Manual child_fresh=47s e2e=51s streamed_lat 5->4s lag 815226->63374
  [lag] 2026-08-13T12:04:56Z raw=69053695529 behind=4s lag_rows=0
  [quotes_typed]  32.58s type=Manual child_fresh=Nones e2e=Nones streamed_lat 4->5s lag 137582->0
  [quotes_daily]  37.89s type=Manual child_fresh=46s e2e=51s streamed_lat 5->5s lag 2231335->283426
  [lag] 2026-08-13T12:05:56Z raw=69117126068 behind=5s lag_rows=778257
  [quotes_typed]  32.49s type=Manual child_fresh=Nones e2e=Nones streamed_lat 4->4s lag 446013->0
  [quotes_daily]  21.70s type=Manual child_fresh=29s e2e=33s streamed_lat 5->4s lag 2078294->1131273
  [quotes_typed]  32.17s type=Manual child_fresh=Nones e2e=Nones streamed_lat 5->4s lag 0->0
  [lag] 2026-08-13T12:06:56Z raw=69175441068 behind=4s lag_rows=432996
  [quotes_typed]  32.26s type=Manual child_fresh=Nones e2e=Nones streamed_lat 5->5s lag 666809->2002527
  [quotes_daily]  38.18s type=Manual child_fresh=50s e2e=54s streamed_lat 5->4s lag 760706->0
  [quotes_typed]   1.11s type=Manual child_fresh=Nones e2e=Nones streamed_lat 4->4s lag 285206->0
  [lag] 2026-08-13T12:07:56Z raw=69233466731 behind=4s lag_rows=0
  [quotes_typed]  32.06s type=Manual child_fresh=Nones e2e=Nones streamed_lat 4->5s lag 23929->723343
  [quotes_daily]  38.00s type=Manual child_fresh=53s e2e=59s streamed_lat 4->6s lag 1057627->1116666
  [lag] 2026-08-13T12:08:56Z raw=69296621424 behind=5s lag_rows=99497
  [quotes_typed]   1.25s type=Manual child_fresh=Nones e2e=Nones streamed_lat 5->5s lag 241904->1644477
  [quotes_daily]  37.86s type=Manual child_fresh=45s e2e=49s streamed_lat 5->4s lag 245940->0
  [quotes_daily] WARN: refresh exceeded the 60s cadence by 0.4s; next fires immediately.
  [quotes_typed]  32.29s type=Manual child_fresh=Nones e2e=Nones streamed_lat 5->5s lag 557723->587850
  [lag] 2026-08-13T12:09:56Z raw=69355593198 behind=5s lag_rows=0
  [quotes_typed]  32.24s type=Manual child_fresh=Nones e2e=Nones streamed_lat 5->6s lag 0->1696370
  [quotes_daily]  37.71s type=Manual child_fresh=53s e2e=59s streamed_lat 5->6s lag 2064769->414994
  [lag] 2026-08-13T12:10:56Z raw=69415450686 behind=5s lag_rows=910622
  [quotes_typed]  32.32s type=Manual child_fresh=Nones e2e=Nones streamed_lat 4->6s lag 84822->2102188
  [quotes_daily]  38.01s type=Manual child_fresh=51s e2e=56s streamed_lat 5->5s lag 136426->1375197
  [quotes_typed]   1.23s type=Manual child_fresh=Nones e2e=Nones streamed_lat 5->4s lag 345285->0
  [quotes_typed]   3.90s type=Manual child_fresh=Nones e2e=Nones streamed_lat 5->6s lag 1827309->950951
  [lag] 2026-08-13T12:11:56Z raw=69474870566 behind=5s lag_rows=41361
  [quotes_typed]  32.08s type=Manual child_fresh=Nones e2e=Nones streamed_lat 4->5s lag 0->122724
  [quotes_daily]  37.95s type=Manual child_fresh=51s e2e=56s streamed_lat 6->5s lag 631693->1285239
  [lag] 2026-08-13T12:12:56Z raw=69533549063 behind=5s lag_rows=0
  [quotes_typed]  32.11s type=Manual child_fresh=Nones e2e=Nones streamed_lat 5->5s lag 0->0
  [quotes_daily]  37.83s type=Manual child_fresh=46s e2e=51s streamed_lat 5->5s lag 901436->0
  [lag] 2026-08-13T12:13:56Z raw=69594785897 behind=5s lag_rows=75899
  [quotes_typed]  32.17s type=Manual child_fresh=Nones e2e=Nones streamed_lat 5->4s lag 2076995->32147
  [quotes_daily]  37.88s type=Manual child_fresh=44s e2e=50s streamed_lat 4->6s lag 0->997928
  [quotes_typed]  32.65s type=Manual child_fresh=Nones e2e=Nones streamed_lat 4->5s lag 0->0
  [lag] 2026-08-13T12:14:56Z raw=69654923896 behind=5s lag_rows=907157
  [quotes_daily]  37.81s type=Manual child_fresh=48s e2e=54s streamed_lat 5->6s lag 0->1356056
  [quotes_typed]  32.39s type=Manual child_fresh=Nones e2e=Nones streamed_lat 5->5s lag 0->273586
  [lag] 2026-08-13T12:15:56Z raw=69716814192 behind=5s lag_rows=26476
  [quotes_typed]  32.18s type=Manual child_fresh=Nones e2e=Nones streamed_lat 4->4s lag 1049254->0
  [quotes_daily]  37.98s type=Manual child_fresh=47s e2e=52s streamed_lat 5->5s lag 54442->372878
  [lag] 2026-08-13T12:16:56Z raw=69777191040 behind=4s lag_rows=0
  [quotes_typed]  32.16s type=Manual child_fresh=Nones e2e=Nones streamed_lat 5->4s lag 1300840->0
  [quotes_daily]  37.91s type=Manual child_fresh=47s e2e=52s streamed_lat 5->5s lag 115513->0
  [quotes_typed]  32.39s type=Manual child_fresh=Nones e2e=Nones streamed_lat 5->5s lag 2015780->56769
  [lag] 2026-08-13T12:17:56Z raw=69835604367 behind=5s lag_rows=0
  [quotes_daily]  37.80s type=Manual child_fresh=46s e2e=50s streamed_lat 5->4s lag 0->0
  [quotes_typed]  32.25s type=Manual child_fresh=Nones e2e=Nones streamed_lat 5->6s lag 452369->912282
  [lag] 2026-08-13T12:18:56Z raw=69894314577 behind=4s lag_rows=0
  [quotes_typed]  32.32s type=Manual child_fresh=Nones e2e=Nones streamed_lat 6->6s lag 342975->1682076
  [quotes_daily]  37.70s type=Manual child_fresh=48s e2e=54s streamed_lat 5->6s lag 142327->489922
  [quotes_typed]   2.26s type=Manual child_fresh=Nones e2e=Nones streamed_lat 5->5s lag 160367->485116
  [quotes_typed]   0.97s type=Manual child_fresh=Nones e2e=Nones streamed_lat 4->5s lag 97279->367698
  [lag] 2026-08-13T12:19:56Z raw=69954230773 behind=5s lag_rows=1200772
  [quotes_typed]  32.45s type=Manual child_fresh=Nones e2e=Nones streamed_lat 4->7s lag 0->1436440
  [quotes_daily]  38.71s type=Manual child_fresh=51s e2e=58s streamed_lat 5->7s lag 2171414->371321
  [lag] 2026-08-13T12:20:56Z raw=70015588935 behind=5s lag_rows=97009
  [quotes_typed]  32.25s type=Manual child_fresh=Nones e2e=Nones streamed_lat 7->4s lag 2478836->115294
  [quotes_daily]  37.89s type=Manual child_fresh=48s e2e=52s streamed_lat 5->4s lag 0->0
  [lag] 2026-08-13T12:21:56Z raw=70075064718 behind=6s lag_rows=937254
  [quotes_typed]  32.49s type=Manual child_fresh=Nones e2e=Nones streamed_lat 5->5s lag 753738->0
  [quotes_daily]  37.89s type=Manual child_fresh=44s e2e=49s streamed_lat 4->5s lag 0->0
  [quotes_typed]  16.27s type=Manual child_fresh=Nones e2e=Nones streamed_lat 4->5s lag 0->0
  [lag] 2026-08-13T12:22:56Z raw=70132993820 behind=5s lag_rows=0
  [quotes_typed]  32.41s type=Manual child_fresh=Nones e2e=Nones streamed_lat 7->4s lag 1403799->0
  [quotes_daily]  38.89s type=Manual child_fresh=47s e2e=52s streamed_lat 7->5s lag 2637643->571882
  [quotes_typed]   1.18s type=Manual child_fresh=Nones e2e=Nones streamed_lat 5->5s lag 0->0
  [lag] 2026-08-13T12:23:56Z raw=70192944275 behind=5s lag_rows=0
  [quotes_typed]  32.28s type=Manual child_fresh=Nones e2e=Nones streamed_lat 5->6s lag 516755->2010245
  [quotes_daily]  39.12s type=Manual child_fresh=52s e2e=57s streamed_lat 5->5s lag 149002->230936
  [lag] 2026-08-13T12:24:56Z raw=70253728694 behind=4s lag_rows=0
  [quotes_typed]  32.38s type=Manual child_fresh=Nones e2e=Nones streamed_lat 4->5s lag 798541->48652
  [quotes_daily]  38.53s type=Manual child_fresh=44s e2e=48s streamed_lat 6->4s lag 3025323->0
  [lag] 2026-08-13T12:25:56Z raw=70315197364 behind=5s lag_rows=658965
  [quotes_typed]  32.24s type=Manual child_fresh=Nones e2e=Nones streamed_lat 5->5s lag 0->0
  [quotes_daily]  38.17s type=Manual child_fresh=50s e2e=55s streamed_lat 4->5s lag 50991->84679
  [quotes_typed]  32.27s type=Manual child_fresh=Nones e2e=Nones streamed_lat 5->5s lag 0->202725
  [lag] 2026-08-13T12:26:56Z raw=70374866453 behind=4s lag_rows=1803309
  [quotes_typed]  32.64s type=Manual child_fresh=Nones e2e=Nones streamed_lat 5->7s lag 959559->922035
  [quotes_daily]  38.21s type=Manual child_fresh=57s e2e=61s streamed_lat 5->4s lag 171322->650101
  [quotes_daily] WARN: refresh exceeded the 60s cadence by 1.9s; next fires immediately.
  [lag] 2026-08-13T12:27:56Z raw=70435398980 behind=5s lag_rows=37610
  [quotes_typed]   4.46s type=Manual child_fresh=Nones e2e=Nones streamed_lat 5->5s lag 666409->2149425
  [quotes_daily]  38.21s type=Manual child_fresh=60s e2e=65s streamed_lat 5->5s lag 265702->325977
  [quotes_daily] WARN: refresh exceeded the 60s cadence by 9.5s; next fires immediately.
  [quotes_typed]  32.30s type=Manual child_fresh=Nones e2e=Nones streamed_lat 5->4s lag 865970->154699
  [lag] 2026-08-13T12:28:56Z raw=70502252464 behind=4s lag_rows=0
  [quotes_daily]  38.13s type=Manual child_fresh=50s e2e=54s streamed_lat 4->4s lag 101090->319713
  [quotes_typed]  32.74s type=Manual child_fresh=Nones e2e=Nones streamed_lat 4->4s lag 609680->129411
  [lag] 2026-08-13T12:29:56Z raw=70560004516 behind=5s lag_rows=622564
  [quotes_typed]  32.55s type=Manual child_fresh=Nones e2e=Nones streamed_lat 5->4s lag 0->0
  [quotes_daily]  38.47s type=Manual child_fresh=49s e2e=55s streamed_lat 5->6s lag 235967->1167228
  [lag] 2026-08-13T12:30:56Z raw=70613776218 behind=6s lag_rows=3275778
  [quotes_typed]  32.60s type=Manual child_fresh=Nones e2e=Nones streamed_lat 5->5s lag 439192->0
  [quotes_daily]  38.29s type=Manual child_fresh=49s e2e=54s streamed_lat 5->5s lag 855345->0
  [lag] 2026-08-13T12:31:56Z raw=70673385172 behind=7s lag_rows=2606708
  [quotes_typed]  32.39s type=Manual child_fresh=Nones e2e=Nones streamed_lat 6->4s lag 800335->1233485
  [quotes_daily]  38.55s type=Manual child_fresh=45s e2e=49s streamed_lat 5->4s lag 0->0
  [lag] 2026-08-13T12:32:56Z raw=70734696531 behind=4s lag_rows=0
  [quotes_typed]  32.46s type=Manual child_fresh=Nones e2e=Nones streamed_lat 4->5s lag 174640->1975708
  [quotes_daily]  37.92s type=Manual child_fresh=45s e2e=49s streamed_lat 4->4s lag 0->90925
  [quotes_typed]  32.47s type=Manual child_fresh=Nones e2e=Nones streamed_lat 5->4s lag 773571->0
  [lag] 2026-08-13T12:33:56Z raw=70795325501 behind=4s lag_rows=0
  [quotes_typed]  32.36s type=Manual child_fresh=Nones e2e=Nones streamed_lat 5->4s lag 350153->26279
  [quotes_daily]  38.42s type=Manual child_fresh=46s e2e=51s streamed_lat 5->5s lag 1398692->1388021
  [quotes_typed]   1.27s type=Manual child_fresh=Nones e2e=Nones streamed_lat 4->5s lag 57270->216749
  [lag] 2026-08-13T12:34:56Z raw=70857978401 behind=5s lag_rows=1256337
  [quotes_daily]   7.86s type=Manual child_fresh=16s e2e=20s streamed_lat 4->4s lag 53329->9577
  [quotes_typed]  32.10s type=Manual child_fresh=Nones e2e=Nones streamed_lat 6->4s lag 3023287->170364
  [lag] 2026-08-13T12:35:56Z raw=70914580516 behind=5s lag_rows=2486552
  [quotes_typed]  32.71s type=Manual child_fresh=Nones e2e=Nones streamed_lat 4->5s lag 0->2251547
  [quotes_daily]  38.40s type=Manual child_fresh=46s e2e=51s streamed_lat 5->5s lag 2406966->789820
  [lag] 2026-08-13T12:36:56Z raw=70973236090 behind=4s lag_rows=0
  [quotes_typed]  32.73s type=Manual child_fresh=Nones e2e=Nones streamed_lat 4->5s lag 0->2234940
  [quotes_daily]  38.06s type=Manual child_fresh=46s e2e=52s streamed_lat 5->6s lag 1898097->669862
  [lag] 2026-08-13T12:37:56Z raw=71035085117 behind=6s lag_rows=2801840
  [quotes_typed]  32.44s type=Manual child_fresh=Nones e2e=Nones streamed_lat 4->6s lag 138637->1351947
  [quotes_typed]  32.68s type=Manual child_fresh=Nones e2e=Nones streamed_lat 5->5s lag 0->462583
  [quotes_daily]  38.99s type=Manual child_fresh=52s e2e=57s streamed_lat 5->5s lag 25526->54088
  [lag] 2026-08-13T12:38:56Z raw=71095046895 behind=5s lag_rows=125265
  [quotes_typed]  32.50s type=Manual child_fresh=Nones e2e=Nones streamed_lat 4->5s lag 0->103572
  [quotes_daily]  38.31s type=Manual child_fresh=44s e2e=49s streamed_lat 4->5s lag 0->1386187
  [lag] 2026-08-13T12:39:56Z raw=71153524894 behind=5s lag_rows=0
  [quotes_typed]  16.33s type=Manual child_fresh=Nones e2e=Nones streamed_lat 5->6s lag 2093->2136118
  [quotes_daily]  10.02s type=Manual child_fresh=17s e2e=21s streamed_lat 5->4s lag 0->0
  [quotes_typed]  32.38s type=Manual child_fresh=Nones e2e=Nones streamed_lat 5->4s lag 271523->0
  [lag] 2026-08-13T12:40:56Z raw=71214814652 behind=7s lag_rows=1248769
  [quotes_typed]  32.16s type=Manual child_fresh=Nones e2e=Nones streamed_lat 7->4s lag 2636537->465785
  [quotes_daily]  38.32s type=Manual child_fresh=46s e2e=51s streamed_lat 6->5s lag 2059341->0
  [quotes_typed]   1.20s type=Manual child_fresh=Nones e2e=Nones streamed_lat 4->6s lag 0->467124
  [lag] 2026-08-13T12:41:56Z raw=71276425282 behind=4s lag_rows=202022
  [quotes_typed]  32.07s type=Manual child_fresh=Nones e2e=Nones streamed_lat 5->5s lag 753713->0
  [quotes_daily]  38.20s type=Manual child_fresh=47s e2e=52s streamed_lat 4->5s lag 98551->54195
  [lag] 2026-08-13T12:42:56Z raw=71334700666 behind=4s lag_rows=105076
  [quotes_typed]  32.44s type=Manual child_fresh=Nones e2e=Nones streamed_lat 4->4s lag 0->0
  [quotes_daily]  22.22s type=Manual child_fresh=29s e2e=33s streamed_lat 5->4s lag 0->0
  [lag] 2026-08-13T12:43:56Z raw=71398303987 behind=4s lag_rows=0
  [quotes_typed]  32.49s type=Manual child_fresh=Nones e2e=Nones streamed_lat 5->5s lag 2057788->1407397
  [quotes_typed]  32.82s type=Manual child_fresh=Nones e2e=Nones streamed_lat 4->5s lag 30489->123569
  [quotes_daily]  38.40s type=Manual child_fresh=47s e2e=51s streamed_lat 4->4s lag 0->341772
  [lag] 2026-08-13T12:44:56Z raw=71454008308 behind=4s lag_rows=0
  [quotes_typed]  32.55s type=Manual child_fresh=Nones e2e=Nones streamed_lat 5->5s lag 458115->42179
  [quotes_daily]  38.44s type=Manual child_fresh=47s e2e=51s streamed_lat 4->4s lag 0->48455
  [lag] 2026-08-13T12:45:56Z raw=71513677947 behind=4s lag_rows=0
  [quotes_typed]  32.52s type=Manual child_fresh=Nones e2e=Nones streamed_lat 4->5s lag 484621->257048
  [quotes_daily]  38.17s type=Manual child_fresh=46s e2e=50s streamed_lat 5->4s lag 1949694->0
  [lag] 2026-08-13T12:46:56Z raw=71574537567 behind=6s lag_rows=1578496
  [quotes_typed]  32.36s type=Manual child_fresh=Nones e2e=Nones streamed_lat 4->4s lag 0->0
  [quotes_daily]  38.04s type=Manual child_fresh=49s e2e=54s streamed_lat 5->5s lag 103590->70423
  [quotes_typed]  32.46s type=Manual child_fresh=Nones e2e=Nones streamed_lat 5->4s lag 2318283->0
  [lag] 2026-08-13T12:47:56Z raw=71639211134 behind=5s lag_rows=819573
  [quotes_typed]  32.19s type=Manual child_fresh=Nones e2e=Nones streamed_lat 5->4s lag 2196601->0
  [quotes_daily]  38.66s type=Manual child_fresh=45s e2e=49s streamed_lat 4->4s lag 0->0
  [lag] 2026-08-13T12:48:56Z raw=71694825138 behind=5s lag_rows=2082931
  [quotes_typed]  32.28s type=Manual child_fresh=Nones e2e=Nones streamed_lat 4->4s lag 0->0
  [quotes_daily]  22.31s type=Manual child_fresh=32s e2e=39s streamed_lat 5->7s lag 130207->2707385
  [quotes_typed]   2.32s type=Manual child_fresh=Nones e2e=Nones streamed_lat 5->7s lag 1102573->1558615
  [quotes_typed]   8.06s type=Manual child_fresh=Nones e2e=Nones streamed_lat 5->5s lag 205243->1755064
  [lag] 2026-08-13T12:49:56Z raw=71756678824 behind=4s lag_rows=626161
  [quotes_typed]  32.91s type=Manual child_fresh=Nones e2e=Nones streamed_lat 4->5s lag 82780->0
  [quotes_daily]  38.37s type=Manual child_fresh=45s e2e=50s streamed_lat 4->5s lag 1989649->434074
  [lag] 2026-08-13T12:50:56Z raw=71810812763 behind=6s lag_rows=0
  [quotes_typed]  32.41s type=Manual child_fresh=Nones e2e=Nones streamed_lat 5->5s lag 0->70438
  [quotes_daily]  38.43s type=Manual child_fresh=57s e2e=61s streamed_lat 6->4s lag 57841->44682
  [lag] 2026-08-13T12:51:56Z raw=71877404529 behind=5s lag_rows=597494
  [quotes_typed]  32.41s type=Manual child_fresh=Nones e2e=Nones streamed_lat 4->5s lag 45419->43252
  [quotes_daily]  38.33s type=Manual child_fresh=49s e2e=54s streamed_lat 4->5s lag 0->2232234
  [lag] 2026-08-13T12:52:56Z raw=71935953543 behind=5s lag_rows=2210262
  [quotes_typed]  32.50s type=Manual child_fresh=Nones e2e=Nones streamed_lat 5->4s lag 127531->0
  [quotes_daily]  38.43s type=Manual child_fresh=46s e2e=50s streamed_lat 5->4s lag 848257->0
  [lag] 2026-08-13T12:53:56Z raw=71995638518 behind=5s lag_rows=325065
  [quotes_typed]  32.87s type=Manual child_fresh=Nones e2e=Nones streamed_lat 4->5s lag 0->1855015
  [quotes_daily]  10.14s type=Manual child_fresh=18s e2e=22s streamed_lat 5->4s lag 84038->0
  [quotes_typed]  32.65s type=Manual child_fresh=Nones e2e=Nones streamed_lat 4->5s lag 208773->780084
  [lag] 2026-08-13T12:54:56Z raw=72055059137 behind=5s lag_rows=934729
  [quotes_typed]   2.35s type=Manual child_fresh=Nones e2e=Nones streamed_lat 4->5s lag 225663->95778
  [quotes_daily]  38.23s type=Manual child_fresh=46s e2e=51s streamed_lat 4->5s lag 0->83172
  [quotes_typed]  32.26s type=Manual child_fresh=Nones e2e=Nones streamed_lat 5->4s lag 2181814->0
  [lag] 2026-08-13T12:55:56Z raw=72115768230 behind=6s lag_rows=139071
  [quotes_typed]  32.33s type=Manual child_fresh=Nones e2e=Nones streamed_lat 6->4s lag 1870154->0
  [quotes_daily]  38.28s type=Manual child_fresh=45s e2e=50s streamed_lat 5->5s lag 0->2012209
  [lag] 2026-08-13T12:56:56Z raw=72174957561 behind=5s lag_rows=1582007
  [quotes_typed]  33.21s type=Manual child_fresh=Nones e2e=Nones streamed_lat 5->6s lag 0->0
  [quotes_daily]  38.05s type=Manual child_fresh=47s e2e=51s streamed_lat 5->4s lag 886756->798069
  [lag] 2026-08-13T12:57:56Z raw=72233019741 behind=4s lag_rows=0
  [quotes_typed]  32.39s type=Manual child_fresh=Nones e2e=Nones streamed_lat 6->4s lag 1119439->0
  [quotes_daily]  38.17s type=Manual child_fresh=45s e2e=49s streamed_lat 5->4s lag 344997->42153
  [quotes_typed]  32.54s type=Manual child_fresh=Nones e2e=Nones streamed_lat 4->5s lag 467761->2073753
  [lag] 2026-08-13T12:58:56Z raw=72296043406 behind=5s lag_rows=193848
  [quotes_typed]  32.66s type=Manual child_fresh=Nones e2e=Nones streamed_lat 5->4s lag 294619->519628
  [quotes_daily]  38.54s type=Manual child_fresh=49s e2e=53s streamed_lat 5->4s lag 345813->0
  [lag] 2026-08-13T12:59:56Z raw=72357552648 behind=4s lag_rows=116319
  [quotes_typed]   4.67s type=Manual child_fresh=Nones e2e=Nones streamed_lat 4->4s lag 0->0
  [quotes_typed]  32.36s type=Manual child_fresh=Nones e2e=Nones streamed_lat 4->5s lag 0->113998
  [quotes_daily]  39.34s type=Manual child_fresh=49s e2e=54s streamed_lat 4->5s lag 0->0
  [lag] 2026-08-13T13:00:56Z raw=72415471311 behind=5s lag_rows=812857
  [quotes_typed]   8.44s type=Manual child_fresh=Nones e2e=Nones streamed_lat 6->4s lag 218839->0
  [quotes_daily]  38.17s type=Manual child_fresh=47s e2e=51s streamed_lat 5->4s lag 1189019->2122288
  [quotes_typed]  32.18s type=Manual child_fresh=Nones e2e=Nones streamed_lat 4->4s lag 0->0
  [lag] 2026-08-13T13:01:56Z raw=72476819535 behind=4s lag_rows=22541
  [quotes_typed]   2.38s type=Manual child_fresh=Nones e2e=Nones streamed_lat 4->4s lag 230846->166398
  [quotes_typed]  32.06s type=Manual child_fresh=Nones e2e=Nones streamed_lat 4->4s lag 0->173584
  [quotes_daily]  39.01s type=Manual child_fresh=56s e2e=60s streamed_lat 4->4s lag 149981->0
  [quotes_daily] WARN: refresh exceeded the 60s cadence by 1.3s; next fires immediately.
  [lag] 2026-08-13T13:02:56Z raw=72537686414 behind=4s lag_rows=483547
  [quotes_typed]  32.76s type=Manual child_fresh=Nones e2e=Nones streamed_lat 5->4s lag 334077->35827
  [quotes_daily]  38.47s type=Manual child_fresh=46s e2e=52s streamed_lat 5->6s lag 217740->1054528
  [quotes_typed]   4.39s type=Manual child_fresh=Nones e2e=Nones streamed_lat 4->4s lag 0->0
  [lag] 2026-08-13T13:03:56Z raw=72600370470 behind=5s lag_rows=388277
  [quotes_daily]   7.19s type=Manual child_fresh=16s e2e=20s streamed_lat 4->4s lag 24870->0
  [quotes_typed]   7.96s type=Manual child_fresh=Nones e2e=Nones streamed_lat 4->5s lag 73274->0
  [lag] 2026-08-13T13:04:56Z raw=72655125236 behind=4s lag_rows=31642
  [quotes_typed]  32.07s type=Manual child_fresh=Nones e2e=Nones streamed_lat 5->4s lag 2135372->0
  [quotes_daily]   8.90s type=Manual child_fresh=18s e2e=23s streamed_lat 5->5s lag 1424693->883737
  [quotes_typed]   8.36s type=Manual child_fresh=Nones e2e=Nones streamed_lat 5->5s lag 0->51772
  [lag] 2026-08-13T13:05:56Z raw=72714724611 behind=5s lag_rows=2180639
  [quotes_typed]  32.06s type=Manual child_fresh=Nones e2e=Nones streamed_lat 5->5s lag 0->51683
  [quotes_daily]  38.44s type=Manual child_fresh=45s e2e=49s streamed_lat 4->4s lag 0->0
  [quotes_typed]  32.26s type=Manual child_fresh=Nones e2e=Nones streamed_lat 4->5s lag 0->826776
  [lag] 2026-08-13T13:06:56Z raw=72776592450 behind=5s lag_rows=519120
  [quotes_typed]  32.44s type=Manual child_fresh=Nones e2e=Nones streamed_lat 4->4s lag 58541->0
  [quotes_daily]  38.49s type=Manual child_fresh=51s e2e=55s streamed_lat 4->4s lag 31924->0
  [lag] 2026-08-13T13:07:56Z raw=72836062325 behind=5s lag_rows=403747
  [quotes_typed]   5.23s type=Manual child_fresh=Nones e2e=Nones streamed_lat 4->5s lag 0->1015381
  [quotes_typed]  32.40s type=Manual child_fresh=Nones e2e=Nones streamed_lat 5->4s lag 550343->647403
  [quotes_daily]  38.29s type=Manual child_fresh=55s e2e=59s streamed_lat 5->4s lag 1881584->270235
  [lag] 2026-08-13T13:08:56Z raw=72901306856 behind=5s lag_rows=530578
  [quotes_typed]  32.54s type=Manual child_fresh=Nones e2e=Nones streamed_lat 5->4s lag 586173->0
  [quotes_daily]  38.62s type=Manual child_fresh=49s e2e=53s streamed_lat 4->4s lag 32403->0
  [lag] 2026-08-13T13:09:56Z raw=72956879063 behind=5s lag_rows=721142
  [quotes_typed]  32.27s type=Manual child_fresh=Nones e2e=Nones streamed_lat 5->5s lag 875469->0
  [quotes_daily]  38.20s type=Manual child_fresh=45s e2e=49s streamed_lat 7->4s lag 3442153->0
  [lag] 2026-08-13T13:10:56Z raw=73015317872 behind=5s lag_rows=656632
  [quotes_typed]  32.22s type=Manual child_fresh=Nones e2e=Nones streamed_lat 5->4s lag 1998402->564269
  [quotes_daily]  10.28s type=Manual child_fresh=17s e2e=23s streamed_lat 4->6s lag 0->3561093
  [quotes_typed]  32.13s type=Manual child_fresh=Nones e2e=Nones streamed_lat 7->4s lag 2633140->37763
  [lag] 2026-08-13T13:11:56Z raw=73078017416 behind=5s lag_rows=541999
  [quotes_typed]   1.12s type=Manual child_fresh=Nones e2e=Nones streamed_lat 5->5s lag 1230148->0
  [quotes_daily]   7.05s type=Manual child_fresh=17s e2e=24s streamed_lat 4->7s lag 0->4209577
  [quotes_typed]   9.23s type=Manual child_fresh=Nones e2e=Nones streamed_lat 6->6s lag 1367990->1633212
  [lag] 2026-08-13T13:12:56Z raw=73135238727 behind=5s lag_rows=909922
  [quotes_typed]  32.15s type=Manual child_fresh=Nones e2e=Nones streamed_lat 6->5s lag 164546->59968
  [quotes_daily]  38.20s type=Manual child_fresh=44s e2e=49s streamed_lat 4->5s lag 0->59686
  [lag] 2026-08-13T13:13:56Z raw=73196127394 behind=6s lag_rows=338024
  [quotes_typed]  32.31s type=Manual child_fresh=Nones e2e=Nones streamed_lat 6->6s lag 801243->0
  [quotes_daily]  10.36s type=Manual child_fresh=20s e2e=26s streamed_lat 5->6s lag 281621->3236337
  [quotes_typed]  32.40s type=Manual child_fresh=Nones e2e=Nones streamed_lat 5->4s lag 0->0
  [lag] 2026-08-13T13:14:56Z raw=73255428641 behind=4s lag_rows=455758
  [quotes_typed]  32.23s type=Manual child_fresh=Nones e2e=Nones streamed_lat 4->5s lag 0->682539
  [quotes_daily]  38.40s type=Manual child_fresh=47s e2e=51s streamed_lat 4->4s lag 41329->48637
  [lag] 2026-08-13T13:15:56Z raw=73313745149 behind=5s lag_rows=59443
  [quotes_typed]  32.75s type=Manual child_fresh=Nones e2e=Nones streamed_lat 4->5s lag 43138->0
  [quotes_daily]  38.65s type=Manual child_fresh=45s e2e=50s streamed_lat 5->5s lag 0->759377
  [lag] 2026-08-13T13:16:56Z raw=73374515400 behind=6s lag_rows=1270142
  [quotes_typed]  32.18s type=Manual child_fresh=Nones e2e=Nones streamed_lat 4->6s lag 0->1207937
  [quotes_typed]  32.21s type=Manual child_fresh=Nones e2e=Nones streamed_lat 4->4s lag 1456950->163111
  [quotes_daily]  38.69s type=Manual child_fresh=48s e2e=52s streamed_lat 4->4s lag 717169->0
  [lag] 2026-08-13T13:17:56Z raw=73435721048 behind=4s lag_rows=26189
  [quotes_typed]  32.45s type=Manual child_fresh=Nones e2e=Nones streamed_lat 4->6s lag 218525->1445363
  [quotes_daily]  38.74s type=Manual child_fresh=45s e2e=49s streamed_lat 4->4s lag 0->0
  [lag] 2026-08-13T13:18:56Z raw=73494855005 behind=6s lag_rows=111100
  [quotes_typed]  32.11s type=Manual child_fresh=Nones e2e=Nones streamed_lat 5->5s lag 85615->0
  [quotes_daily]  38.15s type=Manual child_fresh=46s e2e=51s streamed_lat 5->5s lag 1991988->2160237
  [quotes_typed]  32.27s type=Manual child_fresh=Nones e2e=Nones streamed_lat 5->4s lag 995150->0
  [lag] 2026-08-13T13:19:56Z raw=73556022927 behind=6s lag_rows=467337
  [quotes_typed]   1.12s type=Manual child_fresh=Nones e2e=Nones streamed_lat 5->5s lag 666->0
  [quotes_daily]  39.25s type=Manual child_fresh=51s e2e=56s streamed_lat 7->5s lag 2152156->0
  [quotes_typed]  32.09s type=Manual child_fresh=Nones e2e=Nones streamed_lat 5->5s lag 0->1692290
  [lag] 2026-08-13T13:20:56Z raw=73616047855 behind=5s lag_rows=845672
  [quotes_typed]   2.23s type=Manual child_fresh=Nones e2e=Nones streamed_lat 4->4s lag 73706->53668
  [quotes_daily]  38.58s type=Manual child_fresh=51s e2e=56s streamed_lat 5->5s lag 147575->378955
  [quotes_typed]  32.22s type=Manual child_fresh=Nones e2e=Nones streamed_lat 4->6s lag 0->3095765
  [lag] 2026-08-13T13:21:56Z raw=73677750482 behind=5s lag_rows=1458171
  [quotes_typed]  32.40s type=Manual child_fresh=Nones e2e=Nones streamed_lat 4->7s lag 0->1483206
  [quotes_daily]  38.42s type=Manual child_fresh=45s e2e=51s streamed_lat 4->6s lag 0->3187918
  [lag] 2026-08-13T13:22:56Z raw=73735076778 behind=5s lag_rows=1358441
  [quotes_typed]  32.27s type=Manual child_fresh=Nones e2e=Nones streamed_lat 6->6s lag 2952162->982720
  [quotes_daily]  38.33s type=Manual child_fresh=51s e2e=55s streamed_lat 5->4s lag 0->47078
  [quotes_typed]  16.38s type=Manual child_fresh=Nones e2e=Nones streamed_lat 7->4s lag 4225114->850216
  [lag] 2026-08-13T13:23:56Z raw=73795596755 behind=5s lag_rows=0
  [quotes_typed]  32.15s type=Manual child_fresh=Nones e2e=Nones streamed_lat 5->5s lag 152225->72771
  [quotes_daily]  38.81s type=Manual child_fresh=46s e2e=51s streamed_lat 5->5s lag 0->99526
  [lag] 2026-08-13T13:24:56Z raw=73855294884 behind=6s lag_rows=481021
  [quotes_typed]  32.29s type=Manual child_fresh=Nones e2e=Nones streamed_lat 6->5s lag 199719->52734
  [quotes_daily]  38.52s type=Manual child_fresh=46s e2e=51s streamed_lat 5->5s lag 378704->0
  [lag] 2026-08-13T13:25:56Z raw=73913544731 behind=7s lag_rows=3092092
  [quotes_typed]  32.97s type=Manual child_fresh=Nones e2e=Nones streamed_lat 4->6s lag 0->3215518
  [quotes_daily]  38.33s type=Manual child_fresh=47s e2e=52s streamed_lat 7->5s lag 1901818->0
  [quotes_typed]  32.24s type=Manual child_fresh=Nones e2e=Nones streamed_lat 5->4s lag 0->0
  [lag] 2026-08-13T13:26:56Z raw=73976066317 behind=5s lag_rows=860998
  [quotes_typed]   2.34s type=Manual child_fresh=Nones e2e=Nones streamed_lat 4->6s lag 0->1542707
  [quotes_typed]  32.01s type=Manual child_fresh=Nones e2e=Nones streamed_lat 6->5s lag 1768413->0
  [quotes_daily]  38.54s type=Manual child_fresh=52s e2e=57s streamed_lat 6->5s lag 375302->0
  [lag] 2026-08-13T13:27:56Z raw=74036226988 behind=5s lag_rows=703719
  [quotes_typed]   1.14s type=Manual child_fresh=Nones e2e=Nones streamed_lat 4->6s lag 105039->3133818
  [quotes_daily]  38.49s type=Manual child_fresh=46s e2e=51s streamed_lat 7->5s lag 3986109->270677
  [quotes_typed]  31.96s type=Manual child_fresh=Nones e2e=Nones streamed_lat 4->5s lag 106359->110643
  [lag] 2026-08-13T13:28:56Z raw=74092731441 behind=7s lag_rows=3927097
  [quotes_typed]  32.26s type=Manual child_fresh=Nones e2e=Nones streamed_lat 6->6s lag 331851->1699425
  [quotes_daily]  38.58s type=Manual child_fresh=46s e2e=52s streamed_lat 8->6s lag 4439941->3096243
  [lag] 2026-08-13T13:29:56Z raw=74152389238 behind=5s lag_rows=0
  [quotes_typed]  32.62s type=Manual child_fresh=Nones e2e=Nones streamed_lat 6->5s lag 470422->659471
  [quotes_daily]  38.73s type=Manual child_fresh=47s e2e=52s streamed_lat 6->5s lag 2692753->0
  [lag] 2026-08-13T13:30:56Z raw=74214856734 behind=4s lag_rows=1962946
  [quotes_typed]  32.46s type=Manual child_fresh=Nones e2e=Nones streamed_lat 5->5s lag 200749->1189858
  [quotes_typed]  32.58s type=Manual child_fresh=Nones e2e=Nones streamed_lat 6->5s lag 309056->140099
  [quotes_daily]  38.89s type=Manual child_fresh=54s e2e=60s streamed_lat 5->6s lag 356046->1674959
  [lag] 2026-08-13T13:31:56Z raw=74276641511 behind=6s lag_rows=1149333
  [quotes_typed]  32.27s type=Manual child_fresh=Nones e2e=Nones streamed_lat 5->5s lag 0->252837
  [quotes_daily]  38.88s type=Manual child_fresh=48s e2e=53s streamed_lat 6->5s lag 2998776->77492
  [lag] 2026-08-13T13:32:56Z raw=74333709774 behind=6s lag_rows=2697385
  [quotes_typed]  32.28s type=Manual child_fresh=Nones e2e=Nones streamed_lat 4->6s lag 0->1222439
  [quotes_daily]  38.46s type=Manual child_fresh=48s e2e=53s streamed_lat 5->5s lag 171450->0
  [lag] 2026-08-13T13:33:56Z raw=74393518989 behind=5s lag_rows=0
  [quotes_typed]  32.49s type=Manual child_fresh=Nones e2e=Nones streamed_lat 4->6s lag 0->0
  [quotes_daily]  38.55s type=Manual child_fresh=48s e2e=53s streamed_lat 6->5s lag 1642922->1384357
  [quotes_typed]  32.36s type=Manual child_fresh=Nones e2e=Nones streamed_lat 5->4s lag 0->0
  [lag] 2026-08-13T13:34:56Z raw=74456026355 behind=6s lag_rows=659761
  [quotes_typed]  32.89s type=Manual child_fresh=Nones e2e=Nones streamed_lat 6->6s lag 245758->60437
  [quotes_daily]  38.64s type=Manual child_fresh=53s e2e=58s streamed_lat 6->5s lag 429017->47037
  [lag] 2026-08-13T13:35:56Z raw=74514432475 behind=6s lag_rows=1758252
  [quotes_typed]  32.75s type=Manual child_fresh=Nones e2e=Nones streamed_lat 5->4s lag 293977->0
  [quotes_daily]  38.30s type=Manual child_fresh=42s e2e=49s streamed_lat 5->7s lag 0->49158
  [lag] 2026-08-13T13:36:56Z raw=74574131128 behind=5s lag_rows=1134525
  [quotes_typed]  32.43s type=Manual child_fresh=Nones e2e=Nones streamed_lat 6->6s lag 196641->709381
  [quotes_daily]  38.64s type=Manual child_fresh=49s e2e=54s streamed_lat 4->5s lag 62420->931155
  [lag] 2026-08-13T13:37:56Z raw=74636312647 behind=5s lag_rows=1434847
  [quotes_typed]  32.35s type=Manual child_fresh=Nones e2e=Nones streamed_lat 5->5s lag 101702->287121
  [quotes_typed]  32.67s type=Manual child_fresh=Nones e2e=Nones streamed_lat 5->6s lag 0->434505
  [quotes_daily]  38.91s type=Manual child_fresh=50s e2e=55s streamed_lat 7->5s lag 3282573->0
  [lag] 2026-08-13T13:38:56Z raw=74693737590 behind=6s lag_rows=3164089
  [quotes_typed]  32.48s type=Manual child_fresh=Nones e2e=Nones streamed_lat 6->6s lag 2703813->270080
  [quotes_daily]  38.39s type=Manual child_fresh=47s e2e=54s streamed_lat 5->7s lag 455897->4487585
  [lag] 2026-08-13T13:39:56Z raw=74753399918 behind=8s lag_rows=1516320
  [quotes_typed]  32.39s type=Manual child_fresh=Nones e2e=Nones streamed_lat 8->5s lag 483238->15458
  [quotes_daily]  38.36s type=Manual child_fresh=48s e2e=53s streamed_lat 6->5s lag 920604->0
  [lag] 2026-08-13T13:40:56Z raw=74810783593 behind=9s lag_rows=6055636
  [quotes_typed]  32.58s type=Manual child_fresh=Nones e2e=Nones streamed_lat 5->8s lag 0->4612721
  [quotes_typed]  32.78s type=Manual child_fresh=Nones e2e=Nones streamed_lat 6->5s lag 0->0
  [quotes_daily]  38.92s type=Manual child_fresh=55s e2e=61s streamed_lat 8->6s lag 3953916->0
  [lag] 2026-08-13T13:41:56Z raw=74876012607 behind=6s lag_rows=190521
  [quotes_typed]  32.28s type=Manual child_fresh=Nones e2e=Nones streamed_lat 7->7s lag 1583886->245083
  [quotes_daily]  38.26s type=Manual child_fresh=47s e2e=53s streamed_lat 5->6s lag 378155->982469
  [lag] 2026-08-13T13:42:56Z raw=74934157826 behind=7s lag_rows=2383451
  [quotes_typed]  32.62s type=Manual child_fresh=Nones e2e=Nones streamed_lat 7->5s lag 802252->39689
  [quotes_daily]  38.64s type=Manual child_fresh=48s e2e=55s streamed_lat 5->7s lag 432067->190701
  [lag] 2026-08-13T13:43:56Z raw=74991893117 behind=6s lag_rows=0
  [quotes_typed]  32.39s type=Manual child_fresh=Nones e2e=Nones streamed_lat 5->7s lag 0->3292566
  [quotes_daily]  38.59s type=Manual child_fresh=47s e2e=54s streamed_lat 7->7s lag 4436850->193910
  [quotes_typed]  32.31s type=Manual child_fresh=Nones e2e=Nones streamed_lat 8->7s lag 2697176->1692980
  [lag] 2026-08-13T13:44:56Z raw=75053815666 behind=6s lag_rows=299742
  [quotes_typed]  32.48s type=Manual child_fresh=Nones e2e=Nones streamed_lat 6->7s lag 0->66766
  [quotes_daily]  38.56s type=Manual child_fresh=48s e2e=57s streamed_lat 6->9s lag 0->2288963
  [quotes_typed]   4.19s type=Manual child_fresh=Nones e2e=Nones streamed_lat 6->6s lag 331628->0
  [lag] 2026-08-13T13:45:56Z raw=75115028600 behind=6s lag_rows=28284
  [quotes_typed]  32.10s type=Manual child_fresh=Nones e2e=Nones streamed_lat 6->4s lag 0->0
  [quotes_daily]  38.45s type=Manual child_fresh=49s e2e=56s streamed_lat 6->7s lag 1210289->238339
  [lag] 2026-08-13T13:46:56Z raw=75171970805 behind=6s lag_rows=0
  [quotes_typed]  32.31s type=Manual child_fresh=Nones e2e=Nones streamed_lat 4->4s lag 0->0
  [quotes_daily]  38.36s type=Manual child_fresh=46s e2e=50s streamed_lat 6->4s lag 352074->0
  [lag] 2026-08-13T13:47:56Z raw=75234624890 behind=5s lag_rows=1996596
  [quotes_typed]  32.79s type=Manual child_fresh=Nones e2e=Nones streamed_lat 6->4s lag 55349->60319
  [quotes_typed]  32.26s type=Manual child_fresh=Nones e2e=Nones streamed_lat 4->5s lag 74801->0
  [quotes_daily]  38.43s type=Manual child_fresh=48s e2e=55s streamed_lat 5->7s lag 817473->1554095
  [lag] 2026-08-13T13:48:56Z raw=75295684452 behind=5s lag_rows=955273
  [quotes_typed]  32.26s type=Manual child_fresh=Nones e2e=Nones streamed_lat 6->4s lag 1176956->45882
  [quotes_daily]  38.43s type=Manual child_fresh=47s e2e=52s streamed_lat 4->5s lag 517938->0
  [lag] 2026-08-13T13:49:56Z raw=75353679222 behind=5s lag_rows=0
  [quotes_typed]  32.56s type=Manual child_fresh=Nones e2e=Nones streamed_lat 6->5s lag 566891->365112
  [quotes_daily]  38.41s type=Manual child_fresh=49s e2e=54s streamed_lat 5->5s lag 21681->1320400
  [lag] 2026-08-13T13:50:56Z raw=75414844251 behind=4s lag_rows=0
  [quotes_typed]  32.73s type=Manual child_fresh=Nones e2e=Nones streamed_lat 4->5s lag 982501->269721
  [quotes_daily]  14.50s type=Manual child_fresh=22s e2e=26s streamed_lat 5->4s lag 1805807->0
  [quotes_typed]  32.56s type=Manual child_fresh=Nones e2e=Nones streamed_lat 4->4s lag 0->0
  [lag] 2026-08-13T13:51:56Z raw=75474789447 behind=4s lag_rows=104219
  [quotes_typed]  32.48s type=Manual child_fresh=Nones e2e=Nones streamed_lat 5->5s lag 1308100->718170
  [quotes_daily]  38.76s type=Manual child_fresh=46s e2e=51s streamed_lat 5->5s lag 2036938->0
  [lag] 2026-08-13T13:52:56Z raw=75534409872 behind=6s lag_rows=628142
  [quotes_typed]  32.54s type=Manual child_fresh=Nones e2e=Nones streamed_lat 6->7s lag 1704938->4229417
  [quotes_daily]  38.56s type=Manual child_fresh=49s e2e=55s streamed_lat 5->6s lag 40685->2988305
  [lag] 2026-08-13T13:53:56Z raw=75596108058 behind=6s lag_rows=1411805
  [quotes_typed]  32.73s type=Manual child_fresh=Nones e2e=Nones streamed_lat 6->4s lag 2410878->0
  [quotes_typed]  32.70s type=Manual child_fresh=Nones e2e=Nones streamed_lat 4->4s lag 0->28698
  [quotes_daily]  38.99s type=Manual child_fresh=49s e2e=53s streamed_lat 5->4s lag 392543->0
  [lag] 2026-08-13T13:54:56Z raw=75656682063 behind=5s lag_rows=75619
  [quotes_typed]  33.02s type=Manual child_fresh=Nones e2e=Nones streamed_lat 5->4s lag 10467->0
  [quotes_daily]  38.91s type=Manual child_fresh=49s e2e=54s streamed_lat 6->5s lag 2082562->785904
  [lag] 2026-08-13T13:55:56Z raw=75714732990 behind=5s lag_rows=2017667
  [quotes_typed]  32.65s type=Manual child_fresh=Nones e2e=Nones streamed_lat 4->5s lag 174165->2178089
  [quotes_daily]  38.31s type=Manual child_fresh=45s e2e=49s streamed_lat 4->4s lag 0->0
  [lag] 2026-08-13T13:56:56Z raw=75774736190 behind=5s lag_rows=2205341
  [quotes_typed]  32.64s type=Manual child_fresh=Nones e2e=Nones streamed_lat 5->4s lag 570856->132587
  [quotes_daily]  38.65s type=Manual child_fresh=50s e2e=55s streamed_lat 4->5s lag 114851->1480395
  [quotes_typed]  32.55s type=Manual child_fresh=Nones e2e=Nones streamed_lat 4->5s lag 0->905960
  [lag] 2026-08-13T13:57:56Z raw=75833483440 behind=7s lag_rows=3487248
  [quotes_typed]  32.48s type=Manual child_fresh=Nones e2e=Nones streamed_lat 6->5s lag 99845->1667380
  [quotes_daily]  38.74s type=Manual child_fresh=47s e2e=53s streamed_lat 6->6s lag 1842342->1456603
  [lag] 2026-08-13T13:58:56Z raw=75893715282 behind=6s lag_rows=3202014
  [quotes_typed]  32.64s type=Manual child_fresh=Nones e2e=Nones streamed_lat 5->5s lag 0->152590
  [quotes_daily]  38.54s type=Manual child_fresh=51s e2e=55s streamed_lat 6->4s lag 1224587->72189
  [lag] 2026-08-13T13:59:56Z raw=75954666162 behind=5s lag_rows=2182562
  [quotes_typed]  32.40s type=Manual child_fresh=Nones e2e=Nones streamed_lat 4->4s lag 0->2027430
  [quotes_daily]  39.75s type=Manual child_fresh=47s e2e=52s streamed_lat 4->5s lag 0->153841
  [quotes_typed]  32.56s type=Manual child_fresh=Nones e2e=Nones streamed_lat 6->5s lag 925660->1242383
  [lag] 2026-08-13T14:00:56Z raw=76017315843 behind=4s lag_rows=0
  [quotes_typed]   1.35s type=Manual child_fresh=Nones e2e=Nones streamed_lat 4->4s lag 0->31356
  [quotes_typed]  32.34s type=Manual child_fresh=Nones e2e=Nones streamed_lat 5->4s lag 0->0
  [quotes_daily]  39.70s type=Manual child_fresh=56s e2e=63s streamed_lat 5->7s lag 775938->3714210
  [quotes_daily] WARN: refresh exceeded the 60s cadence by 0.1s; next fires immediately.
  [lag] 2026-08-13T14:01:56Z raw=76077821024 behind=6s lag_rows=296378
  [quotes_typed]  32.51s type=Manual child_fresh=Nones e2e=Nones streamed_lat 6->4s lag 632763->2261924
  [quotes_daily]  38.90s type=Manual child_fresh=48s e2e=52s streamed_lat 6->4s lag 3125899->649889
  [lag] 2026-08-13T14:02:56Z raw=76134737370 behind=4s lag_rows=2082508
  [quotes_typed]  32.60s type=Manual child_fresh=Nones e2e=Nones streamed_lat 4->5s lag 826967->0
  [quotes_daily]  38.56s type=Manual child_fresh=47s e2e=52s streamed_lat 5->5s lag 475096->1853741
  [lag] 2026-08-13T14:03:56Z raw=76194240538 behind=4s lag_rows=0
  [quotes_typed]  32.63s type=Manual child_fresh=Nones e2e=Nones streamed_lat 5->4s lag 2148474->0
  [quotes_daily]  38.85s type=Manual child_fresh=47s e2e=52s streamed_lat 5->5s lag 437858->0
  [lag] 2026-08-13T14:04:56Z raw=76254336757 behind=6s lag_rows=2692954
  [quotes_typed]  32.40s type=Manual child_fresh=Nones e2e=Nones streamed_lat 4->4s lag 0->0
  [quotes_typed]  32.80s type=Manual child_fresh=Nones e2e=Nones streamed_lat 5->5s lag 1517308->0
  [quotes_daily]  38.99s type=Manual child_fresh=48s e2e=53s streamed_lat 5->5s lag 523750->169974
  [lag] 2026-08-13T14:05:56Z raw=76313781773 behind=4s lag_rows=0
  [quotes_typed]  32.59s type=Manual child_fresh=Nones e2e=Nones streamed_lat 6->5s lag 678881->369154
  [quotes_daily]  38.33s type=Manual child_fresh=47s e2e=51s streamed_lat 5->4s lag 621989->0
  [lag] 2026-08-13T14:06:56Z raw=76374699057 behind=5s lag_rows=2392257
  [quotes_typed]  32.44s type=Manual child_fresh=Nones e2e=Nones streamed_lat 6->5s lag 1056390->165963
  [quotes_daily]  38.60s type=Manual child_fresh=45s e2e=49s streamed_lat 4->4s lag 0->50711
  [lag] 2026-08-13T14:07:56Z raw=76434605498 behind=5s lag_rows=303902
  [quotes_typed]  32.58s type=Manual child_fresh=Nones e2e=Nones streamed_lat 5->6s lag 0->943675
  [quotes_typed]  32.66s type=Manual child_fresh=Nones e2e=Nones streamed_lat 6->5s lag 2909172->0
  [quotes_daily]  38.90s type=Manual child_fresh=56s e2e=61s streamed_lat 6->5s lag 1808832->889334
  [lag] 2026-08-13T14:08:56Z raw=76503140716 behind=4s lag_rows=16421
  [quotes_typed]  32.36s type=Manual child_fresh=Nones e2e=Nones streamed_lat 4->5s lag 55255->1694501
  [quotes_daily]  38.80s type=Manual child_fresh=46s e2e=50s streamed_lat 4->4s lag 197015->0
  [lag] 2026-08-13T14:09:56Z raw=76555573622 behind=5s lag_rows=996587
  [quotes_typed]  32.34s type=Manual child_fresh=Nones e2e=Nones streamed_lat 5->6s lag 841099->2752555
  [quotes_daily]  38.42s type=Manual child_fresh=45s e2e=51s streamed_lat 5->6s lag 0->1196820
  [lag] 2026-08-13T14:10:56Z raw=76612044804 behind=7s lag_rows=2487819
  [quotes_typed]  33.04s type=Manual child_fresh=Nones e2e=Nones streamed_lat 6->7s lag 2308838->2004021
  [quotes_daily]   4.70s type=Manual child_fresh=13s e2e=18s streamed_lat 7->5s lag 1691910->0
  [quotes_typed]  32.49s type=Manual child_fresh=Nones e2e=Nones streamed_lat 6->5s lag 857482->0
  [lag] 2026-08-13T14:11:56Z raw=76674791063 behind=4s lag_rows=0
  [quotes_typed]  32.41s type=Manual child_fresh=Nones e2e=Nones streamed_lat 4->5s lag 804924->888124
  [quotes_daily]  39.08s type=Manual child_fresh=45s e2e=50s streamed_lat 4->5s lag 0->0
  [lag] 2026-08-13T14:12:56Z raw=76734865924 behind=5s lag_rows=1637138
  [quotes_typed]  32.34s type=Manual child_fresh=Nones e2e=Nones streamed_lat 4->7s lag 127656->3924703
  [quotes_daily]  38.70s type=Manual child_fresh=45s e2e=50s streamed_lat 4->5s lag 0->0
  [lag] 2026-08-13T14:13:56Z raw=76794387318 behind=6s lag_rows=157174
  [quotes_typed]  32.46s type=Manual child_fresh=Nones e2e=Nones streamed_lat 6->7s lag 3207286->783067
  [quotes_daily]  39.19s type=Manual child_fresh=49s e2e=55s streamed_lat 8->6s lag 3698592->759064
  [quotes_typed]  32.19s type=Manual child_fresh=Nones e2e=Nones streamed_lat 6->5s lag 92036->0
  [lag] 2026-08-13T14:14:56Z raw=76856505416 behind=4s lag_rows=311684
  [quotes_typed]  32.33s type=Manual child_fresh=Nones e2e=Nones streamed_lat 4->6s lag 90352->1592697
  [quotes_daily]  39.06s type=Manual child_fresh=45s e2e=51s streamed_lat 4->6s lag 0->3254957
  [lag] 2026-08-13T14:15:56Z raw=76914025380 behind=5s lag_rows=32730
  [quotes_typed]  32.22s type=Manual child_fresh=Nones e2e=Nones streamed_lat 6->4s lag 145879->0
  [quotes_daily]  38.83s type=Manual child_fresh=45s e2e=49s streamed_lat 5->4s lag 2170734->0
  [lag] 2026-08-13T14:16:56Z raw=76975247976 behind=5s lag_rows=805224
  [quotes_typed]  32.47s type=Manual child_fresh=Nones e2e=Nones streamed_lat 4->5s lag 713368->2029590
  [quotes_daily]  38.81s type=Manual child_fresh=50s e2e=55s streamed_lat 4->5s lag 0->0
  [quotes_typed]  32.21s type=Manual child_fresh=Nones e2e=Nones streamed_lat 5->5s lag 756374->374764
  [lag] 2026-08-13T14:17:56Z raw=77033939779 behind=5s lag_rows=0
  [quotes_typed]  32.26s type=Manual child_fresh=Nones e2e=Nones streamed_lat 4->5s lag 0->0
  [quotes_daily]  38.81s type=Manual child_fresh=47s e2e=52s streamed_lat 4->5s lag 68208->1865956
  [lag] 2026-08-13T14:18:56Z raw=77095207394 behind=5s lag_rows=707378
  [quotes_typed]  16.20s type=Manual child_fresh=Nones e2e=Nones streamed_lat 5->5s lag 762982->221627
  [quotes_daily]  39.05s type=Manual child_fresh=46s e2e=51s streamed_lat 4->5s lag 0->0
  [quotes_typed]  32.33s type=Manual child_fresh=Nones e2e=Nones streamed_lat 4->5s lag 0->297644
  [lag] 2026-08-13T14:19:56Z raw=77153861283 behind=5s lag_rows=46490
  [quotes_typed]  32.30s type=Manual child_fresh=Nones e2e=Nones streamed_lat 6->4s lag 242744->0
  [quotes_daily]  38.49s type=Manual child_fresh=47s e2e=51s streamed_lat 5->4s lag 0->711495
  [lag] 2026-08-13T14:20:56Z raw=77213898996 behind=4s lag_rows=0
  [quotes_typed]  32.38s type=Manual child_fresh=Nones e2e=Nones streamed_lat 4->6s lag 264155->676052
  [quotes_daily]  38.61s type=Manual child_fresh=50s e2e=55s streamed_lat 4->5s lag 309983->2147573
  [lag] 2026-08-13T14:21:56Z raw=77274929662 behind=4s lag_rows=111779
  [quotes_typed]  32.20s type=Manual child_fresh=Nones e2e=Nones streamed_lat 9->4s lag 5173813->36048
  [quotes_typed]  32.14s type=Manual child_fresh=Nones e2e=Nones streamed_lat 4->6s lag 0->1096378
  [quotes_daily]  38.43s type=Manual child_fresh=50s e2e=57s streamed_lat 4->7s lag 0->632540
  [lag] 2026-08-13T14:22:56Z raw=77335765594 behind=5s lag_rows=24909
  [quotes_typed]   4.18s type=Manual child_fresh=Nones e2e=Nones streamed_lat 6->7s lag 935690->0
  [quotes_daily]  38.92s type=Manual child_fresh=50s e2e=55s streamed_lat 8->5s lag 3446615->0
  [quotes_typed]  32.36s type=Manual child_fresh=Nones e2e=Nones streamed_lat 6->5s lag 98135->566766
  [lag] 2026-08-13T14:23:56Z raw=77393904386 behind=5s lag_rows=61577
  [quotes_typed]  32.41s type=Manual child_fresh=Nones e2e=Nones streamed_lat 5->6s lag 404919->541542
  [quotes_daily]  38.82s type=Manual child_fresh=47s e2e=53s streamed_lat 5->6s lag 0->497223
  [quotes_typed]   1.24s type=Manual child_fresh=Nones e2e=Nones streamed_lat 5->6s lag 207820->2026869
  [lag] 2026-08-13T14:24:56Z raw=77454996365 behind=5s lag_rows=1517756
  [quotes_typed]  32.82s type=Manual child_fresh=Nones e2e=Nones streamed_lat 5->4s lag 124333->0
  [quotes_daily]  39.44s type=Manual child_fresh=46s e2e=51s streamed_lat 5->5s lag 0->0
  [lag] 2026-08-13T14:25:56Z raw=77510875849 behind=6s lag_rows=0
  [quotes_typed]  33.28s type=Manual child_fresh=Nones e2e=Nones streamed_lat 7->6s lag 481287->0
  [quotes_daily]  38.62s type=Manual child_fresh=50s e2e=57s streamed_lat 7->7s lag 94485->2603688
  [lag] 2026-08-13T14:26:56Z raw=77572839820 behind=6s lag_rows=0
  [quotes_typed]  32.23s type=Manual child_fresh=Nones e2e=Nones streamed_lat 7->4s lag 757644->74291
  [quotes_daily]  38.91s type=Manual child_fresh=47s e2e=51s streamed_lat 4->4s lag 0->73711
  [quotes_typed]  32.27s type=Manual child_fresh=Nones e2e=Nones streamed_lat 7->4s lag 4155654->0
  [lag] 2026-08-13T14:27:56Z raw=77633992047 behind=5s lag_rows=172568
  [quotes_typed]  32.25s type=Manual child_fresh=Nones e2e=Nones streamed_lat 6->4s lag 1232807->0
  [quotes_daily]  38.70s type=Manual child_fresh=48s e2e=55s streamed_lat 5->7s lag 1969971->2045006
  [lag] 2026-08-13T14:28:56Z raw=77691987097 behind=5s lag_rows=0
  [quotes_typed]  10.17s type=Manual child_fresh=Nones e2e=Nones streamed_lat 7->7s lag 1876141->1665694
  [quotes_daily]   4.59s type=Manual child_fresh=15s e2e=23s streamed_lat 7->8s lag 3511558->1731945
  [quotes_typed]  32.17s type=Manual child_fresh=Nones e2e=Nones streamed_lat 7->6s lag 1379180->2265078
  [lag] 2026-08-13T14:29:56Z raw=77754805098 behind=6s lag_rows=2168374
  [quotes_typed]  32.57s type=Manual child_fresh=Nones e2e=Nones streamed_lat 5->4s lag 917563->0
  [quotes_daily]  39.08s type=Manual child_fresh=53s e2e=57s streamed_lat 4->4s lag 82862->0
  [lag] 2026-08-13T14:30:56Z raw=77816648027 behind=5s lag_rows=304001
  [quotes_typed]   4.32s type=Manual child_fresh=Nones e2e=Nones streamed_lat 5->6s lag 787770->1013614
  [quotes_daily]   8.79s type=Manual child_fresh=18s e2e=23s streamed_lat 4->5s lag 0->890987
  [quotes_typed]  32.20s type=Manual child_fresh=Nones e2e=Nones streamed_lat 5->4s lag 886667->0
  [lag] 2026-08-13T14:31:56Z raw=77873874293 behind=4s lag_rows=0
  [quotes_typed]   4.70s type=Manual child_fresh=Nones e2e=Nones streamed_lat 4->6s lag 0->911913
  [quotes_typed]  32.38s type=Manual child_fresh=Nones e2e=Nones streamed_lat 4->5s lag 61106->44823
  [quotes_daily]  39.96s type=Manual child_fresh=53s e2e=58s streamed_lat 5->5s lag 0->101037
  [lag] 2026-08-13T14:32:56Z raw=77935222926 behind=5s lag_rows=1318051
  [quotes_typed]  32.71s type=Manual child_fresh=Nones e2e=Nones streamed_lat 4->4s lag 679528->0
  [quotes_daily]  39.29s type=Manual child_fresh=49s e2e=53s streamed_lat 4->4s lag 0->65007
  [lag] 2026-08-13T14:33:56Z raw=77995217615 behind=5s lag_rows=652885
  [quotes_typed]  32.49s type=Manual child_fresh=Nones e2e=Nones streamed_lat 5->4s lag 1790518->0
  [quotes_daily]  38.78s type=Manual child_fresh=45s e2e=50s streamed_lat 4->5s lag 0->0
  [lag] 2026-08-13T14:34:56Z raw=78054141665 behind=5s lag_rows=0
  [quotes_typed]  33.17s type=Manual child_fresh=Nones e2e=Nones streamed_lat 5->5s lag 0->1046893
  [quotes_daily]  38.69s type=Manual child_fresh=46s e2e=51s streamed_lat 5->5s lag 600737->1942612
  [quotes_typed]  32.31s type=Manual child_fresh=Nones e2e=Nones streamed_lat 4->5s lag 65587->1910288
  [lag] 2026-08-13T14:35:56Z raw=78116500759 behind=5s lag_rows=729452
  [quotes_typed]  32.31s type=Manual child_fresh=Nones e2e=Nones streamed_lat 4->7s lag 0->891492
  [quotes_daily]  38.89s type=Manual child_fresh=49s e2e=55s streamed_lat 5->6s lag 1129819->1932073
  [lag] 2026-08-13T14:36:56Z raw=78173529658 behind=4s lag_rows=0
  [quotes_typed]  32.49s type=Manual child_fresh=Nones e2e=Nones streamed_lat 6->5s lag 269435->726321
  [quotes_daily]  38.51s type=Manual child_fresh=47s e2e=51s streamed_lat 5->4s lag 647249->0
  [lag] 2026-08-13T14:37:56Z raw=78231746128 behind=5s lag_rows=0
  [quotes_typed]  32.47s type=Manual child_fresh=Nones e2e=Nones streamed_lat 4->6s lag 952814->1922649
  [quotes_daily]  38.92s type=Manual child_fresh=49s e2e=55s streamed_lat 7->6s lag 3241518->0
  [quotes_typed]  32.27s type=Manual child_fresh=Nones e2e=Nones streamed_lat 6->6s lag 3193363->1838143
  [lag] 2026-08-13T14:38:56Z raw=78293683612 behind=6s lag_rows=3250237
  [quotes_typed]  32.37s type=Manual child_fresh=Nones e2e=Nones streamed_lat 6->4s lag 960106->442582
  [quotes_daily]  38.82s type=Manual child_fresh=48s e2e=52s streamed_lat 4->4s lag 6207->0
  [lag] 2026-08-13T14:39:56Z raw=78355604017 behind=5s lag_rows=870561
  [quotes_typed]  32.59s type=Manual child_fresh=Nones e2e=Nones streamed_lat 4->5s lag 1518627->0
  [quotes_daily]  39.26s type=Manual child_fresh=46s e2e=51s streamed_lat 5->5s lag 0->76081
  [lag] 2026-08-13T14:40:56Z raw=78410639851 behind=6s lag_rows=0
  [quotes_typed]  32.37s type=Manual child_fresh=Nones e2e=Nones streamed_lat 4->7s lag 1130901->4459791
  [quotes_daily]  38.81s type=Manual child_fresh=44s e2e=50s streamed_lat 6->6s lag 0->989642
  [quotes_typed]  32.48s type=Manual child_fresh=Nones e2e=Nones streamed_lat 6->5s lag 3291849->278425
  [lag] 2026-08-13T14:41:56Z raw=78475749025 behind=5s lag_rows=78651
  [quotes_typed]   1.49s type=Manual child_fresh=Nones e2e=Nones streamed_lat 5->5s lag 110012->144984
  [quotes_typed]  32.29s type=Manual child_fresh=Nones e2e=Nones streamed_lat 5->5s lag 37075->73295
  [quotes_daily]  38.86s type=Manual child_fresh=49s e2e=55s streamed_lat 5->6s lag 64179->2270825
  [lag] 2026-08-13T14:42:56Z raw=78535368419 behind=6s lag_rows=3205441
  [quotes_typed]  32.41s type=Manual child_fresh=Nones e2e=Nones streamed_lat 5->5s lag 62997->58826
  [quotes_daily]  38.79s type=Manual child_fresh=47s e2e=53s streamed_lat 5->6s lag 1004533->719459
  [lag] 2026-08-13T14:43:56Z raw=78592234941 behind=5s lag_rows=0
  [quotes_typed]  16.95s type=Manual child_fresh=Nones e2e=Nones streamed_lat 6->7s lag 457584->972188
  [quotes_typed]  32.99s type=Manual child_fresh=Nones e2e=Nones streamed_lat 5->5s lag 187810->1762954
  [quotes_daily]  39.14s type=Manual child_fresh=53s e2e=58s streamed_lat 7->5s lag 1062319->479302
  [lag] 2026-08-13T14:44:56Z raw=78655897676 behind=4s lag_rows=0
  [quotes_typed]  32.78s type=Manual child_fresh=Nones e2e=Nones streamed_lat 4->5s lag 0->1241094
  [quotes_daily]  39.27s type=Manual child_fresh=48s e2e=52s streamed_lat 4->4s lag 0->44534
  [lag] 2026-08-13T14:45:56Z raw=78712483232 behind=5s lag_rows=0
  [quotes_typed]  32.62s type=Manual child_fresh=Nones e2e=Nones streamed_lat 5->5s lag 301684->750163
  [quotes_daily]  38.73s type=Manual child_fresh=46s e2e=51s streamed_lat 6->5s lag 3271871->4528
  [quotes_typed]  16.52s type=Manual child_fresh=Nones e2e=Nones streamed_lat 4->5s lag 120896->420118
  [lag] 2026-08-13T14:46:56Z raw=78774652166 behind=5s lag_rows=0
  [quotes_typed]  32.36s type=Manual child_fresh=Nones e2e=Nones streamed_lat 4->5s lag 1859388->0
  [quotes_daily]  38.95s type=Manual child_fresh=47s e2e=52s streamed_lat 5->5s lag 427061->708553
  [lag] 2026-08-13T14:47:56Z raw=78835700829 behind=4s lag_rows=122358
  [quotes_typed]  32.28s type=Manual child_fresh=Nones e2e=Nones streamed_lat 5->7s lag 186034->2537010
  [quotes_daily]  38.77s type=Manual child_fresh=46s e2e=51s streamed_lat 5->5s lag 1490474->688026
  [lag] 2026-08-13T14:48:56Z raw=78895186449 behind=6s lag_rows=279150
  [quotes_typed]  32.27s type=Manual child_fresh=Nones e2e=Nones streamed_lat 6->5s lag 1432717->783352
  [quotes_daily]  39.06s type=Manual child_fresh=52s e2e=57s streamed_lat 4->5s lag 240956->0
  [quotes_daily] WARN: refresh exceeded the 60s cadence by 1.9s; next fires immediately.
  [lag] 2026-08-13T14:49:56Z raw=78955967135 behind=5s lag_rows=0
  [quotes_typed]  32.86s type=Manual child_fresh=Nones e2e=Nones streamed_lat 4->7s lag 55069->2378065
  [quotes_typed]  32.85s type=Manual child_fresh=Nones e2e=Nones streamed_lat 6->4s lag 279024->0
  [quotes_daily]  39.04s type=Manual child_fresh=52s e2e=56s streamed_lat 6->4s lag 139151->1465783
  [lag] 2026-08-13T14:50:56Z raw=79012780675 behind=4s lag_rows=0
  [quotes_typed]  32.34s type=Manual child_fresh=Nones e2e=Nones streamed_lat 7->5s lag 2731434->544951
  [quotes_daily]  39.04s type=Manual child_fresh=47s e2e=51s streamed_lat 7->4s lag 2511587->205199
  [lag] 2026-08-13T14:51:56Z raw=79075124471 behind=6s lag_rows=1254781
  [quotes_typed]  32.43s type=Manual child_fresh=Nones e2e=Nones streamed_lat 5->5s lag 105502->1035799
  [quotes_daily]  39.05s type=Manual child_fresh=47s e2e=51s streamed_lat 5->4s lag 1257155->11846
  [lag] 2026-08-13T14:52:56Z raw=79134275039 behind=5s lag_rows=197976
  [quotes_typed]  33.83s type=Manual child_fresh=Nones e2e=Nones streamed_lat 5->7s lag 97467->2526447
  [quotes_typed]  32.82s type=Manual child_fresh=Nones e2e=Nones streamed_lat 6->5s lag 1451145->0
  [quotes_daily]  39.64s type=Manual child_fresh=51s e2e=56s streamed_lat 7->5s lag 3442770->532124
  [lag] 2026-08-13T14:53:56Z raw=79197873465 behind=4s lag_rows=29095
  [quotes_typed]  32.40s type=Manual child_fresh=Nones e2e=Nones streamed_lat 5->5s lag 1044603->278985
  [quotes_daily]  38.63s type=Manual child_fresh=45s e2e=49s streamed_lat 4->4s lag 0->0
  [lag] 2026-08-13T14:54:56Z raw=79255900959 behind=4s lag_rows=714923
  [quotes_typed]  32.51s type=Manual child_fresh=Nones e2e=Nones streamed_lat 4->4s lag 0->0
  [quotes_daily]  39.23s type=Manual child_fresh=49s e2e=54s streamed_lat 4->5s lag 68451->1504961
  [lag] 2026-08-13T14:55:56Z raw=79314039365 behind=4s lag_rows=0
  [quotes_typed]  32.59s type=Manual child_fresh=Nones e2e=Nones streamed_lat 4->4s lag 0->960751
  [quotes_daily]   4.66s type=Manual child_fresh=12s e2e=16s streamed_lat 4->4s lag 0->55266
  [quotes_typed]  32.34s type=Manual child_fresh=Nones e2e=Nones streamed_lat 5->4s lag 0->23779
  [lag] 2026-08-13T14:56:56Z raw=79374977621 behind=4s lag_rows=37424
  [quotes_typed]  32.42s type=Manual child_fresh=Nones e2e=Nones streamed_lat 5->4s lag 663950->0
  [quotes_daily]  39.01s type=Manual child_fresh=48s e2e=52s streamed_lat 4->4s lag 42729->55447
  [lag] 2026-08-13T14:57:56Z raw=79435309955 behind=6s lag_rows=621180
  [quotes_typed]  32.99s type=Manual child_fresh=Nones e2e=Nones streamed_lat 5->6s lag 0->1510234
  [quotes_daily]  39.54s type=Manual child_fresh=48s e2e=53s streamed_lat 5->5s lag 1036252->0
  [lag] 2026-08-13T14:58:56Z raw=79493651707 behind=6s lag_rows=3275795
  [quotes_typed]  32.40s type=Manual child_fresh=Nones e2e=Nones streamed_lat 4->4s lag 0->644003
  [quotes_daily]   1.71s type=Manual child_fresh=11s e2e=15s streamed_lat 4->4s lag 529185->162235
  [quotes_typed]   4.38s type=Manual child_fresh=Nones e2e=Nones streamed_lat 4->4s lag 0->52588
  [quotes_typed]   1.33s type=Manual child_fresh=Nones e2e=Nones streamed_lat 4->4s lag 0->35638
  [lag] 2026-08-13T14:59:56Z raw=79553683632 behind=5s lag_rows=0
  [quotes_typed]  32.33s type=Manual child_fresh=Nones e2e=Nones streamed_lat 4->4s lag 0->31963
  [quotes_daily]  39.28s type=Manual child_fresh=46s e2e=51s streamed_lat 5->5s lag 168161->112714
  [quotes_typed]  32.53s type=Manual child_fresh=Nones e2e=Nones streamed_lat 4->4s lag 0->0
  [lag] 2026-08-13T15:00:56Z raw=79619355264 behind=4s lag_rows=321665
  [quotes_typed]  33.01s type=Manual child_fresh=Nones e2e=Nones streamed_lat 4->5s lag 358191->1781505
  [lag] 2026-08-13T15:01:56Z raw=79674685862 behind=5s lag_rows=981143
  [quotes_daily]  39.56s type=Manual child_fresh=53s e2e=58s streamed_lat 4->5s lag 44718->1157294
  [quotes_typed]   4.46s type=Manual child_fresh=Nones e2e=Nones streamed_lat 5->4s lag 0->119125
  [quotes_daily]   8.71s type=Manual child_fresh=20s e2e=25s streamed_lat 5->5s lag 0->0
  [quotes_typed]   1.25s type=Manual child_fresh=Nones e2e=Nones streamed_lat 4->5s lag 0->966619
  [quotes_typed]   1.18s type=Manual child_fresh=Nones e2e=Nones streamed_lat 4->4s lag 41163->66537
  [quotes_typed]   1.09s type=Manual child_fresh=Nones e2e=Nones streamed_lat 5->5s lag 0->52483
  [lag] 2026-08-13T15:02:56Z raw=79736154483 behind=5s lag_rows=0
  [quotes_typed]  32.36s type=Manual child_fresh=Nones e2e=Nones streamed_lat 5->5s lag 0->88866
  [quotes_daily]  39.19s type=Manual child_fresh=54s e2e=59s streamed_lat 6->5s lag 60236->49187
  [lag] 2026-08-13T15:03:56Z raw=79795330790 behind=5s lag_rows=662729
  [quotes_typed]   4.69s type=Manual child_fresh=Nones e2e=Nones streamed_lat 5->7s lag 118667->1483864
  [quotes_typed]  32.28s type=Manual child_fresh=Nones e2e=Nones streamed_lat 6->7s lag 812028->2824187
  [quotes_daily]  39.44s type=Manual child_fresh=50s e2e=55s streamed_lat 5->5s lag 1796821->0
  [lag] 2026-08-13T15:04:56Z raw=79855271283 behind=4s lag_rows=629836
  [quotes_typed]   4.48s type=Manual child_fresh=Nones e2e=Nones streamed_lat 5->4s lag 209938->0
  [quotes_typed]  32.30s type=Manual child_fresh=Nones e2e=Nones streamed_lat 5->4s lag 1288498->0
  [quotes_daily]  39.50s type=Manual child_fresh=47s e2e=51s streamed_lat 4->4s lag 12458->0
  [lag] 2026-08-13T15:05:56Z raw=79916445046 behind=5s lag_rows=2261897
  [quotes_typed]  32.47s type=Manual child_fresh=Nones e2e=Nones streamed_lat 4->5s lag 0->1729430
  [quotes_daily]  39.23s type=Manual child_fresh=49s e2e=53s streamed_lat 4->4s lag 0->0
  [lag] 2026-08-13T15:06:56Z raw=79974641159 behind=4s lag_rows=0
  [quotes_typed]  32.84s type=Manual child_fresh=Nones e2e=Nones streamed_lat 4->4s lag 26140->4873
  [quotes_daily]  38.99s type=Manual child_fresh=48s e2e=52s streamed_lat 4->4s lag 28920->69321
  [lag] 2026-08-13T15:07:56Z raw=80035493635 behind=4s lag_rows=374950
  [quotes_typed]  32.63s type=Manual child_fresh=Nones e2e=Nones streamed_lat 4->4s lag 50406->68959
  [quotes_daily]   8.87s type=Manual child_fresh=16s e2e=20s streamed_lat 4->4s lag 207305->0
  [quotes_typed]  32.70s type=Manual child_fresh=Nones e2e=Nones streamed_lat 5->4s lag 2265950->0
  [lag] 2026-08-13T15:08:56Z raw=80096901392 behind=5s lag_rows=129336
  [quotes_typed]   4.33s type=Manual child_fresh=Nones e2e=Nones streamed_lat 5->4s lag 751555->466439
  [quotes_daily]  39.08s type=Manual child_fresh=46s e2e=52s streamed_lat 5->6s lag 1446508->2467448
  [lag] 2026-08-13T15:09:56Z raw=80157263768 behind=5s lag_rows=665964
  [quotes_typed]  32.15s type=Manual child_fresh=Nones e2e=Nones streamed_lat 4->5s lag 885990->1649464
  [quotes_daily]  39.31s type=Manual child_fresh=48s e2e=52s streamed_lat 6->4s lag 2404051->626234
  [quotes_typed]  32.79s type=Manual child_fresh=Nones e2e=Nones streamed_lat 5->4s lag 86162->368512
  [lag] 2026-08-13T15:10:56Z raw=80217296005 behind=5s lag_rows=1199985
  [quotes_typed]   2.57s type=Manual child_fresh=Nones e2e=Nones streamed_lat 5->5s lag 1168104->1076300
  [quotes_typed]  32.16s type=Manual child_fresh=Nones e2e=Nones streamed_lat 4->5s lag 158913->29984
  [lag] 2026-08-13T15:11:56Z raw=80276925792 behind=5s lag_rows=52621
  [quotes_daily]  39.82s type=Manual child_fresh=54s e2e=59s streamed_lat 5->5s lag 2240662->0
  [quotes_typed]  32.65s type=Manual child_fresh=Nones e2e=Nones streamed_lat 4->6s lag 0->42969
  [quotes_daily]  39.15s type=Manual child_fresh=51s e2e=55s streamed_lat 5->4s lag 857650->0
  [lag] 2026-08-13T15:12:56Z raw=80335910150 behind=5s lag_rows=1488227
  [quotes_typed]   1.35s type=Manual child_fresh=Nones e2e=Nones streamed_lat 5->4s lag 160982->853766
  [quotes_daily]   7.83s type=Manual child_fresh=17s e2e=22s streamed_lat 4->5s lag 270474->0
  [quotes_typed]  32.35s type=Manual child_fresh=Nones e2e=Nones streamed_lat 4->5s lag 0->0
  [lag] 2026-08-13T15:13:56Z raw=80394879088 behind=4s lag_rows=27926
  [quotes_typed]  32.43s type=Manual child_fresh=Nones e2e=Nones streamed_lat 5->4s lag 0->0
  [quotes_daily]  39.36s type=Manual child_fresh=47s e2e=51s streamed_lat 4->4s lag 36852->0
  [quotes_typed]  16.65s type=Manual child_fresh=Nones e2e=Nones streamed_lat 5->4s lag 2295907->77182
  [lag] 2026-08-13T15:14:56Z raw=80454894059 behind=4s lag_rows=0
  [quotes_typed]  32.16s type=Manual child_fresh=Nones e2e=Nones streamed_lat 5->4s lag 330599->0
  [quotes_daily]  38.95s type=Manual child_fresh=51s e2e=55s streamed_lat 5->4s lag 858650->0
  [quotes_typed]   8.18s type=Manual child_fresh=Nones e2e=Nones streamed_lat 6->6s lag 502523->3393207
  [lag] 2026-08-13T15:15:56Z raw=80515196653 behind=6s lag_rows=702004
  [quotes_typed]  31.97s type=Manual child_fresh=Nones e2e=Nones streamed_lat 5->4s lag 862587->0
  [quotes_daily]  38.99s type=Manual child_fresh=49s e2e=54s streamed_lat 5->5s lag 1102508->1752154
  [lag] 2026-08-13T15:16:56Z raw=80573231950 behind=4s lag_rows=0
  [quotes_typed]  32.42s type=Manual child_fresh=Nones e2e=Nones streamed_lat 4->5s lag 0->0
  [quotes_daily]  39.50s type=Manual child_fresh=46s e2e=51s streamed_lat 5->5s lag 0->931219
  [lag] 2026-08-13T15:17:56Z raw=80634990243 behind=5s lag_rows=2215890
  [quotes_typed]  32.37s type=Manual child_fresh=Nones e2e=Nones streamed_lat 5->6s lag 2498891->566965
  [quotes_daily]  39.50s type=Manual child_fresh=49s e2e=54s streamed_lat 6->5s lag 417512->1165867
  [quotes_typed]  32.44s type=Manual child_fresh=Nones e2e=Nones streamed_lat 7->5s lag 2581002->103027
  [lag] 2026-08-13T15:18:56Z raw=80698496928 behind=5s lag_rows=105772
  [quotes_typed]  32.38s type=Manual child_fresh=Nones e2e=Nones streamed_lat 7->5s lag 1993182->2193910
  [quotes_daily]  39.45s type=Manual child_fresh=51s e2e=57s streamed_lat 6->6s lag 1094418->464752
  [lag] 2026-08-13T15:19:56Z raw=80752004964 behind=5s lag_rows=0
  [quotes_typed]   4.44s type=Manual child_fresh=Nones e2e=Nones streamed_lat 4->6s lag 0->782910
  [quotes_daily]   1.61s type=Manual child_fresh=15s e2e=20s streamed_lat 5->5s lag 127555->207630
  [quotes_typed]  32.03s type=Manual child_fresh=Nones e2e=Nones streamed_lat 6->5s lag 1346307->371768
  [lag] 2026-08-13T15:20:56Z raw=80816316366 behind=6s lag_rows=736100
  [quotes_typed]  32.18s type=Manual child_fresh=Nones e2e=Nones streamed_lat 6->4s lag 596307->0
  [quotes_daily]  39.31s type=Manual child_fresh=46s e2e=51s streamed_lat 5->5s lag 0->0
  [lag] 2026-08-13T15:21:56Z raw=80874799790 behind=4s lag_rows=85401
  [quotes_typed]  32.29s type=Manual child_fresh=Nones e2e=Nones streamed_lat 5->7s lag 0->3211361
  [quotes_daily]  39.41s type=Manual child_fresh=49s e2e=53s streamed_lat 4->4s lag 84893->0
  [lag] 2026-08-13T15:22:56Z raw=80934980198 behind=4s lag_rows=60060
  [quotes_typed]  33.07s type=Manual child_fresh=Nones e2e=Nones streamed_lat 6->6s lag 1723569->2839370
  [quotes_typed]  32.61s type=Manual child_fresh=Nones e2e=Nones streamed_lat 4->4s lag 151032->0
  [quotes_daily]  40.00s type=Manual child_fresh=51s e2e=55s streamed_lat 6->4s lag 1688867->40896
  [lag] 2026-08-13T15:23:56Z raw=80994939746 behind=4s lag_rows=0
  [quotes_typed]   1.38s type=Manual child_fresh=Nones e2e=Nones streamed_lat 4->5s lag 77934->94100
  [quotes_typed]  32.42s type=Manual child_fresh=Nones e2e=Nones streamed_lat 6->5s lag 925995->15781
  [quotes_daily]  39.18s type=Manual child_fresh=55s e2e=60s streamed_lat 6->5s lag 1415678->84627
  [lag] 2026-08-13T15:24:56Z raw=81056469168 behind=4s lag_rows=377658
  [quotes_typed]   2.27s type=Manual child_fresh=Nones e2e=Nones streamed_lat 4->6s lag 80679->3807751
  [quotes_typed]  32.56s type=Manual child_fresh=Nones e2e=Nones streamed_lat 6->5s lag 0->279376
  [quotes_daily]  39.14s type=Manual child_fresh=52s e2e=59s streamed_lat 5->7s lag 94733->2616952
  [lag] 2026-08-13T15:25:56Z raw=81117214257 behind=6s lag_rows=740391
  [quotes_typed]  32.29s type=Manual child_fresh=Nones e2e=Nones streamed_lat 6->5s lag 557425->2085066
  [quotes_daily]  39.27s type=Manual child_fresh=49s e2e=53s streamed_lat 5->4s lag 341479->102639
  [lag] 2026-08-13T15:26:56Z raw=81173476064 behind=5s lag_rows=14773
  [quotes_typed]  32.35s type=Manual child_fresh=Nones e2e=Nones streamed_lat 4->6s lag 0->1221340
  [quotes_daily]  39.22s type=Manual child_fresh=47s e2e=51s streamed_lat 5->4s lag 1770364->109874
  [lag] 2026-08-13T15:27:56Z raw=81234806142 behind=4s lag_rows=1985794
  [quotes_typed]  32.33s type=Manual child_fresh=Nones e2e=Nones streamed_lat 4->4s lag 119811->137816
  [quotes_daily]  39.45s type=Manual child_fresh=46s e2e=51s streamed_lat 5->5s lag 0->0
  [lag] 2026-08-13T15:28:56Z raw=81291764546 behind=5s lag_rows=0
  [quotes_typed]  32.83s type=Manual child_fresh=Nones e2e=Nones streamed_lat 4->6s lag 0->2055130
  [quotes_typed]  32.64s type=Manual child_fresh=Nones e2e=Nones streamed_lat 5->4s lag 1207164->0
  [quotes_daily]  39.18s type=Manual child_fresh=56s e2e=61s streamed_lat 6->5s lag 1856753->870981
  [lag] 2026-08-13T15:29:56Z raw=81356952185 behind=5s lag_rows=935802
  [quotes_typed]  32.79s type=Manual child_fresh=Nones e2e=Nones streamed_lat 5->7s lag 658541->3795939
  [quotes_daily]  41.30s type=Manual child_fresh=49s e2e=55s streamed_lat 5->6s lag 251342->0
  [lag] 2026-08-13T15:30:56Z raw=81412296787 behind=6s lag_rows=0
  [quotes_typed]  32.22s type=Manual child_fresh=Nones e2e=Nones streamed_lat 7->6s lag 0->3024191
  [quotes_daily]  41.79s type=Manual child_fresh=50s e2e=55s streamed_lat 5->5s lag 1039184->0
  [lag] 2026-08-13T15:31:56Z raw=81473094155 behind=5s lag_rows=0
  [quotes_typed]  32.52s type=Manual child_fresh=Nones e2e=Nones streamed_lat 4->6s lag 13919->0
  [quotes_typed]  33.32s type=Manual child_fresh=Nones e2e=Nones streamed_lat 17->5s lag 8404964->110195
  [lag] 2026-08-13T15:32:56Z raw=81538348768 behind=6s lag_rows=2417224
  [quotes_daily]  42.56s type=Manual child_fresh=69s e2e=74s streamed_lat 6->5s lag 0->146340
  [quotes_daily] WARN: refresh exceeded the 60s cadence by 4.1s; next fires immediately.
  [quotes_typed]   2.49s type=Manual child_fresh=Nones e2e=Nones streamed_lat 5->4s lag 145298->6799
  [quotes_daily]  19.71s type=Manual child_fresh=27s e2e=33s streamed_lat 5->6s lag 3122->695646
  [lag] 2026-08-13T15:33:56Z raw=81593167698 behind=7s lag_rows=158404
  [quotes_typed]  32.26s type=Manual child_fresh=Nones e2e=Nones streamed_lat 5->7s lag 30460->549617
  [quotes_typed]  33.30s type=Manual child_fresh=Nones e2e=Nones streamed_lat 6->4s lag 481395->169541
  [lag] 2026-08-13T15:34:56Z raw=81647866171 behind=4s lag_rows=0
  [quotes_daily]  54.44s type=Manual child_fresh=61s e2e=73s streamed_lat 5->12s lag 0->904787
  [quotes_daily] WARN: refresh exceeded the 60s cadence by 3.4s; next fires immediately.
  [quotes_typed]  32.62s type=Manual child_fresh=Nones e2e=Nones streamed_lat 4->8s lag 0->270614
  [lag] 2026-08-13T15:35:56Z raw=81718100181 behind=7s lag_rows=2125326
  [quotes_daily]  41.21s type=Manual child_fresh=64s e2e=69s streamed_lat 11->5s lag 0->0
  [quotes_typed]  41.32s type=Manual child_fresh=Nones e2e=Nones streamed_lat 8->16s lag 1459495->8707966
  [lag] 2026-08-13T15:36:56Z raw=81770383717 behind=10s lag_rows=6652056
  [quotes_daily]  41.14s type=Manual child_fresh=65s e2e=70s streamed_lat 4->5s lag 0->25073
  [quotes_daily] WARN: refresh exceeded the 60s cadence by 3.9s; next fires immediately.
  [quotes_typed]  32.38s type=Manual child_fresh=Nones e2e=Nones streamed_lat 13->6s lag 514726->3059793
  [lag] 2026-08-13T15:37:56Z raw=81830515569 behind=7s lag_rows=0
  [quotes_typed]  33.06s type=Manual child_fresh=Nones e2e=Nones streamed_lat 5->8s lag 250351->1903792
  [quotes_daily]  42.10s type=Manual child_fresh=50s e2e=57s streamed_lat 5->7s lag 1008557->1168409
  [quotes_typed]  33.45s type=Manual child_fresh=Nones e2e=Nones streamed_lat 7->5s lag 1399199->0
  [lag] 2026-08-13T15:38:56Z raw=81893492836 behind=14s lag_rows=2265699
  [quotes_daily]  47.15s type=Manual child_fresh=55s e2e=68s streamed_lat 5->13s lag 413834->8595093
  [quotes_typed]  32.42s type=Manual child_fresh=Nones e2e=Nones streamed_lat 15->6s lag 6515045->1944490
  [lag] 2026-08-13T15:39:56Z raw=81955554149 behind=4s lag_rows=340586
  [quotes_daily]  41.29s type=Manual child_fresh=48s e2e=52s streamed_lat 10->4s lag 5515520->0
  [quotes_typed]  38.12s type=Manual child_fresh=Nones e2e=Nones streamed_lat 7->14s lag 4161429->2655968
  [lag] 2026-08-13T15:40:56Z raw=82014086105 behind=7s lag_rows=2136709
  [quotes_typed]  32.23s type=Manual child_fresh=Nones e2e=Nones streamed_lat 11->4s lag 0->0
  [quotes_daily]  41.51s type=Manual child_fresh=67s e2e=71s streamed_lat 5->4s lag 0->640463
  [quotes_typed]  32.40s type=Manual child_fresh=Nones e2e=Nones streamed_lat 5->10s lag 172680->202023
  [lag] 2026-08-13T15:41:56Z raw=82069722487 behind=9s lag_rows=53222
  [quotes_daily]  43.05s type=Manual child_fresh=53s e2e=62s streamed_lat 5->9s lag 209793->3974898
  [quotes_typed]  32.44s type=Manual child_fresh=Nones e2e=Nones streamed_lat 9->8s lag 2644775->4489142
  [lag] 2026-08-13T15:42:56Z raw=82126138237 behind=5s lag_rows=0
  [quotes_daily]  53.02s type=Manual child_fresh=59s e2e=73s streamed_lat 5->14s lag 0->9131256
  [quotes_daily] WARN: refresh exceeded the 60s cadence by 2.4s; next fires immediately.
  [quotes_typed]  32.51s type=Manual child_fresh=Nones e2e=Nones streamed_lat 6->11s lag 0->0
  [lag] 2026-08-13T15:43:56Z raw=82189325677 behind=4s lag_rows=0
  [quotes_typed]  33.34s type=Manual child_fresh=Nones e2e=Nones streamed_lat 10->9s lag 822368->0
  [quotes_daily]  46.90s type=Manual child_fresh=63s e2e=73s streamed_lat 11->10s lag 619512->442729
  [quotes_daily] WARN: refresh exceeded the 60s cadence by 1.2s; next fires immediately.
  [lag] 2026-08-13T15:44:56Z raw=82254859566 behind=7s lag_rows=1566790
  [quotes_typed]  40.78s type=Manual child_fresh=Nones e2e=Nones streamed_lat 12->6s lag 2953250->2914597
  [quotes_daily]  40.22s type=Manual child_fresh=49s e2e=54s streamed_lat 8->5s lag 0->37855
  [quotes_typed]  32.55s type=Manual child_fresh=Nones e2e=Nones streamed_lat 6->5s lag 2227561->0
  [lag] 2026-08-13T15:45:56Z raw=82314922313 behind=5s lag_rows=1725988
  [quotes_daily]  39.81s type=Manual child_fresh=46s e2e=50s streamed_lat 5->4s lag 0->69603
  [quotes_typed]  16.24s type=Manual child_fresh=Nones e2e=Nones streamed_lat 5->5s lag 1455654->0
  [lag] 2026-08-13T15:46:56Z raw=82375168527 behind=6s lag_rows=1733910
  [quotes_typed]  32.19s type=Manual child_fresh=Nones e2e=Nones streamed_lat 6->4s lag 677121->0
  [quotes_daily]  39.86s type=Manual child_fresh=51s e2e=56s streamed_lat 6->5s lag 306420->1604393
  [quotes_typed]   8.24s type=Manual child_fresh=Nones e2e=Nones streamed_lat 4->5s lag 111435->0
  [lag] 2026-08-13T15:47:56Z raw=82434543111 behind=5s lag_rows=0
  [quotes_daily]  38.89s type=Manual child_fresh=54s e2e=60s streamed_lat 7->6s lag 3386849->135353
  [quotes_typed]  32.97s type=Manual child_fresh=Nones e2e=Nones streamed_lat 6->6s lag 2499087->1472934
  [lag] 2026-08-13T15:48:56Z raw=82496051039 behind=4s lag_rows=0
  [quotes_typed]  32.55s type=Manual child_fresh=Nones e2e=Nones streamed_lat 4->4s lag 92317->114840
  [quotes_daily]  39.40s type=Manual child_fresh=52s e2e=56s streamed_lat 5->4s lag 2244396->0
  [quotes_typed]  32.42s type=Manual child_fresh=Nones e2e=Nones streamed_lat 4->4s lag 0->0
  [lag] 2026-08-13T15:49:56Z raw=82554815670 behind=4s lag_rows=128307
  [quotes_daily]  38.79s type=Manual child_fresh=45s e2e=49s streamed_lat 4->4s lag 0->54952
  [quotes_typed]  32.22s type=Manual child_fresh=Nones e2e=Nones streamed_lat 5->5s lag 0->374933
  [lag] 2026-08-13T15:50:56Z raw=82613896966 behind=6s lag_rows=90671
  [quotes_daily]  38.79s type=Manual child_fresh=47s e2e=53s streamed_lat 6->6s lag 1238634->1420564
  [quotes_typed]  32.36s type=Manual child_fresh=Nones e2e=Nones streamed_lat 4->5s lag 65489->0
  [quotes_typed]  32.25s type=Manual child_fresh=Nones e2e=Nones streamed_lat 4->4s lag 2023736->0
  [lag] 2026-08-13T15:51:56Z raw=82677795458 behind=5s lag_rows=234385
  [quotes_daily]  38.62s type=Manual child_fresh=49s e2e=53s streamed_lat 4->4s lag 0->0
  [quotes_typed]  32.52s type=Manual child_fresh=Nones e2e=Nones streamed_lat 4->4s lag 0->0
  [lag] 2026-08-13T15:52:56Z raw=82734635754 behind=5s lag_rows=0
  [quotes_daily]  40.39s type=Manual child_fresh=50s e2e=55s streamed_lat 4->5s lag 0->0
  [quotes_typed]  32.23s type=Manual child_fresh=Nones e2e=Nones streamed_lat 5->6s lag 731105->436084
  [quotes_daily]  13.45s type=Manual child_fresh=20s e2e=24s streamed_lat 5->4s lag 0->0
  [lag] 2026-08-13T15:53:56Z raw=82794767210 behind=6s lag_rows=1242229
  [quotes_typed]  47.47s type=Manual child_fresh=Nones e2e=Nones streamed_lat 4->17s lag 41233->3851633
  [lag] 2026-08-13T15:54:56Z raw=82851930042 behind=6s lag_rows=0
  [quotes_typed]  39.19s type=Manual child_fresh=Nones e2e=Nones streamed_lat 14->19s lag 56986->10595068
  [quotes_daily]  56.06s type=Manual child_fresh=66s e2e=80s streamed_lat 20->14s lag 14627922->0
  [quotes_daily] WARN: refresh exceeded the 60s cadence by 7.3s; next fires immediately.
  [quotes_typed]   2.37s type=Manual child_fresh=Nones e2e=Nones streamed_lat 14->13s lag 262745->594278
  [lag] 2026-08-13T15:55:56Z raw=82910237545 behind=12s lag_rows=248364
  [quotes_typed]  32.72s type=Manual child_fresh=Nones e2e=Nones streamed_lat 12->21s lag 0->8587872
  [quotes_daily]  45.23s type=Manual child_fresh=62s e2e=77s streamed_lat 13->15s lag 1270577->0
  [quotes_daily] WARN: refresh exceeded the 60s cadence by 1.4s; next fires immediately.
  [quotes_typed]   1.45s type=Manual child_fresh=Nones e2e=Nones streamed_lat 15->14s lag 78829->1526659
  [lag] 2026-08-13T15:56:56Z raw=82968812058 behind=8s lag_rows=0
  [quotes_typed]  32.23s type=Manual child_fresh=Nones e2e=Nones streamed_lat 13->14s lag 1181060->33533
  [quotes_daily]  43.20s type=Manual child_fresh=59s e2e=73s streamed_lat 16->14s lag 8176086->0
  [lag] 2026-08-13T15:57:56Z raw=83025525501 behind=7s lag_rows=0
  [quotes_typed]  36.74s type=Manual child_fresh=Nones e2e=Nones streamed_lat 16->17s lag 11140678->3560470
  [quotes_daily]  42.18s type=Manual child_fresh=56s e2e=70s streamed_lat 14->14s lag 4160881->8284449
  [quotes_typed]  32.70s type=Manual child_fresh=Nones e2e=Nones streamed_lat 13->4s lag 0->0
  [lag] 2026-08-13T15:58:56Z raw=83096291501 behind=5s lag_rows=2222260
  [quotes_daily]  43.40s type=Manual child_fresh=58s e2e=64s streamed_lat 10->6s lag 2925570->1704728
  [quotes_typed]  33.65s type=Manual child_fresh=Nones e2e=Nones streamed_lat 5->4s lag 735277->472438
  [lag] 2026-08-13T15:59:56Z raw=83155805592 behind=8s lag_rows=1128802
  [quotes_daily]  23.83s type=Manual child_fresh=36s e2e=43s streamed_lat 5->7s lag 2210786->0
  [quotes_typed]   4.76s type=Manual child_fresh=Nones e2e=Nones streamed_lat 9->8s lag 914487->5592764
  [quotes_typed]  37.29s type=Manual child_fresh=Nones e2e=Nones streamed_lat 6->16s lag 3235849->5561266
  [lag] 2026-08-13T16:00:56Z raw=83207537432 behind=12s lag_rows=38549
  [quotes_daily]  41.93s type=Manual child_fresh=51s e2e=57s streamed_lat 5->6s lag 2286507->1017192
  [quotes_typed]  43.07s type=Manual child_fresh=Nones e2e=Nones streamed_lat 11->11s lag 0->225184
  [lag] 2026-08-13T16:01:56Z raw=83272227339 behind=7s lag_rows=13433
  [quotes_daily]  41.02s type=Manual child_fresh=49s e2e=54s streamed_lat 5->5s lag 2658297->0
  [quotes_typed]  43.69s type=Manual child_fresh=Nones e2e=Nones streamed_lat 11->13s lag 5175144->3233645
  [lag] 2026-08-13T16:02:56Z raw=83329784781 behind=8s lag_rows=0
  [quotes_typed]  32.76s type=Manual child_fresh=Nones e2e=Nones streamed_lat 10->11s lag 0->27891
  [quotes_daily]  51.01s type=Manual child_fresh=73s e2e=81s streamed_lat 5->8s lag 0->48727
  [quotes_daily] WARN: refresh exceeded the 60s cadence by 10.1s; next fires immediately.
  [lag] 2026-08-13T16:03:56Z raw=83391129660 behind=6s lag_rows=0
  [quotes_typed]  32.58s type=Manual child_fresh=Nones e2e=Nones streamed_lat 9->5s lag 847770->0
  [quotes_daily]  41.07s type=Manual child_fresh=52s e2e=57s streamed_lat 8->5s lag 2234446->797873
  [quotes_typed]   4.43s type=Manual child_fresh=Nones e2e=Nones streamed_lat 4->5s lag 0->64579
  [lag] 2026-08-13T16:04:56Z raw=83454683810 behind=4s lag_rows=0
  [quotes_typed]  32.28s type=Manual child_fresh=Nones e2e=Nones streamed_lat 5->4s lag 898958->8051
  [quotes_daily]  40.18s type=Manual child_fresh=49s e2e=54s streamed_lat 5->5s lag 616045->0
  [lag] 2026-08-13T16:05:56Z raw=83513711128 behind=5s lag_rows=0
  [quotes_typed]  32.33s type=Manual child_fresh=Nones e2e=Nones streamed_lat 4->5s lag 0->1871797
  [quotes_daily]  39.46s type=Manual child_fresh=48s e2e=53s streamed_lat 4->5s lag 435537->0
  [quotes_typed]  32.36s type=Manual child_fresh=Nones e2e=Nones streamed_lat 4->5s lag 0->0
  [quotes_daily]   8.20s type=Manual child_fresh=20s e2e=25s streamed_lat 7->5s lag 1701238->168620
  [lag] 2026-08-13T16:06:56Z raw=83578134121 behind=5s lag_rows=944954
  [quotes_typed]  32.34s type=Manual child_fresh=Nones e2e=Nones streamed_lat 6->3s lag 338220->0
  [lag] 2026-08-13T16:07:56Z raw=83634254116 behind=4s lag_rows=0
  [quotes_typed]  32.46s type=Manual child_fresh=Nones e2e=Nones streamed_lat 5->4s lag 2007970->0
  [quotes_daily]  39.16s type=Manual child_fresh=47s e2e=53s streamed_lat 5->6s lag 2582513->0
  [quotes_typed]   8.27s type=Manual child_fresh=Nones e2e=Nones streamed_lat 5->6s lag 0->0
  [quotes_typed]   1.37s type=Manual child_fresh=Nones e2e=Nones streamed_lat 6->6s lag 32326->2432125
  [lag] 2026-08-13T16:08:56Z raw=83693283839 behind=7s lag_rows=620877
  [quotes_daily]  39.92s type=Manual child_fresh=50s e2e=56s streamed_lat 6->6s lag 718724->0
  [quotes_typed]  32.55s type=Manual child_fresh=Nones e2e=Nones streamed_lat 5->6s lag 1499688->963683
  [lag] 2026-08-13T16:09:56Z raw=83754266125 behind=4s lag_rows=0
  [quotes_typed]  32.61s type=Manual child_fresh=Nones e2e=Nones streamed_lat 5->4s lag 261467->0
  [quotes_daily]  39.12s type=Manual child_fresh=50s e2e=55s streamed_lat 5->5s lag 1981949->48234
  [quotes_typed]   4.31s type=Manual child_fresh=Nones e2e=Nones streamed_lat 5->5s lag 78415->71559
  [lag] 2026-08-13T16:10:56Z raw=83815001282 behind=4s lag_rows=0
  [quotes_typed]  32.44s type=Manual child_fresh=Nones e2e=Nones streamed_lat 5->5s lag 509145->0
  [quotes_daily]  39.03s type=Manual child_fresh=47s e2e=51s streamed_lat 5->4s lag 273656->47760
  [quotes_typed]   8.40s type=Manual child_fresh=Nones e2e=Nones streamed_lat 5->6s lag 2098452->1846255
  [lag] 2026-08-13T16:11:56Z raw=83874649112 behind=5s lag_rows=2156240
  [quotes_typed]  32.35s type=Manual child_fresh=Nones e2e=Nones streamed_lat 5->5s lag 407857->671011
  [quotes_daily]  39.55s type=Manual child_fresh=48s e2e=53s streamed_lat 6->5s lag 846696->2169475
  [lag] 2026-08-13T16:12:56Z raw=83936001064 behind=4s lag_rows=774902
  [quotes_typed]  32.58s type=Manual child_fresh=Nones e2e=Nones streamed_lat 6->5s lag 755620->1991444
  [quotes_daily]  39.14s type=Manual child_fresh=48s e2e=52s streamed_lat 5->4s lag 25205->0
  [quotes_typed]  32.34s type=Manual child_fresh=Nones e2e=Nones streamed_lat 6->5s lag 3042239->917174
  [lag] 2026-08-13T16:13:56Z raw=83994544396 behind=5s lag_rows=0
  [quotes_typed]  32.33s type=Manual child_fresh=Nones e2e=Nones streamed_lat 4->4s lag 72670->308931
  [quotes_daily]  39.19s type=Manual child_fresh=51s e2e=55s streamed_lat 5->4s lag 536420->0
  [lag] 2026-08-13T16:14:56Z raw=84054605989 behind=5s lag_rows=1721226
  [quotes_typed]  32.34s type=Manual child_fresh=Nones e2e=Nones streamed_lat 4->5s lag 0->768174
  [quotes_daily]  39.52s type=Manual child_fresh=48s e2e=53s streamed_lat 5->5s lag 340443->353572
  [quotes_typed]  32.82s type=Manual child_fresh=Nones e2e=Nones streamed_lat 4->5s lag 88264->0
  [lag] 2026-08-13T16:15:56Z raw=84114218979 behind=5s lag_rows=6993
  [quotes_daily]  39.33s type=Manual child_fresh=48s e2e=53s streamed_lat 5->5s lag 31286->0
  [quotes_typed]  32.37s type=Manual child_fresh=Nones e2e=Nones streamed_lat 6->5s lag 828439->673374
  [lag] 2026-08-13T16:16:56Z raw=84175411860 behind=5s lag_rows=589725
  [quotes_typed]  32.73s type=Manual child_fresh=Nones e2e=Nones streamed_lat 4->5s lag 58433->0
  [quotes_daily]  40.39s type=Manual child_fresh=51s e2e=55s streamed_lat 5->4s lag 361838->0
  [lag] 2026-08-13T16:17:56Z raw=84234916295 behind=4s lag_rows=103495
  [quotes_typed]  32.75s type=Manual child_fresh=Nones e2e=Nones streamed_lat 5->4s lag 0->0
  [quotes_daily]  39.43s type=Manual child_fresh=47s e2e=53s streamed_lat 4->6s lag 119899->706698
  [quotes_typed]  32.53s type=Manual child_fresh=Nones e2e=Nones streamed_lat 5->6s lag 2355897->604995
  [lag] 2026-08-13T16:18:56Z raw=84294760365 behind=5s lag_rows=2245600
  [quotes_daily]  39.37s type=Manual child_fresh=46s e2e=51s streamed_lat 7->5s lag 3051981->1134626
  [quotes_typed]  32.35s type=Manual child_fresh=Nones e2e=Nones streamed_lat 5->5s lag 378121->71441
  [lag] 2026-08-13T16:19:56Z raw=84353903923 behind=4s lag_rows=0
  [quotes_typed]  32.57s type=Manual child_fresh=Nones e2e=Nones streamed_lat 5->6s lag 0->421625
  [quotes_daily]  39.25s type=Manual child_fresh=47s e2e=53s streamed_lat 5->6s lag 671765->0
  [quotes_typed]  32.33s type=Manual child_fresh=Nones e2e=Nones streamed_lat 6->4s lag 322443->59127
  [lag] 2026-08-13T16:20:56Z raw=84414777861 behind=5s lag_rows=2180676
  [quotes_daily]  39.24s type=Manual child_fresh=48s e2e=53s streamed_lat 5->5s lag 73161->0
  [quotes_typed]  33.40s type=Manual child_fresh=Nones e2e=Nones streamed_lat 4->5s lag 0->37372
  [lag] 2026-08-13T16:21:56Z raw=84473844056 behind=4s lag_rows=0
  [quotes_typed]  32.58s type=Manual child_fresh=Nones e2e=Nones streamed_lat 6->5s lag 662377->0
  [quotes_daily]  39.40s type=Manual child_fresh=45s e2e=52s streamed_lat 5->7s lag 0->2481817
  [lag] 2026-08-13T16:22:56Z raw=84533904017 behind=5s lag_rows=794787
  [quotes_typed]  33.21s type=Manual child_fresh=Nones e2e=Nones streamed_lat 5->4s lag 10408->46682
  [quotes_daily]  39.19s type=Manual child_fresh=53s e2e=60s streamed_lat 5->7s lag 54920->3799487
  [quotes_typed]  32.50s type=Manual child_fresh=Nones e2e=Nones streamed_lat 4->4s lag 0->0
  [lag] 2026-08-13T16:23:56Z raw=84593013636 behind=4s lag_rows=0
  [quotes_daily]  39.22s type=Manual child_fresh=47s e2e=52s streamed_lat 5->5s lag 202830->759505
  [quotes_typed]  32.58s type=Manual child_fresh=Nones e2e=Nones streamed_lat 5->5s lag 967885->0
  [lag] 2026-08-13T16:24:56Z raw=84653547637 behind=5s lag_rows=0
  [quotes_typed]  32.58s type=Manual child_fresh=Nones e2e=Nones streamed_lat 5->4s lag 1193906->0
  [quotes_typed]   4.39s type=Manual child_fresh=Nones e2e=Nones streamed_lat 4->5s lag 0->465822
  [quotes_daily]  39.55s type=Manual child_fresh=53s e2e=57s streamed_lat 5->4s lag 202668->28477
  [lag] 2026-08-13T16:25:56Z raw=84714710844 behind=4s lag_rows=0
  [quotes_typed]  33.25s type=Manual child_fresh=Nones e2e=Nones streamed_lat 5->6s lag 289049->478834
  [quotes_daily]  39.36s type=Manual child_fresh=45s e2e=51s streamed_lat 5->6s lag 0->1445928
  [quotes_typed]  32.51s type=Manual child_fresh=Nones e2e=Nones streamed_lat 5->6s lag 346641->3301138
  [lag] 2026-08-13T16:26:56Z raw=84776328999 behind=6s lag_rows=559524
  [quotes_daily]  39.08s type=Manual child_fresh=48s e2e=52s streamed_lat 5->4s lag 0->82574
  [quotes_typed]  32.40s type=Manual child_fresh=Nones e2e=Nones streamed_lat 5->5s lag 86084->0
  [quotes_daily]   8.16s type=Manual child_fresh=19s e2e=24s streamed_lat 5->5s lag 0->0
  [lag] 2026-08-13T16:27:56Z raw=84833260143 behind=4s lag_rows=0
  [quotes_typed]  32.68s type=Manual child_fresh=Nones e2e=Nones streamed_lat 7->4s lag 67907->85976
  [quotes_typed]   1.48s type=Manual child_fresh=Nones e2e=Nones streamed_lat 4->5s lag 0->0
  [quotes_typed]   1.21s type=Manual child_fresh=Nones e2e=Nones streamed_lat 5->6s lag 0->3241709
  [lag] 2026-08-13T16:28:56Z raw=84894761703 behind=5s lag_rows=2058817
  [quotes_daily]  39.13s type=Manual child_fresh=46s e2e=50s streamed_lat 5->4s lag 0->70144
  [quotes_typed]  32.11s type=Manual child_fresh=Nones e2e=Nones streamed_lat 6->4s lag 3085934->0
  [lag] 2026-08-13T16:29:56Z raw=84954976832 behind=5s lag_rows=1438527
  [quotes_typed]  32.36s type=Manual child_fresh=Nones e2e=Nones streamed_lat 5->6s lag 1224626->77954
  [quotes_daily]  39.81s type=Manual child_fresh=44s e2e=49s streamed_lat 4->5s lag 0->64368
  [quotes_typed]  32.57s type=Manual child_fresh=Nones e2e=Nones streamed_lat 5->6s lag 37470->428029
  [lag] 2026-08-13T16:30:56Z raw=85014384951 behind=6s lag_rows=0
  [quotes_daily]  39.48s type=Manual child_fresh=50s e2e=57s streamed_lat 8->7s lag 5292387->2459822
  [quotes_typed]  32.64s type=Manual child_fresh=Nones e2e=Nones streamed_lat 5->6s lag 167457->0
  [lag] 2026-08-13T16:31:56Z raw=85078017459 behind=6s lag_rows=713352
  [quotes_daily]  39.29s type=Manual child_fresh=44s e2e=49s streamed_lat 6->5s lag 0->965237
  [quotes_typed]  32.75s type=Manual child_fresh=Nones e2e=Nones streamed_lat 5->6s lag 36479->395385
  [lag] 2026-08-13T16:32:56Z raw=85133904569 behind=5s lag_rows=5096
  [quotes_typed]  32.64s type=Manual child_fresh=Nones e2e=Nones streamed_lat 5->4s lag 0->0
  [quotes_daily]  39.24s type=Manual child_fresh=50s e2e=54s streamed_lat 5->4s lag 64517->120603
  [quotes_typed]  32.43s type=Manual child_fresh=Nones e2e=Nones streamed_lat 5->5s lag 2291689->161041
  [lag] 2026-08-13T16:33:56Z raw=85199063256 behind=4s lag_rows=0
  [quotes_daily]  39.40s type=Manual child_fresh=48s e2e=52s streamed_lat 5->4s lag 2447664->35507
  [quotes_typed]  32.53s type=Manual child_fresh=Nones e2e=Nones streamed_lat 5->4s lag 2100003->990746
  [lag] 2026-08-13T16:34:56Z raw=85254479796 behind=4s lag_rows=0
  [quotes_typed]  32.92s type=Manual child_fresh=Nones e2e=Nones streamed_lat 3->5s lag 2115->139517
  [quotes_daily]  40.13s type=Manual child_fresh=48s e2e=52s streamed_lat 4->4s lag 381853->371628
  [lag] 2026-08-13T16:35:56Z raw=85314808404 behind=4s lag_rows=1992489
  [quotes_typed]  32.87s type=Manual child_fresh=Nones e2e=Nones streamed_lat 5->4s lag 72439->0
  [quotes_daily]  39.62s type=Manual child_fresh=47s e2e=51s streamed_lat 4->4s lag 78343->52289
  [quotes_typed]  32.47s type=Manual child_fresh=Nones e2e=Nones streamed_lat 5->5s lag 2247863->1250532
  [lag] 2026-08-13T16:36:56Z raw=85377999275 behind=4s lag_rows=0
  [quotes_daily]  39.47s type=Manual child_fresh=46s e2e=49s streamed_lat 5->3s lag 764847->0
  [quotes_typed]  32.63s type=Manual child_fresh=Nones e2e=Nones streamed_lat 4->5s lag 0->390218
  [lag] 2026-08-13T16:37:56Z raw=85434808064 behind=4s lag_rows=120335
  [quotes_typed]  32.89s type=Manual child_fresh=Nones e2e=Nones streamed_lat 4->4s lag 0->0
  [quotes_daily]  39.71s type=Manual child_fresh=49s e2e=55s streamed_lat 5->6s lag 276884->2052443
  [lag] 2026-08-13T16:38:56Z raw=85494694822 behind=4s lag_rows=0
  [quotes_typed]  32.34s type=Manual child_fresh=Nones e2e=Nones streamed_lat 5->4s lag 899427->56046
  [quotes_daily]  39.28s type=Manual child_fresh=45s e2e=50s streamed_lat 5->5s lag 2155806->0
  [quotes_typed]  32.58s type=Manual child_fresh=Nones e2e=Nones streamed_lat 5->6s lag 0->0
  [lag] 2026-08-13T16:39:56Z raw=85551413269 behind=9s lag_rows=373368
  [quotes_daily]  40.14s type=Manual child_fresh=46s e2e=51s streamed_lat 8->5s lag 4164036->0
  [quotes_typed]  32.32s type=Manual child_fresh=Nones e2e=Nones streamed_lat 9->4s lag 493514->0
  [lag] 2026-08-13T16:40:56Z raw=85614689562 behind=5s lag_rows=2135202
  [quotes_typed]  32.87s type=Manual child_fresh=Nones e2e=Nones streamed_lat 5->5s lag 322718->102741
  [quotes_daily]  39.78s type=Manual child_fresh=50s e2e=55s streamed_lat 5->5s lag 44220->2265518
  [lag] 2026-08-13T16:41:56Z raw=85673481786 behind=4s lag_rows=0
  [quotes_typed]  32.29s type=Manual child_fresh=Nones e2e=Nones streamed_lat 5->7s lag 197418->3589823
  [quotes_daily]  39.53s type=Manual child_fresh=47s e2e=53s streamed_lat 5->6s lag 133614->3228021
  [quotes_typed]  32.33s type=Manual child_fresh=Nones e2e=Nones streamed_lat 6->5s lag 3479031->0
  [lag] 2026-08-13T16:42:56Z raw=85734025759 behind=4s lag_rows=0
  [quotes_daily]  39.56s type=Manual child_fresh=53s e2e=58s streamed_lat 6->5s lag 66081->714374
  [quotes_typed]  32.23s type=Manual child_fresh=Nones e2e=Nones streamed_lat 5->4s lag 2185710->53048
  [quotes_typed]   4.20s type=Manual child_fresh=Nones e2e=Nones streamed_lat 4->4s lag 0->59264
  [lag] 2026-08-13T16:43:56Z raw=85793583682 behind=6s lag_rows=2972386
  [quotes_typed]  32.35s type=Manual child_fresh=Nones e2e=Nones streamed_lat 5->5s lag 0->102171
  [quotes_daily]  39.75s type=Manual child_fresh=49s e2e=53s streamed_lat 5->4s lag 287914->40714
  [quotes_typed]   2.16s type=Manual child_fresh=Nones e2e=Nones streamed_lat 4->7s lag 4099->4184298
  [quotes_daily]   8.65s type=Manual child_fresh=21s e2e=25s streamed_lat 5->4s lag 0->0
  [lag] 2026-08-13T16:44:56Z raw=85853387047 behind=4s lag_rows=0
  [quotes_typed]  32.40s type=Manual child_fresh=Nones e2e=Nones streamed_lat 6->4s lag 330607->0
  [lag] 2026-08-13T16:45:56Z raw=85915408937 behind=4s lag_rows=538135
  [quotes_typed]  32.56s type=Manual child_fresh=Nones e2e=Nones streamed_lat 4->5s lag 0->2152073
  [quotes_daily]  39.71s type=Manual child_fresh=47s e2e=52s streamed_lat 4->5s lag 27171->0
  [quotes_typed]  32.46s type=Manual child_fresh=Nones e2e=Nones streamed_lat 5->5s lag 68680->0
  [lag] 2026-08-13T16:46:56Z raw=85977645098 behind=6s lag_rows=1220477
  [quotes_daily]  39.85s type=Manual child_fresh=47s e2e=51s streamed_lat 5->4s lag 297860->37323
  [quotes_typed]  32.42s type=Manual child_fresh=Nones e2e=Nones streamed_lat 4->4s lag 0->60553
  [lag] 2026-08-13T16:47:56Z raw=86034220362 behind=4s lag_rows=0
  [quotes_typed]  32.57s type=Manual child_fresh=Nones e2e=Nones streamed_lat 5->5s lag 1558054->2106796
  [quotes_daily]  39.83s type=Manual child_fresh=47s e2e=52s streamed_lat 5->5s lag 816318->824624
  [lag] 2026-08-13T16:48:56Z raw=86095365407 behind=4s lag_rows=57942
  [quotes_typed]  32.32s type=Manual child_fresh=Nones e2e=Nones streamed_lat 4->4s lag 92288->0
  [quotes_daily]  39.45s type=Manual child_fresh=45s e2e=51s streamed_lat 4->6s lag 0->3067997
  [quotes_typed]  32.51s type=Manual child_fresh=Nones e2e=Nones streamed_lat 5->7s lag 1365299->4140296
  [lag] 2026-08-13T16:49:56Z raw=86154025490 behind=6s lag_rows=21933
  [quotes_daily]  15.30s type=Manual child_fresh=25s e2e=30s streamed_lat 5->5s lag 769530->339174
  [quotes_typed]  32.46s type=Manual child_fresh=Nones e2e=Nones streamed_lat 7->4s lag 2699473->38598
  [lag] 2026-08-13T16:50:56Z raw=86215654828 behind=5s lag_rows=761577
  [quotes_typed]  32.25s type=Manual child_fresh=Nones e2e=Nones streamed_lat 5->4s lag 160653->0
  [quotes_daily]  39.59s type=Manual child_fresh=46s e2e=50s streamed_lat 4->4s lag 0->50809
  [quotes_typed]  16.95s type=Manual child_fresh=Nones e2e=Nones streamed_lat 4->4s lag 0->31613
  [lag] 2026-08-13T16:51:56Z raw=86275415580 behind=6s lag_rows=2531081
  [quotes_daily]  11.20s type=Manual child_fresh=20s e2e=25s streamed_lat 5->5s lag 1269063->350847
  [quotes_typed]  32.69s type=Manual child_fresh=Nones e2e=Nones streamed_lat 4->5s lag 0->0
  [lag] 2026-08-13T16:52:56Z raw=86334492410 behind=6s lag_rows=1666846
  [quotes_typed]  32.24s type=Manual child_fresh=Nones e2e=Nones streamed_lat 5->5s lag 799843->0
  [quotes_daily]  39.23s type=Manual child_fresh=49s e2e=55s streamed_lat 5->6s lag 29719->57625
  [quotes_typed]  32.62s type=Manual child_fresh=Nones e2e=Nones streamed_lat 7->4s lag 195633->0
  [lag] 2026-08-13T16:53:56Z raw=86394164806 behind=7s lag_rows=1721635
  [quotes_daily]  23.62s type=Manual child_fresh=31s e2e=37s streamed_lat 5->6s lag 253594->3331494
  [quotes_typed]  32.53s type=Manual child_fresh=Nones e2e=Nones streamed_lat 4->5s lag 0->0
  [lag] 2026-08-13T16:54:56Z raw=86455207050 behind=5s lag_rows=231945
  [quotes_typed]  32.30s type=Manual child_fresh=Nones e2e=Nones streamed_lat 5->5s lag 63215->2177965
  [quotes_typed]   1.23s type=Manual child_fresh=Nones e2e=Nones streamed_lat 5->4s lag 458847->88591
  [quotes_daily]  39.55s type=Manual child_fresh=52s e2e=57s streamed_lat 6->5s lag 1544181->91042
  [lag] 2026-08-13T16:55:56Z raw=86513771539 behind=6s lag_rows=3224261
  [quotes_typed]  31.96s type=Manual child_fresh=Nones e2e=Nones streamed_lat 4->5s lag 0->784064
  [quotes_daily]  39.63s type=Manual child_fresh=47s e2e=54s streamed_lat 5->7s lag 1936641->3896895
  [quotes_typed]  32.39s type=Manual child_fresh=Nones e2e=Nones streamed_lat 4->6s lag 122758->1957975
  [lag] 2026-08-13T16:56:56Z raw=86575945047 behind=5s lag_rows=1060708
  [quotes_daily]  39.68s type=Manual child_fresh=50s e2e=54s streamed_lat 5->4s lag 0->0
  [quotes_typed]  32.41s type=Manual child_fresh=Nones e2e=Nones streamed_lat 7->4s lag 984184->71392
  [lag] 2026-08-13T16:57:56Z raw=86636005025 behind=5s lag_rows=1792240
  [quotes_daily]  15.46s type=Manual child_fresh=22s e2e=26s streamed_lat 4->4s lag 0->0
  [quotes_typed]  32.27s type=Manual child_fresh=Nones e2e=Nones streamed_lat 5->3s lag 347361->0
  [quotes_typed]   4.27s type=Manual child_fresh=Nones e2e=Nones streamed_lat 4->4s lag 0->0
  [lag] 2026-08-13T16:58:56Z raw=86695963925 behind=4s lag_rows=0
  [quotes_daily]   8.96s type=Manual child_fresh=22s e2e=27s streamed_lat 5->5s lag 602174->896959
  [quotes_typed]  32.08s type=Manual child_fresh=Nones e2e=Nones streamed_lat 4->4s lag 0->0
  [lag] 2026-08-13T16:59:56Z raw=86755532746 behind=5s lag_rows=1365409
  [quotes_typed]  32.40s type=Manual child_fresh=Nones e2e=Nones streamed_lat 5->4s lag 706069->55366
  [quotes_daily]  39.73s type=Manual child_fresh=47s e2e=51s streamed_lat 5->4s lag 74753->63960
  [quotes_typed]  32.48s type=Manual child_fresh=Nones e2e=Nones streamed_lat 4->5s lag 0->246697
  [lag] 2026-08-13T17:00:56Z raw=86813415656 behind=7s lag_rows=3490549
  [quotes_daily]  39.77s type=Manual child_fresh=47s e2e=51s streamed_lat 7->4s lag 3866266->0
  [quotes_typed]  32.33s type=Manual child_fresh=Nones e2e=Nones streamed_lat 7->4s lag 1276317->0
  [lag] 2026-08-13T17:01:56Z raw=86874876797 behind=5s lag_rows=151706
  [quotes_typed]  32.87s type=Manual child_fresh=Nones e2e=Nones streamed_lat 5->4s lag 0->56701
  [quotes_daily]  40.03s type=Manual child_fresh=49s e2e=54s streamed_lat 6->5s lag 3246879->505719
  [lag] 2026-08-13T17:02:56Z raw=86935223462 behind=4s lag_rows=34425
  [quotes_typed]  32.34s type=Manual child_fresh=Nones e2e=Nones streamed_lat 4->5s lag 0->2188177
  [quotes_daily]  39.81s type=Manual child_fresh=45s e2e=49s streamed_lat 4->4s lag 0->0
  [quotes_typed]  32.27s type=Manual child_fresh=Nones e2e=Nones streamed_lat 6->4s lag 2969314->0
  [lag] 2026-08-13T17:03:56Z raw=86994774009 behind=5s lag_rows=54910
  [quotes_daily]  39.69s type=Manual child_fresh=46s e2e=51s streamed_lat 4->5s lag 0->447053
  [quotes_typed]  32.39s type=Manual child_fresh=Nones e2e=Nones streamed_lat 6->5s lag 2856783->0
  [lag] 2026-08-13T17:04:56Z raw=87055209416 behind=5s lag_rows=1310101
  [quotes_typed]  32.37s type=Manual child_fresh=Nones e2e=Nones streamed_lat 5->5s lag 733894->280933
  [quotes_daily]  39.85s type=Manual child_fresh=48s e2e=54s streamed_lat 5->6s lag 80321->3247721
  [quotes_typed]  32.46s type=Manual child_fresh=Nones e2e=Nones streamed_lat 5->7s lag 67055->669613
  [lag] 2026-08-13T17:05:56Z raw=87116943179 behind=5s lag_rows=15644
  [quotes_daily]  39.93s type=Manual child_fresh=46s e2e=51s streamed_lat 5->5s lag 1898861->0
  [quotes_typed]  32.34s type=Manual child_fresh=Nones e2e=Nones streamed_lat 6->6s lag 476954->0
  [lag] 2026-08-13T17:06:56Z raw=87174630635 behind=5s lag_rows=2054770
  [quotes_typed]  32.31s type=Manual child_fresh=Nones e2e=Nones streamed_lat 5->5s lag 0->2110005
  [quotes_daily]  39.45s type=Manual child_fresh=48s e2e=54s streamed_lat 5->6s lag 1316785->3220387
  [lag] 2026-08-13T17:07:56Z raw=87234311861 behind=4s lag_rows=0
  [quotes_typed]  32.42s type=Manual child_fresh=Nones e2e=Nones streamed_lat 7->5s lag 3566719->0
  [quotes_daily]  39.67s type=Manual child_fresh=47s e2e=51s streamed_lat 5->4s lag 326597->0
  [quotes_typed]  16.37s type=Manual child_fresh=Nones e2e=Nones streamed_lat 5->6s lag 0->3237841
  [lag] 2026-08-13T17:08:56Z raw=87294528329 behind=5s lag_rows=2088599
  [quotes_typed]  32.34s type=Manual child_fresh=Nones e2e=Nones streamed_lat 5->5s lag 931475->128575
  [quotes_daily]  39.81s type=Manual child_fresh=48s e2e=52s streamed_lat 4->4s lag 56591->43894
  [lag] 2026-08-13T17:09:56Z raw=87353973541 behind=6s lag_rows=2891115
  [quotes_typed]  32.56s type=Manual child_fresh=Nones e2e=Nones streamed_lat 5->5s lag 287325->140810
  [quotes_daily]  39.59s type=Manual child_fresh=46s e2e=50s streamed_lat 5->4s lag 959886->689514
  [quotes_typed]  32.40s type=Manual child_fresh=Nones e2e=Nones streamed_lat 5->5s lag 0->862707
  [quotes_daily]   9.91s type=Manual child_fresh=17s e2e=22s streamed_lat 5->5s lag 90053->0
  [lag] 2026-08-13T17:10:56Z raw=87413800267 behind=4s lag_rows=0
  [quotes_typed]  32.76s type=Manual child_fresh=Nones e2e=Nones streamed_lat 5->4s lag 65108->0
  [lag] 2026-08-13T17:11:56Z raw=87471974171 behind=5s lag_rows=0
  [quotes_typed]  32.83s type=Manual child_fresh=Nones e2e=Nones streamed_lat 5->6s lag 963855->49271
  [quotes_daily]  39.74s type=Manual child_fresh=45s e2e=50s streamed_lat 4->5s lag 0->16062
  [quotes_typed]  32.47s type=Manual child_fresh=Nones e2e=Nones streamed_lat 6->7s lag 569976->1756022
  [lag] 2026-08-13T17:12:56Z raw=87534546547 behind=5s lag_rows=0
  [quotes_daily]  39.85s type=Manual child_fresh=46s e2e=52s streamed_lat 7->6s lag 4226839->466063
  [quotes_typed]  32.39s type=Manual child_fresh=Nones e2e=Nones streamed_lat 5->5s lag 206715->55719
  [lag] 2026-08-13T17:13:56Z raw=87595413083 behind=6s lag_rows=313226
  [quotes_typed]  32.74s type=Manual child_fresh=Nones e2e=Nones streamed_lat 6->7s lag 3314134->3673015
  [quotes_daily]  39.62s type=Manual child_fresh=48s e2e=53s streamed_lat 5->5s lag 8632->2846733
  [lag] 2026-08-13T17:14:56Z raw=87655380318 behind=4s lag_rows=431354
  [quotes_typed]  32.48s type=Manual child_fresh=Nones e2e=Nones streamed_lat 6->5s lag 239376->0
  [quotes_daily]  39.37s type=Manual child_fresh=44s e2e=50s streamed_lat 4->6s lag 0->0
  [quotes_typed]  32.58s type=Manual child_fresh=Nones e2e=Nones streamed_lat 5->7s lag 0->1453046
  [lag] 2026-08-13T17:15:56Z raw=87712416682 behind=6s lag_rows=60224
  [quotes_typed]  32.71s type=Manual child_fresh=Nones e2e=Nones streamed_lat 8->7s lag 349096->0
  [quotes_daily]  39.74s type=Manual child_fresh=49s e2e=58s streamed_lat 7->9s lag 0->2327382
  [lag] 2026-08-13T17:16:56Z raw=87771339072 behind=10s lag_rows=4846140
  [quotes_typed]  32.57s type=Manual child_fresh=Nones e2e=Nones streamed_lat 7->10s lag 58507->7472568
  [quotes_daily]  39.42s type=Manual child_fresh=45s e2e=54s streamed_lat 7->9s lag 0->0
  [lag] 2026-08-13T17:17:56Z raw=87836998355 behind=8s lag_rows=960876
  [quotes_typed]  32.56s type=Manual child_fresh=Nones e2e=Nones streamed_lat 9->8s lag 154263->317686
  [quotes_daily]  39.98s type=Manual child_fresh=52s e2e=61s streamed_lat 8->9s lag 66756->6433580
  [quotes_typed]  32.54s type=Manual child_fresh=Nones e2e=Nones streamed_lat 9->7s lag 5451730->0
  [lag] 2026-08-13T17:18:56Z raw=87892353974 behind=6s lag_rows=0
  [quotes_daily]  40.17s type=Manual child_fresh=49s e2e=55s streamed_lat 8->6s lag 5450252->68048
  [quotes_typed]  32.25s type=Manual child_fresh=Nones e2e=Nones streamed_lat 6->7s lag 51367->1388558
  [lag] 2026-08-13T17:19:56Z raw=87952651024 behind=6s lag_rows=0
  [quotes_typed]  32.71s type=Manual child_fresh=Nones e2e=Nones streamed_lat 7->6s lag 4377236->1721758
  [quotes_daily]  39.59s type=Manual child_fresh=44s e2e=49s streamed_lat 6->5s lag 0->310336
  [quotes_typed]  32.34s type=Manual child_fresh=Nones e2e=Nones streamed_lat 7->6s lag 2094187->0
  [lag] 2026-08-13T17:20:56Z raw=88011373694 behind=6s lag_rows=0
  [quotes_daily]  39.25s type=Manual child_fresh=47s e2e=54s streamed_lat 4->7s lag 69842->2081875
  [quotes_typed]  32.46s type=Manual child_fresh=Nones e2e=Nones streamed_lat 6->5s lag 28609->1586121
  [lag] 2026-08-13T17:21:56Z raw=88074013459 behind=4s lag_rows=0
  [quotes_typed]  32.76s type=Manual child_fresh=Nones e2e=Nones streamed_lat 4->4s lag 0->0
  [quotes_daily]  39.97s type=Manual child_fresh=49s e2e=54s streamed_lat 5->5s lag 519435->2120256
  [quotes_typed]   8.90s type=Manual child_fresh=Nones e2e=Nones streamed_lat 5->4s lag 1329485->784640
  [lag] 2026-08-13T17:22:56Z raw=88135470776 behind=5s lag_rows=699288
  [quotes_daily]  39.86s type=Manual child_fresh=44s e2e=49s streamed_lat 5->5s lag 0->0
  [quotes_typed]  32.18s type=Manual child_fresh=Nones e2e=Nones streamed_lat 4->5s lag 0->854692
  [quotes_typed]   1.43s type=Manual child_fresh=Nones e2e=Nones streamed_lat 4->4s lag 98582->0
  [lag] 2026-08-13T17:23:56Z raw=88195415583 behind=5s lag_rows=450386
  [quotes_typed]  32.42s type=Manual child_fresh=Nones e2e=Nones streamed_lat 4->5s lag 638595->0
  [quotes_daily]  40.37s type=Manual child_fresh=50s e2e=55s streamed_lat 5->5s lag 485199->0
  [lag] 2026-08-13T17:24:56Z raw=88253733813 behind=6s lag_rows=3102922
  [quotes_typed]  32.53s type=Manual child_fresh=Nones e2e=Nones streamed_lat 6->6s lag 41710->280992
  [quotes_daily]  40.08s type=Manual child_fresh=51s e2e=57s streamed_lat 6->6s lag 82661->3211522
  [quotes_typed]  32.47s type=Manual child_fresh=Nones e2e=Nones streamed_lat 7->5s lag 2828631->2064368
  [lag] 2026-08-13T17:25:56Z raw=88313247296 behind=4s lag_rows=0
  [quotes_daily]  39.86s type=Manual child_fresh=47s e2e=52s streamed_lat 4->5s lag 99921->0
  [quotes_typed]  32.49s type=Manual child_fresh=Nones e2e=Nones streamed_lat 6->5s lag 1800774->0
  [lag] 2026-08-13T17:26:56Z raw=88372996841 behind=6s lag_rows=48330
  [quotes_typed]  33.02s type=Manual child_fresh=Nones e2e=Nones streamed_lat 5->4s lag 0->0
  [quotes_daily]  39.98s type=Manual child_fresh=52s e2e=56s streamed_lat 5->4s lag 52996->76343
  [quotes_typed]   1.84s type=Manual child_fresh=Nones e2e=Nones streamed_lat 4->5s lag 197827->0
  [lag] 2026-08-13T17:27:56Z raw=88435303940 behind=4s lag_rows=28847
  [quotes_typed]  32.24s type=Manual child_fresh=Nones e2e=Nones streamed_lat 6->4s lag 414710->0
  [quotes_daily]  39.94s type=Manual child_fresh=54s e2e=60s streamed_lat 6->6s lag 1499491->508101
  [quotes_typed]   1.43s type=Manual child_fresh=Nones e2e=Nones streamed_lat 6->5s lag 121576->0
  [lag] 2026-08-13T17:28:56Z raw=88495439885 behind=4s lag_rows=68264
  [quotes_typed]  32.34s type=Manual child_fresh=Nones e2e=Nones streamed_lat 5->5s lag 50766->38007
  [quotes_daily]  39.77s type=Manual child_fresh=48s e2e=53s streamed_lat 5->5s lag 978182->673834
  [lag] 2026-08-13T17:29:56Z raw=88555184025 behind=4s lag_rows=109800
  [quotes_typed]  32.38s type=Manual child_fresh=Nones e2e=Nones streamed_lat 4->4s lag 0->0
  [quotes_daily]  39.51s type=Manual child_fresh=45s e2e=49s streamed_lat 5->4s lag 0->0
  [quotes_typed]  32.65s type=Manual child_fresh=Nones e2e=Nones streamed_lat 5->6s lag 892103->655564
  [lag] 2026-08-13T17:30:56Z raw=88614429411 behind=6s lag_rows=882889
  [quotes_daily]  39.49s type=Manual child_fresh=47s e2e=53s streamed_lat 7->6s lag 1133547->570735
  [quotes_typed]  32.36s type=Manual child_fresh=Nones e2e=Nones streamed_lat 7->6s lag 2684222->2161945
  [lag] 2026-08-13T17:31:56Z raw=88675173161 behind=5s lag_rows=899459
  [quotes_typed]  32.58s type=Manual child_fresh=Nones e2e=Nones streamed_lat 7->6s lag 4281786->149916
  [quotes_daily]  40.15s type=Manual child_fresh=45s e2e=50s streamed_lat 7->5s lag 1004602->110236
  [quotes_typed]  16.62s type=Manual child_fresh=Nones e2e=Nones streamed_lat 5->5s lag 70134->0
  [lag] 2026-08-13T17:32:56Z raw=88734910275 behind=5s lag_rows=1858764
  [quotes_typed]  32.46s type=Manual child_fresh=Nones e2e=Nones streamed_lat 5->7s lag 392487->3888878
  [quotes_daily]  39.89s type=Manual child_fresh=48s e2e=53s streamed_lat 5->5s lag 0->0
  [quotes_typed]   1.96s type=Manual child_fresh=Nones e2e=Nones streamed_lat 5->6s lag 25925->3440777
  [lag] 2026-08-13T17:33:56Z raw=88794951436 behind=5s lag_rows=1675378
  [quotes_typed]  32.22s type=Manual child_fresh=Nones e2e=Nones streamed_lat 6->5s lag 3213709->53631
  [quotes_daily]  39.83s type=Manual child_fresh=47s e2e=53s streamed_lat 6->6s lag 1694422->579915
  [lag] 2026-08-13T17:34:56Z raw=88856084803 behind=5s lag_rows=504468
  [quotes_typed]  32.48s type=Manual child_fresh=Nones e2e=Nones streamed_lat 5->5s lag 0->656565
  [quotes_daily]  39.55s type=Manual child_fresh=48s e2e=52s streamed_lat 5->4s lag 37742->86660
  [quotes_typed]  32.62s type=Manual child_fresh=Nones e2e=Nones streamed_lat 5->5s lag 216148->367613
  [lag] 2026-08-13T17:35:56Z raw=88914007334 behind=6s lag_rows=150665
  [quotes_daily]  39.77s type=Manual child_fresh=52s e2e=57s streamed_lat 5->5s lag 69655->22057
  [quotes_typed]  32.52s type=Manual child_fresh=Nones e2e=Nones streamed_lat 7->5s lag 2856313->0
  [lag] 2026-08-13T17:36:56Z raw=88974716091 behind=5s lag_rows=195955
  [quotes_typed]  32.33s type=Manual child_fresh=Nones e2e=Nones streamed_lat 6->5s lag 91023->67118
  [quotes_daily]  39.52s type=Manual child_fresh=45s e2e=51s streamed_lat 5->6s lag 0->279667
  [quotes_typed]  32.40s type=Manual child_fresh=Nones e2e=Nones streamed_lat 5->5s lag 0->0
  [lag] 2026-08-13T17:37:56Z raw=89033711310 behind=6s lag_rows=3128792
  [quotes_daily]  39.69s type=Manual child_fresh=47s e2e=54s streamed_lat 7->7s lag 2484420->1077613
  [quotes_typed]  32.53s type=Manual child_fresh=Nones e2e=Nones streamed_lat 6->6s lag 324997->62196
  [lag] 2026-08-13T17:38:56Z raw=89092349459 behind=7s lag_rows=497481
  [quotes_typed]  32.48s type=Manual child_fresh=Nones e2e=Nones streamed_lat 7->7s lag 1588992->316088
  [quotes_daily]  39.61s type=Manual child_fresh=44s e2e=49s streamed_lat 6->5s lag 0->40506
  [quotes_typed]  32.46s type=Manual child_fresh=Nones e2e=Nones streamed_lat 7->6s lag 4399853->0
  [lag] 2026-08-13T17:39:56Z raw=89151142351 behind=6s lag_rows=0
  [quotes_daily]  39.83s type=Manual child_fresh=44s e2e=50s streamed_lat 6->6s lag 297782->2448235
  [quotes_typed]  32.51s type=Manual child_fresh=Nones e2e=Nones streamed_lat 7->5s lag 226625->0
  [lag] 2026-08-13T17:40:56Z raw=89214285431 behind=4s lag_rows=12127
  [quotes_typed]  32.37s type=Manual child_fresh=Nones e2e=Nones streamed_lat 7->5s lag 3260195->0
  [quotes_daily]  39.78s type=Manual child_fresh=47s e2e=52s streamed_lat 7->5s lag 2479705->46366
  [quotes_typed]  32.29s type=Manual child_fresh=Nones e2e=Nones streamed_lat 5->6s lag 0->720456
  [lag] 2026-08-13T17:41:56Z raw=89276343063 behind=6s lag_rows=0
  [quotes_daily]  39.71s type=Manual child_fresh=49s e2e=54s streamed_lat 6->5s lag 37685->920829
  [quotes_typed]  32.29s type=Manual child_fresh=Nones e2e=Nones streamed_lat 5->6s lag 224681->0
  [lag] 2026-08-13T17:42:56Z raw=89334283717 behind=5s lag_rows=10342
  [quotes_daily]  39.92s type=Manual child_fresh=52s e2e=61s streamed_lat 6->9s lag 192605->2672215
  [quotes_typed]  32.72s type=Manual child_fresh=Nones e2e=Nones streamed_lat 5->8s lag 0->687631
  [quotes_typed]   4.48s type=Manual child_fresh=Nones e2e=Nones streamed_lat 6->8s lag 390712->415540
  [lag] 2026-08-13T17:43:56Z raw=89393967199 behind=7s lag_rows=1236735
  [quotes_daily]  39.78s type=Manual child_fresh=53s e2e=61s streamed_lat 6->8s lag 0->2583599
  [quotes_typed]  32.29s type=Manual child_fresh=Nones e2e=Nones streamed_lat 8->5s lag 3431451->1373
  [lag] 2026-08-13T17:44:56Z raw=89453522422 behind=5s lag_rows=0
  [quotes_typed]  32.21s type=Manual child_fresh=Nones e2e=Nones streamed_lat 6->6s lag 146328->34672
  [quotes_daily]  39.63s type=Manual child_fresh=48s e2e=54s streamed_lat 6->6s lag 185033->0
  [quotes_typed]  32.36s type=Manual child_fresh=Nones e2e=Nones streamed_lat 7->8s lag 106858->3677554
  [lag] 2026-08-13T17:45:56Z raw=89516504676 behind=5s lag_rows=0
  [quotes_daily]  39.80s type=Manual child_fresh=48s e2e=54s streamed_lat 6->6s lag 117480->1929311
  [quotes_typed]  32.18s type=Manual child_fresh=Nones e2e=Nones streamed_lat 6->5s lag 0->973696
  [lag] 2026-08-13T17:46:56Z raw=89573707189 behind=5s lag_rows=0
  [quotes_typed]  32.60s type=Manual child_fresh=Nones e2e=Nones streamed_lat 7->6s lag 1925874->0
  [quotes_daily]  40.01s type=Manual child_fresh=48s e2e=52s streamed_lat 7->4s lag 1496843->0
  [lag] 2026-08-13T17:47:56Z raw=89638259882 behind=4s lag_rows=0
  [quotes_typed]  32.55s type=Manual child_fresh=Nones e2e=Nones streamed_lat 5->5s lag 0->1680637
  [quotes_daily]  40.49s type=Manual child_fresh=48s e2e=53s streamed_lat 5->5s lag 888227->495534
  [quotes_typed]  32.41s type=Manual child_fresh=Nones e2e=Nones streamed_lat 5->5s lag 862396->420347
  [lag] 2026-08-13T17:48:56Z raw=89695197100 behind=4s lag_rows=30399
  [quotes_daily]  39.99s type=Manual child_fresh=52s e2e=57s streamed_lat 5->5s lag 277492->709796
  [quotes_typed]  32.24s type=Manual child_fresh=Nones e2e=Nones streamed_lat 5->5s lag 772480->314323
  [lag] 2026-08-13T17:49:56Z raw=89754692832 behind=4s lag_rows=2121152
  [quotes_typed]  32.82s type=Manual child_fresh=Nones e2e=Nones streamed_lat 5->5s lag 516140->107086
  [quotes_daily]  39.89s type=Manual child_fresh=48s e2e=54s streamed_lat 4->6s lag 1088154->1275475
  [lag] 2026-08-13T17:50:56Z raw=89813944131 behind=4s lag_rows=0
  [quotes_typed]  32.52s type=Manual child_fresh=Nones e2e=Nones streamed_lat 7->6s lag 3053042->1612049
  [quotes_daily]  39.94s type=Manual child_fresh=48s e2e=53s streamed_lat 4->5s lag 0->0
  [quotes_typed]  16.60s type=Manual child_fresh=Nones e2e=Nones streamed_lat 6->5s lag 1598820->0
  [quotes_typed]   1.15s type=Manual child_fresh=Nones e2e=Nones streamed_lat 5->5s lag 518153->311035
  [lag] 2026-08-13T17:51:56Z raw=89874560112 behind=6s lag_rows=2389021
  [quotes_daily]  39.70s type=Manual child_fresh=48s e2e=53s streamed_lat 5->5s lag 1445049->49161
  [quotes_typed]  32.04s type=Manual child_fresh=Nones e2e=Nones streamed_lat 5->5s lag 65904->1957529
  [lag] 2026-08-13T17:52:56Z raw=89934075636 behind=6s lag_rows=2810585
  [quotes_typed]  32.68s type=Manual child_fresh=Nones e2e=Nones streamed_lat 4->4s lag 57594->0
  [quotes_daily]  40.27s type=Manual child_fresh=48s e2e=53s streamed_lat 4->5s lag 0->2099187
  [lag] 2026-08-13T17:53:56Z raw=89994485759 behind=8s lag_rows=2305232
  [quotes_typed]  32.45s type=Manual child_fresh=Nones e2e=Nones streamed_lat 4->6s lag 0->57575
  [quotes_daily]  39.64s type=Manual child_fresh=47s e2e=52s streamed_lat 5->5s lag 808800->497539
  [quotes_typed]  32.24s type=Manual child_fresh=Nones e2e=Nones streamed_lat 6->4s lag 124771->35841
  [lag] 2026-08-13T17:54:56Z raw=90052244923 behind=5s lag_rows=0
  [quotes_daily]  40.21s type=Manual child_fresh=50s e2e=55s streamed_lat 5->5s lag 1848717->243169
  [quotes_typed]  32.18s type=Manual child_fresh=Nones e2e=Nones streamed_lat 4->6s lag 0->220491
  [quotes_typed]   1.18s type=Manual child_fresh=Nones e2e=Nones streamed_lat 5->5s lag 202291->0
  [lag] 2026-08-13T17:55:56Z raw=90114175518 behind=6s lag_rows=1684056
  [quotes_typed]  32.79s type=Manual child_fresh=Nones e2e=Nones streamed_lat 5->4s lag 2077512->22136
  [quotes_daily]  40.91s type=Manual child_fresh=52s e2e=57s streamed_lat 5->5s lag 2160454->2585994
  [lag] 2026-08-13T17:56:56Z raw=90172385580 behind=4s lag_rows=0
  [quotes_typed]  32.41s type=Manual child_fresh=Nones e2e=Nones streamed_lat 5->5s lag 0->1798335
  [quotes_daily]  40.26s type=Manual child_fresh=53s e2e=57s streamed_lat 4->4s lag 32151->0
  [quotes_typed]  32.76s type=Manual child_fresh=Nones e2e=Nones streamed_lat 4->6s lag 0->1346045
  [lag] 2026-08-13T17:57:56Z raw=90236780649 behind=4s lag_rows=0
  [quotes_daily]  39.86s type=Manual child_fresh=46s e2e=51s streamed_lat 5->5s lag 778937->1958381
  [quotes_typed]  32.34s type=Manual child_fresh=Nones e2e=Nones streamed_lat 4->5s lag 5362->114117
  [lag] 2026-08-13T17:58:56Z raw=90293900789 behind=5s lag_rows=41688
  [quotes_typed]  32.83s type=Manual child_fresh=Nones e2e=Nones streamed_lat 4->4s lag 0->0
  [quotes_daily]  40.48s type=Manual child_fresh=46s e2e=50s streamed_lat 4->4s lag 0->101572
  [quotes_typed]   1.33s type=Manual child_fresh=Nones e2e=Nones streamed_lat 4->4s lag 0->512950
  [lag] 2026-08-13T17:59:56Z raw=90354870691 behind=5s lag_rows=36934
  [quotes_typed]  32.15s type=Manual child_fresh=Nones e2e=Nones streamed_lat 4->6s lag 0->608735
  [quotes_daily]  40.42s type=Manual child_fresh=50s e2e=56s streamed_lat 5->6s lag 499398->1276935
  [lag] 2026-08-13T18:00:56Z raw=90414120537 behind=4s lag_rows=0
  [quotes_typed]  32.33s type=Manual child_fresh=Nones e2e=Nones streamed_lat 6->4s lag 724983->0
  [quotes_daily]  39.67s type=Manual child_fresh=46s e2e=50s streamed_lat 4->4s lag 1897905->0
  [quotes_typed]  32.36s type=Manual child_fresh=Nones e2e=Nones streamed_lat 4->6s lag 0->2136608
  [lag] 2026-08-13T18:01:56Z raw=90475460887 behind=4s lag_rows=45412
  [quotes_daily]  40.26s type=Manual child_fresh=48s e2e=54s streamed_lat 6->6s lag 601478->230256
  [quotes_typed]  32.29s type=Manual child_fresh=Nones e2e=Nones streamed_lat 5->8s lag 2827037->3290469
  [lag] 2026-08-13T18:02:56Z raw=90534199019 behind=4s lag_rows=0
  [quotes_typed]  33.06s type=Manual child_fresh=Nones e2e=Nones streamed_lat 6->4s lag 1629728->0
  [quotes_daily]  40.15s type=Manual child_fresh=49s e2e=54s streamed_lat 6->5s lag 154388->13064
  [lag] 2026-08-13T18:03:56Z raw=90593059059 behind=7s lag_rows=3800443
  [quotes_typed]  32.57s type=Manual child_fresh=Nones e2e=Nones streamed_lat 6->7s lag 985515->4132266
  [quotes_daily]  40.06s type=Manual child_fresh=50s e2e=56s streamed_lat 5->6s lag 0->251078
  [quotes_typed]  32.60s type=Manual child_fresh=Nones e2e=Nones streamed_lat 6->5s lag 0->225537
  [lag] 2026-08-13T18:04:56Z raw=90652954044 behind=5s lag_rows=0
  [quotes_daily]  39.98s type=Manual child_fresh=50s e2e=55s streamed_lat 5->5s lag 593568->1499828
  [quotes_typed]  32.25s type=Manual child_fresh=Nones e2e=Nones streamed_lat 5->4s lag 63549->0
  [lag] 2026-08-13T18:05:56Z raw=90713940462 behind=4s lag_rows=0
  [quotes_typed]  32.38s type=Manual child_fresh=Nones e2e=Nones streamed_lat 4->5s lag 0->1879322
  [quotes_daily]  40.19s type=Manual child_fresh=47s e2e=51s streamed_lat 5->4s lag 640198->98011
  [quotes_typed]  32.25s type=Manual child_fresh=Nones e2e=Nones streamed_lat 4->5s lag 58862->0
  [lag] 2026-08-13T18:06:56Z raw=90775489890 behind=6s lag_rows=2630563
  [quotes_daily]  39.81s type=Manual child_fresh=46s e2e=51s streamed_lat 6->5s lag 2218829->0
  [quotes_typed]  32.49s type=Manual child_fresh=Nones e2e=Nones streamed_lat 6->6s lag 1654691->2781561
  [lag] 2026-08-13T18:07:56Z raw=90834673910 behind=4s lag_rows=0
  [quotes_typed]  33.18s type=Manual child_fresh=Nones e2e=Nones streamed_lat 6->5s lag 2802380->620069
  [quotes_daily]  40.81s type=Manual child_fresh=48s e2e=53s streamed_lat 5->5s lag 0->0
  [quotes_typed]   1.36s type=Manual child_fresh=Nones e2e=Nones streamed_lat 5->5s lag 64421->20146
  [lag] 2026-08-13T18:08:56Z raw=90894641831 behind=4s lag_rows=0
  [quotes_typed]  32.95s type=Manual child_fresh=Nones e2e=Nones streamed_lat 5->4s lag 2032400->652010
  [quotes_daily]  40.48s type=Manual child_fresh=49s e2e=54s streamed_lat 5->5s lag 0->239659
  [lag] 2026-08-13T18:09:56Z raw=90954389678 behind=4s lag_rows=0
  [quotes_typed]  32.30s type=Manual child_fresh=Nones e2e=Nones streamed_lat 4->4s lag 0->716560
  [quotes_daily]  39.75s type=Manual child_fresh=46s e2e=50s streamed_lat 5->4s lag 1880513->0
  [quotes_typed]  32.34s type=Manual child_fresh=Nones e2e=Nones streamed_lat 3->4s lag 164756->519217
  [lag] 2026-08-13T18:10:56Z raw=91015364218 behind=4s lag_rows=63323
  [quotes_daily]  40.11s type=Manual child_fresh=46s e2e=51s streamed_lat 4->5s lag 852437->1410097
  [quotes_typed]  32.55s type=Manual child_fresh=Nones e2e=Nones streamed_lat 4->4s lag 0->0
  [quotes_typed]   1.47s type=Manual child_fresh=Nones e2e=Nones streamed_lat 6->6s lag 29945->2932413
  [lag] 2026-08-13T18:11:56Z raw=91073993810 behind=5s lag_rows=59634
  [quotes_daily]  40.14s type=Manual child_fresh=48s e2e=53s streamed_lat 6->5s lag 181320->1064719
  [quotes_typed]  32.17s type=Manual child_fresh=Nones e2e=Nones streamed_lat 6->5s lag 2390560->186709
  [lag] 2026-08-13T18:12:56Z raw=91134684259 behind=6s lag_rows=2125193
  [quotes_typed]  32.36s type=Manual child_fresh=Nones e2e=Nones streamed_lat 4->4s lag 0->0
  [quotes_daily]  40.05s type=Manual child_fresh=49s e2e=53s streamed_lat 4->4s lag 73668->0
  [quotes_typed]  16.35s type=Manual child_fresh=Nones e2e=Nones streamed_lat 5->5s lag 1549522->338091
  [lag] 2026-08-13T18:13:56Z raw=91195758776 behind=4s lag_rows=791320
  [quotes_typed]  32.63s type=Manual child_fresh=Nones e2e=Nones streamed_lat 4->4s lag 37518->135096
  [quotes_daily]  40.17s type=Manual child_fresh=57s e2e=62s streamed_lat 4->5s lag 0->1955877
  [quotes_daily] WARN: refresh exceeded the 60s cadence by 1.4s; next fires immediately.
  [lag] 2026-08-13T18:14:56Z raw=91253699101 behind=5s lag_rows=404518
  [quotes_typed]  32.55s type=Manual child_fresh=Nones e2e=Nones streamed_lat 5->5s lag 1426571->112200
  [quotes_daily]  39.90s type=Manual child_fresh=45s e2e=49s streamed_lat 4->4s lag 0->66603
  [quotes_typed]  32.43s type=Manual child_fresh=Nones e2e=Nones streamed_lat 5->5s lag 63007->162622
  [lag] 2026-08-13T18:15:56Z raw=91318874371 behind=4s lag_rows=234243
  [quotes_daily]  40.02s type=Manual child_fresh=47s e2e=52s streamed_lat 5->5s lag 46798->129422
  [quotes_typed]  32.92s type=Manual child_fresh=Nones e2e=Nones streamed_lat 4->6s lag 0->1216665
  [lag] 2026-08-13T18:16:56Z raw=91373760330 behind=6s lag_rows=2995098
  [quotes_typed]  33.11s type=Manual child_fresh=Nones e2e=Nones streamed_lat 5->6s lag 0->667453
  [quotes_daily]  40.39s type=Manual child_fresh=50s e2e=54s streamed_lat 7->4s lag 3045436->0
  [lag] 2026-08-13T18:17:56Z raw=91435620862 behind=4s lag_rows=0
  [quotes_typed]  32.40s type=Manual child_fresh=Nones e2e=Nones streamed_lat 5->4s lag 1691362->138284
  [quotes_daily]  39.99s type=Manual child_fresh=47s e2e=52s streamed_lat 5->5s lag 1136465->2258327
  [quotes_typed]  32.59s type=Manual child_fresh=Nones e2e=Nones streamed_lat 4->4s lag 0->0
  [lag] 2026-08-13T18:18:56Z raw=91495993067 behind=4s lag_rows=0
  [quotes_daily]  40.26s type=Manual child_fresh=46s e2e=50s streamed_lat 6->4s lag 3230721->0
  [quotes_typed]  32.89s type=Manual child_fresh=Nones e2e=Nones streamed_lat 5->5s lag 1043356->0
  [lag] 2026-08-13T18:19:56Z raw=91552173166 behind=5s lag_rows=0
  [quotes_typed]  32.82s type=Manual child_fresh=Nones e2e=Nones streamed_lat 7->7s lag 3817680->4231744
  [quotes_daily]  40.18s type=Manual child_fresh=47s e2e=52s streamed_lat 7->5s lag 2771323->0
  [lag] 2026-08-13T18:20:56Z raw=91614994747 behind=4s lag_rows=0
  [quotes_typed]  32.61s type=Manual child_fresh=Nones e2e=Nones streamed_lat 6->4s lag 771210->481782
  [quotes_daily]  39.83s type=Manual child_fresh=47s e2e=51s streamed_lat 4->4s lag 596669->0
  [quotes_typed]  16.44s type=Manual child_fresh=Nones e2e=Nones streamed_lat 3->5s lag 0->0
  [lag] 2026-08-13T18:21:56Z raw=91678532700 behind=5s lag_rows=43509
  [quotes_typed]  32.40s type=Manual child_fresh=Nones e2e=Nones streamed_lat 5->4s lag 0->660414
  [quotes_daily]  39.88s type=Manual child_fresh=48s e2e=52s streamed_lat 5->4s lag 48382->32932
  [lag] 2026-08-13T18:22:56Z raw=91734762469 behind=5s lag_rows=1290670
  [quotes_typed]  32.50s type=Manual child_fresh=Nones e2e=Nones streamed_lat 5->5s lag 975731->653427
  [quotes_daily]  40.58s type=Manual child_fresh=45s e2e=52s streamed_lat 4->7s lag 0->1153731
  [quotes_typed]  32.49s type=Manual child_fresh=Nones e2e=Nones streamed_lat 6->4s lag 1210375->0
  [lag] 2026-08-13T18:23:56Z raw=91793899111 behind=4s lag_rows=0
  [quotes_daily]  39.84s type=Manual child_fresh=48s e2e=53s streamed_lat 4->5s lag 0->44264
  [quotes_typed]  32.98s type=Manual child_fresh=Nones e2e=Nones streamed_lat 6->7s lag 2759339->4009047
  [lag] 2026-08-13T18:24:56Z raw=91853973556 behind=6s lag_rows=2825492
  [quotes_typed]  32.55s type=Manual child_fresh=Nones e2e=Nones streamed_lat 6->4s lag 0->0
  [quotes_daily]  40.32s type=Manual child_fresh=52s e2e=57s streamed_lat 7->5s lag 44877->0
  [quotes_typed]   4.27s type=Manual child_fresh=Nones e2e=Nones streamed_lat 5->5s lag 2155765->0
  [lag] 2026-08-13T18:25:56Z raw=91915094858 behind=5s lag_rows=325668
  [quotes_typed]  32.07s type=Manual child_fresh=Nones e2e=Nones streamed_lat 5->5s lag 0->0
  [quotes_daily]  39.79s type=Manual child_fresh=47s e2e=53s streamed_lat 6->6s lag 3238281->188362
  [lag] 2026-08-13T18:26:56Z raw=91975438797 behind=4s lag_rows=76918
  [quotes_typed]  32.33s type=Manual child_fresh=Nones e2e=Nones streamed_lat 6->5s lag 0->768055
  [quotes_daily]  39.87s type=Manual child_fresh=44s e2e=49s streamed_lat 4->5s lag 0->766337
  [quotes_typed]  32.56s type=Manual child_fresh=Nones e2e=Nones streamed_lat 5->4s lag 99110->0
  [lag] 2026-08-13T18:27:56Z raw=92031124554 behind=5s lag_rows=0
  [quotes_typed]  32.81s type=Manual child_fresh=Nones e2e=Nones streamed_lat 5->7s lag 54815->1013892
  [quotes_daily]  40.20s type=Manual child_fresh=46s e2e=52s streamed_lat 4->6s lag 26855->855660
  [quotes_typed]   2.36s type=Manual child_fresh=Nones e2e=Nones streamed_lat 5->4s lag 519569->0
  [lag] 2026-08-13T18:28:56Z raw=92093848419 behind=4s lag_rows=0
  [quotes_typed]  32.33s type=Manual child_fresh=Nones e2e=Nones streamed_lat 5->5s lag 2021415->224218
  [quotes_daily]  40.84s type=Manual child_fresh=51s e2e=56s streamed_lat 5->5s lag 1521641->1044644
  [quotes_daily]   8.77s type=Manual child_fresh=18s e2e=22s streamed_lat 5->4s lag 418238->0
  [lag] 2026-08-13T18:29:56Z raw=92155883466 behind=4s lag_rows=0
  [quotes_typed]  32.70s type=Manual child_fresh=Nones e2e=Nones streamed_lat 5->4s lag 321385->0
  [lag] 2026-08-13T18:30:56Z raw=92214383666 behind=5s lag_rows=0
  [quotes_typed]  32.50s type=Manual child_fresh=Nones e2e=Nones streamed_lat 4->7s lag 0->1370884
  [quotes_daily]  39.90s type=Manual child_fresh=47s e2e=51s streamed_lat 5->4s lag 204390->60657
  [quotes_typed]  32.56s type=Manual child_fresh=Nones e2e=Nones streamed_lat 6->5s lag 1189973->40919
  [quotes_daily]   8.91s type=Manual child_fresh=21s e2e=26s streamed_lat 5->5s lag 51141->599210
  [lag] 2026-08-13T18:31:56Z raw=92275539785 behind=5s lag_rows=207976
  [quotes_typed]  32.58s type=Manual child_fresh=Nones e2e=Nones streamed_lat 4->8s lag 639191->994567
  [lag] 2026-08-13T18:32:56Z raw=92337313857 behind=4s lag_rows=67073
  [quotes_typed]  32.35s type=Manual child_fresh=Nones e2e=Nones streamed_lat 8->5s lag 367884->309785
  [quotes_daily]  40.08s type=Manual child_fresh=50s e2e=55s streamed_lat 6->5s lag 48861->808454
  [lag] 2026-08-13T18:33:56Z raw=92397827083 behind=4s lag_rows=994780
  [quotes_typed]  32.30s type=Manual child_fresh=Nones e2e=Nones streamed_lat 4->4s lag 0->101070
  [quotes_daily]  40.34s type=Manual child_fresh=44s e2e=48s streamed_lat 4->4s lag 0->0
  [quotes_typed]  32.37s type=Manual child_fresh=Nones e2e=Nones streamed_lat 6->4s lag 2264354->60621
  [quotes_daily]   9.05s type=Manual child_fresh=20s e2e=24s streamed_lat 4->4s lag 0->27326
  [lag] 2026-08-13T18:34:56Z raw=92453862773 behind=4s lag_rows=0
  [quotes_typed]  16.46s type=Manual child_fresh=Nones e2e=Nones streamed_lat 4->5s lag 0->150711
  [quotes_typed]  32.40s type=Manual child_fresh=Nones e2e=Nones streamed_lat 4->4s lag 0->0
  [lag] 2026-08-13T18:35:56Z raw=92515420256 behind=4s lag_rows=0
  [quotes_daily]  40.44s type=Manual child_fresh=47s e2e=52s streamed_lat 4->5s lag 40225->461023
  [quotes_typed]  32.47s type=Manual child_fresh=Nones e2e=Nones streamed_lat 5->4s lag 209198->47685
  [lag] 2026-08-13T18:36:56Z raw=92576768802 behind=6s lag_rows=1674790
  [quotes_daily]   8.96s type=Manual child_fresh=23s e2e=29s streamed_lat 5->6s lag 174153->531368
  [quotes_typed]  32.46s type=Manual child_fresh=Nones e2e=Nones streamed_lat 6->7s lag 2554143->0
  [lag] 2026-08-13T18:37:56Z raw=92633084018 behind=6s lag_rows=2139364
  [quotes_typed]  32.51s type=Manual child_fresh=Nones e2e=Nones streamed_lat 6->7s lag 0->2551856
  [quotes_daily]  40.18s type=Manual child_fresh=46s e2e=51s streamed_lat 6->5s lag 3267960->2192781
  [quotes_typed]  32.63s type=Manual child_fresh=Nones e2e=Nones streamed_lat 6->5s lag 0->180147
  [lag] 2026-08-13T18:38:56Z raw=92696854174 behind=4s lag_rows=101580
  [quotes_daily]  23.91s type=Manual child_fresh=30s e2e=35s streamed_lat 4->5s lag 0->0
  [quotes_typed]  32.34s type=Manual child_fresh=Nones e2e=Nones streamed_lat 4->5s lag 182042->421733
  [lag] 2026-08-13T18:39:56Z raw=92754701042 behind=5s lag_rows=1234354
  [quotes_typed]  33.16s type=Manual child_fresh=Nones e2e=Nones streamed_lat 4->4s lag 565835->803178
  [quotes_daily]  40.38s type=Manual child_fresh=47s e2e=52s streamed_lat 6->5s lag 3252010->0
  [quotes_typed]   1.44s type=Manual child_fresh=Nones e2e=Nones streamed_lat 4->4s lag 0->0
  [quotes_daily]   1.71s type=Manual child_fresh=12s e2e=16s streamed_lat 4->4s lag 293383->0
  [lag] 2026-08-13T18:40:56Z raw=92814904546 behind=4s lag_rows=0
  [quotes_typed]   1.18s type=Manual child_fresh=Nones e2e=Nones streamed_lat 4->6s lag 128963->546321
  [quotes_typed]   4.10s type=Manual child_fresh=Nones e2e=Nones streamed_lat 4->4s lag 0->0
  [lag] 2026-08-13T18:41:56Z raw=92874783210 behind=5s lag_rows=2152461
  [quotes_typed]  32.18s type=Manual child_fresh=Nones e2e=Nones streamed_lat 5->5s lag 1616469->207559
  [quotes_daily]  40.24s type=Manual child_fresh=47s e2e=51s streamed_lat 5->4s lag 553439->50316
  [quotes_typed]  32.59s type=Manual child_fresh=Nones e2e=Nones streamed_lat 4->4s lag 0->453246
  [lag] 2026-08-13T18:42:56Z raw=92934307069 behind=6s lag_rows=2565418
  [quotes_daily]  40.28s type=Manual child_fresh=48s e2e=53s streamed_lat 5->5s lag 0->62552
  [quotes_typed]  32.59s type=Manual child_fresh=Nones e2e=Nones streamed_lat 5->5s lag 564863->84366
  [lag] 2026-08-13T18:43:56Z raw=92996295022 behind=4s lag_rows=531176
  [quotes_typed]  32.63s type=Manual child_fresh=Nones e2e=Nones streamed_lat 5->4s lag 0->18315
  [quotes_daily]  40.73s type=Manual child_fresh=46s e2e=50s streamed_lat 5->4s lag 1293342->751755
  [quotes_typed]  32.60s type=Manual child_fresh=Nones e2e=Nones streamed_lat 5->4s lag 0->153895
  [lag] 2026-08-13T18:44:56Z raw=93057005300 behind=4s lag_rows=143244
  [quotes_daily]  40.36s type=Manual child_fresh=47s e2e=51s streamed_lat 5->4s lag 678852->0
  [quotes_typed]  32.38s type=Manual child_fresh=Nones e2e=Nones streamed_lat 3->6s lag 0->1513501
  [lag] 2026-08-13T18:45:56Z raw=93115308015 behind=5s lag_rows=1130704
  [quotes_typed]  32.69s type=Manual child_fresh=Nones e2e=Nones streamed_lat 4->4s lag 35162->0
  [quotes_daily]  40.50s type=Manual child_fresh=51s e2e=56s streamed_lat 5->5s lag 342813->683609
  [quotes_typed]   8.32s type=Manual child_fresh=Nones e2e=Nones streamed_lat 6->5s lag 2130618->0
  [lag] 2026-08-13T18:46:56Z raw=93174567392 behind=4s lag_rows=0
  [quotes_typed]  32.26s type=Manual child_fresh=Nones e2e=Nones streamed_lat 5->3s lag 844814->0
  [quotes_daily]  40.57s type=Manual child_fresh=49s e2e=55s streamed_lat 5->6s lag 89185->1721377
  [quotes_typed]   1.31s type=Manual child_fresh=Nones e2e=Nones streamed_lat 5->5s lag 254563->2175244
  [quotes_typed]   1.90s type=Manual child_fresh=Nones e2e=Nones streamed_lat 4->4s lag 135024->0
  [lag] 2026-08-13T18:47:56Z raw=93235297159 behind=5s lag_rows=633757
  [quotes_daily]  40.17s type=Manual child_fresh=45s e2e=49s streamed_lat 4->4s lag 0->184267
  [quotes_typed]  31.99s type=Manual child_fresh=Nones e2e=Nones streamed_lat 5->5s lag 0->1970032
  [lag] 2026-08-13T18:48:56Z raw=93295502471 behind=5s lag_rows=488862
  [quotes_typed]  32.38s type=Manual child_fresh=Nones e2e=Nones streamed_lat 5->4s lag 990083->68784
  [quotes_daily]  40.62s type=Manual child_fresh=50s e2e=55s streamed_lat 5->5s lag 1225082->2492979
  [lag] 2026-08-13T18:49:56Z raw=93353951348 behind=4s lag_rows=0
  [quotes_typed]  32.34s type=Manual child_fresh=Nones e2e=Nones streamed_lat 5->4s lag 672974->144899
  [quotes_daily]  39.95s type=Manual child_fresh=49s e2e=55s streamed_lat 4->6s lag 53552->95335
  [quotes_typed]  32.18s type=Manual child_fresh=Nones e2e=Nones streamed_lat 4->4s lag 0->65882
  [lag] 2026-08-13T18:50:56Z raw=93415205123 behind=4s lag_rows=64691
  [quotes_daily]  40.12s type=Manual child_fresh=49s e2e=56s streamed_lat 5->7s lag 922066->916463
  [quotes_typed]  32.22s type=Manual child_fresh=Nones e2e=Nones streamed_lat 4->5s lag 0->0
  [lag] 2026-08-13T18:51:56Z raw=93475499441 behind=3s lag_rows=0
  [quotes_typed]  32.13s type=Manual child_fresh=Nones e2e=Nones streamed_lat 5->4s lag 0->0
  [quotes_daily]  40.39s type=Manual child_fresh=48s e2e=52s streamed_lat 6->4s lag 1742977->142111
  [lag] 2026-08-13T18:52:56Z raw=93534683625 behind=5s lag_rows=42248
  [quotes_typed]  32.45s type=Manual child_fresh=Nones e2e=Nones streamed_lat 4->7s lag 0->1364775
  [quotes_daily]  39.92s type=Manual child_fresh=52s e2e=57s streamed_lat 4->5s lag 0->631458
  [quotes_typed]  32.21s type=Manual child_fresh=Nones e2e=Nones streamed_lat 6->7s lag 743612->2110570
  [quotes_daily]   8.76s type=Manual child_fresh=20s e2e=26s streamed_lat 4->6s lag 0->1386847
  [lag] 2026-08-13T18:53:56Z raw=93595054440 behind=5s lag_rows=382794
  [quotes_typed]  33.02s type=Manual child_fresh=Nones e2e=Nones streamed_lat 7->4s lag 4230086->0
  [lag] 2026-08-13T18:54:56Z raw=93654036025 behind=5s lag_rows=0
  [quotes_typed]  32.25s type=Manual child_fresh=Nones e2e=Nones streamed_lat 5->5s lag 2412861->0
  [quotes_daily]  40.35s type=Manual child_fresh=48s e2e=53s streamed_lat 5->5s lag 2102475->2103695
  [quotes_typed]   8.22s type=Manual child_fresh=Nones e2e=Nones streamed_lat 5->4s lag 0->0
  [lag] 2026-08-13T18:55:56Z raw=93714585341 behind=5s lag_rows=0
  [quotes_typed]  32.03s type=Manual child_fresh=Nones e2e=Nones streamed_lat 5->5s lag 2200859->2305199
  [quotes_daily]  40.19s type=Manual child_fresh=48s e2e=52s streamed_lat 5->4s lag 59184->69550
  [quotes_typed]  32.30s type=Manual child_fresh=Nones e2e=Nones streamed_lat 5->5s lag 83473->0
  [lag] 2026-08-13T18:56:56Z raw=93773811258 behind=5s lag_rows=83312
  [quotes_daily]  40.18s type=Manual child_fresh=53s e2e=58s streamed_lat 4->5s lag 75336->0
  [quotes_typed]  33.21s type=Manual child_fresh=Nones e2e=Nones streamed_lat 5->7s lag 0->313995
  [lag] 2026-08-13T18:57:56Z raw=93835151134 behind=4s lag_rows=715431
  [quotes_typed]  32.74s type=Manual child_fresh=Nones e2e=Nones streamed_lat 6->4s lag 2606986->906232
  [quotes_daily]  40.56s type=Manual child_fresh=48s e2e=52s streamed_lat 5->4s lag 0->0
  [quotes_typed]   8.22s type=Manual child_fresh=Nones e2e=Nones streamed_lat 5->5s lag 2003369->0
  [lag] 2026-08-13T18:58:56Z raw=93894310373 behind=4s lag_rows=0
  [quotes_typed]  32.56s type=Manual child_fresh=Nones e2e=Nones streamed_lat 5->5s lag 2443890->949230
  [quotes_daily]  40.12s type=Manual child_fresh=53s e2e=58s streamed_lat 6->5s lag 962712->2060513
  [quotes_typed]   1.26s type=Manual child_fresh=Nones e2e=Nones streamed_lat 5->4s lag 84786->169966
  [quotes_daily]   4.55s type=Manual child_fresh=14s e2e=19s streamed_lat 5->5s lag 1449257->0
  [lag] 2026-08-13T18:59:56Z raw=93955628294 behind=4s lag_rows=196305
  [quotes_typed]  32.11s type=Manual child_fresh=Nones e2e=Nones streamed_lat 5->5s lag 181075->1487207
  [quotes_typed]   1.43s type=Manual child_fresh=Nones e2e=Nones streamed_lat 4->5s lag 58159->2082430
  [quotes_daily]   1.59s type=Manual child_fresh=14s e2e=19s streamed_lat 5->5s lag 0->0
  [lag] 2026-08-13T19:00:56Z raw=94015570450 behind=5s lag_rows=221516
  [quotes_typed]  32.52s type=Manual child_fresh=Nones e2e=Nones streamed_lat 6->4s lag 0->1006043
  [quotes_typed]   4.61s type=Manual child_fresh=Nones e2e=Nones streamed_lat 4->5s lag 0->2260276
  [lag] 2026-08-13T19:01:56Z raw=94073545386 behind=4s lag_rows=0
  [quotes_typed]  32.29s type=Manual child_fresh=Nones e2e=Nones streamed_lat 5->4s lag 172755->0
  [quotes_daily]  40.84s type=Manual child_fresh=51s e2e=56s streamed_lat 5->5s lag 835830->0
  [quotes_typed]   2.26s type=Manual child_fresh=Nones e2e=Nones streamed_lat 4->4s lag 64100->0
  [lag] 2026-08-13T19:02:56Z raw=94134356810 behind=6s lag_rows=2592353
  [quotes_typed]  32.24s type=Manual child_fresh=Nones e2e=Nones streamed_lat 4->5s lag 0->2203500
  [quotes_daily]  40.87s type=Manual child_fresh=47s e2e=52s streamed_lat 4->5s lag 0->0
  [quotes_typed]   1.79s type=Manual child_fresh=Nones e2e=Nones streamed_lat 6->8s lag 469957->478615
  [lag] 2026-08-13T19:03:56Z raw=94193009224 behind=4s lag_rows=0
  [quotes_typed]  32.12s type=Manual child_fresh=Nones e2e=Nones streamed_lat 8->4s lag 1438641->1647137
  [quotes_daily]  40.19s type=Manual child_fresh=45s e2e=50s streamed_lat 8->5s lag 1227011->2131462
  [lag] 2026-08-13T19:04:56Z raw=94255991514 behind=4s lag_rows=83467
  [quotes_typed]  32.26s type=Manual child_fresh=Nones e2e=Nones streamed_lat 4->5s lag 53118->2099817
  [quotes_daily]  39.94s type=Manual child_fresh=47s e2e=52s streamed_lat 5->5s lag 593953->960413
  [quotes_typed]  32.19s type=Manual child_fresh=Nones e2e=Nones streamed_lat 5->5s lag 151468->2169324
  [lag] 2026-08-13T19:05:56Z raw=94313833475 behind=4s lag_rows=0
  [quotes_daily]  15.66s type=Manual child_fresh=24s e2e=29s streamed_lat 4->5s lag 0->0
  [quotes_typed]   8.29s type=Manual child_fresh=Nones e2e=Nones streamed_lat 6->6s lag 2691896->1412812
  [quotes_typed]   2.13s type=Manual child_fresh=Nones e2e=Nones streamed_lat 5->4s lag 308490->55989
  [quotes_typed]  32.01s type=Manual child_fresh=Nones e2e=Nones streamed_lat 4->5s lag 0->70212
  [lag] 2026-08-13T19:06:56Z raw=94376627933 behind=4s lag_rows=261911
  [quotes_daily]  39.93s type=Manual child_fresh=47s e2e=51s streamed_lat 4->4s lag 180383->0
  [quotes_typed]  32.38s type=Manual child_fresh=Nones e2e=Nones streamed_lat 5->4s lag 598377->57508
  [lag] 2026-08-13T19:07:56Z raw=94433590731 behind=5s lag_rows=0
  [quotes_typed]  32.84s type=Manual child_fresh=Nones e2e=Nones streamed_lat 5->4s lag 0->0
  [quotes_daily]  40.42s type=Manual child_fresh=52s e2e=57s streamed_lat 5->5s lag 1047123->148564
  [lag] 2026-08-13T19:08:56Z raw=94495191984 behind=4s lag_rows=37284
  [quotes_typed]  32.25s type=Manual child_fresh=Nones e2e=Nones streamed_lat 5->5s lag 2033753->0
  [quotes_daily]  40.64s type=Manual child_fresh=49s e2e=53s streamed_lat 5->4s lag 63401->0
  [quotes_typed]  32.25s type=Manual child_fresh=Nones e2e=Nones streamed_lat 4->5s lag 1555001->0
  [lag] 2026-08-13T19:09:56Z raw=94554761015 behind=4s lag_rows=0
  [quotes_daily]  40.16s type=Manual child_fresh=47s e2e=51s streamed_lat 4->4s lag 62182->279104
  [quotes_typed]  32.52s type=Manual child_fresh=Nones e2e=Nones streamed_lat 4->5s lag 0->200215
  [lag] 2026-08-13T19:10:56Z raw=94614937562 behind=4s lag_rows=45616
  [quotes_typed]  32.79s type=Manual child_fresh=Nones e2e=Nones streamed_lat 6->6s lag 1924882->296995
  [quotes_daily]  40.42s type=Manual child_fresh=49s e2e=54s streamed_lat 4->5s lag 0->52763
  [lag] 2026-08-13T19:11:56Z raw=94672940052 behind=4s lag_rows=0
  [quotes_typed]  32.43s type=Manual child_fresh=Nones e2e=Nones streamed_lat 4->5s lag 0->0
  [quotes_daily]  40.29s type=Manual child_fresh=46s e2e=52s streamed_lat 5->6s lag 1865461->1000406
  [quotes_typed]  32.72s type=Manual child_fresh=Nones e2e=Nones streamed_lat 5->5s lag 0->0
  [lag] 2026-08-13T19:12:56Z raw=94732267706 behind=4s lag_rows=0
  [quotes_daily]  40.46s type=Manual child_fresh=47s e2e=52s streamed_lat 5->5s lag 2086284->0
  [quotes_typed]  32.27s type=Manual child_fresh=Nones e2e=Nones streamed_lat 5->5s lag 1655315->283468
  [quotes_typed]   4.23s type=Manual child_fresh=Nones e2e=Nones streamed_lat 5->5s lag 0->927235
  [lag] 2026-08-13T19:13:56Z raw=94795432388 behind=4s lag_rows=458708
  [quotes_typed]  32.64s type=Manual child_fresh=Nones e2e=Nones streamed_lat 4->5s lag 78251->1494769
  [quotes_daily]  40.70s type=Manual child_fresh=51s e2e=56s streamed_lat 6->5s lag 458449->238771
  [lag] 2026-08-13T19:14:56Z raw=94852849156 behind=4s lag_rows=0
  [quotes_typed]  32.53s type=Manual child_fresh=Nones e2e=Nones streamed_lat 5->5s lag 128866->161700
  [quotes_daily]  40.92s type=Manual child_fresh=46s e2e=50s streamed_lat 4->4s lag 0->0
  [quotes_typed]  32.30s type=Manual child_fresh=Nones e2e=Nones streamed_lat 5->5s lag 229833->592172
  [lag] 2026-08-13T19:15:56Z raw=94916147903 behind=4s lag_rows=1320992
  [quotes_daily]  40.27s type=Manual child_fresh=47s e2e=52s streamed_lat 5->5s lag 777299->97621
  [quotes_typed]  32.55s type=Manual child_fresh=Nones e2e=Nones streamed_lat 4->7s lag 0->2346616
  [lag] 2026-08-13T19:16:56Z raw=94975521392 behind=5s lag_rows=806736
  [quotes_typed]  32.66s type=Manual child_fresh=Nones e2e=Nones streamed_lat 5->5s lag 409741->173359
  [quotes_daily]  40.25s type=Manual child_fresh=55s e2e=60s streamed_lat 6->5s lag 195885->1441526
  [quotes_typed]   1.51s type=Manual child_fresh=Nones e2e=Nones streamed_lat 4->6s lag 0->1043859
  [lag] 2026-08-13T19:17:56Z raw=95033422108 behind=5s lag_rows=92577
  [quotes_typed]  32.41s type=Manual child_fresh=Nones e2e=Nones streamed_lat 4->5s lag 118003->62517
  [quotes_daily]  40.21s type=Manual child_fresh=51s e2e=55s streamed_lat 5->4s lag 289134->104478
  [lag] 2026-08-13T19:18:56Z raw=95095811664 behind=5s lag_rows=707237
  [quotes_typed]  32.41s type=Manual child_fresh=Nones e2e=Nones streamed_lat 4->4s lag 0->0
  [quotes_daily]  40.33s type=Manual child_fresh=45s e2e=50s streamed_lat 4->5s lag 0->805369
  [quotes_typed]  32.70s type=Manual child_fresh=Nones e2e=Nones streamed_lat 5->4s lag 1647872->39387
  [lag] 2026-08-13T19:19:56Z raw=95153725527 behind=6s lag_rows=3115753
  [quotes_daily]  40.72s type=Manual child_fresh=47s e2e=52s streamed_lat 5->5s lag 2196870->1880015
  [quotes_typed]  32.51s type=Manual child_fresh=Nones e2e=Nones streamed_lat 4->5s lag 0->913849
  [lag] 2026-08-13T19:20:56Z raw=95215870201 behind=4s lag_rows=63615
  [quotes_typed]  32.29s type=Manual child_fresh=Nones e2e=Nones streamed_lat 5->5s lag 0->0
  [quotes_daily]  40.94s type=Manual child_fresh=47s e2e=52s streamed_lat 5->5s lag 0->0
  [lag] 2026-08-13T19:21:56Z raw=95274574869 behind=6s lag_rows=624350
  [quotes_typed]  32.32s type=Manual child_fresh=Nones e2e=Nones streamed_lat 5->4s lag 0->1925000
  [quotes_daily]  40.63s type=Manual child_fresh=51s e2e=55s streamed_lat 6->4s lag 0->0
  [quotes_typed]  32.45s type=Manual child_fresh=Nones e2e=Nones streamed_lat 5->5s lag 55359->68726
  [lag] 2026-08-13T19:22:56Z raw=95333425662 behind=4s lag_rows=0
  [quotes_typed]  32.73s type=Manual child_fresh=Nones e2e=Nones streamed_lat 4->5s lag 0->255160
  [quotes_daily]  41.54s type=Manual child_fresh=55s e2e=60s streamed_lat 5->5s lag 476841->0
  [lag] 2026-08-13T19:23:56Z raw=95394324470 behind=6s lag_rows=1852907
  [quotes_typed]  32.84s type=Manual child_fresh=Nones e2e=Nones streamed_lat 5->7s lag 0->1782469
  [quotes_daily]  40.20s type=Manual child_fresh=46s e2e=53s streamed_lat 6->7s lag 747709->245177
  [lag] 2026-08-13T19:24:56Z raw=95454228618 behind=6s lag_rows=259855
  [quotes_typed]  32.50s type=Manual child_fresh=Nones e2e=Nones streamed_lat 7->8s lag 0->3045534
  [quotes_daily]  40.43s type=Manual child_fresh=51s e2e=59s streamed_lat 6->8s lag 52113->389349
  [quotes_typed]  32.39s type=Manual child_fresh=Nones e2e=Nones streamed_lat 7->6s lag 1783263->1541019
  [lag] 2026-08-13T19:25:56Z raw=95514722951 behind=5s lag_rows=119180
  [quotes_daily]  40.68s type=Manual child_fresh=53s e2e=57s streamed_lat 5->4s lag 425610->0
  [quotes_typed]  32.88s type=Manual child_fresh=Nones e2e=Nones streamed_lat 7->4s lag 1930642->0
  [lag] 2026-08-13T19:26:56Z raw=95575005452 behind=4s lag_rows=0
  [quotes_typed]  32.58s type=Manual child_fresh=Nones e2e=Nones streamed_lat 4->4s lag 0->0
  [quotes_daily]  40.43s type=Manual child_fresh=46s e2e=50s streamed_lat 4->4s lag 120471->0
  [quotes_typed]  32.49s type=Manual child_fresh=Nones e2e=Nones streamed_lat 5->4s lag 740582->359516
  [lag] 2026-08-13T19:27:56Z raw=95636874723 behind=5s lag_rows=308478
  [quotes_daily]  40.54s type=Manual child_fresh=46s e2e=51s streamed_lat 5->5s lag 0->0
  [quotes_typed]  32.79s type=Manual child_fresh=Nones e2e=Nones streamed_lat 5->4s lag 0->0
  [lag] 2026-08-13T19:28:56Z raw=95694085253 behind=6s lag_rows=1907847
  [quotes_typed]  33.03s type=Manual child_fresh=Nones e2e=Nones streamed_lat 4->6s lag 0->1715216
  [quotes_daily]  40.61s type=Manual child_fresh=51s e2e=56s streamed_lat 4->5s lag 1964389->344343
  [lag] 2026-08-13T19:29:56Z raw=95753343827 behind=4s lag_rows=0
  [quotes_typed]  32.39s type=Manual child_fresh=Nones e2e=Nones streamed_lat 5->4s lag 0->0
  [quotes_daily]  40.26s type=Manual child_fresh=45s e2e=50s streamed_lat 4->5s lag 0->1234566
  [lag] 2026-08-13T19:30:56Z raw=95815101388 behind=5s lag_rows=2021625
  [quotes_typed]  32.44s type=Manual child_fresh=Nones e2e=Nones streamed_lat 5->4s lag 1079114->0
  [quotes_daily]  40.37s type=Manual child_fresh=45s e2e=49s streamed_lat 4->4s lag 0->0
  [quotes_typed]  32.41s type=Manual child_fresh=Nones e2e=Nones streamed_lat 4->5s lag 0->180314
  [lag] 2026-08-13T19:31:56Z raw=95874923626 behind=4s lag_rows=0
  [quotes_typed]  32.92s type=Manual child_fresh=Nones e2e=Nones streamed_lat 5->4s lag 2078047->0
  [quotes_daily]  40.39s type=Manual child_fresh=51s e2e=57s streamed_lat 5->6s lag 990770->919760
  [lag] 2026-08-13T19:32:56Z raw=95934835017 behind=4s lag_rows=73471
  [quotes_typed]  32.38s type=Manual child_fresh=Nones e2e=Nones streamed_lat 7->5s lag 1505586->1209288
  [quotes_daily]  40.19s type=Manual child_fresh=49s e2e=53s streamed_lat 6->4s lag 709435->0
  [quotes_typed]  32.37s type=Manual child_fresh=Nones e2e=Nones streamed_lat 5->4s lag 841971->64194
  [lag] 2026-08-13T19:33:56Z raw=95993489215 behind=4s lag_rows=0
  [quotes_daily]  40.49s type=Manual child_fresh=45s e2e=49s streamed_lat 5->4s lag 0->0
  [quotes_typed]  32.45s type=Manual child_fresh=Nones e2e=Nones streamed_lat 5->4s lag 1520674->0
  [lag] 2026-08-13T19:34:56Z raw=96055038944 behind=5s lag_rows=2166385
  [quotes_typed]  33.00s type=Manual child_fresh=Nones e2e=Nones streamed_lat 4->5s lag 25024->599142
  [quotes_daily]  40.67s type=Manual child_fresh=51s e2e=56s streamed_lat 4->5s lag 1222914->353511
  [quotes_typed]   1.35s type=Manual child_fresh=Nones e2e=Nones streamed_lat 4->4s lag 23919->0
  [lag] 2026-08-13T19:35:56Z raw=96114809635 behind=5s lag_rows=2157333
  [quotes_typed]  32.10s type=Manual child_fresh=Nones e2e=Nones streamed_lat 4->4s lag 594105->0
  [quotes_daily]  40.23s type=Manual child_fresh=50s e2e=53s streamed_lat 4->3s lag 55735->0
  [quotes_typed]   1.91s type=Manual child_fresh=Nones e2e=Nones streamed_lat 4->5s lag 68292->663269
  [lag] 2026-08-13T19:36:56Z raw=96174022383 behind=5s lag_rows=0
  [quotes_typed]  32.35s type=Manual child_fresh=Nones e2e=Nones streamed_lat 5->12s lag 2236016->260000
  [quotes_daily]  40.34s type=Manual child_fresh=48s e2e=60s streamed_lat 4->12s lag 0->1842496
  [lag] 2026-08-13T19:37:56Z raw=96232653219 behind=7s lag_rows=4070090
  [quotes_typed]  33.04s type=Manual child_fresh=Nones e2e=Nones streamed_lat 12->6s lag 5195021->3058073
  [quotes_daily]  40.54s type=Manual child_fresh=51s e2e=56s streamed_lat 9->5s lag 354735->313216
  [quotes_typed]  32.38s type=Manual child_fresh=Nones e2e=Nones streamed_lat 4->6s lag 31438->3246208
  [lag] 2026-08-13T19:38:56Z raw=96293871801 behind=4s lag_rows=0
  [quotes_daily]  41.07s type=Manual child_fresh=48s e2e=53s streamed_lat 4->5s lag 685833->0
  [quotes_typed]  33.20s type=Manual child_fresh=Nones e2e=Nones streamed_lat 4->6s lag 0->1018975
  [lag] 2026-08-13T19:39:56Z raw=96354797976 behind=4s lag_rows=94973
  [quotes_typed]  32.51s type=Manual child_fresh=Nones e2e=Nones streamed_lat 6->4s lag 596510->182992
  [quotes_daily]  40.45s type=Manual child_fresh=45s e2e=49s streamed_lat 5->4s lag 138129->0
  [lag] 2026-08-13T19:40:56Z raw=96416056976 behind=5s lag_rows=1486981
  [quotes_typed]  32.40s type=Manual child_fresh=Nones e2e=Nones streamed_lat 4->4s lag 0->0
  [quotes_daily]  40.45s type=Manual child_fresh=47s e2e=51s streamed_lat 5->4s lag 236097->790525
  [quotes_typed]  32.46s type=Manual child_fresh=Nones e2e=Nones streamed_lat 4->5s lag 0->751420
  [lag] 2026-08-13T19:41:56Z raw=96472029387 behind=4s lag_rows=0
  [quotes_daily]  40.59s type=Manual child_fresh=51s e2e=55s streamed_lat 6->4s lag 436321->58649
  [quotes_typed]  32.75s type=Manual child_fresh=Nones e2e=Nones streamed_lat 4->4s lag 111894->67472
  [quotes_typed]   1.72s type=Manual child_fresh=Nones e2e=Nones streamed_lat 5->5s lag 242853->0
  [lag] 2026-08-13T19:42:56Z raw=96534360032 behind=4s lag_rows=0
  [quotes_daily]  40.51s type=Manual child_fresh=48s e2e=52s streamed_lat 5->4s lag 0->12279
  [quotes_typed]  32.78s type=Manual child_fresh=Nones e2e=Nones streamed_lat 5->4s lag 2212737->0
  [lag] 2026-08-13T19:43:56Z raw=96595075011 behind=4s lag_rows=98330
  [quotes_typed]  32.45s type=Manual child_fresh=Nones e2e=Nones streamed_lat 4->5s lag 0->282630
  [quotes_daily]  40.30s type=Manual child_fresh=49s e2e=53s streamed_lat 5->4s lag 0->40107
  [quotes_typed]  32.33s type=Manual child_fresh=Nones e2e=Nones streamed_lat 4->5s lag 0->0
  [lag] 2026-08-13T19:44:56Z raw=96653061844 behind=7s lag_rows=3845288
  [quotes_daily]  40.31s type=Manual child_fresh=47s e2e=52s streamed_lat 5->5s lag 123464->1829375
  [quotes_typed]  32.74s type=Manual child_fresh=Nones e2e=Nones streamed_lat 5->6s lag 0->2416510
  [lag] 2026-08-13T19:45:56Z raw=96713120904 behind=4s lag_rows=0
  [quotes_typed]  32.89s type=Manual child_fresh=Nones e2e=Nones streamed_lat 4->6s lag 415594->1913254
  [quotes_daily]  40.82s type=Manual child_fresh=51s e2e=57s streamed_lat 4->6s lag 580845->563492
  [quotes_typed]   1.36s type=Manual child_fresh=Nones e2e=Nones streamed_lat 5->4s lag 74527->80189
  [lag] 2026-08-13T19:46:56Z raw=96774977850 behind=4s lag_rows=31881
  [quotes_typed]  32.27s type=Manual child_fresh=Nones e2e=Nones streamed_lat 4->5s lag 80256->187432
  [quotes_daily]  40.75s type=Manual child_fresh=50s e2e=55s streamed_lat 5->5s lag 2198852->898138
  [lag] 2026-08-13T19:47:56Z raw=96835953041 behind=4s lag_rows=39984
  [quotes_typed]  32.40s type=Manual child_fresh=Nones e2e=Nones streamed_lat 4->4s lag 0->0
  [quotes_daily]  40.36s type=Manual child_fresh=46s e2e=50s streamed_lat 5->4s lag 1937446->84012
  [quotes_typed]  32.53s type=Manual child_fresh=Nones e2e=Nones streamed_lat 4->4s lag 0->40519
  [lag] 2026-08-13T19:48:56Z raw=96894000026 behind=5s lag_rows=51279
  [quotes_daily]  40.38s type=Manual child_fresh=49s e2e=54s streamed_lat 5->5s lag 625082->47629
  [quotes_typed]  32.79s type=Manual child_fresh=Nones e2e=Nones streamed_lat 6->6s lag 450401->1685580
  [lag] 2026-08-13T19:49:56Z raw=96952989597 behind=5s lag_rows=0
  [quotes_typed]  32.66s type=Manual child_fresh=Nones e2e=Nones streamed_lat 5->5s lag 297787->0
  [quotes_daily]  41.24s type=Manual child_fresh=48s e2e=53s streamed_lat 5->5s lag 0->744689
  [lag] 2026-08-13T19:50:56Z raw=97015113254 behind=6s lag_rows=1620901
  [quotes_typed]  32.72s type=Manual child_fresh=Nones e2e=Nones streamed_lat 5->5s lag 0->0
  [quotes_daily]  40.35s type=Manual child_fresh=50s e2e=54s streamed_lat 4->4s lag 64657->554
  [quotes_typed]  32.60s type=Manual child_fresh=Nones e2e=Nones streamed_lat 5->7s lag 1784345->4150804
  [lag] 2026-08-13T19:51:56Z raw=97074942995 behind=5s lag_rows=199395
  [quotes_daily]   9.03s type=Manual child_fresh=21s e2e=26s streamed_lat 6->5s lag 80676->0
  [quotes_typed]  16.15s type=Manual child_fresh=Nones e2e=Nones streamed_lat 6->6s lag 3474040->333514
  [lag] 2026-08-13T19:52:56Z raw=97134844181 behind=7s lag_rows=478561
  [quotes_typed]  33.24s type=Manual child_fresh=Nones e2e=Nones streamed_lat 5->7s lag 0->4614109
  [quotes_daily]  40.43s type=Manual child_fresh=47s e2e=54s streamed_lat 5->7s lag 95083->67001
  [quotes_typed]  32.75s type=Manual child_fresh=Nones e2e=Nones streamed_lat 5->5s lag 69762->52057
  [lag] 2026-08-13T19:53:56Z raw=97199254834 behind=5s lag_rows=635297
  [quotes_daily]  12.57s type=Manual child_fresh=24s e2e=29s streamed_lat 6->5s lag 654972->1332848
  [quotes_typed]  32.42s type=Manual child_fresh=Nones e2e=Nones streamed_lat 6->4s lag 866062->0
  [lag] 2026-08-13T19:54:56Z raw=97253634598 behind=6s lag_rows=2970851
  [quotes_typed]  32.16s type=Manual child_fresh=Nones e2e=Nones streamed_lat 4->4s lag 93970->0
  [quotes_daily]  40.40s type=Manual child_fresh=45s e2e=50s streamed_lat 5->5s lag 0->19192
  [quotes_typed]  32.37s type=Manual child_fresh=Nones e2e=Nones streamed_lat 5->5s lag 153536->80388
  [lag] 2026-08-13T19:55:56Z raw=97313955438 behind=5s lag_rows=0
  [quotes_daily]  40.24s type=Manual child_fresh=44s e2e=50s streamed_lat 6->6s lag 0->0
  [quotes_typed]  32.23s type=Manual child_fresh=Nones e2e=Nones streamed_lat 6->7s lag 91444->2440826
  [lag] 2026-08-13T19:56:56Z raw=97373114713 behind=5s lag_rows=0
  [quotes_typed]  32.62s type=Manual child_fresh=Nones e2e=Nones streamed_lat 6->7s lag 0->475439
  [quotes_daily]  40.97s type=Manual child_fresh=51s e2e=58s streamed_lat 6->7s lag 256173->732724
  [lag] 2026-08-13T19:57:56Z raw=97433125939 behind=6s lag_rows=8581
  [quotes_typed]  32.21s type=Manual child_fresh=Nones e2e=Nones streamed_lat 7->5s lag 2399866->0
  [quotes_daily]  40.47s type=Manual child_fresh=45s e2e=50s streamed_lat 5->5s lag 0->1093749
  [quotes_typed]  32.21s type=Manual child_fresh=Nones e2e=Nones streamed_lat 6->5s lag 580740->1006765
  [lag] 2026-08-13T19:58:56Z raw=97495043853 behind=5s lag_rows=836889
  [quotes_daily]  40.07s type=Manual child_fresh=48s e2e=56s streamed_lat 5->8s lag 2060077->3609073
  [quotes_typed]  32.20s type=Manual child_fresh=Nones e2e=Nones streamed_lat 4->8s lag 17598->5240490
  [lag] 2026-08-13T19:59:56Z raw=97552654731 behind=7s lag_rows=3991322
  [quotes_typed]  32.71s type=Manual child_fresh=Nones e2e=Nones streamed_lat 8->6s lag 1312699->250405
  [quotes_daily]  40.72s type=Manual child_fresh=51s e2e=57s streamed_lat 8->6s lag 2381985->639842
  [lag] 2026-08-13T20:00:56Z raw=97612585165 behind=7s lag_rows=4249102
  [quotes_typed]  32.29s type=Manual child_fresh=Nones e2e=Nones streamed_lat 5->6s lag 60167->0
  [quotes_daily]  40.25s type=Manual child_fresh=49s e2e=54s streamed_lat 5->5s lag 61981->58495
  [quotes_typed]  32.49s type=Manual child_fresh=Nones e2e=Nones streamed_lat 6->5s lag 0->0
  [lag] 2026-08-13T20:01:56Z raw=97674754770 behind=4s lag_rows=192057
  [quotes_daily]  40.41s type=Manual child_fresh=51s e2e=55s streamed_lat 4->4s lag 106692->0
  [quotes_typed]  32.52s type=Manual child_fresh=Nones e2e=Nones streamed_lat 5->5s lag 474485->2362962
  [quotes_typed]   2.26s type=Manual child_fresh=Nones e2e=Nones streamed_lat 4->4s lag 48396->63242
  [lag] 2026-08-13T20:02:56Z raw=97735450080 behind=5s lag_rows=879706
  [quotes_typed]  32.40s type=Manual child_fresh=Nones e2e=Nones streamed_lat 5->6s lag 0->3286786
  [quotes_daily]  40.87s type=Manual child_fresh=50s e2e=54s streamed_lat 4->4s lag 0->0
  [quotes_typed]   8.30s type=Manual child_fresh=Nones e2e=Nones streamed_lat 4->4s lag 0->0
  [lag] 2026-08-13T20:03:56Z raw=97796896807 behind=5s lag_rows=806787
  [quotes_daily]   9.05s type=Manual child_fresh=22s e2e=27s streamed_lat 5->5s lag 1616471->973768
  [quotes_typed]  32.22s type=Manual child_fresh=Nones e2e=Nones streamed_lat 5->5s lag 87992->126349
  [lag] 2026-08-13T20:04:56Z raw=97853624828 behind=5s lag_rows=0
  [quotes_typed]  32.19s type=Manual child_fresh=Nones e2e=Nones streamed_lat 6->5s lag 576554->2189479
  [quotes_daily]  40.50s type=Manual child_fresh=45s e2e=49s streamed_lat 6->4s lag 0->0
  [quotes_typed]  32.36s type=Manual child_fresh=Nones e2e=Nones streamed_lat 4->5s lag 66708->0
  [lag] 2026-08-13T20:05:56Z raw=97916406898 behind=4s lag_rows=32948
  [quotes_daily]  40.27s type=Manual child_fresh=46s e2e=50s streamed_lat 5->4s lag 2278374->2060977
  [quotes_typed]  33.24s type=Manual child_fresh=Nones e2e=Nones streamed_lat 5->6s lag 307272->620106
  [lag] 2026-08-13T20:06:56Z raw=97974969209 behind=5s lag_rows=261907
  [quotes_typed]  32.49s type=Manual child_fresh=Nones e2e=Nones streamed_lat 6->6s lag 259705->491882
  [quotes_daily]  40.91s type=Manual child_fresh=50s e2e=55s streamed_lat 6->5s lag 1568836->258834
  [lag] 2026-08-13T20:07:56Z raw=98034608401 behind=6s lag_rows=1571873
  [quotes_typed]  32.54s type=Manual child_fresh=Nones e2e=Nones streamed_lat 5->5s lag 79279->0
  [quotes_daily]  40.30s type=Manual child_fresh=45s e2e=50s streamed_lat 4->5s lag 0->376742
  [quotes_typed]  32.34s type=Manual child_fresh=Nones e2e=Nones streamed_lat 6->5s lag 0->69175
  [lag] 2026-08-13T20:08:56Z raw=98095369922 behind=4s lag_rows=43968
  [quotes_daily]  40.69s type=Manual child_fresh=49s e2e=55s streamed_lat 5->6s lag 63531->2519849
  [quotes_typed]  32.32s type=Manual child_fresh=Nones e2e=Nones streamed_lat 5->4s lag 19065->75503
  [lag] 2026-08-13T20:09:56Z raw=98155345106 behind=5s lag_rows=1181131
  [quotes_typed]  32.25s type=Manual child_fresh=Nones e2e=Nones streamed_lat 5->4s lag 931414->275101
  [quotes_daily]  40.77s type=Manual child_fresh=45s e2e=50s streamed_lat 5->5s lag 417752->140887
  [lag] 2026-08-13T20:10:56Z raw=98214819349 behind=4s lag_rows=70377
  [quotes_typed]  32.51s type=Manual child_fresh=Nones e2e=Nones streamed_lat 5->4s lag 96521->86222
  [quotes_daily]  40.22s type=Manual child_fresh=48s e2e=53s streamed_lat 4->5s lag 34937->291568
  [quotes_typed]  32.40s type=Manual child_fresh=Nones e2e=Nones streamed_lat 4->5s lag 0->0
  [lag] 2026-08-13T20:11:56Z raw=98275921221 behind=5s lag_rows=2572381
  [quotes_daily]  12.73s type=Manual child_fresh=24s e2e=30s streamed_lat 5->6s lag 0->1083999
  [quotes_typed]  32.33s type=Manual child_fresh=Nones e2e=Nones streamed_lat 5->6s lag 0->62027
  [lag] 2026-08-13T20:12:56Z raw=98334796920 behind=4s lag_rows=55040
  [quotes_typed]  32.63s type=Manual child_fresh=Nones e2e=Nones streamed_lat 5->5s lag 24946->1912961
  [quotes_daily]  40.61s type=Manual child_fresh=48s e2e=54s streamed_lat 6->6s lag 3040525->133598
  [quotes_typed]   8.49s type=Manual child_fresh=Nones e2e=Nones streamed_lat 7->4s lag 3046616->47670
  [lag] 2026-08-13T20:13:56Z raw=98392791555 behind=5s lag_rows=0
  [quotes_typed]  32.45s type=Manual child_fresh=Nones e2e=Nones streamed_lat 5->4s lag 1992323->0
  [quotes_daily]  40.95s type=Manual child_fresh=49s e2e=53s streamed_lat 4->4s lag 0->0
  [lag] 2026-08-13T20:14:56Z raw=98454871994 behind=4s lag_rows=98873
  [quotes_typed]  32.87s type=Manual child_fresh=Nones e2e=Nones streamed_lat 5->5s lag 119191->268552
  [quotes_daily]  40.30s type=Manual child_fresh=44s e2e=48s streamed_lat 5->4s lag 0->0
  [quotes_typed]  32.60s type=Manual child_fresh=Nones e2e=Nones streamed_lat 4->4s lag 860439->31845
  [lag] 2026-08-13T20:15:56Z raw=98515707697 behind=6s lag_rows=1162390
  [quotes_daily]  40.39s type=Manual child_fresh=46s e2e=53s streamed_lat 4->7s lag 492525->3773939
  [quotes_typed]  32.54s type=Manual child_fresh=Nones e2e=Nones streamed_lat 6->6s lag 2361786->1998671
  [lag] 2026-08-13T20:16:56Z raw=98574769895 behind=4s lag_rows=0
  [quotes_typed]  32.69s type=Manual child_fresh=Nones e2e=Nones streamed_lat 4->5s lag 0->749533
  [quotes_daily]  40.78s type=Manual child_fresh=47s e2e=52s streamed_lat 4->5s lag 0->272027
  [lag] 2026-08-13T20:17:56Z raw=98634371581 behind=4s lag_rows=0
  [quotes_typed]  32.31s type=Manual child_fresh=Nones e2e=Nones streamed_lat 4->5s lag 0->819802
  [quotes_daily]  40.42s type=Manual child_fresh=48s e2e=53s streamed_lat 4->5s lag 51691->0
  [quotes_typed]  32.82s type=Manual child_fresh=Nones e2e=Nones streamed_lat 5->7s lag 211295->1128340
  [lag] 2026-08-13T20:18:56Z raw=98693852267 behind=5s lag_rows=0
  [quotes_daily]  40.55s type=Manual child_fresh=45s e2e=50s streamed_lat 5->5s lag 0->702946
  [quotes_typed]  32.54s type=Manual child_fresh=Nones e2e=Nones streamed_lat 6->4s lag 2222022->60546
  [lag] 2026-08-13T20:19:56Z raw=98755215515 behind=4s lag_rows=74312
  [quotes_typed]  32.67s type=Manual child_fresh=Nones e2e=Nones streamed_lat 5->5s lag 59974->0
  [quotes_daily]  41.10s type=Manual child_fresh=51s e2e=56s streamed_lat 5->5s lag 860201->492476
  [lag] 2026-08-13T20:20:56Z raw=98816648486 behind=5s lag_rows=0
  [quotes_typed]  32.34s type=Manual child_fresh=Nones e2e=Nones streamed_lat 4->5s lag 0->74791
  [quotes_daily]  40.58s type=Manual child_fresh=46s e2e=50s streamed_lat 5->4s lag 0->18226
  [quotes_typed]  32.38s type=Manual child_fresh=Nones e2e=Nones streamed_lat 5->6s lag 0->786276
  [quotes_daily]   9.77s type=Manual child_fresh=21s e2e=26s streamed_lat 6->5s lag 120726->56556
  [lag] 2026-08-13T20:21:56Z raw=98878095909 behind=4s lag_rows=4503
  [quotes_typed]  32.48s type=Manual child_fresh=Nones e2e=Nones streamed_lat 5->4s lag 277490->0
  [quotes_typed]   8.29s type=Manual child_fresh=Nones e2e=Nones streamed_lat 5->5s lag 0->870481
  [lag] 2026-08-13T20:22:56Z raw=98933549449 behind=5s lag_rows=0
  [quotes_daily]  40.65s type=Manual child_fresh=46s e2e=52s streamed_lat 5->6s lag 0->906345
  [quotes_typed]  32.58s type=Manual child_fresh=Nones e2e=Nones streamed_lat 5->6s lag 720933->3268347
  [lag] 2026-08-13T20:23:56Z raw=98994358456 behind=4s lag_rows=27426
  [quotes_typed]  32.52s type=Manual child_fresh=Nones e2e=Nones streamed_lat 6->4s lag 3373678->0
  [quotes_daily]  40.46s type=Manual child_fresh=48s e2e=54s streamed_lat 4->6s lag 763->3720894
  [quotes_typed]  32.45s type=Manual child_fresh=Nones e2e=Nones streamed_lat 5->4s lag 0->0
  [lag] 2026-08-13T20:24:56Z raw=99055979031 behind=5s lag_rows=1298339
  [quotes_daily]  40.76s type=Manual child_fresh=45s e2e=49s streamed_lat 6->4s lag 0->0
  [quotes_typed]  32.41s type=Manual child_fresh=Nones e2e=Nones streamed_lat 5->4s lag 1329890->87561
  [lag] 2026-08-13T20:25:56Z raw=99113650467 behind=5s lag_rows=0
  [quotes_typed]  32.50s type=Manual child_fresh=Nones e2e=Nones streamed_lat 4->5s lag 1433417->784325
  [quotes_daily]  41.02s type=Manual child_fresh=49s e2e=55s streamed_lat 4->6s lag 116667->0
  [lag] 2026-08-13T20:26:56Z raw=99174011580 behind=5s lag_rows=0
  [quotes_typed]  32.47s type=Manual child_fresh=Nones e2e=Nones streamed_lat 7->5s lag 4208404->26862
  [quotes_daily]  40.67s type=Manual child_fresh=52s e2e=57s streamed_lat 6->5s lag 253->57404
  [quotes_typed]  32.48s type=Manual child_fresh=Nones e2e=Nones streamed_lat 6->5s lag 487713->774954
  [lag] 2026-08-13T20:27:56Z raw=99234775960 behind=5s lag_rows=2212019
  [quotes_typed]  33.10s type=Manual child_fresh=Nones e2e=Nones streamed_lat 4->7s lag 2289->1404092
  [quotes_daily]  42.02s type=Manual child_fresh=53s e2e=60s streamed_lat 4->7s lag 0->1733973
  [lag] 2026-08-13T20:28:56Z raw=99293539604 behind=7s lag_rows=2680747
  [quotes_typed]  32.55s type=Manual child_fresh=Nones e2e=Nones streamed_lat 7->5s lag 4829704->0
  [quotes_daily]  40.69s type=Manual child_fresh=53s e2e=60s streamed_lat 7->7s lag 166488->515483
  [quotes_typed]   2.25s type=Manual child_fresh=Nones e2e=Nones streamed_lat 6->7s lag 0->45674
  [lag] 2026-08-13T20:29:56Z raw=99354353738 behind=6s lag_rows=171112
  [quotes_typed]  32.33s type=Manual child_fresh=Nones e2e=Nones streamed_lat 7->5s lag 295236->0
  [quotes_daily]  40.58s type=Manual child_fresh=49s e2e=58s streamed_lat 6->9s lag 673972->5613706
  [quotes_typed]  32.57s type=Manual child_fresh=Nones e2e=Nones streamed_lat 5->10s lag 0->5353520
  [lag] 2026-08-13T20:30:56Z raw=99413744202 behind=8s lag_rows=128968
  [quotes_daily]  40.55s type=Manual child_fresh=49s e2e=58s streamed_lat 8->9s lag 3185662->0
  [quotes_typed]  32.55s type=Manual child_fresh=Nones e2e=Nones streamed_lat 8->10s lag 54691->7390912
  [quotes_daily]  12.58s type=Manual child_fresh=24s e2e=34s streamed_lat 10->10s lag 973464->646006
  [lag] 2026-08-13T20:31:56Z raw=99474565784 behind=9s lag_rows=306962
  [quotes_typed]  32.23s type=Manual child_fresh=Nones e2e=Nones streamed_lat 7->9s lag 0->4174767
  [quotes_typed]   1.59s type=Manual child_fresh=Nones e2e=Nones streamed_lat 7->9s lag 0->288051
  [lag] 2026-08-13T20:32:56Z raw=99527814326 behind=9s lag_rows=0
  [quotes_typed]  32.51s type=Manual child_fresh=Nones e2e=Nones streamed_lat 10->8s lag 1119224->390040
  [quotes_daily]  40.47s type=Manual child_fresh=51s e2e=60s streamed_lat 10->9s lag 665682->177945
  [lag] 2026-08-13T20:33:56Z raw=99592933084 behind=6s lag_rows=83861
  [quotes_typed]  32.55s type=Manual child_fresh=Nones e2e=Nones streamed_lat 10->6s lag 6689061->1097582
  [quotes_daily]  40.37s type=Manual child_fresh=48s e2e=54s streamed_lat 8->6s lag 2118287->77428
  [quotes_typed]  32.60s type=Manual child_fresh=Nones e2e=Nones streamed_lat 6->8s lag 473022->2892894
  [lag] 2026-08-13T20:34:56Z raw=99651117307 behind=7s lag_rows=0
  [quotes_typed]  32.89s type=Manual child_fresh=Nones e2e=Nones streamed_lat 7->5s lag 0->399373
  [quotes_daily]  40.62s type=Manual child_fresh=50s e2e=55s streamed_lat 6->5s lag 0->0
  [lag] 2026-08-13T20:35:56Z raw=99713903356 behind=6s lag_rows=168690
  [quotes_typed]  32.38s type=Manual child_fresh=Nones e2e=Nones streamed_lat 7->7s lag 3370720->4178106
  [quotes_daily]  41.09s type=Manual child_fresh=46s e2e=51s streamed_lat 6->5s lag 0->41440
  [quotes_typed]  32.59s type=Manual child_fresh=Nones e2e=Nones streamed_lat 6->7s lag 2396518->3395042
  [lag] 2026-08-13T20:36:56Z raw=99773710253 behind=7s lag_rows=2675229
  [quotes_daily]  40.24s type=Manual child_fresh=49s e2e=53s streamed_lat 8->4s lag 270901->0
  [quotes_typed]  32.51s type=Manual child_fresh=Nones e2e=Nones streamed_lat 6->8s lag 0->4600709
  [lag] 2026-08-13T20:37:56Z raw=99833718327 behind=4s lag_rows=0
  [quotes_typed]  33.09s type=Manual child_fresh=Nones e2e=Nones streamed_lat 6->4s lag 448529->0
  [quotes_daily]  41.13s type=Manual child_fresh=51s e2e=55s streamed_lat 7->4s lag 1404970->52221
  [quotes_typed]   8.69s type=Manual child_fresh=Nones e2e=Nones streamed_lat 6->5s lag 1423559->0
  [quotes_daily]  12.42s type=Manual child_fresh=20s e2e=24s streamed_lat 5->4s lag 0->20998
  [lag] 2026-08-13T20:38:56Z raw=99897108724 behind=4s lag_rows=0
  [quotes_typed]  32.44s type=Manual child_fresh=Nones e2e=Nones streamed_lat 5->5s lag 2512790->2006579
  [lag] 2026-08-13T20:39:56Z raw=99954800590 behind=5s lag_rows=71108
  [quotes_typed]  32.61s type=Manual child_fresh=Nones e2e=Nones streamed_lat 4->4s lag 36747->50979
  [quotes_daily]  40.92s type=Manual child_fresh=45s e2e=50s streamed_lat 5->5s lag 0->119222
  [quotes_typed]  32.43s type=Manual child_fresh=Nones e2e=Nones streamed_lat 4->5s lag 0->0
  [lag] 2026-08-13T20:40:56Z raw=100014671123 behind=5s lag_rows=71184
  [quotes_daily]  40.57s type=Manual child_fresh=49s e2e=53s streamed_lat 5->4s lag 297088->41484
  [quotes_typed]  32.51s type=Manual child_fresh=Nones e2e=Nones streamed_lat 4->4s lag 0->25593
  [lag] 2026-08-13T20:41:56Z raw=100075166360 behind=4s lag_rows=44876
  [quotes_typed]  32.59s type=Manual child_fresh=Nones e2e=Nones streamed_lat 4->6s lag 0->3186212
  [quotes_daily]  40.68s type=Manual child_fresh=49s e2e=53s streamed_lat 5->4s lag 862157->0
  [lag] 2026-08-13T20:42:56Z raw=100136454472 behind=5s lag_rows=657822
  [quotes_typed]  32.51s type=Manual child_fresh=Nones e2e=Nones streamed_lat 4->5s lag 55118->786414
  [quotes_daily]  24.50s type=Manual child_fresh=32s e2e=37s streamed_lat 5->5s lag 2176311->872449
  [quotes_typed]  32.39s type=Manual child_fresh=Nones e2e=Nones streamed_lat 6->4s lag 823048->21379
  [lag] 2026-08-13T20:43:56Z raw=100194946146 behind=4s lag_rows=29765
  [quotes_daily]  40.60s type=Manual child_fresh=48s e2e=52s streamed_lat 5->4s lag 735478->118429
  [quotes_typed]  32.81s type=Manual child_fresh=Nones e2e=Nones streamed_lat 4->5s lag 0->0
  [lag] 2026-08-13T20:44:56Z raw=100254746501 behind=5s lag_rows=2200687
  [quotes_typed]  32.54s type=Manual child_fresh=Nones e2e=Nones streamed_lat 7->4s lag 1026004->0
  [quotes_daily]  40.61s type=Manual child_fresh=46s e2e=51s streamed_lat 5->5s lag 0->1498820
  [quotes_typed]  16.57s type=Manual child_fresh=Nones e2e=Nones streamed_lat 4->4s lag 2124209->200578
  [lag] 2026-08-13T20:45:56Z raw=100314824010 behind=5s lag_rows=44179
  [quotes_daily]   9.20s type=Manual child_fresh=22s e2e=27s streamed_lat 5->5s lag 0->0
  [quotes_typed]  32.28s type=Manual child_fresh=Nones e2e=Nones streamed_lat 4->5s lag 0->47345
  [lag] 2026-08-13T20:46:56Z raw=100374612625 behind=5s lag_rows=0
  [quotes_typed]  32.54s type=Manual child_fresh=Nones e2e=Nones streamed_lat 5->4s lag 0->45481
  [quotes_daily]  40.70s type=Manual child_fresh=50s e2e=57s streamed_lat 5->7s lag 83404->377732
  [lag] 2026-08-13T20:47:56Z raw=100434891285 behind=5s lag_rows=2078926
  [quotes_typed]  32.61s type=Manual child_fresh=Nones e2e=Nones streamed_lat 5->5s lag 0->1224267
  [quotes_daily]  41.10s type=Manual child_fresh=47s e2e=51s streamed_lat 5->4s lag 2234694->0
  [quotes_typed]  32.47s type=Manual child_fresh=Nones e2e=Nones streamed_lat 5->5s lag 966089->826064
  [lag] 2026-08-13T20:48:56Z raw=100493788489 behind=4s lag_rows=0
  [quotes_daily]  40.38s type=Manual child_fresh=48s e2e=53s streamed_lat 4->5s lag 0->125220
  [quotes_typed]  32.28s type=Manual child_fresh=Nones e2e=Nones streamed_lat 4->5s lag 40214->0
  [lag] 2026-08-13T20:49:56Z raw=100553964331 behind=5s lag_rows=0
  [quotes_typed]  32.27s type=Manual child_fresh=Nones e2e=Nones streamed_lat 5->5s lag 0->0
  [quotes_daily]  40.61s type=Manual child_fresh=44s e2e=48s streamed_lat 5->4s lag 0->1278374
  [lag] 2026-08-13T20:50:56Z raw=100616696234 behind=4s lag_rows=0
  [quotes_typed]  32.33s type=Manual child_fresh=Nones e2e=Nones streamed_lat 5->3s lag 0->0
  [quotes_daily]  41.15s type=Manual child_fresh=49s e2e=54s streamed_lat 5->5s lag 0->12753
  [quotes_typed]  32.46s type=Manual child_fresh=Nones e2e=Nones streamed_lat 5->5s lag 1255182->0
  [lag] 2026-08-13T20:51:56Z raw=100673103928 behind=7s lag_rows=0
  [quotes_daily]   9.72s type=Manual child_fresh=23s e2e=30s streamed_lat 5->7s lag 38980->0
  [quotes_typed]  32.27s type=Manual child_fresh=Nones e2e=Nones streamed_lat 7->5s lag 217356->2043587
  [lag] 2026-08-13T20:52:56Z raw=100735244027 behind=5s lag_rows=567336
  [quotes_typed]  32.26s type=Manual child_fresh=Nones e2e=Nones streamed_lat 4->7s lag 75665->0
  [quotes_daily]  40.86s type=Manual child_fresh=49s e2e=56s streamed_lat 5->7s lag 47646->186219
  [quotes_typed]  32.59s type=Manual child_fresh=Nones e2e=Nones streamed_lat 6->6s lag 48802->0
  [lag] 2026-08-13T20:53:56Z raw=100803209454 behind=7s lag_rows=200653
  [quotes_daily]  16.25s type=Manual child_fresh=43s e2e=50s streamed_lat 5->7s lag 32821->60706
  [quotes_typed]   4.62s type=Manual child_fresh=Nones e2e=Nones streamed_lat 8->8s lag 735507->1470460
  [lag] 2026-08-13T20:54:56Z raw=100865488163 behind=10s lag_rows=917647
  [quotes_daily]  40.38s type=Manual child_fresh=67s e2e=72s streamed_lat 8->5s lag 2699151->0
  [quotes_daily] WARN: refresh exceeded the 60s cadence by 25.3s; next fires immediately.
  [lag] 2026-08-13T20:55:56Z raw=100916113099 behind=8s lag_rows=636032
  [quotes_typed]  32.40s type=Manual child_fresh=Nones e2e=Nones streamed_lat 8->7s lag 2179215->1406269
  [quotes_daily]  11.04s type=Manual child_fresh=31s e2e=36s streamed_lat 7->5s lag 537687->0
  [lag] 2026-08-13T20:56:56Z raw=100978169713 behind=5s lag_rows=313035
  [quotes_typed]  32.60s type=Manual child_fresh=Nones e2e=Nones streamed_lat 8->6s lag 2968492->1455473
  [lag] 2026-08-13T20:57:56Z raw=101041085335 behind=5s lag_rows=175402
  [quotes_typed]  32.35s type=Manual child_fresh=Nones e2e=Nones streamed_lat 6->5s lag 1864129->644376
  [quotes_daily]  42.16s type=Manual child_fresh=65s e2e=70s streamed_lat 7->5s lag 298827->668793
  [quotes_daily] WARN: refresh exceeded the 60s cadence by 13.0s; next fires immediately.
  [lag] 2026-08-13T20:58:56Z raw=101098759416 behind=5s lag_rows=461023
  [quotes_typed]  32.40s type=Manual child_fresh=Nones e2e=Nones streamed_lat 5->4s lag 277635->0
  [quotes_daily]  41.00s type=Manual child_fresh=62s e2e=67s streamed_lat 5->5s lag 175057->73980
  [quotes_daily] WARN: refresh exceeded the 60s cadence by 8.7s; next fires immediately.
  [lag] 2026-08-13T20:59:56Z raw=101153734695 behind=6s lag_rows=3218482
  [quotes_typed]  32.43s type=Manual child_fresh=Nones e2e=Nones streamed_lat 7->5s lag 3178435->0
  [quotes_daily]  40.79s type=Manual child_fresh=52s e2e=57s streamed_lat 5->5s lag 73177->0
  [quotes_typed]   2.41s type=Manual child_fresh=Nones e2e=Nones streamed_lat 7->5s lag 1867223->1575248
  [lag] 2026-08-13T21:00:56Z raw=101212910184 behind=5s lag_rows=0
  [quotes_typed]  32.20s type=Manual child_fresh=Nones e2e=Nones streamed_lat 7->6s lag 4213215->349212
  [quotes_typed]   2.18s type=Manual child_fresh=Nones e2e=Nones streamed_lat 5->6s lag 70376->1880242
  [quotes_daily]  40.53s type=Manual child_fresh=53s e2e=58s streamed_lat 6->5s lag 1933666->38729
  [lag] 2026-08-13T21:01:56Z raw=101273928458 behind=5s lag_rows=0
  [quotes_typed]  32.23s type=Manual child_fresh=Nones e2e=Nones streamed_lat 5->6s lag 0->544549
  [quotes_daily]  41.20s type=Manual child_fresh=49s e2e=53s streamed_lat 6->4s lag 304542->0
  [quotes_typed]  32.42s type=Manual child_fresh=Nones e2e=Nones streamed_lat 5->4s lag 0->822662
  [lag] 2026-08-13T21:02:56Z raw=101334650523 behind=5s lag_rows=2230769
  [quotes_daily]  41.06s type=Manual child_fresh=49s e2e=54s streamed_lat 4->5s lag 0->0
  [quotes_typed]  32.63s type=Manual child_fresh=Nones e2e=Nones streamed_lat 4->5s lag 76205->0
  [lag] 2026-08-13T21:03:56Z raw=101395231629 behind=5s lag_rows=850044
  [quotes_daily]  40.73s type=Manual child_fresh=48s e2e=52s streamed_lat 5->4s lag 143477->99873
  [quotes_typed]  32.74s type=Manual child_fresh=Nones e2e=Nones streamed_lat 5->4s lag 0->35882
  [lag] 2026-08-13T21:04:56Z raw=101454512239 behind=5s lag_rows=290153
  [quotes_typed]  32.47s type=Manual child_fresh=Nones e2e=Nones streamed_lat 5->6s lag 1941273->882409
  [quotes_daily]  40.39s type=Manual child_fresh=46s e2e=52s streamed_lat 4->6s lag 52750->1528927
  [quotes_typed]  32.35s type=Manual child_fresh=Nones e2e=Nones streamed_lat 6->6s lag 507576->0
  [lag] 2026-08-13T21:05:56Z raw=101511536672 behind=6s lag_rows=0
  [quotes_daily]  40.66s type=Manual child_fresh=52s e2e=58s streamed_lat 6->6s lag 1696050->2043255
  [quotes_typed]  32.44s type=Manual child_fresh=Nones e2e=Nones streamed_lat 5->4s lag 49595->0
  [lag] 2026-08-13T21:06:56Z raw=101573979023 behind=6s lag_rows=1954325
  [quotes_typed]  32.61s type=Manual child_fresh=Nones e2e=Nones streamed_lat 6->7s lag 725245->1294097
  [quotes_daily]  40.59s type=Manual child_fresh=49s e2e=55s streamed_lat 4->6s lag 0->785466
  [quotes_typed]  32.56s type=Manual child_fresh=Nones e2e=Nones streamed_lat 5->5s lag 62715->902516
  [lag] 2026-08-13T21:07:56Z raw=101637367927 behind=4s lag_rows=0
  [quotes_daily]  41.19s type=Manual child_fresh=54s e2e=59s streamed_lat 4->5s lag 17915->37725
  [quotes_typed]  32.85s type=Manual child_fresh=Nones e2e=Nones streamed_lat 4->6s lag 56710->58670
  [lag] 2026-08-13T21:08:56Z raw=101694335313 behind=5s lag_rows=0
  [quotes_daily]  40.49s type=Manual child_fresh=53s e2e=60s streamed_lat 6->7s lag 2004407->2803020
  [quotes_typed]  32.51s type=Manual child_fresh=Nones e2e=Nones streamed_lat 6->6s lag 206201->206089
  [lag] 2026-08-13T21:09:56Z raw=101753640249 behind=6s lag_rows=3211857
  [quotes_daily]  40.68s type=Manual child_fresh=48s e2e=53s streamed_lat 6->5s lag 0->0
  [quotes_typed]  32.57s type=Manual child_fresh=Nones e2e=Nones streamed_lat 6->4s lag 185289->0
  [lag] 2026-08-13T21:10:56Z raw=101813966186 behind=6s lag_rows=97747
  [quotes_typed]  32.57s type=Manual child_fresh=Nones e2e=Nones streamed_lat 5->6s lag 2039450->823847
  [quotes_daily]  40.72s type=Manual child_fresh=58s e2e=64s streamed_lat 5->6s lag 871223->1082309
  [quotes_daily] WARN: refresh exceeded the 60s cadence by 2.0s; next fires immediately.
  [quotes_typed]   1.26s type=Manual child_fresh=Nones e2e=Nones streamed_lat 6->5s lag 449362->56167
  [lag] 2026-08-13T21:11:56Z raw=101873970162 behind=4s lag_rows=0
  [quotes_typed]  32.50s type=Manual child_fresh=Nones e2e=Nones streamed_lat 5->5s lag 0->0
  [quotes_daily]  40.60s type=Manual child_fresh=50s e2e=55s streamed_lat 5->5s lag 164529->0
  [quotes_daily] WARN: refresh exceeded the 60s cadence by 3.4s; next fires immediately.
  [quotes_typed]   2.31s type=Manual child_fresh=Nones e2e=Nones streamed_lat 5->6s lag 1237787->3308551
  [lag] 2026-08-13T21:12:56Z raw=101932992223 behind=6s lag_rows=0
  [quotes_typed]  32.30s type=Manual child_fresh=Nones e2e=Nones streamed_lat 6->4s lag 3010100->0
  [quotes_daily]  41.24s type=Manual child_fresh=52s e2e=58s streamed_lat 6->6s lag 3308551->992999
  [lag] 2026-08-13T21:13:56Z raw=101991374828 behind=6s lag_rows=0
  [quotes_typed]  32.83s type=Manual child_fresh=Nones e2e=Nones streamed_lat 6->7s lag 2091979->2149832
  [quotes_daily]  40.82s type=Manual child_fresh=51s e2e=58s streamed_lat 5->7s lag 7210->3510711
  [quotes_typed]  16.37s type=Manual child_fresh=Nones e2e=Nones streamed_lat 7->6s lag 4272401->50514
  [lag] 2026-08-13T21:14:56Z raw=102055081321 behind=5s lag_rows=1044886
  [quotes_typed]  32.61s type=Manual child_fresh=Nones e2e=Nones streamed_lat 5->5s lag 0->123554
  [quotes_daily]  41.09s type=Manual child_fresh=48s e2e=55s streamed_lat 7->7s lag 3320869->3842157
  [quotes_typed]   1.31s type=Manual child_fresh=Nones e2e=Nones streamed_lat 5->5s lag 40030->2064086
  [lag] 2026-08-13T21:15:56Z raw=102112823213 behind=5s lag_rows=0
  [quotes_typed]  32.24s type=Manual child_fresh=Nones e2e=Nones streamed_lat 6->4s lag 3236431->0
  [quotes_daily]  41.11s type=Manual child_fresh=45s e2e=49s streamed_lat 6->4s lag 1207785->831745
  [quotes_typed]  32.60s type=Manual child_fresh=Nones e2e=Nones streamed_lat 4->5s lag 0->0
  [lag] 2026-08-13T21:16:56Z raw=102172219120 behind=5s lag_rows=0
  [quotes_daily]  40.92s type=Manual child_fresh=46s e2e=51s streamed_lat 5->5s lag 1747316->0
  [quotes_typed]  32.25s type=Manual child_fresh=Nones e2e=Nones streamed_lat 5->7s lag 0->1412251
  [lag] 2026-08-13T21:17:56Z raw=102231739494 behind=8s lag_rows=5293324
  [quotes_typed]  32.76s type=Manual child_fresh=Nones e2e=Nones streamed_lat 7->5s lag 2690475->1191120
  [quotes_daily]  41.01s type=Manual child_fresh=52s e2e=56s streamed_lat 6->4s lag 179131->82436
  [lag] 2026-08-13T21:18:56Z raw=102295871474 behind=5s lag_rows=132595
  [quotes_typed]  32.59s type=Manual child_fresh=Nones e2e=Nones streamed_lat 4->7s lag 0->4188942
  [quotes_daily]  40.64s type=Manual child_fresh=47s e2e=52s streamed_lat 5->5s lag 864131->0
  [quotes_typed]  32.32s type=Manual child_fresh=Nones e2e=Nones streamed_lat 5->6s lag 100779->137657
  [lag] 2026-08-13T21:19:56Z raw=102355225697 behind=5s lag_rows=691124
  [quotes_daily]  40.82s type=Manual child_fresh=49s e2e=54s streamed_lat 4->5s lag 13748->0
  [quotes_typed]  32.58s type=Manual child_fresh=Nones e2e=Nones streamed_lat 6->6s lag 615686->3179085
  [quotes_typed]   2.50s type=Manual child_fresh=Nones e2e=Nones streamed_lat 5->5s lag 579655->823499
  [lag] 2026-08-13T21:20:56Z raw=102414129741 behind=4s lag_rows=0
  [quotes_daily]  40.78s type=Manual child_fresh=51s e2e=56s streamed_lat 6->5s lag 3088712->983789
  [quotes_typed]  32.05s type=Manual child_fresh=Nones e2e=Nones streamed_lat 4->4s lag 41429->0
  [lag] 2026-08-13T21:21:56Z raw=102475248634 behind=4s lag_rows=50006
  [quotes_typed]  32.55s type=Manual child_fresh=Nones e2e=Nones streamed_lat 6->5s lag 66440->0
  [quotes_daily]  40.45s type=Manual child_fresh=50s e2e=56s streamed_lat 6->6s lag 1155609->653302
  [quotes_typed]   2.24s type=Manual child_fresh=Nones e2e=Nones streamed_lat 5->6s lag 58646->1634079
  [lag] 2026-08-13T21:22:56Z raw=102535602125 behind=4s lag_rows=74529
  [quotes_typed]  32.99s type=Manual child_fresh=Nones e2e=Nones streamed_lat 5->5s lag 541044->0
  [quotes_daily]  40.46s type=Manual child_fresh=48s e2e=52s streamed_lat 4->4s lag 56705->57727
  [quotes_typed]  32.42s type=Manual child_fresh=Nones e2e=Nones streamed_lat 4->5s lag 0->2172326
  [lag] 2026-08-13T21:23:56Z raw=102595681880 behind=4s lag_rows=113704
  [quotes_daily]  40.71s type=Manual child_fresh=50s e2e=55s streamed_lat 5->5s lag 369578->0
  [quotes_typed]  32.37s type=Manual child_fresh=Nones e2e=Nones streamed_lat 4->7s lag 49371->1203428
  [lag] 2026-08-13T21:24:56Z raw=102653967267 behind=5s lag_rows=0
  [quotes_typed]  32.76s type=Manual child_fresh=Nones e2e=Nones streamed_lat 5->5s lag 0->43521
  [quotes_daily]  41.65s type=Manual child_fresh=51s e2e=57s streamed_lat 8->6s lag 3122336->3288549
  [lag] 2026-08-13T21:25:56Z raw=102713740360 behind=5s lag_rows=0
  [quotes_typed]  32.62s type=Manual child_fresh=Nones e2e=Nones streamed_lat 5->4s lag 1422946->238596
  [quotes_daily]  41.42s type=Manual child_fresh=47s e2e=52s streamed_lat 4->5s lag 0->0
  [quotes_typed]  32.70s type=Manual child_fresh=Nones e2e=Nones streamed_lat 4->7s lag 0->963540
  [lag] 2026-08-13T21:26:56Z raw=102770103037 behind=6s lag_rows=0
  [quotes_daily]  41.10s type=Manual child_fresh=47s e2e=52s streamed_lat 6->5s lag 2266353->0
  [quotes_typed]  32.49s type=Manual child_fresh=Nones e2e=Nones streamed_lat 7->6s lag 2955799->772031
  [lag] 2026-08-13T21:27:56Z raw=102835159890 behind=5s lag_rows=914089
  [quotes_typed]  32.65s type=Manual child_fresh=Nones e2e=Nones streamed_lat 8->4s lag 1192482->0
  [quotes_daily]  40.91s type=Manual child_fresh=51s e2e=56s streamed_lat 6->5s lag 505149->0
  [quotes_typed]   4.40s type=Manual child_fresh=Nones e2e=Nones streamed_lat 6->6s lag 738337->3351040
  [lag] 2026-08-13T21:28:56Z raw=102894086961 behind=5s lag_rows=14361
  [quotes_typed]  32.45s type=Manual child_fresh=Nones e2e=Nones streamed_lat 5->5s lag 366592->0
  [quotes_daily]  40.45s type=Manual child_fresh=49s e2e=55s streamed_lat 6->6s lag 556055->664092
  [quotes_typed]   1.40s type=Manual child_fresh=Nones e2e=Nones streamed_lat 5->7s lag 0->2892196
  [lag] 2026-08-13T21:29:56Z raw=102955998184 behind=5s lag_rows=0
  [quotes_daily]  40.63s type=Manual child_fresh=52s e2e=58s streamed_lat 6->6s lag 2452332->14105
  [quotes_typed]  32.83s type=Manual child_fresh=Nones e2e=Nones streamed_lat 5->7s lag 0->1108554
  [lag] 2026-08-13T21:30:56Z raw=103014939128 behind=5s lag_rows=2045882
  [quotes_typed]  32.90s type=Manual child_fresh=Nones e2e=Nones streamed_lat 6->4s lag 325737->16348
  [quotes_daily]  41.15s type=Manual child_fresh=55s e2e=60s streamed_lat 6->5s lag 204192->0
  [lag] 2026-08-13T21:31:56Z raw=103072095072 behind=8s lag_rows=4820752
  [quotes_typed]  32.66s type=Manual child_fresh=Nones e2e=Nones streamed_lat 6->7s lag 452970->3403798
  [quotes_daily]  40.30s type=Manual child_fresh=52s e2e=57s streamed_lat 6->5s lag 7290->0
  [quotes_typed]  32.59s type=Manual child_fresh=Nones e2e=Nones streamed_lat 6->7s lag 0->464739
  [lag] 2026-08-13T21:32:56Z raw=103131913096 behind=8s lag_rows=61040
  [quotes_daily]  40.72s type=Manual child_fresh=52s e2e=61s streamed_lat 8->9s lag 149865->1275556
  [quotes_typed]  32.52s type=Manual child_fresh=Nones e2e=Nones streamed_lat 9->7s lag 6145373->0
  [lag] 2026-08-13T21:33:56Z raw=103193884275 behind=8s lag_rows=1113523
  [quotes_typed]  32.82s type=Manual child_fresh=Nones e2e=Nones streamed_lat 8->5s lag 2785924->0
  [quotes_daily]  41.03s type=Manual child_fresh=53s e2e=58s streamed_lat 9->5s lag 2825459->222134
  [lag] 2026-08-13T21:34:56Z raw=103254618680 behind=6s lag_rows=1750594
  [quotes_typed]  32.66s type=Manual child_fresh=Nones e2e=Nones streamed_lat 7->6s lag 4196640->31253
  [quotes_daily]  40.59s type=Manual child_fresh=50s e2e=55s streamed_lat 5->5s lag 0->0
  [quotes_typed]  32.38s type=Manual child_fresh=Nones e2e=Nones streamed_lat 6->4s lag 219577->358532
  [lag] 2026-08-13T21:35:56Z raw=103314765289 behind=5s lag_rows=22595
  [quotes_daily]  40.68s type=Manual child_fresh=49s e2e=54s streamed_lat 4->5s lag 80642->100681
  [quotes_typed]  32.53s type=Manual child_fresh=Nones e2e=Nones streamed_lat 5->4s lag 0->0
  [lag] 2026-08-13T21:36:56Z raw=103375558546 behind=5s lag_rows=388398
  [quotes_typed]  32.78s type=Manual child_fresh=Nones e2e=Nones streamed_lat 4->5s lag 0->850497
  [quotes_daily]  41.03s type=Manual child_fresh=51s e2e=56s streamed_lat 5->5s lag 934274->116962
  [lag] 2026-08-13T21:37:56Z raw=103436295173 behind=5s lag_rows=372478
  [quotes_typed]  32.54s type=Manual child_fresh=Nones e2e=Nones streamed_lat 5->7s lag 303906->3340058
  [quotes_daily]  40.57s type=Manual child_fresh=46s e2e=52s streamed_lat 5->6s lag 2253946->1975371
  [quotes_typed]  32.42s type=Manual child_fresh=Nones e2e=Nones streamed_lat 6->7s lag 2384806->69260
  [lag] 2026-08-13T21:38:56Z raw=103492439993 behind=6s lag_rows=0
  [quotes_daily]  41.25s type=Manual child_fresh=46s e2e=52s streamed_lat 6->6s lag 0->0
  [quotes_typed]  32.56s type=Manual child_fresh=Nones e2e=Nones streamed_lat 6->8s lag 301228->4211108
  [lag] 2026-08-13T21:39:56Z raw=103554556245 behind=6s lag_rows=1639245
  [quotes_typed]  32.90s type=Manual child_fresh=Nones e2e=Nones streamed_lat 6->6s lag 2239554->2270576
  [quotes_daily]  41.05s type=Manual child_fresh=51s e2e=55s streamed_lat 6->4s lag 1706456->0
  [quotes_typed]   2.40s type=Manual child_fresh=Nones e2e=Nones streamed_lat 6->6s lag 914549->48211
  [lag] 2026-08-13T21:40:56Z raw=103613961683 behind=7s lag_rows=499092
  [quotes_typed]  32.54s type=Manual child_fresh=Nones e2e=Nones streamed_lat 8->6s lag 1182379->46353
  [quotes_daily]  40.93s type=Manual child_fresh=55s e2e=61s streamed_lat 7->6s lag 352146->367457
  [quotes_typed]   1.31s type=Manual child_fresh=Nones e2e=Nones streamed_lat 5->6s lag 46899->0
  [lag] 2026-08-13T21:41:56Z raw=103673543307 behind=7s lag_rows=1808047
  [quotes_typed]  32.16s type=Manual child_fresh=Nones e2e=Nones streamed_lat 8->7s lag 2019120->1010737
  [quotes_daily]  40.65s type=Manual child_fresh=48s e2e=53s streamed_lat 8->5s lag 4341378->0
  [quotes_typed]   4.61s type=Manual child_fresh=Nones e2e=Nones streamed_lat 7->6s lag 1619779->47127
  [quotes_typed]   1.08s type=Manual child_fresh=Nones e2e=Nones streamed_lat 6->7s lag 0->277334
  [lag] 2026-08-13T21:42:56Z raw=103732309798 behind=8s lag_rows=3587361
  [quotes_daily]  40.62s type=Manual child_fresh=50s e2e=57s streamed_lat 6->7s lag 0->788593
  [quotes_typed]  32.32s type=Manual child_fresh=Nones e2e=Nones streamed_lat 8->6s lag 3484441->37595
  [lag] 2026-08-13T21:43:56Z raw=103794246329 behind=5s lag_rows=16496
  [quotes_typed]  32.91s type=Manual child_fresh=Nones e2e=Nones streamed_lat 6->7s lag 78017->897854
  [quotes_daily]  41.16s type=Manual child_fresh=50s e2e=56s streamed_lat 7->6s lag 1605827->2752906
  [quotes_typed]  32.59s type=Manual child_fresh=Nones e2e=Nones streamed_lat 6->5s lag 827402->0
  [lag] 2026-08-13T21:44:56Z raw=103851149574 behind=5s lag_rows=0
  [quotes_daily]  41.37s type=Manual child_fresh=50s e2e=57s streamed_lat 5->7s lag 13816->142894
  [quotes_typed]  32.45s type=Manual child_fresh=Nones e2e=Nones streamed_lat 5->6s lag 0->373386
  [lag] 2026-08-13T21:45:56Z raw=103912121256 behind=6s lag_rows=0
  [quotes_typed]  32.98s type=Manual child_fresh=Nones e2e=Nones streamed_lat 6->7s lag 630161->167921
  [quotes_daily]  41.08s type=Manual child_fresh=51s e2e=58s streamed_lat 7->7s lag 1063419->0
  [lag] 2026-08-13T21:46:56Z raw=103972969021 behind=9s lag_rows=2098866
  [quotes_typed]  33.51s type=Manual child_fresh=Nones e2e=Nones streamed_lat 7->7s lag 123425->597857
  [quotes_daily]  40.63s type=Manual child_fresh=49s e2e=55s streamed_lat 5->6s lag 160321->975411
  [quotes_typed]  32.59s type=Manual child_fresh=Nones e2e=Nones streamed_lat 9->6s lag 4172448->0
  [lag] 2026-08-13T21:47:56Z raw=104032341743 behind=8s lag_rows=3502287
  [quotes_daily]  41.00s type=Manual child_fresh=45s e2e=50s streamed_lat 6->5s lag 0->0
  [quotes_typed]  32.62s type=Manual child_fresh=Nones e2e=Nones streamed_lat 5->7s lag 0->4469584
  [quotes_daily]  12.60s type=Manual child_fresh=21s e2e=27s streamed_lat 7->6s lag 1632684->0
  [lag] 2026-08-13T21:48:56Z raw=104092167545 behind=6s lag_rows=0
  [quotes_typed]  32.46s type=Manual child_fresh=Nones e2e=Nones streamed_lat 6->5s lag 0->101643
  [quotes_typed]   1.65s type=Manual child_fresh=Nones e2e=Nones streamed_lat 5->7s lag 72621->103060
  [lag] 2026-08-13T21:49:56Z raw=104152816813 behind=7s lag_rows=4189433
  [quotes_typed]  32.27s type=Manual child_fresh=Nones e2e=Nones streamed_lat 7->6s lag 265853->1235605
  [quotes_daily]  41.66s type=Manual child_fresh=51s e2e=57s streamed_lat 7->6s lag 1259591->0
  [quotes_typed]  32.60s type=Manual child_fresh=Nones e2e=Nones streamed_lat 7->8s lag 2526848->4861002
  [lag] 2026-08-13T21:50:56Z raw=104213954233 behind=6s lag_rows=0
  [quotes_daily]  40.97s type=Manual child_fresh=49s e2e=56s streamed_lat 6->7s lag 514284->2933249
  [quotes_typed]  33.16s type=Manual child_fresh=Nones e2e=Nones streamed_lat 6->6s lag 0->1306405
  [quotes_daily]   8.61s type=Manual child_fresh=16s e2e=21s streamed_lat 5->5s lag 2303056->2014659
  [lag] 2026-08-13T21:51:56Z raw=104274955062 behind=4s lag_rows=154551
  [quotes_typed]  32.50s type=Manual child_fresh=Nones e2e=Nones streamed_lat 5->4s lag 1585155->0
  [quotes_daily]   9.85s type=Manual child_fresh=18s e2e=22s streamed_lat 5->4s lag 1353093->0
  [lag] 2026-08-13T21:52:56Z raw=104335460041 behind=5s lag_rows=619660
  [quotes_typed]  32.46s type=Manual child_fresh=Nones e2e=Nones streamed_lat 5->8s lag 302823->1940106
  [quotes_typed]   4.52s type=Manual child_fresh=Nones e2e=Nones streamed_lat 7->7s lag 3219074->143356
  [lag] 2026-08-13T21:53:56Z raw=104393903905 behind=6s lag_rows=104200
  [quotes_typed]  32.42s type=Manual child_fresh=Nones e2e=Nones streamed_lat 8->5s lag 280676->194502
  [quotes_daily]  41.16s type=Manual child_fresh=51s e2e=55s streamed_lat 7->4s lag 0->0
  [lag] 2026-08-13T21:54:56Z raw=104454836441 behind=8s lag_rows=1025404
  [quotes_typed]  32.55s type=Manual child_fresh=Nones e2e=Nones streamed_lat 5->7s lag 544053->1103299
  [quotes_daily]  40.79s type=Manual child_fresh=45s e2e=52s streamed_lat 4->7s lag 0->158255
  [quotes_typed]  32.40s type=Manual child_fresh=Nones e2e=Nones streamed_lat 8->7s lag 5462095->42487
  [lag] 2026-08-13T21:55:56Z raw=104511740496 behind=7s lag_rows=0
  [quotes_daily]  40.71s type=Manual child_fresh=49s e2e=58s streamed_lat 8->9s lag 931382->3336085
  [quotes_typed]  32.58s type=Manual child_fresh=Nones e2e=Nones streamed_lat 7->9s lag 148544->2854620
  [lag] 2026-08-13T21:56:56Z raw=104567937368 behind=9s lag_rows=0
  [quotes_typed]  32.60s type=Manual child_fresh=Nones e2e=Nones streamed_lat 8->10s lag 756136->3852044
  [quotes_typed]   1.11s type=Manual child_fresh=Nones e2e=Nones streamed_lat 9->8s lag 0->0
  [quotes_daily]  40.91s type=Manual child_fresh=54s e2e=62s streamed_lat 7->8s lag 1918536->0
  [lag] 2026-08-13T21:57:56Z raw=104634218000 behind=7s lag_rows=1295566
  [quotes_typed]  32.35s type=Manual child_fresh=Nones e2e=Nones streamed_lat 10->6s lag 1873163->0
  [quotes_daily]  41.30s type=Manual child_fresh=46s e2e=51s streamed_lat 8->5s lag 0->0
  [quotes_typed]   8.31s type=Manual child_fresh=Nones e2e=Nones streamed_lat 6->5s lag 93770->0
  [lag] 2026-08-13T21:58:56Z raw=104696859296 behind=6s lag_rows=278998
  [quotes_typed]  32.16s type=Manual child_fresh=Nones e2e=Nones streamed_lat 5->6s lag 0->3232585
  [quotes_daily]  40.86s type=Manual child_fresh=48s e2e=54s streamed_lat 5->6s lag 177794->0
  [quotes_typed]  32.30s type=Manual child_fresh=Nones e2e=Nones streamed_lat 6->7s lag 3715658->1941023
  [lag] 2026-08-13T21:59:56Z raw=104754671594 behind=7s lag_rows=1672590
  [quotes_daily]  40.82s type=Manual child_fresh=47s e2e=53s streamed_lat 6->6s lag 2547558->357092
  [quotes_typed]  32.36s type=Manual child_fresh=Nones e2e=Nones streamed_lat 7->7s lag 2855465->329388
  [lag] 2026-08-13T22:00:56Z raw=104813791689 behind=6s lag_rows=2144374
  [quotes_typed]  32.82s type=Manual child_fresh=Nones e2e=Nones streamed_lat 7->5s lag 908487->325900
  [quotes_daily]  41.02s type=Manual child_fresh=53s e2e=58s streamed_lat 7->5s lag 4798404->384741
  [quotes_typed]   4.27s type=Manual child_fresh=Nones e2e=Nones streamed_lat 4->5s lag 0->0
  [lag] 2026-08-13T22:01:56Z raw=104871792161 behind=9s lag_rows=4528321
  [quotes_typed]  32.36s type=Manual child_fresh=Nones e2e=Nones streamed_lat 5->8s lag 0->4037673
  [quotes_daily]  42.61s type=Manual child_fresh=49s e2e=56s streamed_lat 5->7s lag 636505->0
  [quotes_typed]   1.46s type=Manual child_fresh=Nones e2e=Nones streamed_lat 7->8s lag 0->1415729
  [lag] 2026-08-13T22:02:56Z raw=104933402002 behind=8s lag_rows=2412732
  [quotes_typed]  32.10s type=Manual child_fresh=Nones e2e=Nones streamed_lat 7->9s lag 0->0
  [quotes_daily]  40.74s type=Manual child_fresh=48s e2e=56s streamed_lat 7->8s lag 0->966949
  [quotes_typed]  32.53s type=Manual child_fresh=Nones e2e=Nones streamed_lat 7->5s lag 0->859646
  [lag] 2026-08-13T22:03:56Z raw=104995499188 behind=5s lag_rows=56253
  [quotes_daily]  41.00s type=Manual child_fresh=48s e2e=53s streamed_lat 7->5s lag 4753390->4401
  [quotes_typed]  32.43s type=Manual child_fresh=Nones e2e=Nones streamed_lat 5->5s lag 83790->0
  [lag] 2026-08-13T22:04:56Z raw=105054917665 behind=4s lag_rows=0
  [quotes_daily]  41.12s type=Manual child_fresh=48s e2e=53s streamed_lat 5->5s lag 804754->0
  [quotes_typed]  32.22s type=Manual child_fresh=Nones e2e=Nones streamed_lat 4->4s lag 0->821811
  [quotes_typed]   1.17s type=Manual child_fresh=Nones e2e=Nones streamed_lat 4->5s lag 57984->210480
  [lag] 2026-08-13T22:05:56Z raw=105114186748 behind=6s lag_rows=2730305
  [quotes_typed]  32.30s type=Manual child_fresh=Nones e2e=Nones streamed_lat 5->5s lag 180440->0
  [quotes_daily]  41.82s type=Manual child_fresh=52s e2e=57s streamed_lat 6->5s lag 0->82616
  [quotes_typed]   1.17s type=Manual child_fresh=Nones e2e=Nones streamed_lat 5->7s lag 0->148037
  [lag] 2026-08-13T22:06:56Z raw=105174273679 behind=4s lag_rows=0
  [quotes_typed]  32.36s type=Manual child_fresh=Nones e2e=Nones streamed_lat 5->5s lag 0->0
  [quotes_daily]  41.15s type=Manual child_fresh=51s e2e=59s streamed_lat 7->8s lag 2562237->1646355
  [quotes_typed]   1.14s type=Manual child_fresh=Nones e2e=Nones streamed_lat 5->7s lag 0->165313
  [lag] 2026-08-13T22:07:56Z raw=105232299300 behind=5s lag_rows=0
  [quotes_typed]  32.18s type=Manual child_fresh=Nones e2e=Nones streamed_lat 9->6s lag 1638714->1307936
  [quotes_daily]  41.14s type=Manual child_fresh=50s e2e=56s streamed_lat 10->6s lag 6599979->0
  [lag] 2026-08-13T22:08:56Z raw=105294663363 behind=5s lag_rows=353796
  [quotes_typed]  32.46s type=Manual child_fresh=Nones e2e=Nones streamed_lat 8->5s lag 1536830->72827
  [quotes_daily]  40.67s type=Manual child_fresh=50s e2e=56s streamed_lat 5->6s lag 0->3790352
  [quotes_typed]  32.31s type=Manual child_fresh=Nones e2e=Nones streamed_lat 5->4s lag 0->0
  [lag] 2026-08-13T22:09:56Z raw=105355574307 behind=5s lag_rows=663221
  [quotes_daily]  40.84s type=Manual child_fresh=50s e2e=55s streamed_lat 6->5s lag 25749->1514956
  [quotes_typed]  32.43s type=Manual child_fresh=Nones e2e=Nones streamed_lat 5->6s lag 2207546->893850
  [lag] 2026-08-13T22:10:56Z raw=105415073835 behind=6s lag_rows=524607
  [quotes_typed]  32.64s type=Manual child_fresh=Nones e2e=Nones streamed_lat 7->5s lag 2222997->0
  [quotes_daily]  40.88s type=Manual child_fresh=52s e2e=60s streamed_lat 7->8s lag 4498718->1173232
  [quotes_typed]   1.19s type=Manual child_fresh=Nones e2e=Nones streamed_lat 6->6s lag 0->0
  [lag] 2026-08-13T22:11:56Z raw=105474555177 behind=7s lag_rows=795917
  [quotes_typed]  32.21s type=Manual child_fresh=Nones e2e=Nones streamed_lat 6->6s lag 32242->24035
  [quotes_daily]  40.64s type=Manual child_fresh=49s e2e=56s streamed_lat 7->7s lag 4240698->643465
  [quotes_typed]   1.47s type=Manual child_fresh=Nones e2e=Nones streamed_lat 7->6s lag 220732->0
  [lag] 2026-08-13T22:12:56Z raw=105534494017 behind=6s lag_rows=1559900
  [quotes_typed]  32.40s type=Manual child_fresh=Nones e2e=Nones streamed_lat 7->6s lag 0->14647
  [quotes_daily]  41.03s type=Manual child_fresh=48s e2e=55s streamed_lat 7->7s lag 0->835760
  [quotes_typed]  32.77s type=Manual child_fresh=Nones e2e=Nones streamed_lat 7->5s lag 286429->26225
  [lag] 2026-08-13T22:13:56Z raw=105594986192 behind=5s lag_rows=87463
  [quotes_daily]  40.95s type=Manual child_fresh=49s e2e=54s streamed_lat 7->5s lag 4247027->159012
  [quotes_typed]  32.65s type=Manual child_fresh=Nones e2e=Nones streamed_lat 5->5s lag 0->110733
  [lag] 2026-08-13T22:14:56Z raw=105654819716 behind=4s lag_rows=0
  [quotes_typed]  32.72s type=Manual child_fresh=Nones e2e=Nones streamed_lat 5->5s lag 0->1082982
  [quotes_daily]  41.42s type=Manual child_fresh=52s e2e=57s streamed_lat 7->5s lag 1390635->1576629
  [lag] 2026-08-13T22:15:56Z raw=105714376996 behind=4s lag_rows=0
  [quotes_typed]  32.66s type=Manual child_fresh=Nones e2e=Nones streamed_lat 5->4s lag 0->0
  [quotes_daily]  40.71s type=Manual child_fresh=45s e2e=50s streamed_lat 4->5s lag 0->1166214
  [quotes_typed]  32.55s type=Manual child_fresh=Nones e2e=Nones streamed_lat 5->4s lag 0->0
  [lag] 2026-08-13T22:16:56Z raw=105772423961 behind=4s lag_rows=0
  [quotes_daily]  41.73s type=Manual child_fresh=50s e2e=54s streamed_lat 5->4s lag 794057->59507
  [quotes_typed]  32.60s type=Manual child_fresh=Nones e2e=Nones streamed_lat 5->5s lag 1075898->785552
  [lag] 2026-08-13T22:17:56Z raw=105834503787 behind=4s lag_rows=0
  [quotes_typed]  32.70s type=Manual child_fresh=Nones e2e=Nones streamed_lat 4->4s lag 4996->66342
  [quotes_daily]  41.40s type=Manual child_fresh=52s e2e=57s streamed_lat 5->5s lag 0->0
  [lag] 2026-08-13T22:18:56Z raw=105895815688 behind=5s lag_rows=765059
  [quotes_typed]  32.46s type=Manual child_fresh=Nones e2e=Nones streamed_lat 5->4s lag 0->0
  [quotes_daily]  41.17s type=Manual child_fresh=47s e2e=52s streamed_lat 6->5s lag 3238579->0
  [quotes_typed]  32.42s type=Manual child_fresh=Nones e2e=Nones streamed_lat 5->5s lag 123709->781170
  [lag] 2026-08-13T22:19:56Z raw=105954682460 behind=4s lag_rows=0
  [quotes_daily]  41.31s type=Manual child_fresh=49s e2e=53s streamed_lat 4->4s lag 94702->0
  [quotes_typed]  32.52s type=Manual child_fresh=Nones e2e=Nones streamed_lat 4->5s lag 53486->236121
  [lag] 2026-08-13T22:20:56Z raw=106015341758 behind=5s lag_rows=698038
  [quotes_typed]  32.76s type=Manual child_fresh=Nones e2e=Nones streamed_lat 5->5s lag 152037->87606
  [quotes_daily]  41.10s type=Manual child_fresh=49s e2e=54s streamed_lat 5->5s lag 2000478->0
  [quotes_typed]  32.39s type=Manual child_fresh=Nones e2e=Nones streamed_lat 5->4s lag 0->57403
  [lag] 2026-08-13T22:21:56Z raw=106075029114 behind=4s lag_rows=40736
  [quotes_daily]  42.09s type=Manual child_fresh=49s e2e=55s streamed_lat 5->6s lag 150347->582158
  [quotes_typed]  32.25s type=Manual child_fresh=Nones e2e=Nones streamed_lat 4->6s lag 0->874938
  [quotes_daily]   9.73s type=Manual child_fresh=20s e2e=25s streamed_lat 4->5s lag 0->476906
  [lag] 2026-08-13T22:22:56Z raw=106132051061 behind=5s lag_rows=0
  [quotes_typed]  32.36s type=Manual child_fresh=Nones e2e=Nones streamed_lat 6->6s lag 466413->1557682
  [lag] 2026-08-13T22:23:56Z raw=106195402883 behind=5s lag_rows=1020978
  [quotes_typed]  32.49s type=Manual child_fresh=Nones e2e=Nones streamed_lat 5->5s lag 1467171->881120
  [quotes_daily]  41.33s type=Manual child_fresh=49s e2e=55s streamed_lat 5->6s lag 823848->3403054
  [quotes_typed]  32.42s type=Manual child_fresh=Nones e2e=Nones streamed_lat 5->4s lag 143677->69722
  [lag] 2026-08-13T22:24:56Z raw=106253970737 behind=4s lag_rows=0
  [quotes_daily]  41.26s type=Manual child_fresh=47s e2e=52s streamed_lat 5->5s lag 196325->33471
  [quotes_typed]  32.55s type=Manual child_fresh=Nones e2e=Nones streamed_lat 4->5s lag 0->1995512
  [lag] 2026-08-13T22:25:56Z raw=106313522558 behind=5s lag_rows=0
  [quotes_typed]  32.26s type=Manual child_fresh=Nones e2e=Nones streamed_lat 7->5s lag 307821->0
  [quotes_daily]  41.13s type=Manual child_fresh=49s e2e=54s streamed_lat 7->5s lag 1008329->0
  [quotes_typed]  33.01s type=Manual child_fresh=Nones e2e=Nones streamed_lat 6->6s lag 355789->219016
  [lag] 2026-08-13T22:26:56Z raw=106374235596 behind=5s lag_rows=0
  [quotes_daily]  40.80s type=Manual child_fresh=49s e2e=57s streamed_lat 5->8s lag 106494->5245087
  [quotes_typed]  32.39s type=Manual child_fresh=Nones e2e=Nones streamed_lat 5->7s lag 97760->50689
  [lag] 2026-08-13T22:27:56Z raw=106434381940 behind=4s lag_rows=0
  [quotes_typed]  32.71s type=Manual child_fresh=Nones e2e=Nones streamed_lat 8->4s lag 1936582->0
  [quotes_daily]  41.23s type=Manual child_fresh=53s e2e=59s streamed_lat 7->6s lag 163606->252661
  [quotes_typed]   2.41s type=Manual child_fresh=Nones e2e=Nones streamed_lat 5->5s lag 255380->275349
  [lag] 2026-08-13T22:28:56Z raw=106493657104 behind=5s lag_rows=0
  [quotes_typed]  32.13s type=Manual child_fresh=Nones e2e=Nones streamed_lat 5->5s lag 323982->512169
  [quotes_daily]  41.26s type=Manual child_fresh=49s e2e=54s streamed_lat 5->5s lag 267107->0
  [quotes_typed]   2.58s type=Manual child_fresh=Nones e2e=Nones streamed_lat 5->6s lag 44536->1230003
  [lag] 2026-08-13T22:29:56Z raw=106553749361 behind=6s lag_rows=3233638
  [quotes_daily]  41.00s type=Manual child_fresh=52s e2e=57s streamed_lat 7->5s lag 1438288->711546
  [quotes_typed]  32.09s type=Manual child_fresh=Nones e2e=Nones streamed_lat 6->4s lag 1946046->96975
  [lag] 2026-08-13T22:30:56Z raw=106614747932 behind=5s lag_rows=2162541
  [quotes_typed]  32.39s type=Manual child_fresh=Nones e2e=Nones streamed_lat 4->5s lag 0->823019
  [quotes_daily]  40.93s type=Manual child_fresh=47s e2e=51s streamed_lat 4->4s lag 0->165797
  [quotes_typed]  32.51s type=Manual child_fresh=Nones e2e=Nones streamed_lat 5->6s lag 544277->1484584
  [lag] 2026-08-13T22:31:56Z raw=106674874607 behind=4s lag_rows=96263
  [quotes_daily]  41.22s type=Manual child_fresh=47s e2e=52s streamed_lat 5->5s lag 2179292->0
  [quotes_typed]  32.91s type=Manual child_fresh=Nones e2e=Nones streamed_lat 6->6s lag 1234591->185132
  [lag] 2026-08-13T22:32:56Z raw=106735391823 behind=5s lag_rows=734949
  [quotes_typed]  32.67s type=Manual child_fresh=Nones e2e=Nones streamed_lat 6->4s lag 882410->0
  [quotes_daily]  41.44s type=Manual child_fresh=52s e2e=56s streamed_lat 7->4s lag 1081723->59761
  [quotes_typed]   1.87s type=Manual child_fresh=Nones e2e=Nones streamed_lat 5->4s lag 743215->55400
  [lag] 2026-08-13T22:33:56Z raw=106793777223 behind=5s lag_rows=69591
  [quotes_typed]  32.16s type=Manual child_fresh=Nones e2e=Nones streamed_lat 4->4s lag 0->0
  [quotes_daily]  40.96s type=Manual child_fresh=48s e2e=52s streamed_lat 6->4s lag 554526->30601
  [quotes_typed]  32.32s type=Manual child_fresh=Nones e2e=Nones streamed_lat 5->5s lag 0->2793041
  [lag] 2026-08-13T22:34:56Z raw=106855005535 behind=6s lag_rows=812153
  [quotes_daily]  24.80s type=Manual child_fresh=32s e2e=40s streamed_lat 4->8s lag 0->5146313
  [quotes_typed]  32.53s type=Manual child_fresh=Nones e2e=Nones streamed_lat 6->6s lag 1724994->79898
  [lag] 2026-08-13T22:35:56Z raw=106911759839 behind=6s lag_rows=0
  [quotes_typed]  32.52s type=Manual child_fresh=Nones e2e=Nones streamed_lat 7->5s lag 229005->44659
  [quotes_daily]  41.70s type=Manual child_fresh=51s e2e=56s streamed_lat 6->5s lag 0->1698161
  [lag] 2026-08-13T22:36:56Z raw=106975066615 behind=5s lag_rows=938677
  [quotes_typed]  32.62s type=Manual child_fresh=Nones e2e=Nones streamed_lat 5->4s lag 899966->125348
  [quotes_daily]  41.39s type=Manual child_fresh=49s e2e=53s streamed_lat 4->4s lag 51927->44039
  [quotes_typed]  32.83s type=Manual child_fresh=Nones e2e=Nones streamed_lat 4->5s lag 0->0
  [lag] 2026-08-13T22:37:56Z raw=107034686121 behind=5s lag_rows=2207997
  [quotes_daily]  41.04s type=Manual child_fresh=48s e2e=54s streamed_lat 5->6s lag 2089543->1557571
  [quotes_typed]  32.55s type=Manual child_fresh=Nones e2e=Nones streamed_lat 5->8s lag 295871->2928861
  [quotes_daily]  10.13s type=Manual child_fresh=20s e2e=27s streamed_lat 6->7s lag 49211->0
  [lag] 2026-08-13T22:38:56Z raw=107094151952 behind=7s lag_rows=759752
  [quotes_typed]  32.58s type=Manual child_fresh=Nones e2e=Nones streamed_lat 6->5s lag 51650->168304
  [lag] 2026-08-13T22:39:56Z raw=107156560230 behind=5s lag_rows=359060
  [quotes_typed]  32.27s type=Manual child_fresh=Nones e2e=Nones streamed_lat 6->5s lag 136186->193244
  [quotes_daily]  41.09s type=Manual child_fresh=45s e2e=51s streamed_lat 5->6s lag 0->2193367
  [quotes_typed]  33.01s type=Manual child_fresh=Nones e2e=Nones streamed_lat 4->7s lag 0->274029
  [lag] 2026-08-13T22:40:56Z raw=107212775207 behind=5s lag_rows=0
  [quotes_daily]  41.30s type=Manual child_fresh=47s e2e=51s streamed_lat 5->4s lag 0->69062
  [quotes_typed]  32.31s type=Manual child_fresh=Nones e2e=Nones streamed_lat 7->5s lag 1366141->2114593
  [lag] 2026-08-13T22:41:56Z raw=107272765315 behind=4s lag_rows=0
  [quotes_typed]  32.54s type=Manual child_fresh=Nones e2e=Nones streamed_lat 4->4s lag 132315->0
  [quotes_daily]  41.15s type=Manual child_fresh=47s e2e=51s streamed_lat 5->4s lag 1232488->0
  [quotes_typed]  32.59s type=Manual child_fresh=Nones e2e=Nones streamed_lat 5->4s lag 682810->76325
  [lag] 2026-08-13T22:42:56Z raw=107334530240 behind=4s lag_rows=0
  [quotes_daily]  40.88s type=Manual child_fresh=45s e2e=51s streamed_lat 4->6s lag 0->2718524
  [quotes_typed]  32.72s type=Manual child_fresh=Nones e2e=Nones streamed_lat 4->5s lag 0->0
  [lag] 2026-08-13T22:43:56Z raw=107393927481 behind=6s lag_rows=49657
  [quotes_typed]  32.76s type=Manual child_fresh=Nones e2e=Nones streamed_lat 6->8s lag 3266717->341936
  [quotes_daily]  40.92s type=Manual child_fresh=50s e2e=58s streamed_lat 8->8s lag 2594437->2399931
  [lag] 2026-08-13T22:44:56Z raw=107452035739 behind=6s lag_rows=0
  [quotes_typed]  32.59s type=Manual child_fresh=Nones e2e=Nones streamed_lat 8->9s lag 869764->5298459
  [quotes_daily]  40.99s type=Manual child_fresh=51s e2e=59s streamed_lat 7->8s lag 92733->2570202
  [quotes_typed]  32.54s type=Manual child_fresh=Nones e2e=Nones streamed_lat 7->9s lag 317->207931
  [lag] 2026-08-13T22:45:56Z raw=107509371998 behind=9s lag_rows=0
  [quotes_daily]  41.09s type=Manual child_fresh=48s e2e=60s streamed_lat 7->12s lag 1747835->8629312
  [quotes_typed]  32.59s type=Manual child_fresh=Nones e2e=Nones streamed_lat 10->9s lag 6809539->0
  [lag] 2026-08-13T22:46:56Z raw=107572808892 behind=7s lag_rows=141593
  [quotes_typed]  32.20s type=Manual child_fresh=Nones e2e=Nones streamed_lat 10->7s lag 333389->1583183
  [quotes_daily]  41.00s type=Manual child_fresh=53s e2e=58s streamed_lat 9->5s lag 169800->167616
  [quotes_typed]  32.43s type=Manual child_fresh=Nones e2e=Nones streamed_lat 6->5s lag 751646->0
  [lag] 2026-08-13T22:47:56Z raw=107630920570 behind=5s lag_rows=0
  [quotes_daily]  40.97s type=Manual child_fresh=51s e2e=56s streamed_lat 6->5s lag 1784805->0
  [quotes_typed]  32.70s type=Manual child_fresh=Nones e2e=Nones streamed_lat 8->5s lag 124618->0
  [lag] 2026-08-13T22:48:56Z raw=107694654364 behind=5s lag_rows=0
  [quotes_typed]  32.82s type=Manual child_fresh=Nones e2e=Nones streamed_lat 5->5s lag 770893->8134
  [quotes_daily]  42.13s type=Manual child_fresh=53s e2e=60s streamed_lat 5->7s lag 662502->1625297
  [lag] 2026-08-13T22:49:56Z raw=107754788087 behind=5s lag_rows=30524
  [quotes_typed]  32.41s type=Manual child_fresh=Nones e2e=Nones streamed_lat 6->5s lag 116077->0
  [quotes_daily]  41.22s type=Manual child_fresh=51s e2e=56s streamed_lat 5->5s lag 0->1581915
  [quotes_typed]  32.41s type=Manual child_fresh=Nones e2e=Nones streamed_lat 5->7s lag 0->848965
  [lag] 2026-08-13T22:50:56Z raw=107813586101 behind=5s lag_rows=0
  [quotes_daily]  41.43s type=Manual child_fresh=47s e2e=55s streamed_lat 4->8s lag 0->1324682
  [quotes_typed]  32.44s type=Manual child_fresh=Nones e2e=Nones streamed_lat 6->6s lag 517041->0
  [lag] 2026-08-13T22:51:56Z raw=107875856779 behind=4s lag_rows=0
  [quotes_typed]  32.66s type=Manual child_fresh=Nones e2e=Nones streamed_lat 5->5s lag 0->41625
  [quotes_daily]  41.46s type=Manual child_fresh=48s e2e=53s streamed_lat 6->5s lag 435757->693590
  [quotes_typed]  16.71s type=Manual child_fresh=Nones e2e=Nones streamed_lat 4->4s lag 0->42029
  [lag] 2026-08-13T22:52:56Z raw=107934519300 behind=4s lag_rows=0
  [quotes_typed]  32.74s type=Manual child_fresh=Nones e2e=Nones streamed_lat 4->5s lag 0->878500
  [quotes_daily]  41.41s type=Manual child_fresh=49s e2e=53s streamed_lat 5->4s lag 1216356->53871
  [quotes_typed]   2.58s type=Manual child_fresh=Nones e2e=Nones streamed_lat 4->3s lag 44368->817204
  [lag] 2026-08-13T22:53:56Z raw=107995364975 behind=5s lag_rows=714075
  [quotes_daily]  17.07s type=Manual child_fresh=26s e2e=30s streamed_lat 5->4s lag 500431->0
  [quotes_typed]  32.32s type=Manual child_fresh=Nones e2e=Nones streamed_lat 4->4s lag 0->0
  [quotes_typed]   2.33s type=Manual child_fresh=Nones e2e=Nones streamed_lat 4->4s lag 1629005->0
  [lag] 2026-08-13T22:54:56Z raw=108055050917 behind=5s lag_rows=2016770
  [quotes_typed]  32.35s type=Manual child_fresh=Nones e2e=Nones streamed_lat 4->5s lag 53133->211809
  [quotes_daily]  41.05s type=Manual child_fresh=53s e2e=57s streamed_lat 6->4s lag 394822->37242
  [quotes_typed]   1.50s type=Manual child_fresh=Nones e2e=Nones streamed_lat 4->4s lag 0->500552
  [lag] 2026-08-13T22:55:56Z raw=108113999086 behind=5s lag_rows=782286
  [quotes_typed]  32.38s type=Manual child_fresh=Nones e2e=Nones streamed_lat 5->6s lag 1198291->27309
  [quotes_daily]  41.16s type=Manual child_fresh=53s e2e=58s streamed_lat 3->5s lag 0->293524
  [quotes_typed]   1.40s type=Manual child_fresh=Nones e2e=Nones streamed_lat 6->4s lag 112813->46267
  [lag] 2026-08-13T22:56:56Z raw=108174811508 behind=4s lag_rows=0
  [quotes_typed]  32.09s type=Manual child_fresh=Nones e2e=Nones streamed_lat 4->4s lag 0->25133
  [quotes_typed]   1.32s type=Manual child_fresh=Nones e2e=Nones streamed_lat 4->6s lag 0->3258023
  [quotes_daily]  41.13s type=Manual child_fresh=51s e2e=56s streamed_lat 4->5s lag 0->284043
  [lag] 2026-08-13T22:57:56Z raw=108234995754 behind=5s lag_rows=1992742
  [quotes_typed]  32.20s type=Manual child_fresh=Nones e2e=Nones streamed_lat 4->3s lag 42885->376605
  [quotes_daily]  41.36s type=Manual child_fresh=47s e2e=51s streamed_lat 4->4s lag 0->0
  [quotes_typed]  32.38s type=Manual child_fresh=Nones e2e=Nones streamed_lat 3->5s lag 0->2216291
  [lag] 2026-08-13T22:58:56Z raw=108295017496 behind=4s lag_rows=0
  [quotes_daily]  41.10s type=Manual child_fresh=49s e2e=53s streamed_lat 4->4s lag 29058->50292
  [quotes_typed]  32.28s type=Manual child_fresh=Nones e2e=Nones streamed_lat 4->4s lag 0->487896
  [quotes_typed]   1.56s type=Manual child_fresh=Nones e2e=Nones streamed_lat 5->4s lag 366596->0
  [lag] 2026-08-13T22:59:56Z raw=108354864858 behind=5s lag_rows=320233
  [quotes_daily]  41.29s type=Manual child_fresh=51s e2e=58s streamed_lat 4->7s lag 109159->821424
  [quotes_typed]  32.03s type=Manual child_fresh=Nones e2e=Nones streamed_lat 5->5s lag 0->3167869
  [lag] 2026-08-13T23:00:56Z raw=108414745721 behind=4s lag_rows=0
  [quotes_typed]  32.21s type=Manual child_fresh=Nones e2e=Nones streamed_lat 4->4s lag 618810->54001
  [quotes_daily]  41.14s type=Manual child_fresh=46s e2e=51s streamed_lat 4->5s lag 61443->17155
  [quotes_typed]   8.47s type=Manual child_fresh=Nones e2e=Nones streamed_lat 5->5s lag 0->0
  [lag] 2026-08-13T23:01:56Z raw=108473693544 behind=6s lag_rows=230749
  [quotes_typed]  32.03s type=Manual child_fresh=Nones e2e=Nones streamed_lat 5->5s lag 2047547->0
  [quotes_daily]  41.04s type=Manual child_fresh=45s e2e=50s streamed_lat 4->5s lag 0->0
  [quotes_typed]  32.38s type=Manual child_fresh=Nones e2e=Nones streamed_lat 4->4s lag 0->104625
  [lag] 2026-08-13T23:02:56Z raw=108536136065 behind=5s lag_rows=1537615
  [quotes_daily]  41.24s type=Manual child_fresh=49s e2e=54s streamed_lat 6->5s lag 465833->2123411
  [quotes_typed]  32.58s type=Manual child_fresh=Nones e2e=Nones streamed_lat 5->4s lag 934499->0
  [lag] 2026-08-13T23:03:56Z raw=108593733422 behind=6s lag_rows=2287850
  [quotes_typed]  32.53s type=Manual child_fresh=Nones e2e=Nones streamed_lat 5->5s lag 759005->27510
  [quotes_daily]  42.06s type=Manual child_fresh=53s e2e=59s streamed_lat 5->6s lag 995625->1618803
  [lag] 2026-08-13T23:04:56Z raw=108654775016 behind=4s lag_rows=0
  [quotes_typed]  32.24s type=Manual child_fresh=Nones e2e=Nones streamed_lat 5->5s lag 0->42503
  [quotes_daily]  41.41s type=Manual child_fresh=50s e2e=55s streamed_lat 4->5s lag 69541->2294344
  [quotes_typed]  32.47s type=Manual child_fresh=Nones e2e=Nones streamed_lat 5->6s lag 230279->454718
  [lag] 2026-08-13T23:05:56Z raw=108714216137 behind=7s lag_rows=1712550
  [quotes_daily]  41.06s type=Manual child_fresh=50s e2e=55s streamed_lat 5->5s lag 29100->29976
  [quotes_typed]  32.45s type=Manual child_fresh=Nones e2e=Nones streamed_lat 6->7s lag 404190->2297965
  [lag] 2026-08-13T23:06:56Z raw=108772881957 behind=5s lag_rows=0
  [quotes_typed]  32.96s type=Manual child_fresh=Nones e2e=Nones streamed_lat 6->5s lag 414555->0
  [quotes_daily]  41.46s type=Manual child_fresh=52s e2e=59s streamed_lat 7->7s lag 724515->1435213
  [lag] 2026-08-13T23:07:56Z raw=108833521802 behind=6s lag_rows=0
  [quotes_typed]  32.37s type=Manual child_fresh=Nones e2e=Nones streamed_lat 6->7s lag 21369->1750479
  [quotes_daily]  41.23s type=Manual child_fresh=51s e2e=58s streamed_lat 6->7s lag 68164->3341218
  [quotes_typed]  32.50s type=Manual child_fresh=Nones e2e=Nones streamed_lat 7->6s lag 4227052->749174
  [lag] 2026-08-13T23:08:56Z raw=108894541558 behind=6s lag_rows=1521521
  [quotes_daily]  41.23s type=Manual child_fresh=54s e2e=59s streamed_lat 5->5s lag 0->11550
  [quotes_typed]  32.43s type=Manual child_fresh=Nones e2e=Nones streamed_lat 6->5s lag 91720->67139
  [lag] 2026-08-13T23:09:56Z raw=108954439552 behind=6s lag_rows=1749403
  [quotes_typed]  32.37s type=Manual child_fresh=Nones e2e=Nones streamed_lat 6->7s lag 0->1810351
  [quotes_daily]  41.10s type=Manual child_fresh=46s e2e=52s streamed_lat 7->6s lag 3005548->0
  [quotes_typed]  16.48s type=Manual child_fresh=Nones e2e=Nones streamed_lat 6->6s lag 0->0
  [quotes_daily]   9.73s type=Manual child_fresh=19s e2e=25s streamed_lat 5->6s lag 171774->1216226
  [lag] 2026-08-13T23:10:56Z raw=109015447088 behind=4s lag_rows=89039
  [quotes_typed]  32.53s type=Manual child_fresh=Nones e2e=Nones streamed_lat 6->4s lag 2021288->0
  [lag] 2026-08-13T23:11:56Z raw=109076372505 behind=6s lag_rows=542680
  [quotes_typed]  32.14s type=Manual child_fresh=Nones e2e=Nones streamed_lat 5->6s lag 2146746->3219404
  [quotes_daily]  41.04s type=Manual child_fresh=48s e2e=53s streamed_lat 5->5s lag 858342->0
  [quotes_typed]  32.41s type=Manual child_fresh=Nones e2e=Nones streamed_lat 5->5s lag 0->0
  [lag] 2026-08-13T23:12:56Z raw=109134891161 behind=5s lag_rows=1778164
  [quotes_daily]  41.50s type=Manual child_fresh=50s e2e=55s streamed_lat 5->5s lag 33986->0
  [quotes_typed]  32.40s type=Manual child_fresh=Nones e2e=Nones streamed_lat 5->6s lag 2026951->3206188
  [lag] 2026-08-13T23:13:56Z raw=109193228620 behind=6s lag_rows=22125
  [quotes_typed]  32.67s type=Manual child_fresh=Nones e2e=Nones streamed_lat 6->6s lag 1274833->243792
  [quotes_daily]  41.43s type=Manual child_fresh=51s e2e=56s streamed_lat 5->5s lag 103216->481970
  [quotes_typed]  32.54s type=Manual child_fresh=Nones e2e=Nones streamed_lat 6->5s lag 681067->2235515
  [lag] 2026-08-13T23:14:56Z raw=109254846371 behind=5s lag_rows=123277
  [quotes_daily]  41.38s type=Manual child_fresh=47s e2e=52s streamed_lat 6->5s lag 1589102->2128471
  [quotes_typed]  32.42s type=Manual child_fresh=Nones e2e=Nones streamed_lat 5->6s lag 513298->630465
  [lag] 2026-08-13T23:15:56Z raw=109315239371 behind=5s lag_rows=749724
  [quotes_typed]  33.24s type=Manual child_fresh=Nones e2e=Nones streamed_lat 5->5s lag 14715->0
  [quotes_daily]  42.11s type=Manual child_fresh=56s e2e=61s streamed_lat 6->5s lag 501529->2253136
  [quotes_typed]   1.32s type=Manual child_fresh=Nones e2e=Nones streamed_lat 5->5s lag 241287->0
  [lag] 2026-08-13T23:16:56Z raw=109373929475 behind=4s lag_rows=0
  [quotes_typed]  32.35s type=Manual child_fresh=Nones e2e=Nones streamed_lat 6->6s lag 2581172->1868206
  [quotes_daily]  41.25s type=Manual child_fresh=49s e2e=55s streamed_lat 5->6s lag 843646->2551384
  [lag] 2026-08-13T23:17:56Z raw=109435699620 behind=5s lag_rows=91457
  [quotes_typed]  32.22s type=Manual child_fresh=Nones e2e=Nones streamed_lat 6->4s lag 1439247->0
  [quotes_daily]  32.47s type=Manual child_fresh=48s e2e=54s streamed_lat 5->6s lag 2752->1417926
  [quotes_typed]   1.17s type=Manual child_fresh=Nones e2e=Nones streamed_lat 5->5s lag 19387->0
  [quotes_typed]   1.99s type=Manual child_fresh=Nones e2e=Nones streamed_lat 5->7s lag 3426->319068
  [quotes_daily]  10.31s type=Manual child_fresh=20s e2e=27s streamed_lat 6->7s lag 261637->834195
  [lag] 2026-08-13T23:18:56Z raw=109494225929 behind=6s lag_rows=273968
  [quotes_typed]  32.28s type=Manual child_fresh=Nones e2e=Nones streamed_lat 5->5s lag 0->0
  [quotes_typed]  32.36s type=Manual child_fresh=Nones e2e=Nones streamed_lat 6->5s lag 72341->1137530
  [lag] 2026-08-13T23:19:56Z raw=109552864809 behind=5s lag_rows=0
  [quotes_daily]  41.13s type=Manual child_fresh=46s e2e=51s streamed_lat 5->5s lag 0->0
  [quotes_typed]  32.56s type=Manual child_fresh=Nones e2e=Nones streamed_lat 7->6s lag 2347660->281892
  [quotes_daily]  10.10s type=Manual child_fresh=19s e2e=23s streamed_lat 5->4s lag 300958->173263
  [lag] 2026-08-13T23:20:56Z raw=109614607479 behind=5s lag_rows=2421847
  [quotes_typed]  32.22s type=Manual child_fresh=Nones e2e=Nones streamed_lat 5->4s lag 150359->0
  [quotes_typed]   9.01s type=Manual child_fresh=Nones e2e=Nones streamed_lat 5->5s lag 2281556->143704
  [quotes_daily]  13.07s type=Manual child_fresh=19s e2e=24s streamed_lat 4->5s lag 0->864626
  [lag] 2026-08-13T23:21:56Z raw=109673796455 behind=4s lag_rows=0
  [quotes_typed]  32.15s type=Manual child_fresh=Nones e2e=Nones streamed_lat 4->5s lag 0->0
  [quotes_typed]   1.46s type=Manual child_fresh=Nones e2e=Nones streamed_lat 5->5s lag 0->211739
  [quotes_daily]   9.92s type=Manual child_fresh=21s e2e=27s streamed_lat 5->6s lag 39553->155891
  [lag] 2026-08-13T23:22:56Z raw=109734444172 behind=6s lag_rows=483232
  [quotes_typed]  32.34s type=Manual child_fresh=Nones e2e=Nones streamed_lat 6->5s lag 1347577->0
  [quotes_typed]   8.22s type=Manual child_fresh=Nones e2e=Nones streamed_lat 7->5s lag 95077->0
  [lag] 2026-08-13T23:23:56Z raw=109794728918 behind=5s lag_rows=2150078
  [quotes_typed]  32.91s type=Manual child_fresh=Nones e2e=Nones streamed_lat 5->5s lag 0->0
  [quotes_daily]  41.63s type=Manual child_fresh=52s e2e=58s streamed_lat 7->6s lag 2565280->2091629
  [quotes_typed]   4.44s type=Manual child_fresh=Nones e2e=Nones streamed_lat 6->5s lag 2009149->239865
  [lag] 2026-08-13T23:24:56Z raw=109855483933 behind=4s lag_rows=0
  [quotes_daily]  41.40s type=Manual child_fresh=50s e2e=57s streamed_lat 6->7s lag 208162->1147940
  [quotes_typed]  32.50s type=Manual child_fresh=Nones e2e=Nones streamed_lat 4->6s lag 863085->309601
  [lag] 2026-08-13T23:25:56Z raw=109914832485 behind=5s lag_rows=0
  [quotes_typed]  32.62s type=Manual child_fresh=Nones e2e=Nones streamed_lat 6->5s lag 1397956->1663594
  [quotes_daily]  41.46s type=Manual child_fresh=50s e2e=55s streamed_lat 6->5s lag 1340234->0
  [lag] 2026-08-13T23:26:56Z raw=109974846394 behind=6s lag_rows=1562827
  [quotes_typed]  32.60s type=Manual child_fresh=Nones e2e=Nones streamed_lat 7->5s lag 654792->140568
  [quotes_daily]  41.34s type=Manual child_fresh=49s e2e=56s streamed_lat 4->7s lag 75348->86052
  [quotes_typed]  32.37s type=Manual child_fresh=Nones e2e=Nones streamed_lat 4->5s lag 0->0
  [lag] 2026-08-13T23:27:56Z raw=110034869563 behind=5s lag_rows=365668
  [quotes_daily]  41.30s type=Manual child_fresh=47s e2e=55s streamed_lat 4->8s lag 0->4039044
  [quotes_typed]  32.35s type=Manual child_fresh=Nones e2e=Nones streamed_lat 4->7s lag 0->1333550
  [lag] 2026-08-13T23:28:56Z raw=110095031283 behind=5s lag_rows=1915465
  [quotes_typed]  32.26s type=Manual child_fresh=Nones e2e=Nones streamed_lat 6->5s lag 3264712->729733
  [quotes_daily]  41.08s type=Manual child_fresh=48s e2e=52s streamed_lat 5->4s lag 2079498->0
  [quotes_typed]  32.54s type=Manual child_fresh=Nones e2e=Nones streamed_lat 5->5s lag 0->780221
  [lag] 2026-08-13T23:29:56Z raw=110155323027 behind=5s lag_rows=834486
  [quotes_daily]  41.25s type=Manual child_fresh=48s e2e=53s streamed_lat 5->5s lag 2146004->460173
  [quotes_typed]  32.79s type=Manual child_fresh=Nones e2e=Nones streamed_lat 5->5s lag 1409705->171713
  [lag] 2026-08-13T23:30:56Z raw=110215637047 behind=5s lag_rows=43945
  [quotes_typed]  32.73s type=Manual child_fresh=Nones e2e=Nones streamed_lat 5->6s lag 0->2355877
  [quotes_daily]  41.62s type=Manual child_fresh=52s e2e=57s streamed_lat 5->5s lag 331410->666321
  [quotes_typed]   2.40s type=Manual child_fresh=Nones e2e=Nones streamed_lat 4->4s lag 173787->65236
  [lag] 2026-08-13T23:31:56Z raw=110273673371 behind=6s lag_rows=3195624
  [quotes_typed]  32.50s type=Manual child_fresh=Nones e2e=Nones streamed_lat 4->4s lag 0->26047
  [quotes_daily]  41.49s type=Manual child_fresh=51s e2e=55s streamed_lat 5->4s lag 727705->176365
  [quotes_typed]  32.43s type=Manual child_fresh=Nones e2e=Nones streamed_lat 4->5s lag 6488->666685
  [lag] 2026-08-13T23:32:56Z raw=110335809818 behind=5s lag_rows=396810
  [quotes_daily]  41.59s type=Manual child_fresh=48s e2e=55s streamed_lat 5->7s lag 1557226->3511894
  [quotes_typed]  32.33s type=Manual child_fresh=Nones e2e=Nones streamed_lat 4->5s lag 48362->412146
  [lag] 2026-08-13T23:33:56Z raw=110395192984 behind=4s lag_rows=41021
  [quotes_daily]  41.51s type=Manual child_fresh=54s e2e=59s streamed_lat 7->5s lag 1027643->566308
  [quotes_typed]  32.33s type=Manual child_fresh=Nones e2e=Nones streamed_lat 4->5s lag 0->860948
  [lag] 2026-08-13T23:34:56Z raw=110455036441 behind=5s lag_rows=1533666
  [quotes_typed]  33.16s type=Manual child_fresh=Nones e2e=Nones streamed_lat 4->5s lag 51073->0
  [quotes_daily]  44.23s type=Manual child_fresh=52s e2e=57s streamed_lat 5->5s lag 876709->0
  [lag] 2026-08-13T23:35:56Z raw=110509915941 behind=4s lag_rows=0
  [quotes_typed]  38.32s type=Manual child_fresh=Nones e2e=Nones streamed_lat 6->14s lag 1278475->4820208
  [quotes_daily]  42.39s type=Manual child_fresh=48s e2e=57s streamed_lat 5->9s lag 0->113519
  [quotes_typed]  32.66s type=Manual child_fresh=Nones e2e=Nones streamed_lat 12->5s lag 87083->1180595
  [lag] 2026-08-13T23:36:56Z raw=110577893090 behind=5s lag_rows=141127
  [quotes_daily]  54.69s type=Manual child_fresh=61s e2e=74s streamed_lat 8->13s lag 0->7311634
  [quotes_daily] WARN: refresh exceeded the 60s cadence by 4.0s; next fires immediately.
  [quotes_typed]  32.40s type=Manual child_fresh=Nones e2e=Nones streamed_lat 6->9s lag 2137215->0
  [lag] 2026-08-13T23:37:56Z raw=110635513523 behind=6s lag_rows=157042
  [quotes_daily]  13.03s type=Manual child_fresh=30s e2e=37s streamed_lat 10->7s lag 76463->0
  [quotes_typed]  16.83s type=Manual child_fresh=Nones e2e=Nones streamed_lat 9->7s lag 702962->612662
  [quotes_typed]  32.54s type=Manual child_fresh=Nones e2e=Nones streamed_lat 8->15s lag 1417983->3685546
  [lag] 2026-08-13T23:38:56Z raw=110687728796 behind=13s lag_rows=8289608
  [quotes_daily]  42.62s type=Manual child_fresh=65s e2e=72s streamed_lat 6->7s lag 0->0
  [quotes_typed]  32.71s type=Manual child_fresh=Nones e2e=Nones streamed_lat 11->9s lag 5106->1999810
  [lag] 2026-08-13T23:39:56Z raw=110752934738 behind=6s lag_rows=452510
  [quotes_typed]  33.36s type=Manual child_fresh=Nones e2e=Nones streamed_lat 7->6s lag 0->0
  [quotes_daily]  44.36s type=Manual child_fresh=50s e2e=55s streamed_lat 7->5s lag 0->0
  [lag] 2026-08-13T23:40:56Z raw=110812847864 behind=4s lag_rows=0
  [quotes_typed]  42.01s type=Manual child_fresh=Nones e2e=Nones streamed_lat 5->13s lag 0->5508744
  [quotes_daily]  42.56s type=Manual child_fresh=48s e2e=60s streamed_lat 5->12s lag 41505->552395
  [quotes_typed]  32.44s type=Manual child_fresh=Nones e2e=Nones streamed_lat 11->5s lag 101830->0
  [lag] 2026-08-13T23:41:56Z raw=110874491032 behind=6s lag_rows=37313
  [quotes_daily]  42.73s type=Manual child_fresh=63s e2e=68s streamed_lat 10->5s lag 192021->0
  [quotes_typed]  33.54s type=Manual child_fresh=Nones e2e=Nones streamed_lat 6->17s lag 0->3979228
  [lag] 2026-08-13T23:42:56Z raw=110930442756 behind=12s lag_rows=430678
  [quotes_typed]  32.44s type=Manual child_fresh=Nones e2e=Nones streamed_lat 14->6s lag 197318->36907
  [quotes_daily]  43.75s type=Manual child_fresh=52s e2e=57s streamed_lat 5->5s lag 0->0
  [lag] 2026-08-13T23:43:56Z raw=110988207670 behind=4s lag_rows=0
  [quotes_typed]  32.40s type=Manual child_fresh=Nones e2e=Nones streamed_lat 5->11s lag 0->66023
  [quotes_daily]  45.31s type=Manual child_fresh=50s e2e=56s streamed_lat 5->6s lag 0->0
  [quotes_typed]  32.34s type=Manual child_fresh=Nones e2e=Nones streamed_lat 9->5s lag 1563418->0
  [lag] 2026-08-13T23:44:56Z raw=111048810308 behind=11s lag_rows=8184246
  [quotes_daily]  41.66s type=Manual child_fresh=50s e2e=58s streamed_lat 7->8s lag 253136->3806474
  [quotes_typed]  35.74s type=Manual child_fresh=Nones e2e=Nones streamed_lat 10->5s lag 2022442->96314
  [lag] 2026-08-13T23:45:56Z raw=111114008319 behind=5s lag_rows=0
  [quotes_daily]  43.28s type=Manual child_fresh=50s e2e=54s streamed_lat 5->4s lag 49510->0
  [quotes_typed]  32.83s type=Manual child_fresh=Nones e2e=Nones streamed_lat 5->5s lag 60451->2166146
  [lag] 2026-08-13T23:46:56Z raw=111173984822 behind=4s lag_rows=0
  [quotes_typed]  32.29s type=Manual child_fresh=Nones e2e=Nones streamed_lat 5->4s lag 443600->38596
  [quotes_daily]  41.62s type=Manual child_fresh=46s e2e=51s streamed_lat 4->5s lag 0->1383823
  [lag] 2026-08-13T23:47:56Z raw=111236919849 behind=5s lag_rows=608381
  [quotes_typed]  33.12s type=Manual child_fresh=Nones e2e=Nones streamed_lat 4->5s lag 0->386475
  [quotes_daily]  41.62s type=Manual child_fresh=46s e2e=51s streamed_lat 4->5s lag 0->591239
  [quotes_typed]  32.26s type=Manual child_fresh=Nones e2e=Nones streamed_lat 4->7s lag 0->4281824
  [lag] 2026-08-13T23:48:56Z raw=111294454147 behind=5s lag_rows=383819
  [quotes_daily]  13.19s type=Manual child_fresh=24s e2e=29s streamed_lat 6->5s lag 1785183->0
  [quotes_typed]  32.22s type=Manual child_fresh=Nones e2e=Nones streamed_lat 5->4s lag 0->315914
  [lag] 2026-08-13T23:49:56Z raw=111355020792 behind=4s lag_rows=36911
  [quotes_typed]  33.29s type=Manual child_fresh=Nones e2e=Nones streamed_lat 4->5s lag 639107->1718642
  [quotes_daily]  41.08s type=Manual child_fresh=52s e2e=58s streamed_lat 5->6s lag 743871->67125
  [quotes_typed]   8.25s type=Manual child_fresh=Nones e2e=Nones streamed_lat 4->6s lag 653227->3226720
  [quotes_typed]   2.02s type=Manual child_fresh=Nones e2e=Nones streamed_lat 4->4s lag 60783->0
  [quotes_daily]   9.84s type=Manual child_fresh=19s e2e=24s streamed_lat 4->5s lag 56548->34006
  [lag] 2026-08-13T23:50:56Z raw=111414579255 behind=5s lag_rows=0
  [quotes_typed]  16.02s type=Manual child_fresh=Nones e2e=Nones streamed_lat 5->5s lag 1600127->0
  [quotes_typed]  32.34s type=Manual child_fresh=Nones e2e=Nones streamed_lat 5->4s lag 2303316->47569
  [lag] 2026-08-13T23:51:56Z raw=111476895012 behind=4s lag_rows=46404
  [quotes_daily]  40.95s type=Manual child_fresh=47s e2e=52s streamed_lat 3->5s lag 1085469->38983
  [quotes_typed]  32.49s type=Manual child_fresh=Nones e2e=Nones streamed_lat 5->5s lag 116258->0
  [lag] 2026-08-13T23:52:56Z raw=111532851303 behind=7s lag_rows=4075305
  [quotes_typed]  43.16s type=Manual child_fresh=Nones e2e=Nones streamed_lat 5->17s lag 225960->9442125
  [quotes_daily]  60.55s type=Manual child_fresh=71s e2e=85s streamed_lat 5->14s lag 391588->5515154
  [quotes_daily] WARN: refresh exceeded the 60s cadence by 13.0s; next fires immediately.
  [quotes_typed]   4.95s type=Manual child_fresh=Nones e2e=Nones streamed_lat 15->11s lag 598386->48743
  [lag] 2026-08-13T23:53:56Z raw=111593455470 behind=9s lag_rows=256496
  [quotes_daily]  12.27s type=Manual child_fresh=28s e2e=36s streamed_lat 11->8s lag 48743->4893176
  [quotes_typed]  40.42s type=Manual child_fresh=Nones e2e=Nones streamed_lat 10->16s lag 3007417->3943141
  [lag] 2026-08-13T23:54:56Z raw=111651142757 behind=12s lag_rows=924762
  [quotes_typed]  33.12s type=Manual child_fresh=Nones e2e=Nones streamed_lat 12->13s lag 0->97511
  [quotes_daily]  49.83s type=Manual child_fresh=55s e2e=64s streamed_lat 12->9s lag 0->816357
  [lag] 2026-08-13T23:55:56Z raw=111714377844 behind=7s lag_rows=956183
  [quotes_typed]  32.56s type=Manual child_fresh=Nones e2e=Nones streamed_lat 14->4s lag 7820031->0
  [quotes_daily]  49.36s type=Manual child_fresh=67s e2e=74s streamed_lat 8->7s lag 4468105->0
  [quotes_daily] WARN: refresh exceeded the 60s cadence by 9.5s; next fires immediately.
  [lag] 2026-08-13T23:56:56Z raw=111765454787 behind=19s lag_rows=13473354
  [quotes_typed]  39.41s type=Manual child_fresh=Nones e2e=Nones streamed_lat 5->17s lag 0->6047004
  [quotes_typed]  32.81s type=Manual child_fresh=Nones e2e=Nones streamed_lat 14->21s lag 88624->10983338
  [quotes_daily]  48.74s type=Manual child_fresh=60s e2e=76s streamed_lat 18->16s lag 8202566->28115
  [quotes_daily] WARN: refresh exceeded the 60s cadence by 1.9s; next fires immediately.
  [lag] 2026-08-13T23:57:56Z raw=111826266563 behind=17s lag_rows=12281397
  [quotes_typed]  45.83s type=Manual child_fresh=Nones e2e=Nones streamed_lat 19->19s lag 965088->10396820
  [quotes_daily]  46.88s type=Manual child_fresh=54s e2e=68s streamed_lat 16->14s lag 9091103->6880892
  [lag] 2026-08-13T23:58:56Z raw=111891266565 behind=11s lag_rows=784056
  [quotes_typed]  32.64s type=Manual child_fresh=Nones e2e=Nones streamed_lat 15->7s lag 950280->2822221
  [quotes_daily]  44.66s type=Manual child_fresh=50s e2e=55s streamed_lat 9->5s lag 0->106220
  [lag] 2026-08-13T23:59:56Z raw=111954182252 behind=6s lag_rows=2826160
  [quotes_typed]  32.84s type=Manual child_fresh=Nones e2e=Nones streamed_lat 6->4s lag 1956015->0
  [quotes_daily]  18.20s type=Manual child_fresh=24s e2e=29s streamed_lat 5->5s lag 2228547->158422
  [quotes_typed]  17.00s type=Manual child_fresh=Nones e2e=Nones streamed_lat 5->6s lag 0->3197570
  [lag] 2026-08-14T00:00:56Z raw=112012370328 behind=6s lag_rows=157459
  [quotes_typed]  32.31s type=Manual child_fresh=Nones e2e=Nones streamed_lat 6->4s lag 3051714->0
  [quotes_daily]  42.52s type=Manual child_fresh=58s e2e=64s streamed_lat 5->6s lag 428402->118440
  [lag] 2026-08-14T00:01:56Z raw=112079002068 behind=5s lag_rows=26522
  [quotes_typed]  32.28s type=Manual child_fresh=Nones e2e=Nones streamed_lat 6->5s lag 3186639->0
  [quotes_daily]  41.46s type=Manual child_fresh=49s e2e=54s streamed_lat 6->5s lag 3789804->0
  [lag] 2026-08-14T00:02:56Z raw=112133749305 behind=6s lag_rows=75293
  [quotes_typed]  32.54s type=Manual child_fresh=Nones e2e=Nones streamed_lat 5->6s lag 319775->547510
  [quotes_typed]  32.90s type=Manual child_fresh=Nones e2e=Nones streamed_lat 6->6s lag 580944->438139
  [quotes_daily]  41.46s type=Manual child_fresh=51s e2e=58s streamed_lat 5->7s lag 0->77666
  [lag] 2026-08-14T00:03:56Z raw=112196911052 behind=6s lag_rows=1238795
  [quotes_typed]  32.82s type=Manual child_fresh=Nones e2e=Nones streamed_lat 6->6s lag 1069739->1592188
  [quotes_daily]  41.11s type=Manual child_fresh=52s e2e=58s streamed_lat 6->6s lag 787383->900640
  [quotes_daily] WARN: refresh exceeded the 60s cadence by 0.7s; next fires immediately.
  [lag] 2026-08-14T00:04:56Z raw=112256030354 behind=6s lag_rows=144716
  [quotes_typed]  32.59s type=Manual child_fresh=Nones e2e=Nones streamed_lat 7->4s lag 697463->53303
  [quotes_daily]  41.14s type=Manual child_fresh=55s e2e=60s streamed_lat 7->5s lag 2136223->0
  [lag] 2026-08-14T00:05:56Z raw=112312815931 behind=7s lag_rows=827846
  [quotes_typed]  32.42s type=Manual child_fresh=Nones e2e=Nones streamed_lat 5->5s lag 0->0
  [quotes_daily]  41.04s type=Manual child_fresh=54s e2e=58s streamed_lat 5->4s lag 0->147566
  [lag] 2026-08-14T00:06:56Z raw=112381015433 behind=5s lag_rows=964636
  [quotes_typed]  16.37s type=Manual child_fresh=Nones e2e=Nones streamed_lat 7->5s lag 4104170->751959
  [quotes_typed]  32.42s type=Manual child_fresh=Nones e2e=Nones streamed_lat 4->5s lag 87204->1048834
  [lag] 2026-08-14T00:07:56Z raw=112435516754 behind=4s lag_rows=0
  [quotes_daily]  41.26s type=Manual child_fresh=55s e2e=61s streamed_lat 4->6s lag 2314->2057677
  [quotes_daily] WARN: refresh exceeded the 60s cadence by 1.5s; next fires immediately.
  [quotes_typed]  32.60s type=Manual child_fresh=Nones e2e=Nones streamed_lat 4->6s lag 323105->2307573
  [quotes_daily]  41.70s type=Manual child_fresh=51s e2e=55s streamed_lat 4->4s lag 0->439311
  [lag] 2026-08-14T00:08:56Z raw=112494992651 behind=6s lag_rows=899299
  [quotes_typed]  32.61s type=Manual child_fresh=Nones e2e=Nones streamed_lat 5->5s lag 1633626->0
  [quotes_daily]  41.13s type=Manual child_fresh=48s e2e=55s streamed_lat 7->7s lag 2221880->391159
  [lag] 2026-08-14T00:09:56Z raw=112553992191 behind=6s lag_rows=291785
  [quotes_typed]  32.48s type=Manual child_fresh=Nones e2e=Nones streamed_lat 5->6s lag 0->2516918
  [quotes_typed]  33.01s type=Manual child_fresh=Nones e2e=Nones streamed_lat 7->6s lag 4440045->395042
  [quotes_daily]  42.14s type=Manual child_fresh=62s e2e=67s streamed_lat 7->5s lag 56428->464219
  [quotes_daily] WARN: refresh exceeded the 60s cadence by 1.1s; next fires immediately.
  [lag] 2026-08-14T00:10:56Z raw=112616118780 behind=7s lag_rows=1569549
  [quotes_typed]  32.44s type=Manual child_fresh=Nones e2e=Nones streamed_lat 4->5s lag 135889->47686
  [lag] 2026-08-14T00:11:56Z raw=112674891898 behind=5s lag_rows=2085936
  [quotes_daily]  41.89s type=Manual child_fresh=52s e2e=56s streamed_lat 4->4s lag 54729->166097
  [quotes_typed]  32.45s type=Manual child_fresh=Nones e2e=Nones streamed_lat 4->5s lag 0->9452
  [quotes_daily]  41.58s type=Manual child_fresh=48s e2e=54s streamed_lat 4->6s lag 0->165866
  [lag] 2026-08-14T00:12:56Z raw=112734494008 behind=5s lag_rows=58220
  [quotes_typed]  32.49s type=Manual child_fresh=Nones e2e=Nones streamed_lat 5->7s lag 23352->1430321
  [quotes_daily]  41.53s type=Manual child_fresh=50s e2e=54s streamed_lat 5->4s lag 0->54750
  [quotes_typed]  32.34s type=Manual child_fresh=Nones e2e=Nones streamed_lat 8->4s lag 4471530->0
  [lag] 2026-08-14T00:13:56Z raw=112798015981 behind=4s lag_rows=137162
  [quotes_typed]  32.57s type=Manual child_fresh=Nones e2e=Nones streamed_lat 6->5s lag 1942347->179718
  [quotes_daily]  41.45s type=Manual child_fresh=51s e2e=56s streamed_lat 5->5s lag 316529->146937
  [lag] 2026-08-14T00:14:56Z raw=112854063633 behind=4s lag_rows=0
  [quotes_typed]  32.48s type=Manual child_fresh=Nones e2e=Nones streamed_lat 5->4s lag 44108->69699
  [quotes_daily]  41.43s type=Manual child_fresh=47s e2e=52s streamed_lat 4->5s lag 0->216043
  [lag] 2026-08-14T00:15:56Z raw=112914480938 behind=5s lag_rows=0
  [quotes_typed]  32.90s type=Manual child_fresh=Nones e2e=Nones streamed_lat 4->5s lag 0->0
  [quotes_daily]  11.07s type=Manual child_fresh=23s e2e=28s streamed_lat 4->5s lag 83402->48672
  [quotes_typed]  32.47s type=Manual child_fresh=Nones e2e=Nones streamed_lat 7->4s lag 372534->84761
  [lag] 2026-08-14T00:16:56Z raw=112976162791 behind=5s lag_rows=824849
  [quotes_typed]  32.58s type=Manual child_fresh=Nones e2e=Nones streamed_lat 5->4s lag 1223216->0
  [lag] 2026-08-14T00:17:56Z raw=113035517927 behind=5s lag_rows=1132357
  [quotes_daily]  41.32s type=Manual child_fresh=55s e2e=60s streamed_lat 5->5s lag 894177->1777576
  [quotes_typed]  32.40s type=Manual child_fresh=Nones e2e=Nones streamed_lat 5->5s lag 769869->45883
  [quotes_daily]  41.05s type=Manual child_fresh=49s e2e=54s streamed_lat 5->5s lag 425983->1739947
  [lag] 2026-08-14T00:18:56Z raw=113094911593 behind=4s lag_rows=32405
  [quotes_typed]  32.54s type=Manual child_fresh=Nones e2e=Nones streamed_lat 5->5s lag 791542->0
  [quotes_daily]  41.48s type=Manual child_fresh=49s e2e=56s streamed_lat 4->7s lag 92715->1105377
  [quotes_typed]  32.34s type=Manual child_fresh=Nones e2e=Nones streamed_lat 6->6s lag 54563->168221
  [lag] 2026-08-14T00:19:56Z raw=113154859152 behind=5s lag_rows=0
  [quotes_typed]  32.62s type=Manual child_fresh=Nones e2e=Nones streamed_lat 6->5s lag 3276596->65713
  [quotes_daily]  41.46s type=Manual child_fresh=50s e2e=54s streamed_lat 6->4s lag 1708724->67664
  [lag] 2026-08-14T00:20:56Z raw=113214271117 behind=5s lag_rows=736269
  [quotes_typed]  32.64s type=Manual child_fresh=Nones e2e=Nones streamed_lat 4->4s lag 0->0
  [quotes_daily]  41.28s type=Manual child_fresh=50s e2e=54s streamed_lat 4->4s lag 0->0
  [quotes_typed]  16.02s type=Manual child_fresh=Nones e2e=Nones streamed_lat 4->4s lag 0->0
  [lag] 2026-08-14T00:21:56Z raw=113219565734 behind=4s lag_rows=0
  [quotes_typed]   0.20s type=Manual child_fresh=Nones e2e=Nones streamed_lat 4->4s lag 0->0
  [quotes_daily]   9.70s type=Manual child_fresh=85s e2e=89s streamed_lat 4->4s lag 0->0
  [quotes_typed]   1.21s type=Manual child_fresh=Nones e2e=Nones streamed_lat 4->4s lag 0->0
  [quotes_typed]   0.27s type=Manual child_fresh=Nones e2e=Nones streamed_lat 4->4s lag 0->0
  [lag] 2026-08-14T00:22:56Z raw=113219565734 behind=4s lag_rows=0
  [quotes_typed]   0.21s type=Manual child_fresh=Nones e2e=Nones streamed_lat 4->4s lag 0->0
  [quotes_daily]   0.22s type=Manual child_fresh=132s e2e=136s streamed_lat 4->4s lag 0->0
  [quotes_typed]   0.20s type=Manual child_fresh=Nones e2e=Nones streamed_lat 4->4s lag 0->0
  [quotes_typed]   0.21s type=Manual child_fresh=Nones e2e=Nones streamed_lat 4->4s lag 0->0
  [quotes_typed]   0.37s type=Manual child_fresh=Nones e2e=Nones streamed_lat 4->4s lag 0->0
  [quotes_typed]   0.22s type=Manual child_fresh=Nones e2e=Nones streamed_lat 4->4s lag 0->0
  [lag] 2026-08-14T00:23:56Z raw=113219565734 behind=4s lag_rows=0
  [quotes_typed]   0.22s type=Manual child_fresh=Nones e2e=Nones streamed_lat 4->4s lag 0->0
  [quotes_daily]   0.21s type=Manual child_fresh=191s e2e=195s streamed_lat 4->4s lag 0->0
  [quotes_typed]   0.22s type=Manual child_fresh=Nones e2e=Nones streamed_lat 4->4s lag 0->0
  [quotes_typed]   0.21s type=Manual child_fresh=Nones e2e=Nones streamed_lat 4->4s lag 0->0
  [quotes_typed]   0.21s type=Manual child_fresh=Nones e2e=Nones streamed_lat 4->4s lag 0->0
  [quotes_typed]   0.21s type=Manual child_fresh=Nones e2e=Nones streamed_lat 4->4s lag 0->0
  [lag] 2026-08-14T00:24:56Z raw=113219565734 behind=4s lag_rows=0
  [quotes_typed]   0.21s type=Manual child_fresh=Nones e2e=Nones streamed_lat 4->4s lag 0->0
  [quotes_daily]   0.22s type=Manual child_fresh=250s e2e=254s streamed_lat 4->4s lag 0->0
  [quotes_typed]   0.26s type=Manual child_fresh=Nones e2e=Nones streamed_lat 4->4s lag 0->0
  [quotes_typed]   0.22s type=Manual child_fresh=Nones e2e=Nones streamed_lat 4->4s lag 0->0
  [quotes_typed]   0.20s type=Manual child_fresh=Nones e2e=Nones streamed_lat 4->4s lag 0->0
  [lag] 2026-08-14T00:25:56Z raw=113219565734 behind=4s lag_rows=0
  [quotes_typed]   0.21s type=Manual child_fresh=Nones e2e=Nones streamed_lat 4->4s lag 0->0
  [quotes_typed]   0.24s type=Manual child_fresh=Nones e2e=Nones streamed_lat 4->4s lag 0->0
  [quotes_daily]   0.18s type=Manual child_fresh=311s e2e=315s streamed_lat 4->4s lag 0->0
  [quotes_typed]   0.21s type=Manual child_fresh=Nones e2e=Nones streamed_lat 4->4s lag 0->0
  [quotes_typed]   0.19s type=Manual child_fresh=Nones e2e=Nones streamed_lat 4->4s lag 0->0
  [quotes_typed]   0.21s type=Manual child_fresh=Nones e2e=Nones streamed_lat 4->4s lag 0->0
  [lag] 2026-08-14T00:26:56Z raw=113219565734 behind=4s lag_rows=0
  [quotes_typed]   0.25s type=Manual child_fresh=Nones e2e=Nones streamed_lat 4->4s lag 0->0
  [quotes_daily]   0.22s type=Manual child_fresh=372s e2e=376s streamed_lat 4->4s lag 0->0
  [quotes_typed]   0.19s type=Manual child_fresh=Nones e2e=Nones streamed_lat 4->4s lag 0->0
  [quotes_typed]   0.21s type=Manual child_fresh=Nones e2e=Nones streamed_lat 4->4s lag 0->0
  [quotes_typed]   0.19s type=Manual child_fresh=Nones e2e=Nones streamed_lat 4->4s lag 0->0
  [quotes_typed]   0.29s type=Manual child_fresh=Nones e2e=Nones streamed_lat 4->4s lag 0->0
  [lag] 2026-08-14T00:27:56Z raw=113219565734 behind=4s lag_rows=0
  [quotes_typed]   0.21s type=Manual child_fresh=Nones e2e=Nones streamed_lat 4->4s lag 0->0
  [quotes_daily]   0.22s type=Manual child_fresh=431s e2e=435s streamed_lat 4->4s lag 0->0
  [quotes_typed]   0.20s type=Manual child_fresh=Nones e2e=Nones streamed_lat 4->4s lag 0->0
  [quotes_typed]   0.20s type=Manual child_fresh=Nones e2e=Nones streamed_lat 4->4s lag 0->0
  [quotes_typed]   0.22s type=Manual child_fresh=Nones e2e=Nones streamed_lat 4->4s lag 0->0
  [lag] 2026-08-14T00:28:56Z raw=113219565734 behind=4s lag_rows=0
  [quotes_typed]   0.63s type=Manual child_fresh=Nones e2e=Nones streamed_lat 4->4s lag 0->0
  [quotes_typed]   0.20s type=Manual child_fresh=Nones e2e=Nones streamed_lat 4->4s lag 0->0
  [quotes_daily]   0.22s type=Manual child_fresh=490s e2e=494s streamed_lat 4->4s lag 0->0
  [quotes_typed]   0.21s type=Manual child_fresh=Nones e2e=Nones streamed_lat 4->4s lag 0->0
  [quotes_typed]   0.20s type=Manual child_fresh=Nones e2e=Nones streamed_lat 4->4s lag 0->0
  [quotes_typed]   0.21s type=Manual child_fresh=Nones e2e=Nones streamed_lat 4->4s lag 0->0
  [lag] 2026-08-14T00:29:56Z raw=113219565734 behind=4s lag_rows=0
  [quotes_typed]   0.30s type=Manual child_fresh=Nones e2e=Nones streamed_lat 4->4s lag 0->0
  [quotes_daily]   0.21s type=Manual child_fresh=553s e2e=557s streamed_lat 4->4s lag 0->0
  [quotes_typed]   0.21s type=Manual child_fresh=Nones e2e=Nones streamed_lat 4->4s lag 0->0
  [quotes_typed]   0.22s type=Manual child_fresh=Nones e2e=Nones streamed_lat 4->4s lag 0->0
  [quotes_typed]   0.24s type=Manual child_fresh=Nones e2e=Nones streamed_lat 4->4s lag 0->0
  [quotes_typed]   0.26s type=Manual child_fresh=Nones e2e=Nones streamed_lat 4->4s lag 0->0
  [lag] 2026-08-14T00:30:56Z raw=113219565734 behind=4s lag_rows=0
  [quotes_typed]   0.22s type=Manual child_fresh=Nones e2e=Nones streamed_lat 4->4s lag 0->0
  [quotes_daily]   0.23s type=Manual child_fresh=610s e2e=614s streamed_lat 4->4s lag 0->0
  [quotes_typed]   0.20s type=Manual child_fresh=Nones e2e=Nones streamed_lat 4->4s lag 0->0
  [quotes_typed]   0.21s type=Manual child_fresh=Nones e2e=Nones streamed_lat 4->4s lag 0->0
  [quotes_typed]   0.21s type=Manual child_fresh=Nones e2e=Nones streamed_lat 4->4s lag 0->0
  [quotes_typed]   0.19s type=Manual child_fresh=Nones e2e=Nones streamed_lat 4->4s lag 0->0
  [lag] 2026-08-14T00:31:56Z raw=113219565734 behind=4s lag_rows=0
  [quotes_typed]   0.20s type=Manual child_fresh=Nones e2e=Nones streamed_lat 4->4s lag 0->0
  [quotes_daily]   0.28s type=Manual child_fresh=668s e2e=672s streamed_lat 4->4s lag 0->0
  [quotes_typed]   0.21s type=Manual child_fresh=Nones e2e=Nones streamed_lat 4->4s lag 0->0
  [quotes_typed]   0.21s type=Manual child_fresh=Nones e2e=Nones streamed_lat 4->4s lag 0->0
  [quotes_typed]   0.24s type=Manual child_fresh=Nones e2e=Nones streamed_lat 4->4s lag 0->0
  [quotes_typed]   0.21s type=Manual child_fresh=Nones e2e=Nones streamed_lat 4->4s lag 0->0
  [lag] 2026-08-14T00:32:56Z raw=113219565734 behind=4s lag_rows=0
  [quotes_typed]   0.19s type=Manual child_fresh=Nones e2e=Nones streamed_lat 4->4s lag 0->0
  [quotes_daily]   0.20s type=Manual child_fresh=730s e2e=734s streamed_lat 4->4s lag 0->0
  [quotes_typed]   0.21s type=Manual child_fresh=Nones e2e=Nones streamed_lat 4->4s lag 0->0
  [quotes_typed]   0.64s type=Manual child_fresh=Nones e2e=Nones streamed_lat 4->4s lag 0->0
  [quotes_typed]   0.18s type=Manual child_fresh=Nones e2e=Nones streamed_lat 4->4s lag 0->0
  [quotes_typed]   0.22s type=Manual child_fresh=Nones e2e=Nones streamed_lat 4->4s lag 0->0
  [lag] 2026-08-14T00:33:56Z raw=113219565734 behind=4s lag_rows=0
  [quotes_typed]   0.19s type=Manual child_fresh=Nones e2e=Nones streamed_lat 4->4s lag 0->0
  [quotes_daily]   0.22s type=Manual child_fresh=793s e2e=797s streamed_lat 4->4s lag 0->0
  [quotes_typed]   0.20s type=Manual child_fresh=Nones e2e=Nones streamed_lat 4->4s lag 0->0
  [quotes_typed]   0.19s type=Manual child_fresh=Nones e2e=Nones streamed_lat 4->4s lag 0->0
  [quotes_typed]   0.25s type=Manual child_fresh=Nones e2e=Nones streamed_lat 4->4s lag 0->0
  [quotes_typed]   0.21s type=Manual child_fresh=Nones e2e=Nones streamed_lat 4->4s lag 0->0
  [lag] 2026-08-14T00:34:56Z raw=113219565734 behind=4s lag_rows=0
  [quotes_typed]   0.24s type=Manual child_fresh=Nones e2e=Nones streamed_lat 4->4s lag 0->0
  [quotes_daily]   0.24s type=Manual child_fresh=855s e2e=859s streamed_lat 4->4s lag 0->0
  [quotes_typed]   0.23s type=Manual child_fresh=Nones e2e=Nones streamed_lat 4->4s lag 0->0
  [quotes_typed]   0.25s type=Manual child_fresh=Nones e2e=Nones streamed_lat 4->4s lag 0->0
  [quotes_typed]   0.19s type=Manual child_fresh=Nones e2e=Nones streamed_lat 4->4s lag 0->0
  [lag] 2026-08-14T00:35:56Z raw=113219565734 behind=4s lag_rows=0
  [quotes_typed]   0.22s type=Manual child_fresh=Nones e2e=Nones streamed_lat 4->4s lag 0->0
  [quotes_daily]   0.21s type=Manual child_fresh=906s e2e=910s streamed_lat 4->4s lag 0->0
  [quotes_typed]   0.20s type=Manual child_fresh=Nones e2e=Nones streamed_lat 4->4s lag 0->0
  [quotes_typed]   0.19s type=Manual child_fresh=Nones e2e=Nones streamed_lat 4->4s lag 0->0
  [quotes_typed]   0.19s type=Manual child_fresh=Nones e2e=Nones streamed_lat 4->4s lag 0->0
  [quotes_typed]   0.21s type=Manual child_fresh=Nones e2e=Nones streamed_lat 4->4s lag 0->0
  [lag] 2026-08-14T00:36:56Z raw=113219565734 behind=4s lag_rows=0
  [quotes_typed]   0.21s type=Manual child_fresh=Nones e2e=Nones streamed_lat 4->4s lag 0->0
  [quotes_daily]   0.22s type=Manual child_fresh=968s e2e=972s streamed_lat 4->4s lag 0->0
  [quotes_typed]   0.22s type=Manual child_fresh=Nones e2e=Nones streamed_lat 4->4s lag 0->0
  [quotes_typed]   0.23s type=Manual child_fresh=Nones e2e=Nones streamed_lat 4->4s lag 0->0
  [quotes_typed]   0.26s type=Manual child_fresh=Nones e2e=Nones streamed_lat 4->4s lag 0->0
  [quotes_typed]   0.19s type=Manual child_fresh=Nones e2e=Nones streamed_lat 4->4s lag 0->0
  [lag] 2026-08-14T00:37:56Z raw=113219565734 behind=4s lag_rows=0
  [quotes_typed]   0.21s type=Manual child_fresh=Nones e2e=Nones streamed_lat 4->4s lag 0->0
  [quotes_daily]   0.21s type=Manual child_fresh=1029s e2e=1033s streamed_lat 4->4s lag 0->0
  [quotes_typed]   0.21s type=Manual child_fresh=Nones e2e=Nones streamed_lat 4->4s lag 0->0
  [quotes_typed]   0.28s type=Manual child_fresh=Nones e2e=Nones streamed_lat 4->4s lag 0->0
  [quotes_typed]   0.22s type=Manual child_fresh=Nones e2e=Nones streamed_lat 4->4s lag 0->0
  [quotes_typed]   0.21s type=Manual child_fresh=Nones e2e=Nones streamed_lat 4->4s lag 0->0
  [lag] 2026-08-14T00:38:56Z raw=113219565734 behind=4s lag_rows=0
  [quotes_typed]   0.22s type=Manual child_fresh=Nones e2e=Nones streamed_lat 4->4s lag 0->0
  [quotes_daily]   0.40s type=Manual child_fresh=1091s e2e=1095s streamed_lat 4->4s lag 0->0
  [quotes_typed]   0.27s type=Manual child_fresh=Nones e2e=Nones streamed_lat 4->4s lag 0->0
  [quotes_typed]   0.21s type=Manual child_fresh=Nones e2e=Nones streamed_lat 4->4s lag 0->0
  [quotes_typed]   0.21s type=Manual child_fresh=Nones e2e=Nones streamed_lat 4->4s lag 0->0
  [quotes_typed]   0.21s type=Manual child_fresh=Nones e2e=Nones streamed_lat 4->4s lag 0->0
  [lag] 2026-08-14T00:39:56Z raw=113219565734 behind=4s lag_rows=0
  [quotes_typed]   0.22s type=Manual child_fresh=Nones e2e=Nones streamed_lat 4->4s lag 0->0
  [quotes_daily]   0.21s type=Manual child_fresh=1153s e2e=1157s streamed_lat 4->4s lag 0->0
  [quotes_typed]   0.20s type=Manual child_fresh=Nones e2e=Nones streamed_lat 4->4s lag 0->0
  [quotes_typed]   0.22s type=Manual child_fresh=Nones e2e=Nones streamed_lat 4->4s lag 0->0
  [quotes_typed]   0.18s type=Manual child_fresh=Nones e2e=Nones streamed_lat 4->4s lag 0->0
  [quotes_typed]   0.23s type=Manual child_fresh=Nones e2e=Nones streamed_lat 4->4s lag 0->0
  [lag] 2026-08-14T00:40:56Z raw=113219565734 behind=4s lag_rows=0
  [quotes_typed]   0.26s type=Manual child_fresh=Nones e2e=Nones streamed_lat 4->4s lag 0->0
  [quotes_daily]   0.21s type=Manual child_fresh=1211s e2e=1215s streamed_lat 4->4s lag 0->0
  [quotes_typed]   0.24s type=Manual child_fresh=Nones e2e=Nones streamed_lat 4->4s lag 0->0
  [quotes_typed]   0.19s type=Manual child_fresh=Nones e2e=Nones streamed_lat 4->4s lag 0->0
  [quotes_typed]   0.22s type=Manual child_fresh=Nones e2e=Nones streamed_lat 4->4s lag 0->0
  [lag] 2026-08-14T00:41:56Z raw=113219565734 behind=4s lag_rows=0
  [quotes_typed]   0.20s type=Manual child_fresh=Nones e2e=Nones streamed_lat 4->4s lag 0->0
  [quotes_daily]   0.19s type=Manual child_fresh=1271s e2e=1275s streamed_lat 4->4s lag 0->0
  [quotes_typed]   0.28s type=Manual child_fresh=Nones e2e=Nones streamed_lat 4->4s lag 0->0
  [quotes_typed]   0.21s type=Manual child_fresh=Nones e2e=Nones streamed_lat 4->4s lag 0->0
  [quotes_typed]   0.20s type=Manual child_fresh=Nones e2e=Nones streamed_lat 4->4s lag 0->0
  [quotes_typed]   0.22s type=Manual child_fresh=Nones e2e=Nones streamed_lat 4->4s lag 0->0
  [lag] 2026-08-14T00:42:56Z raw=113219565734 behind=4s lag_rows=0
  [quotes_typed]   0.20s type=Manual child_fresh=Nones e2e=Nones streamed_lat 4->4s lag 0->0
  [quotes_daily]   0.22s type=Manual child_fresh=1329s e2e=1333s streamed_lat 4->4s lag 0->0
  [quotes_typed]   0.19s type=Manual child_fresh=Nones e2e=Nones streamed_lat 4->4s lag 0->0
  [quotes_typed]   0.23s type=Manual child_fresh=Nones e2e=Nones streamed_lat 4->4s lag 0->0
  [quotes_typed]   0.25s type=Manual child_fresh=Nones e2e=Nones streamed_lat 4->4s lag 0->0
  [lag] 2026-08-14T00:43:56Z raw=113219565734 behind=4s lag_rows=0
  [quotes_typed]   0.21s type=Manual child_fresh=Nones e2e=Nones streamed_lat 4->4s lag 0->0
  [quotes_daily]   0.33s type=Manual child_fresh=1389s e2e=1393s streamed_lat 4->4s lag 0->0
  [quotes_typed]   0.22s type=Manual child_fresh=Nones e2e=Nones streamed_lat 4->4s lag 0->0
  [quotes_typed]   0.24s type=Manual child_fresh=Nones e2e=Nones streamed_lat 4->4s lag 0->0
  [quotes_typed]   0.21s type=Manual child_fresh=Nones e2e=Nones streamed_lat 4->4s lag 0->0
  [quotes_typed]   0.22s type=Manual child_fresh=Nones e2e=Nones streamed_lat 4->4s lag 0->0
  [lag] 2026-08-14T00:44:56Z raw=113219565734 behind=4s lag_rows=0
  [quotes_typed]   0.21s type=Manual child_fresh=Nones e2e=Nones streamed_lat 4->4s lag 0->0
  [quotes_daily]   0.21s type=Manual child_fresh=1453s e2e=1457s streamed_lat 4->4s lag 0->0
  [quotes_typed]   0.21s type=Manual child_fresh=Nones e2e=Nones streamed_lat 4->4s lag 0->0
  [quotes_typed]   0.26s type=Manual child_fresh=Nones e2e=Nones streamed_lat 4->4s lag 0->0
  [quotes_typed]   0.20s type=Manual child_fresh=Nones e2e=Nones streamed_lat 4->4s lag 0->0
  [lag] 2026-08-14T00:45:56Z raw=113219565734 behind=4s lag_rows=0
  [quotes_typed]   0.20s type=Manual child_fresh=Nones e2e=Nones streamed_lat 4->4s lag 0->0
  [quotes_typed]   0.19s type=Manual child_fresh=Nones e2e=Nones streamed_lat 4->4s lag 0->0
  [quotes_daily]   0.22s type=Manual child_fresh=1512s e2e=1516s streamed_lat 4->4s lag 0->0
  [quotes_typed]   0.24s type=Manual child_fresh=Nones e2e=Nones streamed_lat 4->4s lag 0->0
  [quotes_typed]   0.21s type=Manual child_fresh=Nones e2e=Nones streamed_lat 4->4s lag 0->0
  [quotes_typed]   0.20s type=Manual child_fresh=Nones e2e=Nones streamed_lat 4->4s lag 0->0
  [lag] 2026-08-14T00:46:56Z raw=113219565734 behind=4s lag_rows=0
  [quotes_typed]   0.19s type=Manual child_fresh=Nones e2e=Nones streamed_lat 4->4s lag 0->0
  [quotes_typed]   0.25s type=Manual child_fresh=Nones e2e=Nones streamed_lat 4->4s lag 0->0
  [quotes_daily]   0.23s type=Manual child_fresh=1578s e2e=1582s streamed_lat 4->4s lag 0->0
  [quotes_typed]   0.20s type=Manual child_fresh=Nones e2e=Nones streamed_lat 4->4s lag 0->0
  [quotes_typed]   0.20s type=Manual child_fresh=Nones e2e=Nones streamed_lat 4->4s lag 0->0
  [quotes_typed]   0.18s type=Manual child_fresh=Nones e2e=Nones streamed_lat 4->4s lag 0->0
  [lag] 2026-08-14T00:47:56Z raw=113219565734 behind=4s lag_rows=0
  [quotes_typed]   0.23s type=Manual child_fresh=Nones e2e=Nones streamed_lat 4->4s lag 0->0
  [quotes_daily]   0.25s type=Manual child_fresh=1635s e2e=1639s streamed_lat 4->4s lag 0->0
  [quotes_typed]   0.20s type=Manual child_fresh=Nones e2e=Nones streamed_lat 4->4s lag 0->0
  [quotes_typed]   0.21s type=Manual child_fresh=Nones e2e=Nones streamed_lat 4->4s lag 0->0
  [quotes_typed]   0.45s type=Manual child_fresh=Nones e2e=Nones streamed_lat 4->4s lag 0->0
  [lag] 2026-08-14T00:48:56Z raw=113219565734 behind=4s lag_rows=0
  [quotes_typed]   0.22s type=Manual child_fresh=Nones e2e=Nones streamed_lat 4->4s lag 0->0
  [quotes_typed]   0.22s type=Manual child_fresh=Nones e2e=Nones streamed_lat 4->4s lag 0->0
  [quotes_daily]   0.24s type=Manual child_fresh=1691s e2e=1695s streamed_lat 4->4s lag 0->0
  [quotes_typed]   0.35s type=Manual child_fresh=Nones e2e=Nones streamed_lat 4->4s lag 0->0
  [quotes_typed]   0.19s type=Manual child_fresh=Nones e2e=Nones streamed_lat 4->4s lag 0->0
  [quotes_typed]   0.24s type=Manual child_fresh=Nones e2e=Nones streamed_lat 4->4s lag 0->0
  [lag] 2026-08-14T00:49:56Z raw=113219565734 behind=4s lag_rows=0
  [quotes_typed]   0.19s type=Manual child_fresh=Nones e2e=Nones streamed_lat 4->4s lag 0->0
  [quotes_typed]  31.23s type=Manual child_fresh=Nones e2e=Nones streamed_lat 4->4s lag 0->0
  [quotes_daily]  31.41s type=Manual child_fresh=1783s e2e=1787s streamed_lat 4->4s lag 0->0
  [lag] 2026-08-14T00:50:56Z raw=113219565734 behind=4s lag_rows=0
  [quotes_typed]   0.20s type=Manual child_fresh=Nones e2e=Nones streamed_lat 4->4s lag 0->0
  [quotes_daily]   0.21s type=Manual child_fresh=1811s e2e=1815s streamed_lat 4->4s lag 0->0
  [quotes_typed]   0.20s type=Manual child_fresh=Nones e2e=Nones streamed_lat 4->4s lag 0->0
  [quotes_typed]   0.23s type=Manual child_fresh=Nones e2e=Nones streamed_lat 4->4s lag 0->0
  [quotes_typed]   0.27s type=Manual child_fresh=Nones e2e=Nones streamed_lat 4->4s lag 0->0
  [quotes_typed]   0.22s type=Manual child_fresh=Nones e2e=Nones streamed_lat 4->4s lag 0->0
  [lag] 2026-08-14T00:51:56Z raw=113219565734 behind=4s lag_rows=0
  [quotes_typed]   0.23s type=Manual child_fresh=Nones e2e=Nones streamed_lat 4->4s lag 0->0
  [quotes_daily]   0.22s type=Manual child_fresh=1869s e2e=1873s streamed_lat 4->4s lag 0->0
  [quotes_typed]   0.21s type=Manual child_fresh=Nones e2e=Nones streamed_lat 4->4s lag 0->0
  [quotes_typed]   0.20s type=Manual child_fresh=Nones e2e=Nones streamed_lat 4->4s lag 0->0
  [quotes_typed]   0.20s type=Manual child_fresh=Nones e2e=Nones streamed_lat 4->4s lag 0->0
  [quotes_typed]   0.23s type=Manual child_fresh=Nones e2e=Nones streamed_lat 4->4s lag 0->0
  [lag] 2026-08-14T00:52:56Z raw=113219565734 behind=4s lag_rows=0
  [quotes_typed]   0.21s type=Manual child_fresh=Nones e2e=Nones streamed_lat 4->4s lag 0->0
  [quotes_daily]   0.20s type=Manual child_fresh=1935s e2e=1939s streamed_lat 4->4s lag 0->0
  [quotes_typed]   0.27s type=Manual child_fresh=Nones e2e=Nones streamed_lat 4->4s lag 0->0
  [quotes_typed]   0.19s type=Manual child_fresh=Nones e2e=Nones streamed_lat 4->4s lag 0->0
  [quotes_typed]   0.20s type=Manual child_fresh=Nones e2e=Nones streamed_lat 4->4s lag 0->0
  [lag] 2026-08-14T00:53:56Z raw=113219565734 behind=4s lag_rows=0
  [quotes_typed]   0.21s type=Manual child_fresh=Nones e2e=Nones streamed_lat 4->4s lag 0->0
  [quotes_typed]   0.20s type=Manual child_fresh=Nones e2e=Nones streamed_lat 4->4s lag 0->0
  [quotes_daily]   0.24s type=Manual child_fresh=1998s e2e=2002s streamed_lat 4->4s lag 0->0
  [quotes_typed]   0.31s type=Manual child_fresh=Nones e2e=Nones streamed_lat 4->4s lag 0->0
  [quotes_typed]   0.20s type=Manual child_fresh=Nones e2e=Nones streamed_lat 4->4s lag 0->0
  [quotes_typed]   0.22s type=Manual child_fresh=Nones e2e=Nones streamed_lat 4->4s lag 0->0
  [lag] 2026-08-14T00:54:56Z raw=113219565734 behind=4s lag_rows=0
  [quotes_typed]   0.22s type=Manual child_fresh=Nones e2e=Nones streamed_lat 4->4s lag 0->0
  [quotes_daily]   0.26s type=Manual child_fresh=2057s e2e=2061s streamed_lat 4->4s lag 0->0
  [quotes_typed]   0.20s type=Manual child_fresh=Nones e2e=Nones streamed_lat 4->4s lag 0->0
  [quotes_typed]   0.20s type=Manual child_fresh=Nones e2e=Nones streamed_lat 4->4s lag 0->0
  [quotes_typed]   0.23s type=Manual child_fresh=Nones e2e=Nones streamed_lat 4->4s lag 0->0
  [lag] 2026-08-14T00:55:56Z raw=113219565734 behind=4s lag_rows=0
  [quotes_typed]   0.19s type=Manual child_fresh=Nones e2e=Nones streamed_lat 4->4s lag 0->0
  [quotes_daily]   0.19s type=Manual child_fresh=2111s e2e=2115s streamed_lat 4->4s lag 0->0
  [quotes_typed]   0.20s type=Manual child_fresh=Nones e2e=Nones streamed_lat 4->4s lag 0->0
  [quotes_typed]   0.24s type=Manual child_fresh=Nones e2e=Nones streamed_lat 4->4s lag 0->0
  [quotes_typed]   0.21s type=Manual child_fresh=Nones e2e=Nones streamed_lat 4->4s lag 0->0
  [quotes_typed]   0.26s type=Manual child_fresh=Nones e2e=Nones streamed_lat 4->4s lag 0->0
  [lag] 2026-08-14T00:56:56Z raw=113219565734 behind=4s lag_rows=0
  [quotes_typed]   0.20s type=Manual child_fresh=Nones e2e=Nones streamed_lat 4->4s lag 0->0
  [quotes_daily]   0.18s type=Manual child_fresh=2171s e2e=2175s streamed_lat 4->4s lag 0->0
  [quotes_typed]   0.24s type=Manual child_fresh=Nones e2e=Nones streamed_lat 4->4s lag 0->0
  [quotes_typed]   0.21s type=Manual child_fresh=Nones e2e=Nones streamed_lat 4->4s lag 0->0
  [quotes_typed]   0.21s type=Manual child_fresh=Nones e2e=Nones streamed_lat 4->4s lag 0->0
  [quotes_typed]   0.22s type=Manual child_fresh=Nones e2e=Nones streamed_lat 4->4s lag 0->0
  [lag] 2026-08-14T00:57:56Z raw=113219565734 behind=4s lag_rows=0
  [quotes_typed]   0.21s type=Manual child_fresh=Nones e2e=Nones streamed_lat 4->4s lag 0->0
  [quotes_daily]   0.28s type=Manual child_fresh=2231s e2e=2235s streamed_lat 4->4s lag 0->0
  [quotes_typed]   0.20s type=Manual child_fresh=Nones e2e=Nones streamed_lat 4->4s lag 0->0
  [quotes_typed]   0.22s type=Manual child_fresh=Nones e2e=Nones streamed_lat 4->4s lag 0->0
  [quotes_typed]   0.19s type=Manual child_fresh=Nones e2e=Nones streamed_lat 4->4s lag 0->0
  [quotes_typed]   0.27s type=Manual child_fresh=Nones e2e=Nones streamed_lat 4->4s lag 0->0
  [lag] 2026-08-14T00:58:56Z raw=113219565734 behind=4s lag_rows=0
  [quotes_typed]   0.25s type=Manual child_fresh=Nones e2e=Nones streamed_lat 4->4s lag 0->0
  [quotes_daily]   0.21s type=Manual child_fresh=2291s e2e=2295s streamed_lat 4->4s lag 0->0
  [quotes_typed]   0.18s type=Manual child_fresh=Nones e2e=Nones streamed_lat 4->4s lag 0->0
  [quotes_typed]   0.21s type=Manual child_fresh=Nones e2e=Nones streamed_lat 4->4s lag 0->0
  [quotes_typed]   0.19s type=Manual child_fresh=Nones e2e=Nones streamed_lat 4->4s lag 0->0
  [lag] 2026-08-14T00:59:56Z raw=113219565734 behind=4s lag_rows=0
  [quotes_typed]   0.18s type=Manual child_fresh=Nones e2e=Nones streamed_lat 4->4s lag 0->0
  [quotes_typed]   0.21s type=Manual child_fresh=Nones e2e=Nones streamed_lat 4->4s lag 0->0
  [quotes_daily]   0.22s type=Manual child_fresh=2353s e2e=2357s streamed_lat 4->4s lag 0->0
  [quotes_typed]   0.23s type=Manual child_fresh=Nones e2e=Nones streamed_lat 4->4s lag 0->0
  [quotes_typed]   0.23s type=Manual child_fresh=Nones e2e=Nones streamed_lat 4->4s lag 0->0
  [quotes_typed]   0.25s type=Manual child_fresh=Nones e2e=Nones streamed_lat 4->4s lag 0->0
  [lag] 2026-08-14T01:00:56Z raw=113219565734 behind=4s lag_rows=0
  [quotes_typed]   0.25s type=Manual child_fresh=Nones e2e=Nones streamed_lat 4->4s lag 0->0
  [quotes_daily]   0.22s type=Manual child_fresh=2409s e2e=2413s streamed_lat 4->4s lag 0->0
  [quotes_typed]   0.21s type=Manual child_fresh=Nones e2e=Nones streamed_lat 4->4s lag 0->0
  [quotes_typed]   0.21s type=Manual child_fresh=Nones e2e=Nones streamed_lat 4->4s lag 0->0
  [quotes_typed]   0.22s type=Manual child_fresh=Nones e2e=Nones streamed_lat 4->4s lag 0->0
  [lag] 2026-08-14T01:01:56Z raw=113219565734 behind=4s lag_rows=0
  [quotes_typed]   0.21s type=Manual child_fresh=Nones e2e=Nones streamed_lat 4->4s lag 0->0
  [quotes_typed]   0.22s type=Manual child_fresh=Nones e2e=Nones streamed_lat 4->4s lag 0->0
  [quotes_daily]   0.21s type=Manual child_fresh=2472s e2e=2476s streamed_lat 4->4s lag 0->0
  [quotes_typed]   0.22s type=Manual child_fresh=Nones e2e=Nones streamed_lat 4->4s lag 0->0
  [quotes_typed]   0.22s type=Manual child_fresh=Nones e2e=Nones streamed_lat 4->4s lag 0->0
  [quotes_typed]   0.23s type=Manual child_fresh=Nones e2e=Nones streamed_lat 4->4s lag 0->0
  [lag] 2026-08-14T01:02:56Z raw=113219565734 behind=4s lag_rows=0
  [quotes_typed]   0.20s type=Manual child_fresh=Nones e2e=Nones streamed_lat 4->4s lag 0->0
  [quotes_daily]   0.30s type=Manual child_fresh=2531s e2e=2535s streamed_lat 4->4s lag 0->0
  [quotes_typed]   0.20s type=Manual child_fresh=Nones e2e=Nones streamed_lat 4->4s lag 0->0
  [quotes_typed]   0.20s type=Manual child_fresh=Nones e2e=Nones streamed_lat 4->4s lag 0->0
  [quotes_typed]   0.23s type=Manual child_fresh=Nones e2e=Nones streamed_lat 4->4s lag 0->0
  [quotes_typed]   0.21s type=Manual child_fresh=Nones e2e=Nones streamed_lat 4->4s lag 0->0
  [lag] 2026-08-14T01:03:56Z raw=113219565734 behind=4s lag_rows=0
  [quotes_typed]   0.22s type=Manual child_fresh=Nones e2e=Nones streamed_lat 4->4s lag 0->0
  [quotes_daily]   0.22s type=Manual child_fresh=2590s e2e=2594s streamed_lat 4->4s lag 0->0
  [quotes_typed]   0.26s type=Manual child_fresh=Nones e2e=Nones streamed_lat 4->4s lag 0->0
  [quotes_typed]   0.19s type=Manual child_fresh=Nones e2e=Nones streamed_lat 4->4s lag 0->0
  [quotes_typed]   0.20s type=Manual child_fresh=Nones e2e=Nones streamed_lat 4->4s lag 0->0
  [quotes_typed]   0.20s type=Manual child_fresh=Nones e2e=Nones streamed_lat 4->4s lag 0->0
  [lag] 2026-08-14T01:04:56Z raw=113219565734 behind=4s lag_rows=0
  [quotes_typed]   0.21s type=Manual child_fresh=Nones e2e=Nones streamed_lat 4->4s lag 0->0
  [quotes_daily]   0.21s type=Manual child_fresh=2651s e2e=2655s streamed_lat 4->4s lag 0->0
  [quotes_typed]   0.20s type=Manual child_fresh=Nones e2e=Nones streamed_lat 4->4s lag 0->0
  [quotes_typed]   0.20s type=Manual child_fresh=Nones e2e=Nones streamed_lat 4->4s lag 0->0
  [quotes_typed]   0.18s type=Manual child_fresh=Nones e2e=Nones streamed_lat 4->4s lag 0->0
  [quotes_typed]   0.23s type=Manual child_fresh=Nones e2e=Nones streamed_lat 4->4s lag 0->0
  [lag] 2026-08-14T01:05:56Z raw=113219565734 behind=4s lag_rows=0
  [quotes_typed]   0.21s type=Manual child_fresh=Nones e2e=Nones streamed_lat 4->4s lag 0->0
  [quotes_daily]   0.21s type=Manual child_fresh=2710s e2e=2714s streamed_lat 4->4s lag 0->0
  [quotes_typed]   0.23s type=Manual child_fresh=Nones e2e=Nones streamed_lat 4->4s lag 0->0
  [quotes_typed]   0.64s type=Manual child_fresh=Nones e2e=Nones streamed_lat 4->4s lag 0->0
  [quotes_typed]   0.20s type=Manual child_fresh=Nones e2e=Nones streamed_lat 4->4s lag 0->0
  [lag] 2026-08-14T01:06:56Z raw=113219565734 behind=4s lag_rows=0
  [quotes_typed]   0.20s type=Manual child_fresh=Nones e2e=Nones streamed_lat 4->4s lag 0->0
  [quotes_daily]   0.21s type=Manual child_fresh=2768s e2e=2772s streamed_lat 4->4s lag 0->0
  [quotes_typed]   0.21s type=Manual child_fresh=Nones e2e=Nones streamed_lat 4->4s lag 0->0
  [quotes_typed]   0.23s type=Manual child_fresh=Nones e2e=Nones streamed_lat 4->4s lag 0->0
  [quotes_typed]   0.29s type=Manual child_fresh=Nones e2e=Nones streamed_lat 4->4s lag 0->0
  [lag] 2026-08-14T01:07:56Z raw=113219565734 behind=4s lag_rows=0
  [quotes_typed]   0.21s type=Manual child_fresh=Nones e2e=Nones streamed_lat 4->4s lag 0->0
  [quotes_daily]   0.25s type=Manual child_fresh=2829s e2e=2833s streamed_lat 4->4s lag 0->0
  [quotes_typed]   0.23s type=Manual child_fresh=Nones e2e=Nones streamed_lat 4->4s lag 0->0
  [quotes_typed]   0.21s type=Manual child_fresh=Nones e2e=Nones streamed_lat 4->4s lag 0->0
  [quotes_typed]   0.18s type=Manual child_fresh=Nones e2e=Nones streamed_lat 4->4s lag 0->0
  [quotes_typed]   0.22s type=Manual child_fresh=Nones e2e=Nones streamed_lat 4->4s lag 0->0
  [lag] 2026-08-14T01:08:56Z raw=113219565734 behind=4s lag_rows=0
  [quotes_typed]   0.20s type=Manual child_fresh=Nones e2e=Nones streamed_lat 4->4s lag 0->0
  [quotes_daily]   0.22s type=Manual child_fresh=2900s e2e=2904s streamed_lat 4->4s lag 0->0
  [quotes_typed]   0.23s type=Manual child_fresh=Nones e2e=Nones streamed_lat 4->4s lag 0->0
  [quotes_typed]   0.19s type=Manual child_fresh=Nones e2e=Nones streamed_lat 4->4s lag 0->0
  [lag] 2026-08-14T01:09:56Z raw=113219565734 behind=4s lag_rows=0
  [quotes_typed]   0.20s type=Manual child_fresh=Nones e2e=Nones streamed_lat 4->4s lag 0->0
  [quotes_daily]   0.19s type=Manual child_fresh=2948s e2e=2952s streamed_lat 4->4s lag 0->0
  [quotes_typed]   0.33s type=Manual child_fresh=Nones e2e=Nones streamed_lat 4->4s lag 0->0
  [quotes_typed]   0.20s type=Manual child_fresh=Nones e2e=Nones streamed_lat 4->4s lag 0->0
  [quotes_typed]   0.20s type=Manual child_fresh=Nones e2e=Nones streamed_lat 4->4s lag 0->0
  [quotes_typed]   0.20s type=Manual child_fresh=Nones e2e=Nones streamed_lat 4->4s lag 0->0
  [lag] 2026-08-14T01:10:56Z raw=113219565734 behind=4s lag_rows=0
  [quotes_typed]   0.23s type=Manual child_fresh=Nones e2e=Nones streamed_lat 4->4s lag 0->0
  [quotes_daily]   0.20s type=Manual child_fresh=3014s e2e=3018s streamed_lat 4->4s lag 0->0
  [quotes_typed]   0.19s type=Manual child_fresh=Nones e2e=Nones streamed_lat 4->4s lag 0->0
  [quotes_typed]   0.21s type=Manual child_fresh=Nones e2e=Nones streamed_lat 4->4s lag 0->0
  [quotes_typed]   0.24s type=Manual child_fresh=Nones e2e=Nones streamed_lat 4->4s lag 0->0
  [lag] 2026-08-14T01:11:56Z raw=113219565734 behind=4s lag_rows=0
  [quotes_typed]   0.22s type=Manual child_fresh=Nones e2e=Nones streamed_lat 4->4s lag 0->0
  [quotes_typed]   0.22s type=Manual child_fresh=Nones e2e=Nones streamed_lat 4->4s lag 0->0
  [quotes_daily]   0.22s type=Manual child_fresh=3069s e2e=3073s streamed_lat 4->4s lag 0->0
  [quotes_typed]   0.21s type=Manual child_fresh=Nones e2e=Nones streamed_lat 4->4s lag 0->0
  [quotes_typed]   0.20s type=Manual child_fresh=Nones e2e=Nones streamed_lat 4->4s lag 0->0
  [quotes_typed]   0.19s type=Manual child_fresh=Nones e2e=Nones streamed_lat 4->4s lag 0->0
  [quotes_typed]   0.22s type=Manual child_fresh=Nones e2e=Nones streamed_lat 4->4s lag 0->0
  [lag] 2026-08-14T01:12:56Z raw=113219565734 behind=4s lag_rows=0
  [quotes_typed]   0.19s type=Manual child_fresh=Nones e2e=Nones streamed_lat 4->4s lag 0->0
  [quotes_daily]   0.21s type=Manual child_fresh=3131s e2e=3135s streamed_lat 4->4s lag 0->0
  [quotes_typed]   0.36s type=Manual child_fresh=Nones e2e=Nones streamed_lat 4->4s lag 0->0
  [quotes_typed]   0.21s type=Manual child_fresh=Nones e2e=Nones streamed_lat 4->4s lag 0->0
  [quotes_typed]   0.19s type=Manual child_fresh=Nones e2e=Nones streamed_lat 4->4s lag 0->0
  [lag] 2026-08-14T01:13:56Z raw=113219565734 behind=4s lag_rows=0
  [quotes_typed]   0.23s type=Manual child_fresh=Nones e2e=Nones streamed_lat 4->4s lag 0->0
  [quotes_daily]   0.20s type=Manual child_fresh=3196s e2e=3200s streamed_lat 4->4s lag 0->0
  [quotes_typed]   0.18s type=Manual child_fresh=Nones e2e=Nones streamed_lat 4->4s lag 0->0
  [quotes_typed]   0.20s type=Manual child_fresh=Nones e2e=Nones streamed_lat 4->4s lag 0->0
  [quotes_typed]   0.18s type=Manual child_fresh=Nones e2e=Nones streamed_lat 4->4s lag 0->0
  [lag] 2026-08-14T01:14:56Z raw=113219565734 behind=4s lag_rows=0
  [quotes_typed]   0.20s type=Manual child_fresh=Nones e2e=Nones streamed_lat 4->4s lag 0->0
  [quotes_typed]   0.19s type=Manual child_fresh=Nones e2e=Nones streamed_lat 4->4s lag 0->0
  [quotes_daily]   0.25s type=Manual child_fresh=3251s e2e=3255s streamed_lat 4->4s lag 0->0
  [quotes_typed]   0.19s type=Manual child_fresh=Nones e2e=Nones streamed_lat 4->4s lag 0->0
  [quotes_typed]   0.19s type=Manual child_fresh=Nones e2e=Nones streamed_lat 4->4s lag 0->0
  [quotes_typed]   0.20s type=Manual child_fresh=Nones e2e=Nones streamed_lat 4->4s lag 0->0
  [lag] 2026-08-14T01:15:56Z raw=113219565734 behind=4s lag_rows=0
  [quotes_typed]   0.21s type=Manual child_fresh=Nones e2e=Nones streamed_lat 4->4s lag 0->0
  [quotes_daily]   0.29s type=Manual child_fresh=3308s e2e=3312s streamed_lat 4->4s lag 0->0
  [quotes_typed]   0.20s type=Manual child_fresh=Nones e2e=Nones streamed_lat 4->4s lag 0->0
  [quotes_typed]   0.21s type=Manual child_fresh=Nones e2e=Nones streamed_lat 4->4s lag 0->0
  [quotes_typed]   0.27s type=Manual child_fresh=Nones e2e=Nones streamed_lat 4->4s lag 0->0
  [lag] 2026-08-14T01:16:56Z raw=113219565734 behind=4s lag_rows=0
  [quotes_typed]   0.26s type=Manual child_fresh=Nones e2e=Nones streamed_lat 4->4s lag 0->0
  [quotes_daily]   0.19s type=Manual child_fresh=3400s e2e=3404s streamed_lat 4->4s lag 0->0
  [lag] 2026-08-14T01:17:56Z raw=113219565734 behind=4s lag_rows=0
  [quotes_typed]   0.20s type=Manual child_fresh=Nones e2e=Nones streamed_lat 4->4s lag 0->0
  [quotes_daily]   0.21s type=Manual child_fresh=3467s e2e=3471s streamed_lat 4->4s lag 0->0
  [quotes_typed]   0.22s type=Manual child_fresh=Nones e2e=Nones streamed_lat 4->4s lag 0->0
  [lag] 2026-08-14T01:18:56Z raw=113219565734 behind=4s lag_rows=0
  [quotes_daily]   0.21s type=Manual child_fresh=3508s e2e=3512s streamed_lat 4->4s lag 0->0
  [quotes_typed]   0.20s type=Manual child_fresh=Nones e2e=Nones streamed_lat 4->4s lag 0->0
  [quotes_typed]   0.21s type=Manual child_fresh=Nones e2e=Nones streamed_lat 4->4s lag 0->0
  [lag] 2026-08-14T01:19:56Z raw=113219565734 behind=4s lag_rows=0
  [quotes_typed]   0.21s type=Manual child_fresh=Nones e2e=Nones streamed_lat 4->4s lag 0->0
  [quotes_daily]   0.20s type=Manual child_fresh=3561s e2e=3565s streamed_lat 4->4s lag 0->0
  [quotes_typed]   0.21s type=Manual child_fresh=Nones e2e=Nones streamed_lat 4->4s lag 0->0
  [quotes_typed]   0.24s type=Manual child_fresh=Nones e2e=Nones streamed_lat 4->4s lag 0->0
  [lag] 2026-08-14T01:20:56Z raw=113219565734 behind=4s lag_rows=0
  [quotes_daily]   0.21s type=Manual child_fresh=3614s e2e=3618s streamed_lat 4->4s lag 0->0
  [quotes_typed]   0.21s type=Manual child_fresh=Nones e2e=Nones streamed_lat 4->4s lag 0->0
  [quotes_typed]   0.25s type=Manual child_fresh=Nones e2e=Nones streamed_lat 4->4s lag 0->0
  [quotes_typed]   0.22s type=Manual child_fresh=Nones e2e=Nones streamed_lat 4->4s lag 0->0
  [lag] 2026-08-14T01:21:56Z raw=113219565734 behind=4s lag_rows=0
  [quotes_typed]   0.21s type=Manual child_fresh=Nones e2e=Nones streamed_lat 4->4s lag 0->0
  [quotes_typed]   0.21s type=Manual child_fresh=Nones e2e=Nones streamed_lat 4->4s lag 0->0
  [quotes_daily]   0.20s type=Manual child_fresh=3674s e2e=3678s streamed_lat 4->4s lag 0->0
  [quotes_typed]   0.23s type=Manual child_fresh=Nones e2e=Nones streamed_lat 4->4s lag 0->0
  [quotes_typed]   0.22s type=Manual child_fresh=Nones e2e=Nones streamed_lat 4->4s lag 0->0
  [quotes_typed]   0.63s type=Manual child_fresh=Nones e2e=Nones streamed_lat 4->4s lag 0->0
  [lag] 2026-08-14T01:22:56Z raw=113219565734 behind=4s lag_rows=0
  [quotes_typed]   0.23s type=Manual child_fresh=Nones e2e=Nones streamed_lat 4->4s lag 0->0
  [quotes_daily]   0.23s type=Manual child_fresh=3730s e2e=3734s streamed_lat 4->4s lag 0->0
  [quotes_typed]   0.22s type=Manual child_fresh=Nones e2e=Nones streamed_lat 4->4s lag 0->0
  [quotes_typed]   0.21s type=Manual child_fresh=Nones e2e=Nones streamed_lat 4->4s lag 0->0
  [quotes_typed]   0.24s type=Manual child_fresh=Nones e2e=Nones streamed_lat 4->4s lag 0->0
  [quotes_typed]   0.23s type=Manual child_fresh=Nones e2e=Nones streamed_lat 4->4s lag 0->0
  [lag] 2026-08-14T01:23:56Z raw=113219565734 behind=4s lag_rows=0
  [quotes_typed]   0.20s type=Manual child_fresh=Nones e2e=Nones streamed_lat 4->4s lag 0->0
  [quotes_daily]   0.21s type=Manual child_fresh=3788s e2e=3792s streamed_lat 4->4s lag 0->0
  [quotes_typed]   0.20s type=Manual child_fresh=Nones e2e=Nones streamed_lat 4->4s lag 0->0
  [quotes_typed]   0.22s type=Manual child_fresh=Nones e2e=Nones streamed_lat 4->4s lag 0->0
  [quotes_typed]   0.20s type=Manual child_fresh=Nones e2e=Nones streamed_lat 4->4s lag 0->0
  [quotes_typed]   0.21s type=Manual child_fresh=Nones e2e=Nones streamed_lat 4->4s lag 0->0
  [lag] 2026-08-14T01:24:56Z raw=113219565734 behind=4s lag_rows=0
  [quotes_typed]   0.20s type=Manual child_fresh=Nones e2e=Nones streamed_lat 4->4s lag 0->0
  [quotes_daily]   0.22s type=Manual child_fresh=3850s e2e=3854s streamed_lat 4->4s lag 0->0
  [quotes_typed]   0.19s type=Manual child_fresh=Nones e2e=Nones streamed_lat 4->4s lag 0->0
  [quotes_typed]   0.24s type=Manual child_fresh=Nones e2e=Nones streamed_lat 4->4s lag 0->0
  [quotes_typed]   0.21s type=Manual child_fresh=Nones e2e=Nones streamed_lat 4->4s lag 0->0
  [lag] 2026-08-14T01:25:56Z raw=113219565734 behind=4s lag_rows=0
  [quotes_typed]   0.22s type=Manual child_fresh=Nones e2e=Nones streamed_lat 4->4s lag 0->0
  [quotes_daily]   0.24s type=Manual child_fresh=3911s e2e=3915s streamed_lat 4->4s lag 0->0
  [quotes_typed]   1.23s type=Manual child_fresh=Nones e2e=Nones streamed_lat 4->4s lag 0->0
  [quotes_typed]   0.20s type=Manual child_fresh=Nones e2e=Nones streamed_lat 4->4s lag 0->0
  [quotes_typed]   0.20s type=Manual child_fresh=Nones e2e=Nones streamed_lat 4->4s lag 0->0
  [quotes_typed]   0.20s type=Manual child_fresh=Nones e2e=Nones streamed_lat 4->4s lag 0->0
  [lag] 2026-08-14T01:26:56Z raw=113219565734 behind=4s lag_rows=0
  [quotes_typed]   0.21s type=Manual child_fresh=Nones e2e=Nones streamed_lat 4->4s lag 0->0
  [quotes_daily]   0.21s type=Manual child_fresh=3975s e2e=3979s streamed_lat 4->4s lag 0->0
  [quotes_typed]   0.21s type=Manual child_fresh=Nones e2e=Nones streamed_lat 4->4s lag 0->0
  [quotes_typed]   0.19s type=Manual child_fresh=Nones e2e=Nones streamed_lat 4->4s lag 0->0
  [quotes_typed]   0.20s type=Manual child_fresh=Nones e2e=Nones streamed_lat 4->4s lag 0->0
  [quotes_typed]   0.21s type=Manual child_fresh=Nones e2e=Nones streamed_lat 4->4s lag 0->0
  [lag] 2026-08-14T01:27:56Z raw=113219565734 behind=4s lag_rows=0
  [quotes_typed]   0.20s type=Manual child_fresh=Nones e2e=Nones streamed_lat 4->4s lag 0->0
  [quotes_daily]   0.22s type=Manual child_fresh=4030s e2e=4034s streamed_lat 4->4s lag 0->0
  [quotes_typed]   0.25s type=Manual child_fresh=Nones e2e=Nones streamed_lat 4->4s lag 0->0
  [quotes_typed]   0.21s type=Manual child_fresh=Nones e2e=Nones streamed_lat 4->4s lag 0->0
  [quotes_typed]   0.21s type=Manual child_fresh=Nones e2e=Nones streamed_lat 4->4s lag 0->0
  [lag] 2026-08-14T01:28:56Z raw=113219565734 behind=4s lag_rows=0
  [quotes_typed]   0.20s type=Manual child_fresh=Nones e2e=Nones streamed_lat 4->4s lag 0->0
  [quotes_daily]   0.20s type=Manual child_fresh=4090s e2e=4094s streamed_lat 4->4s lag 0->0
  [quotes_typed]   0.20s type=Manual child_fresh=Nones e2e=Nones streamed_lat 4->4s lag 0->0
  [quotes_typed]   0.20s type=Manual child_fresh=Nones e2e=Nones streamed_lat 4->4s lag 0->0
  [quotes_typed]   0.21s type=Manual child_fresh=Nones e2e=Nones streamed_lat 4->4s lag 0->0
  [quotes_typed]   0.21s type=Manual child_fresh=Nones e2e=Nones streamed_lat 4->4s lag 0->0
  [lag] 2026-08-14T01:29:56Z raw=113219565734 behind=4s lag_rows=0
  [quotes_typed]   0.23s type=Manual child_fresh=Nones e2e=Nones streamed_lat 4->4s lag 0->0
  [quotes_daily]   0.22s type=Manual child_fresh=4149s e2e=4153s streamed_lat 4->4s lag 0->0
  [quotes_typed]   0.20s type=Manual child_fresh=Nones e2e=Nones streamed_lat 4->4s lag 0->0
  [quotes_typed]   0.22s type=Manual child_fresh=Nones e2e=Nones streamed_lat 4->4s lag 0->0
  [quotes_typed]   0.22s type=Manual child_fresh=Nones e2e=Nones streamed_lat 4->4s lag 0->0
  [quotes_typed]   0.20s type=Manual child_fresh=Nones e2e=Nones streamed_lat 4->4s lag 0->0
  [lag] 2026-08-14T01:30:56Z raw=113219565734 behind=4s lag_rows=0
  [quotes_typed]   0.19s type=Manual child_fresh=Nones e2e=Nones streamed_lat 4->4s lag 0->0
  [quotes_daily]   0.23s type=Manual child_fresh=4208s e2e=4212s streamed_lat 4->4s lag 0->0
  [quotes_typed]   0.21s type=Manual child_fresh=Nones e2e=Nones streamed_lat 4->4s lag 0->0
  [quotes_typed]   0.23s type=Manual child_fresh=Nones e2e=Nones streamed_lat 4->4s lag 0->0
  [quotes_typed]   0.22s type=Manual child_fresh=Nones e2e=Nones streamed_lat 4->4s lag 0->0
  [quotes_typed]   0.20s type=Manual child_fresh=Nones e2e=Nones streamed_lat 4->4s lag 0->0
  [lag] 2026-08-14T01:31:56Z raw=113219565734 behind=4s lag_rows=0
  [quotes_typed]   0.32s type=Manual child_fresh=Nones e2e=Nones streamed_lat 4->4s lag 0->0
  [quotes_daily]   0.22s type=Manual child_fresh=4270s e2e=4274s streamed_lat 4->4s lag 0->0
  [quotes_typed]   0.21s type=Manual child_fresh=Nones e2e=Nones streamed_lat 4->4s lag 0->0
  [quotes_typed]   0.20s type=Manual child_fresh=Nones e2e=Nones streamed_lat 4->4s lag 0->0
  [quotes_typed]   0.29s type=Manual child_fresh=Nones e2e=Nones streamed_lat 4->4s lag 0->0
  [quotes_typed]   0.20s type=Manual child_fresh=Nones e2e=Nones streamed_lat 4->4s lag 0->0
  [lag] 2026-08-14T01:32:56Z raw=113219565734 behind=4s lag_rows=0
  [quotes_typed]   0.21s type=Manual child_fresh=Nones e2e=Nones streamed_lat 4->4s lag 0->0
  [quotes_daily]   0.21s type=Manual child_fresh=4330s e2e=4334s streamed_lat 4->4s lag 0->0
  [quotes_typed]   0.21s type=Manual child_fresh=Nones e2e=Nones streamed_lat 4->4s lag 0->0
  [quotes_typed]   0.20s type=Manual child_fresh=Nones e2e=Nones streamed_lat 4->4s lag 0->0
  [quotes_typed]   0.21s type=Manual child_fresh=Nones e2e=Nones streamed_lat 4->4s lag 0->0
  [lag] 2026-08-14T01:33:56Z raw=113219565734 behind=4s lag_rows=0
  [quotes_typed]   0.19s type=Manual child_fresh=Nones e2e=Nones streamed_lat 4->4s lag 0->0
  [quotes_typed]   0.20s type=Manual child_fresh=Nones e2e=Nones streamed_lat 4->4s lag 0->0
  [quotes_daily]   0.22s type=Manual child_fresh=4394s e2e=4398s streamed_lat 4->4s lag 0->0
  [quotes_typed]   0.19s type=Manual child_fresh=Nones e2e=Nones streamed_lat 4->4s lag 0->0
  [quotes_typed]   0.20s type=Manual child_fresh=Nones e2e=Nones streamed_lat 4->4s lag 0->0
  [quotes_typed]   0.20s type=Manual child_fresh=Nones e2e=Nones streamed_lat 4->4s lag 0->0
  [lag] 2026-08-14T01:34:56Z raw=113219565734 behind=4s lag_rows=0
  [quotes_typed]   0.20s type=Manual child_fresh=Nones e2e=Nones streamed_lat 4->4s lag 0->0
  [quotes_daily]   0.25s type=Manual child_fresh=4453s e2e=4457s streamed_lat 4->4s lag 0->0
  [quotes_typed]   0.23s type=Manual child_fresh=Nones e2e=Nones streamed_lat 4->4s lag 0->0
  [quotes_typed]   0.25s type=Manual child_fresh=Nones e2e=Nones streamed_lat 4->4s lag 0->0
  [quotes_typed]   0.19s type=Manual child_fresh=Nones e2e=Nones streamed_lat 4->4s lag 0->0
  [quotes_typed]   0.21s type=Manual child_fresh=Nones e2e=Nones streamed_lat 4->4s lag 0->0
  [lag] 2026-08-14T01:35:56Z raw=113219565734 behind=4s lag_rows=0
  [quotes_typed]   0.23s type=Manual child_fresh=Nones e2e=Nones streamed_lat 4->4s lag 0->0
  [quotes_daily]   0.24s type=Manual child_fresh=4510s e2e=4514s streamed_lat 4->4s lag 0->0
  [quotes_typed]   0.20s type=Manual child_fresh=Nones e2e=Nones streamed_lat 4->4s lag 0->0
  [quotes_typed]   0.18s type=Manual child_fresh=Nones e2e=Nones streamed_lat 4->4s lag 0->0
  [quotes_typed]   0.19s type=Manual child_fresh=Nones e2e=Nones streamed_lat 4->4s lag 0->0
  [quotes_typed]   0.19s type=Manual child_fresh=Nones e2e=Nones streamed_lat 4->4s lag 0->0
  [lag] 2026-08-14T01:36:56Z raw=113219565734 behind=4s lag_rows=0
  [quotes_typed]   0.20s type=Manual child_fresh=Nones e2e=Nones streamed_lat 4->4s lag 0->0
  [quotes_daily]   0.22s type=Manual child_fresh=4577s e2e=4581s streamed_lat 4->4s lag 0->0
  [quotes_typed]   0.20s type=Manual child_fresh=Nones e2e=Nones streamed_lat 4->4s lag 0->0
  [quotes_typed]   0.20s type=Manual child_fresh=Nones e2e=Nones streamed_lat 4->4s lag 0->0
  [lag] 2026-08-14T01:37:56Z raw=113219565734 behind=4s lag_rows=0
  [quotes_typed]   0.20s type=Manual child_fresh=Nones e2e=Nones streamed_lat 4->4s lag 0->0
  [quotes_daily]   0.17s type=Manual child_fresh=4642s e2e=4646s streamed_lat 4->4s lag 0->0
  [quotes_typed]   0.20s type=Manual child_fresh=Nones e2e=Nones streamed_lat 4->4s lag 0->0
  [quotes_typed]   0.21s type=Manual child_fresh=Nones e2e=Nones streamed_lat 4->4s lag 0->0
  [lag] 2026-08-14T01:38:56Z raw=113219565734 behind=4s lag_rows=0
  [quotes_typed]   0.25s type=Manual child_fresh=Nones e2e=Nones streamed_lat 4->4s lag 0->0
  [quotes_typed]   0.21s type=Manual child_fresh=Nones e2e=Nones streamed_lat 4->4s lag 0->0
  [quotes_daily]   0.20s type=Manual child_fresh=4697s e2e=4701s streamed_lat 4->4s lag 0->0
  [quotes_typed]   0.21s type=Manual child_fresh=Nones e2e=Nones streamed_lat 4->4s lag 0->0
  [quotes_typed]   0.23s type=Manual child_fresh=Nones e2e=Nones streamed_lat 4->4s lag 0->0
  [quotes_typed]   0.22s type=Manual child_fresh=Nones e2e=Nones streamed_lat 4->4s lag 0->0
  [lag] 2026-08-14T01:39:56Z raw=113219565734 behind=4s lag_rows=0
  [quotes_daily]   0.25s type=Manual child_fresh=4752s e2e=4756s streamed_lat 4->4s lag 0->0
  [quotes_typed]   0.20s type=Manual child_fresh=Nones e2e=Nones streamed_lat 4->4s lag 0->0
  [quotes_typed]   0.21s type=Manual child_fresh=Nones e2e=Nones streamed_lat 4->4s lag 0->0
  [quotes_typed]   0.20s type=Manual child_fresh=Nones e2e=Nones streamed_lat 4->4s lag 0->0
  [quotes_typed]   0.21s type=Manual child_fresh=Nones e2e=Nones streamed_lat 4->4s lag 0->0
  [lag] 2026-08-14T01:40:56Z raw=113219565734 behind=4s lag_rows=0
  [quotes_typed]   0.19s type=Manual child_fresh=Nones e2e=Nones streamed_lat 4->4s lag 0->0
  [quotes_daily]   0.21s type=Manual child_fresh=4811s e2e=4815s streamed_lat 4->4s lag 0->0
  [quotes_typed]   0.24s type=Manual child_fresh=Nones e2e=Nones streamed_lat 4->4s lag 0->0
  [quotes_typed]   0.22s type=Manual child_fresh=Nones e2e=Nones streamed_lat 4->4s lag 0->0
  [quotes_typed]   0.19s type=Manual child_fresh=Nones e2e=Nones streamed_lat 4->4s lag 0->0
  [quotes_typed]   0.19s type=Manual child_fresh=Nones e2e=Nones streamed_lat 4->4s lag 0->0
  [lag] 2026-08-14T01:41:56Z raw=113219565734 behind=4s lag_rows=0
  [quotes_typed]   0.23s type=Manual child_fresh=Nones e2e=Nones streamed_lat 4->4s lag 0->0
  [quotes_daily]   0.20s type=Manual child_fresh=4874s e2e=4878s streamed_lat 4->4s lag 0->0
  [quotes_typed]   0.25s type=Manual child_fresh=Nones e2e=Nones streamed_lat 4->4s lag 0->0
  [quotes_typed]   0.28s type=Manual child_fresh=Nones e2e=Nones streamed_lat 4->4s lag 0->0
  [quotes_typed]   0.18s type=Manual child_fresh=Nones e2e=Nones streamed_lat 4->4s lag 0->0
  [lag] 2026-08-14T01:42:56Z raw=113219565734 behind=4s lag_rows=0
  [quotes_typed]   0.19s type=Manual child_fresh=Nones e2e=Nones streamed_lat 4->4s lag 0->0
  [quotes_daily]   0.21s type=Manual child_fresh=4928s e2e=4932s streamed_lat 4->4s lag 0->0
  [quotes_typed]   0.23s type=Manual child_fresh=Nones e2e=Nones streamed_lat 4->4s lag 0->0
  [quotes_typed]   0.20s type=Manual child_fresh=Nones e2e=Nones streamed_lat 4->4s lag 0->0
  [quotes_typed]   0.20s type=Manual child_fresh=Nones e2e=Nones streamed_lat 4->4s lag 0->0
  [lag] 2026-08-14T01:43:56Z raw=113219565734 behind=4s lag_rows=0
  [quotes_typed]   0.28s type=Manual child_fresh=Nones e2e=Nones streamed_lat 4->4s lag 0->0
  [quotes_daily]   0.24s type=Manual child_fresh=4991s e2e=4995s streamed_lat 4->4s lag 0->0
  [quotes_typed]   0.20s type=Manual child_fresh=Nones e2e=Nones streamed_lat 4->4s lag 0->0
  [quotes_typed]   0.21s type=Manual child_fresh=Nones e2e=Nones streamed_lat 4->4s lag 0->0
  [quotes_typed]   0.25s type=Manual child_fresh=Nones e2e=Nones streamed_lat 4->4s lag 0->0
  [quotes_typed]   0.26s type=Manual child_fresh=Nones e2e=Nones streamed_lat 4->4s lag 0->0
  [lag] 2026-08-14T01:44:56Z raw=113219565734 behind=4s lag_rows=0
  [quotes_typed]   0.23s type=Manual child_fresh=Nones e2e=Nones streamed_lat 4->4s lag 0->0
  [quotes_daily]   0.24s type=Manual child_fresh=5049s e2e=5053s streamed_lat 4->4s lag 0->0
  [quotes_typed]   0.21s type=Manual child_fresh=Nones e2e=Nones streamed_lat 4->4s lag 0->0
  [quotes_typed]   0.21s type=Manual child_fresh=Nones e2e=Nones streamed_lat 4->4s lag 0->0
  [quotes_typed]   0.23s type=Manual child_fresh=Nones e2e=Nones streamed_lat 4->4s lag 0->0
  [quotes_typed]   0.20s type=Manual child_fresh=Nones e2e=Nones streamed_lat 4->4s lag 0->0
  [lag] 2026-08-14T01:45:56Z raw=113219565734 behind=4s lag_rows=0
  [quotes_typed]   0.22s type=Manual child_fresh=Nones e2e=Nones streamed_lat 4->4s lag 0->0
  [quotes_daily]   0.21s type=Manual child_fresh=5115s e2e=5119s streamed_lat 4->4s lag 0->0
  [quotes_typed]   0.21s type=Manual child_fresh=Nones e2e=Nones streamed_lat 4->4s lag 0->0
  [quotes_typed]   0.24s type=Manual child_fresh=Nones e2e=Nones streamed_lat 4->4s lag 0->0
  [lag] 2026-08-14T01:46:56Z raw=113219565734 behind=4s lag_rows=0
  [quotes_typed]   0.22s type=Manual child_fresh=Nones e2e=Nones streamed_lat 4->4s lag 0->0
  [quotes_daily]   0.24s type=Manual child_fresh=5170s e2e=5174s streamed_lat 4->4s lag 0->0
  [quotes_typed]   0.21s type=Manual child_fresh=Nones e2e=Nones streamed_lat 4->4s lag 0->0
  [quotes_typed]   0.21s type=Manual child_fresh=Nones e2e=Nones streamed_lat 4->4s lag 0->0
  [quotes_typed]   0.21s type=Manual child_fresh=Nones e2e=Nones streamed_lat 4->4s lag 0->0
  [quotes_typed]   0.20s type=Manual child_fresh=Nones e2e=Nones streamed_lat 4->4s lag 0->0
  [lag] 2026-08-14T01:47:56Z raw=113219565734 behind=4s lag_rows=0
  [quotes_typed]   0.20s type=Manual child_fresh=Nones e2e=Nones streamed_lat 4->4s lag 0->0
  [quotes_daily]   0.23s type=Manual child_fresh=5234s e2e=5238s streamed_lat 4->4s lag 0->0
  [quotes_typed]   0.20s type=Manual child_fresh=Nones e2e=Nones streamed_lat 4->4s lag 0->0
  [quotes_typed]   0.22s type=Manual child_fresh=Nones e2e=Nones streamed_lat 4->4s lag 0->0
  [lag] 2026-08-14T01:48:56Z raw=113219565734 behind=4s lag_rows=0
  [quotes_typed]   0.21s type=Manual child_fresh=Nones e2e=Nones streamed_lat 4->4s lag 0->0
  [quotes_daily]   0.23s type=Manual child_fresh=5300s e2e=5304s streamed_lat 4->4s lag 0->0
  [quotes_typed]   0.22s type=Manual child_fresh=Nones e2e=Nones streamed_lat 4->4s lag 0->0
  [quotes_typed]   0.20s type=Manual child_fresh=Nones e2e=Nones streamed_lat 4->4s lag 0->0
  [lag] 2026-08-14T01:49:56Z raw=113219565734 behind=4s lag_rows=0
  [quotes_typed]   0.26s type=Manual child_fresh=Nones e2e=Nones streamed_lat 4->4s lag 0->0
  [quotes_daily]   0.21s type=Manual child_fresh=5352s e2e=5356s streamed_lat 4->4s lag 0->0
  [quotes_typed]   0.20s type=Manual child_fresh=Nones e2e=Nones streamed_lat 4->4s lag 0->0
  [quotes_typed]   0.19s type=Manual child_fresh=Nones e2e=Nones streamed_lat 4->4s lag 0->0
  [quotes_typed]   0.21s type=Manual child_fresh=Nones e2e=Nones streamed_lat 4->4s lag 0->0
  [lag] 2026-08-14T01:50:56Z raw=113219565734 behind=4s lag_rows=0
  [quotes_typed]   0.23s type=Manual child_fresh=Nones e2e=Nones streamed_lat 4->4s lag 0->0
  [quotes_typed]   0.20s type=Manual child_fresh=Nones e2e=Nones streamed_lat 4->4s lag 0->0
  [quotes_daily]   1.26s type=Manual child_fresh=5414s e2e=5418s streamed_lat 4->4s lag 0->0
  [quotes_typed]   0.19s type=Manual child_fresh=Nones e2e=Nones streamed_lat 4->4s lag 0->0
  [quotes_typed]   0.21s type=Manual child_fresh=Nones e2e=Nones streamed_lat 4->4s lag 0->0
  [quotes_typed]   0.27s type=Manual child_fresh=Nones e2e=Nones streamed_lat 4->4s lag 0->0
  [quotes_typed]   0.20s type=Manual child_fresh=Nones e2e=Nones streamed_lat 4->4s lag 0->0
  [lag] 2026-08-14T01:51:56Z raw=113219565734 behind=4s lag_rows=0
  [quotes_typed]   0.24s type=Manual child_fresh=Nones e2e=Nones streamed_lat 4->4s lag 0->0
  [quotes_daily]   0.23s type=Manual child_fresh=5473s e2e=5477s streamed_lat 4->4s lag 0->0
  [quotes_typed]   0.21s type=Manual child_fresh=Nones e2e=Nones streamed_lat 4->4s lag 0->0
  [quotes_typed]   0.22s type=Manual child_fresh=Nones e2e=Nones streamed_lat 4->4s lag 0->0
  [quotes_typed]   0.19s type=Manual child_fresh=Nones e2e=Nones streamed_lat 4->4s lag 0->0
  [lag] 2026-08-14T01:52:56Z raw=113219565734 behind=4s lag_rows=0
  [quotes_typed]   0.20s type=Manual child_fresh=Nones e2e=Nones streamed_lat 4->4s lag 0->0
  [quotes_daily]   0.20s type=Manual child_fresh=5530s e2e=5534s streamed_lat 4->4s lag 0->0
  [quotes_typed]   0.20s type=Manual child_fresh=Nones e2e=Nones streamed_lat 4->4s lag 0->0
  [quotes_typed]   0.19s type=Manual child_fresh=Nones e2e=Nones streamed_lat 4->4s lag 0->0
  [quotes_typed]   0.20s type=Manual child_fresh=Nones e2e=Nones streamed_lat 4->4s lag 0->0
  [quotes_typed]   0.25s type=Manual child_fresh=Nones e2e=Nones streamed_lat 4->4s lag 0->0
  [lag] 2026-08-14T01:53:56Z raw=113219565734 behind=4s lag_rows=0
  [quotes_typed]   0.20s type=Manual child_fresh=Nones e2e=Nones streamed_lat 4->4s lag 0->0
  [quotes_daily]   0.21s type=Manual child_fresh=5589s e2e=5593s streamed_lat 4->4s lag 0->0
  [quotes_typed]   0.20s type=Manual child_fresh=Nones e2e=Nones streamed_lat 4->4s lag 0->0
  [quotes_typed]   0.21s type=Manual child_fresh=Nones e2e=Nones streamed_lat 4->4s lag 0->0
  [quotes_typed]   0.22s type=Manual child_fresh=Nones e2e=Nones streamed_lat 4->4s lag 0->0
  [quotes_typed]   0.19s type=Manual child_fresh=Nones e2e=Nones streamed_lat 4->4s lag 0->0
  [lag] 2026-08-14T01:54:56Z raw=113219565734 behind=4s lag_rows=0
  [quotes_typed]   0.20s type=Manual child_fresh=Nones e2e=Nones streamed_lat 4->4s lag 0->0
  [quotes_daily]   0.19s type=Manual child_fresh=5651s e2e=5655s streamed_lat 4->4s lag 0->0
  [quotes_typed]   0.22s type=Manual child_fresh=Nones e2e=Nones streamed_lat 4->4s lag 0->0
  [quotes_typed]   0.23s type=Manual child_fresh=Nones e2e=Nones streamed_lat 4->4s lag 0->0
  [quotes_typed]   0.22s type=Manual child_fresh=Nones e2e=Nones streamed_lat 4->4s lag 0->0
  [quotes_typed]   0.20s type=Manual child_fresh=Nones e2e=Nones streamed_lat 4->4s lag 0->0
  [lag] 2026-08-14T01:55:56Z raw=113219565734 behind=4s lag_rows=0
  [quotes_typed]   0.25s type=Manual child_fresh=Nones e2e=Nones streamed_lat 4->4s lag 0->0
  [quotes_daily]   0.21s type=Manual child_fresh=5711s e2e=5715s streamed_lat 4->4s lag 0->0
  [quotes_typed]   0.20s type=Manual child_fresh=Nones e2e=Nones streamed_lat 4->4s lag 0->0
  [quotes_typed]   0.22s type=Manual child_fresh=Nones e2e=Nones streamed_lat 4->4s lag 0->0
  [quotes_typed]   0.21s type=Manual child_fresh=Nones e2e=Nones streamed_lat 4->4s lag 0->0
  [lag] 2026-08-14T01:56:56Z raw=113219565734 behind=4s lag_rows=0
  [quotes_typed]   0.23s type=Manual child_fresh=Nones e2e=Nones streamed_lat 4->4s lag 0->0
  [quotes_daily]   0.22s type=Manual child_fresh=5770s e2e=5774s streamed_lat 4->4s lag 0->0
  [quotes_typed]   0.22s type=Manual child_fresh=Nones e2e=Nones streamed_lat 4->4s lag 0->0
  [quotes_typed]   0.20s type=Manual child_fresh=Nones e2e=Nones streamed_lat 4->4s lag 0->0
  [quotes_typed]   0.20s type=Manual child_fresh=Nones e2e=Nones streamed_lat 4->4s lag 0->0
  [lag] 2026-08-14T01:57:56Z raw=113219565734 behind=4s lag_rows=0
  [quotes_typed]   0.20s type=Manual child_fresh=Nones e2e=Nones streamed_lat 4->4s lag 0->0
  [quotes_daily]   0.21s type=Manual child_fresh=5831s e2e=5835s streamed_lat 4->4s lag 0->0
  [quotes_typed]   0.24s type=Manual child_fresh=Nones e2e=Nones streamed_lat 4->4s lag 0->0
  [quotes_typed]   0.22s type=Manual child_fresh=Nones e2e=Nones streamed_lat 4->4s lag 0->0
  [quotes_typed]   0.22s type=Manual child_fresh=Nones e2e=Nones streamed_lat 4->4s lag 0->0
  [quotes_typed]   0.20s type=Manual child_fresh=Nones e2e=Nones streamed_lat 4->4s lag 0->0
  [lag] 2026-08-14T01:58:56Z raw=113219565734 behind=4s lag_rows=0
  [quotes_typed]   0.21s type=Manual child_fresh=Nones e2e=Nones streamed_lat 4->4s lag 0->0
  [quotes_daily]   0.21s type=Manual child_fresh=5895s e2e=5899s streamed_lat 4->4s lag 0->0
  [quotes_typed]   0.20s type=Manual child_fresh=Nones e2e=Nones streamed_lat 4->4s lag 0->0
  [quotes_typed]   0.19s type=Manual child_fresh=Nones e2e=Nones streamed_lat 4->4s lag 0->0
  [quotes_typed]   0.20s type=Manual child_fresh=Nones e2e=Nones streamed_lat 4->4s lag 0->0
  [lag] 2026-08-14T01:59:56Z raw=113219565734 behind=4s lag_rows=0
  [quotes_typed]   0.21s type=Manual child_fresh=Nones e2e=Nones streamed_lat 4->4s lag 0->0
  [quotes_daily]   0.25s type=Manual child_fresh=5948s e2e=5952s streamed_lat 4->4s lag 0->0
  [quotes_typed]   0.28s type=Manual child_fresh=Nones e2e=Nones streamed_lat 4->4s lag 0->0
  [quotes_typed]   0.27s type=Manual child_fresh=Nones e2e=Nones streamed_lat 4->4s lag 0->0
  [quotes_typed]   0.25s type=Manual child_fresh=Nones e2e=Nones streamed_lat 4->4s lag 0->0
  [quotes_typed]   0.25s type=Manual child_fresh=Nones e2e=Nones streamed_lat 4->4s lag 0->0
  [lag] 2026-08-14T02:00:56Z raw=113219565734 behind=4s lag_rows=0
  [quotes_typed]   0.25s type=Manual child_fresh=Nones e2e=Nones streamed_lat 4->4s lag 0->0
  [quotes_daily]   0.26s type=Manual child_fresh=6008s e2e=6012s streamed_lat 4->4s lag 0->0
  [quotes_typed]   0.27s type=Manual child_fresh=Nones e2e=Nones streamed_lat 4->4s lag 0->0
  [quotes_typed]   0.24s type=Manual child_fresh=Nones e2e=Nones streamed_lat 4->4s lag 0->0
  [quotes_typed]   0.22s type=Manual child_fresh=Nones e2e=Nones streamed_lat 4->4s lag 0->0
  [lag] 2026-08-14T02:01:56Z raw=113219565734 behind=4s lag_rows=0
  [quotes_typed]   0.21s type=Manual child_fresh=Nones e2e=Nones streamed_lat 4->4s lag 0->0
  [quotes_typed]   0.19s type=Manual child_fresh=Nones e2e=Nones streamed_lat 4->4s lag 0->0
  [quotes_daily]   0.22s type=Manual child_fresh=6073s e2e=6077s streamed_lat 4->4s lag 0->0
  [quotes_typed]   0.18s type=Manual child_fresh=Nones e2e=Nones streamed_lat 4->4s lag 0->0
  [quotes_typed]   0.20s type=Manual child_fresh=Nones e2e=Nones streamed_lat 4->4s lag 0->0
  [quotes_typed]   0.28s type=Manual child_fresh=Nones e2e=Nones streamed_lat 4->4s lag 0->0
  [lag] 2026-08-14T02:02:56Z raw=113219565734 behind=4s lag_rows=0
  [quotes_typed]   0.27s type=Manual child_fresh=Nones e2e=Nones streamed_lat 4->4s lag 0->0
  [quotes_daily]   0.28s type=Manual child_fresh=6130s e2e=6134s streamed_lat 4->4s lag 0->0
  [quotes_typed]   0.21s type=Manual child_fresh=Nones e2e=Nones streamed_lat 4->4s lag 0->0
  [quotes_typed]   0.22s type=Manual child_fresh=Nones e2e=Nones streamed_lat 4->4s lag 0->0
  [quotes_typed]   0.27s type=Manual child_fresh=Nones e2e=Nones streamed_lat 4->4s lag 0->0
  [quotes_typed]   0.22s type=Manual child_fresh=Nones e2e=Nones streamed_lat 4->4s lag 0->0
  [lag] 2026-08-14T02:03:56Z raw=113219565734 behind=4s lag_rows=0
  [quotes_typed]   0.40s type=Manual child_fresh=Nones e2e=Nones streamed_lat 4->4s lag 0->0
  [quotes_daily]   0.22s type=Manual child_fresh=6194s e2e=6198s streamed_lat 4->4s lag 0->0
  [quotes_typed]   0.23s type=Manual child_fresh=Nones e2e=Nones streamed_lat 4->4s lag 0->0
  [quotes_typed]   0.26s type=Manual child_fresh=Nones e2e=Nones streamed_lat 4->4s lag 0->0
  [quotes_typed]   0.21s type=Manual child_fresh=Nones e2e=Nones streamed_lat 4->4s lag 0->0
  [lag] 2026-08-14T02:04:56Z raw=113219565734 behind=4s lag_rows=0
  [quotes_typed]   0.20s type=Manual child_fresh=Nones e2e=Nones streamed_lat 4->4s lag 0->0
  [quotes_daily]   0.21s type=Manual child_fresh=6248s e2e=6252s streamed_lat 4->4s lag 0->0
  [quotes_typed]   0.18s type=Manual child_fresh=Nones e2e=Nones streamed_lat 4->4s lag 0->0
  [quotes_typed]   0.21s type=Manual child_fresh=Nones e2e=Nones streamed_lat 4->4s lag 0->0
  [quotes_typed]   0.27s type=Manual child_fresh=Nones e2e=Nones streamed_lat 4->4s lag 0->0
  [quotes_typed]   0.20s type=Manual child_fresh=Nones e2e=Nones streamed_lat 4->4s lag 0->0
  [lag] 2026-08-14T02:05:56Z raw=113219565734 behind=4s lag_rows=0
  [quotes_typed]   0.17s type=Manual child_fresh=Nones e2e=Nones streamed_lat 4->4s lag 0->0
  [quotes_daily]   0.23s type=Manual child_fresh=6314s e2e=6318s streamed_lat 4->4s lag 0->0
  [quotes_typed]   0.21s type=Manual child_fresh=Nones e2e=Nones streamed_lat 4->4s lag 0->0
  [quotes_typed]   0.22s type=Manual child_fresh=Nones e2e=Nones streamed_lat 4->4s lag 0->0
  [quotes_typed]   0.24s type=Manual child_fresh=Nones e2e=Nones streamed_lat 4->4s lag 0->0
  [lag] 2026-08-14T02:06:56Z raw=113219565734 behind=4s lag_rows=0
  [quotes_typed]   0.22s type=Manual child_fresh=Nones e2e=Nones streamed_lat 4->4s lag 0->0
  [quotes_daily]   0.28s type=Manual child_fresh=6377s e2e=6381s streamed_lat 4->4s lag 0->0
  [quotes_typed]   0.24s type=Manual child_fresh=Nones e2e=Nones streamed_lat 4->4s lag 0->0
  [quotes_typed]   0.22s type=Manual child_fresh=Nones e2e=Nones streamed_lat 4->4s lag 0->0
  [quotes_typed]   0.19s type=Manual child_fresh=Nones e2e=Nones streamed_lat 4->4s lag 0->0
  [lag] 2026-08-14T02:07:56Z raw=113219565734 behind=4s lag_rows=0
  [quotes_typed]   0.21s type=Manual child_fresh=Nones e2e=Nones streamed_lat 4->4s lag 0->0
  [quotes_daily]   0.27s type=Manual child_fresh=6430s e2e=6434s streamed_lat 4->4s lag 0->0
  [quotes_typed]   0.22s type=Manual child_fresh=Nones e2e=Nones streamed_lat 4->4s lag 0->0
  [quotes_typed]   0.21s type=Manual child_fresh=Nones e2e=Nones streamed_lat 4->4s lag 0->0
  [quotes_typed]   0.17s type=Manual child_fresh=Nones e2e=Nones streamed_lat 4->4s lag 0->0
  [lag] 2026-08-14T02:08:56Z raw=113219565734 behind=4s lag_rows=0
  [quotes_typed]   0.23s type=Manual child_fresh=Nones e2e=Nones streamed_lat 4->4s lag 0->0
  [quotes_daily]   0.20s type=Manual child_fresh=6499s e2e=6503s streamed_lat 4->4s lag 0->0
  [quotes_typed]   0.21s type=Manual child_fresh=Nones e2e=Nones streamed_lat 4->4s lag 0->0
  [quotes_typed]   0.28s type=Manual child_fresh=Nones e2e=Nones streamed_lat 4->4s lag 0->0
  [quotes_typed]   0.20s type=Manual child_fresh=Nones e2e=Nones streamed_lat 4->4s lag 0->0
  [lag] 2026-08-14T02:09:56Z raw=113219565734 behind=4s lag_rows=0
  [quotes_typed]   0.24s type=Manual child_fresh=Nones e2e=Nones streamed_lat 4->4s lag 0->0
  [quotes_daily]   0.20s type=Manual child_fresh=6551s e2e=6555s streamed_lat 4->4s lag 0->0
  [quotes_typed]   0.24s type=Manual child_fresh=Nones e2e=Nones streamed_lat 4->4s lag 0->0
  [quotes_typed]   0.22s type=Manual child_fresh=Nones e2e=Nones streamed_lat 4->4s lag 0->0
  [quotes_typed]   0.26s type=Manual child_fresh=Nones e2e=Nones streamed_lat 4->4s lag 0->0
  [quotes_typed]   0.21s type=Manual child_fresh=Nones e2e=Nones streamed_lat 4->4s lag 0->0
  [lag] 2026-08-14T02:10:56Z raw=113219565734 behind=4s lag_rows=0
  [quotes_typed]   0.21s type=Manual child_fresh=Nones e2e=Nones streamed_lat 4->4s lag 0->0
  [quotes_daily]   0.20s type=Manual child_fresh=6611s e2e=6615s streamed_lat 4->4s lag 0->0
  [quotes_typed]   0.20s type=Manual child_fresh=Nones e2e=Nones streamed_lat 4->4s lag 0->0
  [quotes_typed]   0.23s type=Manual child_fresh=Nones e2e=Nones streamed_lat 4->4s lag 0->0
  [quotes_typed]   0.22s type=Manual child_fresh=Nones e2e=Nones streamed_lat 4->4s lag 0->0
  [lag] 2026-08-14T02:11:56Z raw=113219565734 behind=4s lag_rows=0
  [quotes_typed]   0.22s type=Manual child_fresh=Nones e2e=Nones streamed_lat 4->4s lag 0->0
  [quotes_daily]   0.24s type=Manual child_fresh=6671s e2e=6675s streamed_lat 4->4s lag 0->0
  [quotes_typed]   0.22s type=Manual child_fresh=Nones e2e=Nones streamed_lat 4->4s lag 0->0
  [quotes_typed]   0.23s type=Manual child_fresh=Nones e2e=Nones streamed_lat 4->4s lag 0->0
  [quotes_typed]   0.19s type=Manual child_fresh=Nones e2e=Nones streamed_lat 4->4s lag 0->0
  [quotes_typed]   0.19s type=Manual child_fresh=Nones e2e=Nones streamed_lat 4->4s lag 0->0
  [lag] 2026-08-14T02:12:56Z raw=113219565734 behind=4s lag_rows=0
  [quotes_typed]   0.20s type=Manual child_fresh=Nones e2e=Nones streamed_lat 4->4s lag 0->0
  [quotes_daily]   0.26s type=Manual child_fresh=6733s e2e=6737s streamed_lat 4->4s lag 0->0
  [quotes_typed]   0.19s type=Manual child_fresh=Nones e2e=Nones streamed_lat 4->4s lag 0->0
  [quotes_typed]   0.24s type=Manual child_fresh=Nones e2e=Nones streamed_lat 4->4s lag 0->0
  [quotes_typed]   0.24s type=Manual child_fresh=Nones e2e=Nones streamed_lat 4->4s lag 0->0
  [lag] 2026-08-14T02:13:56Z raw=113219565734 behind=4s lag_rows=0
  [quotes_typed]   0.21s type=Manual child_fresh=Nones e2e=Nones streamed_lat 4->4s lag 0->0
  [quotes_daily]   0.26s type=Manual child_fresh=6793s e2e=6797s streamed_lat 4->4s lag 0->0
  [quotes_typed]   0.20s type=Manual child_fresh=Nones e2e=Nones streamed_lat 4->4s lag 0->0
  [quotes_typed]   0.20s type=Manual child_fresh=Nones e2e=Nones streamed_lat 4->4s lag 0->0
  [quotes_typed]   0.21s type=Manual child_fresh=Nones e2e=Nones streamed_lat 4->4s lag 0->0
  [quotes_typed]   0.19s type=Manual child_fresh=Nones e2e=Nones streamed_lat 4->4s lag 0->0
  [lag] 2026-08-14T02:14:56Z raw=113219565734 behind=4s lag_rows=0
  [quotes_typed]   0.24s type=Manual child_fresh=Nones e2e=Nones streamed_lat 4->4s lag 0->0
  [quotes_daily]   0.22s type=Manual child_fresh=6848s e2e=6852s streamed_lat 4->4s lag 0->0
  [quotes_typed]   0.19s type=Manual child_fresh=Nones e2e=Nones streamed_lat 4->4s lag 0->0
  [quotes_typed]   0.23s type=Manual child_fresh=Nones e2e=Nones streamed_lat 4->4s lag 0->0
  [quotes_typed]   0.25s type=Manual child_fresh=Nones e2e=Nones streamed_lat 4->4s lag 0->0
  [lag] 2026-08-14T02:15:56Z raw=113219565734 behind=4s lag_rows=0
  [quotes_typed]   0.21s type=Manual child_fresh=Nones e2e=Nones streamed_lat 4->4s lag 0->0
  [quotes_daily]   0.21s type=Manual child_fresh=6910s e2e=6914s streamed_lat 4->4s lag 0->0
  [quotes_typed]   0.22s type=Manual child_fresh=Nones e2e=Nones streamed_lat 4->4s lag 0->0
  [quotes_typed]   0.22s type=Manual child_fresh=Nones e2e=Nones streamed_lat 4->4s lag 0->0
  [quotes_typed]   0.20s type=Manual child_fresh=Nones e2e=Nones streamed_lat 4->4s lag 0->0
  [quotes_typed]   0.29s type=Manual child_fresh=Nones e2e=Nones streamed_lat 4->4s lag 0->0
  [lag] 2026-08-14T02:16:56Z raw=113219565734 behind=4s lag_rows=0
  [quotes_typed]   0.22s type=Manual child_fresh=Nones e2e=Nones streamed_lat 4->4s lag 0->0
  [quotes_daily]   0.26s type=Manual child_fresh=6968s e2e=6972s streamed_lat 4->4s lag 0->0
  [quotes_typed]   0.20s type=Manual child_fresh=Nones e2e=Nones streamed_lat 4->4s lag 0->0
  [quotes_typed]   0.22s type=Manual child_fresh=Nones e2e=Nones streamed_lat 4->4s lag 0->0
  [quotes_typed]   0.22s type=Manual child_fresh=Nones e2e=Nones streamed_lat 4->4s lag 0->0
  [quotes_typed]   0.20s type=Manual child_fresh=Nones e2e=Nones streamed_lat 4->4s lag 0->0
  [lag] 2026-08-14T02:17:56Z raw=113219565734 behind=4s lag_rows=0
  [quotes_typed]   0.21s type=Manual child_fresh=Nones e2e=Nones streamed_lat 4->4s lag 0->0
  [quotes_daily]   0.22s type=Manual child_fresh=7026s e2e=7030s streamed_lat 4->4s lag 0->0
  [quotes_typed]   0.20s type=Manual child_fresh=Nones e2e=Nones streamed_lat 4->4s lag 0->0
  [quotes_typed]   0.21s type=Manual child_fresh=Nones e2e=Nones streamed_lat 4->4s lag 0->0
  [quotes_typed]   0.22s type=Manual child_fresh=Nones e2e=Nones streamed_lat 4->4s lag 0->0
  [quotes_typed]   0.21s type=Manual child_fresh=Nones e2e=Nones streamed_lat 4->4s lag 0->0
  [lag] 2026-08-14T02:18:56Z raw=113219565734 behind=4s lag_rows=0
  [quotes_typed]   0.24s type=Manual child_fresh=Nones e2e=Nones streamed_lat 4->4s lag 0->0
  [quotes_daily]   0.22s type=Manual child_fresh=7088s e2e=7092s streamed_lat 4->4s lag 0->0
  [quotes_typed]   0.21s type=Manual child_fresh=Nones e2e=Nones streamed_lat 4->4s lag 0->0
  [quotes_typed]   0.23s type=Manual child_fresh=Nones e2e=Nones streamed_lat 4->4s lag 0->0
  [quotes_typed]   0.19s type=Manual child_fresh=Nones e2e=Nones streamed_lat 4->4s lag 0->0
  [quotes_typed]   0.19s type=Manual child_fresh=Nones e2e=Nones streamed_lat 4->4s lag 0->0
  [lag] 2026-08-14T02:19:56Z raw=113219565734 behind=4s lag_rows=0
  [quotes_typed]   0.20s type=Manual child_fresh=Nones e2e=Nones streamed_lat 4->4s lag 0->0
  [quotes_daily]   0.22s type=Manual child_fresh=7151s e2e=7155s streamed_lat 4->4s lag 0->0
  [quotes_typed]   0.36s type=Manual child_fresh=Nones e2e=Nones streamed_lat 4->4s lag 0->0
  [quotes_typed]   0.21s type=Manual child_fresh=Nones e2e=Nones streamed_lat 4->4s lag 0->0
  [quotes_typed]   0.22s type=Manual child_fresh=Nones e2e=Nones streamed_lat 4->4s lag 0->0
  [lag] 2026-08-14T02:20:56Z raw=113219565734 behind=4s lag_rows=0
  [quotes_typed]   0.24s type=Manual child_fresh=Nones e2e=Nones streamed_lat 4->4s lag 0->0
  [quotes_typed]   0.22s type=Manual child_fresh=Nones e2e=Nones streamed_lat 4->4s lag 0->0
  [quotes_daily]   0.21s type=Manual child_fresh=7212s e2e=7216s streamed_lat 4->4s lag 0->0
  [quotes_typed]   0.21s type=Manual child_fresh=Nones e2e=Nones streamed_lat 4->4s lag 0->0
  [quotes_typed]   0.22s type=Manual child_fresh=Nones e2e=Nones streamed_lat 4->4s lag 0->0
  [quotes_typed]   0.18s type=Manual child_fresh=Nones e2e=Nones streamed_lat 4->4s lag 0->0
  [lag] 2026-08-14T02:21:56Z raw=113219565734 behind=4s lag_rows=0
  [quotes_typed]   0.20s type=Manual child_fresh=Nones e2e=Nones streamed_lat 4->4s lag 0->0
  [quotes_typed]   0.22s type=Manual child_fresh=Nones e2e=Nones streamed_lat 4->4s lag 0->0
  [quotes_daily]   0.30s type=Manual child_fresh=7271s e2e=7275s streamed_lat 4->4s lag 0->0
  [quotes_typed]   0.27s type=Manual child_fresh=Nones e2e=Nones streamed_lat 4->4s lag 0->0
  [quotes_typed]   0.20s type=Manual child_fresh=Nones e2e=Nones streamed_lat 4->4s lag 0->0
  [quotes_typed]   0.24s type=Manual child_fresh=Nones e2e=Nones streamed_lat 4->4s lag 0->0
  [lag] 2026-08-14T02:22:56Z raw=113219565734 behind=4s lag_rows=0
  [quotes_typed]   0.19s type=Manual child_fresh=Nones e2e=Nones streamed_lat 4->4s lag 0->0
  [quotes_typed]   0.20s type=Manual child_fresh=Nones e2e=Nones streamed_lat 4->4s lag 0->0
  [quotes_daily]   0.20s type=Manual child_fresh=7334s e2e=7338s streamed_lat 4->4s lag 0->0
  [quotes_typed]   0.34s type=Manual child_fresh=Nones e2e=Nones streamed_lat 4->4s lag 0->0
  [quotes_typed]   0.21s type=Manual child_fresh=Nones e2e=Nones streamed_lat 4->4s lag 0->0
  [quotes_typed]   0.25s type=Manual child_fresh=Nones e2e=Nones streamed_lat 4->4s lag 0->0
  [lag] 2026-08-14T02:23:56Z raw=113219565734 behind=4s lag_rows=0
  [quotes_typed]   0.22s type=Manual child_fresh=Nones e2e=Nones streamed_lat 4->4s lag 0->0
  [quotes_daily]   0.23s type=Manual child_fresh=7388s e2e=7392s streamed_lat 4->4s lag 0->0
  [quotes_typed]   0.20s type=Manual child_fresh=Nones e2e=Nones streamed_lat 4->4s lag 0->0
  [quotes_typed]   0.21s type=Manual child_fresh=Nones e2e=Nones streamed_lat 4->4s lag 0->0
  [quotes_typed]   0.20s type=Manual child_fresh=Nones e2e=Nones streamed_lat 4->4s lag 0->0
  [quotes_typed]   0.21s type=Manual child_fresh=Nones e2e=Nones streamed_lat 4->4s lag 0->0
  [lag] 2026-08-14T02:24:56Z raw=113219565734 behind=4s lag_rows=0
  [quotes_typed]   0.28s type=Manual child_fresh=Nones e2e=Nones streamed_lat 4->4s lag 0->0
  [quotes_daily]   0.21s type=Manual child_fresh=7449s e2e=7453s streamed_lat 4->4s lag 0->0
  [quotes_typed]   0.21s type=Manual child_fresh=Nones e2e=Nones streamed_lat 4->4s lag 0->0
  [quotes_typed]   0.20s type=Manual child_fresh=Nones e2e=Nones streamed_lat 4->4s lag 0->0
  [quotes_typed]   0.21s type=Manual child_fresh=Nones e2e=Nones streamed_lat 4->4s lag 0->0
  [quotes_typed]   0.25s type=Manual child_fresh=Nones e2e=Nones streamed_lat 4->4s lag 0->0
  [lag] 2026-08-14T02:25:56Z raw=113219565734 behind=4s lag_rows=0
  [quotes_typed]   0.22s type=Manual child_fresh=Nones e2e=Nones streamed_lat 4->4s lag 0->0
  [quotes_daily]   0.22s type=Manual child_fresh=7509s e2e=7513s streamed_lat 4->4s lag 0->0
  [quotes_typed]   0.24s type=Manual child_fresh=Nones e2e=Nones streamed_lat 4->4s lag 0->0
  [quotes_typed]   0.20s type=Manual child_fresh=Nones e2e=Nones streamed_lat 4->4s lag 0->0
  [quotes_typed]   0.23s type=Manual child_fresh=Nones e2e=Nones streamed_lat 4->4s lag 0->0
  [lag] 2026-08-14T02:26:56Z raw=113219565734 behind=4s lag_rows=0
  [quotes_typed]   0.22s type=Manual child_fresh=Nones e2e=Nones streamed_lat 4->4s lag 0->0
  [quotes_daily]   0.23s type=Manual child_fresh=7571s e2e=7575s streamed_lat 4->4s lag 0->0
  [quotes_typed]   0.24s type=Manual child_fresh=Nones e2e=Nones streamed_lat 4->4s lag 0->0
  [quotes_typed]   0.21s type=Manual child_fresh=Nones e2e=Nones streamed_lat 4->4s lag 0->0
  [quotes_typed]   0.19s type=Manual child_fresh=Nones e2e=Nones streamed_lat 4->4s lag 0->0
  [quotes_typed]   0.24s type=Manual child_fresh=Nones e2e=Nones streamed_lat 4->4s lag 0->0
  [lag] 2026-08-14T02:27:56Z raw=113219565734 behind=4s lag_rows=0
  [quotes_typed]   0.28s type=Manual child_fresh=Nones e2e=Nones streamed_lat 4->4s lag 0->0
  [quotes_daily]   0.21s type=Manual child_fresh=7628s e2e=7632s streamed_lat 4->4s lag 0->0
  [quotes_typed]   0.23s type=Manual child_fresh=Nones e2e=Nones streamed_lat 4->4s lag 0->0
  [quotes_typed]   0.21s type=Manual child_fresh=Nones e2e=Nones streamed_lat 4->4s lag 0->0
  [quotes_typed]   0.24s type=Manual child_fresh=Nones e2e=Nones streamed_lat 4->4s lag 0->0
  [quotes_typed]   0.20s type=Manual child_fresh=Nones e2e=Nones streamed_lat 4->4s lag 0->0
  [lag] 2026-08-14T02:28:56Z raw=113219565734 behind=4s lag_rows=0
  [quotes_typed]   0.20s type=Manual child_fresh=Nones e2e=Nones streamed_lat 4->4s lag 0->0
  [quotes_daily]   0.24s type=Manual child_fresh=7690s e2e=7694s streamed_lat 4->4s lag 0->0
  [quotes_typed]   0.19s type=Manual child_fresh=Nones e2e=Nones streamed_lat 4->4s lag 0->0
  [quotes_typed]   0.21s type=Manual child_fresh=Nones e2e=Nones streamed_lat 4->4s lag 0->0
  [quotes_typed]   0.21s type=Manual child_fresh=Nones e2e=Nones streamed_lat 4->4s lag 0->0
  [lag] 2026-08-14T02:29:56Z raw=113219565734 behind=4s lag_rows=0
  [quotes_typed]   0.20s type=Manual child_fresh=Nones e2e=Nones streamed_lat 4->4s lag 0->0
  [quotes_typed]   0.22s type=Manual child_fresh=Nones e2e=Nones streamed_lat 4->4s lag 0->0
  [quotes_daily]   0.23s type=Manual child_fresh=7751s e2e=7755s streamed_lat 4->4s lag 0->0
  [quotes_typed]   0.34s type=Manual child_fresh=Nones e2e=Nones streamed_lat 4->4s lag 0->0
  [quotes_typed]   0.29s type=Manual child_fresh=Nones e2e=Nones streamed_lat 4->4s lag 0->0
  [quotes_typed]   0.21s type=Manual child_fresh=Nones e2e=Nones streamed_lat 4->4s lag 0->0
  [lag] 2026-08-14T02:30:56Z raw=113219565734 behind=4s lag_rows=0
  [quotes_typed]   0.20s type=Manual child_fresh=Nones e2e=Nones streamed_lat 4->4s lag 0->0
  [quotes_daily]   0.22s type=Manual child_fresh=7808s e2e=7812s streamed_lat 4->4s lag 0->0
  [quotes_typed]   0.20s type=Manual child_fresh=Nones e2e=Nones streamed_lat 4->4s lag 0->0
  [quotes_typed]   0.22s type=Manual child_fresh=Nones e2e=Nones streamed_lat 4->4s lag 0->0
  [quotes_typed]   0.21s type=Manual child_fresh=Nones e2e=Nones streamed_lat 4->4s lag 0->0
  [quotes_typed]   0.19s type=Manual child_fresh=Nones e2e=Nones streamed_lat 4->4s lag 0->0
  [lag] 2026-08-14T02:31:56Z raw=113219565734 behind=4s lag_rows=0
  [quotes_typed]   0.22s type=Manual child_fresh=Nones e2e=Nones streamed_lat 4->4s lag 0->0
  [quotes_typed]   0.21s type=Manual child_fresh=Nones e2e=Nones streamed_lat 4->4s lag 0->0
  [quotes_daily]   0.21s type=Manual child_fresh=7872s e2e=7876s streamed_lat 4->4s lag 0->0
  [quotes_typed]   0.20s type=Manual child_fresh=Nones e2e=Nones streamed_lat 4->4s lag 0->0
  [quotes_typed]   0.26s type=Manual child_fresh=Nones e2e=Nones streamed_lat 4->4s lag 0->0
  [quotes_typed]   0.27s type=Manual child_fresh=Nones e2e=Nones streamed_lat 4->4s lag 0->0
  [lag] 2026-08-14T02:32:56Z raw=113219565734 behind=4s lag_rows=0
  [quotes_typed]   0.27s type=Manual child_fresh=Nones e2e=Nones streamed_lat 4->4s lag 0->0
  [quotes_daily]   0.21s type=Manual child_fresh=7934s e2e=7938s streamed_lat 4->4s lag 0->0
  [quotes_typed]   0.22s type=Manual child_fresh=Nones e2e=Nones streamed_lat 4->4s lag 0->0
  [quotes_typed]   0.24s type=Manual child_fresh=Nones e2e=Nones streamed_lat 4->4s lag 0->0
  [quotes_typed]   0.23s type=Manual child_fresh=Nones e2e=Nones streamed_lat 4->4s lag 0->0
  [quotes_typed]   0.21s type=Manual child_fresh=Nones e2e=Nones streamed_lat 4->4s lag 0->0
  [lag] 2026-08-14T02:33:56Z raw=113219565734 behind=4s lag_rows=0
  [quotes_typed]   0.20s type=Manual child_fresh=Nones e2e=Nones streamed_lat 4->4s lag 0->0
  [quotes_daily]   0.22s type=Manual child_fresh=7991s e2e=7995s streamed_lat 4->4s lag 0->0
  [quotes_typed]   0.36s type=Manual child_fresh=Nones e2e=Nones streamed_lat 4->4s lag 0->0
  [quotes_typed]   0.48s type=Manual child_fresh=Nones e2e=Nones streamed_lat 4->4s lag 0->0
  [quotes_typed]   0.22s type=Manual child_fresh=Nones e2e=Nones streamed_lat 4->4s lag 0->0
  [quotes_typed]   0.21s type=Manual child_fresh=Nones e2e=Nones streamed_lat 4->4s lag 0->0
  [lag] 2026-08-14T02:34:56Z raw=113219565734 behind=4s lag_rows=0
  [quotes_typed]   0.21s type=Manual child_fresh=Nones e2e=Nones streamed_lat 4->4s lag 0->0
  [quotes_daily]   0.22s type=Manual child_fresh=8051s e2e=8055s streamed_lat 4->4s lag 0->0
  [quotes_typed]   0.28s type=Manual child_fresh=Nones e2e=Nones streamed_lat 4->4s lag 0->0
  [quotes_typed]   0.19s type=Manual child_fresh=Nones e2e=Nones streamed_lat 4->4s lag 0->0
  [quotes_typed]   0.20s type=Manual child_fresh=Nones e2e=Nones streamed_lat 4->4s lag 0->0
  [quotes_typed]   0.23s type=Manual child_fresh=Nones e2e=Nones streamed_lat 4->4s lag 0->0
  [lag] 2026-08-14T02:35:56Z raw=113219565734 behind=4s lag_rows=0
  [quotes_typed]   0.22s type=Manual child_fresh=Nones e2e=Nones streamed_lat 4->4s lag 0->0
  [quotes_daily]   0.23s type=Manual child_fresh=8111s e2e=8115s streamed_lat 4->4s lag 0->0
  [quotes_typed]   0.23s type=Manual child_fresh=Nones e2e=Nones streamed_lat 4->4s lag 0->0
  [quotes_typed]   0.19s type=Manual child_fresh=Nones e2e=Nones streamed_lat 4->4s lag 0->0
  [quotes_typed]   0.22s type=Manual child_fresh=Nones e2e=Nones streamed_lat 4->4s lag 0->0
  [lag] 2026-08-14T02:36:56Z raw=113219565734 behind=4s lag_rows=0
  [quotes_typed]   0.19s type=Manual child_fresh=Nones e2e=Nones streamed_lat 4->4s lag 0->0
  [quotes_daily]   0.23s type=Manual child_fresh=8168s e2e=8172s streamed_lat 4->4s lag 0->0
  [quotes_typed]   0.20s type=Manual child_fresh=Nones e2e=Nones streamed_lat 4->4s lag 0->0
  [quotes_typed]   0.22s type=Manual child_fresh=Nones e2e=Nones streamed_lat 4->4s lag 0->0
  [quotes_typed]   0.22s type=Manual child_fresh=Nones e2e=Nones streamed_lat 4->4s lag 0->0
  [quotes_typed]   0.21s type=Manual child_fresh=Nones e2e=Nones streamed_lat 4->4s lag 0->0
  [lag] 2026-08-14T02:37:56Z raw=113219565734 behind=4s lag_rows=0
  [quotes_typed]   0.19s type=Manual child_fresh=Nones e2e=Nones streamed_lat 4->4s lag 0->0
  [quotes_daily]   0.28s type=Manual child_fresh=8233s e2e=8237s streamed_lat 4->4s lag 0->0
  [quotes_typed]   0.22s type=Manual child_fresh=Nones e2e=Nones streamed_lat 4->4s lag 0->0
  [quotes_typed]   0.21s type=Manual child_fresh=Nones e2e=Nones streamed_lat 4->4s lag 0->0
  [quotes_typed]   0.19s type=Manual child_fresh=Nones e2e=Nones streamed_lat 4->4s lag 0->0
  [lag] 2026-08-14T02:38:56Z raw=113219565734 behind=4s lag_rows=0
  [quotes_typed]   0.18s type=Manual child_fresh=Nones e2e=Nones streamed_lat 4->4s lag 0->0
  [quotes_daily]   0.27s type=Manual child_fresh=8290s e2e=8294s streamed_lat 4->4s lag 0->0
  [quotes_typed]   1.24s type=Manual child_fresh=Nones e2e=Nones streamed_lat 4->4s lag 0->0
  [quotes_typed]   0.21s type=Manual child_fresh=Nones e2e=Nones streamed_lat 4->4s lag 0->0
  [quotes_typed]   0.21s type=Manual child_fresh=Nones e2e=Nones streamed_lat 4->4s lag 0->0
  [quotes_typed]   0.21s type=Manual child_fresh=Nones e2e=Nones streamed_lat 4->4s lag 0->0
  [lag] 2026-08-14T02:39:56Z raw=113219565734 behind=4s lag_rows=0
  [quotes_typed]   0.23s type=Manual child_fresh=Nones e2e=Nones streamed_lat 4->4s lag 0->0
  [quotes_daily]   0.27s type=Manual child_fresh=8351s e2e=8355s streamed_lat 4->4s lag 0->0
  [quotes_typed]   0.20s type=Manual child_fresh=Nones e2e=Nones streamed_lat 4->4s lag 0->0
  [quotes_typed]   0.23s type=Manual child_fresh=Nones e2e=Nones streamed_lat 4->4s lag 0->0
  [quotes_typed]   0.20s type=Manual child_fresh=Nones e2e=Nones streamed_lat 4->4s lag 0->0
  [lag] 2026-08-14T02:40:56Z raw=113219565734 behind=4s lag_rows=0
  [quotes_typed]   0.20s type=Manual child_fresh=Nones e2e=Nones streamed_lat 4->4s lag 0->0
  [quotes_typed]   0.24s type=Manual child_fresh=Nones e2e=Nones streamed_lat 4->4s lag 0->0
  [quotes_daily]   0.20s type=Manual child_fresh=8413s e2e=8417s streamed_lat 4->4s lag 0->0
  [quotes_typed]   0.21s type=Manual child_fresh=Nones e2e=Nones streamed_lat 4->4s lag 0->0
  [quotes_typed]   0.23s type=Manual child_fresh=Nones e2e=Nones streamed_lat 4->4s lag 0->0
  [quotes_typed]   0.21s type=Manual child_fresh=Nones e2e=Nones streamed_lat 4->4s lag 0->0
  [lag] 2026-08-14T02:41:56Z raw=113219565734 behind=4s lag_rows=0
  [quotes_typed]   0.26s type=Manual child_fresh=Nones e2e=Nones streamed_lat 4->4s lag 0->0
  [quotes_daily]   0.20s type=Manual child_fresh=8473s e2e=8477s streamed_lat 4->4s lag 0->0
  [quotes_typed]   0.26s type=Manual child_fresh=Nones e2e=Nones streamed_lat 4->4s lag 0->0
  [quotes_typed]   0.26s type=Manual child_fresh=Nones e2e=Nones streamed_lat 4->4s lag 0->0
  [quotes_typed]   0.18s type=Manual child_fresh=Nones e2e=Nones streamed_lat 4->4s lag 0->0
  [quotes_typed]   0.30s type=Manual child_fresh=Nones e2e=Nones streamed_lat 4->4s lag 0->0
  [lag] 2026-08-14T02:42:56Z raw=113219565734 behind=4s lag_rows=0
  [quotes_typed]   0.24s type=Manual child_fresh=Nones e2e=Nones streamed_lat 4->4s lag 0->0
  [quotes_daily]   0.23s type=Manual child_fresh=8529s e2e=8533s streamed_lat 4->4s lag 0->0
  [quotes_typed]   0.23s type=Manual child_fresh=Nones e2e=Nones streamed_lat 4->4s lag 0->0
  [quotes_typed]   0.21s type=Manual child_fresh=Nones e2e=Nones streamed_lat 4->4s lag 0->0
  [quotes_typed]   0.21s type=Manual child_fresh=Nones e2e=Nones streamed_lat 4->4s lag 0->0
  [quotes_typed]   0.20s type=Manual child_fresh=Nones e2e=Nones streamed_lat 4->4s lag 0->0
  [lag] 2026-08-14T02:43:56Z raw=113219565734 behind=4s lag_rows=0
  [quotes_typed]   0.23s type=Manual child_fresh=Nones e2e=Nones streamed_lat 4->4s lag 0->0
  [quotes_daily]   0.21s type=Manual child_fresh=8589s e2e=8593s streamed_lat 4->4s lag 0->0
  [quotes_typed]   0.21s type=Manual child_fresh=Nones e2e=Nones streamed_lat 4->4s lag 0->0
  [quotes_typed]   0.21s type=Manual child_fresh=Nones e2e=Nones streamed_lat 4->4s lag 0->0
  [quotes_typed]   0.20s type=Manual child_fresh=Nones e2e=Nones streamed_lat 4->4s lag 0->0
  [quotes_typed]   0.21s type=Manual child_fresh=Nones e2e=Nones streamed_lat 4->4s lag 0->0
  [lag] 2026-08-14T02:44:56Z raw=113219565734 behind=4s lag_rows=0
  [quotes_typed]   0.26s type=Manual child_fresh=Nones e2e=Nones streamed_lat 4->4s lag 0->0
  [quotes_daily]   0.24s type=Manual child_fresh=8648s e2e=8652s streamed_lat 4->4s lag 0->0
  [quotes_typed]   0.26s type=Manual child_fresh=Nones e2e=Nones streamed_lat 4->4s lag 0->0
  [quotes_typed]   0.21s type=Manual child_fresh=Nones e2e=Nones streamed_lat 4->4s lag 0->0
  [quotes_typed]   0.20s type=Manual child_fresh=Nones e2e=Nones streamed_lat 4->4s lag 0->0
  [quotes_typed]   0.20s type=Manual child_fresh=Nones e2e=Nones streamed_lat 4->4s lag 0->0
  [lag] 2026-08-14T02:45:56Z raw=113219565734 behind=4s lag_rows=0
  [quotes_typed]   0.22s type=Manual child_fresh=Nones e2e=Nones streamed_lat 4->4s lag 0->0
  [quotes_daily]   0.24s type=Manual child_fresh=8709s e2e=8713s streamed_lat 4->4s lag 0->0
  [quotes_typed]   0.23s type=Manual child_fresh=Nones e2e=Nones streamed_lat 4->4s lag 0->0
  [quotes_typed]   0.21s type=Manual child_fresh=Nones e2e=Nones streamed_lat 4->4s lag 0->0
  [quotes_typed]   0.23s type=Manual child_fresh=Nones e2e=Nones streamed_lat 4->4s lag 0->0
  [quotes_typed]   0.23s type=Manual child_fresh=Nones e2e=Nones streamed_lat 4->4s lag 0->0
  [lag] 2026-08-14T02:46:56Z raw=113219565734 behind=4s lag_rows=0
  [quotes_typed]   0.21s type=Manual child_fresh=Nones e2e=Nones streamed_lat 4->4s lag 0->0
  [quotes_daily]   0.22s type=Manual child_fresh=8769s e2e=8773s streamed_lat 4->4s lag 0->0
  [quotes_typed]   0.22s type=Manual child_fresh=Nones e2e=Nones streamed_lat 4->4s lag 0->0
  [quotes_typed]   0.55s type=Manual child_fresh=Nones e2e=Nones streamed_lat 4->4s lag 0->0
  [quotes_typed]   0.22s type=Manual child_fresh=Nones e2e=Nones streamed_lat 4->4s lag 0->0
  [quotes_typed]   0.20s type=Manual child_fresh=Nones e2e=Nones streamed_lat 4->4s lag 0->0
  [lag] 2026-08-14T02:47:56Z raw=113219565734 behind=4s lag_rows=0
  [quotes_typed]   0.23s type=Manual child_fresh=Nones e2e=Nones streamed_lat 4->4s lag 0->0
  [quotes_daily]   0.22s type=Manual child_fresh=8831s e2e=8835s streamed_lat 4->4s lag 0->0
  [quotes_typed]   0.19s type=Manual child_fresh=Nones e2e=Nones streamed_lat 4->4s lag 0->0
  [quotes_typed]   0.19s type=Manual child_fresh=Nones e2e=Nones streamed_lat 4->4s lag 0->0
  [quotes_typed]   0.22s type=Manual child_fresh=Nones e2e=Nones streamed_lat 4->4s lag 0->0
  [quotes_typed]   0.20s type=Manual child_fresh=Nones e2e=Nones streamed_lat 4->4s lag 0->0
  [lag] 2026-08-14T02:48:56Z raw=113219565734 behind=4s lag_rows=0
  [quotes_typed]   0.24s type=Manual child_fresh=Nones e2e=Nones streamed_lat 4->4s lag 0->0
  [quotes_daily]   0.23s type=Manual child_fresh=8891s e2e=8895s streamed_lat 4->4s lag 0->0
  [quotes_typed]   0.25s type=Manual child_fresh=Nones e2e=Nones streamed_lat 4->4s lag 0->0
  [quotes_typed]   0.23s type=Manual child_fresh=Nones e2e=Nones streamed_lat 4->4s lag 0->0
  [quotes_typed]   0.20s type=Manual child_fresh=Nones e2e=Nones streamed_lat 4->4s lag 0->0
  [lag] 2026-08-14T02:49:56Z raw=113219565734 behind=4s lag_rows=0
  [quotes_typed]   0.21s type=Manual child_fresh=Nones e2e=Nones streamed_lat 4->4s lag 0->0
  [quotes_daily]   0.22s type=Manual child_fresh=8949s e2e=8953s streamed_lat 4->4s lag 0->0
  [quotes_typed]   0.21s type=Manual child_fresh=Nones e2e=Nones streamed_lat 4->4s lag 0->0
  [quotes_typed]   0.20s type=Manual child_fresh=Nones e2e=Nones streamed_lat 4->4s lag 0->0
  [quotes_typed]   0.19s type=Manual child_fresh=Nones e2e=Nones streamed_lat 4->4s lag 0->0
  [quotes_typed]   0.30s type=Manual child_fresh=Nones e2e=Nones streamed_lat 4->4s lag 0->0
  [lag] 2026-08-14T02:50:56Z raw=113219565734 behind=4s lag_rows=0
  [quotes_typed]   0.20s type=Manual child_fresh=Nones e2e=Nones streamed_lat 4->4s lag 0->0
  [quotes_daily]   0.20s type=Manual child_fresh=9011s e2e=9015s streamed_lat 4->4s lag 0->0
  [quotes_typed]   0.19s type=Manual child_fresh=Nones e2e=Nones streamed_lat 4->4s lag 0->0
  [quotes_typed]   0.21s type=Manual child_fresh=Nones e2e=Nones streamed_lat 4->4s lag 0->0
  [quotes_typed]   0.19s type=Manual child_fresh=Nones e2e=Nones streamed_lat 4->4s lag 0->0
  [quotes_typed]   0.21s type=Manual child_fresh=Nones e2e=Nones streamed_lat 4->4s lag 0->0
  [lag] 2026-08-14T02:51:56Z raw=113219565734 behind=4s lag_rows=0
  [quotes_typed]   0.25s type=Manual child_fresh=Nones e2e=Nones streamed_lat 4->4s lag 0->0
  [quotes_daily]   0.23s type=Manual child_fresh=9074s e2e=9078s streamed_lat 4->4s lag 0->0
  [quotes_typed]   0.17s type=Manual child_fresh=Nones e2e=Nones streamed_lat 4->4s lag 0->0
  [quotes_typed]   0.20s type=Manual child_fresh=Nones e2e=Nones streamed_lat 4->4s lag 0->0
  [quotes_typed]   0.22s type=Manual child_fresh=Nones e2e=Nones streamed_lat 4->4s lag 0->0
  [lag] 2026-08-14T02:52:56Z raw=113219565734 behind=4s lag_rows=0
  [quotes_typed]   0.20s type=Manual child_fresh=Nones e2e=Nones streamed_lat 4->4s lag 0->0
  [quotes_daily]   0.22s type=Manual child_fresh=9131s e2e=9135s streamed_lat 4->4s lag 0->0
  [quotes_typed]   0.22s type=Manual child_fresh=Nones e2e=Nones streamed_lat 4->4s lag 0->0
  [quotes_typed]   0.24s type=Manual child_fresh=Nones e2e=Nones streamed_lat 4->4s lag 0->0
  [quotes_typed]   0.21s type=Manual child_fresh=Nones e2e=Nones streamed_lat 4->4s lag 0->0
  [quotes_typed]   0.22s type=Manual child_fresh=Nones e2e=Nones streamed_lat 4->4s lag 0->0
  [lag] 2026-08-14T02:53:56Z raw=113219565734 behind=4s lag_rows=0
  [quotes_typed]   0.20s type=Manual child_fresh=Nones e2e=Nones streamed_lat 4->4s lag 0->0
  [quotes_daily]   0.17s type=Manual child_fresh=9194s e2e=9198s streamed_lat 4->4s lag 0->0
  [quotes_typed]   0.21s type=Manual child_fresh=Nones e2e=Nones streamed_lat 4->4s lag 0->0
  [quotes_typed]   0.21s type=Manual child_fresh=Nones e2e=Nones streamed_lat 4->4s lag 0->0
  [quotes_typed]   0.20s type=Manual child_fresh=Nones e2e=Nones streamed_lat 4->4s lag 0->0
  [lag] 2026-08-14T02:54:56Z raw=113219565734 behind=4s lag_rows=0
  [quotes_typed]   0.20s type=Manual child_fresh=Nones e2e=Nones streamed_lat 4->4s lag 0->0
  [quotes_daily]   0.21s type=Manual child_fresh=9249s e2e=9253s streamed_lat 4->4s lag 0->0
  [quotes_typed]   0.33s type=Manual child_fresh=Nones e2e=Nones streamed_lat 4->4s lag 0->0
  [quotes_typed]   0.20s type=Manual child_fresh=Nones e2e=Nones streamed_lat 4->4s lag 0->0
  [quotes_typed]   0.19s type=Manual child_fresh=Nones e2e=Nones streamed_lat 4->4s lag 0->0
  [quotes_typed]   0.20s type=Manual child_fresh=Nones e2e=Nones streamed_lat 4->4s lag 0->0
  [lag] 2026-08-14T02:55:56Z raw=113219565734 behind=4s lag_rows=0
  [quotes_typed]   0.21s type=Manual child_fresh=Nones e2e=Nones streamed_lat 4->4s lag 0->0
  [quotes_daily]   0.21s type=Manual child_fresh=9311s e2e=9315s streamed_lat 4->4s lag 0->0
  [quotes_typed]   0.21s type=Manual child_fresh=Nones e2e=Nones streamed_lat 4->4s lag 0->0
  [quotes_typed]   0.19s type=Manual child_fresh=Nones e2e=Nones streamed_lat 4->4s lag 0->0
  [quotes_typed]   0.26s type=Manual child_fresh=Nones e2e=Nones streamed_lat 4->4s lag 0->0
  [lag] 2026-08-14T02:56:56Z raw=113219565734 behind=4s lag_rows=0
  [quotes_typed]   0.21s type=Manual child_fresh=Nones e2e=Nones streamed_lat 4->4s lag 0->0
  [quotes_typed]   0.20s type=Manual child_fresh=Nones e2e=Nones streamed_lat 4->4s lag 0->0
  [quotes_daily]   0.23s type=Manual child_fresh=9371s e2e=9375s streamed_lat 4->4s lag 0->0
  [quotes_typed]   0.25s type=Manual child_fresh=Nones e2e=Nones streamed_lat 4->4s lag 0->0
  [quotes_typed]   0.20s type=Manual child_fresh=Nones e2e=Nones streamed_lat 4->4s lag 0->0
  [quotes_typed]   0.20s type=Manual child_fresh=Nones e2e=Nones streamed_lat 4->4s lag 0->0
  [lag] 2026-08-14T02:57:56Z raw=113219565734 behind=4s lag_rows=0
  [quotes_typed]   0.21s type=Manual child_fresh=Nones e2e=Nones streamed_lat 4->4s lag 0->0
  [quotes_daily]   0.18s type=Manual child_fresh=9429s e2e=9433s streamed_lat 4->4s lag 0->0
  [quotes_typed]   0.22s type=Manual child_fresh=Nones e2e=Nones streamed_lat 4->4s lag 0->0
  [quotes_typed]   0.21s type=Manual child_fresh=Nones e2e=Nones streamed_lat 4->4s lag 0->0
  [quotes_typed]   0.34s type=Manual child_fresh=Nones e2e=Nones streamed_lat 4->4s lag 0->0
  [quotes_typed]   0.22s type=Manual child_fresh=Nones e2e=Nones streamed_lat 4->4s lag 0->0
  [lag] 2026-08-14T02:58:56Z raw=113219565734 behind=4s lag_rows=0
  [quotes_typed]   0.21s type=Manual child_fresh=Nones e2e=Nones streamed_lat 4->4s lag 0->0
  [quotes_daily]   0.22s type=Manual child_fresh=9489s e2e=9493s streamed_lat 4->4s lag 0->0
  [quotes_typed]   0.21s type=Manual child_fresh=Nones e2e=Nones streamed_lat 4->4s lag 0->0
  [quotes_typed]   0.22s type=Manual child_fresh=Nones e2e=Nones streamed_lat 4->4s lag 0->0
  [quotes_typed]   0.26s type=Manual child_fresh=Nones e2e=Nones streamed_lat 4->4s lag 0->0
  [quotes_typed]   0.22s type=Manual child_fresh=Nones e2e=Nones streamed_lat 4->4s lag 0->0
  [lag] 2026-08-14T02:59:56Z raw=113219565734 behind=4s lag_rows=0
  [quotes_typed]   0.26s type=Manual child_fresh=Nones e2e=Nones streamed_lat 4->4s lag 0->0
  [quotes_daily]   0.20s type=Manual child_fresh=9551s e2e=9555s streamed_lat 4->4s lag 0->0
  [quotes_typed]   0.21s type=Manual child_fresh=Nones e2e=Nones streamed_lat 4->4s lag 0->0
  [quotes_typed]   0.23s type=Manual child_fresh=Nones e2e=Nones streamed_lat 4->4s lag 0->0
  [quotes_typed]   0.25s type=Manual child_fresh=Nones e2e=Nones streamed_lat 4->4s lag 0->0
  [lag] 2026-08-14T03:00:56Z raw=113219565734 behind=4s lag_rows=0
  [quotes_typed]   0.24s type=Manual child_fresh=Nones e2e=Nones streamed_lat 4->4s lag 0->0
  [quotes_daily]   0.23s type=Manual child_fresh=9608s e2e=9612s streamed_lat 4->4s lag 0->0
  [quotes_typed]   0.22s type=Manual child_fresh=Nones e2e=Nones streamed_lat 4->4s lag 0->0
  [quotes_typed]   0.21s type=Manual child_fresh=Nones e2e=Nones streamed_lat 4->4s lag 0->0
  [quotes_typed]   0.20s type=Manual child_fresh=Nones e2e=Nones streamed_lat 4->4s lag 0->0
  [quotes_typed]   0.23s type=Manual child_fresh=Nones e2e=Nones streamed_lat 4->4s lag 0->0
  [lag] 2026-08-14T03:01:56Z raw=113219565734 behind=4s lag_rows=0
  [quotes_daily]   0.21s type=Manual child_fresh=9671s e2e=9675s streamed_lat 4->4s lag 0->0
  [quotes_typed]   0.25s type=Manual child_fresh=Nones e2e=Nones streamed_lat 4->4s lag 0->0
  [quotes_typed]   0.24s type=Manual child_fresh=Nones e2e=Nones streamed_lat 4->4s lag 0->0
  [quotes_typed]   0.27s type=Manual child_fresh=Nones e2e=Nones streamed_lat 4->4s lag 0->0
  [quotes_typed]   0.23s type=Manual child_fresh=Nones e2e=Nones streamed_lat 4->4s lag 0->0
  [lag] 2026-08-14T03:02:56Z raw=113219565734 behind=4s lag_rows=0
  [quotes_typed]   0.21s type=Manual child_fresh=Nones e2e=Nones streamed_lat 4->4s lag 0->0
  [quotes_daily]   0.25s type=Manual child_fresh=9728s e2e=9732s streamed_lat 4->4s lag 0->0
  [quotes_typed]   0.30s type=Manual child_fresh=Nones e2e=Nones streamed_lat 4->4s lag 0->0
  [quotes_typed]   0.22s type=Manual child_fresh=Nones e2e=Nones streamed_lat 4->4s lag 0->0
  [quotes_typed]   0.20s type=Manual child_fresh=Nones e2e=Nones streamed_lat 4->4s lag 0->0
  [quotes_typed]   0.19s type=Manual child_fresh=Nones e2e=Nones streamed_lat 4->4s lag 0->0
  [lag] 2026-08-14T03:03:56Z raw=113219565734 behind=4s lag_rows=0
  [quotes_typed]   0.20s type=Manual child_fresh=Nones e2e=Nones streamed_lat 4->4s lag 0->0
  [quotes_daily]   0.22s type=Manual child_fresh=9794s e2e=9798s streamed_lat 4->4s lag 0->0
  [quotes_typed]   0.19s type=Manual child_fresh=Nones e2e=Nones streamed_lat 4->4s lag 0->0
  [quotes_typed]   0.23s type=Manual child_fresh=Nones e2e=Nones streamed_lat 4->4s lag 0->0
  [quotes_typed]   0.24s type=Manual child_fresh=Nones e2e=Nones streamed_lat 4->4s lag 0->0
  [lag] 2026-08-14T03:04:56Z raw=113219565734 behind=4s lag_rows=0
  [quotes_typed]   0.26s type=Manual child_fresh=Nones e2e=Nones streamed_lat 4->4s lag 0->0
  [quotes_typed]   0.20s type=Manual child_fresh=Nones e2e=Nones streamed_lat 4->4s lag 0->0
  [quotes_daily]   0.22s type=Manual child_fresh=9852s e2e=9856s streamed_lat 4->4s lag 0->0
  [quotes_typed]   0.22s type=Manual child_fresh=Nones e2e=Nones streamed_lat 4->4s lag 0->0
  [quotes_typed]   0.23s type=Manual child_fresh=Nones e2e=Nones streamed_lat 4->4s lag 0->0
  [quotes_typed]   0.21s type=Manual child_fresh=Nones e2e=Nones streamed_lat 4->4s lag 0->0
  [lag] 2026-08-14T03:05:56Z raw=113219565734 behind=4s lag_rows=0
  [quotes_typed]   0.26s type=Manual child_fresh=Nones e2e=Nones streamed_lat 4->4s lag 0->0
  [quotes_daily]   0.21s type=Manual child_fresh=9910s e2e=9914s streamed_lat 4->4s lag 0->0
  [quotes_typed]   0.24s type=Manual child_fresh=Nones e2e=Nones streamed_lat 4->4s lag 0->0
  [quotes_typed]   0.20s type=Manual child_fresh=Nones e2e=Nones streamed_lat 4->4s lag 0->0
  [quotes_typed]   0.26s type=Manual child_fresh=Nones e2e=Nones streamed_lat 4->4s lag 0->0
  [quotes_typed]   0.23s type=Manual child_fresh=Nones e2e=Nones streamed_lat 4->4s lag 0->0
  [lag] 2026-08-14T03:06:56Z raw=113219565734 behind=4s lag_rows=0
  [quotes_typed]   0.25s type=Manual child_fresh=Nones e2e=Nones streamed_lat 4->4s lag 0->0
  [quotes_daily]   0.21s type=Manual child_fresh=9971s e2e=9975s streamed_lat 4->4s lag 0->0
  [quotes_typed]   0.23s type=Manual child_fresh=Nones e2e=Nones streamed_lat 4->4s lag 0->0
  [quotes_typed]   0.21s type=Manual child_fresh=Nones e2e=Nones streamed_lat 4->4s lag 0->0
  [quotes_typed]   0.23s type=Manual child_fresh=Nones e2e=Nones streamed_lat 4->4s lag 0->0
  [quotes_typed]   0.21s type=Manual child_fresh=Nones e2e=Nones streamed_lat 4->4s lag 0->0
  [lag] 2026-08-14T03:07:56Z raw=113219565734 behind=4s lag_rows=0
  [quotes_typed]   0.21s type=Manual child_fresh=Nones e2e=Nones streamed_lat 4->4s lag 0->0
  [quotes_daily]   0.21s type=Manual child_fresh=10031s e2e=10035s streamed_lat 4->4s lag 0->0
  [quotes_typed]   0.22s type=Manual child_fresh=Nones e2e=Nones streamed_lat 4->4s lag 0->0
  [quotes_typed]   0.21s type=Manual child_fresh=Nones e2e=Nones streamed_lat 4->4s lag 0->0
  [quotes_typed]   0.24s type=Manual child_fresh=Nones e2e=Nones streamed_lat 4->4s lag 0->0
  [lag] 2026-08-14T03:08:56Z raw=113219565734 behind=4s lag_rows=0
  [quotes_typed]   0.26s type=Manual child_fresh=Nones e2e=Nones streamed_lat 4->4s lag 0->0
  [quotes_typed]   0.20s type=Manual child_fresh=Nones e2e=Nones streamed_lat 4->4s lag 0->0
  [quotes_daily]   0.23s type=Manual child_fresh=10108s e2e=10112s streamed_lat 4->4s lag 0->0
  [quotes_typed]   0.20s type=Manual child_fresh=Nones e2e=Nones streamed_lat 4->4s lag 0->0
  [quotes_typed]   0.25s type=Manual child_fresh=Nones e2e=Nones streamed_lat 4->4s lag 0->0
  [lag] 2026-08-14T03:09:56Z raw=113219565734 behind=4s lag_rows=0
  [quotes_typed]   0.26s type=Manual child_fresh=Nones e2e=Nones streamed_lat 4->4s lag 0->0
  [quotes_daily]   0.19s type=Manual child_fresh=10148s e2e=10152s streamed_lat 4->4s lag 0->0
  [quotes_typed]   0.23s type=Manual child_fresh=Nones e2e=Nones streamed_lat 4->4s lag 0->0
  [quotes_typed]   0.20s type=Manual child_fresh=Nones e2e=Nones streamed_lat 4->4s lag 0->0
  [quotes_typed]   0.22s type=Manual child_fresh=Nones e2e=Nones streamed_lat 4->4s lag 0->0
  [lag] 2026-08-14T03:10:56Z raw=113219565734 behind=4s lag_rows=0
  [quotes_typed]   0.21s type=Manual child_fresh=Nones e2e=Nones streamed_lat 4->4s lag 0->0
  [quotes_typed]   0.20s type=Manual child_fresh=Nones e2e=Nones streamed_lat 4->4s lag 0->0
  [quotes_daily]   0.22s type=Manual child_fresh=10214s e2e=10218s streamed_lat 4->4s lag 0->0
  [quotes_typed]   0.19s type=Manual child_fresh=Nones e2e=Nones streamed_lat 4->4s lag 0->0
  [quotes_typed]   0.20s type=Manual child_fresh=Nones e2e=Nones streamed_lat 4->4s lag 0->0
  [quotes_typed]   0.21s type=Manual child_fresh=Nones e2e=Nones streamed_lat 4->4s lag 0->0
  [lag] 2026-08-14T03:11:56Z raw=113219565734 behind=4s lag_rows=0
  [quotes_typed]   0.17s type=Manual child_fresh=Nones e2e=Nones streamed_lat 4->4s lag 0->0
  [quotes_daily]   0.35s type=Manual child_fresh=10270s e2e=10274s streamed_lat 4->4s lag 0->0
  [quotes_typed]   0.26s type=Manual child_fresh=Nones e2e=Nones streamed_lat 4->4s lag 0->0
  [quotes_typed]   0.20s type=Manual child_fresh=Nones e2e=Nones streamed_lat 4->4s lag 0->0
  [quotes_typed]   0.21s type=Manual child_fresh=Nones e2e=Nones streamed_lat 4->4s lag 0->0
  [quotes_typed]   0.20s type=Manual child_fresh=Nones e2e=Nones streamed_lat 4->4s lag 0->0
  [lag] 2026-08-14T03:12:56Z raw=113219565734 behind=4s lag_rows=0
  [quotes_typed]   0.21s type=Manual child_fresh=Nones e2e=Nones streamed_lat 4->4s lag 0->0
  [quotes_daily]   0.28s type=Manual child_fresh=10332s e2e=10336s streamed_lat 4->4s lag 0->0
  [quotes_typed]   0.22s type=Manual child_fresh=Nones e2e=Nones streamed_lat 4->4s lag 0->0
  [quotes_typed]   0.21s type=Manual child_fresh=Nones e2e=Nones streamed_lat 4->4s lag 0->0
  [quotes_typed]   0.95s type=Manual child_fresh=Nones e2e=Nones streamed_lat 4->4s lag 0->0
  [quotes_typed]   0.24s type=Manual child_fresh=Nones e2e=Nones streamed_lat 4->4s lag 0->0
  [lag] 2026-08-14T03:13:56Z raw=113219565734 behind=4s lag_rows=0
  [quotes_typed]   0.23s type=Manual child_fresh=Nones e2e=Nones streamed_lat 4->4s lag 0->0
  [quotes_daily]   0.79s type=Manual child_fresh=10393s e2e=10397s streamed_lat 4->4s lag 0->0
  [quotes_typed]   0.36s type=Manual child_fresh=Nones e2e=Nones streamed_lat 4->4s lag 0->0
  [quotes_typed]   0.20s type=Manual child_fresh=Nones e2e=Nones streamed_lat 4->4s lag 0->0
  [quotes_typed]   0.24s type=Manual child_fresh=Nones e2e=Nones streamed_lat 4->4s lag 0->0
  [lag] 2026-08-14T03:14:56Z raw=113219565734 behind=4s lag_rows=0
  [quotes_typed]   0.23s type=Manual child_fresh=Nones e2e=Nones streamed_lat 4->4s lag 0->0
  [quotes_daily]   0.21s type=Manual child_fresh=10448s e2e=10452s streamed_lat 4->4s lag 0->0
  [quotes_typed]   0.23s type=Manual child_fresh=Nones e2e=Nones streamed_lat 4->4s lag 0->0
  [quotes_typed]   0.32s type=Manual child_fresh=Nones e2e=Nones streamed_lat 4->4s lag 0->0
  [quotes_typed]   0.22s type=Manual child_fresh=Nones e2e=Nones streamed_lat 4->4s lag 0->0
  [quotes_typed]   0.22s type=Manual child_fresh=Nones e2e=Nones streamed_lat 4->4s lag 0->0
  [lag] 2026-08-14T03:15:56Z raw=113219565734 behind=4s lag_rows=0
  [quotes_typed]   0.23s type=Manual child_fresh=Nones e2e=Nones streamed_lat 4->4s lag 0->0
  [quotes_daily]   0.19s type=Manual child_fresh=10511s e2e=10515s streamed_lat 4->4s lag 0->0
  [quotes_typed]   0.21s type=Manual child_fresh=Nones e2e=Nones streamed_lat 4->4s lag 0->0
  [quotes_typed]   0.22s type=Manual child_fresh=Nones e2e=Nones streamed_lat 4->4s lag 0->0
  [quotes_typed]   0.21s type=Manual child_fresh=Nones e2e=Nones streamed_lat 4->4s lag 0->0
  [quotes_typed]   0.22s type=Manual child_fresh=Nones e2e=Nones streamed_lat 4->4s lag 0->0
  [lag] 2026-08-14T03:16:56Z raw=113219565734 behind=4s lag_rows=0
  [quotes_typed]   0.20s type=Manual child_fresh=Nones e2e=Nones streamed_lat 4->4s lag 0->0
  [quotes_daily]   0.20s type=Manual child_fresh=10574s e2e=10578s streamed_lat 4->4s lag 0->0
  [quotes_typed]   0.21s type=Manual child_fresh=Nones e2e=Nones streamed_lat 4->4s lag 0->0
  [quotes_typed]   0.19s type=Manual child_fresh=Nones e2e=Nones streamed_lat 4->4s lag 0->0
  [quotes_typed]   0.26s type=Manual child_fresh=Nones e2e=Nones streamed_lat 4->4s lag 0->0
  [quotes_typed]   0.21s type=Manual child_fresh=Nones e2e=Nones streamed_lat 4->4s lag 0->0
  [lag] 2026-08-14T03:17:56Z raw=113219565734 behind=4s lag_rows=0
  [quotes_typed]   0.22s type=Manual child_fresh=Nones e2e=Nones streamed_lat 4->4s lag 0->0
  [quotes_daily]   1.23s type=Manual child_fresh=10634s e2e=10638s streamed_lat 4->4s lag 0->0
  [quotes_typed]   0.20s type=Manual child_fresh=Nones e2e=Nones streamed_lat 4->4s lag 0->0
  [quotes_typed]   0.27s type=Manual child_fresh=Nones e2e=Nones streamed_lat 4->4s lag 0->0
  [quotes_typed]   0.20s type=Manual child_fresh=Nones e2e=Nones streamed_lat 4->4s lag 0->0
  [lag] 2026-08-14T03:18:56Z raw=113219565734 behind=4s lag_rows=0
  [quotes_typed]   0.24s type=Manual child_fresh=Nones e2e=Nones streamed_lat 4->4s lag 0->0
  [quotes_typed]   0.19s type=Manual child_fresh=Nones e2e=Nones streamed_lat 4->4s lag 0->0
  [quotes_daily]   0.23s type=Manual child_fresh=10694s e2e=10698s streamed_lat 4->4s lag 0->0
  [quotes_typed]   0.22s type=Manual child_fresh=Nones e2e=Nones streamed_lat 4->4s lag 0->0
  [quotes_typed]   0.26s type=Manual child_fresh=Nones e2e=Nones streamed_lat 4->4s lag 0->0
  [quotes_typed]   0.21s type=Manual child_fresh=Nones e2e=Nones streamed_lat 4->4s lag 0->0
  [lag] 2026-08-14T03:19:56Z raw=113219565734 behind=4s lag_rows=0
  [quotes_typed]   0.21s type=Manual child_fresh=Nones e2e=Nones streamed_lat 4->4s lag 0->0
  [quotes_daily]   0.24s type=Manual child_fresh=10751s e2e=10755s streamed_lat 4->4s lag 0->0
  [quotes_typed]   0.31s type=Manual child_fresh=Nones e2e=Nones streamed_lat 4->4s lag 0->0
  [quotes_typed]   0.24s type=Manual child_fresh=Nones e2e=Nones streamed_lat 4->4s lag 0->0
  [quotes_typed]   0.21s type=Manual child_fresh=Nones e2e=Nones streamed_lat 4->4s lag 0->0
  [quotes_typed]   0.19s type=Manual child_fresh=Nones e2e=Nones streamed_lat 4->4s lag 0->0
  [lag] 2026-08-14T03:20:56Z raw=113219565734 behind=4s lag_rows=0
  [quotes_typed]   0.19s type=Manual child_fresh=Nones e2e=Nones streamed_lat 4->4s lag 0->0
  [quotes_daily]   0.23s type=Manual child_fresh=10811s e2e=10815s streamed_lat 4->4s lag 0->0
  [quotes_typed]   0.24s type=Manual child_fresh=Nones e2e=Nones streamed_lat 4->4s lag 0->0
  [quotes_typed]   0.81s type=Manual child_fresh=Nones e2e=Nones streamed_lat 4->4s lag 0->0
  [quotes_typed]   0.22s type=Manual child_fresh=Nones e2e=Nones streamed_lat 4->4s lag 0->0
  [quotes_typed]   0.21s type=Manual child_fresh=Nones e2e=Nones streamed_lat 4->4s lag 0->0
  [lag] 2026-08-14T03:21:56Z raw=113219565734 behind=4s lag_rows=0
  [quotes_typed]   0.19s type=Manual child_fresh=Nones e2e=Nones streamed_lat 4->4s lag 0->0
  [quotes_daily]   0.20s type=Manual child_fresh=10868s e2e=10872s streamed_lat 4->4s lag 0->0
  [quotes_typed]   0.21s type=Manual child_fresh=Nones e2e=Nones streamed_lat 4->4s lag 0->0
  [quotes_typed]   0.20s type=Manual child_fresh=Nones e2e=Nones streamed_lat 4->4s lag 0->0
  [quotes_typed]   0.21s type=Manual child_fresh=Nones e2e=Nones streamed_lat 4->4s lag 0->0
  [quotes_typed]   0.22s type=Manual child_fresh=Nones e2e=Nones streamed_lat 4->4s lag 0->0
  [lag] 2026-08-14T03:22:56Z raw=113219565734 behind=4s lag_rows=0
  [quotes_typed]   0.24s type=Manual child_fresh=Nones e2e=Nones streamed_lat 4->4s lag 0->0
  [quotes_daily]   0.20s type=Manual child_fresh=10932s e2e=10936s streamed_lat 4->4s lag 0->0
  [quotes_typed]   0.20s type=Manual child_fresh=Nones e2e=Nones streamed_lat 4->4s lag 0->0
  [quotes_typed]   0.21s type=Manual child_fresh=Nones e2e=Nones streamed_lat 4->4s lag 0->0
  [quotes_typed]   0.22s type=Manual child_fresh=Nones e2e=Nones streamed_lat 4->4s lag 0->0
  [quotes_typed]   0.21s type=Manual child_fresh=Nones e2e=Nones streamed_lat 4->4s lag 0->0
  [lag] 2026-08-14T03:23:56Z raw=113219565734 behind=4s lag_rows=0
  [quotes_typed]   0.22s type=Manual child_fresh=Nones e2e=Nones streamed_lat 4->4s lag 0->0
  [quotes_daily]   0.24s type=Manual child_fresh=10989s e2e=10993s streamed_lat 4->4s lag 0->0
  [quotes_typed]   0.21s type=Manual child_fresh=Nones e2e=Nones streamed_lat 4->4s lag 0->0
  [quotes_typed]   0.21s type=Manual child_fresh=Nones e2e=Nones streamed_lat 4->4s lag 0->0
  [quotes_typed]   0.31s type=Manual child_fresh=Nones e2e=Nones streamed_lat 4->4s lag 0->0
  [lag] 2026-08-14T03:24:56Z raw=113219565734 behind=4s lag_rows=0
  [quotes_typed]   0.19s type=Manual child_fresh=Nones e2e=Nones streamed_lat 4->4s lag 0->0
  [quotes_typed]   0.22s type=Manual child_fresh=Nones e2e=Nones streamed_lat 4->4s lag 0->0
  [quotes_daily]   0.22s type=Manual child_fresh=11051s e2e=11055s streamed_lat 4->4s lag 0->0
  [quotes_typed]   0.21s type=Manual child_fresh=Nones e2e=Nones streamed_lat 4->4s lag 0->0
  [quotes_typed]   0.20s type=Manual child_fresh=Nones e2e=Nones streamed_lat 4->4s lag 0->0
  [quotes_typed]   0.21s type=Manual child_fresh=Nones e2e=Nones streamed_lat 4->4s lag 0->0
  [lag] 2026-08-14T03:25:56Z raw=113219565734 behind=4s lag_rows=0
  [quotes_typed]   0.25s type=Manual child_fresh=Nones e2e=Nones streamed_lat 4->4s lag 0->0
  [quotes_daily]   0.22s type=Manual child_fresh=11109s e2e=11113s streamed_lat 4->4s lag 0->0
  [quotes_typed]   0.86s type=Manual child_fresh=Nones e2e=Nones streamed_lat 4->4s lag 0->0
  [quotes_typed]   0.24s type=Manual child_fresh=Nones e2e=Nones streamed_lat 4->4s lag 0->0
  [quotes_typed]   0.21s type=Manual child_fresh=Nones e2e=Nones streamed_lat 4->4s lag 0->0
  [quotes_typed]   0.28s type=Manual child_fresh=Nones e2e=Nones streamed_lat 4->4s lag 0->0
  [lag] 2026-08-14T03:26:56Z raw=113219565734 behind=4s lag_rows=0
  [quotes_typed]   0.21s type=Manual child_fresh=Nones e2e=Nones streamed_lat 4->4s lag 0->0
  [quotes_daily]   0.20s type=Manual child_fresh=11169s e2e=11173s streamed_lat 4->4s lag 0->0
  [quotes_typed]   0.19s type=Manual child_fresh=Nones e2e=Nones streamed_lat 4->4s lag 0->0
  [quotes_typed]   0.20s type=Manual child_fresh=Nones e2e=Nones streamed_lat 4->4s lag 0->0
  [quotes_typed]   0.20s type=Manual child_fresh=Nones e2e=Nones streamed_lat 4->4s lag 0->0
  [quotes_typed]   0.21s type=Manual child_fresh=Nones e2e=Nones streamed_lat 4->4s lag 0->0
  [lag] 2026-08-14T03:27:56Z raw=113219565734 behind=4s lag_rows=0
  [quotes_typed]   0.22s type=Manual child_fresh=Nones e2e=Nones streamed_lat 4->4s lag 0->0
  [quotes_daily]   0.24s type=Manual child_fresh=11231s e2e=11235s streamed_lat 4->4s lag 0->0
  [quotes_typed]   0.77s type=Manual child_fresh=Nones e2e=Nones streamed_lat 4->4s lag 0->0
  [quotes_typed]   0.29s type=Manual child_fresh=Nones e2e=Nones streamed_lat 4->4s lag 0->0
  [quotes_typed]   0.18s type=Manual child_fresh=Nones e2e=Nones streamed_lat 4->4s lag 0->0
  [quotes_typed]   0.19s type=Manual child_fresh=Nones e2e=Nones streamed_lat 4->4s lag 0->0
  [lag] 2026-08-14T03:28:56Z raw=113219565734 behind=4s lag_rows=0
  [quotes_typed]   0.21s type=Manual child_fresh=Nones e2e=Nones streamed_lat 4->4s lag 0->0
  [quotes_daily]   0.21s type=Manual child_fresh=11289s e2e=11293s streamed_lat 4->4s lag 0->0
  [quotes_typed]   0.32s type=Manual child_fresh=Nones e2e=Nones streamed_lat 4->4s lag 0->0
  [quotes_typed]   0.19s type=Manual child_fresh=Nones e2e=Nones streamed_lat 4->4s lag 0->0
  [quotes_typed]   0.20s type=Manual child_fresh=Nones e2e=Nones streamed_lat 4->4s lag 0->0
  [lag] 2026-08-14T03:29:56Z raw=113219565734 behind=4s lag_rows=0
  [quotes_typed]   0.22s type=Manual child_fresh=Nones e2e=Nones streamed_lat 4->4s lag 0->0
  [quotes_daily]   0.25s type=Manual child_fresh=11353s e2e=11357s streamed_lat 4->4s lag 0->0
  [quotes_typed]   0.26s type=Manual child_fresh=Nones e2e=Nones streamed_lat 4->4s lag 0->0
  [quotes_typed]   0.25s type=Manual child_fresh=Nones e2e=Nones streamed_lat 4->4s lag 0->0
  [quotes_typed]   0.22s type=Manual child_fresh=Nones e2e=Nones streamed_lat 4->4s lag 0->0
  [quotes_typed]   0.22s type=Manual child_fresh=Nones e2e=Nones streamed_lat 4->4s lag 0->0
  [lag] 2026-08-14T03:30:56Z raw=113219565734 behind=4s lag_rows=0
  [quotes_typed]   0.20s type=Manual child_fresh=Nones e2e=Nones streamed_lat 4->4s lag 0->0
  [quotes_daily]   0.22s type=Manual child_fresh=11414s e2e=11418s streamed_lat 4->4s lag 0->0
  [quotes_typed]   0.21s type=Manual child_fresh=Nones e2e=Nones streamed_lat 4->4s lag 0->0
  [quotes_typed]   0.22s type=Manual child_fresh=Nones e2e=Nones streamed_lat 4->4s lag 0->0
  [quotes_typed]   0.22s type=Manual child_fresh=Nones e2e=Nones streamed_lat 4->4s lag 0->0
  [lag] 2026-08-14T03:31:56Z raw=113219565734 behind=4s lag_rows=0
  [quotes_typed]   0.23s type=Manual child_fresh=Nones e2e=Nones streamed_lat 4->4s lag 0->0
  [quotes_daily]   0.34s type=Manual child_fresh=11470s e2e=11474s streamed_lat 4->4s lag 0->0
  [quotes_typed]   0.19s type=Manual child_fresh=Nones e2e=Nones streamed_lat 4->4s lag 0->0
  [quotes_typed]   0.20s type=Manual child_fresh=Nones e2e=Nones streamed_lat 4->4s lag 0->0
  [quotes_typed]   0.22s type=Manual child_fresh=Nones e2e=Nones streamed_lat 4->4s lag 0->0
  [quotes_typed]   0.22s type=Manual child_fresh=Nones e2e=Nones streamed_lat 4->4s lag 0->0
  [lag] 2026-08-14T03:32:56Z raw=113219565734 behind=4s lag_rows=0
  [quotes_typed]   0.24s type=Manual child_fresh=Nones e2e=Nones streamed_lat 4->4s lag 0->0
  [quotes_daily]   0.23s type=Manual child_fresh=11531s e2e=11535s streamed_lat 4->4s lag 0->0
  [quotes_typed]   0.23s type=Manual child_fresh=Nones e2e=Nones streamed_lat 4->4s lag 0->0
  [quotes_typed]   0.21s type=Manual child_fresh=Nones e2e=Nones streamed_lat 4->4s lag 0->0
  [quotes_typed]   0.23s type=Manual child_fresh=Nones e2e=Nones streamed_lat 4->4s lag 0->0
  [quotes_typed]   0.21s type=Manual child_fresh=Nones e2e=Nones streamed_lat 4->4s lag 0->0
  [lag] 2026-08-14T03:33:56Z raw=113219565734 behind=4s lag_rows=0
  [quotes_typed]   0.21s type=Manual child_fresh=Nones e2e=Nones streamed_lat 4->4s lag 0->0
  [quotes_daily]   0.23s type=Manual child_fresh=11589s e2e=11593s streamed_lat 4->4s lag 0->0
  [quotes_typed]   0.20s type=Manual child_fresh=Nones e2e=Nones streamed_lat 4->4s lag 0->0
  [quotes_typed]   0.17s type=Manual child_fresh=Nones e2e=Nones streamed_lat 4->4s lag 0->0
  [quotes_typed]   0.21s type=Manual child_fresh=Nones e2e=Nones streamed_lat 4->4s lag 0->0
  [quotes_typed]   0.23s type=Manual child_fresh=Nones e2e=Nones streamed_lat 4->4s lag 0->0
  [lag] 2026-08-14T03:34:56Z raw=113219565734 behind=4s lag_rows=0
  [quotes_typed]   0.20s type=Manual child_fresh=Nones e2e=Nones streamed_lat 4->4s lag 0->0
  [quotes_daily]   0.20s type=Manual child_fresh=11648s e2e=11652s streamed_lat 4->4s lag 0->0
  [quotes_typed]   0.23s type=Manual child_fresh=Nones e2e=Nones streamed_lat 4->4s lag 0->0
  [quotes_typed]   0.22s type=Manual child_fresh=Nones e2e=Nones streamed_lat 4->4s lag 0->0
  [quotes_typed]   0.22s type=Manual child_fresh=Nones e2e=Nones streamed_lat 4->4s lag 0->0
  [lag] 2026-08-14T03:35:56Z raw=113219565734 behind=4s lag_rows=0
  [quotes_typed]   0.20s type=Manual child_fresh=Nones e2e=Nones streamed_lat 4->4s lag 0->0
  [quotes_typed]   0.24s type=Manual child_fresh=Nones e2e=Nones streamed_lat 4->4s lag 0->0
  [quotes_daily]   0.20s type=Manual child_fresh=11712s e2e=11716s streamed_lat 4->4s lag 0->0
  [quotes_typed]   0.20s type=Manual child_fresh=Nones e2e=Nones streamed_lat 4->4s lag 0->0
  [quotes_typed]   0.23s type=Manual child_fresh=Nones e2e=Nones streamed_lat 4->4s lag 0->0
  [quotes_typed]   0.20s type=Manual child_fresh=Nones e2e=Nones streamed_lat 4->4s lag 0->0
  [lag] 2026-08-14T03:36:56Z raw=113219565734 behind=4s lag_rows=0
  [quotes_typed]   0.18s type=Manual child_fresh=Nones e2e=Nones streamed_lat 4->4s lag 0->0
  [quotes_daily]   0.21s type=Manual child_fresh=11768s e2e=11772s streamed_lat 4->4s lag 0->0
  [quotes_typed]   0.22s type=Manual child_fresh=Nones e2e=Nones streamed_lat 4->4s lag 0->0
  [quotes_typed]   0.22s type=Manual child_fresh=Nones e2e=Nones streamed_lat 4->4s lag 0->0
  [quotes_typed]   0.21s type=Manual child_fresh=Nones e2e=Nones streamed_lat 4->4s lag 0->0
  [quotes_typed]   0.20s type=Manual child_fresh=Nones e2e=Nones streamed_lat 4->4s lag 0->0
  [lag] 2026-08-14T03:37:56Z raw=113219565734 behind=4s lag_rows=0
  [quotes_typed]   0.19s type=Manual child_fresh=Nones e2e=Nones streamed_lat 4->4s lag 0->0
  [quotes_daily]   0.20s type=Manual child_fresh=11834s e2e=11838s streamed_lat 4->4s lag 0->0
  [quotes_typed]   0.23s type=Manual child_fresh=Nones e2e=Nones streamed_lat 4->4s lag 0->0
  [quotes_typed]   0.21s type=Manual child_fresh=Nones e2e=Nones streamed_lat 4->4s lag 0->0
  [quotes_typed]   0.20s type=Manual child_fresh=Nones e2e=Nones streamed_lat 4->4s lag 0->0
  [quotes_typed]   0.23s type=Manual child_fresh=Nones e2e=Nones streamed_lat 4->4s lag 0->0
  [lag] 2026-08-14T03:38:56Z raw=113219565734 behind=4s lag_rows=0
  [quotes_typed]   0.20s type=Manual child_fresh=Nones e2e=Nones streamed_lat 4->4s lag 0->0
  [quotes_daily]   0.20s type=Manual child_fresh=11889s e2e=11893s streamed_lat 4->4s lag 0->0
  [quotes_typed]   0.33s type=Manual child_fresh=Nones e2e=Nones streamed_lat 4->4s lag 0->0
  [quotes_typed]   0.21s type=Manual child_fresh=Nones e2e=Nones streamed_lat 4->4s lag 0->0
  [quotes_typed]   0.21s type=Manual child_fresh=Nones e2e=Nones streamed_lat 4->4s lag 0->0
  [lag] 2026-08-14T03:39:56Z raw=113219565734 behind=4s lag_rows=0
  [quotes_typed]   0.21s type=Manual child_fresh=Nones e2e=Nones streamed_lat 4->4s lag 0->0
  [quotes_typed]   0.22s type=Manual child_fresh=Nones e2e=Nones streamed_lat 4->4s lag 0->0
  [quotes_daily]   0.21s type=Manual child_fresh=11951s e2e=11955s streamed_lat 4->4s lag 0->0
  [quotes_typed]   0.24s type=Manual child_fresh=Nones e2e=Nones streamed_lat 4->4s lag 0->0
  [quotes_typed]   0.20s type=Manual child_fresh=Nones e2e=Nones streamed_lat 4->4s lag 0->0
  [quotes_typed]   0.31s type=Manual child_fresh=Nones e2e=Nones streamed_lat 4->4s lag 0->0
  [lag] 2026-08-14T03:40:56Z raw=113219565734 behind=4s lag_rows=0
  [quotes_typed]   0.20s type=Manual child_fresh=Nones e2e=Nones streamed_lat 4->4s lag 0->0
  [quotes_daily]   0.21s type=Manual child_fresh=12007s e2e=12011s streamed_lat 4->4s lag 0->0
  [quotes_typed]   0.20s type=Manual child_fresh=Nones e2e=Nones streamed_lat 4->4s lag 0->0
  [quotes_typed]   0.21s type=Manual child_fresh=Nones e2e=Nones streamed_lat 4->4s lag 0->0
  [quotes_typed]   0.22s type=Manual child_fresh=Nones e2e=Nones streamed_lat 4->4s lag 0->0
  [quotes_typed]   0.18s type=Manual child_fresh=Nones e2e=Nones streamed_lat 4->4s lag 0->0
  [lag] 2026-08-14T03:41:56Z raw=113219565734 behind=4s lag_rows=0
  [quotes_typed]   0.17s type=Manual child_fresh=Nones e2e=Nones streamed_lat 4->4s lag 0->0
  [quotes_daily]   0.20s type=Manual child_fresh=12069s e2e=12073s streamed_lat 4->4s lag 0->0
  [quotes_typed]   0.21s type=Manual child_fresh=Nones e2e=Nones streamed_lat 4->4s lag 0->0
  [quotes_typed]   0.25s type=Manual child_fresh=Nones e2e=Nones streamed_lat 4->4s lag 0->0
  [quotes_typed]   0.21s type=Manual child_fresh=Nones e2e=Nones streamed_lat 4->4s lag 0->0
  [quotes_typed]   0.21s type=Manual child_fresh=Nones e2e=Nones streamed_lat 4->4s lag 0->0
  [lag] 2026-08-14T03:42:56Z raw=113219565734 behind=4s lag_rows=0
  [quotes_typed]   0.23s type=Manual child_fresh=Nones e2e=Nones streamed_lat 4->4s lag 0->0
  [quotes_daily]   0.33s type=Manual child_fresh=12130s e2e=12134s streamed_lat 4->4s lag 0->0
  [quotes_typed]   0.23s type=Manual child_fresh=Nones e2e=Nones streamed_lat 4->4s lag 0->0
  [quotes_typed]   0.20s type=Manual child_fresh=Nones e2e=Nones streamed_lat 4->4s lag 0->0
  [quotes_typed]   0.24s type=Manual child_fresh=Nones e2e=Nones streamed_lat 4->4s lag 0->0
  [quotes_typed]   0.20s type=Manual child_fresh=Nones e2e=Nones streamed_lat 4->4s lag 0->0
  [lag] 2026-08-14T03:43:56Z raw=113219565734 behind=4s lag_rows=0
  [quotes_typed]   0.20s type=Manual child_fresh=Nones e2e=Nones streamed_lat 4->4s lag 0->0
  [quotes_daily]   0.35s type=Manual child_fresh=12193s e2e=12197s streamed_lat 4->4s lag 0->0
  [quotes_typed]   0.23s type=Manual child_fresh=Nones e2e=Nones streamed_lat 4->4s lag 0->0
  [quotes_typed]   0.19s type=Manual child_fresh=Nones e2e=Nones streamed_lat 4->4s lag 0->0
  [quotes_typed]   0.20s type=Manual child_fresh=Nones e2e=Nones streamed_lat 4->4s lag 0->0
  [lag] 2026-08-14T03:44:56Z raw=113219565734 behind=4s lag_rows=0
  [quotes_typed]   0.24s type=Manual child_fresh=Nones e2e=Nones streamed_lat 4->4s lag 0->0
  [quotes_daily]   0.23s type=Manual child_fresh=12252s e2e=12256s streamed_lat 4->4s lag 0->0
  [quotes_typed]   0.29s type=Manual child_fresh=Nones e2e=Nones streamed_lat 4->4s lag 0->0
  [quotes_typed]   0.19s type=Manual child_fresh=Nones e2e=Nones streamed_lat 4->4s lag 0->0
  [quotes_typed]   0.22s type=Manual child_fresh=Nones e2e=Nones streamed_lat 4->4s lag 0->0
  [quotes_typed]   0.29s type=Manual child_fresh=Nones e2e=Nones streamed_lat 4->4s lag 0->0
  [lag] 2026-08-14T03:45:56Z raw=113219565734 behind=4s lag_rows=0
  [quotes_typed]   0.20s type=Manual child_fresh=Nones e2e=Nones streamed_lat 4->4s lag 0->0
  [quotes_daily]   0.20s type=Manual child_fresh=12311s e2e=12315s streamed_lat 4->4s lag 0->0
  [quotes_typed]   0.25s type=Manual child_fresh=Nones e2e=Nones streamed_lat 4->4s lag 0->0
  [quotes_typed]   0.21s type=Manual child_fresh=Nones e2e=Nones streamed_lat 4->4s lag 0->0
  [quotes_typed]   0.22s type=Manual child_fresh=Nones e2e=Nones streamed_lat 4->4s lag 0->0
  [lag] 2026-08-14T03:46:56Z raw=113219565734 behind=4s lag_rows=0
  [quotes_typed]   0.24s type=Manual child_fresh=Nones e2e=Nones streamed_lat 4->4s lag 0->0
  [quotes_typed]   0.20s type=Manual child_fresh=Nones e2e=Nones streamed_lat 4->4s lag 0->0
  [quotes_daily]   0.30s type=Manual child_fresh=12371s e2e=12375s streamed_lat 4->4s lag 0->0
  [quotes_typed]   0.19s type=Manual child_fresh=Nones e2e=Nones streamed_lat 4->4s lag 0->0
  [quotes_typed]   0.20s type=Manual child_fresh=Nones e2e=Nones streamed_lat 4->4s lag 0->0
  [quotes_typed]   0.19s type=Manual child_fresh=Nones e2e=Nones streamed_lat 4->4s lag 0->0
  [lag] 2026-08-14T03:47:56Z raw=113219565734 behind=4s lag_rows=0
  [quotes_typed]   0.22s type=Manual child_fresh=Nones e2e=Nones streamed_lat 4->4s lag 0->0
  [quotes_daily]   0.19s type=Manual child_fresh=12432s e2e=12436s streamed_lat 4->4s lag 0->0
  [quotes_typed]   0.19s type=Manual child_fresh=Nones e2e=Nones streamed_lat 4->4s lag 0->0
  [quotes_typed]   0.27s type=Manual child_fresh=Nones e2e=Nones streamed_lat 4->4s lag 0->0
  [quotes_typed]   0.25s type=Manual child_fresh=Nones e2e=Nones streamed_lat 4->4s lag 0->0
  [quotes_typed]   0.25s type=Manual child_fresh=Nones e2e=Nones streamed_lat 4->4s lag 0->0
  [lag] 2026-08-14T03:48:56Z raw=113219565734 behind=4s lag_rows=0
  [quotes_typed]   0.25s type=Manual child_fresh=Nones e2e=Nones streamed_lat 4->4s lag 0->0
  [quotes_daily]   0.23s type=Manual child_fresh=12491s e2e=12495s streamed_lat 4->4s lag 0->0
  [quotes_typed]   0.25s type=Manual child_fresh=Nones e2e=Nones streamed_lat 4->4s lag 0->0
  [quotes_typed]   0.20s type=Manual child_fresh=Nones e2e=Nones streamed_lat 4->4s lag 0->0
  [quotes_typed]   0.20s type=Manual child_fresh=Nones e2e=Nones streamed_lat 4->4s lag 0->0
  [lag] 2026-08-14T03:49:56Z raw=113219565734 behind=4s lag_rows=0
  [quotes_typed]   0.19s type=Manual child_fresh=Nones e2e=Nones streamed_lat 4->4s lag 0->0
  [quotes_daily]   0.21s type=Manual child_fresh=12549s e2e=12553s streamed_lat 4->4s lag 0->0
  [quotes_typed]   0.20s type=Manual child_fresh=Nones e2e=Nones streamed_lat 4->4s lag 0->0
  [quotes_typed]   0.22s type=Manual child_fresh=Nones e2e=Nones streamed_lat 4->4s lag 0->0
  [quotes_typed]   0.20s type=Manual child_fresh=Nones e2e=Nones streamed_lat 4->4s lag 0->0
  [quotes_typed]   0.19s type=Manual child_fresh=Nones e2e=Nones streamed_lat 4->4s lag 0->0
  [lag] 2026-08-14T03:50:56Z raw=113219565734 behind=4s lag_rows=0
  [quotes_typed]   0.21s type=Manual child_fresh=Nones e2e=Nones streamed_lat 4->4s lag 0->0
  [quotes_daily]   0.23s type=Manual child_fresh=12608s e2e=12612s streamed_lat 4->4s lag 0->0
  [quotes_typed]   0.23s type=Manual child_fresh=Nones e2e=Nones streamed_lat 4->4s lag 0->0
  [quotes_typed]   0.35s type=Manual child_fresh=Nones e2e=Nones streamed_lat 4->4s lag 0->0
  [quotes_typed]   0.18s type=Manual child_fresh=Nones e2e=Nones streamed_lat 4->4s lag 0->0
  [quotes_typed]   0.21s type=Manual child_fresh=Nones e2e=Nones streamed_lat 4->4s lag 0->0
  [lag] 2026-08-14T03:51:56Z raw=113219565734 behind=4s lag_rows=0
  [quotes_daily]   0.29s type=Manual child_fresh=12668s e2e=12672s streamed_lat 4->4s lag 0->0
  [quotes_typed]   0.20s type=Manual child_fresh=Nones e2e=Nones streamed_lat 4->4s lag 0->0
  [quotes_typed]   0.20s type=Manual child_fresh=Nones e2e=Nones streamed_lat 4->4s lag 0->0
  [quotes_typed]   0.19s type=Manual child_fresh=Nones e2e=Nones streamed_lat 4->4s lag 0->0
  [quotes_typed]   0.23s type=Manual child_fresh=Nones e2e=Nones streamed_lat 4->4s lag 0->0
  [lag] 2026-08-14T03:52:56Z raw=113219565734 behind=4s lag_rows=0
  [quotes_typed]   0.19s type=Manual child_fresh=Nones e2e=Nones streamed_lat 4->4s lag 0->0
  [quotes_daily]   0.21s type=Manual child_fresh=12728s e2e=12732s streamed_lat 4->4s lag 0->0
  [quotes_typed]   0.21s type=Manual child_fresh=Nones e2e=Nones streamed_lat 4->4s lag 0->0
  [quotes_typed]   0.21s type=Manual child_fresh=Nones e2e=Nones streamed_lat 4->4s lag 0->0
  [quotes_typed]   0.23s type=Manual child_fresh=Nones e2e=Nones streamed_lat 4->4s lag 0->0
  [quotes_typed]   0.18s type=Manual child_fresh=Nones e2e=Nones streamed_lat 4->4s lag 0->0
  [lag] 2026-08-14T03:53:56Z raw=113219565734 behind=4s lag_rows=0
  [quotes_typed]   0.21s type=Manual child_fresh=Nones e2e=Nones streamed_lat 4->4s lag 0->0
  [quotes_daily]   0.20s type=Manual child_fresh=12791s e2e=12795s streamed_lat 4->4s lag 0->0
  [quotes_typed]   0.20s type=Manual child_fresh=Nones e2e=Nones streamed_lat 4->4s lag 0->0
  [quotes_typed]   0.19s type=Manual child_fresh=Nones e2e=Nones streamed_lat 4->4s lag 0->0
  [quotes_typed]   0.20s type=Manual child_fresh=Nones e2e=Nones streamed_lat 4->4s lag 0->0
  [quotes_typed]   0.20s type=Manual child_fresh=Nones e2e=Nones streamed_lat 4->4s lag 0->0
  [lag] 2026-08-14T03:54:56Z raw=113219565734 behind=4s lag_rows=0
  [quotes_typed]   0.22s type=Manual child_fresh=Nones e2e=Nones streamed_lat 4->4s lag 0->0
  [quotes_daily]   0.22s type=Manual child_fresh=12851s e2e=12855s streamed_lat 4->4s lag 0->0
  [quotes_typed]   0.25s type=Manual child_fresh=Nones e2e=Nones streamed_lat 4->4s lag 0->0
  [quotes_typed]   0.23s type=Manual child_fresh=Nones e2e=Nones streamed_lat 4->4s lag 0->0
  [quotes_typed]   0.21s type=Manual child_fresh=Nones e2e=Nones streamed_lat 4->4s lag 0->0
  [quotes_typed]   0.20s type=Manual child_fresh=Nones e2e=Nones streamed_lat 4->4s lag 0->0
  [lag] 2026-08-14T03:55:56Z raw=113219565734 behind=4s lag_rows=0
  [quotes_typed]   0.20s type=Manual child_fresh=Nones e2e=Nones streamed_lat 4->4s lag 0->0
  [quotes_daily]   0.21s type=Manual child_fresh=12911s e2e=12915s streamed_lat 4->4s lag 0->0
  [quotes_typed]   0.27s type=Manual child_fresh=Nones e2e=Nones streamed_lat 4->4s lag 0->0
  [quotes_typed]   0.21s type=Manual child_fresh=Nones e2e=Nones streamed_lat 4->4s lag 0->0
  [quotes_typed]   0.25s type=Manual child_fresh=Nones e2e=Nones streamed_lat 4->4s lag 0->0
  [lag] 2026-08-14T03:56:56Z raw=113219565734 behind=4s lag_rows=0
  [quotes_typed]   0.38s type=Manual child_fresh=Nones e2e=Nones streamed_lat 4->4s lag 0->0
  [quotes_daily]   0.29s type=Manual child_fresh=12980s e2e=12984s streamed_lat 4->4s lag 0->0
  [quotes_typed]   0.20s type=Manual child_fresh=Nones e2e=Nones streamed_lat 4->4s lag 0->0
  [quotes_typed]   0.18s type=Manual child_fresh=Nones e2e=Nones streamed_lat 4->4s lag 0->0
  [lag] 2026-08-14T03:57:56Z raw=113219565734 behind=4s lag_rows=0
  [quotes_typed]   0.19s type=Manual child_fresh=Nones e2e=Nones streamed_lat 4->4s lag 0->0
  [quotes_typed]   0.21s type=Manual child_fresh=Nones e2e=Nones streamed_lat 4->4s lag 0->0
  [quotes_daily]   0.23s type=Manual child_fresh=13032s e2e=13036s streamed_lat 4->4s lag 0->0
  [quotes_typed]   0.23s type=Manual child_fresh=Nones e2e=Nones streamed_lat 4->4s lag 0->0
  [quotes_typed]   0.22s type=Manual child_fresh=Nones e2e=Nones streamed_lat 4->4s lag 0->0
  [quotes_typed]   0.19s type=Manual child_fresh=Nones e2e=Nones streamed_lat 4->4s lag 0->0
  [lag] 2026-08-14T03:58:56Z raw=113219565734 behind=4s lag_rows=0
  [quotes_typed]   0.19s type=Manual child_fresh=Nones e2e=Nones streamed_lat 4->4s lag 0->0
  [quotes_daily]   0.23s type=Manual child_fresh=13096s e2e=13100s streamed_lat 4->4s lag 0->0
  [quotes_typed]   0.20s type=Manual child_fresh=Nones e2e=Nones streamed_lat 4->4s lag 0->0
  [quotes_typed]   0.21s type=Manual child_fresh=Nones e2e=Nones streamed_lat 4->4s lag 0->0
  [quotes_typed]   0.21s type=Manual child_fresh=Nones e2e=Nones streamed_lat 4->4s lag 0->0
  [quotes_typed]   0.21s type=Manual child_fresh=Nones e2e=Nones streamed_lat 4->4s lag 0->0
  [lag] 2026-08-14T03:59:56Z raw=113219565734 behind=4s lag_rows=0
  [quotes_typed]   0.21s type=Manual child_fresh=Nones e2e=Nones streamed_lat 4->4s lag 0->0
  [quotes_daily]   0.22s type=Manual child_fresh=13154s e2e=13158s streamed_lat 4->4s lag 0->0
  [quotes_typed]   0.20s type=Manual child_fresh=Nones e2e=Nones streamed_lat 4->4s lag 0->0
  [quotes_typed]   0.21s type=Manual child_fresh=Nones e2e=Nones streamed_lat 4->4s lag 0->0
  [quotes_typed]   0.23s type=Manual child_fresh=Nones e2e=Nones streamed_lat 4->4s lag 0->0
  [quotes_typed]   0.20s type=Manual child_fresh=Nones e2e=Nones streamed_lat 4->4s lag 0->0
  [lag] 2026-08-14T04:00:56Z raw=113219565734 behind=4s lag_rows=0
  [quotes_typed]   0.21s type=Manual child_fresh=Nones e2e=Nones streamed_lat 4->4s lag 0->0
  [quotes_daily]   0.28s type=Manual child_fresh=13212s e2e=13216s streamed_lat 4->4s lag 0->0
  [quotes_typed]   0.22s type=Manual child_fresh=Nones e2e=Nones streamed_lat 4->4s lag 0->0
  [quotes_typed]   0.23s type=Manual child_fresh=Nones e2e=Nones streamed_lat 4->4s lag 0->0
  [quotes_typed]   0.22s type=Manual child_fresh=Nones e2e=Nones streamed_lat 4->4s lag 0->0
  [quotes_typed]   0.21s type=Manual child_fresh=Nones e2e=Nones streamed_lat 4->4s lag 0->0
  [lag] 2026-08-14T04:01:56Z raw=113219565734 behind=4s lag_rows=0
  [quotes_typed]   0.26s type=Manual child_fresh=Nones e2e=Nones streamed_lat 4->4s lag 0->0
  [quotes_daily]   0.26s type=Manual child_fresh=13271s e2e=13275s streamed_lat 4->4s lag 0->0
  [quotes_typed]   0.31s type=Manual child_fresh=Nones e2e=Nones streamed_lat 4->4s lag 0->0
  [quotes_typed]   0.23s type=Manual child_fresh=Nones e2e=Nones streamed_lat 4->4s lag 0->0
  [quotes_typed]   0.21s type=Manual child_fresh=Nones e2e=Nones streamed_lat 4->4s lag 0->0
  [quotes_typed]   0.20s type=Manual child_fresh=Nones e2e=Nones streamed_lat 4->4s lag 0->0
  [lag] 2026-08-14T04:02:56Z raw=113219565734 behind=4s lag_rows=0
  [quotes_typed]   0.25s type=Manual child_fresh=Nones e2e=Nones streamed_lat 4->4s lag 0->0
  [quotes_daily]   0.22s type=Manual child_fresh=13333s e2e=13337s streamed_lat 4->4s lag 0->0
  [quotes_typed]   0.20s type=Manual child_fresh=Nones e2e=Nones streamed_lat 4->4s lag 0->0
  [quotes_typed]   0.20s type=Manual child_fresh=Nones e2e=Nones streamed_lat 4->4s lag 0->0
  [quotes_typed]   0.25s type=Manual child_fresh=Nones e2e=Nones streamed_lat 4->4s lag 0->0
  [quotes_typed]   0.22s type=Manual child_fresh=Nones e2e=Nones streamed_lat 4->4s lag 0->0
  [lag] 2026-08-14T04:03:56Z raw=113219565734 behind=4s lag_rows=0
  [quotes_typed]   0.21s type=Manual child_fresh=Nones e2e=Nones streamed_lat 4->4s lag 0->0
  [quotes_daily]   0.36s type=Manual child_fresh=13393s e2e=13397s streamed_lat 4->4s lag 0->0
  [quotes_typed]   0.23s type=Manual child_fresh=Nones e2e=Nones streamed_lat 4->4s lag 0->0
  [quotes_typed]   0.20s type=Manual child_fresh=Nones e2e=Nones streamed_lat 4->4s lag 0->0
  [quotes_typed]   0.21s type=Manual child_fresh=Nones e2e=Nones streamed_lat 4->4s lag 0->0
  [lag] 2026-08-14T04:04:56Z raw=113219565734 behind=4s lag_rows=0
  [quotes_typed]   0.22s type=Manual child_fresh=Nones e2e=Nones streamed_lat 4->4s lag 0->0
  [quotes_daily]   0.20s type=Manual child_fresh=13446s e2e=13450s streamed_lat 4->4s lag 0->0
  [quotes_typed]   0.21s type=Manual child_fresh=Nones e2e=Nones streamed_lat 4->4s lag 0->0
  [quotes_typed]   0.26s type=Manual child_fresh=Nones e2e=Nones streamed_lat 4->4s lag 0->0
  [quotes_typed]   0.27s type=Manual child_fresh=Nones e2e=Nones streamed_lat 4->4s lag 0->0
  [quotes_typed]   0.24s type=Manual child_fresh=Nones e2e=Nones streamed_lat 4->4s lag 0->0
  [lag] 2026-08-14T04:05:56Z raw=113219565734 behind=4s lag_rows=0
  [quotes_typed]   0.17s type=Manual child_fresh=Nones e2e=Nones streamed_lat 4->4s lag 0->0
  [quotes_daily]   0.24s type=Manual child_fresh=13509s e2e=13513s streamed_lat 4->4s lag 0->0
  [quotes_typed]   0.24s type=Manual child_fresh=Nones e2e=Nones streamed_lat 4->4s lag 0->0
  [quotes_typed]   0.21s type=Manual child_fresh=Nones e2e=Nones streamed_lat 4->4s lag 0->0
  [quotes_typed]   0.30s type=Manual child_fresh=Nones e2e=Nones streamed_lat 4->4s lag 0->0
  [quotes_typed]   0.22s type=Manual child_fresh=Nones e2e=Nones streamed_lat 4->4s lag 0->0
  [lag] 2026-08-14T04:06:56Z raw=113219565734 behind=4s lag_rows=0
  [quotes_typed]   0.26s type=Manual child_fresh=Nones e2e=Nones streamed_lat 4->4s lag 0->0
  [quotes_daily]   0.22s type=Manual child_fresh=13568s e2e=13572s streamed_lat 4->4s lag 0->0
  [quotes_typed]   0.19s type=Manual child_fresh=Nones e2e=Nones streamed_lat 4->4s lag 0->0
  [quotes_typed]   0.22s type=Manual child_fresh=Nones e2e=Nones streamed_lat 4->4s lag 0->0
  [quotes_typed]   0.20s type=Manual child_fresh=Nones e2e=Nones streamed_lat 4->4s lag 0->0
  [quotes_typed]   0.21s type=Manual child_fresh=Nones e2e=Nones streamed_lat 4->4s lag 0->0
  [lag] 2026-08-14T04:07:56Z raw=113219565734 behind=4s lag_rows=0
  [quotes_typed]   0.23s type=Manual child_fresh=Nones e2e=Nones streamed_lat 4->4s lag 0->0
  [quotes_daily]   0.21s type=Manual child_fresh=13628s e2e=13632s streamed_lat 4->4s lag 0->0
  [quotes_typed]   0.24s type=Manual child_fresh=Nones e2e=Nones streamed_lat 4->4s lag 0->0
  [quotes_typed]   0.20s type=Manual child_fresh=Nones e2e=Nones streamed_lat 4->4s lag 0->0
  [quotes_typed]   0.21s type=Manual child_fresh=Nones e2e=Nones streamed_lat 4->4s lag 0->0
  [quotes_typed]   0.21s type=Manual child_fresh=Nones e2e=Nones streamed_lat 4->4s lag 0->0
  [lag] 2026-08-14T04:08:56Z raw=113219565734 behind=4s lag_rows=0
  [quotes_typed]   0.28s type=Manual child_fresh=Nones e2e=Nones streamed_lat 4->4s lag 0->0
  [quotes_daily]   0.23s type=Manual child_fresh=13691s e2e=13695s streamed_lat 4->4s lag 0->0
  [quotes_typed]   0.20s type=Manual child_fresh=Nones e2e=Nones streamed_lat 4->4s lag 0->0
  [quotes_typed]   0.38s type=Manual child_fresh=Nones e2e=Nones streamed_lat 4->4s lag 0->0
  [quotes_typed]   0.20s type=Manual child_fresh=Nones e2e=Nones streamed_lat 4->4s lag 0->0
  [quotes_typed]   0.22s type=Manual child_fresh=Nones e2e=Nones streamed_lat 4->4s lag 0->0
  [lag] 2026-08-14T04:09:56Z raw=113219565734 behind=4s lag_rows=0
  [quotes_typed]   0.20s type=Manual child_fresh=Nones e2e=Nones streamed_lat 4->4s lag 0->0
  [quotes_daily]   0.23s type=Manual child_fresh=13753s e2e=13757s streamed_lat 4->4s lag 0->0
  [quotes_typed]   0.21s type=Manual child_fresh=Nones e2e=Nones streamed_lat 4->4s lag 0->0
  [quotes_typed]   0.25s type=Manual child_fresh=Nones e2e=Nones streamed_lat 4->4s lag 0->0
  [quotes_typed]   0.23s type=Manual child_fresh=Nones e2e=Nones streamed_lat 4->4s lag 0->0
  [quotes_typed]   0.21s type=Manual child_fresh=Nones e2e=Nones streamed_lat 4->4s lag 0->0
  [lag] 2026-08-14T04:10:56Z raw=113219565734 behind=4s lag_rows=0
  [quotes_typed]   0.26s type=Manual child_fresh=Nones e2e=Nones streamed_lat 4->4s lag 0->0
  [quotes_daily]   0.21s type=Manual child_fresh=13808s e2e=13812s streamed_lat 4->4s lag 0->0
  [quotes_typed]   0.23s type=Manual child_fresh=Nones e2e=Nones streamed_lat 4->4s lag 0->0
  [quotes_typed]   0.22s type=Manual child_fresh=Nones e2e=Nones streamed_lat 4->4s lag 0->0
  [quotes_typed]   0.22s type=Manual child_fresh=Nones e2e=Nones streamed_lat 4->4s lag 0->0
  [quotes_typed]   0.20s type=Manual child_fresh=Nones e2e=Nones streamed_lat 4->4s lag 0->0
  [lag] 2026-08-14T04:11:56Z raw=113219565734 behind=4s lag_rows=0
  [quotes_typed]   0.27s type=Manual child_fresh=Nones e2e=Nones streamed_lat 4->4s lag 0->0
  [quotes_daily]   0.26s type=Manual child_fresh=13871s e2e=13875s streamed_lat 4->4s lag 0->0
  [quotes_typed]   0.25s type=Manual child_fresh=Nones e2e=Nones streamed_lat 4->4s lag 0->0
  [quotes_typed]   0.23s type=Manual child_fresh=Nones e2e=Nones streamed_lat 4->4s lag 0->0
  [quotes_typed]   0.25s type=Manual child_fresh=Nones e2e=Nones streamed_lat 4->4s lag 0->0
  [quotes_typed]   0.21s type=Manual child_fresh=Nones e2e=Nones streamed_lat 4->4s lag 0->0
  [lag] 2026-08-14T04:12:56Z raw=113219565734 behind=4s lag_rows=0
  [quotes_typed]   0.19s type=Manual child_fresh=Nones e2e=Nones streamed_lat 4->4s lag 0->0
  [quotes_daily]   0.25s type=Manual child_fresh=13926s e2e=13930s streamed_lat 4->4s lag 0->0
  [quotes_typed]   0.21s type=Manual child_fresh=Nones e2e=Nones streamed_lat 4->4s lag 0->0
  [quotes_typed]   0.21s type=Manual child_fresh=Nones e2e=Nones streamed_lat 4->4s lag 0->0
  [quotes_typed]   0.27s type=Manual child_fresh=Nones e2e=Nones streamed_lat 4->4s lag 0->0
  [quotes_typed]   0.21s type=Manual child_fresh=Nones e2e=Nones streamed_lat 4->4s lag 0->0
  [lag] 2026-08-14T04:13:56Z raw=113219565734 behind=4s lag_rows=0
  [quotes_typed]   0.26s type=Manual child_fresh=Nones e2e=Nones streamed_lat 4->4s lag 0->0
  [quotes_daily]   0.22s type=Manual child_fresh=13989s e2e=13993s streamed_lat 4->4s lag 0->0
  [quotes_typed]   0.26s type=Manual child_fresh=Nones e2e=Nones streamed_lat 4->4s lag 0->0
  [quotes_typed]   0.30s type=Manual child_fresh=Nones e2e=Nones streamed_lat 4->4s lag 0->0
  [quotes_typed]   0.20s type=Manual child_fresh=Nones e2e=Nones streamed_lat 4->4s lag 0->0
  [quotes_typed]   0.22s type=Manual child_fresh=Nones e2e=Nones streamed_lat 4->4s lag 0->0
  [lag] 2026-08-14T04:14:56Z raw=113219565734 behind=4s lag_rows=0
  [quotes_typed]   0.21s type=Manual child_fresh=Nones e2e=Nones streamed_lat 4->4s lag 0->0
  [quotes_daily]   0.23s type=Manual child_fresh=14048s e2e=14052s streamed_lat 4->4s lag 0->0
  [quotes_typed]   0.25s type=Manual child_fresh=Nones e2e=Nones streamed_lat 4->4s lag 0->0
  [quotes_typed]   0.19s type=Manual child_fresh=Nones e2e=Nones streamed_lat 4->4s lag 0->0
  [quotes_typed]   0.22s type=Manual child_fresh=Nones e2e=Nones streamed_lat 4->4s lag 0->0
  [quotes_typed]   0.27s type=Manual child_fresh=Nones e2e=Nones streamed_lat 4->4s lag 0->0
  [lag] 2026-08-14T04:15:56Z raw=113219565734 behind=4s lag_rows=0
  [quotes_typed]   0.23s type=Manual child_fresh=Nones e2e=Nones streamed_lat 4->4s lag 0->0
  [quotes_daily]   0.21s type=Manual child_fresh=14105s e2e=14109s streamed_lat 4->4s lag 0->0
  [quotes_typed]   0.19s type=Manual child_fresh=Nones e2e=Nones streamed_lat 4->4s lag 0->0
  [quotes_typed]   0.19s type=Manual child_fresh=Nones e2e=Nones streamed_lat 4->4s lag 0->0
  [quotes_typed]   0.21s type=Manual child_fresh=Nones e2e=Nones streamed_lat 4->4s lag 0->0
  [quotes_typed]   0.20s type=Manual child_fresh=Nones e2e=Nones streamed_lat 4->4s lag 0->0
  [lag] 2026-08-14T04:16:56Z raw=113219565734 behind=4s lag_rows=0
  [quotes_typed]   0.22s type=Manual child_fresh=Nones e2e=Nones streamed_lat 4->4s lag 0->0
  [quotes_daily]   0.25s type=Manual child_fresh=14166s e2e=14170s streamed_lat 4->4s lag 0->0
  [quotes_typed]   0.20s type=Manual child_fresh=Nones e2e=Nones streamed_lat 4->4s lag 0->0
  [quotes_typed]   0.21s type=Manual child_fresh=Nones e2e=Nones streamed_lat 4->4s lag 0->0
  [quotes_typed]   0.20s type=Manual child_fresh=Nones e2e=Nones streamed_lat 4->4s lag 0->0
  [quotes_typed]   0.22s type=Manual child_fresh=Nones e2e=Nones streamed_lat 4->4s lag 0->0
  [lag] 2026-08-14T04:17:56Z raw=113219565734 behind=4s lag_rows=0
  [quotes_typed]   0.22s type=Manual child_fresh=Nones e2e=Nones streamed_lat 4->4s lag 0->0
  [quotes_daily]   0.21s type=Manual child_fresh=14229s e2e=14233s streamed_lat 4->4s lag 0->0
  [quotes_typed]   1.27s type=Manual child_fresh=Nones e2e=Nones streamed_lat 4->4s lag 0->0
  [quotes_typed]   0.21s type=Manual child_fresh=Nones e2e=Nones streamed_lat 4->4s lag 0->0
  [quotes_typed]   0.23s type=Manual child_fresh=Nones e2e=Nones streamed_lat 4->4s lag 0->0
  [quotes_typed]   0.22s type=Manual child_fresh=Nones e2e=Nones streamed_lat 4->4s lag 0->0
  [lag] 2026-08-14T04:18:56Z raw=113219565734 behind=4s lag_rows=0
  [quotes_typed]   0.22s type=Manual child_fresh=Nones e2e=Nones streamed_lat 4->4s lag 0->0
  [quotes_daily]   0.20s type=Manual child_fresh=14286s e2e=14290s streamed_lat 4->4s lag 0->0
  [quotes_typed]   0.21s type=Manual child_fresh=Nones e2e=Nones streamed_lat 4->4s lag 0->0
  [quotes_typed]   0.21s type=Manual child_fresh=Nones e2e=Nones streamed_lat 4->4s lag 0->0
  [quotes_typed]   0.19s type=Manual child_fresh=Nones e2e=Nones streamed_lat 4->4s lag 0->0
  [quotes_typed]   0.20s type=Manual child_fresh=Nones e2e=Nones streamed_lat 4->4s lag 0->0
  [quotes_typed]   0.21s type=Manual child_fresh=Nones e2e=Nones streamed_lat 4->4s lag 0->0
  [lag] 2026-08-14T04:19:56Z raw=113219565734 behind=4s lag_rows=0
  [quotes_daily]   0.24s type=Manual child_fresh=14346s e2e=14350s streamed_lat 4->4s lag 0->0
  [quotes_typed]   0.19s type=Manual child_fresh=Nones e2e=Nones streamed_lat 4->4s lag 0->0
  [quotes_typed]   0.23s type=Manual child_fresh=Nones e2e=Nones streamed_lat 4->4s lag 0->0
  [quotes_typed]   0.23s type=Manual child_fresh=Nones e2e=Nones streamed_lat 4->4s lag 0->0
  [quotes_typed]   0.28s type=Manual child_fresh=Nones e2e=Nones streamed_lat 4->4s lag 0->0
  [lag] 2026-08-14T04:20:56Z raw=113219565734 behind=4s lag_rows=0
  [quotes_typed]   0.28s type=Manual child_fresh=Nones e2e=Nones streamed_lat 4->4s lag 0->0
  [quotes_daily]   0.21s type=Manual child_fresh=14406s e2e=14410s streamed_lat 4->4s lag 0->0
  [quotes_typed]   0.30s type=Manual child_fresh=Nones e2e=Nones streamed_lat 4->4s lag 0->0
  [quotes_typed]   0.20s type=Manual child_fresh=Nones e2e=Nones streamed_lat 4->4s lag 0->0
  [quotes_typed]   0.21s type=Manual child_fresh=Nones e2e=Nones streamed_lat 4->4s lag 0->0
  [quotes_typed]   0.22s type=Manual child_fresh=Nones e2e=Nones streamed_lat 4->4s lag 0->0
  [quotes_typed]   0.22s type=Manual child_fresh=Nones e2e=Nones streamed_lat 4->4s lag 0->0
  [quotes_typed]   0.20s type=Manual child_fresh=Nones e2e=Nones streamed_lat 4->4s lag 0->0
  [lag] 2026-08-14T04:21:56Z raw=113219565734 behind=4s lag_rows=0
  [quotes_typed]   0.19s type=Manual child_fresh=Nones e2e=Nones streamed_lat 4->4s lag 0->0
  [quotes_daily]   0.21s type=Manual child_fresh=14463s e2e=14467s streamed_lat 4->4s lag 0->0
  [quotes_typed]   0.20s type=Manual child_fresh=Nones e2e=Nones streamed_lat 4->4s lag 0->0
  [quotes_typed]   0.21s type=Manual child_fresh=Nones e2e=Nones streamed_lat 4->4s lag 0->0
  [quotes_typed]   0.25s type=Manual child_fresh=Nones e2e=Nones streamed_lat 4->4s lag 0->0
  [quotes_typed]   0.19s type=Manual child_fresh=Nones e2e=Nones streamed_lat 4->4s lag 0->0
  [quotes_typed]   0.30s type=Manual child_fresh=Nones e2e=Nones streamed_lat 4->4s lag 0->0
  [quotes_typed]   0.25s type=Manual child_fresh=Nones e2e=Nones streamed_lat 4->4s lag 0->0
  [lag] 2026-08-14T04:22:56Z raw=113219565734 behind=4s lag_rows=0
  [quotes_typed]   0.26s type=Manual child_fresh=Nones e2e=Nones streamed_lat 4->4s lag 0->0
  [quotes_daily]   0.24s type=Manual child_fresh=14526s e2e=14530s streamed_lat 4->4s lag 0->0
  [quotes_typed]   0.19s type=Manual child_fresh=Nones e2e=Nones streamed_lat 4->4s lag 0->0
  [quotes_typed]   0.20s type=Manual child_fresh=Nones e2e=Nones streamed_lat 4->4s lag 0->0
  [quotes_typed]   0.21s type=Manual child_fresh=Nones e2e=Nones streamed_lat 4->4s lag 0->0
  [quotes_typed]   0.19s type=Manual child_fresh=Nones e2e=Nones streamed_lat 4->4s lag 0->0
  [quotes_typed]   0.22s type=Manual child_fresh=Nones e2e=Nones streamed_lat 4->4s lag 0->0
  [quotes_typed]   0.22s type=Manual child_fresh=Nones e2e=Nones streamed_lat 4->4s lag 0->0
  [lag] 2026-08-14T04:23:56Z raw=113219565734 behind=4s lag_rows=0
  [quotes_typed]   0.22s type=Manual child_fresh=Nones e2e=Nones streamed_lat 4->4s lag 0->0
  [quotes_daily]   0.31s type=Manual child_fresh=14588s e2e=14592s streamed_lat 4->4s lag 0->0
  [quotes_typed]   0.21s type=Manual child_fresh=Nones e2e=Nones streamed_lat 4->4s lag 0->0
  [quotes_typed]   0.23s type=Manual child_fresh=Nones e2e=Nones streamed_lat 4->4s lag 0->0
  [quotes_typed]   0.22s type=Manual child_fresh=Nones e2e=Nones streamed_lat 4->4s lag 0->0
  [quotes_typed]   0.19s type=Manual child_fresh=Nones e2e=Nones streamed_lat 4->4s lag 0->0
  [quotes_typed]   0.20s type=Manual child_fresh=Nones e2e=Nones streamed_lat 4->4s lag 0->0
  [lag] 2026-08-14T04:24:56Z raw=113219565734 behind=4s lag_rows=0
  [quotes_typed]   0.20s type=Manual child_fresh=Nones e2e=Nones streamed_lat 4->4s lag 0->0
  [quotes_daily]   0.19s type=Manual child_fresh=14646s e2e=14650s streamed_lat 4->4s lag 0->0
  [quotes_typed]   0.22s type=Manual child_fresh=Nones e2e=Nones streamed_lat 4->4s lag 0->0
  [quotes_typed]   0.21s type=Manual child_fresh=Nones e2e=Nones streamed_lat 4->4s lag 0->0
  [quotes_typed]   0.28s type=Manual child_fresh=Nones e2e=Nones streamed_lat 4->4s lag 0->0
  [quotes_typed]   0.21s type=Manual child_fresh=Nones e2e=Nones streamed_lat 4->4s lag 0->0
  [quotes_typed]   0.21s type=Manual child_fresh=Nones e2e=Nones streamed_lat 4->4s lag 0->0
  [quotes_typed]   0.21s type=Manual child_fresh=Nones e2e=Nones streamed_lat 4->4s lag 0->0
  [lag] 2026-08-14T04:25:56Z raw=113219565734 behind=4s lag_rows=0
  [quotes_typed]   0.20s type=Manual child_fresh=Nones e2e=Nones streamed_lat 4->4s lag 0->0
  [quotes_typed]   0.20s type=Manual child_fresh=Nones e2e=Nones streamed_lat 4->4s lag 0->0
  [quotes_daily]   0.22s type=Manual child_fresh=14703s e2e=14707s streamed_lat 4->4s lag 0->0
  [quotes_typed]   0.20s type=Manual child_fresh=Nones e2e=Nones streamed_lat 4->4s lag 0->0
  [quotes_typed]   0.25s type=Manual child_fresh=Nones e2e=Nones streamed_lat 4->4s lag 0->0
  [quotes_typed]   0.21s type=Manual child_fresh=Nones e2e=Nones streamed_lat 4->4s lag 0->0
  [quotes_typed]   0.21s type=Manual child_fresh=Nones e2e=Nones streamed_lat 4->4s lag 0->0
  [quotes_typed]   0.21s type=Manual child_fresh=Nones e2e=Nones streamed_lat 4->4s lag 0->0
  [quotes_typed]   0.22s type=Manual child_fresh=Nones e2e=Nones streamed_lat 4->4s lag 0->0
  [lag] 2026-08-14T04:26:56Z raw=113219565734 behind=4s lag_rows=0
  [quotes_typed]   0.20s type=Manual child_fresh=Nones e2e=Nones streamed_lat 4->4s lag 0->0
  [quotes_daily]   0.20s type=Manual child_fresh=14763s e2e=14767s streamed_lat 4->4s lag 0->0
  [quotes_typed]   0.20s type=Manual child_fresh=Nones e2e=Nones streamed_lat 4->4s lag 0->0
  [quotes_typed]   0.19s type=Manual child_fresh=Nones e2e=Nones streamed_lat 4->4s lag 0->0
  [quotes_typed]   0.65s type=Manual child_fresh=Nones e2e=Nones streamed_lat 4->4s lag 0->0
  [quotes_typed]   0.19s type=Manual child_fresh=Nones e2e=Nones streamed_lat 4->4s lag 0->0
  [quotes_typed]   0.19s type=Manual child_fresh=Nones e2e=Nones streamed_lat 4->4s lag 0->0
  [quotes_typed]   0.21s type=Manual child_fresh=Nones e2e=Nones streamed_lat 4->4s lag 0->0
  [lag] 2026-08-14T04:27:56Z raw=113219565734 behind=4s lag_rows=0
  [quotes_typed]   0.20s type=Manual child_fresh=Nones e2e=Nones streamed_lat 4->4s lag 0->0
  [quotes_daily]   0.23s type=Manual child_fresh=14823s e2e=14827s streamed_lat 4->4s lag 0->0
  [quotes_typed]   0.20s type=Manual child_fresh=Nones e2e=Nones streamed_lat 4->4s lag 0->0
  [quotes_typed]   0.21s type=Manual child_fresh=Nones e2e=Nones streamed_lat 4->4s lag 0->0
  [quotes_typed]   0.22s type=Manual child_fresh=Nones e2e=Nones streamed_lat 4->4s lag 0->0
  [quotes_typed]   0.27s type=Manual child_fresh=Nones e2e=Nones streamed_lat 4->4s lag 0->0
  [quotes_typed]   0.24s type=Manual child_fresh=Nones e2e=Nones streamed_lat 4->4s lag 0->0
  [quotes_typed]   0.21s type=Manual child_fresh=Nones e2e=Nones streamed_lat 4->4s lag 0->0
  [lag] 2026-08-14T04:28:56Z raw=113219565734 behind=4s lag_rows=0
  [quotes_typed]   0.21s type=Manual child_fresh=Nones e2e=Nones streamed_lat 4->4s lag 0->0
  [quotes_daily]   0.21s type=Manual child_fresh=14886s e2e=14890s streamed_lat 4->4s lag 0->0
  [quotes_typed]   0.22s type=Manual child_fresh=Nones e2e=Nones streamed_lat 4->4s lag 0->0
  [quotes_typed]   0.21s type=Manual child_fresh=Nones e2e=Nones streamed_lat 4->4s lag 0->0
  [quotes_typed]   0.20s type=Manual child_fresh=Nones e2e=Nones streamed_lat 4->4s lag 0->0
  [quotes_typed]   0.20s type=Manual child_fresh=Nones e2e=Nones streamed_lat 4->4s lag 0->0
  [quotes_typed]   0.21s type=Manual child_fresh=Nones e2e=Nones streamed_lat 4->4s lag 0->0
  [quotes_typed]   0.20s type=Manual child_fresh=Nones e2e=Nones streamed_lat 4->4s lag 0->0
  [lag] 2026-08-14T04:29:56Z raw=113219565734 behind=4s lag_rows=0
  [quotes_typed]   0.23s type=Manual child_fresh=Nones e2e=Nones streamed_lat 4->4s lag 0->0
  [quotes_daily]   0.21s type=Manual child_fresh=14943s e2e=14947s streamed_lat 4->4s lag 0->0
  [quotes_typed]   0.21s type=Manual child_fresh=Nones e2e=Nones streamed_lat 4->4s lag 0->0
  [quotes_typed]   0.21s type=Manual child_fresh=Nones e2e=Nones streamed_lat 4->4s lag 0->0
  [quotes_typed]   0.23s type=Manual child_fresh=Nones e2e=Nones streamed_lat 4->4s lag 0->0
  [quotes_typed]   0.21s type=Manual child_fresh=Nones e2e=Nones streamed_lat 4->4s lag 0->0
  [quotes_typed]   0.19s type=Manual child_fresh=Nones e2e=Nones streamed_lat 4->4s lag 0->0
  [quotes_typed]   0.20s type=Manual child_fresh=Nones e2e=Nones streamed_lat 4->4s lag 0->0
  [lag] 2026-08-14T04:30:56Z raw=113219565734 behind=4s lag_rows=0
  [quotes_typed]   0.21s type=Manual child_fresh=Nones e2e=Nones streamed_lat 4->4s lag 0->0
  [quotes_daily]   0.21s type=Manual child_fresh=15002s e2e=15006s streamed_lat 4->4s lag 0->0
  [quotes_typed]   0.30s type=Manual child_fresh=Nones e2e=Nones streamed_lat 4->4s lag 0->0
  [quotes_typed]   0.25s type=Manual child_fresh=Nones e2e=Nones streamed_lat 4->4s lag 0->0
  [quotes_typed]   0.41s type=Manual child_fresh=Nones e2e=Nones streamed_lat 4->4s lag 0->0
  [quotes_typed]   0.22s type=Manual child_fresh=Nones e2e=Nones streamed_lat 4->4s lag 0->0
  [quotes_typed]   0.21s type=Manual child_fresh=Nones e2e=Nones streamed_lat 4->4s lag 0->0
  [quotes_typed]   0.28s type=Manual child_fresh=Nones e2e=Nones streamed_lat 4->4s lag 0->0
  [lag] 2026-08-14T04:31:56Z raw=113219565734 behind=4s lag_rows=0
  [quotes_typed]   0.24s type=Manual child_fresh=Nones e2e=Nones streamed_lat 4->4s lag 0->0
  [quotes_daily]   0.22s type=Manual child_fresh=15063s e2e=15067s streamed_lat 4->4s lag 0->0
  [quotes_typed]   0.26s type=Manual child_fresh=Nones e2e=Nones streamed_lat 4->4s lag 0->0
  [quotes_typed]   0.24s type=Manual child_fresh=Nones e2e=Nones streamed_lat 4->4s lag 0->0
  [quotes_typed]   0.18s type=Manual child_fresh=Nones e2e=Nones streamed_lat 4->4s lag 0->0
  [quotes_typed]   0.18s type=Manual child_fresh=Nones e2e=Nones streamed_lat 4->4s lag 0->0
  [quotes_typed]   0.20s type=Manual child_fresh=Nones e2e=Nones streamed_lat 4->4s lag 0->0
  [quotes_typed]   0.24s type=Manual child_fresh=Nones e2e=Nones streamed_lat 4->4s lag 0->0
  [lag] 2026-08-14T04:32:56Z raw=113219565734 behind=4s lag_rows=0
  [quotes_typed]   0.29s type=Manual child_fresh=Nones e2e=Nones streamed_lat 4->4s lag 0->0
  [quotes_daily]   0.26s type=Manual child_fresh=15123s e2e=15127s streamed_lat 4->4s lag 0->0
  [quotes_typed]   0.21s type=Manual child_fresh=Nones e2e=Nones streamed_lat 4->4s lag 0->0
  [quotes_typed]   0.22s type=Manual child_fresh=Nones e2e=Nones streamed_lat 4->4s lag 0->0
  [quotes_typed]   0.28s type=Manual child_fresh=Nones e2e=Nones streamed_lat 4->4s lag 0->0
  [quotes_typed]   0.21s type=Manual child_fresh=Nones e2e=Nones streamed_lat 4->4s lag 0->0
  [quotes_typed]   0.21s type=Manual child_fresh=Nones e2e=Nones streamed_lat 4->4s lag 0->0
  [quotes_typed]   0.21s type=Manual child_fresh=Nones e2e=Nones streamed_lat 4->4s lag 0->0
  [lag] 2026-08-14T04:33:56Z raw=113219565734 behind=4s lag_rows=0
  [quotes_typed]   0.18s type=Manual child_fresh=Nones e2e=Nones streamed_lat 4->4s lag 0->0
  [quotes_daily]   0.22s type=Manual child_fresh=15183s e2e=15187s streamed_lat 4->4s lag 0->0
  [quotes_typed]   0.25s type=Manual child_fresh=Nones e2e=Nones streamed_lat 4->4s lag 0->0
  [quotes_typed]   0.22s type=Manual child_fresh=Nones e2e=Nones streamed_lat 4->4s lag 0->0
  [quotes_typed]   0.25s type=Manual child_fresh=Nones e2e=Nones streamed_lat 4->4s lag 0->0
  [quotes_typed]   0.21s type=Manual child_fresh=Nones e2e=Nones streamed_lat 4->4s lag 0->0
  [quotes_typed]   0.21s type=Manual child_fresh=Nones e2e=Nones streamed_lat 4->4s lag 0->0
  [quotes_typed]   0.25s type=Manual child_fresh=Nones e2e=Nones streamed_lat 4->4s lag 0->0
  [lag] 2026-08-14T04:34:56Z raw=113219565734 behind=4s lag_rows=0
  [quotes_typed]   0.24s type=Manual child_fresh=Nones e2e=Nones streamed_lat 4->4s lag 0->0
  [quotes_typed]   0.23s type=Manual child_fresh=Nones e2e=Nones streamed_lat 4->4s lag 0->0
  [quotes_daily]   0.20s type=Manual child_fresh=15243s e2e=15247s streamed_lat 4->4s lag 0->0
  [quotes_typed]   0.23s type=Manual child_fresh=Nones e2e=Nones streamed_lat 4->4s lag 0->0
  [quotes_typed]   0.20s type=Manual child_fresh=Nones e2e=Nones streamed_lat 4->4s lag 0->0
  [quotes_typed]   0.22s type=Manual child_fresh=Nones e2e=Nones streamed_lat 4->4s lag 0->0
  [quotes_typed]   0.20s type=Manual child_fresh=Nones e2e=Nones streamed_lat 4->4s lag 0->0
  [quotes_typed]   0.26s type=Manual child_fresh=Nones e2e=Nones streamed_lat 4->4s lag 0->0
  [quotes_typed]   0.22s type=Manual child_fresh=Nones e2e=Nones streamed_lat 4->4s lag 0->0
  [lag] 2026-08-14T04:35:56Z raw=113219565734 behind=4s lag_rows=0
  [quotes_typed]   0.22s type=Manual child_fresh=Nones e2e=Nones streamed_lat 4->4s lag 0->0
  [quotes_daily]   0.21s type=Manual child_fresh=15303s e2e=15307s streamed_lat 4->4s lag 0->0
  [quotes_typed]   0.22s type=Manual child_fresh=Nones e2e=Nones streamed_lat 4->4s lag 0->0
  [quotes_typed]   0.21s type=Manual child_fresh=Nones e2e=Nones streamed_lat 4->4s lag 0->0
  [quotes_typed]   0.23s type=Manual child_fresh=Nones e2e=Nones streamed_lat 4->4s lag 0->0
  [quotes_typed]   0.21s type=Manual child_fresh=Nones e2e=Nones streamed_lat 4->4s lag 0->0
  [quotes_typed]   0.21s type=Manual child_fresh=Nones e2e=Nones streamed_lat 4->4s lag 0->0
  [quotes_typed]   0.24s type=Manual child_fresh=Nones e2e=Nones streamed_lat 4->4s lag 0->0
  [lag] 2026-08-14T04:36:56Z raw=113219565734 behind=4s lag_rows=0
  [quotes_typed]   0.21s type=Manual child_fresh=Nones e2e=Nones streamed_lat 4->4s lag 0->0
  [quotes_typed]   0.27s type=Manual child_fresh=Nones e2e=Nones streamed_lat 4->4s lag 0->0
  [quotes_daily]   0.21s type=Manual child_fresh=15365s e2e=15369s streamed_lat 4->4s lag 0->0
  [quotes_typed]   0.21s type=Manual child_fresh=Nones e2e=Nones streamed_lat 4->4s lag 0->0
  [quotes_typed]   0.30s type=Manual child_fresh=Nones e2e=Nones streamed_lat 4->4s lag 0->0
  [quotes_typed]   0.22s type=Manual child_fresh=Nones e2e=Nones streamed_lat 4->4s lag 0->0
  [quotes_typed]   0.25s type=Manual child_fresh=Nones e2e=Nones streamed_lat 4->4s lag 0->0
  [quotes_typed]   0.21s type=Manual child_fresh=Nones e2e=Nones streamed_lat 4->4s lag 0->0
  [lag] 2026-08-14T04:37:56Z raw=113219565734 behind=4s lag_rows=0
  [quotes_typed]   0.19s type=Manual child_fresh=Nones e2e=Nones streamed_lat 4->4s lag 0->0
  [quotes_typed]   0.19s type=Manual child_fresh=Nones e2e=Nones streamed_lat 4->4s lag 0->0
  [quotes_daily]   0.20s type=Manual child_fresh=15423s e2e=15427s streamed_lat 4->4s lag 0->0
  [quotes_typed]   0.21s type=Manual child_fresh=Nones e2e=Nones streamed_lat 4->4s lag 0->0
  [quotes_typed]   0.22s type=Manual child_fresh=Nones e2e=Nones streamed_lat 4->4s lag 0->0
  [quotes_typed]   0.24s type=Manual child_fresh=Nones e2e=Nones streamed_lat 4->4s lag 0->0
  [quotes_typed]   0.20s type=Manual child_fresh=Nones e2e=Nones streamed_lat 4->4s lag 0->0
  [quotes_typed]   0.20s type=Manual child_fresh=Nones e2e=Nones streamed_lat 4->4s lag 0->0
  [quotes_typed]   0.26s type=Manual child_fresh=Nones e2e=Nones streamed_lat 4->4s lag 0->0
  [lag] 2026-08-14T04:38:56Z raw=113219565734 behind=4s lag_rows=0
  [quotes_typed]   0.22s type=Manual child_fresh=Nones e2e=Nones streamed_lat 4->4s lag 0->0
  [quotes_typed]   0.21s type=Manual child_fresh=Nones e2e=Nones streamed_lat 4->4s lag 0->0
  [quotes_daily]   0.23s type=Manual child_fresh=15488s e2e=15492s streamed_lat 4->4s lag 0->0
  [quotes_typed]   0.20s type=Manual child_fresh=Nones e2e=Nones streamed_lat 4->4s lag 0->0
  [quotes_typed]   0.20s type=Manual child_fresh=Nones e2e=Nones streamed_lat 4->4s lag 0->0
  [quotes_typed]   0.38s type=Manual child_fresh=Nones e2e=Nones streamed_lat 4->4s lag 0->0
  [quotes_typed]   0.21s type=Manual child_fresh=Nones e2e=Nones streamed_lat 4->4s lag 0->0
  [quotes_typed]   0.24s type=Manual child_fresh=Nones e2e=Nones streamed_lat 4->4s lag 0->0
  [lag] 2026-08-14T04:39:56Z raw=113219565734 behind=4s lag_rows=0
  [quotes_typed]   0.20s type=Manual child_fresh=Nones e2e=Nones streamed_lat 4->4s lag 0->0
  [quotes_typed]   0.23s type=Manual child_fresh=Nones e2e=Nones streamed_lat 4->4s lag 0->0
  [quotes_daily]   0.20s type=Manual child_fresh=15549s e2e=15553s streamed_lat 4->4s lag 0->0
  [quotes_typed]   0.28s type=Manual child_fresh=Nones e2e=Nones streamed_lat 4->4s lag 0->0
  [quotes_typed]   0.22s type=Manual child_fresh=Nones e2e=Nones streamed_lat 4->4s lag 0->0
  [quotes_typed]   0.22s type=Manual child_fresh=Nones e2e=Nones streamed_lat 4->4s lag 0->0
  [quotes_typed]   0.28s type=Manual child_fresh=Nones e2e=Nones streamed_lat 4->4s lag 0->0
  [quotes_typed]   0.18s type=Manual child_fresh=Nones e2e=Nones streamed_lat 4->4s lag 0->0
  [lag] 2026-08-14T04:40:56Z raw=113219565734 behind=4s lag_rows=0
  [quotes_typed]   0.20s type=Manual child_fresh=Nones e2e=Nones streamed_lat 4->4s lag 0->0
  [quotes_daily]   0.23s type=Manual child_fresh=15603s e2e=15607s streamed_lat 4->4s lag 0->0
  [quotes_typed]   0.19s type=Manual child_fresh=Nones e2e=Nones streamed_lat 4->4s lag 0->0
  [quotes_typed]   0.30s type=Manual child_fresh=Nones e2e=Nones streamed_lat 4->4s lag 0->0
  [quotes_typed]   0.23s type=Manual child_fresh=Nones e2e=Nones streamed_lat 4->4s lag 0->0
  [quotes_typed]   0.24s type=Manual child_fresh=Nones e2e=Nones streamed_lat 4->4s lag 0->0
  [quotes_typed]   0.19s type=Manual child_fresh=Nones e2e=Nones streamed_lat 4->4s lag 0->0
  [quotes_typed]   0.25s type=Manual child_fresh=Nones e2e=Nones streamed_lat 4->4s lag 0->0
  [lag] 2026-08-14T04:41:56Z raw=113219565734 behind=4s lag_rows=0
  [quotes_typed]   0.21s type=Manual child_fresh=Nones e2e=Nones streamed_lat 4->4s lag 0->0
  [quotes_daily]   0.20s type=Manual child_fresh=15664s e2e=15668s streamed_lat 4->4s lag 0->0
  [quotes_typed]   0.30s type=Manual child_fresh=Nones e2e=Nones streamed_lat 4->4s lag 0->0
  [quotes_typed]   0.18s type=Manual child_fresh=Nones e2e=Nones streamed_lat 4->4s lag 0->0
  [quotes_typed]   0.21s type=Manual child_fresh=Nones e2e=Nones streamed_lat 4->4s lag 0->0
  [quotes_typed]   0.20s type=Manual child_fresh=Nones e2e=Nones streamed_lat 4->4s lag 0->0
  [quotes_typed]   0.20s type=Manual child_fresh=Nones e2e=Nones streamed_lat 4->4s lag 0->0
  [quotes_typed]   0.19s type=Manual child_fresh=Nones e2e=Nones streamed_lat 4->4s lag 0->0
  [lag] 2026-08-14T04:42:56Z raw=113219565734 behind=4s lag_rows=0
  [quotes_typed]   0.21s type=Manual child_fresh=Nones e2e=Nones streamed_lat 4->4s lag 0->0
  [quotes_daily]   0.21s type=Manual child_fresh=15726s e2e=15730s streamed_lat 4->4s lag 0->0
  [quotes_typed]   0.23s type=Manual child_fresh=Nones e2e=Nones streamed_lat 4->4s lag 0->0
  [quotes_typed]   0.35s type=Manual child_fresh=Nones e2e=Nones streamed_lat 4->4s lag 0->0
  [quotes_typed]   0.21s type=Manual child_fresh=Nones e2e=Nones streamed_lat 4->4s lag 0->0
  [quotes_typed]   0.32s type=Manual child_fresh=Nones e2e=Nones streamed_lat 4->4s lag 0->0
  [quotes_typed]   0.22s type=Manual child_fresh=Nones e2e=Nones streamed_lat 4->4s lag 0->0
  [quotes_typed]   0.21s type=Manual child_fresh=Nones e2e=Nones streamed_lat 4->4s lag 0->0
  [lag] 2026-08-14T04:43:56Z raw=113219565734 behind=4s lag_rows=0
  [quotes_typed]   0.26s type=Manual child_fresh=Nones e2e=Nones streamed_lat 4->4s lag 0->0
  [quotes_daily]   0.22s type=Manual child_fresh=15786s e2e=15790s streamed_lat 4->4s lag 0->0
  [quotes_typed]   0.24s type=Manual child_fresh=Nones e2e=Nones streamed_lat 4->4s lag 0->0
  [quotes_typed]   0.22s type=Manual child_fresh=Nones e2e=Nones streamed_lat 4->4s lag 0->0
  [quotes_typed]   0.20s type=Manual child_fresh=Nones e2e=Nones streamed_lat 4->4s lag 0->0
  [quotes_typed]   0.21s type=Manual child_fresh=Nones e2e=Nones streamed_lat 4->4s lag 0->0
  [quotes_typed]   0.21s type=Manual child_fresh=Nones e2e=Nones streamed_lat 4->4s lag 0->0
  [quotes_typed]   0.20s type=Manual child_fresh=Nones e2e=Nones streamed_lat 4->4s lag 0->0
  [lag] 2026-08-14T04:44:56Z raw=113219565734 behind=4s lag_rows=0
  [quotes_typed]   0.33s type=Manual child_fresh=Nones e2e=Nones streamed_lat 4->4s lag 0->0
  [quotes_daily]   0.20s type=Manual child_fresh=15843s e2e=15847s streamed_lat 4->4s lag 0->0
  [quotes_typed]   0.19s type=Manual child_fresh=Nones e2e=Nones streamed_lat 4->4s lag 0->0
  [quotes_typed]   0.22s type=Manual child_fresh=Nones e2e=Nones streamed_lat 4->4s lag 0->0
  [quotes_typed]   0.21s type=Manual child_fresh=Nones e2e=Nones streamed_lat 4->4s lag 0->0
  [quotes_typed]   0.21s type=Manual child_fresh=Nones e2e=Nones streamed_lat 4->4s lag 0->0
  [quotes_typed]   0.20s type=Manual child_fresh=Nones e2e=Nones streamed_lat 4->4s lag 0->0
  [quotes_typed]   0.22s type=Manual child_fresh=Nones e2e=Nones streamed_lat 4->4s lag 0->0
  [lag] 2026-08-14T04:45:56Z raw=113219565734 behind=4s lag_rows=0
  [quotes_typed]   0.21s type=Manual child_fresh=Nones e2e=Nones streamed_lat 4->4s lag 0->0
  [quotes_typed]   0.22s type=Manual child_fresh=Nones e2e=Nones streamed_lat 4->4s lag 0->0
  [quotes_daily]   0.23s type=Manual child_fresh=15904s e2e=15908s streamed_lat 4->4s lag 0->0
  [quotes_typed]   0.21s type=Manual child_fresh=Nones e2e=Nones streamed_lat 4->4s lag 0->0
  [quotes_typed]   0.22s type=Manual child_fresh=Nones e2e=Nones streamed_lat 4->4s lag 0->0
  [quotes_typed]   0.22s type=Manual child_fresh=Nones e2e=Nones streamed_lat 4->4s lag 0->0
  [quotes_typed]   0.20s type=Manual child_fresh=Nones e2e=Nones streamed_lat 4->4s lag 0->0
  [quotes_typed]   0.20s type=Manual child_fresh=Nones e2e=Nones streamed_lat 4->4s lag 0->0
  [quotes_typed]   0.17s type=Manual child_fresh=Nones e2e=Nones streamed_lat 4->4s lag 0->0
  [lag] 2026-08-14T04:46:56Z raw=113219565734 behind=4s lag_rows=0
  [quotes_typed]   0.20s type=Manual child_fresh=Nones e2e=Nones streamed_lat 4->4s lag 0->0
  [quotes_daily]   0.20s type=Manual child_fresh=15963s e2e=15967s streamed_lat 4->4s lag 0->0
  [quotes_typed]   0.20s type=Manual child_fresh=Nones e2e=Nones streamed_lat 4->4s lag 0->0
  [quotes_typed]   0.20s type=Manual child_fresh=Nones e2e=Nones streamed_lat 4->4s lag 0->0
  [quotes_typed]   0.20s type=Manual child_fresh=Nones e2e=Nones streamed_lat 4->4s lag 0->0
  [quotes_typed]   0.23s type=Manual child_fresh=Nones e2e=Nones streamed_lat 4->4s lag 0->0
  [quotes_typed]   0.21s type=Manual child_fresh=Nones e2e=Nones streamed_lat 4->4s lag 0->0
  [quotes_typed]   0.20s type=Manual child_fresh=Nones e2e=Nones streamed_lat 4->4s lag 0->0
  [lag] 2026-08-14T04:47:56Z raw=113219565734 behind=4s lag_rows=0
  [quotes_typed]   0.19s type=Manual child_fresh=Nones e2e=Nones streamed_lat 4->4s lag 0->0
  [quotes_daily]   0.22s type=Manual child_fresh=16023s e2e=16027s streamed_lat 4->4s lag 0->0
  [quotes_typed]   0.24s type=Manual child_fresh=Nones e2e=Nones streamed_lat 4->4s lag 0->0
  [quotes_typed]   0.24s type=Manual child_fresh=Nones e2e=Nones streamed_lat 4->4s lag 0->0
  [quotes_typed]   0.22s type=Manual child_fresh=Nones e2e=Nones streamed_lat 4->4s lag 0->0
  [quotes_typed]   0.19s type=Manual child_fresh=Nones e2e=Nones streamed_lat 4->4s lag 0->0
  [quotes_typed]   0.19s type=Manual child_fresh=Nones e2e=Nones streamed_lat 4->4s lag 0->0
  [quotes_typed]   0.25s type=Manual child_fresh=Nones e2e=Nones streamed_lat 4->4s lag 0->0
  [lag] 2026-08-14T04:48:56Z raw=113219565734 behind=4s lag_rows=0
  [quotes_typed]   0.19s type=Manual child_fresh=Nones e2e=Nones streamed_lat 4->4s lag 0->0
  [quotes_typed]   0.20s type=Manual child_fresh=Nones e2e=Nones streamed_lat 4->4s lag 0->0
  [quotes_daily]   1.27s type=Manual child_fresh=16087s e2e=16091s streamed_lat 4->4s lag 0->0
  [quotes_typed]   0.20s type=Manual child_fresh=Nones e2e=Nones streamed_lat 4->4s lag 0->0
  [quotes_typed]   0.28s type=Manual child_fresh=Nones e2e=Nones streamed_lat 4->4s lag 0->0
  [quotes_typed]   0.19s type=Manual child_fresh=Nones e2e=Nones streamed_lat 4->4s lag 0->0
  [quotes_typed]   0.22s type=Manual child_fresh=Nones e2e=Nones streamed_lat 4->4s lag 0->0
  [quotes_typed]   0.22s type=Manual child_fresh=Nones e2e=Nones streamed_lat 4->4s lag 0->0
  [lag] 2026-08-14T04:49:56Z raw=113219565734 behind=4s lag_rows=0
  [quotes_typed]   0.18s type=Manual child_fresh=Nones e2e=Nones streamed_lat 4->4s lag 0->0
  [quotes_typed]   0.20s type=Manual child_fresh=Nones e2e=Nones streamed_lat 4->4s lag 0->0
  [quotes_daily]   0.22s type=Manual child_fresh=16143s e2e=16147s streamed_lat 4->4s lag 0->0
  [quotes_typed]   0.22s type=Manual child_fresh=Nones e2e=Nones streamed_lat 4->4s lag 0->0
  [quotes_typed]   0.26s type=Manual child_fresh=Nones e2e=Nones streamed_lat 4->4s lag 0->0
  [quotes_typed]   0.18s type=Manual child_fresh=Nones e2e=Nones streamed_lat 4->4s lag 0->0
  [quotes_typed]   0.21s type=Manual child_fresh=Nones e2e=Nones streamed_lat 4->4s lag 0->0
  [quotes_typed]   0.20s type=Manual child_fresh=Nones e2e=Nones streamed_lat 4->4s lag 0->0
  [quotes_typed]   0.27s type=Manual child_fresh=Nones e2e=Nones streamed_lat 4->4s lag 0->0
  [lag] 2026-08-14T04:50:56Z raw=113219565734 behind=4s lag_rows=0
  [quotes_typed]   0.20s type=Manual child_fresh=Nones e2e=Nones streamed_lat 4->4s lag 0->0
  [quotes_daily]   0.21s type=Manual child_fresh=16203s e2e=16207s streamed_lat 4->4s lag 0->0
  [quotes_typed]   0.20s type=Manual child_fresh=Nones e2e=Nones streamed_lat 4->4s lag 0->0
  [quotes_typed]   0.22s type=Manual child_fresh=Nones e2e=Nones streamed_lat 4->4s lag 0->0
  [quotes_typed]   0.18s type=Manual child_fresh=Nones e2e=Nones streamed_lat 4->4s lag 0->0
  [quotes_typed]   0.22s type=Manual child_fresh=Nones e2e=Nones streamed_lat 4->4s lag 0->0
  [quotes_typed]   0.22s type=Manual child_fresh=Nones e2e=Nones streamed_lat 4->4s lag 0->0
  [quotes_typed]   0.21s type=Manual child_fresh=Nones e2e=Nones streamed_lat 4->4s lag 0->0
  [lag] 2026-08-14T04:51:56Z raw=113219565734 behind=4s lag_rows=0
  [quotes_typed]   0.19s type=Manual child_fresh=Nones e2e=Nones streamed_lat 4->4s lag 0->0
  [quotes_daily]   0.20s type=Manual child_fresh=16263s e2e=16267s streamed_lat 4->4s lag 0->0
  [quotes_typed]   0.19s type=Manual child_fresh=Nones e2e=Nones streamed_lat 4->4s lag 0->0
  [quotes_typed]   0.26s type=Manual child_fresh=Nones e2e=Nones streamed_lat 4->4s lag 0->0
  [quotes_typed]   0.22s type=Manual child_fresh=Nones e2e=Nones streamed_lat 4->4s lag 0->0
  [quotes_typed]   0.20s type=Manual child_fresh=Nones e2e=Nones streamed_lat 4->4s lag 0->0
  [quotes_typed]   0.21s type=Manual child_fresh=Nones e2e=Nones streamed_lat 4->4s lag 0->0
  [quotes_typed]   0.24s type=Manual child_fresh=Nones e2e=Nones streamed_lat 4->4s lag 0->0
  [lag] 2026-08-14T04:52:56Z raw=113219565734 behind=4s lag_rows=0
  [quotes_typed]   0.18s type=Manual child_fresh=Nones e2e=Nones streamed_lat 4->4s lag 0->0
  [quotes_typed]   0.31s type=Manual child_fresh=Nones e2e=Nones streamed_lat 4->4s lag 0->0
  [quotes_daily]   0.20s type=Manual child_fresh=16323s e2e=16327s streamed_lat 4->4s lag 0->0
  [quotes_typed]   0.23s type=Manual child_fresh=Nones e2e=Nones streamed_lat 4->4s lag 0->0
  [quotes_typed]   0.20s type=Manual child_fresh=Nones e2e=Nones streamed_lat 4->4s lag 0->0
  [quotes_typed]   0.20s type=Manual child_fresh=Nones e2e=Nones streamed_lat 4->4s lag 0->0
  [quotes_typed]   0.19s type=Manual child_fresh=Nones e2e=Nones streamed_lat 4->4s lag 0->0
  [quotes_typed]   0.21s type=Manual child_fresh=Nones e2e=Nones streamed_lat 4->4s lag 0->0
  [quotes_typed]   0.19s type=Manual child_fresh=Nones e2e=Nones streamed_lat 4->4s lag 0->0
  [lag] 2026-08-14T04:53:56Z raw=113219565734 behind=4s lag_rows=0
  [quotes_typed]   0.21s type=Manual child_fresh=Nones e2e=Nones streamed_lat 4->4s lag 0->0
  [quotes_daily]   0.20s type=Manual child_fresh=16383s e2e=16387s streamed_lat 4->4s lag 0->0
  [quotes_typed]   0.17s type=Manual child_fresh=Nones e2e=Nones streamed_lat 4->4s lag 0->0
  [quotes_typed]   0.22s type=Manual child_fresh=Nones e2e=Nones streamed_lat 4->4s lag 0->0
  [quotes_typed]   0.21s type=Manual child_fresh=Nones e2e=Nones streamed_lat 4->4s lag 0->0
  [quotes_typed]   0.22s type=Manual child_fresh=Nones e2e=Nones streamed_lat 4->4s lag 0->0
  [quotes_typed]   0.22s type=Manual child_fresh=Nones e2e=Nones streamed_lat 4->4s lag 0->0
  [quotes_typed]   0.20s type=Manual child_fresh=Nones e2e=Nones streamed_lat 4->4s lag 0->0
  [lag] 2026-08-14T04:54:56Z raw=113219565734 behind=4s lag_rows=0
  [quotes_typed]   0.21s type=Manual child_fresh=Nones e2e=Nones streamed_lat 4->4s lag 0->0
  [quotes_daily]   0.21s type=Manual child_fresh=16443s e2e=16447s streamed_lat 4->4s lag 0->0
  [quotes_typed]   0.19s type=Manual child_fresh=Nones e2e=Nones streamed_lat 4->4s lag 0->0
  [quotes_typed]   0.23s type=Manual child_fresh=Nones e2e=Nones streamed_lat 4->4s lag 0->0
  [quotes_typed]   0.20s type=Manual child_fresh=Nones e2e=Nones streamed_lat 4->4s lag 0->0
  [quotes_typed]   0.20s type=Manual child_fresh=Nones e2e=Nones streamed_lat 4->4s lag 0->0
  [quotes_typed]   0.23s type=Manual child_fresh=Nones e2e=Nones streamed_lat 4->4s lag 0->0
  [quotes_typed]   0.26s type=Manual child_fresh=Nones e2e=Nones streamed_lat 4->4s lag 0->0
  [lag] 2026-08-14T04:55:56Z raw=113219565734 behind=4s lag_rows=0
  [quotes_typed]   0.21s type=Manual child_fresh=Nones e2e=Nones streamed_lat 4->4s lag 0->0
  [quotes_typed]   0.20s type=Manual child_fresh=Nones e2e=Nones streamed_lat 4->4s lag 0->0
  [quotes_daily]   0.21s type=Manual child_fresh=16506s e2e=16510s streamed_lat 4->4s lag 0->0
  [quotes_typed]   0.21s type=Manual child_fresh=Nones e2e=Nones streamed_lat 4->4s lag 0->0
  [quotes_typed]   0.23s type=Manual child_fresh=Nones e2e=Nones streamed_lat 4->4s lag 0->0
  [quotes_typed]   0.21s type=Manual child_fresh=Nones e2e=Nones streamed_lat 4->4s lag 0->0
  [quotes_typed]   0.20s type=Manual child_fresh=Nones e2e=Nones streamed_lat 4->4s lag 0->0
  [quotes_typed]   0.20s type=Manual child_fresh=Nones e2e=Nones streamed_lat 4->4s lag 0->0
  [lag] 2026-08-14T04:56:56Z raw=113219565734 behind=4s lag_rows=0
  [quotes_typed]   0.22s type=Manual child_fresh=Nones e2e=Nones streamed_lat 4->4s lag 0->0
  [quotes_typed]   0.19s type=Manual child_fresh=Nones e2e=Nones streamed_lat 4->4s lag 0->0
  [quotes_daily]   0.23s type=Manual child_fresh=16563s e2e=16567s streamed_lat 4->4s lag 0->0
  [quotes_typed]   0.21s type=Manual child_fresh=Nones e2e=Nones streamed_lat 4->4s lag 0->0
  [quotes_typed]   0.19s type=Manual child_fresh=Nones e2e=Nones streamed_lat 4->4s lag 0->0
  [quotes_typed]   0.24s type=Manual child_fresh=Nones e2e=Nones streamed_lat 4->4s lag 0->0
  [quotes_typed]   0.22s type=Manual child_fresh=Nones e2e=Nones streamed_lat 4->4s lag 0->0
  [quotes_typed]   0.20s type=Manual child_fresh=Nones e2e=Nones streamed_lat 4->4s lag 0->0
  [lag] 2026-08-14T04:57:56Z raw=113219565734 behind=4s lag_rows=0
  [quotes_typed]   0.27s type=Manual child_fresh=Nones e2e=Nones streamed_lat 4->4s lag 0->0
  [quotes_typed]   0.22s type=Manual child_fresh=Nones e2e=Nones streamed_lat 4->4s lag 0->0
  [quotes_daily]   0.20s type=Manual child_fresh=16626s e2e=16630s streamed_lat 4->4s lag 0->0
  [quotes_typed]   0.21s type=Manual child_fresh=Nones e2e=Nones streamed_lat 4->4s lag 0->0
  [quotes_typed]   0.30s type=Manual child_fresh=Nones e2e=Nones streamed_lat 4->4s lag 0->0
  [quotes_typed]   0.21s type=Manual child_fresh=Nones e2e=Nones streamed_lat 4->4s lag 0->0
  [quotes_typed]   0.21s type=Manual child_fresh=Nones e2e=Nones streamed_lat 4->4s lag 0->0
  [quotes_typed]   0.20s type=Manual child_fresh=Nones e2e=Nones streamed_lat 4->4s lag 0->0
  [lag] 2026-08-14T04:58:56Z raw=113219565734 behind=4s lag_rows=0
  [quotes_typed]   0.20s type=Manual child_fresh=Nones e2e=Nones streamed_lat 4->4s lag 0->0
  [quotes_daily]   0.21s type=Manual child_fresh=16683s e2e=16687s streamed_lat 4->4s lag 0->0
  [quotes_typed]   0.40s type=Manual child_fresh=Nones e2e=Nones streamed_lat 4->4s lag 0->0
  [quotes_typed]   0.22s type=Manual child_fresh=Nones e2e=Nones streamed_lat 4->4s lag 0->0
  [quotes_typed]   0.21s type=Manual child_fresh=Nones e2e=Nones streamed_lat 4->4s lag 0->0
  [quotes_typed]   0.21s type=Manual child_fresh=Nones e2e=Nones streamed_lat 4->4s lag 0->0
  [quotes_typed]   0.23s type=Manual child_fresh=Nones e2e=Nones streamed_lat 4->4s lag 0->0
  [quotes_typed]   0.20s type=Manual child_fresh=Nones e2e=Nones streamed_lat 4->4s lag 0->0
  [lag] 2026-08-14T04:59:56Z raw=113219565734 behind=4s lag_rows=0
  [quotes_typed]   0.20s type=Manual child_fresh=Nones e2e=Nones streamed_lat 4->4s lag 0->0
  [quotes_typed]   0.23s type=Manual child_fresh=Nones e2e=Nones streamed_lat 4->4s lag 0->0
  [quotes_daily]   0.28s type=Manual child_fresh=16743s e2e=16747s streamed_lat 4->4s lag 0->0
  [quotes_typed]   0.21s type=Manual child_fresh=Nones e2e=Nones streamed_lat 4->4s lag 0->0
  [quotes_typed]   0.24s type=Manual child_fresh=Nones e2e=Nones streamed_lat 4->4s lag 0->0
  [quotes_typed]   0.21s type=Manual child_fresh=Nones e2e=Nones streamed_lat 4->4s lag 0->0
  [quotes_typed]   0.20s type=Manual child_fresh=Nones e2e=Nones streamed_lat 4->4s lag 0->0
  [quotes_typed]   0.21s type=Manual child_fresh=Nones e2e=Nones streamed_lat 4->4s lag 0->0
  [quotes_typed]   0.19s type=Manual child_fresh=Nones e2e=Nones streamed_lat 4->4s lag 0->0
  [lag] 2026-08-14T05:00:56Z raw=113219565734 behind=4s lag_rows=0
  [quotes_typed]   0.34s type=Manual child_fresh=Nones e2e=Nones streamed_lat 4->4s lag 0->0
  [quotes_daily]   0.25s type=Manual child_fresh=16805s e2e=16809s streamed_lat 4->4s lag 0->0
  [quotes_typed]   0.21s type=Manual child_fresh=Nones e2e=Nones streamed_lat 4->4s lag 0->0
  [quotes_typed]   0.20s type=Manual child_fresh=Nones e2e=Nones streamed_lat 4->4s lag 0->0
  [quotes_typed]   0.41s type=Manual child_fresh=Nones e2e=Nones streamed_lat 4->4s lag 0->0
  [quotes_typed]   0.24s type=Manual child_fresh=Nones e2e=Nones streamed_lat 4->4s lag 0->0
  [quotes_typed]   0.22s type=Manual child_fresh=Nones e2e=Nones streamed_lat 4->4s lag 0->0
  [quotes_typed]   0.21s type=Manual child_fresh=Nones e2e=Nones streamed_lat 4->4s lag 0->0
  [lag] 2026-08-14T05:01:56Z raw=113219565734 behind=4s lag_rows=0
  [quotes_typed]   0.24s type=Manual child_fresh=Nones e2e=Nones streamed_lat 4->4s lag 0->0
  [quotes_daily]   0.28s type=Manual child_fresh=16863s e2e=16867s streamed_lat 4->4s lag 0->0
  [quotes_typed]   0.21s type=Manual child_fresh=Nones e2e=Nones streamed_lat 4->4s lag 0->0
  [quotes_typed]   0.20s type=Manual child_fresh=Nones e2e=Nones streamed_lat 4->4s lag 0->0
  [quotes_typed]   0.22s type=Manual child_fresh=Nones e2e=Nones streamed_lat 4->4s lag 0->0
  [quotes_typed]   0.20s type=Manual child_fresh=Nones e2e=Nones streamed_lat 4->4s lag 0->0
  [quotes_typed]   0.22s type=Manual child_fresh=Nones e2e=Nones streamed_lat 4->4s lag 0->0
  [quotes_typed]   0.23s type=Manual child_fresh=Nones e2e=Nones streamed_lat 4->4s lag 0->0
  [lag] 2026-08-14T05:02:56Z raw=113219565734 behind=4s lag_rows=0
  [quotes_typed]   0.21s type=Manual child_fresh=Nones e2e=Nones streamed_lat 4->4s lag 0->0
  [quotes_typed]   0.29s type=Manual child_fresh=Nones e2e=Nones streamed_lat 4->4s lag 0->0
  [quotes_daily]   0.24s type=Manual child_fresh=16923s e2e=16927s streamed_lat 4->4s lag 0->0
  [quotes_typed]   0.21s type=Manual child_fresh=Nones e2e=Nones streamed_lat 4->4s lag 0->0
  [quotes_typed]   0.19s type=Manual child_fresh=Nones e2e=Nones streamed_lat 4->4s lag 0->0
  [quotes_typed]   0.22s type=Manual child_fresh=Nones e2e=Nones streamed_lat 4->4s lag 0->0
  [quotes_typed]   0.20s type=Manual child_fresh=Nones e2e=Nones streamed_lat 4->4s lag 0->0
  [quotes_typed]   0.22s type=Manual child_fresh=Nones e2e=Nones streamed_lat 4->4s lag 0->0
  [quotes_typed]   0.21s type=Manual child_fresh=Nones e2e=Nones streamed_lat 4->4s lag 0->0
  [lag] 2026-08-14T05:03:56Z raw=113219565734 behind=4s lag_rows=0
  [quotes_typed]   0.26s type=Manual child_fresh=Nones e2e=Nones streamed_lat 4->4s lag 0->0
  [quotes_daily]   0.23s type=Manual child_fresh=16986s e2e=16990s streamed_lat 4->4s lag 0->0
  [quotes_typed]   0.20s type=Manual child_fresh=Nones e2e=Nones streamed_lat 4->4s lag 0->0
  [quotes_typed]   0.23s type=Manual child_fresh=Nones e2e=Nones streamed_lat 4->4s lag 0->0
  [quotes_typed]   0.20s type=Manual child_fresh=Nones e2e=Nones streamed_lat 4->4s lag 0->0
  [quotes_typed]   0.20s type=Manual child_fresh=Nones e2e=Nones streamed_lat 4->4s lag 0->0
  [quotes_typed]   0.25s type=Manual child_fresh=Nones e2e=Nones streamed_lat 4->4s lag 0->0
  [lag] 2026-08-14T05:04:56Z raw=113219565734 behind=4s lag_rows=0
  [quotes_typed]   0.22s type=Manual child_fresh=Nones e2e=Nones streamed_lat 4->4s lag 0->0
  [quotes_daily]   0.23s type=Manual child_fresh=17046s e2e=17050s streamed_lat 4->4s lag 0->0
  [quotes_typed]   0.20s type=Manual child_fresh=Nones e2e=Nones streamed_lat 4->4s lag 0->0
  [quotes_typed]   0.24s type=Manual child_fresh=Nones e2e=Nones streamed_lat 4->4s lag 0->0
  [quotes_typed]   0.21s type=Manual child_fresh=Nones e2e=Nones streamed_lat 4->4s lag 0->0
  [quotes_typed]   0.24s type=Manual child_fresh=Nones e2e=Nones streamed_lat 4->4s lag 0->0
  [quotes_typed]   0.24s type=Manual child_fresh=Nones e2e=Nones streamed_lat 4->4s lag 0->0
  [lag] 2026-08-14T05:05:56Z raw=113219565734 behind=4s lag_rows=0
  [quotes_typed]   0.45s type=Manual child_fresh=Nones e2e=Nones streamed_lat 4->4s lag 0->0
  [quotes_typed]   0.23s type=Manual child_fresh=Nones e2e=Nones streamed_lat 4->4s lag 0->0
  [quotes_daily]   0.21s type=Manual child_fresh=17103s e2e=17107s streamed_lat 4->4s lag 0->0
  [quotes_typed]   0.22s type=Manual child_fresh=Nones e2e=Nones streamed_lat 4->4s lag 0->0
  [quotes_typed]   0.24s type=Manual child_fresh=Nones e2e=Nones streamed_lat 4->4s lag 0->0
  [quotes_typed]   0.25s type=Manual child_fresh=Nones e2e=Nones streamed_lat 4->4s lag 0->0
  [quotes_typed]   0.24s type=Manual child_fresh=Nones e2e=Nones streamed_lat 4->4s lag 0->0
  [quotes_typed]   0.21s type=Manual child_fresh=Nones e2e=Nones streamed_lat 4->4s lag 0->0
  [quotes_typed]   0.22s type=Manual child_fresh=Nones e2e=Nones streamed_lat 4->4s lag 0->0
  [lag] 2026-08-14T05:06:56Z raw=113219565734 behind=4s lag_rows=0
  [quotes_typed]   0.19s type=Manual child_fresh=Nones e2e=Nones streamed_lat 4->4s lag 0->0
  [quotes_typed]   0.21s type=Manual child_fresh=Nones e2e=Nones streamed_lat 4->4s lag 0->0
  [quotes_daily]   0.24s type=Manual child_fresh=17167s e2e=17171s streamed_lat 4->4s lag 0->0
  [quotes_typed]   0.24s type=Manual child_fresh=Nones e2e=Nones streamed_lat 4->4s lag 0->0
  [quotes_typed]   0.22s type=Manual child_fresh=Nones e2e=Nones streamed_lat 4->4s lag 0->0
  [quotes_typed]   0.23s type=Manual child_fresh=Nones e2e=Nones streamed_lat 4->4s lag 0->0
  [quotes_typed]   0.28s type=Manual child_fresh=Nones e2e=Nones streamed_lat 4->4s lag 0->0
  [quotes_typed]   0.19s type=Manual child_fresh=Nones e2e=Nones streamed_lat 4->4s lag 0->0
  [lag] 2026-08-14T05:07:56Z raw=113219565734 behind=4s lag_rows=0
  [quotes_typed]   0.21s type=Manual child_fresh=Nones e2e=Nones streamed_lat 4->4s lag 0->0
  [quotes_typed]   0.24s type=Manual child_fresh=Nones e2e=Nones streamed_lat 4->4s lag 0->0
  [quotes_daily]   0.24s type=Manual child_fresh=17224s e2e=17228s streamed_lat 4->4s lag 0->0
  [quotes_typed]   0.21s type=Manual child_fresh=Nones e2e=Nones streamed_lat 4->4s lag 0->0
  [quotes_typed]   0.21s type=Manual child_fresh=Nones e2e=Nones streamed_lat 4->4s lag 0->0
  [quotes_typed]   0.21s type=Manual child_fresh=Nones e2e=Nones streamed_lat 4->4s lag 0->0
  [quotes_typed]   0.21s type=Manual child_fresh=Nones e2e=Nones streamed_lat 4->4s lag 0->0
  [quotes_typed]   0.21s type=Manual child_fresh=Nones e2e=Nones streamed_lat 4->4s lag 0->0
  [lag] 2026-08-14T05:08:56Z raw=113219565734 behind=4s lag_rows=0
  [quotes_typed]   0.21s type=Manual child_fresh=Nones e2e=Nones streamed_lat 4->4s lag 0->0
  [quotes_typed]   0.21s type=Manual child_fresh=Nones e2e=Nones streamed_lat 4->4s lag 0->0
  [quotes_daily]   0.22s type=Manual child_fresh=17291s e2e=17295s streamed_lat 4->4s lag 0->0
  [quotes_typed]   0.20s type=Manual child_fresh=Nones e2e=Nones streamed_lat 4->4s lag 0->0
  [quotes_typed]   0.20s type=Manual child_fresh=Nones e2e=Nones streamed_lat 4->4s lag 0->0
  [quotes_typed]   0.23s type=Manual child_fresh=Nones e2e=Nones streamed_lat 4->4s lag 0->0
  [quotes_typed]   0.22s type=Manual child_fresh=Nones e2e=Nones streamed_lat 4->4s lag 0->0
  [quotes_typed]   0.20s type=Manual child_fresh=Nones e2e=Nones streamed_lat 4->4s lag 0->0
  [lag] 2026-08-14T05:09:56Z raw=113219565734 behind=4s lag_rows=0
  [quotes_typed]   0.18s type=Manual child_fresh=Nones e2e=Nones streamed_lat 4->4s lag 0->0
  [quotes_daily]   0.23s type=Manual child_fresh=17343s e2e=17347s streamed_lat 4->4s lag 0->0
  [quotes_typed]   0.22s type=Manual child_fresh=Nones e2e=Nones streamed_lat 4->4s lag 0->0
  [quotes_typed]   0.23s type=Manual child_fresh=Nones e2e=Nones streamed_lat 4->4s lag 0->0
  [quotes_typed]   0.19s type=Manual child_fresh=Nones e2e=Nones streamed_lat 4->4s lag 0->0
  [quotes_typed]   0.21s type=Manual child_fresh=Nones e2e=Nones streamed_lat 4->4s lag 0->0
  [quotes_typed]   0.24s type=Manual child_fresh=Nones e2e=Nones streamed_lat 4->4s lag 0->0
  [quotes_typed]   0.23s type=Manual child_fresh=Nones e2e=Nones streamed_lat 4->4s lag 0->0
  [lag] 2026-08-14T05:10:56Z raw=113219565734 behind=4s lag_rows=0
  [quotes_typed]   0.21s type=Manual child_fresh=Nones e2e=Nones streamed_lat 4->4s lag 0->0
  [quotes_typed]   0.23s type=Manual child_fresh=Nones e2e=Nones streamed_lat 4->4s lag 0->0
  [quotes_daily]   0.22s type=Manual child_fresh=17404s e2e=17408s streamed_lat 4->4s lag 0->0
  [quotes_typed]   0.21s type=Manual child_fresh=Nones e2e=Nones streamed_lat 4->4s lag 0->0
  [quotes_typed]   0.24s type=Manual child_fresh=Nones e2e=Nones streamed_lat 4->4s lag 0->0
  [quotes_typed]   0.21s type=Manual child_fresh=Nones e2e=Nones streamed_lat 4->4s lag 0->0
  [quotes_typed]   0.26s type=Manual child_fresh=Nones e2e=Nones streamed_lat 4->4s lag 0->0
  [quotes_typed]   0.20s type=Manual child_fresh=Nones e2e=Nones streamed_lat 4->4s lag 0->0
  [lag] 2026-08-14T05:11:56Z raw=113219565734 behind=4s lag_rows=0
  [quotes_typed]   0.20s type=Manual child_fresh=Nones e2e=Nones streamed_lat 4->4s lag 0->0
  [quotes_typed]   0.23s type=Manual child_fresh=Nones e2e=Nones streamed_lat 4->4s lag 0->0
  [quotes_daily]   1.26s type=Manual child_fresh=17468s e2e=17472s streamed_lat 4->4s lag 0->0
  [quotes_typed]   0.22s type=Manual child_fresh=Nones e2e=Nones streamed_lat 4->4s lag 0->0
  [quotes_typed]   0.20s type=Manual child_fresh=Nones e2e=Nones streamed_lat 4->4s lag 0->0
  [quotes_typed]   0.20s type=Manual child_fresh=Nones e2e=Nones streamed_lat 4->4s lag 0->0
  [quotes_typed]   0.27s type=Manual child_fresh=Nones e2e=Nones streamed_lat 4->4s lag 0->0
  [quotes_typed]   0.21s type=Manual child_fresh=Nones e2e=Nones streamed_lat 4->4s lag 0->0
  [lag] 2026-08-14T05:12:56Z raw=113219565734 behind=4s lag_rows=0
  [quotes_typed]   0.20s type=Manual child_fresh=Nones e2e=Nones streamed_lat 4->4s lag 0->0
  [quotes_daily]   0.21s type=Manual child_fresh=17523s e2e=17527s streamed_lat 4->4s lag 0->0
  [quotes_typed]   0.20s type=Manual child_fresh=Nones e2e=Nones streamed_lat 4->4s lag 0->0
  [quotes_typed]   0.20s type=Manual child_fresh=Nones e2e=Nones streamed_lat 4->4s lag 0->0
  [quotes_typed]   0.20s type=Manual child_fresh=Nones e2e=Nones streamed_lat 4->4s lag 0->0
  [quotes_typed]   0.21s type=Manual child_fresh=Nones e2e=Nones streamed_lat 4->4s lag 0->0
  [quotes_typed]   0.21s type=Manual child_fresh=Nones e2e=Nones streamed_lat 4->4s lag 0->0
  [quotes_typed]   0.24s type=Manual child_fresh=Nones e2e=Nones streamed_lat 4->4s lag 0->0
  [lag] 2026-08-14T05:13:56Z raw=113219565734 behind=4s lag_rows=0
  [quotes_typed]   0.19s type=Manual child_fresh=Nones e2e=Nones streamed_lat 4->4s lag 0->0
  [quotes_typed]   0.19s type=Manual child_fresh=Nones e2e=Nones streamed_lat 4->4s lag 0->0
  [quotes_daily]   0.28s type=Manual child_fresh=17583s e2e=17587s streamed_lat 4->4s lag 0->0
  [quotes_typed]   0.20s type=Manual child_fresh=Nones e2e=Nones streamed_lat 4->4s lag 0->0
  [quotes_typed]   0.23s type=Manual child_fresh=Nones e2e=Nones streamed_lat 4->4s lag 0->0
  [quotes_typed]   0.19s type=Manual child_fresh=Nones e2e=Nones streamed_lat 4->4s lag 0->0
  [quotes_typed]   0.19s type=Manual child_fresh=Nones e2e=Nones streamed_lat 4->4s lag 0->0
  [quotes_typed]   0.21s type=Manual child_fresh=Nones e2e=Nones streamed_lat 4->4s lag 0->0
  [quotes_typed]   0.27s type=Manual child_fresh=Nones e2e=Nones streamed_lat 4->4s lag 0->0
  [lag] 2026-08-14T05:14:56Z raw=113219565734 behind=4s lag_rows=0
  [quotes_typed]   0.23s type=Manual child_fresh=Nones e2e=Nones streamed_lat 4->4s lag 0->0
  [quotes_daily]   0.23s type=Manual child_fresh=17643s e2e=17647s streamed_lat 4->4s lag 0->0
  [quotes_typed]   0.22s type=Manual child_fresh=Nones e2e=Nones streamed_lat 4->4s lag 0->0
  [quotes_typed]   0.20s type=Manual child_fresh=Nones e2e=Nones streamed_lat 4->4s lag 0->0
  [quotes_typed]   0.22s type=Manual child_fresh=Nones e2e=Nones streamed_lat 4->4s lag 0->0
  [quotes_typed]   0.25s type=Manual child_fresh=Nones e2e=Nones streamed_lat 4->4s lag 0->0
  [quotes_typed]   0.20s type=Manual child_fresh=Nones e2e=Nones streamed_lat 4->4s lag 0->0
  [quotes_typed]   0.21s type=Manual child_fresh=Nones e2e=Nones streamed_lat 4->4s lag 0->0
  [lag] 2026-08-14T05:15:56Z raw=113219565734 behind=4s lag_rows=0
  [quotes_typed]   0.20s type=Manual child_fresh=Nones e2e=Nones streamed_lat 4->4s lag 0->0
  [quotes_typed]   0.29s type=Manual child_fresh=Nones e2e=Nones streamed_lat 4->4s lag 0->0
  [quotes_daily]   0.20s type=Manual child_fresh=17703s e2e=17707s streamed_lat 4->4s lag 0->0
  [quotes_typed]   0.20s type=Manual child_fresh=Nones e2e=Nones streamed_lat 4->4s lag 0->0
  [quotes_typed]   0.41s type=Manual child_fresh=Nones e2e=Nones streamed_lat 4->4s lag 0->0
  [quotes_typed]   0.21s type=Manual child_fresh=Nones e2e=Nones streamed_lat 4->4s lag 0->0
  [quotes_typed]   0.25s type=Manual child_fresh=Nones e2e=Nones streamed_lat 4->4s lag 0->0
  [quotes_typed]   0.21s type=Manual child_fresh=Nones e2e=Nones streamed_lat 4->4s lag 0->0
  [lag] 2026-08-14T05:16:56Z raw=113219565734 behind=4s lag_rows=0
  [quotes_typed]   0.23s type=Manual child_fresh=Nones e2e=Nones streamed_lat 4->4s lag 0->0
  [quotes_typed]   0.22s type=Manual child_fresh=Nones e2e=Nones streamed_lat 4->4s lag 0->0
  [quotes_daily]   1.24s type=Manual child_fresh=17767s e2e=17771s streamed_lat 4->4s lag 0->0
  [quotes_typed]   0.27s type=Manual child_fresh=Nones e2e=Nones streamed_lat 4->4s lag 0->0
  [quotes_typed]   0.20s type=Manual child_fresh=Nones e2e=Nones streamed_lat 4->4s lag 0->0
  [quotes_typed]   0.27s type=Manual child_fresh=Nones e2e=Nones streamed_lat 4->4s lag 0->0
  [quotes_typed]   0.21s type=Manual child_fresh=Nones e2e=Nones streamed_lat 4->4s lag 0->0
  [quotes_typed]   0.23s type=Manual child_fresh=Nones e2e=Nones streamed_lat 4->4s lag 0->0
  [lag] 2026-08-14T05:17:56Z raw=113219565734 behind=4s lag_rows=0
  [quotes_typed]   0.20s type=Manual child_fresh=Nones e2e=Nones streamed_lat 4->4s lag 0->0
  [quotes_daily]   0.22s type=Manual child_fresh=17823s e2e=17827s streamed_lat 4->4s lag 0->0
  [quotes_typed]   0.22s type=Manual child_fresh=Nones e2e=Nones streamed_lat 4->4s lag 0->0
  [quotes_typed]   0.20s type=Manual child_fresh=Nones e2e=Nones streamed_lat 4->4s lag 0->0
  [quotes_typed]   0.23s type=Manual child_fresh=Nones e2e=Nones streamed_lat 4->4s lag 0->0
  [quotes_typed]   0.22s type=Manual child_fresh=Nones e2e=Nones streamed_lat 4->4s lag 0->0
  [quotes_typed]   0.23s type=Manual child_fresh=Nones e2e=Nones streamed_lat 4->4s lag 0->0
  [quotes_typed]   0.20s type=Manual child_fresh=Nones e2e=Nones streamed_lat 4->4s lag 0->0
  [quotes_typed]   0.20s type=Manual child_fresh=Nones e2e=Nones streamed_lat 4->4s lag 0->0
  [lag] 2026-08-14T05:18:56Z raw=113219565734 behind=4s lag_rows=0
  [quotes_typed]   0.21s type=Manual child_fresh=Nones e2e=Nones streamed_lat 4->4s lag 0->0
  [quotes_daily]   0.24s type=Manual child_fresh=17884s e2e=17888s streamed_lat 4->4s lag 0->0
  [quotes_typed]   0.24s type=Manual child_fresh=Nones e2e=Nones streamed_lat 4->4s lag 0->0
  [quotes_typed]   0.19s type=Manual child_fresh=Nones e2e=Nones streamed_lat 4->4s lag 0->0
  [quotes_typed]   0.22s type=Manual child_fresh=Nones e2e=Nones streamed_lat 4->4s lag 0->0
  [quotes_typed]   0.20s type=Manual child_fresh=Nones e2e=Nones streamed_lat 4->4s lag 0->0
  [quotes_typed]   0.20s type=Manual child_fresh=Nones e2e=Nones streamed_lat 4->4s lag 0->0
  [lag] 2026-08-14T05:19:56Z raw=113219565734 behind=4s lag_rows=0
  [quotes_typed]   0.20s type=Manual child_fresh=Nones e2e=Nones streamed_lat 4->4s lag 0->0
  [quotes_typed]   0.20s type=Manual child_fresh=Nones e2e=Nones streamed_lat 4->4s lag 0->0
  [quotes_daily]   1.21s type=Manual child_fresh=17947s e2e=17951s streamed_lat 4->4s lag 0->0
  [quotes_typed]   0.24s type=Manual child_fresh=Nones e2e=Nones streamed_lat 4->4s lag 0->0
  [quotes_typed]   0.20s type=Manual child_fresh=Nones e2e=Nones streamed_lat 4->4s lag 0->0
  [quotes_typed]   0.21s type=Manual child_fresh=Nones e2e=Nones streamed_lat 4->4s lag 0->0
  [quotes_typed]   0.21s type=Manual child_fresh=Nones e2e=Nones streamed_lat 4->4s lag 0->0
  [quotes_typed]   0.22s type=Manual child_fresh=Nones e2e=Nones streamed_lat 4->4s lag 0->0
  [lag] 2026-08-14T05:20:56Z raw=113219565734 behind=4s lag_rows=0
  [quotes_typed]   0.20s type=Manual child_fresh=Nones e2e=Nones streamed_lat 4->4s lag 0->0
  [quotes_daily]   0.24s type=Manual child_fresh=18003s e2e=18007s streamed_lat 4->4s lag 0->0
  [quotes_typed]   0.20s type=Manual child_fresh=Nones e2e=Nones streamed_lat 4->4s lag 0->0
  [quotes_typed]   0.19s type=Manual child_fresh=Nones e2e=Nones streamed_lat 4->4s lag 0->0
  [quotes_typed]   0.24s type=Manual child_fresh=Nones e2e=Nones streamed_lat 4->4s lag 0->0
  [quotes_typed]   0.20s type=Manual child_fresh=Nones e2e=Nones streamed_lat 4->4s lag 0->0
  [quotes_typed]   0.20s type=Manual child_fresh=Nones e2e=Nones streamed_lat 4->4s lag 0->0
  [quotes_typed]   0.19s type=Manual child_fresh=Nones e2e=Nones streamed_lat 4->4s lag 0->0
  [lag] 2026-08-14T05:21:56Z raw=113219565734 behind=4s lag_rows=0
  [quotes_typed]   0.20s type=Manual child_fresh=Nones e2e=Nones streamed_lat 4->4s lag 0->0
  [quotes_typed]   0.22s type=Manual child_fresh=Nones e2e=Nones streamed_lat 4->4s lag 0->0
  [quotes_daily]   0.23s type=Manual child_fresh=18068s e2e=18072s streamed_lat 4->4s lag 0->0
  [quotes_typed]   0.21s type=Manual child_fresh=Nones e2e=Nones streamed_lat 4->4s lag 0->0
  [quotes_typed]   0.22s type=Manual child_fresh=Nones e2e=Nones streamed_lat 4->4s lag 0->0
  [quotes_typed]   0.20s type=Manual child_fresh=Nones e2e=Nones streamed_lat 4->4s lag 0->0
  [quotes_typed]   0.29s type=Manual child_fresh=Nones e2e=Nones streamed_lat 4->4s lag 0->0
  [quotes_typed]   0.22s type=Manual child_fresh=Nones e2e=Nones streamed_lat 4->4s lag 0->0
  [lag] 2026-08-14T05:22:56Z raw=113219565734 behind=4s lag_rows=0
  [quotes_typed]   0.20s type=Manual child_fresh=Nones e2e=Nones streamed_lat 4->4s lag 0->0
  [quotes_daily]   0.22s type=Manual child_fresh=18123s e2e=18127s streamed_lat 4->4s lag 0->0
  [quotes_typed]   0.26s type=Manual child_fresh=Nones e2e=Nones streamed_lat 4->4s lag 0->0
  [quotes_typed]   0.21s type=Manual child_fresh=Nones e2e=Nones streamed_lat 4->4s lag 0->0
  [quotes_typed]   0.22s type=Manual child_fresh=Nones e2e=Nones streamed_lat 4->4s lag 0->0
  [quotes_typed]   0.20s type=Manual child_fresh=Nones e2e=Nones streamed_lat 4->4s lag 0->0
  [quotes_typed]   0.21s type=Manual child_fresh=Nones e2e=Nones streamed_lat 4->4s lag 0->0
  [quotes_typed]   0.24s type=Manual child_fresh=Nones e2e=Nones streamed_lat 4->4s lag 0->0
  [lag] 2026-08-14T05:23:56Z raw=113219565734 behind=4s lag_rows=0
  [quotes_typed]   0.29s type=Manual child_fresh=Nones e2e=Nones streamed_lat 4->4s lag 0->0
  [quotes_typed]   0.24s type=Manual child_fresh=Nones e2e=Nones streamed_lat 4->4s lag 0->0
  [quotes_daily]   0.22s type=Manual child_fresh=18184s e2e=18188s streamed_lat 4->4s lag 0->0
  [quotes_typed]   0.20s type=Manual child_fresh=Nones e2e=Nones streamed_lat 4->4s lag 0->0
  [quotes_typed]   0.21s type=Manual child_fresh=Nones e2e=Nones streamed_lat 4->4s lag 0->0
  [quotes_typed]   0.23s type=Manual child_fresh=Nones e2e=Nones streamed_lat 4->4s lag 0->0
  [quotes_typed]   0.22s type=Manual child_fresh=Nones e2e=Nones streamed_lat 4->4s lag 0->0
  [quotes_typed]   0.17s type=Manual child_fresh=Nones e2e=Nones streamed_lat 4->4s lag 0->0
  [lag] 2026-08-14T05:24:56Z raw=113219565734 behind=4s lag_rows=0
  [quotes_typed]   0.20s type=Manual child_fresh=Nones e2e=Nones streamed_lat 4->4s lag 0->0
  [quotes_typed]   0.24s type=Manual child_fresh=Nones e2e=Nones streamed_lat 4->4s lag 0->0
  [quotes_daily]   0.30s type=Manual child_fresh=18245s e2e=18249s streamed_lat 4->4s lag 0->0
  [quotes_typed]   0.21s type=Manual child_fresh=Nones e2e=Nones streamed_lat 4->4s lag 0->0
  [quotes_typed]   0.19s type=Manual child_fresh=Nones e2e=Nones streamed_lat 4->4s lag 0->0
  [quotes_typed]   0.23s type=Manual child_fresh=Nones e2e=Nones streamed_lat 4->4s lag 0->0
  [quotes_typed]   0.21s type=Manual child_fresh=Nones e2e=Nones streamed_lat 4->4s lag 0->0
  [quotes_typed]   0.24s type=Manual child_fresh=Nones e2e=Nones streamed_lat 4->4s lag 0->0
  [lag] 2026-08-14T05:25:56Z raw=113219565734 behind=4s lag_rows=0
  [quotes_typed]   0.21s type=Manual child_fresh=Nones e2e=Nones streamed_lat 4->4s lag 0->0
  [quotes_typed]   0.22s type=Manual child_fresh=Nones e2e=Nones streamed_lat 4->4s lag 0->0
  [quotes_daily]   0.23s type=Manual child_fresh=18310s e2e=18314s streamed_lat 4->4s lag 0->0
  [quotes_typed]   0.19s type=Manual child_fresh=Nones e2e=Nones streamed_lat 4->4s lag 0->0
  [quotes_typed]   0.24s type=Manual child_fresh=Nones e2e=Nones streamed_lat 4->4s lag 0->0
  [quotes_typed]   0.22s type=Manual child_fresh=Nones e2e=Nones streamed_lat 4->4s lag 0->0
  [quotes_typed]   0.27s type=Manual child_fresh=Nones e2e=Nones streamed_lat 4->4s lag 0->0
  [quotes_typed]   0.25s type=Manual child_fresh=Nones e2e=Nones streamed_lat 4->4s lag 0->0
  [lag] 2026-08-14T05:26:56Z raw=113219565734 behind=4s lag_rows=0
  [quotes_typed]   0.20s type=Manual child_fresh=Nones e2e=Nones streamed_lat 4->4s lag 0->0
  [quotes_daily]   0.26s type=Manual child_fresh=18363s e2e=18367s streamed_lat 4->4s lag 0->0
  [quotes_typed]   0.20s type=Manual child_fresh=Nones e2e=Nones streamed_lat 4->4s lag 0->0
  [quotes_typed]   0.27s type=Manual child_fresh=Nones e2e=Nones streamed_lat 4->4s lag 0->0
  [quotes_typed]   0.18s type=Manual child_fresh=Nones e2e=Nones streamed_lat 4->4s lag 0->0
  [quotes_typed]   0.20s type=Manual child_fresh=Nones e2e=Nones streamed_lat 4->4s lag 0->0
  [quotes_typed]   0.22s type=Manual child_fresh=Nones e2e=Nones streamed_lat 4->4s lag 0->0
  [quotes_typed]   0.26s type=Manual child_fresh=Nones e2e=Nones streamed_lat 4->4s lag 0->0
  [lag] 2026-08-14T05:27:56Z raw=113219565734 behind=4s lag_rows=0
  [quotes_typed]   0.21s type=Manual child_fresh=Nones e2e=Nones streamed_lat 4->4s lag 0->0
  [quotes_typed]   0.20s type=Manual child_fresh=Nones e2e=Nones streamed_lat 4->4s lag 0->0
  [quotes_daily]   0.22s type=Manual child_fresh=18423s e2e=18427s streamed_lat 4->4s lag 0->0
  [quotes_typed]   0.22s type=Manual child_fresh=Nones e2e=Nones streamed_lat 4->4s lag 0->0
  [quotes_typed]   0.23s type=Manual child_fresh=Nones e2e=Nones streamed_lat 4->4s lag 0->0
  [quotes_typed]   0.24s type=Manual child_fresh=Nones e2e=Nones streamed_lat 4->4s lag 0->0
  [quotes_typed]   0.17s type=Manual child_fresh=Nones e2e=Nones streamed_lat 4->4s lag 0->0
  [quotes_typed]   0.23s type=Manual child_fresh=Nones e2e=Nones streamed_lat 4->4s lag 0->0
  [quotes_typed]   0.24s type=Manual child_fresh=Nones e2e=Nones streamed_lat 4->4s lag 0->0
  [lag] 2026-08-14T05:28:56Z raw=113219565734 behind=4s lag_rows=0
  [quotes_typed]   0.20s type=Manual child_fresh=Nones e2e=Nones streamed_lat 4->4s lag 0->0
  [quotes_daily]   0.22s type=Manual child_fresh=18486s e2e=18490s streamed_lat 4->4s lag 0->0
  [quotes_typed]   0.21s type=Manual child_fresh=Nones e2e=Nones streamed_lat 4->4s lag 0->0
  [quotes_typed]   0.36s type=Manual child_fresh=Nones e2e=Nones streamed_lat 4->4s lag 0->0
  [quotes_typed]   0.20s type=Manual child_fresh=Nones e2e=Nones streamed_lat 4->4s lag 0->0
  [quotes_typed]   0.24s type=Manual child_fresh=Nones e2e=Nones streamed_lat 4->4s lag 0->0
  [quotes_typed]   0.22s type=Manual child_fresh=Nones e2e=Nones streamed_lat 4->4s lag 0->0
  [quotes_typed]   0.20s type=Manual child_fresh=Nones e2e=Nones streamed_lat 4->4s lag 0->0
  [lag] 2026-08-14T05:29:56Z raw=113219565734 behind=4s lag_rows=0
  [quotes_typed]   0.26s type=Manual child_fresh=Nones e2e=Nones streamed_lat 4->4s lag 0->0
  [quotes_daily]   0.23s type=Manual child_fresh=18543s e2e=18547s streamed_lat 4->4s lag 0->0
  [quotes_typed]   0.20s type=Manual child_fresh=Nones e2e=Nones streamed_lat 4->4s lag 0->0
  [quotes_typed]   0.20s type=Manual child_fresh=Nones e2e=Nones streamed_lat 4->4s lag 0->0
  [quotes_typed]   0.20s type=Manual child_fresh=Nones e2e=Nones streamed_lat 4->4s lag 0->0
  [quotes_typed]   0.20s type=Manual child_fresh=Nones e2e=Nones streamed_lat 4->4s lag 0->0
  [quotes_typed]   0.21s type=Manual child_fresh=Nones e2e=Nones streamed_lat 4->4s lag 0->0
  [quotes_typed]   0.23s type=Manual child_fresh=Nones e2e=Nones streamed_lat 4->4s lag 0->0
  [lag] 2026-08-14T05:30:56Z raw=113219565734 behind=4s lag_rows=0
  [quotes_typed]   0.18s type=Manual child_fresh=Nones e2e=Nones streamed_lat 4->4s lag 0->0
  [quotes_daily]   0.23s type=Manual child_fresh=18606s e2e=18610s streamed_lat 4->4s lag 0->0
  [quotes_typed]   0.20s type=Manual child_fresh=Nones e2e=Nones streamed_lat 4->4s lag 0->0
  [quotes_typed]   0.44s type=Manual child_fresh=Nones e2e=Nones streamed_lat 4->4s lag 0->0
  [quotes_typed]   0.20s type=Manual child_fresh=Nones e2e=Nones streamed_lat 4->4s lag 0->0
  [quotes_typed]   0.21s type=Manual child_fresh=Nones e2e=Nones streamed_lat 4->4s lag 0->0
  [quotes_typed]   0.22s type=Manual child_fresh=Nones e2e=Nones streamed_lat 4->4s lag 0->0
  [lag] 2026-08-14T05:31:56Z raw=113219565734 behind=4s lag_rows=0
  [quotes_typed]   0.22s type=Manual child_fresh=Nones e2e=Nones streamed_lat 4->4s lag 0->0
  [quotes_typed]   0.21s type=Manual child_fresh=Nones e2e=Nones streamed_lat 4->4s lag 0->0
  [quotes_daily]   0.22s type=Manual child_fresh=18663s e2e=18667s streamed_lat 4->4s lag 0->0
  [quotes_typed]   0.63s type=Manual child_fresh=Nones e2e=Nones streamed_lat 4->4s lag 0->0
  [quotes_typed]   0.20s type=Manual child_fresh=Nones e2e=Nones streamed_lat 4->4s lag 0->0
  [quotes_typed]   0.21s type=Manual child_fresh=Nones e2e=Nones streamed_lat 4->4s lag 0->0
  [quotes_typed]   0.30s type=Manual child_fresh=Nones e2e=Nones streamed_lat 4->4s lag 0->0
  [quotes_typed]   0.22s type=Manual child_fresh=Nones e2e=Nones streamed_lat 4->4s lag 0->0
  [quotes_typed]   0.20s type=Manual child_fresh=Nones e2e=Nones streamed_lat 4->4s lag 0->0
  [lag] 2026-08-14T05:32:56Z raw=113219565734 behind=4s lag_rows=0
  [quotes_typed]   0.21s type=Manual child_fresh=Nones e2e=Nones streamed_lat 4->4s lag 0->0
  [quotes_daily]   0.24s type=Manual child_fresh=18721s e2e=18725s streamed_lat 4->4s lag 0->0
  [quotes_typed]   0.19s type=Manual child_fresh=Nones e2e=Nones streamed_lat 4->4s lag 0->0
  [quotes_typed]   0.21s type=Manual child_fresh=Nones e2e=Nones streamed_lat 4->4s lag 0->0
  [quotes_typed]   0.45s type=Manual child_fresh=Nones e2e=Nones streamed_lat 4->4s lag 0->0
  [quotes_typed]   0.21s type=Manual child_fresh=Nones e2e=Nones streamed_lat 4->4s lag 0->0
  [quotes_typed]   0.19s type=Manual child_fresh=Nones e2e=Nones streamed_lat 4->4s lag 0->0
  [quotes_typed]   0.24s type=Manual child_fresh=Nones e2e=Nones streamed_lat 4->4s lag 0->0
  [lag] 2026-08-14T05:33:56Z raw=113219565734 behind=4s lag_rows=0
  [quotes_typed]   0.25s type=Manual child_fresh=Nones e2e=Nones streamed_lat 4->4s lag 0->0
  [quotes_typed]   0.20s type=Manual child_fresh=Nones e2e=Nones streamed_lat 4->4s lag 0->0
  [quotes_daily]   0.22s type=Manual child_fresh=18784s e2e=18788s streamed_lat 4->4s lag 0->0
  [quotes_typed]   0.21s type=Manual child_fresh=Nones e2e=Nones streamed_lat 4->4s lag 0->0
  [quotes_typed]   0.22s type=Manual child_fresh=Nones e2e=Nones streamed_lat 4->4s lag 0->0
  [quotes_typed]   0.32s type=Manual child_fresh=Nones e2e=Nones streamed_lat 4->4s lag 0->0
  [quotes_typed]   0.22s type=Manual child_fresh=Nones e2e=Nones streamed_lat 4->4s lag 0->0
  [quotes_typed]   0.22s type=Manual child_fresh=Nones e2e=Nones streamed_lat 4->4s lag 0->0
  [quotes_typed]   0.24s type=Manual child_fresh=Nones e2e=Nones streamed_lat 4->4s lag 0->0
  [lag] 2026-08-14T05:34:56Z raw=113219565734 behind=4s lag_rows=0
  [quotes_typed]   0.19s type=Manual child_fresh=Nones e2e=Nones streamed_lat 4->4s lag 0->0
  [quotes_daily]   0.21s type=Manual child_fresh=18846s e2e=18850s streamed_lat 4->4s lag 0->0
  [quotes_typed]   0.24s type=Manual child_fresh=Nones e2e=Nones streamed_lat 4->4s lag 0->0
  [quotes_typed]   0.21s type=Manual child_fresh=Nones e2e=Nones streamed_lat 4->4s lag 0->0
  [quotes_typed]   0.20s type=Manual child_fresh=Nones e2e=Nones streamed_lat 4->4s lag 0->0
  [quotes_typed]   0.80s type=Manual child_fresh=Nones e2e=Nones streamed_lat 4->4s lag 0->0
  [quotes_typed]   0.23s type=Manual child_fresh=Nones e2e=Nones streamed_lat 4->4s lag 0->0
  [quotes_typed]   0.21s type=Manual child_fresh=Nones e2e=Nones streamed_lat 4->4s lag 0->0
  [lag] 2026-08-14T05:35:56Z raw=113219565734 behind=4s lag_rows=0
  [quotes_typed]   0.22s type=Manual child_fresh=Nones e2e=Nones streamed_lat 4->4s lag 0->0
  [quotes_daily]   0.21s type=Manual child_fresh=18902s e2e=18906s streamed_lat 4->4s lag 0->0
  [quotes_typed]   0.22s type=Manual child_fresh=Nones e2e=Nones streamed_lat 4->4s lag 0->0
  [quotes_typed]   0.23s type=Manual child_fresh=Nones e2e=Nones streamed_lat 4->4s lag 0->0
  [quotes_typed]   0.20s type=Manual child_fresh=Nones e2e=Nones streamed_lat 4->4s lag 0->0
  [quotes_typed]   0.20s type=Manual child_fresh=Nones e2e=Nones streamed_lat 4->4s lag 0->0
  [quotes_typed]   0.28s type=Manual child_fresh=Nones e2e=Nones streamed_lat 4->4s lag 0->0
  [quotes_typed]   0.22s type=Manual child_fresh=Nones e2e=Nones streamed_lat 4->4s lag 0->0
  [lag] 2026-08-14T05:36:56Z raw=113219565734 behind=4s lag_rows=0
  [quotes_typed]   0.20s type=Manual child_fresh=Nones e2e=Nones streamed_lat 4->4s lag 0->0
  [quotes_typed]   0.31s type=Manual child_fresh=Nones e2e=Nones streamed_lat 4->4s lag 0->0
  [quotes_daily]   0.28s type=Manual child_fresh=18964s e2e=18968s streamed_lat 4->4s lag 0->0
  [quotes_typed]   0.22s type=Manual child_fresh=Nones e2e=Nones streamed_lat 4->4s lag 0->0
  [quotes_typed]   0.19s type=Manual child_fresh=Nones e2e=Nones streamed_lat 4->4s lag 0->0
  [quotes_typed]   0.27s type=Manual child_fresh=Nones e2e=Nones streamed_lat 4->4s lag 0->0
  [quotes_typed]   0.22s type=Manual child_fresh=Nones e2e=Nones streamed_lat 4->4s lag 0->0
  [quotes_typed]   0.23s type=Manual child_fresh=Nones e2e=Nones streamed_lat 4->4s lag 0->0
  [lag] 2026-08-14T05:37:56Z raw=113219565734 behind=4s lag_rows=0
  [quotes_typed]   0.20s type=Manual child_fresh=Nones e2e=Nones streamed_lat 4->4s lag 0->0
  [quotes_typed]   0.21s type=Manual child_fresh=Nones e2e=Nones streamed_lat 4->4s lag 0->0
  [quotes_daily]   0.27s type=Manual child_fresh=19023s e2e=19027s streamed_lat 4->4s lag 0->0
  [quotes_typed]   0.21s type=Manual child_fresh=Nones e2e=Nones streamed_lat 4->4s lag 0->0
  [quotes_typed]   0.21s type=Manual child_fresh=Nones e2e=Nones streamed_lat 4->4s lag 0->0
  [quotes_typed]   0.21s type=Manual child_fresh=Nones e2e=Nones streamed_lat 4->4s lag 0->0
  [quotes_typed]   0.19s type=Manual child_fresh=Nones e2e=Nones streamed_lat 4->4s lag 0->0
  [quotes_typed]   0.20s type=Manual child_fresh=Nones e2e=Nones streamed_lat 4->4s lag 0->0
  [quotes_typed]   0.19s type=Manual child_fresh=Nones e2e=Nones streamed_lat 4->4s lag 0->0
  [lag] 2026-08-14T05:38:56Z raw=113219565734 behind=4s lag_rows=0
  [quotes_typed]   0.21s type=Manual child_fresh=Nones e2e=Nones streamed_lat 4->4s lag 0->0
  [quotes_daily]   0.21s type=Manual child_fresh=19083s e2e=19087s streamed_lat 4->4s lag 0->0
  [quotes_typed]   0.20s type=Manual child_fresh=Nones e2e=Nones streamed_lat 4->4s lag 0->0
  [quotes_typed]   0.20s type=Manual child_fresh=Nones e2e=Nones streamed_lat 4->4s lag 0->0
  [quotes_typed]   0.20s type=Manual child_fresh=Nones e2e=Nones streamed_lat 4->4s lag 0->0
  [quotes_typed]   0.31s type=Manual child_fresh=Nones e2e=Nones streamed_lat 4->4s lag 0->0
  [quotes_typed]   0.24s type=Manual child_fresh=Nones e2e=Nones streamed_lat 4->4s lag 0->0
  [quotes_typed]   0.20s type=Manual child_fresh=Nones e2e=Nones streamed_lat 4->4s lag 0->0
  [lag] 2026-08-14T05:39:56Z raw=113219565734 behind=4s lag_rows=0
  [quotes_typed]   0.24s type=Manual child_fresh=Nones e2e=Nones streamed_lat 4->4s lag 0->0
  [quotes_daily]   0.20s type=Manual child_fresh=19143s e2e=19147s streamed_lat 4->4s lag 0->0
  [quotes_typed]   0.20s type=Manual child_fresh=Nones e2e=Nones streamed_lat 4->4s lag 0->0
  [quotes_typed]   0.23s type=Manual child_fresh=Nones e2e=Nones streamed_lat 4->4s lag 0->0
  [quotes_typed]   0.20s type=Manual child_fresh=Nones e2e=Nones streamed_lat 4->4s lag 0->0
  [quotes_typed]   0.36s type=Manual child_fresh=Nones e2e=Nones streamed_lat 4->4s lag 0->0
  [quotes_typed]   0.59s type=Manual child_fresh=Nones e2e=Nones streamed_lat 4->4s lag 0->0
  [quotes_typed]   0.21s type=Manual child_fresh=Nones e2e=Nones streamed_lat 4->4s lag 0->0
  [lag] 2026-08-14T05:40:56Z raw=113219565734 behind=4s lag_rows=0
  [quotes_typed]   0.20s type=Manual child_fresh=Nones e2e=Nones streamed_lat 4->4s lag 0->0
  [quotes_daily]   0.23s type=Manual child_fresh=19206s e2e=19210s streamed_lat 4->4s lag 0->0
  [quotes_typed]   1.21s type=Manual child_fresh=Nones e2e=Nones streamed_lat 4->4s lag 0->0
  [quotes_typed]   0.24s type=Manual child_fresh=Nones e2e=Nones streamed_lat 4->4s lag 0->0
  [quotes_typed]   0.21s type=Manual child_fresh=Nones e2e=Nones streamed_lat 4->4s lag 0->0
  [quotes_typed]   0.20s type=Manual child_fresh=Nones e2e=Nones streamed_lat 4->4s lag 0->0
  [quotes_typed]   0.21s type=Manual child_fresh=Nones e2e=Nones streamed_lat 4->4s lag 0->0
  [quotes_typed]   0.20s type=Manual child_fresh=Nones e2e=Nones streamed_lat 4->4s lag 0->0
  [lag] 2026-08-14T05:41:56Z raw=113219565734 behind=4s lag_rows=0
  [quotes_typed]   0.27s type=Manual child_fresh=Nones e2e=Nones streamed_lat 4->4s lag 0->0
  [quotes_daily]   0.22s type=Manual child_fresh=19263s e2e=19267s streamed_lat 4->4s lag 0->0
  [quotes_typed]   0.22s type=Manual child_fresh=Nones e2e=Nones streamed_lat 4->4s lag 0->0
  [quotes_typed]   0.21s type=Manual child_fresh=Nones e2e=Nones streamed_lat 4->4s lag 0->0
  [quotes_typed]   0.22s type=Manual child_fresh=Nones e2e=Nones streamed_lat 4->4s lag 0->0
  [quotes_typed]   0.21s type=Manual child_fresh=Nones e2e=Nones streamed_lat 4->4s lag 0->0
  [quotes_typed]   0.19s type=Manual child_fresh=Nones e2e=Nones streamed_lat 4->4s lag 0->0
  [quotes_typed]   0.24s type=Manual child_fresh=Nones e2e=Nones streamed_lat 4->4s lag 0->0
  [lag] 2026-08-14T05:42:56Z raw=113219565734 behind=4s lag_rows=0
  [quotes_typed]   0.23s type=Manual child_fresh=Nones e2e=Nones streamed_lat 4->4s lag 0->0
  [quotes_typed]   0.22s type=Manual child_fresh=Nones e2e=Nones streamed_lat 4->4s lag 0->0
  [quotes_daily]   0.19s type=Manual child_fresh=19324s e2e=19328s streamed_lat 4->4s lag 0->0
  [quotes_typed]   0.25s type=Manual child_fresh=Nones e2e=Nones streamed_lat 4->4s lag 0->0
  [quotes_typed]   0.20s type=Manual child_fresh=Nones e2e=Nones streamed_lat 4->4s lag 0->0
  [quotes_typed]   0.21s type=Manual child_fresh=Nones e2e=Nones streamed_lat 4->4s lag 0->0
  [quotes_typed]   0.22s type=Manual child_fresh=Nones e2e=Nones streamed_lat 4->4s lag 0->0
  [quotes_typed]   0.26s type=Manual child_fresh=Nones e2e=Nones streamed_lat 4->4s lag 0->0
  [lag] 2026-08-14T05:43:56Z raw=113219565734 behind=4s lag_rows=0
  [quotes_typed]   0.20s type=Manual child_fresh=Nones e2e=Nones streamed_lat 4->4s lag 0->0
  [quotes_typed]   0.19s type=Manual child_fresh=Nones e2e=Nones streamed_lat 4->4s lag 0->0
  [quotes_daily]   0.21s type=Manual child_fresh=19386s e2e=19390s streamed_lat 4->4s lag 0->0
  [quotes_typed]   0.22s type=Manual child_fresh=Nones e2e=Nones streamed_lat 4->4s lag 0->0
  [quotes_typed]   0.24s type=Manual child_fresh=Nones e2e=Nones streamed_lat 4->4s lag 0->0
  [quotes_typed]   0.21s type=Manual child_fresh=Nones e2e=Nones streamed_lat 4->4s lag 0->0
  [quotes_typed]   0.26s type=Manual child_fresh=Nones e2e=Nones streamed_lat 4->4s lag 0->0
  [quotes_typed]   0.20s type=Manual child_fresh=Nones e2e=Nones streamed_lat 4->4s lag 0->0
  [lag] 2026-08-14T05:44:56Z raw=113219565734 behind=4s lag_rows=0
  [quotes_typed]   0.20s type=Manual child_fresh=Nones e2e=Nones streamed_lat 4->4s lag 0->0
  [quotes_typed]   0.20s type=Manual child_fresh=Nones e2e=Nones streamed_lat 4->4s lag 0->0
  [quotes_daily]   0.20s type=Manual child_fresh=19443s e2e=19447s streamed_lat 4->4s lag 0->0
  [quotes_typed]   0.20s type=Manual child_fresh=Nones e2e=Nones streamed_lat 4->4s lag 0->0
  [quotes_typed]   0.21s type=Manual child_fresh=Nones e2e=Nones streamed_lat 4->4s lag 0->0
  [quotes_typed]   0.21s type=Manual child_fresh=Nones e2e=Nones streamed_lat 4->4s lag 0->0
  [quotes_typed]   0.30s type=Manual child_fresh=Nones e2e=Nones streamed_lat 4->4s lag 0->0
  [quotes_typed]   0.20s type=Manual child_fresh=Nones e2e=Nones streamed_lat 4->4s lag 0->0
  [quotes_typed]   0.21s type=Manual child_fresh=Nones e2e=Nones streamed_lat 4->4s lag 0->0
  [lag] 2026-08-14T05:45:56Z raw=113219565734 behind=4s lag_rows=0
  [quotes_typed]   0.21s type=Manual child_fresh=Nones e2e=Nones streamed_lat 4->4s lag 0->0
  [quotes_daily]   0.24s type=Manual child_fresh=19503s e2e=19507s streamed_lat 4->4s lag 0->0
  [quotes_typed]   0.19s type=Manual child_fresh=Nones e2e=Nones streamed_lat 4->4s lag 0->0
  [quotes_typed]   0.20s type=Manual child_fresh=Nones e2e=Nones streamed_lat 4->4s lag 0->0
  [quotes_typed]   0.22s type=Manual child_fresh=Nones e2e=Nones streamed_lat 4->4s lag 0->0
  [quotes_typed]   0.26s type=Manual child_fresh=Nones e2e=Nones streamed_lat 4->4s lag 0->0
  [quotes_typed]   0.22s type=Manual child_fresh=Nones e2e=Nones streamed_lat 4->4s lag 0->0
  [quotes_typed]   0.21s type=Manual child_fresh=Nones e2e=Nones streamed_lat 4->4s lag 0->0
  [lag] 2026-08-14T05:46:56Z raw=113219565734 behind=4s lag_rows=0
  [quotes_typed]   0.21s type=Manual child_fresh=Nones e2e=Nones streamed_lat 4->4s lag 0->0
  [quotes_typed]   0.21s type=Manual child_fresh=Nones e2e=Nones streamed_lat 4->4s lag 0->0
  [quotes_daily]   0.22s type=Manual child_fresh=19568s e2e=19572s streamed_lat 4->4s lag 0->0
  [quotes_typed]   0.22s type=Manual child_fresh=Nones e2e=Nones streamed_lat 4->4s lag 0->0
  [quotes_typed]   0.21s type=Manual child_fresh=Nones e2e=Nones streamed_lat 4->4s lag 0->0
  [quotes_typed]   0.22s type=Manual child_fresh=Nones e2e=Nones streamed_lat 4->4s lag 0->0
  [quotes_typed]   0.21s type=Manual child_fresh=Nones e2e=Nones streamed_lat 4->4s lag 0->0
  [quotes_typed]   0.20s type=Manual child_fresh=Nones e2e=Nones streamed_lat 4->4s lag 0->0
  [lag] 2026-08-14T05:47:56Z raw=113219565734 behind=4s lag_rows=0
  [quotes_typed]   0.21s type=Manual child_fresh=Nones e2e=Nones streamed_lat 4->4s lag 0->0
  [quotes_typed]   0.19s type=Manual child_fresh=Nones e2e=Nones streamed_lat 4->4s lag 0->0
  [quotes_daily]   0.20s type=Manual child_fresh=19623s e2e=19627s streamed_lat 4->4s lag 0->0
  [quotes_typed]   0.21s type=Manual child_fresh=Nones e2e=Nones streamed_lat 4->4s lag 0->0
  [quotes_typed]   0.21s type=Manual child_fresh=Nones e2e=Nones streamed_lat 4->4s lag 0->0
  [quotes_typed]   0.21s type=Manual child_fresh=Nones e2e=Nones streamed_lat 4->4s lag 0->0
  [quotes_typed]   0.19s type=Manual child_fresh=Nones e2e=Nones streamed_lat 4->4s lag 0->0
  [quotes_typed]   0.20s type=Manual child_fresh=Nones e2e=Nones streamed_lat 4->4s lag 0->0
  [lag] 2026-08-14T05:48:56Z raw=113219565734 behind=4s lag_rows=0
  [quotes_typed]   0.21s type=Manual child_fresh=Nones e2e=Nones streamed_lat 4->4s lag 0->0
  [quotes_typed]   0.20s type=Manual child_fresh=Nones e2e=Nones streamed_lat 4->4s lag 0->0
  [quotes_daily]   1.23s type=Manual child_fresh=19687s e2e=19691s streamed_lat 4->4s lag 0->0
  [quotes_typed]   0.24s type=Manual child_fresh=Nones e2e=Nones streamed_lat 4->4s lag 0->0
  [quotes_typed]   0.22s type=Manual child_fresh=Nones e2e=Nones streamed_lat 4->4s lag 0->0
  [quotes_typed]   0.20s type=Manual child_fresh=Nones e2e=Nones streamed_lat 4->4s lag 0->0
  [quotes_typed]   0.26s type=Manual child_fresh=Nones e2e=Nones streamed_lat 4->4s lag 0->0
  [quotes_typed]   0.21s type=Manual child_fresh=Nones e2e=Nones streamed_lat 4->4s lag 0->0
  [lag] 2026-08-14T05:49:56Z raw=113219565734 behind=4s lag_rows=0
  [quotes_typed]   0.27s type=Manual child_fresh=Nones e2e=Nones streamed_lat 4->4s lag 0->0
  [quotes_daily]   0.22s type=Manual child_fresh=19743s e2e=19747s streamed_lat 4->4s lag 0->0
  [quotes_typed]   0.21s type=Manual child_fresh=Nones e2e=Nones streamed_lat 4->4s lag 0->0
  [quotes_typed]   0.20s type=Manual child_fresh=Nones e2e=Nones streamed_lat 4->4s lag 0->0
  [quotes_typed]   0.20s type=Manual child_fresh=Nones e2e=Nones streamed_lat 4->4s lag 0->0
  [quotes_typed]   0.21s type=Manual child_fresh=Nones e2e=Nones streamed_lat 4->4s lag 0->0
  [quotes_typed]   0.36s type=Manual child_fresh=Nones e2e=Nones streamed_lat 4->4s lag 0->0
  [quotes_typed]   0.20s type=Manual child_fresh=Nones e2e=Nones streamed_lat 4->4s lag 0->0
  [lag] 2026-08-14T05:50:56Z raw=113219565734 behind=4s lag_rows=0
  [quotes_typed]   0.20s type=Manual child_fresh=Nones e2e=Nones streamed_lat 4->4s lag 0->0
  [quotes_typed]   0.21s type=Manual child_fresh=Nones e2e=Nones streamed_lat 4->4s lag 0->0
  [quotes_daily]   0.22s type=Manual child_fresh=19801s e2e=19805s streamed_lat 4->4s lag 0->0
  [quotes_typed]   0.23s type=Manual child_fresh=Nones e2e=Nones streamed_lat 4->4s lag 0->0
  [quotes_typed]   0.21s type=Manual child_fresh=Nones e2e=Nones streamed_lat 4->4s lag 0->0
  [quotes_typed]   0.17s type=Manual child_fresh=Nones e2e=Nones streamed_lat 4->4s lag 0->0
  [quotes_typed]   0.21s type=Manual child_fresh=Nones e2e=Nones streamed_lat 4->4s lag 0->0
  [quotes_typed]   0.19s type=Manual child_fresh=Nones e2e=Nones streamed_lat 4->4s lag 0->0
  [quotes_typed]   0.21s type=Manual child_fresh=Nones e2e=Nones streamed_lat 4->4s lag 0->0
  [lag] 2026-08-14T05:51:56Z raw=113219565734 behind=4s lag_rows=0
  [quotes_typed]   0.25s type=Manual child_fresh=Nones e2e=Nones streamed_lat 4->4s lag 0->0
  [quotes_daily]   0.20s type=Manual child_fresh=19866s e2e=19870s streamed_lat 4->4s lag 0->0
  [quotes_typed]   0.20s type=Manual child_fresh=Nones e2e=Nones streamed_lat 4->4s lag 0->0
  [quotes_typed]   0.20s type=Manual child_fresh=Nones e2e=Nones streamed_lat 4->4s lag 0->0
  [quotes_typed]   0.22s type=Manual child_fresh=Nones e2e=Nones streamed_lat 4->4s lag 0->0
  [quotes_typed]   0.20s type=Manual child_fresh=Nones e2e=Nones streamed_lat 4->4s lag 0->0
  [quotes_typed]   0.22s type=Manual child_fresh=Nones e2e=Nones streamed_lat 4->4s lag 0->0
  [lag] 2026-08-14T05:52:56Z raw=113219565734 behind=4s lag_rows=0
  [quotes_typed]   0.24s type=Manual child_fresh=Nones e2e=Nones streamed_lat 4->4s lag 0->0
  [quotes_daily]   0.23s type=Manual child_fresh=19923s e2e=19927s streamed_lat 4->4s lag 0->0
  [quotes_typed]   0.20s type=Manual child_fresh=Nones e2e=Nones streamed_lat 4->4s lag 0->0
  [quotes_typed]   0.22s type=Manual child_fresh=Nones e2e=Nones streamed_lat 4->4s lag 0->0
  [quotes_typed]   0.22s type=Manual child_fresh=Nones e2e=Nones streamed_lat 4->4s lag 0->0
  [quotes_typed]   0.17s type=Manual child_fresh=Nones e2e=Nones streamed_lat 4->4s lag 0->0
  [quotes_typed]   0.24s type=Manual child_fresh=Nones e2e=Nones streamed_lat 4->4s lag 0->0
  [quotes_typed]   0.22s type=Manual child_fresh=Nones e2e=Nones streamed_lat 4->4s lag 0->0
  [lag] 2026-08-14T05:53:56Z raw=113219565734 behind=4s lag_rows=0
  [quotes_typed]   0.21s type=Manual child_fresh=Nones e2e=Nones streamed_lat 4->4s lag 0->0
  [quotes_daily]   0.23s type=Manual child_fresh=19983s e2e=19987s streamed_lat 4->4s lag 0->0
  [quotes_typed]   0.21s type=Manual child_fresh=Nones e2e=Nones streamed_lat 4->4s lag 0->0
  [quotes_typed]   0.23s type=Manual child_fresh=Nones e2e=Nones streamed_lat 4->4s lag 0->0
  [quotes_typed]   0.19s type=Manual child_fresh=Nones e2e=Nones streamed_lat 4->4s lag 0->0
  [quotes_typed]   0.21s type=Manual child_fresh=Nones e2e=Nones streamed_lat 4->4s lag 0->0
  [quotes_typed]   0.22s type=Manual child_fresh=Nones e2e=Nones streamed_lat 4->4s lag 0->0
  [quotes_typed]   0.22s type=Manual child_fresh=Nones e2e=Nones streamed_lat 4->4s lag 0->0
  [lag] 2026-08-14T05:54:56Z raw=113219565734 behind=4s lag_rows=0
  [quotes_typed]   0.22s type=Manual child_fresh=Nones e2e=Nones streamed_lat 4->4s lag 0->0
  [quotes_typed]   0.21s type=Manual child_fresh=Nones e2e=Nones streamed_lat 4->4s lag 0->0
  [quotes_daily]   0.24s type=Manual child_fresh=20043s e2e=20047s streamed_lat 4->4s lag 0->0
  [quotes_typed]   0.23s type=Manual child_fresh=Nones e2e=Nones streamed_lat 4->4s lag 0->0
  [quotes_typed]   0.25s type=Manual child_fresh=Nones e2e=Nones streamed_lat 4->4s lag 0->0
  [quotes_typed]   0.20s type=Manual child_fresh=Nones e2e=Nones streamed_lat 4->4s lag 0->0
  [quotes_typed]   0.24s type=Manual child_fresh=Nones e2e=Nones streamed_lat 4->4s lag 0->0
  [quotes_typed]   0.30s type=Manual child_fresh=Nones e2e=Nones streamed_lat 4->4s lag 0->0
  [quotes_typed]   0.19s type=Manual child_fresh=Nones e2e=Nones streamed_lat 4->4s lag 0->0
  [lag] 2026-08-14T05:55:56Z raw=113219565734 behind=4s lag_rows=0
  [quotes_typed]   0.20s type=Manual child_fresh=Nones e2e=Nones streamed_lat 4->4s lag 0->0
  [quotes_daily]   0.21s type=Manual child_fresh=20104s e2e=20108s streamed_lat 4->4s lag 0->0
  [quotes_typed]   0.20s type=Manual child_fresh=Nones e2e=Nones streamed_lat 4->4s lag 0->0
  [quotes_typed]   0.20s type=Manual child_fresh=Nones e2e=Nones streamed_lat 4->4s lag 0->0
  [quotes_typed]   0.21s type=Manual child_fresh=Nones e2e=Nones streamed_lat 4->4s lag 0->0
  [quotes_typed]   0.18s type=Manual child_fresh=Nones e2e=Nones streamed_lat 4->4s lag 0->0
  [quotes_typed]   0.26s type=Manual child_fresh=Nones e2e=Nones streamed_lat 4->4s lag 0->0
  [lag] 2026-08-14T05:56:56Z raw=113219565734 behind=4s lag_rows=0
  [quotes_typed]   0.20s type=Manual child_fresh=Nones e2e=Nones streamed_lat 4->4s lag 0->0
  [quotes_typed]   0.23s type=Manual child_fresh=Nones e2e=Nones streamed_lat 4->4s lag 0->0
  [quotes_daily]   0.28s type=Manual child_fresh=20163s e2e=20167s streamed_lat 4->4s lag 0->0
  [quotes_typed]   0.21s type=Manual child_fresh=Nones e2e=Nones streamed_lat 4->4s lag 0->0
  [quotes_typed]   0.19s type=Manual child_fresh=Nones e2e=Nones streamed_lat 4->4s lag 0->0
  [quotes_typed]   0.20s type=Manual child_fresh=Nones e2e=Nones streamed_lat 4->4s lag 0->0
  [quotes_typed]   0.23s type=Manual child_fresh=Nones e2e=Nones streamed_lat 4->4s lag 0->0
  [quotes_typed]   0.22s type=Manual child_fresh=Nones e2e=Nones streamed_lat 4->4s lag 0->0
  [quotes_typed]   0.17s type=Manual child_fresh=Nones e2e=Nones streamed_lat 4->4s lag 0->0
  [lag] 2026-08-14T05:57:56Z raw=113219565734 behind=4s lag_rows=0
  [quotes_typed]   0.22s type=Manual child_fresh=Nones e2e=Nones streamed_lat 4->4s lag 0->0
  [quotes_daily]   0.22s type=Manual child_fresh=20224s e2e=20228s streamed_lat 4->4s lag 0->0
  [quotes_typed]   0.22s type=Manual child_fresh=Nones e2e=Nones streamed_lat 4->4s lag 0->0
  [quotes_typed]   0.22s type=Manual child_fresh=Nones e2e=Nones streamed_lat 4->4s lag 0->0
  [quotes_typed]   0.29s type=Manual child_fresh=Nones e2e=Nones streamed_lat 4->4s lag 0->0
  [quotes_typed]   0.21s type=Manual child_fresh=Nones e2e=Nones streamed_lat 4->4s lag 0->0
  [quotes_typed]   0.18s type=Manual child_fresh=Nones e2e=Nones streamed_lat 4->4s lag 0->0
  [quotes_typed]   0.23s type=Manual child_fresh=Nones e2e=Nones streamed_lat 4->4s lag 0->0
  [lag] 2026-08-14T05:58:56Z raw=113219565734 behind=4s lag_rows=0
  [quotes_typed]   0.20s type=Manual child_fresh=Nones e2e=Nones streamed_lat 4->4s lag 0->0
  [quotes_daily]   0.28s type=Manual child_fresh=20283s e2e=20287s streamed_lat 4->4s lag 0->0
  [quotes_typed]   0.26s type=Manual child_fresh=Nones e2e=Nones streamed_lat 4->4s lag 0->0
  [quotes_typed]   0.21s type=Manual child_fresh=Nones e2e=Nones streamed_lat 4->4s lag 0->0
  [quotes_typed]   0.20s type=Manual child_fresh=Nones e2e=Nones streamed_lat 4->4s lag 0->0
  [quotes_typed]   0.18s type=Manual child_fresh=Nones e2e=Nones streamed_lat 4->4s lag 0->0
  [quotes_typed]   0.20s type=Manual child_fresh=Nones e2e=Nones streamed_lat 4->4s lag 0->0
  [quotes_typed]   0.25s type=Manual child_fresh=Nones e2e=Nones streamed_lat 4->4s lag 0->0
  [lag] 2026-08-14T05:59:56Z raw=113219565734 behind=4s lag_rows=0
  [quotes_typed]   0.23s type=Manual child_fresh=Nones e2e=Nones streamed_lat 4->4s lag 0->0
  [quotes_typed]   0.25s type=Manual child_fresh=Nones e2e=Nones streamed_lat 4->4s lag 0->0
  [quotes_daily]   0.18s type=Manual child_fresh=20343s e2e=20347s streamed_lat 4->4s lag 0->0
  [quotes_typed]   0.26s type=Manual child_fresh=Nones e2e=Nones streamed_lat 4->4s lag 0->0
  [quotes_typed]   0.22s type=Manual child_fresh=Nones e2e=Nones streamed_lat 4->4s lag 0->0
  [quotes_typed]   0.24s type=Manual child_fresh=Nones e2e=Nones streamed_lat 4->4s lag 0->0
  [quotes_typed]   0.22s type=Manual child_fresh=Nones e2e=Nones streamed_lat 4->4s lag 0->0
  [quotes_typed]   0.23s type=Manual child_fresh=Nones e2e=Nones streamed_lat 4->4s lag 0->0
  [lag] 2026-08-14T06:00:56Z raw=113219565734 behind=4s lag_rows=0
  [quotes_typed]   0.21s type=Manual child_fresh=Nones e2e=Nones streamed_lat 4->4s lag 0->0
  [quotes_typed]   0.21s type=Manual child_fresh=Nones e2e=Nones streamed_lat 4->4s lag 0->0
  [quotes_daily]   0.24s type=Manual child_fresh=20403s e2e=20407s streamed_lat 4->4s lag 0->0
  [quotes_typed]   3.20s type=Manual child_fresh=Nones e2e=Nones streamed_lat 4->4s lag 0->0
  [quotes_typed]   0.68s type=Manual child_fresh=Nones e2e=Nones streamed_lat 4->4s lag 0->0
  [quotes_typed]   0.20s type=Manual child_fresh=Nones e2e=Nones streamed_lat 4->4s lag 0->0
  [quotes_typed]   0.25s type=Manual child_fresh=Nones e2e=Nones streamed_lat 4->4s lag 0->0
  [quotes_typed]   1.64s type=Manual child_fresh=Nones e2e=Nones streamed_lat 4->4s lag 0->0
  [lag] 2026-08-14T06:01:56Z raw=113219565734 behind=4s lag_rows=0
  [quotes_typed]   0.35s type=Manual child_fresh=Nones e2e=Nones streamed_lat 4->4s lag 0->0
  [quotes_daily]   0.23s type=Manual child_fresh=20462s e2e=20466s streamed_lat 4->4s lag 0->0
  [quotes_typed]   0.26s type=Manual child_fresh=Nones e2e=Nones streamed_lat 4->4s lag 0->0
  [quotes_typed]   1.75s type=Manual child_fresh=Nones e2e=Nones streamed_lat 4->4s lag 0->0
  [quotes_typed]   0.22s type=Manual child_fresh=Nones e2e=Nones streamed_lat 4->4s lag 0->0
  [quotes_typed]   0.24s type=Manual child_fresh=Nones e2e=Nones streamed_lat 4->4s lag 0->0
  [quotes_typed]   0.23s type=Manual child_fresh=Nones e2e=Nones streamed_lat 4->4s lag 0->0
  [lag] 2026-08-14T06:02:56Z raw=113219565734 behind=4s lag_rows=0
  [quotes_typed]   0.20s type=Manual child_fresh=Nones e2e=Nones streamed_lat 4->4s lag 0->0
  [quotes_typed]   0.23s type=Manual child_fresh=Nones e2e=Nones streamed_lat 4->4s lag 0->0
  [quotes_daily]   0.20s type=Manual child_fresh=20523s e2e=20527s streamed_lat 4->4s lag 0->0
  [quotes_typed]   0.21s type=Manual child_fresh=Nones e2e=Nones streamed_lat 4->4s lag 0->0
  [quotes_typed]   0.26s type=Manual child_fresh=Nones e2e=Nones streamed_lat 4->4s lag 0->0
  [quotes_typed]   0.19s type=Manual child_fresh=Nones e2e=Nones streamed_lat 4->4s lag 0->0
  [quotes_typed]   0.24s type=Manual child_fresh=Nones e2e=Nones streamed_lat 4->4s lag 0->0
  [quotes_typed]   0.20s type=Manual child_fresh=Nones e2e=Nones streamed_lat 4->4s lag 0->0
  [quotes_typed]   0.26s type=Manual child_fresh=Nones e2e=Nones streamed_lat 4->4s lag 0->0
  [lag] 2026-08-14T06:03:56Z raw=113219565734 behind=4s lag_rows=0
  [quotes_typed]   0.27s type=Manual child_fresh=Nones e2e=Nones streamed_lat 4->4s lag 0->0
  [quotes_daily]   0.22s type=Manual child_fresh=20583s e2e=20587s streamed_lat 4->4s lag 0->0
  [quotes_typed]   0.31s type=Manual child_fresh=Nones e2e=Nones streamed_lat 4->4s lag 0->0
  [quotes_typed]   0.23s type=Manual child_fresh=Nones e2e=Nones streamed_lat 4->4s lag 0->0
  [quotes_typed]   0.22s type=Manual child_fresh=Nones e2e=Nones streamed_lat 4->4s lag 0->0
  [quotes_typed]   0.18s type=Manual child_fresh=Nones e2e=Nones streamed_lat 4->4s lag 0->0
  [quotes_typed]   0.23s type=Manual child_fresh=Nones e2e=Nones streamed_lat 4->4s lag 0->0
  [lag] 2026-08-14T06:04:56Z raw=113219565734 behind=4s lag_rows=0
  [quotes_typed]   0.22s type=Manual child_fresh=Nones e2e=Nones streamed_lat 4->4s lag 0->0
  [quotes_typed]   0.21s type=Manual child_fresh=Nones e2e=Nones streamed_lat 4->4s lag 0->0
  [quotes_daily]   0.22s type=Manual child_fresh=20644s e2e=20648s streamed_lat 4->4s lag 0->0
  [quotes_typed]   0.26s type=Manual child_fresh=Nones e2e=Nones streamed_lat 4->4s lag 0->0
  [quotes_typed]   0.20s type=Manual child_fresh=Nones e2e=Nones streamed_lat 4->4s lag 0->0
  [quotes_typed]   0.25s type=Manual child_fresh=Nones e2e=Nones streamed_lat 4->4s lag 0->0
  [quotes_typed]   0.22s type=Manual child_fresh=Nones e2e=Nones streamed_lat 4->4s lag 0->0
  [quotes_typed]   0.22s type=Manual child_fresh=Nones e2e=Nones streamed_lat 4->4s lag 0->0
  [lag] 2026-08-14T06:05:56Z raw=113219565734 behind=4s lag_rows=0
  [quotes_typed]   0.19s type=Manual child_fresh=Nones e2e=Nones streamed_lat 4->4s lag 0->0
  [quotes_typed]   0.23s type=Manual child_fresh=Nones e2e=Nones streamed_lat 4->4s lag 0->0
  [quotes_daily]   0.20s type=Manual child_fresh=20708s e2e=20712s streamed_lat 4->4s lag 0->0
  [quotes_typed]   0.20s type=Manual child_fresh=Nones e2e=Nones streamed_lat 4->4s lag 0->0
  [quotes_typed]   0.21s type=Manual child_fresh=Nones e2e=Nones streamed_lat 4->4s lag 0->0
  [quotes_typed]   0.21s type=Manual child_fresh=Nones e2e=Nones streamed_lat 4->4s lag 0->0
  [quotes_typed]   0.20s type=Manual child_fresh=Nones e2e=Nones streamed_lat 4->4s lag 0->0
  [quotes_typed]   0.21s type=Manual child_fresh=Nones e2e=Nones streamed_lat 4->4s lag 0->0
  [lag] 2026-08-14T06:06:56Z raw=113219565734 behind=4s lag_rows=0
  [quotes_typed]   0.33s type=Manual child_fresh=Nones e2e=Nones streamed_lat 4->4s lag 0->0
  [quotes_typed]   0.25s type=Manual child_fresh=Nones e2e=Nones streamed_lat 4->4s lag 0->0
  [quotes_daily]   0.24s type=Manual child_fresh=20764s e2e=20768s streamed_lat 4->4s lag 0->0
  [quotes_typed]   0.22s type=Manual child_fresh=Nones e2e=Nones streamed_lat 4->4s lag 0->0
  [quotes_typed]   0.20s type=Manual child_fresh=Nones e2e=Nones streamed_lat 4->4s lag 0->0
  [quotes_typed]   0.29s type=Manual child_fresh=Nones e2e=Nones streamed_lat 4->4s lag 0->0
  [quotes_typed]   0.22s type=Manual child_fresh=Nones e2e=Nones streamed_lat 4->4s lag 0->0
  [quotes_typed]   0.26s type=Manual child_fresh=Nones e2e=Nones streamed_lat 4->4s lag 0->0
  [lag] 2026-08-14T06:07:56Z raw=113219565734 behind=4s lag_rows=0
  [quotes_typed]   0.22s type=Manual child_fresh=Nones e2e=Nones streamed_lat 4->4s lag 0->0
  [quotes_typed]   0.22s type=Manual child_fresh=Nones e2e=Nones streamed_lat 4->4s lag 0->0
  [quotes_daily]   0.27s type=Manual child_fresh=20823s e2e=20827s streamed_lat 4->4s lag 0->0
  [quotes_typed]   0.21s type=Manual child_fresh=Nones e2e=Nones streamed_lat 4->4s lag 0->0
  [quotes_typed]   0.25s type=Manual child_fresh=Nones e2e=Nones streamed_lat 4->4s lag 0->0
  [quotes_typed]   0.22s type=Manual child_fresh=Nones e2e=Nones streamed_lat 4->4s lag 0->0
  [quotes_typed]   0.20s type=Manual child_fresh=Nones e2e=Nones streamed_lat 4->4s lag 0->0
  [quotes_typed]   0.20s type=Manual child_fresh=Nones e2e=Nones streamed_lat 4->4s lag 0->0
  [quotes_typed]   0.25s type=Manual child_fresh=Nones e2e=Nones streamed_lat 4->4s lag 0->0
  [lag] 2026-08-14T06:08:56Z raw=113219565734 behind=4s lag_rows=0
  [quotes_typed]   0.20s type=Manual child_fresh=Nones e2e=Nones streamed_lat 4->4s lag 0->0
  [quotes_daily]   0.20s type=Manual child_fresh=20887s e2e=20891s streamed_lat 4->4s lag 0->0
  [quotes_typed]   0.24s type=Manual child_fresh=Nones e2e=Nones streamed_lat 4->4s lag 0->0
  [quotes_typed]   0.20s type=Manual child_fresh=Nones e2e=Nones streamed_lat 4->4s lag 0->0
  [quotes_typed]   0.20s type=Manual child_fresh=Nones e2e=Nones streamed_lat 4->4s lag 0->0
  [quotes_typed]   0.21s type=Manual child_fresh=Nones e2e=Nones streamed_lat 4->4s lag 0->0
  [quotes_typed]   0.20s type=Manual child_fresh=Nones e2e=Nones streamed_lat 4->4s lag 0->0
  [lag] 2026-08-14T06:09:56Z raw=113219565734 behind=4s lag_rows=0
  [quotes_typed]   0.19s type=Manual child_fresh=Nones e2e=Nones streamed_lat 4->4s lag 0->0
  [quotes_typed]   0.21s type=Manual child_fresh=Nones e2e=Nones streamed_lat 4->4s lag 0->0
  [quotes_daily]   0.21s type=Manual child_fresh=20943s e2e=20947s streamed_lat 4->4s lag 0->0
  [quotes_typed]   0.21s type=Manual child_fresh=Nones e2e=Nones streamed_lat 4->4s lag 0->0
  [quotes_typed]   0.23s type=Manual child_fresh=Nones e2e=Nones streamed_lat 4->4s lag 0->0
  [quotes_typed]   0.26s type=Manual child_fresh=Nones e2e=Nones streamed_lat 4->4s lag 0->0
  [quotes_typed]   0.27s type=Manual child_fresh=Nones e2e=Nones streamed_lat 4->4s lag 0->0
  [quotes_typed]   0.23s type=Manual child_fresh=Nones e2e=Nones streamed_lat 4->4s lag 0->0
  [quotes_typed]   0.27s type=Manual child_fresh=Nones e2e=Nones streamed_lat 4->4s lag 0->0
  [lag] 2026-08-14T06:10:56Z raw=113219565734 behind=4s lag_rows=0
  [quotes_typed]   0.25s type=Manual child_fresh=Nones e2e=Nones streamed_lat 4->4s lag 0->0
  [quotes_daily]   0.21s type=Manual child_fresh=21005s e2e=21009s streamed_lat 4->4s lag 0->0
  [quotes_typed]   0.22s type=Manual child_fresh=Nones e2e=Nones streamed_lat 4->4s lag 0->0
  [quotes_typed]   0.20s type=Manual child_fresh=Nones e2e=Nones streamed_lat 4->4s lag 0->0
  [quotes_typed]   0.21s type=Manual child_fresh=Nones e2e=Nones streamed_lat 4->4s lag 0->0
  [quotes_typed]   0.20s type=Manual child_fresh=Nones e2e=Nones streamed_lat 4->4s lag 0->0
  [quotes_typed]   0.29s type=Manual child_fresh=Nones e2e=Nones streamed_lat 4->4s lag 0->0
  [quotes_typed]   0.20s type=Manual child_fresh=Nones e2e=Nones streamed_lat 4->4s lag 0->0
  [lag] 2026-08-14T06:11:56Z raw=113219565734 behind=4s lag_rows=0
  [quotes_typed]   0.23s type=Manual child_fresh=Nones e2e=Nones streamed_lat 4->4s lag 0->0
  [quotes_daily]   0.39s type=Manual child_fresh=21063s e2e=21067s streamed_lat 4->4s lag 0->0
  [quotes_typed]   0.19s type=Manual child_fresh=Nones e2e=Nones streamed_lat 4->4s lag 0->0
  [quotes_typed]   0.23s type=Manual child_fresh=Nones e2e=Nones streamed_lat 4->4s lag 0->0
  [quotes_typed]   0.18s type=Manual child_fresh=Nones e2e=Nones streamed_lat 4->4s lag 0->0
  [quotes_typed]   0.23s type=Manual child_fresh=Nones e2e=Nones streamed_lat 4->4s lag 0->0
  [quotes_typed]   0.21s type=Manual child_fresh=Nones e2e=Nones streamed_lat 4->4s lag 0->0
  [quotes_typed]   0.20s type=Manual child_fresh=Nones e2e=Nones streamed_lat 4->4s lag 0->0
  [lag] 2026-08-14T06:12:56Z raw=113219565734 behind=4s lag_rows=0
  [quotes_typed]   0.24s type=Manual child_fresh=Nones e2e=Nones streamed_lat 4->4s lag 0->0
  [quotes_daily]   0.28s type=Manual child_fresh=21124s e2e=21128s streamed_lat 4->4s lag 0->0
  [quotes_typed]   0.21s type=Manual child_fresh=Nones e2e=Nones streamed_lat 4->4s lag 0->0
  [quotes_typed]   0.22s type=Manual child_fresh=Nones e2e=Nones streamed_lat 4->4s lag 0->0
  [quotes_typed]   0.25s type=Manual child_fresh=Nones e2e=Nones streamed_lat 4->4s lag 0->0
  [quotes_typed]   0.26s type=Manual child_fresh=Nones e2e=Nones streamed_lat 4->4s lag 0->0
  [quotes_typed]   0.23s type=Manual child_fresh=Nones e2e=Nones streamed_lat 4->4s lag 0->0
  [quotes_typed]   0.20s type=Manual child_fresh=Nones e2e=Nones streamed_lat 4->4s lag 0->0
  [lag] 2026-08-14T06:13:56Z raw=113219565734 behind=4s lag_rows=0
  [quotes_typed]   0.27s type=Manual child_fresh=Nones e2e=Nones streamed_lat 4->4s lag 0->0
  [quotes_daily]   0.22s type=Manual child_fresh=21186s e2e=21190s streamed_lat 4->4s lag 0->0
  [quotes_typed]   0.20s type=Manual child_fresh=Nones e2e=Nones streamed_lat 4->4s lag 0->0
  [quotes_typed]   0.23s type=Manual child_fresh=Nones e2e=Nones streamed_lat 4->4s lag 0->0
  [quotes_typed]   0.29s type=Manual child_fresh=Nones e2e=Nones streamed_lat 4->4s lag 0->0
  [quotes_typed]   0.22s type=Manual child_fresh=Nones e2e=Nones streamed_lat 4->4s lag 0->0
  [quotes_typed]   0.24s type=Manual child_fresh=Nones e2e=Nones streamed_lat 4->4s lag 0->0
  [lag] 2026-08-14T06:14:56Z raw=113219565734 behind=4s lag_rows=0
  [quotes_typed]   0.21s type=Manual child_fresh=Nones e2e=Nones streamed_lat 4->4s lag 0->0
  [quotes_typed]   0.22s type=Manual child_fresh=Nones e2e=Nones streamed_lat 4->4s lag 0->0
  [quotes_daily]   0.22s type=Manual child_fresh=21243s e2e=21247s streamed_lat 4->4s lag 0->0
  [quotes_typed]   0.23s type=Manual child_fresh=Nones e2e=Nones streamed_lat 4->4s lag 0->0
  [quotes_typed]   0.22s type=Manual child_fresh=Nones e2e=Nones streamed_lat 4->4s lag 0->0
  [quotes_typed]   0.23s type=Manual child_fresh=Nones e2e=Nones streamed_lat 4->4s lag 0->0
  [quotes_typed]   0.19s type=Manual child_fresh=Nones e2e=Nones streamed_lat 4->4s lag 0->0
  [quotes_typed]   0.21s type=Manual child_fresh=Nones e2e=Nones streamed_lat 4->4s lag 0->0
  [quotes_typed]   0.23s type=Manual child_fresh=Nones e2e=Nones streamed_lat 4->4s lag 0->0
  [lag] 2026-08-14T06:15:56Z raw=113219565734 behind=4s lag_rows=0
  [quotes_typed]   0.25s type=Manual child_fresh=Nones e2e=Nones streamed_lat 4->4s lag 0->0
  [quotes_daily]   0.21s type=Manual child_fresh=21303s e2e=21307s streamed_lat 4->4s lag 0->0
  [quotes_typed]   0.21s type=Manual child_fresh=Nones e2e=Nones streamed_lat 4->4s lag 0->0
  [quotes_typed]   0.21s type=Manual child_fresh=Nones e2e=Nones streamed_lat 4->4s lag 0->0
  [quotes_typed]   0.21s type=Manual child_fresh=Nones e2e=Nones streamed_lat 4->4s lag 0->0
  [quotes_typed]   0.20s type=Manual child_fresh=Nones e2e=Nones streamed_lat 4->4s lag 0->0
  [quotes_typed]   0.21s type=Manual child_fresh=Nones e2e=Nones streamed_lat 4->4s lag 0->0
  [quotes_typed]   0.24s type=Manual child_fresh=Nones e2e=Nones streamed_lat 4->4s lag 0->0
  [lag] 2026-08-14T06:16:56Z raw=113219565734 behind=4s lag_rows=0
  [quotes_typed]   0.20s type=Manual child_fresh=Nones e2e=Nones streamed_lat 4->4s lag 0->0
  [quotes_daily]   0.35s type=Manual child_fresh=21363s e2e=21367s streamed_lat 4->4s lag 0->0
  [quotes_typed]   0.20s type=Manual child_fresh=Nones e2e=Nones streamed_lat 4->4s lag 0->0
  [quotes_typed]   0.22s type=Manual child_fresh=Nones e2e=Nones streamed_lat 4->4s lag 0->0
  [quotes_typed]   0.25s type=Manual child_fresh=Nones e2e=Nones streamed_lat 4->4s lag 0->0
  [quotes_typed]   0.20s type=Manual child_fresh=Nones e2e=Nones streamed_lat 4->4s lag 0->0
  [quotes_typed]   0.20s type=Manual child_fresh=Nones e2e=Nones streamed_lat 4->4s lag 0->0
  [quotes_typed]   0.20s type=Manual child_fresh=Nones e2e=Nones streamed_lat 4->4s lag 0->0
  [lag] 2026-08-14T06:17:56Z raw=113219565734 behind=4s lag_rows=0
  [quotes_typed]   0.20s type=Manual child_fresh=Nones e2e=Nones streamed_lat 4->4s lag 0->0
  [quotes_daily]   0.21s type=Manual child_fresh=21423s e2e=21427s streamed_lat 4->4s lag 0->0
  [quotes_typed]   0.22s type=Manual child_fresh=Nones e2e=Nones streamed_lat 4->4s lag 0->0
  [quotes_typed]   0.20s type=Manual child_fresh=Nones e2e=Nones streamed_lat 4->4s lag 0->0
  [quotes_typed]   0.25s type=Manual child_fresh=Nones e2e=Nones streamed_lat 4->4s lag 0->0
  [quotes_typed]   0.23s type=Manual child_fresh=Nones e2e=Nones streamed_lat 4->4s lag 0->0
  [quotes_typed]   0.20s type=Manual child_fresh=Nones e2e=Nones streamed_lat 4->4s lag 0->0
  [quotes_typed]   0.21s type=Manual child_fresh=Nones e2e=Nones streamed_lat 4->4s lag 0->0
  [lag] 2026-08-14T06:18:56Z raw=113219565734 behind=4s lag_rows=0
  [quotes_typed]   0.19s type=Manual child_fresh=Nones e2e=Nones streamed_lat 4->4s lag 0->0
  [quotes_daily]   0.23s type=Manual child_fresh=21483s e2e=21487s streamed_lat 4->4s lag 0->0
  [quotes_typed]   0.22s type=Manual child_fresh=Nones e2e=Nones streamed_lat 4->4s lag 0->0
  [quotes_typed]   0.21s type=Manual child_fresh=Nones e2e=Nones streamed_lat 4->4s lag 0->0
  [quotes_typed]   0.21s type=Manual child_fresh=Nones e2e=Nones streamed_lat 4->4s lag 0->0
  [quotes_typed]   0.24s type=Manual child_fresh=Nones e2e=Nones streamed_lat 4->4s lag 0->0
  [quotes_typed]   0.25s type=Manual child_fresh=Nones e2e=Nones streamed_lat 4->4s lag 0->0
  [quotes_typed]   0.21s type=Manual child_fresh=Nones e2e=Nones streamed_lat 4->4s lag 0->0
  [lag] 2026-08-14T06:19:56Z raw=113219565734 behind=4s lag_rows=0
  [quotes_typed]   0.23s type=Manual child_fresh=Nones e2e=Nones streamed_lat 4->4s lag 0->0
  [quotes_typed]   0.26s type=Manual child_fresh=Nones e2e=Nones streamed_lat 4->4s lag 0->0
  [quotes_daily]   1.25s type=Manual child_fresh=21548s e2e=21552s streamed_lat 4->4s lag 0->0
  [quotes_typed]   0.35s type=Manual child_fresh=Nones e2e=Nones streamed_lat 4->4s lag 0->0
  [quotes_typed]   0.23s type=Manual child_fresh=Nones e2e=Nones streamed_lat 4->4s lag 0->0
  [quotes_typed]   0.21s type=Manual child_fresh=Nones e2e=Nones streamed_lat 4->4s lag 0->0
  [quotes_typed]   0.25s type=Manual child_fresh=Nones e2e=Nones streamed_lat 4->4s lag 0->0
  [quotes_typed]   0.21s type=Manual child_fresh=Nones e2e=Nones streamed_lat 4->4s lag 0->0
  [lag] 2026-08-14T06:20:56Z raw=113219565734 behind=4s lag_rows=0
  [quotes_typed]   0.21s type=Manual child_fresh=Nones e2e=Nones streamed_lat 4->4s lag 0->0
  [quotes_daily]   0.22s type=Manual child_fresh=21606s e2e=21610s streamed_lat 4->4s lag 0->0
  [quotes_typed]   0.21s type=Manual child_fresh=Nones e2e=Nones streamed_lat 4->4s lag 0->0
  [quotes_typed]   0.26s type=Manual child_fresh=Nones e2e=Nones streamed_lat 4->4s lag 0->0
  [quotes_typed]   0.21s type=Manual child_fresh=Nones e2e=Nones streamed_lat 4->4s lag 0->0
  [quotes_typed]   0.20s type=Manual child_fresh=Nones e2e=Nones streamed_lat 4->4s lag 0->0
  [quotes_typed]   0.20s type=Manual child_fresh=Nones e2e=Nones streamed_lat 4->4s lag 0->0
  [quotes_typed]   0.21s type=Manual child_fresh=Nones e2e=Nones streamed_lat 4->4s lag 0->0
  [lag] 2026-08-14T06:21:56Z raw=113219565734 behind=4s lag_rows=0
  [quotes_typed]   0.25s type=Manual child_fresh=Nones e2e=Nones streamed_lat 4->4s lag 0->0
  [quotes_daily]   0.20s type=Manual child_fresh=21665s e2e=21669s streamed_lat 4->4s lag 0->0
  [quotes_typed]   0.20s type=Manual child_fresh=Nones e2e=Nones streamed_lat 4->4s lag 0->0
  [quotes_typed]   0.22s type=Manual child_fresh=Nones e2e=Nones streamed_lat 4->4s lag 0->0
  [quotes_typed]   0.19s type=Manual child_fresh=Nones e2e=Nones streamed_lat 4->4s lag 0->0
  [quotes_typed]   0.20s type=Manual child_fresh=Nones e2e=Nones streamed_lat 4->4s lag 0->0
  [quotes_typed]   0.21s type=Manual child_fresh=Nones e2e=Nones streamed_lat 4->4s lag 0->0
  [quotes_typed]   0.24s type=Manual child_fresh=Nones e2e=Nones streamed_lat 4->4s lag 0->0
  [lag] 2026-08-14T06:22:56Z raw=113219565734 behind=4s lag_rows=0
  [quotes_typed]   0.21s type=Manual child_fresh=Nones e2e=Nones streamed_lat 4->4s lag 0->0
  [quotes_daily]   0.23s type=Manual child_fresh=21723s e2e=21727s streamed_lat 4->4s lag 0->0
  [quotes_typed]   0.21s type=Manual child_fresh=Nones e2e=Nones streamed_lat 4->4s lag 0->0
  [quotes_typed]   0.26s type=Manual child_fresh=Nones e2e=Nones streamed_lat 4->4s lag 0->0
  [quotes_typed]   0.22s type=Manual child_fresh=Nones e2e=Nones streamed_lat 4->4s lag 0->0
  [quotes_typed]   0.21s type=Manual child_fresh=Nones e2e=Nones streamed_lat 4->4s lag 0->0
  [quotes_typed]   0.22s type=Manual child_fresh=Nones e2e=Nones streamed_lat 4->4s lag 0->0
  [quotes_typed]   0.20s type=Manual child_fresh=Nones e2e=Nones streamed_lat 4->4s lag 0->0
  [lag] 2026-08-14T06:23:56Z raw=113219565734 behind=4s lag_rows=0
  [quotes_typed]   0.20s type=Manual child_fresh=Nones e2e=Nones streamed_lat 4->4s lag 0->0
  [quotes_typed]   0.23s type=Manual child_fresh=Nones e2e=Nones streamed_lat 4->4s lag 0->0
  [quotes_daily]   0.24s type=Manual child_fresh=21785s e2e=21789s streamed_lat 4->4s lag 0->0
  [quotes_typed]   0.21s type=Manual child_fresh=Nones e2e=Nones streamed_lat 4->4s lag 0->0
  [quotes_typed]   0.21s type=Manual child_fresh=Nones e2e=Nones streamed_lat 4->4s lag 0->0
  [quotes_typed]   0.20s type=Manual child_fresh=Nones e2e=Nones streamed_lat 4->4s lag 0->0
  [quotes_typed]   0.20s type=Manual child_fresh=Nones e2e=Nones streamed_lat 4->4s lag 0->0
  [quotes_typed]   0.24s type=Manual child_fresh=Nones e2e=Nones streamed_lat 4->4s lag 0->0
  [lag] 2026-08-14T06:24:56Z raw=113219565734 behind=4s lag_rows=0
  [quotes_typed]   0.20s type=Manual child_fresh=Nones e2e=Nones streamed_lat 4->4s lag 0->0
  [quotes_daily]   0.22s type=Manual child_fresh=21843s e2e=21847s streamed_lat 4->4s lag 0->0
  [quotes_typed]   0.21s type=Manual child_fresh=Nones e2e=Nones streamed_lat 4->4s lag 0->0
  [quotes_typed]   0.18s type=Manual child_fresh=Nones e2e=Nones streamed_lat 4->4s lag 0->0
  [quotes_typed]   0.22s type=Manual child_fresh=Nones e2e=Nones streamed_lat 4->4s lag 0->0
  [quotes_typed]   0.21s type=Manual child_fresh=Nones e2e=Nones streamed_lat 4->4s lag 0->0
  [quotes_typed]   0.20s type=Manual child_fresh=Nones e2e=Nones streamed_lat 4->4s lag 0->0
  [quotes_typed]   0.23s type=Manual child_fresh=Nones e2e=Nones streamed_lat 4->4s lag 0->0
  [lag] 2026-08-14T06:25:56Z raw=113219565734 behind=4s lag_rows=0
  [quotes_typed]   0.21s type=Manual child_fresh=Nones e2e=Nones streamed_lat 4->4s lag 0->0
  [quotes_typed]   0.19s type=Manual child_fresh=Nones e2e=Nones streamed_lat 4->4s lag 0->0
  [quotes_daily]   0.22s type=Manual child_fresh=21903s e2e=21907s streamed_lat 4->4s lag 0->0
  [quotes_typed]   0.20s type=Manual child_fresh=Nones e2e=Nones streamed_lat 4->4s lag 0->0
  [quotes_typed]   0.37s type=Manual child_fresh=Nones e2e=Nones streamed_lat 4->4s lag 0->0
  [quotes_typed]   0.23s type=Manual child_fresh=Nones e2e=Nones streamed_lat 4->4s lag 0->0
  [quotes_typed]   0.22s type=Manual child_fresh=Nones e2e=Nones streamed_lat 4->4s lag 0->0
  [quotes_typed]   0.24s type=Manual child_fresh=Nones e2e=Nones streamed_lat 4->4s lag 0->0
  [quotes_typed]   0.21s type=Manual child_fresh=Nones e2e=Nones streamed_lat 4->4s lag 0->0
  [lag] 2026-08-14T06:26:56Z raw=113219565734 behind=4s lag_rows=0
  [quotes_typed]   0.25s type=Manual child_fresh=Nones e2e=Nones streamed_lat 4->4s lag 0->0
  [quotes_daily]   1.21s type=Manual child_fresh=21967s e2e=21971s streamed_lat 4->4s lag 0->0
  [quotes_typed]   0.23s type=Manual child_fresh=Nones e2e=Nones streamed_lat 4->4s lag 0->0
  [quotes_typed]   0.22s type=Manual child_fresh=Nones e2e=Nones streamed_lat 4->4s lag 0->0
  [quotes_typed]   0.22s type=Manual child_fresh=Nones e2e=Nones streamed_lat 4->4s lag 0->0
  [quotes_typed]   0.22s type=Manual child_fresh=Nones e2e=Nones streamed_lat 4->4s lag 0->0
  [quotes_typed]   0.25s type=Manual child_fresh=Nones e2e=Nones streamed_lat 4->4s lag 0->0
  [lag] 2026-08-14T06:27:56Z raw=113219565734 behind=4s lag_rows=0
  [quotes_typed]   0.21s type=Manual child_fresh=Nones e2e=Nones streamed_lat 4->4s lag 0->0
  [quotes_daily]   0.23s type=Manual child_fresh=22024s e2e=22028s streamed_lat 4->4s lag 0->0
  [quotes_typed]   0.21s type=Manual child_fresh=Nones e2e=Nones streamed_lat 4->4s lag 0->0
  [quotes_typed]   0.21s type=Manual child_fresh=Nones e2e=Nones streamed_lat 4->4s lag 0->0
  [quotes_typed]   0.21s type=Manual child_fresh=Nones e2e=Nones streamed_lat 4->4s lag 0->0
  [quotes_typed]   0.24s type=Manual child_fresh=Nones e2e=Nones streamed_lat 4->4s lag 0->0
  [quotes_typed]   0.29s type=Manual child_fresh=Nones e2e=Nones streamed_lat 4->4s lag 0->0
  [quotes_typed]   0.21s type=Manual child_fresh=Nones e2e=Nones streamed_lat 4->4s lag 0->0
  [lag] 2026-08-14T06:28:56Z raw=113219565734 behind=4s lag_rows=0
  [quotes_typed]   0.21s type=Manual child_fresh=Nones e2e=Nones streamed_lat 4->4s lag 0->0
  [quotes_typed]   0.22s type=Manual child_fresh=Nones e2e=Nones streamed_lat 4->4s lag 0->0
  [quotes_daily]   0.31s type=Manual child_fresh=22083s e2e=22087s streamed_lat 4->4s lag 0->0
  [quotes_typed]   0.19s type=Manual child_fresh=Nones e2e=Nones streamed_lat 4->4s lag 0->0
  [quotes_typed]   0.23s type=Manual child_fresh=Nones e2e=Nones streamed_lat 4->4s lag 0->0
  [quotes_typed]   0.21s type=Manual child_fresh=Nones e2e=Nones streamed_lat 4->4s lag 0->0
  [quotes_typed]   0.20s type=Manual child_fresh=Nones e2e=Nones streamed_lat 4->4s lag 0->0
  [quotes_typed]   0.20s type=Manual child_fresh=Nones e2e=Nones streamed_lat 4->4s lag 0->0
  [quotes_typed]   0.19s type=Manual child_fresh=Nones e2e=Nones streamed_lat 4->4s lag 0->0
  [lag] 2026-08-14T06:29:56Z raw=113219565734 behind=4s lag_rows=0
  [quotes_typed]   0.20s type=Manual child_fresh=Nones e2e=Nones streamed_lat 4->4s lag 0->0
  [quotes_daily]   0.21s type=Manual child_fresh=22143s e2e=22147s streamed_lat 4->4s lag 0->0
  [quotes_typed]   0.27s type=Manual child_fresh=Nones e2e=Nones streamed_lat 4->4s lag 0->0
  [quotes_typed]   0.26s type=Manual child_fresh=Nones e2e=Nones streamed_lat 4->4s lag 0->0
  [quotes_typed]   0.20s type=Manual child_fresh=Nones e2e=Nones streamed_lat 4->4s lag 0->0
  [quotes_typed]   0.25s type=Manual child_fresh=Nones e2e=Nones streamed_lat 4->4s lag 0->0
  [quotes_typed]   0.22s type=Manual child_fresh=Nones e2e=Nones streamed_lat 4->4s lag 0->0
  [quotes_typed]   0.23s type=Manual child_fresh=Nones e2e=Nones streamed_lat 4->4s lag 0->0
  [lag] 2026-08-14T06:30:56Z raw=113219565734 behind=4s lag_rows=0
  [quotes_typed]   0.22s type=Manual child_fresh=Nones e2e=Nones streamed_lat 4->4s lag 0->0
  [quotes_typed]   0.21s type=Manual child_fresh=Nones e2e=Nones streamed_lat 4->4s lag 0->0
  [quotes_daily]   0.22s type=Manual child_fresh=22203s e2e=22207s streamed_lat 4->4s lag 0->0
  [quotes_typed]   0.20s type=Manual child_fresh=Nones e2e=Nones streamed_lat 4->4s lag 0->0
  [quotes_typed]   0.21s type=Manual child_fresh=Nones e2e=Nones streamed_lat 4->4s lag 0->0
  [quotes_typed]   0.21s type=Manual child_fresh=Nones e2e=Nones streamed_lat 4->4s lag 0->0
  [quotes_typed]   0.24s type=Manual child_fresh=Nones e2e=Nones streamed_lat 4->4s lag 0->0
  [quotes_typed]   0.22s type=Manual child_fresh=Nones e2e=Nones streamed_lat 4->4s lag 0->0
  [quotes_typed]   0.19s type=Manual child_fresh=Nones e2e=Nones streamed_lat 4->4s lag 0->0
  [lag] 2026-08-14T06:31:56Z raw=113219565734 behind=4s lag_rows=0
  [quotes_typed]   0.22s type=Manual child_fresh=Nones e2e=Nones streamed_lat 4->4s lag 0->0
  [quotes_daily]   0.21s type=Manual child_fresh=22265s e2e=22269s streamed_lat 4->4s lag 0->0
  [quotes_typed]   0.23s type=Manual child_fresh=Nones e2e=Nones streamed_lat 4->4s lag 0->0
  [quotes_typed]   0.22s type=Manual child_fresh=Nones e2e=Nones streamed_lat 4->4s lag 0->0
  [quotes_typed]   0.22s type=Manual child_fresh=Nones e2e=Nones streamed_lat 4->4s lag 0->0
  [quotes_typed]   0.22s type=Manual child_fresh=Nones e2e=Nones streamed_lat 4->4s lag 0->0
  [quotes_typed]   0.19s type=Manual child_fresh=Nones e2e=Nones streamed_lat 4->4s lag 0->0
  [quotes_typed]   0.21s type=Manual child_fresh=Nones e2e=Nones streamed_lat 4->4s lag 0->0
  [lag] 2026-08-14T06:32:56Z raw=113219565734 behind=4s lag_rows=0
  [quotes_typed]   0.20s type=Manual child_fresh=Nones e2e=Nones streamed_lat 4->4s lag 0->0
  [quotes_daily]   0.22s type=Manual child_fresh=22323s e2e=22327s streamed_lat 4->4s lag 0->0
  [quotes_typed]   0.20s type=Manual child_fresh=Nones e2e=Nones streamed_lat 4->4s lag 0->0
  [quotes_typed]   0.20s type=Manual child_fresh=Nones e2e=Nones streamed_lat 4->4s lag 0->0
  [quotes_typed]   0.21s type=Manual child_fresh=Nones e2e=Nones streamed_lat 4->4s lag 0->0
  [quotes_typed]   0.18s type=Manual child_fresh=Nones e2e=Nones streamed_lat 4->4s lag 0->0
  [quotes_typed]   0.27s type=Manual child_fresh=Nones e2e=Nones streamed_lat 4->4s lag 0->0
  [quotes_typed]   0.22s type=Manual child_fresh=Nones e2e=Nones streamed_lat 4->4s lag 0->0
  [lag] 2026-08-14T06:33:56Z raw=113219565734 behind=4s lag_rows=0
  [quotes_typed]   0.22s type=Manual child_fresh=Nones e2e=Nones streamed_lat 4->4s lag 0->0
  [quotes_typed]   0.20s type=Manual child_fresh=Nones e2e=Nones streamed_lat 4->4s lag 0->0
  [quotes_daily]   0.21s type=Manual child_fresh=22383s e2e=22387s streamed_lat 4->4s lag 0->0
  [quotes_typed]   0.21s type=Manual child_fresh=Nones e2e=Nones streamed_lat 4->4s lag 0->0
  [quotes_typed]   0.22s type=Manual child_fresh=Nones e2e=Nones streamed_lat 4->4s lag 0->0
  [quotes_typed]   0.22s type=Manual child_fresh=Nones e2e=Nones streamed_lat 4->4s lag 0->0
  [quotes_typed]   0.20s type=Manual child_fresh=Nones e2e=Nones streamed_lat 4->4s lag 0->0
  [quotes_typed]   0.21s type=Manual child_fresh=Nones e2e=Nones streamed_lat 4->4s lag 0->0
  [quotes_typed]   0.22s type=Manual child_fresh=Nones e2e=Nones streamed_lat 4->4s lag 0->0
  [lag] 2026-08-14T06:34:56Z raw=113219565734 behind=4s lag_rows=0
  [quotes_typed]   0.22s type=Manual child_fresh=Nones e2e=Nones streamed_lat 4->4s lag 0->0
  [quotes_daily]   0.41s type=Manual child_fresh=22443s e2e=22447s streamed_lat 4->4s lag 0->0
  [quotes_typed]   0.21s type=Manual child_fresh=Nones e2e=Nones streamed_lat 4->4s lag 0->0
  [quotes_typed]   0.21s type=Manual child_fresh=Nones e2e=Nones streamed_lat 4->4s lag 0->0
  [quotes_typed]   0.19s type=Manual child_fresh=Nones e2e=Nones streamed_lat 4->4s lag 0->0
  [quotes_typed]   0.27s type=Manual child_fresh=Nones e2e=Nones streamed_lat 4->4s lag 0->0
  [quotes_typed]   0.19s type=Manual child_fresh=Nones e2e=Nones streamed_lat 4->4s lag 0->0
  [quotes_typed]   0.21s type=Manual child_fresh=Nones e2e=Nones streamed_lat 4->4s lag 0->0
  [lag] 2026-08-14T06:35:56Z raw=113219565734 behind=4s lag_rows=0
  [quotes_typed]   0.24s type=Manual child_fresh=Nones e2e=Nones streamed_lat 4->4s lag 0->0
  [quotes_typed]   0.18s type=Manual child_fresh=Nones e2e=Nones streamed_lat 4->4s lag 0->0
  [quotes_daily]   0.20s type=Manual child_fresh=22503s e2e=22507s streamed_lat 4->4s lag 0->0
  [quotes_typed]   0.20s type=Manual child_fresh=Nones e2e=Nones streamed_lat 4->4s lag 0->0
  [quotes_typed]   0.21s type=Manual child_fresh=Nones e2e=Nones streamed_lat 4->4s lag 0->0
  [quotes_typed]   0.20s type=Manual child_fresh=Nones e2e=Nones streamed_lat 4->4s lag 0->0
  [quotes_typed]   0.22s type=Manual child_fresh=Nones e2e=Nones streamed_lat 4->4s lag 0->0
  [quotes_typed]   0.19s type=Manual child_fresh=Nones e2e=Nones streamed_lat 4->4s lag 0->0
  [quotes_typed]   0.21s type=Manual child_fresh=Nones e2e=Nones streamed_lat 4->4s lag 0->0
  [lag] 2026-08-14T06:36:56Z raw=113219565734 behind=4s lag_rows=0
  [quotes_typed]   0.21s type=Manual child_fresh=Nones e2e=Nones streamed_lat 4->4s lag 0->0
  [quotes_typed]   0.21s type=Manual child_fresh=Nones e2e=Nones streamed_lat 4->4s lag 0->0
  [quotes_daily]   0.21s type=Manual child_fresh=22571s e2e=22575s streamed_lat 4->4s lag 0->0
  [quotes_typed]   0.24s type=Manual child_fresh=Nones e2e=Nones streamed_lat 4->4s lag 0->0
  [quotes_typed]   0.23s type=Manual child_fresh=Nones e2e=Nones streamed_lat 4->4s lag 0->0
  [quotes_typed]   0.20s type=Manual child_fresh=Nones e2e=Nones streamed_lat 4->4s lag 0->0
  [quotes_typed]   0.22s type=Manual child_fresh=Nones e2e=Nones streamed_lat 4->4s lag 0->0
  [quotes_typed]   0.19s type=Manual child_fresh=Nones e2e=Nones streamed_lat 4->4s lag 0->0
  [lag] 2026-08-14T06:37:56Z raw=113219565734 behind=4s lag_rows=0
  [quotes_typed]   0.19s type=Manual child_fresh=Nones e2e=Nones streamed_lat 4->4s lag 0->0
  [quotes_daily]   0.20s type=Manual child_fresh=22623s e2e=22627s streamed_lat 4->4s lag 0->0
  [quotes_typed]   0.23s type=Manual child_fresh=Nones e2e=Nones streamed_lat 4->4s lag 0->0
  [quotes_typed]   0.20s type=Manual child_fresh=Nones e2e=Nones streamed_lat 4->4s lag 0->0
  [quotes_typed]   0.23s type=Manual child_fresh=Nones e2e=Nones streamed_lat 4->4s lag 0->0
  [quotes_typed]   0.19s type=Manual child_fresh=Nones e2e=Nones streamed_lat 4->4s lag 0->0
  [quotes_typed]   0.22s type=Manual child_fresh=Nones e2e=Nones streamed_lat 4->4s lag 0->0
  [quotes_typed]   0.24s type=Manual child_fresh=Nones e2e=Nones streamed_lat 4->4s lag 0->0
  [lag] 2026-08-14T06:38:56Z raw=113219565734 behind=4s lag_rows=0
  [quotes_typed]   0.22s type=Manual child_fresh=Nones e2e=Nones streamed_lat 4->4s lag 0->0
  [quotes_daily]   0.26s type=Manual child_fresh=22683s e2e=22687s streamed_lat 4->4s lag 0->0
  [quotes_typed]   0.20s type=Manual child_fresh=Nones e2e=Nones streamed_lat 4->4s lag 0->0
  [quotes_typed]   0.19s type=Manual child_fresh=Nones e2e=Nones streamed_lat 4->4s lag 0->0
  [quotes_typed]   0.18s type=Manual child_fresh=Nones e2e=Nones streamed_lat 4->4s lag 0->0
  [quotes_typed]   0.20s type=Manual child_fresh=Nones e2e=Nones streamed_lat 4->4s lag 0->0
  [quotes_typed]   0.24s type=Manual child_fresh=Nones e2e=Nones streamed_lat 4->4s lag 0->0
  [quotes_typed]   0.21s type=Manual child_fresh=Nones e2e=Nones streamed_lat 4->4s lag 0->0
  [lag] 2026-08-14T06:39:56Z raw=113219565734 behind=4s lag_rows=0
  [quotes_typed]   0.21s type=Manual child_fresh=Nones e2e=Nones streamed_lat 4->4s lag 0->0
  [quotes_typed]   0.19s type=Manual child_fresh=Nones e2e=Nones streamed_lat 4->4s lag 0->0
  [quotes_daily]   0.20s type=Manual child_fresh=22743s e2e=22747s streamed_lat 4->4s lag 0->0
  [quotes_typed]   0.21s type=Manual child_fresh=Nones e2e=Nones streamed_lat 4->4s lag 0->0
  [quotes_typed]   0.17s type=Manual child_fresh=Nones e2e=Nones streamed_lat 4->4s lag 0->0
  [quotes_typed]   0.20s type=Manual child_fresh=Nones e2e=Nones streamed_lat 4->4s lag 0->0
  [quotes_typed]   0.20s type=Manual child_fresh=Nones e2e=Nones streamed_lat 4->4s lag 0->0
  [quotes_typed]   0.20s type=Manual child_fresh=Nones e2e=Nones streamed_lat 4->4s lag 0->0
  [lag] 2026-08-14T06:40:56Z raw=113219565734 behind=4s lag_rows=0
  [quotes_typed]   0.22s type=Manual child_fresh=Nones e2e=Nones streamed_lat 4->4s lag 0->0
  [quotes_typed]   0.22s type=Manual child_fresh=Nones e2e=Nones streamed_lat 4->4s lag 0->0
  [quotes_daily]   0.21s type=Manual child_fresh=22811s e2e=22815s streamed_lat 4->4s lag 0->0
  [quotes_typed]   0.19s type=Manual child_fresh=Nones e2e=Nones streamed_lat 4->4s lag 0->0
  [quotes_typed]   0.20s type=Manual child_fresh=Nones e2e=Nones streamed_lat 4->4s lag 0->0
  [quotes_typed]   0.20s type=Manual child_fresh=Nones e2e=Nones streamed_lat 4->4s lag 0->0
  [quotes_typed]   0.22s type=Manual child_fresh=Nones e2e=Nones streamed_lat 4->4s lag 0->0
  [lag] 2026-08-14T06:41:56Z raw=113219565734 behind=4s lag_rows=0
  [quotes_typed]   0.19s type=Manual child_fresh=Nones e2e=Nones streamed_lat 4->4s lag 0->0
  [quotes_typed]   0.23s type=Manual child_fresh=Nones e2e=Nones streamed_lat 4->4s lag 0->0
  [quotes_daily]   0.21s type=Manual child_fresh=22863s e2e=22867s streamed_lat 4->4s lag 0->0
  [quotes_typed]   0.19s type=Manual child_fresh=Nones e2e=Nones streamed_lat 4->4s lag 0->0
  [quotes_typed]   0.24s type=Manual child_fresh=Nones e2e=Nones streamed_lat 4->4s lag 0->0
  [quotes_typed]   0.22s type=Manual child_fresh=Nones e2e=Nones streamed_lat 4->4s lag 0->0
  [quotes_typed]   0.22s type=Manual child_fresh=Nones e2e=Nones streamed_lat 4->4s lag 0->0
  [quotes_typed]   0.19s type=Manual child_fresh=Nones e2e=Nones streamed_lat 4->4s lag 0->0
  [quotes_typed]   0.19s type=Manual child_fresh=Nones e2e=Nones streamed_lat 4->4s lag 0->0
  [lag] 2026-08-14T06:42:56Z raw=113219565734 behind=4s lag_rows=0
  [quotes_typed]   0.23s type=Manual child_fresh=Nones e2e=Nones streamed_lat 4->4s lag 0->0
  [quotes_daily]   0.25s type=Manual child_fresh=22931s e2e=22935s streamed_lat 4->4s lag 0->0
  [quotes_typed]   0.23s type=Manual child_fresh=Nones e2e=Nones streamed_lat 4->4s lag 0->0
  [quotes_typed]   0.23s type=Manual child_fresh=Nones e2e=Nones streamed_lat 4->4s lag 0->0
  [quotes_typed]   0.24s type=Manual child_fresh=Nones e2e=Nones streamed_lat 4->4s lag 0->0
  [quotes_typed]   0.21s type=Manual child_fresh=Nones e2e=Nones streamed_lat 4->4s lag 0->0
  [quotes_typed]   0.19s type=Manual child_fresh=Nones e2e=Nones streamed_lat 4->4s lag 0->0
  [lag] 2026-08-14T06:43:56Z raw=113219565734 behind=4s lag_rows=0
  [quotes_typed]   0.21s type=Manual child_fresh=Nones e2e=Nones streamed_lat 4->4s lag 0->0
  [quotes_typed]   0.18s type=Manual child_fresh=Nones e2e=Nones streamed_lat 4->4s lag 0->0
  [quotes_daily]   0.22s type=Manual child_fresh=22983s e2e=22987s streamed_lat 4->4s lag 0->0
  [quotes_typed]   0.21s type=Manual child_fresh=Nones e2e=Nones streamed_lat 4->4s lag 0->0
  [quotes_typed]   0.20s type=Manual child_fresh=Nones e2e=Nones streamed_lat 4->4s lag 0->0
  [quotes_typed]   0.20s type=Manual child_fresh=Nones e2e=Nones streamed_lat 4->4s lag 0->0
  [quotes_typed]   0.20s type=Manual child_fresh=Nones e2e=Nones streamed_lat 4->4s lag 0->0
  [quotes_typed]   0.21s type=Manual child_fresh=Nones e2e=Nones streamed_lat 4->4s lag 0->0
  [quotes_typed]   0.21s type=Manual child_fresh=Nones e2e=Nones streamed_lat 4->4s lag 0->0
  [lag] 2026-08-14T06:44:56Z raw=113219565734 behind=4s lag_rows=0
  [quotes_typed]   0.18s type=Manual child_fresh=Nones e2e=Nones streamed_lat 4->4s lag 0->0
  [quotes_daily]   0.22s type=Manual child_fresh=23043s e2e=23047s streamed_lat 4->4s lag 0->0
  [quotes_typed]   0.23s type=Manual child_fresh=Nones e2e=Nones streamed_lat 4->4s lag 0->0
  [quotes_typed]   0.20s type=Manual child_fresh=Nones e2e=Nones streamed_lat 4->4s lag 0->0
  [quotes_typed]   0.21s type=Manual child_fresh=Nones e2e=Nones streamed_lat 4->4s lag 0->0
  [quotes_typed]   0.22s type=Manual child_fresh=Nones e2e=Nones streamed_lat 4->4s lag 0->0
  [quotes_typed]   0.20s type=Manual child_fresh=Nones e2e=Nones streamed_lat 4->4s lag 0->0
  [quotes_typed]   0.19s type=Manual child_fresh=Nones e2e=Nones streamed_lat 4->4s lag 0->0
  [lag] 2026-08-14T06:45:56Z raw=113219565734 behind=4s lag_rows=0
  [quotes_typed]   0.25s type=Manual child_fresh=Nones e2e=Nones streamed_lat 4->4s lag 0->0
  [quotes_typed]   0.20s type=Manual child_fresh=Nones e2e=Nones streamed_lat 4->4s lag 0->0
  [quotes_daily]   0.21s type=Manual child_fresh=23103s e2e=23107s streamed_lat 4->4s lag 0->0
  [quotes_typed]   0.21s type=Manual child_fresh=Nones e2e=Nones streamed_lat 4->4s lag 0->0
  [quotes_typed]   0.21s type=Manual child_fresh=Nones e2e=Nones streamed_lat 4->4s lag 0->0
  [quotes_typed]   0.22s type=Manual child_fresh=Nones e2e=Nones streamed_lat 4->4s lag 0->0
  [quotes_typed]   0.26s type=Manual child_fresh=Nones e2e=Nones streamed_lat 4->4s lag 0->0
  [quotes_typed]   0.25s type=Manual child_fresh=Nones e2e=Nones streamed_lat 4->4s lag 0->0
  [quotes_typed]   0.18s type=Manual child_fresh=Nones e2e=Nones streamed_lat 4->4s lag 0->0
  [lag] 2026-08-14T06:46:56Z raw=113219565734 behind=4s lag_rows=0
  [quotes_typed]   0.21s type=Manual child_fresh=Nones e2e=Nones streamed_lat 4->4s lag 0->0
  [quotes_daily]   0.22s type=Manual child_fresh=23163s e2e=23167s streamed_lat 4->4s lag 0->0
  [quotes_typed]   0.21s type=Manual child_fresh=Nones e2e=Nones streamed_lat 4->4s lag 0->0
  [quotes_typed]   0.20s type=Manual child_fresh=Nones e2e=Nones streamed_lat 4->4s lag 0->0
  [quotes_typed]   0.20s type=Manual child_fresh=Nones e2e=Nones streamed_lat 4->4s lag 0->0
  [quotes_typed]   0.20s type=Manual child_fresh=Nones e2e=Nones streamed_lat 4->4s lag 0->0
  [quotes_typed]   0.20s type=Manual child_fresh=Nones e2e=Nones streamed_lat 4->4s lag 0->0
  [quotes_typed]   0.20s type=Manual child_fresh=Nones e2e=Nones streamed_lat 4->4s lag 0->0
  [lag] 2026-08-14T06:47:56Z raw=113219565734 behind=4s lag_rows=0
  [quotes_typed]   0.20s type=Manual child_fresh=Nones e2e=Nones streamed_lat 4->4s lag 0->0
  [quotes_typed]   0.20s type=Manual child_fresh=Nones e2e=Nones streamed_lat 4->4s lag 0->0
  [quotes_daily]   0.23s type=Manual child_fresh=23223s e2e=23227s streamed_lat 4->4s lag 0->0
  [quotes_typed]   0.23s type=Manual child_fresh=Nones e2e=Nones streamed_lat 4->4s lag 0->0
  [quotes_typed]   0.90s type=Manual child_fresh=Nones e2e=Nones streamed_lat 4->4s lag 0->0
  [quotes_typed]   0.23s type=Manual child_fresh=Nones e2e=Nones streamed_lat 4->4s lag 0->0
  [quotes_typed]   0.19s type=Manual child_fresh=Nones e2e=Nones streamed_lat 4->4s lag 0->0
  [quotes_typed]   0.21s type=Manual child_fresh=Nones e2e=Nones streamed_lat 4->4s lag 0->0
  [lag] 2026-08-14T06:48:56Z raw=113219565734 behind=4s lag_rows=0
  [quotes_typed]   0.19s type=Manual child_fresh=Nones e2e=Nones streamed_lat 4->4s lag 0->0
  [quotes_typed]   0.20s type=Manual child_fresh=Nones e2e=Nones streamed_lat 4->4s lag 0->0
  [quotes_daily]   0.24s type=Manual child_fresh=23283s e2e=23287s streamed_lat 4->4s lag 0->0
  [quotes_typed]   0.19s type=Manual child_fresh=Nones e2e=Nones streamed_lat 4->4s lag 0->0
  [quotes_typed]   0.20s type=Manual child_fresh=Nones e2e=Nones streamed_lat 4->4s lag 0->0
  [quotes_typed]   0.19s type=Manual child_fresh=Nones e2e=Nones streamed_lat 4->4s lag 0->0
  [quotes_typed]   0.24s type=Manual child_fresh=Nones e2e=Nones streamed_lat 4->4s lag 0->0
  [quotes_typed]   0.22s type=Manual child_fresh=Nones e2e=Nones streamed_lat 4->4s lag 0->0
  [quotes_typed]   0.22s type=Manual child_fresh=Nones e2e=Nones streamed_lat 4->4s lag 0->0
  [lag] 2026-08-14T06:49:56Z raw=113219565734 behind=4s lag_rows=0
  [quotes_typed]   0.20s type=Manual child_fresh=Nones e2e=Nones streamed_lat 4->4s lag 0->0
  [quotes_typed]   0.22s type=Manual child_fresh=Nones e2e=Nones streamed_lat 4->4s lag 0->0
  [quotes_daily]   0.24s type=Manual child_fresh=23349s e2e=23353s streamed_lat 4->4s lag 0->0
  [quotes_typed]   0.22s type=Manual child_fresh=Nones e2e=Nones streamed_lat 4->4s lag 0->0
  [quotes_typed]   0.21s type=Manual child_fresh=Nones e2e=Nones streamed_lat 4->4s lag 0->0
  [quotes_typed]   0.20s type=Manual child_fresh=Nones e2e=Nones streamed_lat 4->4s lag 0->0
  [quotes_typed]   0.21s type=Manual child_fresh=Nones e2e=Nones streamed_lat 4->4s lag 0->0
  [quotes_typed]   0.20s type=Manual child_fresh=Nones e2e=Nones streamed_lat 4->4s lag 0->0
  [lag] 2026-08-14T06:50:56Z raw=113219565734 behind=4s lag_rows=0
  [quotes_typed]   0.24s type=Manual child_fresh=Nones e2e=Nones streamed_lat 4->4s lag 0->0
  [quotes_daily]   0.24s type=Manual child_fresh=23403s e2e=23407s streamed_lat 4->4s lag 0->0
  [quotes_typed]   0.20s type=Manual child_fresh=Nones e2e=Nones streamed_lat 4->4s lag 0->0
  [quotes_typed]   0.20s type=Manual child_fresh=Nones e2e=Nones streamed_lat 4->4s lag 0->0
  [quotes_typed]   0.23s type=Manual child_fresh=Nones e2e=Nones streamed_lat 4->4s lag 0->0
  [quotes_typed]   0.21s type=Manual child_fresh=Nones e2e=Nones streamed_lat 4->4s lag 0->0
  [quotes_typed]   0.20s type=Manual child_fresh=Nones e2e=Nones streamed_lat 4->4s lag 0->0
  [quotes_typed]   0.21s type=Manual child_fresh=Nones e2e=Nones streamed_lat 4->4s lag 0->0
  [lag] 2026-08-14T06:51:56Z raw=113219565734 behind=4s lag_rows=0
  [quotes_typed]   0.21s type=Manual child_fresh=Nones e2e=Nones streamed_lat 4->4s lag 0->0
  [quotes_daily]   0.22s type=Manual child_fresh=23463s e2e=23467s streamed_lat 4->4s lag 0->0
  [quotes_typed]   0.24s type=Manual child_fresh=Nones e2e=Nones streamed_lat 4->4s lag 0->0
  [quotes_typed]   0.21s type=Manual child_fresh=Nones e2e=Nones streamed_lat 4->4s lag 0->0
  [quotes_typed]   0.22s type=Manual child_fresh=Nones e2e=Nones streamed_lat 4->4s lag 0->0
  [quotes_typed]   0.20s type=Manual child_fresh=Nones e2e=Nones streamed_lat 4->4s lag 0->0
  [quotes_typed]   0.25s type=Manual child_fresh=Nones e2e=Nones streamed_lat 4->4s lag 0->0
  [quotes_typed]   0.21s type=Manual child_fresh=Nones e2e=Nones streamed_lat 4->4s lag 0->0
  [lag] 2026-08-14T06:52:56Z raw=113219565734 behind=4s lag_rows=0
  [quotes_typed]   0.21s type=Manual child_fresh=Nones e2e=Nones streamed_lat 4->4s lag 0->0
  [quotes_typed]   0.20s type=Manual child_fresh=Nones e2e=Nones streamed_lat 4->4s lag 0->0
  [quotes_daily]   0.21s type=Manual child_fresh=23523s e2e=23527s streamed_lat 4->4s lag 0->0
  [quotes_typed]   0.18s type=Manual child_fresh=Nones e2e=Nones streamed_lat 4->4s lag 0->0
  [quotes_typed]   0.20s type=Manual child_fresh=Nones e2e=Nones streamed_lat 4->4s lag 0->0
  [quotes_typed]   0.18s type=Manual child_fresh=Nones e2e=Nones streamed_lat 4->4s lag 0->0
  [quotes_typed]   0.22s type=Manual child_fresh=Nones e2e=Nones streamed_lat 4->4s lag 0->0
  [quotes_typed]   0.22s type=Manual child_fresh=Nones e2e=Nones streamed_lat 4->4s lag 0->0
  [quotes_typed]   0.17s type=Manual child_fresh=Nones e2e=Nones streamed_lat 4->4s lag 0->0
  [lag] 2026-08-14T06:53:56Z raw=113219565734 behind=4s lag_rows=0
  [quotes_typed]   0.21s type=Manual child_fresh=Nones e2e=Nones streamed_lat 4->4s lag 0->0
  [quotes_typed]   0.25s type=Manual child_fresh=Nones e2e=Nones streamed_lat 4->4s lag 0->0
  [quotes_daily]   0.19s type=Manual child_fresh=23583s e2e=23587s streamed_lat 4->4s lag 0->0
  [quotes_typed]   0.18s type=Manual child_fresh=Nones e2e=Nones streamed_lat 4->4s lag 0->0
  [quotes_typed]   0.22s type=Manual child_fresh=Nones e2e=Nones streamed_lat 4->4s lag 0->0
  [quotes_typed]   0.19s type=Manual child_fresh=Nones e2e=Nones streamed_lat 4->4s lag 0->0
  [quotes_typed]   0.19s type=Manual child_fresh=Nones e2e=Nones streamed_lat 4->4s lag 0->0
  [quotes_typed]   0.20s type=Manual child_fresh=Nones e2e=Nones streamed_lat 4->4s lag 0->0
  [quotes_typed]   0.19s type=Manual child_fresh=Nones e2e=Nones streamed_lat 4->4s lag 0->0
  [lag] 2026-08-14T06:54:56Z raw=113219565734 behind=4s lag_rows=0
  [quotes_typed]   0.22s type=Manual child_fresh=Nones e2e=Nones streamed_lat 4->4s lag 0->0
  [quotes_daily]   0.20s type=Manual child_fresh=23643s e2e=23647s streamed_lat 4->4s lag 0->0
  [quotes_typed]   0.19s type=Manual child_fresh=Nones e2e=Nones streamed_lat 4->4s lag 0->0
  [quotes_typed]   0.20s type=Manual child_fresh=Nones e2e=Nones streamed_lat 4->4s lag 0->0
  [quotes_typed]   0.21s type=Manual child_fresh=Nones e2e=Nones streamed_lat 4->4s lag 0->0
  [quotes_typed]   0.20s type=Manual child_fresh=Nones e2e=Nones streamed_lat 4->4s lag 0->0
  [quotes_typed]   0.20s type=Manual child_fresh=Nones e2e=Nones streamed_lat 4->4s lag 0->0
  [quotes_typed]   0.19s type=Manual child_fresh=Nones e2e=Nones streamed_lat 4->4s lag 0->0
  [lag] 2026-08-14T06:55:56Z raw=113219565734 behind=4s lag_rows=0
  [quotes_typed]   0.20s type=Manual child_fresh=Nones e2e=Nones streamed_lat 4->4s lag 0->0
  [quotes_typed]   0.21s type=Manual child_fresh=Nones e2e=Nones streamed_lat 4->4s lag 0->0
  [quotes_daily]   0.23s type=Manual child_fresh=23703s e2e=23707s streamed_lat 4->4s lag 0->0
  [quotes_typed]   0.22s type=Manual child_fresh=Nones e2e=Nones streamed_lat 4->4s lag 0->0
  [quotes_typed]   0.19s type=Manual child_fresh=Nones e2e=Nones streamed_lat 4->4s lag 0->0
  [quotes_typed]   0.20s type=Manual child_fresh=Nones e2e=Nones streamed_lat 4->4s lag 0->0
  [quotes_typed]   0.20s type=Manual child_fresh=Nones e2e=Nones streamed_lat 4->4s lag 0->0
  [quotes_typed]   0.18s type=Manual child_fresh=Nones e2e=Nones streamed_lat 4->4s lag 0->0
  [lag] 2026-08-14T06:56:56Z raw=113219565734 behind=4s lag_rows=0
  [quotes_typed]   0.19s type=Manual child_fresh=Nones e2e=Nones streamed_lat 4->4s lag 0->0
  [quotes_typed]   0.20s type=Manual child_fresh=Nones e2e=Nones streamed_lat 4->4s lag 0->0
  [quotes_daily]   0.20s type=Manual child_fresh=23763s e2e=23767s streamed_lat 4->4s lag 0->0
  [quotes_typed]   0.19s type=Manual child_fresh=Nones e2e=Nones streamed_lat 4->4s lag 0->0
  [quotes_typed]   0.19s type=Manual child_fresh=Nones e2e=Nones streamed_lat 4->4s lag 0->0
  [quotes_typed]   0.21s type=Manual child_fresh=Nones e2e=Nones streamed_lat 4->4s lag 0->0
  [quotes_typed]   0.21s type=Manual child_fresh=Nones e2e=Nones streamed_lat 4->4s lag 0->0
  [quotes_typed]   0.22s type=Manual child_fresh=Nones e2e=Nones streamed_lat 4->4s lag 0->0
  [quotes_typed]   0.19s type=Manual child_fresh=Nones e2e=Nones streamed_lat 4->4s lag 0->0
  [lag] 2026-08-14T06:57:56Z raw=113219565734 behind=4s lag_rows=0
  [quotes_typed]   0.28s type=Manual child_fresh=Nones e2e=Nones streamed_lat 4->4s lag 0->0
  [quotes_daily]   0.23s type=Manual child_fresh=23825s e2e=23829s streamed_lat 4->4s lag 0->0
  [quotes_typed]   0.20s type=Manual child_fresh=Nones e2e=Nones streamed_lat 4->4s lag 0->0
  [quotes_typed]   0.19s type=Manual child_fresh=Nones e2e=Nones streamed_lat 4->4s lag 0->0
  [quotes_typed]   0.20s type=Manual child_fresh=Nones e2e=Nones streamed_lat 4->4s lag 0->0
  [quotes_typed]   0.19s type=Manual child_fresh=Nones e2e=Nones streamed_lat 4->4s lag 0->0
  [quotes_typed]   0.19s type=Manual child_fresh=Nones e2e=Nones streamed_lat 4->4s lag 0->0
  [quotes_typed]   0.19s type=Manual child_fresh=Nones e2e=Nones streamed_lat 4->4s lag 0->0
  [lag] 2026-08-14T06:58:56Z raw=113219565734 behind=4s lag_rows=0
  [quotes_typed]   0.23s type=Manual child_fresh=Nones e2e=Nones streamed_lat 4->4s lag 0->0
  [quotes_typed]   0.20s type=Manual child_fresh=Nones e2e=Nones streamed_lat 4->4s lag 0->0
  [quotes_daily]   0.20s type=Manual child_fresh=23883s e2e=23887s streamed_lat 4->4s lag 0->0
  [quotes_typed]   0.20s type=Manual child_fresh=Nones e2e=Nones streamed_lat 4->4s lag 0->0
  [quotes_typed]   0.19s type=Manual child_fresh=Nones e2e=Nones streamed_lat 4->4s lag 0->0
  [quotes_typed]   0.20s type=Manual child_fresh=Nones e2e=Nones streamed_lat 4->4s lag 0->0
  [quotes_typed]   0.19s type=Manual child_fresh=Nones e2e=Nones streamed_lat 4->4s lag 0->0
  [quotes_typed]   0.25s type=Manual child_fresh=Nones e2e=Nones streamed_lat 4->4s lag 0->0
  [quotes_typed]   0.18s type=Manual child_fresh=Nones e2e=Nones streamed_lat 4->4s lag 0->0
  [lag] 2026-08-14T06:59:56Z raw=113219565734 behind=4s lag_rows=0
  [quotes_typed]   0.24s type=Manual child_fresh=Nones e2e=Nones streamed_lat 4->4s lag 0->0
  [quotes_daily]   0.21s type=Manual child_fresh=23943s e2e=23947s streamed_lat 4->4s lag 0->0
  [quotes_typed]   0.25s type=Manual child_fresh=Nones e2e=Nones streamed_lat 4->4s lag 0->0
  [quotes_typed]   0.21s type=Manual child_fresh=Nones e2e=Nones streamed_lat 4->4s lag 0->0
  [quotes_typed]   0.20s type=Manual child_fresh=Nones e2e=Nones streamed_lat 4->4s lag 0->0
  [quotes_typed]   0.20s type=Manual child_fresh=Nones e2e=Nones streamed_lat 4->4s lag 0->0
  [quotes_typed]   0.25s type=Manual child_fresh=Nones e2e=Nones streamed_lat 4->4s lag 0->0
  [quotes_typed]   0.19s type=Manual child_fresh=Nones e2e=Nones streamed_lat 4->4s lag 0->0
  [lag] 2026-08-14T07:00:56Z raw=113219565734 behind=4s lag_rows=0
  [quotes_typed]   0.21s type=Manual child_fresh=Nones e2e=Nones streamed_lat 4->4s lag 0->0
  [quotes_typed]   0.25s type=Manual child_fresh=Nones e2e=Nones streamed_lat 4->4s lag 0->0
  [quotes_daily]   0.21s type=Manual child_fresh=24005s e2e=24009s streamed_lat 4->4s lag 0->0
  [quotes_typed]   0.22s type=Manual child_fresh=Nones e2e=Nones streamed_lat 4->4s lag 0->0
  [quotes_typed]   0.25s type=Manual child_fresh=Nones e2e=Nones streamed_lat 4->4s lag 0->0
  [quotes_typed]   0.22s type=Manual child_fresh=Nones e2e=Nones streamed_lat 4->4s lag 0->0
  [quotes_typed]   0.22s type=Manual child_fresh=Nones e2e=Nones streamed_lat 4->4s lag 0->0
  [quotes_typed]   0.21s type=Manual child_fresh=Nones e2e=Nones streamed_lat 4->4s lag 0->0
  [lag] 2026-08-14T07:01:56Z raw=113219565734 behind=4s lag_rows=0
  [quotes_typed]   0.24s type=Manual child_fresh=Nones e2e=Nones streamed_lat 4->4s lag 0->0
  [quotes_typed]   0.21s type=Manual child_fresh=Nones e2e=Nones streamed_lat 4->4s lag 0->0
  [quotes_daily]   0.21s type=Manual child_fresh=24063s e2e=24067s streamed_lat 4->4s lag 0->0
  [quotes_typed]   0.21s type=Manual child_fresh=Nones e2e=Nones streamed_lat 4->4s lag 0->0
  [quotes_typed]   0.19s type=Manual child_fresh=Nones e2e=Nones streamed_lat 4->4s lag 0->0
  [quotes_typed]   0.23s type=Manual child_fresh=Nones e2e=Nones streamed_lat 4->4s lag 0->0
  [quotes_typed]   0.26s type=Manual child_fresh=Nones e2e=Nones streamed_lat 4->4s lag 0->0
  [quotes_typed]   0.20s type=Manual child_fresh=Nones e2e=Nones streamed_lat 4->4s lag 0->0
  [quotes_typed]   0.19s type=Manual child_fresh=Nones e2e=Nones streamed_lat 4->4s lag 0->0
  [lag] 2026-08-14T07:02:56Z raw=113219565734 behind=4s lag_rows=0
  [quotes_typed]   0.19s type=Manual child_fresh=Nones e2e=Nones streamed_lat 4->4s lag 0->0
  [quotes_daily]   0.19s type=Manual child_fresh=24123s e2e=24127s streamed_lat 4->4s lag 0->0
  [quotes_typed]   0.20s type=Manual child_fresh=Nones e2e=Nones streamed_lat 4->4s lag 0->0
  [quotes_typed]   0.21s type=Manual child_fresh=Nones e2e=Nones streamed_lat 4->4s lag 0->0
  [quotes_typed]   0.27s type=Manual child_fresh=Nones e2e=Nones streamed_lat 4->4s lag 0->0
  [quotes_typed]   0.30s type=Manual child_fresh=Nones e2e=Nones streamed_lat 4->4s lag 0->0
  [quotes_typed]   0.22s type=Manual child_fresh=Nones e2e=Nones streamed_lat 4->4s lag 0->0
  [quotes_typed]   0.19s type=Manual child_fresh=Nones e2e=Nones streamed_lat 4->4s lag 0->0
  [lag] 2026-08-14T07:03:56Z raw=113219565734 behind=4s lag_rows=0
  [quotes_typed]   0.20s type=Manual child_fresh=Nones e2e=Nones streamed_lat 4->4s lag 0->0
  [quotes_daily]   0.34s type=Manual child_fresh=24183s e2e=24187s streamed_lat 4->4s lag 0->0
  [quotes_typed]   0.22s type=Manual child_fresh=Nones e2e=Nones streamed_lat 4->4s lag 0->0
  [quotes_typed]   0.20s type=Manual child_fresh=Nones e2e=Nones streamed_lat 4->4s lag 0->0
  [quotes_typed]   0.19s type=Manual child_fresh=Nones e2e=Nones streamed_lat 4->4s lag 0->0
  [quotes_typed]   0.22s type=Manual child_fresh=Nones e2e=Nones streamed_lat 4->4s lag 0->0
  [quotes_typed]   0.21s type=Manual child_fresh=Nones e2e=Nones streamed_lat 4->4s lag 0->0
  [quotes_typed]   0.22s type=Manual child_fresh=Nones e2e=Nones streamed_lat 4->4s lag 0->0
  [lag] 2026-08-14T07:04:56Z raw=113219565734 behind=4s lag_rows=0
  [quotes_typed]   0.20s type=Manual child_fresh=Nones e2e=Nones streamed_lat 4->4s lag 0->0
  [quotes_typed]   0.21s type=Manual child_fresh=Nones e2e=Nones streamed_lat 4->4s lag 0->0
  [quotes_daily]   0.21s type=Manual child_fresh=24245s e2e=24249s streamed_lat 4->4s lag 0->0
  [quotes_typed]   0.22s type=Manual child_fresh=Nones e2e=Nones streamed_lat 4->4s lag 0->0
  [quotes_typed]   0.38s type=Manual child_fresh=Nones e2e=Nones streamed_lat 4->4s lag 0->0
  [quotes_typed]   0.20s type=Manual child_fresh=Nones e2e=Nones streamed_lat 4->4s lag 0->0
  [quotes_typed]   0.20s type=Manual child_fresh=Nones e2e=Nones streamed_lat 4->4s lag 0->0
  [quotes_typed]   0.22s type=Manual child_fresh=Nones e2e=Nones streamed_lat 4->4s lag 0->0
  [lag] 2026-08-14T07:05:56Z raw=113219565734 behind=4s lag_rows=0
  [quotes_typed]   0.21s type=Manual child_fresh=Nones e2e=Nones streamed_lat 4->4s lag 0->0
  [quotes_typed]   0.24s type=Manual child_fresh=Nones e2e=Nones streamed_lat 4->4s lag 0->0
  [quotes_daily]   1.22s type=Manual child_fresh=24308s e2e=24312s streamed_lat 4->4s lag 0->0
  [quotes_typed]   0.21s type=Manual child_fresh=Nones e2e=Nones streamed_lat 4->4s lag 0->0
  [quotes_typed]   0.19s type=Manual child_fresh=Nones e2e=Nones streamed_lat 4->4s lag 0->0
  [quotes_typed]   0.21s type=Manual child_fresh=Nones e2e=Nones streamed_lat 4->4s lag 0->0
  [quotes_typed]   0.22s type=Manual child_fresh=Nones e2e=Nones streamed_lat 4->4s lag 0->0
  [quotes_typed]   0.21s type=Manual child_fresh=Nones e2e=Nones streamed_lat 4->4s lag 0->0
  [lag] 2026-08-14T07:06:56Z raw=113219565734 behind=4s lag_rows=0
  [quotes_typed]   0.19s type=Manual child_fresh=Nones e2e=Nones streamed_lat 4->4s lag 0->0
  [quotes_daily]   0.23s type=Manual child_fresh=24363s e2e=24367s streamed_lat 4->4s lag 0->0
  [quotes_typed]   0.19s type=Manual child_fresh=Nones e2e=Nones streamed_lat 4->4s lag 0->0
  [quotes_typed]   0.22s type=Manual child_fresh=Nones e2e=Nones streamed_lat 4->4s lag 0->0
  [quotes_typed]   0.17s type=Manual child_fresh=Nones e2e=Nones streamed_lat 4->4s lag 0->0
  [quotes_typed]   0.23s type=Manual child_fresh=Nones e2e=Nones streamed_lat 4->4s lag 0->0
  [quotes_typed]   0.19s type=Manual child_fresh=Nones e2e=Nones streamed_lat 4->4s lag 0->0
  [quotes_typed]   0.19s type=Manual child_fresh=Nones e2e=Nones streamed_lat 4->4s lag 0->0
  [lag] 2026-08-14T07:07:56Z raw=113219565734 behind=4s lag_rows=0
  [quotes_typed]   0.20s type=Manual child_fresh=Nones e2e=Nones streamed_lat 4->4s lag 0->0
  [quotes_typed]   0.21s type=Manual child_fresh=Nones e2e=Nones streamed_lat 4->4s lag 0->0
  [quotes_daily]   0.19s type=Manual child_fresh=24422s e2e=24426s streamed_lat 4->4s lag 0->0
  [quotes_typed]   0.21s type=Manual child_fresh=Nones e2e=Nones streamed_lat 4->4s lag 0->0
  [quotes_typed]   0.21s type=Manual child_fresh=Nones e2e=Nones streamed_lat 4->4s lag 0->0
  [quotes_typed]   0.20s type=Manual child_fresh=Nones e2e=Nones streamed_lat 4->4s lag 0->0
  [quotes_typed]   0.20s type=Manual child_fresh=Nones e2e=Nones streamed_lat 4->4s lag 0->0
  [quotes_typed]   0.21s type=Manual child_fresh=Nones e2e=Nones streamed_lat 4->4s lag 0->0
  [quotes_typed]   0.21s type=Manual child_fresh=Nones e2e=Nones streamed_lat 4->4s lag 0->0
  [quotes_typed]   0.21s type=Manual child_fresh=Nones e2e=Nones streamed_lat 4->4s lag 0->0
  [lag] 2026-08-14T07:08:56Z raw=113219565734 behind=4s lag_rows=0
  [quotes_daily]   0.22s type=Manual child_fresh=24485s e2e=24489s streamed_lat 4->4s lag 0->0
  [quotes_typed]   0.21s type=Manual child_fresh=Nones e2e=Nones streamed_lat 4->4s lag 0->0
  [quotes_typed]   0.34s type=Manual child_fresh=Nones e2e=Nones streamed_lat 4->4s lag 0->0
  [quotes_typed]   0.19s type=Manual child_fresh=Nones e2e=Nones streamed_lat 4->4s lag 0->0
  [quotes_typed]   0.18s type=Manual child_fresh=Nones e2e=Nones streamed_lat 4->4s lag 0->0
  [quotes_typed]   0.20s type=Manual child_fresh=Nones e2e=Nones streamed_lat 4->4s lag 0->0
  [lag] 2026-08-14T07:09:56Z raw=113219565734 behind=4s lag_rows=0
  [quotes_typed]   0.19s type=Manual child_fresh=Nones e2e=Nones streamed_lat 4->4s lag 0->0
  [quotes_typed]   0.20s type=Manual child_fresh=Nones e2e=Nones streamed_lat 4->4s lag 0->0
  [quotes_daily]   0.22s type=Manual child_fresh=24544s e2e=24548s streamed_lat 4->4s lag 0->0
  [quotes_typed]   0.22s type=Manual child_fresh=Nones e2e=Nones streamed_lat 4->4s lag 0->0
  [quotes_typed]   0.17s type=Manual child_fresh=Nones e2e=Nones streamed_lat 4->4s lag 0->0
  [quotes_typed]   0.22s type=Manual child_fresh=Nones e2e=Nones streamed_lat 4->4s lag 0->0
  [quotes_typed]   0.65s type=Manual child_fresh=Nones e2e=Nones streamed_lat 4->4s lag 0->0
  [quotes_typed]   0.22s type=Manual child_fresh=Nones e2e=Nones streamed_lat 4->4s lag 0->0
  [lag] 2026-08-14T07:10:56Z raw=113219565734 behind=4s lag_rows=0
  [quotes_typed]   0.22s type=Manual child_fresh=Nones e2e=Nones streamed_lat 4->4s lag 0->0
  [quotes_typed]   0.19s type=Manual child_fresh=Nones e2e=Nones streamed_lat 4->4s lag 0->0
  [quotes_daily]   0.21s type=Manual child_fresh=24603s e2e=24607s streamed_lat 4->4s lag 0->0
  [quotes_typed]   0.21s type=Manual child_fresh=Nones e2e=Nones streamed_lat 4->4s lag 0->0
  [quotes_typed]   0.21s type=Manual child_fresh=Nones e2e=Nones streamed_lat 4->4s lag 0->0
  [quotes_typed]   0.22s type=Manual child_fresh=Nones e2e=Nones streamed_lat 4->4s lag 0->0
  [quotes_typed]   0.19s type=Manual child_fresh=Nones e2e=Nones streamed_lat 4->4s lag 0->0
  [quotes_typed]   0.21s type=Manual child_fresh=Nones e2e=Nones streamed_lat 4->4s lag 0->0
  [quotes_typed]   0.22s type=Manual child_fresh=Nones e2e=Nones streamed_lat 4->4s lag 0->0
  [lag] 2026-08-14T07:11:56Z raw=113219565734 behind=4s lag_rows=0
  [quotes_typed]   0.23s type=Manual child_fresh=Nones e2e=Nones streamed_lat 4->4s lag 0->0
  [quotes_daily]   0.22s type=Manual child_fresh=24666s e2e=24670s streamed_lat 4->4s lag 0->0
  [quotes_typed]   0.19s type=Manual child_fresh=Nones e2e=Nones streamed_lat 4->4s lag 0->0
  [quotes_typed]   0.21s type=Manual child_fresh=Nones e2e=Nones streamed_lat 4->4s lag 0->0
  [quotes_typed]   0.21s type=Manual child_fresh=Nones e2e=Nones streamed_lat 4->4s lag 0->0
  [quotes_typed]   0.18s type=Manual child_fresh=Nones e2e=Nones streamed_lat 4->4s lag 0->0
  [quotes_typed]   0.28s type=Manual child_fresh=Nones e2e=Nones streamed_lat 4->4s lag 0->0
  [lag] 2026-08-14T07:12:56Z raw=113219565734 behind=4s lag_rows=0
  [quotes_typed]   0.20s type=Manual child_fresh=Nones e2e=Nones streamed_lat 4->4s lag 0->0
  [quotes_typed]   0.21s type=Manual child_fresh=Nones e2e=Nones streamed_lat 4->4s lag 0->0
  [quotes_daily]   0.22s type=Manual child_fresh=24723s e2e=24727s streamed_lat 4->4s lag 0->0
  [quotes_typed]   0.20s type=Manual child_fresh=Nones e2e=Nones streamed_lat 4->4s lag 0->0
  [quotes_typed]   0.21s type=Manual child_fresh=Nones e2e=Nones streamed_lat 4->4s lag 0->0
  [quotes_typed]   0.21s type=Manual child_fresh=Nones e2e=Nones streamed_lat 4->4s lag 0->0
  [quotes_typed]   0.20s type=Manual child_fresh=Nones e2e=Nones streamed_lat 4->4s lag 0->0
  [quotes_typed]   0.25s type=Manual child_fresh=Nones e2e=Nones streamed_lat 4->4s lag 0->0
  [quotes_typed]   0.21s type=Manual child_fresh=Nones e2e=Nones streamed_lat 4->4s lag 0->0
  [lag] 2026-08-14T07:13:56Z raw=113219565734 behind=4s lag_rows=0
  [quotes_typed]   0.20s type=Manual child_fresh=Nones e2e=Nones streamed_lat 4->4s lag 0->0
  [quotes_daily]   0.22s type=Manual child_fresh=24785s e2e=24789s streamed_lat 4->4s lag 0->0
  [quotes_typed]   0.20s type=Manual child_fresh=Nones e2e=Nones streamed_lat 4->4s lag 0->0
  [quotes_typed]   0.37s type=Manual child_fresh=Nones e2e=Nones streamed_lat 4->4s lag 0->0
  [quotes_typed]   0.25s type=Manual child_fresh=Nones e2e=Nones streamed_lat 4->4s lag 0->0
  [quotes_typed]   0.17s type=Manual child_fresh=Nones e2e=Nones streamed_lat 4->4s lag 0->0
  [quotes_typed]   0.21s type=Manual child_fresh=Nones e2e=Nones streamed_lat 4->4s lag 0->0
  [lag] 2026-08-14T07:14:56Z raw=113219565734 behind=4s lag_rows=0
  [quotes_typed]   0.20s type=Manual child_fresh=Nones e2e=Nones streamed_lat 4->4s lag 0->0
  [quotes_typed]   0.20s type=Manual child_fresh=Nones e2e=Nones streamed_lat 4->4s lag 0->0
  [quotes_daily]   0.29s type=Manual child_fresh=24846s e2e=24850s streamed_lat 4->4s lag 0->0
  [quotes_typed]   0.21s type=Manual child_fresh=Nones e2e=Nones streamed_lat 4->4s lag 0->0
  [quotes_typed]   0.20s type=Manual child_fresh=Nones e2e=Nones streamed_lat 4->4s lag 0->0
  [quotes_typed]   0.22s type=Manual child_fresh=Nones e2e=Nones streamed_lat 4->4s lag 0->0
  [quotes_typed]   0.34s type=Manual child_fresh=Nones e2e=Nones streamed_lat 4->4s lag 0->0
  [quotes_typed]   0.20s type=Manual child_fresh=Nones e2e=Nones streamed_lat 4->4s lag 0->0
  [lag] 2026-08-14T07:15:56Z raw=113219565734 behind=4s lag_rows=0
  [quotes_typed]   0.21s type=Manual child_fresh=Nones e2e=Nones streamed_lat 4->4s lag 0->0
  [quotes_typed]   0.20s type=Manual child_fresh=Nones e2e=Nones streamed_lat 4->4s lag 0->0
  [quotes_daily]   0.25s type=Manual child_fresh=24905s e2e=24909s streamed_lat 4->4s lag 0->0
  [quotes_typed]   0.20s type=Manual child_fresh=Nones e2e=Nones streamed_lat 4->4s lag 0->0
  [quotes_typed]   0.23s type=Manual child_fresh=Nones e2e=Nones streamed_lat 4->4s lag 0->0
  [quotes_typed]   0.20s type=Manual child_fresh=Nones e2e=Nones streamed_lat 4->4s lag 0->0
  [quotes_typed]   0.19s type=Manual child_fresh=Nones e2e=Nones streamed_lat 4->4s lag 0->0
  [quotes_typed]   0.18s type=Manual child_fresh=Nones e2e=Nones streamed_lat 4->4s lag 0->0
  [quotes_typed]   0.20s type=Manual child_fresh=Nones e2e=Nones streamed_lat 4->4s lag 0->0
  [lag] 2026-08-14T07:16:56Z raw=113219565734 behind=4s lag_rows=0
  [quotes_daily]   0.33s type=Manual child_fresh=24965s e2e=24969s streamed_lat 4->4s lag 0->0
  [quotes_typed]   0.22s type=Manual child_fresh=Nones e2e=Nones streamed_lat 4->4s lag 0->0
  [quotes_typed]   0.21s type=Manual child_fresh=Nones e2e=Nones streamed_lat 4->4s lag 0->0
  [quotes_typed]   0.18s type=Manual child_fresh=Nones e2e=Nones streamed_lat 4->4s lag 0->0
  [quotes_typed]   0.21s type=Manual child_fresh=Nones e2e=Nones streamed_lat 4->4s lag 0->0
  [quotes_typed]   0.23s type=Manual child_fresh=Nones e2e=Nones streamed_lat 4->4s lag 0->0
  [quotes_typed]   0.22s type=Manual child_fresh=Nones e2e=Nones streamed_lat 4->4s lag 0->0
  [lag] 2026-08-14T07:17:56Z raw=113219565734 behind=4s lag_rows=0
  [quotes_typed]   0.35s type=Manual child_fresh=Nones e2e=Nones streamed_lat 4->4s lag 0->0
  [quotes_typed]   0.24s type=Manual child_fresh=Nones e2e=Nones streamed_lat 4->4s lag 0->0
  [quotes_daily]   0.21s type=Manual child_fresh=25023s e2e=25027s streamed_lat 4->4s lag 0->0
  [quotes_typed]   0.19s type=Manual child_fresh=Nones e2e=Nones streamed_lat 4->4s lag 0->0
  [quotes_typed]   0.21s type=Manual child_fresh=Nones e2e=Nones streamed_lat 4->4s lag 0->0
  [quotes_typed]   0.20s type=Manual child_fresh=Nones e2e=Nones streamed_lat 4->4s lag 0->0
  [quotes_typed]   0.23s type=Manual child_fresh=Nones e2e=Nones streamed_lat 4->4s lag 0->0
  [quotes_typed]   0.22s type=Manual child_fresh=Nones e2e=Nones streamed_lat 4->4s lag 0->0
  [quotes_typed]   0.19s type=Manual child_fresh=Nones e2e=Nones streamed_lat 4->4s lag 0->0
  [lag] 2026-08-14T07:18:56Z raw=113219565734 behind=4s lag_rows=0
  [quotes_typed]   0.21s type=Manual child_fresh=Nones e2e=Nones streamed_lat 4->4s lag 0->0
  [quotes_daily]   0.20s type=Manual child_fresh=25083s e2e=25087s streamed_lat 4->4s lag 0->0
  [quotes_typed]   0.19s type=Manual child_fresh=Nones e2e=Nones streamed_lat 4->4s lag 0->0
  [quotes_typed]   0.20s type=Manual child_fresh=Nones e2e=Nones streamed_lat 4->4s lag 0->0
  [quotes_typed]   0.18s type=Manual child_fresh=Nones e2e=Nones streamed_lat 4->4s lag 0->0
  [quotes_typed]   0.20s type=Manual child_fresh=Nones e2e=Nones streamed_lat 4->4s lag 0->0
  [quotes_typed]   0.25s type=Manual child_fresh=Nones e2e=Nones streamed_lat 4->4s lag 0->0
  [lag] 2026-08-14T07:19:56Z raw=113219565734 behind=4s lag_rows=0
  [quotes_typed]   0.19s type=Manual child_fresh=Nones e2e=Nones streamed_lat 4->4s lag 0->0
  [quotes_typed]   0.23s type=Manual child_fresh=Nones e2e=Nones streamed_lat 4->4s lag 0->0
  [quotes_daily]   0.21s type=Manual child_fresh=25141s e2e=25145s streamed_lat 4->4s lag 0->0
  [quotes_typed]   0.21s type=Manual child_fresh=Nones e2e=Nones streamed_lat 4->4s lag 0->0
  [quotes_typed]   0.21s type=Manual child_fresh=Nones e2e=Nones streamed_lat 4->4s lag 0->0
  [quotes_typed]   0.20s type=Manual child_fresh=Nones e2e=Nones streamed_lat 4->4s lag 0->0
  [quotes_typed]   0.22s type=Manual child_fresh=Nones e2e=Nones streamed_lat 4->4s lag 0->0
  [quotes_typed]   0.26s type=Manual child_fresh=Nones e2e=Nones streamed_lat 4->4s lag 0->0
  [quotes_typed]   0.24s type=Manual child_fresh=Nones e2e=Nones streamed_lat 4->4s lag 0->0
  [lag] 2026-08-14T07:20:56Z raw=113219565734 behind=4s lag_rows=0
  [quotes_typed]   0.23s type=Manual child_fresh=Nones e2e=Nones streamed_lat 4->4s lag 0->0
  [quotes_daily]   0.24s type=Manual child_fresh=25204s e2e=25208s streamed_lat 4->4s lag 0->0
  [quotes_typed]   0.20s type=Manual child_fresh=Nones e2e=Nones streamed_lat 4->4s lag 0->0
  [quotes_typed]   0.20s type=Manual child_fresh=Nones e2e=Nones streamed_lat 4->4s lag 0->0
  [quotes_typed]   0.19s type=Manual child_fresh=Nones e2e=Nones streamed_lat 4->4s lag 0->0
  [quotes_typed]   0.21s type=Manual child_fresh=Nones e2e=Nones streamed_lat 4->4s lag 0->0
  [quotes_typed]   0.21s type=Manual child_fresh=Nones e2e=Nones streamed_lat 4->4s lag 0->0
  [quotes_typed]   0.17s type=Manual child_fresh=Nones e2e=Nones streamed_lat 4->4s lag 0->0
  [lag] 2026-08-14T07:21:56Z raw=113219565734 behind=4s lag_rows=0
  [quotes_typed]   0.19s type=Manual child_fresh=Nones e2e=Nones streamed_lat 4->4s lag 0->0
  [quotes_daily]   0.21s type=Manual child_fresh=25263s e2e=25267s streamed_lat 4->4s lag 0->0
  [quotes_typed]   0.19s type=Manual child_fresh=Nones e2e=Nones streamed_lat 4->4s lag 0->0
  [quotes_typed]   0.20s type=Manual child_fresh=Nones e2e=Nones streamed_lat 4->4s lag 0->0
  [quotes_typed]   0.22s type=Manual child_fresh=Nones e2e=Nones streamed_lat 4->4s lag 0->0
  [quotes_typed]   0.20s type=Manual child_fresh=Nones e2e=Nones streamed_lat 4->4s lag 0->0
  [quotes_typed]   0.20s type=Manual child_fresh=Nones e2e=Nones streamed_lat 4->4s lag 0->0
  [quotes_typed]   0.22s type=Manual child_fresh=Nones e2e=Nones streamed_lat 4->4s lag 0->0
  [lag] 2026-08-14T07:22:56Z raw=113219565734 behind=4s lag_rows=0
  [quotes_typed]   0.19s type=Manual child_fresh=Nones e2e=Nones streamed_lat 4->4s lag 0->0
  [quotes_daily]   0.23s type=Manual child_fresh=25326s e2e=25330s streamed_lat 4->4s lag 0->0
  [quotes_typed]   0.20s type=Manual child_fresh=Nones e2e=Nones streamed_lat 4->4s lag 0->0
  [quotes_typed]   0.23s type=Manual child_fresh=Nones e2e=Nones streamed_lat 4->4s lag 0->0
  [quotes_typed]   0.20s type=Manual child_fresh=Nones e2e=Nones streamed_lat 4->4s lag 0->0
  [quotes_typed]   0.23s type=Manual child_fresh=Nones e2e=Nones streamed_lat 4->4s lag 0->0
  [quotes_typed]   0.22s type=Manual child_fresh=Nones e2e=Nones streamed_lat 4->4s lag 0->0
  [quotes_typed]   0.21s type=Manual child_fresh=Nones e2e=Nones streamed_lat 4->4s lag 0->0
  [lag] 2026-08-14T07:23:56Z raw=113219565734 behind=4s lag_rows=0
  [quotes_typed]   0.20s type=Manual child_fresh=Nones e2e=Nones streamed_lat 4->4s lag 0->0
  [quotes_daily]   0.23s type=Manual child_fresh=25384s e2e=25388s streamed_lat 4->4s lag 0->0
  [quotes_typed]   0.20s type=Manual child_fresh=Nones e2e=Nones streamed_lat 4->4s lag 0->0
  [quotes_typed]   0.23s type=Manual child_fresh=Nones e2e=Nones streamed_lat 4->4s lag 0->0
  [quotes_typed]   0.21s type=Manual child_fresh=Nones e2e=Nones streamed_lat 4->4s lag 0->0
  [quotes_typed]   0.21s type=Manual child_fresh=Nones e2e=Nones streamed_lat 4->4s lag 0->0
  [quotes_typed]   0.23s type=Manual child_fresh=Nones e2e=Nones streamed_lat 4->4s lag 0->0
  [quotes_typed]   0.20s type=Manual child_fresh=Nones e2e=Nones streamed_lat 4->4s lag 0->0
  [lag] 2026-08-14T07:24:56Z raw=113219565734 behind=4s lag_rows=0
  [quotes_typed]   0.21s type=Manual child_fresh=Nones e2e=Nones streamed_lat 4->4s lag 0->0
  [quotes_daily]   0.21s type=Manual child_fresh=25444s e2e=25448s streamed_lat 4->4s lag 0->0
  [quotes_typed]   0.22s type=Manual child_fresh=Nones e2e=Nones streamed_lat 4->4s lag 0->0
  [quotes_typed]   0.21s type=Manual child_fresh=Nones e2e=Nones streamed_lat 4->4s lag 0->0
  [quotes_typed]   0.22s type=Manual child_fresh=Nones e2e=Nones streamed_lat 4->4s lag 0->0
  [quotes_typed]   0.19s type=Manual child_fresh=Nones e2e=Nones streamed_lat 4->4s lag 0->0
  [quotes_typed]   0.23s type=Manual child_fresh=Nones e2e=Nones streamed_lat 4->4s lag 0->0
  [quotes_typed]   0.20s type=Manual child_fresh=Nones e2e=Nones streamed_lat 4->4s lag 0->0
  [lag] 2026-08-14T07:25:56Z raw=113219565734 behind=4s lag_rows=0
  [quotes_typed]   0.26s type=Manual child_fresh=Nones e2e=Nones streamed_lat 4->4s lag 0->0
  [quotes_daily]   0.25s type=Manual child_fresh=25503s e2e=25507s streamed_lat 4->4s lag 0->0
  [quotes_typed]   0.21s type=Manual child_fresh=Nones e2e=Nones streamed_lat 4->4s lag 0->0
  [quotes_typed]   0.27s type=Manual child_fresh=Nones e2e=Nones streamed_lat 4->4s lag 0->0
  [quotes_typed]   0.24s type=Manual child_fresh=Nones e2e=Nones streamed_lat 4->4s lag 0->0
  [quotes_typed]   0.23s type=Manual child_fresh=Nones e2e=Nones streamed_lat 4->4s lag 0->0
  [quotes_typed]   0.21s type=Manual child_fresh=Nones e2e=Nones streamed_lat 4->4s lag 0->0
  [quotes_typed]   0.20s type=Manual child_fresh=Nones e2e=Nones streamed_lat 4->4s lag 0->0
  [lag] 2026-08-14T07:26:56Z raw=113219565734 behind=4s lag_rows=0
  [quotes_typed]   0.22s type=Manual child_fresh=Nones e2e=Nones streamed_lat 4->4s lag 0->0
  [quotes_daily]   0.20s type=Manual child_fresh=25563s e2e=25567s streamed_lat 4->4s lag 0->0
  [quotes_typed]   0.20s type=Manual child_fresh=Nones e2e=Nones streamed_lat 4->4s lag 0->0
  [quotes_typed]   0.21s type=Manual child_fresh=Nones e2e=Nones streamed_lat 4->4s lag 0->0
  [quotes_typed]   0.69s type=Manual child_fresh=Nones e2e=Nones streamed_lat 4->4s lag 0->0
  [quotes_typed]   0.21s type=Manual child_fresh=Nones e2e=Nones streamed_lat 4->4s lag 0->0
  [quotes_typed]   0.23s type=Manual child_fresh=Nones e2e=Nones streamed_lat 4->4s lag 0->0
  [quotes_typed]   0.21s type=Manual child_fresh=Nones e2e=Nones streamed_lat 4->4s lag 0->0
  [lag] 2026-08-14T07:27:56Z raw=113219565734 behind=4s lag_rows=0
  [quotes_typed]   0.21s type=Manual child_fresh=Nones e2e=Nones streamed_lat 4->4s lag 0->0
  [quotes_typed]   0.21s type=Manual child_fresh=Nones e2e=Nones streamed_lat 4->4s lag 0->0
  [quotes_daily]   0.22s type=Manual child_fresh=25626s e2e=25630s streamed_lat 4->4s lag 0->0
  [quotes_typed]   0.20s type=Manual child_fresh=Nones e2e=Nones streamed_lat 4->4s lag 0->0
  [quotes_typed]   0.21s type=Manual child_fresh=Nones e2e=Nones streamed_lat 4->4s lag 0->0
  [quotes_typed]   0.23s type=Manual child_fresh=Nones e2e=Nones streamed_lat 4->4s lag 0->0
  [quotes_typed]   0.21s type=Manual child_fresh=Nones e2e=Nones streamed_lat 4->4s lag 0->0
  [quotes_typed]   0.19s type=Manual child_fresh=Nones e2e=Nones streamed_lat 4->4s lag 0->0
  [lag] 2026-08-14T07:28:56Z raw=113219565734 behind=4s lag_rows=0
  [quotes_typed]   0.29s type=Manual child_fresh=Nones e2e=Nones streamed_lat 4->4s lag 0->0
  [quotes_daily]   0.22s type=Manual child_fresh=25686s e2e=25690s streamed_lat 4->4s lag 0->0
  [quotes_typed]   1.21s type=Manual child_fresh=Nones e2e=Nones streamed_lat 4->4s lag 0->0
  [quotes_typed]   0.26s type=Manual child_fresh=Nones e2e=Nones streamed_lat 4->4s lag 0->0
  [quotes_typed]   0.21s type=Manual child_fresh=Nones e2e=Nones streamed_lat 4->4s lag 0->0
  [quotes_typed]   0.22s type=Manual child_fresh=Nones e2e=Nones streamed_lat 4->4s lag 0->0
  [quotes_typed]   0.19s type=Manual child_fresh=Nones e2e=Nones streamed_lat 4->4s lag 0->0
  [quotes_typed]   0.21s type=Manual child_fresh=Nones e2e=Nones streamed_lat 4->4s lag 0->0
  [lag] 2026-08-14T07:29:56Z raw=113219565734 behind=4s lag_rows=0
  [quotes_typed]   0.21s type=Manual child_fresh=Nones e2e=Nones streamed_lat 4->4s lag 0->0
  [quotes_typed]   0.23s type=Manual child_fresh=Nones e2e=Nones streamed_lat 4->4s lag 0->0
  [quotes_daily]   0.21s type=Manual child_fresh=25748s e2e=25752s streamed_lat 4->4s lag 0->0
  [quotes_typed]   0.25s type=Manual child_fresh=Nones e2e=Nones streamed_lat 4->4s lag 0->0
  [quotes_typed]   0.21s type=Manual child_fresh=Nones e2e=Nones streamed_lat 4->4s lag 0->0
  [quotes_typed]   0.21s type=Manual child_fresh=Nones e2e=Nones streamed_lat 4->4s lag 0->0
  [quotes_typed]   0.19s type=Manual child_fresh=Nones e2e=Nones streamed_lat 4->4s lag 0->0
  [quotes_typed]   0.21s type=Manual child_fresh=Nones e2e=Nones streamed_lat 4->4s lag 0->0
  [lag] 2026-08-14T07:30:56Z raw=113219565734 behind=4s lag_rows=0
  [quotes_typed]   0.22s type=Manual child_fresh=Nones e2e=Nones streamed_lat 4->4s lag 0->0
  [quotes_typed]   0.21s type=Manual child_fresh=Nones e2e=Nones streamed_lat 4->4s lag 0->0
  [quotes_daily]   0.21s type=Manual child_fresh=25808s e2e=25812s streamed_lat 4->4s lag 0->0
  [quotes_typed]   0.22s type=Manual child_fresh=Nones e2e=Nones streamed_lat 4->4s lag 0->0
  [quotes_typed]   0.22s type=Manual child_fresh=Nones e2e=Nones streamed_lat 4->4s lag 0->0
  [quotes_typed]   0.23s type=Manual child_fresh=Nones e2e=Nones streamed_lat 4->4s lag 0->0
  [quotes_typed]   0.19s type=Manual child_fresh=Nones e2e=Nones streamed_lat 4->4s lag 0->0
  [quotes_typed]   0.21s type=Manual child_fresh=Nones e2e=Nones streamed_lat 4->4s lag 0->0
  [lag] 2026-08-14T07:31:56Z raw=113219565734 behind=4s lag_rows=0
  [quotes_typed]   0.20s type=Manual child_fresh=Nones e2e=Nones streamed_lat 4->4s lag 0->0
  [quotes_typed]   0.26s type=Manual child_fresh=Nones e2e=Nones streamed_lat 4->4s lag 0->0
  [quotes_daily]   0.23s type=Manual child_fresh=25867s e2e=25871s streamed_lat 4->4s lag 0->0
  [quotes_typed]   0.22s type=Manual child_fresh=Nones e2e=Nones streamed_lat 4->4s lag 0->0
  [quotes_typed]   0.20s type=Manual child_fresh=Nones e2e=Nones streamed_lat 4->4s lag 0->0
  [quotes_typed]   0.20s type=Manual child_fresh=Nones e2e=Nones streamed_lat 4->4s lag 0->0
  [quotes_typed]   0.28s type=Manual child_fresh=Nones e2e=Nones streamed_lat 4->4s lag 0->0
  [quotes_typed]   0.22s type=Manual child_fresh=Nones e2e=Nones streamed_lat 4->4s lag 0->0
  [lag] 2026-08-14T07:32:56Z raw=113219565734 behind=4s lag_rows=0
  [quotes_typed]   0.23s type=Manual child_fresh=Nones e2e=Nones streamed_lat 4->4s lag 0->0
  [quotes_typed]   0.20s type=Manual child_fresh=Nones e2e=Nones streamed_lat 4->4s lag 0->0
  [quotes_daily]   1.21s type=Manual child_fresh=25927s e2e=25931s streamed_lat 4->4s lag 0->0
  [quotes_typed]   0.20s type=Manual child_fresh=Nones e2e=Nones streamed_lat 4->4s lag 0->0
  [quotes_typed]   0.20s type=Manual child_fresh=Nones e2e=Nones streamed_lat 4->4s lag 0->0
  [quotes_typed]   0.24s type=Manual child_fresh=Nones e2e=Nones streamed_lat 4->4s lag 0->0
  [quotes_typed]   0.21s type=Manual child_fresh=Nones e2e=Nones streamed_lat 4->4s lag 0->0
  [quotes_typed]   0.20s type=Manual child_fresh=Nones e2e=Nones streamed_lat 4->4s lag 0->0
  [lag] 2026-08-14T07:33:56Z raw=113219565734 behind=4s lag_rows=0
  [quotes_typed]   0.21s type=Manual child_fresh=Nones e2e=Nones streamed_lat 4->4s lag 0->0
  [quotes_typed]   0.23s type=Manual child_fresh=Nones e2e=Nones streamed_lat 4->4s lag 0->0
  [quotes_daily]   1.20s type=Manual child_fresh=25987s e2e=25991s streamed_lat 4->4s lag 0->0
  [quotes_typed]   0.26s type=Manual child_fresh=Nones e2e=Nones streamed_lat 4->4s lag 0->0
  [quotes_typed]   0.21s type=Manual child_fresh=Nones e2e=Nones streamed_lat 4->4s lag 0->0
  [quotes_typed]   0.20s type=Manual child_fresh=Nones e2e=Nones streamed_lat 4->4s lag 0->0
  [quotes_typed]   0.22s type=Manual child_fresh=Nones e2e=Nones streamed_lat 4->4s lag 0->0
  [quotes_typed]   0.20s type=Manual child_fresh=Nones e2e=Nones streamed_lat 4->4s lag 0->0
  [lag] 2026-08-14T07:34:56Z raw=113219565734 behind=4s lag_rows=0
  [quotes_typed]   0.22s type=Manual child_fresh=Nones e2e=Nones streamed_lat 4->4s lag 0->0
  [quotes_daily]   0.21s type=Manual child_fresh=26047s e2e=26051s streamed_lat 4->4s lag 0->0
  [quotes_typed]   0.20s type=Manual child_fresh=Nones e2e=Nones streamed_lat 4->4s lag 0->0
  [quotes_typed]   0.24s type=Manual child_fresh=Nones e2e=Nones streamed_lat 4->4s lag 0->0
  [quotes_typed]   0.23s type=Manual child_fresh=Nones e2e=Nones streamed_lat 4->4s lag 0->0
  [quotes_typed]   0.21s type=Manual child_fresh=Nones e2e=Nones streamed_lat 4->4s lag 0->0
  [quotes_typed]   0.20s type=Manual child_fresh=Nones e2e=Nones streamed_lat 4->4s lag 0->0
  [lag] 2026-08-14T07:35:56Z raw=113219565734 behind=4s lag_rows=0
  [quotes_typed]   0.24s type=Manual child_fresh=Nones e2e=Nones streamed_lat 4->4s lag 0->0
  [quotes_typed]   0.19s type=Manual child_fresh=Nones e2e=Nones streamed_lat 4->4s lag 0->0
  [quotes_daily]   0.21s type=Manual child_fresh=26104s e2e=26108s streamed_lat 4->4s lag 0->0
  [quotes_typed]   0.22s type=Manual child_fresh=Nones e2e=Nones streamed_lat 4->4s lag 0->0
  [quotes_typed]   0.21s type=Manual child_fresh=Nones e2e=Nones streamed_lat 4->4s lag 0->0
  [quotes_typed]   0.22s type=Manual child_fresh=Nones e2e=Nones streamed_lat 4->4s lag 0->0
  [quotes_typed]   0.19s type=Manual child_fresh=Nones e2e=Nones streamed_lat 4->4s lag 0->0
  [quotes_typed]   0.20s type=Manual child_fresh=Nones e2e=Nones streamed_lat 4->4s lag 0->0
  [lag] 2026-08-14T07:36:56Z raw=113219565734 behind=4s lag_rows=0
  [quotes_typed]   0.19s type=Manual child_fresh=Nones e2e=Nones streamed_lat 4->4s lag 0->0
  [quotes_typed]   0.21s type=Manual child_fresh=Nones e2e=Nones streamed_lat 4->4s lag 0->0
  [quotes_daily]   0.23s type=Manual child_fresh=26163s e2e=26167s streamed_lat 4->4s lag 0->0
  [quotes_typed]   0.21s type=Manual child_fresh=Nones e2e=Nones streamed_lat 4->4s lag 0->0
  [quotes_typed]   0.20s type=Manual child_fresh=Nones e2e=Nones streamed_lat 4->4s lag 0->0
  [quotes_typed]   0.20s type=Manual child_fresh=Nones e2e=Nones streamed_lat 4->4s lag 0->0
  [quotes_typed]   0.24s type=Manual child_fresh=Nones e2e=Nones streamed_lat 4->4s lag 0->0
  [quotes_typed]   0.23s type=Manual child_fresh=Nones e2e=Nones streamed_lat 4->4s lag 0->0
  [quotes_typed]   0.19s type=Manual child_fresh=Nones e2e=Nones streamed_lat 4->4s lag 0->0
  [lag] 2026-08-14T07:37:56Z raw=113219565734 behind=4s lag_rows=0
  [quotes_typed]   0.22s type=Manual child_fresh=Nones e2e=Nones streamed_lat 4->4s lag 0->0
  [quotes_daily]   0.24s type=Manual child_fresh=26223s e2e=26227s streamed_lat 4->4s lag 0->0
  [quotes_typed]   0.19s type=Manual child_fresh=Nones e2e=Nones streamed_lat 4->4s lag 0->0
  [quotes_typed]   0.29s type=Manual child_fresh=Nones e2e=Nones streamed_lat 4->4s lag 0->0
  [quotes_typed]   0.21s type=Manual child_fresh=Nones e2e=Nones streamed_lat 4->4s lag 0->0
  [quotes_typed]   0.20s type=Manual child_fresh=Nones e2e=Nones streamed_lat 4->4s lag 0->0
  [quotes_typed]   0.21s type=Manual child_fresh=Nones e2e=Nones streamed_lat 4->4s lag 0->0
  [quotes_typed]   0.26s type=Manual child_fresh=Nones e2e=Nones streamed_lat 4->4s lag 0->0
  [lag] 2026-08-14T07:38:56Z raw=113219565734 behind=4s lag_rows=0
  [quotes_typed]   0.18s type=Manual child_fresh=Nones e2e=Nones streamed_lat 4->4s lag 0->0
  [quotes_daily]   0.22s type=Manual child_fresh=26283s e2e=26287s streamed_lat 4->4s lag 0->0
  [quotes_typed]   0.20s type=Manual child_fresh=Nones e2e=Nones streamed_lat 4->4s lag 0->0
  [quotes_typed]   0.22s type=Manual child_fresh=Nones e2e=Nones streamed_lat 4->4s lag 0->0
  [quotes_typed]   0.23s type=Manual child_fresh=Nones e2e=Nones streamed_lat 4->4s lag 0->0
  [quotes_typed]   0.26s type=Manual child_fresh=Nones e2e=Nones streamed_lat 4->4s lag 0->0
  [quotes_typed]   0.21s type=Manual child_fresh=Nones e2e=Nones streamed_lat 4->4s lag 0->0
  [quotes_typed]   0.22s type=Manual child_fresh=Nones e2e=Nones streamed_lat 4->4s lag 0->0
  [lag] 2026-08-14T07:39:56Z raw=113219565734 behind=4s lag_rows=0
  [quotes_typed]   0.20s type=Manual child_fresh=Nones e2e=Nones streamed_lat 4->4s lag 0->0
  [quotes_typed]   0.22s type=Manual child_fresh=Nones e2e=Nones streamed_lat 4->4s lag 0->0
  [quotes_daily]   0.22s type=Manual child_fresh=26343s e2e=26347s streamed_lat 4->4s lag 0->0
  [quotes_typed]   0.26s type=Manual child_fresh=Nones e2e=Nones streamed_lat 4->4s lag 0->0
  [quotes_typed]   0.18s type=Manual child_fresh=Nones e2e=Nones streamed_lat 4->4s lag 0->0
  [quotes_typed]   0.20s type=Manual child_fresh=Nones e2e=Nones streamed_lat 4->4s lag 0->0
  [quotes_typed]   0.21s type=Manual child_fresh=Nones e2e=Nones streamed_lat 4->4s lag 0->0
  [quotes_typed]   0.27s type=Manual child_fresh=Nones e2e=Nones streamed_lat 4->4s lag 0->0
  [lag] 2026-08-14T07:40:56Z raw=113219565734 behind=4s lag_rows=0
  [quotes_typed]   0.19s type=Manual child_fresh=Nones e2e=Nones streamed_lat 4->4s lag 0->0
  [quotes_typed]   0.21s type=Manual child_fresh=Nones e2e=Nones streamed_lat 4->4s lag 0->0
  [quotes_daily]   0.19s type=Manual child_fresh=26406s e2e=26410s streamed_lat 4->4s lag 0->0
  [quotes_typed]   0.22s type=Manual child_fresh=Nones e2e=Nones streamed_lat 4->4s lag 0->0
  [quotes_typed]   0.20s type=Manual child_fresh=Nones e2e=Nones streamed_lat 4->4s lag 0->0
  [quotes_typed]   0.20s type=Manual child_fresh=Nones e2e=Nones streamed_lat 4->4s lag 0->0
  [quotes_typed]   0.23s type=Manual child_fresh=Nones e2e=Nones streamed_lat 4->4s lag 0->0
  [quotes_typed]   0.18s type=Manual child_fresh=Nones e2e=Nones streamed_lat 4->4s lag 0->0
  [lag] 2026-08-14T07:41:56Z raw=113219565734 behind=4s lag_rows=0
  [quotes_typed]   0.20s type=Manual child_fresh=Nones e2e=Nones streamed_lat 4->4s lag 0->0
  [quotes_typed]   0.21s type=Manual child_fresh=Nones e2e=Nones streamed_lat 4->4s lag 0->0
  [quotes_daily]   0.21s type=Manual child_fresh=26470s e2e=26474s streamed_lat 4->4s lag 0->0
  [quotes_typed]   0.20s type=Manual child_fresh=Nones e2e=Nones streamed_lat 4->4s lag 0->0
  [quotes_typed]   0.19s type=Manual child_fresh=Nones e2e=Nones streamed_lat 4->4s lag 0->0
  [quotes_typed]   0.23s type=Manual child_fresh=Nones e2e=Nones streamed_lat 4->4s lag 0->0
  [quotes_typed]   0.24s type=Manual child_fresh=Nones e2e=Nones streamed_lat 4->4s lag 0->0
  [quotes_typed]   0.21s type=Manual child_fresh=Nones e2e=Nones streamed_lat 4->4s lag 0->0
  [lag] 2026-08-14T07:42:56Z raw=113219565734 behind=4s lag_rows=0
  [quotes_typed]   0.20s type=Manual child_fresh=Nones e2e=Nones streamed_lat 4->4s lag 0->0
  [quotes_daily]   0.21s type=Manual child_fresh=26523s e2e=26527s streamed_lat 4->4s lag 0->0
  [quotes_typed]   0.21s type=Manual child_fresh=Nones e2e=Nones streamed_lat 4->4s lag 0->0
  [quotes_typed]   0.22s type=Manual child_fresh=Nones e2e=Nones streamed_lat 4->4s lag 0->0
  [quotes_typed]   0.24s type=Manual child_fresh=Nones e2e=Nones streamed_lat 4->4s lag 0->0
  [quotes_typed]   0.27s type=Manual child_fresh=Nones e2e=Nones streamed_lat 4->4s lag 0->0
  [quotes_typed]   0.22s type=Manual child_fresh=Nones e2e=Nones streamed_lat 4->4s lag 0->0
  [quotes_typed]   0.21s type=Manual child_fresh=Nones e2e=Nones streamed_lat 4->4s lag 0->0
  [lag] 2026-08-14T07:43:56Z raw=113219565734 behind=4s lag_rows=0
  [quotes_typed]   0.21s type=Manual child_fresh=Nones e2e=Nones streamed_lat 4->4s lag 0->0
  [quotes_typed]   0.20s type=Manual child_fresh=Nones e2e=Nones streamed_lat 4->4s lag 0->0
  [quotes_daily]   0.20s type=Manual child_fresh=26583s e2e=26587s streamed_lat 4->4s lag 0->0
  [quotes_typed]   0.23s type=Manual child_fresh=Nones e2e=Nones streamed_lat 4->4s lag 0->0
  [quotes_typed]   0.22s type=Manual child_fresh=Nones e2e=Nones streamed_lat 4->4s lag 0->0
  [quotes_typed]   0.23s type=Manual child_fresh=Nones e2e=Nones streamed_lat 4->4s lag 0->0
  [quotes_typed]   0.27s type=Manual child_fresh=Nones e2e=Nones streamed_lat 4->4s lag 0->0
  [quotes_typed]   0.21s type=Manual child_fresh=Nones e2e=Nones streamed_lat 4->4s lag 0->0
  [quotes_typed]   0.22s type=Manual child_fresh=Nones e2e=Nones streamed_lat 4->4s lag 0->0
  [lag] 2026-08-14T07:44:56Z raw=113219565734 behind=4s lag_rows=0
  [quotes_typed]   0.21s type=Manual child_fresh=Nones e2e=Nones streamed_lat 4->4s lag 0->0
  [quotes_daily]   0.23s type=Manual child_fresh=26643s e2e=26647s streamed_lat 4->4s lag 0->0
  [quotes_typed]   0.22s type=Manual child_fresh=Nones e2e=Nones streamed_lat 4->4s lag 0->0
  [quotes_typed]   0.21s type=Manual child_fresh=Nones e2e=Nones streamed_lat 4->4s lag 0->0
  [quotes_typed]   0.33s type=Manual child_fresh=Nones e2e=Nones streamed_lat 4->4s lag 0->0
  [quotes_typed]   0.26s type=Manual child_fresh=Nones e2e=Nones streamed_lat 4->4s lag 0->0
  [quotes_typed]   0.22s type=Manual child_fresh=Nones e2e=Nones streamed_lat 4->4s lag 0->0
  [quotes_typed]   0.20s type=Manual child_fresh=Nones e2e=Nones streamed_lat 4->4s lag 0->0
  [lag] 2026-08-14T07:45:56Z raw=113219565734 behind=4s lag_rows=0
  [quotes_typed]   0.21s type=Manual child_fresh=Nones e2e=Nones streamed_lat 4->4s lag 0->0
  [quotes_daily]   0.21s type=Manual child_fresh=26703s e2e=26707s streamed_lat 4->4s lag 0->0
  [quotes_typed]   0.20s type=Manual child_fresh=Nones e2e=Nones streamed_lat 4->4s lag 0->0
  [quotes_typed]   0.21s type=Manual child_fresh=Nones e2e=Nones streamed_lat 4->4s lag 0->0
  [quotes_typed]   0.20s type=Manual child_fresh=Nones e2e=Nones streamed_lat 4->4s lag 0->0
  [quotes_typed]   0.20s type=Manual child_fresh=Nones e2e=Nones streamed_lat 4->4s lag 0->0
  [quotes_typed]   0.20s type=Manual child_fresh=Nones e2e=Nones streamed_lat 4->4s lag 0->0
  [quotes_typed]   0.20s type=Manual child_fresh=Nones e2e=Nones streamed_lat 4->4s lag 0->0
  [lag] 2026-08-14T07:46:56Z raw=113219565734 behind=4s lag_rows=0
  [quotes_typed]   0.20s type=Manual child_fresh=Nones e2e=Nones streamed_lat 4->4s lag 0->0
  [quotes_daily]   0.21s type=Manual child_fresh=26766s e2e=26770s streamed_lat 4->4s lag 0->0
  [quotes_typed]   1.26s type=Manual child_fresh=Nones e2e=Nones streamed_lat 4->4s lag 0->0
  [quotes_typed]   0.24s type=Manual child_fresh=Nones e2e=Nones streamed_lat 4->4s lag 0->0
  [quotes_typed]   0.23s type=Manual child_fresh=Nones e2e=Nones streamed_lat 4->4s lag 0->0
  [quotes_typed]   0.21s type=Manual child_fresh=Nones e2e=Nones streamed_lat 4->4s lag 0->0
  [quotes_typed]   0.20s type=Manual child_fresh=Nones e2e=Nones streamed_lat 4->4s lag 0->0
  [quotes_typed]   0.20s type=Manual child_fresh=Nones e2e=Nones streamed_lat 4->4s lag 0->0
  [lag] 2026-08-14T07:47:56Z raw=113219565734 behind=4s lag_rows=0
  [quotes_typed]   0.20s type=Manual child_fresh=Nones e2e=Nones streamed_lat 4->4s lag 0->0
  [quotes_daily]   0.25s type=Manual child_fresh=26823s e2e=26827s streamed_lat 4->4s lag 0->0
  [quotes_typed]   0.21s type=Manual child_fresh=Nones e2e=Nones streamed_lat 4->4s lag 0->0
  [quotes_typed]   0.21s type=Manual child_fresh=Nones e2e=Nones streamed_lat 4->4s lag 0->0
  [quotes_typed]   0.21s type=Manual child_fresh=Nones e2e=Nones streamed_lat 4->4s lag 0->0
  [quotes_typed]   0.21s type=Manual child_fresh=Nones e2e=Nones streamed_lat 4->4s lag 0->0
  [quotes_typed]   0.20s type=Manual child_fresh=Nones e2e=Nones streamed_lat 4->4s lag 0->0
  [quotes_typed]   0.25s type=Manual child_fresh=Nones e2e=Nones streamed_lat 4->4s lag 0->0
  [lag] 2026-08-14T07:48:56Z raw=113219565734 behind=4s lag_rows=0
  [quotes_typed]   0.19s type=Manual child_fresh=Nones e2e=Nones streamed_lat 4->4s lag 0->0
  [quotes_daily]   0.23s type=Manual child_fresh=26883s e2e=26887s streamed_lat 4->4s lag 0->0
  [quotes_typed]   0.20s type=Manual child_fresh=Nones e2e=Nones streamed_lat 4->4s lag 0->0
  [quotes_typed]   0.19s type=Manual child_fresh=Nones e2e=Nones streamed_lat 4->4s lag 0->0
  [quotes_typed]   0.20s type=Manual child_fresh=Nones e2e=Nones streamed_lat 4->4s lag 0->0
  [quotes_typed]   0.20s type=Manual child_fresh=Nones e2e=Nones streamed_lat 4->4s lag 0->0
  [quotes_typed]   0.23s type=Manual child_fresh=Nones e2e=Nones streamed_lat 4->4s lag 0->0
  [quotes_typed]   0.24s type=Manual child_fresh=Nones e2e=Nones streamed_lat 4->4s lag 0->0
  [lag] 2026-08-14T07:49:56Z raw=113219565734 behind=4s lag_rows=0
  [quotes_typed]   0.23s type=Manual child_fresh=Nones e2e=Nones streamed_lat 4->4s lag 0->0
  [quotes_typed]   0.32s type=Manual child_fresh=Nones e2e=Nones streamed_lat 4->4s lag 0->0
  [quotes_daily]   0.23s type=Manual child_fresh=26943s e2e=26947s streamed_lat 4->4s lag 0->0
  [quotes_typed]   0.20s type=Manual child_fresh=Nones e2e=Nones streamed_lat 4->4s lag 0->0
  [quotes_typed]   0.25s type=Manual child_fresh=Nones e2e=Nones streamed_lat 4->4s lag 0->0
  [quotes_typed]   0.20s type=Manual child_fresh=Nones e2e=Nones streamed_lat 4->4s lag 0->0
  [quotes_typed]   0.21s type=Manual child_fresh=Nones e2e=Nones streamed_lat 4->4s lag 0->0
  [quotes_typed]   0.23s type=Manual child_fresh=Nones e2e=Nones streamed_lat 4->4s lag 0->0
  [quotes_typed]   0.19s type=Manual child_fresh=Nones e2e=Nones streamed_lat 4->4s lag 0->0
  [lag] 2026-08-14T07:50:56Z raw=113219565734 behind=4s lag_rows=0
  [quotes_typed]   0.24s type=Manual child_fresh=Nones e2e=Nones streamed_lat 4->4s lag 0->0
  [quotes_daily]   0.24s type=Manual child_fresh=27003s e2e=27007s streamed_lat 4->4s lag 0->0
  [quotes_typed]   0.22s type=Manual child_fresh=Nones e2e=Nones streamed_lat 4->4s lag 0->0
  [quotes_typed]   0.19s type=Manual child_fresh=Nones e2e=Nones streamed_lat 4->4s lag 0->0
  [quotes_typed]   0.19s type=Manual child_fresh=Nones e2e=Nones streamed_lat 4->4s lag 0->0
  [quotes_typed]   0.21s type=Manual child_fresh=Nones e2e=Nones streamed_lat 4->4s lag 0->0
  [quotes_typed]   0.21s type=Manual child_fresh=Nones e2e=Nones streamed_lat 4->4s lag 0->0
  [quotes_typed]   0.24s type=Manual child_fresh=Nones e2e=Nones streamed_lat 4->4s lag 0->0
  [lag] 2026-08-14T07:51:56Z raw=113219565734 behind=4s lag_rows=0
  [quotes_typed]   0.19s type=Manual child_fresh=Nones e2e=Nones streamed_lat 4->4s lag 0->0
  [quotes_daily]   0.21s type=Manual child_fresh=27063s e2e=27067s streamed_lat 4->4s lag 0->0
  [quotes_typed]   0.22s type=Manual child_fresh=Nones e2e=Nones streamed_lat 4->4s lag 0->0
  [quotes_typed]   0.20s type=Manual child_fresh=Nones e2e=Nones streamed_lat 4->4s lag 0->0
  [quotes_typed]   0.22s type=Manual child_fresh=Nones e2e=Nones streamed_lat 4->4s lag 0->0
  [quotes_typed]   0.21s type=Manual child_fresh=Nones e2e=Nones streamed_lat 4->4s lag 0->0
  [quotes_typed]   0.20s type=Manual child_fresh=Nones e2e=Nones streamed_lat 4->4s lag 0->0
  [quotes_typed]   0.24s type=Manual child_fresh=Nones e2e=Nones streamed_lat 4->4s lag 0->0
  [lag] 2026-08-14T07:52:56Z raw=113219565734 behind=4s lag_rows=0
  [quotes_typed]   0.20s type=Manual child_fresh=Nones e2e=Nones streamed_lat 4->4s lag 0->0
  [quotes_typed]   0.20s type=Manual child_fresh=Nones e2e=Nones streamed_lat 4->4s lag 0->0
  [quotes_daily]   0.20s type=Manual child_fresh=27126s e2e=27130s streamed_lat 4->4s lag 0->0
  [quotes_typed]   0.22s type=Manual child_fresh=Nones e2e=Nones streamed_lat 4->4s lag 0->0
  [quotes_typed]   0.22s type=Manual child_fresh=Nones e2e=Nones streamed_lat 4->4s lag 0->0
  [quotes_typed]   0.20s type=Manual child_fresh=Nones e2e=Nones streamed_lat 4->4s lag 0->0
  [quotes_typed]   0.21s type=Manual child_fresh=Nones e2e=Nones streamed_lat 4->4s lag 0->0
  [quotes_typed]   0.24s type=Manual child_fresh=Nones e2e=Nones streamed_lat 4->4s lag 0->0
  [lag] 2026-08-14T07:53:56Z raw=113219565734 behind=4s lag_rows=0
  [quotes_typed]   0.22s type=Manual child_fresh=Nones e2e=Nones streamed_lat 4->4s lag 0->0
  [quotes_daily]   0.21s type=Manual child_fresh=27184s e2e=27188s streamed_lat 4->4s lag 0->0
  [quotes_typed]   0.23s type=Manual child_fresh=Nones e2e=Nones streamed_lat 4->4s lag 0->0
  [quotes_typed]   0.24s type=Manual child_fresh=Nones e2e=Nones streamed_lat 4->4s lag 0->0
  [quotes_typed]   0.21s type=Manual child_fresh=Nones e2e=Nones streamed_lat 4->4s lag 0->0
  [quotes_typed]   0.19s type=Manual child_fresh=Nones e2e=Nones streamed_lat 4->4s lag 0->0
  [quotes_typed]   0.21s type=Manual child_fresh=Nones e2e=Nones streamed_lat 4->4s lag 0->0
  [quotes_typed]   0.20s type=Manual child_fresh=Nones e2e=Nones streamed_lat 4->4s lag 0->0
  [lag] 2026-08-14T07:54:56Z raw=113219565734 behind=4s lag_rows=0
  [quotes_typed]   0.21s type=Manual child_fresh=Nones e2e=Nones streamed_lat 4->4s lag 0->0
  [quotes_daily]   0.26s type=Manual child_fresh=27243s e2e=27247s streamed_lat 4->4s lag 0->0
  [quotes_typed]   0.22s type=Manual child_fresh=Nones e2e=Nones streamed_lat 4->4s lag 0->0
  [quotes_typed]   0.26s type=Manual child_fresh=Nones e2e=Nones streamed_lat 4->4s lag 0->0
  [quotes_typed]   0.21s type=Manual child_fresh=Nones e2e=Nones streamed_lat 4->4s lag 0->0
  [quotes_typed]   0.19s type=Manual child_fresh=Nones e2e=Nones streamed_lat 4->4s lag 0->0
  [quotes_typed]   0.22s type=Manual child_fresh=Nones e2e=Nones streamed_lat 4->4s lag 0->0
  [quotes_typed]   0.24s type=Manual child_fresh=Nones e2e=Nones streamed_lat 4->4s lag 0->0
  [lag] 2026-08-14T07:55:56Z raw=113219565734 behind=4s lag_rows=0
  [quotes_typed]   0.22s type=Manual child_fresh=Nones e2e=Nones streamed_lat 4->4s lag 0->0
  [quotes_typed]   0.19s type=Manual child_fresh=Nones e2e=Nones streamed_lat 4->4s lag 0->0
  [quotes_daily]   0.23s type=Manual child_fresh=27303s e2e=27307s streamed_lat 4->4s lag 0->0
  [quotes_typed]   0.23s type=Manual child_fresh=Nones e2e=Nones streamed_lat 4->4s lag 0->0
  [quotes_typed]   0.21s type=Manual child_fresh=Nones e2e=Nones streamed_lat 4->4s lag 0->0
  [quotes_typed]   0.20s type=Manual child_fresh=Nones e2e=Nones streamed_lat 4->4s lag 0->0
  [quotes_typed]   0.20s type=Manual child_fresh=Nones e2e=Nones streamed_lat 4->4s lag 0->0
  [quotes_typed]   0.28s type=Manual child_fresh=Nones e2e=Nones streamed_lat 4->4s lag 0->0
  [lag] 2026-08-14T07:56:56Z raw=113219565734 behind=4s lag_rows=0
  [quotes_typed]   0.20s type=Manual child_fresh=Nones e2e=Nones streamed_lat 4->4s lag 0->0
  [quotes_typed]   0.20s type=Manual child_fresh=Nones e2e=Nones streamed_lat 4->4s lag 0->0
  [quotes_daily]   0.23s type=Manual child_fresh=27368s e2e=27372s streamed_lat 4->4s lag 0->0
  [quotes_typed]   0.19s type=Manual child_fresh=Nones e2e=Nones streamed_lat 4->4s lag 0->0
  [quotes_typed]   0.20s type=Manual child_fresh=Nones e2e=Nones streamed_lat 4->4s lag 0->0
  [quotes_typed]   0.20s type=Manual child_fresh=Nones e2e=Nones streamed_lat 4->4s lag 0->0
  [quotes_typed]   0.20s type=Manual child_fresh=Nones e2e=Nones streamed_lat 4->4s lag 0->0
  [quotes_typed]   0.24s type=Manual child_fresh=Nones e2e=Nones streamed_lat 4->4s lag 0->0
  [lag] 2026-08-14T07:57:56Z raw=113219565734 behind=4s lag_rows=0
  [quotes_typed]   0.20s type=Manual child_fresh=Nones e2e=Nones streamed_lat 4->4s lag 0->0
  [quotes_typed]   0.24s type=Manual child_fresh=Nones e2e=Nones streamed_lat 4->4s lag 0->0
  [quotes_daily]   0.22s type=Manual child_fresh=27423s e2e=27427s streamed_lat 4->4s lag 0->0
  [quotes_typed]   0.22s type=Manual child_fresh=Nones e2e=Nones streamed_lat 4->4s lag 0->0
  [quotes_typed]   0.22s type=Manual child_fresh=Nones e2e=Nones streamed_lat 4->4s lag 0->0
  [quotes_typed]   0.30s type=Manual child_fresh=Nones e2e=Nones streamed_lat 4->4s lag 0->0
  [quotes_typed]   0.30s type=Manual child_fresh=Nones e2e=Nones streamed_lat 4->4s lag 0->0
  [quotes_typed]   0.21s type=Manual child_fresh=Nones e2e=Nones streamed_lat 4->4s lag 0->0
  [quotes_typed]   0.21s type=Manual child_fresh=Nones e2e=Nones streamed_lat 4->4s lag 0->0
  [lag] 2026-08-14T07:58:56Z raw=113219565734 behind=4s lag_rows=0
  [quotes_typed]   0.21s type=Manual child_fresh=Nones e2e=Nones streamed_lat 4->4s lag 0->0
  [quotes_daily]   0.26s type=Manual child_fresh=27483s e2e=27487s streamed_lat 4->4s lag 0->0
  [quotes_typed]   0.26s type=Manual child_fresh=Nones e2e=Nones streamed_lat 4->4s lag 0->0
  [quotes_typed]   0.21s type=Manual child_fresh=Nones e2e=Nones streamed_lat 4->4s lag 0->0
  [quotes_typed]   0.23s type=Manual child_fresh=Nones e2e=Nones streamed_lat 4->4s lag 0->0
  [quotes_typed]   0.18s type=Manual child_fresh=Nones e2e=Nones streamed_lat 4->4s lag 0->0
  [quotes_typed]   0.20s type=Manual child_fresh=Nones e2e=Nones streamed_lat 4->4s lag 0->0
  [quotes_typed]   0.19s type=Manual child_fresh=Nones e2e=Nones streamed_lat 4->4s lag 0->0
  [lag] 2026-08-14T07:59:56Z raw=113219565734 behind=4s lag_rows=0
  [quotes_typed]   0.20s type=Manual child_fresh=Nones e2e=Nones streamed_lat 4->4s lag 0->0
  [quotes_typed]   0.19s type=Manual child_fresh=Nones e2e=Nones streamed_lat 4->4s lag 0->0
  [quotes_daily]   0.22s type=Manual child_fresh=27543s e2e=27547s streamed_lat 4->4s lag 0->0
  [quotes_typed]   0.21s type=Manual child_fresh=Nones e2e=Nones streamed_lat 4->4s lag 0->0
  [quotes_typed]   0.21s type=Manual child_fresh=Nones e2e=Nones streamed_lat 4->4s lag 0->0
  [quotes_typed]   0.24s type=Manual child_fresh=Nones e2e=Nones streamed_lat 4->4s lag 0->0
  [quotes_typed]   0.27s type=Manual child_fresh=Nones e2e=Nones streamed_lat 4->4s lag 0->0
  [quotes_typed]   0.22s type=Manual child_fresh=Nones e2e=Nones streamed_lat 4->4s lag 0->0
  [quotes_typed]   0.20s type=Manual child_fresh=Nones e2e=Nones streamed_lat 4->4s lag 0->0
  [lag] 2026-08-14T08:00:56Z raw=113219565734 behind=4s lag_rows=0
  [quotes_typed]   0.19s type=Manual child_fresh=Nones e2e=Nones streamed_lat 4->4s lag 0->0
  [quotes_typed]   0.20s type=Manual child_fresh=Nones e2e=Nones streamed_lat 4->4s lag 0->0
  [quotes_daily]   0.23s type=Manual child_fresh=27607s e2e=27611s streamed_lat 4->4s lag 0->0
  [quotes_typed]   0.22s type=Manual child_fresh=Nones e2e=Nones streamed_lat 4->4s lag 0->0
  [quotes_typed]   0.24s type=Manual child_fresh=Nones e2e=Nones streamed_lat 4->4s lag 0->0
  [quotes_typed]   0.20s type=Manual child_fresh=Nones e2e=Nones streamed_lat 4->4s lag 0->0
  [quotes_typed]   0.20s type=Manual child_fresh=Nones e2e=Nones streamed_lat 4->4s lag 0->0
  [quotes_typed]   0.22s type=Manual child_fresh=Nones e2e=Nones streamed_lat 4->4s lag 0->0
  [lag] 2026-08-14T08:01:56Z raw=113219565734 behind=4s lag_rows=0
  [quotes_typed]   0.21s type=Manual child_fresh=Nones e2e=Nones streamed_lat 4->4s lag 0->0
  [quotes_daily]   0.26s type=Manual child_fresh=27663s e2e=27667s streamed_lat 4->4s lag 0->0
  [quotes_typed]   0.21s type=Manual child_fresh=Nones e2e=Nones streamed_lat 4->4s lag 0->0
  [quotes_typed]   0.24s type=Manual child_fresh=Nones e2e=Nones streamed_lat 4->4s lag 0->0
  [quotes_typed]   0.29s type=Manual child_fresh=Nones e2e=Nones streamed_lat 4->4s lag 0->0
  [quotes_typed]   0.24s type=Manual child_fresh=Nones e2e=Nones streamed_lat 4->4s lag 0->0
  [quotes_typed]   0.21s type=Manual child_fresh=Nones e2e=Nones streamed_lat 4->4s lag 0->0
  [quotes_typed]   0.20s type=Manual child_fresh=Nones e2e=Nones streamed_lat 4->4s lag 0->0
  [lag] 2026-08-14T08:02:56Z raw=113219565734 behind=4s lag_rows=0
  [quotes_typed]   0.21s type=Manual child_fresh=Nones e2e=Nones streamed_lat 4->4s lag 0->0
  [quotes_daily]   0.22s type=Manual child_fresh=27723s e2e=27727s streamed_lat 4->4s lag 0->0
  [quotes_typed]   0.20s type=Manual child_fresh=Nones e2e=Nones streamed_lat 4->4s lag 0->0
  [quotes_typed]   0.20s type=Manual child_fresh=Nones e2e=Nones streamed_lat 4->4s lag 0->0
  [quotes_typed]   0.24s type=Manual child_fresh=Nones e2e=Nones streamed_lat 4->4s lag 0->0
  [quotes_typed]   0.18s type=Manual child_fresh=Nones e2e=Nones streamed_lat 4->4s lag 0->0
  [quotes_typed]   0.19s type=Manual child_fresh=Nones e2e=Nones streamed_lat 4->4s lag 0->0
  [quotes_typed]   0.23s type=Manual child_fresh=Nones e2e=Nones streamed_lat 4->4s lag 0->0
  [lag] 2026-08-14T08:03:56Z raw=113219565734 behind=4s lag_rows=0
  [quotes_typed]   0.21s type=Manual child_fresh=Nones e2e=Nones streamed_lat 4->4s lag 0->0
  [quotes_typed]   0.22s type=Manual child_fresh=Nones e2e=Nones streamed_lat 4->4s lag 0->0
  [quotes_daily]   0.24s type=Manual child_fresh=27783s e2e=27787s streamed_lat 4->4s lag 0->0
  [quotes_typed]   0.20s type=Manual child_fresh=Nones e2e=Nones streamed_lat 4->4s lag 0->0
  [quotes_typed]   0.20s type=Manual child_fresh=Nones e2e=Nones streamed_lat 4->4s lag 0->0
  [quotes_typed]   0.23s type=Manual child_fresh=Nones e2e=Nones streamed_lat 4->4s lag 0->0
  [quotes_typed]   0.22s type=Manual child_fresh=Nones e2e=Nones streamed_lat 4->4s lag 0->0
  [lag] monitor stopped.
  [quotes_daily] refresh loop stopped.
  [quotes_typed] refresh loop stopped.

Controller stopped.
