108289 tasks across 16 producers -> topic quotes @ b-1.cbquotesrtmsk.3tt8fa.c2.kafka.eu-west-2.amazonaws.com:9092,b-2.cbquotesrtmsk.3tt8fa.c2.kafka.eu-west-2.amazonaws.com:9092,b-3.cbquotesrtmsk.3tt8fa.c2.kafka.eu-west-2.amazonaws.com:9092
  t=    15.1s  rows=16,352,250  +16,352,250  inst=1,090,150/s  avg=1,084,136/s
  t=    30.1s  rows=31,396,320  +15,044,070  inst=1,002,938/s  avg=1,043,643/s
  t=    45.1s  rows=46,309,572  +14,913,252  inst=994,217/s  avg=1,027,195/s
  t=    60.1s  rows=61,353,642  +15,044,070  inst=1,002,938/s  avg=1,021,136/s
  t=    75.1s  rows=76,266,894  +14,913,252  inst=994,217/s  avg=1,015,757/s
  t=    90.1s  rows=91,310,964  +15,044,070  inst=1,002,938/s  avg=1,013,621/s
  t=   105.1s  rows=106,355,034  +15,044,070  inst=1,002,938/s  avg=1,012,094/s
  t=   120.1s  rows=121,268,286  +14,913,252  inst=994,217/s  avg=1,009,860/s
  t=   135.1s  rows=136,312,356  +15,044,070  inst=1,002,938/s  avg=1,009,090/s
  t=   150.1s  rows=151,225,608  +14,913,252  inst=994,217/s  avg=1,007,603/s
  t=   165.1s  rows=166,269,678  +15,044,070  inst=1,002,938/s  avg=1,007,178/s
  t=   180.1s  rows=181,313,748  +15,044,070  inst=1,002,938/s  avg=1,006,824/s
  t=   195.1s  rows=196,357,818  +15,044,070  inst=1,002,938/s  avg=1,006,525/s
  t=   210.1s  rows=211,271,070  +14,913,252  inst=994,217/s  avg=1,005,645/s
  t=   225.1s  rows=226,315,140  +15,044,070  inst=1,002,938/s  avg=1,005,464/s
  t=   240.1s  rows=241,359,210  +15,044,070  inst=1,002,938/s  avg=1,005,306/s
  t=   255.1s  rows=256,272,462  +14,913,252  inst=994,217/s  avg=1,004,653/s
  t=   270.1s  rows=271,316,532  +15,044,070  inst=1,002,938/s  avg=1,004,557/s
  t=   285.1s  rows=286,229,784  +14,913,252  inst=994,217/s  avg=1,004,013/s
  t=   300.1s  rows=301,273,854  +15,044,070  inst=1,002,938/s  avg=1,003,959/s
  t=   315.1s  rows=316,317,924  +15,044,070  inst=1,002,938/s  avg=1,003,909/s
  t=   330.1s  rows=331,361,994  +15,044,070  inst=1,002,938/s  avg=1,003,865/s
  t=   345.1s  rows=346,275,246  +14,913,252  inst=994,217/s  avg=1,003,445/s
  t=   360.1s  rows=361,319,316  +15,044,070  inst=1,002,938/s  avg=1,003,424/s
  t=   375.1s  rows=376,363,386  +15,044,070  inst=1,002,938/s  avg=1,003,404/s
  t=   390.1s  rows=391,276,638  +14,913,252  inst=994,217/s  avg=1,003,050/s
  t=   405.1s  rows=406,320,708  +15,044,070  inst=1,002,938/s  avg=1,003,046/s
  t=   420.1s  rows=421,364,778  +15,044,070  inst=1,002,938/s  avg=1,003,041/s
  t=   435.1s  rows=436,278,030  +14,913,252  inst=994,217/s  avg=1,002,737/s
  t=   450.1s  rows=451,322,100  +15,044,070  inst=1,002,938/s  avg=1,002,743/s
  t=   465.1s  rows=466,366,170  +15,044,070  inst=1,002,938/s  avg=1,002,749/s
  t=   480.1s  rows=481,279,422  +14,913,252  inst=994,217/s  avg=1,002,482/s
  t=   495.1s  rows=496,323,492  +15,044,070  inst=1,002,938/s  avg=1,002,496/s
  t=   510.1s  rows=511,367,562  +15,044,070  inst=1,002,938/s  avg=1,002,509/s
  t=   525.1s  rows=526,280,814  +14,913,252  inst=994,217/s  avg=1,002,271/s
  t=   540.1s  rows=541,324,884  +15,044,070  inst=1,002,938/s  avg=1,002,290/s
  t=   555.1s  rows=556,368,954  +15,044,070  inst=1,002,938/s  avg=1,002,307/s
  t=   570.1s  rows=571,282,206  +14,913,252  inst=994,217/s  avg=1,002,094/s
  t=   585.1s  rows=586,326,276  +15,044,070  inst=1,002,938/s  avg=1,002,115/s
  t=   600.1s  rows=601,370,346  +15,044,070  inst=1,002,938/s  avg=1,002,136/s
  t=   615.1s  rows=616,283,598  +14,913,252  inst=994,217/s  avg=1,001,942/s
  t=   630.1s  rows=631,327,668  +15,044,070  inst=1,002,938/s  avg=1,001,966/s
  t=   645.1s  rows=646,371,738  +15,044,070  inst=1,002,938/s  avg=1,001,988/s
  t=   660.1s  rows=661,284,990  +14,913,252  inst=994,217/s  avg=1,001,811/s
  t=   675.1s  rows=676,329,060  +15,044,070  inst=1,002,938/s  avg=1,001,836/s
  t=   690.1s  rows=691,373,130  +15,044,070  inst=1,002,938/s  avg=1,001,860/s
  t=   705.1s  rows=706,286,382  +14,913,252  inst=994,217/s  avg=1,001,697/s
  t=   720.1s  rows=721,199,634  +14,913,252  inst=994,217/s  avg=1,001,541/s
  t=   735.1s  rows=736,374,522  +15,174,888  inst=1,011,659/s  avg=1,001,747/s
  t=   750.1s  rows=751,287,774  +14,913,252  inst=994,217/s  avg=1,001,596/s
  t=   765.1s  rows=766,331,844  +15,044,070  inst=1,002,938/s  avg=1,001,623/s
  t=   780.1s  rows=781,375,914  +15,044,070  inst=1,002,938/s  avg=1,001,648/s
  t=   795.1s  rows=796,289,166  +14,913,252  inst=994,217/s  avg=1,001,507/s
  t=   810.1s  rows=811,333,236  +15,044,070  inst=1,002,938/s  avg=1,001,534/s
  t=   825.1s  rows=826,351,220  +15,017,984  inst=1,001,199/s  avg=1,001,527/s
  t=   840.1s  rows=841,395,290  +15,044,070  inst=1,002,938/s  avg=1,001,552/s
  t=   855.1s  rows=856,308,542  +14,913,252  inst=994,217/s  avg=1,001,423/s
  t=   870.1s  rows=871,221,794  +14,913,252  inst=994,217/s  avg=1,001,299/s
  t=   885.1s  rows=886,265,864  +15,044,070  inst=1,002,938/s  avg=1,001,327/s
  t=   900.1s  rows=901,309,934  +15,044,070  inst=1,002,938/s  avg=1,001,353/s
  t=   915.1s  rows=916,354,004  +15,044,070  inst=1,002,938/s  avg=1,001,379/s
  t=   930.1s  rows=931,398,074  +15,044,070  inst=1,002,938/s  avg=1,001,404/s
  t=   945.1s  rows=946,311,326  +14,913,252  inst=994,217/s  avg=1,001,290/s
  t=   960.1s  rows=961,355,396  +15,044,070  inst=1,002,938/s  avg=1,001,315/s
  t=   975.1s  rows=976,268,648  +14,913,252  inst=994,217/s  avg=1,001,206/s
  t=   990.1s  rows=991,312,718  +15,044,070  inst=1,002,938/s  avg=1,001,232/s
  t=  1005.1s  rows=1,006,225,970  +14,913,252  inst=994,217/s  avg=1,001,127/s
  t=  1020.1s  rows=1,021,270,040  +15,044,070  inst=1,002,938/s  avg=1,001,154/s
  t=  1035.1s  rows=1,036,314,110  +15,044,070  inst=1,002,938/s  avg=1,001,179/s
  t=  1050.1s  rows=1,051,358,180  +15,044,070  inst=1,002,938/s  avg=1,001,204/s
  t=  1065.1s  rows=1,066,402,250  +15,044,070  inst=1,002,938/s  avg=1,001,229/s
  t=  1080.1s  rows=1,081,315,502  +14,913,252  inst=994,217/s  avg=1,001,131/s
  t=  1095.1s  rows=1,096,359,572  +15,044,070  inst=1,002,938/s  avg=1,001,156/s
  t=  1110.1s  rows=1,111,403,642  +15,044,070  inst=1,002,938/s  avg=1,001,180/s
  t=  1125.1s  rows=1,126,316,894  +14,913,252  inst=994,217/s  avg=1,001,087/s
  t=  1140.1s  rows=1,141,360,964  +15,044,070  inst=1,002,938/s  avg=1,001,111/s
  t=  1155.1s  rows=1,156,274,216  +14,913,252  inst=994,217/s  avg=1,001,021/s
  t=  1170.1s  rows=1,171,318,286  +15,044,070  inst=1,002,938/s  avg=1,001,046/s
  t=  1185.1s  rows=1,186,362,356  +15,044,070  inst=1,002,938/s  avg=1,001,070/s
  t=  1200.1s  rows=1,201,275,608  +14,913,252  inst=994,217/s  avg=1,000,984/s
  t=  1215.1s  rows=1,216,319,678  +15,044,070  inst=1,002,938/s  avg=1,001,008/s
  t=  1230.1s  rows=1,231,363,748  +15,044,070  inst=1,002,938/s  avg=1,001,031/s
  t=  1245.1s  rows=1,246,277,000  +14,913,252  inst=994,217/s  avg=1,000,949/s
  t=  1260.1s  rows=1,261,321,070  +15,044,070  inst=1,002,938/s  avg=1,000,973/s
  t=  1275.1s  rows=1,276,365,140  +15,044,070  inst=1,002,938/s  avg=1,000,996/s
  t=  1290.1s  rows=1,291,278,392  +14,913,252  inst=994,217/s  avg=1,000,917/s
  t=  1305.1s  rows=1,306,322,462  +15,044,070  inst=1,002,938/s  avg=1,000,940/s
  t=  1320.1s  rows=1,321,366,532  +15,044,070  inst=1,002,938/s  avg=1,000,962/s
  t=  1335.1s  rows=1,336,279,784  +14,913,252  inst=994,217/s  avg=1,000,887/s
  t=  1350.1s  rows=1,351,323,854  +15,044,070  inst=1,002,938/s  avg=1,000,909/s
  t=  1365.1s  rows=1,366,367,924  +15,044,070  inst=1,002,938/s  avg=1,000,931/s
  t=  1380.1s  rows=1,381,281,176  +14,913,252  inst=994,217/s  avg=1,000,858/s
  t=  1395.1s  rows=1,396,325,246  +15,044,070  inst=1,002,938/s  avg=1,000,881/s
  t=  1410.1s  rows=1,411,369,316  +15,044,070  inst=1,002,938/s  avg=1,000,902/s
  t=  1425.1s  rows=1,426,282,568  +14,913,252  inst=994,217/s  avg=1,000,832/s
  t=  1440.1s  rows=1,441,195,820  +14,913,252  inst=994,217/s  avg=1,000,763/s
  t=  1455.1s  rows=1,456,370,708  +15,174,888  inst=1,011,659/s  avg=1,000,875/s
  t=  1470.1s  rows=1,471,283,960  +14,913,252  inst=994,217/s  avg=1,000,807/s
  t=  1485.1s  rows=1,486,328,030  +15,044,070  inst=1,002,938/s  avg=1,000,828/s
  t=  1500.1s  rows=1,501,372,100  +15,044,070  inst=1,002,938/s  avg=1,000,849/s
  t=  1515.1s  rows=1,516,285,352  +14,913,252  inst=994,217/s  avg=1,000,784/s
  t=  1530.1s  rows=1,531,329,422  +15,044,070  inst=1,002,938/s  avg=1,000,805/s
  t=  1545.1s  rows=1,546,242,674  +14,913,252  inst=994,217/s  avg=1,000,741/s
  t=  1560.1s  rows=1,561,286,744  +15,044,070  inst=1,002,938/s  avg=1,000,762/s
  t=  1575.1s  rows=1,576,330,814  +15,044,070  inst=1,002,938/s  avg=1,000,782/s
  t=  1590.1s  rows=1,591,244,066  +14,913,252  inst=994,217/s  avg=1,000,720/s
  t=  1605.1s  rows=1,606,288,136  +15,044,070  inst=1,002,938/s  avg=1,000,741/s
  t=  1620.1s  rows=1,621,332,206  +15,044,070  inst=1,002,938/s  avg=1,000,761/s
  t=  1635.1s  rows=1,636,338,383  +15,006,177  inst=1,000,412/s  avg=1,000,758/s
  t=  1650.1s  rows=1,651,382,453  +15,044,070  inst=1,002,938/s  avg=1,000,778/s
  t=  1665.1s  rows=1,666,295,705  +14,913,252  inst=994,217/s  avg=1,000,718/s
  t=  1680.1s  rows=1,681,339,775  +15,044,070  inst=1,002,938/s  avg=1,000,738/s
  t=  1695.1s  rows=1,696,383,845  +15,044,070  inst=1,002,938/s  avg=1,000,758/s
  t=  1710.1s  rows=1,711,297,097  +14,913,252  inst=994,217/s  avg=1,000,700/s
  t=  1725.1s  rows=1,726,341,167  +15,044,070  inst=1,002,938/s  avg=1,000,719/s
  t=  1740.1s  rows=1,741,254,419  +14,913,252  inst=994,217/s  avg=1,000,663/s
  t=  1755.1s  rows=1,756,298,489  +15,044,070  inst=1,002,938/s  avg=1,000,683/s
  t=  1770.1s  rows=1,771,342,559  +15,044,070  inst=1,002,938/s  avg=1,000,702/s
  t=  1785.1s  rows=1,786,386,629  +15,044,070  inst=1,002,938/s  avg=1,000,720/s
  t=  1800.1s  rows=1,801,299,881  +14,913,252  inst=994,217/s  avg=1,000,666/s
  t=  1815.1s  rows=1,816,343,951  +15,044,070  inst=1,002,938/s  avg=1,000,685/s
  t=  1830.1s  rows=1,831,388,021  +15,044,070  inst=1,002,938/s  avg=1,000,703/s
  t=  1845.1s  rows=1,846,301,273  +14,913,252  inst=994,217/s  avg=1,000,650/s
  t=  1860.1s  rows=1,861,345,343  +15,044,070  inst=1,002,938/s  avg=1,000,669/s
  t=  1875.1s  rows=1,876,258,595  +14,913,252  inst=994,217/s  avg=1,000,617/s
  t=  1890.1s  rows=1,891,302,665  +15,044,070  inst=1,002,938/s  avg=1,000,635/s
  t=  1905.1s  rows=1,906,346,735  +15,044,070  inst=1,002,938/s  avg=1,000,653/s
  t=  1920.1s  rows=1,921,390,805  +15,044,070  inst=1,002,938/s  avg=1,000,671/s
  t=  1935.1s  rows=1,936,304,057  +14,913,252  inst=994,217/s  avg=1,000,621/s
  t=  1950.1s  rows=1,951,348,127  +15,044,070  inst=1,002,938/s  avg=1,000,639/s
  t=  1965.1s  rows=1,966,392,197  +15,044,070  inst=1,002,938/s  avg=1,000,656/s
  t=  1980.1s  rows=1,981,305,449  +14,913,252  inst=994,217/s  avg=1,000,607/s
  t=  1995.1s  rows=1,996,349,519  +15,044,070  inst=1,002,938/s  avg=1,000,625/s
  t=  2010.1s  rows=2,011,393,589  +15,044,070  inst=1,002,938/s  avg=1,000,642/s
  t=  2025.1s  rows=2,026,306,841  +14,913,252  inst=994,217/s  avg=1,000,594/s
  t=  2040.1s  rows=2,041,350,911  +15,044,070  inst=1,002,938/s  avg=1,000,612/s
  t=  2055.1s  rows=2,056,394,981  +15,044,070  inst=1,002,938/s  avg=1,000,629/s
  t=  2070.1s  rows=2,071,308,233  +14,913,252  inst=994,217/s  avg=1,000,582/s
  t=  2085.1s  rows=2,086,352,303  +15,044,070  inst=1,002,938/s  avg=1,000,599/s
  t=  2100.1s  rows=2,101,396,373  +15,044,070  inst=1,002,938/s  avg=1,000,615/s
  t=  2115.1s  rows=2,116,309,625  +14,913,252  inst=994,217/s  avg=1,000,570/s
  t=  2130.1s  rows=2,131,353,695  +15,044,070  inst=1,002,938/s  avg=1,000,587/s
  t=  2145.1s  rows=2,146,266,947  +14,913,252  inst=994,217/s  avg=1,000,542/s
  t=  2160.1s  rows=2,161,311,017  +15,044,070  inst=1,002,938/s  avg=1,000,559/s
  t=  2175.1s  rows=2,176,355,087  +15,044,070  inst=1,002,938/s  avg=1,000,575/s
  t=  2190.1s  rows=2,191,268,339  +14,913,252  inst=994,217/s  avg=1,000,531/s
  t=  2205.1s  rows=2,206,312,409  +15,044,070  inst=1,002,938/s  avg=1,000,548/s
  t=  2220.1s  rows=2,221,356,479  +15,044,070  inst=1,002,938/s  avg=1,000,564/s
  t=  2235.1s  rows=2,236,269,731  +14,913,252  inst=994,217/s  avg=1,000,521/s
  t=  2250.1s  rows=2,251,313,801  +15,044,070  inst=1,002,938/s  avg=1,000,537/s
  t=  2265.1s  rows=2,266,388,400  +15,074,599  inst=1,004,973/s  avg=1,000,566/s
  t=  2280.1s  rows=2,281,301,652  +14,913,252  inst=994,217/s  avg=1,000,525/s
  t=  2295.1s  rows=2,296,345,722  +15,044,070  inst=1,002,938/s  avg=1,000,540/s
  t=  2310.1s  rows=2,311,389,792  +15,044,070  inst=1,002,938/s  avg=1,000,556/s
  t=  2325.1s  rows=2,326,303,044  +14,913,252  inst=994,217/s  avg=1,000,515/s
  t=  2340.1s  rows=2,341,347,114  +15,044,070  inst=1,002,938/s  avg=1,000,530/s
  t=  2355.1s  rows=2,356,391,184  +15,044,070  inst=1,002,938/s  avg=1,000,546/s
  t=  2370.1s  rows=2,371,304,436  +14,913,252  inst=994,217/s  avg=1,000,505/s
  t=  2385.1s  rows=2,386,348,506  +15,044,070  inst=1,002,938/s  avg=1,000,521/s
  t=  2400.1s  rows=2,401,392,576  +15,044,070  inst=1,002,938/s  avg=1,000,536/s
  t=  2415.1s  rows=2,416,305,828  +14,913,252  inst=994,217/s  avg=1,000,496/s
  t=  2430.1s  rows=2,431,349,898  +15,044,070  inst=1,002,938/s  avg=1,000,511/s
  t=  2445.1s  rows=2,446,263,150  +14,913,252  inst=994,217/s  avg=1,000,473/s
  t=  2460.1s  rows=2,461,307,220  +15,044,070  inst=1,002,938/s  avg=1,000,488/s
  t=  2475.1s  rows=2,476,351,290  +15,044,070  inst=1,002,938/s  avg=1,000,503/s
  t=  2490.1s  rows=2,491,395,360  +15,044,070  inst=1,002,938/s  avg=1,000,517/s
  t=  2505.1s  rows=2,506,308,612  +14,913,252  inst=994,217/s  avg=1,000,479/s
  t=  2520.1s  rows=2,521,352,682  +15,044,070  inst=1,002,938/s  avg=1,000,494/s
  t=  2535.1s  rows=2,536,396,752  +15,044,070  inst=1,002,938/s  avg=1,000,508/s
  t=  2550.1s  rows=2,551,310,004  +14,913,252  inst=994,217/s  avg=1,000,471/s
  t=  2565.1s  rows=2,566,354,074  +15,044,070  inst=1,002,938/s  avg=1,000,486/s
  t=  2580.1s  rows=2,581,398,144  +15,044,070  inst=1,002,938/s  avg=1,000,500/s
  t=  2595.1s  rows=2,596,311,396  +14,913,252  inst=994,217/s  avg=1,000,464/s
  t=  2610.1s  rows=2,611,355,466  +15,044,070  inst=1,002,938/s  avg=1,000,478/s
  t=  2625.1s  rows=2,626,268,718  +14,913,252  inst=994,217/s  avg=1,000,442/s
  t=  2640.1s  rows=2,641,312,788  +15,044,070  inst=1,002,938/s  avg=1,000,456/s
  t=  2655.1s  rows=2,656,356,858  +15,044,070  inst=1,002,938/s  avg=1,000,470/s
  t=  2670.1s  rows=2,671,400,928  +15,044,070  inst=1,002,938/s  avg=1,000,484/s
  t=  2685.1s  rows=2,686,314,180  +14,913,252  inst=994,217/s  avg=1,000,449/s
  t=  2700.1s  rows=2,701,358,250  +15,044,070  inst=1,002,938/s  avg=1,000,462/s
  t=  2715.1s  rows=2,716,402,320  +15,044,070  inst=1,002,938/s  avg=1,000,476/s
  t=  2730.1s  rows=2,731,315,572  +14,913,252  inst=994,217/s  avg=1,000,442/s
  t=  2745.1s  rows=2,746,359,642  +15,044,070  inst=1,002,938/s  avg=1,000,455/s
  t=  2760.1s  rows=2,761,403,712  +15,044,070  inst=1,002,938/s  avg=1,000,469/s
  t=  2775.1s  rows=2,776,316,964  +14,913,252  inst=994,217/s  avg=1,000,435/s
  t=  2790.1s  rows=2,791,361,034  +15,044,070  inst=1,002,938/s  avg=1,000,448/s
  t=  2805.1s  rows=2,806,405,104  +15,044,070  inst=1,002,938/s  avg=1,000,462/s
  t=  2820.1s  rows=2,821,318,356  +14,913,252  inst=994,217/s  avg=1,000,428/s
  t=  2835.1s  rows=2,836,362,426  +15,044,070  inst=1,002,938/s  avg=1,000,441/s
  t=  2850.1s  rows=2,851,275,678  +14,913,252  inst=994,217/s  avg=1,000,409/s
  t=  2865.1s  rows=2,866,319,748  +15,044,070  inst=1,002,938/s  avg=1,000,422/s
  t=  2880.1s  rows=2,881,363,818  +15,044,070  inst=1,002,938/s  avg=1,000,435/s
  t=  2895.1s  rows=2,896,407,888  +15,044,070  inst=1,002,938/s  avg=1,000,448/s
  t=  2910.1s  rows=2,911,321,140  +14,913,252  inst=994,217/s  avg=1,000,416/s
  t=  2925.1s  rows=2,926,365,210  +15,044,070  inst=1,002,938/s  avg=1,000,429/s
  t=  2940.1s  rows=2,941,278,462  +14,913,252  inst=994,217/s  avg=1,000,397/s
  t=  2955.1s  rows=2,956,401,297  +15,122,835  inst=1,008,189/s  avg=1,000,436/s
  t=  2970.1s  rows=2,971,314,549  +14,913,252  inst=994,217/s  avg=1,000,405/s
  t=  2985.1s  rows=2,986,358,619  +15,044,070  inst=1,002,938/s  avg=1,000,417/s
  t=  3000.1s  rows=3,001,402,689  +15,044,070  inst=1,002,938/s  avg=1,000,430/s
  t=  3015.1s  rows=3,016,315,941  +14,913,252  inst=994,217/s  avg=1,000,399/s
  t=  3030.1s  rows=3,031,360,011  +15,044,070  inst=1,002,938/s  avg=1,000,412/s
  t=  3045.1s  rows=3,046,404,081  +15,044,070  inst=1,002,938/s  avg=1,000,424/s
  t=  3060.1s  rows=3,061,317,333  +14,913,252  inst=994,217/s  avg=1,000,394/s
  t=  3075.1s  rows=3,076,361,403  +15,044,070  inst=1,002,938/s  avg=1,000,406/s
  t=  3090.1s  rows=3,091,405,473  +15,044,070  inst=1,002,938/s  avg=1,000,418/s
  t=  3105.1s  rows=3,106,318,725  +14,913,252  inst=994,217/s  avg=1,000,388/s
  t=  3120.1s  rows=3,121,362,795  +15,044,070  inst=1,002,938/s  avg=1,000,400/s
  t=  3135.1s  rows=3,136,276,047  +14,913,252  inst=994,217/s  avg=1,000,371/s
  t=  3150.1s  rows=3,151,320,117  +15,044,070  inst=1,002,938/s  avg=1,000,383/s
  t=  3165.1s  rows=3,166,233,369  +14,913,252  inst=994,217/s  avg=1,000,354/s
  t=  3180.1s  rows=3,181,277,439  +15,044,070  inst=1,002,938/s  avg=1,000,366/s
  t=  3195.1s  rows=3,196,321,509  +15,044,070  inst=1,002,938/s  avg=1,000,378/s
  t=  3210.1s  rows=3,211,365,579  +15,044,070  inst=1,002,938/s  avg=1,000,390/s
  t=  3225.1s  rows=3,226,278,831  +14,913,252  inst=994,217/s  avg=1,000,361/s
  t=  3240.1s  rows=3,241,322,901  +15,044,070  inst=1,002,938/s  avg=1,000,373/s
  t=  3255.1s  rows=3,256,366,971  +15,044,070  inst=1,002,938/s  avg=1,000,385/s
  t=  3270.1s  rows=3,271,411,041  +15,044,070  inst=1,002,938/s  avg=1,000,396/s
  t=  3285.1s  rows=3,286,324,293  +14,913,252  inst=994,217/s  avg=1,000,368/s
  t=  3300.1s  rows=3,301,368,363  +15,044,070  inst=1,002,938/s  avg=1,000,380/s
  t=  3315.1s  rows=3,316,281,615  +14,913,252  inst=994,217/s  avg=1,000,352/s
  t=  3330.1s  rows=3,331,325,685  +15,044,070  inst=1,002,938/s  avg=1,000,363/s
  t=  3345.1s  rows=3,346,369,755  +15,044,070  inst=1,002,938/s  avg=1,000,375/s
  t=  3360.1s  rows=3,361,283,007  +14,913,252  inst=994,217/s  avg=1,000,347/s
  t=  3375.1s  rows=3,376,327,077  +15,044,070  inst=1,002,938/s  avg=1,000,359/s
  t=  3390.1s  rows=3,391,371,147  +15,044,070  inst=1,002,938/s  avg=1,000,370/s
  t=  3405.1s  rows=3,406,284,399  +14,913,252  inst=994,217/s  avg=1,000,343/s
  t=  3420.1s  rows=3,421,328,469  +15,044,070  inst=1,002,938/s  avg=1,000,354/s
  t=  3435.1s  rows=3,436,372,539  +15,044,070  inst=1,002,938/s  avg=1,000,365/s
  t=  3450.1s  rows=3,451,285,791  +14,913,252  inst=994,217/s  avg=1,000,339/s
  t=  3465.1s  rows=3,466,329,861  +15,044,070  inst=1,002,938/s  avg=1,000,350/s
  t=  3480.1s  rows=3,481,373,931  +15,044,070  inst=1,002,938/s  avg=1,000,361/s
  t=  3495.1s  rows=3,496,287,183  +14,913,252  inst=994,217/s  avg=1,000,335/s
  t=  3510.1s  rows=3,511,331,253  +15,044,070  inst=1,002,938/s  avg=1,000,346/s
  t=  3525.1s  rows=3,526,375,323  +15,044,070  inst=1,002,938/s  avg=1,000,357/s
  t=  3540.1s  rows=3,541,419,393  +15,044,070  inst=1,002,938/s  avg=1,000,368/s
  t=  3555.1s  rows=3,556,332,645  +14,913,252  inst=994,217/s  avg=1,000,342/s
  t=  3570.1s  rows=3,571,245,897  +14,913,252  inst=994,217/s  avg=1,000,316/s
  t=  3585.1s  rows=3,586,289,967  +15,044,070  inst=1,002,938/s  avg=1,000,327/s
  t=  3600.1s  rows=3,601,334,037  +15,044,070  inst=1,002,938/s  avg=1,000,338/s
  t=  3615.1s  rows=3,616,378,107  +15,044,070  inst=1,002,938/s  avg=1,000,348/s
  t=  3630.1s  rows=3,631,291,359  +14,913,252  inst=994,217/s  avg=1,000,323/s
  t=  3645.1s  rows=3,646,335,429  +15,044,070  inst=1,002,938/s  avg=1,000,334/s
  t=  3660.1s  rows=3,661,379,499  +15,044,070  inst=1,002,938/s  avg=1,000,344/s
  t=  3675.1s  rows=3,676,292,751  +14,913,252  inst=994,217/s  avg=1,000,319/s
  t=  3690.1s  rows=3,691,336,821  +15,044,070  inst=1,002,938/s  avg=1,000,330/s
  t=  3705.1s  rows=3,706,380,891  +15,044,070  inst=1,002,938/s  avg=1,000,340/s
  t=  3720.1s  rows=3,721,313,632  +14,932,741  inst=995,516/s  avg=1,000,321/s
  t=  3735.1s  rows=3,736,357,702  +15,044,070  inst=1,002,938/s  avg=1,000,331/s
  t=  3750.1s  rows=3,751,401,772  +15,044,070  inst=1,002,938/s  avg=1,000,342/s
  t=  3765.1s  rows=3,766,315,024  +14,913,252  inst=994,217/s  avg=1,000,317/s
  t=  3780.1s  rows=3,781,359,094  +15,044,070  inst=1,002,938/s  avg=1,000,328/s
  t=  3795.1s  rows=3,796,403,164  +15,044,070  inst=1,002,938/s  avg=1,000,338/s
  t=  3810.1s  rows=3,811,316,416  +14,913,252  inst=994,217/s  avg=1,000,314/s
  t=  3825.1s  rows=3,826,360,486  +15,044,070  inst=1,002,938/s  avg=1,000,324/s
  t=  3840.1s  rows=3,841,404,556  +15,044,070  inst=1,002,938/s  avg=1,000,334/s
  t=  3855.1s  rows=3,856,317,808  +14,913,252  inst=994,217/s  avg=1,000,310/s
  t=  3870.1s  rows=3,871,361,878  +15,044,070  inst=1,002,938/s  avg=1,000,320/s
  t=  3885.1s  rows=3,886,275,130  +14,913,252  inst=994,217/s  avg=1,000,297/s
  t=  3900.1s  rows=3,901,319,200  +15,044,070  inst=1,002,938/s  avg=1,000,307/s
  t=  3915.1s  rows=3,916,363,270  +15,044,070  inst=1,002,938/s  avg=1,000,317/s
  t=  3930.1s  rows=3,931,276,522  +14,913,252  inst=994,217/s  avg=1,000,294/s
  t=  3945.1s  rows=3,946,320,592  +15,044,070  inst=1,002,938/s  avg=1,000,304/s
  t=  3960.1s  rows=3,961,364,662  +15,044,070  inst=1,002,938/s  avg=1,000,314/s
  t=  3975.1s  rows=3,976,408,732  +15,044,070  inst=1,002,938/s  avg=1,000,324/s
  t=  3990.1s  rows=3,991,321,984  +14,913,252  inst=994,217/s  avg=1,000,301/s
  t=  4005.1s  rows=4,006,366,054  +15,044,070  inst=1,002,938/s  avg=1,000,310/s
  t=  4020.1s  rows=4,021,279,306  +14,913,252  inst=994,217/s  avg=1,000,288/s
  t=  4035.1s  rows=4,036,323,376  +15,044,070  inst=1,002,938/s  avg=1,000,297/s
  t=  4050.1s  rows=4,051,367,446  +15,044,070  inst=1,002,938/s  avg=1,000,307/s
  t=  4065.1s  rows=4,066,411,516  +15,044,070  inst=1,002,938/s  avg=1,000,317/s
  t=  4080.1s  rows=4,081,324,768  +14,913,252  inst=994,217/s  avg=1,000,294/s
  t=  4095.1s  rows=4,096,368,838  +15,044,070  inst=1,002,938/s  avg=1,000,304/s
  t=  4110.1s  rows=4,111,412,908  +15,044,070  inst=1,002,938/s  avg=1,000,314/s
  t=  4125.1s  rows=4,126,326,160  +14,913,252  inst=994,217/s  avg=1,000,291/s
  t=  4140.1s  rows=4,141,370,230  +15,044,070  inst=1,002,938/s  avg=1,000,301/s
  t=  4155.1s  rows=4,156,414,300  +15,044,070  inst=1,002,938/s  avg=1,000,310/s
  t=  4170.1s  rows=4,171,327,552  +14,913,252  inst=994,217/s  avg=1,000,289/s
  t=  4185.1s  rows=4,186,371,622  +15,044,070  inst=1,002,938/s  avg=1,000,298/s
  t=  4200.1s  rows=4,201,415,692  +15,044,070  inst=1,002,938/s  avg=1,000,307/s
  t=  4215.1s  rows=4,216,328,944  +14,913,252  inst=994,217/s  avg=1,000,286/s
  t=  4230.1s  rows=4,231,373,014  +15,044,070  inst=1,002,938/s  avg=1,000,295/s
  t=  4245.1s  rows=4,246,417,084  +15,044,070  inst=1,002,938/s  avg=1,000,304/s
  t=  4260.1s  rows=4,261,330,336  +14,913,252  inst=994,217/s  avg=1,000,283/s
  t=  4275.1s  rows=4,276,374,406  +15,044,070  inst=1,002,938/s  avg=1,000,292/s
  t=  4290.1s  rows=4,291,287,658  +14,913,252  inst=994,217/s  avg=1,000,271/s
  t=  4305.1s  rows=4,306,331,728  +15,044,070  inst=1,002,938/s  avg=1,000,280/s
  t=  4320.1s  rows=4,321,244,980  +14,913,252  inst=994,217/s  avg=1,000,259/s
  t=  4335.1s  rows=4,336,419,868  +15,174,888  inst=1,011,659/s  avg=1,000,298/s
  t=  4350.1s  rows=4,351,333,120  +14,913,252  inst=994,217/s  avg=1,000,277/s
  t=  4365.1s  rows=4,366,377,190  +15,044,070  inst=1,002,938/s  avg=1,000,287/s
  t=  4380.1s  rows=4,381,425,094  +15,047,904  inst=1,003,194/s  avg=1,000,296/s
  t=  4395.1s  rows=4,396,338,346  +14,913,252  inst=994,217/s  avg=1,000,276/s
  t=  4410.1s  rows=4,411,382,416  +15,044,070  inst=1,002,938/s  avg=1,000,285/s
  t=  4425.1s  rows=4,426,295,668  +14,913,252  inst=994,217/s  avg=1,000,264/s
  t=  4440.1s  rows=4,441,339,738  +15,044,070  inst=1,002,938/s  avg=1,000,273/s
  t=  4455.1s  rows=4,456,383,808  +15,044,070  inst=1,002,938/s  avg=1,000,282/s
  t=  4470.1s  rows=4,471,297,060  +14,913,252  inst=994,217/s  avg=1,000,262/s
  t=  4485.1s  rows=4,486,341,130  +15,044,070  inst=1,002,938/s  avg=1,000,271/s
  t=  4500.1s  rows=4,501,385,200  +15,044,070  inst=1,002,938/s  avg=1,000,279/s
  t=  4515.1s  rows=4,516,429,270  +15,044,070  inst=1,002,938/s  avg=1,000,288/s
  t=  4530.1s  rows=4,531,342,522  +14,913,252  inst=994,217/s  avg=1,000,268/s
  t=  4545.1s  rows=4,546,386,592  +15,044,070  inst=1,002,938/s  avg=1,000,277/s
  t=  4560.1s  rows=4,561,299,844  +14,913,252  inst=994,217/s  avg=1,000,257/s
  t=  4575.1s  rows=4,576,343,914  +15,044,070  inst=1,002,938/s  avg=1,000,266/s
  t=  4590.1s  rows=4,591,387,984  +15,044,070  inst=1,002,938/s  avg=1,000,274/s
  t=  4605.1s  rows=4,606,301,236  +14,913,252  inst=994,217/s  avg=1,000,255/s
  t=  4620.1s  rows=4,621,345,306  +15,044,070  inst=1,002,938/s  avg=1,000,263/s
  t=  4635.1s  rows=4,636,389,376  +15,044,070  inst=1,002,938/s  avg=1,000,272/s
  t=  4650.1s  rows=4,651,302,628  +14,913,252  inst=994,217/s  avg=1,000,252/s
  t=  4665.1s  rows=4,666,346,698  +15,044,070  inst=1,002,938/s  avg=1,000,261/s
  t=  4680.1s  rows=4,681,390,768  +15,044,070  inst=1,002,938/s  avg=1,000,270/s
  t=  4695.1s  rows=4,696,434,838  +15,044,070  inst=1,002,938/s  avg=1,000,278/s
  t=  4710.1s  rows=4,711,348,090  +14,913,252  inst=994,217/s  avg=1,000,259/s
  t=  4725.1s  rows=4,726,392,160  +15,044,070  inst=1,002,938/s  avg=1,000,267/s
  t=  4740.1s  rows=4,741,305,412  +14,913,252  inst=994,217/s  avg=1,000,248/s
  t=  4755.1s  rows=4,756,349,482  +15,044,070  inst=1,002,938/s  avg=1,000,256/s
  t=  4770.1s  rows=4,771,393,552  +15,044,070  inst=1,002,938/s  avg=1,000,265/s
  t=  4785.1s  rows=4,786,306,804  +14,913,252  inst=994,217/s  avg=1,000,246/s
  t=  4800.1s  rows=4,801,350,874  +15,044,070  inst=1,002,938/s  avg=1,000,254/s
  t=  4815.1s  rows=4,816,394,944  +15,044,070  inst=1,002,938/s  avg=1,000,263/s
  t=  4830.1s  rows=4,831,308,196  +14,913,252  inst=994,217/s  avg=1,000,244/s
  t=  4845.1s  rows=4,846,352,266  +15,044,070  inst=1,002,938/s  avg=1,000,252/s
  t=  4860.1s  rows=4,861,396,336  +15,044,070  inst=1,002,938/s  avg=1,000,260/s
  t=  4875.1s  rows=4,876,309,588  +14,913,252  inst=994,217/s  avg=1,000,242/s
  t=  4890.1s  rows=4,891,353,658  +15,044,070  inst=1,002,938/s  avg=1,000,250/s
  t=  4905.1s  rows=4,906,266,910  +14,913,252  inst=994,217/s  avg=1,000,231/s
  t=  4920.1s  rows=4,921,310,980  +15,044,070  inst=1,002,938/s  avg=1,000,240/s
  t=  4935.1s  rows=4,936,355,050  +15,044,070  inst=1,002,938/s  avg=1,000,248/s
  t=  4950.1s  rows=4,951,399,120  +15,044,070  inst=1,002,938/s  avg=1,000,256/s
  t=  4965.1s  rows=4,966,443,190  +15,044,070  inst=1,002,938/s  avg=1,000,264/s
  t=  4980.1s  rows=4,981,356,442  +14,913,252  inst=994,217/s  avg=1,000,246/s
  t=  4995.1s  rows=4,996,400,512  +15,044,070  inst=1,002,938/s  avg=1,000,254/s
  t=  5010.1s  rows=5,011,313,764  +14,913,252  inst=994,217/s  avg=1,000,236/s
  t=  5025.1s  rows=5,026,369,583  +15,055,819  inst=1,003,721/s  avg=1,000,246/s
  t=  5040.1s  rows=5,041,377,085  +15,007,502  inst=1,000,500/s  avg=1,000,247/s
  t=  5055.1s  rows=5,056,290,337  +14,913,252  inst=994,217/s  avg=1,000,229/s
  t=  5070.1s  rows=5,071,334,407  +15,044,070  inst=1,002,938/s  avg=1,000,237/s
  t=  5085.1s  rows=5,086,378,477  +15,044,070  inst=1,002,938/s  avg=1,000,245/s
  t=  5100.1s  rows=5,101,422,547  +15,044,070  inst=1,002,938/s  avg=1,000,253/s
  t=  5115.1s  rows=5,116,335,799  +14,913,252  inst=994,217/s  avg=1,000,235/s
  t=  5130.1s  rows=5,131,379,869  +15,044,070  inst=1,002,938/s  avg=1,000,243/s
  t=  5145.1s  rows=5,146,423,939  +15,044,070  inst=1,002,938/s  avg=1,000,251/s
  t=  5160.1s  rows=5,161,337,191  +14,913,252  inst=994,217/s  avg=1,000,233/s
  t=  5175.1s  rows=5,176,381,261  +15,044,070  inst=1,002,938/s  avg=1,000,241/s
  t=  5190.1s  rows=5,191,294,513  +14,913,252  inst=994,217/s  avg=1,000,224/s
  t=  5205.1s  rows=5,206,338,583  +15,044,070  inst=1,002,938/s  avg=1,000,231/s
  t=  5220.1s  rows=5,221,382,653  +15,044,070  inst=1,002,938/s  avg=1,000,239/s
  t=  5235.1s  rows=5,236,426,723  +15,044,070  inst=1,002,938/s  avg=1,000,247/s
  t=  5250.1s  rows=5,251,339,975  +14,913,252  inst=994,217/s  avg=1,000,229/s
  t=  5265.1s  rows=5,266,384,045  +15,044,070  inst=1,002,938/s  avg=1,000,237/s
  t=  5280.1s  rows=5,281,428,115  +15,044,070  inst=1,002,938/s  avg=1,000,245/s
  t=  5295.1s  rows=5,296,341,367  +14,913,252  inst=994,217/s  avg=1,000,228/s
  t=  5310.1s  rows=5,311,385,437  +15,044,070  inst=1,002,938/s  avg=1,000,235/s
  t=  5325.1s  rows=5,326,298,689  +14,913,252  inst=994,217/s  avg=1,000,218/s
  t=  5340.1s  rows=5,341,342,759  +15,044,070  inst=1,002,938/s  avg=1,000,226/s
  t=  5355.1s  rows=5,356,386,829  +15,044,070  inst=1,002,938/s  avg=1,000,234/s
  t=  5370.1s  rows=5,371,300,081  +14,913,252  inst=994,217/s  avg=1,000,217/s
  t=  5385.1s  rows=5,386,344,151  +15,044,070  inst=1,002,938/s  avg=1,000,224/s
  t=  5400.1s  rows=5,401,388,221  +15,044,070  inst=1,002,938/s  avg=1,000,232/s
  t=  5415.1s  rows=5,416,301,473  +14,913,252  inst=994,217/s  avg=1,000,215/s
  t=  5430.1s  rows=5,431,345,543  +15,044,070  inst=1,002,938/s  avg=1,000,223/s
  t=  5445.1s  rows=5,446,389,613  +15,044,070  inst=1,002,938/s  avg=1,000,230/s
  t=  5460.1s  rows=5,461,433,683  +15,044,070  inst=1,002,938/s  avg=1,000,237/s
  t=  5475.1s  rows=5,476,346,935  +14,913,252  inst=994,217/s  avg=1,000,221/s
  t=  5490.1s  rows=5,491,391,005  +15,044,070  inst=1,002,938/s  avg=1,000,228/s
  t=  5505.1s  rows=5,506,435,075  +15,044,070  inst=1,002,938/s  avg=1,000,236/s
  t=  5520.1s  rows=5,521,348,327  +14,913,252  inst=994,217/s  avg=1,000,219/s
  t=  5535.1s  rows=5,536,392,397  +15,044,070  inst=1,002,938/s  avg=1,000,227/s
  t=  5550.1s  rows=5,551,305,649  +14,913,252  inst=994,217/s  avg=1,000,210/s
  t=  5565.1s  rows=5,566,349,719  +15,044,070  inst=1,002,938/s  avg=1,000,218/s
  t=  5580.1s  rows=5,581,393,789  +15,044,070  inst=1,002,938/s  avg=1,000,225/s
  t=  5595.1s  rows=5,596,437,859  +15,044,070  inst=1,002,938/s  avg=1,000,232/s
  t=  5610.1s  rows=5,611,351,111  +14,913,252  inst=994,217/s  avg=1,000,216/s
  t=  5625.1s  rows=5,626,264,363  +14,913,252  inst=994,217/s  avg=1,000,200/s
  t=  5640.1s  rows=5,641,439,251  +15,174,888  inst=1,011,659/s  avg=1,000,231/s
  t=  5655.1s  rows=5,656,372,963  +14,933,712  inst=995,581/s  avg=1,000,218/s
  t=  5670.1s  rows=5,671,417,033  +15,044,070  inst=1,002,938/s  avg=1,000,225/s
  t=  5685.1s  rows=5,686,330,285  +14,913,252  inst=994,217/s  avg=1,000,209/s
  t=  5700.1s  rows=5,701,374,355  +15,044,070  inst=1,002,938/s  avg=1,000,217/s
  t=  5715.1s  rows=5,716,418,425  +15,044,070  inst=1,002,938/s  avg=1,000,224/s
  t=  5730.1s  rows=5,731,331,677  +14,913,252  inst=994,217/s  avg=1,000,208/s
  t=  5745.1s  rows=5,746,375,747  +15,044,070  inst=1,002,938/s  avg=1,000,215/s
  t=  5760.1s  rows=5,761,288,999  +14,913,252  inst=994,217/s  avg=1,000,199/s
  t=  5775.1s  rows=5,776,333,069  +15,044,070  inst=1,002,938/s  avg=1,000,207/s
  t=  5790.1s  rows=5,791,377,139  +15,044,070  inst=1,002,938/s  avg=1,000,214/s
  t=  5805.1s  rows=5,806,421,209  +15,044,070  inst=1,002,938/s  avg=1,000,221/s
  t=  5820.1s  rows=5,821,334,461  +14,913,252  inst=994,217/s  avg=1,000,205/s
  t=  5835.1s  rows=5,836,378,531  +15,044,070  inst=1,002,938/s  avg=1,000,212/s
  t=  5850.1s  rows=5,851,422,601  +15,044,070  inst=1,002,938/s  avg=1,000,219/s
  t=  5865.1s  rows=5,866,335,853  +14,913,252  inst=994,217/s  avg=1,000,204/s
  t=  5880.1s  rows=5,881,379,923  +15,044,070  inst=1,002,938/s  avg=1,000,211/s
  t=  5895.1s  rows=5,896,423,993  +15,044,070  inst=1,002,938/s  avg=1,000,218/s
  t=  5910.1s  rows=5,911,337,245  +14,913,252  inst=994,217/s  avg=1,000,202/s
  t=  5925.1s  rows=5,926,381,315  +15,044,070  inst=1,002,938/s  avg=1,000,209/s
  t=  5940.1s  rows=5,941,425,385  +15,044,070  inst=1,002,938/s  avg=1,000,216/s
  t=  5955.1s  rows=5,956,338,637  +14,913,252  inst=994,217/s  avg=1,000,201/s
  t=  5970.1s  rows=5,971,382,707  +15,044,070  inst=1,002,938/s  avg=1,000,208/s
  t=  5985.1s  rows=5,986,426,777  +15,044,070  inst=1,002,938/s  avg=1,000,215/s
  t=  6000.1s  rows=6,001,340,029  +14,913,252  inst=994,217/s  avg=1,000,200/s
  t=  6015.1s  rows=6,016,384,099  +15,044,070  inst=1,002,938/s  avg=1,000,206/s
  t=  6030.1s  rows=6,031,428,169  +15,044,070  inst=1,002,938/s  avg=1,000,213/s
  t=  6045.1s  rows=6,046,341,421  +14,913,252  inst=994,217/s  avg=1,000,198/s
  t=  6060.1s  rows=6,061,385,491  +15,044,070  inst=1,002,938/s  avg=1,000,205/s
  t=  6075.1s  rows=6,076,429,561  +15,044,070  inst=1,002,938/s  avg=1,000,212/s
  t=  6090.1s  rows=6,091,342,813  +14,913,252  inst=994,217/s  avg=1,000,197/s
  t=  6105.1s  rows=6,106,386,883  +15,044,070  inst=1,002,938/s  avg=1,000,204/s
  t=  6120.1s  rows=6,121,300,135  +14,913,252  inst=994,217/s  avg=1,000,189/s
  t=  6135.1s  rows=6,136,344,205  +15,044,070  inst=1,002,938/s  avg=1,000,196/s
  t=  6150.1s  rows=6,151,388,275  +15,044,070  inst=1,002,938/s  avg=1,000,202/s
  t=  6165.1s  rows=6,166,432,345  +15,044,070  inst=1,002,938/s  avg=1,000,209/s
  t=  6180.1s  rows=6,181,345,597  +14,913,252  inst=994,217/s  avg=1,000,194/s
  t=  6195.1s  rows=6,196,389,667  +15,044,070  inst=1,002,938/s  avg=1,000,201/s
  t=  6210.1s  rows=6,211,433,737  +15,044,070  inst=1,002,938/s  avg=1,000,208/s
  t=  6225.1s  rows=6,226,346,989  +14,913,252  inst=994,217/s  avg=1,000,193/s
  t=  6240.1s  rows=6,241,391,059  +15,044,070  inst=1,002,938/s  avg=1,000,200/s
  t=  6255.1s  rows=6,256,435,129  +15,044,070  inst=1,002,938/s  avg=1,000,206/s
  t=  6270.1s  rows=6,271,348,381  +14,913,252  inst=994,217/s  avg=1,000,192/s
  t=  6285.1s  rows=6,286,392,451  +15,044,070  inst=1,002,938/s  avg=1,000,198/s
  t=  6300.1s  rows=6,301,305,703  +14,913,252  inst=994,217/s  avg=1,000,184/s
  t=  6315.1s  rows=6,316,349,773  +15,044,070  inst=1,002,938/s  avg=1,000,191/s
  t=  6330.1s  rows=6,331,393,843  +15,044,070  inst=1,002,938/s  avg=1,000,197/s
  t=  6345.1s  rows=6,346,307,095  +14,913,252  inst=994,217/s  avg=1,000,183/s
  t=  6360.1s  rows=6,361,351,165  +15,044,070  inst=1,002,938/s  avg=1,000,189/s
  t=  6375.1s  rows=6,376,264,417  +14,913,252  inst=994,217/s  avg=1,000,175/s
  t=  6390.1s  rows=6,391,439,305  +15,174,888  inst=1,011,659/s  avg=1,000,202/s
  t=  6405.1s  rows=6,406,352,557  +14,913,252  inst=994,217/s  avg=1,000,188/s
  t=  6420.1s  rows=6,421,396,627  +15,044,070  inst=1,002,938/s  avg=1,000,195/s
  t=  6435.1s  rows=6,436,378,045  +14,981,418  inst=998,761/s  avg=1,000,191/s
  t=  6450.1s  rows=6,451,422,115  +15,044,070  inst=1,002,938/s  avg=1,000,198/s
  t=  6465.1s  rows=6,466,335,367  +14,913,252  inst=994,217/s  avg=1,000,184/s
  t=  6480.1s  rows=6,481,379,437  +15,044,070  inst=1,002,938/s  avg=1,000,190/s
  t=  6495.1s  rows=6,496,423,507  +15,044,070  inst=1,002,938/s  avg=1,000,196/s
  t=  6510.1s  rows=6,511,336,759  +14,913,252  inst=994,217/s  avg=1,000,183/s
  t=  6525.1s  rows=6,526,380,829  +15,044,070  inst=1,002,938/s  avg=1,000,189/s
  t=  6540.1s  rows=6,541,424,899  +15,044,070  inst=1,002,938/s  avg=1,000,195/s
  t=  6555.1s  rows=6,556,338,151  +14,913,252  inst=994,217/s  avg=1,000,182/s
  t=  6570.1s  rows=6,571,382,221  +15,044,070  inst=1,002,938/s  avg=1,000,188/s
  t=  6585.1s  rows=6,586,426,291  +15,044,070  inst=1,002,938/s  avg=1,000,194/s
  t=  6600.1s  rows=6,601,339,543  +14,913,252  inst=994,217/s  avg=1,000,180/s
  t=  6615.1s  rows=6,616,383,613  +15,044,070  inst=1,002,938/s  avg=1,000,187/s
  t=  6630.1s  rows=6,631,296,865  +14,913,252  inst=994,217/s  avg=1,000,173/s
  t=  6645.1s  rows=6,646,340,935  +15,044,070  inst=1,002,938/s  avg=1,000,179/s
  t=  6660.1s  rows=6,661,385,005  +15,044,070  inst=1,002,938/s  avg=1,000,186/s
  t=  6675.1s  rows=6,676,429,075  +15,044,070  inst=1,002,938/s  avg=1,000,192/s
  t=  6690.1s  rows=6,691,342,327  +14,913,252  inst=994,217/s  avg=1,000,178/s
  t=  6705.1s  rows=6,706,386,397  +15,044,070  inst=1,002,938/s  avg=1,000,184/s
  t=  6720.1s  rows=6,721,299,649  +14,913,252  inst=994,217/s  avg=1,000,171/s
  t=  6735.1s  rows=6,736,343,719  +15,044,070  inst=1,002,938/s  avg=1,000,177/s
  t=  6750.2s  rows=6,751,387,789  +15,044,070  inst=1,002,938/s  avg=1,000,183/s
  t=  6765.2s  rows=6,766,301,041  +14,913,252  inst=994,217/s  avg=1,000,170/s
  t=  6780.2s  rows=6,781,345,111  +15,044,070  inst=1,002,938/s  avg=1,000,176/s
  t=  6795.2s  rows=6,796,389,181  +15,044,070  inst=1,002,938/s  avg=1,000,182/s
  t=  6810.2s  rows=6,811,433,251  +15,044,070  inst=1,002,938/s  avg=1,000,188/s
  t=  6825.2s  rows=6,826,346,503  +14,913,252  inst=994,217/s  avg=1,000,175/s
  t=  6840.2s  rows=6,841,390,573  +15,044,070  inst=1,002,938/s  avg=1,000,181/s
  t=  6855.2s  rows=6,856,434,643  +15,044,070  inst=1,002,938/s  avg=1,000,187/s
  t=  6870.2s  rows=6,871,347,895  +14,913,252  inst=994,217/s  avg=1,000,174/s
  t=  6885.2s  rows=6,886,391,965  +15,044,070  inst=1,002,938/s  avg=1,000,180/s
  t=  6900.2s  rows=6,901,305,217  +14,913,252  inst=994,217/s  avg=1,000,167/s
  t=  6915.2s  rows=6,916,349,287  +15,044,070  inst=1,002,938/s  avg=1,000,173/s
  t=  6930.2s  rows=6,931,393,357  +15,044,070  inst=1,002,938/s  avg=1,000,179/s
  t=  6945.2s  rows=6,946,437,427  +15,044,070  inst=1,002,938/s  avg=1,000,185/s
  t=  6960.2s  rows=6,961,350,679  +14,913,252  inst=994,217/s  avg=1,000,172/s
  t=  6975.2s  rows=6,976,394,749  +15,044,070  inst=1,002,938/s  avg=1,000,178/s
  t=  6990.2s  rows=6,991,438,819  +15,044,070  inst=1,002,938/s  avg=1,000,184/s
  t=  7005.2s  rows=7,006,352,071  +14,913,252  inst=994,217/s  avg=1,000,171/s
  t=  7020.2s  rows=7,021,396,141  +15,044,070  inst=1,002,938/s  avg=1,000,177/s
  t=  7035.2s  rows=7,036,440,211  +15,044,070  inst=1,002,938/s  avg=1,000,183/s
  t=  7050.2s  rows=7,051,353,463  +14,913,252  inst=994,217/s  avg=1,000,170/s
  t=  7065.2s  rows=7,066,397,533  +15,044,070  inst=1,002,938/s  avg=1,000,176/s
  t=  7080.2s  rows=7,081,310,785  +14,913,252  inst=994,217/s  avg=1,000,163/s
  t=  7095.2s  rows=7,096,354,855  +15,044,070  inst=1,002,938/s  avg=1,000,169/s
  t=  7110.2s  rows=7,111,398,925  +15,044,070  inst=1,002,938/s  avg=1,000,175/s
  t=  7125.2s  rows=7,126,397,370  +14,998,445  inst=999,896/s  avg=1,000,175/s
  t=  7140.2s  rows=7,141,441,440  +15,044,070  inst=1,002,938/s  avg=1,000,180/s
  t=  7155.2s  rows=7,156,354,692  +14,913,252  inst=994,217/s  avg=1,000,168/s
  t=  7170.2s  rows=7,171,398,762  +15,044,070  inst=1,002,938/s  avg=1,000,174/s
  t=  7185.2s  rows=7,186,442,832  +15,044,070  inst=1,002,938/s  avg=1,000,179/s
  t=  7200.2s  rows=7,201,356,084  +14,913,252  inst=994,217/s  avg=1,000,167/s
  t=  7215.2s  rows=7,216,400,154  +15,044,070  inst=1,002,938/s  avg=1,000,173/s
  t=  7230.2s  rows=7,231,444,224  +15,044,070  inst=1,002,938/s  avg=1,000,178/s
  t=  7245.2s  rows=7,246,357,476  +14,913,252  inst=994,217/s  avg=1,000,166/s
  t=  7260.2s  rows=7,261,401,546  +15,044,070  inst=1,002,938/s  avg=1,000,172/s
  t=  7275.2s  rows=7,276,445,616  +15,044,070  inst=1,002,938/s  avg=1,000,177/s
  t=  7290.2s  rows=7,291,358,868  +14,913,252  inst=994,217/s  avg=1,000,165/s
  t=  7305.2s  rows=7,306,402,938  +15,044,070  inst=1,002,938/s  avg=1,000,171/s
  t=  7320.2s  rows=7,321,316,190  +14,913,252  inst=994,217/s  avg=1,000,159/s
  t=  7335.2s  rows=7,336,360,260  +15,044,070  inst=1,002,938/s  avg=1,000,164/s
  t=  7350.2s  rows=7,351,273,512  +14,913,252  inst=994,217/s  avg=1,000,152/s
  t=  7365.2s  rows=7,366,448,400  +15,174,888  inst=1,011,659/s  avg=1,000,175/s
  t=  7380.2s  rows=7,381,361,652  +14,913,252  inst=994,217/s  avg=1,000,163/s
  t=  7395.2s  rows=7,396,405,722  +15,044,070  inst=1,002,938/s  avg=1,000,169/s
  t=  7410.2s  rows=7,411,449,792  +15,044,070  inst=1,002,938/s  avg=1,000,175/s
  t=  7425.2s  rows=7,426,363,044  +14,913,252  inst=994,217/s  avg=1,000,162/s
  t=  7440.2s  rows=7,441,407,114  +15,044,070  inst=1,002,938/s  avg=1,000,168/s
  t=  7455.2s  rows=7,456,320,366  +14,913,252  inst=994,217/s  avg=1,000,156/s
  t=  7470.2s  rows=7,471,364,436  +15,044,070  inst=1,002,938/s  avg=1,000,162/s
  t=  7485.2s  rows=7,486,408,506  +15,044,070  inst=1,002,938/s  avg=1,000,167/s
  t=  7500.2s  rows=7,501,452,576  +15,044,070  inst=1,002,938/s  avg=1,000,173/s
  t=  7515.2s  rows=7,516,365,828  +14,913,252  inst=994,217/s  avg=1,000,161/s
  t=  7530.2s  rows=7,531,409,898  +15,044,070  inst=1,002,938/s  avg=1,000,166/s
  t=  7545.2s  rows=7,546,453,968  +15,044,070  inst=1,002,938/s  avg=1,000,172/s
  t=  7560.2s  rows=7,561,367,220  +14,913,252  inst=994,217/s  avg=1,000,160/s
  t=  7575.2s  rows=7,576,411,290  +15,044,070  inst=1,002,938/s  avg=1,000,165/s
  t=  7590.2s  rows=7,591,324,542  +14,913,252  inst=994,217/s  avg=1,000,154/s
  t=  7605.2s  rows=7,606,368,612  +15,044,070  inst=1,002,938/s  avg=1,000,159/s
  t=  7620.2s  rows=7,621,412,682  +15,044,070  inst=1,002,938/s  avg=1,000,165/s
  t=  7635.2s  rows=7,636,325,934  +14,913,252  inst=994,217/s  avg=1,000,153/s
  t=  7650.2s  rows=7,651,370,004  +15,044,070  inst=1,002,938/s  avg=1,000,158/s
  t=  7665.2s  rows=7,666,414,074  +15,044,070  inst=1,002,938/s  avg=1,000,164/s
  t=  7680.2s  rows=7,681,327,326  +14,913,252  inst=994,217/s  avg=1,000,152/s
  t=  7695.2s  rows=7,696,371,396  +15,044,070  inst=1,002,938/s  avg=1,000,158/s
  t=  7710.2s  rows=7,711,415,466  +15,044,070  inst=1,002,938/s  avg=1,000,163/s
  t=  7725.2s  rows=7,726,459,536  +15,044,070  inst=1,002,938/s  avg=1,000,168/s
  t=  7740.2s  rows=7,741,372,788  +14,913,252  inst=994,217/s  avg=1,000,157/s
  t=  7755.2s  rows=7,756,416,858  +15,044,070  inst=1,002,938/s  avg=1,000,162/s
  t=  7770.2s  rows=7,771,330,110  +14,913,252  inst=994,217/s  avg=1,000,150/s
  t=  7785.2s  rows=7,786,374,180  +15,044,070  inst=1,002,938/s  avg=1,000,156/s
  t=  7800.2s  rows=7,801,418,250  +15,044,070  inst=1,002,938/s  avg=1,000,161/s
  t=  7815.2s  rows=7,816,462,320  +15,044,070  inst=1,002,938/s  avg=1,000,166/s
  t=  7830.2s  rows=7,831,375,572  +14,913,252  inst=994,217/s  avg=1,000,155/s
  t=  7845.2s  rows=7,846,419,642  +15,044,070  inst=1,002,938/s  avg=1,000,160/s
  t=  7860.2s  rows=7,861,437,064  +15,017,422  inst=1,001,161/s  avg=1,000,162/s
  t=  7875.2s  rows=7,876,350,316  +14,913,252  inst=994,217/s  avg=1,000,151/s
  t=  7890.2s  rows=7,891,394,386  +15,044,070  inst=1,002,938/s  avg=1,000,156/s
  t=  7905.2s  rows=7,906,438,456  +15,044,070  inst=1,002,938/s  avg=1,000,161/s
  t=  7920.2s  rows=7,921,351,708  +14,913,252  inst=994,217/s  avg=1,000,150/s
  t=  7935.2s  rows=7,936,395,778  +15,044,070  inst=1,002,938/s  avg=1,000,155/s
  t=  7950.2s  rows=7,951,439,848  +15,044,070  inst=1,002,938/s  avg=1,000,161/s
  t=  7965.2s  rows=7,966,353,100  +14,913,252  inst=994,217/s  avg=1,000,149/s
  t=  7980.2s  rows=7,981,397,170  +15,044,070  inst=1,002,938/s  avg=1,000,155/s
  t=  7995.2s  rows=7,996,441,240  +15,044,070  inst=1,002,938/s  avg=1,000,160/s
  t=  8010.2s  rows=8,011,354,492  +14,913,252  inst=994,217/s  avg=1,000,149/s
  t=  8025.2s  rows=8,026,398,562  +15,044,070  inst=1,002,938/s  avg=1,000,154/s
  t=  8040.2s  rows=8,041,442,632  +15,044,070  inst=1,002,938/s  avg=1,000,159/s
  t=  8055.2s  rows=8,056,355,884  +14,913,252  inst=994,217/s  avg=1,000,148/s
  t=  8070.2s  rows=8,071,399,954  +15,044,070  inst=1,002,938/s  avg=1,000,153/s
  t=  8085.2s  rows=8,086,444,024  +15,044,070  inst=1,002,938/s  avg=1,000,158/s
  t=  8100.2s  rows=8,101,357,276  +14,913,252  inst=994,217/s  avg=1,000,147/s
  t=  8115.2s  rows=8,116,401,346  +15,044,070  inst=1,002,938/s  avg=1,000,152/s
  t=  8130.2s  rows=8,131,445,416  +15,044,070  inst=1,002,938/s  avg=1,000,158/s
  t=  8145.2s  rows=8,146,358,668  +14,913,252  inst=994,217/s  avg=1,000,147/s
  t=  8160.2s  rows=8,161,402,738  +15,044,070  inst=1,002,938/s  avg=1,000,152/s
  t=  8175.2s  rows=8,176,315,990  +14,913,252  inst=994,217/s  avg=1,000,141/s
  t=  8190.2s  rows=8,191,360,060  +15,044,070  inst=1,002,938/s  avg=1,000,146/s
  t=  8205.2s  rows=8,206,404,130  +15,044,070  inst=1,002,938/s  avg=1,000,151/s
  t=  8220.2s  rows=8,221,448,200  +15,044,070  inst=1,002,938/s  avg=1,000,156/s
  t=  8235.2s  rows=8,236,361,452  +14,913,252  inst=994,217/s  avg=1,000,145/s
  t=  8250.2s  rows=8,251,405,522  +15,044,070  inst=1,002,938/s  avg=1,000,150/s
  t=  8265.2s  rows=8,266,318,774  +14,913,252  inst=994,217/s  avg=1,000,139/s
  t=  8280.2s  rows=8,281,362,844  +15,044,070  inst=1,002,938/s  avg=1,000,145/s
  t=  8295.2s  rows=8,296,406,914  +15,044,070  inst=1,002,938/s  avg=1,000,150/s
  t=  8310.2s  rows=8,311,450,984  +15,044,070  inst=1,002,938/s  avg=1,000,155/s
  t=  8325.2s  rows=8,326,364,236  +14,913,252  inst=994,217/s  avg=1,000,144/s
  t=  8340.2s  rows=8,341,408,306  +15,044,070  inst=1,002,938/s  avg=1,000,149/s
  t=  8355.2s  rows=8,356,452,376  +15,044,070  inst=1,002,938/s  avg=1,000,154/s
  t=  8370.2s  rows=8,371,365,628  +14,913,252  inst=994,217/s  avg=1,000,143/s
  t=  8385.2s  rows=8,386,409,698  +15,044,070  inst=1,002,938/s  avg=1,000,148/s
  t=  8400.2s  rows=8,401,322,950  +14,913,252  inst=994,217/s  avg=1,000,138/s
  t=  8415.2s  rows=8,416,367,020  +15,044,070  inst=1,002,938/s  avg=1,000,143/s
  t=  8430.2s  rows=8,431,411,090  +15,044,070  inst=1,002,938/s  avg=1,000,148/s
  t=  8445.2s  rows=8,446,455,160  +15,044,070  inst=1,002,938/s  avg=1,000,152/s
  t=  8460.2s  rows=8,461,368,412  +14,913,252  inst=994,217/s  avg=1,000,142/s
  t=  8475.2s  rows=8,476,412,482  +15,044,070  inst=1,002,938/s  avg=1,000,147/s
  t=  8490.2s  rows=8,491,456,552  +15,044,070  inst=1,002,938/s  avg=1,000,152/s
  t=  8505.2s  rows=8,506,369,804  +14,913,252  inst=994,217/s  avg=1,000,141/s
  t=  8520.2s  rows=8,521,413,874  +15,044,070  inst=1,002,938/s  avg=1,000,146/s
  t=  8535.2s  rows=8,536,457,944  +15,044,070  inst=1,002,938/s  avg=1,000,151/s
  t=  8550.2s  rows=8,551,432,437  +14,974,493  inst=998,300/s  avg=1,000,148/s
  t=  8565.2s  rows=8,566,345,689  +14,913,252  inst=994,217/s  avg=1,000,137/s
  t=  8580.2s  rows=8,581,389,759  +15,044,070  inst=1,002,938/s  avg=1,000,142/s
  t=  8595.2s  rows=8,596,433,829  +15,044,070  inst=1,002,938/s  avg=1,000,147/s
  t=  8610.2s  rows=8,611,347,081  +14,913,252  inst=994,217/s  avg=1,000,137/s
  t=  8625.2s  rows=8,626,391,151  +15,044,070  inst=1,002,938/s  avg=1,000,142/s
  t=  8640.2s  rows=8,641,304,403  +14,913,252  inst=994,217/s  avg=1,000,131/s
  t=  8655.2s  rows=8,656,348,473  +15,044,070  inst=1,002,938/s  avg=1,000,136/s
  t=  8670.2s  rows=8,671,392,543  +15,044,070  inst=1,002,938/s  avg=1,000,141/s
  t=  8685.2s  rows=8,686,436,613  +15,044,070  inst=1,002,938/s  avg=1,000,146/s
  t=  8700.2s  rows=8,701,349,865  +14,913,252  inst=994,217/s  avg=1,000,136/s
  t=  8715.2s  rows=8,716,393,935  +15,044,070  inst=1,002,938/s  avg=1,000,140/s
  t=  8730.2s  rows=8,731,438,005  +15,044,070  inst=1,002,938/s  avg=1,000,145/s
  t=  8745.2s  rows=8,746,351,257  +14,913,252  inst=994,217/s  avg=1,000,135/s
  t=  8760.2s  rows=8,761,395,327  +15,044,070  inst=1,002,938/s  avg=1,000,140/s
  t=  8775.2s  rows=8,776,308,579  +14,913,252  inst=994,217/s  avg=1,000,130/s
  t=  8790.2s  rows=8,791,352,649  +15,044,070  inst=1,002,938/s  avg=1,000,134/s
  t=  8805.2s  rows=8,806,396,719  +15,044,070  inst=1,002,938/s  avg=1,000,139/s
  t=  8820.2s  rows=8,821,440,789  +15,044,070  inst=1,002,938/s  avg=1,000,144/s
  t=  8835.2s  rows=8,836,354,041  +14,913,252  inst=994,217/s  avg=1,000,134/s
  t=  8850.2s  rows=8,851,398,111  +15,044,070  inst=1,002,938/s  avg=1,000,139/s
  t=  8865.2s  rows=8,866,442,181  +15,044,070  inst=1,002,938/s  avg=1,000,143/s
  t=  8880.2s  rows=8,881,355,433  +14,913,252  inst=994,217/s  avg=1,000,133/s
  t=  8895.2s  rows=8,896,399,503  +15,044,070  inst=1,002,938/s  avg=1,000,138/s
  t=  8910.2s  rows=8,911,443,573  +15,044,070  inst=1,002,938/s  avg=1,000,143/s
  t=  8925.2s  rows=8,926,356,825  +14,913,252  inst=994,217/s  avg=1,000,133/s
  t=  8940.2s  rows=8,941,400,895  +15,044,070  inst=1,002,938/s  avg=1,000,137/s
  t=  8955.2s  rows=8,956,444,965  +15,044,070  inst=1,002,938/s  avg=1,000,142/s
  t=  8970.2s  rows=8,971,358,217  +14,913,252  inst=994,217/s  avg=1,000,132/s
  t=  8985.2s  rows=8,986,402,287  +15,044,070  inst=1,002,938/s  avg=1,000,137/s
  t=  9000.2s  rows=9,001,446,357  +15,044,070  inst=1,002,938/s  avg=1,000,141/s
  t=  9015.2s  rows=9,016,359,609  +14,913,252  inst=994,217/s  avg=1,000,132/s
  t=  9030.2s  rows=9,031,403,679  +15,044,070  inst=1,002,938/s  avg=1,000,136/s
  t=  9045.2s  rows=9,046,447,749  +15,044,070  inst=1,002,938/s  avg=1,000,141/s
  t=  9060.2s  rows=9,061,361,001  +14,913,252  inst=994,217/s  avg=1,000,131/s
  t=  9075.2s  rows=9,076,405,071  +15,044,070  inst=1,002,938/s  avg=1,000,136/s
  t=  9090.2s  rows=9,091,449,141  +15,044,070  inst=1,002,938/s  avg=1,000,140/s
  t=  9105.2s  rows=9,106,362,393  +14,913,252  inst=994,217/s  avg=1,000,131/s
  t=  9120.2s  rows=9,121,406,463  +15,044,070  inst=1,002,938/s  avg=1,000,135/s
  t=  9135.2s  rows=9,136,450,533  +15,044,070  inst=1,002,938/s  avg=1,000,140/s
  t=  9150.2s  rows=9,151,363,785  +14,913,252  inst=994,217/s  avg=1,000,130/s
  t=  9165.2s  rows=9,166,407,855  +15,044,070  inst=1,002,938/s  avg=1,000,135/s
  t=  9180.2s  rows=9,181,321,107  +14,913,252  inst=994,217/s  avg=1,000,125/s
  t=  9195.2s  rows=9,196,365,177  +15,044,070  inst=1,002,938/s  avg=1,000,129/s
  t=  9210.2s  rows=9,211,409,247  +15,044,070  inst=1,002,938/s  avg=1,000,134/s
  t=  9225.2s  rows=9,226,453,317  +15,044,070  inst=1,002,938/s  avg=1,000,139/s
  t=  9240.2s  rows=9,241,366,569  +14,913,252  inst=994,217/s  avg=1,000,129/s
  t=  9255.2s  rows=9,256,410,639  +15,044,070  inst=1,002,938/s  avg=1,000,133/s
  t=  9270.2s  rows=9,271,351,149  +14,940,510  inst=996,034/s  avg=1,000,127/s
  t=  9285.2s  rows=9,286,395,219  +15,044,070  inst=1,002,938/s  avg=1,000,131/s
  t=  9300.2s  rows=9,301,439,289  +15,044,070  inst=1,002,938/s  avg=1,000,136/s
  t=  9315.2s  rows=9,316,352,541  +14,913,252  inst=994,217/s  avg=1,000,126/s
  t=  9330.2s  rows=9,331,396,611  +15,044,070  inst=1,002,938/s  avg=1,000,131/s
  t=  9345.2s  rows=9,346,440,681  +15,044,070  inst=1,002,938/s  avg=1,000,135/s
  t=  9360.2s  rows=9,361,353,933  +14,913,252  inst=994,217/s  avg=1,000,126/s
  t=  9375.2s  rows=9,376,398,003  +15,044,070  inst=1,002,938/s  avg=1,000,130/s
  t=  9390.2s  rows=9,391,442,073  +15,044,070  inst=1,002,938/s  avg=1,000,135/s
  t=  9405.2s  rows=9,406,355,325  +14,913,252  inst=994,217/s  avg=1,000,125/s
  t=  9420.2s  rows=9,421,399,395  +15,044,070  inst=1,002,938/s  avg=1,000,130/s
  t=  9435.2s  rows=9,436,443,465  +15,044,070  inst=1,002,938/s  avg=1,000,134/s
  t=  9450.2s  rows=9,451,356,717  +14,913,252  inst=994,217/s  avg=1,000,125/s
  t=  9465.2s  rows=9,466,400,787  +15,044,070  inst=1,002,938/s  avg=1,000,129/s
  t=  9480.2s  rows=9,481,444,857  +15,044,070  inst=1,002,938/s  avg=1,000,134/s
  t=  9495.2s  rows=9,496,358,109  +14,913,252  inst=994,217/s  avg=1,000,124/s
  t=  9510.2s  rows=9,511,402,179  +15,044,070  inst=1,002,938/s  avg=1,000,129/s
  t=  9525.2s  rows=9,526,446,249  +15,044,070  inst=1,002,938/s  avg=1,000,133/s
  t=  9540.2s  rows=9,541,359,501  +14,913,252  inst=994,217/s  avg=1,000,124/s
  t=  9555.2s  rows=9,556,403,571  +15,044,070  inst=1,002,938/s  avg=1,000,128/s
  t=  9570.2s  rows=9,571,316,823  +14,913,252  inst=994,217/s  avg=1,000,119/s
  t=  9585.2s  rows=9,586,360,893  +15,044,070  inst=1,002,938/s  avg=1,000,123/s
  t=  9600.2s  rows=9,601,404,963  +15,044,070  inst=1,002,938/s  avg=1,000,128/s
  t=  9615.2s  rows=9,616,318,215  +14,913,252  inst=994,217/s  avg=1,000,118/s
  t=  9630.2s  rows=9,631,362,285  +15,044,070  inst=1,002,938/s  avg=1,000,123/s
  t=  9645.2s  rows=9,646,406,355  +15,044,070  inst=1,002,938/s  avg=1,000,127/s
  t=  9660.2s  rows=9,661,450,425  +15,044,070  inst=1,002,938/s  avg=1,000,132/s
  t=  9675.2s  rows=9,676,363,677  +14,913,252  inst=994,217/s  avg=1,000,122/s
  t=  9690.2s  rows=9,691,407,747  +15,044,070  inst=1,002,938/s  avg=1,000,127/s
  t=  9705.2s  rows=9,706,451,817  +15,044,070  inst=1,002,938/s  avg=1,000,131/s
  t=  9720.2s  rows=9,721,365,069  +14,913,252  inst=994,217/s  avg=1,000,122/s
  t=  9735.2s  rows=9,736,409,139  +15,044,070  inst=1,002,938/s  avg=1,000,126/s
  t=  9750.2s  rows=9,751,453,209  +15,044,070  inst=1,002,938/s  avg=1,000,131/s
  t=  9765.2s  rows=9,766,366,461  +14,913,252  inst=994,217/s  avg=1,000,121/s
  t=  9780.2s  rows=9,781,410,531  +15,044,070  inst=1,002,938/s  avg=1,000,126/s
  t=  9795.2s  rows=9,796,454,601  +15,044,070  inst=1,002,938/s  avg=1,000,130/s
  t=  9810.2s  rows=9,811,367,853  +14,913,252  inst=994,217/s  avg=1,000,121/s
  t=  9825.2s  rows=9,826,411,923  +15,044,070  inst=1,002,938/s  avg=1,000,125/s
  t=  9840.2s  rows=9,841,325,175  +14,913,252  inst=994,217/s  avg=1,000,116/s
  t=  9855.2s  rows=9,856,369,245  +15,044,070  inst=1,002,938/s  avg=1,000,121/s
  t=  9870.2s  rows=9,871,413,315  +15,044,070  inst=1,002,938/s  avg=1,000,125/s
  t=  9885.2s  rows=9,886,457,385  +15,044,070  inst=1,002,938/s  avg=1,000,129/s
  t=  9900.2s  rows=9,901,370,637  +14,913,252  inst=994,217/s  avg=1,000,120/s
  t=  9915.2s  rows=9,916,414,707  +15,044,070  inst=1,002,938/s  avg=1,000,124/s
  t=  9930.2s  rows=9,931,458,777  +15,044,070  inst=1,002,938/s  avg=1,000,129/s
  t=  9945.2s  rows=9,946,372,029  +14,913,252  inst=994,217/s  avg=1,000,120/s
  t=  9960.2s  rows=9,961,416,099  +15,044,070  inst=1,002,938/s  avg=1,000,124/s
  t=  9975.2s  rows=9,976,460,169  +15,044,070  inst=1,002,938/s  avg=1,000,128/s
  t=  9990.2s  rows=9,991,373,421  +14,913,252  inst=994,217/s  avg=1,000,119/s
  t= 10005.2s  rows=10,006,417,491  +15,044,070  inst=1,002,938/s  avg=1,000,123/s
  t= 10020.2s  rows=10,021,330,743  +14,913,252  inst=994,217/s  avg=1,000,115/s
  t= 10035.2s  rows=10,036,374,813  +15,044,070  inst=1,002,938/s  avg=1,000,119/s
  t= 10050.2s  rows=10,051,418,883  +15,044,070  inst=1,002,938/s  avg=1,000,123/s
  t= 10065.2s  rows=10,066,396,912  +14,978,029  inst=998,535/s  avg=1,000,121/s
  t= 10080.2s  rows=10,081,310,164  +14,913,252  inst=994,217/s  avg=1,000,112/s
  t= 10095.2s  rows=10,096,354,234  +15,044,070  inst=1,002,938/s  avg=1,000,116/s
  t= 10110.2s  rows=10,111,398,304  +15,044,070  inst=1,002,938/s  avg=1,000,120/s
  t= 10125.2s  rows=10,126,442,374  +15,044,070  inst=1,002,938/s  avg=1,000,124/s
  t= 10140.2s  rows=10,141,355,626  +14,913,252  inst=994,217/s  avg=1,000,116/s
  t= 10155.2s  rows=10,156,399,696  +15,044,070  inst=1,002,938/s  avg=1,000,120/s
  t= 10170.2s  rows=10,171,443,766  +15,044,070  inst=1,002,938/s  avg=1,000,124/s
  t= 10185.2s  rows=10,186,357,018  +14,913,252  inst=994,217/s  avg=1,000,115/s
  t= 10200.2s  rows=10,201,401,088  +15,044,070  inst=1,002,938/s  avg=1,000,119/s
  t= 10215.2s  rows=10,216,314,340  +14,913,252  inst=994,217/s  avg=1,000,111/s
  t= 10230.2s  rows=10,231,358,410  +15,044,070  inst=1,002,938/s  avg=1,000,115/s
  t= 10245.2s  rows=10,246,402,480  +15,044,070  inst=1,002,938/s  avg=1,000,119/s
  t= 10260.2s  rows=10,261,446,550  +15,044,070  inst=1,002,938/s  avg=1,000,123/s
  t= 10275.2s  rows=10,276,359,802  +14,913,252  inst=994,217/s  avg=1,000,114/s
  t= 10290.2s  rows=10,291,403,872  +15,044,070  inst=1,002,938/s  avg=1,000,118/s
  t= 10305.2s  rows=10,306,447,942  +15,044,070  inst=1,002,938/s  avg=1,000,122/s
  t= 10320.2s  rows=10,321,361,194  +14,913,252  inst=994,217/s  avg=1,000,114/s
  t= 10335.2s  rows=10,336,405,264  +15,044,070  inst=1,002,938/s  avg=1,000,118/s
  t= 10350.2s  rows=10,351,449,334  +15,044,070  inst=1,002,938/s  avg=1,000,122/s
  t= 10365.2s  rows=10,366,362,586  +14,913,252  inst=994,217/s  avg=1,000,113/s
  t= 10380.2s  rows=10,381,406,656  +15,044,070  inst=1,002,938/s  avg=1,000,118/s
  t= 10395.2s  rows=10,396,450,726  +15,044,070  inst=1,002,938/s  avg=1,000,122/s
  t= 10410.2s  rows=10,411,363,978  +14,913,252  inst=994,217/s  avg=1,000,113/s
  t= 10425.2s  rows=10,426,408,048  +15,044,070  inst=1,002,938/s  avg=1,000,117/s
  t= 10440.2s  rows=10,441,452,118  +15,044,070  inst=1,002,938/s  avg=1,000,121/s
  t= 10455.2s  rows=10,456,365,370  +14,913,252  inst=994,217/s  avg=1,000,113/s
  t= 10470.2s  rows=10,471,409,440  +15,044,070  inst=1,002,938/s  avg=1,000,117/s
  t= 10485.2s  rows=10,486,453,510  +15,044,070  inst=1,002,938/s  avg=1,000,121/s
  t= 10500.2s  rows=10,501,366,762  +14,913,252  inst=994,217/s  avg=1,000,112/s
  t= 10515.2s  rows=10,516,410,832  +15,044,070  inst=1,002,938/s  avg=1,000,116/s
  t= 10530.2s  rows=10,531,454,902  +15,044,070  inst=1,002,938/s  avg=1,000,120/s
  t= 10545.2s  rows=10,546,368,154  +14,913,252  inst=994,217/s  avg=1,000,112/s
  t= 10560.2s  rows=10,561,412,224  +15,044,070  inst=1,002,938/s  avg=1,000,116/s
  t= 10575.2s  rows=10,576,456,294  +15,044,070  inst=1,002,938/s  avg=1,000,120/s
  t= 10590.2s  rows=10,591,369,546  +14,913,252  inst=994,217/s  avg=1,000,111/s
  t= 10605.2s  rows=10,606,413,616  +15,044,070  inst=1,002,938/s  avg=1,000,115/s
  t= 10620.2s  rows=10,621,457,686  +15,044,070  inst=1,002,938/s  avg=1,000,119/s
  t= 10635.2s  rows=10,636,370,938  +14,913,252  inst=994,217/s  avg=1,000,111/s
  t= 10650.2s  rows=10,651,415,008  +15,044,070  inst=1,002,938/s  avg=1,000,115/s
  t= 10665.2s  rows=10,666,328,260  +14,913,252  inst=994,217/s  avg=1,000,107/s
  t= 10680.2s  rows=10,681,372,330  +15,044,070  inst=1,002,938/s  avg=1,000,111/s
  t= 10695.2s  rows=10,696,416,400  +15,044,070  inst=1,002,938/s  avg=1,000,115/s
  t= 10710.2s  rows=10,711,460,470  +15,044,070  inst=1,002,938/s  avg=1,000,119/s
  t= 10725.2s  rows=10,726,373,722  +14,913,252  inst=994,217/s  avg=1,000,110/s
  t= 10740.2s  rows=10,741,417,792  +15,044,070  inst=1,002,938/s  avg=1,000,114/s
  t= 10755.2s  rows=10,756,461,862  +15,044,070  inst=1,002,938/s  avg=1,000,118/s
  t= 10770.2s  rows=10,771,375,114  +14,913,252  inst=994,217/s  avg=1,000,110/s
  t= 10785.2s  rows=10,786,354,896  +14,979,782  inst=998,652/s  avg=1,000,108/s
  t= 10800.2s  rows=10,801,398,966  +15,044,070  inst=1,002,938/s  avg=1,000,112/s
  t= 10815.2s  rows=10,816,312,218  +14,913,252  inst=994,217/s  avg=1,000,104/s
  t= 10830.2s  rows=10,831,356,288  +15,044,070  inst=1,002,938/s  avg=1,000,108/s
  t= 10845.2s  rows=10,846,400,358  +15,044,070  inst=1,002,938/s  avg=1,000,111/s
  t= 10860.2s  rows=10,861,444,428  +15,044,070  inst=1,002,938/s  avg=1,000,115/s
  t= 10875.2s  rows=10,876,357,680  +14,913,252  inst=994,217/s  avg=1,000,107/s
  t= 10890.2s  rows=10,891,401,750  +15,044,070  inst=1,002,938/s  avg=1,000,111/s
  t= 10905.2s  rows=10,906,445,820  +15,044,070  inst=1,002,938/s  avg=1,000,115/s
  t= 10920.2s  rows=10,921,489,890  +15,044,070  inst=1,002,938/s  avg=1,000,119/s
  t= 10935.2s  rows=10,936,272,324  +14,782,434  inst=985,496/s  avg=1,000,099/s
  t= 10950.2s  rows=10,951,316,394  +15,044,070  inst=1,002,938/s  avg=1,000,103/s
  t= 10965.2s  rows=10,966,360,464  +15,044,070  inst=1,002,938/s  avg=1,000,107/s
  t= 10980.2s  rows=10,981,404,534  +15,044,070  inst=1,002,938/s  avg=1,000,110/s
  t= 10995.2s  rows=10,996,448,604  +15,044,070  inst=1,002,938/s  avg=1,000,114/s
  t= 11010.2s  rows=11,011,361,856  +14,913,252  inst=994,217/s  avg=1,000,106/s
  t= 11025.2s  rows=11,026,405,926  +15,044,070  inst=1,002,938/s  avg=1,000,110/s
  t= 11040.2s  rows=11,041,449,996  +15,044,070  inst=1,002,938/s  avg=1,000,114/s
  t= 11055.2s  rows=11,056,363,248  +14,913,252  inst=994,217/s  avg=1,000,106/s
  t= 11070.2s  rows=11,071,407,318  +15,044,070  inst=1,002,938/s  avg=1,000,110/s
  t= 11085.2s  rows=11,086,451,388  +15,044,070  inst=1,002,938/s  avg=1,000,113/s
  t= 11100.2s  rows=11,101,364,640  +14,913,252  inst=994,217/s  avg=1,000,105/s
  t= 11115.2s  rows=11,116,408,710  +15,044,070  inst=1,002,938/s  avg=1,000,109/s
  t= 11130.2s  rows=11,131,452,780  +15,044,070  inst=1,002,938/s  avg=1,000,113/s
  t= 11145.2s  rows=11,146,366,032  +14,913,252  inst=994,217/s  avg=1,000,105/s
  t= 11160.2s  rows=11,161,410,102  +15,044,070  inst=1,002,938/s  avg=1,000,109/s
  t= 11175.2s  rows=11,176,454,172  +15,044,070  inst=1,002,938/s  avg=1,000,113/s
  t= 11190.2s  rows=11,191,367,424  +14,913,252  inst=994,217/s  avg=1,000,105/s
  t= 11205.2s  rows=11,206,411,494  +15,044,070  inst=1,002,938/s  avg=1,000,109/s
  t= 11220.2s  rows=11,221,455,564  +15,044,070  inst=1,002,938/s  avg=1,000,112/s
  t= 11235.2s  rows=11,236,368,816  +14,913,252  inst=994,217/s  avg=1,000,104/s
  t= 11250.2s  rows=11,251,412,886  +15,044,070  inst=1,002,938/s  avg=1,000,108/s
  t= 11265.2s  rows=11,266,456,956  +15,044,070  inst=1,002,938/s  avg=1,000,112/s
  t= 11280.2s  rows=11,281,370,208  +14,913,252  inst=994,217/s  avg=1,000,104/s
  t= 11295.2s  rows=11,296,414,278  +15,044,070  inst=1,002,938/s  avg=1,000,108/s
  t= 11310.2s  rows=11,311,458,348  +15,044,070  inst=1,002,938/s  avg=1,000,112/s
  t= 11325.2s  rows=11,326,371,600  +14,913,252  inst=994,217/s  avg=1,000,104/s
  t= 11340.2s  rows=11,341,415,670  +15,044,070  inst=1,002,938/s  avg=1,000,108/s
  t= 11355.2s  rows=11,356,459,740  +15,044,070  inst=1,002,938/s  avg=1,000,111/s
  t= 11370.2s  rows=11,371,372,992  +14,913,252  inst=994,217/s  avg=1,000,103/s
  t= 11385.2s  rows=11,386,417,062  +15,044,070  inst=1,002,938/s  avg=1,000,107/s
  t= 11400.2s  rows=11,401,461,132  +15,044,070  inst=1,002,938/s  avg=1,000,111/s
  t= 11415.2s  rows=11,416,374,384  +14,913,252  inst=994,217/s  avg=1,000,103/s
  t= 11430.2s  rows=11,431,418,454  +15,044,070  inst=1,002,938/s  avg=1,000,107/s
  t= 11445.2s  rows=11,446,462,524  +15,044,070  inst=1,002,938/s  avg=1,000,111/s
  t= 11460.2s  rows=11,461,375,776  +14,913,252  inst=994,217/s  avg=1,000,103/s
  t= 11475.2s  rows=11,476,419,846  +15,044,070  inst=1,002,938/s  avg=1,000,107/s
  t= 11490.2s  rows=11,491,463,916  +15,044,070  inst=1,002,938/s  avg=1,000,110/s
  t= 11505.2s  rows=11,506,377,168  +14,913,252  inst=994,217/s  avg=1,000,103/s
  t= 11520.2s  rows=11,521,421,238  +15,044,070  inst=1,002,938/s  avg=1,000,106/s
  t= 11535.2s  rows=11,536,334,490  +14,913,252  inst=994,217/s  avg=1,000,099/s
  t= 11550.2s  rows=11,551,426,355  +15,091,865  inst=1,006,124/s  avg=1,000,106/s
  t= 11565.2s  rows=11,566,470,425  +15,044,070  inst=1,002,938/s  avg=1,000,110/s
  t= 11580.2s  rows=11,581,383,677  +14,913,252  inst=994,217/s  avg=1,000,102/s
  t= 11595.2s  rows=11,596,427,747  +15,044,070  inst=1,002,938/s  avg=1,000,106/s
  t= 11610.2s  rows=11,611,471,817  +15,044,070  inst=1,002,938/s  avg=1,000,110/s
  t= 11625.2s  rows=11,626,385,069  +14,913,252  inst=994,217/s  avg=1,000,102/s
  t= 11640.2s  rows=11,641,429,139  +15,044,070  inst=1,002,938/s  avg=1,000,106/s
  t= 11655.2s  rows=11,656,473,209  +15,044,070  inst=1,002,938/s  avg=1,000,109/s
  t= 11670.2s  rows=11,671,386,461  +14,913,252  inst=994,217/s  avg=1,000,102/s
  t= 11685.2s  rows=11,686,430,531  +15,044,070  inst=1,002,938/s  avg=1,000,105/s
  t= 11700.2s  rows=11,701,474,601  +15,044,070  inst=1,002,938/s  avg=1,000,109/s
  t= 11715.2s  rows=11,716,387,853  +14,913,252  inst=994,217/s  avg=1,000,101/s
  t= 11730.2s  rows=11,731,431,923  +15,044,070  inst=1,002,938/s  avg=1,000,105/s
  t= 11745.2s  rows=11,746,345,175  +14,913,252  inst=994,217/s  avg=1,000,097/s
  t= 11760.2s  rows=11,761,389,245  +15,044,070  inst=1,002,938/s  avg=1,000,101/s
  t= 11775.2s  rows=11,776,433,315  +15,044,070  inst=1,002,938/s  avg=1,000,105/s
  t= 11790.2s  rows=11,791,346,567  +14,913,252  inst=994,217/s  avg=1,000,097/s
  t= 11805.2s  rows=11,806,390,637  +15,044,070  inst=1,002,938/s  avg=1,000,101/s
  t= 11820.2s  rows=11,821,434,707  +15,044,070  inst=1,002,938/s  avg=1,000,104/s
  t= 11835.2s  rows=11,836,478,777  +15,044,070  inst=1,002,938/s  avg=1,000,108/s
  t= 11850.2s  rows=11,851,392,029  +14,913,252  inst=994,217/s  avg=1,000,100/s
  t= 11865.2s  rows=11,866,436,099  +15,044,070  inst=1,002,938/s  avg=1,000,104/s
  t= 11880.2s  rows=11,881,349,351  +14,913,252  inst=994,217/s  avg=1,000,097/s
  t= 11895.2s  rows=11,896,393,421  +15,044,070  inst=1,002,938/s  avg=1,000,100/s
  t= 11910.2s  rows=11,911,437,491  +15,044,070  inst=1,002,938/s  avg=1,000,104/s
  t= 11925.2s  rows=11,926,481,561  +15,044,070  inst=1,002,938/s  avg=1,000,107/s
  t= 11940.2s  rows=11,941,394,813  +14,913,252  inst=994,217/s  avg=1,000,100/s
  t= 11955.2s  rows=11,956,438,883  +15,044,070  inst=1,002,938/s  avg=1,000,103/s
  t= 11970.2s  rows=11,971,482,953  +15,044,070  inst=1,002,938/s  avg=1,000,107/s
  t= 11985.2s  rows=11,986,396,205  +14,913,252  inst=994,217/s  avg=1,000,100/s
  t= 12000.2s  rows=12,001,440,275  +15,044,070  inst=1,002,938/s  avg=1,000,103/s
  t= 12015.2s  rows=12,016,484,345  +15,044,070  inst=1,002,938/s  avg=1,000,107/s
  t= 12030.2s  rows=12,031,397,597  +14,913,252  inst=994,217/s  avg=1,000,099/s
  t= 12045.2s  rows=12,046,441,667  +15,044,070  inst=1,002,938/s  avg=1,000,103/s
  t= 12060.2s  rows=12,061,485,737  +15,044,070  inst=1,002,938/s  avg=1,000,106/s
  t= 12075.2s  rows=12,076,398,989  +14,913,252  inst=994,217/s  avg=1,000,099/s
  t= 12090.2s  rows=12,091,443,059  +15,044,070  inst=1,002,938/s  avg=1,000,103/s
  t= 12105.2s  rows=12,106,356,311  +14,913,252  inst=994,217/s  avg=1,000,095/s
  t= 12120.2s  rows=12,121,400,381  +15,044,070  inst=1,002,938/s  avg=1,000,099/s
  t= 12135.2s  rows=12,136,444,451  +15,044,070  inst=1,002,938/s  avg=1,000,102/s
  t= 12150.2s  rows=12,151,357,703  +14,913,252  inst=994,217/s  avg=1,000,095/s
  t= 12165.2s  rows=12,166,401,773  +15,044,070  inst=1,002,938/s  avg=1,000,098/s
  t= 12180.2s  rows=12,181,445,843  +15,044,070  inst=1,002,938/s  avg=1,000,102/s
  t= 12195.2s  rows=12,196,359,095  +14,913,252  inst=994,217/s  avg=1,000,095/s
  t= 12210.2s  rows=12,211,403,165  +15,044,070  inst=1,002,938/s  avg=1,000,098/s
  t= 12225.2s  rows=12,226,447,235  +15,044,070  inst=1,002,938/s  avg=1,000,102/s
  t= 12240.2s  rows=12,241,491,305  +15,044,070  inst=1,002,938/s  avg=1,000,105/s
  t= 12255.2s  rows=12,256,404,557  +14,913,252  inst=994,217/s  avg=1,000,098/s
  t= 12270.2s  rows=12,271,448,627  +15,044,070  inst=1,002,938/s  avg=1,000,101/s
  t= 12285.2s  rows=12,286,361,879  +14,913,252  inst=994,217/s  avg=1,000,094/s
  t= 12300.2s  rows=12,301,361,350  +14,999,471  inst=999,965/s  avg=1,000,094/s
  t= 12315.2s  rows=12,316,405,420  +15,044,070  inst=1,002,938/s  avg=1,000,097/s
  t= 12330.2s  rows=12,331,449,490  +15,044,070  inst=1,002,938/s  avg=1,000,101/s
  t= 12345.2s  rows=12,346,362,742  +14,913,252  inst=994,217/s  avg=1,000,094/s
  t= 12360.2s  rows=12,361,406,812  +15,044,070  inst=1,002,938/s  avg=1,000,097/s
  t= 12375.2s  rows=12,376,450,882  +15,044,070  inst=1,002,938/s  avg=1,000,101/s
  t= 12390.2s  rows=12,391,494,952  +15,044,070  inst=1,002,938/s  avg=1,000,104/s
  t= 12405.2s  rows=12,406,408,204  +14,913,252  inst=994,217/s  avg=1,000,097/s
  t= 12420.2s  rows=12,421,452,274  +15,044,070  inst=1,002,938/s  avg=1,000,100/s
  t= 12435.2s  rows=12,436,365,526  +14,913,252  inst=994,217/s  avg=1,000,093/s
  t= 12450.2s  rows=12,451,409,596  +15,044,070  inst=1,002,938/s  avg=1,000,097/s
  t= 12465.2s  rows=12,466,453,666  +15,044,070  inst=1,002,938/s  avg=1,000,100/s
  t= 12480.2s  rows=12,481,497,736  +15,044,070  inst=1,002,938/s  avg=1,000,103/s
  t= 12495.2s  rows=12,496,410,988  +14,913,252  inst=994,217/s  avg=1,000,096/s
  t= 12510.2s  rows=12,511,455,058  +15,044,070  inst=1,002,938/s  avg=1,000,100/s
  t= 12525.2s  rows=12,526,499,128  +15,044,070  inst=1,002,938/s  avg=1,000,103/s
  t= 12540.2s  rows=12,541,412,380  +14,913,252  inst=994,217/s  avg=1,000,096/s
  t= 12555.2s  rows=12,556,456,450  +15,044,070  inst=1,002,938/s  avg=1,000,099/s
  t= 12570.2s  rows=12,571,369,702  +14,913,252  inst=994,217/s  avg=1,000,092/s
  t= 12585.2s  rows=12,586,413,772  +15,044,070  inst=1,002,938/s  avg=1,000,096/s
  t= 12600.2s  rows=12,601,457,842  +15,044,070  inst=1,002,938/s  avg=1,000,099/s
  t= 12615.2s  rows=12,616,371,094  +14,913,252  inst=994,217/s  avg=1,000,092/s
  t= 12630.2s  rows=12,631,284,346  +14,913,252  inst=994,217/s  avg=1,000,085/s
  t= 12645.2s  rows=12,646,459,234  +15,174,888  inst=1,011,659/s  avg=1,000,099/s
  t= 12660.2s  rows=12,661,503,304  +15,044,070  inst=1,002,938/s  avg=1,000,102/s
  t= 12675.2s  rows=12,676,416,556  +14,913,252  inst=994,217/s  avg=1,000,095/s
  t= 12690.2s  rows=12,691,460,626  +15,044,070  inst=1,002,938/s  avg=1,000,099/s
  t= 12705.2s  rows=12,706,373,878  +14,913,252  inst=994,217/s  avg=1,000,092/s
  t= 12720.2s  rows=12,721,417,948  +15,044,070  inst=1,002,938/s  avg=1,000,095/s
  t= 12735.2s  rows=12,736,462,018  +15,044,070  inst=1,002,938/s  avg=1,000,098/s
  t= 12750.2s  rows=12,751,375,270  +14,913,252  inst=994,217/s  avg=1,000,091/s
  t= 12765.2s  rows=12,766,419,340  +15,044,070  inst=1,002,938/s  avg=1,000,095/s
  t= 12780.2s  rows=12,781,463,410  +15,044,070  inst=1,002,938/s  avg=1,000,098/s
  t= 12795.2s  rows=12,796,376,662  +14,913,252  inst=994,217/s  avg=1,000,091/s
  t= 12810.2s  rows=12,811,420,732  +15,044,070  inst=1,002,938/s  avg=1,000,094/s
  t= 12825.2s  rows=12,826,333,984  +14,913,252  inst=994,217/s  avg=1,000,087/s
  t= 12840.2s  rows=12,841,378,054  +15,044,070  inst=1,002,938/s  avg=1,000,091/s
  t= 12855.2s  rows=12,856,422,124  +15,044,070  inst=1,002,938/s  avg=1,000,094/s
  t= 12870.2s  rows=12,871,466,194  +15,044,070  inst=1,002,938/s  avg=1,000,097/s
  t= 12885.2s  rows=12,886,379,446  +14,913,252  inst=994,217/s  avg=1,000,091/s
  t= 12900.2s  rows=12,901,423,516  +15,044,070  inst=1,002,938/s  avg=1,000,094/s
  t= 12915.2s  rows=12,916,467,586  +15,044,070  inst=1,002,938/s  avg=1,000,097/s
  t= 12930.2s  rows=12,931,380,838  +14,913,252  inst=994,217/s  avg=1,000,090/s
  t= 12945.2s  rows=12,946,424,908  +15,044,070  inst=1,002,938/s  avg=1,000,094/s
  t= 12960.2s  rows=12,961,468,978  +15,044,070  inst=1,002,938/s  avg=1,000,097/s
  t= 12975.2s  rows=12,976,382,230  +14,913,252  inst=994,217/s  avg=1,000,090/s
  t= 12990.2s  rows=12,991,426,300  +15,044,070  inst=1,002,938/s  avg=1,000,093/s
  t= 13005.2s  rows=13,006,470,370  +15,044,070  inst=1,002,938/s  avg=1,000,097/s
  t= 13020.2s  rows=13,021,383,622  +14,913,252  inst=994,217/s  avg=1,000,090/s
  t= 13035.2s  rows=13,036,394,348  +15,010,726  inst=1,000,715/s  avg=1,000,091/s
  t= 13050.2s  rows=13,051,438,418  +15,044,070  inst=1,002,938/s  avg=1,000,094/s
  t= 13065.2s  rows=13,066,482,488  +15,044,070  inst=1,002,938/s  avg=1,000,097/s
  t= 13080.2s  rows=13,081,395,740  +14,913,252  inst=994,217/s  avg=1,000,090/s
  t= 13095.2s  rows=13,096,439,810  +15,044,070  inst=1,002,938/s  avg=1,000,094/s
  t= 13110.2s  rows=13,111,483,880  +15,044,070  inst=1,002,938/s  avg=1,000,097/s
  t= 13125.2s  rows=13,126,397,132  +14,913,252  inst=994,217/s  avg=1,000,090/s
  t= 13140.2s  rows=13,141,441,202  +15,044,070  inst=1,002,938/s  avg=1,000,093/s
  t= 13155.2s  rows=13,156,485,272  +15,044,070  inst=1,002,938/s  avg=1,000,097/s
  t= 13170.2s  rows=13,171,398,524  +14,913,252  inst=994,217/s  avg=1,000,090/s
  t= 13185.2s  rows=13,186,442,594  +15,044,070  inst=1,002,938/s  avg=1,000,093/s
  t= 13200.2s  rows=13,201,486,664  +15,044,070  inst=1,002,938/s  avg=1,000,096/s
  t= 13215.2s  rows=13,216,399,916  +14,913,252  inst=994,217/s  avg=1,000,090/s
  t= 13230.2s  rows=13,231,443,986  +15,044,070  inst=1,002,938/s  avg=1,000,093/s
  t= 13245.2s  rows=13,246,488,056  +15,044,070  inst=1,002,938/s  avg=1,000,096/s
  t= 13260.2s  rows=13,261,401,308  +14,913,252  inst=994,217/s  avg=1,000,089/s
  t= 13275.2s  rows=13,276,445,378  +15,044,070  inst=1,002,938/s  avg=1,000,093/s
  t= 13290.2s  rows=13,291,489,448  +15,044,070  inst=1,002,938/s  avg=1,000,096/s
  t= 13305.2s  rows=13,306,402,700  +14,913,252  inst=994,217/s  avg=1,000,089/s
  t= 13320.2s  rows=13,321,446,770  +15,044,070  inst=1,002,938/s  avg=1,000,092/s
  t= 13335.2s  rows=13,336,490,840  +15,044,070  inst=1,002,938/s  avg=1,000,096/s
  t= 13350.2s  rows=13,351,404,092  +14,913,252  inst=994,217/s  avg=1,000,089/s
  t= 13365.2s  rows=13,366,448,162  +15,044,070  inst=1,002,938/s  avg=1,000,092/s
  t= 13380.2s  rows=13,381,361,414  +14,913,252  inst=994,217/s  avg=1,000,086/s
  t= 13395.2s  rows=13,396,405,484  +15,044,070  inst=1,002,938/s  avg=1,000,089/s
  t= 13410.2s  rows=13,411,449,554  +15,044,070  inst=1,002,938/s  avg=1,000,092/s
  t= 13425.2s  rows=13,426,493,624  +15,044,070  inst=1,002,938/s  avg=1,000,095/s
  t= 13440.2s  rows=13,441,406,876  +14,913,252  inst=994,217/s  avg=1,000,088/s
  t= 13455.2s  rows=13,456,450,946  +15,044,070  inst=1,002,938/s  avg=1,000,092/s
  t= 13470.2s  rows=13,471,364,198  +14,913,252  inst=994,217/s  avg=1,000,085/s
  t= 13485.2s  rows=13,486,408,268  +15,044,070  inst=1,002,938/s  avg=1,000,088/s
  t= 13500.2s  rows=13,501,452,338  +15,044,070  inst=1,002,938/s  avg=1,000,091/s
  t= 13515.2s  rows=13,516,365,590  +14,913,252  inst=994,217/s  avg=1,000,085/s
  t= 13530.2s  rows=13,531,409,660  +15,044,070  inst=1,002,938/s  avg=1,000,088/s
  t= 13545.2s  rows=13,546,453,730  +15,044,070  inst=1,002,938/s  avg=1,000,091/s
  t= 13560.2s  rows=13,561,497,800  +15,044,070  inst=1,002,938/s  avg=1,000,094/s
  t= 13575.2s  rows=13,576,411,052  +14,913,252  inst=994,217/s  avg=1,000,088/s
  t= 13590.2s  rows=13,591,455,122  +15,044,070  inst=1,002,938/s  avg=1,000,091/s
  t= 13605.2s  rows=13,606,499,192  +15,044,070  inst=1,002,938/s  avg=1,000,094/s
  t= 13620.2s  rows=13,621,412,444  +14,913,252  inst=994,217/s  avg=1,000,088/s
  t= 13635.2s  rows=13,636,456,514  +15,044,070  inst=1,002,938/s  avg=1,000,091/s
  t= 13650.2s  rows=13,651,500,584  +15,044,070  inst=1,002,938/s  avg=1,000,094/s
  t= 13665.2s  rows=13,666,413,836  +14,913,252  inst=994,217/s  avg=1,000,087/s
  t= 13680.2s  rows=13,681,457,906  +15,044,070  inst=1,002,938/s  avg=1,000,090/s
  t= 13695.2s  rows=13,696,371,158  +14,913,252  inst=994,217/s  avg=1,000,084/s
  t= 13710.2s  rows=13,711,415,228  +15,044,070  inst=1,002,938/s  avg=1,000,087/s
  t= 13725.2s  rows=13,726,459,298  +15,044,070  inst=1,002,938/s  avg=1,000,090/s
  t= 13740.2s  rows=13,741,481,423  +15,022,125  inst=1,001,475/s  avg=1,000,092/s
  t= 13755.2s  rows=13,756,525,493  +15,044,070  inst=1,002,938/s  avg=1,000,095/s
  t= 13770.2s  rows=13,771,438,745  +14,913,252  inst=994,217/s  avg=1,000,088/s
  t= 13785.2s  rows=13,786,482,815  +15,044,070  inst=1,002,938/s  avg=1,000,092/s
  t= 13800.2s  rows=13,801,396,067  +14,913,252  inst=994,217/s  avg=1,000,085/s
  t= 13815.2s  rows=13,816,440,137  +15,044,070  inst=1,002,938/s  avg=1,000,088/s
  t= 13830.2s  rows=13,831,484,207  +15,044,070  inst=1,002,938/s  avg=1,000,091/s
  t= 13845.2s  rows=13,846,397,459  +14,913,252  inst=994,217/s  avg=1,000,085/s
  t= 13860.2s  rows=13,861,441,529  +15,044,070  inst=1,002,938/s  avg=1,000,088/s
  t= 13875.2s  rows=13,876,485,599  +15,044,070  inst=1,002,938/s  avg=1,000,091/s
  t= 13890.2s  rows=13,891,398,851  +14,913,252  inst=994,217/s  avg=1,000,085/s
  t= 13905.2s  rows=13,906,442,921  +15,044,070  inst=1,002,938/s  avg=1,000,088/s
  t= 13920.2s  rows=13,921,486,991  +15,044,070  inst=1,002,938/s  avg=1,000,091/s
  t= 13935.2s  rows=13,936,400,243  +14,913,252  inst=994,217/s  avg=1,000,084/s
  t= 13950.2s  rows=13,951,444,313  +15,044,070  inst=1,002,938/s  avg=1,000,088/s
  t= 13965.2s  rows=13,966,488,383  +15,044,070  inst=1,002,938/s  avg=1,000,091/s
  t= 13980.2s  rows=13,981,401,635  +14,913,252  inst=994,217/s  avg=1,000,084/s
  t= 13995.2s  rows=13,996,445,705  +15,044,070  inst=1,002,938/s  avg=1,000,087/s
  t= 14010.2s  rows=14,011,489,775  +15,044,070  inst=1,002,938/s  avg=1,000,090/s
  t= 14025.2s  rows=14,026,403,027  +14,913,252  inst=994,217/s  avg=1,000,084/s
  t= 14040.2s  rows=14,041,447,097  +15,044,070  inst=1,002,938/s  avg=1,000,087/s
  t= 14055.2s  rows=14,056,491,167  +15,044,070  inst=1,002,938/s  avg=1,000,090/s
  t= 14070.2s  rows=14,071,404,419  +14,913,252  inst=994,217/s  avg=1,000,084/s
  t= 14085.2s  rows=14,086,448,489  +15,044,070  inst=1,002,938/s  avg=1,000,087/s
  t= 14100.2s  rows=14,101,492,559  +15,044,070  inst=1,002,938/s  avg=1,000,090/s
  t= 14115.2s  rows=14,116,405,811  +14,913,252  inst=994,217/s  avg=1,000,084/s
  t= 14130.2s  rows=14,131,449,881  +15,044,070  inst=1,002,938/s  avg=1,000,087/s
  t= 14145.2s  rows=14,146,493,951  +15,044,070  inst=1,002,938/s  avg=1,000,090/s
  t= 14160.2s  rows=14,161,407,203  +14,913,252  inst=994,217/s  avg=1,000,083/s
  t= 14175.2s  rows=14,176,451,273  +15,044,070  inst=1,002,938/s  avg=1,000,086/s
  t= 14190.2s  rows=14,191,364,525  +14,913,252  inst=994,217/s  avg=1,000,080/s
  t= 14205.2s  rows=14,206,408,595  +15,044,070  inst=1,002,938/s  avg=1,000,083/s
  t= 14220.2s  rows=14,221,452,665  +15,044,070  inst=1,002,938/s  avg=1,000,086/s
  t= 14235.2s  rows=14,236,496,735  +15,044,070  inst=1,002,938/s  avg=1,000,089/s
  t= 14250.2s  rows=14,251,409,987  +14,913,252  inst=994,217/s  avg=1,000,083/s
  t= 14265.2s  rows=14,266,454,057  +15,044,070  inst=1,002,938/s  avg=1,000,086/s
  t= 14280.2s  rows=14,281,498,127  +15,044,070  inst=1,002,938/s  avg=1,000,089/s
  t= 14295.2s  rows=14,296,411,379  +14,913,252  inst=994,217/s  avg=1,000,083/s
  t= 14310.2s  rows=14,311,455,449  +15,044,070  inst=1,002,938/s  avg=1,000,086/s
  t= 14325.2s  rows=14,326,499,519  +15,044,070  inst=1,002,938/s  avg=1,000,089/s
  t= 14340.2s  rows=14,341,412,771  +14,913,252  inst=994,217/s  avg=1,000,083/s
  t= 14355.2s  rows=14,356,456,841  +15,044,070  inst=1,002,938/s  avg=1,000,086/s
  t= 14370.2s  rows=14,371,370,093  +14,913,252  inst=994,217/s  avg=1,000,080/s
  t= 14385.2s  rows=14,386,414,163  +15,044,070  inst=1,002,938/s  avg=1,000,082/s
  t= 14400.2s  rows=14,401,458,233  +15,044,070  inst=1,002,938/s  avg=1,000,085/s
  t= 14415.2s  rows=14,416,371,485  +14,913,252  inst=994,217/s  avg=1,000,079/s
  t= 14430.2s  rows=14,431,491,108  +15,119,623  inst=1,007,975/s  avg=1,000,088/s
  t= 14445.2s  rows=14,446,404,360  +14,913,252  inst=994,217/s  avg=1,000,081/s
  t= 14460.2s  rows=14,461,448,430  +15,044,070  inst=1,002,938/s  avg=1,000,084/s
  t= 14475.2s  rows=14,476,492,500  +15,044,070  inst=1,002,938/s  avg=1,000,087/s
  t= 14490.2s  rows=14,491,405,752  +14,913,252  inst=994,217/s  avg=1,000,081/s
  t= 14505.2s  rows=14,506,449,822  +15,044,070  inst=1,002,938/s  avg=1,000,084/s
  t= 14520.2s  rows=14,521,493,892  +15,044,070  inst=1,002,938/s  avg=1,000,087/s
  t= 14535.2s  rows=14,536,407,144  +14,913,252  inst=994,217/s  avg=1,000,081/s
  t= 14550.2s  rows=14,551,451,214  +15,044,070  inst=1,002,938/s  avg=1,000,084/s
  t= 14565.2s  rows=14,566,495,284  +15,044,070  inst=1,002,938/s  avg=1,000,087/s
  t= 14580.2s  rows=14,581,408,536  +14,913,252  inst=994,217/s  avg=1,000,081/s
  t= 14595.2s  rows=14,596,452,606  +15,044,070  inst=1,002,938/s  avg=1,000,084/s
  t= 14610.2s  rows=14,611,365,858  +14,913,252  inst=994,217/s  avg=1,000,078/s
  t= 14625.2s  rows=14,626,409,928  +15,044,070  inst=1,002,938/s  avg=1,000,081/s
  t= 14640.2s  rows=14,641,453,998  +15,044,070  inst=1,002,938/s  avg=1,000,084/s
  t= 14655.2s  rows=14,656,498,068  +15,044,070  inst=1,002,938/s  avg=1,000,087/s
  t= 14670.2s  rows=14,671,411,320  +14,913,252  inst=994,217/s  avg=1,000,081/s
  t= 14685.2s  rows=14,686,455,390  +15,044,070  inst=1,002,938/s  avg=1,000,083/s
  t= 14700.2s  rows=14,701,499,460  +15,044,070  inst=1,002,938/s  avg=1,000,086/s
  t= 14715.2s  rows=14,716,412,712  +14,913,252  inst=994,217/s  avg=1,000,080/s
  t= 14730.2s  rows=14,731,456,782  +15,044,070  inst=1,002,938/s  avg=1,000,083/s
  t= 14745.2s  rows=14,746,500,852  +15,044,070  inst=1,002,938/s  avg=1,000,086/s
  t= 14760.2s  rows=14,761,414,104  +14,913,252  inst=994,217/s  avg=1,000,080/s
  t= 14775.2s  rows=14,776,458,174  +15,044,070  inst=1,002,938/s  avg=1,000,083/s
  t= 14790.2s  rows=14,791,502,244  +15,044,070  inst=1,002,938/s  avg=1,000,086/s
  t= 14805.2s  rows=14,806,415,496  +14,913,252  inst=994,217/s  avg=1,000,080/s
  t= 14820.2s  rows=14,821,459,566  +15,044,070  inst=1,002,938/s  avg=1,000,083/s
  t= 14835.2s  rows=14,836,503,636  +15,044,070  inst=1,002,938/s  avg=1,000,086/s
  t= 14850.2s  rows=14,851,416,888  +14,913,252  inst=994,217/s  avg=1,000,080/s
  t= 14865.2s  rows=14,866,460,958  +15,044,070  inst=1,002,938/s  avg=1,000,083/s
  t= 14880.2s  rows=14,881,505,028  +15,044,070  inst=1,002,938/s  avg=1,000,086/s
  t= 14895.2s  rows=14,896,418,280  +14,913,252  inst=994,217/s  avg=1,000,080/s
  t= 14910.2s  rows=14,911,462,350  +15,044,070  inst=1,002,938/s  avg=1,000,082/s
  t= 14925.2s  rows=14,926,375,602  +14,913,252  inst=994,217/s  avg=1,000,077/s
  t= 14940.2s  rows=14,941,419,672  +15,044,070  inst=1,002,938/s  avg=1,000,079/s
  t= 14955.2s  rows=14,956,463,742  +15,044,070  inst=1,002,938/s  avg=1,000,082/s
  t= 14970.2s  rows=14,971,507,812  +15,044,070  inst=1,002,938/s  avg=1,000,085/s
  t= 14985.2s  rows=14,986,421,064  +14,913,252  inst=994,217/s  avg=1,000,079/s
  t= 15000.2s  rows=15,001,465,134  +15,044,070  inst=1,002,938/s  avg=1,000,082/s
  t= 15015.2s  rows=15,016,509,204  +15,044,070  inst=1,002,938/s  avg=1,000,085/s
  t= 15030.2s  rows=15,031,422,456  +14,913,252  inst=994,217/s  avg=1,000,079/s
  t= 15045.2s  rows=15,046,466,526  +15,044,070  inst=1,002,938/s  avg=1,000,082/s
  t= 15060.2s  rows=15,061,510,596  +15,044,070  inst=1,002,938/s  avg=1,000,085/s
  t= 15075.2s  rows=15,076,423,848  +14,913,252  inst=994,217/s  avg=1,000,079/s
  t= 15090.2s  rows=15,091,436,210  +15,012,362  inst=1,000,824/s  avg=1,000,080/s
  t= 15105.2s  rows=15,106,480,280  +15,044,070  inst=1,002,938/s  avg=1,000,082/s
  t= 15120.2s  rows=15,121,524,350  +15,044,070  inst=1,002,938/s  avg=1,000,085/s
  t= 15135.2s  rows=15,136,437,602  +14,913,252  inst=994,217/s  avg=1,000,079/s
  t= 15150.2s  rows=15,151,481,672  +15,044,070  inst=1,002,938/s  avg=1,000,082/s
  t= 15165.2s  rows=15,166,394,924  +14,913,252  inst=994,217/s  avg=1,000,076/s
  t= 15180.2s  rows=15,181,438,994  +15,044,070  inst=1,002,938/s  avg=1,000,079/s
  t= 15195.2s  rows=15,196,483,064  +15,044,070  inst=1,002,938/s  avg=1,000,082/s
  t= 15210.2s  rows=15,211,396,316  +14,913,252  inst=994,217/s  avg=1,000,076/s
  t= 15225.2s  rows=15,226,440,386  +15,044,070  inst=1,002,938/s  avg=1,000,079/s
  t= 15240.2s  rows=15,241,484,456  +15,044,070  inst=1,002,938/s  avg=1,000,082/s
  t= 15255.2s  rows=15,256,397,708  +14,913,252  inst=994,217/s  avg=1,000,076/s
  t= 15270.2s  rows=15,271,441,778  +15,044,070  inst=1,002,938/s  avg=1,000,079/s
  t= 15285.2s  rows=15,286,485,848  +15,044,070  inst=1,002,938/s  avg=1,000,082/s
  t= 15300.2s  rows=15,301,399,100  +14,913,252  inst=994,217/s  avg=1,000,076/s
  t= 15315.2s  rows=15,316,443,170  +15,044,070  inst=1,002,938/s  avg=1,000,079/s
  t= 15330.2s  rows=15,331,356,422  +14,913,252  inst=994,217/s  avg=1,000,073/s
  t= 15345.2s  rows=15,346,531,310  +15,174,888  inst=1,011,659/s  avg=1,000,084/s
  t= 15360.2s  rows=15,361,444,562  +14,913,252  inst=994,217/s  avg=1,000,079/s
  t= 15375.2s  rows=15,376,488,632  +15,044,070  inst=1,002,938/s  avg=1,000,081/s
  t= 15390.2s  rows=15,391,532,702  +15,044,070  inst=1,002,938/s  avg=1,000,084/s
  t= 15405.2s  rows=15,406,445,954  +14,913,252  inst=994,217/s  avg=1,000,078/s
  t= 15420.2s  rows=15,421,490,024  +15,044,070  inst=1,002,938/s  avg=1,000,081/s
  t= 15435.2s  rows=15,436,534,094  +15,044,070  inst=1,002,938/s  avg=1,000,084/s
  t= 15450.2s  rows=15,451,447,346  +14,913,252  inst=994,217/s  avg=1,000,078/s
  t= 15465.2s  rows=15,466,491,416  +15,044,070  inst=1,002,938/s  avg=1,000,081/s
  t= 15480.2s  rows=15,481,404,668  +14,913,252  inst=994,217/s  avg=1,000,075/s
  t= 15495.2s  rows=15,496,448,738  +15,044,070  inst=1,002,938/s  avg=1,000,078/s
  t= 15510.2s  rows=15,511,492,808  +15,044,070  inst=1,002,938/s  avg=1,000,081/s
  t= 15525.2s  rows=15,526,536,878  +15,044,070  inst=1,002,938/s  avg=1,000,084/s
  t= 15540.2s  rows=15,541,450,130  +14,913,252  inst=994,217/s  avg=1,000,078/s
  t= 15555.2s  rows=15,556,494,200  +15,044,070  inst=1,002,938/s  avg=1,000,081/s
  t= 15570.2s  rows=15,571,407,452  +14,913,252  inst=994,217/s  avg=1,000,075/s
  t= 15585.2s  rows=15,586,451,522  +15,044,070  inst=1,002,938/s  avg=1,000,078/s
  t= 15600.2s  rows=15,601,495,592  +15,044,070  inst=1,002,938/s  avg=1,000,081/s
  t= 15615.2s  rows=15,616,408,844  +14,913,252  inst=994,217/s  avg=1,000,075/s
  t= 15630.2s  rows=15,631,452,914  +15,044,070  inst=1,002,938/s  avg=1,000,078/s
  t= 15645.2s  rows=15,646,366,166  +14,913,252  inst=994,217/s  avg=1,000,072/s
  t= 15660.2s  rows=15,661,410,236  +15,044,070  inst=1,002,938/s  avg=1,000,075/s
  t= 15675.2s  rows=15,676,454,306  +15,044,070  inst=1,002,938/s  avg=1,000,077/s
  t= 15690.2s  rows=15,691,498,376  +15,044,070  inst=1,002,938/s  avg=1,000,080/s
  t= 15705.2s  rows=15,706,411,628  +14,913,252  inst=994,217/s  avg=1,000,075/s
  t= 15720.2s  rows=15,721,455,698  +15,044,070  inst=1,002,938/s  avg=1,000,077/s
  t= 15735.2s  rows=15,736,499,768  +15,044,070  inst=1,002,938/s  avg=1,000,080/s
  t= 15750.2s  rows=15,751,413,020  +14,913,252  inst=994,217/s  avg=1,000,074/s
  t= 15765.2s  rows=15,766,457,090  +15,044,070  inst=1,002,938/s  avg=1,000,077/s
  t= 15780.2s  rows=15,781,414,648  +14,957,558  inst=997,171/s  avg=1,000,074/s
  t= 15795.2s  rows=15,796,458,718  +15,044,070  inst=1,002,938/s  avg=1,000,077/s
  t= 15810.2s  rows=15,811,502,788  +15,044,070  inst=1,002,938/s  avg=1,000,080/s
  t= 15825.2s  rows=15,826,416,040  +14,913,252  inst=994,217/s  avg=1,000,074/s
  t= 15840.2s  rows=15,841,460,110  +15,044,070  inst=1,002,938/s  avg=1,000,077/s
  t= 15855.2s  rows=15,856,504,180  +15,044,070  inst=1,002,938/s  avg=1,000,080/s
  t= 15870.2s  rows=15,871,548,250  +15,044,070  inst=1,002,938/s  avg=1,000,082/s
  t= 15885.2s  rows=15,886,461,502  +14,913,252  inst=994,217/s  avg=1,000,077/s
  t= 15900.2s  rows=15,901,505,572  +15,044,070  inst=1,002,938/s  avg=1,000,079/s
  t= 15915.2s  rows=15,916,418,824  +14,913,252  inst=994,217/s  avg=1,000,074/s
  t= 15930.2s  rows=15,931,462,894  +15,044,070  inst=1,002,938/s  avg=1,000,077/s
  t= 15945.2s  rows=15,946,376,146  +14,913,252  inst=994,217/s  avg=1,000,071/s
  t= 15960.2s  rows=15,961,420,216  +15,044,070  inst=1,002,938/s  avg=1,000,074/s
  t= 15975.2s  rows=15,976,464,286  +15,044,070  inst=1,002,938/s  avg=1,000,076/s
  t= 15990.2s  rows=15,991,508,356  +15,044,070  inst=1,002,938/s  avg=1,000,079/s
  t= 16005.2s  rows=16,006,421,608  +14,913,252  inst=994,217/s  avg=1,000,074/s
  t= 16020.2s  rows=16,021,465,678  +15,044,070  inst=1,002,938/s  avg=1,000,076/s
  t= 16035.2s  rows=16,036,509,748  +15,044,070  inst=1,002,938/s  avg=1,000,079/s
  t= 16050.2s  rows=16,051,423,000  +14,913,252  inst=994,217/s  avg=1,000,073/s
  t= 16065.2s  rows=16,066,467,070  +15,044,070  inst=1,002,938/s  avg=1,000,076/s
  t= 16080.2s  rows=16,081,511,140  +15,044,070  inst=1,002,938/s  avg=1,000,079/s
  t= 16095.2s  rows=16,096,424,392  +14,913,252  inst=994,217/s  avg=1,000,073/s
  t= 16110.2s  rows=16,111,468,462  +15,044,070  inst=1,002,938/s  avg=1,000,076/s
  t= 16125.2s  rows=16,126,512,532  +15,044,070  inst=1,002,938/s  avg=1,000,079/s
  t= 16140.2s  rows=16,141,425,784  +14,913,252  inst=994,217/s  avg=1,000,073/s
  t= 16155.2s  rows=16,156,469,854  +15,044,070  inst=1,002,938/s  avg=1,000,076/s
  t= 16170.2s  rows=16,171,383,106  +14,913,252  inst=994,217/s  avg=1,000,070/s
  t= 16185.2s  rows=16,186,427,176  +15,044,070  inst=1,002,938/s  avg=1,000,073/s
  t= 16200.2s  rows=16,201,471,246  +15,044,070  inst=1,002,938/s  avg=1,000,076/s
  t= 16215.2s  rows=16,216,515,316  +15,044,070  inst=1,002,938/s  avg=1,000,078/s
  t= 16230.2s  rows=16,231,428,568  +14,913,252  inst=994,217/s  avg=1,000,073/s
  t= 16245.2s  rows=16,246,472,638  +15,044,070  inst=1,002,938/s  avg=1,000,076/s
  t= 16260.2s  rows=16,261,516,708  +15,044,070  inst=1,002,938/s  avg=1,000,078/s
  t= 16275.2s  rows=16,276,429,960  +14,913,252  inst=994,217/s  avg=1,000,073/s
  t= 16290.2s  rows=16,291,474,030  +15,044,070  inst=1,002,938/s  avg=1,000,075/s
  t= 16305.2s  rows=16,306,518,100  +15,044,070  inst=1,002,938/s  avg=1,000,078/s
  t= 16320.2s  rows=16,321,431,352  +14,913,252  inst=994,217/s  avg=1,000,073/s
  t= 16335.2s  rows=16,336,475,422  +15,044,070  inst=1,002,938/s  avg=1,000,075/s
  t= 16350.2s  rows=16,351,519,492  +15,044,070  inst=1,002,938/s  avg=1,000,078/s
  t= 16365.2s  rows=16,366,432,744  +14,913,252  inst=994,217/s  avg=1,000,072/s
  t= 16380.2s  rows=16,381,476,814  +15,044,070  inst=1,002,938/s  avg=1,000,075/s
  t= 16395.2s  rows=16,396,520,884  +15,044,070  inst=1,002,938/s  avg=1,000,078/s
  t= 16410.2s  rows=16,411,434,136  +14,913,252  inst=994,217/s  avg=1,000,072/s
  t= 16425.2s  rows=16,426,478,206  +15,044,070  inst=1,002,938/s  avg=1,000,075/s
  t= 16440.2s  rows=16,441,522,276  +15,044,070  inst=1,002,938/s  avg=1,000,078/s
  t= 16455.2s  rows=16,456,435,528  +14,913,252  inst=994,217/s  avg=1,000,072/s
  t= 16470.2s  rows=16,471,479,598  +15,044,070  inst=1,002,938/s  avg=1,000,075/s
  t= 16485.2s  rows=16,486,523,668  +15,044,070  inst=1,002,938/s  avg=1,000,077/s
  t= 16500.2s  rows=16,501,425,313  +14,901,645  inst=993,443/s  avg=1,000,071/s
  t= 16515.2s  rows=16,516,469,383  +15,044,070  inst=1,002,938/s  avg=1,000,074/s
  t= 16530.2s  rows=16,531,513,453  +15,044,070  inst=1,002,938/s  avg=1,000,077/s
  t= 16545.2s  rows=16,546,426,705  +14,913,252  inst=994,217/s  avg=1,000,071/s
  t= 16560.2s  rows=16,561,470,775  +15,044,070  inst=1,002,938/s  avg=1,000,074/s
  t= 16575.2s  rows=16,576,514,845  +15,044,070  inst=1,002,938/s  avg=1,000,076/s
  t= 16590.2s  rows=16,591,428,097  +14,913,252  inst=994,217/s  avg=1,000,071/s
  t= 16605.2s  rows=16,606,472,167  +15,044,070  inst=1,002,938/s  avg=1,000,074/s
  t= 16620.2s  rows=16,621,516,237  +15,044,070  inst=1,002,938/s  avg=1,000,076/s
  t= 16635.2s  rows=16,636,429,489  +14,913,252  inst=994,217/s  avg=1,000,071/s
  t= 16650.2s  rows=16,651,473,559  +15,044,070  inst=1,002,938/s  avg=1,000,074/s
  t= 16665.2s  rows=16,666,386,811  +14,913,252  inst=994,217/s  avg=1,000,068/s
  t= 16680.2s  rows=16,681,430,881  +15,044,070  inst=1,002,938/s  avg=1,000,071/s
  t= 16695.2s  rows=16,696,474,951  +15,044,070  inst=1,002,938/s  avg=1,000,073/s
  t= 16710.3s  rows=16,711,519,021  +15,044,070  inst=1,002,938/s  avg=1,000,076/s
  t= 16725.3s  rows=16,726,432,273  +14,913,252  inst=994,217/s  avg=1,000,071/s
  t= 16740.3s  rows=16,741,476,343  +15,044,070  inst=1,002,938/s  avg=1,000,073/s
  t= 16755.3s  rows=16,756,520,413  +15,044,070  inst=1,002,938/s  avg=1,000,076/s
  t= 16770.3s  rows=16,771,433,665  +14,913,252  inst=994,217/s  avg=1,000,071/s
  t= 16785.3s  rows=16,786,477,735  +15,044,070  inst=1,002,938/s  avg=1,000,073/s
  t= 16800.3s  rows=16,801,521,805  +15,044,070  inst=1,002,938/s  avg=1,000,076/s
  t= 16815.3s  rows=16,816,435,057  +14,913,252  inst=994,217/s  avg=1,000,070/s
  t= 16830.3s  rows=16,831,479,127  +15,044,070  inst=1,002,938/s  avg=1,000,073/s
  t= 16845.3s  rows=16,846,523,197  +15,044,070  inst=1,002,938/s  avg=1,000,075/s
  t= 16860.3s  rows=16,861,436,449  +14,913,252  inst=994,217/s  avg=1,000,070/s
  t= 16875.3s  rows=16,876,480,519  +15,044,070  inst=1,002,938/s  avg=1,000,073/s
  t= 16890.3s  rows=16,891,393,771  +14,913,252  inst=994,217/s  avg=1,000,068/s
  t= 16905.3s  rows=16,906,437,841  +15,044,070  inst=1,002,938/s  avg=1,000,070/s
  t= 16920.3s  rows=16,921,481,911  +15,044,070  inst=1,002,938/s  avg=1,000,073/s
  t= 16935.3s  rows=16,936,525,981  +15,044,070  inst=1,002,938/s  avg=1,000,075/s
  t= 16950.3s  rows=16,951,439,233  +14,913,252  inst=994,217/s  avg=1,000,070/s
  t= 16965.3s  rows=16,966,483,303  +15,044,070  inst=1,002,938/s  avg=1,000,073/s
  t= 16980.3s  rows=16,981,527,373  +15,044,070  inst=1,002,938/s  avg=1,000,075/s
  t= 16995.3s  rows=16,996,440,625  +14,913,252  inst=994,217/s  avg=1,000,070/s
  t= 17010.3s  rows=17,011,484,695  +15,044,070  inst=1,002,938/s  avg=1,000,072/s
  t= 17025.3s  rows=17,026,528,765  +15,044,070  inst=1,002,938/s  avg=1,000,075/s
  t= 17040.3s  rows=17,041,442,017  +14,913,252  inst=994,217/s  avg=1,000,070/s
  t= 17055.3s  rows=17,056,486,087  +15,044,070  inst=1,002,938/s  avg=1,000,072/s
  t= 17070.3s  rows=17,071,530,157  +15,044,070  inst=1,002,938/s  avg=1,000,075/s
  t= 17085.3s  rows=17,086,443,409  +14,913,252  inst=994,217/s  avg=1,000,070/s
  t= 17100.3s  rows=17,101,487,479  +15,044,070  inst=1,002,938/s  avg=1,000,072/s
  t= 17115.3s  rows=17,116,531,549  +15,044,070  inst=1,002,938/s  avg=1,000,075/s
  t= 17130.3s  rows=17,131,444,801  +14,913,252  inst=994,217/s  avg=1,000,069/s
  t= 17145.3s  rows=17,146,358,053  +14,913,252  inst=994,217/s  avg=1,000,064/s
  t= 17160.3s  rows=17,161,402,123  +15,044,070  inst=1,002,938/s  avg=1,000,067/s
  t= 17175.3s  rows=17,176,446,193  +15,044,070  inst=1,002,938/s  avg=1,000,069/s
  t= 17190.3s  rows=17,191,490,263  +15,044,070  inst=1,002,938/s  avg=1,000,072/s
  t= 17205.3s  rows=17,206,534,333  +15,044,070  inst=1,002,938/s  avg=1,000,074/s
  t= 17220.3s  rows=17,221,447,585  +14,913,252  inst=994,217/s  avg=1,000,069/s
  t= 17235.3s  rows=17,236,491,655  +15,044,070  inst=1,002,938/s  avg=1,000,072/s
  t= 17250.3s  rows=17,251,460,917  +14,969,262  inst=997,951/s  avg=1,000,070/s
  t= 17265.3s  rows=17,266,504,987  +15,044,070  inst=1,002,938/s  avg=1,000,072/s
  t= 17280.3s  rows=17,281,549,057  +15,044,070  inst=1,002,938/s  avg=1,000,075/s
  t= 17295.3s  rows=17,296,462,309  +14,913,252  inst=994,217/s  avg=1,000,070/s
  t= 17310.3s  rows=17,311,506,379  +15,044,070  inst=1,002,938/s  avg=1,000,072/s
  t= 17325.3s  rows=17,326,419,631  +14,913,252  inst=994,217/s  avg=1,000,067/s
  t= 17340.3s  rows=17,341,463,701  +15,044,070  inst=1,002,938/s  avg=1,000,070/s
  t= 17355.3s  rows=17,356,376,953  +14,913,252  inst=994,217/s  avg=1,000,065/s
  t= 17370.3s  rows=17,371,421,023  +15,044,070  inst=1,002,938/s  avg=1,000,067/s
  t= 17385.3s  rows=17,386,465,093  +15,044,070  inst=1,002,938/s  avg=1,000,069/s
  t= 17400.3s  rows=17,401,509,163  +15,044,070  inst=1,002,938/s  avg=1,000,072/s
  t= 17415.3s  rows=17,416,422,415  +14,913,252  inst=994,217/s  avg=1,000,067/s
  t= 17430.3s  rows=17,431,466,485  +15,044,070  inst=1,002,938/s  avg=1,000,069/s
  t= 17445.3s  rows=17,446,510,555  +15,044,070  inst=1,002,938/s  avg=1,000,072/s
  t= 17460.3s  rows=17,461,423,807  +14,913,252  inst=994,217/s  avg=1,000,067/s
  t= 17475.3s  rows=17,476,467,877  +15,044,070  inst=1,002,938/s  avg=1,000,069/s
  t= 17490.3s  rows=17,491,511,947  +15,044,070  inst=1,002,938/s  avg=1,000,072/s
  t= 17505.3s  rows=17,506,425,199  +14,913,252  inst=994,217/s  avg=1,000,067/s
  t= 17520.3s  rows=17,521,469,269  +15,044,070  inst=1,002,938/s  avg=1,000,069/s
  t= 17535.3s  rows=17,536,513,339  +15,044,070  inst=1,002,938/s  avg=1,000,072/s
  t= 17550.3s  rows=17,551,426,591  +14,913,252  inst=994,217/s  avg=1,000,067/s
  t= 17565.3s  rows=17,566,470,661  +15,044,070  inst=1,002,938/s  avg=1,000,069/s
  t= 17580.3s  rows=17,581,514,731  +15,044,070  inst=1,002,938/s  avg=1,000,071/s
  t= 17595.3s  rows=17,596,427,983  +14,913,252  inst=994,217/s  avg=1,000,066/s
  t= 17610.3s  rows=17,611,472,053  +15,044,070  inst=1,002,938/s  avg=1,000,069/s
  t= 17625.3s  rows=17,626,516,123  +15,044,070  inst=1,002,938/s  avg=1,000,071/s
  t= 17640.3s  rows=17,641,429,375  +14,913,252  inst=994,217/s  avg=1,000,066/s
  t= 17655.3s  rows=17,656,473,445  +15,044,070  inst=1,002,938/s  avg=1,000,069/s
  t= 17670.3s  rows=17,671,517,515  +15,044,070  inst=1,002,938/s  avg=1,000,071/s
  t= 17685.3s  rows=17,686,430,767  +14,913,252  inst=994,217/s  avg=1,000,066/s
  t= 17700.3s  rows=17,701,474,837  +15,044,070  inst=1,002,938/s  avg=1,000,069/s
  t= 17715.3s  rows=17,716,518,907  +15,044,070  inst=1,002,938/s  avg=1,000,071/s
  t= 17730.3s  rows=17,731,432,159  +14,913,252  inst=994,217/s  avg=1,000,066/s
  t= 17745.3s  rows=17,746,476,229  +15,044,070  inst=1,002,938/s  avg=1,000,069/s
  t= 17760.3s  rows=17,761,520,299  +15,044,070  inst=1,002,938/s  avg=1,000,071/s
  t= 17775.3s  rows=17,776,433,551  +14,913,252  inst=994,217/s  avg=1,000,066/s
  t= 17790.3s  rows=17,791,477,621  +15,044,070  inst=1,002,938/s  avg=1,000,068/s
  t= 17805.3s  rows=17,806,521,691  +15,044,070  inst=1,002,938/s  avg=1,000,071/s
  t= 17820.3s  rows=17,821,434,943  +14,913,252  inst=994,217/s  avg=1,000,066/s
  t= 17835.3s  rows=17,836,479,013  +15,044,070  inst=1,002,938/s  avg=1,000,068/s
  t= 17850.3s  rows=17,851,392,265  +14,913,252  inst=994,217/s  avg=1,000,063/s
  t= 17865.3s  rows=17,866,436,335  +15,044,070  inst=1,002,938/s  avg=1,000,066/s
  t= 17880.3s  rows=17,881,480,405  +15,044,070  inst=1,002,938/s  avg=1,000,068/s
  t= 17895.3s  rows=17,896,524,475  +15,044,070  inst=1,002,938/s  avg=1,000,071/s
  t= 17910.3s  rows=17,911,437,727  +14,913,252  inst=994,217/s  avg=1,000,066/s
  t= 17925.3s  rows=17,926,481,797  +15,044,070  inst=1,002,938/s  avg=1,000,068/s
  t= 17940.3s  rows=17,941,525,867  +15,044,070  inst=1,002,938/s  avg=1,000,070/s
  t= 17955.3s  rows=17,956,439,119  +14,913,252  inst=994,217/s  avg=1,000,066/s
  t= 17970.3s  rows=17,971,483,189  +15,044,070  inst=1,002,938/s  avg=1,000,068/s
  t= 17985.3s  rows=17,986,437,307  +14,954,118  inst=996,941/s  avg=1,000,065/s
  t= 18000.3s  rows=18,001,481,377  +15,044,070  inst=1,002,938/s  avg=1,000,068/s
  t= 18015.3s  rows=18,016,525,447  +15,044,070  inst=1,002,938/s  avg=1,000,070/s
  t= 18030.3s  rows=18,031,438,699  +14,913,252  inst=994,217/s  avg=1,000,065/s
  t= 18045.3s  rows=18,046,482,769  +15,044,070  inst=1,002,938/s  avg=1,000,068/s
  t= 18060.3s  rows=18,061,526,839  +15,044,070  inst=1,002,938/s  avg=1,000,070/s
  t= 18075.3s  rows=18,076,440,091  +14,913,252  inst=994,217/s  avg=1,000,065/s
  t= 18090.3s  rows=18,091,484,161  +15,044,070  inst=1,002,938/s  avg=1,000,067/s
  t= 18105.3s  rows=18,106,528,231  +15,044,070  inst=1,002,938/s  avg=1,000,070/s
  t= 18120.3s  rows=18,121,441,483  +14,913,252  inst=994,217/s  avg=1,000,065/s
  t= 18135.3s  rows=18,136,485,553  +15,044,070  inst=1,002,938/s  avg=1,000,067/s
  t= 18150.3s  rows=18,151,529,623  +15,044,070  inst=1,002,938/s  avg=1,000,070/s
  t= 18165.3s  rows=18,166,442,875  +14,913,252  inst=994,217/s  avg=1,000,065/s
  t= 18180.3s  rows=18,181,486,945  +15,044,070  inst=1,002,938/s  avg=1,000,067/s
  t= 18195.3s  rows=18,196,531,015  +15,044,070  inst=1,002,938/s  avg=1,000,070/s
  t= 18210.3s  rows=18,211,444,267  +14,913,252  inst=994,217/s  avg=1,000,065/s
  t= 18225.3s  rows=18,226,488,337  +15,044,070  inst=1,002,938/s  avg=1,000,067/s
  t= 18240.3s  rows=18,241,532,407  +15,044,070  inst=1,002,938/s  avg=1,000,069/s
  t= 18255.3s  rows=18,256,445,659  +14,913,252  inst=994,217/s  avg=1,000,065/s
  t= 18270.3s  rows=18,271,489,729  +15,044,070  inst=1,002,938/s  avg=1,000,067/s
  t= 18285.3s  rows=18,286,533,799  +15,044,070  inst=1,002,938/s  avg=1,000,069/s
  t= 18300.3s  rows=18,301,447,051  +14,913,252  inst=994,217/s  avg=1,000,065/s
  t= 18315.3s  rows=18,316,491,121  +15,044,070  inst=1,002,938/s  avg=1,000,067/s
  t= 18330.3s  rows=18,331,404,373  +14,913,252  inst=994,217/s  avg=1,000,062/s
  t= 18345.3s  rows=18,346,448,443  +15,044,070  inst=1,002,938/s  avg=1,000,064/s
  t= 18360.3s  rows=18,361,492,513  +15,044,070  inst=1,002,938/s  avg=1,000,067/s
  t= 18375.3s  rows=18,376,405,765  +14,913,252  inst=994,217/s  avg=1,000,062/s
  t= 18390.3s  rows=18,391,449,835  +15,044,070  inst=1,002,938/s  avg=1,000,064/s
  t= 18405.3s  rows=18,406,493,905  +15,044,070  inst=1,002,938/s  avg=1,000,067/s
  t= 18420.3s  rows=18,421,537,975  +15,044,070  inst=1,002,938/s  avg=1,000,069/s
  t= 18435.3s  rows=18,436,451,227  +14,913,252  inst=994,217/s  avg=1,000,064/s
  t= 18450.3s  rows=18,451,495,297  +15,044,070  inst=1,002,938/s  avg=1,000,067/s
  t= 18465.3s  rows=18,466,408,549  +14,913,252  inst=994,217/s  avg=1,000,062/s
  t= 18480.3s  rows=18,481,452,619  +15,044,070  inst=1,002,938/s  avg=1,000,064/s
  t= 18495.3s  rows=18,496,496,689  +15,044,070  inst=1,002,938/s  avg=1,000,066/s
  t= 18510.3s  rows=18,511,540,759  +15,044,070  inst=1,002,938/s  avg=1,000,069/s
  t= 18525.3s  rows=18,526,454,011  +14,913,252  inst=994,217/s  avg=1,000,064/s
  t= 18540.3s  rows=18,541,498,081  +15,044,070  inst=1,002,938/s  avg=1,000,066/s
  t= 18555.3s  rows=18,556,542,151  +15,044,070  inst=1,002,938/s  avg=1,000,069/s
  t= 18570.3s  rows=18,571,455,403  +14,913,252  inst=994,217/s  avg=1,000,064/s
  t= 18585.3s  rows=18,586,368,655  +14,913,252  inst=994,217/s  avg=1,000,059/s
  t= 18600.3s  rows=18,601,543,543  +15,174,888  inst=1,011,659/s  avg=1,000,069/s
  t= 18615.3s  rows=18,616,456,795  +14,913,252  inst=994,217/s  avg=1,000,064/s
  t= 18630.3s  rows=18,631,500,865  +15,044,070  inst=1,002,938/s  avg=1,000,066/s
  t= 18645.3s  rows=18,646,544,935  +15,044,070  inst=1,002,938/s  avg=1,000,068/s
  t= 18660.3s  rows=18,661,458,187  +14,913,252  inst=994,217/s  avg=1,000,064/s
  t= 18675.3s  rows=18,676,381,116  +14,922,929  inst=994,862/s  avg=1,000,060/s
  t= 18690.3s  rows=18,691,556,004  +15,174,888  inst=1,011,659/s  avg=1,000,069/s
  t= 18705.3s  rows=18,706,469,256  +14,913,252  inst=994,217/s  avg=1,000,064/s
  t= 18720.3s  rows=18,721,513,326  +15,044,070  inst=1,002,938/s  avg=1,000,066/s
  t= 18735.3s  rows=18,736,557,396  +15,044,070  inst=1,002,938/s  avg=1,000,069/s
  t= 18750.3s  rows=18,751,470,648  +14,913,252  inst=994,217/s  avg=1,000,064/s
  t= 18765.3s  rows=18,766,514,718  +15,044,070  inst=1,002,938/s  avg=1,000,066/s
  t= 18780.3s  rows=18,781,427,970  +14,913,252  inst=994,217/s  avg=1,000,062/s
  t= 18795.3s  rows=18,796,472,040  +15,044,070  inst=1,002,938/s  avg=1,000,064/s
  t= 18810.3s  rows=18,811,516,110  +15,044,070  inst=1,002,938/s  avg=1,000,066/s
  t= 18825.3s  rows=18,826,560,180  +15,044,070  inst=1,002,938/s  avg=1,000,068/s
  t= 18840.3s  rows=18,841,473,432  +14,913,252  inst=994,217/s  avg=1,000,064/s
  t= 18855.3s  rows=18,856,517,502  +15,044,070  inst=1,002,938/s  avg=1,000,066/s
  t= 18870.3s  rows=18,871,430,754  +14,913,252  inst=994,217/s  avg=1,000,061/s
  t= 18885.3s  rows=18,886,474,824  +15,044,070  inst=1,002,938/s  avg=1,000,064/s
  t= 18900.3s  rows=18,901,518,894  +15,044,070  inst=1,002,938/s  avg=1,000,066/s
  t= 18915.3s  rows=18,916,432,146  +14,913,252  inst=994,217/s  avg=1,000,061/s
  t= 18930.3s  rows=18,931,476,216  +15,044,070  inst=1,002,938/s  avg=1,000,064/s
  t= 18945.3s  rows=18,946,389,468  +14,913,252  inst=994,217/s  avg=1,000,059/s
  t= 18960.3s  rows=18,961,433,538  +15,044,070  inst=1,002,938/s  avg=1,000,061/s
  t= 18975.3s  rows=18,976,477,608  +15,044,070  inst=1,002,938/s  avg=1,000,064/s
  t= 18990.3s  rows=18,991,521,678  +15,044,070  inst=1,002,938/s  avg=1,000,066/s
  t= 19005.3s  rows=19,006,565,748  +15,044,070  inst=1,002,938/s  avg=1,000,068/s
  t= 19020.3s  rows=19,021,479,000  +14,913,252  inst=994,217/s  avg=1,000,063/s
  t= 19035.3s  rows=19,036,523,070  +15,044,070  inst=1,002,938/s  avg=1,000,066/s
  t= 19050.3s  rows=19,051,436,322  +14,913,252  inst=994,217/s  avg=1,000,061/s
  t= 19065.3s  rows=19,066,480,392  +15,044,070  inst=1,002,938/s  avg=1,000,063/s
  t= 19080.3s  rows=19,081,524,462  +15,044,070  inst=1,002,938/s  avg=1,000,066/s
  t= 19095.3s  rows=19,096,437,714  +14,913,252  inst=994,217/s  avg=1,000,061/s
  t= 19110.3s  rows=19,111,481,784  +15,044,070  inst=1,002,938/s  avg=1,000,063/s
  t= 19125.3s  rows=19,126,525,854  +15,044,070  inst=1,002,938/s  avg=1,000,065/s
  t= 19140.3s  rows=19,141,439,106  +14,913,252  inst=994,217/s  avg=1,000,061/s
  t= 19155.3s  rows=19,156,483,176  +15,044,070  inst=1,002,938/s  avg=1,000,063/s
  t= 19170.3s  rows=19,171,527,246  +15,044,070  inst=1,002,938/s  avg=1,000,065/s
  t= 19185.3s  rows=19,186,440,498  +14,913,252  inst=994,217/s  avg=1,000,061/s
  t= 19200.3s  rows=19,201,484,568  +15,044,070  inst=1,002,938/s  avg=1,000,063/s
  t= 19215.3s  rows=19,216,528,638  +15,044,070  inst=1,002,938/s  avg=1,000,065/s
  t= 19230.3s  rows=19,231,441,890  +14,913,252  inst=994,217/s  avg=1,000,061/s
  t= 19245.3s  rows=19,246,485,960  +15,044,070  inst=1,002,938/s  avg=1,000,063/s
  t= 19260.3s  rows=19,261,530,030  +15,044,070  inst=1,002,938/s  avg=1,000,065/s
  t= 19275.3s  rows=19,276,443,282  +14,913,252  inst=994,217/s  avg=1,000,061/s
  t= 19290.3s  rows=19,291,487,352  +15,044,070  inst=1,002,938/s  avg=1,000,063/s
  t= 19305.3s  rows=19,306,531,422  +15,044,070  inst=1,002,938/s  avg=1,000,065/s
  t= 19320.3s  rows=19,321,444,674  +14,913,252  inst=994,217/s  avg=1,000,061/s
  t= 19335.3s  rows=19,336,488,744  +15,044,070  inst=1,002,938/s  avg=1,000,063/s
  t= 19350.3s  rows=19,351,532,814  +15,044,070  inst=1,002,938/s  avg=1,000,065/s
  t= 19365.3s  rows=19,366,446,066  +14,913,252  inst=994,217/s  avg=1,000,060/s
  t= 19380.3s  rows=19,381,490,136  +15,044,070  inst=1,002,938/s  avg=1,000,063/s
  t= 19395.3s  rows=19,396,534,206  +15,044,070  inst=1,002,938/s  avg=1,000,065/s
  t= 19410.3s  rows=19,411,447,458  +14,913,252  inst=994,217/s  avg=1,000,060/s
  t= 19425.3s  rows=19,426,491,528  +15,044,070  inst=1,002,938/s  avg=1,000,063/s
  t= 19440.3s  rows=19,441,535,598  +15,044,070  inst=1,002,938/s  avg=1,000,065/s
  t= 19455.3s  rows=19,456,457,122  +14,921,524  inst=994,768/s  avg=1,000,061/s
  t= 19470.3s  rows=19,471,431,025  +14,973,903  inst=998,260/s  avg=1,000,059/s
  t= 19485.3s  rows=19,486,475,095  +15,044,070  inst=1,002,938/s  avg=1,000,061/s
  t= 19500.3s  rows=19,501,519,165  +15,044,070  inst=1,002,938/s  avg=1,000,064/s
  t= 19515.3s  rows=19,516,432,417  +14,913,252  inst=994,217/s  avg=1,000,059/s
  t= 19530.3s  rows=19,531,476,487  +15,044,070  inst=1,002,938/s  avg=1,000,061/s
  t= 19545.3s  rows=19,546,520,557  +15,044,070  inst=1,002,938/s  avg=1,000,064/s
  t= 19560.3s  rows=19,561,564,627  +15,044,070  inst=1,002,938/s  avg=1,000,066/s
  t= 19575.3s  rows=19,576,477,879  +14,913,252  inst=994,217/s  avg=1,000,061/s
  t= 19590.3s  rows=19,591,521,949  +15,044,070  inst=1,002,938/s  avg=1,000,063/s
  t= 19605.3s  rows=19,606,566,019  +15,044,070  inst=1,002,938/s  avg=1,000,066/s
  t= 19620.3s  rows=19,621,479,271  +14,913,252  inst=994,217/s  avg=1,000,061/s
  t= 19635.3s  rows=19,636,523,341  +15,044,070  inst=1,002,938/s  avg=1,000,063/s
  t= 19650.3s  rows=19,651,567,411  +15,044,070  inst=1,002,938/s  avg=1,000,066/s
  t= 19665.3s  rows=19,666,480,663  +14,913,252  inst=994,217/s  avg=1,000,061/s
  t= 19680.3s  rows=19,681,393,915  +14,913,252  inst=994,217/s  avg=1,000,057/s
  t= 19695.3s  rows=19,696,568,803  +15,174,888  inst=1,011,659/s  avg=1,000,065/s
  t= 19710.3s  rows=19,711,482,055  +14,913,252  inst=994,217/s  avg=1,000,061/s
  t= 19725.3s  rows=19,726,526,125  +15,044,070  inst=1,002,938/s  avg=1,000,063/s
  t= 19740.3s  rows=19,741,439,377  +14,913,252  inst=994,217/s  avg=1,000,059/s
  t= 19755.3s  rows=19,756,483,447  +15,044,070  inst=1,002,938/s  avg=1,000,061/s
  t= 19770.3s  rows=19,771,527,517  +15,044,070  inst=1,002,938/s  avg=1,000,063/s
  t= 19785.3s  rows=19,786,571,587  +15,044,070  inst=1,002,938/s  avg=1,000,065/s
  t= 19800.3s  rows=19,801,484,839  +14,913,252  inst=994,217/s  avg=1,000,061/s
  t= 19815.3s  rows=19,816,528,909  +15,044,070  inst=1,002,938/s  avg=1,000,063/s
  t= 19830.3s  rows=19,831,442,161  +14,913,252  inst=994,217/s  avg=1,000,059/s
  t= 19845.3s  rows=19,846,486,231  +15,044,070  inst=1,002,938/s  avg=1,000,061/s
  t= 19860.3s  rows=19,861,530,301  +15,044,070  inst=1,002,938/s  avg=1,000,063/s
  t= 19875.3s  rows=19,876,574,371  +15,044,070  inst=1,002,938/s  avg=1,000,065/s
  t= 19890.3s  rows=19,891,487,623  +14,913,252  inst=994,217/s  avg=1,000,061/s
  t= 19905.3s  rows=19,906,531,693  +15,044,070  inst=1,002,938/s  avg=1,000,063/s
  t= 19920.3s  rows=19,921,575,763  +15,044,070  inst=1,002,938/s  avg=1,000,065/s
  t= 19935.3s  rows=19,936,489,015  +14,913,252  inst=994,217/s  avg=1,000,061/s
  t= 19950.3s  rows=19,951,533,085  +15,044,070  inst=1,002,938/s  avg=1,000,063/s
  t= 19965.3s  rows=19,966,446,337  +14,913,252  inst=994,217/s  avg=1,000,058/s
  t= 19980.3s  rows=19,981,490,407  +15,044,070  inst=1,002,938/s  avg=1,000,060/s
  t= 19995.3s  rows=19,996,403,659  +14,913,252  inst=994,217/s  avg=1,000,056/s
  t= 20010.3s  rows=20,011,447,729  +15,044,070  inst=1,002,938/s  avg=1,000,058/s
  t= 20025.3s  rows=20,026,491,799  +15,044,070  inst=1,002,938/s  avg=1,000,060/s
  t= 20040.3s  rows=20,041,535,869  +15,044,070  inst=1,002,938/s  avg=1,000,063/s
  t= 20055.3s  rows=20,056,449,121  +14,913,252  inst=994,217/s  avg=1,000,058/s
  t= 20070.3s  rows=20,071,493,191  +15,044,070  inst=1,002,938/s  avg=1,000,060/s
  t= 20085.3s  rows=20,086,537,261  +15,044,070  inst=1,002,938/s  avg=1,000,062/s
  t= 20100.3s  rows=20,101,450,513  +14,913,252  inst=994,217/s  avg=1,000,058/s
  t= 20115.3s  rows=20,116,494,583  +15,044,070  inst=1,002,938/s  avg=1,000,060/s
  t= 20130.3s  rows=20,131,538,653  +15,044,070  inst=1,002,938/s  avg=1,000,062/s
  t= 20145.3s  rows=20,146,451,905  +14,913,252  inst=994,217/s  avg=1,000,058/s
  t= 20160.3s  rows=20,161,495,975  +15,044,070  inst=1,002,938/s  avg=1,000,060/s
  t= 20175.3s  rows=20,176,540,045  +15,044,070  inst=1,002,938/s  avg=1,000,062/s
  t= 20190.3s  rows=20,191,453,297  +14,913,252  inst=994,217/s  avg=1,000,058/s
  t= 20205.3s  rows=20,206,539,476  +15,086,179  inst=1,005,745/s  avg=1,000,062/s
  t= 20220.3s  rows=20,221,452,728  +14,913,252  inst=994,217/s  avg=1,000,058/s
  t= 20235.3s  rows=20,236,496,798  +15,044,070  inst=1,002,938/s  avg=1,000,060/s
  t= 20250.3s  rows=20,251,540,868  +15,044,070  inst=1,002,938/s  avg=1,000,062/s
  t= 20265.3s  rows=20,266,584,938  +15,044,070  inst=1,002,938/s  avg=1,000,064/s
  t= 20280.3s  rows=20,281,498,190  +14,913,252  inst=994,217/s  avg=1,000,060/s
  t= 20295.3s  rows=20,296,542,260  +15,044,070  inst=1,002,938/s  avg=1,000,062/s
  t= 20310.3s  rows=20,311,455,512  +14,913,252  inst=994,217/s  avg=1,000,058/s
  t= 20325.3s  rows=20,326,499,582  +15,044,070  inst=1,002,938/s  avg=1,000,060/s
  t= 20340.3s  rows=20,341,543,652  +15,044,070  inst=1,002,938/s  avg=1,000,062/s
  t= 20355.3s  rows=20,356,456,904  +14,913,252  inst=994,217/s  avg=1,000,058/s
  t= 20370.3s  rows=20,371,500,974  +15,044,070  inst=1,002,938/s  avg=1,000,060/s
  t= 20385.3s  rows=20,386,545,044  +15,044,070  inst=1,002,938/s  avg=1,000,062/s
  t= 20400.3s  rows=20,401,458,296  +14,913,252  inst=994,217/s  avg=1,000,057/s
  t= 20415.3s  rows=20,416,502,366  +15,044,070  inst=1,002,938/s  avg=1,000,060/s
  t= 20430.3s  rows=20,431,546,436  +15,044,070  inst=1,002,938/s  avg=1,000,062/s
  t= 20445.3s  rows=20,446,459,688  +14,913,252  inst=994,217/s  avg=1,000,057/s
  t= 20460.3s  rows=20,461,503,758  +15,044,070  inst=1,002,938/s  avg=1,000,059/s
  t= 20475.3s  rows=20,476,547,828  +15,044,070  inst=1,002,938/s  avg=1,000,062/s
  t= 20490.3s  rows=20,491,461,080  +14,913,252  inst=994,217/s  avg=1,000,057/s
  t= 20505.3s  rows=20,506,505,150  +15,044,070  inst=1,002,938/s  avg=1,000,059/s
  t= 20520.3s  rows=20,521,549,220  +15,044,070  inst=1,002,938/s  avg=1,000,061/s
  t= 20535.3s  rows=20,536,462,472  +14,913,252  inst=994,217/s  avg=1,000,057/s
  t= 20550.3s  rows=20,551,506,542  +15,044,070  inst=1,002,938/s  avg=1,000,059/s
  t= 20565.3s  rows=20,566,419,794  +14,913,252  inst=994,217/s  avg=1,000,055/s
  t= 20580.3s  rows=20,581,463,864  +15,044,070  inst=1,002,938/s  avg=1,000,057/s
  t= 20595.3s  rows=20,596,507,934  +15,044,070  inst=1,002,938/s  avg=1,000,059/s
  t= 20610.3s  rows=20,611,552,004  +15,044,070  inst=1,002,938/s  avg=1,000,061/s
  t= 20625.3s  rows=20,626,465,256  +14,913,252  inst=994,217/s  avg=1,000,057/s
  t= 20640.3s  rows=20,641,509,326  +15,044,070  inst=1,002,938/s  avg=1,000,059/s
  t= 20655.3s  rows=20,656,553,396  +15,044,070  inst=1,002,938/s  avg=1,000,061/s
  t= 20670.3s  rows=20,671,466,648  +14,913,252  inst=994,217/s  avg=1,000,057/s
  t= 20685.3s  rows=20,686,510,718  +15,044,070  inst=1,002,938/s  avg=1,000,059/s
  t= 20700.3s  rows=20,701,423,970  +14,913,252  inst=994,217/s  avg=1,000,055/s
  t= 20715.3s  rows=20,716,468,040  +15,044,070  inst=1,002,938/s  avg=1,000,057/s
  t= 20730.3s  rows=20,731,512,110  +15,044,070  inst=1,002,938/s  avg=1,000,059/s
  t= 20745.3s  rows=20,746,425,362  +14,913,252  inst=994,217/s  avg=1,000,055/s
  t= 20760.3s  rows=20,761,469,432  +15,044,070  inst=1,002,938/s  avg=1,000,057/s
  t= 20775.3s  rows=20,776,513,502  +15,044,070  inst=1,002,938/s  avg=1,000,059/s
  t= 20790.3s  rows=20,791,557,572  +15,044,070  inst=1,002,938/s  avg=1,000,061/s
  t= 20805.3s  rows=20,806,470,824  +14,913,252  inst=994,217/s  avg=1,000,057/s
  t= 20820.3s  rows=20,821,514,894  +15,044,070  inst=1,002,938/s  avg=1,000,059/s
  t= 20835.3s  rows=20,836,558,964  +15,044,070  inst=1,002,938/s  avg=1,000,061/s
  t= 20850.3s  rows=20,851,472,216  +14,913,252  inst=994,217/s  avg=1,000,057/s
  t= 20865.3s  rows=20,866,516,286  +15,044,070  inst=1,002,938/s  avg=1,000,059/s
  t= 20880.3s  rows=20,881,560,356  +15,044,070  inst=1,002,938/s  avg=1,000,061/s
  t= 20895.3s  rows=20,896,473,608  +14,913,252  inst=994,217/s  avg=1,000,057/s
  t= 20910.3s  rows=20,911,517,678  +15,044,070  inst=1,002,938/s  avg=1,000,059/s
  t= 20925.3s  rows=20,926,476,100  +14,958,422  inst=997,228/s  avg=1,000,057/s
  t= 20940.3s  rows=20,941,520,170  +15,044,070  inst=1,002,938/s  avg=1,000,059/s
  t= 20955.3s  rows=20,956,433,422  +14,913,252  inst=994,217/s  avg=1,000,054/s
  t= 20970.3s  rows=20,971,477,492  +15,044,070  inst=1,002,938/s  avg=1,000,057/s
  t= 20985.3s  rows=20,986,521,562  +15,044,070  inst=1,002,938/s  avg=1,000,059/s
  t= 21000.3s  rows=21,001,565,632  +15,044,070  inst=1,002,938/s  avg=1,000,061/s
  t= 21015.3s  rows=21,016,478,884  +14,913,252  inst=994,217/s  avg=1,000,056/s
  t= 21030.3s  rows=21,031,522,954  +15,044,070  inst=1,002,938/s  avg=1,000,058/s
  t= 21045.3s  rows=21,046,567,024  +15,044,070  inst=1,002,938/s  avg=1,000,061/s
  t= 21060.3s  rows=21,061,480,276  +14,913,252  inst=994,217/s  avg=1,000,056/s
  t= 21075.3s  rows=21,076,524,346  +15,044,070  inst=1,002,938/s  avg=1,000,058/s
  t= 21090.3s  rows=21,091,568,416  +15,044,070  inst=1,002,938/s  avg=1,000,060/s
  t= 21105.3s  rows=21,106,481,668  +14,913,252  inst=994,217/s  avg=1,000,056/s
  t= 21120.3s  rows=21,121,525,738  +15,044,070  inst=1,002,938/s  avg=1,000,058/s
  t= 21135.3s  rows=21,136,438,990  +14,913,252  inst=994,217/s  avg=1,000,054/s
  t= 21150.3s  rows=21,151,483,060  +15,044,070  inst=1,002,938/s  avg=1,000,056/s
  t= 21165.3s  rows=21,166,527,130  +15,044,070  inst=1,002,938/s  avg=1,000,058/s
  t= 21180.3s  rows=21,181,440,382  +14,913,252  inst=994,217/s  avg=1,000,054/s
  t= 21195.3s  rows=21,196,484,452  +15,044,070  inst=1,002,938/s  avg=1,000,056/s
  t= 21210.3s  rows=21,211,528,522  +15,044,070  inst=1,002,938/s  avg=1,000,058/s
  t= 21225.3s  rows=21,226,441,774  +14,913,252  inst=994,217/s  avg=1,000,054/s
  t= 21240.3s  rows=21,241,485,844  +15,044,070  inst=1,002,938/s  avg=1,000,056/s
  t= 21255.3s  rows=21,256,529,914  +15,044,070  inst=1,002,938/s  avg=1,000,058/s
  t= 21270.3s  rows=21,271,573,984  +15,044,070  inst=1,002,938/s  avg=1,000,060/s
  t= 21285.3s  rows=21,286,487,236  +14,913,252  inst=994,217/s  avg=1,000,056/s
  t= 21300.3s  rows=21,301,531,306  +15,044,070  inst=1,002,938/s  avg=1,000,058/s
  t= 21315.3s  rows=21,316,575,376  +15,044,070  inst=1,002,938/s  avg=1,000,060/s
  t= 21330.3s  rows=21,331,488,628  +14,913,252  inst=994,217/s  avg=1,000,056/s
  t= 21345.3s  rows=21,346,532,698  +15,044,070  inst=1,002,938/s  avg=1,000,058/s
  t= 21360.3s  rows=21,361,576,768  +15,044,070  inst=1,002,938/s  avg=1,000,060/s
  t= 21375.3s  rows=21,376,490,020  +14,913,252  inst=994,217/s  avg=1,000,056/s
  t= 21390.3s  rows=21,391,534,090  +15,044,070  inst=1,002,938/s  avg=1,000,058/s
  t= 21405.3s  rows=21,406,578,160  +15,044,070  inst=1,002,938/s  avg=1,000,060/s
  t= 21420.3s  rows=21,421,491,412  +14,913,252  inst=994,217/s  avg=1,000,056/s
  t= 21435.3s  rows=21,436,535,482  +15,044,070  inst=1,002,938/s  avg=1,000,058/s
  t= 21450.3s  rows=21,451,579,552  +15,044,070  inst=1,002,938/s  avg=1,000,060/s
  t= 21465.3s  rows=21,466,492,804  +14,913,252  inst=994,217/s  avg=1,000,056/s
  t= 21480.3s  rows=21,481,536,874  +15,044,070  inst=1,002,938/s  avg=1,000,058/s
  t= 21495.3s  rows=21,496,580,944  +15,044,070  inst=1,002,938/s  avg=1,000,060/s
  t= 21510.3s  rows=21,511,494,196  +14,913,252  inst=994,217/s  avg=1,000,056/s
  t= 21525.3s  rows=21,526,538,266  +15,044,070  inst=1,002,938/s  avg=1,000,058/s
  t= 21540.3s  rows=21,541,582,336  +15,044,070  inst=1,002,938/s  avg=1,000,060/s
  t= 21555.3s  rows=21,556,495,588  +14,913,252  inst=994,217/s  avg=1,000,056/s
  t= 21570.3s  rows=21,571,539,658  +15,044,070  inst=1,002,938/s  avg=1,000,058/s
  t= 21585.3s  rows=21,586,452,910  +14,913,252  inst=994,217/s  avg=1,000,053/s
  t= 21600.3s  rows=21,601,496,980  +15,044,070  inst=1,002,938/s  avg=1,000,055/s
  t= 21615.3s  rows=21,616,489,043  +14,992,063  inst=999,471/s  avg=1,000,055/s
  t= 21630.3s  rows=21,631,533,113  +15,044,070  inst=1,002,938/s  avg=1,000,057/s
  t= 21645.3s  rows=21,646,446,365  +14,913,252  inst=994,217/s  avg=1,000,053/s
  t= 21660.3s  rows=21,661,490,435  +15,044,070  inst=1,002,938/s  avg=1,000,055/s
  t= 21675.3s  rows=21,676,534,505  +15,044,070  inst=1,002,938/s  avg=1,000,057/s
  t= 21690.3s  rows=21,691,578,575  +15,044,070  inst=1,002,938/s  avg=1,000,059/s
  t= 21705.3s  rows=21,706,491,827  +14,913,252  inst=994,217/s  avg=1,000,055/s
  t= 21720.3s  rows=21,721,535,897  +15,044,070  inst=1,002,938/s  avg=1,000,057/s
  t= 21735.3s  rows=21,736,579,967  +15,044,070  inst=1,002,938/s  avg=1,000,059/s
  t= 21750.3s  rows=21,751,493,219  +14,913,252  inst=994,217/s  avg=1,000,055/s
  t= 21765.3s  rows=21,766,537,289  +15,044,070  inst=1,002,938/s  avg=1,000,057/s
  t= 21780.3s  rows=21,781,581,359  +15,044,070  inst=1,002,938/s  avg=1,000,059/s
  t= 21795.3s  rows=21,796,494,611  +14,913,252  inst=994,217/s  avg=1,000,055/s
  t= 21810.3s  rows=21,811,538,681  +15,044,070  inst=1,002,938/s  avg=1,000,057/s
  t= 21825.3s  rows=21,826,451,933  +14,913,252  inst=994,217/s  avg=1,000,053/s
  t= 21840.3s  rows=21,841,496,003  +15,044,070  inst=1,002,938/s  avg=1,000,055/s
  t= 21855.3s  rows=21,856,540,073  +15,044,070  inst=1,002,938/s  avg=1,000,057/s
  t= 21870.3s  rows=21,871,584,143  +15,044,070  inst=1,002,938/s  avg=1,000,059/s
  t= 21885.3s  rows=21,886,497,395  +14,913,252  inst=994,217/s  avg=1,000,055/s
  t= 21900.3s  rows=21,901,541,465  +15,044,070  inst=1,002,938/s  avg=1,000,057/s
  t= 21915.3s  rows=21,916,577,162  +15,035,697  inst=1,002,380/s  avg=1,000,058/s
  t= 21930.3s  rows=21,931,359,596  +14,782,434  inst=985,496/s  avg=1,000,048/s
  t= 21945.3s  rows=21,946,534,484  +15,174,888  inst=1,011,659/s  avg=1,000,056/s
  t= 21960.3s  rows=21,961,578,554  +15,044,070  inst=1,002,938/s  avg=1,000,058/s
  t= 21975.3s  rows=21,976,491,806  +14,913,252  inst=994,217/s  avg=1,000,054/s
  t= 21990.3s  rows=21,991,535,876  +15,044,070  inst=1,002,938/s  avg=1,000,056/s
  t= 22005.3s  rows=22,006,579,946  +15,044,070  inst=1,002,938/s  avg=1,000,058/s
  t= 22020.3s  rows=22,021,493,198  +14,913,252  inst=994,217/s  avg=1,000,054/s
  t= 22035.3s  rows=22,036,537,268  +15,044,070  inst=1,002,938/s  avg=1,000,056/s
  t= 22050.3s  rows=22,051,581,338  +15,044,070  inst=1,002,938/s  avg=1,000,058/s
  t= 22065.3s  rows=22,066,494,590  +14,913,252  inst=994,217/s  avg=1,000,054/s
  t= 22080.3s  rows=22,081,538,660  +15,044,070  inst=1,002,938/s  avg=1,000,056/s
  t= 22095.3s  rows=22,096,582,730  +15,044,070  inst=1,002,938/s  avg=1,000,058/s
  t= 22110.3s  rows=22,111,495,982  +14,913,252  inst=994,217/s  avg=1,000,054/s
  t= 22125.3s  rows=22,126,540,052  +15,044,070  inst=1,002,938/s  avg=1,000,056/s
  t= 22140.3s  rows=22,141,584,122  +15,044,070  inst=1,002,938/s  avg=1,000,058/s
  t= 22155.3s  rows=22,156,497,374  +14,913,252  inst=994,217/s  avg=1,000,054/s
  t= 22170.3s  rows=22,171,541,444  +15,044,070  inst=1,002,938/s  avg=1,000,056/s
  t= 22185.3s  rows=22,186,454,696  +14,913,252  inst=994,217/s  avg=1,000,052/s
  t= 22200.3s  rows=22,201,498,766  +15,044,070  inst=1,002,938/s  avg=1,000,054/s
  t= 22215.3s  rows=22,216,542,836  +15,044,070  inst=1,002,938/s  avg=1,000,056/s
  t= 22230.3s  rows=22,231,586,906  +15,044,070  inst=1,002,938/s  avg=1,000,058/s
  t= 22245.3s  rows=22,246,500,158  +14,913,252  inst=994,217/s  avg=1,000,054/s
  t= 22260.3s  rows=22,261,544,228  +15,044,070  inst=1,002,938/s  avg=1,000,056/s
  t= 22275.3s  rows=22,276,588,298  +15,044,070  inst=1,002,938/s  avg=1,000,058/s
  t= 22290.3s  rows=22,291,501,550  +14,913,252  inst=994,217/s  avg=1,000,054/s
  t= 22305.3s  rows=22,306,545,620  +15,044,070  inst=1,002,938/s  avg=1,000,056/s
  t= 22320.3s  rows=22,321,458,872  +14,913,252  inst=994,217/s  avg=1,000,052/s
  t= 22335.3s  rows=22,336,502,942  +15,044,070  inst=1,002,938/s  avg=1,000,054/s
  t= 22350.3s  rows=22,351,547,012  +15,044,070  inst=1,002,938/s  avg=1,000,056/s
  t= 22365.3s  rows=22,366,460,264  +14,913,252  inst=994,217/s  avg=1,000,052/s
  t= 22380.3s  rows=22,381,504,334  +15,044,070  inst=1,002,938/s  avg=1,000,054/s
  t= 22395.3s  rows=22,396,417,586  +14,913,252  inst=994,217/s  avg=1,000,050/s
  t= 22410.3s  rows=22,411,461,656  +15,044,070  inst=1,002,938/s  avg=1,000,052/s
  t= 22425.3s  rows=22,426,505,726  +15,044,070  inst=1,002,938/s  avg=1,000,053/s
  t= 22440.3s  rows=22,441,549,796  +15,044,070  inst=1,002,938/s  avg=1,000,055/s
  t= 22455.3s  rows=22,456,463,048  +14,913,252  inst=994,217/s  avg=1,000,051/s
  t= 22470.3s  rows=22,471,507,118  +15,044,070  inst=1,002,938/s  avg=1,000,053/s
  t= 22485.3s  rows=22,486,551,188  +15,044,070  inst=1,002,938/s  avg=1,000,055/s
  t= 22500.3s  rows=22,501,464,440  +14,913,252  inst=994,217/s  avg=1,000,051/s
  t= 22515.3s  rows=22,516,508,510  +15,044,070  inst=1,002,938/s  avg=1,000,053/s
  t= 22530.3s  rows=22,531,552,580  +15,044,070  inst=1,002,938/s  avg=1,000,055/s
  t= 22545.3s  rows=22,546,596,650  +15,044,070  inst=1,002,938/s  avg=1,000,057/s
  t= 22560.3s  rows=22,561,509,902  +14,913,252  inst=994,217/s  avg=1,000,053/s
  t= 22575.3s  rows=22,576,553,972  +15,044,070  inst=1,002,938/s  avg=1,000,055/s
  t= 22590.3s  rows=22,591,598,042  +15,044,070  inst=1,002,938/s  avg=1,000,057/s
  t= 22605.3s  rows=22,606,511,294  +14,913,252  inst=994,217/s  avg=1,000,053/s
  t= 22620.3s  rows=22,621,603,144  +15,091,850  inst=1,006,123/s  avg=1,000,057/s
  t= 22635.3s  rows=22,636,516,396  +14,913,252  inst=994,217/s  avg=1,000,053/s
  t= 22650.3s  rows=22,651,560,466  +15,044,070  inst=1,002,938/s  avg=1,000,055/s
  t= 22665.3s  rows=22,666,473,718  +14,913,252  inst=994,217/s  avg=1,000,051/s
  t= 22680.3s  rows=22,681,517,788  +15,044,070  inst=1,002,938/s  avg=1,000,053/s
  t= 22695.3s  rows=22,696,431,040  +14,913,252  inst=994,217/s  avg=1,000,049/s
  t= 22710.3s  rows=22,711,605,928  +15,174,888  inst=1,011,659/s  avg=1,000,057/s
  t= 22725.3s  rows=22,726,519,180  +14,913,252  inst=994,217/s  avg=1,000,053/s
  t= 22740.3s  rows=22,741,563,250  +15,044,070  inst=1,002,938/s  avg=1,000,055/s
  t= 22755.3s  rows=22,756,476,502  +14,913,252  inst=994,217/s  avg=1,000,051/s
  t= 22770.3s  rows=22,771,520,572  +15,044,070  inst=1,002,938/s  avg=1,000,053/s
  t= 22785.3s  rows=22,786,564,642  +15,044,070  inst=1,002,938/s  avg=1,000,055/s
  t= 22800.3s  rows=22,801,477,894  +14,913,252  inst=994,217/s  avg=1,000,051/s
  t= 22815.3s  rows=22,816,521,964  +15,044,070  inst=1,002,938/s  avg=1,000,053/s
  t= 22830.3s  rows=22,831,435,216  +14,913,252  inst=994,217/s  avg=1,000,049/s
  t= 22845.3s  rows=22,846,479,286  +15,044,070  inst=1,002,938/s  avg=1,000,051/s
  t= 22860.3s  rows=22,861,523,356  +15,044,070  inst=1,002,938/s  avg=1,000,053/s
  t= 22875.3s  rows=22,876,567,426  +15,044,070  inst=1,002,938/s  avg=1,000,055/s
  t= 22890.3s  rows=22,891,480,678  +14,913,252  inst=994,217/s  avg=1,000,051/s
  t= 22905.3s  rows=22,906,524,748  +15,044,070  inst=1,002,938/s  avg=1,000,053/s
  t= 22920.3s  rows=22,921,568,818  +15,044,070  inst=1,002,938/s  avg=1,000,055/s
  t= 22935.3s  rows=22,936,482,070  +14,913,252  inst=994,217/s  avg=1,000,051/s
  t= 22950.3s  rows=22,951,526,140  +15,044,070  inst=1,002,938/s  avg=1,000,053/s
  t= 22965.3s  rows=22,966,570,210  +15,044,070  inst=1,002,938/s  avg=1,000,055/s
  t= 22980.3s  rows=22,981,483,462  +14,913,252  inst=994,217/s  avg=1,000,051/s
  t= 22995.3s  rows=22,996,527,532  +15,044,070  inst=1,002,938/s  avg=1,000,053/s
  t= 23010.3s  rows=23,011,571,602  +15,044,070  inst=1,002,938/s  avg=1,000,055/s
  t= 23025.3s  rows=23,026,484,854  +14,913,252  inst=994,217/s  avg=1,000,051/s
  t= 23040.3s  rows=23,041,528,924  +15,044,070  inst=1,002,938/s  avg=1,000,053/s
  t= 23055.3s  rows=23,056,572,994  +15,044,070  inst=1,002,938/s  avg=1,000,055/s
  t= 23070.3s  rows=23,071,486,246  +14,913,252  inst=994,217/s  avg=1,000,051/s
  t= 23085.3s  rows=23,086,530,316  +15,044,070  inst=1,002,938/s  avg=1,000,053/s
  t= 23100.3s  rows=23,101,443,568  +14,913,252  inst=994,217/s  avg=1,000,049/s
  t= 23115.3s  rows=23,116,487,638  +15,044,070  inst=1,002,938/s  avg=1,000,051/s
  t= 23130.3s  rows=23,131,531,708  +15,044,070  inst=1,002,938/s  avg=1,000,053/s
  t= 23145.3s  rows=23,146,444,960  +14,913,252  inst=994,217/s  avg=1,000,049/s
  t= 23160.3s  rows=23,161,489,030  +15,044,070  inst=1,002,938/s  avg=1,000,051/s
  t= 23175.3s  rows=23,176,533,100  +15,044,070  inst=1,002,938/s  avg=1,000,053/s
  t= 23190.3s  rows=23,191,577,170  +15,044,070  inst=1,002,938/s  avg=1,000,054/s
  t= 23205.3s  rows=23,206,490,422  +14,913,252  inst=994,217/s  avg=1,000,051/s
  t= 23220.3s  rows=23,221,534,492  +15,044,070  inst=1,002,938/s  avg=1,000,053/s
  t= 23235.3s  rows=23,236,578,562  +15,044,070  inst=1,002,938/s  avg=1,000,054/s
  t= 23250.3s  rows=23,251,491,814  +14,913,252  inst=994,217/s  avg=1,000,051/s
  t= 23265.3s  rows=23,266,535,884  +15,044,070  inst=1,002,938/s  avg=1,000,052/s
  t= 23280.3s  rows=23,281,579,954  +15,044,070  inst=1,002,938/s  avg=1,000,054/s
  t= 23295.3s  rows=23,296,493,206  +14,913,252  inst=994,217/s  avg=1,000,051/s
  t= 23310.3s  rows=23,311,537,276  +15,044,070  inst=1,002,938/s  avg=1,000,052/s
  t= 23325.3s  rows=23,326,561,960  +15,024,684  inst=1,001,646/s  avg=1,000,053/s
  t= 23340.3s  rows=23,341,606,030  +15,044,070  inst=1,002,938/s  avg=1,000,055/s
  t= 23355.3s  rows=23,356,519,282  +14,913,252  inst=994,217/s  avg=1,000,052/s
  t= 23370.3s  rows=23,371,563,352  +15,044,070  inst=1,002,938/s  avg=1,000,053/s
  t= 23385.3s  rows=23,386,476,604  +14,913,252  inst=994,217/s  avg=1,000,050/s
  t= 23400.3s  rows=23,401,520,674  +15,044,070  inst=1,002,938/s  avg=1,000,051/s
  t= 23415.3s  rows=23,416,564,744  +15,044,070  inst=1,002,938/s  avg=1,000,053/s
  t= 23430.3s  rows=23,431,608,814  +15,044,070  inst=1,002,938/s  avg=1,000,055/s
  t= 23445.3s  rows=23,446,522,066  +14,913,252  inst=994,217/s  avg=1,000,051/s
  t= 23460.3s  rows=23,461,566,136  +15,044,070  inst=1,002,938/s  avg=1,000,053/s
  t= 23475.3s  rows=23,476,479,388  +14,913,252  inst=994,217/s  avg=1,000,050/s
  t= 23490.3s  rows=23,491,523,458  +15,044,070  inst=1,002,938/s  avg=1,000,051/s
  t= 23505.3s  rows=23,506,567,528  +15,044,070  inst=1,002,938/s  avg=1,000,053/s
  t= 23520.3s  rows=23,521,480,780  +14,913,252  inst=994,217/s  avg=1,000,049/s
  t= 23535.3s  rows=23,536,524,850  +15,044,070  inst=1,002,938/s  avg=1,000,051/s
  t= 23550.3s  rows=23,551,568,920  +15,044,070  inst=1,002,938/s  avg=1,000,053/s
  t= 23565.3s  rows=23,566,482,172  +14,913,252  inst=994,217/s  avg=1,000,049/s
  t= 23580.3s  rows=23,581,526,242  +15,044,070  inst=1,002,938/s  avg=1,000,051/s
  t= 23595.3s  rows=23,596,570,312  +15,044,070  inst=1,002,938/s  avg=1,000,053/s
  t= 23610.3s  rows=23,611,483,564  +14,913,252  inst=994,217/s  avg=1,000,049/s
  t= 23625.3s  rows=23,626,527,634  +15,044,070  inst=1,002,938/s  avg=1,000,051/s
  t= 23640.3s  rows=23,641,571,704  +15,044,070  inst=1,002,938/s  avg=1,000,053/s
  t= 23655.3s  rows=23,656,484,956  +14,913,252  inst=994,217/s  avg=1,000,049/s
  t= 23670.3s  rows=23,671,529,026  +15,044,070  inst=1,002,938/s  avg=1,000,051/s
  t= 23685.3s  rows=23,686,573,096  +15,044,070  inst=1,002,938/s  avg=1,000,053/s
  t= 23700.3s  rows=23,701,486,348  +14,913,252  inst=994,217/s  avg=1,000,049/s
  t= 23715.3s  rows=23,716,530,418  +15,044,070  inst=1,002,938/s  avg=1,000,051/s
  t= 23730.3s  rows=23,731,574,488  +15,044,070  inst=1,002,938/s  avg=1,000,053/s
  t= 23745.3s  rows=23,746,487,740  +14,913,252  inst=994,217/s  avg=1,000,049/s
  t= 23760.3s  rows=23,761,531,810  +15,044,070  inst=1,002,938/s  avg=1,000,051/s
  t= 23775.3s  rows=23,776,575,880  +15,044,070  inst=1,002,938/s  avg=1,000,053/s
  t= 23790.3s  rows=23,791,489,132  +14,913,252  inst=994,217/s  avg=1,000,049/s
  t= 23805.3s  rows=23,806,533,202  +15,044,070  inst=1,002,938/s  avg=1,000,051/s
  t= 23820.3s  rows=23,821,446,454  +14,913,252  inst=994,217/s  avg=1,000,047/s
  t= 23835.3s  rows=23,836,490,524  +15,044,070  inst=1,002,938/s  avg=1,000,049/s
  t= 23850.3s  rows=23,851,534,594  +15,044,070  inst=1,002,938/s  avg=1,000,051/s
  t= 23865.3s  rows=23,866,447,846  +14,913,252  inst=994,217/s  avg=1,000,047/s
  t= 23880.3s  rows=23,881,491,916  +15,044,070  inst=1,002,938/s  avg=1,000,049/s
  t= 23895.3s  rows=23,896,535,986  +15,044,070  inst=1,002,938/s  avg=1,000,051/s
  t= 23910.3s  rows=23,911,580,056  +15,044,070  inst=1,002,938/s  avg=1,000,053/s
  t= 23925.3s  rows=23,926,493,308  +14,913,252  inst=994,217/s  avg=1,000,049/s
  t= 23940.3s  rows=23,941,531,109  +15,037,801  inst=1,002,520/s  avg=1,000,051/s
  t= 23955.3s  rows=23,956,575,179  +15,044,070  inst=1,002,938/s  avg=1,000,052/s
  t= 23970.3s  rows=23,971,488,431  +14,913,252  inst=994,217/s  avg=1,000,049/s
  t= 23985.3s  rows=23,986,532,501  +15,044,070  inst=1,002,938/s  avg=1,000,050/s
  t= 24000.3s  rows=24,001,576,571  +15,044,070  inst=1,002,938/s  avg=1,000,052/s
  t= 24015.3s  rows=24,016,489,823  +14,913,252  inst=994,217/s  avg=1,000,049/s
  t= 24030.3s  rows=24,031,533,893  +15,044,070  inst=1,002,938/s  avg=1,000,050/s
  t= 24045.3s  rows=24,046,577,963  +15,044,070  inst=1,002,938/s  avg=1,000,052/s
  t= 24060.3s  rows=24,061,491,215  +14,913,252  inst=994,217/s  avg=1,000,049/s
  t= 24075.3s  rows=24,076,535,285  +15,044,070  inst=1,002,938/s  avg=1,000,050/s
  t= 24090.3s  rows=24,091,579,355  +15,044,070  inst=1,002,938/s  avg=1,000,052/s
  t= 24105.3s  rows=24,106,492,607  +14,913,252  inst=994,217/s  avg=1,000,049/s
  t= 24120.3s  rows=24,121,536,677  +15,044,070  inst=1,002,938/s  avg=1,000,050/s
  t= 24135.3s  rows=24,136,580,747  +15,044,070  inst=1,002,938/s  avg=1,000,052/s
  t= 24150.3s  rows=24,151,493,999  +14,913,252  inst=994,217/s  avg=1,000,048/s
  t= 24165.3s  rows=24,166,538,069  +15,044,070  inst=1,002,938/s  avg=1,000,050/s
  t= 24180.3s  rows=24,181,582,139  +15,044,070  inst=1,002,938/s  avg=1,000,052/s
  t= 24195.3s  rows=24,196,495,391  +14,913,252  inst=994,217/s  avg=1,000,048/s
  t= 24210.3s  rows=24,211,539,461  +15,044,070  inst=1,002,938/s  avg=1,000,050/s
  t= 24225.3s  rows=24,226,583,531  +15,044,070  inst=1,002,938/s  avg=1,000,052/s
  t= 24240.3s  rows=24,241,496,783  +14,913,252  inst=994,217/s  avg=1,000,048/s
  t= 24255.3s  rows=24,256,540,853  +15,044,070  inst=1,002,938/s  avg=1,000,050/s
  t= 24270.3s  rows=24,271,584,923  +15,044,070  inst=1,002,938/s  avg=1,000,052/s
  t= 24285.3s  rows=24,286,498,175  +14,913,252  inst=994,217/s  avg=1,000,048/s
  t= 24300.3s  rows=24,301,542,245  +15,044,070  inst=1,002,938/s  avg=1,000,050/s
  t= 24315.3s  rows=24,316,586,315  +15,044,070  inst=1,002,938/s  avg=1,000,052/s
  t= 24330.3s  rows=24,331,499,567  +14,913,252  inst=994,217/s  avg=1,000,048/s
  t= 24345.3s  rows=24,346,543,637  +15,044,070  inst=1,002,938/s  avg=1,000,050/s
  t= 24360.3s  rows=24,361,587,707  +15,044,070  inst=1,002,938/s  avg=1,000,052/s
  t= 24375.3s  rows=24,376,500,959  +14,913,252  inst=994,217/s  avg=1,000,048/s
  t= 24390.3s  rows=24,391,545,029  +15,044,070  inst=1,002,938/s  avg=1,000,050/s
  t= 24405.3s  rows=24,406,589,099  +15,044,070  inst=1,002,938/s  avg=1,000,052/s
  t= 24420.3s  rows=24,421,502,351  +14,913,252  inst=994,217/s  avg=1,000,048/s
  t= 24435.3s  rows=24,436,546,421  +15,044,070  inst=1,002,938/s  avg=1,000,050/s
  t= 24450.3s  rows=24,451,590,491  +15,044,070  inst=1,002,938/s  avg=1,000,052/s
  t= 24465.3s  rows=24,466,503,743  +14,913,252  inst=994,217/s  avg=1,000,048/s
  t= 24480.3s  rows=24,481,547,813  +15,044,070  inst=1,002,938/s  avg=1,000,050/s
  t= 24495.3s  rows=24,496,591,883  +15,044,070  inst=1,002,938/s  avg=1,000,052/s
  t= 24510.3s  rows=24,511,505,135  +14,913,252  inst=994,217/s  avg=1,000,048/s
  t= 24525.3s  rows=24,526,549,205  +15,044,070  inst=1,002,938/s  avg=1,000,050/s
  t= 24540.3s  rows=24,541,462,457  +14,913,252  inst=994,217/s  avg=1,000,046/s
  t= 24555.3s  rows=24,556,506,527  +15,044,070  inst=1,002,938/s  avg=1,000,048/s
  t= 24570.3s  rows=24,571,419,779  +14,913,252  inst=994,217/s  avg=1,000,044/s
  t= 24585.3s  rows=24,586,463,849  +15,044,070  inst=1,002,938/s  avg=1,000,046/s
  t= 24600.3s  rows=24,601,521,471  +15,057,622  inst=1,003,841/s  avg=1,000,048/s
  t= 24615.3s  rows=24,616,565,541  +15,044,070  inst=1,002,938/s  avg=1,000,050/s
  t= 24630.3s  rows=24,631,478,793  +14,913,252  inst=994,217/s  avg=1,000,047/s
  t= 24645.3s  rows=24,646,522,863  +15,044,070  inst=1,002,938/s  avg=1,000,048/s
  t= 24660.3s  rows=24,661,566,933  +15,044,070  inst=1,002,938/s  avg=1,000,050/s
  t= 24675.3s  rows=24,676,611,003  +15,044,070  inst=1,002,938/s  avg=1,000,052/s
  t= 24690.3s  rows=24,691,524,255  +14,913,252  inst=994,217/s  avg=1,000,048/s
  t= 24705.3s  rows=24,706,568,325  +15,044,070  inst=1,002,938/s  avg=1,000,050/s
  t= 24720.3s  rows=24,721,612,395  +15,044,070  inst=1,002,938/s  avg=1,000,052/s
  t= 24735.3s  rows=24,736,525,647  +14,913,252  inst=994,217/s  avg=1,000,048/s
  t= 24750.3s  rows=24,751,569,717  +15,044,070  inst=1,002,938/s  avg=1,000,050/s
  t= 24765.3s  rows=24,766,482,969  +14,913,252  inst=994,217/s  avg=1,000,047/s
  t= 24780.3s  rows=24,781,527,039  +15,044,070  inst=1,002,938/s  avg=1,000,048/s
  t= 24795.3s  rows=24,796,571,109  +15,044,070  inst=1,002,938/s  avg=1,000,050/s
  t= 24810.3s  rows=24,811,615,179  +15,044,070  inst=1,002,938/s  avg=1,000,052/s
  t= 24825.3s  rows=24,826,528,431  +14,913,252  inst=994,217/s  avg=1,000,048/s
  t= 24840.3s  rows=24,841,572,501  +15,044,070  inst=1,002,938/s  avg=1,000,050/s
  t= 24855.3s  rows=24,856,616,571  +15,044,070  inst=1,002,938/s  avg=1,000,052/s
  t= 24870.3s  rows=24,871,529,823  +14,913,252  inst=994,217/s  avg=1,000,048/s
  t= 24885.3s  rows=24,886,573,893  +15,044,070  inst=1,002,938/s  avg=1,000,050/s
  t= 24900.3s  rows=24,901,487,145  +14,913,252  inst=994,217/s  avg=1,000,046/s
  t= 24915.3s  rows=24,916,531,215  +15,044,070  inst=1,002,938/s  avg=1,000,048/s
  t= 24930.3s  rows=24,931,575,285  +15,044,070  inst=1,002,938/s  avg=1,000,050/s
  t= 24945.3s  rows=24,946,619,355  +15,044,070  inst=1,002,938/s  avg=1,000,052/s
  t= 24960.3s  rows=24,961,532,607  +14,913,252  inst=994,217/s  avg=1,000,048/s
  t= 24975.3s  rows=24,976,576,677  +15,044,070  inst=1,002,938/s  avg=1,000,050/s
  t= 24990.3s  rows=24,991,489,929  +14,913,252  inst=994,217/s  avg=1,000,046/s
  t= 25005.3s  rows=25,006,533,999  +15,044,070  inst=1,002,938/s  avg=1,000,048/s
  t= 25020.3s  rows=25,021,578,069  +15,044,070  inst=1,002,938/s  avg=1,000,050/s
  t= 25035.3s  rows=25,036,622,139  +15,044,070  inst=1,002,938/s  avg=1,000,052/s
  t= 25050.3s  rows=25,051,535,391  +14,913,252  inst=994,217/s  avg=1,000,048/s
  t= 25065.3s  rows=25,066,579,461  +15,044,070  inst=1,002,938/s  avg=1,000,050/s
  t= 25080.3s  rows=25,081,623,531  +15,044,070  inst=1,002,938/s  avg=1,000,051/s
  t= 25095.3s  rows=25,096,536,783  +14,913,252  inst=994,217/s  avg=1,000,048/s
  t= 25110.3s  rows=25,111,580,853  +15,044,070  inst=1,002,938/s  avg=1,000,050/s
  t= 25125.3s  rows=25,126,494,105  +14,913,252  inst=994,217/s  avg=1,000,046/s
  t= 25140.3s  rows=25,141,538,175  +15,044,070  inst=1,002,938/s  avg=1,000,048/s
  t= 25155.3s  rows=25,156,582,245  +15,044,070  inst=1,002,938/s  avg=1,000,050/s
  t= 25170.3s  rows=25,171,495,497  +14,913,252  inst=994,217/s  avg=1,000,046/s
  t= 25185.3s  rows=25,186,539,567  +15,044,070  inst=1,002,938/s  avg=1,000,048/s
  t= 25200.3s  rows=25,201,583,637  +15,044,070  inst=1,002,938/s  avg=1,000,050/s
  t= 25215.3s  rows=25,216,627,707  +15,044,070  inst=1,002,938/s  avg=1,000,051/s
  t= 25230.3s  rows=25,231,540,959  +14,913,252  inst=994,217/s  avg=1,000,048/s
  t= 25245.3s  rows=25,246,585,029  +15,044,070  inst=1,002,938/s  avg=1,000,050/s
  t= 25260.3s  rows=25,261,498,281  +14,913,252  inst=994,217/s  avg=1,000,046/s
  t= 25275.3s  rows=25,276,542,351  +15,044,070  inst=1,002,938/s  avg=1,000,048/s
  t= 25290.3s  rows=25,291,455,603  +14,913,252  inst=994,217/s  avg=1,000,044/s
  t= 25305.3s  rows=25,306,590,497  +15,134,894  inst=1,008,993/s  avg=1,000,050/s
  t= 25320.3s  rows=25,321,579,082  +14,988,585  inst=999,239/s  avg=1,000,049/s
  t= 25335.3s  rows=25,336,623,152  +15,044,070  inst=1,002,938/s  avg=1,000,051/s
  t= 25350.3s  rows=25,351,536,404  +14,913,252  inst=994,217/s  avg=1,000,047/s
  t= 25365.3s  rows=25,366,580,474  +15,044,070  inst=1,002,938/s  avg=1,000,049/s
  t= 25380.3s  rows=25,381,624,544  +15,044,070  inst=1,002,938/s  avg=1,000,051/s
  t= 25395.3s  rows=25,396,537,796  +14,913,252  inst=994,217/s  avg=1,000,047/s
  t= 25410.3s  rows=25,411,581,866  +15,044,070  inst=1,002,938/s  avg=1,000,049/s
  t= 25425.3s  rows=25,426,495,118  +14,913,252  inst=994,217/s  avg=1,000,046/s
  t= 25440.3s  rows=25,441,539,188  +15,044,070  inst=1,002,938/s  avg=1,000,047/s
  t= 25455.3s  rows=25,456,583,258  +15,044,070  inst=1,002,938/s  avg=1,000,049/s
  t= 25470.3s  rows=25,471,496,510  +14,913,252  inst=994,217/s  avg=1,000,046/s
  t= 25485.3s  rows=25,486,540,580  +15,044,070  inst=1,002,938/s  avg=1,000,047/s
  t= 25500.3s  rows=25,501,584,650  +15,044,070  inst=1,002,938/s  avg=1,000,049/s
  t= 25515.3s  rows=25,516,497,902  +14,913,252  inst=994,217/s  avg=1,000,045/s
  t= 25530.3s  rows=25,531,541,972  +15,044,070  inst=1,002,938/s  avg=1,000,047/s
  t= 25545.3s  rows=25,546,586,042  +15,044,070  inst=1,002,938/s  avg=1,000,049/s
  t= 25560.3s  rows=25,561,630,112  +15,044,070  inst=1,002,938/s  avg=1,000,051/s
  t= 25575.3s  rows=25,576,543,364  +14,913,252  inst=994,217/s  avg=1,000,047/s
  t= 25590.3s  rows=25,591,587,434  +15,044,070  inst=1,002,938/s  avg=1,000,049/s
  t= 25605.3s  rows=25,606,500,686  +14,913,252  inst=994,217/s  avg=1,000,045/s
  t= 25620.3s  rows=25,621,544,756  +15,044,070  inst=1,002,938/s  avg=1,000,047/s
  t= 25635.3s  rows=25,636,588,826  +15,044,070  inst=1,002,938/s  avg=1,000,049/s
  t= 25650.3s  rows=25,651,502,078  +14,913,252  inst=994,217/s  avg=1,000,045/s
  t= 25665.3s  rows=25,666,546,148  +15,044,070  inst=1,002,938/s  avg=1,000,047/s
  t= 25680.3s  rows=25,681,590,218  +15,044,070  inst=1,002,938/s  avg=1,000,049/s
  t= 25695.3s  rows=25,696,503,470  +14,913,252  inst=994,217/s  avg=1,000,045/s
  t= 25710.3s  rows=25,711,547,540  +15,044,070  inst=1,002,938/s  avg=1,000,047/s
  t= 25725.3s  rows=25,726,591,610  +15,044,070  inst=1,002,938/s  avg=1,000,049/s
  t= 25740.3s  rows=25,741,635,680  +15,044,070  inst=1,002,938/s  avg=1,000,050/s
  t= 25755.3s  rows=25,756,548,932  +14,913,252  inst=994,217/s  avg=1,000,047/s
  t= 25770.3s  rows=25,771,593,002  +15,044,070  inst=1,002,938/s  avg=1,000,049/s
  t= 25785.3s  rows=25,786,506,254  +14,913,252  inst=994,217/s  avg=1,000,045/s
  t= 25800.3s  rows=25,801,550,324  +15,044,070  inst=1,002,938/s  avg=1,000,047/s
  t= 25815.3s  rows=25,816,594,394  +15,044,070  inst=1,002,938/s  avg=1,000,049/s
  t= 25830.3s  rows=25,831,507,646  +14,913,252  inst=994,217/s  avg=1,000,045/s
  t= 25845.3s  rows=25,846,551,716  +15,044,070  inst=1,002,938/s  avg=1,000,047/s
  t= 25860.3s  rows=25,861,595,786  +15,044,070  inst=1,002,938/s  avg=1,000,049/s
  t= 25875.3s  rows=25,876,509,038  +14,913,252  inst=994,217/s  avg=1,000,045/s
  t= 25890.3s  rows=25,891,553,108  +15,044,070  inst=1,002,938/s  avg=1,000,047/s
  t= 25905.3s  rows=25,906,466,360  +14,913,252  inst=994,217/s  avg=1,000,043/s
  t= 25920.3s  rows=25,921,641,248  +15,174,888  inst=1,011,659/s  avg=1,000,050/s
  t= 25935.3s  rows=25,936,554,500  +14,913,252  inst=994,217/s  avg=1,000,047/s
  t= 25950.3s  rows=25,951,598,570  +15,044,070  inst=1,002,938/s  avg=1,000,048/s
  t= 25965.3s  rows=25,966,511,822  +14,913,252  inst=994,217/s  avg=1,000,045/s
  t= 25980.3s  rows=25,981,555,892  +15,044,070  inst=1,002,938/s  avg=1,000,047/s
  t= 25995.3s  rows=25,996,469,144  +14,913,252  inst=994,217/s  avg=1,000,043/s
  t= 26010.3s  rows=26,011,523,240  +15,054,096  inst=1,003,606/s  avg=1,000,045/s
  t= 26025.3s  rows=26,026,567,310  +15,044,070  inst=1,002,938/s  avg=1,000,047/s
  t= 26040.3s  rows=26,041,611,380  +15,044,070  inst=1,002,938/s  avg=1,000,049/s
  t= 26055.3s  rows=26,056,524,632  +14,913,252  inst=994,217/s  avg=1,000,045/s
  t= 26070.3s  rows=26,071,568,702  +15,044,070  inst=1,002,938/s  avg=1,000,047/s
  t= 26085.3s  rows=26,086,612,772  +15,044,070  inst=1,002,938/s  avg=1,000,049/s
  t= 26100.3s  rows=26,101,526,024  +14,913,252  inst=994,217/s  avg=1,000,045/s
  t= 26115.3s  rows=26,116,570,094  +15,044,070  inst=1,002,938/s  avg=1,000,047/s
  t= 26130.3s  rows=26,131,614,164  +15,044,070  inst=1,002,938/s  avg=1,000,049/s
  t= 26145.3s  rows=26,146,527,416  +14,913,252  inst=994,217/s  avg=1,000,045/s
  t= 26160.3s  rows=26,161,571,486  +15,044,070  inst=1,002,938/s  avg=1,000,047/s
  t= 26175.3s  rows=26,176,615,556  +15,044,070  inst=1,002,938/s  avg=1,000,049/s
  t= 26190.3s  rows=26,191,528,808  +14,913,252  inst=994,217/s  avg=1,000,045/s
  t= 26205.3s  rows=26,206,572,878  +15,044,070  inst=1,002,938/s  avg=1,000,047/s
  t= 26220.3s  rows=26,221,616,948  +15,044,070  inst=1,002,938/s  avg=1,000,049/s
  t= 26235.3s  rows=26,236,530,200  +14,913,252  inst=994,217/s  avg=1,000,045/s
  t= 26250.3s  rows=26,251,574,270  +15,044,070  inst=1,002,938/s  avg=1,000,047/s
  t= 26265.3s  rows=26,266,618,340  +15,044,070  inst=1,002,938/s  avg=1,000,048/s
  t= 26280.3s  rows=26,281,531,592  +14,913,252  inst=994,217/s  avg=1,000,045/s
  t= 26295.3s  rows=26,296,575,662  +15,044,070  inst=1,002,938/s  avg=1,000,047/s
  t= 26310.3s  rows=26,311,488,914  +14,913,252  inst=994,217/s  avg=1,000,043/s
  t= 26325.3s  rows=26,326,532,984  +15,044,070  inst=1,002,938/s  avg=1,000,045/s
  t= 26340.3s  rows=26,341,577,054  +15,044,070  inst=1,002,938/s  avg=1,000,047/s
  t= 26355.3s  rows=26,356,490,306  +14,913,252  inst=994,217/s  avg=1,000,043/s
  t= 26370.3s  rows=26,371,534,376  +15,044,070  inst=1,002,938/s  avg=1,000,045/s
  t= 26385.3s  rows=26,386,578,446  +15,044,070  inst=1,002,938/s  avg=1,000,047/s
  t= 26400.3s  rows=26,401,622,516  +15,044,070  inst=1,002,938/s  avg=1,000,048/s
  t= 26415.3s  rows=26,416,535,768  +14,913,252  inst=994,217/s  avg=1,000,045/s
  t= 26430.3s  rows=26,431,579,838  +15,044,070  inst=1,002,938/s  avg=1,000,047/s
  t= 26445.3s  rows=26,446,623,908  +15,044,070  inst=1,002,938/s  avg=1,000,048/s
  t= 26460.3s  rows=26,461,537,160  +14,913,252  inst=994,217/s  avg=1,000,045/s
  t= 26475.3s  rows=26,476,581,230  +15,044,070  inst=1,002,938/s  avg=1,000,047/s
  t= 26490.3s  rows=26,491,625,300  +15,044,070  inst=1,002,938/s  avg=1,000,048/s
  t= 26505.3s  rows=26,506,538,552  +14,913,252  inst=994,217/s  avg=1,000,045/s
  t= 26520.3s  rows=26,521,582,622  +15,044,070  inst=1,002,938/s  avg=1,000,047/s
  t= 26535.3s  rows=26,536,626,692  +15,044,070  inst=1,002,938/s  avg=1,000,048/s
  t= 26550.3s  rows=26,551,539,944  +14,913,252  inst=994,217/s  avg=1,000,045/s
  t= 26565.3s  rows=26,566,584,014  +15,044,070  inst=1,002,938/s  avg=1,000,047/s
  t= 26580.3s  rows=26,581,497,266  +14,913,252  inst=994,217/s  avg=1,000,043/s
  t= 26595.3s  rows=26,596,541,336  +15,044,070  inst=1,002,938/s  avg=1,000,045/s
  t= 26610.3s  rows=26,611,585,406  +15,044,070  inst=1,002,938/s  avg=1,000,046/s
  t= 26625.3s  rows=26,626,629,476  +15,044,070  inst=1,002,938/s  avg=1,000,048/s
  t= 26640.3s  rows=26,641,542,728  +14,913,252  inst=994,217/s  avg=1,000,045/s
  t= 26655.3s  rows=26,656,586,798  +15,044,070  inst=1,002,938/s  avg=1,000,046/s
  t= 26670.3s  rows=26,671,524,709  +14,937,911  inst=995,861/s  avg=1,000,044/s
  t= 26685.3s  rows=26,686,568,779  +15,044,070  inst=1,002,938/s  avg=1,000,046/s
  t= 26700.3s  rows=26,701,482,031  +14,913,252  inst=994,217/s  avg=1,000,042/s
  t= 26715.3s  rows=26,716,526,101  +15,044,070  inst=1,002,938/s  avg=1,000,044/s
  t= 26730.3s  rows=26,731,570,171  +15,044,070  inst=1,002,938/s  avg=1,000,046/s
  t= 26745.3s  rows=26,746,614,241  +15,044,070  inst=1,002,938/s  avg=1,000,047/s
  t= 26760.4s  rows=26,761,527,493  +14,913,252  inst=994,217/s  avg=1,000,044/s
  t= 26775.4s  rows=26,776,571,563  +15,044,070  inst=1,002,938/s  avg=1,000,046/s
  t= 26790.4s  rows=26,791,615,633  +15,044,070  inst=1,002,938/s  avg=1,000,047/s
  t= 26805.4s  rows=26,806,528,885  +14,913,252  inst=994,217/s  avg=1,000,044/s
  t= 26820.4s  rows=26,821,572,955  +15,044,070  inst=1,002,938/s  avg=1,000,046/s
  t= 26835.4s  rows=26,836,617,025  +15,044,070  inst=1,002,938/s  avg=1,000,047/s
  t= 26850.4s  rows=26,851,530,277  +14,913,252  inst=994,217/s  avg=1,000,044/s
  t= 26865.4s  rows=26,866,574,347  +15,044,070  inst=1,002,938/s  avg=1,000,046/s
  t= 26880.4s  rows=26,881,618,417  +15,044,070  inst=1,002,938/s  avg=1,000,047/s
  t= 26895.4s  rows=26,896,531,669  +14,913,252  inst=994,217/s  avg=1,000,044/s
  t= 26910.4s  rows=26,911,575,739  +15,044,070  inst=1,002,938/s  avg=1,000,045/s
  t= 26925.4s  rows=26,926,619,809  +15,044,070  inst=1,002,938/s  avg=1,000,047/s
  t= 26940.4s  rows=26,941,533,061  +14,913,252  inst=994,217/s  avg=1,000,044/s
  t= 26955.4s  rows=26,956,577,131  +15,044,070  inst=1,002,938/s  avg=1,000,045/s
  t= 26970.4s  rows=26,971,621,201  +15,044,070  inst=1,002,938/s  avg=1,000,047/s
  t= 26985.4s  rows=26,986,534,453  +14,913,252  inst=994,217/s  avg=1,000,044/s
  t= 27000.4s  rows=27,001,578,523  +15,044,070  inst=1,002,938/s  avg=1,000,045/s
  t= 27015.4s  rows=27,016,622,593  +15,044,070  inst=1,002,938/s  avg=1,000,047/s
  t= 27030.4s  rows=27,031,535,845  +14,913,252  inst=994,217/s  avg=1,000,044/s
  t= 27045.4s  rows=27,046,579,915  +15,044,070  inst=1,002,938/s  avg=1,000,045/s
  t= 27060.4s  rows=27,061,623,985  +15,044,070  inst=1,002,938/s  avg=1,000,047/s
  t= 27075.4s  rows=27,076,537,237  +14,913,252  inst=994,217/s  avg=1,000,044/s
  t= 27090.4s  rows=27,091,581,307  +15,044,070  inst=1,002,938/s  avg=1,000,045/s
  t= 27105.4s  rows=27,106,494,559  +14,913,252  inst=994,217/s  avg=1,000,042/s
  t= 27120.4s  rows=27,121,538,629  +15,044,070  inst=1,002,938/s  avg=1,000,044/s
  t= 27135.4s  rows=27,136,582,699  +15,044,070  inst=1,002,938/s  avg=1,000,045/s
  t= 27150.4s  rows=27,151,626,769  +15,044,070  inst=1,002,938/s  avg=1,000,047/s
  t= 27165.4s  rows=27,166,540,021  +14,913,252  inst=994,217/s  avg=1,000,044/s
  t= 27180.4s  rows=27,181,584,091  +15,044,070  inst=1,002,938/s  avg=1,000,045/s
  t= 27195.4s  rows=27,196,628,161  +15,044,070  inst=1,002,938/s  avg=1,000,047/s
  t= 27210.4s  rows=27,211,541,413  +14,913,252  inst=994,217/s  avg=1,000,044/s
  t= 27225.4s  rows=27,226,585,483  +15,044,070  inst=1,002,938/s  avg=1,000,045/s
  t= 27240.4s  rows=27,241,629,553  +15,044,070  inst=1,002,938/s  avg=1,000,047/s
  t= 27255.4s  rows=27,256,542,805  +14,913,252  inst=994,217/s  avg=1,000,044/s
  t= 27270.4s  rows=27,271,586,875  +15,044,070  inst=1,002,938/s  avg=1,000,045/s
  t= 27285.4s  rows=27,286,630,945  +15,044,070  inst=1,002,938/s  avg=1,000,047/s
  t= 27300.4s  rows=27,301,544,197  +14,913,252  inst=994,217/s  avg=1,000,044/s
  t= 27315.4s  rows=27,316,588,267  +15,044,070  inst=1,002,938/s  avg=1,000,045/s
  t= 27330.4s  rows=27,331,632,337  +15,044,070  inst=1,002,938/s  avg=1,000,047/s
  t= 27345.4s  rows=27,346,545,589  +14,913,252  inst=994,217/s  avg=1,000,044/s
  t= 27360.4s  rows=27,361,589,659  +15,044,070  inst=1,002,938/s  avg=1,000,045/s
  t= 27375.4s  rows=27,376,633,729  +15,044,070  inst=1,002,938/s  avg=1,000,047/s
  t= 27390.4s  rows=27,391,546,981  +14,913,252  inst=994,217/s  avg=1,000,043/s
  t= 27405.4s  rows=27,406,635,384  +15,088,403  inst=1,005,894/s  avg=1,000,047/s
  t= 27420.4s  rows=27,421,548,636  +14,913,252  inst=994,217/s  avg=1,000,043/s
  t= 27435.4s  rows=27,436,592,706  +15,044,070  inst=1,002,938/s  avg=1,000,045/s
  t= 27450.4s  rows=27,451,636,776  +15,044,070  inst=1,002,938/s  avg=1,000,047/s
  t= 27465.4s  rows=27,466,550,028  +14,913,252  inst=994,217/s  avg=1,000,043/s
  t= 27480.4s  rows=27,481,594,098  +15,044,070  inst=1,002,938/s  avg=1,000,045/s
  t= 27495.4s  rows=27,496,638,168  +15,044,070  inst=1,002,938/s  avg=1,000,047/s
  t= 27510.4s  rows=27,511,551,420  +14,913,252  inst=994,217/s  avg=1,000,043/s
  t= 27525.4s  rows=27,526,595,490  +15,044,070  inst=1,002,938/s  avg=1,000,045/s
  t= 27540.4s  rows=27,541,508,742  +14,913,252  inst=994,217/s  avg=1,000,042/s
  t= 27555.4s  rows=27,556,552,812  +15,044,070  inst=1,002,938/s  avg=1,000,043/s
  t= 27570.4s  rows=27,571,596,882  +15,044,070  inst=1,002,938/s  avg=1,000,045/s
  t= 27585.4s  rows=27,586,510,134  +14,913,252  inst=994,217/s  avg=1,000,042/s
  t= 27600.4s  rows=27,601,554,204  +15,044,070  inst=1,002,938/s  avg=1,000,043/s
  t= 27615.4s  rows=27,616,598,274  +15,044,070  inst=1,002,938/s  avg=1,000,045/s
  t= 27630.4s  rows=27,631,511,526  +14,913,252  inst=994,217/s  avg=1,000,042/s
  t= 27645.4s  rows=27,646,555,596  +15,044,070  inst=1,002,938/s  avg=1,000,043/s
  t= 27660.4s  rows=27,661,599,666  +15,044,070  inst=1,002,938/s  avg=1,000,045/s
  t= 27675.4s  rows=27,676,643,736  +15,044,070  inst=1,002,938/s  avg=1,000,046/s
  t= 27690.4s  rows=27,691,556,988  +14,913,252  inst=994,217/s  avg=1,000,043/s
  t= 27705.4s  rows=27,706,601,058  +15,044,070  inst=1,002,938/s  avg=1,000,045/s
  t= 27720.4s  rows=27,721,645,128  +15,044,070  inst=1,002,938/s  avg=1,000,046/s
  t= 27735.4s  rows=27,736,558,380  +14,913,252  inst=994,217/s  avg=1,000,043/s
  t= 27750.4s  rows=27,751,602,450  +15,044,070  inst=1,002,938/s  avg=1,000,045/s
  t= 27765.4s  rows=27,766,515,702  +14,913,252  inst=994,217/s  avg=1,000,042/s
  t= 27780.4s  rows=27,781,559,772  +15,044,070  inst=1,002,938/s  avg=1,000,043/s
  t= 27795.4s  rows=27,796,603,842  +15,044,070  inst=1,002,938/s  avg=1,000,045/s
  t= 27810.4s  rows=27,811,517,094  +14,913,252  inst=994,217/s  avg=1,000,042/s
  t= 27825.4s  rows=27,826,561,164  +15,044,070  inst=1,002,938/s  avg=1,000,043/s
  t= 27840.4s  rows=27,841,605,234  +15,044,070  inst=1,002,938/s  avg=1,000,045/s
  t= 27855.4s  rows=27,856,518,486  +14,913,252  inst=994,217/s  avg=1,000,042/s
  t= 27870.4s  rows=27,871,562,556  +15,044,070  inst=1,002,938/s  avg=1,000,043/s
  t= 27885.4s  rows=27,886,606,626  +15,044,070  inst=1,002,938/s  avg=1,000,045/s
  t= 27900.4s  rows=27,901,519,878  +14,913,252  inst=994,217/s  avg=1,000,042/s
  t= 27915.4s  rows=27,916,563,948  +15,044,070  inst=1,002,938/s  avg=1,000,043/s
  t= 27930.4s  rows=27,931,608,018  +15,044,070  inst=1,002,938/s  avg=1,000,045/s
  t= 27945.4s  rows=27,946,521,270  +14,913,252  inst=994,217/s  avg=1,000,041/s
  t= 27960.4s  rows=27,961,565,340  +15,044,070  inst=1,002,938/s  avg=1,000,043/s
  t= 27975.4s  rows=27,976,609,410  +15,044,070  inst=1,002,938/s  avg=1,000,045/s
  t= 27990.4s  rows=27,991,653,480  +15,044,070  inst=1,002,938/s  avg=1,000,046/s
  t= 28005.4s  rows=28,006,566,732  +14,913,252  inst=994,217/s  avg=1,000,043/s
  t= 28020.4s  rows=28,021,610,802  +15,044,070  inst=1,002,938/s  avg=1,000,045/s
  t= 28035.4s  rows=28,036,654,872  +15,044,070  inst=1,002,938/s  avg=1,000,046/s
  t= 28050.4s  rows=28,051,568,124  +14,913,252  inst=994,217/s  avg=1,000,043/s
  t= 28065.4s  rows=28,066,612,194  +15,044,070  inst=1,002,938/s  avg=1,000,045/s
  t= 28080.4s  rows=28,081,525,446  +14,913,252  inst=994,217/s  avg=1,000,041/s
  t= 28095.4s  rows=28,096,569,516  +15,044,070  inst=1,002,938/s  avg=1,000,043/s
  t= 28110.4s  rows=28,111,613,586  +15,044,070  inst=1,002,938/s  avg=1,000,044/s
  t= 28125.4s  rows=28,126,526,838  +14,913,252  inst=994,217/s  avg=1,000,041/s
  t= 28140.4s  rows=28,141,570,908  +15,044,070  inst=1,002,938/s  avg=1,000,043/s
  t= 28155.4s  rows=28,156,614,978  +15,044,070  inst=1,002,938/s  avg=1,000,044/s
  t= 28170.4s  rows=28,171,752,451  +15,137,473  inst=1,009,165/s  avg=1,000,049/s
  t= 28185.4s  rows=28,186,534,885  +14,782,434  inst=985,496/s  avg=1,000,042/s
  t= 28200.4s  rows=28,201,578,955  +15,044,070  inst=1,002,938/s  avg=1,000,043/s
  t= 28215.4s  rows=28,216,623,025  +15,044,070  inst=1,002,938/s  avg=1,000,045/s
  t= 28230.4s  rows=28,231,536,277  +14,913,252  inst=994,217/s  avg=1,000,042/s
  t= 28245.4s  rows=28,246,580,347  +15,044,070  inst=1,002,938/s  avg=1,000,043/s
  t= 28260.4s  rows=28,261,624,417  +15,044,070  inst=1,002,938/s  avg=1,000,045/s
  t= 28275.4s  rows=28,276,537,669  +14,913,252  inst=994,217/s  avg=1,000,041/s
  t= 28290.4s  rows=28,291,581,739  +15,044,070  inst=1,002,938/s  avg=1,000,043/s
  t= 28305.4s  rows=28,306,494,991  +14,913,252  inst=994,217/s  avg=1,000,040/s
  t= 28320.4s  rows=28,321,539,061  +15,044,070  inst=1,002,938/s  avg=1,000,041/s
  t= 28335.4s  rows=28,336,583,131  +15,044,070  inst=1,002,938/s  avg=1,000,043/s
  t= 28350.4s  rows=28,351,627,201  +15,044,070  inst=1,002,938/s  avg=1,000,044/s
  t= 28365.4s  rows=28,366,540,453  +14,913,252  inst=994,217/s  avg=1,000,041/s
  t= 28380.4s  rows=28,381,584,523  +15,044,070  inst=1,002,938/s  avg=1,000,043/s
  t= 28395.4s  rows=28,396,628,593  +15,044,070  inst=1,002,938/s  avg=1,000,044/s
  t= 28410.4s  rows=28,411,541,845  +14,913,252  inst=994,217/s  avg=1,000,041/s
  t= 28425.4s  rows=28,426,585,915  +15,044,070  inst=1,002,938/s  avg=1,000,043/s
  t= 28440.4s  rows=28,441,629,985  +15,044,070  inst=1,002,938/s  avg=1,000,044/s
  t= 28455.4s  rows=28,456,543,237  +14,913,252  inst=994,217/s  avg=1,000,041/s
  t= 28470.4s  rows=28,471,587,307  +15,044,070  inst=1,002,938/s  avg=1,000,043/s
  t= 28485.4s  rows=28,486,631,377  +15,044,070  inst=1,002,938/s  avg=1,000,044/s
  t= 28500.4s  rows=28,501,544,629  +14,913,252  inst=994,217/s  avg=1,000,041/s
  t= 28515.4s  rows=28,516,588,699  +15,044,070  inst=1,002,938/s  avg=1,000,043/s
  t= 28530.4s  rows=28,531,632,769  +15,044,070  inst=1,002,938/s  avg=1,000,044/s
  t= 28545.4s  rows=28,546,546,021  +14,913,252  inst=994,217/s  avg=1,000,041/s
  t= 28560.4s  rows=28,561,590,091  +15,044,070  inst=1,002,938/s  avg=1,000,043/s
  t= 28575.4s  rows=28,576,634,161  +15,044,070  inst=1,002,938/s  avg=1,000,044/s
  t= 28590.4s  rows=28,591,547,413  +14,913,252  inst=994,217/s  avg=1,000,041/s
  t= 28605.4s  rows=28,606,591,483  +15,044,070  inst=1,002,938/s  avg=1,000,043/s
  t= 28620.4s  rows=28,621,635,553  +15,044,070  inst=1,002,938/s  avg=1,000,044/s
  t= 28635.4s  rows=28,636,548,805  +14,913,252  inst=994,217/s  avg=1,000,041/s
  t= 28650.4s  rows=28,651,592,875  +15,044,070  inst=1,002,938/s  avg=1,000,043/s
  t= 28665.4s  rows=28,666,636,945  +15,044,070  inst=1,002,938/s  avg=1,000,044/s
  t= 28680.4s  rows=28,681,550,197  +14,913,252  inst=994,217/s  avg=1,000,041/s
  t= 28695.4s  rows=28,696,594,267  +15,044,070  inst=1,002,938/s  avg=1,000,043/s
  t= 28710.4s  rows=28,711,638,337  +15,044,070  inst=1,002,938/s  avg=1,000,044/s
  t= 28725.4s  rows=28,726,551,589  +14,913,252  inst=994,217/s  avg=1,000,041/s
  t= 28740.4s  rows=28,741,595,659  +15,044,070  inst=1,002,938/s  avg=1,000,043/s
  t= 28755.4s  rows=28,756,639,729  +15,044,070  inst=1,002,938/s  avg=1,000,044/s
  t= 28770.4s  rows=28,771,552,981  +14,913,252  inst=994,217/s  avg=1,000,041/s
  t= 28785.4s  rows=28,786,597,051  +15,044,070  inst=1,002,938/s  avg=1,000,043/s
  t= 28800.4s  rows=28,801,641,121  +15,044,070  inst=1,002,938/s  avg=1,000,044/s
  t= 28815.4s  rows=28,816,554,373  +14,913,252  inst=994,217/s  avg=1,000,041/s
  t= 28830.4s  rows=28,831,598,443  +15,044,070  inst=1,002,938/s  avg=1,000,043/s
  t= 28845.4s  rows=28,846,511,695  +14,913,252  inst=994,217/s  avg=1,000,040/s
  t= 28860.4s  rows=28,861,555,765  +15,044,070  inst=1,002,938/s  avg=1,000,041/s
  t= 28875.4s  rows=28,876,599,835  +15,044,070  inst=1,002,938/s  avg=1,000,043/s
  t= 28890.4s  rows=28,891,513,087  +14,913,252  inst=994,217/s  avg=1,000,040/s
  t= 28905.4s  rows=28,906,557,157  +15,044,070  inst=1,002,938/s  avg=1,000,041/s
  t= 28920.4s  rows=28,921,571,855  +15,014,698  inst=1,000,980/s  avg=1,000,042/s
  t= 28935.4s  rows=28,936,543,820  +14,971,965  inst=998,131/s  avg=1,000,041/s
  t= 28950.4s  rows=28,951,587,890  +15,044,070  inst=1,002,938/s  avg=1,000,042/s
  t= 28965.4s  rows=28,966,631,960  +15,044,070  inst=1,002,938/s  avg=1,000,043/s
  t= 28980.4s  rows=28,981,545,212  +14,913,252  inst=994,217/s  avg=1,000,040/s
  t= 28995.4s  rows=28,996,589,282  +15,044,070  inst=1,002,938/s  avg=1,000,042/s
  t= 29010.4s  rows=29,011,633,352  +15,044,070  inst=1,002,938/s  avg=1,000,043/s
  t= 29025.4s  rows=29,026,546,604  +14,913,252  inst=994,217/s  avg=1,000,040/s
  t= 29040.4s  rows=29,041,590,674  +15,044,070  inst=1,002,938/s  avg=1,000,042/s
  t= 29055.4s  rows=29,056,634,744  +15,044,070  inst=1,002,938/s  avg=1,000,043/s
  t= 29070.4s  rows=29,071,547,996  +14,913,252  inst=994,217/s  avg=1,000,040/s
  t= 29085.4s  rows=29,086,592,066  +15,044,070  inst=1,002,938/s  avg=1,000,042/s
  t= 29100.4s  rows=29,101,636,136  +15,044,070  inst=1,002,938/s  avg=1,000,043/s
  t= 29115.4s  rows=29,116,549,388  +14,913,252  inst=994,217/s  avg=1,000,040/s
  t= 29130.4s  rows=29,131,593,458  +15,044,070  inst=1,002,938/s  avg=1,000,042/s
  t= 29145.4s  rows=29,146,637,528  +15,044,070  inst=1,002,938/s  avg=1,000,043/s
  t= 29160.4s  rows=29,161,550,780  +14,913,252  inst=994,217/s  avg=1,000,040/s
  t= 29175.4s  rows=29,176,594,850  +15,044,070  inst=1,002,938/s  avg=1,000,042/s
  t= 29190.4s  rows=29,191,508,102  +14,913,252  inst=994,217/s  avg=1,000,039/s
  t= 29205.4s  rows=29,206,552,172  +15,044,070  inst=1,002,938/s  avg=1,000,040/s
  t= 29220.4s  rows=29,221,596,242  +15,044,070  inst=1,002,938/s  avg=1,000,042/s
  t= 29235.4s  rows=29,236,640,312  +15,044,070  inst=1,002,938/s  avg=1,000,043/s
  t= 29250.4s  rows=29,251,553,564  +14,913,252  inst=994,217/s  avg=1,000,040/s
  t= 29265.4s  rows=29,266,597,634  +15,044,070  inst=1,002,938/s  avg=1,000,042/s
  t= 29280.4s  rows=29,281,641,704  +15,044,070  inst=1,002,938/s  avg=1,000,043/s
  t= 29295.4s  rows=29,296,554,956  +14,913,252  inst=994,217/s  avg=1,000,040/s
  t= 29310.4s  rows=29,311,599,026  +15,044,070  inst=1,002,938/s  avg=1,000,042/s
  t= 29325.4s  rows=29,326,643,096  +15,044,070  inst=1,002,938/s  avg=1,000,043/s
  t= 29340.4s  rows=29,341,556,348  +14,913,252  inst=994,217/s  avg=1,000,040/s
  t= 29355.4s  rows=29,356,600,418  +15,044,070  inst=1,002,938/s  avg=1,000,042/s
  t= 29370.4s  rows=29,371,513,670  +14,913,252  inst=994,217/s  avg=1,000,039/s
  t= 29385.4s  rows=29,386,557,740  +15,044,070  inst=1,002,938/s  avg=1,000,040/s
  t= 29400.4s  rows=29,401,601,810  +15,044,070  inst=1,002,938/s  avg=1,000,042/s
  t= 29415.4s  rows=29,416,645,880  +15,044,070  inst=1,002,938/s  avg=1,000,043/s
  t= 29430.4s  rows=29,431,559,132  +14,913,252  inst=994,217/s  avg=1,000,040/s
  t= 29445.4s  rows=29,446,603,202  +15,044,070  inst=1,002,938/s  avg=1,000,042/s
  t= 29460.4s  rows=29,461,647,272  +15,044,070  inst=1,002,938/s  avg=1,000,043/s
  t= 29475.4s  rows=29,476,560,524  +14,913,252  inst=994,217/s  avg=1,000,040/s
  t= 29490.4s  rows=29,491,604,594  +15,044,070  inst=1,002,938/s  avg=1,000,042/s
  t= 29505.4s  rows=29,506,517,846  +14,913,252  inst=994,217/s  avg=1,000,039/s
  t= 29520.4s  rows=29,521,561,916  +15,044,070  inst=1,002,938/s  avg=1,000,040/s
  t= 29535.4s  rows=29,536,605,986  +15,044,070  inst=1,002,938/s  avg=1,000,042/s
  t= 29550.4s  rows=29,551,650,056  +15,044,070  inst=1,002,938/s  avg=1,000,043/s
  t= 29565.4s  rows=29,566,563,308  +14,913,252  inst=994,217/s  avg=1,000,040/s
  t= 29580.4s  rows=29,581,607,378  +15,044,070  inst=1,002,938/s  avg=1,000,042/s
  t= 29595.4s  rows=29,596,651,448  +15,044,070  inst=1,002,938/s  avg=1,000,043/s
  t= 29610.4s  rows=29,611,564,700  +14,913,252  inst=994,217/s  avg=1,000,040/s
  t= 29625.4s  rows=29,626,608,770  +15,044,070  inst=1,002,938/s  avg=1,000,042/s
  t= 29640.4s  rows=29,641,652,840  +15,044,070  inst=1,002,938/s  avg=1,000,043/s
  t= 29655.4s  rows=29,656,566,092  +14,913,252  inst=994,217/s  avg=1,000,040/s
  t= 29670.4s  rows=29,671,610,162  +15,044,070  inst=1,002,938/s  avg=1,000,041/s
  t= 29685.4s  rows=29,686,654,232  +15,044,070  inst=1,002,938/s  avg=1,000,043/s
  t= 29700.4s  rows=29,701,549,866  +14,895,634  inst=993,042/s  avg=1,000,039/s
  t= 29715.4s  rows=29,716,593,936  +15,044,070  inst=1,002,938/s  avg=1,000,041/s
  t= 29730.4s  rows=29,731,638,006  +15,044,070  inst=1,002,938/s  avg=1,000,042/s
  t= 29745.4s  rows=29,746,551,258  +14,913,252  inst=994,217/s  avg=1,000,039/s
  t= 29760.4s  rows=29,761,595,328  +15,044,070  inst=1,002,938/s  avg=1,000,041/s
  t= 29775.4s  rows=29,776,639,398  +15,044,070  inst=1,002,938/s  avg=1,000,042/s
  t= 29790.4s  rows=29,791,552,650  +14,913,252  inst=994,217/s  avg=1,000,039/s
  t= 29805.4s  rows=29,806,596,720  +15,044,070  inst=1,002,938/s  avg=1,000,041/s
  t= 29820.4s  rows=29,821,640,790  +15,044,070  inst=1,002,938/s  avg=1,000,042/s
  t= 29835.4s  rows=29,836,554,042  +14,913,252  inst=994,217/s  avg=1,000,039/s
  t= 29850.4s  rows=29,851,598,112  +15,044,070  inst=1,002,938/s  avg=1,000,041/s
  t= 29865.4s  rows=29,866,642,182  +15,044,070  inst=1,002,938/s  avg=1,000,042/s
  t= 29880.4s  rows=29,881,555,434  +14,913,252  inst=994,217/s  avg=1,000,039/s
  t= 29895.4s  rows=29,896,599,504  +15,044,070  inst=1,002,938/s  avg=1,000,041/s
  t= 29910.4s  rows=29,911,643,574  +15,044,070  inst=1,002,938/s  avg=1,000,042/s
  t= 29925.4s  rows=29,926,556,826  +14,913,252  inst=994,217/s  avg=1,000,039/s
  t= 29940.4s  rows=29,941,600,896  +15,044,070  inst=1,002,938/s  avg=1,000,041/s
  t= 29955.4s  rows=29,956,514,148  +14,913,252  inst=994,217/s  avg=1,000,038/s
  t= 29970.4s  rows=29,971,558,218  +15,044,070  inst=1,002,938/s  avg=1,000,039/s
  t= 29985.4s  rows=29,986,602,288  +15,044,070  inst=1,002,938/s  avg=1,000,041/s
  t= 30000.4s  rows=30,001,646,358  +15,044,070  inst=1,002,938/s  avg=1,000,042/s
  t= 30015.4s  rows=30,016,559,610  +14,913,252  inst=994,217/s  avg=1,000,039/s
  t= 30030.4s  rows=30,031,603,680  +15,044,070  inst=1,002,938/s  avg=1,000,041/s
  t= 30045.4s  rows=30,046,647,750  +15,044,070  inst=1,002,938/s  avg=1,000,042/s
  t= 30060.4s  rows=30,061,561,002  +14,913,252  inst=994,217/s  avg=1,000,039/s
  t= 30075.4s  rows=30,076,605,072  +15,044,070  inst=1,002,938/s  avg=1,000,041/s
  t= 30090.4s  rows=30,091,518,324  +14,913,252  inst=994,217/s  avg=1,000,038/s
  t= 30105.4s  rows=30,106,562,394  +15,044,070  inst=1,002,938/s  avg=1,000,039/s
  t= 30120.4s  rows=30,121,606,464  +15,044,070  inst=1,002,938/s  avg=1,000,041/s
  t= 30135.4s  rows=30,136,650,534  +15,044,070  inst=1,002,938/s  avg=1,000,042/s
  t= 30150.4s  rows=30,151,563,786  +14,913,252  inst=994,217/s  avg=1,000,039/s
  t= 30165.4s  rows=30,166,607,856  +15,044,070  inst=1,002,938/s  avg=1,000,041/s
  t= 30180.4s  rows=30,181,521,108  +14,913,252  inst=994,217/s  avg=1,000,038/s
  t= 30195.4s  rows=30,196,565,178  +15,044,070  inst=1,002,938/s  avg=1,000,039/s
  t= 30210.4s  rows=30,211,609,248  +15,044,070  inst=1,002,938/s  avg=1,000,041/s
  t= 30225.4s  rows=30,226,522,500  +14,913,252  inst=994,217/s  avg=1,000,038/s
  t= 30240.4s  rows=30,241,566,570  +15,044,070  inst=1,002,938/s  avg=1,000,039/s
  t= 30255.4s  rows=30,256,610,640  +15,044,070  inst=1,002,938/s  avg=1,000,040/s
  t= 30270.4s  rows=30,271,654,710  +15,044,070  inst=1,002,938/s  avg=1,000,042/s
  t= 30285.4s  rows=30,286,567,962  +14,913,252  inst=994,217/s  avg=1,000,039/s
  t= 30300.4s  rows=30,301,612,032  +15,044,070  inst=1,002,938/s  avg=1,000,040/s
  t= 30315.4s  rows=30,316,656,102  +15,044,070  inst=1,002,938/s  avg=1,000,042/s
  t= 30330.4s  rows=30,331,569,354  +14,913,252  inst=994,217/s  avg=1,000,039/s
  t= 30345.4s  rows=30,346,613,424  +15,044,070  inst=1,002,938/s  avg=1,000,040/s
  t= 30360.4s  rows=30,361,657,494  +15,044,070  inst=1,002,938/s  avg=1,000,042/s
  t= 30375.4s  rows=30,376,570,746  +14,913,252  inst=994,217/s  avg=1,000,039/s
  t= 30390.4s  rows=30,391,614,816  +15,044,070  inst=1,002,938/s  avg=1,000,040/s
  t= 30405.4s  rows=30,406,658,886  +15,044,070  inst=1,002,938/s  avg=1,000,042/s
  t= 30420.4s  rows=30,421,572,138  +14,913,252  inst=994,217/s  avg=1,000,039/s
  t= 30435.4s  rows=30,436,616,208  +15,044,070  inst=1,002,938/s  avg=1,000,040/s
  t= 30450.4s  rows=30,451,660,278  +15,044,070  inst=1,002,938/s  avg=1,000,042/s
  t= 30465.4s  rows=30,466,635,081  +14,974,803  inst=998,320/s  avg=1,000,041/s
  t= 30480.4s  rows=30,481,548,333  +14,913,252  inst=994,217/s  avg=1,000,038/s
  t= 30495.4s  rows=30,496,592,403  +15,044,070  inst=1,002,938/s  avg=1,000,039/s
  t= 30510.4s  rows=30,511,636,473  +15,044,070  inst=1,002,938/s  avg=1,000,041/s
  t= 30525.4s  rows=30,526,680,543  +15,044,070  inst=1,002,938/s  avg=1,000,042/s
  t= 30540.4s  rows=30,541,593,795  +14,913,252  inst=994,217/s  avg=1,000,039/s
  t= 30555.4s  rows=30,556,637,865  +15,044,070  inst=1,002,938/s  avg=1,000,041/s
  t= 30570.4s  rows=30,571,681,935  +15,044,070  inst=1,002,938/s  avg=1,000,042/s
  t= 30585.4s  rows=30,586,595,187  +14,913,252  inst=994,217/s  avg=1,000,039/s
  t= 30600.4s  rows=30,601,639,257  +15,044,070  inst=1,002,938/s  avg=1,000,041/s
  t= 30615.4s  rows=30,616,683,327  +15,044,070  inst=1,002,938/s  avg=1,000,042/s
  t= 30630.4s  rows=30,631,596,579  +14,913,252  inst=994,217/s  avg=1,000,039/s
  t= 30645.4s  rows=30,646,640,649  +15,044,070  inst=1,002,938/s  avg=1,000,041/s
  t= 30660.4s  rows=30,661,684,719  +15,044,070  inst=1,002,938/s  avg=1,000,042/s
  t= 30675.4s  rows=30,676,597,971  +14,913,252  inst=994,217/s  avg=1,000,039/s
  t= 30690.4s  rows=30,691,642,041  +15,044,070  inst=1,002,938/s  avg=1,000,041/s
  t= 30705.4s  rows=30,706,555,293  +14,913,252  inst=994,217/s  avg=1,000,038/s
  t= 30720.4s  rows=30,721,599,363  +15,044,070  inst=1,002,938/s  avg=1,000,039/s
  t= 30735.4s  rows=30,736,643,433  +15,044,070  inst=1,002,938/s  avg=1,000,041/s
  t= 30750.4s  rows=30,751,556,685  +14,913,252  inst=994,217/s  avg=1,000,038/s
  t= 30765.4s  rows=30,766,600,755  +15,044,070  inst=1,002,938/s  avg=1,000,039/s
  t= 30780.4s  rows=30,781,644,825  +15,044,070  inst=1,002,938/s  avg=1,000,041/s
  t= 30795.4s  rows=30,796,558,077  +14,913,252  inst=994,217/s  avg=1,000,038/s
  t= 30810.4s  rows=30,811,602,147  +15,044,070  inst=1,002,938/s  avg=1,000,039/s
  t= 30825.4s  rows=30,826,515,399  +14,913,252  inst=994,217/s  avg=1,000,036/s
  t= 30840.4s  rows=30,841,559,469  +15,044,070  inst=1,002,938/s  avg=1,000,038/s
  t= 30855.4s  rows=30,856,603,539  +15,044,070  inst=1,002,938/s  avg=1,000,039/s
  t= 30870.4s  rows=30,871,647,609  +15,044,070  inst=1,002,938/s  avg=1,000,041/s
  t= 30885.4s  rows=30,886,560,861  +14,913,252  inst=994,217/s  avg=1,000,038/s
  t= 30900.4s  rows=30,901,604,931  +15,044,070  inst=1,002,938/s  avg=1,000,039/s
  t= 30915.4s  rows=30,916,649,001  +15,044,070  inst=1,002,938/s  avg=1,000,041/s
  t= 30930.4s  rows=30,931,562,253  +14,913,252  inst=994,217/s  avg=1,000,038/s
  t= 30945.4s  rows=30,946,606,323  +15,044,070  inst=1,002,938/s  avg=1,000,039/s
  t= 30960.4s  rows=30,961,519,575  +14,913,252  inst=994,217/s  avg=1,000,036/s
  t= 30975.4s  rows=30,976,563,645  +15,044,070  inst=1,002,938/s  avg=1,000,038/s
  t= 30990.4s  rows=30,991,607,715  +15,044,070  inst=1,002,938/s  avg=1,000,039/s
  t= 31005.4s  rows=31,006,651,785  +15,044,070  inst=1,002,938/s  avg=1,000,041/s
  t= 31020.4s  rows=31,021,695,855  +15,044,070  inst=1,002,938/s  avg=1,000,042/s
  t= 31035.4s  rows=31,036,609,107  +14,913,252  inst=994,217/s  avg=1,000,039/s
  t= 31050.4s  rows=31,051,653,177  +15,044,070  inst=1,002,938/s  avg=1,000,041/s
  t= 31065.4s  rows=31,066,566,429  +14,913,252  inst=994,217/s  avg=1,000,038/s
  t= 31080.4s  rows=31,081,610,499  +15,044,070  inst=1,002,938/s  avg=1,000,039/s
  t= 31095.4s  rows=31,096,654,569  +15,044,070  inst=1,002,938/s  avg=1,000,041/s
  t= 31110.4s  rows=31,111,567,821  +14,913,252  inst=994,217/s  avg=1,000,038/s
  t= 31125.4s  rows=31,126,611,891  +15,044,070  inst=1,002,938/s  avg=1,000,039/s
  t= 31140.4s  rows=31,141,655,961  +15,044,070  inst=1,002,938/s  avg=1,000,040/s
  t= 31155.4s  rows=31,156,569,213  +14,913,252  inst=994,217/s  avg=1,000,038/s
  t= 31170.4s  rows=31,171,613,283  +15,044,070  inst=1,002,938/s  avg=1,000,039/s
  t= 31185.4s  rows=31,186,657,353  +15,044,070  inst=1,002,938/s  avg=1,000,040/s
  t= 31200.4s  rows=31,201,570,605  +14,913,252  inst=994,217/s  avg=1,000,038/s
  t= 31215.4s  rows=31,216,643,229  +15,072,624  inst=1,004,842/s  avg=1,000,040/s
  t= 31230.4s  rows=31,231,687,299  +15,044,070  inst=1,002,938/s  avg=1,000,041/s
  t= 31245.4s  rows=31,246,600,551  +14,913,252  inst=994,217/s  avg=1,000,039/s
  t= 31260.4s  rows=31,261,644,621  +15,044,070  inst=1,002,938/s  avg=1,000,040/s
  t= 31275.4s  rows=31,276,688,691  +15,044,070  inst=1,002,938/s  avg=1,000,041/s
  t= 31290.4s  rows=31,291,601,943  +14,913,252  inst=994,217/s  avg=1,000,039/s
  t= 31305.4s  rows=31,306,646,013  +15,044,070  inst=1,002,938/s  avg=1,000,040/s
  t= 31320.4s  rows=31,321,559,265  +14,913,252  inst=994,217/s  avg=1,000,037/s
  t= 31335.4s  rows=31,336,603,335  +15,044,070  inst=1,002,938/s  avg=1,000,038/s
  t= 31350.4s  rows=31,351,647,405  +15,044,070  inst=1,002,938/s  avg=1,000,040/s
  t= 31365.4s  rows=31,366,691,475  +15,044,070  inst=1,002,938/s  avg=1,000,041/s
  t= 31380.4s  rows=31,381,604,727  +14,913,252  inst=994,217/s  avg=1,000,038/s
  t= 31395.4s  rows=31,396,648,797  +15,044,070  inst=1,002,938/s  avg=1,000,040/s
  t= 31410.4s  rows=31,411,692,867  +15,044,070  inst=1,002,938/s  avg=1,000,041/s
  t= 31425.4s  rows=31,426,606,119  +14,913,252  inst=994,217/s  avg=1,000,038/s
  t= 31440.4s  rows=31,441,650,189  +15,044,070  inst=1,002,938/s  avg=1,000,040/s
  t= 31455.4s  rows=31,456,563,441  +14,913,252  inst=994,217/s  avg=1,000,037/s
  t= 31470.4s  rows=31,471,607,511  +15,044,070  inst=1,002,938/s  avg=1,000,038/s
  t= 31485.4s  rows=31,486,651,581  +15,044,070  inst=1,002,938/s  avg=1,000,040/s
  t= 31500.4s  rows=31,501,564,833  +14,913,252  inst=994,217/s  avg=1,000,037/s
  t= 31515.4s  rows=31,516,608,903  +15,044,070  inst=1,002,938/s  avg=1,000,038/s
  t= 31530.4s  rows=31,531,522,155  +14,913,252  inst=994,217/s  avg=1,000,036/s
  t= 31545.4s  rows=31,546,566,225  +15,044,070  inst=1,002,938/s  avg=1,000,037/s
  t= 31560.4s  rows=31,561,610,295  +15,044,070  inst=1,002,938/s  avg=1,000,038/s
  t= 31575.4s  rows=31,576,654,365  +15,044,070  inst=1,002,938/s  avg=1,000,040/s
  t= 31590.4s  rows=31,591,698,435  +15,044,070  inst=1,002,938/s  avg=1,000,041/s
  t= 31605.4s  rows=31,606,611,687  +14,913,252  inst=994,217/s  avg=1,000,038/s
  t= 31620.4s  rows=31,621,655,757  +15,044,070  inst=1,002,938/s  avg=1,000,040/s
  t= 31635.4s  rows=31,636,699,827  +15,044,070  inst=1,002,938/s  avg=1,000,041/s
  t= 31650.4s  rows=31,651,613,079  +14,913,252  inst=994,217/s  avg=1,000,038/s
  t= 31665.4s  rows=31,666,657,149  +15,044,070  inst=1,002,938/s  avg=1,000,040/s
  t= 31680.4s  rows=31,681,570,401  +14,913,252  inst=994,217/s  avg=1,000,037/s
  t= 31695.4s  rows=31,696,614,471  +15,044,070  inst=1,002,938/s  avg=1,000,038/s
  t= 31710.4s  rows=31,711,658,541  +15,044,070  inst=1,002,938/s  avg=1,000,040/s
  t= 31725.4s  rows=31,726,571,793  +14,913,252  inst=994,217/s  avg=1,000,037/s
  t= 31740.4s  rows=31,741,615,863  +15,044,070  inst=1,002,938/s  avg=1,000,038/s
  t= 31755.4s  rows=31,756,529,115  +14,913,252  inst=994,217/s  avg=1,000,036/s
  t= 31770.4s  rows=31,771,573,185  +15,044,070  inst=1,002,938/s  avg=1,000,037/s
  t= 31785.4s  rows=31,786,617,255  +15,044,070  inst=1,002,938/s  avg=1,000,038/s
  t= 31800.4s  rows=31,801,661,325  +15,044,070  inst=1,002,938/s  avg=1,000,040/s
  t= 31815.4s  rows=31,816,574,577  +14,913,252  inst=994,217/s  avg=1,000,037/s
  t= 31830.4s  rows=31,831,618,647  +15,044,070  inst=1,002,938/s  avg=1,000,038/s
  t= 31845.4s  rows=31,846,662,717  +15,044,070  inst=1,002,938/s  avg=1,000,040/s
  t= 31860.4s  rows=31,861,575,969  +14,913,252  inst=994,217/s  avg=1,000,037/s
  t= 31875.4s  rows=31,876,620,039  +15,044,070  inst=1,002,938/s  avg=1,000,038/s
  t= 31890.4s  rows=31,891,664,109  +15,044,070  inst=1,002,938/s  avg=1,000,040/s
  t= 31905.4s  rows=31,906,577,361  +14,913,252  inst=994,217/s  avg=1,000,037/s
  t= 31920.4s  rows=31,921,546,301  +14,968,940  inst=997,929/s  avg=1,000,036/s
  t= 31935.4s  rows=31,936,590,371  +15,044,070  inst=1,002,938/s  avg=1,000,037/s
  t= 31950.4s  rows=31,951,634,441  +15,044,070  inst=1,002,938/s  avg=1,000,039/s
  t= 31965.4s  rows=31,966,547,693  +14,913,252  inst=994,217/s  avg=1,000,036/s
  t= 31980.4s  rows=31,981,591,763  +15,044,070  inst=1,002,938/s  avg=1,000,037/s
  t= 31995.4s  rows=31,996,635,833  +15,044,070  inst=1,002,938/s  avg=1,000,039/s
  t= 32010.4s  rows=32,011,679,903  +15,044,070  inst=1,002,938/s  avg=1,000,040/s
  t= 32025.4s  rows=32,026,593,155  +14,913,252  inst=994,217/s  avg=1,000,037/s
  t= 32040.4s  rows=32,041,637,225  +15,044,070  inst=1,002,938/s  avg=1,000,038/s
  t= 32055.4s  rows=32,056,681,295  +15,044,070  inst=1,002,938/s  avg=1,000,040/s
  t= 32070.4s  rows=32,071,594,547  +14,913,252  inst=994,217/s  avg=1,000,037/s
  t= 32085.4s  rows=32,086,638,617  +15,044,070  inst=1,002,938/s  avg=1,000,038/s
  t= 32100.4s  rows=32,101,682,687  +15,044,070  inst=1,002,938/s  avg=1,000,040/s
  t= 32115.4s  rows=32,116,595,939  +14,913,252  inst=994,217/s  avg=1,000,037/s
  t= 32130.4s  rows=32,131,640,009  +15,044,070  inst=1,002,938/s  avg=1,000,038/s
  t= 32145.4s  rows=32,146,684,079  +15,044,070  inst=1,002,938/s  avg=1,000,040/s
  t= 32160.4s  rows=32,161,597,331  +14,913,252  inst=994,217/s  avg=1,000,037/s
  t= 32175.4s  rows=32,176,641,401  +15,044,070  inst=1,002,938/s  avg=1,000,038/s
  t= 32190.4s  rows=32,191,685,471  +15,044,070  inst=1,002,938/s  avg=1,000,040/s
  t= 32205.4s  rows=32,206,598,723  +14,913,252  inst=994,217/s  avg=1,000,037/s
  t= 32220.4s  rows=32,221,642,793  +15,044,070  inst=1,002,938/s  avg=1,000,038/s
  t= 32235.4s  rows=32,236,686,863  +15,044,070  inst=1,002,938/s  avg=1,000,040/s
  t= 32250.4s  rows=32,251,600,115  +14,913,252  inst=994,217/s  avg=1,000,037/s
  t= 32265.4s  rows=32,266,644,185  +15,044,070  inst=1,002,938/s  avg=1,000,038/s
  t= 32280.4s  rows=32,281,688,255  +15,044,070  inst=1,002,938/s  avg=1,000,040/s
  t= 32295.4s  rows=32,296,601,507  +14,913,252  inst=994,217/s  avg=1,000,037/s
  t= 32310.4s  rows=32,311,645,577  +15,044,070  inst=1,002,938/s  avg=1,000,038/s
  t= 32325.4s  rows=32,326,689,647  +15,044,070  inst=1,002,938/s  avg=1,000,040/s
  t= 32340.4s  rows=32,341,602,899  +14,913,252  inst=994,217/s  avg=1,000,037/s
  t= 32355.4s  rows=32,356,646,969  +15,044,070  inst=1,002,938/s  avg=1,000,038/s
  t= 32370.4s  rows=32,371,691,039  +15,044,070  inst=1,002,938/s  avg=1,000,040/s
  t= 32385.4s  rows=32,386,604,291  +14,913,252  inst=994,217/s  avg=1,000,037/s
  t= 32400.4s  rows=32,401,648,361  +15,044,070  inst=1,002,938/s  avg=1,000,038/s
  t= 32415.4s  rows=32,416,692,431  +15,044,070  inst=1,002,938/s  avg=1,000,040/s
  t= 32430.4s  rows=32,431,605,683  +14,913,252  inst=994,217/s  avg=1,000,037/s
  t= 32445.4s  rows=32,446,649,753  +15,044,070  inst=1,002,938/s  avg=1,000,038/s
  t= 32460.4s  rows=32,461,693,823  +15,044,070  inst=1,002,938/s  avg=1,000,040/s
  t= 32475.4s  rows=32,476,607,075  +14,913,252  inst=994,217/s  avg=1,000,037/s
  t= 32490.4s  rows=32,491,651,145  +15,044,070  inst=1,002,938/s  avg=1,000,038/s
  t= 32505.4s  rows=32,506,564,397  +14,913,252  inst=994,217/s  avg=1,000,036/s
  t= 32520.4s  rows=32,521,608,467  +15,044,070  inst=1,002,938/s  avg=1,000,037/s
  t= 32535.4s  rows=32,536,652,537  +15,044,070  inst=1,002,938/s  avg=1,000,038/s
  t= 32550.4s  rows=32,551,565,789  +14,913,252  inst=994,217/s  avg=1,000,036/s
  t= 32565.4s  rows=32,566,609,859  +15,044,070  inst=1,002,938/s  avg=1,000,037/s
  t= 32580.4s  rows=32,581,630,614  +15,020,755  inst=1,001,384/s  avg=1,000,037/s
  t= 32595.4s  rows=32,596,674,684  +15,044,070  inst=1,002,938/s  avg=1,000,039/s
  t= 32610.4s  rows=32,611,617,572  +14,942,888  inst=996,193/s  avg=1,000,037/s
  t= 32625.4s  rows=32,626,661,642  +15,044,070  inst=1,002,938/s  avg=1,000,038/s
  t= 32640.4s  rows=32,641,574,894  +14,913,252  inst=994,217/s  avg=1,000,036/s
  t= 32655.4s  rows=32,656,618,964  +15,044,070  inst=1,002,938/s  avg=1,000,037/s
  t= 32670.4s  rows=32,671,663,034  +15,044,070  inst=1,002,938/s  avg=1,000,038/s
  t= 32685.4s  rows=32,686,576,286  +14,913,252  inst=994,217/s  avg=1,000,036/s
  t= 32700.4s  rows=32,701,620,356  +15,044,070  inst=1,002,938/s  avg=1,000,037/s
  t= 32715.4s  rows=32,716,664,426  +15,044,070  inst=1,002,938/s  avg=1,000,038/s
  t= 32730.4s  rows=32,731,708,496  +15,044,070  inst=1,002,938/s  avg=1,000,040/s
  t= 32745.4s  rows=32,746,621,748  +14,913,252  inst=994,217/s  avg=1,000,037/s
  t= 32760.4s  rows=32,761,665,818  +15,044,070  inst=1,002,938/s  avg=1,000,038/s
  t= 32775.4s  rows=32,776,709,888  +15,044,070  inst=1,002,938/s  avg=1,000,040/s
  t= 32790.4s  rows=32,791,623,140  +14,913,252  inst=994,217/s  avg=1,000,037/s
  t= 32805.4s  rows=32,806,667,210  +15,044,070  inst=1,002,938/s  avg=1,000,038/s
  t= 32820.4s  rows=32,821,580,462  +14,913,252  inst=994,217/s  avg=1,000,036/s
  t= 32835.4s  rows=32,836,624,532  +15,044,070  inst=1,002,938/s  avg=1,000,037/s
  t= 32850.4s  rows=32,851,668,602  +15,044,070  inst=1,002,938/s  avg=1,000,038/s
  t= 32865.4s  rows=32,866,581,854  +14,913,252  inst=994,217/s  avg=1,000,036/s
  t= 32880.4s  rows=32,881,625,924  +15,044,070  inst=1,002,938/s  avg=1,000,037/s
  t= 32895.4s  rows=32,896,669,994  +15,044,070  inst=1,002,938/s  avg=1,000,038/s
  t= 32910.4s  rows=32,911,714,064  +15,044,070  inst=1,002,938/s  avg=1,000,040/s
  t= 32925.4s  rows=32,926,627,316  +14,913,252  inst=994,217/s  avg=1,000,037/s
  t= 32940.4s  rows=32,941,671,386  +15,044,070  inst=1,002,938/s  avg=1,000,038/s
  t= 32955.4s  rows=32,956,584,638  +14,913,252  inst=994,217/s  avg=1,000,036/s
  t= 32970.4s  rows=32,971,628,708  +15,044,070  inst=1,002,938/s  avg=1,000,037/s
  t= 32985.4s  rows=32,986,672,778  +15,044,070  inst=1,002,938/s  avg=1,000,038/s
  t= 33000.4s  rows=33,001,586,030  +14,913,252  inst=994,217/s  avg=1,000,036/s
  t= 33015.4s  rows=33,016,630,100  +15,044,070  inst=1,002,938/s  avg=1,000,037/s
  t= 33030.4s  rows=33,031,674,170  +15,044,070  inst=1,002,938/s  avg=1,000,038/s
  t= 33045.4s  rows=33,046,587,422  +14,913,252  inst=994,217/s  avg=1,000,035/s
  t= 33060.4s  rows=33,061,631,492  +15,044,070  inst=1,002,938/s  avg=1,000,037/s
  t= 33075.4s  rows=33,076,675,562  +15,044,070  inst=1,002,938/s  avg=1,000,038/s
  t= 33090.4s  rows=33,091,588,814  +14,913,252  inst=994,217/s  avg=1,000,035/s
  t= 33105.4s  rows=33,106,632,884  +15,044,070  inst=1,002,938/s  avg=1,000,037/s
  t= 33120.4s  rows=33,121,676,954  +15,044,070  inst=1,002,938/s  avg=1,000,038/s
  t= 33135.4s  rows=33,136,590,206  +14,913,252  inst=994,217/s  avg=1,000,035/s
  t= 33150.4s  rows=33,151,634,276  +15,044,070  inst=1,002,938/s  avg=1,000,037/s
  t= 33165.4s  rows=33,166,547,528  +14,913,252  inst=994,217/s  avg=1,000,034/s
  t= 33180.4s  rows=33,181,591,598  +15,044,070  inst=1,002,938/s  avg=1,000,035/s
  t= 33195.4s  rows=33,196,635,668  +15,044,070  inst=1,002,938/s  avg=1,000,037/s
  t= 33210.4s  rows=33,211,548,920  +14,913,252  inst=994,217/s  avg=1,000,034/s
  t= 33225.4s  rows=33,226,573,873  +15,024,953  inst=1,001,664/s  avg=1,000,035/s
  t= 33240.4s  rows=33,241,617,943  +15,044,070  inst=1,002,938/s  avg=1,000,036/s
  t= 33255.4s  rows=33,256,662,013  +15,044,070  inst=1,002,938/s  avg=1,000,037/s
  t= 33270.4s  rows=33,271,706,083  +15,044,070  inst=1,002,938/s  avg=1,000,039/s
  t= 33285.4s  rows=33,286,619,335  +14,913,252  inst=994,217/s  avg=1,000,036/s
  t= 33300.4s  rows=33,301,663,405  +15,044,070  inst=1,002,938/s  avg=1,000,037/s
  t= 33315.4s  rows=33,316,576,657  +14,913,252  inst=994,217/s  avg=1,000,035/s
  t= 33330.4s  rows=33,331,620,727  +15,044,070  inst=1,002,938/s  avg=1,000,036/s
  t= 33345.4s  rows=33,346,664,797  +15,044,070  inst=1,002,938/s  avg=1,000,037/s
  t= 33360.4s  rows=33,361,578,049  +14,913,252  inst=994,217/s  avg=1,000,035/s
  t= 33375.4s  rows=33,376,622,119  +15,044,070  inst=1,002,938/s  avg=1,000,036/s
  t= 33390.4s  rows=33,391,666,189  +15,044,070  inst=1,002,938/s  avg=1,000,037/s
  t= 33405.4s  rows=33,406,579,441  +14,913,252  inst=994,217/s  avg=1,000,035/s
  t= 33420.4s  rows=33,421,623,511  +15,044,070  inst=1,002,938/s  avg=1,000,036/s
  t= 33435.4s  rows=33,436,667,581  +15,044,070  inst=1,002,938/s  avg=1,000,037/s
  t= 33450.4s  rows=33,451,711,651  +15,044,070  inst=1,002,938/s  avg=1,000,039/s
  t= 33465.4s  rows=33,466,624,903  +14,913,252  inst=994,217/s  avg=1,000,036/s
  t= 33480.4s  rows=33,481,668,973  +15,044,070  inst=1,002,938/s  avg=1,000,037/s
  t= 33495.4s  rows=33,496,713,043  +15,044,070  inst=1,002,938/s  avg=1,000,039/s
  t= 33510.4s  rows=33,511,626,295  +14,913,252  inst=994,217/s  avg=1,000,036/s
  t= 33525.4s  rows=33,526,670,365  +15,044,070  inst=1,002,938/s  avg=1,000,037/s
  t= 33540.4s  rows=33,541,583,617  +14,913,252  inst=994,217/s  avg=1,000,035/s
  t= 33555.4s  rows=33,556,627,687  +15,044,070  inst=1,002,938/s  avg=1,000,036/s
  t= 33570.4s  rows=33,571,671,757  +15,044,070  inst=1,002,938/s  avg=1,000,037/s
  t= 33585.4s  rows=33,586,715,827  +15,044,070  inst=1,002,938/s  avg=1,000,039/s
  t= 33600.4s  rows=33,601,629,079  +14,913,252  inst=994,217/s  avg=1,000,036/s
  t= 33615.4s  rows=33,616,673,149  +15,044,070  inst=1,002,938/s  avg=1,000,037/s
  t= 33630.4s  rows=33,631,586,401  +14,913,252  inst=994,217/s  avg=1,000,035/s
  t= 33645.4s  rows=33,646,630,471  +15,044,070  inst=1,002,938/s  avg=1,000,036/s
  t= 33660.4s  rows=33,661,674,541  +15,044,070  inst=1,002,938/s  avg=1,000,037/s
  t= 33675.4s  rows=33,676,587,793  +14,913,252  inst=994,217/s  avg=1,000,035/s
  t= 33690.4s  rows=33,691,631,863  +15,044,070  inst=1,002,938/s  avg=1,000,036/s
  t= 33705.4s  rows=33,706,675,933  +15,044,070  inst=1,002,938/s  avg=1,000,037/s
  t= 33720.4s  rows=33,721,720,003  +15,044,070  inst=1,002,938/s  avg=1,000,039/s
  t= 33735.4s  rows=33,736,633,255  +14,913,252  inst=994,217/s  avg=1,000,036/s
  t= 33750.4s  rows=33,751,666,725  +15,033,470  inst=1,002,231/s  avg=1,000,037/s
  t= 33765.4s  rows=33,766,710,795  +15,044,070  inst=1,002,938/s  avg=1,000,038/s
  t= 33780.4s  rows=33,781,624,047  +14,913,252  inst=994,217/s  avg=1,000,036/s
  t= 33795.4s  rows=33,796,668,117  +15,044,070  inst=1,002,938/s  avg=1,000,037/s
  t= 33810.4s  rows=33,811,581,369  +14,913,252  inst=994,217/s  avg=1,000,034/s
  t= 33825.4s  rows=33,826,625,439  +15,044,070  inst=1,002,938/s  avg=1,000,036/s
  t= 33840.4s  rows=33,841,669,509  +15,044,070  inst=1,002,938/s  avg=1,000,037/s
  t= 33855.4s  rows=33,856,582,761  +14,913,252  inst=994,217/s  avg=1,000,034/s
  t= 33870.4s  rows=33,871,626,831  +15,044,070  inst=1,002,938/s  avg=1,000,036/s
  t= 33885.4s  rows=33,886,670,901  +15,044,070  inst=1,002,938/s  avg=1,000,037/s
  t= 33900.4s  rows=33,901,714,971  +15,044,070  inst=1,002,938/s  avg=1,000,038/s
  t= 33915.4s  rows=33,916,628,223  +14,913,252  inst=994,217/s  avg=1,000,036/s
  t= 33930.4s  rows=33,931,672,293  +15,044,070  inst=1,002,938/s  avg=1,000,037/s
  t= 33945.4s  rows=33,946,585,545  +14,913,252  inst=994,217/s  avg=1,000,034/s
  t= 33960.4s  rows=33,961,629,615  +15,044,070  inst=1,002,938/s  avg=1,000,036/s
  t= 33975.4s  rows=33,976,673,685  +15,044,070  inst=1,002,938/s  avg=1,000,037/s
  t= 33990.4s  rows=33,991,586,937  +14,913,252  inst=994,217/s  avg=1,000,034/s
  t= 34005.4s  rows=34,006,631,007  +15,044,070  inst=1,002,938/s  avg=1,000,035/s
  t= 34020.4s  rows=34,021,675,077  +15,044,070  inst=1,002,938/s  avg=1,000,037/s
  t= 34035.4s  rows=34,036,719,147  +15,044,070  inst=1,002,938/s  avg=1,000,038/s
  t= 34050.4s  rows=34,051,632,399  +14,913,252  inst=994,217/s  avg=1,000,035/s
  t= 34065.4s  rows=34,066,629,927  +14,997,528  inst=999,835/s  avg=1,000,035/s
  t= 34080.4s  rows=34,081,673,997  +15,044,070  inst=1,002,938/s  avg=1,000,037/s
  t= 34095.4s  rows=34,096,587,249  +14,913,252  inst=994,217/s  avg=1,000,034/s
  t= 34110.4s  rows=34,111,631,319  +15,044,070  inst=1,002,938/s  avg=1,000,035/s
  t= 34125.4s  rows=34,126,675,389  +15,044,070  inst=1,002,938/s  avg=1,000,037/s
  t= 34140.4s  rows=34,141,588,641  +14,913,252  inst=994,217/s  avg=1,000,034/s
  t= 34155.4s  rows=34,156,632,711  +15,044,070  inst=1,002,938/s  avg=1,000,035/s
  t= 34170.4s  rows=34,171,676,781  +15,044,070  inst=1,002,938/s  avg=1,000,037/s
  t= 34185.4s  rows=34,186,720,851  +15,044,070  inst=1,002,938/s  avg=1,000,038/s
  t= 34200.4s  rows=34,201,634,103  +14,913,252  inst=994,217/s  avg=1,000,035/s
  t= 34215.4s  rows=34,216,678,173  +15,044,070  inst=1,002,938/s  avg=1,000,037/s
  t= 34230.4s  rows=34,231,591,425  +14,913,252  inst=994,217/s  avg=1,000,034/s
  t= 34245.4s  rows=34,246,635,495  +15,044,070  inst=1,002,938/s  avg=1,000,035/s
  t= 34260.4s  rows=34,261,679,565  +15,044,070  inst=1,002,938/s  avg=1,000,037/s
  t= 34275.4s  rows=34,276,592,817  +14,913,252  inst=994,217/s  avg=1,000,034/s
  t= 34290.4s  rows=34,291,636,887  +15,044,070  inst=1,002,938/s  avg=1,000,035/s
  t= 34305.4s  rows=34,306,550,139  +14,913,252  inst=994,217/s  avg=1,000,033/s
  t= 34320.4s  rows=34,321,594,209  +15,044,070  inst=1,002,938/s  avg=1,000,034/s
  t= 34335.4s  rows=34,336,638,279  +15,044,070  inst=1,002,938/s  avg=1,000,035/s
  t= 34350.4s  rows=34,351,682,349  +15,044,070  inst=1,002,938/s  avg=1,000,037/s
  t= 34365.4s  rows=34,366,595,601  +14,913,252  inst=994,217/s  avg=1,000,034/s
  t= 34380.4s  rows=34,381,639,671  +15,044,070  inst=1,002,938/s  avg=1,000,035/s
  t= 34395.4s  rows=34,396,683,741  +15,044,070  inst=1,002,938/s  avg=1,000,037/s
  t= 34410.4s  rows=34,411,596,993  +14,913,252  inst=994,217/s  avg=1,000,034/s
  t= 34425.4s  rows=34,426,641,063  +15,044,070  inst=1,002,938/s  avg=1,000,035/s
  t= 34440.4s  rows=34,441,685,133  +15,044,070  inst=1,002,938/s  avg=1,000,036/s
  t= 34455.4s  rows=34,456,598,385  +14,913,252  inst=994,217/s  avg=1,000,034/s
  t= 34470.4s  rows=34,471,642,455  +15,044,070  inst=1,002,938/s  avg=1,000,035/s
  t= 34485.4s  rows=34,486,686,525  +15,044,070  inst=1,002,938/s  avg=1,000,036/s
  t= 34500.4s  rows=34,501,599,777  +14,913,252  inst=994,217/s  avg=1,000,034/s
  t= 34515.4s  rows=34,516,560,708  +14,960,931  inst=997,395/s  avg=1,000,033/s
  t= 34530.4s  rows=34,531,604,778  +15,044,070  inst=1,002,938/s  avg=1,000,034/s
  t= 34545.4s  rows=34,546,648,848  +15,044,070  inst=1,002,938/s  avg=1,000,035/s
  t= 34560.4s  rows=34,561,705,504  +15,056,656  inst=1,003,777/s  avg=1,000,037/s
  t= 34575.4s  rows=34,576,618,756  +14,913,252  inst=994,217/s  avg=1,000,034/s
  t= 34590.4s  rows=34,591,662,826  +15,044,070  inst=1,002,938/s  avg=1,000,036/s
  t= 34605.4s  rows=34,606,706,896  +15,044,070  inst=1,002,938/s  avg=1,000,037/s
  t= 34620.4s  rows=34,621,620,148  +14,913,252  inst=994,217/s  avg=1,000,034/s
  t= 34635.4s  rows=34,636,664,218  +15,044,070  inst=1,002,938/s  avg=1,000,036/s
  t= 34650.4s  rows=34,651,708,288  +15,044,070  inst=1,002,938/s  avg=1,000,037/s
  t= 34665.4s  rows=34,666,621,540  +14,913,252  inst=994,217/s  avg=1,000,034/s
  t= 34680.4s  rows=34,681,665,610  +15,044,070  inst=1,002,938/s  avg=1,000,036/s
  t= 34695.4s  rows=34,696,578,862  +14,913,252  inst=994,217/s  avg=1,000,033/s
  t= 34710.4s  rows=34,711,622,932  +15,044,070  inst=1,002,938/s  avg=1,000,034/s
  t= 34725.4s  rows=34,726,667,002  +15,044,070  inst=1,002,938/s  avg=1,000,036/s
  t= 34740.4s  rows=34,741,580,254  +14,913,252  inst=994,217/s  avg=1,000,033/s
  t= 34755.4s  rows=34,756,624,324  +15,044,070  inst=1,002,938/s  avg=1,000,034/s
  t= 34770.4s  rows=34,771,668,394  +15,044,070  inst=1,002,938/s  avg=1,000,036/s
  t= 34785.4s  rows=34,786,581,646  +14,913,252  inst=994,217/s  avg=1,000,033/s
  t= 34800.4s  rows=34,801,625,716  +15,044,070  inst=1,002,938/s  avg=1,000,034/s
  t= 34815.4s  rows=34,816,669,786  +15,044,070  inst=1,002,938/s  avg=1,000,036/s
  t= 34830.4s  rows=34,831,713,856  +15,044,070  inst=1,002,938/s  avg=1,000,037/s
  t= 34845.4s  rows=34,846,627,108  +14,913,252  inst=994,217/s  avg=1,000,034/s
  t= 34860.4s  rows=34,861,671,178  +15,044,070  inst=1,002,938/s  avg=1,000,036/s
  t= 34875.4s  rows=34,876,584,430  +14,913,252  inst=994,217/s  avg=1,000,033/s
  t= 34890.4s  rows=34,891,628,500  +15,044,070  inst=1,002,938/s  avg=1,000,034/s
  t= 34905.4s  rows=34,906,672,570  +15,044,070  inst=1,002,938/s  avg=1,000,036/s
  t= 34920.4s  rows=34,921,716,640  +15,044,070  inst=1,002,938/s  avg=1,000,037/s
  t= 34935.4s  rows=34,936,629,892  +14,913,252  inst=994,217/s  avg=1,000,034/s
  t= 34950.4s  rows=34,951,673,962  +15,044,070  inst=1,002,938/s  avg=1,000,035/s
  t= 34965.4s  rows=34,966,718,032  +15,044,070  inst=1,002,938/s  avg=1,000,037/s
  t= 34980.4s  rows=34,981,631,284  +14,913,252  inst=994,217/s  avg=1,000,034/s
  t= 34995.4s  rows=34,996,675,354  +15,044,070  inst=1,002,938/s  avg=1,000,035/s
  t= 35010.4s  rows=35,011,719,424  +15,044,070  inst=1,002,938/s  avg=1,000,037/s
  t= 35025.4s  rows=35,026,632,676  +14,913,252  inst=994,217/s  avg=1,000,034/s
  t= 35040.4s  rows=35,041,676,746  +15,044,070  inst=1,002,938/s  avg=1,000,035/s
  t= 35055.4s  rows=35,056,720,816  +15,044,070  inst=1,002,938/s  avg=1,000,037/s
  t= 35070.4s  rows=35,071,634,068  +14,913,252  inst=994,217/s  avg=1,000,034/s
  t= 35085.4s  rows=35,086,678,138  +15,044,070  inst=1,002,938/s  avg=1,000,035/s
  t= 35100.4s  rows=35,101,591,390  +14,913,252  inst=994,217/s  avg=1,000,033/s
  t= 35115.4s  rows=35,116,635,460  +15,044,070  inst=1,002,938/s  avg=1,000,034/s
  t= 35130.4s  rows=35,131,657,276  +15,021,816  inst=1,001,454/s  avg=1,000,035/s
  t= 35145.4s  rows=35,146,701,346  +15,044,070  inst=1,002,938/s  avg=1,000,036/s
  t= 35160.4s  rows=35,161,614,598  +14,913,252  inst=994,217/s  avg=1,000,034/s
  t= 35175.4s  rows=35,176,658,668  +15,044,070  inst=1,002,938/s  avg=1,000,035/s
  t= 35190.4s  rows=35,191,702,738  +15,044,070  inst=1,002,938/s  avg=1,000,036/s
  t= 35205.4s  rows=35,206,615,990  +14,913,252  inst=994,217/s  avg=1,000,034/s
  t= 35220.4s  rows=35,221,660,060  +15,044,070  inst=1,002,938/s  avg=1,000,035/s
  t= 35235.4s  rows=35,236,704,130  +15,044,070  inst=1,002,938/s  avg=1,000,036/s
  t= 35250.4s  rows=35,251,617,382  +14,913,252  inst=994,217/s  avg=1,000,034/s
  t= 35265.4s  rows=35,266,661,452  +15,044,070  inst=1,002,938/s  avg=1,000,035/s
  t= 35280.4s  rows=35,281,705,522  +15,044,070  inst=1,002,938/s  avg=1,000,036/s
  t= 35295.4s  rows=35,296,618,774  +14,913,252  inst=994,217/s  avg=1,000,033/s
  t= 35310.4s  rows=35,311,662,844  +15,044,070  inst=1,002,938/s  avg=1,000,035/s
  t= 35325.4s  rows=35,326,706,914  +15,044,070  inst=1,002,938/s  avg=1,000,036/s
  t= 35340.4s  rows=35,341,620,166  +14,913,252  inst=994,217/s  avg=1,000,033/s
  t= 35355.4s  rows=35,356,664,236  +15,044,070  inst=1,002,938/s  avg=1,000,035/s
  t= 35370.4s  rows=35,371,708,306  +15,044,070  inst=1,002,938/s  avg=1,000,036/s
  t= 35385.4s  rows=35,386,621,558  +14,913,252  inst=994,217/s  avg=1,000,033/s
  t= 35400.4s  rows=35,401,665,628  +15,044,070  inst=1,002,938/s  avg=1,000,035/s
  t= 35415.4s  rows=35,416,578,880  +14,913,252  inst=994,217/s  avg=1,000,032/s
  t= 35430.4s  rows=35,431,622,950  +15,044,070  inst=1,002,938/s  avg=1,000,033/s
  t= 35445.4s  rows=35,446,667,020  +15,044,070  inst=1,002,938/s  avg=1,000,035/s
  t= 35460.4s  rows=35,461,711,090  +15,044,070  inst=1,002,938/s  avg=1,000,036/s
  t= 35475.4s  rows=35,476,624,342  +14,913,252  inst=994,217/s  avg=1,000,033/s
  t= 35490.4s  rows=35,491,668,412  +15,044,070  inst=1,002,938/s  avg=1,000,035/s
  t= 35505.4s  rows=35,506,581,664  +14,913,252  inst=994,217/s  avg=1,000,032/s
  t= 35520.4s  rows=35,521,625,734  +15,044,070  inst=1,002,938/s  avg=1,000,033/s
  t= 35535.4s  rows=35,536,669,804  +15,044,070  inst=1,002,938/s  avg=1,000,035/s
  t= 35550.4s  rows=35,551,713,874  +15,044,070  inst=1,002,938/s  avg=1,000,036/s
  t= 35565.4s  rows=35,566,627,126  +14,913,252  inst=994,217/s  avg=1,000,033/s
  t= 35580.4s  rows=35,581,671,196  +15,044,070  inst=1,002,938/s  avg=1,000,035/s
  t= 35595.4s  rows=35,596,715,266  +15,044,070  inst=1,002,938/s  avg=1,000,036/s
  t= 35610.4s  rows=35,611,628,518  +14,913,252  inst=994,217/s  avg=1,000,033/s
  t= 35625.4s  rows=35,626,672,588  +15,044,070  inst=1,002,938/s  avg=1,000,035/s
  t= 35640.4s  rows=35,641,608,701  +14,936,113  inst=995,741/s  avg=1,000,033/s
  t= 35655.4s  rows=35,656,652,771  +15,044,070  inst=1,002,938/s  avg=1,000,034/s
  t= 35670.4s  rows=35,671,696,841  +15,044,070  inst=1,002,938/s  avg=1,000,035/s
  t= 35685.4s  rows=35,686,610,093  +14,913,252  inst=994,217/s  avg=1,000,033/s
  t= 35700.4s  rows=35,701,654,163  +15,044,070  inst=1,002,938/s  avg=1,000,034/s
  t= 35715.4s  rows=35,716,698,233  +15,044,070  inst=1,002,938/s  avg=1,000,035/s
  t= 35730.4s  rows=35,731,611,485  +14,913,252  inst=994,217/s  avg=1,000,033/s
  t= 35745.4s  rows=35,746,655,555  +15,044,070  inst=1,002,938/s  avg=1,000,034/s
  t= 35760.4s  rows=35,761,699,625  +15,044,070  inst=1,002,938/s  avg=1,000,035/s
  t= 35775.4s  rows=35,776,612,877  +14,913,252  inst=994,217/s  avg=1,000,033/s
  t= 35790.4s  rows=35,791,656,947  +15,044,070  inst=1,002,938/s  avg=1,000,034/s
  t= 35805.4s  rows=35,806,701,017  +15,044,070  inst=1,002,938/s  avg=1,000,035/s
  t= 35820.4s  rows=35,821,614,269  +14,913,252  inst=994,217/s  avg=1,000,033/s
  t= 35835.4s  rows=35,836,658,339  +15,044,070  inst=1,002,938/s  avg=1,000,034/s
  t= 35850.4s  rows=35,851,702,409  +15,044,070  inst=1,002,938/s  avg=1,000,035/s
  t= 35865.4s  rows=35,866,615,661  +14,913,252  inst=994,217/s  avg=1,000,033/s
  t= 35880.4s  rows=35,881,659,731  +15,044,070  inst=1,002,938/s  avg=1,000,034/s
  t= 35895.4s  rows=35,896,703,801  +15,044,070  inst=1,002,938/s  avg=1,000,035/s
  t= 35910.4s  rows=35,911,617,053  +14,913,252  inst=994,217/s  avg=1,000,033/s
  t= 35925.4s  rows=35,926,661,123  +15,044,070  inst=1,002,938/s  avg=1,000,034/s
  t= 35940.4s  rows=35,941,705,193  +15,044,070  inst=1,002,938/s  avg=1,000,035/s
  t= 35955.4s  rows=35,956,618,445  +14,913,252  inst=994,217/s  avg=1,000,033/s
  t= 35970.4s  rows=35,971,662,515  +15,044,070  inst=1,002,938/s  avg=1,000,034/s
  t= 35985.4s  rows=35,986,575,767  +14,913,252  inst=994,217/s  avg=1,000,031/s
  t= 36000.4s  rows=36,001,619,837  +15,044,070  inst=1,002,938/s  avg=1,000,033/s
  t= 36015.4s  rows=36,016,663,907  +15,044,070  inst=1,002,938/s  avg=1,000,034/s
  t= 36030.4s  rows=36,031,707,977  +15,044,070  inst=1,002,938/s  avg=1,000,035/s
  t= 36045.4s  rows=36,046,621,229  +14,913,252  inst=994,217/s  avg=1,000,033/s
  t= 36060.4s  rows=36,061,665,299  +15,044,070  inst=1,002,938/s  avg=1,000,034/s
  t= 36075.4s  rows=36,076,709,369  +15,044,070  inst=1,002,938/s  avg=1,000,035/s
  t= 36090.4s  rows=36,091,622,621  +14,913,252  inst=994,217/s  avg=1,000,033/s
  t= 36105.4s  rows=36,106,666,691  +15,044,070  inst=1,002,938/s  avg=1,000,034/s
  t= 36120.4s  rows=36,121,710,761  +15,044,070  inst=1,002,938/s  avg=1,000,035/s
  t= 36135.4s  rows=36,136,624,013  +14,913,252  inst=994,217/s  avg=1,000,033/s
  t= 36150.4s  rows=36,151,668,083  +15,044,070  inst=1,002,938/s  avg=1,000,034/s
  t= 36165.4s  rows=36,166,581,335  +14,913,252  inst=994,217/s  avg=1,000,031/s
  t= 36180.4s  rows=36,181,625,405  +15,044,070  inst=1,002,938/s  avg=1,000,033/s
  t= 36195.4s  rows=36,196,669,475  +15,044,070  inst=1,002,938/s  avg=1,000,034/s
  t= 36210.4s  rows=36,211,713,545  +15,044,070  inst=1,002,938/s  avg=1,000,035/s
  t= 36225.4s  rows=36,226,703,894  +14,990,349  inst=999,357/s  avg=1,000,035/s
  t= 36240.4s  rows=36,241,636,678  +14,932,784  inst=995,519/s  avg=1,000,033/s
  t= 36255.4s  rows=36,256,680,748  +15,044,070  inst=1,002,938/s  avg=1,000,034/s
  t= 36270.4s  rows=36,271,724,818  +15,044,070  inst=1,002,938/s  avg=1,000,035/s
  t= 36285.4s  rows=36,286,638,070  +14,913,252  inst=994,217/s  avg=1,000,033/s
  t= 36300.4s  rows=36,301,682,140  +15,044,070  inst=1,002,938/s  avg=1,000,034/s
  t= 36315.4s  rows=36,316,726,210  +15,044,070  inst=1,002,938/s  avg=1,000,035/s
  t= 36330.4s  rows=36,331,639,462  +14,913,252  inst=994,217/s  avg=1,000,033/s
  t= 36345.4s  rows=36,346,683,532  +15,044,070  inst=1,002,938/s  avg=1,000,034/s
  t= 36360.4s  rows=36,361,596,784  +14,913,252  inst=994,217/s  avg=1,000,032/s
  t= 36375.4s  rows=36,376,640,854  +15,044,070  inst=1,002,938/s  avg=1,000,033/s
  t= 36390.4s  rows=36,391,684,924  +15,044,070  inst=1,002,938/s  avg=1,000,034/s
  t= 36405.4s  rows=36,406,598,176  +14,913,252  inst=994,217/s  avg=1,000,032/s
  t= 36420.4s  rows=36,421,642,246  +15,044,070  inst=1,002,938/s  avg=1,000,033/s
  t= 36435.4s  rows=36,436,686,316  +15,044,070  inst=1,002,938/s  avg=1,000,034/s
  t= 36450.4s  rows=36,451,730,386  +15,044,070  inst=1,002,938/s  avg=1,000,035/s
  t= 36465.4s  rows=36,466,643,638  +14,913,252  inst=994,217/s  avg=1,000,033/s
  t= 36480.4s  rows=36,481,687,708  +15,044,070  inst=1,002,938/s  avg=1,000,034/s
  t= 36495.4s  rows=36,496,600,960  +14,913,252  inst=994,217/s  avg=1,000,032/s
  t= 36510.4s  rows=36,511,645,030  +15,044,070  inst=1,002,938/s  avg=1,000,033/s
  t= 36525.4s  rows=36,526,689,100  +15,044,070  inst=1,002,938/s  avg=1,000,034/s
  t= 36540.4s  rows=36,541,733,170  +15,044,070  inst=1,002,938/s  avg=1,000,035/s
  t= 36555.4s  rows=36,556,646,422  +14,913,252  inst=994,217/s  avg=1,000,033/s
  t= 36570.4s  rows=36,571,690,492  +15,044,070  inst=1,002,938/s  avg=1,000,034/s
  t= 36585.4s  rows=36,586,734,562  +15,044,070  inst=1,002,938/s  avg=1,000,035/s
  t= 36600.4s  rows=36,601,647,814  +14,913,252  inst=994,217/s  avg=1,000,033/s
  t= 36615.4s  rows=36,616,691,884  +15,044,070  inst=1,002,938/s  avg=1,000,034/s
  t= 36630.4s  rows=36,631,735,954  +15,044,070  inst=1,002,938/s  avg=1,000,035/s
  t= 36645.4s  rows=36,646,649,206  +14,913,252  inst=994,217/s  avg=1,000,033/s
  t= 36660.4s  rows=36,661,693,276  +15,044,070  inst=1,002,938/s  avg=1,000,034/s
  t= 36675.5s  rows=36,676,606,528  +14,913,252  inst=994,217/s  avg=1,000,032/s
  t= 36690.5s  rows=36,691,650,598  +15,044,070  inst=1,002,938/s  avg=1,000,033/s
  t= 36705.5s  rows=36,706,694,668  +15,044,070  inst=1,002,938/s  avg=1,000,034/s
  t= 36720.5s  rows=36,721,607,920  +14,913,252  inst=994,217/s  avg=1,000,032/s
  t= 36735.5s  rows=36,736,651,990  +15,044,070  inst=1,002,938/s  avg=1,000,033/s
  t= 36750.5s  rows=36,751,696,060  +15,044,070  inst=1,002,938/s  avg=1,000,034/s
  t= 36765.5s  rows=36,766,609,312  +14,913,252  inst=994,217/s  avg=1,000,032/s
  t= 36780.5s  rows=36,781,653,382  +15,044,070  inst=1,002,938/s  avg=1,000,033/s
  t= 36795.5s  rows=36,796,697,452  +15,044,070  inst=1,002,938/s  avg=1,000,034/s
  t= 36810.5s  rows=36,811,741,522  +15,044,070  inst=1,002,938/s  avg=1,000,035/s
  t= 36825.5s  rows=36,826,654,774  +14,913,252  inst=994,217/s  avg=1,000,033/s
  t= 36840.5s  rows=36,841,698,844  +15,044,070  inst=1,002,938/s  avg=1,000,034/s
  t= 36855.5s  rows=36,856,612,096  +14,913,252  inst=994,217/s  avg=1,000,031/s
  t= 36870.5s  rows=36,871,656,166  +15,044,070  inst=1,002,938/s  avg=1,000,033/s
  t= 36885.5s  rows=36,886,700,236  +15,044,070  inst=1,002,938/s  avg=1,000,034/s
  t= 36900.5s  rows=36,901,613,488  +14,913,252  inst=994,217/s  avg=1,000,031/s
  t= 36915.5s  rows=36,916,657,558  +15,044,070  inst=1,002,938/s  avg=1,000,033/s
  t= 36930.5s  rows=36,931,701,628  +15,044,070  inst=1,002,938/s  avg=1,000,034/s
  t= 36945.5s  rows=36,946,495,420  +14,793,792  inst=986,253/s  avg=1,000,028/s
  t= 36960.5s  rows=36,961,545,951  +15,050,531  inst=1,003,369/s  avg=1,000,030/s
  t= 36975.5s  rows=36,976,590,021  +15,044,070  inst=1,002,938/s  avg=1,000,031/s
  t= 36990.5s  rows=36,991,634,091  +15,044,070  inst=1,002,938/s  avg=1,000,032/s
  t= 37005.5s  rows=37,006,547,343  +14,913,252  inst=994,217/s  avg=1,000,030/s
  t= 37020.5s  rows=37,021,722,231  +15,174,888  inst=1,011,659/s  avg=1,000,034/s
  t= 37035.5s  rows=37,036,635,483  +14,913,252  inst=994,217/s  avg=1,000,032/s
  t= 37050.5s  rows=37,051,679,553  +15,044,070  inst=1,002,938/s  avg=1,000,033/s
  t= 37065.5s  rows=37,066,723,623  +15,044,070  inst=1,002,938/s  avg=1,000,034/s
  t= 37080.5s  rows=37,081,636,875  +14,913,252  inst=994,217/s  avg=1,000,032/s
  t= 37095.5s  rows=37,096,680,945  +15,044,070  inst=1,002,938/s  avg=1,000,033/s
  t= 37110.5s  rows=37,111,725,015  +15,044,070  inst=1,002,938/s  avg=1,000,034/s
  t= 37125.5s  rows=37,126,638,267  +14,913,252  inst=994,217/s  avg=1,000,032/s
  t= 37140.5s  rows=37,141,682,337  +15,044,070  inst=1,002,938/s  avg=1,000,033/s
  t= 37155.5s  rows=37,156,726,407  +15,044,070  inst=1,002,938/s  avg=1,000,034/s
  t= 37170.5s  rows=37,171,639,659  +14,913,252  inst=994,217/s  avg=1,000,032/s
  t= 37185.5s  rows=37,186,683,729  +15,044,070  inst=1,002,938/s  avg=1,000,033/s
  t= 37200.5s  rows=37,201,727,799  +15,044,070  inst=1,002,938/s  avg=1,000,034/s
  t= 37215.5s  rows=37,216,641,051  +14,913,252  inst=994,217/s  avg=1,000,032/s
  t= 37230.5s  rows=37,231,685,121  +15,044,070  inst=1,002,938/s  avg=1,000,033/s
  t= 37245.5s  rows=37,246,729,191  +15,044,070  inst=1,002,938/s  avg=1,000,034/s
  t= 37260.5s  rows=37,261,642,443  +14,913,252  inst=994,217/s  avg=1,000,032/s
  t= 37275.5s  rows=37,276,686,513  +15,044,070  inst=1,002,938/s  avg=1,000,033/s
  t= 37290.5s  rows=37,291,730,583  +15,044,070  inst=1,002,938/s  avg=1,000,034/s
  t= 37305.5s  rows=37,306,643,835  +14,913,252  inst=994,217/s  avg=1,000,032/s
  t= 37320.5s  rows=37,321,687,905  +15,044,070  inst=1,002,938/s  avg=1,000,033/s
  t= 37335.5s  rows=37,336,731,975  +15,044,070  inst=1,002,938/s  avg=1,000,034/s
  t= 37350.5s  rows=37,351,645,227  +14,913,252  inst=994,217/s  avg=1,000,032/s
  t= 37365.5s  rows=37,366,689,297  +15,044,070  inst=1,002,938/s  avg=1,000,033/s
  t= 37380.5s  rows=37,381,602,549  +14,913,252  inst=994,217/s  avg=1,000,031/s
  t= 37395.5s  rows=37,396,646,619  +15,044,070  inst=1,002,938/s  avg=1,000,032/s
  t= 37410.5s  rows=37,411,690,689  +15,044,070  inst=1,002,938/s  avg=1,000,033/s
  t= 37425.5s  rows=37,426,734,759  +15,044,070  inst=1,002,938/s  avg=1,000,034/s
  t= 37440.5s  rows=37,441,648,011  +14,913,252  inst=994,217/s  avg=1,000,032/s
  t= 37455.5s  rows=37,456,692,081  +15,044,070  inst=1,002,938/s  avg=1,000,033/s
  t= 37470.5s  rows=37,471,736,151  +15,044,070  inst=1,002,938/s  avg=1,000,034/s
  t= 37485.5s  rows=37,486,649,403  +14,913,252  inst=994,217/s  avg=1,000,032/s
  t= 37500.5s  rows=37,501,693,473  +15,044,070  inst=1,002,938/s  avg=1,000,033/s
  t= 37515.5s  rows=37,516,737,543  +15,044,070  inst=1,002,938/s  avg=1,000,034/s
  t= 37530.5s  rows=37,531,650,795  +14,913,252  inst=994,217/s  avg=1,000,032/s
  t= 37545.5s  rows=37,546,694,865  +15,044,070  inst=1,002,938/s  avg=1,000,033/s
  t= 37560.5s  rows=37,561,608,117  +14,913,252  inst=994,217/s  avg=1,000,031/s
  t= 37575.5s  rows=37,576,652,187  +15,044,070  inst=1,002,938/s  avg=1,000,032/s
  t= 37590.5s  rows=37,591,696,257  +15,044,070  inst=1,002,938/s  avg=1,000,033/s
  t= 37605.5s  rows=37,606,740,327  +15,044,070  inst=1,002,938/s  avg=1,000,034/s
  t= 37620.5s  rows=37,621,653,579  +14,913,252  inst=994,217/s  avg=1,000,032/s
  t= 37635.5s  rows=37,636,725,856  +15,072,277  inst=1,004,818/s  avg=1,000,034/s
  t= 37650.5s  rows=37,651,639,108  +14,913,252  inst=994,217/s  avg=1,000,031/s
  t= 37665.5s  rows=37,666,683,178  +15,044,070  inst=1,002,938/s  avg=1,000,032/s
  t= 37680.5s  rows=37,681,727,248  +15,044,070  inst=1,002,938/s  avg=1,000,034/s
  t= 37695.5s  rows=37,696,640,500  +14,913,252  inst=994,217/s  avg=1,000,031/s
  t= 37710.5s  rows=37,711,684,570  +15,044,070  inst=1,002,938/s  avg=1,000,032/s
  t= 37725.5s  rows=37,726,728,640  +15,044,070  inst=1,002,938/s  avg=1,000,034/s
  t= 37740.5s  rows=37,741,641,892  +14,913,252  inst=994,217/s  avg=1,000,031/s
  t= 37755.5s  rows=37,756,685,962  +15,044,070  inst=1,002,938/s  avg=1,000,032/s
  t= 37770.5s  rows=37,771,599,214  +14,913,252  inst=994,217/s  avg=1,000,030/s
  t= 37785.5s  rows=37,786,643,284  +15,044,070  inst=1,002,938/s  avg=1,000,031/s
  t= 37800.5s  rows=37,801,687,354  +15,044,070  inst=1,002,938/s  avg=1,000,032/s
  t= 37815.5s  rows=37,816,731,424  +15,044,070  inst=1,002,938/s  avg=1,000,034/s
  t= 37830.5s  rows=37,831,644,676  +14,913,252  inst=994,217/s  avg=1,000,031/s
  t= 37845.5s  rows=37,846,688,746  +15,044,070  inst=1,002,938/s  avg=1,000,032/s
  t= 37860.5s  rows=37,861,732,816  +15,044,070  inst=1,002,938/s  avg=1,000,034/s
  t= 37875.5s  rows=37,876,646,068  +14,913,252  inst=994,217/s  avg=1,000,031/s
  t= 37890.5s  rows=37,891,690,138  +15,044,070  inst=1,002,938/s  avg=1,000,032/s
  t= 37905.5s  rows=37,906,734,208  +15,044,070  inst=1,002,938/s  avg=1,000,034/s
  t= 37920.5s  rows=37,921,647,460  +14,913,252  inst=994,217/s  avg=1,000,031/s
  t= 37935.5s  rows=37,936,691,530  +15,044,070  inst=1,002,938/s  avg=1,000,032/s
  t= 37950.5s  rows=37,951,604,782  +14,913,252  inst=994,217/s  avg=1,000,030/s
  t= 37965.5s  rows=37,966,648,852  +15,044,070  inst=1,002,938/s  avg=1,000,031/s
  t= 37980.5s  rows=37,981,692,922  +15,044,070  inst=1,002,938/s  avg=1,000,032/s
  t= 37995.5s  rows=37,996,736,992  +15,044,070  inst=1,002,938/s  avg=1,000,034/s
  t= 38010.5s  rows=38,011,650,244  +14,913,252  inst=994,217/s  avg=1,000,031/s
  t= 38025.5s  rows=38,026,694,314  +15,044,070  inst=1,002,938/s  avg=1,000,032/s
  t= 38040.5s  rows=38,041,738,384  +15,044,070  inst=1,002,938/s  avg=1,000,034/s
  t= 38055.5s  rows=38,056,651,636  +14,913,252  inst=994,217/s  avg=1,000,031/s
  t= 38070.5s  rows=38,071,695,706  +15,044,070  inst=1,002,938/s  avg=1,000,032/s
  t= 38085.5s  rows=38,086,739,776  +15,044,070  inst=1,002,938/s  avg=1,000,034/s
  t= 38100.5s  rows=38,101,653,028  +14,913,252  inst=994,217/s  avg=1,000,031/s
  t= 38115.5s  rows=38,116,697,098  +15,044,070  inst=1,002,938/s  avg=1,000,032/s
  t= 38130.5s  rows=38,131,610,350  +14,913,252  inst=994,217/s  avg=1,000,030/s
  t= 38145.5s  rows=38,146,654,420  +15,044,070  inst=1,002,938/s  avg=1,000,031/s
  t= 38160.5s  rows=38,161,698,490  +15,044,070  inst=1,002,938/s  avg=1,000,032/s
  t= 38175.5s  rows=38,176,742,560  +15,044,070  inst=1,002,938/s  avg=1,000,033/s
  t= 38190.5s  rows=38,191,655,812  +14,913,252  inst=994,217/s  avg=1,000,031/s
  t= 38205.5s  rows=38,206,699,882  +15,044,070  inst=1,002,938/s  avg=1,000,032/s
  t= 38220.5s  rows=38,221,743,952  +15,044,070  inst=1,002,938/s  avg=1,000,033/s
  t= 38235.5s  rows=38,236,657,204  +14,913,252  inst=994,217/s  avg=1,000,031/s
  t= 38250.5s  rows=38,251,701,274  +15,044,070  inst=1,002,938/s  avg=1,000,032/s
  t= 38265.5s  rows=38,266,614,526  +14,913,252  inst=994,217/s  avg=1,000,030/s
  t= 38280.5s  rows=38,281,658,596  +15,044,070  inst=1,002,938/s  avg=1,000,031/s
  t= 38295.5s  rows=38,296,693,997  +15,035,401  inst=1,002,360/s  avg=1,000,032/s
  t= 38310.5s  rows=38,311,738,067  +15,044,070  inst=1,002,938/s  avg=1,000,033/s
  t= 38325.5s  rows=38,326,651,319  +14,913,252  inst=994,217/s  avg=1,000,031/s
  t= 38340.5s  rows=38,341,695,389  +15,044,070  inst=1,002,938/s  avg=1,000,032/s
  t= 38355.5s  rows=38,356,739,459  +15,044,070  inst=1,002,938/s  avg=1,000,033/s
  t= 38370.5s  rows=38,371,652,711  +14,913,252  inst=994,217/s  avg=1,000,031/s
  t= 38385.5s  rows=38,386,696,781  +15,044,070  inst=1,002,938/s  avg=1,000,032/s
  t= 38400.5s  rows=38,401,740,851  +15,044,070  inst=1,002,938/s  avg=1,000,033/s
  t= 38415.5s  rows=38,416,654,103  +14,913,252  inst=994,217/s  avg=1,000,031/s
  t= 38430.5s  rows=38,431,698,173  +15,044,070  inst=1,002,938/s  avg=1,000,032/s
  t= 38445.5s  rows=38,446,742,243  +15,044,070  inst=1,002,938/s  avg=1,000,033/s
  t= 38460.5s  rows=38,461,655,495  +14,913,252  inst=994,217/s  avg=1,000,031/s
  t= 38475.5s  rows=38,476,699,565  +15,044,070  inst=1,002,938/s  avg=1,000,032/s
  t= 38490.5s  rows=38,491,612,817  +14,913,252  inst=994,217/s  avg=1,000,030/s
  t= 38505.5s  rows=38,506,656,887  +15,044,070  inst=1,002,938/s  avg=1,000,031/s
  t= 38520.5s  rows=38,521,700,957  +15,044,070  inst=1,002,938/s  avg=1,000,032/s
  t= 38535.5s  rows=38,536,745,027  +15,044,070  inst=1,002,938/s  avg=1,000,033/s
  t= 38550.5s  rows=38,551,658,279  +14,913,252  inst=994,217/s  avg=1,000,031/s
  t= 38565.5s  rows=38,566,702,349  +15,044,070  inst=1,002,938/s  avg=1,000,032/s
  t= 38580.5s  rows=38,581,615,601  +14,913,252  inst=994,217/s  avg=1,000,030/s
  t= 38595.5s  rows=38,596,659,671  +15,044,070  inst=1,002,938/s  avg=1,000,031/s
  t= 38610.5s  rows=38,611,703,741  +15,044,070  inst=1,002,938/s  avg=1,000,032/s
  t= 38625.5s  rows=38,626,747,811  +15,044,070  inst=1,002,938/s  avg=1,000,033/s
  t= 38640.5s  rows=38,641,661,063  +14,913,252  inst=994,217/s  avg=1,000,031/s
  t= 38655.5s  rows=38,656,705,133  +15,044,070  inst=1,002,938/s  avg=1,000,032/s
  t= 38670.5s  rows=38,671,618,385  +14,913,252  inst=994,217/s  avg=1,000,030/s
  t= 38685.5s  rows=38,686,662,455  +15,044,070  inst=1,002,938/s  avg=1,000,031/s
  t= 38700.5s  rows=38,701,706,525  +15,044,070  inst=1,002,938/s  avg=1,000,032/s
  t= 38715.5s  rows=38,716,750,595  +15,044,070  inst=1,002,938/s  avg=1,000,033/s
  t= 38730.5s  rows=38,731,663,847  +14,913,252  inst=994,217/s  avg=1,000,031/s
  t= 38745.5s  rows=38,746,707,917  +15,044,070  inst=1,002,938/s  avg=1,000,032/s
  t= 38760.5s  rows=38,761,621,169  +14,913,252  inst=994,217/s  avg=1,000,030/s
  t= 38775.5s  rows=38,776,665,239  +15,044,070  inst=1,002,938/s  avg=1,000,031/s
  t= 38790.5s  rows=38,791,709,309  +15,044,070  inst=1,002,938/s  avg=1,000,032/s
  t= 38805.5s  rows=38,806,753,379  +15,044,070  inst=1,002,938/s  avg=1,000,033/s
  t= 38820.5s  rows=38,821,666,631  +14,913,252  inst=994,217/s  avg=1,000,031/s
  t= 38835.5s  rows=38,836,710,701  +15,044,070  inst=1,002,938/s  avg=1,000,032/s
  t= 38850.5s  rows=38,851,754,771  +15,044,070  inst=1,002,938/s  avg=1,000,033/s
  t= 38865.5s  rows=38,866,668,023  +14,913,252  inst=994,217/s  avg=1,000,031/s
  t= 38880.5s  rows=38,881,581,275  +14,913,252  inst=994,217/s  avg=1,000,029/s
  t= 38895.5s  rows=38,896,625,345  +15,044,070  inst=1,002,938/s  avg=1,000,030/s
  t= 38910.5s  rows=38,911,669,415  +15,044,070  inst=1,002,938/s  avg=1,000,031/s
  t= 38925.5s  rows=38,926,582,667  +14,913,252  inst=994,217/s  avg=1,000,029/s
  t= 38940.5s  rows=38,941,626,737  +15,044,070  inst=1,002,938/s  avg=1,000,030/s
  t= 38955.5s  rows=38,956,718,768  +15,092,031  inst=1,006,135/s  avg=1,000,032/s
  t= 38970.5s  rows=38,971,632,020  +14,913,252  inst=994,217/s  avg=1,000,030/s
  t= 38985.5s  rows=38,986,676,090  +15,044,070  inst=1,002,938/s  avg=1,000,031/s
  t= 39000.5s  rows=39,001,720,160  +15,044,070  inst=1,002,938/s  avg=1,000,032/s
  t= 39015.5s  rows=39,016,633,412  +14,913,252  inst=994,217/s  avg=1,000,030/s
  t= 39030.5s  rows=39,031,677,482  +15,044,070  inst=1,002,938/s  avg=1,000,031/s
  t= 39045.5s  rows=39,046,721,552  +15,044,070  inst=1,002,938/s  avg=1,000,032/s
  t= 39060.5s  rows=39,061,634,804  +14,913,252  inst=994,217/s  avg=1,000,030/s
  t= 39075.5s  rows=39,076,678,874  +15,044,070  inst=1,002,938/s  avg=1,000,031/s
  t= 39090.5s  rows=39,091,722,944  +15,044,070  inst=1,002,938/s  avg=1,000,032/s
  t= 39105.5s  rows=39,106,767,014  +15,044,070  inst=1,002,938/s  avg=1,000,033/s
  t= 39120.5s  rows=39,121,680,266  +14,913,252  inst=994,217/s  avg=1,000,031/s
  t= 39135.5s  rows=39,136,593,518  +14,913,252  inst=994,217/s  avg=1,000,029/s
  t= 39150.5s  rows=39,151,637,588  +15,044,070  inst=1,002,938/s  avg=1,000,030/s
  t= 39165.5s  rows=39,166,681,658  +15,044,070  inst=1,002,938/s  avg=1,000,031/s
  t= 39180.5s  rows=39,181,725,728  +15,044,070  inst=1,002,938/s  avg=1,000,032/s
  t= 39195.5s  rows=39,196,769,798  +15,044,070  inst=1,002,938/s  avg=1,000,033/s
  t= 39210.5s  rows=39,211,683,050  +14,913,252  inst=994,217/s  avg=1,000,031/s
  t= 39225.5s  rows=39,226,727,120  +15,044,070  inst=1,002,938/s  avg=1,000,032/s
  t= 39240.5s  rows=39,241,640,372  +14,913,252  inst=994,217/s  avg=1,000,030/s
  t= 39255.5s  rows=39,256,684,442  +15,044,070  inst=1,002,938/s  avg=1,000,031/s
  t= 39270.5s  rows=39,271,728,512  +15,044,070  inst=1,002,938/s  avg=1,000,032/s
  t= 39285.5s  rows=39,286,641,764  +14,913,252  inst=994,217/s  avg=1,000,030/s
  t= 39300.5s  rows=39,301,685,834  +15,044,070  inst=1,002,938/s  avg=1,000,031/s
  t= 39315.5s  rows=39,316,729,904  +15,044,070  inst=1,002,938/s  avg=1,000,032/s
  t= 39330.5s  rows=39,331,773,974  +15,044,070  inst=1,002,938/s  avg=1,000,033/s
  t= 39345.5s  rows=39,346,687,226  +14,913,252  inst=994,217/s  avg=1,000,031/s
  t= 39360.5s  rows=39,361,731,296  +15,044,070  inst=1,002,938/s  avg=1,000,032/s
  t= 39375.5s  rows=39,376,775,366  +15,044,070  inst=1,002,938/s  avg=1,000,033/s
  t= 39390.5s  rows=39,391,688,618  +14,913,252  inst=994,217/s  avg=1,000,031/s
  t= 39405.5s  rows=39,406,601,870  +14,913,252  inst=994,217/s  avg=1,000,029/s
  t= 39420.5s  rows=39,421,645,940  +15,044,070  inst=1,002,938/s  avg=1,000,030/s
  t= 39435.5s  rows=39,436,690,010  +15,044,070  inst=1,002,938/s  avg=1,000,031/s
  t= 39450.5s  rows=39,451,603,262  +14,913,252  inst=994,217/s  avg=1,000,029/s
  t= 39465.5s  rows=39,466,647,332  +15,044,070  inst=1,002,938/s  avg=1,000,030/s
  t= 39480.5s  rows=39,481,691,402  +15,044,070  inst=1,002,938/s  avg=1,000,031/s
  t= 39495.5s  rows=39,496,735,472  +15,044,070  inst=1,002,938/s  avg=1,000,032/s
  t= 39510.5s  rows=39,511,648,724  +14,913,252  inst=994,217/s  avg=1,000,030/s
  t= 39525.5s  rows=39,526,692,794  +15,044,070  inst=1,002,938/s  avg=1,000,031/s
  t= 39540.5s  rows=39,541,736,864  +15,044,070  inst=1,002,938/s  avg=1,000,032/s
  t= 39555.5s  rows=39,556,650,116  +14,913,252  inst=994,217/s  avg=1,000,030/s
  t= 39570.5s  rows=39,571,694,186  +15,044,070  inst=1,002,938/s  avg=1,000,031/s
  t= 39585.5s  rows=39,586,738,256  +15,044,070  inst=1,002,938/s  avg=1,000,032/s
  t= 39600.5s  rows=39,601,620,295  +14,882,039  inst=992,136/s  avg=1,000,029/s
  t= 39615.5s  rows=39,616,664,365  +15,044,070  inst=1,002,938/s  avg=1,000,030/s
  t= 39630.5s  rows=39,631,708,435  +15,044,070  inst=1,002,938/s  avg=1,000,031/s
  t= 39645.5s  rows=39,646,621,687  +14,913,252  inst=994,217/s  avg=1,000,029/s
  t= 39660.5s  rows=39,661,665,757  +15,044,070  inst=1,002,938/s  avg=1,000,030/s
  t= 39675.5s  rows=39,676,709,827  +15,044,070  inst=1,002,938/s  avg=1,000,031/s
  t= 39690.5s  rows=39,691,753,897  +15,044,070  inst=1,002,938/s  avg=1,000,032/s
  t= 39705.5s  rows=39,706,667,149  +14,913,252  inst=994,217/s  avg=1,000,030/s
  t= 39720.5s  rows=39,721,711,219  +15,044,070  inst=1,002,938/s  avg=1,000,031/s
  t= 39735.5s  rows=39,736,755,289  +15,044,070  inst=1,002,938/s  avg=1,000,032/s
  t= 39750.5s  rows=39,751,668,541  +14,913,252  inst=994,217/s  avg=1,000,030/s
  t= 39765.5s  rows=39,766,712,611  +15,044,070  inst=1,002,938/s  avg=1,000,031/s
  t= 39780.5s  rows=39,781,625,863  +14,913,252  inst=994,217/s  avg=1,000,029/s
  t= 39795.5s  rows=39,796,669,933  +15,044,070  inst=1,002,938/s  avg=1,000,030/s
  t= 39810.5s  rows=39,811,714,003  +15,044,070  inst=1,002,938/s  avg=1,000,031/s
  t= 39825.5s  rows=39,826,758,073  +15,044,070  inst=1,002,938/s  avg=1,000,032/s
  t= 39840.5s  rows=39,841,671,325  +14,913,252  inst=994,217/s  avg=1,000,030/s
  t= 39855.5s  rows=39,856,715,395  +15,044,070  inst=1,002,938/s  avg=1,000,031/s
  t= 39870.5s  rows=39,871,759,465  +15,044,070  inst=1,002,938/s  avg=1,000,032/s
  t= 39885.5s  rows=39,886,672,717  +14,913,252  inst=994,217/s  avg=1,000,030/s
  t= 39900.5s  rows=39,901,716,787  +15,044,070  inst=1,002,938/s  avg=1,000,031/s
  t= 39915.5s  rows=39,916,760,857  +15,044,070  inst=1,002,938/s  avg=1,000,032/s
  t= 39930.5s  rows=39,931,674,109  +14,913,252  inst=994,217/s  avg=1,000,030/s
  t= 39945.5s  rows=39,946,718,179  +15,044,070  inst=1,002,938/s  avg=1,000,031/s
  t= 39960.5s  rows=39,961,631,431  +14,913,252  inst=994,217/s  avg=1,000,029/s
  t= 39975.5s  rows=39,976,675,501  +15,044,070  inst=1,002,938/s  avg=1,000,030/s
  t= 39990.5s  rows=39,991,719,571  +15,044,070  inst=1,002,938/s  avg=1,000,031/s
  t= 40005.5s  rows=40,006,632,823  +14,913,252  inst=994,217/s  avg=1,000,029/s
  t= 40020.5s  rows=40,021,676,893  +15,044,070  inst=1,002,938/s  avg=1,000,030/s
  t= 40035.5s  rows=40,036,720,963  +15,044,070  inst=1,002,938/s  avg=1,000,031/s
  t= 40050.5s  rows=40,051,765,033  +15,044,070  inst=1,002,938/s  avg=1,000,032/s
  t= 40065.5s  rows=40,066,678,285  +14,913,252  inst=994,217/s  avg=1,000,030/s
  t= 40080.5s  rows=40,081,722,355  +15,044,070  inst=1,002,938/s  avg=1,000,031/s
  t= 40095.5s  rows=40,096,766,425  +15,044,070  inst=1,002,938/s  avg=1,000,032/s
  t= 40110.5s  rows=40,111,679,677  +14,913,252  inst=994,217/s  avg=1,000,030/s
  t= 40125.5s  rows=40,126,592,929  +14,913,252  inst=994,217/s  avg=1,000,028/s
  t= 40140.5s  rows=40,141,767,817  +15,174,888  inst=1,011,659/s  avg=1,000,032/s
  t= 40155.5s  rows=40,156,681,069  +14,913,252  inst=994,217/s  avg=1,000,030/s
  t= 40170.5s  rows=40,171,725,139  +15,044,070  inst=1,002,938/s  avg=1,000,031/s
  t= 40185.5s  rows=40,186,638,391  +14,913,252  inst=994,217/s  avg=1,000,029/s
  t= 40200.5s  rows=40,201,682,461  +15,044,070  inst=1,002,938/s  avg=1,000,030/s
  t= 40215.5s  rows=40,216,726,531  +15,044,070  inst=1,002,938/s  avg=1,000,031/s
  t= 40230.5s  rows=40,231,770,601  +15,044,070  inst=1,002,938/s  avg=1,000,032/s
  t= 40245.5s  rows=40,246,657,534  +14,886,933  inst=992,462/s  avg=1,000,029/s
  t= 40260.5s  rows=40,261,701,604  +15,044,070  inst=1,002,938/s  avg=1,000,030/s
  t= 40275.5s  rows=40,276,698,750  +14,997,146  inst=999,810/s  avg=1,000,030/s
  t= 40290.5s  rows=40,291,742,820  +15,044,070  inst=1,002,938/s  avg=1,000,031/s
  t= 40305.5s  rows=40,306,656,072  +14,913,252  inst=994,217/s  avg=1,000,029/s
  t= 40320.5s  rows=40,321,700,142  +15,044,070  inst=1,002,938/s  avg=1,000,030/s
  t= 40335.5s  rows=40,336,744,212  +15,044,070  inst=1,002,938/s  avg=1,000,031/s
  t= 40350.5s  rows=40,351,657,464  +14,913,252  inst=994,217/s  avg=1,000,029/s
  t= 40365.5s  rows=40,366,701,534  +15,044,070  inst=1,002,938/s  avg=1,000,030/s
  t= 40380.5s  rows=40,381,745,604  +15,044,070  inst=1,002,938/s  avg=1,000,031/s
  t= 40395.5s  rows=40,396,658,856  +14,913,252  inst=994,217/s  avg=1,000,029/s
  t= 40410.5s  rows=40,411,702,926  +15,044,070  inst=1,002,938/s  avg=1,000,030/s
  t= 40425.5s  rows=40,426,746,996  +15,044,070  inst=1,002,938/s  avg=1,000,031/s
  t= 40440.5s  rows=40,441,660,248  +14,913,252  inst=994,217/s  avg=1,000,029/s
  t= 40455.5s  rows=40,456,704,318  +15,044,070  inst=1,002,938/s  avg=1,000,030/s
  t= 40470.5s  rows=40,471,748,388  +15,044,070  inst=1,002,938/s  avg=1,000,031/s
  t= 40485.5s  rows=40,486,792,458  +15,044,070  inst=1,002,938/s  avg=1,000,032/s
  t= 40500.5s  rows=40,501,705,710  +14,913,252  inst=994,217/s  avg=1,000,030/s
  t= 40515.5s  rows=40,516,749,780  +15,044,070  inst=1,002,938/s  avg=1,000,031/s
  t= 40530.5s  rows=40,531,663,032  +14,913,252  inst=994,217/s  avg=1,000,029/s
  t= 40545.5s  rows=40,546,707,102  +15,044,070  inst=1,002,938/s  avg=1,000,030/s
  t= 40560.5s  rows=40,561,620,354  +14,913,252  inst=994,217/s  avg=1,000,028/s
  t= 40575.5s  rows=40,576,664,424  +15,044,070  inst=1,002,938/s  avg=1,000,029/s
  t= 40590.5s  rows=40,591,708,494  +15,044,070  inst=1,002,938/s  avg=1,000,030/s
  t= 40605.5s  rows=40,606,752,564  +15,044,070  inst=1,002,938/s  avg=1,000,031/s
  t= 40620.5s  rows=40,621,665,816  +14,913,252  inst=994,217/s  avg=1,000,029/s
  t= 40635.5s  rows=40,636,709,886  +15,044,070  inst=1,002,938/s  avg=1,000,030/s
  t= 40650.5s  rows=40,651,753,956  +15,044,070  inst=1,002,938/s  avg=1,000,031/s
  t= 40665.5s  rows=40,666,667,208  +14,913,252  inst=994,217/s  avg=1,000,029/s
  t= 40680.5s  rows=40,681,697,807  +15,030,599  inst=1,002,040/s  avg=1,000,030/s
  t= 40695.5s  rows=40,696,741,877  +15,044,070  inst=1,002,938/s  avg=1,000,031/s
  t= 40710.5s  rows=40,711,785,947  +15,044,070  inst=1,002,938/s  avg=1,000,032/s
  t= 40725.5s  rows=40,726,699,199  +14,913,252  inst=994,217/s  avg=1,000,030/s
  t= 40740.5s  rows=40,741,743,269  +15,044,070  inst=1,002,938/s  avg=1,000,031/s
  t= 40755.5s  rows=40,756,787,339  +15,044,070  inst=1,002,938/s  avg=1,000,032/s
  t= 40770.5s  rows=40,771,700,591  +14,913,252  inst=994,217/s  avg=1,000,030/s
  t= 40785.5s  rows=40,786,744,661  +15,044,070  inst=1,002,938/s  avg=1,000,031/s
  t= 40800.5s  rows=40,801,657,913  +14,913,252  inst=994,217/s  avg=1,000,029/s
  t= 40815.5s  rows=40,816,701,983  +15,044,070  inst=1,002,938/s  avg=1,000,030/s
  t= 40830.5s  rows=40,831,746,053  +15,044,070  inst=1,002,938/s  avg=1,000,031/s
  t= 40845.5s  rows=40,846,659,305  +14,913,252  inst=994,217/s  avg=1,000,029/s
  t= 40860.5s  rows=40,861,703,375  +15,044,070  inst=1,002,938/s  avg=1,000,030/s
  t= 40875.5s  rows=40,876,747,445  +15,044,070  inst=1,002,938/s  avg=1,000,031/s
  t= 40890.5s  rows=40,891,660,697  +14,913,252  inst=994,217/s  avg=1,000,029/s
  t= 40905.5s  rows=40,906,704,767  +15,044,070  inst=1,002,938/s  avg=1,000,030/s
  t= 40920.5s  rows=40,921,748,837  +15,044,070  inst=1,002,938/s  avg=1,000,031/s
  t= 40935.5s  rows=40,936,662,089  +14,913,252  inst=994,217/s  avg=1,000,029/s
  t= 40950.5s  rows=40,951,706,159  +15,044,070  inst=1,002,938/s  avg=1,000,030/s
  t= 40965.5s  rows=40,966,619,411  +14,913,252  inst=994,217/s  avg=1,000,027/s
  t= 40980.5s  rows=40,981,663,481  +15,044,070  inst=1,002,938/s  avg=1,000,029/s
  t= 40995.5s  rows=40,996,707,551  +15,044,070  inst=1,002,938/s  avg=1,000,030/s
  t= 41010.5s  rows=41,011,751,621  +15,044,070  inst=1,002,938/s  avg=1,000,031/s
  t= 41025.5s  rows=41,026,664,873  +14,913,252  inst=994,217/s  avg=1,000,029/s
  t= 41040.5s  rows=41,041,708,943  +15,044,070  inst=1,002,938/s  avg=1,000,030/s
  t= 41055.5s  rows=41,056,753,013  +15,044,070  inst=1,002,938/s  avg=1,000,031/s
  t= 41070.5s  rows=41,071,666,265  +14,913,252  inst=994,217/s  avg=1,000,029/s
  t= 41085.5s  rows=41,086,710,335  +15,044,070  inst=1,002,938/s  avg=1,000,030/s
  t= 41100.5s  rows=41,101,754,405  +15,044,070  inst=1,002,938/s  avg=1,000,031/s
  t= 41115.5s  rows=41,116,667,657  +14,913,252  inst=994,217/s  avg=1,000,028/s
  t= 41130.5s  rows=41,131,711,727  +15,044,070  inst=1,002,938/s  avg=1,000,030/s
  t= 41145.5s  rows=41,146,755,797  +15,044,070  inst=1,002,938/s  avg=1,000,031/s
  t= 41160.5s  rows=41,161,669,049  +14,913,252  inst=994,217/s  avg=1,000,028/s
  t= 41175.5s  rows=41,176,713,119  +15,044,070  inst=1,002,938/s  avg=1,000,030/s
  t= 41190.5s  rows=41,191,757,189  +15,044,070  inst=1,002,938/s  avg=1,000,031/s
  t= 41205.5s  rows=41,206,670,441  +14,913,252  inst=994,217/s  avg=1,000,028/s
  t= 41220.5s  rows=41,221,714,511  +15,044,070  inst=1,002,938/s  avg=1,000,030/s
  t= 41235.5s  rows=41,236,758,581  +15,044,070  inst=1,002,938/s  avg=1,000,031/s
  t= 41250.5s  rows=41,251,671,833  +14,913,252  inst=994,217/s  avg=1,000,028/s
  t= 41265.5s  rows=41,266,715,903  +15,044,070  inst=1,002,938/s  avg=1,000,030/s
  t= 41280.5s  rows=41,281,629,155  +14,913,252  inst=994,217/s  avg=1,000,027/s
  t= 41295.5s  rows=41,296,673,225  +15,044,070  inst=1,002,938/s  avg=1,000,028/s
  t= 41310.5s  rows=41,311,717,295  +15,044,070  inst=1,002,938/s  avg=1,000,030/s
  t= 41325.5s  rows=41,326,761,365  +15,044,070  inst=1,002,938/s  avg=1,000,031/s
  t= 41340.5s  rows=41,341,674,617  +14,913,252  inst=994,217/s  avg=1,000,028/s
  t= 41355.5s  rows=41,356,718,687  +15,044,070  inst=1,002,938/s  avg=1,000,030/s
  t= 41370.5s  rows=41,371,762,757  +15,044,070  inst=1,002,938/s  avg=1,000,031/s
  t= 41385.5s  rows=41,386,676,009  +14,913,252  inst=994,217/s  avg=1,000,028/s
  t= 41400.5s  rows=41,401,731,106  +15,055,097  inst=1,003,673/s  avg=1,000,030/s
  t= 41415.5s  rows=41,416,644,358  +14,913,252  inst=994,217/s  avg=1,000,028/s
  t= 41430.5s  rows=41,431,688,428  +15,044,070  inst=1,002,938/s  avg=1,000,029/s
  t= 41445.5s  rows=41,446,732,498  +15,044,070  inst=1,002,938/s  avg=1,000,030/s
  t= 41460.5s  rows=41,461,645,750  +14,913,252  inst=994,217/s  avg=1,000,028/s
  t= 41475.5s  rows=41,476,689,820  +15,044,070  inst=1,002,938/s  avg=1,000,029/s
  t= 41490.5s  rows=41,491,733,890  +15,044,070  inst=1,002,938/s  avg=1,000,030/s
  t= 41505.5s  rows=41,506,777,960  +15,044,070  inst=1,002,938/s  avg=1,000,031/s
  t= 41520.5s  rows=41,521,691,212  +14,913,252  inst=994,217/s  avg=1,000,029/s
  t= 41535.5s  rows=41,536,735,282  +15,044,070  inst=1,002,938/s  avg=1,000,030/s
  t= 41550.5s  rows=41,551,779,352  +15,044,070  inst=1,002,938/s  avg=1,000,031/s
  t= 41565.5s  rows=41,566,692,604  +14,913,252  inst=994,217/s  avg=1,000,029/s
  t= 41580.5s  rows=41,581,736,674  +15,044,070  inst=1,002,938/s  avg=1,000,030/s
  t= 41595.5s  rows=41,596,780,744  +15,044,070  inst=1,002,938/s  avg=1,000,031/s
  t= 41610.5s  rows=41,611,693,996  +14,913,252  inst=994,217/s  avg=1,000,029/s
  t= 41625.5s  rows=41,626,738,066  +15,044,070  inst=1,002,938/s  avg=1,000,030/s
  t= 41640.5s  rows=41,641,651,318  +14,913,252  inst=994,217/s  avg=1,000,028/s
  t= 41655.5s  rows=41,656,695,388  +15,044,070  inst=1,002,938/s  avg=1,000,029/s
  t= 41670.5s  rows=41,671,739,458  +15,044,070  inst=1,002,938/s  avg=1,000,030/s
  t= 41685.5s  rows=41,686,652,710  +14,913,252  inst=994,217/s  avg=1,000,028/s
  t= 41700.5s  rows=41,701,696,780  +15,044,070  inst=1,002,938/s  avg=1,000,029/s
  t= 41715.5s  rows=41,716,740,850  +15,044,070  inst=1,002,938/s  avg=1,000,030/s
  t= 41730.5s  rows=41,731,654,102  +14,913,252  inst=994,217/s  avg=1,000,028/s
  t= 41745.5s  rows=41,746,698,172  +15,044,070  inst=1,002,938/s  avg=1,000,029/s
  t= 41760.5s  rows=41,761,742,242  +15,044,070  inst=1,002,938/s  avg=1,000,030/s
  t= 41775.5s  rows=41,776,786,312  +15,044,070  inst=1,002,938/s  avg=1,000,031/s
  t= 41790.5s  rows=41,791,699,564  +14,913,252  inst=994,217/s  avg=1,000,029/s
  t= 41805.5s  rows=41,806,743,634  +15,044,070  inst=1,002,938/s  avg=1,000,030/s
  t= 41820.5s  rows=41,821,656,886  +14,913,252  inst=994,217/s  avg=1,000,028/s
  t= 41835.5s  rows=41,836,700,956  +15,044,070  inst=1,002,938/s  avg=1,000,029/s
  t= 41850.5s  rows=41,851,745,026  +15,044,070  inst=1,002,938/s  avg=1,000,030/s
  t= 41865.5s  rows=41,866,789,096  +15,044,070  inst=1,002,938/s  avg=1,000,031/s
  t= 41880.5s  rows=41,881,702,348  +14,913,252  inst=994,217/s  avg=1,000,029/s
  t= 41895.5s  rows=41,896,746,418  +15,044,070  inst=1,002,938/s  avg=1,000,030/s
  t= 41910.5s  rows=41,911,659,670  +14,913,252  inst=994,217/s  avg=1,000,028/s
  t= 41925.5s  rows=41,926,703,740  +15,044,070  inst=1,002,938/s  avg=1,000,029/s
  t= 41940.5s  rows=41,941,747,810  +15,044,070  inst=1,002,938/s  avg=1,000,030/s
  t= 41955.5s  rows=41,956,661,062  +14,913,252  inst=994,217/s  avg=1,000,028/s
  t= 41970.5s  rows=41,971,705,132  +15,044,070  inst=1,002,938/s  avg=1,000,029/s
  t= 41985.5s  rows=41,986,749,202  +15,044,070  inst=1,002,938/s  avg=1,000,030/s
  t= 42000.5s  rows=42,001,662,454  +14,913,252  inst=994,217/s  avg=1,000,028/s
  t= 42015.5s  rows=42,016,706,524  +15,044,070  inst=1,002,938/s  avg=1,000,029/s
  t= 42030.5s  rows=42,031,750,594  +15,044,070  inst=1,002,938/s  avg=1,000,030/s
  t= 42045.5s  rows=42,046,663,846  +14,913,252  inst=994,217/s  avg=1,000,028/s
  t= 42060.5s  rows=42,061,707,916  +15,044,070  inst=1,002,938/s  avg=1,000,029/s
  t= 42075.5s  rows=42,076,751,986  +15,044,070  inst=1,002,938/s  avg=1,000,030/s
  t= 42090.5s  rows=42,091,665,238  +14,913,252  inst=994,217/s  avg=1,000,028/s
  t= 42105.5s  rows=42,106,709,308  +15,044,070  inst=1,002,938/s  avg=1,000,029/s
  t= 42120.5s  rows=42,121,753,378  +15,044,070  inst=1,002,938/s  avg=1,000,030/s
  t= 42135.5s  rows=42,136,752,313  +14,998,935  inst=999,929/s  avg=1,000,030/s
  t= 42150.5s  rows=42,151,796,383  +15,044,070  inst=1,002,938/s  avg=1,000,031/s
  t= 42165.5s  rows=42,166,709,635  +14,913,252  inst=994,217/s  avg=1,000,029/s
  t= 42180.5s  rows=42,181,753,705  +15,044,070  inst=1,002,938/s  avg=1,000,030/s
  t= 42195.5s  rows=42,196,797,775  +15,044,070  inst=1,002,938/s  avg=1,000,031/s
  t= 42210.5s  rows=42,211,711,027  +14,913,252  inst=994,217/s  avg=1,000,029/s
  t= 42225.5s  rows=42,226,624,279  +14,913,252  inst=994,217/s  avg=1,000,026/s
  t= 42240.5s  rows=42,241,799,167  +15,174,888  inst=1,011,659/s  avg=1,000,031/s
  t= 42255.5s  rows=42,256,712,419  +14,913,252  inst=994,217/s  avg=1,000,029/s
  t= 42270.5s  rows=42,271,756,489  +15,044,070  inst=1,002,938/s  avg=1,000,030/s
  t= 42285.5s  rows=42,286,669,741  +14,913,252  inst=994,217/s  avg=1,000,027/s
  t= 42300.5s  rows=42,301,713,811  +15,044,070  inst=1,002,938/s  avg=1,000,029/s
  t= 42315.5s  rows=42,316,757,881  +15,044,070  inst=1,002,938/s  avg=1,000,030/s
  t= 42330.5s  rows=42,331,671,133  +14,913,252  inst=994,217/s  avg=1,000,027/s
  t= 42345.5s  rows=42,346,715,203  +15,044,070  inst=1,002,938/s  avg=1,000,029/s
  t= 42360.5s  rows=42,361,759,273  +15,044,070  inst=1,002,938/s  avg=1,000,030/s
  t= 42375.5s  rows=42,376,672,525  +14,913,252  inst=994,217/s  avg=1,000,027/s
  t= 42390.5s  rows=42,391,716,595  +15,044,070  inst=1,002,938/s  avg=1,000,028/s
  t= 42405.5s  rows=42,406,760,665  +15,044,070  inst=1,002,938/s  avg=1,000,030/s
  t= 42420.5s  rows=42,421,673,917  +14,913,252  inst=994,217/s  avg=1,000,027/s
  t= 42435.5s  rows=42,436,717,987  +15,044,070  inst=1,002,938/s  avg=1,000,028/s
  t= 42450.5s  rows=42,451,762,057  +15,044,070  inst=1,002,938/s  avg=1,000,030/s
  t= 42465.5s  rows=42,466,806,127  +15,044,070  inst=1,002,938/s  avg=1,000,031/s
  t= 42480.5s  rows=42,481,719,379  +14,913,252  inst=994,217/s  avg=1,000,028/s
  t= 42495.5s  rows=42,496,763,449  +15,044,070  inst=1,002,938/s  avg=1,000,030/s
  t= 42510.5s  rows=42,511,676,701  +14,913,252  inst=994,217/s  avg=1,000,027/s
  t= 42525.5s  rows=42,526,720,771  +15,044,070  inst=1,002,938/s  avg=1,000,028/s
  t= 42540.5s  rows=42,541,764,841  +15,044,070  inst=1,002,938/s  avg=1,000,029/s
  t= 42555.5s  rows=42,556,678,093  +14,913,252  inst=994,217/s  avg=1,000,027/s
  t= 42570.5s  rows=42,571,722,163  +15,044,070  inst=1,002,938/s  avg=1,000,028/s
  t= 42585.5s  rows=42,586,766,233  +15,044,070  inst=1,002,938/s  avg=1,000,029/s
  t= 42600.5s  rows=42,601,679,485  +14,913,252  inst=994,217/s  avg=1,000,027/s
  t= 42615.5s  rows=42,616,723,555  +15,044,070  inst=1,002,938/s  avg=1,000,028/s
  t= 42630.5s  rows=42,631,767,625  +15,044,070  inst=1,002,938/s  avg=1,000,029/s
  t= 42645.5s  rows=42,646,680,877  +14,913,252  inst=994,217/s  avg=1,000,027/s
  t= 42660.5s  rows=42,661,724,947  +15,044,070  inst=1,002,938/s  avg=1,000,028/s
  t= 42675.5s  rows=42,676,769,017  +15,044,070  inst=1,002,938/s  avg=1,000,029/s
  t= 42690.5s  rows=42,691,682,269  +14,913,252  inst=994,217/s  avg=1,000,027/s
  t= 42705.5s  rows=42,706,726,339  +15,044,070  inst=1,002,938/s  avg=1,000,028/s
  t= 42720.5s  rows=42,721,770,409  +15,044,070  inst=1,002,938/s  avg=1,000,029/s
  t= 42735.5s  rows=42,736,683,661  +14,913,252  inst=994,217/s  avg=1,000,027/s
  t= 42750.5s  rows=42,751,727,731  +15,044,070  inst=1,002,938/s  avg=1,000,028/s
  t= 42765.5s  rows=42,766,771,801  +15,044,070  inst=1,002,938/s  avg=1,000,029/s
  t= 42780.5s  rows=42,781,777,767  +15,005,966  inst=1,000,398/s  avg=1,000,030/s
  t= 42795.5s  rows=42,796,690,448  +14,912,681  inst=994,179/s  avg=1,000,028/s
  t= 42810.5s  rows=42,811,726,616  +15,036,168  inst=1,002,411/s  avg=1,000,028/s
  t= 42825.5s  rows=42,826,772,063  +15,045,447  inst=1,003,030/s  avg=1,000,029/s
  t= 42840.5s  rows=42,841,671,045  +14,898,982  inst=993,265/s  avg=1,000,027/s
  t= 42855.5s  rows=42,856,714,051  +15,043,006  inst=1,002,867/s  avg=1,000,028/s
  t= 42870.5s  rows=42,871,725,243  +15,011,192  inst=1,000,746/s  avg=1,000,028/s
  t= 42885.5s  rows=42,886,789,231  +15,063,988  inst=1,004,266/s  avg=1,000,030/s
  t= 42900.5s  rows=42,901,745,564  +14,956,333  inst=997,089/s  avg=1,000,029/s
  t= 42915.5s  rows=42,916,658,816  +14,913,252  inst=994,217/s  avg=1,000,027/s
  t= 42930.5s  rows=42,931,702,886  +15,044,070  inst=1,002,938/s  avg=1,000,028/s
  t= 42945.5s  rows=42,946,746,956  +15,044,070  inst=1,002,938/s  avg=1,000,029/s
  t= 42960.5s  rows=42,961,799,799  +15,052,843  inst=1,003,523/s  avg=1,000,030/s
  t= 42975.5s  rows=42,976,704,876  +14,905,077  inst=993,672/s  avg=1,000,028/s
  t= 42990.5s  rows=42,991,740,355  +15,035,479  inst=1,002,365/s  avg=1,000,029/s
  t= 43005.5s  rows=43,006,761,730  +15,021,375  inst=1,001,425/s  avg=1,000,029/s
  t= 43020.5s  rows=43,021,674,982  +14,913,252  inst=994,217/s  avg=1,000,027/s
  t= 43035.5s  rows=43,036,719,052  +15,044,070  inst=1,002,938/s  avg=1,000,028/s
  t= 43050.5s  rows=43,051,663,782  +14,944,730  inst=996,315/s  avg=1,000,027/s
  t= 43065.5s  rows=43,066,707,852  +15,044,070  inst=1,002,938/s  avg=1,000,028/s
  t= 43080.5s  rows=43,081,760,764  +15,052,912  inst=1,003,527/s  avg=1,000,029/s
  t= 43095.5s  rows=43,096,673,846  +14,913,082  inst=994,205/s  avg=1,000,027/s
  t= 43110.5s  rows=43,111,717,916  +15,044,070  inst=1,002,938/s  avg=1,000,028/s
  t= 43125.5s  rows=43,126,761,986  +15,044,070  inst=1,002,938/s  avg=1,000,029/s
  t= 43140.5s  rows=43,141,675,238  +14,913,252  inst=994,217/s  avg=1,000,027/s
  t= 43155.5s  rows=43,156,719,308  +15,044,070  inst=1,002,938/s  avg=1,000,028/s
  t= 43170.5s  rows=43,171,632,560  +14,913,252  inst=994,217/s  avg=1,000,026/s
  t= 43185.5s  rows=43,186,701,622  +15,069,062  inst=1,004,604/s  avg=1,000,027/s
  t= 43200.5s  rows=43,201,745,692  +15,044,070  inst=1,002,938/s  avg=1,000,028/s
  t= 43215.5s  rows=43,216,789,762  +15,044,070  inst=1,002,938/s  avg=1,000,029/s
  t= 43230.5s  rows=43,231,703,014  +14,913,252  inst=994,217/s  avg=1,000,027/s
  t= 43245.5s  rows=43,246,747,084  +15,044,070  inst=1,002,938/s  avg=1,000,028/s
  t= 43260.5s  rows=43,261,791,154  +15,044,070  inst=1,002,938/s  avg=1,000,029/s
  t= 43275.5s  rows=43,276,704,406  +14,913,252  inst=994,217/s  avg=1,000,027/s
  t= 43290.5s  rows=43,291,748,476  +15,044,070  inst=1,002,938/s  avg=1,000,028/s
  t= 43305.5s  rows=43,306,661,728  +14,913,252  inst=994,217/s  avg=1,000,026/s
  t= 43320.5s  rows=43,321,739,601  +15,077,873  inst=1,005,192/s  avg=1,000,028/s
  t= 43335.5s  rows=43,336,783,671  +15,044,070  inst=1,002,938/s  avg=1,000,029/s
  t= 43350.5s  rows=43,351,696,923  +14,913,252  inst=994,217/s  avg=1,000,027/s
  t= 43365.5s  rows=43,366,740,993  +15,044,070  inst=1,002,938/s  avg=1,000,028/s
  t= 43380.5s  rows=43,381,802,332  +15,061,339  inst=1,004,089/s  avg=1,000,030/s
  t= 43395.5s  rows=43,396,715,584  +14,913,252  inst=994,217/s  avg=1,000,028/s
  t= 43410.5s  rows=43,411,779,724  +15,064,140  inst=1,004,276/s  avg=1,000,029/s
  t= 43425.5s  rows=43,426,692,976  +14,913,252  inst=994,217/s  avg=1,000,027/s
  t= 43440.5s  rows=43,441,737,046  +15,044,070  inst=1,002,938/s  avg=1,000,028/s
  t= 43455.5s  rows=43,456,707,412  +14,970,366  inst=998,024/s  avg=1,000,027/s
  t= 43470.5s  rows=43,471,751,482  +15,044,070  inst=1,002,938/s  avg=1,000,028/s
  t= 43485.5s  rows=43,486,799,190  +15,047,708  inst=1,003,181/s  avg=1,000,029/s
  t= 43500.5s  rows=43,501,617,911  +14,818,721  inst=987,915/s  avg=1,000,025/s
  t= 43515.5s  rows=43,516,792,799  +15,174,888  inst=1,011,659/s  avg=1,000,029/s
  t= 43530.5s  rows=43,531,706,051  +14,913,252  inst=994,217/s  avg=1,000,027/s
  t= 43545.5s  rows=43,546,750,121  +15,044,070  inst=1,002,938/s  avg=1,000,028/s
  t= 43560.5s  rows=43,561,794,191  +15,044,070  inst=1,002,938/s  avg=1,000,029/s
  t= 43575.5s  rows=43,576,707,443  +14,913,252  inst=994,217/s  avg=1,000,027/s
  t= 43590.5s  rows=43,591,751,513  +15,044,070  inst=1,002,938/s  avg=1,000,028/s
  t= 43605.5s  rows=43,606,795,583  +15,044,070  inst=1,002,938/s  avg=1,000,029/s
  t= 43620.5s  rows=43,621,708,835  +14,913,252  inst=994,217/s  avg=1,000,027/s
  t= 43635.5s  rows=43,636,752,905  +15,044,070  inst=1,002,938/s  avg=1,000,028/s
  t= 43650.5s  rows=43,651,796,975  +15,044,070  inst=1,002,938/s  avg=1,000,029/s
  t= 43665.5s  rows=43,666,710,227  +14,913,252  inst=994,217/s  avg=1,000,027/s
  t= 43680.5s  rows=43,681,754,297  +15,044,070  inst=1,002,938/s  avg=1,000,028/s
  t= 43695.5s  rows=43,696,798,367  +15,044,070  inst=1,002,938/s  avg=1,000,029/s
  t= 43710.5s  rows=43,711,711,619  +14,913,252  inst=994,217/s  avg=1,000,027/s
  t= 43725.5s  rows=43,726,755,689  +15,044,070  inst=1,002,938/s  avg=1,000,028/s
  t= 43740.5s  rows=43,741,799,759  +15,044,070  inst=1,002,938/s  avg=1,000,029/s
  t= 43755.5s  rows=43,756,713,011  +14,913,252  inst=994,217/s  avg=1,000,027/s
  t= 43770.5s  rows=43,771,757,081  +15,044,070  inst=1,002,938/s  avg=1,000,028/s
  t= 43785.5s  rows=43,786,670,333  +14,913,252  inst=994,217/s  avg=1,000,026/s
  t= 43800.5s  rows=43,801,714,403  +15,044,070  inst=1,002,938/s  avg=1,000,027/s
  t= 43815.5s  rows=43,816,758,473  +15,044,070  inst=1,002,938/s  avg=1,000,028/s
  t= 43830.5s  rows=43,831,802,543  +15,044,070  inst=1,002,938/s  avg=1,000,029/s
  t= 43845.5s  rows=43,846,715,795  +14,913,252  inst=994,217/s  avg=1,000,027/s
  t= 43860.5s  rows=43,861,759,865  +15,044,070  inst=1,002,938/s  avg=1,000,028/s
  t= 43875.5s  rows=43,876,803,935  +15,044,070  inst=1,002,938/s  avg=1,000,029/s
  t= 43890.5s  rows=43,891,717,187  +14,913,252  inst=994,217/s  avg=1,000,027/s
  t= 43905.5s  rows=43,906,761,257  +15,044,070  inst=1,002,938/s  avg=1,000,028/s
  t= 43920.5s  rows=43,921,674,509  +14,913,252  inst=994,217/s  avg=1,000,026/s
  t= 43935.5s  rows=43,936,718,579  +15,044,070  inst=1,002,938/s  avg=1,000,027/s
  t= 43950.5s  rows=43,951,762,649  +15,044,070  inst=1,002,938/s  avg=1,000,028/s
  t= 43965.5s  rows=43,966,806,719  +15,044,070  inst=1,002,938/s  avg=1,000,029/s
  t= 43980.5s  rows=43,981,719,971  +14,913,252  inst=994,217/s  avg=1,000,027/s
  t= 43995.5s  rows=43,996,764,041  +15,044,070  inst=1,002,938/s  avg=1,000,028/s
  t= 44010.5s  rows=44,011,808,111  +15,044,070  inst=1,002,938/s  avg=1,000,029/s
  t= 44025.5s  rows=44,026,721,363  +14,913,252  inst=994,217/s  avg=1,000,027/s
  t= 44040.5s  rows=44,041,765,433  +15,044,070  inst=1,002,938/s  avg=1,000,028/s
  t= 44055.5s  rows=44,056,809,503  +15,044,070  inst=1,002,938/s  avg=1,000,029/s
  t= 44070.5s  rows=44,071,722,755  +14,913,252  inst=994,217/s  avg=1,000,027/s
  t= 44085.5s  rows=44,086,766,825  +15,044,070  inst=1,002,938/s  avg=1,000,028/s
  t= 44100.5s  rows=44,101,680,077  +14,913,252  inst=994,217/s  avg=1,000,026/s
  t= 44115.5s  rows=44,116,724,147  +15,044,070  inst=1,002,938/s  avg=1,000,027/s
  t= 44130.5s  rows=44,131,768,217  +15,044,070  inst=1,002,938/s  avg=1,000,028/s
  t= 44145.5s  rows=44,146,681,469  +14,913,252  inst=994,217/s  avg=1,000,026/s
  t= 44160.5s  rows=44,161,725,539  +15,044,070  inst=1,002,938/s  avg=1,000,027/s
  t= 44175.5s  rows=44,176,673,592  +14,948,053  inst=996,537/s  avg=1,000,026/s
  t= 44190.5s  rows=44,191,717,662  +15,044,070  inst=1,002,938/s  avg=1,000,027/s
  t= 44205.5s  rows=44,206,761,732  +15,044,070  inst=1,002,938/s  avg=1,000,028/s
  t= 44220.5s  rows=44,221,805,802  +15,044,070  inst=1,002,938/s  avg=1,000,029/s
  t= 44235.5s  rows=44,236,719,054  +14,913,252  inst=994,217/s  avg=1,000,027/s
  t= 44250.5s  rows=44,251,763,124  +15,044,070  inst=1,002,938/s  avg=1,000,028/s
  t= 44265.5s  rows=44,266,807,194  +15,044,070  inst=1,002,938/s  avg=1,000,029/s
  t= 44280.5s  rows=44,281,720,446  +14,913,252  inst=994,217/s  avg=1,000,027/s
  t= 44295.5s  rows=44,296,764,516  +15,044,070  inst=1,002,938/s  avg=1,000,028/s
  t= 44310.5s  rows=44,311,808,586  +15,044,070  inst=1,002,938/s  avg=1,000,029/s
  t= 44325.5s  rows=44,326,721,838  +14,913,252  inst=994,217/s  avg=1,000,027/s
  t= 44340.5s  rows=44,341,765,908  +15,044,070  inst=1,002,938/s  avg=1,000,028/s
  t= 44355.5s  rows=44,356,809,978  +15,044,070  inst=1,002,938/s  avg=1,000,029/s
  t= 44370.5s  rows=44,371,723,230  +14,913,252  inst=994,217/s  avg=1,000,027/s
  t= 44385.5s  rows=44,386,767,300  +15,044,070  inst=1,002,938/s  avg=1,000,028/s
  t= 44400.5s  rows=44,401,680,552  +14,913,252  inst=994,217/s  avg=1,000,026/s
  t= 44415.5s  rows=44,416,724,622  +15,044,070  inst=1,002,938/s  avg=1,000,027/s
  t= 44430.5s  rows=44,431,768,692  +15,044,070  inst=1,002,938/s  avg=1,000,028/s
  t= 44445.5s  rows=44,446,681,944  +14,913,252  inst=994,217/s  avg=1,000,026/s
  t= 44460.5s  rows=44,461,726,014  +15,044,070  inst=1,002,938/s  avg=1,000,027/s
  t= 44475.5s  rows=44,476,770,084  +15,044,070  inst=1,002,938/s  avg=1,000,028/s
  t= 44490.5s  rows=44,491,683,336  +14,913,252  inst=994,217/s  avg=1,000,026/s
  t= 44505.5s  rows=44,506,727,406  +15,044,070  inst=1,002,938/s  avg=1,000,027/s
  t= 44520.5s  rows=44,521,771,476  +15,044,070  inst=1,002,938/s  avg=1,000,028/s
  t= 44535.5s  rows=44,536,815,546  +15,044,070  inst=1,002,938/s  avg=1,000,029/s
  t= 44550.5s  rows=44,551,728,798  +14,913,252  inst=994,217/s  avg=1,000,027/s
  t= 44565.5s  rows=44,566,772,868  +15,044,070  inst=1,002,938/s  avg=1,000,028/s
  t= 44580.5s  rows=44,581,686,120  +14,913,252  inst=994,217/s  avg=1,000,026/s
  t= 44595.5s  rows=44,596,730,190  +15,044,070  inst=1,002,938/s  avg=1,000,027/s
  t= 44610.5s  rows=44,611,774,260  +15,044,070  inst=1,002,938/s  avg=1,000,028/s
  t= 44625.5s  rows=44,626,687,512  +14,913,252  inst=994,217/s  avg=1,000,026/s
  t= 44640.5s  rows=44,641,731,582  +15,044,070  inst=1,002,938/s  avg=1,000,027/s
  t= 44655.5s  rows=44,656,775,652  +15,044,070  inst=1,002,938/s  avg=1,000,028/s
  t= 44670.5s  rows=44,671,688,904  +14,913,252  inst=994,217/s  avg=1,000,026/s
  t= 44685.5s  rows=44,686,732,974  +15,044,070  inst=1,002,938/s  avg=1,000,027/s
  t= 44700.5s  rows=44,701,777,044  +15,044,070  inst=1,002,938/s  avg=1,000,028/s
  t= 44715.5s  rows=44,716,690,296  +14,913,252  inst=994,217/s  avg=1,000,026/s
  t= 44730.5s  rows=44,731,734,366  +15,044,070  inst=1,002,938/s  avg=1,000,027/s
  t= 44745.5s  rows=44,746,778,436  +15,044,070  inst=1,002,938/s  avg=1,000,028/s
  t= 44760.5s  rows=44,761,822,506  +15,044,070  inst=1,002,938/s  avg=1,000,029/s
  t= 44775.5s  rows=44,776,735,758  +14,913,252  inst=994,217/s  avg=1,000,027/s
  t= 44790.5s  rows=44,791,649,010  +14,913,252  inst=994,217/s  avg=1,000,025/s
  t= 44805.5s  rows=44,806,823,898  +15,174,888  inst=1,011,659/s  avg=1,000,029/s
  t= 44820.5s  rows=44,821,737,150  +14,913,252  inst=994,217/s  avg=1,000,027/s
  t= 44835.5s  rows=44,836,781,220  +15,044,070  inst=1,002,938/s  avg=1,000,028/s
  t= 44850.5s  rows=44,851,694,472  +14,913,252  inst=994,217/s  avg=1,000,026/s
  t= 44865.5s  rows=44,866,738,542  +15,044,070  inst=1,002,938/s  avg=1,000,027/s
  t= 44880.5s  rows=44,881,782,612  +15,044,070  inst=1,002,938/s  avg=1,000,028/s
  t= 44895.5s  rows=44,896,826,682  +15,044,070  inst=1,002,938/s  avg=1,000,029/s
  t= 44910.5s  rows=44,911,666,850  +14,840,168  inst=989,345/s  avg=1,000,025/s
  t= 44925.5s  rows=44,926,710,920  +15,044,070  inst=1,002,938/s  avg=1,000,026/s
  t= 44940.5s  rows=44,941,754,990  +15,044,070  inst=1,002,938/s  avg=1,000,027/s
  t= 44955.5s  rows=44,956,799,060  +15,044,070  inst=1,002,938/s  avg=1,000,028/s
  t= 44970.5s  rows=44,971,712,312  +14,913,252  inst=994,217/s  avg=1,000,026/s
  t= 44985.5s  rows=44,986,756,382  +15,044,070  inst=1,002,938/s  avg=1,000,027/s
  t= 45000.5s  rows=45,001,800,452  +15,044,070  inst=1,002,938/s  avg=1,000,028/s
  t= 45015.5s  rows=45,016,713,704  +14,913,252  inst=994,217/s  avg=1,000,026/s
  t= 45030.5s  rows=45,031,757,774  +15,044,070  inst=1,002,938/s  avg=1,000,027/s
  t= 45045.5s  rows=45,046,801,844  +15,044,070  inst=1,002,938/s  avg=1,000,028/s
  t= 45060.5s  rows=45,061,715,096  +14,913,252  inst=994,217/s  avg=1,000,026/s
  t= 45075.5s  rows=45,076,759,166  +15,044,070  inst=1,002,938/s  avg=1,000,027/s
  t= 45090.5s  rows=45,091,672,418  +14,913,252  inst=994,217/s  avg=1,000,025/s
  t= 45105.5s  rows=45,106,716,488  +15,044,070  inst=1,002,938/s  avg=1,000,026/s
  t= 45120.5s  rows=45,121,760,558  +15,044,070  inst=1,002,938/s  avg=1,000,027/s
  t= 45135.5s  rows=45,136,804,628  +15,044,070  inst=1,002,938/s  avg=1,000,028/s
  t= 45150.5s  rows=45,151,717,880  +14,913,252  inst=994,217/s  avg=1,000,026/s
  t= 45165.5s  rows=45,166,631,132  +14,913,252  inst=994,217/s  avg=1,000,024/s
  t= 45180.5s  rows=45,181,806,020  +15,174,888  inst=1,011,659/s  avg=1,000,028/s
  t= 45195.5s  rows=45,196,719,272  +14,913,252  inst=994,217/s  avg=1,000,026/s
  t= 45210.5s  rows=45,211,763,342  +15,044,070  inst=1,002,938/s  avg=1,000,027/s
  t= 45225.5s  rows=45,226,807,412  +15,044,070  inst=1,002,938/s  avg=1,000,028/s
  t= 45240.5s  rows=45,241,720,664  +14,913,252  inst=994,217/s  avg=1,000,026/s
  t= 45255.5s  rows=45,256,764,734  +15,044,070  inst=1,002,938/s  avg=1,000,027/s
  t= 45270.5s  rows=45,271,808,804  +15,044,070  inst=1,002,938/s  avg=1,000,028/s
  t= 45285.5s  rows=45,286,722,056  +14,913,252  inst=994,217/s  avg=1,000,026/s
  t= 45300.5s  rows=45,301,766,126  +15,044,070  inst=1,002,938/s  avg=1,000,027/s
  t= 45315.5s  rows=45,316,810,196  +15,044,070  inst=1,002,938/s  avg=1,000,028/s
  t= 45330.5s  rows=45,331,723,448  +14,913,252  inst=994,217/s  avg=1,000,026/s
  t= 45345.5s  rows=45,346,767,518  +15,044,070  inst=1,002,938/s  avg=1,000,027/s
  t= 45360.5s  rows=45,361,811,588  +15,044,070  inst=1,002,938/s  avg=1,000,028/s
  t= 45375.5s  rows=45,376,724,840  +14,913,252  inst=994,217/s  avg=1,000,026/s
  t= 45390.5s  rows=45,391,768,910  +15,044,070  inst=1,002,938/s  avg=1,000,027/s
  t= 45405.5s  rows=45,406,812,980  +15,044,070  inst=1,002,938/s  avg=1,000,028/s
  t= 45420.5s  rows=45,421,726,232  +14,913,252  inst=994,217/s  avg=1,000,026/s
  t= 45435.5s  rows=45,436,770,302  +15,044,070  inst=1,002,938/s  avg=1,000,027/s
  t= 45450.5s  rows=45,451,683,554  +14,913,252  inst=994,217/s  avg=1,000,025/s
  t= 45465.5s  rows=45,466,727,624  +15,044,070  inst=1,002,938/s  avg=1,000,026/s
  t= 45480.5s  rows=45,481,771,694  +15,044,070  inst=1,002,938/s  avg=1,000,027/s
  t= 45495.5s  rows=45,496,684,946  +14,913,252  inst=994,217/s  avg=1,000,025/s
  t= 45510.5s  rows=45,511,729,016  +15,044,070  inst=1,002,938/s  avg=1,000,026/s
  t= 45525.5s  rows=45,526,773,086  +15,044,070  inst=1,002,938/s  avg=1,000,027/s
  t= 45540.5s  rows=45,541,686,338  +14,913,252  inst=994,217/s  avg=1,000,025/s
  t= 45555.5s  rows=45,556,730,408  +15,044,070  inst=1,002,938/s  avg=1,000,026/s
  t= 45570.5s  rows=45,571,774,478  +15,044,070  inst=1,002,938/s  avg=1,000,027/s
  t= 45585.5s  rows=45,586,818,548  +15,044,070  inst=1,002,938/s  avg=1,000,028/s
  t= 45600.5s  rows=45,601,731,800  +14,913,252  inst=994,217/s  avg=1,000,026/s
  t= 45615.5s  rows=45,616,775,870  +15,044,070  inst=1,002,938/s  avg=1,000,027/s
  t= 45630.5s  rows=45,631,819,940  +15,044,070  inst=1,002,938/s  avg=1,000,028/s
  t= 45645.5s  rows=45,646,733,192  +14,913,252  inst=994,217/s  avg=1,000,026/s
  t= 45660.5s  rows=45,661,788,764  +15,055,572  inst=1,003,705/s  avg=1,000,027/s
  t= 45675.5s  rows=45,676,702,016  +14,913,252  inst=994,217/s  avg=1,000,025/s
  t= 45690.5s  rows=45,691,746,086  +15,044,070  inst=1,002,938/s  avg=1,000,026/s
  t= 45705.5s  rows=45,706,790,156  +15,044,070  inst=1,002,938/s  avg=1,000,027/s
  t= 45720.5s  rows=45,721,703,408  +14,913,252  inst=994,217/s  avg=1,000,025/s
  t= 45735.5s  rows=45,736,747,478  +15,044,070  inst=1,002,938/s  avg=1,000,026/s
  t= 45750.5s  rows=45,751,791,548  +15,044,070  inst=1,002,938/s  avg=1,000,027/s
  t= 45765.5s  rows=45,766,835,618  +15,044,070  inst=1,002,938/s  avg=1,000,028/s
  t= 45780.5s  rows=45,781,748,870  +14,913,252  inst=994,217/s  avg=1,000,026/s
  t= 45795.5s  rows=45,796,792,940  +15,044,070  inst=1,002,938/s  avg=1,000,027/s
  t= 45810.5s  rows=45,811,706,192  +14,913,252  inst=994,217/s  avg=1,000,025/s
  t= 45825.5s  rows=45,826,750,262  +15,044,070  inst=1,002,938/s  avg=1,000,026/s
  t= 45840.5s  rows=45,841,794,332  +15,044,070  inst=1,002,938/s  avg=1,000,027/s
  t= 45855.5s  rows=45,856,707,584  +14,913,252  inst=994,217/s  avg=1,000,025/s
  t= 45870.5s  rows=45,871,751,654  +15,044,070  inst=1,002,938/s  avg=1,000,026/s
  t= 45885.5s  rows=45,886,795,724  +15,044,070  inst=1,002,938/s  avg=1,000,027/s
  t= 45900.5s  rows=45,901,708,976  +14,913,252  inst=994,217/s  avg=1,000,025/s
  t= 45915.5s  rows=45,916,753,046  +15,044,070  inst=1,002,938/s  avg=1,000,026/s
  t= 45930.5s  rows=45,931,797,116  +15,044,070  inst=1,002,938/s  avg=1,000,027/s
  t= 45945.5s  rows=45,946,841,186  +15,044,070  inst=1,002,938/s  avg=1,000,028/s
  t= 45960.5s  rows=45,961,754,438  +14,913,252  inst=994,217/s  avg=1,000,026/s
  t= 45975.5s  rows=45,976,798,508  +15,044,070  inst=1,002,938/s  avg=1,000,027/s
  t= 45990.5s  rows=45,991,711,760  +14,913,252  inst=994,217/s  avg=1,000,025/s
  t= 46005.5s  rows=46,006,755,830  +15,044,070  inst=1,002,938/s  avg=1,000,026/s
  t= 46020.5s  rows=46,021,799,900  +15,044,070  inst=1,002,938/s  avg=1,000,027/s
  t= 46035.5s  rows=46,036,843,970  +15,044,070  inst=1,002,938/s  avg=1,000,028/s
  t= 46050.5s  rows=46,051,757,222  +14,913,252  inst=994,217/s  avg=1,000,026/s
  t= 46065.5s  rows=46,066,801,292  +15,044,070  inst=1,002,938/s  avg=1,000,027/s
  t= 46080.5s  rows=46,081,714,544  +14,913,252  inst=994,217/s  avg=1,000,025/s
  t= 46095.5s  rows=46,096,758,614  +15,044,070  inst=1,002,938/s  avg=1,000,026/s
  t= 46110.5s  rows=46,111,802,684  +15,044,070  inst=1,002,938/s  avg=1,000,027/s
  t= 46125.5s  rows=46,126,846,754  +15,044,070  inst=1,002,938/s  avg=1,000,028/s
  t= 46140.5s  rows=46,141,760,006  +14,913,252  inst=994,217/s  avg=1,000,026/s
  t= 46155.5s  rows=46,156,673,258  +14,913,252  inst=994,217/s  avg=1,000,024/s
  t= 46170.5s  rows=46,171,717,328  +15,044,070  inst=1,002,938/s  avg=1,000,025/s
  t= 46185.5s  rows=46,186,761,398  +15,044,070  inst=1,002,938/s  avg=1,000,026/s
  t= 46200.5s  rows=46,201,805,468  +15,044,070  inst=1,002,938/s  avg=1,000,027/s
  t= 46215.5s  rows=46,216,718,720  +14,913,252  inst=994,217/s  avg=1,000,025/s
  t= 46230.5s  rows=46,231,762,790  +15,044,070  inst=1,002,938/s  avg=1,000,026/s
  t= 46245.5s  rows=46,246,806,860  +15,044,070  inst=1,002,938/s  avg=1,000,027/s
  t= 46260.5s  rows=46,261,720,112  +14,913,252  inst=994,217/s  avg=1,000,025/s
  t= 46275.5s  rows=46,276,764,182  +15,044,070  inst=1,002,938/s  avg=1,000,026/s
  t= 46290.5s  rows=46,291,808,252  +15,044,070  inst=1,002,938/s  avg=1,000,027/s
  t= 46305.5s  rows=46,306,721,504  +14,913,252  inst=994,217/s  avg=1,000,025/s
  t= 46320.5s  rows=46,321,765,574  +15,044,070  inst=1,002,938/s  avg=1,000,026/s
  t= 46335.5s  rows=46,336,831,217  +15,065,643  inst=1,004,376/s  avg=1,000,028/s
  t= 46350.5s  rows=46,351,830,980  +14,999,763  inst=999,984/s  avg=1,000,028/s
  t= 46365.5s  rows=46,366,791,283  +14,960,303  inst=997,354/s  avg=1,000,027/s
  t= 46380.5s  rows=46,381,863,540  +15,072,257  inst=1,004,817/s  avg=1,000,028/s
  t= 46395.5s  rows=46,396,808,856  +14,945,316  inst=996,354/s  avg=1,000,027/s
  t= 46410.5s  rows=46,411,712,645  +14,903,789  inst=993,586/s  avg=1,000,025/s
  t= 46425.5s  rows=46,426,747,583  +15,034,938  inst=1,002,329/s  avg=1,000,026/s
  t= 46440.5s  rows=46,441,820,665  +15,073,082  inst=1,004,872/s  avg=1,000,027/s
  t= 46455.5s  rows=46,456,733,917  +14,913,252  inst=994,217/s  avg=1,000,026/s
  t= 46470.5s  rows=46,471,777,987  +15,044,070  inst=1,002,938/s  avg=1,000,026/s
  t= 46485.5s  rows=46,486,714,877  +14,936,890  inst=995,793/s  avg=1,000,025/s
  t= 46500.5s  rows=46,501,759,488  +15,044,611  inst=1,002,974/s  avg=1,000,026/s
  t= 46515.5s  rows=46,516,803,558  +15,044,070  inst=1,002,938/s  avg=1,000,027/s
  t= 46530.5s  rows=46,531,716,810  +14,913,252  inst=994,217/s  avg=1,000,025/s
  t= 46545.6s  rows=46,546,760,880  +15,044,070  inst=1,002,938/s  avg=1,000,026/s
  t= 46560.6s  rows=46,561,674,132  +14,913,252  inst=994,217/s  avg=1,000,024/s
  t= 46575.6s  rows=46,576,693,529  +15,019,397  inst=1,001,293/s  avg=1,000,025/s
  t= 46590.6s  rows=46,591,737,599  +15,044,070  inst=1,002,938/s  avg=1,000,025/s
  t= 46605.6s  rows=46,606,754,697  +15,017,098  inst=1,001,140/s  avg=1,000,026/s
  t= 46620.6s  rows=46,621,798,767  +15,044,070  inst=1,002,938/s  avg=1,000,027/s
  t= 46635.6s  rows=46,636,712,019  +14,913,252  inst=994,217/s  avg=1,000,025/s
  t= 46650.6s  rows=46,651,746,903  +15,034,884  inst=1,002,326/s  avg=1,000,026/s
  t= 46665.6s  rows=46,666,783,998  +15,037,095  inst=1,002,473/s  avg=1,000,026/s
  t= 46680.6s  rows=46,681,710,128  +14,926,130  inst=995,075/s  avg=1,000,025/s
  t= 46695.6s  rows=46,696,754,198  +15,044,070  inst=1,002,938/s  avg=1,000,026/s
  t= 46710.6s  rows=46,711,786,713  +15,032,515  inst=1,002,168/s  avg=1,000,026/s
  t= 46725.6s  rows=46,726,830,783  +15,044,070  inst=1,002,938/s  avg=1,000,027/s
  t= 46740.6s  rows=46,741,733,528  +14,902,745  inst=993,516/s  avg=1,000,025/s
  t= 46755.6s  rows=46,756,833,483  +15,099,955  inst=1,006,664/s  avg=1,000,027/s
  t= 46770.6s  rows=46,771,746,735  +14,913,252  inst=994,217/s  avg=1,000,026/s
  t= 46785.6s  rows=46,786,790,805  +15,044,070  inst=1,002,938/s  avg=1,000,026/s
  t= 46800.6s  rows=46,801,827,490  +15,036,685  inst=1,002,446/s  avg=1,000,027/s
  t= 46815.6s  rows=46,816,740,742  +14,913,252  inst=994,217/s  avg=1,000,025/s
  t= 46830.6s  rows=46,831,755,776  +15,015,034  inst=1,001,002/s  avg=1,000,026/s
  t= 46845.6s  rows=46,846,799,846  +15,044,070  inst=1,002,938/s  avg=1,000,027/s
  t= 46860.6s  rows=46,861,713,098  +14,913,252  inst=994,217/s  avg=1,000,025/s
  t= 46875.6s  rows=46,876,757,168  +15,044,070  inst=1,002,938/s  avg=1,000,026/s
  t= 46890.6s  rows=46,891,670,420  +14,913,252  inst=994,217/s  avg=1,000,024/s
  t= 46905.6s  rows=46,906,714,490  +15,044,070  inst=1,002,938/s  avg=1,000,025/s
  t= 46920.6s  rows=46,921,758,560  +15,044,070  inst=1,002,938/s  avg=1,000,026/s
  t= 46935.6s  rows=46,936,802,630  +15,044,070  inst=1,002,938/s  avg=1,000,027/s
  t= 46950.6s  rows=46,951,715,882  +14,913,252  inst=994,217/s  avg=1,000,025/s
  t= 46965.6s  rows=46,966,759,952  +15,044,070  inst=1,002,938/s  avg=1,000,026/s
  t= 46980.6s  rows=46,981,804,022  +15,044,070  inst=1,002,938/s  avg=1,000,027/s
  t= 46995.6s  rows=46,996,743,895  +14,939,873  inst=995,992/s  avg=1,000,025/s
  t= 47010.6s  rows=47,011,787,965  +15,044,070  inst=1,002,938/s  avg=1,000,026/s
  t= 47025.6s  rows=47,026,836,847  +15,048,882  inst=1,003,259/s  avg=1,000,027/s
  t= 47040.6s  rows=47,041,743,257  +14,906,410  inst=993,761/s  avg=1,000,025/s
  t= 47055.6s  rows=47,056,787,327  +15,044,070  inst=1,002,938/s  avg=1,000,026/s
  t= 47070.6s  rows=47,071,831,397  +15,044,070  inst=1,002,938/s  avg=1,000,027/s
  t= 47085.6s  rows=47,086,783,940  +14,952,543  inst=996,836/s  avg=1,000,026/s
  t= 47100.6s  rows=47,101,828,010  +15,044,070  inst=1,002,938/s  avg=1,000,027/s
  t= 47115.6s  rows=47,116,741,262  +14,913,252  inst=994,217/s  avg=1,000,025/s
  t= 47130.6s  rows=47,131,654,514  +14,913,252  inst=994,217/s  avg=1,000,023/s
  t= 47145.6s  rows=47,146,829,402  +15,174,888  inst=1,011,659/s  avg=1,000,027/s
  t= 47160.6s  rows=47,161,742,654  +14,913,252  inst=994,217/s  avg=1,000,025/s
  t= 47175.6s  rows=47,176,786,724  +15,044,070  inst=1,002,938/s  avg=1,000,026/s
  t= 47190.6s  rows=47,191,830,794  +15,044,070  inst=1,002,938/s  avg=1,000,027/s
  t= 47205.6s  rows=47,206,744,046  +14,913,252  inst=994,217/s  avg=1,000,025/s
  t= 47220.6s  rows=47,221,788,116  +15,044,070  inst=1,002,938/s  avg=1,000,026/s
  t= 47235.6s  rows=47,236,832,186  +15,044,070  inst=1,002,938/s  avg=1,000,027/s
  t= 47250.6s  rows=47,251,745,438  +14,913,252  inst=994,217/s  avg=1,000,025/s
  t= 47265.6s  rows=47,266,789,508  +15,044,070  inst=1,002,938/s  avg=1,000,026/s
  t= 47280.6s  rows=47,281,833,578  +15,044,070  inst=1,002,938/s  avg=1,000,027/s
  t= 47295.6s  rows=47,296,746,830  +14,913,252  inst=994,217/s  avg=1,000,025/s
  t= 47310.6s  rows=47,311,790,900  +15,044,070  inst=1,002,938/s  avg=1,000,026/s
  t= 47325.6s  rows=47,326,834,970  +15,044,070  inst=1,002,938/s  avg=1,000,027/s
  t= 47340.6s  rows=47,341,748,222  +14,913,252  inst=994,217/s  avg=1,000,025/s
  t= 47355.6s  rows=47,356,792,292  +15,044,070  inst=1,002,938/s  avg=1,000,026/s
  t= 47370.6s  rows=47,371,705,544  +14,913,252  inst=994,217/s  avg=1,000,024/s
  t= 47385.6s  rows=47,386,749,614  +15,044,070  inst=1,002,938/s  avg=1,000,025/s
  t= 47400.6s  rows=47,401,793,684  +15,044,070  inst=1,002,938/s  avg=1,000,026/s
  t= 47415.6s  rows=47,416,706,936  +14,913,252  inst=994,217/s  avg=1,000,024/s
  t= 47430.6s  rows=47,431,751,006  +15,044,070  inst=1,002,938/s  avg=1,000,025/s
  t= 47445.6s  rows=47,446,795,076  +15,044,070  inst=1,002,938/s  avg=1,000,026/s
  t= 47460.6s  rows=47,461,708,328  +14,913,252  inst=994,217/s  avg=1,000,024/s
  t= 47475.6s  rows=47,476,752,398  +15,044,070  inst=1,002,938/s  avg=1,000,025/s
  t= 47490.6s  rows=47,491,796,468  +15,044,070  inst=1,002,938/s  avg=1,000,026/s
  t= 47505.6s  rows=47,506,709,720  +14,913,252  inst=994,217/s  avg=1,000,024/s
  t= 47520.6s  rows=47,521,753,790  +15,044,070  inst=1,002,938/s  avg=1,000,025/s
  t= 47535.6s  rows=47,536,797,860  +15,044,070  inst=1,002,938/s  avg=1,000,026/s
  t= 47550.6s  rows=47,551,841,930  +15,044,070  inst=1,002,938/s  avg=1,000,027/s
  t= 47565.6s  rows=47,566,755,182  +14,913,252  inst=994,217/s  avg=1,000,025/s
  t= 47580.6s  rows=47,581,799,252  +15,044,070  inst=1,002,938/s  avg=1,000,026/s
  t= 47595.6s  rows=47,596,712,504  +14,913,252  inst=994,217/s  avg=1,000,024/s
  t= 47610.6s  rows=47,611,756,574  +15,044,070  inst=1,002,938/s  avg=1,000,025/s
  t= 47625.6s  rows=47,626,800,644  +15,044,070  inst=1,002,938/s  avg=1,000,026/s
  t= 47640.6s  rows=47,641,713,896  +14,913,252  inst=994,217/s  avg=1,000,024/s
  t= 47655.6s  rows=47,656,757,966  +15,044,070  inst=1,002,938/s  avg=1,000,025/s
  t= 47670.6s  rows=47,671,802,036  +15,044,070  inst=1,002,938/s  avg=1,000,026/s
  t= 47685.6s  rows=47,686,715,288  +14,913,252  inst=994,217/s  avg=1,000,024/s
  t= 47700.6s  rows=47,701,759,358  +15,044,070  inst=1,002,938/s  avg=1,000,025/s
  t= 47715.6s  rows=47,716,803,428  +15,044,070  inst=1,002,938/s  avg=1,000,026/s
  t= 47730.6s  rows=47,731,716,680  +14,913,252  inst=994,217/s  avg=1,000,024/s
  t= 47745.6s  rows=47,746,749,762  +15,033,082  inst=1,002,205/s  avg=1,000,025/s
  t= 47760.6s  rows=47,761,793,832  +15,044,070  inst=1,002,938/s  avg=1,000,026/s
  t= 47775.6s  rows=47,776,750,691  +14,956,859  inst=997,124/s  avg=1,000,025/s
  t= 47790.6s  rows=47,791,751,248  +15,000,557  inst=1,000,037/s  avg=1,000,025/s
  t= 47805.6s  rows=47,806,793,817  +15,042,569  inst=1,002,838/s  avg=1,000,026/s
  t= 47820.6s  rows=47,821,740,023  +14,946,206  inst=996,414/s  avg=1,000,025/s
  t= 47835.6s  rows=47,836,772,806  +15,032,783  inst=1,002,186/s  avg=1,000,025/s
  t= 47850.6s  rows=47,851,797,762  +15,024,956  inst=1,001,664/s  avg=1,000,026/s
  t= 47865.6s  rows=47,866,711,014  +14,913,252  inst=994,217/s  avg=1,000,024/s
  t= 47880.6s  rows=47,881,721,742  +15,010,728  inst=1,000,715/s  avg=1,000,024/s
  t= 47895.6s  rows=47,896,768,298  +15,046,556  inst=1,003,104/s  avg=1,000,025/s
  t= 47910.6s  rows=47,911,819,654  +15,051,356  inst=1,003,424/s  avg=1,000,026/s
  t= 47925.6s  rows=47,926,730,731  +14,911,077  inst=994,072/s  avg=1,000,024/s
  t= 47940.6s  rows=47,941,784,052  +15,053,321  inst=1,003,555/s  avg=1,000,025/s
  t= 47955.6s  rows=47,956,828,122  +15,044,070  inst=1,002,938/s  avg=1,000,026/s
  t= 47970.6s  rows=47,971,741,374  +14,913,252  inst=994,217/s  avg=1,000,025/s
  t= 47985.6s  rows=47,986,785,444  +15,044,070  inst=1,002,938/s  avg=1,000,025/s
  t= 48000.6s  rows=48,001,698,696  +14,913,252  inst=994,217/s  avg=1,000,024/s
  t= 48015.6s  rows=48,016,742,766  +15,044,070  inst=1,002,938/s  avg=1,000,025/s
  t= 48030.6s  rows=48,031,786,836  +15,044,070  inst=1,002,938/s  avg=1,000,025/s
  t= 48045.6s  rows=48,046,700,088  +14,913,252  inst=994,217/s  avg=1,000,024/s
  t= 48060.6s  rows=48,061,744,158  +15,044,070  inst=1,002,938/s  avg=1,000,025/s
  t= 48075.6s  rows=48,076,788,228  +15,044,070  inst=1,002,938/s  avg=1,000,025/s
  t= 48090.6s  rows=48,091,832,298  +15,044,070  inst=1,002,938/s  avg=1,000,026/s
  t= 48105.6s  rows=48,106,745,550  +14,913,252  inst=994,217/s  avg=1,000,025/s
  t= 48120.6s  rows=48,121,789,620  +15,044,070  inst=1,002,938/s  avg=1,000,025/s
  t= 48135.6s  rows=48,136,833,690  +15,044,070  inst=1,002,938/s  avg=1,000,026/s
  t= 48150.6s  rows=48,151,746,942  +14,913,252  inst=994,217/s  avg=1,000,025/s
  t= 48165.6s  rows=48,166,791,012  +15,044,070  inst=1,002,938/s  avg=1,000,025/s
  t= 48180.6s  rows=48,181,835,082  +15,044,070  inst=1,002,938/s  avg=1,000,026/s
  t= 48195.6s  rows=48,196,748,334  +14,913,252  inst=994,217/s  avg=1,000,025/s
  t= 48210.6s  rows=48,211,792,404  +15,044,070  inst=1,002,938/s  avg=1,000,025/s
  t= 48225.6s  rows=48,226,836,474  +15,044,070  inst=1,002,938/s  avg=1,000,026/s
  t= 48240.6s  rows=48,241,749,726  +14,913,252  inst=994,217/s  avg=1,000,025/s
  t= 48255.6s  rows=48,256,793,796  +15,044,070  inst=1,002,938/s  avg=1,000,025/s
  t= 48270.6s  rows=48,271,837,866  +15,044,070  inst=1,002,938/s  avg=1,000,026/s
  t= 48285.6s  rows=48,286,751,118  +14,913,252  inst=994,217/s  avg=1,000,025/s
  t= 48300.6s  rows=48,301,795,188  +15,044,070  inst=1,002,938/s  avg=1,000,025/s
  t= 48315.6s  rows=48,316,839,258  +15,044,070  inst=1,002,938/s  avg=1,000,026/s
  t= 48330.6s  rows=48,331,752,510  +14,913,252  inst=994,217/s  avg=1,000,025/s
  t= 48345.6s  rows=48,346,796,580  +15,044,070  inst=1,002,938/s  avg=1,000,025/s
  t= 48360.6s  rows=48,361,840,650  +15,044,070  inst=1,002,938/s  avg=1,000,026/s
  t= 48375.6s  rows=48,376,753,902  +14,913,252  inst=994,217/s  avg=1,000,025/s
  t= 48390.6s  rows=48,391,797,972  +15,044,070  inst=1,002,938/s  avg=1,000,025/s
  t= 48405.6s  rows=48,406,842,042  +15,044,070  inst=1,002,938/s  avg=1,000,026/s
  t= 48420.6s  rows=48,421,755,294  +14,913,252  inst=994,217/s  avg=1,000,025/s
  t= 48435.6s  rows=48,436,799,364  +15,044,070  inst=1,002,938/s  avg=1,000,025/s
  t= 48450.6s  rows=48,451,843,434  +15,044,070  inst=1,002,938/s  avg=1,000,026/s
  t= 48465.6s  rows=48,466,756,686  +14,913,252  inst=994,217/s  avg=1,000,025/s
  t= 48480.6s  rows=48,481,802,427  +15,045,741  inst=1,003,049/s  avg=1,000,025/s
  t= 48495.6s  rows=48,496,846,239  +15,043,812  inst=1,002,921/s  avg=1,000,026/s
  t= 48510.6s  rows=48,511,759,491  +14,913,252  inst=994,217/s  avg=1,000,025/s
  t= 48525.6s  rows=48,526,803,561  +15,044,070  inst=1,002,938/s  avg=1,000,025/s
  t= 48540.6s  rows=48,541,847,631  +15,044,070  inst=1,002,938/s  avg=1,000,026/s
  t= 48555.6s  rows=48,556,760,883  +14,913,252  inst=994,217/s  avg=1,000,025/s
  t= 48570.6s  rows=48,571,804,953  +15,044,070  inst=1,002,938/s  avg=1,000,025/s
  t= 48585.6s  rows=48,586,849,023  +15,044,070  inst=1,002,938/s  avg=1,000,026/s
  t= 48600.6s  rows=48,601,762,275  +14,913,252  inst=994,217/s  avg=1,000,025/s
  t= 48615.6s  rows=48,616,806,345  +15,044,070  inst=1,002,938/s  avg=1,000,025/s
  t= 48630.6s  rows=48,631,719,597  +14,913,252  inst=994,217/s  avg=1,000,024/s
  t= 48645.6s  rows=48,646,763,667  +15,044,070  inst=1,002,938/s  avg=1,000,025/s
  t= 48660.6s  rows=48,661,676,919  +14,913,252  inst=994,217/s  avg=1,000,023/s
  t= 48675.6s  rows=48,676,720,989  +15,044,070  inst=1,002,938/s  avg=1,000,024/s
  t= 48690.6s  rows=48,691,765,059  +15,044,070  inst=1,002,938/s  avg=1,000,025/s
  t= 48705.6s  rows=48,706,809,129  +15,044,070  inst=1,002,938/s  avg=1,000,025/s
  t= 48720.6s  rows=48,721,722,381  +14,913,252  inst=994,217/s  avg=1,000,024/s
  t= 48735.6s  rows=48,736,766,451  +15,044,070  inst=1,002,938/s  avg=1,000,025/s
  t= 48750.6s  rows=48,751,810,521  +15,044,070  inst=1,002,938/s  avg=1,000,025/s
  t= 48765.6s  rows=48,766,723,773  +14,913,252  inst=994,217/s  avg=1,000,024/s
  t= 48780.6s  rows=48,781,767,843  +15,044,070  inst=1,002,938/s  avg=1,000,025/s
  t= 48795.6s  rows=48,796,811,913  +15,044,070  inst=1,002,938/s  avg=1,000,025/s
  t= 48810.6s  rows=48,811,725,165  +14,913,252  inst=994,217/s  avg=1,000,024/s
  t= 48825.6s  rows=48,826,769,235  +15,044,070  inst=1,002,938/s  avg=1,000,025/s
  t= 48840.6s  rows=48,841,813,305  +15,044,070  inst=1,002,938/s  avg=1,000,025/s
  t= 48855.6s  rows=48,856,857,375  +15,044,070  inst=1,002,938/s  avg=1,000,026/s
  t= 48870.6s  rows=48,871,770,627  +14,913,252  inst=994,217/s  avg=1,000,025/s
  t= 48885.6s  rows=48,886,814,697  +15,044,070  inst=1,002,938/s  avg=1,000,025/s
  t= 48900.6s  rows=48,901,727,949  +14,913,252  inst=994,217/s  avg=1,000,024/s
  t= 48915.6s  rows=48,916,772,019  +15,044,070  inst=1,002,938/s  avg=1,000,025/s
  t= 48930.6s  rows=48,931,816,089  +15,044,070  inst=1,002,938/s  avg=1,000,025/s
  t= 48945.6s  rows=48,946,860,159  +15,044,070  inst=1,002,938/s  avg=1,000,026/s
  t= 48960.6s  rows=48,961,773,411  +14,913,252  inst=994,217/s  avg=1,000,025/s
  t= 48975.6s  rows=48,976,817,481  +15,044,070  inst=1,002,938/s  avg=1,000,025/s
  t= 48990.6s  rows=48,991,861,551  +15,044,070  inst=1,002,938/s  avg=1,000,026/s
  t= 49005.6s  rows=49,006,774,803  +14,913,252  inst=994,217/s  avg=1,000,024/s
  t= 49020.6s  rows=49,021,818,873  +15,044,070  inst=1,002,938/s  avg=1,000,025/s
  t= 49035.6s  rows=49,036,862,943  +15,044,070  inst=1,002,938/s  avg=1,000,026/s
  t= 49050.6s  rows=49,051,776,195  +14,913,252  inst=994,217/s  avg=1,000,024/s
  t= 49065.6s  rows=49,066,820,265  +15,044,070  inst=1,002,938/s  avg=1,000,025/s
  t= 49080.6s  rows=49,081,864,335  +15,044,070  inst=1,002,938/s  avg=1,000,026/s
  t= 49095.6s  rows=49,096,777,587  +14,913,252  inst=994,217/s  avg=1,000,024/s
  t= 49110.6s  rows=49,111,821,657  +15,044,070  inst=1,002,938/s  avg=1,000,025/s
  t= 49125.6s  rows=49,126,865,727  +15,044,070  inst=1,002,938/s  avg=1,000,026/s
  t= 49140.6s  rows=49,141,778,979  +14,913,252  inst=994,217/s  avg=1,000,024/s
  t= 49155.6s  rows=49,156,823,049  +15,044,070  inst=1,002,938/s  avg=1,000,025/s
  t= 49170.6s  rows=49,171,867,119  +15,044,070  inst=1,002,938/s  avg=1,000,026/s
  t= 49185.6s  rows=49,186,780,371  +14,913,252  inst=994,217/s  avg=1,000,024/s
  t= 49200.6s  rows=49,201,824,441  +15,044,070  inst=1,002,938/s  avg=1,000,025/s
  t= 49215.6s  rows=49,216,737,693  +14,913,252  inst=994,217/s  avg=1,000,024/s
  t= 49230.6s  rows=49,231,767,605  +15,029,912  inst=1,001,994/s  avg=1,000,024/s
  t= 49245.6s  rows=49,246,811,675  +15,044,070  inst=1,002,938/s  avg=1,000,025/s
  t= 49260.6s  rows=49,261,855,745  +15,044,070  inst=1,002,938/s  avg=1,000,026/s
  t= 49275.6s  rows=49,276,768,997  +14,913,252  inst=994,217/s  avg=1,000,024/s
  t= 49290.6s  rows=49,291,813,067  +15,044,070  inst=1,002,938/s  avg=1,000,025/s
  t= 49305.6s  rows=49,306,857,137  +15,044,070  inst=1,002,938/s  avg=1,000,026/s
  t= 49320.6s  rows=49,321,770,389  +14,913,252  inst=994,217/s  avg=1,000,024/s
  t= 49335.6s  rows=49,336,814,459  +15,044,070  inst=1,002,938/s  avg=1,000,025/s
  t= 49350.6s  rows=49,351,858,529  +15,044,070  inst=1,002,938/s  avg=1,000,026/s
  t= 49365.6s  rows=49,366,771,781  +14,913,252  inst=994,217/s  avg=1,000,024/s
  t= 49380.6s  rows=49,381,815,851  +15,044,070  inst=1,002,938/s  avg=1,000,025/s
  t= 49395.6s  rows=49,396,859,921  +15,044,070  inst=1,002,938/s  avg=1,000,026/s
  t= 49410.6s  rows=49,411,773,173  +14,913,252  inst=994,217/s  avg=1,000,024/s
  t= 49425.6s  rows=49,426,817,243  +15,044,070  inst=1,002,938/s  avg=1,000,025/s
  t= 49440.6s  rows=49,441,730,495  +14,913,252  inst=994,217/s  avg=1,000,023/s
  t= 49455.6s  rows=49,456,774,565  +15,044,070  inst=1,002,938/s  avg=1,000,024/s
  t= 49470.6s  rows=49,471,818,635  +15,044,070  inst=1,002,938/s  avg=1,000,025/s
  t= 49485.6s  rows=49,486,731,887  +14,913,252  inst=994,217/s  avg=1,000,023/s
  t= 49500.6s  rows=49,501,775,957  +15,044,070  inst=1,002,938/s  avg=1,000,024/s
  t= 49515.6s  rows=49,516,820,027  +15,044,070  inst=1,002,938/s  avg=1,000,025/s
  t= 49530.6s  rows=49,531,864,097  +15,044,070  inst=1,002,938/s  avg=1,000,026/s
  t= 49545.6s  rows=49,546,777,349  +14,913,252  inst=994,217/s  avg=1,000,024/s
  t= 49560.6s  rows=49,561,821,419  +15,044,070  inst=1,002,938/s  avg=1,000,025/s
  t= 49575.6s  rows=49,576,734,671  +14,913,252  inst=994,217/s  avg=1,000,023/s
  t= 49590.6s  rows=49,591,778,741  +15,044,070  inst=1,002,938/s  avg=1,000,024/s
  t= 49605.6s  rows=49,606,822,811  +15,044,070  inst=1,002,938/s  avg=1,000,025/s
  t= 49620.6s  rows=49,621,736,063  +14,913,252  inst=994,217/s  avg=1,000,023/s
  t= 49635.6s  rows=49,636,780,133  +15,044,070  inst=1,002,938/s  avg=1,000,024/s
  t= 49650.6s  rows=49,651,824,203  +15,044,070  inst=1,002,938/s  avg=1,000,025/s
  t= 49665.6s  rows=49,666,868,273  +15,044,070  inst=1,002,938/s  avg=1,000,026/s
  t= 49680.6s  rows=49,681,781,525  +14,913,252  inst=994,217/s  avg=1,000,024/s
  t= 49695.6s  rows=49,696,825,595  +15,044,070  inst=1,002,938/s  avg=1,000,025/s
  t= 49710.6s  rows=49,711,869,665  +15,044,070  inst=1,002,938/s  avg=1,000,026/s
  t= 49725.6s  rows=49,726,782,917  +14,913,252  inst=994,217/s  avg=1,000,024/s
  t= 49740.6s  rows=49,741,826,987  +15,044,070  inst=1,002,938/s  avg=1,000,025/s
  t= 49755.6s  rows=49,756,740,239  +14,913,252  inst=994,217/s  avg=1,000,023/s
  t= 49770.6s  rows=49,771,653,491  +14,913,252  inst=994,217/s  avg=1,000,022/s
  t= 49785.6s  rows=49,786,828,379  +15,174,888  inst=1,011,659/s  avg=1,000,025/s
  t= 49800.6s  rows=49,801,741,631  +14,913,252  inst=994,217/s  avg=1,000,023/s
  t= 49815.6s  rows=49,816,785,701  +15,044,070  inst=1,002,938/s  avg=1,000,024/s
  t= 49830.6s  rows=49,831,829,771  +15,044,070  inst=1,002,938/s  avg=1,000,025/s
  t= 49845.6s  rows=49,846,743,023  +14,913,252  inst=994,217/s  avg=1,000,023/s
  t= 49860.6s  rows=49,861,787,093  +15,044,070  inst=1,002,938/s  avg=1,000,024/s
  t= 49875.6s  rows=49,876,831,163  +15,044,070  inst=1,002,938/s  avg=1,000,025/s
  t= 49890.6s  rows=49,891,744,415  +14,913,252  inst=994,217/s  avg=1,000,023/s
  t= 49905.6s  rows=49,906,788,485  +15,044,070  inst=1,002,938/s  avg=1,000,024/s
  t= 49920.6s  rows=49,921,832,555  +15,044,070  inst=1,002,938/s  avg=1,000,025/s
  t= 49935.6s  rows=49,936,876,625  +15,044,070  inst=1,002,938/s  avg=1,000,026/s
  t= 49950.6s  rows=49,951,789,877  +14,913,252  inst=994,217/s  avg=1,000,024/s
  t= 49965.6s  rows=49,966,783,737  +14,993,860  inst=999,591/s  avg=1,000,024/s
  t= 49980.6s  rows=49,981,827,807  +15,044,070  inst=1,002,938/s  avg=1,000,025/s
  t= 49995.6s  rows=49,996,871,877  +15,044,070  inst=1,002,938/s  avg=1,000,026/s
  t= 50010.6s  rows=50,011,854,349  +14,982,472  inst=998,831/s  avg=1,000,025/s
  t= 50025.6s  rows=50,026,767,601  +14,913,252  inst=994,217/s  avg=1,000,024/s
  t= 50040.6s  rows=50,041,811,671  +15,044,070  inst=1,002,938/s  avg=1,000,025/s
  t= 50055.6s  rows=50,056,855,741  +15,044,070  inst=1,002,938/s  avg=1,000,025/s
  t= 50070.6s  rows=50,071,768,993  +14,913,252  inst=994,217/s  avg=1,000,024/s
  t= 50085.6s  rows=50,086,813,063  +15,044,070  inst=1,002,938/s  avg=1,000,025/s
  t= 50100.6s  rows=50,101,857,133  +15,044,070  inst=1,002,938/s  avg=1,000,025/s
  t= 50115.6s  rows=50,116,770,385  +14,913,252  inst=994,217/s  avg=1,000,024/s
  t= 50130.6s  rows=50,131,814,455  +15,044,070  inst=1,002,938/s  avg=1,000,025/s
  t= 50145.6s  rows=50,146,858,525  +15,044,070  inst=1,002,938/s  avg=1,000,025/s
  t= 50160.6s  rows=50,161,771,777  +14,913,252  inst=994,217/s  avg=1,000,024/s
  t= 50175.6s  rows=50,176,815,847  +15,044,070  inst=1,002,938/s  avg=1,000,025/s
  t= 50190.6s  rows=50,191,859,917  +15,044,070  inst=1,002,938/s  avg=1,000,025/s
  t= 50205.6s  rows=50,206,773,169  +14,913,252  inst=994,217/s  avg=1,000,024/s
  t= 50220.6s  rows=50,221,817,239  +15,044,070  inst=1,002,938/s  avg=1,000,025/s
  t= 50235.6s  rows=50,236,730,491  +14,913,252  inst=994,217/s  avg=1,000,023/s
  t= 50250.6s  rows=50,251,774,561  +15,044,070  inst=1,002,938/s  avg=1,000,024/s
  t= 50265.6s  rows=50,266,818,631  +15,044,070  inst=1,002,938/s  avg=1,000,025/s
  t= 50280.6s  rows=50,281,862,701  +15,044,070  inst=1,002,938/s  avg=1,000,025/s
  t= 50295.6s  rows=50,296,775,953  +14,913,252  inst=994,217/s  avg=1,000,024/s
  t= 50310.6s  rows=50,311,820,023  +15,044,070  inst=1,002,938/s  avg=1,000,025/s
  t= 50325.6s  rows=50,326,864,093  +15,044,070  inst=1,002,938/s  avg=1,000,025/s
  t= 50340.6s  rows=50,341,777,345  +14,913,252  inst=994,217/s  avg=1,000,024/s
  t= 50355.6s  rows=50,356,821,415  +15,044,070  inst=1,002,938/s  avg=1,000,025/s
  t= 50370.6s  rows=50,371,865,485  +15,044,070  inst=1,002,938/s  avg=1,000,025/s
  t= 50385.6s  rows=50,386,778,737  +14,913,252  inst=994,217/s  avg=1,000,024/s
  t= 50400.6s  rows=50,401,822,807  +15,044,070  inst=1,002,938/s  avg=1,000,025/s
  t= 50415.6s  rows=50,416,866,877  +15,044,070  inst=1,002,938/s  avg=1,000,025/s
  t= 50430.6s  rows=50,431,780,129  +14,913,252  inst=994,217/s  avg=1,000,024/s
  t= 50445.6s  rows=50,446,824,199  +15,044,070  inst=1,002,938/s  avg=1,000,024/s
  t= 50460.6s  rows=50,461,737,451  +14,913,252  inst=994,217/s  avg=1,000,023/s
  t= 50475.6s  rows=50,476,781,521  +15,044,070  inst=1,002,938/s  avg=1,000,024/s
  t= 50490.6s  rows=50,491,825,591  +15,044,070  inst=1,002,938/s  avg=1,000,024/s
  t= 50505.6s  rows=50,506,869,661  +15,044,070  inst=1,002,938/s  avg=1,000,025/s
  t= 50520.6s  rows=50,521,782,913  +14,913,252  inst=994,217/s  avg=1,000,024/s
  t= 50535.6s  rows=50,536,826,983  +15,044,070  inst=1,002,938/s  avg=1,000,024/s
  t= 50550.6s  rows=50,551,871,053  +15,044,070  inst=1,002,938/s  avg=1,000,025/s
  t= 50565.6s  rows=50,566,784,305  +14,913,252  inst=994,217/s  avg=1,000,024/s
  t= 50580.6s  rows=50,581,828,375  +15,044,070  inst=1,002,938/s  avg=1,000,024/s
  t= 50595.6s  rows=50,596,872,445  +15,044,070  inst=1,002,938/s  avg=1,000,025/s
  t= 50610.6s  rows=50,611,785,697  +14,913,252  inst=994,217/s  avg=1,000,024/s
  t= 50625.6s  rows=50,626,829,767  +15,044,070  inst=1,002,938/s  avg=1,000,024/s
  t= 50640.6s  rows=50,641,743,019  +14,913,252  inst=994,217/s  avg=1,000,023/s
  t= 50655.6s  rows=50,656,787,089  +15,044,070  inst=1,002,938/s  avg=1,000,024/s
  t= 50670.6s  rows=50,671,831,159  +15,044,070  inst=1,002,938/s  avg=1,000,024/s
  t= 50685.6s  rows=50,686,875,229  +15,044,070  inst=1,002,938/s  avg=1,000,025/s
  t= 50700.6s  rows=50,701,788,481  +14,913,252  inst=994,217/s  avg=1,000,024/s
  t= 50715.6s  rows=50,716,772,510  +14,984,029  inst=998,935/s  avg=1,000,023/s
  t= 50730.6s  rows=50,731,816,580  +15,044,070  inst=1,002,938/s  avg=1,000,024/s
  t= 50745.6s  rows=50,746,860,650  +15,044,070  inst=1,002,938/s  avg=1,000,025/s
  t= 50760.6s  rows=50,761,773,902  +14,913,252  inst=994,217/s  avg=1,000,023/s
  t= 50775.6s  rows=50,776,817,972  +15,044,070  inst=1,002,938/s  avg=1,000,024/s
  t= 50790.6s  rows=50,791,731,224  +14,913,252  inst=994,217/s  avg=1,000,022/s
  t= 50805.6s  rows=50,806,775,294  +15,044,070  inst=1,002,938/s  avg=1,000,023/s
  t= 50820.6s  rows=50,821,819,364  +15,044,070  inst=1,002,938/s  avg=1,000,024/s
  t= 50835.6s  rows=50,836,863,434  +15,044,070  inst=1,002,938/s  avg=1,000,025/s
  t= 50850.6s  rows=50,851,776,686  +14,913,252  inst=994,217/s  avg=1,000,023/s
  t= 50865.6s  rows=50,866,820,756  +15,044,070  inst=1,002,938/s  avg=1,000,024/s
  t= 50880.6s  rows=50,881,734,008  +14,913,252  inst=994,217/s  avg=1,000,022/s
  t= 50895.6s  rows=50,896,778,078  +15,044,070  inst=1,002,938/s  avg=1,000,023/s
  t= 50910.6s  rows=50,911,822,148  +15,044,070  inst=1,002,938/s  avg=1,000,024/s
  t= 50925.6s  rows=50,926,866,218  +15,044,070  inst=1,002,938/s  avg=1,000,025/s
  t= 50940.6s  rows=50,941,779,470  +14,913,252  inst=994,217/s  avg=1,000,023/s
  t= 50955.6s  rows=50,956,823,540  +15,044,070  inst=1,002,938/s  avg=1,000,024/s
  t= 50970.6s  rows=50,971,867,610  +15,044,070  inst=1,002,938/s  avg=1,000,025/s
  t= 50985.6s  rows=50,986,780,862  +14,913,252  inst=994,217/s  avg=1,000,023/s
  t= 51000.6s  rows=51,001,824,932  +15,044,070  inst=1,002,938/s  avg=1,000,024/s
  t= 51015.6s  rows=51,016,869,002  +15,044,070  inst=1,002,938/s  avg=1,000,025/s
  t= 51030.6s  rows=51,031,782,254  +14,913,252  inst=994,217/s  avg=1,000,023/s
  t= 51045.6s  rows=51,046,826,324  +15,044,070  inst=1,002,938/s  avg=1,000,024/s
  t= 51060.6s  rows=51,061,870,394  +15,044,070  inst=1,002,938/s  avg=1,000,025/s
  t= 51075.6s  rows=51,076,783,646  +14,913,252  inst=994,217/s  avg=1,000,023/s
  t= 51090.6s  rows=51,091,827,716  +15,044,070  inst=1,002,938/s  avg=1,000,024/s
  t= 51105.6s  rows=51,106,871,786  +15,044,070  inst=1,002,938/s  avg=1,000,025/s
  t= 51120.6s  rows=51,121,785,038  +14,913,252  inst=994,217/s  avg=1,000,023/s
  t= 51135.6s  rows=51,136,829,108  +15,044,070  inst=1,002,938/s  avg=1,000,024/s
  t= 51150.6s  rows=51,151,873,178  +15,044,070  inst=1,002,938/s  avg=1,000,025/s
  t= 51165.6s  rows=51,166,786,430  +14,913,252  inst=994,217/s  avg=1,000,023/s
  t= 51180.6s  rows=51,181,699,682  +14,913,252  inst=994,217/s  avg=1,000,022/s
  t= 51195.6s  rows=51,196,743,752  +15,044,070  inst=1,002,938/s  avg=1,000,022/s
  t= 51210.6s  rows=51,211,787,822  +15,044,070  inst=1,002,938/s  avg=1,000,023/s
  t= 51225.6s  rows=51,226,831,892  +15,044,070  inst=1,002,938/s  avg=1,000,024/s
  t= 51240.6s  rows=51,241,875,962  +15,044,070  inst=1,002,938/s  avg=1,000,025/s
  t= 51255.6s  rows=51,256,789,214  +14,913,252  inst=994,217/s  avg=1,000,023/s
  t= 51270.6s  rows=51,271,833,284  +15,044,070  inst=1,002,938/s  avg=1,000,024/s
  t= 51285.6s  rows=51,286,877,354  +15,044,070  inst=1,002,938/s  avg=1,000,025/s
  t= 51300.6s  rows=51,301,790,606  +14,913,252  inst=994,217/s  avg=1,000,023/s
  t= 51315.6s  rows=51,316,834,676  +15,044,070  inst=1,002,938/s  avg=1,000,024/s
  t= 51330.6s  rows=51,331,878,746  +15,044,070  inst=1,002,938/s  avg=1,000,025/s
  t= 51345.6s  rows=51,346,791,998  +14,913,252  inst=994,217/s  avg=1,000,023/s
  t= 51360.6s  rows=51,361,836,068  +15,044,070  inst=1,002,938/s  avg=1,000,024/s
  t= 51375.6s  rows=51,376,880,138  +15,044,070  inst=1,002,938/s  avg=1,000,025/s
  t= 51390.6s  rows=51,391,793,390  +14,913,252  inst=994,217/s  avg=1,000,023/s
  t= 51405.6s  rows=51,406,837,460  +15,044,070  inst=1,002,938/s  avg=1,000,024/s
  t= 51420.6s  rows=51,421,881,530  +15,044,070  inst=1,002,938/s  avg=1,000,025/s
  t= 51435.6s  rows=51,436,794,782  +14,913,252  inst=994,217/s  avg=1,000,023/s
  t= 51450.6s  rows=51,451,838,852  +15,044,070  inst=1,002,938/s  avg=1,000,024/s
  t= 51465.6s  rows=51,466,882,922  +15,044,070  inst=1,002,938/s  avg=1,000,025/s
  t= 51480.6s  rows=51,481,809,334  +14,926,412  inst=995,094/s  avg=1,000,024/s
  t= 51495.6s  rows=51,496,853,404  +15,044,070  inst=1,002,938/s  avg=1,000,024/s
  t= 51510.6s  rows=51,511,766,656  +14,913,252  inst=994,217/s  avg=1,000,023/s
  t= 51525.6s  rows=51,526,810,726  +15,044,070  inst=1,002,938/s  avg=1,000,024/s
  t= 51540.6s  rows=51,541,854,796  +15,044,070  inst=1,002,938/s  avg=1,000,024/s
  t= 51555.6s  rows=51,556,768,048  +14,913,252  inst=994,217/s  avg=1,000,023/s
  t= 51570.6s  rows=51,571,812,118  +15,044,070  inst=1,002,938/s  avg=1,000,024/s
  t= 51585.6s  rows=51,586,856,188  +15,044,070  inst=1,002,938/s  avg=1,000,024/s
  t= 51600.6s  rows=51,601,900,258  +15,044,070  inst=1,002,938/s  avg=1,000,025/s
  t= 51615.6s  rows=51,616,813,510  +14,913,252  inst=994,217/s  avg=1,000,024/s
  t= 51630.6s  rows=51,631,726,762  +14,913,252  inst=994,217/s  avg=1,000,022/s
  t= 51645.6s  rows=51,646,770,832  +15,044,070  inst=1,002,938/s  avg=1,000,023/s
  t= 51660.6s  rows=51,661,814,902  +15,044,070  inst=1,002,938/s  avg=1,000,024/s
  t= 51675.6s  rows=51,676,858,972  +15,044,070  inst=1,002,938/s  avg=1,000,024/s
  t= 51690.6s  rows=51,691,772,224  +14,913,252  inst=994,217/s  avg=1,000,023/s
  t= 51705.6s  rows=51,706,816,294  +15,044,070  inst=1,002,938/s  avg=1,000,024/s
  t= 51720.6s  rows=51,721,860,364  +15,044,070  inst=1,002,938/s  avg=1,000,024/s
  t= 51735.6s  rows=51,736,773,616  +14,913,252  inst=994,217/s  avg=1,000,023/s
  t= 51750.6s  rows=51,751,817,686  +15,044,070  inst=1,002,938/s  avg=1,000,024/s
  t= 51765.6s  rows=51,766,861,756  +15,044,070  inst=1,002,938/s  avg=1,000,024/s
  t= 51780.6s  rows=51,781,775,008  +14,913,252  inst=994,217/s  avg=1,000,023/s
  t= 51795.6s  rows=51,796,819,078  +15,044,070  inst=1,002,938/s  avg=1,000,024/s
  t= 51810.6s  rows=51,811,863,148  +15,044,070  inst=1,002,938/s  avg=1,000,024/s
  t= 51825.6s  rows=51,826,776,400  +14,913,252  inst=994,217/s  avg=1,000,023/s
  t= 51840.6s  rows=51,841,820,470  +15,044,070  inst=1,002,938/s  avg=1,000,024/s
  t= 51855.6s  rows=51,856,864,540  +15,044,070  inst=1,002,938/s  avg=1,000,024/s
  t= 51870.6s  rows=51,871,777,792  +14,913,252  inst=994,217/s  avg=1,000,023/s
  t= 51885.6s  rows=51,886,821,862  +15,044,070  inst=1,002,938/s  avg=1,000,024/s
  t= 51900.6s  rows=51,901,865,932  +15,044,070  inst=1,002,938/s  avg=1,000,024/s
  t= 51915.6s  rows=51,916,779,184  +14,913,252  inst=994,217/s  avg=1,000,023/s
  t= 51930.6s  rows=51,931,823,254  +15,044,070  inst=1,002,938/s  avg=1,000,024/s
  t= 51945.6s  rows=51,946,867,324  +15,044,070  inst=1,002,938/s  avg=1,000,024/s
  t= 51960.6s  rows=51,961,780,576  +14,913,252  inst=994,217/s  avg=1,000,023/s
  t= 51975.6s  rows=51,976,824,646  +15,044,070  inst=1,002,938/s  avg=1,000,024/s
  t= 51990.6s  rows=51,991,868,716  +15,044,070  inst=1,002,938/s  avg=1,000,024/s
  t= 52005.6s  rows=52,006,781,968  +14,913,252  inst=994,217/s  avg=1,000,023/s
  t= 52020.6s  rows=52,021,826,038  +15,044,070  inst=1,002,938/s  avg=1,000,024/s
  t= 52035.6s  rows=52,036,870,108  +15,044,070  inst=1,002,938/s  avg=1,000,024/s
  t= 52050.6s  rows=52,051,783,360  +14,913,252  inst=994,217/s  avg=1,000,023/s
  t= 52065.6s  rows=52,066,827,430  +15,044,070  inst=1,002,938/s  avg=1,000,023/s
  t= 52080.6s  rows=52,081,740,682  +14,913,252  inst=994,217/s  avg=1,000,022/s
  t= 52095.6s  rows=52,096,784,752  +15,044,070  inst=1,002,938/s  avg=1,000,023/s
  t= 52110.6s  rows=52,111,828,822  +15,044,070  inst=1,002,938/s  avg=1,000,023/s
  t= 52125.6s  rows=52,126,872,892  +15,044,070  inst=1,002,938/s  avg=1,000,024/s
  t= 52140.6s  rows=52,141,786,144  +14,913,252  inst=994,217/s  avg=1,000,023/s
  t= 52155.6s  rows=52,156,830,214  +15,044,070  inst=1,002,938/s  avg=1,000,023/s
  t= 52170.6s  rows=52,171,874,284  +15,044,070  inst=1,002,938/s  avg=1,000,024/s
  t= 52185.6s  rows=52,186,813,473  +14,939,189  inst=995,946/s  avg=1,000,023/s
  t= 52200.6s  rows=52,201,857,543  +15,044,070  inst=1,002,938/s  avg=1,000,024/s
  t= 52215.6s  rows=52,216,770,795  +14,913,252  inst=994,217/s  avg=1,000,022/s
  t= 52230.6s  rows=52,231,814,865  +15,044,070  inst=1,002,938/s  avg=1,000,023/s
  t= 52245.6s  rows=52,246,858,935  +15,044,070  inst=1,002,938/s  avg=1,000,024/s
  t= 52260.6s  rows=52,261,772,187  +14,913,252  inst=994,217/s  avg=1,000,022/s
  t= 52275.6s  rows=52,276,816,257  +15,044,070  inst=1,002,938/s  avg=1,000,023/s
  t= 52290.6s  rows=52,291,729,509  +14,913,252  inst=994,217/s  avg=1,000,021/s
  t= 52305.6s  rows=52,306,773,579  +15,044,070  inst=1,002,938/s  avg=1,000,022/s
  t= 52320.6s  rows=52,321,817,649  +15,044,070  inst=1,002,938/s  avg=1,000,023/s
  t= 52335.6s  rows=52,336,861,719  +15,044,070  inst=1,002,938/s  avg=1,000,024/s
  t= 52350.6s  rows=52,351,774,971  +14,913,252  inst=994,217/s  avg=1,000,022/s
  t= 52365.6s  rows=52,366,819,041  +15,044,070  inst=1,002,938/s  avg=1,000,023/s
  t= 52380.6s  rows=52,381,863,111  +15,044,070  inst=1,002,938/s  avg=1,000,024/s
  t= 52395.6s  rows=52,396,776,363  +14,913,252  inst=994,217/s  avg=1,000,022/s
  t= 52410.6s  rows=52,411,820,433  +15,044,070  inst=1,002,938/s  avg=1,000,023/s
  t= 52425.6s  rows=52,426,864,503  +15,044,070  inst=1,002,938/s  avg=1,000,024/s
  t= 52440.6s  rows=52,441,777,755  +14,913,252  inst=994,217/s  avg=1,000,022/s
  t= 52455.6s  rows=52,456,821,825  +15,044,070  inst=1,002,938/s  avg=1,000,023/s
  t= 52470.6s  rows=52,471,865,895  +15,044,070  inst=1,002,938/s  avg=1,000,024/s
  t= 52485.6s  rows=52,486,779,147  +14,913,252  inst=994,217/s  avg=1,000,022/s
  t= 52500.6s  rows=52,501,823,217  +15,044,070  inst=1,002,938/s  avg=1,000,023/s
  t= 52515.6s  rows=52,516,736,469  +14,913,252  inst=994,217/s  avg=1,000,021/s
  t= 52530.6s  rows=52,531,780,539  +15,044,070  inst=1,002,938/s  avg=1,000,022/s
  t= 52545.6s  rows=52,546,824,609  +15,044,070  inst=1,002,938/s  avg=1,000,023/s
  t= 52560.6s  rows=52,561,868,679  +15,044,070  inst=1,002,938/s  avg=1,000,024/s
  t= 52575.6s  rows=52,576,781,931  +14,913,252  inst=994,217/s  avg=1,000,022/s
  t= 52590.6s  rows=52,591,826,001  +15,044,070  inst=1,002,938/s  avg=1,000,023/s
  t= 52605.6s  rows=52,606,870,071  +15,044,070  inst=1,002,938/s  avg=1,000,024/s
  t= 52620.6s  rows=52,621,783,323  +14,913,252  inst=994,217/s  avg=1,000,022/s
  t= 52635.6s  rows=52,636,827,393  +15,044,070  inst=1,002,938/s  avg=1,000,023/s
  t= 52650.6s  rows=52,651,871,463  +15,044,070  inst=1,002,938/s  avg=1,000,024/s
  t= 52665.6s  rows=52,666,784,715  +14,913,252  inst=994,217/s  avg=1,000,022/s
  t= 52680.6s  rows=52,681,828,785  +15,044,070  inst=1,002,938/s  avg=1,000,023/s
  t= 52695.6s  rows=52,696,742,037  +14,913,252  inst=994,217/s  avg=1,000,021/s
  t= 52710.6s  rows=52,711,786,107  +15,044,070  inst=1,002,938/s  avg=1,000,022/s
  t= 52725.6s  rows=52,726,830,177  +15,044,070  inst=1,002,938/s  avg=1,000,023/s
  t= 52740.6s  rows=52,741,874,247  +15,044,070  inst=1,002,938/s  avg=1,000,024/s
  t= 52755.6s  rows=52,756,787,499  +14,913,252  inst=994,217/s  avg=1,000,022/s
  t= 52770.6s  rows=52,771,831,569  +15,044,070  inst=1,002,938/s  avg=1,000,023/s
  t= 52785.6s  rows=52,786,875,639  +15,044,070  inst=1,002,938/s  avg=1,000,024/s
  t= 52800.6s  rows=52,801,788,891  +14,913,252  inst=994,217/s  avg=1,000,022/s
  t= 52815.6s  rows=52,816,832,961  +15,044,070  inst=1,002,938/s  avg=1,000,023/s
  t= 52830.6s  rows=52,831,746,213  +14,913,252  inst=994,217/s  avg=1,000,021/s
  t= 52845.6s  rows=52,846,790,283  +15,044,070  inst=1,002,938/s  avg=1,000,022/s
  t= 52860.6s  rows=52,861,834,353  +15,044,070  inst=1,002,938/s  avg=1,000,023/s
  t= 52875.6s  rows=52,876,747,605  +14,913,252  inst=994,217/s  avg=1,000,021/s
  t= 52890.6s  rows=52,891,791,675  +15,044,070  inst=1,002,938/s  avg=1,000,022/s
  t= 52905.6s  rows=52,906,835,745  +15,044,070  inst=1,002,938/s  avg=1,000,023/s
  t= 52920.6s  rows=52,921,879,815  +15,044,070  inst=1,002,938/s  avg=1,000,024/s
  t= 52935.6s  rows=52,936,870,212  +14,990,397  inst=999,360/s  avg=1,000,024/s
  t= 52950.6s  rows=52,951,783,464  +14,913,252  inst=994,217/s  avg=1,000,022/s
  t= 52965.6s  rows=52,966,827,534  +15,044,070  inst=1,002,938/s  avg=1,000,023/s
  t= 52980.6s  rows=52,981,871,604  +15,044,070  inst=1,002,938/s  avg=1,000,024/s
  t= 52995.6s  rows=52,996,784,856  +14,913,252  inst=994,217/s  avg=1,000,022/s
  t= 53010.6s  rows=53,011,828,926  +15,044,070  inst=1,002,938/s  avg=1,000,023/s
  t= 53025.6s  rows=53,026,872,996  +15,044,070  inst=1,002,938/s  avg=1,000,024/s
  t= 53040.6s  rows=53,041,786,248  +14,913,252  inst=994,217/s  avg=1,000,022/s
  t= 53055.6s  rows=53,056,830,318  +15,044,070  inst=1,002,938/s  avg=1,000,023/s
  t= 53070.6s  rows=53,071,874,388  +15,044,070  inst=1,002,938/s  avg=1,000,024/s
  t= 53085.6s  rows=53,086,787,640  +14,913,252  inst=994,217/s  avg=1,000,022/s
  t= 53100.6s  rows=53,101,831,710  +15,044,070  inst=1,002,938/s  avg=1,000,023/s
  t= 53115.6s  rows=53,116,875,780  +15,044,070  inst=1,002,938/s  avg=1,000,024/s
  t= 53130.6s  rows=53,131,789,032  +14,913,252  inst=994,217/s  avg=1,000,022/s
  t= 53145.6s  rows=53,146,833,102  +15,044,070  inst=1,002,938/s  avg=1,000,023/s
  t= 53160.6s  rows=53,161,877,172  +15,044,070  inst=1,002,938/s  avg=1,000,024/s
  t= 53175.6s  rows=53,176,790,424  +14,913,252  inst=994,217/s  avg=1,000,022/s
  t= 53190.6s  rows=53,191,834,494  +15,044,070  inst=1,002,938/s  avg=1,000,023/s
  t= 53205.6s  rows=53,206,878,564  +15,044,070  inst=1,002,938/s  avg=1,000,024/s
  t= 53220.6s  rows=53,221,791,816  +14,913,252  inst=994,217/s  avg=1,000,022/s
  t= 53235.6s  rows=53,236,835,886  +15,044,070  inst=1,002,938/s  avg=1,000,023/s
  t= 53250.6s  rows=53,251,879,956  +15,044,070  inst=1,002,938/s  avg=1,000,024/s
  t= 53265.6s  rows=53,266,793,208  +14,913,252  inst=994,217/s  avg=1,000,022/s
  t= 53280.6s  rows=53,281,837,278  +15,044,070  inst=1,002,938/s  avg=1,000,023/s
  t= 53295.6s  rows=53,296,881,348  +15,044,070  inst=1,002,938/s  avg=1,000,024/s
  t= 53310.6s  rows=53,311,794,600  +14,913,252  inst=994,217/s  avg=1,000,022/s
  t= 53325.6s  rows=53,326,838,670  +15,044,070  inst=1,002,938/s  avg=1,000,023/s
  t= 53340.6s  rows=53,341,882,740  +15,044,070  inst=1,002,938/s  avg=1,000,024/s
  t= 53355.6s  rows=53,356,795,992  +14,913,252  inst=994,217/s  avg=1,000,022/s
  t= 53370.6s  rows=53,371,840,062  +15,044,070  inst=1,002,938/s  avg=1,000,023/s
  t= 53385.6s  rows=53,386,884,132  +15,044,070  inst=1,002,938/s  avg=1,000,024/s
  t= 53400.6s  rows=53,401,797,384  +14,913,252  inst=994,217/s  avg=1,000,022/s
  t= 53415.6s  rows=53,416,841,454  +15,044,070  inst=1,002,938/s  avg=1,000,023/s
  t= 53430.6s  rows=53,431,885,524  +15,044,070  inst=1,002,938/s  avg=1,000,024/s
  t= 53445.6s  rows=53,446,798,776  +14,913,252  inst=994,217/s  avg=1,000,022/s
  t= 53460.6s  rows=53,461,842,846  +15,044,070  inst=1,002,938/s  avg=1,000,023/s
  t= 53475.6s  rows=53,476,756,098  +14,913,252  inst=994,217/s  avg=1,000,021/s
  t= 53490.6s  rows=53,491,800,168  +15,044,070  inst=1,002,938/s  avg=1,000,022/s
  t= 53505.6s  rows=53,506,844,238  +15,044,070  inst=1,002,938/s  avg=1,000,023/s
  t= 53520.6s  rows=53,521,757,490  +14,913,252  inst=994,217/s  avg=1,000,021/s
  t= 53535.6s  rows=53,536,801,560  +15,044,070  inst=1,002,938/s  avg=1,000,022/s
  t= 53550.6s  rows=53,551,845,630  +15,044,070  inst=1,002,938/s  avg=1,000,023/s
  t= 53565.6s  rows=53,566,889,700  +15,044,070  inst=1,002,938/s  avg=1,000,024/s
  t= 53580.6s  rows=53,581,802,952  +14,913,252  inst=994,217/s  avg=1,000,022/s
  t= 53595.6s  rows=53,596,847,022  +15,044,070  inst=1,002,938/s  avg=1,000,023/s
  t= 53610.6s  rows=53,611,891,092  +15,044,070  inst=1,002,938/s  avg=1,000,024/s
  t= 53625.6s  rows=53,626,804,344  +14,913,252  inst=994,217/s  avg=1,000,022/s
  t= 53640.6s  rows=53,641,848,414  +15,044,070  inst=1,002,938/s  avg=1,000,023/s
  t= 53655.6s  rows=53,656,892,484  +15,044,070  inst=1,002,938/s  avg=1,000,024/s
  t= 53670.6s  rows=53,671,805,736  +14,913,252  inst=994,217/s  avg=1,000,022/s
  t= 53685.6s  rows=53,686,718,988  +14,913,252  inst=994,217/s  avg=1,000,020/s
  t= 53700.6s  rows=53,701,808,447  +15,089,459  inst=1,005,964/s  avg=1,000,022/s
  t= 53715.6s  rows=53,716,852,517  +15,044,070  inst=1,002,938/s  avg=1,000,023/s
  t= 53730.6s  rows=53,731,820,138  +14,967,621  inst=997,841/s  avg=1,000,022/s
  t= 53745.6s  rows=53,746,864,208  +15,044,070  inst=1,002,938/s  avg=1,000,023/s
  t= 53760.6s  rows=53,761,777,460  +14,913,252  inst=994,217/s  avg=1,000,022/s
  t= 53775.6s  rows=53,776,821,530  +15,044,070  inst=1,002,938/s  avg=1,000,022/s
  t= 53790.6s  rows=53,791,865,600  +15,044,070  inst=1,002,938/s  avg=1,000,023/s
  t= 53805.6s  rows=53,806,778,852  +14,913,252  inst=994,217/s  avg=1,000,022/s
  t= 53820.6s  rows=53,821,822,922  +15,044,070  inst=1,002,938/s  avg=1,000,022/s
  t= 53835.6s  rows=53,836,866,992  +15,044,070  inst=1,002,938/s  avg=1,000,023/s
  t= 53850.6s  rows=53,851,911,062  +15,044,070  inst=1,002,938/s  avg=1,000,024/s
  t= 53865.6s  rows=53,866,824,314  +14,913,252  inst=994,217/s  avg=1,000,022/s
  t= 53880.6s  rows=53,881,868,384  +15,044,070  inst=1,002,938/s  avg=1,000,023/s
  t= 53895.6s  rows=53,896,781,636  +14,913,252  inst=994,217/s  avg=1,000,022/s
  t= 53910.6s  rows=53,911,825,706  +15,044,070  inst=1,002,938/s  avg=1,000,022/s
  t= 53925.6s  rows=53,926,869,776  +15,044,070  inst=1,002,938/s  avg=1,000,023/s
  t= 53940.6s  rows=53,941,783,028  +14,913,252  inst=994,217/s  avg=1,000,022/s
  t= 53955.6s  rows=53,956,827,098  +15,044,070  inst=1,002,938/s  avg=1,000,022/s
  t= 53970.6s  rows=53,971,871,168  +15,044,070  inst=1,002,938/s  avg=1,000,023/s
  t= 53985.6s  rows=53,986,915,238  +15,044,070  inst=1,002,938/s  avg=1,000,024/s
  t= 54000.6s  rows=54,001,828,490  +14,913,252  inst=994,217/s  avg=1,000,022/s
  t= 54015.6s  rows=54,016,872,560  +15,044,070  inst=1,002,938/s  avg=1,000,023/s
  t= 54030.6s  rows=54,031,785,812  +14,913,252  inst=994,217/s  avg=1,000,022/s
  t= 54045.6s  rows=54,046,829,882  +15,044,070  inst=1,002,938/s  avg=1,000,022/s
  t= 54060.6s  rows=54,061,873,952  +15,044,070  inst=1,002,938/s  avg=1,000,023/s
  t= 54075.6s  rows=54,076,918,022  +15,044,070  inst=1,002,938/s  avg=1,000,024/s
  t= 54090.6s  rows=54,091,831,274  +14,913,252  inst=994,217/s  avg=1,000,022/s
  t= 54105.6s  rows=54,106,875,344  +15,044,070  inst=1,002,938/s  avg=1,000,023/s
  t= 54120.6s  rows=54,121,788,596  +14,913,252  inst=994,217/s  avg=1,000,022/s
  t= 54135.6s  rows=54,136,832,666  +15,044,070  inst=1,002,938/s  avg=1,000,022/s
  t= 54150.6s  rows=54,151,876,736  +15,044,070  inst=1,002,938/s  avg=1,000,023/s
  t= 54165.6s  rows=54,166,789,988  +14,913,252  inst=994,217/s  avg=1,000,022/s
  t= 54180.6s  rows=54,181,834,058  +15,044,070  inst=1,002,938/s  avg=1,000,022/s
  t= 54195.6s  rows=54,196,747,310  +14,913,252  inst=994,217/s  avg=1,000,021/s
  t= 54210.6s  rows=54,211,791,380  +15,044,070  inst=1,002,938/s  avg=1,000,022/s
  t= 54225.6s  rows=54,226,835,450  +15,044,070  inst=1,002,938/s  avg=1,000,022/s
  t= 54240.6s  rows=54,241,879,520  +15,044,070  inst=1,002,938/s  avg=1,000,023/s
  t= 54255.6s  rows=54,256,792,772  +14,913,252  inst=994,217/s  avg=1,000,022/s
  t= 54270.6s  rows=54,271,836,842  +15,044,070  inst=1,002,938/s  avg=1,000,022/s
  t= 54285.6s  rows=54,286,880,912  +15,044,070  inst=1,002,938/s  avg=1,000,023/s
  t= 54300.6s  rows=54,301,794,164  +14,913,252  inst=994,217/s  avg=1,000,022/s
  t= 54315.6s  rows=54,316,838,234  +15,044,070  inst=1,002,938/s  avg=1,000,022/s
  t= 54330.6s  rows=54,331,882,304  +15,044,070  inst=1,002,938/s  avg=1,000,023/s
  t= 54345.6s  rows=54,346,795,556  +14,913,252  inst=994,217/s  avg=1,000,022/s
  t= 54360.6s  rows=54,361,871,237  +15,075,681  inst=1,005,045/s  avg=1,000,023/s
  t= 54375.6s  rows=54,376,915,307  +15,044,070  inst=1,002,938/s  avg=1,000,024/s
  t= 54390.6s  rows=54,391,828,559  +14,913,252  inst=994,217/s  avg=1,000,022/s
  t= 54405.6s  rows=54,406,872,629  +15,044,070  inst=1,002,938/s  avg=1,000,023/s
  t= 54420.6s  rows=54,421,785,881  +14,913,252  inst=994,217/s  avg=1,000,021/s
  t= 54435.6s  rows=54,436,829,951  +15,044,070  inst=1,002,938/s  avg=1,000,022/s
  t= 54450.6s  rows=54,451,874,021  +15,044,070  inst=1,002,938/s  avg=1,000,023/s
  t= 54465.6s  rows=54,466,787,273  +14,913,252  inst=994,217/s  avg=1,000,021/s
  t= 54480.6s  rows=54,481,831,343  +15,044,070  inst=1,002,938/s  avg=1,000,022/s
  t= 54495.6s  rows=54,496,875,413  +15,044,070  inst=1,002,938/s  avg=1,000,023/s
  t= 54510.6s  rows=54,511,788,665  +14,913,252  inst=994,217/s  avg=1,000,021/s
  t= 54525.6s  rows=54,526,832,735  +15,044,070  inst=1,002,938/s  avg=1,000,022/s
  t= 54540.6s  rows=54,541,876,805  +15,044,070  inst=1,002,938/s  avg=1,000,023/s
  t= 54555.6s  rows=54,556,920,875  +15,044,070  inst=1,002,938/s  avg=1,000,024/s
  t= 54570.6s  rows=54,571,834,127  +14,913,252  inst=994,217/s  avg=1,000,022/s
  t= 54585.6s  rows=54,586,878,197  +15,044,070  inst=1,002,938/s  avg=1,000,023/s
  t= 54600.6s  rows=54,601,922,267  +15,044,070  inst=1,002,938/s  avg=1,000,024/s
  t= 54615.6s  rows=54,616,835,519  +14,913,252  inst=994,217/s  avg=1,000,022/s
  t= 54630.6s  rows=54,631,879,589  +15,044,070  inst=1,002,938/s  avg=1,000,023/s
  t= 54645.6s  rows=54,646,792,841  +14,913,252  inst=994,217/s  avg=1,000,021/s
  t= 54660.6s  rows=54,661,836,911  +15,044,070  inst=1,002,938/s  avg=1,000,022/s
  t= 54675.6s  rows=54,676,880,981  +15,044,070  inst=1,002,938/s  avg=1,000,023/s
  t= 54690.6s  rows=54,691,794,233  +14,913,252  inst=994,217/s  avg=1,000,021/s
  t= 54705.6s  rows=54,706,838,303  +15,044,070  inst=1,002,938/s  avg=1,000,022/s
  t= 54720.6s  rows=54,721,751,555  +14,913,252  inst=994,217/s  avg=1,000,020/s
  t= 54735.6s  rows=54,736,795,625  +15,044,070  inst=1,002,938/s  avg=1,000,021/s
  t= 54750.6s  rows=54,751,839,695  +15,044,070  inst=1,002,938/s  avg=1,000,022/s
  t= 54765.6s  rows=54,766,883,765  +15,044,070  inst=1,002,938/s  avg=1,000,023/s
  t= 54780.6s  rows=54,781,797,017  +14,913,252  inst=994,217/s  avg=1,000,021/s
  t= 54795.6s  rows=54,796,841,087  +15,044,070  inst=1,002,938/s  avg=1,000,022/s
  t= 54810.6s  rows=54,811,885,157  +15,044,070  inst=1,002,938/s  avg=1,000,023/s
  t= 54825.6s  rows=54,826,798,409  +14,913,252  inst=994,217/s  avg=1,000,021/s
  t= 54840.6s  rows=54,841,842,479  +15,044,070  inst=1,002,938/s  avg=1,000,022/s
  t= 54855.6s  rows=54,856,886,549  +15,044,070  inst=1,002,938/s  avg=1,000,023/s
  t= 54870.6s  rows=54,871,799,801  +14,913,252  inst=994,217/s  avg=1,000,021/s
  t= 54885.6s  rows=54,886,843,871  +15,044,070  inst=1,002,938/s  avg=1,000,022/s
  t= 54900.6s  rows=54,901,887,941  +15,044,070  inst=1,002,938/s  avg=1,000,023/s
  t= 54915.6s  rows=54,916,801,193  +14,913,252  inst=994,217/s  avg=1,000,021/s
  t= 54930.6s  rows=54,931,845,263  +15,044,070  inst=1,002,938/s  avg=1,000,022/s
  t= 54945.6s  rows=54,946,758,515  +14,913,252  inst=994,217/s  avg=1,000,020/s
  t= 54960.6s  rows=54,961,802,585  +15,044,070  inst=1,002,938/s  avg=1,000,021/s
  t= 54975.6s  rows=54,976,846,655  +15,044,070  inst=1,002,938/s  avg=1,000,022/s
  t= 54990.6s  rows=54,991,890,725  +15,044,070  inst=1,002,938/s  avg=1,000,023/s
  t= 55005.6s  rows=55,006,803,977  +14,913,252  inst=994,217/s  avg=1,000,021/s
  t= 55020.6s  rows=55,021,848,047  +15,044,070  inst=1,002,938/s  avg=1,000,022/s
  t= 55035.6s  rows=55,036,892,117  +15,044,070  inst=1,002,938/s  avg=1,000,023/s
  t= 55050.6s  rows=55,051,824,313  +14,932,196  inst=995,480/s  avg=1,000,022/s
  t= 55065.6s  rows=55,066,868,383  +15,044,070  inst=1,002,938/s  avg=1,000,022/s
  t= 55080.6s  rows=55,081,781,635  +14,913,252  inst=994,217/s  avg=1,000,021/s
  t= 55095.6s  rows=55,096,825,705  +15,044,070  inst=1,002,938/s  avg=1,000,022/s
  t= 55110.6s  rows=55,111,869,775  +15,044,070  inst=1,002,938/s  avg=1,000,022/s
  t= 55125.6s  rows=55,126,783,027  +14,913,252  inst=994,217/s  avg=1,000,021/s
  t= 55140.6s  rows=55,141,827,097  +15,044,070  inst=1,002,938/s  avg=1,000,022/s
  t= 55155.6s  rows=55,156,871,167  +15,044,070  inst=1,002,938/s  avg=1,000,022/s
  t= 55170.6s  rows=55,171,915,237  +15,044,070  inst=1,002,938/s  avg=1,000,023/s
  t= 55185.6s  rows=55,186,828,489  +14,913,252  inst=994,217/s  avg=1,000,022/s
  t= 55200.6s  rows=55,201,872,559  +15,044,070  inst=1,002,938/s  avg=1,000,022/s
  t= 55215.6s  rows=55,216,785,811  +14,913,252  inst=994,217/s  avg=1,000,021/s
  t= 55230.6s  rows=55,231,829,881  +15,044,070  inst=1,002,938/s  avg=1,000,022/s
  t= 55245.6s  rows=55,246,873,951  +15,044,070  inst=1,002,938/s  avg=1,000,022/s
  t= 55260.6s  rows=55,261,787,203  +14,913,252  inst=994,217/s  avg=1,000,021/s
  t= 55275.6s  rows=55,276,831,273  +15,044,070  inst=1,002,938/s  avg=1,000,022/s
  t= 55290.6s  rows=55,291,744,525  +14,913,252  inst=994,217/s  avg=1,000,020/s
  t= 55305.6s  rows=55,306,919,413  +15,174,888  inst=1,011,659/s  avg=1,000,023/s
  t= 55320.6s  rows=55,321,832,665  +14,913,252  inst=994,217/s  avg=1,000,022/s
  t= 55335.6s  rows=55,336,876,735  +15,044,070  inst=1,002,938/s  avg=1,000,022/s
  t= 55350.6s  rows=55,351,920,805  +15,044,070  inst=1,002,938/s  avg=1,000,023/s
  t= 55365.6s  rows=55,366,834,057  +14,913,252  inst=994,217/s  avg=1,000,022/s
  t= 55380.6s  rows=55,381,878,127  +15,044,070  inst=1,002,938/s  avg=1,000,022/s
  t= 55395.6s  rows=55,396,922,197  +15,044,070  inst=1,002,938/s  avg=1,000,023/s
  t= 55410.6s  rows=55,411,835,449  +14,913,252  inst=994,217/s  avg=1,000,022/s
  t= 55425.6s  rows=55,426,879,519  +15,044,070  inst=1,002,938/s  avg=1,000,022/s
  t= 55440.6s  rows=55,441,792,771  +14,913,252  inst=994,217/s  avg=1,000,021/s
  t= 55455.6s  rows=55,456,836,841  +15,044,070  inst=1,002,938/s  avg=1,000,022/s
  t= 55470.6s  rows=55,471,880,911  +15,044,070  inst=1,002,938/s  avg=1,000,022/s
  t= 55485.6s  rows=55,486,924,981  +15,044,070  inst=1,002,938/s  avg=1,000,023/s
  t= 55500.6s  rows=55,501,838,233  +14,913,252  inst=994,217/s  avg=1,000,022/s
  t= 55515.6s  rows=55,516,882,303  +15,044,070  inst=1,002,938/s  avg=1,000,022/s
  t= 55530.6s  rows=55,531,926,373  +15,044,070  inst=1,002,938/s  avg=1,000,023/s
  t= 55545.6s  rows=55,546,839,625  +14,913,252  inst=994,217/s  avg=1,000,022/s
  t= 55560.6s  rows=55,561,883,695  +15,044,070  inst=1,002,938/s  avg=1,000,022/s
  t= 55575.6s  rows=55,576,796,947  +14,913,252  inst=994,217/s  avg=1,000,021/s
  t= 55590.6s  rows=55,591,841,017  +15,044,070  inst=1,002,938/s  avg=1,000,022/s
  t= 55605.6s  rows=55,606,885,087  +15,044,070  inst=1,002,938/s  avg=1,000,022/s
  t= 55620.6s  rows=55,621,929,157  +15,044,070  inst=1,002,938/s  avg=1,000,023/s
  t= 55635.6s  rows=55,636,842,409  +14,913,252  inst=994,217/s  avg=1,000,022/s
  t= 55650.6s  rows=55,651,886,479  +15,044,070  inst=1,002,938/s  avg=1,000,022/s
  t= 55665.6s  rows=55,666,799,731  +14,913,252  inst=994,217/s  avg=1,000,021/s
  t= 55680.6s  rows=55,681,843,801  +15,044,070  inst=1,002,938/s  avg=1,000,022/s
  t= 55695.6s  rows=55,696,887,871  +15,044,070  inst=1,002,938/s  avg=1,000,022/s
  t= 55710.6s  rows=55,711,801,123  +14,913,252  inst=994,217/s  avg=1,000,021/s
  t= 55725.6s  rows=55,726,845,193  +15,044,070  inst=1,002,938/s  avg=1,000,022/s
  t= 55740.6s  rows=55,741,889,263  +15,044,070  inst=1,002,938/s  avg=1,000,022/s
  t= 55755.6s  rows=55,756,771,883  +14,882,620  inst=992,175/s  avg=1,000,020/s
  t= 55770.6s  rows=55,771,815,953  +15,044,070  inst=1,002,938/s  avg=1,000,021/s
  t= 55785.6s  rows=55,786,860,023  +15,044,070  inst=1,002,938/s  avg=1,000,022/s
  t= 55800.6s  rows=55,801,904,093  +15,044,070  inst=1,002,938/s  avg=1,000,023/s
  t= 55815.6s  rows=55,816,817,345  +14,913,252  inst=994,217/s  avg=1,000,021/s
  t= 55830.6s  rows=55,831,861,415  +15,044,070  inst=1,002,938/s  avg=1,000,022/s
  t= 55845.6s  rows=55,846,905,485  +15,044,070  inst=1,002,938/s  avg=1,000,023/s
  t= 55860.6s  rows=55,861,818,737  +14,913,252  inst=994,217/s  avg=1,000,021/s
  t= 55875.6s  rows=55,876,862,807  +15,044,070  inst=1,002,938/s  avg=1,000,022/s
  t= 55890.6s  rows=55,891,906,877  +15,044,070  inst=1,002,938/s  avg=1,000,023/s
  t= 55905.6s  rows=55,906,820,129  +14,913,252  inst=994,217/s  avg=1,000,021/s
  t= 55920.6s  rows=55,921,864,199  +15,044,070  inst=1,002,938/s  avg=1,000,022/s
  t= 55935.6s  rows=55,936,908,269  +15,044,070  inst=1,002,938/s  avg=1,000,023/s
  t= 55950.6s  rows=55,951,821,521  +14,913,252  inst=994,217/s  avg=1,000,021/s
  t= 55965.6s  rows=55,966,865,591  +15,044,070  inst=1,002,938/s  avg=1,000,022/s
  t= 55980.6s  rows=55,981,909,661  +15,044,070  inst=1,002,938/s  avg=1,000,023/s
  t= 55995.6s  rows=55,996,953,731  +15,044,070  inst=1,002,938/s  avg=1,000,023/s
  t= 56010.6s  rows=56,011,866,983  +14,913,252  inst=994,217/s  avg=1,000,022/s
  t= 56025.6s  rows=56,026,911,053  +15,044,070  inst=1,002,938/s  avg=1,000,023/s
  t= 56040.6s  rows=56,041,824,305  +14,913,252  inst=994,217/s  avg=1,000,021/s
  t= 56055.6s  rows=56,056,868,375  +15,044,070  inst=1,002,938/s  avg=1,000,022/s
  t= 56070.6s  rows=56,071,912,445  +15,044,070  inst=1,002,938/s  avg=1,000,023/s
  t= 56085.6s  rows=56,086,825,697  +14,913,252  inst=994,217/s  avg=1,000,021/s
  t= 56100.6s  rows=56,101,869,767  +15,044,070  inst=1,002,938/s  avg=1,000,022/s
  t= 56115.6s  rows=56,116,783,019  +14,913,252  inst=994,217/s  avg=1,000,020/s
  t= 56130.6s  rows=56,131,827,089  +15,044,070  inst=1,002,938/s  avg=1,000,021/s
  t= 56145.6s  rows=56,146,871,159  +15,044,070  inst=1,002,938/s  avg=1,000,022/s
  t= 56160.6s  rows=56,161,915,229  +15,044,070  inst=1,002,938/s  avg=1,000,023/s
  t= 56175.6s  rows=56,176,828,481  +14,913,252  inst=994,217/s  avg=1,000,021/s
  t= 56190.6s  rows=56,191,872,551  +15,044,070  inst=1,002,938/s  avg=1,000,022/s
  t= 56205.6s  rows=56,206,916,621  +15,044,070  inst=1,002,938/s  avg=1,000,023/s
  t= 56220.6s  rows=56,221,829,873  +14,913,252  inst=994,217/s  avg=1,000,021/s
  t= 56235.6s  rows=56,236,873,943  +15,044,070  inst=1,002,938/s  avg=1,000,022/s
  t= 56250.6s  rows=56,251,918,013  +15,044,070  inst=1,002,938/s  avg=1,000,023/s
  t= 56265.6s  rows=56,266,831,265  +14,913,252  inst=994,217/s  avg=1,000,021/s
  t= 56280.6s  rows=56,281,875,335  +15,044,070  inst=1,002,938/s  avg=1,000,022/s
  t= 56295.6s  rows=56,296,919,405  +15,044,070  inst=1,002,938/s  avg=1,000,023/s
  t= 56310.6s  rows=56,311,832,657  +14,913,252  inst=994,217/s  avg=1,000,021/s
  t= 56325.6s  rows=56,326,876,727  +15,044,070  inst=1,002,938/s  avg=1,000,022/s
  t= 56340.6s  rows=56,341,920,797  +15,044,070  inst=1,002,938/s  avg=1,000,023/s
  t= 56355.6s  rows=56,356,834,049  +14,913,252  inst=994,217/s  avg=1,000,021/s
  t= 56370.6s  rows=56,371,878,119  +15,044,070  inst=1,002,938/s  avg=1,000,022/s
  t= 56385.6s  rows=56,386,791,371  +14,913,252  inst=994,217/s  avg=1,000,020/s
  t= 56400.6s  rows=56,401,835,441  +15,044,070  inst=1,002,938/s  avg=1,000,021/s
  t= 56415.6s  rows=56,416,879,511  +15,044,070  inst=1,002,938/s  avg=1,000,022/s
  t= 56430.6s  rows=56,431,792,763  +14,913,252  inst=994,217/s  avg=1,000,020/s
  t= 56445.6s  rows=56,446,836,833  +15,044,070  inst=1,002,938/s  avg=1,000,021/s
  t= 56460.6s  rows=56,461,928,395  +15,091,562  inst=1,006,104/s  avg=1,000,023/s
  t= 56475.7s  rows=56,476,841,647  +14,913,252  inst=994,217/s  avg=1,000,021/s
  t= 56490.7s  rows=56,491,885,717  +15,044,070  inst=1,002,938/s  avg=1,000,022/s
  t= 56505.7s  rows=56,506,929,787  +15,044,070  inst=1,002,938/s  avg=1,000,023/s
  t= 56520.7s  rows=56,521,843,039  +14,913,252  inst=994,217/s  avg=1,000,021/s
  t= 56535.7s  rows=56,536,887,109  +15,044,070  inst=1,002,938/s  avg=1,000,022/s
  t= 56550.7s  rows=56,551,800,361  +14,913,252  inst=994,217/s  avg=1,000,020/s
  t= 56565.7s  rows=56,566,844,431  +15,044,070  inst=1,002,938/s  avg=1,000,021/s
  t= 56580.7s  rows=56,581,888,501  +15,044,070  inst=1,002,938/s  avg=1,000,022/s
  t= 56595.7s  rows=56,596,932,571  +15,044,070  inst=1,002,938/s  avg=1,000,023/s
  t= 56610.7s  rows=56,611,845,823  +14,913,252  inst=994,217/s  avg=1,000,021/s
  t= 56625.7s  rows=56,626,889,893  +15,044,070  inst=1,002,938/s  avg=1,000,022/s
  t= 56640.7s  rows=56,641,933,963  +15,044,070  inst=1,002,938/s  avg=1,000,023/s
  t= 56655.7s  rows=56,656,847,215  +14,913,252  inst=994,217/s  avg=1,000,021/s
  t= 56670.7s  rows=56,671,891,285  +15,044,070  inst=1,002,938/s  avg=1,000,022/s
  t= 56685.7s  rows=56,686,935,355  +15,044,070  inst=1,002,938/s  avg=1,000,023/s
  t= 56700.7s  rows=56,701,848,607  +14,913,252  inst=994,217/s  avg=1,000,021/s
  t= 56715.7s  rows=56,716,892,677  +15,044,070  inst=1,002,938/s  avg=1,000,022/s
  t= 56730.7s  rows=56,731,805,929  +14,913,252  inst=994,217/s  avg=1,000,020/s
  t= 56745.7s  rows=56,746,849,999  +15,044,070  inst=1,002,938/s  avg=1,000,021/s
  t= 56760.7s  rows=56,761,894,069  +15,044,070  inst=1,002,938/s  avg=1,000,022/s
  t= 56775.7s  rows=56,776,807,321  +14,913,252  inst=994,217/s  avg=1,000,020/s
  t= 56790.7s  rows=56,791,851,391  +15,044,070  inst=1,002,938/s  avg=1,000,021/s
  t= 56805.7s  rows=56,806,895,461  +15,044,070  inst=1,002,938/s  avg=1,000,022/s
  t= 56820.7s  rows=56,821,939,531  +15,044,070  inst=1,002,938/s  avg=1,000,023/s
  t= 56835.7s  rows=56,836,852,783  +14,913,252  inst=994,217/s  avg=1,000,021/s
  t= 56850.7s  rows=56,851,896,853  +15,044,070  inst=1,002,938/s  avg=1,000,022/s
  t= 56865.7s  rows=56,866,940,923  +15,044,070  inst=1,002,938/s  avg=1,000,023/s
  t= 56880.7s  rows=56,881,854,175  +14,913,252  inst=994,217/s  avg=1,000,021/s
  t= 56895.7s  rows=56,896,898,245  +15,044,070  inst=1,002,938/s  avg=1,000,022/s
  t= 56910.7s  rows=56,911,811,497  +14,913,252  inst=994,217/s  avg=1,000,020/s
  t= 56925.7s  rows=56,926,855,567  +15,044,070  inst=1,002,938/s  avg=1,000,021/s
  t= 56940.7s  rows=56,941,899,637  +15,044,070  inst=1,002,938/s  avg=1,000,022/s
  t= 56955.7s  rows=56,956,812,889  +14,913,252  inst=994,217/s  avg=1,000,020/s
  t= 56970.7s  rows=56,971,856,959  +15,044,070  inst=1,002,938/s  avg=1,000,021/s
  t= 56985.7s  rows=56,986,901,029  +15,044,070  inst=1,002,938/s  avg=1,000,022/s
  t= 57000.7s  rows=57,001,814,281  +14,913,252  inst=994,217/s  avg=1,000,020/s
  t= 57015.7s  rows=57,016,858,351  +15,044,070  inst=1,002,938/s  avg=1,000,021/s
  t= 57030.7s  rows=57,031,902,421  +15,044,070  inst=1,002,938/s  avg=1,000,022/s
  t= 57045.7s  rows=57,046,815,673  +14,913,252  inst=994,217/s  avg=1,000,020/s
  t= 57060.7s  rows=57,061,859,743  +15,044,070  inst=1,002,938/s  avg=1,000,021/s
  t= 57075.7s  rows=57,076,903,813  +15,044,070  inst=1,002,938/s  avg=1,000,022/s
  t= 57090.7s  rows=57,091,817,065  +14,913,252  inst=994,217/s  avg=1,000,020/s
  t= 57105.7s  rows=57,106,861,135  +15,044,070  inst=1,002,938/s  avg=1,000,021/s
  t= 57120.7s  rows=57,121,774,387  +14,913,252  inst=994,217/s  avg=1,000,020/s
  t= 57135.7s  rows=57,136,949,275  +15,174,888  inst=1,011,659/s  avg=1,000,023/s
  t= 57150.7s  rows=57,151,862,527  +14,913,252  inst=994,217/s  avg=1,000,021/s
  t= 57165.7s  rows=57,166,906,597  +15,044,070  inst=1,002,938/s  avg=1,000,022/s
  t= 57180.7s  rows=57,181,819,849  +14,913,252  inst=994,217/s  avg=1,000,020/s
  t= 57195.7s  rows=57,196,923,410  +15,103,561  inst=1,006,904/s  avg=1,000,022/s
  t= 57210.7s  rows=57,211,785,021  +14,861,611  inst=990,774/s  avg=1,000,020/s
  t= 57225.7s  rows=57,226,829,091  +15,044,070  inst=1,002,938/s  avg=1,000,020/s
  t= 57240.7s  rows=57,241,873,161  +15,044,070  inst=1,002,938/s  avg=1,000,021/s
  t= 57255.7s  rows=57,256,917,231  +15,044,070  inst=1,002,938/s  avg=1,000,022/s
  t= 57270.7s  rows=57,271,830,483  +14,913,252  inst=994,217/s  avg=1,000,020/s
  t= 57285.7s  rows=57,286,874,553  +15,044,070  inst=1,002,938/s  avg=1,000,021/s
  t= 57300.7s  rows=57,301,918,623  +15,044,070  inst=1,002,938/s  avg=1,000,022/s
  t= 57315.7s  rows=57,316,831,875  +14,913,252  inst=994,217/s  avg=1,000,020/s
  t= 57330.7s  rows=57,331,875,945  +15,044,070  inst=1,002,938/s  avg=1,000,021/s
  t= 57345.7s  rows=57,346,920,015  +15,044,070  inst=1,002,938/s  avg=1,000,022/s
  t= 57360.7s  rows=57,361,833,267  +14,913,252  inst=994,217/s  avg=1,000,020/s
  t= 57375.7s  rows=57,376,877,337  +15,044,070  inst=1,002,938/s  avg=1,000,021/s
  t= 57390.7s  rows=57,391,921,407  +15,044,070  inst=1,002,938/s  avg=1,000,022/s
  t= 57405.7s  rows=57,406,834,659  +14,913,252  inst=994,217/s  avg=1,000,020/s
  t= 57420.7s  rows=57,421,878,729  +15,044,070  inst=1,002,938/s  avg=1,000,021/s
  t= 57435.7s  rows=57,436,922,799  +15,044,070  inst=1,002,938/s  avg=1,000,022/s
  t= 57450.7s  rows=57,451,836,051  +14,913,252  inst=994,217/s  avg=1,000,020/s
  t= 57465.7s  rows=57,466,880,121  +15,044,070  inst=1,002,938/s  avg=1,000,021/s
  t= 57480.7s  rows=57,481,924,191  +15,044,070  inst=1,002,938/s  avg=1,000,022/s
  t= 57495.7s  rows=57,496,837,443  +14,913,252  inst=994,217/s  avg=1,000,020/s
  t= 57510.7s  rows=57,511,881,513  +15,044,070  inst=1,002,938/s  avg=1,000,021/s
  t= 57525.7s  rows=57,526,925,583  +15,044,070  inst=1,002,938/s  avg=1,000,022/s
  t= 57540.7s  rows=57,541,838,835  +14,913,252  inst=994,217/s  avg=1,000,020/s
  t= 57555.7s  rows=57,556,882,905  +15,044,070  inst=1,002,938/s  avg=1,000,021/s
  t= 57570.7s  rows=57,571,926,975  +15,044,070  inst=1,002,938/s  avg=1,000,022/s
  t= 57585.7s  rows=57,586,840,227  +14,913,252  inst=994,217/s  avg=1,000,020/s
  t= 57600.7s  rows=57,601,884,297  +15,044,070  inst=1,002,938/s  avg=1,000,021/s
  t= 57615.7s  rows=57,616,928,367  +15,044,070  inst=1,002,938/s  avg=1,000,022/s
  t= 57630.7s  rows=57,631,841,619  +14,913,252  inst=994,217/s  avg=1,000,020/s
  t= 57645.7s  rows=57,646,885,689  +15,044,070  inst=1,002,938/s  avg=1,000,021/s
  t= 57660.7s  rows=57,661,929,759  +15,044,070  inst=1,002,938/s  avg=1,000,022/s
  t= 57675.7s  rows=57,676,843,011  +14,913,252  inst=994,217/s  avg=1,000,020/s
  t= 57690.7s  rows=57,691,887,081  +15,044,070  inst=1,002,938/s  avg=1,000,021/s
  t= 57705.7s  rows=57,706,800,333  +14,913,252  inst=994,217/s  avg=1,000,020/s
  t= 57720.7s  rows=57,721,844,403  +15,044,070  inst=1,002,938/s  avg=1,000,020/s
  t= 57735.7s  rows=57,736,888,473  +15,044,070  inst=1,002,938/s  avg=1,000,021/s
  t= 57750.7s  rows=57,751,932,543  +15,044,070  inst=1,002,938/s  avg=1,000,022/s
  t= 57765.7s  rows=57,766,845,795  +14,913,252  inst=994,217/s  avg=1,000,020/s
  t= 57780.7s  rows=57,781,889,865  +15,044,070  inst=1,002,938/s  avg=1,000,021/s
  t= 57795.7s  rows=57,796,933,935  +15,044,070  inst=1,002,938/s  avg=1,000,022/s
  t= 57810.7s  rows=57,811,847,187  +14,913,252  inst=994,217/s  avg=1,000,020/s
  t= 57825.7s  rows=57,826,891,257  +15,044,070  inst=1,002,938/s  avg=1,000,021/s
  t= 57840.7s  rows=57,841,935,327  +15,044,070  inst=1,002,938/s  avg=1,000,022/s
  t= 57855.7s  rows=57,856,848,579  +14,913,252  inst=994,217/s  avg=1,000,020/s
  t= 57870.7s  rows=57,871,892,649  +15,044,070  inst=1,002,938/s  avg=1,000,021/s
  t= 57885.7s  rows=57,886,835,604  +14,942,955  inst=996,197/s  avg=1,000,020/s
  t= 57900.7s  rows=57,901,879,674  +15,044,070  inst=1,002,938/s  avg=1,000,021/s
  t= 57915.7s  rows=57,916,923,744  +15,044,070  inst=1,002,938/s  avg=1,000,022/s
  t= 57930.7s  rows=57,931,836,996  +14,913,252  inst=994,217/s  avg=1,000,020/s
  t= 57945.7s  rows=57,946,881,066  +15,044,070  inst=1,002,938/s  avg=1,000,021/s
  t= 57960.7s  rows=57,961,925,136  +15,044,070  inst=1,002,938/s  avg=1,000,022/s
  t= 57975.7s  rows=57,976,838,388  +14,913,252  inst=994,217/s  avg=1,000,020/s
  t= 57990.7s  rows=57,991,882,458  +15,044,070  inst=1,002,938/s  avg=1,000,021/s
  t= 58005.7s  rows=58,006,926,528  +15,044,070  inst=1,002,938/s  avg=1,000,022/s
  t= 58020.7s  rows=58,021,839,780  +14,913,252  inst=994,217/s  avg=1,000,020/s
  t= 58035.7s  rows=58,036,883,850  +15,044,070  inst=1,002,938/s  avg=1,000,021/s
  t= 58050.7s  rows=58,051,927,920  +15,044,070  inst=1,002,938/s  avg=1,000,022/s
  t= 58065.7s  rows=58,066,841,172  +14,913,252  inst=994,217/s  avg=1,000,020/s
  t= 58080.7s  rows=58,081,885,242  +15,044,070  inst=1,002,938/s  avg=1,000,021/s
  t= 58095.7s  rows=58,096,929,312  +15,044,070  inst=1,002,938/s  avg=1,000,022/s
  t= 58110.7s  rows=58,111,842,564  +14,913,252  inst=994,217/s  avg=1,000,020/s
  t= 58125.7s  rows=58,126,886,634  +15,044,070  inst=1,002,938/s  avg=1,000,021/s
  t= 58140.7s  rows=58,141,930,704  +15,044,070  inst=1,002,938/s  avg=1,000,022/s
  t= 58155.7s  rows=58,156,843,956  +14,913,252  inst=994,217/s  avg=1,000,020/s
  t= 58170.7s  rows=58,171,888,026  +15,044,070  inst=1,002,938/s  avg=1,000,021/s
  t= 58185.7s  rows=58,186,932,096  +15,044,070  inst=1,002,938/s  avg=1,000,022/s
  t= 58200.7s  rows=58,201,845,348  +14,913,252  inst=994,217/s  avg=1,000,020/s
  t= 58215.7s  rows=58,216,889,418  +15,044,070  inst=1,002,938/s  avg=1,000,021/s
  t= 58230.7s  rows=58,231,933,488  +15,044,070  inst=1,002,938/s  avg=1,000,022/s
  t= 58245.7s  rows=58,246,846,740  +14,913,252  inst=994,217/s  avg=1,000,020/s
  t= 58260.7s  rows=58,261,890,810  +15,044,070  inst=1,002,938/s  avg=1,000,021/s
  t= 58275.7s  rows=58,276,934,880  +15,044,070  inst=1,002,938/s  avg=1,000,022/s
  t= 58290.7s  rows=58,291,848,132  +14,913,252  inst=994,217/s  avg=1,000,020/s
  t= 58305.7s  rows=58,306,892,202  +15,044,070  inst=1,002,938/s  avg=1,000,021/s
  t= 58320.7s  rows=58,321,936,272  +15,044,070  inst=1,002,938/s  avg=1,000,022/s
  t= 58335.7s  rows=58,336,849,524  +14,913,252  inst=994,217/s  avg=1,000,020/s
  t= 58350.7s  rows=58,351,893,594  +15,044,070  inst=1,002,938/s  avg=1,000,021/s
  t= 58365.7s  rows=58,366,937,664  +15,044,070  inst=1,002,938/s  avg=1,000,022/s
  t= 58380.7s  rows=58,381,850,916  +14,913,252  inst=994,217/s  avg=1,000,020/s
  t= 58395.7s  rows=58,396,894,986  +15,044,070  inst=1,002,938/s  avg=1,000,021/s
  t= 58410.7s  rows=58,411,939,056  +15,044,070  inst=1,002,938/s  avg=1,000,022/s
  t= 58425.7s  rows=58,426,852,308  +14,913,252  inst=994,217/s  avg=1,000,020/s
  t= 58440.7s  rows=58,441,896,378  +15,044,070  inst=1,002,938/s  avg=1,000,021/s
  t= 58455.7s  rows=58,456,940,448  +15,044,070  inst=1,002,938/s  avg=1,000,022/s
  t= 58470.7s  rows=58,471,853,700  +14,913,252  inst=994,217/s  avg=1,000,020/s
  t= 58485.7s  rows=58,486,897,770  +15,044,070  inst=1,002,938/s  avg=1,000,021/s
  t= 58500.7s  rows=58,501,941,840  +15,044,070  inst=1,002,938/s  avg=1,000,022/s
  t= 58515.7s  rows=58,516,855,092  +14,913,252  inst=994,217/s  avg=1,000,020/s
  t= 58530.7s  rows=58,531,899,162  +15,044,070  inst=1,002,938/s  avg=1,000,021/s
  t= 58545.7s  rows=58,546,812,414  +14,913,252  inst=994,217/s  avg=1,000,019/s
  t= 58560.7s  rows=58,561,856,484  +15,044,070  inst=1,002,938/s  avg=1,000,020/s
  t= 58575.7s  rows=58,576,900,554  +15,044,070  inst=1,002,938/s  avg=1,000,021/s
  t= 58590.7s  rows=58,591,825,360  +14,924,806  inst=994,987/s  avg=1,000,020/s
  t= 58605.7s  rows=58,606,869,430  +15,044,070  inst=1,002,938/s  avg=1,000,020/s
  t= 58620.7s  rows=58,621,913,500  +15,044,070  inst=1,002,938/s  avg=1,000,021/s
  t= 58635.7s  rows=58,636,957,570  +15,044,070  inst=1,002,938/s  avg=1,000,022/s
  t= 58650.7s  rows=58,651,870,822  +14,913,252  inst=994,217/s  avg=1,000,020/s
  t= 58665.7s  rows=58,666,914,892  +15,044,070  inst=1,002,938/s  avg=1,000,021/s
  t= 58680.7s  rows=58,681,828,144  +14,913,252  inst=994,217/s  avg=1,000,020/s
  t= 58695.7s  rows=58,696,872,214  +15,044,070  inst=1,002,938/s  avg=1,000,020/s
  t= 58710.7s  rows=58,711,916,284  +15,044,070  inst=1,002,938/s  avg=1,000,021/s
  t= 58725.7s  rows=58,726,829,536  +14,913,252  inst=994,217/s  avg=1,000,020/s
  t= 58740.7s  rows=58,741,873,606  +15,044,070  inst=1,002,938/s  avg=1,000,020/s
  t= 58755.7s  rows=58,756,917,676  +15,044,070  inst=1,002,938/s  avg=1,000,021/s
  t= 58770.7s  rows=58,771,961,746  +15,044,070  inst=1,002,938/s  avg=1,000,022/s
  t= 58785.7s  rows=58,786,874,998  +14,913,252  inst=994,217/s  avg=1,000,020/s
  t= 58800.7s  rows=58,801,919,068  +15,044,070  inst=1,002,938/s  avg=1,000,021/s
  t= 58815.7s  rows=58,816,832,320  +14,913,252  inst=994,217/s  avg=1,000,020/s
  t= 58830.7s  rows=58,831,876,390  +15,044,070  inst=1,002,938/s  avg=1,000,020/s
  t= 58845.7s  rows=58,846,920,460  +15,044,070  inst=1,002,938/s  avg=1,000,021/s
  t= 58860.7s  rows=58,861,833,712  +14,913,252  inst=994,217/s  avg=1,000,020/s
  t= 58875.7s  rows=58,876,877,782  +15,044,070  inst=1,002,938/s  avg=1,000,020/s
  t= 58890.7s  rows=58,891,921,852  +15,044,070  inst=1,002,938/s  avg=1,000,021/s
  t= 58905.7s  rows=58,906,965,922  +15,044,070  inst=1,002,938/s  avg=1,000,022/s
  t= 58920.7s  rows=58,921,879,174  +14,913,252  inst=994,217/s  avg=1,000,020/s
  t= 58935.7s  rows=58,936,923,244  +15,044,070  inst=1,002,938/s  avg=1,000,021/s
  t= 58950.7s  rows=58,951,836,496  +14,913,252  inst=994,217/s  avg=1,000,020/s
  t= 58965.7s  rows=58,966,880,566  +15,044,070  inst=1,002,938/s  avg=1,000,020/s
  t= 58980.7s  rows=58,981,924,636  +15,044,070  inst=1,002,938/s  avg=1,000,021/s
  t= 58995.7s  rows=58,996,968,706  +15,044,070  inst=1,002,938/s  avg=1,000,022/s
  t= 59010.7s  rows=59,011,881,958  +14,913,252  inst=994,217/s  avg=1,000,020/s
  t= 59025.7s  rows=59,026,926,028  +15,044,070  inst=1,002,938/s  avg=1,000,021/s
  t= 59040.7s  rows=59,041,839,280  +14,913,252  inst=994,217/s  avg=1,000,020/s
  t= 59055.7s  rows=59,056,883,350  +15,044,070  inst=1,002,938/s  avg=1,000,020/s
  t= 59070.7s  rows=59,071,927,420  +15,044,070  inst=1,002,938/s  avg=1,000,021/s
  t= 59085.7s  rows=59,086,840,672  +14,913,252  inst=994,217/s  avg=1,000,020/s
  t= 59100.7s  rows=59,101,884,742  +15,044,070  inst=1,002,938/s  avg=1,000,020/s
  t= 59115.7s  rows=59,116,928,812  +15,044,070  inst=1,002,938/s  avg=1,000,021/s
  t= 59130.7s  rows=59,131,842,064  +14,913,252  inst=994,217/s  avg=1,000,020/s
  t= 59145.7s  rows=59,146,886,134  +15,044,070  inst=1,002,938/s  avg=1,000,020/s
  t= 59160.7s  rows=59,161,930,204  +15,044,070  inst=1,002,938/s  avg=1,000,021/s
  t= 59175.7s  rows=59,176,974,274  +15,044,070  inst=1,002,938/s  avg=1,000,022/s
  t= 59190.7s  rows=59,191,887,526  +14,913,252  inst=994,217/s  avg=1,000,020/s
  t= 59205.7s  rows=59,206,800,778  +14,913,252  inst=994,217/s  avg=1,000,019/s
  t= 59220.7s  rows=59,221,844,848  +15,044,070  inst=1,002,938/s  avg=1,000,020/s
  t= 59235.7s  rows=59,236,923,137  +15,078,289  inst=1,005,219/s  avg=1,000,021/s
  t= 59250.7s  rows=59,251,836,389  +14,913,252  inst=994,217/s  avg=1,000,020/s
  t= 59265.7s  rows=59,266,880,459  +15,044,070  inst=1,002,938/s  avg=1,000,020/s
  t= 59280.7s  rows=59,281,924,529  +15,044,070  inst=1,002,938/s  avg=1,000,021/s
  t= 59295.7s  rows=59,296,837,781  +14,913,252  inst=994,217/s  avg=1,000,020/s
  t= 59310.7s  rows=59,311,881,851  +15,044,070  inst=1,002,938/s  avg=1,000,020/s
  t= 59325.7s  rows=59,326,925,921  +15,044,070  inst=1,002,938/s  avg=1,000,021/s
  t= 59340.7s  rows=59,341,839,173  +14,913,252  inst=994,217/s  avg=1,000,020/s
  t= 59355.7s  rows=59,356,883,243  +15,044,070  inst=1,002,938/s  avg=1,000,020/s
  t= 59370.7s  rows=59,371,927,313  +15,044,070  inst=1,002,938/s  avg=1,000,021/s
  t= 59385.7s  rows=59,386,840,565  +14,913,252  inst=994,217/s  avg=1,000,020/s
  t= 59400.7s  rows=59,401,884,635  +15,044,070  inst=1,002,938/s  avg=1,000,020/s
  t= 59415.7s  rows=59,416,928,705  +15,044,070  inst=1,002,938/s  avg=1,000,021/s
  t= 59430.7s  rows=59,431,841,957  +14,913,252  inst=994,217/s  avg=1,000,020/s
  t= 59445.7s  rows=59,446,886,027  +15,044,070  inst=1,002,938/s  avg=1,000,020/s
  t= 59460.7s  rows=59,461,930,097  +15,044,070  inst=1,002,938/s  avg=1,000,021/s
  t= 59475.7s  rows=59,476,843,349  +14,913,252  inst=994,217/s  avg=1,000,020/s
  t= 59490.7s  rows=59,491,887,419  +15,044,070  inst=1,002,938/s  avg=1,000,020/s
  t= 59505.7s  rows=59,506,931,489  +15,044,070  inst=1,002,938/s  avg=1,000,021/s
  t= 59520.7s  rows=59,521,844,741  +14,913,252  inst=994,217/s  avg=1,000,020/s
  t= 59535.7s  rows=59,536,888,811  +15,044,070  inst=1,002,938/s  avg=1,000,020/s
  t= 59550.7s  rows=59,551,932,881  +15,044,070  inst=1,002,938/s  avg=1,000,021/s
  t= 59565.7s  rows=59,566,846,133  +14,913,252  inst=994,217/s  avg=1,000,020/s
  t= 59580.7s  rows=59,581,890,203  +15,044,070  inst=1,002,938/s  avg=1,000,020/s
  t= 59595.7s  rows=59,596,934,273  +15,044,070  inst=1,002,938/s  avg=1,000,021/s
  t= 59610.7s  rows=59,611,847,525  +14,913,252  inst=994,217/s  avg=1,000,020/s
  t= 59625.7s  rows=59,626,891,595  +15,044,070  inst=1,002,938/s  avg=1,000,020/s
  t= 59640.7s  rows=59,641,935,665  +15,044,070  inst=1,002,938/s  avg=1,000,021/s
  t= 59655.7s  rows=59,656,848,917  +14,913,252  inst=994,217/s  avg=1,000,020/s
  t= 59670.7s  rows=59,671,892,987  +15,044,070  inst=1,002,938/s  avg=1,000,020/s
  t= 59685.7s  rows=59,686,937,057  +15,044,070  inst=1,002,938/s  avg=1,000,021/s
  t= 59700.7s  rows=59,701,850,309  +14,913,252  inst=994,217/s  avg=1,000,020/s
  t= 59715.7s  rows=59,716,894,379  +15,044,070  inst=1,002,938/s  avg=1,000,020/s
  t= 59730.7s  rows=59,731,938,449  +15,044,070  inst=1,002,938/s  avg=1,000,021/s
  t= 59745.7s  rows=59,746,851,701  +14,913,252  inst=994,217/s  avg=1,000,020/s
  t= 59760.7s  rows=59,761,895,771  +15,044,070  inst=1,002,938/s  avg=1,000,020/s
  t= 59775.7s  rows=59,776,939,841  +15,044,070  inst=1,002,938/s  avg=1,000,021/s
  t= 59790.7s  rows=59,791,983,911  +15,044,070  inst=1,002,938/s  avg=1,000,022/s
  t= 59805.7s  rows=59,806,897,163  +14,913,252  inst=994,217/s  avg=1,000,020/s
  t= 59820.7s  rows=59,821,941,233  +15,044,070  inst=1,002,938/s  avg=1,000,021/s
  t= 59835.7s  rows=59,836,854,485  +14,913,252  inst=994,217/s  avg=1,000,020/s
  t= 59850.7s  rows=59,851,898,555  +15,044,070  inst=1,002,938/s  avg=1,000,020/s
  t= 59865.7s  rows=59,866,811,807  +14,913,252  inst=994,217/s  avg=1,000,019/s
  t= 59880.7s  rows=59,881,860,337  +15,048,530  inst=1,003,235/s  avg=1,000,020/s
  t= 59895.7s  rows=59,896,904,407  +15,044,070  inst=1,002,938/s  avg=1,000,020/s
  t= 59910.7s  rows=59,911,948,477  +15,044,070  inst=1,002,938/s  avg=1,000,021/s
  t= 59925.7s  rows=59,926,861,729  +14,913,252  inst=994,217/s  avg=1,000,020/s
  t= 59940.7s  rows=59,941,905,799  +15,044,070  inst=1,002,938/s  avg=1,000,020/s
  t= 59955.7s  rows=59,956,975,059  +15,069,260  inst=1,004,617/s  avg=1,000,021/s
  t= 59970.7s  rows=59,971,888,311  +14,913,252  inst=994,217/s  avg=1,000,020/s
  t= 59985.7s  rows=59,986,932,381  +15,044,070  inst=1,002,938/s  avg=1,000,021/s
  t= 60000.7s  rows=60,001,845,633  +14,913,252  inst=994,217/s  avg=1,000,019/s
  t= 60015.7s  rows=60,016,889,703  +15,044,070  inst=1,002,938/s  avg=1,000,020/s
  t= 60030.7s  rows=60,031,933,773  +15,044,070  inst=1,002,938/s  avg=1,000,021/s
  t= 60045.7s  rows=60,046,847,025  +14,913,252  inst=994,217/s  avg=1,000,019/s
  t= 60060.7s  rows=60,061,891,095  +15,044,070  inst=1,002,938/s  avg=1,000,020/s
  t= 60075.7s  rows=60,076,935,165  +15,044,070  inst=1,002,938/s  avg=1,000,021/s
  t= 60090.7s  rows=60,091,979,235  +15,044,070  inst=1,002,938/s  avg=1,000,021/s
  t= 60105.7s  rows=60,106,892,487  +14,913,252  inst=994,217/s  avg=1,000,020/s
  t= 60120.7s  rows=60,121,936,557  +15,044,070  inst=1,002,938/s  avg=1,000,021/s
  t= 60135.7s  rows=60,136,849,809  +14,913,252  inst=994,217/s  avg=1,000,019/s
  t= 60150.7s  rows=60,151,893,879  +15,044,070  inst=1,002,938/s  avg=1,000,020/s
  t= 60165.7s  rows=60,166,937,949  +15,044,070  inst=1,002,938/s  avg=1,000,021/s
  t= 60180.7s  rows=60,181,851,201  +14,913,252  inst=994,217/s  avg=1,000,019/s
  t= 60195.7s  rows=60,196,895,271  +15,044,070  inst=1,002,938/s  avg=1,000,020/s
  t= 60210.7s  rows=60,211,808,523  +14,913,252  inst=994,217/s  avg=1,000,019/s
  t= 60225.7s  rows=60,226,852,593  +15,044,070  inst=1,002,938/s  avg=1,000,019/s
  t= 60240.7s  rows=60,241,896,663  +15,044,070  inst=1,002,938/s  avg=1,000,020/s
  t= 60255.7s  rows=60,256,940,733  +15,044,070  inst=1,002,938/s  avg=1,000,021/s
  t= 60270.7s  rows=60,271,984,803  +15,044,070  inst=1,002,938/s  avg=1,000,021/s
  t= 60285.7s  rows=60,286,898,055  +14,913,252  inst=994,217/s  avg=1,000,020/s
  t= 60300.7s  rows=60,301,942,125  +15,044,070  inst=1,002,938/s  avg=1,000,021/s
  t= 60315.7s  rows=60,316,855,377  +14,913,252  inst=994,217/s  avg=1,000,019/s
  t= 60330.7s  rows=60,331,899,447  +15,044,070  inst=1,002,938/s  avg=1,000,020/s
  t= 60345.7s  rows=60,346,943,517  +15,044,070  inst=1,002,938/s  avg=1,000,021/s
  t= 60360.7s  rows=60,361,856,769  +14,913,252  inst=994,217/s  avg=1,000,019/s
  t= 60375.7s  rows=60,376,900,839  +15,044,070  inst=1,002,938/s  avg=1,000,020/s
  t= 60390.7s  rows=60,391,814,091  +14,913,252  inst=994,217/s  avg=1,000,019/s
  t= 60405.7s  rows=60,406,858,161  +15,044,070  inst=1,002,938/s  avg=1,000,019/s
  t= 60420.7s  rows=60,421,902,231  +15,044,070  inst=1,002,938/s  avg=1,000,020/s
  t= 60435.7s  rows=60,436,946,301  +15,044,070  inst=1,002,938/s  avg=1,000,021/s
  t= 60450.7s  rows=60,451,859,553  +14,913,252  inst=994,217/s  avg=1,000,019/s
  t= 60465.7s  rows=60,466,903,623  +15,044,070  inst=1,002,938/s  avg=1,000,020/s
  t= 60480.7s  rows=60,481,816,875  +14,913,252  inst=994,217/s  avg=1,000,019/s
  t= 60495.7s  rows=60,496,860,945  +15,044,070  inst=1,002,938/s  avg=1,000,019/s
  t= 60510.7s  rows=60,511,905,015  +15,044,070  inst=1,002,938/s  avg=1,000,020/s
  t= 60525.7s  rows=60,526,949,085  +15,044,070  inst=1,002,938/s  avg=1,000,021/s
  t= 60540.7s  rows=60,541,862,337  +14,913,252  inst=994,217/s  avg=1,000,019/s
  t= 60555.7s  rows=60,556,906,407  +15,044,070  inst=1,002,938/s  avg=1,000,020/s
  t= 60570.7s  rows=60,571,950,477  +15,044,070  inst=1,002,938/s  avg=1,000,021/s
  t= 60585.7s  rows=60,586,863,729  +14,913,252  inst=994,217/s  avg=1,000,019/s
  t= 60600.7s  rows=60,601,907,799  +15,044,070  inst=1,002,938/s  avg=1,000,020/s
  t= 60615.7s  rows=60,616,951,869  +15,044,070  inst=1,002,938/s  avg=1,000,021/s
  t= 60630.7s  rows=60,631,865,121  +14,913,252  inst=994,217/s  avg=1,000,019/s
  t= 60645.7s  rows=60,646,909,191  +15,044,070  inst=1,002,938/s  avg=1,000,020/s
  t= 60660.7s  rows=60,661,902,077  +14,992,886  inst=999,526/s  avg=1,000,020/s
  t= 60675.7s  rows=60,676,946,147  +15,044,070  inst=1,002,938/s  avg=1,000,021/s
  t= 60690.7s  rows=60,691,859,399  +14,913,252  inst=994,217/s  avg=1,000,019/s
  t= 60705.7s  rows=60,706,903,469  +15,044,070  inst=1,002,938/s  avg=1,000,020/s
  t= 60720.7s  rows=60,721,947,539  +15,044,070  inst=1,002,938/s  avg=1,000,021/s
  t= 60735.7s  rows=60,736,860,791  +14,913,252  inst=994,217/s  avg=1,000,019/s
  t= 60750.7s  rows=60,751,904,861  +15,044,070  inst=1,002,938/s  avg=1,000,020/s
  t= 60765.7s  rows=60,766,948,931  +15,044,070  inst=1,002,938/s  avg=1,000,021/s
  t= 60780.7s  rows=60,781,862,183  +14,913,252  inst=994,217/s  avg=1,000,019/s
  t= 60795.7s  rows=60,796,906,253  +15,044,070  inst=1,002,938/s  avg=1,000,020/s
  t= 60810.7s  rows=60,811,950,323  +15,044,070  inst=1,002,938/s  avg=1,000,021/s
  t= 60825.7s  rows=60,826,863,575  +14,913,252  inst=994,217/s  avg=1,000,019/s
  t= 60840.7s  rows=60,841,907,645  +15,044,070  inst=1,002,938/s  avg=1,000,020/s
  t= 60855.7s  rows=60,856,951,715  +15,044,070  inst=1,002,938/s  avg=1,000,021/s
  t= 60870.7s  rows=60,871,864,967  +14,913,252  inst=994,217/s  avg=1,000,019/s
  t= 60885.7s  rows=60,886,909,037  +15,044,070  inst=1,002,938/s  avg=1,000,020/s
  t= 60900.7s  rows=60,901,953,107  +15,044,070  inst=1,002,938/s  avg=1,000,021/s
  t= 60915.7s  rows=60,916,866,359  +14,913,252  inst=994,217/s  avg=1,000,019/s
  t= 60930.7s  rows=60,931,910,429  +15,044,070  inst=1,002,938/s  avg=1,000,020/s
  t= 60945.7s  rows=60,946,954,499  +15,044,070  inst=1,002,938/s  avg=1,000,021/s
  t= 60960.7s  rows=60,961,998,569  +15,044,070  inst=1,002,938/s  avg=1,000,021/s
  t= 60975.7s  rows=60,976,911,821  +14,913,252  inst=994,217/s  avg=1,000,020/s
  t= 60990.7s  rows=60,991,955,891  +15,044,070  inst=1,002,938/s  avg=1,000,021/s
  t= 61005.7s  rows=61,006,869,143  +14,913,252  inst=994,217/s  avg=1,000,019/s
  t= 61020.7s  rows=61,021,913,213  +15,044,070  inst=1,002,938/s  avg=1,000,020/s
  t= 61035.7s  rows=61,036,957,283  +15,044,070  inst=1,002,938/s  avg=1,000,021/s
  t= 61050.7s  rows=61,051,870,535  +14,913,252  inst=994,217/s  avg=1,000,019/s
  t= 61065.7s  rows=61,066,914,605  +15,044,070  inst=1,002,938/s  avg=1,000,020/s
  t= 61080.7s  rows=61,081,827,857  +14,913,252  inst=994,217/s  avg=1,000,019/s
  t= 61095.7s  rows=61,096,871,927  +15,044,070  inst=1,002,938/s  avg=1,000,019/s
  t= 61110.7s  rows=61,111,915,997  +15,044,070  inst=1,002,938/s  avg=1,000,020/s
  t= 61125.7s  rows=61,126,960,067  +15,044,070  inst=1,002,938/s  avg=1,000,021/s
  t= 61140.7s  rows=61,141,873,319  +14,913,252  inst=994,217/s  avg=1,000,019/s
  t= 61155.7s  rows=61,156,917,389  +15,044,070  inst=1,002,938/s  avg=1,000,020/s
  t= 61170.7s  rows=61,171,961,459  +15,044,070  inst=1,002,938/s  avg=1,000,021/s
  t= 61185.7s  rows=61,186,874,711  +14,913,252  inst=994,217/s  avg=1,000,019/s
  t= 61200.7s  rows=61,201,918,781  +15,044,070  inst=1,002,938/s  avg=1,000,020/s
  t= 61215.7s  rows=61,216,962,851  +15,044,070  inst=1,002,938/s  avg=1,000,021/s
  t= 61230.7s  rows=61,231,876,103  +14,913,252  inst=994,217/s  avg=1,000,019/s
  t= 61245.7s  rows=61,246,920,173  +15,044,070  inst=1,002,938/s  avg=1,000,020/s
  t= 61260.7s  rows=61,261,833,425  +14,913,252  inst=994,217/s  avg=1,000,019/s
  t= 61275.7s  rows=61,276,877,495  +15,044,070  inst=1,002,938/s  avg=1,000,019/s
  t= 61290.7s  rows=61,291,921,565  +15,044,070  inst=1,002,938/s  avg=1,000,020/s
  t= 61305.7s  rows=61,306,965,635  +15,044,070  inst=1,002,938/s  avg=1,000,021/s
  t= 61320.7s  rows=61,321,878,887  +14,913,252  inst=994,217/s  avg=1,000,019/s
  t= 61335.7s  rows=61,336,922,957  +15,044,070  inst=1,002,938/s  avg=1,000,020/s
  t= 61350.7s  rows=61,351,967,027  +15,044,070  inst=1,002,938/s  avg=1,000,021/s
  t= 61365.7s  rows=61,366,888,487  +14,921,460  inst=994,764/s  avg=1,000,019/s
  t= 61380.7s  rows=61,381,932,557  +15,044,070  inst=1,002,938/s  avg=1,000,020/s
  t= 61395.7s  rows=61,396,976,627  +15,044,070  inst=1,002,938/s  avg=1,000,021/s
  t= 61410.7s  rows=61,411,889,879  +14,913,252  inst=994,217/s  avg=1,000,019/s
  t= 61425.7s  rows=61,426,933,949  +15,044,070  inst=1,002,938/s  avg=1,000,020/s
  t= 61440.7s  rows=61,441,847,201  +14,913,252  inst=994,217/s  avg=1,000,019/s
  t= 61455.7s  rows=61,456,891,271  +15,044,070  inst=1,002,938/s  avg=1,000,019/s
  t= 61470.7s  rows=61,471,935,341  +15,044,070  inst=1,002,938/s  avg=1,000,020/s
  t= 61485.7s  rows=61,486,848,593  +14,913,252  inst=994,217/s  avg=1,000,019/s
  t= 61500.7s  rows=61,501,892,663  +15,044,070  inst=1,002,938/s  avg=1,000,019/s
  t= 61515.7s  rows=61,516,936,733  +15,044,070  inst=1,002,938/s  avg=1,000,020/s
  t= 61530.7s  rows=61,531,980,803  +15,044,070  inst=1,002,938/s  avg=1,000,021/s
  t= 61545.7s  rows=61,546,894,055  +14,913,252  inst=994,217/s  avg=1,000,019/s
  t= 61560.7s  rows=61,561,938,125  +15,044,070  inst=1,002,938/s  avg=1,000,020/s
  t= 61575.7s  rows=61,576,982,195  +15,044,070  inst=1,002,938/s  avg=1,000,021/s
  t= 61590.7s  rows=61,591,895,447  +14,913,252  inst=994,217/s  avg=1,000,019/s
  t= 61605.7s  rows=61,606,939,517  +15,044,070  inst=1,002,938/s  avg=1,000,020/s
  t= 61620.7s  rows=61,621,852,769  +14,913,252  inst=994,217/s  avg=1,000,019/s
  t= 61635.7s  rows=61,636,896,839  +15,044,070  inst=1,002,938/s  avg=1,000,019/s
  t= 61650.7s  rows=61,651,940,909  +15,044,070  inst=1,002,938/s  avg=1,000,020/s
  t= 61665.7s  rows=61,666,984,979  +15,044,070  inst=1,002,938/s  avg=1,000,021/s
  t= 61680.7s  rows=61,681,898,231  +14,913,252  inst=994,217/s  avg=1,000,019/s
  t= 61695.7s  rows=61,696,942,301  +15,044,070  inst=1,002,938/s  avg=1,000,020/s
  t= 61710.7s  rows=61,711,986,371  +15,044,070  inst=1,002,938/s  avg=1,000,021/s
  t= 61725.7s  rows=61,726,899,623  +14,913,252  inst=994,217/s  avg=1,000,019/s
  t= 61740.7s  rows=61,741,943,693  +15,044,070  inst=1,002,938/s  avg=1,000,020/s
  t= 61755.7s  rows=61,756,856,945  +14,913,252  inst=994,217/s  avg=1,000,019/s
  t= 61770.7s  rows=61,771,901,015  +15,044,070  inst=1,002,938/s  avg=1,000,019/s
  t= 61785.7s  rows=61,786,945,085  +15,044,070  inst=1,002,938/s  avg=1,000,020/s
  t= 61800.7s  rows=61,801,989,155  +15,044,070  inst=1,002,938/s  avg=1,000,021/s
  t= 61815.7s  rows=61,816,902,407  +14,913,252  inst=994,217/s  avg=1,000,019/s
  t= 61830.7s  rows=61,831,946,477  +15,044,070  inst=1,002,938/s  avg=1,000,020/s
  t= 61845.7s  rows=61,846,990,547  +15,044,070  inst=1,002,938/s  avg=1,000,021/s
  t= 61860.7s  rows=61,861,903,799  +14,913,252  inst=994,217/s  avg=1,000,019/s
  t= 61875.7s  rows=61,876,947,869  +15,044,070  inst=1,002,938/s  avg=1,000,020/s
  t= 61890.7s  rows=61,891,861,121  +14,913,252  inst=994,217/s  avg=1,000,019/s
  t= 61905.7s  rows=61,906,905,191  +15,044,070  inst=1,002,938/s  avg=1,000,019/s
  t= 61920.7s  rows=61,921,949,261  +15,044,070  inst=1,002,938/s  avg=1,000,020/s
  t= 61935.7s  rows=61,936,993,331  +15,044,070  inst=1,002,938/s  avg=1,000,021/s
  t= 61950.7s  rows=61,951,915,726  +14,922,395  inst=994,826/s  avg=1,000,020/s
  t= 61965.7s  rows=61,966,959,796  +15,044,070  inst=1,002,938/s  avg=1,000,020/s
  t= 61980.7s  rows=61,981,873,048  +14,913,252  inst=994,217/s  avg=1,000,019/s
  t= 61995.7s  rows=61,996,917,118  +15,044,070  inst=1,002,938/s  avg=1,000,020/s
  t= 62010.7s  rows=62,011,961,188  +15,044,070  inst=1,002,938/s  avg=1,000,020/s
  t= 62025.7s  rows=62,026,874,440  +14,913,252  inst=994,217/s  avg=1,000,019/s
  t= 62040.7s  rows=62,041,918,510  +15,044,070  inst=1,002,938/s  avg=1,000,020/s
  t= 62055.7s  rows=62,056,962,580  +15,044,070  inst=1,002,938/s  avg=1,000,020/s
  t= 62070.7s  rows=62,071,875,832  +14,913,252  inst=994,217/s  avg=1,000,019/s
  t= 62085.7s  rows=62,086,919,902  +15,044,070  inst=1,002,938/s  avg=1,000,020/s
  t= 62100.7s  rows=62,101,963,972  +15,044,070  inst=1,002,938/s  avg=1,000,020/s
  t= 62115.7s  rows=62,116,877,224  +14,913,252  inst=994,217/s  avg=1,000,019/s
  t= 62130.7s  rows=62,131,921,294  +15,044,070  inst=1,002,938/s  avg=1,000,020/s
  t= 62145.7s  rows=62,146,965,364  +15,044,070  inst=1,002,938/s  avg=1,000,020/s
  t= 62160.7s  rows=62,161,878,616  +14,913,252  inst=994,217/s  avg=1,000,019/s
  t= 62175.7s  rows=62,176,922,686  +15,044,070  inst=1,002,938/s  avg=1,000,020/s
  t= 62190.7s  rows=62,191,966,756  +15,044,070  inst=1,002,938/s  avg=1,000,020/s
  t= 62205.7s  rows=62,206,880,008  +14,913,252  inst=994,217/s  avg=1,000,019/s
  t= 62220.7s  rows=62,221,924,078  +15,044,070  inst=1,002,938/s  avg=1,000,020/s
  t= 62235.7s  rows=62,236,968,148  +15,044,070  inst=1,002,938/s  avg=1,000,020/s
  t= 62250.7s  rows=62,251,881,400  +14,913,252  inst=994,217/s  avg=1,000,019/s
  t= 62265.7s  rows=62,266,925,470  +15,044,070  inst=1,002,938/s  avg=1,000,020/s
  t= 62280.7s  rows=62,281,969,540  +15,044,070  inst=1,002,938/s  avg=1,000,020/s
  t= 62295.7s  rows=62,296,882,792  +14,913,252  inst=994,217/s  avg=1,000,019/s
  t= 62310.7s  rows=62,311,926,862  +15,044,070  inst=1,002,938/s  avg=1,000,020/s
  t= 62325.7s  rows=62,326,970,932  +15,044,070  inst=1,002,938/s  avg=1,000,020/s
  t= 62340.7s  rows=62,341,884,184  +14,913,252  inst=994,217/s  avg=1,000,019/s
  t= 62355.7s  rows=62,356,928,254  +15,044,070  inst=1,002,938/s  avg=1,000,020/s
  t= 62370.7s  rows=62,371,972,324  +15,044,070  inst=1,002,938/s  avg=1,000,020/s
  t= 62385.7s  rows=62,386,885,576  +14,913,252  inst=994,217/s  avg=1,000,019/s
  t= 62400.7s  rows=62,401,929,646  +15,044,070  inst=1,002,938/s  avg=1,000,020/s
  t= 62415.7s  rows=62,416,973,716  +15,044,070  inst=1,002,938/s  avg=1,000,020/s
  t= 62430.7s  rows=62,431,886,968  +14,913,252  inst=994,217/s  avg=1,000,019/s
  t= 62445.7s  rows=62,446,931,038  +15,044,070  inst=1,002,938/s  avg=1,000,020/s
  t= 62460.7s  rows=62,461,844,290  +14,913,252  inst=994,217/s  avg=1,000,018/s
  t= 62475.7s  rows=62,476,888,360  +15,044,070  inst=1,002,938/s  avg=1,000,019/s
  t= 62490.7s  rows=62,491,932,430  +15,044,070  inst=1,002,938/s  avg=1,000,020/s
  t= 62505.7s  rows=62,506,976,500  +15,044,070  inst=1,002,938/s  avg=1,000,020/s
  t= 62520.7s  rows=62,521,889,752  +14,913,252  inst=994,217/s  avg=1,000,019/s
  t= 62535.7s  rows=62,536,933,822  +15,044,070  inst=1,002,938/s  avg=1,000,020/s
  t= 62550.7s  rows=62,551,977,892  +15,044,070  inst=1,002,938/s  avg=1,000,020/s
  t= 62565.7s  rows=62,566,891,144  +14,913,252  inst=994,217/s  avg=1,000,019/s
  t= 62580.7s  rows=62,581,935,214  +15,044,070  inst=1,002,938/s  avg=1,000,020/s
  t= 62595.7s  rows=62,596,979,284  +15,044,070  inst=1,002,938/s  avg=1,000,020/s
  t= 62610.7s  rows=62,611,892,160  +14,912,876  inst=994,192/s  avg=1,000,019/s
  t= 62625.7s  rows=62,626,936,230  +15,044,070  inst=1,002,938/s  avg=1,000,020/s
  t= 62640.7s  rows=62,641,980,300  +15,044,070  inst=1,002,938/s  avg=1,000,020/s
  t= 62655.7s  rows=62,656,893,552  +14,913,252  inst=994,217/s  avg=1,000,019/s
  t= 62670.7s  rows=62,671,937,622  +15,044,070  inst=1,002,938/s  avg=1,000,020/s
  t= 62685.7s  rows=62,686,850,874  +14,913,252  inst=994,217/s  avg=1,000,018/s
  t= 62700.7s  rows=62,701,894,944  +15,044,070  inst=1,002,938/s  avg=1,000,019/s
  t= 62715.7s  rows=62,716,939,014  +15,044,070  inst=1,002,938/s  avg=1,000,020/s
  t= 62730.7s  rows=62,731,983,084  +15,044,070  inst=1,002,938/s  avg=1,000,020/s
  t= 62745.7s  rows=62,746,896,336  +14,913,252  inst=994,217/s  avg=1,000,019/s
  t= 62760.7s  rows=62,761,940,406  +15,044,070  inst=1,002,938/s  avg=1,000,020/s
  t= 62775.7s  rows=62,776,984,476  +15,044,070  inst=1,002,938/s  avg=1,000,020/s
  t= 62790.7s  rows=62,791,897,728  +14,913,252  inst=994,217/s  avg=1,000,019/s
  t= 62805.7s  rows=62,806,941,798  +15,044,070  inst=1,002,938/s  avg=1,000,020/s
  t= 62820.7s  rows=62,821,985,868  +15,044,070  inst=1,002,938/s  avg=1,000,020/s
  t= 62835.7s  rows=62,836,899,120  +14,913,252  inst=994,217/s  avg=1,000,019/s
  t= 62850.7s  rows=62,851,943,190  +15,044,070  inst=1,002,938/s  avg=1,000,020/s
  t= 62865.7s  rows=62,866,987,260  +15,044,070  inst=1,002,938/s  avg=1,000,020/s
  t= 62880.7s  rows=62,881,900,512  +14,913,252  inst=994,217/s  avg=1,000,019/s
  t= 62895.7s  rows=62,896,944,582  +15,044,070  inst=1,002,938/s  avg=1,000,020/s
  t= 62910.7s  rows=62,911,988,652  +15,044,070  inst=1,002,938/s  avg=1,000,020/s
  t= 62925.7s  rows=62,926,901,904  +14,913,252  inst=994,217/s  avg=1,000,019/s
  t= 62940.7s  rows=62,941,945,974  +15,044,070  inst=1,002,938/s  avg=1,000,020/s
  t= 62955.7s  rows=62,956,990,044  +15,044,070  inst=1,002,938/s  avg=1,000,020/s
  t= 62970.7s  rows=62,971,903,296  +14,913,252  inst=994,217/s  avg=1,000,019/s
  t= 62985.7s  rows=62,986,947,366  +15,044,070  inst=1,002,938/s  avg=1,000,020/s
  t= 63000.7s  rows=63,001,991,436  +15,044,070  inst=1,002,938/s  avg=1,000,020/s
  t= 63015.7s  rows=63,016,904,688  +14,913,252  inst=994,217/s  avg=1,000,019/s
  t= 63030.7s  rows=63,031,948,758  +15,044,070  inst=1,002,938/s  avg=1,000,020/s
  t= 63045.7s  rows=63,046,992,828  +15,044,070  inst=1,002,938/s  avg=1,000,020/s
  t= 63060.7s  rows=63,061,906,080  +14,913,252  inst=994,217/s  avg=1,000,019/s
  t= 63075.7s  rows=63,076,950,150  +15,044,070  inst=1,002,938/s  avg=1,000,020/s
  t= 63090.7s  rows=63,091,863,402  +14,913,252  inst=994,217/s  avg=1,000,018/s
  t= 63105.7s  rows=63,106,907,472  +15,044,070  inst=1,002,938/s  avg=1,000,019/s
  t= 63120.7s  rows=63,121,951,542  +15,044,070  inst=1,002,938/s  avg=1,000,020/s
  t= 63135.7s  rows=63,136,995,612  +15,044,070  inst=1,002,938/s  avg=1,000,020/s
  t= 63150.7s  rows=63,151,908,864  +14,913,252  inst=994,217/s  avg=1,000,019/s
  t= 63165.7s  rows=63,166,952,934  +15,044,070  inst=1,002,938/s  avg=1,000,020/s
  t= 63180.7s  rows=63,181,997,004  +15,044,070  inst=1,002,938/s  avg=1,000,020/s
  t= 63195.7s  rows=63,196,910,256  +14,913,252  inst=994,217/s  avg=1,000,019/s
  t= 63210.7s  rows=63,211,954,326  +15,044,070  inst=1,002,938/s  avg=1,000,020/s
  t= 63225.7s  rows=63,226,998,396  +15,044,070  inst=1,002,938/s  avg=1,000,020/s
  t= 63240.7s  rows=63,241,911,648  +14,913,252  inst=994,217/s  avg=1,000,019/s
  t= 63255.7s  rows=63,256,955,718  +15,044,070  inst=1,002,938/s  avg=1,000,020/s
  t= 63270.7s  rows=63,271,932,882  +14,977,164  inst=998,478/s  avg=1,000,019/s
  t= 63285.7s  rows=63,286,976,952  +15,044,070  inst=1,002,938/s  avg=1,000,020/s
  t= 63300.7s  rows=63,301,890,204  +14,913,252  inst=994,217/s  avg=1,000,018/s
  t= 63315.7s  rows=63,316,934,274  +15,044,070  inst=1,002,938/s  avg=1,000,019/s
  t= 63330.7s  rows=63,331,928,267  +14,993,993  inst=999,600/s  avg=1,000,019/s
  t= 63345.7s  rows=63,346,972,337  +15,044,070  inst=1,002,938/s  avg=1,000,020/s
  t= 63360.7s  rows=63,361,885,589  +14,913,252  inst=994,217/s  avg=1,000,018/s
  t= 63375.7s  rows=63,376,929,659  +15,044,070  inst=1,002,938/s  avg=1,000,019/s
  t= 63390.7s  rows=63,391,973,729  +15,044,070  inst=1,002,938/s  avg=1,000,020/s
  t= 63405.7s  rows=63,406,886,981  +14,913,252  inst=994,217/s  avg=1,000,018/s
  t= 63420.7s  rows=63,421,931,051  +15,044,070  inst=1,002,938/s  avg=1,000,019/s
  t= 63435.7s  rows=63,436,975,121  +15,044,070  inst=1,002,938/s  avg=1,000,020/s
  t= 63450.7s  rows=63,451,888,373  +14,913,252  inst=994,217/s  avg=1,000,018/s
  t= 63465.7s  rows=63,466,932,443  +15,044,070  inst=1,002,938/s  avg=1,000,019/s
  t= 63480.7s  rows=63,481,976,513  +15,044,070  inst=1,002,938/s  avg=1,000,020/s
  t= 63495.7s  rows=63,496,889,765  +14,913,252  inst=994,217/s  avg=1,000,018/s
  t= 63510.7s  rows=63,511,933,835  +15,044,070  inst=1,002,938/s  avg=1,000,019/s
  t= 63525.7s  rows=63,526,977,905  +15,044,070  inst=1,002,938/s  avg=1,000,020/s
  t= 63540.7s  rows=63,541,891,157  +14,913,252  inst=994,217/s  avg=1,000,018/s
  t= 63555.7s  rows=63,556,935,227  +15,044,070  inst=1,002,938/s  avg=1,000,019/s
  t= 63570.7s  rows=63,571,979,297  +15,044,070  inst=1,002,938/s  avg=1,000,020/s
  t= 63585.7s  rows=63,586,892,549  +14,913,252  inst=994,217/s  avg=1,000,018/s
  t= 63600.7s  rows=63,601,936,619  +15,044,070  inst=1,002,938/s  avg=1,000,019/s
  t= 63615.7s  rows=63,616,980,689  +15,044,070  inst=1,002,938/s  avg=1,000,020/s
  t= 63630.7s  rows=63,632,024,759  +15,044,070  inst=1,002,938/s  avg=1,000,020/s
  t= 63645.7s  rows=63,646,938,011  +14,913,252  inst=994,217/s  avg=1,000,019/s
  t= 63660.7s  rows=63,661,982,081  +15,044,070  inst=1,002,938/s  avg=1,000,020/s
  t= 63675.7s  rows=63,677,026,151  +15,044,070  inst=1,002,938/s  avg=1,000,020/s
  t= 63690.7s  rows=63,691,939,403  +14,913,252  inst=994,217/s  avg=1,000,019/s
  t= 63705.7s  rows=63,706,983,473  +15,044,070  inst=1,002,938/s  avg=1,000,020/s
  t= 63720.7s  rows=63,721,896,725  +14,913,252  inst=994,217/s  avg=1,000,018/s
  t= 63735.7s  rows=63,736,940,795  +15,044,070  inst=1,002,938/s  avg=1,000,019/s
  t= 63750.7s  rows=63,751,984,865  +15,044,070  inst=1,002,938/s  avg=1,000,020/s
  t= 63765.7s  rows=63,767,028,935  +15,044,070  inst=1,002,938/s  avg=1,000,020/s
  t= 63780.7s  rows=63,781,942,187  +14,913,252  inst=994,217/s  avg=1,000,019/s
  t= 63795.7s  rows=63,796,986,257  +15,044,070  inst=1,002,938/s  avg=1,000,020/s
  t= 63810.7s  rows=63,811,899,509  +14,913,252  inst=994,217/s  avg=1,000,018/s
  t= 63825.7s  rows=63,826,943,579  +15,044,070  inst=1,002,938/s  avg=1,000,019/s
  t= 63840.7s  rows=63,841,987,649  +15,044,070  inst=1,002,938/s  avg=1,000,020/s
  t= 63855.7s  rows=63,856,900,901  +14,913,252  inst=994,217/s  avg=1,000,018/s
  t= 63870.7s  rows=63,871,944,971  +15,044,070  inst=1,002,938/s  avg=1,000,019/s
  t= 63885.7s  rows=63,886,989,041  +15,044,070  inst=1,002,938/s  avg=1,000,020/s
  t= 63900.7s  rows=63,901,902,293  +14,913,252  inst=994,217/s  avg=1,000,018/s
  t= 63915.7s  rows=63,916,946,363  +15,044,070  inst=1,002,938/s  avg=1,000,019/s
  t= 63930.7s  rows=63,931,859,615  +14,913,252  inst=994,217/s  avg=1,000,018/s
  t= 63945.7s  rows=63,946,903,685  +15,044,070  inst=1,002,938/s  avg=1,000,018/s
  t= 63960.7s  rows=63,961,985,927  +15,082,242  inst=1,005,483/s  avg=1,000,020/s
  t= 63975.7s  rows=63,976,899,179  +14,913,252  inst=994,217/s  avg=1,000,018/s
  t= 63990.7s  rows=63,991,943,249  +15,044,070  inst=1,002,938/s  avg=1,000,019/s
  t= 64005.7s  rows=64,006,987,319  +15,044,070  inst=1,002,938/s  avg=1,000,020/s
  t= 64020.7s  rows=64,021,900,571  +14,913,252  inst=994,217/s  avg=1,000,018/s
  t= 64035.7s  rows=64,036,944,641  +15,044,070  inst=1,002,938/s  avg=1,000,019/s
  t= 64050.7s  rows=64,051,988,711  +15,044,070  inst=1,002,938/s  avg=1,000,020/s
  t= 64065.7s  rows=64,066,901,963  +14,913,252  inst=994,217/s  avg=1,000,018/s
  t= 64080.7s  rows=64,081,946,033  +15,044,070  inst=1,002,938/s  avg=1,000,019/s
  t= 64095.7s  rows=64,096,990,103  +15,044,070  inst=1,002,938/s  avg=1,000,020/s
  t= 64110.7s  rows=64,111,903,355  +14,913,252  inst=994,217/s  avg=1,000,018/s
  t= 64125.7s  rows=64,126,947,425  +15,044,070  inst=1,002,938/s  avg=1,000,019/s
  t= 64140.7s  rows=64,141,860,677  +14,913,252  inst=994,217/s  avg=1,000,018/s
  t= 64155.7s  rows=64,157,035,565  +15,174,888  inst=1,011,659/s  avg=1,000,020/s
  t= 64170.7s  rows=64,171,948,817  +14,913,252  inst=994,217/s  avg=1,000,019/s
  t= 64185.7s  rows=64,186,992,887  +15,044,070  inst=1,002,938/s  avg=1,000,020/s
  t= 64200.7s  rows=64,201,906,139  +14,913,252  inst=994,217/s  avg=1,000,018/s
  t= 64215.7s  rows=64,216,950,209  +15,044,070  inst=1,002,938/s  avg=1,000,019/s
  t= 64230.7s  rows=64,231,994,279  +15,044,070  inst=1,002,938/s  avg=1,000,020/s
  t= 64245.7s  rows=64,246,907,531  +14,913,252  inst=994,217/s  avg=1,000,018/s
  t= 64260.7s  rows=64,261,951,601  +15,044,070  inst=1,002,938/s  avg=1,000,019/s
  t= 64275.7s  rows=64,276,995,671  +15,044,070  inst=1,002,938/s  avg=1,000,020/s
  t= 64290.7s  rows=64,291,908,923  +14,913,252  inst=994,217/s  avg=1,000,018/s
  t= 64305.7s  rows=64,306,952,993  +15,044,070  inst=1,002,938/s  avg=1,000,019/s
  t= 64320.7s  rows=64,321,866,245  +14,913,252  inst=994,217/s  avg=1,000,018/s
  t= 64335.7s  rows=64,336,910,315  +15,044,070  inst=1,002,938/s  avg=1,000,018/s
  t= 64350.7s  rows=64,351,954,385  +15,044,070  inst=1,002,938/s  avg=1,000,019/s
  t= 64365.7s  rows=64,366,867,637  +14,913,252  inst=994,217/s  avg=1,000,018/s
  t= 64380.7s  rows=64,381,911,707  +15,044,070  inst=1,002,938/s  avg=1,000,018/s
  t= 64395.7s  rows=64,396,955,777  +15,044,070  inst=1,002,938/s  avg=1,000,019/s
  t= 64410.7s  rows=64,411,999,847  +15,044,070  inst=1,002,938/s  avg=1,000,020/s
  t= 64425.7s  rows=64,426,913,099  +14,913,252  inst=994,217/s  avg=1,000,018/s
  t= 64440.7s  rows=64,441,957,169  +15,044,070  inst=1,002,938/s  avg=1,000,019/s
  t= 64455.7s  rows=64,457,001,239  +15,044,070  inst=1,002,938/s  avg=1,000,020/s
  t= 64470.7s  rows=64,471,914,491  +14,913,252  inst=994,217/s  avg=1,000,018/s
  t= 64485.7s  rows=64,486,958,561  +15,044,070  inst=1,002,938/s  avg=1,000,019/s
  t= 64500.7s  rows=64,502,002,631  +15,044,070  inst=1,002,938/s  avg=1,000,020/s
  t= 64515.7s  rows=64,516,915,883  +14,913,252  inst=994,217/s  avg=1,000,018/s
  t= 64530.7s  rows=64,531,959,953  +15,044,070  inst=1,002,938/s  avg=1,000,019/s
  t= 64545.7s  rows=64,547,004,023  +15,044,070  inst=1,002,938/s  avg=1,000,020/s
  t= 64560.7s  rows=64,561,917,275  +14,913,252  inst=994,217/s  avg=1,000,018/s
  t= 64575.7s  rows=64,576,961,345  +15,044,070  inst=1,002,938/s  avg=1,000,019/s
  t= 64590.7s  rows=64,592,005,415  +15,044,070  inst=1,002,938/s  avg=1,000,020/s
  t= 64605.7s  rows=64,606,918,667  +14,913,252  inst=994,217/s  avg=1,000,018/s
  t= 64620.7s  rows=64,621,962,737  +15,044,070  inst=1,002,938/s  avg=1,000,019/s
  t= 64635.7s  rows=64,637,006,807  +15,044,070  inst=1,002,938/s  avg=1,000,020/s
  t= 64650.7s  rows=64,651,920,059  +14,913,252  inst=994,217/s  avg=1,000,018/s
  t= 64665.7s  rows=64,666,964,129  +15,044,070  inst=1,002,938/s  avg=1,000,019/s
  t= 64680.7s  rows=64,682,008,199  +15,044,070  inst=1,002,938/s  avg=1,000,020/s
  t= 64695.7s  rows=64,696,921,451  +14,913,252  inst=994,217/s  avg=1,000,018/s
  t= 64710.7s  rows=64,711,965,521  +15,044,070  inst=1,002,938/s  avg=1,000,019/s
  t= 64725.7s  rows=64,727,009,591  +15,044,070  inst=1,002,938/s  avg=1,000,020/s
  t= 64740.7s  rows=64,741,922,843  +14,913,252  inst=994,217/s  avg=1,000,018/s
  t= 64755.7s  rows=64,756,966,913  +15,044,070  inst=1,002,938/s  avg=1,000,019/s
  t= 64770.7s  rows=64,772,010,983  +15,044,070  inst=1,002,938/s  avg=1,000,020/s
  t= 64785.7s  rows=64,786,924,235  +14,913,252  inst=994,217/s  avg=1,000,018/s
  t= 64800.7s  rows=64,801,969,643  +15,045,408  inst=1,003,027/s  avg=1,000,019/s
  t= 64815.7s  rows=64,816,879,481  +14,909,838  inst=993,989/s  avg=1,000,018/s
  t= 64830.7s  rows=64,831,923,551  +15,044,070  inst=1,002,938/s  avg=1,000,018/s
  t= 64845.7s  rows=64,846,967,621  +15,044,070  inst=1,002,938/s  avg=1,000,019/s
  t= 64860.7s  rows=64,862,011,691  +15,044,070  inst=1,002,938/s  avg=1,000,020/s
  t= 64875.7s  rows=64,876,943,297  +14,931,606  inst=995,440/s  avg=1,000,019/s
  t= 64890.7s  rows=64,891,982,742  +15,039,445  inst=1,002,630/s  avg=1,000,019/s
  t= 64905.7s  rows=64,907,026,812  +15,044,070  inst=1,002,938/s  avg=1,000,020/s
  t= 64920.7s  rows=64,921,940,064  +14,913,252  inst=994,217/s  avg=1,000,019/s
  t= 64935.7s  rows=64,936,984,134  +15,044,070  inst=1,002,938/s  avg=1,000,019/s
  t= 64950.7s  rows=64,952,028,204  +15,044,070  inst=1,002,938/s  avg=1,000,020/s
  t= 64965.7s  rows=64,966,941,456  +14,913,252  inst=994,217/s  avg=1,000,019/s
  t= 64980.7s  rows=64,981,985,526  +15,044,070  inst=1,002,938/s  avg=1,000,019/s
  t= 64995.7s  rows=64,997,029,596  +15,044,070  inst=1,002,938/s  avg=1,000,020/s
  t= 65010.7s  rows=65,011,942,848  +14,913,252  inst=994,217/s  avg=1,000,019/s
  t= 65025.7s  rows=65,026,986,918  +15,044,070  inst=1,002,938/s  avg=1,000,019/s
  t= 65040.7s  rows=65,041,900,170  +14,913,252  inst=994,217/s  avg=1,000,018/s
  t= 65055.7s  rows=65,056,944,240  +15,044,070  inst=1,002,938/s  avg=1,000,019/s
  t= 65070.7s  rows=65,071,988,310  +15,044,070  inst=1,002,938/s  avg=1,000,019/s
  t= 65085.7s  rows=65,086,901,562  +14,913,252  inst=994,217/s  avg=1,000,018/s
  t= 65100.7s  rows=65,101,945,632  +15,044,070  inst=1,002,938/s  avg=1,000,019/s
  t= 65115.7s  rows=65,116,989,702  +15,044,070  inst=1,002,938/s  avg=1,000,019/s
  t= 65130.7s  rows=65,132,033,772  +15,044,070  inst=1,002,938/s  avg=1,000,020/s
  t= 65145.7s  rows=65,146,947,024  +14,913,252  inst=994,217/s  avg=1,000,019/s
  t= 65160.7s  rows=65,161,991,094  +15,044,070  inst=1,002,938/s  avg=1,000,019/s
  t= 65175.7s  rows=65,176,904,346  +14,913,252  inst=994,217/s  avg=1,000,018/s
  t= 65190.7s  rows=65,191,948,416  +15,044,070  inst=1,002,938/s  avg=1,000,019/s
  t= 65205.7s  rows=65,206,992,486  +15,044,070  inst=1,002,938/s  avg=1,000,019/s
  t= 65220.7s  rows=65,221,905,738  +14,913,252  inst=994,217/s  avg=1,000,018/s
  t= 65235.7s  rows=65,236,949,808  +15,044,070  inst=1,002,938/s  avg=1,000,019/s
  t= 65250.7s  rows=65,251,993,878  +15,044,070  inst=1,002,938/s  avg=1,000,019/s
  t= 65265.7s  rows=65,266,907,130  +14,913,252  inst=994,217/s  avg=1,000,018/s
  t= 65280.7s  rows=65,281,951,200  +15,044,070  inst=1,002,938/s  avg=1,000,019/s
  t= 65295.7s  rows=65,296,995,270  +15,044,070  inst=1,002,938/s  avg=1,000,019/s
  t= 65310.7s  rows=65,311,908,522  +14,913,252  inst=994,217/s  avg=1,000,018/s
  t= 65325.7s  rows=65,326,952,592  +15,044,070  inst=1,002,938/s  avg=1,000,019/s
  t= 65340.7s  rows=65,341,996,662  +15,044,070  inst=1,002,938/s  avg=1,000,019/s
  t= 65355.7s  rows=65,356,909,914  +14,913,252  inst=994,217/s  avg=1,000,018/s
  t= 65370.7s  rows=65,371,953,984  +15,044,070  inst=1,002,938/s  avg=1,000,019/s
  t= 65385.7s  rows=65,386,998,054  +15,044,070  inst=1,002,938/s  avg=1,000,019/s
  t= 65400.7s  rows=65,401,911,306  +14,913,252  inst=994,217/s  avg=1,000,018/s
  t= 65415.7s  rows=65,416,955,376  +15,044,070  inst=1,002,938/s  avg=1,000,019/s
  t= 65430.7s  rows=65,431,999,446  +15,044,070  inst=1,002,938/s  avg=1,000,019/s
  t= 65445.7s  rows=65,446,912,698  +14,913,252  inst=994,217/s  avg=1,000,018/s
  t= 65460.7s  rows=65,461,956,768  +15,044,070  inst=1,002,938/s  avg=1,000,019/s
  t= 65475.7s  rows=65,477,000,838  +15,044,070  inst=1,002,938/s  avg=1,000,019/s
  t= 65490.7s  rows=65,491,914,090  +14,913,252  inst=994,217/s  avg=1,000,018/s
  t= 65505.7s  rows=65,506,958,160  +15,044,070  inst=1,002,938/s  avg=1,000,019/s
  t= 65520.7s  rows=65,521,871,412  +14,913,252  inst=994,217/s  avg=1,000,017/s
  t= 65535.7s  rows=65,536,915,482  +15,044,070  inst=1,002,938/s  avg=1,000,018/s
  t= 65550.7s  rows=65,551,959,552  +15,044,070  inst=1,002,938/s  avg=1,000,019/s
  t= 65565.7s  rows=65,566,927,754  +14,968,202  inst=997,880/s  avg=1,000,018/s
  t= 65580.7s  rows=65,581,952,515  +15,024,761  inst=1,001,651/s  avg=1,000,018/s
  t= 65595.7s  rows=65,596,870,160  +14,917,645  inst=994,510/s  avg=1,000,017/s
  t= 65610.7s  rows=65,611,914,230  +15,044,070  inst=1,002,938/s  avg=1,000,018/s
  t= 65625.7s  rows=65,626,958,300  +15,044,070  inst=1,002,938/s  avg=1,000,018/s
  t= 65640.7s  rows=65,642,002,370  +15,044,070  inst=1,002,938/s  avg=1,000,019/s
  t= 65655.7s  rows=65,657,046,440  +15,044,070  inst=1,002,938/s  avg=1,000,020/s
  t= 65670.7s  rows=65,671,959,692  +14,913,252  inst=994,217/s  avg=1,000,018/s
  t= 65685.7s  rows=65,687,003,762  +15,044,070  inst=1,002,938/s  avg=1,000,019/s
  t= 65700.7s  rows=65,701,917,014  +14,913,252  inst=994,217/s  avg=1,000,018/s
  t= 65715.7s  rows=65,716,961,084  +15,044,070  inst=1,002,938/s  avg=1,000,018/s
  t= 65730.7s  rows=65,732,005,154  +15,044,070  inst=1,002,938/s  avg=1,000,019/s
  t= 65745.7s  rows=65,746,918,406  +14,913,252  inst=994,217/s  avg=1,000,018/s
  t= 65760.7s  rows=65,761,962,476  +15,044,070  inst=1,002,938/s  avg=1,000,018/s
  t= 65775.7s  rows=65,777,006,546  +15,044,070  inst=1,002,938/s  avg=1,000,019/s
  t= 65790.7s  rows=65,791,919,798  +14,913,252  inst=994,217/s  avg=1,000,018/s
  t= 65805.7s  rows=65,806,963,868  +15,044,070  inst=1,002,938/s  avg=1,000,018/s
  t= 65820.7s  rows=65,822,007,938  +15,044,070  inst=1,002,938/s  avg=1,000,019/s
  t= 65835.7s  rows=65,836,921,190  +14,913,252  inst=994,217/s  avg=1,000,018/s
  t= 65850.7s  rows=65,851,965,260  +15,044,070  inst=1,002,938/s  avg=1,000,019/s
  t= 65865.7s  rows=65,867,009,330  +15,044,070  inst=1,002,938/s  avg=1,000,019/s
  t= 65880.7s  rows=65,881,922,582  +14,913,252  inst=994,217/s  avg=1,000,018/s
  t= 65895.7s  rows=65,896,966,652  +15,044,070  inst=1,002,938/s  avg=1,000,019/s
  t= 65910.7s  rows=65,911,879,904  +14,913,252  inst=994,217/s  avg=1,000,017/s
  t= 65925.7s  rows=65,926,923,974  +15,044,070  inst=1,002,938/s  avg=1,000,018/s
  t= 65940.7s  rows=65,941,968,044  +15,044,070  inst=1,002,938/s  avg=1,000,019/s
  t= 65955.7s  rows=65,957,012,114  +15,044,070  inst=1,002,938/s  avg=1,000,019/s
  t= 65970.7s  rows=65,971,925,366  +14,913,252  inst=994,217/s  avg=1,000,018/s
  t= 65985.7s  rows=65,986,969,436  +15,044,070  inst=1,002,938/s  avg=1,000,019/s
  t= 66000.7s  rows=66,001,882,688  +14,913,252  inst=994,217/s  avg=1,000,017/s
  t= 66015.7s  rows=66,016,926,758  +15,044,070  inst=1,002,938/s  avg=1,000,018/s
  t= 66030.7s  rows=66,031,970,828  +15,044,070  inst=1,002,938/s  avg=1,000,019/s
  t= 66045.7s  rows=66,047,014,898  +15,044,070  inst=1,002,938/s  avg=1,000,019/s
  t= 66060.7s  rows=66,061,928,150  +14,913,252  inst=994,217/s  avg=1,000,018/s
  t= 66075.7s  rows=66,076,972,220  +15,044,070  inst=1,002,938/s  avg=1,000,019/s
  t= 66090.7s  rows=66,092,016,290  +15,044,070  inst=1,002,938/s  avg=1,000,019/s
  t= 66105.7s  rows=66,106,929,542  +14,913,252  inst=994,217/s  avg=1,000,018/s
  t= 66120.7s  rows=66,121,973,612  +15,044,070  inst=1,002,938/s  avg=1,000,019/s
  t= 66135.7s  rows=66,137,017,682  +15,044,070  inst=1,002,938/s  avg=1,000,019/s
  t= 66150.7s  rows=66,151,930,934  +14,913,252  inst=994,217/s  avg=1,000,018/s
  t= 66165.8s  rows=66,166,975,004  +15,044,070  inst=1,002,938/s  avg=1,000,019/s
  t= 66180.8s  rows=66,182,019,074  +15,044,070  inst=1,002,938/s  avg=1,000,019/s
  t= 66195.8s  rows=66,196,932,326  +14,913,252  inst=994,217/s  avg=1,000,018/s
  t= 66210.8s  rows=66,211,976,396  +15,044,070  inst=1,002,938/s  avg=1,000,019/s
  t= 66225.8s  rows=66,227,020,466  +15,044,070  inst=1,002,938/s  avg=1,000,019/s
  t= 66240.8s  rows=66,241,933,718  +14,913,252  inst=994,217/s  avg=1,000,018/s
  t= 66255.8s  rows=66,256,977,788  +15,044,070  inst=1,002,938/s  avg=1,000,019/s
  t= 66270.8s  rows=66,271,891,040  +14,913,252  inst=994,217/s  avg=1,000,017/s
  t= 66285.8s  rows=66,286,935,110  +15,044,070  inst=1,002,938/s  avg=1,000,018/s
  t= 66300.8s  rows=66,301,979,180  +15,044,070  inst=1,002,938/s  avg=1,000,019/s
  t= 66315.8s  rows=66,316,846,546  +14,867,366  inst=991,158/s  avg=1,000,017/s
  t= 66330.8s  rows=66,332,021,434  +15,174,888  inst=1,011,659/s  avg=1,000,019/s
  t= 66345.8s  rows=66,346,934,631  +14,913,197  inst=994,213/s  avg=1,000,018/s
  t= 66360.8s  rows=66,361,978,701  +15,044,070  inst=1,002,938/s  avg=1,000,018/s
  t= 66375.8s  rows=66,376,891,953  +14,913,252  inst=994,217/s  avg=1,000,017/s
  t= 66390.8s  rows=66,391,936,023  +15,044,070  inst=1,002,938/s  avg=1,000,018/s
  t= 66405.8s  rows=66,406,980,093  +15,044,070  inst=1,002,938/s  avg=1,000,018/s
  t= 66420.8s  rows=66,422,024,163  +15,044,070  inst=1,002,938/s  avg=1,000,019/s
  t= 66435.8s  rows=66,436,937,415  +14,913,252  inst=994,217/s  avg=1,000,018/s
  t= 66450.8s  rows=66,451,981,485  +15,044,070  inst=1,002,938/s  avg=1,000,018/s
  t= 66465.8s  rows=66,467,025,555  +15,044,070  inst=1,002,938/s  avg=1,000,019/s
  t= 66480.8s  rows=66,481,938,807  +14,913,252  inst=994,217/s  avg=1,000,018/s
  t= 66495.8s  rows=66,496,982,877  +15,044,070  inst=1,002,938/s  avg=1,000,018/s
  t= 66510.8s  rows=66,512,026,947  +15,044,070  inst=1,002,938/s  avg=1,000,019/s
  t= 66525.8s  rows=66,526,940,199  +14,913,252  inst=994,217/s  avg=1,000,018/s
  t= 66540.8s  rows=66,541,984,269  +15,044,070  inst=1,002,938/s  avg=1,000,018/s
  t= 66555.8s  rows=66,557,028,339  +15,044,070  inst=1,002,938/s  avg=1,000,019/s
  t= 66570.8s  rows=66,571,941,591  +14,913,252  inst=994,217/s  avg=1,000,018/s
  t= 66585.8s  rows=66,586,985,661  +15,044,070  inst=1,002,938/s  avg=1,000,018/s
  t= 66600.8s  rows=66,601,898,913  +14,913,252  inst=994,217/s  avg=1,000,017/s
  t= 66615.8s  rows=66,616,942,983  +15,044,070  inst=1,002,938/s  avg=1,000,018/s
  t= 66630.8s  rows=66,631,987,053  +15,044,070  inst=1,002,938/s  avg=1,000,018/s
  t= 66645.8s  rows=66,646,900,305  +14,913,252  inst=994,217/s  avg=1,000,017/s
  t= 66660.8s  rows=66,661,944,375  +15,044,070  inst=1,002,938/s  avg=1,000,018/s
  t= 66675.8s  rows=66,676,988,445  +15,044,070  inst=1,002,938/s  avg=1,000,018/s
  t= 66690.8s  rows=66,692,032,515  +15,044,070  inst=1,002,938/s  avg=1,000,019/s
  t= 66705.8s  rows=66,706,945,767  +14,913,252  inst=994,217/s  avg=1,000,018/s
  t= 66720.8s  rows=66,721,989,837  +15,044,070  inst=1,002,938/s  avg=1,000,018/s
  t= 66735.8s  rows=66,737,033,907  +15,044,070  inst=1,002,938/s  avg=1,000,019/s
  t= 66750.8s  rows=66,751,947,159  +14,913,252  inst=994,217/s  avg=1,000,018/s
  t= 66765.8s  rows=66,766,991,229  +15,044,070  inst=1,002,938/s  avg=1,000,019/s
  t= 66780.8s  rows=66,782,035,299  +15,044,070  inst=1,002,938/s  avg=1,000,019/s
  t= 66795.8s  rows=66,796,948,551  +14,913,252  inst=994,217/s  avg=1,000,018/s
  t= 66810.8s  rows=66,811,992,621  +15,044,070  inst=1,002,938/s  avg=1,000,019/s
  t= 66825.8s  rows=66,827,036,691  +15,044,070  inst=1,002,938/s  avg=1,000,019/s
  t= 66840.8s  rows=66,841,949,943  +14,913,252  inst=994,217/s  avg=1,000,018/s
  t= 66855.8s  rows=66,856,994,013  +15,044,070  inst=1,002,938/s  avg=1,000,019/s
  t= 66870.8s  rows=66,872,038,083  +15,044,070  inst=1,002,938/s  avg=1,000,019/s
  t= 66885.8s  rows=66,886,951,335  +14,913,252  inst=994,217/s  avg=1,000,018/s
  t= 66900.8s  rows=66,901,995,405  +15,044,070  inst=1,002,938/s  avg=1,000,019/s
  t= 66915.8s  rows=66,916,908,657  +14,913,252  inst=994,217/s  avg=1,000,017/s
  t= 66930.8s  rows=66,931,952,727  +15,044,070  inst=1,002,938/s  avg=1,000,018/s
  t= 66945.8s  rows=66,946,996,797  +15,044,070  inst=1,002,938/s  avg=1,000,019/s
  t= 66960.8s  rows=66,961,910,049  +14,913,252  inst=994,217/s  avg=1,000,017/s
  t= 66975.8s  rows=66,976,954,119  +15,044,070  inst=1,002,938/s  avg=1,000,018/s
  t= 66990.8s  rows=66,991,998,189  +15,044,070  inst=1,002,938/s  avg=1,000,019/s
  t= 67005.8s  rows=67,007,042,259  +15,044,070  inst=1,002,938/s  avg=1,000,019/s
  t= 67020.8s  rows=67,021,955,511  +14,913,252  inst=994,217/s  avg=1,000,018/s
  t= 67035.8s  rows=67,036,999,581  +15,044,070  inst=1,002,938/s  avg=1,000,019/s
  t= 67050.8s  rows=67,051,912,833  +14,913,252  inst=994,217/s  avg=1,000,017/s
  t= 67065.8s  rows=67,066,956,903  +15,044,070  inst=1,002,938/s  avg=1,000,018/s
  t= 67080.8s  rows=67,081,870,155  +14,913,252  inst=994,217/s  avg=1,000,017/s
  t= 67095.8s  rows=67,097,045,043  +15,174,888  inst=1,011,659/s  avg=1,000,019/s
  t= 67110.8s  rows=67,111,958,295  +14,913,252  inst=994,217/s  avg=1,000,018/s
  t= 67125.8s  rows=67,127,002,365  +15,044,070  inst=1,002,938/s  avg=1,000,019/s
  t= 67140.8s  rows=67,141,915,617  +14,913,252  inst=994,217/s  avg=1,000,017/s
  t= 67155.8s  rows=67,156,959,687  +15,044,070  inst=1,002,938/s  avg=1,000,018/s
  t= 67170.8s  rows=67,172,046,534  +15,086,847  inst=1,005,790/s  avg=1,000,019/s
  t= 67185.8s  rows=67,186,961,939  +14,915,405  inst=994,360/s  avg=1,000,018/s
  t= 67200.8s  rows=67,202,006,009  +15,044,070  inst=1,002,938/s  avg=1,000,019/s
  t= 67215.8s  rows=67,216,906,453  +14,900,444  inst=993,363/s  avg=1,000,017/s
  t= 67230.8s  rows=67,231,950,523  +15,044,070  inst=1,002,938/s  avg=1,000,018/s
  t= 67245.8s  rows=67,247,000,390  +15,049,867  inst=1,003,324/s  avg=1,000,018/s
  t= 67260.8s  rows=67,262,042,702  +15,042,312  inst=1,002,821/s  avg=1,000,019/s
  t= 67275.8s  rows=67,276,959,534  +14,916,832  inst=994,455/s  avg=1,000,018/s
  t= 67290.8s  rows=67,292,000,243  +15,040,709  inst=1,002,714/s  avg=1,000,018/s
  t= 67305.8s  rows=67,306,939,842  +14,939,599  inst=995,973/s  avg=1,000,018/s
  t= 67320.8s  rows=67,321,978,389  +15,038,547  inst=1,002,570/s  avg=1,000,018/s
  t= 67335.8s  rows=67,336,939,785  +14,961,396  inst=997,426/s  avg=1,000,017/s
  t= 67350.8s  rows=67,351,991,074  +15,051,289  inst=1,003,419/s  avg=1,000,018/s
  t= 67365.8s  rows=67,367,035,144  +15,044,070  inst=1,002,938/s  avg=1,000,019/s
  t= 67380.8s  rows=67,381,948,396  +14,913,252  inst=994,217/s  avg=1,000,018/s
  t= 67395.8s  rows=67,396,992,466  +15,044,070  inst=1,002,938/s  avg=1,000,018/s
  t= 67410.8s  rows=67,411,880,536  +14,888,070  inst=992,538/s  avg=1,000,017/s
  t= 67425.8s  rows=67,426,905,484  +15,024,948  inst=1,001,663/s  avg=1,000,017/s
  t= 67440.8s  rows=67,441,949,554  +15,044,070  inst=1,002,938/s  avg=1,000,018/s
  t= 67455.8s  rows=67,456,993,624  +15,044,070  inst=1,002,938/s  avg=1,000,018/s
  t= 67470.8s  rows=67,471,925,377  +14,931,753  inst=995,450/s  avg=1,000,017/s
  t= 67485.8s  rows=67,486,969,447  +15,044,070  inst=1,002,938/s  avg=1,000,018/s
  t= 67500.8s  rows=67,502,024,241  +15,054,794  inst=1,003,653/s  avg=1,000,019/s
  t= 67515.8s  rows=67,516,930,245  +14,906,004  inst=993,734/s  avg=1,000,017/s
  t= 67530.8s  rows=67,531,974,315  +15,044,070  inst=1,002,938/s  avg=1,000,018/s
  t= 67545.8s  rows=67,547,001,130  +15,026,815  inst=1,001,788/s  avg=1,000,018/s
  t= 67560.8s  rows=67,561,942,545  +14,941,415  inst=996,094/s  avg=1,000,017/s
  t= 67575.8s  rows=67,576,960,889  +15,018,344  inst=1,001,223/s  avg=1,000,018/s
  t= 67590.8s  rows=67,592,036,368  +15,075,479  inst=1,005,032/s  avg=1,000,019/s
  t= 67605.8s  rows=67,606,958,993  +14,922,625  inst=994,842/s  avg=1,000,018/s
  t= 67620.8s  rows=67,622,003,063  +15,044,070  inst=1,002,938/s  avg=1,000,018/s
  t= 67635.8s  rows=67,637,018,633  +15,015,570  inst=1,001,038/s  avg=1,000,019/s
  t= 67650.8s  rows=67,651,931,885  +14,913,252  inst=994,217/s  avg=1,000,017/s
  t= 67665.8s  rows=67,666,951,386  +15,019,501  inst=1,001,300/s  avg=1,000,018/s
  t= 67680.8s  rows=67,681,995,456  +15,044,070  inst=1,002,938/s  avg=1,000,018/s
  t= 67695.8s  rows=67,696,928,218  +14,932,762  inst=995,517/s  avg=1,000,017/s
  t= 67710.8s  rows=67,711,963,639  +15,035,421  inst=1,002,361/s  avg=1,000,018/s
  t= 67725.8s  rows=67,727,007,709  +15,044,070  inst=1,002,938/s  avg=1,000,018/s
  t= 67740.8s  rows=67,741,920,961  +14,913,252  inst=994,217/s  avg=1,000,017/s
  t= 67755.8s  rows=67,756,967,975  +15,047,014  inst=1,003,134/s  avg=1,000,018/s
  t= 67770.8s  rows=67,771,998,105  +15,030,130  inst=1,002,009/s  avg=1,000,018/s
  t= 67785.8s  rows=67,786,911,357  +14,913,252  inst=994,217/s  avg=1,000,017/s
  t= 67800.8s  rows=67,801,955,427  +15,044,070  inst=1,002,938/s  avg=1,000,018/s
  t= 67815.8s  rows=67,817,026,882  +15,071,455  inst=1,004,764/s  avg=1,000,019/s
  t= 67830.8s  rows=67,831,940,134  +14,913,252  inst=994,217/s  avg=1,000,017/s
  t= 67845.8s  rows=67,846,988,029  +15,047,895  inst=1,003,193/s  avg=1,000,018/s
  t= 67860.8s  rows=67,862,032,099  +15,044,070  inst=1,002,938/s  avg=1,000,019/s
  t= 67875.8s  rows=67,876,937,702  +14,905,603  inst=993,707/s  avg=1,000,017/s
  t= 67890.8s  rows=67,891,981,772  +15,044,070  inst=1,002,938/s  avg=1,000,018/s
  t= 67905.8s  rows=67,906,999,446  +15,017,674  inst=1,001,178/s  avg=1,000,018/s
  t= 67920.8s  rows=67,921,882,026  +14,882,580  inst=992,172/s  avg=1,000,016/s
  t= 67935.8s  rows=67,936,928,632  +15,046,606  inst=1,003,107/s  avg=1,000,017/s
  t= 67950.8s  rows=67,951,947,729  +15,019,097  inst=1,001,273/s  avg=1,000,017/s
  t= 67965.8s  rows=67,966,973,109  +15,025,380  inst=1,001,692/s  avg=1,000,018/s
  t= 67980.8s  rows=67,981,994,286  +15,021,177  inst=1,001,412/s  avg=1,000,018/s
  t= 67995.8s  rows=67,996,907,538  +14,913,252  inst=994,217/s  avg=1,000,017/s
  t= 68010.8s  rows=68,011,951,608  +15,044,070  inst=1,002,938/s  avg=1,000,017/s
  t= 68025.8s  rows=68,027,018,706  +15,067,098  inst=1,004,473/s  avg=1,000,018/s
  t= 68040.8s  rows=68,041,931,958  +14,913,252  inst=994,217/s  avg=1,000,017/s
  t= 68055.8s  rows=68,056,972,324  +15,040,366  inst=1,002,691/s  avg=1,000,018/s
  t= 68070.8s  rows=68,072,016,394  +15,044,070  inst=1,002,938/s  avg=1,000,018/s
  t= 68085.8s  rows=68,086,929,646  +14,913,252  inst=994,217/s  avg=1,000,017/s
  t= 68100.8s  rows=68,101,997,158  +15,067,512  inst=1,004,501/s  avg=1,000,018/s
  t= 68115.8s  rows=68,116,914,545  +14,917,387  inst=994,492/s  avg=1,000,017/s
  t= 68130.8s  rows=68,131,958,615  +15,044,070  inst=1,002,938/s  avg=1,000,017/s
  t= 68145.8s  rows=68,147,002,685  +15,044,070  inst=1,002,938/s  avg=1,000,018/s
  t= 68160.8s  rows=68,161,915,937  +14,913,252  inst=994,217/s  avg=1,000,017/s
  t= 68175.8s  rows=68,176,960,007  +15,044,070  inst=1,002,938/s  avg=1,000,017/s
  t= 68190.8s  rows=68,192,004,077  +15,044,070  inst=1,002,938/s  avg=1,000,018/s
  t= 68205.8s  rows=68,206,917,329  +14,913,252  inst=994,217/s  avg=1,000,017/s
  t= 68220.8s  rows=68,221,961,399  +15,044,070  inst=1,002,938/s  avg=1,000,017/s
  t= 68235.8s  rows=68,237,005,469  +15,044,070  inst=1,002,938/s  avg=1,000,018/s
  t= 68250.8s  rows=68,252,049,539  +15,044,070  inst=1,002,938/s  avg=1,000,019/s
  t= 68265.8s  rows=68,266,962,791  +14,913,252  inst=994,217/s  avg=1,000,017/s
  t= 68280.8s  rows=68,282,006,861  +15,044,070  inst=1,002,938/s  avg=1,000,018/s
  t= 68295.8s  rows=68,296,933,381  +14,926,520  inst=995,101/s  avg=1,000,017/s
  t= 68310.8s  rows=68,311,977,451  +15,044,070  inst=1,002,938/s  avg=1,000,018/s
  t= 68325.8s  rows=68,327,021,521  +15,044,070  inst=1,002,938/s  avg=1,000,018/s
  t= 68340.8s  rows=68,341,934,773  +14,913,252  inst=994,217/s  avg=1,000,017/s
  t= 68355.8s  rows=68,356,978,843  +15,044,070  inst=1,002,938/s  avg=1,000,018/s
  t= 68370.8s  rows=68,372,022,913  +15,044,070  inst=1,002,938/s  avg=1,000,018/s
  t= 68385.8s  rows=68,386,936,165  +14,913,252  inst=994,217/s  avg=1,000,017/s
  t= 68400.8s  rows=68,401,980,235  +15,044,070  inst=1,002,938/s  avg=1,000,018/s
  t= 68415.8s  rows=68,417,024,305  +15,044,070  inst=1,002,938/s  avg=1,000,018/s
  t= 68430.8s  rows=68,431,937,557  +14,913,252  inst=994,217/s  avg=1,000,017/s
  t= 68445.8s  rows=68,446,954,681  +15,017,124  inst=1,001,142/s  avg=1,000,017/s
  t= 68460.8s  rows=68,461,998,751  +15,044,070  inst=1,002,938/s  avg=1,000,018/s
  t= 68475.8s  rows=68,477,042,821  +15,044,070  inst=1,002,938/s  avg=1,000,019/s
  t= 68490.8s  rows=68,491,956,073  +14,913,252  inst=994,217/s  avg=1,000,017/s
  t= 68505.8s  rows=68,507,000,143  +15,044,070  inst=1,002,938/s  avg=1,000,018/s
  t= 68520.8s  rows=68,522,044,213  +15,044,070  inst=1,002,938/s  avg=1,000,019/s
  t= 68535.8s  rows=68,536,957,465  +14,913,252  inst=994,217/s  avg=1,000,017/s
  t= 68550.8s  rows=68,552,001,535  +15,044,070  inst=1,002,938/s  avg=1,000,018/s
  t= 68565.8s  rows=68,566,914,787  +14,913,252  inst=994,217/s  avg=1,000,017/s
  t= 68580.8s  rows=68,581,958,857  +15,044,070  inst=1,002,938/s  avg=1,000,017/s
  t= 68595.8s  rows=68,597,022,108  +15,063,251  inst=1,004,217/s  avg=1,000,018/s
  t= 68610.8s  rows=68,611,935,360  +14,913,252  inst=994,217/s  avg=1,000,017/s
  t= 68625.8s  rows=68,626,979,430  +15,044,070  inst=1,002,938/s  avg=1,000,018/s
  t= 68640.8s  rows=68,641,892,682  +14,913,252  inst=994,217/s  avg=1,000,016/s
  t= 68655.8s  rows=68,656,936,752  +15,044,070  inst=1,002,938/s  avg=1,000,017/s
  t= 68670.8s  rows=68,671,980,822  +15,044,070  inst=1,002,938/s  avg=1,000,018/s
  t= 68685.8s  rows=68,687,024,892  +15,044,070  inst=1,002,938/s  avg=1,000,018/s
  t= 68700.8s  rows=68,702,068,962  +15,044,070  inst=1,002,938/s  avg=1,000,019/s
  t= 68715.8s  rows=68,716,972,532  +14,903,570  inst=993,571/s  avg=1,000,017/s
  t= 68730.8s  rows=68,732,031,764  +15,059,232  inst=1,003,949/s  avg=1,000,018/s
  t= 68745.8s  rows=68,746,945,016  +14,913,252  inst=994,217/s  avg=1,000,017/s
  t= 68760.8s  rows=68,761,984,890  +15,039,874  inst=1,002,658/s  avg=1,000,018/s
  t= 68775.8s  rows=68,777,028,960  +15,044,070  inst=1,002,938/s  avg=1,000,018/s
  t= 68790.8s  rows=68,792,073,030  +15,044,070  inst=1,002,938/s  avg=1,000,019/s
  t= 68805.8s  rows=68,806,986,282  +14,913,252  inst=994,217/s  avg=1,000,018/s
  t= 68820.8s  rows=68,822,030,352  +15,044,070  inst=1,002,938/s  avg=1,000,018/s
  t= 68835.8s  rows=68,836,943,604  +14,913,252  inst=994,217/s  avg=1,000,017/s
  t= 68850.8s  rows=68,851,987,674  +15,044,070  inst=1,002,938/s  avg=1,000,018/s
  t= 68865.8s  rows=68,867,031,744  +15,044,070  inst=1,002,938/s  avg=1,000,018/s
  t= 68880.8s  rows=68,881,944,996  +14,913,252  inst=994,217/s  avg=1,000,017/s
  t= 68895.8s  rows=68,896,989,066  +15,044,070  inst=1,002,938/s  avg=1,000,018/s
  t= 68910.8s  rows=68,912,033,136  +15,044,070  inst=1,002,938/s  avg=1,000,018/s
  t= 68925.8s  rows=68,926,946,388  +14,913,252  inst=994,217/s  avg=1,000,017/s
  t= 68940.8s  rows=68,941,990,458  +15,044,070  inst=1,002,938/s  avg=1,000,018/s
  t= 68955.8s  rows=68,957,034,528  +15,044,070  inst=1,002,938/s  avg=1,000,018/s
  t= 68970.8s  rows=68,971,947,780  +14,913,252  inst=994,217/s  avg=1,000,017/s
  t= 68985.8s  rows=68,986,991,850  +15,044,070  inst=1,002,938/s  avg=1,000,018/s
  t= 69000.8s  rows=69,002,035,920  +15,044,070  inst=1,002,938/s  avg=1,000,018/s
  t= 69015.8s  rows=69,016,949,172  +14,913,252  inst=994,217/s  avg=1,000,017/s
  t= 69030.8s  rows=69,031,993,242  +15,044,070  inst=1,002,938/s  avg=1,000,018/s
  t= 69045.8s  rows=69,046,906,494  +14,913,252  inst=994,217/s  avg=1,000,016/s
  t= 69060.8s  rows=69,061,950,564  +15,044,070  inst=1,002,938/s  avg=1,000,017/s
  t= 69075.8s  rows=69,076,994,634  +15,044,070  inst=1,002,938/s  avg=1,000,018/s
  t= 69090.8s  rows=69,092,038,704  +15,044,070  inst=1,002,938/s  avg=1,000,018/s
  t= 69105.8s  rows=69,106,951,956  +14,913,252  inst=994,217/s  avg=1,000,017/s
  t= 69120.8s  rows=69,121,996,026  +15,044,070  inst=1,002,938/s  avg=1,000,018/s
  t= 69135.8s  rows=69,137,040,096  +15,044,070  inst=1,002,938/s  avg=1,000,018/s
  t= 69150.8s  rows=69,151,953,348  +14,913,252  inst=994,217/s  avg=1,000,017/s
  t= 69165.8s  rows=69,166,997,418  +15,044,070  inst=1,002,938/s  avg=1,000,018/s
  t= 69180.8s  rows=69,182,041,488  +15,044,070  inst=1,002,938/s  avg=1,000,018/s
  t= 69195.8s  rows=69,196,954,740  +14,913,252  inst=994,217/s  avg=1,000,017/s
  t= 69210.8s  rows=69,211,998,810  +15,044,070  inst=1,002,938/s  avg=1,000,018/s
  t= 69225.8s  rows=69,227,042,880  +15,044,070  inst=1,002,938/s  avg=1,000,018/s
  t= 69240.8s  rows=69,241,956,132  +14,913,252  inst=994,217/s  avg=1,000,017/s
  t= 69255.8s  rows=69,257,000,202  +15,044,070  inst=1,002,938/s  avg=1,000,018/s
  t= 69270.8s  rows=69,272,044,272  +15,044,070  inst=1,002,938/s  avg=1,000,018/s
  t= 69285.8s  rows=69,286,957,524  +14,913,252  inst=994,217/s  avg=1,000,017/s
  t= 69300.8s  rows=69,302,001,594  +15,044,070  inst=1,002,938/s  avg=1,000,018/s
  t= 69315.8s  rows=69,316,914,846  +14,913,252  inst=994,217/s  avg=1,000,016/s
  t= 69330.8s  rows=69,331,958,916  +15,044,070  inst=1,002,938/s  avg=1,000,017/s
  t= 69345.8s  rows=69,347,002,986  +15,044,070  inst=1,002,938/s  avg=1,000,018/s
  t= 69360.8s  rows=69,361,916,238  +14,913,252  inst=994,217/s  avg=1,000,016/s
  t= 69375.8s  rows=69,376,960,308  +15,044,070  inst=1,002,938/s  avg=1,000,017/s
  t= 69390.8s  rows=69,392,004,378  +15,044,070  inst=1,002,938/s  avg=1,000,018/s
  t= 69405.8s  rows=69,407,048,448  +15,044,070  inst=1,002,938/s  avg=1,000,018/s
  t= 69420.8s  rows=69,421,961,700  +14,913,252  inst=994,217/s  avg=1,000,017/s
  t= 69435.8s  rows=69,436,874,952  +14,913,252  inst=994,217/s  avg=1,000,016/s
  t= 69450.8s  rows=69,452,049,840  +15,174,888  inst=1,011,659/s  avg=1,000,018/s
  t= 69465.8s  rows=69,466,963,092  +14,913,252  inst=994,217/s  avg=1,000,017/s
  t= 69480.8s  rows=69,482,007,162  +15,044,070  inst=1,002,938/s  avg=1,000,018/s
  t= 69495.8s  rows=69,497,051,232  +15,044,070  inst=1,002,938/s  avg=1,000,018/s
  t= 69510.8s  rows=69,511,964,484  +14,913,252  inst=994,217/s  avg=1,000,017/s
  t= 69525.8s  rows=69,527,008,554  +15,044,070  inst=1,002,938/s  avg=1,000,018/s
  t= 69540.8s  rows=69,542,117,125  +15,108,571  inst=1,007,238/s  avg=1,000,019/s
  t= 69555.8s  rows=69,557,030,377  +14,913,252  inst=994,217/s  avg=1,000,018/s
  t= 69570.8s  rows=69,572,074,447  +15,044,070  inst=1,002,938/s  avg=1,000,019/s
  t= 69585.8s  rows=69,586,987,699  +14,913,252  inst=994,217/s  avg=1,000,017/s
  t= 69600.8s  rows=69,602,031,769  +15,044,070  inst=1,002,938/s  avg=1,000,018/s
  t= 69615.8s  rows=69,616,945,021  +14,913,252  inst=994,217/s  avg=1,000,017/s
  t= 69630.8s  rows=69,631,989,091  +15,044,070  inst=1,002,938/s  avg=1,000,017/s
  t= 69645.8s  rows=69,647,033,161  +15,044,070  inst=1,002,938/s  avg=1,000,018/s
  t= 69660.8s  rows=69,661,946,413  +14,913,252  inst=994,217/s  avg=1,000,017/s
  t= 69675.8s  rows=69,676,990,483  +15,044,070  inst=1,002,938/s  avg=1,000,017/s
  t= 69690.8s  rows=69,692,034,553  +15,044,070  inst=1,002,938/s  avg=1,000,018/s
  t= 69705.8s  rows=69,706,947,805  +14,913,252  inst=994,217/s  avg=1,000,017/s
  t= 69720.8s  rows=69,721,991,875  +15,044,070  inst=1,002,938/s  avg=1,000,017/s
  t= 69735.8s  rows=69,736,905,127  +14,913,252  inst=994,217/s  avg=1,000,016/s
  t= 69750.8s  rows=69,751,949,197  +15,044,070  inst=1,002,938/s  avg=1,000,017/s
  t= 69765.8s  rows=69,766,862,449  +14,913,252  inst=994,217/s  avg=1,000,015/s
  t= 69780.8s  rows=69,781,906,519  +15,044,070  inst=1,002,938/s  avg=1,000,016/s
  t= 69795.8s  rows=69,796,950,589  +15,044,070  inst=1,002,938/s  avg=1,000,017/s
  t= 69810.8s  rows=69,811,994,659  +15,044,070  inst=1,002,938/s  avg=1,000,017/s
  t= 69825.8s  rows=69,827,038,729  +15,044,070  inst=1,002,938/s  avg=1,000,018/s
  t= 69840.8s  rows=69,841,951,981  +14,913,252  inst=994,217/s  avg=1,000,017/s
  t= 69855.8s  rows=69,856,996,051  +15,044,070  inst=1,002,938/s  avg=1,000,017/s
  t= 69870.8s  rows=69,872,040,121  +15,044,070  inst=1,002,938/s  avg=1,000,018/s
  t= 69885.8s  rows=69,886,953,373  +14,913,252  inst=994,217/s  avg=1,000,017/s
  t= 69900.8s  rows=69,901,997,443  +15,044,070  inst=1,002,938/s  avg=1,000,017/s
  t= 69915.8s  rows=69,917,041,513  +15,044,070  inst=1,002,938/s  avg=1,000,018/s
  t= 69930.8s  rows=69,931,954,765  +14,913,252  inst=994,217/s  avg=1,000,017/s
  t= 69945.8s  rows=69,946,998,835  +15,044,070  inst=1,002,938/s  avg=1,000,017/s
  t= 69960.8s  rows=69,962,042,905  +15,044,070  inst=1,002,938/s  avg=1,000,018/s
  t= 69975.8s  rows=69,976,956,157  +14,913,252  inst=994,217/s  avg=1,000,017/s
  t= 69990.8s  rows=69,992,000,227  +15,044,070  inst=1,002,938/s  avg=1,000,017/s
  t= 70005.8s  rows=70,006,913,479  +14,913,252  inst=994,217/s  avg=1,000,016/s
  t= 70020.8s  rows=70,021,957,549  +15,044,070  inst=1,002,938/s  avg=1,000,017/s
  t= 70035.8s  rows=70,037,001,619  +15,044,070  inst=1,002,938/s  avg=1,000,017/s
  t= 70050.8s  rows=70,052,045,689  +15,044,070  inst=1,002,938/s  avg=1,000,018/s
  t= 70065.8s  rows=70,066,958,941  +14,913,252  inst=994,217/s  avg=1,000,017/s
  t= 70080.8s  rows=70,082,003,011  +15,044,070  inst=1,002,938/s  avg=1,000,017/s
  t= 70095.8s  rows=70,097,047,081  +15,044,070  inst=1,002,938/s  avg=1,000,018/s
  t= 70110.8s  rows=70,111,960,333  +14,913,252  inst=994,217/s  avg=1,000,017/s
  t= 70125.8s  rows=70,127,004,403  +15,044,070  inst=1,002,938/s  avg=1,000,017/s
  t= 70140.8s  rows=70,142,048,473  +15,044,070  inst=1,002,938/s  avg=1,000,018/s
  t= 70155.8s  rows=70,156,961,725  +14,913,252  inst=994,217/s  avg=1,000,017/s
  t= 70170.8s  rows=70,172,005,795  +15,044,070  inst=1,002,938/s  avg=1,000,017/s
  t= 70185.8s  rows=70,187,049,865  +15,044,070  inst=1,002,938/s  avg=1,000,018/s
  t= 70200.8s  rows=70,201,963,117  +14,913,252  inst=994,217/s  avg=1,000,017/s
  t= 70215.8s  rows=70,217,007,187  +15,044,070  inst=1,002,938/s  avg=1,000,017/s
  t= 70230.8s  rows=70,232,051,257  +15,044,070  inst=1,002,938/s  avg=1,000,018/s
  t= 70245.8s  rows=70,246,964,509  +14,913,252  inst=994,217/s  avg=1,000,017/s
  t= 70260.8s  rows=70,262,008,579  +15,044,070  inst=1,002,938/s  avg=1,000,017/s
  t= 70275.8s  rows=70,277,052,649  +15,044,070  inst=1,002,938/s  avg=1,000,018/s
  t= 70290.8s  rows=70,291,965,901  +14,913,252  inst=994,217/s  avg=1,000,017/s
  t= 70305.8s  rows=70,307,009,971  +15,044,070  inst=1,002,938/s  avg=1,000,017/s
  t= 70320.8s  rows=70,322,054,041  +15,044,070  inst=1,002,938/s  avg=1,000,018/s
  t= 70335.8s  rows=70,337,069,886  +15,015,845  inst=1,001,056/s  avg=1,000,018/s
  t= 70350.8s  rows=70,351,983,138  +14,913,252  inst=994,217/s  avg=1,000,017/s
  t= 70365.8s  rows=70,367,027,208  +15,044,070  inst=1,002,938/s  avg=1,000,018/s
  t= 70380.8s  rows=70,381,940,460  +14,913,252  inst=994,217/s  avg=1,000,016/s
  t= 70395.8s  rows=70,396,984,530  +15,044,070  inst=1,002,938/s  avg=1,000,017/s
  t= 70410.8s  rows=70,412,028,600  +15,044,070  inst=1,002,938/s  avg=1,000,018/s
  t= 70425.8s  rows=70,427,072,670  +15,044,070  inst=1,002,938/s  avg=1,000,018/s
  t= 70440.8s  rows=70,441,985,922  +14,913,252  inst=994,217/s  avg=1,000,017/s
  t= 70455.8s  rows=70,457,029,992  +15,044,070  inst=1,002,938/s  avg=1,000,018/s
  t= 70470.8s  rows=70,471,943,244  +14,913,252  inst=994,217/s  avg=1,000,016/s
  t= 70485.8s  rows=70,486,987,314  +15,044,070  inst=1,002,938/s  avg=1,000,017/s
  t= 70500.8s  rows=70,502,031,384  +15,044,070  inst=1,002,938/s  avg=1,000,018/s
  t= 70515.8s  rows=70,516,944,636  +14,913,252  inst=994,217/s  avg=1,000,016/s
  t= 70530.8s  rows=70,531,988,706  +15,044,070  inst=1,002,938/s  avg=1,000,017/s
  t= 70545.8s  rows=70,547,032,776  +15,044,070  inst=1,002,938/s  avg=1,000,018/s
  t= 70560.8s  rows=70,561,946,028  +14,913,252  inst=994,217/s  avg=1,000,016/s
  t= 70575.8s  rows=70,576,990,098  +15,044,070  inst=1,002,938/s  avg=1,000,017/s
  t= 70590.8s  rows=70,592,034,168  +15,044,070  inst=1,002,938/s  avg=1,000,018/s
  t= 70605.8s  rows=70,607,078,238  +15,044,070  inst=1,002,938/s  avg=1,000,018/s
  t= 70620.8s  rows=70,621,991,490  +14,913,252  inst=994,217/s  avg=1,000,017/s
  t= 70635.8s  rows=70,636,904,742  +14,913,252  inst=994,217/s  avg=1,000,016/s
  t= 70650.8s  rows=70,652,079,630  +15,174,888  inst=1,011,659/s  avg=1,000,018/s
  t= 70665.8s  rows=70,666,992,882  +14,913,252  inst=994,217/s  avg=1,000,017/s
  t= 70680.8s  rows=70,682,036,952  +15,044,070  inst=1,002,938/s  avg=1,000,018/s
  t= 70695.8s  rows=70,696,950,204  +14,913,252  inst=994,217/s  avg=1,000,016/s
  t= 70710.8s  rows=70,711,994,274  +15,044,070  inst=1,002,938/s  avg=1,000,017/s
  t= 70725.8s  rows=70,727,038,344  +15,044,070  inst=1,002,938/s  avg=1,000,018/s
  t= 70740.8s  rows=70,741,951,596  +14,913,252  inst=994,217/s  avg=1,000,016/s
  t= 70755.8s  rows=70,756,995,666  +15,044,070  inst=1,002,938/s  avg=1,000,017/s
  t= 70770.8s  rows=70,771,908,918  +14,913,252  inst=994,217/s  avg=1,000,016/s
  t= 70785.8s  rows=70,786,952,988  +15,044,070  inst=1,002,938/s  avg=1,000,016/s
  t= 70800.8s  rows=70,801,997,058  +15,044,070  inst=1,002,938/s  avg=1,000,017/s
  t= 70815.8s  rows=70,817,041,128  +15,044,070  inst=1,002,938/s  avg=1,000,018/s
  t= 70830.8s  rows=70,831,954,380  +14,913,252  inst=994,217/s  avg=1,000,016/s
  t= 70845.8s  rows=70,846,998,450  +15,044,070  inst=1,002,938/s  avg=1,000,017/s
  t= 70860.8s  rows=70,862,042,520  +15,044,070  inst=1,002,938/s  avg=1,000,018/s
  t= 70875.8s  rows=70,876,955,772  +14,913,252  inst=994,217/s  avg=1,000,016/s
  t= 70890.8s  rows=70,891,999,842  +15,044,070  inst=1,002,938/s  avg=1,000,017/s
  t= 70905.8s  rows=70,907,043,912  +15,044,070  inst=1,002,938/s  avg=1,000,018/s
  t= 70920.8s  rows=70,921,957,164  +14,913,252  inst=994,217/s  avg=1,000,016/s
  t= 70935.8s  rows=70,937,001,234  +15,044,070  inst=1,002,938/s  avg=1,000,017/s
  t= 70950.8s  rows=70,952,045,304  +15,044,070  inst=1,002,938/s  avg=1,000,018/s
  t= 70965.8s  rows=70,967,089,374  +15,044,070  inst=1,002,938/s  avg=1,000,018/s
  t= 70980.8s  rows=70,982,002,626  +14,913,252  inst=994,217/s  avg=1,000,017/s
  t= 70995.8s  rows=70,997,046,696  +15,044,070  inst=1,002,938/s  avg=1,000,018/s
  t= 71010.8s  rows=71,011,959,948  +14,913,252  inst=994,217/s  avg=1,000,016/s
  t= 71025.8s  rows=71,027,004,018  +15,044,070  inst=1,002,938/s  avg=1,000,017/s
  t= 71040.8s  rows=71,042,048,088  +15,044,070  inst=1,002,938/s  avg=1,000,018/s
  t= 71055.8s  rows=71,056,961,340  +14,913,252  inst=994,217/s  avg=1,000,016/s
  t= 71070.8s  rows=71,072,015,930  +15,054,590  inst=1,003,639/s  avg=1,000,017/s
  t= 71085.8s  rows=71,087,060,000  +15,044,070  inst=1,002,938/s  avg=1,000,018/s
  t= 71100.8s  rows=71,101,973,252  +14,913,252  inst=994,217/s  avg=1,000,017/s
  t= 71115.8s  rows=71,116,926,566  +14,953,314  inst=996,888/s  avg=1,000,016/s
  t= 71130.8s  rows=71,131,970,636  +15,044,070  inst=1,002,938/s  avg=1,000,016/s
  t= 71145.8s  rows=71,147,014,706  +15,044,070  inst=1,002,938/s  avg=1,000,017/s
  t= 71160.8s  rows=71,161,927,958  +14,913,252  inst=994,217/s  avg=1,000,016/s
  t= 71175.8s  rows=71,176,972,028  +15,044,070  inst=1,002,938/s  avg=1,000,016/s
  t= 71190.8s  rows=71,192,016,098  +15,044,070  inst=1,002,938/s  avg=1,000,017/s
  t= 71205.8s  rows=71,207,060,168  +15,044,070  inst=1,002,938/s  avg=1,000,018/s
  t= 71220.8s  rows=71,221,973,420  +14,913,252  inst=994,217/s  avg=1,000,016/s
  t= 71235.8s  rows=71,237,017,490  +15,044,070  inst=1,002,938/s  avg=1,000,017/s
  t= 71250.8s  rows=71,252,061,560  +15,044,070  inst=1,002,938/s  avg=1,000,018/s
  t= 71265.8s  rows=71,266,974,812  +14,913,252  inst=994,217/s  avg=1,000,016/s
  t= 71280.8s  rows=71,282,018,882  +15,044,070  inst=1,002,938/s  avg=1,000,017/s
  t= 71295.8s  rows=71,297,062,952  +15,044,070  inst=1,002,938/s  avg=1,000,018/s
  t= 71310.8s  rows=71,311,976,204  +14,913,252  inst=994,217/s  avg=1,000,016/s
  t= 71325.8s  rows=71,327,020,274  +15,044,070  inst=1,002,938/s  avg=1,000,017/s
  t= 71340.8s  rows=71,341,933,526  +14,913,252  inst=994,217/s  avg=1,000,016/s
  t= 71355.8s  rows=71,356,977,596  +15,044,070  inst=1,002,938/s  avg=1,000,016/s
  t= 71370.8s  rows=71,372,021,666  +15,044,070  inst=1,002,938/s  avg=1,000,017/s
  t= 71385.8s  rows=71,387,065,736  +15,044,070  inst=1,002,938/s  avg=1,000,018/s
  t= 71400.8s  rows=71,401,978,988  +14,913,252  inst=994,217/s  avg=1,000,016/s
  t= 71415.8s  rows=71,417,023,058  +15,044,070  inst=1,002,938/s  avg=1,000,017/s
  t= 71430.8s  rows=71,432,067,128  +15,044,070  inst=1,002,938/s  avg=1,000,018/s
  t= 71445.8s  rows=71,446,980,380  +14,913,252  inst=994,217/s  avg=1,000,016/s
  t= 71460.8s  rows=71,462,024,450  +15,044,070  inst=1,002,938/s  avg=1,000,017/s
  t= 71475.8s  rows=71,477,068,520  +15,044,070  inst=1,002,938/s  avg=1,000,018/s
  t= 71490.8s  rows=71,491,981,772  +14,913,252  inst=994,217/s  avg=1,000,016/s
  t= 71505.8s  rows=71,507,025,842  +15,044,070  inst=1,002,938/s  avg=1,000,017/s
  t= 71520.8s  rows=71,521,939,094  +14,913,252  inst=994,217/s  avg=1,000,016/s
  t= 71535.8s  rows=71,536,983,164  +15,044,070  inst=1,002,938/s  avg=1,000,016/s
  t= 71550.8s  rows=71,552,027,234  +15,044,070  inst=1,002,938/s  avg=1,000,017/s
  t= 71565.8s  rows=71,567,071,304  +15,044,070  inst=1,002,938/s  avg=1,000,018/s
  t= 71580.8s  rows=71,581,984,556  +14,913,252  inst=994,217/s  avg=1,000,016/s
  t= 71595.8s  rows=71,597,028,626  +15,044,070  inst=1,002,938/s  avg=1,000,017/s
  t= 71610.8s  rows=71,612,072,696  +15,044,070  inst=1,002,938/s  avg=1,000,018/s
  t= 71625.8s  rows=71,626,985,948  +14,913,252  inst=994,217/s  avg=1,000,017/s
  t= 71640.8s  rows=71,642,030,018  +15,044,070  inst=1,002,938/s  avg=1,000,017/s
  t= 71655.8s  rows=71,656,943,270  +14,913,252  inst=994,217/s  avg=1,000,016/s
  t= 71670.8s  rows=71,671,987,340  +15,044,070  inst=1,002,938/s  avg=1,000,017/s
  t= 71685.8s  rows=71,687,031,410  +15,044,070  inst=1,002,938/s  avg=1,000,017/s
  t= 71700.8s  rows=71,701,944,662  +14,913,252  inst=994,217/s  avg=1,000,016/s
  t= 71715.8s  rows=71,716,988,732  +15,044,070  inst=1,002,938/s  avg=1,000,017/s
  t= 71730.8s  rows=71,732,032,802  +15,044,070  inst=1,002,938/s  avg=1,000,017/s
  t= 71745.8s  rows=71,746,946,054  +14,913,252  inst=994,217/s  avg=1,000,016/s
  t= 71760.8s  rows=71,761,990,124  +15,044,070  inst=1,002,938/s  avg=1,000,017/s
  t= 71775.8s  rows=71,777,034,194  +15,044,070  inst=1,002,938/s  avg=1,000,017/s
  t= 71790.8s  rows=71,791,947,446  +14,913,252  inst=994,217/s  avg=1,000,016/s
  t= 71805.8s  rows=71,806,991,516  +15,044,070  inst=1,002,938/s  avg=1,000,017/s
  t= 71820.8s  rows=71,822,035,586  +15,044,070  inst=1,002,938/s  avg=1,000,017/s
  t= 71835.8s  rows=71,836,948,838  +14,913,252  inst=994,217/s  avg=1,000,016/s
  t= 71850.8s  rows=71,851,992,908  +15,044,070  inst=1,002,938/s  avg=1,000,017/s
  t= 71865.8s  rows=71,866,989,833  +14,996,925  inst=999,795/s  avg=1,000,016/s
  t= 71880.8s  rows=71,882,033,903  +15,044,070  inst=1,002,938/s  avg=1,000,017/s
  t= 71895.8s  rows=71,897,077,973  +15,044,070  inst=1,002,938/s  avg=1,000,018/s
  t= 71910.8s  rows=71,911,991,225  +14,913,252  inst=994,217/s  avg=1,000,016/s
  t= 71925.8s  rows=71,927,035,295  +15,044,070  inst=1,002,938/s  avg=1,000,017/s
  t= 71940.8s  rows=71,941,948,547  +14,913,252  inst=994,217/s  avg=1,000,016/s
  t= 71955.8s  rows=71,956,992,617  +15,044,070  inst=1,002,938/s  avg=1,000,016/s
  t= 71970.8s  rows=71,972,036,687  +15,044,070  inst=1,002,938/s  avg=1,000,017/s
  t= 71985.8s  rows=71,987,080,757  +15,044,070  inst=1,002,938/s  avg=1,000,018/s
  t= 72000.8s  rows=72,001,994,009  +14,913,252  inst=994,217/s  avg=1,000,016/s
  t= 72015.8s  rows=72,017,038,079  +15,044,070  inst=1,002,938/s  avg=1,000,017/s
  t= 72030.8s  rows=72,032,082,149  +15,044,070  inst=1,002,938/s  avg=1,000,018/s
  t= 72045.8s  rows=72,046,995,401  +14,913,252  inst=994,217/s  avg=1,000,016/s
  t= 72060.8s  rows=72,062,039,471  +15,044,070  inst=1,002,938/s  avg=1,000,017/s
  t= 72075.8s  rows=72,076,952,723  +14,913,252  inst=994,217/s  avg=1,000,016/s
  t= 72090.8s  rows=72,091,996,793  +15,044,070  inst=1,002,938/s  avg=1,000,016/s
  t= 72105.8s  rows=72,107,040,863  +15,044,070  inst=1,002,938/s  avg=1,000,017/s
  t= 72120.8s  rows=72,122,084,933  +15,044,070  inst=1,002,938/s  avg=1,000,018/s
  t= 72135.8s  rows=72,136,998,185  +14,913,252  inst=994,217/s  avg=1,000,016/s
  t= 72150.8s  rows=72,152,042,255  +15,044,070  inst=1,002,938/s  avg=1,000,017/s
  t= 72165.8s  rows=72,167,086,325  +15,044,070  inst=1,002,938/s  avg=1,000,018/s
  t= 72180.8s  rows=72,181,999,577  +14,913,252  inst=994,217/s  avg=1,000,016/s
  t= 72195.8s  rows=72,197,043,647  +15,044,070  inst=1,002,938/s  avg=1,000,017/s
  t= 72210.8s  rows=72,212,087,717  +15,044,070  inst=1,002,938/s  avg=1,000,018/s
  t= 72225.8s  rows=72,227,000,969  +14,913,252  inst=994,217/s  avg=1,000,016/s
  t= 72240.8s  rows=72,242,045,039  +15,044,070  inst=1,002,938/s  avg=1,000,017/s
  t= 72255.8s  rows=72,257,089,109  +15,044,070  inst=1,002,938/s  avg=1,000,018/s
  t= 72270.8s  rows=72,272,002,361  +14,913,252  inst=994,217/s  avg=1,000,016/s
  t= 72285.8s  rows=72,287,046,431  +15,044,070  inst=1,002,938/s  avg=1,000,017/s
  t= 72300.8s  rows=72,302,090,501  +15,044,070  inst=1,002,938/s  avg=1,000,018/s
  t= 72315.8s  rows=72,317,003,753  +14,913,252  inst=994,217/s  avg=1,000,016/s
  t= 72330.8s  rows=72,332,047,823  +15,044,070  inst=1,002,938/s  avg=1,000,017/s
  t= 72345.8s  rows=72,347,091,893  +15,044,070  inst=1,002,938/s  avg=1,000,018/s
  t= 72360.8s  rows=72,362,005,145  +14,913,252  inst=994,217/s  avg=1,000,016/s
  t= 72375.8s  rows=72,377,049,215  +15,044,070  inst=1,002,938/s  avg=1,000,017/s
  t= 72390.8s  rows=72,392,093,285  +15,044,070  inst=1,002,938/s  avg=1,000,018/s
  t= 72405.8s  rows=72,407,006,537  +14,913,252  inst=994,217/s  avg=1,000,017/s
  t= 72420.8s  rows=72,422,050,607  +15,044,070  inst=1,002,938/s  avg=1,000,017/s
  t= 72435.8s  rows=72,436,963,859  +14,913,252  inst=994,217/s  avg=1,000,016/s
  t= 72450.8s  rows=72,452,007,929  +15,044,070  inst=1,002,938/s  avg=1,000,017/s
  t= 72465.8s  rows=72,467,051,999  +15,044,070  inst=1,002,938/s  avg=1,000,017/s
  t= 72480.8s  rows=72,482,096,069  +15,044,070  inst=1,002,938/s  avg=1,000,018/s
  t= 72495.8s  rows=72,497,009,321  +14,913,252  inst=994,217/s  avg=1,000,016/s
  t= 72510.8s  rows=72,512,053,391  +15,044,070  inst=1,002,938/s  avg=1,000,017/s
  t= 72525.8s  rows=72,527,097,461  +15,044,070  inst=1,002,938/s  avg=1,000,018/s
  t= 72540.8s  rows=72,542,010,713  +14,913,252  inst=994,217/s  avg=1,000,016/s
  t= 72555.8s  rows=72,556,923,965  +14,913,252  inst=994,217/s  avg=1,000,015/s
  t= 72570.8s  rows=72,572,098,853  +15,174,888  inst=1,011,659/s  avg=1,000,018/s
  t= 72585.8s  rows=72,587,012,105  +14,913,252  inst=994,217/s  avg=1,000,016/s
  t= 72600.8s  rows=72,601,925,357  +14,913,252  inst=994,217/s  avg=1,000,015/s
  t= 72615.8s  rows=72,616,969,427  +15,044,070  inst=1,002,938/s  avg=1,000,016/s
  t= 72630.8s  rows=72,632,018,245  +15,048,818  inst=1,003,255/s  avg=1,000,017/s
  t= 72645.8s  rows=72,647,062,315  +15,044,070  inst=1,002,938/s  avg=1,000,017/s
  t= 72660.8s  rows=72,661,975,567  +14,913,252  inst=994,217/s  avg=1,000,016/s
  t= 72675.8s  rows=72,677,019,637  +15,044,070  inst=1,002,938/s  avg=1,000,017/s
  t= 72690.8s  rows=72,692,063,707  +15,044,070  inst=1,002,938/s  avg=1,000,017/s
  t= 72705.8s  rows=72,706,976,959  +14,913,252  inst=994,217/s  avg=1,000,016/s
  t= 72720.8s  rows=72,722,021,029  +15,044,070  inst=1,002,938/s  avg=1,000,017/s
  t= 72735.8s  rows=72,737,065,099  +15,044,070  inst=1,002,938/s  avg=1,000,017/s
  t= 72750.8s  rows=72,751,978,351  +14,913,252  inst=994,217/s  avg=1,000,016/s
  t= 72765.8s  rows=72,767,022,421  +15,044,070  inst=1,002,938/s  avg=1,000,017/s
  t= 72780.8s  rows=72,782,066,491  +15,044,070  inst=1,002,938/s  avg=1,000,017/s
  t= 72795.8s  rows=72,796,979,743  +14,913,252  inst=994,217/s  avg=1,000,016/s
  t= 72810.8s  rows=72,812,023,813  +15,044,070  inst=1,002,938/s  avg=1,000,017/s
  t= 72825.8s  rows=72,827,067,883  +15,044,070  inst=1,002,938/s  avg=1,000,017/s
  t= 72840.8s  rows=72,841,981,135  +14,913,252  inst=994,217/s  avg=1,000,016/s
  t= 72855.8s  rows=72,857,025,205  +15,044,070  inst=1,002,938/s  avg=1,000,017/s
  t= 72870.8s  rows=72,871,938,457  +14,913,252  inst=994,217/s  avg=1,000,015/s
  t= 72885.8s  rows=72,886,982,527  +15,044,070  inst=1,002,938/s  avg=1,000,016/s
  t= 72900.8s  rows=72,902,026,597  +15,044,070  inst=1,002,938/s  avg=1,000,017/s
  t= 72915.8s  rows=72,917,070,667  +15,044,070  inst=1,002,938/s  avg=1,000,017/s
  t= 72930.8s  rows=72,931,983,919  +14,913,252  inst=994,217/s  avg=1,000,016/s
  t= 72945.8s  rows=72,947,027,989  +15,044,070  inst=1,002,938/s  avg=1,000,017/s
  t= 72960.8s  rows=72,962,072,059  +15,044,070  inst=1,002,938/s  avg=1,000,017/s
  t= 72975.8s  rows=72,976,985,311  +14,913,252  inst=994,217/s  avg=1,000,016/s
  t= 72990.8s  rows=72,992,029,381  +15,044,070  inst=1,002,938/s  avg=1,000,017/s
  t= 73005.8s  rows=73,007,073,451  +15,044,070  inst=1,002,938/s  avg=1,000,017/s
  t= 73020.8s  rows=73,021,986,703  +14,913,252  inst=994,217/s  avg=1,000,016/s
  t= 73035.8s  rows=73,037,030,773  +15,044,070  inst=1,002,938/s  avg=1,000,017/s
  t= 73050.8s  rows=73,052,074,843  +15,044,070  inst=1,002,938/s  avg=1,000,017/s
  t= 73065.8s  rows=73,066,988,095  +14,913,252  inst=994,217/s  avg=1,000,016/s
  t= 73080.8s  rows=73,082,032,165  +15,044,070  inst=1,002,938/s  avg=1,000,017/s
  t= 73095.8s  rows=73,097,076,235  +15,044,070  inst=1,002,938/s  avg=1,000,017/s
  t= 73110.8s  rows=73,111,989,487  +14,913,252  inst=994,217/s  avg=1,000,016/s
  t= 73125.8s  rows=73,127,033,557  +15,044,070  inst=1,002,938/s  avg=1,000,017/s
  t= 73140.8s  rows=73,142,077,627  +15,044,070  inst=1,002,938/s  avg=1,000,017/s
  t= 73155.8s  rows=73,156,990,879  +14,913,252  inst=994,217/s  avg=1,000,016/s
  t= 73170.8s  rows=73,172,034,949  +15,044,070  inst=1,002,938/s  avg=1,000,017/s
  t= 73185.8s  rows=73,187,079,019  +15,044,070  inst=1,002,938/s  avg=1,000,017/s
  t= 73200.8s  rows=73,201,992,271  +14,913,252  inst=994,217/s  avg=1,000,016/s
  t= 73215.8s  rows=73,217,036,341  +15,044,070  inst=1,002,938/s  avg=1,000,017/s
  t= 73230.8s  rows=73,232,080,411  +15,044,070  inst=1,002,938/s  avg=1,000,017/s
  t= 73245.8s  rows=73,246,993,663  +14,913,252  inst=994,217/s  avg=1,000,016/s
  t= 73260.8s  rows=73,262,037,733  +15,044,070  inst=1,002,938/s  avg=1,000,017/s
  t= 73275.8s  rows=73,276,950,985  +14,913,252  inst=994,217/s  avg=1,000,015/s
  t= 73290.8s  rows=73,292,125,873  +15,174,888  inst=1,011,659/s  avg=1,000,018/s
  t= 73305.8s  rows=73,307,039,125  +14,913,252  inst=994,217/s  avg=1,000,017/s
  t= 73320.8s  rows=73,321,952,377  +14,913,252  inst=994,217/s  avg=1,000,015/s
  t= 73335.8s  rows=73,336,996,447  +15,044,070  inst=1,002,938/s  avg=1,000,016/s
  t= 73350.8s  rows=73,352,040,517  +15,044,070  inst=1,002,938/s  avg=1,000,017/s
  t= 73365.8s  rows=73,367,084,587  +15,044,070  inst=1,002,938/s  avg=1,000,017/s
  t= 73380.8s  rows=73,381,997,839  +14,913,252  inst=994,217/s  avg=1,000,016/s
  t= 73395.8s  rows=73,397,041,909  +15,044,070  inst=1,002,938/s  avg=1,000,017/s
  t= 73410.8s  rows=73,412,085,979  +15,044,070  inst=1,002,938/s  avg=1,000,017/s
  t= 73425.8s  rows=73,426,999,231  +14,913,252  inst=994,217/s  avg=1,000,016/s
  t= 73440.8s  rows=73,442,043,301  +15,044,070  inst=1,002,938/s  avg=1,000,017/s
  t= 73455.8s  rows=73,456,956,553  +14,913,252  inst=994,217/s  avg=1,000,015/s
  t= 73470.8s  rows=73,472,000,623  +15,044,070  inst=1,002,938/s  avg=1,000,016/s
  t= 73485.8s  rows=73,486,993,115  +14,992,492  inst=999,499/s  avg=1,000,016/s
  t= 73500.8s  rows=73,502,037,185  +15,044,070  inst=1,002,938/s  avg=1,000,017/s
  t= 73515.8s  rows=73,517,081,255  +15,044,070  inst=1,002,938/s  avg=1,000,017/s
  t= 73530.8s  rows=73,531,994,507  +14,913,252  inst=994,217/s  avg=1,000,016/s
  t= 73545.8s  rows=73,547,038,577  +15,044,070  inst=1,002,938/s  avg=1,000,017/s
  t= 73560.8s  rows=73,562,082,647  +15,044,070  inst=1,002,938/s  avg=1,000,017/s
  t= 73575.8s  rows=73,576,995,899  +14,913,252  inst=994,217/s  avg=1,000,016/s
  t= 73590.8s  rows=73,592,039,969  +15,044,070  inst=1,002,938/s  avg=1,000,016/s
  t= 73605.8s  rows=73,607,084,039  +15,044,070  inst=1,002,938/s  avg=1,000,017/s
  t= 73620.8s  rows=73,621,997,291  +14,913,252  inst=994,217/s  avg=1,000,016/s
  t= 73635.8s  rows=73,637,041,361  +15,044,070  inst=1,002,938/s  avg=1,000,017/s
  t= 73650.8s  rows=73,652,085,431  +15,044,070  inst=1,002,938/s  avg=1,000,017/s
  t= 73665.8s  rows=73,666,998,683  +14,913,252  inst=994,217/s  avg=1,000,016/s
  t= 73680.8s  rows=73,682,042,753  +15,044,070  inst=1,002,938/s  avg=1,000,017/s
  t= 73695.8s  rows=73,697,086,823  +15,044,070  inst=1,002,938/s  avg=1,000,017/s
  t= 73710.8s  rows=73,712,000,075  +14,913,252  inst=994,217/s  avg=1,000,016/s
  t= 73725.8s  rows=73,727,044,145  +15,044,070  inst=1,002,938/s  avg=1,000,017/s
  t= 73740.8s  rows=73,741,957,397  +14,913,252  inst=994,217/s  avg=1,000,015/s
  t= 73755.8s  rows=73,757,001,467  +15,044,070  inst=1,002,938/s  avg=1,000,016/s
  t= 73770.8s  rows=73,772,045,537  +15,044,070  inst=1,002,938/s  avg=1,000,017/s
  t= 73785.8s  rows=73,787,089,607  +15,044,070  inst=1,002,938/s  avg=1,000,017/s
  t= 73800.8s  rows=73,802,002,859  +14,913,252  inst=994,217/s  avg=1,000,016/s
  t= 73815.8s  rows=73,817,046,929  +15,044,070  inst=1,002,938/s  avg=1,000,017/s
  t= 73830.8s  rows=73,832,090,999  +15,044,070  inst=1,002,938/s  avg=1,000,017/s
  t= 73845.8s  rows=73,847,004,251  +14,913,252  inst=994,217/s  avg=1,000,016/s
  t= 73860.8s  rows=73,862,048,321  +15,044,070  inst=1,002,938/s  avg=1,000,017/s
  t= 73875.8s  rows=73,876,961,573  +14,913,252  inst=994,217/s  avg=1,000,015/s
  t= 73890.8s  rows=73,892,005,643  +15,044,070  inst=1,002,938/s  avg=1,000,016/s
  t= 73905.8s  rows=73,907,049,713  +15,044,070  inst=1,002,938/s  avg=1,000,017/s
  t= 73920.8s  rows=73,922,093,783  +15,044,070  inst=1,002,938/s  avg=1,000,017/s
  t= 73935.8s  rows=73,937,007,035  +14,913,252  inst=994,217/s  avg=1,000,016/s
  t= 73950.8s  rows=73,952,051,105  +15,044,070  inst=1,002,938/s  avg=1,000,017/s
  t= 73965.8s  rows=73,967,095,175  +15,044,070  inst=1,002,938/s  avg=1,000,017/s
  t= 73980.8s  rows=73,982,008,427  +14,913,252  inst=994,217/s  avg=1,000,016/s
  t= 73995.8s  rows=73,997,052,497  +15,044,070  inst=1,002,938/s  avg=1,000,017/s
  t= 74010.8s  rows=74,012,096,567  +15,044,070  inst=1,002,938/s  avg=1,000,017/s
  t= 74025.8s  rows=74,027,009,819  +14,913,252  inst=994,217/s  avg=1,000,016/s
  t= 74040.8s  rows=74,041,923,071  +14,913,252  inst=994,217/s  avg=1,000,015/s
  t= 74055.8s  rows=74,057,097,959  +15,174,888  inst=1,011,659/s  avg=1,000,017/s
  t= 74070.8s  rows=74,072,011,211  +14,913,252  inst=994,217/s  avg=1,000,016/s
  t= 74085.8s  rows=74,087,055,281  +15,044,070  inst=1,002,938/s  avg=1,000,017/s
  t= 74100.8s  rows=74,101,968,533  +14,913,252  inst=994,217/s  avg=1,000,015/s
  t= 74115.8s  rows=74,117,012,603  +15,044,070  inst=1,002,938/s  avg=1,000,016/s
  t= 74130.8s  rows=74,132,056,673  +15,044,070  inst=1,002,938/s  avg=1,000,017/s
  t= 74145.8s  rows=74,147,100,743  +15,044,070  inst=1,002,938/s  avg=1,000,017/s
  t= 74160.8s  rows=74,162,013,995  +14,913,252  inst=994,217/s  avg=1,000,016/s
  t= 74175.8s  rows=74,177,058,065  +15,044,070  inst=1,002,938/s  avg=1,000,017/s
  t= 74190.8s  rows=74,191,971,317  +14,913,252  inst=994,217/s  avg=1,000,015/s
  t= 74205.8s  rows=74,207,015,387  +15,044,070  inst=1,002,938/s  avg=1,000,016/s
  t= 74220.8s  rows=74,221,928,639  +14,913,252  inst=994,217/s  avg=1,000,015/s
  t= 74235.8s  rows=74,237,103,527  +15,174,888  inst=1,011,659/s  avg=1,000,017/s
  t= 74250.8s  rows=74,252,016,779  +14,913,252  inst=994,217/s  avg=1,000,016/s
  t= 74265.8s  rows=74,267,060,849  +15,044,070  inst=1,002,938/s  avg=1,000,017/s
  t= 74280.8s  rows=74,282,104,919  +15,044,070  inst=1,002,938/s  avg=1,000,017/s
  t= 74295.8s  rows=74,297,018,171  +14,913,252  inst=994,217/s  avg=1,000,016/s
  t= 74310.8s  rows=74,312,006,586  +14,988,415  inst=999,228/s  avg=1,000,016/s
  t= 74325.8s  rows=74,327,050,656  +15,044,070  inst=1,002,938/s  avg=1,000,016/s
  t= 74340.8s  rows=74,341,963,908  +14,913,252  inst=994,217/s  avg=1,000,015/s
  t= 74355.8s  rows=74,357,007,978  +15,044,070  inst=1,002,938/s  avg=1,000,016/s
  t= 74370.8s  rows=74,372,052,048  +15,044,070  inst=1,002,938/s  avg=1,000,016/s
  t= 74385.8s  rows=74,387,096,118  +15,044,070  inst=1,002,938/s  avg=1,000,017/s
  t= 74400.8s  rows=74,402,009,370  +14,913,252  inst=994,217/s  avg=1,000,016/s
  t= 74415.8s  rows=74,417,053,440  +15,044,070  inst=1,002,938/s  avg=1,000,016/s
  t= 74430.8s  rows=74,432,097,510  +15,044,070  inst=1,002,938/s  avg=1,000,017/s
  t= 74445.8s  rows=74,447,010,762  +14,913,252  inst=994,217/s  avg=1,000,016/s
  t= 74460.8s  rows=74,462,054,832  +15,044,070  inst=1,002,938/s  avg=1,000,016/s
  t= 74475.8s  rows=74,477,098,902  +15,044,070  inst=1,002,938/s  avg=1,000,017/s
  t= 74490.8s  rows=74,492,012,154  +14,913,252  inst=994,217/s  avg=1,000,016/s
  t= 74505.8s  rows=74,507,056,224  +15,044,070  inst=1,002,938/s  avg=1,000,016/s
  t= 74520.8s  rows=74,522,100,294  +15,044,070  inst=1,002,938/s  avg=1,000,017/s
  t= 74535.8s  rows=74,537,013,546  +14,913,252  inst=994,217/s  avg=1,000,016/s
  t= 74550.8s  rows=74,552,057,616  +15,044,070  inst=1,002,938/s  avg=1,000,016/s
  t= 74565.8s  rows=74,566,970,868  +14,913,252  inst=994,217/s  avg=1,000,015/s
  t= 74580.8s  rows=74,582,014,938  +15,044,070  inst=1,002,938/s  avg=1,000,016/s
  t= 74595.8s  rows=74,597,059,008  +15,044,070  inst=1,002,938/s  avg=1,000,016/s
  t= 74610.8s  rows=74,612,103,078  +15,044,070  inst=1,002,938/s  avg=1,000,017/s
  t= 74625.8s  rows=74,627,016,330  +14,913,252  inst=994,217/s  avg=1,000,016/s
  t= 74640.8s  rows=74,642,060,400  +15,044,070  inst=1,002,938/s  avg=1,000,016/s
  t= 74655.8s  rows=74,657,104,470  +15,044,070  inst=1,002,938/s  avg=1,000,017/s
  t= 74670.8s  rows=74,672,017,722  +14,913,252  inst=994,217/s  avg=1,000,016/s
  t= 74685.8s  rows=74,687,061,792  +15,044,070  inst=1,002,938/s  avg=1,000,016/s
  t= 74700.8s  rows=74,702,105,862  +15,044,070  inst=1,002,938/s  avg=1,000,017/s
  t= 74715.8s  rows=74,717,019,114  +14,913,252  inst=994,217/s  avg=1,000,016/s
  t= 74730.8s  rows=74,732,063,184  +15,044,070  inst=1,002,938/s  avg=1,000,016/s
  t= 74745.8s  rows=74,747,107,254  +15,044,070  inst=1,002,938/s  avg=1,000,017/s
  t= 74760.8s  rows=74,762,020,506  +14,913,252  inst=994,217/s  avg=1,000,016/s
  t= 74775.8s  rows=74,777,064,576  +15,044,070  inst=1,002,938/s  avg=1,000,016/s
  t= 74790.8s  rows=74,792,108,646  +15,044,070  inst=1,002,938/s  avg=1,000,017/s
  t= 74805.8s  rows=74,807,021,898  +14,913,252  inst=994,217/s  avg=1,000,016/s
  t= 74820.8s  rows=74,822,065,968  +15,044,070  inst=1,002,938/s  avg=1,000,016/s
  t= 74835.8s  rows=74,837,110,038  +15,044,070  inst=1,002,938/s  avg=1,000,017/s
  t= 74850.8s  rows=74,852,023,290  +14,913,252  inst=994,217/s  avg=1,000,016/s
  t= 74865.8s  rows=74,867,067,360  +15,044,070  inst=1,002,938/s  avg=1,000,016/s
  t= 74880.8s  rows=74,882,111,430  +15,044,070  inst=1,002,938/s  avg=1,000,017/s
  t= 74895.8s  rows=74,897,024,682  +14,913,252  inst=994,217/s  avg=1,000,016/s
  t= 74910.8s  rows=74,912,068,752  +15,044,070  inst=1,002,938/s  avg=1,000,016/s
  t= 74925.8s  rows=74,927,112,822  +15,044,070  inst=1,002,938/s  avg=1,000,017/s
  t= 74940.8s  rows=74,942,026,074  +14,913,252  inst=994,217/s  avg=1,000,016/s
  t= 74955.8s  rows=74,957,070,144  +15,044,070  inst=1,002,938/s  avg=1,000,016/s
  t= 74970.8s  rows=74,972,114,214  +15,044,070  inst=1,002,938/s  avg=1,000,017/s
  t= 74985.8s  rows=74,987,027,466  +14,913,252  inst=994,217/s  avg=1,000,016/s
  t= 75000.8s  rows=75,002,071,536  +15,044,070  inst=1,002,938/s  avg=1,000,016/s
  t= 75015.8s  rows=75,017,033,891  +14,962,355  inst=997,490/s  avg=1,000,016/s
  t= 75030.8s  rows=75,032,077,961  +15,044,070  inst=1,002,938/s  avg=1,000,016/s
  t= 75045.8s  rows=75,047,122,031  +15,044,070  inst=1,002,938/s  avg=1,000,017/s
  t= 75060.8s  rows=75,062,035,283  +14,913,252  inst=994,217/s  avg=1,000,016/s
  t= 75075.8s  rows=75,077,079,353  +15,044,070  inst=1,002,938/s  avg=1,000,016/s
  t= 75090.8s  rows=75,092,123,423  +15,044,070  inst=1,002,938/s  avg=1,000,017/s
  t= 75105.8s  rows=75,107,036,675  +14,913,252  inst=994,217/s  avg=1,000,016/s
  t= 75120.8s  rows=75,122,080,745  +15,044,070  inst=1,002,938/s  avg=1,000,017/s
  t= 75135.8s  rows=75,137,124,815  +15,044,070  inst=1,002,938/s  avg=1,000,017/s
  t= 75150.8s  rows=75,152,038,067  +14,913,252  inst=994,217/s  avg=1,000,016/s
  t= 75165.8s  rows=75,167,082,137  +15,044,070  inst=1,002,938/s  avg=1,000,017/s
  t= 75180.8s  rows=75,181,995,389  +14,913,252  inst=994,217/s  avg=1,000,015/s
  t= 75195.8s  rows=75,197,039,459  +15,044,070  inst=1,002,938/s  avg=1,000,016/s
  t= 75210.8s  rows=75,212,083,529  +15,044,070  inst=1,002,938/s  avg=1,000,017/s
  t= 75225.8s  rows=75,226,996,781  +14,913,252  inst=994,217/s  avg=1,000,015/s
  t= 75240.8s  rows=75,242,040,851  +15,044,070  inst=1,002,938/s  avg=1,000,016/s
  t= 75255.8s  rows=75,257,084,921  +15,044,070  inst=1,002,938/s  avg=1,000,017/s
  t= 75270.8s  rows=75,271,998,173  +14,913,252  inst=994,217/s  avg=1,000,015/s
  t= 75285.8s  rows=75,287,042,243  +15,044,070  inst=1,002,938/s  avg=1,000,016/s
  t= 75300.8s  rows=75,302,086,313  +15,044,070  inst=1,002,938/s  avg=1,000,017/s
  t= 75315.8s  rows=75,317,130,383  +15,044,070  inst=1,002,938/s  avg=1,000,017/s
  t= 75330.8s  rows=75,332,043,635  +14,913,252  inst=994,217/s  avg=1,000,016/s
  t= 75345.8s  rows=75,347,087,705  +15,044,070  inst=1,002,938/s  avg=1,000,017/s
  t= 75360.8s  rows=75,362,131,775  +15,044,070  inst=1,002,938/s  avg=1,000,017/s
  t= 75375.8s  rows=75,377,045,027  +14,913,252  inst=994,217/s  avg=1,000,016/s
  t= 75390.8s  rows=75,391,958,279  +14,913,252  inst=994,217/s  avg=1,000,015/s
  t= 75405.8s  rows=75,407,133,167  +15,174,888  inst=1,011,659/s  avg=1,000,017/s
  t= 75420.8s  rows=75,422,046,419  +14,913,252  inst=994,217/s  avg=1,000,016/s
  t= 75435.8s  rows=75,436,959,671  +14,913,252  inst=994,217/s  avg=1,000,015/s
  t= 75450.8s  rows=75,452,003,741  +15,044,070  inst=1,002,938/s  avg=1,000,015/s
  t= 75465.8s  rows=75,467,047,811  +15,044,070  inst=1,002,938/s  avg=1,000,016/s
  t= 75480.8s  rows=75,482,091,881  +15,044,070  inst=1,002,938/s  avg=1,000,017/s
  t= 75495.8s  rows=75,497,135,951  +15,044,070  inst=1,002,938/s  avg=1,000,017/s
  t= 75510.8s  rows=75,512,049,203  +14,913,252  inst=994,217/s  avg=1,000,016/s
  t= 75525.8s  rows=75,527,093,273  +15,044,070  inst=1,002,938/s  avg=1,000,017/s
  t= 75540.8s  rows=75,542,006,525  +14,913,252  inst=994,217/s  avg=1,000,015/s
  t= 75555.8s  rows=75,557,050,595  +15,044,070  inst=1,002,938/s  avg=1,000,016/s
  t= 75570.8s  rows=75,572,094,665  +15,044,070  inst=1,002,938/s  avg=1,000,017/s
  t= 75585.8s  rows=75,587,007,917  +14,913,252  inst=994,217/s  avg=1,000,015/s
  t= 75600.8s  rows=75,602,051,987  +15,044,070  inst=1,002,938/s  avg=1,000,016/s
  t= 75615.8s  rows=75,617,096,057  +15,044,070  inst=1,002,938/s  avg=1,000,017/s
  t= 75630.8s  rows=75,632,009,309  +14,913,252  inst=994,217/s  avg=1,000,015/s
  t= 75645.8s  rows=75,647,053,379  +15,044,070  inst=1,002,938/s  avg=1,000,016/s
  t= 75660.8s  rows=75,662,097,449  +15,044,070  inst=1,002,938/s  avg=1,000,017/s
  t= 75675.8s  rows=75,677,141,519  +15,044,070  inst=1,002,938/s  avg=1,000,017/s
  t= 75690.8s  rows=75,692,054,771  +14,913,252  inst=994,217/s  avg=1,000,016/s
  t= 75705.8s  rows=75,707,098,841  +15,044,070  inst=1,002,938/s  avg=1,000,017/s
  t= 75720.8s  rows=75,722,012,093  +14,913,252  inst=994,217/s  avg=1,000,015/s
  t= 75735.8s  rows=75,737,056,163  +15,044,070  inst=1,002,938/s  avg=1,000,016/s
  t= 75750.8s  rows=75,752,100,233  +15,044,070  inst=1,002,938/s  avg=1,000,017/s
  t= 75765.8s  rows=75,767,144,303  +15,044,070  inst=1,002,938/s  avg=1,000,017/s
  t= 75780.8s  rows=75,782,057,555  +14,913,252  inst=994,217/s  avg=1,000,016/s
  t= 75795.8s  rows=75,797,101,625  +15,044,070  inst=1,002,938/s  avg=1,000,017/s
  t= 75810.8s  rows=75,812,014,877  +14,913,252  inst=994,217/s  avg=1,000,015/s
  t= 75825.8s  rows=75,827,058,947  +15,044,070  inst=1,002,938/s  avg=1,000,016/s
  t= 75840.8s  rows=75,842,060,688  +15,001,741  inst=1,000,116/s  avg=1,000,016/s
  t= 75855.8s  rows=75,857,104,758  +15,044,070  inst=1,002,938/s  avg=1,000,017/s
  t= 75870.8s  rows=75,872,148,828  +15,044,070  inst=1,002,938/s  avg=1,000,017/s
  t= 75885.8s  rows=75,887,062,080  +14,913,252  inst=994,217/s  avg=1,000,016/s
  t= 75900.8s  rows=75,902,106,150  +15,044,070  inst=1,002,938/s  avg=1,000,017/s
  t= 75915.8s  rows=75,917,019,402  +14,913,252  inst=994,217/s  avg=1,000,015/s
  t= 75930.8s  rows=75,932,063,472  +15,044,070  inst=1,002,938/s  avg=1,000,016/s
  t= 75945.8s  rows=75,947,107,542  +15,044,070  inst=1,002,938/s  avg=1,000,017/s
  t= 75960.8s  rows=75,962,020,794  +14,913,252  inst=994,217/s  avg=1,000,015/s
  t= 75975.8s  rows=75,977,064,864  +15,044,070  inst=1,002,938/s  avg=1,000,016/s
  t= 75990.8s  rows=75,992,108,934  +15,044,070  inst=1,002,938/s  avg=1,000,017/s
  t= 76005.8s  rows=76,007,022,186  +14,913,252  inst=994,217/s  avg=1,000,015/s
  t= 76020.8s  rows=76,022,066,256  +15,044,070  inst=1,002,938/s  avg=1,000,016/s
  t= 76035.9s  rows=76,037,110,326  +15,044,070  inst=1,002,938/s  avg=1,000,017/s
  t= 76050.9s  rows=76,052,023,578  +14,913,252  inst=994,217/s  avg=1,000,015/s
  t= 76065.9s  rows=76,067,067,648  +15,044,070  inst=1,002,938/s  avg=1,000,016/s
  t= 76080.9s  rows=76,082,111,718  +15,044,070  inst=1,002,938/s  avg=1,000,017/s
  t= 76095.9s  rows=76,097,024,970  +14,913,252  inst=994,217/s  avg=1,000,015/s
  t= 76110.9s  rows=76,112,069,040  +15,044,070  inst=1,002,938/s  avg=1,000,016/s
  t= 76125.9s  rows=76,127,113,110  +15,044,070  inst=1,002,938/s  avg=1,000,017/s
  t= 76140.9s  rows=76,142,026,362  +14,913,252  inst=994,217/s  avg=1,000,015/s
  t= 76155.9s  rows=76,157,070,432  +15,044,070  inst=1,002,938/s  avg=1,000,016/s
  t= 76170.9s  rows=76,172,114,502  +15,044,070  inst=1,002,938/s  avg=1,000,017/s
  t= 76185.9s  rows=76,187,027,754  +14,913,252  inst=994,217/s  avg=1,000,015/s
  t= 76200.9s  rows=76,202,071,824  +15,044,070  inst=1,002,938/s  avg=1,000,016/s
  t= 76215.9s  rows=76,217,115,894  +15,044,070  inst=1,002,938/s  avg=1,000,017/s
  t= 76230.9s  rows=76,232,029,146  +14,913,252  inst=994,217/s  avg=1,000,015/s
  t= 76245.9s  rows=76,247,073,216  +15,044,070  inst=1,002,938/s  avg=1,000,016/s
  t= 76260.9s  rows=76,261,986,468  +14,913,252  inst=994,217/s  avg=1,000,015/s
  t= 76275.9s  rows=76,277,030,538  +15,044,070  inst=1,002,938/s  avg=1,000,015/s
  t= 76290.9s  rows=76,292,074,608  +15,044,070  inst=1,002,938/s  avg=1,000,016/s
  t= 76305.9s  rows=76,307,118,678  +15,044,070  inst=1,002,938/s  avg=1,000,017/s
  t= 76320.9s  rows=76,322,031,930  +14,913,252  inst=994,217/s  avg=1,000,015/s
  t= 76335.9s  rows=76,337,076,000  +15,044,070  inst=1,002,938/s  avg=1,000,016/s
  t= 76350.9s  rows=76,352,120,070  +15,044,070  inst=1,002,938/s  avg=1,000,017/s
  t= 76365.9s  rows=76,367,033,322  +14,913,252  inst=994,217/s  avg=1,000,015/s
  t= 76380.9s  rows=76,382,077,392  +15,044,070  inst=1,002,938/s  avg=1,000,016/s
  t= 76395.9s  rows=76,396,990,644  +14,913,252  inst=994,217/s  avg=1,000,015/s
  t= 76410.9s  rows=76,412,034,714  +15,044,070  inst=1,002,938/s  avg=1,000,015/s
  t= 76425.9s  rows=76,427,078,784  +15,044,070  inst=1,002,938/s  avg=1,000,016/s
  t= 76440.9s  rows=76,442,122,854  +15,044,070  inst=1,002,938/s  avg=1,000,017/s
  t= 76455.9s  rows=76,457,036,106  +14,913,252  inst=994,217/s  avg=1,000,015/s
  t= 76470.9s  rows=76,472,080,176  +15,044,070  inst=1,002,938/s  avg=1,000,016/s
  t= 76485.9s  rows=76,487,124,246  +15,044,070  inst=1,002,938/s  avg=1,000,017/s
  t= 76500.9s  rows=76,502,037,498  +14,913,252  inst=994,217/s  avg=1,000,015/s
  t= 76515.9s  rows=76,517,081,568  +15,044,070  inst=1,002,938/s  avg=1,000,016/s
  t= 76530.9s  rows=76,532,125,638  +15,044,070  inst=1,002,938/s  avg=1,000,017/s
  t= 76545.9s  rows=76,547,038,890  +14,913,252  inst=994,217/s  avg=1,000,015/s
  t= 76560.9s  rows=76,562,082,960  +15,044,070  inst=1,002,938/s  avg=1,000,016/s
  t= 76575.9s  rows=76,577,127,030  +15,044,070  inst=1,002,938/s  avg=1,000,017/s
  t= 76590.9s  rows=76,592,132,047  +15,005,017  inst=1,000,334/s  avg=1,000,017/s
  t= 76605.9s  rows=76,607,045,299  +14,913,252  inst=994,217/s  avg=1,000,016/s
  t= 76620.9s  rows=76,622,089,369  +15,044,070  inst=1,002,938/s  avg=1,000,016/s
  t= 76635.9s  rows=76,637,002,621  +14,913,252  inst=994,217/s  avg=1,000,015/s
  t= 76650.9s  rows=76,652,046,691  +15,044,070  inst=1,002,938/s  avg=1,000,016/s
  t= 76665.9s  rows=76,667,090,761  +15,044,070  inst=1,002,938/s  avg=1,000,016/s
  t= 76680.9s  rows=76,682,004,013  +14,913,252  inst=994,217/s  avg=1,000,015/s
  t= 76695.9s  rows=76,697,048,083  +15,044,070  inst=1,002,938/s  avg=1,000,016/s
  t= 76710.9s  rows=76,712,092,153  +15,044,070  inst=1,002,938/s  avg=1,000,016/s
  t= 76725.9s  rows=76,727,136,223  +15,044,070  inst=1,002,938/s  avg=1,000,017/s
  t= 76740.9s  rows=76,742,049,475  +14,913,252  inst=994,217/s  avg=1,000,016/s
  t= 76755.9s  rows=76,757,093,545  +15,044,070  inst=1,002,938/s  avg=1,000,016/s
  t= 76770.9s  rows=76,772,137,615  +15,044,070  inst=1,002,938/s  avg=1,000,017/s
  t= 76785.9s  rows=76,787,050,867  +14,913,252  inst=994,217/s  avg=1,000,016/s
  t= 76800.9s  rows=76,802,094,937  +15,044,070  inst=1,002,938/s  avg=1,000,016/s
  t= 76815.9s  rows=76,817,139,007  +15,044,070  inst=1,002,938/s  avg=1,000,017/s
  t= 76830.9s  rows=76,832,052,259  +14,913,252  inst=994,217/s  avg=1,000,016/s
  t= 76845.9s  rows=76,847,096,329  +15,044,070  inst=1,002,938/s  avg=1,000,016/s
  t= 76860.9s  rows=76,862,140,399  +15,044,070  inst=1,002,938/s  avg=1,000,017/s
  t= 76875.9s  rows=76,877,053,651  +14,913,252  inst=994,217/s  avg=1,000,016/s
  t= 76890.9s  rows=76,892,097,721  +15,044,070  inst=1,002,938/s  avg=1,000,016/s
  t= 76905.9s  rows=76,907,141,791  +15,044,070  inst=1,002,938/s  avg=1,000,017/s
  t= 76920.9s  rows=76,922,055,043  +14,913,252  inst=994,217/s  avg=1,000,016/s
  t= 76935.9s  rows=76,937,099,113  +15,044,070  inst=1,002,938/s  avg=1,000,016/s
  t= 76950.9s  rows=76,952,012,365  +14,913,252  inst=994,217/s  avg=1,000,015/s
  t= 76965.9s  rows=76,967,056,435  +15,044,070  inst=1,002,938/s  avg=1,000,016/s
  t= 76980.9s  rows=76,982,100,505  +15,044,070  inst=1,002,938/s  avg=1,000,016/s
  t= 76995.9s  rows=76,997,013,757  +14,913,252  inst=994,217/s  avg=1,000,015/s
  t= 77010.9s  rows=77,012,057,827  +15,044,070  inst=1,002,938/s  avg=1,000,016/s
  t= 77025.9s  rows=77,027,101,897  +15,044,070  inst=1,002,938/s  avg=1,000,016/s
  t= 77040.9s  rows=77,042,145,967  +15,044,070  inst=1,002,938/s  avg=1,000,017/s
  t= 77055.9s  rows=77,057,059,219  +14,913,252  inst=994,217/s  avg=1,000,016/s
  t= 77070.9s  rows=77,072,103,289  +15,044,070  inst=1,002,938/s  avg=1,000,016/s
  t= 77085.9s  rows=77,087,016,541  +14,913,252  inst=994,217/s  avg=1,000,015/s
  t= 77100.9s  rows=77,102,060,611  +15,044,070  inst=1,002,938/s  avg=1,000,016/s
  t= 77115.9s  rows=77,117,104,681  +15,044,070  inst=1,002,938/s  avg=1,000,016/s
  t= 77130.9s  rows=77,132,017,933  +14,913,252  inst=994,217/s  avg=1,000,015/s
  t= 77145.9s  rows=77,147,062,003  +15,044,070  inst=1,002,938/s  avg=1,000,016/s
  t= 77160.9s  rows=77,161,975,255  +14,913,252  inst=994,217/s  avg=1,000,014/s
  t= 77175.9s  rows=77,177,019,325  +15,044,070  inst=1,002,938/s  avg=1,000,015/s
  t= 77190.9s  rows=77,192,063,395  +15,044,070  inst=1,002,938/s  avg=1,000,016/s
  t= 77205.9s  rows=77,207,107,465  +15,044,070  inst=1,002,938/s  avg=1,000,016/s
  t= 77220.9s  rows=77,222,020,717  +14,913,252  inst=994,217/s  avg=1,000,015/s
  t= 77235.9s  rows=77,237,064,787  +15,044,070  inst=1,002,938/s  avg=1,000,016/s
  t= 77250.9s  rows=77,252,108,857  +15,044,070  inst=1,002,938/s  avg=1,000,016/s
  t= 77265.9s  rows=77,267,152,927  +15,044,070  inst=1,002,938/s  avg=1,000,017/s
  t= 77280.9s  rows=77,282,066,179  +14,913,252  inst=994,217/s  avg=1,000,016/s
  t= 77295.9s  rows=77,297,110,249  +15,044,070  inst=1,002,938/s  avg=1,000,016/s
  t= 77310.9s  rows=77,312,023,501  +14,913,252  inst=994,217/s  avg=1,000,015/s
  t= 77325.9s  rows=77,327,067,571  +15,044,070  inst=1,002,938/s  avg=1,000,016/s
  t= 77340.9s  rows=77,342,111,641  +15,044,070  inst=1,002,938/s  avg=1,000,016/s
  t= 77355.9s  rows=77,357,024,893  +14,913,252  inst=994,217/s  avg=1,000,015/s
  t= 77370.9s  rows=77,372,068,963  +15,044,070  inst=1,002,938/s  avg=1,000,016/s
  t= 77385.9s  rows=77,387,113,033  +15,044,070  inst=1,002,938/s  avg=1,000,016/s
  t= 77400.9s  rows=77,401,997,207  +14,884,174  inst=992,278/s  avg=1,000,015/s
  t= 77415.9s  rows=77,417,041,277  +15,044,070  inst=1,002,938/s  avg=1,000,015/s
  t= 77430.9s  rows=77,432,085,347  +15,044,070  inst=1,002,938/s  avg=1,000,016/s
  t= 77445.9s  rows=77,447,129,417  +15,044,070  inst=1,002,938/s  avg=1,000,016/s
  t= 77460.9s  rows=77,462,042,669  +14,913,252  inst=994,217/s  avg=1,000,015/s
  t= 77475.9s  rows=77,477,086,739  +15,044,070  inst=1,002,938/s  avg=1,000,016/s
  t= 77490.9s  rows=77,492,130,809  +15,044,070  inst=1,002,938/s  avg=1,000,016/s
  t= 77505.9s  rows=77,507,044,061  +14,913,252  inst=994,217/s  avg=1,000,015/s
  t= 77520.9s  rows=77,522,088,131  +15,044,070  inst=1,002,938/s  avg=1,000,016/s
  t= 77535.9s  rows=77,537,132,201  +15,044,070  inst=1,002,938/s  avg=1,000,016/s
  t= 77550.9s  rows=77,552,045,453  +14,913,252  inst=994,217/s  avg=1,000,015/s
  t= 77565.9s  rows=77,567,089,523  +15,044,070  inst=1,002,938/s  avg=1,000,016/s
  t= 77580.9s  rows=77,582,133,593  +15,044,070  inst=1,002,938/s  avg=1,000,016/s
  t= 77595.9s  rows=77,597,046,845  +14,913,252  inst=994,217/s  avg=1,000,015/s
  t= 77610.9s  rows=77,612,090,915  +15,044,070  inst=1,002,938/s  avg=1,000,016/s
  t= 77625.9s  rows=77,627,134,985  +15,044,070  inst=1,002,938/s  avg=1,000,016/s
  t= 77640.9s  rows=77,642,048,237  +14,913,252  inst=994,217/s  avg=1,000,015/s
  t= 77655.9s  rows=77,657,092,307  +15,044,070  inst=1,002,938/s  avg=1,000,016/s
  t= 77670.9s  rows=77,672,136,377  +15,044,070  inst=1,002,938/s  avg=1,000,016/s
  t= 77685.9s  rows=77,687,049,629  +14,913,252  inst=994,217/s  avg=1,000,015/s
  t= 77700.9s  rows=77,702,093,699  +15,044,070  inst=1,002,938/s  avg=1,000,016/s
  t= 77715.9s  rows=77,717,137,769  +15,044,070  inst=1,002,938/s  avg=1,000,016/s
  t= 77730.9s  rows=77,732,051,021  +14,913,252  inst=994,217/s  avg=1,000,015/s
  t= 77745.9s  rows=77,747,095,091  +15,044,070  inst=1,002,938/s  avg=1,000,016/s
  t= 77760.9s  rows=77,762,139,161  +15,044,070  inst=1,002,938/s  avg=1,000,016/s
  t= 77775.9s  rows=77,777,052,413  +14,913,252  inst=994,217/s  avg=1,000,015/s
  t= 77790.9s  rows=77,792,096,483  +15,044,070  inst=1,002,938/s  avg=1,000,016/s
  t= 77805.9s  rows=77,807,140,553  +15,044,070  inst=1,002,938/s  avg=1,000,016/s
  t= 77820.9s  rows=77,822,053,805  +14,913,252  inst=994,217/s  avg=1,000,015/s
  t= 77835.9s  rows=77,837,097,875  +15,044,070  inst=1,002,938/s  avg=1,000,016/s
  t= 77850.9s  rows=77,852,141,945  +15,044,070  inst=1,002,938/s  avg=1,000,016/s
  t= 77865.9s  rows=77,867,055,197  +14,913,252  inst=994,217/s  avg=1,000,015/s
  t= 77880.9s  rows=77,882,099,267  +15,044,070  inst=1,002,938/s  avg=1,000,016/s
  t= 77895.9s  rows=77,897,143,337  +15,044,070  inst=1,002,938/s  avg=1,000,016/s
  t= 77910.9s  rows=77,912,056,589  +14,913,252  inst=994,217/s  avg=1,000,015/s
  t= 77925.9s  rows=77,926,969,841  +14,913,252  inst=994,217/s  avg=1,000,014/s
  t= 77940.9s  rows=77,942,144,729  +15,174,888  inst=1,011,659/s  avg=1,000,016/s
  t= 77955.9s  rows=77,957,057,981  +14,913,252  inst=994,217/s  avg=1,000,015/s
  t= 77970.9s  rows=77,972,102,051  +15,044,070  inst=1,002,938/s  avg=1,000,016/s
  t= 77985.9s  rows=77,987,146,121  +15,044,070  inst=1,002,938/s  avg=1,000,016/s
  t= 78000.9s  rows=78,002,059,373  +14,913,252  inst=994,217/s  avg=1,000,015/s
  t= 78015.9s  rows=78,017,103,443  +15,044,070  inst=1,002,938/s  avg=1,000,016/s
  t= 78030.9s  rows=78,032,147,513  +15,044,070  inst=1,002,938/s  avg=1,000,016/s
  t= 78045.9s  rows=78,047,060,765  +14,913,252  inst=994,217/s  avg=1,000,015/s
  t= 78060.9s  rows=78,062,104,835  +15,044,070  inst=1,002,938/s  avg=1,000,016/s
  t= 78075.9s  rows=78,077,018,087  +14,913,252  inst=994,217/s  avg=1,000,015/s
  t= 78090.9s  rows=78,092,062,157  +15,044,070  inst=1,002,938/s  avg=1,000,015/s
  t= 78105.9s  rows=78,107,106,227  +15,044,070  inst=1,002,938/s  avg=1,000,016/s
  t= 78120.9s  rows=78,122,019,479  +14,913,252  inst=994,217/s  avg=1,000,015/s
  t= 78135.9s  rows=78,137,063,549  +15,044,070  inst=1,002,938/s  avg=1,000,015/s
  t= 78150.9s  rows=78,152,107,619  +15,044,070  inst=1,002,938/s  avg=1,000,016/s
  t= 78165.9s  rows=78,167,020,871  +14,913,252  inst=994,217/s  avg=1,000,015/s
  t= 78180.9s  rows=78,182,064,941  +15,044,070  inst=1,002,938/s  avg=1,000,015/s
  t= 78195.9s  rows=78,197,109,011  +15,044,070  inst=1,002,938/s  avg=1,000,016/s
  t= 78210.9s  rows=78,212,022,263  +14,913,252  inst=994,217/s  avg=1,000,015/s
  t= 78225.9s  rows=78,227,066,333  +15,044,070  inst=1,002,938/s  avg=1,000,015/s
  t= 78240.9s  rows=78,242,110,403  +15,044,070  inst=1,002,938/s  avg=1,000,016/s
  t= 78255.9s  rows=78,257,023,655  +14,913,252  inst=994,217/s  avg=1,000,015/s
  t= 78270.9s  rows=78,272,112,075  +15,088,420  inst=1,005,895/s  avg=1,000,016/s
  t= 78285.9s  rows=78,287,156,145  +15,044,070  inst=1,002,938/s  avg=1,000,016/s
  t= 78300.9s  rows=78,302,069,397  +14,913,252  inst=994,217/s  avg=1,000,015/s
  t= 78315.9s  rows=78,316,982,649  +14,913,252  inst=994,217/s  avg=1,000,014/s
  t= 78330.9s  rows=78,332,157,537  +15,174,888  inst=1,011,659/s  avg=1,000,016/s
  t= 78345.9s  rows=78,347,070,789  +14,913,252  inst=994,217/s  avg=1,000,015/s
  t= 78360.9s  rows=78,362,114,859  +15,044,070  inst=1,002,938/s  avg=1,000,016/s
  t= 78375.9s  rows=78,377,158,929  +15,044,070  inst=1,002,938/s  avg=1,000,016/s
  t= 78390.9s  rows=78,392,072,181  +14,913,252  inst=994,217/s  avg=1,000,015/s
  t= 78405.9s  rows=78,407,116,251  +15,044,070  inst=1,002,938/s  avg=1,000,016/s
  t= 78420.9s  rows=78,422,160,321  +15,044,070  inst=1,002,938/s  avg=1,000,016/s
  t= 78435.9s  rows=78,437,073,573  +14,913,252  inst=994,217/s  avg=1,000,015/s
  t= 78450.9s  rows=78,452,117,643  +15,044,070  inst=1,002,938/s  avg=1,000,016/s
  t= 78465.9s  rows=78,467,030,895  +14,913,252  inst=994,217/s  avg=1,000,015/s
  t= 78480.9s  rows=78,482,074,965  +15,044,070  inst=1,002,938/s  avg=1,000,015/s
  t= 78495.9s  rows=78,497,119,035  +15,044,070  inst=1,002,938/s  avg=1,000,016/s
  t= 78510.9s  rows=78,512,032,287  +14,913,252  inst=994,217/s  avg=1,000,015/s
  t= 78525.9s  rows=78,527,076,357  +15,044,070  inst=1,002,938/s  avg=1,000,015/s
  t= 78540.9s  rows=78,542,120,427  +15,044,070  inst=1,002,938/s  avg=1,000,016/s
  t= 78555.9s  rows=78,557,164,497  +15,044,070  inst=1,002,938/s  avg=1,000,016/s
  t= 78570.9s  rows=78,572,077,749  +14,913,252  inst=994,217/s  avg=1,000,015/s
  t= 78585.9s  rows=78,587,121,819  +15,044,070  inst=1,002,938/s  avg=1,000,016/s
  t= 78600.9s  rows=78,602,035,071  +14,913,252  inst=994,217/s  avg=1,000,015/s
  t= 78615.9s  rows=78,617,079,141  +15,044,070  inst=1,002,938/s  avg=1,000,015/s
  t= 78630.9s  rows=78,631,992,393  +14,913,252  inst=994,217/s  avg=1,000,014/s
  t= 78645.9s  rows=78,647,036,463  +15,044,070  inst=1,002,938/s  avg=1,000,015/s
  t= 78660.9s  rows=78,662,080,533  +15,044,070  inst=1,002,938/s  avg=1,000,015/s
  t= 78675.9s  rows=78,677,124,603  +15,044,070  inst=1,002,938/s  avg=1,000,016/s
  t= 78690.9s  rows=78,692,037,855  +14,913,252  inst=994,217/s  avg=1,000,015/s
  t= 78705.9s  rows=78,707,081,925  +15,044,070  inst=1,002,938/s  avg=1,000,015/s
  t= 78720.9s  rows=78,722,125,995  +15,044,070  inst=1,002,938/s  avg=1,000,016/s
  t= 78735.9s  rows=78,737,039,247  +14,913,252  inst=994,217/s  avg=1,000,015/s
  t= 78750.9s  rows=78,752,083,317  +15,044,070  inst=1,002,938/s  avg=1,000,015/s
  t= 78765.9s  rows=78,767,127,387  +15,044,070  inst=1,002,938/s  avg=1,000,016/s
  t= 78780.9s  rows=78,782,040,639  +14,913,252  inst=994,217/s  avg=1,000,015/s
  t= 78795.9s  rows=78,797,084,709  +15,044,070  inst=1,002,938/s  avg=1,000,015/s
  t= 78810.9s  rows=78,812,128,779  +15,044,070  inst=1,002,938/s  avg=1,000,016/s
  t= 78825.9s  rows=78,827,042,031  +14,913,252  inst=994,217/s  avg=1,000,015/s
  t= 78840.9s  rows=78,842,086,101  +15,044,070  inst=1,002,938/s  avg=1,000,015/s
  t= 78855.9s  rows=78,857,130,171  +15,044,070  inst=1,002,938/s  avg=1,000,016/s
  t= 78870.9s  rows=78,872,174,241  +15,044,070  inst=1,002,938/s  avg=1,000,016/s
  t= 78885.9s  rows=78,887,087,493  +14,913,252  inst=994,217/s  avg=1,000,015/s
  t= 78900.9s  rows=78,902,131,563  +15,044,070  inst=1,002,938/s  avg=1,000,016/s
  t= 78915.9s  rows=78,917,044,815  +14,913,252  inst=994,217/s  avg=1,000,015/s
  t= 78930.9s  rows=78,932,088,885  +15,044,070  inst=1,002,938/s  avg=1,000,015/s
  t= 78945.9s  rows=78,947,132,955  +15,044,070  inst=1,002,938/s  avg=1,000,016/s
  t= 78960.9s  rows=78,962,046,207  +14,913,252  inst=994,217/s  avg=1,000,015/s
  t= 78975.9s  rows=78,977,090,277  +15,044,070  inst=1,002,938/s  avg=1,000,015/s
  t= 78990.9s  rows=78,992,134,347  +15,044,070  inst=1,002,938/s  avg=1,000,016/s
  t= 79005.9s  rows=79,007,047,599  +14,913,252  inst=994,217/s  avg=1,000,015/s
  t= 79020.9s  rows=79,022,091,669  +15,044,070  inst=1,002,938/s  avg=1,000,015/s
  t= 79035.9s  rows=79,037,004,921  +14,913,252  inst=994,217/s  avg=1,000,014/s
  t= 79050.9s  rows=79,052,048,991  +15,044,070  inst=1,002,938/s  avg=1,000,015/s
  t= 79065.9s  rows=79,067,093,061  +15,044,070  inst=1,002,938/s  avg=1,000,015/s
  t= 79080.9s  rows=79,082,137,131  +15,044,070  inst=1,002,938/s  avg=1,000,016/s
  t= 79095.9s  rows=79,097,040,890  +14,903,759  inst=993,584/s  avg=1,000,015/s
  t= 79110.9s  rows=79,112,084,960  +15,044,070  inst=1,002,938/s  avg=1,000,015/s
  t= 79125.9s  rows=79,126,998,212  +14,913,252  inst=994,217/s  avg=1,000,014/s
  t= 79140.9s  rows=79,142,042,282  +15,044,070  inst=1,002,938/s  avg=1,000,015/s
  t= 79155.9s  rows=79,157,086,352  +15,044,070  inst=1,002,938/s  avg=1,000,015/s
  t= 79170.9s  rows=79,172,130,422  +15,044,070  inst=1,002,938/s  avg=1,000,016/s
  t= 79185.9s  rows=79,187,174,492  +15,044,070  inst=1,002,938/s  avg=1,000,016/s
  t= 79200.9s  rows=79,202,087,744  +14,913,252  inst=994,217/s  avg=1,000,015/s
  t= 79215.9s  rows=79,217,131,814  +15,044,070  inst=1,002,938/s  avg=1,000,016/s
  t= 79230.9s  rows=79,232,045,066  +14,913,252  inst=994,217/s  avg=1,000,015/s
  t= 79245.9s  rows=79,247,089,136  +15,044,070  inst=1,002,938/s  avg=1,000,015/s
  t= 79260.9s  rows=79,262,133,206  +15,044,070  inst=1,002,938/s  avg=1,000,016/s
  t= 79275.9s  rows=79,277,046,458  +14,913,252  inst=994,217/s  avg=1,000,015/s
  t= 79290.9s  rows=79,292,090,528  +15,044,070  inst=1,002,938/s  avg=1,000,015/s
  t= 79305.9s  rows=79,307,134,598  +15,044,070  inst=1,002,938/s  avg=1,000,016/s
  t= 79320.9s  rows=79,322,047,850  +14,913,252  inst=994,217/s  avg=1,000,015/s
  t= 79335.9s  rows=79,337,091,920  +15,044,070  inst=1,002,938/s  avg=1,000,015/s
  t= 79350.9s  rows=79,352,135,990  +15,044,070  inst=1,002,938/s  avg=1,000,016/s
  t= 79365.9s  rows=79,367,049,242  +14,913,252  inst=994,217/s  avg=1,000,015/s
  t= 79380.9s  rows=79,382,093,312  +15,044,070  inst=1,002,938/s  avg=1,000,015/s
  t= 79395.9s  rows=79,397,137,382  +15,044,070  inst=1,002,938/s  avg=1,000,016/s
  t= 79410.9s  rows=79,412,050,634  +14,913,252  inst=994,217/s  avg=1,000,015/s
  t= 79425.9s  rows=79,427,094,704  +15,044,070  inst=1,002,938/s  avg=1,000,015/s
  t= 79440.9s  rows=79,442,138,774  +15,044,070  inst=1,002,938/s  avg=1,000,016/s
  t= 79455.9s  rows=79,457,052,026  +14,913,252  inst=994,217/s  avg=1,000,015/s
  t= 79470.9s  rows=79,472,096,096  +15,044,070  inst=1,002,938/s  avg=1,000,015/s
  t= 79485.9s  rows=79,487,140,166  +15,044,070  inst=1,002,938/s  avg=1,000,016/s
  t= 79500.9s  rows=79,502,053,418  +14,913,252  inst=994,217/s  avg=1,000,015/s
  t= 79515.9s  rows=79,517,097,488  +15,044,070  inst=1,002,938/s  avg=1,000,015/s
  t= 79530.9s  rows=79,532,141,558  +15,044,070  inst=1,002,938/s  avg=1,000,016/s
  t= 79545.9s  rows=79,547,054,810  +14,913,252  inst=994,217/s  avg=1,000,015/s
  t= 79560.9s  rows=79,562,098,880  +15,044,070  inst=1,002,938/s  avg=1,000,015/s
  t= 79575.9s  rows=79,577,142,950  +15,044,070  inst=1,002,938/s  avg=1,000,016/s
  t= 79590.9s  rows=79,592,056,202  +14,913,252  inst=994,217/s  avg=1,000,015/s
  t= 79605.9s  rows=79,607,100,272  +15,044,070  inst=1,002,938/s  avg=1,000,015/s
  t= 79620.9s  rows=79,622,144,342  +15,044,070  inst=1,002,938/s  avg=1,000,016/s
  t= 79635.9s  rows=79,637,057,594  +14,913,252  inst=994,217/s  avg=1,000,015/s
  t= 79650.9s  rows=79,652,101,664  +15,044,070  inst=1,002,938/s  avg=1,000,015/s
  t= 79665.9s  rows=79,667,145,734  +15,044,070  inst=1,002,938/s  avg=1,000,016/s
  t= 79680.9s  rows=79,682,058,986  +14,913,252  inst=994,217/s  avg=1,000,015/s
  t= 79695.9s  rows=79,697,103,056  +15,044,070  inst=1,002,938/s  avg=1,000,015/s
  t= 79710.9s  rows=79,712,147,126  +15,044,070  inst=1,002,938/s  avg=1,000,016/s
  t= 79725.9s  rows=79,727,060,378  +14,913,252  inst=994,217/s  avg=1,000,015/s
  t= 79740.9s  rows=79,742,104,448  +15,044,070  inst=1,002,938/s  avg=1,000,015/s
  t= 79755.9s  rows=79,757,148,518  +15,044,070  inst=1,002,938/s  avg=1,000,016/s
  t= 79770.9s  rows=79,772,061,770  +14,913,252  inst=994,217/s  avg=1,000,015/s
  t= 79785.9s  rows=79,787,105,840  +15,044,070  inst=1,002,938/s  avg=1,000,015/s
  t= 79800.9s  rows=79,802,132,885  +15,027,045  inst=1,001,803/s  avg=1,000,016/s
  t= 79815.9s  rows=79,817,049,769  +14,916,884  inst=994,459/s  avg=1,000,015/s
  t= 79830.9s  rows=79,832,118,491  +15,068,722  inst=1,004,581/s  avg=1,000,015/s
  t= 79845.9s  rows=79,847,017,204  +14,898,713  inst=993,248/s  avg=1,000,014/s
  t= 79860.9s  rows=79,862,042,108  +15,024,904  inst=1,001,660/s  avg=1,000,014/s
  t= 79875.9s  rows=79,877,086,178  +15,044,070  inst=1,002,938/s  avg=1,000,015/s
  t= 79890.9s  rows=79,892,130,248  +15,044,070  inst=1,002,938/s  avg=1,000,016/s
  t= 79905.9s  rows=79,907,043,500  +14,913,252  inst=994,217/s  avg=1,000,014/s
  t= 79920.9s  rows=79,922,087,570  +15,044,070  inst=1,002,938/s  avg=1,000,015/s
  t= 79935.9s  rows=79,937,131,640  +15,044,070  inst=1,002,938/s  avg=1,000,016/s
  t= 79950.9s  rows=79,952,044,892  +14,913,252  inst=994,217/s  avg=1,000,014/s
  t= 79965.9s  rows=79,967,088,962  +15,044,070  inst=1,002,938/s  avg=1,000,015/s
  t= 79980.9s  rows=79,982,133,032  +15,044,070  inst=1,002,938/s  avg=1,000,016/s
  t= 79995.9s  rows=79,997,177,102  +15,044,070  inst=1,002,938/s  avg=1,000,016/s
  t= 80010.9s  rows=80,012,090,354  +14,913,252  inst=994,217/s  avg=1,000,015/s
  t= 80025.9s  rows=80,027,134,424  +15,044,070  inst=1,002,938/s  avg=1,000,016/s
  t= 80040.9s  rows=80,042,047,676  +14,913,252  inst=994,217/s  avg=1,000,014/s
  t= 80055.9s  rows=80,057,091,746  +15,044,070  inst=1,002,938/s  avg=1,000,015/s
  t= 80070.9s  rows=80,072,135,816  +15,044,070  inst=1,002,938/s  avg=1,000,016/s
  t= 80085.9s  rows=80,087,179,886  +15,044,070  inst=1,002,938/s  avg=1,000,016/s
  t= 80100.9s  rows=80,102,093,138  +14,913,252  inst=994,217/s  avg=1,000,015/s
  t= 80115.9s  rows=80,117,137,208  +15,044,070  inst=1,002,938/s  avg=1,000,016/s
  t= 80130.9s  rows=80,132,050,460  +14,913,252  inst=994,217/s  avg=1,000,014/s
  t= 80145.9s  rows=80,147,094,530  +15,044,070  inst=1,002,938/s  avg=1,000,015/s
  t= 80160.9s  rows=80,162,138,600  +15,044,070  inst=1,002,938/s  avg=1,000,016/s
  t= 80175.9s  rows=80,177,051,852  +14,913,252  inst=994,217/s  avg=1,000,014/s
  t= 80190.9s  rows=80,192,095,922  +15,044,070  inst=1,002,938/s  avg=1,000,015/s
  t= 80205.9s  rows=80,207,139,992  +15,044,070  inst=1,002,938/s  avg=1,000,016/s
  t= 80220.9s  rows=80,222,053,244  +14,913,252  inst=994,217/s  avg=1,000,014/s
  t= 80235.9s  rows=80,237,098,846  +15,045,602  inst=1,003,040/s  avg=1,000,015/s
  t= 80250.9s  rows=80,252,142,916  +15,044,070  inst=1,002,938/s  avg=1,000,016/s
  t= 80265.9s  rows=80,267,056,168  +14,913,252  inst=994,217/s  avg=1,000,014/s
  t= 80280.9s  rows=80,282,100,238  +15,044,070  inst=1,002,938/s  avg=1,000,015/s
  t= 80295.9s  rows=80,297,144,308  +15,044,070  inst=1,002,938/s  avg=1,000,016/s
  t= 80310.9s  rows=80,312,057,560  +14,913,252  inst=994,217/s  avg=1,000,014/s
  t= 80325.9s  rows=80,327,101,630  +15,044,070  inst=1,002,938/s  avg=1,000,015/s
  t= 80340.9s  rows=80,342,145,700  +15,044,070  inst=1,002,938/s  avg=1,000,016/s
  t= 80355.9s  rows=80,357,058,952  +14,913,252  inst=994,217/s  avg=1,000,014/s
  t= 80370.9s  rows=80,372,103,022  +15,044,070  inst=1,002,938/s  avg=1,000,015/s
  t= 80385.9s  rows=80,387,147,092  +15,044,070  inst=1,002,938/s  avg=1,000,016/s
  t= 80400.9s  rows=80,402,060,344  +14,913,252  inst=994,217/s  avg=1,000,014/s
  t= 80415.9s  rows=80,417,104,414  +15,044,070  inst=1,002,938/s  avg=1,000,015/s
  t= 80430.9s  rows=80,432,148,484  +15,044,070  inst=1,002,938/s  avg=1,000,016/s
  t= 80445.9s  rows=80,447,061,736  +14,913,252  inst=994,217/s  avg=1,000,014/s
  t= 80460.9s  rows=80,462,105,806  +15,044,070  inst=1,002,938/s  avg=1,000,015/s
  t= 80475.9s  rows=80,477,149,876  +15,044,070  inst=1,002,938/s  avg=1,000,016/s
  t= 80490.9s  rows=80,492,063,128  +14,913,252  inst=994,217/s  avg=1,000,015/s
  t= 80505.9s  rows=80,507,107,198  +15,044,070  inst=1,002,938/s  avg=1,000,015/s
  t= 80520.9s  rows=80,522,151,268  +15,044,070  inst=1,002,938/s  avg=1,000,016/s
  t= 80535.9s  rows=80,537,064,520  +14,913,252  inst=994,217/s  avg=1,000,015/s
  t= 80550.9s  rows=80,552,108,590  +15,044,070  inst=1,002,938/s  avg=1,000,015/s
  t= 80565.9s  rows=80,567,021,842  +14,913,252  inst=994,217/s  avg=1,000,014/s
  t= 80580.9s  rows=80,582,103,751  +15,081,909  inst=1,005,461/s  avg=1,000,015/s
  t= 80595.9s  rows=80,597,147,821  +15,044,070  inst=1,002,938/s  avg=1,000,016/s
  t= 80610.9s  rows=80,612,191,891  +15,044,070  inst=1,002,938/s  avg=1,000,016/s
  t= 80625.9s  rows=80,627,105,143  +14,913,252  inst=994,217/s  avg=1,000,015/s
  t= 80640.9s  rows=80,642,149,213  +15,044,070  inst=1,002,938/s  avg=1,000,016/s
  t= 80655.9s  rows=80,657,193,283  +15,044,070  inst=1,002,938/s  avg=1,000,016/s
  t= 80670.9s  rows=80,672,106,535  +14,913,252  inst=994,217/s  avg=1,000,015/s
  t= 80685.9s  rows=80,687,150,605  +15,044,070  inst=1,002,938/s  avg=1,000,016/s
  t= 80700.9s  rows=80,702,063,857  +14,913,252  inst=994,217/s  avg=1,000,014/s
  t= 80715.9s  rows=80,717,107,927  +15,044,070  inst=1,002,938/s  avg=1,000,015/s
  t= 80730.9s  rows=80,732,151,997  +15,044,070  inst=1,002,938/s  avg=1,000,016/s
  t= 80745.9s  rows=80,747,065,249  +14,913,252  inst=994,217/s  avg=1,000,014/s
  t= 80760.9s  rows=80,762,109,319  +15,044,070  inst=1,002,938/s  avg=1,000,015/s
  t= 80775.9s  rows=80,777,153,389  +15,044,070  inst=1,002,938/s  avg=1,000,016/s
  t= 80790.9s  rows=80,792,066,641  +14,913,252  inst=994,217/s  avg=1,000,014/s
  t= 80805.9s  rows=80,807,110,711  +15,044,070  inst=1,002,938/s  avg=1,000,015/s
  t= 80820.9s  rows=80,822,154,781  +15,044,070  inst=1,002,938/s  avg=1,000,016/s
  t= 80835.9s  rows=80,837,068,033  +14,913,252  inst=994,217/s  avg=1,000,014/s
  t= 80850.9s  rows=80,852,112,103  +15,044,070  inst=1,002,938/s  avg=1,000,015/s
  t= 80865.9s  rows=80,867,156,173  +15,044,070  inst=1,002,938/s  avg=1,000,016/s
  t= 80880.9s  rows=80,882,069,425  +14,913,252  inst=994,217/s  avg=1,000,014/s
  t= 80895.9s  rows=80,897,113,495  +15,044,070  inst=1,002,938/s  avg=1,000,015/s
  t= 80910.9s  rows=80,912,157,565  +15,044,070  inst=1,002,938/s  avg=1,000,016/s
  t= 80925.9s  rows=80,927,070,817  +14,913,252  inst=994,217/s  avg=1,000,014/s
  t= 80940.9s  rows=80,942,114,887  +15,044,070  inst=1,002,938/s  avg=1,000,015/s
  t= 80955.9s  rows=80,957,158,957  +15,044,070  inst=1,002,938/s  avg=1,000,016/s
  t= 80970.9s  rows=80,972,072,209  +14,913,252  inst=994,217/s  avg=1,000,014/s
  t= 80985.9s  rows=80,987,116,279  +15,044,070  inst=1,002,938/s  avg=1,000,015/s
  t= 81000.9s  rows=81,002,029,531  +14,913,252  inst=994,217/s  avg=1,000,014/s
  t= 81015.9s  rows=81,017,073,601  +15,044,070  inst=1,002,938/s  avg=1,000,014/s
  t= 81030.9s  rows=81,032,117,671  +15,044,070  inst=1,002,938/s  avg=1,000,015/s
  t= 81045.9s  rows=81,047,161,741  +15,044,070  inst=1,002,938/s  avg=1,000,016/s
  t= 81060.9s  rows=81,062,074,993  +14,913,252  inst=994,217/s  avg=1,000,014/s
  t= 81075.9s  rows=81,077,119,063  +15,044,070  inst=1,002,938/s  avg=1,000,015/s
  t= 81090.9s  rows=81,092,163,133  +15,044,070  inst=1,002,938/s  avg=1,000,016/s
  t= 81105.9s  rows=81,107,076,385  +14,913,252  inst=994,217/s  avg=1,000,014/s
  t= 81120.9s  rows=81,122,120,455  +15,044,070  inst=1,002,938/s  avg=1,000,015/s
  t= 81135.9s  rows=81,137,164,525  +15,044,070  inst=1,002,938/s  avg=1,000,016/s
  t= 81150.9s  rows=81,152,077,777  +14,913,252  inst=994,217/s  avg=1,000,014/s
  t= 81165.9s  rows=81,167,121,847  +15,044,070  inst=1,002,938/s  avg=1,000,015/s
  t= 81180.9s  rows=81,182,035,099  +14,913,252  inst=994,217/s  avg=1,000,014/s
  t= 81195.9s  rows=81,197,079,169  +15,044,070  inst=1,002,938/s  avg=1,000,014/s
  t= 81210.9s  rows=81,212,123,239  +15,044,070  inst=1,002,938/s  avg=1,000,015/s
  t= 81225.9s  rows=81,227,167,309  +15,044,070  inst=1,002,938/s  avg=1,000,016/s
  t= 81240.9s  rows=81,242,080,561  +14,913,252  inst=994,217/s  avg=1,000,014/s
  t= 81255.9s  rows=81,257,124,631  +15,044,070  inst=1,002,938/s  avg=1,000,015/s
  t= 81270.9s  rows=81,272,037,883  +14,913,252  inst=994,217/s  avg=1,000,014/s
  t= 81285.9s  rows=81,287,081,953  +15,044,070  inst=1,002,938/s  avg=1,000,014/s
  t= 81300.9s  rows=81,302,126,023  +15,044,070  inst=1,002,938/s  avg=1,000,015/s
  t= 81315.9s  rows=81,317,170,093  +15,044,070  inst=1,002,938/s  avg=1,000,016/s
  t= 81330.9s  rows=81,332,083,345  +14,913,252  inst=994,217/s  avg=1,000,015/s
  t= 81345.9s  rows=81,347,127,415  +15,044,070  inst=1,002,938/s  avg=1,000,015/s
  t= 81360.9s  rows=81,362,056,912  +14,929,497  inst=995,300/s  avg=1,000,014/s
  t= 81375.9s  rows=81,377,100,982  +15,044,070  inst=1,002,938/s  avg=1,000,015/s
  t= 81390.9s  rows=81,392,145,052  +15,044,070  inst=1,002,938/s  avg=1,000,015/s
  t= 81405.9s  rows=81,407,189,122  +15,044,070  inst=1,002,938/s  avg=1,000,016/s
  t= 81420.9s  rows=81,422,102,374  +14,913,252  inst=994,217/s  avg=1,000,015/s
  t= 81435.9s  rows=81,437,146,444  +15,044,070  inst=1,002,938/s  avg=1,000,015/s
  t= 81450.9s  rows=81,452,190,514  +15,044,070  inst=1,002,938/s  avg=1,000,016/s
  t= 81465.9s  rows=81,467,103,766  +14,913,252  inst=994,217/s  avg=1,000,015/s
  t= 81480.9s  rows=81,482,147,836  +15,044,070  inst=1,002,938/s  avg=1,000,015/s
  t= 81495.9s  rows=81,497,191,906  +15,044,070  inst=1,002,938/s  avg=1,000,016/s
  t= 81510.9s  rows=81,512,105,158  +14,913,252  inst=994,217/s  avg=1,000,015/s
  t= 81525.9s  rows=81,527,149,228  +15,044,070  inst=1,002,938/s  avg=1,000,015/s
  t= 81540.9s  rows=81,542,062,480  +14,913,252  inst=994,217/s  avg=1,000,014/s
  t= 81555.9s  rows=81,557,106,550  +15,044,070  inst=1,002,938/s  avg=1,000,015/s
  t= 81570.9s  rows=81,572,150,620  +15,044,070  inst=1,002,938/s  avg=1,000,015/s
  t= 81585.9s  rows=81,587,063,872  +14,913,252  inst=994,217/s  avg=1,000,014/s
  t= 81600.9s  rows=81,602,107,942  +15,044,070  inst=1,002,938/s  avg=1,000,015/s
  t= 81615.9s  rows=81,617,152,012  +15,044,070  inst=1,002,938/s  avg=1,000,015/s
  t= 81630.9s  rows=81,632,196,082  +15,044,070  inst=1,002,938/s  avg=1,000,016/s
  t= 81645.9s  rows=81,647,109,334  +14,913,252  inst=994,217/s  avg=1,000,015/s
  t= 81660.9s  rows=81,662,022,586  +14,913,252  inst=994,217/s  avg=1,000,014/s
  t= 81675.9s  rows=81,677,197,474  +15,174,888  inst=1,011,659/s  avg=1,000,016/s
  t= 81690.9s  rows=81,692,110,726  +14,913,252  inst=994,217/s  avg=1,000,015/s
  t= 81705.9s  rows=81,707,154,796  +15,044,070  inst=1,002,938/s  avg=1,000,015/s
  t= 81720.9s  rows=81,722,068,048  +14,913,252  inst=994,217/s  avg=1,000,014/s
  t= 81735.9s  rows=81,737,112,118  +15,044,070  inst=1,002,938/s  avg=1,000,015/s
  t= 81750.9s  rows=81,752,156,188  +15,044,070  inst=1,002,938/s  avg=1,000,015/s
  t= 81765.9s  rows=81,767,069,440  +14,913,252  inst=994,217/s  avg=1,000,014/s
  t= 81780.9s  rows=81,782,113,510  +15,044,070  inst=1,002,938/s  avg=1,000,015/s
  t= 81795.9s  rows=81,797,157,580  +15,044,070  inst=1,002,938/s  avg=1,000,015/s
  t= 81810.9s  rows=81,812,070,832  +14,913,252  inst=994,217/s  avg=1,000,014/s
  t= 81825.9s  rows=81,827,114,902  +15,044,070  inst=1,002,938/s  avg=1,000,015/s
  t= 81840.9s  rows=81,842,158,972  +15,044,070  inst=1,002,938/s  avg=1,000,015/s
  t= 81855.9s  rows=81,857,072,224  +14,913,252  inst=994,217/s  avg=1,000,014/s
  t= 81870.9s  rows=81,872,116,294  +15,044,070  inst=1,002,938/s  avg=1,000,015/s
  t= 81885.9s  rows=81,887,160,364  +15,044,070  inst=1,002,938/s  avg=1,000,015/s
  t= 81900.9s  rows=81,902,073,616  +14,913,252  inst=994,217/s  avg=1,000,014/s
  t= 81915.9s  rows=81,917,117,686  +15,044,070  inst=1,002,938/s  avg=1,000,015/s
  t= 81930.9s  rows=81,932,161,756  +15,044,070  inst=1,002,938/s  avg=1,000,015/s
  t= 81945.9s  rows=81,947,075,008  +14,913,252  inst=994,217/s  avg=1,000,014/s
  t= 81960.9s  rows=81,962,119,078  +15,044,070  inst=1,002,938/s  avg=1,000,015/s
  t= 81975.9s  rows=81,977,163,148  +15,044,070  inst=1,002,938/s  avg=1,000,015/s
  t= 81990.9s  rows=81,992,076,400  +14,913,252  inst=994,217/s  avg=1,000,014/s
  t= 82005.9s  rows=82,007,120,470  +15,044,070  inst=1,002,938/s  avg=1,000,015/s
  t= 82020.9s  rows=82,022,164,540  +15,044,070  inst=1,002,938/s  avg=1,000,015/s
  t= 82035.9s  rows=82,037,077,792  +14,913,252  inst=994,217/s  avg=1,000,014/s
  t= 82050.9s  rows=82,052,121,862  +15,044,070  inst=1,002,938/s  avg=1,000,015/s
  t= 82065.9s  rows=82,067,165,932  +15,044,070  inst=1,002,938/s  avg=1,000,015/s
  t= 82080.9s  rows=82,082,079,184  +14,913,252  inst=994,217/s  avg=1,000,014/s
  t= 82095.9s  rows=82,097,123,254  +15,044,070  inst=1,002,938/s  avg=1,000,015/s
  t= 82110.9s  rows=82,112,191,458  +15,068,204  inst=1,004,547/s  avg=1,000,016/s
  t= 82125.9s  rows=82,127,116,998  +14,925,540  inst=995,036/s  avg=1,000,015/s
  t= 82140.9s  rows=82,142,161,068  +15,044,070  inst=1,002,938/s  avg=1,000,015/s
  t= 82155.9s  rows=82,157,074,320  +14,913,252  inst=994,217/s  avg=1,000,014/s
  t= 82170.9s  rows=82,172,118,390  +15,044,070  inst=1,002,938/s  avg=1,000,015/s
  t= 82185.9s  rows=82,187,162,460  +15,044,070  inst=1,002,938/s  avg=1,000,015/s
  t= 82200.9s  rows=82,202,075,712  +14,913,252  inst=994,217/s  avg=1,000,014/s
  t= 82215.9s  rows=82,217,119,782  +15,044,070  inst=1,002,938/s  avg=1,000,015/s
  t= 82230.9s  rows=82,232,163,852  +15,044,070  inst=1,002,938/s  avg=1,000,015/s
  t= 82245.9s  rows=82,247,077,104  +14,913,252  inst=994,217/s  avg=1,000,014/s
  t= 82260.9s  rows=82,262,121,174  +15,044,070  inst=1,002,938/s  avg=1,000,015/s
  t= 82275.9s  rows=82,277,165,244  +15,044,070  inst=1,002,938/s  avg=1,000,015/s
  t= 82290.9s  rows=82,292,078,496  +14,913,252  inst=994,217/s  avg=1,000,014/s
  t= 82305.9s  rows=82,307,122,566  +15,044,070  inst=1,002,938/s  avg=1,000,015/s
  t= 82320.9s  rows=82,322,166,636  +15,044,070  inst=1,002,938/s  avg=1,000,015/s
  t= 82335.9s  rows=82,337,079,888  +14,913,252  inst=994,217/s  avg=1,000,014/s
  t= 82350.9s  rows=82,352,123,958  +15,044,070  inst=1,002,938/s  avg=1,000,015/s
  t= 82365.9s  rows=82,367,037,210  +14,913,252  inst=994,217/s  avg=1,000,014/s
  t= 82380.9s  rows=82,382,081,280  +15,044,070  inst=1,002,938/s  avg=1,000,014/s
  t= 82395.9s  rows=82,397,125,350  +15,044,070  inst=1,002,938/s  avg=1,000,015/s
  t= 82410.9s  rows=82,412,169,420  +15,044,070  inst=1,002,938/s  avg=1,000,015/s
  t= 82425.9s  rows=82,427,082,672  +14,913,252  inst=994,217/s  avg=1,000,014/s
  t= 82440.9s  rows=82,442,126,742  +15,044,070  inst=1,002,938/s  avg=1,000,015/s
  t= 82455.9s  rows=82,457,170,812  +15,044,070  inst=1,002,938/s  avg=1,000,015/s
  t= 82470.9s  rows=82,472,084,064  +14,913,252  inst=994,217/s  avg=1,000,014/s
  t= 82485.9s  rows=82,487,128,134  +15,044,070  inst=1,002,938/s  avg=1,000,015/s
  t= 82500.9s  rows=82,502,172,204  +15,044,070  inst=1,002,938/s  avg=1,000,015/s
  t= 82515.9s  rows=82,517,085,456  +14,913,252  inst=994,217/s  avg=1,000,014/s
  t= 82530.9s  rows=82,532,129,526  +15,044,070  inst=1,002,938/s  avg=1,000,015/s
  t= 82545.9s  rows=82,547,042,778  +14,913,252  inst=994,217/s  avg=1,000,014/s
  t= 82560.9s  rows=82,562,086,848  +15,044,070  inst=1,002,938/s  avg=1,000,014/s
  t= 82575.9s  rows=82,577,130,918  +15,044,070  inst=1,002,938/s  avg=1,000,015/s
  t= 82590.9s  rows=82,592,174,988  +15,044,070  inst=1,002,938/s  avg=1,000,015/s
  t= 82605.9s  rows=82,607,088,240  +14,913,252  inst=994,217/s  avg=1,000,014/s
  t= 82620.9s  rows=82,622,132,310  +15,044,070  inst=1,002,938/s  avg=1,000,015/s
  t= 82635.9s  rows=82,637,176,380  +15,044,070  inst=1,002,938/s  avg=1,000,015/s
  t= 82650.9s  rows=82,652,089,632  +14,913,252  inst=994,217/s  avg=1,000,014/s
  t= 82665.9s  rows=82,667,133,702  +15,044,070  inst=1,002,938/s  avg=1,000,015/s
  t= 82680.9s  rows=82,682,046,954  +14,913,252  inst=994,217/s  avg=1,000,014/s
  t= 82695.9s  rows=82,697,091,024  +15,044,070  inst=1,002,938/s  avg=1,000,014/s
  t= 82710.9s  rows=82,712,135,094  +15,044,070  inst=1,002,938/s  avg=1,000,015/s
  t= 82725.9s  rows=82,727,179,164  +15,044,070  inst=1,002,938/s  avg=1,000,015/s
  t= 82740.9s  rows=82,742,092,416  +14,913,252  inst=994,217/s  avg=1,000,014/s
  t= 82755.9s  rows=82,757,136,486  +15,044,070  inst=1,002,938/s  avg=1,000,015/s
  t= 82770.9s  rows=82,772,180,556  +15,044,070  inst=1,002,938/s  avg=1,000,015/s
  t= 82785.9s  rows=82,787,093,808  +14,913,252  inst=994,217/s  avg=1,000,014/s
  t= 82800.9s  rows=82,802,137,878  +15,044,070  inst=1,002,938/s  avg=1,000,015/s
  t= 82815.9s  rows=82,817,181,948  +15,044,070  inst=1,002,938/s  avg=1,000,015/s
  t= 82830.9s  rows=82,832,011,511  +14,829,563  inst=988,638/s  avg=1,000,013/s
  t= 82845.9s  rows=82,847,186,399  +15,174,888  inst=1,011,659/s  avg=1,000,015/s
  t= 82860.9s  rows=82,862,099,651  +14,913,252  inst=994,217/s  avg=1,000,014/s
  t= 82875.9s  rows=82,877,143,721  +15,044,070  inst=1,002,938/s  avg=1,000,015/s
  t= 82890.9s  rows=82,892,187,791  +15,044,070  inst=1,002,938/s  avg=1,000,015/s
  t= 82905.9s  rows=82,907,101,043  +14,913,252  inst=994,217/s  avg=1,000,014/s
  t= 82920.9s  rows=82,922,145,113  +15,044,070  inst=1,002,938/s  avg=1,000,015/s
  t= 82935.9s  rows=82,937,189,183  +15,044,070  inst=1,002,938/s  avg=1,000,015/s
  t= 82950.9s  rows=82,952,102,435  +14,913,252  inst=994,217/s  avg=1,000,014/s
  t= 82965.9s  rows=82,967,146,505  +15,044,070  inst=1,002,938/s  avg=1,000,015/s
  t= 82980.9s  rows=82,982,190,575  +15,044,070  inst=1,002,938/s  avg=1,000,015/s
  t= 82995.9s  rows=82,997,103,827  +14,913,252  inst=994,217/s  avg=1,000,014/s
  t= 83010.9s  rows=83,012,147,897  +15,044,070  inst=1,002,938/s  avg=1,000,015/s
  t= 83025.9s  rows=83,027,061,149  +14,913,252  inst=994,217/s  avg=1,000,014/s
  t= 83040.9s  rows=83,042,105,219  +15,044,070  inst=1,002,938/s  avg=1,000,014/s
  t= 83055.9s  rows=83,057,149,289  +15,044,070  inst=1,002,938/s  avg=1,000,015/s
  t= 83070.9s  rows=83,072,193,359  +15,044,070  inst=1,002,938/s  avg=1,000,015/s
  t= 83085.9s  rows=83,087,106,611  +14,913,252  inst=994,217/s  avg=1,000,014/s
  t= 83100.9s  rows=83,102,150,681  +15,044,070  inst=1,002,938/s  avg=1,000,015/s
  t= 83115.9s  rows=83,117,194,751  +15,044,070  inst=1,002,938/s  avg=1,000,015/s
  t= 83130.9s  rows=83,132,108,003  +14,913,252  inst=994,217/s  avg=1,000,014/s
  t= 83145.9s  rows=83,147,152,073  +15,044,070  inst=1,002,938/s  avg=1,000,015/s
  t= 83160.9s  rows=83,162,196,143  +15,044,070  inst=1,002,938/s  avg=1,000,015/s
  t= 83175.9s  rows=83,177,109,395  +14,913,252  inst=994,217/s  avg=1,000,014/s
  t= 83190.9s  rows=83,192,153,465  +15,044,070  inst=1,002,938/s  avg=1,000,015/s
  t= 83205.9s  rows=83,207,197,535  +15,044,070  inst=1,002,938/s  avg=1,000,015/s
  t= 83220.9s  rows=83,222,110,787  +14,913,252  inst=994,217/s  avg=1,000,014/s
  t= 83235.9s  rows=83,237,154,857  +15,044,070  inst=1,002,938/s  avg=1,000,015/s
  t= 83250.9s  rows=83,252,068,109  +14,913,252  inst=994,217/s  avg=1,000,014/s
  t= 83265.9s  rows=83,267,112,179  +15,044,070  inst=1,002,938/s  avg=1,000,014/s
  t= 83280.9s  rows=83,282,156,249  +15,044,070  inst=1,002,938/s  avg=1,000,015/s
  t= 83295.9s  rows=83,297,200,319  +15,044,070  inst=1,002,938/s  avg=1,000,015/s
  t= 83310.9s  rows=83,312,113,571  +14,913,252  inst=994,217/s  avg=1,000,014/s
  t= 83325.9s  rows=83,327,157,641  +15,044,070  inst=1,002,938/s  avg=1,000,015/s
  t= 83340.9s  rows=83,342,070,893  +14,913,252  inst=994,217/s  avg=1,000,014/s
  t= 83355.9s  rows=83,357,114,963  +15,044,070  inst=1,002,938/s  avg=1,000,014/s
  t= 83370.9s  rows=83,372,159,033  +15,044,070  inst=1,002,938/s  avg=1,000,015/s
  t= 83385.9s  rows=83,387,203,103  +15,044,070  inst=1,002,938/s  avg=1,000,015/s
  t= 83400.9s  rows=83,402,116,355  +14,913,252  inst=994,217/s  avg=1,000,014/s
  t= 83415.9s  rows=83,417,160,425  +15,044,070  inst=1,002,938/s  avg=1,000,015/s
  t= 83430.9s  rows=83,432,204,495  +15,044,070  inst=1,002,938/s  avg=1,000,015/s
  t= 83445.9s  rows=83,447,117,747  +14,913,252  inst=994,217/s  avg=1,000,014/s
  t= 83460.9s  rows=83,462,161,817  +15,044,070  inst=1,002,938/s  avg=1,000,015/s
  t= 83475.9s  rows=83,477,205,887  +15,044,070  inst=1,002,938/s  avg=1,000,015/s
  t= 83490.9s  rows=83,492,119,139  +14,913,252  inst=994,217/s  avg=1,000,014/s
  t= 83505.9s  rows=83,507,163,209  +15,044,070  inst=1,002,938/s  avg=1,000,015/s
  t= 83520.9s  rows=83,522,076,461  +14,913,252  inst=994,217/s  avg=1,000,014/s
  t= 83535.9s  rows=83,537,120,531  +15,044,070  inst=1,002,938/s  avg=1,000,014/s
  t= 83550.9s  rows=83,552,164,601  +15,044,070  inst=1,002,938/s  avg=1,000,015/s
  t= 83565.9s  rows=83,567,208,671  +15,044,070  inst=1,002,938/s  avg=1,000,015/s
  t= 83580.9s  rows=83,582,121,923  +14,913,252  inst=994,217/s  avg=1,000,014/s
  t= 83595.9s  rows=83,597,165,993  +15,044,070  inst=1,002,938/s  avg=1,000,015/s
  t= 83610.9s  rows=83,612,210,063  +15,044,070  inst=1,002,938/s  avg=1,000,015/s
  t= 83625.9s  rows=83,627,123,315  +14,913,252  inst=994,217/s  avg=1,000,014/s
  t= 83640.9s  rows=83,642,167,385  +15,044,070  inst=1,002,938/s  avg=1,000,015/s
  t= 83655.9s  rows=83,657,211,455  +15,044,070  inst=1,002,938/s  avg=1,000,015/s
  t= 83670.9s  rows=83,672,124,707  +14,913,252  inst=994,217/s  avg=1,000,014/s
  t= 83685.9s  rows=83,687,168,777  +15,044,070  inst=1,002,938/s  avg=1,000,015/s
  t= 83700.9s  rows=83,702,212,847  +15,044,070  inst=1,002,938/s  avg=1,000,015/s
  t= 83715.9s  rows=83,717,115,091  +14,902,244  inst=993,483/s  avg=1,000,014/s
  t= 83730.9s  rows=83,732,159,161  +15,044,070  inst=1,002,938/s  avg=1,000,015/s
  t= 83745.9s  rows=83,747,072,413  +14,913,252  inst=994,217/s  avg=1,000,014/s
  t= 83760.9s  rows=83,762,116,483  +15,044,070  inst=1,002,938/s  avg=1,000,014/s
  t= 83775.9s  rows=83,777,160,553  +15,044,070  inst=1,002,938/s  avg=1,000,015/s
  t= 83790.9s  rows=83,792,204,623  +15,044,070  inst=1,002,938/s  avg=1,000,015/s
  t= 83805.9s  rows=83,807,117,875  +14,913,252  inst=994,217/s  avg=1,000,014/s
  t= 83820.9s  rows=83,822,161,945  +15,044,070  inst=1,002,938/s  avg=1,000,015/s
  t= 83835.9s  rows=83,837,206,015  +15,044,070  inst=1,002,938/s  avg=1,000,015/s
  t= 83850.9s  rows=83,852,119,267  +14,913,252  inst=994,217/s  avg=1,000,014/s
  t= 83865.9s  rows=83,867,163,337  +15,044,070  inst=1,002,938/s  avg=1,000,015/s
  t= 83880.9s  rows=83,882,076,589  +14,913,252  inst=994,217/s  avg=1,000,014/s
  t= 83895.9s  rows=83,897,120,659  +15,044,070  inst=1,002,938/s  avg=1,000,014/s
  t= 83910.9s  rows=83,912,164,729  +15,044,070  inst=1,002,938/s  avg=1,000,015/s
  t= 83925.9s  rows=83,927,208,799  +15,044,070  inst=1,002,938/s  avg=1,000,015/s
  t= 83940.9s  rows=83,942,122,051  +14,913,252  inst=994,217/s  avg=1,000,014/s
  t= 83955.9s  rows=83,957,166,121  +15,044,070  inst=1,002,938/s  avg=1,000,015/s
  t= 83970.9s  rows=83,972,079,373  +14,913,252  inst=994,217/s  avg=1,000,014/s
  t= 83985.9s  rows=83,987,123,443  +15,044,070  inst=1,002,938/s  avg=1,000,014/s
  t= 84000.9s  rows=84,002,167,513  +15,044,070  inst=1,002,938/s  avg=1,000,015/s
  t= 84015.9s  rows=84,017,211,583  +15,044,070  inst=1,002,938/s  avg=1,000,015/s
  t= 84030.9s  rows=84,032,124,835  +14,913,252  inst=994,217/s  avg=1,000,014/s
  t= 84045.9s  rows=84,047,038,087  +14,913,252  inst=994,217/s  avg=1,000,013/s
  t= 84060.9s  rows=84,062,082,157  +15,044,070  inst=1,002,938/s  avg=1,000,014/s
  t= 84075.9s  rows=84,077,126,227  +15,044,070  inst=1,002,938/s  avg=1,000,014/s
  t= 84090.9s  rows=84,092,170,297  +15,044,070  inst=1,002,938/s  avg=1,000,015/s
  t= 84105.9s  rows=84,107,214,367  +15,044,070  inst=1,002,938/s  avg=1,000,015/s
  t= 84120.9s  rows=84,122,127,619  +14,913,252  inst=994,217/s  avg=1,000,014/s
  t= 84135.9s  rows=84,137,171,689  +15,044,070  inst=1,002,938/s  avg=1,000,015/s
  t= 84150.9s  rows=84,152,215,759  +15,044,070  inst=1,002,938/s  avg=1,000,015/s
  t= 84165.9s  rows=84,167,129,011  +14,913,252  inst=994,217/s  avg=1,000,014/s
  t= 84180.9s  rows=84,182,173,081  +15,044,070  inst=1,002,938/s  avg=1,000,015/s
  t= 84195.9s  rows=84,197,217,151  +15,044,070  inst=1,002,938/s  avg=1,000,015/s
  t= 84210.9s  rows=84,212,130,403  +14,913,252  inst=994,217/s  avg=1,000,014/s
  t= 84225.9s  rows=84,227,174,473  +15,044,070  inst=1,002,938/s  avg=1,000,015/s
  t= 84240.9s  rows=84,242,087,725  +14,913,252  inst=994,217/s  avg=1,000,014/s
  t= 84255.9s  rows=84,257,131,795  +15,044,070  inst=1,002,938/s  avg=1,000,014/s
  t= 84270.9s  rows=84,272,045,047  +14,913,252  inst=994,217/s  avg=1,000,013/s
  t= 84285.9s  rows=84,287,089,117  +15,044,070  inst=1,002,938/s  avg=1,000,014/s
  t= 84300.9s  rows=84,302,133,187  +15,044,070  inst=1,002,938/s  avg=1,000,014/s
  t= 84315.9s  rows=84,317,177,257  +15,044,070  inst=1,002,938/s  avg=1,000,015/s
  t= 84330.9s  rows=84,332,221,327  +15,044,070  inst=1,002,938/s  avg=1,000,015/s
  t= 84345.9s  rows=84,347,134,579  +14,913,252  inst=994,217/s  avg=1,000,014/s
  t= 84360.9s  rows=84,362,178,649  +15,044,070  inst=1,002,938/s  avg=1,000,015/s
  t= 84375.9s  rows=84,377,091,901  +14,913,252  inst=994,217/s  avg=1,000,014/s
  t= 84390.9s  rows=84,392,135,971  +15,044,070  inst=1,002,938/s  avg=1,000,014/s
  t= 84405.9s  rows=84,407,180,041  +15,044,070  inst=1,002,938/s  avg=1,000,015/s
  t= 84420.9s  rows=84,422,093,293  +14,913,252  inst=994,217/s  avg=1,000,014/s
  t= 84435.9s  rows=84,437,137,363  +15,044,070  inst=1,002,938/s  avg=1,000,014/s
  t= 84450.9s  rows=84,452,181,433  +15,044,070  inst=1,002,938/s  avg=1,000,015/s
  t= 84465.9s  rows=84,467,070,858  +14,889,425  inst=992,628/s  avg=1,000,013/s
  t= 84480.9s  rows=84,482,114,928  +15,044,070  inst=1,002,938/s  avg=1,000,014/s
  t= 84495.9s  rows=84,497,158,998  +15,044,070  inst=1,002,938/s  avg=1,000,014/s
  t= 84510.9s  rows=84,512,203,068  +15,044,070  inst=1,002,938/s  avg=1,000,015/s
  t= 84525.9s  rows=84,527,116,320  +14,913,252  inst=994,217/s  avg=1,000,014/s
  t= 84540.9s  rows=84,542,160,390  +15,044,070  inst=1,002,938/s  avg=1,000,014/s
  t= 84555.9s  rows=84,557,204,460  +15,044,070  inst=1,002,938/s  avg=1,000,015/s
  t= 84570.9s  rows=84,572,117,712  +14,913,252  inst=994,217/s  avg=1,000,014/s
  t= 84585.9s  rows=84,587,161,782  +15,044,070  inst=1,002,938/s  avg=1,000,014/s
  t= 84600.9s  rows=84,602,205,852  +15,044,070  inst=1,002,938/s  avg=1,000,015/s
  t= 84615.9s  rows=84,617,119,104  +14,913,252  inst=994,217/s  avg=1,000,014/s
  t= 84630.9s  rows=84,632,163,174  +15,044,070  inst=1,002,938/s  avg=1,000,014/s
  t= 84645.9s  rows=84,647,207,244  +15,044,070  inst=1,002,938/s  avg=1,000,015/s
  t= 84660.9s  rows=84,662,120,496  +14,913,252  inst=994,217/s  avg=1,000,014/s
  t= 84675.9s  rows=84,677,164,566  +15,044,070  inst=1,002,938/s  avg=1,000,014/s
  t= 84690.9s  rows=84,692,208,636  +15,044,070  inst=1,002,938/s  avg=1,000,015/s
  t= 84705.9s  rows=84,707,121,888  +14,913,252  inst=994,217/s  avg=1,000,014/s
  t= 84720.9s  rows=84,722,165,958  +15,044,070  inst=1,002,938/s  avg=1,000,015/s
  t= 84735.9s  rows=84,737,210,028  +15,044,070  inst=1,002,938/s  avg=1,000,015/s
  t= 84750.9s  rows=84,752,123,280  +14,913,252  inst=994,217/s  avg=1,000,014/s
  t= 84765.9s  rows=84,767,036,532  +14,913,252  inst=994,217/s  avg=1,000,013/s
  t= 84780.9s  rows=84,782,080,602  +15,044,070  inst=1,002,938/s  avg=1,000,013/s
  t= 84795.9s  rows=84,797,124,672  +15,044,070  inst=1,002,938/s  avg=1,000,014/s
  t= 84810.9s  rows=84,812,168,742  +15,044,070  inst=1,002,938/s  avg=1,000,015/s
  t= 84825.9s  rows=84,827,212,812  +15,044,070  inst=1,002,938/s  avg=1,000,015/s
  t= 84840.9s  rows=84,842,126,064  +14,913,252  inst=994,217/s  avg=1,000,014/s
  t= 84855.9s  rows=84,857,170,134  +15,044,070  inst=1,002,938/s  avg=1,000,015/s
  t= 84870.9s  rows=84,872,214,204  +15,044,070  inst=1,002,938/s  avg=1,000,015/s
  t= 84885.9s  rows=84,887,127,456  +14,913,252  inst=994,217/s  avg=1,000,014/s
  t= 84900.9s  rows=84,902,171,526  +15,044,070  inst=1,002,938/s  avg=1,000,015/s
  t= 84915.9s  rows=84,917,215,596  +15,044,070  inst=1,002,938/s  avg=1,000,015/s
  t= 84930.9s  rows=84,932,128,848  +14,913,252  inst=994,217/s  avg=1,000,014/s
  t= 84945.9s  rows=84,947,172,918  +15,044,070  inst=1,002,938/s  avg=1,000,015/s
  t= 84960.9s  rows=84,962,216,988  +15,044,070  inst=1,002,938/s  avg=1,000,015/s
  t= 84975.9s  rows=84,977,130,240  +14,913,252  inst=994,217/s  avg=1,000,014/s
  t= 84990.9s  rows=84,992,174,310  +15,044,070  inst=1,002,938/s  avg=1,000,015/s
  t= 85005.9s  rows=85,007,218,380  +15,044,070  inst=1,002,938/s  avg=1,000,015/s
  t= 85020.9s  rows=85,022,131,632  +14,913,252  inst=994,217/s  avg=1,000,014/s
  t= 85035.9s  rows=85,037,175,702  +15,044,070  inst=1,002,938/s  avg=1,000,015/s
  t= 85050.9s  rows=85,052,219,772  +15,044,070  inst=1,002,938/s  avg=1,000,015/s
  t= 85065.9s  rows=85,067,133,024  +14,913,252  inst=994,217/s  avg=1,000,014/s
  t= 85080.9s  rows=85,082,177,094  +15,044,070  inst=1,002,938/s  avg=1,000,015/s
  t= 85095.9s  rows=85,097,090,346  +14,913,252  inst=994,217/s  avg=1,000,013/s
  t= 85110.9s  rows=85,112,134,416  +15,044,070  inst=1,002,938/s  avg=1,000,014/s
  t= 85125.9s  rows=85,127,178,486  +15,044,070  inst=1,002,938/s  avg=1,000,015/s
  t= 85140.9s  rows=85,142,222,556  +15,044,070  inst=1,002,938/s  avg=1,000,015/s
  t= 85155.9s  rows=85,157,135,808  +14,913,252  inst=994,217/s  avg=1,000,014/s
  t= 85170.9s  rows=85,172,179,878  +15,044,070  inst=1,002,938/s  avg=1,000,015/s
  t= 85185.9s  rows=85,187,093,130  +14,913,252  inst=994,217/s  avg=1,000,013/s
  t= 85200.9s  rows=85,202,203,804  +15,110,674  inst=1,007,378/s  avg=1,000,015/s
  t= 85215.9s  rows=85,217,117,056  +14,913,252  inst=994,217/s  avg=1,000,014/s
  t= 85230.9s  rows=85,232,161,126  +15,044,070  inst=1,002,938/s  avg=1,000,014/s
  t= 85245.9s  rows=85,247,205,196  +15,044,070  inst=1,002,938/s  avg=1,000,015/s
  t= 85260.9s  rows=85,262,118,448  +14,913,252  inst=994,217/s  avg=1,000,014/s
  t= 85275.9s  rows=85,277,162,518  +15,044,070  inst=1,002,938/s  avg=1,000,014/s
  t= 85290.9s  rows=85,292,206,588  +15,044,070  inst=1,002,938/s  avg=1,000,015/s
  t= 85305.9s  rows=85,307,119,840  +14,913,252  inst=994,217/s  avg=1,000,014/s
  t= 85320.9s  rows=85,322,163,910  +15,044,070  inst=1,002,938/s  avg=1,000,014/s
  t= 85335.9s  rows=85,337,207,980  +15,044,070  inst=1,002,938/s  avg=1,000,015/s
  t= 85350.9s  rows=85,352,121,232  +14,913,252  inst=994,217/s  avg=1,000,014/s
  t= 85365.9s  rows=85,367,165,302  +15,044,070  inst=1,002,938/s  avg=1,000,014/s
  t= 85380.9s  rows=85,382,209,372  +15,044,070  inst=1,002,938/s  avg=1,000,015/s
  t= 85395.9s  rows=85,397,122,624  +14,913,252  inst=994,217/s  avg=1,000,014/s
  t= 85410.9s  rows=85,412,166,694  +15,044,070  inst=1,002,938/s  avg=1,000,014/s
  t= 85425.9s  rows=85,427,079,946  +14,913,252  inst=994,217/s  avg=1,000,013/s
  t= 85440.9s  rows=85,442,124,016  +15,044,070  inst=1,002,938/s  avg=1,000,014/s
  t= 85455.9s  rows=85,457,168,086  +15,044,070  inst=1,002,938/s  avg=1,000,014/s
  t= 85470.9s  rows=85,472,212,156  +15,044,070  inst=1,002,938/s  avg=1,000,015/s
  t= 85485.9s  rows=85,487,125,408  +14,913,252  inst=994,217/s  avg=1,000,014/s
  t= 85500.9s  rows=85,502,169,478  +15,044,070  inst=1,002,938/s  avg=1,000,014/s
  t= 85515.9s  rows=85,517,213,548  +15,044,070  inst=1,002,938/s  avg=1,000,015/s
  t= 85530.9s  rows=85,532,126,800  +14,913,252  inst=994,217/s  avg=1,000,014/s
  t= 85545.9s  rows=85,547,170,870  +15,044,070  inst=1,002,938/s  avg=1,000,014/s
  t= 85560.9s  rows=85,562,084,122  +14,913,252  inst=994,217/s  avg=1,000,013/s
  t= 85575.9s  rows=85,577,128,192  +15,044,070  inst=1,002,938/s  avg=1,000,014/s
  t= 85590.9s  rows=85,592,172,262  +15,044,070  inst=1,002,938/s  avg=1,000,014/s
  t= 85605.9s  rows=85,607,216,332  +15,044,070  inst=1,002,938/s  avg=1,000,015/s
  t= 85620.9s  rows=85,622,129,584  +14,913,252  inst=994,217/s  avg=1,000,014/s
  t= 85635.9s  rows=85,637,173,654  +15,044,070  inst=1,002,938/s  avg=1,000,014/s
  t= 85650.9s  rows=85,652,217,724  +15,044,070  inst=1,002,938/s  avg=1,000,015/s
  t= 85665.9s  rows=85,667,130,976  +14,913,252  inst=994,217/s  avg=1,000,014/s
  t= 85680.9s  rows=85,682,175,046  +15,044,070  inst=1,002,938/s  avg=1,000,014/s
  t= 85695.9s  rows=85,697,219,116  +15,044,070  inst=1,002,938/s  avg=1,000,015/s
  t= 85710.9s  rows=85,712,132,368  +14,913,252  inst=994,217/s  avg=1,000,014/s
  t= 85725.9s  rows=85,727,176,438  +15,044,070  inst=1,002,938/s  avg=1,000,014/s
  t= 85740.9s  rows=85,742,220,508  +15,044,070  inst=1,002,938/s  avg=1,000,015/s
  t= 85755.9s  rows=85,757,133,760  +14,913,252  inst=994,217/s  avg=1,000,014/s
  t= 85771.0s  rows=85,772,177,830  +15,044,070  inst=1,002,938/s  avg=1,000,014/s
  t= 85786.0s  rows=85,787,221,900  +15,044,070  inst=1,002,938/s  avg=1,000,015/s
  t= 85801.0s  rows=85,802,135,152  +14,913,252  inst=994,217/s  avg=1,000,014/s
  t= 85816.0s  rows=85,817,179,222  +15,044,070  inst=1,002,938/s  avg=1,000,014/s
  t= 85831.0s  rows=85,832,092,474  +14,913,252  inst=994,217/s  avg=1,000,013/s
  t= 85846.0s  rows=85,847,136,544  +15,044,070  inst=1,002,938/s  avg=1,000,014/s
  t= 85861.0s  rows=85,862,183,604  +15,047,060  inst=1,003,137/s  avg=1,000,014/s
  t= 85876.0s  rows=85,877,227,674  +15,044,070  inst=1,002,938/s  avg=1,000,015/s
  t= 85891.0s  rows=85,892,140,926  +14,913,252  inst=994,217/s  avg=1,000,014/s
  t= 85906.0s  rows=85,907,196,458  +15,055,532  inst=1,003,702/s  avg=1,000,014/s
  t= 85921.0s  rows=85,922,109,710  +14,913,252  inst=994,217/s  avg=1,000,013/s
  t= 85936.0s  rows=85,937,153,780  +15,044,070  inst=1,002,938/s  avg=1,000,014/s
  t= 85951.0s  rows=85,952,067,032  +14,913,252  inst=994,217/s  avg=1,000,013/s
  t= 85966.0s  rows=85,967,111,102  +15,044,070  inst=1,002,938/s  avg=1,000,013/s
  t= 85981.0s  rows=85,982,155,172  +15,044,070  inst=1,002,938/s  avg=1,000,014/s
  t= 85996.0s  rows=85,997,199,242  +15,044,070  inst=1,002,938/s  avg=1,000,015/s
  t= 86011.0s  rows=86,012,112,494  +14,913,252  inst=994,217/s  avg=1,000,013/s
  t= 86026.0s  rows=86,027,156,564  +15,044,070  inst=1,002,938/s  avg=1,000,014/s
  t= 86041.0s  rows=86,042,200,634  +15,044,070  inst=1,002,938/s  avg=1,000,015/s
  t= 86056.0s  rows=86,057,113,886  +14,913,252  inst=994,217/s  avg=1,000,013/s
  t= 86071.0s  rows=86,072,157,956  +15,044,070  inst=1,002,938/s  avg=1,000,014/s
  t= 86086.0s  rows=86,087,202,026  +15,044,070  inst=1,002,938/s  avg=1,000,015/s
  t= 86101.0s  rows=86,102,246,096  +15,044,070  inst=1,002,938/s  avg=1,000,015/s
  t= 86116.0s  rows=86,117,159,348  +14,913,252  inst=994,217/s  avg=1,000,014/s
  t= 86131.0s  rows=86,132,203,418  +15,044,070  inst=1,002,938/s  avg=1,000,015/s
  t= 86146.0s  rows=86,147,116,670  +14,913,252  inst=994,217/s  avg=1,000,013/s
  t= 86161.0s  rows=86,162,160,740  +15,044,070  inst=1,002,938/s  avg=1,000,014/s
  t= 86176.0s  rows=86,177,204,810  +15,044,070  inst=1,002,938/s  avg=1,000,015/s
  t= 86191.0s  rows=86,192,118,062  +14,913,252  inst=994,217/s  avg=1,000,014/s
  t= 86206.0s  rows=86,207,162,132  +15,044,070  inst=1,002,938/s  avg=1,000,014/s
  t= 86221.0s  rows=86,222,206,202  +15,044,070  inst=1,002,938/s  avg=1,000,015/s
  t= 86236.0s  rows=86,237,250,272  +15,044,070  inst=1,002,938/s  avg=1,000,015/s
  t= 86251.0s  rows=86,252,163,524  +14,913,252  inst=994,217/s  avg=1,000,014/s
  t= 86266.0s  rows=86,267,207,594  +15,044,070  inst=1,002,938/s  avg=1,000,015/s
  t= 86281.0s  rows=86,282,120,846  +14,913,252  inst=994,217/s  avg=1,000,014/s
  t= 86296.0s  rows=86,297,164,916  +15,044,070  inst=1,002,938/s  avg=1,000,014/s
  t= 86311.0s  rows=86,312,208,986  +15,044,070  inst=1,002,938/s  avg=1,000,015/s
  t= 86326.0s  rows=86,327,122,238  +14,913,252  inst=994,217/s  avg=1,000,014/s
  t= 86341.0s  rows=86,342,166,308  +15,044,070  inst=1,002,938/s  avg=1,000,014/s
  t= 86356.0s  rows=86,357,210,378  +15,044,070  inst=1,002,938/s  avg=1,000,015/s
  t= 86371.0s  rows=86,372,123,630  +14,913,252  inst=994,217/s  avg=1,000,014/s
  t= 86386.0s  rows=86,387,167,700  +15,044,070  inst=1,002,938/s  avg=1,000,014/s
  t= 86401.0s  rows=86,402,211,770  +15,044,070  inst=1,002,938/s  avg=1,000,015/s
  t= 86416.0s  rows=86,417,255,840  +15,044,070  inst=1,002,938/s  avg=1,000,015/s
  t= 86431.0s  rows=86,432,169,092  +14,913,252  inst=994,217/s  avg=1,000,014/s
  t= 86446.0s  rows=86,447,213,162  +15,044,070  inst=1,002,938/s  avg=1,000,015/s
  t= 86461.0s  rows=86,462,126,414  +14,913,252  inst=994,217/s  avg=1,000,014/s
  t= 86476.0s  rows=86,477,170,484  +15,044,070  inst=1,002,938/s  avg=1,000,014/s
  t= 86491.0s  rows=86,492,214,554  +15,044,070  inst=1,002,938/s  avg=1,000,015/s
  t= 86506.0s  rows=86,507,127,806  +14,913,252  inst=994,217/s  avg=1,000,014/s
  t= 86521.0s  rows=86,522,171,876  +15,044,070  inst=1,002,938/s  avg=1,000,014/s
  t= 86536.0s  rows=86,537,215,946  +15,044,070  inst=1,002,938/s  avg=1,000,015/s
  t= 86551.0s  rows=86,552,129,198  +14,913,252  inst=994,217/s  avg=1,000,014/s
  t= 86566.0s  rows=86,567,173,268  +15,044,070  inst=1,002,938/s  avg=1,000,014/s
  t= 86581.0s  rows=86,582,217,338  +15,044,070  inst=1,002,938/s  avg=1,000,015/s
  t= 86596.0s  rows=86,597,130,590  +14,913,252  inst=994,217/s  avg=1,000,014/s
  t= 86611.0s  rows=86,612,174,660  +15,044,070  inst=1,002,938/s  avg=1,000,014/s
  t= 86626.0s  rows=86,627,218,730  +15,044,070  inst=1,002,938/s  avg=1,000,015/s
  t= 86641.0s  rows=86,642,131,982  +14,913,252  inst=994,217/s  avg=1,000,014/s
  t= 86656.0s  rows=86,657,176,052  +15,044,070  inst=1,002,938/s  avg=1,000,014/s
  t= 86671.0s  rows=86,672,168,758  +14,992,706  inst=999,514/s  avg=1,000,014/s
  t= 86686.0s  rows=86,687,212,828  +15,044,070  inst=1,002,938/s  avg=1,000,014/s
  t= 86701.0s  rows=86,702,126,080  +14,913,252  inst=994,217/s  avg=1,000,013/s
  t= 86716.0s  rows=86,717,170,150  +15,044,070  inst=1,002,938/s  avg=1,000,014/s
  t= 86731.0s  rows=86,732,214,220  +15,044,070  inst=1,002,938/s  avg=1,000,014/s
  t= 86746.0s  rows=86,747,127,472  +14,913,252  inst=994,217/s  avg=1,000,013/s
  t= 86761.0s  rows=86,762,171,542  +15,044,070  inst=1,002,938/s  avg=1,000,014/s
  t= 86776.0s  rows=86,777,215,612  +15,044,070  inst=1,002,938/s  avg=1,000,014/s
  t= 86791.0s  rows=86,792,128,864  +14,913,252  inst=994,217/s  avg=1,000,013/s
  t= 86806.0s  rows=86,807,172,934  +15,044,070  inst=1,002,938/s  avg=1,000,014/s
  t= 86821.0s  rows=86,822,086,186  +14,913,252  inst=994,217/s  avg=1,000,013/s
  t= 86836.0s  rows=86,837,130,256  +15,044,070  inst=1,002,938/s  avg=1,000,013/s
  t= 86851.0s  rows=86,852,174,326  +15,044,070  inst=1,002,938/s  avg=1,000,014/s
  t= 86866.0s  rows=86,867,087,578  +14,913,252  inst=994,217/s  avg=1,000,013/s
  t= 86881.0s  rows=86,882,262,466  +15,174,888  inst=1,011,659/s  avg=1,000,015/s
  t= 86896.0s  rows=86,897,175,718  +14,913,252  inst=994,217/s  avg=1,000,014/s
  t= 86911.0s  rows=86,912,219,788  +15,044,070  inst=1,002,938/s  avg=1,000,014/s
  t= 86926.0s  rows=86,927,133,040  +14,913,252  inst=994,217/s  avg=1,000,013/s
  t= 86941.0s  rows=86,942,177,110  +15,044,070  inst=1,002,938/s  avg=1,000,014/s
  t= 86956.0s  rows=86,957,221,180  +15,044,070  inst=1,002,938/s  avg=1,000,014/s
  t= 86971.0s  rows=86,972,134,432  +14,913,252  inst=994,217/s  avg=1,000,013/s
  t= 86986.0s  rows=86,987,178,502  +15,044,070  inst=1,002,938/s  avg=1,000,014/s
  t= 87001.0s  rows=87,002,222,572  +15,044,070  inst=1,002,938/s  avg=1,000,014/s
  t= 87016.0s  rows=87,017,135,824  +14,913,252  inst=994,217/s  avg=1,000,013/s
  t= 87031.0s  rows=87,032,179,894  +15,044,070  inst=1,002,938/s  avg=1,000,014/s
  t= 87046.0s  rows=87,047,223,964  +15,044,070  inst=1,002,938/s  avg=1,000,014/s
  t= 87061.0s  rows=87,062,137,216  +14,913,252  inst=994,217/s  avg=1,000,013/s
  t= 87076.0s  rows=87,077,181,286  +15,044,070  inst=1,002,938/s  avg=1,000,014/s
  t= 87091.0s  rows=87,092,225,356  +15,044,070  inst=1,002,938/s  avg=1,000,014/s
  t= 87106.0s  rows=87,107,138,608  +14,913,252  inst=994,217/s  avg=1,000,013/s
  t= 87121.0s  rows=87,122,182,678  +15,044,070  inst=1,002,938/s  avg=1,000,014/s
  t= 87136.0s  rows=87,137,226,748  +15,044,070  inst=1,002,938/s  avg=1,000,014/s
  t= 87151.0s  rows=87,152,140,000  +14,913,252  inst=994,217/s  avg=1,000,013/s
  t= 87166.0s  rows=87,167,184,070  +15,044,070  inst=1,002,938/s  avg=1,000,014/s
  t= 87181.0s  rows=87,182,228,140  +15,044,070  inst=1,002,938/s  avg=1,000,015/s
  t= 87196.0s  rows=87,197,141,392  +14,913,252  inst=994,217/s  avg=1,000,014/s
  t= 87211.0s  rows=87,212,185,462  +15,044,070  inst=1,002,938/s  avg=1,000,014/s
  t= 87226.0s  rows=87,227,229,532  +15,044,070  inst=1,002,938/s  avg=1,000,015/s
  t= 87241.0s  rows=87,242,142,784  +14,913,252  inst=994,217/s  avg=1,000,014/s
  t= 87256.0s  rows=87,257,186,854  +15,044,070  inst=1,002,938/s  avg=1,000,014/s
  t= 87271.0s  rows=87,272,230,924  +15,044,070  inst=1,002,938/s  avg=1,000,015/s
  t= 87286.0s  rows=87,287,144,176  +14,913,252  inst=994,217/s  avg=1,000,014/s
  t= 87301.0s  rows=87,302,188,246  +15,044,070  inst=1,002,938/s  avg=1,000,014/s
  t= 87316.0s  rows=87,317,236,045  +15,047,799  inst=1,003,187/s  avg=1,000,015/s
  t= 87331.0s  rows=87,332,149,297  +14,913,252  inst=994,217/s  avg=1,000,014/s
  t= 87346.0s  rows=87,347,193,367  +15,044,070  inst=1,002,938/s  avg=1,000,014/s
  t= 87361.0s  rows=87,362,237,437  +15,044,070  inst=1,002,938/s  avg=1,000,015/s
  t= 87376.0s  rows=87,377,150,689  +14,913,252  inst=994,217/s  avg=1,000,014/s
  t= 87391.0s  rows=87,392,194,759  +15,044,070  inst=1,002,938/s  avg=1,000,014/s
  t= 87406.0s  rows=87,407,238,829  +15,044,070  inst=1,002,938/s  avg=1,000,015/s
  t= 87421.0s  rows=87,422,152,081  +14,913,252  inst=994,217/s  avg=1,000,014/s
  t= 87436.0s  rows=87,437,196,151  +15,044,070  inst=1,002,938/s  avg=1,000,014/s
  t= 87451.0s  rows=87,452,109,403  +14,913,252  inst=994,217/s  avg=1,000,013/s
  t= 87466.0s  rows=87,467,153,473  +15,044,070  inst=1,002,938/s  avg=1,000,014/s
  t= 87481.0s  rows=87,482,197,543  +15,044,070  inst=1,002,938/s  avg=1,000,014/s
  t= 87496.0s  rows=87,497,241,613  +15,044,070  inst=1,002,938/s  avg=1,000,015/s
  t= 87511.0s  rows=87,512,154,865  +14,913,252  inst=994,217/s  avg=1,000,014/s
  t= 87526.0s  rows=87,527,198,935  +15,044,070  inst=1,002,938/s  avg=1,000,014/s
  t= 87541.0s  rows=87,542,243,005  +15,044,070  inst=1,002,938/s  avg=1,000,015/s
  t= 87556.0s  rows=87,557,156,257  +14,913,252  inst=994,217/s  avg=1,000,014/s
  t= 87571.0s  rows=87,572,069,509  +14,913,252  inst=994,217/s  avg=1,000,013/s
  t= 87586.0s  rows=87,587,244,397  +15,174,888  inst=1,011,659/s  avg=1,000,015/s
  t= 87601.0s  rows=87,602,157,649  +14,913,252  inst=994,217/s  avg=1,000,014/s
  t= 87616.0s  rows=87,617,201,719  +15,044,070  inst=1,002,938/s  avg=1,000,014/s
  t= 87631.0s  rows=87,632,114,971  +14,913,252  inst=994,217/s  avg=1,000,013/s
  t= 87646.0s  rows=87,647,159,041  +15,044,070  inst=1,002,938/s  avg=1,000,014/s
  t= 87661.0s  rows=87,662,203,111  +15,044,070  inst=1,002,938/s  avg=1,000,014/s
  t= 87676.0s  rows=87,677,116,363  +14,913,252  inst=994,217/s  avg=1,000,013/s
  t= 87691.0s  rows=87,692,160,433  +15,044,070  inst=1,002,938/s  avg=1,000,014/s
  t= 87706.0s  rows=87,707,204,503  +15,044,070  inst=1,002,938/s  avg=1,000,014/s
  t= 87721.0s  rows=87,722,248,573  +15,044,070  inst=1,002,938/s  avg=1,000,015/s
  t= 87736.0s  rows=87,737,161,825  +14,913,252  inst=994,217/s  avg=1,000,014/s
  t= 87751.0s  rows=87,752,205,895  +15,044,070  inst=1,002,938/s  avg=1,000,014/s
  t= 87766.0s  rows=87,767,119,147  +14,913,252  inst=994,217/s  avg=1,000,013/s
  t= 87781.0s  rows=87,782,163,217  +15,044,070  inst=1,002,938/s  avg=1,000,014/s
  t= 87796.0s  rows=87,797,207,287  +15,044,070  inst=1,002,938/s  avg=1,000,014/s
  t= 87811.0s  rows=87,812,251,357  +15,044,070  inst=1,002,938/s  avg=1,000,015/s
  t= 87826.0s  rows=87,827,164,609  +14,913,252  inst=994,217/s  avg=1,000,014/s
  t= 87841.0s  rows=87,842,208,679  +15,044,070  inst=1,002,938/s  avg=1,000,014/s
  t= 87856.0s  rows=87,857,252,749  +15,044,070  inst=1,002,938/s  avg=1,000,015/s
  t= 87871.0s  rows=87,872,166,001  +14,913,252  inst=994,217/s  avg=1,000,014/s
  t= 87886.0s  rows=87,887,210,071  +15,044,070  inst=1,002,938/s  avg=1,000,014/s
  t= 87901.0s  rows=87,902,254,141  +15,044,070  inst=1,002,938/s  avg=1,000,015/s
  t= 87916.0s  rows=87,917,167,393  +14,913,252  inst=994,217/s  avg=1,000,014/s
  t= 87931.0s  rows=87,932,211,463  +15,044,070  inst=1,002,938/s  avg=1,000,014/s
  t= 87946.0s  rows=87,947,255,533  +15,044,070  inst=1,002,938/s  avg=1,000,015/s
  t= 87961.0s  rows=87,962,168,785  +14,913,252  inst=994,217/s  avg=1,000,014/s
  t= 87976.0s  rows=87,977,212,855  +15,044,070  inst=1,002,938/s  avg=1,000,014/s
  t= 87991.0s  rows=87,992,256,925  +15,044,070  inst=1,002,938/s  avg=1,000,015/s
  t= 88006.0s  rows=88,007,170,177  +14,913,252  inst=994,217/s  avg=1,000,014/s
  t= 88021.0s  rows=88,022,214,247  +15,044,070  inst=1,002,938/s  avg=1,000,014/s
  t= 88036.0s  rows=88,037,258,317  +15,044,070  inst=1,002,938/s  avg=1,000,015/s
  t= 88051.0s  rows=88,052,171,569  +14,913,252  inst=994,217/s  avg=1,000,014/s
  t= 88066.0s  rows=88,067,215,639  +15,044,070  inst=1,002,938/s  avg=1,000,014/s
  t= 88081.0s  rows=88,082,254,187  +15,038,548  inst=1,002,570/s  avg=1,000,015/s
  t= 88096.0s  rows=88,097,167,439  +14,913,252  inst=994,217/s  avg=1,000,014/s
  t= 88111.0s  rows=88,112,211,509  +15,044,070  inst=1,002,938/s  avg=1,000,014/s
  t= 88126.0s  rows=88,127,255,579  +15,044,070  inst=1,002,938/s  avg=1,000,015/s
  t= 88141.0s  rows=88,142,168,831  +14,913,252  inst=994,217/s  avg=1,000,014/s
  t= 88156.0s  rows=88,157,212,901  +15,044,070  inst=1,002,938/s  avg=1,000,014/s
  t= 88171.0s  rows=88,172,126,153  +14,913,252  inst=994,217/s  avg=1,000,013/s
  t= 88186.0s  rows=88,187,170,223  +15,044,070  inst=1,002,938/s  avg=1,000,014/s
  t= 88201.0s  rows=88,202,214,293  +15,044,070  inst=1,002,938/s  avg=1,000,014/s
  t= 88216.0s  rows=88,217,258,363  +15,044,070  inst=1,002,938/s  avg=1,000,015/s
  t= 88231.0s  rows=88,232,171,615  +14,913,252  inst=994,217/s  avg=1,000,014/s
  t= 88246.0s  rows=88,247,215,685  +15,044,070  inst=1,002,938/s  avg=1,000,014/s
  t= 88261.0s  rows=88,262,259,755  +15,044,070  inst=1,002,938/s  avg=1,000,015/s
  t= 88276.0s  rows=88,277,173,007  +14,913,252  inst=994,217/s  avg=1,000,014/s
  t= 88291.0s  rows=88,292,217,077  +15,044,070  inst=1,002,938/s  avg=1,000,014/s
  t= 88306.0s  rows=88,307,261,147  +15,044,070  inst=1,002,938/s  avg=1,000,015/s
  t= 88321.0s  rows=88,322,174,399  +14,913,252  inst=994,217/s  avg=1,000,014/s
  t= 88336.0s  rows=88,337,218,469  +15,044,070  inst=1,002,938/s  avg=1,000,014/s
  t= 88351.0s  rows=88,352,131,721  +14,913,252  inst=994,217/s  avg=1,000,013/s
  t= 88366.0s  rows=88,367,175,791  +15,044,070  inst=1,002,938/s  avg=1,000,014/s
  t= 88381.0s  rows=88,382,219,861  +15,044,070  inst=1,002,938/s  avg=1,000,014/s
  t= 88396.0s  rows=88,397,133,113  +14,913,252  inst=994,217/s  avg=1,000,013/s
  t= 88411.0s  rows=88,412,177,183  +15,044,070  inst=1,002,938/s  avg=1,000,014/s
  t= 88426.0s  rows=88,427,221,253  +15,044,070  inst=1,002,938/s  avg=1,000,014/s
  t= 88441.0s  rows=88,442,134,505  +14,913,252  inst=994,217/s  avg=1,000,013/s
  t= 88456.0s  rows=88,457,178,575  +15,044,070  inst=1,002,938/s  avg=1,000,014/s
  t= 88471.0s  rows=88,472,222,645  +15,044,070  inst=1,002,938/s  avg=1,000,014/s
  t= 88486.0s  rows=88,487,266,715  +15,044,070  inst=1,002,938/s  avg=1,000,015/s
  t= 88501.0s  rows=88,502,179,967  +14,913,252  inst=994,217/s  avg=1,000,014/s
  t= 88516.0s  rows=88,517,224,037  +15,044,070  inst=1,002,938/s  avg=1,000,014/s
  t= 88531.0s  rows=88,532,137,289  +14,913,252  inst=994,217/s  avg=1,000,013/s
  t= 88546.0s  rows=88,547,181,359  +15,044,070  inst=1,002,938/s  avg=1,000,014/s
  t= 88561.0s  rows=88,562,225,429  +15,044,070  inst=1,002,938/s  avg=1,000,014/s
  t= 88576.0s  rows=88,577,269,499  +15,044,070  inst=1,002,938/s  avg=1,000,015/s
  t= 88591.0s  rows=88,592,182,751  +14,913,252  inst=994,217/s  avg=1,000,014/s
  t= 88606.0s  rows=88,607,226,821  +15,044,070  inst=1,002,938/s  avg=1,000,014/s
  t= 88621.0s  rows=88,622,140,073  +14,913,252  inst=994,217/s  avg=1,000,013/s
  t= 88636.0s  rows=88,637,184,143  +15,044,070  inst=1,002,938/s  avg=1,000,014/s
  t= 88651.0s  rows=88,652,228,213  +15,044,070  inst=1,002,938/s  avg=1,000,014/s
  t= 88666.0s  rows=88,667,272,283  +15,044,070  inst=1,002,938/s  avg=1,000,015/s
  t= 88681.0s  rows=88,682,185,535  +14,913,252  inst=994,217/s  avg=1,000,014/s
  t= 88696.0s  rows=88,697,229,605  +15,044,070  inst=1,002,938/s  avg=1,000,014/s
  t= 88711.0s  rows=88,712,142,857  +14,913,252  inst=994,217/s  avg=1,000,013/s
  t= 88726.0s  rows=88,727,186,927  +15,044,070  inst=1,002,938/s  avg=1,000,014/s
  t= 88741.0s  rows=88,742,230,997  +15,044,070  inst=1,002,938/s  avg=1,000,014/s
  t= 88756.0s  rows=88,757,144,249  +14,913,252  inst=994,217/s  avg=1,000,013/s
  t= 88771.0s  rows=88,772,188,319  +15,044,070  inst=1,002,938/s  avg=1,000,014/s
  t= 88786.0s  rows=88,787,232,389  +15,044,070  inst=1,002,938/s  avg=1,000,014/s
  t= 88801.0s  rows=88,802,145,641  +14,913,252  inst=994,217/s  avg=1,000,013/s
  t= 88816.0s  rows=88,817,189,711  +15,044,070  inst=1,002,938/s  avg=1,000,014/s
  t= 88831.0s  rows=88,832,233,781  +15,044,070  inst=1,002,938/s  avg=1,000,014/s
  t= 88846.0s  rows=88,847,134,804  +14,901,023  inst=993,402/s  avg=1,000,013/s
  t= 88861.0s  rows=88,862,178,874  +15,044,070  inst=1,002,938/s  avg=1,000,013/s
  t= 88876.0s  rows=88,877,222,944  +15,044,070  inst=1,002,938/s  avg=1,000,014/s
  t= 88891.0s  rows=88,892,136,196  +14,913,252  inst=994,217/s  avg=1,000,013/s
  t= 88906.0s  rows=88,907,180,266  +15,044,070  inst=1,002,938/s  avg=1,000,013/s
  t= 88921.0s  rows=88,922,224,336  +15,044,070  inst=1,002,938/s  avg=1,000,014/s
  t= 88936.0s  rows=88,937,137,588  +14,913,252  inst=994,217/s  avg=1,000,013/s
  t= 88951.0s  rows=88,952,181,658  +15,044,070  inst=1,002,938/s  avg=1,000,013/s
  t= 88966.0s  rows=88,967,225,728  +15,044,070  inst=1,002,938/s  avg=1,000,014/s
  t= 88981.0s  rows=88,982,138,980  +14,913,252  inst=994,217/s  avg=1,000,013/s
  t= 88996.0s  rows=88,997,183,050  +15,044,070  inst=1,002,938/s  avg=1,000,014/s
  t= 89011.0s  rows=89,012,096,302  +14,913,252  inst=994,217/s  avg=1,000,013/s
  t= 89026.0s  rows=89,027,140,372  +15,044,070  inst=1,002,938/s  avg=1,000,013/s
  t= 89041.0s  rows=89,042,184,442  +15,044,070  inst=1,002,938/s  avg=1,000,014/s
  t= 89056.0s  rows=89,057,228,512  +15,044,070  inst=1,002,938/s  avg=1,000,014/s
  t= 89071.0s  rows=89,072,141,764  +14,913,252  inst=994,217/s  avg=1,000,013/s
  t= 89086.0s  rows=89,087,185,834  +15,044,070  inst=1,002,938/s  avg=1,000,014/s
  t= 89101.0s  rows=89,102,229,904  +15,044,070  inst=1,002,938/s  avg=1,000,014/s
  t= 89116.0s  rows=89,117,143,156  +14,913,252  inst=994,217/s  avg=1,000,013/s
  t= 89131.0s  rows=89,132,187,226  +15,044,070  inst=1,002,938/s  avg=1,000,014/s
  t= 89146.0s  rows=89,147,100,478  +14,913,252  inst=994,217/s  avg=1,000,013/s
  t= 89161.0s  rows=89,162,144,548  +15,044,070  inst=1,002,938/s  avg=1,000,013/s
  t= 89176.0s  rows=89,177,188,618  +15,044,070  inst=1,002,938/s  avg=1,000,014/s
  t= 89191.0s  rows=89,192,232,688  +15,044,070  inst=1,002,938/s  avg=1,000,014/s
  t= 89206.0s  rows=89,207,145,940  +14,913,252  inst=994,217/s  avg=1,000,013/s
  t= 89221.0s  rows=89,222,190,010  +15,044,070  inst=1,002,938/s  avg=1,000,014/s
  t= 89236.0s  rows=89,237,234,080  +15,044,070  inst=1,002,938/s  avg=1,000,014/s
  t= 89251.0s  rows=89,252,147,332  +14,913,252  inst=994,217/s  avg=1,000,013/s
  t= 89266.0s  rows=89,267,191,402  +15,044,070  inst=1,002,938/s  avg=1,000,014/s
  t= 89281.0s  rows=89,282,235,472  +15,044,070  inst=1,002,938/s  avg=1,000,014/s
  t= 89296.0s  rows=89,297,148,724  +14,913,252  inst=994,217/s  avg=1,000,013/s
  t= 89311.0s  rows=89,312,192,794  +15,044,070  inst=1,002,938/s  avg=1,000,014/s
  t= 89326.0s  rows=89,327,236,864  +15,044,070  inst=1,002,938/s  avg=1,000,014/s
  t= 89341.0s  rows=89,342,150,116  +14,913,252  inst=994,217/s  avg=1,000,013/s
  t= 89356.0s  rows=89,357,194,186  +15,044,070  inst=1,002,938/s  avg=1,000,014/s
  t= 89371.0s  rows=89,372,238,256  +15,044,070  inst=1,002,938/s  avg=1,000,014/s
  t= 89386.0s  rows=89,387,282,326  +15,044,070  inst=1,002,938/s  avg=1,000,015/s
  t= 89401.0s  rows=89,402,195,578  +14,913,252  inst=994,217/s  avg=1,000,014/s
  t= 89416.0s  rows=89,417,239,648  +15,044,070  inst=1,002,938/s  avg=1,000,014/s
  t= 89431.0s  rows=89,432,152,900  +14,913,252  inst=994,217/s  avg=1,000,013/s
  t= 89446.0s  rows=89,447,196,970  +15,044,070  inst=1,002,938/s  avg=1,000,014/s
  t= 89461.0s  rows=89,462,241,040  +15,044,070  inst=1,002,938/s  avg=1,000,014/s
  t= 89476.0s  rows=89,477,154,292  +14,913,252  inst=994,217/s  avg=1,000,013/s
  t= 89491.0s  rows=89,492,198,362  +15,044,070  inst=1,002,938/s  avg=1,000,014/s
  t= 89506.0s  rows=89,507,242,432  +15,044,070  inst=1,002,938/s  avg=1,000,014/s
  t= 89521.0s  rows=89,522,155,684  +14,913,252  inst=994,217/s  avg=1,000,013/s
  t= 89536.0s  rows=89,537,199,754  +15,044,070  inst=1,002,938/s  avg=1,000,014/s
  t= 89551.0s  rows=89,552,243,824  +15,044,070  inst=1,002,938/s  avg=1,000,014/s
  t= 89566.0s  rows=89,567,167,835  +14,924,011  inst=994,934/s  avg=1,000,013/s
  t= 89581.0s  rows=89,582,211,905  +15,044,070  inst=1,002,938/s  avg=1,000,014/s
  t= 89596.0s  rows=89,597,255,975  +15,044,070  inst=1,002,938/s  avg=1,000,014/s
  t= 89611.0s  rows=89,612,169,227  +14,913,252  inst=994,217/s  avg=1,000,013/s
  t= 89626.0s  rows=89,627,197,404  +15,028,177  inst=1,001,878/s  avg=1,000,013/s
  t= 89641.0s  rows=89,642,241,474  +15,044,070  inst=1,002,938/s  avg=1,000,014/s
  t= 89656.0s  rows=89,657,154,726  +14,913,252  inst=994,217/s  avg=1,000,013/s
  t= 89671.0s  rows=89,672,198,796  +15,044,070  inst=1,002,938/s  avg=1,000,014/s
  t= 89686.0s  rows=89,687,242,866  +15,044,070  inst=1,002,938/s  avg=1,000,014/s
  t= 89701.0s  rows=89,702,156,118  +14,913,252  inst=994,217/s  avg=1,000,013/s
  t= 89716.0s  rows=89,717,200,188  +15,044,070  inst=1,002,938/s  avg=1,000,014/s
  t= 89731.0s  rows=89,732,113,440  +14,913,252  inst=994,217/s  avg=1,000,013/s
  t= 89746.0s  rows=89,747,157,510  +15,044,070  inst=1,002,938/s  avg=1,000,013/s
  t= 89761.0s  rows=89,762,201,580  +15,044,070  inst=1,002,938/s  avg=1,000,014/s
  t= 89776.0s  rows=89,777,245,650  +15,044,070  inst=1,002,938/s  avg=1,000,014/s
  t= 89791.0s  rows=89,792,158,902  +14,913,252  inst=994,217/s  avg=1,000,013/s
  t= 89806.0s  rows=89,807,202,972  +15,044,070  inst=1,002,938/s  avg=1,000,014/s
  t= 89821.0s  rows=89,822,116,224  +14,913,252  inst=994,217/s  avg=1,000,013/s
  t= 89836.0s  rows=89,837,160,294  +15,044,070  inst=1,002,938/s  avg=1,000,013/s
  t= 89851.0s  rows=89,852,204,364  +15,044,070  inst=1,002,938/s  avg=1,000,014/s
  t= 89866.0s  rows=89,867,248,434  +15,044,070  inst=1,002,938/s  avg=1,000,014/s
  t= 89881.0s  rows=89,882,161,686  +14,913,252  inst=994,217/s  avg=1,000,013/s
  t= 89896.0s  rows=89,897,205,756  +15,044,070  inst=1,002,938/s  avg=1,000,014/s
  t= 89911.0s  rows=89,912,249,826  +15,044,070  inst=1,002,938/s  avg=1,000,014/s
  t= 89926.0s  rows=89,927,163,078  +14,913,252  inst=994,217/s  avg=1,000,013/s
  t= 89941.0s  rows=89,942,207,148  +15,044,070  inst=1,002,938/s  avg=1,000,014/s
  t= 89956.0s  rows=89,957,120,400  +14,913,252  inst=994,217/s  avg=1,000,013/s
  t= 89971.0s  rows=89,972,164,470  +15,044,070  inst=1,002,938/s  avg=1,000,013/s
  t= 89986.0s  rows=89,987,208,540  +15,044,070  inst=1,002,938/s  avg=1,000,014/s
  t= 90001.0s  rows=90,002,252,610  +15,044,070  inst=1,002,938/s  avg=1,000,014/s
  t= 90016.0s  rows=90,017,165,862  +14,913,252  inst=994,217/s  avg=1,000,013/s
  t= 90031.0s  rows=90,032,209,932  +15,044,070  inst=1,002,938/s  avg=1,000,014/s
  t= 90046.0s  rows=90,047,254,002  +15,044,070  inst=1,002,938/s  avg=1,000,014/s
  t= 90061.0s  rows=90,062,167,254  +14,913,252  inst=994,217/s  avg=1,000,013/s
  t= 90076.0s  rows=90,077,211,324  +15,044,070  inst=1,002,938/s  avg=1,000,014/s
  t= 90091.0s  rows=90,092,255,394  +15,044,070  inst=1,002,938/s  avg=1,000,014/s
  t= 90106.0s  rows=90,107,168,646  +14,913,252  inst=994,217/s  avg=1,000,013/s
  t= 90121.0s  rows=90,122,212,716  +15,044,070  inst=1,002,938/s  avg=1,000,014/s
  t= 90136.0s  rows=90,137,256,786  +15,044,070  inst=1,002,938/s  avg=1,000,014/s
  t= 90151.0s  rows=90,152,170,038  +14,913,252  inst=994,217/s  avg=1,000,013/s
  t= 90166.0s  rows=90,167,214,108  +15,044,070  inst=1,002,938/s  avg=1,000,014/s
  t= 90181.0s  rows=90,182,258,178  +15,044,070  inst=1,002,938/s  avg=1,000,014/s
  t= 90196.0s  rows=90,197,171,430  +14,913,252  inst=994,217/s  avg=1,000,013/s
  t= 90211.0s  rows=90,212,215,500  +15,044,070  inst=1,002,938/s  avg=1,000,014/s
  t= 90226.0s  rows=90,227,259,570  +15,044,070  inst=1,002,938/s  avg=1,000,014/s
  t= 90241.0s  rows=90,242,172,822  +14,913,252  inst=994,217/s  avg=1,000,013/s
  t= 90256.0s  rows=90,257,216,892  +15,044,070  inst=1,002,938/s  avg=1,000,014/s
  t= 90271.0s  rows=90,272,260,962  +15,044,070  inst=1,002,938/s  avg=1,000,014/s
  t= 90286.0s  rows=90,287,174,214  +14,913,252  inst=994,217/s  avg=1,000,013/s
  t= 90301.0s  rows=90,302,218,284  +15,044,070  inst=1,002,938/s  avg=1,000,014/s
  t= 90316.0s  rows=90,317,262,354  +15,044,070  inst=1,002,938/s  avg=1,000,014/s
  t= 90331.0s  rows=90,332,105,414  +14,843,060  inst=989,537/s  avg=1,000,012/s
  t= 90346.0s  rows=90,347,280,302  +15,174,888  inst=1,011,659/s  avg=1,000,014/s
  t= 90361.0s  rows=90,362,193,554  +14,913,252  inst=994,217/s  avg=1,000,013/s
  t= 90376.0s  rows=90,377,237,624  +15,044,070  inst=1,002,938/s  avg=1,000,014/s
  t= 90391.0s  rows=90,392,281,694  +15,044,070  inst=1,002,938/s  avg=1,000,014/s
  t= 90406.0s  rows=90,407,194,946  +14,913,252  inst=994,217/s  avg=1,000,013/s
  t= 90421.0s  rows=90,422,239,016  +15,044,070  inst=1,002,938/s  avg=1,000,014/s
  t= 90436.0s  rows=90,437,152,268  +14,913,252  inst=994,217/s  avg=1,000,013/s
  t= 90451.0s  rows=90,452,196,338  +15,044,070  inst=1,002,938/s  avg=1,000,013/s
  t= 90466.0s  rows=90,467,240,408  +15,044,070  inst=1,002,938/s  avg=1,000,014/s
  t= 90481.0s  rows=90,482,153,660  +14,913,252  inst=994,217/s  avg=1,000,013/s
  t= 90496.0s  rows=90,497,197,730  +15,044,070  inst=1,002,938/s  avg=1,000,013/s
  t= 90511.0s  rows=90,512,241,800  +15,044,070  inst=1,002,938/s  avg=1,000,014/s
  t= 90526.0s  rows=90,527,285,870  +15,044,070  inst=1,002,938/s  avg=1,000,014/s
  t= 90541.0s  rows=90,542,199,122  +14,913,252  inst=994,217/s  avg=1,000,013/s
  t= 90556.0s  rows=90,557,243,192  +15,044,070  inst=1,002,938/s  avg=1,000,014/s
  t= 90571.0s  rows=90,572,287,262  +15,044,070  inst=1,002,938/s  avg=1,000,014/s
  t= 90586.0s  rows=90,587,200,514  +14,913,252  inst=994,217/s  avg=1,000,013/s
  t= 90601.0s  rows=90,602,244,584  +15,044,070  inst=1,002,938/s  avg=1,000,014/s
  t= 90616.0s  rows=90,617,157,836  +14,913,252  inst=994,217/s  avg=1,000,013/s
  t= 90631.0s  rows=90,632,201,906  +15,044,070  inst=1,002,938/s  avg=1,000,013/s
  t= 90646.0s  rows=90,647,245,976  +15,044,070  inst=1,002,938/s  avg=1,000,014/s
  t= 90661.0s  rows=90,662,159,228  +14,913,252  inst=994,217/s  avg=1,000,013/s
  t= 90676.0s  rows=90,677,203,298  +15,044,070  inst=1,002,938/s  avg=1,000,013/s
  t= 90691.0s  rows=90,692,247,368  +15,044,070  inst=1,002,938/s  avg=1,000,014/s
  t= 90706.0s  rows=90,707,160,620  +14,913,252  inst=994,217/s  avg=1,000,013/s
  t= 90721.0s  rows=90,722,204,690  +15,044,070  inst=1,002,938/s  avg=1,000,013/s
  t= 90736.0s  rows=90,737,248,760  +15,044,070  inst=1,002,938/s  avg=1,000,014/s
  t= 90751.0s  rows=90,752,162,012  +14,913,252  inst=994,217/s  avg=1,000,013/s
  t= 90766.0s  rows=90,767,206,082  +15,044,070  inst=1,002,938/s  avg=1,000,013/s
  t= 90781.0s  rows=90,782,250,152  +15,044,070  inst=1,002,938/s  avg=1,000,014/s
  t= 90796.0s  rows=90,797,163,404  +14,913,252  inst=994,217/s  avg=1,000,013/s
  t= 90811.0s  rows=90,812,207,474  +15,044,070  inst=1,002,938/s  avg=1,000,013/s
  t= 90826.0s  rows=90,827,251,544  +15,044,070  inst=1,002,938/s  avg=1,000,014/s
  t= 90841.0s  rows=90,842,164,796  +14,913,252  inst=994,217/s  avg=1,000,013/s
  t= 90856.0s  rows=90,857,208,866  +15,044,070  inst=1,002,938/s  avg=1,000,013/s
  t= 90871.0s  rows=90,872,252,936  +15,044,070  inst=1,002,938/s  avg=1,000,014/s
  t= 90886.0s  rows=90,887,166,188  +14,913,252  inst=994,217/s  avg=1,000,013/s
  t= 90901.0s  rows=90,902,210,258  +15,044,070  inst=1,002,938/s  avg=1,000,013/s
  t= 90916.0s  rows=90,917,254,328  +15,044,070  inst=1,002,938/s  avg=1,000,014/s
  t= 90931.0s  rows=90,932,167,580  +14,913,252  inst=994,217/s  avg=1,000,013/s
  t= 90946.0s  rows=90,947,211,650  +15,044,070  inst=1,002,938/s  avg=1,000,013/s
  t= 90961.0s  rows=90,962,255,720  +15,044,070  inst=1,002,938/s  avg=1,000,014/s
  t= 90976.0s  rows=90,977,168,972  +14,913,252  inst=994,217/s  avg=1,000,013/s
  t= 90991.0s  rows=90,992,143,000  +14,974,028  inst=998,269/s  avg=1,000,013/s
  t= 91006.0s  rows=91,007,187,070  +15,044,070  inst=1,002,938/s  avg=1,000,013/s
  t= 91021.0s  rows=91,022,231,140  +15,044,070  inst=1,002,938/s  avg=1,000,014/s
  t= 91036.0s  rows=91,037,275,210  +15,044,070  inst=1,002,938/s  avg=1,000,014/s
  t= 91051.0s  rows=91,052,188,462  +14,913,252  inst=994,217/s  avg=1,000,013/s
  t= 91066.0s  rows=91,067,232,532  +15,044,070  inst=1,002,938/s  avg=1,000,014/s
  t= 91081.0s  rows=91,082,145,784  +14,913,252  inst=994,217/s  avg=1,000,013/s
  t= 91096.0s  rows=91,097,189,854  +15,044,070  inst=1,002,938/s  avg=1,000,013/s
  t= 91111.0s  rows=91,112,233,924  +15,044,070  inst=1,002,938/s  avg=1,000,014/s
  t= 91126.0s  rows=91,127,277,994  +15,044,070  inst=1,002,938/s  avg=1,000,014/s
  t= 91141.0s  rows=91,142,191,246  +14,913,252  inst=994,217/s  avg=1,000,013/s
  t= 91156.0s  rows=91,157,235,316  +15,044,070  inst=1,002,938/s  avg=1,000,014/s
  t= 91171.0s  rows=91,172,279,386  +15,044,070  inst=1,002,938/s  avg=1,000,014/s
  t= 91186.0s  rows=91,187,192,638  +14,913,252  inst=994,217/s  avg=1,000,013/s
  t= 91201.0s  rows=91,202,236,708  +15,044,070  inst=1,002,938/s  avg=1,000,014/s
  t= 91216.0s  rows=91,217,149,960  +14,913,252  inst=994,217/s  avg=1,000,013/s
  t= 91231.0s  rows=91,232,194,030  +15,044,070  inst=1,002,938/s  avg=1,000,013/s
  t= 91246.0s  rows=91,247,238,100  +15,044,070  inst=1,002,938/s  avg=1,000,014/s
  t= 91261.0s  rows=91,262,151,352  +14,913,252  inst=994,217/s  avg=1,000,013/s
  t= 91276.0s  rows=91,277,195,422  +15,044,070  inst=1,002,938/s  avg=1,000,013/s
  t= 91291.0s  rows=91,292,239,492  +15,044,070  inst=1,002,938/s  avg=1,000,014/s
  t= 91306.0s  rows=91,307,152,744  +14,913,252  inst=994,217/s  avg=1,000,013/s
  t= 91321.0s  rows=91,322,196,814  +15,044,070  inst=1,002,938/s  avg=1,000,013/s
  t= 91336.0s  rows=91,337,240,884  +15,044,070  inst=1,002,938/s  avg=1,000,014/s
  t= 91351.0s  rows=91,352,284,954  +15,044,070  inst=1,002,938/s  avg=1,000,014/s
  t= 91366.0s  rows=91,367,198,206  +14,913,252  inst=994,217/s  avg=1,000,013/s
  t= 91381.0s  rows=91,382,242,276  +15,044,070  inst=1,002,938/s  avg=1,000,014/s
  t= 91396.0s  rows=91,397,286,346  +15,044,070  inst=1,002,938/s  avg=1,000,014/s
  t= 91411.0s  rows=91,412,199,598  +14,913,252  inst=994,217/s  avg=1,000,013/s
  t= 91426.0s  rows=91,427,243,668  +15,044,070  inst=1,002,938/s  avg=1,000,014/s
  t= 91441.0s  rows=91,442,287,738  +15,044,070  inst=1,002,938/s  avg=1,000,014/s
  t= 91456.0s  rows=91,457,200,990  +14,913,252  inst=994,217/s  avg=1,000,013/s
  t= 91471.0s  rows=91,472,245,060  +15,044,070  inst=1,002,938/s  avg=1,000,014/s
  t= 91486.0s  rows=91,487,289,130  +15,044,070  inst=1,002,938/s  avg=1,000,014/s
  t= 91501.0s  rows=91,502,202,382  +14,913,252  inst=994,217/s  avg=1,000,013/s
  t= 91516.0s  rows=91,517,246,452  +15,044,070  inst=1,002,938/s  avg=1,000,014/s
  t= 91531.0s  rows=91,532,290,522  +15,044,070  inst=1,002,938/s  avg=1,000,014/s
  t= 91546.0s  rows=91,547,203,774  +14,913,252  inst=994,217/s  avg=1,000,013/s
  t= 91561.0s  rows=91,562,247,844  +15,044,070  inst=1,002,938/s  avg=1,000,014/s
  t= 91576.0s  rows=91,577,291,914  +15,044,070  inst=1,002,938/s  avg=1,000,014/s
  t= 91591.0s  rows=91,592,205,166  +14,913,252  inst=994,217/s  avg=1,000,013/s
  t= 91606.0s  rows=91,607,249,236  +15,044,070  inst=1,002,938/s  avg=1,000,014/s
  t= 91621.0s  rows=91,622,162,488  +14,913,252  inst=994,217/s  avg=1,000,013/s
  t= 91636.0s  rows=91,637,206,558  +15,044,070  inst=1,002,938/s  avg=1,000,013/s
  t= 91651.0s  rows=91,652,250,628  +15,044,070  inst=1,002,938/s  avg=1,000,014/s
  t= 91666.0s  rows=91,667,163,880  +14,913,252  inst=994,217/s  avg=1,000,013/s
  t= 91681.0s  rows=91,682,207,950  +15,044,070  inst=1,002,938/s  avg=1,000,013/s
  t= 91696.0s  rows=91,697,121,202  +14,913,252  inst=994,217/s  avg=1,000,012/s
  t= 91711.0s  rows=91,712,296,090  +15,174,888  inst=1,011,659/s  avg=1,000,014/s
  t= 91726.0s  rows=91,727,209,342  +14,913,252  inst=994,217/s  avg=1,000,013/s
  t= 91741.0s  rows=91,742,253,412  +15,044,070  inst=1,002,938/s  avg=1,000,014/s
  t= 91756.0s  rows=91,757,166,664  +14,913,252  inst=994,217/s  avg=1,000,013/s
  t= 91771.0s  rows=91,772,210,734  +15,044,070  inst=1,002,938/s  avg=1,000,013/s
  t= 91786.0s  rows=91,787,254,804  +15,044,070  inst=1,002,938/s  avg=1,000,014/s
  t= 91801.0s  rows=91,802,178,762  +14,923,958  inst=994,931/s  avg=1,000,013/s
  t= 91816.0s  rows=91,817,222,832  +15,044,070  inst=1,002,938/s  avg=1,000,013/s
  t= 91831.0s  rows=91,832,266,902  +15,044,070  inst=1,002,938/s  avg=1,000,014/s
  t= 91846.0s  rows=91,847,180,154  +14,913,252  inst=994,217/s  avg=1,000,013/s
  t= 91861.0s  rows=91,862,224,224  +15,044,070  inst=1,002,938/s  avg=1,000,013/s
  t= 91876.0s  rows=91,877,268,294  +15,044,070  inst=1,002,938/s  avg=1,000,014/s
  t= 91891.0s  rows=91,892,181,546  +14,913,252  inst=994,217/s  avg=1,000,013/s
  t= 91906.0s  rows=91,907,225,616  +15,044,070  inst=1,002,938/s  avg=1,000,013/s
  t= 91921.0s  rows=91,922,269,686  +15,044,070  inst=1,002,938/s  avg=1,000,014/s
  t= 91936.0s  rows=91,937,313,756  +15,044,070  inst=1,002,938/s  avg=1,000,014/s
  t= 91951.0s  rows=91,952,227,008  +14,913,252  inst=994,217/s  avg=1,000,013/s
  t= 91966.0s  rows=91,967,140,260  +14,913,252  inst=994,217/s  avg=1,000,012/s
  t= 91981.0s  rows=91,982,184,330  +15,044,070  inst=1,002,938/s  avg=1,000,013/s
  t= 91996.0s  rows=91,997,228,400  +15,044,070  inst=1,002,938/s  avg=1,000,013/s
  t= 92011.0s  rows=92,012,272,470  +15,044,070  inst=1,002,938/s  avg=1,000,014/s
  t= 92026.0s  rows=92,027,185,722  +14,913,252  inst=994,217/s  avg=1,000,013/s
  t= 92041.0s  rows=92,042,229,792  +15,044,070  inst=1,002,938/s  avg=1,000,013/s
  t= 92056.0s  rows=92,057,273,862  +15,044,070  inst=1,002,938/s  avg=1,000,014/s
  t= 92071.0s  rows=92,072,187,114  +14,913,252  inst=994,217/s  avg=1,000,013/s
  t= 92086.0s  rows=92,087,231,184  +15,044,070  inst=1,002,938/s  avg=1,000,013/s
  t= 92101.0s  rows=92,102,275,254  +15,044,070  inst=1,002,938/s  avg=1,000,014/s
  t= 92116.0s  rows=92,117,188,506  +14,913,252  inst=994,217/s  avg=1,000,013/s
  t= 92131.0s  rows=92,132,232,576  +15,044,070  inst=1,002,938/s  avg=1,000,013/s
  t= 92146.0s  rows=92,147,145,828  +14,913,252  inst=994,217/s  avg=1,000,012/s
  t= 92161.0s  rows=92,162,189,898  +15,044,070  inst=1,002,938/s  avg=1,000,013/s
  t= 92176.0s  rows=92,177,233,968  +15,044,070  inst=1,002,938/s  avg=1,000,013/s
  t= 92191.0s  rows=92,192,147,220  +14,913,252  inst=994,217/s  avg=1,000,012/s
  t= 92206.0s  rows=92,207,191,290  +15,044,070  inst=1,002,938/s  avg=1,000,013/s
  t= 92221.0s  rows=92,222,235,360  +15,044,070  inst=1,002,938/s  avg=1,000,013/s
  t= 92236.0s  rows=92,237,279,430  +15,044,070  inst=1,002,938/s  avg=1,000,014/s
  t= 92251.0s  rows=92,252,192,682  +14,913,252  inst=994,217/s  avg=1,000,013/s
  t= 92266.0s  rows=92,267,236,752  +15,044,070  inst=1,002,938/s  avg=1,000,013/s
  t= 92281.0s  rows=92,282,280,822  +15,044,070  inst=1,002,938/s  avg=1,000,014/s
  t= 92296.0s  rows=92,297,194,074  +14,913,252  inst=994,217/s  avg=1,000,013/s
  t= 92311.0s  rows=92,312,238,144  +15,044,070  inst=1,002,938/s  avg=1,000,013/s
  t= 92326.0s  rows=92,327,282,214  +15,044,070  inst=1,002,938/s  avg=1,000,014/s
  t= 92341.0s  rows=92,342,195,466  +14,913,252  inst=994,217/s  avg=1,000,013/s
  t= 92356.0s  rows=92,357,239,536  +15,044,070  inst=1,002,938/s  avg=1,000,013/s
  t= 92371.0s  rows=92,372,283,606  +15,044,070  inst=1,002,938/s  avg=1,000,014/s
  t= 92386.0s  rows=92,387,196,858  +14,913,252  inst=994,217/s  avg=1,000,013/s
  t= 92401.0s  rows=92,402,240,928  +15,044,070  inst=1,002,938/s  avg=1,000,013/s
  t= 92416.0s  rows=92,417,154,180  +14,913,252  inst=994,217/s  avg=1,000,012/s
  t= 92431.0s  rows=92,432,198,250  +15,044,070  inst=1,002,938/s  avg=1,000,013/s
  t= 92446.0s  rows=92,447,242,320  +15,044,070  inst=1,002,938/s  avg=1,000,013/s
  t= 92461.0s  rows=92,462,155,572  +14,913,252  inst=994,217/s  avg=1,000,012/s
  t= 92476.0s  rows=92,477,199,642  +15,044,070  inst=1,002,938/s  avg=1,000,013/s
  t= 92491.0s  rows=92,492,243,712  +15,044,070  inst=1,002,938/s  avg=1,000,013/s
  t= 92506.0s  rows=92,507,287,782  +15,044,070  inst=1,002,938/s  avg=1,000,014/s
  t= 92521.0s  rows=92,522,201,034  +14,913,252  inst=994,217/s  avg=1,000,013/s
  t= 92536.0s  rows=92,537,245,104  +15,044,070  inst=1,002,938/s  avg=1,000,013/s
  t= 92551.0s  rows=92,552,289,174  +15,044,070  inst=1,002,938/s  avg=1,000,014/s
  t= 92566.0s  rows=92,567,202,426  +14,913,252  inst=994,217/s  avg=1,000,013/s
  t= 92581.0s  rows=92,582,255,744  +15,053,318  inst=1,003,555/s  avg=1,000,013/s
  t= 92596.0s  rows=92,597,299,814  +15,044,070  inst=1,002,938/s  avg=1,000,014/s
  t= 92611.0s  rows=92,612,213,066  +14,913,252  inst=994,217/s  avg=1,000,013/s
  t= 92626.0s  rows=92,627,257,136  +15,044,070  inst=1,002,938/s  avg=1,000,013/s
  t= 92641.0s  rows=92,642,301,206  +15,044,070  inst=1,002,938/s  avg=1,000,014/s
  t= 92656.0s  rows=92,657,214,458  +14,913,252  inst=994,217/s  avg=1,000,013/s
  t= 92671.0s  rows=92,672,258,528  +15,044,070  inst=1,002,938/s  avg=1,000,013/s
  t= 92686.0s  rows=92,687,302,598  +15,044,070  inst=1,002,938/s  avg=1,000,014/s
  t= 92701.0s  rows=92,702,215,850  +14,913,252  inst=994,217/s  avg=1,000,013/s
  t= 92716.0s  rows=92,717,259,920  +15,044,070  inst=1,002,938/s  avg=1,000,013/s
  t= 92731.0s  rows=92,732,303,990  +15,044,070  inst=1,002,938/s  avg=1,000,014/s
  t= 92746.0s  rows=92,747,217,242  +14,913,252  inst=994,217/s  avg=1,000,013/s
  t= 92761.0s  rows=92,762,130,494  +14,913,252  inst=994,217/s  avg=1,000,012/s
  t= 92776.0s  rows=92,777,174,564  +15,044,070  inst=1,002,938/s  avg=1,000,012/s
  t= 92791.0s  rows=92,792,218,634  +15,044,070  inst=1,002,938/s  avg=1,000,013/s
  t= 92806.0s  rows=92,807,262,704  +15,044,070  inst=1,002,938/s  avg=1,000,013/s
  t= 92821.0s  rows=92,822,175,956  +14,913,252  inst=994,217/s  avg=1,000,012/s
  t= 92836.0s  rows=92,837,220,026  +15,044,070  inst=1,002,938/s  avg=1,000,013/s
  t= 92851.0s  rows=92,852,264,096  +15,044,070  inst=1,002,938/s  avg=1,000,013/s
  t= 92866.0s  rows=92,867,177,348  +14,913,252  inst=994,217/s  avg=1,000,012/s
  t= 92881.0s  rows=92,882,221,418  +15,044,070  inst=1,002,938/s  avg=1,000,013/s
  t= 92896.0s  rows=92,897,265,488  +15,044,070  inst=1,002,938/s  avg=1,000,013/s
  t= 92911.0s  rows=92,912,178,740  +14,913,252  inst=994,217/s  avg=1,000,012/s
  t= 92926.0s  rows=92,927,222,810  +15,044,070  inst=1,002,938/s  avg=1,000,013/s
  t= 92941.0s  rows=92,942,266,880  +15,044,070  inst=1,002,938/s  avg=1,000,013/s
  t= 92956.0s  rows=92,957,310,950  +15,044,070  inst=1,002,938/s  avg=1,000,014/s
  t= 92971.0s  rows=92,972,224,202  +14,913,252  inst=994,217/s  avg=1,000,013/s
  t= 92986.0s  rows=92,987,268,272  +15,044,070  inst=1,002,938/s  avg=1,000,013/s
  t= 93001.0s  rows=93,002,181,524  +14,913,252  inst=994,217/s  avg=1,000,012/s
  t= 93016.0s  rows=93,017,225,594  +15,044,070  inst=1,002,938/s  avg=1,000,013/s
  t= 93031.0s  rows=93,032,269,664  +15,044,070  inst=1,002,938/s  avg=1,000,013/s
  t= 93046.0s  rows=93,047,182,916  +14,913,252  inst=994,217/s  avg=1,000,012/s
  t= 93061.0s  rows=93,062,226,986  +15,044,070  inst=1,002,938/s  avg=1,000,013/s
  t= 93076.0s  rows=93,077,271,056  +15,044,070  inst=1,002,938/s  avg=1,000,013/s
  t= 93091.0s  rows=93,092,184,308  +14,913,252  inst=994,217/s  avg=1,000,012/s
  t= 93106.0s  rows=93,107,228,378  +15,044,070  inst=1,002,938/s  avg=1,000,013/s
  t= 93121.0s  rows=93,122,272,448  +15,044,070  inst=1,002,938/s  avg=1,000,013/s
  t= 93136.0s  rows=93,137,185,700  +14,913,252  inst=994,217/s  avg=1,000,012/s
  t= 93151.0s  rows=93,152,229,770  +15,044,070  inst=1,002,938/s  avg=1,000,013/s
  t= 93166.0s  rows=93,167,273,840  +15,044,070  inst=1,002,938/s  avg=1,000,013/s
  t= 93181.0s  rows=93,182,187,092  +14,913,252  inst=994,217/s  avg=1,000,012/s
  t= 93196.0s  rows=93,197,231,162  +15,044,070  inst=1,002,938/s  avg=1,000,013/s
  t= 93211.0s  rows=93,212,275,232  +15,044,070  inst=1,002,938/s  avg=1,000,013/s
  t= 93226.0s  rows=93,227,319,302  +15,044,070  inst=1,002,938/s  avg=1,000,014/s
  t= 93241.0s  rows=93,242,232,554  +14,913,252  inst=994,217/s  avg=1,000,013/s
  t= 93256.0s  rows=93,257,254,502  +15,021,948  inst=1,001,463/s  avg=1,000,013/s
  t= 93271.0s  rows=93,272,167,754  +14,913,252  inst=994,217/s  avg=1,000,012/s
  t= 93286.0s  rows=93,287,093,147  +14,925,393  inst=995,026/s  avg=1,000,011/s
  t= 93301.0s  rows=93,302,268,035  +15,174,888  inst=1,011,659/s  avg=1,000,013/s
  t= 93316.0s  rows=93,317,312,105  +15,044,070  inst=1,002,938/s  avg=1,000,014/s
  t= 93331.0s  rows=93,332,225,357  +14,913,252  inst=994,217/s  avg=1,000,013/s
  t= 93346.0s  rows=93,347,269,427  +15,044,070  inst=1,002,938/s  avg=1,000,013/s
  t= 93361.0s  rows=93,362,182,679  +14,913,252  inst=994,217/s  avg=1,000,012/s
  t= 93376.0s  rows=93,377,226,749  +15,044,070  inst=1,002,938/s  avg=1,000,013/s
  t= 93391.0s  rows=93,392,270,819  +15,044,070  inst=1,002,938/s  avg=1,000,013/s
  t= 93406.0s  rows=93,407,314,889  +15,044,070  inst=1,002,938/s  avg=1,000,014/s
  t= 93421.0s  rows=93,422,228,141  +14,913,252  inst=994,217/s  avg=1,000,013/s
  t= 93436.0s  rows=93,437,272,211  +15,044,070  inst=1,002,938/s  avg=1,000,013/s
  t= 93451.0s  rows=93,452,185,463  +14,913,252  inst=994,217/s  avg=1,000,012/s
  t= 93466.0s  rows=93,467,229,533  +15,044,070  inst=1,002,938/s  avg=1,000,013/s
  t= 93481.0s  rows=93,482,142,785  +14,913,252  inst=994,217/s  avg=1,000,012/s
  t= 93496.0s  rows=93,497,186,855  +15,044,070  inst=1,002,938/s  avg=1,000,012/s
  t= 93511.0s  rows=93,512,230,925  +15,044,070  inst=1,002,938/s  avg=1,000,013/s
  t= 93526.0s  rows=93,527,274,995  +15,044,070  inst=1,002,938/s  avg=1,000,013/s
  t= 93541.0s  rows=93,542,188,247  +14,913,252  inst=994,217/s  avg=1,000,012/s
  t= 93556.0s  rows=93,557,232,317  +15,044,070  inst=1,002,938/s  avg=1,000,013/s
  t= 93571.0s  rows=93,572,276,387  +15,044,070  inst=1,002,938/s  avg=1,000,013/s
  t= 93586.0s  rows=93,587,189,639  +14,913,252  inst=994,217/s  avg=1,000,012/s
  t= 93601.0s  rows=93,602,233,709  +15,044,070  inst=1,002,938/s  avg=1,000,013/s
  t= 93616.0s  rows=93,617,277,779  +15,044,070  inst=1,002,938/s  avg=1,000,013/s
  t= 93631.0s  rows=93,632,191,031  +14,913,252  inst=994,217/s  avg=1,000,012/s
  t= 93646.0s  rows=93,647,235,101  +15,044,070  inst=1,002,938/s  avg=1,000,013/s
  t= 93661.0s  rows=93,662,279,171  +15,044,070  inst=1,002,938/s  avg=1,000,013/s
  t= 93676.0s  rows=93,677,192,423  +14,913,252  inst=994,217/s  avg=1,000,012/s
  t= 93691.0s  rows=93,692,236,493  +15,044,070  inst=1,002,938/s  avg=1,000,013/s
  t= 93706.0s  rows=93,707,280,563  +15,044,070  inst=1,002,938/s  avg=1,000,013/s
  t= 93721.0s  rows=93,722,193,815  +14,913,252  inst=994,217/s  avg=1,000,012/s
  t= 93736.0s  rows=93,737,237,885  +15,044,070  inst=1,002,938/s  avg=1,000,013/s
  t= 93751.0s  rows=93,752,281,955  +15,044,070  inst=1,002,938/s  avg=1,000,013/s
  t= 93766.0s  rows=93,767,195,207  +14,913,252  inst=994,217/s  avg=1,000,012/s
  t= 93781.0s  rows=93,782,239,277  +15,044,070  inst=1,002,938/s  avg=1,000,013/s
  t= 93796.0s  rows=93,797,283,347  +15,044,070  inst=1,002,938/s  avg=1,000,013/s
  t= 93811.0s  rows=93,812,196,599  +14,913,252  inst=994,217/s  avg=1,000,012/s
  t= 93826.0s  rows=93,827,240,669  +15,044,070  inst=1,002,938/s  avg=1,000,013/s
  t= 93841.0s  rows=93,842,284,739  +15,044,070  inst=1,002,938/s  avg=1,000,013/s
  t= 93856.0s  rows=93,857,197,991  +14,913,252  inst=994,217/s  avg=1,000,012/s
  t= 93871.0s  rows=93,872,242,061  +15,044,070  inst=1,002,938/s  avg=1,000,013/s
  t= 93886.0s  rows=93,887,286,131  +15,044,070  inst=1,002,938/s  avg=1,000,013/s
  t= 93901.0s  rows=93,902,199,383  +14,913,252  inst=994,217/s  avg=1,000,012/s
  t= 93916.0s  rows=93,917,243,453  +15,044,070  inst=1,002,938/s  avg=1,000,013/s
  t= 93931.0s  rows=93,932,287,523  +15,044,070  inst=1,002,938/s  avg=1,000,013/s
  t= 93946.0s  rows=93,947,331,593  +15,044,070  inst=1,002,938/s  avg=1,000,014/s
  t= 93961.0s  rows=93,962,244,845  +14,913,252  inst=994,217/s  avg=1,000,013/s
  t= 93976.0s  rows=93,977,288,915  +15,044,070  inst=1,002,938/s  avg=1,000,013/s
  t= 93991.0s  rows=93,992,202,167  +14,913,252  inst=994,217/s  avg=1,000,012/s
  t= 94006.0s  rows=94,007,228,392  +15,026,225  inst=1,001,748/s  avg=1,000,013/s
  t= 94021.0s  rows=94,022,272,462  +15,044,070  inst=1,002,938/s  avg=1,000,013/s
  t= 94036.0s  rows=94,037,316,532  +15,044,070  inst=1,002,938/s  avg=1,000,014/s
  t= 94051.0s  rows=94,052,229,784  +14,913,252  inst=994,217/s  avg=1,000,013/s
  t= 94066.0s  rows=94,067,273,854  +15,044,070  inst=1,002,938/s  avg=1,000,013/s
  t= 94081.0s  rows=94,082,317,924  +15,044,070  inst=1,002,938/s  avg=1,000,014/s
  t= 94096.0s  rows=94,097,231,176  +14,913,252  inst=994,217/s  avg=1,000,013/s
  t= 94111.0s  rows=94,112,275,246  +15,044,070  inst=1,002,938/s  avg=1,000,013/s
  t= 94126.0s  rows=94,127,319,316  +15,044,070  inst=1,002,938/s  avg=1,000,014/s
  t= 94141.0s  rows=94,142,232,568  +14,913,252  inst=994,217/s  avg=1,000,013/s
  t= 94156.0s  rows=94,157,276,638  +15,044,070  inst=1,002,938/s  avg=1,000,013/s
  t= 94171.0s  rows=94,172,189,890  +14,913,252  inst=994,217/s  avg=1,000,012/s
  t= 94186.0s  rows=94,187,233,960  +15,044,070  inst=1,002,938/s  avg=1,000,013/s
  t= 94201.0s  rows=94,202,147,212  +14,913,252  inst=994,217/s  avg=1,000,012/s
  t= 94216.0s  rows=94,217,191,282  +15,044,070  inst=1,002,938/s  avg=1,000,012/s
  t= 94231.0s  rows=94,232,235,352  +15,044,070  inst=1,002,938/s  avg=1,000,013/s
  t= 94246.0s  rows=94,247,279,422  +15,044,070  inst=1,002,938/s  avg=1,000,013/s
  t= 94261.0s  rows=94,262,192,674  +14,913,252  inst=994,217/s  avg=1,000,012/s
  t= 94276.0s  rows=94,277,236,744  +15,044,070  inst=1,002,938/s  avg=1,000,013/s
  t= 94291.0s  rows=94,292,280,814  +15,044,070  inst=1,002,938/s  avg=1,000,013/s
  t= 94306.0s  rows=94,307,324,884  +15,044,070  inst=1,002,938/s  avg=1,000,014/s
  t= 94321.0s  rows=94,322,238,136  +14,913,252  inst=994,217/s  avg=1,000,013/s
  t= 94336.0s  rows=94,337,282,206  +15,044,070  inst=1,002,938/s  avg=1,000,013/s
  t= 94351.0s  rows=94,352,326,276  +15,044,070  inst=1,002,938/s  avg=1,000,014/s
  t= 94366.0s  rows=94,367,239,528  +14,913,252  inst=994,217/s  avg=1,000,013/s
  t= 94381.0s  rows=94,382,152,780  +14,913,252  inst=994,217/s  avg=1,000,012/s
  t= 94396.0s  rows=94,397,196,850  +15,044,070  inst=1,002,938/s  avg=1,000,012/s
  t= 94411.0s  rows=94,412,240,920  +15,044,070  inst=1,002,938/s  avg=1,000,013/s
  t= 94426.0s  rows=94,427,284,990  +15,044,070  inst=1,002,938/s  avg=1,000,013/s
  t= 94441.0s  rows=94,442,198,242  +14,913,252  inst=994,217/s  avg=1,000,012/s
  t= 94456.0s  rows=94,457,242,312  +15,044,070  inst=1,002,938/s  avg=1,000,013/s
  t= 94471.0s  rows=94,472,286,382  +15,044,070  inst=1,002,938/s  avg=1,000,013/s
  t= 94486.0s  rows=94,487,199,634  +14,913,252  inst=994,217/s  avg=1,000,012/s
  t= 94501.0s  rows=94,502,243,704  +15,044,070  inst=1,002,938/s  avg=1,000,013/s
  t= 94516.0s  rows=94,517,287,774  +15,044,070  inst=1,002,938/s  avg=1,000,013/s
  t= 94531.0s  rows=94,532,331,844  +15,044,070  inst=1,002,938/s  avg=1,000,014/s
  t= 94546.0s  rows=94,547,245,096  +14,913,252  inst=994,217/s  avg=1,000,013/s
  t= 94561.0s  rows=94,562,289,166  +15,044,070  inst=1,002,938/s  avg=1,000,013/s
  t= 94576.0s  rows=94,577,333,236  +15,044,070  inst=1,002,938/s  avg=1,000,014/s
  t= 94591.0s  rows=94,592,246,488  +14,913,252  inst=994,217/s  avg=1,000,013/s
  t= 94606.0s  rows=94,607,290,558  +15,044,070  inst=1,002,938/s  avg=1,000,013/s
  t= 94621.0s  rows=94,622,203,810  +14,913,252  inst=994,217/s  avg=1,000,012/s
  t= 94636.0s  rows=94,637,247,880  +15,044,070  inst=1,002,938/s  avg=1,000,013/s
  t= 94651.0s  rows=94,652,291,950  +15,044,070  inst=1,002,938/s  avg=1,000,013/s
  t= 94666.0s  rows=94,667,205,202  +14,913,252  inst=994,217/s  avg=1,000,012/s
  t= 94681.0s  rows=94,682,249,272  +15,044,070  inst=1,002,938/s  avg=1,000,013/s
  t= 94696.0s  rows=94,697,293,342  +15,044,070  inst=1,002,938/s  avg=1,000,013/s
  t= 94711.0s  rows=94,712,290,165  +14,996,823  inst=999,788/s  avg=1,000,013/s
  t= 94726.0s  rows=94,727,203,417  +14,913,252  inst=994,217/s  avg=1,000,012/s
  t= 94741.0s  rows=94,742,247,487  +15,044,070  inst=1,002,938/s  avg=1,000,013/s
  t= 94756.0s  rows=94,757,291,557  +15,044,070  inst=1,002,938/s  avg=1,000,013/s
  t= 94771.0s  rows=94,772,204,809  +14,913,252  inst=994,217/s  avg=1,000,012/s
  t= 94786.0s  rows=94,787,248,879  +15,044,070  inst=1,002,938/s  avg=1,000,013/s
  t= 94801.0s  rows=94,802,292,949  +15,044,070  inst=1,002,938/s  avg=1,000,013/s
  t= 94816.0s  rows=94,817,206,201  +14,913,252  inst=994,217/s  avg=1,000,012/s
  t= 94831.0s  rows=94,832,250,271  +15,044,070  inst=1,002,938/s  avg=1,000,013/s
  t= 94846.0s  rows=94,847,294,341  +15,044,070  inst=1,002,938/s  avg=1,000,013/s
  t= 94861.0s  rows=94,862,207,593  +14,913,252  inst=994,217/s  avg=1,000,012/s
  t= 94876.0s  rows=94,877,251,663  +15,044,070  inst=1,002,938/s  avg=1,000,013/s
  t= 94891.0s  rows=94,892,295,733  +15,044,070  inst=1,002,938/s  avg=1,000,013/s
  t= 94906.0s  rows=94,907,208,985  +14,913,252  inst=994,217/s  avg=1,000,012/s
  t= 94921.0s  rows=94,922,122,237  +14,913,252  inst=994,217/s  avg=1,000,011/s
  t= 94936.0s  rows=94,937,166,307  +15,044,070  inst=1,002,938/s  avg=1,000,012/s
  t= 94951.0s  rows=94,952,210,377  +15,044,070  inst=1,002,938/s  avg=1,000,012/s
  t= 94966.0s  rows=94,967,254,447  +15,044,070  inst=1,002,938/s  avg=1,000,013/s
  t= 94981.0s  rows=94,982,298,517  +15,044,070  inst=1,002,938/s  avg=1,000,013/s
  t= 94996.0s  rows=94,997,211,769  +14,913,252  inst=994,217/s  avg=1,000,012/s
  t= 95011.0s  rows=95,012,255,839  +15,044,070  inst=1,002,938/s  avg=1,000,013/s
  t= 95026.0s  rows=95,027,299,909  +15,044,070  inst=1,002,938/s  avg=1,000,013/s
  t= 95041.0s  rows=95,042,213,161  +14,913,252  inst=994,217/s  avg=1,000,012/s
  t= 95056.0s  rows=95,057,257,231  +15,044,070  inst=1,002,938/s  avg=1,000,013/s
  t= 95071.0s  rows=95,072,301,301  +15,044,070  inst=1,002,938/s  avg=1,000,013/s
  t= 95086.0s  rows=95,087,345,371  +15,044,070  inst=1,002,938/s  avg=1,000,014/s
  t= 95101.0s  rows=95,102,258,623  +14,913,252  inst=994,217/s  avg=1,000,013/s
  t= 95116.0s  rows=95,117,302,693  +15,044,070  inst=1,002,938/s  avg=1,000,013/s
  t= 95131.0s  rows=95,132,215,945  +14,913,252  inst=994,217/s  avg=1,000,012/s
  t= 95146.0s  rows=95,147,260,015  +15,044,070  inst=1,002,938/s  avg=1,000,013/s
  t= 95161.0s  rows=95,162,304,085  +15,044,070  inst=1,002,938/s  avg=1,000,013/s
  t= 95176.0s  rows=95,177,217,337  +14,913,252  inst=994,217/s  avg=1,000,012/s
  t= 95191.0s  rows=95,192,261,407  +15,044,070  inst=1,002,938/s  avg=1,000,013/s
  t= 95206.0s  rows=95,207,305,477  +15,044,070  inst=1,002,938/s  avg=1,000,013/s
  t= 95221.0s  rows=95,222,218,729  +14,913,252  inst=994,217/s  avg=1,000,012/s
  t= 95236.0s  rows=95,237,262,799  +15,044,070  inst=1,002,938/s  avg=1,000,013/s
  t= 95251.0s  rows=95,252,306,869  +15,044,070  inst=1,002,938/s  avg=1,000,013/s
  t= 95266.0s  rows=95,267,220,121  +14,913,252  inst=994,217/s  avg=1,000,012/s
  t= 95281.0s  rows=95,282,264,191  +15,044,070  inst=1,002,938/s  avg=1,000,013/s
  t= 95296.0s  rows=95,297,308,261  +15,044,070  inst=1,002,938/s  avg=1,000,013/s
  t= 95311.0s  rows=95,312,221,513  +14,913,252  inst=994,217/s  avg=1,000,012/s
  t= 95326.0s  rows=95,327,265,583  +15,044,070  inst=1,002,938/s  avg=1,000,013/s
  t= 95341.0s  rows=95,342,309,653  +15,044,070  inst=1,002,938/s  avg=1,000,013/s
  t= 95356.0s  rows=95,357,222,905  +14,913,252  inst=994,217/s  avg=1,000,012/s
  t= 95371.0s  rows=95,372,266,975  +15,044,070  inst=1,002,938/s  avg=1,000,013/s
  t= 95386.0s  rows=95,387,311,045  +15,044,070  inst=1,002,938/s  avg=1,000,013/s
  t= 95401.0s  rows=95,402,224,297  +14,913,252  inst=994,217/s  avg=1,000,012/s
  t= 95416.0s  rows=95,417,268,367  +15,044,070  inst=1,002,938/s  avg=1,000,013/s
  t= 95431.0s  rows=95,432,312,437  +15,044,070  inst=1,002,938/s  avg=1,000,013/s
  t= 95446.0s  rows=95,447,225,689  +14,913,252  inst=994,217/s  avg=1,000,012/s
  t= 95461.0s  rows=95,462,232,184  +15,006,495  inst=1,000,433/s  avg=1,000,012/s
  t= 95476.0s  rows=95,477,276,254  +15,044,070  inst=1,002,938/s  avg=1,000,013/s
  t= 95491.0s  rows=95,492,320,324  +15,044,070  inst=1,002,938/s  avg=1,000,013/s
  t= 95506.0s  rows=95,507,233,576  +14,913,252  inst=994,217/s  avg=1,000,012/s
  t= 95521.0s  rows=95,522,277,646  +15,044,070  inst=1,002,938/s  avg=1,000,013/s
  t= 95536.0s  rows=95,537,321,716  +15,044,070  inst=1,002,938/s  avg=1,000,013/s
  t= 95551.0s  rows=95,552,234,968  +14,913,252  inst=994,217/s  avg=1,000,012/s
  t= 95566.0s  rows=95,567,279,038  +15,044,070  inst=1,002,938/s  avg=1,000,013/s
  t= 95581.0s  rows=95,582,192,290  +14,913,252  inst=994,217/s  avg=1,000,012/s
  t= 95596.0s  rows=95,597,236,360  +15,044,070  inst=1,002,938/s  avg=1,000,012/s
  t= 95611.0s  rows=95,612,280,430  +15,044,070  inst=1,002,938/s  avg=1,000,013/s
  t= 95626.0s  rows=95,627,324,500  +15,044,070  inst=1,002,938/s  avg=1,000,013/s
  t= 95641.0s  rows=95,642,237,752  +14,913,252  inst=994,217/s  avg=1,000,012/s
  t= 95656.0s  rows=95,657,281,822  +15,044,070  inst=1,002,938/s  avg=1,000,013/s
  t= 95671.0s  rows=95,672,325,892  +15,044,070  inst=1,002,938/s  avg=1,000,013/s
  t= 95686.0s  rows=95,687,239,144  +14,913,252  inst=994,217/s  avg=1,000,012/s
  t= 95701.0s  rows=95,702,283,214  +15,044,070  inst=1,002,938/s  avg=1,000,013/s
  t= 95716.0s  rows=95,717,327,284  +15,044,070  inst=1,002,938/s  avg=1,000,013/s
  t= 95731.0s  rows=95,732,240,536  +14,913,252  inst=994,217/s  avg=1,000,012/s
  t= 95746.0s  rows=95,747,284,606  +15,044,070  inst=1,002,938/s  avg=1,000,013/s
  t= 95761.0s  rows=95,762,328,676  +15,044,070  inst=1,002,938/s  avg=1,000,013/s
  t= 95776.0s  rows=95,777,241,928  +14,913,252  inst=994,217/s  avg=1,000,012/s
  t= 95791.0s  rows=95,792,285,998  +15,044,070  inst=1,002,938/s  avg=1,000,013/s
  t= 95806.0s  rows=95,807,199,250  +14,913,252  inst=994,217/s  avg=1,000,012/s
  t= 95821.0s  rows=95,822,243,320  +15,044,070  inst=1,002,938/s  avg=1,000,012/s
  t= 95836.0s  rows=95,837,287,390  +15,044,070  inst=1,002,938/s  avg=1,000,013/s
  t= 95851.1s  rows=95,852,200,642  +14,913,252  inst=994,217/s  avg=1,000,012/s
  t= 95866.1s  rows=95,867,244,712  +15,044,070  inst=1,002,938/s  avg=1,000,012/s
  t= 95881.1s  rows=95,882,288,782  +15,044,070  inst=1,002,938/s  avg=1,000,013/s
  t= 95896.1s  rows=95,897,202,034  +14,913,252  inst=994,217/s  avg=1,000,012/s
  t= 95911.1s  rows=95,912,246,104  +15,044,070  inst=1,002,938/s  avg=1,000,012/s
  t= 95926.1s  rows=95,927,159,356  +14,913,252  inst=994,217/s  avg=1,000,012/s
  t= 95941.1s  rows=95,942,203,426  +15,044,070  inst=1,002,938/s  avg=1,000,012/s
  t= 95956.1s  rows=95,957,247,496  +15,044,070  inst=1,002,938/s  avg=1,000,012/s
  t= 95971.1s  rows=95,972,160,748  +14,913,252  inst=994,217/s  avg=1,000,012/s
  t= 95986.1s  rows=95,987,335,636  +15,174,888  inst=1,011,659/s  avg=1,000,013/s
  t= 96001.1s  rows=96,002,248,888  +14,913,252  inst=994,217/s  avg=1,000,012/s
  t= 96016.1s  rows=96,017,292,958  +15,044,070  inst=1,002,938/s  avg=1,000,013/s
  t= 96031.1s  rows=96,032,337,028  +15,044,070  inst=1,002,938/s  avg=1,000,013/s
  t= 96046.1s  rows=96,047,250,280  +14,913,252  inst=994,217/s  avg=1,000,012/s
  t= 96061.1s  rows=96,062,294,350  +15,044,070  inst=1,002,938/s  avg=1,000,013/s
  t= 96076.1s  rows=96,077,338,420  +15,044,070  inst=1,002,938/s  avg=1,000,013/s
  t= 96091.1s  rows=96,092,251,672  +14,913,252  inst=994,217/s  avg=1,000,012/s
  t= 96106.1s  rows=96,107,295,742  +15,044,070  inst=1,002,938/s  avg=1,000,013/s
  t= 96121.1s  rows=96,122,208,994  +14,913,252  inst=994,217/s  avg=1,000,012/s
  t= 96136.1s  rows=96,137,253,064  +15,044,070  inst=1,002,938/s  avg=1,000,012/s
  t= 96151.1s  rows=96,152,297,134  +15,044,070  inst=1,002,938/s  avg=1,000,013/s
  t= 96166.1s  rows=96,167,210,386  +14,913,252  inst=994,217/s  avg=1,000,012/s
  t= 96181.1s  rows=96,182,254,456  +15,044,070  inst=1,002,938/s  avg=1,000,012/s
  t= 96196.1s  rows=96,197,298,526  +15,044,070  inst=1,002,938/s  avg=1,000,013/s
  t= 96211.1s  rows=96,212,288,563  +14,990,037  inst=999,336/s  avg=1,000,013/s
  t= 96226.1s  rows=96,227,332,633  +15,044,070  inst=1,002,938/s  avg=1,000,013/s
  t= 96241.1s  rows=96,242,245,885  +14,913,252  inst=994,217/s  avg=1,000,012/s
  t= 96256.1s  rows=96,257,289,955  +15,044,070  inst=1,002,938/s  avg=1,000,013/s
  t= 96271.1s  rows=96,272,334,025  +15,044,070  inst=1,002,938/s  avg=1,000,013/s
  t= 96286.1s  rows=96,287,247,277  +14,913,252  inst=994,217/s  avg=1,000,012/s
  t= 96301.1s  rows=96,302,291,347  +15,044,070  inst=1,002,938/s  avg=1,000,013/s
  t= 96316.1s  rows=96,317,335,417  +15,044,070  inst=1,002,938/s  avg=1,000,013/s
  t= 96331.1s  rows=96,332,248,669  +14,913,252  inst=994,217/s  avg=1,000,012/s
  t= 96346.1s  rows=96,347,292,739  +15,044,070  inst=1,002,938/s  avg=1,000,013/s
  t= 96361.1s  rows=96,362,205,991  +14,913,252  inst=994,217/s  avg=1,000,012/s
  t= 96376.1s  rows=96,377,250,061  +15,044,070  inst=1,002,938/s  avg=1,000,012/s
  t= 96391.1s  rows=96,392,294,131  +15,044,070  inst=1,002,938/s  avg=1,000,013/s
  t= 96406.1s  rows=96,407,207,383  +14,913,252  inst=994,217/s  avg=1,000,012/s
  t= 96421.1s  rows=96,422,251,453  +15,044,070  inst=1,002,938/s  avg=1,000,012/s
  t= 96436.1s  rows=96,437,295,523  +15,044,070  inst=1,002,938/s  avg=1,000,013/s
  t= 96451.1s  rows=96,452,208,775  +14,913,252  inst=994,217/s  avg=1,000,012/s
  t= 96466.1s  rows=96,467,252,845  +15,044,070  inst=1,002,938/s  avg=1,000,012/s
  t= 96481.1s  rows=96,482,296,915  +15,044,070  inst=1,002,938/s  avg=1,000,013/s
  t= 96496.1s  rows=96,497,340,985  +15,044,070  inst=1,002,938/s  avg=1,000,013/s
  t= 96511.1s  rows=96,512,254,237  +14,913,252  inst=994,217/s  avg=1,000,012/s
  t= 96526.1s  rows=96,527,298,307  +15,044,070  inst=1,002,938/s  avg=1,000,013/s
  t= 96541.1s  rows=96,542,342,377  +15,044,070  inst=1,002,938/s  avg=1,000,013/s
  t= 96556.1s  rows=96,557,255,629  +14,913,252  inst=994,217/s  avg=1,000,012/s
  t= 96571.1s  rows=96,572,299,699  +15,044,070  inst=1,002,938/s  avg=1,000,013/s
  t= 96586.1s  rows=96,587,343,769  +15,044,070  inst=1,002,938/s  avg=1,000,013/s
  t= 96601.1s  rows=96,602,257,021  +14,913,252  inst=994,217/s  avg=1,000,012/s
  t= 96616.1s  rows=96,617,301,091  +15,044,070  inst=1,002,938/s  avg=1,000,013/s
  t= 96631.1s  rows=96,632,345,161  +15,044,070  inst=1,002,938/s  avg=1,000,013/s
  t= 96646.1s  rows=96,647,258,413  +14,913,252  inst=994,217/s  avg=1,000,012/s
  t= 96661.1s  rows=96,662,302,483  +15,044,070  inst=1,002,938/s  avg=1,000,013/s
  t= 96676.1s  rows=96,677,346,553  +15,044,070  inst=1,002,938/s  avg=1,000,013/s
  t= 96691.1s  rows=96,692,259,805  +14,913,252  inst=994,217/s  avg=1,000,012/s
  t= 96706.1s  rows=96,707,303,875  +15,044,070  inst=1,002,938/s  avg=1,000,013/s
  t= 96721.1s  rows=96,722,217,127  +14,913,252  inst=994,217/s  avg=1,000,012/s
  t= 96736.1s  rows=96,737,261,197  +15,044,070  inst=1,002,938/s  avg=1,000,012/s
  t= 96751.1s  rows=96,752,305,267  +15,044,070  inst=1,002,938/s  avg=1,000,013/s
  t= 96766.1s  rows=96,767,218,519  +14,913,252  inst=994,217/s  avg=1,000,012/s
  t= 96781.1s  rows=96,782,262,589  +15,044,070  inst=1,002,938/s  avg=1,000,012/s
  t= 96796.1s  rows=96,797,306,659  +15,044,070  inst=1,002,938/s  avg=1,000,013/s
  t= 96811.1s  rows=96,812,219,911  +14,913,252  inst=994,217/s  avg=1,000,012/s
  t= 96826.1s  rows=96,827,263,981  +15,044,070  inst=1,002,938/s  avg=1,000,012/s
  t= 96841.1s  rows=96,842,177,233  +14,913,252  inst=994,217/s  avg=1,000,012/s
  t= 96856.1s  rows=96,857,221,303  +15,044,070  inst=1,002,938/s  avg=1,000,012/s
  t= 96871.1s  rows=96,872,265,373  +15,044,070  inst=1,002,938/s  avg=1,000,012/s
  t= 96886.1s  rows=96,887,272,891  +15,007,518  inst=1,000,501/s  avg=1,000,013/s
  t= 96901.1s  rows=96,902,329,044  +15,056,153  inst=1,003,744/s  avg=1,000,013/s
  t= 96916.1s  rows=96,917,242,296  +14,913,252  inst=994,217/s  avg=1,000,012/s
  t= 96931.1s  rows=96,932,286,366  +15,044,070  inst=1,002,938/s  avg=1,000,013/s
  t= 96946.1s  rows=96,947,330,436  +15,044,070  inst=1,002,938/s  avg=1,000,013/s
  t= 96961.1s  rows=96,962,243,688  +14,913,252  inst=994,217/s  avg=1,000,012/s
  t= 96976.1s  rows=96,977,287,758  +15,044,070  inst=1,002,938/s  avg=1,000,013/s
  t= 96991.1s  rows=96,992,331,828  +15,044,070  inst=1,002,938/s  avg=1,000,013/s
  t= 97006.1s  rows=97,007,245,080  +14,913,252  inst=994,217/s  avg=1,000,012/s
  t= 97021.1s  rows=97,022,289,150  +15,044,070  inst=1,002,938/s  avg=1,000,013/s
  t= 97036.1s  rows=97,037,202,402  +14,913,252  inst=994,217/s  avg=1,000,012/s
  t= 97051.1s  rows=97,052,246,472  +15,044,070  inst=1,002,938/s  avg=1,000,012/s
  t= 97066.1s  rows=97,067,290,542  +15,044,070  inst=1,002,938/s  avg=1,000,013/s
  t= 97081.1s  rows=97,082,203,794  +14,913,252  inst=994,217/s  avg=1,000,012/s
  t= 97096.1s  rows=97,097,247,864  +15,044,070  inst=1,002,938/s  avg=1,000,012/s
  t= 97111.1s  rows=97,112,291,934  +15,044,070  inst=1,002,938/s  avg=1,000,013/s
  t= 97126.1s  rows=97,127,336,004  +15,044,070  inst=1,002,938/s  avg=1,000,013/s
  t= 97141.1s  rows=97,142,249,256  +14,913,252  inst=994,217/s  avg=1,000,012/s
  t= 97156.1s  rows=97,157,293,326  +15,044,070  inst=1,002,938/s  avg=1,000,013/s
  t= 97171.1s  rows=97,172,337,396  +15,044,070  inst=1,002,938/s  avg=1,000,013/s
  t= 97186.1s  rows=97,187,250,648  +14,913,252  inst=994,217/s  avg=1,000,012/s
  t= 97201.1s  rows=97,202,294,718  +15,044,070  inst=1,002,938/s  avg=1,000,013/s
  t= 97216.1s  rows=97,217,338,788  +15,044,070  inst=1,002,938/s  avg=1,000,013/s
  t= 97231.1s  rows=97,232,252,040  +14,913,252  inst=994,217/s  avg=1,000,012/s
  t= 97246.1s  rows=97,247,296,110  +15,044,070  inst=1,002,938/s  avg=1,000,013/s
  t= 97261.1s  rows=97,262,340,180  +15,044,070  inst=1,002,938/s  avg=1,000,013/s
  t= 97276.1s  rows=97,277,253,432  +14,913,252  inst=994,217/s  avg=1,000,012/s
  t= 97291.1s  rows=97,292,297,502  +15,044,070  inst=1,002,938/s  avg=1,000,013/s
  t= 97306.1s  rows=97,307,341,572  +15,044,070  inst=1,002,938/s  avg=1,000,013/s
  t= 97321.1s  rows=97,322,254,824  +14,913,252  inst=994,217/s  avg=1,000,012/s
  t= 97336.1s  rows=97,337,298,894  +15,044,070  inst=1,002,938/s  avg=1,000,013/s
  t= 97351.1s  rows=97,352,342,964  +15,044,070  inst=1,002,938/s  avg=1,000,013/s
  t= 97366.1s  rows=97,367,256,216  +14,913,252  inst=994,217/s  avg=1,000,012/s
  t= 97381.1s  rows=97,382,300,286  +15,044,070  inst=1,002,938/s  avg=1,000,013/s
  t= 97396.1s  rows=97,397,344,356  +15,044,070  inst=1,002,938/s  avg=1,000,013/s
  t= 97411.1s  rows=97,412,257,608  +14,913,252  inst=994,217/s  avg=1,000,012/s
  t= 97426.1s  rows=97,427,301,678  +15,044,070  inst=1,002,938/s  avg=1,000,013/s
  t= 97441.1s  rows=97,442,345,748  +15,044,070  inst=1,002,938/s  avg=1,000,013/s
  t= 97456.1s  rows=97,457,259,000  +14,913,252  inst=994,217/s  avg=1,000,012/s
  t= 97471.1s  rows=97,472,303,070  +15,044,070  inst=1,002,938/s  avg=1,000,013/s
  t= 97486.1s  rows=97,487,347,140  +15,044,070  inst=1,002,938/s  avg=1,000,013/s
  t= 97501.1s  rows=97,502,260,392  +14,913,252  inst=994,217/s  avg=1,000,012/s
  t= 97516.1s  rows=97,517,304,462  +15,044,070  inst=1,002,938/s  avg=1,000,013/s
  t= 97531.1s  rows=97,532,348,532  +15,044,070  inst=1,002,938/s  avg=1,000,013/s
  t= 97546.1s  rows=97,547,261,784  +14,913,252  inst=994,217/s  avg=1,000,012/s
  t= 97561.1s  rows=97,562,305,854  +15,044,070  inst=1,002,938/s  avg=1,000,013/s
  t= 97576.1s  rows=97,577,219,106  +14,913,252  inst=994,217/s  avg=1,000,012/s
  t= 97591.1s  rows=97,592,263,176  +15,044,070  inst=1,002,938/s  avg=1,000,012/s
  t= 97606.1s  rows=97,607,307,246  +15,044,070  inst=1,002,938/s  avg=1,000,013/s
  t= 97621.1s  rows=97,622,220,498  +14,913,252  inst=994,217/s  avg=1,000,012/s
  t= 97636.1s  rows=97,637,264,568  +15,044,070  inst=1,002,938/s  avg=1,000,012/s
  t= 97651.1s  rows=97,652,210,215  +14,945,647  inst=996,376/s  avg=1,000,012/s
  t= 97666.1s  rows=97,667,254,285  +15,044,070  inst=1,002,938/s  avg=1,000,012/s
  t= 97681.1s  rows=97,682,298,355  +15,044,070  inst=1,002,938/s  avg=1,000,013/s
  t= 97696.1s  rows=97,697,342,425  +15,044,070  inst=1,002,938/s  avg=1,000,013/s
  t= 97711.1s  rows=97,712,255,677  +14,913,252  inst=994,217/s  avg=1,000,012/s
  t= 97726.1s  rows=97,727,299,747  +15,044,070  inst=1,002,938/s  avg=1,000,013/s
  t= 97741.1s  rows=97,742,343,817  +15,044,070  inst=1,002,938/s  avg=1,000,013/s
  t= 97756.1s  rows=97,757,257,069  +14,913,252  inst=994,217/s  avg=1,000,012/s
  t= 97771.1s  rows=97,772,301,139  +15,044,070  inst=1,002,938/s  avg=1,000,013/s
  t= 97786.1s  rows=97,787,345,209  +15,044,070  inst=1,002,938/s  avg=1,000,013/s
  t= 97801.1s  rows=97,802,258,461  +14,913,252  inst=994,217/s  avg=1,000,012/s
  t= 97816.1s  rows=97,817,302,531  +15,044,070  inst=1,002,938/s  avg=1,000,013/s
  t= 97831.1s  rows=97,832,346,601  +15,044,070  inst=1,002,938/s  avg=1,000,013/s
  t= 97846.1s  rows=97,847,259,853  +14,913,252  inst=994,217/s  avg=1,000,012/s
  t= 97861.1s  rows=97,862,303,923  +15,044,070  inst=1,002,938/s  avg=1,000,013/s
  t= 97876.1s  rows=97,877,347,993  +15,044,070  inst=1,002,938/s  avg=1,000,013/s
  t= 97891.1s  rows=97,892,261,245  +14,913,252  inst=994,217/s  avg=1,000,012/s
  t= 97906.1s  rows=97,907,305,315  +15,044,070  inst=1,002,938/s  avg=1,000,013/s
  t= 97921.1s  rows=97,922,349,385  +15,044,070  inst=1,002,938/s  avg=1,000,013/s
  t= 97936.1s  rows=97,937,262,637  +14,913,252  inst=994,217/s  avg=1,000,012/s
  t= 97951.1s  rows=97,952,306,707  +15,044,070  inst=1,002,938/s  avg=1,000,013/s
  t= 97966.1s  rows=97,967,350,777  +15,044,070  inst=1,002,938/s  avg=1,000,013/s
  t= 97981.1s  rows=97,982,264,029  +14,913,252  inst=994,217/s  avg=1,000,012/s
  t= 97996.1s  rows=97,997,308,099  +15,044,070  inst=1,002,938/s  avg=1,000,013/s
  t= 98011.1s  rows=98,012,352,169  +15,044,070  inst=1,002,938/s  avg=1,000,013/s
  t= 98026.1s  rows=98,027,265,421  +14,913,252  inst=994,217/s  avg=1,000,012/s
  t= 98041.1s  rows=98,042,309,491  +15,044,070  inst=1,002,938/s  avg=1,000,013/s
  t= 98056.1s  rows=98,057,353,561  +15,044,070  inst=1,002,938/s  avg=1,000,013/s
  t= 98071.1s  rows=98,072,266,813  +14,913,252  inst=994,217/s  avg=1,000,012/s
  t= 98086.1s  rows=98,087,310,883  +15,044,070  inst=1,002,938/s  avg=1,000,013/s
  t= 98101.1s  rows=98,102,354,953  +15,044,070  inst=1,002,938/s  avg=1,000,013/s
  t= 98116.1s  rows=98,117,268,205  +14,913,252  inst=994,217/s  avg=1,000,012/s
  t= 98131.1s  rows=98,132,312,275  +15,044,070  inst=1,002,938/s  avg=1,000,013/s
  t= 98146.1s  rows=98,147,225,527  +14,913,252  inst=994,217/s  avg=1,000,012/s
  t= 98161.1s  rows=98,162,269,597  +15,044,070  inst=1,002,938/s  avg=1,000,012/s
  t= 98176.1s  rows=98,177,313,667  +15,044,070  inst=1,002,938/s  avg=1,000,013/s
  t= 98191.1s  rows=98,192,226,919  +14,913,252  inst=994,217/s  avg=1,000,012/s
  t= 98206.1s  rows=98,207,270,989  +15,044,070  inst=1,002,938/s  avg=1,000,012/s
  t= 98221.1s  rows=98,222,315,059  +15,044,070  inst=1,002,938/s  avg=1,000,013/s
  t= 98236.1s  rows=98,237,228,311  +14,913,252  inst=994,217/s  avg=1,000,012/s
  t= 98251.1s  rows=98,252,272,381  +15,044,070  inst=1,002,938/s  avg=1,000,012/s
  t= 98266.1s  rows=98,267,316,451  +15,044,070  inst=1,002,938/s  avg=1,000,013/s
  t= 98281.1s  rows=98,282,360,521  +15,044,070  inst=1,002,938/s  avg=1,000,013/s
  t= 98296.1s  rows=98,297,304,588  +14,944,067  inst=996,271/s  avg=1,000,013/s
  t= 98311.1s  rows=98,312,217,840  +14,913,252  inst=994,217/s  avg=1,000,012/s
  t= 98326.1s  rows=98,327,261,910  +15,044,070  inst=1,002,938/s  avg=1,000,012/s
  t= 98341.1s  rows=98,342,305,980  +15,044,070  inst=1,002,938/s  avg=1,000,013/s
  t= 98356.1s  rows=98,357,350,050  +15,044,070  inst=1,002,938/s  avg=1,000,013/s
  t= 98371.1s  rows=98,372,263,302  +14,913,252  inst=994,217/s  avg=1,000,012/s
  t= 98386.1s  rows=98,387,307,372  +15,044,070  inst=1,002,938/s  avg=1,000,013/s
  t= 98401.1s  rows=98,402,351,442  +15,044,070  inst=1,002,938/s  avg=1,000,013/s
  t= 98416.1s  rows=98,417,264,694  +14,913,252  inst=994,217/s  avg=1,000,012/s
  t= 98431.1s  rows=98,432,308,764  +15,044,070  inst=1,002,938/s  avg=1,000,013/s
  t= 98446.1s  rows=98,447,352,834  +15,044,070  inst=1,002,938/s  avg=1,000,013/s
  t= 98461.1s  rows=98,462,266,086  +14,913,252  inst=994,217/s  avg=1,000,012/s
  t= 98476.1s  rows=98,477,310,156  +15,044,070  inst=1,002,938/s  avg=1,000,013/s
  t= 98491.1s  rows=98,492,354,226  +15,044,070  inst=1,002,938/s  avg=1,000,013/s
  t= 98506.1s  rows=98,507,267,478  +14,913,252  inst=994,217/s  avg=1,000,012/s
  t= 98521.1s  rows=98,522,311,548  +15,044,070  inst=1,002,938/s  avg=1,000,013/s
  t= 98536.1s  rows=98,537,224,800  +14,913,252  inst=994,217/s  avg=1,000,012/s
  t= 98551.1s  rows=98,552,268,870  +15,044,070  inst=1,002,938/s  avg=1,000,012/s
  t= 98566.1s  rows=98,567,312,940  +15,044,070  inst=1,002,938/s  avg=1,000,013/s
  t= 98581.1s  rows=98,582,226,192  +14,913,252  inst=994,217/s  avg=1,000,012/s
  t= 98596.1s  rows=98,597,270,262  +15,044,070  inst=1,002,938/s  avg=1,000,012/s
  t= 98611.1s  rows=98,612,314,332  +15,044,070  inst=1,002,938/s  avg=1,000,013/s
  t= 98626.1s  rows=98,627,358,402  +15,044,070  inst=1,002,938/s  avg=1,000,013/s
  t= 98641.1s  rows=98,642,271,654  +14,913,252  inst=994,217/s  avg=1,000,012/s
  t= 98656.1s  rows=98,657,315,724  +15,044,070  inst=1,002,938/s  avg=1,000,013/s
  t= 98671.1s  rows=98,672,359,794  +15,044,070  inst=1,002,938/s  avg=1,000,013/s
  t= 98686.1s  rows=98,687,273,046  +14,913,252  inst=994,217/s  avg=1,000,012/s
  t= 98701.1s  rows=98,702,317,116  +15,044,070  inst=1,002,938/s  avg=1,000,013/s
  t= 98716.1s  rows=98,717,361,186  +15,044,070  inst=1,002,938/s  avg=1,000,013/s
  t= 98731.1s  rows=98,732,274,438  +14,913,252  inst=994,217/s  avg=1,000,012/s
  t= 98746.1s  rows=98,747,318,508  +15,044,070  inst=1,002,938/s  avg=1,000,013/s
  t= 98761.1s  rows=98,762,231,760  +14,913,252  inst=994,217/s  avg=1,000,012/s
  t= 98776.1s  rows=98,777,275,830  +15,044,070  inst=1,002,938/s  avg=1,000,012/s
  t= 98791.1s  rows=98,792,319,900  +15,044,070  inst=1,002,938/s  avg=1,000,013/s
  t= 98806.1s  rows=98,807,233,152  +14,913,252  inst=994,217/s  avg=1,000,012/s
  t= 98821.1s  rows=98,822,277,222  +15,044,070  inst=1,002,938/s  avg=1,000,012/s
  t= 98836.1s  rows=98,837,190,474  +14,913,252  inst=994,217/s  avg=1,000,011/s
  t= 98851.1s  rows=98,852,234,544  +15,044,070  inst=1,002,938/s  avg=1,000,012/s
  t= 98866.1s  rows=98,867,278,614  +15,044,070  inst=1,002,938/s  avg=1,000,012/s
  t= 98881.1s  rows=98,882,322,684  +15,044,070  inst=1,002,938/s  avg=1,000,013/s
  t= 98896.1s  rows=98,897,366,754  +15,044,070  inst=1,002,938/s  avg=1,000,013/s
  t= 98911.1s  rows=98,912,280,006  +14,913,252  inst=994,217/s  avg=1,000,012/s
  t= 98926.1s  rows=98,927,324,076  +15,044,070  inst=1,002,938/s  avg=1,000,013/s
  t= 98941.1s  rows=98,942,368,146  +15,044,070  inst=1,002,938/s  avg=1,000,013/s
  t= 98956.1s  rows=98,957,281,398  +14,913,252  inst=994,217/s  avg=1,000,012/s
  t= 98971.1s  rows=98,972,325,468  +15,044,070  inst=1,002,938/s  avg=1,000,013/s
  t= 98986.1s  rows=98,987,369,538  +15,044,070  inst=1,002,938/s  avg=1,000,013/s
  t= 99001.1s  rows=99,002,282,790  +14,913,252  inst=994,217/s  avg=1,000,012/s
  t= 99016.1s  rows=99,017,326,860  +15,044,070  inst=1,002,938/s  avg=1,000,013/s
  t= 99031.1s  rows=99,032,240,112  +14,913,252  inst=994,217/s  avg=1,000,012/s
  t= 99046.1s  rows=99,047,225,741  +14,985,629  inst=999,042/s  avg=1,000,012/s
  t= 99061.1s  rows=99,062,269,811  +15,044,070  inst=1,002,938/s  avg=1,000,012/s
  t= 99076.1s  rows=99,077,313,881  +15,044,070  inst=1,002,938/s  avg=1,000,012/s
  t= 99091.1s  rows=99,092,227,133  +14,913,252  inst=994,217/s  avg=1,000,012/s
  t= 99106.1s  rows=99,107,271,203  +15,044,070  inst=1,002,938/s  avg=1,000,012/s
  t= 99121.1s  rows=99,122,315,273  +15,044,070  inst=1,002,938/s  avg=1,000,012/s
  t= 99136.1s  rows=99,137,359,343  +15,044,070  inst=1,002,938/s  avg=1,000,013/s
  t= 99151.1s  rows=99,152,272,595  +14,913,252  inst=994,217/s  avg=1,000,012/s
  t= 99166.1s  rows=99,167,316,665  +15,044,070  inst=1,002,938/s  avg=1,000,012/s
  t= 99181.1s  rows=99,182,360,735  +15,044,070  inst=1,002,938/s  avg=1,000,013/s
  t= 99196.1s  rows=99,197,273,987  +14,913,252  inst=994,217/s  avg=1,000,012/s
  t= 99211.1s  rows=99,212,318,057  +15,044,070  inst=1,002,938/s  avg=1,000,012/s
  t= 99226.1s  rows=99,227,362,127  +15,044,070  inst=1,002,938/s  avg=1,000,013/s
  t= 99241.1s  rows=99,242,275,379  +14,913,252  inst=994,217/s  avg=1,000,012/s
  t= 99256.1s  rows=99,257,319,449  +15,044,070  inst=1,002,938/s  avg=1,000,012/s
  t= 99271.1s  rows=99,272,363,519  +15,044,070  inst=1,002,938/s  avg=1,000,013/s
  t= 99286.1s  rows=99,287,276,771  +14,913,252  inst=994,217/s  avg=1,000,012/s
  t= 99301.1s  rows=99,302,320,841  +15,044,070  inst=1,002,938/s  avg=1,000,012/s
  t= 99316.1s  rows=99,317,364,911  +15,044,070  inst=1,002,938/s  avg=1,000,013/s
  t= 99331.1s  rows=99,332,278,163  +14,913,252  inst=994,217/s  avg=1,000,012/s
  t= 99346.1s  rows=99,347,322,233  +15,044,070  inst=1,002,938/s  avg=1,000,012/s
  t= 99361.1s  rows=99,362,366,303  +15,044,070  inst=1,002,938/s  avg=1,000,013/s
  t= 99376.1s  rows=99,377,279,555  +14,913,252  inst=994,217/s  avg=1,000,012/s
  t= 99391.1s  rows=99,392,323,625  +15,044,070  inst=1,002,938/s  avg=1,000,012/s
  t= 99406.1s  rows=99,407,367,695  +15,044,070  inst=1,002,938/s  avg=1,000,013/s
  t= 99421.1s  rows=99,422,280,947  +14,913,252  inst=994,217/s  avg=1,000,012/s
  t= 99436.1s  rows=99,437,325,017  +15,044,070  inst=1,002,938/s  avg=1,000,012/s
  t= 99451.1s  rows=99,452,369,087  +15,044,070  inst=1,002,938/s  avg=1,000,013/s
  t= 99466.1s  rows=99,467,282,339  +14,913,252  inst=994,217/s  avg=1,000,012/s
  t= 99481.1s  rows=99,482,326,409  +15,044,070  inst=1,002,938/s  avg=1,000,012/s
  t= 99496.1s  rows=99,497,239,661  +14,913,252  inst=994,217/s  avg=1,000,012/s
  t= 99511.1s  rows=99,512,283,731  +15,044,070  inst=1,002,938/s  avg=1,000,012/s
  t= 99526.1s  rows=99,527,327,801  +15,044,070  inst=1,002,938/s  avg=1,000,012/s
  t= 99541.1s  rows=99,542,371,871  +15,044,070  inst=1,002,938/s  avg=1,000,013/s
  t= 99556.1s  rows=99,557,285,123  +14,913,252  inst=994,217/s  avg=1,000,012/s
  t= 99571.1s  rows=99,572,329,193  +15,044,070  inst=1,002,938/s  avg=1,000,012/s
  t= 99586.1s  rows=99,587,242,445  +14,913,252  inst=994,217/s  avg=1,000,012/s
  t= 99601.1s  rows=99,602,286,515  +15,044,070  inst=1,002,938/s  avg=1,000,012/s
  t= 99616.1s  rows=99,617,330,585  +15,044,070  inst=1,002,938/s  avg=1,000,012/s
  t= 99631.1s  rows=99,632,374,655  +15,044,070  inst=1,002,938/s  avg=1,000,013/s
  t= 99646.1s  rows=99,647,287,907  +14,913,252  inst=994,217/s  avg=1,000,012/s
  t= 99661.1s  rows=99,662,331,977  +15,044,070  inst=1,002,938/s  avg=1,000,012/s
  t= 99676.1s  rows=99,677,245,229  +14,913,252  inst=994,217/s  avg=1,000,012/s
  t= 99691.1s  rows=99,692,289,299  +15,044,070  inst=1,002,938/s  avg=1,000,012/s
  t= 99706.1s  rows=99,707,333,369  +15,044,070  inst=1,002,938/s  avg=1,000,012/s
  t= 99721.1s  rows=99,722,246,621  +14,913,252  inst=994,217/s  avg=1,000,012/s
  t= 99736.1s  rows=99,737,290,691  +15,044,070  inst=1,002,938/s  avg=1,000,012/s
  t= 99751.1s  rows=99,752,203,943  +14,913,252  inst=994,217/s  avg=1,000,011/s
  t= 99766.1s  rows=99,767,248,013  +15,044,070  inst=1,002,938/s  avg=1,000,012/s
  t= 99781.1s  rows=99,782,292,083  +15,044,070  inst=1,002,938/s  avg=1,000,012/s
  t= 99796.1s  rows=99,797,336,153  +15,044,070  inst=1,002,938/s  avg=1,000,012/s
  t= 99811.1s  rows=99,812,380,223  +15,044,070  inst=1,002,938/s  avg=1,000,013/s
  t= 99826.1s  rows=99,827,273,103  +14,892,880  inst=992,859/s  avg=1,000,012/s
  t= 99841.1s  rows=99,842,317,173  +15,044,070  inst=1,002,938/s  avg=1,000,012/s
  t= 99856.1s  rows=99,857,361,243  +15,044,070  inst=1,002,938/s  avg=1,000,013/s
  t= 99871.1s  rows=99,872,274,495  +14,913,252  inst=994,217/s  avg=1,000,012/s
  t= 99886.1s  rows=99,887,318,565  +15,044,070  inst=1,002,938/s  avg=1,000,012/s
  t= 99901.1s  rows=99,902,231,817  +14,913,252  inst=994,217/s  avg=1,000,011/s
  t= 99916.1s  rows=99,917,275,887  +15,044,070  inst=1,002,938/s  avg=1,000,012/s
  t= 99931.1s  rows=99,932,319,957  +15,044,070  inst=1,002,938/s  avg=1,000,012/s
  t= 99946.1s  rows=99,947,364,027  +15,044,070  inst=1,002,938/s  avg=1,000,013/s
  t= 99961.1s  rows=99,962,277,279  +14,913,252  inst=994,217/s  avg=1,000,012/s
  t= 99976.1s  rows=99,977,321,349  +15,044,070  inst=1,002,938/s  avg=1,000,012/s
  t= 99991.1s  rows=99,992,365,419  +15,044,070  inst=1,002,938/s  avg=1,000,013/s
  t=100006.1s  rows=100,007,278,671  +14,913,252  inst=994,217/s  avg=1,000,012/s
  t=100021.1s  rows=100,022,322,741  +15,044,070  inst=1,002,938/s  avg=1,000,012/s
  t=100036.1s  rows=100,037,366,811  +15,044,070  inst=1,002,938/s  avg=1,000,013/s
  t=100051.1s  rows=100,052,280,063  +14,913,252  inst=994,217/s  avg=1,000,012/s
  t=100066.1s  rows=100,067,324,133  +15,044,070  inst=1,002,938/s  avg=1,000,012/s
  t=100081.1s  rows=100,082,368,203  +15,044,070  inst=1,002,938/s  avg=1,000,013/s
  t=100096.1s  rows=100,097,281,455  +14,913,252  inst=994,217/s  avg=1,000,012/s
  t=100111.1s  rows=100,112,325,525  +15,044,070  inst=1,002,938/s  avg=1,000,012/s
  t=100126.1s  rows=100,127,369,595  +15,044,070  inst=1,002,938/s  avg=1,000,013/s
  t=100141.1s  rows=100,142,282,847  +14,913,252  inst=994,217/s  avg=1,000,012/s
  t=100156.1s  rows=100,157,326,917  +15,044,070  inst=1,002,938/s  avg=1,000,012/s
  t=100171.1s  rows=100,172,370,987  +15,044,070  inst=1,002,938/s  avg=1,000,013/s
  t=100186.1s  rows=100,187,284,239  +14,913,252  inst=994,217/s  avg=1,000,012/s
  t=100201.1s  rows=100,202,328,309  +15,044,070  inst=1,002,938/s  avg=1,000,012/s
  t=100216.1s  rows=100,217,372,379  +15,044,070  inst=1,002,938/s  avg=1,000,013/s
  t=100231.1s  rows=100,232,285,631  +14,913,252  inst=994,217/s  avg=1,000,012/s
  t=100246.1s  rows=100,247,329,701  +15,044,070  inst=1,002,938/s  avg=1,000,012/s
  t=100261.1s  rows=100,262,373,771  +15,044,070  inst=1,002,938/s  avg=1,000,013/s
  t=100276.1s  rows=100,277,287,023  +14,913,252  inst=994,217/s  avg=1,000,012/s
  t=100291.1s  rows=100,292,331,093  +15,044,070  inst=1,002,938/s  avg=1,000,012/s
  t=100306.1s  rows=100,307,375,163  +15,044,070  inst=1,002,938/s  avg=1,000,013/s
  t=100321.1s  rows=100,322,288,415  +14,913,252  inst=994,217/s  avg=1,000,012/s
  t=100336.1s  rows=100,337,332,485  +15,044,070  inst=1,002,938/s  avg=1,000,012/s
  t=100351.1s  rows=100,352,376,555  +15,044,070  inst=1,002,938/s  avg=1,000,013/s
  t=100366.1s  rows=100,367,289,807  +14,913,252  inst=994,217/s  avg=1,000,012/s
  t=100381.1s  rows=100,382,333,877  +15,044,070  inst=1,002,938/s  avg=1,000,012/s
  t=100396.1s  rows=100,397,377,947  +15,044,070  inst=1,002,938/s  avg=1,000,013/s
  t=100411.1s  rows=100,412,291,199  +14,913,252  inst=994,217/s  avg=1,000,012/s
  t=100426.1s  rows=100,427,335,269  +15,044,070  inst=1,002,938/s  avg=1,000,012/s
  t=100441.1s  rows=100,442,248,521  +14,913,252  inst=994,217/s  avg=1,000,011/s
  t=100456.1s  rows=100,457,292,591  +15,044,070  inst=1,002,938/s  avg=1,000,012/s
  t=100471.1s  rows=100,472,205,843  +14,913,252  inst=994,217/s  avg=1,000,011/s
  t=100486.1s  rows=100,487,249,913  +15,044,070  inst=1,002,938/s  avg=1,000,011/s
  t=100501.1s  rows=100,502,293,983  +15,044,070  inst=1,002,938/s  avg=1,000,012/s
  t=100516.1s  rows=100,517,338,053  +15,044,070  inst=1,002,938/s  avg=1,000,012/s
  t=100531.1s  rows=100,532,382,123  +15,044,070  inst=1,002,938/s  avg=1,000,013/s
  t=100546.1s  rows=100,547,354,784  +14,972,661  inst=998,177/s  avg=1,000,013/s
  t=100561.1s  rows=100,562,268,036  +14,913,252  inst=994,217/s  avg=1,000,012/s
  t=100576.1s  rows=100,577,323,935  +15,055,899  inst=1,003,727/s  avg=1,000,012/s
  t=100591.1s  rows=100,592,368,005  +15,044,070  inst=1,002,938/s  avg=1,000,013/s
  t=100606.1s  rows=100,607,281,257  +14,913,252  inst=994,217/s  avg=1,000,012/s
  t=100621.1s  rows=100,622,325,327  +15,044,070  inst=1,002,938/s  avg=1,000,012/s
  t=100636.1s  rows=100,637,369,397  +15,044,070  inst=1,002,938/s  avg=1,000,013/s
  t=100651.1s  rows=100,652,282,649  +14,913,252  inst=994,217/s  avg=1,000,012/s
  t=100666.1s  rows=100,667,326,719  +15,044,070  inst=1,002,938/s  avg=1,000,012/s
  t=100681.1s  rows=100,682,370,789  +15,044,070  inst=1,002,938/s  avg=1,000,013/s
  t=100696.1s  rows=100,697,284,041  +14,913,252  inst=994,217/s  avg=1,000,012/s
  t=100711.1s  rows=100,712,328,111  +15,044,070  inst=1,002,938/s  avg=1,000,012/s
  t=100726.1s  rows=100,727,372,181  +15,044,070  inst=1,002,938/s  avg=1,000,013/s
  t=100741.1s  rows=100,742,285,433  +14,913,252  inst=994,217/s  avg=1,000,012/s
  t=100756.1s  rows=100,757,329,503  +15,044,070  inst=1,002,938/s  avg=1,000,012/s
  t=100771.1s  rows=100,772,373,573  +15,044,070  inst=1,002,938/s  avg=1,000,013/s
  t=100786.1s  rows=100,787,286,825  +14,913,252  inst=994,217/s  avg=1,000,012/s
  t=100801.1s  rows=100,802,330,895  +15,044,070  inst=1,002,938/s  avg=1,000,012/s
  t=100816.1s  rows=100,817,244,147  +14,913,252  inst=994,217/s  avg=1,000,011/s
  t=100831.1s  rows=100,832,288,217  +15,044,070  inst=1,002,938/s  avg=1,000,012/s
  t=100846.1s  rows=100,847,332,287  +15,044,070  inst=1,002,938/s  avg=1,000,012/s
  t=100861.1s  rows=100,862,376,357  +15,044,070  inst=1,002,938/s  avg=1,000,013/s
  t=100876.1s  rows=100,877,289,609  +14,913,252  inst=994,217/s  avg=1,000,012/s
  t=100891.1s  rows=100,892,333,679  +15,044,070  inst=1,002,938/s  avg=1,000,012/s
  t=100906.1s  rows=100,907,377,749  +15,044,070  inst=1,002,938/s  avg=1,000,013/s
  t=100921.1s  rows=100,922,291,001  +14,913,252  inst=994,217/s  avg=1,000,012/s
  t=100936.1s  rows=100,937,335,071  +15,044,070  inst=1,002,938/s  avg=1,000,012/s
  t=100951.1s  rows=100,952,379,141  +15,044,070  inst=1,002,938/s  avg=1,000,013/s
  t=100966.1s  rows=100,967,292,393  +14,913,252  inst=994,217/s  avg=1,000,012/s
  t=100981.1s  rows=100,982,336,463  +15,044,070  inst=1,002,938/s  avg=1,000,012/s
  t=100996.1s  rows=100,997,380,533  +15,044,070  inst=1,002,938/s  avg=1,000,013/s
  t=101011.1s  rows=101,012,293,785  +14,913,252  inst=994,217/s  avg=1,000,012/s
  t=101026.1s  rows=101,027,337,855  +15,044,070  inst=1,002,938/s  avg=1,000,012/s
  t=101041.1s  rows=101,042,381,925  +15,044,070  inst=1,002,938/s  avg=1,000,013/s
  t=101056.1s  rows=101,057,295,177  +14,913,252  inst=994,217/s  avg=1,000,012/s
  t=101071.1s  rows=101,072,339,247  +15,044,070  inst=1,002,938/s  avg=1,000,012/s
  t=101086.1s  rows=101,087,383,317  +15,044,070  inst=1,002,938/s  avg=1,000,013/s
  t=101101.1s  rows=101,102,296,569  +14,913,252  inst=994,217/s  avg=1,000,012/s
  t=101116.1s  rows=101,117,340,639  +15,044,070  inst=1,002,938/s  avg=1,000,012/s
  t=101131.1s  rows=101,132,253,891  +14,913,252  inst=994,217/s  avg=1,000,011/s
  t=101146.1s  rows=101,147,297,961  +15,044,070  inst=1,002,938/s  avg=1,000,012/s
  t=101161.1s  rows=101,162,211,213  +14,913,252  inst=994,217/s  avg=1,000,011/s
  t=101176.1s  rows=101,177,386,101  +15,174,888  inst=1,011,659/s  avg=1,000,013/s
  t=101191.1s  rows=101,192,299,353  +14,913,252  inst=994,217/s  avg=1,000,012/s
  t=101206.1s  rows=101,207,343,423  +15,044,070  inst=1,002,938/s  avg=1,000,012/s
  t=101221.1s  rows=101,222,256,675  +14,913,252  inst=994,217/s  avg=1,000,011/s
  t=101236.1s  rows=101,237,300,745  +15,044,070  inst=1,002,938/s  avg=1,000,012/s
  t=101251.1s  rows=101,252,344,815  +15,044,070  inst=1,002,938/s  avg=1,000,012/s
  t=101266.1s  rows=101,267,388,885  +15,044,070  inst=1,002,938/s  avg=1,000,013/s
  t=101281.1s  rows=101,282,302,137  +14,913,252  inst=994,217/s  avg=1,000,012/s
  t=101296.1s  rows=101,297,308,624  +15,006,487  inst=1,000,432/s  avg=1,000,012/s
  t=101311.1s  rows=101,312,352,694  +15,044,070  inst=1,002,938/s  avg=1,000,012/s
  t=101326.1s  rows=101,327,265,946  +14,913,252  inst=994,217/s  avg=1,000,011/s
  t=101341.1s  rows=101,342,310,016  +15,044,070  inst=1,002,938/s  avg=1,000,012/s
  t=101356.1s  rows=101,357,354,086  +15,044,070  inst=1,002,938/s  avg=1,000,012/s
  t=101371.1s  rows=101,372,267,338  +14,913,252  inst=994,217/s  avg=1,000,011/s
  t=101386.1s  rows=101,387,311,408  +15,044,070  inst=1,002,938/s  avg=1,000,012/s
  t=101401.1s  rows=101,402,355,478  +15,044,070  inst=1,002,938/s  avg=1,000,012/s
  t=101416.1s  rows=101,417,268,730  +14,913,252  inst=994,217/s  avg=1,000,011/s
  t=101431.1s  rows=101,432,312,800  +15,044,070  inst=1,002,938/s  avg=1,000,012/s
  t=101446.1s  rows=101,447,356,870  +15,044,070  inst=1,002,938/s  avg=1,000,012/s
  t=101461.1s  rows=101,462,270,122  +14,913,252  inst=994,217/s  avg=1,000,011/s
  t=101476.1s  rows=101,477,314,192  +15,044,070  inst=1,002,938/s  avg=1,000,012/s
  t=101491.1s  rows=101,492,358,262  +15,044,070  inst=1,002,938/s  avg=1,000,012/s
  t=101506.1s  rows=101,507,271,514  +14,913,252  inst=994,217/s  avg=1,000,011/s
  t=101521.1s  rows=101,522,315,584  +15,044,070  inst=1,002,938/s  avg=1,000,012/s
  t=101536.1s  rows=101,537,359,654  +15,044,070  inst=1,002,938/s  avg=1,000,012/s
  t=101551.1s  rows=101,552,272,906  +14,913,252  inst=994,217/s  avg=1,000,011/s
  t=101566.1s  rows=101,567,316,976  +15,044,070  inst=1,002,938/s  avg=1,000,012/s
  t=101581.1s  rows=101,582,361,046  +15,044,070  inst=1,002,938/s  avg=1,000,012/s
  t=101596.1s  rows=101,597,405,116  +15,044,070  inst=1,002,938/s  avg=1,000,013/s
  t=101611.1s  rows=101,612,318,368  +14,913,252  inst=994,217/s  avg=1,000,012/s
  t=101626.1s  rows=101,627,362,438  +15,044,070  inst=1,002,938/s  avg=1,000,012/s
  t=101641.1s  rows=101,642,275,690  +14,913,252  inst=994,217/s  avg=1,000,011/s
  t=101656.1s  rows=101,657,319,760  +15,044,070  inst=1,002,938/s  avg=1,000,012/s
  t=101671.1s  rows=101,672,363,830  +15,044,070  inst=1,002,938/s  avg=1,000,012/s
  t=101686.1s  rows=101,687,407,900  +15,044,070  inst=1,002,938/s  avg=1,000,013/s
  t=101701.1s  rows=101,702,321,152  +14,913,252  inst=994,217/s  avg=1,000,012/s
  t=101716.1s  rows=101,717,365,222  +15,044,070  inst=1,002,938/s  avg=1,000,012/s
  t=101731.1s  rows=101,732,278,474  +14,913,252  inst=994,217/s  avg=1,000,011/s
  t=101746.1s  rows=101,747,322,544  +15,044,070  inst=1,002,938/s  avg=1,000,012/s
  t=101761.1s  rows=101,762,366,614  +15,044,070  inst=1,002,938/s  avg=1,000,012/s
  t=101776.1s  rows=101,777,279,866  +14,913,252  inst=994,217/s  avg=1,000,011/s
  t=101791.1s  rows=101,792,323,936  +15,044,070  inst=1,002,938/s  avg=1,000,012/s
  t=101806.1s  rows=101,807,368,006  +15,044,070  inst=1,002,938/s  avg=1,000,012/s
  t=101821.1s  rows=101,822,281,258  +14,913,252  inst=994,217/s  avg=1,000,011/s
  t=101836.1s  rows=101,837,325,328  +15,044,070  inst=1,002,938/s  avg=1,000,012/s
  t=101851.1s  rows=101,852,369,398  +15,044,070  inst=1,002,938/s  avg=1,000,012/s
  t=101866.1s  rows=101,867,282,650  +14,913,252  inst=994,217/s  avg=1,000,012/s
  t=101881.1s  rows=101,882,326,720  +15,044,070  inst=1,002,938/s  avg=1,000,012/s
  t=101896.1s  rows=101,897,370,790  +15,044,070  inst=1,002,938/s  avg=1,000,012/s
  t=101911.1s  rows=101,912,284,042  +14,913,252  inst=994,217/s  avg=1,000,012/s
  t=101926.1s  rows=101,927,328,112  +15,044,070  inst=1,002,938/s  avg=1,000,012/s
  t=101941.1s  rows=101,942,372,182  +15,044,070  inst=1,002,938/s  avg=1,000,012/s
  t=101956.1s  rows=101,957,285,434  +14,913,252  inst=994,217/s  avg=1,000,012/s
  t=101971.1s  rows=101,972,329,504  +15,044,070  inst=1,002,938/s  avg=1,000,012/s
  t=101986.1s  rows=101,987,373,574  +15,044,070  inst=1,002,938/s  avg=1,000,012/s
  t=102001.1s  rows=102,002,286,826  +14,913,252  inst=994,217/s  avg=1,000,012/s
  t=102016.1s  rows=102,017,330,896  +15,044,070  inst=1,002,938/s  avg=1,000,012/s
  t=102031.1s  rows=102,032,326,849  +14,995,953  inst=999,730/s  avg=1,000,012/s
  t=102046.1s  rows=102,047,370,919  +15,044,070  inst=1,002,938/s  avg=1,000,012/s
  t=102061.1s  rows=102,062,284,171  +14,913,252  inst=994,217/s  avg=1,000,011/s
  t=102076.1s  rows=102,077,328,241  +15,044,070  inst=1,002,938/s  avg=1,000,012/s
  t=102091.1s  rows=102,092,241,493  +14,913,252  inst=994,217/s  avg=1,000,011/s
  t=102106.1s  rows=102,107,285,563  +15,044,070  inst=1,002,938/s  avg=1,000,011/s
  t=102121.1s  rows=102,122,329,633  +15,044,070  inst=1,002,938/s  avg=1,000,012/s
  t=102136.1s  rows=102,137,373,703  +15,044,070  inst=1,002,938/s  avg=1,000,012/s
  t=102151.1s  rows=102,152,286,955  +14,913,252  inst=994,217/s  avg=1,000,011/s
  t=102166.1s  rows=102,167,331,025  +15,044,070  inst=1,002,938/s  avg=1,000,012/s
  t=102181.1s  rows=102,182,375,095  +15,044,070  inst=1,002,938/s  avg=1,000,012/s
  t=102196.1s  rows=102,197,288,347  +14,913,252  inst=994,217/s  avg=1,000,011/s
  t=102211.1s  rows=102,212,332,417  +15,044,070  inst=1,002,938/s  avg=1,000,012/s
  t=102226.1s  rows=102,227,245,669  +14,913,252  inst=994,217/s  avg=1,000,011/s
  t=102241.1s  rows=102,242,289,739  +15,044,070  inst=1,002,938/s  avg=1,000,011/s
  t=102256.1s  rows=102,257,333,809  +15,044,070  inst=1,002,938/s  avg=1,000,012/s
  t=102271.1s  rows=102,272,377,879  +15,044,070  inst=1,002,938/s  avg=1,000,012/s
  t=102286.1s  rows=102,287,291,131  +14,913,252  inst=994,217/s  avg=1,000,011/s
  t=102301.1s  rows=102,302,335,201  +15,044,070  inst=1,002,938/s  avg=1,000,012/s
  t=102316.1s  rows=102,317,379,271  +15,044,070  inst=1,002,938/s  avg=1,000,012/s
  t=102331.1s  rows=102,332,292,523  +14,913,252  inst=994,217/s  avg=1,000,012/s
  t=102346.1s  rows=102,347,336,593  +15,044,070  inst=1,002,938/s  avg=1,000,012/s
  t=102361.1s  rows=102,362,380,663  +15,044,070  inst=1,002,938/s  avg=1,000,012/s
  t=102376.1s  rows=102,377,293,915  +14,913,252  inst=994,217/s  avg=1,000,012/s
  t=102391.1s  rows=102,392,337,985  +15,044,070  inst=1,002,938/s  avg=1,000,012/s
  t=102406.1s  rows=102,407,382,055  +15,044,070  inst=1,002,938/s  avg=1,000,012/s
  t=102421.1s  rows=102,422,295,307  +14,913,252  inst=994,217/s  avg=1,000,012/s
  t=102436.1s  rows=102,437,339,377  +15,044,070  inst=1,002,938/s  avg=1,000,012/s
  t=102451.1s  rows=102,452,383,447  +15,044,070  inst=1,002,938/s  avg=1,000,012/s
  t=102466.1s  rows=102,467,296,699  +14,913,252  inst=994,217/s  avg=1,000,012/s
  t=102481.1s  rows=102,482,340,769  +15,044,070  inst=1,002,938/s  avg=1,000,012/s
  t=102496.1s  rows=102,497,384,839  +15,044,070  inst=1,002,938/s  avg=1,000,012/s
  t=102511.1s  rows=102,512,298,091  +14,913,252  inst=994,217/s  avg=1,000,012/s
  t=102526.1s  rows=102,527,342,161  +15,044,070  inst=1,002,938/s  avg=1,000,012/s
  t=102541.1s  rows=102,542,386,231  +15,044,070  inst=1,002,938/s  avg=1,000,012/s
  t=102556.1s  rows=102,557,299,483  +14,913,252  inst=994,217/s  avg=1,000,012/s
  t=102571.1s  rows=102,572,343,553  +15,044,070  inst=1,002,938/s  avg=1,000,012/s
  t=102586.1s  rows=102,587,387,623  +15,044,070  inst=1,002,938/s  avg=1,000,012/s
  t=102601.1s  rows=102,602,300,875  +14,913,252  inst=994,217/s  avg=1,000,012/s
  t=102616.1s  rows=102,617,344,945  +15,044,070  inst=1,002,938/s  avg=1,000,012/s
  t=102631.1s  rows=102,632,389,015  +15,044,070  inst=1,002,938/s  avg=1,000,012/s
  t=102646.1s  rows=102,647,302,267  +14,913,252  inst=994,217/s  avg=1,000,012/s
  t=102661.1s  rows=102,662,346,337  +15,044,070  inst=1,002,938/s  avg=1,000,012/s
  t=102676.1s  rows=102,677,390,407  +15,044,070  inst=1,002,938/s  avg=1,000,012/s
  t=102691.1s  rows=102,692,303,659  +14,913,252  inst=994,217/s  avg=1,000,012/s
  t=102706.1s  rows=102,707,347,729  +15,044,070  inst=1,002,938/s  avg=1,000,012/s
  t=102721.1s  rows=102,722,260,981  +14,913,252  inst=994,217/s  avg=1,000,011/s
  t=102736.1s  rows=102,737,305,051  +15,044,070  inst=1,002,938/s  avg=1,000,012/s
  t=102751.1s  rows=102,752,349,121  +15,044,070  inst=1,002,938/s  avg=1,000,012/s
  t=102766.1s  rows=102,767,368,746  +15,019,625  inst=1,001,308/s  avg=1,000,012/s
  t=102781.1s  rows=102,782,281,998  +14,913,252  inst=994,217/s  avg=1,000,011/s
  t=102796.1s  rows=102,797,326,068  +15,044,070  inst=1,002,938/s  avg=1,000,012/s
  t=102811.1s  rows=102,812,370,138  +15,044,070  inst=1,002,938/s  avg=1,000,012/s
  t=102826.1s  rows=102,827,414,208  +15,044,070  inst=1,002,938/s  avg=1,000,013/s
  t=102841.1s  rows=102,842,327,460  +14,913,252  inst=994,217/s  avg=1,000,012/s
  t=102856.1s  rows=102,857,371,530  +15,044,070  inst=1,002,938/s  avg=1,000,012/s
  t=102871.1s  rows=102,872,415,600  +15,044,070  inst=1,002,938/s  avg=1,000,013/s
  t=102886.1s  rows=102,887,328,852  +14,913,252  inst=994,217/s  avg=1,000,012/s
  t=102901.1s  rows=102,902,372,922  +15,044,070  inst=1,002,938/s  avg=1,000,012/s
  t=102916.1s  rows=102,917,416,992  +15,044,070  inst=1,002,938/s  avg=1,000,013/s
  t=102931.1s  rows=102,932,330,244  +14,913,252  inst=994,217/s  avg=1,000,012/s
  t=102946.1s  rows=102,947,374,314  +15,044,070  inst=1,002,938/s  avg=1,000,012/s
  t=102961.1s  rows=102,962,287,566  +14,913,252  inst=994,217/s  avg=1,000,011/s
  t=102976.1s  rows=102,977,331,636  +15,044,070  inst=1,002,938/s  avg=1,000,012/s
  t=102991.1s  rows=102,992,375,706  +15,044,070  inst=1,002,938/s  avg=1,000,012/s
  t=103006.1s  rows=103,007,419,776  +15,044,070  inst=1,002,938/s  avg=1,000,013/s
  t=103021.1s  rows=103,022,333,028  +14,913,252  inst=994,217/s  avg=1,000,012/s
  t=103036.1s  rows=103,037,377,098  +15,044,070  inst=1,002,938/s  avg=1,000,012/s
  t=103051.1s  rows=103,052,290,350  +14,913,252  inst=994,217/s  avg=1,000,011/s
  t=103066.1s  rows=103,067,334,420  +15,044,070  inst=1,002,938/s  avg=1,000,012/s
  t=103081.1s  rows=103,082,378,490  +15,044,070  inst=1,002,938/s  avg=1,000,012/s
  t=103096.1s  rows=103,097,291,742  +14,913,252  inst=994,217/s  avg=1,000,011/s
  t=103111.1s  rows=103,112,335,812  +15,044,070  inst=1,002,938/s  avg=1,000,012/s
  t=103126.1s  rows=103,127,379,882  +15,044,070  inst=1,002,938/s  avg=1,000,012/s
  t=103141.1s  rows=103,142,293,134  +14,913,252  inst=994,217/s  avg=1,000,011/s
  t=103156.1s  rows=103,157,337,204  +15,044,070  inst=1,002,938/s  avg=1,000,012/s
  t=103171.1s  rows=103,172,381,274  +15,044,070  inst=1,002,938/s  avg=1,000,012/s
  t=103186.1s  rows=103,187,294,526  +14,913,252  inst=994,217/s  avg=1,000,011/s
  t=103201.1s  rows=103,202,338,596  +15,044,070  inst=1,002,938/s  avg=1,000,012/s
  t=103216.1s  rows=103,217,382,666  +15,044,070  inst=1,002,938/s  avg=1,000,012/s
  t=103231.1s  rows=103,232,295,918  +14,913,252  inst=994,217/s  avg=1,000,011/s
  t=103246.1s  rows=103,247,339,988  +15,044,070  inst=1,002,938/s  avg=1,000,012/s
  t=103261.1s  rows=103,262,384,058  +15,044,070  inst=1,002,938/s  avg=1,000,012/s
  t=103276.1s  rows=103,277,297,310  +14,913,252  inst=994,217/s  avg=1,000,011/s
  t=103291.1s  rows=103,292,341,380  +15,044,070  inst=1,002,938/s  avg=1,000,012/s
  t=103306.1s  rows=103,307,385,450  +15,044,070  inst=1,002,938/s  avg=1,000,012/s
  t=103321.1s  rows=103,322,298,702  +14,913,252  inst=994,217/s  avg=1,000,011/s
  t=103336.1s  rows=103,337,342,772  +15,044,070  inst=1,002,938/s  avg=1,000,012/s
  t=103351.1s  rows=103,352,386,842  +15,044,070  inst=1,002,938/s  avg=1,000,012/s
  t=103366.1s  rows=103,367,300,094  +14,913,252  inst=994,217/s  avg=1,000,011/s
  t=103381.1s  rows=103,382,344,164  +15,044,070  inst=1,002,938/s  avg=1,000,012/s
  t=103396.1s  rows=103,397,257,416  +14,913,252  inst=994,217/s  avg=1,000,011/s
  t=103411.1s  rows=103,412,301,486  +15,044,070  inst=1,002,938/s  avg=1,000,011/s
  t=103426.1s  rows=103,427,345,556  +15,044,070  inst=1,002,938/s  avg=1,000,012/s
  t=103441.1s  rows=103,442,389,626  +15,044,070  inst=1,002,938/s  avg=1,000,012/s
  t=103456.1s  rows=103,457,302,878  +14,913,252  inst=994,217/s  avg=1,000,011/s
  t=103471.1s  rows=103,472,317,517  +15,014,639  inst=1,000,976/s  avg=1,000,012/s
  t=103486.1s  rows=103,487,361,587  +15,044,070  inst=1,002,938/s  avg=1,000,012/s
  t=103501.1s  rows=103,502,274,839  +14,913,252  inst=994,217/s  avg=1,000,011/s
  t=103516.1s  rows=103,517,318,909  +15,044,070  inst=1,002,938/s  avg=1,000,012/s
  t=103531.1s  rows=103,532,362,979  +15,044,070  inst=1,002,938/s  avg=1,000,012/s
  t=103546.1s  rows=103,547,276,231  +14,913,252  inst=994,217/s  avg=1,000,011/s
  t=103561.1s  rows=103,562,320,301  +15,044,070  inst=1,002,938/s  avg=1,000,012/s
  t=103576.1s  rows=103,577,364,371  +15,044,070  inst=1,002,938/s  avg=1,000,012/s
  t=103591.1s  rows=103,592,408,441  +15,044,070  inst=1,002,938/s  avg=1,000,012/s
  t=103606.1s  rows=103,607,321,693  +14,913,252  inst=994,217/s  avg=1,000,012/s
  t=103621.1s  rows=103,622,365,763  +15,044,070  inst=1,002,938/s  avg=1,000,012/s
  t=103636.1s  rows=103,637,409,833  +15,044,070  inst=1,002,938/s  avg=1,000,012/s
  t=103651.1s  rows=103,652,323,085  +14,913,252  inst=994,217/s  avg=1,000,012/s
  t=103666.1s  rows=103,667,367,155  +15,044,070  inst=1,002,938/s  avg=1,000,012/s
  t=103681.1s  rows=103,682,411,225  +15,044,070  inst=1,002,938/s  avg=1,000,012/s
  t=103696.1s  rows=103,697,324,477  +14,913,252  inst=994,217/s  avg=1,000,012/s
  t=103711.1s  rows=103,712,368,547  +15,044,070  inst=1,002,938/s  avg=1,000,012/s
  t=103726.1s  rows=103,727,281,799  +14,913,252  inst=994,217/s  avg=1,000,011/s
  t=103741.1s  rows=103,742,325,869  +15,044,070  inst=1,002,938/s  avg=1,000,012/s
  t=103756.1s  rows=103,757,369,939  +15,044,070  inst=1,002,938/s  avg=1,000,012/s
  t=103771.1s  rows=103,772,414,009  +15,044,070  inst=1,002,938/s  avg=1,000,012/s
  t=103786.1s  rows=103,787,327,261  +14,913,252  inst=994,217/s  avg=1,000,012/s
  t=103801.1s  rows=103,802,371,331  +15,044,070  inst=1,002,938/s  avg=1,000,012/s
  t=103816.1s  rows=103,817,415,401  +15,044,070  inst=1,002,938/s  avg=1,000,012/s
  t=103831.1s  rows=103,832,328,653  +14,913,252  inst=994,217/s  avg=1,000,012/s
  t=103846.1s  rows=103,847,372,723  +15,044,070  inst=1,002,938/s  avg=1,000,012/s
  t=103861.1s  rows=103,862,416,793  +15,044,070  inst=1,002,938/s  avg=1,000,012/s
  t=103876.1s  rows=103,877,330,045  +14,913,252  inst=994,217/s  avg=1,000,012/s
  t=103891.1s  rows=103,892,374,115  +15,044,070  inst=1,002,938/s  avg=1,000,012/s
  t=103906.1s  rows=103,907,287,367  +14,913,252  inst=994,217/s  avg=1,000,011/s
  t=103921.1s  rows=103,922,331,437  +15,044,070  inst=1,002,938/s  avg=1,000,012/s
  t=103936.1s  rows=103,937,375,507  +15,044,070  inst=1,002,938/s  avg=1,000,012/s
  t=103951.1s  rows=103,952,419,577  +15,044,070  inst=1,002,938/s  avg=1,000,012/s
  t=103966.1s  rows=103,967,332,829  +14,913,252  inst=994,217/s  avg=1,000,012/s
  t=103981.1s  rows=103,982,376,899  +15,044,070  inst=1,002,938/s  avg=1,000,012/s
  t=103996.1s  rows=103,997,290,151  +14,913,252  inst=994,217/s  avg=1,000,011/s
  t=104011.1s  rows=104,012,334,221  +15,044,070  inst=1,002,938/s  avg=1,000,012/s
  t=104026.1s  rows=104,027,378,291  +15,044,070  inst=1,002,938/s  avg=1,000,012/s
  t=104041.1s  rows=104,042,291,543  +14,913,252  inst=994,217/s  avg=1,000,011/s
  t=104056.1s  rows=104,057,335,613  +15,044,070  inst=1,002,938/s  avg=1,000,012/s
  t=104071.1s  rows=104,072,379,683  +15,044,070  inst=1,002,938/s  avg=1,000,012/s
  t=104086.1s  rows=104,087,423,753  +15,044,070  inst=1,002,938/s  avg=1,000,012/s
  t=104101.1s  rows=104,102,337,005  +14,913,252  inst=994,217/s  avg=1,000,012/s
  t=104116.1s  rows=104,117,381,075  +15,044,070  inst=1,002,938/s  avg=1,000,012/s
  t=104131.1s  rows=104,132,425,145  +15,044,070  inst=1,002,938/s  avg=1,000,012/s
  t=104146.1s  rows=104,147,338,397  +14,913,252  inst=994,217/s  avg=1,000,012/s
  t=104161.1s  rows=104,162,335,470  +14,997,073  inst=999,805/s  avg=1,000,012/s
  t=104176.1s  rows=104,177,379,540  +15,044,070  inst=1,002,938/s  avg=1,000,012/s
  t=104191.1s  rows=104,192,306,312  +14,926,772  inst=995,118/s  avg=1,000,011/s
  t=104206.1s  rows=104,207,350,382  +15,044,070  inst=1,002,938/s  avg=1,000,012/s
  t=104221.1s  rows=104,222,394,452  +15,044,070  inst=1,002,938/s  avg=1,000,012/s
  t=104236.1s  rows=104,237,307,704  +14,913,252  inst=994,217/s  avg=1,000,011/s
  t=104251.1s  rows=104,252,351,774  +15,044,070  inst=1,002,938/s  avg=1,000,012/s
  t=104266.1s  rows=104,267,395,844  +15,044,070  inst=1,002,938/s  avg=1,000,012/s
  t=104281.1s  rows=104,282,309,096  +14,913,252  inst=994,217/s  avg=1,000,011/s
  t=104296.1s  rows=104,297,353,166  +15,044,070  inst=1,002,938/s  avg=1,000,012/s
  t=104311.1s  rows=104,312,397,236  +15,044,070  inst=1,002,938/s  avg=1,000,012/s
  t=104326.1s  rows=104,327,310,488  +14,913,252  inst=994,217/s  avg=1,000,011/s
  t=104341.1s  rows=104,342,354,558  +15,044,070  inst=1,002,938/s  avg=1,000,012/s
  t=104356.1s  rows=104,357,398,628  +15,044,070  inst=1,002,938/s  avg=1,000,012/s
  t=104371.1s  rows=104,372,311,880  +14,913,252  inst=994,217/s  avg=1,000,011/s
  t=104386.1s  rows=104,387,355,950  +15,044,070  inst=1,002,938/s  avg=1,000,012/s
  t=104401.1s  rows=104,402,400,020  +15,044,070  inst=1,002,938/s  avg=1,000,012/s
  t=104416.1s  rows=104,417,313,272  +14,913,252  inst=994,217/s  avg=1,000,011/s
  t=104431.1s  rows=104,432,357,342  +15,044,070  inst=1,002,938/s  avg=1,000,012/s
  t=104446.1s  rows=104,447,401,412  +15,044,070  inst=1,002,938/s  avg=1,000,012/s
  t=104461.1s  rows=104,462,314,664  +14,913,252  inst=994,217/s  avg=1,000,011/s
  t=104476.1s  rows=104,477,358,734  +15,044,070  inst=1,002,938/s  avg=1,000,012/s
  t=104491.1s  rows=104,492,402,804  +15,044,070  inst=1,002,938/s  avg=1,000,012/s
  t=104506.1s  rows=104,507,316,056  +14,913,252  inst=994,217/s  avg=1,000,011/s
  t=104521.1s  rows=104,522,360,126  +15,044,070  inst=1,002,938/s  avg=1,000,012/s
  t=104536.1s  rows=104,537,404,196  +15,044,070  inst=1,002,938/s  avg=1,000,012/s
  t=104551.1s  rows=104,552,317,448  +14,913,252  inst=994,217/s  avg=1,000,011/s
  t=104566.1s  rows=104,567,361,518  +15,044,070  inst=1,002,938/s  avg=1,000,012/s
  t=104581.1s  rows=104,582,405,588  +15,044,070  inst=1,002,938/s  avg=1,000,012/s
  t=104596.1s  rows=104,597,318,840  +14,913,252  inst=994,217/s  avg=1,000,011/s
  t=104611.1s  rows=104,612,362,910  +15,044,070  inst=1,002,938/s  avg=1,000,012/s
  t=104626.1s  rows=104,627,406,980  +15,044,070  inst=1,002,938/s  avg=1,000,012/s
  t=104641.1s  rows=104,642,320,232  +14,913,252  inst=994,217/s  avg=1,000,011/s
  t=104656.1s  rows=104,657,364,302  +15,044,070  inst=1,002,938/s  avg=1,000,012/s
  t=104671.1s  rows=104,672,408,372  +15,044,070  inst=1,002,938/s  avg=1,000,012/s
  t=104686.1s  rows=104,687,321,624  +14,913,252  inst=994,217/s  avg=1,000,011/s
  t=104701.1s  rows=104,702,365,694  +15,044,070  inst=1,002,938/s  avg=1,000,012/s
  t=104716.1s  rows=104,717,278,946  +14,913,252  inst=994,217/s  avg=1,000,011/s
  t=104731.1s  rows=104,732,323,016  +15,044,070  inst=1,002,938/s  avg=1,000,011/s
  t=104746.1s  rows=104,747,367,086  +15,044,070  inst=1,002,938/s  avg=1,000,012/s
  t=104761.1s  rows=104,762,280,338  +14,913,252  inst=994,217/s  avg=1,000,011/s
  t=104776.1s  rows=104,777,324,408  +15,044,070  inst=1,002,938/s  avg=1,000,011/s
  t=104791.1s  rows=104,792,368,478  +15,044,070  inst=1,002,938/s  avg=1,000,012/s
  t=104806.1s  rows=104,807,412,548  +15,044,070  inst=1,002,938/s  avg=1,000,012/s
  t=104821.1s  rows=104,822,325,800  +14,913,252  inst=994,217/s  avg=1,000,011/s
  t=104836.1s  rows=104,837,369,870  +15,044,070  inst=1,002,938/s  avg=1,000,012/s
  t=104851.1s  rows=104,852,413,940  +15,044,070  inst=1,002,938/s  avg=1,000,012/s
  t=104866.1s  rows=104,867,340,749  +14,926,809  inst=995,121/s  avg=1,000,011/s
  t=104881.1s  rows=104,882,384,819  +15,044,070  inst=1,002,938/s  avg=1,000,012/s
  t=104896.1s  rows=104,897,298,071  +14,913,252  inst=994,217/s  avg=1,000,011/s
  t=104911.1s  rows=104,912,342,141  +15,044,070  inst=1,002,938/s  avg=1,000,011/s
  t=104926.1s  rows=104,927,386,211  +15,044,070  inst=1,002,938/s  avg=1,000,012/s
  t=104941.1s  rows=104,942,430,281  +15,044,070  inst=1,002,938/s  avg=1,000,012/s
  t=104956.1s  rows=104,957,343,533  +14,913,252  inst=994,217/s  avg=1,000,011/s
  t=104971.1s  rows=104,972,387,603  +15,044,070  inst=1,002,938/s  avg=1,000,012/s
  t=104986.1s  rows=104,987,431,673  +15,044,070  inst=1,002,938/s  avg=1,000,012/s
  t=105001.1s  rows=105,002,344,925  +14,913,252  inst=994,217/s  avg=1,000,011/s
  t=105016.1s  rows=105,017,388,995  +15,044,070  inst=1,002,938/s  avg=1,000,012/s
  t=105031.1s  rows=105,032,433,065  +15,044,070  inst=1,002,938/s  avg=1,000,012/s
  t=105046.1s  rows=105,047,346,317  +14,913,252  inst=994,217/s  avg=1,000,011/s
  t=105061.1s  rows=105,062,390,387  +15,044,070  inst=1,002,938/s  avg=1,000,012/s
  t=105076.1s  rows=105,077,434,457  +15,044,070  inst=1,002,938/s  avg=1,000,012/s
  t=105091.1s  rows=105,092,347,709  +14,913,252  inst=994,217/s  avg=1,000,011/s
  t=105106.1s  rows=105,107,391,779  +15,044,070  inst=1,002,938/s  avg=1,000,012/s
  t=105121.1s  rows=105,122,305,031  +14,913,252  inst=994,217/s  avg=1,000,011/s
  t=105136.1s  rows=105,137,349,101  +15,044,070  inst=1,002,938/s  avg=1,000,011/s
  t=105151.1s  rows=105,152,393,171  +15,044,070  inst=1,002,938/s  avg=1,000,012/s
  t=105166.1s  rows=105,167,306,423  +14,913,252  inst=994,217/s  avg=1,000,011/s
  t=105181.1s  rows=105,182,350,493  +15,044,070  inst=1,002,938/s  avg=1,000,011/s
  t=105196.1s  rows=105,197,394,563  +15,044,070  inst=1,002,938/s  avg=1,000,012/s
  t=105211.1s  rows=105,212,438,633  +15,044,070  inst=1,002,938/s  avg=1,000,012/s
  t=105226.1s  rows=105,227,351,885  +14,913,252  inst=994,217/s  avg=1,000,011/s
  t=105241.1s  rows=105,242,395,955  +15,044,070  inst=1,002,938/s  avg=1,000,012/s
  t=105256.1s  rows=105,257,309,207  +14,913,252  inst=994,217/s  avg=1,000,011/s
  t=105271.1s  rows=105,272,353,277  +15,044,070  inst=1,002,938/s  avg=1,000,011/s
  t=105286.1s  rows=105,287,397,347  +15,044,070  inst=1,002,938/s  avg=1,000,012/s
  t=105301.1s  rows=105,302,310,599  +14,913,252  inst=994,217/s  avg=1,000,011/s
  t=105316.1s  rows=105,317,354,669  +15,044,070  inst=1,002,938/s  avg=1,000,011/s
  t=105331.1s  rows=105,332,267,921  +14,913,252  inst=994,217/s  avg=1,000,011/s
  t=105346.1s  rows=105,347,442,809  +15,174,888  inst=1,011,659/s  avg=1,000,012/s
  t=105361.1s  rows=105,362,356,061  +14,913,252  inst=994,217/s  avg=1,000,011/s
  t=105376.1s  rows=105,377,400,131  +15,044,070  inst=1,002,938/s  avg=1,000,012/s
  t=105391.1s  rows=105,392,313,383  +14,913,252  inst=994,217/s  avg=1,000,011/s
  t=105406.1s  rows=105,407,357,453  +15,044,070  inst=1,002,938/s  avg=1,000,011/s
  t=105421.1s  rows=105,422,401,523  +15,044,070  inst=1,002,938/s  avg=1,000,012/s
  t=105436.1s  rows=105,437,314,775  +14,913,252  inst=994,217/s  avg=1,000,011/s
  t=105451.1s  rows=105,452,358,845  +15,044,070  inst=1,002,938/s  avg=1,000,011/s
  t=105466.1s  rows=105,467,402,915  +15,044,070  inst=1,002,938/s  avg=1,000,012/s
  t=105481.1s  rows=105,482,316,167  +14,913,252  inst=994,217/s  avg=1,000,011/s
  t=105496.1s  rows=105,497,360,237  +15,044,070  inst=1,002,938/s  avg=1,000,012/s
  t=105511.1s  rows=105,512,404,307  +15,044,070  inst=1,002,938/s  avg=1,000,012/s
  t=105526.1s  rows=105,527,448,377  +15,044,070  inst=1,002,938/s  avg=1,000,012/s
  t=105541.1s  rows=105,542,361,629  +14,913,252  inst=994,217/s  avg=1,000,012/s
  t=105556.1s  rows=105,557,405,699  +15,044,070  inst=1,002,938/s  avg=1,000,012/s
  t=105571.1s  rows=105,572,449,769  +15,044,070  inst=1,002,938/s  avg=1,000,012/s
  t=105586.1s  rows=105,587,363,021  +14,913,252  inst=994,217/s  avg=1,000,012/s
  t=105601.1s  rows=105,602,407,091  +15,044,070  inst=1,002,938/s  avg=1,000,012/s
  t=105616.1s  rows=105,617,320,343  +14,913,252  inst=994,217/s  avg=1,000,011/s
  t=105631.1s  rows=105,632,364,413  +15,044,070  inst=1,002,938/s  avg=1,000,012/s
  t=105646.1s  rows=105,647,417,232  +15,052,819  inst=1,003,521/s  avg=1,000,012/s
  t=105661.1s  rows=105,662,330,484  +14,913,252  inst=994,217/s  avg=1,000,011/s
  t=105676.1s  rows=105,677,374,554  +15,044,070  inst=1,002,938/s  avg=1,000,012/s
  t=105691.1s  rows=105,692,418,624  +15,044,070  inst=1,002,938/s  avg=1,000,012/s
  t=105706.1s  rows=105,707,331,876  +14,913,252  inst=994,217/s  avg=1,000,011/s
  t=105721.1s  rows=105,722,375,946  +15,044,070  inst=1,002,938/s  avg=1,000,012/s
  t=105736.1s  rows=105,737,420,016  +15,044,070  inst=1,002,938/s  avg=1,000,012/s
  t=105751.1s  rows=105,752,333,268  +14,913,252  inst=994,217/s  avg=1,000,011/s
  t=105766.1s  rows=105,767,377,338  +15,044,070  inst=1,002,938/s  avg=1,000,012/s
  t=105781.1s  rows=105,782,421,408  +15,044,070  inst=1,002,938/s  avg=1,000,012/s
  t=105796.1s  rows=105,797,334,660  +14,913,252  inst=994,217/s  avg=1,000,011/s
  t=105811.1s  rows=105,812,378,730  +15,044,070  inst=1,002,938/s  avg=1,000,012/s
  t=105826.1s  rows=105,827,422,800  +15,044,070  inst=1,002,938/s  avg=1,000,012/s
  t=105841.2s  rows=105,842,336,052  +14,913,252  inst=994,217/s  avg=1,000,011/s
  t=105856.2s  rows=105,857,380,122  +15,044,070  inst=1,002,938/s  avg=1,000,012/s
  t=105871.2s  rows=105,872,424,192  +15,044,070  inst=1,002,938/s  avg=1,000,012/s
  t=105886.2s  rows=105,887,337,444  +14,913,252  inst=994,217/s  avg=1,000,011/s
  t=105901.2s  rows=105,902,381,514  +15,044,070  inst=1,002,938/s  avg=1,000,012/s
  t=105916.2s  rows=105,917,425,584  +15,044,070  inst=1,002,938/s  avg=1,000,012/s
  t=105931.2s  rows=105,932,338,836  +14,913,252  inst=994,217/s  avg=1,000,011/s
  t=105946.2s  rows=105,947,382,906  +15,044,070  inst=1,002,938/s  avg=1,000,012/s
  t=105961.2s  rows=105,962,296,158  +14,913,252  inst=994,217/s  avg=1,000,011/s
  t=105976.2s  rows=105,977,340,228  +15,044,070  inst=1,002,938/s  avg=1,000,011/s
  t=105991.2s  rows=105,992,384,298  +15,044,070  inst=1,002,938/s  avg=1,000,012/s
  t=106006.2s  rows=106,007,428,368  +15,044,070  inst=1,002,938/s  avg=1,000,012/s
  t=106021.2s  rows=106,022,341,620  +14,913,252  inst=994,217/s  avg=1,000,011/s
  t=106036.2s  rows=106,037,385,690  +15,044,070  inst=1,002,938/s  avg=1,000,012/s
  t=106051.2s  rows=106,052,298,942  +14,913,252  inst=994,217/s  avg=1,000,011/s
  t=106066.2s  rows=106,067,343,012  +15,044,070  inst=1,002,938/s  avg=1,000,011/s
  t=106081.2s  rows=106,082,387,082  +15,044,070  inst=1,002,938/s  avg=1,000,012/s
  t=106096.2s  rows=106,097,300,334  +14,913,252  inst=994,217/s  avg=1,000,011/s
  t=106111.2s  rows=106,112,344,404  +15,044,070  inst=1,002,938/s  avg=1,000,011/s
  t=106126.2s  rows=106,127,388,474  +15,044,070  inst=1,002,938/s  avg=1,000,012/s
  t=106141.2s  rows=106,142,432,544  +15,044,070  inst=1,002,938/s  avg=1,000,012/s
  t=106156.2s  rows=106,157,345,796  +14,913,252  inst=994,217/s  avg=1,000,011/s
  t=106171.2s  rows=106,172,389,866  +15,044,070  inst=1,002,938/s  avg=1,000,012/s
  t=106186.2s  rows=106,187,303,118  +14,913,252  inst=994,217/s  avg=1,000,011/s
  t=106201.2s  rows=106,202,347,188  +15,044,070  inst=1,002,938/s  avg=1,000,011/s
  t=106216.2s  rows=106,217,391,258  +15,044,070  inst=1,002,938/s  avg=1,000,012/s
  t=106231.2s  rows=106,232,304,510  +14,913,252  inst=994,217/s  avg=1,000,011/s
  t=106246.2s  rows=106,247,348,580  +15,044,070  inst=1,002,938/s  avg=1,000,011/s
  t=106261.2s  rows=106,262,392,650  +15,044,070  inst=1,002,938/s  avg=1,000,012/s
  t=106276.2s  rows=106,277,436,720  +15,044,070  inst=1,002,938/s  avg=1,000,012/s
  t=106291.2s  rows=106,292,349,972  +14,913,252  inst=994,217/s  avg=1,000,011/s
  t=106306.2s  rows=106,307,396,330  +15,046,358  inst=1,003,091/s  avg=1,000,012/s
  t=106321.2s  rows=106,322,440,400  +15,044,070  inst=1,002,938/s  avg=1,000,012/s
  t=106336.2s  rows=106,337,353,652  +14,913,252  inst=994,217/s  avg=1,000,011/s
  t=106351.2s  rows=106,352,397,722  +15,044,070  inst=1,002,938/s  avg=1,000,012/s
  t=106366.2s  rows=106,367,310,974  +14,913,252  inst=994,217/s  avg=1,000,011/s
  t=106381.2s  rows=106,382,355,044  +15,044,070  inst=1,002,938/s  avg=1,000,011/s
  t=106396.2s  rows=106,397,399,114  +15,044,070  inst=1,002,938/s  avg=1,000,012/s
  t=106411.2s  rows=106,412,443,184  +15,044,070  inst=1,002,938/s  avg=1,000,012/s
  t=106426.2s  rows=106,427,356,436  +14,913,252  inst=994,217/s  avg=1,000,011/s
  t=106441.2s  rows=106,442,400,506  +15,044,070  inst=1,002,938/s  avg=1,000,012/s
  t=106456.2s  rows=106,457,444,576  +15,044,070  inst=1,002,938/s  avg=1,000,012/s
  t=106471.2s  rows=106,472,357,828  +14,913,252  inst=994,217/s  avg=1,000,011/s
  t=106486.2s  rows=106,487,401,898  +15,044,070  inst=1,002,938/s  avg=1,000,012/s
  t=106501.2s  rows=106,502,315,150  +14,913,252  inst=994,217/s  avg=1,000,011/s
  t=106516.2s  rows=106,517,359,220  +15,044,070  inst=1,002,938/s  avg=1,000,011/s
  t=106531.2s  rows=106,532,403,290  +15,044,070  inst=1,002,938/s  avg=1,000,012/s
  t=106546.2s  rows=106,547,447,360  +15,044,070  inst=1,002,938/s  avg=1,000,012/s
  t=106561.2s  rows=106,562,360,612  +14,913,252  inst=994,217/s  avg=1,000,011/s
  t=106576.2s  rows=106,577,404,682  +15,044,070  inst=1,002,938/s  avg=1,000,012/s
  t=106591.2s  rows=106,592,448,752  +15,044,070  inst=1,002,938/s  avg=1,000,012/s
  t=106606.2s  rows=106,607,362,004  +14,913,252  inst=994,217/s  avg=1,000,011/s
  t=106621.2s  rows=106,622,406,074  +15,044,070  inst=1,002,938/s  avg=1,000,012/s
  t=106636.2s  rows=106,637,450,144  +15,044,070  inst=1,002,938/s  avg=1,000,012/s
  t=106651.2s  rows=106,652,363,396  +14,913,252  inst=994,217/s  avg=1,000,011/s
  t=106666.2s  rows=106,667,407,466  +15,044,070  inst=1,002,938/s  avg=1,000,012/s
  t=106681.2s  rows=106,682,320,718  +14,913,252  inst=994,217/s  avg=1,000,011/s
  t=106696.2s  rows=106,697,364,788  +15,044,070  inst=1,002,938/s  avg=1,000,011/s
  t=106711.2s  rows=106,712,408,858  +15,044,070  inst=1,002,938/s  avg=1,000,012/s
  t=106726.2s  rows=106,727,452,928  +15,044,070  inst=1,002,938/s  avg=1,000,012/s
  t=106741.2s  rows=106,742,366,180  +14,913,252  inst=994,217/s  avg=1,000,011/s
  t=106756.2s  rows=106,757,410,250  +15,044,070  inst=1,002,938/s  avg=1,000,012/s
  t=106771.2s  rows=106,772,323,502  +14,913,252  inst=994,217/s  avg=1,000,011/s
  t=106786.2s  rows=106,787,367,572  +15,044,070  inst=1,002,938/s  avg=1,000,011/s
  t=106801.2s  rows=106,802,411,642  +15,044,070  inst=1,002,938/s  avg=1,000,012/s
  t=106816.2s  rows=106,817,455,712  +15,044,070  inst=1,002,938/s  avg=1,000,012/s
  t=106831.2s  rows=106,832,368,964  +14,913,252  inst=994,217/s  avg=1,000,011/s
  t=106846.2s  rows=106,847,413,034  +15,044,070  inst=1,002,938/s  avg=1,000,012/s
  t=106861.2s  rows=106,862,457,104  +15,044,070  inst=1,002,938/s  avg=1,000,012/s
  t=106876.2s  rows=106,877,370,356  +14,913,252  inst=994,217/s  avg=1,000,011/s
  t=106891.2s  rows=106,892,414,426  +15,044,070  inst=1,002,938/s  avg=1,000,012/s
  t=106906.2s  rows=106,907,458,496  +15,044,070  inst=1,002,938/s  avg=1,000,012/s
  t=106921.2s  rows=106,922,371,748  +14,913,252  inst=994,217/s  avg=1,000,011/s
  t=106936.2s  rows=106,937,415,818  +15,044,070  inst=1,002,938/s  avg=1,000,012/s
  t=106951.2s  rows=106,952,329,070  +14,913,252  inst=994,217/s  avg=1,000,011/s
  t=106966.2s  rows=106,967,373,140  +15,044,070  inst=1,002,938/s  avg=1,000,011/s
  t=106981.2s  rows=106,982,417,210  +15,044,070  inst=1,002,938/s  avg=1,000,012/s
  t=106996.2s  rows=106,997,461,280  +15,044,070  inst=1,002,938/s  avg=1,000,012/s
  t=107011.2s  rows=107,012,374,532  +14,913,252  inst=994,217/s  avg=1,000,011/s
  t=107026.2s  rows=107,027,287,784  +14,913,252  inst=994,217/s  avg=1,000,011/s
  t=107041.2s  rows=107,042,331,854  +15,044,070  inst=1,002,938/s  avg=1,000,011/s
  t=107056.2s  rows=107,057,375,924  +15,044,070  inst=1,002,938/s  avg=1,000,011/s
  t=107071.2s  rows=107,072,419,994  +15,044,070  inst=1,002,938/s  avg=1,000,012/s
  t=107086.2s  rows=107,087,333,246  +14,913,252  inst=994,217/s  avg=1,000,011/s
  t=107101.2s  rows=107,102,363,624  +15,030,378  inst=1,002,025/s  avg=1,000,011/s
  t=107116.2s  rows=107,117,407,694  +15,044,070  inst=1,002,938/s  avg=1,000,012/s
  t=107131.2s  rows=107,132,320,946  +14,913,252  inst=994,217/s  avg=1,000,011/s
  t=107146.2s  rows=107,147,365,016  +15,044,070  inst=1,002,938/s  avg=1,000,011/s
  t=107161.2s  rows=107,162,409,086  +15,044,070  inst=1,002,938/s  avg=1,000,012/s
  t=107176.2s  rows=107,177,322,338  +14,913,252  inst=994,217/s  avg=1,000,011/s
  t=107191.2s  rows=107,192,366,408  +15,044,070  inst=1,002,938/s  avg=1,000,011/s
  t=107206.2s  rows=107,207,410,478  +15,044,070  inst=1,002,938/s  avg=1,000,012/s
  t=107221.2s  rows=107,222,454,548  +15,044,070  inst=1,002,938/s  avg=1,000,012/s
  t=107236.2s  rows=107,237,367,800  +14,913,252  inst=994,217/s  avg=1,000,011/s
  t=107251.2s  rows=107,252,411,870  +15,044,070  inst=1,002,938/s  avg=1,000,012/s
  t=107266.2s  rows=107,267,455,940  +15,044,070  inst=1,002,938/s  avg=1,000,012/s
  t=107281.2s  rows=107,282,369,192  +14,913,252  inst=994,217/s  avg=1,000,011/s
  t=107296.2s  rows=107,297,413,262  +15,044,070  inst=1,002,938/s  avg=1,000,012/s
  t=107311.2s  rows=107,312,457,332  +15,044,070  inst=1,002,938/s  avg=1,000,012/s
  t=107326.2s  rows=107,327,370,584  +14,913,252  inst=994,217/s  avg=1,000,011/s
  t=107341.2s  rows=107,342,414,654  +15,044,070  inst=1,002,938/s  avg=1,000,012/s
  t=107356.2s  rows=107,357,458,724  +15,044,070  inst=1,002,938/s  avg=1,000,012/s
  t=107371.2s  rows=107,372,371,976  +14,913,252  inst=994,217/s  avg=1,000,011/s
  t=107386.2s  rows=107,387,416,046  +15,044,070  inst=1,002,938/s  avg=1,000,012/s
  t=107401.2s  rows=107,402,329,298  +14,913,252  inst=994,217/s  avg=1,000,011/s
  t=107416.2s  rows=107,417,373,368  +15,044,070  inst=1,002,938/s  avg=1,000,011/s
  t=107431.2s  rows=107,432,417,438  +15,044,070  inst=1,002,938/s  avg=1,000,012/s
  t=107446.2s  rows=107,447,330,690  +14,913,252  inst=994,217/s  avg=1,000,011/s
  t=107461.2s  rows=107,462,374,760  +15,044,070  inst=1,002,938/s  avg=1,000,011/s
  t=107476.2s  rows=107,477,418,830  +15,044,070  inst=1,002,938/s  avg=1,000,012/s
  t=107491.2s  rows=107,492,332,082  +14,913,252  inst=994,217/s  avg=1,000,011/s
  t=107506.2s  rows=107,507,376,152  +15,044,070  inst=1,002,938/s  avg=1,000,011/s
  t=107521.2s  rows=107,522,420,222  +15,044,070  inst=1,002,938/s  avg=1,000,012/s
  t=107536.2s  rows=107,537,464,292  +15,044,070  inst=1,002,938/s  avg=1,000,012/s
  t=107551.2s  rows=107,552,377,544  +14,913,252  inst=994,217/s  avg=1,000,011/s
  t=107566.2s  rows=107,567,421,614  +15,044,070  inst=1,002,938/s  avg=1,000,012/s
  t=107581.2s  rows=107,582,334,866  +14,913,252  inst=994,217/s  avg=1,000,011/s
  t=107596.2s  rows=107,597,378,936  +15,044,070  inst=1,002,938/s  avg=1,000,011/s
  t=107611.2s  rows=107,612,423,006  +15,044,070  inst=1,002,938/s  avg=1,000,012/s
  t=107626.2s  rows=107,627,467,076  +15,044,070  inst=1,002,938/s  avg=1,000,012/s
  t=107641.2s  rows=107,642,380,328  +14,913,252  inst=994,217/s  avg=1,000,011/s
  t=107656.2s  rows=107,657,424,398  +15,044,070  inst=1,002,938/s  avg=1,000,012/s
  t=107671.2s  rows=107,672,337,650  +14,913,252  inst=994,217/s  avg=1,000,011/s
  t=107686.2s  rows=107,687,381,720  +15,044,070  inst=1,002,938/s  avg=1,000,011/s
  t=107701.2s  rows=107,702,425,790  +15,044,070  inst=1,002,938/s  avg=1,000,012/s
  t=107716.2s  rows=107,717,339,042  +14,913,252  inst=994,217/s  avg=1,000,011/s
  t=107731.2s  rows=107,732,383,112  +15,044,070  inst=1,002,938/s  avg=1,000,011/s
  t=107746.2s  rows=107,747,296,364  +14,913,252  inst=994,217/s  avg=1,000,010/s
  t=107761.2s  rows=107,762,353,124  +15,056,760  inst=1,003,784/s  avg=1,000,011/s
  t=107776.2s  rows=107,777,420,022  +15,066,898  inst=1,004,460/s  avg=1,000,012/s
  t=107791.2s  rows=107,792,333,274  +14,913,252  inst=994,217/s  avg=1,000,011/s
  t=107806.2s  rows=107,807,377,344  +15,044,070  inst=1,002,938/s  avg=1,000,011/s
  t=107821.2s  rows=107,822,421,414  +15,044,070  inst=1,002,938/s  avg=1,000,012/s
  t=107836.2s  rows=107,837,334,666  +14,913,252  inst=994,217/s  avg=1,000,011/s
  t=107851.2s  rows=107,852,378,736  +15,044,070  inst=1,002,938/s  avg=1,000,011/s
  t=107866.2s  rows=107,867,422,806  +15,044,070  inst=1,002,938/s  avg=1,000,012/s
  t=107881.2s  rows=107,882,466,876  +15,044,070  inst=1,002,938/s  avg=1,000,012/s
  t=107896.2s  rows=107,897,380,128  +14,913,252  inst=994,217/s  avg=1,000,011/s
  t=107911.2s  rows=107,912,424,198  +15,044,070  inst=1,002,938/s  avg=1,000,012/s
  t=107926.2s  rows=107,927,468,268  +15,044,070  inst=1,002,938/s  avg=1,000,012/s
  t=107941.2s  rows=107,942,381,520  +14,913,252  inst=994,217/s  avg=1,000,011/s
  t=107956.2s  rows=107,957,425,590  +15,044,070  inst=1,002,938/s  avg=1,000,012/s
  t=107971.2s  rows=107,972,338,842  +14,913,252  inst=994,217/s  avg=1,000,011/s
  t=107986.2s  rows=107,987,382,912  +15,044,070  inst=1,002,938/s  avg=1,000,011/s
  t=108001.2s  rows=108,002,426,982  +15,044,070  inst=1,002,938/s  avg=1,000,012/s
  t=108016.2s  rows=108,017,340,234  +14,913,252  inst=994,217/s  avg=1,000,011/s
  t=108031.2s  rows=108,032,384,304  +15,044,070  inst=1,002,938/s  avg=1,000,011/s
  t=108046.2s  rows=108,047,428,374  +15,044,070  inst=1,002,938/s  avg=1,000,012/s
  t=108061.2s  rows=108,062,341,626  +14,913,252  inst=994,217/s  avg=1,000,011/s
  t=108076.2s  rows=108,077,385,696  +15,044,070  inst=1,002,938/s  avg=1,000,011/s
  t=108091.2s  rows=108,092,429,766  +15,044,070  inst=1,002,938/s  avg=1,000,012/s
  t=108106.2s  rows=108,107,343,018  +14,913,252  inst=994,217/s  avg=1,000,011/s
  t=108121.2s  rows=108,122,387,088  +15,044,070  inst=1,002,938/s  avg=1,000,011/s
  t=108136.2s  rows=108,137,431,158  +15,044,070  inst=1,002,938/s  avg=1,000,012/s
  t=108151.2s  rows=108,152,344,410  +14,913,252  inst=994,217/s  avg=1,000,011/s
  t=108166.2s  rows=108,167,388,480  +15,044,070  inst=1,002,938/s  avg=1,000,011/s
  t=108181.2s  rows=108,182,432,550  +15,044,070  inst=1,002,938/s  avg=1,000,012/s
  t=108196.2s  rows=108,197,345,802  +14,913,252  inst=994,217/s  avg=1,000,011/s
  t=108211.2s  rows=108,212,389,872  +15,044,070  inst=1,002,938/s  avg=1,000,011/s
  t=108226.2s  rows=108,227,433,942  +15,044,070  inst=1,002,938/s  avg=1,000,012/s
  t=108241.2s  rows=108,242,347,194  +14,913,252  inst=994,217/s  avg=1,000,011/s
  t=108256.2s  rows=108,257,391,264  +15,044,070  inst=1,002,938/s  avg=1,000,011/s
  t=108271.2s  rows=108,272,435,334  +15,044,070  inst=1,002,938/s  avg=1,000,012/s
  t=108286.2s  rows=108,287,348,586  +14,913,252  inst=994,217/s  avg=1,000,011/s
  t=108301.2s  rows=108,302,392,656  +15,044,070  inst=1,002,938/s  avg=1,000,011/s
  t=108316.2s  rows=108,317,436,726  +15,044,070  inst=1,002,938/s  avg=1,000,012/s
  t=108331.2s  rows=108,332,349,978  +14,913,252  inst=994,217/s  avg=1,000,011/s
  t=108346.2s  rows=108,347,394,048  +15,044,070  inst=1,002,938/s  avg=1,000,011/s
  t=108361.2s  rows=108,362,307,300  +14,913,252  inst=994,217/s  avg=1,000,010/s
  t=108376.2s  rows=108,377,351,370  +15,044,070  inst=1,002,938/s  avg=1,000,011/s
  t=108391.2s  rows=108,392,395,440  +15,044,070  inst=1,002,938/s  avg=1,000,011/s
  t=108406.2s  rows=108,407,439,510  +15,044,070  inst=1,002,938/s  avg=1,000,012/s
  t=108421.2s  rows=108,422,345,254  +14,905,744  inst=993,716/s  avg=1,000,011/s
  t=108436.2s  rows=108,437,389,324  +15,044,070  inst=1,002,938/s  avg=1,000,011/s
  t=108451.2s  rows=108,452,433,394  +15,044,070  inst=1,002,938/s  avg=1,000,012/s
  t=108466.2s  rows=108,467,346,646  +14,913,252  inst=994,217/s  avg=1,000,011/s
  t=108481.2s  rows=108,482,390,716  +15,044,070  inst=1,002,938/s  avg=1,000,011/s
  t=108496.2s  rows=108,497,434,786  +15,044,070  inst=1,002,938/s  avg=1,000,012/s
  t=108511.2s  rows=108,512,348,038  +14,913,252  inst=994,217/s  avg=1,000,011/s
  t=108526.2s  rows=108,527,392,108  +15,044,070  inst=1,002,938/s  avg=1,000,011/s
  t=108541.2s  rows=108,542,436,178  +15,044,070  inst=1,002,938/s  avg=1,000,012/s
  t=108556.2s  rows=108,557,349,430  +14,913,252  inst=994,217/s  avg=1,000,011/s
  t=108571.2s  rows=108,572,393,500  +15,044,070  inst=1,002,938/s  avg=1,000,011/s
  t=108586.2s  rows=108,587,437,570  +15,044,070  inst=1,002,938/s  avg=1,000,012/s
  t=108601.2s  rows=108,602,350,822  +14,913,252  inst=994,217/s  avg=1,000,011/s
  t=108616.2s  rows=108,617,394,892  +15,044,070  inst=1,002,938/s  avg=1,000,011/s
  t=108631.2s  rows=108,632,438,962  +15,044,070  inst=1,002,938/s  avg=1,000,012/s
  t=108646.2s  rows=108,647,352,214  +14,913,252  inst=994,217/s  avg=1,000,011/s
  t=108661.2s  rows=108,662,396,284  +15,044,070  inst=1,002,938/s  avg=1,000,011/s
  t=108676.2s  rows=108,677,440,354  +15,044,070  inst=1,002,938/s  avg=1,000,012/s
  t=108691.2s  rows=108,692,353,606  +14,913,252  inst=994,217/s  avg=1,000,011/s
  t=108706.2s  rows=108,707,397,676  +15,044,070  inst=1,002,938/s  avg=1,000,011/s
  t=108721.2s  rows=108,722,441,746  +15,044,070  inst=1,002,938/s  avg=1,000,012/s
  t=108736.2s  rows=108,737,354,998  +14,913,252  inst=994,217/s  avg=1,000,011/s
  t=108751.2s  rows=108,752,399,068  +15,044,070  inst=1,002,938/s  avg=1,000,011/s
  t=108766.2s  rows=108,767,443,138  +15,044,070  inst=1,002,938/s  avg=1,000,012/s
  t=108781.2s  rows=108,782,356,390  +14,913,252  inst=994,217/s  avg=1,000,011/s
  t=108796.2s  rows=108,797,400,460  +15,044,070  inst=1,002,938/s  avg=1,000,011/s
  t=108811.2s  rows=108,812,444,530  +15,044,070  inst=1,002,938/s  avg=1,000,012/s
  t=108826.2s  rows=108,827,357,782  +14,913,252  inst=994,217/s  avg=1,000,011/s
  t=108841.2s  rows=108,842,401,852  +15,044,070  inst=1,002,938/s  avg=1,000,011/s
  t=108856.2s  rows=108,857,315,104  +14,913,252  inst=994,217/s  avg=1,000,010/s
  t=108871.2s  rows=108,872,359,174  +15,044,070  inst=1,002,938/s  avg=1,000,011/s
  t=108886.2s  rows=108,887,403,244  +15,044,070  inst=1,002,938/s  avg=1,000,011/s
  t=108901.2s  rows=108,902,447,314  +15,044,070  inst=1,002,938/s  avg=1,000,012/s
  t=108916.2s  rows=108,917,360,566  +14,913,252  inst=994,217/s  avg=1,000,011/s
  t=108931.2s  rows=108,932,404,636  +15,044,070  inst=1,002,938/s  avg=1,000,011/s
  t=108946.2s  rows=108,947,448,706  +15,044,070  inst=1,002,938/s  avg=1,000,012/s
  t=108961.2s  rows=108,962,361,958  +14,913,252  inst=994,217/s  avg=1,000,011/s
  t=108976.2s  rows=108,977,406,028  +15,044,070  inst=1,002,938/s  avg=1,000,011/s
  t=108991.2s  rows=108,992,450,098  +15,044,070  inst=1,002,938/s  avg=1,000,012/s
  t=109006.2s  rows=109,007,363,350  +14,913,252  inst=994,217/s  avg=1,000,011/s
  t=109021.2s  rows=109,022,407,420  +15,044,070  inst=1,002,938/s  avg=1,000,011/s
  t=109036.2s  rows=109,037,451,490  +15,044,070  inst=1,002,938/s  avg=1,000,012/s
  t=109051.2s  rows=109,052,364,742  +14,913,252  inst=994,217/s  avg=1,000,011/s
  t=109066.2s  rows=109,067,408,812  +15,044,070  inst=1,002,938/s  avg=1,000,011/s
  t=109081.2s  rows=109,082,322,064  +14,913,252  inst=994,217/s  avg=1,000,010/s
  t=109096.2s  rows=109,097,366,134  +15,044,070  inst=1,002,938/s  avg=1,000,011/s
  t=109111.2s  rows=109,112,410,204  +15,044,070  inst=1,002,938/s  avg=1,000,011/s
  t=109126.2s  rows=109,127,323,456  +14,913,252  inst=994,217/s  avg=1,000,010/s
  t=109141.2s  rows=109,142,367,526  +15,044,070  inst=1,002,938/s  avg=1,000,011/s
  t=109156.2s  rows=109,157,411,596  +15,044,070  inst=1,002,938/s  avg=1,000,011/s
  t=109171.2s  rows=109,172,460,674  +15,049,078  inst=1,003,272/s  avg=1,000,012/s
  t=109186.2s  rows=109,187,373,926  +14,913,252  inst=994,217/s  avg=1,000,011/s
  t=109201.2s  rows=109,202,417,996  +15,044,070  inst=1,002,938/s  avg=1,000,011/s
  t=109216.2s  rows=109,217,462,066  +15,044,070  inst=1,002,938/s  avg=1,000,012/s
  t=109231.2s  rows=109,232,375,318  +14,913,252  inst=994,217/s  avg=1,000,011/s
  t=109246.2s  rows=109,247,419,388  +15,044,070  inst=1,002,938/s  avg=1,000,011/s
  t=109261.2s  rows=109,262,463,458  +15,044,070  inst=1,002,938/s  avg=1,000,012/s
  t=109276.2s  rows=109,277,376,710  +14,913,252  inst=994,217/s  avg=1,000,011/s
  t=109291.2s  rows=109,292,420,780  +15,044,070  inst=1,002,938/s  avg=1,000,011/s
  t=109306.2s  rows=109,307,464,850  +15,044,070  inst=1,002,938/s  avg=1,000,012/s
  t=109321.2s  rows=109,322,378,102  +14,913,252  inst=994,217/s  avg=1,000,011/s
  t=109336.2s  rows=109,337,422,172  +15,044,070  inst=1,002,938/s  avg=1,000,011/s
  t=109351.2s  rows=109,352,335,424  +14,913,252  inst=994,217/s  avg=1,000,011/s
  t=109366.2s  rows=109,367,379,494  +15,044,070  inst=1,002,938/s  avg=1,000,011/s
  t=109381.2s  rows=109,382,423,564  +15,044,070  inst=1,002,938/s  avg=1,000,011/s
  t=109396.2s  rows=109,397,336,816  +14,913,252  inst=994,217/s  avg=1,000,011/s
  t=109411.2s  rows=109,412,380,886  +15,044,070  inst=1,002,938/s  avg=1,000,011/s
  t=109426.2s  rows=109,427,424,956  +15,044,070  inst=1,002,938/s  avg=1,000,011/s
  t=109441.2s  rows=109,442,469,026  +15,044,070  inst=1,002,938/s  avg=1,000,012/s
  t=109456.2s  rows=109,457,382,278  +14,913,252  inst=994,217/s  avg=1,000,011/s
  t=109471.2s  rows=109,472,295,530  +14,913,252  inst=994,217/s  avg=1,000,010/s
  t=109486.2s  rows=109,487,470,418  +15,174,888  inst=1,011,659/s  avg=1,000,012/s
  t=109501.2s  rows=109,502,383,670  +14,913,252  inst=994,217/s  avg=1,000,011/s
  t=109516.2s  rows=109,517,427,740  +15,044,070  inst=1,002,938/s  avg=1,000,011/s
  t=109531.2s  rows=109,532,471,810  +15,044,070  inst=1,002,938/s  avg=1,000,012/s
  t=109546.2s  rows=109,547,385,062  +14,913,252  inst=994,217/s  avg=1,000,011/s
  t=109561.2s  rows=109,562,429,132  +15,044,070  inst=1,002,938/s  avg=1,000,011/s
  t=109576.2s  rows=109,577,342,384  +14,913,252  inst=994,217/s  avg=1,000,011/s
  t=109591.2s  rows=109,592,386,454  +15,044,070  inst=1,002,938/s  avg=1,000,011/s
  t=109606.2s  rows=109,607,430,524  +15,044,070  inst=1,002,938/s  avg=1,000,011/s
  t=109621.2s  rows=109,622,343,776  +14,913,252  inst=994,217/s  avg=1,000,011/s
  t=109636.2s  rows=109,637,387,846  +15,044,070  inst=1,002,938/s  avg=1,000,011/s
  t=109651.2s  rows=109,652,431,916  +15,044,070  inst=1,002,938/s  avg=1,000,011/s
  t=109666.2s  rows=109,667,475,986  +15,044,070  inst=1,002,938/s  avg=1,000,012/s
  t=109681.2s  rows=109,682,389,238  +14,913,252  inst=994,217/s  avg=1,000,011/s
  t=109696.2s  rows=109,697,433,308  +15,044,070  inst=1,002,938/s  avg=1,000,011/s
  t=109711.2s  rows=109,712,346,560  +14,913,252  inst=994,217/s  avg=1,000,011/s
  t=109726.2s  rows=109,727,390,630  +15,044,070  inst=1,002,938/s  avg=1,000,011/s
  t=109741.2s  rows=109,742,434,700  +15,044,070  inst=1,002,938/s  avg=1,000,011/s
  t=109756.2s  rows=109,757,478,770  +15,044,070  inst=1,002,938/s  avg=1,000,012/s
  t=109771.2s  rows=109,772,392,022  +14,913,252  inst=994,217/s  avg=1,000,011/s
  t=109786.2s  rows=109,787,436,092  +15,044,070  inst=1,002,938/s  avg=1,000,011/s
  t=109801.2s  rows=109,802,349,344  +14,913,252  inst=994,217/s  avg=1,000,011/s
  t=109816.2s  rows=109,817,309,341  +14,959,997  inst=997,333/s  avg=1,000,010/s
  t=109831.2s  rows=109,832,484,229  +15,174,888  inst=1,011,659/s  avg=1,000,012/s
  t=109846.2s  rows=109,847,397,481  +14,913,252  inst=994,217/s  avg=1,000,011/s
  t=109861.2s  rows=109,862,441,551  +15,044,070  inst=1,002,938/s  avg=1,000,011/s
  t=109876.2s  rows=109,877,485,621  +15,044,070  inst=1,002,938/s  avg=1,000,012/s
  t=109891.2s  rows=109,892,398,873  +14,913,252  inst=994,217/s  avg=1,000,011/s
  t=109906.2s  rows=109,907,442,943  +15,044,070  inst=1,002,938/s  avg=1,000,011/s
  t=109921.2s  rows=109,922,356,195  +14,913,252  inst=994,217/s  avg=1,000,011/s
  t=109936.2s  rows=109,937,400,265  +15,044,070  inst=1,002,938/s  avg=1,000,011/s
  t=109951.2s  rows=109,952,444,335  +15,044,070  inst=1,002,938/s  avg=1,000,011/s
  t=109966.2s  rows=109,967,488,405  +15,044,070  inst=1,002,938/s  avg=1,000,012/s
  t=109981.2s  rows=109,982,401,657  +14,913,252  inst=994,217/s  avg=1,000,011/s
  t=109996.2s  rows=109,997,445,727  +15,044,070  inst=1,002,938/s  avg=1,000,011/s
  t=110011.2s  rows=110,012,358,979  +14,913,252  inst=994,217/s  avg=1,000,011/s
  t=110026.2s  rows=110,027,403,049  +15,044,070  inst=1,002,938/s  avg=1,000,011/s
  t=110041.2s  rows=110,042,447,119  +15,044,070  inst=1,002,938/s  avg=1,000,011/s
  t=110056.2s  rows=110,057,360,371  +14,913,252  inst=994,217/s  avg=1,000,011/s
  t=110071.2s  rows=110,072,404,441  +15,044,070  inst=1,002,938/s  avg=1,000,011/s
  t=110086.2s  rows=110,087,448,511  +15,044,070  inst=1,002,938/s  avg=1,000,011/s
  t=110101.2s  rows=110,102,492,581  +15,044,070  inst=1,002,938/s  avg=1,000,012/s
  t=110116.2s  rows=110,117,405,833  +14,913,252  inst=994,217/s  avg=1,000,011/s
  t=110131.2s  rows=110,132,449,903  +15,044,070  inst=1,002,938/s  avg=1,000,011/s
  t=110146.2s  rows=110,147,363,155  +14,913,252  inst=994,217/s  avg=1,000,011/s
  t=110161.2s  rows=110,162,407,225  +15,044,070  inst=1,002,938/s  avg=1,000,011/s
  t=110176.2s  rows=110,177,451,295  +15,044,070  inst=1,002,938/s  avg=1,000,011/s
  t=110191.2s  rows=110,192,364,547  +14,913,252  inst=994,217/s  avg=1,000,011/s
  t=110206.2s  rows=110,207,408,617  +15,044,070  inst=1,002,938/s  avg=1,000,011/s
  t=110221.2s  rows=110,222,452,687  +15,044,070  inst=1,002,938/s  avg=1,000,011/s
  t=110236.2s  rows=110,237,365,939  +14,913,252  inst=994,217/s  avg=1,000,011/s
  t=110251.2s  rows=110,252,410,009  +15,044,070  inst=1,002,938/s  avg=1,000,011/s
  t=110266.2s  rows=110,267,454,079  +15,044,070  inst=1,002,938/s  avg=1,000,011/s
  t=110281.2s  rows=110,282,367,331  +14,913,252  inst=994,217/s  avg=1,000,011/s
  t=110296.2s  rows=110,297,411,401  +15,044,070  inst=1,002,938/s  avg=1,000,011/s
  t=110311.2s  rows=110,312,455,471  +15,044,070  inst=1,002,938/s  avg=1,000,011/s
  t=110326.2s  rows=110,327,368,723  +14,913,252  inst=994,217/s  avg=1,000,011/s
  t=110341.2s  rows=110,342,412,793  +15,044,070  inst=1,002,938/s  avg=1,000,011/s
  t=110356.2s  rows=110,357,456,863  +15,044,070  inst=1,002,938/s  avg=1,000,011/s
  t=110371.2s  rows=110,372,370,115  +14,913,252  inst=994,217/s  avg=1,000,011/s
  t=110386.2s  rows=110,387,414,185  +15,044,070  inst=1,002,938/s  avg=1,000,011/s
  t=110401.2s  rows=110,402,458,255  +15,044,070  inst=1,002,938/s  avg=1,000,011/s
  t=110416.2s  rows=110,417,282,689  +14,824,434  inst=988,296/s  avg=1,000,010/s
  t=110431.2s  rows=110,432,457,577  +15,174,888  inst=1,011,659/s  avg=1,000,011/s
  t=110446.2s  rows=110,447,370,829  +14,913,252  inst=994,217/s  avg=1,000,011/s
  t=110461.2s  rows=110,462,414,899  +15,044,070  inst=1,002,938/s  avg=1,000,011/s
  t=110476.2s  rows=110,477,458,969  +15,044,070  inst=1,002,938/s  avg=1,000,011/s
  t=110491.2s  rows=110,492,372,221  +14,913,252  inst=994,217/s  avg=1,000,011/s
  t=110506.2s  rows=110,507,416,291  +15,044,070  inst=1,002,938/s  avg=1,000,011/s
  t=110521.2s  rows=110,522,460,361  +15,044,070  inst=1,002,938/s  avg=1,000,011/s
  t=110536.2s  rows=110,537,373,613  +14,913,252  inst=994,217/s  avg=1,000,011/s
  t=110551.2s  rows=110,552,417,683  +15,044,070  inst=1,002,938/s  avg=1,000,011/s
  t=110566.2s  rows=110,567,461,753  +15,044,070  inst=1,002,938/s  avg=1,000,011/s
  t=110581.2s  rows=110,582,375,005  +14,913,252  inst=994,217/s  avg=1,000,011/s
  t=110596.2s  rows=110,597,419,075  +15,044,070  inst=1,002,938/s  avg=1,000,011/s
  t=110611.2s  rows=110,612,463,145  +15,044,070  inst=1,002,938/s  avg=1,000,011/s
  t=110626.2s  rows=110,627,376,397  +14,913,252  inst=994,217/s  avg=1,000,011/s
  t=110641.2s  rows=110,642,420,467  +15,044,070  inst=1,002,938/s  avg=1,000,011/s
  t=110656.2s  rows=110,657,464,537  +15,044,070  inst=1,002,938/s  avg=1,000,011/s
  t=110671.2s  rows=110,672,377,789  +14,913,252  inst=994,217/s  avg=1,000,011/s
  t=110686.2s  rows=110,687,421,859  +15,044,070  inst=1,002,938/s  avg=1,000,011/s
  t=110701.2s  rows=110,702,465,929  +15,044,070  inst=1,002,938/s  avg=1,000,011/s
  t=110716.2s  rows=110,717,379,181  +14,913,252  inst=994,217/s  avg=1,000,011/s
  t=110731.2s  rows=110,732,423,251  +15,044,070  inst=1,002,938/s  avg=1,000,011/s
  t=110746.2s  rows=110,747,467,321  +15,044,070  inst=1,002,938/s  avg=1,000,011/s
  t=110761.2s  rows=110,762,380,573  +14,913,252  inst=994,217/s  avg=1,000,011/s
  t=110776.2s  rows=110,777,424,643  +15,044,070  inst=1,002,938/s  avg=1,000,011/s
  t=110791.2s  rows=110,792,468,713  +15,044,070  inst=1,002,938/s  avg=1,000,011/s
  t=110806.2s  rows=110,807,381,965  +14,913,252  inst=994,217/s  avg=1,000,011/s
  t=110821.2s  rows=110,822,426,035  +15,044,070  inst=1,002,938/s  avg=1,000,011/s
  t=110836.2s  rows=110,837,470,105  +15,044,070  inst=1,002,938/s  avg=1,000,011/s
  t=110851.2s  rows=110,852,383,357  +14,913,252  inst=994,217/s  avg=1,000,011/s
  t=110866.2s  rows=110,867,427,427  +15,044,070  inst=1,002,938/s  avg=1,000,011/s
  t=110881.2s  rows=110,882,471,497  +15,044,070  inst=1,002,938/s  avg=1,000,011/s
  t=110896.2s  rows=110,897,384,749  +14,913,252  inst=994,217/s  avg=1,000,011/s
  t=110911.2s  rows=110,912,428,819  +15,044,070  inst=1,002,938/s  avg=1,000,011/s
  t=110926.2s  rows=110,927,472,889  +15,044,070  inst=1,002,938/s  avg=1,000,011/s
  t=110941.2s  rows=110,942,386,141  +14,913,252  inst=994,217/s  avg=1,000,011/s
  t=110956.2s  rows=110,957,430,211  +15,044,070  inst=1,002,938/s  avg=1,000,011/s
  t=110971.2s  rows=110,972,474,281  +15,044,070  inst=1,002,938/s  avg=1,000,011/s
  t=110986.2s  rows=110,987,387,533  +14,913,252  inst=994,217/s  avg=1,000,011/s
  t=111001.2s  rows=111,002,431,603  +15,044,070  inst=1,002,938/s  avg=1,000,011/s
  t=111016.2s  rows=111,017,475,673  +15,044,070  inst=1,002,938/s  avg=1,000,011/s
  t=111031.2s  rows=111,032,388,925  +14,913,252  inst=994,217/s  avg=1,000,011/s
  t=111046.2s  rows=111,047,432,995  +15,044,070  inst=1,002,938/s  avg=1,000,011/s
  t=111061.2s  rows=111,062,346,247  +14,913,252  inst=994,217/s  avg=1,000,010/s
  t=111076.2s  rows=111,077,390,317  +15,044,070  inst=1,002,938/s  avg=1,000,011/s
  t=111091.2s  rows=111,092,434,387  +15,044,070  inst=1,002,938/s  avg=1,000,011/s
  t=111106.2s  rows=111,107,347,639  +14,913,252  inst=994,217/s  avg=1,000,010/s
  t=111121.2s  rows=111,122,391,709  +15,044,070  inst=1,002,938/s  avg=1,000,011/s
  t=111136.2s  rows=111,137,435,779  +15,044,070  inst=1,002,938/s  avg=1,000,011/s
  t=111151.2s  rows=111,152,479,849  +15,044,070  inst=1,002,938/s  avg=1,000,011/s
  t=111166.2s  rows=111,167,393,101  +14,913,252  inst=994,217/s  avg=1,000,011/s
  t=111181.2s  rows=111,182,381,295  +14,988,194  inst=999,213/s  avg=1,000,011/s
  t=111196.2s  rows=111,197,425,365  +15,044,070  inst=1,002,938/s  avg=1,000,011/s
  t=111211.2s  rows=111,212,469,435  +15,044,070  inst=1,002,938/s  avg=1,000,011/s
  t=111226.2s  rows=111,227,382,687  +14,913,252  inst=994,217/s  avg=1,000,011/s
  t=111241.2s  rows=111,242,426,757  +15,044,070  inst=1,002,938/s  avg=1,000,011/s
  t=111256.2s  rows=111,257,470,827  +15,044,070  inst=1,002,938/s  avg=1,000,011/s
  t=111271.2s  rows=111,272,384,079  +14,913,252  inst=994,217/s  avg=1,000,011/s
  t=111286.2s  rows=111,287,428,149  +15,044,070  inst=1,002,938/s  avg=1,000,011/s
  t=111301.2s  rows=111,302,472,219  +15,044,070  inst=1,002,938/s  avg=1,000,011/s
  t=111316.2s  rows=111,317,516,289  +15,044,070  inst=1,002,938/s  avg=1,000,012/s
  t=111331.2s  rows=111,332,429,541  +14,913,252  inst=994,217/s  avg=1,000,011/s
  t=111346.2s  rows=111,347,342,793  +14,913,252  inst=994,217/s  avg=1,000,010/s
  t=111361.2s  rows=111,362,386,863  +15,044,070  inst=1,002,938/s  avg=1,000,011/s
  t=111376.2s  rows=111,377,430,933  +15,044,070  inst=1,002,938/s  avg=1,000,011/s
  t=111391.2s  rows=111,392,344,185  +14,913,252  inst=994,217/s  avg=1,000,010/s
  t=111406.2s  rows=111,407,388,255  +15,044,070  inst=1,002,938/s  avg=1,000,011/s
  t=111421.2s  rows=111,422,432,325  +15,044,070  inst=1,002,938/s  avg=1,000,011/s
  t=111436.2s  rows=111,437,476,395  +15,044,070  inst=1,002,938/s  avg=1,000,011/s
  t=111451.2s  rows=111,452,389,647  +14,913,252  inst=994,217/s  avg=1,000,011/s
  t=111466.2s  rows=111,467,433,717  +15,044,070  inst=1,002,938/s  avg=1,000,011/s
  t=111481.2s  rows=111,482,477,787  +15,044,070  inst=1,002,938/s  avg=1,000,011/s
  t=111496.2s  rows=111,497,391,039  +14,913,252  inst=994,217/s  avg=1,000,011/s
  t=111511.2s  rows=111,512,435,109  +15,044,070  inst=1,002,938/s  avg=1,000,011/s
  t=111526.2s  rows=111,527,348,361  +14,913,252  inst=994,217/s  avg=1,000,010/s
  t=111541.2s  rows=111,542,392,431  +15,044,070  inst=1,002,938/s  avg=1,000,011/s
  t=111556.2s  rows=111,557,436,501  +15,044,070  inst=1,002,938/s  avg=1,000,011/s
  t=111571.2s  rows=111,572,480,571  +15,044,070  inst=1,002,938/s  avg=1,000,011/s
  t=111586.2s  rows=111,587,393,823  +14,913,252  inst=994,217/s  avg=1,000,011/s
  t=111601.2s  rows=111,602,437,893  +15,044,070  inst=1,002,938/s  avg=1,000,011/s
  t=111616.2s  rows=111,617,481,963  +15,044,070  inst=1,002,938/s  avg=1,000,011/s
  t=111631.2s  rows=111,632,395,215  +14,913,252  inst=994,217/s  avg=1,000,011/s
  t=111646.2s  rows=111,647,439,285  +15,044,070  inst=1,002,938/s  avg=1,000,011/s
  t=111661.2s  rows=111,662,352,537  +14,913,252  inst=994,217/s  avg=1,000,010/s
  t=111676.2s  rows=111,677,396,607  +15,044,070  inst=1,002,938/s  avg=1,000,011/s
  t=111691.2s  rows=111,692,440,677  +15,044,070  inst=1,002,938/s  avg=1,000,011/s
  t=111706.2s  rows=111,707,484,747  +15,044,070  inst=1,002,938/s  avg=1,000,011/s
  t=111721.2s  rows=111,722,397,999  +14,913,252  inst=994,217/s  avg=1,000,011/s
  t=111736.2s  rows=111,737,442,069  +15,044,070  inst=1,002,938/s  avg=1,000,011/s
  t=111751.2s  rows=111,752,486,139  +15,044,070  inst=1,002,938/s  avg=1,000,011/s
  t=111766.2s  rows=111,767,399,391  +14,913,252  inst=994,217/s  avg=1,000,011/s
  t=111781.2s  rows=111,782,312,643  +14,913,252  inst=994,217/s  avg=1,000,010/s
  t=111796.2s  rows=111,797,487,531  +15,174,888  inst=1,011,659/s  avg=1,000,011/s
  t=111811.2s  rows=111,812,400,783  +14,913,252  inst=994,217/s  avg=1,000,011/s
  t=111826.2s  rows=111,827,328,876  +14,928,093  inst=995,206/s  avg=1,000,010/s
  t=111841.2s  rows=111,842,503,764  +15,174,888  inst=1,011,659/s  avg=1,000,012/s
  t=111856.2s  rows=111,857,417,016  +14,913,252  inst=994,217/s  avg=1,000,011/s
  t=111871.2s  rows=111,872,461,086  +15,044,070  inst=1,002,938/s  avg=1,000,011/s
  t=111886.2s  rows=111,887,374,338  +14,913,252  inst=994,217/s  avg=1,000,010/s
  t=111901.2s  rows=111,902,418,408  +15,044,070  inst=1,002,938/s  avg=1,000,011/s
  t=111916.2s  rows=111,917,462,478  +15,044,070  inst=1,002,938/s  avg=1,000,011/s
  t=111931.2s  rows=111,932,506,548  +15,044,070  inst=1,002,938/s  avg=1,000,012/s
  t=111946.2s  rows=111,947,419,800  +14,913,252  inst=994,217/s  avg=1,000,011/s
  t=111961.2s  rows=111,962,463,870  +15,044,070  inst=1,002,938/s  avg=1,000,011/s
  t=111976.2s  rows=111,977,507,940  +15,044,070  inst=1,002,938/s  avg=1,000,012/s
  t=111991.2s  rows=111,992,421,192  +14,913,252  inst=994,217/s  avg=1,000,011/s
  t=112006.2s  rows=112,007,465,262  +15,044,070  inst=1,002,938/s  avg=1,000,011/s
  t=112021.2s  rows=112,022,378,514  +14,913,252  inst=994,217/s  avg=1,000,010/s
  t=112036.2s  rows=112,037,422,584  +15,044,070  inst=1,002,938/s  avg=1,000,011/s
  t=112051.2s  rows=112,052,466,654  +15,044,070  inst=1,002,938/s  avg=1,000,011/s
  t=112066.2s  rows=112,067,510,724  +15,044,070  inst=1,002,938/s  avg=1,000,012/s
  t=112081.2s  rows=112,082,423,976  +14,913,252  inst=994,217/s  avg=1,000,011/s
  t=112096.2s  rows=112,097,468,046  +15,044,070  inst=1,002,938/s  avg=1,000,011/s
  t=112111.2s  rows=112,112,381,298  +14,913,252  inst=994,217/s  avg=1,000,010/s
  t=112126.2s  rows=112,127,425,368  +15,044,070  inst=1,002,938/s  avg=1,000,011/s
  t=112141.2s  rows=112,142,469,438  +15,044,070  inst=1,002,938/s  avg=1,000,011/s
  t=112156.2s  rows=112,157,382,690  +14,913,252  inst=994,217/s  avg=1,000,010/s
  t=112171.2s  rows=112,172,426,760  +15,044,070  inst=1,002,938/s  avg=1,000,011/s
  t=112186.2s  rows=112,187,470,830  +15,044,070  inst=1,002,938/s  avg=1,000,011/s
  t=112201.2s  rows=112,202,384,082  +14,913,252  inst=994,217/s  avg=1,000,010/s
  t=112216.2s  rows=112,217,428,152  +15,044,070  inst=1,002,938/s  avg=1,000,011/s
  t=112231.2s  rows=112,232,472,222  +15,044,070  inst=1,002,938/s  avg=1,000,011/s
  t=112246.2s  rows=112,247,385,474  +14,913,252  inst=994,217/s  avg=1,000,010/s
  t=112261.2s  rows=112,262,429,544  +15,044,070  inst=1,002,938/s  avg=1,000,011/s
  t=112276.2s  rows=112,277,473,614  +15,044,070  inst=1,002,938/s  avg=1,000,011/s
  t=112291.2s  rows=112,292,386,866  +14,913,252  inst=994,217/s  avg=1,000,010/s
  t=112306.2s  rows=112,307,430,936  +15,044,070  inst=1,002,938/s  avg=1,000,011/s
  t=112321.2s  rows=112,322,475,006  +15,044,070  inst=1,002,938/s  avg=1,000,011/s
  t=112336.2s  rows=112,337,388,258  +14,913,252  inst=994,217/s  avg=1,000,010/s
  t=112351.2s  rows=112,352,432,328  +15,044,070  inst=1,002,938/s  avg=1,000,011/s
  t=112366.2s  rows=112,367,476,398  +15,044,070  inst=1,002,938/s  avg=1,000,011/s
  t=112381.2s  rows=112,382,389,650  +14,913,252  inst=994,217/s  avg=1,000,010/s
  t=112396.2s  rows=112,397,433,720  +15,044,070  inst=1,002,938/s  avg=1,000,011/s
  t=112411.2s  rows=112,412,477,790  +15,044,070  inst=1,002,938/s  avg=1,000,011/s
  t=112426.2s  rows=112,427,521,860  +15,044,070  inst=1,002,938/s  avg=1,000,012/s
  t=112441.2s  rows=112,442,435,112  +14,913,252  inst=994,217/s  avg=1,000,011/s
  t=112456.2s  rows=112,457,487,791  +15,052,679  inst=1,003,512/s  avg=1,000,011/s
  t=112471.2s  rows=112,472,401,043  +14,913,252  inst=994,217/s  avg=1,000,011/s
  t=112486.2s  rows=112,487,445,113  +15,044,070  inst=1,002,938/s  avg=1,000,011/s
  t=112501.2s  rows=112,502,358,365  +14,913,252  inst=994,217/s  avg=1,000,010/s
  t=112516.2s  rows=112,517,402,435  +15,044,070  inst=1,002,938/s  avg=1,000,011/s
  t=112531.2s  rows=112,532,446,505  +15,044,070  inst=1,002,938/s  avg=1,000,011/s
  t=112546.2s  rows=112,547,490,575  +15,044,070  inst=1,002,938/s  avg=1,000,011/s
  t=112561.2s  rows=112,562,403,827  +14,913,252  inst=994,217/s  avg=1,000,011/s
  t=112576.2s  rows=112,577,447,897  +15,044,070  inst=1,002,938/s  avg=1,000,011/s
  t=112591.2s  rows=112,592,491,967  +15,044,070  inst=1,002,938/s  avg=1,000,011/s
  t=112606.2s  rows=112,607,405,219  +14,913,252  inst=994,217/s  avg=1,000,011/s
  t=112621.2s  rows=112,622,449,289  +15,044,070  inst=1,002,938/s  avg=1,000,011/s
  t=112636.2s  rows=112,637,493,359  +15,044,070  inst=1,002,938/s  avg=1,000,011/s
  t=112651.2s  rows=112,652,406,611  +14,913,252  inst=994,217/s  avg=1,000,011/s
  t=112666.2s  rows=112,667,450,681  +15,044,070  inst=1,002,938/s  avg=1,000,011/s
  t=112681.2s  rows=112,682,494,751  +15,044,070  inst=1,002,938/s  avg=1,000,011/s
  t=112696.2s  rows=112,697,408,003  +14,913,252  inst=994,217/s  avg=1,000,011/s
  t=112711.2s  rows=112,712,452,073  +15,044,070  inst=1,002,938/s  avg=1,000,011/s
  t=112726.2s  rows=112,727,496,143  +15,044,070  inst=1,002,938/s  avg=1,000,011/s
  t=112741.2s  rows=112,742,409,395  +14,913,252  inst=994,217/s  avg=1,000,011/s
  t=112756.2s  rows=112,757,453,465  +15,044,070  inst=1,002,938/s  avg=1,000,011/s
  t=112771.2s  rows=112,772,497,535  +15,044,070  inst=1,002,938/s  avg=1,000,011/s
  t=112786.2s  rows=112,787,410,787  +14,913,252  inst=994,217/s  avg=1,000,011/s
  t=112801.2s  rows=112,802,454,857  +15,044,070  inst=1,002,938/s  avg=1,000,011/s
  t=112816.2s  rows=112,817,368,109  +14,913,252  inst=994,217/s  avg=1,000,010/s
  t=112831.2s  rows=112,832,412,179  +15,044,070  inst=1,002,938/s  avg=1,000,011/s
  t=112846.2s  rows=112,847,456,249  +15,044,070  inst=1,002,938/s  avg=1,000,011/s
  t=112861.2s  rows=112,862,500,319  +15,044,070  inst=1,002,938/s  avg=1,000,011/s
  t=112876.2s  rows=112,877,413,571  +14,913,252  inst=994,217/s  avg=1,000,011/s
  t=112891.2s  rows=112,892,457,641  +15,044,070  inst=1,002,938/s  avg=1,000,011/s
  t=112906.2s  rows=112,907,501,711  +15,044,070  inst=1,002,938/s  avg=1,000,011/s
  t=112921.2s  rows=112,922,414,963  +14,913,252  inst=994,217/s  avg=1,000,011/s
  t=112936.2s  rows=112,937,459,033  +15,044,070  inst=1,002,938/s  avg=1,000,011/s
  t=112951.2s  rows=112,952,503,103  +15,044,070  inst=1,002,938/s  avg=1,000,011/s
  t=112966.2s  rows=112,967,416,355  +14,913,252  inst=994,217/s  avg=1,000,011/s
  t=112981.2s  rows=112,982,460,425  +15,044,070  inst=1,002,938/s  avg=1,000,011/s
  t=112996.2s  rows=112,997,504,495  +15,044,070  inst=1,002,938/s  avg=1,000,011/s
  t=113011.2s  rows=113,012,417,747  +14,913,252  inst=994,217/s  avg=1,000,011/s
  t=113026.2s  rows=113,027,461,817  +15,044,070  inst=1,002,938/s  avg=1,000,011/s
  t=113041.2s  rows=113,042,375,069  +14,913,252  inst=994,217/s  avg=1,000,010/s
  t=113056.2s  rows=113,057,419,139  +15,044,070  inst=1,002,938/s  avg=1,000,011/s
  t=113071.2s  rows=113,072,463,209  +15,044,070  inst=1,002,938/s  avg=1,000,011/s
  t=113086.2s  rows=113,087,507,279  +15,044,070  inst=1,002,938/s  avg=1,000,011/s
  t=113101.2s  rows=113,102,420,531  +14,913,252  inst=994,217/s  avg=1,000,011/s
  t=113116.2s  rows=113,117,464,601  +15,044,070  inst=1,002,938/s  avg=1,000,011/s
  t=113131.2s  rows=113,132,508,671  +15,044,070  inst=1,002,938/s  avg=1,000,011/s
  t=113146.2s  rows=113,147,421,923  +14,913,252  inst=994,217/s  avg=1,000,011/s
  t=113161.2s  rows=113,162,204,357  +14,782,434  inst=985,496/s  avg=1,000,009/s
  t=113176.2s  rows=113,177,117,609  +14,913,252  inst=994,217/s  avg=1,000,008/s
  t=113191.2s  rows=113,192,030,861  +14,913,252  inst=994,217/s  avg=1,000,007/s
  t=113206.2s  rows=113,206,420,841  +14,389,980  inst=959,332/s  avg=1,000,002/s
  t=113221.2s  rows=113,218,519,190  +12,098,349  inst=806,557/s  avg=999,976/s
DONE: produced 113,219,565,734 rows in 113227s (avg 999,933/s)
  t=113236.2s  rows=113,219,565,734  +1,046,544  inst=69,770/s  avg=999,853/s
