query_id,start_time,elapsed_seconds,query_id,table_name,used_range_restricted_scan,scanned_rows,rows_after_filter,scanned_bytes,blocks_read,local_blocks,remote_blocks,scan_seconds,max_data_skewness_pct,max_time_skewness_pct,local_spill_blocks,remote_spill_blocks,query_text
2034519,2026-08-12 16:53:56.762781,0.16858,2034519,,0,0,65,0,0,0,0,0.0018,0,26,0,0,"SELECT COALESCE(SUM(n_quotes), 0) FROM quotes_daily"
2034519,2026-08-12 16:53:56.762781,0.16858,2034519,quotes_shared.public.mv_tbl__quotes_daily__0,0,0,0,0,0,0,0,0.0018,0,29,0,0,"SELECT COALESCE(SUM(n_quotes), 0) FROM quotes_daily"
2034520,2026-08-12 16:53:56.762888,0.236213,2034520,,0,0,65,0,0,0,0,0.0018,0,21,0,0,"SELECT COALESCE(SUM(n_quotes), 0) FROM quotes_daily"
2034520,2026-08-12 16:53:56.762888,0.236213,2034520,quotes_shared.public.mv_tbl__quotes_daily__0,0,0,0,0,0,0,0,0.0009,0,37,0,0,"SELECT COALESCE(SUM(n_quotes), 0) FROM quotes_daily"
2034524,2026-08-12 16:53:56.932919,0.064914,2034524,,0,0,65,0,0,0,0,0.0021,0,16,0,0,SELECT COUNT(*) FROM quotes_daily
2034524,2026-08-12 16:53:56.932919,0.064914,2034524,quotes_shared.public.mv_tbl__quotes_daily__0,0,0,0,0,0,0,0,0.0017,0,52,0,0,SELECT COUNT(*) FROM quotes_daily
2034528,2026-08-12 16:53:56.999399,0.076062,2034528,,0,0,65,0,0,0,0,0.0016,0,25,0,0,"SELECT COUNT(*) AS days_traded, SUM(n_quotes) AS total_quotes, MIN(bp_min) AS lowest_bid, MAX(bp_max) AS highest_bid, MIN(ap_min) AS lowest_ask, MAX(ap_max) AS highest_ask, SUM(spread_sum) / SUM(n_quotes) AS avg_spread, SUM(bs_sum) AS total_bid_volum"
2034528,2026-08-12 16:53:56.999399,0.076062,2034528,quotes_shared.public.mv_tbl__quotes_daily__0,1,0,0,0,0,0,0,0.0015,0,22,0,0,"SELECT COUNT(*) AS days_traded, SUM(n_quotes) AS total_quotes, MIN(bp_min) AS lowest_bid, MAX(bp_max) AS highest_bid, MIN(ap_min) AS lowest_ask, MAX(ap_max) AS highest_ask, SUM(spread_sum) / SUM(n_quotes) AS avg_spread, SUM(bs_sum) AS total_bid_volum"
2034529,2026-08-12 16:53:57.000580,0.071593,2034529,,0,0,65,0,0,0,0,0.0016,0,17,0,0,SELECT COUNT(*) FROM quotes_daily
2034529,2026-08-12 16:53:57.000580,0.071593,2034529,quotes_shared.public.mv_tbl__quotes_daily__0,0,0,0,0,0,0,0,0.0018,0,53,0,0,SELECT COUNT(*) FROM quotes_daily
2034536,2026-08-12 16:53:57.073755,0.102396,2034536,,0,0,0,0,0,0,0,0.0038,0,22,0,0,"WITH src AS ( SELECT DATE_TRUNC('hour', TIMESTAMP 'epoch' + t / 1000 * INTERVAL '1 second') AS hour, bp, bs, ap, t FROM quotes_typed WHERE sym = 'AAPL' ), ranked AS ( SELECT hour, bp, bs, ap, ROW_NUMBER() OVER (PARTITION BY hour ORDER BY t ASC) AS rn"
2034536,2026-08-12 16:53:57.073755,0.102396,2034536,quotes_shared.public.mv_tbl__quotes_typed__0,1,0,0,0,0,0,0,0.0013,0,27,0,0,"WITH src AS ( SELECT DATE_TRUNC('hour', TIMESTAMP 'epoch' + t / 1000 * INTERVAL '1 second') AS hour, bp, bs, ap, t FROM quotes_typed WHERE sym = 'AAPL' ), ranked AS ( SELECT hour, bp, bs, ap, ROW_NUMBER() OVER (PARTITION BY hour ORDER BY t ASC) AS rn"
2034545,2026-08-12 16:54:02.320904,0.088881,2034545,,0,0,0,0,0,0,0,0.0046,0,24,0,0,"SELECT sym, COUNT(*) AS days_traded, SUM(n_quotes) AS total_quotes, MIN(bp_min) AS lowest_bid, MAX(bp_max) AS highest_bid, SUM(spread_sum) / SUM(n_quotes) AS avg_spread FROM quotes_daily WHERE sym IN ('AAPL', 'MSFT', 'GOOGL', 'AMZN', 'TSLA', 'META', "
2034545,2026-08-12 16:54:02.320904,0.088881,2034545,quotes_shared.public.mv_tbl__quotes_daily__0,1,0,0,0,0,0,0,0.0022,0,17,0,0,"SELECT sym, COUNT(*) AS days_traded, SUM(n_quotes) AS total_quotes, MIN(bp_min) AS lowest_bid, MAX(bp_max) AS highest_bid, SUM(spread_sum) / SUM(n_quotes) AS avg_spread FROM quotes_daily WHERE sym IN ('AAPL', 'MSFT', 'GOOGL', 'AMZN', 'TSLA', 'META', "
2034552,2026-08-12 16:54:02.833520,0.079306,2034552,,0,0,0,0,0,0,0,0.0033,0,19,0,0,"SELECT sym, pct_range FROM ( SELECT sym, (MAX(bp_max) - MIN(bp_min)) / MIN(bp_min) * 100 AS pct_range FROM quotes_daily GROUP BY sym ) t ORDER BY ABS(pct_range) DESC LIMIT 20"
2034552,2026-08-12 16:54:02.833520,0.079306,2034552,quotes_shared.public.mv_tbl__quotes_daily__0,0,0,0,0,0,0,0,0.0010,0,25,0,0,"SELECT sym, pct_range FROM ( SELECT sym, (MAX(bp_max) - MIN(bp_min)) / MIN(bp_min) * 100 AS pct_range FROM quotes_daily GROUP BY sym ) t ORDER BY ABS(pct_range) DESC LIMIT 20"
2034561,2026-08-12 16:54:03.352047,0.077611,2034561,,0,0,0,0,0,0,0,0.0038,0,35,0,0,"SELECT day, SUM(n_quotes) AS total_quotes, SUM(bs_sum) + SUM(as_sum) AS total_volume, SUM(spread_sum) / SUM(n_quotes) AS avg_spread FROM quotes_daily GROUP BY day ORDER BY day"
2034561,2026-08-12 16:54:03.352047,0.077611,2034561,quotes_shared.public.mv_tbl__quotes_daily__0,0,0,0,0,0,0,0,0.0012,0,36,0,0,"SELECT day, SUM(n_quotes) AS total_quotes, SUM(bs_sum) + SUM(as_sum) AS total_volume, SUM(spread_sum) / SUM(n_quotes) AS avg_spread FROM quotes_daily GROUP BY day ORDER BY day"
2034568,2026-08-12 16:54:07.481883,0.607758,2034568,,0,0,65,0,0,0,0,0.0029,0,74,0,0,"WITH s AS ( SELECT (ap - bp) AS spread, (bp + ap) / 2.0 AS mid, bs AS bs, ""as"" AS az FROM quotes_typed WHERE sym = 'AAPL' ), agg AS ( SELECT COUNT(*)::float8 AS n, SUM(spread) AS s1, SUM(POWER(spread, 2)) AS s2, SUM(POWER(spread, 3)) AS s3, SUM(POWER"
2034568,2026-08-12 16:54:07.481883,0.607758,2034568,quotes_shared.public.mv_tbl__quotes_typed__0,1,0,0,0,0,0,0,0.0019,0,22,0,0,"WITH s AS ( SELECT (ap - bp) AS spread, (bp + ap) / 2.0 AS mid, bs AS bs, ""as"" AS az FROM quotes_typed WHERE sym = 'AAPL' ), agg AS ( SELECT COUNT(*)::float8 AS n, SUM(spread) AS s1, SUM(POWER(spread, 2)) AS s2, SUM(POWER(spread, 3)) AS s3, SUM(POWER"
2034575,2026-08-12 16:54:08.577245,0.170624,2034575,,0,0,0,0,0,0,0,0.0048,0,74,0,0,"WITH src AS ( SELECT DATE_TRUNC('hour', TIMESTAMP 'epoch' + payload.t::bigint / 1000 * INTERVAL '1 second') AS hour, payload.bp::float8 AS bp, payload.bs::bigint AS bs, payload.ap::float8 AS ap, payload.t::bigint AS t FROM quotes_streamed WHERE sym ="
2034575,2026-08-12 16:54:08.577245,0.170624,2034575,quotes_shared.public.mv_tbl__quotes_streamed__0,1,0,0,0,0,0,0,0.0014,0,34,0,0,"WITH src AS ( SELECT DATE_TRUNC('hour', TIMESTAMP 'epoch' + payload.t::bigint / 1000 * INTERVAL '1 second') AS hour, payload.bp::float8 AS bp, payload.bs::bigint AS bs, payload.ap::float8 AS ap, payload.t::bigint AS t FROM quotes_streamed WHERE sym ="
2034582,2026-08-12 16:54:09.156043,0.101608,2034582,,0,0,65,0,0,0,0,0.0016,0,32,0,0,"WITH s AS ( SELECT (payload.ap::float8 - payload.bp::float8) AS spread, (payload.bp::float8 + payload.ap::float8) / 2.0 AS mid, payload.bs::bigint AS bs, payload.""as""::bigint AS az FROM quotes_streamed WHERE sym = 'AAPL' ), agg AS ( SELECT COUNT(*)::"
2034582,2026-08-12 16:54:09.156043,0.101608,2034582,quotes_shared.public.mv_tbl__quotes_streamed__0,1,0,0,0,0,0,0,0.0022,0,30,0,0,"WITH s AS ( SELECT (payload.ap::float8 - payload.bp::float8) AS spread, (payload.bp::float8 + payload.ap::float8) / 2.0 AS mid, payload.bs::bigint AS bs, payload.""as""::bigint AS az FROM quotes_streamed WHERE sym = 'AAPL' ), agg AS ( SELECT COUNT(*)::"
2034829,2026-08-12 17:02:20.610940,2.017074,2034829,,0,0,65,0,0,0,0,0.0026,0,66,0,0,/* RQEV2-Y9G0EfY2Kl */\n-- REQUIRED: shared objects live in the datashare's external schema\nSELECT COUNT(*) FROM quotes_typed limit 100
2034829,2026-08-12 17:02:20.610940,2.017074,2034829,quotes_shared.public.mv_tbl__quotes_typed__0,0,419543174,419543174,0,0,0,0,0.5193,33,15,0,0,/* RQEV2-Y9G0EfY2Kl */\n-- REQUIRED: shared objects live in the datashare's external schema\nSELECT COUNT(*) FROM quotes_typed limit 100
2034865,2026-08-12 17:03:41.095088,5.35487,2034865,,0,0,1004877,0,0,0,0,4.0606,88,84,0,0,"/* RQEV2-hiNLevJ2Ld */\nWITH src AS (\n    SELECT DATE_TRUNC('hour', TIMESTAMP 'epoch' + t / 1000 * INTERVAL '1 second') AS hour,\n           bp, bs, ap, t\n    FROM quotes_typed\n    WHERE sym = 'AAPL'\n),\nranked AS (\n    SELECT hour, bp, bs, ap,\"
2034865,2026-08-12 17:03:41.095088,5.35487,2034865,quotes_shared.public.mv_tbl__quotes_typed__0,1,164548875,334959,0,0,0,0,4.0476,42,17,0,0,"/* RQEV2-hiNLevJ2Ld */\nWITH src AS (\n    SELECT DATE_TRUNC('hour', TIMESTAMP 'epoch' + t / 1000 * INTERVAL '1 second') AS hour,\n           bp, bs, ap, t\n    FROM quotes_typed\n    WHERE sym = 'AAPL'\n),\nranked AS (\n    SELECT hour, bp, bs, ap,\"
2034881,2026-08-12 17:03:56.848448,0.864204,2034881,,0,0,65,0,0,0,0,0.0028,0,69,0,0,"SELECT COALESCE(SUM(n_quotes), 0) FROM quotes_daily"
2034881,2026-08-12 17:03:56.848448,0.864204,2034881,quotes_shared.public.mv_tbl__quotes_daily__0,1,18859,9804,0,0,0,0,0.5625,43,35,0,0,"SELECT COALESCE(SUM(n_quotes), 0) FROM quotes_daily"
2034884,2026-08-12 17:03:57.714216,0.084438,2034884,,0,0,65,0,0,0,0,0.0015,0,24,0,0,SELECT COUNT(*) FROM quotes_daily
2034884,2026-08-12 17:03:57.714216,0.084438,2034884,quotes_shared.public.mv_tbl__quotes_daily__0,1,18859,9804,0,0,0,0,0.0011,51,21,0,0,SELECT COUNT(*) FROM quotes_daily
2034887,2026-08-12 17:03:57.800243,0.954133,2034887,,0,0,65,0,0,0,0,0.0018,0,33,0,0,"SELECT COUNT(*) AS days_traded, SUM(n_quotes) AS total_quotes, MIN(bp_min) AS lowest_bid, MAX(bp_max) AS highest_bid, MIN(ap_min) AS lowest_ask, MAX(ap_max) AS highest_ask, SUM(spread_sum) / SUM(n_quotes) AS avg_spread, SUM(bs_sum) AS total_bid_volum"
2034887,2026-08-12 17:03:57.800243,0.954133,2034887,quotes_shared.public.mv_tbl__quotes_daily__0,1,6015,1,0,0,0,0,0.8622,96,44,0,0,"SELECT COUNT(*) AS days_traded, SUM(n_quotes) AS total_quotes, MIN(bp_min) AS lowest_bid, MAX(bp_max) AS highest_bid, MIN(ap_min) AS lowest_ask, MAX(ap_max) AS highest_ask, SUM(spread_sum) / SUM(n_quotes) AS avg_spread, SUM(bs_sum) AS total_bid_volum"
2034894,2026-08-12 17:04:00.709415,0.54595,2034894,,0,0,16,0,0,0,0,0.4425,91,24,0,0,"SELECT sym, COUNT(*) AS days_traded, SUM(n_quotes) AS total_quotes, MIN(bp_min) AS lowest_bid, MAX(bp_max) AS highest_bid, SUM(spread_sum) / SUM(n_quotes) AS avg_spread FROM quotes_daily WHERE sym IN ('AAPL', 'MSFT', 'GOOGL', 'AMZN', 'TSLA', 'META', "
2034894,2026-08-12 17:04:00.709415,0.54595,2034894,quotes_shared.public.mv_tbl__quotes_daily__0,1,18859,8,0,0,0,0,0.4393,87,53,0,0,"SELECT sym, COUNT(*) AS days_traded, SUM(n_quotes) AS total_quotes, MIN(bp_min) AS lowest_bid, MAX(bp_max) AS highest_bid, SUM(spread_sum) / SUM(n_quotes) AS avg_spread FROM quotes_daily WHERE sym IN ('AAPL', 'MSFT', 'GOOGL', 'AMZN', 'TSLA', 'META', "
2034901,2026-08-12 17:04:01.688563,0.178368,2034901,,0,0,10444,0,0,0,0,0.0814,12,69,0,0,"SELECT sym, pct_range FROM ( SELECT sym, (MAX(bp_max) - MIN(bp_min)) / MIN(bp_min) * 100 AS pct_range FROM quotes_daily GROUP BY sym ) t ORDER BY ABS(pct_range) DESC LIMIT 20"
2034901,2026-08-12 17:04:01.688563,0.178368,2034901,quotes_shared.public.mv_tbl__quotes_daily__0,1,18859,9804,0,0,0,0,0.0784,43,92,0,0,"SELECT sym, pct_range FROM ( SELECT sym, (MAX(bp_max) - MIN(bp_min)) / MIN(bp_min) * 100 AS pct_range FROM quotes_daily GROUP BY sym ) t ORDER BY ABS(pct_range) DESC LIMIT 20"
2034908,2026-08-12 17:04:02.269480,0.528943,2034908,,0,0,30,0,0,0,0,0.4349,96,23,0,0,"SELECT day, SUM(n_quotes) AS total_quotes, SUM(bs_sum) + SUM(as_sum) AS total_volume, SUM(spread_sum) / SUM(n_quotes) AS avg_spread FROM quotes_daily GROUP BY day ORDER BY day"
2034908,2026-08-12 17:04:02.269480,0.528943,2034908,quotes_shared.public.mv_tbl__quotes_daily__0,1,18859,9804,0,0,0,0,0.4325,53,42,0,0,"SELECT day, SUM(n_quotes) AS total_quotes, SUM(bs_sum) + SUM(as_sum) AS total_volume, SUM(spread_sum) / SUM(n_quotes) AS avg_spread FROM quotes_daily GROUP BY day ORDER BY day"
2034917,2026-08-12 17:04:06.949548,5.467829,2034917,,0,0,97,0,0,0,0,0.0236,0,47,0,0,"/* RQEV2-nK4riNtrrp */\nWITH s AS (\n    SELECT (ap - bp)          AS spread,\n           (bp + ap) / 2.0    AS mid,\n           bs                 AS bs,\n           ""as""               AS az\n    FROM quotes_typed\n    WHERE sym = 'AAPL'\n),\nagg AS"
2034917,2026-08-12 17:04:06.949548,5.467829,2034917,quotes_shared.public.mv_tbl__quotes_typed__0,1,180357367,357437,0,0,0,0,1.5638,50,18,0,0,"/* RQEV2-nK4riNtrrp */\nWITH s AS (\n    SELECT (ap - bp)          AS spread,\n           (bp + ap) / 2.0    AS mid,\n           bs                 AS bs,\n           ""as""               AS az\n    FROM quotes_typed\n    WHERE sym = 'AAPL'\n),\nagg AS"
2236869,2026-08-12 17:14:06.702976,3.046601,2236869,,0,0,65,0,0,0,0,0.0024,0,27,0,0,"SELECT COALESCE(SUM(n_quotes), 0) FROM quotes_daily"
2236869,2026-08-12 17:14:06.702976,3.046601,2236869,quotes_shared.public.mv_tbl__quotes_daily__0,1,19662,19656,0,0,0,0,1.3282,41,45,0,0,"SELECT COALESCE(SUM(n_quotes), 0) FROM quotes_daily"
2236872,2026-08-12 17:14:09.751416,0.083322,2236872,,0,0,65,0,0,0,0,0.0021,0,21,0,0,SELECT COUNT(*) FROM quotes_daily
2236872,2026-08-12 17:14:09.751416,0.083322,2236872,quotes_shared.public.mv_tbl__quotes_daily__0,1,19662,19656,0,0,0,0,0.0016,56,29,0,0,SELECT COUNT(*) FROM quotes_daily
2236875,2026-08-12 17:14:09.836300,1.258696,2236875,,0,0,65,0,0,0,0,0.0021,0,27,0,0,"SELECT COUNT(*) AS days_traded, SUM(n_quotes) AS total_quotes, MIN(bp_min) AS lowest_bid, MAX(bp_max) AS highest_bid, MIN(ap_min) AS lowest_ask, MAX(ap_max) AS highest_ask, SUM(spread_sum) / SUM(n_quotes) AS avg_spread, SUM(bs_sum) AS total_bid_volum"
2236875,2026-08-12 17:14:09.836300,1.258696,2236875,quotes_shared.public.mv_tbl__quotes_daily__0,1,5657,2,0,0,0,0,1.1672,96,62,0,0,"SELECT COUNT(*) AS days_traded, SUM(n_quotes) AS total_quotes, MIN(bp_min) AS lowest_bid, MAX(bp_max) AS highest_bid, MIN(ap_min) AS lowest_ask, MAX(ap_max) AS highest_ask, SUM(spread_sum) / SUM(n_quotes) AS avg_spread, SUM(bs_sum) AS total_bid_volum"
2236882,2026-08-12 17:14:11.760461,0.500239,2236882,,0,0,22,0,0,0,0,0.3993,92,68,0,0,"SELECT sym, COUNT(*) AS days_traded, SUM(n_quotes) AS total_quotes, MIN(bp_min) AS lowest_bid, MAX(bp_max) AS highest_bid, SUM(spread_sum) / SUM(n_quotes) AS avg_spread FROM quotes_daily WHERE sym IN ('AAPL', 'MSFT', 'GOOGL', 'AMZN', 'TSLA', 'META', "
2236882,2026-08-12 17:14:11.760461,0.500239,2236882,quotes_shared.public.mv_tbl__quotes_daily__0,1,19662,16,0,0,0,0,0.3901,83,26,0,0,"SELECT sym, COUNT(*) AS days_traded, SUM(n_quotes) AS total_quotes, MIN(bp_min) AS lowest_bid, MAX(bp_max) AS highest_bid, SUM(spread_sum) / SUM(n_quotes) AS avg_spread FROM quotes_daily WHERE sym IN ('AAPL', 'MSFT', 'GOOGL', 'AMZN', 'TSLA', 'META', "
2236889,2026-08-12 17:14:12.708964,0.155069,2236889,,0,0,19985,0,0,0,0,0.0594,11,20,0,0,"SELECT sym, pct_range FROM ( SELECT sym, (MAX(bp_max) - MIN(bp_min)) / MIN(bp_min) * 100 AS pct_range FROM quotes_daily GROUP BY sym ) t ORDER BY ABS(pct_range) DESC LIMIT 20"
2236889,2026-08-12 17:14:12.708964,0.155069,2236889,quotes_shared.public.mv_tbl__quotes_daily__0,1,19662,19656,0,0,0,0,0.0561,50,91,0,0,"SELECT sym, pct_range FROM ( SELECT sym, (MAX(bp_max) - MIN(bp_min)) / MIN(bp_min) * 100 AS pct_range FROM quotes_daily GROUP BY sym ) t ORDER BY ABS(pct_range) DESC LIMIT 20"
2236896,2026-08-12 17:14:13.295847,0.480258,2236896,,0,0,66,0,0,0,0,0.3880,93,21,0,0,"SELECT day, SUM(n_quotes) AS total_quotes, SUM(bs_sum) + SUM(as_sum) AS total_volume, SUM(spread_sum) / SUM(n_quotes) AS avg_spread FROM quotes_daily GROUP BY day ORDER BY day"
2236896,2026-08-12 17:14:13.295847,0.480258,2236896,quotes_shared.public.mv_tbl__quotes_daily__0,1,19662,19656,0,0,0,0,0.3850,50,26,0,0,"SELECT day, SUM(n_quotes) AS total_quotes, SUM(bs_sum) + SUM(as_sum) AS total_volume, SUM(spread_sum) / SUM(n_quotes) AS avg_spread FROM quotes_daily GROUP BY day ORDER BY day"
2439941,2026-08-12 17:24:06.605470,3.25262,2439941,,0,0,65,0,0,0,0,0.0026,0,25,0,0,"SELECT COALESCE(SUM(n_quotes), 0) FROM quotes_daily"
2439941,2026-08-12 17:24:06.605470,3.25262,2439941,quotes_shared.public.mv_tbl__quotes_daily__0,1,51567,33783,0,0,0,0,1.0936,42,30,0,0,"SELECT COALESCE(SUM(n_quotes), 0) FROM quotes_daily"
2439944,2026-08-12 17:24:09.859841,0.090941,2439944,,0,0,65,0,0,0,0,0.0033,0,31,0,0,SELECT COUNT(*) FROM quotes_daily
2439944,2026-08-12 17:24:09.859841,0.090941,2439944,quotes_shared.public.mv_tbl__quotes_daily__0,1,51567,33783,0,0,0,0,0.0096,48,11,0,0,SELECT COUNT(*) FROM quotes_daily
2439947,2026-08-12 17:24:09.952432,1.235531,2439947,,0,0,65,0,0,0,0,0.0118,0,32,0,0,"SELECT COUNT(*) AS days_traded, SUM(n_quotes) AS total_quotes, MIN(bp_min) AS lowest_bid, MAX(bp_max) AS highest_bid, MIN(ap_min) AS lowest_ask, MAX(ap_max) AS highest_ask, SUM(spread_sum) / SUM(n_quotes) AS avg_spread, SUM(bs_sum) AS total_bid_volum"
2439947,2026-08-12 17:24:09.952432,1.235531,2439947,quotes_shared.public.mv_tbl__quotes_daily__0,1,26307,3,0,0,0,0,1.1447,90,26,0,0,"SELECT COUNT(*) AS days_traded, SUM(n_quotes) AS total_quotes, MIN(bp_min) AS lowest_bid, MAX(bp_max) AS highest_bid, MIN(ap_min) AS lowest_ask, MAX(ap_max) AS highest_ask, SUM(spread_sum) / SUM(n_quotes) AS avg_spread, SUM(bs_sum) AS total_bid_volum"
2439954,2026-08-12 17:24:11.927461,0.615103,2439954,,0,0,30,0,0,0,0,0.5217,91,18,0,0,"SELECT sym, COUNT(*) AS days_traded, SUM(n_quotes) AS total_quotes, MIN(bp_min) AS lowest_bid, MAX(bp_max) AS highest_bid, SUM(spread_sum) / SUM(n_quotes) AS avg_spread FROM quotes_daily WHERE sym IN ('AAPL', 'MSFT', 'GOOGL', 'AMZN', 'TSLA', 'META', "
2439954,2026-08-12 17:24:11.927461,0.615103,2439954,quotes_shared.public.mv_tbl__quotes_daily__0,1,51567,24,0,0,0,0,0.5166,81,50,0,0,"SELECT sym, COUNT(*) AS days_traded, SUM(n_quotes) AS total_quotes, MIN(bp_min) AS lowest_bid, MAX(bp_max) AS highest_bid, SUM(spread_sum) / SUM(n_quotes) AS avg_spread FROM quotes_daily WHERE sym IN ('AAPL', 'MSFT', 'GOOGL', 'AMZN', 'TSLA', 'META', "
2439961,2026-08-12 17:24:13.014846,0.176195,2439961,,0,0,32789,0,0,0,0,0.0896,13,24,0,0,"SELECT sym, pct_range FROM ( SELECT sym, (MAX(bp_max) - MIN(bp_min)) / MIN(bp_min) * 100 AS pct_range FROM quotes_daily GROUP BY sym ) t ORDER BY ABS(pct_range) DESC LIMIT 20"
2439961,2026-08-12 17:24:13.014846,0.176195,2439961,quotes_shared.public.mv_tbl__quotes_daily__0,1,51567,33783,0,0,0,0,0.0839,42,94,0,0,"SELECT sym, pct_range FROM ( SELECT sym, (MAX(bp_max) - MIN(bp_min)) / MIN(bp_min) * 100 AS pct_range FROM quotes_daily GROUP BY sym ) t ORDER BY ABS(pct_range) DESC LIMIT 20"
2439968,2026-08-12 17:24:13.641793,0.584155,2439968,,0,0,132,0,0,0,0,0.5044,87,25,0,0,"SELECT day, SUM(n_quotes) AS total_quotes, SUM(bs_sum) + SUM(as_sum) AS total_volume, SUM(spread_sum) / SUM(n_quotes) AS avg_spread FROM quotes_daily GROUP BY day ORDER BY day"
2439968,2026-08-12 17:24:13.641793,0.584155,2439968,quotes_shared.public.mv_tbl__quotes_daily__0,1,51567,33783,0,0,0,0,0.5003,46,40,0,0,"SELECT day, SUM(n_quotes) AS total_quotes, SUM(bs_sum) + SUM(as_sum) AS total_volume, SUM(spread_sum) / SUM(n_quotes) AS avg_spread FROM quotes_daily GROUP BY day ORDER BY day"
2643013,2026-08-12 17:34:06.737968,2.851441,2643013,,0,0,65,0,0,0,0,0.0071,0,31,0,0,"SELECT COALESCE(SUM(n_quotes), 0) FROM quotes_daily"
2643013,2026-08-12 17:34:06.737968,2.851441,2643013,quotes_shared.public.mv_tbl__quotes_daily__0,1,50720,43699,0,0,0,0,0.9532,61,21,0,0,"SELECT COALESCE(SUM(n_quotes), 0) FROM quotes_daily"
2643016,2026-08-12 17:34:09.591142,0.299133,2643016,,0,0,65,0,0,0,0,0.0143,0,30,0,0,SELECT COUNT(*) FROM quotes_daily
2643016,2026-08-12 17:34:09.591142,0.299133,2643016,quotes_shared.public.mv_tbl__quotes_daily__0,1,50720,43699,0,0,0,0,0.0104,44,64,0,0,SELECT COUNT(*) FROM quotes_daily
2643019,2026-08-12 17:34:09.891935,1.516785,2643019,,0,0,65,0,0,0,0,0.0030,0,26,0,0,"SELECT COUNT(*) AS days_traded, SUM(n_quotes) AS total_quotes, MIN(bp_min) AS lowest_bid, MAX(bp_max) AS highest_bid, MIN(ap_min) AS lowest_ask, MAX(ap_max) AS highest_ask, SUM(spread_sum) / SUM(n_quotes) AS avg_spread, SUM(bs_sum) AS total_bid_volum"
2643019,2026-08-12 17:34:09.891935,1.516785,2643019,quotes_shared.public.mv_tbl__quotes_daily__0,1,25046,4,0,0,0,0,1.4248,87,45,0,0,"SELECT COUNT(*) AS days_traded, SUM(n_quotes) AS total_quotes, MIN(bp_min) AS lowest_bid, MAX(bp_max) AS highest_bid, MIN(ap_min) AS lowest_ask, MAX(ap_max) AS highest_ask, SUM(spread_sum) / SUM(n_quotes) AS avg_spread, SUM(bs_sum) AS total_bid_volum"
2643026,2026-08-12 17:34:12.118633,0.552129,2643026,,0,0,37,0,0,0,0,0.4606,91,24,0,0,"SELECT sym, COUNT(*) AS days_traded, SUM(n_quotes) AS total_quotes, MIN(bp_min) AS lowest_bid, MAX(bp_max) AS highest_bid, SUM(spread_sum) / SUM(n_quotes) AS avg_spread FROM quotes_daily WHERE sym IN ('AAPL', 'MSFT', 'GOOGL', 'AMZN', 'TSLA', 'META', "
2643026,2026-08-12 17:34:12.118633,0.552129,2643026,quotes_shared.public.mv_tbl__quotes_daily__0,1,50720,32,0,0,0,0,0.4556,80,41,0,0,"SELECT sym, COUNT(*) AS days_traded, SUM(n_quotes) AS total_quotes, MIN(bp_min) AS lowest_bid, MAX(bp_max) AS highest_bid, SUM(spread_sum) / SUM(n_quotes) AS avg_spread FROM quotes_daily WHERE sym IN ('AAPL', 'MSFT', 'GOOGL', 'AMZN', 'TSLA', 'META', "
2643033,2026-08-12 17:34:13.115121,0.204242,2643033,,0,0,41655,0,0,0,0,0.1255,13,23,0,0,"SELECT sym, pct_range FROM ( SELECT sym, (MAX(bp_max) - MIN(bp_min)) / MIN(bp_min) * 100 AS pct_range FROM quotes_daily GROUP BY sym ) t ORDER BY ABS(pct_range) DESC LIMIT 20"
2643033,2026-08-12 17:34:13.115121,0.204242,2643033,quotes_shared.public.mv_tbl__quotes_daily__0,1,50720,43699,0,0,0,0,0.1210,32,93,0,0,"SELECT sym, pct_range FROM ( SELECT sym, (MAX(bp_max) - MIN(bp_min)) / MIN(bp_min) * 100 AS pct_range FROM quotes_daily GROUP BY sym ) t ORDER BY ABS(pct_range) DESC LIMIT 20"
2643040,2026-08-12 17:34:13.780214,0.513274,2643040,,0,0,164,0,0,0,0,0.4382,84,19,0,0,"SELECT day, SUM(n_quotes) AS total_quotes, SUM(bs_sum) + SUM(as_sum) AS total_volume, SUM(spread_sum) / SUM(n_quotes) AS avg_spread FROM quotes_daily GROUP BY day ORDER BY day"
2643040,2026-08-12 17:34:13.780214,0.513274,2643040,quotes_shared.public.mv_tbl__quotes_daily__0,1,50720,43699,0,0,0,0,0.4340,40,33,0,0,"SELECT day, SUM(n_quotes) AS total_quotes, SUM(bs_sum) + SUM(as_sum) AS total_volume, SUM(spread_sum) / SUM(n_quotes) AS avg_spread FROM quotes_daily GROUP BY day ORDER BY day"
2846085,2026-08-12 17:44:07.239632,2.890724,2846085,,0,0,65,0,0,0,0,0.0120,0,24,0,0,"SELECT COALESCE(SUM(n_quotes), 0) FROM quotes_daily"
2846085,2026-08-12 17:44:07.239632,2.890724,2846085,quotes_shared.public.mv_tbl__quotes_daily__0,1,61145,51456,0,0,0,0,0.7868,41,22,0,0,"SELECT COALESCE(SUM(n_quotes), 0) FROM quotes_daily"
2846088,2026-08-12 17:44:10.132006,0.078605,2846088,,0,0,65,0,0,0,0,0.0019,0,28,0,0,SELECT COUNT(*) FROM quotes_daily
2846088,2026-08-12 17:44:10.132006,0.078605,2846088,quotes_shared.public.mv_tbl__quotes_daily__0,1,61145,51456,0,0,0,0,0.0011,35,12,0,0,SELECT COUNT(*) FROM quotes_daily
2846091,2026-08-12 17:44:10.212219,1.204784,2846091,,0,0,65,0,0,0,0,0.0100,0,44,0,0,"SELECT COUNT(*) AS days_traded, SUM(n_quotes) AS total_quotes, MIN(bp_min) AS lowest_bid, MAX(bp_max) AS highest_bid, MIN(ap_min) AS lowest_ask, MAX(ap_max) AS highest_ask, SUM(spread_sum) / SUM(n_quotes) AS avg_spread, SUM(bs_sum) AS total_bid_volum"
2846091,2026-08-12 17:44:10.212219,1.204784,2846091,quotes_shared.public.mv_tbl__quotes_daily__0,1,34157,4,0,0,0,0,1.1056,93,30,0,0,"SELECT COUNT(*) AS days_traded, SUM(n_quotes) AS total_quotes, MIN(bp_min) AS lowest_bid, MAX(bp_max) AS highest_bid, MIN(ap_min) AS lowest_ask, MAX(ap_max) AS highest_ask, SUM(spread_sum) / SUM(n_quotes) AS avg_spread, SUM(bs_sum) AS total_bid_volum"
2846098,2026-08-12 17:44:12.100062,0.395472,2846098,,0,0,39,0,0,0,0,0.2979,91,44,0,0,"SELECT sym, COUNT(*) AS days_traded, SUM(n_quotes) AS total_quotes, MIN(bp_min) AS lowest_bid, MAX(bp_max) AS highest_bid, SUM(spread_sum) / SUM(n_quotes) AS avg_spread FROM quotes_daily WHERE sym IN ('AAPL', 'MSFT', 'GOOGL', 'AMZN', 'TSLA', 'META', "
2846098,2026-08-12 17:44:12.100062,0.395472,2846098,quotes_shared.public.mv_tbl__quotes_daily__0,1,61145,32,0,0,0,0,0.2935,75,35,0,0,"SELECT sym, COUNT(*) AS days_traded, SUM(n_quotes) AS total_quotes, MIN(bp_min) AS lowest_bid, MAX(bp_max) AS highest_bid, SUM(spread_sum) / SUM(n_quotes) AS avg_spread FROM quotes_daily WHERE sym IN ('AAPL', 'MSFT', 'GOOGL', 'AMZN', 'TSLA', 'META', "
2846105,2026-08-12 17:44:14.613860,0.153018,2846105,,0,0,47974,0,0,0,0,0.0619,16,23,0,0,"SELECT sym, pct_range FROM ( SELECT sym, (MAX(bp_max) - MIN(bp_min)) / MIN(bp_min) * 100 AS pct_range FROM quotes_daily GROUP BY sym ) t ORDER BY ABS(pct_range) DESC LIMIT 20"
2846105,2026-08-12 17:44:14.613860,0.153018,2846105,quotes_shared.public.mv_tbl__quotes_daily__0,1,61145,51456,0,0,0,0,0.0579,53,92,0,0,"SELECT sym, pct_range FROM ( SELECT sym, (MAX(bp_max) - MIN(bp_min)) / MIN(bp_min) * 100 AS pct_range FROM quotes_daily GROUP BY sym ) t ORDER BY ABS(pct_range) DESC LIMIT 20"
2846119,2026-08-12 17:44:20.397636,0.596863,2846119,,0,0,197,0,0,0,0,0.5121,90,26,0,0,"SELECT day, SUM(n_quotes) AS total_quotes, SUM(bs_sum) + SUM(as_sum) AS total_volume, SUM(spread_sum) / SUM(n_quotes) AS avg_spread FROM quotes_daily GROUP BY day ORDER BY day"
2846119,2026-08-12 17:44:20.397636,0.596863,2846119,quotes_shared.public.mv_tbl__quotes_daily__0,1,61145,51456,0,0,0,0,0.5071,44,43,0,0,"SELECT day, SUM(n_quotes) AS total_quotes, SUM(bs_sum) + SUM(as_sum) AS total_volume, SUM(spread_sum) / SUM(n_quotes) AS avg_spread FROM quotes_daily GROUP BY day ORDER BY day"
3049160,2026-08-12 17:54:06.962507,2.704261,3049160,,0,0,65,0,0,0,0,0.0128,0,35,0,0,"SELECT COALESCE(SUM(n_quotes), 0) FROM quotes_daily"
3049160,2026-08-12 17:54:06.962507,2.704261,3049160,quotes_shared.public.mv_tbl__quotes_daily__0,1,63880,54706,0,0,0,0,0.4605,51,28,0,0,"SELECT COALESCE(SUM(n_quotes), 0) FROM quotes_daily"
3049157,2026-08-12 17:54:06.963174,2.70348,3049157,,0,0,65,0,0,0,0,0.0096,0,33,0,0,"SELECT COALESCE(SUM(n_quotes), 0) FROM quotes_daily"
3049157,2026-08-12 17:54:06.963174,2.70348,3049157,quotes_shared.public.mv_tbl__quotes_daily__0,1,63880,54706,0,0,0,0,0.7031,46,18,0,0,"SELECT COALESCE(SUM(n_quotes), 0) FROM quotes_daily"
3049164,2026-08-12 17:54:09.668383,0.125504,3049164,,0,0,65,0,0,0,0,0.0048,0,37,0,0,SELECT COUNT(*) FROM quotes_daily
3049164,2026-08-12 17:54:09.668383,0.125504,3049164,quotes_shared.public.mv_tbl__quotes_daily__0,1,63880,54706,0,0,0,0,0.0101,42,50,0,0,SELECT COUNT(*) FROM quotes_daily
3049163,2026-08-12 17:54:09.668463,0.106301,3049163,,0,0,65,0,0,0,0,0.0040,0,32,0,0,SELECT COUNT(*) FROM quotes_daily
3049163,2026-08-12 17:54:09.668463,0.106301,3049163,quotes_shared.public.mv_tbl__quotes_daily__0,1,63880,54706,0,0,0,0,0.0102,61,32,0,0,SELECT COUNT(*) FROM quotes_daily
3049170,2026-08-12 17:54:09.776400,15.920081,3049170,,0,0,10638207,0,0,0,0,15.3049,67,66,0,0,"WITH src AS ( SELECT DATE_TRUNC('hour', TIMESTAMP 'epoch' + t / 1000 * INTERVAL '1 second') AS hour, bp, bs, ap, t FROM quotes_typed WHERE sym = 'AAPL' ), ranked AS ( SELECT hour, bp, bs, ap, ROW_NUMBER() OVER (PARTITION BY hour ORDER BY t ASC) AS rn"
3049170,2026-08-12 17:54:09.776400,15.920081,3049170,quotes_shared.public.mv_tbl__quotes_typed__0,1,1378314497,3546069,0,0,0,0,15.2586,24,6,0,0,"WITH src AS ( SELECT DATE_TRUNC('hour', TIMESTAMP 'epoch' + t / 1000 * INTERVAL '1 second') AS hour, bp, bs, ap, t FROM quotes_typed WHERE sym = 'AAPL' ), ranked AS ( SELECT hour, bp, bs, ap, ROW_NUMBER() OVER (PARTITION BY hour ORDER BY t ASC) AS rn"
3049169,2026-08-12 17:54:09.795510,1.886964,3049169,,0,0,65,0,0,0,0,0.0277,0,67,0,0,"SELECT COUNT(*) AS days_traded, SUM(n_quotes) AS total_quotes, MIN(bp_min) AS lowest_bid, MAX(bp_max) AS highest_bid, MIN(ap_min) AS lowest_ask, MAX(ap_max) AS highest_ask, SUM(spread_sum) / SUM(n_quotes) AS avg_spread, SUM(bs_sum) AS total_bid_volum"
3049169,2026-08-12 17:54:09.795510,1.886964,3049169,quotes_shared.public.mv_tbl__quotes_daily__0,1,35524,5,0,0,0,0,1.4866,84,29,0,0,"SELECT COUNT(*) AS days_traded, SUM(n_quotes) AS total_quotes, MIN(bp_min) AS lowest_bid, MAX(bp_max) AS highest_bid, MIN(ap_min) AS lowest_ask, MAX(ap_max) AS highest_ask, SUM(spread_sum) / SUM(n_quotes) AS avg_spread, SUM(bs_sum) AS total_bid_volum"
3049179,2026-08-12 17:54:14.056633,0.576231,3049179,,0,0,46,0,0,0,0,0.4544,91,27,0,0,"SELECT sym, COUNT(*) AS days_traded, SUM(n_quotes) AS total_quotes, MIN(bp_min) AS lowest_bid, MAX(bp_max) AS highest_bid, SUM(spread_sum) / SUM(n_quotes) AS avg_spread FROM quotes_daily WHERE sym IN ('AAPL', 'MSFT', 'GOOGL', 'AMZN', 'TSLA', 'META', "
3049179,2026-08-12 17:54:14.056633,0.576231,3049179,quotes_shared.public.mv_tbl__quotes_daily__0,1,63880,40,0,0,0,0,0.4407,68,40,0,0,"SELECT sym, COUNT(*) AS days_traded, SUM(n_quotes) AS total_quotes, MIN(bp_min) AS lowest_bid, MAX(bp_max) AS highest_bid, SUM(spread_sum) / SUM(n_quotes) AS avg_spread FROM quotes_daily WHERE sym IN ('AAPL', 'MSFT', 'GOOGL', 'AMZN', 'TSLA', 'META', "
3049186,2026-08-12 17:54:15.109697,0.309352,3049186,,0,0,50896,0,0,0,0,0.1720,16,60,0,0,"SELECT sym, pct_range FROM ( SELECT sym, (MAX(bp_max) - MIN(bp_min)) / MIN(bp_min) * 100 AS pct_range FROM quotes_daily GROUP BY sym ) t ORDER BY ABS(pct_range) DESC LIMIT 20"
3049186,2026-08-12 17:54:15.109697,0.309352,3049186,quotes_shared.public.mv_tbl__quotes_daily__0,1,63880,54706,0,0,0,0,0.1213,51,94,0,0,"SELECT sym, pct_range FROM ( SELECT sym, (MAX(bp_max) - MIN(bp_min)) / MIN(bp_min) * 100 AS pct_range FROM quotes_daily GROUP BY sym ) t ORDER BY ABS(pct_range) DESC LIMIT 20"
3049193,2026-08-12 17:54:16.033018,0.692736,3049193,,0,0,198,0,0,0,0,0.5553,90,36,0,0,"SELECT day, SUM(n_quotes) AS total_quotes, SUM(bs_sum) + SUM(as_sum) AS total_volume, SUM(spread_sum) / SUM(n_quotes) AS avg_spread FROM quotes_daily GROUP BY day ORDER BY day"
3049193,2026-08-12 17:54:16.033018,0.692736,3049193,quotes_shared.public.mv_tbl__quotes_daily__0,1,63880,54706,0,0,0,0,0.5413,41,39,0,0,"SELECT day, SUM(n_quotes) AS total_quotes, SUM(bs_sum) + SUM(as_sum) AS total_volume, SUM(spread_sum) / SUM(n_quotes) AS avg_spread FROM quotes_daily GROUP BY day ORDER BY day"
3049207,2026-08-12 17:54:26.118554,1.746814,3049207,,0,0,97,0,0,0,0,0.0414,0,28,0,0,"WITH s AS ( SELECT (ap - bp) AS spread, (bp + ap) / 2.0 AS mid, bs AS bs, ""as"" AS az FROM quotes_typed WHERE sym = 'AAPL' ), agg AS ( SELECT COUNT(*)::float8 AS n, SUM(spread) AS s1, SUM(POWER(spread, 2)) AS s2, SUM(POWER(spread, 3)) AS s3, SUM(POWER"
3049207,2026-08-12 17:54:26.118554,1.746814,3049207,quotes_shared.public.mv_tbl__quotes_typed__0,1,1378314497,3546069,0,0,0,0,1.6015,24,6,0,0,"WITH s AS ( SELECT (ap - bp) AS spread, (bp + ap) / 2.0 AS mid, bs AS bs, ""as"" AS az FROM quotes_typed WHERE sym = 'AAPL' ), agg AS ( SELECT COUNT(*)::float8 AS n, SUM(spread) AS s1, SUM(POWER(spread, 2)) AS s2, SUM(POWER(spread, 3)) AS s3, SUM(POWER"
3049216,2026-08-12 17:54:28.307845,15.611969,3049216,,0,0,10783809,0,0,0,0,14.0426,66,68,0,0,"WITH src AS ( SELECT DATE_TRUNC('hour', TIMESTAMP 'epoch' + payload.t::bigint / 1000 * INTERVAL '1 second') AS hour, payload.bp::float8 AS bp, payload.bs::bigint AS bs, payload.ap::float8 AS ap, payload.t::bigint AS t FROM quotes_streamed WHERE sym ="
3049216,2026-08-12 17:54:28.307845,15.611969,3049216,quotes_shared.public.mv_tbl__quotes_streamed__0,1,3607288748,3594603,0,0,0,0,13.9735,7,2,0,0,"WITH src AS ( SELECT DATE_TRUNC('hour', TIMESTAMP 'epoch' + payload.t::bigint / 1000 * INTERVAL '1 second') AS hour, payload.bp::float8 AS bp, payload.bs::bigint AS bs, payload.ap::float8 AS ap, payload.t::bigint AS t FROM quotes_streamed WHERE sym ="
3049235,2026-08-12 17:54:44.354770,3.507338,3049235,,0,0,97,0,0,0,0,0.0381,0,21,0,0,"WITH s AS ( SELECT (payload.ap::float8 - payload.bp::float8) AS spread, (payload.bp::float8 + payload.ap::float8) / 2.0 AS mid, payload.bs::bigint AS bs, payload.""as""::bigint AS az FROM quotes_streamed WHERE sym = 'AAPL' ), agg AS ( SELECT COUNT(*)::"
3049235,2026-08-12 17:54:44.354770,3.507338,3049235,quotes_shared.public.mv_tbl__quotes_streamed__0,1,3621993721,3605909,0,0,0,0,1.9288,30,12,0,0,"WITH s AS ( SELECT (payload.ap::float8 - payload.bp::float8) AS spread, (payload.bp::float8 + payload.ap::float8) / 2.0 AS mid, payload.bs::bigint AS bs, payload.""as""::bigint AS az FROM quotes_streamed WHERE sym = 'AAPL' ), agg AS ( SELECT COUNT(*)::"
3252229,2026-08-12 18:04:07.193923,2.936551,3252229,,0,0,65,0,0,0,0,0.0024,0,30,0,0,"SELECT COALESCE(SUM(n_quotes), 0) FROM quotes_daily"
3252229,2026-08-12 18:04:07.193923,2.936551,3252229,quotes_shared.public.mv_tbl__quotes_daily__0,1,74140,64814,0,0,0,0,0.8098,43,21,0,0,"SELECT COALESCE(SUM(n_quotes), 0) FROM quotes_daily"
3252232,2026-08-12 18:04:10.132112,0.077112,3252232,,0,0,65,0,0,0,0,0.0023,0,26,0,0,SELECT COUNT(*) FROM quotes_daily
3252232,2026-08-12 18:04:10.132112,0.077112,3252232,quotes_shared.public.mv_tbl__quotes_daily__0,1,74140,64814,0,0,0,0,0.0012,42,15,0,0,SELECT COUNT(*) FROM quotes_daily
3252235,2026-08-12 18:04:10.210791,1.213307,3252235,,0,0,65,0,0,0,0,0.0021,0,25,0,0,"SELECT COUNT(*) AS days_traded, SUM(n_quotes) AS total_quotes, MIN(bp_min) AS lowest_bid, MAX(bp_max) AS highest_bid, MIN(ap_min) AS lowest_ask, MAX(ap_max) AS highest_ask, SUM(spread_sum) / SUM(n_quotes) AS avg_spread, SUM(bs_sum) AS total_bid_volum"
3252235,2026-08-12 18:04:10.210791,1.213307,3252235,quotes_shared.public.mv_tbl__quotes_daily__0,1,44333,6,0,0,0,0,1.1246,90,23,0,0,"SELECT COUNT(*) AS days_traded, SUM(n_quotes) AS total_quotes, MIN(bp_min) AS lowest_bid, MAX(bp_max) AS highest_bid, MIN(ap_min) AS lowest_ask, MAX(ap_max) AS highest_ask, SUM(spread_sum) / SUM(n_quotes) AS avg_spread, SUM(bs_sum) AS total_bid_volum"
3252242,2026-08-12 18:04:12.128336,0.476454,3252242,,0,0,50,0,0,0,0,0.3798,92,26,0,0,"SELECT sym, COUNT(*) AS days_traded, SUM(n_quotes) AS total_quotes, MIN(bp_min) AS lowest_bid, MAX(bp_max) AS highest_bid, SUM(spread_sum) / SUM(n_quotes) AS avg_spread FROM quotes_daily WHERE sym IN ('AAPL', 'MSFT', 'GOOGL', 'AMZN', 'TSLA', 'META', "
3252242,2026-08-12 18:04:12.128336,0.476454,3252242,quotes_shared.public.mv_tbl__quotes_daily__0,1,74140,48,0,0,0,0,0.3756,75,48,0,0,"SELECT sym, COUNT(*) AS days_traded, SUM(n_quotes) AS total_quotes, MIN(bp_min) AS lowest_bid, MAX(bp_max) AS highest_bid, SUM(spread_sum) / SUM(n_quotes) AS avg_spread FROM quotes_daily WHERE sym IN ('AAPL', 'MSFT', 'GOOGL', 'AMZN', 'TSLA', 'META', "
3252249,2026-08-12 18:04:12.996645,0.093633,3252249,,0,0,59538,0,0,0,0,0.0058,12,29,0,0,"SELECT sym, pct_range FROM ( SELECT sym, (MAX(bp_max) - MIN(bp_min)) / MIN(bp_min) * 100 AS pct_range FROM quotes_daily GROUP BY sym ) t ORDER BY ABS(pct_range) DESC LIMIT 20"
3252249,2026-08-12 18:04:12.996645,0.093633,3252249,quotes_shared.public.mv_tbl__quotes_daily__0,1,74140,64814,0,0,0,0,0.0026,33,26,0,0,"SELECT sym, pct_range FROM ( SELECT sym, (MAX(bp_max) - MIN(bp_min)) / MIN(bp_min) * 100 AS pct_range FROM quotes_daily GROUP BY sym ) t ORDER BY ABS(pct_range) DESC LIMIT 20"
3252256,2026-08-12 18:04:13.492375,1.019494,3252256,,0,0,231,0,0,0,0,0.9361,89,24,0,0,"SELECT day, SUM(n_quotes) AS total_quotes, SUM(bs_sum) + SUM(as_sum) AS total_volume, SUM(spread_sum) / SUM(n_quotes) AS avg_spread FROM quotes_daily GROUP BY day ORDER BY day"
3252256,2026-08-12 18:04:13.492375,1.019494,3252256,quotes_shared.public.mv_tbl__quotes_daily__0,1,74140,64814,0,0,0,0,0.9331,48,54,0,0,"SELECT day, SUM(n_quotes) AS total_quotes, SUM(bs_sum) + SUM(as_sum) AS total_volume, SUM(spread_sum) / SUM(n_quotes) AS avg_spread FROM quotes_daily GROUP BY day ORDER BY day"
3252536,2026-08-12 18:13:56.847106,2.218464,3252536,,0,0,65,0,0,0,0,0.0023,0,26,0,0,"SELECT COALESCE(SUM(n_quotes), 0) FROM quotes_daily"
3252536,2026-08-12 18:13:56.847106,2.218464,3252536,quotes_shared.public.mv_tbl__quotes_daily__0,1,84255,74925,0,0,0,0,0.5946,43,17,0,0,"SELECT COALESCE(SUM(n_quotes), 0) FROM quotes_daily"
3252539,2026-08-12 18:13:59.067399,0.071027,3252539,,0,0,65,0,0,0,0,0.0017,0,34,0,0,SELECT COUNT(*) FROM quotes_daily
3252539,2026-08-12 18:13:59.067399,0.071027,3252539,quotes_shared.public.mv_tbl__quotes_daily__0,1,84255,74925,0,0,0,0,0.0010,43,12,0,0,SELECT COUNT(*) FROM quotes_daily
3252542,2026-08-12 18:13:59.140032,1.416908,3252542,,0,0,65,0,0,0,0,0.0020,0,33,0,0,"SELECT COUNT(*) AS days_traded, SUM(n_quotes) AS total_quotes, MIN(bp_min) AS lowest_bid, MAX(bp_max) AS highest_bid, MIN(ap_min) AS lowest_ask, MAX(ap_max) AS highest_ask, SUM(spread_sum) / SUM(n_quotes) AS avg_spread, SUM(bs_sum) AS total_bid_volum"
3252542,2026-08-12 18:13:59.140032,1.416908,3252542,quotes_shared.public.mv_tbl__quotes_daily__0,1,55704,7,0,0,0,0,1.3353,92,31,0,0,"SELECT COUNT(*) AS days_traded, SUM(n_quotes) AS total_quotes, MIN(bp_min) AS lowest_bid, MAX(bp_max) AS highest_bid, MIN(ap_min) AS lowest_ask, MAX(ap_max) AS highest_ask, SUM(spread_sum) / SUM(n_quotes) AS avg_spread, SUM(bs_sum) AS total_bid_volum"
3252551,2026-08-12 18:14:02.787890,0.440905,3252551,,0,0,53,0,0,0,0,0.3518,91,21,0,0,"SELECT sym, COUNT(*) AS days_traded, SUM(n_quotes) AS total_quotes, MIN(bp_min) AS lowest_bid, MAX(bp_max) AS highest_bid, SUM(spread_sum) / SUM(n_quotes) AS avg_spread FROM quotes_daily WHERE sym IN ('AAPL', 'MSFT', 'GOOGL', 'AMZN', 'TSLA', 'META', "
3252551,2026-08-12 18:14:02.787890,0.440905,3252551,quotes_shared.public.mv_tbl__quotes_daily__0,1,84255,56,0,0,0,0,0.3491,70,53,0,0,"SELECT sym, COUNT(*) AS days_traded, SUM(n_quotes) AS total_quotes, MIN(bp_min) AS lowest_bid, MAX(bp_max) AS highest_bid, SUM(spread_sum) / SUM(n_quotes) AS avg_spread FROM quotes_daily WHERE sym IN ('AAPL', 'MSFT', 'GOOGL', 'AMZN', 'TSLA', 'META', "
3252558,2026-08-12 18:14:03.658233,0.151623,3252558,,0,0,67617,0,0,0,0,0.0718,16,28,0,0,"SELECT sym, pct_range FROM ( SELECT sym, (MAX(bp_max) - MIN(bp_min)) / MIN(bp_min) * 100 AS pct_range FROM quotes_daily GROUP BY sym ) t ORDER BY ABS(pct_range) DESC LIMIT 20"
3252558,2026-08-12 18:14:03.658233,0.151623,3252558,quotes_shared.public.mv_tbl__quotes_daily__0,1,84255,74925,0,0,0,0,0.0692,33,94,0,0,"SELECT sym, pct_range FROM ( SELECT sym, (MAX(bp_max) - MIN(bp_min)) / MIN(bp_min) * 100 AS pct_range FROM quotes_daily GROUP BY sym ) t ORDER BY ABS(pct_range) DESC LIMIT 20"
3252565,2026-08-12 18:14:04.244574,0.525943,3252565,,0,0,264,0,0,0,0,0.4481,87,21,0,0,"SELECT day, SUM(n_quotes) AS total_quotes, SUM(bs_sum) + SUM(as_sum) AS total_volume, SUM(spread_sum) / SUM(n_quotes) AS avg_spread FROM quotes_daily GROUP BY day ORDER BY day"
3252565,2026-08-12 18:14:04.244574,0.525943,3252565,quotes_shared.public.mv_tbl__quotes_daily__0,1,84255,74925,0,0,0,0,0.4459,45,42,0,0,"SELECT day, SUM(n_quotes) AS total_quotes, SUM(bs_sum) + SUM(as_sum) AS total_volume, SUM(spread_sum) / SUM(n_quotes) AS avg_spread FROM quotes_daily GROUP BY day ORDER BY day"
3455301,2026-08-12 18:24:06.506572,3.996005,3455301,,0,0,65,0,0,0,0,0.0029,0,27,0,0,"SELECT COALESCE(SUM(n_quotes), 0) FROM quotes_daily"
3455301,2026-08-12 18:24:06.506572,3.996005,3455301,quotes_shared.public.mv_tbl__quotes_daily__0,1,99021,89690,0,0,0,0,1.2640,37,37,0,0,"SELECT COALESCE(SUM(n_quotes), 0) FROM quotes_daily"
3455304,2026-08-12 18:24:10.504355,0.066801,3455304,,0,0,65,0,0,0,0,0.0028,0,20,0,0,SELECT COUNT(*) FROM quotes_daily
3455304,2026-08-12 18:24:10.504355,0.066801,3455304,quotes_shared.public.mv_tbl__quotes_daily__0,1,99021,89690,0,0,0,0,0.0022,42,18,0,0,SELECT COUNT(*) FROM quotes_daily
3455307,2026-08-12 18:24:10.572820,1.574715,3455307,,0,0,65,0,0,0,0,0.0027,0,29,0,0,"SELECT COUNT(*) AS days_traded, SUM(n_quotes) AS total_quotes, MIN(bp_min) AS lowest_bid, MAX(bp_max) AS highest_bid, MIN(ap_min) AS lowest_ask, MAX(ap_max) AS highest_ask, SUM(spread_sum) / SUM(n_quotes) AS avg_spread, SUM(bs_sum) AS total_bid_volum"
3455307,2026-08-12 18:24:10.572820,1.574715,3455307,quotes_shared.public.mv_tbl__quotes_daily__0,1,71212,8,0,0,0,0,1.4965,87,27,0,0,"SELECT COUNT(*) AS days_traded, SUM(n_quotes) AS total_quotes, MIN(bp_min) AS lowest_bid, MAX(bp_max) AS highest_bid, MIN(ap_min) AS lowest_ask, MAX(ap_max) AS highest_ask, SUM(spread_sum) / SUM(n_quotes) AS avg_spread, SUM(bs_sum) AS total_bid_volum"
3455314,2026-08-12 18:24:12.839277,0.517914,3455314,,0,0,63,0,0,0,0,0.4318,92,18,0,0,"SELECT sym, COUNT(*) AS days_traded, SUM(n_quotes) AS total_quotes, MIN(bp_min) AS lowest_bid, MAX(bp_max) AS highest_bid, SUM(spread_sum) / SUM(n_quotes) AS avg_spread FROM quotes_daily WHERE sym IN ('AAPL', 'MSFT', 'GOOGL', 'AMZN', 'TSLA', 'META', "
3455314,2026-08-12 18:24:12.839277,0.517914,3455314,quotes_shared.public.mv_tbl__quotes_daily__0,1,99021,64,0,0,0,0,0.4266,71,58,0,0,"SELECT sym, COUNT(*) AS days_traded, SUM(n_quotes) AS total_quotes, MIN(bp_min) AS lowest_bid, MAX(bp_max) AS highest_bid, SUM(spread_sum) / SUM(n_quotes) AS avg_spread FROM quotes_daily WHERE sym IN ('AAPL', 'MSFT', 'GOOGL', 'AMZN', 'TSLA', 'META', "
3455321,2026-08-12 18:24:13.811198,0.151371,3455321,,0,0,79441,0,0,0,0,0.0705,14,22,0,0,"SELECT sym, pct_range FROM ( SELECT sym, (MAX(bp_max) - MIN(bp_min)) / MIN(bp_min) * 100 AS pct_range FROM quotes_daily GROUP BY sym ) t ORDER BY ABS(pct_range) DESC LIMIT 20"
3455321,2026-08-12 18:24:13.811198,0.151371,3455321,quotes_shared.public.mv_tbl__quotes_daily__0,1,99021,89690,0,0,0,0,0.0664,34,94,0,0,"SELECT sym, pct_range FROM ( SELECT sym, (MAX(bp_max) - MIN(bp_min)) / MIN(bp_min) * 100 AS pct_range FROM quotes_daily GROUP BY sym ) t ORDER BY ABS(pct_range) DESC LIMIT 20"
3455328,2026-08-12 18:24:16.065582,0.645461,3455328,,0,0,329,0,0,0,0,0.5646,84,23,0,0,"SELECT day, SUM(n_quotes) AS total_quotes, SUM(bs_sum) + SUM(as_sum) AS total_volume, SUM(spread_sum) / SUM(n_quotes) AS avg_spread FROM quotes_daily GROUP BY day ORDER BY day"
3455328,2026-08-12 18:24:16.065582,0.645461,3455328,quotes_shared.public.mv_tbl__quotes_daily__0,1,99021,89690,0,0,0,0,0.5599,47,48,0,0,"SELECT day, SUM(n_quotes) AS total_quotes, SUM(bs_sum) + SUM(as_sum) AS total_volume, SUM(spread_sum) / SUM(n_quotes) AS avg_spread FROM quotes_daily GROUP BY day ORDER BY day"
3658373,2026-08-12 18:34:07.295736,2.704835,3658373,,0,0,65,0,0,0,0,0.0158,0,82,0,0,"SELECT COALESCE(SUM(n_quotes), 0) FROM quotes_daily"
3658373,2026-08-12 18:34:07.295736,2.704835,3658373,quotes_shared.public.mv_tbl__quotes_daily__0,1,108918,99776,0,0,0,0,0.7600,49,13,0,0,"SELECT COALESCE(SUM(n_quotes), 0) FROM quotes_daily"
3658376,2026-08-12 18:34:10.002400,0.090213,3658376,,0,0,65,0,0,0,0,0.0023,0,20,0,0,SELECT COUNT(*) FROM quotes_daily
3658376,2026-08-12 18:34:10.002400,0.090213,3658376,quotes_shared.public.mv_tbl__quotes_daily__0,1,108918,99776,0,0,0,0,0.0023,43,49,0,0,SELECT COUNT(*) FROM quotes_daily
3658379,2026-08-12 18:34:10.094205,1.305566,3658379,,0,0,65,0,0,0,0,0.0025,0,25,0,0,"SELECT COUNT(*) AS days_traded, SUM(n_quotes) AS total_quotes, MIN(bp_min) AS lowest_bid, MAX(bp_max) AS highest_bid, MIN(ap_min) AS lowest_ask, MAX(ap_max) AS highest_ask, SUM(spread_sum) / SUM(n_quotes) AS avg_spread, SUM(bs_sum) AS total_bid_volum"
3658379,2026-08-12 18:34:10.094205,1.305566,3658379,quotes_shared.public.mv_tbl__quotes_daily__0,1,80476,9,0,0,0,0,1.2192,85,22,0,0,"SELECT COUNT(*) AS days_traded, SUM(n_quotes) AS total_quotes, MIN(bp_min) AS lowest_bid, MAX(bp_max) AS highest_bid, MIN(ap_min) AS lowest_ask, MAX(ap_max) AS highest_ask, SUM(spread_sum) / SUM(n_quotes) AS avg_spread, SUM(bs_sum) AS total_bid_volum"
3658386,2026-08-12 18:34:12.068492,0.418676,3658386,,0,0,70,0,0,0,0,0.3151,91,92,0,0,"SELECT sym, COUNT(*) AS days_traded, SUM(n_quotes) AS total_quotes, MIN(bp_min) AS lowest_bid, MAX(bp_max) AS highest_bid, SUM(spread_sum) / SUM(n_quotes) AS avg_spread FROM quotes_daily WHERE sym IN ('AAPL', 'MSFT', 'GOOGL', 'AMZN', 'TSLA', 'META', "
3658386,2026-08-12 18:34:12.068492,0.418676,3658386,quotes_shared.public.mv_tbl__quotes_daily__0,1,108918,72,0,0,0,0,0.3022,71,52,0,0,"SELECT sym, COUNT(*) AS days_traded, SUM(n_quotes) AS total_quotes, MIN(bp_min) AS lowest_bid, MAX(bp_max) AS highest_bid, SUM(spread_sum) / SUM(n_quotes) AS avg_spread FROM quotes_daily WHERE sym IN ('AAPL', 'MSFT', 'GOOGL', 'AMZN', 'TSLA', 'META', "
3658393,2026-08-12 18:34:12.929108,0.093887,3658393,,0,0,86466,0,0,0,0,0.0067,16,27,0,0,"SELECT sym, pct_range FROM ( SELECT sym, (MAX(bp_max) - MIN(bp_min)) / MIN(bp_min) * 100 AS pct_range FROM quotes_daily GROUP BY sym ) t ORDER BY ABS(pct_range) DESC LIMIT 20"
3658393,2026-08-12 18:34:12.929108,0.093887,3658393,quotes_shared.public.mv_tbl__quotes_daily__0,1,108918,99776,0,0,0,0,0.0035,33,37,0,0,"SELECT sym, pct_range FROM ( SELECT sym, (MAX(bp_max) - MIN(bp_min)) / MIN(bp_min) * 100 AS pct_range FROM quotes_daily GROUP BY sym ) t ORDER BY ABS(pct_range) DESC LIMIT 20"
3658400,2026-08-12 18:34:13.491670,0.463962,3658400,,0,0,363,0,0,0,0,0.3706,82,68,0,0,"SELECT day, SUM(n_quotes) AS total_quotes, SUM(bs_sum) + SUM(as_sum) AS total_volume, SUM(spread_sum) / SUM(n_quotes) AS avg_spread FROM quotes_daily GROUP BY day ORDER BY day"
3658400,2026-08-12 18:34:13.491670,0.463962,3658400,quotes_shared.public.mv_tbl__quotes_daily__0,1,108918,99776,0,0,0,0,0.3672,43,37,0,0,"SELECT day, SUM(n_quotes) AS total_quotes, SUM(bs_sum) + SUM(as_sum) AS total_volume, SUM(spread_sum) / SUM(n_quotes) AS avg_spread FROM quotes_daily GROUP BY day ORDER BY day"
3861445,2026-08-12 18:44:06.837878,2.979017,3861445,,0,0,65,0,0,0,0,0.0028,0,29,0,0,"SELECT COALESCE(SUM(n_quotes), 0) FROM quotes_daily"
3861445,2026-08-12 18:44:06.837878,2.979017,3861445,quotes_shared.public.mv_tbl__quotes_daily__0,1,109841,109606,0,0,0,0,1.0356,43,27,0,0,"SELECT COALESCE(SUM(n_quotes), 0) FROM quotes_daily"
3861448,2026-08-12 18:44:09.818639,0.077886,3861448,,0,0,65,0,0,0,0,0.0022,0,28,0,0,SELECT COUNT(*) FROM quotes_daily
3861448,2026-08-12 18:44:09.818639,0.077886,3861448,quotes_shared.public.mv_tbl__quotes_daily__0,1,109841,109606,0,0,0,0,0.0019,42,16,0,0,SELECT COUNT(*) FROM quotes_daily
3861451,2026-08-12 18:44:09.898134,1.281683,3861451,,0,0,65,0,0,0,0,0.0026,0,29,0,0,"SELECT COUNT(*) AS days_traded, SUM(n_quotes) AS total_quotes, MIN(bp_min) AS lowest_bid, MAX(bp_max) AS highest_bid, MIN(ap_min) AS lowest_ask, MAX(ap_max) AS highest_ask, SUM(spread_sum) / SUM(n_quotes) AS avg_spread, SUM(bs_sum) AS total_bid_volum"
3861451,2026-08-12 18:44:09.898134,1.281683,3861451,quotes_shared.public.mv_tbl__quotes_daily__0,1,81236,10,0,0,0,0,1.1937,84,22,0,0,"SELECT COUNT(*) AS days_traded, SUM(n_quotes) AS total_quotes, MIN(bp_min) AS lowest_bid, MAX(bp_max) AS highest_bid, MIN(ap_min) AS lowest_ask, MAX(ap_max) AS highest_ask, SUM(spread_sum) / SUM(n_quotes) AS avg_spread, SUM(bs_sum) AS total_bid_volum"
3861458,2026-08-12 18:44:11.866807,0.469427,3861458,,0,0,74,0,0,0,0,0.3748,91,19,0,0,"SELECT sym, COUNT(*) AS days_traded, SUM(n_quotes) AS total_quotes, MIN(bp_min) AS lowest_bid, MAX(bp_max) AS highest_bid, SUM(spread_sum) / SUM(n_quotes) AS avg_spread FROM quotes_daily WHERE sym IN ('AAPL', 'MSFT', 'GOOGL', 'AMZN', 'TSLA', 'META', "
3861458,2026-08-12 18:44:11.866807,0.469427,3861458,quotes_shared.public.mv_tbl__quotes_daily__0,1,109841,80,0,0,0,0,0.3697,58,59,0,0,"SELECT sym, COUNT(*) AS days_traded, SUM(n_quotes) AS total_quotes, MIN(bp_min) AS lowest_bid, MAX(bp_max) AS highest_bid, SUM(spread_sum) / SUM(n_quotes) AS avg_spread FROM quotes_daily WHERE sym IN ('AAPL', 'MSFT', 'GOOGL', 'AMZN', 'TSLA', 'META', "
3861465,2026-08-12 18:44:12.789165,0.094817,3861465,,0,0,93610,0,0,0,0,0.0077,12,33,0,0,"SELECT sym, pct_range FROM ( SELECT sym, (MAX(bp_max) - MIN(bp_min)) / MIN(bp_min) * 100 AS pct_range FROM quotes_daily GROUP BY sym ) t ORDER BY ABS(pct_range) DESC LIMIT 20"
3861465,2026-08-12 18:44:12.789165,0.094817,3861465,quotes_shared.public.mv_tbl__quotes_daily__0,1,109841,109606,0,0,0,0,0.0040,30,34,0,0,"SELECT sym, pct_range FROM ( SELECT sym, (MAX(bp_max) - MIN(bp_min)) / MIN(bp_min) * 100 AS pct_range FROM quotes_daily GROUP BY sym ) t ORDER BY ABS(pct_range) DESC LIMIT 20"
3861472,2026-08-12 18:44:13.325545,0.37079,3861472,,0,0,395,0,0,0,0,0.2876,81,27,0,0,"SELECT day, SUM(n_quotes) AS total_quotes, SUM(bs_sum) + SUM(as_sum) AS total_volume, SUM(spread_sum) / SUM(n_quotes) AS avg_spread FROM quotes_daily GROUP BY day ORDER BY day"
3861472,2026-08-12 18:44:13.325545,0.37079,3861472,quotes_shared.public.mv_tbl__quotes_daily__0,1,109841,109606,0,0,0,0,0.2831,50,23,0,0,"SELECT day, SUM(n_quotes) AS total_quotes, SUM(bs_sum) + SUM(as_sum) AS total_volume, SUM(spread_sum) / SUM(n_quotes) AS avg_spread FROM quotes_daily GROUP BY day ORDER BY day"
4064520,2026-08-12 18:54:07.338939,2.515553,4064520,,0,0,65,0,0,0,0,0.0273,0,77,0,0,"SELECT COALESCE(SUM(n_quotes), 0) FROM quotes_daily"
4064520,2026-08-12 18:54:07.338939,2.515553,4064520,quotes_shared.public.mv_tbl__quotes_daily__0,1,137440,118527,0,0,0,0,0.4621,63,29,0,0,"SELECT COALESCE(SUM(n_quotes), 0) FROM quotes_daily"
4064517,2026-08-12 18:54:07.338940,2.515856,4064517,,0,0,65,0,0,0,0,0.0290,0,46,0,0,"SELECT COALESCE(SUM(n_quotes), 0) FROM quotes_daily"
4064517,2026-08-12 18:54:07.338940,2.515856,4064517,quotes_shared.public.mv_tbl__quotes_daily__0,1,137440,118527,0,0,0,0,0.7201,48,18,0,0,"SELECT COALESCE(SUM(n_quotes), 0) FROM quotes_daily"
4064524,2026-08-12 18:54:09.856431,0.137426,4064524,,0,0,65,0,0,0,0,0.0222,0,29,0,0,SELECT COUNT(*) FROM quotes_daily
4064524,2026-08-12 18:54:09.856431,0.137426,4064524,quotes_shared.public.mv_tbl__quotes_daily__0,1,137440,118527,0,0,0,0,0.0064,60,43,0,0,SELECT COUNT(*) FROM quotes_daily
4064523,2026-08-12 18:54:09.856447,0.131475,4064523,,0,0,65,0,0,0,0,0.0168,0,30,0,0,SELECT COUNT(*) FROM quotes_daily
4064523,2026-08-12 18:54:09.856447,0.131475,4064523,quotes_shared.public.mv_tbl__quotes_daily__0,1,137440,118527,0,0,0,0,0.0057,61,34,0,0,SELECT COUNT(*) FROM quotes_daily
4064529,2026-08-12 18:54:09.989767,2.302652,4064529,,0,0,65,0,0,0,0,0.0094,0,24,0,0,"SELECT COUNT(*) AS days_traded, SUM(n_quotes) AS total_quotes, MIN(bp_min) AS lowest_bid, MAX(bp_max) AS highest_bid, MIN(ap_min) AS lowest_ask, MAX(ap_max) AS highest_ask, SUM(spread_sum) / SUM(n_quotes) AS avg_spread, SUM(bs_sum) AS total_bid_volum"
4064529,2026-08-12 18:54:09.989767,2.302652,4064529,quotes_shared.public.mv_tbl__quotes_daily__0,1,108789,11,0,0,0,0,2.1979,82,17,0,0,"SELECT COUNT(*) AS days_traded, SUM(n_quotes) AS total_quotes, MIN(bp_min) AS lowest_bid, MAX(bp_max) AS highest_bid, MIN(ap_min) AS lowest_ask, MAX(ap_max) AS highest_ask, SUM(spread_sum) / SUM(n_quotes) AS avg_spread, SUM(bs_sum) AS total_bid_volum"
4064532,2026-08-12 18:54:09.995575,31.239792,4064532,,0,0,19132107,0,0,0,0,30.3410,54,51,0,0,"WITH src AS ( SELECT DATE_TRUNC('hour', TIMESTAMP 'epoch' + t / 1000 * INTERVAL '1 second') AS hour, bp, bs, ap, t FROM quotes_typed WHERE sym = 'AAPL' ), ranked AS ( SELECT hour, bp, bs, ap, ROW_NUMBER() OVER (PARTITION BY hour ORDER BY t ASC) AS rn"
4064532,2026-08-12 18:54:09.995575,31.239792,4064532,quotes_shared.public.mv_tbl__quotes_typed__0,1,2731026407,6377369,0,0,0,0,30.2631,15,4,0,0,"WITH src AS ( SELECT DATE_TRUNC('hour', TIMESTAMP 'epoch' + t / 1000 * INTERVAL '1 second') AS hour, bp, bs, ap, t FROM quotes_typed WHERE sym = 'AAPL' ), ranked AS ( SELECT hour, bp, bs, ap, ROW_NUMBER() OVER (PARTITION BY hour ORDER BY t ASC) AS rn"
4064539,2026-08-12 18:54:13.275550,0.515025,4064539,,0,0,79,0,0,0,0,0.3835,92,36,0,0,"SELECT sym, COUNT(*) AS days_traded, SUM(n_quotes) AS total_quotes, MIN(bp_min) AS lowest_bid, MAX(bp_max) AS highest_bid, SUM(spread_sum) / SUM(n_quotes) AS avg_spread FROM quotes_daily WHERE sym IN ('AAPL', 'MSFT', 'GOOGL', 'AMZN', 'TSLA', 'META', "
4064539,2026-08-12 18:54:13.275550,0.515025,4064539,quotes_shared.public.mv_tbl__quotes_daily__0,1,137440,87,0,0,0,0,0.3721,69,62,0,0,"SELECT sym, COUNT(*) AS days_traded, SUM(n_quotes) AS total_quotes, MIN(bp_min) AS lowest_bid, MAX(bp_max) AS highest_bid, SUM(spread_sum) / SUM(n_quotes) AS avg_spread FROM quotes_daily WHERE sym IN ('AAPL', 'MSFT', 'GOOGL', 'AMZN', 'TSLA', 'META', "
4064546,2026-08-12 18:54:15.184089,0.31755,4064546,,0,0,99544,0,0,0,0,0.0174,12,28,0,0,"SELECT sym, pct_range FROM ( SELECT sym, (MAX(bp_max) - MIN(bp_min)) / MIN(bp_min) * 100 AS pct_range FROM quotes_daily GROUP BY sym ) t ORDER BY ABS(pct_range) DESC LIMIT 20"
4064546,2026-08-12 18:54:15.184089,0.31755,4064546,quotes_shared.public.mv_tbl__quotes_daily__0,1,137440,118527,0,0,0,0,0.0061,47,46,0,0,"SELECT sym, pct_range FROM ( SELECT sym, (MAX(bp_max) - MIN(bp_min)) / MIN(bp_min) * 100 AS pct_range FROM quotes_daily GROUP BY sym ) t ORDER BY ABS(pct_range) DESC LIMIT 20"
4064553,2026-08-12 18:54:15.959855,0.57512,4064553,,0,0,429,0,0,0,0,0.4719,79,29,0,0,"SELECT day, SUM(n_quotes) AS total_quotes, SUM(bs_sum) + SUM(as_sum) AS total_volume, SUM(spread_sum) / SUM(n_quotes) AS avg_spread FROM quotes_daily GROUP BY day ORDER BY day"
4064553,2026-08-12 18:54:15.959855,0.57512,4064553,quotes_shared.public.mv_tbl__quotes_daily__0,1,137440,118527,0,0,0,0,0.4541,51,36,0,0,"SELECT day, SUM(n_quotes) AS total_quotes, SUM(bs_sum) + SUM(as_sum) AS total_volume, SUM(spread_sum) / SUM(n_quotes) AS avg_spread FROM quotes_daily GROUP BY day ORDER BY day"
4064581,2026-08-12 18:54:41.710121,5.951837,4064581,,0,0,97,0,0,0,0,0.0516,0,33,0,0,"WITH s AS ( SELECT (ap - bp) AS spread, (bp + ap) / 2.0 AS mid, bs AS bs, ""as"" AS az FROM quotes_typed WHERE sym = 'AAPL' ), agg AS ( SELECT COUNT(*)::float8 AS n, SUM(spread) AS s1, SUM(POWER(spread, 2)) AS s2, SUM(POWER(spread, 3)) AS s3, SUM(POWER"
4064581,2026-08-12 18:54:41.710121,5.951837,4064581,quotes_shared.public.mv_tbl__quotes_typed__0,1,2746876505,6405180,0,0,0,0,4.0923,35,9,0,0,"WITH s AS ( SELECT (ap - bp) AS spread, (bp + ap) / 2.0 AS mid, bs AS bs, ""as"" AS az FROM quotes_typed WHERE sym = 'AAPL' ), agg AS ( SELECT COUNT(*)::float8 AS n, SUM(spread) AS s1, SUM(POWER(spread, 2)) AS s2, SUM(POWER(spread, 3)) AS s3, SUM(POWER"
4064590,2026-08-12 18:54:48.118539,29.389882,4064590,,0,0,19345902,0,0,0,0,27.8103,53,55,0,0,"WITH src AS ( SELECT DATE_TRUNC('hour', TIMESTAMP 'epoch' + payload.t::bigint / 1000 * INTERVAL '1 second') AS hour, payload.bp::float8 AS bp, payload.bs::bigint AS bs, payload.ap::float8 AS ap, payload.t::bigint AS t FROM quotes_streamed WHERE sym ="
4064590,2026-08-12 18:54:48.118539,29.389882,4064590,quotes_shared.public.mv_tbl__quotes_streamed__0,1,7229749554,6448634,0,0,0,0,27.6840,8,2,0,0,"WITH src AS ( SELECT DATE_TRUNC('hour', TIMESTAMP 'epoch' + payload.t::bigint / 1000 * INTERVAL '1 second') AS hour, payload.bp::float8 AS bp, payload.bs::bigint AS bs, payload.ap::float8 AS ap, payload.t::bigint AS t FROM quotes_streamed WHERE sym ="
4064609,2026-08-12 18:55:17.999317,118.541744,4064609,,0,0,97,0,0,0,0,0.0783,0,26,0,0,"WITH s AS ( SELECT (payload.ap::float8 - payload.bp::float8) AS spread, (payload.bp::float8 + payload.ap::float8) / 2.0 AS mid, payload.bs::bigint AS bs, payload.""as""::bigint AS az FROM quotes_streamed WHERE sym = 'AAPL' ), agg AS ( SELECT COUNT(*)::"
4064609,2026-08-12 18:55:17.999317,118.541744,4064609,quotes_shared.public.mv_tbl__quotes_streamed__0,1,7259130328,6469572,0,0,0,0,116.8582,9,4,0,0,"WITH s AS ( SELECT (payload.ap::float8 - payload.bp::float8) AS spread, (payload.bp::float8 + payload.ap::float8) / 2.0 AS mid, payload.bs::bigint AS bs, payload.""as""::bigint AS az FROM quotes_streamed WHERE sym = 'AAPL' ), agg AS ( SELECT COUNT(*)::"
4267589,2026-08-12 19:04:07.358820,2.963264,4267589,,0,0,65,0,0,0,0,0.0125,0,27,0,0,"SELECT COALESCE(SUM(n_quotes), 0) FROM quotes_daily"
4267589,2026-08-12 19:04:07.358820,2.963264,4267589,quotes_shared.public.mv_tbl__quotes_daily__0,1,129689,120344,0,0,0,0,1.0410,38,34,0,0,"SELECT COALESCE(SUM(n_quotes), 0) FROM quotes_daily"
4267592,2026-08-12 19:04:10.323739,0.086675,4267592,,0,0,65,0,0,0,0,0.0073,0,36,0,0,SELECT COUNT(*) FROM quotes_daily
4267592,2026-08-12 19:04:10.323739,0.086675,4267592,quotes_shared.public.mv_tbl__quotes_daily__0,1,129689,120344,0,0,0,0,0.0019,39,23,0,0,SELECT COUNT(*) FROM quotes_daily
4267595,2026-08-12 19:04:10.412065,1.587553,4267595,,0,0,65,0,0,0,0,0.0025,0,37,0,0,"SELECT COUNT(*) AS days_traded, SUM(n_quotes) AS total_quotes, MIN(bp_min) AS lowest_bid, MAX(bp_max) AS highest_bid, MIN(ap_min) AS lowest_ask, MAX(ap_max) AS highest_ask, SUM(spread_sum) / SUM(n_quotes) AS avg_spread, SUM(bs_sum) AS total_bid_volum"
4267595,2026-08-12 19:04:10.412065,1.587553,4267595,quotes_shared.public.mv_tbl__quotes_daily__0,1,102674,11,0,0,0,0,1.4958,88,23,0,0,"SELECT COUNT(*) AS days_traded, SUM(n_quotes) AS total_quotes, MIN(bp_min) AS lowest_bid, MAX(bp_max) AS highest_bid, MIN(ap_min) AS lowest_ask, MAX(ap_max) AS highest_ask, SUM(spread_sum) / SUM(n_quotes) AS avg_spread, SUM(bs_sum) AS total_bid_volum"
4267602,2026-08-12 19:04:12.689626,0.428464,4267602,,0,0,76,0,0,0,0,0.3249,91,21,0,0,"SELECT sym, COUNT(*) AS days_traded, SUM(n_quotes) AS total_quotes, MIN(bp_min) AS lowest_bid, MAX(bp_max) AS highest_bid, SUM(spread_sum) / SUM(n_quotes) AS avg_spread FROM quotes_daily WHERE sym IN ('AAPL', 'MSFT', 'GOOGL', 'AMZN', 'TSLA', 'META', "
4267602,2026-08-12 19:04:12.689626,0.428464,4267602,quotes_shared.public.mv_tbl__quotes_daily__0,1,129689,88,0,0,0,0,0.3200,69,59,0,0,"SELECT sym, COUNT(*) AS days_traded, SUM(n_quotes) AS total_quotes, MIN(bp_min) AS lowest_bid, MAX(bp_max) AS highest_bid, SUM(spread_sum) / SUM(n_quotes) AS avg_spread FROM quotes_daily WHERE sym IN ('AAPL', 'MSFT', 'GOOGL', 'AMZN', 'TSLA', 'META', "
4267609,2026-08-12 19:04:13.521768,0.089725,4267609,,0,0,101842,0,0,0,0,0.0086,11,34,0,0,"SELECT sym, pct_range FROM ( SELECT sym, (MAX(bp_max) - MIN(bp_min)) / MIN(bp_min) * 100 AS pct_range FROM quotes_daily GROUP BY sym ) t ORDER BY ABS(pct_range) DESC LIMIT 20"
4267609,2026-08-12 19:04:13.521768,0.089725,4267609,quotes_shared.public.mv_tbl__quotes_daily__0,1,129689,120344,0,0,0,0,0.0042,27,42,0,0,"SELECT sym, pct_range FROM ( SELECT sym, (MAX(bp_max) - MIN(bp_min)) / MIN(bp_min) * 100 AS pct_range FROM quotes_daily GROUP BY sym ) t ORDER BY ABS(pct_range) DESC LIMIT 20"
4267616,2026-08-12 19:04:14.015678,0.554676,4267616,,0,0,429,0,0,0,0,0.4757,79,28,0,0,"SELECT day, SUM(n_quotes) AS total_quotes, SUM(bs_sum) + SUM(as_sum) AS total_volume, SUM(spread_sum) / SUM(n_quotes) AS avg_spread FROM quotes_daily GROUP BY day ORDER BY day"
4267616,2026-08-12 19:04:14.015678,0.554676,4267616,quotes_shared.public.mv_tbl__quotes_daily__0,1,129689,120344,0,0,0,0,0.4717,35,47,0,0,"SELECT day, SUM(n_quotes) AS total_quotes, SUM(bs_sum) + SUM(as_sum) AS total_volume, SUM(spread_sum) / SUM(n_quotes) AS avg_spread FROM quotes_daily GROUP BY day ORDER BY day"
4470661,2026-08-12 19:14:06.360046,4.157236,4470661,,0,0,65,0,0,0,0,0.0028,0,31,0,0,"SELECT COALESCE(SUM(n_quotes), 0) FROM quotes_daily"
4470661,2026-08-12 19:14:06.360046,4.157236,4470661,quotes_shared.public.mv_tbl__quotes_daily__0,1,148842,130382,0,0,0,0,0.7583,43,31,0,0,"SELECT COALESCE(SUM(n_quotes), 0) FROM quotes_daily"
4470664,2026-08-12 19:14:10.519009,0.085445,4470664,,0,0,65,0,0,0,0,0.0217,0,70,0,0,SELECT COUNT(*) FROM quotes_daily
4470664,2026-08-12 19:14:10.519009,0.085445,4470664,quotes_shared.public.mv_tbl__quotes_daily__0,1,148814,130382,0,0,0,0,0.0018,27,12,0,0,SELECT COUNT(*) FROM quotes_daily
4470667,2026-08-12 19:14:10.606025,1.424835,4470667,,0,0,65,0,0,0,0,0.0026,0,30,0,0,"SELECT COUNT(*) AS days_traded, SUM(n_quotes) AS total_quotes, MIN(bp_min) AS lowest_bid, MAX(bp_max) AS highest_bid, MIN(ap_min) AS lowest_ask, MAX(ap_max) AS highest_ask, SUM(spread_sum) / SUM(n_quotes) AS avg_spread, SUM(bs_sum) AS total_bid_volum"
4470667,2026-08-12 19:14:10.606025,1.424835,4470667,quotes_shared.public.mv_tbl__quotes_daily__0,1,124345,12,0,0,0,0,1.3359,81,25,0,0,"SELECT COUNT(*) AS days_traded, SUM(n_quotes) AS total_quotes, MIN(bp_min) AS lowest_bid, MAX(bp_max) AS highest_bid, MIN(ap_min) AS lowest_ask, MAX(ap_max) AS highest_ask, SUM(spread_sum) / SUM(n_quotes) AS avg_spread, SUM(bs_sum) AS total_bid_volum"
4470674,2026-08-12 19:14:12.744471,0.352657,4470674,,0,0,82,0,0,0,0,0.2582,91,22,0,0,"SELECT sym, COUNT(*) AS days_traded, SUM(n_quotes) AS total_quotes, MIN(bp_min) AS lowest_bid, MAX(bp_max) AS highest_bid, SUM(spread_sum) / SUM(n_quotes) AS avg_spread FROM quotes_daily WHERE sym IN ('AAPL', 'MSFT', 'GOOGL', 'AMZN', 'TSLA', 'META', "
4470674,2026-08-12 19:14:12.744471,0.352657,4470674,quotes_shared.public.mv_tbl__quotes_daily__0,1,148842,96,0,0,0,0,0.2543,66,60,0,0,"SELECT sym, COUNT(*) AS days_traded, SUM(n_quotes) AS total_quotes, MIN(bp_min) AS lowest_bid, MAX(bp_max) AS highest_bid, SUM(spread_sum) / SUM(n_quotes) AS avg_spread FROM quotes_daily WHERE sym IN ('AAPL', 'MSFT', 'GOOGL', 'AMZN', 'TSLA', 'META', "
4470681,2026-08-12 19:14:13.569574,0.101261,4470681,,0,0,108009,0,0,0,0,0.0151,11,27,0,0,"SELECT sym, pct_range FROM ( SELECT sym, (MAX(bp_max) - MIN(bp_min)) / MIN(bp_min) * 100 AS pct_range FROM quotes_daily GROUP BY sym ) t ORDER BY ABS(pct_range) DESC LIMIT 20"
4470681,2026-08-12 19:14:13.569574,0.101261,4470681,quotes_shared.public.mv_tbl__quotes_daily__0,1,148842,130382,0,0,0,0,0.0118,29,26,0,0,"SELECT sym, pct_range FROM ( SELECT sym, (MAX(bp_max) - MIN(bp_min)) / MIN(bp_min) * 100 AS pct_range FROM quotes_daily GROUP BY sym ) t ORDER BY ABS(pct_range) DESC LIMIT 20"
4470688,2026-08-12 19:14:14.141450,0.450517,4470688,,0,0,462,0,0,0,0,0.3640,78,28,0,0,"SELECT day, SUM(n_quotes) AS total_quotes, SUM(bs_sum) + SUM(as_sum) AS total_volume, SUM(spread_sum) / SUM(n_quotes) AS avg_spread FROM quotes_daily GROUP BY day ORDER BY day"
4470688,2026-08-12 19:14:14.141450,0.450517,4470688,quotes_shared.public.mv_tbl__quotes_daily__0,1,148842,130382,0,0,0,0,0.3607,38,41,0,0,"SELECT day, SUM(n_quotes) AS total_quotes, SUM(bs_sum) + SUM(as_sum) AS total_volume, SUM(spread_sum) / SUM(n_quotes) AS avg_spread FROM quotes_daily GROUP BY day ORDER BY day"
4673733,2026-08-12 19:24:07.507064,2.83166,4673733,,0,0,65,0,0,0,0,0.0047,0,30,0,0,"SELECT COALESCE(SUM(n_quotes), 0) FROM quotes_daily"
4673733,2026-08-12 19:24:07.507064,2.83166,4673733,quotes_shared.public.mv_tbl__quotes_daily__0,1,163022,144583,0,0,0,0,0.9055,39,17,0,0,"SELECT COALESCE(SUM(n_quotes), 0) FROM quotes_daily"
4673736,2026-08-12 19:24:10.340482,0.074972,4673736,,0,0,65,0,0,0,0,0.0026,0,22,0,0,SELECT COUNT(*) FROM quotes_daily
4673736,2026-08-12 19:24:10.340482,0.074972,4673736,quotes_shared.public.mv_tbl__quotes_daily__0,1,162929,144583,0,0,0,0,0.0017,37,14,0,0,SELECT COUNT(*) FROM quotes_daily
4673739,2026-08-12 19:24:10.417127,2.26285,4673739,,0,0,65,0,0,0,0,0.0029,0,26,0,0,"SELECT COUNT(*) AS days_traded, SUM(n_quotes) AS total_quotes, MIN(bp_min) AS lowest_bid, MAX(bp_max) AS highest_bid, MIN(ap_min) AS lowest_ask, MAX(ap_max) AS highest_ask, SUM(spread_sum) / SUM(n_quotes) AS avg_spread, SUM(bs_sum) AS total_bid_volum"
4673739,2026-08-12 19:24:10.417127,2.26285,4673739,quotes_shared.public.mv_tbl__quotes_daily__0,1,140875,13,0,0,0,0,2.1767,86,33,0,0,"SELECT COUNT(*) AS days_traded, SUM(n_quotes) AS total_quotes, MIN(bp_min) AS lowest_bid, MAX(bp_max) AS highest_bid, MIN(ap_min) AS lowest_ask, MAX(ap_max) AS highest_ask, SUM(spread_sum) / SUM(n_quotes) AS avg_spread, SUM(bs_sum) AS total_bid_volum"
4673746,2026-08-12 19:24:13.687749,0.433187,4673746,,0,0,84,0,0,0,0,0.3375,91,26,0,0,"SELECT sym, COUNT(*) AS days_traded, SUM(n_quotes) AS total_quotes, MIN(bp_min) AS lowest_bid, MAX(bp_max) AS highest_bid, SUM(spread_sum) / SUM(n_quotes) AS avg_spread FROM quotes_daily WHERE sym IN ('AAPL', 'MSFT', 'GOOGL', 'AMZN', 'TSLA', 'META', "
4673746,2026-08-12 19:24:13.687749,0.433187,4673746,quotes_shared.public.mv_tbl__quotes_daily__0,1,163022,104,0,0,0,0,0.3317,63,69,0,0,"SELECT sym, COUNT(*) AS days_traded, SUM(n_quotes) AS total_quotes, MIN(bp_min) AS lowest_bid, MAX(bp_max) AS highest_bid, SUM(spread_sum) / SUM(n_quotes) AS avg_spread FROM quotes_daily WHERE sym IN ('AAPL', 'MSFT', 'GOOGL', 'AMZN', 'TSLA', 'META', "
4673753,2026-08-12 19:24:14.890152,0.089364,4673753,,0,0,116991,0,0,0,0,0.0075,16,47,0,0,"SELECT sym, pct_range FROM ( SELECT sym, (MAX(bp_max) - MIN(bp_min)) / MIN(bp_min) * 100 AS pct_range FROM quotes_daily GROUP BY sym ) t ORDER BY ABS(pct_range) DESC LIMIT 20"
4673753,2026-08-12 19:24:14.890152,0.089364,4673753,quotes_shared.public.mv_tbl__quotes_daily__0,1,163022,144583,0,0,0,0,0.0041,26,38,0,0,"SELECT sym, pct_range FROM ( SELECT sym, (MAX(bp_max) - MIN(bp_min)) / MIN(bp_min) * 100 AS pct_range FROM quotes_daily GROUP BY sym ) t ORDER BY ABS(pct_range) DESC LIMIT 20"
4673760,2026-08-12 19:24:15.684095,0.486575,4673760,,0,0,528,0,0,0,0,0.4049,75,21,0,0,"SELECT day, SUM(n_quotes) AS total_quotes, SUM(bs_sum) + SUM(as_sum) AS total_volume, SUM(spread_sum) / SUM(n_quotes) AS avg_spread FROM quotes_daily GROUP BY day ORDER BY day"
4673760,2026-08-12 19:24:15.684095,0.486575,4673760,quotes_shared.public.mv_tbl__quotes_daily__0,1,163022,144583,0,0,0,0,0.4009,37,38,0,0,"SELECT day, SUM(n_quotes) AS total_quotes, SUM(bs_sum) + SUM(as_sum) AS total_volume, SUM(spread_sum) / SUM(n_quotes) AS avg_spread FROM quotes_daily GROUP BY day ORDER BY day"
4876805,2026-08-12 19:34:07.563641,3.060615,4876805,,0,0,65,0,0,0,0,0.0037,0,31,0,0,"SELECT COALESCE(SUM(n_quotes), 0) FROM quotes_daily"
4876805,2026-08-12 19:34:07.563641,3.060615,4876805,quotes_shared.public.mv_tbl__quotes_daily__0,1,163661,154554,0,0,0,0,1.1056,46,34,0,0,"SELECT COALESCE(SUM(n_quotes), 0) FROM quotes_daily"
4876808,2026-08-12 19:34:10.626039,0.07268,4876808,,0,0,65,0,0,0,0,0.0027,0,16,0,0,SELECT COUNT(*) FROM quotes_daily
4876808,2026-08-12 19:34:10.626039,0.07268,4876808,quotes_shared.public.mv_tbl__quotes_daily__0,1,163649,154554,0,0,0,0,0.0025,48,24,0,0,SELECT COUNT(*) FROM quotes_daily
4876811,2026-08-12 19:34:10.700303,1.435634,4876811,,0,0,65,0,0,0,0,0.0028,0,31,0,0,"SELECT COUNT(*) AS days_traded, SUM(n_quotes) AS total_quotes, MIN(bp_min) AS lowest_bid, MAX(bp_max) AS highest_bid, MIN(ap_min) AS lowest_ask, MAX(ap_max) AS highest_ask, SUM(spread_sum) / SUM(n_quotes) AS avg_spread, SUM(bs_sum) AS total_bid_volum"
4876811,2026-08-12 19:34:10.700303,1.435634,4876811,quotes_shared.public.mv_tbl__quotes_daily__0,1,145026,14,0,0,0,0,1.3562,78,21,0,0,"SELECT COUNT(*) AS days_traded, SUM(n_quotes) AS total_quotes, MIN(bp_min) AS lowest_bid, MAX(bp_max) AS highest_bid, MIN(ap_min) AS lowest_ask, MAX(ap_max) AS highest_ask, SUM(spread_sum) / SUM(n_quotes) AS avg_spread, SUM(bs_sum) AS total_bid_volum"
4876818,2026-08-12 19:34:12.820243,0.366592,4876818,,0,0,99,0,0,0,0,0.2773,91,22,0,0,"SELECT sym, COUNT(*) AS days_traded, SUM(n_quotes) AS total_quotes, MIN(bp_min) AS lowest_bid, MAX(bp_max) AS highest_bid, SUM(spread_sum) / SUM(n_quotes) AS avg_spread FROM quotes_daily WHERE sym IN ('AAPL', 'MSFT', 'GOOGL', 'AMZN', 'TSLA', 'META', "
4876818,2026-08-12 19:34:12.820243,0.366592,4876818,quotes_shared.public.mv_tbl__quotes_daily__0,1,163661,112,0,0,0,0,0.2720,65,71,0,0,"SELECT sym, COUNT(*) AS days_traded, SUM(n_quotes) AS total_quotes, MIN(bp_min) AS lowest_bid, MAX(bp_max) AS highest_bid, SUM(spread_sum) / SUM(n_quotes) AS avg_spread FROM quotes_daily WHERE sym IN ('AAPL', 'MSFT', 'GOOGL', 'AMZN', 'TSLA', 'META', "
4876825,2026-08-12 19:34:13.621552,0.091795,4876825,,0,0,123564,0,0,0,0,0.0085,15,30,0,0,"SELECT sym, pct_range FROM ( SELECT sym, (MAX(bp_max) - MIN(bp_min)) / MIN(bp_min) * 100 AS pct_range FROM quotes_daily GROUP BY sym ) t ORDER BY ABS(pct_range) DESC LIMIT 20"
4876825,2026-08-12 19:34:13.621552,0.091795,4876825,quotes_shared.public.mv_tbl__quotes_daily__0,1,163661,154554,0,0,0,0,0.0045,27,36,0,0,"SELECT sym, pct_range FROM ( SELECT sym, (MAX(bp_max) - MIN(bp_min)) / MIN(bp_min) * 100 AS pct_range FROM quotes_daily GROUP BY sym ) t ORDER BY ABS(pct_range) DESC LIMIT 20"
4876832,2026-08-12 19:34:14.161459,0.418052,4876832,,0,0,561,0,0,0,0,0.3395,73,27,0,0,"SELECT day, SUM(n_quotes) AS total_quotes, SUM(bs_sum) + SUM(as_sum) AS total_volume, SUM(spread_sum) / SUM(n_quotes) AS avg_spread FROM quotes_daily GROUP BY day ORDER BY day"
4876832,2026-08-12 19:34:14.161459,0.418052,4876832,quotes_shared.public.mv_tbl__quotes_daily__0,1,163661,154554,0,0,0,0,0.3351,36,39,0,0,"SELECT day, SUM(n_quotes) AS total_quotes, SUM(bs_sum) + SUM(as_sum) AS total_volume, SUM(spread_sum) / SUM(n_quotes) AS avg_spread FROM quotes_daily GROUP BY day ORDER BY day"
5079877,2026-08-12 19:44:07.275753,2.925859,5079877,,0,0,65,0,0,0,0,0.0056,0,61,0,0,"SELECT COALESCE(SUM(n_quotes), 0) FROM quotes_daily"
5079877,2026-08-12 19:44:07.275753,2.925859,5079877,quotes_shared.public.mv_tbl__quotes_daily__0,1,172668,164181,0,0,0,0,0.8599,46,18,0,0,"SELECT COALESCE(SUM(n_quotes), 0) FROM quotes_daily"
5079880,2026-08-12 19:44:10.203379,0.099534,5079880,,0,0,65,0,0,0,0,0.0147,0,35,0,0,SELECT COUNT(*) FROM quotes_daily
5079880,2026-08-12 19:44:10.203379,0.099534,5079880,quotes_shared.public.mv_tbl__quotes_daily__0,1,172668,164181,0,0,0,0,0.0045,38,54,0,0,SELECT COUNT(*) FROM quotes_daily
5079883,2026-08-12 19:44:10.304633,1.769124,5079883,,0,0,65,0,0,0,0,0.0023,0,27,0,0,"SELECT COUNT(*) AS days_traded, SUM(n_quotes) AS total_quotes, MIN(bp_min) AS lowest_bid, MAX(bp_max) AS highest_bid, MIN(ap_min) AS lowest_ask, MAX(ap_max) AS highest_ask, SUM(spread_sum) / SUM(n_quotes) AS avg_spread, SUM(bs_sum) AS total_bid_volum"
5079883,2026-08-12 19:44:10.304633,1.769124,5079883,quotes_shared.public.mv_tbl__quotes_daily__0,1,156257,15,0,0,0,0,1.6741,84,32,0,0,"SELECT COUNT(*) AS days_traded, SUM(n_quotes) AS total_quotes, MIN(bp_min) AS lowest_bid, MAX(bp_max) AS highest_bid, MIN(ap_min) AS lowest_ask, MAX(ap_max) AS highest_ask, SUM(spread_sum) / SUM(n_quotes) AS avg_spread, SUM(bs_sum) AS total_bid_volum"
5079890,2026-08-12 19:44:12.747872,0.385671,5079890,,0,0,101,0,0,0,0,0.2934,92,23,0,0,"SELECT sym, COUNT(*) AS days_traded, SUM(n_quotes) AS total_quotes, MIN(bp_min) AS lowest_bid, MAX(bp_max) AS highest_bid, SUM(spread_sum) / SUM(n_quotes) AS avg_spread FROM quotes_daily WHERE sym IN ('AAPL', 'MSFT', 'GOOGL', 'AMZN', 'TSLA', 'META', "
5079890,2026-08-12 19:44:12.747872,0.385671,5079890,quotes_shared.public.mv_tbl__quotes_daily__0,1,172668,120,0,0,0,0,0.2890,58,76,0,0,"SELECT sym, COUNT(*) AS days_traded, SUM(n_quotes) AS total_quotes, MIN(bp_min) AS lowest_bid, MAX(bp_max) AS highest_bid, SUM(spread_sum) / SUM(n_quotes) AS avg_spread FROM quotes_daily WHERE sym IN ('AAPL', 'MSFT', 'GOOGL', 'AMZN', 'TSLA', 'META', "
5079897,2026-08-12 19:44:13.611351,0.091603,5079897,,0,0,129667,0,0,0,0,0.0068,15,22,0,0,"SELECT sym, pct_range FROM ( SELECT sym, (MAX(bp_max) - MIN(bp_min)) / MIN(bp_min) * 100 AS pct_range FROM quotes_daily GROUP BY sym ) t ORDER BY ABS(pct_range) DESC LIMIT 20"
5079897,2026-08-12 19:44:13.611351,0.091603,5079897,quotes_shared.public.mv_tbl__quotes_daily__0,1,172668,164181,0,0,0,0,0.0033,26,28,0,0,"SELECT sym, pct_range FROM ( SELECT sym, (MAX(bp_max) - MIN(bp_min)) / MIN(bp_min) * 100 AS pct_range FROM quotes_daily GROUP BY sym ) t ORDER BY ABS(pct_range) DESC LIMIT 20"
5079904,2026-08-12 19:44:14.137295,0.387764,5079904,,0,0,592,0,0,0,0,0.3067,71,28,0,0,"SELECT day, SUM(n_quotes) AS total_quotes, SUM(bs_sum) + SUM(as_sum) AS total_volume, SUM(spread_sum) / SUM(n_quotes) AS avg_spread FROM quotes_daily GROUP BY day ORDER BY day"
5079904,2026-08-12 19:44:14.137295,0.387764,5079904,quotes_shared.public.mv_tbl__quotes_daily__0,1,172668,164181,0,0,0,0,0.3033,38,29,0,0,"SELECT day, SUM(n_quotes) AS total_quotes, SUM(bs_sum) + SUM(as_sum) AS total_volume, SUM(spread_sum) / SUM(n_quotes) AS avg_spread FROM quotes_daily GROUP BY day ORDER BY day"
5282949,2026-08-12 19:54:07.780435,2.900781,5282949,,0,0,65,0,0,0,0,0.0033,0,26,0,0,"SELECT COALESCE(SUM(n_quotes), 0) FROM quotes_daily"
5282949,2026-08-12 19:54:07.780435,2.900781,5282949,quotes_shared.public.mv_tbl__quotes_daily__0,1,174631,165117,0,0,0,0,0.9541,55,29,0,0,"SELECT COALESCE(SUM(n_quotes), 0) FROM quotes_daily"
5282950,2026-08-12 19:54:07.780435,2.900706,5282950,,0,0,65,0,0,0,0,0.0034,0,33,0,0,"SELECT COALESCE(SUM(n_quotes), 0) FROM quotes_daily"
5282950,2026-08-12 19:54:07.780435,2.900706,5282950,quotes_shared.public.mv_tbl__quotes_daily__0,1,174631,165117,0,0,0,0,0.9984,53,28,0,0,"SELECT COALESCE(SUM(n_quotes), 0) FROM quotes_daily"
5282956,2026-08-12 19:54:10.682835,0.073179,5282956,,0,0,65,0,0,0,0,0.0019,0,34,0,0,SELECT COUNT(*) FROM quotes_daily
5282956,2026-08-12 19:54:10.682835,0.073179,5282956,quotes_shared.public.mv_tbl__quotes_daily__0,1,174493,165117,0,0,0,0,0.0013,28,12,0,0,SELECT COUNT(*) FROM quotes_daily
5282955,2026-08-12 19:54:10.682974,0.066816,5282955,,0,0,65,0,0,0,0,0.0022,0,30,0,0,SELECT COUNT(*) FROM quotes_daily
5282955,2026-08-12 19:54:10.682974,0.066816,5282955,quotes_shared.public.mv_tbl__quotes_daily__0,1,174493,165117,0,0,0,0,0.0013,40,12,0,0,SELECT COUNT(*) FROM quotes_daily
5282961,2026-08-12 19:54:10.751376,3.155078,5282961,,0,0,65,0,0,0,0,0.0031,0,30,0,0,"SELECT COUNT(*) AS days_traded, SUM(n_quotes) AS total_quotes, MIN(bp_min) AS lowest_bid, MAX(bp_max) AS highest_bid, MIN(ap_min) AS lowest_ask, MAX(ap_max) AS highest_ask, SUM(spread_sum) / SUM(n_quotes) AS avg_spread, SUM(bs_sum) AS total_bid_volum"
5282961,2026-08-12 19:54:10.751376,3.155078,5282961,quotes_shared.public.mv_tbl__quotes_daily__0,1,155451,15,0,0,0,0,3.0801,84,26,0,0,"SELECT COUNT(*) AS days_traded, SUM(n_quotes) AS total_quotes, MIN(bp_min) AS lowest_bid, MAX(bp_max) AS highest_bid, MIN(ap_min) AS lowest_ask, MAX(ap_max) AS highest_ask, SUM(spread_sum) / SUM(n_quotes) AS avg_spread, SUM(bs_sum) AS total_bid_volum"
5282964,2026-08-12 19:54:10.757576,46.703796,5282964,,0,0,27088161,0,0,0,0,45.6983,59,60,0,0,"WITH src AS ( SELECT DATE_TRUNC('hour', TIMESTAMP 'epoch' + t / 1000 * INTERVAL '1 second') AS hour, bp, bs, ap, t FROM quotes_typed WHERE sym = 'AAPL' ), ranked AS ( SELECT hour, bp, bs, ap, ROW_NUMBER() OVER (PARTITION BY hour ORDER BY t ASC) AS rn"
5282964,2026-08-12 19:54:10.757576,46.703796,5282964,quotes_shared.public.mv_tbl__quotes_typed__0,1,4126289448,9029387,0,0,0,0,45.6071,12,2,0,0,"WITH src AS ( SELECT DATE_TRUNC('hour', TIMESTAMP 'epoch' + t / 1000 * INTERVAL '1 second') AS hour, bp, bs, ap, t FROM quotes_typed WHERE sym = 'AAPL' ), ranked AS ( SELECT hour, bp, bs, ap, ROW_NUMBER() OVER (PARTITION BY hour ORDER BY t ASC) AS rn"
5282971,2026-08-12 19:54:14.758787,0.536454,5282971,,0,0,100,0,0,0,0,0.4436,92,23,0,0,"SELECT sym, COUNT(*) AS days_traded, SUM(n_quotes) AS total_quotes, MIN(bp_min) AS lowest_bid, MAX(bp_max) AS highest_bid, SUM(spread_sum) / SUM(n_quotes) AS avg_spread FROM quotes_daily WHERE sym IN ('AAPL', 'MSFT', 'GOOGL', 'AMZN', 'TSLA', 'META', "
5282971,2026-08-12 19:54:14.758787,0.536454,5282971,quotes_shared.public.mv_tbl__quotes_daily__0,1,174631,120,0,0,0,0,0.4369,62,69,0,0,"SELECT sym, COUNT(*) AS days_traded, SUM(n_quotes) AS total_quotes, MIN(bp_min) AS lowest_bid, MAX(bp_max) AS highest_bid, SUM(spread_sum) / SUM(n_quotes) AS avg_spread FROM quotes_daily WHERE sym IN ('AAPL', 'MSFT', 'GOOGL', 'AMZN', 'TSLA', 'META', "
5282978,2026-08-12 19:54:15.933477,0.101108,5282978,,0,0,129366,0,0,0,0,0.0113,14,23,0,0,"SELECT sym, pct_range FROM ( SELECT sym, (MAX(bp_max) - MIN(bp_min)) / MIN(bp_min) * 100 AS pct_range FROM quotes_daily GROUP BY sym ) t ORDER BY ABS(pct_range) DESC LIMIT 20"
5282978,2026-08-12 19:54:15.933477,0.101108,5282978,quotes_shared.public.mv_tbl__quotes_daily__0,1,174631,165117,0,0,0,0,0.0057,36,46,0,0,"SELECT sym, pct_range FROM ( SELECT sym, (MAX(bp_max) - MIN(bp_min)) / MIN(bp_min) * 100 AS pct_range FROM quotes_daily GROUP BY sym ) t ORDER BY ABS(pct_range) DESC LIMIT 20"
5282985,2026-08-12 19:54:16.748770,0.668281,5282985,,0,0,593,0,0,0,0,0.5816,71,81,0,0,"SELECT day, SUM(n_quotes) AS total_quotes, SUM(bs_sum) + SUM(as_sum) AS total_volume, SUM(spread_sum) / SUM(n_quotes) AS avg_spread FROM quotes_daily GROUP BY day ORDER BY day"
5282985,2026-08-12 19:54:16.748770,0.668281,5282985,quotes_shared.public.mv_tbl__quotes_daily__0,1,174631,165117,0,0,0,0,0.5725,46,55,0,0,"SELECT day, SUM(n_quotes) AS total_quotes, SUM(bs_sum) + SUM(as_sum) AS total_volume, SUM(spread_sum) / SUM(n_quotes) AS avg_spread FROM quotes_daily GROUP BY day ORDER BY day"
5283019,2026-08-12 19:54:57.996792,15.575967,5283019,,0,0,97,0,0,0,0,0.0527,0,25,0,0,"WITH s AS ( SELECT (ap - bp) AS spread, (bp + ap) / 2.0 AS mid, bs AS bs, ""as"" AS az FROM quotes_typed WHERE sym = 'AAPL' ), agg AS ( SELECT COUNT(*)::float8 AS n, SUM(spread) AS s1, SUM(POWER(spread, 2)) AS s2, SUM(POWER(spread, 3)) AS s3, SUM(POWER"
5283019,2026-08-12 19:54:57.996792,15.575967,5283019,quotes_shared.public.mv_tbl__quotes_typed__0,1,4142254165,9048325,0,0,0,0,13.7067,24,10,0,0,"WITH s AS ( SELECT (ap - bp) AS spread, (bp + ap) / 2.0 AS mid, bs AS bs, ""as"" AS az FROM quotes_typed WHERE sym = 'AAPL' ), agg AS ( SELECT COUNT(*)::float8 AS n, SUM(spread) AS s1, SUM(POWER(spread, 2)) AS s2, SUM(POWER(spread, 3)) AS s3, SUM(POWER"
5283028,2026-08-12 19:55:14.087273,213.845328,5283028,,0,0,27230292,0,0,0,0,212.2432,59,68,0,0,"WITH src AS ( SELECT DATE_TRUNC('hour', TIMESTAMP 'epoch' + payload.t::bigint / 1000 * INTERVAL '1 second') AS hour, payload.bp::float8 AS bp, payload.bs::bigint AS bs, payload.ap::float8 AS ap, payload.t::bigint AS t FROM quotes_streamed WHERE sym ="
5283028,2026-08-12 19:55:14.087273,213.845328,5283028,quotes_shared.public.mv_tbl__quotes_streamed__0,1,10852533067,9076764,0,0,0,0,212.0648,7,59,0,0,"WITH src AS ( SELECT DATE_TRUNC('hour', TIMESTAMP 'epoch' + payload.t::bigint / 1000 * INTERVAL '1 second') AS hour, payload.bp::float8 AS bp, payload.bs::bigint AS bs, payload.ap::float8 AS ap, payload.t::bigint AS t FROM quotes_streamed WHERE sym ="
5283128,2026-08-12 19:58:48.408771,13.8427,5283128,,0,0,97,0,0,0,0,0.0736,0,27,0,0,"WITH s AS ( SELECT (payload.ap::float8 - payload.bp::float8) AS spread, (payload.bp::float8 + payload.ap::float8) / 2.0 AS mid, payload.bs::bigint AS bs, payload.""as""::bigint AS az FROM quotes_streamed WHERE sym = 'AAPL' ), agg AS ( SELECT COUNT(*)::"
5283128,2026-08-12 19:58:48.408771,13.8427,5283128,quotes_shared.public.mv_tbl__quotes_streamed__0,1,11066131481,9213567,0,0,0,0,11.9260,13,9,0,0,"WITH s AS ( SELECT (payload.ap::float8 - payload.bp::float8) AS spread, (payload.bp::float8 + payload.ap::float8) / 2.0 AS mid, payload.bs::bigint AS bs, payload.""as""::bigint AS az FROM quotes_streamed WHERE sym = 'AAPL' ), agg AS ( SELECT COUNT(*)::"
5283284,2026-08-12 20:03:56.847009,2.715649,5283284,,0,0,65,0,0,0,0,0.0021,0,30,0,0,"SELECT COALESCE(SUM(n_quotes), 0) FROM quotes_daily"
5283284,2026-08-12 20:03:56.847009,2.715649,5283284,quotes_shared.public.mv_tbl__quotes_daily__0,1,184443,175132,0,0,0,0,0.7832,42,28,0,0,"SELECT COALESCE(SUM(n_quotes), 0) FROM quotes_daily"
5283287,2026-08-12 20:03:59.564231,0.07047,5283287,,0,0,65,0,0,0,0,0.0018,0,21,0,0,SELECT COUNT(*) FROM quotes_daily
5283287,2026-08-12 20:03:59.564231,0.07047,5283287,quotes_shared.public.mv_tbl__quotes_daily__0,1,184443,175132,0,0,0,0,0.0013,39,12,0,0,SELECT COUNT(*) FROM quotes_daily
5283290,2026-08-12 20:03:59.636271,1.90377,5283290,,0,0,65,0,0,0,0,0.0022,0,26,0,0,"SELECT COUNT(*) AS days_traded, SUM(n_quotes) AS total_quotes, MIN(bp_min) AS lowest_bid, MAX(bp_max) AS highest_bid, MIN(ap_min) AS lowest_ask, MAX(ap_max) AS highest_ask, SUM(spread_sum) / SUM(n_quotes) AS avg_spread, SUM(bs_sum) AS total_bid_volum"
5283290,2026-08-12 20:03:59.636271,1.90377,5283290,quotes_shared.public.mv_tbl__quotes_daily__0,1,169984,16,0,0,0,0,1.8259,75,23,0,0,"SELECT COUNT(*) AS days_traded, SUM(n_quotes) AS total_quotes, MIN(bp_min) AS lowest_bid, MAX(bp_max) AS highest_bid, MIN(ap_min) AS lowest_ask, MAX(ap_max) AS highest_ask, SUM(spread_sum) / SUM(n_quotes) AS avg_spread, SUM(bs_sum) AS total_bid_volum"
5283299,2026-08-12 20:04:02.032311,0.29207,5283299,,0,0,110,0,0,0,0,0.2027,91,23,0,0,"SELECT sym, COUNT(*) AS days_traded, SUM(n_quotes) AS total_quotes, MIN(bp_min) AS lowest_bid, MAX(bp_max) AS highest_bid, SUM(spread_sum) / SUM(n_quotes) AS avg_spread FROM quotes_daily WHERE sym IN ('AAPL', 'MSFT', 'GOOGL', 'AMZN', 'TSLA', 'META', "
5283299,2026-08-12 20:04:02.032311,0.29207,5283299,quotes_shared.public.mv_tbl__quotes_daily__0,1,184443,128,0,0,0,0,0.1992,55,78,0,0,"SELECT sym, COUNT(*) AS days_traded, SUM(n_quotes) AS total_quotes, MIN(bp_min) AS lowest_bid, MAX(bp_max) AS highest_bid, SUM(spread_sum) / SUM(n_quotes) AS avg_spread FROM quotes_daily WHERE sym IN ('AAPL', 'MSFT', 'GOOGL', 'AMZN', 'TSLA', 'META', "
5283306,2026-08-12 20:04:02.807937,0.090449,5283306,,0,0,135186,0,0,0,0,0.0079,12,24,0,0,"SELECT sym, pct_range FROM ( SELECT sym, (MAX(bp_max) - MIN(bp_min)) / MIN(bp_min) * 100 AS pct_range FROM quotes_daily GROUP BY sym ) t ORDER BY ABS(pct_range) DESC LIMIT 20"
5283306,2026-08-12 20:04:02.807937,0.090449,5283306,quotes_shared.public.mv_tbl__quotes_daily__0,1,184443,175132,0,0,0,0,0.0037,32,30,0,0,"SELECT sym, pct_range FROM ( SELECT sym, (MAX(bp_max) - MIN(bp_min)) / MIN(bp_min) * 100 AS pct_range FROM quotes_daily GROUP BY sym ) t ORDER BY ABS(pct_range) DESC LIMIT 20"
5283313,2026-08-12 20:04:05.014497,0.45755,5283313,,0,0,627,0,0,0,0,0.3789,70,25,0,0,"SELECT day, SUM(n_quotes) AS total_quotes, SUM(bs_sum) + SUM(as_sum) AS total_volume, SUM(spread_sum) / SUM(n_quotes) AS avg_spread FROM quotes_daily GROUP BY day ORDER BY day"
5283313,2026-08-12 20:04:05.014497,0.45755,5283313,quotes_shared.public.mv_tbl__quotes_daily__0,1,184443,175132,0,0,0,0,0.3761,38,44,0,0,"SELECT day, SUM(n_quotes) AS total_quotes, SUM(bs_sum) + SUM(as_sum) AS total_volume, SUM(spread_sum) / SUM(n_quotes) AS avg_spread FROM quotes_daily GROUP BY day ORDER BY day"
5486021,2026-08-12 20:14:06.771919,2.609466,5486021,,0,0,65,0,0,0,0,0.0132,0,31,0,0,"SELECT COALESCE(SUM(n_quotes), 0) FROM quotes_daily"
5486021,2026-08-12 20:14:06.771919,2.609466,5486021,quotes_shared.public.mv_tbl__quotes_daily__0,1,194522,185161,0,0,0,0,0.8137,54,17,0,0,"SELECT COALESCE(SUM(n_quotes), 0) FROM quotes_daily"
5486024,2026-08-12 20:14:09.383104,0.092484,5486024,,0,0,65,0,0,0,0,0.0099,0,34,0,0,SELECT COUNT(*) FROM quotes_daily
5486024,2026-08-12 20:14:09.383104,0.092484,5486024,quotes_shared.public.mv_tbl__quotes_daily__0,1,194522,185161,0,0,0,0,0.0057,49,46,0,0,SELECT COUNT(*) FROM quotes_daily
5486027,2026-08-12 20:14:09.477237,1.99207,5486027,,0,0,65,0,0,0,0,0.0026,0,25,0,0,"SELECT COUNT(*) AS days_traded, SUM(n_quotes) AS total_quotes, MIN(bp_min) AS lowest_bid, MAX(bp_max) AS highest_bid, MIN(ap_min) AS lowest_ask, MAX(ap_max) AS highest_ask, SUM(spread_sum) / SUM(n_quotes) AS avg_spread, SUM(bs_sum) AS total_bid_volum"
5486027,2026-08-12 20:14:09.477237,1.99207,5486027,quotes_shared.public.mv_tbl__quotes_daily__0,1,186476,17,0,0,0,0,1.8925,73,31,0,0,"SELECT COUNT(*) AS days_traded, SUM(n_quotes) AS total_quotes, MIN(bp_min) AS lowest_bid, MAX(bp_max) AS highest_bid, MIN(ap_min) AS lowest_ask, MAX(ap_max) AS highest_ask, SUM(spread_sum) / SUM(n_quotes) AS avg_spread, SUM(bs_sum) AS total_bid_volum"
5486034,2026-08-12 20:14:12.235685,0.469555,5486034,,0,0,114,0,0,0,0,0.3738,92,25,0,0,"SELECT sym, COUNT(*) AS days_traded, SUM(n_quotes) AS total_quotes, MIN(bp_min) AS lowest_bid, MAX(bp_max) AS highest_bid, SUM(spread_sum) / SUM(n_quotes) AS avg_spread FROM quotes_daily WHERE sym IN ('AAPL', 'MSFT', 'GOOGL', 'AMZN', 'TSLA', 'META', "
5486034,2026-08-12 20:14:12.235685,0.469555,5486034,quotes_shared.public.mv_tbl__quotes_daily__0,1,194522,136,0,0,0,0,0.3694,64,87,0,0,"SELECT sym, COUNT(*) AS days_traded, SUM(n_quotes) AS total_quotes, MIN(bp_min) AS lowest_bid, MAX(bp_max) AS highest_bid, SUM(spread_sum) / SUM(n_quotes) AS avg_spread FROM quotes_daily WHERE sym IN ('AAPL', 'MSFT', 'GOOGL', 'AMZN', 'TSLA', 'META', "
5486041,2026-08-12 20:14:13.214976,0.11329,5486041,,0,0,141947,0,0,0,0,0.0088,13,28,0,0,"SELECT sym, pct_range FROM ( SELECT sym, (MAX(bp_max) - MIN(bp_min)) / MIN(bp_min) * 100 AS pct_range FROM quotes_daily GROUP BY sym ) t ORDER BY ABS(pct_range) DESC LIMIT 20"
5486041,2026-08-12 20:14:13.214976,0.11329,5486041,quotes_shared.public.mv_tbl__quotes_daily__0,1,194522,185161,0,0,0,0,0.0041,29,33,0,0,"SELECT sym, pct_range FROM ( SELECT sym, (MAX(bp_max) - MIN(bp_min)) / MIN(bp_min) * 100 AS pct_range FROM quotes_daily GROUP BY sym ) t ORDER BY ABS(pct_range) DESC LIMIT 20"
5486048,2026-08-12 20:14:13.797434,0.632569,5486048,,0,0,660,0,0,0,0,0.5520,68,25,0,0,"SELECT day, SUM(n_quotes) AS total_quotes, SUM(bs_sum) + SUM(as_sum) AS total_volume, SUM(spread_sum) / SUM(n_quotes) AS avg_spread FROM quotes_daily GROUP BY day ORDER BY day"
5486048,2026-08-12 20:14:13.797434,0.632569,5486048,quotes_shared.public.mv_tbl__quotes_daily__0,1,194522,185161,0,0,0,0,0.5474,38,51,0,0,"SELECT day, SUM(n_quotes) AS total_quotes, SUM(bs_sum) + SUM(as_sum) AS total_volume, SUM(spread_sum) / SUM(n_quotes) AS avg_spread FROM quotes_daily GROUP BY day ORDER BY day"
5689093,2026-08-12 20:24:07.416448,3.151477,5689093,,0,0,65,0,0,0,0,0.0032,0,36,0,0,"SELECT COALESCE(SUM(n_quotes), 0) FROM quotes_daily"
5689093,2026-08-12 20:24:07.416448,3.151477,5689093,quotes_shared.public.mv_tbl__quotes_daily__0,1,224204,200238,0,0,0,0,0.9115,36,19,0,0,"SELECT COALESCE(SUM(n_quotes), 0) FROM quotes_daily"
5689096,2026-08-12 20:24:10.569912,0.09674,5689096,,0,0,65,0,0,0,0,0.0061,0,31,0,0,SELECT COUNT(*) FROM quotes_daily
5689096,2026-08-12 20:24:10.569912,0.09674,5689096,quotes_shared.public.mv_tbl__quotes_daily__0,1,224204,200238,0,0,0,0,0.0034,46,26,0,0,SELECT COUNT(*) FROM quotes_daily
5689099,2026-08-12 20:24:10.668338,2.028054,5689099,,0,0,65,0,0,0,0,0.0025,0,31,0,0,"SELECT COUNT(*) AS days_traded, SUM(n_quotes) AS total_quotes, MIN(bp_min) AS lowest_bid, MAX(bp_max) AS highest_bid, MIN(ap_min) AS lowest_ask, MAX(ap_max) AS highest_ask, SUM(spread_sum) / SUM(n_quotes) AS avg_spread, SUM(bs_sum) AS total_bid_volum"
5689099,2026-08-12 20:24:10.668338,2.028054,5689099,quotes_shared.public.mv_tbl__quotes_daily__0,1,216469,18,0,0,0,0,1.9276,81,19,0,0,"SELECT COUNT(*) AS days_traded, SUM(n_quotes) AS total_quotes, MIN(bp_min) AS lowest_bid, MAX(bp_max) AS highest_bid, MIN(ap_min) AS lowest_ask, MAX(ap_max) AS highest_ask, SUM(spread_sum) / SUM(n_quotes) AS avg_spread, SUM(bs_sum) AS total_bid_volum"
5689106,2026-08-12 20:24:13.416890,0.431943,5689106,,0,0,117,0,0,0,0,0.3251,91,25,0,0,"SELECT sym, COUNT(*) AS days_traded, SUM(n_quotes) AS total_quotes, MIN(bp_min) AS lowest_bid, MAX(bp_max) AS highest_bid, SUM(spread_sum) / SUM(n_quotes) AS avg_spread FROM quotes_daily WHERE sym IN ('AAPL', 'MSFT', 'GOOGL', 'AMZN', 'TSLA', 'META', "
5689106,2026-08-12 20:24:13.416890,0.431943,5689106,quotes_shared.public.mv_tbl__quotes_daily__0,1,224204,144,0,0,0,0,0.3206,59,86,0,0,"SELECT sym, COUNT(*) AS days_traded, SUM(n_quotes) AS total_quotes, MIN(bp_min) AS lowest_bid, MAX(bp_max) AS highest_bid, SUM(spread_sum) / SUM(n_quotes) AS avg_spread FROM quotes_daily WHERE sym IN ('AAPL', 'MSFT', 'GOOGL', 'AMZN', 'TSLA', 'META', "
5689113,2026-08-12 20:24:14.308692,0.105914,5689113,,0,0,149624,0,0,0,0,0.0083,10,25,0,0,"SELECT sym, pct_range FROM ( SELECT sym, (MAX(bp_max) - MIN(bp_min)) / MIN(bp_min) * 100 AS pct_range FROM quotes_daily GROUP BY sym ) t ORDER BY ABS(pct_range) DESC LIMIT 20"
5689113,2026-08-12 20:24:14.308692,0.105914,5689113,quotes_shared.public.mv_tbl__quotes_daily__0,1,224204,200238,0,0,0,0,0.0046,27,40,0,0,"SELECT sym, pct_range FROM ( SELECT sym, (MAX(bp_max) - MIN(bp_min)) / MIN(bp_min) * 100 AS pct_range FROM quotes_daily GROUP BY sym ) t ORDER BY ABS(pct_range) DESC LIMIT 20"
5689120,2026-08-12 20:24:14.894465,0.498112,5689120,,0,0,726,0,0,0,0,0.3991,65,48,0,0,"SELECT day, SUM(n_quotes) AS total_quotes, SUM(bs_sum) + SUM(as_sum) AS total_volume, SUM(spread_sum) / SUM(n_quotes) AS avg_spread FROM quotes_daily GROUP BY day ORDER BY day"
5689120,2026-08-12 20:24:14.894465,0.498112,5689120,quotes_shared.public.mv_tbl__quotes_daily__0,1,224204,200238,0,0,0,0,0.3952,44,45,0,0,"SELECT day, SUM(n_quotes) AS total_quotes, SUM(bs_sum) + SUM(as_sum) AS total_volume, SUM(spread_sum) / SUM(n_quotes) AS avg_spread FROM quotes_daily GROUP BY day ORDER BY day"
5892165,2026-08-12 20:34:06.843731,3.581012,5892165,,0,0,65,0,0,0,0,0.0025,0,31,0,0,"SELECT COALESCE(SUM(n_quotes), 0) FROM quotes_daily"
5892165,2026-08-12 20:34:06.843731,3.581012,5892165,quotes_shared.public.mv_tbl__quotes_daily__0,1,218699,210126,0,0,0,0,0.8808,40,40,0,0,"SELECT COALESCE(SUM(n_quotes), 0) FROM quotes_daily"
5892168,2026-08-12 20:34:10.426499,0.073214,5892168,,0,0,65,0,0,0,0,0.0026,0,27,0,0,SELECT COUNT(*) FROM quotes_daily
5892168,2026-08-12 20:34:10.426499,0.073214,5892168,quotes_shared.public.mv_tbl__quotes_daily__0,1,218699,210126,0,0,0,0,0.0016,40,28,0,0,SELECT COUNT(*) FROM quotes_daily
5892171,2026-08-12 20:34:10.501401,1.507044,5892171,,0,0,65,0,0,0,0,0.0034,0,24,0,0,"SELECT COUNT(*) AS days_traded, SUM(n_quotes) AS total_quotes, MIN(bp_min) AS lowest_bid, MAX(bp_max) AS highest_bid, MIN(ap_min) AS lowest_ask, MAX(ap_max) AS highest_ask, SUM(spread_sum) / SUM(n_quotes) AS avg_spread, SUM(bs_sum) AS total_bid_volum"
5892171,2026-08-12 20:34:10.501401,1.507044,5892171,quotes_shared.public.mv_tbl__quotes_daily__0,1,209762,19,0,0,0,0,1.4222,80,16,0,0,"SELECT COUNT(*) AS days_traded, SUM(n_quotes) AS total_quotes, MIN(bp_min) AS lowest_bid, MAX(bp_max) AS highest_bid, MIN(ap_min) AS lowest_ask, MAX(ap_max) AS highest_ask, SUM(spread_sum) / SUM(n_quotes) AS avg_spread, SUM(bs_sum) AS total_bid_volum"
5892178,2026-08-12 20:34:12.723223,0.366275,5892178,,0,0,128,0,0,0,0,0.2723,92,22,0,0,"SELECT sym, COUNT(*) AS days_traded, SUM(n_quotes) AS total_quotes, MIN(bp_min) AS lowest_bid, MAX(bp_max) AS highest_bid, SUM(spread_sum) / SUM(n_quotes) AS avg_spread FROM quotes_daily WHERE sym IN ('AAPL', 'MSFT', 'GOOGL', 'AMZN', 'TSLA', 'META', "
5892178,2026-08-12 20:34:12.723223,0.366275,5892178,quotes_shared.public.mv_tbl__quotes_daily__0,1,218699,152,0,0,0,0,0.2655,63,84,0,0,"SELECT sym, COUNT(*) AS days_traded, SUM(n_quotes) AS total_quotes, MIN(bp_min) AS lowest_bid, MAX(bp_max) AS highest_bid, SUM(spread_sum) / SUM(n_quotes) AS avg_spread FROM quotes_daily WHERE sym IN ('AAPL', 'MSFT', 'GOOGL', 'AMZN', 'TSLA', 'META', "
5892185,2026-08-12 20:34:13.528995,0.09173,5892185,,0,0,153662,0,0,0,0,0.0087,12,37,0,0,"SELECT sym, pct_range FROM ( SELECT sym, (MAX(bp_max) - MIN(bp_min)) / MIN(bp_min) * 100 AS pct_range FROM quotes_daily GROUP BY sym ) t ORDER BY ABS(pct_range) DESC LIMIT 20"
5892185,2026-08-12 20:34:13.528995,0.09173,5892185,quotes_shared.public.mv_tbl__quotes_daily__0,1,218699,210126,0,0,0,0,0.0034,39,30,0,0,"SELECT sym, pct_range FROM ( SELECT sym, (MAX(bp_max) - MIN(bp_min)) / MIN(bp_min) * 100 AS pct_range FROM quotes_daily GROUP BY sym ) t ORDER BY ABS(pct_range) DESC LIMIT 20"
5892192,2026-08-12 20:34:14.064163,0.433638,5892192,,0,0,758,0,0,0,0,0.3541,64,23,0,0,"SELECT day, SUM(n_quotes) AS total_quotes, SUM(bs_sum) + SUM(as_sum) AS total_volume, SUM(spread_sum) / SUM(n_quotes) AS avg_spread FROM quotes_daily GROUP BY day ORDER BY day"
5892192,2026-08-12 20:34:14.064163,0.433638,5892192,quotes_shared.public.mv_tbl__quotes_daily__0,1,218699,210126,0,0,0,0,0.3511,34,39,0,0,"SELECT day, SUM(n_quotes) AS total_quotes, SUM(bs_sum) + SUM(as_sum) AS total_volume, SUM(spread_sum) / SUM(n_quotes) AS avg_spread FROM quotes_daily GROUP BY day ORDER BY day"
6095237,2026-08-12 20:44:07.368212,2.816603,6095237,,0,0,65,0,0,0,0,0.0177,0,31,0,0,"SELECT COALESCE(SUM(n_quotes), 0) FROM quotes_daily"
6095237,2026-08-12 20:44:07.368212,2.816603,6095237,quotes_shared.public.mv_tbl__quotes_daily__0,1,232936,218903,0,0,0,0,0.9204,39,28,0,0,"SELECT COALESCE(SUM(n_quotes), 0) FROM quotes_daily"
6095240,2026-08-12 20:44:10.186652,0.101325,6095240,,0,0,65,0,0,0,0,0.0066,0,28,0,0,SELECT COUNT(*) FROM quotes_daily
6095240,2026-08-12 20:44:10.186652,0.101325,6095240,quotes_shared.public.mv_tbl__quotes_daily__0,1,232936,218903,0,0,0,0,0.0066,52,56,0,0,SELECT COUNT(*) FROM quotes_daily
6095243,2026-08-12 20:44:10.289628,1.435508,6095243,,0,0,65,0,0,0,0,0.0193,0,41,0,0,"SELECT COUNT(*) AS days_traded, SUM(n_quotes) AS total_quotes, MIN(bp_min) AS lowest_bid, MAX(bp_max) AS highest_bid, MIN(ap_min) AS lowest_ask, MAX(ap_max) AS highest_ask, SUM(spread_sum) / SUM(n_quotes) AS avg_spread, SUM(bs_sum) AS total_bid_volum"
6095243,2026-08-12 20:44:10.289628,1.435508,6095243,quotes_shared.public.mv_tbl__quotes_daily__0,1,220217,20,0,0,0,0,1.3433,79,17,0,0,"SELECT COUNT(*) AS days_traded, SUM(n_quotes) AS total_quotes, MIN(bp_min) AS lowest_bid, MAX(bp_max) AS highest_bid, MIN(ap_min) AS lowest_ask, MAX(ap_max) AS highest_ask, SUM(spread_sum) / SUM(n_quotes) AS avg_spread, SUM(bs_sum) AS total_bid_volum"
6095250,2026-08-12 20:44:12.403963,0.390831,6095250,,0,0,130,0,0,0,0,0.3009,91,20,0,0,"SELECT sym, COUNT(*) AS days_traded, SUM(n_quotes) AS total_quotes, MIN(bp_min) AS lowest_bid, MAX(bp_max) AS highest_bid, SUM(spread_sum) / SUM(n_quotes) AS avg_spread FROM quotes_daily WHERE sym IN ('AAPL', 'MSFT', 'GOOGL', 'AMZN', 'TSLA', 'META', "
6095250,2026-08-12 20:44:12.403963,0.390831,6095250,quotes_shared.public.mv_tbl__quotes_daily__0,1,232936,158,0,0,0,0,0.2969,64,84,0,0,"SELECT sym, COUNT(*) AS days_traded, SUM(n_quotes) AS total_quotes, MIN(bp_min) AS lowest_bid, MAX(bp_max) AS highest_bid, SUM(spread_sum) / SUM(n_quotes) AS avg_spread FROM quotes_daily WHERE sym IN ('AAPL', 'MSFT', 'GOOGL', 'AMZN', 'TSLA', 'META', "
6095257,2026-08-12 20:44:13.262355,0.098271,6095257,,0,0,153251,0,0,0,0,0.0165,15,60,0,0,"SELECT sym, pct_range FROM ( SELECT sym, (MAX(bp_max) - MIN(bp_min)) / MIN(bp_min) * 100 AS pct_range FROM quotes_daily GROUP BY sym ) t ORDER BY ABS(pct_range) DESC LIMIT 20"
6095257,2026-08-12 20:44:13.262355,0.098271,6095257,quotes_shared.public.mv_tbl__quotes_daily__0,1,232936,218903,0,0,0,0,0.0058,56,43,0,0,"SELECT sym, pct_range FROM ( SELECT sym, (MAX(bp_max) - MIN(bp_min)) / MIN(bp_min) * 100 AS pct_range FROM quotes_daily GROUP BY sym ) t ORDER BY ABS(pct_range) DESC LIMIT 20"
6095264,2026-08-12 20:44:13.841151,0.453543,6095264,,0,0,790,0,0,0,0,0.3773,62,31,0,0,"SELECT day, SUM(n_quotes) AS total_quotes, SUM(bs_sum) + SUM(as_sum) AS total_volume, SUM(spread_sum) / SUM(n_quotes) AS avg_spread FROM quotes_daily GROUP BY day ORDER BY day"
6095264,2026-08-12 20:44:13.841151,0.453543,6095264,quotes_shared.public.mv_tbl__quotes_daily__0,1,232936,218903,0,0,0,0,0.3696,27,50,0,0,"SELECT day, SUM(n_quotes) AS total_quotes, SUM(bs_sum) + SUM(as_sum) AS total_volume, SUM(spread_sum) / SUM(n_quotes) AS avg_spread FROM quotes_daily GROUP BY day ORDER BY day"
6298310,2026-08-12 20:54:06.448731,2.815572,6298310,,0,0,65,0,0,0,0,0.0033,0,61,0,0,"SELECT COALESCE(SUM(n_quotes), 0) FROM quotes_daily"
6298310,2026-08-12 20:54:06.448731,2.815572,6298310,quotes_shared.public.mv_tbl__quotes_daily__0,1,232366,221060,0,0,0,0,0.7839,60,26,0,0,"SELECT COALESCE(SUM(n_quotes), 0) FROM quotes_daily"
6298309,2026-08-12 20:54:06.448868,2.815503,6298309,,0,0,65,0,0,0,0,0.0032,0,29,0,0,"SELECT COALESCE(SUM(n_quotes), 0) FROM quotes_daily"
6298309,2026-08-12 20:54:06.448868,2.815503,6298309,quotes_shared.public.mv_tbl__quotes_daily__0,1,232366,221060,0,0,0,0,0.7839,70,27,0,0,"SELECT COALESCE(SUM(n_quotes), 0) FROM quotes_daily"
6298315,2026-08-12 20:54:09.266073,0.08866,6298315,,0,0,65,0,0,0,0,0.0020,0,21,0,0,SELECT COUNT(*) FROM quotes_daily
6298315,2026-08-12 20:54:09.266073,0.08866,6298315,quotes_shared.public.mv_tbl__quotes_daily__0,1,232281,221060,0,0,0,0,0.0014,47,19,0,0,SELECT COUNT(*) FROM quotes_daily
6298316,2026-08-12 20:54:09.266085,0.083367,6298316,,0,0,65,0,0,0,0,0.0033,0,28,0,0,SELECT COUNT(*) FROM quotes_daily
6298316,2026-08-12 20:54:09.266085,0.083367,6298316,quotes_shared.public.mv_tbl__quotes_daily__0,1,232281,221060,0,0,0,0,0.0033,47,57,0,0,SELECT COUNT(*) FROM quotes_daily
6298324,2026-08-12 20:54:09.351154,63.46344,6298324,,0,0,36447069,0,0,0,0,62.5668,56,54,0,0,"WITH src AS ( SELECT DATE_TRUNC('hour', TIMESTAMP 'epoch' + t / 1000 * INTERVAL '1 second') AS hour, bp, bs, ap, t FROM quotes_typed WHERE sym = 'AAPL' ), ranked AS ( SELECT hour, bp, bs, ap, ROW_NUMBER() OVER (PARTITION BY hour ORDER BY t ASC) AS rn"
6298324,2026-08-12 20:54:09.351154,63.46344,6298324,quotes_shared.public.mv_tbl__quotes_typed__0,1,5503661599,12149023,0,0,0,0,62.4434,7,3,0,0,"WITH src AS ( SELECT DATE_TRUNC('hour', TIMESTAMP 'epoch' + t / 1000 * INTERVAL '1 second') AS hour, bp, bs, ap, t FROM quotes_typed WHERE sym = 'AAPL' ), ranked AS ( SELECT hour, bp, bs, ap, ROW_NUMBER() OVER (PARTITION BY hour ORDER BY t ASC) AS rn"
6298321,2026-08-12 20:54:09.356350,2.861707,6298321,,0,0,65,0,0,0,0,0.0175,0,34,0,0,"SELECT COUNT(*) AS days_traded, SUM(n_quotes) AS total_quotes, MIN(bp_min) AS lowest_bid, MAX(bp_max) AS highest_bid, MIN(ap_min) AS lowest_ask, MAX(ap_max) AS highest_ask, SUM(spread_sum) / SUM(n_quotes) AS avg_spread, SUM(bs_sum) AS total_bid_volum"
6298321,2026-08-12 20:54:09.356350,2.861707,6298321,quotes_shared.public.mv_tbl__quotes_daily__0,1,220718,20,0,0,0,0,2.7493,79,10,0,0,"SELECT COUNT(*) AS days_traded, SUM(n_quotes) AS total_quotes, MIN(bp_min) AS lowest_bid, MAX(bp_max) AS highest_bid, MIN(ap_min) AS lowest_ask, MAX(ap_max) AS highest_ask, SUM(spread_sum) / SUM(n_quotes) AS avg_spread, SUM(bs_sum) AS total_bid_volum"
6298331,2026-08-12 20:54:12.928819,3.195749,6298331,,0,0,129,0,0,0,0,1.3783,91,21,0,0,"SELECT sym, COUNT(*) AS days_traded, SUM(n_quotes) AS total_quotes, MIN(bp_min) AS lowest_bid, MAX(bp_max) AS highest_bid, SUM(spread_sum) / SUM(n_quotes) AS avg_spread FROM quotes_daily WHERE sym IN ('AAPL', 'MSFT', 'GOOGL', 'AMZN', 'TSLA', 'META', "
6298331,2026-08-12 20:54:12.928819,3.195749,6298331,quotes_shared.public.mv_tbl__quotes_daily__0,1,247410,160,0,0,0,0,1.3728,50,19,0,0,"SELECT sym, COUNT(*) AS days_traded, SUM(n_quotes) AS total_quotes, MIN(bp_min) AS lowest_bid, MAX(bp_max) AS highest_bid, SUM(spread_sum) / SUM(n_quotes) AS avg_spread FROM quotes_daily WHERE sym IN ('AAPL', 'MSFT', 'GOOGL', 'AMZN', 'TSLA', 'META', "
6298340,2026-08-12 20:54:16.601392,0.123148,6298340,,0,0,158281,0,0,0,0,0.0212,17,25,0,0,"SELECT sym, pct_range FROM ( SELECT sym, (MAX(bp_max) - MIN(bp_min)) / MIN(bp_min) * 100 AS pct_range FROM quotes_daily GROUP BY sym ) t ORDER BY ABS(pct_range) DESC LIMIT 20"
6298340,2026-08-12 20:54:16.601392,0.123148,6298340,quotes_shared.public.mv_tbl__quotes_daily__0,1,247410,226525,0,0,0,0,0.0107,43,64,0,0,"SELECT sym, pct_range FROM ( SELECT sym, (MAX(bp_max) - MIN(bp_min)) / MIN(bp_min) * 100 AS pct_range FROM quotes_daily GROUP BY sym ) t ORDER BY ABS(pct_range) DESC LIMIT 20"
6298347,2026-08-12 20:54:17.196302,0.975291,6298347,,0,0,819,0,0,0,0,0.8692,61,29,0,0,"SELECT day, SUM(n_quotes) AS total_quotes, SUM(bs_sum) + SUM(as_sum) AS total_volume, SUM(spread_sum) / SUM(n_quotes) AS avg_spread FROM quotes_daily GROUP BY day ORDER BY day"
6298347,2026-08-12 20:54:17.196302,0.975291,6298347,quotes_shared.public.mv_tbl__quotes_daily__0,1,247410,226525,0,0,0,0,0.8640,39,42,0,0,"SELECT day, SUM(n_quotes) AS total_quotes, SUM(bs_sum) + SUM(as_sum) AS total_volume, SUM(spread_sum) / SUM(n_quotes) AS avg_spread FROM quotes_daily GROUP BY day ORDER BY day"
6298389,2026-08-12 20:55:13.432048,155.388243,6298389,,0,0,97,0,0,0,0,0.0910,0,24,0,0,"WITH s AS ( SELECT (ap - bp) AS spread, (bp + ap) / 2.0 AS mid, bs AS bs, ""as"" AS az FROM quotes_typed WHERE sym = 'AAPL' ), agg AS ( SELECT COUNT(*)::float8 AS n, SUM(spread) AS s1, SUM(POWER(spread, 2)) AS s2, SUM(POWER(spread, 3)) AS s3, SUM(POWER"
6298389,2026-08-12 20:55:13.432048,155.388243,6298389,quotes_shared.public.mv_tbl__quotes_typed__0,1,5535309693,12197746,0,0,0,0,153.6814,7,1,0,0,"WITH s AS ( SELECT (ap - bp) AS spread, (bp + ap) / 2.0 AS mid, bs AS bs, ""as"" AS az FROM quotes_typed WHERE sym = 'AAPL' ), agg AS ( SELECT COUNT(*)::float8 AS n, SUM(spread) AS s1, SUM(POWER(spread, 2)) AS s2, SUM(POWER(spread, 3)) AS s3, SUM(POWER"
6298473,2026-08-12 20:57:49.279289,64.131728,6298473,,0,0,36931848,0,0,0,0,61.4300,56,67,0,0,"WITH src AS ( SELECT DATE_TRUNC('hour', TIMESTAMP 'epoch' + payload.t::bigint / 1000 * INTERVAL '1 second') AS hour, payload.bp::float8 AS bp, payload.bs::bigint AS bs, payload.ap::float8 AS ap, payload.t::bigint AS t FROM quotes_streamed WHERE sym ="
6298473,2026-08-12 20:57:49.279289,64.131728,6298473,quotes_shared.public.mv_tbl__quotes_streamed__0,1,14609906401,12310616,0,0,0,0,61.1869,6,5,0,0,"WITH src AS ( SELECT DATE_TRUNC('hour', TIMESTAMP 'epoch' + payload.t::bigint / 1000 * INTERVAL '1 second') AS hour, payload.bp::float8 AS bp, payload.bs::bigint AS bs, payload.ap::float8 AS ap, payload.t::bigint AS t FROM quotes_streamed WHERE sym ="
6298505,2026-08-12 20:58:53.937046,27.784737,6298505,,0,0,97,0,0,0,0,0.1072,0,30,0,0,"WITH s AS ( SELECT (payload.ap::float8 - payload.bp::float8) AS spread, (payload.bp::float8 + payload.ap::float8) / 2.0 AS mid, payload.bs::bigint AS bs, payload.""as""::bigint AS az FROM quotes_streamed WHERE sym = 'AAPL' ), agg AS ( SELECT COUNT(*)::"
6298505,2026-08-12 20:58:53.937046,27.784737,6298505,quotes_shared.public.mv_tbl__quotes_streamed__0,1,14670834614,12341663,0,0,0,0,26.2449,12,8,0,0,"WITH s AS ( SELECT (payload.ap::float8 - payload.bp::float8) AS spread, (payload.bp::float8 + payload.ap::float8) / 2.0 AS mid, payload.bs::bigint AS bs, payload.""as""::bigint AS az FROM quotes_streamed WHERE sym = 'AAPL' ), agg AS ( SELECT COUNT(*)::"
6298647,2026-08-12 21:03:56.847216,2.878075,6298647,,0,0,65,0,0,0,0,0.0021,0,30,0,0,"SELECT COALESCE(SUM(n_quotes), 0) FROM quotes_daily"
6298647,2026-08-12 21:03:56.847216,2.878075,6298647,quotes_shared.public.mv_tbl__quotes_daily__0,1,245359,231114,0,0,0,0,1.0744,44,44,0,0,"SELECT COALESCE(SUM(n_quotes), 0) FROM quotes_daily"
6298650,2026-08-12 21:03:59.726999,0.077734,6298650,,0,0,65,0,0,0,0,0.0015,0,29,0,0,SELECT COUNT(*) FROM quotes_daily
6298650,2026-08-12 21:03:59.726999,0.077734,6298650,quotes_shared.public.mv_tbl__quotes_daily__0,1,245359,231114,0,0,0,0,0.0010,39,10,0,0,SELECT COUNT(*) FROM quotes_daily
6298653,2026-08-12 21:03:59.806398,1.654047,6298653,,0,0,65,0,0,0,0,0.0019,0,23,0,0,"SELECT COUNT(*) AS days_traded, SUM(n_quotes) AS total_quotes, MIN(bp_min) AS lowest_bid, MAX(bp_max) AS highest_bid, MIN(ap_min) AS lowest_ask, MAX(ap_max) AS highest_ask, SUM(spread_sum) / SUM(n_quotes) AS avg_spread, SUM(bs_sum) AS total_bid_volum"
6298653,2026-08-12 21:03:59.806398,1.654047,6298653,quotes_shared.public.mv_tbl__quotes_daily__0,1,233596,21,0,0,0,0,1.5703,78,19,0,0,"SELECT COUNT(*) AS days_traded, SUM(n_quotes) AS total_quotes, MIN(bp_min) AS lowest_bid, MAX(bp_max) AS highest_bid, MIN(ap_min) AS lowest_ask, MAX(ap_max) AS highest_ask, SUM(spread_sum) / SUM(n_quotes) AS avg_spread, SUM(bs_sum) AS total_bid_volum"
6298664,2026-08-12 21:04:01.920197,0.288809,6298664,,0,0,133,0,0,0,0,0.1944,91,21,0,0,"SELECT sym, COUNT(*) AS days_traded, SUM(n_quotes) AS total_quotes, MIN(bp_min) AS lowest_bid, MAX(bp_max) AS highest_bid, SUM(spread_sum) / SUM(n_quotes) AS avg_spread FROM quotes_daily WHERE sym IN ('AAPL', 'MSFT', 'GOOGL', 'AMZN', 'TSLA', 'META', "
6298664,2026-08-12 21:04:01.920197,0.288809,6298664,quotes_shared.public.mv_tbl__quotes_daily__0,1,245359,168,0,0,0,0,0.1914,41,87,0,0,"SELECT sym, COUNT(*) AS days_traded, SUM(n_quotes) AS total_quotes, MIN(bp_min) AS lowest_bid, MAX(bp_max) AS highest_bid, SUM(spread_sum) / SUM(n_quotes) AS avg_spread FROM quotes_daily WHERE sym IN ('AAPL', 'MSFT', 'GOOGL', 'AMZN', 'TSLA', 'META', "
6298671,2026-08-12 21:04:02.689037,0.095294,6298671,,0,0,166567,0,0,0,0,0.0068,16,16,0,0,"SELECT sym, pct_range FROM ( SELECT sym, (MAX(bp_max) - MIN(bp_min)) / MIN(bp_min) * 100 AS pct_range FROM quotes_daily GROUP BY sym ) t ORDER BY ABS(pct_range) DESC LIMIT 20"
6298671,2026-08-12 21:04:02.689037,0.095294,6298671,quotes_shared.public.mv_tbl__quotes_daily__0,1,245359,231114,0,0,0,0,0.0031,26,31,0,0,"SELECT sym, pct_range FROM ( SELECT sym, (MAX(bp_max) - MIN(bp_min)) / MIN(bp_min) * 100 AS pct_range FROM quotes_daily GROUP BY sym ) t ORDER BY ABS(pct_range) DESC LIMIT 20"
6298678,2026-08-12 21:04:03.254451,0.398691,6298678,,0,0,824,0,0,0,0,0.3143,60,20,0,0,"SELECT day, SUM(n_quotes) AS total_quotes, SUM(bs_sum) + SUM(as_sum) AS total_volume, SUM(spread_sum) / SUM(n_quotes) AS avg_spread FROM quotes_daily GROUP BY day ORDER BY day"
6298678,2026-08-12 21:04:03.254451,0.398691,6298678,quotes_shared.public.mv_tbl__quotes_daily__0,1,245359,231114,0,0,0,0,0.3115,31,40,0,0,"SELECT day, SUM(n_quotes) AS total_quotes, SUM(bs_sum) + SUM(as_sum) AS total_volume, SUM(spread_sum) / SUM(n_quotes) AS avg_spread FROM quotes_daily GROUP BY day ORDER BY day"
6501381,2026-08-12 21:14:06.995487,2.913587,6501381,,0,0,65,0,0,0,0,0.0024,0,28,0,0,"SELECT COALESCE(SUM(n_quotes), 0) FROM quotes_daily"
6501381,2026-08-12 21:14:06.995487,2.913587,6501381,quotes_shared.public.mv_tbl__quotes_daily__0,1,256800,241139,0,0,0,0,1.1191,39,36,0,0,"SELECT COALESCE(SUM(n_quotes), 0) FROM quotes_daily"
6501384,2026-08-12 21:14:09.910823,0.079597,6501384,,0,0,65,0,0,0,0,0.0016,0,20,0,0,SELECT COUNT(*) FROM quotes_daily
6501384,2026-08-12 21:14:09.910823,0.079597,6501384,quotes_shared.public.mv_tbl__quotes_daily__0,1,256758,241139,0,0,0,0,0.0012,39,20,0,0,SELECT COUNT(*) FROM quotes_daily
6501387,2026-08-12 21:14:09.992072,1.721127,6501387,,0,0,65,0,0,0,0,0.0134,0,61,0,0,"SELECT COUNT(*) AS days_traded, SUM(n_quotes) AS total_quotes, MIN(bp_min) AS lowest_bid, MAX(bp_max) AS highest_bid, MIN(ap_min) AS lowest_ask, MAX(ap_max) AS highest_ask, SUM(spread_sum) / SUM(n_quotes) AS avg_spread, SUM(bs_sum) AS total_bid_volum"
6501387,2026-08-12 21:14:09.992072,1.721127,6501387,quotes_shared.public.mv_tbl__quotes_daily__0,1,245835,22,0,0,0,0,1.6286,77,22,0,0,"SELECT COUNT(*) AS days_traded, SUM(n_quotes) AS total_quotes, MIN(bp_min) AS lowest_bid, MAX(bp_max) AS highest_bid, MIN(ap_min) AS lowest_ask, MAX(ap_max) AS highest_ask, SUM(spread_sum) / SUM(n_quotes) AS avg_spread, SUM(bs_sum) AS total_bid_volum"
6501396,2026-08-12 21:14:14.045939,0.365698,6501396,,0,0,136,0,0,0,0,0.2715,91,20,0,0,"SELECT sym, COUNT(*) AS days_traded, SUM(n_quotes) AS total_quotes, MIN(bp_min) AS lowest_bid, MAX(bp_max) AS highest_bid, SUM(spread_sum) / SUM(n_quotes) AS avg_spread FROM quotes_daily WHERE sym IN ('AAPL', 'MSFT', 'GOOGL', 'AMZN', 'TSLA', 'META', "
6501396,2026-08-12 21:14:14.045939,0.365698,6501396,quotes_shared.public.mv_tbl__quotes_daily__0,1,256800,176,0,0,0,0,0.2671,63,86,0,0,"SELECT sym, COUNT(*) AS days_traded, SUM(n_quotes) AS total_quotes, MIN(bp_min) AS lowest_bid, MAX(bp_max) AS highest_bid, SUM(spread_sum) / SUM(n_quotes) AS avg_spread FROM quotes_daily WHERE sym IN ('AAPL', 'MSFT', 'GOOGL', 'AMZN', 'TSLA', 'META', "
6501403,2026-08-12 21:14:14.899841,0.097717,6501403,,0,0,170154,0,0,0,0,0.0101,15,24,0,0,"SELECT sym, pct_range FROM ( SELECT sym, (MAX(bp_max) - MIN(bp_min)) / MIN(bp_min) * 100 AS pct_range FROM quotes_daily GROUP BY sym ) t ORDER BY ABS(pct_range) DESC LIMIT 20"
6501403,2026-08-12 21:14:14.899841,0.097717,6501403,quotes_shared.public.mv_tbl__quotes_daily__0,1,256800,241139,0,0,0,0,0.0052,33,43,0,0,"SELECT sym, pct_range FROM ( SELECT sym, (MAX(bp_max) - MIN(bp_min)) / MIN(bp_min) * 100 AS pct_range FROM quotes_daily GROUP BY sym ) t ORDER BY ABS(pct_range) DESC LIMIT 20"
6501410,2026-08-12 21:14:15.476933,0.880288,6501410,,0,0,858,0,0,0,0,0.7959,59,28,0,0,"SELECT day, SUM(n_quotes) AS total_quotes, SUM(bs_sum) + SUM(as_sum) AS total_volume, SUM(spread_sum) / SUM(n_quotes) AS avg_spread FROM quotes_daily GROUP BY day ORDER BY day"
6501410,2026-08-12 21:14:15.476933,0.880288,6501410,quotes_shared.public.mv_tbl__quotes_daily__0,1,256800,241139,0,0,0,0,0.7875,38,55,0,0,"SELECT day, SUM(n_quotes) AS total_quotes, SUM(bs_sum) + SUM(as_sum) AS total_volume, SUM(spread_sum) / SUM(n_quotes) AS avg_spread FROM quotes_daily GROUP BY day ORDER BY day"
6704453,2026-08-12 21:24:06.624494,2.601293,6704453,,0,0,65,0,0,0,0,0.0055,0,43,0,0,"SELECT COALESCE(SUM(n_quotes), 0) FROM quotes_daily"
6704453,2026-08-12 21:24:06.624494,2.601293,6704453,quotes_shared.public.mv_tbl__quotes_daily__0,1,279786,256508,0,0,0,0,0.7443,49,23,0,0,"SELECT COALESCE(SUM(n_quotes), 0) FROM quotes_daily"
6704456,2026-08-12 21:24:09.227528,0.092657,6704456,,0,0,65,0,0,0,0,0.0070,0,23,0,0,SELECT COUNT(*) FROM quotes_daily
6704456,2026-08-12 21:24:09.227528,0.092657,6704456,quotes_shared.public.mv_tbl__quotes_daily__0,1,279786,256508,0,0,0,0,0.0037,73,36,0,0,SELECT COUNT(*) FROM quotes_daily
6704459,2026-08-12 21:24:09.321868,1.696754,6704459,,0,0,65,0,0,0,0,0.0021,0,26,0,0,"SELECT COUNT(*) AS days_traded, SUM(n_quotes) AS total_quotes, MIN(bp_min) AS lowest_bid, MAX(bp_max) AS highest_bid, MIN(ap_min) AS lowest_ask, MAX(ap_max) AS highest_ask, SUM(spread_sum) / SUM(n_quotes) AS avg_spread, SUM(bs_sum) AS total_bid_volum"
6704459,2026-08-12 21:24:09.321868,1.696754,6704459,quotes_shared.public.mv_tbl__quotes_daily__0,1,274475,23,0,0,0,0,1.6013,82,25,0,0,"SELECT COUNT(*) AS days_traded, SUM(n_quotes) AS total_quotes, MIN(bp_min) AS lowest_bid, MAX(bp_max) AS highest_bid, MIN(ap_min) AS lowest_ask, MAX(ap_max) AS highest_ask, SUM(spread_sum) / SUM(n_quotes) AS avg_spread, SUM(bs_sum) AS total_bid_volum"
6704466,2026-08-12 21:24:11.787808,0.380237,6704466,,0,0,140,0,0,0,0,0.2851,91,28,0,0,"SELECT sym, COUNT(*) AS days_traded, SUM(n_quotes) AS total_quotes, MIN(bp_min) AS lowest_bid, MAX(bp_max) AS highest_bid, SUM(spread_sum) / SUM(n_quotes) AS avg_spread FROM quotes_daily WHERE sym IN ('AAPL', 'MSFT', 'GOOGL', 'AMZN', 'TSLA', 'META', "
6704466,2026-08-12 21:24:11.787808,0.380237,6704466,quotes_shared.public.mv_tbl__quotes_daily__0,1,279786,184,0,0,0,0,0.2804,58,88,0,0,"SELECT sym, COUNT(*) AS days_traded, SUM(n_quotes) AS total_quotes, MIN(bp_min) AS lowest_bid, MAX(bp_max) AS highest_bid, SUM(spread_sum) / SUM(n_quotes) AS avg_spread FROM quotes_daily WHERE sym IN ('AAPL', 'MSFT', 'GOOGL', 'AMZN', 'TSLA', 'META', "
6704473,2026-08-12 21:24:12.651678,0.09671,6704473,,0,0,177171,0,0,0,0,0.0087,15,30,0,0,"SELECT sym, pct_range FROM ( SELECT sym, (MAX(bp_max) - MIN(bp_min)) / MIN(bp_min) * 100 AS pct_range FROM quotes_daily GROUP BY sym ) t ORDER BY ABS(pct_range) DESC LIMIT 20"
6704473,2026-08-12 21:24:12.651678,0.09671,6704473,quotes_shared.public.mv_tbl__quotes_daily__0,1,279786,256508,0,0,0,0,0.0040,30,28,0,0,"SELECT sym, pct_range FROM ( SELECT sym, (MAX(bp_max) - MIN(bp_min)) / MIN(bp_min) * 100 AS pct_range FROM quotes_daily GROUP BY sym ) t ORDER BY ABS(pct_range) DESC LIMIT 20"
6704480,2026-08-12 21:24:13.242000,0.579415,6704480,,0,0,924,0,0,0,0,0.4942,70,29,0,0,"SELECT day, SUM(n_quotes) AS total_quotes, SUM(bs_sum) + SUM(as_sum) AS total_volume, SUM(spread_sum) / SUM(n_quotes) AS avg_spread FROM quotes_daily GROUP BY day ORDER BY day"
6704480,2026-08-12 21:24:13.242000,0.579415,6704480,quotes_shared.public.mv_tbl__quotes_daily__0,1,279786,256508,0,0,0,0,0.4902,38,59,0,0,"SELECT day, SUM(n_quotes) AS total_quotes, SUM(bs_sum) + SUM(as_sum) AS total_volume, SUM(spread_sum) / SUM(n_quotes) AS avg_spread FROM quotes_daily GROUP BY day ORDER BY day"
6907525,2026-08-12 21:34:07.188875,2.624027,6907525,,0,0,65,0,0,0,0,0.0076,0,61,0,0,"SELECT COALESCE(SUM(n_quotes), 0) FROM quotes_daily"
6907525,2026-08-12 21:34:07.188875,2.624027,6907525,quotes_shared.public.mv_tbl__quotes_daily__0,1,277744,266369,0,0,0,0,0.7326,52,21,0,0,"SELECT COALESCE(SUM(n_quotes), 0) FROM quotes_daily"
6907528,2026-08-12 21:34:09.814516,0.09788,6907528,,0,0,65,0,0,0,0,0.0036,0,40,0,0,SELECT COUNT(*) FROM quotes_daily
6907528,2026-08-12 21:34:09.814516,0.09788,6907528,quotes_shared.public.mv_tbl__quotes_daily__0,1,277744,266369,0,0,0,0,0.0068,61,47,0,0,SELECT COUNT(*) FROM quotes_daily
6907531,2026-08-12 21:34:09.913957,1.591378,6907531,,0,0,65,0,0,0,0,0.0029,0,34,0,0,"SELECT COUNT(*) AS days_traded, SUM(n_quotes) AS total_quotes, MIN(bp_min) AS lowest_bid, MAX(bp_max) AS highest_bid, MIN(ap_min) AS lowest_ask, MAX(ap_max) AS highest_ask, SUM(spread_sum) / SUM(n_quotes) AS avg_spread, SUM(bs_sum) AS total_bid_volum"
6907531,2026-08-12 21:34:09.913957,1.591378,6907531,quotes_shared.public.mv_tbl__quotes_daily__0,1,267574,24,0,0,0,0,1.4988,75,19,0,0,"SELECT COUNT(*) AS days_traded, SUM(n_quotes) AS total_quotes, MIN(bp_min) AS lowest_bid, MAX(bp_max) AS highest_bid, MIN(ap_min) AS lowest_ask, MAX(ap_max) AS highest_ask, SUM(spread_sum) / SUM(n_quotes) AS avg_spread, SUM(bs_sum) AS total_bid_volum"
6907538,2026-08-12 21:34:12.206904,0.398123,6907538,,0,0,141,0,0,0,0,0.3049,91,41,0,0,"SELECT sym, COUNT(*) AS days_traded, SUM(n_quotes) AS total_quotes, MIN(bp_min) AS lowest_bid, MAX(bp_max) AS highest_bid, SUM(spread_sum) / SUM(n_quotes) AS avg_spread FROM quotes_daily WHERE sym IN ('AAPL', 'MSFT', 'GOOGL', 'AMZN', 'TSLA', 'META', "
6907538,2026-08-12 21:34:12.206904,0.398123,6907538,quotes_shared.public.mv_tbl__quotes_daily__0,1,277744,192,0,0,0,0,0.3004,53,89,0,0,"SELECT sym, COUNT(*) AS days_traded, SUM(n_quotes) AS total_quotes, MIN(bp_min) AS lowest_bid, MAX(bp_max) AS highest_bid, SUM(spread_sum) / SUM(n_quotes) AS avg_spread FROM quotes_daily WHERE sym IN ('AAPL', 'MSFT', 'GOOGL', 'AMZN', 'TSLA', 'META', "
6907545,2026-08-12 21:34:13.055243,0.092775,6907545,,0,0,177257,0,0,0,0,0.0102,15,28,0,0,"SELECT sym, pct_range FROM ( SELECT sym, (MAX(bp_max) - MIN(bp_min)) / MIN(bp_min) * 100 AS pct_range FROM quotes_daily GROUP BY sym ) t ORDER BY ABS(pct_range) DESC LIMIT 20"
6907545,2026-08-12 21:34:13.055243,0.092775,6907545,quotes_shared.public.mv_tbl__quotes_daily__0,1,277744,266369,0,0,0,0,0.0058,58,43,0,0,"SELECT sym, pct_range FROM ( SELECT sym, (MAX(bp_max) - MIN(bp_min)) / MIN(bp_min) * 100 AS pct_range FROM quotes_daily GROUP BY sym ) t ORDER BY ABS(pct_range) DESC LIMIT 20"
6907552,2026-08-12 21:34:13.585623,0.39549,6907552,,0,0,957,0,0,0,0,0.3115,69,30,0,0,"SELECT day, SUM(n_quotes) AS total_quotes, SUM(bs_sum) + SUM(as_sum) AS total_volume, SUM(spread_sum) / SUM(n_quotes) AS avg_spread FROM quotes_daily GROUP BY day ORDER BY day"
6907552,2026-08-12 21:34:13.585623,0.39549,6907552,quotes_shared.public.mv_tbl__quotes_daily__0,1,277744,266369,0,0,0,0,0.3078,39,51,0,0,"SELECT day, SUM(n_quotes) AS total_quotes, SUM(bs_sum) + SUM(as_sum) AS total_volume, SUM(spread_sum) / SUM(n_quotes) AS avg_spread FROM quotes_daily GROUP BY day ORDER BY day"
7110597,2026-08-12 21:44:07.182629,2.694826,7110597,,0,0,65,0,0,0,0,0.0034,0,29,0,0,"SELECT COALESCE(SUM(n_quotes), 0) FROM quotes_daily"
7110597,2026-08-12 21:44:07.182629,2.694826,7110597,quotes_shared.public.mv_tbl__quotes_daily__0,1,277176,276136,0,0,0,0,0.8567,48,31,0,0,"SELECT COALESCE(SUM(n_quotes), 0) FROM quotes_daily"
7110600,2026-08-12 21:44:09.879114,0.072162,7110600,,0,0,65,0,0,0,0,0.0028,0,32,0,0,SELECT COUNT(*) FROM quotes_daily
7110600,2026-08-12 21:44:09.879114,0.072162,7110600,quotes_shared.public.mv_tbl__quotes_daily__0,1,277176,276136,0,0,0,0,0.0025,60,34,0,0,SELECT COUNT(*) FROM quotes_daily
7110603,2026-08-12 21:44:09.953024,1.217073,7110603,,0,0,65,0,0,0,0,0.0022,0,26,0,0,"SELECT COUNT(*) AS days_traded, SUM(n_quotes) AS total_quotes, MIN(bp_min) AS lowest_bid, MAX(bp_max) AS highest_bid, MIN(ap_min) AS lowest_ask, MAX(ap_max) AS highest_ask, SUM(spread_sum) / SUM(n_quotes) AS avg_spread, SUM(bs_sum) AS total_bid_volum"
7110603,2026-08-12 21:44:09.953024,1.217073,7110603,quotes_shared.public.mv_tbl__quotes_daily__0,1,269609,25,0,0,0,0,1.1319,73,10,0,0,"SELECT COUNT(*) AS days_traded, SUM(n_quotes) AS total_quotes, MIN(bp_min) AS lowest_bid, MAX(bp_max) AS highest_bid, MIN(ap_min) AS lowest_ask, MAX(ap_max) AS highest_ask, SUM(spread_sum) / SUM(n_quotes) AS avg_spread, SUM(bs_sum) AS total_bid_volum"
7110610,2026-08-12 21:44:11.918155,0.397045,7110610,,0,0,141,0,0,0,0,0.3078,91,27,0,0,"SELECT sym, COUNT(*) AS days_traded, SUM(n_quotes) AS total_quotes, MIN(bp_min) AS lowest_bid, MAX(bp_max) AS highest_bid, SUM(spread_sum) / SUM(n_quotes) AS avg_spread FROM quotes_daily WHERE sym IN ('AAPL', 'MSFT', 'GOOGL', 'AMZN', 'TSLA', 'META', "
7110610,2026-08-12 21:44:11.918155,0.397045,7110610,quotes_shared.public.mv_tbl__quotes_daily__0,1,277176,200,0,0,0,0,0.3036,47,90,0,0,"SELECT sym, COUNT(*) AS days_traded, SUM(n_quotes) AS total_quotes, MIN(bp_min) AS lowest_bid, MAX(bp_max) AS highest_bid, SUM(spread_sum) / SUM(n_quotes) AS avg_spread FROM quotes_daily WHERE sym IN ('AAPL', 'MSFT', 'GOOGL', 'AMZN', 'TSLA', 'META', "
7110617,2026-08-12 21:44:12.782557,0.09246,7110617,,0,0,185379,0,0,0,0,0.0125,14,28,0,0,"SELECT sym, pct_range FROM ( SELECT sym, (MAX(bp_max) - MIN(bp_min)) / MIN(bp_min) * 100 AS pct_range FROM quotes_daily GROUP BY sym ) t ORDER BY ABS(pct_range) DESC LIMIT 20"
7110617,2026-08-12 21:44:12.782557,0.09246,7110617,quotes_shared.public.mv_tbl__quotes_daily__0,1,277176,276136,0,0,0,0,0.0066,28,54,0,0,"SELECT sym, pct_range FROM ( SELECT sym, (MAX(bp_max) - MIN(bp_min)) / MIN(bp_min) * 100 AS pct_range FROM quotes_daily GROUP BY sym ) t ORDER BY ABS(pct_range) DESC LIMIT 20"
7110624,2026-08-12 21:44:13.380244,0.423948,7110624,,0,0,990,0,0,0,0,0.3465,68,27,0,0,"SELECT day, SUM(n_quotes) AS total_quotes, SUM(bs_sum) + SUM(as_sum) AS total_volume, SUM(spread_sum) / SUM(n_quotes) AS avg_spread FROM quotes_daily GROUP BY day ORDER BY day"
7110624,2026-08-12 21:44:13.380244,0.423948,7110624,quotes_shared.public.mv_tbl__quotes_daily__0,1,277176,276136,0,0,0,0,0.3432,28,57,0,0,"SELECT day, SUM(n_quotes) AS total_quotes, SUM(bs_sum) + SUM(as_sum) AS total_volume, SUM(spread_sum) / SUM(n_quotes) AS avg_spread FROM quotes_daily GROUP BY day ORDER BY day"
7313670,2026-08-12 21:54:07.171972,2.857108,7313670,,0,0,65,0,0,0,0,0.0035,0,21,0,0,"SELECT COALESCE(SUM(n_quotes), 0) FROM quotes_daily"
7313670,2026-08-12 21:54:07.171972,2.857108,7313670,quotes_shared.public.mv_tbl__quotes_daily__0,1,301912,276939,0,0,0,0,0.7513,54,31,0,0,"SELECT COALESCE(SUM(n_quotes), 0) FROM quotes_daily"
7313669,2026-08-12 21:54:07.172115,2.857146,7313669,,0,0,65,0,0,0,0,0.0039,0,22,0,0,"SELECT COALESCE(SUM(n_quotes), 0) FROM quotes_daily"
7313669,2026-08-12 21:54:07.172115,2.857146,7313669,quotes_shared.public.mv_tbl__quotes_daily__0,1,301912,276939,0,0,0,0,0.7397,50,32,0,0,"SELECT COALESCE(SUM(n_quotes), 0) FROM quotes_daily"
7313676,2026-08-12 21:54:10.030767,0.078585,7313676,,0,0,65,0,0,0,0,0.0025,0,33,0,0,SELECT COUNT(*) FROM quotes_daily
7313676,2026-08-12 21:54:10.030767,0.078585,7313676,quotes_shared.public.mv_tbl__quotes_daily__0,1,301842,276939,0,0,0,0,0.0024,54,17,0,0,SELECT COUNT(*) FROM quotes_daily
7313675,2026-08-12 21:54:10.030847,0.068633,7313675,,0,0,65,0,0,0,0,0.0030,0,36,0,0,SELECT COUNT(*) FROM quotes_daily
7313675,2026-08-12 21:54:10.030847,0.068633,7313675,quotes_shared.public.mv_tbl__quotes_daily__0,1,301842,276939,0,0,0,0,0.0019,37,17,0,0,SELECT COUNT(*) FROM quotes_daily
7313684,2026-08-12 21:54:10.101091,77.17451,7313684,,0,0,45546837,0,0,0,0,75.9918,45,43,0,0,"WITH src AS ( SELECT DATE_TRUNC('hour', TIMESTAMP 'epoch' + t / 1000 * INTERVAL '1 second') AS hour, bp, bs, ap, t FROM quotes_typed WHERE sym = 'AAPL' ), ranked AS ( SELECT hour, bp, bs, ap, ROW_NUMBER() OVER (PARTITION BY hour ORDER BY t ASC) AS rn"
7313684,2026-08-12 21:54:10.101091,77.17451,7313684,quotes_shared.public.mv_tbl__quotes_typed__0,1,6840967834,15182279,0,0,0,0,75.8594,9,2,0,0,"WITH src AS ( SELECT DATE_TRUNC('hour', TIMESTAMP 'epoch' + t / 1000 * INTERVAL '1 second') AS hour, bp, bs, ap, t FROM quotes_typed WHERE sym = 'AAPL' ), ranked AS ( SELECT hour, bp, bs, ap, ROW_NUMBER() OVER (PARTITION BY hour ORDER BY t ASC) AS rn"
7313681,2026-08-12 21:54:10.110971,3.082682,7313681,,0,0,65,0,0,0,0,0.0053,0,30,0,0,"SELECT COUNT(*) AS days_traded, SUM(n_quotes) AS total_quotes, MIN(bp_min) AS lowest_bid, MAX(bp_max) AS highest_bid, MIN(ap_min) AS lowest_ask, MAX(ap_max) AS highest_ask, SUM(spread_sum) / SUM(n_quotes) AS avg_spread, SUM(bs_sum) AS total_bid_volum"
7313681,2026-08-12 21:54:10.110971,3.082682,7313681,quotes_shared.public.mv_tbl__quotes_daily__0,1,293795,25,0,0,0,0,2.9823,73,15,0,0,"SELECT COUNT(*) AS days_traded, SUM(n_quotes) AS total_quotes, MIN(bp_min) AS lowest_bid, MAX(bp_max) AS highest_bid, MIN(ap_min) AS lowest_ask, MAX(ap_max) AS highest_ask, SUM(spread_sum) / SUM(n_quotes) AS avg_spread, SUM(bs_sum) AS total_bid_volum"
7313691,2026-08-12 21:54:14.126132,0.469775,7313691,,0,0,150,0,0,0,0,0.3382,91,19,0,0,"SELECT sym, COUNT(*) AS days_traded, SUM(n_quotes) AS total_quotes, MIN(bp_min) AS lowest_bid, MAX(bp_max) AS highest_bid, SUM(spread_sum) / SUM(n_quotes) AS avg_spread FROM quotes_daily WHERE sym IN ('AAPL', 'MSFT', 'GOOGL', 'AMZN', 'TSLA', 'META', "
7313691,2026-08-12 21:54:14.126132,0.469775,7313691,quotes_shared.public.mv_tbl__quotes_daily__0,1,301912,200,0,0,0,0,0.3331,51,89,0,0,"SELECT sym, COUNT(*) AS days_traded, SUM(n_quotes) AS total_quotes, MIN(bp_min) AS lowest_bid, MAX(bp_max) AS highest_bid, SUM(spread_sum) / SUM(n_quotes) AS avg_spread FROM quotes_daily WHERE sym IN ('AAPL', 'MSFT', 'GOOGL', 'AMZN', 'TSLA', 'META', "
7313698,2026-08-12 21:54:15.251943,0.109469,7313698,,0,0,182830,0,0,0,0,0.0151,13,26,0,0,"SELECT sym, pct_range FROM ( SELECT sym, (MAX(bp_max) - MIN(bp_min)) / MIN(bp_min) * 100 AS pct_range FROM quotes_daily GROUP BY sym ) t ORDER BY ABS(pct_range) DESC LIMIT 20"
7313698,2026-08-12 21:54:15.251943,0.109469,7313698,quotes_shared.public.mv_tbl__quotes_daily__0,1,301912,276939,0,0,0,0,0.0091,47,57,0,0,"SELECT sym, pct_range FROM ( SELECT sym, (MAX(bp_max) - MIN(bp_min)) / MIN(bp_min) * 100 AS pct_range FROM quotes_daily GROUP BY sym ) t ORDER BY ABS(pct_range) DESC LIMIT 20"
7313705,2026-08-12 21:54:15.884640,0.500949,7313705,,0,0,990,0,0,0,0,0.3986,68,60,0,0,"SELECT day, SUM(n_quotes) AS total_quotes, SUM(bs_sum) + SUM(as_sum) AS total_volume, SUM(spread_sum) / SUM(n_quotes) AS avg_spread FROM quotes_daily GROUP BY day ORDER BY day"
7313705,2026-08-12 21:54:15.884640,0.500949,7313705,quotes_shared.public.mv_tbl__quotes_daily__0,1,301912,276939,0,0,0,0,0.3786,48,45,0,0,"SELECT day, SUM(n_quotes) AS total_quotes, SUM(bs_sum) + SUM(as_sum) AS total_volume, SUM(spread_sum) / SUM(n_quotes) AS avg_spread FROM quotes_daily GROUP BY day ORDER BY day"
7313749,2026-08-12 21:55:27.758330,196.627533,7313749,,0,0,97,0,0,0,0,0.0792,0,26,0,0,"WITH s AS ( SELECT (ap - bp) AS spread, (bp + ap) / 2.0 AS mid, bs AS bs, ""as"" AS az FROM quotes_typed WHERE sym = 'AAPL' ), agg AS ( SELECT COUNT(*)::float8 AS n, SUM(spread) AS s1, SUM(POWER(spread, 2)) AS s2, SUM(POWER(spread, 3)) AS s3, SUM(POWER"
7313749,2026-08-12 21:55:27.758330,196.627533,7313749,quotes_shared.public.mv_tbl__quotes_typed__0,1,6872755601,15233205,0,0,0,0,194.7709,12,0,0,0,"WITH s AS ( SELECT (ap - bp) AS spread, (bp + ap) / 2.0 AS mid, bs AS bs, ""as"" AS az FROM quotes_typed WHERE sym = 'AAPL' ), agg AS ( SELECT COUNT(*)::float8 AS n, SUM(spread) AS s1, SUM(POWER(spread, 2)) AS s2, SUM(POWER(spread, 3)) AS s3, SUM(POWER"
7313841,2026-08-12 21:58:44.848374,71.840974,7313841,,0,0,46397955,0,0,0,0,68.8922,44,60,0,0,"WITH src AS ( SELECT DATE_TRUNC('hour', TIMESTAMP 'epoch' + payload.t::bigint / 1000 * INTERVAL '1 second') AS hour, payload.bp::float8 AS bp, payload.bs::bigint AS bs, payload.ap::float8 AS ap, payload.t::bigint AS t FROM quotes_streamed WHERE sym ="
7313841,2026-08-12 21:58:44.848374,71.840974,7313841,quotes_shared.public.mv_tbl__quotes_streamed__0,1,18266689735,15465985,0,0,0,0,68.6415,2,1,0,0,"WITH src AS ( SELECT DATE_TRUNC('hour', TIMESTAMP 'epoch' + payload.t::bigint / 1000 * INTERVAL '1 second') AS hour, payload.bp::float8 AS bp, payload.bs::bigint AS bs, payload.ap::float8 AS ap, payload.t::bigint AS t FROM quotes_streamed WHERE sym ="
7313885,2026-08-12 22:00:00.339297,32.334565,7313885,,0,0,97,0,0,0,0,0.0647,0,27,0,0,"WITH s AS ( SELECT (payload.ap::float8 - payload.bp::float8) AS spread, (payload.bp::float8 + payload.ap::float8) / 2.0 AS mid, payload.bs::bigint AS bs, payload.""as""::bigint AS az FROM quotes_streamed WHERE sym = 'AAPL' ), agg AS ( SELECT COUNT(*)::"
7313885,2026-08-12 22:00:00.339297,32.334565,7313885,quotes_shared.public.mv_tbl__quotes_streamed__0,1,18333090718,15533049,0,0,0,0,30.6950,7,2,0,0,"WITH s AS ( SELECT (payload.ap::float8 - payload.bp::float8) AS spread, (payload.bp::float8 + payload.ap::float8) / 2.0 AS mid, payload.bs::bigint AS bs, payload.""as""::bigint AS az FROM quotes_streamed WHERE sym = 'AAPL' ), agg AS ( SELECT COUNT(*)::"
7314010,2026-08-12 22:03:56.846581,2.008228,7314010,,0,0,65,0,0,0,0,0.0020,0,22,0,0,"SELECT COALESCE(SUM(n_quotes), 0) FROM quotes_daily"
7314010,2026-08-12 22:03:56.846581,2.008228,7314010,quotes_shared.public.mv_tbl__quotes_daily__0,1,296830,286890,0,0,0,0,0.5445,28,16,0,0,"SELECT COALESCE(SUM(n_quotes), 0) FROM quotes_daily"
7314015,2026-08-12 22:03:58.856448,0.062218,7314015,,0,0,65,0,0,0,0,0.0015,0,30,0,0,SELECT COUNT(*) FROM quotes_daily
7314015,2026-08-12 22:03:58.856448,0.062218,7314015,quotes_shared.public.mv_tbl__quotes_daily__0,1,296830,286890,0,0,0,0,0.0009,39,11,0,0,SELECT COUNT(*) FROM quotes_daily
7314018,2026-08-12 22:03:58.920314,1.243909,7314018,,0,0,65,0,0,0,0,0.0019,0,27,0,0,"SELECT COUNT(*) AS days_traded, SUM(n_quotes) AS total_quotes, MIN(bp_min) AS lowest_bid, MAX(bp_max) AS highest_bid, MIN(ap_min) AS lowest_ask, MAX(ap_max) AS highest_ask, SUM(spread_sum) / SUM(n_quotes) AS avg_spread, SUM(bs_sum) AS total_bid_volum"
7314018,2026-08-12 22:03:58.920314,1.243909,7314018,quotes_shared.public.mv_tbl__quotes_daily__0,1,290681,26,0,0,0,0,1.1737,72,6,0,0,"SELECT COUNT(*) AS days_traded, SUM(n_quotes) AS total_quotes, MIN(bp_min) AS lowest_bid, MAX(bp_max) AS highest_bid, MIN(ap_min) AS lowest_ask, MAX(ap_max) AS highest_ask, SUM(spread_sum) / SUM(n_quotes) AS avg_spread, SUM(bs_sum) AS total_bid_volum"
7314025,2026-08-12 22:04:00.666507,0.247006,7314025,,0,0,153,0,0,0,0,0.1677,91,23,0,0,"SELECT sym, COUNT(*) AS days_traded, SUM(n_quotes) AS total_quotes, MIN(bp_min) AS lowest_bid, MAX(bp_max) AS highest_bid, SUM(spread_sum) / SUM(n_quotes) AS avg_spread FROM quotes_daily WHERE sym IN ('AAPL', 'MSFT', 'GOOGL', 'AMZN', 'TSLA', 'META', "
7314025,2026-08-12 22:04:00.666507,0.247006,7314025,quotes_shared.public.mv_tbl__quotes_daily__0,1,296830,208,0,0,0,0,0.1648,45,93,0,0,"SELECT sym, COUNT(*) AS days_traded, SUM(n_quotes) AS total_quotes, MIN(bp_min) AS lowest_bid, MAX(bp_max) AS highest_bid, SUM(spread_sum) / SUM(n_quotes) AS avg_spread FROM quotes_daily WHERE sym IN ('AAPL', 'MSFT', 'GOOGL', 'AMZN', 'TSLA', 'META', "
7314032,2026-08-12 22:04:01.371385,0.07918,7314032,,0,0,192595,0,0,0,0,0.0074,13,22,0,0,"SELECT sym, pct_range FROM ( SELECT sym, (MAX(bp_max) - MIN(bp_min)) / MIN(bp_min) * 100 AS pct_range FROM quotes_daily GROUP BY sym ) t ORDER BY ABS(pct_range) DESC LIMIT 20"
7314032,2026-08-12 22:04:01.371385,0.07918,7314032,quotes_shared.public.mv_tbl__quotes_daily__0,1,296830,286890,0,0,0,0,0.0030,28,35,0,0,"SELECT sym, pct_range FROM ( SELECT sym, (MAX(bp_max) - MIN(bp_min)) / MIN(bp_min) * 100 AS pct_range FROM quotes_daily GROUP BY sym ) t ORDER BY ABS(pct_range) DESC LIMIT 20"
7314039,2026-08-12 22:04:01.883070,0.299042,7314039,,0,0,1023,0,0,0,0,0.2280,67,24,0,0,"SELECT day, SUM(n_quotes) AS total_quotes, SUM(bs_sum) + SUM(as_sum) AS total_volume, SUM(spread_sum) / SUM(n_quotes) AS avg_spread FROM quotes_daily GROUP BY day ORDER BY day"
7314039,2026-08-12 22:04:01.883070,0.299042,7314039,quotes_shared.public.mv_tbl__quotes_daily__0,1,296830,286890,0,0,0,0,0.2254,27,34,0,0,"SELECT day, SUM(n_quotes) AS total_quotes, SUM(bs_sum) + SUM(as_sum) AS total_volume, SUM(spread_sum) / SUM(n_quotes) AS avg_spread FROM quotes_daily GROUP BY day ORDER BY day"
7516804,2026-08-12 22:13:56.849333,2.33605,7516804,,0,0,65,0,0,0,0,0.0147,0,25,0,0,"SELECT COALESCE(SUM(n_quotes), 0) FROM quotes_daily"
7516804,2026-08-12 22:13:56.849333,2.33605,7516804,quotes_shared.public.mv_tbl__quotes_daily__0,1,300987,296814,0,0,0,0,0.5187,40,12,0,0,"SELECT COALESCE(SUM(n_quotes), 0) FROM quotes_daily"
7516807,2026-08-12 22:13:59.186975,0.076604,7516807,,0,0,65,0,0,0,0,0.0144,0,18,0,0,SELECT COUNT(*) FROM quotes_daily
7516807,2026-08-12 22:13:59.186975,0.076604,7516807,quotes_shared.public.mv_tbl__quotes_daily__0,1,300987,296814,0,0,0,0,0.0137,30,12,0,0,SELECT COUNT(*) FROM quotes_daily
7516810,2026-08-12 22:13:59.265190,1.265565,7516810,,0,0,65,0,0,0,0,0.0147,0,26,0,0,"SELECT COUNT(*) AS days_traded, SUM(n_quotes) AS total_quotes, MIN(bp_min) AS lowest_bid, MAX(bp_max) AS highest_bid, MIN(ap_min) AS lowest_ask, MAX(ap_max) AS highest_ask, SUM(spread_sum) / SUM(n_quotes) AS avg_spread, SUM(bs_sum) AS total_bid_volum"
7516810,2026-08-12 22:13:59.265190,1.265565,7516810,quotes_shared.public.mv_tbl__quotes_daily__0,1,292720,27,0,0,0,0,1.1946,71,14,0,0,"SELECT COUNT(*) AS days_traded, SUM(n_quotes) AS total_quotes, MIN(bp_min) AS lowest_bid, MAX(bp_max) AS highest_bid, MIN(ap_min) AS lowest_ask, MAX(ap_max) AS highest_ask, SUM(spread_sum) / SUM(n_quotes) AS avg_spread, SUM(bs_sum) AS total_bid_volum"
7516817,2026-08-12 22:14:02.786340,0.405876,7516817,,0,0,154,0,0,0,0,0.3395,91,25,0,0,"SELECT sym, COUNT(*) AS days_traded, SUM(n_quotes) AS total_quotes, MIN(bp_min) AS lowest_bid, MAX(bp_max) AS highest_bid, SUM(spread_sum) / SUM(n_quotes) AS avg_spread FROM quotes_daily WHERE sym IN ('AAPL', 'MSFT', 'GOOGL', 'AMZN', 'TSLA', 'META', "
7516817,2026-08-12 22:14:02.786340,0.405876,7516817,quotes_shared.public.mv_tbl__quotes_daily__0,1,300987,216,0,0,0,0,0.3236,55,90,0,0,"SELECT sym, COUNT(*) AS days_traded, SUM(n_quotes) AS total_quotes, MIN(bp_min) AS lowest_bid, MAX(bp_max) AS highest_bid, SUM(spread_sum) / SUM(n_quotes) AS avg_spread FROM quotes_daily WHERE sym IN ('AAPL', 'MSFT', 'GOOGL', 'AMZN', 'TSLA', 'META', "
7516824,2026-08-12 22:14:03.655978,0.09506,7516824,,0,0,196877,0,0,0,0,0.0324,12,36,0,0,"SELECT sym, pct_range FROM ( SELECT sym, (MAX(bp_max) - MIN(bp_min)) / MIN(bp_min) * 100 AS pct_range FROM quotes_daily GROUP BY sym ) t ORDER BY ABS(pct_range) DESC LIMIT 20"
7516824,2026-08-12 22:14:03.655978,0.09506,7516824,quotes_shared.public.mv_tbl__quotes_daily__0,1,300987,296814,0,0,0,0,0.0164,28,31,0,0,"SELECT sym, pct_range FROM ( SELECT sym, (MAX(bp_max) - MIN(bp_min)) / MIN(bp_min) * 100 AS pct_range FROM quotes_daily GROUP BY sym ) t ORDER BY ABS(pct_range) DESC LIMIT 20"
7516833,2026-08-12 22:14:04.192852,0.413932,7516833,,0,0,1056,0,0,0,0,0.3534,66,28,0,0,"SELECT day, SUM(n_quotes) AS total_quotes, SUM(bs_sum) + SUM(as_sum) AS total_volume, SUM(spread_sum) / SUM(n_quotes) AS avg_spread FROM quotes_daily GROUP BY day ORDER BY day"
7516833,2026-08-12 22:14:04.192852,0.413932,7516833,quotes_shared.public.mv_tbl__quotes_daily__0,1,300987,296814,0,0,0,0,0.3372,33,53,0,0,"SELECT day, SUM(n_quotes) AS total_quotes, SUM(bs_sum) + SUM(as_sum) AS total_volume, SUM(spread_sum) / SUM(n_quotes) AS avg_spread FROM quotes_daily GROUP BY day ORDER BY day"
7719813,2026-08-12 22:24:07.621622,2.618107,7719813,,0,0,65,0,0,0,0,0.0082,0,49,0,0,"SELECT COALESCE(SUM(n_quotes), 0) FROM quotes_daily"
7719813,2026-08-12 22:24:07.621622,2.618107,7719813,quotes_shared.public.mv_tbl__quotes_daily__0,1,323965,311830,0,0,0,0,0.6881,39,18,0,0,"SELECT COALESCE(SUM(n_quotes), 0) FROM quotes_daily"
7719816,2026-08-12 22:24:10.241585,0.070193,7719816,,0,0,65,0,0,0,0,0.0024,0,23,0,0,SELECT COUNT(*) FROM quotes_daily
7719816,2026-08-12 22:24:10.241585,0.070193,7719816,quotes_shared.public.mv_tbl__quotes_daily__0,1,323965,311830,0,0,0,0,0.0018,40,28,0,0,SELECT COUNT(*) FROM quotes_daily
7719819,2026-08-12 22:24:10.313383,1.974346,7719819,,0,0,65,0,0,0,0,0.0031,0,25,0,0,"SELECT COUNT(*) AS days_traded, SUM(n_quotes) AS total_quotes, MIN(bp_min) AS lowest_bid, MAX(bp_max) AS highest_bid, MIN(ap_min) AS lowest_ask, MAX(ap_max) AS highest_ask, SUM(spread_sum) / SUM(n_quotes) AS avg_spread, SUM(bs_sum) AS total_bid_volum"
7719819,2026-08-12 22:24:10.313383,1.974346,7719819,quotes_shared.public.mv_tbl__quotes_daily__0,1,317242,28,0,0,0,0,1.8955,70,30,0,0,"SELECT COUNT(*) AS days_traded, SUM(n_quotes) AS total_quotes, MIN(bp_min) AS lowest_bid, MAX(bp_max) AS highest_bid, MIN(ap_min) AS lowest_ask, MAX(ap_max) AS highest_ask, SUM(spread_sum) / SUM(n_quotes) AS avg_spread, SUM(bs_sum) AS total_bid_volum"
7719826,2026-08-12 22:24:13.099091,0.444484,7719826,,0,0,157,0,0,0,0,0.3543,91,28,0,0,"SELECT sym, COUNT(*) AS days_traded, SUM(n_quotes) AS total_quotes, MIN(bp_min) AS lowest_bid, MAX(bp_max) AS highest_bid, SUM(spread_sum) / SUM(n_quotes) AS avg_spread FROM quotes_daily WHERE sym IN ('AAPL', 'MSFT', 'GOOGL', 'AMZN', 'TSLA', 'META', "
7719826,2026-08-12 22:24:13.099091,0.444484,7719826,quotes_shared.public.mv_tbl__quotes_daily__0,1,323965,224,0,0,0,0,0.3502,53,89,0,0,"SELECT sym, COUNT(*) AS days_traded, SUM(n_quotes) AS total_quotes, MIN(bp_min) AS lowest_bid, MAX(bp_max) AS highest_bid, SUM(spread_sum) / SUM(n_quotes) AS avg_spread FROM quotes_daily WHERE sym IN ('AAPL', 'MSFT', 'GOOGL', 'AMZN', 'TSLA', 'META', "
7719833,2026-08-12 22:24:14.079802,0.099412,7719833,,0,0,201024,0,0,0,0,0.0092,16,28,0,0,"SELECT sym, pct_range FROM ( SELECT sym, (MAX(bp_max) - MIN(bp_min)) / MIN(bp_min) * 100 AS pct_range FROM quotes_daily GROUP BY sym ) t ORDER BY ABS(pct_range) DESC LIMIT 20"
7719833,2026-08-12 22:24:14.079802,0.099412,7719833,quotes_shared.public.mv_tbl__quotes_daily__0,1,323965,311830,0,0,0,0,0.0053,30,41,0,0,"SELECT sym, pct_range FROM ( SELECT sym, (MAX(bp_max) - MIN(bp_min)) / MIN(bp_min) * 100 AS pct_range FROM quotes_daily GROUP BY sym ) t ORDER BY ABS(pct_range) DESC LIMIT 20"
7719840,2026-08-12 22:24:14.666810,0.400949,7719840,,0,0,1122,0,0,0,0,0.3254,73,27,0,0,"SELECT day, SUM(n_quotes) AS total_quotes, SUM(bs_sum) + SUM(as_sum) AS total_volume, SUM(spread_sum) / SUM(n_quotes) AS avg_spread FROM quotes_daily GROUP BY day ORDER BY day"
7719840,2026-08-12 22:24:14.666810,0.400949,7719840,quotes_shared.public.mv_tbl__quotes_daily__0,1,323965,311830,0,0,0,0,0.3193,39,39,0,0,"SELECT day, SUM(n_quotes) AS total_quotes, SUM(bs_sum) + SUM(as_sum) AS total_volume, SUM(spread_sum) / SUM(n_quotes) AS avg_spread FROM quotes_daily GROUP BY day ORDER BY day"
7922885,2026-08-12 22:34:06.828969,2.786276,7922885,,0,0,65,0,0,0,0,0.0023,0,30,0,0,"SELECT COALESCE(SUM(n_quotes), 0) FROM quotes_daily"
7922885,2026-08-12 22:34:06.828969,2.786276,7922885,quotes_shared.public.mv_tbl__quotes_daily__0,1,332123,321539,0,0,0,0,0.7119,53,25,0,0,"SELECT COALESCE(SUM(n_quotes), 0) FROM quotes_daily"
7922888,2026-08-12 22:34:09.616984,0.078435,7922888,,0,0,65,0,0,0,0,0.0016,0,37,0,0,SELECT COUNT(*) FROM quotes_daily
7922888,2026-08-12 22:34:09.616984,0.078435,7922888,quotes_shared.public.mv_tbl__quotes_daily__0,1,332118,321539,0,0,0,0,0.0012,40,25,0,0,SELECT COUNT(*) FROM quotes_daily
7922891,2026-08-12 22:34:09.697162,1.717123,7922891,,0,0,65,0,0,0,0,0.0022,0,25,0,0,"SELECT COUNT(*) AS days_traded, SUM(n_quotes) AS total_quotes, MIN(bp_min) AS lowest_bid, MAX(bp_max) AS highest_bid, MIN(ap_min) AS lowest_ask, MAX(ap_max) AS highest_ask, SUM(spread_sum) / SUM(n_quotes) AS avg_spread, SUM(bs_sum) AS total_bid_volum"
7922891,2026-08-12 22:34:09.697162,1.717123,7922891,quotes_shared.public.mv_tbl__quotes_daily__0,1,326838,29,0,0,0,0,1.6354,69,26,0,0,"SELECT COUNT(*) AS days_traded, SUM(n_quotes) AS total_quotes, MIN(bp_min) AS lowest_bid, MAX(bp_max) AS highest_bid, MIN(ap_min) AS lowest_ask, MAX(ap_max) AS highest_ask, SUM(spread_sum) / SUM(n_quotes) AS avg_spread, SUM(bs_sum) AS total_bid_volum"
7922898,2026-08-12 22:34:12.116299,0.451045,7922898,,0,0,165,0,0,0,0,0.3591,91,39,0,0,"SELECT sym, COUNT(*) AS days_traded, SUM(n_quotes) AS total_quotes, MIN(bp_min) AS lowest_bid, MAX(bp_max) AS highest_bid, SUM(spread_sum) / SUM(n_quotes) AS avg_spread FROM quotes_daily WHERE sym IN ('AAPL', 'MSFT', 'GOOGL', 'AMZN', 'TSLA', 'META', "
7922898,2026-08-12 22:34:12.116299,0.451045,7922898,quotes_shared.public.mv_tbl__quotes_daily__0,1,332123,232,0,0,0,0,0.3555,34,93,0,0,"SELECT sym, COUNT(*) AS days_traded, SUM(n_quotes) AS total_quotes, MIN(bp_min) AS lowest_bid, MAX(bp_max) AS highest_bid, SUM(spread_sum) / SUM(n_quotes) AS avg_spread FROM quotes_daily WHERE sym IN ('AAPL', 'MSFT', 'GOOGL', 'AMZN', 'TSLA', 'META', "
7922905,2026-08-12 22:34:13.043896,0.093167,7922905,,0,0,203761,0,0,0,0,0.0089,16,30,0,0,"SELECT sym, pct_range FROM ( SELECT sym, (MAX(bp_max) - MIN(bp_min)) / MIN(bp_min) * 100 AS pct_range FROM quotes_daily GROUP BY sym ) t ORDER BY ABS(pct_range) DESC LIMIT 20"
7922905,2026-08-12 22:34:13.043896,0.093167,7922905,quotes_shared.public.mv_tbl__quotes_daily__0,1,332123,321539,0,0,0,0,0.0049,29,37,0,0,"SELECT sym, pct_range FROM ( SELECT sym, (MAX(bp_max) - MIN(bp_min)) / MIN(bp_min) * 100 AS pct_range FROM quotes_daily GROUP BY sym ) t ORDER BY ABS(pct_range) DESC LIMIT 20"
7922912,2026-08-12 22:34:15.842708,0.518956,7922912,,0,0,1155,0,0,0,0,0.4377,72,21,0,0,"SELECT day, SUM(n_quotes) AS total_quotes, SUM(bs_sum) + SUM(as_sum) AS total_volume, SUM(spread_sum) / SUM(n_quotes) AS avg_spread FROM quotes_daily GROUP BY day ORDER BY day"
7922912,2026-08-12 22:34:15.842708,0.518956,7922912,quotes_shared.public.mv_tbl__quotes_daily__0,1,332123,321539,0,0,0,0,0.4341,40,60,0,0,"SELECT day, SUM(n_quotes) AS total_quotes, SUM(bs_sum) + SUM(as_sum) AS total_volume, SUM(spread_sum) / SUM(n_quotes) AS avg_spread FROM quotes_daily GROUP BY day ORDER BY day"
8125957,2026-08-12 22:44:06.531861,2.346508,8125957,,0,0,65,0,0,0,0,0.0064,0,27,0,0,"SELECT COALESCE(SUM(n_quotes), 0) FROM quotes_daily"
8125957,2026-08-12 22:44:06.531861,2.346508,8125957,quotes_shared.public.mv_tbl__quotes_daily__0,1,344901,330174,0,0,0,0,0.5835,47,15,0,0,"SELECT COALESCE(SUM(n_quotes), 0) FROM quotes_daily"
8125962,2026-08-12 22:44:08.880232,0.093908,8125962,,0,0,65,0,0,0,0,0.0046,0,52,0,0,SELECT COUNT(*) FROM quotes_daily
8125962,2026-08-12 22:44:08.880232,0.093908,8125962,quotes_shared.public.mv_tbl__quotes_daily__0,1,344901,330174,0,0,0,0,0.0026,62,40,0,0,SELECT COUNT(*) FROM quotes_daily
8125965,2026-08-12 22:44:08.975804,1.394207,8125965,,0,0,65,0,0,0,0,0.0020,0,26,0,0,"SELECT COUNT(*) AS days_traded, SUM(n_quotes) AS total_quotes, MIN(bp_min) AS lowest_bid, MAX(bp_max) AS highest_bid, MIN(ap_min) AS lowest_ask, MAX(ap_max) AS highest_ask, SUM(spread_sum) / SUM(n_quotes) AS avg_spread, SUM(bs_sum) AS total_bid_volum"
8125965,2026-08-12 22:44:08.975804,1.394207,8125965,quotes_shared.public.mv_tbl__quotes_daily__0,1,342524,30,0,0,0,0,1.2965,81,13,0,0,"SELECT COUNT(*) AS days_traded, SUM(n_quotes) AS total_quotes, MIN(bp_min) AS lowest_bid, MAX(bp_max) AS highest_bid, MIN(ap_min) AS lowest_ask, MAX(ap_max) AS highest_ask, SUM(spread_sum) / SUM(n_quotes) AS avg_spread, SUM(bs_sum) AS total_bid_volum"
8125972,2026-08-12 22:44:11.085128,0.399171,8125972,,0,0,164,0,0,0,0,0.2902,91,39,0,0,"SELECT sym, COUNT(*) AS days_traded, SUM(n_quotes) AS total_quotes, MIN(bp_min) AS lowest_bid, MAX(bp_max) AS highest_bid, SUM(spread_sum) / SUM(n_quotes) AS avg_spread FROM quotes_daily WHERE sym IN ('AAPL', 'MSFT', 'GOOGL', 'AMZN', 'TSLA', 'META', "
8125972,2026-08-12 22:44:11.085128,0.399171,8125972,quotes_shared.public.mv_tbl__quotes_daily__0,1,344901,240,0,0,0,0,0.2856,46,92,0,0,"SELECT sym, COUNT(*) AS days_traded, SUM(n_quotes) AS total_quotes, MIN(bp_min) AS lowest_bid, MAX(bp_max) AS highest_bid, SUM(spread_sum) / SUM(n_quotes) AS avg_spread FROM quotes_daily WHERE sym IN ('AAPL', 'MSFT', 'GOOGL', 'AMZN', 'TSLA', 'META', "
8125979,2026-08-12 22:44:11.994196,0.097019,8125979,,0,0,209266,0,0,0,0,0.0083,16,26,0,0,"SELECT sym, pct_range FROM ( SELECT sym, (MAX(bp_max) - MIN(bp_min)) / MIN(bp_min) * 100 AS pct_range FROM quotes_daily GROUP BY sym ) t ORDER BY ABS(pct_range) DESC LIMIT 20"
8125979,2026-08-12 22:44:11.994196,0.097019,8125979,quotes_shared.public.mv_tbl__quotes_daily__0,1,344901,330174,0,0,0,0,0.0037,27,29,0,0,"SELECT sym, pct_range FROM ( SELECT sym, (MAX(bp_max) - MIN(bp_min)) / MIN(bp_min) * 100 AS pct_range FROM quotes_daily GROUP BY sym ) t ORDER BY ABS(pct_range) DESC LIMIT 20"
8125986,2026-08-12 22:44:12.576825,0.425338,8125986,,0,0,1186,0,0,0,0,0.3413,71,31,0,0,"SELECT day, SUM(n_quotes) AS total_quotes, SUM(bs_sum) + SUM(as_sum) AS total_volume, SUM(spread_sum) / SUM(n_quotes) AS avg_spread FROM quotes_daily GROUP BY day ORDER BY day"
8125986,2026-08-12 22:44:12.576825,0.425338,8125986,quotes_shared.public.mv_tbl__quotes_daily__0,1,344901,330174,0,0,0,0,0.3384,33,54,0,0,"SELECT day, SUM(n_quotes) AS total_quotes, SUM(bs_sum) + SUM(as_sum) AS total_volume, SUM(spread_sum) / SUM(n_quotes) AS avg_spread FROM quotes_daily GROUP BY day ORDER BY day"
8329032,2026-08-12 22:54:06.449735,2.584032,8329032,,0,0,65,0,0,0,0,0.0101,0,75,0,0,"SELECT COALESCE(SUM(n_quotes), 0) FROM quotes_daily"
8329032,2026-08-12 22:54:06.449735,2.584032,8329032,quotes_shared.public.mv_tbl__quotes_daily__0,1,357160,332307,0,0,0,0,0.4723,70,26,0,0,"SELECT COALESCE(SUM(n_quotes), 0) FROM quotes_daily"
8329029,2026-08-12 22:54:06.449886,2.583968,8329029,,0,0,65,0,0,0,0,0.0115,0,36,0,0,"SELECT COALESCE(SUM(n_quotes), 0) FROM quotes_daily"
8329029,2026-08-12 22:54:06.449886,2.583968,8329029,quotes_shared.public.mv_tbl__quotes_daily__0,1,357160,332307,0,0,0,0,0.5821,48,21,0,0,"SELECT COALESCE(SUM(n_quotes), 0) FROM quotes_daily"
8329036,2026-08-12 22:54:09.035488,0.102399,8329036,,0,0,65,0,0,0,0,0.0092,0,69,0,0,SELECT COUNT(*) FROM quotes_daily
8329036,2026-08-12 22:54:09.035488,0.102399,8329036,quotes_shared.public.mv_tbl__quotes_daily__0,1,357079,332307,0,0,0,0,0.0032,49,51,0,0,SELECT COUNT(*) FROM quotes_daily
8329035,2026-08-12 22:54:09.035765,0.094525,8329035,,0,0,65,0,0,0,0,0.0049,0,40,0,0,SELECT COUNT(*) FROM quotes_daily
8329035,2026-08-12 22:54:09.035765,0.094525,8329035,quotes_shared.public.mv_tbl__quotes_daily__0,1,357079,332307,0,0,0,0,0.0040,57,42,0,0,SELECT COUNT(*) FROM quotes_daily
8329046,2026-08-12 22:54:09.132157,92.652014,8329046,,0,0,56414943,0,0,0,0,91.2305,45,44,0,0,"WITH src AS ( SELECT DATE_TRUNC('hour', TIMESTAMP 'epoch' + t / 1000 * INTERVAL '1 second') AS hour, bp, bs, ap, t FROM quotes_typed WHERE sym = 'AAPL' ), ranked AS ( SELECT hour, bp, bs, ap, ROW_NUMBER() OVER (PARTITION BY hour ORDER BY t ASC) AS rn"
8329046,2026-08-12 22:54:09.132157,92.652014,8329046,quotes_shared.public.mv_tbl__quotes_typed__0,1,8256417283,18804981,0,0,0,0,91.0891,5,1,0,0,"WITH src AS ( SELECT DATE_TRUNC('hour', TIMESTAMP 'epoch' + t / 1000 * INTERVAL '1 second') AS hour, bp, bs, ap, t FROM quotes_typed WHERE sym = 'AAPL' ), ranked AS ( SELECT hour, bp, bs, ap, ROW_NUMBER() OVER (PARTITION BY hour ORDER BY t ASC) AS rn"
8329041,2026-08-12 22:54:09.139479,3.131245,8329041,,0,0,65,0,0,0,0,0.0028,0,35,0,0,"SELECT COUNT(*) AS days_traded, SUM(n_quotes) AS total_quotes, MIN(bp_min) AS lowest_bid, MAX(bp_max) AS highest_bid, MIN(ap_min) AS lowest_ask, MAX(ap_max) AS highest_ask, SUM(spread_sum) / SUM(n_quotes) AS avg_spread, SUM(bs_sum) AS total_bid_volum"
8329041,2026-08-12 22:54:09.139479,3.131245,8329041,quotes_shared.public.mv_tbl__quotes_daily__0,1,352634,30,0,0,0,0,3.0187,76,10,0,0,"SELECT COUNT(*) AS days_traded, SUM(n_quotes) AS total_quotes, MIN(bp_min) AS lowest_bid, MAX(bp_max) AS highest_bid, MIN(ap_min) AS lowest_ask, MAX(ap_max) AS highest_ask, SUM(spread_sum) / SUM(n_quotes) AS avg_spread, SUM(bs_sum) AS total_bid_volum"
8329053,2026-08-12 22:54:13.165686,0.446971,8329053,,0,0,165,0,0,0,0,0.3334,92,34,0,0,"SELECT sym, COUNT(*) AS days_traded, SUM(n_quotes) AS total_quotes, MIN(bp_min) AS lowest_bid, MAX(bp_max) AS highest_bid, SUM(spread_sum) / SUM(n_quotes) AS avg_spread FROM quotes_daily WHERE sym IN ('AAPL', 'MSFT', 'GOOGL', 'AMZN', 'TSLA', 'META', "
8329053,2026-08-12 22:54:13.165686,0.446971,8329053,quotes_shared.public.mv_tbl__quotes_daily__0,1,357160,240,0,0,0,0,0.3258,50,90,0,0,"SELECT sym, COUNT(*) AS days_traded, SUM(n_quotes) AS total_quotes, MIN(bp_min) AS lowest_bid, MAX(bp_max) AS highest_bid, SUM(spread_sum) / SUM(n_quotes) AS avg_spread FROM quotes_daily WHERE sym IN ('AAPL', 'MSFT', 'GOOGL', 'AMZN', 'TSLA', 'META', "
8329060,2026-08-12 22:54:14.326334,0.103301,8329060,,0,0,206417,0,0,0,0,0.0106,14,27,0,0,"SELECT sym, pct_range FROM ( SELECT sym, (MAX(bp_max) - MIN(bp_min)) / MIN(bp_min) * 100 AS pct_range FROM quotes_daily GROUP BY sym ) t ORDER BY ABS(pct_range) DESC LIMIT 20"
8329060,2026-08-12 22:54:14.326334,0.103301,8329060,quotes_shared.public.mv_tbl__quotes_daily__0,1,357160,332307,0,0,0,0,0.0055,39,41,0,0,"SELECT sym, pct_range FROM ( SELECT sym, (MAX(bp_max) - MIN(bp_min)) / MIN(bp_min) * 100 AS pct_range FROM quotes_daily GROUP BY sym ) t ORDER BY ABS(pct_range) DESC LIMIT 20"
8329067,2026-08-12 22:54:14.897417,0.553562,8329067,,0,0,1187,0,0,0,0,0.4471,71,30,0,0,"SELECT day, SUM(n_quotes) AS total_quotes, SUM(bs_sum) + SUM(as_sum) AS total_volume, SUM(spread_sum) / SUM(n_quotes) AS avg_spread FROM quotes_daily GROUP BY day ORDER BY day"
8329067,2026-08-12 22:54:14.897417,0.553562,8329067,quotes_shared.public.mv_tbl__quotes_daily__0,1,357160,332307,0,0,0,0,0.3309,49,40,0,0,"SELECT day, SUM(n_quotes) AS total_quotes, SUM(bs_sum) + SUM(as_sum) AS total_volume, SUM(spread_sum) / SUM(n_quotes) AS avg_spread FROM quotes_daily GROUP BY day ORDER BY day"
8329121,2026-08-12 22:55:42.253085,241.124583,8329121,,0,0,97,0,0,0,0,0.0865,0,22,0,0,"WITH s AS ( SELECT (ap - bp) AS spread, (bp + ap) / 2.0 AS mid, bs AS bs, ""as"" AS az FROM quotes_typed WHERE sym = 'AAPL' ), agg AS ( SELECT COUNT(*)::float8 AS n, SUM(spread) AS s1, SUM(POWER(spread, 2)) AS s2, SUM(POWER(spread, 3)) AS s3, SUM(POWER"
8329121,2026-08-12 22:55:42.253085,241.124583,8329121,quotes_shared.public.mv_tbl__quotes_typed__0,1,8299121666,18880106,0,0,0,0,238.2494,10,0,0,0,"WITH s AS ( SELECT (ap - bp) AS spread, (bp + ap) / 2.0 AS mid, bs AS bs, ""as"" AS az FROM quotes_typed WHERE sym = 'AAPL' ), agg AS ( SELECT COUNT(*)::float8 AS n, SUM(spread) AS s1, SUM(POWER(spread, 2)) AS s2, SUM(POWER(spread, 3)) AS s3, SUM(POWER"
8329237,2026-08-12 22:59:43.849639,87.85855,8329237,,0,0,57421695,0,0,0,0,85.7799,44,63,0,0,"WITH src AS ( SELECT DATE_TRUNC('hour', TIMESTAMP 'epoch' + payload.t::bigint / 1000 * INTERVAL '1 second') AS hour, payload.bp::float8 AS bp, payload.bs::bigint AS bs, payload.ap::float8 AS ap, payload.t::bigint AS t FROM quotes_streamed WHERE sym ="
8329237,2026-08-12 22:59:43.849639,87.85855,8329237,quotes_shared.public.mv_tbl__quotes_streamed__0,1,21924221535,19140565,0,0,0,0,85.5393,4,1,0,0,"WITH src AS ( SELECT DATE_TRUNC('hour', TIMESTAMP 'epoch' + payload.t::bigint / 1000 * INTERVAL '1 second') AS hour, payload.bp::float8 AS bp, payload.bs::bigint AS bs, payload.ap::float8 AS ap, payload.t::bigint AS t FROM quotes_streamed WHERE sym ="
8329282,2026-08-12 23:01:12.247813,40.388706,8329282,,0,0,97,0,0,0,0,0.0529,0,25,0,0,"WITH s AS ( SELECT (payload.ap::float8 - payload.bp::float8) AS spread, (payload.bp::float8 + payload.ap::float8) / 2.0 AS mid, payload.bs::bigint AS bs, payload.""as""::bigint AS az FROM quotes_streamed WHERE sym = 'AAPL' ), agg AS ( SELECT COUNT(*)::"
8329282,2026-08-12 23:01:12.247813,40.388706,8329282,quotes_shared.public.mv_tbl__quotes_streamed__0,1,22010378062,19185436,0,0,0,0,38.9443,2,1,0,0,"WITH s AS ( SELECT (payload.ap::float8 - payload.bp::float8) AS spread, (payload.bp::float8 + payload.ap::float8) / 2.0 AS mid, payload.bs::bigint AS bs, payload.""as""::bigint AS az FROM quotes_streamed WHERE sym = 'AAPL' ), agg AS ( SELECT COUNT(*)::"
8329383,2026-08-12 23:03:56.846163,2.239245,8329383,,0,0,65,0,0,0,0,0.0017,0,32,0,0,"SELECT COALESCE(SUM(n_quotes), 0) FROM quotes_daily"
8329383,2026-08-12 23:03:56.846163,2.239245,8329383,quotes_shared.public.mv_tbl__quotes_daily__0,1,374575,357278,0,0,0,0,0.6452,27,20,0,0,"SELECT COALESCE(SUM(n_quotes), 0) FROM quotes_daily"
8329386,2026-08-12 23:03:59.087050,0.062879,8329386,,0,0,65,0,0,0,0,0.0015,0,28,0,0,SELECT COUNT(*) FROM quotes_daily
8329386,2026-08-12 23:03:59.087050,0.062879,8329386,quotes_shared.public.mv_tbl__quotes_daily__0,1,374534,357278,0,0,0,0,0.0012,39,8,0,0,SELECT COUNT(*) FROM quotes_daily
8329389,2026-08-12 23:03:59.151549,1.855753,8329389,,0,0,65,0,0,0,0,0.0018,0,29,0,0,"SELECT COUNT(*) AS days_traded, SUM(n_quotes) AS total_quotes, MIN(bp_min) AS lowest_bid, MAX(bp_max) AS highest_bid, MIN(ap_min) AS lowest_ask, MAX(ap_max) AS highest_ask, SUM(spread_sum) / SUM(n_quotes) AS avg_spread, SUM(bs_sum) AS total_bid_volum"
8329389,2026-08-12 23:03:59.151549,1.855753,8329389,quotes_shared.public.mv_tbl__quotes_daily__0,1,371434,32,0,0,0,0,1.7862,75,22,0,0,"SELECT COUNT(*) AS days_traded, SUM(n_quotes) AS total_quotes, MIN(bp_min) AS lowest_bid, MAX(bp_max) AS highest_bid, MIN(ap_min) AS lowest_ask, MAX(ap_max) AS highest_ask, SUM(spread_sum) / SUM(n_quotes) AS avg_spread, SUM(bs_sum) AS total_bid_volum"
8329398,2026-08-12 23:04:01.467051,0.084459,8329398,,0,0,170,0,0,0,0,0.0063,91,29,0,0,"SELECT sym, COUNT(*) AS days_traded, SUM(n_quotes) AS total_quotes, MIN(bp_min) AS lowest_bid, MAX(bp_max) AS highest_bid, SUM(spread_sum) / SUM(n_quotes) AS avg_spread FROM quotes_daily WHERE sym IN ('AAPL', 'MSFT', 'GOOGL', 'AMZN', 'TSLA', 'META', "
8329398,2026-08-12 23:04:01.467051,0.084459,8329398,quotes_shared.public.mv_tbl__quotes_daily__0,1,374575,256,0,0,0,0,0.0029,46,10,0,0,"SELECT sym, COUNT(*) AS days_traded, SUM(n_quotes) AS total_quotes, MIN(bp_min) AS lowest_bid, MAX(bp_max) AS highest_bid, SUM(spread_sum) / SUM(n_quotes) AS avg_spread FROM quotes_daily WHERE sym IN ('AAPL', 'MSFT', 'GOOGL', 'AMZN', 'TSLA', 'META', "
8329405,2026-08-12 23:04:01.991948,0.079807,8329405,,0,0,217577,0,0,0,0,0.0081,13,21,0,0,"SELECT sym, pct_range FROM ( SELECT sym, (MAX(bp_max) - MIN(bp_min)) / MIN(bp_min) * 100 AS pct_range FROM quotes_daily GROUP BY sym ) t ORDER BY ABS(pct_range) DESC LIMIT 20"
8329405,2026-08-12 23:04:01.991948,0.079807,8329405,quotes_shared.public.mv_tbl__quotes_daily__0,1,374575,357278,0,0,0,0,0.0033,23,28,0,0,"SELECT sym, pct_range FROM ( SELECT sym, (MAX(bp_max) - MIN(bp_min)) / MIN(bp_min) * 100 AS pct_range FROM quotes_daily GROUP BY sym ) t ORDER BY ABS(pct_range) DESC LIMIT 20"
8329412,2026-08-12 23:04:05.597305,0.355875,8329412,,0,0,1287,0,0,0,0,0.2873,69,19,0,0,"SELECT day, SUM(n_quotes) AS total_quotes, SUM(bs_sum) + SUM(as_sum) AS total_volume, SUM(spread_sum) / SUM(n_quotes) AS avg_spread FROM quotes_daily GROUP BY day ORDER BY day"
8329412,2026-08-12 23:04:05.597305,0.355875,8329412,quotes_shared.public.mv_tbl__quotes_daily__0,1,374575,357278,0,0,0,0,0.2845,28,30,0,0,"SELECT day, SUM(n_quotes) AS total_quotes, SUM(bs_sum) + SUM(as_sum) AS total_volume, SUM(spread_sum) / SUM(n_quotes) AS avg_spread FROM quotes_daily GROUP BY day ORDER BY day"
8532101,2026-08-12 23:14:06.955561,2.564329,8532101,,0,0,65,0,0,0,0,0.0058,0,51,0,0,"SELECT COALESCE(SUM(n_quotes), 0) FROM quotes_daily"
8532101,2026-08-12 23:14:06.955561,2.564329,8532101,quotes_shared.public.mv_tbl__quotes_daily__0,1,379138,367274,0,0,0,0,0.6638,48,24,0,0,"SELECT COALESCE(SUM(n_quotes), 0) FROM quotes_daily"
8532104,2026-08-12 23:14:09.521761,0.081298,8532104,,0,0,65,0,0,0,0,0.0028,0,43,0,0,SELECT COUNT(*) FROM quotes_daily
8532104,2026-08-12 23:14:09.521761,0.081298,8532104,quotes_shared.public.mv_tbl__quotes_daily__0,1,379124,367274,0,0,0,0,0.0019,37,33,0,0,SELECT COUNT(*) FROM quotes_daily
8532107,2026-08-12 23:14:09.604841,1.542953,8532107,,0,0,65,0,0,0,0,0.0027,0,45,0,0,"SELECT COUNT(*) AS days_traded, SUM(n_quotes) AS total_quotes, MIN(bp_min) AS lowest_bid, MAX(bp_max) AS highest_bid, MIN(ap_min) AS lowest_ask, MAX(ap_max) AS highest_ask, SUM(spread_sum) / SUM(n_quotes) AS avg_spread, SUM(bs_sum) AS total_bid_volum"
8532107,2026-08-12 23:14:09.604841,1.542953,8532107,quotes_shared.public.mv_tbl__quotes_daily__0,1,373113,33,0,0,0,0,1.4520,74,20,0,0,"SELECT COUNT(*) AS days_traded, SUM(n_quotes) AS total_quotes, MIN(bp_min) AS lowest_bid, MAX(bp_max) AS highest_bid, MIN(ap_min) AS lowest_ask, MAX(ap_max) AS highest_ask, SUM(spread_sum) / SUM(n_quotes) AS avg_spread, SUM(bs_sum) AS total_bid_volum"
8532116,2026-08-12 23:14:11.904801,0.424,8532116,,0,0,155,0,0,0,0,0.3302,92,23,0,0,"SELECT sym, COUNT(*) AS days_traded, SUM(n_quotes) AS total_quotes, MIN(bp_min) AS lowest_bid, MAX(bp_max) AS highest_bid, SUM(spread_sum) / SUM(n_quotes) AS avg_spread FROM quotes_daily WHERE sym IN ('AAPL', 'MSFT', 'GOOGL', 'AMZN', 'TSLA', 'META', "
8532116,2026-08-12 23:14:11.904801,0.424,8532116,quotes_shared.public.mv_tbl__quotes_daily__0,1,379138,264,0,0,0,0,0.3252,56,93,0,0,"SELECT sym, COUNT(*) AS days_traded, SUM(n_quotes) AS total_quotes, MIN(bp_min) AS lowest_bid, MAX(bp_max) AS highest_bid, SUM(spread_sum) / SUM(n_quotes) AS avg_spread FROM quotes_daily WHERE sym IN ('AAPL', 'MSFT', 'GOOGL', 'AMZN', 'TSLA', 'META', "
8532123,2026-08-12 23:14:12.819849,0.088521,8532123,,0,0,219380,0,0,0,0,0.0104,15,43,0,0,"SELECT sym, pct_range FROM ( SELECT sym, (MAX(bp_max) - MIN(bp_min)) / MIN(bp_min) * 100 AS pct_range FROM quotes_daily GROUP BY sym ) t ORDER BY ABS(pct_range) DESC LIMIT 20"
8532123,2026-08-12 23:14:12.819849,0.088521,8532123,quotes_shared.public.mv_tbl__quotes_daily__0,1,379138,367274,0,0,0,0,0.0058,29,48,0,0,"SELECT sym, pct_range FROM ( SELECT sym, (MAX(bp_max) - MIN(bp_min)) / MIN(bp_min) * 100 AS pct_range FROM quotes_daily GROUP BY sym ) t ORDER BY ABS(pct_range) DESC LIMIT 20"
8532130,2026-08-12 23:14:13.434759,0.395088,8532130,,0,0,1319,0,0,0,0,0.3207,68,27,0,0,"SELECT day, SUM(n_quotes) AS total_quotes, SUM(bs_sum) + SUM(as_sum) AS total_volume, SUM(spread_sum) / SUM(n_quotes) AS avg_spread FROM quotes_daily GROUP BY day ORDER BY day"
8532130,2026-08-12 23:14:13.434759,0.395088,8532130,quotes_shared.public.mv_tbl__quotes_daily__0,1,379138,367274,0,0,0,0,0.3162,28,51,0,0,"SELECT day, SUM(n_quotes) AS total_quotes, SUM(bs_sum) + SUM(as_sum) AS total_volume, SUM(spread_sum) / SUM(n_quotes) AS avg_spread FROM quotes_daily GROUP BY day ORDER BY day"
8735173,2026-08-12 23:24:07.865825,2.302909,8735173,,0,0,65,0,0,0,0,0.0165,0,32,0,0,"SELECT COALESCE(SUM(n_quotes), 0) FROM quotes_daily"
8735173,2026-08-12 23:24:07.865825,2.302909,8735173,quotes_shared.public.mv_tbl__quotes_daily__0,1,409752,376888,0,0,0,0,0.5610,40,19,0,0,"SELECT COALESCE(SUM(n_quotes), 0) FROM quotes_daily"
8735176,2026-08-12 23:24:10.170730,0.100767,8735176,,0,0,65,0,0,0,0,0.0041,0,84,0,0,SELECT COUNT(*) FROM quotes_daily
8735176,2026-08-12 23:24:10.170730,0.100767,8735176,quotes_shared.public.mv_tbl__quotes_daily__0,1,409752,376888,0,0,0,0,0.0026,57,30,0,0,SELECT COUNT(*) FROM quotes_daily
8735179,2026-08-12 23:24:10.273304,1.475049,8735179,,0,0,65,0,0,0,0,0.0026,0,21,0,0,"SELECT COUNT(*) AS days_traded, SUM(n_quotes) AS total_quotes, MIN(bp_min) AS lowest_bid, MAX(bp_max) AS highest_bid, MIN(ap_min) AS lowest_ask, MAX(ap_max) AS highest_ask, SUM(spread_sum) / SUM(n_quotes) AS avg_spread, SUM(bs_sum) AS total_bid_volum"
8735179,2026-08-12 23:24:10.273304,1.475049,8735179,quotes_shared.public.mv_tbl__quotes_daily__0,1,406256,34,0,0,0,0,1.3544,64,15,0,0,"SELECT COUNT(*) AS days_traded, SUM(n_quotes) AS total_quotes, MIN(bp_min) AS lowest_bid, MAX(bp_max) AS highest_bid, MIN(ap_min) AS lowest_ask, MAX(ap_max) AS highest_ask, SUM(spread_sum) / SUM(n_quotes) AS avg_spread, SUM(bs_sum) AS total_bid_volum"
8735186,2026-08-12 23:24:12.520993,0.461917,8735186,,0,0,168,0,0,0,0,0.3620,92,19,0,0,"SELECT sym, COUNT(*) AS days_traded, SUM(n_quotes) AS total_quotes, MIN(bp_min) AS lowest_bid, MAX(bp_max) AS highest_bid, SUM(spread_sum) / SUM(n_quotes) AS avg_spread FROM quotes_daily WHERE sym IN ('AAPL', 'MSFT', 'GOOGL', 'AMZN', 'TSLA', 'META', "
8735186,2026-08-12 23:24:12.520993,0.461917,8735186,quotes_shared.public.mv_tbl__quotes_daily__0,1,409752,272,0,0,0,0,0.3577,43,93,0,0,"SELECT sym, COUNT(*) AS days_traded, SUM(n_quotes) AS total_quotes, MIN(bp_min) AS lowest_bid, MAX(bp_max) AS highest_bid, SUM(spread_sum) / SUM(n_quotes) AS avg_spread FROM quotes_daily WHERE sym IN ('AAPL', 'MSFT', 'GOOGL', 'AMZN', 'TSLA', 'META', "
8735195,2026-08-12 23:24:13.484862,0.099385,8735195,,0,0,222179,0,0,0,0,0.0090,16,19,0,0,"SELECT sym, pct_range FROM ( SELECT sym, (MAX(bp_max) - MIN(bp_min)) / MIN(bp_min) * 100 AS pct_range FROM quotes_daily GROUP BY sym ) t ORDER BY ABS(pct_range) DESC LIMIT 20"
8735195,2026-08-12 23:24:13.484862,0.099385,8735195,quotes_shared.public.mv_tbl__quotes_daily__0,1,409752,376888,0,0,0,0,0.0050,30,38,0,0,"SELECT sym, pct_range FROM ( SELECT sym, (MAX(bp_max) - MIN(bp_min)) / MIN(bp_min) * 100 AS pct_range FROM quotes_daily GROUP BY sym ) t ORDER BY ABS(pct_range) DESC LIMIT 20"
8735202,2026-08-12 23:24:14.078565,0.363823,8735202,,0,0,1353,0,0,0,0,0.2768,67,27,0,0,"SELECT day, SUM(n_quotes) AS total_quotes, SUM(bs_sum) + SUM(as_sum) AS total_volume, SUM(spread_sum) / SUM(n_quotes) AS avg_spread FROM quotes_daily GROUP BY day ORDER BY day"
8735202,2026-08-12 23:24:14.078565,0.363823,8735202,quotes_shared.public.mv_tbl__quotes_daily__0,1,409752,376888,0,0,0,0,0.2734,29,46,0,0,"SELECT day, SUM(n_quotes) AS total_quotes, SUM(bs_sum) + SUM(as_sum) AS total_volume, SUM(spread_sum) / SUM(n_quotes) AS avg_spread FROM quotes_daily GROUP BY day ORDER BY day"
8938245,2026-08-12 23:34:07.326484,2.725813,8938245,,0,0,65,0,0,0,0,0.0029,0,22,0,0,"SELECT COALESCE(SUM(n_quotes), 0) FROM quotes_daily"
8938245,2026-08-12 23:34:07.326484,2.725813,8938245,quotes_shared.public.mv_tbl__quotes_daily__0,1,399702,386717,0,0,0,0,0.7488,48,32,0,0,"SELECT COALESCE(SUM(n_quotes), 0) FROM quotes_daily"
8938248,2026-08-12 23:34:10.054405,0.087521,8938248,,0,0,65,0,0,0,0,0.0020,0,25,0,0,SELECT COUNT(*) FROM quotes_daily
8938248,2026-08-12 23:34:10.054405,0.087521,8938248,quotes_shared.public.mv_tbl__quotes_daily__0,1,399702,386717,0,0,0,0,0.0015,42,11,0,0,SELECT COUNT(*) FROM quotes_daily
8938251,2026-08-12 23:34:10.143920,1.153406,8938251,,0,0,65,0,0,0,0,0.0025,0,38,0,0,"SELECT COUNT(*) AS days_traded, SUM(n_quotes) AS total_quotes, MIN(bp_min) AS lowest_bid, MAX(bp_max) AS highest_bid, MIN(ap_min) AS lowest_ask, MAX(ap_max) AS highest_ask, SUM(spread_sum) / SUM(n_quotes) AS avg_spread, SUM(bs_sum) AS total_bid_volum"
8938251,2026-08-12 23:34:10.143920,1.153406,8938251,quotes_shared.public.mv_tbl__quotes_daily__0,1,396821,35,0,0,0,0,1.0648,72,7,0,0,"SELECT COUNT(*) AS days_traded, SUM(n_quotes) AS total_quotes, MIN(bp_min) AS lowest_bid, MAX(bp_max) AS highest_bid, MIN(ap_min) AS lowest_ask, MAX(ap_max) AS highest_ask, SUM(spread_sum) / SUM(n_quotes) AS avg_spread, SUM(bs_sum) AS total_bid_volum"
8938258,2026-08-12 23:34:12.093615,0.406249,8938258,,0,0,177,0,0,0,0,0.3079,91,23,0,0,"SELECT sym, COUNT(*) AS days_traded, SUM(n_quotes) AS total_quotes, MIN(bp_min) AS lowest_bid, MAX(bp_max) AS highest_bid, SUM(spread_sum) / SUM(n_quotes) AS avg_spread FROM quotes_daily WHERE sym IN ('AAPL', 'MSFT', 'GOOGL', 'AMZN', 'TSLA', 'META', "
8938258,2026-08-12 23:34:12.093615,0.406249,8938258,quotes_shared.public.mv_tbl__quotes_daily__0,1,399702,280,0,0,0,0,0.3031,51,92,0,0,"SELECT sym, COUNT(*) AS days_traded, SUM(n_quotes) AS total_quotes, MIN(bp_min) AS lowest_bid, MAX(bp_max) AS highest_bid, SUM(spread_sum) / SUM(n_quotes) AS avg_spread FROM quotes_daily WHERE sym IN ('AAPL', 'MSFT', 'GOOGL', 'AMZN', 'TSLA', 'META', "
8938265,2026-08-12 23:34:12.978225,0.094054,8938265,,0,0,226175,0,0,0,0,0.0104,14,25,0,0,"SELECT sym, pct_range FROM ( SELECT sym, (MAX(bp_max) - MIN(bp_min)) / MIN(bp_min) * 100 AS pct_range FROM quotes_daily GROUP BY sym ) t ORDER BY ABS(pct_range) DESC LIMIT 20"
8938265,2026-08-12 23:34:12.978225,0.094054,8938265,quotes_shared.public.mv_tbl__quotes_daily__0,1,399702,386717,0,0,0,0,0.0042,28,23,0,0,"SELECT sym, pct_range FROM ( SELECT sym, (MAX(bp_max) - MIN(bp_min)) / MIN(bp_min) * 100 AS pct_range FROM quotes_daily GROUP BY sym ) t ORDER BY ABS(pct_range) DESC LIMIT 20"
8938274,2026-08-12 23:34:13.546380,0.378986,8938274,,0,0,1386,0,0,0,0,0.2988,67,58,0,0,"SELECT day, SUM(n_quotes) AS total_quotes, SUM(bs_sum) + SUM(as_sum) AS total_volume, SUM(spread_sum) / SUM(n_quotes) AS avg_spread FROM quotes_daily GROUP BY day ORDER BY day"
8938274,2026-08-12 23:34:13.546380,0.378986,8938274,quotes_shared.public.mv_tbl__quotes_daily__0,1,399702,386717,0,0,0,0,0.2943,30,49,0,0,"SELECT day, SUM(n_quotes) AS total_quotes, SUM(bs_sum) + SUM(as_sum) AS total_volume, SUM(spread_sum) / SUM(n_quotes) AS avg_spread FROM quotes_daily GROUP BY day ORDER BY day"
9141317,2026-08-12 23:44:07.828599,2.452939,9141317,,0,0,65,0,0,0,0,0.0067,0,41,0,0,"SELECT COALESCE(SUM(n_quotes), 0) FROM quotes_daily"
9141317,2026-08-12 23:44:07.828599,2.452939,9141317,quotes_shared.public.mv_tbl__quotes_daily__0,1,406509,388268,0,0,0,0,0.5699,43,14,0,0,"SELECT COALESCE(SUM(n_quotes), 0) FROM quotes_daily"
9141320,2026-08-12 23:44:10.283384,0.092867,9141320,,0,0,65,0,0,0,0,0.0037,0,51,0,0,SELECT COUNT(*) FROM quotes_daily
9141320,2026-08-12 23:44:10.283384,0.092867,9141320,quotes_shared.public.mv_tbl__quotes_daily__0,1,406346,388268,0,0,0,0,0.0019,53,37,0,0,SELECT COUNT(*) FROM quotes_daily
9141323,2026-08-12 23:44:10.378209,1.343486,9141323,,0,0,65,0,0,0,0,0.0025,0,32,0,0,"SELECT COUNT(*) AS days_traded, SUM(n_quotes) AS total_quotes, MIN(bp_min) AS lowest_bid, MAX(bp_max) AS highest_bid, MIN(ap_min) AS lowest_ask, MAX(ap_max) AS highest_ask, SUM(spread_sum) / SUM(n_quotes) AS avg_spread, SUM(bs_sum) AS total_bid_volum"
9141323,2026-08-12 23:44:10.378209,1.343486,9141323,quotes_shared.public.mv_tbl__quotes_daily__0,1,402926,35,0,0,0,0,1.2501,78,10,0,0,"SELECT COUNT(*) AS days_traded, SUM(n_quotes) AS total_quotes, MIN(bp_min) AS lowest_bid, MAX(bp_max) AS highest_bid, MIN(ap_min) AS lowest_ask, MAX(ap_max) AS highest_ask, SUM(spread_sum) / SUM(n_quotes) AS avg_spread, SUM(bs_sum) AS total_bid_volum"
9141330,2026-08-12 23:44:12.463637,0.44501,9141330,,0,0,171,0,0,0,0,0.3436,91,26,0,0,"SELECT sym, COUNT(*) AS days_traded, SUM(n_quotes) AS total_quotes, MIN(bp_min) AS lowest_bid, MAX(bp_max) AS highest_bid, SUM(spread_sum) / SUM(n_quotes) AS avg_spread FROM quotes_daily WHERE sym IN ('AAPL', 'MSFT', 'GOOGL', 'AMZN', 'TSLA', 'META', "
9141330,2026-08-12 23:44:12.463637,0.44501,9141330,quotes_shared.public.mv_tbl__quotes_daily__0,1,406509,280,0,0,0,0,0.3393,45,93,0,0,"SELECT sym, COUNT(*) AS days_traded, SUM(n_quotes) AS total_quotes, MIN(bp_min) AS lowest_bid, MAX(bp_max) AS highest_bid, SUM(spread_sum) / SUM(n_quotes) AS avg_spread FROM quotes_daily WHERE sym IN ('AAPL', 'MSFT', 'GOOGL', 'AMZN', 'TSLA', 'META', "
9141337,2026-08-12 23:44:13.386297,0.103354,9141337,,0,0,229195,0,0,0,0,0.0119,15,34,0,0,"SELECT sym, pct_range FROM ( SELECT sym, (MAX(bp_max) - MIN(bp_min)) / MIN(bp_min) * 100 AS pct_range FROM quotes_daily GROUP BY sym ) t ORDER BY ABS(pct_range) DESC LIMIT 20"
9141337,2026-08-12 23:44:13.386297,0.103354,9141337,quotes_shared.public.mv_tbl__quotes_daily__0,1,406509,388268,0,0,0,0,0.0047,29,34,0,0,"SELECT sym, pct_range FROM ( SELECT sym, (MAX(bp_max) - MIN(bp_min)) / MIN(bp_min) * 100 AS pct_range FROM quotes_daily GROUP BY sym ) t ORDER BY ABS(pct_range) DESC LIMIT 20"
9141344,2026-08-12 23:44:13.985841,0.467823,9141344,,0,0,1386,0,0,0,0,0.3815,67,21,0,0,"SELECT day, SUM(n_quotes) AS total_quotes, SUM(bs_sum) + SUM(as_sum) AS total_volume, SUM(spread_sum) / SUM(n_quotes) AS avg_spread FROM quotes_daily GROUP BY day ORDER BY day"
9141344,2026-08-12 23:44:13.985841,0.467823,9141344,quotes_shared.public.mv_tbl__quotes_daily__0,1,406509,388268,0,0,0,0,0.3781,38,56,0,0,"SELECT day, SUM(n_quotes) AS total_quotes, SUM(bs_sum) + SUM(as_sum) AS total_volume, SUM(spread_sum) / SUM(n_quotes) AS avg_spread FROM quotes_daily GROUP BY day ORDER BY day"
9344392,2026-08-12 23:54:07.158554,2.212444,9344392,,0,0,65,0,0,0,0,0.0106,0,36,0,0,"SELECT COALESCE(SUM(n_quotes), 0) FROM quotes_daily"
9344392,2026-08-12 23:54:07.158554,2.212444,9344392,quotes_shared.public.mv_tbl__quotes_daily__0,1,422766,398463,0,0,0,0,0.3703,59,28,0,0,"SELECT COALESCE(SUM(n_quotes), 0) FROM quotes_daily"
9344389,2026-08-12 23:54:07.159412,2.211581,9344389,,0,0,65,0,0,0,0,0.0100,0,38,0,0,"SELECT COALESCE(SUM(n_quotes), 0) FROM quotes_daily"
9344389,2026-08-12 23:54:07.159412,2.211581,9344389,quotes_shared.public.mv_tbl__quotes_daily__0,1,422766,398463,0,0,0,0,0.5504,50,18,0,0,"SELECT COALESCE(SUM(n_quotes), 0) FROM quotes_daily"
9344396,2026-08-12 23:54:09.372764,0.089478,9344396,,0,0,65,0,0,0,0,0.0081,0,84,0,0,SELECT COUNT(*) FROM quotes_daily
9344396,2026-08-12 23:54:09.372764,0.089478,9344396,quotes_shared.public.mv_tbl__quotes_daily__0,1,422609,398463,0,0,0,0,0.0048,64,61,0,0,SELECT COUNT(*) FROM quotes_daily
9344395,2026-08-12 23:54:09.372890,0.087304,9344395,,0,0,65,0,0,0,0,0.0066,0,37,0,0,SELECT COUNT(*) FROM quotes_daily
9344395,2026-08-12 23:54:09.372890,0.087304,9344395,quotes_shared.public.mv_tbl__quotes_daily__0,1,422609,398463,0,0,0,0,0.0044,70,52,0,0,SELECT COUNT(*) FROM quotes_daily
9344401,2026-08-12 23:54:09.462021,2.893842,9344401,,0,0,65,0,0,0,0,0.0048,0,25,0,0,"SELECT COUNT(*) AS days_traded, SUM(n_quotes) AS total_quotes, MIN(bp_min) AS lowest_bid, MAX(bp_max) AS highest_bid, MIN(ap_min) AS lowest_ask, MAX(ap_max) AS highest_ask, SUM(spread_sum) / SUM(n_quotes) AS avg_spread, SUM(bs_sum) AS total_bid_volum"
9344401,2026-08-12 23:54:09.462021,2.893842,9344401,quotes_shared.public.mv_tbl__quotes_daily__0,1,419076,36,0,0,0,0,2.7929,71,14,0,0,"SELECT COUNT(*) AS days_traded, SUM(n_quotes) AS total_quotes, MIN(bp_min) AS lowest_bid, MAX(bp_max) AS highest_bid, MIN(ap_min) AS lowest_ask, MAX(ap_max) AS highest_ask, SUM(spread_sum) / SUM(n_quotes) AS avg_spread, SUM(bs_sum) AS total_bid_volum"
9344404,2026-08-12 23:54:09.463782,108.211803,9344404,,0,0,67043967,0,0,0,0,106.9853,41,46,0,0,"WITH src AS ( SELECT DATE_TRUNC('hour', TIMESTAMP 'epoch' + t / 1000 * INTERVAL '1 second') AS hour, bp, bs, ap, t FROM quotes_typed WHERE sym = 'AAPL' ), ranked AS ( SELECT hour, bp, bs, ap, ROW_NUMBER() OVER (PARTITION BY hour ORDER BY t ASC) AS rn"
9344404,2026-08-12 23:54:09.463782,108.211803,9344404,quotes_shared.public.mv_tbl__quotes_typed__0,1,9696007265,22347989,0,0,0,0,106.7997,5,1,0,0,"WITH src AS ( SELECT DATE_TRUNC('hour', TIMESTAMP 'epoch' + t / 1000 * INTERVAL '1 second') AS hour, bp, bs, ap, t FROM quotes_typed WHERE sym = 'AAPL' ), ranked AS ( SELECT hour, bp, bs, ap, ROW_NUMBER() OVER (PARTITION BY hour ORDER BY t ASC) AS rn"
9344411,2026-08-12 23:54:13.226718,0.463173,9344411,,0,0,179,0,0,0,0,0.3567,92,26,0,0,"SELECT sym, COUNT(*) AS days_traded, SUM(n_quotes) AS total_quotes, MIN(bp_min) AS lowest_bid, MAX(bp_max) AS highest_bid, SUM(spread_sum) / SUM(n_quotes) AS avg_spread FROM quotes_daily WHERE sym IN ('AAPL', 'MSFT', 'GOOGL', 'AMZN', 'TSLA', 'META', "
9344411,2026-08-12 23:54:13.226718,0.463173,9344411,quotes_shared.public.mv_tbl__quotes_daily__0,1,422766,288,0,0,0,0,0.3487,52,92,0,0,"SELECT sym, COUNT(*) AS days_traded, SUM(n_quotes) AS total_quotes, MIN(bp_min) AS lowest_bid, MAX(bp_max) AS highest_bid, SUM(spread_sum) / SUM(n_quotes) AS avg_spread FROM quotes_daily WHERE sym IN ('AAPL', 'MSFT', 'GOOGL', 'AMZN', 'TSLA', 'META', "
9344418,2026-08-12 23:54:14.356833,0.13372,9344418,,0,0,225464,0,0,0,0,0.0186,14,30,0,0,"SELECT sym, pct_range FROM ( SELECT sym, (MAX(bp_max) - MIN(bp_min)) / MIN(bp_min) * 100 AS pct_range FROM quotes_daily GROUP BY sym ) t ORDER BY ABS(pct_range) DESC LIMIT 20"
9344418,2026-08-12 23:54:14.356833,0.13372,9344418,quotes_shared.public.mv_tbl__quotes_daily__0,1,422766,398463,0,0,0,0,0.0067,49,36,0,0,"SELECT sym, pct_range FROM ( SELECT sym, (MAX(bp_max) - MIN(bp_min)) / MIN(bp_min) * 100 AS pct_range FROM quotes_daily GROUP BY sym ) t ORDER BY ABS(pct_range) DESC LIMIT 20"
9344425,2026-08-12 23:54:14.957500,0.385782,9344425,,0,0,1419,0,0,0,0,0.3102,66,51,0,0,"SELECT day, SUM(n_quotes) AS total_quotes, SUM(bs_sum) + SUM(as_sum) AS total_volume, SUM(spread_sum) / SUM(n_quotes) AS avg_spread FROM quotes_daily GROUP BY day ORDER BY day"
9344425,2026-08-12 23:54:14.957500,0.385782,9344425,quotes_shared.public.mv_tbl__quotes_daily__0,1,422766,398463,0,0,0,0,0.3029,40,41,0,0,"SELECT day, SUM(n_quotes) AS total_quotes, SUM(bs_sum) + SUM(as_sum) AS total_volume, SUM(spread_sum) / SUM(n_quotes) AS avg_spread FROM quotes_daily GROUP BY day ORDER BY day"
9344489,2026-08-12 23:55:58.202532,276.683712,9344489,,0,0,97,0,0,0,0,0.0695,0,29,0,0,"WITH s AS ( SELECT (ap - bp) AS spread, (bp + ap) / 2.0 AS mid, bs AS bs, ""as"" AS az FROM quotes_typed WHERE sym = 'AAPL' ), agg AS ( SELECT COUNT(*)::float8 AS n, SUM(spread) AS s1, SUM(POWER(spread, 2)) AS s2, SUM(POWER(spread, 3)) AS s3, SUM(POWER"
9344489,2026-08-12 23:55:58.202532,276.683712,9344489,quotes_shared.public.mv_tbl__quotes_typed__0,1,9743003562,22404955,0,0,0,0,275.1316,6,2,0,0,"WITH s AS ( SELECT (ap - bp) AS spread, (bp + ap) / 2.0 AS mid, bs AS bs, ""as"" AS az FROM quotes_typed WHERE sym = 'AAPL' ), agg AS ( SELECT COUNT(*)::float8 AS n, SUM(spread) AS s1, SUM(POWER(spread, 2)) AS s2, SUM(POWER(spread, 3)) AS s3, SUM(POWER"
9344623,2026-08-13 00:00:35.398412,105.930057,9344623,,0,0,67915665,0,0,0,0,103.7701,41,57,0,0,"WITH src AS ( SELECT DATE_TRUNC('hour', TIMESTAMP 'epoch' + payload.t::bigint / 1000 * INTERVAL '1 second') AS hour, payload.bp::float8 AS bp, payload.bs::bigint AS bs, payload.ap::float8 AS ap, payload.t::bigint AS t FROM quotes_streamed WHERE sym ="
9344623,2026-08-13 00:00:35.398412,105.930057,9344623,quotes_shared.public.mv_tbl__quotes_streamed__0,1,25575855812,22638555,0,0,0,0,103.5010,3,1,0,0,"WITH src AS ( SELECT DATE_TRUNC('hour', TIMESTAMP 'epoch' + payload.t::bigint / 1000 * INTERVAL '1 second') AS hour, payload.bp::float8 AS bp, payload.bs::bigint AS bs, payload.ap::float8 AS ap, payload.t::bigint AS t FROM quotes_streamed WHERE sym ="
9344690,2026-08-13 00:02:21.899533,48.927087,9344690,,0,0,97,0,0,0,0,0.0518,0,25,0,0,"WITH s AS ( SELECT (payload.ap::float8 - payload.bp::float8) AS spread, (payload.bp::float8 + payload.ap::float8) / 2.0 AS mid, payload.bs::bigint AS bs, payload.""as""::bigint AS az FROM quotes_streamed WHERE sym = 'AAPL' ), agg AS ( SELECT COUNT(*)::"
9344690,2026-08-13 00:02:21.899533,48.927087,9344690,quotes_shared.public.mv_tbl__quotes_streamed__0,1,25681136740,22731684,0,0,0,0,47.2682,4,2,0,0,"WITH s AS ( SELECT (payload.ap::float8 - payload.bp::float8) AS spread, (payload.bp::float8 + payload.ap::float8) / 2.0 AS mid, payload.bs::bigint AS bs, payload.""as""::bigint AS az FROM quotes_streamed WHERE sym = 'AAPL' ), agg AS ( SELECT COUNT(*)::"
9344740,2026-08-13 00:03:56.848476,3.138701,9344740,,0,0,65,0,0,0,0,0.0020,0,28,0,0,"SELECT COALESCE(SUM(n_quotes), 0) FROM quotes_daily"
9344740,2026-08-13 00:03:56.848476,3.138701,9344740,quotes_shared.public.mv_tbl__quotes_daily__0,1,428860,413920,0,0,0,0,0.5168,30,9,0,0,"SELECT COALESCE(SUM(n_quotes), 0) FROM quotes_daily"
9344744,2026-08-13 00:03:59.988807,0.068478,9344744,,0,0,65,0,0,0,0,0.0017,0,27,0,0,SELECT COUNT(*) FROM quotes_daily
9344744,2026-08-13 00:03:59.988807,0.068478,9344744,quotes_shared.public.mv_tbl__quotes_daily__0,1,428813,413920,0,0,0,0,0.0012,40,9,0,0,SELECT COUNT(*) FROM quotes_daily
9344747,2026-08-13 00:04:00.059054,1.718397,9344747,,0,0,65,0,0,0,0,0.0026,0,30,0,0,"SELECT COUNT(*) AS days_traded, SUM(n_quotes) AS total_quotes, MIN(bp_min) AS lowest_bid, MAX(bp_max) AS highest_bid, MIN(ap_min) AS lowest_ask, MAX(ap_max) AS highest_ask, SUM(spread_sum) / SUM(n_quotes) AS avg_spread, SUM(bs_sum) AS total_bid_volum"
9344747,2026-08-13 00:04:00.059054,1.718397,9344747,quotes_shared.public.mv_tbl__quotes_daily__0,1,428813,37,0,0,0,0,1.6407,76,31,0,0,"SELECT COUNT(*) AS days_traded, SUM(n_quotes) AS total_quotes, MIN(bp_min) AS lowest_bid, MAX(bp_max) AS highest_bid, MIN(ap_min) AS lowest_ask, MAX(ap_max) AS highest_ask, SUM(spread_sum) / SUM(n_quotes) AS avg_spread, SUM(bs_sum) AS total_bid_volum"
9344756,2026-08-13 00:04:02.301272,0.091702,9344756,,0,0,184,0,0,0,0,0.0072,91,28,0,0,"SELECT sym, COUNT(*) AS days_traded, SUM(n_quotes) AS total_quotes, MIN(bp_min) AS lowest_bid, MAX(bp_max) AS highest_bid, SUM(spread_sum) / SUM(n_quotes) AS avg_spread FROM quotes_daily WHERE sym IN ('AAPL', 'MSFT', 'GOOGL', 'AMZN', 'TSLA', 'META', "
9344756,2026-08-13 00:04:02.301272,0.091702,9344756,quotes_shared.public.mv_tbl__quotes_daily__0,1,428860,296,0,0,0,0,0.0032,45,11,0,0,"SELECT sym, COUNT(*) AS days_traded, SUM(n_quotes) AS total_quotes, MIN(bp_min) AS lowest_bid, MAX(bp_max) AS highest_bid, SUM(spread_sum) / SUM(n_quotes) AS avg_spread FROM quotes_daily WHERE sym IN ('AAPL', 'MSFT', 'GOOGL', 'AMZN', 'TSLA', 'META', "
9344763,2026-08-13 00:04:04.467611,0.088154,9344763,,0,0,236014,0,0,0,0,0.0095,15,29,0,0,"SELECT sym, pct_range FROM ( SELECT sym, (MAX(bp_max) - MIN(bp_min)) / MIN(bp_min) * 100 AS pct_range FROM quotes_daily GROUP BY sym ) t ORDER BY ABS(pct_range) DESC LIMIT 20"
9344763,2026-08-13 00:04:04.467611,0.088154,9344763,quotes_shared.public.mv_tbl__quotes_daily__0,1,428860,413920,0,0,0,0,0.0034,28,23,0,0,"SELECT sym, pct_range FROM ( SELECT sym, (MAX(bp_max) - MIN(bp_min)) / MIN(bp_min) * 100 AS pct_range FROM quotes_daily GROUP BY sym ) t ORDER BY ABS(pct_range) DESC LIMIT 20"
9344770,2026-08-13 00:04:05.069705,0.270337,9344770,,0,0,1485,0,0,0,0,0.1940,64,19,0,0,"SELECT day, SUM(n_quotes) AS total_quotes, SUM(bs_sum) + SUM(as_sum) AS total_volume, SUM(spread_sum) / SUM(n_quotes) AS avg_spread FROM quotes_daily GROUP BY day ORDER BY day"
9344770,2026-08-13 00:04:05.069705,0.270337,9344770,quotes_shared.public.mv_tbl__quotes_daily__0,1,428860,413920,0,0,0,0,0.1911,27,27,0,0,"SELECT day, SUM(n_quotes) AS total_quotes, SUM(bs_sum) + SUM(as_sum) AS total_volume, SUM(spread_sum) / SUM(n_quotes) AS avg_spread FROM quotes_daily GROUP BY day ORDER BY day"
9547461,2026-08-13 00:14:06.702172,2.683434,9547461,,0,0,65,0,0,0,0,0.0092,0,53,0,0,"SELECT COALESCE(SUM(n_quotes), 0) FROM quotes_daily"
9547461,2026-08-13 00:14:06.702172,2.683434,9547461,quotes_shared.public.mv_tbl__quotes_daily__0,1,441688,424214,0,0,0,0,0.7127,41,29,0,0,"SELECT COALESCE(SUM(n_quotes), 0) FROM quotes_daily"
9547464,2026-08-13 00:14:09.387525,0.096738,9547464,,0,0,65,0,0,0,0,0.0036,0,23,0,0,SELECT COUNT(*) FROM quotes_daily
9547464,2026-08-13 00:14:09.387525,0.096738,9547464,quotes_shared.public.mv_tbl__quotes_daily__0,1,441633,424214,0,0,0,0,0.0026,58,40,0,0,SELECT COUNT(*) FROM quotes_daily
9547467,2026-08-13 00:14:09.485984,1.801405,9547467,,0,0,65,0,0,0,0,0.0034,0,66,0,0,"SELECT COUNT(*) AS days_traded, SUM(n_quotes) AS total_quotes, MIN(bp_min) AS lowest_bid, MAX(bp_max) AS highest_bid, MIN(ap_min) AS lowest_ask, MAX(ap_max) AS highest_ask, SUM(spread_sum) / SUM(n_quotes) AS avg_spread, SUM(bs_sum) AS total_bid_volum"
9547467,2026-08-13 00:14:09.485984,1.801405,9547467,quotes_shared.public.mv_tbl__quotes_daily__0,1,437941,38,0,0,0,0,1.7131,76,24,0,0,"SELECT COUNT(*) AS days_traded, SUM(n_quotes) AS total_quotes, MIN(bp_min) AS lowest_bid, MAX(bp_max) AS highest_bid, MIN(ap_min) AS lowest_ask, MAX(ap_max) AS highest_ask, SUM(spread_sum) / SUM(n_quotes) AS avg_spread, SUM(bs_sum) AS total_bid_volum"
9547474,2026-08-13 00:14:12.025450,0.443245,9547474,,0,0,180,0,0,0,0,0.3429,91,27,0,0,"SELECT sym, COUNT(*) AS days_traded, SUM(n_quotes) AS total_quotes, MIN(bp_min) AS lowest_bid, MAX(bp_max) AS highest_bid, SUM(spread_sum) / SUM(n_quotes) AS avg_spread FROM quotes_daily WHERE sym IN ('AAPL', 'MSFT', 'GOOGL', 'AMZN', 'TSLA', 'META', "
9547474,2026-08-13 00:14:12.025450,0.443245,9547474,quotes_shared.public.mv_tbl__quotes_daily__0,1,441688,304,0,0,0,0,0.3290,47,92,0,0,"SELECT sym, COUNT(*) AS days_traded, SUM(n_quotes) AS total_quotes, MIN(bp_min) AS lowest_bid, MAX(bp_max) AS highest_bid, SUM(spread_sum) / SUM(n_quotes) AS avg_spread FROM quotes_daily WHERE sym IN ('AAPL', 'MSFT', 'GOOGL', 'AMZN', 'TSLA', 'META', "
9547481,2026-08-13 00:14:12.992900,0.095842,9547481,,0,0,238733,0,0,0,0,0.0102,15,27,0,0,"SELECT sym, pct_range FROM ( SELECT sym, (MAX(bp_max) - MIN(bp_min)) / MIN(bp_min) * 100 AS pct_range FROM quotes_daily GROUP BY sym ) t ORDER BY ABS(pct_range) DESC LIMIT 20"
9547481,2026-08-13 00:14:12.992900,0.095842,9547481,quotes_shared.public.mv_tbl__quotes_daily__0,1,441688,424214,0,0,0,0,0.0051,28,29,0,0,"SELECT sym, pct_range FROM ( SELECT sym, (MAX(bp_max) - MIN(bp_min)) / MIN(bp_min) * 100 AS pct_range FROM quotes_daily GROUP BY sym ) t ORDER BY ABS(pct_range) DESC LIMIT 20"
9547488,2026-08-13 00:14:13.593703,0.442383,9547488,,0,0,1517,0,0,0,0,0.3612,64,23,0,0,"SELECT day, SUM(n_quotes) AS total_quotes, SUM(bs_sum) + SUM(as_sum) AS total_volume, SUM(spread_sum) / SUM(n_quotes) AS avg_spread FROM quotes_daily GROUP BY day ORDER BY day"
9547488,2026-08-13 00:14:13.593703,0.442383,9547488,quotes_shared.public.mv_tbl__quotes_daily__0,1,441688,424214,0,0,0,0,0.3570,40,48,0,0,"SELECT day, SUM(n_quotes) AS total_quotes, SUM(bs_sum) + SUM(as_sum) AS total_volume, SUM(spread_sum) / SUM(n_quotes) AS avg_spread FROM quotes_daily GROUP BY day ORDER BY day"
9750533,2026-08-13 00:24:07.420247,2.952287,9750533,,0,0,65,0,0,0,0,0.0061,0,30,0,0,"SELECT COALESCE(SUM(n_quotes), 0) FROM quotes_daily"
9750533,2026-08-13 00:24:07.420247,2.952287,9750533,quotes_shared.public.mv_tbl__quotes_daily__0,1,462487,434558,0,0,0,0,0.7195,61,25,0,0,"SELECT COALESCE(SUM(n_quotes), 0) FROM quotes_daily"
9750536,2026-08-13 00:24:10.374171,0.074106,9750536,,0,0,65,0,0,0,0,0.0024,0,24,0,0,SELECT COUNT(*) FROM quotes_daily
9750536,2026-08-13 00:24:10.374171,0.074106,9750536,quotes_shared.public.mv_tbl__quotes_daily__0,1,462452,434558,0,0,0,0,0.0015,51,24,0,0,SELECT COUNT(*) FROM quotes_daily
9750539,2026-08-13 00:24:10.449938,2.354041,9750539,,0,0,65,0,0,0,0,0.0030,0,23,0,0,"SELECT COUNT(*) AS days_traded, SUM(n_quotes) AS total_quotes, MIN(bp_min) AS lowest_bid, MAX(bp_max) AS highest_bid, MIN(ap_min) AS lowest_ask, MAX(ap_max) AS highest_ask, SUM(spread_sum) / SUM(n_quotes) AS avg_spread, SUM(bs_sum) AS total_bid_volum"
9750539,2026-08-13 00:24:10.449938,2.354041,9750539,quotes_shared.public.mv_tbl__quotes_daily__0,1,458427,39,0,0,0,0,2.2663,69,38,0,0,"SELECT COUNT(*) AS days_traded, SUM(n_quotes) AS total_quotes, MIN(bp_min) AS lowest_bid, MAX(bp_max) AS highest_bid, MIN(ap_min) AS lowest_ask, MAX(ap_max) AS highest_ask, SUM(spread_sum) / SUM(n_quotes) AS avg_spread, SUM(bs_sum) AS total_bid_volum"
9750546,2026-08-13 00:24:13.553149,0.450075,9750546,,0,0,179,0,0,0,0,0.3583,91,21,0,0,"SELECT sym, COUNT(*) AS days_traded, SUM(n_quotes) AS total_quotes, MIN(bp_min) AS lowest_bid, MAX(bp_max) AS highest_bid, SUM(spread_sum) / SUM(n_quotes) AS avg_spread FROM quotes_daily WHERE sym IN ('AAPL', 'MSFT', 'GOOGL', 'AMZN', 'TSLA', 'META', "
9750546,2026-08-13 00:24:13.553149,0.450075,9750546,quotes_shared.public.mv_tbl__quotes_daily__0,1,462487,312,0,0,0,0,0.3538,48,93,0,0,"SELECT sym, COUNT(*) AS days_traded, SUM(n_quotes) AS total_quotes, MIN(bp_min) AS lowest_bid, MAX(bp_max) AS highest_bid, SUM(spread_sum) / SUM(n_quotes) AS avg_spread FROM quotes_daily WHERE sym IN ('AAPL', 'MSFT', 'GOOGL', 'AMZN', 'TSLA', 'META', "
9750553,2026-08-13 00:24:14.497092,0.093461,9750553,,0,0,240734,0,0,0,0,0.0086,16,24,0,0,"SELECT sym, pct_range FROM ( SELECT sym, (MAX(bp_max) - MIN(bp_min)) / MIN(bp_min) * 100 AS pct_range FROM quotes_daily GROUP BY sym ) t ORDER BY ABS(pct_range) DESC LIMIT 20"
9750553,2026-08-13 00:24:14.497092,0.093461,9750553,quotes_shared.public.mv_tbl__quotes_daily__0,1,462487,434558,0,0,0,0,0.0047,29,31,0,0,"SELECT sym, pct_range FROM ( SELECT sym, (MAX(bp_max) - MIN(bp_min)) / MIN(bp_min) * 100 AS pct_range FROM quotes_daily GROUP BY sym ) t ORDER BY ABS(pct_range) DESC LIMIT 20"
9750560,2026-08-13 00:24:15.157613,0.380667,9750560,,0,0,1551,0,0,0,0,0.2999,63,28,0,0,"SELECT day, SUM(n_quotes) AS total_quotes, SUM(bs_sum) + SUM(as_sum) AS total_volume, SUM(spread_sum) / SUM(n_quotes) AS avg_spread FROM quotes_daily GROUP BY day ORDER BY day"
9750560,2026-08-13 00:24:15.157613,0.380667,9750560,quotes_shared.public.mv_tbl__quotes_daily__0,1,462487,434558,0,0,0,0,0.2970,29,34,0,0,"SELECT day, SUM(n_quotes) AS total_quotes, SUM(bs_sum) + SUM(as_sum) AS total_volume, SUM(spread_sum) / SUM(n_quotes) AS avg_spread FROM quotes_daily GROUP BY day ORDER BY day"
9953605,2026-08-13 00:34:06.751058,2.760845,9953605,,0,0,65,0,0,0,0,0.0069,0,30,0,0,"SELECT COALESCE(SUM(n_quotes), 0) FROM quotes_daily"
9953605,2026-08-13 00:34:06.751058,2.760845,9953605,quotes_shared.public.mv_tbl__quotes_daily__0,1,473498,444653,0,0,0,0,0.7341,40,24,0,0,"SELECT COALESCE(SUM(n_quotes), 0) FROM quotes_daily"
9953608,2026-08-13 00:34:09.513817,0.092238,9953608,,0,0,65,0,0,0,0,0.0091,0,30,0,0,SELECT COUNT(*) FROM quotes_daily
9953608,2026-08-13 00:34:09.513817,0.092238,9953608,quotes_shared.public.mv_tbl__quotes_daily__0,1,473498,444653,0,0,0,0,0.0053,49,30,0,0,SELECT COUNT(*) FROM quotes_daily
9953611,2026-08-13 00:34:09.607736,2.012792,9953611,,0,0,65,0,0,0,0,0.0026,0,34,0,0,"SELECT COUNT(*) AS days_traded, SUM(n_quotes) AS total_quotes, MIN(bp_min) AS lowest_bid, MAX(bp_max) AS highest_bid, MIN(ap_min) AS lowest_ask, MAX(ap_max) AS highest_ask, SUM(spread_sum) / SUM(n_quotes) AS avg_spread, SUM(bs_sum) AS total_bid_volum"
9953611,2026-08-13 00:34:09.607736,2.012792,9953611,quotes_shared.public.mv_tbl__quotes_daily__0,1,473451,40,0,0,0,0,1.9140,79,27,0,0,"SELECT COUNT(*) AS days_traded, SUM(n_quotes) AS total_quotes, MIN(bp_min) AS lowest_bid, MAX(bp_max) AS highest_bid, MIN(ap_min) AS lowest_ask, MAX(ap_max) AS highest_ask, SUM(spread_sum) / SUM(n_quotes) AS avg_spread, SUM(bs_sum) AS total_bid_volum"
9953618,2026-08-13 00:34:12.370309,0.455633,9953618,,0,0,191,0,0,0,0,0.3564,91,20,0,0,"SELECT sym, COUNT(*) AS days_traded, SUM(n_quotes) AS total_quotes, MIN(bp_min) AS lowest_bid, MAX(bp_max) AS highest_bid, SUM(spread_sum) / SUM(n_quotes) AS avg_spread FROM quotes_daily WHERE sym IN ('AAPL', 'MSFT', 'GOOGL', 'AMZN', 'TSLA', 'META', "
9953618,2026-08-13 00:34:12.370309,0.455633,9953618,quotes_shared.public.mv_tbl__quotes_daily__0,1,473498,320,0,0,0,0,0.3521,47,93,0,0,"SELECT sym, COUNT(*) AS days_traded, SUM(n_quotes) AS total_quotes, MIN(bp_min) AS lowest_bid, MAX(bp_max) AS highest_bid, SUM(spread_sum) / SUM(n_quotes) AS avg_spread FROM quotes_daily WHERE sym IN ('AAPL', 'MSFT', 'GOOGL', 'AMZN', 'TSLA', 'META', "
9953625,2026-08-13 00:34:13.505402,0.100095,9953625,,0,0,243409,0,0,0,0,0.0099,15,30,0,0,"SELECT sym, pct_range FROM ( SELECT sym, (MAX(bp_max) - MIN(bp_min)) / MIN(bp_min) * 100 AS pct_range FROM quotes_daily GROUP BY sym ) t ORDER BY ABS(pct_range) DESC LIMIT 20"
9953625,2026-08-13 00:34:13.505402,0.100095,9953625,quotes_shared.public.mv_tbl__quotes_daily__0,1,473498,444653,0,0,0,0,0.0050,29,35,0,0,"SELECT sym, pct_range FROM ( SELECT sym, (MAX(bp_max) - MIN(bp_min)) / MIN(bp_min) * 100 AS pct_range FROM quotes_daily GROUP BY sym ) t ORDER BY ABS(pct_range) DESC LIMIT 20"
9953632,2026-08-13 00:34:14.123072,0.422948,9953632,,0,0,1584,0,0,0,0,0.3358,62,21,0,0,"SELECT day, SUM(n_quotes) AS total_quotes, SUM(bs_sum) + SUM(as_sum) AS total_volume, SUM(spread_sum) / SUM(n_quotes) AS avg_spread FROM quotes_daily GROUP BY day ORDER BY day"
9953632,2026-08-13 00:34:14.123072,0.422948,9953632,quotes_shared.public.mv_tbl__quotes_daily__0,1,473498,444653,0,0,0,0,0.3314,40,34,0,0,"SELECT day, SUM(n_quotes) AS total_quotes, SUM(bs_sum) + SUM(as_sum) AS total_volume, SUM(spread_sum) / SUM(n_quotes) AS avg_spread FROM quotes_daily GROUP BY day ORDER BY day"
10156677,2026-08-13 00:44:07.687018,2.669627,10156677,,0,0,65,0,0,0,0,0.0109,0,35,0,0,"SELECT COALESCE(SUM(n_quotes), 0) FROM quotes_daily"
10156677,2026-08-13 00:44:07.687018,2.669627,10156677,quotes_shared.public.mv_tbl__quotes_daily__0,1,472019,453989,0,0,0,0,0.5492,37,18,0,0,"SELECT COALESCE(SUM(n_quotes), 0) FROM quotes_daily"
10156680,2026-08-13 00:44:10.358684,0.093,10156680,,0,0,65,0,0,0,0,0.0046,0,25,0,0,SELECT COUNT(*) FROM quotes_daily
10156680,2026-08-13 00:44:10.358684,0.093,10156680,quotes_shared.public.mv_tbl__quotes_daily__0,1,472019,453989,0,0,0,0,0.0029,44,39,0,0,SELECT COUNT(*) FROM quotes_daily
10156683,2026-08-13 00:44:10.453404,1.223633,10156683,,0,0,65,0,0,0,0,0.0032,0,24,0,0,"SELECT COUNT(*) AS days_traded, SUM(n_quotes) AS total_quotes, MIN(bp_min) AS lowest_bid, MAX(bp_max) AS highest_bid, MIN(ap_min) AS lowest_ask, MAX(ap_max) AS highest_ask, SUM(spread_sum) / SUM(n_quotes) AS avg_spread, SUM(bs_sum) AS total_bid_volum"
10156683,2026-08-13 00:44:10.453404,1.223633,10156683,quotes_shared.public.mv_tbl__quotes_daily__0,1,467975,41,0,0,0,0,1.1227,67,8,0,0,"SELECT COUNT(*) AS days_traded, SUM(n_quotes) AS total_quotes, MIN(bp_min) AS lowest_bid, MAX(bp_max) AS highest_bid, MIN(ap_min) AS lowest_ask, MAX(ap_max) AS highest_ask, SUM(spread_sum) / SUM(n_quotes) AS avg_spread, SUM(bs_sum) AS total_bid_volum"
10156690,2026-08-13 00:44:12.530907,0.463688,10156690,,0,0,187,0,0,0,0,0.3615,91,29,0,0,"SELECT sym, COUNT(*) AS days_traded, SUM(n_quotes) AS total_quotes, MIN(bp_min) AS lowest_bid, MAX(bp_max) AS highest_bid, SUM(spread_sum) / SUM(n_quotes) AS avg_spread FROM quotes_daily WHERE sym IN ('AAPL', 'MSFT', 'GOOGL', 'AMZN', 'TSLA', 'META', "
10156690,2026-08-13 00:44:12.530907,0.463688,10156690,quotes_shared.public.mv_tbl__quotes_daily__0,1,472019,328,0,0,0,0,0.3573,53,93,0,0,"SELECT sym, COUNT(*) AS days_traded, SUM(n_quotes) AS total_quotes, MIN(bp_min) AS lowest_bid, MAX(bp_max) AS highest_bid, SUM(spread_sum) / SUM(n_quotes) AS avg_spread FROM quotes_daily WHERE sym IN ('AAPL', 'MSFT', 'GOOGL', 'AMZN', 'TSLA', 'META', "
10156697,2026-08-13 00:44:13.529713,0.101062,10156697,,0,0,247293,0,0,0,0,0.0092,14,36,0,0,"SELECT sym, pct_range FROM ( SELECT sym, (MAX(bp_max) - MIN(bp_min)) / MIN(bp_min) * 100 AS pct_range FROM quotes_daily GROUP BY sym ) t ORDER BY ABS(pct_range) DESC LIMIT 20"
10156697,2026-08-13 00:44:13.529713,0.101062,10156697,quotes_shared.public.mv_tbl__quotes_daily__0,1,472019,453989,0,0,0,0,0.0051,27,31,0,0,"SELECT sym, pct_range FROM ( SELECT sym, (MAX(bp_max) - MIN(bp_min)) / MIN(bp_min) * 100 AS pct_range FROM quotes_daily GROUP BY sym ) t ORDER BY ABS(pct_range) DESC LIMIT 20"
10156704,2026-08-13 00:44:14.157691,0.419455,10156704,,0,0,1617,0,0,0,0,0.3288,61,30,0,0,"SELECT day, SUM(n_quotes) AS total_quotes, SUM(bs_sum) + SUM(as_sum) AS total_volume, SUM(spread_sum) / SUM(n_quotes) AS avg_spread FROM quotes_daily GROUP BY day ORDER BY day"
10156704,2026-08-13 00:44:14.157691,0.419455,10156704,quotes_shared.public.mv_tbl__quotes_daily__0,1,472019,453989,0,0,0,0,0.3252,41,55,0,0,"SELECT day, SUM(n_quotes) AS total_quotes, SUM(bs_sum) + SUM(as_sum) AS total_volume, SUM(spread_sum) / SUM(n_quotes) AS avg_spread FROM quotes_daily GROUP BY day ORDER BY day"
10359752,2026-08-13 00:54:08.017517,2.54128,10359752,,0,0,65,0,0,0,0,0.0070,0,27,0,0,"SELECT COALESCE(SUM(n_quotes), 0) FROM quotes_daily"
10359752,2026-08-13 00:54:08.017517,2.54128,10359752,quotes_shared.public.mv_tbl__quotes_daily__0,1,480577,455605,0,0,0,0,0.4726,56,32,0,0,"SELECT COALESCE(SUM(n_quotes), 0) FROM quotes_daily"
10359749,2026-08-13 00:54:08.018215,2.540592,10359749,,0,0,65,0,0,0,0,0.0062,0,81,0,0,"SELECT COALESCE(SUM(n_quotes), 0) FROM quotes_daily"
10359749,2026-08-13 00:54:08.018215,2.540592,10359749,quotes_shared.public.mv_tbl__quotes_daily__0,1,480577,455605,0,0,0,0,0.5941,52,26,0,0,"SELECT COALESCE(SUM(n_quotes), 0) FROM quotes_daily"
10359756,2026-08-13 00:54:10.560522,0.118155,10359756,,0,0,65,0,0,0,0,0.0169,0,92,0,0,SELECT COUNT(*) FROM quotes_daily
10359756,2026-08-13 00:54:10.560522,0.118155,10359756,quotes_shared.public.mv_tbl__quotes_daily__0,1,480405,455605,0,0,0,0,0.0081,66,54,0,0,SELECT COUNT(*) FROM quotes_daily
10359755,2026-08-13 00:54:10.560733,0.118614,10359755,,0,0,65,0,0,0,0,0.0175,0,44,0,0,SELECT COUNT(*) FROM quotes_daily
10359755,2026-08-13 00:54:10.560733,0.118614,10359755,quotes_shared.public.mv_tbl__quotes_daily__0,1,480405,455605,0,0,0,0,0.0089,60,70,0,0,SELECT COUNT(*) FROM quotes_daily
10359761,2026-08-13 00:54:10.680378,3.381994,10359761,,0,0,65,0,0,0,0,0.0117,0,70,0,0,"SELECT COUNT(*) AS days_traded, SUM(n_quotes) AS total_quotes, MIN(bp_min) AS lowest_bid, MAX(bp_max) AS highest_bid, MIN(ap_min) AS lowest_ask, MAX(ap_max) AS highest_ask, SUM(spread_sum) / SUM(n_quotes) AS avg_spread, SUM(bs_sum) AS total_bid_volum"
10359761,2026-08-13 00:54:10.680378,3.381994,10359761,quotes_shared.public.mv_tbl__quotes_daily__0,1,476542,41,0,0,0,0,3.2677,74,8,0,0,"SELECT COUNT(*) AS days_traded, SUM(n_quotes) AS total_quotes, MIN(bp_min) AS lowest_bid, MAX(bp_max) AS highest_bid, MIN(ap_min) AS lowest_ask, MAX(ap_max) AS highest_ask, SUM(spread_sum) / SUM(n_quotes) AS avg_spread, SUM(bs_sum) AS total_bid_volum"
10359764,2026-08-13 00:54:10.681177,129.005022,10359764,,0,0,74141361,0,0,0,0,127.6879,39,44,0,0,"WITH src AS ( SELECT DATE_TRUNC('hour', TIMESTAMP 'epoch' + t / 1000 * INTERVAL '1 second') AS hour, bp, bs, ap, t FROM quotes_typed WHERE sym = 'AAPL' ), ranked AS ( SELECT hour, bp, bs, ap, ROW_NUMBER() OVER (PARTITION BY hour ORDER BY t ASC) AS rn"
10359764,2026-08-13 00:54:10.681177,129.005022,10359764,quotes_shared.public.mv_tbl__quotes_typed__0,1,11166543940,24713787,0,0,0,0,127.4728,8,1,0,0,"WITH src AS ( SELECT DATE_TRUNC('hour', TIMESTAMP 'epoch' + t / 1000 * INTERVAL '1 second') AS hour, bp, bs, ap, t FROM quotes_typed WHERE sym = 'AAPL' ), ranked AS ( SELECT hour, bp, bs, ap, ROW_NUMBER() OVER (PARTITION BY hour ORDER BY t ASC) AS rn"
10359771,2026-08-13 00:54:14.867547,0.4045,10359771,,0,0,196,0,0,0,0,0.3085,91,25,0,0,"SELECT sym, COUNT(*) AS days_traded, SUM(n_quotes) AS total_quotes, MIN(bp_min) AS lowest_bid, MAX(bp_max) AS highest_bid, SUM(spread_sum) / SUM(n_quotes) AS avg_spread FROM quotes_daily WHERE sym IN ('AAPL', 'MSFT', 'GOOGL', 'AMZN', 'TSLA', 'META', "
10359771,2026-08-13 00:54:14.867547,0.4045,10359771,quotes_shared.public.mv_tbl__quotes_daily__0,1,480577,328,0,0,0,0,0.2979,51,92,0,0,"SELECT sym, COUNT(*) AS days_traded, SUM(n_quotes) AS total_quotes, MIN(bp_min) AS lowest_bid, MAX(bp_max) AS highest_bid, SUM(spread_sum) / SUM(n_quotes) AS avg_spread FROM quotes_daily WHERE sym IN ('AAPL', 'MSFT', 'GOOGL', 'AMZN', 'TSLA', 'META', "
10359778,2026-08-13 00:54:15.939413,0.238331,10359778,,0,0,239844,0,0,0,0,0.1312,14,84,0,0,"SELECT sym, pct_range FROM ( SELECT sym, (MAX(bp_max) - MIN(bp_min)) / MIN(bp_min) * 100 AS pct_range FROM quotes_daily GROUP BY sym ) t ORDER BY ABS(pct_range) DESC LIMIT 20"
10359778,2026-08-13 00:54:15.939413,0.238331,10359778,quotes_shared.public.mv_tbl__quotes_daily__0,1,480577,455605,0,0,0,0,0.0064,46,29,0,0,"SELECT sym, pct_range FROM ( SELECT sym, (MAX(bp_max) - MIN(bp_min)) / MIN(bp_min) * 100 AS pct_range FROM quotes_daily GROUP BY sym ) t ORDER BY ABS(pct_range) DESC LIMIT 20"
10359785,2026-08-13 00:54:16.704791,0.488425,10359785,,0,0,1616,0,0,0,0,0.3649,61,37,0,0,"SELECT day, SUM(n_quotes) AS total_quotes, SUM(bs_sum) + SUM(as_sum) AS total_volume, SUM(spread_sum) / SUM(n_quotes) AS avg_spread FROM quotes_daily GROUP BY day ORDER BY day"
10359785,2026-08-13 00:54:16.704791,0.488425,10359785,quotes_shared.public.mv_tbl__quotes_daily__0,1,480577,455605,0,0,0,0,0.3538,48,44,0,0,"SELECT day, SUM(n_quotes) AS total_quotes, SUM(bs_sum) + SUM(as_sum) AS total_volume, SUM(spread_sum) / SUM(n_quotes) AS avg_spread FROM quotes_daily GROUP BY day ORDER BY day"
10359852,2026-08-13 00:56:21.815695,317.677939,10359852,,0,0,97,0,0,0,0,0.0560,0,26,0,0,"WITH s AS ( SELECT (ap - bp) AS spread, (bp + ap) / 2.0 AS mid, bs AS bs, ""as"" AS az FROM quotes_typed WHERE sym = 'AAPL' ), agg AS ( SELECT COUNT(*)::float8 AS n, SUM(spread) AS s1, SUM(POWER(spread, 2)) AS s2, SUM(POWER(spread, 3)) AS s3, SUM(POWER"
10359852,2026-08-13 00:56:21.815695,317.677939,10359852,quotes_shared.public.mv_tbl__quotes_typed__0,1,11243606941,24820330,0,0,0,0,315.4896,8,1,0,0,"WITH s AS ( SELECT (ap - bp) AS spread, (bp + ap) / 2.0 AS mid, bs AS bs, ""as"" AS az FROM quotes_typed WHERE sym = 'AAPL' ), agg AS ( SELECT COUNT(*)::float8 AS n, SUM(spread) AS s1, SUM(POWER(spread, 2)) AS s2, SUM(POWER(spread, 3)) AS s3, SUM(POWER"
10359994,2026-08-13 01:01:39.980402,120.504405,10359994,,0,0,75204690,0,0,0,0,117.7969,38,64,0,0,"WITH src AS ( SELECT DATE_TRUNC('hour', TIMESTAMP 'epoch' + payload.t::bigint / 1000 * INTERVAL '1 second') AS hour, payload.bp::float8 AS bp, payload.bs::bigint AS bs, payload.ap::float8 AS ap, payload.t::bigint AS t FROM quotes_streamed WHERE sym ="
10359994,2026-08-13 01:01:39.980402,120.504405,10359994,quotes_shared.public.mv_tbl__quotes_streamed__0,1,29240211089,25068230,0,0,0,0,117.5049,2,0,0,0,"WITH src AS ( SELECT DATE_TRUNC('hour', TIMESTAMP 'epoch' + payload.t::bigint / 1000 * INTERVAL '1 second') AS hour, payload.bp::float8 AS bp, payload.bs::bigint AS bs, payload.ap::float8 AS ap, payload.t::bigint AS t FROM quotes_streamed WHERE sym ="
10360049,2026-08-13 01:03:41.053845,55.083924,10360049,,0,0,97,0,0,0,0,0.0532,0,23,0,0,"WITH s AS ( SELECT (payload.ap::float8 - payload.bp::float8) AS spread, (payload.bp::float8 + payload.ap::float8) / 2.0 AS mid, payload.bs::bigint AS bs, payload.""as""::bigint AS az FROM quotes_streamed WHERE sym = 'AAPL' ), agg AS ( SELECT COUNT(*)::"
10360049,2026-08-13 01:03:41.053845,55.083924,10360049,quotes_shared.public.mv_tbl__quotes_streamed__0,1,29360967050,25144653,0,0,0,0,53.3318,5,2,0,0,"WITH s AS ( SELECT (payload.ap::float8 - payload.bp::float8) AS spread, (payload.bp::float8 + payload.ap::float8) / 2.0 AS mid, payload.bs::bigint AS bs, payload.""as""::bigint AS az FROM quotes_streamed WHERE sym = 'AAPL' ), agg AS ( SELECT COUNT(*)::"
10360065,2026-08-13 01:03:56.847489,0.977806,10360065,,0,0,65,0,0,0,0,0.0030,0,29,0,0,"SELECT COALESCE(SUM(n_quotes), 0) FROM quotes_daily"
10360065,2026-08-13 01:03:56.847489,0.977806,10360065,quotes_shared.public.mv_tbl__quotes_daily__0,1,490491,471113,0,0,0,0,0.5343,38,22,0,0,"SELECT COALESCE(SUM(n_quotes), 0) FROM quotes_daily"
10360068,2026-08-13 01:03:57.826892,0.074035,10360068,,0,0,65,0,0,0,0,0.0027,0,40,0,0,SELECT COUNT(*) FROM quotes_daily
10360068,2026-08-13 01:03:57.826892,0.074035,10360068,quotes_shared.public.mv_tbl__quotes_daily__0,1,490479,471113,0,0,0,0,0.0015,39,25,0,0,SELECT COUNT(*) FROM quotes_daily
10360071,2026-08-13 01:03:57.902537,1.616207,10360071,,0,0,65,0,0,0,0,0.0019,0,30,0,0,"SELECT COUNT(*) AS days_traded, SUM(n_quotes) AS total_quotes, MIN(bp_min) AS lowest_bid, MAX(bp_max) AS highest_bid, MIN(ap_min) AS lowest_ask, MAX(ap_max) AS highest_ask, SUM(spread_sum) / SUM(n_quotes) AS avg_spread, SUM(bs_sum) AS total_bid_volum"
10360071,2026-08-13 01:03:57.902537,1.616207,10360071,quotes_shared.public.mv_tbl__quotes_daily__0,1,490444,42,0,0,0,0,1.5378,78,23,0,0,"SELECT COUNT(*) AS days_traded, SUM(n_quotes) AS total_quotes, MIN(bp_min) AS lowest_bid, MAX(bp_max) AS highest_bid, MIN(ap_min) AS lowest_ask, MAX(ap_max) AS highest_ask, SUM(spread_sum) / SUM(n_quotes) AS avg_spread, SUM(bs_sum) AS total_bid_volum"
10360078,2026-08-13 01:04:00.015870,0.095531,10360078,,0,0,181,0,0,0,0,0.0075,91,26,0,0,"SELECT sym, COUNT(*) AS days_traded, SUM(n_quotes) AS total_quotes, MIN(bp_min) AS lowest_bid, MAX(bp_max) AS highest_bid, SUM(spread_sum) / SUM(n_quotes) AS avg_spread FROM quotes_daily WHERE sym IN ('AAPL', 'MSFT', 'GOOGL', 'AMZN', 'TSLA', 'META', "
10360078,2026-08-13 01:04:00.015870,0.095531,10360078,quotes_shared.public.mv_tbl__quotes_daily__0,1,490491,336,0,0,0,0,0.0040,66,13,0,0,"SELECT sym, COUNT(*) AS days_traded, SUM(n_quotes) AS total_quotes, MIN(bp_min) AS lowest_bid, MAX(bp_max) AS highest_bid, SUM(spread_sum) / SUM(n_quotes) AS avg_spread FROM quotes_daily WHERE sym IN ('AAPL', 'MSFT', 'GOOGL', 'AMZN', 'TSLA', 'META', "
10360085,2026-08-13 01:04:00.607721,0.090074,10360085,,0,0,251351,0,0,0,0,0.0107,14,25,0,0,"SELECT sym, pct_range FROM ( SELECT sym, (MAX(bp_max) - MIN(bp_min)) / MIN(bp_min) * 100 AS pct_range FROM quotes_daily GROUP BY sym ) t ORDER BY ABS(pct_range) DESC LIMIT 20"
10360085,2026-08-13 01:04:00.607721,0.090074,10360085,quotes_shared.public.mv_tbl__quotes_daily__0,1,490491,471113,0,0,0,0,0.0059,29,34,0,0,"SELECT sym, pct_range FROM ( SELECT sym, (MAX(bp_max) - MIN(bp_min)) / MIN(bp_min) * 100 AS pct_range FROM quotes_daily GROUP BY sym ) t ORDER BY ABS(pct_range) DESC LIMIT 20"
10360092,2026-08-13 01:04:01.344154,0.291456,10360092,,0,0,1683,0,0,0,0,0.2127,60,30,0,0,"SELECT day, SUM(n_quotes) AS total_quotes, SUM(bs_sum) + SUM(as_sum) AS total_volume, SUM(spread_sum) / SUM(n_quotes) AS avg_spread FROM quotes_daily GROUP BY day ORDER BY day"
10360092,2026-08-13 01:04:01.344154,0.291456,10360092,quotes_shared.public.mv_tbl__quotes_daily__0,1,490491,471113,0,0,0,0,0.2099,26,27,0,0,"SELECT day, SUM(n_quotes) AS total_quotes, SUM(bs_sum) + SUM(as_sum) AS total_volume, SUM(spread_sum) / SUM(n_quotes) AS avg_spread FROM quotes_daily GROUP BY day ORDER BY day"
10562821,2026-08-13 01:14:07.983349,2.910982,10562821,,0,0,65,0,0,0,0,0.0076,0,28,0,0,"SELECT COALESCE(SUM(n_quotes), 0) FROM quotes_daily"
10562821,2026-08-13 01:14:07.983349,2.910982,10562821,quotes_shared.public.mv_tbl__quotes_daily__0,1,502633,481297,0,0,0,0,0.7443,55,26,0,0,"SELECT COALESCE(SUM(n_quotes), 0) FROM quotes_daily"
10562824,2026-08-13 01:14:10.896328,0.093907,10562824,,0,0,65,0,0,0,0,0.0041,0,20,0,0,SELECT COUNT(*) FROM quotes_daily
10562824,2026-08-13 01:14:10.896328,0.093907,10562824,quotes_shared.public.mv_tbl__quotes_daily__0,1,502633,481297,0,0,0,0,0.0032,49,46,0,0,SELECT COUNT(*) FROM quotes_daily
10562827,2026-08-13 01:14:10.991998,2.55612,10562827,,0,0,65,0,0,0,0,0.0026,0,27,0,0,"SELECT COUNT(*) AS days_traded, SUM(n_quotes) AS total_quotes, MIN(bp_min) AS lowest_bid, MAX(bp_max) AS highest_bid, MIN(ap_min) AS lowest_ask, MAX(ap_max) AS highest_ask, SUM(spread_sum) / SUM(n_quotes) AS avg_spread, SUM(bs_sum) AS total_bid_volum"
10562827,2026-08-13 01:14:10.991998,2.55612,10562827,quotes_shared.public.mv_tbl__quotes_daily__0,1,502586,43,0,0,0,0,2.4605,73,43,0,0,"SELECT COUNT(*) AS days_traded, SUM(n_quotes) AS total_quotes, MIN(bp_min) AS lowest_bid, MAX(bp_max) AS highest_bid, MIN(ap_min) AS lowest_ask, MAX(ap_max) AS highest_ask, SUM(spread_sum) / SUM(n_quotes) AS avg_spread, SUM(bs_sum) AS total_bid_volum"
10562834,2026-08-13 01:14:15.893534,0.453851,10562834,,0,0,196,0,0,0,0,0.3521,91,27,0,0,"SELECT sym, COUNT(*) AS days_traded, SUM(n_quotes) AS total_quotes, MIN(bp_min) AS lowest_bid, MAX(bp_max) AS highest_bid, SUM(spread_sum) / SUM(n_quotes) AS avg_spread FROM quotes_daily WHERE sym IN ('AAPL', 'MSFT', 'GOOGL', 'AMZN', 'TSLA', 'META', "
10562834,2026-08-13 01:14:15.893534,0.453851,10562834,quotes_shared.public.mv_tbl__quotes_daily__0,1,502633,344,0,0,0,0,0.3467,60,93,0,0,"SELECT sym, COUNT(*) AS days_traded, SUM(n_quotes) AS total_quotes, MIN(bp_min) AS lowest_bid, MAX(bp_max) AS highest_bid, SUM(spread_sum) / SUM(n_quotes) AS avg_spread FROM quotes_daily WHERE sym IN ('AAPL', 'MSFT', 'GOOGL', 'AMZN', 'TSLA', 'META', "
10562841,2026-08-13 01:14:16.879185,0.104969,10562841,,0,0,253453,0,0,0,0,0.0122,14,27,0,0,"SELECT sym, pct_range FROM ( SELECT sym, (MAX(bp_max) - MIN(bp_min)) / MIN(bp_min) * 100 AS pct_range FROM quotes_daily GROUP BY sym ) t ORDER BY ABS(pct_range) DESC LIMIT 20"
10562841,2026-08-13 01:14:16.879185,0.104969,10562841,quotes_shared.public.mv_tbl__quotes_daily__0,1,502633,481297,0,0,0,0,0.0066,30,23,0,0,"SELECT sym, pct_range FROM ( SELECT sym, (MAX(bp_max) - MIN(bp_min)) / MIN(bp_min) * 100 AS pct_range FROM quotes_daily GROUP BY sym ) t ORDER BY ABS(pct_range) DESC LIMIT 20"
10562849,2026-08-13 01:14:17.497743,0.47424,10562849,,0,0,1716,0,0,0,0,0.3841,59,20,0,0,"SELECT day, SUM(n_quotes) AS total_quotes, SUM(bs_sum) + SUM(as_sum) AS total_volume, SUM(spread_sum) / SUM(n_quotes) AS avg_spread FROM quotes_daily GROUP BY day ORDER BY day"
10562849,2026-08-13 01:14:17.497743,0.47424,10562849,quotes_shared.public.mv_tbl__quotes_daily__0,1,502633,481297,0,0,0,0,0.3797,35,46,0,0,"SELECT day, SUM(n_quotes) AS total_quotes, SUM(bs_sum) + SUM(as_sum) AS total_volume, SUM(spread_sum) / SUM(n_quotes) AS avg_spread FROM quotes_daily GROUP BY day ORDER BY day"
10765893,2026-08-13 01:24:07.563012,2.931378,10765893,,0,0,65,0,0,0,0,0.0044,0,42,0,0,"SELECT COALESCE(SUM(n_quotes), 0) FROM quotes_daily"
10765893,2026-08-13 01:24:07.563012,2.931378,10765893,quotes_shared.public.mv_tbl__quotes_daily__0,1,515838,491109,0,0,0,0,0.8142,46,31,0,0,"SELECT COALESCE(SUM(n_quotes), 0) FROM quotes_daily"
10765896,2026-08-13 01:24:10.496215,0.088432,10765896,,0,0,65,0,0,0,0,0.0049,0,55,0,0,SELECT COUNT(*) FROM quotes_daily
10765896,2026-08-13 01:24:10.496215,0.088432,10765896,quotes_shared.public.mv_tbl__quotes_daily__0,1,515838,491109,0,0,0,0,0.0024,55,38,0,0,SELECT COUNT(*) FROM quotes_daily
10765899,2026-08-13 01:24:10.586279,2.130904,10765899,,0,0,65,0,0,0,0,0.0034,0,29,0,0,"SELECT COUNT(*) AS days_traded, SUM(n_quotes) AS total_quotes, MIN(bp_min) AS lowest_bid, MAX(bp_max) AS highest_bid, MIN(ap_min) AS lowest_ask, MAX(ap_max) AS highest_ask, SUM(spread_sum) / SUM(n_quotes) AS avg_spread, SUM(bs_sum) AS total_bid_volum"
10765899,2026-08-13 01:24:10.586279,2.130904,10765899,quotes_shared.public.mv_tbl__quotes_daily__0,1,511294,44,0,0,0,0,2.0399,65,28,0,0,"SELECT COUNT(*) AS days_traded, SUM(n_quotes) AS total_quotes, MIN(bp_min) AS lowest_bid, MAX(bp_max) AS highest_bid, MIN(ap_min) AS lowest_ask, MAX(ap_max) AS highest_ask, SUM(spread_sum) / SUM(n_quotes) AS avg_spread, SUM(bs_sum) AS total_bid_volum"
10765906,2026-08-13 01:24:13.507762,0.455542,10765906,,0,0,184,0,0,0,0,0.3630,91,20,0,0,"SELECT sym, COUNT(*) AS days_traded, SUM(n_quotes) AS total_quotes, MIN(bp_min) AS lowest_bid, MAX(bp_max) AS highest_bid, SUM(spread_sum) / SUM(n_quotes) AS avg_spread FROM quotes_daily WHERE sym IN ('AAPL', 'MSFT', 'GOOGL', 'AMZN', 'TSLA', 'META', "
10765906,2026-08-13 01:24:13.507762,0.455542,10765906,quotes_shared.public.mv_tbl__quotes_daily__0,1,515838,352,0,0,0,0,0.3573,56,93,0,0,"SELECT sym, COUNT(*) AS days_traded, SUM(n_quotes) AS total_quotes, MIN(bp_min) AS lowest_bid, MAX(bp_max) AS highest_bid, SUM(spread_sum) / SUM(n_quotes) AS avg_spread FROM quotes_daily WHERE sym IN ('AAPL', 'MSFT', 'GOOGL', 'AMZN', 'TSLA', 'META', "
10765913,2026-08-13 01:24:14.459631,0.094064,10765913,,0,0,253462,0,0,0,0,0.0101,14,27,0,0,"SELECT sym, pct_range FROM ( SELECT sym, (MAX(bp_max) - MIN(bp_min)) / MIN(bp_min) * 100 AS pct_range FROM quotes_daily GROUP BY sym ) t ORDER BY ABS(pct_range) DESC LIMIT 20"
10765913,2026-08-13 01:24:14.459631,0.094064,10765913,quotes_shared.public.mv_tbl__quotes_daily__0,1,515838,491109,0,0,0,0,0.0056,28,30,0,0,"SELECT sym, pct_range FROM ( SELECT sym, (MAX(bp_max) - MIN(bp_min)) / MIN(bp_min) * 100 AS pct_range FROM quotes_daily GROUP BY sym ) t ORDER BY ABS(pct_range) DESC LIMIT 20"
10765920,2026-08-13 01:24:15.033681,0.407218,10765920,,0,0,1749,0,0,0,0,0.3237,58,23,0,0,"SELECT day, SUM(n_quotes) AS total_quotes, SUM(bs_sum) + SUM(as_sum) AS total_volume, SUM(spread_sum) / SUM(n_quotes) AS avg_spread FROM quotes_daily GROUP BY day ORDER BY day"
10765920,2026-08-13 01:24:15.033681,0.407218,10765920,quotes_shared.public.mv_tbl__quotes_daily__0,1,515838,491109,0,0,0,0,0.3189,39,37,0,0,"SELECT day, SUM(n_quotes) AS total_quotes, SUM(bs_sum) + SUM(as_sum) AS total_volume, SUM(spread_sum) / SUM(n_quotes) AS avg_spread FROM quotes_daily GROUP BY day ORDER BY day"
10968965,2026-08-13 01:34:07.103931,2.995585,10968965,,0,0,65,0,0,0,0,0.0067,0,29,0,0,"SELECT COALESCE(SUM(n_quotes), 0) FROM quotes_daily"
10968965,2026-08-13 01:34:07.103931,2.995585,10968965,quotes_shared.public.mv_tbl__quotes_daily__0,1,511417,491992,0,0,0,0,0.7347,41,27,0,0,"SELECT COALESCE(SUM(n_quotes), 0) FROM quotes_daily"
10968968,2026-08-13 01:34:10.101673,0.087231,10968968,,0,0,65,0,0,0,0,0.0032,0,31,0,0,SELECT COUNT(*) FROM quotes_daily
10968968,2026-08-13 01:34:10.101673,0.087231,10968968,quotes_shared.public.mv_tbl__quotes_daily__0,1,511119,491992,0,0,0,0,0.0025,59,40,0,0,SELECT COUNT(*) FROM quotes_daily
10968971,2026-08-13 01:34:10.190585,1.913569,10968971,,0,0,65,0,0,0,0,0.0232,0,25,0,0,"SELECT COUNT(*) AS days_traded, SUM(n_quotes) AS total_quotes, MIN(bp_min) AS lowest_bid, MAX(bp_max) AS highest_bid, MIN(ap_min) AS lowest_ask, MAX(ap_max) AS highest_ask, SUM(spread_sum) / SUM(n_quotes) AS avg_spread, SUM(bs_sum) AS total_bid_volum"
10968971,2026-08-13 01:34:10.190585,1.913569,10968971,quotes_shared.public.mv_tbl__quotes_daily__0,1,511370,44,0,0,0,0,1.8103,72,29,0,0,"SELECT COUNT(*) AS days_traded, SUM(n_quotes) AS total_quotes, MIN(bp_min) AS lowest_bid, MAX(bp_max) AS highest_bid, MIN(ap_min) AS lowest_ask, MAX(ap_max) AS highest_ask, SUM(spread_sum) / SUM(n_quotes) AS avg_spread, SUM(bs_sum) AS total_bid_volum"
10968978,2026-08-13 01:34:12.914264,0.420403,10968978,,0,0,196,0,0,0,0,0.3189,91,18,0,0,"SELECT sym, COUNT(*) AS days_traded, SUM(n_quotes) AS total_quotes, MIN(bp_min) AS lowest_bid, MAX(bp_max) AS highest_bid, SUM(spread_sum) / SUM(n_quotes) AS avg_spread FROM quotes_daily WHERE sym IN ('AAPL', 'MSFT', 'GOOGL', 'AMZN', 'TSLA', 'META', "
10968978,2026-08-13 01:34:12.914264,0.420403,10968978,quotes_shared.public.mv_tbl__quotes_daily__0,1,511417,352,0,0,0,0,0.3151,60,92,0,0,"SELECT sym, COUNT(*) AS days_traded, SUM(n_quotes) AS total_quotes, MIN(bp_min) AS lowest_bid, MAX(bp_max) AS highest_bid, SUM(spread_sum) / SUM(n_quotes) AS avg_spread FROM quotes_daily WHERE sym IN ('AAPL', 'MSFT', 'GOOGL', 'AMZN', 'TSLA', 'META', "
10968985,2026-08-13 01:34:13.822298,0.100734,10968985,,0,0,257060,0,0,0,0,0.0112,13,30,0,0,"SELECT sym, pct_range FROM ( SELECT sym, (MAX(bp_max) - MIN(bp_min)) / MIN(bp_min) * 100 AS pct_range FROM quotes_daily GROUP BY sym ) t ORDER BY ABS(pct_range) DESC LIMIT 20"
10968985,2026-08-13 01:34:13.822298,0.100734,10968985,quotes_shared.public.mv_tbl__quotes_daily__0,1,511417,491992,0,0,0,0,0.0053,28,36,0,0,"SELECT sym, pct_range FROM ( SELECT sym, (MAX(bp_max) - MIN(bp_min)) / MIN(bp_min) * 100 AS pct_range FROM quotes_daily GROUP BY sym ) t ORDER BY ABS(pct_range) DESC LIMIT 20"
10968992,2026-08-13 01:34:14.424395,0.451744,10968992,,0,0,1749,0,0,0,0,0.3643,58,31,0,0,"SELECT day, SUM(n_quotes) AS total_quotes, SUM(bs_sum) + SUM(as_sum) AS total_volume, SUM(spread_sum) / SUM(n_quotes) AS avg_spread FROM quotes_daily GROUP BY day ORDER BY day"
10968992,2026-08-13 01:34:14.424395,0.451744,10968992,quotes_shared.public.mv_tbl__quotes_daily__0,1,511417,491992,0,0,0,0,0.3612,40,48,0,0,"SELECT day, SUM(n_quotes) AS total_quotes, SUM(bs_sum) + SUM(as_sum) AS total_volume, SUM(spread_sum) / SUM(n_quotes) AS avg_spread FROM quotes_daily GROUP BY day ORDER BY day"
11172037,2026-08-13 01:44:07.485599,2.582287,11172037,,0,0,65,0,0,0,0,0.0062,0,27,0,0,"SELECT COALESCE(SUM(n_quotes), 0) FROM quotes_daily"
11172037,2026-08-13 01:44:07.485599,2.582287,11172037,quotes_shared.public.mv_tbl__quotes_daily__0,1,523130,502338,0,0,0,0,0.6221,49,18,0,0,"SELECT COALESCE(SUM(n_quotes), 0) FROM quotes_daily"
11172040,2026-08-13 01:44:10.069883,0.094375,11172040,,0,0,65,0,0,0,0,0.0081,0,31,0,0,SELECT COUNT(*) FROM quotes_daily
11172040,2026-08-13 01:44:10.069883,0.094375,11172040,quotes_shared.public.mv_tbl__quotes_daily__0,1,523063,502338,0,0,0,0,0.0026,56,38,0,0,SELECT COUNT(*) FROM quotes_daily
11172043,2026-08-13 01:44:10.166094,1.553518,11172043,,0,0,65,0,0,0,0,0.0023,0,22,0,0,"SELECT COUNT(*) AS days_traded, SUM(n_quotes) AS total_quotes, MIN(bp_min) AS lowest_bid, MAX(bp_max) AS highest_bid, MIN(ap_min) AS lowest_ask, MAX(ap_max) AS highest_ask, SUM(spread_sum) / SUM(n_quotes) AS avg_spread, SUM(bs_sum) AS total_bid_volum"
11172043,2026-08-13 01:44:10.166094,1.553518,11172043,quotes_shared.public.mv_tbl__quotes_daily__0,1,522996,45,0,0,0,0,1.4642,64,17,0,0,"SELECT COUNT(*) AS days_traded, SUM(n_quotes) AS total_quotes, MIN(bp_min) AS lowest_bid, MAX(bp_max) AS highest_bid, MIN(ap_min) AS lowest_ask, MAX(ap_max) AS highest_ask, SUM(spread_sum) / SUM(n_quotes) AS avg_spread, SUM(bs_sum) AS total_bid_volum"
11172050,2026-08-13 01:44:12.513059,0.426996,11172050,,0,0,198,0,0,0,0,0.3319,91,33,0,0,"SELECT sym, COUNT(*) AS days_traded, SUM(n_quotes) AS total_quotes, MIN(bp_min) AS lowest_bid, MAX(bp_max) AS highest_bid, SUM(spread_sum) / SUM(n_quotes) AS avg_spread FROM quotes_daily WHERE sym IN ('AAPL', 'MSFT', 'GOOGL', 'AMZN', 'TSLA', 'META', "
11172050,2026-08-13 01:44:12.513059,0.426996,11172050,quotes_shared.public.mv_tbl__quotes_daily__0,1,523130,360,0,0,0,0,0.3207,53,93,0,0,"SELECT sym, COUNT(*) AS days_traded, SUM(n_quotes) AS total_quotes, MIN(bp_min) AS lowest_bid, MAX(bp_max) AS highest_bid, SUM(spread_sum) / SUM(n_quotes) AS avg_spread FROM quotes_daily WHERE sym IN ('AAPL', 'MSFT', 'GOOGL', 'AMZN', 'TSLA', 'META', "
11172057,2026-08-13 01:44:13.416689,0.107585,11172057,,0,0,258612,0,0,0,0,0.0118,12,31,0,0,"SELECT sym, pct_range FROM ( SELECT sym, (MAX(bp_max) - MIN(bp_min)) / MIN(bp_min) * 100 AS pct_range FROM quotes_daily GROUP BY sym ) t ORDER BY ABS(pct_range) DESC LIMIT 20"
11172057,2026-08-13 01:44:13.416689,0.107585,11172057,quotes_shared.public.mv_tbl__quotes_daily__0,1,523130,502338,0,0,0,0,0.0047,28,27,0,0,"SELECT sym, pct_range FROM ( SELECT sym, (MAX(bp_max) - MIN(bp_min)) / MIN(bp_min) * 100 AS pct_range FROM quotes_daily GROUP BY sym ) t ORDER BY ABS(pct_range) DESC LIMIT 20"
11172064,2026-08-13 01:44:13.995871,0.430703,11172064,,0,0,1782,0,0,0,0,0.3479,57,25,0,0,"SELECT day, SUM(n_quotes) AS total_quotes, SUM(bs_sum) + SUM(as_sum) AS total_volume, SUM(spread_sum) / SUM(n_quotes) AS avg_spread FROM quotes_daily GROUP BY day ORDER BY day"
11172064,2026-08-13 01:44:13.995871,0.430703,11172064,quotes_shared.public.mv_tbl__quotes_daily__0,1,523130,502338,0,0,0,0,0.3440,35,49,0,0,"SELECT day, SUM(n_quotes) AS total_quotes, SUM(bs_sum) + SUM(as_sum) AS total_volume, SUM(spread_sum) / SUM(n_quotes) AS avg_spread FROM quotes_daily GROUP BY day ORDER BY day"
11375109,2026-08-13 01:54:07.364211,3.229838,11375109,,0,0,65,0,0,0,0,0.0037,0,31,0,0,"SELECT COALESCE(SUM(n_quotes), 0) FROM quotes_daily"
11375109,2026-08-13 01:54:07.364211,3.229838,11375109,quotes_shared.public.mv_tbl__quotes_daily__0,1,543060,512618,0,0,0,0,1.0733,49,58,0,0,"SELECT COALESCE(SUM(n_quotes), 0) FROM quotes_daily"
11375110,2026-08-13 01:54:07.364219,3.229978,11375110,,0,0,65,0,0,0,0,0.0042,0,18,0,0,"SELECT COALESCE(SUM(n_quotes), 0) FROM quotes_daily"
11375110,2026-08-13 01:54:07.364219,3.229978,11375110,quotes_shared.public.mv_tbl__quotes_daily__0,1,543060,512618,0,0,0,0,0.9703,67,64,0,0,"SELECT COALESCE(SUM(n_quotes), 0) FROM quotes_daily"
11375115,2026-08-13 01:54:10.595765,0.087853,11375115,,0,0,65,0,0,0,0,0.0021,0,29,0,0,SELECT COUNT(*) FROM quotes_daily
11375115,2026-08-13 01:54:10.595765,0.087853,11375115,quotes_shared.public.mv_tbl__quotes_daily__0,1,542757,512618,0,0,0,0,0.0017,41,10,0,0,SELECT COUNT(*) FROM quotes_daily
11375116,2026-08-13 01:54:10.595910,0.092117,11375116,,0,0,65,0,0,0,0,0.0023,0,19,0,0,SELECT COUNT(*) FROM quotes_daily
11375116,2026-08-13 01:54:10.595910,0.092117,11375116,quotes_shared.public.mv_tbl__quotes_daily__0,1,542757,512618,0,0,0,0,0.0016,55,13,0,0,SELECT COUNT(*) FROM quotes_daily
11375124,2026-08-13 01:54:10.685309,144.999259,11375124,,0,0,81552936,0,0,0,0,142.1462,42,44,0,0,"WITH src AS ( SELECT DATE_TRUNC('hour', TIMESTAMP 'epoch' + t / 1000 * INTERVAL '1 second') AS hour, bp, bs, ap, t FROM quotes_typed WHERE sym = 'AAPL' ), ranked AS ( SELECT hour, bp, bs, ap, ROW_NUMBER() OVER (PARTITION BY hour ORDER BY t ASC) AS rn"
11375124,2026-08-13 01:54:10.685309,144.999259,11375124,quotes_shared.public.mv_tbl__quotes_typed__0,1,12610844204,27184312,0,0,0,0,141.9242,5,0,0,0,"WITH src AS ( SELECT DATE_TRUNC('hour', TIMESTAMP 'epoch' + t / 1000 * INTERVAL '1 second') AS hour, bp, bs, ap, t FROM quotes_typed WHERE sym = 'AAPL' ), ranked AS ( SELECT hour, bp, bs, ap, ROW_NUMBER() OVER (PARTITION BY hour ORDER BY t ASC) AS rn"
11375121,2026-08-13 01:54:10.689631,3.515389,11375121,,0,0,65,0,0,0,0,0.0069,0,57,0,0,"SELECT COUNT(*) AS days_traded, SUM(n_quotes) AS total_quotes, MIN(bp_min) AS lowest_bid, MAX(bp_max) AS highest_bid, MIN(ap_min) AS lowest_ask, MAX(ap_max) AS highest_ask, SUM(spread_sum) / SUM(n_quotes) AS avg_spread, SUM(bs_sum) AS total_bid_volum"
11375121,2026-08-13 01:54:10.689631,3.515389,11375121,quotes_shared.public.mv_tbl__quotes_daily__0,1,543013,46,0,0,0,0,3.4175,71,13,0,0,"SELECT COUNT(*) AS days_traded, SUM(n_quotes) AS total_quotes, MIN(bp_min) AS lowest_bid, MAX(bp_max) AS highest_bid, MIN(ap_min) AS lowest_ask, MAX(ap_max) AS highest_ask, SUM(spread_sum) / SUM(n_quotes) AS avg_spread, SUM(bs_sum) AS total_bid_volum"
11375131,2026-08-13 01:54:16.664668,0.610118,11375131,,0,0,196,0,0,0,0,0.4795,91,23,0,0,"SELECT sym, COUNT(*) AS days_traded, SUM(n_quotes) AS total_quotes, MIN(bp_min) AS lowest_bid, MAX(bp_max) AS highest_bid, SUM(spread_sum) / SUM(n_quotes) AS avg_spread FROM quotes_daily WHERE sym IN ('AAPL', 'MSFT', 'GOOGL', 'AMZN', 'TSLA', 'META', "
11375131,2026-08-13 01:54:16.664668,0.610118,11375131,quotes_shared.public.mv_tbl__quotes_daily__0,1,543060,368,0,0,0,0,0.3394,50,93,0,0,"SELECT sym, COUNT(*) AS days_traded, SUM(n_quotes) AS total_quotes, MIN(bp_min) AS lowest_bid, MAX(bp_max) AS highest_bid, SUM(spread_sum) / SUM(n_quotes) AS avg_spread FROM quotes_daily WHERE sym IN ('AAPL', 'MSFT', 'GOOGL', 'AMZN', 'TSLA', 'META', "
11375141,2026-08-13 01:54:17.783380,0.166878,11375141,,0,0,253631,0,0,0,0,0.0372,16,26,0,0,"SELECT sym, pct_range FROM ( SELECT sym, (MAX(bp_max) - MIN(bp_min)) / MIN(bp_min) * 100 AS pct_range FROM quotes_daily GROUP BY sym ) t ORDER BY ABS(pct_range) DESC LIMIT 20"
11375141,2026-08-13 01:54:17.783380,0.166878,11375141,quotes_shared.public.mv_tbl__quotes_daily__0,1,543060,512618,0,0,0,0,0.0136,49,41,0,0,"SELECT sym, pct_range FROM ( SELECT sym, (MAX(bp_max) - MIN(bp_min)) / MIN(bp_min) * 100 AS pct_range FROM quotes_daily GROUP BY sym ) t ORDER BY ABS(pct_range) DESC LIMIT 20"
11375148,2026-08-13 01:54:18.767021,0.427334,11375148,,0,0,1815,0,0,0,0,0.3186,57,30,0,0,"SELECT day, SUM(n_quotes) AS total_quotes, SUM(bs_sum) + SUM(as_sum) AS total_volume, SUM(spread_sum) / SUM(n_quotes) AS avg_spread FROM quotes_daily GROUP BY day ORDER BY day"
11375148,2026-08-13 01:54:18.767021,0.427334,11375148,quotes_shared.public.mv_tbl__quotes_daily__0,1,543060,512618,0,0,0,0,0.3035,37,39,0,0,"SELECT day, SUM(n_quotes) AS total_quotes, SUM(bs_sum) + SUM(as_sum) AS total_volume, SUM(spread_sum) / SUM(n_quotes) AS avg_spread FROM quotes_daily GROUP BY day ORDER BY day"
11375224,2026-08-13 01:56:36.304878,338.236294,11375224,,0,0,97,0,0,0,0,0.0550,0,30,0,0,"WITH s AS ( SELECT (ap - bp) AS spread, (bp + ap) / 2.0 AS mid, bs AS bs, ""as"" AS az FROM quotes_typed WHERE sym = 'AAPL' ), agg AS ( SELECT COUNT(*)::float8 AS n, SUM(spread) AS s1, SUM(POWER(spread, 2)) AS s2, SUM(POWER(spread, 3)) AS s3, SUM(POWER"
11375224,2026-08-13 01:56:36.304878,338.236294,11375224,quotes_shared.public.mv_tbl__quotes_typed__0,1,12659285820,27306692,0,0,0,0,336.6147,6,0,0,0,"WITH s AS ( SELECT (ap - bp) AS spread, (bp + ap) / 2.0 AS mid, bs AS bs, ""as"" AS az FROM quotes_typed WHERE sym = 'AAPL' ), agg AS ( SELECT COUNT(*)::float8 AS n, SUM(spread) AS s1, SUM(POWER(spread, 2)) AS s2, SUM(POWER(spread, 3)) AS s3, SUM(POWER"
11375384,2026-08-13 02:02:16.670789,136.53611,11375384,,0,0,82933215,0,0,0,0,134.2472,41,46,0,0,"WITH src AS ( SELECT DATE_TRUNC('hour', TIMESTAMP 'epoch' + payload.t::bigint / 1000 * INTERVAL '1 second') AS hour, payload.bp::float8 AS bp, payload.bs::bigint AS bs, payload.ap::float8 AS ap, payload.t::bigint AS t FROM quotes_streamed WHERE sym ="
11375384,2026-08-13 02:02:16.670789,136.53611,11375384,quotes_shared.public.mv_tbl__quotes_streamed__0,1,32875950067,27644405,0,0,0,0,133.9307,2,0,0,0,"WITH src AS ( SELECT DATE_TRUNC('hour', TIMESTAMP 'epoch' + payload.t::bigint / 1000 * INTERVAL '1 second') AS hour, payload.bp::float8 AS bp, payload.bs::bigint AS bs, payload.ap::float8 AS ap, payload.t::bigint AS t FROM quotes_streamed WHERE sym ="
11375439,2026-08-13 02:03:56.846688,2.948154,11375439,,0,0,65,0,0,0,0,0.0031,0,27,0,0,"SELECT COALESCE(SUM(n_quotes), 0) FROM quotes_daily"
11375439,2026-08-13 02:03:56.846688,2.948154,11375439,quotes_shared.public.mv_tbl__quotes_daily__0,1,551544,528012,0,0,0,0,0.4799,40,12,0,0,"SELECT COALESCE(SUM(n_quotes), 0) FROM quotes_daily"
11375442,2026-08-13 02:03:59.796515,0.092717,11375442,,0,0,65,0,0,0,0,0.0022,0,28,0,0,SELECT COUNT(*) FROM quotes_daily
11375442,2026-08-13 02:03:59.796515,0.092717,11375442,quotes_shared.public.mv_tbl__quotes_daily__0,1,551444,528012,0,0,0,0,0.0014,47,18,0,0,SELECT COUNT(*) FROM quotes_daily
11375445,2026-08-13 02:03:59.891038,1.497944,11375445,,0,0,65,0,0,0,0,0.0021,0,21,0,0,"SELECT COUNT(*) AS days_traded, SUM(n_quotes) AS total_quotes, MIN(bp_min) AS lowest_bid, MAX(bp_max) AS highest_bid, MIN(ap_min) AS lowest_ask, MAX(ap_max) AS highest_ask, SUM(spread_sum) / SUM(n_quotes) AS avg_spread, SUM(bs_sum) AS total_bid_volum"
11375445,2026-08-13 02:03:59.891038,1.497944,11375445,quotes_shared.public.mv_tbl__quotes_daily__0,1,551425,47,0,0,0,0,1.4127,70,17,0,0,"SELECT COUNT(*) AS days_traded, SUM(n_quotes) AS total_quotes, MIN(bp_min) AS lowest_bid, MAX(bp_max) AS highest_bid, MIN(ap_min) AS lowest_ask, MAX(ap_max) AS highest_ask, SUM(spread_sum) / SUM(n_quotes) AS avg_spread, SUM(bs_sum) AS total_bid_volum"
11375452,2026-08-13 02:04:01.890106,0.101936,11375452,,0,0,189,0,0,0,0,0.0092,91,26,0,0,"SELECT sym, COUNT(*) AS days_traded, SUM(n_quotes) AS total_quotes, MIN(bp_min) AS lowest_bid, MAX(bp_max) AS highest_bid, SUM(spread_sum) / SUM(n_quotes) AS avg_spread FROM quotes_daily WHERE sym IN ('AAPL', 'MSFT', 'GOOGL', 'AMZN', 'TSLA', 'META', "
11375452,2026-08-13 02:04:01.890106,0.101936,11375452,quotes_shared.public.mv_tbl__quotes_daily__0,1,551544,376,0,0,0,0,0.0043,54,17,0,0,"SELECT sym, COUNT(*) AS days_traded, SUM(n_quotes) AS total_quotes, MIN(bp_min) AS lowest_bid, MAX(bp_max) AS highest_bid, SUM(spread_sum) / SUM(n_quotes) AS avg_spread FROM quotes_daily WHERE sym IN ('AAPL', 'MSFT', 'GOOGL', 'AMZN', 'TSLA', 'META', "
11375459,2026-08-13 02:04:02.506107,0.270945,11375459,,0,0,262097,0,0,0,0,0.1834,16,68,0,0,"SELECT sym, pct_range FROM ( SELECT sym, (MAX(bp_max) - MIN(bp_min)) / MIN(bp_min) * 100 AS pct_range FROM quotes_daily GROUP BY sym ) t ORDER BY ABS(pct_range) DESC LIMIT 20"
11375459,2026-08-13 02:04:02.506107,0.270945,11375459,quotes_shared.public.mv_tbl__quotes_daily__0,1,551544,528012,0,0,0,0,0.0046,32,29,0,0,"SELECT sym, pct_range FROM ( SELECT sym, (MAX(bp_max) - MIN(bp_min)) / MIN(bp_min) * 100 AS pct_range FROM quotes_daily GROUP BY sym ) t ORDER BY ABS(pct_range) DESC LIMIT 20"
11375466,2026-08-13 02:04:03.300494,0.392932,11375466,,0,0,1880,0,0,0,0,0.3010,64,28,0,0,"SELECT day, SUM(n_quotes) AS total_quotes, SUM(bs_sum) + SUM(as_sum) AS total_volume, SUM(spread_sum) / SUM(n_quotes) AS avg_spread FROM quotes_daily GROUP BY day ORDER BY day"
11375466,2026-08-13 02:04:03.300494,0.392932,11375466,quotes_shared.public.mv_tbl__quotes_daily__0,1,551544,528012,0,0,0,0,0.2198,40,29,0,0,"SELECT day, SUM(n_quotes) AS total_quotes, SUM(bs_sum) + SUM(as_sum) AS total_volume, SUM(spread_sum) / SUM(n_quotes) AS avg_spread FROM quotes_daily GROUP BY day ORDER BY day"
11375492,2026-08-13 02:04:33.803138,81.998594,11375492,,0,0,97,0,0,0,0,0.0535,0,28,0,0,"WITH s AS ( SELECT (payload.ap::float8 - payload.bp::float8) AS spread, (payload.bp::float8 + payload.ap::float8) / 2.0 AS mid, payload.bs::bigint AS bs, payload.""as""::bigint AS az FROM quotes_streamed WHERE sym = 'AAPL' ), agg AS ( SELECT COUNT(*)::"
11375492,2026-08-13 02:04:33.803138,81.998594,11375492,quotes_shared.public.mv_tbl__quotes_streamed__0,1,33013100970,27774472,0,0,0,0,80.5256,4,3,0,0,"WITH s AS ( SELECT (payload.ap::float8 - payload.bp::float8) AS spread, (payload.bp::float8 + payload.ap::float8) / 2.0 AS mid, payload.bs::bigint AS bs, payload.""as""::bigint AS az FROM quotes_streamed WHERE sym = 'AAPL' ), agg AS ( SELECT COUNT(*)::"
11578181,2026-08-13 02:14:07.524952,2.615854,11578181,,0,0,65,0,0,0,0,0.0070,0,33,0,0,"SELECT COALESCE(SUM(n_quotes), 0) FROM quotes_daily"
11578181,2026-08-13 02:14:07.524952,2.615854,11578181,quotes_shared.public.mv_tbl__quotes_daily__0,1,556802,538386,0,0,0,0,0.6235,48,19,0,0,"SELECT COALESCE(SUM(n_quotes), 0) FROM quotes_daily"
11578184,2026-08-13 02:14:10.142727,0.104104,11578184,,0,0,65,0,0,0,0,0.0050,0,29,0,0,SELECT COUNT(*) FROM quotes_daily
11578184,2026-08-13 02:14:10.142727,0.104104,11578184,quotes_shared.public.mv_tbl__quotes_daily__0,1,556802,538386,0,0,0,0,0.0048,55,57,0,0,SELECT COUNT(*) FROM quotes_daily
11578187,2026-08-13 02:14:10.248612,1.769108,11578187,,0,0,65,0,0,0,0,0.0030,0,29,0,0,"SELECT COUNT(*) AS days_traded, SUM(n_quotes) AS total_quotes, MIN(bp_min) AS lowest_bid, MAX(bp_max) AS highest_bid, MIN(ap_min) AS lowest_ask, MAX(ap_max) AS highest_ask, SUM(spread_sum) / SUM(n_quotes) AS avg_spread, SUM(bs_sum) AS total_bid_volum"
11578187,2026-08-13 02:14:10.248612,1.769108,11578187,quotes_shared.public.mv_tbl__quotes_daily__0,1,556681,48,0,0,0,0,1.6570,62,21,0,0,"SELECT COUNT(*) AS days_traded, SUM(n_quotes) AS total_quotes, MIN(bp_min) AS lowest_bid, MAX(bp_max) AS highest_bid, MIN(ap_min) AS lowest_ask, MAX(ap_max) AS highest_ask, SUM(spread_sum) / SUM(n_quotes) AS avg_spread, SUM(bs_sum) AS total_bid_volum"
11578194,2026-08-13 02:14:14.451267,0.434575,11578194,,0,0,205,0,0,0,0,0.3250,91,20,0,0,"SELECT sym, COUNT(*) AS days_traded, SUM(n_quotes) AS total_quotes, MIN(bp_min) AS lowest_bid, MAX(bp_max) AS highest_bid, SUM(spread_sum) / SUM(n_quotes) AS avg_spread FROM quotes_daily WHERE sym IN ('AAPL', 'MSFT', 'GOOGL', 'AMZN', 'TSLA', 'META', "
11578194,2026-08-13 02:14:14.451267,0.434575,11578194,quotes_shared.public.mv_tbl__quotes_daily__0,1,556802,384,0,0,0,0,0.3195,45,93,0,0,"SELECT sym, COUNT(*) AS days_traded, SUM(n_quotes) AS total_quotes, MIN(bp_min) AS lowest_bid, MAX(bp_max) AS highest_bid, SUM(spread_sum) / SUM(n_quotes) AS avg_spread FROM quotes_daily WHERE sym IN ('AAPL', 'MSFT', 'GOOGL', 'AMZN', 'TSLA', 'META', "
11578201,2026-08-13 02:14:15.425976,0.120038,11578201,,0,0,267786,0,0,0,0,0.0112,15,23,0,0,"SELECT sym, pct_range FROM ( SELECT sym, (MAX(bp_max) - MIN(bp_min)) / MIN(bp_min) * 100 AS pct_range FROM quotes_daily GROUP BY sym ) t ORDER BY ABS(pct_range) DESC LIMIT 20"
11578201,2026-08-13 02:14:15.425976,0.120038,11578201,quotes_shared.public.mv_tbl__quotes_daily__0,1,556802,538386,0,0,0,0,0.0061,28,30,0,0,"SELECT sym, pct_range FROM ( SELECT sym, (MAX(bp_max) - MIN(bp_min)) / MIN(bp_min) * 100 AS pct_range FROM quotes_daily GROUP BY sym ) t ORDER BY ABS(pct_range) DESC LIMIT 20"
11578208,2026-08-13 02:14:16.043816,0.489089,11578208,,0,0,1913,0,0,0,0,0.3912,63,37,0,0,"SELECT day, SUM(n_quotes) AS total_quotes, SUM(bs_sum) + SUM(as_sum) AS total_volume, SUM(spread_sum) / SUM(n_quotes) AS avg_spread FROM quotes_daily GROUP BY day ORDER BY day"
11578208,2026-08-13 02:14:16.043816,0.489089,11578208,quotes_shared.public.mv_tbl__quotes_daily__0,1,556802,538386,0,0,0,0,0.3783,59,56,0,0,"SELECT day, SUM(n_quotes) AS total_quotes, SUM(bs_sum) + SUM(as_sum) AS total_volume, SUM(spread_sum) / SUM(n_quotes) AS avg_spread FROM quotes_daily GROUP BY day ORDER BY day"
11781253,2026-08-13 02:24:07.526649,2.905531,11781253,,0,0,65,0,0,0,0,0.0084,0,26,0,0,"SELECT COALESCE(SUM(n_quotes), 0) FROM quotes_daily"
11781253,2026-08-13 02:24:07.526649,2.905531,11781253,quotes_shared.public.mv_tbl__quotes_daily__0,1,592643,558508,0,0,0,0,0.7055,50,17,0,0,"SELECT COALESCE(SUM(n_quotes), 0) FROM quotes_daily"
11781256,2026-08-13 02:24:10.434053,0.088453,11781256,,0,0,65,0,0,0,0,0.0022,0,69,0,0,SELECT COUNT(*) FROM quotes_daily
11781256,2026-08-13 02:24:10.434053,0.088453,11781256,quotes_shared.public.mv_tbl__quotes_daily__0,1,592643,558508,0,0,0,0,0.0040,54,54,0,0,SELECT COUNT(*) FROM quotes_daily
11781259,2026-08-13 02:24:10.524319,2.032463,11781259,,0,0,65,0,0,0,0,0.0021,0,23,0,0,"SELECT COUNT(*) AS days_traded, SUM(n_quotes) AS total_quotes, MIN(bp_min) AS lowest_bid, MAX(bp_max) AS highest_bid, MIN(ap_min) AS lowest_ask, MAX(ap_max) AS highest_ask, SUM(spread_sum) / SUM(n_quotes) AS avg_spread, SUM(bs_sum) AS total_bid_volum"
11781259,2026-08-13 02:24:10.524319,2.032463,11781259,quotes_shared.public.mv_tbl__quotes_daily__0,1,592596,50,0,0,0,0,1.9392,68,29,0,0,"SELECT COUNT(*) AS days_traded, SUM(n_quotes) AS total_quotes, MIN(bp_min) AS lowest_bid, MAX(bp_max) AS highest_bid, MIN(ap_min) AS lowest_ask, MAX(ap_max) AS highest_ask, SUM(spread_sum) / SUM(n_quotes) AS avg_spread, SUM(bs_sum) AS total_bid_volum"
11781266,2026-08-13 02:24:13.314302,0.471149,11781266,,0,0,202,0,0,0,0,0.3840,91,24,0,0,"SELECT sym, COUNT(*) AS days_traded, SUM(n_quotes) AS total_quotes, MIN(bp_min) AS lowest_bid, MAX(bp_max) AS highest_bid, SUM(spread_sum) / SUM(n_quotes) AS avg_spread FROM quotes_daily WHERE sym IN ('AAPL', 'MSFT', 'GOOGL', 'AMZN', 'TSLA', 'META', "
11781266,2026-08-13 02:24:13.314302,0.471149,11781266,quotes_shared.public.mv_tbl__quotes_daily__0,1,592643,400,0,0,0,0,0.3800,47,93,0,0,"SELECT sym, COUNT(*) AS days_traded, SUM(n_quotes) AS total_quotes, MIN(bp_min) AS lowest_bid, MAX(bp_max) AS highest_bid, SUM(spread_sum) / SUM(n_quotes) AS avg_spread FROM quotes_daily WHERE sym IN ('AAPL', 'MSFT', 'GOOGL', 'AMZN', 'TSLA', 'META', "
11781273,2026-08-13 02:24:14.326881,0.097236,11781273,,0,0,272596,0,0,0,0,0.0077,15,29,0,0,"SELECT sym, pct_range FROM ( SELECT sym, (MAX(bp_max) - MIN(bp_min)) / MIN(bp_min) * 100 AS pct_range FROM quotes_daily GROUP BY sym ) t ORDER BY ABS(pct_range) DESC LIMIT 20"
11781273,2026-08-13 02:24:14.326881,0.097236,11781273,quotes_shared.public.mv_tbl__quotes_daily__0,1,592643,558508,0,0,0,0,0.0045,27,30,0,0,"SELECT sym, pct_range FROM ( SELECT sym, (MAX(bp_max) - MIN(bp_min)) / MIN(bp_min) * 100 AS pct_range FROM quotes_daily GROUP BY sym ) t ORDER BY ABS(pct_range) DESC LIMIT 20"
11781280,2026-08-13 02:24:14.935078,0.385277,11781280,,0,0,1980,0,0,0,0,0.3093,62,27,0,0,"SELECT day, SUM(n_quotes) AS total_quotes, SUM(bs_sum) + SUM(as_sum) AS total_volume, SUM(spread_sum) / SUM(n_quotes) AS avg_spread FROM quotes_daily GROUP BY day ORDER BY day"
11781280,2026-08-13 02:24:14.935078,0.385277,11781280,quotes_shared.public.mv_tbl__quotes_daily__0,1,592643,558508,0,0,0,0,0.3062,34,35,0,0,"SELECT day, SUM(n_quotes) AS total_quotes, SUM(bs_sum) + SUM(as_sum) AS total_volume, SUM(spread_sum) / SUM(n_quotes) AS avg_spread FROM quotes_daily GROUP BY day ORDER BY day"
11984325,2026-08-13 02:34:06.691110,2.653711,11984325,,0,0,65,0,0,0,0,0.0037,0,30,0,0,"SELECT COALESCE(SUM(n_quotes), 0) FROM quotes_daily"
11984325,2026-08-13 02:34:06.691110,2.653711,11984325,quotes_shared.public.mv_tbl__quotes_daily__0,1,603357,574169,0,0,0,0,0.6445,41,18,0,0,"SELECT COALESCE(SUM(n_quotes), 0) FROM quotes_daily"
11984328,2026-08-13 02:34:09.346728,0.093597,11984328,,0,0,65,0,0,0,0,0.0027,0,32,0,0,SELECT COUNT(*) FROM quotes_daily
11984328,2026-08-13 02:34:09.346728,0.093597,11984328,quotes_shared.public.mv_tbl__quotes_daily__0,1,603354,574169,0,0,0,0,0.0021,50,46,0,0,SELECT COUNT(*) FROM quotes_daily
11984331,2026-08-13 02:34:09.442239,1.920635,11984331,,0,0,65,0,0,0,0,0.0024,0,23,0,0,"SELECT COUNT(*) AS days_traded, SUM(n_quotes) AS total_quotes, MIN(bp_min) AS lowest_bid, MAX(bp_max) AS highest_bid, MIN(ap_min) AS lowest_ask, MAX(ap_max) AS highest_ask, SUM(spread_sum) / SUM(n_quotes) AS avg_spread, SUM(bs_sum) AS total_bid_volum"
11984331,2026-08-13 02:34:09.442239,1.920635,11984331,quotes_shared.public.mv_tbl__quotes_daily__0,1,603279,51,0,0,0,0,1.8296,73,24,0,0,"SELECT COUNT(*) AS days_traded, SUM(n_quotes) AS total_quotes, MIN(bp_min) AS lowest_bid, MAX(bp_max) AS highest_bid, MIN(ap_min) AS lowest_ask, MAX(ap_max) AS highest_ask, SUM(spread_sum) / SUM(n_quotes) AS avg_spread, SUM(bs_sum) AS total_bid_volum"
11984338,2026-08-13 02:34:12.147586,0.424897,11984338,,0,0,211,0,0,0,0,0.3292,91,25,0,0,"SELECT sym, COUNT(*) AS days_traded, SUM(n_quotes) AS total_quotes, MIN(bp_min) AS lowest_bid, MAX(bp_max) AS highest_bid, SUM(spread_sum) / SUM(n_quotes) AS avg_spread FROM quotes_daily WHERE sym IN ('AAPL', 'MSFT', 'GOOGL', 'AMZN', 'TSLA', 'META', "
11984338,2026-08-13 02:34:12.147586,0.424897,11984338,quotes_shared.public.mv_tbl__quotes_daily__0,1,603357,408,0,0,0,0,0.3250,49,93,0,0,"SELECT sym, COUNT(*) AS days_traded, SUM(n_quotes) AS total_quotes, MIN(bp_min) AS lowest_bid, MAX(bp_max) AS highest_bid, SUM(spread_sum) / SUM(n_quotes) AS avg_spread FROM quotes_daily WHERE sym IN ('AAPL', 'MSFT', 'GOOGL', 'AMZN', 'TSLA', 'META', "
11984345,2026-08-13 02:34:13.082606,0.097245,11984345,,0,0,277993,0,0,0,0,0.0097,12,41,0,0,"SELECT sym, pct_range FROM ( SELECT sym, (MAX(bp_max) - MIN(bp_min)) / MIN(bp_min) * 100 AS pct_range FROM quotes_daily GROUP BY sym ) t ORDER BY ABS(pct_range) DESC LIMIT 20"
11984345,2026-08-13 02:34:13.082606,0.097245,11984345,quotes_shared.public.mv_tbl__quotes_daily__0,1,603357,574169,0,0,0,0,0.0051,21,38,0,0,"SELECT sym, pct_range FROM ( SELECT sym, (MAX(bp_max) - MIN(bp_min)) / MIN(bp_min) * 100 AS pct_range FROM quotes_daily GROUP BY sym ) t ORDER BY ABS(pct_range) DESC LIMIT 20"
11984352,2026-08-13 02:34:13.685923,0.367553,11984352,,0,0,2046,0,0,0,0,0.2876,61,27,0,0,"SELECT day, SUM(n_quotes) AS total_quotes, SUM(bs_sum) + SUM(as_sum) AS total_volume, SUM(spread_sum) / SUM(n_quotes) AS avg_spread FROM quotes_daily GROUP BY day ORDER BY day"
11984352,2026-08-13 02:34:13.685923,0.367553,11984352,quotes_shared.public.mv_tbl__quotes_daily__0,1,603357,574169,0,0,0,0,0.2841,41,36,0,0,"SELECT day, SUM(n_quotes) AS total_quotes, SUM(bs_sum) + SUM(as_sum) AS total_volume, SUM(spread_sum) / SUM(n_quotes) AS avg_spread FROM quotes_daily GROUP BY day ORDER BY day"
12187397,2026-08-13 02:44:07.706640,2.726516,12187397,,0,0,65,0,0,0,0,0.0029,0,25,0,0,"SELECT COALESCE(SUM(n_quotes), 0) FROM quotes_daily"
12187397,2026-08-13 02:44:07.706640,2.726516,12187397,quotes_shared.public.mv_tbl__quotes_daily__0,1,602421,584659,0,0,0,0,0.6427,39,24,0,0,"SELECT COALESCE(SUM(n_quotes), 0) FROM quotes_daily"
12187400,2026-08-13 02:44:10.434967,0.086982,12187400,,0,0,65,0,0,0,0,0.0044,0,31,0,0,SELECT COUNT(*) FROM quotes_daily
12187400,2026-08-13 02:44:10.434967,0.086982,12187400,quotes_shared.public.mv_tbl__quotes_daily__0,1,602402,584659,0,0,0,0,0.0024,55,39,0,0,SELECT COUNT(*) FROM quotes_daily
12187403,2026-08-13 02:44:10.523820,1.460136,12187403,,0,0,65,0,0,0,0,0.0119,0,19,0,0,"SELECT COUNT(*) AS days_traded, SUM(n_quotes) AS total_quotes, MIN(bp_min) AS lowest_bid, MAX(bp_max) AS highest_bid, MIN(ap_min) AS lowest_ask, MAX(ap_max) AS highest_ask, SUM(spread_sum) / SUM(n_quotes) AS avg_spread, SUM(bs_sum) AS total_bid_volum"
12187403,2026-08-13 02:44:10.523820,1.460136,12187403,quotes_shared.public.mv_tbl__quotes_daily__0,1,602365,52,0,0,0,0,1.3734,67,18,0,0,"SELECT COUNT(*) AS days_traded, SUM(n_quotes) AS total_quotes, MIN(bp_min) AS lowest_bid, MAX(bp_max) AS highest_bid, MIN(ap_min) AS lowest_ask, MAX(ap_max) AS highest_ask, SUM(spread_sum) / SUM(n_quotes) AS avg_spread, SUM(bs_sum) AS total_bid_volum"
12187410,2026-08-13 02:44:12.749200,0.378277,12187410,,0,0,216,0,0,0,0,0.2921,91,30,0,0,"SELECT sym, COUNT(*) AS days_traded, SUM(n_quotes) AS total_quotes, MIN(bp_min) AS lowest_bid, MAX(bp_max) AS highest_bid, SUM(spread_sum) / SUM(n_quotes) AS avg_spread FROM quotes_daily WHERE sym IN ('AAPL', 'MSFT', 'GOOGL', 'AMZN', 'TSLA', 'META', "
12187410,2026-08-13 02:44:12.749200,0.378277,12187410,quotes_shared.public.mv_tbl__quotes_daily__0,1,602421,416,0,0,0,0,0.2873,56,92,0,0,"SELECT sym, COUNT(*) AS days_traded, SUM(n_quotes) AS total_quotes, MIN(bp_min) AS lowest_bid, MAX(bp_max) AS highest_bid, SUM(spread_sum) / SUM(n_quotes) AS avg_spread FROM quotes_daily WHERE sym IN ('AAPL', 'MSFT', 'GOOGL', 'AMZN', 'TSLA', 'META', "
12187417,2026-08-13 02:44:13.650928,0.089707,12187417,,0,0,278253,0,0,0,0,0.0132,14,22,0,0,"SELECT sym, pct_range FROM ( SELECT sym, (MAX(bp_max) - MIN(bp_min)) / MIN(bp_min) * 100 AS pct_range FROM quotes_daily GROUP BY sym ) t ORDER BY ABS(pct_range) DESC LIMIT 20"
12187417,2026-08-13 02:44:13.650928,0.089707,12187417,quotes_shared.public.mv_tbl__quotes_daily__0,1,602421,584659,0,0,0,0,0.0059,30,36,0,0,"SELECT sym, pct_range FROM ( SELECT sym, (MAX(bp_max) - MIN(bp_min)) / MIN(bp_min) * 100 AS pct_range FROM quotes_daily GROUP BY sym ) t ORDER BY ABS(pct_range) DESC LIMIT 20"
12187424,2026-08-13 02:44:14.223256,0.387965,12187424,,0,0,2077,0,0,0,0,0.3112,60,24,0,0,"SELECT day, SUM(n_quotes) AS total_quotes, SUM(bs_sum) + SUM(as_sum) AS total_volume, SUM(spread_sum) / SUM(n_quotes) AS avg_spread FROM quotes_daily GROUP BY day ORDER BY day"
12187424,2026-08-13 02:44:14.223256,0.387965,12187424,quotes_shared.public.mv_tbl__quotes_daily__0,1,602421,584659,0,0,0,0,0.3078,40,48,0,0,"SELECT day, SUM(n_quotes) AS total_quotes, SUM(bs_sum) + SUM(as_sum) AS total_volume, SUM(spread_sum) / SUM(n_quotes) AS avg_spread FROM quotes_daily GROUP BY day ORDER BY day"
12390469,2026-08-13 02:54:05.810023,3.070064,12390469,,0,0,65,0,0,0,0,0.0084,0,41,0,0,"SELECT COALESCE(SUM(n_quotes), 0) FROM quotes_daily"
12390469,2026-08-13 02:54:05.810023,3.070064,12390469,quotes_shared.public.mv_tbl__quotes_daily__0,1,621410,595204,0,0,0,0,0.7826,58,40,0,0,"SELECT COALESCE(SUM(n_quotes), 0) FROM quotes_daily"
12390472,2026-08-13 02:54:05.810317,3.069728,12390472,,0,0,65,0,0,0,0,0.0098,0,86,0,0,"SELECT COALESCE(SUM(n_quotes), 0) FROM quotes_daily"
12390472,2026-08-13 02:54:05.810317,3.069728,12390472,quotes_shared.public.mv_tbl__quotes_daily__0,1,621410,595204,0,0,0,0,0.6797,54,46,0,0,"SELECT COALESCE(SUM(n_quotes), 0) FROM quotes_daily"
12390476,2026-08-13 02:54:08.881860,0.093333,12390476,,0,0,65,0,0,0,0,0.0035,0,38,0,0,SELECT COUNT(*) FROM quotes_daily
12390476,2026-08-13 02:54:08.881860,0.093333,12390476,quotes_shared.public.mv_tbl__quotes_daily__0,1,621045,595204,0,0,0,0,0.0042,49,42,0,0,SELECT COUNT(*) FROM quotes_daily
12390475,2026-08-13 02:54:08.881880,0.093152,12390475,,0,0,65,0,0,0,0,0.0039,0,31,0,0,SELECT COUNT(*) FROM quotes_daily
12390475,2026-08-13 02:54:08.881880,0.093152,12390475,quotes_shared.public.mv_tbl__quotes_daily__0,1,621045,595204,0,0,0,0,0.0037,67,46,0,0,SELECT COUNT(*) FROM quotes_daily
12390484,2026-08-13 02:54:08.976933,159.313652,12390484,,0,0,90616155,0,0,0,0,157.6265,42,42,0,0,"WITH src AS ( SELECT DATE_TRUNC('hour', TIMESTAMP 'epoch' + t / 1000 * INTERVAL '1 second') AS hour, bp, bs, ap, t FROM quotes_typed WHERE sym = 'AAPL' ), ranked AS ( SELECT hour, bp, bs, ap, ROW_NUMBER() OVER (PARTITION BY hour ORDER BY t ASC) AS rn"
12390484,2026-08-13 02:54:08.976933,159.313652,12390484,quotes_shared.public.mv_tbl__quotes_typed__0,1,14079243438,30205385,0,0,0,0,157.3765,5,0,0,0,"WITH src AS ( SELECT DATE_TRUNC('hour', TIMESTAMP 'epoch' + t / 1000 * INTERVAL '1 second') AS hour, bp, bs, ap, t FROM quotes_typed WHERE sym = 'AAPL' ), ranked AS ( SELECT hour, bp, bs, ap, ROW_NUMBER() OVER (PARTITION BY hour ORDER BY t ASC) AS rn"
12390481,2026-08-13 02:54:08.976947,3.724415,12390481,,0,0,65,0,0,0,0,0.0115,0,28,0,0,"SELECT COUNT(*) AS days_traded, SUM(n_quotes) AS total_quotes, MIN(bp_min) AS lowest_bid, MAX(bp_max) AS highest_bid, MIN(ap_min) AS lowest_ask, MAX(ap_max) AS highest_ask, SUM(spread_sum) / SUM(n_quotes) AS avg_spread, SUM(bs_sum) AS total_bid_volum"
12390481,2026-08-13 02:54:08.976947,3.724415,12390481,quotes_shared.public.mv_tbl__quotes_daily__0,1,621363,53,0,0,0,0,3.6215,66,10,0,0,"SELECT COUNT(*) AS days_traded, SUM(n_quotes) AS total_quotes, MIN(bp_min) AS lowest_bid, MAX(bp_max) AS highest_bid, MIN(ap_min) AS lowest_ask, MAX(ap_max) AS highest_ask, SUM(spread_sum) / SUM(n_quotes) AS avg_spread, SUM(bs_sum) AS total_bid_volum"
12390491,2026-08-13 02:54:13.590212,0.453109,12390491,,0,0,203,0,0,0,0,0.3532,91,24,0,0,"SELECT sym, COUNT(*) AS days_traded, SUM(n_quotes) AS total_quotes, MIN(bp_min) AS lowest_bid, MAX(bp_max) AS highest_bid, SUM(spread_sum) / SUM(n_quotes) AS avg_spread FROM quotes_daily WHERE sym IN ('AAPL', 'MSFT', 'GOOGL', 'AMZN', 'TSLA', 'META', "
12390491,2026-08-13 02:54:13.590212,0.453109,12390491,quotes_shared.public.mv_tbl__quotes_daily__0,1,621410,424,0,0,0,0,0.3435,61,92,0,0,"SELECT sym, COUNT(*) AS days_traded, SUM(n_quotes) AS total_quotes, MIN(bp_min) AS lowest_bid, MAX(bp_max) AS highest_bid, SUM(spread_sum) / SUM(n_quotes) AS avg_spread FROM quotes_daily WHERE sym IN ('AAPL', 'MSFT', 'GOOGL', 'AMZN', 'TSLA', 'META', "
12390498,2026-08-13 02:54:14.773177,0.133789,12390498,,0,0,267379,0,0,0,0,0.0292,13,22,0,0,"SELECT sym, pct_range FROM ( SELECT sym, (MAX(bp_max) - MIN(bp_min)) / MIN(bp_min) * 100 AS pct_range FROM quotes_daily GROUP BY sym ) t ORDER BY ABS(pct_range) DESC LIMIT 20"
12390498,2026-08-13 02:54:14.773177,0.133789,12390498,quotes_shared.public.mv_tbl__quotes_daily__0,1,621410,595204,0,0,0,0,0.0189,33,58,0,0,"SELECT sym, pct_range FROM ( SELECT sym, (MAX(bp_max) - MIN(bp_min)) / MIN(bp_min) * 100 AS pct_range FROM quotes_daily GROUP BY sym ) t ORDER BY ABS(pct_range) DESC LIMIT 20"
12390505,2026-08-13 02:54:15.409592,0.507214,12390505,,0,0,2112,0,0,0,0,0.4199,60,36,0,0,"SELECT day, SUM(n_quotes) AS total_quotes, SUM(bs_sum) + SUM(as_sum) AS total_volume, SUM(spread_sum) / SUM(n_quotes) AS avg_spread FROM quotes_daily GROUP BY day ORDER BY day"
12390505,2026-08-13 02:54:15.409592,0.507214,12390505,quotes_shared.public.mv_tbl__quotes_daily__0,1,621410,595204,0,0,0,0,0.4144,40,57,0,0,"SELECT day, SUM(n_quotes) AS total_quotes, SUM(bs_sum) + SUM(as_sum) AS total_volume, SUM(spread_sum) / SUM(n_quotes) AS avg_spread FROM quotes_daily GROUP BY day ORDER BY day"
12390596,2026-08-13 02:56:48.865649,324.540367,12390596,,0,0,97,0,0,0,0,0.0574,0,30,0,0,"WITH s AS ( SELECT (ap - bp) AS spread, (bp + ap) / 2.0 AS mid, bs AS bs, ""as"" AS az FROM quotes_typed WHERE sym = 'AAPL' ), agg AS ( SELECT COUNT(*)::float8 AS n, SUM(spread) AS s1, SUM(POWER(spread, 2)) AS s2, SUM(POWER(spread, 3)) AS s3, SUM(POWER"
12390596,2026-08-13 02:56:48.865649,324.540367,12390596,quotes_shared.public.mv_tbl__quotes_typed__0,1,14156472302,30390345,0,0,0,0,322.7731,6,0,0,0,"WITH s AS ( SELECT (ap - bp) AS spread, (bp + ap) / 2.0 AS mid, bs AS bs, ""as"" AS az FROM quotes_typed WHERE sym = 'AAPL' ), agg AS ( SELECT COUNT(*)::float8 AS n, SUM(spread) AS s1, SUM(POWER(spread, 2)) AS s2, SUM(POWER(spread, 3)) AS s3, SUM(POWER"
12390744,2026-08-13 03:02:14.008563,149.744311,12390744,,0,0,92166876,0,0,0,0,146.9817,41,47,0,0,"WITH src AS ( SELECT DATE_TRUNC('hour', TIMESTAMP 'epoch' + payload.t::bigint / 1000 * INTERVAL '1 second') AS hour, payload.bp::float8 AS bp, payload.bs::bigint AS bs, payload.ap::float8 AS ap, payload.t::bigint AS t FROM quotes_streamed WHERE sym ="
12390744,2026-08-13 03:02:14.008563,149.744311,12390744,quotes_shared.public.mv_tbl__quotes_streamed__0,1,36474042765,30722292,0,0,0,0,146.6847,3,1,0,0,"WITH src AS ( SELECT DATE_TRUNC('hour', TIMESTAMP 'epoch' + payload.t::bigint / 1000 * INTERVAL '1 second') AS hour, payload.bp::float8 AS bp, payload.bs::bigint AS bs, payload.ap::float8 AS ap, payload.t::bigint AS t FROM quotes_streamed WHERE sym ="
12390795,2026-08-13 03:03:56.847252,3.370252,12390795,,0,0,65,0,0,0,0,0.0025,0,29,0,0,"SELECT COALESCE(SUM(n_quotes), 0) FROM quotes_daily"
12390795,2026-08-13 03:03:56.847252,3.370252,12390795,quotes_shared.public.mv_tbl__quotes_daily__0,1,632145,610457,0,0,0,0,0.6492,41,23,0,0,"SELECT COALESCE(SUM(n_quotes), 0) FROM quotes_daily"
12390798,2026-08-13 03:04:00.219026,0.078496,12390798,,0,0,65,0,0,0,0,0.0028,0,42,0,0,SELECT COUNT(*) FROM quotes_daily
12390798,2026-08-13 03:04:00.219026,0.078496,12390798,quotes_shared.public.mv_tbl__quotes_daily__0,1,632086,610457,0,0,0,0,0.0013,40,18,0,0,SELECT COUNT(*) FROM quotes_daily
12390803,2026-08-13 03:04:00.299114,1.93875,12390803,,0,0,65,0,0,0,0,0.0054,0,22,0,0,"SELECT COUNT(*) AS days_traded, SUM(n_quotes) AS total_quotes, MIN(bp_min) AS lowest_bid, MAX(bp_max) AS highest_bid, MIN(ap_min) AS lowest_ask, MAX(ap_max) AS highest_ask, SUM(spread_sum) / SUM(n_quotes) AS avg_spread, SUM(bs_sum) AS total_bid_volum"
12390803,2026-08-13 03:04:00.299114,1.93875,12390803,quotes_shared.public.mv_tbl__quotes_daily__0,1,632079,54,0,0,0,0,1.8529,66,30,0,0,"SELECT COUNT(*) AS days_traded, SUM(n_quotes) AS total_quotes, MIN(bp_min) AS lowest_bid, MAX(bp_max) AS highest_bid, MIN(ap_min) AS lowest_ask, MAX(ap_max) AS highest_ask, SUM(spread_sum) / SUM(n_quotes) AS avg_spread, SUM(bs_sum) AS total_bid_volum"
12390814,2026-08-13 03:04:02.990041,0.287676,12390814,,0,0,208,0,0,0,0,0.1909,91,24,0,0,"SELECT sym, COUNT(*) AS days_traded, SUM(n_quotes) AS total_quotes, MIN(bp_min) AS lowest_bid, MAX(bp_max) AS highest_bid, SUM(spread_sum) / SUM(n_quotes) AS avg_spread FROM quotes_daily WHERE sym IN ('AAPL', 'MSFT', 'GOOGL', 'AMZN', 'TSLA', 'META', "
12390814,2026-08-13 03:04:02.990041,0.287676,12390814,quotes_shared.public.mv_tbl__quotes_daily__0,1,632145,432,0,0,0,0,0.0048,51,17,0,0,"SELECT sym, COUNT(*) AS days_traded, SUM(n_quotes) AS total_quotes, MIN(bp_min) AS lowest_bid, MAX(bp_max) AS highest_bid, SUM(spread_sum) / SUM(n_quotes) AS avg_spread FROM quotes_daily WHERE sym IN ('AAPL', 'MSFT', 'GOOGL', 'AMZN', 'TSLA', 'META', "
12390821,2026-08-13 03:04:03.839666,0.119422,12390821,,0,0,282618,0,0,0,0,0.0113,13,21,0,0,"SELECT sym, pct_range FROM ( SELECT sym, (MAX(bp_max) - MIN(bp_min)) / MIN(bp_min) * 100 AS pct_range FROM quotes_daily GROUP BY sym ) t ORDER BY ABS(pct_range) DESC LIMIT 20"
12390821,2026-08-13 03:04:03.839666,0.119422,12390821,quotes_shared.public.mv_tbl__quotes_daily__0,1,632145,610457,0,0,0,0,0.0071,29,53,0,0,"SELECT sym, pct_range FROM ( SELECT sym, (MAX(bp_max) - MIN(bp_min)) / MIN(bp_min) * 100 AS pct_range FROM quotes_daily GROUP BY sym ) t ORDER BY ABS(pct_range) DESC LIMIT 20"
12390828,2026-08-13 03:04:04.487446,0.347559,12390828,,0,0,2178,0,0,0,0,0.2595,58,26,0,0,"SELECT day, SUM(n_quotes) AS total_quotes, SUM(bs_sum) + SUM(as_sum) AS total_volume, SUM(spread_sum) / SUM(n_quotes) AS avg_spread FROM quotes_daily GROUP BY day ORDER BY day"
12390828,2026-08-13 03:04:04.487446,0.347559,12390828,quotes_shared.public.mv_tbl__quotes_daily__0,1,632145,610457,0,0,0,0,0.2544,31,30,0,0,"SELECT day, SUM(n_quotes) AS total_quotes, SUM(bs_sum) + SUM(as_sum) AS total_volume, SUM(spread_sum) / SUM(n_quotes) AS avg_spread FROM quotes_daily GROUP BY day ORDER BY day"
12390856,2026-08-13 03:04:44.324945,87.142236,12390856,,0,0,97,0,0,0,0,0.0531,0,30,0,0,"WITH s AS ( SELECT (payload.ap::float8 - payload.bp::float8) AS spread, (payload.bp::float8 + payload.ap::float8) / 2.0 AS mid, payload.bs::bigint AS bs, payload.""as""::bigint AS az FROM quotes_streamed WHERE sym = 'AAPL' ), agg AS ( SELECT COUNT(*)::"
12390856,2026-08-13 03:04:44.324945,87.142236,12390856,quotes_shared.public.mv_tbl__quotes_streamed__0,1,36620038398,30862332,0,0,0,0,85.9096,3,1,0,0,"WITH s AS ( SELECT (payload.ap::float8 - payload.bp::float8) AS spread, (payload.bp::float8 + payload.ap::float8) / 2.0 AS mid, payload.bs::bigint AS bs, payload.""as""::bigint AS az FROM quotes_streamed WHERE sym = 'AAPL' ), agg AS ( SELECT COUNT(*)::"
12391124,2026-08-13 03:13:56.850591,2.669338,12391124,,0,0,65,0,0,0,0,0.0023,0,35,0,0,"SELECT COALESCE(SUM(n_quotes), 0) FROM quotes_daily"
12391124,2026-08-13 03:13:56.850591,2.669338,12391124,quotes_shared.public.mv_tbl__quotes_daily__0,1,640206,625689,0,0,0,0,0.8094,29,27,0,0,"SELECT COALESCE(SUM(n_quotes), 0) FROM quotes_daily"
12391127,2026-08-13 03:13:59.521591,1.378211,12391127,,0,0,65,0,0,0,0,0.0024,0,26,0,0,SELECT COUNT(*) FROM quotes_daily
12391127,2026-08-13 03:13:59.521591,1.378211,12391127,quotes_shared.public.mv_tbl__quotes_daily__0,1,649642,625870,0,0,0,0,0.3543,29,23,0,0,SELECT COUNT(*) FROM quotes_daily
12391130,2026-08-13 03:14:00.901522,1.954833,12391130,,0,0,65,0,0,0,0,0.0025,0,33,0,0,"SELECT COUNT(*) AS days_traded, SUM(n_quotes) AS total_quotes, MIN(bp_min) AS lowest_bid, MAX(bp_max) AS highest_bid, MIN(ap_min) AS lowest_ask, MAX(ap_max) AS highest_ask, SUM(spread_sum) / SUM(n_quotes) AS avg_spread, SUM(bs_sum) AS total_bid_volum"
12391130,2026-08-13 03:14:00.901522,1.954833,12391130,quotes_shared.public.mv_tbl__quotes_daily__0,1,649464,55,0,0,0,0,1.8748,71,27,0,0,"SELECT COUNT(*) AS days_traded, SUM(n_quotes) AS total_quotes, MIN(bp_min) AS lowest_bid, MAX(bp_max) AS highest_bid, MIN(ap_min) AS lowest_ask, MAX(ap_max) AS highest_ask, SUM(spread_sum) / SUM(n_quotes) AS avg_spread, SUM(bs_sum) AS total_bid_volum"
12391137,2026-08-13 03:14:05.052098,0.092967,12391137,,0,0,220,0,0,0,0,0.0078,91,24,0,0,"SELECT sym, COUNT(*) AS days_traded, SUM(n_quotes) AS total_quotes, MIN(bp_min) AS lowest_bid, MAX(bp_max) AS highest_bid, SUM(spread_sum) / SUM(n_quotes) AS avg_spread FROM quotes_daily WHERE sym IN ('AAPL', 'MSFT', 'GOOGL', 'AMZN', 'TSLA', 'META', "
12391137,2026-08-13 03:14:05.052098,0.092967,12391137,quotes_shared.public.mv_tbl__quotes_daily__0,1,649642,440,0,0,0,0,0.0036,54,7,0,0,"SELECT sym, COUNT(*) AS days_traded, SUM(n_quotes) AS total_quotes, MIN(bp_min) AS lowest_bid, MAX(bp_max) AS highest_bid, SUM(spread_sum) / SUM(n_quotes) AS avg_spread FROM quotes_daily WHERE sym IN ('AAPL', 'MSFT', 'GOOGL', 'AMZN', 'TSLA', 'META', "
12391144,2026-08-13 03:14:05.669035,0.091268,12391144,,0,0,285619,0,0,0,0,0.0124,14,25,0,0,"SELECT sym, pct_range FROM ( SELECT sym, (MAX(bp_max) - MIN(bp_min)) / MIN(bp_min) * 100 AS pct_range FROM quotes_daily GROUP BY sym ) t ORDER BY ABS(pct_range) DESC LIMIT 20"
12391144,2026-08-13 03:14:05.669035,0.091268,12391144,quotes_shared.public.mv_tbl__quotes_daily__0,1,649642,625870,0,0,0,0,0.0037,25,19,0,0,"SELECT sym, pct_range FROM ( SELECT sym, (MAX(bp_max) - MIN(bp_min)) / MIN(bp_min) * 100 AS pct_range FROM quotes_daily GROUP BY sym ) t ORDER BY ABS(pct_range) DESC LIMIT 20"
12391151,2026-08-13 03:14:06.268303,0.272984,12391151,,0,0,2244,0,0,0,0,0.1971,57,25,0,0,"SELECT day, SUM(n_quotes) AS total_quotes, SUM(bs_sum) + SUM(as_sum) AS total_volume, SUM(spread_sum) / SUM(n_quotes) AS avg_spread FROM quotes_daily GROUP BY day ORDER BY day"
12391151,2026-08-13 03:14:06.268303,0.272984,12391151,quotes_shared.public.mv_tbl__quotes_daily__0,1,649642,625870,0,0,0,0,0.1938,28,21,0,0,"SELECT day, SUM(n_quotes) AS total_quotes, SUM(bs_sum) + SUM(as_sum) AS total_volume, SUM(spread_sum) / SUM(n_quotes) AS avg_spread FROM quotes_daily GROUP BY day ORDER BY day"
12593541,2026-08-13 03:24:07.968934,3.001226,12593541,,0,0,65,0,0,0,0,0.0081,0,25,0,0,"SELECT COALESCE(SUM(n_quotes), 0) FROM quotes_daily"
12593541,2026-08-13 03:24:07.968934,3.001226,12593541,quotes_shared.public.mv_tbl__quotes_daily__0,1,704829,636105,0,0,0,0,0.8552,41,20,0,0,"SELECT COALESCE(SUM(n_quotes), 0) FROM quotes_daily"
12593544,2026-08-13 03:24:10.971976,0.087042,12593544,,0,0,65,0,0,0,0,0.0027,0,27,0,0,SELECT COUNT(*) FROM quotes_daily
12593544,2026-08-13 03:24:10.971976,0.087042,12593544,quotes_shared.public.mv_tbl__quotes_daily__0,1,704829,636105,0,0,0,0,0.0019,48,22,0,0,SELECT COUNT(*) FROM quotes_daily
12593547,2026-08-13 03:24:11.060659,2.476219,12593547,,0,0,65,0,0,0,0,0.0029,0,32,0,0,"SELECT COUNT(*) AS days_traded, SUM(n_quotes) AS total_quotes, MIN(bp_min) AS lowest_bid, MAX(bp_max) AS highest_bid, MIN(ap_min) AS lowest_ask, MAX(ap_max) AS highest_ask, SUM(spread_sum) / SUM(n_quotes) AS avg_spread, SUM(bs_sum) AS total_bid_volum"
12593547,2026-08-13 03:24:11.060659,2.476219,12593547,quotes_shared.public.mv_tbl__quotes_daily__0,1,700682,56,0,0,0,0,2.3824,70,27,0,0,"SELECT COUNT(*) AS days_traded, SUM(n_quotes) AS total_quotes, MIN(bp_min) AS lowest_bid, MAX(bp_max) AS highest_bid, MIN(ap_min) AS lowest_ask, MAX(ap_max) AS highest_ask, SUM(spread_sum) / SUM(n_quotes) AS avg_spread, SUM(bs_sum) AS total_bid_volum"
12593554,2026-08-13 03:24:14.399317,0.496226,12593554,,0,0,216,0,0,0,0,0.3923,91,29,0,0,"SELECT sym, COUNT(*) AS days_traded, SUM(n_quotes) AS total_quotes, MIN(bp_min) AS lowest_bid, MAX(bp_max) AS highest_bid, SUM(spread_sum) / SUM(n_quotes) AS avg_spread FROM quotes_daily WHERE sym IN ('AAPL', 'MSFT', 'GOOGL', 'AMZN', 'TSLA', 'META', "
12593554,2026-08-13 03:24:14.399317,0.496226,12593554,quotes_shared.public.mv_tbl__quotes_daily__0,1,704829,448,0,0,0,0,0.3826,72,86,0,0,"SELECT sym, COUNT(*) AS days_traded, SUM(n_quotes) AS total_quotes, MIN(bp_min) AS lowest_bid, MAX(bp_max) AS highest_bid, SUM(spread_sum) / SUM(n_quotes) AS avg_spread FROM quotes_daily WHERE sym IN ('AAPL', 'MSFT', 'GOOGL', 'AMZN', 'TSLA', 'META', "
12593561,2026-08-13 03:24:15.425432,0.211005,12593561,,0,0,281686,0,0,0,0,0.1147,15,24,0,0,"SELECT sym, pct_range FROM ( SELECT sym, (MAX(bp_max) - MIN(bp_min)) / MIN(bp_min) * 100 AS pct_range FROM quotes_daily GROUP BY sym ) t ORDER BY ABS(pct_range) DESC LIMIT 20"
12593561,2026-08-13 03:24:15.425432,0.211005,12593561,quotes_shared.public.mv_tbl__quotes_daily__0,1,704829,636105,0,0,0,0,0.1117,40,49,0,0,"SELECT sym, pct_range FROM ( SELECT sym, (MAX(bp_max) - MIN(bp_min)) / MIN(bp_min) * 100 AS pct_range FROM quotes_daily GROUP BY sym ) t ORDER BY ABS(pct_range) DESC LIMIT 20"
12593569,2026-08-13 03:24:17.770869,0.648086,12593569,,0,0,2271,0,0,0,0,0.5576,56,29,0,0,"SELECT day, SUM(n_quotes) AS total_quotes, SUM(bs_sum) + SUM(as_sum) AS total_volume, SUM(spread_sum) / SUM(n_quotes) AS avg_spread FROM quotes_daily GROUP BY day ORDER BY day"
12593569,2026-08-13 03:24:17.770869,0.648086,12593569,quotes_shared.public.mv_tbl__quotes_daily__0,1,704829,636105,0,0,0,0,0.5532,41,36,0,0,"SELECT day, SUM(n_quotes) AS total_quotes, SUM(bs_sum) + SUM(as_sum) AS total_volume, SUM(spread_sum) / SUM(n_quotes) AS avg_spread FROM quotes_daily GROUP BY day ORDER BY day"
12796613,2026-08-13 03:34:07.479894,4.479969,12796613,,0,0,65,0,0,0,0,0.0036,0,23,0,0,"SELECT COALESCE(SUM(n_quotes), 0) FROM quotes_daily"
12796613,2026-08-13 03:34:07.479894,4.479969,12796613,quotes_shared.public.mv_tbl__quotes_daily__0,1,663850,646212,0,0,0,0,1.2628,36,38,0,0,"SELECT COALESCE(SUM(n_quotes), 0) FROM quotes_daily"
12796616,2026-08-13 03:34:11.969789,0.102803,12796616,,0,0,65,0,0,0,0,0.0328,0,94,0,0,SELECT COUNT(*) FROM quotes_daily
12796616,2026-08-13 03:34:11.969789,0.102803,12796616,quotes_shared.public.mv_tbl__quotes_daily__0,1,663572,646212,0,0,0,0,0.0027,42,45,0,0,SELECT COUNT(*) FROM quotes_daily
12796619,2026-08-13 03:34:12.079316,2.831599,12796619,,0,0,65,0,0,0,0,0.0032,0,34,0,0,"SELECT COUNT(*) AS days_traded, SUM(n_quotes) AS total_quotes, MIN(bp_min) AS lowest_bid, MAX(bp_max) AS highest_bid, MIN(ap_min) AS lowest_ask, MAX(ap_max) AS highest_ask, SUM(spread_sum) / SUM(n_quotes) AS avg_spread, SUM(bs_sum) AS total_bid_volum"
12796619,2026-08-13 03:34:12.079316,2.831599,12796619,quotes_shared.public.mv_tbl__quotes_daily__0,1,663803,57,0,0,0,0,2.7399,70,38,0,0,"SELECT COUNT(*) AS days_traded, SUM(n_quotes) AS total_quotes, MIN(bp_min) AS lowest_bid, MAX(bp_max) AS highest_bid, MIN(ap_min) AS lowest_ask, MAX(ap_max) AS highest_ask, SUM(spread_sum) / SUM(n_quotes) AS avg_spread, SUM(bs_sum) AS total_bid_volum"
12796626,2026-08-13 03:34:15.740684,0.468414,12796626,,0,0,206,0,0,0,0,0.3692,91,20,0,0,"SELECT sym, COUNT(*) AS days_traded, SUM(n_quotes) AS total_quotes, MIN(bp_min) AS lowest_bid, MAX(bp_max) AS highest_bid, SUM(spread_sum) / SUM(n_quotes) AS avg_spread FROM quotes_daily WHERE sym IN ('AAPL', 'MSFT', 'GOOGL', 'AMZN', 'TSLA', 'META', "
12796626,2026-08-13 03:34:15.740684,0.468414,12796626,quotes_shared.public.mv_tbl__quotes_daily__0,1,663850,456,0,0,0,0,0.3644,63,93,0,0,"SELECT sym, COUNT(*) AS days_traded, SUM(n_quotes) AS total_quotes, MIN(bp_min) AS lowest_bid, MAX(bp_max) AS highest_bid, SUM(spread_sum) / SUM(n_quotes) AS avg_spread FROM quotes_daily WHERE sym IN ('AAPL', 'MSFT', 'GOOGL', 'AMZN', 'TSLA', 'META', "
12796633,2026-08-13 03:34:16.730098,0.104534,12796633,,0,0,287811,0,0,0,0,0.0106,15,23,0,0,"SELECT sym, pct_range FROM ( SELECT sym, (MAX(bp_max) - MIN(bp_min)) / MIN(bp_min) * 100 AS pct_range FROM quotes_daily GROUP BY sym ) t ORDER BY ABS(pct_range) DESC LIMIT 20"
12796633,2026-08-13 03:34:16.730098,0.104534,12796633,quotes_shared.public.mv_tbl__quotes_daily__0,1,663850,646212,0,0,0,0,0.0056,30,31,0,0,"SELECT sym, pct_range FROM ( SELECT sym, (MAX(bp_max) - MIN(bp_min)) / MIN(bp_min) * 100 AS pct_range FROM quotes_daily GROUP BY sym ) t ORDER BY ABS(pct_range) DESC LIMIT 20"
12796641,2026-08-13 03:34:17.357679,0.526192,12796641,,0,0,2304,0,0,0,0,0.4424,56,21,0,0,"SELECT day, SUM(n_quotes) AS total_quotes, SUM(bs_sum) + SUM(as_sum) AS total_volume, SUM(spread_sum) / SUM(n_quotes) AS avg_spread FROM quotes_daily GROUP BY day ORDER BY day"
12796641,2026-08-13 03:34:17.357679,0.526192,12796641,quotes_shared.public.mv_tbl__quotes_daily__0,1,663850,646212,0,0,0,0,0.4384,24,47,0,0,"SELECT day, SUM(n_quotes) AS total_quotes, SUM(bs_sum) + SUM(as_sum) AS total_volume, SUM(spread_sum) / SUM(n_quotes) AS avg_spread FROM quotes_daily GROUP BY day ORDER BY day"
12999685,2026-08-13 03:44:07.631956,3.870849,12999685,,0,0,65,0,0,0,0,0.0030,0,35,0,0,"SELECT COALESCE(SUM(n_quotes), 0) FROM quotes_daily"
12999685,2026-08-13 03:44:07.631956,3.870849,12999685,quotes_shared.public.mv_tbl__quotes_daily__0,1,680612,655851,0,0,0,0,0.9306,42,25,0,0,"SELECT COALESCE(SUM(n_quotes), 0) FROM quotes_daily"
12999688,2026-08-13 03:44:11.504584,0.072755,12999688,,0,0,65,0,0,0,0,0.0026,0,26,0,0,SELECT COUNT(*) FROM quotes_daily
12999688,2026-08-13 03:44:11.504584,0.072755,12999688,quotes_shared.public.mv_tbl__quotes_daily__0,1,680532,655851,0,0,0,0,0.0019,39,15,0,0,SELECT COUNT(*) FROM quotes_daily
12999691,2026-08-13 03:44:11.578879,2.33034,12999691,,0,0,65,0,0,0,0,0.0030,0,29,0,0,"SELECT COUNT(*) AS days_traded, SUM(n_quotes) AS total_quotes, MIN(bp_min) AS lowest_bid, MAX(bp_max) AS highest_bid, MIN(ap_min) AS lowest_ask, MAX(ap_max) AS highest_ask, SUM(spread_sum) / SUM(n_quotes) AS avg_spread, SUM(bs_sum) AS total_bid_volum"
12999691,2026-08-13 03:44:11.578879,2.33034,12999691,quotes_shared.public.mv_tbl__quotes_daily__0,1,680565,58,0,0,0,0,2.2472,63,32,0,0,"SELECT COUNT(*) AS days_traded, SUM(n_quotes) AS total_quotes, MIN(bp_min) AS lowest_bid, MAX(bp_max) AS highest_bid, MIN(ap_min) AS lowest_ask, MAX(ap_max) AS highest_ask, SUM(spread_sum) / SUM(n_quotes) AS avg_spread, SUM(bs_sum) AS total_bid_volum"
12999698,2026-08-13 03:44:14.766884,0.425826,12999698,,0,0,213,0,0,0,0,0.3357,91,33,0,0,"SELECT sym, COUNT(*) AS days_traded, SUM(n_quotes) AS total_quotes, MIN(bp_min) AS lowest_bid, MAX(bp_max) AS highest_bid, SUM(spread_sum) / SUM(n_quotes) AS avg_spread FROM quotes_daily WHERE sym IN ('AAPL', 'MSFT', 'GOOGL', 'AMZN', 'TSLA', 'META', "
12999698,2026-08-13 03:44:14.766884,0.425826,12999698,quotes_shared.public.mv_tbl__quotes_daily__0,1,680612,464,0,0,0,0,0.3319,54,93,0,0,"SELECT sym, COUNT(*) AS days_traded, SUM(n_quotes) AS total_quotes, MIN(bp_min) AS lowest_bid, MAX(bp_max) AS highest_bid, SUM(spread_sum) / SUM(n_quotes) AS avg_spread FROM quotes_daily WHERE sym IN ('AAPL', 'MSFT', 'GOOGL', 'AMZN', 'TSLA', 'META', "
12999705,2026-08-13 03:44:15.717561,0.09521,12999705,,0,0,290177,0,0,0,0,0.0107,14,45,0,0,"SELECT sym, pct_range FROM ( SELECT sym, (MAX(bp_max) - MIN(bp_min)) / MIN(bp_min) * 100 AS pct_range FROM quotes_daily GROUP BY sym ) t ORDER BY ABS(pct_range) DESC LIMIT 20"
12999705,2026-08-13 03:44:15.717561,0.09521,12999705,quotes_shared.public.mv_tbl__quotes_daily__0,1,680612,655851,0,0,0,0,0.0067,38,43,0,0,"SELECT sym, pct_range FROM ( SELECT sym, (MAX(bp_max) - MIN(bp_min)) / MIN(bp_min) * 100 AS pct_range FROM quotes_daily GROUP BY sym ) t ORDER BY ABS(pct_range) DESC LIMIT 20"
12999712,2026-08-13 03:44:16.336736,0.496186,12999712,,0,0,2336,0,0,0,0,0.4154,55,27,0,0,"SELECT day, SUM(n_quotes) AS total_quotes, SUM(bs_sum) + SUM(as_sum) AS total_volume, SUM(spread_sum) / SUM(n_quotes) AS avg_spread FROM quotes_daily GROUP BY day ORDER BY day"
12999712,2026-08-13 03:44:16.336736,0.496186,12999712,quotes_shared.public.mv_tbl__quotes_daily__0,1,680612,655851,0,0,0,0,0.4116,45,50,0,0,"SELECT day, SUM(n_quotes) AS total_quotes, SUM(bs_sum) + SUM(as_sum) AS total_volume, SUM(spread_sum) / SUM(n_quotes) AS avg_spread FROM quotes_daily GROUP BY day ORDER BY day"
13202757,2026-08-13 03:54:07.296561,3.119074,13202757,,0,0,65,0,0,0,0,0.0125,0,42,0,0,"SELECT COALESCE(SUM(n_quotes), 0) FROM quotes_daily"
13202757,2026-08-13 03:54:07.296561,3.119074,13202757,quotes_shared.public.mv_tbl__quotes_daily__0,1,682811,657399,0,0,0,0,0.8277,61,24,0,0,"SELECT COALESCE(SUM(n_quotes), 0) FROM quotes_daily"
13202758,2026-08-13 03:54:07.296561,3.123839,13202758,,0,0,65,0,0,0,0,0.0185,0,73,0,0,"SELECT COALESCE(SUM(n_quotes), 0) FROM quotes_daily"
13202758,2026-08-13 03:54:07.296561,3.123839,13202758,quotes_shared.public.mv_tbl__quotes_daily__0,1,682811,657399,0,0,0,0,0.8277,55,24,0,0,"SELECT COALESCE(SUM(n_quotes), 0) FROM quotes_daily"
13202763,2026-08-13 03:54:10.417347,0.093506,13202763,,0,0,65,0,0,0,0,0.0017,0,38,0,0,SELECT COUNT(*) FROM quotes_daily
13202763,2026-08-13 03:54:10.417347,0.093506,13202763,quotes_shared.public.mv_tbl__quotes_daily__0,1,682548,657399,0,0,0,0,0.0027,55,23,0,0,SELECT COUNT(*) FROM quotes_daily
13202764,2026-08-13 03:54:10.422135,0.08799,13202764,,0,0,65,0,0,0,0,0.0019,0,18,0,0,SELECT COUNT(*) FROM quotes_daily
13202764,2026-08-13 03:54:10.422135,0.08799,13202764,quotes_shared.public.mv_tbl__quotes_daily__0,1,682548,657399,0,0,0,0,0.0023,59,22,0,0,SELECT COUNT(*) FROM quotes_daily
13202769,2026-08-13 03:54:10.511797,4.66656,13202769,,0,0,65,0,0,0,0,0.0087,0,19,0,0,"SELECT COUNT(*) AS days_traded, SUM(n_quotes) AS total_quotes, MIN(bp_min) AS lowest_bid, MAX(bp_max) AS highest_bid, MIN(ap_min) AS lowest_ask, MAX(ap_max) AS highest_ask, SUM(spread_sum) / SUM(n_quotes) AS avg_spread, SUM(bs_sum) AS total_bid_volum"
13202769,2026-08-13 03:54:10.511797,4.66656,13202769,quotes_shared.public.mv_tbl__quotes_daily__0,1,682764,58,0,0,0,0,4.5645,63,15,0,0,"SELECT COUNT(*) AS days_traded, SUM(n_quotes) AS total_quotes, MIN(bp_min) AS lowest_bid, MAX(bp_max) AS highest_bid, MIN(ap_min) AS lowest_ask, MAX(ap_max) AS highest_ask, SUM(spread_sum) / SUM(n_quotes) AS avg_spread, SUM(bs_sum) AS total_bid_volum"
13202772,2026-08-13 03:54:10.512604,34.857398,13202772,,0,0,100200831,0,0,0,0,33.0729,42,42,0,0,"WITH src AS ( SELECT DATE_TRUNC('hour', TIMESTAMP 'epoch' + t / 1000 * INTERVAL '1 second') AS hour, bp, bs, ap, t FROM quotes_typed WHERE sym = 'AAPL' ), ranked AS ( SELECT hour, bp, bs, ap, ROW_NUMBER() OVER (PARTITION BY hour ORDER BY t ASC) AS rn"
13202772,2026-08-13 03:54:10.512604,34.857398,13202772,quotes_shared.public.mv_tbl__quotes_typed__0,1,3331304536,33400277,0,0,0,0,32.8271,19,6,0,0,"WITH src AS ( SELECT DATE_TRUNC('hour', TIMESTAMP 'epoch' + t / 1000 * INTERVAL '1 second') AS hour, bp, bs, ap, t FROM quotes_typed WHERE sym = 'AAPL' ), ranked AS ( SELECT hour, bp, bs, ap, ROW_NUMBER() OVER (PARTITION BY hour ORDER BY t ASC) AS rn"
13202782,2026-08-13 03:54:17.573821,2.620859,13202782,,0,0,215,0,0,0,0,1.0214,91,27,0,0,"SELECT sym, COUNT(*) AS days_traded, SUM(n_quotes) AS total_quotes, MIN(bp_min) AS lowest_bid, MAX(bp_max) AS highest_bid, SUM(spread_sum) / SUM(n_quotes) AS avg_spread FROM quotes_daily WHERE sym IN ('AAPL', 'MSFT', 'GOOGL', 'AMZN', 'TSLA', 'META', "
13202782,2026-08-13 03:54:17.573821,2.620859,13202782,quotes_shared.public.mv_tbl__quotes_daily__0,1,692613,464,0,0,0,0,1.0143,53,48,0,0,"SELECT sym, COUNT(*) AS days_traded, SUM(n_quotes) AS total_quotes, MIN(bp_min) AS lowest_bid, MAX(bp_max) AS highest_bid, SUM(spread_sum) / SUM(n_quotes) AS avg_spread FROM quotes_daily WHERE sym IN ('AAPL', 'MSFT', 'GOOGL', 'AMZN', 'TSLA', 'META', "
13202789,2026-08-13 03:54:20.706861,0.108331,13202789,,0,0,289366,0,0,0,0,0.0135,13,24,0,0,"SELECT sym, pct_range FROM ( SELECT sym, (MAX(bp_max) - MIN(bp_min)) / MIN(bp_min) * 100 AS pct_range FROM quotes_daily GROUP BY sym ) t ORDER BY ABS(pct_range) DESC LIMIT 20"
13202789,2026-08-13 03:54:20.706861,0.108331,13202789,quotes_shared.public.mv_tbl__quotes_daily__0,1,692613,657465,0,0,0,0,0.0073,24,31,0,0,"SELECT sym, pct_range FROM ( SELECT sym, (MAX(bp_max) - MIN(bp_min)) / MIN(bp_min) * 100 AS pct_range FROM quotes_daily GROUP BY sym ) t ORDER BY ABS(pct_range) DESC LIMIT 20"
13202796,2026-08-13 03:54:21.356022,0.561056,13202796,,0,0,2343,0,0,0,0,0.4733,55,22,0,0,"SELECT day, SUM(n_quotes) AS total_quotes, SUM(bs_sum) + SUM(as_sum) AS total_volume, SUM(spread_sum) / SUM(n_quotes) AS avg_spread FROM quotes_daily GROUP BY day ORDER BY day"
13202796,2026-08-13 03:54:21.356022,0.561056,13202796,quotes_shared.public.mv_tbl__quotes_daily__0,1,692613,657465,0,0,0,0,0.4677,38,23,0,0,"SELECT day, SUM(n_quotes) AS total_quotes, SUM(bs_sum) + SUM(as_sum) AS total_volume, SUM(spread_sum) / SUM(n_quotes) AS avg_spread FROM quotes_daily GROUP BY day ORDER BY day"
13202817,2026-08-13 03:54:45.919989,5.986836,13202817,,0,0,97,0,0,0,0,0.0546,0,44,0,0,"WITH s AS ( SELECT (ap - bp) AS spread, (bp + ap) / 2.0 AS mid, bs AS bs, ""as"" AS az FROM quotes_typed WHERE sym = 'AAPL' ), agg AS ( SELECT COUNT(*)::float8 AS n, SUM(spread) AS s1, SUM(POWER(spread, 2)) AS s2, SUM(POWER(spread, 3)) AS s3, SUM(POWER"
13202817,2026-08-13 03:54:45.919989,5.986836,13202817,quotes_shared.public.mv_tbl__quotes_typed__0,1,3347388039,33429915,0,0,0,0,5.1299,40,11,0,0,"WITH s AS ( SELECT (ap - bp) AS spread, (bp + ap) / 2.0 AS mid, bs AS bs, ""as"" AS az FROM quotes_typed WHERE sym = 'AAPL' ), agg AS ( SELECT COUNT(*)::float8 AS n, SUM(spread) AS s1, SUM(POWER(spread, 2)) AS s2, SUM(POWER(spread, 3)) AS s3, SUM(POWER"
13202828,2026-08-13 03:54:52.439753,446.004491,13202828,,0,0,100389015,0,0,0,0,442.7714,42,42,0,0,"WITH src AS ( SELECT DATE_TRUNC('hour', TIMESTAMP 'epoch' + payload.t::bigint / 1000 * INTERVAL '1 second') AS hour, payload.bp::float8 AS bp, payload.bs::bigint AS bs, payload.ap::float8 AS ap, payload.t::bigint AS t FROM quotes_streamed WHERE sym ="
13202828,2026-08-13 03:54:52.439753,446.004491,13202828,quotes_shared.public.mv_tbl__quotes_streamed__0,1,39570287185,33463005,0,0,0,0,442.4132,2,40,0,0,"WITH src AS ( SELECT DATE_TRUNC('hour', TIMESTAMP 'epoch' + payload.t::bigint / 1000 * INTERVAL '1 second') AS hour, payload.bp::float8 AS bp, payload.bs::bigint AS bs, payload.ap::float8 AS ap, payload.t::bigint AS t FROM quotes_streamed WHERE sym ="
13203043,2026-08-13 04:02:18.988393,92.671605,13203043,,0,0,97,0,0,0,0,0.0539,0,25,0,0,"WITH s AS ( SELECT (payload.ap::float8 - payload.bp::float8) AS spread, (payload.bp::float8 + payload.ap::float8) / 2.0 AS mid, payload.bs::bigint AS bs, payload.""as""::bigint AS az FROM quotes_streamed WHERE sym = 'AAPL' ), agg AS ( SELECT COUNT(*)::"
13203043,2026-08-13 04:02:18.988393,92.671605,13203043,quotes_shared.public.mv_tbl__quotes_streamed__0,1,40014733896,33774251,0,0,0,0,89.1905,5,3,0,0,"WITH s AS ( SELECT (payload.ap::float8 - payload.bp::float8) AS spread, (payload.bp::float8 + payload.ap::float8) / 2.0 AS mid, payload.bs::bigint AS bs, payload.""as""::bigint AS az FROM quotes_streamed WHERE sym = 'AAPL' ), agg AS ( SELECT COUNT(*)::"
13203099,2026-08-13 04:03:56.847545,2.580155,13203099,,0,0,65,0,0,0,0,0.0020,0,32,0,0,"SELECT COALESCE(SUM(n_quotes), 0) FROM quotes_daily"
13203099,2026-08-13 04:03:56.847545,2.580155,13203099,quotes_shared.public.mv_tbl__quotes_daily__0,1,680048,667776,0,0,0,0,1.1063,26,47,0,0,"SELECT COALESCE(SUM(n_quotes), 0) FROM quotes_daily"
13203102,2026-08-13 04:03:59.429291,0.065897,13203102,,0,0,65,0,0,0,0,0.0016,0,31,0,0,SELECT COUNT(*) FROM quotes_daily
13203102,2026-08-13 04:03:59.429291,0.065897,13203102,quotes_shared.public.mv_tbl__quotes_daily__0,1,679885,667776,0,0,0,0,0.0010,38,18,0,0,SELECT COUNT(*) FROM quotes_daily
13203105,2026-08-13 04:03:59.496830,2.877535,13203105,,0,0,65,0,0,0,0,0.0021,0,30,0,0,"SELECT COUNT(*) AS days_traded, SUM(n_quotes) AS total_quotes, MIN(bp_min) AS lowest_bid, MAX(bp_max) AS highest_bid, MIN(ap_min) AS lowest_ask, MAX(ap_max) AS highest_ask, SUM(spread_sum) / SUM(n_quotes) AS avg_spread, SUM(bs_sum) AS total_bid_volum"
13203105,2026-08-13 04:03:59.496830,2.877535,13203105,quotes_shared.public.mv_tbl__quotes_daily__0,1,680001,59,0,0,0,0,2.8048,69,44,0,0,"SELECT COUNT(*) AS days_traded, SUM(n_quotes) AS total_quotes, MIN(bp_min) AS lowest_bid, MAX(bp_max) AS highest_bid, MIN(ap_min) AS lowest_ask, MAX(ap_max) AS highest_ask, SUM(spread_sum) / SUM(n_quotes) AS avg_spread, SUM(bs_sum) AS total_bid_volum"
13203114,2026-08-13 04:04:02.959869,0.087945,13203114,,0,0,218,0,0,0,0,0.0067,91,23,0,0,"SELECT sym, COUNT(*) AS days_traded, SUM(n_quotes) AS total_quotes, MIN(bp_min) AS lowest_bid, MAX(bp_max) AS highest_bid, SUM(spread_sum) / SUM(n_quotes) AS avg_spread FROM quotes_daily WHERE sym IN ('AAPL', 'MSFT', 'GOOGL', 'AMZN', 'TSLA', 'META', "
13203114,2026-08-13 04:04:02.959869,0.087945,13203114,quotes_shared.public.mv_tbl__quotes_daily__0,1,680048,472,0,0,0,0,0.0033,43,12,0,0,"SELECT sym, COUNT(*) AS days_traded, SUM(n_quotes) AS total_quotes, MIN(bp_min) AS lowest_bid, MAX(bp_max) AS highest_bid, SUM(spread_sum) / SUM(n_quotes) AS avg_spread FROM quotes_daily WHERE sym IN ('AAPL', 'MSFT', 'GOOGL', 'AMZN', 'TSLA', 'META', "
13203121,2026-08-13 04:04:03.573258,0.083696,13203121,,0,0,293612,0,0,0,0,0.0097,13,28,0,0,"SELECT sym, pct_range FROM ( SELECT sym, (MAX(bp_max) - MIN(bp_min)) / MIN(bp_min) * 100 AS pct_range FROM quotes_daily GROUP BY sym ) t ORDER BY ABS(pct_range) DESC LIMIT 20"
13203121,2026-08-13 04:04:03.573258,0.083696,13203121,quotes_shared.public.mv_tbl__quotes_daily__0,1,680048,667776,0,0,0,0,0.0045,26,38,0,0,"SELECT sym, pct_range FROM ( SELECT sym, (MAX(bp_max) - MIN(bp_min)) / MIN(bp_min) * 100 AS pct_range FROM quotes_daily GROUP BY sym ) t ORDER BY ABS(pct_range) DESC LIMIT 20"
13203128,2026-08-13 04:04:04.203526,0.463372,13203128,,0,0,2376,0,0,0,0,0.3888,55,27,0,0,"SELECT day, SUM(n_quotes) AS total_quotes, SUM(bs_sum) + SUM(as_sum) AS total_volume, SUM(spread_sum) / SUM(n_quotes) AS avg_spread FROM quotes_daily GROUP BY day ORDER BY day"
13203128,2026-08-13 04:04:04.203526,0.463372,13203128,quotes_shared.public.mv_tbl__quotes_daily__0,1,680048,667776,0,0,0,0,0.3861,27,44,0,0,"SELECT day, SUM(n_quotes) AS total_quotes, SUM(bs_sum) + SUM(as_sum) AS total_volume, SUM(spread_sum) / SUM(n_quotes) AS avg_spread FROM quotes_daily GROUP BY day ORDER BY day"
13405829,2026-08-13 04:14:08.173043,2.965854,13405829,,0,0,65,0,0,0,0,0.0074,0,63,0,0,"SELECT COALESCE(SUM(n_quotes), 0) FROM quotes_daily"
13405829,2026-08-13 04:14:08.173043,2.965854,13405829,quotes_shared.public.mv_tbl__quotes_daily__0,1,704808,692414,0,0,0,0,0.7655,44,31,0,0,"SELECT COALESCE(SUM(n_quotes), 0) FROM quotes_daily"
13405832,2026-08-13 04:14:11.140936,0.086307,13405832,,0,0,65,0,0,0,0,0.0025,0,29,0,0,SELECT COUNT(*) FROM quotes_daily
13405832,2026-08-13 04:14:11.140936,0.086307,13405832,quotes_shared.public.mv_tbl__quotes_daily__0,1,704755,692414,0,0,0,0,0.0021,45,40,0,0,SELECT COUNT(*) FROM quotes_daily
13405835,2026-08-13 04:14:11.228872,2.464132,13405835,,0,0,65,0,0,0,0,0.0022,0,25,0,0,"SELECT COUNT(*) AS days_traded, SUM(n_quotes) AS total_quotes, MIN(bp_min) AS lowest_bid, MAX(bp_max) AS highest_bid, MIN(ap_min) AS lowest_ask, MAX(ap_max) AS highest_ask, SUM(spread_sum) / SUM(n_quotes) AS avg_spread, SUM(bs_sum) AS total_bid_volum"
13405835,2026-08-13 04:14:11.228872,2.464132,13405835,quotes_shared.public.mv_tbl__quotes_daily__0,1,704761,61,0,0,0,0,2.3649,68,39,0,0,"SELECT COUNT(*) AS days_traded, SUM(n_quotes) AS total_quotes, MIN(bp_min) AS lowest_bid, MAX(bp_max) AS highest_bid, MIN(ap_min) AS lowest_ask, MAX(ap_max) AS highest_ask, SUM(spread_sum) / SUM(n_quotes) AS avg_spread, SUM(bs_sum) AS total_bid_volum"
13405845,2026-08-13 04:14:17.790676,2.55144,13405845,,0,0,208,0,0,0,0,1.2546,91,30,0,0,"SELECT sym, COUNT(*) AS days_traded, SUM(n_quotes) AS total_quotes, MIN(bp_min) AS lowest_bid, MAX(bp_max) AS highest_bid, SUM(spread_sum) / SUM(n_quotes) AS avg_spread FROM quotes_daily WHERE sym IN ('AAPL', 'MSFT', 'GOOGL', 'AMZN', 'TSLA', 'META', "
13405845,2026-08-13 04:14:17.790676,2.55144,13405845,quotes_shared.public.mv_tbl__quotes_daily__0,1,719072,488,0,0,0,0,1.2508,50,26,0,0,"SELECT sym, COUNT(*) AS days_traded, SUM(n_quotes) AS total_quotes, MIN(bp_min) AS lowest_bid, MAX(bp_max) AS highest_bid, SUM(spread_sum) / SUM(n_quotes) AS avg_spread FROM quotes_daily WHERE sym IN ('AAPL', 'MSFT', 'GOOGL', 'AMZN', 'TSLA', 'META', "
13405852,2026-08-13 04:14:20.885797,0.10803,13405852,,0,0,290059,0,0,0,0,0.0130,14,26,0,0,"SELECT sym, pct_range FROM ( SELECT sym, (MAX(bp_max) - MIN(bp_min)) / MIN(bp_min) * 100 AS pct_range FROM quotes_daily GROUP BY sym ) t ORDER BY ABS(pct_range) DESC LIMIT 20"
13405852,2026-08-13 04:14:20.885797,0.10803,13405852,quotes_shared.public.mv_tbl__quotes_daily__0,1,719072,693112,0,0,0,0,0.0089,38,34,0,0,"SELECT sym, pct_range FROM ( SELECT sym, (MAX(bp_max) - MIN(bp_min)) / MIN(bp_min) * 100 AS pct_range FROM quotes_daily GROUP BY sym ) t ORDER BY ABS(pct_range) DESC LIMIT 20"
13405859,2026-08-13 04:14:21.514195,0.604567,13405859,,0,0,2474,0,0,0,0,0.5102,53,29,0,0,"SELECT day, SUM(n_quotes) AS total_quotes, SUM(bs_sum) + SUM(as_sum) AS total_volume, SUM(spread_sum) / SUM(n_quotes) AS avg_spread FROM quotes_daily GROUP BY day ORDER BY day"
13405859,2026-08-13 04:14:21.514195,0.604567,13405859,quotes_shared.public.mv_tbl__quotes_daily__0,1,719072,693112,0,0,0,0,0.5073,24,26,0,0,"SELECT day, SUM(n_quotes) AS total_quotes, SUM(bs_sum) + SUM(as_sum) AS total_volume, SUM(spread_sum) / SUM(n_quotes) AS avg_spread FROM quotes_daily GROUP BY day ORDER BY day"
13608901,2026-08-13 04:24:07.903107,3.279136,13608901,,0,0,65,0,0,0,0,0.0021,0,26,0,0,"SELECT COALESCE(SUM(n_quotes), 0) FROM quotes_daily"
13608901,2026-08-13 04:24:07.903107,3.279136,13608901,quotes_shared.public.mv_tbl__quotes_daily__0,1,718021,694012,0,0,0,0,0.9581,37,29,0,0,"SELECT COALESCE(SUM(n_quotes), 0) FROM quotes_daily"
13608904,2026-08-13 04:24:11.184057,0.073594,13608904,,0,0,65,0,0,0,0,0.0019,0,26,0,0,SELECT COUNT(*) FROM quotes_daily
13608904,2026-08-13 04:24:11.184057,0.073594,13608904,quotes_shared.public.mv_tbl__quotes_daily__0,1,718021,694012,0,0,0,0,0.0015,40,24,0,0,SELECT COUNT(*) FROM quotes_daily
13608907,2026-08-13 04:24:11.259310,2.702894,13608907,,0,0,65,0,0,0,0,0.0025,0,31,0,0,"SELECT COUNT(*) AS days_traded, SUM(n_quotes) AS total_quotes, MIN(bp_min) AS lowest_bid, MAX(bp_max) AS highest_bid, MIN(ap_min) AS lowest_ask, MAX(ap_max) AS highest_ask, SUM(spread_sum) / SUM(n_quotes) AS avg_spread, SUM(bs_sum) AS total_bid_volum"
13608907,2026-08-13 04:24:11.259310,2.702894,13608907,quotes_shared.public.mv_tbl__quotes_daily__0,1,717974,61,0,0,0,0,2.6202,68,40,0,0,"SELECT COUNT(*) AS days_traded, SUM(n_quotes) AS total_quotes, MIN(bp_min) AS lowest_bid, MAX(bp_max) AS highest_bid, MIN(ap_min) AS lowest_ask, MAX(ap_max) AS highest_ask, SUM(spread_sum) / SUM(n_quotes) AS avg_spread, SUM(bs_sum) AS total_bid_volum"
13608914,2026-08-13 04:24:14.673940,0.395448,13608914,,0,0,224,0,0,0,0,0.3019,91,20,0,0,"SELECT sym, COUNT(*) AS days_traded, SUM(n_quotes) AS total_quotes, MIN(bp_min) AS lowest_bid, MAX(bp_max) AS highest_bid, SUM(spread_sum) / SUM(n_quotes) AS avg_spread FROM quotes_daily WHERE sym IN ('AAPL', 'MSFT', 'GOOGL', 'AMZN', 'TSLA', 'META', "
13608914,2026-08-13 04:24:14.673940,0.395448,13608914,quotes_shared.public.mv_tbl__quotes_daily__0,1,718021,488,0,0,0,0,0.2984,53,92,0,0,"SELECT sym, COUNT(*) AS days_traded, SUM(n_quotes) AS total_quotes, MIN(bp_min) AS lowest_bid, MAX(bp_max) AS highest_bid, SUM(spread_sum) / SUM(n_quotes) AS avg_spread FROM quotes_daily WHERE sym IN ('AAPL', 'MSFT', 'GOOGL', 'AMZN', 'TSLA', 'META', "
13608924,2026-08-13 04:24:17.370177,2.143913,13608924,,0,0,291744,0,0,0,0,0.8498,13,31,0,0,"SELECT sym, pct_range FROM ( SELECT sym, (MAX(bp_max) - MIN(bp_min)) / MIN(bp_min) * 100 AS pct_range FROM quotes_daily GROUP BY sym ) t ORDER BY ABS(pct_range) DESC LIMIT 20"
13608924,2026-08-13 04:24:17.370177,2.143913,13608924,quotes_shared.public.mv_tbl__quotes_daily__0,1,733213,699355,0,0,0,0,0.8464,54,21,0,0,"SELECT sym, pct_range FROM ( SELECT sym, (MAX(bp_max) - MIN(bp_min)) / MIN(bp_min) * 100 AS pct_range FROM quotes_daily GROUP BY sym ) t ORDER BY ABS(pct_range) DESC LIMIT 20"
13608931,2026-08-13 04:24:23.179740,0.815929,13608931,,0,0,2505,0,0,0,0,0.7318,52,22,0,0,"SELECT day, SUM(n_quotes) AS total_quotes, SUM(bs_sum) + SUM(as_sum) AS total_volume, SUM(spread_sum) / SUM(n_quotes) AS avg_spread FROM quotes_daily GROUP BY day ORDER BY day"
13608931,2026-08-13 04:24:23.179740,0.815929,13608931,quotes_shared.public.mv_tbl__quotes_daily__0,1,733213,699355,0,0,0,0,0.7280,48,31,0,0,"SELECT day, SUM(n_quotes) AS total_quotes, SUM(bs_sum) + SUM(as_sum) AS total_volume, SUM(spread_sum) / SUM(n_quotes) AS avg_spread FROM quotes_daily GROUP BY day ORDER BY day"
13811973,2026-08-13 04:34:07.466005,4.514176,13811973,,0,0,65,0,0,0,0,0.0036,0,25,0,0,"SELECT COALESCE(SUM(n_quotes), 0) FROM quotes_daily"
13811973,2026-08-13 04:34:07.466005,4.514176,13811973,quotes_shared.public.mv_tbl__quotes_daily__0,1,729373,704471,0,0,0,0,1.2047,38,26,0,0,"SELECT COALESCE(SUM(n_quotes), 0) FROM quotes_daily"
13811976,2026-08-13 04:34:11.981889,0.084454,13811976,,0,0,65,0,0,0,0,0.0029,0,27,0,0,SELECT COUNT(*) FROM quotes_daily
13811976,2026-08-13 04:34:11.981889,0.084454,13811976,quotes_shared.public.mv_tbl__quotes_daily__0,1,729373,704471,0,0,0,0,0.0023,43,21,0,0,SELECT COUNT(*) FROM quotes_daily
13811979,2026-08-13 04:34:12.067976,2.725116,13811979,,0,0,65,0,0,0,0,0.0031,0,28,0,0,"SELECT COUNT(*) AS days_traded, SUM(n_quotes) AS total_quotes, MIN(bp_min) AS lowest_bid, MAX(bp_max) AS highest_bid, MIN(ap_min) AS lowest_ask, MAX(ap_max) AS highest_ask, SUM(spread_sum) / SUM(n_quotes) AS avg_spread, SUM(bs_sum) AS total_bid_volum"
13811979,2026-08-13 04:34:12.067976,2.725116,13811979,quotes_shared.public.mv_tbl__quotes_daily__0,1,729326,62,0,0,0,0,2.6367,67,36,0,0,"SELECT COUNT(*) AS days_traded, SUM(n_quotes) AS total_quotes, MIN(bp_min) AS lowest_bid, MAX(bp_max) AS highest_bid, MIN(ap_min) AS lowest_ask, MAX(ap_max) AS highest_ask, SUM(spread_sum) / SUM(n_quotes) AS avg_spread, SUM(bs_sum) AS total_bid_volum"
13811986,2026-08-13 04:34:15.528459,0.424716,13811986,,0,0,217,0,0,0,0,0.3361,91,29,0,0,"SELECT sym, COUNT(*) AS days_traded, SUM(n_quotes) AS total_quotes, MIN(bp_min) AS lowest_bid, MAX(bp_max) AS highest_bid, SUM(spread_sum) / SUM(n_quotes) AS avg_spread FROM quotes_daily WHERE sym IN ('AAPL', 'MSFT', 'GOOGL', 'AMZN', 'TSLA', 'META', "
13811986,2026-08-13 04:34:15.528459,0.424716,13811986,quotes_shared.public.mv_tbl__quotes_daily__0,1,729373,496,0,0,0,0,0.3316,51,93,0,0,"SELECT sym, COUNT(*) AS days_traded, SUM(n_quotes) AS total_quotes, MIN(bp_min) AS lowest_bid, MAX(bp_max) AS highest_bid, SUM(spread_sum) / SUM(n_quotes) AS avg_spread FROM quotes_daily WHERE sym IN ('AAPL', 'MSFT', 'GOOGL', 'AMZN', 'TSLA', 'META', "
13811993,2026-08-13 04:34:16.478708,0.096895,13811993,,0,0,297866,0,0,0,0,0.0165,14,71,0,0,"SELECT sym, pct_range FROM ( SELECT sym, (MAX(bp_max) - MIN(bp_min)) / MIN(bp_min) * 100 AS pct_range FROM quotes_daily GROUP BY sym ) t ORDER BY ABS(pct_range) DESC LIMIT 20"
13811993,2026-08-13 04:34:16.478708,0.096895,13811993,quotes_shared.public.mv_tbl__quotes_daily__0,1,729373,704471,0,0,0,0,0.0106,24,45,0,0,"SELECT sym, pct_range FROM ( SELECT sym, (MAX(bp_max) - MIN(bp_min)) / MIN(bp_min) * 100 AS pct_range FROM quotes_daily GROUP BY sym ) t ORDER BY ABS(pct_range) DESC LIMIT 20"
13812000,2026-08-13 04:34:17.104246,0.467739,13812000,,0,0,2503,0,0,0,0,0.3923,52,23,0,0,"SELECT day, SUM(n_quotes) AS total_quotes, SUM(bs_sum) + SUM(as_sum) AS total_volume, SUM(spread_sum) / SUM(n_quotes) AS avg_spread FROM quotes_daily GROUP BY day ORDER BY day"
13812000,2026-08-13 04:34:17.104246,0.467739,13812000,quotes_shared.public.mv_tbl__quotes_daily__0,1,729373,704471,0,0,0,0,0.3872,39,37,0,0,"SELECT day, SUM(n_quotes) AS total_quotes, SUM(bs_sum) + SUM(as_sum) AS total_volume, SUM(spread_sum) / SUM(n_quotes) AS avg_spread FROM quotes_daily GROUP BY day ORDER BY day"
14015045,2026-08-13 04:44:07.295767,2.947562,14015045,,0,0,65,0,0,0,0,0.0033,0,32,0,0,"SELECT COALESCE(SUM(n_quotes), 0) FROM quotes_daily"
14015045,2026-08-13 04:44:07.295767,2.947562,14015045,quotes_shared.public.mv_tbl__quotes_daily__0,1,800821,714848,0,0,0,0,1.0388,39,35,0,0,"SELECT COALESCE(SUM(n_quotes), 0) FROM quotes_daily"
14015048,2026-08-13 04:44:10.245501,0.076717,14015048,,0,0,65,0,0,0,0,0.0026,0,24,0,0,SELECT COUNT(*) FROM quotes_daily
14015048,2026-08-13 04:44:10.245501,0.076717,14015048,quotes_shared.public.mv_tbl__quotes_daily__0,1,800251,714848,0,0,0,0,0.0023,59,43,0,0,SELECT COUNT(*) FROM quotes_daily
14015051,2026-08-13 04:44:10.323988,2.73504,14015051,,0,0,65,0,0,0,0,0.0033,0,31,0,0,"SELECT COUNT(*) AS days_traded, SUM(n_quotes) AS total_quotes, MIN(bp_min) AS lowest_bid, MAX(bp_max) AS highest_bid, MIN(ap_min) AS lowest_ask, MAX(ap_max) AS highest_ask, SUM(spread_sum) / SUM(n_quotes) AS avg_spread, SUM(bs_sum) AS total_bid_volum"
14015051,2026-08-13 04:44:10.323988,2.73504,14015051,quotes_shared.public.mv_tbl__quotes_daily__0,1,800774,63,0,0,0,0,2.6497,67,33,0,0,"SELECT COUNT(*) AS days_traded, SUM(n_quotes) AS total_quotes, MIN(bp_min) AS lowest_bid, MAX(bp_max) AS highest_bid, MIN(ap_min) AS lowest_ask, MAX(ap_max) AS highest_ask, SUM(spread_sum) / SUM(n_quotes) AS avg_spread, SUM(bs_sum) AS total_bid_volum"
14015058,2026-08-13 04:44:15.376402,2.283765,14015058,,0,0,217,0,0,0,0,0.9673,91,23,0,0,"SELECT sym, COUNT(*) AS days_traded, SUM(n_quotes) AS total_quotes, MIN(bp_min) AS lowest_bid, MAX(bp_max) AS highest_bid, SUM(spread_sum) / SUM(n_quotes) AS avg_spread FROM quotes_daily WHERE sym IN ('AAPL', 'MSFT', 'GOOGL', 'AMZN', 'TSLA', 'META', "
14015058,2026-08-13 04:44:15.376402,2.283765,14015058,quotes_shared.public.mv_tbl__quotes_daily__0,1,810444,504,0,0,0,0,0.9603,65,42,0,0,"SELECT sym, COUNT(*) AS days_traded, SUM(n_quotes) AS total_quotes, MIN(bp_min) AS lowest_bid, MAX(bp_max) AS highest_bid, SUM(spread_sum) / SUM(n_quotes) AS avg_spread FROM quotes_daily WHERE sym IN ('AAPL', 'MSFT', 'GOOGL', 'AMZN', 'TSLA', 'META', "
14015068,2026-08-13 04:44:18.187921,0.099661,14015068,,0,0,299688,0,0,0,0,0.0159,13,30,0,0,"SELECT sym, pct_range FROM ( SELECT sym, (MAX(bp_max) - MIN(bp_min)) / MIN(bp_min) * 100 AS pct_range FROM quotes_daily GROUP BY sym ) t ORDER BY ABS(pct_range) DESC LIMIT 20"
14015068,2026-08-13 04:44:18.187921,0.099661,14015068,quotes_shared.public.mv_tbl__quotes_daily__0,1,810444,714894,0,0,0,0,0.0108,25,42,0,0,"SELECT sym, pct_range FROM ( SELECT sym, (MAX(bp_max) - MIN(bp_min)) / MIN(bp_min) * 100 AS pct_range FROM quotes_daily GROUP BY sym ) t ORDER BY ABS(pct_range) DESC LIMIT 20"
14015075,2026-08-13 04:44:18.811549,0.609263,14015075,,0,0,2541,0,0,0,0,0.5283,51,25,0,0,"SELECT day, SUM(n_quotes) AS total_quotes, SUM(bs_sum) + SUM(as_sum) AS total_volume, SUM(spread_sum) / SUM(n_quotes) AS avg_spread FROM quotes_daily GROUP BY day ORDER BY day"
14015075,2026-08-13 04:44:18.811549,0.609263,14015075,quotes_shared.public.mv_tbl__quotes_daily__0,1,810444,714894,0,0,0,0,0.5218,36,27,0,0,"SELECT day, SUM(n_quotes) AS total_quotes, SUM(bs_sum) + SUM(as_sum) AS total_volume, SUM(spread_sum) / SUM(n_quotes) AS avg_spread FROM quotes_daily GROUP BY day ORDER BY day"
14218117,2026-08-13 04:54:07.291945,2.769616,14218117,,0,0,65,0,0,0,0,0.0128,0,47,0,0,"SELECT COALESCE(SUM(n_quotes), 0) FROM quotes_daily"
14218117,2026-08-13 04:54:07.291945,2.769616,14218117,quotes_shared.public.mv_tbl__quotes_daily__0,1,750165,725149,0,0,0,0,0.7249,61,29,0,0,"SELECT COALESCE(SUM(n_quotes), 0) FROM quotes_daily"
14218120,2026-08-13 04:54:07.291945,2.768169,14218120,,0,0,65,0,0,0,0,0.0108,0,68,0,0,"SELECT COALESCE(SUM(n_quotes), 0) FROM quotes_daily"
14218120,2026-08-13 04:54:07.291945,2.768169,14218120,quotes_shared.public.mv_tbl__quotes_daily__0,1,750165,725149,0,0,0,0,0.6794,63,31,0,0,"SELECT COALESCE(SUM(n_quotes), 0) FROM quotes_daily"
14218123,2026-08-13 04:54:10.061837,0.097728,14218123,,0,0,65,0,0,0,0,0.0073,0,91,0,0,SELECT COUNT(*) FROM quotes_daily
14218123,2026-08-13 04:54:10.061837,0.097728,14218123,quotes_shared.public.mv_tbl__quotes_daily__0,1,750165,725149,0,0,0,0,0.0031,60,34,0,0,SELECT COUNT(*) FROM quotes_daily
14218124,2026-08-13 04:54:10.063245,0.096306,14218124,,0,0,65,0,0,0,0,0.0066,0,78,0,0,SELECT COUNT(*) FROM quotes_daily
14218124,2026-08-13 04:54:10.063245,0.096306,14218124,quotes_shared.public.mv_tbl__quotes_daily__0,1,750165,725149,0,0,0,0,0.0041,48,39,0,0,SELECT COUNT(*) FROM quotes_daily
14218132,2026-08-13 04:54:10.161242,51.198841,14218132,,0,0,109446423,0,0,0,0,49.3073,43,41,0,0,"WITH src AS ( SELECT DATE_TRUNC('hour', TIMESTAMP 'epoch' + t / 1000 * INTERVAL '1 second') AS hour, bp, bs, ap, t FROM quotes_typed WHERE sym = 'AAPL' ), ranked AS ( SELECT hour, bp, bs, ap, ROW_NUMBER() OVER (PARTITION BY hour ORDER BY t ASC) AS rn"
14218132,2026-08-13 04:54:10.161242,51.198841,14218132,quotes_shared.public.mv_tbl__quotes_typed__0,1,4792094623,36482141,0,0,0,0,49.0367,21,3,0,0,"WITH src AS ( SELECT DATE_TRUNC('hour', TIMESTAMP 'epoch' + t / 1000 * INTERVAL '1 second') AS hour, bp, bs, ap, t FROM quotes_typed WHERE sym = 'AAPL' ), ranked AS ( SELECT hour, bp, bs, ap, ROW_NUMBER() OVER (PARTITION BY hour ORDER BY t ASC) AS rn"
14218129,2026-08-13 04:54:10.161289,4.739547,14218129,,0,0,65,0,0,0,0,0.0030,0,32,0,0,"SELECT COUNT(*) AS days_traded, SUM(n_quotes) AS total_quotes, MIN(bp_min) AS lowest_bid, MAX(bp_max) AS highest_bid, MIN(ap_min) AS lowest_ask, MAX(ap_max) AS highest_ask, SUM(spread_sum) / SUM(n_quotes) AS avg_spread, SUM(bs_sum) AS total_bid_volum"
14218129,2026-08-13 04:54:10.161289,4.739547,14218129,quotes_shared.public.mv_tbl__quotes_daily__0,1,750118,64,0,0,0,0,4.6404,60,21,0,0,"SELECT COUNT(*) AS days_traded, SUM(n_quotes) AS total_quotes, MIN(bp_min) AS lowest_bid, MAX(bp_max) AS highest_bid, MIN(ap_min) AS lowest_ask, MAX(ap_max) AS highest_ask, SUM(spread_sum) / SUM(n_quotes) AS avg_spread, SUM(bs_sum) AS total_bid_volum"
14218139,2026-08-13 04:54:15.655409,2.49984,14218139,,0,0,214,0,0,0,0,1.1605,91,32,0,0,"SELECT sym, COUNT(*) AS days_traded, SUM(n_quotes) AS total_quotes, MIN(bp_min) AS lowest_bid, MAX(bp_max) AS highest_bid, SUM(spread_sum) / SUM(n_quotes) AS avg_spread FROM quotes_daily WHERE sym IN ('AAPL', 'MSFT', 'GOOGL', 'AMZN', 'TSLA', 'META', "
14218139,2026-08-13 04:54:15.655409,2.49984,14218139,quotes_shared.public.mv_tbl__quotes_daily__0,1,759742,512,0,0,0,0,1.1539,50,42,0,0,"SELECT sym, COUNT(*) AS days_traded, SUM(n_quotes) AS total_quotes, MIN(bp_min) AS lowest_bid, MAX(bp_max) AS highest_bid, SUM(spread_sum) / SUM(n_quotes) AS avg_spread FROM quotes_daily WHERE sym IN ('AAPL', 'MSFT', 'GOOGL', 'AMZN', 'TSLA', 'META', "
14218149,2026-08-13 04:54:20.330422,0.11029,14218149,,0,0,294936,0,0,0,0,0.0257,15,77,0,0,"SELECT sym, pct_range FROM ( SELECT sym, (MAX(bp_max) - MIN(bp_min)) / MIN(bp_min) * 100 AS pct_range FROM quotes_daily GROUP BY sym ) t ORDER BY ABS(pct_range) DESC LIMIT 20"
14218149,2026-08-13 04:54:20.330422,0.11029,14218149,quotes_shared.public.mv_tbl__quotes_daily__0,1,759742,725208,0,0,0,0,0.0151,42,48,0,0,"SELECT sym, pct_range FROM ( SELECT sym, (MAX(bp_max) - MIN(bp_min)) / MIN(bp_min) * 100 AS pct_range FROM quotes_daily GROUP BY sym ) t ORDER BY ABS(pct_range) DESC LIMIT 20"
14218156,2026-08-13 04:54:22.597124,0.920782,14218156,,0,0,2572,0,0,0,0,0.8411,51,23,0,0,"SELECT day, SUM(n_quotes) AS total_quotes, SUM(bs_sum) + SUM(as_sum) AS total_volume, SUM(spread_sum) / SUM(n_quotes) AS avg_spread FROM quotes_daily GROUP BY day ORDER BY day"
14218156,2026-08-13 04:54:22.597124,0.920782,14218156,quotes_shared.public.mv_tbl__quotes_daily__0,1,759742,725208,0,0,0,0,0.8322,32,50,0,0,"SELECT day, SUM(n_quotes) AS total_quotes, SUM(bs_sum) + SUM(as_sum) AS total_volume, SUM(spread_sum) / SUM(n_quotes) AS avg_spread FROM quotes_daily GROUP BY day ORDER BY day"
14218183,2026-08-13 04:55:01.928907,9.29629,14218183,,0,0,97,0,0,0,0,0.0612,0,37,0,0,"WITH s AS ( SELECT (ap - bp) AS spread, (bp + ap) / 2.0 AS mid, bs AS bs, ""as"" AS az FROM quotes_typed WHERE sym = 'AAPL' ), agg AS ( SELECT COUNT(*)::float8 AS n, SUM(spread) AS s1, SUM(POWER(spread, 2)) AS s2, SUM(POWER(spread, 3)) AS s3, SUM(POWER"
14218183,2026-08-13 04:55:01.928907,9.29629,14218183,quotes_shared.public.mv_tbl__quotes_typed__0,1,4823643629,36542288,0,0,0,0,7.7832,29,8,0,0,"WITH s AS ( SELECT (ap - bp) AS spread, (bp + ap) / 2.0 AS mid, bs AS bs, ""as"" AS az FROM quotes_typed WHERE sym = 'AAPL' ), agg AS ( SELECT COUNT(*)::float8 AS n, SUM(spread) AS s1, SUM(POWER(spread, 2)) AS s2, SUM(POWER(spread, 3)) AS s3, SUM(POWER"
14218192,2026-08-13 04:55:11.760341,56.021824,14218192,,0,0,109750410,0,0,0,0,53.8310,42,40,0,0,"WITH src AS ( SELECT DATE_TRUNC('hour', TIMESTAMP 'epoch' + payload.t::bigint / 1000 * INTERVAL '1 second') AS hour, payload.bp::float8 AS bp, payload.bs::bigint AS bs, payload.ap::float8 AS ap, payload.t::bigint AS t FROM quotes_streamed WHERE sym ="
14218192,2026-08-13 04:55:11.760341,56.021824,14218192,quotes_shared.public.mv_tbl__quotes_streamed__0,1,4404447126,36583470,0,0,0,0,53.4765,18,59,0,0,"WITH src AS ( SELECT DATE_TRUNC('hour', TIMESTAMP 'epoch' + payload.t::bigint / 1000 * INTERVAL '1 second') AS hour, payload.bp::float8 AS bp, payload.bs::bigint AS bs, payload.ap::float8 AS ap, payload.t::bigint AS t FROM quotes_streamed WHERE sym ="
14218230,2026-08-13 04:56:08.336899,11.970578,14218230,,0,0,97,0,0,0,0,0.0661,0,37,0,0,"WITH s AS ( SELECT (payload.ap::float8 - payload.bp::float8) AS spread, (payload.bp::float8 + payload.ap::float8) / 2.0 AS mid, payload.bs::bigint AS bs, payload.""as""::bigint AS az FROM quotes_streamed WHERE sym = 'AAPL' ), agg AS ( SELECT COUNT(*)::"
14218230,2026-08-13 04:56:08.336899,11.970578,14218230,quotes_shared.public.mv_tbl__quotes_streamed__0,1,4463988438,36644501,0,0,0,0,9.7643,32,14,0,0,"WITH s AS ( SELECT (payload.ap::float8 - payload.bp::float8) AS spread, (payload.bp::float8 + payload.ap::float8) / 2.0 AS mid, payload.bs::bigint AS bs, payload.""as""::bigint AS az FROM quotes_streamed WHERE sym = 'AAPL' ), agg AS ( SELECT COUNT(*)::"
14218454,2026-08-13 05:03:56.846993,2.590884,14218454,,0,0,65,0,0,0,0,0.0030,0,23,0,0,"SELECT COALESCE(SUM(n_quotes), 0) FROM quotes_daily"
14218454,2026-08-13 05:03:56.846993,2.590884,14218454,quotes_shared.public.mv_tbl__quotes_daily__0,1,753610,740612,0,0,0,0,0.6671,41,17,0,0,"SELECT COALESCE(SUM(n_quotes), 0) FROM quotes_daily"
14218457,2026-08-13 05:03:59.439535,0.078474,14218457,,0,0,65,0,0,0,0,0.0029,0,24,0,0,SELECT COUNT(*) FROM quotes_daily
14218457,2026-08-13 05:03:59.439535,0.078474,14218457,quotes_shared.public.mv_tbl__quotes_daily__0,1,753610,740612,0,0,0,0,0.0023,30,14,0,0,SELECT COUNT(*) FROM quotes_daily
14218460,2026-08-13 05:03:59.519714,2.204877,14218460,,0,0,65,0,0,0,0,0.0030,0,31,0,0,"SELECT COUNT(*) AS days_traded, SUM(n_quotes) AS total_quotes, MIN(bp_min) AS lowest_bid, MAX(bp_max) AS highest_bid, MIN(ap_min) AS lowest_ask, MAX(ap_max) AS highest_ask, SUM(spread_sum) / SUM(n_quotes) AS avg_spread, SUM(bs_sum) AS total_bid_volum"
14218460,2026-08-13 05:03:59.519714,2.204877,14218460,quotes_shared.public.mv_tbl__quotes_daily__0,1,753563,65,0,0,0,0,2.1185,59,30,0,0,"SELECT COUNT(*) AS days_traded, SUM(n_quotes) AS total_quotes, MIN(bp_min) AS lowest_bid, MAX(bp_max) AS highest_bid, MIN(ap_min) AS lowest_ask, MAX(ap_max) AS highest_ask, SUM(spread_sum) / SUM(n_quotes) AS avg_spread, SUM(bs_sum) AS total_bid_volum"
14218469,2026-08-13 05:04:02.297325,0.103992,14218469,,0,0,226,0,0,0,0,0.0088,91,31,0,0,"SELECT sym, COUNT(*) AS days_traded, SUM(n_quotes) AS total_quotes, MIN(bp_min) AS lowest_bid, MAX(bp_max) AS highest_bid, SUM(spread_sum) / SUM(n_quotes) AS avg_spread FROM quotes_daily WHERE sym IN ('AAPL', 'MSFT', 'GOOGL', 'AMZN', 'TSLA', 'META', "
14218469,2026-08-13 05:04:02.297325,0.103992,14218469,quotes_shared.public.mv_tbl__quotes_daily__0,1,753610,520,0,0,0,0,0.0043,49,15,0,0,"SELECT sym, COUNT(*) AS days_traded, SUM(n_quotes) AS total_quotes, MIN(bp_min) AS lowest_bid, MAX(bp_max) AS highest_bid, SUM(spread_sum) / SUM(n_quotes) AS avg_spread FROM quotes_daily WHERE sym IN ('AAPL', 'MSFT', 'GOOGL', 'AMZN', 'TSLA', 'META', "
14218476,2026-08-13 05:04:02.926672,0.098783,14218476,,0,0,304301,0,0,0,0,0.0100,13,18,0,0,"SELECT sym, pct_range FROM ( SELECT sym, (MAX(bp_max) - MIN(bp_min)) / MIN(bp_min) * 100 AS pct_range FROM quotes_daily GROUP BY sym ) t ORDER BY ABS(pct_range) DESC LIMIT 20"
14218476,2026-08-13 05:04:02.926672,0.098783,14218476,quotes_shared.public.mv_tbl__quotes_daily__0,1,753610,740612,0,0,0,0,0.0049,23,19,0,0,"SELECT sym, pct_range FROM ( SELECT sym, (MAX(bp_max) - MIN(bp_min)) / MIN(bp_min) * 100 AS pct_range FROM quotes_daily GROUP BY sym ) t ORDER BY ABS(pct_range) DESC LIMIT 20"
14218483,2026-08-13 05:04:03.582630,0.371675,14218483,,0,0,2639,0,0,0,0,0.2867,50,23,0,0,"SELECT day, SUM(n_quotes) AS total_quotes, SUM(bs_sum) + SUM(as_sum) AS total_volume, SUM(spread_sum) / SUM(n_quotes) AS avg_spread FROM quotes_daily GROUP BY day ORDER BY day"
14218483,2026-08-13 05:04:03.582630,0.371675,14218483,quotes_shared.public.mv_tbl__quotes_daily__0,1,753610,740612,0,0,0,0,0.2818,36,38,0,0,"SELECT day, SUM(n_quotes) AS total_quotes, SUM(bs_sum) + SUM(as_sum) AS total_volume, SUM(spread_sum) / SUM(n_quotes) AS avg_spread FROM quotes_daily GROUP BY day ORDER BY day"
14421189,2026-08-13 05:14:07.381952,3.167483,14421189,,0,0,65,0,0,0,0,0.0036,0,58,0,0,"SELECT COALESCE(SUM(n_quotes), 0) FROM quotes_daily"
14421189,2026-08-13 05:14:07.381952,3.167483,14421189,quotes_shared.public.mv_tbl__quotes_daily__0,1,763153,750754,0,0,0,0,1.0288,45,36,0,0,"SELECT COALESCE(SUM(n_quotes), 0) FROM quotes_daily"
14421192,2026-08-13 05:14:10.551338,1.637623,14421192,,0,0,65,0,0,0,0,0.0148,0,29,0,0,SELECT COUNT(*) FROM quotes_daily
14421192,2026-08-13 05:14:10.551338,1.637623,14421192,quotes_shared.public.mv_tbl__quotes_daily__0,1,772345,751005,0,0,0,0,0.2894,31,29,0,0,SELECT COUNT(*) FROM quotes_daily
14421195,2026-08-13 05:14:12.190679,1.815917,14421195,,0,0,65,0,0,0,0,0.0026,0,33,0,0,"SELECT COUNT(*) AS days_traded, SUM(n_quotes) AS total_quotes, MIN(bp_min) AS lowest_bid, MAX(bp_max) AS highest_bid, MIN(ap_min) AS lowest_ask, MAX(ap_max) AS highest_ask, SUM(spread_sum) / SUM(n_quotes) AS avg_spread, SUM(bs_sum) AS total_bid_volum"
14421195,2026-08-13 05:14:12.190679,1.815917,14421195,quotes_shared.public.mv_tbl__quotes_daily__0,1,772532,66,0,0,0,0,1.7216,65,25,0,0,"SELECT COUNT(*) AS days_traded, SUM(n_quotes) AS total_quotes, MIN(bp_min) AS lowest_bid, MAX(bp_max) AS highest_bid, MIN(ap_min) AS lowest_ask, MAX(ap_max) AS highest_ask, SUM(spread_sum) / SUM(n_quotes) AS avg_spread, SUM(bs_sum) AS total_bid_volum"
14421203,2026-08-13 05:14:18.022905,0.430782,14421203,,0,0,223,0,0,0,0,0.3278,91,27,0,0,"SELECT sym, COUNT(*) AS days_traded, SUM(n_quotes) AS total_quotes, MIN(bp_min) AS lowest_bid, MAX(bp_max) AS highest_bid, SUM(spread_sum) / SUM(n_quotes) AS avg_spread FROM quotes_daily WHERE sym IN ('AAPL', 'MSFT', 'GOOGL', 'AMZN', 'TSLA', 'META', "
14421203,2026-08-13 05:14:18.022905,0.430782,14421203,quotes_shared.public.mv_tbl__quotes_daily__0,1,772579,528,0,0,0,0,0.3217,50,92,0,0,"SELECT sym, COUNT(*) AS days_traded, SUM(n_quotes) AS total_quotes, MIN(bp_min) AS lowest_bid, MAX(bp_max) AS highest_bid, SUM(spread_sum) / SUM(n_quotes) AS avg_spread FROM quotes_daily WHERE sym IN ('AAPL', 'MSFT', 'GOOGL', 'AMZN', 'TSLA', 'META', "
14421210,2026-08-13 05:14:18.985325,0.10983,14421210,,0,0,304160,0,0,0,0,0.0115,14,25,0,0,"SELECT sym, pct_range FROM ( SELECT sym, (MAX(bp_max) - MIN(bp_min)) / MIN(bp_min) * 100 AS pct_range FROM quotes_daily GROUP BY sym ) t ORDER BY ABS(pct_range) DESC LIMIT 20"
14421210,2026-08-13 05:14:18.985325,0.10983,14421210,quotes_shared.public.mv_tbl__quotes_daily__0,1,772579,751005,0,0,0,0,0.0061,24,30,0,0,"SELECT sym, pct_range FROM ( SELECT sym, (MAX(bp_max) - MIN(bp_min)) / MIN(bp_min) * 100 AS pct_range FROM quotes_daily GROUP BY sym ) t ORDER BY ABS(pct_range) DESC LIMIT 20"
14421219,2026-08-13 05:14:19.664092,0.436492,14421219,,0,0,2673,0,0,0,0,0.3309,49,25,0,0,"SELECT day, SUM(n_quotes) AS total_quotes, SUM(bs_sum) + SUM(as_sum) AS total_volume, SUM(spread_sum) / SUM(n_quotes) AS avg_spread FROM quotes_daily GROUP BY day ORDER BY day"
14421219,2026-08-13 05:14:19.664092,0.436492,14421219,quotes_shared.public.mv_tbl__quotes_daily__0,1,772579,751005,0,0,0,0,0.3246,28,38,0,0,"SELECT day, SUM(n_quotes) AS total_quotes, SUM(bs_sum) + SUM(as_sum) AS total_volume, SUM(spread_sum) / SUM(n_quotes) AS avg_spread FROM quotes_daily GROUP BY day ORDER BY day"
14624261,2026-08-13 05:24:07.833613,5.093062,14624261,,0,0,65,0,0,0,0,0.0022,0,26,0,0,"SELECT COALESCE(SUM(n_quotes), 0) FROM quotes_daily"
14624261,2026-08-13 05:24:07.833613,5.093062,14624261,quotes_shared.public.mv_tbl__quotes_daily__0,1,798400,760769,0,0,0,0,0.9923,48,41,0,0,"SELECT COALESCE(SUM(n_quotes), 0) FROM quotes_daily"
14624264,2026-08-13 05:24:12.928350,0.083459,14624264,,0,0,65,0,0,0,0,0.0019,0,20,0,0,SELECT COUNT(*) FROM quotes_daily
14624264,2026-08-13 05:24:12.928350,0.083459,14624264,quotes_shared.public.mv_tbl__quotes_daily__0,1,798400,760769,0,0,0,0,0.0011,34,12,0,0,SELECT COUNT(*) FROM quotes_daily
14624267,2026-08-13 05:24:13.013510,1.210716,14624267,,0,0,65,0,0,0,0,0.0023,0,25,0,0,"SELECT COUNT(*) AS days_traded, SUM(n_quotes) AS total_quotes, MIN(bp_min) AS lowest_bid, MAX(bp_max) AS highest_bid, MIN(ap_min) AS lowest_ask, MAX(ap_max) AS highest_ask, SUM(spread_sum) / SUM(n_quotes) AS avg_spread, SUM(bs_sum) AS total_bid_volum"
14624267,2026-08-13 05:24:13.013510,1.210716,14624267,quotes_shared.public.mv_tbl__quotes_daily__0,1,798353,67,0,0,0,0,1.1140,70,9,0,0,"SELECT COUNT(*) AS days_traded, SUM(n_quotes) AS total_quotes, MIN(bp_min) AS lowest_bid, MAX(bp_max) AS highest_bid, MIN(ap_min) AS lowest_ask, MAX(ap_max) AS highest_ask, SUM(spread_sum) / SUM(n_quotes) AS avg_spread, SUM(bs_sum) AS total_bid_volum"
14624274,2026-08-13 05:24:15.023604,0.443285,14624274,,0,0,220,0,0,0,0,0.3404,91,31,0,0,"SELECT sym, COUNT(*) AS days_traded, SUM(n_quotes) AS total_quotes, MIN(bp_min) AS lowest_bid, MAX(bp_max) AS highest_bid, SUM(spread_sum) / SUM(n_quotes) AS avg_spread FROM quotes_daily WHERE sym IN ('AAPL', 'MSFT', 'GOOGL', 'AMZN', 'TSLA', 'META', "
14624274,2026-08-13 05:24:15.023604,0.443285,14624274,quotes_shared.public.mv_tbl__quotes_daily__0,1,798400,536,0,0,0,0,0.3361,53,93,0,0,"SELECT sym, COUNT(*) AS days_traded, SUM(n_quotes) AS total_quotes, MIN(bp_min) AS lowest_bid, MAX(bp_max) AS highest_bid, SUM(spread_sum) / SUM(n_quotes) AS avg_spread FROM quotes_daily WHERE sym IN ('AAPL', 'MSFT', 'GOOGL', 'AMZN', 'TSLA', 'META', "
14624281,2026-08-13 05:24:16.014346,0.108237,14624281,,0,0,302345,0,0,0,0,0.0123,14,31,0,0,"SELECT sym, pct_range FROM ( SELECT sym, (MAX(bp_max) - MIN(bp_min)) / MIN(bp_min) * 100 AS pct_range FROM quotes_daily GROUP BY sym ) t ORDER BY ABS(pct_range) DESC LIMIT 20"
14624281,2026-08-13 05:24:16.014346,0.108237,14624281,quotes_shared.public.mv_tbl__quotes_daily__0,1,798400,760769,0,0,0,0,0.0081,34,37,0,0,"SELECT sym, pct_range FROM ( SELECT sym, (MAX(bp_max) - MIN(bp_min)) / MIN(bp_min) * 100 AS pct_range FROM quotes_daily GROUP BY sym ) t ORDER BY ABS(pct_range) DESC LIMIT 20"
14624288,2026-08-13 05:24:16.660244,0.417224,14624288,,0,0,2702,0,0,0,0,0.3247,48,20,0,0,"SELECT day, SUM(n_quotes) AS total_quotes, SUM(bs_sum) + SUM(as_sum) AS total_volume, SUM(spread_sum) / SUM(n_quotes) AS avg_spread FROM quotes_daily GROUP BY day ORDER BY day"
14624288,2026-08-13 05:24:16.660244,0.417224,14624288,quotes_shared.public.mv_tbl__quotes_daily__0,1,798400,760769,0,0,0,0,0.3217,40,51,0,0,"SELECT day, SUM(n_quotes) AS total_quotes, SUM(bs_sum) + SUM(as_sum) AS total_volume, SUM(spread_sum) / SUM(n_quotes) AS avg_spread FROM quotes_daily GROUP BY day ORDER BY day"
14827333,2026-08-13 05:34:06.322126,4.516502,14827333,,0,0,65,0,0,0,0,0.0028,0,45,0,0,"SELECT COALESCE(SUM(n_quotes), 0) FROM quotes_daily"
14827333,2026-08-13 05:34:06.322126,4.516502,14827333,quotes_shared.public.mv_tbl__quotes_daily__0,1,797856,761978,0,0,0,0,1.0212,49,24,0,0,"SELECT COALESCE(SUM(n_quotes), 0) FROM quotes_daily"
14827336,2026-08-13 05:34:10.840386,0.065127,14827336,,0,0,65,0,0,0,0,0.0018,0,24,0,0,SELECT COUNT(*) FROM quotes_daily
14827336,2026-08-13 05:34:10.840386,0.065127,14827336,quotes_shared.public.mv_tbl__quotes_daily__0,1,797844,761978,0,0,0,0,0.0015,39,15,0,0,SELECT COUNT(*) FROM quotes_daily
14827339,2026-08-13 05:34:10.907170,2.860712,14827339,,0,0,65,0,0,0,0,0.0028,0,34,0,0,"SELECT COUNT(*) AS days_traded, SUM(n_quotes) AS total_quotes, MIN(bp_min) AS lowest_bid, MAX(bp_max) AS highest_bid, MIN(ap_min) AS lowest_ask, MAX(ap_max) AS highest_ask, SUM(spread_sum) / SUM(n_quotes) AS avg_spread, SUM(bs_sum) AS total_bid_volum"
14827339,2026-08-13 05:34:10.907170,2.860712,14827339,quotes_shared.public.mv_tbl__quotes_daily__0,1,797809,67,0,0,0,0,2.7849,65,44,0,0,"SELECT COUNT(*) AS days_traded, SUM(n_quotes) AS total_quotes, MIN(bp_min) AS lowest_bid, MAX(bp_max) AS highest_bid, MIN(ap_min) AS lowest_ask, MAX(ap_max) AS highest_ask, SUM(spread_sum) / SUM(n_quotes) AS avg_spread, SUM(bs_sum) AS total_bid_volum"
14827346,2026-08-13 05:34:14.566685,0.436172,14827346,,0,0,216,0,0,0,0,0.3522,91,22,0,0,"SELECT sym, COUNT(*) AS days_traded, SUM(n_quotes) AS total_quotes, MIN(bp_min) AS lowest_bid, MAX(bp_max) AS highest_bid, SUM(spread_sum) / SUM(n_quotes) AS avg_spread FROM quotes_daily WHERE sym IN ('AAPL', 'MSFT', 'GOOGL', 'AMZN', 'TSLA', 'META', "
14827346,2026-08-13 05:34:14.566685,0.436172,14827346,quotes_shared.public.mv_tbl__quotes_daily__0,1,797856,536,0,0,0,0,0.3465,47,92,0,0,"SELECT sym, COUNT(*) AS days_traded, SUM(n_quotes) AS total_quotes, MIN(bp_min) AS lowest_bid, MAX(bp_max) AS highest_bid, SUM(spread_sum) / SUM(n_quotes) AS avg_spread FROM quotes_daily WHERE sym IN ('AAPL', 'MSFT', 'GOOGL', 'AMZN', 'TSLA', 'META', "
14827353,2026-08-13 05:34:15.543818,0.084811,14827353,,0,0,306198,0,0,0,0,0.0109,14,30,0,0,"SELECT sym, pct_range FROM ( SELECT sym, (MAX(bp_max) - MIN(bp_min)) / MIN(bp_min) * 100 AS pct_range FROM quotes_daily GROUP BY sym ) t ORDER BY ABS(pct_range) DESC LIMIT 20"
14827353,2026-08-13 05:34:15.543818,0.084811,14827353,quotes_shared.public.mv_tbl__quotes_daily__0,1,797856,761978,0,0,0,0,0.0060,26,35,0,0,"SELECT sym, pct_range FROM ( SELECT sym, (MAX(bp_max) - MIN(bp_min)) / MIN(bp_min) * 100 AS pct_range FROM quotes_daily GROUP BY sym ) t ORDER BY ABS(pct_range) DESC LIMIT 20"
14827360,2026-08-13 05:34:16.214188,0.441438,14827360,,0,0,2705,0,0,0,0,0.3711,48,25,0,0,"SELECT day, SUM(n_quotes) AS total_quotes, SUM(bs_sum) + SUM(as_sum) AS total_volume, SUM(spread_sum) / SUM(n_quotes) AS avg_spread FROM quotes_daily GROUP BY day ORDER BY day"
14827360,2026-08-13 05:34:16.214188,0.441438,14827360,quotes_shared.public.mv_tbl__quotes_daily__0,1,797856,761978,0,0,0,0,0.3674,29,38,0,0,"SELECT day, SUM(n_quotes) AS total_quotes, SUM(bs_sum) + SUM(as_sum) AS total_volume, SUM(spread_sum) / SUM(n_quotes) AS avg_spread FROM quotes_daily GROUP BY day ORDER BY day"
15030405,2026-08-13 05:44:07.226361,3.996374,15030405,,0,0,65,0,0,0,0,0.0027,0,28,0,0,"SELECT COALESCE(SUM(n_quotes), 0) FROM quotes_daily"
15030405,2026-08-13 05:44:07.226361,3.996374,15030405,quotes_shared.public.mv_tbl__quotes_daily__0,1,796572,772386,0,0,0,0,1.0180,29,34,0,0,"SELECT COALESCE(SUM(n_quotes), 0) FROM quotes_daily"
15030408,2026-08-13 05:44:11.224519,0.076958,15030408,,0,0,65,0,0,0,0,0.0022,0,24,0,0,SELECT COUNT(*) FROM quotes_daily
15030408,2026-08-13 05:44:11.224519,0.076958,15030408,quotes_shared.public.mv_tbl__quotes_daily__0,1,796518,772386,0,0,0,0,0.0017,47,16,0,0,SELECT COUNT(*) FROM quotes_daily
15030411,2026-08-13 05:44:11.303199,2.624345,15030411,,0,0,65,0,0,0,0,0.0026,0,31,0,0,"SELECT COUNT(*) AS days_traded, SUM(n_quotes) AS total_quotes, MIN(bp_min) AS lowest_bid, MAX(bp_max) AS highest_bid, MIN(ap_min) AS lowest_ask, MAX(ap_max) AS highest_ask, SUM(spread_sum) / SUM(n_quotes) AS avg_spread, SUM(bs_sum) AS total_bid_volum"
15030411,2026-08-13 05:44:11.303199,2.624345,15030411,quotes_shared.public.mv_tbl__quotes_daily__0,1,796525,68,0,0,0,0,2.5339,73,35,0,0,"SELECT COUNT(*) AS days_traded, SUM(n_quotes) AS total_quotes, MIN(bp_min) AS lowest_bid, MAX(bp_max) AS highest_bid, MIN(ap_min) AS lowest_ask, MAX(ap_max) AS highest_ask, SUM(spread_sum) / SUM(n_quotes) AS avg_spread, SUM(bs_sum) AS total_bid_volum"
15030418,2026-08-13 05:44:14.697409,0.401527,15030418,,0,0,231,0,0,0,0,0.3024,91,20,0,0,"SELECT sym, COUNT(*) AS days_traded, SUM(n_quotes) AS total_quotes, MIN(bp_min) AS lowest_bid, MAX(bp_max) AS highest_bid, SUM(spread_sum) / SUM(n_quotes) AS avg_spread FROM quotes_daily WHERE sym IN ('AAPL', 'MSFT', 'GOOGL', 'AMZN', 'TSLA', 'META', "
15030418,2026-08-13 05:44:14.697409,0.401527,15030418,quotes_shared.public.mv_tbl__quotes_daily__0,1,796572,544,0,0,0,0,0.2983,51,92,0,0,"SELECT sym, COUNT(*) AS days_traded, SUM(n_quotes) AS total_quotes, MIN(bp_min) AS lowest_bid, MAX(bp_max) AS highest_bid, SUM(spread_sum) / SUM(n_quotes) AS avg_spread FROM quotes_daily WHERE sym IN ('AAPL', 'MSFT', 'GOOGL', 'AMZN', 'TSLA', 'META', "
15030425,2026-08-13 05:44:17.201228,0.115707,15030425,,0,0,307486,0,0,0,0,0.0134,14,21,0,0,"SELECT sym, pct_range FROM ( SELECT sym, (MAX(bp_max) - MIN(bp_min)) / MIN(bp_min) * 100 AS pct_range FROM quotes_daily GROUP BY sym ) t ORDER BY ABS(pct_range) DESC LIMIT 20"
15030425,2026-08-13 05:44:17.201228,0.115707,15030425,quotes_shared.public.mv_tbl__quotes_daily__0,1,796572,772386,0,0,0,0,0.0087,27,40,0,0,"SELECT sym, pct_range FROM ( SELECT sym, (MAX(bp_max) - MIN(bp_min)) / MIN(bp_min) * 100 AS pct_range FROM quotes_daily GROUP BY sym ) t ORDER BY ABS(pct_range) DESC LIMIT 20"
15030435,2026-08-13 05:44:17.851403,0.477204,15030435,,0,0,2738,0,0,0,0,0.3879,48,25,0,0,"SELECT day, SUM(n_quotes) AS total_quotes, SUM(bs_sum) + SUM(as_sum) AS total_volume, SUM(spread_sum) / SUM(n_quotes) AS avg_spread FROM quotes_daily GROUP BY day ORDER BY day"
15030435,2026-08-13 05:44:17.851403,0.477204,15030435,quotes_shared.public.mv_tbl__quotes_daily__0,1,796572,772386,0,0,0,0,0.3839,35,42,0,0,"SELECT day, SUM(n_quotes) AS total_quotes, SUM(bs_sum) + SUM(as_sum) AS total_volume, SUM(spread_sum) / SUM(n_quotes) AS avg_spread FROM quotes_daily GROUP BY day ORDER BY day"
15233477,2026-08-13 05:54:08.314373,3.666516,15233477,,0,0,65,0,0,0,0,0.0029,0,32,0,0,"SELECT COALESCE(SUM(n_quotes), 0) FROM quotes_daily"
15233477,2026-08-13 05:54:08.314373,3.666516,15233477,quotes_shared.public.mv_tbl__quotes_daily__0,1,822696,788286,0,0,0,0,1.0346,35,45,0,0,"SELECT COALESCE(SUM(n_quotes), 0) FROM quotes_daily"
15233480,2026-08-13 05:54:08.314373,3.666405,15233480,,0,0,65,0,0,0,0,0.0030,0,28,0,0,"SELECT COALESCE(SUM(n_quotes), 0) FROM quotes_daily"
15233480,2026-08-13 05:54:08.314373,3.666405,15233480,quotes_shared.public.mv_tbl__quotes_daily__0,1,822696,788286,0,0,0,0,0.7301,72,64,0,0,"SELECT COALESCE(SUM(n_quotes), 0) FROM quotes_daily"
15233483,2026-08-13 05:54:11.982644,0.074443,15233483,,0,0,65,0,0,0,0,0.0021,0,27,0,0,SELECT COUNT(*) FROM quotes_daily
15233483,2026-08-13 05:54:11.982644,0.074443,15233483,quotes_shared.public.mv_tbl__quotes_daily__0,1,822648,788286,0,0,0,0,0.0016,48,31,0,0,SELECT COUNT(*) FROM quotes_daily
15233484,2026-08-13 05:54:11.982661,0.08255,15233484,,0,0,65,0,0,0,0,0.0020,0,22,0,0,SELECT COUNT(*) FROM quotes_daily
15233484,2026-08-13 05:54:11.982661,0.08255,15233484,quotes_shared.public.mv_tbl__quotes_daily__0,1,822648,788286,0,0,0,0,0.0011,40,9,0,0,SELECT COUNT(*) FROM quotes_daily
15233492,2026-08-13 05:54:12.058777,67.427364,15233492,,0,0,118462884,0,0,0,0,65.2480,45,46,0,0,"WITH src AS ( SELECT DATE_TRUNC('hour', TIMESTAMP 'epoch' + t / 1000 * INTERVAL '1 second') AS hour, bp, bs, ap, t FROM quotes_typed WHERE sym = 'AAPL' ), ranked AS ( SELECT hour, bp, bs, ap, ROW_NUMBER() OVER (PARTITION BY hour ORDER BY t ASC) AS rn"
15233492,2026-08-13 05:54:12.058777,67.427364,15233492,quotes_shared.public.mv_tbl__quotes_typed__0,1,6267340134,39487628,0,0,0,0,64.9478,24,1,0,0,"WITH src AS ( SELECT DATE_TRUNC('hour', TIMESTAMP 'epoch' + t / 1000 * INTERVAL '1 second') AS hour, bp, bs, ap, t FROM quotes_typed WHERE sym = 'AAPL' ), ranked AS ( SELECT hour, bp, bs, ap, ROW_NUMBER() OVER (PARTITION BY hour ORDER BY t ASC) AS rn"
15233489,2026-08-13 05:54:12.066793,4.889226,15233489,,0,0,65,0,0,0,0,0.0070,0,54,0,0,"SELECT COUNT(*) AS days_traded, SUM(n_quotes) AS total_quotes, MIN(bp_min) AS lowest_bid, MAX(bp_max) AS highest_bid, MIN(ap_min) AS lowest_ask, MAX(ap_max) AS highest_ask, SUM(spread_sum) / SUM(n_quotes) AS avg_spread, SUM(bs_sum) AS total_bid_volum"
15233489,2026-08-13 05:54:12.066793,4.889226,15233489,quotes_shared.public.mv_tbl__quotes_daily__0,1,822649,69,0,0,0,0,4.7966,56,22,0,0,"SELECT COUNT(*) AS days_traded, SUM(n_quotes) AS total_quotes, MIN(bp_min) AS lowest_bid, MAX(bp_max) AS highest_bid, MIN(ap_min) AS lowest_ask, MAX(ap_max) AS highest_ask, SUM(spread_sum) / SUM(n_quotes) AS avg_spread, SUM(bs_sum) AS total_bid_volum"
15233500,2026-08-13 05:54:17.717866,0.433788,15233500,,0,0,224,0,0,0,0,0.3185,91,33,0,0,"SELECT sym, COUNT(*) AS days_traded, SUM(n_quotes) AS total_quotes, MIN(bp_min) AS lowest_bid, MAX(bp_max) AS highest_bid, SUM(spread_sum) / SUM(n_quotes) AS avg_spread FROM quotes_daily WHERE sym IN ('AAPL', 'MSFT', 'GOOGL', 'AMZN', 'TSLA', 'META', "
15233500,2026-08-13 05:54:17.717866,0.433788,15233500,quotes_shared.public.mv_tbl__quotes_daily__0,1,822696,552,0,0,0,0,0.3091,60,92,0,0,"SELECT sym, COUNT(*) AS days_traded, SUM(n_quotes) AS total_quotes, MIN(bp_min) AS lowest_bid, MAX(bp_max) AS highest_bid, SUM(spread_sum) / SUM(n_quotes) AS avg_spread FROM quotes_daily WHERE sym IN ('AAPL', 'MSFT', 'GOOGL', 'AMZN', 'TSLA', 'META', "
15233509,2026-08-13 05:54:18.698763,0.362439,15233509,,0,0,308080,0,0,0,0,0.2554,13,74,0,0,"SELECT sym, pct_range FROM ( SELECT sym, (MAX(bp_max) - MIN(bp_min)) / MIN(bp_min) * 100 AS pct_range FROM quotes_daily GROUP BY sym ) t ORDER BY ABS(pct_range) DESC LIMIT 20"
15233509,2026-08-13 05:54:18.698763,0.362439,15233509,quotes_shared.public.mv_tbl__quotes_daily__0,1,822696,788286,0,0,0,0,0.0115,38,37,0,0,"SELECT sym, pct_range FROM ( SELECT sym, (MAX(bp_max) - MIN(bp_min)) / MIN(bp_min) * 100 AS pct_range FROM quotes_daily GROUP BY sym ) t ORDER BY ABS(pct_range) DESC LIMIT 20"
15233516,2026-08-13 05:54:19.594782,0.472325,15233516,,0,0,2794,0,0,0,0,0.3800,47,26,0,0,"SELECT day, SUM(n_quotes) AS total_quotes, SUM(bs_sum) + SUM(as_sum) AS total_volume, SUM(spread_sum) / SUM(n_quotes) AS avg_spread FROM quotes_daily GROUP BY day ORDER BY day"
15233516,2026-08-13 05:54:19.594782,0.472325,15233516,quotes_shared.public.mv_tbl__quotes_daily__0,1,822696,788286,0,0,0,0,0.3751,36,43,0,0,"SELECT day, SUM(n_quotes) AS total_quotes, SUM(bs_sum) + SUM(as_sum) AS total_volume, SUM(spread_sum) / SUM(n_quotes) AS avg_spread FROM quotes_daily GROUP BY day ORDER BY day"
15233555,2026-08-13 05:55:20.035964,373.736032,15233555,,0,0,97,0,0,0,0,0.0545,0,30,0,0,"WITH s AS ( SELECT (ap - bp) AS spread, (bp + ap) / 2.0 AS mid, bs AS bs, ""as"" AS az FROM quotes_typed WHERE sym = 'AAPL' ), agg AS ( SELECT COUNT(*)::float8 AS n, SUM(spread) AS s1, SUM(POWER(spread, 2)) AS s2, SUM(POWER(spread, 3)) AS s3, SUM(POWER"
15233555,2026-08-13 05:55:20.035964,373.736032,15233555,quotes_shared.public.mv_tbl__quotes_typed__0,1,6298893568,39580301,0,0,0,0,372.1065,31,0,0,0,"WITH s AS ( SELECT (ap - bp) AS spread, (bp + ap) / 2.0 AS mid, bs AS bs, ""as"" AS az FROM quotes_typed WHERE sym = 'AAPL' ), agg AS ( SELECT COUNT(*)::float8 AS n, SUM(spread) AS s1, SUM(POWER(spread, 2)) AS s2, SUM(POWER(spread, 3)) AS s3, SUM(POWER"
15233777,2026-08-13 06:01:34.350036,45.065908,15233777,,0,0,119824698,0,0,0,0,40.6404,44,49,0,0,"WITH src AS ( SELECT DATE_TRUNC('hour', TIMESTAMP 'epoch' + payload.t::bigint / 1000 * INTERVAL '1 second') AS hour, payload.bp::float8 AS bp, payload.bs::bigint AS bs, payload.ap::float8 AS ap, payload.t::bigint AS t FROM quotes_streamed WHERE sym ="
15233777,2026-08-13 06:01:34.350036,45.065908,15233777,quotes_shared.public.mv_tbl__quotes_streamed__0,1,8385852667,39941566,0,0,0,0,40.2474,18,3,0,0,"WITH src AS ( SELECT DATE_TRUNC('hour', TIMESTAMP 'epoch' + payload.t::bigint / 1000 * INTERVAL '1 second') AS hour, payload.bp::float8 AS bp, payload.bs::bigint AS bs, payload.ap::float8 AS ap, payload.t::bigint AS t FROM quotes_streamed WHERE sym ="
15233802,2026-08-13 06:02:19.926026,7.822572,15233802,,0,0,97,0,0,0,0,0.0532,0,26,0,0,"WITH s AS ( SELECT (payload.ap::float8 - payload.bp::float8) AS spread, (payload.bp::float8 + payload.ap::float8) / 2.0 AS mid, payload.bs::bigint AS bs, payload.""as""::bigint AS az FROM quotes_streamed WHERE sym = 'AAPL' ), agg AS ( SELECT COUNT(*)::"
15233802,2026-08-13 06:02:19.926026,7.822572,15233802,quotes_shared.public.mv_tbl__quotes_streamed__0,1,8427613417,39974838,0,0,0,0,6.3277,14,2,0,0,"WITH s AS ( SELECT (payload.ap::float8 - payload.bp::float8) AS spread, (payload.bp::float8 + payload.ap::float8) / 2.0 AS mid, payload.bs::bigint AS bs, payload.""as""::bigint AS az FROM quotes_streamed WHERE sym = 'AAPL' ), agg AS ( SELECT COUNT(*)::"
15233857,2026-08-13 06:03:56.845676,2.547114,15233857,,0,0,65,0,0,0,0,0.0018,0,27,0,0,"SELECT COALESCE(SUM(n_quotes), 0) FROM quotes_daily"
15233857,2026-08-13 06:03:56.845676,2.547114,15233857,quotes_shared.public.mv_tbl__quotes_daily__0,1,815167,798335,0,0,0,0,1.1532,39,38,0,0,"SELECT COALESCE(SUM(n_quotes), 0) FROM quotes_daily"
15233860,2026-08-13 06:03:59.394417,0.079273,15233860,,0,0,65,0,0,0,0,0.0015,0,21,0,0,SELECT COUNT(*) FROM quotes_daily
15233860,2026-08-13 06:03:59.394417,0.079273,15233860,quotes_shared.public.mv_tbl__quotes_daily__0,1,815167,798335,0,0,0,0,0.0011,35,13,0,0,SELECT COUNT(*) FROM quotes_daily
15233863,2026-08-13 06:03:59.475430,2.944449,15233863,,0,0,65,0,0,0,0,0.0019,0,29,0,0,"SELECT COUNT(*) AS days_traded, SUM(n_quotes) AS total_quotes, MIN(bp_min) AS lowest_bid, MAX(bp_max) AS highest_bid, MIN(ap_min) AS lowest_ask, MAX(ap_max) AS highest_ask, SUM(spread_sum) / SUM(n_quotes) AS avg_spread, SUM(bs_sum) AS total_bid_volum"
15233863,2026-08-13 06:03:59.475430,2.944449,15233863,quotes_shared.public.mv_tbl__quotes_daily__0,1,815120,70,0,0,0,0,2.8583,63,35,0,0,"SELECT COUNT(*) AS days_traded, SUM(n_quotes) AS total_quotes, MIN(bp_min) AS lowest_bid, MAX(bp_max) AS highest_bid, MIN(ap_min) AS lowest_ask, MAX(ap_max) AS highest_ask, SUM(spread_sum) / SUM(n_quotes) AS avg_spread, SUM(bs_sum) AS total_bid_volum"
15233870,2026-08-13 06:04:02.998447,0.100988,15233870,,0,0,226,0,0,0,0,0.0065,91,27,0,0,"SELECT sym, COUNT(*) AS days_traded, SUM(n_quotes) AS total_quotes, MIN(bp_min) AS lowest_bid, MAX(bp_max) AS highest_bid, SUM(spread_sum) / SUM(n_quotes) AS avg_spread FROM quotes_daily WHERE sym IN ('AAPL', 'MSFT', 'GOOGL', 'AMZN', 'TSLA', 'META', "
15233870,2026-08-13 06:04:02.998447,0.100988,15233870,quotes_shared.public.mv_tbl__quotes_daily__0,1,815167,560,0,0,0,0,0.0038,45,13,0,0,"SELECT sym, COUNT(*) AS days_traded, SUM(n_quotes) AS total_quotes, MIN(bp_min) AS lowest_bid, MAX(bp_max) AS highest_bid, SUM(spread_sum) / SUM(n_quotes) AS avg_spread FROM quotes_daily WHERE sym IN ('AAPL', 'MSFT', 'GOOGL', 'AMZN', 'TSLA', 'META', "
15233877,2026-08-13 06:04:03.641125,0.098308,15233877,,0,0,311812,0,0,0,0,0.0079,14,31,0,0,"SELECT sym, pct_range FROM ( SELECT sym, (MAX(bp_max) - MIN(bp_min)) / MIN(bp_min) * 100 AS pct_range FROM quotes_daily GROUP BY sym ) t ORDER BY ABS(pct_range) DESC LIMIT 20"
15233877,2026-08-13 06:04:03.641125,0.098308,15233877,quotes_shared.public.mv_tbl__quotes_daily__0,1,815167,798335,0,0,0,0,0.0045,13,26,0,0,"SELECT sym, pct_range FROM ( SELECT sym, (MAX(bp_max) - MIN(bp_min)) / MIN(bp_min) * 100 AS pct_range FROM quotes_daily GROUP BY sym ) t ORDER BY ABS(pct_range) DESC LIMIT 20"
15233888,2026-08-13 06:04:04.542926,0.523389,15233888,,0,0,2829,0,0,0,0,0.4368,55,29,0,0,"SELECT day, SUM(n_quotes) AS total_quotes, SUM(bs_sum) + SUM(as_sum) AS total_volume, SUM(spread_sum) / SUM(n_quotes) AS avg_spread FROM quotes_daily GROUP BY day ORDER BY day"
15233888,2026-08-13 06:04:04.542926,0.523389,15233888,quotes_shared.public.mv_tbl__quotes_daily__0,1,815167,798335,0,0,0,0,0.4342,31,44,0,0,"SELECT day, SUM(n_quotes) AS total_quotes, SUM(bs_sum) + SUM(as_sum) AS total_volume, SUM(spread_sum) / SUM(n_quotes) AS avg_spread FROM quotes_daily GROUP BY day ORDER BY day"
15436549,2026-08-13 06:14:07.682723,3.007054,15436549,,0,0,65,0,0,0,0,0.0091,0,59,0,0,"SELECT COALESCE(SUM(n_quotes), 0) FROM quotes_daily"
15436549,2026-08-13 06:14:07.682723,3.007054,15436549,quotes_shared.public.mv_tbl__quotes_daily__0,1,821973,808729,0,0,0,0,1.0000,47,26,0,0,"SELECT COALESCE(SUM(n_quotes), 0) FROM quotes_daily"
15436552,2026-08-13 06:14:10.691730,0.081281,15436552,,0,0,65,0,0,0,0,0.0052,0,42,0,0,SELECT COUNT(*) FROM quotes_daily
15436552,2026-08-13 06:14:10.691730,0.081281,15436552,quotes_shared.public.mv_tbl__quotes_daily__0,1,821973,808729,0,0,0,0,0.0038,65,58,0,0,SELECT COUNT(*) FROM quotes_daily
15436555,2026-08-13 06:14:10.774754,2.773052,15436555,,0,0,65,0,0,0,0,0.0026,0,31,0,0,"SELECT COUNT(*) AS days_traded, SUM(n_quotes) AS total_quotes, MIN(bp_min) AS lowest_bid, MAX(bp_max) AS highest_bid, MIN(ap_min) AS lowest_ask, MAX(ap_max) AS highest_ask, SUM(spread_sum) / SUM(n_quotes) AS avg_spread, SUM(bs_sum) AS total_bid_volum"
15436555,2026-08-13 06:14:10.774754,2.773052,15436555,quotes_shared.public.mv_tbl__quotes_daily__0,1,821926,71,0,0,0,0,2.6805,68,32,0,0,"SELECT COUNT(*) AS days_traded, SUM(n_quotes) AS total_quotes, MIN(bp_min) AS lowest_bid, MAX(bp_max) AS highest_bid, MIN(ap_min) AS lowest_ask, MAX(ap_max) AS highest_ask, SUM(spread_sum) / SUM(n_quotes) AS avg_spread, SUM(bs_sum) AS total_bid_volum"
15436562,2026-08-13 06:14:14.387248,2.293723,15436562,,0,0,225,0,0,0,0,1.0212,91,24,0,0,"SELECT sym, COUNT(*) AS days_traded, SUM(n_quotes) AS total_quotes, MIN(bp_min) AS lowest_bid, MAX(bp_max) AS highest_bid, SUM(spread_sum) / SUM(n_quotes) AS avg_spread FROM quotes_daily WHERE sym IN ('AAPL', 'MSFT', 'GOOGL', 'AMZN', 'TSLA', 'META', "
15436562,2026-08-13 06:14:14.387248,2.293723,15436562,quotes_shared.public.mv_tbl__quotes_daily__0,1,831464,568,0,0,0,0,1.0160,47,45,0,0,"SELECT sym, COUNT(*) AS days_traded, SUM(n_quotes) AS total_quotes, MIN(bp_min) AS lowest_bid, MAX(bp_max) AS highest_bid, SUM(spread_sum) / SUM(n_quotes) AS avg_spread FROM quotes_daily WHERE sym IN ('AAPL', 'MSFT', 'GOOGL', 'AMZN', 'TSLA', 'META', "
15436572,2026-08-13 06:14:19.081750,0.224471,15436572,,0,0,297623,0,0,0,0,0.1453,14,61,0,0,"SELECT sym, pct_range FROM ( SELECT sym, (MAX(bp_max) - MIN(bp_min)) / MIN(bp_min) * 100 AS pct_range FROM quotes_daily GROUP BY sym ) t ORDER BY ABS(pct_range) DESC LIMIT 20"
15436572,2026-08-13 06:14:19.081750,0.224471,15436572,quotes_shared.public.mv_tbl__quotes_daily__0,1,831464,808920,0,0,0,0,0.0241,25,58,0,0,"SELECT sym, pct_range FROM ( SELECT sym, (MAX(bp_max) - MIN(bp_min)) / MIN(bp_min) * 100 AS pct_range FROM quotes_daily GROUP BY sym ) t ORDER BY ABS(pct_range) DESC LIMIT 20"
15436579,2026-08-13 06:14:19.856001,1.915645,15436579,,0,0,2858,0,0,0,0,1.8400,54,18,0,0,"SELECT day, SUM(n_quotes) AS total_quotes, SUM(bs_sum) + SUM(as_sum) AS total_volume, SUM(spread_sum) / SUM(n_quotes) AS avg_spread FROM quotes_daily GROUP BY day ORDER BY day"
15436579,2026-08-13 06:14:19.856001,1.915645,15436579,quotes_shared.public.mv_tbl__quotes_daily__0,1,831464,808920,0,0,0,0,1.8351,36,74,0,0,"SELECT day, SUM(n_quotes) AS total_quotes, SUM(bs_sum) + SUM(as_sum) AS total_volume, SUM(spread_sum) / SUM(n_quotes) AS avg_spread FROM quotes_daily GROUP BY day ORDER BY day"
15639621,2026-08-13 06:24:07.030244,2.611751,15639621,,0,0,65,0,0,0,0,0.0097,0,47,0,0,"SELECT COALESCE(SUM(n_quotes), 0) FROM quotes_daily"
15639621,2026-08-13 06:24:07.030244,2.611751,15639621,quotes_shared.public.mv_tbl__quotes_daily__0,1,859795,818838,0,0,0,0,0.5718,51,17,0,0,"SELECT COALESCE(SUM(n_quotes), 0) FROM quotes_daily"
15639624,2026-08-13 06:24:09.643849,0.114498,15639624,,0,0,65,0,0,0,0,0.0124,0,72,0,0,SELECT COUNT(*) FROM quotes_daily
15639624,2026-08-13 06:24:09.643849,0.114498,15639624,quotes_shared.public.mv_tbl__quotes_daily__0,1,859669,818838,0,0,0,0,0.0229,71,72,0,0,SELECT COUNT(*) FROM quotes_daily
15639627,2026-08-13 06:24:09.760196,1.430463,15639627,,0,0,65,0,0,0,0,0.0024,0,34,0,0,"SELECT COUNT(*) AS days_traded, SUM(n_quotes) AS total_quotes, MIN(bp_min) AS lowest_bid, MAX(bp_max) AS highest_bid, MIN(ap_min) AS lowest_ask, MAX(ap_max) AS highest_ask, SUM(spread_sum) / SUM(n_quotes) AS avg_spread, SUM(bs_sum) AS total_bid_volum"
15639627,2026-08-13 06:24:09.760196,1.430463,15639627,quotes_shared.public.mv_tbl__quotes_daily__0,1,859748,72,0,0,0,0,1.3289,67,14,0,0,"SELECT COUNT(*) AS days_traded, SUM(n_quotes) AS total_quotes, MIN(bp_min) AS lowest_bid, MAX(bp_max) AS highest_bid, MIN(ap_min) AS lowest_ask, MAX(ap_max) AS highest_ask, SUM(spread_sum) / SUM(n_quotes) AS avg_spread, SUM(bs_sum) AS total_bid_volum"
15639634,2026-08-13 06:24:11.999033,0.4738,15639634,,0,0,228,0,0,0,0,0.3713,92,27,0,0,"SELECT sym, COUNT(*) AS days_traded, SUM(n_quotes) AS total_quotes, MIN(bp_min) AS lowest_bid, MAX(bp_max) AS highest_bid, SUM(spread_sum) / SUM(n_quotes) AS avg_spread FROM quotes_daily WHERE sym IN ('AAPL', 'MSFT', 'GOOGL', 'AMZN', 'TSLA', 'META', "
15639634,2026-08-13 06:24:11.999033,0.4738,15639634,quotes_shared.public.mv_tbl__quotes_daily__0,1,859795,576,0,0,0,0,0.3668,52,93,0,0,"SELECT sym, COUNT(*) AS days_traded, SUM(n_quotes) AS total_quotes, MIN(bp_min) AS lowest_bid, MAX(bp_max) AS highest_bid, SUM(spread_sum) / SUM(n_quotes) AS avg_spread FROM quotes_daily WHERE sym IN ('AAPL', 'MSFT', 'GOOGL', 'AMZN', 'TSLA', 'META', "
15639641,2026-08-13 06:24:13.013951,0.092623,15639641,,0,0,312299,0,0,0,0,0.0097,15,25,0,0,"SELECT sym, pct_range FROM ( SELECT sym, (MAX(bp_max) - MIN(bp_min)) / MIN(bp_min) * 100 AS pct_range FROM quotes_daily GROUP BY sym ) t ORDER BY ABS(pct_range) DESC LIMIT 20"
15639641,2026-08-13 06:24:13.013951,0.092623,15639641,quotes_shared.public.mv_tbl__quotes_daily__0,1,859795,818838,0,0,0,0,0.0065,22,30,0,0,"SELECT sym, pct_range FROM ( SELECT sym, (MAX(bp_max) - MIN(bp_min)) / MIN(bp_min) * 100 AS pct_range FROM quotes_daily GROUP BY sym ) t ORDER BY ABS(pct_range) DESC LIMIT 20"
15639648,2026-08-13 06:24:13.714921,0.442739,15639648,,0,0,2894,0,0,0,0,0.3650,54,23,0,0,"SELECT day, SUM(n_quotes) AS total_quotes, SUM(bs_sum) + SUM(as_sum) AS total_volume, SUM(spread_sum) / SUM(n_quotes) AS avg_spread FROM quotes_daily GROUP BY day ORDER BY day"
15639648,2026-08-13 06:24:13.714921,0.442739,15639648,quotes_shared.public.mv_tbl__quotes_daily__0,1,859795,818838,0,0,0,0,0.3609,26,57,0,0,"SELECT day, SUM(n_quotes) AS total_quotes, SUM(bs_sum) + SUM(as_sum) AS total_volume, SUM(spread_sum) / SUM(n_quotes) AS avg_spread FROM quotes_daily GROUP BY day ORDER BY day"
15842695,2026-08-13 06:34:07.531654,4.395281,15842695,,0,0,65,0,0,0,0,0.0026,0,26,0,0,"SELECT COALESCE(SUM(n_quotes), 0) FROM quotes_daily"
15842695,2026-08-13 06:34:07.531654,4.395281,15842695,quotes_shared.public.mv_tbl__quotes_daily__0,1,843706,819733,0,0,0,0,1.0319,49,29,0,0,"SELECT COALESCE(SUM(n_quotes), 0) FROM quotes_daily"
15842698,2026-08-13 06:34:11.928655,0.077156,15842698,,0,0,65,0,0,0,0,0.0180,0,67,0,0,SELECT COUNT(*) FROM quotes_daily
15842698,2026-08-13 06:34:11.928655,0.077156,15842698,quotes_shared.public.mv_tbl__quotes_daily__0,1,843422,819733,0,0,0,0,0.0019,39,34,0,0,SELECT COUNT(*) FROM quotes_daily
15842701,2026-08-13 06:34:12.007404,2.158698,15842701,,0,0,65,0,0,0,0,0.0028,0,29,0,0,"SELECT COUNT(*) AS days_traded, SUM(n_quotes) AS total_quotes, MIN(bp_min) AS lowest_bid, MAX(bp_max) AS highest_bid, MIN(ap_min) AS lowest_ask, MAX(ap_max) AS highest_ask, SUM(spread_sum) / SUM(n_quotes) AS avg_spread, SUM(bs_sum) AS total_bid_volum"
15842701,2026-08-13 06:34:12.007404,2.158698,15842701,quotes_shared.public.mv_tbl__quotes_daily__0,1,843659,72,0,0,0,0,2.0786,67,26,0,0,"SELECT COUNT(*) AS days_traded, SUM(n_quotes) AS total_quotes, MIN(bp_min) AS lowest_bid, MAX(bp_max) AS highest_bid, MIN(ap_min) AS lowest_ask, MAX(ap_max) AS highest_ask, SUM(spread_sum) / SUM(n_quotes) AS avg_spread, SUM(bs_sum) AS total_bid_volum"
15842708,2026-08-13 06:34:15.023784,0.433737,15842708,,0,0,236,0,0,0,0,0.3468,91,34,0,0,"SELECT sym, COUNT(*) AS days_traded, SUM(n_quotes) AS total_quotes, MIN(bp_min) AS lowest_bid, MAX(bp_max) AS highest_bid, SUM(spread_sum) / SUM(n_quotes) AS avg_spread FROM quotes_daily WHERE sym IN ('AAPL', 'MSFT', 'GOOGL', 'AMZN', 'TSLA', 'META', "
15842708,2026-08-13 06:34:15.023784,0.433737,15842708,quotes_shared.public.mv_tbl__quotes_daily__0,1,843706,576,0,0,0,0,0.3430,41,92,0,0,"SELECT sym, COUNT(*) AS days_traded, SUM(n_quotes) AS total_quotes, MIN(bp_min) AS lowest_bid, MAX(bp_max) AS highest_bid, SUM(spread_sum) / SUM(n_quotes) AS avg_spread FROM quotes_daily WHERE sym IN ('AAPL', 'MSFT', 'GOOGL', 'AMZN', 'TSLA', 'META', "
15842715,2026-08-13 06:34:16.056021,0.089525,15842715,,0,0,313690,0,0,0,0,0.0117,14,27,0,0,"SELECT sym, pct_range FROM ( SELECT sym, (MAX(bp_max) - MIN(bp_min)) / MIN(bp_min) * 100 AS pct_range FROM quotes_daily GROUP BY sym ) t ORDER BY ABS(pct_range) DESC LIMIT 20"
15842715,2026-08-13 06:34:16.056021,0.089525,15842715,quotes_shared.public.mv_tbl__quotes_daily__0,1,843706,819733,0,0,0,0,0.0080,30,33,0,0,"SELECT sym, pct_range FROM ( SELECT sym, (MAX(bp_max) - MIN(bp_min)) / MIN(bp_min) * 100 AS pct_range FROM quotes_daily GROUP BY sym ) t ORDER BY ABS(pct_range) DESC LIMIT 20"
15842722,2026-08-13 06:34:16.690677,0.425334,15842722,,0,0,2895,0,0,0,0,0.3503,54,21,0,0,"SELECT day, SUM(n_quotes) AS total_quotes, SUM(bs_sum) + SUM(as_sum) AS total_volume, SUM(spread_sum) / SUM(n_quotes) AS avg_spread FROM quotes_daily GROUP BY day ORDER BY day"
15842722,2026-08-13 06:34:16.690677,0.425334,15842722,quotes_shared.public.mv_tbl__quotes_daily__0,1,843706,819733,0,0,0,0,0.3472,38,42,0,0,"SELECT day, SUM(n_quotes) AS total_quotes, SUM(bs_sum) + SUM(as_sum) AS total_volume, SUM(spread_sum) / SUM(n_quotes) AS avg_spread FROM quotes_daily GROUP BY day ORDER BY day"
16045765,2026-08-13 06:44:07.250718,4.404569,16045765,,0,0,65,0,0,0,0,0.0027,0,23,0,0,"SELECT COALESCE(SUM(n_quotes), 0) FROM quotes_daily"
16045765,2026-08-13 06:44:07.250718,4.404569,16045765,quotes_shared.public.mv_tbl__quotes_daily__0,1,854008,830029,0,0,0,0,1.2973,39,37,0,0,"SELECT COALESCE(SUM(n_quotes), 0) FROM quotes_daily"
16045770,2026-08-13 06:44:11.657089,0.073833,16045770,,0,0,65,0,0,0,0,0.0025,0,28,0,0,SELECT COUNT(*) FROM quotes_daily
16045770,2026-08-13 06:44:11.657089,0.073833,16045770,quotes_shared.public.mv_tbl__quotes_daily__0,1,853885,830029,0,0,0,0,0.0018,36,29,0,0,SELECT COUNT(*) FROM quotes_daily
16045773,2026-08-13 06:44:11.732608,2.67931,16045773,,0,0,65,0,0,0,0,0.0027,0,25,0,0,"SELECT COUNT(*) AS days_traded, SUM(n_quotes) AS total_quotes, MIN(bp_min) AS lowest_bid, MAX(bp_max) AS highest_bid, MIN(ap_min) AS lowest_ask, MAX(ap_max) AS highest_ask, SUM(spread_sum) / SUM(n_quotes) AS avg_spread, SUM(bs_sum) AS total_bid_volum"
16045773,2026-08-13 06:44:11.732608,2.67931,16045773,quotes_shared.public.mv_tbl__quotes_daily__0,1,853961,73,0,0,0,0,2.5992,71,34,0,0,"SELECT COUNT(*) AS days_traded, SUM(n_quotes) AS total_quotes, MIN(bp_min) AS lowest_bid, MAX(bp_max) AS highest_bid, MIN(ap_min) AS lowest_ask, MAX(ap_max) AS highest_ask, SUM(spread_sum) / SUM(n_quotes) AS avg_spread, SUM(bs_sum) AS total_bid_volum"
16045780,2026-08-13 06:44:15.273160,0.407029,16045780,,0,0,232,0,0,0,0,0.3210,91,18,0,0,"SELECT sym, COUNT(*) AS days_traded, SUM(n_quotes) AS total_quotes, MIN(bp_min) AS lowest_bid, MAX(bp_max) AS highest_bid, SUM(spread_sum) / SUM(n_quotes) AS avg_spread FROM quotes_daily WHERE sym IN ('AAPL', 'MSFT', 'GOOGL', 'AMZN', 'TSLA', 'META', "
16045780,2026-08-13 06:44:15.273160,0.407029,16045780,quotes_shared.public.mv_tbl__quotes_daily__0,1,854008,584,0,0,0,0,0.3155,50,93,0,0,"SELECT sym, COUNT(*) AS days_traded, SUM(n_quotes) AS total_quotes, MIN(bp_min) AS lowest_bid, MAX(bp_max) AS highest_bid, SUM(spread_sum) / SUM(n_quotes) AS avg_spread FROM quotes_daily WHERE sym IN ('AAPL', 'MSFT', 'GOOGL', 'AMZN', 'TSLA', 'META', "
16045787,2026-08-13 06:44:16.255488,0.09351,16045787,,0,0,313532,0,0,0,0,0.0157,13,24,0,0,"SELECT sym, pct_range FROM ( SELECT sym, (MAX(bp_max) - MIN(bp_min)) / MIN(bp_min) * 100 AS pct_range FROM quotes_daily GROUP BY sym ) t ORDER BY ABS(pct_range) DESC LIMIT 20"
16045787,2026-08-13 06:44:16.255488,0.09351,16045787,quotes_shared.public.mv_tbl__quotes_daily__0,1,854008,830029,0,0,0,0,0.0118,26,47,0,0,"SELECT sym, pct_range FROM ( SELECT sym, (MAX(bp_max) - MIN(bp_min)) / MIN(bp_min) * 100 AS pct_range FROM quotes_daily GROUP BY sym ) t ORDER BY ABS(pct_range) DESC LIMIT 20"
16045794,2026-08-13 06:44:16.902627,0.439295,16045794,,0,0,2928,0,0,0,0,0.3658,53,17,0,0,"SELECT day, SUM(n_quotes) AS total_quotes, SUM(bs_sum) + SUM(as_sum) AS total_volume, SUM(spread_sum) / SUM(n_quotes) AS avg_spread FROM quotes_daily GROUP BY day ORDER BY day"
16045794,2026-08-13 06:44:16.902627,0.439295,16045794,quotes_shared.public.mv_tbl__quotes_daily__0,1,854008,830029,0,0,0,0,0.3611,40,40,0,0,"SELECT day, SUM(n_quotes) AS total_quotes, SUM(bs_sum) + SUM(as_sum) AS total_volume, SUM(spread_sum) / SUM(n_quotes) AS avg_spread FROM quotes_daily GROUP BY day ORDER BY day"
16248840,2026-08-13 06:54:07.838173,2.776906,16248840,,0,0,65,0,0,0,0,0.0052,0,82,0,0,"SELECT COALESCE(SUM(n_quotes), 0) FROM quotes_daily"
16248840,2026-08-13 06:54:07.838173,2.776906,16248840,quotes_shared.public.mv_tbl__quotes_daily__0,1,873040,845469,0,0,0,0,0.6888,66,39,0,0,"SELECT COALESCE(SUM(n_quotes), 0) FROM quotes_daily"
16248837,2026-08-13 06:54:07.838174,2.776859,16248837,,0,0,65,0,0,0,0,0.0042,0,24,0,0,"SELECT COALESCE(SUM(n_quotes), 0) FROM quotes_daily"
16248837,2026-08-13 06:54:07.838174,2.776859,16248837,quotes_shared.public.mv_tbl__quotes_daily__0,1,873040,845469,0,0,0,0,0.7869,66,34,0,0,"SELECT COALESCE(SUM(n_quotes), 0) FROM quotes_daily"
16248844,2026-08-13 06:54:10.616934,0.099295,16248844,,0,0,65,0,0,0,0,0.0031,0,28,0,0,SELECT COUNT(*) FROM quotes_daily
16248844,2026-08-13 06:54:10.616934,0.099295,16248844,quotes_shared.public.mv_tbl__quotes_daily__0,1,872301,845469,0,0,0,0,0.0031,59,46,0,0,SELECT COUNT(*) FROM quotes_daily
16248843,2026-08-13 06:54:10.616948,0.098938,16248843,,0,0,65,0,0,0,0,0.0027,0,26,0,0,SELECT COUNT(*) FROM quotes_daily
16248843,2026-08-13 06:54:10.616948,0.098938,16248843,quotes_shared.public.mv_tbl__quotes_daily__0,1,872301,845469,0,0,0,0,0.0029,57,39,0,0,SELECT COUNT(*) FROM quotes_daily
16248854,2026-08-13 06:54:10.717792,81.900148,16248854,,0,0,125744184,0,0,0,0,80.0233,43,41,0,0,"WITH src AS ( SELECT DATE_TRUNC('hour', TIMESTAMP 'epoch' + t / 1000 * INTERVAL '1 second') AS hour, bp, bs, ap, t FROM quotes_typed WHERE sym = 'AAPL' ), ranked AS ( SELECT hour, bp, bs, ap, ROW_NUMBER() OVER (PARTITION BY hour ORDER BY t ASC) AS rn"
16248854,2026-08-13 06:54:10.717792,81.900148,16248854,quotes_shared.public.mv_tbl__quotes_typed__0,1,7786288133,41914728,0,0,0,0,79.7176,14,2,0,0,"WITH src AS ( SELECT DATE_TRUNC('hour', TIMESTAMP 'epoch' + t / 1000 * INTERVAL '1 second') AS hour, bp, bs, ap, t FROM quotes_typed WHERE sym = 'AAPL' ), ranked AS ( SELECT hour, bp, bs, ap, ROW_NUMBER() OVER (PARTITION BY hour ORDER BY t ASC) AS rn"
16248849,2026-08-13 06:54:10.717815,4.083522,16248849,,0,0,65,0,0,0,0,0.0158,0,32,0,0,"SELECT COUNT(*) AS days_traded, SUM(n_quotes) AS total_quotes, MIN(bp_min) AS lowest_bid, MAX(bp_max) AS highest_bid, MIN(ap_min) AS lowest_ask, MAX(ap_max) AS highest_ask, SUM(spread_sum) / SUM(n_quotes) AS avg_spread, SUM(bs_sum) AS total_bid_volum"
16248849,2026-08-13 06:54:10.717815,4.083522,16248849,quotes_shared.public.mv_tbl__quotes_daily__0,1,872993,74,0,0,0,0,3.9740,61,13,0,0,"SELECT COUNT(*) AS days_traded, SUM(n_quotes) AS total_quotes, MIN(bp_min) AS lowest_bid, MAX(bp_max) AS highest_bid, MIN(ap_min) AS lowest_ask, MAX(ap_max) AS highest_ask, SUM(spread_sum) / SUM(n_quotes) AS avg_spread, SUM(bs_sum) AS total_bid_volum"
16248861,2026-08-13 06:54:15.799517,2.492056,16248861,,0,0,219,0,0,0,0,1.0023,91,28,0,0,"SELECT sym, COUNT(*) AS days_traded, SUM(n_quotes) AS total_quotes, MIN(bp_min) AS lowest_bid, MAX(bp_max) AS highest_bid, SUM(spread_sum) / SUM(n_quotes) AS avg_spread FROM quotes_daily WHERE sym IN ('AAPL', 'MSFT', 'GOOGL', 'AMZN', 'TSLA', 'META', "
16248861,2026-08-13 06:54:15.799517,2.492056,16248861,quotes_shared.public.mv_tbl__quotes_daily__0,1,882668,592,0,0,0,0,0.9969,68,21,0,0,"SELECT sym, COUNT(*) AS days_traded, SUM(n_quotes) AS total_quotes, MIN(bp_min) AS lowest_bid, MAX(bp_max) AS highest_bid, SUM(spread_sum) / SUM(n_quotes) AS avg_spread FROM quotes_daily WHERE sym IN ('AAPL', 'MSFT', 'GOOGL', 'AMZN', 'TSLA', 'META', "
16248877,2026-08-13 06:54:18.913875,0.114362,16248877,,0,0,304131,0,0,0,0,0.0208,14,59,0,0,"SELECT sym, pct_range FROM ( SELECT sym, (MAX(bp_max) - MIN(bp_min)) / MIN(bp_min) * 100 AS pct_range FROM quotes_daily GROUP BY sym ) t ORDER BY ABS(pct_range) DESC LIMIT 20"
16248877,2026-08-13 06:54:18.913875,0.114362,16248877,quotes_shared.public.mv_tbl__quotes_daily__0,1,882668,845547,0,0,0,0,0.0149,39,53,0,0,"SELECT sym, pct_range FROM ( SELECT sym, (MAX(bp_max) - MIN(bp_min)) / MIN(bp_min) * 100 AS pct_range FROM quotes_daily GROUP BY sym ) t ORDER BY ABS(pct_range) DESC LIMIT 20"
16248884,2026-08-13 06:54:19.918763,0.578408,16248884,,0,0,2986,0,0,0,0,0.4911,52,24,0,0,"SELECT day, SUM(n_quotes) AS total_quotes, SUM(bs_sum) + SUM(as_sum) AS total_volume, SUM(spread_sum) / SUM(n_quotes) AS avg_spread FROM quotes_daily GROUP BY day ORDER BY day"
16248884,2026-08-13 06:54:19.918763,0.578408,16248884,quotes_shared.public.mv_tbl__quotes_daily__0,1,882668,845547,0,0,0,0,0.4866,33,16,0,0,"SELECT day, SUM(n_quotes) AS total_quotes, SUM(bs_sum) + SUM(as_sum) AS total_volume, SUM(spread_sum) / SUM(n_quotes) AS avg_spread FROM quotes_daily GROUP BY day ORDER BY day"
16248923,2026-08-13 06:55:33.201223,383.183353,16248923,,0,0,97,0,0,0,0,0.0580,0,27,0,0,"WITH s AS ( SELECT (ap - bp) AS spread, (bp + ap) / 2.0 AS mid, bs AS bs, ""as"" AS az FROM quotes_typed WHERE sym = 'AAPL' ), agg AS ( SELECT COUNT(*)::float8 AS n, SUM(spread) AS s1, SUM(POWER(spread, 2)) AS s2, SUM(POWER(spread, 3)) AS s3, SUM(POWER"
16248923,2026-08-13 06:55:33.201223,383.183353,16248923,quotes_shared.public.mv_tbl__quotes_typed__0,1,7798137121,41941797,0,0,0,0,381.5630,21,2,0,0,"WITH s AS ( SELECT (ap - bp) AS spread, (bp + ap) / 2.0 AS mid, bs AS bs, ""as"" AS az FROM quotes_typed WHERE sym = 'AAPL' ), agg AS ( SELECT COUNT(*)::float8 AS n, SUM(spread) AS s1, SUM(POWER(spread, 2)) AS s2, SUM(POWER(spread, 3)) AS s3, SUM(POWER"
16249097,2026-08-13 07:01:56.951087,61.11634,16249097,,0,0,126894324,0,0,0,0,54.8725,43,62,0,0,"WITH src AS ( SELECT DATE_TRUNC('hour', TIMESTAMP 'epoch' + payload.t::bigint / 1000 * INTERVAL '1 second') AS hour, payload.bp::float8 AS bp, payload.bs::bigint AS bs, payload.ap::float8 AS ap, payload.t::bigint AS t FROM quotes_streamed WHERE sym ="
16249097,2026-08-13 07:01:56.951087,61.11634,16249097,quotes_shared.public.mv_tbl__quotes_streamed__0,1,12014900757,42298108,0,0,0,0,54.3388,8,5,0,0,"WITH src AS ( SELECT DATE_TRUNC('hour', TIMESTAMP 'epoch' + payload.t::bigint / 1000 * INTERVAL '1 second') AS hour, payload.bp::float8 AS bp, payload.bs::bigint AS bs, payload.ap::float8 AS ap, payload.t::bigint AS t FROM quotes_streamed WHERE sym ="
16249133,2026-08-13 07:02:58.677966,23.057097,16249133,,0,0,97,0,0,0,0,0.0556,0,30,0,0,"WITH s AS ( SELECT (payload.ap::float8 - payload.bp::float8) AS spread, (payload.bp::float8 + payload.ap::float8) / 2.0 AS mid, payload.bs::bigint AS bs, payload.""as""::bigint AS az FROM quotes_streamed WHERE sym = 'AAPL' ), agg AS ( SELECT COUNT(*)::"
16249133,2026-08-13 07:02:58.677966,23.057097,16249133,quotes_shared.public.mv_tbl__quotes_streamed__0,1,12063666025,42347202,0,0,0,0,21.7754,12,19,0,0,"WITH s AS ( SELECT (payload.ap::float8 - payload.bp::float8) AS spread, (payload.bp::float8 + payload.ap::float8) / 2.0 AS mid, payload.bs::bigint AS bs, payload.""as""::bigint AS az FROM quotes_streamed WHERE sym = 'AAPL' ), agg AS ( SELECT COUNT(*)::"
16249167,2026-08-13 07:03:56.847091,2.510096,16249167,,0,0,65,0,0,0,0,0.0019,0,28,0,0,"SELECT COALESCE(SUM(n_quotes), 0) FROM quotes_daily"
16249167,2026-08-13 07:03:56.847091,2.510096,16249167,quotes_shared.public.mv_tbl__quotes_daily__0,1,881488,855732,0,0,0,0,0.9761,36,32,0,0,"SELECT COALESCE(SUM(n_quotes), 0) FROM quotes_daily"
16249170,2026-08-13 07:03:59.358825,0.072307,16249170,,0,0,65,0,0,0,0,0.0018,0,23,0,0,SELECT COUNT(*) FROM quotes_daily
16249170,2026-08-13 07:03:59.358825,0.072307,16249170,quotes_shared.public.mv_tbl__quotes_daily__0,1,881318,855732,0,0,0,0,0.0010,28,12,0,0,SELECT COUNT(*) FROM quotes_daily
16249173,2026-08-13 07:03:59.432825,2.857276,16249173,,0,0,65,0,0,0,0,0.0020,0,33,0,0,"SELECT COUNT(*) AS days_traded, SUM(n_quotes) AS total_quotes, MIN(bp_min) AS lowest_bid, MAX(bp_max) AS highest_bid, MIN(ap_min) AS lowest_ask, MAX(ap_max) AS highest_ask, SUM(spread_sum) / SUM(n_quotes) AS avg_spread, SUM(bs_sum) AS total_bid_volum"
16249173,2026-08-13 07:03:59.432825,2.857276,16249173,quotes_shared.public.mv_tbl__quotes_daily__0,1,881441,75,0,0,0,0,2.7761,60,35,0,0,"SELECT COUNT(*) AS days_traded, SUM(n_quotes) AS total_quotes, MIN(bp_min) AS lowest_bid, MAX(bp_max) AS highest_bid, MIN(ap_min) AS lowest_ask, MAX(ap_max) AS highest_ask, SUM(spread_sum) / SUM(n_quotes) AS avg_spread, SUM(bs_sum) AS total_bid_volum"
16249180,2026-08-13 07:04:02.928075,0.094763,16249180,,0,0,241,0,0,0,0,0.0065,91,25,0,0,"SELECT sym, COUNT(*) AS days_traded, SUM(n_quotes) AS total_quotes, MIN(bp_min) AS lowest_bid, MAX(bp_max) AS highest_bid, SUM(spread_sum) / SUM(n_quotes) AS avg_spread FROM quotes_daily WHERE sym IN ('AAPL', 'MSFT', 'GOOGL', 'AMZN', 'TSLA', 'META', "
16249180,2026-08-13 07:04:02.928075,0.094763,16249180,quotes_shared.public.mv_tbl__quotes_daily__0,1,881488,600,0,0,0,0,0.0039,51,13,0,0,"SELECT sym, COUNT(*) AS days_traded, SUM(n_quotes) AS total_quotes, MIN(bp_min) AS lowest_bid, MAX(bp_max) AS highest_bid, SUM(spread_sum) / SUM(n_quotes) AS avg_spread FROM quotes_daily WHERE sym IN ('AAPL', 'MSFT', 'GOOGL', 'AMZN', 'TSLA', 'META', "
16249187,2026-08-13 07:04:03.721777,0.089984,16249187,,0,0,318013,0,0,0,0,0.0077,14,30,0,0,"SELECT sym, pct_range FROM ( SELECT sym, (MAX(bp_max) - MIN(bp_min)) / MIN(bp_min) * 100 AS pct_range FROM quotes_daily GROUP BY sym ) t ORDER BY ABS(pct_range) DESC LIMIT 20"
16249187,2026-08-13 07:04:03.721777,0.089984,16249187,quotes_shared.public.mv_tbl__quotes_daily__0,1,881488,855732,0,0,0,0,0.0048,25,33,0,0,"SELECT sym, pct_range FROM ( SELECT sym, (MAX(bp_max) - MIN(bp_min)) / MIN(bp_min) * 100 AS pct_range FROM quotes_daily GROUP BY sym ) t ORDER BY ABS(pct_range) DESC LIMIT 20"
16249196,2026-08-13 07:04:04.562338,0.437715,16249196,,0,0,3023,0,0,0,0,0.3587,52,25,0,0,"SELECT day, SUM(n_quotes) AS total_quotes, SUM(bs_sum) + SUM(as_sum) AS total_volume, SUM(spread_sum) / SUM(n_quotes) AS avg_spread FROM quotes_daily GROUP BY day ORDER BY day"
16249196,2026-08-13 07:04:04.562338,0.437715,16249196,quotes_shared.public.mv_tbl__quotes_daily__0,1,881488,855732,0,0,0,0,0.3562,27,31,0,0,"SELECT day, SUM(n_quotes) AS total_quotes, SUM(bs_sum) + SUM(as_sum) AS total_volume, SUM(spread_sum) / SUM(n_quotes) AS avg_spread FROM quotes_daily GROUP BY day ORDER BY day"
16451909,2026-08-13 07:14:06.836433,4.4548,16451909,,0,0,65,0,0,0,0,0.0027,0,32,0,0,"SELECT COALESCE(SUM(n_quotes), 0) FROM quotes_daily"
16451909,2026-08-13 07:14:06.836433,4.4548,16451909,quotes_shared.public.mv_tbl__quotes_daily__0,1,897808,865790,0,0,0,0,1.0284,52,35,0,0,"SELECT COALESCE(SUM(n_quotes), 0) FROM quotes_daily"
16451912,2026-08-13 07:14:11.293001,0.080016,16451912,,0,0,65,0,0,0,0,0.0027,0,37,0,0,SELECT COUNT(*) FROM quotes_daily
16451912,2026-08-13 07:14:11.293001,0.080016,16451912,quotes_shared.public.mv_tbl__quotes_daily__0,1,897499,865790,0,0,0,0,0.0017,40,15,0,0,SELECT COUNT(*) FROM quotes_daily
16451915,2026-08-13 07:14:11.374646,2.730256,16451915,,0,0,65,0,0,0,0,0.0028,0,30,0,0,"SELECT COUNT(*) AS days_traded, SUM(n_quotes) AS total_quotes, MIN(bp_min) AS lowest_bid, MAX(bp_max) AS highest_bid, MIN(ap_min) AS lowest_ask, MAX(ap_max) AS highest_ask, SUM(spread_sum) / SUM(n_quotes) AS avg_spread, SUM(bs_sum) AS total_bid_volum"
16451915,2026-08-13 07:14:11.374646,2.730256,16451915,quotes_shared.public.mv_tbl__quotes_daily__0,1,897761,76,0,0,0,0,2.6416,66,45,0,0,"SELECT COUNT(*) AS days_traded, SUM(n_quotes) AS total_quotes, MIN(bp_min) AS lowest_bid, MAX(bp_max) AS highest_bid, MIN(ap_min) AS lowest_ask, MAX(ap_max) AS highest_ask, SUM(spread_sum) / SUM(n_quotes) AS avg_spread, SUM(bs_sum) AS total_bid_volum"
16451924,2026-08-13 07:14:14.881108,0.408297,16451924,,0,0,235,0,0,0,0,0.3124,91,19,0,0,"SELECT sym, COUNT(*) AS days_traded, SUM(n_quotes) AS total_quotes, MIN(bp_min) AS lowest_bid, MAX(bp_max) AS highest_bid, SUM(spread_sum) / SUM(n_quotes) AS avg_spread FROM quotes_daily WHERE sym IN ('AAPL', 'MSFT', 'GOOGL', 'AMZN', 'TSLA', 'META', "
16451924,2026-08-13 07:14:14.881108,0.408297,16451924,quotes_shared.public.mv_tbl__quotes_daily__0,1,897808,608,0,0,0,0,0.3081,47,92,0,0,"SELECT sym, COUNT(*) AS days_traded, SUM(n_quotes) AS total_quotes, MIN(bp_min) AS lowest_bid, MAX(bp_max) AS highest_bid, SUM(spread_sum) / SUM(n_quotes) AS avg_spread FROM quotes_daily WHERE sym IN ('AAPL', 'MSFT', 'GOOGL', 'AMZN', 'TSLA', 'META', "
16451931,2026-08-13 07:14:15.820079,0.10218,16451931,,0,0,316167,0,0,0,0,0.0133,14,22,0,0,"SELECT sym, pct_range FROM ( SELECT sym, (MAX(bp_max) - MIN(bp_min)) / MIN(bp_min) * 100 AS pct_range FROM quotes_daily GROUP BY sym ) t ORDER BY ABS(pct_range) DESC LIMIT 20"
16451931,2026-08-13 07:14:15.820079,0.10218,16451931,quotes_shared.public.mv_tbl__quotes_daily__0,1,897808,865790,0,0,0,0,0.0090,26,29,0,0,"SELECT sym, pct_range FROM ( SELECT sym, (MAX(bp_max) - MIN(bp_min)) / MIN(bp_min) * 100 AS pct_range FROM quotes_daily GROUP BY sym ) t ORDER BY ABS(pct_range) DESC LIMIT 20"
16451938,2026-08-13 07:14:16.451902,0.470253,16451938,,0,0,3046,0,0,0,0,0.3871,51,51,0,0,"SELECT day, SUM(n_quotes) AS total_quotes, SUM(bs_sum) + SUM(as_sum) AS total_volume, SUM(spread_sum) / SUM(n_quotes) AS avg_spread FROM quotes_daily GROUP BY day ORDER BY day"
16451938,2026-08-13 07:14:16.451902,0.470253,16451938,quotes_shared.public.mv_tbl__quotes_daily__0,1,897808,865790,0,0,0,0,0.3814,41,45,0,0,"SELECT day, SUM(n_quotes) AS total_quotes, SUM(bs_sum) + SUM(as_sum) AS total_volume, SUM(spread_sum) / SUM(n_quotes) AS avg_spread FROM quotes_daily GROUP BY day ORDER BY day"
16654981,2026-08-13 07:24:06.633434,3.072319,16654981,,0,0,65,0,0,0,0,0.0059,0,30,0,0,"SELECT COALESCE(SUM(n_quotes), 0) FROM quotes_daily"
16654981,2026-08-13 07:24:06.633434,3.072319,16654981,quotes_shared.public.mv_tbl__quotes_daily__0,1,894937,866641,0,0,0,0,0.9532,38,28,0,0,"SELECT COALESCE(SUM(n_quotes), 0) FROM quotes_daily"
16654984,2026-08-13 07:24:09.707742,1.665614,16654984,,0,0,65,0,0,0,0,0.0029,0,22,0,0,SELECT COUNT(*) FROM quotes_daily
16654984,2026-08-13 07:24:09.707742,1.665614,16654984,quotes_shared.public.mv_tbl__quotes_daily__0,1,910501,872588,0,0,0,0,0.3641,47,35,0,0,SELECT COUNT(*) FROM quotes_daily
16654987,2026-08-13 07:24:11.375151,2.493213,16654987,,0,0,65,0,0,0,0,0.0026,0,31,0,0,"SELECT COUNT(*) AS days_traded, SUM(n_quotes) AS total_quotes, MIN(bp_min) AS lowest_bid, MAX(bp_max) AS highest_bid, MIN(ap_min) AS lowest_ask, MAX(ap_max) AS highest_ask, SUM(spread_sum) / SUM(n_quotes) AS avg_spread, SUM(bs_sum) AS total_bid_volum"
16654987,2026-08-13 07:24:11.375151,2.493213,16654987,quotes_shared.public.mv_tbl__quotes_daily__0,1,910596,76,0,0,0,0,2.3999,66,29,0,0,"SELECT COUNT(*) AS days_traded, SUM(n_quotes) AS total_quotes, MIN(bp_min) AS lowest_bid, MAX(bp_max) AS highest_bid, MIN(ap_min) AS lowest_ask, MAX(ap_max) AS highest_ask, SUM(spread_sum) / SUM(n_quotes) AS avg_spread, SUM(bs_sum) AS total_bid_volum"
16654994,2026-08-13 07:24:14.667713,0.44051,16654994,,0,0,231,0,0,0,0,0.3412,91,25,0,0,"SELECT sym, COUNT(*) AS days_traded, SUM(n_quotes) AS total_quotes, MIN(bp_min) AS lowest_bid, MAX(bp_max) AS highest_bid, SUM(spread_sum) / SUM(n_quotes) AS avg_spread FROM quotes_daily WHERE sym IN ('AAPL', 'MSFT', 'GOOGL', 'AMZN', 'TSLA', 'META', "
16654994,2026-08-13 07:24:14.667713,0.44051,16654994,quotes_shared.public.mv_tbl__quotes_daily__0,1,910643,608,0,0,0,0,0.3367,55,93,0,0,"SELECT sym, COUNT(*) AS days_traded, SUM(n_quotes) AS total_quotes, MIN(bp_min) AS lowest_bid, MAX(bp_max) AS highest_bid, SUM(spread_sum) / SUM(n_quotes) AS avg_spread FROM quotes_daily WHERE sym IN ('AAPL', 'MSFT', 'GOOGL', 'AMZN', 'TSLA', 'META', "
16655001,2026-08-13 07:24:15.633992,0.107818,16655001,,0,0,318284,0,0,0,0,0.0120,14,46,0,0,"SELECT sym, pct_range FROM ( SELECT sym, (MAX(bp_max) - MIN(bp_min)) / MIN(bp_min) * 100 AS pct_range FROM quotes_daily GROUP BY sym ) t ORDER BY ABS(pct_range) DESC LIMIT 20"
16655001,2026-08-13 07:24:15.633992,0.107818,16655001,quotes_shared.public.mv_tbl__quotes_daily__0,1,910643,872588,0,0,0,0,0.0083,30,32,0,0,"SELECT sym, pct_range FROM ( SELECT sym, (MAX(bp_max) - MIN(bp_min)) / MIN(bp_min) * 100 AS pct_range FROM quotes_daily GROUP BY sym ) t ORDER BY ABS(pct_range) DESC LIMIT 20"
16655010,2026-08-13 07:24:16.288595,0.528565,16655010,,0,0,3081,0,0,0,0,0.4384,51,25,0,0,"SELECT day, SUM(n_quotes) AS total_quotes, SUM(bs_sum) + SUM(as_sum) AS total_volume, SUM(spread_sum) / SUM(n_quotes) AS avg_spread FROM quotes_daily GROUP BY day ORDER BY day"
16655010,2026-08-13 07:24:16.288595,0.528565,16655010,quotes_shared.public.mv_tbl__quotes_daily__0,1,910643,872588,0,0,0,0,0.4347,48,48,0,0,"SELECT day, SUM(n_quotes) AS total_quotes, SUM(bs_sum) + SUM(as_sum) AS total_volume, SUM(spread_sum) / SUM(n_quotes) AS avg_spread FROM quotes_daily GROUP BY day ORDER BY day"
16858053,2026-08-13 07:34:06.862853,4.053088,16858053,,0,0,65,0,0,0,0,0.0029,0,35,0,0,"SELECT COALESCE(SUM(n_quotes), 0) FROM quotes_daily"
16858053,2026-08-13 07:34:06.862853,4.053088,16858053,quotes_shared.public.mv_tbl__quotes_daily__0,1,917386,877022,0,0,0,0,0.9372,51,20,0,0,"SELECT COALESCE(SUM(n_quotes), 0) FROM quotes_daily"
16858056,2026-08-13 07:34:10.917797,0.065962,16858056,,0,0,65,0,0,0,0,0.0024,0,24,0,0,SELECT COUNT(*) FROM quotes_daily
16858056,2026-08-13 07:34:10.917797,0.065962,16858056,quotes_shared.public.mv_tbl__quotes_daily__0,1,917171,877022,0,0,0,0,0.0017,36,21,0,0,SELECT COUNT(*) FROM quotes_daily
16858059,2026-08-13 07:34:10.985321,2.156984,16858059,,0,0,65,0,0,0,0,0.0025,0,32,0,0,"SELECT COUNT(*) AS days_traded, SUM(n_quotes) AS total_quotes, MIN(bp_min) AS lowest_bid, MAX(bp_max) AS highest_bid, MIN(ap_min) AS lowest_ask, MAX(ap_max) AS highest_ask, SUM(spread_sum) / SUM(n_quotes) AS avg_spread, SUM(bs_sum) AS total_bid_volum"
16858059,2026-08-13 07:34:10.985321,2.156984,16858059,quotes_shared.public.mv_tbl__quotes_daily__0,1,917339,77,0,0,0,0,2.0821,73,25,0,0,"SELECT COUNT(*) AS days_traded, SUM(n_quotes) AS total_quotes, MIN(bp_min) AS lowest_bid, MAX(bp_max) AS highest_bid, MIN(ap_min) AS lowest_ask, MAX(ap_max) AS highest_ask, SUM(spread_sum) / SUM(n_quotes) AS avg_spread, SUM(bs_sum) AS total_bid_volum"
16858071,2026-08-13 07:34:21.344750,0.422722,16858071,,0,0,235,0,0,0,0,0.3405,91,80,0,0,"SELECT sym, COUNT(*) AS days_traded, SUM(n_quotes) AS total_quotes, MIN(bp_min) AS lowest_bid, MAX(bp_max) AS highest_bid, SUM(spread_sum) / SUM(n_quotes) AS avg_spread FROM quotes_daily WHERE sym IN ('AAPL', 'MSFT', 'GOOGL', 'AMZN', 'TSLA', 'META', "
16858071,2026-08-13 07:34:21.344750,0.422722,16858071,quotes_shared.public.mv_tbl__quotes_daily__0,1,917386,616,0,0,0,0,0.3335,44,93,0,0,"SELECT sym, COUNT(*) AS days_traded, SUM(n_quotes) AS total_quotes, MIN(bp_min) AS lowest_bid, MAX(bp_max) AS highest_bid, SUM(spread_sum) / SUM(n_quotes) AS avg_spread FROM quotes_daily WHERE sym IN ('AAPL', 'MSFT', 'GOOGL', 'AMZN', 'TSLA', 'META', "
16858084,2026-08-13 07:34:31.421580,0.082596,16858084,,0,0,320895,0,0,0,0,0.0117,14,27,0,0,"SELECT sym, pct_range FROM ( SELECT sym, (MAX(bp_max) - MIN(bp_min)) / MIN(bp_min) * 100 AS pct_range FROM quotes_daily GROUP BY sym ) t ORDER BY ABS(pct_range) DESC LIMIT 20"
16858084,2026-08-13 07:34:31.421580,0.082596,16858084,quotes_shared.public.mv_tbl__quotes_daily__0,1,917386,877022,0,0,0,0,0.0069,12,26,0,0,"SELECT sym, pct_range FROM ( SELECT sym, (MAX(bp_max) - MIN(bp_min)) / MIN(bp_min) * 100 AS pct_range FROM quotes_daily GROUP BY sym ) t ORDER BY ABS(pct_range) DESC LIMIT 20"
16858091,2026-08-13 07:34:35.197771,0.083179,16858091,,0,0,3088,0,0,0,0,0.0168,51,21,0,0,"SELECT day, SUM(n_quotes) AS total_quotes, SUM(bs_sum) + SUM(as_sum) AS total_volume, SUM(spread_sum) / SUM(n_quotes) AS avg_spread FROM quotes_daily GROUP BY day ORDER BY day"
16858091,2026-08-13 07:34:35.197771,0.083179,16858091,quotes_shared.public.mv_tbl__quotes_daily__0,1,917386,877022,0,0,0,0,0.0110,31,11,0,0,"SELECT day, SUM(n_quotes) AS total_quotes, SUM(bs_sum) + SUM(as_sum) AS total_volume, SUM(spread_sum) / SUM(n_quotes) AS avg_spread FROM quotes_daily GROUP BY day ORDER BY day"
17061125,2026-08-13 07:44:07.385519,3.420821,17061125,,0,0,65,0,0,0,0,0.0046,0,27,0,0,"SELECT COALESCE(SUM(n_quotes), 0) FROM quotes_daily"
17061125,2026-08-13 07:44:07.385519,3.420821,17061125,quotes_shared.public.mv_tbl__quotes_daily__0,1,906031,887343,0,0,0,0,1.0716,42,33,0,0,"SELECT COALESCE(SUM(n_quotes), 0) FROM quotes_daily"
17061128,2026-08-13 07:44:10.808234,0.079961,17061128,,0,0,65,0,0,0,0,0.0086,0,24,0,0,SELECT COUNT(*) FROM quotes_daily
17061128,2026-08-13 07:44:10.808234,0.079961,17061128,quotes_shared.public.mv_tbl__quotes_daily__0,1,905688,887343,0,0,0,0,0.0015,35,31,0,0,SELECT COUNT(*) FROM quotes_daily
17061131,2026-08-13 07:44:10.889845,2.590462,17061131,,0,0,65,0,0,0,0,0.0022,0,29,0,0,"SELECT COUNT(*) AS days_traded, SUM(n_quotes) AS total_quotes, MIN(bp_min) AS lowest_bid, MAX(bp_max) AS highest_bid, MIN(ap_min) AS lowest_ask, MAX(ap_max) AS highest_ask, SUM(spread_sum) / SUM(n_quotes) AS avg_spread, SUM(bs_sum) AS total_bid_volum"
17061131,2026-08-13 07:44:10.889845,2.590462,17061131,quotes_shared.public.mv_tbl__quotes_daily__0,1,905984,78,0,0,0,0,2.5112,65,31,0,0,"SELECT COUNT(*) AS days_traded, SUM(n_quotes) AS total_quotes, MIN(bp_min) AS lowest_bid, MAX(bp_max) AS highest_bid, MIN(ap_min) AS lowest_ask, MAX(ap_max) AS highest_ask, SUM(spread_sum) / SUM(n_quotes) AS avg_spread, SUM(bs_sum) AS total_bid_volum"
17061138,2026-08-13 07:44:14.267854,0.388961,17061138,,0,0,232,0,0,0,0,0.3010,91,18,0,0,"SELECT sym, COUNT(*) AS days_traded, SUM(n_quotes) AS total_quotes, MIN(bp_min) AS lowest_bid, MAX(bp_max) AS highest_bid, SUM(spread_sum) / SUM(n_quotes) AS avg_spread FROM quotes_daily WHERE sym IN ('AAPL', 'MSFT', 'GOOGL', 'AMZN', 'TSLA', 'META', "
17061138,2026-08-13 07:44:14.267854,0.388961,17061138,quotes_shared.public.mv_tbl__quotes_daily__0,1,906031,624,0,0,0,0,0.2971,51,92,0,0,"SELECT sym, COUNT(*) AS days_traded, SUM(n_quotes) AS total_quotes, MIN(bp_min) AS lowest_bid, MAX(bp_max) AS highest_bid, SUM(spread_sum) / SUM(n_quotes) AS avg_spread FROM quotes_daily WHERE sym IN ('AAPL', 'MSFT', 'GOOGL', 'AMZN', 'TSLA', 'META', "
17061145,2026-08-13 07:44:15.205972,0.089703,17061145,,0,0,321129,0,0,0,0,0.0100,14,29,0,0,"SELECT sym, pct_range FROM ( SELECT sym, (MAX(bp_max) - MIN(bp_min)) / MIN(bp_min) * 100 AS pct_range FROM quotes_daily GROUP BY sym ) t ORDER BY ABS(pct_range) DESC LIMIT 20"
17061145,2026-08-13 07:44:15.205972,0.089703,17061145,quotes_shared.public.mv_tbl__quotes_daily__0,1,906031,887343,0,0,0,0,0.0063,24,31,0,0,"SELECT sym, pct_range FROM ( SELECT sym, (MAX(bp_max) - MIN(bp_min)) / MIN(bp_min) * 100 AS pct_range FROM quotes_daily GROUP BY sym ) t ORDER BY ABS(pct_range) DESC LIMIT 20"
17061152,2026-08-13 07:44:15.849750,0.437422,17061152,,0,0,3117,0,0,0,0,0.3620,50,27,0,0,"SELECT day, SUM(n_quotes) AS total_quotes, SUM(bs_sum) + SUM(as_sum) AS total_volume, SUM(spread_sum) / SUM(n_quotes) AS avg_spread FROM quotes_daily GROUP BY day ORDER BY day"
17061152,2026-08-13 07:44:15.849750,0.437422,17061152,quotes_shared.public.mv_tbl__quotes_daily__0,1,906031,887343,0,0,0,0,0.3584,46,36,0,0,"SELECT day, SUM(n_quotes) AS total_quotes, SUM(bs_sum) + SUM(as_sum) AS total_volume, SUM(spread_sum) / SUM(n_quotes) AS avg_spread FROM quotes_daily GROUP BY day ORDER BY day"
17264199,2026-08-13 07:54:08.354682,3.166607,17264199,,0,0,65,0,0,0,0,0.0083,0,74,0,0,"SELECT COALESCE(SUM(n_quotes), 0) FROM quotes_daily"
17264199,2026-08-13 07:54:08.354682,3.166607,17264199,quotes_shared.public.mv_tbl__quotes_daily__0,1,932764,902944,0,0,0,0,0.7799,54,43,0,0,"SELECT COALESCE(SUM(n_quotes), 0) FROM quotes_daily"
17264197,2026-08-13 07:54:08.354685,3.16661,17264197,,0,0,65,0,0,0,0,0.0089,0,78,0,0,"SELECT COALESCE(SUM(n_quotes), 0) FROM quotes_daily"
17264197,2026-08-13 07:54:08.354685,3.16661,17264197,quotes_shared.public.mv_tbl__quotes_daily__0,1,932764,902944,0,0,0,0,0.9209,47,37,0,0,"SELECT COALESCE(SUM(n_quotes), 0) FROM quotes_daily"
17264203,2026-08-13 07:54:11.523057,0.082109,17264203,,0,0,65,0,0,0,0,0.0041,0,19,0,0,SELECT COUNT(*) FROM quotes_daily
17264203,2026-08-13 07:54:11.523057,0.082109,17264203,quotes_shared.public.mv_tbl__quotes_daily__0,1,932748,902944,0,0,0,0,0.0033,58,61,0,0,SELECT COUNT(*) FROM quotes_daily
17264204,2026-08-13 07:54:11.523190,0.096658,17264204,,0,0,65,0,0,0,0,0.0039,0,25,0,0,SELECT COUNT(*) FROM quotes_daily
17264204,2026-08-13 07:54:11.523190,0.096658,17264204,quotes_shared.public.mv_tbl__quotes_daily__0,1,932748,902944,0,0,0,0,0.0028,57,13,0,0,SELECT COUNT(*) FROM quotes_daily
17264209,2026-08-13 07:54:11.607090,4.90167,17264209,,0,0,65,0,0,0,0,0.0046,0,39,0,0,"SELECT COUNT(*) AS days_traded, SUM(n_quotes) AS total_quotes, MIN(bp_min) AS lowest_bid, MAX(bp_max) AS highest_bid, MIN(ap_min) AS lowest_ask, MAX(ap_max) AS highest_ask, SUM(spread_sum) / SUM(n_quotes) AS avg_spread, SUM(bs_sum) AS total_bid_volum"
17264209,2026-08-13 07:54:11.607090,4.90167,17264209,quotes_shared.public.mv_tbl__quotes_daily__0,1,932717,79,0,0,0,0,4.8209,79,17,0,0,"SELECT COUNT(*) AS days_traded, SUM(n_quotes) AS total_quotes, MIN(bp_min) AS lowest_bid, MAX(bp_max) AS highest_bid, MIN(ap_min) AS lowest_ask, MAX(ap_max) AS highest_ask, SUM(spread_sum) / SUM(n_quotes) AS avg_spread, SUM(bs_sum) AS total_bid_volum"
17264212,2026-08-13 07:54:11.621504,96.422819,17264212,,0,0,136418604,0,0,0,0,94.4866,38,40,0,0,"WITH src AS ( SELECT DATE_TRUNC('hour', TIMESTAMP 'epoch' + t / 1000 * INTERVAL '1 second') AS hour, bp, bs, ap, t FROM quotes_typed WHERE sym = 'AAPL' ), ranked AS ( SELECT hour, bp, bs, ap, ROW_NUMBER() OVER (PARTITION BY hour ORDER BY t ASC) AS rn"
17264212,2026-08-13 07:54:11.621504,96.422819,17264212,quotes_shared.public.mv_tbl__quotes_typed__0,1,9143055418,45472868,0,0,0,0,94.1699,18,2,0,0,"WITH src AS ( SELECT DATE_TRUNC('hour', TIMESTAMP 'epoch' + t / 1000 * INTERVAL '1 second') AS hour, bp, bs, ap, t FROM quotes_typed WHERE sym = 'AAPL' ), ranked AS ( SELECT hour, bp, bs, ap, ROW_NUMBER() OVER (PARTITION BY hour ORDER BY t ASC) AS rn"
17264220,2026-08-13 07:54:17.321077,0.429836,17264220,,0,0,226,0,0,0,0,0.3303,91,27,0,0,"SELECT sym, COUNT(*) AS days_traded, SUM(n_quotes) AS total_quotes, MIN(bp_min) AS lowest_bid, MAX(bp_max) AS highest_bid, SUM(spread_sum) / SUM(n_quotes) AS avg_spread FROM quotes_daily WHERE sym IN ('AAPL', 'MSFT', 'GOOGL', 'AMZN', 'TSLA', 'META', "
17264220,2026-08-13 07:54:17.321077,0.429836,17264220,quotes_shared.public.mv_tbl__quotes_daily__0,1,932764,632,0,0,0,0,0.3236,52,92,0,0,"SELECT sym, COUNT(*) AS days_traded, SUM(n_quotes) AS total_quotes, MIN(bp_min) AS lowest_bid, MAX(bp_max) AS highest_bid, SUM(spread_sum) / SUM(n_quotes) AS avg_spread FROM quotes_daily WHERE sym IN ('AAPL', 'MSFT', 'GOOGL', 'AMZN', 'TSLA', 'META', "
17264231,2026-08-13 07:54:19.927556,0.520085,17264231,,0,0,316562,0,0,0,0,0.2608,14,70,0,0,"SELECT sym, pct_range FROM ( SELECT sym, (MAX(bp_max) - MIN(bp_min)) / MIN(bp_min) * 100 AS pct_range FROM quotes_daily GROUP BY sym ) t ORDER BY ABS(pct_range) DESC LIMIT 20"
17264231,2026-08-13 07:54:19.927556,0.520085,17264231,quotes_shared.public.mv_tbl__quotes_daily__0,1,932764,902944,0,0,0,0,0.0100,38,40,0,0,"SELECT sym, pct_range FROM ( SELECT sym, (MAX(bp_max) - MIN(bp_min)) / MIN(bp_min) * 100 AS pct_range FROM quotes_daily GROUP BY sym ) t ORDER BY ABS(pct_range) DESC LIMIT 20"
17264238,2026-08-13 07:54:21.320432,0.548449,17264238,,0,0,3184,0,0,0,0,0.4343,49,61,0,0,"SELECT day, SUM(n_quotes) AS total_quotes, SUM(bs_sum) + SUM(as_sum) AS total_volume, SUM(spread_sum) / SUM(n_quotes) AS avg_spread FROM quotes_daily GROUP BY day ORDER BY day"
17264238,2026-08-13 07:54:21.320432,0.548449,17264238,quotes_shared.public.mv_tbl__quotes_daily__0,1,932764,902944,0,0,0,0,0.4246,38,44,0,0,"SELECT day, SUM(n_quotes) AS total_quotes, SUM(bs_sum) + SUM(as_sum) AS total_volume, SUM(spread_sum) / SUM(n_quotes) AS avg_spread FROM quotes_daily GROUP BY day ORDER BY day"
17264287,2026-08-13 07:55:48.631747,372.57452,17264287,,0,0,97,0,0,0,0,0.0594,0,31,0,0,"WITH s AS ( SELECT (ap - bp) AS spread, (bp + ap) / 2.0 AS mid, bs AS bs, ""as"" AS az FROM quotes_typed WHERE sym = 'AAPL' ), agg AS ( SELECT COUNT(*)::float8 AS n, SUM(spread) AS s1, SUM(POWER(spread, 2)) AS s2, SUM(POWER(spread, 3)) AS s3, SUM(POWER"
17264287,2026-08-13 07:55:48.631747,372.57452,17264287,quotes_shared.public.mv_tbl__quotes_typed__0,1,9188221198,45576941,0,0,0,0,370.6652,30,0,0,0,"WITH s AS ( SELECT (ap - bp) AS spread, (bp + ap) / 2.0 AS mid, bs AS bs, ""as"" AS az FROM quotes_typed WHERE sym = 'AAPL' ), agg AS ( SELECT COUNT(*)::float8 AS n, SUM(spread) AS s1, SUM(POWER(spread, 2)) AS s2, SUM(POWER(spread, 3)) AS s3, SUM(POWER"
17264461,2026-08-13 08:02:01.767892,70.692557,17264461,,0,0,137582307,0,0,0,0,66.6032,38,60,0,0,"WITH src AS ( SELECT DATE_TRUNC('hour', TIMESTAMP 'epoch' + payload.t::bigint / 1000 * INTERVAL '1 second') AS hour, payload.bp::float8 AS bp, payload.bs::bigint AS bs, payload.ap::float8 AS ap, payload.t::bigint AS t FROM quotes_streamed WHERE sym ="
17264461,2026-08-13 08:02:01.767892,70.692557,17264461,quotes_shared.public.mv_tbl__quotes_streamed__0,1,15616542952,45860769,0,0,0,0,66.0622,13,1,0,0,"WITH src AS ( SELECT DATE_TRUNC('hour', TIMESTAMP 'epoch' + payload.t::bigint / 1000 * INTERVAL '1 second') AS hour, payload.bp::float8 AS bp, payload.bs::bigint AS bs, payload.ap::float8 AS ap, payload.t::bigint AS t FROM quotes_streamed WHERE sym ="
17264503,2026-08-13 08:03:13.002381,31.326022,17264503,,0,0,97,0,0,0,0,0.0578,0,26,0,0,"WITH s AS ( SELECT (payload.ap::float8 - payload.bp::float8) AS spread, (payload.bp::float8 + payload.ap::float8) / 2.0 AS mid, payload.bs::bigint AS bs, payload.""as""::bigint AS az FROM quotes_streamed WHERE sym = 'AAPL' ), agg AS ( SELECT COUNT(*)::"
17264503,2026-08-13 08:03:13.002381,31.326022,17264503,quotes_shared.public.mv_tbl__quotes_streamed__0,1,15682692233,45895539,0,0,0,0,29.8882,9,2,0,0,"WITH s AS ( SELECT (payload.ap::float8 - payload.bp::float8) AS spread, (payload.bp::float8 + payload.ap::float8) / 2.0 AS mid, payload.bs::bigint AS bs, payload.""as""::bigint AS az FROM quotes_streamed WHERE sym = 'AAPL' ), agg AS ( SELECT COUNT(*)::"
17264529,2026-08-13 08:03:56.853305,2.368889,17264529,,0,0,65,0,0,0,0,0.0022,0,31,0,0,"SELECT COALESCE(SUM(n_quotes), 0) FROM quotes_daily"
17264529,2026-08-13 08:03:56.853305,2.368889,17264529,quotes_shared.public.mv_tbl__quotes_daily__0,1,940064,913112,0,0,0,0,0.9919,33,35,0,0,"SELECT COALESCE(SUM(n_quotes), 0) FROM quotes_daily"
17264532,2026-08-13 08:03:59.223972,0.070074,17264532,,0,0,65,0,0,0,0,0.0020,0,21,0,0,SELECT COUNT(*) FROM quotes_daily
17264532,2026-08-13 08:03:59.223972,0.070074,17264532,quotes_shared.public.mv_tbl__quotes_daily__0,1,940064,913112,0,0,0,0,0.0012,40,13,0,0,SELECT COUNT(*) FROM quotes_daily
17264535,2026-08-13 08:03:59.295826,2.494378,17264535,,0,0,65,0,0,0,0,0.0026,0,30,0,0,"SELECT COUNT(*) AS days_traded, SUM(n_quotes) AS total_quotes, MIN(bp_min) AS lowest_bid, MAX(bp_max) AS highest_bid, MIN(ap_min) AS lowest_ask, MAX(ap_max) AS highest_ask, SUM(spread_sum) / SUM(n_quotes) AS avg_spread, SUM(bs_sum) AS total_bid_volum"
17264535,2026-08-13 08:03:59.295826,2.494378,17264535,quotes_shared.public.mv_tbl__quotes_daily__0,1,940017,80,0,0,0,0,2.4158,64,31,0,0,"SELECT COUNT(*) AS days_traded, SUM(n_quotes) AS total_quotes, MIN(bp_min) AS lowest_bid, MAX(bp_max) AS highest_bid, MIN(ap_min) AS lowest_ask, MAX(ap_max) AS highest_ask, SUM(spread_sum) / SUM(n_quotes) AS avg_spread, SUM(bs_sum) AS total_bid_volum"
17264544,2026-08-13 08:04:02.354927,0.094246,17264544,,0,0,240,0,0,0,0,0.0070,91,30,0,0,"SELECT sym, COUNT(*) AS days_traded, SUM(n_quotes) AS total_quotes, MIN(bp_min) AS lowest_bid, MAX(bp_max) AS highest_bid, SUM(spread_sum) / SUM(n_quotes) AS avg_spread FROM quotes_daily WHERE sym IN ('AAPL', 'MSFT', 'GOOGL', 'AMZN', 'TSLA', 'META', "
17264544,2026-08-13 08:04:02.354927,0.094246,17264544,quotes_shared.public.mv_tbl__quotes_daily__0,1,940064,640,0,0,0,0,0.0037,42,15,0,0,"SELECT sym, COUNT(*) AS days_traded, SUM(n_quotes) AS total_quotes, MIN(bp_min) AS lowest_bid, MAX(bp_max) AS highest_bid, SUM(spread_sum) / SUM(n_quotes) AS avg_spread FROM quotes_daily WHERE sym IN ('AAPL', 'MSFT', 'GOOGL', 'AMZN', 'TSLA', 'META', "
17264551,2026-08-13 08:04:02.988244,0.088564,17264551,,0,0,324219,0,0,0,0,0.0086,14,30,0,0,"SELECT sym, pct_range FROM ( SELECT sym, (MAX(bp_max) - MIN(bp_min)) / MIN(bp_min) * 100 AS pct_range FROM quotes_daily GROUP BY sym ) t ORDER BY ABS(pct_range) DESC LIMIT 20"
17264551,2026-08-13 08:04:02.988244,0.088564,17264551,quotes_shared.public.mv_tbl__quotes_daily__0,1,940064,913112,0,0,0,0,0.0056,13,40,0,0,"SELECT sym, pct_range FROM ( SELECT sym, (MAX(bp_max) - MIN(bp_min)) / MIN(bp_min) * 100 AS pct_range FROM quotes_daily GROUP BY sym ) t ORDER BY ABS(pct_range) DESC LIMIT 20"
17264558,2026-08-13 08:04:03.642637,0.441211,17264558,,0,0,3219,0,0,0,0,0.3614,49,26,0,0,"SELECT day, SUM(n_quotes) AS total_quotes, SUM(bs_sum) + SUM(as_sum) AS total_volume, SUM(spread_sum) / SUM(n_quotes) AS avg_spread FROM quotes_daily GROUP BY day ORDER BY day"
17264558,2026-08-13 08:04:03.642637,0.441211,17264558,quotes_shared.public.mv_tbl__quotes_daily__0,1,940064,913112,0,0,0,0,0.3583,25,40,0,0,"SELECT day, SUM(n_quotes) AS total_quotes, SUM(bs_sum) + SUM(as_sum) AS total_volume, SUM(spread_sum) / SUM(n_quotes) AS avg_spread FROM quotes_daily GROUP BY day ORDER BY day"
17467269,2026-08-13 08:14:07.745572,3.399277,17467269,,0,0,65,0,0,0,0,0.0026,0,32,0,0,"SELECT COALESCE(SUM(n_quotes), 0) FROM quotes_daily"
17467269,2026-08-13 08:14:07.745572,3.399277,17467269,quotes_shared.public.mv_tbl__quotes_daily__0,1,944940,923082,0,0,0,0,1.0837,39,28,0,0,"SELECT COALESCE(SUM(n_quotes), 0) FROM quotes_daily"
17467272,2026-08-13 08:14:11.146941,0.089502,17467272,,0,0,65,0,0,0,0,0.0023,0,32,0,0,SELECT COUNT(*) FROM quotes_daily
17467272,2026-08-13 08:14:11.146941,0.089502,17467272,quotes_shared.public.mv_tbl__quotes_daily__0,1,944940,923082,0,0,0,0,0.0064,49,30,0,0,SELECT COUNT(*) FROM quotes_daily
17467275,2026-08-13 08:14:11.238142,2.01993,17467275,,0,0,65,0,0,0,0,0.0021,0,34,0,0,"SELECT COUNT(*) AS days_traded, SUM(n_quotes) AS total_quotes, MIN(bp_min) AS lowest_bid, MAX(bp_max) AS highest_bid, MIN(ap_min) AS lowest_ask, MAX(ap_max) AS highest_ask, SUM(spread_sum) / SUM(n_quotes) AS avg_spread, SUM(bs_sum) AS total_bid_volum"
17467275,2026-08-13 08:14:11.238142,2.01993,17467275,quotes_shared.public.mv_tbl__quotes_daily__0,1,944893,81,0,0,0,0,1.9294,63,10,0,0,"SELECT COUNT(*) AS days_traded, SUM(n_quotes) AS total_quotes, MIN(bp_min) AS lowest_bid, MAX(bp_max) AS highest_bid, MIN(ap_min) AS lowest_ask, MAX(ap_max) AS highest_ask, SUM(spread_sum) / SUM(n_quotes) AS avg_spread, SUM(bs_sum) AS total_bid_volum"
17467282,2026-08-13 08:14:14.107133,0.406198,17467282,,0,0,240,0,0,0,0,0.3058,91,26,0,0,"SELECT sym, COUNT(*) AS days_traded, SUM(n_quotes) AS total_quotes, MIN(bp_min) AS lowest_bid, MAX(bp_max) AS highest_bid, SUM(spread_sum) / SUM(n_quotes) AS avg_spread FROM quotes_daily WHERE sym IN ('AAPL', 'MSFT', 'GOOGL', 'AMZN', 'TSLA', 'META', "
17467282,2026-08-13 08:14:14.107133,0.406198,17467282,quotes_shared.public.mv_tbl__quotes_daily__0,1,944940,648,0,0,0,0,0.3018,46,93,0,0,"SELECT sym, COUNT(*) AS days_traded, SUM(n_quotes) AS total_quotes, MIN(bp_min) AS lowest_bid, MAX(bp_max) AS highest_bid, SUM(spread_sum) / SUM(n_quotes) AS avg_spread FROM quotes_daily WHERE sym IN ('AAPL', 'MSFT', 'GOOGL', 'AMZN', 'TSLA', 'META', "
17467289,2026-08-13 08:14:15.051195,0.105369,17467289,,0,0,324169,0,0,0,0,0.0112,14,34,0,0,"SELECT sym, pct_range FROM ( SELECT sym, (MAX(bp_max) - MIN(bp_min)) / MIN(bp_min) * 100 AS pct_range FROM quotes_daily GROUP BY sym ) t ORDER BY ABS(pct_range) DESC LIMIT 20"
17467289,2026-08-13 08:14:15.051195,0.105369,17467289,quotes_shared.public.mv_tbl__quotes_daily__0,1,944940,923082,0,0,0,0,0.0080,26,50,0,0,"SELECT sym, pct_range FROM ( SELECT sym, (MAX(bp_max) - MIN(bp_min)) / MIN(bp_min) * 100 AS pct_range FROM quotes_daily GROUP BY sym ) t ORDER BY ABS(pct_range) DESC LIMIT 20"
17467296,2026-08-13 08:14:15.687415,0.480939,17467296,,0,0,3247,0,0,0,0,0.3922,48,21,0,0,"SELECT day, SUM(n_quotes) AS total_quotes, SUM(bs_sum) + SUM(as_sum) AS total_volume, SUM(spread_sum) / SUM(n_quotes) AS avg_spread FROM quotes_daily GROUP BY day ORDER BY day"
17467296,2026-08-13 08:14:15.687415,0.480939,17467296,quotes_shared.public.mv_tbl__quotes_daily__0,1,944940,923082,0,0,0,0,0.3888,41,34,0,0,"SELECT day, SUM(n_quotes) AS total_quotes, SUM(bs_sum) + SUM(as_sum) AS total_volume, SUM(spread_sum) / SUM(n_quotes) AS avg_spread FROM quotes_daily GROUP BY day ORDER BY day"
17670341,2026-08-13 08:24:06.931129,2.990753,17670341,,0,0,65,0,0,0,0,0.0058,0,21,0,0,"SELECT COALESCE(SUM(n_quotes), 0) FROM quotes_daily"
17670341,2026-08-13 08:24:06.931129,2.990753,17670341,quotes_shared.public.mv_tbl__quotes_daily__0,1,955993,924265,0,0,0,0,0.8003,38,23,0,0,"SELECT COALESCE(SUM(n_quotes), 0) FROM quotes_daily"
17670344,2026-08-13 08:24:09.923948,0.121018,17670344,,0,0,65,0,0,0,0,0.0089,0,24,0,0,SELECT COUNT(*) FROM quotes_daily
17670344,2026-08-13 08:24:09.923948,0.121018,17670344,quotes_shared.public.mv_tbl__quotes_daily__0,1,955602,924265,0,0,0,0,0.0042,53,36,0,0,SELECT COUNT(*) FROM quotes_daily
17670347,2026-08-13 08:24:10.046948,2.023002,17670347,,0,0,65,0,0,0,0,0.0023,0,23,0,0,"SELECT COUNT(*) AS days_traded, SUM(n_quotes) AS total_quotes, MIN(bp_min) AS lowest_bid, MAX(bp_max) AS highest_bid, MIN(ap_min) AS lowest_ask, MAX(ap_max) AS highest_ask, SUM(spread_sum) / SUM(n_quotes) AS avg_spread, SUM(bs_sum) AS total_bid_volum"
17670347,2026-08-13 08:24:10.046948,2.023002,17670347,quotes_shared.public.mv_tbl__quotes_daily__0,1,955946,81,0,0,0,0,1.8972,68,22,0,0,"SELECT COUNT(*) AS days_traded, SUM(n_quotes) AS total_quotes, MIN(bp_min) AS lowest_bid, MAX(bp_max) AS highest_bid, MIN(ap_min) AS lowest_ask, MAX(ap_max) AS highest_ask, SUM(spread_sum) / SUM(n_quotes) AS avg_spread, SUM(bs_sum) AS total_bid_volum"
17670354,2026-08-13 08:24:12.895706,0.409112,17670354,,0,0,238,0,0,0,0,0.3074,91,18,0,0,"SELECT sym, COUNT(*) AS days_traded, SUM(n_quotes) AS total_quotes, MIN(bp_min) AS lowest_bid, MAX(bp_max) AS highest_bid, SUM(spread_sum) / SUM(n_quotes) AS avg_spread FROM quotes_daily WHERE sym IN ('AAPL', 'MSFT', 'GOOGL', 'AMZN', 'TSLA', 'META', "
17670354,2026-08-13 08:24:12.895706,0.409112,17670354,quotes_shared.public.mv_tbl__quotes_daily__0,1,955993,648,0,0,0,0,0.3029,51,92,0,0,"SELECT sym, COUNT(*) AS days_traded, SUM(n_quotes) AS total_quotes, MIN(bp_min) AS lowest_bid, MAX(bp_max) AS highest_bid, SUM(spread_sum) / SUM(n_quotes) AS avg_spread FROM quotes_daily WHERE sym IN ('AAPL', 'MSFT', 'GOOGL', 'AMZN', 'TSLA', 'META', "
17670361,2026-08-13 08:24:13.872082,0.108873,17670361,,0,0,323792,0,0,0,0,0.0112,15,32,0,0,"SELECT sym, pct_range FROM ( SELECT sym, (MAX(bp_max) - MIN(bp_min)) / MIN(bp_min) * 100 AS pct_range FROM quotes_daily GROUP BY sym ) t ORDER BY ABS(pct_range) DESC LIMIT 20"
17670361,2026-08-13 08:24:13.872082,0.108873,17670361,quotes_shared.public.mv_tbl__quotes_daily__0,1,955993,924265,0,0,0,0,0.0075,27,45,0,0,"SELECT sym, pct_range FROM ( SELECT sym, (MAX(bp_max) - MIN(bp_min)) / MIN(bp_min) * 100 AS pct_range FROM quotes_daily GROUP BY sym ) t ORDER BY ABS(pct_range) DESC LIMIT 20"
17670368,2026-08-13 08:24:14.554425,0.418614,17670368,,0,0,3248,0,0,0,0,0.3311,48,23,0,0,"SELECT day, SUM(n_quotes) AS total_quotes, SUM(bs_sum) + SUM(as_sum) AS total_volume, SUM(spread_sum) / SUM(n_quotes) AS avg_spread FROM quotes_daily GROUP BY day ORDER BY day"
17670368,2026-08-13 08:24:14.554425,0.418614,17670368,quotes_shared.public.mv_tbl__quotes_daily__0,1,955993,924265,0,0,0,0,0.3271,37,43,0,0,"SELECT day, SUM(n_quotes) AS total_quotes, SUM(bs_sum) + SUM(as_sum) AS total_volume, SUM(spread_sum) / SUM(n_quotes) AS avg_spread FROM quotes_daily GROUP BY day ORDER BY day"
17873413,2026-08-13 08:34:07.082002,3.360535,17873413,,0,0,65,0,0,0,0,0.0098,0,35,0,0,"SELECT COALESCE(SUM(n_quotes), 0) FROM quotes_daily"
17873413,2026-08-13 08:34:07.082002,3.360535,17873413,quotes_shared.public.mv_tbl__quotes_daily__0,1,965294,934509,0,0,0,0,1.0200,37,36,0,0,"SELECT COALESCE(SUM(n_quotes), 0) FROM quotes_daily"
17873416,2026-08-13 08:34:10.444412,0.099786,17873416,,0,0,65,0,0,0,0,0.0066,0,28,0,0,SELECT COUNT(*) FROM quotes_daily
17873416,2026-08-13 08:34:10.444412,0.099786,17873416,quotes_shared.public.mv_tbl__quotes_daily__0,1,964086,934509,0,0,0,0,0.0058,49,32,0,0,SELECT COUNT(*) FROM quotes_daily
17873419,2026-08-13 08:34:10.545866,2.48086,17873419,,0,0,65,0,0,0,0,0.0026,0,25,0,0,"SELECT COUNT(*) AS days_traded, SUM(n_quotes) AS total_quotes, MIN(bp_min) AS lowest_bid, MAX(bp_max) AS highest_bid, MIN(ap_min) AS lowest_ask, MAX(ap_max) AS highest_ask, SUM(spread_sum) / SUM(n_quotes) AS avg_spread, SUM(bs_sum) AS total_bid_volum"
17873419,2026-08-13 08:34:10.545866,2.48086,17873419,quotes_shared.public.mv_tbl__quotes_daily__0,1,965247,82,0,0,0,0,2.3806,63,32,0,0,"SELECT COUNT(*) AS days_traded, SUM(n_quotes) AS total_quotes, MIN(bp_min) AS lowest_bid, MAX(bp_max) AS highest_bid, MIN(ap_min) AS lowest_ask, MAX(ap_max) AS highest_ask, SUM(spread_sum) / SUM(n_quotes) AS avg_spread, SUM(bs_sum) AS total_bid_volum"
17873426,2026-08-13 08:34:13.906425,0.39651,17873426,,0,0,245,0,0,0,0,0.2923,91,23,0,0,"SELECT sym, COUNT(*) AS days_traded, SUM(n_quotes) AS total_quotes, MIN(bp_min) AS lowest_bid, MAX(bp_max) AS highest_bid, SUM(spread_sum) / SUM(n_quotes) AS avg_spread FROM quotes_daily WHERE sym IN ('AAPL', 'MSFT', 'GOOGL', 'AMZN', 'TSLA', 'META', "
17873426,2026-08-13 08:34:13.906425,0.39651,17873426,quotes_shared.public.mv_tbl__quotes_daily__0,1,965294,656,0,0,0,0,0.2880,37,92,0,0,"SELECT sym, COUNT(*) AS days_traded, SUM(n_quotes) AS total_quotes, MIN(bp_min) AS lowest_bid, MAX(bp_max) AS highest_bid, SUM(spread_sum) / SUM(n_quotes) AS avg_spread FROM quotes_daily WHERE sym IN ('AAPL', 'MSFT', 'GOOGL', 'AMZN', 'TSLA', 'META', "
17873433,2026-08-13 08:34:14.887675,0.109923,17873433,,0,0,321413,0,0,0,0,0.0100,14,23,0,0,"SELECT sym, pct_range FROM ( SELECT sym, (MAX(bp_max) - MIN(bp_min)) / MIN(bp_min) * 100 AS pct_range FROM quotes_daily GROUP BY sym ) t ORDER BY ABS(pct_range) DESC LIMIT 20"
17873433,2026-08-13 08:34:14.887675,0.109923,17873433,quotes_shared.public.mv_tbl__quotes_daily__0,1,965294,934509,0,0,0,0,0.0064,26,28,0,0,"SELECT sym, pct_range FROM ( SELECT sym, (MAX(bp_max) - MIN(bp_min)) / MIN(bp_min) * 100 AS pct_range FROM quotes_daily GROUP BY sym ) t ORDER BY ABS(pct_range) DESC LIMIT 20"
17873440,2026-08-13 08:34:15.555243,0.503472,17873440,,0,0,3271,0,0,0,0,0.4101,48,32,0,0,"SELECT day, SUM(n_quotes) AS total_quotes, SUM(bs_sum) + SUM(as_sum) AS total_volume, SUM(spread_sum) / SUM(n_quotes) AS avg_spread FROM quotes_daily GROUP BY day ORDER BY day"
17873440,2026-08-13 08:34:15.555243,0.503472,17873440,quotes_shared.public.mv_tbl__quotes_daily__0,1,965294,934509,0,0,0,0,0.4061,51,46,0,0,"SELECT day, SUM(n_quotes) AS total_quotes, SUM(bs_sum) + SUM(as_sum) AS total_volume, SUM(spread_sum) / SUM(n_quotes) AS avg_spread FROM quotes_daily GROUP BY day ORDER BY day"
18076485,2026-08-13 08:44:07.445479,3.063667,18076485,,0,0,65,0,0,0,0,0.0108,0,32,0,0,"SELECT COALESCE(SUM(n_quotes), 0) FROM quotes_daily"
18076485,2026-08-13 08:44:07.445479,3.063667,18076485,quotes_shared.public.mv_tbl__quotes_daily__0,1,974801,944969,0,0,0,0,0.8833,36,23,0,0,"SELECT COALESCE(SUM(n_quotes), 0) FROM quotes_daily"
18076488,2026-08-13 08:44:10.511031,0.108004,18076488,,0,0,65,0,0,0,0,0.0060,0,66,0,0,SELECT COUNT(*) FROM quotes_daily
18076488,2026-08-13 08:44:10.511031,0.108004,18076488,quotes_shared.public.mv_tbl__quotes_daily__0,1,974521,944969,0,0,0,0,0.0019,51,32,0,0,SELECT COUNT(*) FROM quotes_daily
18076491,2026-08-13 08:44:10.620942,2.446516,18076491,,0,0,65,0,0,0,0,0.0027,0,30,0,0,"SELECT COUNT(*) AS days_traded, SUM(n_quotes) AS total_quotes, MIN(bp_min) AS lowest_bid, MAX(bp_max) AS highest_bid, MIN(ap_min) AS lowest_ask, MAX(ap_max) AS highest_ask, SUM(spread_sum) / SUM(n_quotes) AS avg_spread, SUM(bs_sum) AS total_bid_volum"
18076491,2026-08-13 08:44:10.620942,2.446516,18076491,quotes_shared.public.mv_tbl__quotes_daily__0,1,974754,83,0,0,0,0,2.3302,62,32,0,0,"SELECT COUNT(*) AS days_traded, SUM(n_quotes) AS total_quotes, MIN(bp_min) AS lowest_bid, MAX(bp_max) AS highest_bid, MIN(ap_min) AS lowest_ask, MAX(ap_max) AS highest_ask, SUM(spread_sum) / SUM(n_quotes) AS avg_spread, SUM(bs_sum) AS total_bid_volum"
18076501,2026-08-13 08:44:18.465449,0.409755,18076501,,0,0,239,0,0,0,0,0.3045,91,23,0,0,"SELECT sym, COUNT(*) AS days_traded, SUM(n_quotes) AS total_quotes, MIN(bp_min) AS lowest_bid, MAX(bp_max) AS highest_bid, SUM(spread_sum) / SUM(n_quotes) AS avg_spread FROM quotes_daily WHERE sym IN ('AAPL', 'MSFT', 'GOOGL', 'AMZN', 'TSLA', 'META', "
18076501,2026-08-13 08:44:18.465449,0.409755,18076501,quotes_shared.public.mv_tbl__quotes_daily__0,1,974801,664,0,0,0,0,0.2980,40,92,0,0,"SELECT sym, COUNT(*) AS days_traded, SUM(n_quotes) AS total_quotes, MIN(bp_min) AS lowest_bid, MAX(bp_max) AS highest_bid, SUM(spread_sum) / SUM(n_quotes) AS avg_spread FROM quotes_daily WHERE sym IN ('AAPL', 'MSFT', 'GOOGL', 'AMZN', 'TSLA', 'META', "
18076508,2026-08-13 08:44:22.724411,0.107508,18076508,,0,0,324669,0,0,0,0,0.0135,14,28,0,0,"SELECT sym, pct_range FROM ( SELECT sym, (MAX(bp_max) - MIN(bp_min)) / MIN(bp_min) * 100 AS pct_range FROM quotes_daily GROUP BY sym ) t ORDER BY ABS(pct_range) DESC LIMIT 20"
18076508,2026-08-13 08:44:22.724411,0.107508,18076508,quotes_shared.public.mv_tbl__quotes_daily__0,1,974801,944969,0,0,0,0,0.0077,25,24,0,0,"SELECT sym, pct_range FROM ( SELECT sym, (MAX(bp_max) - MIN(bp_min)) / MIN(bp_min) * 100 AS pct_range FROM quotes_daily GROUP BY sym ) t ORDER BY ABS(pct_range) DESC LIMIT 20"
18076515,2026-08-13 08:44:23.360680,0.124849,18076515,,0,0,3314,0,0,0,0,0.0202,47,25,0,0,"SELECT day, SUM(n_quotes) AS total_quotes, SUM(bs_sum) + SUM(as_sum) AS total_volume, SUM(spread_sum) / SUM(n_quotes) AS avg_spread FROM quotes_daily GROUP BY day ORDER BY day"
18076515,2026-08-13 08:44:23.360680,0.124849,18076515,quotes_shared.public.mv_tbl__quotes_daily__0,1,974801,944969,0,0,0,0,0.0165,28,31,0,0,"SELECT day, SUM(n_quotes) AS total_quotes, SUM(bs_sum) + SUM(as_sum) AS total_volume, SUM(spread_sum) / SUM(n_quotes) AS avg_spread FROM quotes_daily GROUP BY day ORDER BY day"
18279557,2026-08-13 08:54:07.131707,3.077298,18279557,,0,0,65,0,0,0,0,0.0180,0,76,0,0,"SELECT COALESCE(SUM(n_quotes), 0) FROM quotes_daily"
18279557,2026-08-13 08:54:07.131707,3.077298,18279557,quotes_shared.public.mv_tbl__quotes_daily__0,1,989595,960446,0,0,0,0,0.7140,40,21,0,0,"SELECT COALESCE(SUM(n_quotes), 0) FROM quotes_daily"
18279560,2026-08-13 08:54:07.131713,3.077131,18279560,,0,0,65,0,0,0,0,0.0174,0,26,0,0,"SELECT COALESCE(SUM(n_quotes), 0) FROM quotes_daily"
18279560,2026-08-13 08:54:07.131713,3.077131,18279560,quotes_shared.public.mv_tbl__quotes_daily__0,1,989595,960446,0,0,0,0,0.4666,62,33,0,0,"SELECT COALESCE(SUM(n_quotes), 0) FROM quotes_daily"
18279563,2026-08-13 08:54:10.210552,0.105389,18279563,,0,0,65,0,0,0,0,0.0111,0,27,0,0,SELECT COUNT(*) FROM quotes_daily
18279563,2026-08-13 08:54:10.210552,0.105389,18279563,quotes_shared.public.mv_tbl__quotes_daily__0,1,989383,960446,0,0,0,0,0.0055,53,54,0,0,SELECT COUNT(*) FROM quotes_daily
18279564,2026-08-13 08:54:10.210872,0.099574,18279564,,0,0,65,0,0,0,0,0.0074,0,33,0,0,SELECT COUNT(*) FROM quotes_daily
18279564,2026-08-13 08:54:10.210872,0.099574,18279564,quotes_shared.public.mv_tbl__quotes_daily__0,1,989383,960446,0,0,0,0,0.0031,52,47,0,0,SELECT COUNT(*) FROM quotes_daily
18279569,2026-08-13 08:54:10.312271,4.703693,18279569,,0,0,65,0,0,0,0,0.0027,0,42,0,0,"SELECT COUNT(*) AS days_traded, SUM(n_quotes) AS total_quotes, MIN(bp_min) AS lowest_bid, MAX(bp_max) AS highest_bid, MIN(ap_min) AS lowest_ask, MAX(ap_max) AS highest_ask, SUM(spread_sum) / SUM(n_quotes) AS avg_spread, SUM(bs_sum) AS total_bid_volum"
18279569,2026-08-13 08:54:10.312271,4.703693,18279569,quotes_shared.public.mv_tbl__quotes_daily__0,1,989548,84,0,0,0,0,4.6116,67,12,0,0,"SELECT COUNT(*) AS days_traded, SUM(n_quotes) AS total_quotes, MIN(bp_min) AS lowest_bid, MAX(bp_max) AS highest_bid, MIN(ap_min) AS lowest_ask, MAX(ap_max) AS highest_ask, SUM(spread_sum) / SUM(n_quotes) AS avg_spread, SUM(bs_sum) AS total_bid_volum"
18279572,2026-08-13 08:54:10.317609,110.071634,18279572,,0,0,143145306,0,0,0,0,107.9491,36,34,0,0,"WITH src AS ( SELECT DATE_TRUNC('hour', TIMESTAMP 'epoch' + t / 1000 * INTERVAL '1 second') AS hour, bp, bs, ap, t FROM quotes_typed WHERE sym = 'AAPL' ), ranked AS ( SELECT hour, bp, bs, ap, ROW_NUMBER() OVER (PARTITION BY hour ORDER BY t ASC) AS rn"
18279572,2026-08-13 08:54:10.317609,110.071634,18279572,quotes_shared.public.mv_tbl__quotes_typed__0,1,10567523453,47715102,0,0,0,0,107.5907,18,1,0,0,"WITH src AS ( SELECT DATE_TRUNC('hour', TIMESTAMP 'epoch' + t / 1000 * INTERVAL '1 second') AS hour, bp, bs, ap, t FROM quotes_typed WHERE sym = 'AAPL' ), ranked AS ( SELECT hour, bp, bs, ap, ROW_NUMBER() OVER (PARTITION BY hour ORDER BY t ASC) AS rn"
18279579,2026-08-13 08:54:16.041282,0.366473,18279579,,0,0,234,0,0,0,0,0.2812,91,63,0,0,"SELECT sym, COUNT(*) AS days_traded, SUM(n_quotes) AS total_quotes, MIN(bp_min) AS lowest_bid, MAX(bp_max) AS highest_bid, SUM(spread_sum) / SUM(n_quotes) AS avg_spread FROM quotes_daily WHERE sym IN ('AAPL', 'MSFT', 'GOOGL', 'AMZN', 'TSLA', 'META', "
18279579,2026-08-13 08:54:16.041282,0.366473,18279579,quotes_shared.public.mv_tbl__quotes_daily__0,1,989595,672,0,0,0,0,0.2758,56,92,0,0,"SELECT sym, COUNT(*) AS days_traded, SUM(n_quotes) AS total_quotes, MIN(bp_min) AS lowest_bid, MAX(bp_max) AS highest_bid, SUM(spread_sum) / SUM(n_quotes) AS avg_spread FROM quotes_daily WHERE sym IN ('AAPL', 'MSFT', 'GOOGL', 'AMZN', 'TSLA', 'META', "
18279586,2026-08-13 08:54:16.991561,0.114614,18279586,,0,0,316493,0,0,0,0,0.0210,14,72,0,0,"SELECT sym, pct_range FROM ( SELECT sym, (MAX(bp_max) - MIN(bp_min)) / MIN(bp_min) * 100 AS pct_range FROM quotes_daily GROUP BY sym ) t ORDER BY ABS(pct_range) DESC LIMIT 20"
18279586,2026-08-13 08:54:16.991561,0.114614,18279586,quotes_shared.public.mv_tbl__quotes_daily__0,1,989595,960446,0,0,0,0,0.0096,38,42,0,0,"SELECT sym, pct_range FROM ( SELECT sym, (MAX(bp_max) - MIN(bp_min)) / MIN(bp_min) * 100 AS pct_range FROM quotes_daily GROUP BY sym ) t ORDER BY ABS(pct_range) DESC LIMIT 20"
18279596,2026-08-13 08:54:17.843166,0.563246,18279596,,0,0,3380,0,0,0,0,0.4844,46,60,0,0,"SELECT day, SUM(n_quotes) AS total_quotes, SUM(bs_sum) + SUM(as_sum) AS total_volume, SUM(spread_sum) / SUM(n_quotes) AS avg_spread FROM quotes_daily GROUP BY day ORDER BY day"
18279596,2026-08-13 08:54:17.843166,0.563246,18279596,quotes_shared.public.mv_tbl__quotes_daily__0,1,989595,960446,0,0,0,0,0.4780,48,50,0,0,"SELECT day, SUM(n_quotes) AS total_quotes, SUM(bs_sum) + SUM(as_sum) AS total_volume, SUM(spread_sum) / SUM(n_quotes) AS avg_spread FROM quotes_daily GROUP BY day ORDER BY day"
18279653,2026-08-13 08:56:00.994034,359.024648,18279653,,0,0,97,0,0,0,0,0.0597,0,30,0,0,"WITH s AS ( SELECT (ap - bp) AS spread, (bp + ap) / 2.0 AS mid, bs AS bs, ""as"" AS az FROM quotes_typed WHERE sym = 'AAPL' ), agg AS ( SELECT COUNT(*)::float8 AS n, SUM(spread) AS s1, SUM(POWER(spread, 2)) AS s2, SUM(POWER(spread, 3)) AS s3, SUM(POWER"
18279653,2026-08-13 08:56:00.994034,359.024648,18279653,quotes_shared.public.mv_tbl__quotes_typed__0,1,10615303222,47900404,0,0,0,0,357.2505,24,0,0,0,"WITH s AS ( SELECT (ap - bp) AS spread, (bp + ap) / 2.0 AS mid, bs AS bs, ""as"" AS az FROM quotes_typed WHERE sym = 'AAPL' ), agg AS ( SELECT COUNT(*)::float8 AS n, SUM(spread) AS s1, SUM(POWER(spread, 2)) AS s2, SUM(POWER(spread, 3)) AS s3, SUM(POWER"
18279809,2026-08-13 09:02:00.667900,84.077744,18279809,,0,0,145062204,0,0,0,0,79.6274,35,52,0,0,"WITH src AS ( SELECT DATE_TRUNC('hour', TIMESTAMP 'epoch' + payload.t::bigint / 1000 * INTERVAL '1 second') AS hour, payload.bp::float8 AS bp, payload.bs::bigint AS bs, payload.ap::float8 AS ap, payload.t::bigint AS t FROM quotes_streamed WHERE sym ="
18279809,2026-08-13 09:02:00.667900,84.077744,18279809,quotes_shared.public.mv_tbl__quotes_streamed__0,1,19218946661,48354068,0,0,0,0,79.1038,11,1,0,0,"WITH src AS ( SELECT DATE_TRUNC('hour', TIMESTAMP 'epoch' + payload.t::bigint / 1000 * INTERVAL '1 second') AS hour, payload.bp::float8 AS bp, payload.bs::bigint AS bs, payload.ap::float8 AS ap, payload.t::bigint AS t FROM quotes_streamed WHERE sym ="
18279862,2026-08-13 09:03:25.280128,37.670715,18279862,,0,0,97,0,0,0,0,0.0546,0,55,0,0,"WITH s AS ( SELECT (payload.ap::float8 - payload.bp::float8) AS spread, (payload.bp::float8 + payload.ap::float8) / 2.0 AS mid, payload.bs::bigint AS bs, payload.""as""::bigint AS az FROM quotes_streamed WHERE sym = 'AAPL' ), agg AS ( SELECT COUNT(*)::"
18279862,2026-08-13 09:03:25.280128,37.670715,18279862,quotes_shared.public.mv_tbl__quotes_streamed__0,1,19299890607,48442187,0,0,0,0,35.3593,16,0,0,0,"WITH s AS ( SELECT (payload.ap::float8 - payload.bp::float8) AS spread, (payload.bp::float8 + payload.ap::float8) / 2.0 AS mid, payload.bs::bigint AS bs, payload.""as""::bigint AS az FROM quotes_streamed WHERE sym = 'AAPL' ), agg AS ( SELECT COUNT(*)::"
18279885,2026-08-13 09:03:56.846457,1.991861,18279885,,0,0,65,0,0,0,0,0.0024,0,29,0,0,"SELECT COALESCE(SUM(n_quotes), 0) FROM quotes_daily"
18279885,2026-08-13 09:03:56.846457,1.991861,18279885,quotes_shared.public.mv_tbl__quotes_daily__0,1,1000470,970885,0,0,0,0,0.6877,27,31,0,0,"SELECT COALESCE(SUM(n_quotes), 0) FROM quotes_daily"
18279888,2026-08-13 09:03:58.839960,0.071177,18279888,,0,0,65,0,0,0,0,0.0017,0,23,0,0,SELECT COUNT(*) FROM quotes_daily
18279888,2026-08-13 09:03:58.839960,0.071177,18279888,quotes_shared.public.mv_tbl__quotes_daily__0,1,1000111,970885,0,0,0,0,0.0012,38,15,0,0,SELECT COUNT(*) FROM quotes_daily
18279891,2026-08-13 09:03:58.912771,1.994384,18279891,,0,0,65,0,0,0,0,0.0026,0,26,0,0,"SELECT COUNT(*) AS days_traded, SUM(n_quotes) AS total_quotes, MIN(bp_min) AS lowest_bid, MAX(bp_max) AS highest_bid, MIN(ap_min) AS lowest_ask, MAX(ap_max) AS highest_ask, SUM(spread_sum) / SUM(n_quotes) AS avg_spread, SUM(bs_sum) AS total_bid_volum"
18279891,2026-08-13 09:03:58.912771,1.994384,18279891,quotes_shared.public.mv_tbl__quotes_daily__0,1,1000423,85,0,0,0,0,1.9142,55,33,0,0,"SELECT COUNT(*) AS days_traded, SUM(n_quotes) AS total_quotes, MIN(bp_min) AS lowest_bid, MAX(bp_max) AS highest_bid, MIN(ap_min) AS lowest_ask, MAX(ap_max) AS highest_ask, SUM(spread_sum) / SUM(n_quotes) AS avg_spread, SUM(bs_sum) AS total_bid_volum"
18279898,2026-08-13 09:04:01.505113,2.008898,18279898,,0,0,237,0,0,0,0,0.9635,91,27,0,0,"SELECT sym, COUNT(*) AS days_traded, SUM(n_quotes) AS total_quotes, MIN(bp_min) AS lowest_bid, MAX(bp_max) AS highest_bid, SUM(spread_sum) / SUM(n_quotes) AS avg_spread FROM quotes_daily WHERE sym IN ('AAPL', 'MSFT', 'GOOGL', 'AMZN', 'TSLA', 'META', "
18279898,2026-08-13 09:04:01.505113,2.008898,18279898,quotes_shared.public.mv_tbl__quotes_daily__0,1,1010131,680,0,0,0,0,0.9604,60,35,0,0,"SELECT sym, COUNT(*) AS days_traded, SUM(n_quotes) AS total_quotes, MIN(bp_min) AS lowest_bid, MAX(bp_max) AS highest_bid, SUM(spread_sum) / SUM(n_quotes) AS avg_spread FROM quotes_daily WHERE sym IN ('AAPL', 'MSFT', 'GOOGL', 'AMZN', 'TSLA', 'META', "
18279911,2026-08-13 09:04:04.117925,0.093774,18279911,,0,0,329734,0,0,0,0,0.0078,13,27,0,0,"SELECT sym, pct_range FROM ( SELECT sym, (MAX(bp_max) - MIN(bp_min)) / MIN(bp_min) * 100 AS pct_range FROM quotes_daily GROUP BY sym ) t ORDER BY ABS(pct_range) DESC LIMIT 20"
18279911,2026-08-13 09:04:04.117925,0.093774,18279911,quotes_shared.public.mv_tbl__quotes_daily__0,1,1010131,970979,0,0,0,0,0.0047,10,25,0,0,"SELECT sym, pct_range FROM ( SELECT sym, (MAX(bp_max) - MIN(bp_min)) / MIN(bp_min) * 100 AS pct_range FROM quotes_daily GROUP BY sym ) t ORDER BY ABS(pct_range) DESC LIMIT 20"
18279918,2026-08-13 09:04:04.798312,0.479223,18279918,,0,0,3417,0,0,0,0,0.4013,46,16,0,0,"SELECT day, SUM(n_quotes) AS total_quotes, SUM(bs_sum) + SUM(as_sum) AS total_volume, SUM(spread_sum) / SUM(n_quotes) AS avg_spread FROM quotes_daily GROUP BY day ORDER BY day"
18279918,2026-08-13 09:04:04.798312,0.479223,18279918,quotes_shared.public.mv_tbl__quotes_daily__0,1,1010131,970979,0,0,0,0,0.3985,47,16,0,0,"SELECT day, SUM(n_quotes) AS total_quotes, SUM(bs_sum) + SUM(as_sum) AS total_volume, SUM(spread_sum) / SUM(n_quotes) AS avg_spread FROM quotes_daily GROUP BY day ORDER BY day"
18482629,2026-08-13 09:14:07.428698,2.581506,18482629,,0,0,65,0,0,0,0,0.0065,0,61,0,0,"SELECT COALESCE(SUM(n_quotes), 0) FROM quotes_daily"
18482629,2026-08-13 09:14:07.428698,2.581506,18482629,quotes_shared.public.mv_tbl__quotes_daily__0,1,997655,981069,0,0,0,0,0.7812,44,23,0,0,"SELECT COALESCE(SUM(n_quotes), 0) FROM quotes_daily"
18482632,2026-08-13 09:14:10.012382,0.11374,18482632,,0,0,65,0,0,0,0,0.0135,0,44,0,0,SELECT COUNT(*) FROM quotes_daily
18482632,2026-08-13 09:14:10.012382,0.11374,18482632,quotes_shared.public.mv_tbl__quotes_daily__0,1,997655,981069,0,0,0,0,0.0034,61,46,0,0,SELECT COUNT(*) FROM quotes_daily
18482635,2026-08-13 09:14:10.128311,2.230414,18482635,,0,0,65,0,0,0,0,0.0025,0,55,0,0,"SELECT COUNT(*) AS days_traded, SUM(n_quotes) AS total_quotes, MIN(bp_min) AS lowest_bid, MAX(bp_max) AS highest_bid, MIN(ap_min) AS lowest_ask, MAX(ap_max) AS highest_ask, SUM(spread_sum) / SUM(n_quotes) AS avg_spread, SUM(bs_sum) AS total_bid_volum"
18482635,2026-08-13 09:14:10.128311,2.230414,18482635,quotes_shared.public.mv_tbl__quotes_daily__0,1,997608,86,0,0,0,0,2.1149,70,32,0,0,"SELECT COUNT(*) AS days_traded, SUM(n_quotes) AS total_quotes, MIN(bp_min) AS lowest_bid, MAX(bp_max) AS highest_bid, MIN(ap_min) AS lowest_ask, MAX(ap_max) AS highest_ask, SUM(spread_sum) / SUM(n_quotes) AS avg_spread, SUM(bs_sum) AS total_bid_volum"
18482642,2026-08-13 09:14:13.166253,0.379921,18482642,,0,0,240,0,0,0,0,0.2857,91,22,0,0,"SELECT sym, COUNT(*) AS days_traded, SUM(n_quotes) AS total_quotes, MIN(bp_min) AS lowest_bid, MAX(bp_max) AS highest_bid, SUM(spread_sum) / SUM(n_quotes) AS avg_spread FROM quotes_daily WHERE sym IN ('AAPL', 'MSFT', 'GOOGL', 'AMZN', 'TSLA', 'META', "
18482642,2026-08-13 09:14:13.166253,0.379921,18482642,quotes_shared.public.mv_tbl__quotes_daily__0,1,997655,688,0,0,0,0,0.2816,52,92,0,0,"SELECT sym, COUNT(*) AS days_traded, SUM(n_quotes) AS total_quotes, MIN(bp_min) AS lowest_bid, MAX(bp_max) AS highest_bid, SUM(spread_sum) / SUM(n_quotes) AS avg_spread FROM quotes_daily WHERE sym IN ('AAPL', 'MSFT', 'GOOGL', 'AMZN', 'TSLA', 'META', "
18482649,2026-08-13 09:14:14.092386,0.105431,18482649,,0,0,329757,0,0,0,0,0.0157,14,24,0,0,"SELECT sym, pct_range FROM ( SELECT sym, (MAX(bp_max) - MIN(bp_min)) / MIN(bp_min) * 100 AS pct_range FROM quotes_daily GROUP BY sym ) t ORDER BY ABS(pct_range) DESC LIMIT 20"
18482649,2026-08-13 09:14:14.092386,0.105431,18482649,quotes_shared.public.mv_tbl__quotes_daily__0,1,997655,981069,0,0,0,0,0.0112,21,59,0,0,"SELECT sym, pct_range FROM ( SELECT sym, (MAX(bp_max) - MIN(bp_min)) / MIN(bp_min) * 100 AS pct_range FROM quotes_daily GROUP BY sym ) t ORDER BY ABS(pct_range) DESC LIMIT 20"
18482656,2026-08-13 09:14:14.760251,0.401306,18482656,,0,0,3447,0,0,0,0,0.3208,45,20,0,0,"SELECT day, SUM(n_quotes) AS total_quotes, SUM(bs_sum) + SUM(as_sum) AS total_volume, SUM(spread_sum) / SUM(n_quotes) AS avg_spread FROM quotes_daily GROUP BY day ORDER BY day"
18482656,2026-08-13 09:14:14.760251,0.401306,18482656,quotes_shared.public.mv_tbl__quotes_daily__0,1,997655,981069,0,0,0,0,0.3169,38,43,0,0,"SELECT day, SUM(n_quotes) AS total_quotes, SUM(bs_sum) + SUM(as_sum) AS total_volume, SUM(spread_sum) / SUM(n_quotes) AS avg_spread FROM quotes_daily GROUP BY day ORDER BY day"
18685701,2026-08-13 09:24:06.567551,3.221661,18685701,,0,0,65,0,0,0,0,0.0074,0,33,0,0,"SELECT COALESCE(SUM(n_quotes), 0) FROM quotes_daily"
18685701,2026-08-13 09:24:06.567551,3.221661,18685701,quotes_shared.public.mv_tbl__quotes_daily__0,1,1030787,991263,0,0,0,0,0.8020,37,27,0,0,"SELECT COALESCE(SUM(n_quotes), 0) FROM quotes_daily"
18685704,2026-08-13 09:24:09.791153,0.096989,18685704,,0,0,65,0,0,0,0,0.0032,0,25,0,0,SELECT COUNT(*) FROM quotes_daily
18685704,2026-08-13 09:24:09.791153,0.096989,18685704,quotes_shared.public.mv_tbl__quotes_daily__0,1,1030787,991263,0,0,0,0,0.0027,51,48,0,0,SELECT COUNT(*) FROM quotes_daily
18685707,2026-08-13 09:24:09.889979,1.766553,18685707,,0,0,65,0,0,0,0,0.0028,0,21,0,0,"SELECT COUNT(*) AS days_traded, SUM(n_quotes) AS total_quotes, MIN(bp_min) AS lowest_bid, MAX(bp_max) AS highest_bid, MIN(ap_min) AS lowest_ask, MAX(ap_max) AS highest_ask, SUM(spread_sum) / SUM(n_quotes) AS avg_spread, SUM(bs_sum) AS total_bid_volum"
18685707,2026-08-13 09:24:09.889979,1.766553,18685707,quotes_shared.public.mv_tbl__quotes_daily__0,1,1030740,87,0,0,0,0,1.6734,61,27,0,0,"SELECT COUNT(*) AS days_traded, SUM(n_quotes) AS total_quotes, MIN(bp_min) AS lowest_bid, MAX(bp_max) AS highest_bid, MIN(ap_min) AS lowest_ask, MAX(ap_max) AS highest_ask, SUM(spread_sum) / SUM(n_quotes) AS avg_spread, SUM(bs_sum) AS total_bid_volum"
18685714,2026-08-13 09:24:12.569382,0.410187,18685714,,0,0,240,0,0,0,0,0.3105,91,25,0,0,"SELECT sym, COUNT(*) AS days_traded, SUM(n_quotes) AS total_quotes, MIN(bp_min) AS lowest_bid, MAX(bp_max) AS highest_bid, SUM(spread_sum) / SUM(n_quotes) AS avg_spread FROM quotes_daily WHERE sym IN ('AAPL', 'MSFT', 'GOOGL', 'AMZN', 'TSLA', 'META', "
18685714,2026-08-13 09:24:12.569382,0.410187,18685714,quotes_shared.public.mv_tbl__quotes_daily__0,1,1030787,696,0,0,0,0,0.3045,42,92,0,0,"SELECT sym, COUNT(*) AS days_traded, SUM(n_quotes) AS total_quotes, MIN(bp_min) AS lowest_bid, MAX(bp_max) AS highest_bid, SUM(spread_sum) / SUM(n_quotes) AS avg_spread FROM quotes_daily WHERE sym IN ('AAPL', 'MSFT', 'GOOGL', 'AMZN', 'TSLA', 'META', "
18685721,2026-08-13 09:24:13.550335,0.102504,18685721,,0,0,329818,0,0,0,0,0.0118,14,25,0,0,"SELECT sym, pct_range FROM ( SELECT sym, (MAX(bp_max) - MIN(bp_min)) / MIN(bp_min) * 100 AS pct_range FROM quotes_daily GROUP BY sym ) t ORDER BY ABS(pct_range) DESC LIMIT 20"
18685721,2026-08-13 09:24:13.550335,0.102504,18685721,quotes_shared.public.mv_tbl__quotes_daily__0,1,1030787,991263,0,0,0,0,0.0064,26,27,0,0,"SELECT sym, pct_range FROM ( SELECT sym, (MAX(bp_max) - MIN(bp_min)) / MIN(bp_min) * 100 AS pct_range FROM quotes_daily GROUP BY sym ) t ORDER BY ABS(pct_range) DESC LIMIT 20"
18685728,2026-08-13 09:24:14.244405,0.454617,18685728,,0,0,3481,0,0,0,0,0.3681,45,21,0,0,"SELECT day, SUM(n_quotes) AS total_quotes, SUM(bs_sum) + SUM(as_sum) AS total_volume, SUM(spread_sum) / SUM(n_quotes) AS avg_spread FROM quotes_daily GROUP BY day ORDER BY day"
18685728,2026-08-13 09:24:14.244405,0.454617,18685728,quotes_shared.public.mv_tbl__quotes_daily__0,1,1030787,991263,0,0,0,0,0.3623,27,48,0,0,"SELECT day, SUM(n_quotes) AS total_quotes, SUM(bs_sum) + SUM(as_sum) AS total_volume, SUM(spread_sum) / SUM(n_quotes) AS avg_spread FROM quotes_daily GROUP BY day ORDER BY day"
18888773,2026-08-13 09:34:07.571576,3.615542,18888773,,0,0,65,0,0,0,0,0.0029,0,23,0,0,"SELECT COALESCE(SUM(n_quotes), 0) FROM quotes_daily"
18888773,2026-08-13 09:34:07.571576,3.615542,18888773,quotes_shared.public.mv_tbl__quotes_daily__0,1,1035418,1006031,0,0,0,0,1.1830,37,46,0,0,"SELECT COALESCE(SUM(n_quotes), 0) FROM quotes_daily"
18888776,2026-08-13 09:34:11.189013,0.079899,18888776,,0,0,65,0,0,0,0,0.0023,0,27,0,0,SELECT COUNT(*) FROM quotes_daily
18888776,2026-08-13 09:34:11.189013,0.079899,18888776,quotes_shared.public.mv_tbl__quotes_daily__0,1,1035253,1006031,0,0,0,0,0.0018,36,14,0,0,SELECT COUNT(*) FROM quotes_daily
18888779,2026-08-13 09:34:11.270914,2.616138,18888779,,0,0,65,0,0,0,0,0.0026,0,31,0,0,"SELECT COUNT(*) AS days_traded, SUM(n_quotes) AS total_quotes, MIN(bp_min) AS lowest_bid, MAX(bp_max) AS highest_bid, MIN(ap_min) AS lowest_ask, MAX(ap_max) AS highest_ask, SUM(spread_sum) / SUM(n_quotes) AS avg_spread, SUM(bs_sum) AS total_bid_volum"
18888779,2026-08-13 09:34:11.270914,2.616138,18888779,quotes_shared.public.mv_tbl__quotes_daily__0,1,1035249,88,0,0,0,0,2.5212,54,41,0,0,"SELECT COUNT(*) AS days_traded, SUM(n_quotes) AS total_quotes, MIN(bp_min) AS lowest_bid, MAX(bp_max) AS highest_bid, MIN(ap_min) AS lowest_ask, MAX(ap_max) AS highest_ask, SUM(spread_sum) / SUM(n_quotes) AS avg_spread, SUM(bs_sum) AS total_bid_volum"
18888786,2026-08-13 09:34:14.714518,0.384387,18888786,,0,0,240,0,0,0,0,0.2937,91,23,0,0,"SELECT sym, COUNT(*) AS days_traded, SUM(n_quotes) AS total_quotes, MIN(bp_min) AS lowest_bid, MAX(bp_max) AS highest_bid, SUM(spread_sum) / SUM(n_quotes) AS avg_spread FROM quotes_daily WHERE sym IN ('AAPL', 'MSFT', 'GOOGL', 'AMZN', 'TSLA', 'META', "
18888786,2026-08-13 09:34:14.714518,0.384387,18888786,quotes_shared.public.mv_tbl__quotes_daily__0,1,1035418,704,0,0,0,0,0.2882,46,92,0,0,"SELECT sym, COUNT(*) AS days_traded, SUM(n_quotes) AS total_quotes, MIN(bp_min) AS lowest_bid, MAX(bp_max) AS highest_bid, SUM(spread_sum) / SUM(n_quotes) AS avg_spread FROM quotes_daily WHERE sym IN ('AAPL', 'MSFT', 'GOOGL', 'AMZN', 'TSLA', 'META', "
18888793,2026-08-13 09:34:15.639654,0.091914,18888793,,0,0,330528,0,0,0,0,0.0099,14,30,0,0,"SELECT sym, pct_range FROM ( SELECT sym, (MAX(bp_max) - MIN(bp_min)) / MIN(bp_min) * 100 AS pct_range FROM quotes_daily GROUP BY sym ) t ORDER BY ABS(pct_range) DESC LIMIT 20"
18888793,2026-08-13 09:34:15.639654,0.091914,18888793,quotes_shared.public.mv_tbl__quotes_daily__0,1,1035418,1006031,0,0,0,0,0.0057,26,24,0,0,"SELECT sym, pct_range FROM ( SELECT sym, (MAX(bp_max) - MIN(bp_min)) / MIN(bp_min) * 100 AS pct_range FROM quotes_daily GROUP BY sym ) t ORDER BY ABS(pct_range) DESC LIMIT 20"
18888800,2026-08-13 09:34:16.287210,0.57716,18888800,,0,0,3531,0,0,0,0,0.5001,44,19,0,0,"SELECT day, SUM(n_quotes) AS total_quotes, SUM(bs_sum) + SUM(as_sum) AS total_volume, SUM(spread_sum) / SUM(n_quotes) AS avg_spread FROM quotes_daily GROUP BY day ORDER BY day"
18888800,2026-08-13 09:34:16.287210,0.57716,18888800,quotes_shared.public.mv_tbl__quotes_daily__0,1,1035418,1006031,0,0,0,0,0.4951,52,57,0,0,"SELECT day, SUM(n_quotes) AS total_quotes, SUM(bs_sum) + SUM(as_sum) AS total_volume, SUM(spread_sum) / SUM(n_quotes) AS avg_spread FROM quotes_daily GROUP BY day ORDER BY day"
19091845,2026-08-13 09:44:08.115709,2.838228,19091845,,0,0,65,0,0,0,0,0.0093,0,52,0,0,"SELECT COALESCE(SUM(n_quotes), 0) FROM quotes_daily"
19091845,2026-08-13 09:44:08.115709,2.838228,19091845,quotes_shared.public.mv_tbl__quotes_daily__0,1,1030325,1007877,0,0,0,0,0.8806,44,30,0,0,"SELECT COALESCE(SUM(n_quotes), 0) FROM quotes_daily"
19091848,2026-08-13 09:44:10.955799,0.121436,19091848,,0,0,65,0,0,0,0,0.0163,0,63,0,0,SELECT COUNT(*) FROM quotes_daily
19091848,2026-08-13 09:44:10.955799,0.121436,19091848,quotes_shared.public.mv_tbl__quotes_daily__0,1,1030274,1007877,0,0,0,0,0.0072,61,63,0,0,SELECT COUNT(*) FROM quotes_daily
19091851,2026-08-13 09:44:11.079027,2.400226,19091851,,0,0,65,0,0,0,0,0.0023,0,38,0,0,"SELECT COUNT(*) AS days_traded, SUM(n_quotes) AS total_quotes, MIN(bp_min) AS lowest_bid, MAX(bp_max) AS highest_bid, MIN(ap_min) AS lowest_ask, MAX(ap_max) AS highest_ask, SUM(spread_sum) / SUM(n_quotes) AS avg_spread, SUM(bs_sum) AS total_bid_volum"
19091851,2026-08-13 09:44:11.079027,2.400226,19091851,quotes_shared.public.mv_tbl__quotes_daily__0,1,1030278,88,0,0,0,0,2.3036,60,37,0,0,"SELECT COUNT(*) AS days_traded, SUM(n_quotes) AS total_quotes, MIN(bp_min) AS lowest_bid, MAX(bp_max) AS highest_bid, MIN(ap_min) AS lowest_ask, MAX(ap_max) AS highest_ask, SUM(spread_sum) / SUM(n_quotes) AS avg_spread, SUM(bs_sum) AS total_bid_volum"
19091858,2026-08-13 09:44:14.347693,0.393277,19091858,,0,0,244,0,0,0,0,0.2960,91,28,0,0,"SELECT sym, COUNT(*) AS days_traded, SUM(n_quotes) AS total_quotes, MIN(bp_min) AS lowest_bid, MAX(bp_max) AS highest_bid, SUM(spread_sum) / SUM(n_quotes) AS avg_spread FROM quotes_daily WHERE sym IN ('AAPL', 'MSFT', 'GOOGL', 'AMZN', 'TSLA', 'META', "
19091858,2026-08-13 09:44:14.347693,0.393277,19091858,quotes_shared.public.mv_tbl__quotes_daily__0,1,1030325,704,0,0,0,0,0.2922,54,92,0,0,"SELECT sym, COUNT(*) AS days_traded, SUM(n_quotes) AS total_quotes, MIN(bp_min) AS lowest_bid, MAX(bp_max) AS highest_bid, SUM(spread_sum) / SUM(n_quotes) AS avg_spread FROM quotes_daily WHERE sym IN ('AAPL', 'MSFT', 'GOOGL', 'AMZN', 'TSLA', 'META', "
19091865,2026-08-13 09:44:15.317668,0.099674,19091865,,0,0,330760,0,0,0,0,0.0130,14,28,0,0,"SELECT sym, pct_range FROM ( SELECT sym, (MAX(bp_max) - MIN(bp_min)) / MIN(bp_min) * 100 AS pct_range FROM quotes_daily GROUP BY sym ) t ORDER BY ABS(pct_range) DESC LIMIT 20"
19091865,2026-08-13 09:44:15.317668,0.099674,19091865,quotes_shared.public.mv_tbl__quotes_daily__0,1,1030325,1007877,0,0,0,0,0.0074,24,32,0,0,"SELECT sym, pct_range FROM ( SELECT sym, (MAX(bp_max) - MIN(bp_min)) / MIN(bp_min) * 100 AS pct_range FROM quotes_daily GROUP BY sym ) t ORDER BY ABS(pct_range) DESC LIMIT 20"
19091872,2026-08-13 09:44:15.986437,0.452311,19091872,,0,0,3544,0,0,0,0,0.3706,44,22,0,0,"SELECT day, SUM(n_quotes) AS total_quotes, SUM(bs_sum) + SUM(as_sum) AS total_volume, SUM(spread_sum) / SUM(n_quotes) AS avg_spread FROM quotes_daily GROUP BY day ORDER BY day"
19091872,2026-08-13 09:44:15.986437,0.452311,19091872,quotes_shared.public.mv_tbl__quotes_daily__0,1,1030325,1007877,0,0,0,0,0.3675,33,48,0,0,"SELECT day, SUM(n_quotes) AS total_quotes, SUM(bs_sum) + SUM(as_sum) AS total_volume, SUM(spread_sum) / SUM(n_quotes) AS avg_spread FROM quotes_daily GROUP BY day ORDER BY day"
19294917,2026-08-13 09:54:08.221563,3.967863,19294917,,0,0,65,0,0,0,0,0.0037,0,28,0,0,"SELECT COALESCE(SUM(n_quotes), 0) FROM quotes_daily"
19294917,2026-08-13 09:54:08.221563,3.967863,19294917,quotes_shared.public.mv_tbl__quotes_daily__0,1,1043371,1018366,0,0,0,0,1.3549,55,48,0,0,"SELECT COALESCE(SUM(n_quotes), 0) FROM quotes_daily"
19294918,2026-08-13 09:54:08.221563,3.967791,19294918,,0,0,65,0,0,0,0,0.0032,0,57,0,0,"SELECT COALESCE(SUM(n_quotes), 0) FROM quotes_daily"
19294918,2026-08-13 09:54:08.221563,3.967791,19294918,quotes_shared.public.mv_tbl__quotes_daily__0,1,1043371,1018366,0,0,0,0,1.3549,46,49,0,0,"SELECT COALESCE(SUM(n_quotes), 0) FROM quotes_daily"
19294924,2026-08-13 09:54:12.191157,0.085569,19294924,,0,0,65,0,0,0,0,0.0022,0,36,0,0,SELECT COUNT(*) FROM quotes_daily
19294924,2026-08-13 09:54:12.191157,0.085569,19294924,quotes_shared.public.mv_tbl__quotes_daily__0,1,1043371,1018366,0,0,0,0,0.0019,46,20,0,0,SELECT COUNT(*) FROM quotes_daily
19294923,2026-08-13 09:54:12.191279,0.074675,19294923,,0,0,65,0,0,0,0,0.0022,0,38,0,0,SELECT COUNT(*) FROM quotes_daily
19294923,2026-08-13 09:54:12.191279,0.074675,19294923,quotes_shared.public.mv_tbl__quotes_daily__0,1,1043371,1018366,0,0,0,0,0.0017,45,19,0,0,SELECT COUNT(*) FROM quotes_daily
19294929,2026-08-13 09:54:12.267610,4.978808,19294929,,0,0,65,0,0,0,0,0.0053,0,49,0,0,"SELECT COUNT(*) AS days_traded, SUM(n_quotes) AS total_quotes, MIN(bp_min) AS lowest_bid, MAX(bp_max) AS highest_bid, MIN(ap_min) AS lowest_ask, MAX(ap_max) AS highest_ask, SUM(spread_sum) / SUM(n_quotes) AS avg_spread, SUM(bs_sum) AS total_bid_volum"
19294929,2026-08-13 09:54:12.267610,4.978808,19294929,quotes_shared.public.mv_tbl__quotes_daily__0,1,1043324,89,0,0,0,0,4.8916,60,15,0,0,"SELECT COUNT(*) AS days_traded, SUM(n_quotes) AS total_quotes, MIN(bp_min) AS lowest_bid, MAX(bp_max) AS highest_bid, MIN(ap_min) AS lowest_ask, MAX(ap_max) AS highest_ask, SUM(spread_sum) / SUM(n_quotes) AS avg_spread, SUM(bs_sum) AS total_bid_volum"
19294932,2026-08-13 09:54:12.278354,130.18071,19294932,,0,0,153828882,0,0,0,0,128.0008,32,35,0,0,"WITH src AS ( SELECT DATE_TRUNC('hour', TIMESTAMP 'epoch' + t / 1000 * INTERVAL '1 second') AS hour, bp, bs, ap, t FROM quotes_typed WHERE sym = 'AAPL' ), ranked AS ( SELECT hour, bp, bs, ap, ROW_NUMBER() OVER (PARTITION BY hour ORDER BY t ASC) AS rn"
19294932,2026-08-13 09:54:12.278354,130.18071,19294932,quotes_shared.public.mv_tbl__quotes_typed__0,1,11957559930,51276294,0,0,0,0,127.6662,17,0,0,0,"WITH src AS ( SELECT DATE_TRUNC('hour', TIMESTAMP 'epoch' + t / 1000 * INTERVAL '1 second') AS hour, bp, bs, ap, t FROM quotes_typed WHERE sym = 'AAPL' ), ranked AS ( SELECT hour, bp, bs, ap, ROW_NUMBER() OVER (PARTITION BY hour ORDER BY t ASC) AS rn"
19294942,2026-08-13 09:54:18.299131,0.391828,19294942,,0,0,242,0,0,0,0,0.2934,91,24,0,0,"SELECT sym, COUNT(*) AS days_traded, SUM(n_quotes) AS total_quotes, MIN(bp_min) AS lowest_bid, MAX(bp_max) AS highest_bid, SUM(spread_sum) / SUM(n_quotes) AS avg_spread FROM quotes_daily WHERE sym IN ('AAPL', 'MSFT', 'GOOGL', 'AMZN', 'TSLA', 'META', "
19294942,2026-08-13 09:54:18.299131,0.391828,19294942,quotes_shared.public.mv_tbl__quotes_daily__0,1,1043371,712,0,0,0,0,0.2877,49,92,0,0,"SELECT sym, COUNT(*) AS days_traded, SUM(n_quotes) AS total_quotes, MIN(bp_min) AS lowest_bid, MAX(bp_max) AS highest_bid, SUM(spread_sum) / SUM(n_quotes) AS avg_spread FROM quotes_daily WHERE sym IN ('AAPL', 'MSFT', 'GOOGL', 'AMZN', 'TSLA', 'META', "
19294949,2026-08-13 09:54:19.430516,0.348424,19294949,,0,0,332481,0,0,0,0,0.0210,14,27,0,0,"SELECT sym, pct_range FROM ( SELECT sym, (MAX(bp_max) - MIN(bp_min)) / MIN(bp_min) * 100 AS pct_range FROM quotes_daily GROUP BY sym ) t ORDER BY ABS(pct_range) DESC LIMIT 20"
19294949,2026-08-13 09:54:19.430516,0.348424,19294949,quotes_shared.public.mv_tbl__quotes_daily__0,1,1043371,1018366,0,0,0,0,0.0094,32,32,0,0,"SELECT sym, pct_range FROM ( SELECT sym, (MAX(bp_max) - MIN(bp_min)) / MIN(bp_min) * 100 AS pct_range FROM quotes_daily GROUP BY sym ) t ORDER BY ABS(pct_range) DESC LIMIT 20"
19294956,2026-08-13 09:54:20.360635,0.594779,19294956,,0,0,3576,0,0,0,0,0.5037,51,35,0,0,"SELECT day, SUM(n_quotes) AS total_quotes, SUM(bs_sum) + SUM(as_sum) AS total_volume, SUM(spread_sum) / SUM(n_quotes) AS avg_spread FROM quotes_daily GROUP BY day ORDER BY day"
19294956,2026-08-13 09:54:20.360635,0.594779,19294956,quotes_shared.public.mv_tbl__quotes_daily__0,1,1043371,1018366,0,0,0,0,0.4976,37,47,0,0,"SELECT day, SUM(n_quotes) AS total_quotes, SUM(bs_sum) + SUM(as_sum) AS total_volume, SUM(spread_sum) / SUM(n_quotes) AS avg_spread FROM quotes_daily GROUP BY day ORDER BY day"
19295022,2026-08-13 09:56:23.102140,342.45943,19295022,,0,0,97,0,0,0,0,0.0588,0,24,0,0,"WITH s AS ( SELECT (ap - bp) AS spread, (bp + ap) / 2.0 AS mid, bs AS bs, ""as"" AS az FROM quotes_typed WHERE sym = 'AAPL' ), agg AS ( SELECT COUNT(*)::float8 AS n, SUM(spread) AS s1, SUM(POWER(spread, 2)) AS s2, SUM(POWER(spread, 3)) AS s3, SUM(POWER"
19295022,2026-08-13 09:56:23.102140,342.45943,19295022,quotes_shared.public.mv_tbl__quotes_typed__0,1,12019647268,51415131,0,0,0,0,340.2319,21,0,0,0,"WITH s AS ( SELECT (ap - bp) AS spread, (bp + ap) / 2.0 AS mid, bs AS bs, ""as"" AS az FROM quotes_typed WHERE sym = 'AAPL' ), agg AS ( SELECT COUNT(*)::float8 AS n, SUM(spread) AS s1, SUM(POWER(spread, 2)) AS s2, SUM(POWER(spread, 3)) AS s3, SUM(POWER"
19295178,2026-08-13 10:02:06.179770,102.551223,19295178,,0,0,155119974,0,0,0,0,99.2277,31,35,0,0,"WITH src AS ( SELECT DATE_TRUNC('hour', TIMESTAMP 'epoch' + payload.t::bigint / 1000 * INTERVAL '1 second') AS hour, payload.bp::float8 AS bp, payload.bs::bigint AS bs, payload.ap::float8 AS ap, payload.t::bigint AS t FROM quotes_streamed WHERE sym ="
19295178,2026-08-13 10:02:06.179770,102.551223,19295178,quotes_shared.public.mv_tbl__quotes_streamed__0,1,22819855404,51706658,0,0,0,0,98.4691,13,2,0,0,"WITH src AS ( SELECT DATE_TRUNC('hour', TIMESTAMP 'epoch' + payload.t::bigint / 1000 * INTERVAL '1 second') AS hour, payload.bp::float8 AS bp, payload.bs::bigint AS bs, payload.ap::float8 AS ap, payload.t::bigint AS t FROM quotes_streamed WHERE sym ="
19295229,2026-08-13 10:03:49.308772,51.347266,19295229,,0,0,97,0,0,0,0,0.0566,0,28,0,0,"WITH s AS ( SELECT (payload.ap::float8 - payload.bp::float8) AS spread, (payload.bp::float8 + payload.ap::float8) / 2.0 AS mid, payload.bs::bigint AS bs, payload.""as""::bigint AS az FROM quotes_streamed WHERE sym = 'AAPL' ), agg AS ( SELECT COUNT(*)::"
19295229,2026-08-13 10:03:49.308772,51.347266,19295229,quotes_shared.public.mv_tbl__quotes_streamed__0,1,22925917431,51774292,0,0,0,0,48.4834,17,1,0,0,"WITH s AS ( SELECT (payload.ap::float8 - payload.bp::float8) AS spread, (payload.bp::float8 + payload.ap::float8) / 2.0 AS mid, payload.bs::bigint AS bs, payload.""as""::bigint AS az FROM quotes_streamed WHERE sym = 'AAPL' ), agg AS ( SELECT COUNT(*)::"
19295240,2026-08-13 10:03:56.846528,1.409778,19295240,,0,0,65,0,0,0,0,0.0026,0,31,0,0,"SELECT COALESCE(SUM(n_quotes), 0) FROM quotes_daily"
19295240,2026-08-13 10:03:56.846528,1.409778,19295240,quotes_shared.public.mv_tbl__quotes_daily__0,1,1072550,1028862,0,0,0,0,0.9057,32,29,0,0,"SELECT COALESCE(SUM(n_quotes), 0) FROM quotes_daily"
19295243,2026-08-13 10:03:58.257881,0.082529,19295243,,0,0,65,0,0,0,0,0.0019,0,24,0,0,SELECT COUNT(*) FROM quotes_daily
19295243,2026-08-13 10:03:58.257881,0.082529,19295243,quotes_shared.public.mv_tbl__quotes_daily__0,1,1072543,1028862,0,0,0,0,0.0013,35,12,0,0,SELECT COUNT(*) FROM quotes_daily
19295246,2026-08-13 10:03:58.341982,2.906488,19295246,,0,0,65,0,0,0,0,0.0023,0,27,0,0,"SELECT COUNT(*) AS days_traded, SUM(n_quotes) AS total_quotes, MIN(bp_min) AS lowest_bid, MAX(bp_max) AS highest_bid, MIN(ap_min) AS lowest_ask, MAX(ap_max) AS highest_ask, SUM(spread_sum) / SUM(n_quotes) AS avg_spread, SUM(bs_sum) AS total_bid_volum"
19295246,2026-08-13 10:03:58.341982,2.906488,19295246,quotes_shared.public.mv_tbl__quotes_daily__0,1,1072503,90,0,0,0,0,2.8045,64,35,0,0,"SELECT COUNT(*) AS days_traded, SUM(n_quotes) AS total_quotes, MIN(bp_min) AS lowest_bid, MAX(bp_max) AS highest_bid, MIN(ap_min) AS lowest_ask, MAX(ap_max) AS highest_ask, SUM(spread_sum) / SUM(n_quotes) AS avg_spread, SUM(bs_sum) AS total_bid_volum"
19295255,2026-08-13 10:04:01.821903,0.106458,19295255,,0,0,239,0,0,0,0,0.0111,91,35,0,0,"SELECT sym, COUNT(*) AS days_traded, SUM(n_quotes) AS total_quotes, MIN(bp_min) AS lowest_bid, MAX(bp_max) AS highest_bid, SUM(spread_sum) / SUM(n_quotes) AS avg_spread FROM quotes_daily WHERE sym IN ('AAPL', 'MSFT', 'GOOGL', 'AMZN', 'TSLA', 'META', "
19295255,2026-08-13 10:04:01.821903,0.106458,19295255,quotes_shared.public.mv_tbl__quotes_daily__0,1,1072550,720,0,0,0,0,0.0066,37,32,0,0,"SELECT sym, COUNT(*) AS days_traded, SUM(n_quotes) AS total_quotes, MIN(bp_min) AS lowest_bid, MAX(bp_max) AS highest_bid, SUM(spread_sum) / SUM(n_quotes) AS avg_spread FROM quotes_daily WHERE sym IN ('AAPL', 'MSFT', 'GOOGL', 'AMZN', 'TSLA', 'META', "
19295262,2026-08-13 10:04:02.502496,0.097547,19295262,,0,0,334764,0,0,0,0,0.0098,14,29,0,0,"SELECT sym, pct_range FROM ( SELECT sym, (MAX(bp_max) - MIN(bp_min)) / MIN(bp_min) * 100 AS pct_range FROM quotes_daily GROUP BY sym ) t ORDER BY ABS(pct_range) DESC LIMIT 20"
19295262,2026-08-13 10:04:02.502496,0.097547,19295262,quotes_shared.public.mv_tbl__quotes_daily__0,1,1072550,1028862,0,0,0,0,0.0068,22,42,0,0,"SELECT sym, pct_range FROM ( SELECT sym, (MAX(bp_max) - MIN(bp_min)) / MIN(bp_min) * 100 AS pct_range FROM quotes_daily GROUP BY sym ) t ORDER BY ABS(pct_range) DESC LIMIT 20"
19295269,2026-08-13 10:04:03.189924,0.47147,19295269,,0,0,3606,0,0,0,0,0.3843,50,21,0,0,"SELECT day, SUM(n_quotes) AS total_quotes, SUM(bs_sum) + SUM(as_sum) AS total_volume, SUM(spread_sum) / SUM(n_quotes) AS avg_spread FROM quotes_daily GROUP BY day ORDER BY day"
19295269,2026-08-13 10:04:03.189924,0.47147,19295269,quotes_shared.public.mv_tbl__quotes_daily__0,1,1072550,1028862,0,0,0,0,0.3810,31,33,0,0,"SELECT day, SUM(n_quotes) AS total_quotes, SUM(bs_sum) + SUM(as_sum) AS total_volume, SUM(spread_sum) / SUM(n_quotes) AS avg_spread FROM quotes_daily GROUP BY day ORDER BY day"
19497989,2026-08-13 10:14:08.560698,3.211901,19497989,,0,0,65,0,0,0,0,0.0025,0,30,0,0,"SELECT COALESCE(SUM(n_quotes), 0) FROM quotes_daily"
19497989,2026-08-13 10:14:08.560698,3.211901,19497989,quotes_shared.public.mv_tbl__quotes_daily__0,1,1065516,1039287,0,0,0,0,1.0622,36,34,0,0,"SELECT COALESCE(SUM(n_quotes), 0) FROM quotes_daily"
19497992,2026-08-13 10:14:11.774456,0.084298,19497992,,0,0,65,0,0,0,0,0.0023,0,24,0,0,SELECT COUNT(*) FROM quotes_daily
19497992,2026-08-13 10:14:11.774456,0.084298,19497992,quotes_shared.public.mv_tbl__quotes_daily__0,1,1065233,1039287,0,0,0,0,0.0017,45,25,0,0,SELECT COUNT(*) FROM quotes_daily
19497995,2026-08-13 10:14:11.860623,2.653618,19497995,,0,0,65,0,0,0,0,0.0021,0,23,0,0,"SELECT COUNT(*) AS days_traded, SUM(n_quotes) AS total_quotes, MIN(bp_min) AS lowest_bid, MAX(bp_max) AS highest_bid, MIN(ap_min) AS lowest_ask, MAX(ap_max) AS highest_ask, SUM(spread_sum) / SUM(n_quotes) AS avg_spread, SUM(bs_sum) AS total_bid_volum"
19497995,2026-08-13 10:14:11.860623,2.653618,19497995,quotes_shared.public.mv_tbl__quotes_daily__0,1,1065469,91,0,0,0,0,2.5659,59,32,0,0,"SELECT COUNT(*) AS days_traded, SUM(n_quotes) AS total_quotes, MIN(bp_min) AS lowest_bid, MAX(bp_max) AS highest_bid, MIN(ap_min) AS lowest_ask, MAX(ap_max) AS highest_ask, SUM(spread_sum) / SUM(n_quotes) AS avg_spread, SUM(bs_sum) AS total_bid_volum"
19498002,2026-08-13 10:14:15.390217,0.409141,19498002,,0,0,241,0,0,0,0,0.3206,91,42,0,0,"SELECT sym, COUNT(*) AS days_traded, SUM(n_quotes) AS total_quotes, MIN(bp_min) AS lowest_bid, MAX(bp_max) AS highest_bid, SUM(spread_sum) / SUM(n_quotes) AS avg_spread FROM quotes_daily WHERE sym IN ('AAPL', 'MSFT', 'GOOGL', 'AMZN', 'TSLA', 'META', "
19498002,2026-08-13 10:14:15.390217,0.409141,19498002,quotes_shared.public.mv_tbl__quotes_daily__0,1,1065516,728,0,0,0,0,0.3069,48,92,0,0,"SELECT sym, COUNT(*) AS days_traded, SUM(n_quotes) AS total_quotes, MIN(bp_min) AS lowest_bid, MAX(bp_max) AS highest_bid, SUM(spread_sum) / SUM(n_quotes) AS avg_spread FROM quotes_daily WHERE sym IN ('AAPL', 'MSFT', 'GOOGL', 'AMZN', 'TSLA', 'META', "
19498009,2026-08-13 10:14:16.375664,0.092889,19498009,,0,0,333416,0,0,0,0,0.0123,13,27,0,0,"SELECT sym, pct_range FROM ( SELECT sym, (MAX(bp_max) - MIN(bp_min)) / MIN(bp_min) * 100 AS pct_range FROM quotes_daily GROUP BY sym ) t ORDER BY ABS(pct_range) DESC LIMIT 20"
19498009,2026-08-13 10:14:16.375664,0.092889,19498009,quotes_shared.public.mv_tbl__quotes_daily__0,1,1065516,1039287,0,0,0,0,0.0093,20,53,0,0,"SELECT sym, pct_range FROM ( SELECT sym, (MAX(bp_max) - MIN(bp_min)) / MIN(bp_min) * 100 AS pct_range FROM quotes_daily GROUP BY sym ) t ORDER BY ABS(pct_range) DESC LIMIT 20"
19498016,2026-08-13 10:14:17.053665,0.49469,19498016,,0,0,3636,0,0,0,0,0.4203,50,17,0,0,"SELECT day, SUM(n_quotes) AS total_quotes, SUM(bs_sum) + SUM(as_sum) AS total_volume, SUM(spread_sum) / SUM(n_quotes) AS avg_spread FROM quotes_daily GROUP BY day ORDER BY day"
19498016,2026-08-13 10:14:17.053665,0.49469,19498016,quotes_shared.public.mv_tbl__quotes_daily__0,1,1065516,1039287,0,0,0,0,0.4168,46,37,0,0,"SELECT day, SUM(n_quotes) AS total_quotes, SUM(bs_sum) + SUM(as_sum) AS total_volume, SUM(spread_sum) / SUM(n_quotes) AS avg_spread FROM quotes_daily GROUP BY day ORDER BY day"
19701061,2026-08-13 10:24:06.643092,3.290352,19701061,,0,0,65,0,0,0,0,0.0041,0,31,0,0,"SELECT COALESCE(SUM(n_quotes), 0) FROM quotes_daily"
19701061,2026-08-13 10:24:06.643092,3.290352,19701061,quotes_shared.public.mv_tbl__quotes_daily__0,1,1080587,1049678,0,0,0,0,1.0033,43,27,0,0,"SELECT COALESCE(SUM(n_quotes), 0) FROM quotes_daily"
19701064,2026-08-13 10:24:09.935511,0.112004,19701064,,0,0,65,0,0,0,0,0.0087,0,35,0,0,SELECT COUNT(*) FROM quotes_daily
19701064,2026-08-13 10:24:09.935511,0.112004,19701064,quotes_shared.public.mv_tbl__quotes_daily__0,1,1080576,1049678,0,0,0,0,0.0043,66,38,0,0,SELECT COUNT(*) FROM quotes_daily
19701067,2026-08-13 10:24:10.049345,2.743381,19701067,,0,0,65,0,0,0,0,0.0023,0,33,0,0,"SELECT COUNT(*) AS days_traded, SUM(n_quotes) AS total_quotes, MIN(bp_min) AS lowest_bid, MAX(bp_max) AS highest_bid, MIN(ap_min) AS lowest_ask, MAX(ap_max) AS highest_ask, SUM(spread_sum) / SUM(n_quotes) AS avg_spread, SUM(bs_sum) AS total_bid_volum"
19701067,2026-08-13 10:24:10.049345,2.743381,19701067,quotes_shared.public.mv_tbl__quotes_daily__0,1,1080529,92,0,0,0,0,2.6331,58,31,0,0,"SELECT COUNT(*) AS days_traded, SUM(n_quotes) AS total_quotes, MIN(bp_min) AS lowest_bid, MAX(bp_max) AS highest_bid, MIN(ap_min) AS lowest_ask, MAX(ap_max) AS highest_ask, SUM(spread_sum) / SUM(n_quotes) AS avg_spread, SUM(bs_sum) AS total_bid_volum"
19701074,2026-08-13 10:24:13.621904,0.434748,19701074,,0,0,243,0,0,0,0,0.3296,91,25,0,0,"SELECT sym, COUNT(*) AS days_traded, SUM(n_quotes) AS total_quotes, MIN(bp_min) AS lowest_bid, MAX(bp_max) AS highest_bid, SUM(spread_sum) / SUM(n_quotes) AS avg_spread FROM quotes_daily WHERE sym IN ('AAPL', 'MSFT', 'GOOGL', 'AMZN', 'TSLA', 'META', "
19701074,2026-08-13 10:24:13.621904,0.434748,19701074,quotes_shared.public.mv_tbl__quotes_daily__0,1,1080587,736,0,0,0,0,0.3258,43,92,0,0,"SELECT sym, COUNT(*) AS days_traded, SUM(n_quotes) AS total_quotes, MIN(bp_min) AS lowest_bid, MAX(bp_max) AS highest_bid, SUM(spread_sum) / SUM(n_quotes) AS avg_spread FROM quotes_daily WHERE sym IN ('AAPL', 'MSFT', 'GOOGL', 'AMZN', 'TSLA', 'META', "
19701081,2026-08-13 10:24:14.605404,0.108485,19701081,,0,0,335548,0,0,0,0,0.0098,14,23,0,0,"SELECT sym, pct_range FROM ( SELECT sym, (MAX(bp_max) - MIN(bp_min)) / MIN(bp_min) * 100 AS pct_range FROM quotes_daily GROUP BY sym ) t ORDER BY ABS(pct_range) DESC LIMIT 20"
19701081,2026-08-13 10:24:14.605404,0.108485,19701081,quotes_shared.public.mv_tbl__quotes_daily__0,1,1080587,1049678,0,0,0,0,0.0065,23,36,0,0,"SELECT sym, pct_range FROM ( SELECT sym, (MAX(bp_max) - MIN(bp_min)) / MIN(bp_min) * 100 AS pct_range FROM quotes_daily GROUP BY sym ) t ORDER BY ABS(pct_range) DESC LIMIT 20"
19701088,2026-08-13 10:24:15.278173,0.594037,19701088,,0,0,3670,0,0,0,0,0.4988,50,24,0,0,"SELECT day, SUM(n_quotes) AS total_quotes, SUM(bs_sum) + SUM(as_sum) AS total_volume, SUM(spread_sum) / SUM(n_quotes) AS avg_spread FROM quotes_daily GROUP BY day ORDER BY day"
19701088,2026-08-13 10:24:15.278173,0.594037,19701088,quotes_shared.public.mv_tbl__quotes_daily__0,1,1080587,1049678,0,0,0,0,0.4951,44,50,0,0,"SELECT day, SUM(n_quotes) AS total_quotes, SUM(bs_sum) + SUM(as_sum) AS total_volume, SUM(spread_sum) / SUM(n_quotes) AS avg_spread FROM quotes_daily GROUP BY day ORDER BY day"
19904133,2026-08-13 10:34:07.765794,3.762478,19904133,,0,0,65,0,0,0,0,0.0045,0,44,0,0,"SELECT COALESCE(SUM(n_quotes), 0) FROM quotes_daily"
19904133,2026-08-13 10:34:07.765794,3.762478,19904133,quotes_shared.public.mv_tbl__quotes_daily__0,1,1087243,1065293,0,0,0,0,1.1837,35,26,0,0,"SELECT COALESCE(SUM(n_quotes), 0) FROM quotes_daily"
19904136,2026-08-13 10:34:11.530210,0.084086,19904136,,0,0,65,0,0,0,0,0.0019,0,19,0,0,SELECT COUNT(*) FROM quotes_daily
19904136,2026-08-13 10:34:11.530210,0.084086,19904136,quotes_shared.public.mv_tbl__quotes_daily__0,1,1087243,1065293,0,0,0,0,0.0016,36,12,0,0,SELECT COUNT(*) FROM quotes_daily
19904139,2026-08-13 10:34:11.616070,2.877104,19904139,,0,0,65,0,0,0,0,0.0028,0,30,0,0,"SELECT COUNT(*) AS days_traded, SUM(n_quotes) AS total_quotes, MIN(bp_min) AS lowest_bid, MAX(bp_max) AS highest_bid, MIN(ap_min) AS lowest_ask, MAX(ap_max) AS highest_ask, SUM(spread_sum) / SUM(n_quotes) AS avg_spread, SUM(bs_sum) AS total_bid_volum"
19904139,2026-08-13 10:34:11.616070,2.877104,19904139,quotes_shared.public.mv_tbl__quotes_daily__0,1,1087196,93,0,0,0,0,2.7710,58,38,0,0,"SELECT COUNT(*) AS days_traded, SUM(n_quotes) AS total_quotes, MIN(bp_min) AS lowest_bid, MAX(bp_max) AS highest_bid, MIN(ap_min) AS lowest_ask, MAX(ap_max) AS highest_ask, SUM(spread_sum) / SUM(n_quotes) AS avg_spread, SUM(bs_sum) AS total_bid_volum"
19904146,2026-08-13 10:34:15.338631,0.43665,19904146,,0,0,244,0,0,0,0,0.3320,91,19,0,0,"SELECT sym, COUNT(*) AS days_traded, SUM(n_quotes) AS total_quotes, MIN(bp_min) AS lowest_bid, MAX(bp_max) AS highest_bid, SUM(spread_sum) / SUM(n_quotes) AS avg_spread FROM quotes_daily WHERE sym IN ('AAPL', 'MSFT', 'GOOGL', 'AMZN', 'TSLA', 'META', "
19904146,2026-08-13 10:34:15.338631,0.43665,19904146,quotes_shared.public.mv_tbl__quotes_daily__0,1,1087243,744,0,0,0,0,0.3258,43,92,0,0,"SELECT sym, COUNT(*) AS days_traded, SUM(n_quotes) AS total_quotes, MIN(bp_min) AS lowest_bid, MAX(bp_max) AS highest_bid, SUM(spread_sum) / SUM(n_quotes) AS avg_spread FROM quotes_daily WHERE sym IN ('AAPL', 'MSFT', 'GOOGL', 'AMZN', 'TSLA', 'META', "
19904155,2026-08-13 10:34:16.323696,0.108749,19904155,,0,0,335670,0,0,0,0,0.0132,14,19,0,0,"SELECT sym, pct_range FROM ( SELECT sym, (MAX(bp_max) - MIN(bp_min)) / MIN(bp_min) * 100 AS pct_range FROM quotes_daily GROUP BY sym ) t ORDER BY ABS(pct_range) DESC LIMIT 20"
19904155,2026-08-13 10:34:16.323696,0.108749,19904155,quotes_shared.public.mv_tbl__quotes_daily__0,1,1087243,1065293,0,0,0,0,0.0088,26,27,0,0,"SELECT sym, pct_range FROM ( SELECT sym, (MAX(bp_max) - MIN(bp_min)) / MIN(bp_min) * 100 AS pct_range FROM quotes_daily GROUP BY sym ) t ORDER BY ABS(pct_range) DESC LIMIT 20"
19904162,2026-08-13 10:34:17.045662,0.488309,19904162,,0,0,3740,0,0,0,0,0.3969,49,35,0,0,"SELECT day, SUM(n_quotes) AS total_quotes, SUM(bs_sum) + SUM(as_sum) AS total_volume, SUM(spread_sum) / SUM(n_quotes) AS avg_spread FROM quotes_daily GROUP BY day ORDER BY day"
19904162,2026-08-13 10:34:17.045662,0.488309,19904162,quotes_shared.public.mv_tbl__quotes_daily__0,1,1087243,1065293,0,0,0,0,0.3916,36,37,0,0,"SELECT day, SUM(n_quotes) AS total_quotes, SUM(bs_sum) + SUM(as_sum) AS total_volume, SUM(spread_sum) / SUM(n_quotes) AS avg_spread FROM quotes_daily GROUP BY day ORDER BY day"
20107205,2026-08-13 10:44:07.837859,3.3707,20107205,,0,0,65,0,0,0,0,0.0081,0,31,0,0,"SELECT COALESCE(SUM(n_quotes), 0) FROM quotes_daily"
20107205,2026-08-13 10:44:07.837859,3.3707,20107205,quotes_shared.public.mv_tbl__quotes_daily__0,1,1097609,1075218,0,0,0,0,1.0569,44,34,0,0,"SELECT COALESCE(SUM(n_quotes), 0) FROM quotes_daily"
20107208,2026-08-13 10:44:11.210427,0.107968,20107208,,0,0,65,0,0,0,0,0.0074,0,28,0,0,SELECT COUNT(*) FROM quotes_daily
20107208,2026-08-13 10:44:11.210427,0.107968,20107208,quotes_shared.public.mv_tbl__quotes_daily__0,1,1097609,1075218,0,0,0,0,0.0087,58,37,0,0,SELECT COUNT(*) FROM quotes_daily
20107211,2026-08-13 10:44:11.320235,2.398235,20107211,,0,0,65,0,0,0,0,0.0108,0,29,0,0,"SELECT COUNT(*) AS days_traded, SUM(n_quotes) AS total_quotes, MIN(bp_min) AS lowest_bid, MAX(bp_max) AS highest_bid, MIN(ap_min) AS lowest_ask, MAX(ap_max) AS highest_ask, SUM(spread_sum) / SUM(n_quotes) AS avg_spread, SUM(bs_sum) AS total_bid_volum"
20107211,2026-08-13 10:44:11.320235,2.398235,20107211,quotes_shared.public.mv_tbl__quotes_daily__0,1,1097562,94,0,0,0,0,2.2923,58,24,0,0,"SELECT COUNT(*) AS days_traded, SUM(n_quotes) AS total_quotes, MIN(bp_min) AS lowest_bid, MAX(bp_max) AS highest_bid, MIN(ap_min) AS lowest_ask, MAX(ap_max) AS highest_ask, SUM(spread_sum) / SUM(n_quotes) AS avg_spread, SUM(bs_sum) AS total_bid_volum"
20107218,2026-08-13 10:44:14.628934,0.389373,20107218,,0,0,243,0,0,0,0,0.2933,91,17,0,0,"SELECT sym, COUNT(*) AS days_traded, SUM(n_quotes) AS total_quotes, MIN(bp_min) AS lowest_bid, MAX(bp_max) AS highest_bid, SUM(spread_sum) / SUM(n_quotes) AS avg_spread FROM quotes_daily WHERE sym IN ('AAPL', 'MSFT', 'GOOGL', 'AMZN', 'TSLA', 'META', "
20107218,2026-08-13 10:44:14.628934,0.389373,20107218,quotes_shared.public.mv_tbl__quotes_daily__0,1,1097609,752,0,0,0,0,0.2888,45,92,0,0,"SELECT sym, COUNT(*) AS days_traded, SUM(n_quotes) AS total_quotes, MIN(bp_min) AS lowest_bid, MAX(bp_max) AS highest_bid, SUM(spread_sum) / SUM(n_quotes) AS avg_spread FROM quotes_daily WHERE sym IN ('AAPL', 'MSFT', 'GOOGL', 'AMZN', 'TSLA', 'META', "
20107225,2026-08-13 10:44:15.635735,0.097492,20107225,,0,0,336139,0,0,0,0,0.0130,14,25,0,0,"SELECT sym, pct_range FROM ( SELECT sym, (MAX(bp_max) - MIN(bp_min)) / MIN(bp_min) * 100 AS pct_range FROM quotes_daily GROUP BY sym ) t ORDER BY ABS(pct_range) DESC LIMIT 20"
20107225,2026-08-13 10:44:15.635735,0.097492,20107225,quotes_shared.public.mv_tbl__quotes_daily__0,1,1097609,1075218,0,0,0,0,0.0065,25,28,0,0,"SELECT sym, pct_range FROM ( SELECT sym, (MAX(bp_max) - MIN(bp_min)) / MIN(bp_min) * 100 AS pct_range FROM quotes_daily GROUP BY sym ) t ORDER BY ABS(pct_range) DESC LIMIT 20"
20107232,2026-08-13 10:44:16.343778,0.39476,20107232,,0,0,3757,0,0,0,0,0.3137,48,26,0,0,"SELECT day, SUM(n_quotes) AS total_quotes, SUM(bs_sum) + SUM(as_sum) AS total_volume, SUM(spread_sum) / SUM(n_quotes) AS avg_spread FROM quotes_daily GROUP BY day ORDER BY day"
20107232,2026-08-13 10:44:16.343778,0.39476,20107232,quotes_shared.public.mv_tbl__quotes_daily__0,1,1097609,1075218,0,0,0,0,0.3090,46,30,0,0,"SELECT day, SUM(n_quotes) AS total_quotes, SUM(bs_sum) + SUM(as_sum) AS total_volume, SUM(spread_sum) / SUM(n_quotes) AS avg_spread FROM quotes_daily GROUP BY day ORDER BY day"
20310280,2026-08-13 10:54:07.199106,3.481719,20310280,,0,0,65,0,0,0,0,0.0029,0,62,0,0,"SELECT COALESCE(SUM(n_quotes), 0) FROM quotes_daily"
20310280,2026-08-13 10:54:07.199106,3.481719,20310280,quotes_shared.public.mv_tbl__quotes_daily__0,1,1118811,1076172,0,0,0,0,0.7998,49,50,0,0,"SELECT COALESCE(SUM(n_quotes), 0) FROM quotes_daily"
20310277,2026-08-13 10:54:07.199790,3.481033,20310277,,0,0,65,0,0,0,0,0.0031,0,24,0,0,"SELECT COALESCE(SUM(n_quotes), 0) FROM quotes_daily"
20310277,2026-08-13 10:54:07.199790,3.481033,20310277,quotes_shared.public.mv_tbl__quotes_daily__0,1,1118811,1076172,0,0,0,0,1.0210,49,40,0,0,"SELECT COALESCE(SUM(n_quotes), 0) FROM quotes_daily"
20310283,2026-08-13 10:54:10.682574,0.103027,20310283,,0,0,65,0,0,0,0,0.0022,0,35,0,0,SELECT COUNT(*) FROM quotes_daily
20310283,2026-08-13 10:54:10.682574,0.103027,20310283,quotes_shared.public.mv_tbl__quotes_daily__0,1,1118291,1076172,0,0,0,0,0.0029,74,18,0,0,SELECT COUNT(*) FROM quotes_daily
20310284,2026-08-13 10:54:10.682765,0.10306,20310284,,0,0,65,0,0,0,0,0.0025,0,70,0,0,SELECT COUNT(*) FROM quotes_daily
20310284,2026-08-13 10:54:10.682765,0.10306,20310284,quotes_shared.public.mv_tbl__quotes_daily__0,1,1118291,1076172,0,0,0,0,0.0028,52,17,0,0,SELECT COUNT(*) FROM quotes_daily
20310289,2026-08-13 10:54:10.787277,5.159606,20310289,,0,0,65,0,0,0,0,0.0080,0,42,0,0,"SELECT COUNT(*) AS days_traded, SUM(n_quotes) AS total_quotes, MIN(bp_min) AS lowest_bid, MAX(bp_max) AS highest_bid, MIN(ap_min) AS lowest_ask, MAX(ap_max) AS highest_ask, SUM(spread_sum) / SUM(n_quotes) AS avg_spread, SUM(bs_sum) AS total_bid_volum"
20310289,2026-08-13 10:54:10.787277,5.159606,20310289,quotes_shared.public.mv_tbl__quotes_daily__0,1,1118522,94,0,0,0,0,5.0609,58,13,0,0,"SELECT COUNT(*) AS days_traded, SUM(n_quotes) AS total_quotes, MIN(bp_min) AS lowest_bid, MAX(bp_max) AS highest_bid, MIN(ap_min) AS lowest_ask, MAX(ap_max) AS highest_ask, SUM(spread_sum) / SUM(n_quotes) AS avg_spread, SUM(bs_sum) AS total_bid_volum"
20310292,2026-08-13 10:54:10.787567,156.440168,20310292,,0,0,160988502,0,0,0,0,154.0011,31,40,0,0,"WITH src AS ( SELECT DATE_TRUNC('hour', TIMESTAMP 'epoch' + t / 1000 * INTERVAL '1 second') AS hour, bp, bs, ap, t FROM quotes_typed WHERE sym = 'AAPL' ), ranked AS ( SELECT hour, bp, bs, ap, ROW_NUMBER() OVER (PARTITION BY hour ORDER BY t ASC) AS rn"
20310292,2026-08-13 10:54:10.787567,156.440168,20310292,quotes_shared.public.mv_tbl__quotes_typed__0,1,13399363105,53662834,0,0,0,0,153.5079,24,1,0,0,"WITH src AS ( SELECT DATE_TRUNC('hour', TIMESTAMP 'epoch' + t / 1000 * INTERVAL '1 second') AS hour, bp, bs, ap, t FROM quotes_typed WHERE sym = 'AAPL' ), ranked AS ( SELECT hour, bp, bs, ap, ROW_NUMBER() OVER (PARTITION BY hour ORDER BY t ASC) AS rn"
20310299,2026-08-13 10:54:16.771960,0.456522,20310299,,0,0,241,0,0,0,0,0.3618,91,19,0,0,"SELECT sym, COUNT(*) AS days_traded, SUM(n_quotes) AS total_quotes, MIN(bp_min) AS lowest_bid, MAX(bp_max) AS highest_bid, SUM(spread_sum) / SUM(n_quotes) AS avg_spread FROM quotes_daily WHERE sym IN ('AAPL', 'MSFT', 'GOOGL', 'AMZN', 'TSLA', 'META', "
20310299,2026-08-13 10:54:16.771960,0.456522,20310299,quotes_shared.public.mv_tbl__quotes_daily__0,1,1118811,752,0,0,0,0,0.3572,45,93,0,0,"SELECT sym, COUNT(*) AS days_traded, SUM(n_quotes) AS total_quotes, MIN(bp_min) AS lowest_bid, MAX(bp_max) AS highest_bid, SUM(spread_sum) / SUM(n_quotes) AS avg_spread FROM quotes_daily WHERE sym IN ('AAPL', 'MSFT', 'GOOGL', 'AMZN', 'TSLA', 'META', "
20310309,2026-08-13 10:54:17.822267,0.115748,20310309,,0,0,336817,0,0,0,0,0.0208,14,26,0,0,"SELECT sym, pct_range FROM ( SELECT sym, (MAX(bp_max) - MIN(bp_min)) / MIN(bp_min) * 100 AS pct_range FROM quotes_daily GROUP BY sym ) t ORDER BY ABS(pct_range) DESC LIMIT 20"
20310309,2026-08-13 10:54:17.822267,0.115748,20310309,quotes_shared.public.mv_tbl__quotes_daily__0,1,1118811,1076172,0,0,0,0,0.0106,24,46,0,0,"SELECT sym, pct_range FROM ( SELECT sym, (MAX(bp_max) - MIN(bp_min)) / MIN(bp_min) * 100 AS pct_range FROM quotes_daily GROUP BY sym ) t ORDER BY ABS(pct_range) DESC LIMIT 20"
20310316,2026-08-13 10:54:18.532963,0.456655,20310316,,0,0,3768,0,0,0,0,0.3766,48,26,0,0,"SELECT day, SUM(n_quotes) AS total_quotes, SUM(bs_sum) + SUM(as_sum) AS total_volume, SUM(spread_sum) / SUM(n_quotes) AS avg_spread FROM quotes_daily GROUP BY day ORDER BY day"
20310316,2026-08-13 10:54:18.532963,0.456655,20310316,quotes_shared.public.mv_tbl__quotes_daily__0,1,1118811,1076172,0,0,0,0,0.3710,37,38,0,0,"SELECT day, SUM(n_quotes) AS total_quotes, SUM(bs_sum) + SUM(as_sum) AS total_volume, SUM(spread_sum) / SUM(n_quotes) AS avg_spread FROM quotes_daily GROUP BY day ORDER BY day"
20310396,2026-08-13 10:56:47.918841,339.519636,20310396,,0,0,97,0,0,0,0,0.0573,0,30,0,0,"WITH s AS ( SELECT (ap - bp) AS spread, (bp + ap) / 2.0 AS mid, bs AS bs, ""as"" AS az FROM quotes_typed WHERE sym = 'AAPL' ), agg AS ( SELECT COUNT(*)::float8 AS n, SUM(spread) AS s1, SUM(POWER(spread, 2)) AS s2, SUM(POWER(spread, 3)) AS s3, SUM(POWER"
20310396,2026-08-13 10:56:47.918841,339.519636,20310396,quotes_shared.public.mv_tbl__quotes_typed__0,1,13463157354,53739462,0,0,0,0,337.3572,18,3,0,0,"WITH s AS ( SELECT (ap - bp) AS spread, (bp + ap) / 2.0 AS mid, bs AS bs, ""as"" AS az FROM quotes_typed WHERE sym = 'AAPL' ), agg AS ( SELECT COUNT(*)::float8 AS n, SUM(spread) AS s1, SUM(POWER(spread, 2)) AS s2, SUM(POWER(spread, 3)) AS s3, SUM(POWER"
20310547,2026-08-13 11:02:28.109166,120.270434,20310547,,0,0,161909010,0,0,0,0,115.4987,31,39,0,0,"WITH src AS ( SELECT DATE_TRUNC('hour', TIMESTAMP 'epoch' + payload.t::bigint / 1000 * INTERVAL '1 second') AS hour, payload.bp::float8 AS bp, payload.bs::bigint AS bs, payload.ap::float8 AS ap, payload.t::bigint AS t FROM quotes_streamed WHERE sym ="
20310547,2026-08-13 11:02:28.109166,120.270434,20310547,quotes_shared.public.mv_tbl__quotes_streamed__0,1,26443889449,53969670,0,0,0,0,114.5071,12,0,0,0,"WITH src AS ( SELECT DATE_TRUNC('hour', TIMESTAMP 'epoch' + payload.t::bigint / 1000 * INTERVAL '1 second') AS hour, payload.bp::float8 AS bp, payload.bs::bigint AS bs, payload.ap::float8 AS ap, payload.t::bigint AS t FROM quotes_streamed WHERE sym ="
20310594,2026-08-13 11:03:56.851410,2.464568,20310594,,0,0,65,0,0,0,0,0.0050,0,27,0,0,"SELECT COALESCE(SUM(n_quotes), 0) FROM quotes_daily"
20310594,2026-08-13 11:03:56.851410,2.464568,20310594,quotes_shared.public.mv_tbl__quotes_daily__0,1,1117313,1086565,0,0,0,0,0.9128,41,40,0,0,"SELECT COALESCE(SUM(n_quotes), 0) FROM quotes_daily"
20310598,2026-08-13 11:03:59.317681,0.084346,20310598,,0,0,65,0,0,0,0,0.0017,0,19,0,0,SELECT COUNT(*) FROM quotes_daily
20310598,2026-08-13 11:03:59.317681,0.084346,20310598,quotes_shared.public.mv_tbl__quotes_daily__0,1,1117313,1086565,0,0,0,0,0.0014,45,17,0,0,SELECT COUNT(*) FROM quotes_daily
20310601,2026-08-13 11:03:59.403804,2.566004,20310601,,0,0,65,0,0,0,0,0.0023,0,33,0,0,"SELECT COUNT(*) AS days_traded, SUM(n_quotes) AS total_quotes, MIN(bp_min) AS lowest_bid, MAX(bp_max) AS highest_bid, MIN(ap_min) AS lowest_ask, MAX(ap_max) AS highest_ask, SUM(spread_sum) / SUM(n_quotes) AS avg_spread, SUM(bs_sum) AS total_bid_volum"
20310601,2026-08-13 11:03:59.403804,2.566004,20310601,quotes_shared.public.mv_tbl__quotes_daily__0,1,1117266,95,0,0,0,0,2.4759,62,38,0,0,"SELECT COUNT(*) AS days_traded, SUM(n_quotes) AS total_quotes, MIN(bp_min) AS lowest_bid, MAX(bp_max) AS highest_bid, MIN(ap_min) AS lowest_ask, MAX(ap_max) AS highest_ask, SUM(spread_sum) / SUM(n_quotes) AS avg_spread, SUM(bs_sum) AS total_bid_volum"
20310608,2026-08-13 11:04:02.569542,0.121349,20310608,,0,0,250,0,0,0,0,0.0143,91,25,0,0,"SELECT sym, COUNT(*) AS days_traded, SUM(n_quotes) AS total_quotes, MIN(bp_min) AS lowest_bid, MAX(bp_max) AS highest_bid, SUM(spread_sum) / SUM(n_quotes) AS avg_spread FROM quotes_daily WHERE sym IN ('AAPL', 'MSFT', 'GOOGL', 'AMZN', 'TSLA', 'META', "
20310608,2026-08-13 11:04:02.569542,0.121349,20310608,quotes_shared.public.mv_tbl__quotes_daily__0,1,1117313,760,0,0,0,0,0.0078,47,41,0,0,"SELECT sym, COUNT(*) AS days_traded, SUM(n_quotes) AS total_quotes, MIN(bp_min) AS lowest_bid, MAX(bp_max) AS highest_bid, SUM(spread_sum) / SUM(n_quotes) AS avg_spread FROM quotes_daily WHERE sym IN ('AAPL', 'MSFT', 'GOOGL', 'AMZN', 'TSLA', 'META', "
20310615,2026-08-13 11:04:03.319170,0.111022,20310615,,0,0,329351,0,0,0,0,0.0114,14,26,0,0,"SELECT sym, pct_range FROM ( SELECT sym, (MAX(bp_max) - MIN(bp_min)) / MIN(bp_min) * 100 AS pct_range FROM quotes_daily GROUP BY sym ) t ORDER BY ABS(pct_range) DESC LIMIT 20"
20310615,2026-08-13 11:04:03.319170,0.111022,20310615,quotes_shared.public.mv_tbl__quotes_daily__0,1,1117313,1086565,0,0,0,0,0.0070,23,36,0,0,"SELECT sym, pct_range FROM ( SELECT sym, (MAX(bp_max) - MIN(bp_min)) / MIN(bp_min) * 100 AS pct_range FROM quotes_daily GROUP BY sym ) t ORDER BY ABS(pct_range) DESC LIMIT 20"
20310622,2026-08-13 11:04:04.989251,0.417043,20310622,,0,0,3804,0,0,0,0,0.3220,48,55,0,0,"SELECT day, SUM(n_quotes) AS total_quotes, SUM(bs_sum) + SUM(as_sum) AS total_volume, SUM(spread_sum) / SUM(n_quotes) AS avg_spread FROM quotes_daily GROUP BY day ORDER BY day"
20310622,2026-08-13 11:04:04.989251,0.417043,20310622,quotes_shared.public.mv_tbl__quotes_daily__0,1,1117313,1086565,0,0,0,0,0.3189,33,32,0,0,"SELECT day, SUM(n_quotes) AS total_quotes, SUM(bs_sum) + SUM(as_sum) AS total_volume, SUM(spread_sum) / SUM(n_quotes) AS avg_spread FROM quotes_daily GROUP BY day ORDER BY day"
20310642,2026-08-13 11:04:29.005669,80.775735,20310642,,0,0,97,0,0,0,0,0.0589,0,26,0,0,"WITH s AS ( SELECT (payload.ap::float8 - payload.bp::float8) AS spread, (payload.bp::float8 + payload.ap::float8) / 2.0 AS mid, payload.bs::bigint AS bs, payload.""as""::bigint AS az FROM quotes_streamed WHERE sym = 'AAPL' ), agg AS ( SELECT COUNT(*)::"
20310642,2026-08-13 11:04:29.005669,80.775735,20310642,quotes_shared.public.mv_tbl__quotes_streamed__0,1,26561966027,54031413,0,0,0,0,77.6157,20,8,0,0,"WITH s AS ( SELECT (payload.ap::float8 - payload.bp::float8) AS spread, (payload.bp::float8 + payload.ap::float8) / 2.0 AS mid, payload.bs::bigint AS bs, payload.""as""::bigint AS az FROM quotes_streamed WHERE sym = 'AAPL' ), agg AS ( SELECT COUNT(*)::"
20513349,2026-08-13 11:14:07.266830,3.309384,20513349,,0,0,65,0,0,0,0,0.0026,0,31,0,0,"SELECT COALESCE(SUM(n_quotes), 0) FROM quotes_daily"
20513349,2026-08-13 11:14:07.266830,3.309384,20513349,quotes_shared.public.mv_tbl__quotes_daily__0,1,1121891,1096916,0,0,0,0,1.0141,44,32,0,0,"SELECT COALESCE(SUM(n_quotes), 0) FROM quotes_daily"
20513352,2026-08-13 11:14:10.578366,0.088885,20513352,,0,0,65,0,0,0,0,0.0052,0,23,0,0,SELECT COUNT(*) FROM quotes_daily
20513352,2026-08-13 11:14:10.578366,0.088885,20513352,quotes_shared.public.mv_tbl__quotes_daily__0,1,1121285,1096916,0,0,0,0,0.0044,65,54,0,0,SELECT COUNT(*) FROM quotes_daily
20513355,2026-08-13 11:14:10.669039,2.735062,20513355,,0,0,65,0,0,0,0,0.0022,0,23,0,0,"SELECT COUNT(*) AS days_traded, SUM(n_quotes) AS total_quotes, MIN(bp_min) AS lowest_bid, MAX(bp_max) AS highest_bid, MIN(ap_min) AS lowest_ask, MAX(ap_max) AS highest_ask, SUM(spread_sum) / SUM(n_quotes) AS avg_spread, SUM(bs_sum) AS total_bid_volum"
20513355,2026-08-13 11:14:10.669039,2.735062,20513355,quotes_shared.public.mv_tbl__quotes_daily__0,1,1121518,96,0,0,0,0,2.6467,66,30,0,0,"SELECT COUNT(*) AS days_traded, SUM(n_quotes) AS total_quotes, MIN(bp_min) AS lowest_bid, MAX(bp_max) AS highest_bid, MIN(ap_min) AS lowest_ask, MAX(ap_max) AS highest_ask, SUM(spread_sum) / SUM(n_quotes) AS avg_spread, SUM(bs_sum) AS total_bid_volum"
20513362,2026-08-13 11:14:14.291687,0.42463,20513362,,0,0,246,0,0,0,0,0.3286,91,25,0,0,"SELECT sym, COUNT(*) AS days_traded, SUM(n_quotes) AS total_quotes, MIN(bp_min) AS lowest_bid, MAX(bp_max) AS highest_bid, SUM(spread_sum) / SUM(n_quotes) AS avg_spread FROM quotes_daily WHERE sym IN ('AAPL', 'MSFT', 'GOOGL', 'AMZN', 'TSLA', 'META', "
20513362,2026-08-13 11:14:14.291687,0.42463,20513362,quotes_shared.public.mv_tbl__quotes_daily__0,1,1121891,768,0,0,0,0,0.3239,47,92,0,0,"SELECT sym, COUNT(*) AS days_traded, SUM(n_quotes) AS total_quotes, MIN(bp_min) AS lowest_bid, MAX(bp_max) AS highest_bid, SUM(spread_sum) / SUM(n_quotes) AS avg_spread FROM quotes_daily WHERE sym IN ('AAPL', 'MSFT', 'GOOGL', 'AMZN', 'TSLA', 'META', "
20513369,2026-08-13 11:14:15.317697,0.102624,20513369,,0,0,338298,0,0,0,0,0.0105,14,18,0,0,"SELECT sym, pct_range FROM ( SELECT sym, (MAX(bp_max) - MIN(bp_min)) / MIN(bp_min) * 100 AS pct_range FROM quotes_daily GROUP BY sym ) t ORDER BY ABS(pct_range) DESC LIMIT 20"
20513369,2026-08-13 11:14:15.317697,0.102624,20513369,quotes_shared.public.mv_tbl__quotes_daily__0,1,1121891,1096916,0,0,0,0,0.0063,24,26,0,0,"SELECT sym, pct_range FROM ( SELECT sym, (MAX(bp_max) - MIN(bp_min)) / MIN(bp_min) * 100 AS pct_range FROM quotes_daily GROUP BY sym ) t ORDER BY ABS(pct_range) DESC LIMIT 20"
20513376,2026-08-13 11:14:16.016168,0.444379,20513376,,0,0,3830,0,0,0,0,0.3680,47,14,0,0,"SELECT day, SUM(n_quotes) AS total_quotes, SUM(bs_sum) + SUM(as_sum) AS total_volume, SUM(spread_sum) / SUM(n_quotes) AS avg_spread FROM quotes_daily GROUP BY day ORDER BY day"
20513376,2026-08-13 11:14:16.016168,0.444379,20513376,quotes_shared.public.mv_tbl__quotes_daily__0,1,1121891,1096916,0,0,0,0,0.3644,40,29,0,0,"SELECT day, SUM(n_quotes) AS total_quotes, SUM(bs_sum) + SUM(as_sum) AS total_volume, SUM(spread_sum) / SUM(n_quotes) AS avg_spread FROM quotes_daily GROUP BY day ORDER BY day"
20716421,2026-08-13 11:24:08.607440,3.648674,20716421,,0,0,65,0,0,0,0,0.0042,0,29,0,0,"SELECT COALESCE(SUM(n_quotes), 0) FROM quotes_daily"
20716421,2026-08-13 11:24:08.607440,3.648674,20716421,quotes_shared.public.mv_tbl__quotes_daily__0,1,1142658,1107022,0,0,0,0,1.0058,35,28,0,0,"SELECT COALESCE(SUM(n_quotes), 0) FROM quotes_daily"
20716424,2026-08-13 11:24:12.257961,0.090113,20716424,,0,0,65,0,0,0,0,0.0026,0,29,0,0,SELECT COUNT(*) FROM quotes_daily
20716424,2026-08-13 11:24:12.257961,0.090113,20716424,quotes_shared.public.mv_tbl__quotes_daily__0,1,1141979,1107022,0,0,0,0,0.0019,53,18,0,0,SELECT COUNT(*) FROM quotes_daily
20716427,2026-08-13 11:24:12.349912,2.464999,20716427,,0,0,65,0,0,0,0,0.0033,0,24,0,0,"SELECT COUNT(*) AS days_traded, SUM(n_quotes) AS total_quotes, MIN(bp_min) AS lowest_bid, MAX(bp_max) AS highest_bid, MIN(ap_min) AS lowest_ask, MAX(ap_max) AS highest_ask, SUM(spread_sum) / SUM(n_quotes) AS avg_spread, SUM(bs_sum) AS total_bid_volum"
20716427,2026-08-13 11:24:12.349912,2.464999,20716427,quotes_shared.public.mv_tbl__quotes_daily__0,1,1142611,97,0,0,0,0,2.3658,66,21,0,0,"SELECT COUNT(*) AS days_traded, SUM(n_quotes) AS total_quotes, MIN(bp_min) AS lowest_bid, MAX(bp_max) AS highest_bid, MIN(ap_min) AS lowest_ask, MAX(ap_max) AS highest_ask, SUM(spread_sum) / SUM(n_quotes) AS avg_spread, SUM(bs_sum) AS total_bid_volum"
20716434,2026-08-13 11:24:15.740606,0.391763,20716434,,0,0,245,0,0,0,0,0.2972,91,45,0,0,"SELECT sym, COUNT(*) AS days_traded, SUM(n_quotes) AS total_quotes, MIN(bp_min) AS lowest_bid, MAX(bp_max) AS highest_bid, SUM(spread_sum) / SUM(n_quotes) AS avg_spread FROM quotes_daily WHERE sym IN ('AAPL', 'MSFT', 'GOOGL', 'AMZN', 'TSLA', 'META', "
20716434,2026-08-13 11:24:15.740606,0.391763,20716434,quotes_shared.public.mv_tbl__quotes_daily__0,1,1142658,776,0,0,0,0,0.2909,43,92,0,0,"SELECT sym, COUNT(*) AS days_traded, SUM(n_quotes) AS total_quotes, MIN(bp_min) AS lowest_bid, MAX(bp_max) AS highest_bid, SUM(spread_sum) / SUM(n_quotes) AS avg_spread FROM quotes_daily WHERE sym IN ('AAPL', 'MSFT', 'GOOGL', 'AMZN', 'TSLA', 'META', "
20716441,2026-08-13 11:24:16.713239,0.10027,20716441,,0,0,338923,0,0,0,0,0.0140,14,25,0,0,"SELECT sym, pct_range FROM ( SELECT sym, (MAX(bp_max) - MIN(bp_min)) / MIN(bp_min) * 100 AS pct_range FROM quotes_daily GROUP BY sym ) t ORDER BY ABS(pct_range) DESC LIMIT 20"
20716441,2026-08-13 11:24:16.713239,0.10027,20716441,quotes_shared.public.mv_tbl__quotes_daily__0,1,1142658,1107022,0,0,0,0,0.0076,22,28,0,0,"SELECT sym, pct_range FROM ( SELECT sym, (MAX(bp_max) - MIN(bp_min)) / MIN(bp_min) * 100 AS pct_range FROM quotes_daily GROUP BY sym ) t ORDER BY ABS(pct_range) DESC LIMIT 20"
20716449,2026-08-13 11:24:17.426248,0.507562,20716449,,0,0,3856,0,0,0,0,0.4237,47,27,0,0,"SELECT day, SUM(n_quotes) AS total_quotes, SUM(bs_sum) + SUM(as_sum) AS total_volume, SUM(spread_sum) / SUM(n_quotes) AS avg_spread FROM quotes_daily GROUP BY day ORDER BY day"
20716449,2026-08-13 11:24:17.426248,0.507562,20716449,quotes_shared.public.mv_tbl__quotes_daily__0,1,1142658,1107022,0,0,0,0,0.4179,45,41,0,0,"SELECT day, SUM(n_quotes) AS total_quotes, SUM(bs_sum) + SUM(as_sum) AS total_volume, SUM(spread_sum) / SUM(n_quotes) AS avg_spread FROM quotes_daily GROUP BY day ORDER BY day"
20919493,2026-08-13 11:34:07.442549,3.669746,20919493,,0,0,65,0,0,0,0,0.0089,0,25,0,0,"SELECT COALESCE(SUM(n_quotes), 0) FROM quotes_daily"
20919493,2026-08-13 11:34:07.442549,3.669746,20919493,quotes_shared.public.mv_tbl__quotes_daily__0,1,1147392,1113065,0,0,0,0,1.0594,48,34,0,0,"SELECT COALESCE(SUM(n_quotes), 0) FROM quotes_daily"
20919496,2026-08-13 11:34:11.114240,0.085533,20919496,,0,0,65,0,0,0,0,0.0023,0,44,0,0,SELECT COUNT(*) FROM quotes_daily
20919496,2026-08-13 11:34:11.114240,0.085533,20919496,quotes_shared.public.mv_tbl__quotes_daily__0,1,1146669,1113065,0,0,0,0,0.0020,40,14,0,0,SELECT COUNT(*) FROM quotes_daily
20919499,2026-08-13 11:34:11.201674,2.589821,20919499,,0,0,65,0,0,0,0,0.0031,0,23,0,0,"SELECT COUNT(*) AS days_traded, SUM(n_quotes) AS total_quotes, MIN(bp_min) AS lowest_bid, MAX(bp_max) AS highest_bid, MIN(ap_min) AS lowest_ask, MAX(ap_max) AS highest_ask, SUM(spread_sum) / SUM(n_quotes) AS avg_spread, SUM(bs_sum) AS total_bid_volum"
20919499,2026-08-13 11:34:11.201674,2.589821,20919499,quotes_shared.public.mv_tbl__quotes_daily__0,1,1147345,97,0,0,0,0,2.5063,66,35,0,0,"SELECT COUNT(*) AS days_traded, SUM(n_quotes) AS total_quotes, MIN(bp_min) AS lowest_bid, MAX(bp_max) AS highest_bid, MIN(ap_min) AS lowest_ask, MAX(ap_max) AS highest_ask, SUM(spread_sum) / SUM(n_quotes) AS avg_spread, SUM(bs_sum) AS total_bid_volum"
20919506,2026-08-13 11:34:16.298605,0.42236,20919506,,0,0,247,0,0,0,0,0.3302,91,23,0,0,"SELECT sym, COUNT(*) AS days_traded, SUM(n_quotes) AS total_quotes, MIN(bp_min) AS lowest_bid, MAX(bp_max) AS highest_bid, SUM(spread_sum) / SUM(n_quotes) AS avg_spread FROM quotes_daily WHERE sym IN ('AAPL', 'MSFT', 'GOOGL', 'AMZN', 'TSLA', 'META', "
20919506,2026-08-13 11:34:16.298605,0.42236,20919506,quotes_shared.public.mv_tbl__quotes_daily__0,1,1147392,776,0,0,0,0,0.3241,47,92,0,0,"SELECT sym, COUNT(*) AS days_traded, SUM(n_quotes) AS total_quotes, MIN(bp_min) AS lowest_bid, MAX(bp_max) AS highest_bid, SUM(spread_sum) / SUM(n_quotes) AS avg_spread FROM quotes_daily WHERE sym IN ('AAPL', 'MSFT', 'GOOGL', 'AMZN', 'TSLA', 'META', "
20919513,2026-08-13 11:34:17.284551,0.093963,20919513,,0,0,339312,0,0,0,0,0.0119,14,28,0,0,"SELECT sym, pct_range FROM ( SELECT sym, (MAX(bp_max) - MIN(bp_min)) / MIN(bp_min) * 100 AS pct_range FROM quotes_daily GROUP BY sym ) t ORDER BY ABS(pct_range) DESC LIMIT 20"
20919513,2026-08-13 11:34:17.284551,0.093963,20919513,quotes_shared.public.mv_tbl__quotes_daily__0,1,1147392,1113065,0,0,0,0,0.0073,24,26,0,0,"SELECT sym, pct_range FROM ( SELECT sym, (MAX(bp_max) - MIN(bp_min)) / MIN(bp_min) * 100 AS pct_range FROM quotes_daily GROUP BY sym ) t ORDER BY ABS(pct_range) DESC LIMIT 20"
20919523,2026-08-13 11:34:17.969038,0.464605,20919523,,0,0,3892,0,0,0,0,0.3835,46,50,0,0,"SELECT day, SUM(n_quotes) AS total_quotes, SUM(bs_sum) + SUM(as_sum) AS total_volume, SUM(spread_sum) / SUM(n_quotes) AS avg_spread FROM quotes_daily GROUP BY day ORDER BY day"
20919523,2026-08-13 11:34:17.969038,0.464605,20919523,quotes_shared.public.mv_tbl__quotes_daily__0,1,1147392,1113065,0,0,0,0,0.3780,45,37,0,0,"SELECT day, SUM(n_quotes) AS total_quotes, SUM(bs_sum) + SUM(as_sum) AS total_volume, SUM(spread_sum) / SUM(n_quotes) AS avg_spread FROM quotes_daily GROUP BY day ORDER BY day"
21122565,2026-08-13 11:44:07.206071,3.043105,21122565,,0,0,65,0,0,0,0,0.0032,0,41,0,0,"SELECT COALESCE(SUM(n_quotes), 0) FROM quotes_daily"
21122565,2026-08-13 11:44:07.206071,3.043105,21122565,quotes_shared.public.mv_tbl__quotes_daily__0,1,1159325,1123384,0,0,0,0,0.6523,48,15,0,0,"SELECT COALESCE(SUM(n_quotes), 0) FROM quotes_daily"
21122568,2026-08-13 11:44:10.251277,0.105398,21122568,,0,0,65,0,0,0,0,0.0076,0,18,0,0,SELECT COUNT(*) FROM quotes_daily
21122568,2026-08-13 11:44:10.251277,0.105398,21122568,quotes_shared.public.mv_tbl__quotes_daily__0,1,1158749,1123384,0,0,0,0,0.0025,38,42,0,0,SELECT COUNT(*) FROM quotes_daily
21122571,2026-08-13 11:44:10.358768,1.936501,21122571,,0,0,65,0,0,0,0,0.0027,0,29,0,0,"SELECT COUNT(*) AS days_traded, SUM(n_quotes) AS total_quotes, MIN(bp_min) AS lowest_bid, MAX(bp_max) AS highest_bid, MIN(ap_min) AS lowest_ask, MAX(ap_max) AS highest_ask, SUM(spread_sum) / SUM(n_quotes) AS avg_spread, SUM(bs_sum) AS total_bid_volum"
21122571,2026-08-13 11:44:10.358768,1.936501,21122571,quotes_shared.public.mv_tbl__quotes_daily__0,1,1159077,98,0,0,0,0,1.8237,61,20,0,0,"SELECT COUNT(*) AS days_traded, SUM(n_quotes) AS total_quotes, MIN(bp_min) AS lowest_bid, MAX(bp_max) AS highest_bid, MIN(ap_min) AS lowest_ask, MAX(ap_max) AS highest_ask, SUM(spread_sum) / SUM(n_quotes) AS avg_spread, SUM(bs_sum) AS total_bid_volum"
21122578,2026-08-13 11:44:13.178226,0.447463,21122578,,0,0,244,0,0,0,0,0.3503,91,51,0,0,"SELECT sym, COUNT(*) AS days_traded, SUM(n_quotes) AS total_quotes, MIN(bp_min) AS lowest_bid, MAX(bp_max) AS highest_bid, SUM(spread_sum) / SUM(n_quotes) AS avg_spread FROM quotes_daily WHERE sym IN ('AAPL', 'MSFT', 'GOOGL', 'AMZN', 'TSLA', 'META', "
21122578,2026-08-13 11:44:13.178226,0.447463,21122578,quotes_shared.public.mv_tbl__quotes_daily__0,1,1159325,784,0,0,0,0,0.3451,37,93,0,0,"SELECT sym, COUNT(*) AS days_traded, SUM(n_quotes) AS total_quotes, MIN(bp_min) AS lowest_bid, MAX(bp_max) AS highest_bid, SUM(spread_sum) / SUM(n_quotes) AS avg_spread FROM quotes_daily WHERE sym IN ('AAPL', 'MSFT', 'GOOGL', 'AMZN', 'TSLA', 'META', "
21122585,2026-08-13 11:44:14.203733,0.096851,21122585,,0,0,340324,0,0,0,0,0.0110,14,30,0,0,"SELECT sym, pct_range FROM ( SELECT sym, (MAX(bp_max) - MIN(bp_min)) / MIN(bp_min) * 100 AS pct_range FROM quotes_daily GROUP BY sym ) t ORDER BY ABS(pct_range) DESC LIMIT 20"
21122585,2026-08-13 11:44:14.203733,0.096851,21122585,quotes_shared.public.mv_tbl__quotes_daily__0,1,1159325,1123384,0,0,0,0,0.0066,25,21,0,0,"SELECT sym, pct_range FROM ( SELECT sym, (MAX(bp_max) - MIN(bp_min)) / MIN(bp_min) * 100 AS pct_range FROM quotes_daily GROUP BY sym ) t ORDER BY ABS(pct_range) DESC LIMIT 20"
21122592,2026-08-13 11:44:14.870095,0.412628,21122592,,0,0,3938,0,0,0,0,0.3291,46,25,0,0,"SELECT day, SUM(n_quotes) AS total_quotes, SUM(bs_sum) + SUM(as_sum) AS total_volume, SUM(spread_sum) / SUM(n_quotes) AS avg_spread FROM quotes_daily GROUP BY day ORDER BY day"
21122592,2026-08-13 11:44:14.870095,0.412628,21122592,quotes_shared.public.mv_tbl__quotes_daily__0,1,1159325,1123384,0,0,0,0,0.3246,39,43,0,0,"SELECT day, SUM(n_quotes) AS total_quotes, SUM(bs_sum) + SUM(as_sum) AS total_volume, SUM(spread_sum) / SUM(n_quotes) AS avg_spread FROM quotes_daily GROUP BY day ORDER BY day"
21325637,2026-08-13 11:54:07.114788,3.37985,21325637,,0,0,65,0,0,0,0,0.0067,0,28,0,0,"SELECT COALESCE(SUM(n_quotes), 0) FROM quotes_daily"
21325637,2026-08-13 11:54:07.114788,3.37985,21325637,quotes_shared.public.mv_tbl__quotes_daily__0,1,1168219,1133705,0,0,0,0,1.0473,59,43,0,0,"SELECT COALESCE(SUM(n_quotes), 0) FROM quotes_daily"
21325639,2026-08-13 11:54:07.115064,3.379579,21325639,,0,0,65,0,0,0,0,0.0056,0,23,0,0,"SELECT COALESCE(SUM(n_quotes), 0) FROM quotes_daily"
21325639,2026-08-13 11:54:07.115064,3.379579,21325639,quotes_shared.public.mv_tbl__quotes_daily__0,1,1168219,1133705,0,0,0,0,0.9180,65,49,0,0,"SELECT COALESCE(SUM(n_quotes), 0) FROM quotes_daily"
21325643,2026-08-13 11:54:10.496464,0.087449,21325643,,0,0,65,0,0,0,0,0.0066,0,26,0,0,SELECT COUNT(*) FROM quotes_daily
21325643,2026-08-13 11:54:10.496464,0.087449,21325643,quotes_shared.public.mv_tbl__quotes_daily__0,1,1167937,1133705,0,0,0,0,0.0036,64,24,0,0,SELECT COUNT(*) FROM quotes_daily
21325644,2026-08-13 11:54:10.496598,0.087294,21325644,,0,0,65,0,0,0,0,0.0064,0,38,0,0,SELECT COUNT(*) FROM quotes_daily
21325644,2026-08-13 11:54:10.496598,0.087294,21325644,quotes_shared.public.mv_tbl__quotes_daily__0,1,1167937,1133705,0,0,0,0,0.0045,67,51,0,0,SELECT COUNT(*) FROM quotes_daily
21325649,2026-08-13 11:54:10.585743,5.31938,21325649,,0,0,65,0,0,0,0,0.0059,0,33,0,0,"SELECT COUNT(*) AS days_traded, SUM(n_quotes) AS total_quotes, MIN(bp_min) AS lowest_bid, MAX(bp_max) AS highest_bid, MIN(ap_min) AS lowest_ask, MAX(ap_max) AS highest_ask, SUM(spread_sum) / SUM(n_quotes) AS avg_spread, SUM(bs_sum) AS total_bid_volum"
21325649,2026-08-13 11:54:10.585743,5.31938,21325649,quotes_shared.public.mv_tbl__quotes_daily__0,1,1168167,99,0,0,0,0,5.2137,61,15,0,0,"SELECT COUNT(*) AS days_traded, SUM(n_quotes) AS total_quotes, MIN(bp_min) AS lowest_bid, MAX(bp_max) AS highest_bid, MIN(ap_min) AS lowest_ask, MAX(ap_max) AS highest_ask, SUM(spread_sum) / SUM(n_quotes) AS avg_spread, SUM(bs_sum) AS total_bid_volum"
21325652,2026-08-13 11:54:10.585980,170.877919,21325652,,0,0,168856344,0,0,0,0,168.2386,28,31,0,0,"WITH src AS ( SELECT DATE_TRUNC('hour', TIMESTAMP 'epoch' + t / 1000 * INTERVAL '1 second') AS hour, bp, bs, ap, t FROM quotes_typed WHERE sym = 'AAPL' ), ranked AS ( SELECT hour, bp, bs, ap, ROW_NUMBER() OVER (PARTITION BY hour ORDER BY t ASC) AS rn"
21325652,2026-08-13 11:54:10.585980,170.877919,21325652,quotes_shared.public.mv_tbl__quotes_typed__0,1,14725791684,56285448,0,0,0,0,167.8439,16,1,0,0,"WITH src AS ( SELECT DATE_TRUNC('hour', TIMESTAMP 'epoch' + t / 1000 * INTERVAL '1 second') AS hour, bp, bs, ap, t FROM quotes_typed WHERE sym = 'AAPL' ), ranked AS ( SELECT hour, bp, bs, ap, ROW_NUMBER() OVER (PARTITION BY hour ORDER BY t ASC) AS rn"
21325659,2026-08-13 11:54:16.719970,0.470372,21325659,,0,0,251,0,0,0,0,0.3710,91,22,0,0,"SELECT sym, COUNT(*) AS days_traded, SUM(n_quotes) AS total_quotes, MIN(bp_min) AS lowest_bid, MAX(bp_max) AS highest_bid, SUM(spread_sum) / SUM(n_quotes) AS avg_spread FROM quotes_daily WHERE sym IN ('AAPL', 'MSFT', 'GOOGL', 'AMZN', 'TSLA', 'META', "
21325659,2026-08-13 11:54:16.719970,0.470372,21325659,quotes_shared.public.mv_tbl__quotes_daily__0,1,1168219,792,0,0,0,0,0.3634,47,92,0,0,"SELECT sym, COUNT(*) AS days_traded, SUM(n_quotes) AS total_quotes, MIN(bp_min) AS lowest_bid, MAX(bp_max) AS highest_bid, SUM(spread_sum) / SUM(n_quotes) AS avg_spread FROM quotes_daily WHERE sym IN ('AAPL', 'MSFT', 'GOOGL', 'AMZN', 'TSLA', 'META', "
21325669,2026-08-13 11:54:17.760903,0.103739,21325669,,0,0,322277,0,0,0,0,0.0177,13,55,0,0,"SELECT sym, pct_range FROM ( SELECT sym, (MAX(bp_max) - MIN(bp_min)) / MIN(bp_min) * 100 AS pct_range FROM quotes_daily GROUP BY sym ) t ORDER BY ABS(pct_range) DESC LIMIT 20"
21325669,2026-08-13 11:54:17.760903,0.103739,21325669,quotes_shared.public.mv_tbl__quotes_daily__0,1,1168219,1133705,0,0,0,0,0.0113,45,36,0,0,"SELECT sym, pct_range FROM ( SELECT sym, (MAX(bp_max) - MIN(bp_min)) / MIN(bp_min) * 100 AS pct_range FROM quotes_daily GROUP BY sym ) t ORDER BY ABS(pct_range) DESC LIMIT 20"
21325676,2026-08-13 11:54:18.430568,0.485713,21325676,,0,0,3964,0,0,0,0,0.4075,46,28,0,0,"SELECT day, SUM(n_quotes) AS total_quotes, SUM(bs_sum) + SUM(as_sum) AS total_volume, SUM(spread_sum) / SUM(n_quotes) AS avg_spread FROM quotes_daily GROUP BY day ORDER BY day"
21325676,2026-08-13 11:54:18.430568,0.485713,21325676,quotes_shared.public.mv_tbl__quotes_daily__0,1,1168219,1133705,0,0,0,0,0.3835,38,28,0,0,"SELECT day, SUM(n_quotes) AS total_quotes, SUM(bs_sum) + SUM(as_sum) AS total_volume, SUM(spread_sum) / SUM(n_quotes) AS avg_spread FROM quotes_daily GROUP BY day ORDER BY day"
21325760,2026-08-13 11:57:02.124513,326.595559,21325760,,0,0,97,0,0,0,0,0.0587,0,26,0,0,"WITH s AS ( SELECT (ap - bp) AS spread, (bp + ap) / 2.0 AS mid, bs AS bs, ""as"" AS az FROM quotes_typed WHERE sym = 'AAPL' ), agg AS ( SELECT COUNT(*)::float8 AS n, SUM(spread) AS s1, SUM(POWER(spread, 2)) AS s2, SUM(POWER(spread, 3)) AS s3, SUM(POWER"
21325760,2026-08-13 11:57:02.124513,326.595559,21325760,quotes_shared.public.mv_tbl__quotes_typed__0,1,14789763943,56457807,0,0,0,0,324.1334,19,0,0,0,"WITH s AS ( SELECT (ap - bp) AS spread, (bp + ap) / 2.0 AS mid, bs AS bs, ""as"" AS az FROM quotes_typed WHERE sym = 'AAPL' ), agg AS ( SELECT COUNT(*)::float8 AS n, SUM(spread) AS s1, SUM(POWER(spread, 2)) AS s2, SUM(POWER(spread, 3)) AS s3, SUM(POWER"
21325936,2026-08-13 12:02:29.400432,136.699789,21325936,,0,0,170345838,0,0,0,0,132.1271,27,55,0,0,"WITH src AS ( SELECT DATE_TRUNC('hour', TIMESTAMP 'epoch' + payload.t::bigint / 1000 * INTERVAL '1 second') AS hour, payload.bp::float8 AS bp, payload.bs::bigint AS bs, payload.ap::float8 AS ap, payload.t::bigint AS t FROM quotes_streamed WHERE sym ="
21325936,2026-08-13 12:02:29.400432,136.699789,21325936,quotes_shared.public.mv_tbl__quotes_streamed__0,1,30044644278,56781946,0,0,0,0,131.5607,14,1,0,0,"WITH src AS ( SELECT DATE_TRUNC('hour', TIMESTAMP 'epoch' + payload.t::bigint / 1000 * INTERVAL '1 second') AS hour, payload.bp::float8 AS bp, payload.bs::bigint AS bs, payload.ap::float8 AS ap, payload.t::bigint AS t FROM quotes_streamed WHERE sym ="
21326008,2026-08-13 12:03:56.849180,2.514564,21326008,,0,0,65,0,0,0,0,0.0025,0,21,0,0,"SELECT COALESCE(SUM(n_quotes), 0) FROM quotes_daily"
21326008,2026-08-13 12:03:56.849180,2.514564,21326008,quotes_shared.public.mv_tbl__quotes_daily__0,1,1188936,1143815,0,0,0,0,1.0222,36,37,0,0,"SELECT COALESCE(SUM(n_quotes), 0) FROM quotes_daily"
21326011,2026-08-13 12:03:59.365356,0.093505,21326011,,0,0,65,0,0,0,0,0.0020,0,24,0,0,SELECT COUNT(*) FROM quotes_daily
21326011,2026-08-13 12:03:59.365356,0.093505,21326011,quotes_shared.public.mv_tbl__quotes_daily__0,1,1187787,1143815,0,0,0,0,0.0016,38,16,0,0,SELECT COUNT(*) FROM quotes_daily
21326014,2026-08-13 12:03:59.460478,2.932298,21326014,,0,0,65,0,0,0,0,0.0023,0,32,0,0,"SELECT COUNT(*) AS days_traded, SUM(n_quotes) AS total_quotes, MIN(bp_min) AS lowest_bid, MAX(bp_max) AS highest_bid, MIN(ap_min) AS lowest_ask, MAX(ap_max) AS highest_ask, SUM(spread_sum) / SUM(n_quotes) AS avg_spread, SUM(bs_sum) AS total_bid_volum"
21326014,2026-08-13 12:03:59.460478,2.932298,21326014,quotes_shared.public.mv_tbl__quotes_daily__0,1,1188889,100,0,0,0,0,2.8359,65,38,0,0,"SELECT COUNT(*) AS days_traded, SUM(n_quotes) AS total_quotes, MIN(bp_min) AS lowest_bid, MAX(bp_max) AS highest_bid, MIN(ap_min) AS lowest_ask, MAX(ap_max) AS highest_ask, SUM(spread_sum) / SUM(n_quotes) AS avg_spread, SUM(bs_sum) AS total_bid_volum"
21326021,2026-08-13 12:04:03.110172,0.118444,21326021,,0,0,247,0,0,0,0,0.0104,91,34,0,0,"SELECT sym, COUNT(*) AS days_traded, SUM(n_quotes) AS total_quotes, MIN(bp_min) AS lowest_bid, MAX(bp_max) AS highest_bid, SUM(spread_sum) / SUM(n_quotes) AS avg_spread FROM quotes_daily WHERE sym IN ('AAPL', 'MSFT', 'GOOGL', 'AMZN', 'TSLA', 'META', "
21326021,2026-08-13 12:04:03.110172,0.118444,21326021,quotes_shared.public.mv_tbl__quotes_daily__0,1,1188936,800,0,0,0,0,0.0063,47,35,0,0,"SELECT sym, COUNT(*) AS days_traded, SUM(n_quotes) AS total_quotes, MIN(bp_min) AS lowest_bid, MAX(bp_max) AS highest_bid, SUM(spread_sum) / SUM(n_quotes) AS avg_spread FROM quotes_daily WHERE sym IN ('AAPL', 'MSFT', 'GOOGL', 'AMZN', 'TSLA', 'META', "
21326028,2026-08-13 12:04:03.813378,0.112877,21326028,,0,0,338401,0,0,0,0,0.0139,14,31,0,0,"SELECT sym, pct_range FROM ( SELECT sym, (MAX(bp_max) - MIN(bp_min)) / MIN(bp_min) * 100 AS pct_range FROM quotes_daily GROUP BY sym ) t ORDER BY ABS(pct_range) DESC LIMIT 20"
21326028,2026-08-13 12:04:03.813378,0.112877,21326028,quotes_shared.public.mv_tbl__quotes_daily__0,1,1188936,1143815,0,0,0,0,0.0099,26,55,0,0,"SELECT sym, pct_range FROM ( SELECT sym, (MAX(bp_max) - MIN(bp_min)) / MIN(bp_min) * 100 AS pct_range FROM quotes_daily GROUP BY sym ) t ORDER BY ABS(pct_range) DESC LIMIT 20"
21326035,2026-08-13 12:04:04.513176,0.453265,21326035,,0,0,4007,0,0,0,0,0.3531,45,20,0,0,"SELECT day, SUM(n_quotes) AS total_quotes, SUM(bs_sum) + SUM(as_sum) AS total_volume, SUM(spread_sum) / SUM(n_quotes) AS avg_spread FROM quotes_daily GROUP BY day ORDER BY day"
21326035,2026-08-13 12:04:04.513176,0.453265,21326035,quotes_shared.public.mv_tbl__quotes_daily__0,1,1188936,1143815,0,0,0,0,0.3500,30,35,0,0,"SELECT day, SUM(n_quotes) AS total_quotes, SUM(bs_sum) + SUM(as_sum) AS total_volume, SUM(spread_sum) / SUM(n_quotes) AS avg_spread FROM quotes_daily GROUP BY day ORDER BY day"
21326069,2026-08-13 12:04:46.711581,96.14147,21326069,,0,0,97,0,0,0,0,0.0557,0,29,0,0,"WITH s AS ( SELECT (payload.ap::float8 - payload.bp::float8) AS spread, (payload.bp::float8 + payload.ap::float8) / 2.0 AS mid, payload.bs::bigint AS bs, payload.""as""::bigint AS az FROM quotes_streamed WHERE sym = 'AAPL' ), agg AS ( SELECT COUNT(*)::"
21326069,2026-08-13 12:04:46.711581,96.14147,21326069,quotes_shared.public.mv_tbl__quotes_streamed__0,1,30181784676,56887922,0,0,0,0,94.2894,13,1,0,0,"WITH s AS ( SELECT (payload.ap::float8 - payload.bp::float8) AS spread, (payload.bp::float8 + payload.ap::float8) / 2.0 AS mid, payload.bs::bigint AS bs, payload.""as""::bigint AS az FROM quotes_streamed WHERE sym = 'AAPL' ), agg AS ( SELECT COUNT(*)::"
21528711,2026-08-13 12:14:08.220436,3.545934,21528711,,0,0,65,0,0,0,0,0.0035,0,34,0,0,"SELECT COALESCE(SUM(n_quotes), 0) FROM quotes_daily"
21528711,2026-08-13 12:14:08.220436,3.545934,21528711,quotes_shared.public.mv_tbl__quotes_daily__0,1,1189081,1152731,0,0,0,0,0.9871,39,32,0,0,"SELECT COALESCE(SUM(n_quotes), 0) FROM quotes_daily"
21528714,2026-08-13 12:14:11.768469,0.100399,21528714,,0,0,65,0,0,0,0,0.0039,0,26,0,0,SELECT COUNT(*) FROM quotes_daily
21528714,2026-08-13 12:14:11.768469,0.100399,21528714,quotes_shared.public.mv_tbl__quotes_daily__0,1,1187408,1152731,0,0,0,0,0.0033,48,18,0,0,SELECT COUNT(*) FROM quotes_daily
21528717,2026-08-13 12:14:11.870835,2.762138,21528717,,0,0,65,0,0,0,0,0.0031,0,30,0,0,"SELECT COUNT(*) AS days_traded, SUM(n_quotes) AS total_quotes, MIN(bp_min) AS lowest_bid, MAX(bp_max) AS highest_bid, MIN(ap_min) AS lowest_ask, MAX(ap_max) AS highest_ask, SUM(spread_sum) / SUM(n_quotes) AS avg_spread, SUM(bs_sum) AS total_bid_volum"
21528717,2026-08-13 12:14:11.870835,2.762138,21528717,quotes_shared.public.mv_tbl__quotes_daily__0,1,1189034,101,0,0,0,0,2.6580,60,36,0,0,"SELECT COUNT(*) AS days_traded, SUM(n_quotes) AS total_quotes, MIN(bp_min) AS lowest_bid, MAX(bp_max) AS highest_bid, MIN(ap_min) AS lowest_ask, MAX(ap_max) AS highest_ask, SUM(spread_sum) / SUM(n_quotes) AS avg_spread, SUM(bs_sum) AS total_bid_volum"
21528724,2026-08-13 12:14:15.471438,0.444947,21528724,,0,0,238,0,0,0,0,0.3463,91,24,0,0,"SELECT sym, COUNT(*) AS days_traded, SUM(n_quotes) AS total_quotes, MIN(bp_min) AS lowest_bid, MAX(bp_max) AS highest_bid, SUM(spread_sum) / SUM(n_quotes) AS avg_spread FROM quotes_daily WHERE sym IN ('AAPL', 'MSFT', 'GOOGL', 'AMZN', 'TSLA', 'META', "
21528724,2026-08-13 12:14:15.471438,0.444947,21528724,quotes_shared.public.mv_tbl__quotes_daily__0,1,1189081,808,0,0,0,0,0.3399,53,92,0,0,"SELECT sym, COUNT(*) AS days_traded, SUM(n_quotes) AS total_quotes, MIN(bp_min) AS lowest_bid, MAX(bp_max) AS highest_bid, SUM(spread_sum) / SUM(n_quotes) AS avg_spread FROM quotes_daily WHERE sym IN ('AAPL', 'MSFT', 'GOOGL', 'AMZN', 'TSLA', 'META', "
21528731,2026-08-13 12:14:16.501805,0.106342,21528731,,0,0,341853,0,0,0,0,0.0130,14,25,0,0,"SELECT sym, pct_range FROM ( SELECT sym, (MAX(bp_max) - MIN(bp_min)) / MIN(bp_min) * 100 AS pct_range FROM quotes_daily GROUP BY sym ) t ORDER BY ABS(pct_range) DESC LIMIT 20"
21528731,2026-08-13 12:14:16.501805,0.106342,21528731,quotes_shared.public.mv_tbl__quotes_daily__0,1,1189081,1152731,0,0,0,0,0.0089,26,24,0,0,"SELECT sym, pct_range FROM ( SELECT sym, (MAX(bp_max) - MIN(bp_min)) / MIN(bp_min) * 100 AS pct_range FROM quotes_daily GROUP BY sym ) t ORDER BY ABS(pct_range) DESC LIMIT 20"
21528738,2026-08-13 12:14:17.189792,0.482183,21528738,,0,0,4030,0,0,0,0,0.3938,45,16,0,0,"SELECT day, SUM(n_quotes) AS total_quotes, SUM(bs_sum) + SUM(as_sum) AS total_volume, SUM(spread_sum) / SUM(n_quotes) AS avg_spread FROM quotes_daily GROUP BY day ORDER BY day"
21528738,2026-08-13 12:14:17.189792,0.482183,21528738,quotes_shared.public.mv_tbl__quotes_daily__0,1,1189081,1152731,0,0,0,0,0.3894,45,39,0,0,"SELECT day, SUM(n_quotes) AS total_quotes, SUM(bs_sum) + SUM(as_sum) AS total_volume, SUM(spread_sum) / SUM(n_quotes) AS avg_spread FROM quotes_daily GROUP BY day ORDER BY day"
21731785,2026-08-13 12:24:08.234781,3.585306,21731785,,0,0,65,0,0,0,0,0.0021,0,30,0,0,"SELECT COALESCE(SUM(n_quotes), 0) FROM quotes_daily"
21731785,2026-08-13 12:24:08.234781,3.585306,21731785,quotes_shared.public.mv_tbl__quotes_daily__0,1,1186673,1154915,0,0,0,0,0.9985,39,30,0,0,"SELECT COALESCE(SUM(n_quotes), 0) FROM quotes_daily"
21731794,2026-08-13 12:24:11.822036,0.088629,21731794,,0,0,65,0,0,0,0,0.0029,0,31,0,0,SELECT COUNT(*) FROM quotes_daily
21731794,2026-08-13 12:24:11.822036,0.088629,21731794,quotes_shared.public.mv_tbl__quotes_daily__0,1,1185479,1154915,0,0,0,0,0.0045,68,61,0,0,SELECT COUNT(*) FROM quotes_daily
21731797,2026-08-13 12:24:11.912528,2.707906,21731797,,0,0,65,0,0,0,0,0.0021,0,20,0,0,"SELECT COUNT(*) AS days_traded, SUM(n_quotes) AS total_quotes, MIN(bp_min) AS lowest_bid, MAX(bp_max) AS highest_bid, MIN(ap_min) AS lowest_ask, MAX(ap_max) AS highest_ask, SUM(spread_sum) / SUM(n_quotes) AS avg_spread, SUM(bs_sum) AS total_bid_volum"
21731797,2026-08-13 12:24:11.912528,2.707906,21731797,quotes_shared.public.mv_tbl__quotes_daily__0,1,1186557,101,0,0,0,0,2.6138,60,28,0,0,"SELECT COUNT(*) AS days_traded, SUM(n_quotes) AS total_quotes, MIN(bp_min) AS lowest_bid, MAX(bp_max) AS highest_bid, MIN(ap_min) AS lowest_ask, MAX(ap_max) AS highest_ask, SUM(spread_sum) / SUM(n_quotes) AS avg_spread, SUM(bs_sum) AS total_bid_volum"
21731804,2026-08-13 12:24:15.478142,0.554306,21731804,,0,0,238,0,0,0,0,0.4472,91,19,0,0,"SELECT sym, COUNT(*) AS days_traded, SUM(n_quotes) AS total_quotes, MIN(bp_min) AS lowest_bid, MAX(bp_max) AS highest_bid, SUM(spread_sum) / SUM(n_quotes) AS avg_spread FROM quotes_daily WHERE sym IN ('AAPL', 'MSFT', 'GOOGL', 'AMZN', 'TSLA', 'META', "
21731804,2026-08-13 12:24:15.478142,0.554306,21731804,quotes_shared.public.mv_tbl__quotes_daily__0,1,1186673,808,0,0,0,0,0.4436,56,93,0,0,"SELECT sym, COUNT(*) AS days_traded, SUM(n_quotes) AS total_quotes, MIN(bp_min) AS lowest_bid, MAX(bp_max) AS highest_bid, SUM(spread_sum) / SUM(n_quotes) AS avg_spread FROM quotes_daily WHERE sym IN ('AAPL', 'MSFT', 'GOOGL', 'AMZN', 'TSLA', 'META', "
21731811,2026-08-13 12:24:16.671835,0.099983,21731811,,0,0,342275,0,0,0,0,0.0145,13,46,0,0,"SELECT sym, pct_range FROM ( SELECT sym, (MAX(bp_max) - MIN(bp_min)) / MIN(bp_min) * 100 AS pct_range FROM quotes_daily GROUP BY sym ) t ORDER BY ABS(pct_range) DESC LIMIT 20"
21731811,2026-08-13 12:24:16.671835,0.099983,21731811,quotes_shared.public.mv_tbl__quotes_daily__0,1,1186673,1154915,0,0,0,0,0.0102,24,40,0,0,"SELECT sym, pct_range FROM ( SELECT sym, (MAX(bp_max) - MIN(bp_min)) / MIN(bp_min) * 100 AS pct_range FROM quotes_daily GROUP BY sym ) t ORDER BY ABS(pct_range) DESC LIMIT 20"
21731819,2026-08-13 12:24:17.370784,0.494919,21731819,,0,0,4032,0,0,0,0,0.4116,45,30,0,0,"SELECT day, SUM(n_quotes) AS total_quotes, SUM(bs_sum) + SUM(as_sum) AS total_volume, SUM(spread_sum) / SUM(n_quotes) AS avg_spread FROM quotes_daily GROUP BY day ORDER BY day"
21731819,2026-08-13 12:24:17.370784,0.494919,21731819,quotes_shared.public.mv_tbl__quotes_daily__0,1,1186673,1154915,0,0,0,0,0.4082,46,32,0,0,"SELECT day, SUM(n_quotes) AS total_quotes, SUM(bs_sum) + SUM(as_sum) AS total_volume, SUM(spread_sum) / SUM(n_quotes) AS avg_spread FROM quotes_daily GROUP BY day ORDER BY day"
21934853,2026-08-13 12:34:07.681999,3.721659,21934853,,0,0,65,0,0,0,0,0.0036,0,28,0,0,"SELECT COALESCE(SUM(n_quotes), 0) FROM quotes_daily"
21934853,2026-08-13 12:34:07.681999,3.721659,21934853,quotes_shared.public.mv_tbl__quotes_daily__0,1,1203788,1165340,0,0,0,0,1.2086,45,38,0,0,"SELECT COALESCE(SUM(n_quotes), 0) FROM quotes_daily"
21934856,2026-08-13 12:34:11.405591,0.088249,21934856,,0,0,65,0,0,0,0,0.0023,0,24,0,0,SELECT COUNT(*) FROM quotes_daily
21934856,2026-08-13 12:34:11.405591,0.088249,21934856,quotes_shared.public.mv_tbl__quotes_daily__0,1,1202999,1165340,0,0,0,0,0.0019,47,25,0,0,SELECT COUNT(*) FROM quotes_daily
21934859,2026-08-13 12:34:11.495686,3.254412,21934859,,0,0,65,0,0,0,0,0.0023,0,23,0,0,"SELECT COUNT(*) AS days_traded, SUM(n_quotes) AS total_quotes, MIN(bp_min) AS lowest_bid, MAX(bp_max) AS highest_bid, MIN(ap_min) AS lowest_ask, MAX(ap_max) AS highest_ask, SUM(spread_sum) / SUM(n_quotes) AS avg_spread, SUM(bs_sum) AS total_bid_volum"
21934859,2026-08-13 12:34:11.495686,3.254412,21934859,quotes_shared.public.mv_tbl__quotes_daily__0,1,1203479,102,0,0,0,0,3.1556,60,36,0,0,"SELECT COUNT(*) AS days_traded, SUM(n_quotes) AS total_quotes, MIN(bp_min) AS lowest_bid, MAX(bp_max) AS highest_bid, MIN(ap_min) AS lowest_ask, MAX(ap_max) AS highest_ask, SUM(spread_sum) / SUM(n_quotes) AS avg_spread, SUM(bs_sum) AS total_bid_volum"
21934868,2026-08-13 12:34:15.665415,0.506411,21934868,,0,0,247,0,0,0,0,0.4089,91,33,0,0,"SELECT sym, COUNT(*) AS days_traded, SUM(n_quotes) AS total_quotes, MIN(bp_min) AS lowest_bid, MAX(bp_max) AS highest_bid, SUM(spread_sum) / SUM(n_quotes) AS avg_spread FROM quotes_daily WHERE sym IN ('AAPL', 'MSFT', 'GOOGL', 'AMZN', 'TSLA', 'META', "
21934868,2026-08-13 12:34:15.665415,0.506411,21934868,quotes_shared.public.mv_tbl__quotes_daily__0,1,1203788,816,0,0,0,0,0.4047,42,93,0,0,"SELECT sym, COUNT(*) AS days_traded, SUM(n_quotes) AS total_quotes, MIN(bp_min) AS lowest_bid, MAX(bp_max) AS highest_bid, SUM(spread_sum) / SUM(n_quotes) AS avg_spread FROM quotes_daily WHERE sym IN ('AAPL', 'MSFT', 'GOOGL', 'AMZN', 'TSLA', 'META', "
21934875,2026-08-13 12:34:16.780459,0.100727,21934875,,0,0,342683,0,0,0,0,0.0125,13,25,0,0,"SELECT sym, pct_range FROM ( SELECT sym, (MAX(bp_max) - MIN(bp_min)) / MIN(bp_min) * 100 AS pct_range FROM quotes_daily GROUP BY sym ) t ORDER BY ABS(pct_range) DESC LIMIT 20"
21934875,2026-08-13 12:34:16.780459,0.100727,21934875,quotes_shared.public.mv_tbl__quotes_daily__0,1,1203788,1165340,0,0,0,0,0.0088,25,34,0,0,"SELECT sym, pct_range FROM ( SELECT sym, (MAX(bp_max) - MIN(bp_min)) / MIN(bp_min) * 100 AS pct_range FROM quotes_daily GROUP BY sym ) t ORDER BY ABS(pct_range) DESC LIMIT 20"
21934883,2026-08-13 12:34:17.481470,0.575257,21934883,,0,0,4062,0,0,0,0,0.4905,45,26,0,0,"SELECT day, SUM(n_quotes) AS total_quotes, SUM(bs_sum) + SUM(as_sum) AS total_volume, SUM(spread_sum) / SUM(n_quotes) AS avg_spread FROM quotes_daily GROUP BY day ORDER BY day"
21934883,2026-08-13 12:34:17.481470,0.575257,21934883,quotes_shared.public.mv_tbl__quotes_daily__0,1,1203788,1165340,0,0,0,0,0.4876,40,42,0,0,"SELECT day, SUM(n_quotes) AS total_quotes, SUM(bs_sum) + SUM(as_sum) AS total_volume, SUM(spread_sum) / SUM(n_quotes) AS avg_spread FROM quotes_daily GROUP BY day ORDER BY day"
22137925,2026-08-13 12:44:07.707791,3.139752,22137925,,0,0,65,0,0,0,0,0.0156,0,28,0,0,"SELECT COALESCE(SUM(n_quotes), 0) FROM quotes_daily"
22137925,2026-08-13 12:44:07.707791,3.139752,22137925,quotes_shared.public.mv_tbl__quotes_daily__0,1,1213852,1179361,0,0,0,0,0.8807,47,22,0,0,"SELECT COALESCE(SUM(n_quotes), 0) FROM quotes_daily"
22137928,2026-08-13 12:44:10.849604,0.106416,22137928,,0,0,65,0,0,0,0,0.0031,0,30,0,0,SELECT COUNT(*) FROM quotes_daily
22137928,2026-08-13 12:44:10.849604,0.106416,22137928,quotes_shared.public.mv_tbl__quotes_daily__0,1,1213568,1179361,0,0,0,0,0.0021,59,33,0,0,SELECT COUNT(*) FROM quotes_daily
22137931,2026-08-13 12:44:10.957960,2.530452,22137931,,0,0,65,0,0,0,0,0.0023,0,32,0,0,"SELECT COUNT(*) AS days_traded, SUM(n_quotes) AS total_quotes, MIN(bp_min) AS lowest_bid, MAX(bp_max) AS highest_bid, MIN(ap_min) AS lowest_ask, MAX(ap_max) AS highest_ask, SUM(spread_sum) / SUM(n_quotes) AS avg_spread, SUM(bs_sum) AS total_bid_volum"
22137931,2026-08-13 12:44:10.957960,2.530452,22137931,quotes_shared.public.mv_tbl__quotes_daily__0,1,1213805,103,0,0,0,0,2.4256,67,20,0,0,"SELECT COUNT(*) AS days_traded, SUM(n_quotes) AS total_quotes, MIN(bp_min) AS lowest_bid, MAX(bp_max) AS highest_bid, MIN(ap_min) AS lowest_ask, MAX(ap_max) AS highest_ask, SUM(spread_sum) / SUM(n_quotes) AS avg_spread, SUM(bs_sum) AS total_bid_volum"
22137940,2026-08-13 12:44:14.340089,0.439128,22137940,,0,0,249,0,0,0,0,0.3355,91,22,0,0,"SELECT sym, COUNT(*) AS days_traded, SUM(n_quotes) AS total_quotes, MIN(bp_min) AS lowest_bid, MAX(bp_max) AS highest_bid, SUM(spread_sum) / SUM(n_quotes) AS avg_spread FROM quotes_daily WHERE sym IN ('AAPL', 'MSFT', 'GOOGL', 'AMZN', 'TSLA', 'META', "
22137940,2026-08-13 12:44:14.340089,0.439128,22137940,quotes_shared.public.mv_tbl__quotes_daily__0,1,1213852,824,0,0,0,0,0.3315,44,92,0,0,"SELECT sym, COUNT(*) AS days_traded, SUM(n_quotes) AS total_quotes, MIN(bp_min) AS lowest_bid, MAX(bp_max) AS highest_bid, SUM(spread_sum) / SUM(n_quotes) AS avg_spread FROM quotes_daily WHERE sym IN ('AAPL', 'MSFT', 'GOOGL', 'AMZN', 'TSLA', 'META', "
22137947,2026-08-13 12:44:15.392003,0.105958,22137947,,0,0,341585,0,0,0,0,0.0117,14,26,0,0,"SELECT sym, pct_range FROM ( SELECT sym, (MAX(bp_max) - MIN(bp_min)) / MIN(bp_min) * 100 AS pct_range FROM quotes_daily GROUP BY sym ) t ORDER BY ABS(pct_range) DESC LIMIT 20"
22137947,2026-08-13 12:44:15.392003,0.105958,22137947,quotes_shared.public.mv_tbl__quotes_daily__0,1,1213852,1179361,0,0,0,0,0.0055,25,23,0,0,"SELECT sym, pct_range FROM ( SELECT sym, (MAX(bp_max) - MIN(bp_min)) / MIN(bp_min) * 100 AS pct_range FROM quotes_daily GROUP BY sym ) t ORDER BY ABS(pct_range) DESC LIMIT 20"
22137954,2026-08-13 12:44:16.131548,0.505434,22137954,,0,0,4125,0,0,0,0,0.4140,44,22,0,0,"SELECT day, SUM(n_quotes) AS total_quotes, SUM(bs_sum) + SUM(as_sum) AS total_volume, SUM(spread_sum) / SUM(n_quotes) AS avg_spread FROM quotes_daily GROUP BY day ORDER BY day"
22137954,2026-08-13 12:44:16.131548,0.505434,22137954,quotes_shared.public.mv_tbl__quotes_daily__0,1,1213852,1179361,0,0,0,0,0.4101,47,38,0,0,"SELECT day, SUM(n_quotes) AS total_quotes, SUM(bs_sum) + SUM(as_sum) AS total_volume, SUM(spread_sum) / SUM(n_quotes) AS avg_spread FROM quotes_daily GROUP BY day ORDER BY day"
22340997,2026-08-13 12:54:06.778849,3.05881,22340997,,0,0,65,0,0,0,0,0.0097,0,86,0,0,"SELECT COALESCE(SUM(n_quotes), 0) FROM quotes_daily"
22340997,2026-08-13 12:54:06.778849,3.05881,22340997,quotes_shared.public.mv_tbl__quotes_daily__0,1,1250215,1189423,0,0,0,0,0.7201,48,24,0,0,"SELECT COALESCE(SUM(n_quotes), 0) FROM quotes_daily"
22340999,2026-08-13 12:54:06.778987,3.058562,22340999,,0,0,65,0,0,0,0,0.0089,0,30,0,0,"SELECT COALESCE(SUM(n_quotes), 0) FROM quotes_daily"
22340999,2026-08-13 12:54:06.778987,3.058562,22340999,quotes_shared.public.mv_tbl__quotes_daily__0,1,1250215,1189423,0,0,0,0,0.5889,46,30,0,0,"SELECT COALESCE(SUM(n_quotes), 0) FROM quotes_daily"
22341004,2026-08-13 12:54:09.839341,0.092347,22341004,,0,0,65,0,0,0,0,0.0036,0,27,0,0,SELECT COUNT(*) FROM quotes_daily
22341004,2026-08-13 12:54:09.839341,0.092347,22341004,quotes_shared.public.mv_tbl__quotes_daily__0,1,1250215,1189423,0,0,0,0,0.0043,68,40,0,0,SELECT COUNT(*) FROM quotes_daily
22341003,2026-08-13 12:54:09.839411,0.093128,22341003,,0,0,65,0,0,0,0,0.0047,0,39,0,0,SELECT COUNT(*) FROM quotes_daily
22341003,2026-08-13 12:54:09.839411,0.093128,22341003,quotes_shared.public.mv_tbl__quotes_daily__0,1,1250215,1189423,0,0,0,0,0.0043,68,33,0,0,SELECT COUNT(*) FROM quotes_daily
22341009,2026-08-13 12:54:09.933411,5.070579,22341009,,0,0,65,0,0,0,0,0.0035,0,33,0,0,"SELECT COUNT(*) AS days_traded, SUM(n_quotes) AS total_quotes, MIN(bp_min) AS lowest_bid, MAX(bp_max) AS highest_bid, MIN(ap_min) AS lowest_ask, MAX(ap_max) AS highest_ask, SUM(spread_sum) / SUM(n_quotes) AS avg_spread, SUM(bs_sum) AS total_bid_volum"
22341009,2026-08-13 12:54:09.933411,5.070579,22341009,quotes_shared.public.mv_tbl__quotes_daily__0,1,1250168,104,0,0,0,0,4.9672,53,13,0,0,"SELECT COUNT(*) AS days_traded, SUM(n_quotes) AS total_quotes, MIN(bp_min) AS lowest_bid, MAX(bp_max) AS highest_bid, MIN(ap_min) AS lowest_ask, MAX(ap_max) AS highest_ask, SUM(spread_sum) / SUM(n_quotes) AS avg_spread, SUM(bs_sum) AS total_bid_volum"
22341012,2026-08-13 12:54:09.934398,192.42891,22341012,,0,0,176596536,0,0,0,0,189.5659,28,29,0,0,"WITH src AS ( SELECT DATE_TRUNC('hour', TIMESTAMP 'epoch' + t / 1000 * INTERVAL '1 second') AS hour, bp, bs, ap, t FROM quotes_typed WHERE sym = 'AAPL' ), ranked AS ( SELECT hour, bp, bs, ap, ROW_NUMBER() OVER (PARTITION BY hour ORDER BY t ASC) AS rn"
22341012,2026-08-13 12:54:09.934398,192.42891,22341012,quotes_shared.public.mv_tbl__quotes_typed__0,1,16091059733,58865512,0,0,0,0,189.1047,17,1,0,0,"WITH src AS ( SELECT DATE_TRUNC('hour', TIMESTAMP 'epoch' + t / 1000 * INTERVAL '1 second') AS hour, bp, bs, ap, t FROM quotes_typed WHERE sym = 'AAPL' ), ranked AS ( SELECT hour, bp, bs, ap, ROW_NUMBER() OVER (PARTITION BY hour ORDER BY t ASC) AS rn"
22341021,2026-08-13 12:54:15.963177,0.436619,22341021,,0,0,246,0,0,0,0,0.3412,91,25,0,0,"SELECT sym, COUNT(*) AS days_traded, SUM(n_quotes) AS total_quotes, MIN(bp_min) AS lowest_bid, MAX(bp_max) AS highest_bid, SUM(spread_sum) / SUM(n_quotes) AS avg_spread FROM quotes_daily WHERE sym IN ('AAPL', 'MSFT', 'GOOGL', 'AMZN', 'TSLA', 'META', "
22341021,2026-08-13 12:54:15.963177,0.436619,22341021,quotes_shared.public.mv_tbl__quotes_daily__0,1,1250215,832,0,0,0,0,0.3358,43,93,0,0,"SELECT sym, COUNT(*) AS days_traded, SUM(n_quotes) AS total_quotes, MIN(bp_min) AS lowest_bid, MAX(bp_max) AS highest_bid, SUM(spread_sum) / SUM(n_quotes) AS avg_spread FROM quotes_daily WHERE sym IN ('AAPL', 'MSFT', 'GOOGL', 'AMZN', 'TSLA', 'META', "
22341030,2026-08-13 12:54:17.088109,0.107836,22341030,,0,0,343710,0,0,0,0,0.0213,14,21,0,0,"SELECT sym, pct_range FROM ( SELECT sym, (MAX(bp_max) - MIN(bp_min)) / MIN(bp_min) * 100 AS pct_range FROM quotes_daily GROUP BY sym ) t ORDER BY ABS(pct_range) DESC LIMIT 20"
22341030,2026-08-13 12:54:17.088109,0.107836,22341030,quotes_shared.public.mv_tbl__quotes_daily__0,1,1250215,1189423,0,0,0,0,0.0131,25,40,0,0,"SELECT sym, pct_range FROM ( SELECT sym, (MAX(bp_max) - MIN(bp_min)) / MIN(bp_min) * 100 AS pct_range FROM quotes_daily GROUP BY sym ) t ORDER BY ABS(pct_range) DESC LIMIT 20"
22341038,2026-08-13 12:54:17.767121,0.488922,22341038,,0,0,4166,0,0,0,0,0.3989,43,33,0,0,"SELECT day, SUM(n_quotes) AS total_quotes, SUM(bs_sum) + SUM(as_sum) AS total_volume, SUM(spread_sum) / SUM(n_quotes) AS avg_spread FROM quotes_daily GROUP BY day ORDER BY day"
22341038,2026-08-13 12:54:17.767121,0.488922,22341038,quotes_shared.public.mv_tbl__quotes_daily__0,1,1250215,1189423,0,0,0,0,0.3931,49,46,0,0,"SELECT day, SUM(n_quotes) AS total_quotes, SUM(bs_sum) + SUM(as_sum) AS total_volume, SUM(spread_sum) / SUM(n_quotes) AS avg_spread FROM quotes_daily GROUP BY day ORDER BY day"
22341128,2026-08-13 12:57:23.031052,309.670279,22341128,,0,0,97,0,0,0,0,0.0588,0,24,0,0,"WITH s AS ( SELECT (ap - bp) AS spread, (bp + ap) / 2.0 AS mid, bs AS bs, ""as"" AS az FROM quotes_typed WHERE sym = 'AAPL' ), agg AS ( SELECT COUNT(*)::float8 AS n, SUM(spread) AS s1, SUM(POWER(spread, 2)) AS s2, SUM(POWER(spread, 3)) AS s3, SUM(POWER"
22341128,2026-08-13 12:57:23.031052,309.670279,22341128,quotes_shared.public.mv_tbl__quotes_typed__0,1,16153147551,59012986,0,0,0,0,307.5120,14,1,0,0,"WITH s AS ( SELECT (ap - bp) AS spread, (bp + ap) / 2.0 AS mid, bs AS bs, ""as"" AS az FROM quotes_typed WHERE sym = 'AAPL' ), agg AS ( SELECT COUNT(*)::float8 AS n, SUM(spread) AS s1, SUM(POWER(spread, 2)) AS s2, SUM(POWER(spread, 3)) AS s3, SUM(POWER"
22341271,2026-08-13 13:02:33.322054,150.259941,22341271,,0,0,178067751,0,0,0,0,145.5490,28,32,0,0,"WITH src AS ( SELECT DATE_TRUNC('hour', TIMESTAMP 'epoch' + payload.t::bigint / 1000 * INTERVAL '1 second') AS hour, payload.bp::float8 AS bp, payload.bs::bigint AS bs, payload.ap::float8 AS ap, payload.t::bigint AS t FROM quotes_streamed WHERE sym ="
22341271,2026-08-13 13:02:33.322054,150.259941,22341271,quotes_shared.public.mv_tbl__quotes_streamed__0,1,33651762063,59355917,0,0,0,0,145.0309,14,0,0,0,"WITH src AS ( SELECT DATE_TRUNC('hour', TIMESTAMP 'epoch' + payload.t::bigint / 1000 * INTERVAL '1 second') AS hour, payload.bp::float8 AS bp, payload.bs::bigint AS bs, payload.ap::float8 AS ap, payload.t::bigint AS t FROM quotes_streamed WHERE sym ="
22341311,2026-08-13 13:03:56.852125,3.261908,22341311,,0,0,65,0,0,0,0,0.0022,0,30,0,0,"SELECT COALESCE(SUM(n_quotes), 0) FROM quotes_daily"
22341311,2026-08-13 13:03:56.852125,3.261908,22341311,quotes_shared.public.mv_tbl__quotes_daily__0,1,1230807,1190322,0,0,0,0,1.2933,41,44,0,0,"SELECT COALESCE(SUM(n_quotes), 0) FROM quotes_daily"
22341314,2026-08-13 13:04:00.116161,0.095351,22341314,,0,0,65,0,0,0,0,0.0021,0,29,0,0,SELECT COUNT(*) FROM quotes_daily
22341314,2026-08-13 13:04:00.116161,0.095351,22341314,quotes_shared.public.mv_tbl__quotes_daily__0,1,1230655,1190322,0,0,0,0,0.0024,39,35,0,0,SELECT COUNT(*) FROM quotes_daily
22341317,2026-08-13 13:04:00.213639,3.024986,22341317,,0,0,65,0,0,0,0,0.0020,0,30,0,0,"SELECT COUNT(*) AS days_traded, SUM(n_quotes) AS total_quotes, MIN(bp_min) AS lowest_bid, MAX(bp_max) AS highest_bid, MIN(ap_min) AS lowest_ask, MAX(ap_max) AS highest_ask, SUM(spread_sum) / SUM(n_quotes) AS avg_spread, SUM(bs_sum) AS total_bid_volum"
22341317,2026-08-13 13:04:00.213639,3.024986,22341317,quotes_shared.public.mv_tbl__quotes_daily__0,1,1230608,104,0,0,0,0,2.9382,63,36,0,0,"SELECT COUNT(*) AS days_traded, SUM(n_quotes) AS total_quotes, MIN(bp_min) AS lowest_bid, MAX(bp_max) AS highest_bid, MIN(ap_min) AS lowest_ask, MAX(ap_max) AS highest_ask, SUM(spread_sum) / SUM(n_quotes) AS avg_spread, SUM(bs_sum) AS total_bid_volum"
22341326,2026-08-13 13:04:03.887723,0.111949,22341326,,0,0,241,0,0,0,0,0.0113,91,65,0,0,"SELECT sym, COUNT(*) AS days_traded, SUM(n_quotes) AS total_quotes, MIN(bp_min) AS lowest_bid, MAX(bp_max) AS highest_bid, SUM(spread_sum) / SUM(n_quotes) AS avg_spread FROM quotes_daily WHERE sym IN ('AAPL', 'MSFT', 'GOOGL', 'AMZN', 'TSLA', 'META', "
22341326,2026-08-13 13:04:03.887723,0.111949,22341326,quotes_shared.public.mv_tbl__quotes_daily__0,1,1230807,832,0,0,0,0,0.0063,42,28,0,0,"SELECT sym, COUNT(*) AS days_traded, SUM(n_quotes) AS total_quotes, MIN(bp_min) AS lowest_bid, MAX(bp_max) AS highest_bid, SUM(spread_sum) / SUM(n_quotes) AS avg_spread FROM quotes_daily WHERE sym IN ('AAPL', 'MSFT', 'GOOGL', 'AMZN', 'TSLA', 'META', "
22341333,2026-08-13 13:04:04.626536,0.10929,22341333,,0,0,331959,0,0,0,0,0.0193,14,36,0,0,"SELECT sym, pct_range FROM ( SELECT sym, (MAX(bp_max) - MIN(bp_min)) / MIN(bp_min) * 100 AS pct_range FROM quotes_daily GROUP BY sym ) t ORDER BY ABS(pct_range) DESC LIMIT 20"
22341333,2026-08-13 13:04:04.626536,0.10929,22341333,quotes_shared.public.mv_tbl__quotes_daily__0,1,1230807,1190322,0,0,0,0,0.0074,35,39,0,0,"SELECT sym, pct_range FROM ( SELECT sym, (MAX(bp_max) - MIN(bp_min)) / MIN(bp_min) * 100 AS pct_range FROM quotes_daily GROUP BY sym ) t ORDER BY ABS(pct_range) DESC LIMIT 20"
22341340,2026-08-13 13:04:05.358111,0.560323,22341340,,0,0,4160,0,0,0,0,0.4793,43,32,0,0,"SELECT day, SUM(n_quotes) AS total_quotes, SUM(bs_sum) + SUM(as_sum) AS total_volume, SUM(spread_sum) / SUM(n_quotes) AS avg_spread FROM quotes_daily GROUP BY day ORDER BY day"
22341340,2026-08-13 13:04:05.358111,0.560323,22341340,quotes_shared.public.mv_tbl__quotes_daily__0,1,1230807,1190322,0,0,0,0,0.4746,46,44,0,0,"SELECT day, SUM(n_quotes) AS total_quotes, SUM(bs_sum) + SUM(as_sum) AS total_volume, SUM(spread_sum) / SUM(n_quotes) AS avg_spread FROM quotes_daily GROUP BY day ORDER BY day"
22341380,2026-08-13 13:05:04.208391,83.008091,22341380,,0,0,97,0,0,0,0,0.0586,0,24,0,0,"WITH s AS ( SELECT (payload.ap::float8 - payload.bp::float8) AS spread, (payload.bp::float8 + payload.ap::float8) / 2.0 AS mid, payload.bs::bigint AS bs, payload.""as""::bigint AS az FROM quotes_streamed WHERE sym = 'AAPL' ), agg AS ( SELECT COUNT(*)::"
22341380,2026-08-13 13:05:04.208391,83.008091,22341380,quotes_shared.public.mv_tbl__quotes_streamed__0,1,33798485183,59454110,0,0,0,0,81.0099,17,4,0,0,"WITH s AS ( SELECT (payload.ap::float8 - payload.bp::float8) AS spread, (payload.bp::float8 + payload.ap::float8) / 2.0 AS mid, payload.bs::bigint AS bs, payload.""as""::bigint AS az FROM quotes_streamed WHERE sym = 'AAPL' ), agg AS ( SELECT COUNT(*)::"
22544069,2026-08-13 13:14:08.459496,3.952765,22544069,,0,0,65,0,0,0,0,0.0026,0,63,0,0,"SELECT COALESCE(SUM(n_quotes), 0) FROM quotes_daily"
22544069,2026-08-13 13:14:08.459496,3.952765,22544069,quotes_shared.public.mv_tbl__quotes_daily__0,1,1236292,1200782,0,0,0,0,1.3456,39,45,0,0,"SELECT COALESCE(SUM(n_quotes), 0) FROM quotes_daily"
22544072,2026-08-13 13:14:12.414230,0.090386,22544072,,0,0,65,0,0,0,0,0.0021,0,53,0,0,SELECT COUNT(*) FROM quotes_daily
22544072,2026-08-13 13:14:12.414230,0.090386,22544072,quotes_shared.public.mv_tbl__quotes_daily__0,1,1235892,1200782,0,0,0,0,0.0017,39,13,0,0,SELECT COUNT(*) FROM quotes_daily
22544075,2026-08-13 13:14:12.506841,2.426524,22544075,,0,0,65,0,0,0,0,0.0037,0,30,0,0,"SELECT COUNT(*) AS days_traded, SUM(n_quotes) AS total_quotes, MIN(bp_min) AS lowest_bid, MAX(bp_max) AS highest_bid, MIN(ap_min) AS lowest_ask, MAX(ap_max) AS highest_ask, SUM(spread_sum) / SUM(n_quotes) AS avg_spread, SUM(bs_sum) AS total_bid_volum"
22544075,2026-08-13 13:14:12.506841,2.426524,22544075,quotes_shared.public.mv_tbl__quotes_daily__0,1,1235845,105,0,0,0,0,2.3243,63,21,0,0,"SELECT COUNT(*) AS days_traded, SUM(n_quotes) AS total_quotes, MIN(bp_min) AS lowest_bid, MAX(bp_max) AS highest_bid, MIN(ap_min) AS lowest_ask, MAX(ap_max) AS highest_ask, SUM(spread_sum) / SUM(n_quotes) AS avg_spread, SUM(bs_sum) AS total_bid_volum"
22544082,2026-08-13 13:14:15.889501,0.441874,22544082,,0,0,250,0,0,0,0,0.3426,91,32,0,0,"SELECT sym, COUNT(*) AS days_traded, SUM(n_quotes) AS total_quotes, MIN(bp_min) AS lowest_bid, MAX(bp_max) AS highest_bid, SUM(spread_sum) / SUM(n_quotes) AS avg_spread FROM quotes_daily WHERE sym IN ('AAPL', 'MSFT', 'GOOGL', 'AMZN', 'TSLA', 'META', "
22544082,2026-08-13 13:14:15.889501,0.441874,22544082,quotes_shared.public.mv_tbl__quotes_daily__0,1,1236292,840,0,0,0,0,0.3383,50,93,0,0,"SELECT sym, COUNT(*) AS days_traded, SUM(n_quotes) AS total_quotes, MIN(bp_min) AS lowest_bid, MAX(bp_max) AS highest_bid, SUM(spread_sum) / SUM(n_quotes) AS avg_spread FROM quotes_daily WHERE sym IN ('AAPL', 'MSFT', 'GOOGL', 'AMZN', 'TSLA', 'META', "
22544090,2026-08-13 13:14:16.972417,2.087811,22544090,,0,0,336549,0,0,0,0,0.7406,13,31,0,0,"SELECT sym, pct_range FROM ( SELECT sym, (MAX(bp_max) - MIN(bp_min)) / MIN(bp_min) * 100 AS pct_range FROM quotes_daily GROUP BY sym ) t ORDER BY ABS(pct_range) DESC LIMIT 20"
22544090,2026-08-13 13:14:16.972417,2.087811,22544090,quotes_shared.public.mv_tbl__quotes_daily__0,1,1246041,1200805,0,0,0,0,0.7344,43,37,0,0,"SELECT sym, pct_range FROM ( SELECT sym, (MAX(bp_max) - MIN(bp_min)) / MIN(bp_min) * 100 AS pct_range FROM quotes_daily GROUP BY sym ) t ORDER BY ABS(pct_range) DESC LIMIT 20"
22544109,2026-08-13 13:14:21.358044,1.03503,22544109,,0,0,4202,0,0,0,0,0.9462,50,21,0,0,"SELECT day, SUM(n_quotes) AS total_quotes, SUM(bs_sum) + SUM(as_sum) AS total_volume, SUM(spread_sum) / SUM(n_quotes) AS avg_spread FROM quotes_daily GROUP BY day ORDER BY day"
22544109,2026-08-13 13:14:21.358044,1.03503,22544109,quotes_shared.public.mv_tbl__quotes_daily__0,1,1246041,1200805,0,0,0,0,0.9409,47,41,0,0,"SELECT day, SUM(n_quotes) AS total_quotes, SUM(bs_sum) + SUM(as_sum) AS total_volume, SUM(spread_sum) / SUM(n_quotes) AS avg_spread FROM quotes_daily GROUP BY day ORDER BY day"
22747141,2026-08-13 13:24:07.131910,3.637533,22747141,,0,0,65,0,0,0,0,0.0023,0,21,0,0,"SELECT COALESCE(SUM(n_quotes), 0) FROM quotes_daily"
22747141,2026-08-13 13:24:07.131910,3.637533,22747141,quotes_shared.public.mv_tbl__quotes_daily__0,1,1247036,1211088,0,0,0,0,1.1589,39,32,0,0,"SELECT COALESCE(SUM(n_quotes), 0) FROM quotes_daily"
22747144,2026-08-13 13:24:10.771381,0.077523,22747144,,0,0,65,0,0,0,0,0.0038,0,72,0,0,SELECT COUNT(*) FROM quotes_daily
22747144,2026-08-13 13:24:10.771381,0.077523,22747144,quotes_shared.public.mv_tbl__quotes_daily__0,1,1246626,1211088,0,0,0,0,0.0024,56,47,0,0,SELECT COUNT(*) FROM quotes_daily
22747147,2026-08-13 13:24:10.850842,3.07386,22747147,,0,0,65,0,0,0,0,0.0020,0,24,0,0,"SELECT COUNT(*) AS days_traded, SUM(n_quotes) AS total_quotes, MIN(bp_min) AS lowest_bid, MAX(bp_max) AS highest_bid, MIN(ap_min) AS lowest_ask, MAX(ap_max) AS highest_ask, SUM(spread_sum) / SUM(n_quotes) AS avg_spread, SUM(bs_sum) AS total_bid_volum"
22747147,2026-08-13 13:24:10.850842,3.07386,22747147,quotes_shared.public.mv_tbl__quotes_daily__0,1,1246868,106,0,0,0,0,2.9868,58,36,0,0,"SELECT COUNT(*) AS days_traded, SUM(n_quotes) AS total_quotes, MIN(bp_min) AS lowest_bid, MAX(bp_max) AS highest_bid, MIN(ap_min) AS lowest_ask, MAX(ap_max) AS highest_ask, SUM(spread_sum) / SUM(n_quotes) AS avg_spread, SUM(bs_sum) AS total_bid_volum"
22747154,2026-08-13 13:24:15.185490,0.507472,22747154,,0,0,251,0,0,0,0,0.4196,91,23,0,0,"SELECT sym, COUNT(*) AS days_traded, SUM(n_quotes) AS total_quotes, MIN(bp_min) AS lowest_bid, MAX(bp_max) AS highest_bid, SUM(spread_sum) / SUM(n_quotes) AS avg_spread FROM quotes_daily WHERE sym IN ('AAPL', 'MSFT', 'GOOGL', 'AMZN', 'TSLA', 'META', "
22747154,2026-08-13 13:24:15.185490,0.507472,22747154,quotes_shared.public.mv_tbl__quotes_daily__0,1,1247036,848,0,0,0,0,0.4158,39,93,0,0,"SELECT sym, COUNT(*) AS days_traded, SUM(n_quotes) AS total_quotes, MIN(bp_min) AS lowest_bid, MAX(bp_max) AS highest_bid, SUM(spread_sum) / SUM(n_quotes) AS avg_spread FROM quotes_daily WHERE sym IN ('AAPL', 'MSFT', 'GOOGL', 'AMZN', 'TSLA', 'META', "
22747161,2026-08-13 13:24:16.294976,0.092523,22747161,,0,0,344840,0,0,0,0,0.0130,13,25,0,0,"SELECT sym, pct_range FROM ( SELECT sym, (MAX(bp_max) - MIN(bp_min)) / MIN(bp_min) * 100 AS pct_range FROM quotes_daily GROUP BY sym ) t ORDER BY ABS(pct_range) DESC LIMIT 20"
22747161,2026-08-13 13:24:16.294976,0.092523,22747161,quotes_shared.public.mv_tbl__quotes_daily__0,1,1247036,1211088,0,0,0,0,0.0078,25,23,0,0,"SELECT sym, pct_range FROM ( SELECT sym, (MAX(bp_max) - MIN(bp_min)) / MIN(bp_min) * 100 AS pct_range FROM quotes_daily GROUP BY sym ) t ORDER BY ABS(pct_range) DESC LIMIT 20"
22747168,2026-08-13 13:24:17.016321,0.462266,22747168,,0,0,4233,0,0,0,0,0.3851,49,18,0,0,"SELECT day, SUM(n_quotes) AS total_quotes, SUM(bs_sum) + SUM(as_sum) AS total_volume, SUM(spread_sum) / SUM(n_quotes) AS avg_spread FROM quotes_daily GROUP BY day ORDER BY day"
22747168,2026-08-13 13:24:17.016321,0.462266,22747168,quotes_shared.public.mv_tbl__quotes_daily__0,1,1247036,1211088,0,0,0,0,0.3817,41,35,0,0,"SELECT day, SUM(n_quotes) AS total_quotes, SUM(bs_sum) + SUM(as_sum) AS total_volume, SUM(spread_sum) / SUM(n_quotes) AS avg_spread FROM quotes_daily GROUP BY day ORDER BY day"
22950213,2026-08-13 13:34:07.807462,3.808176,22950213,,0,0,65,0,0,0,0,0.0028,0,28,0,0,"SELECT COALESCE(SUM(n_quotes), 0) FROM quotes_daily"
22950213,2026-08-13 13:34:07.807462,3.808176,22950213,quotes_shared.public.mv_tbl__quotes_daily__0,1,1259064,1221170,0,0,0,0,0.9623,30,27,0,0,"SELECT COALESCE(SUM(n_quotes), 0) FROM quotes_daily"
22950216,2026-08-13 13:34:11.617649,0.093692,22950216,,0,0,65,0,0,0,0,0.0023,0,30,0,0,SELECT COUNT(*) FROM quotes_daily
22950216,2026-08-13 13:34:11.617649,0.093692,22950216,quotes_shared.public.mv_tbl__quotes_daily__0,1,1259064,1221170,0,0,0,0,0.0021,37,47,0,0,SELECT COUNT(*) FROM quotes_daily
22950219,2026-08-13 13:34:11.713251,2.887191,22950219,,0,0,65,0,0,0,0,0.0030,0,27,0,0,"SELECT COUNT(*) AS days_traded, SUM(n_quotes) AS total_quotes, MIN(bp_min) AS lowest_bid, MAX(bp_max) AS highest_bid, MIN(ap_min) AS lowest_ask, MAX(ap_max) AS highest_ask, SUM(spread_sum) / SUM(n_quotes) AS avg_spread, SUM(bs_sum) AS total_bid_volum"
22950219,2026-08-13 13:34:11.713251,2.887191,22950219,quotes_shared.public.mv_tbl__quotes_daily__0,1,1259017,107,0,0,0,0,2.7899,69,34,0,0,"SELECT COUNT(*) AS days_traded, SUM(n_quotes) AS total_quotes, MIN(bp_min) AS lowest_bid, MAX(bp_max) AS highest_bid, MIN(ap_min) AS lowest_ask, MAX(ap_max) AS highest_ask, SUM(spread_sum) / SUM(n_quotes) AS avg_spread, SUM(bs_sum) AS total_bid_volum"
22950226,2026-08-13 13:34:15.537289,0.472687,22950226,,0,0,250,0,0,0,0,0.3771,91,25,0,0,"SELECT sym, COUNT(*) AS days_traded, SUM(n_quotes) AS total_quotes, MIN(bp_min) AS lowest_bid, MAX(bp_max) AS highest_bid, SUM(spread_sum) / SUM(n_quotes) AS avg_spread FROM quotes_daily WHERE sym IN ('AAPL', 'MSFT', 'GOOGL', 'AMZN', 'TSLA', 'META', "
22950226,2026-08-13 13:34:15.537289,0.472687,22950226,quotes_shared.public.mv_tbl__quotes_daily__0,1,1259064,856,0,0,0,0,0.3731,44,92,0,0,"SELECT sym, COUNT(*) AS days_traded, SUM(n_quotes) AS total_quotes, MIN(bp_min) AS lowest_bid, MAX(bp_max) AS highest_bid, SUM(spread_sum) / SUM(n_quotes) AS avg_spread FROM quotes_daily WHERE sym IN ('AAPL', 'MSFT', 'GOOGL', 'AMZN', 'TSLA', 'META', "
22950233,2026-08-13 13:34:16.665622,0.096322,22950233,,0,0,344967,0,0,0,0,0.0130,13,29,0,0,"SELECT sym, pct_range FROM ( SELECT sym, (MAX(bp_max) - MIN(bp_min)) / MIN(bp_min) * 100 AS pct_range FROM quotes_daily GROUP BY sym ) t ORDER BY ABS(pct_range) DESC LIMIT 20"
22950233,2026-08-13 13:34:16.665622,0.096322,22950233,quotes_shared.public.mv_tbl__quotes_daily__0,1,1259064,1221170,0,0,0,0,0.0083,26,28,0,0,"SELECT sym, pct_range FROM ( SELECT sym, (MAX(bp_max) - MIN(bp_min)) / MIN(bp_min) * 100 AS pct_range FROM quotes_daily GROUP BY sym ) t ORDER BY ABS(pct_range) DESC LIMIT 20"
22950241,2026-08-13 13:34:17.442971,0.433114,22950241,,0,0,4267,0,0,0,0,0.3513,49,23,0,0,"SELECT day, SUM(n_quotes) AS total_quotes, SUM(bs_sum) + SUM(as_sum) AS total_volume, SUM(spread_sum) / SUM(n_quotes) AS avg_spread FROM quotes_daily GROUP BY day ORDER BY day"
22950241,2026-08-13 13:34:17.442971,0.433114,22950241,quotes_shared.public.mv_tbl__quotes_daily__0,1,1259064,1221170,0,0,0,0,0.3474,28,29,0,0,"SELECT day, SUM(n_quotes) AS total_quotes, SUM(bs_sum) + SUM(as_sum) AS total_volume, SUM(spread_sum) / SUM(n_quotes) AS avg_spread FROM quotes_daily GROUP BY day ORDER BY day"
23153285,2026-08-13 13:44:07.559577,3.168458,23153285,,0,0,65,0,0,0,0,0.0030,0,30,0,0,"SELECT COALESCE(SUM(n_quotes), 0) FROM quotes_daily"
23153285,2026-08-13 13:44:07.559577,3.168458,23153285,quotes_shared.public.mv_tbl__quotes_daily__0,1,1266300,1226557,0,0,0,0,0.9154,45,29,0,0,"SELECT COALESCE(SUM(n_quotes), 0) FROM quotes_daily"
23153288,2026-08-13 13:44:10.729997,0.100785,23153288,,0,0,65,0,0,0,0,0.0097,0,29,0,0,SELECT COUNT(*) FROM quotes_daily
23153288,2026-08-13 13:44:10.729997,0.100785,23153288,quotes_shared.public.mv_tbl__quotes_daily__0,1,1265980,1226557,0,0,0,0,0.0027,53,44,0,0,SELECT COUNT(*) FROM quotes_daily
23153291,2026-08-13 13:44:10.832703,2.703777,23153291,,0,0,65,0,0,0,0,0.0024,0,26,0,0,"SELECT COUNT(*) AS days_traded, SUM(n_quotes) AS total_quotes, MIN(bp_min) AS lowest_bid, MAX(bp_max) AS highest_bid, MIN(ap_min) AS lowest_ask, MAX(ap_max) AS highest_ask, SUM(spread_sum) / SUM(n_quotes) AS avg_spread, SUM(bs_sum) AS total_bid_volum"
23153291,2026-08-13 13:44:10.832703,2.703777,23153291,quotes_shared.public.mv_tbl__quotes_daily__0,1,1266208,107,0,0,0,0,2.6000,58,36,0,0,"SELECT COUNT(*) AS days_traded, SUM(n_quotes) AS total_quotes, MIN(bp_min) AS lowest_bid, MAX(bp_max) AS highest_bid, MIN(ap_min) AS lowest_ask, MAX(ap_max) AS highest_ask, SUM(spread_sum) / SUM(n_quotes) AS avg_spread, SUM(bs_sum) AS total_bid_volum"
23153298,2026-08-13 13:44:14.446129,0.434362,23153298,,0,0,244,0,0,0,0,0.3352,91,18,0,0,"SELECT sym, COUNT(*) AS days_traded, SUM(n_quotes) AS total_quotes, MIN(bp_min) AS lowest_bid, MAX(bp_max) AS highest_bid, SUM(spread_sum) / SUM(n_quotes) AS avg_spread FROM quotes_daily WHERE sym IN ('AAPL', 'MSFT', 'GOOGL', 'AMZN', 'TSLA', 'META', "
23153298,2026-08-13 13:44:14.446129,0.434362,23153298,quotes_shared.public.mv_tbl__quotes_daily__0,1,1266300,856,0,0,0,0,0.3306,54,93,0,0,"SELECT sym, COUNT(*) AS days_traded, SUM(n_quotes) AS total_quotes, MIN(bp_min) AS lowest_bid, MAX(bp_max) AS highest_bid, SUM(spread_sum) / SUM(n_quotes) AS avg_spread FROM quotes_daily WHERE sym IN ('AAPL', 'MSFT', 'GOOGL', 'AMZN', 'TSLA', 'META', "
23153305,2026-08-13 13:44:15.468160,0.111932,23153305,,0,0,341095,0,0,0,0,0.0139,14,19,0,0,"SELECT sym, pct_range FROM ( SELECT sym, (MAX(bp_max) - MIN(bp_min)) / MIN(bp_min) * 100 AS pct_range FROM quotes_daily GROUP BY sym ) t ORDER BY ABS(pct_range) DESC LIMIT 20"
23153305,2026-08-13 13:44:15.468160,0.111932,23153305,quotes_shared.public.mv_tbl__quotes_daily__0,1,1266300,1226557,0,0,0,0,0.0094,28,47,0,0,"SELECT sym, pct_range FROM ( SELECT sym, (MAX(bp_max) - MIN(bp_min)) / MIN(bp_min) * 100 AS pct_range FROM quotes_daily GROUP BY sym ) t ORDER BY ABS(pct_range) DESC LIMIT 20"
23153312,2026-08-13 13:44:16.133075,0.526556,23153312,,0,0,4291,0,0,0,0,0.4370,49,25,0,0,"SELECT day, SUM(n_quotes) AS total_quotes, SUM(bs_sum) + SUM(as_sum) AS total_volume, SUM(spread_sum) / SUM(n_quotes) AS avg_spread FROM quotes_daily GROUP BY day ORDER BY day"
23153312,2026-08-13 13:44:16.133075,0.526556,23153312,quotes_shared.public.mv_tbl__quotes_daily__0,1,1266300,1226557,0,0,0,0,0.4334,47,47,0,0,"SELECT day, SUM(n_quotes) AS total_quotes, SUM(bs_sum) + SUM(as_sum) AS total_volume, SUM(spread_sum) / SUM(n_quotes) AS avg_spread FROM quotes_daily GROUP BY day ORDER BY day"
23356358,2026-08-13 13:54:07.686741,3.328154,23356358,,0,0,65,0,0,0,0,0.0196,0,71,0,0,"SELECT COALESCE(SUM(n_quotes), 0) FROM quotes_daily"
23356358,2026-08-13 13:54:07.686741,3.328154,23356358,quotes_shared.public.mv_tbl__quotes_daily__0,1,1281019,1236011,0,0,0,0,0.9579,49,29,0,0,"SELECT COALESCE(SUM(n_quotes), 0) FROM quotes_daily"
23356357,2026-08-13 13:54:07.687442,3.321198,23356357,,0,0,65,0,0,0,0,0.0047,0,42,0,0,"SELECT COALESCE(SUM(n_quotes), 0) FROM quotes_daily"
23356357,2026-08-13 13:54:07.687442,3.321198,23356357,quotes_shared.public.mv_tbl__quotes_daily__0,1,1281019,1236011,0,0,0,0,0.7130,47,39,0,0,"SELECT COALESCE(SUM(n_quotes), 0) FROM quotes_daily"
23356363,2026-08-13 13:54:11.010295,0.095406,23356363,,0,0,65,0,0,0,0,0.0057,0,88,0,0,SELECT COUNT(*) FROM quotes_daily
23356363,2026-08-13 13:54:11.010295,0.095406,23356363,quotes_shared.public.mv_tbl__quotes_daily__0,1,1280665,1236011,0,0,0,0,0.0024,46,21,0,0,SELECT COUNT(*) FROM quotes_daily
23356364,2026-08-13 13:54:11.016799,0.088715,23356364,,0,0,65,0,0,0,0,0.0052,0,44,0,0,SELECT COUNT(*) FROM quotes_daily
23356364,2026-08-13 13:54:11.016799,0.088715,23356364,quotes_shared.public.mv_tbl__quotes_daily__0,1,1280665,1236011,0,0,0,0,0.0028,57,29,0,0,SELECT COUNT(*) FROM quotes_daily
23356372,2026-08-13 13:54:11.107200,210.127509,23356372,,0,0,185243277,0,0,0,0,207.4569,27,37,0,0,"WITH src AS ( SELECT DATE_TRUNC('hour', TIMESTAMP 'epoch' + t / 1000 * INTERVAL '1 second') AS hour, bp, bs, ap, t FROM quotes_typed WHERE sym = 'AAPL' ), ranked AS ( SELECT hour, bp, bs, ap, ROW_NUMBER() OVER (PARTITION BY hour ORDER BY t ASC) AS rn"
23356372,2026-08-13 13:54:11.107200,210.127509,23356372,quotes_shared.public.mv_tbl__quotes_typed__0,1,17482173889,61747759,0,0,0,0,207.0633,15,1,0,0,"WITH src AS ( SELECT DATE_TRUNC('hour', TIMESTAMP 'epoch' + t / 1000 * INTERVAL '1 second') AS hour, bp, bs, ap, t FROM quotes_typed WHERE sym = 'AAPL' ), ranked AS ( SELECT hour, bp, bs, ap, ROW_NUMBER() OVER (PARTITION BY hour ORDER BY t ASC) AS rn"
23356369,2026-08-13 13:54:11.107561,5.791255,23356369,,0,0,65,0,0,0,0,0.0046,0,39,0,0,"SELECT COUNT(*) AS days_traded, SUM(n_quotes) AS total_quotes, MIN(bp_min) AS lowest_bid, MAX(bp_max) AS highest_bid, MIN(ap_min) AS lowest_ask, MAX(ap_max) AS highest_ask, SUM(spread_sum) / SUM(n_quotes) AS avg_spread, SUM(bs_sum) AS total_bid_volum"
23356369,2026-08-13 13:54:11.107561,5.791255,23356369,quotes_shared.public.mv_tbl__quotes_daily__0,1,1280893,108,0,0,0,0,5.6854,62,17,0,0,"SELECT COUNT(*) AS days_traded, SUM(n_quotes) AS total_quotes, MIN(bp_min) AS lowest_bid, MAX(bp_max) AS highest_bid, MIN(ap_min) AS lowest_ask, MAX(ap_max) AS highest_ask, SUM(spread_sum) / SUM(n_quotes) AS avg_spread, SUM(bs_sum) AS total_bid_volum"
23356382,2026-08-13 13:54:17.827901,0.460329,23356382,,0,0,251,0,0,0,0,0.3628,91,21,0,0,"SELECT sym, COUNT(*) AS days_traded, SUM(n_quotes) AS total_quotes, MIN(bp_min) AS lowest_bid, MAX(bp_max) AS highest_bid, SUM(spread_sum) / SUM(n_quotes) AS avg_spread FROM quotes_daily WHERE sym IN ('AAPL', 'MSFT', 'GOOGL', 'AMZN', 'TSLA', 'META', "
23356382,2026-08-13 13:54:17.827901,0.460329,23356382,quotes_shared.public.mv_tbl__quotes_daily__0,1,1281019,864,0,0,0,0,0.3576,35,92,0,0,"SELECT sym, COUNT(*) AS days_traded, SUM(n_quotes) AS total_quotes, MIN(bp_min) AS lowest_bid, MAX(bp_max) AS highest_bid, SUM(spread_sum) / SUM(n_quotes) AS avg_spread FROM quotes_daily WHERE sym IN ('AAPL', 'MSFT', 'GOOGL', 'AMZN', 'TSLA', 'META', "
23356389,2026-08-13 13:54:19.036948,0.105272,23356389,,0,0,342571,0,0,0,0,0.0193,14,25,0,0,"SELECT sym, pct_range FROM ( SELECT sym, (MAX(bp_max) - MIN(bp_min)) / MIN(bp_min) * 100 AS pct_range FROM quotes_daily GROUP BY sym ) t ORDER BY ABS(pct_range) DESC LIMIT 20"
23356389,2026-08-13 13:54:19.036948,0.105272,23356389,quotes_shared.public.mv_tbl__quotes_daily__0,1,1281019,1236011,0,0,0,0,0.0101,30,29,0,0,"SELECT sym, pct_range FROM ( SELECT sym, (MAX(bp_max) - MIN(bp_min)) / MIN(bp_min) * 100 AS pct_range FROM quotes_daily GROUP BY sym ) t ORDER BY ABS(pct_range) DESC LIMIT 20"
23356396,2026-08-13 13:54:19.787541,0.530872,23356396,,0,0,4324,0,0,0,0,0.4470,48,75,0,0,"SELECT day, SUM(n_quotes) AS total_quotes, SUM(bs_sum) + SUM(as_sum) AS total_volume, SUM(spread_sum) / SUM(n_quotes) AS avg_spread FROM quotes_daily GROUP BY day ORDER BY day"
23356396,2026-08-13 13:54:19.787541,0.530872,23356396,quotes_shared.public.mv_tbl__quotes_daily__0,1,1281019,1236011,0,0,0,0,0.4377,41,29,0,0,"SELECT day, SUM(n_quotes) AS total_quotes, SUM(bs_sum) + SUM(as_sum) AS total_volume, SUM(spread_sum) / SUM(n_quotes) AS avg_spread FROM quotes_daily GROUP BY day ORDER BY day"
23356502,2026-08-13 13:57:41.879053,310.6047,23356502,,0,0,97,0,0,0,0,0.0603,0,24,0,0,"WITH s AS ( SELECT (ap - bp) AS spread, (bp + ap) / 2.0 AS mid, bs AS bs, ""as"" AS az FROM quotes_typed WHERE sym = 'AAPL' ), agg AS ( SELECT COUNT(*)::float8 AS n, SUM(spread) AS s1, SUM(POWER(spread, 2)) AS s2, SUM(POWER(spread, 3)) AS s3, SUM(POWER"
23356502,2026-08-13 13:57:41.879053,310.6047,23356502,quotes_shared.public.mv_tbl__quotes_typed__0,1,17546941346,61900844,0,0,0,0,308.3154,21,1,0,0,"WITH s AS ( SELECT (ap - bp) AS spread, (bp + ap) / 2.0 AS mid, bs AS bs, ""as"" AS az FROM quotes_typed WHERE sym = 'AAPL' ), agg AS ( SELECT COUNT(*)::float8 AS n, SUM(spread) AS s1, SUM(POWER(spread, 2)) AS s2, SUM(POWER(spread, 3)) AS s3, SUM(POWER"
23356646,2026-08-13 14:02:53.231818,178.054849,23356646,,0,0,186399174,0,0,0,0,173.1936,26,33,0,0,"WITH src AS ( SELECT DATE_TRUNC('hour', TIMESTAMP 'epoch' + payload.t::bigint / 1000 * INTERVAL '1 second') AS hour, payload.bp::float8 AS bp, payload.bs::bigint AS bs, payload.ap::float8 AS ap, payload.t::bigint AS t FROM quotes_streamed WHERE sym ="
23356646,2026-08-13 14:02:53.231818,178.054849,23356646,quotes_shared.public.mv_tbl__quotes_streamed__0,1,37267875197,62133058,0,0,0,0,171.8471,12,0,0,0,"WITH src AS ( SELECT DATE_TRUNC('hour', TIMESTAMP 'epoch' + payload.t::bigint / 1000 * INTERVAL '1 second') AS hour, payload.bp::float8 AS bp, payload.bs::bigint AS bs, payload.ap::float8 AS ap, payload.t::bigint AS t FROM quotes_streamed WHERE sym ="
23356676,2026-08-13 14:03:56.844110,2.679572,23356676,,0,0,65,0,0,0,0,0.0024,0,32,0,0,"SELECT COALESCE(SUM(n_quotes), 0) FROM quotes_daily"
23356676,2026-08-13 14:03:56.844110,2.679572,23356676,quotes_shared.public.mv_tbl__quotes_daily__0,1,1284075,1246496,0,0,0,0,0.9925,38,38,0,0,"SELECT COALESCE(SUM(n_quotes), 0) FROM quotes_daily"
23356679,2026-08-13 14:03:59.525277,0.08364,23356679,,0,0,65,0,0,0,0,0.0020,0,26,0,0,SELECT COUNT(*) FROM quotes_daily
23356679,2026-08-13 14:03:59.525277,0.08364,23356679,quotes_shared.public.mv_tbl__quotes_daily__0,1,1283955,1246496,0,0,0,0,0.0012,42,16,0,0,SELECT COUNT(*) FROM quotes_daily
23356682,2026-08-13 14:03:59.610499,3.020512,23356682,,0,0,65,0,0,0,0,0.0103,0,30,0,0,"SELECT COUNT(*) AS days_traded, SUM(n_quotes) AS total_quotes, MIN(bp_min) AS lowest_bid, MAX(bp_max) AS highest_bid, MIN(ap_min) AS lowest_ask, MAX(ap_max) AS highest_ask, SUM(spread_sum) / SUM(n_quotes) AS avg_spread, SUM(bs_sum) AS total_bid_volum"
23356682,2026-08-13 14:03:59.610499,3.020512,23356682,quotes_shared.public.mv_tbl__quotes_daily__0,1,1283908,109,0,0,0,0,2.9269,69,34,0,0,"SELECT COUNT(*) AS days_traded, SUM(n_quotes) AS total_quotes, MIN(bp_min) AS lowest_bid, MAX(bp_max) AS highest_bid, MIN(ap_min) AS lowest_ask, MAX(ap_max) AS highest_ask, SUM(spread_sum) / SUM(n_quotes) AS avg_spread, SUM(bs_sum) AS total_bid_volum"
23356689,2026-08-13 14:04:03.557134,0.112245,23356689,,0,0,250,0,0,0,0,0.0179,91,26,0,0,"SELECT sym, COUNT(*) AS days_traded, SUM(n_quotes) AS total_quotes, MIN(bp_min) AS lowest_bid, MAX(bp_max) AS highest_bid, SUM(spread_sum) / SUM(n_quotes) AS avg_spread FROM quotes_daily WHERE sym IN ('AAPL', 'MSFT', 'GOOGL', 'AMZN', 'TSLA', 'META', "
23356689,2026-08-13 14:04:03.557134,0.112245,23356689,quotes_shared.public.mv_tbl__quotes_daily__0,1,1284075,872,0,0,0,0,0.0054,35,24,0,0,"SELECT sym, COUNT(*) AS days_traded, SUM(n_quotes) AS total_quotes, MIN(bp_min) AS lowest_bid, MAX(bp_max) AS highest_bid, SUM(spread_sum) / SUM(n_quotes) AS avg_spread FROM quotes_daily WHERE sym IN ('AAPL', 'MSFT', 'GOOGL', 'AMZN', 'TSLA', 'META', "
23356698,2026-08-13 14:04:04.315544,0.24971,23356698,,0,0,346337,0,0,0,0,0.1649,14,70,0,0,"SELECT sym, pct_range FROM ( SELECT sym, (MAX(bp_max) - MIN(bp_min)) / MIN(bp_min) * 100 AS pct_range FROM quotes_daily GROUP BY sym ) t ORDER BY ABS(pct_range) DESC LIMIT 20"
23356698,2026-08-13 14:04:04.315544,0.24971,23356698,quotes_shared.public.mv_tbl__quotes_daily__0,1,1284075,1246496,0,0,0,0,0.0064,28,35,0,0,"SELECT sym, pct_range FROM ( SELECT sym, (MAX(bp_max) - MIN(bp_min)) / MIN(bp_min) * 100 AS pct_range FROM quotes_daily GROUP BY sym ) t ORDER BY ABS(pct_range) DESC LIMIT 20"
23356705,2026-08-13 14:04:05.204234,0.466348,23356705,,0,0,4356,0,0,0,0,0.3848,48,26,0,0,"SELECT day, SUM(n_quotes) AS total_quotes, SUM(bs_sum) + SUM(as_sum) AS total_volume, SUM(spread_sum) / SUM(n_quotes) AS avg_spread FROM quotes_daily GROUP BY day ORDER BY day"
23356705,2026-08-13 14:04:05.204234,0.466348,23356705,quotes_shared.public.mv_tbl__quotes_daily__0,1,1284075,1246496,0,0,0,0,0.3800,37,34,0,0,"SELECT day, SUM(n_quotes) AS total_quotes, SUM(bs_sum) + SUM(as_sum) AS total_volume, SUM(spread_sum) / SUM(n_quotes) AS avg_spread FROM quotes_daily GROUP BY day ORDER BY day"
23356772,2026-08-13 14:05:51.927460,92.35688,23356772,,0,0,97,0,0,0,0,0.0587,0,27,0,0,"WITH s AS ( SELECT (payload.ap::float8 - payload.bp::float8) AS spread, (payload.bp::float8 + payload.ap::float8) / 2.0 AS mid, payload.bs::bigint AS bs, payload.""as""::bigint AS az FROM quotes_streamed WHERE sym = 'AAPL' ), agg AS ( SELECT COUNT(*)::"
23356772,2026-08-13 14:05:51.927460,92.35688,23356772,quotes_shared.public.mv_tbl__quotes_streamed__0,1,37444031169,62267855,0,0,0,0,90.2142,15,3,0,0,"WITH s AS ( SELECT (payload.ap::float8 - payload.bp::float8) AS spread, (payload.bp::float8 + payload.ap::float8) / 2.0 AS mid, payload.bs::bigint AS bs, payload.""as""::bigint AS az FROM quotes_streamed WHERE sym = 'AAPL' ), agg AS ( SELECT COUNT(*)::"
23559429,2026-08-13 14:14:07.361889,3.418532,23559429,,0,0,65,0,0,0,0,0.0025,0,38,0,0,"SELECT COALESCE(SUM(n_quotes), 0) FROM quotes_daily"
23559429,2026-08-13 14:14:07.361889,3.418532,23559429,quotes_shared.public.mv_tbl__quotes_daily__0,1,1291921,1256759,0,0,0,0,1.0310,47,31,0,0,"SELECT COALESCE(SUM(n_quotes), 0) FROM quotes_daily"
23559432,2026-08-13 14:14:10.782290,0.091236,23559432,,0,0,65,0,0,0,0,0.0050,0,32,0,0,SELECT COUNT(*) FROM quotes_daily
23559432,2026-08-13 14:14:10.782290,0.091236,23559432,quotes_shared.public.mv_tbl__quotes_daily__0,1,1291921,1256759,0,0,0,0,0.0028,47,48,0,0,SELECT COUNT(*) FROM quotes_daily
23559435,2026-08-13 14:14:10.875385,2.973413,23559435,,0,0,65,0,0,0,0,0.0027,0,35,0,0,"SELECT COUNT(*) AS days_traded, SUM(n_quotes) AS total_quotes, MIN(bp_min) AS lowest_bid, MAX(bp_max) AS highest_bid, MIN(ap_min) AS lowest_ask, MAX(ap_max) AS highest_ask, SUM(spread_sum) / SUM(n_quotes) AS avg_spread, SUM(bs_sum) AS total_bid_volum"
23559435,2026-08-13 14:14:10.875385,2.973413,23559435,quotes_shared.public.mv_tbl__quotes_daily__0,1,1291874,110,0,0,0,0,2.8761,65,30,0,0,"SELECT COUNT(*) AS days_traded, SUM(n_quotes) AS total_quotes, MIN(bp_min) AS lowest_bid, MAX(bp_max) AS highest_bid, MIN(ap_min) AS lowest_ask, MAX(ap_max) AS highest_ask, SUM(spread_sum) / SUM(n_quotes) AS avg_spread, SUM(bs_sum) AS total_bid_volum"
23559442,2026-08-13 14:14:14.721568,0.512325,23559442,,0,0,252,0,0,0,0,0.4162,91,25,0,0,"SELECT sym, COUNT(*) AS days_traded, SUM(n_quotes) AS total_quotes, MIN(bp_min) AS lowest_bid, MAX(bp_max) AS highest_bid, SUM(spread_sum) / SUM(n_quotes) AS avg_spread FROM quotes_daily WHERE sym IN ('AAPL', 'MSFT', 'GOOGL', 'AMZN', 'TSLA', 'META', "
23559442,2026-08-13 14:14:14.721568,0.512325,23559442,quotes_shared.public.mv_tbl__quotes_daily__0,1,1291921,880,0,0,0,0,0.4112,50,93,0,0,"SELECT sym, COUNT(*) AS days_traded, SUM(n_quotes) AS total_quotes, MIN(bp_min) AS lowest_bid, MAX(bp_max) AS highest_bid, SUM(spread_sum) / SUM(n_quotes) AS avg_spread FROM quotes_daily WHERE sym IN ('AAPL', 'MSFT', 'GOOGL', 'AMZN', 'TSLA', 'META', "
23559449,2026-08-13 14:14:15.858429,0.101671,23559449,,0,0,343661,0,0,0,0,0.0161,14,30,0,0,"SELECT sym, pct_range FROM ( SELECT sym, (MAX(bp_max) - MIN(bp_min)) / MIN(bp_min) * 100 AS pct_range FROM quotes_daily GROUP BY sym ) t ORDER BY ABS(pct_range) DESC LIMIT 20"
23559449,2026-08-13 14:14:15.858429,0.101671,23559449,quotes_shared.public.mv_tbl__quotes_daily__0,1,1291921,1256759,0,0,0,0,0.0080,27,20,0,0,"SELECT sym, pct_range FROM ( SELECT sym, (MAX(bp_max) - MIN(bp_min)) / MIN(bp_min) * 100 AS pct_range FROM quotes_daily GROUP BY sym ) t ORDER BY ABS(pct_range) DESC LIMIT 20"
23559456,2026-08-13 14:14:16.558248,0.475679,23559456,,0,0,4388,0,0,0,0,0.3908,48,27,0,0,"SELECT day, SUM(n_quotes) AS total_quotes, SUM(bs_sum) + SUM(as_sum) AS total_volume, SUM(spread_sum) / SUM(n_quotes) AS avg_spread FROM quotes_daily GROUP BY day ORDER BY day"
23559456,2026-08-13 14:14:16.558248,0.475679,23559456,quotes_shared.public.mv_tbl__quotes_daily__0,1,1291921,1256759,0,0,0,0,0.3874,45,36,0,0,"SELECT day, SUM(n_quotes) AS total_quotes, SUM(bs_sum) + SUM(as_sum) AS total_volume, SUM(spread_sum) / SUM(n_quotes) AS avg_spread FROM quotes_daily GROUP BY day ORDER BY day"
23762501,2026-08-13 14:24:07.759333,3.768695,23762501,,0,0,65,0,0,0,0,0.0076,0,29,0,0,"SELECT COALESCE(SUM(n_quotes), 0) FROM quotes_daily"
23762501,2026-08-13 14:24:07.759333,3.768695,23762501,quotes_shared.public.mv_tbl__quotes_daily__0,1,1302990,1263933,0,0,0,0,1.0344,48,33,0,0,"SELECT COALESCE(SUM(n_quotes), 0) FROM quotes_daily"
23762504,2026-08-13 14:24:11.529951,0.086512,23762504,,0,0,65,0,0,0,0,0.0020,0,23,0,0,SELECT COUNT(*) FROM quotes_daily
23762504,2026-08-13 14:24:11.529951,0.086512,23762504,quotes_shared.public.mv_tbl__quotes_daily__0,1,1302974,1263933,0,0,0,0,0.0013,29,13,0,0,SELECT COUNT(*) FROM quotes_daily
23762507,2026-08-13 14:24:11.618365,2.628585,23762507,,0,0,65,0,0,0,0,0.0024,0,33,0,0,"SELECT COUNT(*) AS days_traded, SUM(n_quotes) AS total_quotes, MIN(bp_min) AS lowest_bid, MAX(bp_max) AS highest_bid, MIN(ap_min) AS lowest_ask, MAX(ap_max) AS highest_ask, SUM(spread_sum) / SUM(n_quotes) AS avg_spread, SUM(bs_sum) AS total_bid_volum"
23762507,2026-08-13 14:24:11.618365,2.628585,23762507,quotes_shared.public.mv_tbl__quotes_daily__0,1,1302927,110,0,0,0,0,2.5333,61,34,0,0,"SELECT COUNT(*) AS days_traded, SUM(n_quotes) AS total_quotes, MIN(bp_min) AS lowest_bid, MAX(bp_max) AS highest_bid, MIN(ap_min) AS lowest_ask, MAX(ap_max) AS highest_ask, SUM(spread_sum) / SUM(n_quotes) AS avg_spread, SUM(bs_sum) AS total_bid_volum"
23762514,2026-08-13 14:24:15.211905,0.457608,23762514,,0,0,255,0,0,0,0,0.3613,91,23,0,0,"SELECT sym, COUNT(*) AS days_traded, SUM(n_quotes) AS total_quotes, MIN(bp_min) AS lowest_bid, MAX(bp_max) AS highest_bid, SUM(spread_sum) / SUM(n_quotes) AS avg_spread FROM quotes_daily WHERE sym IN ('AAPL', 'MSFT', 'GOOGL', 'AMZN', 'TSLA', 'META', "
23762514,2026-08-13 14:24:15.211905,0.457608,23762514,quotes_shared.public.mv_tbl__quotes_daily__0,1,1302990,881,0,0,0,0,0.3577,43,93,0,0,"SELECT sym, COUNT(*) AS days_traded, SUM(n_quotes) AS total_quotes, MIN(bp_min) AS lowest_bid, MAX(bp_max) AS highest_bid, SUM(spread_sum) / SUM(n_quotes) AS avg_spread FROM quotes_daily WHERE sym IN ('AAPL', 'MSFT', 'GOOGL', 'AMZN', 'TSLA', 'META', "
23762521,2026-08-13 14:24:16.307943,0.101419,23762521,,0,0,346096,0,0,0,0,0.0148,13,28,0,0,"SELECT sym, pct_range FROM ( SELECT sym, (MAX(bp_max) - MIN(bp_min)) / MIN(bp_min) * 100 AS pct_range FROM quotes_daily GROUP BY sym ) t ORDER BY ABS(pct_range) DESC LIMIT 20"
23762521,2026-08-13 14:24:16.307943,0.101419,23762521,quotes_shared.public.mv_tbl__quotes_daily__0,1,1302990,1263933,0,0,0,0,0.0096,29,35,0,0,"SELECT sym, pct_range FROM ( SELECT sym, (MAX(bp_max) - MIN(bp_min)) / MIN(bp_min) * 100 AS pct_range FROM quotes_daily GROUP BY sym ) t ORDER BY ABS(pct_range) DESC LIMIT 20"
23762528,2026-08-13 14:24:17.044282,0.457798,23762528,,0,0,4408,0,0,0,0,0.3751,47,21,0,0,"SELECT day, SUM(n_quotes) AS total_quotes, SUM(bs_sum) + SUM(as_sum) AS total_volume, SUM(spread_sum) / SUM(n_quotes) AS avg_spread FROM quotes_daily GROUP BY day ORDER BY day"
23762528,2026-08-13 14:24:17.044282,0.457798,23762528,quotes_shared.public.mv_tbl__quotes_daily__0,1,1302990,1263933,0,0,0,0,0.3721,39,35,0,0,"SELECT day, SUM(n_quotes) AS total_quotes, SUM(bs_sum) + SUM(as_sum) AS total_volume, SUM(spread_sum) / SUM(n_quotes) AS avg_spread FROM quotes_daily GROUP BY day ORDER BY day"
23965573,2026-08-13 14:34:08.470506,3.771644,23965573,,0,0,65,0,0,0,0,0.0027,0,29,0,0,"SELECT COALESCE(SUM(n_quotes), 0) FROM quotes_daily"
23965573,2026-08-13 14:34:08.470506,3.771644,23965573,quotes_shared.public.mv_tbl__quotes_daily__0,1,1303398,1267847,0,0,0,0,1.1160,40,28,0,0,"SELECT COALESCE(SUM(n_quotes), 0) FROM quotes_daily"
23965576,2026-08-13 14:34:12.244069,0.08401,23965576,,0,0,65,0,0,0,0,0.0020,0,29,0,0,SELECT COUNT(*) FROM quotes_daily
23965576,2026-08-13 14:34:12.244069,0.08401,23965576,quotes_shared.public.mv_tbl__quotes_daily__0,1,1303230,1267847,0,0,0,0,0.0014,34,11,0,0,SELECT COUNT(*) FROM quotes_daily
23965579,2026-08-13 14:34:12.329930,2.858546,23965579,,0,0,65,0,0,0,0,0.0024,0,31,0,0,"SELECT COUNT(*) AS days_traded, SUM(n_quotes) AS total_quotes, MIN(bp_min) AS lowest_bid, MAX(bp_max) AS highest_bid, MIN(ap_min) AS lowest_ask, MAX(ap_max) AS highest_ask, SUM(spread_sum) / SUM(n_quotes) AS avg_spread, SUM(bs_sum) AS total_bid_volum"
23965579,2026-08-13 14:34:12.329930,2.858546,23965579,quotes_shared.public.mv_tbl__quotes_daily__0,1,1303183,111,0,0,0,0,2.7647,65,28,0,0,"SELECT COUNT(*) AS days_traded, SUM(n_quotes) AS total_quotes, MIN(bp_min) AS lowest_bid, MAX(bp_max) AS highest_bid, MIN(ap_min) AS lowest_ask, MAX(ap_max) AS highest_ask, SUM(spread_sum) / SUM(n_quotes) AS avg_spread, SUM(bs_sum) AS total_bid_volum"
23965586,2026-08-13 14:34:16.057758,0.454048,23965586,,0,0,255,0,0,0,0,0.3602,91,20,0,0,"SELECT sym, COUNT(*) AS days_traded, SUM(n_quotes) AS total_quotes, MIN(bp_min) AS lowest_bid, MAX(bp_max) AS highest_bid, SUM(spread_sum) / SUM(n_quotes) AS avg_spread FROM quotes_daily WHERE sym IN ('AAPL', 'MSFT', 'GOOGL', 'AMZN', 'TSLA', 'META', "
23965586,2026-08-13 14:34:16.057758,0.454048,23965586,quotes_shared.public.mv_tbl__quotes_daily__0,1,1303398,888,0,0,0,0,0.3555,49,93,0,0,"SELECT sym, COUNT(*) AS days_traded, SUM(n_quotes) AS total_quotes, MIN(bp_min) AS lowest_bid, MAX(bp_max) AS highest_bid, SUM(spread_sum) / SUM(n_quotes) AS avg_spread FROM quotes_daily WHERE sym IN ('AAPL', 'MSFT', 'GOOGL', 'AMZN', 'TSLA', 'META', "
23965593,2026-08-13 14:34:17.137647,0.094194,23965593,,0,0,348375,0,0,0,0,0.0124,14,68,0,0,"SELECT sym, pct_range FROM ( SELECT sym, (MAX(bp_max) - MIN(bp_min)) / MIN(bp_min) * 100 AS pct_range FROM quotes_daily GROUP BY sym ) t ORDER BY ABS(pct_range) DESC LIMIT 20"
23965593,2026-08-13 14:34:17.137647,0.094194,23965593,quotes_shared.public.mv_tbl__quotes_daily__0,1,1303398,1267847,0,0,0,0,0.0079,29,22,0,0,"SELECT sym, pct_range FROM ( SELECT sym, (MAX(bp_max) - MIN(bp_min)) / MIN(bp_min) * 100 AS pct_range FROM quotes_daily GROUP BY sym ) t ORDER BY ABS(pct_range) DESC LIMIT 20"
23965601,2026-08-13 14:34:17.850875,0.472516,23965601,,0,0,4420,0,0,0,0,0.3910,47,35,0,0,"SELECT day, SUM(n_quotes) AS total_quotes, SUM(bs_sum) + SUM(as_sum) AS total_volume, SUM(spread_sum) / SUM(n_quotes) AS avg_spread FROM quotes_daily GROUP BY day ORDER BY day"
23965601,2026-08-13 14:34:17.850875,0.472516,23965601,quotes_shared.public.mv_tbl__quotes_daily__0,1,1303398,1267847,0,0,0,0,0.3789,35,32,0,0,"SELECT day, SUM(n_quotes) AS total_quotes, SUM(bs_sum) + SUM(as_sum) AS total_volume, SUM(spread_sum) / SUM(n_quotes) AS avg_spread FROM quotes_daily GROUP BY day ORDER BY day"
24168645,2026-08-13 14:44:07.959362,3.842046,24168645,,0,0,65,0,0,0,0,0.0047,0,32,0,0,"SELECT COALESCE(SUM(n_quotes), 0) FROM quotes_daily"
24168645,2026-08-13 14:44:07.959362,3.842046,24168645,quotes_shared.public.mv_tbl__quotes_daily__0,1,1319347,1278446,0,0,0,0,1.1537,39,30,0,0,"SELECT COALESCE(SUM(n_quotes), 0) FROM quotes_daily"
24168648,2026-08-13 14:44:11.803612,0.092714,24168648,,0,0,65,0,0,0,0,0.0022,0,29,0,0,SELECT COUNT(*) FROM quotes_daily
24168648,2026-08-13 14:44:11.803612,0.092714,24168648,quotes_shared.public.mv_tbl__quotes_daily__0,1,1319347,1278446,0,0,0,0,0.0012,54,13,0,0,SELECT COUNT(*) FROM quotes_daily
24168651,2026-08-13 14:44:11.898210,2.753754,24168651,,0,0,65,0,0,0,0,0.0032,0,32,0,0,"SELECT COUNT(*) AS days_traded, SUM(n_quotes) AS total_quotes, MIN(bp_min) AS lowest_bid, MAX(bp_max) AS highest_bid, MIN(ap_min) AS lowest_ask, MAX(ap_max) AS highest_ask, SUM(spread_sum) / SUM(n_quotes) AS avg_spread, SUM(bs_sum) AS total_bid_volum"
24168651,2026-08-13 14:44:11.898210,2.753754,24168651,quotes_shared.public.mv_tbl__quotes_daily__0,1,1319300,112,0,0,0,0,2.6539,65,24,0,0,"SELECT COUNT(*) AS days_traded, SUM(n_quotes) AS total_quotes, MIN(bp_min) AS lowest_bid, MAX(bp_max) AS highest_bid, MIN(ap_min) AS lowest_ask, MAX(ap_max) AS highest_ask, SUM(spread_sum) / SUM(n_quotes) AS avg_spread, SUM(bs_sum) AS total_bid_volum"
24168658,2026-08-13 14:44:15.506973,0.457723,24168658,,0,0,256,0,0,0,0,0.3611,91,27,0,0,"SELECT sym, COUNT(*) AS days_traded, SUM(n_quotes) AS total_quotes, MIN(bp_min) AS lowest_bid, MAX(bp_max) AS highest_bid, SUM(spread_sum) / SUM(n_quotes) AS avg_spread FROM quotes_daily WHERE sym IN ('AAPL', 'MSFT', 'GOOGL', 'AMZN', 'TSLA', 'META', "
24168658,2026-08-13 14:44:15.506973,0.457723,24168658,quotes_shared.public.mv_tbl__quotes_daily__0,1,1319347,896,0,0,0,0,0.3550,46,93,0,0,"SELECT sym, COUNT(*) AS days_traded, SUM(n_quotes) AS total_quotes, MIN(bp_min) AS lowest_bid, MAX(bp_max) AS highest_bid, SUM(spread_sum) / SUM(n_quotes) AS avg_spread FROM quotes_daily WHERE sym IN ('AAPL', 'MSFT', 'GOOGL', 'AMZN', 'TSLA', 'META', "
24168665,2026-08-13 14:44:16.564801,0.103153,24168665,,0,0,348101,0,0,0,0,0.0151,14,21,0,0,"SELECT sym, pct_range FROM ( SELECT sym, (MAX(bp_max) - MIN(bp_min)) / MIN(bp_min) * 100 AS pct_range FROM quotes_daily GROUP BY sym ) t ORDER BY ABS(pct_range) DESC LIMIT 20"
24168665,2026-08-13 14:44:16.564801,0.103153,24168665,quotes_shared.public.mv_tbl__quotes_daily__0,1,1319347,1278446,0,0,0,0,0.0105,27,35,0,0,"SELECT sym, pct_range FROM ( SELECT sym, (MAX(bp_max) - MIN(bp_min)) / MIN(bp_min) * 100 AS pct_range FROM quotes_daily GROUP BY sym ) t ORDER BY ABS(pct_range) DESC LIMIT 20"
24168672,2026-08-13 14:44:17.262493,0.555596,24168672,,0,0,4460,0,0,0,0,0.4687,47,17,0,0,"SELECT day, SUM(n_quotes) AS total_quotes, SUM(bs_sum) + SUM(as_sum) AS total_volume, SUM(spread_sum) / SUM(n_quotes) AS avg_spread FROM quotes_daily GROUP BY day ORDER BY day"
24168672,2026-08-13 14:44:17.262493,0.555596,24168672,quotes_shared.public.mv_tbl__quotes_daily__0,1,1319347,1278446,0,0,0,0,0.4632,40,36,0,0,"SELECT day, SUM(n_quotes) AS total_quotes, SUM(bs_sum) + SUM(as_sum) AS total_volume, SUM(spread_sum) / SUM(n_quotes) AS avg_spread FROM quotes_daily GROUP BY day ORDER BY day"
24371719,2026-08-13 14:54:07.703027,3.398602,24371719,,0,0,65,0,0,0,0,0.0066,0,84,0,0,"SELECT COALESCE(SUM(n_quotes), 0) FROM quotes_daily"
24371719,2026-08-13 14:54:07.703027,3.398602,24371719,quotes_shared.public.mv_tbl__quotes_daily__0,1,1353873,1292334,0,0,0,0,0.7600,63,40,0,0,"SELECT COALESCE(SUM(n_quotes), 0) FROM quotes_daily"
24371717,2026-08-13 14:54:07.703172,3.398483,24371717,,0,0,65,0,0,0,0,0.0068,0,88,0,0,"SELECT COALESCE(SUM(n_quotes), 0) FROM quotes_daily"
24371717,2026-08-13 14:54:07.703172,3.398483,24371717,quotes_shared.public.mv_tbl__quotes_daily__0,1,1353873,1292334,0,0,0,0,0.8602,54,36,0,0,"SELECT COALESCE(SUM(n_quotes), 0) FROM quotes_daily"
24371723,2026-08-13 14:54:11.103391,0.109214,24371723,,0,0,65,0,0,0,0,0.0129,0,36,0,0,SELECT COUNT(*) FROM quotes_daily
24371723,2026-08-13 14:54:11.103391,0.109214,24371723,quotes_shared.public.mv_tbl__quotes_daily__0,1,1353873,1292334,0,0,0,0,0.0043,69,51,0,0,SELECT COUNT(*) FROM quotes_daily
24371724,2026-08-13 14:54:11.103564,0.109047,24371724,,0,0,65,0,0,0,0,0.0131,0,87,0,0,SELECT COUNT(*) FROM quotes_daily
24371724,2026-08-13 14:54:11.103564,0.109047,24371724,quotes_shared.public.mv_tbl__quotes_daily__0,1,1353873,1292334,0,0,0,0,0.0041,60,36,0,0,SELECT COUNT(*) FROM quotes_daily
24371729,2026-08-13 14:54:11.214298,5.712293,24371729,,0,0,65,0,0,0,0,0.0058,0,55,0,0,"SELECT COUNT(*) AS days_traded, SUM(n_quotes) AS total_quotes, MIN(bp_min) AS lowest_bid, MAX(bp_max) AS highest_bid, MIN(ap_min) AS lowest_ask, MAX(ap_max) AS highest_ask, SUM(spread_sum) / SUM(n_quotes) AS avg_spread, SUM(bs_sum) AS total_bid_volum"
24371729,2026-08-13 14:54:11.214298,5.712293,24371729,quotes_shared.public.mv_tbl__quotes_daily__0,1,1353826,113,0,0,0,0,5.5963,64,18,0,0,"SELECT COUNT(*) AS days_traded, SUM(n_quotes) AS total_quotes, MIN(bp_min) AS lowest_bid, MAX(bp_max) AS highest_bid, MIN(ap_min) AS lowest_ask, MAX(ap_max) AS highest_ask, SUM(spread_sum) / SUM(n_quotes) AS avg_spread, SUM(bs_sum) AS total_bid_volum"
24371732,2026-08-13 14:54:11.214439,215.844457,24371732,,0,0,193590057,0,0,0,0,213.1674,24,27,0,0,"WITH src AS ( SELECT DATE_TRUNC('hour', TIMESTAMP 'epoch' + t / 1000 * INTERVAL '1 second') AS hour, bp, bs, ap, t FROM quotes_typed WHERE sym = 'AAPL' ), ranked AS ( SELECT hour, bp, bs, ap, ROW_NUMBER() OVER (PARTITION BY hour ORDER BY t ASC) AS rn"
24371732,2026-08-13 14:54:11.214439,215.844457,24371732,quotes_shared.public.mv_tbl__quotes_typed__0,1,18808212182,64530019,0,0,0,0,212.7778,22,1,0,0,"WITH src AS ( SELECT DATE_TRUNC('hour', TIMESTAMP 'epoch' + t / 1000 * INTERVAL '1 second') AS hour, bp, bs, ap, t FROM quotes_typed WHERE sym = 'AAPL' ), ranked AS ( SELECT hour, bp, bs, ap, ROW_NUMBER() OVER (PARTITION BY hour ORDER BY t ASC) AS rn"
24371742,2026-08-13 14:54:17.819094,0.428913,24371742,,0,0,250,0,0,0,0,0.3331,91,23,0,0,"SELECT sym, COUNT(*) AS days_traded, SUM(n_quotes) AS total_quotes, MIN(bp_min) AS lowest_bid, MAX(bp_max) AS highest_bid, SUM(spread_sum) / SUM(n_quotes) AS avg_spread FROM quotes_daily WHERE sym IN ('AAPL', 'MSFT', 'GOOGL', 'AMZN', 'TSLA', 'META', "
24371742,2026-08-13 14:54:17.819094,0.428913,24371742,quotes_shared.public.mv_tbl__quotes_daily__0,1,1353873,904,0,0,0,0,0.3278,44,92,0,0,"SELECT sym, COUNT(*) AS days_traded, SUM(n_quotes) AS total_quotes, MIN(bp_min) AS lowest_bid, MAX(bp_max) AS highest_bid, SUM(spread_sum) / SUM(n_quotes) AS avg_spread FROM quotes_daily WHERE sym IN ('AAPL', 'MSFT', 'GOOGL', 'AMZN', 'TSLA', 'META', "
24371749,2026-08-13 14:54:18.860728,0.117942,24371749,,0,0,334211,0,0,0,0,0.0213,13,52,0,0,"SELECT sym, pct_range FROM ( SELECT sym, (MAX(bp_max) - MIN(bp_min)) / MIN(bp_min) * 100 AS pct_range FROM quotes_daily GROUP BY sym ) t ORDER BY ABS(pct_range) DESC LIMIT 20"
24371749,2026-08-13 14:54:18.860728,0.117942,24371749,quotes_shared.public.mv_tbl__quotes_daily__0,1,1353873,1292334,0,0,0,0,0.0133,32,41,0,0,"SELECT sym, pct_range FROM ( SELECT sym, (MAX(bp_max) - MIN(bp_min)) / MIN(bp_min) * 100 AS pct_range FROM quotes_daily GROUP BY sym ) t ORDER BY ABS(pct_range) DESC LIMIT 20"
24371756,2026-08-13 14:54:19.589375,0.828955,24371756,,0,0,4508,0,0,0,0,0.7381,46,33,0,0,"SELECT day, SUM(n_quotes) AS total_quotes, SUM(bs_sum) + SUM(as_sum) AS total_volume, SUM(spread_sum) / SUM(n_quotes) AS avg_spread FROM quotes_daily GROUP BY day ORDER BY day"
24371756,2026-08-13 14:54:19.589375,0.828955,24371756,quotes_shared.public.mv_tbl__quotes_daily__0,1,1353873,1292334,0,0,0,0,0.7288,31,58,0,0,"SELECT day, SUM(n_quotes) AS total_quotes, SUM(bs_sum) + SUM(as_sum) AS total_volume, SUM(spread_sum) / SUM(n_quotes) AS avg_spread FROM quotes_daily GROUP BY day ORDER BY day"
24371868,2026-08-13 14:57:47.771897,303.055248,24371868,,0,0,97,0,0,0,0,0.0603,0,25,0,0,"WITH s AS ( SELECT (ap - bp) AS spread, (bp + ap) / 2.0 AS mid, bs AS bs, ""as"" AS az FROM quotes_typed WHERE sym = 'AAPL' ), agg AS ( SELECT COUNT(*)::float8 AS n, SUM(spread) AS s1, SUM(POWER(spread, 2)) AS s2, SUM(POWER(spread, 3)) AS s3, SUM(POWER"
24371868,2026-08-13 14:57:47.771897,303.055248,24371868,quotes_shared.public.mv_tbl__quotes_typed__0,1,18888353237,64781769,0,0,0,0,299.9585,18,0,0,0,"WITH s AS ( SELECT (ap - bp) AS spread, (bp + ap) / 2.0 AS mid, bs AS bs, ""as"" AS az FROM quotes_typed WHERE sym = 'AAPL' ), agg AS ( SELECT COUNT(*)::float8 AS n, SUM(spread) AS s1, SUM(POWER(spread, 2)) AS s2, SUM(POWER(spread, 3)) AS s3, SUM(POWER"
24372005,2026-08-13 15:02:51.483668,199.828932,24372005,,0,0,195564594,0,0,0,0,196.2034,23,56,0,0,"WITH src AS ( SELECT DATE_TRUNC('hour', TIMESTAMP 'epoch' + payload.t::bigint / 1000 * INTERVAL '1 second') AS hour, payload.bp::float8 AS bp, payload.bs::bigint AS bs, payload.ap::float8 AS ap, payload.t::bigint AS t FROM quotes_streamed WHERE sym ="
24372005,2026-08-13 15:02:51.483668,199.828932,24372005,quotes_shared.public.mv_tbl__quotes_streamed__0,1,40865343716,65188198,0,0,0,0,195.5429,8,1,0,0,"WITH src AS ( SELECT DATE_TRUNC('hour', TIMESTAMP 'epoch' + payload.t::bigint / 1000 * INTERVAL '1 second') AS hour, payload.bp::float8 AS bp, payload.bs::bigint AS bs, payload.ap::float8 AS ap, payload.t::bigint AS t FROM quotes_streamed WHERE sym ="
24372039,2026-08-13 15:03:56.853587,2.844176,24372039,,0,0,65,0,0,0,0,0.0027,0,33,0,0,"SELECT COALESCE(SUM(n_quotes), 0) FROM quotes_daily"
24372039,2026-08-13 15:03:56.853587,2.844176,24372039,quotes_shared.public.mv_tbl__quotes_daily__0,1,1334521,1294240,0,0,0,0,0.8960,47,39,0,0,"SELECT COALESCE(SUM(n_quotes), 0) FROM quotes_daily"
24372042,2026-08-13 15:03:59.699460,0.076039,24372042,,0,0,65,0,0,0,0,0.0026,0,34,0,0,SELECT COUNT(*) FROM quotes_daily
24372042,2026-08-13 15:03:59.699460,0.076039,24372042,quotes_shared.public.mv_tbl__quotes_daily__0,1,1334521,1294240,0,0,0,0,0.0014,48,18,0,0,SELECT COUNT(*) FROM quotes_daily
24372045,2026-08-13 15:03:59.777195,2.446138,24372045,,0,0,65,0,0,0,0,0.0025,0,29,0,0,"SELECT COUNT(*) AS days_traded, SUM(n_quotes) AS total_quotes, MIN(bp_min) AS lowest_bid, MAX(bp_max) AS highest_bid, MIN(ap_min) AS lowest_ask, MAX(ap_max) AS highest_ask, SUM(spread_sum) / SUM(n_quotes) AS avg_spread, SUM(bs_sum) AS total_bid_volum"
24372045,2026-08-13 15:03:59.777195,2.446138,24372045,quotes_shared.public.mv_tbl__quotes_daily__0,1,1334474,113,0,0,0,0,2.3639,64,32,0,0,"SELECT COUNT(*) AS days_traded, SUM(n_quotes) AS total_quotes, MIN(bp_min) AS lowest_bid, MAX(bp_max) AS highest_bid, MIN(ap_min) AS lowest_ask, MAX(ap_max) AS highest_ask, SUM(spread_sum) / SUM(n_quotes) AS avg_spread, SUM(bs_sum) AS total_bid_volum"
24372052,2026-08-13 15:04:02.892902,0.103722,24372052,,0,0,249,0,0,0,0,0.0139,91,91,0,0,"SELECT sym, COUNT(*) AS days_traded, SUM(n_quotes) AS total_quotes, MIN(bp_min) AS lowest_bid, MAX(bp_max) AS highest_bid, SUM(spread_sum) / SUM(n_quotes) AS avg_spread FROM quotes_daily WHERE sym IN ('AAPL', 'MSFT', 'GOOGL', 'AMZN', 'TSLA', 'META', "
24372052,2026-08-13 15:04:02.892902,0.103722,24372052,quotes_shared.public.mv_tbl__quotes_daily__0,1,1334521,904,0,0,0,0,0.0073,38,43,0,0,"SELECT sym, COUNT(*) AS days_traded, SUM(n_quotes) AS total_quotes, MIN(bp_min) AS lowest_bid, MAX(bp_max) AS highest_bid, SUM(spread_sum) / SUM(n_quotes) AS avg_spread FROM quotes_daily WHERE sym IN ('AAPL', 'MSFT', 'GOOGL', 'AMZN', 'TSLA', 'META', "
24372061,2026-08-13 15:04:03.604520,0.09224,24372061,,0,0,349552,0,0,0,0,0.0110,14,37,0,0,"SELECT sym, pct_range FROM ( SELECT sym, (MAX(bp_max) - MIN(bp_min)) / MIN(bp_min) * 100 AS pct_range FROM quotes_daily GROUP BY sym ) t ORDER BY ABS(pct_range) DESC LIMIT 20"
24372061,2026-08-13 15:04:03.604520,0.09224,24372061,quotes_shared.public.mv_tbl__quotes_daily__0,1,1334521,1294240,0,0,0,0,0.0055,28,21,0,0,"SELECT sym, pct_range FROM ( SELECT sym, (MAX(bp_max) - MIN(bp_min)) / MIN(bp_min) * 100 AS pct_range FROM quotes_daily GROUP BY sym ) t ORDER BY ABS(pct_range) DESC LIMIT 20"
24372068,2026-08-13 15:04:04.360314,0.387129,24372068,,0,0,4534,0,0,0,0,0.3065,46,14,0,0,"SELECT day, SUM(n_quotes) AS total_quotes, SUM(bs_sum) + SUM(as_sum) AS total_volume, SUM(spread_sum) / SUM(n_quotes) AS avg_spread FROM quotes_daily GROUP BY day ORDER BY day"
24372068,2026-08-13 15:04:04.360314,0.387129,24372068,quotes_shared.public.mv_tbl__quotes_daily__0,1,1334521,1294240,0,0,0,0,0.3024,39,37,0,0,"SELECT day, SUM(n_quotes) AS total_quotes, SUM(bs_sum) + SUM(as_sum) AS total_volume, SUM(spread_sum) / SUM(n_quotes) AS avg_spread FROM quotes_daily GROUP BY day ORDER BY day"
24372141,2026-08-13 15:06:11.951236,128.659521,24372141,,0,0,97,0,0,0,0,0.0586,0,28,0,0,"WITH s AS ( SELECT (payload.ap::float8 - payload.bp::float8) AS spread, (payload.bp::float8 + payload.ap::float8) / 2.0 AS mid, payload.bs::bigint AS bs, payload.""as""::bigint AS az FROM quotes_streamed WHERE sym = 'AAPL' ), agg AS ( SELECT COUNT(*)::"
24372141,2026-08-13 15:06:11.951236,128.659521,24372141,quotes_shared.public.mv_tbl__quotes_streamed__0,1,41070344191,65301518,0,0,0,0,124.4284,14,1,0,0,"WITH s AS ( SELECT (payload.ap::float8 - payload.bp::float8) AS spread, (payload.bp::float8 + payload.ap::float8) / 2.0 AS mid, payload.bs::bigint AS bs, payload.""as""::bigint AS az FROM quotes_streamed WHERE sym = 'AAPL' ), agg AS ( SELECT COUNT(*)::"
24372366,2026-08-13 15:13:56.850093,3.349698,24372366,,0,0,65,0,0,0,0,0.0019,0,24,0,0,"SELECT COALESCE(SUM(n_quotes), 0) FROM quotes_daily"
24372366,2026-08-13 15:13:56.850093,3.349698,24372366,quotes_shared.public.mv_tbl__quotes_daily__0,1,1352367,1303717,0,0,0,0,1.0897,28,29,0,0,"SELECT COALESCE(SUM(n_quotes), 0) FROM quotes_daily"
24372371,2026-08-13 15:14:00.201487,0.081292,24372371,,0,0,65,0,0,0,0,0.0015,0,19,0,0,SELECT COUNT(*) FROM quotes_daily
24372371,2026-08-13 15:14:00.201487,0.081292,24372371,quotes_shared.public.mv_tbl__quotes_daily__0,1,1352310,1303717,0,0,0,0,0.0012,29,16,0,0,SELECT COUNT(*) FROM quotes_daily
24372374,2026-08-13 15:14:00.284691,2.969669,24372374,,0,0,65,0,0,0,0,0.0019,0,21,0,0,"SELECT COUNT(*) AS days_traded, SUM(n_quotes) AS total_quotes, MIN(bp_min) AS lowest_bid, MAX(bp_max) AS highest_bid, MIN(ap_min) AS lowest_ask, MAX(ap_max) AS highest_ask, SUM(spread_sum) / SUM(n_quotes) AS avg_spread, SUM(bs_sum) AS total_bid_volum"
24372374,2026-08-13 15:14:00.284691,2.969669,24372374,quotes_shared.public.mv_tbl__quotes_daily__0,1,1352263,114,0,0,0,0,2.8848,64,30,0,0,"SELECT COUNT(*) AS days_traded, SUM(n_quotes) AS total_quotes, MIN(bp_min) AS lowest_bid, MAX(bp_max) AS highest_bid, MIN(ap_min) AS lowest_ask, MAX(ap_max) AS highest_ask, SUM(spread_sum) / SUM(n_quotes) AS avg_spread, SUM(bs_sum) AS total_bid_volum"
24372381,2026-08-13 15:14:03.945036,0.099638,24372381,,0,0,255,0,0,0,0,0.0066,91,20,0,0,"SELECT sym, COUNT(*) AS days_traded, SUM(n_quotes) AS total_quotes, MIN(bp_min) AS lowest_bid, MAX(bp_max) AS highest_bid, SUM(spread_sum) / SUM(n_quotes) AS avg_spread FROM quotes_daily WHERE sym IN ('AAPL', 'MSFT', 'GOOGL', 'AMZN', 'TSLA', 'META', "
24372381,2026-08-13 15:14:03.945036,0.099638,24372381,quotes_shared.public.mv_tbl__quotes_daily__0,1,1352367,912,0,0,0,0,0.0039,39,8,0,0,"SELECT sym, COUNT(*) AS days_traded, SUM(n_quotes) AS total_quotes, MIN(bp_min) AS lowest_bid, MAX(bp_max) AS highest_bid, SUM(spread_sum) / SUM(n_quotes) AS avg_spread FROM quotes_daily WHERE sym IN ('AAPL', 'MSFT', 'GOOGL', 'AMZN', 'TSLA', 'META', "
24372388,2026-08-13 15:14:04.678015,0.097984,24372388,,0,0,351245,0,0,0,0,0.0098,14,30,0,0,"SELECT sym, pct_range FROM ( SELECT sym, (MAX(bp_max) - MIN(bp_min)) / MIN(bp_min) * 100 AS pct_range FROM quotes_daily GROUP BY sym ) t ORDER BY ABS(pct_range) DESC LIMIT 20"
24372388,2026-08-13 15:14:04.678015,0.097984,24372388,quotes_shared.public.mv_tbl__quotes_daily__0,1,1352367,1303717,0,0,0,0,0.0044,12,18,0,0,"SELECT sym, pct_range FROM ( SELECT sym, (MAX(bp_max) - MIN(bp_min)) / MIN(bp_min) * 100 AS pct_range FROM quotes_daily GROUP BY sym ) t ORDER BY ABS(pct_range) DESC LIMIT 20"
24372395,2026-08-13 15:14:07.087546,0.551059,24372395,,0,0,4553,0,0,0,0,0.4669,46,26,0,0,"SELECT day, SUM(n_quotes) AS total_quotes, SUM(bs_sum) + SUM(as_sum) AS total_volume, SUM(spread_sum) / SUM(n_quotes) AS avg_spread FROM quotes_daily GROUP BY day ORDER BY day"
24372395,2026-08-13 15:14:07.087546,0.551059,24372395,quotes_shared.public.mv_tbl__quotes_daily__0,1,1352367,1303717,0,0,0,0,0.4643,26,42,0,0,"SELECT day, SUM(n_quotes) AS total_quotes, SUM(bs_sum) + SUM(as_sum) AS total_volume, SUM(spread_sum) / SUM(n_quotes) AS avg_spread FROM quotes_daily GROUP BY day ORDER BY day"
24574789,2026-08-13 15:24:08.081380,3.85506,24574789,,0,0,65,0,0,0,0,0.0167,0,22,0,0,"SELECT COALESCE(SUM(n_quotes), 0) FROM quotes_daily"
24574789,2026-08-13 15:24:08.081380,3.85506,24574789,quotes_shared.public.mv_tbl__quotes_daily__0,1,1362777,1314586,0,0,0,0,1.0392,40,27,0,0,"SELECT COALESCE(SUM(n_quotes), 0) FROM quotes_daily"
24574792,2026-08-13 15:24:11.938457,0.097442,24574792,,0,0,65,0,0,0,0,0.0025,0,25,0,0,SELECT COUNT(*) FROM quotes_daily
24574792,2026-08-13 15:24:11.938457,0.097442,24574792,quotes_shared.public.mv_tbl__quotes_daily__0,1,1362765,1314586,0,0,0,0,0.0019,29,9,0,0,SELECT COUNT(*) FROM quotes_daily
24574795,2026-08-13 15:24:12.037687,3.473732,24574795,,0,0,65,0,0,0,0,0.0027,0,32,0,0,"SELECT COUNT(*) AS days_traded, SUM(n_quotes) AS total_quotes, MIN(bp_min) AS lowest_bid, MAX(bp_max) AS highest_bid, MIN(ap_min) AS lowest_ask, MAX(ap_max) AS highest_ask, SUM(spread_sum) / SUM(n_quotes) AS avg_spread, SUM(bs_sum) AS total_bid_volum"
24574795,2026-08-13 15:24:12.037687,3.473732,24574795,quotes_shared.public.mv_tbl__quotes_daily__0,1,1362718,115,0,0,0,0,3.3670,60,45,0,0,"SELECT COUNT(*) AS days_traded, SUM(n_quotes) AS total_quotes, MIN(bp_min) AS lowest_bid, MAX(bp_max) AS highest_bid, MIN(ap_min) AS lowest_ask, MAX(ap_max) AS highest_ask, SUM(spread_sum) / SUM(n_quotes) AS avg_spread, SUM(bs_sum) AS total_bid_volum"
24574802,2026-08-13 15:24:16.435269,0.452232,24574802,,0,0,254,0,0,0,0,0.3511,91,23,0,0,"SELECT sym, COUNT(*) AS days_traded, SUM(n_quotes) AS total_quotes, MIN(bp_min) AS lowest_bid, MAX(bp_max) AS highest_bid, SUM(spread_sum) / SUM(n_quotes) AS avg_spread FROM quotes_daily WHERE sym IN ('AAPL', 'MSFT', 'GOOGL', 'AMZN', 'TSLA', 'META', "
24574802,2026-08-13 15:24:16.435269,0.452232,24574802,quotes_shared.public.mv_tbl__quotes_daily__0,1,1362777,920,0,0,0,0,0.3466,43,92,0,0,"SELECT sym, COUNT(*) AS days_traded, SUM(n_quotes) AS total_quotes, MIN(bp_min) AS lowest_bid, MAX(bp_max) AS highest_bid, SUM(spread_sum) / SUM(n_quotes) AS avg_spread FROM quotes_daily WHERE sym IN ('AAPL', 'MSFT', 'GOOGL', 'AMZN', 'TSLA', 'META', "
24574810,2026-08-13 15:24:17.515895,0.286083,24574810,,0,0,348347,0,0,0,0,0.1875,14,67,0,0,"SELECT sym, pct_range FROM ( SELECT sym, (MAX(bp_max) - MIN(bp_min)) / MIN(bp_min) * 100 AS pct_range FROM quotes_daily GROUP BY sym ) t ORDER BY ABS(pct_range) DESC LIMIT 20"
24574810,2026-08-13 15:24:17.515895,0.286083,24574810,quotes_shared.public.mv_tbl__quotes_daily__0,1,1362777,1314586,0,0,0,0,0.0090,29,36,0,0,"SELECT sym, pct_range FROM ( SELECT sym, (MAX(bp_max) - MIN(bp_min)) / MIN(bp_min) * 100 AS pct_range FROM quotes_daily GROUP BY sym ) t ORDER BY ABS(pct_range) DESC LIMIT 20"
24574819,2026-08-13 15:24:18.567481,0.58475,24574819,,0,0,4563,0,0,0,0,0.4912,46,17,0,0,"SELECT day, SUM(n_quotes) AS total_quotes, SUM(bs_sum) + SUM(as_sum) AS total_volume, SUM(spread_sum) / SUM(n_quotes) AS avg_spread FROM quotes_daily GROUP BY day ORDER BY day"
24574819,2026-08-13 15:24:18.567481,0.58475,24574819,quotes_shared.public.mv_tbl__quotes_daily__0,1,1362777,1314586,0,0,0,0,0.4867,53,47,0,0,"SELECT day, SUM(n_quotes) AS total_quotes, SUM(bs_sum) + SUM(as_sum) AS total_volume, SUM(spread_sum) / SUM(n_quotes) AS avg_spread FROM quotes_daily GROUP BY day ORDER BY day"
24777861,2026-08-13 15:34:07.544644,3.785034,24777861,,0,0,65,0,0,0,0,0.0040,0,35,0,0,"SELECT COALESCE(SUM(n_quotes), 0) FROM quotes_daily"
24777861,2026-08-13 15:34:07.544644,3.785034,24777861,quotes_shared.public.mv_tbl__quotes_daily__0,1,1403572,1325272,0,0,0,0,1.2525,43,40,0,0,"SELECT COALESCE(SUM(n_quotes), 0) FROM quotes_daily"
24777864,2026-08-13 15:34:11.331570,0.097543,24777864,,0,0,65,0,0,0,0,0.0028,0,28,0,0,SELECT COUNT(*) FROM quotes_daily
24777864,2026-08-13 15:34:11.331570,0.097543,24777864,quotes_shared.public.mv_tbl__quotes_daily__0,1,1403503,1325272,0,0,0,0,0.0019,48,12,0,0,SELECT COUNT(*) FROM quotes_daily
24777867,2026-08-13 15:34:11.430942,2.888342,24777867,,0,0,65,0,0,0,0,0.0030,0,30,0,0,"SELECT COUNT(*) AS days_traded, SUM(n_quotes) AS total_quotes, MIN(bp_min) AS lowest_bid, MAX(bp_max) AS highest_bid, MIN(ap_min) AS lowest_ask, MAX(ap_max) AS highest_ask, SUM(spread_sum) / SUM(n_quotes) AS avg_spread, SUM(bs_sum) AS total_bid_volum"
24777867,2026-08-13 15:34:11.430942,2.888342,24777867,quotes_shared.public.mv_tbl__quotes_daily__0,1,1403525,116,0,0,0,0,2.7909,67,36,0,0,"SELECT COUNT(*) AS days_traded, SUM(n_quotes) AS total_quotes, MIN(bp_min) AS lowest_bid, MAX(bp_max) AS highest_bid, MIN(ap_min) AS lowest_ask, MAX(ap_max) AS highest_ask, SUM(spread_sum) / SUM(n_quotes) AS avg_spread, SUM(bs_sum) AS total_bid_volum"
24777874,2026-08-13 15:34:15.226036,0.44007,24777874,,0,0,254,0,0,0,0,0.3441,91,18,0,0,"SELECT sym, COUNT(*) AS days_traded, SUM(n_quotes) AS total_quotes, MIN(bp_min) AS lowest_bid, MAX(bp_max) AS highest_bid, SUM(spread_sum) / SUM(n_quotes) AS avg_spread FROM quotes_daily WHERE sym IN ('AAPL', 'MSFT', 'GOOGL', 'AMZN', 'TSLA', 'META', "
24777874,2026-08-13 15:34:15.226036,0.44007,24777874,quotes_shared.public.mv_tbl__quotes_daily__0,1,1403572,928,0,0,0,0,0.3359,49,92,0,0,"SELECT sym, COUNT(*) AS days_traded, SUM(n_quotes) AS total_quotes, MIN(bp_min) AS lowest_bid, MAX(bp_max) AS highest_bid, SUM(spread_sum) / SUM(n_quotes) AS avg_spread FROM quotes_daily WHERE sym IN ('AAPL', 'MSFT', 'GOOGL', 'AMZN', 'TSLA', 'META', "
24777881,2026-08-13 15:34:16.290447,0.108312,24777881,,0,0,351653,0,0,0,0,0.0145,14,27,0,0,"SELECT sym, pct_range FROM ( SELECT sym, (MAX(bp_max) - MIN(bp_min)) / MIN(bp_min) * 100 AS pct_range FROM quotes_daily GROUP BY sym ) t ORDER BY ABS(pct_range) DESC LIMIT 20"
24777881,2026-08-13 15:34:16.290447,0.108312,24777881,quotes_shared.public.mv_tbl__quotes_daily__0,1,1403572,1325272,0,0,0,0,0.0089,27,24,0,0,"SELECT sym, pct_range FROM ( SELECT sym, (MAX(bp_max) - MIN(bp_min)) / MIN(bp_min) * 100 AS pct_range FROM quotes_daily GROUP BY sym ) t ORDER BY ABS(pct_range) DESC LIMIT 20"
24777888,2026-08-13 15:34:17.010270,0.861329,24777888,,0,0,4606,0,0,0,0,0.7721,45,19,0,0,"SELECT day, SUM(n_quotes) AS total_quotes, SUM(bs_sum) + SUM(as_sum) AS total_volume, SUM(spread_sum) / SUM(n_quotes) AS avg_spread FROM quotes_daily GROUP BY day ORDER BY day"
24777888,2026-08-13 15:34:17.010270,0.861329,24777888,quotes_shared.public.mv_tbl__quotes_daily__0,1,1403572,1325272,0,0,0,0,0.7682,38,61,0,0,"SELECT day, SUM(n_quotes) AS total_quotes, SUM(bs_sum) + SUM(as_sum) AS total_volume, SUM(spread_sum) / SUM(n_quotes) AS avg_spread FROM quotes_daily GROUP BY day ORDER BY day"
24980933,2026-08-13 15:44:08.285111,2.887859,24980933,,0,0,65,0,0,0,0,0.0032,0,35,0,0,"SELECT COALESCE(SUM(n_quotes), 0) FROM quotes_daily"
24980933,2026-08-13 15:44:08.285111,2.887859,24980933,quotes_shared.public.mv_tbl__quotes_daily__0,1,1487947,1333176,0,0,0,0,0.8744,54,25,0,0,"SELECT COALESCE(SUM(n_quotes), 0) FROM quotes_daily"
24980936,2026-08-13 15:44:11.174850,1.673568,24980936,,0,0,65,0,0,0,0,0.0023,0,31,0,0,SELECT COUNT(*) FROM quotes_daily
24980936,2026-08-13 15:44:11.174850,1.673568,24980936,quotes_shared.public.mv_tbl__quotes_daily__0,1,1510686,1339468,0,0,0,0,0.5057,31,29,0,0,SELECT COUNT(*) FROM quotes_daily
24980939,2026-08-13 15:44:12.850358,1.709357,24980939,,0,0,65,0,0,0,0,0.0026,0,29,0,0,"SELECT COUNT(*) AS days_traded, SUM(n_quotes) AS total_quotes, MIN(bp_min) AS lowest_bid, MAX(bp_max) AS highest_bid, MIN(ap_min) AS lowest_ask, MAX(ap_max) AS highest_ask, SUM(spread_sum) / SUM(n_quotes) AS avg_spread, SUM(bs_sum) AS total_bid_volum"
24980939,2026-08-13 15:44:12.850358,1.709357,24980939,quotes_shared.public.mv_tbl__quotes_daily__0,1,1511663,117,0,0,0,0,1.6129,59,15,0,0,"SELECT COUNT(*) AS days_traded, SUM(n_quotes) AS total_quotes, MIN(bp_min) AS lowest_bid, MAX(bp_max) AS highest_bid, MIN(ap_min) AS lowest_ask, MAX(ap_max) AS highest_ask, SUM(spread_sum) / SUM(n_quotes) AS avg_spread, SUM(bs_sum) AS total_bid_volum"
24980946,2026-08-13 15:44:17.177342,0.452358,24980946,,0,0,257,0,0,0,0,0.3520,91,31,0,0,"SELECT sym, COUNT(*) AS days_traded, SUM(n_quotes) AS total_quotes, MIN(bp_min) AS lowest_bid, MAX(bp_max) AS highest_bid, SUM(spread_sum) / SUM(n_quotes) AS avg_spread FROM quotes_daily WHERE sym IN ('AAPL', 'MSFT', 'GOOGL', 'AMZN', 'TSLA', 'META', "
24980946,2026-08-13 15:44:17.177342,0.452358,24980946,quotes_shared.public.mv_tbl__quotes_daily__0,1,1511749,936,0,0,0,0,0.3474,52,93,0,0,"SELECT sym, COUNT(*) AS days_traded, SUM(n_quotes) AS total_quotes, MIN(bp_min) AS lowest_bid, MAX(bp_max) AS highest_bid, SUM(spread_sum) / SUM(n_quotes) AS avg_spread FROM quotes_daily WHERE sym IN ('AAPL', 'MSFT', 'GOOGL', 'AMZN', 'TSLA', 'META', "
24980954,2026-08-13 15:44:18.253209,0.114115,24980954,,0,0,339284,0,0,0,0,0.0127,13,33,0,0,"SELECT sym, pct_range FROM ( SELECT sym, (MAX(bp_max) - MIN(bp_min)) / MIN(bp_min) * 100 AS pct_range FROM quotes_daily GROUP BY sym ) t ORDER BY ABS(pct_range) DESC LIMIT 20"
24980954,2026-08-13 15:44:18.253209,0.114115,24980954,quotes_shared.public.mv_tbl__quotes_daily__0,1,1511749,1339468,0,0,0,0,0.0085,27,37,0,0,"SELECT sym, pct_range FROM ( SELECT sym, (MAX(bp_max) - MIN(bp_min)) / MIN(bp_min) * 100 AS pct_range FROM quotes_daily GROUP BY sym ) t ORDER BY ABS(pct_range) DESC LIMIT 20"
24980963,2026-08-13 15:44:19.008028,0.428524,24980963,,0,0,4678,0,0,0,0,0.3476,44,24,0,0,"SELECT day, SUM(n_quotes) AS total_quotes, SUM(bs_sum) + SUM(as_sum) AS total_volume, SUM(spread_sum) / SUM(n_quotes) AS avg_spread FROM quotes_daily GROUP BY day ORDER BY day"
24980963,2026-08-13 15:44:19.008028,0.428524,24980963,quotes_shared.public.mv_tbl__quotes_daily__0,1,1511749,1339468,0,0,0,0,0.3430,40,43,0,0,"SELECT day, SUM(n_quotes) AS total_quotes, SUM(bs_sum) + SUM(as_sum) AS total_volume, SUM(spread_sum) / SUM(n_quotes) AS avg_spread FROM quotes_daily GROUP BY day ORDER BY day"
25184008,2026-08-13 15:54:07.682807,3.844131,25184008,,0,0,65,0,0,0,0,0.0041,0,67,0,0,"SELECT COALESCE(SUM(n_quotes), 0) FROM quotes_daily"
25184008,2026-08-13 15:54:07.682807,3.844131,25184008,quotes_shared.public.mv_tbl__quotes_daily__0,1,1399884,1340185,0,0,0,0,0.8554,60,34,0,0,"SELECT COALESCE(SUM(n_quotes), 0) FROM quotes_daily"
25184005,2026-08-13 15:54:07.682932,3.844014,25184005,,0,0,65,0,0,0,0,0.0037,0,67,0,0,"SELECT COALESCE(SUM(n_quotes), 0) FROM quotes_daily"
25184005,2026-08-13 15:54:07.682932,3.844014,25184005,quotes_shared.public.mv_tbl__quotes_daily__0,1,1399884,1340185,0,0,0,0,0.9717,48,30,0,0,"SELECT COALESCE(SUM(n_quotes), 0) FROM quotes_daily"
25184011,2026-08-13 15:54:11.528721,0.091736,25184011,,0,0,65,0,0,0,0,0.0034,0,66,0,0,SELECT COUNT(*) FROM quotes_daily
25184011,2026-08-13 15:54:11.528721,0.091736,25184011,quotes_shared.public.mv_tbl__quotes_daily__0,1,1399052,1340185,0,0,0,0,0.0024,47,22,0,0,SELECT COUNT(*) FROM quotes_daily
25184012,2026-08-13 15:54:11.528759,0.091058,25184012,,0,0,65,0,0,0,0,0.0027,0,72,0,0,SELECT COUNT(*) FROM quotes_daily
25184012,2026-08-13 15:54:11.528759,0.091058,25184012,quotes_shared.public.mv_tbl__quotes_daily__0,1,1399052,1340185,0,0,0,0,0.0023,63,30,0,0,SELECT COUNT(*) FROM quotes_daily
25184020,2026-08-13 15:54:11.621454,234.741752,25184020,,0,0,201791520,0,0,0,0,231.9861,24,27,0,0,"WITH src AS ( SELECT DATE_TRUNC('hour', TIMESTAMP 'epoch' + t / 1000 * INTERVAL '1 second') AS hour, bp, bs, ap, t FROM quotes_typed WHERE sym = 'AAPL' ), ranked AS ( SELECT hour, bp, bs, ap, ROW_NUMBER() OVER (PARTITION BY hour ORDER BY t ASC) AS rn"
25184020,2026-08-13 15:54:11.621454,234.741752,25184020,quotes_shared.public.mv_tbl__quotes_typed__0,1,20190052523,67263840,0,0,0,0,231.4640,19,1,0,0,"WITH src AS ( SELECT DATE_TRUNC('hour', TIMESTAMP 'epoch' + t / 1000 * INTERVAL '1 second') AS hour, bp, bs, ap, t FROM quotes_typed WHERE sym = 'AAPL' ), ranked AS ( SELECT hour, bp, bs, ap, ROW_NUMBER() OVER (PARTITION BY hour ORDER BY t ASC) AS rn"
25184017,2026-08-13 15:54:11.622151,5.608905,25184017,,0,0,65,0,0,0,0,0.0023,0,32,0,0,"SELECT COUNT(*) AS days_traded, SUM(n_quotes) AS total_quotes, MIN(bp_min) AS lowest_bid, MAX(bp_max) AS highest_bid, MIN(ap_min) AS lowest_ask, MAX(ap_max) AS highest_ask, SUM(spread_sum) / SUM(n_quotes) AS avg_spread, SUM(bs_sum) AS total_bid_volum"
25184017,2026-08-13 15:54:11.622151,5.608905,25184017,quotes_shared.public.mv_tbl__quotes_daily__0,1,1399548,117,0,0,0,0,5.5077,69,13,0,0,"SELECT COUNT(*) AS days_traded, SUM(n_quotes) AS total_quotes, MIN(bp_min) AS lowest_bid, MAX(bp_max) AS highest_bid, MIN(ap_min) AS lowest_ask, MAX(ap_max) AS highest_ask, SUM(spread_sum) / SUM(n_quotes) AS avg_spread, SUM(bs_sum) AS total_bid_volum"
25184030,2026-08-13 15:54:18.165746,0.467513,25184030,,0,0,255,0,0,0,0,0.3665,91,29,0,0,"SELECT sym, COUNT(*) AS days_traded, SUM(n_quotes) AS total_quotes, MIN(bp_min) AS lowest_bid, MAX(bp_max) AS highest_bid, SUM(spread_sum) / SUM(n_quotes) AS avg_spread FROM quotes_daily WHERE sym IN ('AAPL', 'MSFT', 'GOOGL', 'AMZN', 'TSLA', 'META', "
25184030,2026-08-13 15:54:18.165746,0.467513,25184030,quotes_shared.public.mv_tbl__quotes_daily__0,1,1399884,936,0,0,0,0,0.3624,39,93,0,0,"SELECT sym, COUNT(*) AS days_traded, SUM(n_quotes) AS total_quotes, MIN(bp_min) AS lowest_bid, MAX(bp_max) AS highest_bid, SUM(spread_sum) / SUM(n_quotes) AS avg_spread FROM quotes_daily WHERE sym IN ('AAPL', 'MSFT', 'GOOGL', 'AMZN', 'TSLA', 'META', "
25184037,2026-08-13 15:54:19.371224,0.103986,25184037,,0,0,337180,0,0,0,0,0.0177,14,62,0,0,"SELECT sym, pct_range FROM ( SELECT sym, (MAX(bp_max) - MIN(bp_min)) / MIN(bp_min) * 100 AS pct_range FROM quotes_daily GROUP BY sym ) t ORDER BY ABS(pct_range) DESC LIMIT 20"
25184037,2026-08-13 15:54:19.371224,0.103986,25184037,quotes_shared.public.mv_tbl__quotes_daily__0,1,1399884,1340185,0,0,0,0,0.0108,45,45,0,0,"SELECT sym, pct_range FROM ( SELECT sym, (MAX(bp_max) - MIN(bp_min)) / MIN(bp_min) * 100 AS pct_range FROM quotes_daily GROUP BY sym ) t ORDER BY ABS(pct_range) DESC LIMIT 20"
25184044,2026-08-13 15:54:21.979734,0.463373,25184044,,0,0,4662,0,0,0,0,0.3585,44,25,0,0,"SELECT day, SUM(n_quotes) AS total_quotes, SUM(bs_sum) + SUM(as_sum) AS total_volume, SUM(spread_sum) / SUM(n_quotes) AS avg_spread FROM quotes_daily GROUP BY day ORDER BY day"
25184044,2026-08-13 15:54:21.979734,0.463373,25184044,quotes_shared.public.mv_tbl__quotes_daily__0,1,1399884,1340185,0,0,0,0,0.3535,38,30,0,0,"SELECT day, SUM(n_quotes) AS total_quotes, SUM(bs_sum) + SUM(as_sum) AS total_volume, SUM(spread_sum) / SUM(n_quotes) AS avg_spread FROM quotes_daily GROUP BY day ORDER BY day"
25184158,2026-08-13 15:58:07.015379,269.26161,25184158,,0,0,97,0,0,0,0,0.0593,0,29,0,0,"WITH s AS ( SELECT (ap - bp) AS spread, (bp + ap) / 2.0 AS mid, bs AS bs, ""as"" AS az FROM quotes_typed WHERE sym = 'AAPL' ), agg AS ( SELECT COUNT(*)::float8 AS n, SUM(spread) AS s1, SUM(POWER(spread, 2)) AS s2, SUM(POWER(spread, 3)) AS s3, SUM(POWER"
25184158,2026-08-13 15:58:07.015379,269.26161,25184158,quotes_shared.public.mv_tbl__quotes_typed__0,1,13347673087,67431699,0,0,0,0,265.8787,46,5,0,0,"WITH s AS ( SELECT (ap - bp) AS spread, (bp + ap) / 2.0 AS mid, bs AS bs, ""as"" AS az FROM quotes_typed WHERE sym = 'AAPL' ), agg AS ( SELECT COUNT(*)::float8 AS n, SUM(spread) AS s1, SUM(POWER(spread, 2)) AS s2, SUM(POWER(spread, 3)) AS s3, SUM(POWER"
25184284,2026-08-13 16:02:36.893325,52.144207,25184284,,0,0,202899954,0,0,0,0,47.3148,23,30,0,0,"WITH src AS ( SELECT DATE_TRUNC('hour', TIMESTAMP 'epoch' + payload.t::bigint / 1000 * INTERVAL '1 second') AS hour, payload.bp::float8 AS bp, payload.bs::bigint AS bs, payload.ap::float8 AS ap, payload.t::bigint AS t FROM quotes_streamed WHERE sym ="
25184284,2026-08-13 16:02:36.893325,52.144207,25184284,quotes_shared.public.mv_tbl__quotes_streamed__0,1,8485565665,67633318,0,0,0,0,46.7754,19,4,0,0,"WITH src AS ( SELECT DATE_TRUNC('hour', TIMESTAMP 'epoch' + payload.t::bigint / 1000 * INTERVAL '1 second') AS hour, payload.bp::float8 AS bp, payload.bs::bigint AS bs, payload.ap::float8 AS ap, payload.t::bigint AS t FROM quotes_streamed WHERE sym ="
25184314,2026-08-13 16:03:31.402174,11.695733,25184314,,0,0,97,0,0,0,0,0.0573,0,31,0,0,"WITH s AS ( SELECT (payload.ap::float8 - payload.bp::float8) AS spread, (payload.bp::float8 + payload.ap::float8) / 2.0 AS mid, payload.bs::bigint AS bs, payload.""as""::bigint AS az FROM quotes_streamed WHERE sym = 'AAPL' ), agg AS ( SELECT COUNT(*)::"
25184314,2026-08-13 16:03:31.402174,11.695733,25184314,quotes_shared.public.mv_tbl__quotes_streamed__0,1,8532743079,67687801,0,0,0,0,9.6931,5,2,0,0,"WITH s AS ( SELECT (payload.ap::float8 - payload.bp::float8) AS spread, (payload.bp::float8 + payload.ap::float8) / 2.0 AS mid, payload.bs::bigint AS bs, payload.""as""::bigint AS az FROM quotes_streamed WHERE sym = 'AAPL' ), agg AS ( SELECT COUNT(*)::"
25184341,2026-08-13 16:03:56.852634,1.503231,25184341,,0,0,65,0,0,0,0,0.0024,0,23,0,0,"SELECT COALESCE(SUM(n_quotes), 0) FROM quotes_daily"
25184341,2026-08-13 16:03:56.852634,1.503231,25184341,quotes_shared.public.mv_tbl__quotes_daily__0,1,1496570,1351021,0,0,0,0,1.0444,28,28,0,0,"SELECT COALESCE(SUM(n_quotes), 0) FROM quotes_daily"
25184344,2026-08-13 16:03:58.357969,0.081009,25184344,,0,0,65,0,0,0,0,0.0017,0,31,0,0,SELECT COUNT(*) FROM quotes_daily
25184344,2026-08-13 16:03:58.357969,0.081009,25184344,quotes_shared.public.mv_tbl__quotes_daily__0,1,1495892,1351021,0,0,0,0,0.0012,38,13,0,0,SELECT COUNT(*) FROM quotes_daily
25184347,2026-08-13 16:03:58.440706,2.88929,25184347,,0,0,65,0,0,0,0,0.0018,0,25,0,0,"SELECT COUNT(*) AS days_traded, SUM(n_quotes) AS total_quotes, MIN(bp_min) AS lowest_bid, MAX(bp_max) AS highest_bid, MIN(ap_min) AS lowest_ask, MAX(ap_max) AS highest_ask, SUM(spread_sum) / SUM(n_quotes) AS avg_spread, SUM(bs_sum) AS total_bid_volum"
25184347,2026-08-13 16:03:58.440706,2.88929,25184347,quotes_shared.public.mv_tbl__quotes_daily__0,1,1496523,118,0,0,0,0,2.8013,59,31,0,0,"SELECT COUNT(*) AS days_traded, SUM(n_quotes) AS total_quotes, MIN(bp_min) AS lowest_bid, MAX(bp_max) AS highest_bid, MIN(ap_min) AS lowest_ask, MAX(ap_max) AS highest_ask, SUM(spread_sum) / SUM(n_quotes) AS avg_spread, SUM(bs_sum) AS total_bid_volum"
25184354,2026-08-13 16:04:01.963012,0.100915,25184354,,0,0,256,0,0,0,0,0.0068,91,26,0,0,"SELECT sym, COUNT(*) AS days_traded, SUM(n_quotes) AS total_quotes, MIN(bp_min) AS lowest_bid, MAX(bp_max) AS highest_bid, SUM(spread_sum) / SUM(n_quotes) AS avg_spread FROM quotes_daily WHERE sym IN ('AAPL', 'MSFT', 'GOOGL', 'AMZN', 'TSLA', 'META', "
25184354,2026-08-13 16:04:01.963012,0.100915,25184354,quotes_shared.public.mv_tbl__quotes_daily__0,1,1496570,944,0,0,0,0,0.0042,37,8,0,0,"SELECT sym, COUNT(*) AS days_traded, SUM(n_quotes) AS total_quotes, MIN(bp_min) AS lowest_bid, MAX(bp_max) AS highest_bid, SUM(spread_sum) / SUM(n_quotes) AS avg_spread FROM quotes_daily WHERE sym IN ('AAPL', 'MSFT', 'GOOGL', 'AMZN', 'TSLA', 'META', "
25184361,2026-08-13 16:04:02.739394,0.101495,25184361,,0,0,354241,0,0,0,0,0.0082,13,27,0,0,"SELECT sym, pct_range FROM ( SELECT sym, (MAX(bp_max) - MIN(bp_min)) / MIN(bp_min) * 100 AS pct_range FROM quotes_daily GROUP BY sym ) t ORDER BY ABS(pct_range) DESC LIMIT 20"
25184361,2026-08-13 16:04:02.739394,0.101495,25184361,quotes_shared.public.mv_tbl__quotes_daily__0,1,1496570,1351021,0,0,0,0,0.0056,27,25,0,0,"SELECT sym, pct_range FROM ( SELECT sym, (MAX(bp_max) - MIN(bp_min)) / MIN(bp_min) * 100 AS pct_range FROM quotes_daily GROUP BY sym ) t ORDER BY ABS(pct_range) DESC LIMIT 20"
25184368,2026-08-13 16:04:03.470427,0.509249,25184368,,0,0,4717,0,0,0,0,0.4239,44,18,0,0,"SELECT day, SUM(n_quotes) AS total_quotes, SUM(bs_sum) + SUM(as_sum) AS total_volume, SUM(spread_sum) / SUM(n_quotes) AS avg_spread FROM quotes_daily GROUP BY day ORDER BY day"
25184368,2026-08-13 16:04:03.470427,0.509249,25184368,quotes_shared.public.mv_tbl__quotes_daily__0,1,1496570,1351021,0,0,0,0,0.4214,29,38,0,0,"SELECT day, SUM(n_quotes) AS total_quotes, SUM(bs_sum) + SUM(as_sum) AS total_volume, SUM(spread_sum) / SUM(n_quotes) AS avg_spread FROM quotes_daily GROUP BY day ORDER BY day"
25387077,2026-08-13 16:14:07.435708,3.823131,25387077,,0,0,65,0,0,0,0,0.0035,0,26,0,0,"SELECT COALESCE(SUM(n_quotes), 0) FROM quotes_daily"
25387077,2026-08-13 16:14:07.435708,3.823131,25387077,quotes_shared.public.mv_tbl__quotes_daily__0,1,1393653,1361879,0,0,0,0,1.0106,47,25,0,0,"SELECT COALESCE(SUM(n_quotes), 0) FROM quotes_daily"
25387080,2026-08-13 16:14:11.260722,0.084621,25387080,,0,0,65,0,0,0,0,0.0021,0,25,0,0,SELECT COUNT(*) FROM quotes_daily
25387080,2026-08-13 16:14:11.260722,0.084621,25387080,quotes_shared.public.mv_tbl__quotes_daily__0,1,1393653,1361879,0,0,0,0,0.0020,40,28,0,0,SELECT COUNT(*) FROM quotes_daily
25387083,2026-08-13 16:14:11.347208,3.029758,25387083,,0,0,65,0,0,0,0,0.0025,0,33,0,0,"SELECT COUNT(*) AS days_traded, SUM(n_quotes) AS total_quotes, MIN(bp_min) AS lowest_bid, MAX(bp_max) AS highest_bid, MIN(ap_min) AS lowest_ask, MAX(ap_max) AS highest_ask, SUM(spread_sum) / SUM(n_quotes) AS avg_spread, SUM(bs_sum) AS total_bid_volum"
25387083,2026-08-13 16:14:11.347208,3.029758,25387083,quotes_shared.public.mv_tbl__quotes_daily__0,1,1393606,119,0,0,0,0,2.9343,53,33,0,0,"SELECT COUNT(*) AS days_traded, SUM(n_quotes) AS total_quotes, MIN(bp_min) AS lowest_bid, MAX(bp_max) AS highest_bid, MIN(ap_min) AS lowest_ask, MAX(ap_max) AS highest_ask, SUM(spread_sum) / SUM(n_quotes) AS avg_spread, SUM(bs_sum) AS total_bid_volum"
25387090,2026-08-13 16:14:15.300937,0.461703,25387090,,0,0,254,0,0,0,0,0.3700,91,31,0,0,"SELECT sym, COUNT(*) AS days_traded, SUM(n_quotes) AS total_quotes, MIN(bp_min) AS lowest_bid, MAX(bp_max) AS highest_bid, SUM(spread_sum) / SUM(n_quotes) AS avg_spread FROM quotes_daily WHERE sym IN ('AAPL', 'MSFT', 'GOOGL', 'AMZN', 'TSLA', 'META', "
25387090,2026-08-13 16:14:15.300937,0.461703,25387090,quotes_shared.public.mv_tbl__quotes_daily__0,1,1393653,952,0,0,0,0,0.3632,46,93,0,0,"SELECT sym, COUNT(*) AS days_traded, SUM(n_quotes) AS total_quotes, MIN(bp_min) AS lowest_bid, MAX(bp_max) AS highest_bid, SUM(spread_sum) / SUM(n_quotes) AS avg_spread FROM quotes_daily WHERE sym IN ('AAPL', 'MSFT', 'GOOGL', 'AMZN', 'TSLA', 'META', "
25387097,2026-08-13 16:14:16.377616,0.096767,25387097,,0,0,353390,0,0,0,0,0.0147,14,25,0,0,"SELECT sym, pct_range FROM ( SELECT sym, (MAX(bp_max) - MIN(bp_min)) / MIN(bp_min) * 100 AS pct_range FROM quotes_daily GROUP BY sym ) t ORDER BY ABS(pct_range) DESC LIMIT 20"
25387097,2026-08-13 16:14:16.377616,0.096767,25387097,quotes_shared.public.mv_tbl__quotes_daily__0,1,1393653,1361879,0,0,0,0,0.0084,23,24,0,0,"SELECT sym, pct_range FROM ( SELECT sym, (MAX(bp_max) - MIN(bp_min)) / MIN(bp_min) * 100 AS pct_range FROM quotes_daily GROUP BY sym ) t ORDER BY ABS(pct_range) DESC LIMIT 20"
25387104,2026-08-13 16:14:17.139268,0.545581,25387104,,0,0,4738,0,0,0,0,0.4665,43,26,0,0,"SELECT day, SUM(n_quotes) AS total_quotes, SUM(bs_sum) + SUM(as_sum) AS total_volume, SUM(spread_sum) / SUM(n_quotes) AS avg_spread FROM quotes_daily GROUP BY day ORDER BY day"
25387104,2026-08-13 16:14:17.139268,0.545581,25387104,quotes_shared.public.mv_tbl__quotes_daily__0,1,1393653,1361879,0,0,0,0,0.4623,38,37,0,0,"SELECT day, SUM(n_quotes) AS total_quotes, SUM(bs_sum) + SUM(as_sum) AS total_volume, SUM(spread_sum) / SUM(n_quotes) AS avg_spread FROM quotes_daily GROUP BY day ORDER BY day"
25590149,2026-08-13 16:24:07.246129,3.581896,25590149,,0,0,65,0,0,0,0,0.0100,0,33,0,0,"SELECT COALESCE(SUM(n_quotes), 0) FROM quotes_daily"
25590149,2026-08-13 16:24:07.246129,3.581896,25590149,quotes_shared.public.mv_tbl__quotes_daily__0,1,1421265,1372702,0,0,0,0,0.9771,38,24,0,0,"SELECT COALESCE(SUM(n_quotes), 0) FROM quotes_daily"
25590152,2026-08-13 16:24:10.830125,0.131218,25590152,,0,0,65,0,0,0,0,0.0030,0,22,0,0,SELECT COUNT(*) FROM quotes_daily
25590152,2026-08-13 16:24:10.830125,0.131218,25590152,quotes_shared.public.mv_tbl__quotes_daily__0,1,1421259,1372702,0,0,0,0,0.0059,73,64,0,0,SELECT COUNT(*) FROM quotes_daily
25590155,2026-08-13 16:24:10.963126,2.506182,25590155,,0,0,65,0,0,0,0,0.0029,0,24,0,0,"SELECT COUNT(*) AS days_traded, SUM(n_quotes) AS total_quotes, MIN(bp_min) AS lowest_bid, MAX(bp_max) AS highest_bid, MIN(ap_min) AS lowest_ask, MAX(ap_max) AS highest_ask, SUM(spread_sum) / SUM(n_quotes) AS avg_spread, SUM(bs_sum) AS total_bid_volum"
25590155,2026-08-13 16:24:10.963126,2.506182,25590155,quotes_shared.public.mv_tbl__quotes_daily__0,1,1421215,120,0,0,0,0,2.4029,71,26,0,0,"SELECT COUNT(*) AS days_traded, SUM(n_quotes) AS total_quotes, MIN(bp_min) AS lowest_bid, MAX(bp_max) AS highest_bid, MIN(ap_min) AS lowest_ask, MAX(ap_max) AS highest_ask, SUM(spread_sum) / SUM(n_quotes) AS avg_spread, SUM(bs_sum) AS total_bid_volum"
25590162,2026-08-13 16:24:14.506300,0.400519,25590162,,0,0,251,0,0,0,0,0.3068,91,39,0,0,"SELECT sym, COUNT(*) AS days_traded, SUM(n_quotes) AS total_quotes, MIN(bp_min) AS lowest_bid, MAX(bp_max) AS highest_bid, SUM(spread_sum) / SUM(n_quotes) AS avg_spread FROM quotes_daily WHERE sym IN ('AAPL', 'MSFT', 'GOOGL', 'AMZN', 'TSLA', 'META', "
25590162,2026-08-13 16:24:14.506300,0.400519,25590162,quotes_shared.public.mv_tbl__quotes_daily__0,1,1421265,960,0,0,0,0,0.2998,43,92,0,0,"SELECT sym, COUNT(*) AS days_traded, SUM(n_quotes) AS total_quotes, MIN(bp_min) AS lowest_bid, MAX(bp_max) AS highest_bid, SUM(spread_sum) / SUM(n_quotes) AS avg_spread FROM quotes_daily WHERE sym IN ('AAPL', 'MSFT', 'GOOGL', 'AMZN', 'TSLA', 'META', "
25590169,2026-08-13 16:24:15.666784,0.114338,25590169,,0,0,354623,0,0,0,0,0.0137,13,28,0,0,"SELECT sym, pct_range FROM ( SELECT sym, (MAX(bp_max) - MIN(bp_min)) / MIN(bp_min) * 100 AS pct_range FROM quotes_daily GROUP BY sym ) t ORDER BY ABS(pct_range) DESC LIMIT 20"
25590169,2026-08-13 16:24:15.666784,0.114338,25590169,quotes_shared.public.mv_tbl__quotes_daily__0,1,1421265,1372702,0,0,0,0,0.0086,25,17,0,0,"SELECT sym, pct_range FROM ( SELECT sym, (MAX(bp_max) - MIN(bp_min)) / MIN(bp_min) * 100 AS pct_range FROM quotes_daily GROUP BY sym ) t ORDER BY ABS(pct_range) DESC LIMIT 20"
25590176,2026-08-13 16:24:16.434351,0.477818,25590176,,0,0,4773,0,0,0,0,0.3964,43,26,0,0,"SELECT day, SUM(n_quotes) AS total_quotes, SUM(bs_sum) + SUM(as_sum) AS total_volume, SUM(spread_sum) / SUM(n_quotes) AS avg_spread FROM quotes_daily GROUP BY day ORDER BY day"
25590176,2026-08-13 16:24:16.434351,0.477818,25590176,quotes_shared.public.mv_tbl__quotes_daily__0,1,1421265,1372702,0,0,0,0,0.3923,39,38,0,0,"SELECT day, SUM(n_quotes) AS total_quotes, SUM(bs_sum) + SUM(as_sum) AS total_volume, SUM(spread_sum) / SUM(n_quotes) AS avg_spread FROM quotes_daily GROUP BY day ORDER BY day"
25793221,2026-08-13 16:34:07.769705,3.706532,25793221,,0,0,65,0,0,0,0,0.0044,0,34,0,0,"SELECT COALESCE(SUM(n_quotes), 0) FROM quotes_daily"
25793221,2026-08-13 16:34:07.769705,3.706532,25793221,quotes_shared.public.mv_tbl__quotes_daily__0,1,1399923,1373196,0,0,0,0,1.1701,46,32,0,0,"SELECT COALESCE(SUM(n_quotes), 0) FROM quotes_daily"
25793224,2026-08-13 16:34:11.478492,0.097778,25793224,,0,0,65,0,0,0,0,0.0023,0,16,0,0,SELECT COUNT(*) FROM quotes_daily
25793224,2026-08-13 16:34:11.478492,0.097778,25793224,quotes_shared.public.mv_tbl__quotes_daily__0,1,1399544,1373196,0,0,0,0,0.0031,47,56,0,0,SELECT COUNT(*) FROM quotes_daily
25793227,2026-08-13 16:34:11.578103,2.996094,25793227,,0,0,65,0,0,0,0,0.0026,0,26,0,0,"SELECT COUNT(*) AS days_traded, SUM(n_quotes) AS total_quotes, MIN(bp_min) AS lowest_bid, MAX(bp_max) AS highest_bid, MIN(ap_min) AS lowest_ask, MAX(ap_max) AS highest_ask, SUM(spread_sum) / SUM(n_quotes) AS avg_spread, SUM(bs_sum) AS total_bid_volum"
25793227,2026-08-13 16:34:11.578103,2.996094,25793227,quotes_shared.public.mv_tbl__quotes_daily__0,1,1399497,120,0,0,0,0,2.8937,53,36,0,0,"SELECT COUNT(*) AS days_traded, SUM(n_quotes) AS total_quotes, MIN(bp_min) AS lowest_bid, MAX(bp_max) AS highest_bid, MIN(ap_min) AS lowest_ask, MAX(ap_max) AS highest_ask, SUM(spread_sum) / SUM(n_quotes) AS avg_spread, SUM(bs_sum) AS total_bid_volum"
25793234,2026-08-13 16:34:15.526988,0.427623,25793234,,0,0,253,0,0,0,0,0.3141,91,36,0,0,"SELECT sym, COUNT(*) AS days_traded, SUM(n_quotes) AS total_quotes, MIN(bp_min) AS lowest_bid, MAX(bp_max) AS highest_bid, SUM(spread_sum) / SUM(n_quotes) AS avg_spread FROM quotes_daily WHERE sym IN ('AAPL', 'MSFT', 'GOOGL', 'AMZN', 'TSLA', 'META', "
25793234,2026-08-13 16:34:15.526988,0.427623,25793234,quotes_shared.public.mv_tbl__quotes_daily__0,1,1399923,960,0,0,0,0,0.3003,46,91,0,0,"SELECT sym, COUNT(*) AS days_traded, SUM(n_quotes) AS total_quotes, MIN(bp_min) AS lowest_bid, MAX(bp_max) AS highest_bid, SUM(spread_sum) / SUM(n_quotes) AS avg_spread FROM quotes_daily WHERE sym IN ('AAPL', 'MSFT', 'GOOGL', 'AMZN', 'TSLA', 'META', "
25793241,2026-08-13 16:34:16.583590,0.115818,25793241,,0,0,354797,0,0,0,0,0.0204,14,19,0,0,"SELECT sym, pct_range FROM ( SELECT sym, (MAX(bp_max) - MIN(bp_min)) / MIN(bp_min) * 100 AS pct_range FROM quotes_daily GROUP BY sym ) t ORDER BY ABS(pct_range) DESC LIMIT 20"
25793241,2026-08-13 16:34:16.583590,0.115818,25793241,quotes_shared.public.mv_tbl__quotes_daily__0,1,1399923,1373196,0,0,0,0,0.0077,25,21,0,0,"SELECT sym, pct_range FROM ( SELECT sym, (MAX(bp_max) - MIN(bp_min)) / MIN(bp_min) * 100 AS pct_range FROM quotes_daily GROUP BY sym ) t ORDER BY ABS(pct_range) DESC LIMIT 20"
25793249,2026-08-13 16:34:17.349988,0.547897,25793249,,0,0,4777,0,0,0,0,0.4569,43,26,0,0,"SELECT day, SUM(n_quotes) AS total_quotes, SUM(bs_sum) + SUM(as_sum) AS total_volume, SUM(spread_sum) / SUM(n_quotes) AS avg_spread FROM quotes_daily GROUP BY day ORDER BY day"
25793249,2026-08-13 16:34:17.349988,0.547897,25793249,quotes_shared.public.mv_tbl__quotes_daily__0,1,1399923,1373196,0,0,0,0,0.4532,39,43,0,0,"SELECT day, SUM(n_quotes) AS total_quotes, SUM(bs_sum) + SUM(as_sum) AS total_volume, SUM(spread_sum) / SUM(n_quotes) AS avg_spread FROM quotes_daily GROUP BY day ORDER BY day"
25996293,2026-08-13 16:44:07.620240,3.366835,25996293,,0,0,65,0,0,0,0,0.0072,0,31,0,0,"SELECT COALESCE(SUM(n_quotes), 0) FROM quotes_daily"
25996293,2026-08-13 16:44:07.620240,3.366835,25996293,quotes_shared.public.mv_tbl__quotes_daily__0,1,1411590,1384242,0,0,0,0,1.0370,54,32,0,0,"SELECT COALESCE(SUM(n_quotes), 0) FROM quotes_daily"
25996296,2026-08-13 16:44:10.988972,0.096289,25996296,,0,0,65,0,0,0,0,0.0099,0,24,0,0,SELECT COUNT(*) FROM quotes_daily
25996296,2026-08-13 16:44:10.988972,0.096289,25996296,quotes_shared.public.mv_tbl__quotes_daily__0,1,1411301,1384242,0,0,0,0,0.0031,54,25,0,0,SELECT COUNT(*) FROM quotes_daily
25996299,2026-08-13 16:44:11.087024,2.383559,25996299,,0,0,65,0,0,0,0,0.0025,0,32,0,0,"SELECT COUNT(*) AS days_traded, SUM(n_quotes) AS total_quotes, MIN(bp_min) AS lowest_bid, MAX(bp_max) AS highest_bid, MIN(ap_min) AS lowest_ask, MAX(ap_max) AS highest_ask, SUM(spread_sum) / SUM(n_quotes) AS avg_spread, SUM(bs_sum) AS total_bid_volum"
25996299,2026-08-13 16:44:11.087024,2.383559,25996299,quotes_shared.public.mv_tbl__quotes_daily__0,1,1411455,121,0,0,0,0,2.2819,62,21,0,0,"SELECT COUNT(*) AS days_traded, SUM(n_quotes) AS total_quotes, MIN(bp_min) AS lowest_bid, MAX(bp_max) AS highest_bid, MIN(ap_min) AS lowest_ask, MAX(ap_max) AS highest_ask, SUM(spread_sum) / SUM(n_quotes) AS avg_spread, SUM(bs_sum) AS total_bid_volum"
25996310,2026-08-13 16:44:14.430517,0.466843,25996310,,0,0,251,0,0,0,0,0.3720,91,19,0,0,"SELECT sym, COUNT(*) AS days_traded, SUM(n_quotes) AS total_quotes, MIN(bp_min) AS lowest_bid, MAX(bp_max) AS highest_bid, SUM(spread_sum) / SUM(n_quotes) AS avg_spread FROM quotes_daily WHERE sym IN ('AAPL', 'MSFT', 'GOOGL', 'AMZN', 'TSLA', 'META', "
25996310,2026-08-13 16:44:14.430517,0.466843,25996310,quotes_shared.public.mv_tbl__quotes_daily__0,1,1411590,968,0,0,0,0,0.3683,51,93,0,0,"SELECT sym, COUNT(*) AS days_traded, SUM(n_quotes) AS total_quotes, MIN(bp_min) AS lowest_bid, MAX(bp_max) AS highest_bid, SUM(spread_sum) / SUM(n_quotes) AS avg_spread FROM quotes_daily WHERE sym IN ('AAPL', 'MSFT', 'GOOGL', 'AMZN', 'TSLA', 'META', "
25996317,2026-08-13 16:44:15.539651,0.097997,25996317,,0,0,356901,0,0,0,0,0.0111,13,27,0,0,"SELECT sym, pct_range FROM ( SELECT sym, (MAX(bp_max) - MIN(bp_min)) / MIN(bp_min) * 100 AS pct_range FROM quotes_daily GROUP BY sym ) t ORDER BY ABS(pct_range) DESC LIMIT 20"
25996317,2026-08-13 16:44:15.539651,0.097997,25996317,quotes_shared.public.mv_tbl__quotes_daily__0,1,1411590,1384242,0,0,0,0,0.0070,24,31,0,0,"SELECT sym, pct_range FROM ( SELECT sym, (MAX(bp_max) - MIN(bp_min)) / MIN(bp_min) * 100 AS pct_range FROM quotes_daily GROUP BY sym ) t ORDER BY ABS(pct_range) DESC LIMIT 20"
25996324,2026-08-13 16:44:16.264604,0.667861,25996324,,0,0,4809,0,0,0,0,0.5842,42,22,0,0,"SELECT day, SUM(n_quotes) AS total_quotes, SUM(bs_sum) + SUM(as_sum) AS total_volume, SUM(spread_sum) / SUM(n_quotes) AS avg_spread FROM quotes_daily GROUP BY day ORDER BY day"
25996324,2026-08-13 16:44:16.264604,0.667861,25996324,quotes_shared.public.mv_tbl__quotes_daily__0,1,1411590,1384242,0,0,0,0,0.5800,39,51,0,0,"SELECT day, SUM(n_quotes) AS total_quotes, SUM(bs_sum) + SUM(as_sum) AS total_volume, SUM(spread_sum) / SUM(n_quotes) AS avg_spread FROM quotes_daily GROUP BY day ORDER BY day"
26199366,2026-08-13 16:54:08.082115,3.78926,26199366,,0,0,65,0,0,0,0,0.0065,0,77,0,0,"SELECT COALESCE(SUM(n_quotes), 0) FROM quotes_daily"
26199366,2026-08-13 16:54:08.082115,3.78926,26199366,quotes_shared.public.mv_tbl__quotes_daily__0,1,1454063,1399268,0,0,0,0,0.7387,59,24,0,0,"SELECT COALESCE(SUM(n_quotes), 0) FROM quotes_daily"
26199365,2026-08-13 16:54:08.082246,3.789139,26199365,,0,0,65,0,0,0,0,0.0065,0,60,0,0,"SELECT COALESCE(SUM(n_quotes), 0) FROM quotes_daily"
26199365,2026-08-13 16:54:08.082246,3.789139,26199365,quotes_shared.public.mv_tbl__quotes_daily__0,1,1454063,1399268,0,0,0,0,0.7387,58,24,0,0,"SELECT COALESCE(SUM(n_quotes), 0) FROM quotes_daily"
26199372,2026-08-13 16:54:11.873076,0.093125,26199372,,0,0,65,0,0,0,0,0.0088,0,58,0,0,SELECT COUNT(*) FROM quotes_daily
26199372,2026-08-13 16:54:11.873076,0.093125,26199372,quotes_shared.public.mv_tbl__quotes_daily__0,1,1452666,1399268,0,0,0,0,0.0029,58,28,0,0,SELECT COUNT(*) FROM quotes_daily
26199371,2026-08-13 16:54:11.873241,0.095214,26199371,,0,0,65,0,0,0,0,0.0092,0,24,0,0,SELECT COUNT(*) FROM quotes_daily
26199371,2026-08-13 16:54:11.873241,0.095214,26199371,quotes_shared.public.mv_tbl__quotes_daily__0,1,1452666,1399268,0,0,0,0,0.0041,63,43,0,0,SELECT COUNT(*) FROM quotes_daily
26199377,2026-08-13 16:54:11.967809,5.33036,26199377,,0,0,65,0,0,0,0,0.0073,0,27,0,0,"SELECT COUNT(*) AS days_traded, SUM(n_quotes) AS total_quotes, MIN(bp_min) AS lowest_bid, MAX(bp_max) AS highest_bid, MIN(ap_min) AS lowest_ask, MAX(ap_max) AS highest_ask, SUM(spread_sum) / SUM(n_quotes) AS avg_spread, SUM(bs_sum) AS total_bid_volum"
26199377,2026-08-13 16:54:11.967809,5.33036,26199377,quotes_shared.public.mv_tbl__quotes_daily__0,1,1453652,122,0,0,0,0,5.2242,57,10,0,0,"SELECT COUNT(*) AS days_traded, SUM(n_quotes) AS total_quotes, MIN(bp_min) AS lowest_bid, MAX(bp_max) AS highest_bid, MIN(ap_min) AS lowest_ask, MAX(ap_max) AS highest_ask, SUM(spread_sum) / SUM(n_quotes) AS avg_spread, SUM(bs_sum) AS total_bid_volum"
26199380,2026-08-13 16:54:11.970307,64.849824,26199380,,0,0,209374719,0,0,0,0,62.0459,21,25,0,0,"WITH src AS ( SELECT DATE_TRUNC('hour', TIMESTAMP 'epoch' + t / 1000 * INTERVAL '1 second') AS hour, bp, bs, ap, t FROM quotes_typed WHERE sym = 'AAPL' ), ranked AS ( SELECT hour, bp, bs, ap, ROW_NUMBER() OVER (PARTITION BY hour ORDER BY t ASC) AS rn"
26199380,2026-08-13 16:54:11.970307,64.849824,26199380,quotes_shared.public.mv_tbl__quotes_typed__0,1,6588911161,69791573,0,0,0,0,61.6417,18,3,0,0,"WITH src AS ( SELECT DATE_TRUNC('hour', TIMESTAMP 'epoch' + t / 1000 * INTERVAL '1 second') AS hour, bp, bs, ap, t FROM quotes_typed WHERE sym = 'AAPL' ), ranked AS ( SELECT hour, bp, bs, ap, ROW_NUMBER() OVER (PARTITION BY hour ORDER BY t ASC) AS rn"
26199390,2026-08-13 16:54:18.281658,0.397067,26199390,,0,0,233,0,0,0,0,0.3020,91,27,0,0,"SELECT sym, COUNT(*) AS days_traded, SUM(n_quotes) AS total_quotes, MIN(bp_min) AS lowest_bid, MAX(bp_max) AS highest_bid, SUM(spread_sum) / SUM(n_quotes) AS avg_spread FROM quotes_daily WHERE sym IN ('AAPL', 'MSFT', 'GOOGL', 'AMZN', 'TSLA', 'META', "
26199390,2026-08-13 16:54:18.281658,0.397067,26199390,quotes_shared.public.mv_tbl__quotes_daily__0,1,1454063,976,0,0,0,0,0.2964,57,92,0,0,"SELECT sym, COUNT(*) AS days_traded, SUM(n_quotes) AS total_quotes, MIN(bp_min) AS lowest_bid, MAX(bp_max) AS highest_bid, SUM(spread_sum) / SUM(n_quotes) AS avg_spread FROM quotes_daily WHERE sym IN ('AAPL', 'MSFT', 'GOOGL', 'AMZN', 'TSLA', 'META', "
26199397,2026-08-13 16:54:19.362966,0.10578,26199397,,0,0,356462,0,0,0,0,0.0186,13,25,0,0,"SELECT sym, pct_range FROM ( SELECT sym, (MAX(bp_max) - MIN(bp_min)) / MIN(bp_min) * 100 AS pct_range FROM quotes_daily GROUP BY sym ) t ORDER BY ABS(pct_range) DESC LIMIT 20"
26199397,2026-08-13 16:54:19.362966,0.10578,26199397,quotes_shared.public.mv_tbl__quotes_daily__0,1,1454063,1399268,0,0,0,0,0.0118,26,44,0,0,"SELECT sym, pct_range FROM ( SELECT sym, (MAX(bp_max) - MIN(bp_min)) / MIN(bp_min) * 100 AS pct_range FROM quotes_daily GROUP BY sym ) t ORDER BY ABS(pct_range) DESC LIMIT 20"
26199404,2026-08-13 16:54:20.088001,0.45786,26199404,,0,0,4861,0,0,0,0,0.3749,42,53,0,0,"SELECT day, SUM(n_quotes) AS total_quotes, SUM(bs_sum) + SUM(as_sum) AS total_volume, SUM(spread_sum) / SUM(n_quotes) AS avg_spread FROM quotes_daily GROUP BY day ORDER BY day"
26199404,2026-08-13 16:54:20.088001,0.45786,26199404,quotes_shared.public.mv_tbl__quotes_daily__0,1,1454063,1399268,0,0,0,0,0.3642,39,33,0,0,"SELECT day, SUM(n_quotes) AS total_quotes, SUM(bs_sum) + SUM(as_sum) AS total_volume, SUM(spread_sum) / SUM(n_quotes) AS avg_spread FROM quotes_daily GROUP BY day ORDER BY day"
26199437,2026-08-13 16:55:17.477893,158.734885,26199437,,0,0,97,0,0,0,0,0.0837,0,39,0,0,"WITH s AS ( SELECT (ap - bp) AS spread, (bp + ap) / 2.0 AS mid, bs AS bs, ""as"" AS az FROM quotes_typed WHERE sym = 'AAPL' ), agg AS ( SELECT COUNT(*)::float8 AS n, SUM(spread) AS s1, SUM(POWER(spread, 2)) AS s2, SUM(POWER(spread, 3)) AS s3, SUM(POWER"
26199437,2026-08-13 16:55:17.477893,158.734885,26199437,quotes_shared.public.mv_tbl__quotes_typed__0,1,6620750758,69857266,0,0,0,0,156.0708,20,47,0,0,"WITH s AS ( SELECT (ap - bp) AS spread, (bp + ap) / 2.0 AS mid, bs AS bs, ""as"" AS az FROM quotes_typed WHERE sym = 'AAPL' ), agg AS ( SELECT COUNT(*)::float8 AS n, SUM(spread) AS s1, SUM(POWER(spread, 2)) AS s2, SUM(POWER(spread, 3)) AS s3, SUM(POWER"
26199516,2026-08-13 16:57:56.848344,63.592342,26199516,,0,0,209969256,0,0,0,0,58.6802,21,50,0,0,"WITH src AS ( SELECT DATE_TRUNC('hour', TIMESTAMP 'epoch' + payload.t::bigint / 1000 * INTERVAL '1 second') AS hour, payload.bp::float8 AS bp, payload.bs::bigint AS bs, payload.ap::float8 AS ap, payload.t::bigint AS t FROM quotes_streamed WHERE sym ="
26199516,2026-08-13 16:57:56.848344,63.592342,26199516,quotes_shared.public.mv_tbl__quotes_streamed__0,1,11815486864,69989752,0,0,0,0,57.8926,6,1,0,0,"WITH src AS ( SELECT DATE_TRUNC('hour', TIMESTAMP 'epoch' + payload.t::bigint / 1000 * INTERVAL '1 second') AS hour, payload.bp::float8 AS bp, payload.bs::bigint AS bs, payload.ap::float8 AS ap, payload.t::bigint AS t FROM quotes_streamed WHERE sym ="
26199550,2026-08-13 16:59:01.375211,32.651546,26199550,,0,0,97,0,0,0,0,0.0877,0,28,0,0,"WITH s AS ( SELECT (payload.ap::float8 - payload.bp::float8) AS spread, (payload.bp::float8 + payload.ap::float8) / 2.0 AS mid, payload.bs::bigint AS bs, payload.""as""::bigint AS az FROM quotes_streamed WHERE sym = 'AAPL' ), agg AS ( SELECT COUNT(*)::"
26199550,2026-08-13 16:59:01.375211,32.651546,26199550,quotes_shared.public.mv_tbl__quotes_streamed__0,1,11877925640,70014078,0,0,0,0,29.3950,10,5,0,0,"WITH s AS ( SELECT (payload.ap::float8 - payload.bp::float8) AS spread, (payload.bp::float8 + payload.ap::float8) / 2.0 AS mid, payload.bs::bigint AS bs, payload.""as""::bigint AS az FROM quotes_streamed WHERE sym = 'AAPL' ), agg AS ( SELECT COUNT(*)::"
26199690,2026-08-13 17:03:56.940089,3.230326,26199690,,0,0,65,0,0,0,0,0.0020,0,29,0,0,"SELECT COALESCE(SUM(n_quotes), 0) FROM quotes_daily"
26199690,2026-08-13 17:03:56.940089,3.230326,26199690,quotes_shared.public.mv_tbl__quotes_daily__0,1,1460247,1410400,0,0,0,0,1.3996,37,51,0,0,"SELECT COALESCE(SUM(n_quotes), 0) FROM quotes_daily"
26199693,2026-08-13 17:04:00.172122,0.074918,26199693,,0,0,65,0,0,0,0,0.0015,0,19,0,0,SELECT COUNT(*) FROM quotes_daily
26199693,2026-08-13 17:04:00.172122,0.074918,26199693,quotes_shared.public.mv_tbl__quotes_daily__0,1,1460217,1410400,0,0,0,0,0.0012,38,10,0,0,SELECT COUNT(*) FROM quotes_daily
26199696,2026-08-13 17:04:00.248739,2.379077,26199696,,0,0,65,0,0,0,0,0.0019,0,24,0,0,"SELECT COUNT(*) AS days_traded, SUM(n_quotes) AS total_quotes, MIN(bp_min) AS lowest_bid, MAX(bp_max) AS highest_bid, MIN(ap_min) AS lowest_ask, MAX(ap_max) AS highest_ask, SUM(spread_sum) / SUM(n_quotes) AS avg_spread, SUM(bs_sum) AS total_bid_volum"
26199696,2026-08-13 17:04:00.248739,2.379077,26199696,quotes_shared.public.mv_tbl__quotes_daily__0,1,1460170,123,0,0,0,0,2.2986,61,24,0,0,"SELECT COUNT(*) AS days_traded, SUM(n_quotes) AS total_quotes, MIN(bp_min) AS lowest_bid, MAX(bp_max) AS highest_bid, MIN(ap_min) AS lowest_ask, MAX(ap_max) AS highest_ask, SUM(spread_sum) / SUM(n_quotes) AS avg_spread, SUM(bs_sum) AS total_bid_volum"
26199705,2026-08-13 17:04:03.365284,0.098816,26199705,,0,0,260,0,0,0,0,0.0067,91,32,0,0,"SELECT sym, COUNT(*) AS days_traded, SUM(n_quotes) AS total_quotes, MIN(bp_min) AS lowest_bid, MAX(bp_max) AS highest_bid, SUM(spread_sum) / SUM(n_quotes) AS avg_spread FROM quotes_daily WHERE sym IN ('AAPL', 'MSFT', 'GOOGL', 'AMZN', 'TSLA', 'META', "
26199705,2026-08-13 17:04:03.365284,0.098816,26199705,quotes_shared.public.mv_tbl__quotes_daily__0,1,1460247,984,0,0,0,0,0.0039,38,14,0,0,"SELECT sym, COUNT(*) AS days_traded, SUM(n_quotes) AS total_quotes, MIN(bp_min) AS lowest_bid, MAX(bp_max) AS highest_bid, SUM(spread_sum) / SUM(n_quotes) AS avg_spread FROM quotes_daily WHERE sym IN ('AAPL', 'MSFT', 'GOOGL', 'AMZN', 'TSLA', 'META', "
26199712,2026-08-13 17:04:04.116501,0.092246,26199712,,0,0,358792,0,0,0,0,0.0085,13,27,0,0,"SELECT sym, pct_range FROM ( SELECT sym, (MAX(bp_max) - MIN(bp_min)) / MIN(bp_min) * 100 AS pct_range FROM quotes_daily GROUP BY sym ) t ORDER BY ABS(pct_range) DESC LIMIT 20"
26199712,2026-08-13 17:04:04.116501,0.092246,26199712,quotes_shared.public.mv_tbl__quotes_daily__0,1,1460247,1410400,0,0,0,0,0.0054,11,30,0,0,"SELECT sym, pct_range FROM ( SELECT sym, (MAX(bp_max) - MIN(bp_min)) / MIN(bp_min) * 100 AS pct_range FROM quotes_daily GROUP BY sym ) t ORDER BY ABS(pct_range) DESC LIMIT 20"
26199719,2026-08-13 17:04:04.858146,0.399805,26199719,,0,0,4909,0,0,0,0,0.3182,41,21,0,0,"SELECT day, SUM(n_quotes) AS total_quotes, SUM(bs_sum) + SUM(as_sum) AS total_volume, SUM(spread_sum) / SUM(n_quotes) AS avg_spread FROM quotes_daily GROUP BY day ORDER BY day"
26199719,2026-08-13 17:04:04.858146,0.399805,26199719,quotes_shared.public.mv_tbl__quotes_daily__0,1,1460247,1410400,0,0,0,0,0.3156,32,27,0,0,"SELECT day, SUM(n_quotes) AS total_quotes, SUM(bs_sum) + SUM(as_sum) AS total_volume, SUM(spread_sum) / SUM(n_quotes) AS avg_spread FROM quotes_daily GROUP BY day ORDER BY day"
26402437,2026-08-13 17:14:08.961809,4.289101,26402437,,0,0,65,0,0,0,0,0.0033,0,29,0,0,"SELECT COALESCE(SUM(n_quotes), 0) FROM quotes_daily"
26402437,2026-08-13 17:14:08.961809,4.289101,26402437,quotes_shared.public.mv_tbl__quotes_daily__0,1,1464209,1421477,0,0,0,0,1.2816,47,35,0,0,"SELECT COALESCE(SUM(n_quotes), 0) FROM quotes_daily"
26402440,2026-08-13 17:14:13.252868,0.077796,26402440,,0,0,65,0,0,0,0,0.0027,0,21,0,0,SELECT COUNT(*) FROM quotes_daily
26402440,2026-08-13 17:14:13.252868,0.077796,26402440,quotes_shared.public.mv_tbl__quotes_daily__0,1,1463958,1421477,0,0,0,0,0.0018,39,22,0,0,SELECT COUNT(*) FROM quotes_daily
26402443,2026-08-13 17:14:13.332600,2.753447,26402443,,0,0,65,0,0,0,0,0.0027,0,31,0,0,"SELECT COUNT(*) AS days_traded, SUM(n_quotes) AS total_quotes, MIN(bp_min) AS lowest_bid, MAX(bp_max) AS highest_bid, MIN(ap_min) AS lowest_ask, MAX(ap_max) AS highest_ask, SUM(spread_sum) / SUM(n_quotes) AS avg_spread, SUM(bs_sum) AS total_bid_volum"
26402443,2026-08-13 17:14:13.332600,2.753447,26402443,quotes_shared.public.mv_tbl__quotes_daily__0,1,1464162,124,0,0,0,0,2.6666,70,27,0,0,"SELECT COUNT(*) AS days_traded, SUM(n_quotes) AS total_quotes, MIN(bp_min) AS lowest_bid, MAX(bp_max) AS highest_bid, MIN(ap_min) AS lowest_ask, MAX(ap_max) AS highest_ask, SUM(spread_sum) / SUM(n_quotes) AS avg_spread, SUM(bs_sum) AS total_bid_volum"
26402450,2026-08-13 17:14:17.124714,0.398738,26402450,,0,0,259,0,0,0,0,0.3127,91,30,0,0,"SELECT sym, COUNT(*) AS days_traded, SUM(n_quotes) AS total_quotes, MIN(bp_min) AS lowest_bid, MAX(bp_max) AS highest_bid, SUM(spread_sum) / SUM(n_quotes) AS avg_spread FROM quotes_daily WHERE sym IN ('AAPL', 'MSFT', 'GOOGL', 'AMZN', 'TSLA', 'META', "
26402450,2026-08-13 17:14:17.124714,0.398738,26402450,quotes_shared.public.mv_tbl__quotes_daily__0,1,1464209,992,0,0,0,0,0.3084,45,92,0,0,"SELECT sym, COUNT(*) AS days_traded, SUM(n_quotes) AS total_quotes, MIN(bp_min) AS lowest_bid, MAX(bp_max) AS highest_bid, SUM(spread_sum) / SUM(n_quotes) AS avg_spread FROM quotes_daily WHERE sym IN ('AAPL', 'MSFT', 'GOOGL', 'AMZN', 'TSLA', 'META', "
26402460,2026-08-13 17:14:19.748101,0.090741,26402460,,0,0,358371,0,0,0,0,0.0144,14,25,0,0,"SELECT sym, pct_range FROM ( SELECT sym, (MAX(bp_max) - MIN(bp_min)) / MIN(bp_min) * 100 AS pct_range FROM quotes_daily GROUP BY sym ) t ORDER BY ABS(pct_range) DESC LIMIT 20"
26402460,2026-08-13 17:14:19.748101,0.090741,26402460,quotes_shared.public.mv_tbl__quotes_daily__0,1,1464209,1421477,0,0,0,0,0.0092,23,30,0,0,"SELECT sym, pct_range FROM ( SELECT sym, (MAX(bp_max) - MIN(bp_min)) / MIN(bp_min) * 100 AS pct_range FROM quotes_daily GROUP BY sym ) t ORDER BY ABS(pct_range) DESC LIMIT 20"
26402467,2026-08-13 17:14:20.533409,0.665602,26402467,,0,0,4938,0,0,0,0,0.5392,41,30,0,0,"SELECT day, SUM(n_quotes) AS total_quotes, SUM(bs_sum) + SUM(as_sum) AS total_volume, SUM(spread_sum) / SUM(n_quotes) AS avg_spread FROM quotes_daily GROUP BY day ORDER BY day"
26402467,2026-08-13 17:14:20.533409,0.665602,26402467,quotes_shared.public.mv_tbl__quotes_daily__0,1,1464209,1421477,0,0,0,0,0.5354,38,35,0,0,"SELECT day, SUM(n_quotes) AS total_quotes, SUM(bs_sum) + SUM(as_sum) AS total_volume, SUM(spread_sum) / SUM(n_quotes) AS avg_spread FROM quotes_daily GROUP BY day ORDER BY day"
26605509,2026-08-13 17:24:07.646747,3.531661,26605509,,0,0,65,0,0,0,0,0.0073,0,30,0,0,"SELECT COALESCE(SUM(n_quotes), 0) FROM quotes_daily"
26605509,2026-08-13 17:24:07.646747,3.531661,26605509,quotes_shared.public.mv_tbl__quotes_daily__0,1,1485924,1432527,0,0,0,0,0.8320,42,20,0,0,"SELECT COALESCE(SUM(n_quotes), 0) FROM quotes_daily"
26605512,2026-08-13 17:24:11.180372,0.104319,26605512,,0,0,65,0,0,0,0,0.0090,0,34,0,0,SELECT COUNT(*) FROM quotes_daily
26605512,2026-08-13 17:24:11.180372,0.104319,26605512,quotes_shared.public.mv_tbl__quotes_daily__0,1,1485924,1432527,0,0,0,0,0.0060,46,40,0,0,SELECT COUNT(*) FROM quotes_daily
26605515,2026-08-13 17:24:11.286743,2.280694,26605515,,0,0,65,0,0,0,0,0.0030,0,24,0,0,"SELECT COUNT(*) AS days_traded, SUM(n_quotes) AS total_quotes, MIN(bp_min) AS lowest_bid, MAX(bp_max) AS highest_bid, MIN(ap_min) AS lowest_ask, MAX(ap_max) AS highest_ask, SUM(spread_sum) / SUM(n_quotes) AS avg_spread, SUM(bs_sum) AS total_bid_volum"
26605515,2026-08-13 17:24:11.286743,2.280694,26605515,quotes_shared.public.mv_tbl__quotes_daily__0,1,1485877,125,0,0,0,0,2.1889,60,31,0,0,"SELECT COUNT(*) AS days_traded, SUM(n_quotes) AS total_quotes, MIN(bp_min) AS lowest_bid, MAX(bp_max) AS highest_bid, MIN(ap_min) AS lowest_ask, MAX(ap_max) AS highest_ask, SUM(spread_sum) / SUM(n_quotes) AS avg_spread, SUM(bs_sum) AS total_bid_volum"
26605522,2026-08-13 17:24:14.494992,0.428977,26605522,,0,0,253,0,0,0,0,0.3397,91,27,0,0,"SELECT sym, COUNT(*) AS days_traded, SUM(n_quotes) AS total_quotes, MIN(bp_min) AS lowest_bid, MAX(bp_max) AS highest_bid, SUM(spread_sum) / SUM(n_quotes) AS avg_spread FROM quotes_daily WHERE sym IN ('AAPL', 'MSFT', 'GOOGL', 'AMZN', 'TSLA', 'META', "
26605522,2026-08-13 17:24:14.494992,0.428977,26605522,quotes_shared.public.mv_tbl__quotes_daily__0,1,1485924,1000,0,0,0,0,0.3343,43,93,0,0,"SELECT sym, COUNT(*) AS days_traded, SUM(n_quotes) AS total_quotes, MIN(bp_min) AS lowest_bid, MAX(bp_max) AS highest_bid, SUM(spread_sum) / SUM(n_quotes) AS avg_spread FROM quotes_daily WHERE sym IN ('AAPL', 'MSFT', 'GOOGL', 'AMZN', 'TSLA', 'META', "
26605529,2026-08-13 17:24:15.560320,0.093664,26605529,,0,0,359566,0,0,0,0,0.0133,13,31,0,0,"SELECT sym, pct_range FROM ( SELECT sym, (MAX(bp_max) - MIN(bp_min)) / MIN(bp_min) * 100 AS pct_range FROM quotes_daily GROUP BY sym ) t ORDER BY ABS(pct_range) DESC LIMIT 20"
26605529,2026-08-13 17:24:15.560320,0.093664,26605529,quotes_shared.public.mv_tbl__quotes_daily__0,1,1485924,1432527,0,0,0,0,0.0084,25,37,0,0,"SELECT sym, pct_range FROM ( SELECT sym, (MAX(bp_max) - MIN(bp_min)) / MIN(bp_min) * 100 AS pct_range FROM quotes_daily GROUP BY sym ) t ORDER BY ABS(pct_range) DESC LIMIT 20"
26605536,2026-08-13 17:24:16.292679,0.528979,26605536,,0,0,4968,0,0,0,0,0.4500,41,24,0,0,"SELECT day, SUM(n_quotes) AS total_quotes, SUM(bs_sum) + SUM(as_sum) AS total_volume, SUM(spread_sum) / SUM(n_quotes) AS avg_spread FROM quotes_daily GROUP BY day ORDER BY day"
26605536,2026-08-13 17:24:16.292679,0.528979,26605536,quotes_shared.public.mv_tbl__quotes_daily__0,1,1485924,1432527,0,0,0,0,0.4444,36,54,0,0,"SELECT day, SUM(n_quotes) AS total_quotes, SUM(bs_sum) + SUM(as_sum) AS total_volume, SUM(spread_sum) / SUM(n_quotes) AS avg_spread FROM quotes_daily GROUP BY day ORDER BY day"
26808581,2026-08-13 17:34:06.911135,3.549987,26808581,,0,0,65,0,0,0,0,0.0061,0,63,0,0,"SELECT COALESCE(SUM(n_quotes), 0) FROM quotes_daily"
26808581,2026-08-13 17:34:06.911135,3.549987,26808581,quotes_shared.public.mv_tbl__quotes_daily__0,1,1465133,1432941,0,0,0,0,0.9448,39,27,0,0,"SELECT COALESCE(SUM(n_quotes), 0) FROM quotes_daily"
26808584,2026-08-13 17:34:10.463090,0.112105,26808584,,0,0,65,0,0,0,0,0.0052,0,22,0,0,SELECT COUNT(*) FROM quotes_daily
26808584,2026-08-13 17:34:10.463090,0.112105,26808584,quotes_shared.public.mv_tbl__quotes_daily__0,1,1465047,1432941,0,0,0,0,0.0026,53,39,0,0,SELECT COUNT(*) FROM quotes_daily
26808587,2026-08-13 17:34:10.577204,2.216382,26808587,,0,0,65,0,0,0,0,0.0025,0,38,0,0,"SELECT COUNT(*) AS days_traded, SUM(n_quotes) AS total_quotes, MIN(bp_min) AS lowest_bid, MAX(bp_max) AS highest_bid, MIN(ap_min) AS lowest_ask, MAX(ap_max) AS highest_ask, SUM(spread_sum) / SUM(n_quotes) AS avg_spread, SUM(bs_sum) AS total_bid_volum"
26808587,2026-08-13 17:34:10.577204,2.216382,26808587,quotes_shared.public.mv_tbl__quotes_daily__0,1,1465000,125,0,0,0,0,2.1014,56,19,0,0,"SELECT COUNT(*) AS days_traded, SUM(n_quotes) AS total_quotes, MIN(bp_min) AS lowest_bid, MAX(bp_max) AS highest_bid, MIN(ap_min) AS lowest_ask, MAX(ap_max) AS highest_ask, SUM(spread_sum) / SUM(n_quotes) AS avg_spread, SUM(bs_sum) AS total_bid_volum"
26808594,2026-08-13 17:34:13.744295,0.47398,26808594,,0,0,256,0,0,0,0,0.3675,91,30,0,0,"SELECT sym, COUNT(*) AS days_traded, SUM(n_quotes) AS total_quotes, MIN(bp_min) AS lowest_bid, MAX(bp_max) AS highest_bid, SUM(spread_sum) / SUM(n_quotes) AS avg_spread FROM quotes_daily WHERE sym IN ('AAPL', 'MSFT', 'GOOGL', 'AMZN', 'TSLA', 'META', "
26808594,2026-08-13 17:34:13.744295,0.47398,26808594,quotes_shared.public.mv_tbl__quotes_daily__0,1,1465133,1000,0,0,0,0,0.3627,37,93,0,0,"SELECT sym, COUNT(*) AS days_traded, SUM(n_quotes) AS total_quotes, MIN(bp_min) AS lowest_bid, MAX(bp_max) AS highest_bid, SUM(spread_sum) / SUM(n_quotes) AS avg_spread FROM quotes_daily WHERE sym IN ('AAPL', 'MSFT', 'GOOGL', 'AMZN', 'TSLA', 'META', "
26808601,2026-08-13 17:34:14.827916,0.110946,26808601,,0,0,358970,0,0,0,0,0.0128,13,24,0,0,"SELECT sym, pct_range FROM ( SELECT sym, (MAX(bp_max) - MIN(bp_min)) / MIN(bp_min) * 100 AS pct_range FROM quotes_daily GROUP BY sym ) t ORDER BY ABS(pct_range) DESC LIMIT 20"
26808601,2026-08-13 17:34:14.827916,0.110946,26808601,quotes_shared.public.mv_tbl__quotes_daily__0,1,1465133,1432941,0,0,0,0,0.0075,17,30,0,0,"SELECT sym, pct_range FROM ( SELECT sym, (MAX(bp_max) - MIN(bp_min)) / MIN(bp_min) * 100 AS pct_range FROM quotes_daily GROUP BY sym ) t ORDER BY ABS(pct_range) DESC LIMIT 20"
26808608,2026-08-13 17:34:15.625619,0.558133,26808608,,0,0,4958,0,0,0,0,0.4615,41,39,0,0,"SELECT day, SUM(n_quotes) AS total_quotes, SUM(bs_sum) + SUM(as_sum) AS total_volume, SUM(spread_sum) / SUM(n_quotes) AS avg_spread FROM quotes_daily GROUP BY day ORDER BY day"
26808608,2026-08-13 17:34:15.625619,0.558133,26808608,quotes_shared.public.mv_tbl__quotes_daily__0,1,1465133,1432941,0,0,0,0,0.4578,39,43,0,0,"SELECT day, SUM(n_quotes) AS total_quotes, SUM(bs_sum) + SUM(as_sum) AS total_volume, SUM(spread_sum) / SUM(n_quotes) AS avg_spread FROM quotes_daily GROUP BY day ORDER BY day"
27011653,2026-08-13 17:44:07.644958,3.932757,27011653,,0,0,65,0,0,0,0,0.0028,0,28,0,0,"SELECT COALESCE(SUM(n_quotes), 0) FROM quotes_daily"
27011653,2026-08-13 17:44:07.644958,3.932757,27011653,quotes_shared.public.mv_tbl__quotes_daily__0,1,1468374,1444082,0,0,0,0,1.0955,46,29,0,0,"SELECT COALESCE(SUM(n_quotes), 0) FROM quotes_daily"
27011656,2026-08-13 17:44:11.579734,0.089186,27011656,,0,0,65,0,0,0,0,0.0060,0,32,0,0,SELECT COUNT(*) FROM quotes_daily
27011656,2026-08-13 17:44:11.579734,0.089186,27011656,quotes_shared.public.mv_tbl__quotes_daily__0,1,1467902,1444082,0,0,0,0,0.0031,45,32,0,0,SELECT COUNT(*) FROM quotes_daily
27011659,2026-08-13 17:44:11.670864,2.808795,27011659,,0,0,65,0,0,0,0,0.0025,0,33,0,0,"SELECT COUNT(*) AS days_traded, SUM(n_quotes) AS total_quotes, MIN(bp_min) AS lowest_bid, MAX(bp_max) AS highest_bid, MIN(ap_min) AS lowest_ask, MAX(ap_max) AS highest_ask, SUM(spread_sum) / SUM(n_quotes) AS avg_spread, SUM(bs_sum) AS total_bid_volum"
27011659,2026-08-13 17:44:11.670864,2.808795,27011659,quotes_shared.public.mv_tbl__quotes_daily__0,1,1468327,126,0,0,0,0,2.7022,60,31,0,0,"SELECT COUNT(*) AS days_traded, SUM(n_quotes) AS total_quotes, MIN(bp_min) AS lowest_bid, MAX(bp_max) AS highest_bid, MIN(ap_min) AS lowest_ask, MAX(ap_max) AS highest_ask, SUM(spread_sum) / SUM(n_quotes) AS avg_spread, SUM(bs_sum) AS total_bid_volum"
27011666,2026-08-13 17:44:15.349320,0.364652,27011666,,0,0,257,0,0,0,0,0.2717,91,18,0,0,"SELECT sym, COUNT(*) AS days_traded, SUM(n_quotes) AS total_quotes, MIN(bp_min) AS lowest_bid, MAX(bp_max) AS highest_bid, SUM(spread_sum) / SUM(n_quotes) AS avg_spread FROM quotes_daily WHERE sym IN ('AAPL', 'MSFT', 'GOOGL', 'AMZN', 'TSLA', 'META', "
27011666,2026-08-13 17:44:15.349320,0.364652,27011666,quotes_shared.public.mv_tbl__quotes_daily__0,1,1468374,1008,0,0,0,0,0.2668,43,92,0,0,"SELECT sym, COUNT(*) AS days_traded, SUM(n_quotes) AS total_quotes, MIN(bp_min) AS lowest_bid, MAX(bp_max) AS highest_bid, SUM(spread_sum) / SUM(n_quotes) AS avg_spread FROM quotes_daily WHERE sym IN ('AAPL', 'MSFT', 'GOOGL', 'AMZN', 'TSLA', 'META', "
27011673,2026-08-13 17:44:16.347011,0.105099,27011673,,0,0,360215,0,0,0,0,0.0145,13,49,0,0,"SELECT sym, pct_range FROM ( SELECT sym, (MAX(bp_max) - MIN(bp_min)) / MIN(bp_min) * 100 AS pct_range FROM quotes_daily GROUP BY sym ) t ORDER BY ABS(pct_range) DESC LIMIT 20"
27011673,2026-08-13 17:44:16.347011,0.105099,27011673,quotes_shared.public.mv_tbl__quotes_daily__0,1,1468374,1444082,0,0,0,0,0.0101,23,36,0,0,"SELECT sym, pct_range FROM ( SELECT sym, (MAX(bp_max) - MIN(bp_min)) / MIN(bp_min) * 100 AS pct_range FROM quotes_daily GROUP BY sym ) t ORDER BY ABS(pct_range) DESC LIMIT 20"
27011680,2026-08-13 17:44:17.092061,0.448789,27011680,,0,0,5000,0,0,0,0,0.3679,40,45,0,0,"SELECT day, SUM(n_quotes) AS total_quotes, SUM(bs_sum) + SUM(as_sum) AS total_volume, SUM(spread_sum) / SUM(n_quotes) AS avg_spread FROM quotes_daily GROUP BY day ORDER BY day"
27011680,2026-08-13 17:44:17.092061,0.448789,27011680,quotes_shared.public.mv_tbl__quotes_daily__0,1,1468374,1444082,0,0,0,0,0.3642,47,22,0,0,"SELECT day, SUM(n_quotes) AS total_quotes, SUM(bs_sum) + SUM(as_sum) AS total_volume, SUM(spread_sum) / SUM(n_quotes) AS avg_spread FROM quotes_daily GROUP BY day ORDER BY day"
27214728,2026-08-13 17:54:06.686561,3.894228,27214728,,0,0,65,0,0,0,0,0.0210,0,31,0,0,"SELECT COALESCE(SUM(n_quotes), 0) FROM quotes_daily"
27214728,2026-08-13 17:54:06.686561,3.894228,27214728,quotes_shared.public.mv_tbl__quotes_daily__0,1,1501683,1459148,0,0,0,0,0.8055,54,34,0,0,"SELECT COALESCE(SUM(n_quotes), 0) FROM quotes_daily"
27214725,2026-08-13 17:54:06.687424,3.893499,27214725,,0,0,65,0,0,0,0,0.0227,0,77,0,0,"SELECT COALESCE(SUM(n_quotes), 0) FROM quotes_daily"
27214725,2026-08-13 17:54:06.687424,3.893499,27214725,quotes_shared.public.mv_tbl__quotes_daily__0,1,1501683,1459148,0,0,0,0,0.9271,62,30,0,0,"SELECT COALESCE(SUM(n_quotes), 0) FROM quotes_daily"
27214732,2026-08-13 17:54:10.582706,0.092141,27214732,,0,0,65,0,0,0,0,0.0040,0,47,0,0,SELECT COUNT(*) FROM quotes_daily
27214732,2026-08-13 17:54:10.582706,0.092141,27214732,quotes_shared.public.mv_tbl__quotes_daily__0,1,1501147,1459148,0,0,0,0,0.0031,74,34,0,0,SELECT COUNT(*) FROM quotes_daily
27214731,2026-08-13 17:54:10.582747,0.091951,27214731,,0,0,65,0,0,0,0,0.0027,0,28,0,0,SELECT COUNT(*) FROM quotes_daily
27214731,2026-08-13 17:54:10.582747,0.091951,27214731,quotes_shared.public.mv_tbl__quotes_daily__0,1,1501147,1459148,0,0,0,0,0.0030,58,34,0,0,SELECT COUNT(*) FROM quotes_daily
27214737,2026-08-13 17:54:10.676616,5.754401,27214737,,0,0,65,0,0,0,0,0.0081,0,38,0,0,"SELECT COUNT(*) AS days_traded, SUM(n_quotes) AS total_quotes, MIN(bp_min) AS lowest_bid, MAX(bp_max) AS highest_bid, MIN(ap_min) AS lowest_ask, MAX(ap_max) AS highest_ask, SUM(spread_sum) / SUM(n_quotes) AS avg_spread, SUM(bs_sum) AS total_bid_volum"
27214737,2026-08-13 17:54:10.676616,5.754401,27214737,quotes_shared.public.mv_tbl__quotes_daily__0,1,1501477,127,0,0,0,0,5.6479,63,12,0,0,"SELECT COUNT(*) AS days_traded, SUM(n_quotes) AS total_quotes, MIN(bp_min) AS lowest_bid, MAX(bp_max) AS highest_bid, MIN(ap_min) AS lowest_ask, MAX(ap_max) AS highest_ask, SUM(spread_sum) / SUM(n_quotes) AS avg_spread, SUM(bs_sum) AS total_bid_volum"
27214740,2026-08-13 17:54:10.676797,79.47847,27214740,,0,0,217840110,0,0,0,0,76.5030,22,26,0,0,"WITH src AS ( SELECT DATE_TRUNC('hour', TIMESTAMP 'epoch' + t / 1000 * INTERVAL '1 second') AS hour, bp, bs, ap, t FROM quotes_typed WHERE sym = 'AAPL' ), ranked AS ( SELECT hour, bp, bs, ap, ROW_NUMBER() OVER (PARTITION BY hour ORDER BY t ASC) AS rn"
27214740,2026-08-13 17:54:10.676797,79.47847,27214740,quotes_shared.public.mv_tbl__quotes_typed__0,1,8011095313,72613370,0,0,0,0,76.0778,36,3,0,0,"WITH src AS ( SELECT DATE_TRUNC('hour', TIMESTAMP 'epoch' + t / 1000 * INTERVAL '1 second') AS hour, bp, bs, ap, t FROM quotes_typed WHERE sym = 'AAPL' ), ranked AS ( SELECT hour, bp, bs, ap, ROW_NUMBER() OVER (PARTITION BY hour ORDER BY t ASC) AS rn"
27214750,2026-08-13 17:54:17.316742,0.376445,27214750,,0,0,251,0,0,0,0,0.2794,91,20,0,0,"SELECT sym, COUNT(*) AS days_traded, SUM(n_quotes) AS total_quotes, MIN(bp_min) AS lowest_bid, MAX(bp_max) AS highest_bid, SUM(spread_sum) / SUM(n_quotes) AS avg_spread FROM quotes_daily WHERE sym IN ('AAPL', 'MSFT', 'GOOGL', 'AMZN', 'TSLA', 'META', "
27214750,2026-08-13 17:54:17.316742,0.376445,27214750,quotes_shared.public.mv_tbl__quotes_daily__0,1,1501683,1016,0,0,0,0,0.2733,41,92,0,0,"SELECT sym, COUNT(*) AS days_traded, SUM(n_quotes) AS total_quotes, MIN(bp_min) AS lowest_bid, MAX(bp_max) AS highest_bid, SUM(spread_sum) / SUM(n_quotes) AS avg_spread FROM quotes_daily WHERE sym IN ('AAPL', 'MSFT', 'GOOGL', 'AMZN', 'TSLA', 'META', "
27214757,2026-08-13 17:54:18.364548,0.113192,27214757,,0,0,335682,0,0,0,0,0.0225,14,55,0,0,"SELECT sym, pct_range FROM ( SELECT sym, (MAX(bp_max) - MIN(bp_min)) / MIN(bp_min) * 100 AS pct_range FROM quotes_daily GROUP BY sym ) t ORDER BY ABS(pct_range) DESC LIMIT 20"
27214757,2026-08-13 17:54:18.364548,0.113192,27214757,quotes_shared.public.mv_tbl__quotes_daily__0,1,1501683,1459148,0,0,0,0,0.0121,48,42,0,0,"SELECT sym, pct_range FROM ( SELECT sym, (MAX(bp_max) - MIN(bp_min)) / MIN(bp_min) * 100 AS pct_range FROM quotes_daily GROUP BY sym ) t ORDER BY ABS(pct_range) DESC LIMIT 20"
27214764,2026-08-13 17:54:19.131640,0.506835,27214764,,0,0,5056,0,0,0,0,0.4118,46,27,0,0,"SELECT day, SUM(n_quotes) AS total_quotes, SUM(bs_sum) + SUM(as_sum) AS total_volume, SUM(spread_sum) / SUM(n_quotes) AS avg_spread FROM quotes_daily GROUP BY day ORDER BY day"
27214764,2026-08-13 17:54:19.131640,0.506835,27214764,quotes_shared.public.mv_tbl__quotes_daily__0,1,1501683,1459148,0,0,0,0,0.4050,56,39,0,0,"SELECT day, SUM(n_quotes) AS total_quotes, SUM(bs_sum) + SUM(as_sum) AS total_volume, SUM(spread_sum) / SUM(n_quotes) AS avg_spread FROM quotes_daily GROUP BY day ORDER BY day"
27214807,2026-08-13 17:55:30.817950,270.424794,27214807,,0,0,97,0,0,0,0,0.0848,0,25,0,0,"WITH s AS ( SELECT (ap - bp) AS spread, (bp + ap) / 2.0 AS mid, bs AS bs, ""as"" AS az FROM quotes_typed WHERE sym = 'AAPL' ), agg AS ( SELECT COUNT(*)::float8 AS n, SUM(spread) AS s1, SUM(POWER(spread, 2)) AS s2, SUM(POWER(spread, 3)) AS s3, SUM(POWER"
27214807,2026-08-13 17:55:30.817950,270.424794,27214807,quotes_shared.public.mv_tbl__quotes_typed__0,1,8042964721,72698658,0,0,0,0,268.1087,27,16,0,0,"WITH s AS ( SELECT (ap - bp) AS spread, (bp + ap) / 2.0 AS mid, bs AS bs, ""as"" AS az FROM quotes_typed WHERE sym = 'AAPL' ), agg AS ( SELECT COUNT(*)::float8 AS n, SUM(spread) AS s1, SUM(POWER(spread, 2)) AS s2, SUM(POWER(spread, 3)) AS s3, SUM(POWER"
27214965,2026-08-13 18:00:01.921496,82.4392,27214965,,0,0,218750226,0,0,0,0,78.3168,23,55,0,0,"WITH src AS ( SELECT DATE_TRUNC('hour', TIMESTAMP 'epoch' + payload.t::bigint / 1000 * INTERVAL '1 second') AS hour, payload.bp::float8 AS bp, payload.bs::bigint AS bs, payload.ap::float8 AS ap, payload.t::bigint AS t FROM quotes_streamed WHERE sym ="
27214965,2026-08-13 18:00:01.921496,82.4392,27214965,quotes_shared.public.mv_tbl__quotes_streamed__0,1,15537179521,72916742,0,0,0,0,77.5475,6,2,0,0,"WITH src AS ( SELECT DATE_TRUNC('hour', TIMESTAMP 'epoch' + payload.t::bigint / 1000 * INTERVAL '1 second') AS hour, payload.bp::float8 AS bp, payload.bs::bigint AS bs, payload.ap::float8 AS ap, payload.t::bigint AS t FROM quotes_streamed WHERE sym ="
27215015,2026-08-13 18:01:25.035842,37.732231,27215015,,0,0,97,0,0,0,0,0.0577,0,23,0,0,"WITH s AS ( SELECT (payload.ap::float8 - payload.bp::float8) AS spread, (payload.bp::float8 + payload.ap::float8) / 2.0 AS mid, payload.bs::bigint AS bs, payload.""as""::bigint AS az FROM quotes_streamed WHERE sym = 'AAPL' ), agg AS ( SELECT COUNT(*)::"
27215015,2026-08-13 18:01:25.035842,37.732231,27215015,quotes_shared.public.mv_tbl__quotes_streamed__0,1,15621146115,72954814,0,0,0,0,35.6332,12,1,0,0,"WITH s AS ( SELECT (payload.ap::float8 - payload.bp::float8) AS spread, (payload.bp::float8 + payload.ap::float8) / 2.0 AS mid, payload.bs::bigint AS bs, payload.""as""::bigint AS az FROM quotes_streamed WHERE sym = 'AAPL' ), agg AS ( SELECT COUNT(*)::"
27215103,2026-08-13 18:03:56.846846,2.960475,27215103,,0,0,65,0,0,0,0,0.0020,0,23,0,0,"SELECT COALESCE(SUM(n_quotes), 0) FROM quotes_daily"
27215103,2026-08-13 18:03:56.846846,2.960475,27215103,quotes_shared.public.mv_tbl__quotes_daily__0,1,1503671,1470419,0,0,0,0,1.0067,36,28,0,0,"SELECT COALESCE(SUM(n_quotes), 0) FROM quotes_daily"
27215106,2026-08-13 18:03:59.808834,0.075458,27215106,,0,0,65,0,0,0,0,0.0021,0,19,0,0,SELECT COUNT(*) FROM quotes_daily
27215106,2026-08-13 18:03:59.808834,0.075458,27215106,quotes_shared.public.mv_tbl__quotes_daily__0,1,1503576,1470419,0,0,0,0,0.0009,37,10,0,0,SELECT COUNT(*) FROM quotes_daily
27215109,2026-08-13 18:03:59.885840,2.852184,27215109,,0,0,65,0,0,0,0,0.0019,0,26,0,0,"SELECT COUNT(*) AS days_traded, SUM(n_quotes) AS total_quotes, MIN(bp_min) AS lowest_bid, MAX(bp_max) AS highest_bid, MIN(ap_min) AS lowest_ask, MAX(ap_max) AS highest_ask, SUM(spread_sum) / SUM(n_quotes) AS avg_spread, SUM(bs_sum) AS total_bid_volum"
27215109,2026-08-13 18:03:59.885840,2.852184,27215109,quotes_shared.public.mv_tbl__quotes_daily__0,1,1503624,128,0,0,0,0,2.7704,50,30,0,0,"SELECT COUNT(*) AS days_traded, SUM(n_quotes) AS total_quotes, MIN(bp_min) AS lowest_bid, MAX(bp_max) AS highest_bid, MIN(ap_min) AS lowest_ask, MAX(ap_max) AS highest_ask, SUM(spread_sum) / SUM(n_quotes) AS avg_spread, SUM(bs_sum) AS total_bid_volum"
27215118,2026-08-13 18:04:05.155453,0.097688,27215118,,0,0,257,0,0,0,0,0.0071,91,22,0,0,"SELECT sym, COUNT(*) AS days_traded, SUM(n_quotes) AS total_quotes, MIN(bp_min) AS lowest_bid, MAX(bp_max) AS highest_bid, SUM(spread_sum) / SUM(n_quotes) AS avg_spread FROM quotes_daily WHERE sym IN ('AAPL', 'MSFT', 'GOOGL', 'AMZN', 'TSLA', 'META', "
27215118,2026-08-13 18:04:05.155453,0.097688,27215118,quotes_shared.public.mv_tbl__quotes_daily__0,1,1503671,1024,0,0,0,0,0.0039,38,6,0,0,"SELECT sym, COUNT(*) AS days_traded, SUM(n_quotes) AS total_quotes, MIN(bp_min) AS lowest_bid, MAX(bp_max) AS highest_bid, SUM(spread_sum) / SUM(n_quotes) AS avg_spread FROM quotes_daily WHERE sym IN ('AAPL', 'MSFT', 'GOOGL', 'AMZN', 'TSLA', 'META', "
27215125,2026-08-13 18:04:05.909131,0.091936,27215125,,0,0,362197,0,0,0,0,0.0084,13,25,0,0,"SELECT sym, pct_range FROM ( SELECT sym, (MAX(bp_max) - MIN(bp_min)) / MIN(bp_min) * 100 AS pct_range FROM quotes_daily GROUP BY sym ) t ORDER BY ABS(pct_range) DESC LIMIT 20"
27215125,2026-08-13 18:04:05.909131,0.091936,27215125,quotes_shared.public.mv_tbl__quotes_daily__0,1,1503671,1470419,0,0,0,0,0.0054,22,21,0,0,"SELECT sym, pct_range FROM ( SELECT sym, (MAX(bp_max) - MIN(bp_min)) / MIN(bp_min) * 100 AS pct_range FROM quotes_daily GROUP BY sym ) t ORDER BY ABS(pct_range) DESC LIMIT 20"
27215132,2026-08-13 18:04:06.627751,0.499613,27215132,,0,0,5110,0,0,0,0,0.4182,46,24,0,0,"SELECT day, SUM(n_quotes) AS total_quotes, SUM(bs_sum) + SUM(as_sum) AS total_volume, SUM(spread_sum) / SUM(n_quotes) AS avg_spread FROM quotes_daily GROUP BY day ORDER BY day"
27215132,2026-08-13 18:04:06.627751,0.499613,27215132,quotes_shared.public.mv_tbl__quotes_daily__0,1,1503671,1470419,0,0,0,0,0.4154,26,35,0,0,"SELECT day, SUM(n_quotes) AS total_quotes, SUM(bs_sum) + SUM(as_sum) AS total_volume, SUM(spread_sum) / SUM(n_quotes) AS avg_spread FROM quotes_daily GROUP BY day ORDER BY day"
27417797,2026-08-13 18:14:07.744921,3.372232,27417797,,0,0,65,0,0,0,0,0.0080,0,28,0,0,"SELECT COALESCE(SUM(n_quotes), 0) FROM quotes_daily"
27417797,2026-08-13 18:14:07.744921,3.372232,27417797,quotes_shared.public.mv_tbl__quotes_daily__0,1,1512769,1481564,0,0,0,0,0.9213,47,26,0,0,"SELECT COALESCE(SUM(n_quotes), 0) FROM quotes_daily"
27417807,2026-08-13 18:14:11.119098,0.093564,27417807,,0,0,65,0,0,0,0,0.0085,0,61,0,0,SELECT COUNT(*) FROM quotes_daily
27417807,2026-08-13 18:14:11.119098,0.093564,27417807,quotes_shared.public.mv_tbl__quotes_daily__0,1,1512624,1481564,0,0,0,0,0.0032,38,33,0,0,SELECT COUNT(*) FROM quotes_daily
27417811,2026-08-13 18:14:11.214602,2.330355,27417811,,0,0,65,0,0,0,0,0.0027,0,25,0,0,"SELECT COUNT(*) AS days_traded, SUM(n_quotes) AS total_quotes, MIN(bp_min) AS lowest_bid, MAX(bp_max) AS highest_bid, MIN(ap_min) AS lowest_ask, MAX(ap_max) AS highest_ask, SUM(spread_sum) / SUM(n_quotes) AS avg_spread, SUM(bs_sum) AS total_bid_volum"
27417811,2026-08-13 18:14:11.214602,2.330355,27417811,quotes_shared.public.mv_tbl__quotes_daily__0,1,1512722,129,0,0,0,0,2.2222,55,25,0,0,"SELECT COUNT(*) AS days_traded, SUM(n_quotes) AS total_quotes, MIN(bp_min) AS lowest_bid, MAX(bp_max) AS highest_bid, MIN(ap_min) AS lowest_ask, MAX(ap_max) AS highest_ask, SUM(spread_sum) / SUM(n_quotes) AS avg_spread, SUM(bs_sum) AS total_bid_volum"
27417820,2026-08-13 18:14:14.510687,0.413864,27417820,,0,0,256,0,0,0,0,0.3304,91,21,0,0,"SELECT sym, COUNT(*) AS days_traded, SUM(n_quotes) AS total_quotes, MIN(bp_min) AS lowest_bid, MAX(bp_max) AS highest_bid, SUM(spread_sum) / SUM(n_quotes) AS avg_spread FROM quotes_daily WHERE sym IN ('AAPL', 'MSFT', 'GOOGL', 'AMZN', 'TSLA', 'META', "
27417820,2026-08-13 18:14:14.510687,0.413864,27417820,quotes_shared.public.mv_tbl__quotes_daily__0,1,1512769,1032,0,0,0,0,0.3261,51,93,0,0,"SELECT sym, COUNT(*) AS days_traded, SUM(n_quotes) AS total_quotes, MIN(bp_min) AS lowest_bid, MAX(bp_max) AS highest_bid, SUM(spread_sum) / SUM(n_quotes) AS avg_spread FROM quotes_daily WHERE sym IN ('AAPL', 'MSFT', 'GOOGL', 'AMZN', 'TSLA', 'META', "
27417827,2026-08-13 18:14:15.801892,0.085909,27417827,,0,0,362306,0,0,0,0,0.0110,13,22,0,0,"SELECT sym, pct_range FROM ( SELECT sym, (MAX(bp_max) - MIN(bp_min)) / MIN(bp_min) * 100 AS pct_range FROM quotes_daily GROUP BY sym ) t ORDER BY ABS(pct_range) DESC LIMIT 20"
27417827,2026-08-13 18:14:15.801892,0.085909,27417827,quotes_shared.public.mv_tbl__quotes_daily__0,1,1512769,1481564,0,0,0,0,0.0072,26,27,0,0,"SELECT sym, pct_range FROM ( SELECT sym, (MAX(bp_max) - MIN(bp_min)) / MIN(bp_min) * 100 AS pct_range FROM quotes_daily GROUP BY sym ) t ORDER BY ABS(pct_range) DESC LIMIT 20"
27417834,2026-08-13 18:14:16.534707,0.476121,27417834,,0,0,5137,0,0,0,0,0.4035,45,25,0,0,"SELECT day, SUM(n_quotes) AS total_quotes, SUM(bs_sum) + SUM(as_sum) AS total_volume, SUM(spread_sum) / SUM(n_quotes) AS avg_spread FROM quotes_daily GROUP BY day ORDER BY day"
27417834,2026-08-13 18:14:16.534707,0.476121,27417834,quotes_shared.public.mv_tbl__quotes_daily__0,1,1512769,1481564,0,0,0,0,0.3993,36,46,0,0,"SELECT day, SUM(n_quotes) AS total_quotes, SUM(bs_sum) + SUM(as_sum) AS total_volume, SUM(spread_sum) / SUM(n_quotes) AS avg_spread FROM quotes_daily GROUP BY day ORDER BY day"
27620869,2026-08-13 18:24:07.627880,3.698415,27620869,,0,0,65,0,0,0,0,0.0029,0,26,0,0,"SELECT COALESCE(SUM(n_quotes), 0) FROM quotes_daily"
27620869,2026-08-13 18:24:07.627880,3.698415,27620869,quotes_shared.public.mv_tbl__quotes_daily__0,1,1530111,1486486,0,0,0,0,1.1013,37,18,0,0,"SELECT COALESCE(SUM(n_quotes), 0) FROM quotes_daily"
27620872,2026-08-13 18:24:11.328220,0.088426,27620872,,0,0,65,0,0,0,0,0.0017,0,30,0,0,SELECT COUNT(*) FROM quotes_daily
27620872,2026-08-13 18:24:11.328220,0.088426,27620872,quotes_shared.public.mv_tbl__quotes_daily__0,1,1529720,1486486,0,0,0,0,0.0012,53,11,0,0,SELECT COUNT(*) FROM quotes_daily
27620875,2026-08-13 18:24:11.418427,2.776455,27620875,,0,0,65,0,0,0,0,0.0020,0,30,0,0,"SELECT COUNT(*) AS days_traded, SUM(n_quotes) AS total_quotes, MIN(bp_min) AS lowest_bid, MAX(bp_max) AS highest_bid, MIN(ap_min) AS lowest_ask, MAX(ap_max) AS highest_ask, SUM(spread_sum) / SUM(n_quotes) AS avg_spread, SUM(bs_sum) AS total_bid_volum"
27620875,2026-08-13 18:24:11.418427,2.776455,27620875,quotes_shared.public.mv_tbl__quotes_daily__0,1,1530064,129,0,0,0,0,2.6798,63,35,0,0,"SELECT COUNT(*) AS days_traded, SUM(n_quotes) AS total_quotes, MIN(bp_min) AS lowest_bid, MAX(bp_max) AS highest_bid, MIN(ap_min) AS lowest_ask, MAX(ap_max) AS highest_ask, SUM(spread_sum) / SUM(n_quotes) AS avg_spread, SUM(bs_sum) AS total_bid_volum"
27620884,2026-08-13 18:24:15.101749,0.403391,27620884,,0,0,251,0,0,0,0,0.3088,91,24,0,0,"SELECT sym, COUNT(*) AS days_traded, SUM(n_quotes) AS total_quotes, MIN(bp_min) AS lowest_bid, MAX(bp_max) AS highest_bid, SUM(spread_sum) / SUM(n_quotes) AS avg_spread FROM quotes_daily WHERE sym IN ('AAPL', 'MSFT', 'GOOGL', 'AMZN', 'TSLA', 'META', "
27620884,2026-08-13 18:24:15.101749,0.403391,27620884,quotes_shared.public.mv_tbl__quotes_daily__0,1,1530111,1032,0,0,0,0,0.3042,44,92,0,0,"SELECT sym, COUNT(*) AS days_traded, SUM(n_quotes) AS total_quotes, MIN(bp_min) AS lowest_bid, MAX(bp_max) AS highest_bid, SUM(spread_sum) / SUM(n_quotes) AS avg_spread FROM quotes_daily WHERE sym IN ('AAPL', 'MSFT', 'GOOGL', 'AMZN', 'TSLA', 'META', "
27620891,2026-08-13 18:24:16.231806,0.095753,27620891,,0,0,362757,0,0,0,0,0.0112,13,32,0,0,"SELECT sym, pct_range FROM ( SELECT sym, (MAX(bp_max) - MIN(bp_min)) / MIN(bp_min) * 100 AS pct_range FROM quotes_daily GROUP BY sym ) t ORDER BY ABS(pct_range) DESC LIMIT 20"
27620891,2026-08-13 18:24:16.231806,0.095753,27620891,quotes_shared.public.mv_tbl__quotes_daily__0,1,1530111,1486486,0,0,0,0,0.0077,23,27,0,0,"SELECT sym, pct_range FROM ( SELECT sym, (MAX(bp_max) - MIN(bp_min)) / MIN(bp_min) * 100 AS pct_range FROM quotes_daily GROUP BY sym ) t ORDER BY ABS(pct_range) DESC LIMIT 20"
27620898,2026-08-13 18:24:16.999626,0.422593,27620898,,0,0,5150,0,0,0,0,0.3384,45,25,0,0,"SELECT day, SUM(n_quotes) AS total_quotes, SUM(bs_sum) + SUM(as_sum) AS total_volume, SUM(spread_sum) / SUM(n_quotes) AS avg_spread FROM quotes_daily GROUP BY day ORDER BY day"
27620898,2026-08-13 18:24:16.999626,0.422593,27620898,quotes_shared.public.mv_tbl__quotes_daily__0,1,1530111,1486486,0,0,0,0,0.3354,31,31,0,0,"SELECT day, SUM(n_quotes) AS total_quotes, SUM(bs_sum) + SUM(as_sum) AS total_volume, SUM(spread_sum) / SUM(n_quotes) AS avg_spread FROM quotes_daily GROUP BY day ORDER BY day"
27823943,2026-08-13 18:34:06.669715,3.68807,27823943,,0,0,65,0,0,0,0,0.0070,0,26,0,0,"SELECT COALESCE(SUM(n_quotes), 0) FROM quotes_daily"
27823943,2026-08-13 18:34:06.669715,3.68807,27823943,quotes_shared.public.mv_tbl__quotes_daily__0,1,1532882,1493137,0,0,0,0,0.9896,38,27,0,0,"SELECT COALESCE(SUM(n_quotes), 0) FROM quotes_daily"
27823946,2026-08-13 18:34:10.359704,0.090628,27823946,,0,0,65,0,0,0,0,0.0050,0,23,0,0,SELECT COUNT(*) FROM quotes_daily
27823946,2026-08-13 18:34:10.359704,0.090628,27823946,quotes_shared.public.mv_tbl__quotes_daily__0,1,1532882,1493137,0,0,0,0,0.0035,51,55,0,0,SELECT COUNT(*) FROM quotes_daily
27823949,2026-08-13 18:34:10.452176,2.555651,27823949,,0,0,65,0,0,0,0,0.0027,0,37,0,0,"SELECT COUNT(*) AS days_traded, SUM(n_quotes) AS total_quotes, MIN(bp_min) AS lowest_bid, MAX(bp_max) AS highest_bid, MIN(ap_min) AS lowest_ask, MAX(ap_max) AS highest_ask, SUM(spread_sum) / SUM(n_quotes) AS avg_spread, SUM(bs_sum) AS total_bid_volum"
27823949,2026-08-13 18:34:10.452176,2.555651,27823949,quotes_shared.public.mv_tbl__quotes_daily__0,1,1532835,130,0,0,0,0,2.2901,59,28,0,0,"SELECT COUNT(*) AS days_traded, SUM(n_quotes) AS total_quotes, MIN(bp_min) AS lowest_bid, MAX(bp_max) AS highest_bid, MIN(ap_min) AS lowest_ask, MAX(ap_max) AS highest_ask, SUM(spread_sum) / SUM(n_quotes) AS avg_spread, SUM(bs_sum) AS total_bid_volum"
27823956,2026-08-13 18:34:13.926204,0.450381,27823956,,0,0,254,0,0,0,0,0.3598,91,34,0,0,"SELECT sym, COUNT(*) AS days_traded, SUM(n_quotes) AS total_quotes, MIN(bp_min) AS lowest_bid, MAX(bp_max) AS highest_bid, SUM(spread_sum) / SUM(n_quotes) AS avg_spread FROM quotes_daily WHERE sym IN ('AAPL', 'MSFT', 'GOOGL', 'AMZN', 'TSLA', 'META', "
27823956,2026-08-13 18:34:13.926204,0.450381,27823956,quotes_shared.public.mv_tbl__quotes_daily__0,1,1532882,1040,0,0,0,0,0.3544,37,93,0,0,"SELECT sym, COUNT(*) AS days_traded, SUM(n_quotes) AS total_quotes, MIN(bp_min) AS lowest_bid, MAX(bp_max) AS highest_bid, SUM(spread_sum) / SUM(n_quotes) AS avg_spread FROM quotes_daily WHERE sym IN ('AAPL', 'MSFT', 'GOOGL', 'AMZN', 'TSLA', 'META', "
27823965,2026-08-13 18:34:14.982943,0.096538,27823965,,0,0,363191,0,0,0,0,0.0141,13,28,0,0,"SELECT sym, pct_range FROM ( SELECT sym, (MAX(bp_max) - MIN(bp_min)) / MIN(bp_min) * 100 AS pct_range FROM quotes_daily GROUP BY sym ) t ORDER BY ABS(pct_range) DESC LIMIT 20"
27823965,2026-08-13 18:34:14.982943,0.096538,27823965,quotes_shared.public.mv_tbl__quotes_daily__0,1,1532882,1493137,0,0,0,0,0.0089,24,26,0,0,"SELECT sym, pct_range FROM ( SELECT sym, (MAX(bp_max) - MIN(bp_min)) / MIN(bp_min) * 100 AS pct_range FROM quotes_daily GROUP BY sym ) t ORDER BY ABS(pct_range) DESC LIMIT 20"
27823972,2026-08-13 18:34:15.737319,0.704705,27823972,,0,0,5172,0,0,0,0,0.6255,45,28,0,0,"SELECT day, SUM(n_quotes) AS total_quotes, SUM(bs_sum) + SUM(as_sum) AS total_volume, SUM(spread_sum) / SUM(n_quotes) AS avg_spread FROM quotes_daily GROUP BY day ORDER BY day"
27823972,2026-08-13 18:34:15.737319,0.704705,27823972,quotes_shared.public.mv_tbl__quotes_daily__0,1,1532882,1493137,0,0,0,0,0.6205,40,57,0,0,"SELECT day, SUM(n_quotes) AS total_quotes, SUM(bs_sum) + SUM(as_sum) AS total_volume, SUM(spread_sum) / SUM(n_quotes) AS avg_spread FROM quotes_daily GROUP BY day ORDER BY day"
28027013,2026-08-13 18:44:07.429074,4.219506,28027013,,0,0,65,0,0,0,0,0.0031,0,32,0,0,"SELECT COALESCE(SUM(n_quotes), 0) FROM quotes_daily"
28027013,2026-08-13 18:44:07.429074,4.219506,28027013,quotes_shared.public.mv_tbl__quotes_daily__0,1,1535704,1504458,0,0,0,0,1.4381,37,40,0,0,"SELECT COALESCE(SUM(n_quotes), 0) FROM quotes_daily"
28027016,2026-08-13 18:44:11.650523,0.076056,28027016,,0,0,65,0,0,0,0,0.0026,0,26,0,0,SELECT COUNT(*) FROM quotes_daily
28027016,2026-08-13 18:44:11.650523,0.076056,28027016,quotes_shared.public.mv_tbl__quotes_daily__0,1,1535389,1504458,0,0,0,0,0.0020,36,11,0,0,SELECT COUNT(*) FROM quotes_daily
28027019,2026-08-13 18:44:11.728406,2.395739,28027019,,0,0,65,0,0,0,0,0.0024,0,27,0,0,"SELECT COUNT(*) AS days_traded, SUM(n_quotes) AS total_quotes, MIN(bp_min) AS lowest_bid, MAX(bp_max) AS highest_bid, MIN(ap_min) AS lowest_ask, MAX(ap_max) AS highest_ask, SUM(spread_sum) / SUM(n_quotes) AS avg_spread, SUM(bs_sum) AS total_bid_volum"
28027019,2026-08-13 18:44:11.728406,2.395739,28027019,quotes_shared.public.mv_tbl__quotes_daily__0,1,1535657,131,0,0,0,0,2.3095,54,21,0,0,"SELECT COUNT(*) AS days_traded, SUM(n_quotes) AS total_quotes, MIN(bp_min) AS lowest_bid, MAX(bp_max) AS highest_bid, MIN(ap_min) AS lowest_ask, MAX(ap_max) AS highest_ask, SUM(spread_sum) / SUM(n_quotes) AS avg_spread, SUM(bs_sum) AS total_bid_volum"
28027026,2026-08-13 18:44:15.086944,0.395665,28027026,,0,0,252,0,0,0,0,0.3062,91,23,0,0,"SELECT sym, COUNT(*) AS days_traded, SUM(n_quotes) AS total_quotes, MIN(bp_min) AS lowest_bid, MAX(bp_max) AS highest_bid, SUM(spread_sum) / SUM(n_quotes) AS avg_spread FROM quotes_daily WHERE sym IN ('AAPL', 'MSFT', 'GOOGL', 'AMZN', 'TSLA', 'META', "
28027026,2026-08-13 18:44:15.086944,0.395665,28027026,quotes_shared.public.mv_tbl__quotes_daily__0,1,1535704,1048,0,0,0,0,0.3019,45,92,0,0,"SELECT sym, COUNT(*) AS days_traded, SUM(n_quotes) AS total_quotes, MIN(bp_min) AS lowest_bid, MAX(bp_max) AS highest_bid, SUM(spread_sum) / SUM(n_quotes) AS avg_spread FROM quotes_daily WHERE sym IN ('AAPL', 'MSFT', 'GOOGL', 'AMZN', 'TSLA', 'META', "
28027033,2026-08-13 18:44:16.099208,0.094671,28027033,,0,0,363389,0,0,0,0,0.0167,13,25,0,0,"SELECT sym, pct_range FROM ( SELECT sym, (MAX(bp_max) - MIN(bp_min)) / MIN(bp_min) * 100 AS pct_range FROM quotes_daily GROUP BY sym ) t ORDER BY ABS(pct_range) DESC LIMIT 20"
28027033,2026-08-13 18:44:16.099208,0.094671,28027033,quotes_shared.public.mv_tbl__quotes_daily__0,1,1535704,1504458,0,0,0,0,0.0102,27,29,0,0,"SELECT sym, pct_range FROM ( SELECT sym, (MAX(bp_max) - MIN(bp_min)) / MIN(bp_min) * 100 AS pct_range FROM quotes_daily GROUP BY sym ) t ORDER BY ABS(pct_range) DESC LIMIT 20"
28027042,2026-08-13 18:44:16.807813,0.492951,28027042,,0,0,5193,0,0,0,0,0.4184,45,19,0,0,"SELECT day, SUM(n_quotes) AS total_quotes, SUM(bs_sum) + SUM(as_sum) AS total_volume, SUM(spread_sum) / SUM(n_quotes) AS avg_spread FROM quotes_daily GROUP BY day ORDER BY day"
28027042,2026-08-13 18:44:16.807813,0.492951,28027042,quotes_shared.public.mv_tbl__quotes_daily__0,1,1535704,1504458,0,0,0,0,0.4150,48,36,0,0,"SELECT day, SUM(n_quotes) AS total_quotes, SUM(bs_sum) + SUM(as_sum) AS total_volume, SUM(spread_sum) / SUM(n_quotes) AS avg_spread FROM quotes_daily GROUP BY day ORDER BY day"
28230086,2026-08-13 18:54:07.783132,3.493645,28230086,,0,0,65,0,0,0,0,0.0071,0,36,0,0,"SELECT COALESCE(SUM(n_quotes), 0) FROM quotes_daily"
28230086,2026-08-13 18:54:07.783132,3.493645,28230086,quotes_shared.public.mv_tbl__quotes_daily__0,1,1575072,1520175,0,0,0,0,0.9098,53,41,0,0,"SELECT COALESCE(SUM(n_quotes), 0) FROM quotes_daily"
28230085,2026-08-13 18:54:07.783274,3.492894,28230085,,0,0,65,0,0,0,0,0.0062,0,52,0,0,"SELECT COALESCE(SUM(n_quotes), 0) FROM quotes_daily"
28230085,2026-08-13 18:54:07.783274,3.492894,28230085,quotes_shared.public.mv_tbl__quotes_daily__0,1,1575072,1520175,0,0,0,0,0.9808,53,38,0,0,"SELECT COALESCE(SUM(n_quotes), 0) FROM quotes_daily"
28230091,2026-08-13 18:54:11.278177,0.092319,28230091,,0,0,65,0,0,0,0,0.0049,0,72,0,0,SELECT COUNT(*) FROM quotes_daily
28230091,2026-08-13 18:54:11.278177,0.092319,28230091,quotes_shared.public.mv_tbl__quotes_daily__0,1,1574244,1520175,0,0,0,0,0.0047,61,56,0,0,SELECT COUNT(*) FROM quotes_daily
28230092,2026-08-13 18:54:11.278342,0.092654,28230092,,0,0,65,0,0,0,0,0.0062,0,38,0,0,SELECT COUNT(*) FROM quotes_daily
28230092,2026-08-13 18:54:11.278342,0.092654,28230092,quotes_shared.public.mv_tbl__quotes_daily__0,1,1574244,1520175,0,0,0,0,0.0052,68,38,0,0,SELECT COUNT(*) FROM quotes_daily
28230100,2026-08-13 18:54:11.372448,93.599052,28230100,,0,0,225083853,0,0,0,0,89.6992,22,24,0,0,"WITH src AS ( SELECT DATE_TRUNC('hour', TIMESTAMP 'epoch' + t / 1000 * INTERVAL '1 second') AS hour, bp, bs, ap, t FROM quotes_typed WHERE sym = 'AAPL' ), ranked AS ( SELECT hour, bp, bs, ap, ROW_NUMBER() OVER (PARTITION BY hour ORDER BY t ASC) AS rn"
28230100,2026-08-13 18:54:11.372448,93.599052,28230100,quotes_shared.public.mv_tbl__quotes_typed__0,1,9417575535,75027951,0,0,0,0,89.2579,20,2,0,0,"WITH src AS ( SELECT DATE_TRUNC('hour', TIMESTAMP 'epoch' + t / 1000 * INTERVAL '1 second') AS hour, bp, bs, ap, t FROM quotes_typed WHERE sym = 'AAPL' ), ranked AS ( SELECT hour, bp, bs, ap, ROW_NUMBER() OVER (PARTITION BY hour ORDER BY t ASC) AS rn"
28230097,2026-08-13 18:54:11.372614,6.350603,28230097,,0,0,65,0,0,0,0,0.0058,0,56,0,0,"SELECT COUNT(*) AS days_traded, SUM(n_quotes) AS total_quotes, MIN(bp_min) AS lowest_bid, MAX(bp_max) AS highest_bid, MIN(ap_min) AS lowest_ask, MAX(ap_max) AS highest_ask, SUM(spread_sum) / SUM(n_quotes) AS avg_spread, SUM(bs_sum) AS total_bid_volum"
28230097,2026-08-13 18:54:11.372614,6.350603,28230097,quotes_shared.public.mv_tbl__quotes_daily__0,1,1574947,132,0,0,0,0,6.2471,54,20,0,0,"SELECT COUNT(*) AS days_traded, SUM(n_quotes) AS total_quotes, MIN(bp_min) AS lowest_bid, MAX(bp_max) AS highest_bid, MIN(ap_min) AS lowest_ask, MAX(ap_max) AS highest_ask, SUM(spread_sum) / SUM(n_quotes) AS avg_spread, SUM(bs_sum) AS total_bid_volum"
28230112,2026-08-13 18:54:18.742048,0.380387,28230112,,0,0,262,0,0,0,0,0.2772,91,23,0,0,"SELECT sym, COUNT(*) AS days_traded, SUM(n_quotes) AS total_quotes, MIN(bp_min) AS lowest_bid, MAX(bp_max) AS highest_bid, SUM(spread_sum) / SUM(n_quotes) AS avg_spread FROM quotes_daily WHERE sym IN ('AAPL', 'MSFT', 'GOOGL', 'AMZN', 'TSLA', 'META', "
28230112,2026-08-13 18:54:18.742048,0.380387,28230112,quotes_shared.public.mv_tbl__quotes_daily__0,1,1575072,1056,0,0,0,0,0.2713,38,92,0,0,"SELECT sym, COUNT(*) AS days_traded, SUM(n_quotes) AS total_quotes, MIN(bp_min) AS lowest_bid, MAX(bp_max) AS highest_bid, SUM(spread_sum) / SUM(n_quotes) AS avg_spread FROM quotes_daily WHERE sym IN ('AAPL', 'MSFT', 'GOOGL', 'AMZN', 'TSLA', 'META', "
28230119,2026-08-13 18:54:19.751532,0.11613,28230119,,0,0,360839,0,0,0,0,0.0194,13,30,0,0,"SELECT sym, pct_range FROM ( SELECT sym, (MAX(bp_max) - MIN(bp_min)) / MIN(bp_min) * 100 AS pct_range FROM quotes_daily GROUP BY sym ) t ORDER BY ABS(pct_range) DESC LIMIT 20"
28230119,2026-08-13 18:54:19.751532,0.11613,28230119,quotes_shared.public.mv_tbl__quotes_daily__0,1,1575072,1520175,0,0,0,0,0.0135,36,41,0,0,"SELECT sym, pct_range FROM ( SELECT sym, (MAX(bp_max) - MIN(bp_min)) / MIN(bp_min) * 100 AS pct_range FROM quotes_daily GROUP BY sym ) t ORDER BY ABS(pct_range) DESC LIMIT 20"
28230126,2026-08-13 18:54:20.486775,0.724767,28230126,,0,0,5250,0,0,0,0,0.4946,44,66,0,0,"SELECT day, SUM(n_quotes) AS total_quotes, SUM(bs_sum) + SUM(as_sum) AS total_volume, SUM(spread_sum) / SUM(n_quotes) AS avg_spread FROM quotes_daily GROUP BY day ORDER BY day"
28230126,2026-08-13 18:54:20.486775,0.724767,28230126,quotes_shared.public.mv_tbl__quotes_daily__0,1,1575072,1520175,0,0,0,0,0.4012,40,40,0,0,"SELECT day, SUM(n_quotes) AS total_quotes, SUM(bs_sum) + SUM(as_sum) AS total_volume, SUM(spread_sum) / SUM(n_quotes) AS avg_spread FROM quotes_daily GROUP BY day ORDER BY day"
28230179,2026-08-13 18:55:45.640488,274.01232,28230179,,0,0,97,0,0,0,0,0.0866,0,38,0,0,"WITH s AS ( SELECT (ap - bp) AS spread, (bp + ap) / 2.0 AS mid, bs AS bs, ""as"" AS az FROM quotes_typed WHERE sym = 'AAPL' ), agg AS ( SELECT COUNT(*)::float8 AS n, SUM(spread) AS s1, SUM(POWER(spread, 2)) AS s2, SUM(POWER(spread, 3)) AS s3, SUM(POWER"
28230179,2026-08-13 18:55:45.640488,274.01232,28230179,quotes_shared.public.mv_tbl__quotes_typed__0,1,9465402866,75136811,0,0,0,0,271.7827,23,20,0,0,"WITH s AS ( SELECT (ap - bp) AS spread, (bp + ap) / 2.0 AS mid, bs AS bs, ""as"" AS az FROM quotes_typed WHERE sym = 'AAPL' ), agg AS ( SELECT COUNT(*)::float8 AS n, SUM(spread) AS s1, SUM(POWER(spread, 2)) AS s2, SUM(POWER(spread, 3)) AS s3, SUM(POWER"
28230313,2026-08-13 19:00:20.355717,95.675033,28230313,,0,0,226050327,0,0,0,0,89.6614,24,43,0,0,"WITH src AS ( SELECT DATE_TRUNC('hour', TIMESTAMP 'epoch' + payload.t::bigint / 1000 * INTERVAL '1 second') AS hour, payload.bp::float8 AS bp, payload.bs::bigint AS bs, payload.ap::float8 AS ap, payload.t::bigint AS t FROM quotes_streamed WHERE sym ="
28230313,2026-08-13 19:00:20.355717,95.675033,28230313,quotes_shared.public.mv_tbl__quotes_streamed__0,1,19161725939,75350109,0,0,0,0,88.9048,11,1,0,0,"WITH src AS ( SELECT DATE_TRUNC('hour', TIMESTAMP 'epoch' + payload.t::bigint / 1000 * INTERVAL '1 second') AS hour, payload.bp::float8 AS bp, payload.bs::bigint AS bs, payload.ap::float8 AS ap, payload.t::bigint AS t FROM quotes_streamed WHERE sym ="
28230362,2026-08-13 19:01:56.911037,49.470311,28230362,,0,0,97,0,0,0,0,0.0566,0,25,0,0,"WITH s AS ( SELECT (payload.ap::float8 - payload.bp::float8) AS spread, (payload.bp::float8 + payload.ap::float8) / 2.0 AS mid, payload.bs::bigint AS bs, payload.""as""::bigint AS az FROM quotes_streamed WHERE sym = 'AAPL' ), agg AS ( SELECT COUNT(*)::"
28230362,2026-08-13 19:01:56.911037,49.470311,28230362,quotes_shared.public.mv_tbl__quotes_streamed__0,1,19255879858,75435321,0,0,0,0,45.7065,10,4,0,0,"WITH s AS ( SELECT (payload.ap::float8 - payload.bp::float8) AS spread, (payload.bp::float8 + payload.ap::float8) / 2.0 AS mid, payload.bs::bigint AS bs, payload.""as""::bigint AS az FROM quotes_streamed WHERE sym = 'AAPL' ), agg AS ( SELECT COUNT(*)::"
28230437,2026-08-13 19:03:56.846947,2.929975,28230437,,0,0,65,0,0,0,0,0.0019,0,22,0,0,"SELECT COALESCE(SUM(n_quotes), 0) FROM quotes_daily"
28230437,2026-08-13 19:03:56.846947,2.929975,28230437,quotes_shared.public.mv_tbl__quotes_daily__0,1,1577778,1531568,0,0,0,0,1.0174,28,28,0,0,"SELECT COALESCE(SUM(n_quotes), 0) FROM quotes_daily"
28230440,2026-08-13 19:03:59.778842,0.070594,28230440,,0,0,65,0,0,0,0,0.0017,0,33,0,0,SELECT COUNT(*) FROM quotes_daily
28230440,2026-08-13 19:03:59.778842,0.070594,28230440,quotes_shared.public.mv_tbl__quotes_daily__0,1,1576969,1531568,0,0,0,0,0.0010,37,10,0,0,SELECT COUNT(*) FROM quotes_daily
28230443,2026-08-13 19:03:59.851140,2.64903,28230443,,0,0,65,0,0,0,0,0.0021,0,31,0,0,"SELECT COUNT(*) AS days_traded, SUM(n_quotes) AS total_quotes, MIN(bp_min) AS lowest_bid, MAX(bp_max) AS highest_bid, MIN(ap_min) AS lowest_ask, MAX(ap_max) AS highest_ask, SUM(spread_sum) / SUM(n_quotes) AS avg_spread, SUM(bs_sum) AS total_bid_volum"
28230443,2026-08-13 19:03:59.851140,2.64903,28230443,quotes_shared.public.mv_tbl__quotes_daily__0,1,1577731,133,0,0,0,0,2.5699,62,27,0,0,"SELECT COUNT(*) AS days_traded, SUM(n_quotes) AS total_quotes, MIN(bp_min) AS lowest_bid, MAX(bp_max) AS highest_bid, MIN(ap_min) AS lowest_ask, MAX(ap_max) AS highest_ask, SUM(spread_sum) / SUM(n_quotes) AS avg_spread, SUM(bs_sum) AS total_bid_volum"
28230450,2026-08-13 19:04:03.222196,0.094989,28230450,,0,0,257,0,0,0,0,0.0070,91,17,0,0,"SELECT sym, COUNT(*) AS days_traded, SUM(n_quotes) AS total_quotes, MIN(bp_min) AS lowest_bid, MAX(bp_max) AS highest_bid, SUM(spread_sum) / SUM(n_quotes) AS avg_spread FROM quotes_daily WHERE sym IN ('AAPL', 'MSFT', 'GOOGL', 'AMZN', 'TSLA', 'META', "
28230450,2026-08-13 19:04:03.222196,0.094989,28230450,quotes_shared.public.mv_tbl__quotes_daily__0,1,1577778,1064,0,0,0,0,0.0041,33,15,0,0,"SELECT sym, COUNT(*) AS days_traded, SUM(n_quotes) AS total_quotes, MIN(bp_min) AS lowest_bid, MAX(bp_max) AS highest_bid, SUM(spread_sum) / SUM(n_quotes) AS avg_spread FROM quotes_daily WHERE sym IN ('AAPL', 'MSFT', 'GOOGL', 'AMZN', 'TSLA', 'META', "
28230457,2026-08-13 19:04:03.933466,0.089794,28230457,,0,0,366460,0,0,0,0,0.0082,13,18,0,0,"SELECT sym, pct_range FROM ( SELECT sym, (MAX(bp_max) - MIN(bp_min)) / MIN(bp_min) * 100 AS pct_range FROM quotes_daily GROUP BY sym ) t ORDER BY ABS(pct_range) DESC LIMIT 20"
28230457,2026-08-13 19:04:03.933466,0.089794,28230457,quotes_shared.public.mv_tbl__quotes_daily__0,1,1577778,1531568,0,0,0,0,0.0056,12,24,0,0,"SELECT sym, pct_range FROM ( SELECT sym, (MAX(bp_max) - MIN(bp_min)) / MIN(bp_min) * 100 AS pct_range FROM quotes_daily GROUP BY sym ) t ORDER BY ABS(pct_range) DESC LIMIT 20"
28230464,2026-08-13 19:04:04.659239,0.439077,28230464,,0,0,5294,0,0,0,0,0.3571,44,22,0,0,"SELECT day, SUM(n_quotes) AS total_quotes, SUM(bs_sum) + SUM(as_sum) AS total_volume, SUM(spread_sum) / SUM(n_quotes) AS avg_spread FROM quotes_daily GROUP BY day ORDER BY day"
28230464,2026-08-13 19:04:04.659239,0.439077,28230464,quotes_shared.public.mv_tbl__quotes_daily__0,1,1577778,1531568,0,0,0,0,0.3545,37,31,0,0,"SELECT day, SUM(n_quotes) AS total_quotes, SUM(bs_sum) + SUM(as_sum) AS total_volume, SUM(spread_sum) / SUM(n_quotes) AS avg_spread FROM quotes_daily GROUP BY day ORDER BY day"
28433157,2026-08-13 19:14:08.235436,3.699908,28433157,,0,0,65,0,0,0,0,0.0047,0,23,0,0,"SELECT COALESCE(SUM(n_quotes), 0) FROM quotes_daily"
28433157,2026-08-13 19:14:08.235436,3.699908,28433157,quotes_shared.public.mv_tbl__quotes_daily__0,1,1572732,1541400,0,0,0,0,1.0868,41,26,0,0,"SELECT COALESCE(SUM(n_quotes), 0) FROM quotes_daily"
28433160,2026-08-13 19:14:11.937283,0.087122,28433160,,0,0,65,0,0,0,0,0.0020,0,27,0,0,SELECT COUNT(*) FROM quotes_daily
28433160,2026-08-13 19:14:11.937283,0.087122,28433160,quotes_shared.public.mv_tbl__quotes_daily__0,1,1572732,1541400,0,0,0,0,0.0016,54,34,0,0,SELECT COUNT(*) FROM quotes_daily
28433163,2026-08-13 19:14:12.026269,2.262938,28433163,,0,0,65,0,0,0,0,0.0021,0,31,0,0,"SELECT COUNT(*) AS days_traded, SUM(n_quotes) AS total_quotes, MIN(bp_min) AS lowest_bid, MAX(bp_max) AS highest_bid, MIN(ap_min) AS lowest_ask, MAX(ap_max) AS highest_ask, SUM(spread_sum) / SUM(n_quotes) AS avg_spread, SUM(bs_sum) AS total_bid_volum"
28433163,2026-08-13 19:14:12.026269,2.262938,28433163,quotes_shared.public.mv_tbl__quotes_daily__0,1,1572685,134,0,0,0,0,2.1661,53,29,0,0,"SELECT COUNT(*) AS days_traded, SUM(n_quotes) AS total_quotes, MIN(bp_min) AS lowest_bid, MAX(bp_max) AS highest_bid, MIN(ap_min) AS lowest_ask, MAX(ap_max) AS highest_ask, SUM(spread_sum) / SUM(n_quotes) AS avg_spread, SUM(bs_sum) AS total_bid_volum"
28433170,2026-08-13 19:14:15.182895,0.531114,28433170,,0,0,256,0,0,0,0,0.4378,91,33,0,0,"SELECT sym, COUNT(*) AS days_traded, SUM(n_quotes) AS total_quotes, MIN(bp_min) AS lowest_bid, MAX(bp_max) AS highest_bid, SUM(spread_sum) / SUM(n_quotes) AS avg_spread FROM quotes_daily WHERE sym IN ('AAPL', 'MSFT', 'GOOGL', 'AMZN', 'TSLA', 'META', "
28433170,2026-08-13 19:14:15.182895,0.531114,28433170,quotes_shared.public.mv_tbl__quotes_daily__0,1,1572732,1072,0,0,0,0,0.4334,40,93,0,0,"SELECT sym, COUNT(*) AS days_traded, SUM(n_quotes) AS total_quotes, MIN(bp_min) AS lowest_bid, MAX(bp_max) AS highest_bid, SUM(spread_sum) / SUM(n_quotes) AS avg_spread FROM quotes_daily WHERE sym IN ('AAPL', 'MSFT', 'GOOGL', 'AMZN', 'TSLA', 'META', "
28433177,2026-08-13 19:14:16.391738,0.096549,28433177,,0,0,366176,0,0,0,0,0.0105,13,24,0,0,"SELECT sym, pct_range FROM ( SELECT sym, (MAX(bp_max) - MIN(bp_min)) / MIN(bp_min) * 100 AS pct_range FROM quotes_daily GROUP BY sym ) t ORDER BY ABS(pct_range) DESC LIMIT 20"
28433177,2026-08-13 19:14:16.391738,0.096549,28433177,quotes_shared.public.mv_tbl__quotes_daily__0,1,1572732,1541400,0,0,0,0,0.0067,23,29,0,0,"SELECT sym, pct_range FROM ( SELECT sym, (MAX(bp_max) - MIN(bp_min)) / MIN(bp_min) * 100 AS pct_range FROM quotes_daily GROUP BY sym ) t ORDER BY ABS(pct_range) DESC LIMIT 20"
28433184,2026-08-13 19:14:17.114556,0.471049,28433184,,0,0,5320,0,0,0,0,0.3874,44,30,0,0,"SELECT day, SUM(n_quotes) AS total_quotes, SUM(bs_sum) + SUM(as_sum) AS total_volume, SUM(spread_sum) / SUM(n_quotes) AS avg_spread FROM quotes_daily GROUP BY day ORDER BY day"
28433184,2026-08-13 19:14:17.114556,0.471049,28433184,quotes_shared.public.mv_tbl__quotes_daily__0,1,1572732,1541400,0,0,0,0,0.3834,43,43,0,0,"SELECT day, SUM(n_quotes) AS total_quotes, SUM(bs_sum) + SUM(as_sum) AS total_volume, SUM(spread_sum) / SUM(n_quotes) AS avg_spread FROM quotes_daily GROUP BY day ORDER BY day"
28636229,2026-08-13 19:24:07.464373,4.011839,28636229,,0,0,65,0,0,0,0,0.0026,0,31,0,0,"SELECT COALESCE(SUM(n_quotes), 0) FROM quotes_daily"
28636229,2026-08-13 19:24:07.464373,4.011839,28636229,quotes_shared.public.mv_tbl__quotes_daily__0,1,1586771,1543127,0,0,0,0,1.2885,45,37,0,0,"SELECT COALESCE(SUM(n_quotes), 0) FROM quotes_daily"
28636232,2026-08-13 19:24:11.478183,0.081675,28636232,,0,0,65,0,0,0,0,0.0021,0,29,0,0,SELECT COUNT(*) FROM quotes_daily
28636232,2026-08-13 19:24:11.478183,0.081675,28636232,quotes_shared.public.mv_tbl__quotes_daily__0,1,1586641,1543127,0,0,0,0,0.0013,41,9,0,0,SELECT COUNT(*) FROM quotes_daily
28636235,2026-08-13 19:24:11.561621,2.704378,28636235,,0,0,65,0,0,0,0,0.0032,0,36,0,0,"SELECT COUNT(*) AS days_traded, SUM(n_quotes) AS total_quotes, MIN(bp_min) AS lowest_bid, MAX(bp_max) AS highest_bid, MIN(ap_min) AS lowest_ask, MAX(ap_max) AS highest_ask, SUM(spread_sum) / SUM(n_quotes) AS avg_spread, SUM(bs_sum) AS total_bid_volum"
28636235,2026-08-13 19:24:11.561621,2.704378,28636235,quotes_shared.public.mv_tbl__quotes_daily__0,1,1586724,134,0,0,0,0,2.6027,53,34,0,0,"SELECT COUNT(*) AS days_traded, SUM(n_quotes) AS total_quotes, MIN(bp_min) AS lowest_bid, MAX(bp_max) AS highest_bid, MIN(ap_min) AS lowest_ask, MAX(ap_max) AS highest_ask, SUM(spread_sum) / SUM(n_quotes) AS avg_spread, SUM(bs_sum) AS total_bid_volum"
28636242,2026-08-13 19:24:15.302998,0.428629,28636242,,0,0,254,0,0,0,0,0.3367,91,32,0,0,"SELECT sym, COUNT(*) AS days_traded, SUM(n_quotes) AS total_quotes, MIN(bp_min) AS lowest_bid, MAX(bp_max) AS highest_bid, SUM(spread_sum) / SUM(n_quotes) AS avg_spread FROM quotes_daily WHERE sym IN ('AAPL', 'MSFT', 'GOOGL', 'AMZN', 'TSLA', 'META', "
28636242,2026-08-13 19:24:15.302998,0.428629,28636242,quotes_shared.public.mv_tbl__quotes_daily__0,1,1586771,1072,0,0,0,0,0.3319,41,92,0,0,"SELECT sym, COUNT(*) AS days_traded, SUM(n_quotes) AS total_quotes, MIN(bp_min) AS lowest_bid, MAX(bp_max) AS highest_bid, SUM(spread_sum) / SUM(n_quotes) AS avg_spread FROM quotes_daily WHERE sym IN ('AAPL', 'MSFT', 'GOOGL', 'AMZN', 'TSLA', 'META', "
28636249,2026-08-13 19:24:16.546652,0.098292,28636249,,0,0,366287,0,0,0,0,0.0148,13,67,0,0,"SELECT sym, pct_range FROM ( SELECT sym, (MAX(bp_max) - MIN(bp_min)) / MIN(bp_min) * 100 AS pct_range FROM quotes_daily GROUP BY sym ) t ORDER BY ABS(pct_range) DESC LIMIT 20"
28636249,2026-08-13 19:24:16.546652,0.098292,28636249,quotes_shared.public.mv_tbl__quotes_daily__0,1,1586771,1543127,0,0,0,0,0.0084,25,28,0,0,"SELECT sym, pct_range FROM ( SELECT sym, (MAX(bp_max) - MIN(bp_min)) / MIN(bp_min) * 100 AS pct_range FROM quotes_daily GROUP BY sym ) t ORDER BY ABS(pct_range) DESC LIMIT 20"
28636256,2026-08-13 19:24:17.283589,0.502574,28636256,,0,0,5322,0,0,0,0,0.4159,44,28,0,0,"SELECT day, SUM(n_quotes) AS total_quotes, SUM(bs_sum) + SUM(as_sum) AS total_volume, SUM(spread_sum) / SUM(n_quotes) AS avg_spread FROM quotes_daily GROUP BY day ORDER BY day"
28636256,2026-08-13 19:24:17.283589,0.502574,28636256,quotes_shared.public.mv_tbl__quotes_daily__0,1,1586771,1543127,0,0,0,0,0.4115,39,38,0,0,"SELECT day, SUM(n_quotes) AS total_quotes, SUM(bs_sum) + SUM(as_sum) AS total_volume, SUM(spread_sum) / SUM(n_quotes) AS avg_spread FROM quotes_daily GROUP BY day ORDER BY day"
28839301,2026-08-13 19:34:07.174319,3.740197,28839301,,0,0,65,0,0,0,0,0.0033,0,30,0,0,"SELECT COALESCE(SUM(n_quotes), 0) FROM quotes_daily"
28839301,2026-08-13 19:34:07.174319,3.740197,28839301,quotes_shared.public.mv_tbl__quotes_daily__0,1,1602846,1554520,0,0,0,0,1.0517,45,31,0,0,"SELECT COALESCE(SUM(n_quotes), 0) FROM quotes_daily"
28839304,2026-08-13 19:34:10.916341,0.089513,28839304,,0,0,65,0,0,0,0,0.0036,0,24,0,0,SELECT COUNT(*) FROM quotes_daily
28839304,2026-08-13 19:34:10.916341,0.089513,28839304,quotes_shared.public.mv_tbl__quotes_daily__0,1,1602599,1554520,0,0,0,0,0.0024,75,43,0,0,SELECT COUNT(*) FROM quotes_daily
28839307,2026-08-13 19:34:11.007715,2.666058,28839307,,0,0,65,0,0,0,0,0.0025,0,25,0,0,"SELECT COUNT(*) AS days_traded, SUM(n_quotes) AS total_quotes, MIN(bp_min) AS lowest_bid, MAX(bp_max) AS highest_bid, MIN(ap_min) AS lowest_ask, MAX(ap_max) AS highest_ask, SUM(spread_sum) / SUM(n_quotes) AS avg_spread, SUM(bs_sum) AS total_bid_volum"
28839307,2026-08-13 19:34:11.007715,2.666058,28839307,quotes_shared.public.mv_tbl__quotes_daily__0,1,1602799,135,0,0,0,0,2.5698,53,32,0,0,"SELECT COUNT(*) AS days_traded, SUM(n_quotes) AS total_quotes, MIN(bp_min) AS lowest_bid, MAX(bp_max) AS highest_bid, MIN(ap_min) AS lowest_ask, MAX(ap_max) AS highest_ask, SUM(spread_sum) / SUM(n_quotes) AS avg_spread, SUM(bs_sum) AS total_bid_volum"
28839314,2026-08-13 19:34:14.673385,0.421619,28839314,,0,0,256,0,0,0,0,0.3280,91,29,0,0,"SELECT sym, COUNT(*) AS days_traded, SUM(n_quotes) AS total_quotes, MIN(bp_min) AS lowest_bid, MAX(bp_max) AS highest_bid, SUM(spread_sum) / SUM(n_quotes) AS avg_spread FROM quotes_daily WHERE sym IN ('AAPL', 'MSFT', 'GOOGL', 'AMZN', 'TSLA', 'META', "
28839314,2026-08-13 19:34:14.673385,0.421619,28839314,quotes_shared.public.mv_tbl__quotes_daily__0,1,1602846,1080,0,0,0,0,0.3231,39,92,0,0,"SELECT sym, COUNT(*) AS days_traded, SUM(n_quotes) AS total_quotes, MIN(bp_min) AS lowest_bid, MAX(bp_max) AS highest_bid, SUM(spread_sum) / SUM(n_quotes) AS avg_spread FROM quotes_daily WHERE sym IN ('AAPL', 'MSFT', 'GOOGL', 'AMZN', 'TSLA', 'META', "
28839321,2026-08-13 19:34:15.779835,0.097153,28839321,,0,0,366678,0,0,0,0,0.0133,13,41,0,0,"SELECT sym, pct_range FROM ( SELECT sym, (MAX(bp_max) - MIN(bp_min)) / MIN(bp_min) * 100 AS pct_range FROM quotes_daily GROUP BY sym ) t ORDER BY ABS(pct_range) DESC LIMIT 20"
28839321,2026-08-13 19:34:15.779835,0.097153,28839321,quotes_shared.public.mv_tbl__quotes_daily__0,1,1602846,1554520,0,0,0,0,0.0091,23,31,0,0,"SELECT sym, pct_range FROM ( SELECT sym, (MAX(bp_max) - MIN(bp_min)) / MIN(bp_min) * 100 AS pct_range FROM quotes_daily GROUP BY sym ) t ORDER BY ABS(pct_range) DESC LIMIT 20"
28839328,2026-08-13 19:34:16.554783,0.562096,28839328,,0,0,5363,0,0,0,0,0.4808,43,23,0,0,"SELECT day, SUM(n_quotes) AS total_quotes, SUM(bs_sum) + SUM(as_sum) AS total_volume, SUM(spread_sum) / SUM(n_quotes) AS avg_spread FROM quotes_daily GROUP BY day ORDER BY day"
28839328,2026-08-13 19:34:16.554783,0.562096,28839328,quotes_shared.public.mv_tbl__quotes_daily__0,1,1602846,1554520,0,0,0,0,0.4760,40,48,0,0,"SELECT day, SUM(n_quotes) AS total_quotes, SUM(bs_sum) + SUM(as_sum) AS total_volume, SUM(spread_sum) / SUM(n_quotes) AS avg_spread FROM quotes_daily GROUP BY day ORDER BY day"
29042373,2026-08-13 19:44:08.505452,3.4282,29042373,,0,0,65,0,0,0,0,0.0031,0,34,0,0,"SELECT COALESCE(SUM(n_quotes), 0) FROM quotes_daily"
29042373,2026-08-13 19:44:08.505452,3.4282,29042373,quotes_shared.public.mv_tbl__quotes_daily__0,1,1599467,1565990,0,0,0,0,0.8895,52,21,0,0,"SELECT COALESCE(SUM(n_quotes), 0) FROM quotes_daily"
29042376,2026-08-13 19:44:11.935595,0.09094,29042376,,0,0,65,0,0,0,0,0.0040,0,43,0,0,SELECT COUNT(*) FROM quotes_daily
29042376,2026-08-13 19:44:11.935595,0.09094,29042376,quotes_shared.public.mv_tbl__quotes_daily__0,1,1599467,1565990,0,0,0,0,0.0025,49,22,0,0,SELECT COUNT(*) FROM quotes_daily
29042379,2026-08-13 19:44:12.028453,2.5191,29042379,,0,0,65,0,0,0,0,0.0025,0,32,0,0,"SELECT COUNT(*) AS days_traded, SUM(n_quotes) AS total_quotes, MIN(bp_min) AS lowest_bid, MAX(bp_max) AS highest_bid, MIN(ap_min) AS lowest_ask, MAX(ap_max) AS highest_ask, SUM(spread_sum) / SUM(n_quotes) AS avg_spread, SUM(bs_sum) AS total_bid_volum"
29042379,2026-08-13 19:44:12.028453,2.5191,29042379,quotes_shared.public.mv_tbl__quotes_daily__0,1,1599420,136,0,0,0,0,2.4150,57,27,0,0,"SELECT COUNT(*) AS days_traded, SUM(n_quotes) AS total_quotes, MIN(bp_min) AS lowest_bid, MAX(bp_max) AS highest_bid, MIN(ap_min) AS lowest_ask, MAX(ap_max) AS highest_ask, SUM(spread_sum) / SUM(n_quotes) AS avg_spread, SUM(bs_sum) AS total_bid_volum"
29042386,2026-08-13 19:44:15.461903,0.427415,29042386,,0,0,261,0,0,0,0,0.3353,91,16,0,0,"SELECT sym, COUNT(*) AS days_traded, SUM(n_quotes) AS total_quotes, MIN(bp_min) AS lowest_bid, MAX(bp_max) AS highest_bid, SUM(spread_sum) / SUM(n_quotes) AS avg_spread FROM quotes_daily WHERE sym IN ('AAPL', 'MSFT', 'GOOGL', 'AMZN', 'TSLA', 'META', "
29042386,2026-08-13 19:44:15.461903,0.427415,29042386,quotes_shared.public.mv_tbl__quotes_daily__0,1,1599467,1088,0,0,0,0,0.3309,46,93,0,0,"SELECT sym, COUNT(*) AS days_traded, SUM(n_quotes) AS total_quotes, MIN(bp_min) AS lowest_bid, MAX(bp_max) AS highest_bid, SUM(spread_sum) / SUM(n_quotes) AS avg_spread FROM quotes_daily WHERE sym IN ('AAPL', 'MSFT', 'GOOGL', 'AMZN', 'TSLA', 'META', "
29042393,2026-08-13 19:44:16.586925,0.097545,29042393,,0,0,367789,0,0,0,0,0.0115,13,24,0,0,"SELECT sym, pct_range FROM ( SELECT sym, (MAX(bp_max) - MIN(bp_min)) / MIN(bp_min) * 100 AS pct_range FROM quotes_daily GROUP BY sym ) t ORDER BY ABS(pct_range) DESC LIMIT 20"
29042393,2026-08-13 19:44:16.586925,0.097545,29042393,quotes_shared.public.mv_tbl__quotes_daily__0,1,1599467,1565990,0,0,0,0,0.0075,25,28,0,0,"SELECT sym, pct_range FROM ( SELECT sym, (MAX(bp_max) - MIN(bp_min)) / MIN(bp_min) * 100 AS pct_range FROM quotes_daily GROUP BY sym ) t ORDER BY ABS(pct_range) DESC LIMIT 20"
29042401,2026-08-13 19:44:17.343831,0.483347,29042401,,0,0,5377,0,0,0,0,0.4005,43,33,0,0,"SELECT day, SUM(n_quotes) AS total_quotes, SUM(bs_sum) + SUM(as_sum) AS total_volume, SUM(spread_sum) / SUM(n_quotes) AS avg_spread FROM quotes_daily GROUP BY day ORDER BY day"
29042401,2026-08-13 19:44:17.343831,0.483347,29042401,quotes_shared.public.mv_tbl__quotes_daily__0,1,1599467,1565990,0,0,0,0,0.3962,49,32,0,0,"SELECT day, SUM(n_quotes) AS total_quotes, SUM(bs_sum) + SUM(as_sum) AS total_volume, SUM(spread_sum) / SUM(n_quotes) AS avg_spread FROM quotes_daily GROUP BY day ORDER BY day"
29245446,2026-08-13 19:54:08.048379,3.349084,29245446,,0,0,65,0,0,0,0,0.0109,0,29,0,0,"SELECT COALESCE(SUM(n_quotes), 0) FROM quotes_daily"
29245446,2026-08-13 19:54:08.048379,3.349084,29245446,quotes_shared.public.mv_tbl__quotes_daily__0,1,1641875,1581835,0,0,0,0,0.6960,52,20,0,0,"SELECT COALESCE(SUM(n_quotes), 0) FROM quotes_daily"
29245445,2026-08-13 19:54:08.048526,3.348933,29245445,,0,0,65,0,0,0,0,0.0106,0,30,0,0,"SELECT COALESCE(SUM(n_quotes), 0) FROM quotes_daily"
29245445,2026-08-13 19:54:08.048526,3.348933,29245445,quotes_shared.public.mv_tbl__quotes_daily__0,1,1641875,1581835,0,0,0,0,0.5951,48,23,0,0,"SELECT COALESCE(SUM(n_quotes), 0) FROM quotes_daily"
29245452,2026-08-13 19:54:11.399318,0.107006,29245452,,0,0,65,0,0,0,0,0.0034,0,74,0,0,SELECT COUNT(*) FROM quotes_daily
29245452,2026-08-13 19:54:11.399318,0.107006,29245452,quotes_shared.public.mv_tbl__quotes_daily__0,1,1641609,1581835,0,0,0,0,0.0038,53,36,0,0,SELECT COUNT(*) FROM quotes_daily
29245451,2026-08-13 19:54:11.399349,0.105516,29245451,,0,0,65,0,0,0,0,0.0027,0,26,0,0,SELECT COUNT(*) FROM quotes_daily
29245451,2026-08-13 19:54:11.399349,0.105516,29245451,quotes_shared.public.mv_tbl__quotes_daily__0,1,1641609,1581835,0,0,0,0,0.0030,44,36,0,0,SELECT COUNT(*) FROM quotes_daily
29245460,2026-08-13 19:54:11.506694,111.850088,29245460,,0,0,234624987,0,0,0,0,107.8497,21,25,0,0,"WITH src AS ( SELECT DATE_TRUNC('hour', TIMESTAMP 'epoch' + t / 1000 * INTERVAL '1 second') AS hour, bp, bs, ap, t FROM quotes_typed WHERE sym = 'AAPL' ), ranked AS ( SELECT hour, bp, bs, ap, ROW_NUMBER() OVER (PARTITION BY hour ORDER BY t ASC) AS rn"
29245460,2026-08-13 19:54:11.506694,111.850088,29245460,quotes_shared.public.mv_tbl__quotes_typed__0,1,10846516808,78208329,0,0,0,0,107.4105,18,3,0,0,"WITH src AS ( SELECT DATE_TRUNC('hour', TIMESTAMP 'epoch' + t / 1000 * INTERVAL '1 second') AS hour, bp, bs, ap, t FROM quotes_typed WHERE sym = 'AAPL' ), ranked AS ( SELECT hour, bp, bs, ap, ROW_NUMBER() OVER (PARTITION BY hour ORDER BY t ASC) AS rn"
29245457,2026-08-13 19:54:11.508120,5.948091,29245457,,0,0,65,0,0,0,0,0.0052,0,45,0,0,"SELECT COUNT(*) AS days_traded, SUM(n_quotes) AS total_quotes, MIN(bp_min) AS lowest_bid, MAX(bp_max) AS highest_bid, MIN(ap_min) AS lowest_ask, MAX(ap_max) AS highest_ask, SUM(spread_sum) / SUM(n_quotes) AS avg_spread, SUM(bs_sum) AS total_bid_volum"
29245457,2026-08-13 19:54:11.508120,5.948091,29245457,quotes_shared.public.mv_tbl__quotes_daily__0,1,1641828,137,0,0,0,0,5.8418,71,16,0,0,"SELECT COUNT(*) AS days_traded, SUM(n_quotes) AS total_quotes, MIN(bp_min) AS lowest_bid, MAX(bp_max) AS highest_bid, MIN(ap_min) AS lowest_ask, MAX(ap_max) AS highest_ask, SUM(spread_sum) / SUM(n_quotes) AS avg_spread, SUM(bs_sum) AS total_bid_volum"
29245470,2026-08-13 19:54:18.489489,0.407537,29245470,,0,0,258,0,0,0,0,0.3119,91,64,0,0,"SELECT sym, COUNT(*) AS days_traded, SUM(n_quotes) AS total_quotes, MIN(bp_min) AS lowest_bid, MAX(bp_max) AS highest_bid, SUM(spread_sum) / SUM(n_quotes) AS avg_spread FROM quotes_daily WHERE sym IN ('AAPL', 'MSFT', 'GOOGL', 'AMZN', 'TSLA', 'META', "
29245470,2026-08-13 19:54:18.489489,0.407537,29245470,quotes_shared.public.mv_tbl__quotes_daily__0,1,1641875,1096,0,0,0,0,0.3041,51,92,0,0,"SELECT sym, COUNT(*) AS days_traded, SUM(n_quotes) AS total_quotes, MIN(bp_min) AS lowest_bid, MAX(bp_max) AS highest_bid, SUM(spread_sum) / SUM(n_quotes) AS avg_spread FROM quotes_daily WHERE sym IN ('AAPL', 'MSFT', 'GOOGL', 'AMZN', 'TSLA', 'META', "
29245477,2026-08-13 19:54:19.563401,0.106931,29245477,,0,0,368573,0,0,0,0,0.0170,13,37,0,0,"SELECT sym, pct_range FROM ( SELECT sym, (MAX(bp_max) - MIN(bp_min)) / MIN(bp_min) * 100 AS pct_range FROM quotes_daily GROUP BY sym ) t ORDER BY ABS(pct_range) DESC LIMIT 20"
29245477,2026-08-13 19:54:19.563401,0.106931,29245477,quotes_shared.public.mv_tbl__quotes_daily__0,1,1641875,1581835,0,0,0,0,0.0071,22,20,0,0,"SELECT sym, pct_range FROM ( SELECT sym, (MAX(bp_max) - MIN(bp_min)) / MIN(bp_min) * 100 AS pct_range FROM quotes_daily GROUP BY sym ) t ORDER BY ABS(pct_range) DESC LIMIT 20"
29245484,2026-08-13 19:54:20.351260,0.510732,29245484,,0,0,5444,0,0,0,0,0.4280,42,29,0,0,"SELECT day, SUM(n_quotes) AS total_quotes, SUM(bs_sum) + SUM(as_sum) AS total_volume, SUM(spread_sum) / SUM(n_quotes) AS avg_spread FROM quotes_daily GROUP BY day ORDER BY day"
29245484,2026-08-13 19:54:20.351260,0.510732,29245484,quotes_shared.public.mv_tbl__quotes_daily__0,1,1641875,1581835,0,0,0,0,0.4221,47,53,0,0,"SELECT day, SUM(n_quotes) AS total_quotes, SUM(bs_sum) + SUM(as_sum) AS total_volume, SUM(spread_sum) / SUM(n_quotes) AS avg_spread FROM quotes_daily GROUP BY day ORDER BY day"
29245551,2026-08-13 19:56:05.629505,250.06518,29245551,,0,0,97,0,0,0,0,0.0848,0,25,0,0,"WITH s AS ( SELECT (ap - bp) AS spread, (bp + ap) / 2.0 AS mid, bs AS bs, ""as"" AS az FROM quotes_typed WHERE sym = 'AAPL' ), agg AS ( SELECT COUNT(*)::float8 AS n, SUM(spread) AS s1, SUM(POWER(spread, 2)) AS s2, SUM(POWER(spread, 3)) AS s3, SUM(POWER"
29245551,2026-08-13 19:56:05.629505,250.06518,29245551,quotes_shared.public.mv_tbl__quotes_typed__0,1,10895017213,78273379,0,0,0,0,247.6955,27,9,0,0,"WITH s AS ( SELECT (ap - bp) AS spread, (bp + ap) / 2.0 AS mid, bs AS bs, ""as"" AS az FROM quotes_typed WHERE sym = 'AAPL' ), agg AS ( SELECT COUNT(*)::float8 AS n, SUM(spread) AS s1, SUM(POWER(spread, 2)) AS s2, SUM(POWER(spread, 3)) AS s3, SUM(POWER"
29245671,2026-08-13 20:00:16.365798,110.796395,29245671,,0,0,235298196,0,0,0,0,104.9807,22,36,0,0,"WITH src AS ( SELECT DATE_TRUNC('hour', TIMESTAMP 'epoch' + payload.t::bigint / 1000 * INTERVAL '1 second') AS hour, payload.bp::float8 AS bp, payload.bs::bigint AS bs, payload.ap::float8 AS ap, payload.t::bigint AS t FROM quotes_streamed WHERE sym ="
29245671,2026-08-13 20:00:16.365798,110.796395,29245671,quotes_shared.public.mv_tbl__quotes_streamed__0,1,22752343153,78432732,0,0,0,0,104.1924,10,0,0,0,"WITH src AS ( SELECT DATE_TRUNC('hour', TIMESTAMP 'epoch' + payload.t::bigint / 1000 * INTERVAL '1 second') AS hour, payload.bp::float8 AS bp, payload.bs::bigint AS bs, payload.ap::float8 AS ap, payload.t::bigint AS t FROM quotes_streamed WHERE sym ="
29245730,2026-08-13 20:02:07.882943,54.73654,29245730,,0,0,97,0,0,0,0,0.0566,0,26,0,0,"WITH s AS ( SELECT (payload.ap::float8 - payload.bp::float8) AS spread, (payload.bp::float8 + payload.ap::float8) / 2.0 AS mid, payload.bs::bigint AS bs, payload.""as""::bigint AS az FROM quotes_streamed WHERE sym = 'AAPL' ), agg AS ( SELECT COUNT(*)::"
29245730,2026-08-13 20:02:07.882943,54.73654,29245730,quotes_shared.public.mv_tbl__quotes_streamed__0,1,22864842304,78484510,0,0,0,0,51.0296,6,2,0,0,"WITH s AS ( SELECT (payload.ap::float8 - payload.bp::float8) AS spread, (payload.bp::float8 + payload.ap::float8) / 2.0 AS mid, payload.bs::bigint AS bs, payload.""as""::bigint AS az FROM quotes_streamed WHERE sym = 'AAPL' ), agg AS ( SELECT COUNT(*)::"
29245790,2026-08-13 20:03:56.846775,2.542655,29245790,,0,0,65,0,0,0,0,0.0022,0,21,0,0,"SELECT COALESCE(SUM(n_quotes), 0) FROM quotes_daily"
29245790,2026-08-13 20:03:56.846775,2.542655,29245790,quotes_shared.public.mv_tbl__quotes_daily__0,1,1639477,1593359,0,0,0,0,0.6287,38,14,0,0,"SELECT COALESCE(SUM(n_quotes), 0) FROM quotes_daily"
29245794,2026-08-13 20:03:59.391004,0.068015,29245794,,0,0,65,0,0,0,0,0.0022,0,28,0,0,SELECT COUNT(*) FROM quotes_daily
29245794,2026-08-13 20:03:59.391004,0.068015,29245794,quotes_shared.public.mv_tbl__quotes_daily__0,1,1639477,1593359,0,0,0,0,0.0013,39,12,0,0,SELECT COUNT(*) FROM quotes_daily
29245797,2026-08-13 20:03:59.460569,1.584309,29245797,,0,0,65,0,0,0,0,0.0020,0,27,0,0,"SELECT COUNT(*) AS days_traded, SUM(n_quotes) AS total_quotes, MIN(bp_min) AS lowest_bid, MAX(bp_max) AS highest_bid, MIN(ap_min) AS lowest_ask, MAX(ap_max) AS highest_ask, SUM(spread_sum) / SUM(n_quotes) AS avg_spread, SUM(bs_sum) AS total_bid_volum"
29245797,2026-08-13 20:03:59.460569,1.584309,29245797,quotes_shared.public.mv_tbl__quotes_daily__0,1,1639430,138,0,0,0,0,1.5090,60,10,0,0,"SELECT COUNT(*) AS days_traded, SUM(n_quotes) AS total_quotes, MIN(bp_min) AS lowest_bid, MAX(bp_max) AS highest_bid, MIN(ap_min) AS lowest_ask, MAX(ap_max) AS highest_ask, SUM(spread_sum) / SUM(n_quotes) AS avg_spread, SUM(bs_sum) AS total_bid_volum"
29245806,2026-08-13 20:04:03.297474,0.090973,29245806,,0,0,263,0,0,0,0,0.0071,91,18,0,0,"SELECT sym, COUNT(*) AS days_traded, SUM(n_quotes) AS total_quotes, MIN(bp_min) AS lowest_bid, MAX(bp_max) AS highest_bid, SUM(spread_sum) / SUM(n_quotes) AS avg_spread FROM quotes_daily WHERE sym IN ('AAPL', 'MSFT', 'GOOGL', 'AMZN', 'TSLA', 'META', "
29245806,2026-08-13 20:04:03.297474,0.090973,29245806,quotes_shared.public.mv_tbl__quotes_daily__0,1,1639477,1104,0,0,0,0,0.0042,40,10,0,0,"SELECT sym, COUNT(*) AS days_traded, SUM(n_quotes) AS total_quotes, MIN(bp_min) AS lowest_bid, MAX(bp_max) AS highest_bid, SUM(spread_sum) / SUM(n_quotes) AS avg_spread FROM quotes_daily WHERE sym IN ('AAPL', 'MSFT', 'GOOGL', 'AMZN', 'TSLA', 'META', "
29245813,2026-08-13 20:04:04.081710,0.088142,29245813,,0,0,370081,0,0,0,0,0.0088,13,30,0,0,"SELECT sym, pct_range FROM ( SELECT sym, (MAX(bp_max) - MIN(bp_min)) / MIN(bp_min) * 100 AS pct_range FROM quotes_daily GROUP BY sym ) t ORDER BY ABS(pct_range) DESC LIMIT 20"
29245813,2026-08-13 20:04:04.081710,0.088142,29245813,quotes_shared.public.mv_tbl__quotes_daily__0,1,1639477,1593359,0,0,0,0,0.0062,14,29,0,0,"SELECT sym, pct_range FROM ( SELECT sym, (MAX(bp_max) - MIN(bp_min)) / MIN(bp_min) * 100 AS pct_range FROM quotes_daily GROUP BY sym ) t ORDER BY ABS(pct_range) DESC LIMIT 20"
29245821,2026-08-13 20:04:04.816506,0.331939,29245821,,0,0,5486,0,0,0,0,0.2551,42,17,0,0,"SELECT day, SUM(n_quotes) AS total_quotes, SUM(bs_sum) + SUM(as_sum) AS total_volume, SUM(spread_sum) / SUM(n_quotes) AS avg_spread FROM quotes_daily GROUP BY day ORDER BY day"
29245821,2026-08-13 20:04:04.816506,0.331939,29245821,quotes_shared.public.mv_tbl__quotes_daily__0,1,1639477,1593359,0,0,0,0,0.2520,37,30,0,0,"SELECT day, SUM(n_quotes) AS total_quotes, SUM(bs_sum) + SUM(as_sum) AS total_volume, SUM(spread_sum) / SUM(n_quotes) AS avg_spread FROM quotes_daily GROUP BY day ORDER BY day"
29448517,2026-08-13 20:14:07.792053,3.745799,29448517,,0,0,65,0,0,0,0,0.0037,0,27,0,0,"SELECT COALESCE(SUM(n_quotes), 0) FROM quotes_daily"
29448517,2026-08-13 20:14:07.792053,3.745799,29448517,quotes_shared.public.mv_tbl__quotes_daily__0,1,1650208,1602122,0,0,0,0,1.0167,48,35,0,0,"SELECT COALESCE(SUM(n_quotes), 0) FROM quotes_daily"
29448520,2026-08-13 20:14:11.539809,0.089616,29448520,,0,0,65,0,0,0,0,0.0029,0,22,0,0,SELECT COUNT(*) FROM quotes_daily
29448520,2026-08-13 20:14:11.539809,0.089616,29448520,quotes_shared.public.mv_tbl__quotes_daily__0,1,1649410,1602122,0,0,0,0,0.0020,53,31,0,0,SELECT COUNT(*) FROM quotes_daily
29448523,2026-08-13 20:14:11.631370,2.873156,29448523,,0,0,65,0,0,0,0,0.0028,0,36,0,0,"SELECT COUNT(*) AS days_traded, SUM(n_quotes) AS total_quotes, MIN(bp_min) AS lowest_bid, MAX(bp_max) AS highest_bid, MIN(ap_min) AS lowest_ask, MAX(ap_max) AS highest_ask, SUM(spread_sum) / SUM(n_quotes) AS avg_spread, SUM(bs_sum) AS total_bid_volum"
29448523,2026-08-13 20:14:11.631370,2.873156,29448523,quotes_shared.public.mv_tbl__quotes_daily__0,1,1650130,139,0,0,0,0,2.7722,60,38,0,0,"SELECT COUNT(*) AS days_traded, SUM(n_quotes) AS total_quotes, MIN(bp_min) AS lowest_bid, MAX(bp_max) AS highest_bid, MIN(ap_min) AS lowest_ask, MAX(ap_max) AS highest_ask, SUM(spread_sum) / SUM(n_quotes) AS avg_spread, SUM(bs_sum) AS total_bid_volum"
29448530,2026-08-13 20:14:15.403483,0.486602,29448530,,0,0,262,0,0,0,0,0.3907,91,23,0,0,"SELECT sym, COUNT(*) AS days_traded, SUM(n_quotes) AS total_quotes, MIN(bp_min) AS lowest_bid, MAX(bp_max) AS highest_bid, SUM(spread_sum) / SUM(n_quotes) AS avg_spread FROM quotes_daily WHERE sym IN ('AAPL', 'MSFT', 'GOOGL', 'AMZN', 'TSLA', 'META', "
29448530,2026-08-13 20:14:15.403483,0.486602,29448530,quotes_shared.public.mv_tbl__quotes_daily__0,1,1650208,1112,0,0,0,0,0.3862,44,93,0,0,"SELECT sym, COUNT(*) AS days_traded, SUM(n_quotes) AS total_quotes, MIN(bp_min) AS lowest_bid, MAX(bp_max) AS highest_bid, SUM(spread_sum) / SUM(n_quotes) AS avg_spread FROM quotes_daily WHERE sym IN ('AAPL', 'MSFT', 'GOOGL', 'AMZN', 'TSLA', 'META', "
29448537,2026-08-13 20:14:16.538087,0.100573,29448537,,0,0,369567,0,0,0,0,0.0155,13,31,0,0,"SELECT sym, pct_range FROM ( SELECT sym, (MAX(bp_max) - MIN(bp_min)) / MIN(bp_min) * 100 AS pct_range FROM quotes_daily GROUP BY sym ) t ORDER BY ABS(pct_range) DESC LIMIT 20"
29448537,2026-08-13 20:14:16.538087,0.100573,29448537,quotes_shared.public.mv_tbl__quotes_daily__0,1,1650208,1602122,0,0,0,0,0.0108,26,35,0,0,"SELECT sym, pct_range FROM ( SELECT sym, (MAX(bp_max) - MIN(bp_min)) / MIN(bp_min) * 100 AS pct_range FROM quotes_daily GROUP BY sym ) t ORDER BY ABS(pct_range) DESC LIMIT 20"
29448544,2026-08-13 20:14:17.276210,0.56384,29448544,,0,0,5521,0,0,0,0,0.4811,41,21,0,0,"SELECT day, SUM(n_quotes) AS total_quotes, SUM(bs_sum) + SUM(as_sum) AS total_volume, SUM(spread_sum) / SUM(n_quotes) AS avg_spread FROM quotes_daily GROUP BY day ORDER BY day"
29448544,2026-08-13 20:14:17.276210,0.56384,29448544,quotes_shared.public.mv_tbl__quotes_daily__0,1,1650208,1602122,0,0,0,0,0.4776,36,50,0,0,"SELECT day, SUM(n_quotes) AS total_quotes, SUM(bs_sum) + SUM(as_sum) AS total_volume, SUM(spread_sum) / SUM(n_quotes) AS avg_spread FROM quotes_daily GROUP BY day ORDER BY day"
29651589,2026-08-13 20:24:07.731671,3.781806,29651589,,0,0,65,0,0,0,0,0.0071,0,30,0,0,"SELECT COALESCE(SUM(n_quotes), 0) FROM quotes_daily"
29651589,2026-08-13 20:24:07.731671,3.781806,29651589,quotes_shared.public.mv_tbl__quotes_daily__0,1,1651878,1605025,0,0,0,0,1.0108,49,26,0,0,"SELECT COALESCE(SUM(n_quotes), 0) FROM quotes_daily"
29651592,2026-08-13 20:24:11.515415,0.104584,29651592,,0,0,65,0,0,0,0,0.0062,0,27,0,0,SELECT COUNT(*) FROM quotes_daily
29651592,2026-08-13 20:24:11.515415,0.104584,29651592,quotes_shared.public.mv_tbl__quotes_daily__0,1,1651566,1605025,0,0,0,0,0.0077,39,29,0,0,SELECT COUNT(*) FROM quotes_daily
29651595,2026-08-13 20:24:11.621850,2.980956,29651595,,0,0,65,0,0,0,0,0.0115,0,35,0,0,"SELECT COUNT(*) AS days_traded, SUM(n_quotes) AS total_quotes, MIN(bp_min) AS lowest_bid, MAX(bp_max) AS highest_bid, MIN(ap_min) AS lowest_ask, MAX(ap_max) AS highest_ask, SUM(spread_sum) / SUM(n_quotes) AS avg_spread, SUM(bs_sum) AS total_bid_volum"
29651595,2026-08-13 20:24:11.621850,2.980956,29651595,quotes_shared.public.mv_tbl__quotes_daily__0,1,1651831,139,0,0,0,0,2.8756,60,30,0,0,"SELECT COUNT(*) AS days_traded, SUM(n_quotes) AS total_quotes, MIN(bp_min) AS lowest_bid, MAX(bp_max) AS highest_bid, MIN(ap_min) AS lowest_ask, MAX(ap_max) AS highest_ask, SUM(spread_sum) / SUM(n_quotes) AS avg_spread, SUM(bs_sum) AS total_bid_volum"
29651602,2026-08-13 20:24:15.558395,0.41132,29651602,,0,0,259,0,0,0,0,0.3139,91,24,0,0,"SELECT sym, COUNT(*) AS days_traded, SUM(n_quotes) AS total_quotes, MIN(bp_min) AS lowest_bid, MAX(bp_max) AS highest_bid, SUM(spread_sum) / SUM(n_quotes) AS avg_spread FROM quotes_daily WHERE sym IN ('AAPL', 'MSFT', 'GOOGL', 'AMZN', 'TSLA', 'META', "
29651602,2026-08-13 20:24:15.558395,0.41132,29651602,quotes_shared.public.mv_tbl__quotes_daily__0,1,1651878,1112,0,0,0,0,0.3083,39,92,0,0,"SELECT sym, COUNT(*) AS days_traded, SUM(n_quotes) AS total_quotes, MIN(bp_min) AS lowest_bid, MAX(bp_max) AS highest_bid, SUM(spread_sum) / SUM(n_quotes) AS avg_spread FROM quotes_daily WHERE sym IN ('AAPL', 'MSFT', 'GOOGL', 'AMZN', 'TSLA', 'META', "
29651609,2026-08-13 20:24:16.638852,0.100717,29651609,,0,0,370409,0,0,0,0,0.0144,13,30,0,0,"SELECT sym, pct_range FROM ( SELECT sym, (MAX(bp_max) - MIN(bp_min)) / MIN(bp_min) * 100 AS pct_range FROM quotes_daily GROUP BY sym ) t ORDER BY ABS(pct_range) DESC LIMIT 20"
29651609,2026-08-13 20:24:16.638852,0.100717,29651609,quotes_shared.public.mv_tbl__quotes_daily__0,1,1651878,1605025,0,0,0,0,0.0082,23,22,0,0,"SELECT sym, pct_range FROM ( SELECT sym, (MAX(bp_max) - MIN(bp_min)) / MIN(bp_min) * 100 AS pct_range FROM quotes_daily GROUP BY sym ) t ORDER BY ABS(pct_range) DESC LIMIT 20"
29651617,2026-08-13 20:24:17.387698,0.53703,29651617,,0,0,5515,0,0,0,0,0.4514,41,27,0,0,"SELECT day, SUM(n_quotes) AS total_quotes, SUM(bs_sum) + SUM(as_sum) AS total_volume, SUM(spread_sum) / SUM(n_quotes) AS avg_spread FROM quotes_daily GROUP BY day ORDER BY day"
29651617,2026-08-13 20:24:17.387698,0.53703,29651617,quotes_shared.public.mv_tbl__quotes_daily__0,1,1651878,1605025,0,0,0,0,0.4473,40,38,0,0,"SELECT day, SUM(n_quotes) AS total_quotes, SUM(bs_sum) + SUM(as_sum) AS total_volume, SUM(spread_sum) / SUM(n_quotes) AS avg_spread FROM quotes_daily GROUP BY day ORDER BY day"
29854661,2026-08-13 20:34:07.973287,3.824231,29854661,,0,0,65,0,0,0,0,0.0117,0,36,0,0,"SELECT COALESCE(SUM(n_quotes), 0) FROM quotes_daily"
29854661,2026-08-13 20:34:07.973287,3.824231,29854661,quotes_shared.public.mv_tbl__quotes_daily__0,1,1660783,1616707,0,0,0,0,1.1187,28,30,0,0,"SELECT COALESCE(SUM(n_quotes), 0) FROM quotes_daily"
29854664,2026-08-13 20:34:11.799456,0.093954,29854664,,0,0,65,0,0,0,0,0.0065,0,24,0,0,SELECT COUNT(*) FROM quotes_daily
29854664,2026-08-13 20:34:11.799456,0.093954,29854664,quotes_shared.public.mv_tbl__quotes_daily__0,1,1660783,1616707,0,0,0,0,0.0023,56,33,0,0,SELECT COUNT(*) FROM quotes_daily
29854667,2026-08-13 20:34:11.895321,2.856325,29854667,,0,0,65,0,0,0,0,0.0028,0,32,0,0,"SELECT COUNT(*) AS days_traded, SUM(n_quotes) AS total_quotes, MIN(bp_min) AS lowest_bid, MAX(bp_max) AS highest_bid, MIN(ap_min) AS lowest_ask, MAX(ap_max) AS highest_ask, SUM(spread_sum) / SUM(n_quotes) AS avg_spread, SUM(bs_sum) AS total_bid_volum"
29854667,2026-08-13 20:34:11.895321,2.856325,29854667,quotes_shared.public.mv_tbl__quotes_daily__0,1,1660736,140,0,0,0,0,2.7536,60,32,0,0,"SELECT COUNT(*) AS days_traded, SUM(n_quotes) AS total_quotes, MIN(bp_min) AS lowest_bid, MAX(bp_max) AS highest_bid, MIN(ap_min) AS lowest_ask, MAX(ap_max) AS highest_ask, SUM(spread_sum) / SUM(n_quotes) AS avg_spread, SUM(bs_sum) AS total_bid_volum"
29854674,2026-08-13 20:34:15.749668,0.42422,29854674,,0,0,259,0,0,0,0,0.3287,91,23,0,0,"SELECT sym, COUNT(*) AS days_traded, SUM(n_quotes) AS total_quotes, MIN(bp_min) AS lowest_bid, MAX(bp_max) AS highest_bid, SUM(spread_sum) / SUM(n_quotes) AS avg_spread FROM quotes_daily WHERE sym IN ('AAPL', 'MSFT', 'GOOGL', 'AMZN', 'TSLA', 'META', "
29854674,2026-08-13 20:34:15.749668,0.42422,29854674,quotes_shared.public.mv_tbl__quotes_daily__0,1,1660783,1120,0,0,0,0,0.3160,42,92,0,0,"SELECT sym, COUNT(*) AS days_traded, SUM(n_quotes) AS total_quotes, MIN(bp_min) AS lowest_bid, MAX(bp_max) AS highest_bid, SUM(spread_sum) / SUM(n_quotes) AS avg_spread FROM quotes_daily WHERE sym IN ('AAPL', 'MSFT', 'GOOGL', 'AMZN', 'TSLA', 'META', "
29854681,2026-08-13 20:34:16.872931,0.107601,29854681,,0,0,370885,0,0,0,0,0.0141,12,25,0,0,"SELECT sym, pct_range FROM ( SELECT sym, (MAX(bp_max) - MIN(bp_min)) / MIN(bp_min) * 100 AS pct_range FROM quotes_daily GROUP BY sym ) t ORDER BY ABS(pct_range) DESC LIMIT 20"
29854681,2026-08-13 20:34:16.872931,0.107601,29854681,quotes_shared.public.mv_tbl__quotes_daily__0,1,1660783,1616707,0,0,0,0,0.0097,25,27,0,0,"SELECT sym, pct_range FROM ( SELECT sym, (MAX(bp_max) - MIN(bp_min)) / MIN(bp_min) * 100 AS pct_range FROM quotes_daily GROUP BY sym ) t ORDER BY ABS(pct_range) DESC LIMIT 20"
29854689,2026-08-13 20:34:17.675031,0.452569,29854689,,0,0,5556,0,0,0,0,0.3694,41,26,0,0,"SELECT day, SUM(n_quotes) AS total_quotes, SUM(bs_sum) + SUM(as_sum) AS total_volume, SUM(spread_sum) / SUM(n_quotes) AS avg_spread FROM quotes_daily GROUP BY day ORDER BY day"
29854689,2026-08-13 20:34:17.675031,0.452569,29854689,quotes_shared.public.mv_tbl__quotes_daily__0,1,1660783,1616707,0,0,0,0,0.3646,37,27,0,0,"SELECT day, SUM(n_quotes) AS total_quotes, SUM(bs_sum) + SUM(as_sum) AS total_volume, SUM(spread_sum) / SUM(n_quotes) AS avg_spread FROM quotes_daily GROUP BY day ORDER BY day"
30057733,2026-08-13 20:44:08.098986,3.892578,30057733,,0,0,65,0,0,0,0,0.0028,0,27,0,0,"SELECT COALESCE(SUM(n_quotes), 0) FROM quotes_daily"
30057733,2026-08-13 20:44:08.098986,3.892578,30057733,quotes_shared.public.mv_tbl__quotes_daily__0,1,1671330,1628380,0,0,0,0,1.1375,46,28,0,0,"SELECT COALESCE(SUM(n_quotes), 0) FROM quotes_daily"
30057736,2026-08-13 20:44:11.993424,0.103899,30057736,,0,0,65,0,0,0,0,0.0031,0,30,0,0,SELECT COUNT(*) FROM quotes_daily
30057736,2026-08-13 20:44:11.993424,0.103899,30057736,quotes_shared.public.mv_tbl__quotes_daily__0,1,1671330,1628380,0,0,0,0,0.0106,38,19,0,0,SELECT COUNT(*) FROM quotes_daily
30057739,2026-08-13 20:44:12.099160,3.019486,30057739,,0,0,65,0,0,0,0,0.0110,0,28,0,0,"SELECT COUNT(*) AS days_traded, SUM(n_quotes) AS total_quotes, MIN(bp_min) AS lowest_bid, MAX(bp_max) AS highest_bid, MIN(ap_min) AS lowest_ask, MAX(ap_max) AS highest_ask, SUM(spread_sum) / SUM(n_quotes) AS avg_spread, SUM(bs_sum) AS total_bid_volum"
30057739,2026-08-13 20:44:12.099160,3.019486,30057739,quotes_shared.public.mv_tbl__quotes_daily__0,1,1671283,141,0,0,0,0,2.9139,63,33,0,0,"SELECT COUNT(*) AS days_traded, SUM(n_quotes) AS total_quotes, MIN(bp_min) AS lowest_bid, MAX(bp_max) AS highest_bid, MIN(ap_min) AS lowest_ask, MAX(ap_max) AS highest_ask, SUM(spread_sum) / SUM(n_quotes) AS avg_spread, SUM(bs_sum) AS total_bid_volum"
30057746,2026-08-13 20:44:16.012040,0.407322,30057746,,0,0,256,0,0,0,0,0.3174,91,60,0,0,"SELECT sym, COUNT(*) AS days_traded, SUM(n_quotes) AS total_quotes, MIN(bp_min) AS lowest_bid, MAX(bp_max) AS highest_bid, SUM(spread_sum) / SUM(n_quotes) AS avg_spread FROM quotes_daily WHERE sym IN ('AAPL', 'MSFT', 'GOOGL', 'AMZN', 'TSLA', 'META', "
30057746,2026-08-13 20:44:16.012040,0.407322,30057746,quotes_shared.public.mv_tbl__quotes_daily__0,1,1671330,1128,0,0,0,0,0.3127,35,92,0,0,"SELECT sym, COUNT(*) AS days_traded, SUM(n_quotes) AS total_quotes, MIN(bp_min) AS lowest_bid, MAX(bp_max) AS highest_bid, SUM(spread_sum) / SUM(n_quotes) AS avg_spread FROM quotes_daily WHERE sym IN ('AAPL', 'MSFT', 'GOOGL', 'AMZN', 'TSLA', 'META', "
30057753,2026-08-13 20:44:17.073415,0.095608,30057753,,0,0,371466,0,0,0,0,0.0123,12,28,0,0,"SELECT sym, pct_range FROM ( SELECT sym, (MAX(bp_max) - MIN(bp_min)) / MIN(bp_min) * 100 AS pct_range FROM quotes_daily GROUP BY sym ) t ORDER BY ABS(pct_range) DESC LIMIT 20"
30057753,2026-08-13 20:44:17.073415,0.095608,30057753,quotes_shared.public.mv_tbl__quotes_daily__0,1,1671330,1628380,0,0,0,0,0.0083,28,26,0,0,"SELECT sym, pct_range FROM ( SELECT sym, (MAX(bp_max) - MIN(bp_min)) / MIN(bp_min) * 100 AS pct_range FROM quotes_daily GROUP BY sym ) t ORDER BY ABS(pct_range) DESC LIMIT 20"
30057761,2026-08-13 20:44:17.801632,0.443644,30057761,,0,0,5588,0,0,0,0,0.3635,41,24,0,0,"SELECT day, SUM(n_quotes) AS total_quotes, SUM(bs_sum) + SUM(as_sum) AS total_volume, SUM(spread_sum) / SUM(n_quotes) AS avg_spread FROM quotes_daily GROUP BY day ORDER BY day"
30057761,2026-08-13 20:44:17.801632,0.443644,30057761,quotes_shared.public.mv_tbl__quotes_daily__0,1,1671330,1628380,0,0,0,0,0.3601,25,23,0,0,"SELECT day, SUM(n_quotes) AS total_quotes, SUM(bs_sum) + SUM(as_sum) AS total_volume, SUM(spread_sum) / SUM(n_quotes) AS avg_spread FROM quotes_daily GROUP BY day ORDER BY day"
30260808,2026-08-13 20:54:08.483668,3.282182,30260808,,0,0,65,0,0,0,0,0.0074,0,69,0,0,"SELECT COALESCE(SUM(n_quotes), 0) FROM quotes_daily"
30260808,2026-08-13 20:54:08.483668,3.282182,30260808,quotes_shared.public.mv_tbl__quotes_daily__0,1,1703888,1644461,0,0,0,0,0.4615,54,29,0,0,"SELECT COALESCE(SUM(n_quotes), 0) FROM quotes_daily"
30260805,2026-08-13 20:54:08.483796,3.282311,30260805,,0,0,65,0,0,0,0,0.0089,0,72,0,0,"SELECT COALESCE(SUM(n_quotes), 0) FROM quotes_daily"
30260805,2026-08-13 20:54:08.483796,3.282311,30260805,quotes_shared.public.mv_tbl__quotes_daily__0,1,1703888,1644461,0,0,0,0,0.6416,55,20,0,0,"SELECT COALESCE(SUM(n_quotes), 0) FROM quotes_daily"
30260812,2026-08-13 20:54:11.767864,0.097397,30260812,,0,0,65,0,0,0,0,0.0039,0,28,0,0,SELECT COUNT(*) FROM quotes_daily
30260812,2026-08-13 20:54:11.767864,0.097397,30260812,quotes_shared.public.mv_tbl__quotes_daily__0,1,1703811,1644461,0,0,0,0,0.0028,46,19,0,0,SELECT COUNT(*) FROM quotes_daily
30260811,2026-08-13 20:54:11.768029,0.097247,30260811,,0,0,65,0,0,0,0,0.0041,0,46,0,0,SELECT COUNT(*) FROM quotes_daily
30260811,2026-08-13 20:54:11.768029,0.097247,30260811,quotes_shared.public.mv_tbl__quotes_daily__0,1,1703811,1644461,0,0,0,0,0.0027,64,38,0,0,SELECT COUNT(*) FROM quotes_daily
30260817,2026-08-13 20:54:11.866952,5.094155,30260817,,0,0,65,0,0,0,0,0.0039,0,46,0,0,"SELECT COUNT(*) AS days_traded, SUM(n_quotes) AS total_quotes, MIN(bp_min) AS lowest_bid, MAX(bp_max) AS highest_bid, MIN(ap_min) AS lowest_ask, MAX(ap_max) AS highest_ask, SUM(spread_sum) / SUM(n_quotes) AS avg_spread, SUM(bs_sum) AS total_bid_volum"
30260817,2026-08-13 20:54:11.866952,5.094155,30260817,quotes_shared.public.mv_tbl__quotes_daily__0,1,1703841,142,0,0,0,0,5.0014,59,4,0,0,"SELECT COUNT(*) AS days_traded, SUM(n_quotes) AS total_quotes, MIN(bp_min) AS lowest_bid, MAX(bp_max) AS highest_bid, MIN(ap_min) AS lowest_ask, MAX(ap_max) AS highest_ask, SUM(spread_sum) / SUM(n_quotes) AS avg_spread, SUM(bs_sum) AS total_bid_volum"
30260820,2026-08-13 20:54:11.867110,130.982062,30260820,,0,0,240798372,0,0,0,0,127.9566,24,22,0,0,"WITH src AS ( SELECT DATE_TRUNC('hour', TIMESTAMP 'epoch' + t / 1000 * INTERVAL '1 second') AS hour, bp, bs, ap, t FROM quotes_typed WHERE sym = 'AAPL' ), ranked AS ( SELECT hour, bp, bs, ap, ROW_NUMBER() OVER (PARTITION BY hour ORDER BY t ASC) AS rn"
30260820,2026-08-13 20:54:11.867110,130.982062,30260820,quotes_shared.public.mv_tbl__quotes_typed__0,1,12218452603,80266124,0,0,0,0,127.4635,20,1,0,0,"WITH src AS ( SELECT DATE_TRUNC('hour', TIMESTAMP 'epoch' + t / 1000 * INTERVAL '1 second') AS hour, bp, bs, ap, t FROM quotes_typed WHERE sym = 'AAPL' ), ranked AS ( SELECT hour, bp, bs, ap, ROW_NUMBER() OVER (PARTITION BY hour ORDER BY t ASC) AS rn"
30260832,2026-08-13 20:54:19.569156,0.59605,30260832,,0,0,235,0,0,0,0,0.3674,91,24,0,0,"SELECT sym, COUNT(*) AS days_traded, SUM(n_quotes) AS total_quotes, MIN(bp_min) AS lowest_bid, MAX(bp_max) AS highest_bid, SUM(spread_sum) / SUM(n_quotes) AS avg_spread FROM quotes_daily WHERE sym IN ('AAPL', 'MSFT', 'GOOGL', 'AMZN', 'TSLA', 'META', "
30260832,2026-08-13 20:54:19.569156,0.59605,30260832,quotes_shared.public.mv_tbl__quotes_daily__0,1,1703888,1136,0,0,0,0,0.3609,42,92,0,0,"SELECT sym, COUNT(*) AS days_traded, SUM(n_quotes) AS total_quotes, MIN(bp_min) AS lowest_bid, MAX(bp_max) AS highest_bid, SUM(spread_sum) / SUM(n_quotes) AS avg_spread FROM quotes_daily WHERE sym IN ('AAPL', 'MSFT', 'GOOGL', 'AMZN', 'TSLA', 'META', "
30260839,2026-08-13 20:54:22.547991,0.36912,30260839,,0,0,367661,0,0,0,0,0.2718,12,72,0,0,"SELECT sym, pct_range FROM ( SELECT sym, (MAX(bp_max) - MIN(bp_min)) / MIN(bp_min) * 100 AS pct_range FROM quotes_daily GROUP BY sym ) t ORDER BY ABS(pct_range) DESC LIMIT 20"
30260839,2026-08-13 20:54:22.547991,0.36912,30260839,quotes_shared.public.mv_tbl__quotes_daily__0,1,1703888,1644461,0,0,0,0,0.0183,29,46,0,0,"SELECT sym, pct_range FROM ( SELECT sym, (MAX(bp_max) - MIN(bp_min)) / MIN(bp_min) * 100 AS pct_range FROM quotes_daily GROUP BY sym ) t ORDER BY ABS(pct_range) DESC LIMIT 20"
30260848,2026-08-13 20:54:35.165894,0.445365,30260848,,0,0,5638,0,0,0,0,0.3728,40,33,0,0,"SELECT day, SUM(n_quotes) AS total_quotes, SUM(bs_sum) + SUM(as_sum) AS total_volume, SUM(spread_sum) / SUM(n_quotes) AS avg_spread FROM quotes_daily GROUP BY day ORDER BY day"
30260848,2026-08-13 20:54:35.165894,0.445365,30260848,quotes_shared.public.mv_tbl__quotes_daily__0,1,1703888,1644461,0,0,0,0,0.3653,44,47,0,0,"SELECT day, SUM(n_quotes) AS total_quotes, SUM(bs_sum) + SUM(as_sum) AS total_volume, SUM(spread_sum) / SUM(n_quotes) AS avg_spread FROM quotes_daily GROUP BY day ORDER BY day"
30260906,2026-08-13 20:56:26.668916,214.09859,30260906,,0,0,97,0,0,0,0,0.1122,0,30,0,0,"WITH s AS ( SELECT (ap - bp) AS spread, (bp + ap) / 2.0 AS mid, bs AS bs, ""as"" AS az FROM quotes_typed WHERE sym = 'AAPL' ), agg AS ( SELECT COUNT(*)::float8 AS n, SUM(spread) AS s1, SUM(POWER(spread, 2)) AS s2, SUM(POWER(spread, 3)) AS s3, SUM(POWER"
30260906,2026-08-13 20:56:26.668916,214.09859,30260906,quotes_shared.public.mv_tbl__quotes_typed__0,1,12250690094,80333514,0,0,0,0,211.9079,26,9,0,0,"WITH s AS ( SELECT (ap - bp) AS spread, (bp + ap) / 2.0 AS mid, bs AS bs, ""as"" AS az FROM quotes_typed WHERE sym = 'AAPL' ), agg AS ( SELECT COUNT(*)::float8 AS n, SUM(spread) AS s1, SUM(POWER(spread, 2)) AS s2, SUM(POWER(spread, 3)) AS s3, SUM(POWER"
30261019,2026-08-13 21:00:01.426258,131.733205,30261019,,0,0,241386780,0,0,0,0,126.7925,25,38,0,0,"WITH src AS ( SELECT DATE_TRUNC('hour', TIMESTAMP 'epoch' + payload.t::bigint / 1000 * INTERVAL '1 second') AS hour, payload.bp::float8 AS bp, payload.bs::bigint AS bs, payload.ap::float8 AS ap, payload.t::bigint AS t FROM quotes_streamed WHERE sym ="
30261019,2026-08-13 21:00:01.426258,131.733205,30261019,quotes_shared.public.mv_tbl__quotes_streamed__0,1,26338279807,80462260,0,0,0,0,125.9534,11,1,0,0,"WITH src AS ( SELECT DATE_TRUNC('hour', TIMESTAMP 'epoch' + payload.t::bigint / 1000 * INTERVAL '1 second') AS hour, payload.bp::float8 AS bp, payload.bs::bigint AS bs, payload.ap::float8 AS ap, payload.t::bigint AS t FROM quotes_streamed WHERE sym ="
30261082,2026-08-13 21:02:13.814752,63.719801,30261082,,0,0,97,0,0,0,0,0.0541,0,20,0,0,"WITH s AS ( SELECT (payload.ap::float8 - payload.bp::float8) AS spread, (payload.bp::float8 + payload.ap::float8) / 2.0 AS mid, payload.bs::bigint AS bs, payload.""as""::bigint AS az FROM quotes_streamed WHERE sym = 'AAPL' ), agg AS ( SELECT COUNT(*)::"
30261082,2026-08-13 21:02:13.814752,63.719801,30261082,quotes_shared.public.mv_tbl__quotes_streamed__0,1,26470104113,80513460,0,0,0,0,60.3558,13,1,0,0,"WITH s AS ( SELECT (payload.ap::float8 - payload.bp::float8) AS spread, (payload.bp::float8 + payload.ap::float8) / 2.0 AS mid, payload.bs::bigint AS bs, payload.""as""::bigint AS az FROM quotes_streamed WHERE sym = 'AAPL' ), agg AS ( SELECT COUNT(*)::"
30261139,2026-08-13 21:03:56.842842,2.828088,30261139,,0,0,65,0,0,0,0,0.0025,0,30,0,0,"SELECT COALESCE(SUM(n_quotes), 0) FROM quotes_daily"
30261139,2026-08-13 21:03:56.842842,2.828088,30261139,quotes_shared.public.mv_tbl__quotes_daily__0,1,1693030,1655364,0,0,0,0,0.9702,47,32,0,0,"SELECT COALESCE(SUM(n_quotes), 0) FROM quotes_daily"
30261142,2026-08-13 21:03:59.672481,0.076028,30261142,,0,0,65,0,0,0,0,0.0016,0,18,0,0,SELECT COUNT(*) FROM quotes_daily
30261142,2026-08-13 21:03:59.672481,0.076028,30261142,quotes_shared.public.mv_tbl__quotes_daily__0,1,1693007,1655364,0,0,0,0,0.0012,28,10,0,0,SELECT COUNT(*) FROM quotes_daily
30261145,2026-08-13 21:03:59.750106,2.775432,30261145,,0,0,65,0,0,0,0,0.0021,0,22,0,0,"SELECT COUNT(*) AS days_traded, SUM(n_quotes) AS total_quotes, MIN(bp_min) AS lowest_bid, MAX(bp_max) AS highest_bid, MIN(ap_min) AS lowest_ask, MAX(ap_max) AS highest_ask, SUM(spread_sum) / SUM(n_quotes) AS avg_spread, SUM(bs_sum) AS total_bid_volum"
30261145,2026-08-13 21:03:59.750106,2.775432,30261145,quotes_shared.public.mv_tbl__quotes_daily__0,1,1692983,143,0,0,0,0,2.6903,55,36,0,0,"SELECT COUNT(*) AS days_traded, SUM(n_quotes) AS total_quotes, MIN(bp_min) AS lowest_bid, MAX(bp_max) AS highest_bid, MIN(ap_min) AS lowest_ask, MAX(ap_max) AS highest_ask, SUM(spread_sum) / SUM(n_quotes) AS avg_spread, SUM(bs_sum) AS total_bid_volum"
30261152,2026-08-13 21:04:03.206260,0.095992,30261152,,0,0,257,0,0,0,0,0.0068,91,27,0,0,"SELECT sym, COUNT(*) AS days_traded, SUM(n_quotes) AS total_quotes, MIN(bp_min) AS lowest_bid, MAX(bp_max) AS highest_bid, SUM(spread_sum) / SUM(n_quotes) AS avg_spread FROM quotes_daily WHERE sym IN ('AAPL', 'MSFT', 'GOOGL', 'AMZN', 'TSLA', 'META', "
30261152,2026-08-13 21:04:03.206260,0.095992,30261152,quotes_shared.public.mv_tbl__quotes_daily__0,1,1693030,1144,0,0,0,0,0.0040,33,7,0,0,"SELECT sym, COUNT(*) AS days_traded, SUM(n_quotes) AS total_quotes, MIN(bp_min) AS lowest_bid, MAX(bp_max) AS highest_bid, SUM(spread_sum) / SUM(n_quotes) AS avg_spread FROM quotes_daily WHERE sym IN ('AAPL', 'MSFT', 'GOOGL', 'AMZN', 'TSLA', 'META', "
30261161,2026-08-13 21:04:03.992423,0.092048,30261161,,0,0,373883,0,0,0,0,0.0087,12,21,0,0,"SELECT sym, pct_range FROM ( SELECT sym, (MAX(bp_max) - MIN(bp_min)) / MIN(bp_min) * 100 AS pct_range FROM quotes_daily GROUP BY sym ) t ORDER BY ABS(pct_range) DESC LIMIT 20"
30261161,2026-08-13 21:04:03.992423,0.092048,30261161,quotes_shared.public.mv_tbl__quotes_daily__0,1,1693030,1655364,0,0,0,0,0.0060,10,25,0,0,"SELECT sym, pct_range FROM ( SELECT sym, (MAX(bp_max) - MIN(bp_min)) / MIN(bp_min) * 100 AS pct_range FROM quotes_daily GROUP BY sym ) t ORDER BY ABS(pct_range) DESC LIMIT 20"
30261168,2026-08-13 21:04:04.749943,0.381533,30261168,,0,0,5682,0,0,0,0,0.3003,40,19,0,0,"SELECT day, SUM(n_quotes) AS total_quotes, SUM(bs_sum) + SUM(as_sum) AS total_volume, SUM(spread_sum) / SUM(n_quotes) AS avg_spread FROM quotes_daily GROUP BY day ORDER BY day"
30261168,2026-08-13 21:04:04.749943,0.381533,30261168,quotes_shared.public.mv_tbl__quotes_daily__0,1,1693030,1655364,0,0,0,0,0.2972,36,29,0,0,"SELECT day, SUM(n_quotes) AS total_quotes, SUM(bs_sum) + SUM(as_sum) AS total_volume, SUM(spread_sum) / SUM(n_quotes) AS avg_spread FROM quotes_daily GROUP BY day ORDER BY day"
30463877,2026-08-13 21:14:07.928938,3.488825,30463877,,0,0,65,0,0,0,0,0.0068,0,30,0,0,"SELECT COALESCE(SUM(n_quotes), 0) FROM quotes_daily"
30463877,2026-08-13 21:14:07.928938,3.488825,30463877,quotes_shared.public.mv_tbl__quotes_daily__0,1,1696607,1656172,0,0,0,0,0.9157,26,33,0,0,"SELECT COALESCE(SUM(n_quotes), 0) FROM quotes_daily"
30463880,2026-08-13 21:14:11.419593,0.07705,30463880,,0,0,65,0,0,0,0,0.0042,0,40,0,0,SELECT COUNT(*) FROM quotes_daily
30463880,2026-08-13 21:14:11.419593,0.07705,30463880,quotes_shared.public.mv_tbl__quotes_daily__0,1,1696176,1656172,0,0,0,0,0.0017,46,22,0,0,SELECT COUNT(*) FROM quotes_daily
30463883,2026-08-13 21:14:11.498396,2.452303,30463883,,0,0,65,0,0,0,0,0.0029,0,40,0,0,"SELECT COUNT(*) AS days_traded, SUM(n_quotes) AS total_quotes, MIN(bp_min) AS lowest_bid, MAX(bp_max) AS highest_bid, MIN(ap_min) AS lowest_ask, MAX(ap_max) AS highest_ask, SUM(spread_sum) / SUM(n_quotes) AS avg_spread, SUM(bs_sum) AS total_bid_volum"
30463883,2026-08-13 21:14:11.498396,2.452303,30463883,quotes_shared.public.mv_tbl__quotes_daily__0,1,1696560,143,0,0,0,0,2.3628,59,31,0,0,"SELECT COUNT(*) AS days_traded, SUM(n_quotes) AS total_quotes, MIN(bp_min) AS lowest_bid, MAX(bp_max) AS highest_bid, MIN(ap_min) AS lowest_ask, MAX(ap_max) AS highest_ask, SUM(spread_sum) / SUM(n_quotes) AS avg_spread, SUM(bs_sum) AS total_bid_volum"
30463890,2026-08-13 21:14:14.872713,0.509528,30463890,,0,0,261,0,0,0,0,0.4221,91,21,0,0,"SELECT sym, COUNT(*) AS days_traded, SUM(n_quotes) AS total_quotes, MIN(bp_min) AS lowest_bid, MAX(bp_max) AS highest_bid, SUM(spread_sum) / SUM(n_quotes) AS avg_spread FROM quotes_daily WHERE sym IN ('AAPL', 'MSFT', 'GOOGL', 'AMZN', 'TSLA', 'META', "
30463890,2026-08-13 21:14:14.872713,0.509528,30463890,quotes_shared.public.mv_tbl__quotes_daily__0,1,1696607,1144,0,0,0,0,0.4166,46,93,0,0,"SELECT sym, COUNT(*) AS days_traded, SUM(n_quotes) AS total_quotes, MIN(bp_min) AS lowest_bid, MAX(bp_max) AS highest_bid, SUM(spread_sum) / SUM(n_quotes) AS avg_spread FROM quotes_daily WHERE sym IN ('AAPL', 'MSFT', 'GOOGL', 'AMZN', 'TSLA', 'META', "
30463897,2026-08-13 21:14:16.010872,0.087662,30463897,,0,0,373168,0,0,0,0,0.0125,13,24,0,0,"SELECT sym, pct_range FROM ( SELECT sym, (MAX(bp_max) - MIN(bp_min)) / MIN(bp_min) * 100 AS pct_range FROM quotes_daily GROUP BY sym ) t ORDER BY ABS(pct_range) DESC LIMIT 20"
30463897,2026-08-13 21:14:16.010872,0.087662,30463897,quotes_shared.public.mv_tbl__quotes_daily__0,1,1696607,1656172,0,0,0,0,0.0088,23,36,0,0,"SELECT sym, pct_range FROM ( SELECT sym, (MAX(bp_max) - MIN(bp_min)) / MIN(bp_min) * 100 AS pct_range FROM quotes_daily GROUP BY sym ) t ORDER BY ABS(pct_range) DESC LIMIT 20"
30463907,2026-08-13 21:14:16.792257,2.798091,30463907,,0,0,5714,0,0,0,0,1.3659,39,20,0,0,"SELECT day, SUM(n_quotes) AS total_quotes, SUM(bs_sum) + SUM(as_sum) AS total_volume, SUM(spread_sum) / SUM(n_quotes) AS avg_spread FROM quotes_daily GROUP BY day ORDER BY day"
30463907,2026-08-13 21:14:16.792257,2.798091,30463907,quotes_shared.public.mv_tbl__quotes_daily__0,1,1715994,1664396,0,0,0,0,1.3585,35,20,0,0,"SELECT day, SUM(n_quotes) AS total_quotes, SUM(bs_sum) + SUM(as_sum) AS total_volume, SUM(spread_sum) / SUM(n_quotes) AS avg_spread FROM quotes_daily GROUP BY day ORDER BY day"
30666949,2026-08-13 21:24:07.194037,3.40306,30666949,,0,0,65,0,0,0,0,0.0029,0,28,0,0,"SELECT COALESCE(SUM(n_quotes), 0) FROM quotes_daily"
30666949,2026-08-13 21:24:07.194037,3.40306,30666949,quotes_shared.public.mv_tbl__quotes_daily__0,1,1716409,1667865,0,0,0,0,0.8656,43,22,0,0,"SELECT COALESCE(SUM(n_quotes), 0) FROM quotes_daily"
30666952,2026-08-13 21:24:10.598931,0.094505,30666952,,0,0,65,0,0,0,0,0.0027,0,24,0,0,SELECT COUNT(*) FROM quotes_daily
30666952,2026-08-13 21:24:10.598931,0.094505,30666952,quotes_shared.public.mv_tbl__quotes_daily__0,1,1716336,1667865,0,0,0,0,0.0023,55,28,0,0,SELECT COUNT(*) FROM quotes_daily
30666955,2026-08-13 21:24:10.695155,2.663512,30666955,,0,0,65,0,0,0,0,0.0028,0,31,0,0,"SELECT COUNT(*) AS days_traded, SUM(n_quotes) AS total_quotes, MIN(bp_min) AS lowest_bid, MAX(bp_max) AS highest_bid, MIN(ap_min) AS lowest_ask, MAX(ap_max) AS highest_ask, SUM(spread_sum) / SUM(n_quotes) AS avg_spread, SUM(bs_sum) AS total_bid_volum"
30666955,2026-08-13 21:24:10.695155,2.663512,30666955,quotes_shared.public.mv_tbl__quotes_daily__0,1,1716362,144,0,0,0,0,2.5662,62,29,0,0,"SELECT COUNT(*) AS days_traded, SUM(n_quotes) AS total_quotes, MIN(bp_min) AS lowest_bid, MAX(bp_max) AS highest_bid, MIN(ap_min) AS lowest_ask, MAX(ap_max) AS highest_ask, SUM(spread_sum) / SUM(n_quotes) AS avg_spread, SUM(bs_sum) AS total_bid_volum"
30666962,2026-08-13 21:24:14.264999,0.41505,30666962,,0,0,255,0,0,0,0,0.3211,91,25,0,0,"SELECT sym, COUNT(*) AS days_traded, SUM(n_quotes) AS total_quotes, MIN(bp_min) AS lowest_bid, MAX(bp_max) AS highest_bid, SUM(spread_sum) / SUM(n_quotes) AS avg_spread FROM quotes_daily WHERE sym IN ('AAPL', 'MSFT', 'GOOGL', 'AMZN', 'TSLA', 'META', "
30666962,2026-08-13 21:24:14.264999,0.41505,30666962,quotes_shared.public.mv_tbl__quotes_daily__0,1,1716409,1152,0,0,0,0,0.3165,47,92,0,0,"SELECT sym, COUNT(*) AS days_traded, SUM(n_quotes) AS total_quotes, MIN(bp_min) AS lowest_bid, MAX(bp_max) AS highest_bid, SUM(spread_sum) / SUM(n_quotes) AS avg_spread FROM quotes_daily WHERE sym IN ('AAPL', 'MSFT', 'GOOGL', 'AMZN', 'TSLA', 'META', "
30666969,2026-08-13 21:24:15.328798,0.105564,30666969,,0,0,373678,0,0,0,0,0.0168,12,27,0,0,"SELECT sym, pct_range FROM ( SELECT sym, (MAX(bp_max) - MIN(bp_min)) / MIN(bp_min) * 100 AS pct_range FROM quotes_daily GROUP BY sym ) t ORDER BY ABS(pct_range) DESC LIMIT 20"
30666969,2026-08-13 21:24:15.328798,0.105564,30666969,quotes_shared.public.mv_tbl__quotes_daily__0,1,1716409,1667865,0,0,0,0,0.0104,26,43,0,0,"SELECT sym, pct_range FROM ( SELECT sym, (MAX(bp_max) - MIN(bp_min)) / MIN(bp_min) * 100 AS pct_range FROM quotes_daily GROUP BY sym ) t ORDER BY ABS(pct_range) DESC LIMIT 20"
30666976,2026-08-13 21:24:16.091431,0.45661,30666976,,0,0,5712,0,0,0,0,0.3762,39,22,0,0,"SELECT day, SUM(n_quotes) AS total_quotes, SUM(bs_sum) + SUM(as_sum) AS total_volume, SUM(spread_sum) / SUM(n_quotes) AS avg_spread FROM quotes_daily GROUP BY day ORDER BY day"
30666976,2026-08-13 21:24:16.091431,0.45661,30666976,quotes_shared.public.mv_tbl__quotes_daily__0,1,1716409,1667865,0,0,0,0,0.3722,36,32,0,0,"SELECT day, SUM(n_quotes) AS total_quotes, SUM(bs_sum) + SUM(as_sum) AS total_volume, SUM(spread_sum) / SUM(n_quotes) AS avg_spread FROM quotes_daily GROUP BY day ORDER BY day"
30870021,2026-08-13 21:34:08.374179,3.705981,30870021,,0,0,65,0,0,0,0,0.0084,0,30,0,0,"SELECT COALESCE(SUM(n_quotes), 0) FROM quotes_daily"
30870021,2026-08-13 21:34:08.374179,3.705981,30870021,quotes_shared.public.mv_tbl__quotes_daily__0,1,1718800,1679571,0,0,0,0,0.9320,36,20,0,0,"SELECT COALESCE(SUM(n_quotes), 0) FROM quotes_daily"
30870024,2026-08-13 21:34:12.081984,0.09084,30870024,,0,0,65,0,0,0,0,0.0034,0,32,0,0,SELECT COUNT(*) FROM quotes_daily
30870024,2026-08-13 21:34:12.081984,0.09084,30870024,quotes_shared.public.mv_tbl__quotes_daily__0,1,1718720,1679571,0,0,0,0,0.0018,46,36,0,0,SELECT COUNT(*) FROM quotes_daily
30870027,2026-08-13 21:34:12.174687,3.411901,30870027,,0,0,65,0,0,0,0,0.0027,0,26,0,0,"SELECT COUNT(*) AS days_traded, SUM(n_quotes) AS total_quotes, MIN(bp_min) AS lowest_bid, MAX(bp_max) AS highest_bid, MIN(ap_min) AS lowest_ask, MAX(ap_max) AS highest_ask, SUM(spread_sum) / SUM(n_quotes) AS avg_spread, SUM(bs_sum) AS total_bid_volum"
30870027,2026-08-13 21:34:12.174687,3.411901,30870027,quotes_shared.public.mv_tbl__quotes_daily__0,1,1718753,145,0,0,0,0,3.3095,54,41,0,0,"SELECT COUNT(*) AS days_traded, SUM(n_quotes) AS total_quotes, MIN(bp_min) AS lowest_bid, MAX(bp_max) AS highest_bid, MIN(ap_min) AS lowest_ask, MAX(ap_max) AS highest_ask, SUM(spread_sum) / SUM(n_quotes) AS avg_spread, SUM(bs_sum) AS total_bid_volum"
30870034,2026-08-13 21:34:16.479448,0.510864,30870034,,0,0,250,0,0,0,0,0.4133,91,18,0,0,"SELECT sym, COUNT(*) AS days_traded, SUM(n_quotes) AS total_quotes, MIN(bp_min) AS lowest_bid, MAX(bp_max) AS highest_bid, SUM(spread_sum) / SUM(n_quotes) AS avg_spread FROM quotes_daily WHERE sym IN ('AAPL', 'MSFT', 'GOOGL', 'AMZN', 'TSLA', 'META', "
30870034,2026-08-13 21:34:16.479448,0.510864,30870034,quotes_shared.public.mv_tbl__quotes_daily__0,1,1718800,1160,0,0,0,0,0.4088,45,93,0,0,"SELECT sym, COUNT(*) AS days_traded, SUM(n_quotes) AS total_quotes, MIN(bp_min) AS lowest_bid, MAX(bp_max) AS highest_bid, SUM(spread_sum) / SUM(n_quotes) AS avg_spread FROM quotes_daily WHERE sym IN ('AAPL', 'MSFT', 'GOOGL', 'AMZN', 'TSLA', 'META', "
30870042,2026-08-13 21:34:17.639956,0.106572,30870042,,0,0,374471,0,0,0,0,0.0164,12,24,0,0,"SELECT sym, pct_range FROM ( SELECT sym, (MAX(bp_max) - MIN(bp_min)) / MIN(bp_min) * 100 AS pct_range FROM quotes_daily GROUP BY sym ) t ORDER BY ABS(pct_range) DESC LIMIT 20"
30870042,2026-08-13 21:34:17.639956,0.106572,30870042,quotes_shared.public.mv_tbl__quotes_daily__0,1,1718800,1679571,0,0,0,0,0.0113,25,39,0,0,"SELECT sym, pct_range FROM ( SELECT sym, (MAX(bp_max) - MIN(bp_min)) / MIN(bp_min) * 100 AS pct_range FROM quotes_daily GROUP BY sym ) t ORDER BY ABS(pct_range) DESC LIMIT 20"
30870049,2026-08-13 21:34:18.401623,0.50358,30870049,,0,0,5741,0,0,0,0,0.4172,39,19,0,0,"SELECT day, SUM(n_quotes) AS total_quotes, SUM(bs_sum) + SUM(as_sum) AS total_volume, SUM(spread_sum) / SUM(n_quotes) AS avg_spread FROM quotes_daily GROUP BY day ORDER BY day"
30870049,2026-08-13 21:34:18.401623,0.50358,30870049,quotes_shared.public.mv_tbl__quotes_daily__0,1,1718800,1679571,0,0,0,0,0.4133,30,34,0,0,"SELECT day, SUM(n_quotes) AS total_quotes, SUM(bs_sum) + SUM(as_sum) AS total_volume, SUM(spread_sum) / SUM(n_quotes) AS avg_spread FROM quotes_daily GROUP BY day ORDER BY day"
31073093,2026-08-13 21:44:07.588728,3.66041,31073093,,0,0,65,0,0,0,0,0.0057,0,35,0,0,"SELECT COALESCE(SUM(n_quotes), 0) FROM quotes_daily"
31073093,2026-08-13 21:44:07.588728,3.66041,31073093,quotes_shared.public.mv_tbl__quotes_daily__0,1,1733772,1691302,0,0,0,0,0.8914,37,17,0,0,"SELECT COALESCE(SUM(n_quotes), 0) FROM quotes_daily"
31073096,2026-08-13 21:44:11.251004,0.087695,31073096,,0,0,65,0,0,0,0,0.0026,0,20,0,0,SELECT COUNT(*) FROM quotes_daily
31073096,2026-08-13 21:44:11.251004,0.087695,31073096,quotes_shared.public.mv_tbl__quotes_daily__0,1,1733754,1691302,0,0,0,0,0.0016,28,32,0,0,SELECT COUNT(*) FROM quotes_daily
31073099,2026-08-13 21:44:11.340425,2.548048,31073099,,0,0,65,0,0,0,0,0.0029,0,26,0,0,"SELECT COUNT(*) AS days_traded, SUM(n_quotes) AS total_quotes, MIN(bp_min) AS lowest_bid, MAX(bp_max) AS highest_bid, MIN(ap_min) AS lowest_ask, MAX(ap_max) AS highest_ask, SUM(spread_sum) / SUM(n_quotes) AS avg_spread, SUM(bs_sum) AS total_bid_volum"
31073099,2026-08-13 21:44:11.340425,2.548048,31073099,quotes_shared.public.mv_tbl__quotes_daily__0,1,1733725,146,0,0,0,0,2.4474,58,20,0,0,"SELECT COUNT(*) AS days_traded, SUM(n_quotes) AS total_quotes, MIN(bp_min) AS lowest_bid, MAX(bp_max) AS highest_bid, MIN(ap_min) AS lowest_ask, MAX(ap_max) AS highest_ask, SUM(spread_sum) / SUM(n_quotes) AS avg_spread, SUM(bs_sum) AS total_bid_volum"
31073106,2026-08-13 21:44:14.786782,0.427011,31073106,,0,0,255,0,0,0,0,0.3328,91,23,0,0,"SELECT sym, COUNT(*) AS days_traded, SUM(n_quotes) AS total_quotes, MIN(bp_min) AS lowest_bid, MAX(bp_max) AS highest_bid, SUM(spread_sum) / SUM(n_quotes) AS avg_spread FROM quotes_daily WHERE sym IN ('AAPL', 'MSFT', 'GOOGL', 'AMZN', 'TSLA', 'META', "
31073106,2026-08-13 21:44:14.786782,0.427011,31073106,quotes_shared.public.mv_tbl__quotes_daily__0,1,1733772,1168,0,0,0,0,0.3267,42,93,0,0,"SELECT sym, COUNT(*) AS days_traded, SUM(n_quotes) AS total_quotes, MIN(bp_min) AS lowest_bid, MAX(bp_max) AS highest_bid, SUM(spread_sum) / SUM(n_quotes) AS avg_spread FROM quotes_daily WHERE sym IN ('AAPL', 'MSFT', 'GOOGL', 'AMZN', 'TSLA', 'META', "
31073113,2026-08-13 21:44:15.859252,0.108041,31073113,,0,0,375176,0,0,0,0,0.0143,12,16,0,0,"SELECT sym, pct_range FROM ( SELECT sym, (MAX(bp_max) - MIN(bp_min)) / MIN(bp_min) * 100 AS pct_range FROM quotes_daily GROUP BY sym ) t ORDER BY ABS(pct_range) DESC LIMIT 20"
31073113,2026-08-13 21:44:15.859252,0.108041,31073113,quotes_shared.public.mv_tbl__quotes_daily__0,1,1733772,1691302,0,0,0,0,0.0088,26,19,0,0,"SELECT sym, pct_range FROM ( SELECT sym, (MAX(bp_max) - MIN(bp_min)) / MIN(bp_min) * 100 AS pct_range FROM quotes_daily GROUP BY sym ) t ORDER BY ABS(pct_range) DESC LIMIT 20"
31073120,2026-08-13 21:44:16.612173,0.50562,31073120,,0,0,5783,0,0,0,0,0.4277,39,30,0,0,"SELECT day, SUM(n_quotes) AS total_quotes, SUM(bs_sum) + SUM(as_sum) AS total_volume, SUM(spread_sum) / SUM(n_quotes) AS avg_spread FROM quotes_daily GROUP BY day ORDER BY day"
31073120,2026-08-13 21:44:16.612173,0.50562,31073120,quotes_shared.public.mv_tbl__quotes_daily__0,1,1733772,1691302,0,0,0,0,0.4216,29,36,0,0,"SELECT day, SUM(n_quotes) AS total_quotes, SUM(bs_sum) + SUM(as_sum) AS total_volume, SUM(spread_sum) / SUM(n_quotes) AS avg_spread FROM quotes_daily GROUP BY day ORDER BY day"
31276165,2026-08-13 21:54:07.538172,3.396332,31276165,,0,0,65,0,0,0,0,0.0077,0,34,0,0,"SELECT COALESCE(SUM(n_quotes), 0) FROM quotes_daily"
31276165,2026-08-13 21:54:07.538172,3.396332,31276165,quotes_shared.public.mv_tbl__quotes_daily__0,1,1757660,1707845,0,0,0,0,0.8223,62,25,0,0,"SELECT COALESCE(SUM(n_quotes), 0) FROM quotes_daily"
31276167,2026-08-13 21:54:07.538308,3.39625,31276167,,0,0,65,0,0,0,0,0.0073,0,33,0,0,"SELECT COALESCE(SUM(n_quotes), 0) FROM quotes_daily"
31276167,2026-08-13 21:54:07.538308,3.39625,31276167,quotes_shared.public.mv_tbl__quotes_daily__0,1,1757660,1707845,0,0,0,0,0.6672,53,31,0,0,"SELECT COALESCE(SUM(n_quotes), 0) FROM quotes_daily"
31276171,2026-08-13 21:54:10.936353,0.112944,31276171,,0,0,65,0,0,0,0,0.0128,0,27,0,0,SELECT COUNT(*) FROM quotes_daily
31276171,2026-08-13 21:54:10.936353,0.112944,31276171,quotes_shared.public.mv_tbl__quotes_daily__0,1,1757660,1707845,0,0,0,0,0.0045,60,44,0,0,SELECT COUNT(*) FROM quotes_daily
31276172,2026-08-13 21:54:10.936369,0.111803,31276172,,0,0,65,0,0,0,0,0.0141,0,31,0,0,SELECT COUNT(*) FROM quotes_daily
31276172,2026-08-13 21:54:10.936369,0.111803,31276172,quotes_shared.public.mv_tbl__quotes_daily__0,1,1757660,1707845,0,0,0,0,0.0036,40,47,0,0,SELECT COUNT(*) FROM quotes_daily
31276177,2026-08-13 21:54:11.049797,7.061862,31276177,,0,0,65,0,0,0,0,0.0037,0,54,0,0,"SELECT COUNT(*) AS days_traded, SUM(n_quotes) AS total_quotes, MIN(bp_min) AS lowest_bid, MAX(bp_max) AS highest_bid, MIN(ap_min) AS lowest_ask, MAX(ap_max) AS highest_ask, SUM(spread_sum) / SUM(n_quotes) AS avg_spread, SUM(bs_sum) AS total_bid_volum"
31276177,2026-08-13 21:54:11.049797,7.061862,31276177,quotes_shared.public.mv_tbl__quotes_daily__0,1,1757613,147,0,0,0,0,6.9519,64,8,0,0,"SELECT COUNT(*) AS days_traded, SUM(n_quotes) AS total_quotes, MIN(bp_min) AS lowest_bid, MAX(bp_max) AS highest_bid, MIN(ap_min) AS lowest_ask, MAX(ap_max) AS highest_ask, SUM(spread_sum) / SUM(n_quotes) AS avg_spread, SUM(bs_sum) AS total_bid_volum"
31276182,2026-08-13 21:54:11.051091,154.204472,31276182,,0,0,246308673,0,0,0,0,149.3085,26,30,0,0,"WITH src AS ( SELECT DATE_TRUNC('hour', TIMESTAMP 'epoch' + t / 1000 * INTERVAL '1 second') AS hour, bp, bs, ap, t FROM quotes_typed WHERE sym = 'AAPL' ), ranked AS ( SELECT hour, bp, bs, ap, ROW_NUMBER() OVER (PARTITION BY hour ORDER BY t ASC) AS rn"
31276182,2026-08-13 21:54:11.051091,154.204472,31276182,quotes_shared.public.mv_tbl__quotes_typed__0,1,13566558466,82102891,0,0,0,0,148.7897,8,1,0,0,"WITH src AS ( SELECT DATE_TRUNC('hour', TIMESTAMP 'epoch' + t / 1000 * INTERVAL '1 second') AS hour, bp, bs, ap, t FROM quotes_typed WHERE sym = 'AAPL' ), ranked AS ( SELECT hour, bp, bs, ap, ROW_NUMBER() OVER (PARTITION BY hour ORDER BY t ASC) AS rn"
31276192,2026-08-13 21:54:20.744204,3.089064,31276192,,0,0,258,0,0,0,0,1.1995,91,25,0,0,"SELECT sym, COUNT(*) AS days_traded, SUM(n_quotes) AS total_quotes, MIN(bp_min) AS lowest_bid, MAX(bp_max) AS highest_bid, SUM(spread_sum) / SUM(n_quotes) AS avg_spread FROM quotes_daily WHERE sym IN ('AAPL', 'MSFT', 'GOOGL', 'AMZN', 'TSLA', 'META', "
31276192,2026-08-13 21:54:20.744204,3.089064,31276192,quotes_shared.public.mv_tbl__quotes_daily__0,1,1768240,1176,0,0,0,0,1.1935,51,23,0,0,"SELECT sym, COUNT(*) AS days_traded, SUM(n_quotes) AS total_quotes, MIN(bp_min) AS lowest_bid, MAX(bp_max) AS highest_bid, SUM(spread_sum) / SUM(n_quotes) AS avg_spread FROM quotes_daily WHERE sym IN ('AAPL', 'MSFT', 'GOOGL', 'AMZN', 'TSLA', 'META', "
31276203,2026-08-13 21:54:24.531904,0.104642,31276203,,0,0,375559,0,0,0,0,0.0157,12,53,0,0,"SELECT sym, pct_range FROM ( SELECT sym, (MAX(bp_max) - MIN(bp_min)) / MIN(bp_min) * 100 AS pct_range FROM quotes_daily GROUP BY sym ) t ORDER BY ABS(pct_range) DESC LIMIT 20"
31276203,2026-08-13 21:54:24.531904,0.104642,31276203,quotes_shared.public.mv_tbl__quotes_daily__0,1,1768240,1707851,0,0,0,0,0.0105,26,43,0,0,"SELECT sym, pct_range FROM ( SELECT sym, (MAX(bp_max) - MIN(bp_min)) / MIN(bp_min) * 100 AS pct_range FROM quotes_daily GROUP BY sym ) t ORDER BY ABS(pct_range) DESC LIMIT 20"
31276210,2026-08-13 21:54:25.325909,0.70664,31276210,,0,0,5846,0,0,0,0,0.6009,38,29,0,0,"SELECT day, SUM(n_quotes) AS total_quotes, SUM(bs_sum) + SUM(as_sum) AS total_volume, SUM(spread_sum) / SUM(n_quotes) AS avg_spread FROM quotes_daily GROUP BY day ORDER BY day"
31276210,2026-08-13 21:54:25.325909,0.70664,31276210,quotes_shared.public.mv_tbl__quotes_daily__0,1,1768240,1707851,0,0,0,0,0.5925,38,23,0,0,"SELECT day, SUM(n_quotes) AS total_quotes, SUM(bs_sum) + SUM(as_sum) AS total_volume, SUM(spread_sum) / SUM(n_quotes) AS avg_spread FROM quotes_daily GROUP BY day ORDER BY day"
31276288,2026-08-13 21:56:45.980393,220.115298,31276288,,0,0,97,0,0,0,0,0.0658,0,27,0,0,"WITH s AS ( SELECT (ap - bp) AS spread, (bp + ap) / 2.0 AS mid, bs AS bs, ""as"" AS az FROM quotes_typed WHERE sym = 'AAPL' ), agg AS ( SELECT COUNT(*)::float8 AS n, SUM(spread) AS s1, SUM(POWER(spread, 2)) AS s2, SUM(POWER(spread, 3)) AS s3, SUM(POWER"
31276288,2026-08-13 21:56:45.980393,220.115298,31276288,quotes_shared.public.mv_tbl__quotes_typed__0,1,13613496834,82209078,0,0,0,0,217.2048,18,14,0,0,"WITH s AS ( SELECT (ap - bp) AS spread, (bp + ap) / 2.0 AS mid, bs AS bs, ""as"" AS az FROM quotes_typed WHERE sym = 'AAPL' ), agg AS ( SELECT COUNT(*)::float8 AS n, SUM(spread) AS s1, SUM(POWER(spread, 2)) AS s2, SUM(POWER(spread, 3)) AS s3, SUM(POWER"
31276392,2026-08-13 22:00:26.785340,153.780429,31276392,,0,0,247304970,0,0,0,0,149.1335,27,32,0,0,"WITH src AS ( SELECT DATE_TRUNC('hour', TIMESTAMP 'epoch' + payload.t::bigint / 1000 * INTERVAL '1 second') AS hour, payload.bp::float8 AS bp, payload.bs::bigint AS bs, payload.ap::float8 AS ap, payload.t::bigint AS t FROM quotes_streamed WHERE sym ="
31276392,2026-08-13 22:00:26.785340,153.780429,31276392,quotes_shared.public.mv_tbl__quotes_streamed__0,1,29961595278,82434990,0,0,0,0,148.2590,9,0,0,0,"WITH src AS ( SELECT DATE_TRUNC('hour', TIMESTAMP 'epoch' + payload.t::bigint / 1000 * INTERVAL '1 second') AS hour, payload.bp::float8 AS bp, payload.bs::bigint AS bs, payload.ap::float8 AS ap, payload.t::bigint AS t FROM quotes_streamed WHERE sym ="
31276470,2026-08-13 22:03:01.250234,71.800999,31276470,,0,0,97,0,0,0,0,0.0554,0,26,0,0,"WITH s AS ( SELECT (payload.ap::float8 - payload.bp::float8) AS spread, (payload.bp::float8 + payload.ap::float8) / 2.0 AS mid, payload.bs::bigint AS bs, payload.""as""::bigint AS az FROM quotes_streamed WHERE sym = 'AAPL' ), agg AS ( SELECT COUNT(*)::"
31276470,2026-08-13 22:03:01.250234,71.800999,31276470,quotes_shared.public.mv_tbl__quotes_streamed__0,1,30108548192,82495814,0,0,0,0,69.7652,12,1,0,0,"WITH s AS ( SELECT (payload.ap::float8 - payload.bp::float8) AS spread, (payload.bp::float8 + payload.ap::float8) / 2.0 AS mid, payload.bs::bigint AS bs, payload.""as""::bigint AS az FROM quotes_streamed WHERE sym = 'AAPL' ), agg AS ( SELECT COUNT(*)::"
31276496,2026-08-13 22:03:56.845765,2.516935,31276496,,0,0,65,0,0,0,0,0.0021,0,22,0,0,"SELECT COALESCE(SUM(n_quotes), 0) FROM quotes_daily"
31276496,2026-08-13 22:03:56.845765,2.516935,31276496,quotes_shared.public.mv_tbl__quotes_daily__0,1,1757709,1719540,0,0,0,0,0.7921,29,24,0,0,"SELECT COALESCE(SUM(n_quotes), 0) FROM quotes_daily"
31276499,2026-08-13 22:03:59.364302,0.096159,31276499,,0,0,65,0,0,0,0,0.0016,0,24,0,0,SELECT COUNT(*) FROM quotes_daily
31276499,2026-08-13 22:03:59.364302,0.096159,31276499,quotes_shared.public.mv_tbl__quotes_daily__0,1,1757709,1719540,0,0,0,0,0.0009,26,11,0,0,SELECT COUNT(*) FROM quotes_daily
31276502,2026-08-13 22:03:59.462164,2.034482,31276502,,0,0,65,0,0,0,0,0.0021,0,31,0,0,"SELECT COUNT(*) AS days_traded, SUM(n_quotes) AS total_quotes, MIN(bp_min) AS lowest_bid, MAX(bp_max) AS highest_bid, MIN(ap_min) AS lowest_ask, MAX(ap_max) AS highest_ask, SUM(spread_sum) / SUM(n_quotes) AS avg_spread, SUM(bs_sum) AS total_bid_volum"
31276502,2026-08-13 22:03:59.462164,2.034482,31276502,quotes_shared.public.mv_tbl__quotes_daily__0,1,1757662,148,0,0,0,0,1.9283,61,21,0,0,"SELECT COUNT(*) AS days_traded, SUM(n_quotes) AS total_quotes, MIN(bp_min) AS lowest_bid, MAX(bp_max) AS highest_bid, MIN(ap_min) AS lowest_ask, MAX(ap_max) AS highest_ask, SUM(spread_sum) / SUM(n_quotes) AS avg_spread, SUM(bs_sum) AS total_bid_volum"
31276513,2026-08-13 22:04:03.863517,0.122699,31276513,,0,0,262,0,0,0,0,0.0077,91,27,0,0,"SELECT sym, COUNT(*) AS days_traded, SUM(n_quotes) AS total_quotes, MIN(bp_min) AS lowest_bid, MAX(bp_max) AS highest_bid, SUM(spread_sum) / SUM(n_quotes) AS avg_spread FROM quotes_daily WHERE sym IN ('AAPL', 'MSFT', 'GOOGL', 'AMZN', 'TSLA', 'META', "
31276513,2026-08-13 22:04:03.863517,0.122699,31276513,quotes_shared.public.mv_tbl__quotes_daily__0,1,1757709,1184,0,0,0,0,0.0046,36,15,0,0,"SELECT sym, COUNT(*) AS days_traded, SUM(n_quotes) AS total_quotes, MIN(bp_min) AS lowest_bid, MAX(bp_max) AS highest_bid, SUM(spread_sum) / SUM(n_quotes) AS avg_spread FROM quotes_daily WHERE sym IN ('AAPL', 'MSFT', 'GOOGL', 'AMZN', 'TSLA', 'META', "
31276520,2026-08-13 22:04:04.720062,0.118033,31276520,,0,0,377668,0,0,0,0,0.0101,12,25,0,0,"SELECT sym, pct_range FROM ( SELECT sym, (MAX(bp_max) - MIN(bp_min)) / MIN(bp_min) * 100 AS pct_range FROM quotes_daily GROUP BY sym ) t ORDER BY ABS(pct_range) DESC LIMIT 20"
31276520,2026-08-13 22:04:04.720062,0.118033,31276520,quotes_shared.public.mv_tbl__quotes_daily__0,1,1757709,1719540,0,0,0,0,0.0066,12,34,0,0,"SELECT sym, pct_range FROM ( SELECT sym, (MAX(bp_max) - MIN(bp_min)) / MIN(bp_min) * 100 AS pct_range FROM quotes_daily GROUP BY sym ) t ORDER BY ABS(pct_range) DESC LIMIT 20"
31276527,2026-08-13 22:04:05.527284,0.432052,31276527,,0,0,5871,0,0,0,0,0.3259,44,20,0,0,"SELECT day, SUM(n_quotes) AS total_quotes, SUM(bs_sum) + SUM(as_sum) AS total_volume, SUM(spread_sum) / SUM(n_quotes) AS avg_spread FROM quotes_daily GROUP BY day ORDER BY day"
31276527,2026-08-13 22:04:05.527284,0.432052,31276527,quotes_shared.public.mv_tbl__quotes_daily__0,1,1757709,1719540,0,0,0,0,0.3230,28,29,0,0,"SELECT day, SUM(n_quotes) AS total_quotes, SUM(bs_sum) + SUM(as_sum) AS total_volume, SUM(spread_sum) / SUM(n_quotes) AS avg_spread FROM quotes_daily GROUP BY day ORDER BY day"
31479237,2026-08-13 22:14:07.839692,4.28918,31479237,,0,0,65,0,0,0,0,0.0022,0,25,0,0,"SELECT COALESCE(SUM(n_quotes), 0) FROM quotes_daily"
31479237,2026-08-13 22:14:07.839692,4.28918,31479237,quotes_shared.public.mv_tbl__quotes_daily__0,1,1758037,1719668,0,0,0,0,1.4869,46,41,0,0,"SELECT COALESCE(SUM(n_quotes), 0) FROM quotes_daily"
31479240,2026-08-13 22:14:12.130769,0.081039,31479240,,0,0,65,0,0,0,0,0.0018,0,33,0,0,SELECT COUNT(*) FROM quotes_daily
31479240,2026-08-13 22:14:12.130769,0.081039,31479240,quotes_shared.public.mv_tbl__quotes_daily__0,1,1757401,1719668,0,0,0,0,0.0011,54,15,0,0,SELECT COUNT(*) FROM quotes_daily
31479243,2026-08-13 22:14:12.213647,2.740134,31479243,,0,0,65,0,0,0,0,0.0024,0,32,0,0,"SELECT COUNT(*) AS days_traded, SUM(n_quotes) AS total_quotes, MIN(bp_min) AS lowest_bid, MAX(bp_max) AS highest_bid, MIN(ap_min) AS lowest_ask, MAX(ap_max) AS highest_ask, SUM(spread_sum) / SUM(n_quotes) AS avg_spread, SUM(bs_sum) AS total_bid_volum"
31479243,2026-08-13 22:14:12.213647,2.740134,31479243,quotes_shared.public.mv_tbl__quotes_daily__0,1,1757990,148,0,0,0,0,2.6457,64,29,0,0,"SELECT COUNT(*) AS days_traded, SUM(n_quotes) AS total_quotes, MIN(bp_min) AS lowest_bid, MAX(bp_max) AS highest_bid, MIN(ap_min) AS lowest_ask, MAX(ap_max) AS highest_ask, SUM(spread_sum) / SUM(n_quotes) AS avg_spread, SUM(bs_sum) AS total_bid_volum"
31479250,2026-08-13 22:14:15.977922,0.475564,31479250,,0,0,260,0,0,0,0,0.3832,91,22,0,0,"SELECT sym, COUNT(*) AS days_traded, SUM(n_quotes) AS total_quotes, MIN(bp_min) AS lowest_bid, MAX(bp_max) AS highest_bid, SUM(spread_sum) / SUM(n_quotes) AS avg_spread FROM quotes_daily WHERE sym IN ('AAPL', 'MSFT', 'GOOGL', 'AMZN', 'TSLA', 'META', "
31479250,2026-08-13 22:14:15.977922,0.475564,31479250,quotes_shared.public.mv_tbl__quotes_daily__0,1,1758037,1184,0,0,0,0,0.3785,41,92,0,0,"SELECT sym, COUNT(*) AS days_traded, SUM(n_quotes) AS total_quotes, MIN(bp_min) AS lowest_bid, MAX(bp_max) AS highest_bid, SUM(spread_sum) / SUM(n_quotes) AS avg_spread FROM quotes_daily WHERE sym IN ('AAPL', 'MSFT', 'GOOGL', 'AMZN', 'TSLA', 'META', "
31479260,2026-08-13 22:14:17.234775,2.25145,31479260,,0,0,373460,0,0,0,0,0.8831,12,20,0,0,"SELECT sym, pct_range FROM ( SELECT sym, (MAX(bp_max) - MIN(bp_min)) / MIN(bp_min) * 100 AS pct_range FROM quotes_daily GROUP BY sym ) t ORDER BY ABS(pct_range) DESC LIMIT 20"
31479260,2026-08-13 22:14:17.234775,2.25145,31479260,quotes_shared.public.mv_tbl__quotes_daily__0,1,1771184,1722020,0,0,0,0,0.8795,53,22,0,0,"SELECT sym, pct_range FROM ( SELECT sym, (MAX(bp_max) - MIN(bp_min)) / MIN(bp_min) * 100 AS pct_range FROM quotes_daily GROUP BY sym ) t ORDER BY ABS(pct_range) DESC LIMIT 20"
31479267,2026-08-13 22:14:21.755985,1.54924,31479267,,0,0,5880,0,0,0,0,1.4676,44,25,0,0,"SELECT day, SUM(n_quotes) AS total_quotes, SUM(bs_sum) + SUM(as_sum) AS total_volume, SUM(spread_sum) / SUM(n_quotes) AS avg_spread FROM quotes_daily GROUP BY day ORDER BY day"
31479267,2026-08-13 22:14:21.755985,1.54924,31479267,quotes_shared.public.mv_tbl__quotes_daily__0,1,1771184,1722020,0,0,0,0,1.4646,52,43,0,0,"SELECT day, SUM(n_quotes) AS total_quotes, SUM(bs_sum) + SUM(as_sum) AS total_volume, SUM(spread_sum) / SUM(n_quotes) AS avg_spread FROM quotes_daily GROUP BY day ORDER BY day"
31682309,2026-08-13 22:24:07.821899,3.815847,31682309,,0,0,65,0,0,0,0,0.0029,0,28,0,0,"SELECT COALESCE(SUM(n_quotes), 0) FROM quotes_daily"
31682309,2026-08-13 22:24:07.821899,3.815847,31682309,quotes_shared.public.mv_tbl__quotes_daily__0,1,1771656,1731398,0,0,0,0,1.1547,39,16,0,0,"SELECT COALESCE(SUM(n_quotes), 0) FROM quotes_daily"
31682312,2026-08-13 22:24:11.639681,0.093454,31682312,,0,0,65,0,0,0,0,0.0037,0,36,0,0,SELECT COUNT(*) FROM quotes_daily
31682312,2026-08-13 22:24:11.639681,0.093454,31682312,quotes_shared.public.mv_tbl__quotes_daily__0,1,1771625,1731398,0,0,0,0,0.0028,51,37,0,0,SELECT COUNT(*) FROM quotes_daily
31682315,2026-08-13 22:24:11.734984,2.97308,31682315,,0,0,65,0,0,0,0,0.0022,0,24,0,0,"SELECT COUNT(*) AS days_traded, SUM(n_quotes) AS total_quotes, MIN(bp_min) AS lowest_bid, MAX(bp_max) AS highest_bid, MIN(ap_min) AS lowest_ask, MAX(ap_max) AS highest_ask, SUM(spread_sum) / SUM(n_quotes) AS avg_spread, SUM(bs_sum) AS total_bid_volum"
31682315,2026-08-13 22:24:11.734984,2.97308,31682315,quotes_shared.public.mv_tbl__quotes_daily__0,1,1771609,149,0,0,0,0,2.8764,61,13,0,0,"SELECT COUNT(*) AS days_traded, SUM(n_quotes) AS total_quotes, MIN(bp_min) AS lowest_bid, MAX(bp_max) AS highest_bid, MIN(ap_min) AS lowest_ask, MAX(ap_max) AS highest_ask, SUM(spread_sum) / SUM(n_quotes) AS avg_spread, SUM(bs_sum) AS total_bid_volum"
31682322,2026-08-13 22:24:15.626222,0.531566,31682322,,0,0,261,0,0,0,0,0.4358,91,68,0,0,"SELECT sym, COUNT(*) AS days_traded, SUM(n_quotes) AS total_quotes, MIN(bp_min) AS lowest_bid, MAX(bp_max) AS highest_bid, SUM(spread_sum) / SUM(n_quotes) AS avg_spread FROM quotes_daily WHERE sym IN ('AAPL', 'MSFT', 'GOOGL', 'AMZN', 'TSLA', 'META', "
31682322,2026-08-13 22:24:15.626222,0.531566,31682322,quotes_shared.public.mv_tbl__quotes_daily__0,1,1771656,1192,0,0,0,0,0.4311,35,93,0,0,"SELECT sym, COUNT(*) AS days_traded, SUM(n_quotes) AS total_quotes, MIN(bp_min) AS lowest_bid, MAX(bp_max) AS highest_bid, SUM(spread_sum) / SUM(n_quotes) AS avg_spread FROM quotes_daily WHERE sym IN ('AAPL', 'MSFT', 'GOOGL', 'AMZN', 'TSLA', 'META', "
31682329,2026-08-13 22:24:16.853832,0.096718,31682329,,0,0,376988,0,0,0,0,0.0137,12,26,0,0,"SELECT sym, pct_range FROM ( SELECT sym, (MAX(bp_max) - MIN(bp_min)) / MIN(bp_min) * 100 AS pct_range FROM quotes_daily GROUP BY sym ) t ORDER BY ABS(pct_range) DESC LIMIT 20"
31682329,2026-08-13 22:24:16.853832,0.096718,31682329,quotes_shared.public.mv_tbl__quotes_daily__0,1,1771656,1731398,0,0,0,0,0.0089,27,27,0,0,"SELECT sym, pct_range FROM ( SELECT sym, (MAX(bp_max) - MIN(bp_min)) / MIN(bp_min) * 100 AS pct_range FROM quotes_daily GROUP BY sym ) t ORDER BY ABS(pct_range) DESC LIMIT 20"
31682339,2026-08-13 22:24:17.686553,2.945314,31682339,,0,0,5914,0,0,0,0,1.4535,44,74,0,0,"SELECT day, SUM(n_quotes) AS total_quotes, SUM(bs_sum) + SUM(as_sum) AS total_volume, SUM(spread_sum) / SUM(n_quotes) AS avg_spread FROM quotes_daily GROUP BY day ORDER BY day"
31682339,2026-08-13 22:24:17.686553,2.945314,31682339,quotes_shared.public.mv_tbl__quotes_daily__0,1,1782490,1731405,0,0,0,0,1.4483,27,30,0,0,"SELECT day, SUM(n_quotes) AS total_quotes, SUM(bs_sum) + SUM(as_sum) AS total_volume, SUM(spread_sum) / SUM(n_quotes) AS avg_spread FROM quotes_daily GROUP BY day ORDER BY day"
31885381,2026-08-13 22:34:07.235982,3.479269,31885381,,0,0,65,0,0,0,0,0.0061,0,30,0,0,"SELECT COALESCE(SUM(n_quotes), 0) FROM quotes_daily"
31885381,2026-08-13 22:34:07.235982,3.479269,31885381,quotes_shared.public.mv_tbl__quotes_daily__0,1,1790928,1743152,0,0,0,0,0.9687,37,30,0,0,"SELECT COALESCE(SUM(n_quotes), 0) FROM quotes_daily"
31885384,2026-08-13 22:34:10.717118,0.095244,31885384,,0,0,65,0,0,0,0,0.0030,0,31,0,0,SELECT COUNT(*) FROM quotes_daily
31885384,2026-08-13 22:34:10.717118,0.095244,31885384,quotes_shared.public.mv_tbl__quotes_daily__0,1,1790928,1743152,0,0,0,0,0.0023,53,42,0,0,SELECT COUNT(*) FROM quotes_daily
31885387,2026-08-13 22:34:10.814213,2.706631,31885387,,0,0,65,0,0,0,0,0.0021,0,32,0,0,"SELECT COUNT(*) AS days_traded, SUM(n_quotes) AS total_quotes, MIN(bp_min) AS lowest_bid, MAX(bp_max) AS highest_bid, MIN(ap_min) AS lowest_ask, MAX(ap_max) AS highest_ask, SUM(spread_sum) / SUM(n_quotes) AS avg_spread, SUM(bs_sum) AS total_bid_volum"
31885387,2026-08-13 22:34:10.814213,2.706631,31885387,quotes_shared.public.mv_tbl__quotes_daily__0,1,1790881,150,0,0,0,0,2.6101,47,29,0,0,"SELECT COUNT(*) AS days_traded, SUM(n_quotes) AS total_quotes, MIN(bp_min) AS lowest_bid, MAX(bp_max) AS highest_bid, MIN(ap_min) AS lowest_ask, MAX(ap_max) AS highest_ask, SUM(spread_sum) / SUM(n_quotes) AS avg_spread, SUM(bs_sum) AS total_bid_volum"
31885394,2026-08-13 22:34:14.436264,0.450709,31885394,,0,0,263,0,0,0,0,0.3571,91,19,0,0,"SELECT sym, COUNT(*) AS days_traded, SUM(n_quotes) AS total_quotes, MIN(bp_min) AS lowest_bid, MAX(bp_max) AS highest_bid, SUM(spread_sum) / SUM(n_quotes) AS avg_spread FROM quotes_daily WHERE sym IN ('AAPL', 'MSFT', 'GOOGL', 'AMZN', 'TSLA', 'META', "
31885394,2026-08-13 22:34:14.436264,0.450709,31885394,quotes_shared.public.mv_tbl__quotes_daily__0,1,1790928,1200,0,0,0,0,0.3534,46,93,0,0,"SELECT sym, COUNT(*) AS days_traded, SUM(n_quotes) AS total_quotes, MIN(bp_min) AS lowest_bid, MAX(bp_max) AS highest_bid, SUM(spread_sum) / SUM(n_quotes) AS avg_spread FROM quotes_daily WHERE sym IN ('AAPL', 'MSFT', 'GOOGL', 'AMZN', 'TSLA', 'META', "
31885401,2026-08-13 22:34:15.561085,0.099766,31885401,,0,0,378197,0,0,0,0,0.0128,12,25,0,0,"SELECT sym, pct_range FROM ( SELECT sym, (MAX(bp_max) - MIN(bp_min)) / MIN(bp_min) * 100 AS pct_range FROM quotes_daily GROUP BY sym ) t ORDER BY ABS(pct_range) DESC LIMIT 20"
31885401,2026-08-13 22:34:15.561085,0.099766,31885401,quotes_shared.public.mv_tbl__quotes_daily__0,1,1790928,1743152,0,0,0,0,0.0095,25,31,0,0,"SELECT sym, pct_range FROM ( SELECT sym, (MAX(bp_max) - MIN(bp_min)) / MIN(bp_min) * 100 AS pct_range FROM quotes_daily GROUP BY sym ) t ORDER BY ABS(pct_range) DESC LIMIT 20"
31885408,2026-08-13 22:34:16.291872,0.594857,31885408,,0,0,5938,0,0,0,0,0.5127,43,21,0,0,"SELECT day, SUM(n_quotes) AS total_quotes, SUM(bs_sum) + SUM(as_sum) AS total_volume, SUM(spread_sum) / SUM(n_quotes) AS avg_spread FROM quotes_daily GROUP BY day ORDER BY day"
31885408,2026-08-13 22:34:16.291872,0.594857,31885408,quotes_shared.public.mv_tbl__quotes_daily__0,1,1790928,1743152,0,0,0,0,0.5095,40,45,0,0,"SELECT day, SUM(n_quotes) AS total_quotes, SUM(bs_sum) + SUM(as_sum) AS total_volume, SUM(spread_sum) / SUM(n_quotes) AS avg_spread FROM quotes_daily GROUP BY day ORDER BY day"
32088453,2026-08-13 22:44:07.979663,3.732493,32088453,,0,0,65,0,0,0,0,0.0040,0,32,0,0,"SELECT COALESCE(SUM(n_quotes), 0) FROM quotes_daily"
32088453,2026-08-13 22:44:07.979663,3.732493,32088453,quotes_shared.public.mv_tbl__quotes_daily__0,1,1792062,1754902,0,0,0,0,0.9319,37,17,0,0,"SELECT COALESCE(SUM(n_quotes), 0) FROM quotes_daily"
32088456,2026-08-13 22:44:11.713939,0.08796,32088456,,0,0,65,0,0,0,0,0.0095,0,38,0,0,SELECT COUNT(*) FROM quotes_daily
32088456,2026-08-13 22:44:11.713939,0.08796,32088456,quotes_shared.public.mv_tbl__quotes_daily__0,1,1792062,1754902,0,0,0,0,0.0033,47,37,0,0,SELECT COUNT(*) FROM quotes_daily
32088459,2026-08-13 22:44:11.803646,2.412453,32088459,,0,0,65,0,0,0,0,0.0032,0,33,0,0,"SELECT COUNT(*) AS days_traded, SUM(n_quotes) AS total_quotes, MIN(bp_min) AS lowest_bid, MAX(bp_max) AS highest_bid, MIN(ap_min) AS lowest_ask, MAX(ap_max) AS highest_ask, SUM(spread_sum) / SUM(n_quotes) AS avg_spread, SUM(bs_sum) AS total_bid_volum"
32088459,2026-08-13 22:44:11.803646,2.412453,32088459,quotes_shared.public.mv_tbl__quotes_daily__0,1,1792015,151,0,0,0,0,2.3264,52,24,0,0,"SELECT COUNT(*) AS days_traded, SUM(n_quotes) AS total_quotes, MIN(bp_min) AS lowest_bid, MAX(bp_max) AS highest_bid, MIN(ap_min) AS lowest_ask, MAX(ap_max) AS highest_ask, SUM(spread_sum) / SUM(n_quotes) AS avg_spread, SUM(bs_sum) AS total_bid_volum"
32088466,2026-08-13 22:44:15.195547,0.412675,32088466,,0,0,259,0,0,0,0,0.3278,91,32,0,0,"SELECT sym, COUNT(*) AS days_traded, SUM(n_quotes) AS total_quotes, MIN(bp_min) AS lowest_bid, MAX(bp_max) AS highest_bid, SUM(spread_sum) / SUM(n_quotes) AS avg_spread FROM quotes_daily WHERE sym IN ('AAPL', 'MSFT', 'GOOGL', 'AMZN', 'TSLA', 'META', "
32088466,2026-08-13 22:44:15.195547,0.412675,32088466,quotes_shared.public.mv_tbl__quotes_daily__0,1,1792062,1208,0,0,0,0,0.3216,42,92,0,0,"SELECT sym, COUNT(*) AS days_traded, SUM(n_quotes) AS total_quotes, MIN(bp_min) AS lowest_bid, MAX(bp_max) AS highest_bid, SUM(spread_sum) / SUM(n_quotes) AS avg_spread FROM quotes_daily WHERE sym IN ('AAPL', 'MSFT', 'GOOGL', 'AMZN', 'TSLA', 'META', "
32088473,2026-08-13 22:44:16.281803,0.089857,32088473,,0,0,378156,0,0,0,0,0.0141,12,19,0,0,"SELECT sym, pct_range FROM ( SELECT sym, (MAX(bp_max) - MIN(bp_min)) / MIN(bp_min) * 100 AS pct_range FROM quotes_daily GROUP BY sym ) t ORDER BY ABS(pct_range) DESC LIMIT 20"
32088473,2026-08-13 22:44:16.281803,0.089857,32088473,quotes_shared.public.mv_tbl__quotes_daily__0,1,1792062,1754902,0,0,0,0,0.0089,24,21,0,0,"SELECT sym, pct_range FROM ( SELECT sym, (MAX(bp_max) - MIN(bp_min)) / MIN(bp_min) * 100 AS pct_range FROM quotes_daily GROUP BY sym ) t ORDER BY ABS(pct_range) DESC LIMIT 20"
32088480,2026-08-13 22:44:17.054270,0.512517,32088480,,0,0,5975,0,0,0,0,0.4414,43,23,0,0,"SELECT day, SUM(n_quotes) AS total_quotes, SUM(bs_sum) + SUM(as_sum) AS total_volume, SUM(spread_sum) / SUM(n_quotes) AS avg_spread FROM quotes_daily GROUP BY day ORDER BY day"
32088480,2026-08-13 22:44:17.054270,0.512517,32088480,quotes_shared.public.mv_tbl__quotes_daily__0,1,1792062,1754902,0,0,0,0,0.4348,40,39,0,0,"SELECT day, SUM(n_quotes) AS total_quotes, SUM(bs_sum) + SUM(as_sum) AS total_volume, SUM(spread_sum) / SUM(n_quotes) AS avg_spread FROM quotes_daily GROUP BY day ORDER BY day"
32291527,2026-08-13 22:54:08.104808,3.030121,32291527,,0,0,65,0,0,0,0,0.0049,0,64,0,0,"SELECT COALESCE(SUM(n_quotes), 0) FROM quotes_daily"
32291527,2026-08-13 22:54:08.104808,3.030121,32291527,quotes_shared.public.mv_tbl__quotes_daily__0,1,1834347,1771089,0,0,0,0,0.5986,39,14,0,0,"SELECT COALESCE(SUM(n_quotes), 0) FROM quotes_daily"
32291528,2026-08-13 22:54:08.105249,3.030128,32291528,,0,0,65,0,0,0,0,0.0080,0,24,0,0,"SELECT COALESCE(SUM(n_quotes), 0) FROM quotes_daily"
32291528,2026-08-13 22:54:08.105249,3.030128,32291528,quotes_shared.public.mv_tbl__quotes_daily__0,1,1834347,1771089,0,0,0,0,0.4553,55,19,0,0,"SELECT COALESCE(SUM(n_quotes), 0) FROM quotes_daily"
32291534,2026-08-13 22:54:11.137031,0.099827,32291534,,0,0,65,0,0,0,0,0.0021,0,30,0,0,SELECT COUNT(*) FROM quotes_daily
32291534,2026-08-13 22:54:11.137031,0.099827,32291534,quotes_shared.public.mv_tbl__quotes_daily__0,1,1834314,1771089,0,0,0,0,0.0035,69,40,0,0,SELECT COUNT(*) FROM quotes_daily
32291533,2026-08-13 22:54:11.137060,0.09969,32291533,,0,0,65,0,0,0,0,0.0027,0,32,0,0,SELECT COUNT(*) FROM quotes_daily
32291533,2026-08-13 22:54:11.137060,0.09969,32291533,quotes_shared.public.mv_tbl__quotes_daily__0,1,1834314,1771089,0,0,0,0,0.0026,47,39,0,0,SELECT COUNT(*) FROM quotes_daily
32291542,2026-08-13 22:54:11.238567,172.471605,32291542,,0,0,254575131,0,0,0,0,169.1997,27,29,0,0,"WITH src AS ( SELECT DATE_TRUNC('hour', TIMESTAMP 'epoch' + t / 1000 * INTERVAL '1 second') AS hour, bp, bs, ap, t FROM quotes_typed WHERE sym = 'AAPL' ), ranked AS ( SELECT hour, bp, bs, ap, ROW_NUMBER() OVER (PARTITION BY hour ORDER BY t ASC) AS rn"
32291542,2026-08-13 22:54:11.238567,172.471605,32291542,quotes_shared.public.mv_tbl__quotes_typed__0,1,14963666896,84858377,0,0,0,0,168.6621,15,1,0,0,"WITH src AS ( SELECT DATE_TRUNC('hour', TIMESTAMP 'epoch' + t / 1000 * INTERVAL '1 second') AS hour, bp, bs, ap, t FROM quotes_typed WHERE sym = 'AAPL' ), ranked AS ( SELECT hour, bp, bs, ap, ROW_NUMBER() OVER (PARTITION BY hour ORDER BY t ASC) AS rn"
32291539,2026-08-13 22:54:11.238583,5.41491,32291539,,0,0,65,0,0,0,0,0.0079,0,77,0,0,"SELECT COUNT(*) AS days_traded, SUM(n_quotes) AS total_quotes, MIN(bp_min) AS lowest_bid, MAX(bp_max) AS highest_bid, MIN(ap_min) AS lowest_ask, MAX(ap_max) AS highest_ask, SUM(spread_sum) / SUM(n_quotes) AS avg_spread, SUM(bs_sum) AS total_bid_volum"
32291539,2026-08-13 22:54:11.238583,5.41491,32291539,quotes_shared.public.mv_tbl__quotes_daily__0,1,1834300,152,0,0,0,0,5.3086,60,6,0,0,"SELECT COUNT(*) AS days_traded, SUM(n_quotes) AS total_quotes, MIN(bp_min) AS lowest_bid, MAX(bp_max) AS highest_bid, MIN(ap_min) AS lowest_ask, MAX(ap_max) AS highest_ask, SUM(spread_sum) / SUM(n_quotes) AS avg_spread, SUM(bs_sum) AS total_bid_volum"
32291550,2026-08-13 22:54:17.612295,0.459434,32291550,,0,0,252,0,0,0,0,0.3576,91,64,0,0,"SELECT sym, COUNT(*) AS days_traded, SUM(n_quotes) AS total_quotes, MIN(bp_min) AS lowest_bid, MAX(bp_max) AS highest_bid, SUM(spread_sum) / SUM(n_quotes) AS avg_spread FROM quotes_daily WHERE sym IN ('AAPL', 'MSFT', 'GOOGL', 'AMZN', 'TSLA', 'META', "
32291550,2026-08-13 22:54:17.612295,0.459434,32291550,quotes_shared.public.mv_tbl__quotes_daily__0,1,1834347,1216,0,0,0,0,0.3520,48,92,0,0,"SELECT sym, COUNT(*) AS days_traded, SUM(n_quotes) AS total_quotes, MIN(bp_min) AS lowest_bid, MAX(bp_max) AS highest_bid, SUM(spread_sum) / SUM(n_quotes) AS avg_spread FROM quotes_daily WHERE sym IN ('AAPL', 'MSFT', 'GOOGL', 'AMZN', 'TSLA', 'META', "
32291559,2026-08-13 22:54:18.763545,0.129872,32291559,,0,0,377173,0,0,0,0,0.0187,12,21,0,0,"SELECT sym, pct_range FROM ( SELECT sym, (MAX(bp_max) - MIN(bp_min)) / MIN(bp_min) * 100 AS pct_range FROM quotes_daily GROUP BY sym ) t ORDER BY ABS(pct_range) DESC LIMIT 20"
32291559,2026-08-13 22:54:18.763545,0.129872,32291559,quotes_shared.public.mv_tbl__quotes_daily__0,1,1834347,1771089,0,0,0,0,0.0129,37,44,0,0,"SELECT sym, pct_range FROM ( SELECT sym, (MAX(bp_max) - MIN(bp_min)) / MIN(bp_min) * 100 AS pct_range FROM quotes_daily GROUP BY sym ) t ORDER BY ABS(pct_range) DESC LIMIT 20"
32291566,2026-08-13 22:54:19.552496,0.443768,32291566,,0,0,6025,0,0,0,0,0.3548,47,25,0,0,"SELECT day, SUM(n_quotes) AS total_quotes, SUM(bs_sum) + SUM(as_sum) AS total_volume, SUM(spread_sum) / SUM(n_quotes) AS avg_spread FROM quotes_daily GROUP BY day ORDER BY day"
32291566,2026-08-13 22:54:19.552496,0.443768,32291566,quotes_shared.public.mv_tbl__quotes_daily__0,1,1834347,1771089,0,0,0,0,0.3492,31,34,0,0,"SELECT day, SUM(n_quotes) AS total_quotes, SUM(bs_sum) + SUM(as_sum) AS total_volume, SUM(spread_sum) / SUM(n_quotes) AS avg_spread FROM quotes_daily GROUP BY day ORDER BY day"
32291654,2026-08-13 22:57:04.414993,290.449533,32291654,,0,0,97,0,0,0,0,0.0610,0,25,0,0,"WITH s AS ( SELECT (ap - bp) AS spread, (bp + ap) / 2.0 AS mid, bs AS bs, ""as"" AS az FROM quotes_typed WHERE sym = 'AAPL' ), agg AS ( SELECT COUNT(*)::float8 AS n, SUM(spread) AS s1, SUM(POWER(spread, 2)) AS s2, SUM(POWER(spread, 3)) AS s3, SUM(POWER"
32291654,2026-08-13 22:57:04.414993,290.449533,32291654,quotes_shared.public.mv_tbl__quotes_typed__0,1,15063867471,85006217,0,0,0,0,286.1623,19,11,0,0,"WITH s AS ( SELECT (ap - bp) AS spread, (bp + ap) / 2.0 AS mid, bs AS bs, ""as"" AS az FROM quotes_typed WHERE sym = 'AAPL' ), agg AS ( SELECT COUNT(*)::float8 AS n, SUM(spread) AS s1, SUM(POWER(spread, 2)) AS s2, SUM(POWER(spread, 3)) AS s3, SUM(POWER"
32291791,2026-08-13 23:01:55.556234,167.496925,32291791,,0,0,255607485,0,0,0,0,163.4186,26,36,0,0,"WITH src AS ( SELECT DATE_TRUNC('hour', TIMESTAMP 'epoch' + payload.t::bigint / 1000 * INTERVAL '1 second') AS hour, payload.bp::float8 AS bp, payload.bs::bigint AS bs, payload.ap::float8 AS ap, payload.t::bigint AS t FROM quotes_streamed WHERE sym ="
32291791,2026-08-13 23:01:55.556234,167.496925,32291791,quotes_shared.public.mv_tbl__quotes_streamed__0,1,33648943767,85202495,0,0,0,0,162.5045,12,0,0,0,"WITH src AS ( SELECT DATE_TRUNC('hour', TIMESTAMP 'epoch' + payload.t::bigint / 1000 * INTERVAL '1 second') AS hour, payload.bp::float8 AS bp, payload.bs::bigint AS bs, payload.ap::float8 AS ap, payload.t::bigint AS t FROM quotes_streamed WHERE sym ="
32291850,2026-08-13 23:03:56.853407,2.611005,32291850,,0,0,65,0,0,0,0,0.0022,0,28,0,0,"SELECT COALESCE(SUM(n_quotes), 0) FROM quotes_daily"
32291850,2026-08-13 23:03:56.853407,2.611005,32291850,quotes_shared.public.mv_tbl__quotes_daily__0,1,1851180,1782807,0,0,0,0,0.7932,53,23,0,0,"SELECT COALESCE(SUM(n_quotes), 0) FROM quotes_daily"
32291853,2026-08-13 23:03:59.466231,0.071783,32291853,,0,0,65,0,0,0,0,0.0018,0,24,0,0,SELECT COUNT(*) FROM quotes_daily
32291853,2026-08-13 23:03:59.466231,0.071783,32291853,quotes_shared.public.mv_tbl__quotes_daily__0,1,1851180,1782807,0,0,0,0,0.0013,40,12,0,0,SELECT COUNT(*) FROM quotes_daily
32291856,2026-08-13 23:03:59.539694,2.504183,32291856,,0,0,65,0,0,0,0,0.0022,0,29,0,0,"SELECT COUNT(*) AS days_traded, SUM(n_quotes) AS total_quotes, MIN(bp_min) AS lowest_bid, MAX(bp_max) AS highest_bid, MIN(ap_min) AS lowest_ask, MAX(ap_max) AS highest_ask, SUM(spread_sum) / SUM(n_quotes) AS avg_spread, SUM(bs_sum) AS total_bid_volum"
32291856,2026-08-13 23:03:59.539694,2.504183,32291856,quotes_shared.public.mv_tbl__quotes_daily__0,1,1851133,153,0,0,0,0,2.4247,63,26,0,0,"SELECT COUNT(*) AS days_traded, SUM(n_quotes) AS total_quotes, MIN(bp_min) AS lowest_bid, MAX(bp_max) AS highest_bid, MIN(ap_min) AS lowest_ask, MAX(ap_max) AS highest_ask, SUM(spread_sum) / SUM(n_quotes) AS avg_spread, SUM(bs_sum) AS total_bid_volum"
32291863,2026-08-13 23:04:02.731316,0.096781,32291863,,0,0,262,0,0,0,0,0.0110,91,24,0,0,"SELECT sym, COUNT(*) AS days_traded, SUM(n_quotes) AS total_quotes, MIN(bp_min) AS lowest_bid, MAX(bp_max) AS highest_bid, SUM(spread_sum) / SUM(n_quotes) AS avg_spread FROM quotes_daily WHERE sym IN ('AAPL', 'MSFT', 'GOOGL', 'AMZN', 'TSLA', 'META', "
32291863,2026-08-13 23:04:02.731316,0.096781,32291863,quotes_shared.public.mv_tbl__quotes_daily__0,1,1851180,1224,0,0,0,0,0.0067,41,25,0,0,"SELECT sym, COUNT(*) AS days_traded, SUM(n_quotes) AS total_quotes, MIN(bp_min) AS lowest_bid, MAX(bp_max) AS highest_bid, SUM(spread_sum) / SUM(n_quotes) AS avg_spread FROM quotes_daily WHERE sym IN ('AAPL', 'MSFT', 'GOOGL', 'AMZN', 'TSLA', 'META', "
32291870,2026-08-13 23:04:03.491236,0.091523,32291870,,0,0,380650,0,0,0,0,0.0119,12,26,0,0,"SELECT sym, pct_range FROM ( SELECT sym, (MAX(bp_max) - MIN(bp_min)) / MIN(bp_min) * 100 AS pct_range FROM quotes_daily GROUP BY sym ) t ORDER BY ABS(pct_range) DESC LIMIT 20"
32291870,2026-08-13 23:04:03.491236,0.091523,32291870,quotes_shared.public.mv_tbl__quotes_daily__0,1,1851180,1782807,0,0,0,0,0.0062,24,26,0,0,"SELECT sym, pct_range FROM ( SELECT sym, (MAX(bp_max) - MIN(bp_min)) / MIN(bp_min) * 100 AS pct_range FROM quotes_daily GROUP BY sym ) t ORDER BY ABS(pct_range) DESC LIMIT 20"
32291877,2026-08-13 23:04:04.274001,0.427651,32291877,,0,0,6066,0,0,0,0,0.3453,47,21,0,0,"SELECT day, SUM(n_quotes) AS total_quotes, SUM(bs_sum) + SUM(as_sum) AS total_volume, SUM(spread_sum) / SUM(n_quotes) AS avg_spread FROM quotes_daily GROUP BY day ORDER BY day"
32291877,2026-08-13 23:04:04.274001,0.427651,32291877,quotes_shared.public.mv_tbl__quotes_daily__0,1,1851180,1782807,0,0,0,0,0.3408,38,32,0,0,"SELECT day, SUM(n_quotes) AS total_quotes, SUM(bs_sum) + SUM(as_sum) AS total_volume, SUM(spread_sum) / SUM(n_quotes) AS avg_spread FROM quotes_daily GROUP BY day ORDER BY day"
32291913,2026-08-13 23:04:43.765512,112.514717,32291913,,0,0,97,0,0,0,0,0.0590,0,30,0,0,"WITH s AS ( SELECT (payload.ap::float8 - payload.bp::float8) AS spread, (payload.bp::float8 + payload.ap::float8) / 2.0 AS mid, payload.bs::bigint AS bs, payload.""as""::bigint AS az FROM quotes_streamed WHERE sym = 'AAPL' ), agg AS ( SELECT COUNT(*)::"
32291913,2026-08-13 23:04:43.765512,112.514717,32291913,quotes_shared.public.mv_tbl__quotes_streamed__0,1,33819807590,85360057,0,0,0,0,109.2024,12,4,0,0,"WITH s AS ( SELECT (payload.ap::float8 - payload.bp::float8) AS spread, (payload.bp::float8 + payload.ap::float8) / 2.0 AS mid, payload.bs::bigint AS bs, payload.""as""::bigint AS az FROM quotes_streamed WHERE sym = 'AAPL' ), agg AS ( SELECT COUNT(*)::"
32292197,2026-08-13 23:13:56.849700,3.00579,32292197,,0,0,65,0,0,0,0,0.0025,0,32,0,0,"SELECT COALESCE(SUM(n_quotes), 0) FROM quotes_daily"
32292197,2026-08-13 23:13:56.849700,3.00579,32292197,quotes_shared.public.mv_tbl__quotes_daily__0,1,1854411,1787875,0,0,0,0,0.7026,25,23,0,0,"SELECT COALESCE(SUM(n_quotes), 0) FROM quotes_daily"
32292201,2026-08-13 23:13:59.857230,0.087724,32292201,,0,0,65,0,0,0,0,0.0016,0,17,0,0,SELECT COUNT(*) FROM quotes_daily
32292201,2026-08-13 23:13:59.857230,0.087724,32292201,quotes_shared.public.mv_tbl__quotes_daily__0,1,1854411,1787875,0,0,0,0,0.0009,40,11,0,0,SELECT COUNT(*) FROM quotes_daily
32292205,2026-08-13 23:13:59.946632,1.926572,32292205,,0,0,65,0,0,0,0,0.0020,0,22,0,0,"SELECT COUNT(*) AS days_traded, SUM(n_quotes) AS total_quotes, MIN(bp_min) AS lowest_bid, MAX(bp_max) AS highest_bid, MIN(ap_min) AS lowest_ask, MAX(ap_max) AS highest_ask, SUM(spread_sum) / SUM(n_quotes) AS avg_spread, SUM(bs_sum) AS total_bid_volum"
32292205,2026-08-13 23:13:59.946632,1.926572,32292205,quotes_shared.public.mv_tbl__quotes_daily__0,1,1854364,154,0,0,0,0,1.8093,59,23,0,0,"SELECT COUNT(*) AS days_traded, SUM(n_quotes) AS total_quotes, MIN(bp_min) AS lowest_bid, MAX(bp_max) AS highest_bid, MIN(ap_min) AS lowest_ask, MAX(ap_max) AS highest_ask, SUM(spread_sum) / SUM(n_quotes) AS avg_spread, SUM(bs_sum) AS total_bid_volum"
32292220,2026-08-13 23:14:02.541938,0.11064,32292220,,0,0,261,0,0,0,0,0.0074,91,26,0,0,"SELECT sym, COUNT(*) AS days_traded, SUM(n_quotes) AS total_quotes, MIN(bp_min) AS lowest_bid, MAX(bp_max) AS highest_bid, SUM(spread_sum) / SUM(n_quotes) AS avg_spread FROM quotes_daily WHERE sym IN ('AAPL', 'MSFT', 'GOOGL', 'AMZN', 'TSLA', 'META', "
32292220,2026-08-13 23:14:02.541938,0.11064,32292220,quotes_shared.public.mv_tbl__quotes_daily__0,1,1854411,1231,0,0,0,0,0.0043,33,7,0,0,"SELECT sym, COUNT(*) AS days_traded, SUM(n_quotes) AS total_quotes, MIN(bp_min) AS lowest_bid, MAX(bp_max) AS highest_bid, SUM(spread_sum) / SUM(n_quotes) AS avg_spread FROM quotes_daily WHERE sym IN ('AAPL', 'MSFT', 'GOOGL', 'AMZN', 'TSLA', 'META', "
32292227,2026-08-13 23:14:03.325976,0.107896,32292227,,0,0,381154,0,0,0,0,0.0097,12,29,0,0,"SELECT sym, pct_range FROM ( SELECT sym, (MAX(bp_max) - MIN(bp_min)) / MIN(bp_min) * 100 AS pct_range FROM quotes_daily GROUP BY sym ) t ORDER BY ABS(pct_range) DESC LIMIT 20"
32292227,2026-08-13 23:14:03.325976,0.107896,32292227,quotes_shared.public.mv_tbl__quotes_daily__0,1,1854411,1787875,0,0,0,0,0.0065,11,26,0,0,"SELECT sym, pct_range FROM ( SELECT sym, (MAX(bp_max) - MIN(bp_min)) / MIN(bp_min) * 100 AS pct_range FROM quotes_daily GROUP BY sym ) t ORDER BY ABS(pct_range) DESC LIMIT 20"
32292234,2026-08-13 23:14:04.097539,0.372612,32292234,,0,0,6112,0,0,0,0,0.2746,47,26,0,0,"SELECT day, SUM(n_quotes) AS total_quotes, SUM(bs_sum) + SUM(as_sum) AS total_volume, SUM(spread_sum) / SUM(n_quotes) AS avg_spread FROM quotes_daily GROUP BY day ORDER BY day"
32292234,2026-08-13 23:14:04.097539,0.372612,32292234,quotes_shared.public.mv_tbl__quotes_daily__0,1,1854411,1787875,0,0,0,0,0.2714,38,33,0,0,"SELECT day, SUM(n_quotes) AS total_quotes, SUM(bs_sum) + SUM(as_sum) AS total_volume, SUM(spread_sum) / SUM(n_quotes) AS avg_spread FROM quotes_daily GROUP BY day ORDER BY day"
32494597,2026-08-13 23:24:07.732615,3.765928,32494597,,0,0,65,0,0,0,0,0.0025,0,25,0,0,"SELECT COALESCE(SUM(n_quotes), 0) FROM quotes_daily"
32494597,2026-08-13 23:24:07.732615,3.765928,32494597,quotes_shared.public.mv_tbl__quotes_daily__0,1,1849456,1794700,0,0,0,0,1.1297,38,18,0,0,"SELECT COALESCE(SUM(n_quotes), 0) FROM quotes_daily"
32494600,2026-08-13 23:24:11.500451,0.087869,32494600,,0,0,65,0,0,0,0,0.0033,0,23,0,0,SELECT COUNT(*) FROM quotes_daily
32494600,2026-08-13 23:24:11.500451,0.087869,32494600,quotes_shared.public.mv_tbl__quotes_daily__0,1,1848812,1794700,0,0,0,0,0.0016,44,19,0,0,SELECT COUNT(*) FROM quotes_daily
32494603,2026-08-13 23:24:11.590056,2.966773,32494603,,0,0,65,0,0,0,0,0.0029,0,26,0,0,"SELECT COUNT(*) AS days_traded, SUM(n_quotes) AS total_quotes, MIN(bp_min) AS lowest_bid, MAX(bp_max) AS highest_bid, MIN(ap_min) AS lowest_ask, MAX(ap_max) AS highest_ask, SUM(spread_sum) / SUM(n_quotes) AS avg_spread, SUM(bs_sum) AS total_bid_volum"
32494603,2026-08-13 23:24:11.590056,2.966773,32494603,quotes_shared.public.mv_tbl__quotes_daily__0,1,1849409,154,0,0,0,0,2.8716,56,15,0,0,"SELECT COUNT(*) AS days_traded, SUM(n_quotes) AS total_quotes, MIN(bp_min) AS lowest_bid, MAX(bp_max) AS highest_bid, MIN(ap_min) AS lowest_ask, MAX(ap_max) AS highest_ask, SUM(spread_sum) / SUM(n_quotes) AS avg_spread, SUM(bs_sum) AS total_bid_volum"
32494610,2026-08-13 23:24:15.612075,0.434649,32494610,,0,0,262,0,0,0,0,0.3328,91,25,0,0,"SELECT sym, COUNT(*) AS days_traded, SUM(n_quotes) AS total_quotes, MIN(bp_min) AS lowest_bid, MAX(bp_max) AS highest_bid, SUM(spread_sum) / SUM(n_quotes) AS avg_spread FROM quotes_daily WHERE sym IN ('AAPL', 'MSFT', 'GOOGL', 'AMZN', 'TSLA', 'META', "
32494610,2026-08-13 23:24:15.612075,0.434649,32494610,quotes_shared.public.mv_tbl__quotes_daily__0,1,1849423,1232,0,0,0,0,0.3285,33,92,0,0,"SELECT sym, COUNT(*) AS days_traded, SUM(n_quotes) AS total_quotes, MIN(bp_min) AS lowest_bid, MAX(bp_max) AS highest_bid, SUM(spread_sum) / SUM(n_quotes) AS avg_spread FROM quotes_daily WHERE sym IN ('AAPL', 'MSFT', 'GOOGL', 'AMZN', 'TSLA', 'META', "
32494617,2026-08-13 23:24:16.693355,0.098873,32494617,,0,0,380902,0,0,0,0,0.0137,12,25,0,0,"SELECT sym, pct_range FROM ( SELECT sym, (MAX(bp_max) - MIN(bp_min)) / MIN(bp_min) * 100 AS pct_range FROM quotes_daily GROUP BY sym ) t ORDER BY ABS(pct_range) DESC LIMIT 20"
32494617,2026-08-13 23:24:16.693355,0.098873,32494617,quotes_shared.public.mv_tbl__quotes_daily__0,1,1849456,1794700,0,0,0,0,0.0093,23,27,0,0,"SELECT sym, pct_range FROM ( SELECT sym, (MAX(bp_max) - MIN(bp_min)) / MIN(bp_min) * 100 AS pct_range FROM quotes_daily GROUP BY sym ) t ORDER BY ABS(pct_range) DESC LIMIT 20"
32494635,2026-08-13 23:24:17.477350,0.59153,32494635,,0,0,6115,0,0,0,0,0.5104,47,41,0,0,"SELECT day, SUM(n_quotes) AS total_quotes, SUM(bs_sum) + SUM(as_sum) AS total_volume, SUM(spread_sum) / SUM(n_quotes) AS avg_spread FROM quotes_daily GROUP BY day ORDER BY day"
32494635,2026-08-13 23:24:17.477350,0.59153,32494635,quotes_shared.public.mv_tbl__quotes_daily__0,1,1849456,1794700,0,0,0,0,0.5073,38,30,0,0,"SELECT day, SUM(n_quotes) AS total_quotes, SUM(bs_sum) + SUM(as_sum) AS total_volume, SUM(spread_sum) / SUM(n_quotes) AS avg_spread FROM quotes_daily GROUP BY day ORDER BY day"
32697669,2026-08-13 23:34:07.723000,3.675857,32697669,,0,0,65,0,0,0,0,0.0026,0,31,0,0,"SELECT COALESCE(SUM(n_quotes), 0) FROM quotes_daily"
32697669,2026-08-13 23:34:07.723000,3.675857,32697669,quotes_shared.public.mv_tbl__quotes_daily__0,1,1861038,1806506,0,0,0,0,0.7864,40,19,0,0,"SELECT COALESCE(SUM(n_quotes), 0) FROM quotes_daily"
32697672,2026-08-13 23:34:11.400714,0.098574,32697672,,0,0,65,0,0,0,0,0.0058,0,22,0,0,SELECT COUNT(*) FROM quotes_daily
32697672,2026-08-13 23:34:11.400714,0.098574,32697672,quotes_shared.public.mv_tbl__quotes_daily__0,1,1860937,1806506,0,0,0,0,0.0021,46,24,0,0,SELECT COUNT(*) FROM quotes_daily
32697675,2026-08-13 23:34:11.501082,2.322745,32697675,,0,0,65,0,0,0,0,0.0021,0,22,0,0,"SELECT COUNT(*) AS days_traded, SUM(n_quotes) AS total_quotes, MIN(bp_min) AS lowest_bid, MAX(bp_max) AS highest_bid, MIN(ap_min) AS lowest_ask, MAX(ap_max) AS highest_ask, SUM(spread_sum) / SUM(n_quotes) AS avg_spread, SUM(bs_sum) AS total_bid_volum"
32697675,2026-08-13 23:34:11.501082,2.322745,32697675,quotes_shared.public.mv_tbl__quotes_daily__0,1,1860991,155,0,0,0,0,2.2163,55,30,0,0,"SELECT COUNT(*) AS days_traded, SUM(n_quotes) AS total_quotes, MIN(bp_min) AS lowest_bid, MAX(bp_max) AS highest_bid, MIN(ap_min) AS lowest_ask, MAX(ap_max) AS highest_ask, SUM(spread_sum) / SUM(n_quotes) AS avg_spread, SUM(bs_sum) AS total_bid_volum"
32697686,2026-08-13 23:34:14.809719,0.457059,32697686,,0,0,258,0,0,0,0,0.3658,91,27,0,0,"SELECT sym, COUNT(*) AS days_traded, SUM(n_quotes) AS total_quotes, MIN(bp_min) AS lowest_bid, MAX(bp_max) AS highest_bid, SUM(spread_sum) / SUM(n_quotes) AS avg_spread FROM quotes_daily WHERE sym IN ('AAPL', 'MSFT', 'GOOGL', 'AMZN', 'TSLA', 'META', "
32697686,2026-08-13 23:34:14.809719,0.457059,32697686,quotes_shared.public.mv_tbl__quotes_daily__0,1,1861038,1240,0,0,0,0,0.3626,44,92,0,0,"SELECT sym, COUNT(*) AS days_traded, SUM(n_quotes) AS total_quotes, MIN(bp_min) AS lowest_bid, MAX(bp_max) AS highest_bid, SUM(spread_sum) / SUM(n_quotes) AS avg_spread FROM quotes_daily WHERE sym IN ('AAPL', 'MSFT', 'GOOGL', 'AMZN', 'TSLA', 'META', "
32697693,2026-08-13 23:34:15.956238,0.101892,32697693,,0,0,381438,0,0,0,0,0.0132,11,24,0,0,"SELECT sym, pct_range FROM ( SELECT sym, (MAX(bp_max) - MIN(bp_min)) / MIN(bp_min) * 100 AS pct_range FROM quotes_daily GROUP BY sym ) t ORDER BY ABS(pct_range) DESC LIMIT 20"
32697693,2026-08-13 23:34:15.956238,0.101892,32697693,quotes_shared.public.mv_tbl__quotes_daily__0,1,1861038,1806506,0,0,0,0,0.0098,36,33,0,0,"SELECT sym, pct_range FROM ( SELECT sym, (MAX(bp_max) - MIN(bp_min)) / MIN(bp_min) * 100 AS pct_range FROM quotes_daily GROUP BY sym ) t ORDER BY ABS(pct_range) DESC LIMIT 20"
32697700,2026-08-13 23:34:16.751103,0.454518,32697700,,0,0,6142,0,0,0,0,0.3714,46,20,0,0,"SELECT day, SUM(n_quotes) AS total_quotes, SUM(bs_sum) + SUM(as_sum) AS total_volume, SUM(spread_sum) / SUM(n_quotes) AS avg_spread FROM quotes_daily GROUP BY day ORDER BY day"
32697700,2026-08-13 23:34:16.751103,0.454518,32697700,quotes_shared.public.mv_tbl__quotes_daily__0,1,1861038,1806506,0,0,0,0,0.3682,29,40,0,0,"SELECT day, SUM(n_quotes) AS total_quotes, SUM(bs_sum) + SUM(as_sum) AS total_volume, SUM(spread_sum) / SUM(n_quotes) AS avg_spread FROM quotes_daily GROUP BY day ORDER BY day"
32900741,2026-08-13 23:44:08.308478,3.395256,32900741,,0,0,65,0,0,0,0,0.0026,0,28,0,0,"SELECT COALESCE(SUM(n_quotes), 0) FROM quotes_daily"
32900741,2026-08-13 23:44:08.308478,3.395256,32900741,quotes_shared.public.mv_tbl__quotes_daily__0,1,1976062,1822877,0,0,0,0,0.9302,49,28,0,0,"SELECT COALESCE(SUM(n_quotes), 0) FROM quotes_daily"
32900744,2026-08-13 23:44:11.705711,0.07901,32900744,,0,0,65,0,0,0,0,0.0059,0,20,0,0,SELECT COUNT(*) FROM quotes_daily
32900744,2026-08-13 23:44:11.705711,0.07901,32900744,quotes_shared.public.mv_tbl__quotes_daily__0,1,1975873,1822877,0,0,0,0,0.0024,48,50,0,0,SELECT COUNT(*) FROM quotes_daily
32900747,2026-08-13 23:44:11.786579,2.594608,32900747,,0,0,65,0,0,0,0,0.0021,0,30,0,0,"SELECT COUNT(*) AS days_traded, SUM(n_quotes) AS total_quotes, MIN(bp_min) AS lowest_bid, MAX(bp_max) AS highest_bid, MIN(ap_min) AS lowest_ask, MAX(ap_max) AS highest_ask, SUM(spread_sum) / SUM(n_quotes) AS avg_spread, SUM(bs_sum) AS total_bid_volum"
32900747,2026-08-13 23:44:11.786579,2.594608,32900747,quotes_shared.public.mv_tbl__quotes_daily__0,1,1975941,156,0,0,0,0,2.5049,59,37,0,0,"SELECT COUNT(*) AS days_traded, SUM(n_quotes) AS total_quotes, MIN(bp_min) AS lowest_bid, MAX(bp_max) AS highest_bid, MIN(ap_min) AS lowest_ask, MAX(ap_max) AS highest_ask, SUM(spread_sum) / SUM(n_quotes) AS avg_spread, SUM(bs_sum) AS total_bid_volum"
32900754,2026-08-13 23:44:15.312452,0.451169,32900754,,0,0,259,0,0,0,0,0.3583,91,21,0,0,"SELECT sym, COUNT(*) AS days_traded, SUM(n_quotes) AS total_quotes, MIN(bp_min) AS lowest_bid, MAX(bp_max) AS highest_bid, SUM(spread_sum) / SUM(n_quotes) AS avg_spread FROM quotes_daily WHERE sym IN ('AAPL', 'MSFT', 'GOOGL', 'AMZN', 'TSLA', 'META', "
32900754,2026-08-13 23:44:15.312452,0.451169,32900754,quotes_shared.public.mv_tbl__quotes_daily__0,1,1976062,1248,0,0,0,0,0.3543,41,93,0,0,"SELECT sym, COUNT(*) AS days_traded, SUM(n_quotes) AS total_quotes, MIN(bp_min) AS lowest_bid, MAX(bp_max) AS highest_bid, SUM(spread_sum) / SUM(n_quotes) AS avg_spread FROM quotes_daily WHERE sym IN ('AAPL', 'MSFT', 'GOOGL', 'AMZN', 'TSLA', 'META', "
32900761,2026-08-13 23:44:16.459185,0.094474,32900761,,0,0,382612,0,0,0,0,0.0147,11,89,0,0,"SELECT sym, pct_range FROM ( SELECT sym, (MAX(bp_max) - MIN(bp_min)) / MIN(bp_min) * 100 AS pct_range FROM quotes_daily GROUP BY sym ) t ORDER BY ABS(pct_range) DESC LIMIT 20"
32900761,2026-08-13 23:44:16.459185,0.094474,32900761,quotes_shared.public.mv_tbl__quotes_daily__0,1,1976062,1822877,0,0,0,0,0.0088,27,43,0,0,"SELECT sym, pct_range FROM ( SELECT sym, (MAX(bp_max) - MIN(bp_min)) / MIN(bp_min) * 100 AS pct_range FROM quotes_daily GROUP BY sym ) t ORDER BY ABS(pct_range) DESC LIMIT 20"
32900768,2026-08-13 23:44:17.215649,0.521406,32900768,,0,0,6191,0,0,0,0,0.4475,46,19,0,0,"SELECT day, SUM(n_quotes) AS total_quotes, SUM(bs_sum) + SUM(as_sum) AS total_volume, SUM(spread_sum) / SUM(n_quotes) AS avg_spread FROM quotes_daily GROUP BY day ORDER BY day"
32900768,2026-08-13 23:44:17.215649,0.521406,32900768,quotes_shared.public.mv_tbl__quotes_daily__0,1,1976062,1822877,0,0,0,0,0.4444,35,49,0,0,"SELECT day, SUM(n_quotes) AS total_quotes, SUM(bs_sum) + SUM(as_sum) AS total_volume, SUM(spread_sum) / SUM(n_quotes) AS avg_spread FROM quotes_daily GROUP BY day ORDER BY day"
33103813,2026-08-13 23:54:08.367237,3.023371,33103813,,0,0,65,0,0,0,0,0.0079,0,42,0,0,"SELECT COALESCE(SUM(n_quotes), 0) FROM quotes_daily"
33103813,2026-08-13 23:54:08.367237,3.023371,33103813,quotes_shared.public.mv_tbl__quotes_daily__0,1,1911733,1834766,0,0,0,0,0.6694,50,19,0,0,"SELECT COALESCE(SUM(n_quotes), 0) FROM quotes_daily"
33103815,2026-08-13 23:54:08.367959,3.02221,33103815,,0,0,65,0,0,0,0,0.0050,0,29,0,0,"SELECT COALESCE(SUM(n_quotes), 0) FROM quotes_daily"
33103815,2026-08-13 23:54:08.367959,3.02221,33103815,quotes_shared.public.mv_tbl__quotes_daily__0,1,1911733,1834766,0,0,0,0,0.5609,67,23,0,0,"SELECT COALESCE(SUM(n_quotes), 0) FROM quotes_daily"
33103820,2026-08-13 23:54:11.391939,0.09778,33103820,,0,0,65,0,0,0,0,0.0090,0,25,0,0,SELECT COUNT(*) FROM quotes_daily
33103820,2026-08-13 23:54:11.391939,0.09778,33103820,quotes_shared.public.mv_tbl__quotes_daily__0,1,1911578,1834766,0,0,0,0,0.0037,47,33,0,0,SELECT COUNT(*) FROM quotes_daily
33103819,2026-08-13 23:54:11.392308,0.096748,33103819,,0,0,65,0,0,0,0,0.0095,0,81,0,0,SELECT COUNT(*) FROM quotes_daily
33103819,2026-08-13 23:54:11.392308,0.096748,33103819,quotes_shared.public.mv_tbl__quotes_daily__0,1,1911578,1834766,0,0,0,0,0.0035,52,41,0,0,SELECT COUNT(*) FROM quotes_daily
33103828,2026-08-13 23:54:11.490674,176.77334,33103828,,0,0,264401283,0,0,0,0,173.6917,24,26,0,0,"WITH src AS ( SELECT DATE_TRUNC('hour', TIMESTAMP 'epoch' + t / 1000 * INTERVAL '1 second') AS hour, bp, bs, ap, t FROM quotes_typed WHERE sym = 'AAPL' ), ranked AS ( SELECT hour, bp, bs, ap, ROW_NUMBER() OVER (PARTITION BY hour ORDER BY t ASC) AS rn"
33103828,2026-08-13 23:54:11.490674,176.77334,33103828,quotes_shared.public.mv_tbl__quotes_typed__0,1,15176813388,88133761,0,0,0,0,173.1760,44,11,0,0,"WITH src AS ( SELECT DATE_TRUNC('hour', TIMESTAMP 'epoch' + t / 1000 * INTERVAL '1 second') AS hour, bp, bs, ap, t FROM quotes_typed WHERE sym = 'AAPL' ), ranked AS ( SELECT hour, bp, bs, ap, ROW_NUMBER() OVER (PARTITION BY hour ORDER BY t ASC) AS rn"
33103825,2026-08-13 23:54:11.491467,5.198235,33103825,,0,0,65,0,0,0,0,0.0072,0,37,0,0,"SELECT COUNT(*) AS days_traded, SUM(n_quotes) AS total_quotes, MIN(bp_min) AS lowest_bid, MAX(bp_max) AS highest_bid, MIN(ap_min) AS lowest_ask, MAX(ap_max) AS highest_ask, SUM(spread_sum) / SUM(n_quotes) AS avg_spread, SUM(bs_sum) AS total_bid_volum"
33103825,2026-08-13 23:54:11.491467,5.198235,33103825,quotes_shared.public.mv_tbl__quotes_daily__0,1,1911686,157,0,0,0,0,5.0946,62,7,0,0,"SELECT COUNT(*) AS days_traded, SUM(n_quotes) AS total_quotes, MIN(bp_min) AS lowest_bid, MAX(bp_max) AS highest_bid, MIN(ap_min) AS lowest_ask, MAX(ap_max) AS highest_ask, SUM(spread_sum) / SUM(n_quotes) AS avg_spread, SUM(bs_sum) AS total_bid_volum"
33103836,2026-08-13 23:54:17.696064,0.439134,33103836,,0,0,263,0,0,0,0,0.3337,91,19,0,0,"SELECT sym, COUNT(*) AS days_traded, SUM(n_quotes) AS total_quotes, MIN(bp_min) AS lowest_bid, MAX(bp_max) AS highest_bid, SUM(spread_sum) / SUM(n_quotes) AS avg_spread FROM quotes_daily WHERE sym IN ('AAPL', 'MSFT', 'GOOGL', 'AMZN', 'TSLA', 'META', "
33103836,2026-08-13 23:54:17.696064,0.439134,33103836,quotes_shared.public.mv_tbl__quotes_daily__0,1,1911733,1256,0,0,0,0,0.3282,37,92,0,0,"SELECT sym, COUNT(*) AS days_traded, SUM(n_quotes) AS total_quotes, MIN(bp_min) AS lowest_bid, MAX(bp_max) AS highest_bid, SUM(spread_sum) / SUM(n_quotes) AS avg_spread FROM quotes_daily WHERE sym IN ('AAPL', 'MSFT', 'GOOGL', 'AMZN', 'TSLA', 'META', "
33103845,2026-08-13 23:54:18.904133,0.277393,33103845,,0,0,381188,0,0,0,0,0.1932,12,63,0,0,"SELECT sym, pct_range FROM ( SELECT sym, (MAX(bp_max) - MIN(bp_min)) / MIN(bp_min) * 100 AS pct_range FROM quotes_daily GROUP BY sym ) t ORDER BY ABS(pct_range) DESC LIMIT 20"
33103845,2026-08-13 23:54:18.904133,0.277393,33103845,quotes_shared.public.mv_tbl__quotes_daily__0,1,1911733,1834766,0,0,0,0,0.0232,31,55,0,0,"SELECT sym, pct_range FROM ( SELECT sym, (MAX(bp_max) - MIN(bp_min)) / MIN(bp_min) * 100 AS pct_range FROM quotes_daily GROUP BY sym ) t ORDER BY ABS(pct_range) DESC LIMIT 20"
33103852,2026-08-13 23:54:20.017900,0.508275,33103852,,0,0,6227,0,0,0,0,0.4249,46,53,0,0,"SELECT day, SUM(n_quotes) AS total_quotes, SUM(bs_sum) + SUM(as_sum) AS total_volume, SUM(spread_sum) / SUM(n_quotes) AS avg_spread FROM quotes_daily GROUP BY day ORDER BY day"
33103852,2026-08-13 23:54:20.017900,0.508275,33103852,quotes_shared.public.mv_tbl__quotes_daily__0,1,1911733,1834766,0,0,0,0,0.4143,42,48,0,0,"SELECT day, SUM(n_quotes) AS total_quotes, SUM(bs_sum) + SUM(as_sum) AS total_volume, SUM(spread_sum) / SUM(n_quotes) AS avg_spread FROM quotes_daily GROUP BY day ORDER BY day"
33103956,2026-08-13 23:57:09.048073,279.474753,33103956,,0,0,97,0,0,0,0,0.0603,0,29,0,0,"WITH s AS ( SELECT (ap - bp) AS spread, (bp + ap) / 2.0 AS mid, bs AS bs, ""as"" AS az FROM quotes_typed WHERE sym = 'AAPL' ), agg AS ( SELECT COUNT(*)::float8 AS n, SUM(spread) AS s1, SUM(POWER(spread, 2)) AS s2, SUM(POWER(spread, 3)) AS s3, SUM(POWER"
33103956,2026-08-13 23:57:09.048073,279.474753,33103956,quotes_shared.public.mv_tbl__quotes_typed__0,1,11086623522,88268918,0,0,0,0,275.4899,41,20,0,0,"WITH s AS ( SELECT (ap - bp) AS spread, (bp + ap) / 2.0 AS mid, bs AS bs, ""as"" AS az FROM quotes_typed WHERE sym = 'AAPL' ), agg AS ( SELECT COUNT(*)::float8 AS n, SUM(spread) AS s1, SUM(POWER(spread, 2)) AS s2, SUM(POWER(spread, 3)) AS s3, SUM(POWER"
33104089,2026-08-14 00:01:49.357629,68.991651,33104089,,0,0,265435188,0,0,0,0,64.8837,24,31,0,0,"WITH src AS ( SELECT DATE_TRUNC('hour', TIMESTAMP 'epoch' + payload.t::bigint / 1000 * INTERVAL '1 second') AS hour, payload.bp::float8 AS bp, payload.bs::bigint AS bs, payload.ap::float8 AS ap, payload.t::bigint AS t FROM quotes_streamed WHERE sym ="
33104089,2026-08-14 00:01:49.357629,68.991651,33104089,quotes_shared.public.mv_tbl__quotes_streamed__0,1,11885825260,88478396,0,0,0,0,64.0006,6,1,0,0,"WITH src AS ( SELECT DATE_TRUNC('hour', TIMESTAMP 'epoch' + payload.t::bigint / 1000 * INTERVAL '1 second') AS hour, payload.bp::float8 AS bp, payload.bs::bigint AS bs, payload.ap::float8 AS ap, payload.t::bigint AS t FROM quotes_streamed WHERE sym ="
33104125,2026-08-14 00:02:59.146906,19.20964,33104125,,0,0,97,0,0,0,0,0.0555,0,30,0,0,"WITH s AS ( SELECT (payload.ap::float8 - payload.bp::float8) AS spread, (payload.bp::float8 + payload.ap::float8) / 2.0 AS mid, payload.bs::bigint AS bs, payload.""as""::bigint AS az FROM quotes_streamed WHERE sym = 'AAPL' ), agg AS ( SELECT COUNT(*)::"
33104125,2026-08-14 00:02:59.146906,19.20964,33104125,quotes_shared.public.mv_tbl__quotes_streamed__0,1,11960271560,88531378,0,0,0,0,16.3663,7,7,0,0,"WITH s AS ( SELECT (payload.ap::float8 - payload.bp::float8) AS spread, (payload.bp::float8 + payload.ap::float8) / 2.0 AS mid, payload.bs::bigint AS bs, payload.""as""::bigint AS az FROM quotes_streamed WHERE sym = 'AAPL' ), agg AS ( SELECT COUNT(*)::"
33104173,2026-08-14 00:03:56.843630,3.668458,33104173,,0,0,65,0,0,0,0,0.0019,0,21,0,0,"SELECT COALESCE(SUM(n_quotes), 0) FROM quotes_daily"
33104173,2026-08-14 00:03:56.843630,3.668458,33104173,quotes_shared.public.mv_tbl__quotes_daily__0,1,1889292,1846607,0,0,0,0,2.3010,28,69,0,0,"SELECT COALESCE(SUM(n_quotes), 0) FROM quotes_daily"
33104176,2026-08-14 00:04:00.513727,0.068169,33104176,,0,0,65,0,0,0,0,0.0014,0,24,0,0,SELECT COUNT(*) FROM quotes_daily
33104176,2026-08-14 00:04:00.513727,0.068169,33104176,quotes_shared.public.mv_tbl__quotes_daily__0,1,1888938,1846607,0,0,0,0,0.0010,39,9,0,0,SELECT COUNT(*) FROM quotes_daily
33104179,2026-08-14 00:04:00.583521,2.52079,33104179,,0,0,65,0,0,0,0,0.0018,0,30,0,0,"SELECT COUNT(*) AS days_traded, SUM(n_quotes) AS total_quotes, MIN(bp_min) AS lowest_bid, MAX(bp_max) AS highest_bid, MIN(ap_min) AS lowest_ask, MAX(ap_max) AS highest_ask, SUM(spread_sum) / SUM(n_quotes) AS avg_spread, SUM(bs_sum) AS total_bid_volum"
33104179,2026-08-14 00:04:00.583521,2.52079,33104179,quotes_shared.public.mv_tbl__quotes_daily__0,1,1889245,158,0,0,0,0,2.4436,55,24,0,0,"SELECT COUNT(*) AS days_traded, SUM(n_quotes) AS total_quotes, MIN(bp_min) AS lowest_bid, MAX(bp_max) AS highest_bid, MIN(ap_min) AS lowest_ask, MAX(ap_max) AS highest_ask, SUM(spread_sum) / SUM(n_quotes) AS avg_spread, SUM(bs_sum) AS total_bid_volum"
33104186,2026-08-14 00:04:03.874294,0.093212,33104186,,0,0,262,0,0,0,0,0.0074,91,28,0,0,"SELECT sym, COUNT(*) AS days_traded, SUM(n_quotes) AS total_quotes, MIN(bp_min) AS lowest_bid, MAX(bp_max) AS highest_bid, SUM(spread_sum) / SUM(n_quotes) AS avg_spread FROM quotes_daily WHERE sym IN ('AAPL', 'MSFT', 'GOOGL', 'AMZN', 'TSLA', 'META', "
33104186,2026-08-14 00:04:03.874294,0.093212,33104186,quotes_shared.public.mv_tbl__quotes_daily__0,1,1889292,1264,0,0,0,0,0.0044,38,9,0,0,"SELECT sym, COUNT(*) AS days_traded, SUM(n_quotes) AS total_quotes, MIN(bp_min) AS lowest_bid, MAX(bp_max) AS highest_bid, SUM(spread_sum) / SUM(n_quotes) AS avg_spread FROM quotes_daily WHERE sym IN ('AAPL', 'MSFT', 'GOOGL', 'AMZN', 'TSLA', 'META', "
33104195,2026-08-14 00:04:08.758432,0.086359,33104195,,0,0,384345,0,0,0,0,0.0081,12,25,0,0,"SELECT sym, pct_range FROM ( SELECT sym, (MAX(bp_max) - MIN(bp_min)) / MIN(bp_min) * 100 AS pct_range FROM quotes_daily GROUP BY sym ) t ORDER BY ABS(pct_range) DESC LIMIT 20"
33104195,2026-08-14 00:04:08.758432,0.086359,33104195,quotes_shared.public.mv_tbl__quotes_daily__0,1,1889292,1846607,0,0,0,0,0.0058,13,23,0,0,"SELECT sym, pct_range FROM ( SELECT sym, (MAX(bp_max) - MIN(bp_min)) / MIN(bp_min) * 100 AS pct_range FROM quotes_daily GROUP BY sym ) t ORDER BY ABS(pct_range) DESC LIMIT 20"
33104202,2026-08-14 00:04:09.549445,0.460391,33104202,,0,0,6273,0,0,0,0,0.3834,46,23,0,0,"SELECT day, SUM(n_quotes) AS total_quotes, SUM(bs_sum) + SUM(as_sum) AS total_volume, SUM(spread_sum) / SUM(n_quotes) AS avg_spread FROM quotes_daily GROUP BY day ORDER BY day"
33104202,2026-08-14 00:04:09.549445,0.460391,33104202,quotes_shared.public.mv_tbl__quotes_daily__0,1,1889292,1846607,0,0,0,0,0.3809,38,29,0,0,"SELECT day, SUM(n_quotes) AS total_quotes, SUM(bs_sum) + SUM(as_sum) AS total_volume, SUM(spread_sum) / SUM(n_quotes) AS avg_spread FROM quotes_daily GROUP BY day ORDER BY day"
33306885,2026-08-14 00:14:07.652077,3.854176,33306885,,0,0,65,0,0,0,0,0.0038,0,26,0,0,"SELECT COALESCE(SUM(n_quotes), 0) FROM quotes_daily"
33306885,2026-08-14 00:14:07.652077,3.854176,33306885,quotes_shared.public.mv_tbl__quotes_daily__0,1,1902574,1858503,0,0,0,0,1.1291,60,32,0,0,"SELECT COALESCE(SUM(n_quotes), 0) FROM quotes_daily"
33306888,2026-08-14 00:14:11.508105,0.076166,33306888,,0,0,65,0,0,0,0,0.0050,0,33,0,0,SELECT COUNT(*) FROM quotes_daily
33306888,2026-08-14 00:14:11.508105,0.076166,33306888,quotes_shared.public.mv_tbl__quotes_daily__0,1,1902538,1858503,0,0,0,0,0.0043,68,54,0,0,SELECT COUNT(*) FROM quotes_daily
33306891,2026-08-14 00:14:11.585930,2.559999,33306891,,0,0,65,0,0,0,0,0.0030,0,29,0,0,"SELECT COUNT(*) AS days_traded, SUM(n_quotes) AS total_quotes, MIN(bp_min) AS lowest_bid, MAX(bp_max) AS highest_bid, MIN(ap_min) AS lowest_ask, MAX(ap_max) AS highest_ask, SUM(spread_sum) / SUM(n_quotes) AS avg_spread, SUM(bs_sum) AS total_bid_volum"
33306891,2026-08-14 00:14:11.585930,2.559999,33306891,quotes_shared.public.mv_tbl__quotes_daily__0,1,1902527,159,0,0,0,0,2.4819,54,23,0,0,"SELECT COUNT(*) AS days_traded, SUM(n_quotes) AS total_quotes, MIN(bp_min) AS lowest_bid, MAX(bp_max) AS highest_bid, MIN(ap_min) AS lowest_ask, MAX(ap_max) AS highest_ask, SUM(spread_sum) / SUM(n_quotes) AS avg_spread, SUM(bs_sum) AS total_bid_volum"
33306898,2026-08-14 00:14:15.157697,0.447996,33306898,,0,0,261,0,0,0,0,0.3631,91,22,0,0,"SELECT sym, COUNT(*) AS days_traded, SUM(n_quotes) AS total_quotes, MIN(bp_min) AS lowest_bid, MAX(bp_max) AS highest_bid, SUM(spread_sum) / SUM(n_quotes) AS avg_spread FROM quotes_daily WHERE sym IN ('AAPL', 'MSFT', 'GOOGL', 'AMZN', 'TSLA', 'META', "
33306898,2026-08-14 00:14:15.157697,0.447996,33306898,quotes_shared.public.mv_tbl__quotes_daily__0,1,1902574,1272,0,0,0,0,0.3589,44,92,0,0,"SELECT sym, COUNT(*) AS days_traded, SUM(n_quotes) AS total_quotes, MIN(bp_min) AS lowest_bid, MAX(bp_max) AS highest_bid, SUM(spread_sum) / SUM(n_quotes) AS avg_spread FROM quotes_daily WHERE sym IN ('AAPL', 'MSFT', 'GOOGL', 'AMZN', 'TSLA', 'META', "
33306905,2026-08-14 00:14:16.295291,0.100124,33306905,,0,0,373430,0,0,0,0,0.0190,12,23,0,0,"SELECT sym, pct_range FROM ( SELECT sym, (MAX(bp_max) - MIN(bp_min)) / MIN(bp_min) * 100 AS pct_range FROM quotes_daily GROUP BY sym ) t ORDER BY ABS(pct_range) DESC LIMIT 20"
33306905,2026-08-14 00:14:16.295291,0.100124,33306905,quotes_shared.public.mv_tbl__quotes_daily__0,1,1902574,1858503,0,0,0,0,0.0141,27,47,0,0,"SELECT sym, pct_range FROM ( SELECT sym, (MAX(bp_max) - MIN(bp_min)) / MIN(bp_min) * 100 AS pct_range FROM quotes_daily GROUP BY sym ) t ORDER BY ABS(pct_range) DESC LIMIT 20"
33306912,2026-08-14 00:14:17.073433,0.560084,33306912,,0,0,6306,0,0,0,0,0.4858,45,24,0,0,"SELECT day, SUM(n_quotes) AS total_quotes, SUM(bs_sum) + SUM(as_sum) AS total_volume, SUM(spread_sum) / SUM(n_quotes) AS avg_spread FROM quotes_daily GROUP BY day ORDER BY day"
33306912,2026-08-14 00:14:17.073433,0.560084,33306912,quotes_shared.public.mv_tbl__quotes_daily__0,1,1902574,1858503,0,0,0,0,0.4821,37,45,0,0,"SELECT day, SUM(n_quotes) AS total_quotes, SUM(bs_sum) + SUM(as_sum) AS total_volume, SUM(spread_sum) / SUM(n_quotes) AS avg_spread FROM quotes_daily GROUP BY day ORDER BY day"
33509957,2026-08-14 00:24:08.516018,5.164437,33509957,,0,0,65,0,0,0,0,0.0036,0,31,0,0,"SELECT COALESCE(SUM(n_quotes), 0) FROM quotes_daily"
33509957,2026-08-14 00:24:08.516018,5.164437,33509957,quotes_shared.public.mv_tbl__quotes_daily__0,1,1903571,1858616,0,0,0,0,1.4463,36,13,0,0,"SELECT COALESCE(SUM(n_quotes), 0) FROM quotes_daily"
33509960,2026-08-14 00:24:13.682375,0.069492,33509960,,0,0,65,0,0,0,0,0.0029,0,27,0,0,SELECT COUNT(*) FROM quotes_daily
33509960,2026-08-14 00:24:13.682375,0.069492,33509960,quotes_shared.public.mv_tbl__quotes_daily__0,1,1903210,1858616,0,0,0,0,0.0021,39,17,0,0,SELECT COUNT(*) FROM quotes_daily
33509963,2026-08-14 00:24:13.753493,3.497273,33509963,,0,0,65,0,0,0,0,0.0047,0,60,0,0,"SELECT COUNT(*) AS days_traded, SUM(n_quotes) AS total_quotes, MIN(bp_min) AS lowest_bid, MAX(bp_max) AS highest_bid, MIN(ap_min) AS lowest_ask, MAX(ap_max) AS highest_ask, SUM(spread_sum) / SUM(n_quotes) AS avg_spread, SUM(bs_sum) AS total_bid_volum"
33509963,2026-08-14 00:24:13.753493,3.497273,33509963,quotes_shared.public.mv_tbl__quotes_daily__0,1,1903524,159,0,0,0,0,3.4196,50,8,0,0,"SELECT COUNT(*) AS days_traded, SUM(n_quotes) AS total_quotes, MIN(bp_min) AS lowest_bid, MAX(bp_max) AS highest_bid, MIN(ap_min) AS lowest_ask, MAX(ap_max) AS highest_ask, SUM(spread_sum) / SUM(n_quotes) AS avg_spread, SUM(bs_sum) AS total_bid_volum"
33509971,2026-08-14 00:24:18.238103,0.47577,33509971,,0,0,261,0,0,0,0,0.3885,91,27,0,0,"SELECT sym, COUNT(*) AS days_traded, SUM(n_quotes) AS total_quotes, MIN(bp_min) AS lowest_bid, MAX(bp_max) AS highest_bid, SUM(spread_sum) / SUM(n_quotes) AS avg_spread FROM quotes_daily WHERE sym IN ('AAPL', 'MSFT', 'GOOGL', 'AMZN', 'TSLA', 'META', "
33509971,2026-08-14 00:24:18.238103,0.47577,33509971,quotes_shared.public.mv_tbl__quotes_daily__0,1,1903571,1272,0,0,0,0,0.3835,44,92,0,0,"SELECT sym, COUNT(*) AS days_traded, SUM(n_quotes) AS total_quotes, MIN(bp_min) AS lowest_bid, MAX(bp_max) AS highest_bid, SUM(spread_sum) / SUM(n_quotes) AS avg_spread FROM quotes_daily WHERE sym IN ('AAPL', 'MSFT', 'GOOGL', 'AMZN', 'TSLA', 'META', "
33509980,2026-08-14 00:24:19.393317,0.090447,33509980,,0,0,383881,0,0,0,0,0.0154,12,19,0,0,"SELECT sym, pct_range FROM ( SELECT sym, (MAX(bp_max) - MIN(bp_min)) / MIN(bp_min) * 100 AS pct_range FROM quotes_daily GROUP BY sym ) t ORDER BY ABS(pct_range) DESC LIMIT 20"
33509980,2026-08-14 00:24:19.393317,0.090447,33509980,quotes_shared.public.mv_tbl__quotes_daily__0,1,1903571,1858616,0,0,0,0,0.0098,25,26,0,0,"SELECT sym, pct_range FROM ( SELECT sym, (MAX(bp_max) - MIN(bp_min)) / MIN(bp_min) * 100 AS pct_range FROM quotes_daily GROUP BY sym ) t ORDER BY ABS(pct_range) DESC LIMIT 20"
33509987,2026-08-14 00:24:20.165822,0.782323,33509987,,0,0,6314,0,0,0,0,0.6946,45,36,0,0,"SELECT day, SUM(n_quotes) AS total_quotes, SUM(bs_sum) + SUM(as_sum) AS total_volume, SUM(spread_sum) / SUM(n_quotes) AS avg_spread FROM quotes_daily GROUP BY day ORDER BY day"
33509987,2026-08-14 00:24:20.165822,0.782323,33509987,quotes_shared.public.mv_tbl__quotes_daily__0,1,1903571,1858616,0,0,0,0,0.6890,28,37,0,0,"SELECT day, SUM(n_quotes) AS total_quotes, SUM(bs_sum) + SUM(as_sum) AS total_volume, SUM(spread_sum) / SUM(n_quotes) AS avg_spread FROM quotes_daily GROUP BY day ORDER BY day"
33713029,2026-08-14 00:34:08.097333,5.924012,33713029,,0,0,65,0,0,0,0,0.0032,0,30,0,0,"SELECT COALESCE(SUM(n_quotes), 0) FROM quotes_daily"
33713029,2026-08-14 00:34:08.097333,5.924012,33713029,quotes_shared.public.mv_tbl__quotes_daily__0,1,1903571,1858616,0,0,0,0,1.4955,47,15,0,0,"SELECT COALESCE(SUM(n_quotes), 0) FROM quotes_daily"
33713032,2026-08-14 00:34:14.023203,0.070913,33713032,,0,0,65,0,0,0,0,0.0026,0,65,0,0,SELECT COUNT(*) FROM quotes_daily
33713032,2026-08-14 00:34:14.023203,0.070913,33713032,quotes_shared.public.mv_tbl__quotes_daily__0,1,1903210,1858616,0,0,0,0,0.0017,47,25,0,0,SELECT COUNT(*) FROM quotes_daily
33713035,2026-08-14 00:34:14.095721,3.682541,33713035,,0,0,65,0,0,0,0,0.0030,0,27,0,0,"SELECT COUNT(*) AS days_traded, SUM(n_quotes) AS total_quotes, MIN(bp_min) AS lowest_bid, MAX(bp_max) AS highest_bid, MIN(ap_min) AS lowest_ask, MAX(ap_max) AS highest_ask, SUM(spread_sum) / SUM(n_quotes) AS avg_spread, SUM(bs_sum) AS total_bid_volum"
33713035,2026-08-14 00:34:14.095721,3.682541,33713035,quotes_shared.public.mv_tbl__quotes_daily__0,1,1903524,159,0,0,0,0,3.6013,58,12,0,0,"SELECT COUNT(*) AS days_traded, SUM(n_quotes) AS total_quotes, MIN(bp_min) AS lowest_bid, MAX(bp_max) AS highest_bid, MIN(ap_min) AS lowest_ask, MAX(ap_max) AS highest_ask, SUM(spread_sum) / SUM(n_quotes) AS avg_spread, SUM(bs_sum) AS total_bid_volum"
33713045,2026-08-14 00:34:21.931525,0.620106,33713045,,0,0,262,0,0,0,0,0.5292,91,22,0,0,"SELECT sym, COUNT(*) AS days_traded, SUM(n_quotes) AS total_quotes, MIN(bp_min) AS lowest_bid, MAX(bp_max) AS highest_bid, SUM(spread_sum) / SUM(n_quotes) AS avg_spread FROM quotes_daily WHERE sym IN ('AAPL', 'MSFT', 'GOOGL', 'AMZN', 'TSLA', 'META', "
33713045,2026-08-14 00:34:21.931525,0.620106,33713045,quotes_shared.public.mv_tbl__quotes_daily__0,1,1903571,1272,0,0,0,0,0.5226,38,94,0,0,"SELECT sym, COUNT(*) AS days_traded, SUM(n_quotes) AS total_quotes, MIN(bp_min) AS lowest_bid, MAX(bp_max) AS highest_bid, SUM(spread_sum) / SUM(n_quotes) AS avg_spread FROM quotes_daily WHERE sym IN ('AAPL', 'MSFT', 'GOOGL', 'AMZN', 'TSLA', 'META', "
33713052,2026-08-14 00:34:23.310396,0.094543,33713052,,0,0,383736,0,0,0,0,0.0135,12,56,0,0,"SELECT sym, pct_range FROM ( SELECT sym, (MAX(bp_max) - MIN(bp_min)) / MIN(bp_min) * 100 AS pct_range FROM quotes_daily GROUP BY sym ) t ORDER BY ABS(pct_range) DESC LIMIT 20"
33713052,2026-08-14 00:34:23.310396,0.094543,33713052,quotes_shared.public.mv_tbl__quotes_daily__0,1,1903571,1858616,0,0,0,0,0.0089,29,29,0,0,"SELECT sym, pct_range FROM ( SELECT sym, (MAX(bp_max) - MIN(bp_min)) / MIN(bp_min) * 100 AS pct_range FROM quotes_daily GROUP BY sym ) t ORDER BY ABS(pct_range) DESC LIMIT 20"
33713059,2026-08-14 00:34:24.123948,0.715514,33713059,,0,0,6301,0,0,0,0,0.6374,45,42,0,0,"SELECT day, SUM(n_quotes) AS total_quotes, SUM(bs_sum) + SUM(as_sum) AS total_volume, SUM(spread_sum) / SUM(n_quotes) AS avg_spread FROM quotes_daily GROUP BY day ORDER BY day"
33713059,2026-08-14 00:34:24.123948,0.715514,33713059,quotes_shared.public.mv_tbl__quotes_daily__0,1,1903571,1858616,0,0,0,0,0.6312,36,31,0,0,"SELECT day, SUM(n_quotes) AS total_quotes, SUM(bs_sum) + SUM(as_sum) AS total_volume, SUM(spread_sum) / SUM(n_quotes) AS avg_spread FROM quotes_daily GROUP BY day ORDER BY day"
33916101,2026-08-14 00:44:08.290624,5.071101,33916101,,0,0,65,0,0,0,0,0.0035,0,22,0,0,"SELECT COALESCE(SUM(n_quotes), 0) FROM quotes_daily"
33916101,2026-08-14 00:44:08.290624,5.071101,33916101,quotes_shared.public.mv_tbl__quotes_daily__0,1,1903571,1858616,0,0,0,0,1.4773,37,20,0,0,"SELECT COALESCE(SUM(n_quotes), 0) FROM quotes_daily"
33916104,2026-08-14 00:44:13.363591,0.083608,33916104,,0,0,65,0,0,0,0,0.0025,0,14,0,0,SELECT COUNT(*) FROM quotes_daily
33916104,2026-08-14 00:44:13.363591,0.083608,33916104,quotes_shared.public.mv_tbl__quotes_daily__0,1,1903210,1858616,0,0,0,0,0.0019,39,19,0,0,SELECT COUNT(*) FROM quotes_daily
33916107,2026-08-14 00:44:13.449014,3.10042,33916107,,0,0,65,0,0,0,0,0.0034,0,33,0,0,"SELECT COUNT(*) AS days_traded, SUM(n_quotes) AS total_quotes, MIN(bp_min) AS lowest_bid, MAX(bp_max) AS highest_bid, MIN(ap_min) AS lowest_ask, MAX(ap_max) AS highest_ask, SUM(spread_sum) / SUM(n_quotes) AS avg_spread, SUM(bs_sum) AS total_bid_volum"
33916107,2026-08-14 00:44:13.449014,3.10042,33916107,quotes_shared.public.mv_tbl__quotes_daily__0,1,1903524,159,0,0,0,0,3.0157,61,5,0,0,"SELECT COUNT(*) AS days_traded, SUM(n_quotes) AS total_quotes, MIN(bp_min) AS lowest_bid, MAX(bp_max) AS highest_bid, MIN(ap_min) AS lowest_ask, MAX(ap_max) AS highest_ask, SUM(spread_sum) / SUM(n_quotes) AS avg_spread, SUM(bs_sum) AS total_bid_volum"
33916115,2026-08-14 00:44:17.533949,0.404018,33916115,,0,0,262,0,0,0,0,0.3108,91,21,0,0,"SELECT sym, COUNT(*) AS days_traded, SUM(n_quotes) AS total_quotes, MIN(bp_min) AS lowest_bid, MAX(bp_max) AS highest_bid, SUM(spread_sum) / SUM(n_quotes) AS avg_spread FROM quotes_daily WHERE sym IN ('AAPL', 'MSFT', 'GOOGL', 'AMZN', 'TSLA', 'META', "
33916115,2026-08-14 00:44:17.533949,0.404018,33916115,quotes_shared.public.mv_tbl__quotes_daily__0,1,1903571,1272,0,0,0,0,0.3039,45,92,0,0,"SELECT sym, COUNT(*) AS days_traded, SUM(n_quotes) AS total_quotes, MIN(bp_min) AS lowest_bid, MAX(bp_max) AS highest_bid, SUM(spread_sum) / SUM(n_quotes) AS avg_spread FROM quotes_daily WHERE sym IN ('AAPL', 'MSFT', 'GOOGL', 'AMZN', 'TSLA', 'META', "
33916124,2026-08-14 00:44:18.644175,0.101629,33916124,,0,0,384190,0,0,0,0,0.0155,11,26,0,0,"SELECT sym, pct_range FROM ( SELECT sym, (MAX(bp_max) - MIN(bp_min)) / MIN(bp_min) * 100 AS pct_range FROM quotes_daily GROUP BY sym ) t ORDER BY ABS(pct_range) DESC LIMIT 20"
33916124,2026-08-14 00:44:18.644175,0.101629,33916124,quotes_shared.public.mv_tbl__quotes_daily__0,1,1903571,1858616,0,0,0,0,0.0093,24,21,0,0,"SELECT sym, pct_range FROM ( SELECT sym, (MAX(bp_max) - MIN(bp_min)) / MIN(bp_min) * 100 AS pct_range FROM quotes_daily GROUP BY sym ) t ORDER BY ABS(pct_range) DESC LIMIT 20"
33916131,2026-08-14 00:44:19.438740,0.662288,33916131,,0,0,6309,0,0,0,0,0.5822,45,25,0,0,"SELECT day, SUM(n_quotes) AS total_quotes, SUM(bs_sum) + SUM(as_sum) AS total_volume, SUM(spread_sum) / SUM(n_quotes) AS avg_spread FROM quotes_daily GROUP BY day ORDER BY day"
33916131,2026-08-14 00:44:19.438740,0.662288,33916131,quotes_shared.public.mv_tbl__quotes_daily__0,1,1903571,1858616,0,0,0,0,0.5756,24,30,0,0,"SELECT day, SUM(n_quotes) AS total_quotes, SUM(bs_sum) + SUM(as_sum) AS total_volume, SUM(spread_sum) / SUM(n_quotes) AS avg_spread FROM quotes_daily GROUP BY day ORDER BY day"
34119173,2026-08-14 00:54:07.514041,5.25113,34119173,,0,0,65,0,0,0,0,0.0056,0,62,0,0,"SELECT COALESCE(SUM(n_quotes), 0) FROM quotes_daily"
34119173,2026-08-14 00:54:07.514041,5.25113,34119173,quotes_shared.public.mv_tbl__quotes_daily__0,1,1903571,1858616,0,0,0,0,1.2866,55,24,0,0,"SELECT COALESCE(SUM(n_quotes), 0) FROM quotes_daily"
34119174,2026-08-14 00:54:07.514189,5.250761,34119174,,0,0,65,0,0,0,0,0.0035,0,33,0,0,"SELECT COALESCE(SUM(n_quotes), 0) FROM quotes_daily"
34119174,2026-08-14 00:54:07.514189,5.250761,34119174,quotes_shared.public.mv_tbl__quotes_daily__0,1,1903571,1858616,0,0,0,0,1.2149,52,26,0,0,"SELECT COALESCE(SUM(n_quotes), 0) FROM quotes_daily"
34119179,2026-08-14 00:54:12.766963,0.092889,34119179,,0,0,65,0,0,0,0,0.0021,0,24,0,0,SELECT COUNT(*) FROM quotes_daily
34119179,2026-08-14 00:54:12.766963,0.092889,34119179,quotes_shared.public.mv_tbl__quotes_daily__0,1,1903210,1858616,0,0,0,0,0.0022,54,38,0,0,SELECT COUNT(*) FROM quotes_daily
34119180,2026-08-14 00:54:12.766971,0.093055,34119180,,0,0,65,0,0,0,0,0.0028,0,27,0,0,SELECT COUNT(*) FROM quotes_daily
34119180,2026-08-14 00:54:12.766971,0.093055,34119180,quotes_shared.public.mv_tbl__quotes_daily__0,1,1903210,1858616,0,0,0,0,0.0020,49,32,0,0,SELECT COUNT(*) FROM quotes_daily
34119188,2026-08-14 00:54:12.861700,84.664199,34119188,,0,0,268073604,0,0,0,0,80.8631,23,23,0,0,"WITH src AS ( SELECT DATE_TRUNC('hour', TIMESTAMP 'epoch' + t / 1000 * INTERVAL '1 second') AS hour, bp, bs, ap, t FROM quotes_typed WHERE sym = 'AAPL' ), ranked AS ( SELECT hour, bp, bs, ap, ROW_NUMBER() OVER (PARTITION BY hour ORDER BY t ASC) AS rn"
34119188,2026-08-14 00:54:12.861700,84.664199,34119188,quotes_shared.public.mv_tbl__quotes_typed__0,1,8639681209,89357868,0,0,0,0,80.3600,17,2,0,0,"WITH src AS ( SELECT DATE_TRUNC('hour', TIMESTAMP 'epoch' + t / 1000 * INTERVAL '1 second') AS hour, bp, bs, ap, t FROM quotes_typed WHERE sym = 'AAPL' ), ranked AS ( SELECT hour, bp, bs, ap, ROW_NUMBER() OVER (PARTITION BY hour ORDER BY t ASC) AS rn"
34119185,2026-08-14 00:54:12.861742,6.881435,34119185,,0,0,65,0,0,0,0,0.0028,0,27,0,0,"SELECT COUNT(*) AS days_traded, SUM(n_quotes) AS total_quotes, MIN(bp_min) AS lowest_bid, MAX(bp_max) AS highest_bid, MIN(ap_min) AS lowest_ask, MAX(ap_max) AS highest_ask, SUM(spread_sum) / SUM(n_quotes) AS avg_spread, SUM(bs_sum) AS total_bid_volum"
34119185,2026-08-14 00:54:12.861742,6.881435,34119185,quotes_shared.public.mv_tbl__quotes_daily__0,1,1903524,159,0,0,0,0,6.7879,66,3,0,0,"SELECT COUNT(*) AS days_traded, SUM(n_quotes) AS total_quotes, MIN(bp_min) AS lowest_bid, MAX(bp_max) AS highest_bid, MIN(ap_min) AS lowest_ask, MAX(ap_max) AS highest_ask, SUM(spread_sum) / SUM(n_quotes) AS avg_spread, SUM(bs_sum) AS total_bid_volum"
34119198,2026-08-14 00:54:20.701870,0.456542,34119198,,0,0,261,0,0,0,0,0.3505,91,68,0,0,"SELECT sym, COUNT(*) AS days_traded, SUM(n_quotes) AS total_quotes, MIN(bp_min) AS lowest_bid, MAX(bp_max) AS highest_bid, SUM(spread_sum) / SUM(n_quotes) AS avg_spread FROM quotes_daily WHERE sym IN ('AAPL', 'MSFT', 'GOOGL', 'AMZN', 'TSLA', 'META', "
34119198,2026-08-14 00:54:20.701870,0.456542,34119198,quotes_shared.public.mv_tbl__quotes_daily__0,1,1903571,1272,0,0,0,0,0.3464,36,93,0,0,"SELECT sym, COUNT(*) AS days_traded, SUM(n_quotes) AS total_quotes, MIN(bp_min) AS lowest_bid, MAX(bp_max) AS highest_bid, SUM(spread_sum) / SUM(n_quotes) AS avg_spread FROM quotes_daily WHERE sym IN ('AAPL', 'MSFT', 'GOOGL', 'AMZN', 'TSLA', 'META', "
34119205,2026-08-14 00:54:21.834868,0.13615,34119205,,0,0,383333,0,0,0,0,0.0218,12,31,0,0,"SELECT sym, pct_range FROM ( SELECT sym, (MAX(bp_max) - MIN(bp_min)) / MIN(bp_min) * 100 AS pct_range FROM quotes_daily GROUP BY sym ) t ORDER BY ABS(pct_range) DESC LIMIT 20"
34119205,2026-08-14 00:54:21.834868,0.13615,34119205,quotes_shared.public.mv_tbl__quotes_daily__0,1,1903571,1858616,0,0,0,0,0.0138,27,43,0,0,"SELECT sym, pct_range FROM ( SELECT sym, (MAX(bp_max) - MIN(bp_min)) / MIN(bp_min) * 100 AS pct_range FROM quotes_daily GROUP BY sym ) t ORDER BY ABS(pct_range) DESC LIMIT 20"
34119212,2026-08-14 00:54:22.634777,0.679244,34119212,,0,0,6309,0,0,0,0,0.5948,45,33,0,0,"SELECT day, SUM(n_quotes) AS total_quotes, SUM(bs_sum) + SUM(as_sum) AS total_volume, SUM(spread_sum) / SUM(n_quotes) AS avg_spread FROM quotes_daily GROUP BY day ORDER BY day"
34119212,2026-08-14 00:54:22.634777,0.679244,34119212,quotes_shared.public.mv_tbl__quotes_daily__0,1,1903571,1858616,0,0,0,0,0.5894,27,36,0,0,"SELECT day, SUM(n_quotes) AS total_quotes, SUM(bs_sum) + SUM(as_sum) AS total_volume, SUM(spread_sum) / SUM(n_quotes) AS avg_spread FROM quotes_daily GROUP BY day ORDER BY day"
34119266,2026-08-14 00:55:38.245618,98.70712,34119266,,0,0,97,0,0,0,0,0.0624,0,30,0,0,"WITH s AS ( SELECT (ap - bp) AS spread, (bp + ap) / 2.0 AS mid, bs AS bs, ""as"" AS az FROM quotes_typed WHERE sym = 'AAPL' ), agg AS ( SELECT COUNT(*)::float8 AS n, SUM(spread) AS s1, SUM(POWER(spread, 2)) AS s2, SUM(POWER(spread, 3)) AS s3, SUM(POWER"
34119266,2026-08-14 00:55:38.245618,98.70712,34119266,quotes_shared.public.mv_tbl__quotes_typed__0,1,8639681209,89357868,0,0,0,0,98.5360,17,55,0,0,"WITH s AS ( SELECT (ap - bp) AS spread, (bp + ap) / 2.0 AS mid, bs AS bs, ""as"" AS az FROM quotes_typed WHERE sym = 'AAPL' ), agg AS ( SELECT COUNT(*)::float8 AS n, SUM(spread) AS s1, SUM(POWER(spread, 2)) AS s2, SUM(POWER(spread, 3)) AS s3, SUM(POWER"
34119320,2026-08-14 00:57:17.722005,69.171988,34119320,,0,0,268073604,0,0,0,0,66.4891,23,28,0,0,"WITH src AS ( SELECT DATE_TRUNC('hour', TIMESTAMP 'epoch' + payload.t::bigint / 1000 * INTERVAL '1 second') AS hour, payload.bp::float8 AS bp, payload.bs::bigint AS bs, payload.ap::float8 AS ap, payload.t::bigint AS t FROM quotes_streamed WHERE sym ="
34119320,2026-08-14 00:57:17.722005,69.171988,34119320,quotes_shared.public.mv_tbl__quotes_streamed__0,1,13046012696,89357868,0,0,0,0,65.7216,10,1,0,0,"WITH src AS ( SELECT DATE_TRUNC('hour', TIMESTAMP 'epoch' + payload.t::bigint / 1000 * INTERVAL '1 second') AS hour, payload.bp::float8 AS bp, payload.bs::bigint AS bs, payload.ap::float8 AS ap, payload.t::bigint AS t FROM quotes_streamed WHERE sym ="
34119354,2026-08-14 00:58:27.677594,28.648377,34119354,,0,0,97,0,0,0,0,0.0584,0,24,0,0,"WITH s AS ( SELECT (payload.ap::float8 - payload.bp::float8) AS spread, (payload.bp::float8 + payload.ap::float8) / 2.0 AS mid, payload.bs::bigint AS bs, payload.""as""::bigint AS az FROM quotes_streamed WHERE sym = 'AAPL' ), agg AS ( SELECT COUNT(*)::"
34119354,2026-08-14 00:58:27.677594,28.648377,34119354,quotes_shared.public.mv_tbl__quotes_streamed__0,1,13046012696,89357868,0,0,0,0,28.4847,5,10,0,0,"WITH s AS ( SELECT (payload.ap::float8 - payload.bp::float8) AS spread, (payload.bp::float8 + payload.ap::float8) / 2.0 AS mid, payload.bs::bigint AS bs, payload.""as""::bigint AS az FROM quotes_streamed WHERE sym = 'AAPL' ), agg AS ( SELECT COUNT(*)::"
34119513,2026-08-14 01:03:56.836586,0.214829,34119513,,0,0,65,0,0,0,0,0.0025,0,24,0,0,"SELECT COALESCE(SUM(n_quotes), 0) FROM quotes_daily"
34119513,2026-08-14 01:03:56.836586,0.214829,34119513,quotes_shared.public.mv_tbl__quotes_daily__0,1,1903571,1858616,0,0,0,0,0.0022,36,14,0,0,"SELECT COALESCE(SUM(n_quotes), 0) FROM quotes_daily"
34119516,2026-08-14 01:03:57.053224,0.069667,34119516,,0,0,65,0,0,0,0,0.0023,0,28,0,0,SELECT COUNT(*) FROM quotes_daily
34119516,2026-08-14 01:03:57.053224,0.069667,34119516,quotes_shared.public.mv_tbl__quotes_daily__0,1,1903210,1858616,0,0,0,0,0.0016,30,13,0,0,SELECT COUNT(*) FROM quotes_daily
34119519,2026-08-14 01:03:57.124471,0.179441,34119519,,0,0,65,0,0,0,0,0.0024,0,35,0,0,"SELECT COUNT(*) AS days_traded, SUM(n_quotes) AS total_quotes, MIN(bp_min) AS lowest_bid, MAX(bp_max) AS highest_bid, MIN(ap_min) AS lowest_ask, MAX(ap_max) AS highest_ask, SUM(spread_sum) / SUM(n_quotes) AS avg_spread, SUM(bs_sum) AS total_bid_volum"
34119519,2026-08-14 01:03:57.124471,0.179441,34119519,quotes_shared.public.mv_tbl__quotes_daily__0,1,1903524,159,0,0,0,0,0.0998,61,94,0,0,"SELECT COUNT(*) AS days_traded, SUM(n_quotes) AS total_quotes, MIN(bp_min) AS lowest_bid, MAX(bp_max) AS highest_bid, MIN(ap_min) AS lowest_ask, MAX(ap_max) AS highest_ask, SUM(spread_sum) / SUM(n_quotes) AS avg_spread, SUM(bs_sum) AS total_bid_volum"
34119526,2026-08-14 01:03:58.046692,0.09366,34119526,,0,0,261,0,0,0,0,0.0091,91,27,0,0,"SELECT sym, COUNT(*) AS days_traded, SUM(n_quotes) AS total_quotes, MIN(bp_min) AS lowest_bid, MAX(bp_max) AS highest_bid, SUM(spread_sum) / SUM(n_quotes) AS avg_spread FROM quotes_daily WHERE sym IN ('AAPL', 'MSFT', 'GOOGL', 'AMZN', 'TSLA', 'META', "
34119526,2026-08-14 01:03:58.046692,0.09366,34119526,quotes_shared.public.mv_tbl__quotes_daily__0,1,1903571,1272,0,0,0,0,0.0050,35,12,0,0,"SELECT sym, COUNT(*) AS days_traded, SUM(n_quotes) AS total_quotes, MIN(bp_min) AS lowest_bid, MAX(bp_max) AS highest_bid, SUM(spread_sum) / SUM(n_quotes) AS avg_spread FROM quotes_daily WHERE sym IN ('AAPL', 'MSFT', 'GOOGL', 'AMZN', 'TSLA', 'META', "
34119533,2026-08-14 01:04:00.427905,0.087112,34119533,,0,0,384955,0,0,0,0,0.0102,12,27,0,0,"SELECT sym, pct_range FROM ( SELECT sym, (MAX(bp_max) - MIN(bp_min)) / MIN(bp_min) * 100 AS pct_range FROM quotes_daily GROUP BY sym ) t ORDER BY ABS(pct_range) DESC LIMIT 20"
34119533,2026-08-14 01:04:00.427905,0.087112,34119533,quotes_shared.public.mv_tbl__quotes_daily__0,1,1903571,1858616,0,0,0,0,0.0069,13,24,0,0,"SELECT sym, pct_range FROM ( SELECT sym, (MAX(bp_max) - MIN(bp_min)) / MIN(bp_min) * 100 AS pct_range FROM quotes_daily GROUP BY sym ) t ORDER BY ABS(pct_range) DESC LIMIT 20"
34119540,2026-08-14 01:04:01.265796,0.083054,34119540,,0,0,6317,0,0,0,0,0.0074,45,34,0,0,"SELECT day, SUM(n_quotes) AS total_quotes, SUM(bs_sum) + SUM(as_sum) AS total_volume, SUM(spread_sum) / SUM(n_quotes) AS avg_spread FROM quotes_daily GROUP BY day ORDER BY day"
34119540,2026-08-14 01:04:01.265796,0.083054,34119540,quotes_shared.public.mv_tbl__quotes_daily__0,1,1903571,1858616,0,0,0,0,0.0036,11,11,0,0,"SELECT day, SUM(n_quotes) AS total_quotes, SUM(bs_sum) + SUM(as_sum) AS total_volume, SUM(spread_sum) / SUM(n_quotes) AS avg_spread FROM quotes_daily GROUP BY day ORDER BY day"
34322245,2026-08-14 01:14:07.403733,5.075411,34322245,,0,0,65,0,0,0,0,0.0023,0,35,0,0,"SELECT COALESCE(SUM(n_quotes), 0) FROM quotes_daily"
34322245,2026-08-14 01:14:07.403733,5.075411,34322245,quotes_shared.public.mv_tbl__quotes_daily__0,1,1903571,1858616,0,0,0,0,1.3753,27,14,0,0,"SELECT COALESCE(SUM(n_quotes), 0) FROM quotes_daily"
34322248,2026-08-14 01:14:12.481052,0.08742,34322248,,0,0,65,0,0,0,0,0.0028,0,24,0,0,SELECT COUNT(*) FROM quotes_daily
34322248,2026-08-14 01:14:12.481052,0.08742,34322248,quotes_shared.public.mv_tbl__quotes_daily__0,1,1903210,1858616,0,0,0,0,0.0016,40,29,0,0,SELECT COUNT(*) FROM quotes_daily
34322251,2026-08-14 01:14:12.570267,3.443613,34322251,,0,0,65,0,0,0,0,0.0038,0,42,0,0,"SELECT COUNT(*) AS days_traded, SUM(n_quotes) AS total_quotes, MIN(bp_min) AS lowest_bid, MAX(bp_max) AS highest_bid, MIN(ap_min) AS lowest_ask, MAX(ap_max) AS highest_ask, SUM(spread_sum) / SUM(n_quotes) AS avg_spread, SUM(bs_sum) AS total_bid_volum"
34322251,2026-08-14 01:14:12.570267,3.443613,34322251,quotes_shared.public.mv_tbl__quotes_daily__0,1,1903524,159,0,0,0,0,3.3495,50,10,0,0,"SELECT COUNT(*) AS days_traded, SUM(n_quotes) AS total_quotes, MIN(bp_min) AS lowest_bid, MAX(bp_max) AS highest_bid, MIN(ap_min) AS lowest_ask, MAX(ap_max) AS highest_ask, SUM(spread_sum) / SUM(n_quotes) AS avg_spread, SUM(bs_sum) AS total_bid_volum"
34322258,2026-08-14 01:14:17.082627,0.490603,34322258,,0,0,262,0,0,0,0,0.3963,91,24,0,0,"SELECT sym, COUNT(*) AS days_traded, SUM(n_quotes) AS total_quotes, MIN(bp_min) AS lowest_bid, MAX(bp_max) AS highest_bid, SUM(spread_sum) / SUM(n_quotes) AS avg_spread FROM quotes_daily WHERE sym IN ('AAPL', 'MSFT', 'GOOGL', 'AMZN', 'TSLA', 'META', "
34322258,2026-08-14 01:14:17.082627,0.490603,34322258,quotes_shared.public.mv_tbl__quotes_daily__0,1,1903571,1272,0,0,0,0,0.3918,40,93,0,0,"SELECT sym, COUNT(*) AS days_traded, SUM(n_quotes) AS total_quotes, MIN(bp_min) AS lowest_bid, MAX(bp_max) AS highest_bid, SUM(spread_sum) / SUM(n_quotes) AS avg_spread FROM quotes_daily WHERE sym IN ('AAPL', 'MSFT', 'GOOGL', 'AMZN', 'TSLA', 'META', "
34322268,2026-08-14 01:14:18.492262,0.102782,34322268,,0,0,384224,0,0,0,0,0.0145,12,42,0,0,"SELECT sym, pct_range FROM ( SELECT sym, (MAX(bp_max) - MIN(bp_min)) / MIN(bp_min) * 100 AS pct_range FROM quotes_daily GROUP BY sym ) t ORDER BY ABS(pct_range) DESC LIMIT 20"
34322268,2026-08-14 01:14:18.492262,0.102782,34322268,quotes_shared.public.mv_tbl__quotes_daily__0,1,1903571,1858616,0,0,0,0,0.0090,22,25,0,0,"SELECT sym, pct_range FROM ( SELECT sym, (MAX(bp_max) - MIN(bp_min)) / MIN(bp_min) * 100 AS pct_range FROM quotes_daily GROUP BY sym ) t ORDER BY ABS(pct_range) DESC LIMIT 20"
34322275,2026-08-14 01:14:19.296215,0.625381,34322275,,0,0,6300,0,0,0,0,0.5407,45,28,0,0,"SELECT day, SUM(n_quotes) AS total_quotes, SUM(bs_sum) + SUM(as_sum) AS total_volume, SUM(spread_sum) / SUM(n_quotes) AS avg_spread FROM quotes_daily GROUP BY day ORDER BY day"
34322275,2026-08-14 01:14:19.296215,0.625381,34322275,quotes_shared.public.mv_tbl__quotes_daily__0,1,1903571,1858616,0,0,0,0,0.5370,40,24,0,0,"SELECT day, SUM(n_quotes) AS total_quotes, SUM(bs_sum) + SUM(as_sum) AS total_volume, SUM(spread_sum) / SUM(n_quotes) AS avg_spread FROM quotes_daily GROUP BY day ORDER BY day"
34525317,2026-08-14 01:24:08.030394,5.040501,34525317,,0,0,65,0,0,0,0,0.0033,0,26,0,0,"SELECT COALESCE(SUM(n_quotes), 0) FROM quotes_daily"
34525317,2026-08-14 01:24:08.030394,5.040501,34525317,quotes_shared.public.mv_tbl__quotes_daily__0,1,1903571,1858616,0,0,0,0,1.3352,36,12,0,0,"SELECT COALESCE(SUM(n_quotes), 0) FROM quotes_daily"
34525320,2026-08-14 01:24:13.073325,0.084078,34525320,,0,0,65,0,0,0,0,0.0023,0,24,0,0,SELECT COUNT(*) FROM quotes_daily
34525320,2026-08-14 01:24:13.073325,0.084078,34525320,quotes_shared.public.mv_tbl__quotes_daily__0,1,1903210,1858616,0,0,0,0,0.0017,40,34,0,0,SELECT COUNT(*) FROM quotes_daily
34525323,2026-08-14 01:24:13.159141,3.317316,34525323,,0,0,65,0,0,0,0,0.0054,0,29,0,0,"SELECT COUNT(*) AS days_traded, SUM(n_quotes) AS total_quotes, MIN(bp_min) AS lowest_bid, MAX(bp_max) AS highest_bid, MIN(ap_min) AS lowest_ask, MAX(ap_max) AS highest_ask, SUM(spread_sum) / SUM(n_quotes) AS avg_spread, SUM(bs_sum) AS total_bid_volum"
34525323,2026-08-14 01:24:13.159141,3.317316,34525323,quotes_shared.public.mv_tbl__quotes_daily__0,1,1903524,159,0,0,0,0,3.2244,61,9,0,0,"SELECT COUNT(*) AS days_traded, SUM(n_quotes) AS total_quotes, MIN(bp_min) AS lowest_bid, MAX(bp_max) AS highest_bid, MIN(ap_min) AS lowest_ask, MAX(ap_max) AS highest_ask, SUM(spread_sum) / SUM(n_quotes) AS avg_spread, SUM(bs_sum) AS total_bid_volum"
34525337,2026-08-14 01:24:19.018898,0.581716,34525337,,0,0,262,0,0,0,0,0.4933,91,25,0,0,"SELECT sym, COUNT(*) AS days_traded, SUM(n_quotes) AS total_quotes, MIN(bp_min) AS lowest_bid, MAX(bp_max) AS highest_bid, SUM(spread_sum) / SUM(n_quotes) AS avg_spread FROM quotes_daily WHERE sym IN ('AAPL', 'MSFT', 'GOOGL', 'AMZN', 'TSLA', 'META', "
34525337,2026-08-14 01:24:19.018898,0.581716,34525337,quotes_shared.public.mv_tbl__quotes_daily__0,1,1903571,1272,0,0,0,0,0.4868,34,94,0,0,"SELECT sym, COUNT(*) AS days_traded, SUM(n_quotes) AS total_quotes, MIN(bp_min) AS lowest_bid, MAX(bp_max) AS highest_bid, SUM(spread_sum) / SUM(n_quotes) AS avg_spread FROM quotes_daily WHERE sym IN ('AAPL', 'MSFT', 'GOOGL', 'AMZN', 'TSLA', 'META', "
34525344,2026-08-14 01:24:20.362315,0.101563,34525344,,0,0,384780,0,0,0,0,0.0172,12,32,0,0,"SELECT sym, pct_range FROM ( SELECT sym, (MAX(bp_max) - MIN(bp_min)) / MIN(bp_min) * 100 AS pct_range FROM quotes_daily GROUP BY sym ) t ORDER BY ABS(pct_range) DESC LIMIT 20"
34525344,2026-08-14 01:24:20.362315,0.101563,34525344,quotes_shared.public.mv_tbl__quotes_daily__0,1,1903571,1858616,0,0,0,0,0.0123,12,36,0,0,"SELECT sym, pct_range FROM ( SELECT sym, (MAX(bp_max) - MIN(bp_min)) / MIN(bp_min) * 100 AS pct_range FROM quotes_daily GROUP BY sym ) t ORDER BY ABS(pct_range) DESC LIMIT 20"
34525353,2026-08-14 01:24:22.792490,0.633515,34525353,,0,0,6303,0,0,0,0,0.5546,45,26,0,0,"SELECT day, SUM(n_quotes) AS total_quotes, SUM(bs_sum) + SUM(as_sum) AS total_volume, SUM(spread_sum) / SUM(n_quotes) AS avg_spread FROM quotes_daily GROUP BY day ORDER BY day"
34525353,2026-08-14 01:24:22.792490,0.633515,34525353,quotes_shared.public.mv_tbl__quotes_daily__0,1,1903571,1858616,0,0,0,0,0.5464,38,27,0,0,"SELECT day, SUM(n_quotes) AS total_quotes, SUM(bs_sum) + SUM(as_sum) AS total_volume, SUM(spread_sum) / SUM(n_quotes) AS avg_spread FROM quotes_daily GROUP BY day ORDER BY day"
34728389,2026-08-14 01:34:08.101316,5.112282,34728389,,0,0,65,0,0,0,0,0.0027,0,22,0,0,"SELECT COALESCE(SUM(n_quotes), 0) FROM quotes_daily"
34728389,2026-08-14 01:34:08.101316,5.112282,34728389,quotes_shared.public.mv_tbl__quotes_daily__0,1,1903571,1858616,0,0,0,0,1.3385,36,13,0,0,"SELECT COALESCE(SUM(n_quotes), 0) FROM quotes_daily"
34728392,2026-08-14 01:34:13.215589,0.088477,34728392,,0,0,65,0,0,0,0,0.0016,0,29,0,0,SELECT COUNT(*) FROM quotes_daily
34728392,2026-08-14 01:34:13.215589,0.088477,34728392,quotes_shared.public.mv_tbl__quotes_daily__0,1,1903210,1858616,0,0,0,0,0.0012,39,14,0,0,SELECT COUNT(*) FROM quotes_daily
34728395,2026-08-14 01:34:13.305978,3.206318,34728395,,0,0,65,0,0,0,0,0.0041,0,32,0,0,"SELECT COUNT(*) AS days_traded, SUM(n_quotes) AS total_quotes, MIN(bp_min) AS lowest_bid, MAX(bp_max) AS highest_bid, MIN(ap_min) AS lowest_ask, MAX(ap_max) AS highest_ask, SUM(spread_sum) / SUM(n_quotes) AS avg_spread, SUM(bs_sum) AS total_bid_volum"
34728395,2026-08-14 01:34:13.305978,3.206318,34728395,quotes_shared.public.mv_tbl__quotes_daily__0,1,1903524,159,0,0,0,0,3.1169,61,6,0,0,"SELECT COUNT(*) AS days_traded, SUM(n_quotes) AS total_quotes, MIN(bp_min) AS lowest_bid, MAX(bp_max) AS highest_bid, MIN(ap_min) AS lowest_ask, MAX(ap_max) AS highest_ask, SUM(spread_sum) / SUM(n_quotes) AS avg_spread, SUM(bs_sum) AS total_bid_volum"
34728405,2026-08-14 01:34:19.134915,0.476456,34728405,,0,0,264,0,0,0,0,0.3775,91,28,0,0,"SELECT sym, COUNT(*) AS days_traded, SUM(n_quotes) AS total_quotes, MIN(bp_min) AS lowest_bid, MAX(bp_max) AS highest_bid, SUM(spread_sum) / SUM(n_quotes) AS avg_spread FROM quotes_daily WHERE sym IN ('AAPL', 'MSFT', 'GOOGL', 'AMZN', 'TSLA', 'META', "
34728405,2026-08-14 01:34:19.134915,0.476456,34728405,quotes_shared.public.mv_tbl__quotes_daily__0,1,1903571,1272,0,0,0,0,0.3736,40,93,0,0,"SELECT sym, COUNT(*) AS days_traded, SUM(n_quotes) AS total_quotes, MIN(bp_min) AS lowest_bid, MAX(bp_max) AS highest_bid, SUM(spread_sum) / SUM(n_quotes) AS avg_spread FROM quotes_daily WHERE sym IN ('AAPL', 'MSFT', 'GOOGL', 'AMZN', 'TSLA', 'META', "
34728413,2026-08-14 01:34:21.897475,0.107393,34728413,,0,0,383638,0,0,0,0,0.0136,12,23,0,0,"SELECT sym, pct_range FROM ( SELECT sym, (MAX(bp_max) - MIN(bp_min)) / MIN(bp_min) * 100 AS pct_range FROM quotes_daily GROUP BY sym ) t ORDER BY ABS(pct_range) DESC LIMIT 20"
34728413,2026-08-14 01:34:21.897475,0.107393,34728413,quotes_shared.public.mv_tbl__quotes_daily__0,1,1903571,1858616,0,0,0,0,0.0102,26,34,0,0,"SELECT sym, pct_range FROM ( SELECT sym, (MAX(bp_max) - MIN(bp_min)) / MIN(bp_min) * 100 AS pct_range FROM quotes_daily GROUP BY sym ) t ORDER BY ABS(pct_range) DESC LIMIT 20"
34728420,2026-08-14 01:34:22.687917,0.685936,34728420,,0,0,6312,0,0,0,0,0.5986,45,28,0,0,"SELECT day, SUM(n_quotes) AS total_quotes, SUM(bs_sum) + SUM(as_sum) AS total_volume, SUM(spread_sum) / SUM(n_quotes) AS avg_spread FROM quotes_daily GROUP BY day ORDER BY day"
34728420,2026-08-14 01:34:22.687917,0.685936,34728420,quotes_shared.public.mv_tbl__quotes_daily__0,1,1903571,1858616,0,0,0,0,0.5946,27,32,0,0,"SELECT day, SUM(n_quotes) AS total_quotes, SUM(bs_sum) + SUM(as_sum) AS total_volume, SUM(spread_sum) / SUM(n_quotes) AS avg_spread FROM quotes_daily GROUP BY day ORDER BY day"
34931461,2026-08-14 01:44:08.542007,4.893717,34931461,,0,0,65,0,0,0,0,0.0092,0,40,0,0,"SELECT COALESCE(SUM(n_quotes), 0) FROM quotes_daily"
34931461,2026-08-14 01:44:08.542007,4.893717,34931461,quotes_shared.public.mv_tbl__quotes_daily__0,1,1903571,1858616,0,0,0,0,1.2812,46,13,0,0,"SELECT COALESCE(SUM(n_quotes), 0) FROM quotes_daily"
34931464,2026-08-14 01:44:13.437781,0.080762,34931464,,0,0,65,0,0,0,0,0.0020,0,37,0,0,SELECT COUNT(*) FROM quotes_daily
34931464,2026-08-14 01:44:13.437781,0.080762,34931464,quotes_shared.public.mv_tbl__quotes_daily__0,1,1903210,1858616,0,0,0,0,0.0013,29,17,0,0,SELECT COUNT(*) FROM quotes_daily
34931467,2026-08-14 01:44:13.520353,3.111048,34931467,,0,0,65,0,0,0,0,0.0022,0,33,0,0,"SELECT COUNT(*) AS days_traded, SUM(n_quotes) AS total_quotes, MIN(bp_min) AS lowest_bid, MAX(bp_max) AS highest_bid, MIN(ap_min) AS lowest_ask, MAX(ap_max) AS highest_ask, SUM(spread_sum) / SUM(n_quotes) AS avg_spread, SUM(bs_sum) AS total_bid_volum"
34931467,2026-08-14 01:44:13.520353,3.111048,34931467,quotes_shared.public.mv_tbl__quotes_daily__0,1,1903524,159,0,0,0,0,3.0324,54,7,0,0,"SELECT COUNT(*) AS days_traded, SUM(n_quotes) AS total_quotes, MIN(bp_min) AS lowest_bid, MAX(bp_max) AS highest_bid, MIN(ap_min) AS lowest_ask, MAX(ap_max) AS highest_ask, SUM(spread_sum) / SUM(n_quotes) AS avg_spread, SUM(bs_sum) AS total_bid_volum"
34931475,2026-08-14 01:44:17.661571,0.401285,34931475,,0,0,260,0,0,0,0,0.3001,91,24,0,0,"SELECT sym, COUNT(*) AS days_traded, SUM(n_quotes) AS total_quotes, MIN(bp_min) AS lowest_bid, MAX(bp_max) AS highest_bid, SUM(spread_sum) / SUM(n_quotes) AS avg_spread FROM quotes_daily WHERE sym IN ('AAPL', 'MSFT', 'GOOGL', 'AMZN', 'TSLA', 'META', "
34931475,2026-08-14 01:44:17.661571,0.401285,34931475,quotes_shared.public.mv_tbl__quotes_daily__0,1,1903571,1272,0,0,0,0,0.2965,41,92,0,0,"SELECT sym, COUNT(*) AS days_traded, SUM(n_quotes) AS total_quotes, MIN(bp_min) AS lowest_bid, MAX(bp_max) AS highest_bid, SUM(spread_sum) / SUM(n_quotes) AS avg_spread FROM quotes_daily WHERE sym IN ('AAPL', 'MSFT', 'GOOGL', 'AMZN', 'TSLA', 'META', "
34931484,2026-08-14 01:44:18.807462,0.09514,34931484,,0,0,384278,0,0,0,0,0.0121,12,24,0,0,"SELECT sym, pct_range FROM ( SELECT sym, (MAX(bp_max) - MIN(bp_min)) / MIN(bp_min) * 100 AS pct_range FROM quotes_daily GROUP BY sym ) t ORDER BY ABS(pct_range) DESC LIMIT 20"
34931484,2026-08-14 01:44:18.807462,0.09514,34931484,quotes_shared.public.mv_tbl__quotes_daily__0,1,1903571,1858616,0,0,0,0,0.0083,26,27,0,0,"SELECT sym, pct_range FROM ( SELECT sym, (MAX(bp_max) - MIN(bp_min)) / MIN(bp_min) * 100 AS pct_range FROM quotes_daily GROUP BY sym ) t ORDER BY ABS(pct_range) DESC LIMIT 20"
34931491,2026-08-14 01:44:19.664805,0.715673,34931491,,0,0,6306,0,0,0,0,0.6397,45,24,0,0,"SELECT day, SUM(n_quotes) AS total_quotes, SUM(bs_sum) + SUM(as_sum) AS total_volume, SUM(spread_sum) / SUM(n_quotes) AS avg_spread FROM quotes_daily GROUP BY day ORDER BY day"
34931491,2026-08-14 01:44:19.664805,0.715673,34931491,quotes_shared.public.mv_tbl__quotes_daily__0,1,1903571,1858616,0,0,0,0,0.6364,37,38,0,0,"SELECT day, SUM(n_quotes) AS total_quotes, SUM(bs_sum) + SUM(as_sum) AS total_volume, SUM(spread_sum) / SUM(n_quotes) AS avg_spread FROM quotes_daily GROUP BY day ORDER BY day"
35134536,2026-08-14 01:54:08.050729,5.011706,35134536,,0,0,65,0,0,0,0,0.0037,0,32,0,0,"SELECT COALESCE(SUM(n_quotes), 0) FROM quotes_daily"
35134536,2026-08-14 01:54:08.050729,5.011706,35134536,quotes_shared.public.mv_tbl__quotes_daily__0,1,1903571,1858616,0,0,0,0,1.1948,54,28,0,0,"SELECT COALESCE(SUM(n_quotes), 0) FROM quotes_daily"
35134533,2026-08-14 01:54:08.050866,5.011525,35134533,,0,0,65,0,0,0,0,0.0040,0,74,0,0,"SELECT COALESCE(SUM(n_quotes), 0) FROM quotes_daily"
35134533,2026-08-14 01:54:08.050866,5.011525,35134533,quotes_shared.public.mv_tbl__quotes_daily__0,1,1903571,1858616,0,0,0,0,1.2346,54,27,0,0,"SELECT COALESCE(SUM(n_quotes), 0) FROM quotes_daily"
35134539,2026-08-14 01:54:13.064056,0.11719,35134539,,0,0,65,0,0,0,0,0.0145,0,39,0,0,SELECT COUNT(*) FROM quotes_daily
35134539,2026-08-14 01:54:13.064056,0.11719,35134539,quotes_shared.public.mv_tbl__quotes_daily__0,1,1903210,1858616,0,0,0,0,0.0027,59,36,0,0,SELECT COUNT(*) FROM quotes_daily
35134540,2026-08-14 01:54:13.064242,0.114307,35134540,,0,0,65,0,0,0,0,0.0113,0,29,0,0,SELECT COUNT(*) FROM quotes_daily
35134540,2026-08-14 01:54:13.064242,0.114307,35134540,quotes_shared.public.mv_tbl__quotes_daily__0,1,1903210,1858616,0,0,0,0,0.0027,57,35,0,0,SELECT COUNT(*) FROM quotes_daily
35134548,2026-08-14 01:54:13.180241,82.789304,35134548,,0,0,268073604,0,0,0,0,79.0355,23,24,0,0,"WITH src AS ( SELECT DATE_TRUNC('hour', TIMESTAMP 'epoch' + t / 1000 * INTERVAL '1 second') AS hour, bp, bs, ap, t FROM quotes_typed WHERE sym = 'AAPL' ), ranked AS ( SELECT hour, bp, bs, ap, ROW_NUMBER() OVER (PARTITION BY hour ORDER BY t ASC) AS rn"
35134548,2026-08-14 01:54:13.180241,82.789304,35134548,quotes_shared.public.mv_tbl__quotes_typed__0,1,8639681209,89357868,0,0,0,0,78.5258,18,2,0,0,"WITH src AS ( SELECT DATE_TRUNC('hour', TIMESTAMP 'epoch' + t / 1000 * INTERVAL '1 second') AS hour, bp, bs, ap, t FROM quotes_typed WHERE sym = 'AAPL' ), ranked AS ( SELECT hour, bp, bs, ap, ROW_NUMBER() OVER (PARTITION BY hour ORDER BY t ASC) AS rn"
35134545,2026-08-14 01:54:13.182866,7.003948,35134545,,0,0,65,0,0,0,0,0.0027,0,28,0,0,"SELECT COUNT(*) AS days_traded, SUM(n_quotes) AS total_quotes, MIN(bp_min) AS lowest_bid, MAX(bp_max) AS highest_bid, MIN(ap_min) AS lowest_ask, MAX(ap_max) AS highest_ask, SUM(spread_sum) / SUM(n_quotes) AS avg_spread, SUM(bs_sum) AS total_bid_volum"
35134545,2026-08-14 01:54:13.182866,7.003948,35134545,quotes_shared.public.mv_tbl__quotes_daily__0,1,1903524,159,0,0,0,0,6.9061,58,6,0,0,"SELECT COUNT(*) AS days_traded, SUM(n_quotes) AS total_quotes, MIN(bp_min) AS lowest_bid, MAX(bp_max) AS highest_bid, MIN(ap_min) AS lowest_ask, MAX(ap_max) AS highest_ask, SUM(spread_sum) / SUM(n_quotes) AS avg_spread, SUM(bs_sum) AS total_bid_volum"
35134558,2026-08-14 01:54:22.816999,0.418417,35134558,,0,0,260,0,0,0,0,0.3228,91,36,0,0,"SELECT sym, COUNT(*) AS days_traded, SUM(n_quotes) AS total_quotes, MIN(bp_min) AS lowest_bid, MAX(bp_max) AS highest_bid, SUM(spread_sum) / SUM(n_quotes) AS avg_spread FROM quotes_daily WHERE sym IN ('AAPL', 'MSFT', 'GOOGL', 'AMZN', 'TSLA', 'META', "
35134558,2026-08-14 01:54:22.816999,0.418417,35134558,quotes_shared.public.mv_tbl__quotes_daily__0,1,1903571,1272,0,0,0,0,0.3177,36,92,0,0,"SELECT sym, COUNT(*) AS days_traded, SUM(n_quotes) AS total_quotes, MIN(bp_min) AS lowest_bid, MAX(bp_max) AS highest_bid, SUM(spread_sum) / SUM(n_quotes) AS avg_spread FROM quotes_daily WHERE sym IN ('AAPL', 'MSFT', 'GOOGL', 'AMZN', 'TSLA', 'META', "
35134565,2026-08-14 01:54:23.952317,0.113777,35134565,,0,0,383387,0,0,0,0,0.0180,12,37,0,0,"SELECT sym, pct_range FROM ( SELECT sym, (MAX(bp_max) - MIN(bp_min)) / MIN(bp_min) * 100 AS pct_range FROM quotes_daily GROUP BY sym ) t ORDER BY ABS(pct_range) DESC LIMIT 20"
35134565,2026-08-14 01:54:23.952317,0.113777,35134565,quotes_shared.public.mv_tbl__quotes_daily__0,1,1903571,1858616,0,0,0,0,0.0098,27,40,0,0,"SELECT sym, pct_range FROM ( SELECT sym, (MAX(bp_max) - MIN(bp_min)) / MIN(bp_min) * 100 AS pct_range FROM quotes_daily GROUP BY sym ) t ORDER BY ABS(pct_range) DESC LIMIT 20"
35134572,2026-08-14 01:54:24.933941,0.579524,35134572,,0,0,6303,0,0,0,0,0.4934,45,23,0,0,"SELECT day, SUM(n_quotes) AS total_quotes, SUM(bs_sum) + SUM(as_sum) AS total_volume, SUM(spread_sum) / SUM(n_quotes) AS avg_spread FROM quotes_daily GROUP BY day ORDER BY day"
35134572,2026-08-14 01:54:24.933941,0.579524,35134572,quotes_shared.public.mv_tbl__quotes_daily__0,1,1903571,1858616,0,0,0,0,0.4877,39,22,0,0,"SELECT day, SUM(n_quotes) AS total_quotes, SUM(bs_sum) + SUM(as_sum) AS total_volume, SUM(spread_sum) / SUM(n_quotes) AS avg_spread FROM quotes_daily GROUP BY day ORDER BY day"
35134616,2026-08-14 01:55:36.752449,25.603235,35134616,,0,0,97,0,0,0,0,0.0696,0,23,0,0,"WITH s AS ( SELECT (ap - bp) AS spread, (bp + ap) / 2.0 AS mid, bs AS bs, ""as"" AS az FROM quotes_typed WHERE sym = 'AAPL' ), agg AS ( SELECT COUNT(*)::float8 AS n, SUM(spread) AS s1, SUM(POWER(spread, 2)) AS s2, SUM(POWER(spread, 3)) AS s3, SUM(POWER"
35134616,2026-08-14 01:55:36.752449,25.603235,35134616,quotes_shared.public.mv_tbl__quotes_typed__0,1,8639681209,89357868,0,0,0,0,25.4397,13,7,0,0,"WITH s AS ( SELECT (ap - bp) AS spread, (bp + ap) / 2.0 AS mid, bs AS bs, ""as"" AS az FROM quotes_typed WHERE sym = 'AAPL' ), agg AS ( SELECT COUNT(*)::float8 AS n, SUM(spread) AS s1, SUM(POWER(spread, 2)) AS s2, SUM(POWER(spread, 3)) AS s3, SUM(POWER"
35134641,2026-08-14 01:56:03.049858,71.938616,35134641,,0,0,268073604,0,0,0,0,69.3189,23,41,0,0,"WITH src AS ( SELECT DATE_TRUNC('hour', TIMESTAMP 'epoch' + payload.t::bigint / 1000 * INTERVAL '1 second') AS hour, payload.bp::float8 AS bp, payload.bs::bigint AS bs, payload.ap::float8 AS ap, payload.t::bigint AS t FROM quotes_streamed WHERE sym ="
35134641,2026-08-14 01:56:03.049858,71.938616,35134641,quotes_shared.public.mv_tbl__quotes_streamed__0,1,13046012696,89357868,0,0,0,0,68.3642,8,2,0,0,"WITH src AS ( SELECT DATE_TRUNC('hour', TIMESTAMP 'epoch' + payload.t::bigint / 1000 * INTERVAL '1 second') AS hour, payload.bp::float8 AS bp, payload.bs::bigint AS bs, payload.ap::float8 AS ap, payload.t::bigint AS t FROM quotes_streamed WHERE sym ="
35134679,2026-08-14 01:57:17.388885,27.263302,35134679,,0,0,97,0,0,0,0,0.0787,0,29,0,0,"WITH s AS ( SELECT (payload.ap::float8 - payload.bp::float8) AS spread, (payload.bp::float8 + payload.ap::float8) / 2.0 AS mid, payload.bs::bigint AS bs, payload.""as""::bigint AS az FROM quotes_streamed WHERE sym = 'AAPL' ), agg AS ( SELECT COUNT(*)::"
35134679,2026-08-14 01:57:17.388885,27.263302,35134679,quotes_shared.public.mv_tbl__quotes_streamed__0,1,13046012696,89357868,0,0,0,0,27.1135,5,16,0,0,"WITH s AS ( SELECT (payload.ap::float8 - payload.bp::float8) AS spread, (payload.bp::float8 + payload.ap::float8) / 2.0 AS mid, payload.bs::bigint AS bs, payload.""as""::bigint AS az FROM quotes_streamed WHERE sym = 'AAPL' ), agg AS ( SELECT COUNT(*)::"
35134883,2026-08-14 02:03:56.832616,0.178633,35134883,,0,0,65,0,0,0,0,0.0018,0,28,0,0,"SELECT COALESCE(SUM(n_quotes), 0) FROM quotes_daily"
35134883,2026-08-14 02:03:56.832616,0.178633,35134883,quotes_shared.public.mv_tbl__quotes_daily__0,1,1903571,1858616,0,0,0,0,0.0018,47,18,0,0,"SELECT COALESCE(SUM(n_quotes), 0) FROM quotes_daily"
35134886,2026-08-14 02:03:57.012989,0.072852,35134886,,0,0,65,0,0,0,0,0.0017,0,25,0,0,SELECT COUNT(*) FROM quotes_daily
35134886,2026-08-14 02:03:57.012989,0.072852,35134886,quotes_shared.public.mv_tbl__quotes_daily__0,1,1903210,1858616,0,0,0,0,0.0013,38,14,0,0,SELECT COUNT(*) FROM quotes_daily
35134889,2026-08-14 02:03:57.087429,0.083899,35134889,,0,0,65,0,0,0,0,0.0017,0,28,0,0,"SELECT COUNT(*) AS days_traded, SUM(n_quotes) AS total_quotes, MIN(bp_min) AS lowest_bid, MAX(bp_max) AS highest_bid, MIN(ap_min) AS lowest_ask, MAX(ap_max) AS highest_ask, SUM(spread_sum) / SUM(n_quotes) AS avg_spread, SUM(bs_sum) AS total_bid_volum"
35134889,2026-08-14 02:03:57.087429,0.083899,35134889,quotes_shared.public.mv_tbl__quotes_daily__0,1,1903524,159,0,0,0,0,0.0030,54,7,0,0,"SELECT COUNT(*) AS days_traded, SUM(n_quotes) AS total_quotes, MIN(bp_min) AS lowest_bid, MAX(bp_max) AS highest_bid, MIN(ap_min) AS lowest_ask, MAX(ap_max) AS highest_ask, SUM(spread_sum) / SUM(n_quotes) AS avg_spread, SUM(bs_sum) AS total_bid_volum"
35134898,2026-08-14 02:03:59.548349,0.098452,35134898,,0,0,260,0,0,0,0,0.0075,91,25,0,0,"SELECT sym, COUNT(*) AS days_traded, SUM(n_quotes) AS total_quotes, MIN(bp_min) AS lowest_bid, MAX(bp_max) AS highest_bid, SUM(spread_sum) / SUM(n_quotes) AS avg_spread FROM quotes_daily WHERE sym IN ('AAPL', 'MSFT', 'GOOGL', 'AMZN', 'TSLA', 'META', "
35134898,2026-08-14 02:03:59.548349,0.098452,35134898,quotes_shared.public.mv_tbl__quotes_daily__0,1,1903571,1272,0,0,0,0,0.0044,38,15,0,0,"SELECT sym, COUNT(*) AS days_traded, SUM(n_quotes) AS total_quotes, MIN(bp_min) AS lowest_bid, MAX(bp_max) AS highest_bid, SUM(spread_sum) / SUM(n_quotes) AS avg_spread FROM quotes_daily WHERE sym IN ('AAPL', 'MSFT', 'GOOGL', 'AMZN', 'TSLA', 'META', "
35134905,2026-08-14 02:04:00.407008,0.090274,35134905,,0,0,384947,0,0,0,0,0.0090,11,27,0,0,"SELECT sym, pct_range FROM ( SELECT sym, (MAX(bp_max) - MIN(bp_min)) / MIN(bp_min) * 100 AS pct_range FROM quotes_daily GROUP BY sym ) t ORDER BY ABS(pct_range) DESC LIMIT 20"
35134905,2026-08-14 02:04:00.407008,0.090274,35134905,quotes_shared.public.mv_tbl__quotes_daily__0,1,1903571,1858616,0,0,0,0,0.0060,13,27,0,0,"SELECT sym, pct_range FROM ( SELECT sym, (MAX(bp_max) - MIN(bp_min)) / MIN(bp_min) * 100 AS pct_range FROM quotes_daily GROUP BY sym ) t ORDER BY ABS(pct_range) DESC LIMIT 20"
35134912,2026-08-14 02:04:02.919689,0.086851,35134912,,0,0,6317,0,0,0,0,0.0063,45,37,0,0,"SELECT day, SUM(n_quotes) AS total_quotes, SUM(bs_sum) + SUM(as_sum) AS total_volume, SUM(spread_sum) / SUM(n_quotes) AS avg_spread FROM quotes_daily GROUP BY day ORDER BY day"
35134912,2026-08-14 02:04:02.919689,0.086851,35134912,quotes_shared.public.mv_tbl__quotes_daily__0,1,1903571,1858616,0,0,0,0,0.0035,25,24,0,0,"SELECT day, SUM(n_quotes) AS total_quotes, SUM(bs_sum) + SUM(as_sum) AS total_volume, SUM(spread_sum) / SUM(n_quotes) AS avg_spread FROM quotes_daily GROUP BY day ORDER BY day"
35337605,2026-08-14 02:14:08.297201,5.305582,35337605,,0,0,65,0,0,0,0,0.0032,0,29,0,0,"SELECT COALESCE(SUM(n_quotes), 0) FROM quotes_daily"
35337605,2026-08-14 02:14:08.297201,5.305582,35337605,quotes_shared.public.mv_tbl__quotes_daily__0,1,1903571,1858616,0,0,0,0,1.4215,35,17,0,0,"SELECT COALESCE(SUM(n_quotes), 0) FROM quotes_daily"
35337608,2026-08-14 02:14:13.604760,0.084364,35337608,,0,0,65,0,0,0,0,0.0045,0,66,0,0,SELECT COUNT(*) FROM quotes_daily
35337608,2026-08-14 02:14:13.604760,0.084364,35337608,quotes_shared.public.mv_tbl__quotes_daily__0,1,1903210,1858616,0,0,0,0,0.0023,47,55,0,0,SELECT COUNT(*) FROM quotes_daily
35337611,2026-08-14 02:14:13.690968,3.64226,35337611,,0,0,65,0,0,0,0,0.0041,0,66,0,0,"SELECT COUNT(*) AS days_traded, SUM(n_quotes) AS total_quotes, MIN(bp_min) AS lowest_bid, MAX(bp_max) AS highest_bid, MIN(ap_min) AS lowest_ask, MAX(ap_max) AS highest_ask, SUM(spread_sum) / SUM(n_quotes) AS avg_spread, SUM(bs_sum) AS total_bid_volum"
35337611,2026-08-14 02:14:13.690968,3.64226,35337611,quotes_shared.public.mv_tbl__quotes_daily__0,1,1903524,159,0,0,0,0,3.5594,54,16,0,0,"SELECT COUNT(*) AS days_traded, SUM(n_quotes) AS total_quotes, MIN(bp_min) AS lowest_bid, MAX(bp_max) AS highest_bid, MIN(ap_min) AS lowest_ask, MAX(ap_max) AS highest_ask, SUM(spread_sum) / SUM(n_quotes) AS avg_spread, SUM(bs_sum) AS total_bid_volum"
35337621,2026-08-14 02:14:20.064981,0.481331,35337621,,0,0,261,0,0,0,0,0.3931,91,22,0,0,"SELECT sym, COUNT(*) AS days_traded, SUM(n_quotes) AS total_quotes, MIN(bp_min) AS lowest_bid, MAX(bp_max) AS highest_bid, SUM(spread_sum) / SUM(n_quotes) AS avg_spread FROM quotes_daily WHERE sym IN ('AAPL', 'MSFT', 'GOOGL', 'AMZN', 'TSLA', 'META', "
35337621,2026-08-14 02:14:20.064981,0.481331,35337621,quotes_shared.public.mv_tbl__quotes_daily__0,1,1903571,1272,0,0,0,0,0.3887,37,93,0,0,"SELECT sym, COUNT(*) AS days_traded, SUM(n_quotes) AS total_quotes, MIN(bp_min) AS lowest_bid, MAX(bp_max) AS highest_bid, SUM(spread_sum) / SUM(n_quotes) AS avg_spread FROM quotes_daily WHERE sym IN ('AAPL', 'MSFT', 'GOOGL', 'AMZN', 'TSLA', 'META', "
35337628,2026-08-14 02:14:21.272965,0.267706,35337628,,0,0,372803,0,0,0,0,0.1859,12,87,0,0,"SELECT sym, pct_range FROM ( SELECT sym, (MAX(bp_max) - MIN(bp_min)) / MIN(bp_min) * 100 AS pct_range FROM quotes_daily GROUP BY sym ) t ORDER BY ABS(pct_range) DESC LIMIT 20"
35337628,2026-08-14 02:14:21.272965,0.267706,35337628,quotes_shared.public.mv_tbl__quotes_daily__0,1,1903571,1858616,0,0,0,0,0.0159,29,52,0,0,"SELECT sym, pct_range FROM ( SELECT sym, (MAX(bp_max) - MIN(bp_min)) / MIN(bp_min) * 100 AS pct_range FROM quotes_daily GROUP BY sym ) t ORDER BY ABS(pct_range) DESC LIMIT 20"
35337635,2026-08-14 02:14:22.307487,0.637174,35337635,,0,0,6312,0,0,0,0,0.5610,45,21,0,0,"SELECT day, SUM(n_quotes) AS total_quotes, SUM(bs_sum) + SUM(as_sum) AS total_volume, SUM(spread_sum) / SUM(n_quotes) AS avg_spread FROM quotes_daily GROUP BY day ORDER BY day"
35337635,2026-08-14 02:14:22.307487,0.637174,35337635,quotes_shared.public.mv_tbl__quotes_daily__0,1,1903571,1858616,0,0,0,0,0.5570,26,24,0,0,"SELECT day, SUM(n_quotes) AS total_quotes, SUM(bs_sum) + SUM(as_sum) AS total_volume, SUM(spread_sum) / SUM(n_quotes) AS avg_spread FROM quotes_daily GROUP BY day ORDER BY day"
35540677,2026-08-14 02:24:07.963687,5.165552,35540677,,0,0,65,0,0,0,0,0.0026,0,28,0,0,"SELECT COALESCE(SUM(n_quotes), 0) FROM quotes_daily"
35540677,2026-08-14 02:24:07.963687,5.165552,35540677,quotes_shared.public.mv_tbl__quotes_daily__0,1,1903571,1858616,0,0,0,0,1.3276,41,10,0,0,"SELECT COALESCE(SUM(n_quotes), 0) FROM quotes_daily"
35540680,2026-08-14 02:24:13.131132,0.088218,35540680,,0,0,65,0,0,0,0,0.0028,0,28,0,0,SELECT COUNT(*) FROM quotes_daily
35540680,2026-08-14 02:24:13.131132,0.088218,35540680,quotes_shared.public.mv_tbl__quotes_daily__0,1,1903210,1858616,0,0,0,0,0.0017,39,10,0,0,SELECT COUNT(*) FROM quotes_daily
35540683,2026-08-14 02:24:13.221260,3.251888,35540683,,0,0,65,0,0,0,0,0.0043,0,35,0,0,"SELECT COUNT(*) AS days_traded, SUM(n_quotes) AS total_quotes, MIN(bp_min) AS lowest_bid, MAX(bp_max) AS highest_bid, MIN(ap_min) AS lowest_ask, MAX(ap_max) AS highest_ask, SUM(spread_sum) / SUM(n_quotes) AS avg_spread, SUM(bs_sum) AS total_bid_volum"
35540683,2026-08-14 02:24:13.221260,3.251888,35540683,quotes_shared.public.mv_tbl__quotes_daily__0,1,1903524,159,0,0,0,0,3.1562,61,7,0,0,"SELECT COUNT(*) AS days_traded, SUM(n_quotes) AS total_quotes, MIN(bp_min) AS lowest_bid, MAX(bp_max) AS highest_bid, MIN(ap_min) AS lowest_ask, MAX(ap_max) AS highest_ask, SUM(spread_sum) / SUM(n_quotes) AS avg_spread, SUM(bs_sum) AS total_bid_volum"
35540691,2026-08-14 02:24:17.519602,0.588331,35540691,,0,0,259,0,0,0,0,0.4966,91,17,0,0,"SELECT sym, COUNT(*) AS days_traded, SUM(n_quotes) AS total_quotes, MIN(bp_min) AS lowest_bid, MAX(bp_max) AS highest_bid, SUM(spread_sum) / SUM(n_quotes) AS avg_spread FROM quotes_daily WHERE sym IN ('AAPL', 'MSFT', 'GOOGL', 'AMZN', 'TSLA', 'META', "
35540691,2026-08-14 02:24:17.519602,0.588331,35540691,quotes_shared.public.mv_tbl__quotes_daily__0,1,1903571,1272,0,0,0,0,0.4913,36,94,0,0,"SELECT sym, COUNT(*) AS days_traded, SUM(n_quotes) AS total_quotes, MIN(bp_min) AS lowest_bid, MAX(bp_max) AS highest_bid, SUM(spread_sum) / SUM(n_quotes) AS avg_spread FROM quotes_daily WHERE sym IN ('AAPL', 'MSFT', 'GOOGL', 'AMZN', 'TSLA', 'META', "
35540700,2026-08-14 02:24:18.858926,0.109188,35540700,,0,0,384095,0,0,0,0,0.0146,12,27,0,0,"SELECT sym, pct_range FROM ( SELECT sym, (MAX(bp_max) - MIN(bp_min)) / MIN(bp_min) * 100 AS pct_range FROM quotes_daily GROUP BY sym ) t ORDER BY ABS(pct_range) DESC LIMIT 20"
35540700,2026-08-14 02:24:18.858926,0.109188,35540700,quotes_shared.public.mv_tbl__quotes_daily__0,1,1903571,1858616,0,0,0,0,0.0100,24,21,0,0,"SELECT sym, pct_range FROM ( SELECT sym, (MAX(bp_max) - MIN(bp_min)) / MIN(bp_min) * 100 AS pct_range FROM quotes_daily GROUP BY sym ) t ORDER BY ABS(pct_range) DESC LIMIT 20"
35540707,2026-08-14 02:24:19.670206,0.662596,35540707,,0,0,6309,0,0,0,0,0.5812,45,60,0,0,"SELECT day, SUM(n_quotes) AS total_quotes, SUM(bs_sum) + SUM(as_sum) AS total_volume, SUM(spread_sum) / SUM(n_quotes) AS avg_spread FROM quotes_daily GROUP BY day ORDER BY day"
35540707,2026-08-14 02:24:19.670206,0.662596,35540707,quotes_shared.public.mv_tbl__quotes_daily__0,1,1903571,1858616,0,0,0,0,0.5749,28,30,0,0,"SELECT day, SUM(n_quotes) AS total_quotes, SUM(bs_sum) + SUM(as_sum) AS total_volume, SUM(spread_sum) / SUM(n_quotes) AS avg_spread FROM quotes_daily GROUP BY day ORDER BY day"
35743749,2026-08-14 02:34:08.495946,5.454875,35743749,,0,0,65,0,0,0,0,0.0027,0,37,0,0,"SELECT COALESCE(SUM(n_quotes), 0) FROM quotes_daily"
35743749,2026-08-14 02:34:08.495946,5.454875,35743749,quotes_shared.public.mv_tbl__quotes_daily__0,1,1903571,1858616,0,0,0,0,1.3866,36,16,0,0,"SELECT COALESCE(SUM(n_quotes), 0) FROM quotes_daily"
35743752,2026-08-14 02:34:13.952752,0.090418,35743752,,0,0,65,0,0,0,0,0.0038,0,28,0,0,SELECT COUNT(*) FROM quotes_daily
35743752,2026-08-14 02:34:13.952752,0.090418,35743752,quotes_shared.public.mv_tbl__quotes_daily__0,1,1903210,1858616,0,0,0,0,0.0017,46,27,0,0,SELECT COUNT(*) FROM quotes_daily
35743755,2026-08-14 02:34:14.044927,3.217461,35743755,,0,0,65,0,0,0,0,0.0023,0,31,0,0,"SELECT COUNT(*) AS days_traded, SUM(n_quotes) AS total_quotes, MIN(bp_min) AS lowest_bid, MAX(bp_max) AS highest_bid, MIN(ap_min) AS lowest_ask, MAX(ap_max) AS highest_ask, SUM(spread_sum) / SUM(n_quotes) AS avg_spread, SUM(bs_sum) AS total_bid_volum"
35743755,2026-08-14 02:34:14.044927,3.217461,35743755,quotes_shared.public.mv_tbl__quotes_daily__0,1,1903524,159,0,0,0,0,3.1365,58,7,0,0,"SELECT COUNT(*) AS days_traded, SUM(n_quotes) AS total_quotes, MIN(bp_min) AS lowest_bid, MAX(bp_max) AS highest_bid, MIN(ap_min) AS lowest_ask, MAX(ap_max) AS highest_ask, SUM(spread_sum) / SUM(n_quotes) AS avg_spread, SUM(bs_sum) AS total_bid_volum"
35743763,2026-08-14 02:34:18.276782,0.412185,35743763,,0,0,263,0,0,0,0,0.3223,91,25,0,0,"SELECT sym, COUNT(*) AS days_traded, SUM(n_quotes) AS total_quotes, MIN(bp_min) AS lowest_bid, MAX(bp_max) AS highest_bid, SUM(spread_sum) / SUM(n_quotes) AS avg_spread FROM quotes_daily WHERE sym IN ('AAPL', 'MSFT', 'GOOGL', 'AMZN', 'TSLA', 'META', "
35743763,2026-08-14 02:34:18.276782,0.412185,35743763,quotes_shared.public.mv_tbl__quotes_daily__0,1,1903571,1272,0,0,0,0,0.3171,44,92,0,0,"SELECT sym, COUNT(*) AS days_traded, SUM(n_quotes) AS total_quotes, MIN(bp_min) AS lowest_bid, MAX(bp_max) AS highest_bid, SUM(spread_sum) / SUM(n_quotes) AS avg_spread FROM quotes_daily WHERE sym IN ('AAPL', 'MSFT', 'GOOGL', 'AMZN', 'TSLA', 'META', "
35743772,2026-08-14 02:34:19.384557,0.094609,35743772,,0,0,384209,0,0,0,0,0.0139,12,32,0,0,"SELECT sym, pct_range FROM ( SELECT sym, (MAX(bp_max) - MIN(bp_min)) / MIN(bp_min) * 100 AS pct_range FROM quotes_daily GROUP BY sym ) t ORDER BY ABS(pct_range) DESC LIMIT 20"
35743772,2026-08-14 02:34:19.384557,0.094609,35743772,quotes_shared.public.mv_tbl__quotes_daily__0,1,1903571,1858616,0,0,0,0,0.0085,25,22,0,0,"SELECT sym, pct_range FROM ( SELECT sym, (MAX(bp_max) - MIN(bp_min)) / MIN(bp_min) * 100 AS pct_range FROM quotes_daily GROUP BY sym ) t ORDER BY ABS(pct_range) DESC LIMIT 20"
35743779,2026-08-14 02:34:20.176618,0.598924,35743779,,0,0,6312,0,0,0,0,0.5211,45,41,0,0,"SELECT day, SUM(n_quotes) AS total_quotes, SUM(bs_sum) + SUM(as_sum) AS total_volume, SUM(spread_sum) / SUM(n_quotes) AS avg_spread FROM quotes_daily GROUP BY day ORDER BY day"
35743779,2026-08-14 02:34:20.176618,0.598924,35743779,quotes_shared.public.mv_tbl__quotes_daily__0,1,1903571,1858616,0,0,0,0,0.5164,29,22,0,0,"SELECT day, SUM(n_quotes) AS total_quotes, SUM(bs_sum) + SUM(as_sum) AS total_volume, SUM(spread_sum) / SUM(n_quotes) AS avg_spread FROM quotes_daily GROUP BY day ORDER BY day"
35946821,2026-08-14 02:44:08.089716,5.057374,35946821,,0,0,65,0,0,0,0,0.0024,0,30,0,0,"SELECT COALESCE(SUM(n_quotes), 0) FROM quotes_daily"
35946821,2026-08-14 02:44:08.089716,5.057374,35946821,quotes_shared.public.mv_tbl__quotes_daily__0,1,1903571,1858616,0,0,0,0,1.3301,39,14,0,0,"SELECT COALESCE(SUM(n_quotes), 0) FROM quotes_daily"
35946824,2026-08-14 02:44:13.149199,0.084851,35946824,,0,0,65,0,0,0,0,0.0019,0,27,0,0,SELECT COUNT(*) FROM quotes_daily
35946824,2026-08-14 02:44:13.149199,0.084851,35946824,quotes_shared.public.mv_tbl__quotes_daily__0,1,1903210,1858616,0,0,0,0,0.0014,38,17,0,0,SELECT COUNT(*) FROM quotes_daily
35946827,2026-08-14 02:44:13.235838,3.083966,35946827,,0,0,65,0,0,0,0,0.0024,0,27,0,0,"SELECT COUNT(*) AS days_traded, SUM(n_quotes) AS total_quotes, MIN(bp_min) AS lowest_bid, MAX(bp_max) AS highest_bid, MIN(ap_min) AS lowest_ask, MAX(ap_max) AS highest_ask, SUM(spread_sum) / SUM(n_quotes) AS avg_spread, SUM(bs_sum) AS total_bid_volum"
35946827,2026-08-14 02:44:13.235838,3.083966,35946827,quotes_shared.public.mv_tbl__quotes_daily__0,1,1903524,159,0,0,0,0,2.9869,54,5,0,0,"SELECT COUNT(*) AS days_traded, SUM(n_quotes) AS total_quotes, MIN(bp_min) AS lowest_bid, MAX(bp_max) AS highest_bid, MIN(ap_min) AS lowest_ask, MAX(ap_max) AS highest_ask, SUM(spread_sum) / SUM(n_quotes) AS avg_spread, SUM(bs_sum) AS total_bid_volum"
35946837,2026-08-14 02:44:18.892691,0.466351,35946837,,0,0,263,0,0,0,0,0.3715,91,22,0,0,"SELECT sym, COUNT(*) AS days_traded, SUM(n_quotes) AS total_quotes, MIN(bp_min) AS lowest_bid, MAX(bp_max) AS highest_bid, SUM(spread_sum) / SUM(n_quotes) AS avg_spread FROM quotes_daily WHERE sym IN ('AAPL', 'MSFT', 'GOOGL', 'AMZN', 'TSLA', 'META', "
35946837,2026-08-14 02:44:18.892691,0.466351,35946837,quotes_shared.public.mv_tbl__quotes_daily__0,1,1903571,1272,0,0,0,0,0.3678,33,93,0,0,"SELECT sym, COUNT(*) AS days_traded, SUM(n_quotes) AS total_quotes, MIN(bp_min) AS lowest_bid, MAX(bp_max) AS highest_bid, SUM(spread_sum) / SUM(n_quotes) AS avg_spread FROM quotes_daily WHERE sym IN ('AAPL', 'MSFT', 'GOOGL', 'AMZN', 'TSLA', 'META', "
35946844,2026-08-14 02:44:20.078153,0.100745,35946844,,0,0,383194,0,0,0,0,0.0141,12,24,0,0,"SELECT sym, pct_range FROM ( SELECT sym, (MAX(bp_max) - MIN(bp_min)) / MIN(bp_min) * 100 AS pct_range FROM quotes_daily GROUP BY sym ) t ORDER BY ABS(pct_range) DESC LIMIT 20"
35946844,2026-08-14 02:44:20.078153,0.100745,35946844,quotes_shared.public.mv_tbl__quotes_daily__0,1,1903571,1858616,0,0,0,0,0.0088,28,33,0,0,"SELECT sym, pct_range FROM ( SELECT sym, (MAX(bp_max) - MIN(bp_min)) / MIN(bp_min) * 100 AS pct_range FROM quotes_daily GROUP BY sym ) t ORDER BY ABS(pct_range) DESC LIMIT 20"
35946851,2026-08-14 02:44:20.898200,0.74352,35946851,,0,0,6287,0,0,0,0,0.6594,45,27,0,0,"SELECT day, SUM(n_quotes) AS total_quotes, SUM(bs_sum) + SUM(as_sum) AS total_volume, SUM(spread_sum) / SUM(n_quotes) AS avg_spread FROM quotes_daily GROUP BY day ORDER BY day"
35946851,2026-08-14 02:44:20.898200,0.74352,35946851,quotes_shared.public.mv_tbl__quotes_daily__0,1,1903571,1858616,0,0,0,0,0.6559,48,37,0,0,"SELECT day, SUM(n_quotes) AS total_quotes, SUM(bs_sum) + SUM(as_sum) AS total_volume, SUM(spread_sum) / SUM(n_quotes) AS avg_spread FROM quotes_daily GROUP BY day ORDER BY day"
36149896,2026-08-14 02:54:08.177514,4.769639,36149896,,0,0,65,0,0,0,0,0.0185,0,29,0,0,"SELECT COALESCE(SUM(n_quotes), 0) FROM quotes_daily"
36149896,2026-08-14 02:54:08.177514,4.769639,36149896,quotes_shared.public.mv_tbl__quotes_daily__0,1,1903571,1858616,0,0,0,0,1.0479,56,19,0,0,"SELECT COALESCE(SUM(n_quotes), 0) FROM quotes_daily"
36149893,2026-08-14 02:54:08.179077,4.767734,36149893,,0,0,65,0,0,0,0,0.0172,0,36,0,0,"SELECT COALESCE(SUM(n_quotes), 0) FROM quotes_daily"
36149893,2026-08-14 02:54:08.179077,4.767734,36149893,quotes_shared.public.mv_tbl__quotes_daily__0,1,1903571,1858616,0,0,0,0,1.1026,45,18,0,0,"SELECT COALESCE(SUM(n_quotes), 0) FROM quotes_daily"
36149899,2026-08-14 02:54:12.948714,0.078416,36149899,,0,0,65,0,0,0,0,0.0023,0,17,0,0,SELECT COUNT(*) FROM quotes_daily
36149899,2026-08-14 02:54:12.948714,0.078416,36149899,quotes_shared.public.mv_tbl__quotes_daily__0,1,1903210,1858616,0,0,0,0,0.0019,46,11,0,0,SELECT COUNT(*) FROM quotes_daily
36149900,2026-08-14 02:54:12.948845,0.080989,36149900,,0,0,65,0,0,0,0,0.0023,0,21,0,0,SELECT COUNT(*) FROM quotes_daily
36149900,2026-08-14 02:54:12.948845,0.080989,36149900,quotes_shared.public.mv_tbl__quotes_daily__0,1,1903210,1858616,0,0,0,0,0.0016,38,15,0,0,SELECT COUNT(*) FROM quotes_daily
36149905,2026-08-14 02:54:13.028919,6.809187,36149905,,0,0,65,0,0,0,0,0.0024,0,33,0,0,"SELECT COUNT(*) AS days_traded, SUM(n_quotes) AS total_quotes, MIN(bp_min) AS lowest_bid, MAX(bp_max) AS highest_bid, MIN(ap_min) AS lowest_ask, MAX(ap_max) AS highest_ask, SUM(spread_sum) / SUM(n_quotes) AS avg_spread, SUM(bs_sum) AS total_bid_volum"
36149905,2026-08-14 02:54:13.028919,6.809187,36149905,quotes_shared.public.mv_tbl__quotes_daily__0,1,1903524,159,0,0,0,0,6.7206,58,4,0,0,"SELECT COUNT(*) AS days_traded, SUM(n_quotes) AS total_quotes, MIN(bp_min) AS lowest_bid, MAX(bp_max) AS highest_bid, MIN(ap_min) AS lowest_ask, MAX(ap_max) AS highest_ask, SUM(spread_sum) / SUM(n_quotes) AS avg_spread, SUM(bs_sum) AS total_bid_volum"
36149908,2026-08-14 02:54:13.031452,84.134093,36149908,,0,0,268073604,0,0,0,0,80.4770,23,25,0,0,"WITH src AS ( SELECT DATE_TRUNC('hour', TIMESTAMP 'epoch' + t / 1000 * INTERVAL '1 second') AS hour, bp, bs, ap, t FROM quotes_typed WHERE sym = 'AAPL' ), ranked AS ( SELECT hour, bp, bs, ap, ROW_NUMBER() OVER (PARTITION BY hour ORDER BY t ASC) AS rn"
36149908,2026-08-14 02:54:13.031452,84.134093,36149908,quotes_shared.public.mv_tbl__quotes_typed__0,1,8639681209,89357868,0,0,0,0,79.9793,11,3,0,0,"WITH src AS ( SELECT DATE_TRUNC('hour', TIMESTAMP 'epoch' + t / 1000 * INTERVAL '1 second') AS hour, bp, bs, ap, t FROM quotes_typed WHERE sym = 'AAPL' ), ranked AS ( SELECT hour, bp, bs, ap, ROW_NUMBER() OVER (PARTITION BY hour ORDER BY t ASC) AS rn"
36149919,2026-08-14 02:54:20.848194,0.423439,36149919,,0,0,257,0,0,0,0,0.3365,91,48,0,0,"SELECT sym, COUNT(*) AS days_traded, SUM(n_quotes) AS total_quotes, MIN(bp_min) AS lowest_bid, MAX(bp_max) AS highest_bid, SUM(spread_sum) / SUM(n_quotes) AS avg_spread FROM quotes_daily WHERE sym IN ('AAPL', 'MSFT', 'GOOGL', 'AMZN', 'TSLA', 'META', "
36149919,2026-08-14 02:54:20.848194,0.423439,36149919,quotes_shared.public.mv_tbl__quotes_daily__0,1,1903571,1272,0,0,0,0,0.3307,40,93,0,0,"SELECT sym, COUNT(*) AS days_traded, SUM(n_quotes) AS total_quotes, MIN(bp_min) AS lowest_bid, MAX(bp_max) AS highest_bid, SUM(spread_sum) / SUM(n_quotes) AS avg_spread FROM quotes_daily WHERE sym IN ('AAPL', 'MSFT', 'GOOGL', 'AMZN', 'TSLA', 'META', "
36149929,2026-08-14 02:54:22.005712,0.091798,36149929,,0,0,384753,0,0,0,0,0.0162,12,27,0,0,"SELECT sym, pct_range FROM ( SELECT sym, (MAX(bp_max) - MIN(bp_min)) / MIN(bp_min) * 100 AS pct_range FROM quotes_daily GROUP BY sym ) t ORDER BY ABS(pct_range) DESC LIMIT 20"
36149929,2026-08-14 02:54:22.005712,0.091798,36149929,quotes_shared.public.mv_tbl__quotes_daily__0,1,1903571,1858616,0,0,0,0,0.0086,24,34,0,0,"SELECT sym, pct_range FROM ( SELECT sym, (MAX(bp_max) - MIN(bp_min)) / MIN(bp_min) * 100 AS pct_range FROM quotes_daily GROUP BY sym ) t ORDER BY ABS(pct_range) DESC LIMIT 20"
36149936,2026-08-14 02:54:22.834546,0.54613,36149936,,0,0,6304,0,0,0,0,0.4740,45,32,0,0,"SELECT day, SUM(n_quotes) AS total_quotes, SUM(bs_sum) + SUM(as_sum) AS total_volume, SUM(spread_sum) / SUM(n_quotes) AS avg_spread FROM quotes_daily GROUP BY day ORDER BY day"
36149936,2026-08-14 02:54:22.834546,0.54613,36149936,quotes_shared.public.mv_tbl__quotes_daily__0,1,1903571,1858616,0,0,0,0,0.4686,38,19,0,0,"SELECT day, SUM(n_quotes) AS total_quotes, SUM(bs_sum) + SUM(as_sum) AS total_volume, SUM(spread_sum) / SUM(n_quotes) AS avg_spread FROM quotes_daily GROUP BY day ORDER BY day"
36149974,2026-08-14 02:55:37.980040,114.868733,36149974,,0,0,97,0,0,0,0,0.0772,0,29,0,0,"WITH s AS ( SELECT (ap - bp) AS spread, (bp + ap) / 2.0 AS mid, bs AS bs, ""as"" AS az FROM quotes_typed WHERE sym = 'AAPL' ), agg AS ( SELECT COUNT(*)::float8 AS n, SUM(spread) AS s1, SUM(POWER(spread, 2)) AS s2, SUM(POWER(spread, 3)) AS s3, SUM(POWER"
36149974,2026-08-14 02:55:37.980040,114.868733,36149974,quotes_shared.public.mv_tbl__quotes_typed__0,1,8639681209,89357868,0,0,0,0,114.6949,12,58,0,0,"WITH s AS ( SELECT (ap - bp) AS spread, (bp + ap) / 2.0 AS mid, bs AS bs, ""as"" AS az FROM quotes_typed WHERE sym = 'AAPL' ), agg AS ( SELECT COUNT(*)::float8 AS n, SUM(spread) AS s1, SUM(POWER(spread, 2)) AS s2, SUM(POWER(spread, 3)) AS s3, SUM(POWER"
36150031,2026-08-14 02:57:33.649756,69.379421,36150031,,0,0,268073604,0,0,0,0,66.6394,23,32,0,0,"WITH src AS ( SELECT DATE_TRUNC('hour', TIMESTAMP 'epoch' + payload.t::bigint / 1000 * INTERVAL '1 second') AS hour, payload.bp::float8 AS bp, payload.bs::bigint AS bs, payload.ap::float8 AS ap, payload.t::bigint AS t FROM quotes_streamed WHERE sym ="
36150031,2026-08-14 02:57:33.649756,69.379421,36150031,quotes_shared.public.mv_tbl__quotes_streamed__0,1,13046012696,89357868,0,0,0,0,65.6922,8,1,0,0,"WITH src AS ( SELECT DATE_TRUNC('hour', TIMESTAMP 'epoch' + payload.t::bigint / 1000 * INTERVAL '1 second') AS hour, payload.bp::float8 AS bp, payload.bs::bigint AS bs, payload.ap::float8 AS ap, payload.t::bigint AS t FROM quotes_streamed WHERE sym ="
36150075,2026-08-14 02:58:45.414808,23.136855,36150075,,0,0,97,0,0,0,0,0.0876,0,26,0,0,"WITH s AS ( SELECT (payload.ap::float8 - payload.bp::float8) AS spread, (payload.bp::float8 + payload.ap::float8) / 2.0 AS mid, payload.bs::bigint AS bs, payload.""as""::bigint AS az FROM quotes_streamed WHERE sym = 'AAPL' ), agg AS ( SELECT COUNT(*)::"
36150075,2026-08-14 02:58:45.414808,23.136855,36150075,quotes_shared.public.mv_tbl__quotes_streamed__0,1,13046012696,89357868,0,0,0,0,22.9886,7,7,0,0,"WITH s AS ( SELECT (payload.ap::float8 - payload.bp::float8) AS spread, (payload.bp::float8 + payload.ap::float8) / 2.0 AS mid, payload.bs::bigint AS bs, payload.""as""::bigint AS az FROM quotes_streamed WHERE sym = 'AAPL' ), agg AS ( SELECT COUNT(*)::"
36150221,2026-08-14 03:03:56.835842,0.22541,36150221,,0,0,65,0,0,0,0,0.0016,0,21,0,0,"SELECT COALESCE(SUM(n_quotes), 0) FROM quotes_daily"
36150221,2026-08-14 03:03:56.835842,0.22541,36150221,quotes_shared.public.mv_tbl__quotes_daily__0,1,1903571,1858616,0,0,0,0,0.0014,39,13,0,0,"SELECT COALESCE(SUM(n_quotes), 0) FROM quotes_daily"
36150224,2026-08-14 03:03:57.062802,0.086696,36150224,,0,0,65,0,0,0,0,0.0015,0,32,0,0,SELECT COUNT(*) FROM quotes_daily
36150224,2026-08-14 03:03:57.062802,0.086696,36150224,quotes_shared.public.mv_tbl__quotes_daily__0,1,1903210,1858616,0,0,0,0,0.0010,28,15,0,0,SELECT COUNT(*) FROM quotes_daily
36150227,2026-08-14 03:03:57.151013,0.09726,36150227,,0,0,65,0,0,0,0,0.0014,0,37,0,0,"SELECT COUNT(*) AS days_traded, SUM(n_quotes) AS total_quotes, MIN(bp_min) AS lowest_bid, MAX(bp_max) AS highest_bid, MIN(ap_min) AS lowest_ask, MAX(ap_max) AS highest_ask, SUM(spread_sum) / SUM(n_quotes) AS avg_spread, SUM(bs_sum) AS total_bid_volum"
36150227,2026-08-14 03:03:57.151013,0.09726,36150227,quotes_shared.public.mv_tbl__quotes_daily__0,1,1903524,159,0,0,0,0,0.0027,54,5,0,0,"SELECT COUNT(*) AS days_traded, SUM(n_quotes) AS total_quotes, MIN(bp_min) AS lowest_bid, MAX(bp_max) AS highest_bid, MIN(ap_min) AS lowest_ask, MAX(ap_max) AS highest_ask, SUM(spread_sum) / SUM(n_quotes) AS avg_spread, SUM(bs_sum) AS total_bid_volum"
36150234,2026-08-14 03:03:58.005967,0.109056,36150234,,0,0,262,0,0,0,0,0.0069,91,24,0,0,"SELECT sym, COUNT(*) AS days_traded, SUM(n_quotes) AS total_quotes, MIN(bp_min) AS lowest_bid, MAX(bp_max) AS highest_bid, SUM(spread_sum) / SUM(n_quotes) AS avg_spread FROM quotes_daily WHERE sym IN ('AAPL', 'MSFT', 'GOOGL', 'AMZN', 'TSLA', 'META', "
36150234,2026-08-14 03:03:58.005967,0.109056,36150234,quotes_shared.public.mv_tbl__quotes_daily__0,1,1903571,1272,0,0,0,0,0.0039,37,11,0,0,"SELECT sym, COUNT(*) AS days_traded, SUM(n_quotes) AS total_quotes, MIN(bp_min) AS lowest_bid, MAX(bp_max) AS highest_bid, SUM(spread_sum) / SUM(n_quotes) AS avg_spread FROM quotes_daily WHERE sym IN ('AAPL', 'MSFT', 'GOOGL', 'AMZN', 'TSLA', 'META', "
36150241,2026-08-14 03:03:58.821470,0.105796,36150241,,0,0,384849,0,0,0,0,0.0082,12,23,0,0,"SELECT sym, pct_range FROM ( SELECT sym, (MAX(bp_max) - MIN(bp_min)) / MIN(bp_min) * 100 AS pct_range FROM quotes_daily GROUP BY sym ) t ORDER BY ABS(pct_range) DESC LIMIT 20"
36150241,2026-08-14 03:03:58.821470,0.105796,36150241,quotes_shared.public.mv_tbl__quotes_daily__0,1,1903571,1858616,0,0,0,0,0.0057,24,23,0,0,"SELECT sym, pct_range FROM ( SELECT sym, (MAX(bp_max) - MIN(bp_min)) / MIN(bp_min) * 100 AS pct_range FROM quotes_daily GROUP BY sym ) t ORDER BY ABS(pct_range) DESC LIMIT 20"
36150248,2026-08-14 03:04:01.222061,0.101191,36150248,,0,0,6310,0,0,0,0,0.0057,45,35,0,0,"SELECT day, SUM(n_quotes) AS total_quotes, SUM(bs_sum) + SUM(as_sum) AS total_volume, SUM(spread_sum) / SUM(n_quotes) AS avg_spread FROM quotes_daily GROUP BY day ORDER BY day"
36150248,2026-08-14 03:04:01.222061,0.101191,36150248,quotes_shared.public.mv_tbl__quotes_daily__0,1,1903571,1858616,0,0,0,0,0.0031,12,20,0,0,"SELECT day, SUM(n_quotes) AS total_quotes, SUM(bs_sum) + SUM(as_sum) AS total_volume, SUM(spread_sum) / SUM(n_quotes) AS avg_spread FROM quotes_daily GROUP BY day ORDER BY day"
36352965,2026-08-14 03:14:08.037763,4.943482,36352965,,0,0,65,0,0,0,0,0.0027,0,44,0,0,"SELECT COALESCE(SUM(n_quotes), 0) FROM quotes_daily"
36352965,2026-08-14 03:14:08.037763,4.943482,36352965,quotes_shared.public.mv_tbl__quotes_daily__0,1,1903571,1858616,0,0,0,0,1.3798,30,17,0,0,"SELECT COALESCE(SUM(n_quotes), 0) FROM quotes_daily"
36352968,2026-08-14 03:14:12.983091,0.079015,36352968,,0,0,65,0,0,0,0,0.0023,0,29,0,0,SELECT COUNT(*) FROM quotes_daily
36352968,2026-08-14 03:14:12.983091,0.079015,36352968,quotes_shared.public.mv_tbl__quotes_daily__0,1,1903210,1858616,0,0,0,0,0.0016,64,28,0,0,SELECT COUNT(*) FROM quotes_daily
36352971,2026-08-14 03:14:13.063848,3.137745,36352971,,0,0,65,0,0,0,0,0.0030,0,31,0,0,"SELECT COUNT(*) AS days_traded, SUM(n_quotes) AS total_quotes, MIN(bp_min) AS lowest_bid, MAX(bp_max) AS highest_bid, MIN(ap_min) AS lowest_ask, MAX(ap_max) AS highest_ask, SUM(spread_sum) / SUM(n_quotes) AS avg_spread, SUM(bs_sum) AS total_bid_volum"
36352971,2026-08-14 03:14:13.063848,3.137745,36352971,quotes_shared.public.mv_tbl__quotes_daily__0,1,1903524,159,0,0,0,0,3.0502,54,6,0,0,"SELECT COUNT(*) AS days_traded, SUM(n_quotes) AS total_quotes, MIN(bp_min) AS lowest_bid, MAX(bp_max) AS highest_bid, MIN(ap_min) AS lowest_ask, MAX(ap_max) AS highest_ask, SUM(spread_sum) / SUM(n_quotes) AS avg_spread, SUM(bs_sum) AS total_bid_volum"
36352979,2026-08-14 03:14:17.304732,0.458079,36352979,,0,0,261,0,0,0,0,0.3707,91,32,0,0,"SELECT sym, COUNT(*) AS days_traded, SUM(n_quotes) AS total_quotes, MIN(bp_min) AS lowest_bid, MAX(bp_max) AS highest_bid, SUM(spread_sum) / SUM(n_quotes) AS avg_spread FROM quotes_daily WHERE sym IN ('AAPL', 'MSFT', 'GOOGL', 'AMZN', 'TSLA', 'META', "
36352979,2026-08-14 03:14:17.304732,0.458079,36352979,quotes_shared.public.mv_tbl__quotes_daily__0,1,1903571,1272,0,0,0,0,0.3659,39,92,0,0,"SELECT sym, COUNT(*) AS days_traded, SUM(n_quotes) AS total_quotes, MIN(bp_min) AS lowest_bid, MAX(bp_max) AS highest_bid, SUM(spread_sum) / SUM(n_quotes) AS avg_spread FROM quotes_daily WHERE sym IN ('AAPL', 'MSFT', 'GOOGL', 'AMZN', 'TSLA', 'META', "
36352988,2026-08-14 03:14:20.242693,0.091292,36352988,,0,0,383989,0,0,0,0,0.0146,12,26,0,0,"SELECT sym, pct_range FROM ( SELECT sym, (MAX(bp_max) - MIN(bp_min)) / MIN(bp_min) * 100 AS pct_range FROM quotes_daily GROUP BY sym ) t ORDER BY ABS(pct_range) DESC LIMIT 20"
36352988,2026-08-14 03:14:20.242693,0.091292,36352988,quotes_shared.public.mv_tbl__quotes_daily__0,1,1903571,1858616,0,0,0,0,0.0092,27,28,0,0,"SELECT sym, pct_range FROM ( SELECT sym, (MAX(bp_max) - MIN(bp_min)) / MIN(bp_min) * 100 AS pct_range FROM quotes_daily GROUP BY sym ) t ORDER BY ABS(pct_range) DESC LIMIT 20"
36352995,2026-08-14 03:14:21.051419,0.736794,36352995,,0,0,6308,0,0,0,0,0.6627,45,24,0,0,"SELECT day, SUM(n_quotes) AS total_quotes, SUM(bs_sum) + SUM(as_sum) AS total_volume, SUM(spread_sum) / SUM(n_quotes) AS avg_spread FROM quotes_daily GROUP BY day ORDER BY day"
36352995,2026-08-14 03:14:21.051419,0.736794,36352995,quotes_shared.public.mv_tbl__quotes_daily__0,1,1903571,1858616,0,0,0,0,0.6580,48,40,0,0,"SELECT day, SUM(n_quotes) AS total_quotes, SUM(bs_sum) + SUM(as_sum) AS total_volume, SUM(spread_sum) / SUM(n_quotes) AS avg_spread FROM quotes_daily GROUP BY day ORDER BY day"
36556039,2026-08-14 03:24:07.938609,4.933697,36556039,,0,0,65,0,0,0,0,0.0022,0,29,0,0,"SELECT COALESCE(SUM(n_quotes), 0) FROM quotes_daily"
36556039,2026-08-14 03:24:07.938609,4.933697,36556039,quotes_shared.public.mv_tbl__quotes_daily__0,1,1903571,1858616,0,0,0,0,1.2883,42,13,0,0,"SELECT COALESCE(SUM(n_quotes), 0) FROM quotes_daily"
36556042,2026-08-14 03:24:12.874362,0.081517,36556042,,0,0,65,0,0,0,0,0.0020,0,33,0,0,SELECT COUNT(*) FROM quotes_daily
36556042,2026-08-14 03:24:12.874362,0.081517,36556042,quotes_shared.public.mv_tbl__quotes_daily__0,1,1903210,1858616,0,0,0,0,0.0012,38,21,0,0,SELECT COUNT(*) FROM quotes_daily
36556045,2026-08-14 03:24:12.957673,3.143838,36556045,,0,0,65,0,0,0,0,0.0023,0,27,0,0,"SELECT COUNT(*) AS days_traded, SUM(n_quotes) AS total_quotes, MIN(bp_min) AS lowest_bid, MAX(bp_max) AS highest_bid, MIN(ap_min) AS lowest_ask, MAX(ap_max) AS highest_ask, SUM(spread_sum) / SUM(n_quotes) AS avg_spread, SUM(bs_sum) AS total_bid_volum"
36556045,2026-08-14 03:24:12.957673,3.143838,36556045,quotes_shared.public.mv_tbl__quotes_daily__0,1,1903524,159,0,0,0,0,3.0514,54,7,0,0,"SELECT COUNT(*) AS days_traded, SUM(n_quotes) AS total_quotes, MIN(bp_min) AS lowest_bid, MAX(bp_max) AS highest_bid, MIN(ap_min) AS lowest_ask, MAX(ap_max) AS highest_ask, SUM(spread_sum) / SUM(n_quotes) AS avg_spread, SUM(bs_sum) AS total_bid_volum"
36556055,2026-08-14 03:24:18.829222,0.459731,36556055,,0,0,261,0,0,0,0,0.3662,91,19,0,0,"SELECT sym, COUNT(*) AS days_traded, SUM(n_quotes) AS total_quotes, MIN(bp_min) AS lowest_bid, MAX(bp_max) AS highest_bid, SUM(spread_sum) / SUM(n_quotes) AS avg_spread FROM quotes_daily WHERE sym IN ('AAPL', 'MSFT', 'GOOGL', 'AMZN', 'TSLA', 'META', "
36556055,2026-08-14 03:24:18.829222,0.459731,36556055,quotes_shared.public.mv_tbl__quotes_daily__0,1,1903571,1272,0,0,0,0,0.3625,37,93,0,0,"SELECT sym, COUNT(*) AS days_traded, SUM(n_quotes) AS total_quotes, MIN(bp_min) AS lowest_bid, MAX(bp_max) AS highest_bid, SUM(spread_sum) / SUM(n_quotes) AS avg_spread FROM quotes_daily WHERE sym IN ('AAPL', 'MSFT', 'GOOGL', 'AMZN', 'TSLA', 'META', "
36556062,2026-08-14 03:24:20.020858,0.097067,36556062,,0,0,384106,0,0,0,0,0.0122,12,27,0,0,"SELECT sym, pct_range FROM ( SELECT sym, (MAX(bp_max) - MIN(bp_min)) / MIN(bp_min) * 100 AS pct_range FROM quotes_daily GROUP BY sym ) t ORDER BY ABS(pct_range) DESC LIMIT 20"
36556062,2026-08-14 03:24:20.020858,0.097067,36556062,quotes_shared.public.mv_tbl__quotes_daily__0,1,1903571,1858616,0,0,0,0,0.0080,26,25,0,0,"SELECT sym, pct_range FROM ( SELECT sym, (MAX(bp_max) - MIN(bp_min)) / MIN(bp_min) * 100 AS pct_range FROM quotes_daily GROUP BY sym ) t ORDER BY ABS(pct_range) DESC LIMIT 20"
36556069,2026-08-14 03:24:20.887274,0.57714,36556069,,0,0,6297,0,0,0,0,0.4951,45,26,0,0,"SELECT day, SUM(n_quotes) AS total_quotes, SUM(bs_sum) + SUM(as_sum) AS total_volume, SUM(spread_sum) / SUM(n_quotes) AS avg_spread FROM quotes_daily GROUP BY day ORDER BY day"
36556069,2026-08-14 03:24:20.887274,0.57714,36556069,quotes_shared.public.mv_tbl__quotes_daily__0,1,1903571,1858616,0,0,0,0,0.4918,34,15,0,0,"SELECT day, SUM(n_quotes) AS total_quotes, SUM(bs_sum) + SUM(as_sum) AS total_volume, SUM(spread_sum) / SUM(n_quotes) AS avg_spread FROM quotes_daily GROUP BY day ORDER BY day"
36759111,2026-08-14 03:34:08.704676,5.06017,36759111,,0,0,65,0,0,0,0,0.0030,0,28,0,0,"SELECT COALESCE(SUM(n_quotes), 0) FROM quotes_daily"
36759111,2026-08-14 03:34:08.704676,5.06017,36759111,quotes_shared.public.mv_tbl__quotes_daily__0,1,1903571,1858616,0,0,0,0,1.3498,38,17,0,0,"SELECT COALESCE(SUM(n_quotes), 0) FROM quotes_daily"
36759114,2026-08-14 03:34:13.767005,0.089961,36759114,,0,0,65,0,0,0,0,0.0041,0,46,0,0,SELECT COUNT(*) FROM quotes_daily
36759114,2026-08-14 03:34:13.767005,0.089961,36759114,quotes_shared.public.mv_tbl__quotes_daily__0,1,1903210,1858616,0,0,0,0,0.0036,48,50,0,0,SELECT COUNT(*) FROM quotes_daily
36759117,2026-08-14 03:34:13.858834,3.107141,36759117,,0,0,65,0,0,0,0,0.0027,0,28,0,0,"SELECT COUNT(*) AS days_traded, SUM(n_quotes) AS total_quotes, MIN(bp_min) AS lowest_bid, MAX(bp_max) AS highest_bid, MIN(ap_min) AS lowest_ask, MAX(ap_max) AS highest_ask, SUM(spread_sum) / SUM(n_quotes) AS avg_spread, SUM(bs_sum) AS total_bid_volum"
36759117,2026-08-14 03:34:13.858834,3.107141,36759117,quotes_shared.public.mv_tbl__quotes_daily__0,1,1903524,159,0,0,0,0,3.0123,64,6,0,0,"SELECT COUNT(*) AS days_traded, SUM(n_quotes) AS total_quotes, MIN(bp_min) AS lowest_bid, MAX(bp_max) AS highest_bid, MIN(ap_min) AS lowest_ask, MAX(ap_max) AS highest_ask, SUM(spread_sum) / SUM(n_quotes) AS avg_spread, SUM(bs_sum) AS total_bid_volum"
36759127,2026-08-14 03:34:19.613450,0.445224,36759127,,0,0,254,0,0,0,0,0.3491,91,19,0,0,"SELECT sym, COUNT(*) AS days_traded, SUM(n_quotes) AS total_quotes, MIN(bp_min) AS lowest_bid, MAX(bp_max) AS highest_bid, SUM(spread_sum) / SUM(n_quotes) AS avg_spread FROM quotes_daily WHERE sym IN ('AAPL', 'MSFT', 'GOOGL', 'AMZN', 'TSLA', 'META', "
36759127,2026-08-14 03:34:19.613450,0.445224,36759127,quotes_shared.public.mv_tbl__quotes_daily__0,1,1903571,1272,0,0,0,0,0.3445,37,92,0,0,"SELECT sym, COUNT(*) AS days_traded, SUM(n_quotes) AS total_quotes, MIN(bp_min) AS lowest_bid, MAX(bp_max) AS highest_bid, SUM(spread_sum) / SUM(n_quotes) AS avg_spread FROM quotes_daily WHERE sym IN ('AAPL', 'MSFT', 'GOOGL', 'AMZN', 'TSLA', 'META', "
36759134,2026-08-14 03:34:20.755881,0.100332,36759134,,0,0,384471,0,0,0,0,0.0131,12,28,0,0,"SELECT sym, pct_range FROM ( SELECT sym, (MAX(bp_max) - MIN(bp_min)) / MIN(bp_min) * 100 AS pct_range FROM quotes_daily GROUP BY sym ) t ORDER BY ABS(pct_range) DESC LIMIT 20"
36759134,2026-08-14 03:34:20.755881,0.100332,36759134,quotes_shared.public.mv_tbl__quotes_daily__0,1,1903571,1858616,0,0,0,0,0.0090,26,29,0,0,"SELECT sym, pct_range FROM ( SELECT sym, (MAX(bp_max) - MIN(bp_min)) / MIN(bp_min) * 100 AS pct_range FROM quotes_daily GROUP BY sym ) t ORDER BY ABS(pct_range) DESC LIMIT 20"
36759141,2026-08-14 03:34:21.617070,0.61101,36759141,,0,0,6297,0,0,0,0,0.5153,45,16,0,0,"SELECT day, SUM(n_quotes) AS total_quotes, SUM(bs_sum) + SUM(as_sum) AS total_volume, SUM(spread_sum) / SUM(n_quotes) AS avg_spread FROM quotes_daily GROUP BY day ORDER BY day"
36759141,2026-08-14 03:34:21.617070,0.61101,36759141,quotes_shared.public.mv_tbl__quotes_daily__0,1,1903571,1858616,0,0,0,0,0.5068,39,23,0,0,"SELECT day, SUM(n_quotes) AS total_quotes, SUM(bs_sum) + SUM(as_sum) AS total_volume, SUM(spread_sum) / SUM(n_quotes) AS avg_spread FROM quotes_daily GROUP BY day ORDER BY day"
36962181,2026-08-14 03:44:06.935686,4.85544,36962181,,0,0,65,0,0,0,0,0.0299,0,32,0,0,"SELECT COALESCE(SUM(n_quotes), 0) FROM quotes_daily"
36962181,2026-08-14 03:44:06.935686,4.85544,36962181,quotes_shared.public.mv_tbl__quotes_daily__0,1,1903571,1858616,0,0,0,0,1.2778,41,11,0,0,"SELECT COALESCE(SUM(n_quotes), 0) FROM quotes_daily"
36962184,2026-08-14 03:44:11.792991,0.085433,36962184,,0,0,65,0,0,0,0,0.0021,0,27,0,0,SELECT COUNT(*) FROM quotes_daily
36962184,2026-08-14 03:44:11.792991,0.085433,36962184,quotes_shared.public.mv_tbl__quotes_daily__0,1,1903210,1858616,0,0,0,0,0.0017,39,25,0,0,SELECT COUNT(*) FROM quotes_daily
36962187,2026-08-14 03:44:11.880153,2.900328,36962187,,0,0,65,0,0,0,0,0.0027,0,30,0,0,"SELECT COUNT(*) AS days_traded, SUM(n_quotes) AS total_quotes, MIN(bp_min) AS lowest_bid, MAX(bp_max) AS highest_bid, MIN(ap_min) AS lowest_ask, MAX(ap_max) AS highest_ask, SUM(spread_sum) / SUM(n_quotes) AS avg_spread, SUM(bs_sum) AS total_bid_volum"
36962187,2026-08-14 03:44:11.880153,2.900328,36962187,quotes_shared.public.mv_tbl__quotes_daily__0,1,1903524,159,0,0,0,0,2.8070,66,5,0,0,"SELECT COUNT(*) AS days_traded, SUM(n_quotes) AS total_quotes, MIN(bp_min) AS lowest_bid, MAX(bp_max) AS highest_bid, MIN(ap_min) AS lowest_ask, MAX(ap_max) AS highest_ask, SUM(spread_sum) / SUM(n_quotes) AS avg_spread, SUM(bs_sum) AS total_bid_volum"
36962199,2026-08-14 03:44:17.499108,0.414752,36962199,,0,0,263,0,0,0,0,0.3205,91,29,0,0,"SELECT sym, COUNT(*) AS days_traded, SUM(n_quotes) AS total_quotes, MIN(bp_min) AS lowest_bid, MAX(bp_max) AS highest_bid, SUM(spread_sum) / SUM(n_quotes) AS avg_spread FROM quotes_daily WHERE sym IN ('AAPL', 'MSFT', 'GOOGL', 'AMZN', 'TSLA', 'META', "
36962199,2026-08-14 03:44:17.499108,0.414752,36962199,quotes_shared.public.mv_tbl__quotes_daily__0,1,1903571,1272,0,0,0,0,0.3158,44,92,0,0,"SELECT sym, COUNT(*) AS days_traded, SUM(n_quotes) AS total_quotes, MIN(bp_min) AS lowest_bid, MAX(bp_max) AS highest_bid, SUM(spread_sum) / SUM(n_quotes) AS avg_spread FROM quotes_daily WHERE sym IN ('AAPL', 'MSFT', 'GOOGL', 'AMZN', 'TSLA', 'META', "
36962206,2026-08-14 03:44:18.597787,0.098462,36962206,,0,0,384391,0,0,0,0,0.0118,12,18,0,0,"SELECT sym, pct_range FROM ( SELECT sym, (MAX(bp_max) - MIN(bp_min)) / MIN(bp_min) * 100 AS pct_range FROM quotes_daily GROUP BY sym ) t ORDER BY ABS(pct_range) DESC LIMIT 20"
36962206,2026-08-14 03:44:18.597787,0.098462,36962206,quotes_shared.public.mv_tbl__quotes_daily__0,1,1903571,1858616,0,0,0,0,0.0080,25,26,0,0,"SELECT sym, pct_range FROM ( SELECT sym, (MAX(bp_max) - MIN(bp_min)) / MIN(bp_min) * 100 AS pct_range FROM quotes_daily GROUP BY sym ) t ORDER BY ABS(pct_range) DESC LIMIT 20"
36962213,2026-08-14 03:44:19.394110,0.587997,36962213,,0,0,6303,0,0,0,0,0.4964,45,23,0,0,"SELECT day, SUM(n_quotes) AS total_quotes, SUM(bs_sum) + SUM(as_sum) AS total_volume, SUM(spread_sum) / SUM(n_quotes) AS avg_spread FROM quotes_daily GROUP BY day ORDER BY day"
36962213,2026-08-14 03:44:19.394110,0.587997,36962213,quotes_shared.public.mv_tbl__quotes_daily__0,1,1903571,1858616,0,0,0,0,0.4858,38,23,0,0,"SELECT day, SUM(n_quotes) AS total_quotes, SUM(bs_sum) + SUM(as_sum) AS total_volume, SUM(spread_sum) / SUM(n_quotes) AS avg_spread FROM quotes_daily GROUP BY day ORDER BY day"
37165256,2026-08-14 03:54:08.479581,4.604903,37165256,,0,0,65,0,0,0,0,0.0101,0,53,0,0,"SELECT COALESCE(SUM(n_quotes), 0) FROM quotes_daily"
37165256,2026-08-14 03:54:08.479581,4.604903,37165256,quotes_shared.public.mv_tbl__quotes_daily__0,1,1903571,1858616,0,0,0,0,0.9631,47,17,0,0,"SELECT COALESCE(SUM(n_quotes), 0) FROM quotes_daily"
37165253,2026-08-14 03:54:08.479991,4.604581,37165253,,0,0,65,0,0,0,0,0.0107,0,66,0,0,"SELECT COALESCE(SUM(n_quotes), 0) FROM quotes_daily"
37165253,2026-08-14 03:54:08.479991,4.604581,37165253,quotes_shared.public.mv_tbl__quotes_daily__0,1,1903571,1858616,0,0,0,0,1.0462,48,15,0,0,"SELECT COALESCE(SUM(n_quotes), 0) FROM quotes_daily"
37165259,2026-08-14 03:54:13.086251,0.092665,37165259,,0,0,65,0,0,0,0,0.0026,0,26,0,0,SELECT COUNT(*) FROM quotes_daily
37165259,2026-08-14 03:54:13.086251,0.092665,37165259,quotes_shared.public.mv_tbl__quotes_daily__0,1,1903210,1858616,0,0,0,0,0.0101,37,28,0,0,SELECT COUNT(*) FROM quotes_daily
37165260,2026-08-14 03:54:13.086324,0.092336,37165260,,0,0,65,0,0,0,0,0.0031,0,31,0,0,SELECT COUNT(*) FROM quotes_daily
37165260,2026-08-14 03:54:13.086324,0.092336,37165260,quotes_shared.public.mv_tbl__quotes_daily__0,1,1903210,1858616,0,0,0,0,0.0106,68,20,0,0,SELECT COUNT(*) FROM quotes_daily
37165271,2026-08-14 03:54:13.180560,81.249596,37165271,,0,0,268073604,0,0,0,0,76.4588,23,26,0,0,"WITH src AS ( SELECT DATE_TRUNC('hour', TIMESTAMP 'epoch' + t / 1000 * INTERVAL '1 second') AS hour, bp, bs, ap, t FROM quotes_typed WHERE sym = 'AAPL' ), ranked AS ( SELECT hour, bp, bs, ap, ROW_NUMBER() OVER (PARTITION BY hour ORDER BY t ASC) AS rn"
37165271,2026-08-14 03:54:13.180560,81.249596,37165271,quotes_shared.public.mv_tbl__quotes_typed__0,1,8639681209,89357868,0,0,0,0,75.9356,12,3,0,0,"WITH src AS ( SELECT DATE_TRUNC('hour', TIMESTAMP 'epoch' + t / 1000 * INTERVAL '1 second') AS hour, bp, bs, ap, t FROM quotes_typed WHERE sym = 'AAPL' ), ranked AS ( SELECT hour, bp, bs, ap, ROW_NUMBER() OVER (PARTITION BY hour ORDER BY t ASC) AS rn"
37165265,2026-08-14 03:54:13.180660,8.069052,37165265,,0,0,65,0,0,0,0,0.0053,0,48,0,0,"SELECT COUNT(*) AS days_traded, SUM(n_quotes) AS total_quotes, MIN(bp_min) AS lowest_bid, MAX(bp_max) AS highest_bid, MIN(ap_min) AS lowest_ask, MAX(ap_max) AS highest_ask, SUM(spread_sum) / SUM(n_quotes) AS avg_spread, SUM(bs_sum) AS total_bid_volum"
37165265,2026-08-14 03:54:13.180660,8.069052,37165265,quotes_shared.public.mv_tbl__quotes_daily__0,1,1903524,159,0,0,0,0,7.9760,54,17,0,0,"SELECT COUNT(*) AS days_traded, SUM(n_quotes) AS total_quotes, MIN(bp_min) AS lowest_bid, MAX(bp_max) AS highest_bid, MIN(ap_min) AS lowest_ask, MAX(ap_max) AS highest_ask, SUM(spread_sum) / SUM(n_quotes) AS avg_spread, SUM(bs_sum) AS total_bid_volum"
37165280,2026-08-14 03:54:22.378134,0.445714,37165280,,0,0,264,0,0,0,0,0.3520,91,64,0,0,"SELECT sym, COUNT(*) AS days_traded, SUM(n_quotes) AS total_quotes, MIN(bp_min) AS lowest_bid, MAX(bp_max) AS highest_bid, SUM(spread_sum) / SUM(n_quotes) AS avg_spread FROM quotes_daily WHERE sym IN ('AAPL', 'MSFT', 'GOOGL', 'AMZN', 'TSLA', 'META', "
37165280,2026-08-14 03:54:22.378134,0.445714,37165280,quotes_shared.public.mv_tbl__quotes_daily__0,1,1903571,1272,0,0,0,0,0.3433,30,92,0,0,"SELECT sym, COUNT(*) AS days_traded, SUM(n_quotes) AS total_quotes, MIN(bp_min) AS lowest_bid, MAX(bp_max) AS highest_bid, SUM(spread_sum) / SUM(n_quotes) AS avg_spread FROM quotes_daily WHERE sym IN ('AAPL', 'MSFT', 'GOOGL', 'AMZN', 'TSLA', 'META', "
37165287,2026-08-14 03:54:23.589199,0.099822,37165287,,0,0,384178,0,0,0,0,0.0180,12,20,0,0,"SELECT sym, pct_range FROM ( SELECT sym, (MAX(bp_max) - MIN(bp_min)) / MIN(bp_min) * 100 AS pct_range FROM quotes_daily GROUP BY sym ) t ORDER BY ABS(pct_range) DESC LIMIT 20"
37165287,2026-08-14 03:54:23.589199,0.099822,37165287,quotes_shared.public.mv_tbl__quotes_daily__0,1,1903571,1858616,0,0,0,0,0.0096,25,19,0,0,"SELECT sym, pct_range FROM ( SELECT sym, (MAX(bp_max) - MIN(bp_min)) / MIN(bp_min) * 100 AS pct_range FROM quotes_daily GROUP BY sym ) t ORDER BY ABS(pct_range) DESC LIMIT 20"
37165294,2026-08-14 03:54:24.467583,0.605259,37165294,,0,0,6309,0,0,0,0,0.5296,45,32,0,0,"SELECT day, SUM(n_quotes) AS total_quotes, SUM(bs_sum) + SUM(as_sum) AS total_volume, SUM(spread_sum) / SUM(n_quotes) AS avg_spread FROM quotes_daily GROUP BY day ORDER BY day"
37165294,2026-08-14 03:54:24.467583,0.605259,37165294,quotes_shared.public.mv_tbl__quotes_daily__0,1,1903571,1858616,0,0,0,0,0.5221,37,31,0,0,"SELECT day, SUM(n_quotes) AS total_quotes, SUM(bs_sum) + SUM(as_sum) AS total_volume, SUM(spread_sum) / SUM(n_quotes) AS avg_spread FROM quotes_daily GROUP BY day ORDER BY day"
37165338,2026-08-14 03:55:35.195942,38.030984,37165338,,0,0,97,0,0,0,0,0.0716,0,26,0,0,"WITH s AS ( SELECT (ap - bp) AS spread, (bp + ap) / 2.0 AS mid, bs AS bs, ""as"" AS az FROM quotes_typed WHERE sym = 'AAPL' ), agg AS ( SELECT COUNT(*)::float8 AS n, SUM(spread) AS s1, SUM(POWER(spread, 2)) AS s2, SUM(POWER(spread, 3)) AS s3, SUM(POWER"
37165338,2026-08-14 03:55:35.195942,38.030984,37165338,quotes_shared.public.mv_tbl__quotes_typed__0,1,8639681209,89357868,0,0,0,0,37.8446,17,20,0,0,"WITH s AS ( SELECT (ap - bp) AS spread, (bp + ap) / 2.0 AS mid, bs AS bs, ""as"" AS az FROM quotes_typed WHERE sym = 'AAPL' ), agg AS ( SELECT COUNT(*)::float8 AS n, SUM(spread) AS s1, SUM(POWER(spread, 2)) AS s2, SUM(POWER(spread, 3)) AS s3, SUM(POWER"
37165365,2026-08-14 03:56:15.512922,69.054471,37165365,,0,0,268073604,0,0,0,0,65.6076,23,29,0,0,"WITH src AS ( SELECT DATE_TRUNC('hour', TIMESTAMP 'epoch' + payload.t::bigint / 1000 * INTERVAL '1 second') AS hour, payload.bp::float8 AS bp, payload.bs::bigint AS bs, payload.ap::float8 AS ap, payload.t::bigint AS t FROM quotes_streamed WHERE sym ="
37165365,2026-08-14 03:56:15.512922,69.054471,37165365,quotes_shared.public.mv_tbl__quotes_streamed__0,1,13046012696,89357868,0,0,0,0,64.6507,8,1,0,0,"WITH src AS ( SELECT DATE_TRUNC('hour', TIMESTAMP 'epoch' + payload.t::bigint / 1000 * INTERVAL '1 second') AS hour, payload.bp::float8 AS bp, payload.bs::bigint AS bs, payload.ap::float8 AS ap, payload.t::bigint AS t FROM quotes_streamed WHERE sym ="
37165403,2026-08-14 03:57:25.300514,32.941788,37165403,,0,0,97,0,0,0,0,0.0797,0,36,0,0,"WITH s AS ( SELECT (payload.ap::float8 - payload.bp::float8) AS spread, (payload.bp::float8 + payload.ap::float8) / 2.0 AS mid, payload.bs::bigint AS bs, payload.""as""::bigint AS az FROM quotes_streamed WHERE sym = 'AAPL' ), agg AS ( SELECT COUNT(*)::"
37165403,2026-08-14 03:57:25.300514,32.941788,37165403,quotes_shared.public.mv_tbl__quotes_streamed__0,1,13046012696,89357868,0,0,0,0,32.7711,8,9,0,0,"WITH s AS ( SELECT (payload.ap::float8 - payload.bp::float8) AS spread, (payload.bp::float8 + payload.ap::float8) / 2.0 AS mid, payload.bs::bigint AS bs, payload.""as""::bigint AS az FROM quotes_streamed WHERE sym = 'AAPL' ), agg AS ( SELECT COUNT(*)::"
37165603,2026-08-14 04:03:56.836061,0.195261,37165603,,0,0,65,0,0,0,0,0.0021,0,28,0,0,"SELECT COALESCE(SUM(n_quotes), 0) FROM quotes_daily"
37165603,2026-08-14 04:03:56.836061,0.195261,37165603,quotes_shared.public.mv_tbl__quotes_daily__0,1,1903571,1858616,0,0,0,0,0.0020,41,15,0,0,"SELECT COALESCE(SUM(n_quotes), 0) FROM quotes_daily"
37165606,2026-08-14 04:03:57.032941,0.063343,37165606,,0,0,65,0,0,0,0,0.0022,0,25,0,0,SELECT COUNT(*) FROM quotes_daily
37165606,2026-08-14 04:03:57.032941,0.063343,37165606,quotes_shared.public.mv_tbl__quotes_daily__0,1,1903210,1858616,0,0,0,0,0.0014,37,10,0,0,SELECT COUNT(*) FROM quotes_daily
37165609,2026-08-14 04:03:57.097968,0.072897,37165609,,0,0,65,0,0,0,0,0.0020,0,28,0,0,"SELECT COUNT(*) AS days_traded, SUM(n_quotes) AS total_quotes, MIN(bp_min) AS lowest_bid, MAX(bp_max) AS highest_bid, MIN(ap_min) AS lowest_ask, MAX(ap_max) AS highest_ask, SUM(spread_sum) / SUM(n_quotes) AS avg_spread, SUM(bs_sum) AS total_bid_volum"
37165609,2026-08-14 04:03:57.097968,0.072897,37165609,quotes_shared.public.mv_tbl__quotes_daily__0,1,1903524,159,0,0,0,0,0.0031,50,11,0,0,"SELECT COUNT(*) AS days_traded, SUM(n_quotes) AS total_quotes, MIN(bp_min) AS lowest_bid, MAX(bp_max) AS highest_bid, MIN(ap_min) AS lowest_ask, MAX(ap_max) AS highest_ask, SUM(spread_sum) / SUM(n_quotes) AS avg_spread, SUM(bs_sum) AS total_bid_volum"
37165618,2026-08-14 04:03:59.542750,0.084985,37165618,,0,0,261,0,0,0,0,0.0082,91,25,0,0,"SELECT sym, COUNT(*) AS days_traded, SUM(n_quotes) AS total_quotes, MIN(bp_min) AS lowest_bid, MAX(bp_max) AS highest_bid, SUM(spread_sum) / SUM(n_quotes) AS avg_spread FROM quotes_daily WHERE sym IN ('AAPL', 'MSFT', 'GOOGL', 'AMZN', 'TSLA', 'META', "
37165618,2026-08-14 04:03:59.542750,0.084985,37165618,quotes_shared.public.mv_tbl__quotes_daily__0,1,1903571,1272,0,0,0,0,0.0047,36,10,0,0,"SELECT sym, COUNT(*) AS days_traded, SUM(n_quotes) AS total_quotes, MIN(bp_min) AS lowest_bid, MAX(bp_max) AS highest_bid, SUM(spread_sum) / SUM(n_quotes) AS avg_spread FROM quotes_daily WHERE sym IN ('AAPL', 'MSFT', 'GOOGL', 'AMZN', 'TSLA', 'META', "
37165625,2026-08-14 04:04:00.363689,0.080171,37165625,,0,0,384809,0,0,0,0,0.0096,11,22,0,0,"SELECT sym, pct_range FROM ( SELECT sym, (MAX(bp_max) - MIN(bp_min)) / MIN(bp_min) * 100 AS pct_range FROM quotes_daily GROUP BY sym ) t ORDER BY ABS(pct_range) DESC LIMIT 20"
37165625,2026-08-14 04:04:00.363689,0.080171,37165625,quotes_shared.public.mv_tbl__quotes_daily__0,1,1903571,1858616,0,0,0,0,0.0058,26,23,0,0,"SELECT sym, pct_range FROM ( SELECT sym, (MAX(bp_max) - MIN(bp_min)) / MIN(bp_min) * 100 AS pct_range FROM quotes_daily GROUP BY sym ) t ORDER BY ABS(pct_range) DESC LIMIT 20"
37165632,2026-08-14 04:04:01.131167,0.076306,37165632,,0,0,6306,0,0,0,0,0.0078,45,25,0,0,"SELECT day, SUM(n_quotes) AS total_quotes, SUM(bs_sum) + SUM(as_sum) AS total_volume, SUM(spread_sum) / SUM(n_quotes) AS avg_spread FROM quotes_daily GROUP BY day ORDER BY day"
37165632,2026-08-14 04:04:01.131167,0.076306,37165632,quotes_shared.public.mv_tbl__quotes_daily__0,1,1903571,1858616,0,0,0,0,0.0038,12,29,0,0,"SELECT day, SUM(n_quotes) AS total_quotes, SUM(bs_sum) + SUM(as_sum) AS total_volume, SUM(spread_sum) / SUM(n_quotes) AS avg_spread FROM quotes_daily GROUP BY day ORDER BY day"
37368325,2026-08-14 04:14:09.412485,4.664004,37368325,,0,0,65,0,0,0,0,0.0039,0,34,0,0,"SELECT COALESCE(SUM(n_quotes), 0) FROM quotes_daily"
37368325,2026-08-14 04:14:09.412485,4.664004,37368325,quotes_shared.public.mv_tbl__quotes_daily__0,1,1903571,1858616,0,0,0,0,1.2694,38,12,0,0,"SELECT COALESCE(SUM(n_quotes), 0) FROM quotes_daily"
37368328,2026-08-14 04:14:14.078763,0.093928,37368328,,0,0,65,0,0,0,0,0.0044,0,23,0,0,SELECT COUNT(*) FROM quotes_daily
37368328,2026-08-14 04:14:14.078763,0.093928,37368328,quotes_shared.public.mv_tbl__quotes_daily__0,1,1903210,1858616,0,0,0,0,0.0030,37,36,0,0,SELECT COUNT(*) FROM quotes_daily
37368331,2026-08-14 04:14:14.174887,3.171683,37368331,,0,0,65,0,0,0,0,0.0027,0,36,0,0,"SELECT COUNT(*) AS days_traded, SUM(n_quotes) AS total_quotes, MIN(bp_min) AS lowest_bid, MAX(bp_max) AS highest_bid, MIN(ap_min) AS lowest_ask, MAX(ap_max) AS highest_ask, SUM(spread_sum) / SUM(n_quotes) AS avg_spread, SUM(bs_sum) AS total_bid_volum"
37368331,2026-08-14 04:14:14.174887,3.171683,37368331,quotes_shared.public.mv_tbl__quotes_daily__0,1,1903524,159,0,0,0,0,3.0782,54,9,0,0,"SELECT COUNT(*) AS days_traded, SUM(n_quotes) AS total_quotes, MIN(bp_min) AS lowest_bid, MAX(bp_max) AS highest_bid, MIN(ap_min) AS lowest_ask, MAX(ap_max) AS highest_ask, SUM(spread_sum) / SUM(n_quotes) AS avg_spread, SUM(bs_sum) AS total_bid_volum"
37368339,2026-08-14 04:14:18.450069,0.413164,37368339,,0,0,262,0,0,0,0,0.3208,91,22,0,0,"SELECT sym, COUNT(*) AS days_traded, SUM(n_quotes) AS total_quotes, MIN(bp_min) AS lowest_bid, MAX(bp_max) AS highest_bid, SUM(spread_sum) / SUM(n_quotes) AS avg_spread FROM quotes_daily WHERE sym IN ('AAPL', 'MSFT', 'GOOGL', 'AMZN', 'TSLA', 'META', "
37368339,2026-08-14 04:14:18.450069,0.413164,37368339,quotes_shared.public.mv_tbl__quotes_daily__0,1,1903571,1272,0,0,0,0,0.3157,40,92,0,0,"SELECT sym, COUNT(*) AS days_traded, SUM(n_quotes) AS total_quotes, MIN(bp_min) AS lowest_bid, MAX(bp_max) AS highest_bid, SUM(spread_sum) / SUM(n_quotes) AS avg_spread FROM quotes_daily WHERE sym IN ('AAPL', 'MSFT', 'GOOGL', 'AMZN', 'TSLA', 'META', "
37368348,2026-08-14 04:14:19.615304,0.09869,37368348,,0,0,384444,0,0,0,0,0.0154,12,21,0,0,"SELECT sym, pct_range FROM ( SELECT sym, (MAX(bp_max) - MIN(bp_min)) / MIN(bp_min) * 100 AS pct_range FROM quotes_daily GROUP BY sym ) t ORDER BY ABS(pct_range) DESC LIMIT 20"
37368348,2026-08-14 04:14:19.615304,0.09869,37368348,quotes_shared.public.mv_tbl__quotes_daily__0,1,1903571,1858616,0,0,0,0,0.0108,24,39,0,0,"SELECT sym, pct_range FROM ( SELECT sym, (MAX(bp_max) - MIN(bp_min)) / MIN(bp_min) * 100 AS pct_range FROM quotes_daily GROUP BY sym ) t ORDER BY ABS(pct_range) DESC LIMIT 20"
37368355,2026-08-14 04:14:20.466796,0.650493,37368355,,0,0,6298,0,0,0,0,0.5736,45,23,0,0,"SELECT day, SUM(n_quotes) AS total_quotes, SUM(bs_sum) + SUM(as_sum) AS total_volume, SUM(spread_sum) / SUM(n_quotes) AS avg_spread FROM quotes_daily GROUP BY day ORDER BY day"
37368355,2026-08-14 04:14:20.466796,0.650493,37368355,quotes_shared.public.mv_tbl__quotes_daily__0,1,1903571,1858616,0,0,0,0,0.5680,47,31,0,0,"SELECT day, SUM(n_quotes) AS total_quotes, SUM(bs_sum) + SUM(as_sum) AS total_volume, SUM(spread_sum) / SUM(n_quotes) AS avg_spread FROM quotes_daily GROUP BY day ORDER BY day"
37571397,2026-08-14 04:24:08.521928,4.613563,37571397,,0,0,65,0,0,0,0,0.0187,0,39,0,0,"SELECT COALESCE(SUM(n_quotes), 0) FROM quotes_daily"
37571397,2026-08-14 04:24:08.521928,4.613563,37571397,quotes_shared.public.mv_tbl__quotes_daily__0,1,1903571,1858616,0,0,0,0,1.3128,39,13,0,0,"SELECT COALESCE(SUM(n_quotes), 0) FROM quotes_daily"
37571400,2026-08-14 04:24:13.137298,0.085662,37571400,,0,0,65,0,0,0,0,0.0033,0,37,0,0,SELECT COUNT(*) FROM quotes_daily
37571400,2026-08-14 04:24:13.137298,0.085662,37571400,quotes_shared.public.mv_tbl__quotes_daily__0,1,1903210,1858616,0,0,0,0,0.0025,37,11,0,0,SELECT COUNT(*) FROM quotes_daily
37571403,2026-08-14 04:24:13.224681,3.089127,37571403,,0,0,65,0,0,0,0,0.0029,0,29,0,0,"SELECT COUNT(*) AS days_traded, SUM(n_quotes) AS total_quotes, MIN(bp_min) AS lowest_bid, MAX(bp_max) AS highest_bid, MIN(ap_min) AS lowest_ask, MAX(ap_max) AS highest_ask, SUM(spread_sum) / SUM(n_quotes) AS avg_spread, SUM(bs_sum) AS total_bid_volum"
37571403,2026-08-14 04:24:13.224681,3.089127,37571403,quotes_shared.public.mv_tbl__quotes_daily__0,1,1903524,159,0,0,0,0,2.9958,58,8,0,0,"SELECT COUNT(*) AS days_traded, SUM(n_quotes) AS total_quotes, MIN(bp_min) AS lowest_bid, MAX(bp_max) AS highest_bid, MIN(ap_min) AS lowest_ask, MAX(ap_max) AS highest_ask, SUM(spread_sum) / SUM(n_quotes) AS avg_spread, SUM(bs_sum) AS total_bid_volum"
37571411,2026-08-14 04:24:17.315905,0.388281,37571411,,0,0,262,0,0,0,0,0.2947,91,25,0,0,"SELECT sym, COUNT(*) AS days_traded, SUM(n_quotes) AS total_quotes, MIN(bp_min) AS lowest_bid, MAX(bp_max) AS highest_bid, SUM(spread_sum) / SUM(n_quotes) AS avg_spread FROM quotes_daily WHERE sym IN ('AAPL', 'MSFT', 'GOOGL', 'AMZN', 'TSLA', 'META', "
37571411,2026-08-14 04:24:17.315905,0.388281,37571411,quotes_shared.public.mv_tbl__quotes_daily__0,1,1903571,1272,0,0,0,0,0.2881,32,92,0,0,"SELECT sym, COUNT(*) AS days_traded, SUM(n_quotes) AS total_quotes, MIN(bp_min) AS lowest_bid, MAX(bp_max) AS highest_bid, SUM(spread_sum) / SUM(n_quotes) AS avg_spread FROM quotes_daily WHERE sym IN ('AAPL', 'MSFT', 'GOOGL', 'AMZN', 'TSLA', 'META', "
37571418,2026-08-14 04:24:18.442301,0.111052,37571418,,0,0,384516,0,0,0,0,0.0125,12,23,0,0,"SELECT sym, pct_range FROM ( SELECT sym, (MAX(bp_max) - MIN(bp_min)) / MIN(bp_min) * 100 AS pct_range FROM quotes_daily GROUP BY sym ) t ORDER BY ABS(pct_range) DESC LIMIT 20"
37571418,2026-08-14 04:24:18.442301,0.111052,37571418,quotes_shared.public.mv_tbl__quotes_daily__0,1,1903571,1858616,0,0,0,0,0.0079,25,27,0,0,"SELECT sym, pct_range FROM ( SELECT sym, (MAX(bp_max) - MIN(bp_min)) / MIN(bp_min) * 100 AS pct_range FROM quotes_daily GROUP BY sym ) t ORDER BY ABS(pct_range) DESC LIMIT 20"
37571427,2026-08-14 04:24:19.296136,0.669403,37571427,,0,0,6301,0,0,0,0,0.5863,45,29,0,0,"SELECT day, SUM(n_quotes) AS total_quotes, SUM(bs_sum) + SUM(as_sum) AS total_volume, SUM(spread_sum) / SUM(n_quotes) AS avg_spread FROM quotes_daily GROUP BY day ORDER BY day"
37571427,2026-08-14 04:24:19.296136,0.669403,37571427,quotes_shared.public.mv_tbl__quotes_daily__0,1,1903571,1858616,0,0,0,0,0.5805,35,34,0,0,"SELECT day, SUM(n_quotes) AS total_quotes, SUM(bs_sum) + SUM(as_sum) AS total_volume, SUM(spread_sum) / SUM(n_quotes) AS avg_spread FROM quotes_daily GROUP BY day ORDER BY day"
37774469,2026-08-14 04:34:07.494142,4.536093,37774469,,0,0,65,0,0,0,0,0.0030,0,22,0,0,"SELECT COALESCE(SUM(n_quotes), 0) FROM quotes_daily"
37774469,2026-08-14 04:34:07.494142,4.536093,37774469,quotes_shared.public.mv_tbl__quotes_daily__0,1,1903571,1858616,0,0,0,0,1.2453,36,11,0,0,"SELECT COALESCE(SUM(n_quotes), 0) FROM quotes_daily"
37774472,2026-08-14 04:34:12.032170,0.08155,37774472,,0,0,65,0,0,0,0,0.0025,0,42,0,0,SELECT COUNT(*) FROM quotes_daily
37774472,2026-08-14 04:34:12.032170,0.08155,37774472,quotes_shared.public.mv_tbl__quotes_daily__0,1,1903210,1858616,0,0,0,0,0.0018,28,8,0,0,SELECT COUNT(*) FROM quotes_daily
37774475,2026-08-14 04:34:12.115610,3.232263,37774475,,0,0,65,0,0,0,0,0.0030,0,20,0,0,"SELECT COUNT(*) AS days_traded, SUM(n_quotes) AS total_quotes, MIN(bp_min) AS lowest_bid, MAX(bp_max) AS highest_bid, MIN(ap_min) AS lowest_ask, MAX(ap_max) AS highest_ask, SUM(spread_sum) / SUM(n_quotes) AS avg_spread, SUM(bs_sum) AS total_bid_volum"
37774475,2026-08-14 04:34:12.115610,3.232263,37774475,quotes_shared.public.mv_tbl__quotes_daily__0,1,1903524,159,0,0,0,0,3.1313,64,14,0,0,"SELECT COUNT(*) AS days_traded, SUM(n_quotes) AS total_quotes, MIN(bp_min) AS lowest_bid, MAX(bp_max) AS highest_bid, MIN(ap_min) AS lowest_ask, MAX(ap_max) AS highest_ask, SUM(spread_sum) / SUM(n_quotes) AS avg_spread, SUM(bs_sum) AS total_bid_volum"
37774482,2026-08-14 04:34:16.348919,0.411609,37774482,,0,0,262,0,0,0,0,0.3217,91,20,0,0,"SELECT sym, COUNT(*) AS days_traded, SUM(n_quotes) AS total_quotes, MIN(bp_min) AS lowest_bid, MAX(bp_max) AS highest_bid, SUM(spread_sum) / SUM(n_quotes) AS avg_spread FROM quotes_daily WHERE sym IN ('AAPL', 'MSFT', 'GOOGL', 'AMZN', 'TSLA', 'META', "
37774482,2026-08-14 04:34:16.348919,0.411609,37774482,quotes_shared.public.mv_tbl__quotes_daily__0,1,1903571,1272,0,0,0,0,0.3169,43,92,0,0,"SELECT sym, COUNT(*) AS days_traded, SUM(n_quotes) AS total_quotes, MIN(bp_min) AS lowest_bid, MAX(bp_max) AS highest_bid, SUM(spread_sum) / SUM(n_quotes) AS avg_spread FROM quotes_daily WHERE sym IN ('AAPL', 'MSFT', 'GOOGL', 'AMZN', 'TSLA', 'META', "
37774490,2026-08-14 04:34:17.460929,0.106545,37774490,,0,0,384551,0,0,0,0,0.0223,12,33,0,0,"SELECT sym, pct_range FROM ( SELECT sym, (MAX(bp_max) - MIN(bp_min)) / MIN(bp_min) * 100 AS pct_range FROM quotes_daily GROUP BY sym ) t ORDER BY ABS(pct_range) DESC LIMIT 20"
37774490,2026-08-14 04:34:17.460929,0.106545,37774490,quotes_shared.public.mv_tbl__quotes_daily__0,1,1903571,1858616,0,0,0,0,0.0096,24,39,0,0,"SELECT sym, pct_range FROM ( SELECT sym, (MAX(bp_max) - MIN(bp_min)) / MIN(bp_min) * 100 AS pct_range FROM quotes_daily GROUP BY sym ) t ORDER BY ABS(pct_range) DESC LIMIT 20"
37774499,2026-08-14 04:34:18.283961,0.711235,37774499,,0,0,6293,0,0,0,0,0.6325,45,26,0,0,"SELECT day, SUM(n_quotes) AS total_quotes, SUM(bs_sum) + SUM(as_sum) AS total_volume, SUM(spread_sum) / SUM(n_quotes) AS avg_spread FROM quotes_daily GROUP BY day ORDER BY day"
37774499,2026-08-14 04:34:18.283961,0.711235,37774499,quotes_shared.public.mv_tbl__quotes_daily__0,1,1903571,1858616,0,0,0,0,0.6280,36,40,0,0,"SELECT day, SUM(n_quotes) AS total_quotes, SUM(bs_sum) + SUM(as_sum) AS total_volume, SUM(spread_sum) / SUM(n_quotes) AS avg_spread FROM quotes_daily GROUP BY day ORDER BY day"
37977541,2026-08-14 04:44:08.115159,4.822078,37977541,,0,0,65,0,0,0,0,0.0030,0,24,0,0,"SELECT COALESCE(SUM(n_quotes), 0) FROM quotes_daily"
37977541,2026-08-14 04:44:08.115159,4.822078,37977541,quotes_shared.public.mv_tbl__quotes_daily__0,1,1903571,1858616,0,0,0,0,1.5144,39,28,0,0,"SELECT COALESCE(SUM(n_quotes), 0) FROM quotes_daily"
37977544,2026-08-14 04:44:12.939312,0.095322,37977544,,0,0,65,0,0,0,0,0.0023,0,17,0,0,SELECT COUNT(*) FROM quotes_daily
37977544,2026-08-14 04:44:12.939312,0.095322,37977544,quotes_shared.public.mv_tbl__quotes_daily__0,1,1903210,1858616,0,0,0,0,0.0021,46,23,0,0,SELECT COUNT(*) FROM quotes_daily
37977547,2026-08-14 04:44:13.036450,2.860239,37977547,,0,0,65,0,0,0,0,0.0030,0,30,0,0,"SELECT COUNT(*) AS days_traded, SUM(n_quotes) AS total_quotes, MIN(bp_min) AS lowest_bid, MAX(bp_max) AS highest_bid, MIN(ap_min) AS lowest_ask, MAX(ap_max) AS highest_ask, SUM(spread_sum) / SUM(n_quotes) AS avg_spread, SUM(bs_sum) AS total_bid_volum"
37977547,2026-08-14 04:44:13.036450,2.860239,37977547,quotes_shared.public.mv_tbl__quotes_daily__0,1,1903524,159,0,0,0,0,2.7514,58,8,0,0,"SELECT COUNT(*) AS days_traded, SUM(n_quotes) AS total_quotes, MIN(bp_min) AS lowest_bid, MAX(bp_max) AS highest_bid, MIN(ap_min) AS lowest_ask, MAX(ap_max) AS highest_ask, SUM(spread_sum) / SUM(n_quotes) AS avg_spread, SUM(bs_sum) AS total_bid_volum"
37977554,2026-08-14 04:44:16.906505,0.403568,37977554,,0,0,263,0,0,0,0,0.3125,91,23,0,0,"SELECT sym, COUNT(*) AS days_traded, SUM(n_quotes) AS total_quotes, MIN(bp_min) AS lowest_bid, MAX(bp_max) AS highest_bid, SUM(spread_sum) / SUM(n_quotes) AS avg_spread FROM quotes_daily WHERE sym IN ('AAPL', 'MSFT', 'GOOGL', 'AMZN', 'TSLA', 'META', "
37977554,2026-08-14 04:44:16.906505,0.403568,37977554,quotes_shared.public.mv_tbl__quotes_daily__0,1,1903571,1272,0,0,0,0,0.3075,41,92,0,0,"SELECT sym, COUNT(*) AS days_traded, SUM(n_quotes) AS total_quotes, MIN(bp_min) AS lowest_bid, MAX(bp_max) AS highest_bid, SUM(spread_sum) / SUM(n_quotes) AS avg_spread FROM quotes_daily WHERE sym IN ('AAPL', 'MSFT', 'GOOGL', 'AMZN', 'TSLA', 'META', "
37977562,2026-08-14 04:44:18.039837,0.099807,37977562,,0,0,383999,0,0,0,0,0.0161,12,21,0,0,"SELECT sym, pct_range FROM ( SELECT sym, (MAX(bp_max) - MIN(bp_min)) / MIN(bp_min) * 100 AS pct_range FROM quotes_daily GROUP BY sym ) t ORDER BY ABS(pct_range) DESC LIMIT 20"
37977562,2026-08-14 04:44:18.039837,0.099807,37977562,quotes_shared.public.mv_tbl__quotes_daily__0,1,1903571,1858616,0,0,0,0,0.0119,28,44,0,0,"SELECT sym, pct_range FROM ( SELECT sym, (MAX(bp_max) - MIN(bp_min)) / MIN(bp_min) * 100 AS pct_range FROM quotes_daily GROUP BY sym ) t ORDER BY ABS(pct_range) DESC LIMIT 20"
37977571,2026-08-14 04:44:18.848224,0.625289,37977571,,0,0,6300,0,0,0,0,0.5447,45,25,0,0,"SELECT day, SUM(n_quotes) AS total_quotes, SUM(bs_sum) + SUM(as_sum) AS total_volume, SUM(spread_sum) / SUM(n_quotes) AS avg_spread FROM quotes_daily GROUP BY day ORDER BY day"
37977571,2026-08-14 04:44:18.848224,0.625289,37977571,quotes_shared.public.mv_tbl__quotes_daily__0,1,1903571,1858616,0,0,0,0,0.5394,27,36,0,0,"SELECT day, SUM(n_quotes) AS total_quotes, SUM(bs_sum) + SUM(as_sum) AS total_volume, SUM(spread_sum) / SUM(n_quotes) AS avg_spread FROM quotes_daily GROUP BY day ORDER BY day"
38180616,2026-08-14 04:54:08.459264,4.695103,38180616,,0,0,65,0,0,0,0,0.0036,0,30,0,0,"SELECT COALESCE(SUM(n_quotes), 0) FROM quotes_daily"
38180616,2026-08-14 04:54:08.459264,4.695103,38180616,quotes_shared.public.mv_tbl__quotes_daily__0,1,1903571,1858616,0,0,0,0,1.2932,53,27,0,0,"SELECT COALESCE(SUM(n_quotes), 0) FROM quotes_daily"
38180613,2026-08-14 04:54:08.460110,4.694385,38180613,,0,0,65,0,0,0,0,0.0039,0,45,0,0,"SELECT COALESCE(SUM(n_quotes), 0) FROM quotes_daily"
38180613,2026-08-14 04:54:08.460110,4.694385,38180613,quotes_shared.public.mv_tbl__quotes_daily__0,1,1903571,1858616,0,0,0,0,1.3343,64,26,0,0,"SELECT COALESCE(SUM(n_quotes), 0) FROM quotes_daily"
38180620,2026-08-14 04:54:13.156138,0.07946,38180620,,0,0,65,0,0,0,0,0.0027,0,35,0,0,SELECT COUNT(*) FROM quotes_daily
38180620,2026-08-14 04:54:13.156138,0.07946,38180620,quotes_shared.public.mv_tbl__quotes_daily__0,1,1903210,1858616,0,0,0,0,0.0025,66,29,0,0,SELECT COUNT(*) FROM quotes_daily
38180619,2026-08-14 04:54:13.156246,0.079098,38180619,,0,0,65,0,0,0,0,0.0025,0,26,0,0,SELECT COUNT(*) FROM quotes_daily
38180619,2026-08-14 04:54:13.156246,0.079098,38180619,quotes_shared.public.mv_tbl__quotes_daily__0,1,1903210,1858616,0,0,0,0,0.0030,59,31,0,0,SELECT COUNT(*) FROM quotes_daily
38180628,2026-08-14 04:54:13.237183,76.968633,38180628,,0,0,268073604,0,0,0,0,73.3798,23,26,0,0,"WITH src AS ( SELECT DATE_TRUNC('hour', TIMESTAMP 'epoch' + t / 1000 * INTERVAL '1 second') AS hour, bp, bs, ap, t FROM quotes_typed WHERE sym = 'AAPL' ), ranked AS ( SELECT hour, bp, bs, ap, ROW_NUMBER() OVER (PARTITION BY hour ORDER BY t ASC) AS rn"
38180628,2026-08-14 04:54:13.237183,76.968633,38180628,quotes_shared.public.mv_tbl__quotes_typed__0,1,8639681209,89357868,0,0,0,0,72.8454,13,2,0,0,"WITH src AS ( SELECT DATE_TRUNC('hour', TIMESTAMP 'epoch' + t / 1000 * INTERVAL '1 second') AS hour, bp, bs, ap, t FROM quotes_typed WHERE sym = 'AAPL' ), ranked AS ( SELECT hour, bp, bs, ap, ROW_NUMBER() OVER (PARTITION BY hour ORDER BY t ASC) AS rn"
38180625,2026-08-14 04:54:13.237237,6.640421,38180625,,0,0,65,0,0,0,0,0.0043,0,22,0,0,"SELECT COUNT(*) AS days_traded, SUM(n_quotes) AS total_quotes, MIN(bp_min) AS lowest_bid, MAX(bp_max) AS highest_bid, MIN(ap_min) AS lowest_ask, MAX(ap_max) AS highest_ask, SUM(spread_sum) / SUM(n_quotes) AS avg_spread, SUM(bs_sum) AS total_bid_volum"
38180625,2026-08-14 04:54:13.237237,6.640421,38180625,quotes_shared.public.mv_tbl__quotes_daily__0,1,1903524,159,0,0,0,0,6.5518,64,4,0,0,"SELECT COUNT(*) AS days_traded, SUM(n_quotes) AS total_quotes, MIN(bp_min) AS lowest_bid, MAX(bp_max) AS highest_bid, MIN(ap_min) AS lowest_ask, MAX(ap_max) AS highest_ask, SUM(spread_sum) / SUM(n_quotes) AS avg_spread, SUM(bs_sum) AS total_bid_volum"
38180638,2026-08-14 04:54:20.903489,0.365354,38180638,,0,0,260,0,0,0,0,0.2695,91,32,0,0,"SELECT sym, COUNT(*) AS days_traded, SUM(n_quotes) AS total_quotes, MIN(bp_min) AS lowest_bid, MAX(bp_max) AS highest_bid, SUM(spread_sum) / SUM(n_quotes) AS avg_spread FROM quotes_daily WHERE sym IN ('AAPL', 'MSFT', 'GOOGL', 'AMZN', 'TSLA', 'META', "
38180638,2026-08-14 04:54:20.903489,0.365354,38180638,quotes_shared.public.mv_tbl__quotes_daily__0,1,1903571,1272,0,0,0,0,0.2621,35,91,0,0,"SELECT sym, COUNT(*) AS days_traded, SUM(n_quotes) AS total_quotes, MIN(bp_min) AS lowest_bid, MAX(bp_max) AS highest_bid, SUM(spread_sum) / SUM(n_quotes) AS avg_spread FROM quotes_daily WHERE sym IN ('AAPL', 'MSFT', 'GOOGL', 'AMZN', 'TSLA', 'META', "
38180645,2026-08-14 04:54:21.967560,0.275346,38180645,,0,0,380460,0,0,0,0,0.1932,12,85,0,0,"SELECT sym, pct_range FROM ( SELECT sym, (MAX(bp_max) - MIN(bp_min)) / MIN(bp_min) * 100 AS pct_range FROM quotes_daily GROUP BY sym ) t ORDER BY ABS(pct_range) DESC LIMIT 20"
38180645,2026-08-14 04:54:21.967560,0.275346,38180645,quotes_shared.public.mv_tbl__quotes_daily__0,1,1903571,1858616,0,0,0,0,0.0132,38,44,0,0,"SELECT sym, pct_range FROM ( SELECT sym, (MAX(bp_max) - MIN(bp_min)) / MIN(bp_min) * 100 AS pct_range FROM quotes_daily GROUP BY sym ) t ORDER BY ABS(pct_range) DESC LIMIT 20"
38180652,2026-08-14 04:54:22.978727,0.668731,38180652,,0,0,6293,0,0,0,0,0.5935,45,24,0,0,"SELECT day, SUM(n_quotes) AS total_quotes, SUM(bs_sum) + SUM(as_sum) AS total_volume, SUM(spread_sum) / SUM(n_quotes) AS avg_spread FROM quotes_daily GROUP BY day ORDER BY day"
38180652,2026-08-14 04:54:22.978727,0.668731,38180652,quotes_shared.public.mv_tbl__quotes_daily__0,1,1903571,1858616,0,0,0,0,0.5841,29,38,0,0,"SELECT day, SUM(n_quotes) AS total_quotes, SUM(bs_sum) + SUM(as_sum) AS total_volume, SUM(spread_sum) / SUM(n_quotes) AS avg_spread FROM quotes_daily GROUP BY day ORDER BY day"
38180698,2026-08-14 04:55:30.950734,30.523334,38180698,,0,0,97,0,0,0,0,0.0816,0,26,0,0,"WITH s AS ( SELECT (ap - bp) AS spread, (bp + ap) / 2.0 AS mid, bs AS bs, ""as"" AS az FROM quotes_typed WHERE sym = 'AAPL' ), agg AS ( SELECT COUNT(*)::float8 AS n, SUM(spread) AS s1, SUM(POWER(spread, 2)) AS s2, SUM(POWER(spread, 3)) AS s3, SUM(POWER"
38180698,2026-08-14 04:55:30.950734,30.523334,38180698,quotes_shared.public.mv_tbl__quotes_typed__0,1,8639681209,89357868,0,0,0,0,30.3511,17,16,0,0,"WITH s AS ( SELECT (ap - bp) AS spread, (bp + ap) / 2.0 AS mid, bs AS bs, ""as"" AS az FROM quotes_typed WHERE sym = 'AAPL' ), agg AS ( SELECT COUNT(*)::float8 AS n, SUM(spread) AS s1, SUM(POWER(spread, 2)) AS s2, SUM(POWER(spread, 3)) AS s3, SUM(POWER"
38180717,2026-08-14 04:56:02.191145,70.866012,38180717,,0,0,268073604,0,0,0,0,68.3823,23,30,0,0,"WITH src AS ( SELECT DATE_TRUNC('hour', TIMESTAMP 'epoch' + payload.t::bigint / 1000 * INTERVAL '1 second') AS hour, payload.bp::float8 AS bp, payload.bs::bigint AS bs, payload.ap::float8 AS ap, payload.t::bigint AS t FROM quotes_streamed WHERE sym ="
38180717,2026-08-14 04:56:02.191145,70.866012,38180717,quotes_shared.public.mv_tbl__quotes_streamed__0,1,13046012696,89357868,0,0,0,0,67.3585,9,6,0,0,"WITH src AS ( SELECT DATE_TRUNC('hour', TIMESTAMP 'epoch' + payload.t::bigint / 1000 * INTERVAL '1 second') AS hour, payload.bp::float8 AS bp, payload.bs::bigint AS bs, payload.ap::float8 AS ap, payload.t::bigint AS t FROM quotes_streamed WHERE sym ="
38180755,2026-08-14 04:57:13.810672,32.192645,38180755,,0,0,97,0,0,0,0,0.0999,0,26,0,0,"WITH s AS ( SELECT (payload.ap::float8 - payload.bp::float8) AS spread, (payload.bp::float8 + payload.ap::float8) / 2.0 AS mid, payload.bs::bigint AS bs, payload.""as""::bigint AS az FROM quotes_streamed WHERE sym = 'AAPL' ), agg AS ( SELECT COUNT(*)::"
38180755,2026-08-14 04:57:13.810672,32.192645,38180755,quotes_shared.public.mv_tbl__quotes_streamed__0,1,13046012696,89357868,0,0,0,0,32.0168,6,12,0,0,"WITH s AS ( SELECT (payload.ap::float8 - payload.bp::float8) AS spread, (payload.bp::float8 + payload.ap::float8) / 2.0 AS mid, payload.bs::bigint AS bs, payload.""as""::bigint AS az FROM quotes_streamed WHERE sym = 'AAPL' ), agg AS ( SELECT COUNT(*)::"
38180947,2026-08-14 05:03:56.834778,0.216982,38180947,,0,0,65,0,0,0,0,0.0025,0,37,0,0,"SELECT COALESCE(SUM(n_quotes), 0) FROM quotes_daily"
38180947,2026-08-14 05:03:56.834778,0.216982,38180947,quotes_shared.public.mv_tbl__quotes_daily__0,1,1903571,1858616,0,0,0,0,0.0018,37,13,0,0,"SELECT COALESCE(SUM(n_quotes), 0) FROM quotes_daily"
38180950,2026-08-14 05:03:57.053438,0.073622,38180950,,0,0,65,0,0,0,0,0.0019,0,28,0,0,SELECT COUNT(*) FROM quotes_daily
38180950,2026-08-14 05:03:57.053438,0.073622,38180950,quotes_shared.public.mv_tbl__quotes_daily__0,1,1903210,1858616,0,0,0,0,0.0016,29,12,0,0,SELECT COUNT(*) FROM quotes_daily
38180953,2026-08-14 05:03:57.128654,0.085004,38180953,,0,0,65,0,0,0,0,0.0018,0,33,0,0,"SELECT COUNT(*) AS days_traded, SUM(n_quotes) AS total_quotes, MIN(bp_min) AS lowest_bid, MAX(bp_max) AS highest_bid, MIN(ap_min) AS lowest_ask, MAX(ap_max) AS highest_ask, SUM(spread_sum) / SUM(n_quotes) AS avg_spread, SUM(bs_sum) AS total_bid_volum"
38180953,2026-08-14 05:03:57.128654,0.085004,38180953,quotes_shared.public.mv_tbl__quotes_daily__0,1,1903524,159,0,0,0,0,0.0031,58,7,0,0,"SELECT COUNT(*) AS days_traded, SUM(n_quotes) AS total_quotes, MIN(bp_min) AS lowest_bid, MAX(bp_max) AS highest_bid, MIN(ap_min) AS lowest_ask, MAX(ap_max) AS highest_ask, SUM(spread_sum) / SUM(n_quotes) AS avg_spread, SUM(bs_sum) AS total_bid_volum"
38180963,2026-08-14 05:03:57.997525,0.096871,38180963,,0,0,263,0,0,0,0,0.0081,91,31,0,0,"SELECT sym, COUNT(*) AS days_traded, SUM(n_quotes) AS total_quotes, MIN(bp_min) AS lowest_bid, MAX(bp_max) AS highest_bid, SUM(spread_sum) / SUM(n_quotes) AS avg_spread FROM quotes_daily WHERE sym IN ('AAPL', 'MSFT', 'GOOGL', 'AMZN', 'TSLA', 'META', "
38180963,2026-08-14 05:03:57.997525,0.096871,38180963,quotes_shared.public.mv_tbl__quotes_daily__0,1,1903571,1272,0,0,0,0,0.0045,32,17,0,0,"SELECT sym, COUNT(*) AS days_traded, SUM(n_quotes) AS total_quotes, MIN(bp_min) AS lowest_bid, MAX(bp_max) AS highest_bid, SUM(spread_sum) / SUM(n_quotes) AS avg_spread FROM quotes_daily WHERE sym IN ('AAPL', 'MSFT', 'GOOGL', 'AMZN', 'TSLA', 'META', "
38180971,2026-08-14 05:03:58.825519,0.09249,38180971,,0,0,384858,0,0,0,0,0.0090,12,28,0,0,"SELECT sym, pct_range FROM ( SELECT sym, (MAX(bp_max) - MIN(bp_min)) / MIN(bp_min) * 100 AS pct_range FROM quotes_daily GROUP BY sym ) t ORDER BY ABS(pct_range) DESC LIMIT 20"
38180971,2026-08-14 05:03:58.825519,0.09249,38180971,quotes_shared.public.mv_tbl__quotes_daily__0,1,1903571,1858616,0,0,0,0,0.0059,25,21,0,0,"SELECT sym, pct_range FROM ( SELECT sym, (MAX(bp_max) - MIN(bp_min)) / MIN(bp_min) * 100 AS pct_range FROM quotes_daily GROUP BY sym ) t ORDER BY ABS(pct_range) DESC LIMIT 20"
38180978,2026-08-14 05:03:59.634291,0.087768,38180978,,0,0,6320,0,0,0,0,0.0065,45,25,0,0,"SELECT day, SUM(n_quotes) AS total_quotes, SUM(bs_sum) + SUM(as_sum) AS total_volume, SUM(spread_sum) / SUM(n_quotes) AS avg_spread FROM quotes_daily GROUP BY day ORDER BY day"
38180978,2026-08-14 05:03:59.634291,0.087768,38180978,quotes_shared.public.mv_tbl__quotes_daily__0,1,1903571,1858616,0,0,0,0,0.0033,11,17,0,0,"SELECT day, SUM(n_quotes) AS total_quotes, SUM(bs_sum) + SUM(as_sum) AS total_volume, SUM(spread_sum) / SUM(n_quotes) AS avg_spread FROM quotes_daily GROUP BY day ORDER BY day"
38383685,2026-08-14 05:14:07.924860,4.352645,38383685,,0,0,65,0,0,0,0,0.0031,0,31,0,0,"SELECT COALESCE(SUM(n_quotes), 0) FROM quotes_daily"
38383685,2026-08-14 05:14:07.924860,4.352645,38383685,quotes_shared.public.mv_tbl__quotes_daily__0,1,1903571,1858616,0,0,0,0,1.2486,44,13,0,0,"SELECT COALESCE(SUM(n_quotes), 0) FROM quotes_daily"
38383688,2026-08-14 05:14:12.279356,0.089406,38383688,,0,0,65,0,0,0,0,0.0044,0,29,0,0,SELECT COUNT(*) FROM quotes_daily
38383688,2026-08-14 05:14:12.279356,0.089406,38383688,quotes_shared.public.mv_tbl__quotes_daily__0,1,1903210,1858616,0,0,0,0,0.0022,53,31,0,0,SELECT COUNT(*) FROM quotes_daily
38383691,2026-08-14 05:14:12.370718,3.478767,38383691,,0,0,65,0,0,0,0,0.0024,0,29,0,0,"SELECT COUNT(*) AS days_traded, SUM(n_quotes) AS total_quotes, MIN(bp_min) AS lowest_bid, MAX(bp_max) AS highest_bid, MIN(ap_min) AS lowest_ask, MAX(ap_max) AS highest_ask, SUM(spread_sum) / SUM(n_quotes) AS avg_spread, SUM(bs_sum) AS total_bid_volum"
38383691,2026-08-14 05:14:12.370718,3.478767,38383691,quotes_shared.public.mv_tbl__quotes_daily__0,1,1903524,159,0,0,0,0,3.3873,64,18,0,0,"SELECT COUNT(*) AS days_traded, SUM(n_quotes) AS total_quotes, MIN(bp_min) AS lowest_bid, MAX(bp_max) AS highest_bid, MIN(ap_min) AS lowest_ask, MAX(ap_max) AS highest_ask, SUM(spread_sum) / SUM(n_quotes) AS avg_spread, SUM(bs_sum) AS total_bid_volum"
38383698,2026-08-14 05:14:16.951627,0.447382,38383698,,0,0,262,0,0,0,0,0.3551,91,23,0,0,"SELECT sym, COUNT(*) AS days_traded, SUM(n_quotes) AS total_quotes, MIN(bp_min) AS lowest_bid, MAX(bp_max) AS highest_bid, SUM(spread_sum) / SUM(n_quotes) AS avg_spread FROM quotes_daily WHERE sym IN ('AAPL', 'MSFT', 'GOOGL', 'AMZN', 'TSLA', 'META', "
38383698,2026-08-14 05:14:16.951627,0.447382,38383698,quotes_shared.public.mv_tbl__quotes_daily__0,1,1903571,1272,0,0,0,0,0.3513,26,93,0,0,"SELECT sym, COUNT(*) AS days_traded, SUM(n_quotes) AS total_quotes, MIN(bp_min) AS lowest_bid, MAX(bp_max) AS highest_bid, SUM(spread_sum) / SUM(n_quotes) AS avg_spread FROM quotes_daily WHERE sym IN ('AAPL', 'MSFT', 'GOOGL', 'AMZN', 'TSLA', 'META', "
38383708,2026-08-14 05:14:18.209336,0.102095,38383708,,0,0,384444,0,0,0,0,0.0141,12,18,0,0,"SELECT sym, pct_range FROM ( SELECT sym, (MAX(bp_max) - MIN(bp_min)) / MIN(bp_min) * 100 AS pct_range FROM quotes_daily GROUP BY sym ) t ORDER BY ABS(pct_range) DESC LIMIT 20"
38383708,2026-08-14 05:14:18.209336,0.102095,38383708,quotes_shared.public.mv_tbl__quotes_daily__0,1,1903571,1858616,0,0,0,0,0.0101,26,30,0,0,"SELECT sym, pct_range FROM ( SELECT sym, (MAX(bp_max) - MIN(bp_min)) / MIN(bp_min) * 100 AS pct_range FROM quotes_daily GROUP BY sym ) t ORDER BY ABS(pct_range) DESC LIMIT 20"
38383715,2026-08-14 05:14:19.040249,0.661449,38383715,,0,0,6309,0,0,0,0,0.5829,45,47,0,0,"SELECT day, SUM(n_quotes) AS total_quotes, SUM(bs_sum) + SUM(as_sum) AS total_volume, SUM(spread_sum) / SUM(n_quotes) AS avg_spread FROM quotes_daily GROUP BY day ORDER BY day"
38383715,2026-08-14 05:14:19.040249,0.661449,38383715,quotes_shared.public.mv_tbl__quotes_daily__0,1,1903571,1858616,0,0,0,0,0.5799,29,34,0,0,"SELECT day, SUM(n_quotes) AS total_quotes, SUM(bs_sum) + SUM(as_sum) AS total_volume, SUM(spread_sum) / SUM(n_quotes) AS avg_spread FROM quotes_daily GROUP BY day ORDER BY day"
38586757,2026-08-14 05:24:08.068813,4.988889,38586757,,0,0,65,0,0,0,0,0.0031,0,23,0,0,"SELECT COALESCE(SUM(n_quotes), 0) FROM quotes_daily"
38586757,2026-08-14 05:24:08.068813,4.988889,38586757,quotes_shared.public.mv_tbl__quotes_daily__0,1,1903571,1858616,0,0,0,0,1.5770,45,29,0,0,"SELECT COALESCE(SUM(n_quotes), 0) FROM quotes_daily"
38586760,2026-08-14 05:24:13.059650,0.077082,38586760,,0,0,65,0,0,0,0,0.0022,0,27,0,0,SELECT COUNT(*) FROM quotes_daily
38586760,2026-08-14 05:24:13.059650,0.077082,38586760,quotes_shared.public.mv_tbl__quotes_daily__0,1,1903210,1858616,0,0,0,0,0.0015,54,14,0,0,SELECT COUNT(*) FROM quotes_daily
38586763,2026-08-14 05:24:13.138552,2.847757,38586763,,0,0,65,0,0,0,0,0.0027,0,34,0,0,"SELECT COUNT(*) AS days_traded, SUM(n_quotes) AS total_quotes, MIN(bp_min) AS lowest_bid, MAX(bp_max) AS highest_bid, MIN(ap_min) AS lowest_ask, MAX(ap_max) AS highest_ask, SUM(spread_sum) / SUM(n_quotes) AS avg_spread, SUM(bs_sum) AS total_bid_volum"
38586763,2026-08-14 05:24:13.138552,2.847757,38586763,quotes_shared.public.mv_tbl__quotes_daily__0,1,1903524,159,0,0,0,0,2.7612,54,6,0,0,"SELECT COUNT(*) AS days_traded, SUM(n_quotes) AS total_quotes, MIN(bp_min) AS lowest_bid, MAX(bp_max) AS highest_bid, MIN(ap_min) AS lowest_ask, MAX(ap_max) AS highest_ask, SUM(spread_sum) / SUM(n_quotes) AS avg_spread, SUM(bs_sum) AS total_bid_volum"
38586770,2026-08-14 05:24:16.990882,0.429125,38586770,,0,0,258,0,0,0,0,0.3457,91,24,0,0,"SELECT sym, COUNT(*) AS days_traded, SUM(n_quotes) AS total_quotes, MIN(bp_min) AS lowest_bid, MAX(bp_max) AS highest_bid, SUM(spread_sum) / SUM(n_quotes) AS avg_spread FROM quotes_daily WHERE sym IN ('AAPL', 'MSFT', 'GOOGL', 'AMZN', 'TSLA', 'META', "
38586770,2026-08-14 05:24:16.990882,0.429125,38586770,quotes_shared.public.mv_tbl__quotes_daily__0,1,1903571,1272,0,0,0,0,0.3402,42,93,0,0,"SELECT sym, COUNT(*) AS days_traded, SUM(n_quotes) AS total_quotes, MIN(bp_min) AS lowest_bid, MAX(bp_max) AS highest_bid, SUM(spread_sum) / SUM(n_quotes) AS avg_spread FROM quotes_daily WHERE sym IN ('AAPL', 'MSFT', 'GOOGL', 'AMZN', 'TSLA', 'META', "
38586778,2026-08-14 05:24:18.120558,0.088631,38586778,,0,0,383852,0,0,0,0,0.0127,11,37,0,0,"SELECT sym, pct_range FROM ( SELECT sym, (MAX(bp_max) - MIN(bp_min)) / MIN(bp_min) * 100 AS pct_range FROM quotes_daily GROUP BY sym ) t ORDER BY ABS(pct_range) DESC LIMIT 20"
38586778,2026-08-14 05:24:18.120558,0.088631,38586778,quotes_shared.public.mv_tbl__quotes_daily__0,1,1903571,1858616,0,0,0,0,0.0078,27,29,0,0,"SELECT sym, pct_range FROM ( SELECT sym, (MAX(bp_max) - MIN(bp_min)) / MIN(bp_min) * 100 AS pct_range FROM quotes_daily GROUP BY sym ) t ORDER BY ABS(pct_range) DESC LIMIT 20"
38586787,2026-08-14 05:24:18.912733,0.682162,38586787,,0,0,6306,0,0,0,0,0.6093,45,18,0,0,"SELECT day, SUM(n_quotes) AS total_quotes, SUM(bs_sum) + SUM(as_sum) AS total_volume, SUM(spread_sum) / SUM(n_quotes) AS avg_spread FROM quotes_daily GROUP BY day ORDER BY day"
38586787,2026-08-14 05:24:18.912733,0.682162,38586787,quotes_shared.public.mv_tbl__quotes_daily__0,1,1903571,1858616,0,0,0,0,0.6040,38,41,0,0,"SELECT day, SUM(n_quotes) AS total_quotes, SUM(bs_sum) + SUM(as_sum) AS total_volume, SUM(spread_sum) / SUM(n_quotes) AS avg_spread FROM quotes_daily GROUP BY day ORDER BY day"
38789829,2026-08-14 05:34:08.405076,4.64494,38789829,,0,0,65,0,0,0,0,0.0031,0,49,0,0,"SELECT COALESCE(SUM(n_quotes), 0) FROM quotes_daily"
38789829,2026-08-14 05:34:08.405076,4.64494,38789829,quotes_shared.public.mv_tbl__quotes_daily__0,1,1903571,1858616,0,0,0,0,1.2529,35,14,0,0,"SELECT COALESCE(SUM(n_quotes), 0) FROM quotes_daily"
38789832,2026-08-14 05:34:13.052174,0.098762,38789832,,0,0,65,0,0,0,0,0.0025,0,33,0,0,SELECT COUNT(*) FROM quotes_daily
38789832,2026-08-14 05:34:13.052174,0.098762,38789832,quotes_shared.public.mv_tbl__quotes_daily__0,1,1903210,1858616,0,0,0,0,0.0017,37,15,0,0,SELECT COUNT(*) FROM quotes_daily
38789835,2026-08-14 05:34:13.152784,2.907081,38789835,,0,0,65,0,0,0,0,0.0030,0,28,0,0,"SELECT COUNT(*) AS days_traded, SUM(n_quotes) AS total_quotes, MIN(bp_min) AS lowest_bid, MAX(bp_max) AS highest_bid, MIN(ap_min) AS lowest_ask, MAX(ap_max) AS highest_ask, SUM(spread_sum) / SUM(n_quotes) AS avg_spread, SUM(bs_sum) AS total_bid_volum"
38789835,2026-08-14 05:34:13.152784,2.907081,38789835,quotes_shared.public.mv_tbl__quotes_daily__0,1,1903524,159,0,0,0,0,2.7985,61,7,0,0,"SELECT COUNT(*) AS days_traded, SUM(n_quotes) AS total_quotes, MIN(bp_min) AS lowest_bid, MAX(bp_max) AS highest_bid, MIN(ap_min) AS lowest_ask, MAX(ap_max) AS highest_ask, SUM(spread_sum) / SUM(n_quotes) AS avg_spread, SUM(bs_sum) AS total_bid_volum"
38789842,2026-08-14 05:34:17.060747,0.451758,38789842,,0,0,263,0,0,0,0,0.3354,91,40,0,0,"SELECT sym, COUNT(*) AS days_traded, SUM(n_quotes) AS total_quotes, MIN(bp_min) AS lowest_bid, MAX(bp_max) AS highest_bid, SUM(spread_sum) / SUM(n_quotes) AS avg_spread FROM quotes_daily WHERE sym IN ('AAPL', 'MSFT', 'GOOGL', 'AMZN', 'TSLA', 'META', "
38789842,2026-08-14 05:34:17.060747,0.451758,38789842,quotes_shared.public.mv_tbl__quotes_daily__0,1,1903571,1272,0,0,0,0,0.3296,32,93,0,0,"SELECT sym, COUNT(*) AS days_traded, SUM(n_quotes) AS total_quotes, MIN(bp_min) AS lowest_bid, MAX(bp_max) AS highest_bid, SUM(spread_sum) / SUM(n_quotes) AS avg_spread FROM quotes_daily WHERE sym IN ('AAPL', 'MSFT', 'GOOGL', 'AMZN', 'TSLA', 'META', "
38789850,2026-08-14 05:34:18.281789,0.112963,38789850,,0,0,384242,0,0,0,0,0.0158,12,25,0,0,"SELECT sym, pct_range FROM ( SELECT sym, (MAX(bp_max) - MIN(bp_min)) / MIN(bp_min) * 100 AS pct_range FROM quotes_daily GROUP BY sym ) t ORDER BY ABS(pct_range) DESC LIMIT 20"
38789850,2026-08-14 05:34:18.281789,0.112963,38789850,quotes_shared.public.mv_tbl__quotes_daily__0,1,1903571,1858616,0,0,0,0,0.0079,24,29,0,0,"SELECT sym, pct_range FROM ( SELECT sym, (MAX(bp_max) - MIN(bp_min)) / MIN(bp_min) * 100 AS pct_range FROM quotes_daily GROUP BY sym ) t ORDER BY ABS(pct_range) DESC LIMIT 20"
38789859,2026-08-14 05:34:19.166122,0.676227,38789859,,0,0,6296,0,0,0,0,0.5813,45,27,0,0,"SELECT day, SUM(n_quotes) AS total_quotes, SUM(bs_sum) + SUM(as_sum) AS total_volume, SUM(spread_sum) / SUM(n_quotes) AS avg_spread FROM quotes_daily GROUP BY day ORDER BY day"
38789859,2026-08-14 05:34:19.166122,0.676227,38789859,quotes_shared.public.mv_tbl__quotes_daily__0,1,1903571,1858616,0,0,0,0,0.5761,39,41,0,0,"SELECT day, SUM(n_quotes) AS total_quotes, SUM(bs_sum) + SUM(as_sum) AS total_volume, SUM(spread_sum) / SUM(n_quotes) AS avg_spread FROM quotes_daily GROUP BY day ORDER BY day"
38992901,2026-08-14 05:44:07.630010,4.536413,38992901,,0,0,65,0,0,0,0,0.0030,0,53,0,0,"SELECT COALESCE(SUM(n_quotes), 0) FROM quotes_daily"
38992901,2026-08-14 05:44:07.630010,4.536413,38992901,quotes_shared.public.mv_tbl__quotes_daily__0,1,1903571,1858616,0,0,0,0,1.1950,41,11,0,0,"SELECT COALESCE(SUM(n_quotes), 0) FROM quotes_daily"
38992904,2026-08-14 05:44:12.168388,0.083566,38992904,,0,0,65,0,0,0,0,0.0020,0,18,0,0,SELECT COUNT(*) FROM quotes_daily
38992904,2026-08-14 05:44:12.168388,0.083566,38992904,quotes_shared.public.mv_tbl__quotes_daily__0,1,1903210,1858616,0,0,0,0,0.0015,49,12,0,0,SELECT COUNT(*) FROM quotes_daily
38992907,2026-08-14 05:44:12.253736,2.828196,38992907,,0,0,65,0,0,0,0,0.0025,0,22,0,0,"SELECT COUNT(*) AS days_traded, SUM(n_quotes) AS total_quotes, MIN(bp_min) AS lowest_bid, MAX(bp_max) AS highest_bid, MIN(ap_min) AS lowest_ask, MAX(ap_max) AS highest_ask, SUM(spread_sum) / SUM(n_quotes) AS avg_spread, SUM(bs_sum) AS total_bid_volum"
38992907,2026-08-14 05:44:12.253736,2.828196,38992907,quotes_shared.public.mv_tbl__quotes_daily__0,1,1903524,159,0,0,0,0,2.7272,54,8,0,0,"SELECT COUNT(*) AS days_traded, SUM(n_quotes) AS total_quotes, MIN(bp_min) AS lowest_bid, MAX(bp_max) AS highest_bid, MIN(ap_min) AS lowest_ask, MAX(ap_max) AS highest_ask, SUM(spread_sum) / SUM(n_quotes) AS avg_spread, SUM(bs_sum) AS total_bid_volum"
38992914,2026-08-14 05:44:16.058321,0.398326,38992914,,0,0,260,0,0,0,0,0.3079,91,21,0,0,"SELECT sym, COUNT(*) AS days_traded, SUM(n_quotes) AS total_quotes, MIN(bp_min) AS lowest_bid, MAX(bp_max) AS highest_bid, SUM(spread_sum) / SUM(n_quotes) AS avg_spread FROM quotes_daily WHERE sym IN ('AAPL', 'MSFT', 'GOOGL', 'AMZN', 'TSLA', 'META', "
38992914,2026-08-14 05:44:16.058321,0.398326,38992914,quotes_shared.public.mv_tbl__quotes_daily__0,1,1903571,1272,0,0,0,0,0.3030,40,92,0,0,"SELECT sym, COUNT(*) AS days_traded, SUM(n_quotes) AS total_quotes, MIN(bp_min) AS lowest_bid, MAX(bp_max) AS highest_bid, SUM(spread_sum) / SUM(n_quotes) AS avg_spread FROM quotes_daily WHERE sym IN ('AAPL', 'MSFT', 'GOOGL', 'AMZN', 'TSLA', 'META', "
38992921,2026-08-14 05:44:17.200627,0.097557,38992921,,0,0,384400,0,0,0,0,0.0139,12,21,0,0,"SELECT sym, pct_range FROM ( SELECT sym, (MAX(bp_max) - MIN(bp_min)) / MIN(bp_min) * 100 AS pct_range FROM quotes_daily GROUP BY sym ) t ORDER BY ABS(pct_range) DESC LIMIT 20"
38992921,2026-08-14 05:44:17.200627,0.097557,38992921,quotes_shared.public.mv_tbl__quotes_daily__0,1,1903571,1858616,0,0,0,0,0.0095,28,39,0,0,"SELECT sym, pct_range FROM ( SELECT sym, (MAX(bp_max) - MIN(bp_min)) / MIN(bp_min) * 100 AS pct_range FROM quotes_daily GROUP BY sym ) t ORDER BY ABS(pct_range) DESC LIMIT 20"
38992931,2026-08-14 05:44:18.000135,0.532144,38992931,,0,0,6307,0,0,0,0,0.4503,45,19,0,0,"SELECT day, SUM(n_quotes) AS total_quotes, SUM(bs_sum) + SUM(as_sum) AS total_volume, SUM(spread_sum) / SUM(n_quotes) AS avg_spread FROM quotes_daily GROUP BY day ORDER BY day"
38992931,2026-08-14 05:44:18.000135,0.532144,38992931,quotes_shared.public.mv_tbl__quotes_daily__0,1,1903571,1858616,0,0,0,0,0.4458,45,28,0,0,"SELECT day, SUM(n_quotes) AS total_quotes, SUM(bs_sum) + SUM(as_sum) AS total_volume, SUM(spread_sum) / SUM(n_quotes) AS avg_spread FROM quotes_daily GROUP BY day ORDER BY day"
39195976,2026-08-14 05:54:07.189672,5.037651,39195976,,0,0,65,0,0,0,0,0.0034,0,29,0,0,"SELECT COALESCE(SUM(n_quotes), 0) FROM quotes_daily"
39195976,2026-08-14 05:54:07.189672,5.037651,39195976,quotes_shared.public.mv_tbl__quotes_daily__0,1,1903571,1858616,0,0,0,0,1.3096,43,31,0,0,"SELECT COALESCE(SUM(n_quotes), 0) FROM quotes_daily"
39195973,2026-08-14 05:54:07.189819,5.037516,39195973,,0,0,65,0,0,0,0,0.0031,0,68,0,0,"SELECT COALESCE(SUM(n_quotes), 0) FROM quotes_daily"
39195973,2026-08-14 05:54:07.189819,5.037516,39195973,quotes_shared.public.mv_tbl__quotes_daily__0,1,1903571,1858616,0,0,0,0,1.4330,54,28,0,0,"SELECT COALESCE(SUM(n_quotes), 0) FROM quotes_daily"
39195980,2026-08-14 05:54:12.229258,0.097846,39195980,,0,0,65,0,0,0,0,0.0027,0,40,0,0,SELECT COUNT(*) FROM quotes_daily
39195980,2026-08-14 05:54:12.229258,0.097846,39195980,quotes_shared.public.mv_tbl__quotes_daily__0,1,1903210,1858616,0,0,0,0,0.0023,48,18,0,0,SELECT COUNT(*) FROM quotes_daily
39195979,2026-08-14 05:54:12.229280,0.097532,39195979,,0,0,65,0,0,0,0,0.0028,0,47,0,0,SELECT COUNT(*) FROM quotes_daily
39195979,2026-08-14 05:54:12.229280,0.097532,39195979,quotes_shared.public.mv_tbl__quotes_daily__0,1,1903210,1858616,0,0,0,0,0.0029,55,37,0,0,SELECT COUNT(*) FROM quotes_daily
39195992,2026-08-14 05:54:12.328464,75.157196,39195992,,0,0,268073604,0,0,0,0,71.4364,23,24,0,0,"WITH src AS ( SELECT DATE_TRUNC('hour', TIMESTAMP 'epoch' + t / 1000 * INTERVAL '1 second') AS hour, bp, bs, ap, t FROM quotes_typed WHERE sym = 'AAPL' ), ranked AS ( SELECT hour, bp, bs, ap, ROW_NUMBER() OVER (PARTITION BY hour ORDER BY t ASC) AS rn"
39195992,2026-08-14 05:54:12.328464,75.157196,39195992,quotes_shared.public.mv_tbl__quotes_typed__0,1,8639681209,89357868,0,0,0,0,70.9285,12,2,0,0,"WITH src AS ( SELECT DATE_TRUNC('hour', TIMESTAMP 'epoch' + t / 1000 * INTERVAL '1 second') AS hour, bp, bs, ap, t FROM quotes_typed WHERE sym = 'AAPL' ), ranked AS ( SELECT hour, bp, bs, ap, ROW_NUMBER() OVER (PARTITION BY hour ORDER BY t ASC) AS rn"
39195985,2026-08-14 05:54:12.328906,6.633572,39195985,,0,0,65,0,0,0,0,0.0034,0,27,0,0,"SELECT COUNT(*) AS days_traded, SUM(n_quotes) AS total_quotes, MIN(bp_min) AS lowest_bid, MAX(bp_max) AS highest_bid, MIN(ap_min) AS lowest_ask, MAX(ap_max) AS highest_ask, SUM(spread_sum) / SUM(n_quotes) AS avg_spread, SUM(bs_sum) AS total_bid_volum"
39195985,2026-08-14 05:54:12.328906,6.633572,39195985,quotes_shared.public.mv_tbl__quotes_daily__0,1,1903524,159,0,0,0,0,6.5352,58,5,0,0,"SELECT COUNT(*) AS days_traded, SUM(n_quotes) AS total_quotes, MIN(bp_min) AS lowest_bid, MAX(bp_max) AS highest_bid, MIN(ap_min) AS lowest_ask, MAX(ap_max) AS highest_ask, SUM(spread_sum) / SUM(n_quotes) AS avg_spread, SUM(bs_sum) AS total_bid_volum"
39196006,2026-08-14 05:54:19.969577,0.39357,39196006,,0,0,255,0,0,0,0,0.2997,91,60,0,0,"SELECT sym, COUNT(*) AS days_traded, SUM(n_quotes) AS total_quotes, MIN(bp_min) AS lowest_bid, MAX(bp_max) AS highest_bid, SUM(spread_sum) / SUM(n_quotes) AS avg_spread FROM quotes_daily WHERE sym IN ('AAPL', 'MSFT', 'GOOGL', 'AMZN', 'TSLA', 'META', "
39196006,2026-08-14 05:54:19.969577,0.39357,39196006,quotes_shared.public.mv_tbl__quotes_daily__0,1,1903571,1272,0,0,0,0,0.2946,52,92,0,0,"SELECT sym, COUNT(*) AS days_traded, SUM(n_quotes) AS total_quotes, MIN(bp_min) AS lowest_bid, MAX(bp_max) AS highest_bid, SUM(spread_sum) / SUM(n_quotes) AS avg_spread FROM quotes_daily WHERE sym IN ('AAPL', 'MSFT', 'GOOGL', 'AMZN', 'TSLA', 'META', "
39196013,2026-08-14 05:54:21.277703,0.12361,39196013,,0,0,378147,0,0,0,0,0.0308,12,30,0,0,"SELECT sym, pct_range FROM ( SELECT sym, (MAX(bp_max) - MIN(bp_min)) / MIN(bp_min) * 100 AS pct_range FROM quotes_daily GROUP BY sym ) t ORDER BY ABS(pct_range) DESC LIMIT 20"
39196013,2026-08-14 05:54:21.277703,0.12361,39196013,quotes_shared.public.mv_tbl__quotes_daily__0,1,1903571,1858616,0,0,0,0,0.0123,39,42,0,0,"SELECT sym, pct_range FROM ( SELECT sym, (MAX(bp_max) - MIN(bp_min)) / MIN(bp_min) * 100 AS pct_range FROM quotes_daily GROUP BY sym ) t ORDER BY ABS(pct_range) DESC LIMIT 20"
39196020,2026-08-14 05:54:22.199951,0.589345,39196020,,0,0,6296,0,0,0,0,0.5100,45,22,0,0,"SELECT day, SUM(n_quotes) AS total_quotes, SUM(bs_sum) + SUM(as_sum) AS total_volume, SUM(spread_sum) / SUM(n_quotes) AS avg_spread FROM quotes_daily GROUP BY day ORDER BY day"
39196020,2026-08-14 05:54:22.199951,0.589345,39196020,quotes_shared.public.mv_tbl__quotes_daily__0,1,1903571,1858616,0,0,0,0,0.5042,46,35,0,0,"SELECT day, SUM(n_quotes) AS total_quotes, SUM(bs_sum) + SUM(as_sum) AS total_volume, SUM(spread_sum) / SUM(n_quotes) AS avg_spread FROM quotes_daily GROUP BY day ORDER BY day"
39196057,2026-08-14 05:55:28.247154,38.144858,39196057,,0,0,97,0,0,0,0,0.0688,0,23,0,0,"WITH s AS ( SELECT (ap - bp) AS spread, (bp + ap) / 2.0 AS mid, bs AS bs, ""as"" AS az FROM quotes_typed WHERE sym = 'AAPL' ), agg AS ( SELECT COUNT(*)::float8 AS n, SUM(spread) AS s1, SUM(POWER(spread, 2)) AS s2, SUM(POWER(spread, 3)) AS s3, SUM(POWER"
39196057,2026-08-14 05:55:28.247154,38.144858,39196057,quotes_shared.public.mv_tbl__quotes_typed__0,1,8639681209,89357868,0,0,0,0,37.9853,14,28,0,0,"WITH s AS ( SELECT (ap - bp) AS spread, (bp + ap) / 2.0 AS mid, bs AS bs, ""as"" AS az FROM quotes_typed WHERE sym = 'AAPL' ), agg AS ( SELECT COUNT(*)::float8 AS n, SUM(spread) AS s1, SUM(POWER(spread, 2)) AS s2, SUM(POWER(spread, 3)) AS s3, SUM(POWER"
39196086,2026-08-14 05:56:07.148897,65.305822,39196086,,0,0,268073604,0,0,0,0,62.8202,23,31,0,0,"WITH src AS ( SELECT DATE_TRUNC('hour', TIMESTAMP 'epoch' + payload.t::bigint / 1000 * INTERVAL '1 second') AS hour, payload.bp::float8 AS bp, payload.bs::bigint AS bs, payload.ap::float8 AS ap, payload.t::bigint AS t FROM quotes_streamed WHERE sym ="
39196086,2026-08-14 05:56:07.148897,65.305822,39196086,quotes_shared.public.mv_tbl__quotes_streamed__0,1,13046012696,89357868,0,0,0,0,61.8640,6,2,0,0,"WITH src AS ( SELECT DATE_TRUNC('hour', TIMESTAMP 'epoch' + payload.t::bigint / 1000 * INTERVAL '1 second') AS hour, payload.bp::float8 AS bp, payload.bs::bigint AS bs, payload.ap::float8 AS ap, payload.t::bigint AS t FROM quotes_streamed WHERE sym ="
39196124,2026-08-14 05:57:13.186381,36.463624,39196124,,0,0,97,0,0,0,0,0.0817,0,28,0,0,"WITH s AS ( SELECT (payload.ap::float8 - payload.bp::float8) AS spread, (payload.bp::float8 + payload.ap::float8) / 2.0 AS mid, payload.bs::bigint AS bs, payload.""as""::bigint AS az FROM quotes_streamed WHERE sym = 'AAPL' ), agg AS ( SELECT COUNT(*)::"
39196124,2026-08-14 05:57:13.186381,36.463624,39196124,quotes_shared.public.mv_tbl__quotes_streamed__0,1,13046012696,89357868,0,0,0,0,36.3142,6,3,0,0,"WITH s AS ( SELECT (payload.ap::float8 - payload.bp::float8) AS spread, (payload.bp::float8 + payload.ap::float8) / 2.0 AS mid, payload.bs::bigint AS bs, payload.""as""::bigint AS az FROM quotes_streamed WHERE sym = 'AAPL' ), agg AS ( SELECT COUNT(*)::"
39196321,2026-08-14 06:03:56.834946,0.237682,39196321,,0,0,65,0,0,0,0,0.0024,0,29,0,0,"SELECT COALESCE(SUM(n_quotes), 0) FROM quotes_daily"
39196321,2026-08-14 06:03:56.834946,0.237682,39196321,quotes_shared.public.mv_tbl__quotes_daily__0,1,1903571,1858616,0,0,0,0,0.0014,35,14,0,0,"SELECT COALESCE(SUM(n_quotes), 0) FROM quotes_daily"
39196324,2026-08-14 06:03:57.074271,0.068378,39196324,,0,0,65,0,0,0,0,0.0018,0,25,0,0,SELECT COUNT(*) FROM quotes_daily
39196324,2026-08-14 06:03:57.074271,0.068378,39196324,quotes_shared.public.mv_tbl__quotes_daily__0,1,1903210,1858616,0,0,0,0,0.0011,33,10,0,0,SELECT COUNT(*) FROM quotes_daily
39196327,2026-08-14 06:03:57.144295,0.171857,39196327,,0,0,65,0,0,0,0,0.0018,0,28,0,0,"SELECT COUNT(*) AS days_traded, SUM(n_quotes) AS total_quotes, MIN(bp_min) AS lowest_bid, MAX(bp_max) AS highest_bid, MIN(ap_min) AS lowest_ask, MAX(ap_max) AS highest_ask, SUM(spread_sum) / SUM(n_quotes) AS avg_spread, SUM(bs_sum) AS total_bid_volum"
39196327,2026-08-14 06:03:57.144295,0.171857,39196327,quotes_shared.public.mv_tbl__quotes_daily__0,1,1903524,159,0,0,0,0,0.0946,54,94,0,0,"SELECT COUNT(*) AS days_traded, SUM(n_quotes) AS total_quotes, MIN(bp_min) AS lowest_bid, MAX(bp_max) AS highest_bid, MIN(ap_min) AS lowest_ask, MAX(ap_max) AS highest_ask, SUM(spread_sum) / SUM(n_quotes) AS avg_spread, SUM(bs_sum) AS total_bid_volum"
39196334,2026-08-14 06:03:58.155519,0.093879,39196334,,0,0,263,0,0,0,0,0.0073,91,23,0,0,"SELECT sym, COUNT(*) AS days_traded, SUM(n_quotes) AS total_quotes, MIN(bp_min) AS lowest_bid, MAX(bp_max) AS highest_bid, SUM(spread_sum) / SUM(n_quotes) AS avg_spread FROM quotes_daily WHERE sym IN ('AAPL', 'MSFT', 'GOOGL', 'AMZN', 'TSLA', 'META', "
39196334,2026-08-14 06:03:58.155519,0.093879,39196334,quotes_shared.public.mv_tbl__quotes_daily__0,1,1903571,1272,0,0,0,0,0.0041,37,9,0,0,"SELECT sym, COUNT(*) AS days_traded, SUM(n_quotes) AS total_quotes, MIN(bp_min) AS lowest_bid, MAX(bp_max) AS highest_bid, SUM(spread_sum) / SUM(n_quotes) AS avg_spread FROM quotes_daily WHERE sym IN ('AAPL', 'MSFT', 'GOOGL', 'AMZN', 'TSLA', 'META', "
39196341,2026-08-14 06:03:59.044593,0.09084,39196341,,0,0,385164,0,0,0,0,0.0079,12,26,0,0,"SELECT sym, pct_range FROM ( SELECT sym, (MAX(bp_max) - MIN(bp_min)) / MIN(bp_min) * 100 AS pct_range FROM quotes_daily GROUP BY sym ) t ORDER BY ABS(pct_range) DESC LIMIT 20"
39196341,2026-08-14 06:03:59.044593,0.09084,39196341,quotes_shared.public.mv_tbl__quotes_daily__0,1,1903571,1858616,0,0,0,0,0.0056,11,28,0,0,"SELECT sym, pct_range FROM ( SELECT sym, (MAX(bp_max) - MIN(bp_min)) / MIN(bp_min) * 100 AS pct_range FROM quotes_daily GROUP BY sym ) t ORDER BY ABS(pct_range) DESC LIMIT 20"
39196348,2026-08-14 06:03:59.857642,0.169948,39196348,,0,0,6303,0,0,0,0,0.0913,45,42,0,0,"SELECT day, SUM(n_quotes) AS total_quotes, SUM(bs_sum) + SUM(as_sum) AS total_volume, SUM(spread_sum) / SUM(n_quotes) AS avg_spread FROM quotes_daily GROUP BY day ORDER BY day"
39196348,2026-08-14 06:03:59.857642,0.169948,39196348,quotes_shared.public.mv_tbl__quotes_daily__0,1,1903571,1858616,0,0,0,0,0.0886,21,94,0,0,"SELECT day, SUM(n_quotes) AS total_quotes, SUM(bs_sum) + SUM(as_sum) AS total_volume, SUM(spread_sum) / SUM(n_quotes) AS avg_spread FROM quotes_daily GROUP BY day ORDER BY day"
39399045,2026-08-14 06:14:07.389004,4.742361,39399045,,0,0,65,0,0,0,0,0.0026,0,32,0,0,"SELECT COALESCE(SUM(n_quotes), 0) FROM quotes_daily"
39399045,2026-08-14 06:14:07.389004,4.742361,39399045,quotes_shared.public.mv_tbl__quotes_daily__0,1,1903571,1858616,0,0,0,0,1.5011,38,27,0,0,"SELECT COALESCE(SUM(n_quotes), 0) FROM quotes_daily"
39399048,2026-08-14 06:14:12.133292,0.085165,39399048,,0,0,65,0,0,0,0,0.0023,0,35,0,0,SELECT COUNT(*) FROM quotes_daily
39399048,2026-08-14 06:14:12.133292,0.085165,39399048,quotes_shared.public.mv_tbl__quotes_daily__0,1,1903210,1858616,0,0,0,0,0.0017,38,13,0,0,SELECT COUNT(*) FROM quotes_daily
39399051,2026-08-14 06:14:12.220370,2.883127,39399051,,0,0,65,0,0,0,0,0.0026,0,26,0,0,"SELECT COUNT(*) AS days_traded, SUM(n_quotes) AS total_quotes, MIN(bp_min) AS lowest_bid, MAX(bp_max) AS highest_bid, MIN(ap_min) AS lowest_ask, MAX(ap_max) AS highest_ask, SUM(spread_sum) / SUM(n_quotes) AS avg_spread, SUM(bs_sum) AS total_bid_volum"
39399051,2026-08-14 06:14:12.220370,2.883127,39399051,quotes_shared.public.mv_tbl__quotes_daily__0,1,1903524,159,0,0,0,0,2.7885,50,5,0,0,"SELECT COUNT(*) AS days_traded, SUM(n_quotes) AS total_quotes, MIN(bp_min) AS lowest_bid, MAX(bp_max) AS highest_bid, MIN(ap_min) AS lowest_ask, MAX(ap_max) AS highest_ask, SUM(spread_sum) / SUM(n_quotes) AS avg_spread, SUM(bs_sum) AS total_bid_volum"
39399058,2026-08-14 06:14:16.176374,0.40898,39399058,,0,0,260,0,0,0,0,0.3154,91,24,0,0,"SELECT sym, COUNT(*) AS days_traded, SUM(n_quotes) AS total_quotes, MIN(bp_min) AS lowest_bid, MAX(bp_max) AS highest_bid, SUM(spread_sum) / SUM(n_quotes) AS avg_spread FROM quotes_daily WHERE sym IN ('AAPL', 'MSFT', 'GOOGL', 'AMZN', 'TSLA', 'META', "
39399058,2026-08-14 06:14:16.176374,0.40898,39399058,quotes_shared.public.mv_tbl__quotes_daily__0,1,1903571,1272,0,0,0,0,0.3104,35,92,0,0,"SELECT sym, COUNT(*) AS days_traded, SUM(n_quotes) AS total_quotes, MIN(bp_min) AS lowest_bid, MAX(bp_max) AS highest_bid, SUM(spread_sum) / SUM(n_quotes) AS avg_spread FROM quotes_daily WHERE sym IN ('AAPL', 'MSFT', 'GOOGL', 'AMZN', 'TSLA', 'META', "
39399065,2026-08-14 06:14:17.287063,0.099836,39399065,,0,0,384572,0,0,0,0,0.0117,11,32,0,0,"SELECT sym, pct_range FROM ( SELECT sym, (MAX(bp_max) - MIN(bp_min)) / MIN(bp_min) * 100 AS pct_range FROM quotes_daily GROUP BY sym ) t ORDER BY ABS(pct_range) DESC LIMIT 20"
39399065,2026-08-14 06:14:17.287063,0.099836,39399065,quotes_shared.public.mv_tbl__quotes_daily__0,1,1903571,1858616,0,0,0,0,0.0069,26,26,0,0,"SELECT sym, pct_range FROM ( SELECT sym, (MAX(bp_max) - MIN(bp_min)) / MIN(bp_min) * 100 AS pct_range FROM quotes_daily GROUP BY sym ) t ORDER BY ABS(pct_range) DESC LIMIT 20"
39399079,2026-08-14 06:14:18.067728,0.666131,39399079,,0,0,6308,0,0,0,0,0.5835,45,34,0,0,"SELECT day, SUM(n_quotes) AS total_quotes, SUM(bs_sum) + SUM(as_sum) AS total_volume, SUM(spread_sum) / SUM(n_quotes) AS avg_spread FROM quotes_daily GROUP BY day ORDER BY day"
39399079,2026-08-14 06:14:18.067728,0.666131,39399079,quotes_shared.public.mv_tbl__quotes_daily__0,1,1903571,1858616,0,0,0,0,0.5793,54,36,0,0,"SELECT day, SUM(n_quotes) AS total_quotes, SUM(bs_sum) + SUM(as_sum) AS total_volume, SUM(spread_sum) / SUM(n_quotes) AS avg_spread FROM quotes_daily GROUP BY day ORDER BY day"
39602117,2026-08-14 06:24:08.235468,4.739497,39602117,,0,0,65,0,0,0,0,0.0042,0,35,0,0,"SELECT COALESCE(SUM(n_quotes), 0) FROM quotes_daily"
39602117,2026-08-14 06:24:08.235468,4.739497,39602117,quotes_shared.public.mv_tbl__quotes_daily__0,1,1903571,1858616,0,0,0,0,1.2638,29,14,0,0,"SELECT COALESCE(SUM(n_quotes), 0) FROM quotes_daily"
39602120,2026-08-14 06:24:12.977662,0.076928,39602120,,0,0,65,0,0,0,0,0.0021,0,46,0,0,SELECT COUNT(*) FROM quotes_daily
39602120,2026-08-14 06:24:12.977662,0.076928,39602120,quotes_shared.public.mv_tbl__quotes_daily__0,1,1903210,1858616,0,0,0,0,0.0017,40,9,0,0,SELECT COUNT(*) FROM quotes_daily
39602123,2026-08-14 06:24:13.056482,2.80224,39602123,,0,0,65,0,0,0,0,0.0029,0,23,0,0,"SELECT COUNT(*) AS days_traded, SUM(n_quotes) AS total_quotes, MIN(bp_min) AS lowest_bid, MAX(bp_max) AS highest_bid, MIN(ap_min) AS lowest_ask, MAX(ap_max) AS highest_ask, SUM(spread_sum) / SUM(n_quotes) AS avg_spread, SUM(bs_sum) AS total_bid_volum"
39602123,2026-08-14 06:24:13.056482,2.80224,39602123,quotes_shared.public.mv_tbl__quotes_daily__0,1,1903524,159,0,0,0,0,2.7117,50,7,0,0,"SELECT COUNT(*) AS days_traded, SUM(n_quotes) AS total_quotes, MIN(bp_min) AS lowest_bid, MAX(bp_max) AS highest_bid, MIN(ap_min) AS lowest_ask, MAX(ap_max) AS highest_ask, SUM(spread_sum) / SUM(n_quotes) AS avg_spread, SUM(bs_sum) AS total_bid_volum"
39602130,2026-08-14 06:24:16.870864,0.410557,39602130,,0,0,253,0,0,0,0,0.3236,91,22,0,0,"SELECT sym, COUNT(*) AS days_traded, SUM(n_quotes) AS total_quotes, MIN(bp_min) AS lowest_bid, MAX(bp_max) AS highest_bid, SUM(spread_sum) / SUM(n_quotes) AS avg_spread FROM quotes_daily WHERE sym IN ('AAPL', 'MSFT', 'GOOGL', 'AMZN', 'TSLA', 'META', "
39602130,2026-08-14 06:24:16.870864,0.410557,39602130,quotes_shared.public.mv_tbl__quotes_daily__0,1,1903571,1272,0,0,0,0,0.3185,45,92,0,0,"SELECT sym, COUNT(*) AS days_traded, SUM(n_quotes) AS total_quotes, MIN(bp_min) AS lowest_bid, MAX(bp_max) AS highest_bid, SUM(spread_sum) / SUM(n_quotes) AS avg_spread FROM quotes_daily WHERE sym IN ('AAPL', 'MSFT', 'GOOGL', 'AMZN', 'TSLA', 'META', "
39602138,2026-08-14 06:24:17.986799,0.090541,39602138,,0,0,383848,0,0,0,0,0.0131,12,27,0,0,"SELECT sym, pct_range FROM ( SELECT sym, (MAX(bp_max) - MIN(bp_min)) / MIN(bp_min) * 100 AS pct_range FROM quotes_daily GROUP BY sym ) t ORDER BY ABS(pct_range) DESC LIMIT 20"
39602138,2026-08-14 06:24:17.986799,0.090541,39602138,quotes_shared.public.mv_tbl__quotes_daily__0,1,1903571,1858616,0,0,0,0,0.0087,27,40,0,0,"SELECT sym, pct_range FROM ( SELECT sym, (MAX(bp_max) - MIN(bp_min)) / MIN(bp_min) * 100 AS pct_range FROM quotes_daily GROUP BY sym ) t ORDER BY ABS(pct_range) DESC LIMIT 20"
39602147,2026-08-14 06:24:18.788469,0.558107,39602147,,0,0,6295,0,0,0,0,0.4850,45,26,0,0,"SELECT day, SUM(n_quotes) AS total_quotes, SUM(bs_sum) + SUM(as_sum) AS total_volume, SUM(spread_sum) / SUM(n_quotes) AS avg_spread FROM quotes_daily GROUP BY day ORDER BY day"
39602147,2026-08-14 06:24:18.788469,0.558107,39602147,quotes_shared.public.mv_tbl__quotes_daily__0,1,1903571,1858616,0,0,0,0,0.4805,47,31,0,0,"SELECT day, SUM(n_quotes) AS total_quotes, SUM(bs_sum) + SUM(as_sum) AS total_volume, SUM(spread_sum) / SUM(n_quotes) AS avg_spread FROM quotes_daily GROUP BY day ORDER BY day"
39805189,2026-08-14 06:34:08.052139,5.32319,39805189,,0,0,65,0,0,0,0,0.0029,0,21,0,0,"SELECT COALESCE(SUM(n_quotes), 0) FROM quotes_daily"
39805189,2026-08-14 06:34:08.052139,5.32319,39805189,quotes_shared.public.mv_tbl__quotes_daily__0,1,1903571,1858616,0,0,0,0,1.5735,46,29,0,0,"SELECT COALESCE(SUM(n_quotes), 0) FROM quotes_daily"
39805192,2026-08-14 06:34:13.377315,0.08532,39805192,,0,0,65,0,0,0,0,0.0024,0,19,0,0,SELECT COUNT(*) FROM quotes_daily
39805192,2026-08-14 06:34:13.377315,0.08532,39805192,quotes_shared.public.mv_tbl__quotes_daily__0,1,1903210,1858616,0,0,0,0,0.0019,49,14,0,0,SELECT COUNT(*) FROM quotes_daily
39805195,2026-08-14 06:34:13.464573,2.898547,39805195,,0,0,65,0,0,0,0,0.0050,0,26,0,0,"SELECT COUNT(*) AS days_traded, SUM(n_quotes) AS total_quotes, MIN(bp_min) AS lowest_bid, MAX(bp_max) AS highest_bid, MIN(ap_min) AS lowest_ask, MAX(ap_max) AS highest_ask, SUM(spread_sum) / SUM(n_quotes) AS avg_spread, SUM(bs_sum) AS total_bid_volum"
39805195,2026-08-14 06:34:13.464573,2.898547,39805195,quotes_shared.public.mv_tbl__quotes_daily__0,1,1903524,159,0,0,0,0,2.8038,54,7,0,0,"SELECT COUNT(*) AS days_traded, SUM(n_quotes) AS total_quotes, MIN(bp_min) AS lowest_bid, MAX(bp_max) AS highest_bid, MIN(ap_min) AS lowest_ask, MAX(ap_max) AS highest_ask, SUM(spread_sum) / SUM(n_quotes) AS avg_spread, SUM(bs_sum) AS total_bid_volum"
39805203,2026-08-14 06:34:17.431327,0.399581,39805203,,0,0,262,0,0,0,0,0.3068,91,28,0,0,"SELECT sym, COUNT(*) AS days_traded, SUM(n_quotes) AS total_quotes, MIN(bp_min) AS lowest_bid, MAX(bp_max) AS highest_bid, SUM(spread_sum) / SUM(n_quotes) AS avg_spread FROM quotes_daily WHERE sym IN ('AAPL', 'MSFT', 'GOOGL', 'AMZN', 'TSLA', 'META', "
39805203,2026-08-14 06:34:17.431327,0.399581,39805203,quotes_shared.public.mv_tbl__quotes_daily__0,1,1903571,1272,0,0,0,0,0.3013,36,92,0,0,"SELECT sym, COUNT(*) AS days_traded, SUM(n_quotes) AS total_quotes, MIN(bp_min) AS lowest_bid, MAX(bp_max) AS highest_bid, SUM(spread_sum) / SUM(n_quotes) AS avg_spread FROM quotes_daily WHERE sym IN ('AAPL', 'MSFT', 'GOOGL', 'AMZN', 'TSLA', 'META', "
39805212,2026-08-14 06:34:18.583746,0.100396,39805212,,0,0,384197,0,0,0,0,0.0169,12,33,0,0,"SELECT sym, pct_range FROM ( SELECT sym, (MAX(bp_max) - MIN(bp_min)) / MIN(bp_min) * 100 AS pct_range FROM quotes_daily GROUP BY sym ) t ORDER BY ABS(pct_range) DESC LIMIT 20"
39805212,2026-08-14 06:34:18.583746,0.100396,39805212,quotes_shared.public.mv_tbl__quotes_daily__0,1,1903571,1858616,0,0,0,0,0.0123,28,41,0,0,"SELECT sym, pct_range FROM ( SELECT sym, (MAX(bp_max) - MIN(bp_min)) / MIN(bp_min) * 100 AS pct_range FROM quotes_daily GROUP BY sym ) t ORDER BY ABS(pct_range) DESC LIMIT 20"
39805219,2026-08-14 06:34:19.423656,0.547359,39805219,,0,0,6315,0,0,0,0,0.4672,45,37,0,0,"SELECT day, SUM(n_quotes) AS total_quotes, SUM(bs_sum) + SUM(as_sum) AS total_volume, SUM(spread_sum) / SUM(n_quotes) AS avg_spread FROM quotes_daily GROUP BY day ORDER BY day"
39805219,2026-08-14 06:34:19.423656,0.547359,39805219,quotes_shared.public.mv_tbl__quotes_daily__0,1,1903571,1858616,0,0,0,0,0.4634,26,18,0,0,"SELECT day, SUM(n_quotes) AS total_quotes, SUM(bs_sum) + SUM(as_sum) AS total_volume, SUM(spread_sum) / SUM(n_quotes) AS avg_spread FROM quotes_daily GROUP BY day ORDER BY day"
40008261,2026-08-14 06:44:07.852071,4.64891,40008261,,0,0,65,0,0,0,0,0.0037,0,31,0,0,"SELECT COALESCE(SUM(n_quotes), 0) FROM quotes_daily"
40008261,2026-08-14 06:44:07.852071,4.64891,40008261,quotes_shared.public.mv_tbl__quotes_daily__0,1,1903571,1858616,0,0,0,0,1.3552,52,17,0,0,"SELECT COALESCE(SUM(n_quotes), 0) FROM quotes_daily"
40008264,2026-08-14 06:44:12.502827,0.088165,40008264,,0,0,65,0,0,0,0,0.0026,0,33,0,0,SELECT COUNT(*) FROM quotes_daily
40008264,2026-08-14 06:44:12.502827,0.088165,40008264,quotes_shared.public.mv_tbl__quotes_daily__0,1,1903210,1858616,0,0,0,0,0.0019,38,15,0,0,SELECT COUNT(*) FROM quotes_daily
40008267,2026-08-14 06:44:12.592760,2.722752,40008267,,0,0,65,0,0,0,0,0.0025,0,25,0,0,"SELECT COUNT(*) AS days_traded, SUM(n_quotes) AS total_quotes, MIN(bp_min) AS lowest_bid, MAX(bp_max) AS highest_bid, MIN(ap_min) AS lowest_ask, MAX(ap_max) AS highest_ask, SUM(spread_sum) / SUM(n_quotes) AS avg_spread, SUM(bs_sum) AS total_bid_volum"
40008267,2026-08-14 06:44:12.592760,2.722752,40008267,quotes_shared.public.mv_tbl__quotes_daily__0,1,1903524,159,0,0,0,0,2.6186,61,5,0,0,"SELECT COUNT(*) AS days_traded, SUM(n_quotes) AS total_quotes, MIN(bp_min) AS lowest_bid, MAX(bp_max) AS highest_bid, MIN(ap_min) AS lowest_ask, MAX(ap_max) AS highest_ask, SUM(spread_sum) / SUM(n_quotes) AS avg_spread, SUM(bs_sum) AS total_bid_volum"
40008274,2026-08-14 06:44:16.382122,0.36992,40008274,,0,0,259,0,0,0,0,0.2703,91,14,0,0,"SELECT sym, COUNT(*) AS days_traded, SUM(n_quotes) AS total_quotes, MIN(bp_min) AS lowest_bid, MAX(bp_max) AS highest_bid, SUM(spread_sum) / SUM(n_quotes) AS avg_spread FROM quotes_daily WHERE sym IN ('AAPL', 'MSFT', 'GOOGL', 'AMZN', 'TSLA', 'META', "
40008274,2026-08-14 06:44:16.382122,0.36992,40008274,quotes_shared.public.mv_tbl__quotes_daily__0,1,1903571,1272,0,0,0,0,0.2658,43,92,0,0,"SELECT sym, COUNT(*) AS days_traded, SUM(n_quotes) AS total_quotes, MIN(bp_min) AS lowest_bid, MAX(bp_max) AS highest_bid, SUM(spread_sum) / SUM(n_quotes) AS avg_spread FROM quotes_daily WHERE sym IN ('AAPL', 'MSFT', 'GOOGL', 'AMZN', 'TSLA', 'META', "
40008282,2026-08-14 06:44:17.501282,0.105105,40008282,,0,0,373249,0,0,0,0,0.0147,12,25,0,0,"SELECT sym, pct_range FROM ( SELECT sym, (MAX(bp_max) - MIN(bp_min)) / MIN(bp_min) * 100 AS pct_range FROM quotes_daily GROUP BY sym ) t ORDER BY ABS(pct_range) DESC LIMIT 20"
40008282,2026-08-14 06:44:17.501282,0.105105,40008282,quotes_shared.public.mv_tbl__quotes_daily__0,1,1903571,1858616,0,0,0,0,0.0087,28,34,0,0,"SELECT sym, pct_range FROM ( SELECT sym, (MAX(bp_max) - MIN(bp_min)) / MIN(bp_min) * 100 AS pct_range FROM quotes_daily GROUP BY sym ) t ORDER BY ABS(pct_range) DESC LIMIT 20"
40008295,2026-08-14 06:44:18.301293,0.510021,40008295,,0,0,6302,0,0,0,0,0.4225,45,27,0,0,"SELECT day, SUM(n_quotes) AS total_quotes, SUM(bs_sum) + SUM(as_sum) AS total_volume, SUM(spread_sum) / SUM(n_quotes) AS avg_spread FROM quotes_daily GROUP BY day ORDER BY day"
40008295,2026-08-14 06:44:18.301293,0.510021,40008295,quotes_shared.public.mv_tbl__quotes_daily__0,1,1903571,1858616,0,0,0,0,0.4187,40,20,0,0,"SELECT day, SUM(n_quotes) AS total_quotes, SUM(bs_sum) + SUM(as_sum) AS total_volume, SUM(spread_sum) / SUM(n_quotes) AS avg_spread FROM quotes_daily GROUP BY day ORDER BY day"
40211336,2026-08-14 06:54:07.977181,4.766555,40211336,,0,0,65,0,0,0,0,0.0048,0,27,0,0,"SELECT COALESCE(SUM(n_quotes), 0) FROM quotes_daily"
40211336,2026-08-14 06:54:07.977181,4.766555,40211336,quotes_shared.public.mv_tbl__quotes_daily__0,1,1903571,1858616,0,0,0,0,0.9632,54,21,0,0,"SELECT COALESCE(SUM(n_quotes), 0) FROM quotes_daily"
40211333,2026-08-14 06:54:07.977312,4.766291,40211333,,0,0,65,0,0,0,0,0.0051,0,26,0,0,"SELECT COALESCE(SUM(n_quotes), 0) FROM quotes_daily"
40211333,2026-08-14 06:54:07.977312,4.766291,40211333,quotes_shared.public.mv_tbl__quotes_daily__0,1,1903571,1858616,0,0,0,0,1.0131,58,20,0,0,"SELECT COALESCE(SUM(n_quotes), 0) FROM quotes_daily"
40211339,2026-08-14 06:54:12.745444,0.113283,40211339,,0,0,65,0,0,0,0,0.0258,0,22,0,0,SELECT COUNT(*) FROM quotes_daily
40211339,2026-08-14 06:54:12.745444,0.113283,40211339,quotes_shared.public.mv_tbl__quotes_daily__0,1,1903210,1858616,0,0,0,0,0.0053,54,47,0,0,SELECT COUNT(*) FROM quotes_daily
40211340,2026-08-14 06:54:12.745528,0.109073,40211340,,0,0,65,0,0,0,0,0.0207,0,32,0,0,SELECT COUNT(*) FROM quotes_daily
40211340,2026-08-14 06:54:12.745528,0.109073,40211340,quotes_shared.public.mv_tbl__quotes_daily__0,1,1903210,1858616,0,0,0,0,0.0050,67,35,0,0,SELECT COUNT(*) FROM quotes_daily
40211345,2026-08-14 06:54:12.856292,6.626481,40211345,,0,0,65,0,0,0,0,0.0039,0,29,0,0,"SELECT COUNT(*) AS days_traded, SUM(n_quotes) AS total_quotes, MIN(bp_min) AS lowest_bid, MAX(bp_max) AS highest_bid, MIN(ap_min) AS lowest_ask, MAX(ap_max) AS highest_ask, SUM(spread_sum) / SUM(n_quotes) AS avg_spread, SUM(bs_sum) AS total_bid_volum"
40211345,2026-08-14 06:54:12.856292,6.626481,40211345,quotes_shared.public.mv_tbl__quotes_daily__0,1,1903524,159,0,0,0,0,6.5256,64,3,0,0,"SELECT COUNT(*) AS days_traded, SUM(n_quotes) AS total_quotes, MIN(bp_min) AS lowest_bid, MAX(bp_max) AS highest_bid, MIN(ap_min) AS lowest_ask, MAX(ap_max) AS highest_ask, SUM(spread_sum) / SUM(n_quotes) AS avg_spread, SUM(bs_sum) AS total_bid_volum"
40211348,2026-08-14 06:54:12.860501,73.668632,40211348,,0,0,268073604,0,0,0,0,70.0388,23,24,0,0,"WITH src AS ( SELECT DATE_TRUNC('hour', TIMESTAMP 'epoch' + t / 1000 * INTERVAL '1 second') AS hour, bp, bs, ap, t FROM quotes_typed WHERE sym = 'AAPL' ), ranked AS ( SELECT hour, bp, bs, ap, ROW_NUMBER() OVER (PARTITION BY hour ORDER BY t ASC) AS rn"
40211348,2026-08-14 06:54:12.860501,73.668632,40211348,quotes_shared.public.mv_tbl__quotes_typed__0,1,8639681209,89357868,0,0,0,0,69.5416,14,3,0,0,"WITH src AS ( SELECT DATE_TRUNC('hour', TIMESTAMP 'epoch' + t / 1000 * INTERVAL '1 second') AS hour, bp, bs, ap, t FROM quotes_typed WHERE sym = 'AAPL' ), ranked AS ( SELECT hour, bp, bs, ap, ROW_NUMBER() OVER (PARTITION BY hour ORDER BY t ASC) AS rn"
40211358,2026-08-14 06:54:20.541767,0.379697,40211358,,0,0,251,0,0,0,0,0.2873,91,19,0,0,"SELECT sym, COUNT(*) AS days_traded, SUM(n_quotes) AS total_quotes, MIN(bp_min) AS lowest_bid, MAX(bp_max) AS highest_bid, SUM(spread_sum) / SUM(n_quotes) AS avg_spread FROM quotes_daily WHERE sym IN ('AAPL', 'MSFT', 'GOOGL', 'AMZN', 'TSLA', 'META', "
40211358,2026-08-14 06:54:20.541767,0.379697,40211358,quotes_shared.public.mv_tbl__quotes_daily__0,1,1903571,1272,0,0,0,0,0.2812,46,91,0,0,"SELECT sym, COUNT(*) AS days_traded, SUM(n_quotes) AS total_quotes, MIN(bp_min) AS lowest_bid, MAX(bp_max) AS highest_bid, SUM(spread_sum) / SUM(n_quotes) AS avg_spread FROM quotes_daily WHERE sym IN ('AAPL', 'MSFT', 'GOOGL', 'AMZN', 'TSLA', 'META', "
40211365,2026-08-14 06:54:21.664258,0.109764,40211365,,0,0,366939,0,0,0,0,0.0199,11,67,0,0,"SELECT sym, pct_range FROM ( SELECT sym, (MAX(bp_max) - MIN(bp_min)) / MIN(bp_min) * 100 AS pct_range FROM quotes_daily GROUP BY sym ) t ORDER BY ABS(pct_range) DESC LIMIT 20"
40211365,2026-08-14 06:54:21.664258,0.109764,40211365,quotes_shared.public.mv_tbl__quotes_daily__0,1,1903571,1858616,0,0,0,0,0.0140,28,44,0,0,"SELECT sym, pct_range FROM ( SELECT sym, (MAX(bp_max) - MIN(bp_min)) / MIN(bp_min) * 100 AS pct_range FROM quotes_daily GROUP BY sym ) t ORDER BY ABS(pct_range) DESC LIMIT 20"
40211372,2026-08-14 06:54:22.496898,0.605104,40211372,,0,0,6299,0,0,0,0,0.5074,45,68,0,0,"SELECT day, SUM(n_quotes) AS total_quotes, SUM(bs_sum) + SUM(as_sum) AS total_volume, SUM(spread_sum) / SUM(n_quotes) AS avg_spread FROM quotes_daily GROUP BY day ORDER BY day"
40211372,2026-08-14 06:54:22.496898,0.605104,40211372,quotes_shared.public.mv_tbl__quotes_daily__0,1,1903571,1858616,0,0,0,0,0.4951,44,36,0,0,"SELECT day, SUM(n_quotes) AS total_quotes, SUM(bs_sum) + SUM(as_sum) AS total_volume, SUM(spread_sum) / SUM(n_quotes) AS avg_spread FROM quotes_daily GROUP BY day ORDER BY day"
40211408,2026-08-14 06:55:27.387675,38.682049,40211408,,0,0,97,0,0,0,0,0.0588,0,29,0,0,"WITH s AS ( SELECT (ap - bp) AS spread, (bp + ap) / 2.0 AS mid, bs AS bs, ""as"" AS az FROM quotes_typed WHERE sym = 'AAPL' ), agg AS ( SELECT COUNT(*)::float8 AS n, SUM(spread) AS s1, SUM(POWER(spread, 2)) AS s2, SUM(POWER(spread, 3)) AS s3, SUM(POWER"
40211408,2026-08-14 06:55:27.387675,38.682049,40211408,quotes_shared.public.mv_tbl__quotes_typed__0,1,8639681209,89357868,0,0,0,0,38.5074,17,23,0,0,"WITH s AS ( SELECT (ap - bp) AS spread, (bp + ap) / 2.0 AS mid, bs AS bs, ""as"" AS az FROM quotes_typed WHERE sym = 'AAPL' ), agg AS ( SELECT COUNT(*)::float8 AS n, SUM(spread) AS s1, SUM(POWER(spread, 2)) AS s2, SUM(POWER(spread, 3)) AS s3, SUM(POWER"
40211443,2026-08-14 06:56:06.889004,62.960269,40211443,,0,0,268073604,0,0,0,0,60.4210,23,31,0,0,"WITH src AS ( SELECT DATE_TRUNC('hour', TIMESTAMP 'epoch' + payload.t::bigint / 1000 * INTERVAL '1 second') AS hour, payload.bp::float8 AS bp, payload.bs::bigint AS bs, payload.ap::float8 AS ap, payload.t::bigint AS t FROM quotes_streamed WHERE sym ="
40211443,2026-08-14 06:56:06.889004,62.960269,40211443,quotes_shared.public.mv_tbl__quotes_streamed__0,1,13046012696,89357868,0,0,0,0,59.4396,11,1,0,0,"WITH src AS ( SELECT DATE_TRUNC('hour', TIMESTAMP 'epoch' + payload.t::bigint / 1000 * INTERVAL '1 second') AS hour, payload.bp::float8 AS bp, payload.bs::bigint AS bs, payload.ap::float8 AS ap, payload.t::bigint AS t FROM quotes_streamed WHERE sym ="
40211471,2026-08-14 06:57:10.592545,38.741726,40211471,,0,0,97,0,0,0,0,0.0572,0,27,0,0,"WITH s AS ( SELECT (payload.ap::float8 - payload.bp::float8) AS spread, (payload.bp::float8 + payload.ap::float8) / 2.0 AS mid, payload.bs::bigint AS bs, payload.""as""::bigint AS az FROM quotes_streamed WHERE sym = 'AAPL' ), agg AS ( SELECT COUNT(*)::"
40211471,2026-08-14 06:57:10.592545,38.741726,40211471,quotes_shared.public.mv_tbl__quotes_streamed__0,1,13046012696,89357868,0,0,0,0,38.5748,4,10,0,0,"WITH s AS ( SELECT (payload.ap::float8 - payload.bp::float8) AS spread, (payload.bp::float8 + payload.ap::float8) / 2.0 AS mid, payload.bs::bigint AS bs, payload.""as""::bigint AS az FROM quotes_streamed WHERE sym = 'AAPL' ), agg AS ( SELECT COUNT(*)::"
40211665,2026-08-14 07:03:56.840483,0.231007,40211665,,0,0,65,0,0,0,0,0.0022,0,28,0,0,"SELECT COALESCE(SUM(n_quotes), 0) FROM quotes_daily"
40211665,2026-08-14 07:03:56.840483,0.231007,40211665,quotes_shared.public.mv_tbl__quotes_daily__0,1,1903571,1858616,0,0,0,0,0.0021,38,24,0,0,"SELECT COALESCE(SUM(n_quotes), 0) FROM quotes_daily"
40211668,2026-08-14 07:03:57.073246,0.074617,40211668,,0,0,65,0,0,0,0,0.0018,0,22,0,0,SELECT COUNT(*) FROM quotes_daily
40211668,2026-08-14 07:03:57.073246,0.074617,40211668,quotes_shared.public.mv_tbl__quotes_daily__0,1,1903210,1858616,0,0,0,0,0.0017,41,11,0,0,SELECT COUNT(*) FROM quotes_daily
40211671,2026-08-14 07:03:57.149484,0.084692,40211671,,0,0,65,0,0,0,0,0.0022,0,29,0,0,"SELECT COUNT(*) AS days_traded, SUM(n_quotes) AS total_quotes, MIN(bp_min) AS lowest_bid, MAX(bp_max) AS highest_bid, MIN(ap_min) AS lowest_ask, MAX(ap_max) AS highest_ask, SUM(spread_sum) / SUM(n_quotes) AS avg_spread, SUM(bs_sum) AS total_bid_volum"
40211671,2026-08-14 07:03:57.149484,0.084692,40211671,quotes_shared.public.mv_tbl__quotes_daily__0,1,1903524,159,0,0,0,0,0.0038,58,17,0,0,"SELECT COUNT(*) AS days_traded, SUM(n_quotes) AS total_quotes, MIN(bp_min) AS lowest_bid, MAX(bp_max) AS highest_bid, MIN(ap_min) AS lowest_ask, MAX(ap_max) AS highest_ask, SUM(spread_sum) / SUM(n_quotes) AS avg_spread, SUM(bs_sum) AS total_bid_volum"
40211678,2026-08-14 07:03:58.012575,0.097424,40211678,,0,0,263,0,0,0,0,0.0082,91,24,0,0,"SELECT sym, COUNT(*) AS days_traded, SUM(n_quotes) AS total_quotes, MIN(bp_min) AS lowest_bid, MAX(bp_max) AS highest_bid, SUM(spread_sum) / SUM(n_quotes) AS avg_spread FROM quotes_daily WHERE sym IN ('AAPL', 'MSFT', 'GOOGL', 'AMZN', 'TSLA', 'META', "
40211678,2026-08-14 07:03:58.012575,0.097424,40211678,quotes_shared.public.mv_tbl__quotes_daily__0,1,1903571,1272,0,0,0,0,0.0046,31,10,0,0,"SELECT sym, COUNT(*) AS days_traded, SUM(n_quotes) AS total_quotes, MIN(bp_min) AS lowest_bid, MAX(bp_max) AS highest_bid, SUM(spread_sum) / SUM(n_quotes) AS avg_spread FROM quotes_daily WHERE sym IN ('AAPL', 'MSFT', 'GOOGL', 'AMZN', 'TSLA', 'META', "
40211685,2026-08-14 07:03:58.830744,0.092639,40211685,,0,0,385016,0,0,0,0,0.0110,12,69,0,0,"SELECT sym, pct_range FROM ( SELECT sym, (MAX(bp_max) - MIN(bp_min)) / MIN(bp_min) * 100 AS pct_range FROM quotes_daily GROUP BY sym ) t ORDER BY ABS(pct_range) DESC LIMIT 20"
40211685,2026-08-14 07:03:58.830744,0.092639,40211685,quotes_shared.public.mv_tbl__quotes_daily__0,1,1903571,1858616,0,0,0,0,0.0074,11,36,0,0,"SELECT sym, pct_range FROM ( SELECT sym, (MAX(bp_max) - MIN(bp_min)) / MIN(bp_min) * 100 AS pct_range FROM quotes_daily GROUP BY sym ) t ORDER BY ABS(pct_range) DESC LIMIT 20"
40211692,2026-08-14 07:03:59.656562,0.184163,40211692,,0,0,6304,0,0,0,0,0.1036,45,28,0,0,"SELECT day, SUM(n_quotes) AS total_quotes, SUM(bs_sum) + SUM(as_sum) AS total_volume, SUM(spread_sum) / SUM(n_quotes) AS avg_spread FROM quotes_daily GROUP BY day ORDER BY day"
40211692,2026-08-14 07:03:59.656562,0.184163,40211692,quotes_shared.public.mv_tbl__quotes_daily__0,1,1903571,1858616,0,0,0,0,0.1009,23,91,0,0,"SELECT day, SUM(n_quotes) AS total_quotes, SUM(bs_sum) + SUM(as_sum) AS total_volume, SUM(spread_sum) / SUM(n_quotes) AS avg_spread FROM quotes_daily GROUP BY day ORDER BY day"
40414405,2026-08-14 07:14:08.276136,4.807192,40414405,,0,0,65,0,0,0,0,0.0022,0,29,0,0,"SELECT COALESCE(SUM(n_quotes), 0) FROM quotes_daily"
40414405,2026-08-14 07:14:08.276136,4.807192,40414405,quotes_shared.public.mv_tbl__quotes_daily__0,1,1903571,1858616,0,0,0,0,1.3004,38,16,0,0,"SELECT COALESCE(SUM(n_quotes), 0) FROM quotes_daily"
40414408,2026-08-14 07:14:13.085310,0.100137,40414408,,0,0,65,0,0,0,0,0.0025,0,25,0,0,SELECT COUNT(*) FROM quotes_daily
40414408,2026-08-14 07:14:13.085310,0.100137,40414408,quotes_shared.public.mv_tbl__quotes_daily__0,1,1903210,1858616,0,0,0,0,0.0098,30,24,0,0,SELECT COUNT(*) FROM quotes_daily
40414411,2026-08-14 07:14:13.187342,2.873688,40414411,,0,0,65,0,0,0,0,0.0176,0,38,0,0,"SELECT COUNT(*) AS days_traded, SUM(n_quotes) AS total_quotes, MIN(bp_min) AS lowest_bid, MAX(bp_max) AS highest_bid, MIN(ap_min) AS lowest_ask, MAX(ap_max) AS highest_ask, SUM(spread_sum) / SUM(n_quotes) AS avg_spread, SUM(bs_sum) AS total_bid_volum"
40414411,2026-08-14 07:14:13.187342,2.873688,40414411,quotes_shared.public.mv_tbl__quotes_daily__0,1,1903524,159,0,0,0,0,2.7640,50,5,0,0,"SELECT COUNT(*) AS days_traded, SUM(n_quotes) AS total_quotes, MIN(bp_min) AS lowest_bid, MAX(bp_max) AS highest_bid, MIN(ap_min) AS lowest_ask, MAX(ap_max) AS highest_ask, SUM(spread_sum) / SUM(n_quotes) AS avg_spread, SUM(bs_sum) AS total_bid_volum"
40414418,2026-08-14 07:14:17.146595,0.424897,40414418,,0,0,261,0,0,0,0,0.3242,91,22,0,0,"SELECT sym, COUNT(*) AS days_traded, SUM(n_quotes) AS total_quotes, MIN(bp_min) AS lowest_bid, MAX(bp_max) AS highest_bid, SUM(spread_sum) / SUM(n_quotes) AS avg_spread FROM quotes_daily WHERE sym IN ('AAPL', 'MSFT', 'GOOGL', 'AMZN', 'TSLA', 'META', "
40414418,2026-08-14 07:14:17.146595,0.424897,40414418,quotes_shared.public.mv_tbl__quotes_daily__0,1,1903571,1272,0,0,0,0,0.3201,38,92,0,0,"SELECT sym, COUNT(*) AS days_traded, SUM(n_quotes) AS total_quotes, MIN(bp_min) AS lowest_bid, MAX(bp_max) AS highest_bid, SUM(spread_sum) / SUM(n_quotes) AS avg_spread FROM quotes_daily WHERE sym IN ('AAPL', 'MSFT', 'GOOGL', 'AMZN', 'TSLA', 'META', "
40414426,2026-08-14 07:14:18.318393,0.105167,40414426,,0,0,384382,0,0,0,0,0.0131,12,19,0,0,"SELECT sym, pct_range FROM ( SELECT sym, (MAX(bp_max) - MIN(bp_min)) / MIN(bp_min) * 100 AS pct_range FROM quotes_daily GROUP BY sym ) t ORDER BY ABS(pct_range) DESC LIMIT 20"
40414426,2026-08-14 07:14:18.318393,0.105167,40414426,quotes_shared.public.mv_tbl__quotes_daily__0,1,1903571,1858616,0,0,0,0,0.0081,27,32,0,0,"SELECT sym, pct_range FROM ( SELECT sym, (MAX(bp_max) - MIN(bp_min)) / MIN(bp_min) * 100 AS pct_range FROM quotes_daily GROUP BY sym ) t ORDER BY ABS(pct_range) DESC LIMIT 20"
40414433,2026-08-14 07:14:19.219086,0.577508,40414433,,0,0,6296,0,0,0,0,0.4890,45,27,0,0,"SELECT day, SUM(n_quotes) AS total_quotes, SUM(bs_sum) + SUM(as_sum) AS total_volume, SUM(spread_sum) / SUM(n_quotes) AS avg_spread FROM quotes_daily GROUP BY day ORDER BY day"
40414433,2026-08-14 07:14:19.219086,0.577508,40414433,quotes_shared.public.mv_tbl__quotes_daily__0,1,1903571,1858616,0,0,0,0,0.4851,28,26,0,0,"SELECT day, SUM(n_quotes) AS total_quotes, SUM(bs_sum) + SUM(as_sum) AS total_volume, SUM(spread_sum) / SUM(n_quotes) AS avg_spread FROM quotes_daily GROUP BY day ORDER BY day"
40617477,2026-08-14 07:24:08.301394,4.746567,40617477,,0,0,65,0,0,0,0,0.0034,0,27,0,0,"SELECT COALESCE(SUM(n_quotes), 0) FROM quotes_daily"
40617477,2026-08-14 07:24:08.301394,4.746567,40617477,quotes_shared.public.mv_tbl__quotes_daily__0,1,1903571,1858616,0,0,0,0,1.2276,52,14,0,0,"SELECT COALESCE(SUM(n_quotes), 0) FROM quotes_daily"
40617480,2026-08-14 07:24:13.049824,0.083968,40617480,,0,0,65,0,0,0,0,0.0029,0,28,0,0,SELECT COUNT(*) FROM quotes_daily
40617480,2026-08-14 07:24:13.049824,0.083968,40617480,quotes_shared.public.mv_tbl__quotes_daily__0,1,1903210,1858616,0,0,0,0,0.0024,50,28,0,0,SELECT COUNT(*) FROM quotes_daily
40617483,2026-08-14 07:24:13.135574,2.964243,40617483,,0,0,65,0,0,0,0,0.0026,0,34,0,0,"SELECT COUNT(*) AS days_traded, SUM(n_quotes) AS total_quotes, MIN(bp_min) AS lowest_bid, MAX(bp_max) AS highest_bid, MIN(ap_min) AS lowest_ask, MAX(ap_max) AS highest_ask, SUM(spread_sum) / SUM(n_quotes) AS avg_spread, SUM(bs_sum) AS total_bid_volum"
40617483,2026-08-14 07:24:13.135574,2.964243,40617483,quotes_shared.public.mv_tbl__quotes_daily__0,1,1903524,159,0,0,0,0,2.8711,61,10,0,0,"SELECT COUNT(*) AS days_traded, SUM(n_quotes) AS total_quotes, MIN(bp_min) AS lowest_bid, MAX(bp_max) AS highest_bid, MIN(ap_min) AS lowest_ask, MAX(ap_max) AS highest_ask, SUM(spread_sum) / SUM(n_quotes) AS avg_spread, SUM(bs_sum) AS total_bid_volum"
40617490,2026-08-14 07:24:17.143415,0.420861,40617490,,0,0,263,0,0,0,0,0.3275,91,19,0,0,"SELECT sym, COUNT(*) AS days_traded, SUM(n_quotes) AS total_quotes, MIN(bp_min) AS lowest_bid, MAX(bp_max) AS highest_bid, SUM(spread_sum) / SUM(n_quotes) AS avg_spread FROM quotes_daily WHERE sym IN ('AAPL', 'MSFT', 'GOOGL', 'AMZN', 'TSLA', 'META', "
40617490,2026-08-14 07:24:17.143415,0.420861,40617490,quotes_shared.public.mv_tbl__quotes_daily__0,1,1903571,1272,0,0,0,0,0.3229,38,92,0,0,"SELECT sym, COUNT(*) AS days_traded, SUM(n_quotes) AS total_quotes, MIN(bp_min) AS lowest_bid, MAX(bp_max) AS highest_bid, SUM(spread_sum) / SUM(n_quotes) AS avg_spread FROM quotes_daily WHERE sym IN ('AAPL', 'MSFT', 'GOOGL', 'AMZN', 'TSLA', 'META', "
40617498,2026-08-14 07:24:18.291213,0.09757,40617498,,0,0,384925,0,0,0,0,0.0129,12,32,0,0,"SELECT sym, pct_range FROM ( SELECT sym, (MAX(bp_max) - MIN(bp_min)) / MIN(bp_min) * 100 AS pct_range FROM quotes_daily GROUP BY sym ) t ORDER BY ABS(pct_range) DESC LIMIT 20"
40617498,2026-08-14 07:24:18.291213,0.09757,40617498,quotes_shared.public.mv_tbl__quotes_daily__0,1,1903571,1858616,0,0,0,0,0.0084,21,38,0,0,"SELECT sym, pct_range FROM ( SELECT sym, (MAX(bp_max) - MIN(bp_min)) / MIN(bp_min) * 100 AS pct_range FROM quotes_daily GROUP BY sym ) t ORDER BY ABS(pct_range) DESC LIMIT 20"
40617507,2026-08-14 07:24:19.101412,0.619982,40617507,,0,0,6298,0,0,0,0,0.5406,45,22,0,0,"SELECT day, SUM(n_quotes) AS total_quotes, SUM(bs_sum) + SUM(as_sum) AS total_volume, SUM(spread_sum) / SUM(n_quotes) AS avg_spread FROM quotes_daily GROUP BY day ORDER BY day"
40617507,2026-08-14 07:24:19.101412,0.619982,40617507,quotes_shared.public.mv_tbl__quotes_daily__0,1,1903571,1858616,0,0,0,0,0.5359,47,33,0,0,"SELECT day, SUM(n_quotes) AS total_quotes, SUM(bs_sum) + SUM(as_sum) AS total_volume, SUM(spread_sum) / SUM(n_quotes) AS avg_spread FROM quotes_daily GROUP BY day ORDER BY day"
40820551,2026-08-14 07:34:08.032111,4.952242,40820551,,0,0,65,0,0,0,0,0.0136,0,31,0,0,"SELECT COALESCE(SUM(n_quotes), 0) FROM quotes_daily"
40820551,2026-08-14 07:34:08.032111,4.952242,40820551,quotes_shared.public.mv_tbl__quotes_daily__0,1,1903571,1858616,0,0,0,0,1.2104,39,11,0,0,"SELECT COALESCE(SUM(n_quotes), 0) FROM quotes_daily"
40820554,2026-08-14 07:34:12.986272,0.091591,40820554,,0,0,65,0,0,0,0,0.0033,0,25,0,0,SELECT COUNT(*) FROM quotes_daily
40820554,2026-08-14 07:34:12.986272,0.091591,40820554,quotes_shared.public.mv_tbl__quotes_daily__0,1,1903210,1858616,0,0,0,0,0.0019,39,28,0,0,SELECT COUNT(*) FROM quotes_daily
40820557,2026-08-14 07:34:13.079722,2.770484,40820557,,0,0,65,0,0,0,0,0.0026,0,36,0,0,"SELECT COUNT(*) AS days_traded, SUM(n_quotes) AS total_quotes, MIN(bp_min) AS lowest_bid, MAX(bp_max) AS highest_bid, MIN(ap_min) AS lowest_ask, MAX(ap_max) AS highest_ask, SUM(spread_sum) / SUM(n_quotes) AS avg_spread, SUM(bs_sum) AS total_bid_volum"
40820557,2026-08-14 07:34:13.079722,2.770484,40820557,quotes_shared.public.mv_tbl__quotes_daily__0,1,1903524,159,0,0,0,0,2.6723,54,7,0,0,"SELECT COUNT(*) AS days_traded, SUM(n_quotes) AS total_quotes, MIN(bp_min) AS lowest_bid, MAX(bp_max) AS highest_bid, MIN(ap_min) AS lowest_ask, MAX(ap_max) AS highest_ask, SUM(spread_sum) / SUM(n_quotes) AS avg_spread, SUM(bs_sum) AS total_bid_volum"
40820564,2026-08-14 07:34:16.892214,0.381836,40820564,,0,0,260,0,0,0,0,0.2851,91,25,0,0,"SELECT sym, COUNT(*) AS days_traded, SUM(n_quotes) AS total_quotes, MIN(bp_min) AS lowest_bid, MAX(bp_max) AS highest_bid, SUM(spread_sum) / SUM(n_quotes) AS avg_spread FROM quotes_daily WHERE sym IN ('AAPL', 'MSFT', 'GOOGL', 'AMZN', 'TSLA', 'META', "
40820564,2026-08-14 07:34:16.892214,0.381836,40820564,quotes_shared.public.mv_tbl__quotes_daily__0,1,1903571,1272,0,0,0,0,0.2814,40,92,0,0,"SELECT sym, COUNT(*) AS days_traded, SUM(n_quotes) AS total_quotes, MIN(bp_min) AS lowest_bid, MAX(bp_max) AS highest_bid, SUM(spread_sum) / SUM(n_quotes) AS avg_spread FROM quotes_daily WHERE sym IN ('AAPL', 'MSFT', 'GOOGL', 'AMZN', 'TSLA', 'META', "
40820572,2026-08-14 07:34:18.051119,0.103642,40820572,,0,0,384185,0,0,0,0,0.0142,12,23,0,0,"SELECT sym, pct_range FROM ( SELECT sym, (MAX(bp_max) - MIN(bp_min)) / MIN(bp_min) * 100 AS pct_range FROM quotes_daily GROUP BY sym ) t ORDER BY ABS(pct_range) DESC LIMIT 20"
40820572,2026-08-14 07:34:18.051119,0.103642,40820572,quotes_shared.public.mv_tbl__quotes_daily__0,1,1903571,1858616,0,0,0,0,0.0099,13,40,0,0,"SELECT sym, pct_range FROM ( SELECT sym, (MAX(bp_max) - MIN(bp_min)) / MIN(bp_min) * 100 AS pct_range FROM quotes_daily GROUP BY sym ) t ORDER BY ABS(pct_range) DESC LIMIT 20"
40820581,2026-08-14 07:34:18.933625,0.618825,40820581,,0,0,6304,0,0,0,0,0.5341,45,28,0,0,"SELECT day, SUM(n_quotes) AS total_quotes, SUM(bs_sum) + SUM(as_sum) AS total_volume, SUM(spread_sum) / SUM(n_quotes) AS avg_spread FROM quotes_daily GROUP BY day ORDER BY day"
40820581,2026-08-14 07:34:18.933625,0.618825,40820581,quotes_shared.public.mv_tbl__quotes_daily__0,1,1903571,1858616,0,0,0,0,0.5298,39,34,0,0,"SELECT day, SUM(n_quotes) AS total_quotes, SUM(bs_sum) + SUM(as_sum) AS total_volume, SUM(spread_sum) / SUM(n_quotes) AS avg_spread FROM quotes_daily GROUP BY day ORDER BY day"
41023621,2026-08-14 07:44:07.123607,4.713865,41023621,,0,0,65,0,0,0,0,0.0037,0,33,0,0,"SELECT COALESCE(SUM(n_quotes), 0) FROM quotes_daily"
41023621,2026-08-14 07:44:07.123607,4.713865,41023621,quotes_shared.public.mv_tbl__quotes_daily__0,1,1903571,1858616,0,0,0,0,1.6111,37,23,0,0,"SELECT COALESCE(SUM(n_quotes), 0) FROM quotes_daily"
41023624,2026-08-14 07:44:11.839316,0.075511,41023624,,0,0,65,0,0,0,0,0.0024,0,17,0,0,SELECT COUNT(*) FROM quotes_daily
41023624,2026-08-14 07:44:11.839316,0.075511,41023624,quotes_shared.public.mv_tbl__quotes_daily__0,1,1903210,1858616,0,0,0,0,0.0020,40,12,0,0,SELECT COUNT(*) FROM quotes_daily
41023627,2026-08-14 07:44:11.916564,2.755842,41023627,,0,0,65,0,0,0,0,0.0032,0,28,0,0,"SELECT COUNT(*) AS days_traded, SUM(n_quotes) AS total_quotes, MIN(bp_min) AS lowest_bid, MAX(bp_max) AS highest_bid, MIN(ap_min) AS lowest_ask, MAX(ap_max) AS highest_ask, SUM(spread_sum) / SUM(n_quotes) AS avg_spread, SUM(bs_sum) AS total_bid_volum"
41023627,2026-08-14 07:44:11.916564,2.755842,41023627,quotes_shared.public.mv_tbl__quotes_daily__0,1,1903524,159,0,0,0,0,2.6710,58,8,0,0,"SELECT COUNT(*) AS days_traded, SUM(n_quotes) AS total_quotes, MIN(bp_min) AS lowest_bid, MAX(bp_max) AS highest_bid, MIN(ap_min) AS lowest_ask, MAX(ap_max) AS highest_ask, SUM(spread_sum) / SUM(n_quotes) AS avg_spread, SUM(bs_sum) AS total_bid_volum"
41023636,2026-08-14 07:44:16.015111,0.349243,41023636,,0,0,251,0,0,0,0,0.2671,91,26,0,0,"SELECT sym, COUNT(*) AS days_traded, SUM(n_quotes) AS total_quotes, MIN(bp_min) AS lowest_bid, MAX(bp_max) AS highest_bid, SUM(spread_sum) / SUM(n_quotes) AS avg_spread FROM quotes_daily WHERE sym IN ('AAPL', 'MSFT', 'GOOGL', 'AMZN', 'TSLA', 'META', "
41023636,2026-08-14 07:44:16.015111,0.349243,41023636,quotes_shared.public.mv_tbl__quotes_daily__0,1,1903571,1272,0,0,0,0,0.2623,38,92,0,0,"SELECT sym, COUNT(*) AS days_traded, SUM(n_quotes) AS total_quotes, MIN(bp_min) AS lowest_bid, MAX(bp_max) AS highest_bid, SUM(spread_sum) / SUM(n_quotes) AS avg_spread FROM quotes_daily WHERE sym IN ('AAPL', 'MSFT', 'GOOGL', 'AMZN', 'TSLA', 'META', "
41023643,2026-08-14 07:44:17.126790,0.090722,41023643,,0,0,384717,0,0,0,0,0.0153,12,28,0,0,"SELECT sym, pct_range FROM ( SELECT sym, (MAX(bp_max) - MIN(bp_min)) / MIN(bp_min) * 100 AS pct_range FROM quotes_daily GROUP BY sym ) t ORDER BY ABS(pct_range) DESC LIMIT 20"
41023643,2026-08-14 07:44:17.126790,0.090722,41023643,quotes_shared.public.mv_tbl__quotes_daily__0,1,1903571,1858616,0,0,0,0,0.0111,27,42,0,0,"SELECT sym, pct_range FROM ( SELECT sym, (MAX(bp_max) - MIN(bp_min)) / MIN(bp_min) * 100 AS pct_range FROM quotes_daily GROUP BY sym ) t ORDER BY ABS(pct_range) DESC LIMIT 20"
41023653,2026-08-14 07:44:17.941382,0.578129,41023653,,0,0,6300,0,0,0,0,0.5082,45,24,0,0,"SELECT day, SUM(n_quotes) AS total_quotes, SUM(bs_sum) + SUM(as_sum) AS total_volume, SUM(spread_sum) / SUM(n_quotes) AS avg_spread FROM quotes_daily GROUP BY day ORDER BY day"
41023653,2026-08-14 07:44:17.941382,0.578129,41023653,quotes_shared.public.mv_tbl__quotes_daily__0,1,1903571,1858616,0,0,0,0,0.5032,36,34,0,0,"SELECT day, SUM(n_quotes) AS total_quotes, SUM(bs_sum) + SUM(as_sum) AS total_volume, SUM(spread_sum) / SUM(n_quotes) AS avg_spread FROM quotes_daily GROUP BY day ORDER BY day"
41226693,2026-08-14 07:54:08.460337,4.378887,41226693,,0,0,65,0,0,0,0,0.0137,0,28,0,0,"SELECT COALESCE(SUM(n_quotes), 0) FROM quotes_daily"
41226693,2026-08-14 07:54:08.460337,4.378887,41226693,quotes_shared.public.mv_tbl__quotes_daily__0,1,1903571,1858616,0,0,0,0,1.2043,63,26,0,0,"SELECT COALESCE(SUM(n_quotes), 0) FROM quotes_daily"
41226695,2026-08-14 07:54:08.460918,4.378172,41226695,,0,0,65,0,0,0,0,0.0102,0,66,0,0,"SELECT COALESCE(SUM(n_quotes), 0) FROM quotes_daily"
41226695,2026-08-14 07:54:08.460918,4.378172,41226695,quotes_shared.public.mv_tbl__quotes_daily__0,1,1903571,1858616,0,0,0,0,1.0790,63,29,0,0,"SELECT COALESCE(SUM(n_quotes), 0) FROM quotes_daily"
41226700,2026-08-14 07:54:12.840793,0.081506,41226700,,0,0,65,0,0,0,0,0.0025,0,33,0,0,SELECT COUNT(*) FROM quotes_daily
41226700,2026-08-14 07:54:12.840793,0.081506,41226700,quotes_shared.public.mv_tbl__quotes_daily__0,1,1903210,1858616,0,0,0,0,0.0017,40,14,0,0,SELECT COUNT(*) FROM quotes_daily
41226699,2026-08-14 07:54:12.841107,0.081208,41226699,,0,0,65,0,0,0,0,0.0041,0,23,0,0,SELECT COUNT(*) FROM quotes_daily
41226699,2026-08-14 07:54:12.841107,0.081208,41226699,quotes_shared.public.mv_tbl__quotes_daily__0,1,1903210,1858616,0,0,0,0,0.0018,47,25,0,0,SELECT COUNT(*) FROM quotes_daily
41226710,2026-08-14 07:54:12.923858,75.375789,41226710,,0,0,268073604,0,0,0,0,71.5425,23,25,0,0,"WITH src AS ( SELECT DATE_TRUNC('hour', TIMESTAMP 'epoch' + t / 1000 * INTERVAL '1 second') AS hour, bp, bs, ap, t FROM quotes_typed WHERE sym = 'AAPL' ), ranked AS ( SELECT hour, bp, bs, ap, ROW_NUMBER() OVER (PARTITION BY hour ORDER BY t ASC) AS rn"
41226710,2026-08-14 07:54:12.923858,75.375789,41226710,quotes_shared.public.mv_tbl__quotes_typed__0,1,8639681209,89357868,0,0,0,0,71.0308,14,3,0,0,"WITH src AS ( SELECT DATE_TRUNC('hour', TIMESTAMP 'epoch' + t / 1000 * INTERVAL '1 second') AS hour, bp, bs, ap, t FROM quotes_typed WHERE sym = 'AAPL' ), ranked AS ( SELECT hour, bp, bs, ap, ROW_NUMBER() OVER (PARTITION BY hour ORDER BY t ASC) AS rn"
41226705,2026-08-14 07:54:12.924000,6.797698,41226705,,0,0,65,0,0,0,0,0.0053,0,30,0,0,"SELECT COUNT(*) AS days_traded, SUM(n_quotes) AS total_quotes, MIN(bp_min) AS lowest_bid, MAX(bp_max) AS highest_bid, MIN(ap_min) AS lowest_ask, MAX(ap_max) AS highest_ask, SUM(spread_sum) / SUM(n_quotes) AS avg_spread, SUM(bs_sum) AS total_bid_volum"
41226705,2026-08-14 07:54:12.924000,6.797698,41226705,quotes_shared.public.mv_tbl__quotes_daily__0,1,1903524,159,0,0,0,0,6.7010,58,7,0,0,"SELECT COUNT(*) AS days_traded, SUM(n_quotes) AS total_quotes, MIN(bp_min) AS lowest_bid, MAX(bp_max) AS highest_bid, MIN(ap_min) AS lowest_ask, MAX(ap_max) AS highest_ask, SUM(spread_sum) / SUM(n_quotes) AS avg_spread, SUM(bs_sum) AS total_bid_volum"
41226720,2026-08-14 07:54:20.763078,0.391286,41226720,,0,0,249,0,0,0,0,0.2899,91,25,0,0,"SELECT sym, COUNT(*) AS days_traded, SUM(n_quotes) AS total_quotes, MIN(bp_min) AS lowest_bid, MAX(bp_max) AS highest_bid, SUM(spread_sum) / SUM(n_quotes) AS avg_spread FROM quotes_daily WHERE sym IN ('AAPL', 'MSFT', 'GOOGL', 'AMZN', 'TSLA', 'META', "
41226720,2026-08-14 07:54:20.763078,0.391286,41226720,quotes_shared.public.mv_tbl__quotes_daily__0,1,1903571,1272,0,0,0,0,0.2829,42,91,0,0,"SELECT sym, COUNT(*) AS days_traded, SUM(n_quotes) AS total_quotes, MIN(bp_min) AS lowest_bid, MAX(bp_max) AS highest_bid, SUM(spread_sum) / SUM(n_quotes) AS avg_spread FROM quotes_daily WHERE sym IN ('AAPL', 'MSFT', 'GOOGL', 'AMZN', 'TSLA', 'META', "
41226727,2026-08-14 07:54:21.923353,0.111299,41226727,,0,0,382066,0,0,0,0,0.0267,12,27,0,0,"SELECT sym, pct_range FROM ( SELECT sym, (MAX(bp_max) - MIN(bp_min)) / MIN(bp_min) * 100 AS pct_range FROM quotes_daily GROUP BY sym ) t ORDER BY ABS(pct_range) DESC LIMIT 20"
41226727,2026-08-14 07:54:21.923353,0.111299,41226727,quotes_shared.public.mv_tbl__quotes_daily__0,1,1903571,1858616,0,0,0,0,0.0191,36,54,0,0,"SELECT sym, pct_range FROM ( SELECT sym, (MAX(bp_max) - MIN(bp_min)) / MIN(bp_min) * 100 AS pct_range FROM quotes_daily GROUP BY sym ) t ORDER BY ABS(pct_range) DESC LIMIT 20"
41226734,2026-08-14 07:54:22.750228,0.59741,41226734,,0,0,6301,0,0,0,0,0.5057,45,39,0,0,"SELECT day, SUM(n_quotes) AS total_quotes, SUM(bs_sum) + SUM(as_sum) AS total_volume, SUM(spread_sum) / SUM(n_quotes) AS avg_spread FROM quotes_daily GROUP BY day ORDER BY day"
41226734,2026-08-14 07:54:22.750228,0.59741,41226734,quotes_shared.public.mv_tbl__quotes_daily__0,1,1903571,1858616,0,0,0,0,0.4997,39,36,0,0,"SELECT day, SUM(n_quotes) AS total_quotes, SUM(bs_sum) + SUM(as_sum) AS total_volume, SUM(spread_sum) / SUM(n_quotes) AS avg_spread FROM quotes_daily GROUP BY day ORDER BY day"
41226774,2026-08-14 07:55:29.092173,41.849631,41226774,,0,0,97,0,0,0,0,0.0699,0,23,0,0,"WITH s AS ( SELECT (ap - bp) AS spread, (bp + ap) / 2.0 AS mid, bs AS bs, ""as"" AS az FROM quotes_typed WHERE sym = 'AAPL' ), agg AS ( SELECT COUNT(*)::float8 AS n, SUM(spread) AS s1, SUM(POWER(spread, 2)) AS s2, SUM(POWER(spread, 3)) AS s3, SUM(POWER"
41226774,2026-08-14 07:55:29.092173,41.849631,41226774,quotes_shared.public.mv_tbl__quotes_typed__0,1,8639681209,89357868,0,0,0,0,41.6808,13,23,0,0,"WITH s AS ( SELECT (ap - bp) AS spread, (bp + ap) / 2.0 AS mid, bs AS bs, ""as"" AS az FROM quotes_typed WHERE sym = 'AAPL' ), agg AS ( SELECT COUNT(*)::float8 AS n, SUM(spread) AS s1, SUM(POWER(spread, 2)) AS s2, SUM(POWER(spread, 3)) AS s3, SUM(POWER"
41226803,2026-08-14 07:56:11.744911,64.574341,41226803,,0,0,268073604,0,0,0,0,61.9848,23,32,0,0,"WITH src AS ( SELECT DATE_TRUNC('hour', TIMESTAMP 'epoch' + payload.t::bigint / 1000 * INTERVAL '1 second') AS hour, payload.bp::float8 AS bp, payload.bs::bigint AS bs, payload.ap::float8 AS ap, payload.t::bigint AS t FROM quotes_streamed WHERE sym ="
41226803,2026-08-14 07:56:11.744911,64.574341,41226803,quotes_shared.public.mv_tbl__quotes_streamed__0,1,13046012696,89357868,0,0,0,0,60.9996,7,1,0,0,"WITH src AS ( SELECT DATE_TRUNC('hour', TIMESTAMP 'epoch' + payload.t::bigint / 1000 * INTERVAL '1 second') AS hour, payload.bp::float8 AS bp, payload.bs::bigint AS bs, payload.ap::float8 AS ap, payload.t::bigint AS t FROM quotes_streamed WHERE sym ="
41226841,2026-08-14 07:57:17.099834,42.287862,41226841,,0,0,97,0,0,0,0,0.0798,0,25,0,0,"WITH s AS ( SELECT (payload.ap::float8 - payload.bp::float8) AS spread, (payload.bp::float8 + payload.ap::float8) / 2.0 AS mid, payload.bs::bigint AS bs, payload.""as""::bigint AS az FROM quotes_streamed WHERE sym = 'AAPL' ), agg AS ( SELECT COUNT(*)::"
41226841,2026-08-14 07:57:17.099834,42.287862,41226841,quotes_shared.public.mv_tbl__quotes_streamed__0,1,13046012696,89357868,0,0,0,0,42.1358,8,12,0,0,"WITH s AS ( SELECT (payload.ap::float8 - payload.bp::float8) AS spread, (payload.bp::float8 + payload.ap::float8) / 2.0 AS mid, payload.bs::bigint AS bs, payload.""as""::bigint AS az FROM quotes_streamed WHERE sym = 'AAPL' ), agg AS ( SELECT COUNT(*)::"
41429765,2026-08-14 08:04:22.662853,4.792093,41429765,,0,0,65,0,0,0,0,0.0030,0,48,0,0,"SELECT COALESCE(SUM(n_quotes), 0) FROM quotes_daily"
41429765,2026-08-14 08:04:22.662853,4.792093,41429765,quotes_shared.public.mv_tbl__quotes_daily__0,1,1903571,1858616,0,0,0,0,1.3497,38,18,0,0,"SELECT COALESCE(SUM(n_quotes), 0) FROM quotes_daily"
41429768,2026-08-14 08:04:27.457122,0.078197,41429768,,0,0,65,0,0,0,0,0.0024,0,26,0,0,SELECT COUNT(*) FROM quotes_daily
41429768,2026-08-14 08:04:27.457122,0.078197,41429768,quotes_shared.public.mv_tbl__quotes_daily__0,1,1903210,1858616,0,0,0,0,0.0015,49,11,0,0,SELECT COUNT(*) FROM quotes_daily
41429771,2026-08-14 08:04:27.537257,2.964906,41429771,,0,0,65,0,0,0,0,0.0030,0,32,0,0,"SELECT COUNT(*) AS days_traded, SUM(n_quotes) AS total_quotes, MIN(bp_min) AS lowest_bid, MAX(bp_max) AS highest_bid, MIN(ap_min) AS lowest_ask, MAX(ap_max) AS highest_ask, SUM(spread_sum) / SUM(n_quotes) AS avg_spread, SUM(bs_sum) AS total_bid_volum"
41429771,2026-08-14 08:04:27.537257,2.964906,41429771,quotes_shared.public.mv_tbl__quotes_daily__0,1,1903524,159,0,0,0,0,2.8788,58,10,0,0,"SELECT COUNT(*) AS days_traded, SUM(n_quotes) AS total_quotes, MIN(bp_min) AS lowest_bid, MAX(bp_max) AS highest_bid, MIN(ap_min) AS lowest_ask, MAX(ap_max) AS highest_ask, SUM(spread_sum) / SUM(n_quotes) AS avg_spread, SUM(bs_sum) AS total_bid_volum"
41429778,2026-08-14 08:04:31.534501,0.428164,41429778,,0,0,260,0,0,0,0,0.3420,91,30,0,0,"SELECT sym, COUNT(*) AS days_traded, SUM(n_quotes) AS total_quotes, MIN(bp_min) AS lowest_bid, MAX(bp_max) AS highest_bid, SUM(spread_sum) / SUM(n_quotes) AS avg_spread FROM quotes_daily WHERE sym IN ('AAPL', 'MSFT', 'GOOGL', 'AMZN', 'TSLA', 'META', "
41429778,2026-08-14 08:04:31.534501,0.428164,41429778,quotes_shared.public.mv_tbl__quotes_daily__0,1,1903571,1272,0,0,0,0,0.3372,40,92,0,0,"SELECT sym, COUNT(*) AS days_traded, SUM(n_quotes) AS total_quotes, MIN(bp_min) AS lowest_bid, MAX(bp_max) AS highest_bid, SUM(spread_sum) / SUM(n_quotes) AS avg_spread FROM quotes_daily WHERE sym IN ('AAPL', 'MSFT', 'GOOGL', 'AMZN', 'TSLA', 'META', "
41429785,2026-08-14 08:04:32.675246,0.0924,41429785,,0,0,373422,0,0,0,0,0.0164,12,22,0,0,"SELECT sym, pct_range FROM ( SELECT sym, (MAX(bp_max) - MIN(bp_min)) / MIN(bp_min) * 100 AS pct_range FROM quotes_daily GROUP BY sym ) t ORDER BY ABS(pct_range) DESC LIMIT 20"
41429785,2026-08-14 08:04:32.675246,0.0924,41429785,quotes_shared.public.mv_tbl__quotes_daily__0,1,1903571,1858616,0,0,0,0,0.0102,22,33,0,0,"SELECT sym, pct_range FROM ( SELECT sym, (MAX(bp_max) - MIN(bp_min)) / MIN(bp_min) * 100 AS pct_range FROM quotes_daily GROUP BY sym ) t ORDER BY ABS(pct_range) DESC LIMIT 20"
41429794,2026-08-14 08:04:33.452542,0.732156,41429794,,0,0,6302,0,0,0,0,0.6532,45,20,0,0,"SELECT day, SUM(n_quotes) AS total_quotes, SUM(bs_sum) + SUM(as_sum) AS total_volume, SUM(spread_sum) / SUM(n_quotes) AS avg_spread FROM quotes_daily GROUP BY day ORDER BY day"
41429794,2026-08-14 08:04:33.452542,0.732156,41429794,quotes_shared.public.mv_tbl__quotes_daily__0,1,1903571,1858616,0,0,0,0,0.6488,46,44,0,0,"SELECT day, SUM(n_quotes) AS total_quotes, SUM(bs_sum) + SUM(as_sum) AS total_volume, SUM(spread_sum) / SUM(n_quotes) AS avg_spread FROM quotes_daily GROUP BY day ORDER BY day"
