table_name,table_id,vacuum_type,is_automatic,status,start_time,end_time,duration_seconds,rows_before_vacuum,size_before_vacuum,sortedrows_before_vacuum,sortedrows_after_vacuum
mv_tbl__quotes_daily__0                                                                                                                 ,230009,Delete                        ,t,[VacuumBG] Started Delete Only,2026-08-12 16:57:13.105127,,0.0,17785,2114,8867,0
mv_tbl__quotes_daily__0                                                                                                                 ,230009,Delete                        ,t,[VacuumBG] Finished           ,2026-08-12 16:57:13.105127,2026-08-12 16:57:14.574989,1.469862,9236,2116,8867,318
mv_tbl__quotes_daily__0                                                                                                                 ,230009,Delete                        ,t,[VacuumBG] Started Delete Only,2026-08-12 16:58:42.562757,,0.0,27264,2114,318,0
mv_tbl__quotes_daily__0                                                                                                                 ,230009,Delete                        ,t,[VacuumBG] Finished           ,2026-08-12 16:58:42.562757,2026-08-12 16:58:46.162066,3.599309,18460,2116,318,199
mv_tbl__quotes_daily__0                                                                                                                 ,230009,Delete                        ,t,[VacuumBG] Finished           ,2026-08-12 17:00:14.606564,2026-08-12 17:00:18.735033,4.128469,9609,2116,199,131
mv_tbl__quotes_daily__0                                                                                                                 ,230009,Delete                        ,t,[VacuumBG] Started Delete Only,2026-08-12 17:00:14.606564,,0.0,27573,2114,199,0
mv_tbl__quotes_daily__0                                                                                                                 ,230009,Delete                        ,t,[VacuumBG] Started Delete Only,2026-08-12 17:01:42.079923,,0.0,27877,2114,131,0
mv_tbl__quotes_daily__0                                                                                                                 ,230009,Delete                        ,t,[VacuumBG] Finished           ,2026-08-12 17:01:42.079923,2026-08-12 17:01:46.334713,4.25479,9732,2116,131,97
mv_tbl__quotes_daily__0                                                                                                                 ,230009,Delete                        ,t,[VacuumBG] Started Delete Only,2026-08-12 17:03:13.926773,,0.0,18707,2114,97,0
mv_tbl__quotes_daily__0                                                                                                                 ,230009,Delete                        ,t,[VacuumBG] Finished           ,2026-08-12 17:03:13.926773,2026-08-12 17:03:17.818187,3.891414,9768,2116,97,96
mv_tbl__quotes_daily__0                                                                                                                 ,230009,Delete                        ,t,[VacuumBG] Started Delete Only,2026-08-12 17:04:42.011790,,0.0,28035,2114,96,0
mv_tbl__quotes_daily__0                                                                                                                 ,230009,Delete                        ,t,[VacuumBG] Finished           ,2026-08-12 17:04:42.011790,2026-08-12 17:04:45.439141,3.427351,9841,2116,96,85
mv_tbl__quotes_daily__0                                                                                                                 ,230009,Delete                        ,t,[VacuumBG] Finished           ,2026-08-12 17:06:12.208904,2026-08-12 17:06:15.361924,3.15302,9878,2116,85,85
mv_tbl__quotes_daily__0                                                                                                                 ,230009,Delete                        ,t,[VacuumBG] Started Delete Only,2026-08-12 17:06:12.208904,,0.0,18975,2114,85,0
mv_tbl__quotes_daily__0                                                                                                                 ,230009,Delete                        ,t,[VacuumBG] Finished           ,2026-08-12 17:07:42.092692,2026-08-12 17:07:45.636848,3.544156,19400,2231,85,77
mv_tbl__quotes_daily__0                                                                                                                 ,230009,Delete                        ,t,[VacuumBG] Started Delete Only,2026-08-12 17:07:42.092692,,0.0,28632,2229,85,0
mv_tbl__quotes_daily__0                                                                                                                 ,230009,Delete                        ,t,[VacuumBG] Finished           ,2026-08-12 17:09:12.302390,2026-08-12 17:09:14.827269,2.524879,16736,2530,77,47
mv_tbl__quotes_daily__0                                                                                                                 ,230009,Delete                        ,t,[VacuumBG] Started Delete Only,2026-08-12 17:09:12.302390,,0.0,35535,2528,77,0
mv_tbl__quotes_daily__0                                                                                                                 ,230009,Delete                        ,t,[VacuumBG] Finished           ,2026-08-12 17:10:43.614754,2026-08-12 17:10:46.174719,2.559965,19213,2530,47,47
mv_tbl__quotes_daily__0                                                                                                                 ,230009,Delete                        ,t,[VacuumBG] Started Delete Only,2026-08-12 17:10:43.614754,,0.0,34263,2528,47,0
mv_tbl__quotes_daily__0                                                                                                                 ,230009,Delete                        ,t,[VacuumBG] Started Delete Only,2026-08-12 17:12:12.233693,,0.0,28128,2528,47,0
mv_tbl__quotes_daily__0                                                                                                                 ,230009,Delete                        ,t,[VacuumBG] Finished           ,2026-08-12 17:12:12.233693,2026-08-12 17:12:14.903965,2.670272,19468,2530,47,47
mv_tbl__quotes_daily__0                                                                                                                 ,230009,Delete                        ,t,[VacuumBG] Finished           ,2026-08-12 17:13:42.099191,2026-08-12 17:13:45.050894,2.951703,19662,2530,47,47
mv_tbl__quotes_daily__0                                                                                                                 ,230009,Delete                        ,t,[VacuumBG] Started Delete Only,2026-08-12 17:13:42.099191,,0.0,37604,2528,47,0
mv_tbl__quotes_daily__0                                                                                                                 ,230009,Delete                        ,t,[VacuumBG] Finished           ,2026-08-12 17:15:13.555046,2026-08-12 17:15:16.282437,2.727391,19749,2530,47,47
mv_tbl__quotes_daily__0                                                                                                                 ,230009,Delete                        ,t,[VacuumBG] Started Delete Only,2026-08-12 17:15:13.555046,,0.0,28842,2528,47,0
mv_tbl__quotes_daily__0                                                                                                                 ,230009,Delete                        ,t,[VacuumBG] Started Delete Only,2026-08-12 17:16:43.032304,,0.0,38106,2528,47,0
mv_tbl__quotes_daily__0                                                                                                                 ,230009,Delete                        ,t,[VacuumBG] Finished           ,2026-08-12 17:16:43.032304,2026-08-12 17:16:45.788603,2.756299,29003,2530,47,47
mv_tbl__quotes_daily__0                                                                                                                 ,230009,Delete                        ,t,[VacuumBG] Finished           ,2026-08-12 17:18:12.258313,2026-08-12 17:18:14.804542,2.546229,19907,2530,47,47
mv_tbl__quotes_daily__0                                                                                                                 ,230009,Delete                        ,t,[VacuumBG] Started Delete Only,2026-08-12 17:18:12.258313,,0.0,38173,2528,47,0
mv_tbl__quotes_daily__0                                                                                                                 ,230009,Delete                        ,t,[VacuumBG] Finished           ,2026-08-12 17:19:42.712468,2026-08-12 17:19:46.120058,3.40759,29276,2530,47,47
mv_tbl__quotes_daily__0                                                                                                                 ,230009,Delete                        ,t,[VacuumBG] Started Delete Only,2026-08-12 17:19:42.712468,,0.0,38478,2528,47,0
mv_tbl__quotes_daily__0                                                                                                                 ,230009,Delete                        ,t,[VacuumBG] Finished           ,2026-08-12 17:21:12.355004,2026-08-12 17:21:15.244727,2.889723,20014,2530,47,47
mv_tbl__quotes_daily__0                                                                                                                 ,230009,Delete                        ,t,[VacuumBG] Started Delete Only,2026-08-12 17:21:12.355004,,0.0,38638,2528,47,0
mv_tbl__quotes_daily__0                                                                                                                 ,230009,Delete                        ,t,[VacuumBG] Started Delete Only,2026-08-12 17:22:43.506616,,0.0,52123,2988,47,0
mv_tbl__quotes_daily__0                                                                                                                 ,230009,Delete                        ,t,[VacuumBG] Finished           ,2026-08-12 17:22:43.506616,2026-08-12 17:22:46.367283,2.860667,42591,2990,47,47
mv_tbl__quotes_daily__0                                                                                                                 ,230009,Delete                        ,t,[VacuumBG] Started Delete Only,2026-08-12 17:24:14.103908,,0.0,51567,2988,47,0
mv_tbl__quotes_daily__0                                                                                                                 ,230009,Delete                        ,t,[VacuumBG] Finished           ,2026-08-12 17:24:14.103908,2026-08-12 17:24:17.536083,3.432175,33783,2990,47,47
mv_tbl__quotes_daily__0                                                                                                                 ,230009,Delete                        ,t,[VacuumBG] Started Delete Only,2026-08-12 17:25:42.355208,,0.0,52201,2988,47,0
mv_tbl__quotes_daily__0                                                                                                                 ,230009,Delete                        ,t,[VacuumBG] Finished           ,2026-08-12 17:25:42.355208,2026-08-12 17:25:46.358249,4.003041,34133,2990,47,47
mv_tbl__quotes_daily__0                                                                                                                 ,230009,Delete                        ,t,[VacuumBG] Finished           ,2026-08-12 17:27:12.419175,2026-08-12 17:27:16.556010,4.136835,34255,2990,47,47
mv_tbl__quotes_daily__0                                                                                                                 ,230009,Delete                        ,t,[VacuumBG] Started Delete Only,2026-08-12 17:27:12.419175,,0.0,43414,2988,47,0
mv_tbl__quotes_daily__0                                                                                                                 ,230009,Delete                        ,t,[VacuumBG] Finished           ,2026-08-12 17:28:43.488734,2026-08-12 17:28:46.911656,3.422922,34370,2990,47,47
mv_tbl__quotes_daily__0                                                                                                                 ,230009,Delete                        ,t,[VacuumBG] Started Delete Only,2026-08-12 17:28:43.488734,,0.0,52943,2988,47,0
mv_tbl__quotes_daily__0                                                                                                                 ,230009,Delete                        ,t,[VacuumBG] Finished           ,2026-08-12 17:30:13.143480,2026-08-12 17:30:16.374193,3.230713,34448,2988,47,47
mv_tbl__quotes_daily__0                                                                                                                 ,230009,Delete                        ,t,[VacuumBG] Started Delete Only,2026-08-12 17:30:13.143480,,0.0,43811,2988,47,0
mv_tbl__quotes_daily__0                                                                                                                 ,230009,Delete                        ,t,[VacuumBG] Started Delete Only,2026-08-12 17:31:47.253158,,0.0,53493,2988,47,0
mv_tbl__quotes_daily__0                                                                                                                 ,230009,Delete                        ,t,[VacuumBG] Finished           ,2026-08-12 17:31:47.253158,2026-08-12 17:31:50.927666,3.674508,34526,2990,47,47
mv_tbl__quotes_daily__0                                                                                                                 ,230009,Delete                        ,t,[VacuumBG] Started Delete Only,2026-08-12 17:33:13.057782,,0.0,51357,2988,47,0
mv_tbl__quotes_daily__0                                                                                                                 ,230009,Delete                        ,t,[VacuumBG] Finished           ,2026-08-12 17:33:13.057782,2026-08-12 17:33:16.593094,3.535312,41731,2990,47,47
mv_tbl__quotes_daily__0                                                                                                                 ,230009,Delete                        ,t,[VacuumBG] Started Delete Only,2026-08-12 17:34:42.501998,,0.0,59701,2988,47,0
mv_tbl__quotes_daily__0                                                                                                                 ,230009,Delete                        ,t,[VacuumBG] Finished           ,2026-08-12 17:34:42.501998,2026-08-12 17:34:46.491171,3.989173,52738,2990,47,47
mv_tbl__quotes_daily__0                                                                                                                 ,230009,Delete                        ,t,[VacuumBG] Started Delete Only,2026-08-12 17:36:12.355933,,0.0,61876,2989,47,0
mv_tbl__quotes_daily__0                                                                                                                 ,230009,Delete                        ,t,[VacuumBG] Finished           ,2026-08-12 17:36:12.355933,2026-08-12 17:36:15.995899,3.639966,44171,2990,47,47
mv_tbl__quotes_daily__0                                                                                                                 ,230009,Delete                        ,t,[VacuumBG] Started Delete Only,2026-08-12 17:37:42.841760,,0.0,62572,2988,47,0
mv_tbl__quotes_daily__0                                                                                                                 ,230009,Delete                        ,t,[VacuumBG] Finished           ,2026-08-12 17:37:42.841760,2026-08-12 17:37:46.798674,3.956914,53585,2990,47,47
mv_tbl__quotes_daily__0                                                                                                                 ,230009,Delete                        ,t,[VacuumBG] Started Delete Only,2026-08-12 17:39:12.939793,,0.0,72064,2988,47,0
mv_tbl__quotes_daily__0                                                                                                                 ,230009,Delete                        ,t,[VacuumBG] Finished           ,2026-08-12 17:39:12.939793,2026-08-12 17:39:15.929089,2.989296,44510,2990,47,47
mv_tbl__quotes_daily__0                                                                                                                 ,230009,Delete                        ,t,[VacuumBG] Finished           ,2026-08-12 17:40:42.548229,2026-08-12 17:40:47.691028,5.142799,44603,2990,47,47
mv_tbl__quotes_daily__0                                                                                                                 ,230009,Delete                        ,t,[VacuumBG] Started Delete Only,2026-08-12 17:40:42.548229,,0.0,53785,2988,47,0
mv_tbl__quotes_daily__0                                                                                                                 ,230009,Delete                        ,t,[VacuumBG] Finished           ,2026-08-12 17:42:14.207094,2026-08-12 17:42:17.577988,3.370894,44641,2988,47,47
mv_tbl__quotes_daily__0                                                                                                                 ,230009,Delete                        ,t,[VacuumBG] Started Delete Only,2026-08-12 17:42:14.207094,,0.0,54006,2988,47,0
mv_tbl__quotes_daily__0                                                                                                                 ,230009,Delete                        ,t,[VacuumBG] Started Delete Only,2026-08-12 17:43:42.410884,,0.0,70617,2988,47,0
mv_tbl__quotes_daily__0                                                                                                                 ,230009,Delete                        ,t,[VacuumBG] Finished           ,2026-08-12 17:43:42.410884,2026-08-12 17:43:46.324555,3.913671,61145,2990,47,47
mv_tbl__quotes_daily__0                                                                                                                 ,230009,Delete                        ,t,[VacuumBG] Started Delete Only,2026-08-12 17:45:12.449220,,0.0,78509,2988,47,0
mv_tbl__quotes_daily__0                                                                                                                 ,230009,Delete                        ,t,[VacuumBG] Finished           ,2026-08-12 17:45:12.449220,2026-08-12 17:45:16.362661,3.913441,53789,2990,47,47
mv_tbl__quotes_daily__0                                                                                                                 ,230009,Delete                        ,t,[VacuumBG] Started Delete Only,2026-08-12 17:46:42.451543,,0.0,71849,2988,47,0
mv_tbl__quotes_daily__0                                                                                                                 ,230009,Delete                        ,t,[VacuumBG] Finished           ,2026-08-12 17:46:42.451543,2026-08-12 17:46:46.559015,4.107472,54406,2990,47,47
mv_tbl__quotes_daily__0                                                                                                                 ,230009,Delete                        ,t,[VacuumBG] Started Delete Only,2026-08-12 17:48:12.561766,,0.0,63523,2988,47,0
mv_tbl__quotes_daily__0                                                                                                                 ,230009,Delete                        ,t,[VacuumBG] Finished           ,2026-08-12 17:48:12.561766,2026-08-12 17:48:16.977036,4.41527,54497,2990,47,47
mv_tbl__quotes_daily__0                                                                                                                 ,230009,Delete                        ,t,[VacuumBG] Started Delete Only,2026-08-12 17:49:44.424724,,0.0,72922,2988,47,0
mv_tbl__quotes_daily__0                                                                                                                 ,230009,Delete                        ,t,[VacuumBG] Finished           ,2026-08-12 17:49:44.424724,2026-08-12 17:49:47.675727,3.251003,54629,2990,47,47
mv_tbl__quotes_daily__0                                                                                                                 ,230009,Delete                        ,t,[VacuumBG] Started Delete Only,2026-08-12 17:51:13.049978,,0.0,63846,2989,47,0
mv_tbl__quotes_daily__0                                                                                                                 ,230009,Delete                        ,t,[VacuumBG] Finished           ,2026-08-12 17:51:13.049978,2026-08-12 17:51:15.594539,2.544561,54667,2989,47,47
mv_tbl__quotes_daily__0                                                                                                                 ,230009,Delete                        ,t,[VacuumBG] Started Delete Only,2026-08-12 17:52:43.694816,,0.0,73023,2988,47,0
mv_tbl__quotes_daily__0                                                                                                                 ,230009,Delete                        ,t,[VacuumBG] Finished           ,2026-08-12 17:52:43.694816,2026-08-12 17:52:46.950786,3.25597,54672,2990,47,47
mv_tbl__quotes_daily__0                                                                                                                 ,230009,Delete                        ,t,[VacuumBG] Started Delete Only,2026-08-12 17:54:15.756239,,0.0,63880,2988,47,0
mv_tbl__quotes_daily__0                                                                                                                 ,230009,Delete                        ,t,[VacuumBG] Finished           ,2026-08-12 17:54:15.756239,2026-08-12 17:54:19.750610,3.994371,54773,2990,47,47
mv_tbl__quotes_daily__0                                                                                                                 ,230009,Delete                        ,t,[VacuumBG] Started Delete Only,2026-08-12 17:55:42.569832,,0.0,73454,2988,47,0
mv_tbl__quotes_daily__0                                                                                                                 ,230009,Delete                        ,t,[VacuumBG] Finished           ,2026-08-12 17:55:42.569832,2026-08-12 17:55:47.833343,5.263511,64194,2990,47,47
mv_tbl__quotes_daily__0                                                                                                                 ,230009,Delete                        ,t,[VacuumBG] Started Delete Only,2026-08-12 17:57:14.222845,,0.0,80135,2988,47,0
mv_tbl__quotes_daily__0                                                                                                                 ,230009,Delete                        ,t,[VacuumBG] Finished           ,2026-08-12 17:57:14.222845,2026-08-12 17:57:18.187927,3.965082,61233,2990,47,47
mv_tbl__quotes_daily__0                                                                                                                 ,230009,Delete                        ,t,[VacuumBG] Started Delete Only,2026-08-12 17:58:42.672160,,0.0,79041,2988,47,0
mv_tbl__quotes_daily__0                                                                                                                 ,230009,Delete                        ,t,[VacuumBG] Finished           ,2026-08-12 17:58:42.672160,2026-08-12 17:58:46.609636,3.937476,72996,2990,47,47
mv_tbl__quotes_daily__0                                                                                                                 ,230009,Delete                        ,t,[VacuumBG] Finished           ,2026-08-12 18:00:14.144210,2026-08-12 18:00:18.362387,4.218177,64476,2990,47,47
mv_tbl__quotes_daily__0                                                                                                                 ,230009,Delete                        ,t,[VacuumBG] Started Delete Only,2026-08-12 18:00:14.144210,,0.0,82137,2988,47,0
mv_tbl__quotes_daily__0                                                                                                                 ,230009,Delete                        ,t,[VacuumBG] Finished           ,2026-08-12 18:01:43.202730,2026-08-12 18:01:47.767756,4.565026,64729,2990,47,47
mv_tbl__quotes_daily__0                                                                                                                 ,230009,Delete                        ,t,[VacuumBG] Started Delete Only,2026-08-12 18:01:43.202730,,0.0,82878,2988,47,0
mv_tbl__quotes_daily__0                                                                                                                 ,230009,Delete                        ,t,[VacuumBG] Finished           ,2026-08-12 18:03:16.064034,2026-08-12 18:03:20.083557,4.019523,64827,2990,47,47
mv_tbl__quotes_daily__0                                                                                                                 ,230009,Delete                        ,t,[VacuumBG] Started Delete Only,2026-08-12 18:03:16.064034,,0.0,74053,2988,47,0
mv_tbl__quotes_daily__0                                                                                                                 ,230009,Delete                        ,t,[VacuumBG] Finished           ,2026-08-12 18:04:43.907528,2026-08-12 18:04:47.210980,3.303452,64866,2990,47,47
mv_tbl__quotes_daily__0                                                                                                                 ,230009,Delete                        ,t,[VacuumBG] Started Delete Only,2026-08-12 18:04:43.907528,,0.0,83409,2988,47,0
mv_tbl__quotes_daily__0                                                                                                                 ,230009,Delete                        ,t,[VacuumBG] Started Delete Only,2026-08-12 18:06:12.761588,,0.0,74207,2988,47,0
mv_tbl__quotes_daily__0                                                                                                                 ,230009,Delete                        ,t,[VacuumBG] Finished           ,2026-08-12 18:06:12.761588,2026-08-12 18:06:16.669824,3.908236,64953,2990,47,47
mv_tbl__quotes_daily__0                                                                                                                 ,230009,Delete                        ,t,[VacuumBG] Started Delete Only,2026-08-12 18:07:42.833885,,0.0,85469,2988,47,0
mv_tbl__quotes_daily__0                                                                                                                 ,230009,Delete                        ,t,[VacuumBG] Finished           ,2026-08-12 18:07:42.833885,2026-08-12 18:07:46.661076,3.827191,66401,2990,47,47
mv_tbl__quotes_daily__0                                                                                                                 ,230009,Delete                        ,t,[VacuumBG] Started Delete Only,2026-08-12 18:09:13.095309,,0.0,93552,2988,47,0
mv_tbl__quotes_daily__0                                                                                                                 ,230009,Delete                        ,t,[VacuumBG] Finished           ,2026-08-12 18:09:13.095309,2026-08-12 18:09:17.706924,4.611615,83101,2990,47,47
mv_tbl__quotes_daily__0                                                                                                                 ,230009,Delete                        ,t,[VacuumBG] Started Delete Only,2026-08-12 18:10:42.745065,,0.0,92135,2988,47,0
mv_tbl__quotes_daily__0                                                                                                                 ,230009,Delete                        ,t,[VacuumBG] Finished           ,2026-08-12 18:10:42.745065,2026-08-12 18:10:46.554032,3.808967,74741,2990,47,47
mv_tbl__quotes_daily__0                                                                                                                 ,230009,Delete                        ,t,[VacuumBG] Started Delete Only,2026-08-12 18:12:13.211101,,0.0,83927,2989,47,0
mv_tbl__quotes_daily__0                                                                                                                 ,230009,Delete                        ,t,[VacuumBG] Finished           ,2026-08-12 18:12:13.211101,2026-08-12 18:12:17.075399,3.864298,74795,2989,47,47
mv_tbl__quotes_daily__0                                                                                                                 ,230009,Delete                        ,t,[VacuumBG] Finished           ,2026-08-12 18:13:42.859068,2026-08-12 18:13:46.734327,3.875259,84255,2990,47,47
mv_tbl__quotes_daily__0                                                                                                                 ,230009,Delete                        ,t,[VacuumBG] Started Delete Only,2026-08-12 18:13:42.859068,,0.0,93415,2988,47,0
mv_tbl__quotes_daily__0                                                                                                                 ,230009,Delete                        ,t,[VacuumBG] Finished           ,2026-08-12 18:15:13.726743,2026-08-12 18:15:17.989161,4.262418,74981,2990,47,47
mv_tbl__quotes_daily__0                                                                                                                 ,230009,Delete                        ,t,[VacuumBG] Started Delete Only,2026-08-12 18:15:13.726743,,0.0,93597,2988,47,0
mv_tbl__quotes_daily__0                                                                                                                 ,230009,Delete                        ,t,[VacuumBG] Started Delete Only,2026-08-12 18:16:44.323488,,0.0,93833,2988,47,0
mv_tbl__quotes_daily__0                                                                                                                 ,230009,Delete                        ,t,[VacuumBG] Finished           ,2026-08-12 18:16:44.323488,2026-08-12 18:16:48.209406,3.885918,75159,2990,47,47
mv_tbl__quotes_daily__0                                                                                                                 ,230009,Delete                        ,t,[VacuumBG] Started Delete Only,2026-08-12 18:18:14.010492,,0.0,84696,2988,47,0
mv_tbl__quotes_daily__0                                                                                                                 ,230009,Delete                        ,t,[VacuumBG] Finished           ,2026-08-12 18:18:14.010492,2026-08-12 18:18:17.356701,3.346209,75219,2990,47,47
mv_tbl__quotes_daily__0                                                                                                                 ,230009,Delete                        ,t,[VacuumBG] Finished           ,2026-08-12 18:19:42.907073,2026-08-12 18:19:47.352261,4.445188,89032,2990,47,47
mv_tbl__quotes_daily__0                                                                                                                 ,230009,Delete                        ,t,[VacuumBG] Started Delete Only,2026-08-12 18:19:42.907073,,0.0,106872,2988,47,0
mv_tbl__quotes_daily__0                                                                                                                 ,230009,Delete                        ,t,[VacuumBG] Finished           ,2026-08-12 18:21:12.954640,2026-08-12 18:21:16.723241,3.768601,89307,2990,47,47
mv_tbl__quotes_daily__0                                                                                                                 ,230009,Delete                        ,t,[VacuumBG] Started Delete Only,2026-08-12 18:21:12.954640,,0.0,98047,2988,47,0
mv_tbl__quotes_daily__0                                                                                                                 ,230009,Delete                        ,t,[VacuumBG] Started Delete Only,2026-08-12 18:22:44.030765,,0.0,107758,2988,47,0
mv_tbl__quotes_daily__0                                                                                                                 ,230009,Delete                        ,t,[VacuumBG] Finished           ,2026-08-12 18:22:44.030765,2026-08-12 18:22:48.027891,3.997126,89608,2990,47,47
mv_tbl__quotes_daily__0                                                                                                                 ,230009,Delete                        ,t,[VacuumBG] Started Delete Only,2026-08-12 18:24:12.874717,,0.0,99021,2989,47,0
mv_tbl__quotes_daily__0                                                                                                                 ,230009,Delete                        ,t,[VacuumBG] Finished           ,2026-08-12 18:24:12.874717,2026-08-12 18:24:15.429380,2.554663,89756,2989,47,47
mv_tbl__quotes_daily__0                                                                                                                 ,230009,Delete                        ,t,[VacuumBG] Started Delete Only,2026-08-12 18:25:42.934768,,0.0,108637,2988,47,0
mv_tbl__quotes_daily__0                                                                                                                 ,230009,Delete                        ,t,[VacuumBG] Finished           ,2026-08-12 18:25:42.934768,2026-08-12 18:25:47.375572,4.440804,89836,2990,47,47
mv_tbl__quotes_daily__0                                                                                                                 ,230009,Delete                        ,t,[VacuumBG] Started Delete Only,2026-08-12 18:27:13.004940,,0.0,99260,2988,47,0
mv_tbl__quotes_daily__0                                                                                                                 ,230009,Delete                        ,t,[VacuumBG] Finished           ,2026-08-12 18:27:13.004940,2026-08-12 18:27:17.151419,4.146479,89896,2990,47,47
mv_tbl__quotes_daily__0                                                                                                                 ,230009,Delete                        ,t,[VacuumBG] Started Delete Only,2026-08-12 18:28:44.670091,,0.0,109077,2988,47,0
mv_tbl__quotes_daily__0                                                                                                                 ,230009,Delete                        ,t,[VacuumBG] Finished           ,2026-08-12 18:28:44.670091,2026-08-12 18:28:48.478066,3.807975,90036,2990,47,47
mv_tbl__quotes_daily__0                                                                                                                 ,230009,Delete                        ,t,[VacuumBG] Finished           ,2026-08-12 18:30:14.134716,2026-08-12 18:30:17.773315,3.638599,99298,2990,47,47
mv_tbl__quotes_daily__0                                                                                                                 ,230009,Delete                        ,t,[VacuumBG] Started Delete Only,2026-08-12 18:30:14.134716,,0.0,117350,2988,47,0
mv_tbl__quotes_daily__0                                                                                                                 ,230009,Delete                        ,t,[VacuumBG] Finished           ,2026-08-12 18:31:44.153581,2026-08-12 18:31:48.323698,4.170117,99539,2990,47,47
mv_tbl__quotes_daily__0                                                                                                                 ,230009,Delete                        ,t,[VacuumBG] Started Delete Only,2026-08-12 18:31:44.153581,,0.0,108300,2988,47,0
mv_tbl__quotes_daily__0                                                                                                                 ,230009,Delete                        ,t,[VacuumBG] Started Delete Only,2026-08-12 18:33:14.055340,,0.0,108639,2988,47,0
mv_tbl__quotes_daily__0                                                                                                                 ,230009,Delete                        ,t,[VacuumBG] Finished           ,2026-08-12 18:33:14.055340,2026-08-12 18:33:17.764362,3.709022,99713,2990,47,47
mv_tbl__quotes_daily__0                                                                                                                 ,230009,Delete                        ,t,[VacuumBG] Started Delete Only,2026-08-12 18:34:43.704588,,0.0,118189,2988,47,0
mv_tbl__quotes_daily__0                                                                                                                 ,230009,Delete                        ,t,[VacuumBG] Finished           ,2026-08-12 18:34:43.704588,2026-08-12 18:34:47.876755,4.172167,99908,2990,47,47
mv_tbl__quotes_daily__0                                                                                                                 ,230009,Delete                        ,t,[VacuumBG] Finished           ,2026-08-12 18:36:13.958777,2026-08-12 18:36:17.825349,3.866572,99973,2990,47,47
mv_tbl__quotes_daily__0                                                                                                                 ,230009,Delete                        ,t,[VacuumBG] Started Delete Only,2026-08-12 18:36:13.958777,,0.0,109189,2988,47,0
mv_tbl__quotes_daily__0                                                                                                                 ,230009,Delete                        ,t,[VacuumBG] Finished           ,2026-08-12 18:37:45.221783,2026-08-12 18:37:49.098851,3.877068,100013,2990,47,47
mv_tbl__quotes_daily__0                                                                                                                 ,230009,Delete                        ,t,[VacuumBG] Started Delete Only,2026-08-12 18:37:45.221783,,0.0,118497,2988,47,0
mv_tbl__quotes_daily__0                                                                                                                 ,230009,Delete                        ,t,[VacuumBG] Finished           ,2026-08-12 18:39:13.861866,2026-08-12 18:39:18.066296,4.20443,100114,2990,47,47
mv_tbl__quotes_daily__0                                                                                                                 ,230009,Delete                        ,t,[VacuumBG] Started Delete Only,2026-08-12 18:39:13.861866,,0.0,109326,2988,47,0
mv_tbl__quotes_daily__0                                                                                                                 ,230009,Delete                        ,t,[VacuumBG] Started Delete Only,2026-08-12 18:40:45.082379,,0.0,119057,2988,47,0
mv_tbl__quotes_daily__0                                                                                                                 ,230009,Delete                        ,t,[VacuumBG] Finished           ,2026-08-12 18:40:45.082379,2026-08-12 18:40:48.366773,3.284394,109677,2990,47,47
mv_tbl__quotes_daily__0                                                                                                                 ,230009,Delete                        ,t,[VacuumBG] Finished           ,2026-08-12 18:42:15.137639,2026-08-12 18:42:20.015923,4.878284,108041,2990,47,47
mv_tbl__quotes_daily__0                                                                                                                 ,230009,Delete                        ,t,[VacuumBG] Started Delete Only,2026-08-12 18:42:15.137639,,0.0,127094,2988,47,0
mv_tbl__quotes_daily__0                                                                                                                 ,230009,Delete                        ,t,[VacuumBG] Finished           ,2026-08-12 18:43:43.375773,2026-08-12 18:43:47.900307,4.524534,109841,2990,47,47
mv_tbl__quotes_daily__0                                                                                                                 ,230009,Delete                        ,t,[VacuumBG] Started Delete Only,2026-08-12 18:43:43.375773,,0.0,128243,2988,47,0
mv_tbl__quotes_daily__0                                                                                                                 ,230009,Delete                        ,t,[VacuumBG] Finished           ,2026-08-12 18:45:13.828880,2026-08-12 18:45:18.248515,4.419635,110114,2990,47,47
mv_tbl__quotes_daily__0                                                                                                                 ,230009,Delete                        ,t,[VacuumBG] Started Delete Only,2026-08-12 18:45:13.828880,,0.0,119050,2988,47,0
mv_tbl__quotes_daily__0                                                                                                                 ,230009,Delete                        ,t,[VacuumBG] Started Delete Only,2026-08-12 18:46:44.792607,,0.0,128646,2988,47,0
mv_tbl__quotes_daily__0                                                                                                                 ,230009,Delete                        ,t,[VacuumBG] Finished           ,2026-08-12 18:46:44.792607,2026-08-12 18:46:47.783793,2.991186,119295,2990,47,47
mv_tbl__quotes_daily__0                                                                                                                 ,230009,Delete                        ,t,[VacuumBG] Started Delete Only,2026-08-12 18:48:13.417304,,0.0,128581,2988,47,0
mv_tbl__quotes_daily__0                                                                                                                 ,230009,Delete                        ,t,[VacuumBG] Finished           ,2026-08-12 18:48:13.417304,2026-08-12 18:48:16.703218,3.285914,110124,2990,47,47
mv_tbl__quotes_daily__0                                                                                                                 ,230009,Delete                        ,t,[VacuumBG] Started Delete Only,2026-08-12 18:49:46.177911,,0.0,128823,2988,47,0
mv_tbl__quotes_daily__0                                                                                                                 ,230009,Delete                        ,t,[VacuumBG] Finished           ,2026-08-12 18:49:46.177911,2026-08-12 18:49:51.191149,5.013238,110171,2990,47,47
mv_tbl__quotes_daily__0                                                                                                                 ,230009,Delete                        ,t,[VacuumBG] Started Delete Only,2026-08-12 18:51:14.987016,,0.0,119499,2988,47,0
mv_tbl__quotes_daily__0                                                                                                                 ,230009,Delete                        ,t,[VacuumBG] Finished           ,2026-08-12 18:51:14.987016,2026-08-12 18:51:18.641181,3.654165,110267,2990,47,47
mv_tbl__quotes_daily__0                                                                                                                 ,230009,Delete                        ,t,[VacuumBG] Started Delete Only,2026-08-12 18:52:43.495392,,0.0,128999,2988,47,0
mv_tbl__quotes_daily__0                                                                                                                 ,230009,Delete                        ,t,[VacuumBG] Finished           ,2026-08-12 18:52:43.495392,2026-08-12 18:52:47.045823,3.550431,119830,2990,47,47
mv_tbl__quotes_daily__0                                                                                                                 ,230009,Delete                        ,t,[VacuumBG] Started Delete Only,2026-08-12 18:54:15.150376,,0.0,137440,2988,47,0
mv_tbl__quotes_daily__0                                                                                                                 ,230009,Delete                        ,t,[VacuumBG] Finished           ,2026-08-12 18:54:15.150376,2026-08-12 18:54:18.593930,3.443554,118657,2990,47,47
mv_tbl__quotes_daily__0                                                                                                                 ,230009,Delete                        ,t,[VacuumBG] Started Delete Only,2026-08-12 18:55:44.214085,,0.0,136498,2988,47,0
mv_tbl__quotes_daily__0                                                                                                                 ,230009,Delete                        ,t,[VacuumBG] Finished           ,2026-08-12 18:55:44.214085,2026-08-12 18:55:48.623233,4.409148,128960,2990,47,47
mv_tbl__quotes_daily__0                                                                                                                 ,230009,Delete                        ,t,[VacuumBG] Started Delete Only,2026-08-12 18:57:13.284498,,0.0,138021,2988,47,0
mv_tbl__quotes_daily__0                                                                                                                 ,230009,Delete                        ,t,[VacuumBG] Finished           ,2026-08-12 18:57:13.284498,2026-08-12 18:57:17.100263,3.815765,119875,2990,47,47
mv_tbl__quotes_daily__0                                                                                                                 ,230009,Delete                        ,t,[VacuumBG] Started Delete Only,2026-08-12 18:58:43.323522,,0.0,138289,2988,47,0
mv_tbl__quotes_daily__0                                                                                                                 ,230009,Delete                        ,t,[VacuumBG] Finished           ,2026-08-12 18:58:43.323522,2026-08-12 18:58:48.943286,5.619764,129293,2990,47,47
mv_tbl__quotes_daily__0                                                                                                                 ,230009,Delete                        ,t,[VacuumBG] Finished           ,2026-08-12 19:00:13.358604,2026-08-12 19:00:17.591556,4.232952,120212,2990,47,47
mv_tbl__quotes_daily__0                                                                                                                 ,230009,Delete                        ,t,[VacuumBG] Started Delete Only,2026-08-12 19:00:13.358604,,0.0,138554,2988,47,0
mv_tbl__quotes_daily__0                                                                                                                 ,230009,Delete                        ,t,[VacuumBG] Finished           ,2026-08-12 19:01:43.389387,2026-08-12 19:01:48.303633,4.914246,120293,2990,47,47
mv_tbl__quotes_daily__0                                                                                                                 ,230009,Delete                        ,t,[VacuumBG] Started Delete Only,2026-08-12 19:01:43.389387,,0.0,138672,2988,47,0
mv_tbl__quotes_daily__0                                                                                                                 ,230009,Delete                        ,t,[VacuumBG] Started Delete Only,2026-08-12 19:03:13.434948,,0.0,129636,2988,47,0
mv_tbl__quotes_daily__0                                                                                                                 ,230009,Delete                        ,t,[VacuumBG] Finished           ,2026-08-12 19:03:13.434948,2026-08-12 19:03:19.142276,5.707328,120389,2990,47,47
mv_tbl__quotes_daily__0                                                                                                                 ,230009,Delete                        ,t,[VacuumBG] Started Delete Only,2026-08-12 19:04:44.253454,,0.0,139120,2988,47,0
mv_tbl__quotes_daily__0                                                                                                                 ,230009,Delete                        ,t,[VacuumBG] Finished           ,2026-08-12 19:04:44.253454,2026-08-12 19:04:48.896680,4.643226,120407,2990,47,47
mv_tbl__quotes_daily__0                                                                                                                 ,230009,Delete                        ,t,[VacuumBG] Started Delete Only,2026-08-12 19:06:13.463351,,0.0,136743,2988,47,0
mv_tbl__quotes_daily__0                                                                                                                 ,230009,Delete                        ,t,[VacuumBG] Finished           ,2026-08-12 19:06:13.463351,2026-08-12 19:06:17.773054,4.309703,127285,2990,47,47
mv_tbl__quotes_daily__0                                                                                                                 ,230009,Delete                        ,t,[VacuumBG] Started Delete Only,2026-08-12 19:07:43.340243,,0.0,147586,2988,47,0
mv_tbl__quotes_daily__0                                                                                                                 ,230009,Delete                        ,t,[VacuumBG] Finished           ,2026-08-12 19:07:43.340243,2026-08-12 19:07:47.956965,4.616722,129958,2990,47,47
mv_tbl__quotes_daily__0                                                                                                                 ,230009,Delete                        ,t,[VacuumBG] Finished           ,2026-08-12 19:09:13.389458,2026-08-12 19:09:17.507694,4.118236,130014,2990,47,47
mv_tbl__quotes_daily__0                                                                                                                 ,230009,Delete                        ,t,[VacuumBG] Started Delete Only,2026-08-12 19:09:13.389458,,0.0,139067,2988,47,0
mv_tbl__quotes_daily__0                                                                                                                 ,230009,Delete                        ,t,[VacuumBG] Finished           ,2026-08-12 19:10:43.436554,2026-08-12 19:10:47.408706,3.972152,130192,2990,47,47
mv_tbl__quotes_daily__0                                                                                                                 ,230009,Delete                        ,t,[VacuumBG] Started Delete Only,2026-08-12 19:10:43.436554,,0.0,148396,2988,47,0
mv_tbl__quotes_daily__0                                                                                                                 ,230009,Delete                        ,t,[VacuumBG] Finished           ,2026-08-12 19:12:13.498911,2026-08-12 19:12:18.219221,4.72031,130293,2990,47,47
mv_tbl__quotes_daily__0                                                                                                                 ,230009,Delete                        ,t,[VacuumBG] Started Delete Only,2026-08-12 19:12:13.498911,,0.0,139405,2988,47,0
mv_tbl__quotes_daily__0                                                                                                                 ,230009,Delete                        ,t,[VacuumBG] Finished           ,2026-08-12 19:13:44.344583,2026-08-12 19:13:48.533572,4.188989,139575,2990,47,47
mv_tbl__quotes_daily__0                                                                                                                 ,230009,Delete                        ,t,[VacuumBG] Started Delete Only,2026-08-12 19:13:44.344583,,0.0,148655,2988,47,0
mv_tbl__quotes_daily__0                                                                                                                 ,230009,Delete                        ,t,[VacuumBG] Finished           ,2026-08-12 19:15:14.779301,2026-08-12 19:15:19.650865,4.871564,130417,2990,47,47
mv_tbl__quotes_daily__0                                                                                                                 ,230009,Delete                        ,t,[VacuumBG] Started Delete Only,2026-08-12 19:15:14.779301,,0.0,148842,2988,47,0
mv_tbl__quotes_daily__0                                                                                                                 ,230009,Delete                        ,t,[VacuumBG] Finished           ,2026-08-12 19:16:45.421111,2026-08-12 19:16:49.601104,4.179993,139913,2990,47,47
mv_tbl__quotes_daily__0                                                                                                                 ,230009,Delete                        ,t,[VacuumBG] Started Delete Only,2026-08-12 19:16:45.421111,,0.0,149208,2988,47,0
mv_tbl__quotes_daily__0                                                                                                                 ,230009,Delete                        ,t,[VacuumBG] Started Delete Only,2026-08-12 19:18:13.495675,,0.0,162347,2988,47,0
mv_tbl__quotes_daily__0                                                                                                                 ,230009,Delete                        ,t,[VacuumBG] Finished           ,2026-08-12 19:18:13.495675,2026-08-12 19:18:17.524163,4.028488,143486,2990,47,47
mv_tbl__quotes_daily__0                                                                                                                 ,230009,Delete                        ,t,[VacuumBG] Started Delete Only,2026-08-12 19:19:44.145495,,0.0,161508,2988,47,0
mv_tbl__quotes_daily__0                                                                                                                 ,230009,Delete                        ,t,[VacuumBG] Finished           ,2026-08-12 19:19:44.145495,2026-08-12 19:19:48.497079,4.351584,156978,2990,47,47
mv_tbl__quotes_daily__0                                                                                                                 ,230009,Delete                        ,t,[VacuumBG] Started Delete Only,2026-08-12 19:21:14.172189,,0.0,166108,2988,47,0
mv_tbl__quotes_daily__0                                                                                                                 ,230009,Delete                        ,t,[VacuumBG] Finished           ,2026-08-12 19:21:14.172189,2026-08-12 19:21:18.046626,3.874437,144353,2990,47,47
mv_tbl__quotes_daily__0                                                                                                                 ,230009,Delete                        ,t,[VacuumBG] Finished           ,2026-08-12 19:22:43.814799,2026-08-12 19:22:46.762057,2.947258,153734,2990,47,47
mv_tbl__quotes_daily__0                                                                                                                 ,230009,Delete                        ,t,[VacuumBG] Started Delete Only,2026-08-12 19:22:43.814799,,0.0,162764,2988,47,0
mv_tbl__quotes_daily__0                                                                                                                 ,230009,Delete                        ,t,[VacuumBG] Finished           ,2026-08-12 19:24:14.108326,2026-08-12 19:24:18.321852,4.213526,144659,2990,47,47
mv_tbl__quotes_daily__0                                                                                                                 ,230009,Delete                        ,t,[VacuumBG] Started Delete Only,2026-08-12 19:24:14.108326,,0.0,163022,2988,47,0
mv_tbl__quotes_daily__0                                                                                                                 ,230009,Delete                        ,t,[VacuumBG] Started Delete Only,2026-08-12 19:25:44.147813,,0.0,163396,2988,47,0
mv_tbl__quotes_daily__0                                                                                                                 ,230009,Delete                        ,t,[VacuumBG] Finished           ,2026-08-12 19:25:44.147813,2026-08-12 19:25:47.741930,3.594117,144684,2990,47,47
mv_tbl__quotes_daily__0                                                                                                                 ,230009,Delete                        ,t,[VacuumBG] Started Delete Only,2026-08-12 19:27:13.832056,,0.0,153990,2988,47,0
mv_tbl__quotes_daily__0                                                                                                                 ,230009,Delete                        ,t,[VacuumBG] Finished           ,2026-08-12 19:27:13.832056,2026-08-12 19:27:18.416805,4.584749,144745,2990,47,47
mv_tbl__quotes_daily__0                                                                                                                 ,230009,Delete                        ,t,[VacuumBG] Finished           ,2026-08-12 19:28:43.675828,2026-08-12 19:28:47.840899,4.165071,154406,2990,47,47
mv_tbl__quotes_daily__0                                                                                                                 ,230009,Delete                        ,t,[VacuumBG] Started Delete Only,2026-08-12 19:28:43.675828,,0.0,163698,2988,47,0
mv_tbl__quotes_daily__0                                                                                                                 ,230009,Delete                        ,t,[VacuumBG] Finished           ,2026-08-12 19:30:14.740278,2026-08-12 19:30:20.491530,5.751252,153358,2990,47,47
mv_tbl__quotes_daily__0                                                                                                                 ,230009,Delete                        ,t,[VacuumBG] Started Delete Only,2026-08-12 19:30:14.740278,,0.0,172397,2988,47,0
mv_tbl__quotes_daily__0                                                                                                                 ,230009,Delete                        ,t,[VacuumBG] Started Delete Only,2026-08-12 19:31:44.994645,,0.0,171408,2988,47,0
mv_tbl__quotes_daily__0                                                                                                                 ,230009,Delete                        ,t,[VacuumBG] Finished           ,2026-08-12 19:31:44.994645,2026-08-12 19:31:48.902786,3.908141,164379,2988,47,47
mv_tbl__quotes_daily__0                                                                                                                 ,230009,Delete                        ,t,[VacuumBG] Started Delete Only,2026-08-12 19:33:14.052122,,0.0,173502,2988,47,0
mv_tbl__quotes_daily__0                                                                                                                 ,230009,Delete                        ,t,[VacuumBG] Finished           ,2026-08-12 19:33:14.052122,2026-08-12 19:33:18.998617,4.946495,154479,2990,47,47
mv_tbl__quotes_daily__0                                                                                                                 ,230009,Delete                        ,t,[VacuumBG] Started Delete Only,2026-08-12 19:34:43.701731,,0.0,172902,2988,47,0
mv_tbl__quotes_daily__0                                                                                                                 ,230009,Delete                        ,t,[VacuumBG] Finished           ,2026-08-12 19:34:43.701731,2026-08-12 19:34:47.824809,4.123078,163872,2990,47,47
mv_tbl__quotes_daily__0                                                                                                                 ,230009,Delete                        ,t,[VacuumBG] Started Delete Only,2026-08-12 19:36:14.166589,,0.0,173109,2988,47,0
mv_tbl__quotes_daily__0                                                                                                                 ,230009,Delete                        ,t,[VacuumBG] Finished           ,2026-08-12 19:36:14.166589,2026-08-12 19:36:18.389606,4.223017,154695,2990,47,47
mv_tbl__quotes_daily__0                                                                                                                 ,230009,Delete                        ,t,[VacuumBG] Started Delete Only,2026-08-12 19:37:44.234200,,0.0,173216,2988,47,0
mv_tbl__quotes_daily__0                                                                                                                 ,230009,Delete                        ,t,[VacuumBG] Finished           ,2026-08-12 19:37:44.234200,2026-08-12 19:37:48.541733,4.307533,154787,2990,47,47
mv_tbl__quotes_daily__0                                                                                                                 ,230009,Delete                        ,t,[VacuumBG] Started Delete Only,2026-08-12 19:39:15.687716,,0.0,164072,2988,47,0
mv_tbl__quotes_daily__0                                                                                                                 ,230009,Delete                        ,t,[VacuumBG] Finished           ,2026-08-12 19:39:15.687716,2026-08-12 19:39:20.109974,4.422258,154843,2990,47,47
mv_tbl__quotes_daily__0                                                                                                                 ,230009,Delete                        ,t,[VacuumBG] Started Delete Only,2026-08-12 19:40:44.937616,,0.0,173445,2988,47,0
mv_tbl__quotes_daily__0                                                                                                                 ,230009,Delete                        ,t,[VacuumBG] Finished           ,2026-08-12 19:40:44.937616,2026-08-12 19:40:48.568932,3.631316,154886,2990,47,47
mv_tbl__quotes_daily__0                                                                                                                 ,230009,Delete                        ,t,[VacuumBG] Finished           ,2026-08-12 19:42:16.400983,2026-08-12 19:42:21.507794,5.106811,155207,2990,47,47
mv_tbl__quotes_daily__0                                                                                                                 ,230009,Delete                        ,t,[VacuumBG] Started Delete Only,2026-08-12 19:42:16.400983,,0.0,164612,2988,47,0
mv_tbl__quotes_daily__0                                                                                                                 ,230009,Delete                        ,t,[VacuumBG] Finished           ,2026-08-12 19:43:43.846963,2026-08-12 19:43:48.125380,4.278417,172668,2990,47,47
mv_tbl__quotes_daily__0                                                                                                                 ,230009,Delete                        ,t,[VacuumBG] Started Delete Only,2026-08-12 19:43:43.846963,,0.0,182082,2988,47,0
mv_tbl__quotes_daily__0                                                                                                                 ,230009,Delete                        ,t,[VacuumBG] Finished           ,2026-08-12 19:45:13.930043,2026-08-12 19:45:18.124709,4.194666,164586,2990,47,47
mv_tbl__quotes_daily__0                                                                                                                 ,230009,Delete                        ,t,[VacuumBG] Started Delete Only,2026-08-12 19:45:13.930043,,0.0,181616,2988,47,0
mv_tbl__quotes_daily__0                                                                                                                 ,230009,Delete                        ,t,[VacuumBG] Started Delete Only,2026-08-12 19:46:45.149918,,0.0,182851,2988,47,0
mv_tbl__quotes_daily__0                                                                                                                 ,230009,Delete                        ,t,[VacuumBG] Finished           ,2026-08-12 19:46:45.149918,2026-08-12 19:46:48.249459,3.099541,164785,2990,47,47
mv_tbl__quotes_daily__0                                                                                                                 ,230009,Delete                        ,t,[VacuumBG] Started Delete Only,2026-08-12 19:48:13.796780,,0.0,174013,2988,47,0
mv_tbl__quotes_daily__0                                                                                                                 ,230009,Delete                        ,t,[VacuumBG] Finished           ,2026-08-12 19:48:13.796780,2026-08-12 19:48:17.940638,4.143858,164939,2990,47,47
mv_tbl__quotes_daily__0                                                                                                                 ,230009,Delete                        ,t,[VacuumBG] Started Delete Only,2026-08-12 19:49:44.926476,,0.0,183387,2988,47,0
mv_tbl__quotes_daily__0                                                                                                                 ,230009,Delete                        ,t,[VacuumBG] Finished           ,2026-08-12 19:49:44.926476,2026-08-12 19:49:48.854969,3.928493,164978,2990,47,47
mv_tbl__quotes_daily__0                                                                                                                 ,230009,Delete                        ,t,[VacuumBG] Started Delete Only,2026-08-12 19:51:15.105549,,0.0,174310,2988,47,0
mv_tbl__quotes_daily__0                                                                                                                 ,230009,Delete                        ,t,[VacuumBG] Finished           ,2026-08-12 19:51:15.105549,2026-08-12 19:51:18.637893,3.532344,165045,2990,47,47
mv_tbl__quotes_daily__0                                                                                                                 ,230009,Delete                        ,t,[VacuumBG] Started Delete Only,2026-08-12 19:52:44.394867,,0.0,183812,2988,47,0
mv_tbl__quotes_daily__0                                                                                                                 ,230009,Delete                        ,t,[VacuumBG] Finished           ,2026-08-12 19:52:44.394867,2026-08-12 19:52:47.871612,3.476745,165144,2990,47,47
mv_tbl__quotes_daily__0                                                                                                                 ,230009,Delete                        ,t,[VacuumBG] Finished           ,2026-08-12 19:54:15.342334,2026-08-12 19:54:19.117029,3.774695,165217,2990,47,47
mv_tbl__quotes_daily__0                                                                                                                 ,230009,Delete                        ,t,[VacuumBG] Started Delete Only,2026-08-12 19:54:15.342334,,0.0,174631,2988,47,0
mv_tbl__quotes_daily__0                                                                                                                 ,230009,Delete                        ,t,[VacuumBG] Finished           ,2026-08-12 19:55:43.989419,2026-08-12 19:55:48.331307,4.341888,174335,2990,47,47
mv_tbl__quotes_daily__0                                                                                                                 ,230009,Delete                        ,t,[VacuumBG] Started Delete Only,2026-08-12 19:55:43.989419,,0.0,191311,2988,47,0
mv_tbl__quotes_daily__0                                                                                                                 ,230009,Delete                        ,t,[VacuumBG] Started Delete Only,2026-08-12 19:57:15.174819,,0.0,183228,2988,47,0
mv_tbl__quotes_daily__0                                                                                                                 ,230009,Delete                        ,t,[VacuumBG] Finished           ,2026-08-12 19:57:15.174819,2026-08-12 19:57:18.241440,3.066621,174562,2990,47,47
mv_tbl__quotes_daily__0                                                                                                                 ,230009,Delete                        ,t,[VacuumBG] Started Delete Only,2026-08-12 19:58:45.126671,,0.0,192625,2988,47,0
mv_tbl__quotes_daily__0                                                                                                                 ,230009,Delete                        ,t,[VacuumBG] Finished           ,2026-08-12 19:58:45.126671,2026-08-12 19:58:48.856434,3.729763,174862,2990,47,47
mv_tbl__quotes_daily__0                                                                                                                 ,230009,Delete                        ,t,[VacuumBG] Finished           ,2026-08-12 20:00:14.030353,2026-08-12 20:00:20.185894,6.155541,175065,2990,47,47
mv_tbl__quotes_daily__0                                                                                                                 ,230009,Delete                        ,t,[VacuumBG] Started Delete Only,2026-08-12 20:00:14.030353,,0.0,183988,2988,47,0
mv_tbl__quotes_daily__0                                                                                                                 ,230009,Delete                        ,t,[VacuumBG] Started Delete Only,2026-08-12 20:01:44.050881,,0.0,193366,2988,47,0
mv_tbl__quotes_daily__0                                                                                                                 ,230009,Delete                        ,t,[VacuumBG] Finished           ,2026-08-12 20:01:44.050881,2026-08-12 20:01:50.557584,6.506703,175088,2990,47,47
mv_tbl__quotes_daily__0                                                                                                                 ,230009,Delete                        ,t,[VacuumBG] Finished           ,2026-08-12 20:03:14.081265,2026-08-12 20:03:19.549653,5.468388,175203,2990,47,47
mv_tbl__quotes_daily__0                                                                                                                 ,230009,Delete                        ,t,[VacuumBG] Started Delete Only,2026-08-12 20:03:14.081265,,0.0,184283,2988,47,0
mv_tbl__quotes_daily__0                                                                                                                 ,230009,Delete                        ,t,[VacuumBG] Finished           ,2026-08-12 20:04:44.087993,2026-08-12 20:04:49.623360,5.535367,184523,2990,47,47
mv_tbl__quotes_daily__0                                                                                                                 ,230009,Delete                        ,t,[VacuumBG] Started Delete Only,2026-08-12 20:04:44.087993,,0.0,193717,2988,47,0
mv_tbl__quotes_daily__0                                                                                                                 ,230009,Delete                        ,t,[VacuumBG] Started Delete Only,2026-08-12 20:06:14.100789,,0.0,193846,2988,47,0
mv_tbl__quotes_daily__0                                                                                                                 ,230009,Delete                        ,t,[VacuumBG] Finished           ,2026-08-12 20:06:14.100789,2026-08-12 20:06:19.884336,5.783547,175285,2990,47,47
mv_tbl__quotes_daily__0                                                                                                                 ,230009,Delete                        ,t,[VacuumBG] Started Delete Only,2026-08-12 20:07:47.184256,,0.0,201695,2988,47,0
mv_tbl__quotes_daily__0                                                                                                                 ,230009,Delete                        ,t,[VacuumBG] Finished           ,2026-08-12 20:07:47.184256,2026-08-12 20:07:54.247016,7.06276,182763,2990,47,47
mv_tbl__quotes_daily__0                                                                                                                 ,230009,Delete                        ,t,[VacuumBG] Started Delete Only,2026-08-12 20:09:14.036730,,0.0,200671,2988,47,0
mv_tbl__quotes_daily__0                                                                                                                 ,230009,Delete                        ,t,[VacuumBG] Finished           ,2026-08-12 20:09:14.036730,2026-08-12 20:09:17.324738,3.288008,195821,2990,47,47
mv_tbl__quotes_daily__0                                                                                                                 ,230009,Delete                        ,t,[VacuumBG] Finished           ,2026-08-12 20:10:44.066653,2026-08-12 20:10:48.298643,4.23199,194048,2990,47,47
mv_tbl__quotes_daily__0                                                                                                                 ,230009,Delete                        ,t,[VacuumBG] Started Delete Only,2026-08-12 20:10:44.066653,,0.0,204910,2988,47,0
mv_tbl__quotes_daily__0                                                                                                                 ,230009,Delete                        ,t,[VacuumBG] Finished           ,2026-08-12 20:12:17.554750,2026-08-12 20:12:22.588708,5.033958,194268,2990,47,47
mv_tbl__quotes_daily__0                                                                                                                 ,230009,Delete                        ,t,[VacuumBG] Started Delete Only,2026-08-12 20:12:17.554750,,0.0,203190,2988,47,0
mv_tbl__quotes_daily__0                                                                                                                 ,230009,Delete                        ,t,[VacuumBG] Started Delete Only,2026-08-12 20:13:44.146822,,0.0,203508,2988,47,0
mv_tbl__quotes_daily__0                                                                                                                 ,230009,Delete                        ,t,[VacuumBG] Finished           ,2026-08-12 20:13:44.146822,2026-08-12 20:13:49.077220,4.930398,194522,2990,47,47
mv_tbl__quotes_daily__0                                                                                                                 ,230009,Delete                        ,t,[VacuumBG] Finished           ,2026-08-12 20:15:14.179199,2026-08-12 20:15:19.491184,5.311985,185214,2990,47,47
mv_tbl__quotes_daily__0                                                                                                                 ,230009,Delete                        ,t,[VacuumBG] Started Delete Only,2026-08-12 20:15:14.179199,,0.0,203697,2988,47,0
mv_tbl__quotes_daily__0                                                                                                                 ,230009,Delete                        ,t,[VacuumBG] Finished           ,2026-08-12 20:16:44.199867,2026-08-12 20:16:47.980642,3.780775,194807,2989,47,47
mv_tbl__quotes_daily__0                                                                                                                 ,230009,Delete                        ,t,[VacuumBG] Started Delete Only,2026-08-12 20:16:44.199867,,0.0,203789,2988,47,0
mv_tbl__quotes_daily__0                                                                                                                 ,230009,Delete                        ,t,[VacuumBG] Finished           ,2026-08-12 20:18:15.447481,2026-08-12 20:18:19.420252,3.972771,185360,2990,47,47
mv_tbl__quotes_daily__0                                                                                                                 ,230009,Delete                        ,t,[VacuumBG] Started Delete Only,2026-08-12 20:18:15.447481,,0.0,204169,2988,47,0
mv_tbl__quotes_daily__0                                                                                                                 ,230009,Delete                        ,t,[VacuumBG] Finished           ,2026-08-12 20:19:44.254266,2026-08-12 20:19:48.456875,4.202609,198529,2990,47,47
mv_tbl__quotes_daily__0                                                                                                                 ,230009,Delete                        ,t,[VacuumBG] Started Delete Only,2026-08-12 20:19:44.254266,,0.0,207431,2988,47,0
mv_tbl__quotes_daily__0                                                                                                                 ,230009,Delete                        ,t,[VacuumBG] Started Delete Only,2026-08-12 20:21:14.110706,,0.0,221802,2988,47,0
mv_tbl__quotes_daily__0                                                                                                                 ,230009,Delete                        ,t,[VacuumBG] Finished           ,2026-08-12 20:21:14.110706,2026-08-12 20:21:18.565933,4.455227,199617,2990,47,47
mv_tbl__quotes_daily__0                                                                                                                 ,230009,Delete                        ,t,[VacuumBG] Finished           ,2026-08-12 20:22:44.168295,2026-08-12 20:22:52.778742,8.610447,215159,2990,47,47
mv_tbl__quotes_daily__0                                                                                                                 ,230009,Delete                        ,t,[VacuumBG] Started Delete Only,2026-08-12 20:22:44.168295,,0.0,217572,2988,47,0
mv_tbl__quotes_daily__0                                                                                                                 ,230009,Delete                        ,t,[VacuumBG] Finished           ,2026-08-12 20:24:14.180468,2026-08-12 20:24:18.782155,4.601687,200724,2990,47,47
mv_tbl__quotes_daily__0                                                                                                                 ,230009,Delete                        ,t,[VacuumBG] Started Delete Only,2026-08-12 20:24:14.180468,,0.0,224204,2988,47,0
mv_tbl__quotes_daily__0                                                                                                                 ,230009,Delete                        ,t,[VacuumBG] Started Delete Only,2026-08-12 20:25:44.806815,,0.0,219055,2988,47,0
mv_tbl__quotes_daily__0                                                                                                                 ,230009,Delete                        ,t,[VacuumBG] Finished           ,2026-08-12 20:25:44.806815,2026-08-12 20:25:48.267798,3.460983,210644,2990,47,47
mv_tbl__quotes_daily__0                                                                                                                 ,230009,Delete                        ,t,[VacuumBG] Started Delete Only,2026-08-12 20:27:14.270659,,0.0,219929,2988,47,0
mv_tbl__quotes_daily__0                                                                                                                 ,230009,Delete                        ,t,[VacuumBG] Finished           ,2026-08-12 20:27:14.270659,2026-08-12 20:27:18.640602,4.369943,200581,2990,47,47
mv_tbl__quotes_daily__0                                                                                                                 ,230009,Delete                        ,t,[VacuumBG] Started Delete Only,2026-08-12 20:28:45.289512,,0.0,219313,2988,47,0
mv_tbl__quotes_daily__0                                                                                                                 ,230009,Delete                        ,t,[VacuumBG] Finished           ,2026-08-12 20:28:45.289512,2026-08-12 20:28:51.448757,6.159245,200582,2990,47,47
mv_tbl__quotes_daily__0                                                                                                                 ,230009,Delete                        ,t,[VacuumBG] Finished           ,2026-08-12 20:30:14.337892,2026-08-12 20:30:20.570066,6.232174,201021,2989,47,47
mv_tbl__quotes_daily__0                                                                                                                 ,230009,Delete                        ,t,[VacuumBG] Started Delete Only,2026-08-12 20:30:14.337892,,0.0,209998,2988,47,0
mv_tbl__quotes_daily__0                                                                                                                 ,230009,Delete                        ,t,[VacuumBG] Finished           ,2026-08-12 20:31:44.355772,2026-08-12 20:31:48.670864,4.315092,215930,2990,47,47
mv_tbl__quotes_daily__0                                                                                                                 ,230009,Delete                        ,t,[VacuumBG] Started Delete Only,2026-08-12 20:31:44.355772,,0.0,224703,2988,47,0
mv_tbl__quotes_daily__0                                                                                                                 ,230009,Delete                        ,t,[VacuumBG] Finished           ,2026-08-12 20:33:14.411177,2026-08-12 20:33:21.885838,7.474661,209844,2990,47,47
mv_tbl__quotes_daily__0                                                                                                                 ,230009,Delete                        ,t,[VacuumBG] Started Delete Only,2026-08-12 20:33:14.411177,,0.0,234064,2988,47,0
mv_tbl__quotes_daily__0                                                                                                                 ,230009,Delete                        ,t,[VacuumBG] Started Delete Only,2026-08-12 20:34:46.032762,,0.0,227652,2988,47,0
mv_tbl__quotes_daily__0                                                                                                                 ,230009,Delete                        ,t,[VacuumBG] Finished           ,2026-08-12 20:34:46.032762,2026-08-12 20:34:49.737185,3.704423,211354,2990,47,47
mv_tbl__quotes_daily__0                                                                                                                 ,230009,Delete                        ,t,[VacuumBG] Started Delete Only,2026-08-12 20:36:14.442210,,0.0,220437,2988,47,0
mv_tbl__quotes_daily__0                                                                                                                 ,230009,Delete                        ,t,[VacuumBG] Finished           ,2026-08-12 20:36:14.442210,2026-08-12 20:36:17.872065,3.429855,211513,2988,47,47
mv_tbl__quotes_daily__0                                                                                                                 ,230009,Delete                        ,t,[VacuumBG] Finished           ,2026-08-12 20:37:45.043163,2026-08-12 20:37:49.420068,4.376905,210787,2990,47,47
mv_tbl__quotes_daily__0                                                                                                                 ,230009,Delete                        ,t,[VacuumBG] Started Delete Only,2026-08-12 20:37:45.043163,,0.0,229928,2988,47,0
mv_tbl__quotes_daily__0                                                                                                                 ,230009,Delete                        ,t,[VacuumBG] Finished           ,2026-08-12 20:39:15.670003,2026-08-12 20:39:19.003954,3.333951,211587,2988,47,47
mv_tbl__quotes_daily__0                                                                                                                 ,230009,Delete                        ,t,[VacuumBG] Started Delete Only,2026-08-12 20:39:15.670003,,0.0,219970,2988,47,0
mv_tbl__quotes_daily__0                                                                                                                 ,230009,Delete                        ,t,[VacuumBG] Finished           ,2026-08-12 20:40:46.076350,2026-08-12 20:40:49.604957,3.528607,221648,2990,47,47
mv_tbl__quotes_daily__0                                                                                                                 ,230009,Delete                        ,t,[VacuumBG] Started Delete Only,2026-08-12 20:40:46.076350,,0.0,230066,2988,47,0
mv_tbl__quotes_daily__0                                                                                                                 ,230009,Delete                        ,t,[VacuumBG] Finished           ,2026-08-12 20:42:14.717599,2026-08-12 20:42:19.435581,4.717982,210938,2990,47,47
mv_tbl__quotes_daily__0                                                                                                                 ,230009,Delete                        ,t,[VacuumBG] Started Delete Only,2026-08-12 20:42:14.717599,,0.0,230995,2988,47,0
mv_tbl__quotes_daily__0                                                                                                                 ,230009,Delete                        ,t,[VacuumBG] Started Delete Only,2026-08-12 20:43:44.545142,,0.0,238016,2988,47,0
mv_tbl__quotes_daily__0                                                                                                                 ,230009,Delete                        ,t,[VacuumBG] Finished           ,2026-08-12 20:43:44.545142,2026-08-12 20:43:48.592608,4.047466,232936,2990,47,47
mv_tbl__quotes_daily__0                                                                                                                 ,230009,Delete                        ,t,[VacuumBG] Started Delete Only,2026-08-12 20:45:14.415633,,0.0,244705,2988,47,0
mv_tbl__quotes_daily__0                                                                                                                 ,230009,Delete                        ,t,[VacuumBG] Finished           ,2026-08-12 20:45:14.415633,2026-08-12 20:45:18.548475,4.132842,220202,2990,47,47
mv_tbl__quotes_daily__0                                                                                                                 ,230009,Delete                        ,t,[VacuumBG] Finished           ,2026-08-12 20:46:44.849322,2026-08-12 20:46:50.029382,5.18006,237053,2990,47,47
mv_tbl__quotes_daily__0                                                                                                                 ,230009,Delete                        ,t,[VacuumBG] Started Delete Only,2026-08-12 20:46:44.849322,,0.0,238261,2988,47,0
mv_tbl__quotes_daily__0                                                                                                                 ,230009,Delete                        ,t,[VacuumBG] Finished           ,2026-08-12 20:48:14.520901,2026-08-12 20:48:18.176750,3.655849,221168,2990,47,47
mv_tbl__quotes_daily__0                                                                                                                 ,230009,Delete                        ,t,[VacuumBG] Started Delete Only,2026-08-12 20:48:14.520901,,0.0,246277,2988,47,0
mv_tbl__quotes_daily__0                                                                                                                 ,230009,Delete                        ,t,[VacuumBG] Started Delete Only,2026-08-12 20:49:44.550867,,0.0,239633,2988,47,0
mv_tbl__quotes_daily__0                                                                                                                 ,230009,Delete                        ,t,[VacuumBG] Finished           ,2026-08-12 20:49:44.550867,2026-08-12 20:49:47.251708,2.700841,234111,2988,47,47
mv_tbl__quotes_daily__0                                                                                                                 ,230009,Delete                        ,t,[VacuumBG] Started Delete Only,2026-08-12 20:51:15.383896,,0.0,243460,2988,47,0
mv_tbl__quotes_daily__0                                                                                                                 ,230009,Delete                        ,t,[VacuumBG] Finished           ,2026-08-12 20:51:15.383896,2026-08-12 20:51:18.324711,2.940815,221204,2990,47,47
mv_tbl__quotes_daily__0                                                                                                                 ,230009,Delete                        ,t,[VacuumBG] Started Delete Only,2026-08-12 20:52:46.652064,,0.0,239935,2988,47,0
mv_tbl__quotes_daily__0                                                                                                                 ,230009,Delete                        ,t,[VacuumBG] Finished           ,2026-08-12 20:52:46.652064,2026-08-12 20:52:50.503731,3.851667,222860,2990,47,47
mv_tbl__quotes_daily__0                                                                                                                 ,230009,Delete                        ,t,[VacuumBG] Started Delete Only,2026-08-12 20:54:15.254295,,0.0,247410,2988,47,0
mv_tbl__quotes_daily__0                                                                                                                 ,230009,Delete                        ,t,[VacuumBG] Finished           ,2026-08-12 20:54:15.254295,2026-08-12 20:54:18.244609,2.990314,227459,2990,47,47
mv_tbl__quotes_daily__0                                                                                                                 ,230009,Delete                        ,t,[VacuumBG] Started Delete Only,2026-08-12 20:55:47.157645,,0.0,245477,2988,47,0
mv_tbl__quotes_daily__0                                                                                                                 ,230009,Delete                        ,t,[VacuumBG] Finished           ,2026-08-12 20:55:47.157645,2026-08-12 20:55:50.463074,3.305429,235613,2988,47,47
mv_tbl__quotes_daily__0                                                                                                                 ,230009,Delete                        ,t,[VacuumBG] Started Delete Only,2026-08-12 20:57:17.055791,,0.0,244563,2988,47,0
mv_tbl__quotes_daily__0                                                                                                                 ,230009,Delete                        ,t,[VacuumBG] Finished           ,2026-08-12 20:57:17.055791,2026-08-12 20:57:20.213414,3.157623,232136,2990,47,47
mv_tbl__quotes_daily__0                                                                                                                 ,230009,Delete                        ,t,[VacuumBG] Started Delete Only,2026-08-12 20:58:44.667537,,0.0,250471,2988,47,0
mv_tbl__quotes_daily__0                                                                                                                 ,230009,Delete                        ,t,[VacuumBG] Finished           ,2026-08-12 20:58:44.667537,2026-08-12 20:58:48.303045,3.635508,242740,2988,47,47
mv_tbl__quotes_daily__0                                                                                                                 ,230009,Delete                        ,t,[VacuumBG] Started Delete Only,2026-08-12 21:00:14.721571,,0.0,251981,2988,47,0
mv_tbl__quotes_daily__0                                                                                                                 ,230009,Delete                        ,t,[VacuumBG] Finished           ,2026-08-12 21:00:14.721571,2026-08-12 21:00:20.545680,5.824109,232901,2990,47,47
mv_tbl__quotes_daily__0                                                                                                                 ,230009,Delete                        ,t,[VacuumBG] Finished           ,2026-08-12 21:01:44.551233,2026-08-12 21:01:53.974304,9.423071,231848,2990,47,47
mv_tbl__quotes_daily__0                                                                                                                 ,230009,Delete                        ,t,[VacuumBG] Started Delete Only,2026-08-12 21:01:44.551233,,0.0,251514,2988,47,0
mv_tbl__quotes_daily__0                                                                                                                 ,230009,Delete                        ,t,[VacuumBG] Started Delete Only,2026-08-12 21:03:14.576897,,0.0,241082,2988,47,0
mv_tbl__quotes_daily__0                                                                                                                 ,230009,Delete                        ,t,[VacuumBG] Finished           ,2026-08-12 21:03:14.576897,2026-08-12 21:03:19.135165,4.558268,236064,2988,47,47
mv_tbl__quotes_daily__0                                                                                                                 ,230009,Delete                        ,t,[VacuumBG] Started Delete Only,2026-08-12 21:04:44.618192,,0.0,254718,2988,47,0
mv_tbl__quotes_daily__0                                                                                                                 ,230009,Delete                        ,t,[VacuumBG] Finished           ,2026-08-12 21:04:44.618192,2026-08-12 21:04:48.569766,3.951574,244792,2990,47,47
mv_tbl__quotes_daily__0                                                                                                                 ,230009,Delete                        ,t,[VacuumBG] Started Delete Only,2026-08-12 21:06:14.699484,,0.0,257504,2988,47,0
mv_tbl__quotes_daily__0                                                                                                                 ,230009,Delete                        ,t,[VacuumBG] Finished           ,2026-08-12 21:06:14.699484,2026-08-12 21:06:18.944324,4.24484,234936,2990,47,47
mv_tbl__quotes_daily__0                                                                                                                 ,230009,Delete                        ,t,[VacuumBG] Finished           ,2026-08-12 21:07:44.806001,2026-08-12 21:07:47.810117,3.004116,257078,2990,47,47
mv_tbl__quotes_daily__0                                                                                                                 ,230009,Delete                        ,t,[VacuumBG] Started Delete Only,2026-08-12 21:07:44.806001,,0.0,261486,2988,47,0
mv_tbl__quotes_daily__0                                                                                                                 ,230009,Delete                        ,t,[VacuumBG] Finished           ,2026-08-12 21:09:16.071393,2026-08-12 21:09:19.805864,3.734471,241131,2990,47,47
mv_tbl__quotes_daily__0                                                                                                                 ,230009,Delete                        ,t,[VacuumBG] Started Delete Only,2026-08-12 21:09:16.071393,,0.0,266085,2988,47,0
mv_tbl__quotes_daily__0                                                                                                                 ,230009,Delete                        ,t,[VacuumBG] Started Delete Only,2026-08-12 21:10:46.300084,,0.0,259483,2988,47,0
mv_tbl__quotes_daily__0                                                                                                                 ,230009,Delete                        ,t,[VacuumBG] Finished           ,2026-08-12 21:10:46.300084,2026-08-12 21:10:49.910448,3.610364,256650,2990,47,47
mv_tbl__quotes_daily__0                                                                                                                 ,230009,Delete                        ,t,[VacuumBG] Finished           ,2026-08-12 21:12:14.732208,2026-08-12 21:12:18.092592,3.360384,241360,2990,47,47
mv_tbl__quotes_daily__0                                                                                                                 ,230009,Delete                        ,t,[VacuumBG] Started Delete Only,2026-08-12 21:12:14.732208,,0.0,265868,2988,47,0
mv_tbl__quotes_daily__0                                                                                                                 ,230009,Delete                        ,t,[VacuumBG] Finished           ,2026-08-12 21:13:44.795574,2026-08-12 21:13:47.279718,2.484144,256800,2988,47,47
mv_tbl__quotes_daily__0                                                                                                                 ,230009,Delete                        ,t,[VacuumBG] Started Delete Only,2026-08-12 21:13:44.795574,,0.0,259781,2988,47,0
mv_tbl__quotes_daily__0                                                                                                                 ,230009,Delete                        ,t,[VacuumBG] Started Delete Only,2026-08-12 21:15:15.225251,,0.0,265991,2988,47,0
mv_tbl__quotes_daily__0                                                                                                                 ,230009,Delete                        ,t,[VacuumBG] Finished           ,2026-08-12 21:15:15.225251,2026-08-12 21:15:18.577290,3.352039,242418,2990,47,47
mv_tbl__quotes_daily__0                                                                                                                 ,230009,Delete                        ,t,[VacuumBG] Started Delete Only,2026-08-12 21:16:45.858076,,0.0,261081,2988,47,0
mv_tbl__quotes_daily__0                                                                                                                 ,230009,Delete                        ,t,[VacuumBG] Finished           ,2026-08-12 21:16:45.858076,2026-08-12 21:16:49.396406,3.53833,256346,2990,47,47
mv_tbl__quotes_daily__0                                                                                                                 ,230009,Delete                        ,t,[VacuumBG] Started Delete Only,2026-08-12 21:18:15.924925,,0.0,273366,2988,47,0
mv_tbl__quotes_daily__0                                                                                                                 ,230009,Delete                        ,t,[VacuumBG] Finished           ,2026-08-12 21:18:15.924925,2026-08-12 21:18:20.217731,4.292806,249379,2990,47,47
mv_tbl__quotes_daily__0                                                                                                                 ,230009,Delete                        ,t,[VacuumBG] Started Delete Only,2026-08-12 21:19:45.991654,,0.0,276466,2988,47,0
mv_tbl__quotes_daily__0                                                                                                                 ,230009,Delete                        ,t,[VacuumBG] Finished           ,2026-08-12 21:19:45.991654,2026-08-12 21:19:49.344644,3.35299,269641,2990,47,47
mv_tbl__quotes_daily__0                                                                                                                 ,230009,Delete                        ,t,[VacuumBG] Started Delete Only,2026-08-12 21:21:14.816340,,0.0,278714,2988,47,0
mv_tbl__quotes_daily__0                                                                                                                 ,230009,Delete                        ,t,[VacuumBG] Finished           ,2026-08-12 21:21:14.816340,2026-08-12 21:21:18.567071,3.750731,258761,2990,47,47
mv_tbl__quotes_daily__0                                                                                                                 ,230009,Delete                        ,t,[VacuumBG] Finished           ,2026-08-12 21:22:46.075643,2026-08-12 21:22:49.013134,2.937491,270525,2990,47,47
mv_tbl__quotes_daily__0                                                                                                                 ,230009,Delete                        ,t,[VacuumBG] Started Delete Only,2026-08-12 21:22:46.075643,,0.0,277188,2988,47,0
mv_tbl__quotes_daily__0                                                                                                                 ,230009,Delete                        ,t,[VacuumBG] Finished           ,2026-08-12 21:24:15.713031,2026-08-12 21:24:19.349419,3.636388,258235,2990,47,47
mv_tbl__quotes_daily__0                                                                                                                 ,230009,Delete                        ,t,[VacuumBG] Started Delete Only,2026-08-12 21:24:15.713031,,0.0,279786,2988,47,0
mv_tbl__quotes_daily__0                                                                                                                 ,230009,Delete                        ,t,[VacuumBG] Started Delete Only,2026-08-12 21:25:46.150562,,0.0,276804,2988,47,0
mv_tbl__quotes_daily__0                                                                                                                 ,230009,Delete                        ,t,[VacuumBG] Finished           ,2026-08-12 21:25:46.150562,2026-08-12 21:25:49.643918,3.493356,274092,2990,47,47
mv_tbl__quotes_daily__0                                                                                                                 ,230009,Delete                        ,t,[VacuumBG] Started Delete Only,2026-08-12 21:27:14.984022,,0.0,283402,2988,47,0
mv_tbl__quotes_daily__0                                                                                                                 ,230009,Delete                        ,t,[VacuumBG] Finished           ,2026-08-12 21:27:14.984022,2026-08-12 21:27:18.105260,3.121238,257632,2990,47,47
mv_tbl__quotes_daily__0                                                                                                                 ,230009,Delete                        ,t,[VacuumBG] Started Delete Only,2026-08-12 21:28:45.459653,,0.0,276365,2988,47,0
mv_tbl__quotes_daily__0                                                                                                                 ,230009,Delete                        ,t,[VacuumBG] Finished           ,2026-08-12 21:28:45.459653,2026-08-12 21:28:48.850475,3.390822,260749,2990,47,47
mv_tbl__quotes_daily__0                                                                                                                 ,230009,Delete                        ,t,[VacuumBG] Started Delete Only,2026-08-12 21:30:14.894356,,0.0,278000,2988,47,0
mv_tbl__quotes_daily__0                                                                                                                 ,230009,Delete                        ,t,[VacuumBG] Finished           ,2026-08-12 21:30:14.894356,2026-08-12 21:30:17.287514,2.393158,270887,2988,47,47
mv_tbl__quotes_daily__0                                                                                                                 ,230009,Delete                        ,t,[VacuumBG] Started Delete Only,2026-08-12 21:31:44.964338,,0.0,290304,2988,47,0
mv_tbl__quotes_daily__0                                                                                                                 ,230009,Delete                        ,t,[VacuumBG] Finished           ,2026-08-12 21:31:44.964338,2026-08-12 21:31:48.427230,3.462892,280110,2990,47,47
mv_tbl__quotes_daily__0                                                                                                                 ,230009,Delete                        ,t,[VacuumBG] Started Delete Only,2026-08-12 21:33:15.015136,,0.0,289100,2988,47,0
mv_tbl__quotes_daily__0                                                                                                                 ,230009,Delete                        ,t,[VacuumBG] Finished           ,2026-08-12 21:33:15.015136,2026-08-12 21:33:18.617973,3.602837,268649,2990,47,47
mv_tbl__quotes_daily__0                                                                                                                 ,230009,Delete                        ,t,[VacuumBG] Started Delete Only,2026-08-12 21:34:45.663588,,0.0,286858,2988,47,0
mv_tbl__quotes_daily__0                                                                                                                 ,230009,Delete                        ,t,[VacuumBG] Finished           ,2026-08-12 21:34:45.663588,2026-08-12 21:34:47.988694,2.325106,282294,2988,47,47
mv_tbl__quotes_daily__0                                                                                                                 ,230009,Delete                        ,t,[VacuumBG] Finished           ,2026-08-12 21:36:15.104495,2026-08-12 21:36:18.527622,3.423127,267510,2990,47,47
mv_tbl__quotes_daily__0                                                                                                                 ,230009,Delete                        ,t,[VacuumBG] Started Delete Only,2026-08-12 21:36:15.104495,,0.0,291433,2988,47,0
mv_tbl__quotes_daily__0                                                                                                                 ,230009,Delete                        ,t,[VacuumBG] Finished           ,2026-08-12 21:37:46.175354,2026-08-12 21:37:48.354169,2.178815,283064,2988,47,47
mv_tbl__quotes_daily__0                                                                                                                 ,230009,Delete                        ,t,[VacuumBG] Started Delete Only,2026-08-12 21:37:46.175354,,0.0,285850,2988,47,0
mv_tbl__quotes_daily__0                                                                                                                 ,230009,Delete                        ,t,[VacuumBG] Finished           ,2026-08-12 21:39:15.022701,2026-08-12 21:39:18.859456,3.836755,266697,2990,47,47
mv_tbl__quotes_daily__0                                                                                                                 ,230009,Delete                        ,t,[VacuumBG] Started Delete Only,2026-08-12 21:39:15.022701,,0.0,301549,2988,47,0
mv_tbl__quotes_daily__0                                                                                                                 ,230009,Delete                        ,t,[VacuumBG] Finished           ,2026-08-12 21:40:45.052573,2026-08-12 21:40:46.386574,1.334001,276153,2988,47,47
mv_tbl__quotes_daily__0                                                                                                                 ,230009,Delete                        ,t,[VacuumBG] Started Delete Only,2026-08-12 21:40:45.052573,,0.0,276153,2988,47,0
mv_tbl__quotes_daily__0                                                                                                                 ,230009,Delete                        ,t,[VacuumBG] Started Delete Only,2026-08-12 21:42:15.082176,,0.0,290851,2988,47,0
mv_tbl__quotes_daily__0                                                                                                                 ,230009,Delete                        ,t,[VacuumBG] Finished           ,2026-08-12 21:42:15.082176,2026-08-12 21:42:18.020167,2.937991,276922,2990,47,47
mv_tbl__quotes_daily__0                                                                                                                 ,230009,Delete                        ,t,[VacuumBG] Started Delete Only,2026-08-12 21:43:46.753724,,0.0,302995,2988,47,0
mv_tbl__quotes_daily__0                                                                                                                 ,230009,Delete                        ,t,[VacuumBG] Finished           ,2026-08-12 21:43:46.753724,2026-08-12 21:43:50.042088,3.288364,277176,2990,47,47
mv_tbl__quotes_daily__0                                                                                                                 ,230009,Delete                        ,t,[VacuumBG] Started Delete Only,2026-08-12 21:45:15.401086,,0.0,286256,2988,47,0
mv_tbl__quotes_daily__0                                                                                                                 ,230009,Delete                        ,t,[VacuumBG] Finished           ,2026-08-12 21:45:15.401086,2026-08-12 21:45:17.264131,1.863045,283753,2988,47,47
mv_tbl__quotes_daily__0                                                                                                                 ,230009,Delete                        ,t,[VacuumBG] Started Delete Only,2026-08-12 21:46:45.263155,,0.0,302042,2988,47,0
mv_tbl__quotes_daily__0                                                                                                                 ,230009,Delete                        ,t,[VacuumBG] Finished           ,2026-08-12 21:46:45.263155,2026-08-12 21:46:48.961128,3.697973,277972,2990,47,47
mv_tbl__quotes_daily__0                                                                                                                 ,230009,Delete                        ,t,[VacuumBG] Started Delete Only,2026-08-12 21:48:15.109016,,0.0,287175,2988,47,0
mv_tbl__quotes_daily__0                                                                                                                 ,230009,Delete                        ,t,[VacuumBG] Finished           ,2026-08-12 21:48:15.109016,2026-08-12 21:48:18.279888,3.170872,282876,2988,47,47
mv_tbl__quotes_daily__0                                                                                                                 ,230009,Delete                        ,t,[VacuumBG] Finished           ,2026-08-12 21:49:45.165153,2026-08-12 21:49:48.305634,3.140481,279651,2990,47,47
mv_tbl__quotes_daily__0                                                                                                                 ,230009,Delete                        ,t,[VacuumBG] Started Delete Only,2026-08-12 21:49:45.165153,,0.0,301357,2988,47,0
mv_tbl__quotes_daily__0                                                                                                                 ,230009,Delete                        ,t,[VacuumBG] Finished           ,2026-08-12 21:51:15.616949,2026-08-12 21:51:17.894104,2.277155,282032,2988,47,47
mv_tbl__quotes_daily__0                                                                                                                 ,230009,Delete                        ,t,[VacuumBG] Started Delete Only,2026-08-12 21:51:15.616949,,0.0,288989,2988,47,0
mv_tbl__quotes_daily__0                                                                                                                 ,230009,Delete                        ,t,[VacuumBG] Started Delete Only,2026-08-12 21:52:46.520135,,0.0,300623,2988,47,0
mv_tbl__quotes_daily__0                                                                                                                 ,230009,Delete                        ,t,[VacuumBG] Finished           ,2026-08-12 21:52:46.520135,2026-08-12 21:52:49.502297,2.982162,292354,2990,47,47
mv_tbl__quotes_daily__0                                                                                                                 ,230009,Delete                        ,t,[VacuumBG] Started Delete Only,2026-08-12 21:54:15.528635,,0.0,301912,2988,47,0
mv_tbl__quotes_daily__0                                                                                                                 ,230009,Delete                        ,t,[VacuumBG] Finished           ,2026-08-12 21:54:15.528635,2026-08-12 21:54:17.923664,2.395029,278573,2988,47,47
mv_tbl__quotes_daily__0                                                                                                                 ,230009,Delete                        ,t,[VacuumBG] Finished           ,2026-08-12 21:55:46.179475,2026-08-12 21:55:49.825374,3.645899,302715,2990,47,47
mv_tbl__quotes_daily__0                                                                                                                 ,230009,Delete                        ,t,[VacuumBG] Started Delete Only,2026-08-12 21:55:46.179475,,0.0,305547,2988,47,0
mv_tbl__quotes_daily__0                                                                                                                 ,230009,Delete                        ,t,[VacuumBG] Finished           ,2026-08-12 21:57:15.221705,2026-08-12 21:57:19.153144,3.931439,287934,2990,47,47
mv_tbl__quotes_daily__0                                                                                                                 ,230009,Delete                        ,t,[VacuumBG] Started Delete Only,2026-08-12 21:57:15.221705,,0.0,311842,2988,47,0
mv_tbl__quotes_daily__0                                                                                                                 ,230009,Delete                        ,t,[VacuumBG] Finished           ,2026-08-12 21:58:45.274785,2026-08-12 21:58:47.865812,2.591027,304049,2990,47,47
mv_tbl__quotes_daily__0                                                                                                                 ,230009,Delete                        ,t,[VacuumBG] Started Delete Only,2026-08-12 21:58:45.274785,,0.0,306295,2988,47,0
mv_tbl__quotes_daily__0                                                                                                                 ,230009,Delete                        ,t,[VacuumBG] Finished           ,2026-08-12 22:00:16.344342,2026-08-12 22:00:20.294897,3.950555,287253,2990,47,47
mv_tbl__quotes_daily__0                                                                                                                 ,230009,Delete                        ,t,[VacuumBG] Started Delete Only,2026-08-12 22:00:16.344342,,0.0,313171,2988,47,0
mv_tbl__quotes_daily__0                                                                                                                 ,230009,Delete                        ,t,[VacuumBG] Started Delete Only,2026-08-12 22:01:45.362445,,0.0,305451,2988,47,0
mv_tbl__quotes_daily__0                                                                                                                 ,230009,Delete                        ,t,[VacuumBG] Finished           ,2026-08-12 22:01:45.362445,2026-08-12 22:01:48.688579,3.326134,303308,2990,47,47
mv_tbl__quotes_daily__0                                                                                                                 ,230009,Delete                        ,t,[VacuumBG] Started Delete Only,2026-08-12 22:03:17.220645,,0.0,312377,2988,47,0
mv_tbl__quotes_daily__0                                                                                                                 ,230009,Delete                        ,t,[VacuumBG] Finished           ,2026-08-12 22:03:17.220645,2026-08-12 22:03:20.446923,3.226278,287628,2990,47,47
mv_tbl__quotes_daily__0                                                                                                                 ,230009,Delete                        ,t,[VacuumBG] Finished           ,2026-08-12 22:04:46.684544,2026-08-12 22:04:49.889030,3.204486,290645,2990,47,47
mv_tbl__quotes_daily__0                                                                                                                 ,230009,Delete                        ,t,[VacuumBG] Started Delete Only,2026-08-12 22:04:46.684544,,0.0,305998,2988,47,0
mv_tbl__quotes_daily__0                                                                                                                 ,230009,Delete                        ,t,[VacuumBG] Finished           ,2026-08-12 22:06:16.113755,2026-08-12 22:06:19.504667,3.390912,311782,2990,47,47
mv_tbl__quotes_daily__0                                                                                                                 ,230009,Delete                        ,t,[VacuumBG] Started Delete Only,2026-08-12 22:06:16.113755,,0.0,317906,2988,47,0
mv_tbl__quotes_daily__0                                                                                                                 ,230009,Delete                        ,t,[VacuumBG] Finished           ,2026-08-12 22:07:45.423020,2026-08-12 22:07:49.486156,4.063136,298327,2990,47,47
mv_tbl__quotes_daily__0                                                                                                                 ,230009,Delete                        ,t,[VacuumBG] Started Delete Only,2026-08-12 22:07:45.423020,,0.0,320714,2989,47,0
mv_tbl__quotes_daily__0                                                                                                                 ,230009,Delete                        ,t,[VacuumBG] Finished           ,2026-08-12 22:09:47.149963,2026-08-12 22:09:50.911703,3.76174,299573,2990,47,47
mv_tbl__quotes_daily__0                                                                                                                 ,230009,Delete                        ,t,[VacuumBG] Started Delete Only,2026-08-12 22:09:47.149963,,0.0,316319,2988,47,0
mv_tbl__quotes_daily__0                                                                                                                 ,230009,Delete                        ,t,[VacuumBG] Finished           ,2026-08-12 22:10:45.516222,2026-08-12 22:10:47.630541,2.114319,304060,2988,47,47
mv_tbl__quotes_daily__0                                                                                                                 ,230009,Delete                        ,t,[VacuumBG] Started Delete Only,2026-08-12 22:10:45.516222,,0.0,308632,2988,47,0
mv_tbl__quotes_daily__0                                                                                                                 ,230009,Delete                        ,t,[VacuumBG] Started Delete Only,2026-08-12 22:12:17.172367,,0.0,313144,2988,47,0
mv_tbl__quotes_daily__0                                                                                                                 ,230009,Delete                        ,t,[VacuumBG] Finished           ,2026-08-12 22:12:17.172367,2026-08-12 22:12:20.314756,3.142389,299360,2990,47,47
mv_tbl__quotes_daily__0                                                                                                                 ,230009,Delete                        ,t,[VacuumBG] Started Delete Only,2026-08-12 22:13:45.435356,,0.0,317656,2988,47,0
mv_tbl__quotes_daily__0                                                                                                                 ,230009,Delete                        ,t,[VacuumBG] Finished           ,2026-08-12 22:13:45.435356,2026-08-12 22:13:48.796455,3.361099,300987,2988,47,47
mv_tbl__quotes_daily__0                                                                                                                 ,230009,Delete                        ,t,[VacuumBG] Started Delete Only,2026-08-12 22:15:15.479279,,0.0,310136,2988,47,0
mv_tbl__quotes_daily__0                                                                                                                 ,230009,Delete                        ,t,[VacuumBG] Finished           ,2026-08-12 22:15:15.479279,2026-08-12 22:15:18.941851,3.462572,301312,2990,47,47
mv_tbl__quotes_daily__0                                                                                                                 ,230009,Delete                        ,t,[VacuumBG] Finished           ,2026-08-12 22:16:45.558516,2026-08-12 22:16:49.180818,3.622302,311437,2990,47,47
mv_tbl__quotes_daily__0                                                                                                                 ,230009,Delete                        ,t,[VacuumBG] Started Delete Only,2026-08-12 22:16:45.558516,,0.0,319670,2988,47,0
mv_tbl__quotes_daily__0                                                                                                                 ,230009,Delete                        ,t,[VacuumBG] Finished           ,2026-08-12 22:18:16.417482,2026-08-12 22:18:19.485885,3.068403,301434,2990,47,47
mv_tbl__quotes_daily__0                                                                                                                 ,230009,Delete                        ,t,[VacuumBG] Started Delete Only,2026-08-12 22:18:16.417482,,0.0,320714,2988,47,0
mv_tbl__quotes_daily__0                                                                                                                 ,230009,Delete                        ,t,[VacuumBG] Started Delete Only,2026-08-12 22:19:45.479052,,0.0,333953,2988,47,0
mv_tbl__quotes_daily__0                                                                                                                 ,230009,Delete                        ,t,[VacuumBG] Finished           ,2026-08-12 22:19:45.479052,2026-08-12 22:19:48.619112,3.14006,314322,2990,47,47
mv_tbl__quotes_daily__0                                                                                                                 ,230009,Delete                        ,t,[VacuumBG] Started Delete Only,2026-08-12 22:21:15.533755,,0.0,323384,2988,47,0
mv_tbl__quotes_daily__0                                                                                                                 ,230009,Delete                        ,t,[VacuumBG] Finished           ,2026-08-12 22:21:15.533755,2026-08-12 22:21:18.315113,2.781358,316632,2988,47,47
mv_tbl__quotes_daily__0                                                                                                                 ,230009,Delete                        ,t,[VacuumBG] Started Delete Only,2026-08-12 22:22:46.203833,,0.0,334887,2988,47,0
mv_tbl__quotes_daily__0                                                                                                                 ,230009,Delete                        ,t,[VacuumBG] Finished           ,2026-08-12 22:22:46.203833,2026-08-12 22:22:50.122093,3.91826,314614,2990,47,47
mv_tbl__quotes_daily__0                                                                                                                 ,230009,Delete                        ,t,[VacuumBG] Started Delete Only,2026-08-12 22:24:15.661125,,0.0,323965,2988,47,0
mv_tbl__quotes_daily__0                                                                                                                 ,230009,Delete                        ,t,[VacuumBG] Finished           ,2026-08-12 22:24:15.661125,2026-08-12 22:24:17.747145,2.08602,318865,2988,47,47
mv_tbl__quotes_daily__0                                                                                                                 ,230009,Delete                        ,t,[VacuumBG] Started Delete Only,2026-08-12 22:25:47.126037,,0.0,337661,2988,47,0
mv_tbl__quotes_daily__0                                                                                                                 ,230009,Delete                        ,t,[VacuumBG] Finished           ,2026-08-12 22:25:47.126037,2026-08-12 22:25:51.708460,4.582423,314593,2990,47,47
mv_tbl__quotes_daily__0                                                                                                                 ,230009,Delete                        ,t,[VacuumBG] Started Delete Only,2026-08-12 22:27:17.404918,,0.0,324099,2988,47,0
mv_tbl__quotes_daily__0                                                                                                                 ,230009,Delete                        ,t,[VacuumBG] Finished           ,2026-08-12 22:27:17.404918,2026-08-12 22:27:20.415488,3.01057,319277,2988,47,47
mv_tbl__quotes_daily__0                                                                                                                 ,230009,Delete                        ,t,[VacuumBG] Started Delete Only,2026-08-12 22:28:45.597309,,0.0,338180,2988,47,0
mv_tbl__quotes_daily__0                                                                                                                 ,230009,Delete                        ,t,[VacuumBG] Finished           ,2026-08-12 22:28:45.597309,2026-08-12 22:28:48.728903,3.131594,326054,2990,47,47
mv_tbl__quotes_daily__0                                                                                                                 ,230009,Delete                        ,t,[VacuumBG] Started Delete Only,2026-08-12 22:30:15.711121,,0.0,335501,2988,47,0
mv_tbl__quotes_daily__0                                                                                                                 ,230009,Delete                        ,t,[VacuumBG] Finished           ,2026-08-12 22:30:15.711121,2026-08-12 22:30:19.161758,3.450637,313708,2990,47,47
mv_tbl__quotes_daily__0                                                                                                                 ,230009,Delete                        ,t,[VacuumBG] Finished           ,2026-08-12 22:31:47.289046,2026-08-12 22:31:50.083480,2.794434,338261,2990,47,47
mv_tbl__quotes_daily__0                                                                                                                 ,230009,Delete                        ,t,[VacuumBG] Started Delete Only,2026-08-12 22:31:47.289046,,0.0,340559,2988,47,0
mv_tbl__quotes_daily__0                                                                                                                 ,230009,Delete                        ,t,[VacuumBG] Finished           ,2026-08-12 22:33:16.427750,2026-08-12 22:33:20.025900,3.59815,323108,2990,47,47
mv_tbl__quotes_daily__0                                                                                                                 ,230009,Delete                        ,t,[VacuumBG] Started Delete Only,2026-08-12 22:33:16.427750,,0.0,350153,2988,47,0
mv_tbl__quotes_daily__0                                                                                                                 ,230009,Delete                        ,t,[VacuumBG] Started Delete Only,2026-08-12 22:34:45.624393,,0.0,341302,2988,47,0
mv_tbl__quotes_daily__0                                                                                                                 ,230009,Delete                        ,t,[VacuumBG] Finished           ,2026-08-12 22:34:45.624393,2026-08-12 22:34:47.632433,2.00804,337729,2988,47,47
mv_tbl__quotes_daily__0                                                                                                                 ,230009,Delete                        ,t,[VacuumBG] Finished           ,2026-08-12 22:36:16.723745,2026-08-12 22:36:19.508102,2.784357,323652,2988,47,47
mv_tbl__quotes_daily__0                                                                                                                 ,230009,Delete                        ,t,[VacuumBG] Started Delete Only,2026-08-12 22:36:16.723745,,0.0,347014,2988,47,0
mv_tbl__quotes_daily__0                                                                                                                 ,230009,Delete                        ,t,[VacuumBG] Finished           ,2026-08-12 22:37:46.232119,2026-08-12 22:37:48.716278,2.484159,326825,2990,47,47
mv_tbl__quotes_daily__0                                                                                                                 ,230009,Delete                        ,t,[VacuumBG] Started Delete Only,2026-08-12 22:37:46.232119,,0.0,342427,2988,47,0
mv_tbl__quotes_daily__0                                                                                                                 ,230009,Delete                        ,t,[VacuumBG] Started Delete Only,2026-08-12 22:39:15.634857,,0.0,345714,2988,47,0
mv_tbl__quotes_daily__0                                                                                                                 ,230009,Delete                        ,t,[VacuumBG] Finished           ,2026-08-12 22:39:15.634857,2026-08-12 22:39:18.976899,3.342042,326715,2990,47,47
mv_tbl__quotes_daily__0                                                                                                                 ,230009,Delete                        ,t,[VacuumBG] Finished           ,2026-08-12 22:40:47.085359,2026-08-12 22:40:49.760843,2.675484,326906,2988,47,47
mv_tbl__quotes_daily__0                                                                                                                 ,230009,Delete                        ,t,[VacuumBG] Started Delete Only,2026-08-12 22:40:47.085359,,0.0,336170,2988,47,0
mv_tbl__quotes_daily__0                                                                                                                 ,230009,Delete                        ,t,[VacuumBG] Finished           ,2026-08-12 22:42:16.138704,2026-08-12 22:42:18.578776,2.440072,330336,2988,47,47
mv_tbl__quotes_daily__0                                                                                                                 ,230009,Delete                        ,t,[VacuumBG] Started Delete Only,2026-08-12 22:42:16.138704,,0.0,336423,2988,47,0
mv_tbl__quotes_daily__0                                                                                                                 ,230009,Delete                        ,t,[VacuumBG] Started Delete Only,2026-08-12 22:43:48.600718,,0.0,357537,2988,47,0
mv_tbl__quotes_daily__0                                                                                                                 ,230009,Delete                        ,t,[VacuumBG] Finished           ,2026-08-12 22:43:48.600718,2026-08-12 22:43:53.037684,4.436966,344901,2990,47,47
mv_tbl__quotes_daily__0                                                                                                                 ,230009,Delete                        ,t,[VacuumBG] Started Delete Only,2026-08-12 22:45:16.350304,,0.0,358995,2988,47,0
mv_tbl__quotes_daily__0                                                                                                                 ,230009,Delete                        ,t,[VacuumBG] Finished           ,2026-08-12 22:45:16.350304,2026-08-12 22:45:19.096978,2.746674,333346,2990,47,47
mv_tbl__quotes_daily__0                                                                                                                 ,230009,Delete                        ,t,[VacuumBG] Started Delete Only,2026-08-12 22:46:47.710712,,0.0,351790,2988,47,0
mv_tbl__quotes_daily__0                                                                                                                 ,230009,Delete                        ,t,[VacuumBG] Finished           ,2026-08-12 22:46:47.710712,2026-08-12 22:46:51.355839,3.645127,335339,2990,47,47
mv_tbl__quotes_daily__0                                                                                                                 ,230009,Delete                        ,t,[VacuumBG] Started Delete Only,2026-08-12 22:48:15.980885,,0.0,344812,2988,47,0
mv_tbl__quotes_daily__0                                                                                                                 ,230009,Delete                        ,t,[VacuumBG] Finished           ,2026-08-12 22:48:15.980885,2026-08-12 22:48:18.395049,2.414164,338226,2988,47,47
mv_tbl__quotes_daily__0                                                                                                                 ,230009,Delete                        ,t,[VacuumBG] Finished           ,2026-08-12 22:49:47.040605,2026-08-12 22:49:50.607082,3.566477,336251,2990,47,47
mv_tbl__quotes_daily__0                                                                                                                 ,230009,Delete                        ,t,[VacuumBG] Started Delete Only,2026-08-12 22:49:47.040605,,0.0,357169,2988,47,0
mv_tbl__quotes_daily__0                                                                                                                 ,230009,Delete                        ,t,[VacuumBG] Finished           ,2026-08-12 22:51:16.095827,2026-08-12 22:51:18.263826,2.167999,338653,2988,47,47
mv_tbl__quotes_daily__0                                                                                                                 ,230009,Delete                        ,t,[VacuumBG] Started Delete Only,2026-08-12 22:51:16.095827,,0.0,345734,2988,47,0
mv_tbl__quotes_daily__0                                                                                                                 ,230009,Delete                        ,t,[VacuumBG] Started Delete Only,2026-08-12 22:52:45.951500,,0.0,357622,2988,47,0
mv_tbl__quotes_daily__0                                                                                                                 ,230009,Delete                        ,t,[VacuumBG] Finished           ,2026-08-12 22:52:45.951500,2026-08-12 22:52:48.878094,2.926594,347536,2990,47,47
mv_tbl__quotes_daily__0                                                                                                                 ,230009,Delete                        ,t,[VacuumBG] Started Delete Only,2026-08-12 22:54:17.031721,,0.0,357160,2988,47,0
mv_tbl__quotes_daily__0                                                                                                                 ,230009,Delete                        ,t,[VacuumBG] Finished           ,2026-08-12 22:54:17.031721,2026-08-12 22:54:21.517385,4.485664,333939,2990,47,47
mv_tbl__quotes_daily__0                                                                                                                 ,230009,Delete                        ,t,[VacuumBG] Started Delete Only,2026-08-12 22:55:45.899056,,0.0,375531,2988,47,0
mv_tbl__quotes_daily__0                                                                                                                 ,230009,Delete                        ,t,[VacuumBG] Finished           ,2026-08-12 22:55:45.899056,2026-08-12 22:55:49.239273,3.340217,347334,2990,47,47
mv_tbl__quotes_daily__0                                                                                                                 ,230009,Delete                        ,t,[VacuumBG] Started Delete Only,2026-08-12 22:57:17.665715,,0.0,366049,2988,47,0
mv_tbl__quotes_daily__0                                                                                                                 ,230009,Delete                        ,t,[VacuumBG] Finished           ,2026-08-12 22:57:17.665715,2026-08-12 22:57:19.784698,2.118983,352691,2988,47,47
mv_tbl__quotes_daily__0                                                                                                                 ,230009,Delete                        ,t,[VacuumBG] Started Delete Only,2026-08-12 22:58:48.061959,,0.0,362171,2988,47,0
mv_tbl__quotes_daily__0                                                                                                                 ,230009,Delete                        ,t,[VacuumBG] Finished           ,2026-08-12 22:58:48.061959,2026-08-12 22:58:51.100892,3.038933,353550,2990,47,47
mv_tbl__quotes_daily__0                                                                                                                 ,230009,Delete                        ,t,[VacuumBG] Finished           ,2026-08-12 23:00:17.117639,2026-08-12 23:00:19.773412,2.655773,360563,2988,47,47
mv_tbl__quotes_daily__0                                                                                                                 ,230009,Delete                        ,t,[VacuumBG] Started Delete Only,2026-08-12 23:00:17.117639,,0.0,368515,2988,47,0
mv_tbl__quotes_daily__0                                                                                                                 ,230009,Delete                        ,t,[VacuumBG] Finished           ,2026-08-12 23:01:47.372114,2026-08-12 23:01:51.423798,4.051684,359059,2990,47,47
mv_tbl__quotes_daily__0                                                                                                                 ,230009,Delete                        ,t,[VacuumBG] Started Delete Only,2026-08-12 23:01:47.372114,,0.0,388050,2988,47,0
mv_tbl__quotes_daily__0                                                                                                                 ,230009,Delete                        ,t,[VacuumBG] Started Delete Only,2026-08-12 23:03:18.585989,,0.0,368323,2988,47,0
mv_tbl__quotes_daily__0                                                                                                                 ,230009,Delete                        ,t,[VacuumBG] Finished           ,2026-08-12 23:03:18.585989,2026-08-12 23:03:20.043545,1.457556,365285,2988,47,47
mv_tbl__quotes_daily__0                                                                                                                 ,230009,Delete                        ,t,[VacuumBG] Finished           ,2026-08-12 23:04:48.080707,2026-08-12 23:04:51.217713,3.137006,360825,2990,47,47
mv_tbl__quotes_daily__0                                                                                                                 ,230009,Delete                        ,t,[VacuumBG] Started Delete Only,2026-08-12 23:04:48.080707,,0.0,383945,2988,47,0
mv_tbl__quotes_daily__0                                                                                                                 ,230009,Delete                        ,t,[VacuumBG] Finished           ,2026-08-12 23:06:17.127044,2026-08-12 23:06:20.022081,2.895037,373861,2990,47,47
mv_tbl__quotes_daily__0                                                                                                                 ,230009,Delete                        ,t,[VacuumBG] Started Delete Only,2026-08-12 23:06:17.127044,,0.0,379695,2988,47,0
mv_tbl__quotes_daily__0                                                                                                                 ,230009,Delete                        ,t,[VacuumBG] Finished           ,2026-08-12 23:07:47.022961,2026-08-12 23:07:50.221425,3.198464,373861,2990,47,47
mv_tbl__quotes_daily__0                                                                                                                 ,230009,Delete                        ,t,[VacuumBG] Started Delete Only,2026-08-12 23:07:47.022961,,0.0,373861,2990,47,0
mv_tbl__quotes_daily__0                                                                                                                 ,230009,Delete                        ,t,[VacuumBG] Started Delete Only,2026-08-12 23:09:16.064292,,0.0,392908,2988,47,0
mv_tbl__quotes_daily__0                                                                                                                 ,230009,Delete                        ,t,[VacuumBG] Finished           ,2026-08-12 23:09:16.064292,2026-08-12 23:09:19.667960,3.603668,382152,2990,47,47
mv_tbl__quotes_daily__0                                                                                                                 ,230009,Delete                        ,t,[VacuumBG] Started Delete Only,2026-08-12 23:10:46.726696,,0.0,391717,2988,47,0
mv_tbl__quotes_daily__0                                                                                                                 ,230009,Delete                        ,t,[VacuumBG] Finished           ,2026-08-12 23:10:46.726696,2026-08-12 23:10:50.008472,3.281776,370056,2990,47,47
mv_tbl__quotes_daily__0                                                                                                                 ,230009,Delete                        ,t,[VacuumBG] Started Delete Only,2026-08-12 23:12:18.192532,,0.0,404391,2988,47,0
mv_tbl__quotes_daily__0                                                                                                                 ,230009,Delete                        ,t,[VacuumBG] Finished           ,2026-08-12 23:12:18.192532,2026-08-12 23:12:21.753807,3.561275,388338,2990,47,47
mv_tbl__quotes_daily__0                                                                                                                 ,230009,Delete                        ,t,[VacuumBG] Finished           ,2026-08-12 23:13:47.854966,2026-08-12 23:13:52.163068,4.308102,369913,2990,47,47
mv_tbl__quotes_daily__0                                                                                                                 ,230009,Delete                        ,t,[VacuumBG] Started Delete Only,2026-08-12 23:13:47.854966,,0.0,397382,2988,47,0
mv_tbl__quotes_daily__0                                                                                                                 ,230009,Delete                        ,t,[VacuumBG] Finished           ,2026-08-12 23:15:16.106522,2026-08-12 23:15:19.330812,3.22429,371879,2990,47,47
mv_tbl__quotes_daily__0                                                                                                                 ,230009,Delete                        ,t,[VacuumBG] Started Delete Only,2026-08-12 23:15:16.106522,,0.0,388438,2988,47,0
mv_tbl__quotes_daily__0                                                                                                                 ,230009,Delete                        ,t,[VacuumBG] Finished           ,2026-08-12 23:16:46.177324,2026-08-12 23:16:48.984856,2.807532,374691,2988,47,47
mv_tbl__quotes_daily__0                                                                                                                 ,230009,Delete                        ,t,[VacuumBG] Started Delete Only,2026-08-12 23:16:46.177324,,0.0,381193,2988,47,0
mv_tbl__quotes_daily__0                                                                                                                 ,230009,Delete                        ,t,[VacuumBG] Finished           ,2026-08-12 23:18:17.045362,2026-08-12 23:18:20.487083,3.441721,371427,2990,47,47
mv_tbl__quotes_daily__0                                                                                                                 ,230009,Delete                        ,t,[VacuumBG] Started Delete Only,2026-08-12 23:18:17.045362,,0.0,393479,2988,47,0
mv_tbl__quotes_daily__0                                                                                                                 ,230009,Delete                        ,t,[VacuumBG] Started Delete Only,2026-08-12 23:19:46.110760,,0.0,380828,2988,47,0
mv_tbl__quotes_daily__0                                                                                                                 ,230009,Delete                        ,t,[VacuumBG] Finished           ,2026-08-12 23:19:46.110760,2026-08-12 23:19:48.393655,2.282895,375248,2988,47,47
mv_tbl__quotes_daily__0                                                                                                                 ,230009,Delete                        ,t,[VacuumBG] Started Delete Only,2026-08-12 23:21:16.145258,,0.0,394261,2988,47,0
mv_tbl__quotes_daily__0                                                                                                                 ,230009,Delete                        ,t,[VacuumBG] Finished           ,2026-08-12 23:21:16.145258,2026-08-12 23:21:20.213038,4.06778,370101,2990,47,47
mv_tbl__quotes_daily__0                                                                                                                 ,230009,Delete                        ,t,[VacuumBG] Started Delete Only,2026-08-12 23:22:46.222941,,0.0,379750,2988,47,0
mv_tbl__quotes_daily__0                                                                                                                 ,230009,Delete                        ,t,[VacuumBG] Finished           ,2026-08-12 23:22:46.222941,2026-08-12 23:22:48.450754,2.227813,375106,2988,47,47
mv_tbl__quotes_daily__0                                                                                                                 ,230009,Delete                        ,t,[VacuumBG] Started Delete Only,2026-08-12 23:24:16.854773,,0.0,409752,2988,47,0
mv_tbl__quotes_daily__0                                                                                                                 ,230009,Delete                        ,t,[VacuumBG] Finished           ,2026-08-12 23:24:16.854773,2026-08-12 23:24:20.066641,3.211868,377440,2990,47,47
mv_tbl__quotes_daily__0                                                                                                                 ,230009,Delete                        ,t,[VacuumBG] Started Delete Only,2026-08-12 23:25:47.346095,,0.0,395833,2988,47,0
mv_tbl__quotes_daily__0                                                                                                                 ,230009,Delete                        ,t,[VacuumBG] Finished           ,2026-08-12 23:25:47.346095,2026-08-12 23:25:50.994191,3.648096,384082,2990,47,47
mv_tbl__quotes_daily__0                                                                                                                 ,230009,Delete                        ,t,[VacuumBG] Finished           ,2026-08-12 23:27:19.315611,2026-08-12 23:27:21.534290,2.218679,386128,2988,47,47
mv_tbl__quotes_daily__0                                                                                                                 ,230009,Delete                        ,t,[VacuumBG] Started Delete Only,2026-08-12 23:27:19.315611,,0.0,393439,2988,47,0
mv_tbl__quotes_daily__0                                                                                                                 ,230009,Delete                        ,t,[VacuumBG] Finished           ,2026-08-12 23:28:46.777504,2026-08-12 23:28:48.905711,2.128207,384871,2988,47,47
mv_tbl__quotes_daily__0                                                                                                                 ,230009,Delete                        ,t,[VacuumBG] Started Delete Only,2026-08-12 23:28:46.777504,,0.0,395579,2988,47,0
mv_tbl__quotes_daily__0                                                                                                                 ,230009,Delete                        ,t,[VacuumBG] Started Delete Only,2026-08-12 23:30:19.124567,,0.0,403834,2988,47,0
mv_tbl__quotes_daily__0                                                                                                                 ,230009,Delete                        ,t,[VacuumBG] Finished           ,2026-08-12 23:30:19.124567,2026-08-12 23:30:22.694247,3.56968,380057,2990,47,47
mv_tbl__quotes_daily__0                                                                                                                 ,230009,Delete                        ,t,[VacuumBG] Finished           ,2026-08-12 23:31:49.186497,2026-08-12 23:31:51.206550,2.020053,386924,2988,47,47
mv_tbl__quotes_daily__0                                                                                                                 ,230009,Delete                        ,t,[VacuumBG] Started Delete Only,2026-08-12 23:31:49.186497,,0.0,389571,2988,47,0
mv_tbl__quotes_daily__0                                                                                                                 ,230009,Delete                        ,t,[VacuumBG] Finished           ,2026-08-12 23:33:18.239210,2026-08-12 23:33:22.024583,3.785373,381225,2990,47,47
mv_tbl__quotes_daily__0                                                                                                                 ,230009,Delete                        ,t,[VacuumBG] Started Delete Only,2026-08-12 23:33:18.239210,,0.0,407629,2988,47,0
mv_tbl__quotes_daily__0                                                                                                                 ,230009,Delete                        ,t,[VacuumBG] Started Delete Only,2026-08-12 23:34:47.500065,,0.0,399702,2988,47,0
mv_tbl__quotes_daily__0                                                                                                                 ,230009,Delete                        ,t,[VacuumBG] Finished           ,2026-08-12 23:34:47.500065,2026-08-12 23:34:49.444493,1.944428,397086,2988,47,47
mv_tbl__quotes_daily__0                                                                                                                 ,230009,Delete                        ,t,[VacuumBG] Started Delete Only,2026-08-12 23:36:17.358988,,0.0,416427,2988,47,0
mv_tbl__quotes_daily__0                                                                                                                 ,230009,Delete                        ,t,[VacuumBG] Finished           ,2026-08-12 23:36:17.358988,2026-08-12 23:36:21.454288,4.0953,389600,2990,47,47
mv_tbl__quotes_daily__0                                                                                                                 ,230009,Delete                        ,t,[VacuumBG] Started Delete Only,2026-08-12 23:37:46.410606,,0.0,398965,2988,47,0
mv_tbl__quotes_daily__0                                                                                                                 ,230009,Delete                        ,t,[VacuumBG] Finished           ,2026-08-12 23:37:46.410606,2026-08-12 23:37:48.837712,2.427106,397119,2988,47,47
mv_tbl__quotes_daily__0                                                                                                                 ,230009,Delete                        ,t,[VacuumBG] Started Delete Only,2026-08-12 23:39:16.451026,,0.0,415994,2988,47,0
mv_tbl__quotes_daily__0                                                                                                                 ,230009,Delete                        ,t,[VacuumBG] Finished           ,2026-08-12 23:39:16.451026,2026-08-12 23:39:20.583982,4.132956,389840,2990,47,47
mv_tbl__quotes_daily__0                                                                                                                 ,230009,Delete                        ,t,[VacuumBG] Started Delete Only,2026-08-12 23:40:48.303082,,0.0,399243,2988,47,0
mv_tbl__quotes_daily__0                                                                                                                 ,230009,Delete                        ,t,[VacuumBG] Finished           ,2026-08-12 23:40:48.303082,2026-08-12 23:40:51.000407,2.697325,396829,2988,47,47
mv_tbl__quotes_daily__0                                                                                                                 ,230009,Delete                        ,t,[VacuumBG] Finished           ,2026-08-12 23:42:17.154416,2026-08-12 23:42:20.554723,3.400307,392252,2990,47,47
mv_tbl__quotes_daily__0                                                                                                                 ,230009,Delete                        ,t,[VacuumBG] Started Delete Only,2026-08-12 23:42:17.154416,,0.0,415845,2988,47,0
mv_tbl__quotes_daily__0                                                                                                                 ,230009,Delete                        ,t,[VacuumBG] Finished           ,2026-08-12 23:43:47.199422,2026-08-12 23:43:49.277208,2.077786,396904,2988,47,47
mv_tbl__quotes_daily__0                                                                                                                 ,230009,Delete                        ,t,[VacuumBG] Started Delete Only,2026-08-12 23:43:47.199422,,0.0,401747,2988,47,0
mv_tbl__quotes_daily__0                                                                                                                 ,230009,Delete                        ,t,[VacuumBG] Started Delete Only,2026-08-12 23:45:18.258389,,0.0,421671,2988,47,0
mv_tbl__quotes_daily__0                                                                                                                 ,230009,Delete                        ,t,[VacuumBG] Finished           ,2026-08-12 23:45:18.258389,2026-08-12 23:45:21.469286,3.210897,395977,2990,47,47
mv_tbl__quotes_daily__0                                                                                                                 ,230009,Delete                        ,t,[VacuumBG] Started Delete Only,2026-08-12 23:46:48.341962,,0.0,414171,2988,47,0
mv_tbl__quotes_daily__0                                                                                                                 ,230009,Delete                        ,t,[VacuumBG] Finished           ,2026-08-12 23:46:48.341962,2026-08-12 23:46:51.212373,2.870411,405429,2988,47,47
mv_tbl__quotes_daily__0                                                                                                                 ,230009,Delete                        ,t,[VacuumBG] Started Delete Only,2026-08-12 23:48:19.207582,,0.0,424062,2988,47,0
mv_tbl__quotes_daily__0                                                                                                                 ,230009,Delete                        ,t,[VacuumBG] Finished           ,2026-08-12 23:48:19.207582,2026-08-12 23:48:21.779314,2.571732,403583,2990,47,47
mv_tbl__quotes_daily__0                                                                                                                 ,230009,Delete                        ,t,[VacuumBG] Started Delete Only,2026-08-12 23:49:47.863240,,0.0,422306,2988,47,0
mv_tbl__quotes_daily__0                                                                                                                 ,230009,Delete                        ,t,[VacuumBG] Finished           ,2026-08-12 23:49:47.863240,2026-08-12 23:49:52.010112,4.146872,402838,2989,47,47
mv_tbl__quotes_daily__0                                                                                                                 ,230009,Delete                        ,t,[VacuumBG] Started Delete Only,2026-08-12 23:51:16.520192,,0.0,412225,2988,47,0
mv_tbl__quotes_daily__0                                                                                                                 ,230009,Delete                        ,t,[VacuumBG] Finished           ,2026-08-12 23:51:16.520192,2026-08-12 23:51:19.035582,2.51539,407366,2989,47,47
mv_tbl__quotes_daily__0                                                                                                                 ,230009,Delete                        ,t,[VacuumBG] Finished           ,2026-08-12 23:52:48.593959,2026-08-12 23:52:52.091175,3.497216,403784,2989,47,47
mv_tbl__quotes_daily__0                                                                                                                 ,230009,Delete                        ,t,[VacuumBG] Started Delete Only,2026-08-12 23:52:48.593959,,0.0,416856,2988,47,0
mv_tbl__quotes_daily__0                                                                                                                 ,230009,Delete                        ,t,[VacuumBG] Finished           ,2026-08-12 23:54:17.844764,2026-08-12 23:54:20.880243,3.035479,402898,2989,47,47
mv_tbl__quotes_daily__0                                                                                                                 ,230009,Delete                        ,t,[VacuumBG] Started Delete Only,2026-08-12 23:54:17.844764,,0.0,422766,2988,47,0
mv_tbl__quotes_daily__0                                                                                                                 ,230009,Delete                        ,t,[VacuumBG] Started Delete Only,2026-08-12 23:55:46.515450,,0.0,412530,2988,47,0
mv_tbl__quotes_daily__0                                                                                                                 ,230009,Delete                        ,t,[VacuumBG] Finished           ,2026-08-12 23:55:46.515450,2026-08-12 23:55:48.971742,2.456292,406616,2989,47,47
mv_tbl__quotes_daily__0                                                                                                                 ,230009,Delete                        ,t,[VacuumBG] Started Delete Only,2026-08-12 23:57:16.663233,,0.0,442954,2988,47,0
mv_tbl__quotes_daily__0                                                                                                                 ,230009,Delete                        ,t,[VacuumBG] Finished           ,2026-08-12 23:57:16.663233,2026-08-12 23:57:19.747013,3.08378,415121,2989,47,47
mv_tbl__quotes_daily__0                                                                                                                 ,230009,Delete                        ,t,[VacuumBG] Started Delete Only,2026-08-12 23:58:48.085259,,0.0,424328,2988,47,0
mv_tbl__quotes_daily__0                                                                                                                 ,230009,Delete                        ,t,[VacuumBG] Finished           ,2026-08-12 23:58:48.085259,2026-08-12 23:58:50.877290,2.792031,422532,2989,47,47
mv_tbl__quotes_daily__0                                                                                                                 ,230009,Delete                        ,t,[VacuumBG] Finished           ,2026-08-13 00:00:17.868891,2026-08-13 00:00:20.876869,3.007978,419158,2989,47,47
mv_tbl__quotes_daily__0                                                                                                                 ,230009,Delete                        ,t,[VacuumBG] Started Delete Only,2026-08-13 00:00:17.868891,,0.0,441234,2988,47,0
mv_tbl__quotes_daily__0                                                                                                                 ,230009,Delete                        ,t,[VacuumBG] Finished           ,2026-08-13 00:01:47.417138,2026-08-13 00:01:49.546847,2.129709,420505,2988,47,47
mv_tbl__quotes_daily__0                                                                                                                 ,230009,Delete                        ,t,[VacuumBG] Started Delete Only,2026-08-13 00:01:47.417138,,0.0,428579,2988,47,0
mv_tbl__quotes_daily__0                                                                                                                 ,230009,Delete                        ,t,[VacuumBG] Started Delete Only,2026-08-13 00:03:18.606860,,0.0,439516,2988,47,0
mv_tbl__quotes_daily__0                                                                                                                 ,230009,Delete                        ,t,[VacuumBG] Finished           ,2026-08-13 00:03:18.606860,2026-08-13 00:03:21.506211,2.899351,419318,2989,47,47
mv_tbl__quotes_daily__0                                                                                                                 ,230009,Delete                        ,t,[VacuumBG] Started Delete Only,2026-08-13 00:04:48.341179,,0.0,428860,2988,47,0
mv_tbl__quotes_daily__0                                                                                                                 ,230009,Delete                        ,t,[VacuumBG] Finished           ,2026-08-13 00:04:48.341179,2026-08-13 00:04:52.584073,4.242894,423361,2989,47,47
mv_tbl__quotes_daily__0                                                                                                                 ,230009,Delete                        ,t,[VacuumBG] Started Delete Only,2026-08-13 00:06:17.185362,,0.0,442481,2988,47,0
mv_tbl__quotes_daily__0                                                                                                                 ,230009,Delete                        ,t,[VacuumBG] Finished           ,2026-08-13 00:06:17.185362,2026-08-13 00:06:20.270333,3.084971,429550,2989,47,47
mv_tbl__quotes_daily__0                                                                                                                 ,230009,Delete                        ,t,[VacuumBG] Started Delete Only,2026-08-13 00:07:48.088943,,0.0,439292,2988,47,0
mv_tbl__quotes_daily__0                                                                                                                 ,230009,Delete                        ,t,[VacuumBG] Finished           ,2026-08-13 00:07:48.088943,2026-08-13 00:07:51.084609,2.995666,416277,2990,47,47
mv_tbl__quotes_daily__0                                                                                                                 ,230009,Delete                        ,t,[VacuumBG] Finished           ,2026-08-13 00:09:16.854897,2026-08-13 00:09:19.511185,2.656288,427882,2988,47,47
mv_tbl__quotes_daily__0                                                                                                                 ,230009,Delete                        ,t,[VacuumBG] Started Delete Only,2026-08-13 00:09:16.854897,,0.0,452186,2988,47,0
mv_tbl__quotes_daily__0                                                                                                                 ,230009,Delete                        ,t,[VacuumBG] Finished           ,2026-08-13 00:10:47.217271,2026-08-13 00:10:50.537816,3.320545,432898,2990,47,47
mv_tbl__quotes_daily__0                                                                                                                 ,230009,Delete                        ,t,[VacuumBG] Started Delete Only,2026-08-13 00:10:47.217271,,0.0,446446,2988,47,0
mv_tbl__quotes_daily__0                                                                                                                 ,230009,Delete                        ,t,[VacuumBG] Started Delete Only,2026-08-13 00:12:17.874853,,0.0,442346,2988,47,0
mv_tbl__quotes_daily__0                                                                                                                 ,230009,Delete                        ,t,[VacuumBG] Finished           ,2026-08-13 00:12:17.874853,2026-08-13 00:12:20.691327,2.816474,432358,2988,47,47
mv_tbl__quotes_daily__0                                                                                                                 ,230009,Delete                        ,t,[VacuumBG] Started Delete Only,2026-08-13 00:13:47.745236,,0.0,441814,2988,47,0
mv_tbl__quotes_daily__0                                                                                                                 ,230009,Delete                        ,t,[VacuumBG] Finished           ,2026-08-13 00:13:47.745236,2026-08-13 00:13:50.309217,2.563981,432179,2988,47,47
mv_tbl__quotes_daily__0                                                                                                                 ,230009,Delete                        ,t,[VacuumBG] Started Delete Only,2026-08-13 00:15:17.215322,,0.0,451221,2988,47,0
mv_tbl__quotes_daily__0                                                                                                                 ,230009,Delete                        ,t,[VacuumBG] Finished           ,2026-08-13 00:15:17.215322,2026-08-13 00:15:21.400190,4.184868,441465,2990,47,47
mv_tbl__quotes_daily__0                                                                                                                 ,230009,Delete                        ,t,[VacuumBG] Started Delete Only,2026-08-13 00:16:49.106975,,0.0,451089,2988,47,0
mv_tbl__quotes_daily__0                                                                                                                 ,230009,Delete                        ,t,[VacuumBG] Finished           ,2026-08-13 00:16:49.106975,2026-08-13 00:16:52.453444,3.346469,429704,2988,47,47
mv_tbl__quotes_daily__0                                                                                                                 ,230009,Delete                        ,t,[VacuumBG] Started Delete Only,2026-08-13 00:18:17.366408,,0.0,449032,2988,47,0
mv_tbl__quotes_daily__0                                                                                                                 ,230009,Delete                        ,t,[VacuumBG] Finished           ,2026-08-13 00:18:17.366408,2026-08-13 00:18:21.525083,4.158675,428344,2990,47,47
mv_tbl__quotes_daily__0                                                                                                                 ,230009,Delete                        ,t,[VacuumBG] Started Delete Only,2026-08-13 00:19:48.039517,,0.0,443362,2988,47,0
mv_tbl__quotes_daily__0                                                                                                                 ,230009,Delete                        ,t,[VacuumBG] Finished           ,2026-08-13 00:19:48.039517,2026-08-13 00:19:50.595814,2.556297,438153,2988,47,47
mv_tbl__quotes_daily__0                                                                                                                 ,230009,Delete                        ,t,[VacuumBG] Started Delete Only,2026-08-13 00:21:18.497862,,0.0,465989,2988,47,0
mv_tbl__quotes_daily__0                                                                                                                 ,230009,Delete                        ,t,[VacuumBG] Finished           ,2026-08-13 00:21:18.497862,2026-08-13 00:21:22.495036,3.997174,437340,2990,47,47
mv_tbl__quotes_daily__0                                                                                                                 ,230009,Delete                        ,t,[VacuumBG] Finished           ,2026-08-13 00:22:47.164004,2026-08-13 00:22:49.865093,2.701089,443562,2988,47,47
mv_tbl__quotes_daily__0                                                                                                                 ,230009,Delete                        ,t,[VacuumBG] Started Delete Only,2026-08-13 00:22:47.164004,,0.0,446706,2988,47,0
mv_tbl__quotes_daily__0                                                                                                                 ,230009,Delete                        ,t,[VacuumBG] Finished           ,2026-08-13 00:24:17.230123,2026-08-13 00:24:20.379016,3.148893,437643,2990,47,47
mv_tbl__quotes_daily__0                                                                                                                 ,230009,Delete                        ,t,[VacuumBG] Started Delete Only,2026-08-13 00:24:17.230123,,0.0,462487,2988,47,0
mv_tbl__quotes_daily__0                                                                                                                 ,230009,Delete                        ,t,[VacuumBG] Started Delete Only,2026-08-13 00:25:46.897961,,0.0,447161,2988,47,0
mv_tbl__quotes_daily__0                                                                                                                 ,230009,Delete                        ,t,[VacuumBG] Finished           ,2026-08-13 00:25:46.897961,2026-08-13 00:25:49.661236,2.763275,443112,2988,47,47
mv_tbl__quotes_daily__0                                                                                                                 ,230009,Delete                        ,t,[VacuumBG] Started Delete Only,2026-08-13 00:27:19.092022,,0.0,462386,2988,47,0
mv_tbl__quotes_daily__0                                                                                                                 ,230009,Delete                        ,t,[VacuumBG] Finished           ,2026-08-13 00:27:19.092022,2026-08-13 00:27:21.901420,2.809398,438203,2990,47,47
mv_tbl__quotes_daily__0                                                                                                                 ,230009,Delete                        ,t,[VacuumBG] Started Delete Only,2026-08-13 00:28:46.842441,,0.0,447816,2988,47,0
mv_tbl__quotes_daily__0                                                                                                                 ,230009,Delete                        ,t,[VacuumBG] Finished           ,2026-08-13 00:28:46.842441,2026-08-13 00:28:48.860310,2.017869,444024,2988,47,47
mv_tbl__quotes_daily__0                                                                                                                 ,230009,Delete                        ,t,[VacuumBG] Started Delete Only,2026-08-13 00:30:17.085124,,0.0,463030,2988,47,0
mv_tbl__quotes_daily__0                                                                                                                 ,230009,Delete                        ,t,[VacuumBG] Finished           ,2026-08-13 00:30:17.085124,2026-08-13 00:30:20.801962,3.716838,438929,2990,47,47
mv_tbl__quotes_daily__0                                                                                                                 ,230009,Delete                        ,t,[VacuumBG] Finished           ,2026-08-13 00:31:47.348490,2026-08-13 00:31:49.547017,2.198527,445316,2988,47,47
mv_tbl__quotes_daily__0                                                                                                                 ,230009,Delete                        ,t,[VacuumBG] Started Delete Only,2026-08-13 00:31:47.348490,,0.0,451535,2988,47,0
mv_tbl__quotes_daily__0                                                                                                                 ,230009,Delete                        ,t,[VacuumBG] Finished           ,2026-08-13 00:33:18.423903,2026-08-13 00:33:23.224939,4.801036,464227,2990,47,47
mv_tbl__quotes_daily__0                                                                                                                 ,230009,Delete                        ,t,[VacuumBG] Started Delete Only,2026-08-13 00:33:18.423903,,0.0,473074,2988,47,0
mv_tbl__quotes_daily__0                                                                                                                 ,230009,Delete                        ,t,[VacuumBG] Started Delete Only,2026-08-13 00:34:47.801147,,0.0,473498,2988,47,0
mv_tbl__quotes_daily__0                                                                                                                 ,230009,Delete                        ,t,[VacuumBG] Finished           ,2026-08-13 00:34:47.801147,2026-08-13 00:34:51.441513,3.640366,451297,2990,47,47
mv_tbl__quotes_daily__0                                                                                                                 ,230009,Delete                        ,t,[VacuumBG] Started Delete Only,2026-08-13 00:36:18.235021,,0.0,470087,2988,47,0
mv_tbl__quotes_daily__0                                                                                                                 ,230009,Delete                        ,t,[VacuumBG] Finished           ,2026-08-13 00:36:18.235021,2026-08-13 00:36:20.595021,2.36,452422,2988,47,47
mv_tbl__quotes_daily__0                                                                                                                 ,230009,Delete                        ,t,[VacuumBG] Started Delete Only,2026-08-13 00:37:46.979101,,0.0,461915,2988,47,0
mv_tbl__quotes_daily__0                                                                                                                 ,230009,Delete                        ,t,[VacuumBG] Finished           ,2026-08-13 00:37:46.979101,2026-08-13 00:37:50.688586,3.709485,452823,2990,47,47
mv_tbl__quotes_daily__0                                                                                                                 ,230009,Delete                        ,t,[VacuumBG] Started Delete Only,2026-08-13 00:39:20.057053,,0.0,471988,2988,47,0
mv_tbl__quotes_daily__0                                                                                                                 ,230009,Delete                        ,t,[VacuumBG] Finished           ,2026-08-13 00:39:20.057053,2026-08-13 00:39:22.417078,2.360025,451893,2988,47,47
mv_tbl__quotes_daily__0                                                                                                                 ,230009,Delete                        ,t,[VacuumBG] Started Delete Only,2026-08-13 00:40:47.098144,,0.0,461457,2988,47,0
mv_tbl__quotes_daily__0                                                                                                                 ,230009,Delete                        ,t,[VacuumBG] Finished           ,2026-08-13 00:40:47.098144,2026-08-13 00:40:50.876906,3.778762,453421,2990,47,47
mv_tbl__quotes_daily__0                                                                                                                 ,230009,Delete                        ,t,[VacuumBG] Started Delete Only,2026-08-13 00:42:17.175042,,0.0,472716,2988,47,0
mv_tbl__quotes_daily__0                                                                                                                 ,230009,Delete                        ,t,[VacuumBG] Finished           ,2026-08-13 00:42:17.175042,2026-08-13 00:42:20.127309,2.952267,451030,2988,47,47
mv_tbl__quotes_daily__0                                                                                                                 ,230009,Delete                        ,t,[VacuumBG] Started Delete Only,2026-08-13 00:43:49.040399,,0.0,460851,2988,47,0
mv_tbl__quotes_daily__0                                                                                                                 ,230009,Delete                        ,t,[VacuumBG] Finished           ,2026-08-13 00:43:49.040399,2026-08-13 00:43:52.690748,3.650349,453409,2990,47,47
mv_tbl__quotes_daily__0                                                                                                                 ,230009,Delete                        ,t,[VacuumBG] Started Delete Only,2026-08-13 00:45:18.915024,,0.0,487672,2988,47,0
mv_tbl__quotes_daily__0                                                                                                                 ,230009,Delete                        ,t,[VacuumBG] Finished           ,2026-08-13 00:45:18.915024,2026-08-13 00:45:21.440979,2.525955,458543,2988,47,47
mv_tbl__quotes_daily__0                                                                                                                 ,230009,Delete                        ,t,[VacuumBG] Started Delete Only,2026-08-13 00:46:47.766117,,0.0,467743,2988,47,0
mv_tbl__quotes_daily__0                                                                                                                 ,230009,Delete                        ,t,[VacuumBG] Finished           ,2026-08-13 00:46:47.766117,2026-08-13 00:46:50.739192,2.973075,462656,2990,47,47
mv_tbl__quotes_daily__0                                                                                                                 ,230009,Delete                        ,t,[VacuumBG] Started Delete Only,2026-08-13 00:48:17.196539,,0.0,481296,2988,47,0
mv_tbl__quotes_daily__0                                                                                                                 ,230009,Delete                        ,t,[VacuumBG] Finished           ,2026-08-13 00:48:17.196539,2026-08-13 00:48:19.531044,2.334505,475783,2988,47,47
mv_tbl__quotes_daily__0                                                                                                                 ,230009,Delete                        ,t,[VacuumBG] Finished           ,2026-08-13 00:49:47.499691,2026-08-13 00:49:50.219543,2.719852,460999,2988,47,47
mv_tbl__quotes_daily__0                                                                                                                 ,230009,Delete                        ,t,[VacuumBG] Started Delete Only,2026-08-13 00:49:47.499691,,0.0,485203,2988,47,0
mv_tbl__quotes_daily__0                                                                                                                 ,230009,Delete                        ,t,[VacuumBG] Finished           ,2026-08-13 00:51:17.323467,2026-08-13 00:51:19.364263,2.040796,473514,2990,47,47
mv_tbl__quotes_daily__0                                                                                                                 ,230009,Delete                        ,t,[VacuumBG] Started Delete Only,2026-08-13 00:51:17.323467,,0.0,479895,2988,47,0
mv_tbl__quotes_daily__0                                                                                                                 ,230009,Delete                        ,t,[VacuumBG] Started Delete Only,2026-08-13 00:52:48.219815,,0.0,483082,2988,47,0
mv_tbl__quotes_daily__0                                                                                                                 ,230009,Delete                        ,t,[VacuumBG] Finished           ,2026-08-13 00:52:48.219815,2026-08-13 00:52:51.981959,3.762144,461523,2988,47,47
mv_tbl__quotes_daily__0                                                                                                                 ,230009,Delete                        ,t,[VacuumBG] Started Delete Only,2026-08-13 00:54:18.089332,,0.0,480577,2988,47,0
mv_tbl__quotes_daily__0                                                                                                                 ,230009,Delete                        ,t,[VacuumBG] Finished           ,2026-08-13 00:54:18.089332,2026-08-13 00:54:20.548911,2.459579,471960,2990,47,47
mv_tbl__quotes_daily__0                                                                                                                 ,230009,Delete                        ,t,[VacuumBG] Started Delete Only,2026-08-13 00:55:47.748729,,0.0,481634,2988,47,0
mv_tbl__quotes_daily__0                                                                                                                 ,230009,Delete                        ,t,[VacuumBG] Finished           ,2026-08-13 00:55:47.748729,2026-08-13 00:55:50.167149,2.41842,461676,2988,47,47
mv_tbl__quotes_daily__0                                                                                                                 ,230009,Delete                        ,t,[VacuumBG] Started Delete Only,2026-08-13 00:57:17.237942,,0.0,495022,2988,47,0
mv_tbl__quotes_daily__0                                                                                                                 ,230009,Delete                        ,t,[VacuumBG] Finished           ,2026-08-13 00:57:17.237942,2026-08-13 00:57:19.529860,2.291918,478199,2990,47,47
mv_tbl__quotes_daily__0                                                                                                                 ,230009,Delete                        ,t,[VacuumBG] Finished           ,2026-08-13 00:58:47.308942,2026-08-13 00:58:49.378240,2.069298,479883,2988,47,47
mv_tbl__quotes_daily__0                                                                                                                 ,230009,Delete                        ,t,[VacuumBG] Started Delete Only,2026-08-13 00:58:47.308942,,0.0,490105,2988,47,0
mv_tbl__quotes_daily__0                                                                                                                 ,230009,Delete                        ,t,[VacuumBG] Finished           ,2026-08-13 01:00:19.181682,2026-08-13 01:00:21.709646,2.527964,490112,2990,47,47
mv_tbl__quotes_daily__0                                                                                                                 ,230009,Delete                        ,t,[VacuumBG] Started Delete Only,2026-08-13 01:00:19.181682,,0.0,498528,2988,47,0
mv_tbl__quotes_daily__0                                                                                                                 ,230009,Delete                        ,t,[VacuumBG] Finished           ,2026-08-13 01:01:47.234156,2026-08-13 01:01:51.088291,3.854135,473622,2990,47,47
mv_tbl__quotes_daily__0                                                                                                                 ,230009,Delete                        ,t,[VacuumBG] Started Delete Only,2026-08-13 01:01:47.234156,,0.0,509072,2988,47,0
mv_tbl__quotes_daily__0                                                                                                                 ,230009,Delete                        ,t,[VacuumBG] Finished           ,2026-08-13 01:03:17.699202,2026-08-13 01:03:18.821457,1.122255,480941,2988,47,47
mv_tbl__quotes_daily__0                                                                                                                 ,230009,Delete                        ,t,[VacuumBG] Started Delete Only,2026-08-13 01:03:17.699202,,0.0,483137,2988,47,0
mv_tbl__quotes_daily__0                                                                                                                 ,230009,Delete                        ,t,[VacuumBG] Started Delete Only,2026-08-13 01:04:47.552277,,0.0,490491,2988,47,0
mv_tbl__quotes_daily__0                                                                                                                 ,230009,Delete                        ,t,[VacuumBG] Finished           ,2026-08-13 01:04:47.552277,2026-08-13 01:04:49.791142,2.238865,481105,2988,47,47
mv_tbl__quotes_daily__0                                                                                                                 ,230009,Delete                        ,t,[VacuumBG] Started Delete Only,2026-08-13 01:06:17.330805,,0.0,500210,2988,47,0
mv_tbl__quotes_daily__0                                                                                                                 ,230009,Delete                        ,t,[VacuumBG] Finished           ,2026-08-13 01:06:17.330805,2026-08-13 01:06:19.464117,2.133312,477761,2988,47,47
mv_tbl__quotes_daily__0                                                                                                                 ,230009,Delete                        ,t,[VacuumBG] Started Delete Only,2026-08-13 01:07:47.298753,,0.0,487395,2988,47,0
mv_tbl__quotes_daily__0                                                                                                                 ,230009,Delete                        ,t,[VacuumBG] Finished           ,2026-08-13 01:07:47.298753,2026-08-13 01:07:50.687930,3.389177,477790,2990,47,47
mv_tbl__quotes_daily__0                                                                                                                 ,230009,Delete                        ,t,[VacuumBG] Started Delete Only,2026-08-13 01:09:18.571649,,0.0,497316,2988,47,0
mv_tbl__quotes_daily__0                                                                                                                 ,230009,Delete                        ,t,[VacuumBG] Finished           ,2026-08-13 01:09:18.571649,2026-08-13 01:09:21.057398,2.485749,479635,2988,47,47
mv_tbl__quotes_daily__0                                                                                                                 ,230009,Delete                        ,t,[VacuumBG] Started Delete Only,2026-08-13 01:10:47.433192,,0.0,511237,2988,47,0
mv_tbl__quotes_daily__0                                                                                                                 ,230009,Delete                        ,t,[VacuumBG] Finished           ,2026-08-13 01:10:47.433192,2026-08-13 01:10:51.322435,3.889243,490820,2990,47,47
mv_tbl__quotes_daily__0                                                                                                                 ,230009,Delete                        ,t,[VacuumBG] Started Delete Only,2026-08-13 01:12:18.318140,,0.0,500023,2988,47,0
mv_tbl__quotes_daily__0                                                                                                                 ,230009,Delete                        ,t,[VacuumBG] Finished           ,2026-08-13 01:12:18.318140,2026-08-13 01:12:21.093498,2.775358,487213,2988,47,47
mv_tbl__quotes_daily__0                                                                                                                 ,230009,Delete                        ,t,[VacuumBG] Started Delete Only,2026-08-13 01:13:49.700935,,0.0,506034,2988,47,0
mv_tbl__quotes_daily__0                                                                                                                 ,230009,Delete                        ,t,[VacuumBG] Finished           ,2026-08-13 01:13:49.700935,2026-08-13 01:13:51.726139,2.025204,502633,2988,47,47
mv_tbl__quotes_daily__0                                                                                                                 ,230009,Delete                        ,t,[VacuumBG] Started Delete Only,2026-08-13 01:15:17.741377,,0.0,512148,2988,47,0
mv_tbl__quotes_daily__0                                                                                                                 ,230009,Delete                        ,t,[VacuumBG] Finished           ,2026-08-13 01:15:17.741377,2026-08-13 01:15:21.348297,3.60692,489385,2989,47,47
mv_tbl__quotes_daily__0                                                                                                                 ,230009,Delete                        ,t,[VacuumBG] Started Delete Only,2026-08-13 01:16:48.185087,,0.0,498908,2988,47,0
mv_tbl__quotes_daily__0                                                                                                                 ,230009,Delete                        ,t,[VacuumBG] Finished           ,2026-08-13 01:16:48.185087,2026-08-13 01:16:50.438416,2.253329,486948,2989,47,47
mv_tbl__quotes_daily__0                                                                                                                 ,230009,Delete                        ,t,[VacuumBG] Finished           ,2026-08-13 01:18:20.117464,2026-08-13 01:18:22.478914,2.36145,494796,2988,47,47
mv_tbl__quotes_daily__0                                                                                                                 ,230009,Delete                        ,t,[VacuumBG] Started Delete Only,2026-08-13 01:18:20.117464,,0.0,505970,2988,47,0
mv_tbl__quotes_daily__0                                                                                                                 ,230009,Delete                        ,t,[VacuumBG] Finished           ,2026-08-13 01:19:48.726365,2026-08-13 01:19:51.457875,2.73151,489367,2989,47,47
mv_tbl__quotes_daily__0                                                                                                                 ,230009,Delete                        ,t,[VacuumBG] Started Delete Only,2026-08-13 01:19:48.726365,,0.0,504365,2988,47,0
mv_tbl__quotes_daily__0                                                                                                                 ,230009,Delete                        ,t,[VacuumBG] Started Delete Only,2026-08-13 01:21:18.102784,,0.0,508596,2988,47,0
mv_tbl__quotes_daily__0                                                                                                                 ,230009,Delete                        ,t,[VacuumBG] Finished           ,2026-08-13 01:21:18.102784,2026-08-13 01:21:20.627645,2.524861,492141,2989,47,47
mv_tbl__quotes_daily__0                                                                                                                 ,230009,Delete                        ,t,[VacuumBG] Started Delete Only,2026-08-13 01:22:49.578903,,0.0,501894,2988,47,0
mv_tbl__quotes_daily__0                                                                                                                 ,230009,Delete                        ,t,[VacuumBG] Finished           ,2026-08-13 01:22:49.578903,2026-08-13 01:22:52.253573,2.67467,488279,2988,47,47
mv_tbl__quotes_daily__0                                                                                                                 ,230009,Delete                        ,t,[VacuumBG] Started Delete Only,2026-08-13 01:24:18.856076,,0.0,515838,2988,47,0
mv_tbl__quotes_daily__0                                                                                                                 ,230009,Delete                        ,t,[VacuumBG] Finished           ,2026-08-13 01:24:18.856076,2026-08-13 01:24:23.304089,4.448013,501948,2990,47,47
mv_tbl__quotes_daily__0                                                                                                                 ,230009,Delete                        ,t,[VacuumBG] Started Delete Only,2026-08-13 01:25:47.529217,,0.0,511154,2988,47,0
mv_tbl__quotes_daily__0                                                                                                                 ,230009,Delete                        ,t,[VacuumBG] Finished           ,2026-08-13 01:25:47.529217,2026-08-13 01:25:50.448446,2.919229,500284,2988,47,47
mv_tbl__quotes_daily__0                                                                                                                 ,230009,Delete                        ,t,[VacuumBG] Started Delete Only,2026-08-13 01:27:17.610976,,0.0,518965,2988,47,0
mv_tbl__quotes_daily__0                                                                                                                 ,230009,Delete                        ,t,[VacuumBG] Finished           ,2026-08-13 01:27:17.610976,2026-08-13 01:27:21.749246,4.13827,499897,2990,47,47
mv_tbl__quotes_daily__0                                                                                                                 ,230009,Delete                        ,t,[VacuumBG] Started Delete Only,2026-08-13 01:28:47.676996,,0.0,509257,2988,47,0
mv_tbl__quotes_daily__0                                                                                                                 ,230009,Delete                        ,t,[VacuumBG] Finished           ,2026-08-13 01:28:47.676996,2026-08-13 01:28:50.445947,2.768951,500355,2988,47,47
mv_tbl__quotes_daily__0                                                                                                                 ,230009,Delete                        ,t,[VacuumBG] Started Delete Only,2026-08-13 01:30:19.159915,,0.0,519350,2988,47,0
mv_tbl__quotes_daily__0                                                                                                                 ,230009,Delete                        ,t,[VacuumBG] Finished           ,2026-08-13 01:30:19.159915,2026-08-13 01:30:22.976216,3.816301,501385,2988,47,47
mv_tbl__quotes_daily__0                                                                                                                 ,230009,Delete                        ,t,[VacuumBG] Started Delete Only,2026-08-13 01:31:48.219494,,0.0,510868,2988,47,0
mv_tbl__quotes_daily__0                                                                                                                 ,230009,Delete                        ,t,[VacuumBG] Finished           ,2026-08-13 01:31:48.219494,2026-08-13 01:31:52.029161,3.809667,499658,2990,47,47
mv_tbl__quotes_daily__0                                                                                                                 ,230009,Delete                        ,t,[VacuumBG] Started Delete Only,2026-08-13 01:33:18.301282,,0.0,518713,2988,47,0
mv_tbl__quotes_daily__0                                                                                                                 ,230009,Delete                        ,t,[VacuumBG] Finished           ,2026-08-13 01:33:18.301282,2026-08-13 01:33:21.257016,2.955734,501748,2988,47,47
mv_tbl__quotes_daily__0                                                                                                                 ,230009,Delete                        ,t,[VacuumBG] Started Delete Only,2026-08-13 01:34:49.150201,,0.0,511417,2988,47,0
mv_tbl__quotes_daily__0                                                                                                                 ,230009,Delete                        ,t,[VacuumBG] Finished           ,2026-08-13 01:34:49.150201,2026-08-13 01:34:53.202935,4.052734,500811,2990,47,47
mv_tbl__quotes_daily__0                                                                                                                 ,230009,Delete                        ,t,[VacuumBG] Finished           ,2026-08-13 01:36:17.613478,2026-08-13 01:36:20.927988,3.31451,529543,2990,47,47
mv_tbl__quotes_daily__0                                                                                                                 ,230009,Delete                        ,t,[VacuumBG] Started Delete Only,2026-08-13 01:36:17.613478,,0.0,533957,2988,47,0
mv_tbl__quotes_daily__0                                                                                                                 ,230009,Delete                        ,t,[VacuumBG] Finished           ,2026-08-13 01:37:47.685298,2026-08-13 01:37:51.631890,3.946592,503969,2990,47,47
mv_tbl__quotes_daily__0                                                                                                                 ,230009,Delete                        ,t,[VacuumBG] Started Delete Only,2026-08-13 01:37:47.685298,,0.0,538843,2988,47,0
mv_tbl__quotes_daily__0                                                                                                                 ,230009,Delete                        ,t,[VacuumBG] Started Delete Only,2026-08-13 01:39:17.953918,,0.0,522901,2988,47,0
mv_tbl__quotes_daily__0                                                                                                                 ,230009,Delete                        ,t,[VacuumBG] Finished           ,2026-08-13 01:39:17.953918,2026-08-13 01:39:20.428897,2.474979,517290,2988,47,47
mv_tbl__quotes_daily__0                                                                                                                 ,230009,Delete                        ,t,[VacuumBG] Started Delete Only,2026-08-13 01:40:47.819136,,0.0,526865,2988,47,0
mv_tbl__quotes_daily__0                                                                                                                 ,230009,Delete                        ,t,[VacuumBG] Finished           ,2026-08-13 01:40:47.819136,2026-08-13 01:40:51.237758,3.418622,506407,2990,47,47
mv_tbl__quotes_daily__0                                                                                                                 ,230009,Delete                        ,t,[VacuumBG] Finished           ,2026-08-13 01:42:18.689991,2026-08-13 01:42:21.371195,2.681204,515037,2988,47,47
mv_tbl__quotes_daily__0                                                                                                                 ,230009,Delete                        ,t,[VacuumBG] Started Delete Only,2026-08-13 01:42:18.689991,,0.0,525582,2988,47,0
mv_tbl__quotes_daily__0                                                                                                                 ,230009,Delete                        ,t,[VacuumBG] Finished           ,2026-08-13 01:43:48.753703,2026-08-13 01:43:52.161034,3.407331,513581,2990,47,47
mv_tbl__quotes_daily__0                                                                                                                 ,230009,Delete                        ,t,[VacuumBG] Started Delete Only,2026-08-13 01:43:48.753703,,0.0,524619,2988,47,0
mv_tbl__quotes_daily__0                                                                                                                 ,230009,Delete                        ,t,[VacuumBG] Started Delete Only,2026-08-13 01:45:17.805223,,0.0,532794,2988,47,0
mv_tbl__quotes_daily__0                                                                                                                 ,230009,Delete                        ,t,[VacuumBG] Finished           ,2026-08-13 01:45:17.805223,2026-08-13 01:45:20.178007,2.372784,510354,2988,47,47
mv_tbl__quotes_daily__0                                                                                                                 ,230009,Delete                        ,t,[VacuumBG] Finished           ,2026-08-13 01:46:47.861641,2026-08-13 01:46:50.851170,2.989529,517171,2990,47,47
mv_tbl__quotes_daily__0                                                                                                                 ,230009,Delete                        ,t,[VacuumBG] Started Delete Only,2026-08-13 01:46:47.861641,,0.0,525063,2988,47,0
mv_tbl__quotes_daily__0                                                                                                                 ,230009,Delete                        ,t,[VacuumBG] Finished           ,2026-08-13 01:48:17.742427,2026-08-13 01:48:20.533059,2.790632,519376,2989,47,47
mv_tbl__quotes_daily__0                                                                                                                 ,230009,Delete                        ,t,[VacuumBG] Started Delete Only,2026-08-13 01:48:17.742427,,0.0,544858,2988,47,0
mv_tbl__quotes_daily__0                                                                                                                 ,230009,Delete                        ,t,[VacuumBG] Started Delete Only,2026-08-13 01:49:50.199121,,0.0,528660,2988,47,0
mv_tbl__quotes_daily__0                                                                                                                 ,230009,Delete                        ,t,[VacuumBG] Finished           ,2026-08-13 01:49:50.199121,2026-08-13 01:49:53.341343,3.142222,519607,2989,47,47
mv_tbl__quotes_daily__0                                                                                                                 ,230009,Delete                        ,t,[VacuumBG] Started Delete Only,2026-08-13 01:51:19.312691,,0.0,538422,2988,47,0
mv_tbl__quotes_daily__0                                                                                                                 ,230009,Delete                        ,t,[VacuumBG] Finished           ,2026-08-13 01:51:19.312691,2026-08-13 01:51:21.373885,2.061194,525907,2988,47,47
mv_tbl__quotes_daily__0                                                                                                                 ,230009,Delete                        ,t,[VacuumBG] Started Delete Only,2026-08-13 01:52:49.132481,,0.0,535362,2988,47,0
mv_tbl__quotes_daily__0                                                                                                                 ,230009,Delete                        ,t,[VacuumBG] Finished           ,2026-08-13 01:52:49.132481,2026-08-13 01:52:51.285793,2.153312,524027,2989,47,47
mv_tbl__quotes_daily__0                                                                                                                 ,230009,Delete                        ,t,[VacuumBG] Finished           ,2026-08-13 01:54:19.803760,2026-08-13 01:54:23.177877,3.374117,519544,2989,47,47
mv_tbl__quotes_daily__0                                                                                                                 ,230009,Delete                        ,t,[VacuumBG] Started Delete Only,2026-08-13 01:54:19.803760,,0.0,543060,2988,47,0
mv_tbl__quotes_daily__0                                                                                                                 ,230009,Delete                        ,t,[VacuumBG] Finished           ,2026-08-13 01:55:49.070078,2026-08-13 01:55:50.865273,1.795195,525074,2989,47,47
mv_tbl__quotes_daily__0                                                                                                                 ,230009,Delete                        ,t,[VacuumBG] Started Delete Only,2026-08-13 01:55:49.070078,,0.0,529150,2988,47,0
mv_tbl__quotes_daily__0                                                                                                                 ,230009,Delete                        ,t,[VacuumBG] Started Delete Only,2026-08-13 01:57:19.150371,,0.0,544365,2988,47,0
mv_tbl__quotes_daily__0                                                                                                                 ,230009,Delete                        ,t,[VacuumBG] Finished           ,2026-08-13 01:57:19.150371,2026-08-13 01:57:22.423965,3.273594,520330,2989,47,47
mv_tbl__quotes_daily__0                                                                                                                 ,230009,Delete                        ,t,[VacuumBG] Started Delete Only,2026-08-13 01:58:48.409182,,0.0,543424,2988,47,0
mv_tbl__quotes_daily__0                                                                                                                 ,230009,Delete                        ,t,[VacuumBG] Finished           ,2026-08-13 01:58:48.409182,2026-08-13 01:58:50.865105,2.455923,532820,2989,47,47
mv_tbl__quotes_daily__0                                                                                                                 ,230009,Delete                        ,t,[VacuumBG] Finished           ,2026-08-13 02:00:20.876601,2026-08-13 02:00:24.294619,3.418018,533451,2989,47,47
mv_tbl__quotes_daily__0                                                                                                                 ,230009,Delete                        ,t,[VacuumBG] Started Delete Only,2026-08-13 02:00:20.876601,,0.0,560113,2988,47,0
mv_tbl__quotes_daily__0                                                                                                                 ,230009,Delete                        ,t,[VacuumBG] Started Delete Only,2026-08-13 02:01:48.127211,,0.0,542853,2988,47,0
mv_tbl__quotes_daily__0                                                                                                                 ,230009,Delete                        ,t,[VacuumBG] Finished           ,2026-08-13 02:01:48.127211,2026-08-13 02:01:50.184996,2.057785,535872,2989,47,47
mv_tbl__quotes_daily__0                                                                                                                 ,230009,Delete                        ,t,[VacuumBG] Started Delete Only,2026-08-13 02:03:20.719314,,0.0,554905,2988,47,0
mv_tbl__quotes_daily__0                                                                                                                 ,230009,Delete                        ,t,[VacuumBG] Finished           ,2026-08-13 02:03:20.719314,2026-08-13 02:03:23.298543,2.579229,541918,2989,47,47
mv_tbl__quotes_daily__0                                                                                                                 ,230009,Delete                        ,t,[VacuumBG] Started Delete Only,2026-08-13 02:04:48.229818,,0.0,561243,2988,47,0
mv_tbl__quotes_daily__0                                                                                                                 ,230009,Delete                        ,t,[VacuumBG] Finished           ,2026-08-13 02:04:48.229818,2026-08-13 02:04:51.317107,3.087289,535240,2989,47,47
mv_tbl__quotes_daily__0                                                                                                                 ,230009,Delete                        ,t,[VacuumBG] Started Delete Only,2026-08-13 02:06:21.103285,,0.0,544922,2988,47,0
mv_tbl__quotes_daily__0                                                                                                                 ,230009,Delete                        ,t,[VacuumBG] Finished           ,2026-08-13 02:06:21.103285,2026-08-13 02:06:23.951063,2.847778,537126,2989,47,47
mv_tbl__quotes_daily__0                                                                                                                 ,230009,Delete                        ,t,[VacuumBG] Started Delete Only,2026-08-13 02:07:50.192228,,0.0,546931,2988,47,0
mv_tbl__quotes_daily__0                                                                                                                 ,230009,Delete                        ,t,[VacuumBG] Finished           ,2026-08-13 02:07:50.192228,2026-08-13 02:07:51.450586,1.258358,544192,2988,47,47
mv_tbl__quotes_daily__0                                                                                                                 ,230009,Delete                        ,t,[VacuumBG] Finished           ,2026-08-13 02:09:18.848941,2026-08-13 02:09:22.067518,3.218577,541513,2990,47,47
mv_tbl__quotes_daily__0                                                                                                                 ,230009,Delete                        ,t,[VacuumBG] Started Delete Only,2026-08-13 02:09:18.848941,,0.0,580263,2988,47,0
mv_tbl__quotes_daily__0                                                                                                                 ,230009,Delete                        ,t,[VacuumBG] Finished           ,2026-08-13 02:10:49.316271,2026-08-13 02:10:52.174681,2.85841,545842,2988,47,47
mv_tbl__quotes_daily__0                                                                                                                 ,230009,Delete                        ,t,[VacuumBG] Started Delete Only,2026-08-13 02:10:49.316271,,0.0,550869,2988,47,0
mv_tbl__quotes_daily__0                                                                                                                 ,230009,Delete                        ,t,[VacuumBG] Started Delete Only,2026-08-13 02:12:18.181897,,0.0,564822,2988,47,0
mv_tbl__quotes_daily__0                                                                                                                 ,230009,Delete                        ,t,[VacuumBG] Finished           ,2026-08-13 02:12:18.181897,2026-08-13 02:12:22.070099,3.888202,549008,2990,47,47
mv_tbl__quotes_daily__0                                                                                                                 ,230009,Delete                        ,t,[VacuumBG] Finished           ,2026-08-13 02:13:48.240987,2026-08-13 02:13:51.205411,2.964424,547077,2988,47,47
mv_tbl__quotes_daily__0                                                                                                                 ,230009,Delete                        ,t,[VacuumBG] Started Delete Only,2026-08-13 02:13:48.240987,,0.0,558628,2988,47,0
mv_tbl__quotes_daily__0                                                                                                                 ,230009,Delete                        ,t,[VacuumBG] Finished           ,2026-08-13 02:15:18.507628,2026-08-13 02:15:21.616643,3.109015,549222,2990,47,47
mv_tbl__quotes_daily__0                                                                                                                 ,230009,Delete                        ,t,[VacuumBG] Started Delete Only,2026-08-13 02:15:18.507628,,0.0,566479,2988,47,0
mv_tbl__quotes_daily__0                                                                                                                 ,230009,Delete                        ,t,[VacuumBG] Started Delete Only,2026-08-13 02:16:48.361001,,0.0,577597,2988,47,0
mv_tbl__quotes_daily__0                                                                                                                 ,230009,Delete                        ,t,[VacuumBG] Finished           ,2026-08-13 02:16:48.361001,2026-08-13 02:16:51.552319,3.191318,557430,2988,47,47
mv_tbl__quotes_daily__0                                                                                                                 ,230009,Delete                        ,t,[VacuumBG] Started Delete Only,2026-08-13 02:18:18.828450,,0.0,575135,2988,47,0
mv_tbl__quotes_daily__0                                                                                                                 ,230009,Delete                        ,t,[VacuumBG] Finished           ,2026-08-13 02:18:18.828450,2026-08-13 02:18:21.752184,2.923734,559028,2990,47,47
mv_tbl__quotes_daily__0                                                                                                                 ,230009,Delete                        ,t,[VacuumBG] Finished           ,2026-08-13 02:19:49.087666,2026-08-13 02:19:51.513808,2.426142,557902,2988,47,47
mv_tbl__quotes_daily__0                                                                                                                 ,230009,Delete                        ,t,[VacuumBG] Started Delete Only,2026-08-13 02:19:49.087666,,0.0,568457,2988,47,0
mv_tbl__quotes_daily__0                                                                                                                 ,230009,Delete                        ,t,[VacuumBG] Finished           ,2026-08-13 02:21:20.564643,2026-08-13 02:21:23.493186,2.928543,561389,2990,47,47
mv_tbl__quotes_daily__0                                                                                                                 ,230009,Delete                        ,t,[VacuumBG] Started Delete Only,2026-08-13 02:21:20.564643,,0.0,577103,2988,47,0
mv_tbl__quotes_daily__0                                                                                                                 ,230009,Delete                        ,t,[VacuumBG] Finished           ,2026-08-13 02:22:50.000649,2026-08-13 02:22:52.028905,2.028256,564857,2988,47,47
mv_tbl__quotes_daily__0                                                                                                                 ,230009,Delete                        ,t,[VacuumBG] Started Delete Only,2026-08-13 02:22:50.000649,,0.0,579063,2988,47,0
mv_tbl__quotes_daily__0                                                                                                                 ,230009,Delete                        ,t,[VacuumBG] Started Delete Only,2026-08-13 02:24:18.295118,,0.0,592643,2988,47,0
mv_tbl__quotes_daily__0                                                                                                                 ,230009,Delete                        ,t,[VacuumBG] Finished           ,2026-08-13 02:24:18.295118,2026-08-13 02:24:20.961489,2.666371,566526,2990,47,47
mv_tbl__quotes_daily__0                                                                                                                 ,230009,Delete                        ,t,[VacuumBG] Started Delete Only,2026-08-13 02:25:51.168289,,0.0,575859,2988,47,0
mv_tbl__quotes_daily__0                                                                                                                 ,230009,Delete                        ,t,[VacuumBG] Finished           ,2026-08-13 02:25:51.168289,2026-08-13 02:25:53.583792,2.415503,568776,2988,47,47
mv_tbl__quotes_daily__0                                                                                                                 ,230009,Delete                        ,t,[VacuumBG] Started Delete Only,2026-08-13 02:27:18.408662,,0.0,587659,2988,47,0
mv_tbl__quotes_daily__0                                                                                                                 ,230009,Delete                        ,t,[VacuumBG] Finished           ,2026-08-13 02:27:18.408662,2026-08-13 02:27:20.693970,2.285308,581868,2990,47,47
mv_tbl__quotes_daily__0                                                                                                                 ,230009,Delete                        ,t,[VacuumBG] Started Delete Only,2026-08-13 02:28:50.258668,,0.0,591366,2988,47,0
mv_tbl__quotes_daily__0                                                                                                                 ,230009,Delete                        ,t,[VacuumBG] Finished           ,2026-08-13 02:28:50.258668,2026-08-13 02:28:54.181745,3.923077,565054,2990,47,47
mv_tbl__quotes_daily__0                                                                                                                 ,230009,Delete                        ,t,[VacuumBG] Started Delete Only,2026-08-13 02:30:18.495923,,0.0,590265,2988,47,0
mv_tbl__quotes_daily__0                                                                                                                 ,230009,Delete                        ,t,[VacuumBG] Finished           ,2026-08-13 02:30:18.495923,2026-08-13 02:30:20.352336,1.856413,584036,2988,47,47
mv_tbl__quotes_daily__0                                                                                                                 ,230009,Delete                        ,t,[VacuumBG] Finished           ,2026-08-13 02:31:48.346215,2026-08-13 02:31:51.450309,3.104094,584412,2990,47,47
mv_tbl__quotes_daily__0                                                                                                                 ,230009,Delete                        ,t,[VacuumBG] Started Delete Only,2026-08-13 02:31:48.346215,,0.0,602915,2988,47,0
mv_tbl__quotes_daily__0                                                                                                                 ,230009,Delete                        ,t,[VacuumBG] Finished           ,2026-08-13 02:33:18.399896,2026-08-13 02:33:21.076604,2.676708,593859,2988,47,47
mv_tbl__quotes_daily__0                                                                                                                 ,230009,Delete                        ,t,[VacuumBG] Started Delete Only,2026-08-13 02:33:18.399896,,0.0,605249,2988,47,0
mv_tbl__quotes_daily__0                                                                                                                 ,230009,Delete                        ,t,[VacuumBG] Finished           ,2026-08-13 02:34:50.456377,2026-08-13 02:34:53.535592,3.079215,587088,2990,47,47
mv_tbl__quotes_daily__0                                                                                                                 ,230009,Delete                        ,t,[VacuumBG] Started Delete Only,2026-08-13 02:34:50.456377,,0.0,603357,2988,47,0
mv_tbl__quotes_daily__0                                                                                                                 ,230009,Delete                        ,t,[VacuumBG] Finished           ,2026-08-13 02:36:19.717441,2026-08-13 02:36:23.057756,3.340315,590184,2988,47,47
mv_tbl__quotes_daily__0                                                                                                                 ,230009,Delete                        ,t,[VacuumBG] Started Delete Only,2026-08-13 02:36:19.717441,,0.0,606235,2988,47,0
mv_tbl__quotes_daily__0                                                                                                                 ,230009,Delete                        ,t,[VacuumBG] Started Delete Only,2026-08-13 02:37:48.719966,,0.0,599859,2988,47,0
mv_tbl__quotes_daily__0                                                                                                                 ,230009,Delete                        ,t,[VacuumBG] Finished           ,2026-08-13 02:37:48.719966,2026-08-13 02:37:51.667698,2.947732,587097,2990,47,47
mv_tbl__quotes_daily__0                                                                                                                 ,230009,Delete                        ,t,[VacuumBG] Started Delete Only,2026-08-13 02:39:19.840310,,0.0,606622,2988,47,0
mv_tbl__quotes_daily__0                                                                                                                 ,230009,Delete                        ,t,[VacuumBG] Finished           ,2026-08-13 02:39:19.840310,2026-08-13 02:39:23.050106,3.209796,584280,2988,47,47
mv_tbl__quotes_daily__0                                                                                                                 ,230009,Delete                        ,t,[VacuumBG] Started Delete Only,2026-08-13 02:40:48.480398,,0.0,601253,2988,47,0
mv_tbl__quotes_daily__0                                                                                                                 ,230009,Delete                        ,t,[VacuumBG] Finished           ,2026-08-13 02:40:48.480398,2026-08-13 02:40:50.695630,2.215232,590176,2988,47,47
mv_tbl__quotes_daily__0                                                                                                                 ,230009,Delete                        ,t,[VacuumBG] Started Delete Only,2026-08-13 02:42:19.355777,,0.0,618339,2988,47,0
mv_tbl__quotes_daily__0                                                                                                                 ,230009,Delete                        ,t,[VacuumBG] Finished           ,2026-08-13 02:42:19.355777,2026-08-13 02:42:22.638230,3.282453,594577,2990,47,47
mv_tbl__quotes_daily__0                                                                                                                 ,230009,Delete                        ,t,[VacuumBG] Started Delete Only,2026-08-13 02:43:50.020107,,0.0,604047,2988,47,0
mv_tbl__quotes_daily__0                                                                                                                 ,230009,Delete                        ,t,[VacuumBG] Finished           ,2026-08-13 02:43:50.020107,2026-08-13 02:43:52.703924,2.683817,592813,2988,47,47
mv_tbl__quotes_daily__0                                                                                                                 ,230009,Delete                        ,t,[VacuumBG] Started Delete Only,2026-08-13 02:45:19.074715,,0.0,612088,2988,47,0
mv_tbl__quotes_daily__0                                                                                                                 ,230009,Delete                        ,t,[VacuumBG] Finished           ,2026-08-13 02:45:19.074715,2026-08-13 02:45:22.014078,2.939363,597307,2990,47,47
mv_tbl__quotes_daily__0                                                                                                                 ,230009,Delete                        ,t,[VacuumBG] Started Delete Only,2026-08-13 02:46:49.318548,,0.0,606968,2988,47,0
mv_tbl__quotes_daily__0                                                                                                                 ,230009,Delete                        ,t,[VacuumBG] Finished           ,2026-08-13 02:46:49.318548,2026-08-13 02:46:51.718862,2.400314,595756,2988,47,47
mv_tbl__quotes_daily__0                                                                                                                 ,230009,Delete                        ,t,[VacuumBG] Started Delete Only,2026-08-13 02:48:18.574968,,0.0,615443,2988,47,0
mv_tbl__quotes_daily__0                                                                                                                 ,230009,Delete                        ,t,[VacuumBG] Finished           ,2026-08-13 02:48:18.574968,2026-08-13 02:48:21.251259,2.676291,595293,2990,47,47
mv_tbl__quotes_daily__0                                                                                                                 ,230009,Delete                        ,t,[VacuumBG] Finished           ,2026-08-13 02:49:49.223933,2026-08-13 02:49:51.652105,2.428172,603903,2988,47,47
mv_tbl__quotes_daily__0                                                                                                                 ,230009,Delete                        ,t,[VacuumBG] Started Delete Only,2026-08-13 02:49:49.223933,,0.0,614177,2988,47,0
mv_tbl__quotes_daily__0                                                                                                                 ,230009,Delete                        ,t,[VacuumBG] Finished           ,2026-08-13 02:51:19.464499,2026-08-13 02:51:23.074417,3.609918,603667,2990,47,47
mv_tbl__quotes_daily__0                                                                                                                 ,230009,Delete                        ,t,[VacuumBG] Started Delete Only,2026-08-13 02:51:19.464499,,0.0,630433,2988,47,0
mv_tbl__quotes_daily__0                                                                                                                 ,230009,Delete                        ,t,[VacuumBG] Started Delete Only,2026-08-13 02:52:49.838523,,0.0,613118,2988,47,0
mv_tbl__quotes_daily__0                                                                                                                 ,230009,Delete                        ,t,[VacuumBG] Finished           ,2026-08-13 02:52:49.838523,2026-08-13 02:52:51.971693,2.13317,602245,2988,47,47
mv_tbl__quotes_daily__0                                                                                                                 ,230009,Delete                        ,t,[VacuumBG] Started Delete Only,2026-08-13 02:54:18.764426,,0.0,621410,2988,47,0
mv_tbl__quotes_daily__0                                                                                                                 ,230009,Delete                        ,t,[VacuumBG] Finished           ,2026-08-13 02:54:18.764426,2026-08-13 02:54:22.839613,4.075187,606952,2990,47,47
mv_tbl__quotes_daily__0                                                                                                                 ,230009,Delete                        ,t,[VacuumBG] Started Delete Only,2026-08-13 02:55:49.188386,,0.0,616618,2988,47,0
mv_tbl__quotes_daily__0                                                                                                                 ,230009,Delete                        ,t,[VacuumBG] Finished           ,2026-08-13 02:55:49.188386,2026-08-13 02:55:51.005302,1.816916,606681,2988,47,47
mv_tbl__quotes_daily__0                                                                                                                 ,230009,Delete                        ,t,[VacuumBG] Started Delete Only,2026-08-13 02:57:20.059677,,0.0,626075,2988,47,0
mv_tbl__quotes_daily__0                                                                                                                 ,230009,Delete                        ,t,[VacuumBG] Finished           ,2026-08-13 02:57:20.059677,2026-08-13 02:57:23.785392,3.725715,605267,2990,47,47
mv_tbl__quotes_daily__0                                                                                                                 ,230009,Delete                        ,t,[VacuumBG] Finished           ,2026-08-13 02:58:48.710614,2026-08-13 02:58:50.988108,2.277494,613766,2988,47,47
mv_tbl__quotes_daily__0                                                                                                                 ,230009,Delete                        ,t,[VacuumBG] Started Delete Only,2026-08-13 02:58:48.710614,,0.0,622877,2988,47,0
mv_tbl__quotes_daily__0                                                                                                                 ,230009,Delete                        ,t,[VacuumBG] Finished           ,2026-08-13 03:00:18.763226,2026-08-13 03:00:21.856658,3.093432,619336,2988,47,47
mv_tbl__quotes_daily__0                                                                                                                 ,230009,Delete                        ,t,[VacuumBG] Started Delete Only,2026-08-13 03:00:18.763226,,0.0,646475,2988,47,0
mv_tbl__quotes_daily__0                                                                                                                 ,230009,Delete                        ,t,[VacuumBG] Started Delete Only,2026-08-13 03:01:50.420333,,0.0,628517,2988,47,0
mv_tbl__quotes_daily__0                                                                                                                 ,230009,Delete                        ,t,[VacuumBG] Finished           ,2026-08-13 03:01:50.420333,2026-08-13 03:01:52.868604,2.448271,619876,2990,47,47
mv_tbl__quotes_daily__0                                                                                                                 ,230009,Delete                        ,t,[VacuumBG] Started Delete Only,2026-08-13 03:03:18.862419,,0.0,638357,2988,47,0
mv_tbl__quotes_daily__0                                                                                                                 ,230009,Delete                        ,t,[VacuumBG] Finished           ,2026-08-13 03:03:18.862419,2026-08-13 03:03:21.310647,2.448228,622768,2988,47,47
mv_tbl__quotes_daily__0                                                                                                                 ,230009,Delete                        ,t,[VacuumBG] Started Delete Only,2026-08-13 03:04:48.887526,,0.0,632145,2988,47,0
mv_tbl__quotes_daily__0                                                                                                                 ,230009,Delete                        ,t,[VacuumBG] Finished           ,2026-08-13 03:04:48.887526,2026-08-13 03:04:52.221515,3.333989,622982,2989,47,47
mv_tbl__quotes_daily__0                                                                                                                 ,230009,Delete                        ,t,[VacuumBG] Started Delete Only,2026-08-13 03:06:19.148759,,0.0,641809,2988,47,0
mv_tbl__quotes_daily__0                                                                                                                 ,230009,Delete                        ,t,[VacuumBG] Finished           ,2026-08-13 03:06:19.148759,2026-08-13 03:06:22.287494,3.138735,621560,2989,47,47
mv_tbl__quotes_daily__0                                                                                                                 ,230009,Delete                        ,t,[VacuumBG] Started Delete Only,2026-08-13 03:07:50.192033,,0.0,631022,2988,47,0
mv_tbl__quotes_daily__0                                                                                                                 ,230009,Delete                        ,t,[VacuumBG] Finished           ,2026-08-13 03:07:50.192033,2026-08-13 03:07:53.227294,3.035261,621232,2989,47,47
mv_tbl__quotes_daily__0                                                                                                                 ,230009,Delete                        ,t,[VacuumBG] Started Delete Only,2026-08-13 03:09:22.226161,,0.0,640239,2988,47,0
mv_tbl__quotes_daily__0                                                                                                                 ,230009,Delete                        ,t,[VacuumBG] Finished           ,2026-08-13 03:09:22.226161,2026-08-13 03:09:24.495156,2.268995,622328,2989,47,47
mv_tbl__quotes_daily__0                                                                                                                 ,230009,Delete                        ,t,[VacuumBG] Started Delete Only,2026-08-13 03:10:48.863918,,0.0,633271,2988,47,0
mv_tbl__quotes_daily__0                                                                                                                 ,230009,Delete                        ,t,[VacuumBG] Finished           ,2026-08-13 03:10:48.863918,2026-08-13 03:10:50.689760,1.825842,624958,2988,47,47
mv_tbl__quotes_daily__0                                                                                                                 ,230009,Delete                        ,t,[VacuumBG] Started Delete Only,2026-08-13 03:12:18.912182,,0.0,657960,2988,47,0
mv_tbl__quotes_daily__0                                                                                                                 ,230009,Delete                        ,t,[VacuumBG] Finished           ,2026-08-13 03:12:18.912182,2026-08-13 03:12:21.929162,3.01698,648094,2989,47,47
mv_tbl__quotes_daily__0                                                                                                                 ,230009,Delete                        ,t,[VacuumBG] Finished           ,2026-08-13 03:13:48.952102,2026-08-13 03:13:52.081179,3.129077,640206,2988,47,47
mv_tbl__quotes_daily__0                                                                                                                 ,230009,Delete                        ,t,[VacuumBG] Started Delete Only,2026-08-13 03:13:48.952102,,0.0,657385,2988,47,0
mv_tbl__quotes_daily__0                                                                                                                 ,230009,Delete                        ,t,[VacuumBG] Finished           ,2026-08-13 03:15:18.955632,2026-08-13 03:15:22.188142,3.23251,649361,2990,47,47
mv_tbl__quotes_daily__0                                                                                                                 ,230009,Delete                        ,t,[VacuumBG] Started Delete Only,2026-08-13 03:15:18.955632,,0.0,659119,2988,47,0
mv_tbl__quotes_daily__0                                                                                                                 ,230009,Delete                        ,t,[VacuumBG] Started Delete Only,2026-08-13 03:16:48.862627,,0.0,658888,2988,47,0
mv_tbl__quotes_daily__0                                                                                                                 ,230009,Delete                        ,t,[VacuumBG] Finished           ,2026-08-13 03:16:48.862627,2026-08-13 03:16:51.801308,2.938681,637380,2989,47,47
mv_tbl__quotes_daily__0                                                                                                                 ,230009,Delete                        ,t,[VacuumBG] Started Delete Only,2026-08-13 03:18:19.924778,,0.0,656490,2988,47,0
mv_tbl__quotes_daily__0                                                                                                                 ,230009,Delete                        ,t,[VacuumBG] Finished           ,2026-08-13 03:18:19.924778,2026-08-13 03:18:23.121371,3.196593,638633,2989,47,47
mv_tbl__quotes_typed__0                                                                                                                 ,230000,Range Partition               ,t,[VacuumBG] Started Range Parti,2026-08-13 03:18:37.183272,,0.0,37439898272,1731130,29352129,0
mv_tbl__quotes_typed__0                                                                                                                 ,230000,Range Partition               ,t,[VacuumBG] Finished           ,2026-08-13 03:18:37.183272,2026-08-13 03:25:31.784477,414.601205,37808736918,1769944,29352129,29352129
mv_tbl__quotes_daily__0                                                                                                                 ,230009,Delete                        ,t,[VacuumBG] Finished           ,2026-08-13 03:19:48.956661,2026-08-13 03:20:31.593227,42.636566,657867,2989,47,47
mv_tbl__quotes_daily__0                                                                                                                 ,230009,Delete                        ,t,[VacuumBG] Started Delete Only,2026-08-13 03:19:48.956661,,0.0,648231,2988,47,0
mv_tbl__quotes_daily__0                                                                                                                 ,230009,Delete                        ,t,[VacuumBG] Finished           ,2026-08-13 03:21:18.950024,2026-08-13 03:21:50.877774,31.92775,667672,2989,47,47
mv_tbl__quotes_daily__0                                                                                                                 ,230009,Delete                        ,t,[VacuumBG] Started Delete Only,2026-08-13 03:21:18.950024,,0.0,667672,2988,47,0
mv_tbl__quotes_daily__0                                                                                                                 ,230009,Delete                        ,t,[VacuumBG] Started Delete Only,2026-08-13 03:22:48.959545,,0.0,686483,2988,47,0
mv_tbl__quotes_daily__0                                                                                                                 ,230009,Delete                        ,t,[VacuumBG] Finished           ,2026-08-13 03:22:48.959545,2026-08-13 03:23:11.516766,22.557221,695484,3807,47,47
mv_tbl__quotes_daily__0                                                                                                                 ,230009,Delete                        ,t,[VacuumBG] Started Delete Only,2026-08-13 03:24:20.166636,,0.0,704829,3802,47,0
mv_tbl__quotes_daily__0                                                                                                                 ,230009,Delete                        ,t,[VacuumBG] Finished           ,2026-08-13 03:24:20.166636,2026-08-13 03:24:35.842701,15.676065,698001,2988,47,47
mv_tbl__quotes_daily__0                                                                                                                 ,230009,Delete                        ,t,[VacuumBG] Finished           ,2026-08-13 03:25:51.360077,2026-08-13 03:25:54.173454,2.813377,705260,2990,47,47
mv_tbl__quotes_daily__0                                                                                                                 ,230009,Delete                        ,t,[VacuumBG] Started Delete Only,2026-08-13 03:25:51.360077,,0.0,707357,2988,47,0
mv_tbl__quotes_daily__0                                                                                                                 ,230009,Delete                        ,t,[VacuumBG] Finished           ,2026-08-13 03:27:19.830883,2026-08-13 03:27:22.884714,3.053831,645951,2990,47,47
mv_tbl__quotes_daily__0                                                                                                                 ,230009,Delete                        ,t,[VacuumBG] Started Delete Only,2026-08-13 03:27:19.830883,,0.0,724401,2988,47,0
mv_tbl__quotes_daily__0                                                                                                                 ,230009,Delete                        ,t,[VacuumBG] Started Delete Only,2026-08-13 03:28:51.260973,,0.0,655517,2989,47,0
mv_tbl__quotes_daily__0                                                                                                                 ,230009,Delete                        ,t,[VacuumBG] Finished           ,2026-08-13 03:28:51.260973,2026-08-13 03:28:54.269543,3.00857,650818,2989,47,47
mv_tbl__quotes_daily__0                                                                                                                 ,230009,Delete                        ,t,[VacuumBG] Finished           ,2026-08-13 03:30:19.018044,2026-08-13 03:30:21.781984,2.76394,648837,2989,47,47
mv_tbl__quotes_daily__0                                                                                                                 ,230009,Delete                        ,t,[VacuumBG] Started Delete Only,2026-08-13 03:30:19.018044,,0.0,670053,2988,47,0
mv_tbl__quotes_daily__0                                                                                                                 ,230009,Delete                        ,t,[VacuumBG] Finished           ,2026-08-13 03:31:49.184549,2026-08-13 03:31:52.113436,2.928887,645648,2988,47,47
mv_tbl__quotes_daily__0                                                                                                                 ,230009,Delete                        ,t,[VacuumBG] Started Delete Only,2026-08-13 03:31:49.184549,,0.0,658523,2988,47,0
mv_tbl__quotes_daily__0                                                                                                                 ,230009,Delete                        ,t,[VacuumBG] Finished           ,2026-08-13 03:33:19.114935,2026-08-13 03:33:20.929959,1.815024,654548,2988,47,47
mv_tbl__quotes_daily__0                                                                                                                 ,230009,Delete                        ,t,[VacuumBG] Started Delete Only,2026-08-13 03:33:19.114935,,0.0,674339,2988,47,0
mv_tbl__quotes_daily__0                                                                                                                 ,230009,Delete                        ,t,[VacuumBG] Finished           ,2026-08-13 03:34:51.107516,2026-08-13 03:34:52.144519,1.037003,661135,2988,47,47
mv_tbl__quotes_daily__0                                                                                                                 ,230009,Delete                        ,t,[VacuumBG] Started Delete Only,2026-08-13 03:34:51.107516,,0.0,663850,2988,47,0
mv_tbl__quotes_daily__0                                                                                                                 ,230009,Delete                        ,t,[VacuumBG] Started Delete Only,2026-08-13 03:36:19.109591,,0.0,680050,2988,47,0
mv_tbl__quotes_daily__0                                                                                                                 ,230009,Delete                        ,t,[VacuumBG] Finished           ,2026-08-13 03:36:19.109591,2026-08-13 03:36:21.272476,2.162885,655139,2988,47,47
mv_tbl__quotes_daily__0                                                                                                                 ,230009,Delete                        ,t,[VacuumBG] Started Delete Only,2026-08-13 03:37:51.217553,,0.0,664681,2988,47,0
mv_tbl__quotes_daily__0                                                                                                                 ,230009,Delete                        ,t,[VacuumBG] Finished           ,2026-08-13 03:37:51.217553,2026-08-13 03:37:52.174007,0.956454,661998,2988,47,47
mv_tbl__quotes_daily__0                                                                                                                 ,230009,Delete                        ,t,[VacuumBG] Started Delete Only,2026-08-13 03:39:19.274592,,0.0,681260,2988,47,0
mv_tbl__quotes_daily__0                                                                                                                 ,230009,Delete                        ,t,[VacuumBG] Finished           ,2026-08-13 03:39:19.274592,2026-08-13 03:39:21.482758,2.208166,657419,2989,47,47
mv_tbl__quotes_daily__0                                                                                                                 ,230009,Delete                        ,t,[VacuumBG] Started Delete Only,2026-08-13 03:40:51.747696,,0.0,667068,2989,47,0
mv_tbl__quotes_daily__0                                                                                                                 ,230009,Delete                        ,t,[VacuumBG] Finished           ,2026-08-13 03:40:51.747696,2026-08-13 03:40:52.709968,0.962272,665073,2989,47,47
mv_tbl__quotes_daily__0                                                                                                                 ,230009,Delete                        ,t,[VacuumBG] Started Delete Only,2026-08-13 03:42:20.337645,,0.0,684343,2989,47,0
mv_tbl__quotes_daily__0                                                                                                                 ,230009,Delete                        ,t,[VacuumBG] Finished           ,2026-08-13 03:42:20.337645,2026-08-13 03:42:23.003055,2.66541,656119,2989,47,47
mv_tbl__quotes_daily__0                                                                                                                 ,230009,Delete                        ,t,[VacuumBG] Started Delete Only,2026-08-13 03:43:52.213648,,0.0,667511,2989,47,0
mv_tbl__quotes_daily__0                                                                                                                 ,230009,Delete                        ,t,[VacuumBG] Finished           ,2026-08-13 03:43:52.213648,2026-08-13 03:43:54.045010,1.831362,662102,2989,47,47
mv_tbl__quotes_daily__0                                                                                                                 ,230009,Delete                        ,t,[VacuumBG] Started Delete Only,2026-08-13 03:45:19.255548,,0.0,691213,2989,47,0
mv_tbl__quotes_daily__0                                                                                                                 ,230009,Delete                        ,t,[VacuumBG] Finished           ,2026-08-13 03:45:19.255548,2026-08-13 03:45:21.417710,2.162162,665024,2989,47,47
mv_tbl__quotes_daily__0                                                                                                                 ,230009,Delete                        ,t,[VacuumBG] Finished           ,2026-08-13 03:46:50.916347,2026-08-13 03:46:51.959799,1.043452,672033,2989,47,47
mv_tbl__quotes_daily__0                                                                                                                 ,230009,Delete                        ,t,[VacuumBG] Started Delete Only,2026-08-13 03:46:50.916347,,0.0,674269,2989,47,0
mv_tbl__quotes_daily__0                                                                                                                 ,230009,Delete                        ,t,[VacuumBG] Finished           ,2026-08-13 03:48:19.374685,2026-08-13 03:48:22.121354,2.746669,667803,2988,47,47
mv_tbl__quotes_daily__0                                                                                                                 ,230009,Delete                        ,t,[VacuumBG] Started Delete Only,2026-08-13 03:48:19.374685,,0.0,690919,2988,47,0
mv_tbl__quotes_daily__0                                                                                                                 ,230009,Delete                        ,t,[VacuumBG] Finished           ,2026-08-13 03:49:49.234275,2026-08-13 03:49:51.406554,2.172279,667336,2988,47,47
mv_tbl__quotes_daily__0                                                                                                                 ,230009,Delete                        ,t,[VacuumBG] Started Delete Only,2026-08-13 03:49:49.234275,,0.0,677335,2988,47,0
mv_tbl__quotes_daily__0                                                                                                                 ,230009,Delete                        ,t,[VacuumBG] Finished           ,2026-08-13 03:51:21.164377,2026-08-13 03:51:24.034545,2.870168,669397,2989,47,47
mv_tbl__quotes_daily__0                                                                                                                 ,230009,Delete                        ,t,[VacuumBG] Started Delete Only,2026-08-13 03:51:21.164377,,0.0,686459,2988,47,0
mv_tbl__quotes_daily__0                                                                                                                 ,230009,Delete                        ,t,[VacuumBG] Finished           ,2026-08-13 03:52:49.417735,2026-08-13 03:52:51.443272,2.025537,673145,2988,47,47
mv_tbl__quotes_daily__0                                                                                                                 ,230009,Delete                        ,t,[VacuumBG] Started Delete Only,2026-08-13 03:52:49.417735,,0.0,678993,2988,47,0
mv_tbl__quotes_daily__0                                                                                                                 ,230009,Delete                        ,t,[VacuumBG] Finished           ,2026-08-13 03:54:20.079887,2026-08-13 03:54:22.496396,2.416509,668178,2989,47,47
mv_tbl__quotes_daily__0                                                                                                                 ,230009,Delete                        ,t,[VacuumBG] Started Delete Only,2026-08-13 03:54:20.079887,,0.0,692613,2988,47,0
mv_tbl__quotes_daily__0                                                                                                                 ,230009,Delete                        ,t,[VacuumBG] Started Delete Only,2026-08-13 03:55:49.595968,,0.0,686633,2988,47,0
mv_tbl__quotes_daily__0                                                                                                                 ,230009,Delete                        ,t,[VacuumBG] Finished           ,2026-08-13 03:55:49.595968,2026-08-13 03:55:51.469405,1.873437,680510,2988,47,47
mv_tbl__quotes_daily__0                                                                                                                 ,230009,Delete                        ,t,[VacuumBG] Started Delete Only,2026-08-13 03:57:19.382678,,0.0,707178,2988,47,0
mv_tbl__quotes_daily__0                                                                                                                 ,230009,Delete                        ,t,[VacuumBG] Finished           ,2026-08-13 03:57:19.382678,2026-08-13 03:57:22.376638,2.99396,677542,2989,47,47
mv_tbl__quotes_daily__0                                                                                                                 ,230009,Delete                        ,t,[VacuumBG] Started Delete Only,2026-08-13 03:58:51.076936,,0.0,686931,2988,47,0
mv_tbl__quotes_daily__0                                                                                                                 ,230009,Delete                        ,t,[VacuumBG] Finished           ,2026-08-13 03:58:51.076936,2026-08-13 03:58:52.753151,1.676215,681612,2988,47,47
mv_tbl__quotes_daily__0                                                                                                                 ,230009,Delete                        ,t,[VacuumBG] Finished           ,2026-08-13 04:00:19.521540,2026-08-13 04:00:22.145876,2.624336,679291,2988,47,47
mv_tbl__quotes_daily__0                                                                                                                 ,230009,Delete                        ,t,[VacuumBG] Started Delete Only,2026-08-13 04:00:19.521540,,0.0,700660,2988,47,0
mv_tbl__quotes_daily__0                                                                                                                 ,230009,Delete                        ,t,[VacuumBG] Finished           ,2026-08-13 04:01:49.364962,2026-08-13 04:01:51.455811,2.090849,682760,2988,47,47
mv_tbl__quotes_daily__0                                                                                                                 ,230009,Delete                        ,t,[VacuumBG] Started Delete Only,2026-08-13 04:01:49.364962,,0.0,688822,2988,47,0
mv_tbl__quotes_daily__0                                                                                                                 ,230009,Delete                        ,t,[VacuumBG] Finished           ,2026-08-13 04:03:20.640396,2026-08-13 04:03:23.607709,2.967313,680048,2988,47,47
mv_tbl__quotes_daily__0                                                                                                                 ,230009,Delete                        ,t,[VacuumBG] Started Delete Only,2026-08-13 04:03:20.640396,,0.0,702102,2988,47,0
mv_tbl__quotes_daily__0                                                                                                                 ,230009,Delete                        ,t,[VacuumBG] Finished           ,2026-08-13 04:04:49.488073,2026-08-13 04:04:51.920236,2.432163,680407,2988,47,47
mv_tbl__quotes_daily__0                                                                                                                 ,230009,Delete                        ,t,[VacuumBG] Started Delete Only,2026-08-13 04:04:49.488073,,0.0,689806,2988,47,0
mv_tbl__quotes_daily__0                                                                                                                 ,230009,Delete                        ,t,[VacuumBG] Started Delete Only,2026-08-13 04:06:19.543245,,0.0,716950,2988,47,0
mv_tbl__quotes_daily__0                                                                                                                 ,230009,Delete                        ,t,[VacuumBG] Finished           ,2026-08-13 04:06:19.543245,2026-08-13 04:06:22.765177,3.221932,693636,2990,47,47
mv_tbl__quotes_daily__0                                                                                                                 ,230009,Delete                        ,t,[VacuumBG] Started Delete Only,2026-08-13 04:07:49.476083,,0.0,703022,2988,47,0
mv_tbl__quotes_daily__0                                                                                                                 ,230009,Delete                        ,t,[VacuumBG] Finished           ,2026-08-13 04:07:49.476083,2026-08-13 04:07:51.144729,1.668646,696822,2988,47,47
mv_tbl__quotes_daily__0                                                                                                                 ,230009,Delete                        ,t,[VacuumBG] Finished           ,2026-08-13 04:09:21.181833,2026-08-13 04:09:23.547406,2.365573,710234,2989,47,47
mv_tbl__quotes_daily__0                                                                                                                 ,230009,Delete                        ,t,[VacuumBG] Started Delete Only,2026-08-13 04:09:21.181833,,0.0,715748,2988,47,0
mv_tbl__quotes_daily__0                                                                                                                 ,230009,Delete                        ,t,[VacuumBG] Finished           ,2026-08-13 04:10:52.189427,2026-08-13 04:10:55.435760,3.246333,698476,2989,47,47
mv_tbl__quotes_daily__0                                                                                                                 ,230009,Delete                        ,t,[VacuumBG] Started Delete Only,2026-08-13 04:10:52.189427,,0.0,719844,2988,47,0
mv_tbl__quotes_daily__0                                                                                                                 ,230009,Delete                        ,t,[VacuumBG] Started Delete Only,2026-08-13 04:12:19.635604,,0.0,719102,2988,47,0
mv_tbl__quotes_daily__0                                                                                                                 ,230009,Delete                        ,t,[VacuumBG] Finished           ,2026-08-13 04:12:19.635604,2026-08-13 04:12:23.036834,3.40123,694157,2990,47,47
mv_tbl__quotes_daily__0                                                                                                                 ,230009,Delete                        ,t,[VacuumBG] Started Delete Only,2026-08-13 04:13:49.612931,,0.0,712887,2988,47,0
mv_tbl__quotes_daily__0                                                                                                                 ,230009,Delete                        ,t,[VacuumBG] Finished           ,2026-08-13 04:13:49.612931,2026-08-13 04:13:51.172104,1.559173,704808,2988,47,47
mv_tbl__quotes_daily__0                                                                                                                 ,230009,Delete                        ,t,[VacuumBG] Started Delete Only,2026-08-13 04:15:21.355499,,0.0,728413,2988,47,0
mv_tbl__quotes_daily__0                                                                                                                 ,230009,Delete                        ,t,[VacuumBG] Finished           ,2026-08-13 04:15:21.355499,2026-08-13 04:15:25.120179,3.76468,704940,2988,47,47
mv_tbl__quotes_daily__0                                                                                                                 ,230009,Delete                        ,t,[VacuumBG] Finished           ,2026-08-13 04:16:49.828983,2026-08-13 04:16:51.964931,2.135948,709597,2990,47,47
mv_tbl__quotes_daily__0                                                                                                                 ,230009,Delete                        ,t,[VacuumBG] Started Delete Only,2026-08-13 04:16:49.828983,,0.0,714413,2988,47,0
mv_tbl__quotes_daily__0                                                                                                                 ,230009,Delete                        ,t,[VacuumBG] Finished           ,2026-08-13 04:18:19.691864,2026-08-13 04:18:24.009099,4.317235,716347,2989,47,47
mv_tbl__quotes_daily__0                                                                                                                 ,230009,Delete                        ,t,[VacuumBG] Started Delete Only,2026-08-13 04:18:19.691864,,0.0,728626,2988,47,0
mv_tbl__quotes_daily__0                                                                                                                 ,230009,Delete                        ,t,[VacuumBG] Started Delete Only,2026-08-13 04:19:50.957213,,0.0,725962,2988,47,0
mv_tbl__quotes_daily__0                                                                                                                 ,230009,Delete                        ,t,[VacuumBG] Finished           ,2026-08-13 04:19:50.957213,2026-08-13 04:19:54.294790,3.337577,707294,2990,47,47
mv_tbl__quotes_daily__0                                                                                                                 ,230009,Delete                        ,t,[VacuumBG] Started Delete Only,2026-08-13 04:21:21.199650,,0.0,726454,2988,47,0
mv_tbl__quotes_daily__0                                                                                                                 ,230009,Delete                        ,t,[VacuumBG] Finished           ,2026-08-13 04:21:21.199650,2026-08-13 04:21:23.985874,2.786224,707219,2990,47,47
mv_tbl__quotes_daily__0                                                                                                                 ,230009,Delete                        ,t,[VacuumBG] Started Delete Only,2026-08-13 04:22:50.263452,,0.0,716850,2988,47,0
mv_tbl__quotes_daily__0                                                                                                                 ,230009,Delete                        ,t,[VacuumBG] Finished           ,2026-08-13 04:22:50.263452,2026-08-13 04:22:52.933174,2.669722,708289,2988,47,47
mv_tbl__quotes_daily__0                                                                                                                 ,230009,Delete                        ,t,[VacuumBG] Started Delete Only,2026-08-13 04:24:19.719861,,0.0,733213,2988,47,0
mv_tbl__quotes_daily__0                                                                                                                 ,230009,Delete                        ,t,[VacuumBG] Finished           ,2026-08-13 04:24:19.719861,2026-08-13 04:24:22.542131,2.82227,713575,2990,47,47
mv_tbl__quotes_daily__0                                                                                                                 ,230009,Delete                        ,t,[VacuumBG] Started Delete Only,2026-08-13 04:25:51.791027,,0.0,732012,2988,47,0
mv_tbl__quotes_daily__0                                                                                                                 ,230009,Delete                        ,t,[VacuumBG] Finished           ,2026-08-13 04:25:51.791027,2026-08-13 04:25:55.077279,3.286252,717814,2988,47,47
mv_tbl__quotes_daily__0                                                                                                                 ,230009,Delete                        ,t,[VacuumBG] Finished           ,2026-08-13 04:27:19.835708,2026-08-13 04:27:23.307821,3.472113,725955,2990,47,47
mv_tbl__quotes_daily__0                                                                                                                 ,230009,Delete                        ,t,[VacuumBG] Started Delete Only,2026-08-13 04:27:19.835708,,0.0,736408,2988,47,0
mv_tbl__quotes_daily__0                                                                                                                 ,230009,Delete                        ,t,[VacuumBG] Finished           ,2026-08-13 04:28:49.698217,2026-08-13 04:28:52.351873,2.653656,719763,2988,47,47
mv_tbl__quotes_daily__0                                                                                                                 ,230009,Delete                        ,t,[VacuumBG] Started Delete Only,2026-08-13 04:28:49.698217,,0.0,735402,2988,47,0
mv_tbl__quotes_daily__0                                                                                                                 ,230009,Delete                        ,t,[VacuumBG] Started Delete Only,2026-08-13 04:30:20.738214,,0.0,738735,2988,47,0
mv_tbl__quotes_daily__0                                                                                                                 ,230009,Delete                        ,t,[VacuumBG] Finished           ,2026-08-13 04:30:20.738214,2026-08-13 04:30:23.423618,2.685404,727329,2990,47,47
mv_tbl__quotes_daily__0                                                                                                                 ,230009,Delete                        ,t,[VacuumBG] Started Delete Only,2026-08-13 04:31:49.787478,,0.0,736811,2988,47,0
mv_tbl__quotes_daily__0                                                                                                                 ,230009,Delete                        ,t,[VacuumBG] Finished           ,2026-08-13 04:31:49.787478,2026-08-13 04:31:53.221308,3.43383,715809,2990,47,47
mv_tbl__quotes_daily__0                                                                                                                 ,230009,Delete                        ,t,[VacuumBG] Started Delete Only,2026-08-13 04:33:20.624947,,0.0,734921,2988,47,0
mv_tbl__quotes_daily__0                                                                                                                 ,230009,Delete                        ,t,[VacuumBG] Finished           ,2026-08-13 04:33:20.624947,2026-08-13 04:33:23.272276,2.647329,719835,2990,47,47
mv_tbl__quotes_daily__0                                                                                                                 ,230009,Delete                        ,t,[VacuumBG] Started Delete Only,2026-08-13 04:34:51.487941,,0.0,729373,2988,47,0
mv_tbl__quotes_daily__0                                                                                                                 ,230009,Delete                        ,t,[VacuumBG] Finished           ,2026-08-13 04:34:51.487941,2026-08-13 04:34:54.198763,2.710822,723167,2988,47,47
mv_tbl__quotes_streamed__0                                                                                                              ,229992,Range Partition               ,t,[VacuumBG] Started Range Parti,2026-08-13 04:36:10.636835,,0.0,42124319295,1362792,29352129,0
mv_tbl__quotes_streamed__0                                                                                                              ,229992,Range Partition               ,t,[VacuumBG] Finished           ,2026-08-13 04:36:10.636835,2026-08-13 04:49:05.146962,774.510127,42890564511,1397808,29352129,29352129
mv_tbl__quotes_daily__0                                                                                                                 ,230009,Delete                        ,t,[VacuumBG] Started Delete Only,2026-08-13 04:36:19.922166,,0.0,747033,2988,47,0
mv_tbl__quotes_daily__0                                                                                                                 ,230009,Delete                        ,t,[VacuumBG] Finished           ,2026-08-13 04:36:19.922166,2026-08-13 04:36:29.016504,9.094338,734423,2990,47,47
mv_tbl__quotes_daily__0                                                                                                                 ,230009,Delete                        ,t,[VacuumBG] Started Delete Only,2026-08-13 04:37:52.199501,,0.0,753107,2988,47,0
mv_tbl__quotes_daily__0                                                                                                                 ,230009,Delete                        ,t,[VacuumBG] Finished           ,2026-08-13 04:37:52.199501,2026-08-13 04:38:45.229460,53.029959,753466,2990,47,47
mv_tbl__quotes_daily__0                                                                                                                 ,230009,Delete                        ,t,[VacuumBG] Started Delete Only,2026-08-13 04:39:19.821607,,0.0,762923,2988,47,0
mv_tbl__quotes_daily__0                                                                                                                 ,230009,Delete                        ,t,[VacuumBG] Finished           ,2026-08-13 04:39:19.821607,2026-08-13 04:39:52.333638,32.512031,762923,2990,47,47
mv_tbl__quotes_daily__0                                                                                                                 ,230009,Delete                        ,t,[VacuumBG] Finished           ,2026-08-13 04:40:52.086935,2026-08-13 04:41:13.816833,21.729898,782046,3034,47,47
mv_tbl__quotes_daily__0                                                                                                                 ,230009,Delete                        ,t,[VacuumBG] Started Delete Only,2026-08-13 04:40:52.086935,,0.0,772437,2988,47,0
mv_tbl__quotes_daily__0                                                                                                                 ,230009,Delete                        ,t,[VacuumBG] Started Delete Only,2026-08-13 04:42:23.076396,,0.0,791629,3032,47,0
mv_tbl__quotes_daily__0                                                                                                                 ,230009,Delete                        ,t,[VacuumBG] Finished           ,2026-08-13 04:42:23.076396,2026-08-13 04:42:42.952389,19.875993,791224,2990,47,47
mv_tbl__quotes_daily__0                                                                                                                 ,230009,Delete                        ,t,[VacuumBG] Started Delete Only,2026-08-13 04:43:49.912195,,0.0,800821,2988,47,0
mv_tbl__quotes_daily__0                                                                                                                 ,230009,Delete                        ,t,[VacuumBG] Finished           ,2026-08-13 04:43:49.912195,2026-08-13 04:44:07.042323,17.130128,800821,2988,47,47
mv_tbl__quotes_daily__0                                                                                                                 ,230009,Delete                        ,t,[VacuumBG] Started Delete Only,2026-08-13 04:45:22.152031,,0.0,820033,2988,47,0
mv_tbl__quotes_daily__0                                                                                                                 ,230009,Delete                        ,t,[VacuumBG] Finished           ,2026-08-13 04:45:22.152031,2026-08-13 04:46:27.109409,64.957378,829674,2988,47,47
mv_tbl__quotes_daily__0                                                                                                                 ,230009,Delete                        ,t,[VacuumBG] Started Delete Only,2026-08-13 04:46:49.960798,,0.0,829674,2988,47,0
mv_tbl__quotes_daily__0                                                                                                                 ,230009,Delete                        ,t,[VacuumBG] Finished           ,2026-08-13 04:46:49.960798,2026-08-13 04:47:41.946983,51.986185,839338,2988,47,47
mv_tbl__quotes_daily__0                                                                                                                 ,230009,Delete                        ,t,[VacuumBG] Started Delete Only,2026-08-13 04:48:19.995573,,0.0,857718,2988,47,0
mv_tbl__quotes_daily__0                                                                                                                 ,230009,Delete                        ,t,[VacuumBG] Finished           ,2026-08-13 04:48:19.995573,2026-08-13 04:48:53.880026,33.884453,857718,2988,47,47
mv_tbl__quotes_daily__0                                                                                                                 ,230009,Delete                        ,t,[VacuumBG] Started Delete Only,2026-08-13 04:49:50.843052,,0.0,873992,2988,47,0
mv_tbl__quotes_daily__0                                                                                                                 ,230009,Delete                        ,t,[VacuumBG] Finished           ,2026-08-13 04:49:50.843052,2026-08-13 04:49:54.053990,3.210938,725616,2990,47,47
mv_tbl__quotes_daily__0                                                                                                                 ,230009,Delete                        ,t,[VacuumBG] Finished           ,2026-08-13 04:51:20.886804,2026-08-13 04:51:22.994857,2.108053,743192,2988,47,47
mv_tbl__quotes_daily__0                                                                                                                 ,230009,Delete                        ,t,[VacuumBG] Started Delete Only,2026-08-13 04:51:20.886804,,0.0,744368,2988,47,0
mv_tbl__quotes_daily__0                                                                                                                 ,230009,Delete                        ,t,[VacuumBG] Finished           ,2026-08-13 04:52:50.599111,2026-08-13 04:52:52.346274,1.747163,740555,2988,47,47
mv_tbl__quotes_daily__0                                                                                                                 ,230009,Delete                        ,t,[VacuumBG] Started Delete Only,2026-08-13 04:52:50.599111,,0.0,752688,2988,47,0
mv_tbl__quotes_daily__0                                                                                                                 ,230009,Delete                        ,t,[VacuumBG] Finished           ,2026-08-13 04:54:20.402320,2026-08-13 04:54:23.818104,3.415784,738898,2990,47,47
mv_tbl__quotes_daily__0                                                                                                                 ,230009,Delete                        ,t,[VacuumBG] Started Delete Only,2026-08-13 04:54:20.402320,,0.0,759742,2988,47,0
mv_tbl__quotes_daily__0                                                                                                                 ,230009,Delete                        ,t,[VacuumBG] Finished           ,2026-08-13 04:55:50.860302,2026-08-13 04:55:54.034479,3.174177,738933,2990,47,47
mv_tbl__quotes_daily__0                                                                                                                 ,230009,Delete                        ,t,[VacuumBG] Started Delete Only,2026-08-13 04:55:50.860302,,0.0,758195,2988,47,0
mv_tbl__quotes_daily__0                                                                                                                 ,230009,Delete                        ,t,[VacuumBG] Started Delete Only,2026-08-13 04:57:22.116466,,0.0,748687,2988,47,0
mv_tbl__quotes_daily__0                                                                                                                 ,230009,Delete                        ,t,[VacuumBG] Finished           ,2026-08-13 04:57:22.116466,2026-08-13 04:57:24.665594,2.549128,737279,2988,47,47
mv_tbl__quotes_daily__0                                                                                                                 ,230009,Delete                        ,t,[VacuumBG] Started Delete Only,2026-08-13 04:58:53.179842,,0.0,747025,2988,47,0
mv_tbl__quotes_daily__0                                                                                                                 ,230009,Delete                        ,t,[VacuumBG] Finished           ,2026-08-13 04:58:53.179842,2026-08-13 04:58:54.953383,1.773541,742286,2988,47,47
mv_tbl__quotes_daily__0                                                                                                                 ,230009,Delete                        ,t,[VacuumBG] Finished           ,2026-08-13 05:00:20.004757,2026-08-13 05:00:23.212794,3.208037,753399,2990,47,47
mv_tbl__quotes_daily__0                                                                                                                 ,230009,Delete                        ,t,[VacuumBG] Started Delete Only,2026-08-13 05:00:20.004757,,0.0,781362,2988,47,0
mv_tbl__quotes_daily__0                                                                                                                 ,230009,Delete                        ,t,[VacuumBG] Finished           ,2026-08-13 05:01:50.064863,2026-08-13 05:01:51.921746,1.856883,758067,2988,47,47
mv_tbl__quotes_daily__0                                                                                                                 ,230009,Delete                        ,t,[VacuumBG] Started Delete Only,2026-08-13 05:01:50.064863,,0.0,762652,2988,47,0
mv_tbl__quotes_daily__0                                                                                                                 ,230009,Delete                        ,t,[VacuumBG] Finished           ,2026-08-13 05:03:20.296709,2026-08-13 05:03:22.620450,2.323741,753610,2989,47,47
mv_tbl__quotes_daily__0                                                                                                                 ,230009,Delete                        ,t,[VacuumBG] Started Delete Only,2026-08-13 05:03:20.296709,,0.0,776785,2988,47,0
mv_tbl__quotes_daily__0                                                                                                                 ,230009,Delete                        ,t,[VacuumBG] Started Delete Only,2026-08-13 05:04:51.134923,,0.0,763077,2988,47,0
mv_tbl__quotes_daily__0                                                                                                                 ,230009,Delete                        ,t,[VacuumBG] Finished           ,2026-08-13 05:04:51.134923,2026-08-13 05:04:54.342558,3.207635,751425,2989,47,47
mv_tbl__quotes_daily__0                                                                                                                 ,230009,Delete                        ,t,[VacuumBG] Started Delete Only,2026-08-13 05:06:20.156811,,0.0,770399,2988,47,0
mv_tbl__quotes_daily__0                                                                                                                 ,230009,Delete                        ,t,[VacuumBG] Finished           ,2026-08-13 05:06:20.156811,2026-08-13 05:06:22.147789,1.990978,767053,2989,47,47
mv_tbl__quotes_daily__0                                                                                                                 ,230009,Delete                        ,t,[VacuumBG] Started Delete Only,2026-08-13 05:07:50.275945,,0.0,776578,2988,47,0
mv_tbl__quotes_daily__0                                                                                                                 ,230009,Delete                        ,t,[VacuumBG] Finished           ,2026-08-13 05:07:50.275945,2026-08-13 05:07:52.472073,2.196128,758307,2989,47,47
mv_tbl__quotes_daily__0                                                                                                                 ,230009,Delete                        ,t,[VacuumBG] Finished           ,2026-08-13 05:09:20.293492,2026-08-13 05:09:23.422284,3.128792,761099,2989,47,47
mv_tbl__quotes_daily__0                                                                                                                 ,230009,Delete                        ,t,[VacuumBG] Started Delete Only,2026-08-13 05:09:20.293492,,0.0,777464,2988,47,0
mv_tbl__quotes_daily__0                                                                                                                 ,230009,Delete                        ,t,[VacuumBG] Finished           ,2026-08-13 05:10:52.159936,2026-08-13 05:10:55.505637,3.345701,757116,2989,47,47
mv_tbl__quotes_daily__0                                                                                                                 ,230009,Delete                        ,t,[VacuumBG] Started Delete Only,2026-08-13 05:10:52.159936,,0.0,770784,2988,47,0
mv_tbl__quotes_daily__0                                                                                                                 ,230009,Delete                        ,t,[VacuumBG] Started Delete Only,2026-08-13 05:12:23.225298,,0.0,789296,2988,47,0
mv_tbl__quotes_daily__0                                                                                                                 ,230009,Delete                        ,t,[VacuumBG] Finished           ,2026-08-13 05:12:23.225298,2026-08-13 05:12:25.930033,2.704735,776818,2990,47,47
mv_tbl__quotes_daily__0                                                                                                                 ,230009,Delete                        ,t,[VacuumBG] Finished           ,2026-08-13 05:13:51.475952,2026-08-13 05:13:54.440447,2.964495,763153,2990,47,47
mv_tbl__quotes_daily__0                                                                                                                 ,230009,Delete                        ,t,[VacuumBG] Started Delete Only,2026-08-13 05:13:51.475952,,0.0,786048,2988,47,0
mv_tbl__quotes_daily__0                                                                                                                 ,230009,Delete                        ,t,[VacuumBG] Finished           ,2026-08-13 05:15:21.124586,2026-08-13 05:15:22.781834,1.657248,776705,2988,47,47
mv_tbl__quotes_daily__0                                                                                                                 ,230009,Delete                        ,t,[VacuumBG] Started Delete Only,2026-08-13 05:15:21.124586,,0.0,782054,2988,47,0
mv_tbl__quotes_daily__0                                                                                                                 ,230009,Delete                        ,t,[VacuumBG] Started Delete Only,2026-08-13 05:16:51.071242,,0.0,786186,2988,47,0
mv_tbl__quotes_daily__0                                                                                                                 ,230009,Delete                        ,t,[VacuumBG] Finished           ,2026-08-13 05:16:51.071242,2026-08-13 05:16:53.918207,2.846965,761843,2990,47,47
mv_tbl__quotes_daily__0                                                                                                                 ,230009,Delete                        ,t,[VacuumBG] Started Delete Only,2026-08-13 05:18:21.841907,,0.0,780818,2988,47,0
mv_tbl__quotes_daily__0                                                                                                                 ,230009,Delete                        ,t,[VacuumBG] Finished           ,2026-08-13 05:18:21.841907,2026-08-13 05:18:24.281249,2.439342,767711,2988,47,47
mv_tbl__quotes_daily__0                                                                                                                 ,230009,Delete                        ,t,[VacuumBG] Finished           ,2026-08-13 05:19:53.108702,2026-08-13 05:19:55.400267,2.291565,770764,2988,47,47
mv_tbl__quotes_daily__0                                                                                                                 ,230009,Delete                        ,t,[VacuumBG] Started Delete Only,2026-08-13 05:19:53.108702,,0.0,777243,2988,47,0
mv_tbl__quotes_daily__0                                                                                                                 ,230009,Delete                        ,t,[VacuumBG] Finished           ,2026-08-13 05:21:20.358009,2026-08-13 05:21:23.619795,3.261786,763868,2990,47,47
mv_tbl__quotes_daily__0                                                                                                                 ,230009,Delete                        ,t,[VacuumBG] Started Delete Only,2026-08-13 05:21:20.358009,,0.0,789859,2988,47,0
mv_tbl__quotes_daily__0                                                                                                                 ,230009,Delete                        ,t,[VacuumBG] Finished           ,2026-08-13 05:22:50.335989,2026-08-13 05:22:53.133882,2.797893,766170,2988,47,47
mv_tbl__quotes_daily__0                                                                                                                 ,230009,Delete                        ,t,[VacuumBG] Started Delete Only,2026-08-13 05:22:50.335989,,0.0,773430,2988,47,0
mv_tbl__quotes_daily__0                                                                                                                 ,230009,Delete                        ,t,[VacuumBG] Started Delete Only,2026-08-13 05:24:21.875296,,0.0,798400,2988,47,0
mv_tbl__quotes_daily__0                                                                                                                 ,230009,Delete                        ,t,[VacuumBG] Finished           ,2026-08-13 05:24:21.875296,2026-08-13 05:24:25.454167,3.578871,769812,2990,47,47
mv_tbl__quotes_daily__0                                                                                                                 ,230009,Delete                        ,t,[VacuumBG] Started Delete Only,2026-08-13 05:25:52.136271,,0.0,788407,2988,47,0
mv_tbl__quotes_daily__0                                                                                                                 ,230009,Delete                        ,t,[VacuumBG] Finished           ,2026-08-13 05:25:52.136271,2026-08-13 05:25:53.007370,0.871099,786653,2988,47,47
mv_tbl__quotes_daily__0                                                                                                                 ,230009,Delete                        ,t,[VacuumBG] Started Delete Only,2026-08-13 05:27:20.386001,,0.0,796205,2988,47,0
mv_tbl__quotes_daily__0                                                                                                                 ,230009,Delete                        ,t,[VacuumBG] Finished           ,2026-08-13 05:27:20.386001,2026-08-13 05:27:23.359327,2.973326,795022,2990,47,47
mv_tbl__quotes_daily__0                                                                                                                 ,230009,Delete                        ,t,[VacuumBG] Finished           ,2026-08-13 05:28:51.061077,2026-08-13 05:28:54.429261,3.368184,774705,2990,47,47
mv_tbl__quotes_daily__0                                                                                                                 ,230009,Delete                        ,t,[VacuumBG] Started Delete Only,2026-08-13 05:28:51.061077,,0.0,804690,2988,47,0
mv_tbl__quotes_daily__0                                                                                                                 ,230009,Delete                        ,t,[VacuumBG] Finished           ,2026-08-13 05:30:21.708469,2026-08-13 05:30:24.152108,2.443639,792880,2988,47,47
mv_tbl__quotes_daily__0                                                                                                                 ,230009,Delete                        ,t,[VacuumBG] Started Delete Only,2026-08-13 05:30:21.708469,,0.0,794078,2988,47,0
mv_tbl__quotes_daily__0                                                                                                                 ,230009,Delete                        ,t,[VacuumBG] Started Delete Only,2026-08-13 05:31:51.172696,,0.0,802636,2988,47,0
mv_tbl__quotes_daily__0                                                                                                                 ,230009,Delete                        ,t,[VacuumBG] Finished           ,2026-08-13 05:31:51.172696,2026-08-13 05:31:54.318810,3.146114,774319,2990,47,47
mv_tbl__quotes_daily__0                                                                                                                 ,230009,Delete                        ,t,[VacuumBG] Finished           ,2026-08-13 05:33:20.626594,2026-08-13 05:33:23.017529,2.390935,788072,2988,47,47
mv_tbl__quotes_daily__0                                                                                                                 ,230009,Delete                        ,t,[VacuumBG] Started Delete Only,2026-08-13 05:33:20.626594,,0.0,793770,2988,47,0
mv_tbl__quotes_daily__0                                                                                                                 ,230009,Delete                        ,t,[VacuumBG] Finished           ,2026-08-13 05:34:52.297796,2026-08-13 05:34:54.439389,2.141593,778462,2988,47,47
mv_tbl__quotes_daily__0                                                                                                                 ,230009,Delete                        ,t,[VacuumBG] Started Delete Only,2026-08-13 05:34:52.297796,,0.0,797856,2988,47,0
mv_tbl__quotes_daily__0                                                                                                                 ,230009,Delete                        ,t,[VacuumBG] Started Delete Only,2026-08-13 05:36:20.782746,,0.0,813704,2988,47,0
mv_tbl__quotes_daily__0                                                                                                                 ,230009,Delete                        ,t,[VacuumBG] Finished           ,2026-08-13 05:36:20.782746,2026-08-13 05:36:24.002513,3.219767,781560,2990,47,47
mv_tbl__quotes_daily__0                                                                                                                 ,230009,Delete                        ,t,[VacuumBG] Started Delete Only,2026-08-13 05:37:52.208614,,0.0,790905,2988,47,0
mv_tbl__quotes_daily__0                                                                                                                 ,230009,Delete                        ,t,[VacuumBG] Finished           ,2026-08-13 05:37:52.208614,2026-08-13 05:37:55.080576,2.871962,786212,2988,47,47
mv_tbl__quotes_daily__0                                                                                                                 ,230009,Delete                        ,t,[VacuumBG] Started Delete Only,2026-08-13 05:39:21.960309,,0.0,805224,2988,47,0
mv_tbl__quotes_daily__0                                                                                                                 ,230009,Delete                        ,t,[VacuumBG] Finished           ,2026-08-13 05:39:21.960309,2026-08-13 05:39:23.676129,1.71582,794728,2988,47,47
mv_tbl__quotes_daily__0                                                                                                                 ,230009,Delete                        ,t,[VacuumBG] Started Delete Only,2026-08-13 05:40:51.112228,,0.0,804335,2988,47,0
mv_tbl__quotes_daily__0                                                                                                                 ,230009,Delete                        ,t,[VacuumBG] Finished           ,2026-08-13 05:40:51.112228,2026-08-13 05:40:55.445727,4.333499,784518,2990,47,47
mv_tbl__quotes_daily__0                                                                                                                 ,230009,Delete                        ,t,[VacuumBG] Started Delete Only,2026-08-13 05:42:22.433108,,0.0,803760,2988,47,0
mv_tbl__quotes_daily__0                                                                                                                 ,230009,Delete                        ,t,[VacuumBG] Finished           ,2026-08-13 05:42:22.433108,2026-08-13 05:42:25.148327,2.715219,784874,2990,47,47
mv_tbl__quotes_daily__0                                                                                                                 ,230009,Delete                        ,t,[VacuumBG] Started Delete Only,2026-08-13 05:43:51.303352,,0.0,794387,2988,47,0
mv_tbl__quotes_daily__0                                                                                                                 ,230009,Delete                        ,t,[VacuumBG] Finished           ,2026-08-13 05:43:51.303352,2026-08-13 05:43:53.224832,1.92148,786951,2988,47,47
mv_tbl__quotes_daily__0                                                                                                                 ,230009,Delete                        ,t,[VacuumBG] Started Delete Only,2026-08-13 05:45:20.675427,,0.0,806253,2988,47,0
mv_tbl__quotes_daily__0                                                                                                                 ,230009,Delete                        ,t,[VacuumBG] Finished           ,2026-08-13 05:45:20.675427,2026-08-13 05:45:23.755445,3.080018,787505,2988,47,47
mv_tbl__quotes_daily__0                                                                                                                 ,230009,Delete                        ,t,[VacuumBG] Started Delete Only,2026-08-13 05:46:51.321589,,0.0,797273,2988,47,0
mv_tbl__quotes_daily__0                                                                                                                 ,230009,Delete                        ,t,[VacuumBG] Finished           ,2026-08-13 05:46:51.321589,2026-08-13 05:46:54.330374,3.008785,786582,2990,47,47
mv_tbl__quotes_daily__0                                                                                                                 ,230009,Delete                        ,t,[VacuumBG] Finished           ,2026-08-13 05:48:21.187015,2026-08-13 05:48:24.961708,3.774693,798819,2990,47,47
mv_tbl__quotes_daily__0                                                                                                                 ,230009,Delete                        ,t,[VacuumBG] Started Delete Only,2026-08-13 05:48:21.187015,,0.0,828056,2988,47,0
mv_tbl__quotes_daily__0                                                                                                                 ,230009,Delete                        ,t,[VacuumBG] Finished           ,2026-08-13 05:49:50.647552,2026-08-13 05:49:53.140371,2.492819,801612,2988,47,47
mv_tbl__quotes_daily__0                                                                                                                 ,230009,Delete                        ,t,[VacuumBG] Started Delete Only,2026-08-13 05:49:50.647552,,0.0,808204,2988,47,0
mv_tbl__quotes_daily__0                                                                                                                 ,230009,Delete                        ,t,[VacuumBG] Finished           ,2026-08-13 05:51:20.713622,2026-08-13 05:51:22.598094,1.884472,809049,2988,47,47
mv_tbl__quotes_daily__0                                                                                                                 ,230009,Delete                        ,t,[VacuumBG] Started Delete Only,2026-08-13 05:51:20.713622,,0.0,820705,2988,47,0
mv_tbl__quotes_daily__0                                                                                                                 ,230009,Delete                        ,t,[VacuumBG] Finished           ,2026-08-13 05:52:50.750243,2026-08-13 05:52:54.442203,3.69196,803299,2989,47,47
mv_tbl__quotes_daily__0                                                                                                                 ,230009,Delete                        ,t,[VacuumBG] Started Delete Only,2026-08-13 05:52:50.750243,,0.0,818648,2988,47,0
mv_tbl__quotes_daily__0                                                                                                                 ,230009,Delete                        ,t,[VacuumBG] Started Delete Only,2026-08-13 05:54:20.772363,,0.0,822696,2988,47,0
mv_tbl__quotes_daily__0                                                                                                                 ,230009,Delete                        ,t,[VacuumBG] Finished           ,2026-08-13 05:54:20.772363,2026-08-13 05:54:22.356371,1.584008,818024,2989,47,47
mv_tbl__quotes_daily__0                                                                                                                 ,230009,Delete                        ,t,[VacuumBG] Started Delete Only,2026-08-13 05:55:52.581812,,0.0,827679,2988,47,0
mv_tbl__quotes_daily__0                                                                                                                 ,230009,Delete                        ,t,[VacuumBG] Finished           ,2026-08-13 05:55:52.581812,2026-08-13 05:55:56.439813,3.858001,801531,2989,47,47
mv_tbl__quotes_daily__0                                                                                                                 ,230009,Delete                        ,t,[VacuumBG] Started Delete Only,2026-08-13 05:57:22.618422,,0.0,820904,2988,47,0
mv_tbl__quotes_daily__0                                                                                                                 ,230009,Delete                        ,t,[VacuumBG] Finished           ,2026-08-13 05:57:22.618422,2026-08-13 05:57:25.041462,2.42304,807830,2989,47,47
mv_tbl__quotes_daily__0                                                                                                                 ,230009,Delete                        ,t,[VacuumBG] Started Delete Only,2026-08-13 05:58:51.078961,,0.0,817681,2988,47,0
mv_tbl__quotes_daily__0                                                                                                                 ,230009,Delete                        ,t,[VacuumBG] Finished           ,2026-08-13 05:58:51.078961,2026-08-13 05:58:53.835826,2.756865,803501,2989,47,47
mv_tbl__quotes_daily__0                                                                                                                 ,230009,Delete                        ,t,[VacuumBG] Finished           ,2026-08-13 06:00:21.103649,2026-08-13 06:00:24.497915,3.394266,810560,2990,47,47
mv_tbl__quotes_daily__0                                                                                                                 ,230009,Delete                        ,t,[VacuumBG] Started Delete Only,2026-08-13 06:00:21.103649,,0.0,839643,2988,47,0
mv_tbl__quotes_daily__0                                                                                                                 ,230009,Delete                        ,t,[VacuumBG] Finished           ,2026-08-13 06:01:50.779316,2026-08-13 06:01:52.153349,1.374033,814270,2988,47,47
mv_tbl__quotes_daily__0                                                                                                                 ,230009,Delete                        ,t,[VacuumBG] Started Delete Only,2026-08-13 06:01:50.779316,,0.0,819740,2988,47,0
mv_tbl__quotes_daily__0                                                                                                                 ,230009,Delete                        ,t,[VacuumBG] Finished           ,2026-08-13 06:03:20.808272,2026-08-13 06:03:24.326233,3.517961,815167,2988,47,47
mv_tbl__quotes_daily__0                                                                                                                 ,230009,Delete                        ,t,[VacuumBG] Started Delete Only,2026-08-13 06:03:20.808272,,0.0,832965,2988,47,0
mv_tbl__quotes_daily__0                                                                                                                 ,230009,Delete                        ,t,[VacuumBG] Finished           ,2026-08-13 06:04:50.861172,2026-08-13 06:04:53.921991,3.060819,814390,2990,47,47
mv_tbl__quotes_daily__0                                                                                                                 ,230009,Delete                        ,t,[VacuumBG] Started Delete Only,2026-08-13 06:04:50.861172,,0.0,834233,2988,47,0
mv_tbl__quotes_daily__0                                                                                                                 ,230009,Delete                        ,t,[VacuumBG] Finished           ,2026-08-13 06:06:22.111748,2026-08-13 06:06:23.813614,1.701866,812908,2988,47,47
mv_tbl__quotes_daily__0                                                                                                                 ,230009,Delete                        ,t,[VacuumBG] Started Delete Only,2026-08-13 06:06:22.111748,,0.0,824034,2988,47,0
mv_tbl__quotes_daily__0                                                                                                                 ,230009,Delete                        ,t,[VacuumBG] Finished           ,2026-08-13 06:07:53.083455,2026-08-13 06:07:54.797792,1.714337,815068,2988,47,47
mv_tbl__quotes_daily__0                                                                                                                 ,230009,Delete                        ,t,[VacuumBG] Started Delete Only,2026-08-13 06:07:53.083455,,0.0,822620,2988,47,0
mv_tbl__quotes_daily__0                                                                                                                 ,230009,Delete                        ,t,[VacuumBG] Started Delete Only,2026-08-13 06:09:21.875676,,0.0,834520,2988,47,0
mv_tbl__quotes_daily__0                                                                                                                 ,230009,Delete                        ,t,[VacuumBG] Finished           ,2026-08-13 06:09:21.875676,2026-08-13 06:09:26.524314,4.648638,812879,2990,47,47
mv_tbl__quotes_daily__0                                                                                                                 ,230009,Delete                        ,t,[VacuumBG] Started Delete Only,2026-08-13 06:10:50.910871,,0.0,822796,2988,47,0
mv_tbl__quotes_daily__0                                                                                                                 ,230009,Delete                        ,t,[VacuumBG] Finished           ,2026-08-13 06:10:50.910871,2026-08-13 06:10:53.507868,2.596997,814790,2988,47,47
mv_tbl__quotes_daily__0                                                                                                                 ,230009,Delete                        ,t,[VacuumBG] Started Delete Only,2026-08-13 06:12:22.375838,,0.0,843015,2988,47,0
mv_tbl__quotes_daily__0                                                                                                                 ,230009,Delete                        ,t,[VacuumBG] Finished           ,2026-08-13 06:12:22.375838,2026-08-13 06:12:25.248862,2.873024,829773,2988,47,47
mv_tbl__quotes_daily__0                                                                                                                 ,230009,Delete                        ,t,[VacuumBG] Started Delete Only,2026-08-13 06:13:51.035092,,0.0,839087,2988,47,0
mv_tbl__quotes_daily__0                                                                                                                 ,230009,Delete                        ,t,[VacuumBG] Finished           ,2026-08-13 06:13:51.035092,2026-08-13 06:13:54.343636,3.308544,821973,2989,47,47
mv_tbl__quotes_daily__0                                                                                                                 ,230009,Delete                        ,t,[VacuumBG] Started Delete Only,2026-08-13 06:15:21.028333,,0.0,840990,2988,47,0
mv_tbl__quotes_daily__0                                                                                                                 ,230009,Delete                        ,t,[VacuumBG] Finished           ,2026-08-13 06:15:21.028333,2026-08-13 06:15:22.819184,1.790851,828007,2989,47,47
mv_tbl__quotes_daily__0                                                                                                                 ,230009,Delete                        ,t,[VacuumBG] Started Delete Only,2026-08-13 06:16:51.960568,,0.0,837605,2988,47,0
mv_tbl__quotes_daily__0                                                                                                                 ,230009,Delete                        ,t,[VacuumBG] Finished           ,2026-08-13 06:16:51.960568,2026-08-13 06:16:54.573576,2.613008,825473,2988,47,47
mv_tbl__quotes_daily__0                                                                                                                 ,230009,Delete                        ,t,[VacuumBG] Started Delete Only,2026-08-13 06:18:20.990059,,0.0,844723,2988,47,0
mv_tbl__quotes_daily__0                                                                                                                 ,230009,Delete                        ,t,[VacuumBG] Finished           ,2026-08-13 06:18:20.990059,2026-08-13 06:18:23.994451,3.004392,837751,2990,47,47
mv_tbl__quotes_daily__0                                                                                                                 ,230009,Delete                        ,t,[VacuumBG] Finished           ,2026-08-13 06:19:51.094254,2026-08-13 06:19:54.199577,3.105323,827599,2990,47,47
mv_tbl__quotes_daily__0                                                                                                                 ,230009,Delete                        ,t,[VacuumBG] Started Delete Only,2026-08-13 06:19:51.094254,,0.0,847419,2988,47,0
mv_tbl__quotes_daily__0                                                                                                                 ,230009,Delete                        ,t,[VacuumBG] Finished           ,2026-08-13 06:21:22.931889,2026-08-13 06:21:25.815654,2.883765,823495,2988,47,47
mv_tbl__quotes_daily__0                                                                                                                 ,230009,Delete                        ,t,[VacuumBG] Started Delete Only,2026-08-13 06:21:22.931889,,0.0,846811,2988,47,0
mv_tbl__quotes_daily__0                                                                                                                 ,230009,Delete                        ,t,[VacuumBG] Started Delete Only,2026-08-13 06:22:52.607915,,0.0,833214,2988,47,0
mv_tbl__quotes_daily__0                                                                                                                 ,230009,Delete                        ,t,[VacuumBG] Finished           ,2026-08-13 06:22:52.607915,2026-08-13 06:22:54.466081,1.858166,828440,2988,47,47
mv_tbl__quotes_daily__0                                                                                                                 ,230009,Delete                        ,t,[VacuumBG] Started Delete Only,2026-08-13 06:24:21.359958,,0.0,859795,2988,47,0
mv_tbl__quotes_daily__0                                                                                                                 ,230009,Delete                        ,t,[VacuumBG] Finished           ,2026-08-13 06:24:21.359958,2026-08-13 06:24:24.641118,3.28116,830240,2990,47,47
mv_tbl__quotes_daily__0                                                                                                                 ,230009,Delete                        ,t,[VacuumBG] Started Delete Only,2026-08-13 06:25:51.137299,,0.0,839540,2988,47,0
mv_tbl__quotes_daily__0                                                                                                                 ,230009,Delete                        ,t,[VacuumBG] Finished           ,2026-08-13 06:25:51.137299,2026-08-13 06:25:52.043358,0.906059,834674,2988,47,47
mv_tbl__quotes_daily__0                                                                                                                 ,230009,Delete                        ,t,[VacuumBG] Started Delete Only,2026-08-13 06:27:21.181519,,0.0,853486,2988,47,0
mv_tbl__quotes_daily__0                                                                                                                 ,230009,Delete                        ,t,[VacuumBG] Finished           ,2026-08-13 06:27:21.181519,2026-08-13 06:27:23.934013,2.752494,836773,2988,47,47
mv_tbl__quotes_daily__0                                                                                                                 ,230009,Delete                        ,t,[VacuumBG] Finished           ,2026-08-13 06:28:51.058793,2026-08-13 06:28:54.254141,3.195348,836738,2990,47,47
mv_tbl__quotes_daily__0                                                                                                                 ,230009,Delete                        ,t,[VacuumBG] Started Delete Only,2026-08-13 06:28:51.058793,,0.0,855759,2988,47,0
mv_tbl__quotes_daily__0                                                                                                                 ,230009,Delete                        ,t,[VacuumBG] Finished           ,2026-08-13 06:30:23.530213,2026-08-13 06:30:26.256092,2.725879,832861,2988,47,47
mv_tbl__quotes_daily__0                                                                                                                 ,230009,Delete                        ,t,[VacuumBG] Started Delete Only,2026-08-13 06:30:23.530213,,0.0,846258,2988,47,0
mv_tbl__quotes_daily__0                                                                                                                 ,230009,Delete                        ,t,[VacuumBG] Finished           ,2026-08-13 06:31:52.592738,2026-08-13 06:31:54.103541,1.510803,838797,2988,47,47
mv_tbl__quotes_daily__0                                                                                                                 ,230009,Delete                        ,t,[VacuumBG] Started Delete Only,2026-08-13 06:31:52.592738,,0.0,842391,2988,47,0
mv_tbl__quotes_daily__0                                                                                                                 ,230009,Delete                        ,t,[VacuumBG] Finished           ,2026-08-13 06:33:22.021928,2026-08-13 06:33:24.386043,2.364115,834000,2988,47,47
mv_tbl__quotes_daily__0                                                                                                                 ,230009,Delete                        ,t,[VacuumBG] Started Delete Only,2026-08-13 06:33:22.021928,,0.0,857935,2988,47,0
mv_tbl__quotes_daily__0                                                                                                                 ,230009,Delete                        ,t,[VacuumBG] Started Delete Only,2026-08-13 06:34:51.071371,,0.0,843706,2988,47,0
mv_tbl__quotes_daily__0                                                                                                                 ,230009,Delete                        ,t,[VacuumBG] Finished           ,2026-08-13 06:34:51.071371,2026-08-13 06:34:52.822427,1.751056,840300,2990,47,47
mv_tbl__quotes_daily__0                                                                                                                 ,230009,Delete                        ,t,[VacuumBG] Finished           ,2026-08-13 06:36:21.719293,2026-08-13 06:36:24.543554,2.824261,839739,2988,47,47
mv_tbl__quotes_daily__0                                                                                                                 ,230009,Delete                        ,t,[VacuumBG] Started Delete Only,2026-08-13 06:36:21.719293,,0.0,874730,2988,47,0
mv_tbl__quotes_daily__0                                                                                                                 ,230009,Delete                        ,t,[VacuumBG] Finished           ,2026-08-13 06:37:52.390864,2026-08-13 06:37:54.408473,2.017609,842270,2988,47,47
mv_tbl__quotes_daily__0                                                                                                                 ,230009,Delete                        ,t,[VacuumBG] Started Delete Only,2026-08-13 06:37:52.390864,,0.0,849039,2988,47,0
mv_tbl__quotes_daily__0                                                                                                                 ,230009,Delete                        ,t,[VacuumBG] Started Delete Only,2026-08-13 06:39:24.066572,,0.0,860976,2988,47,0
mv_tbl__quotes_daily__0                                                                                                                 ,230009,Delete                        ,t,[VacuumBG] Finished           ,2026-08-13 06:39:24.066572,2026-08-13 06:39:26.382688,2.316116,841207,2990,47,47
mv_tbl__quotes_daily__0                                                                                                                 ,230009,Delete                        ,t,[VacuumBG] Started Delete Only,2026-08-13 06:40:51.310806,,0.0,860052,2988,47,0
mv_tbl__quotes_daily__0                                                                                                                 ,230009,Delete                        ,t,[VacuumBG] Finished           ,2026-08-13 06:40:51.310806,2026-08-13 06:40:53.565372,2.254566,848798,2988,47,47
mv_tbl__quotes_daily__0                                                                                                                 ,230009,Delete                        ,t,[VacuumBG] Finished           ,2026-08-13 06:42:21.183578,2026-08-13 06:42:23.515022,2.331444,858254,2988,47,47
mv_tbl__quotes_daily__0                                                                                                                 ,230009,Delete                        ,t,[VacuumBG] Started Delete Only,2026-08-13 06:42:21.183578,,0.0,858254,2988,47,0
mv_tbl__quotes_daily__0                                                                                                                 ,230009,Delete                        ,t,[VacuumBG] Finished           ,2026-08-13 06:43:51.785508,2026-08-13 06:43:53.869632,2.084124,844533,2988,47,47
mv_tbl__quotes_daily__0                                                                                                                 ,230009,Delete                        ,t,[VacuumBG] Started Delete Only,2026-08-13 06:43:51.785508,,0.0,867747,2988,47,0
mv_tbl__quotes_daily__0                                                                                                                 ,230009,Delete                        ,t,[VacuumBG] Started Delete Only,2026-08-13 06:45:21.308697,,0.0,863525,2988,47,0
mv_tbl__quotes_daily__0                                                                                                                 ,230009,Delete                        ,t,[VacuumBG] Finished           ,2026-08-13 06:45:21.308697,2026-08-13 06:45:24.450130,3.141433,845178,2990,47,47
mv_tbl__quotes_daily__0                                                                                                                 ,230009,Delete                        ,t,[VacuumBG] Started Delete Only,2026-08-13 06:46:51.962310,,0.0,854824,2988,47,0
mv_tbl__quotes_daily__0                                                                                                                 ,230009,Delete                        ,t,[VacuumBG] Finished           ,2026-08-13 06:46:51.962310,2026-08-13 06:46:54.148919,2.186609,844577,2988,47,47
mv_tbl__quotes_daily__0                                                                                                                 ,230009,Delete                        ,t,[VacuumBG] Started Delete Only,2026-08-13 06:48:21.636648,,0.0,877499,2988,47,0
mv_tbl__quotes_daily__0                                                                                                                 ,230009,Delete                        ,t,[VacuumBG] Finished           ,2026-08-13 06:48:21.636648,2026-08-13 06:48:23.644014,2.007366,865773,2988,47,47
mv_tbl__quotes_daily__0                                                                                                                 ,230009,Delete                        ,t,[VacuumBG] Started Delete Only,2026-08-13 06:49:51.896309,,0.0,880553,2988,47,0
mv_tbl__quotes_daily__0                                                                                                                 ,230009,Delete                        ,t,[VacuumBG] Finished           ,2026-08-13 06:49:51.896309,2026-08-13 06:49:54.568764,2.672455,861284,2988,47,47
mv_tbl__quotes_daily__0                                                                                                                 ,230009,Delete                        ,t,[VacuumBG] Started Delete Only,2026-08-13 06:51:22.162147,,0.0,880022,2988,47,0
mv_tbl__quotes_daily__0                                                                                                                 ,230009,Delete                        ,t,[VacuumBG] Finished           ,2026-08-13 06:51:22.162147,2026-08-13 06:51:25.198443,3.036296,876564,2990,47,47
mv_tbl__quotes_daily__0                                                                                                                 ,230009,Delete                        ,t,[VacuumBG] Started Delete Only,2026-08-13 06:52:51.421972,,0.0,886112,2988,47,0
mv_tbl__quotes_daily__0                                                                                                                 ,230009,Delete                        ,t,[VacuumBG] Finished           ,2026-08-13 06:52:51.421972,2026-08-13 06:52:55.141734,3.719762,863419,2990,47,47
mv_tbl__quotes_daily__0                                                                                                                 ,230009,Delete                        ,t,[VacuumBG] Started Delete Only,2026-08-13 06:54:21.290529,,0.0,882668,2988,47,0
mv_tbl__quotes_daily__0                                                                                                                 ,230009,Delete                        ,t,[VacuumBG] Finished           ,2026-08-13 06:54:21.290529,2026-08-13 06:54:24.356074,3.065545,865952,2988,47,47
mv_tbl__quotes_daily__0                                                                                                                 ,230009,Delete                        ,t,[VacuumBG] Started Delete Only,2026-08-13 06:55:53.153704,,0.0,875628,2988,47,0
mv_tbl__quotes_daily__0                                                                                                                 ,230009,Delete                        ,t,[VacuumBG] Finished           ,2026-08-13 06:55:53.153704,2026-08-13 06:55:55.680435,2.526731,864249,2988,47,47
mv_tbl__quotes_daily__0                                                                                                                 ,230009,Delete                        ,t,[VacuumBG] Started Delete Only,2026-08-13 06:57:21.418141,,0.0,883606,2988,47,0
mv_tbl__quotes_daily__0                                                                                                                 ,230009,Delete                        ,t,[VacuumBG] Finished           ,2026-08-13 06:57:21.418141,2026-08-13 06:57:24.805786,3.387645,861187,2990,47,47
mv_tbl__quotes_daily__0                                                                                                                 ,230009,Delete                        ,t,[VacuumBG] Started Delete Only,2026-08-13 06:58:52.680461,,0.0,870925,2988,47,0
mv_tbl__quotes_daily__0                                                                                                                 ,230009,Delete                        ,t,[VacuumBG] Finished           ,2026-08-13 06:58:52.680461,2026-08-13 06:58:55.675379,2.994918,862727,2988,47,47
mv_tbl__quotes_daily__0                                                                                                                 ,230009,Delete                        ,t,[VacuumBG] Finished           ,2026-08-13 07:00:21.347147,2026-08-13 07:00:24.130498,2.783351,884962,2990,47,47
mv_tbl__quotes_daily__0                                                                                                                 ,230009,Delete                        ,t,[VacuumBG] Started Delete Only,2026-08-13 07:00:21.347147,,0.0,890463,2988,47,0
mv_tbl__quotes_daily__0                                                                                                                 ,230009,Delete                        ,t,[VacuumBG] Finished           ,2026-08-13 07:01:53.185339,2026-08-13 07:01:57.409810,4.224471,869414,2990,47,47
mv_tbl__quotes_daily__0                                                                                                                 ,230009,Delete                        ,t,[VacuumBG] Started Delete Only,2026-08-13 07:01:53.185339,,0.0,901433,2988,47,0
mv_tbl__quotes_daily__0                                                                                                                 ,230009,Delete                        ,t,[VacuumBG] Started Delete Only,2026-08-13 07:03:21.415345,,0.0,887977,2988,47,0
mv_tbl__quotes_daily__0                                                                                                                 ,230009,Delete                        ,t,[VacuumBG] Finished           ,2026-08-13 07:03:21.415345,2026-08-13 07:03:23.646343,2.230998,881488,2988,47,47
mv_tbl__quotes_daily__0                                                                                                                 ,230009,Delete                        ,t,[VacuumBG] Started Delete Only,2026-08-13 07:04:51.433604,,0.0,891015,2988,47,0
mv_tbl__quotes_daily__0                                                                                                                 ,230009,Delete                        ,t,[VacuumBG] Finished           ,2026-08-13 07:04:51.433604,2026-08-13 07:04:53.406488,1.972884,878848,2988,47,47
mv_tbl__quotes_daily__0                                                                                                                 ,230009,Delete                        ,t,[VacuumBG] Started Delete Only,2026-08-13 07:06:22.071253,,0.0,897850,2988,47,0
mv_tbl__quotes_daily__0                                                                                                                 ,230009,Delete                        ,t,[VacuumBG] Finished           ,2026-08-13 07:06:22.071253,2026-08-13 07:06:24.563447,2.492194,870102,2988,47,47
mv_tbl__quotes_daily__0                                                                                                                 ,230009,Delete                        ,t,[VacuumBG] Started Delete Only,2026-08-13 07:07:51.510950,,0.0,879633,2988,47,0
mv_tbl__quotes_daily__0                                                                                                                 ,230009,Delete                        ,t,[VacuumBG] Finished           ,2026-08-13 07:07:51.510950,2026-08-13 07:07:55.205773,3.694823,873717,2990,47,47
mv_tbl__quotes_daily__0                                                                                                                 ,230009,Delete                        ,t,[VacuumBG] Finished           ,2026-08-13 07:09:22.792650,2026-08-13 07:09:25.525620,2.73297,881678,2988,47,47
mv_tbl__quotes_daily__0                                                                                                                 ,230009,Delete                        ,t,[VacuumBG] Started Delete Only,2026-08-13 07:09:22.792650,,0.0,892803,2988,47,0
mv_tbl__quotes_daily__0                                                                                                                 ,230009,Delete                        ,t,[VacuumBG] Finished           ,2026-08-13 07:10:52.049636,2026-08-13 07:10:55.298816,3.24918,870449,2988,47,47
mv_tbl__quotes_daily__0                                                                                                                 ,230009,Delete                        ,t,[VacuumBG] Started Delete Only,2026-08-13 07:10:52.049636,,0.0,891169,2988,47,0
mv_tbl__quotes_daily__0                                                                                                                 ,230009,Delete                        ,t,[VacuumBG] Started Delete Only,2026-08-13 07:12:22.905175,,0.0,891866,2988,47,0
mv_tbl__quotes_daily__0                                                                                                                 ,230009,Delete                        ,t,[VacuumBG] Finished           ,2026-08-13 07:12:22.905175,2026-08-13 07:12:26.372205,3.46703,878790,2990,47,47
mv_tbl__quotes_daily__0                                                                                                                 ,230009,Delete                        ,t,[VacuumBG] Started Delete Only,2026-08-13 07:13:51.644542,,0.0,897348,2988,47,0
mv_tbl__quotes_daily__0                                                                                                                 ,230009,Delete                        ,t,[VacuumBG] Finished           ,2026-08-13 07:13:51.644542,2026-08-13 07:13:53.530887,1.886345,883221,2988,47,47
mv_tbl__quotes_daily__0                                                                                                                 ,230009,Delete                        ,t,[VacuumBG] Finished           ,2026-08-13 07:15:24.216756,2026-08-13 07:15:27.654390,3.437634,883449,2988,47,47
mv_tbl__quotes_daily__0                                                                                                                 ,230009,Delete                        ,t,[VacuumBG] Started Delete Only,2026-08-13 07:15:24.216756,,0.0,907149,2988,47,0
mv_tbl__quotes_daily__0                                                                                                                 ,230009,Delete                        ,t,[VacuumBG] Finished           ,2026-08-13 07:16:52.066088,2026-08-13 07:16:55.093269,3.027181,880832,2990,47,47
mv_tbl__quotes_daily__0                                                                                                                 ,230009,Delete                        ,t,[VacuumBG] Started Delete Only,2026-08-13 07:16:52.066088,,0.0,892874,2988,47,0
mv_tbl__quotes_daily__0                                                                                                                 ,230009,Delete                        ,t,[VacuumBG] Started Delete Only,2026-08-13 07:18:25.140549,,0.0,899787,2988,47,0
mv_tbl__quotes_daily__0                                                                                                                 ,230009,Delete                        ,t,[VacuumBG] Finished           ,2026-08-13 07:18:25.140549,2026-08-13 07:18:26.972615,1.832066,884594,2988,47,47
mv_tbl__quotes_daily__0                                                                                                                 ,230009,Delete                        ,t,[VacuumBG] Started Delete Only,2026-08-13 07:19:51.572526,,0.0,894107,2988,47,0
mv_tbl__quotes_daily__0                                                                                                                 ,230009,Delete                        ,t,[VacuumBG] Finished           ,2026-08-13 07:19:51.572526,2026-08-13 07:19:53.896119,2.323593,888655,2988,47,47
mv_tbl__quotes_daily__0                                                                                                                 ,230009,Delete                        ,t,[VacuumBG] Started Delete Only,2026-08-13 07:21:22.853519,,0.0,907634,2988,47,0
mv_tbl__quotes_daily__0                                                                                                                 ,230009,Delete                        ,t,[VacuumBG] Finished           ,2026-08-13 07:21:22.853519,2026-08-13 07:21:25.199341,2.345822,885193,2988,47,47
mv_tbl__quotes_daily__0                                                                                                                 ,230009,Delete                        ,t,[VacuumBG] Started Delete Only,2026-08-13 07:22:52.519777,,0.0,894759,2988,47,0
mv_tbl__quotes_daily__0                                                                                                                 ,230009,Delete                        ,t,[VacuumBG] Finished           ,2026-08-13 07:22:52.519777,2026-08-13 07:22:54.577269,2.057492,885285,2988,47,47
mv_tbl__quotes_daily__0                                                                                                                 ,230009,Delete                        ,t,[VacuumBG] Finished           ,2026-08-13 07:24:23.392149,2026-08-13 07:24:25.127379,1.73523,890985,2990,47,47
mv_tbl__quotes_daily__0                                                                                                                 ,230009,Delete                        ,t,[VacuumBG] Started Delete Only,2026-08-13 07:24:23.392149,,0.0,910643,2988,47,0
mv_tbl__quotes_daily__0                                                                                                                 ,230009,Delete                        ,t,[VacuumBG] Finished           ,2026-08-13 07:25:51.638366,2026-08-13 07:25:54.168853,2.530487,891403,2989,47,47
mv_tbl__quotes_daily__0                                                                                                                 ,230009,Delete                        ,t,[VacuumBG] Started Delete Only,2026-08-13 07:25:51.638366,,0.0,918471,2989,47,0
mv_tbl__quotes_daily__0                                                                                                                 ,230009,Delete                        ,t,[VacuumBG] Finished           ,2026-08-13 07:27:21.709044,2026-08-13 07:27:24.052492,2.343448,893758,2988,47,47
mv_tbl__quotes_daily__0                                                                                                                 ,230009,Delete                        ,t,[VacuumBG] Started Delete Only,2026-08-13 07:27:21.709044,,0.0,900662,2988,47,0
mv_tbl__quotes_daily__0                                                                                                                 ,230009,Delete                        ,t,[VacuumBG] Finished           ,2026-08-13 07:28:53.377402,2026-08-13 07:28:56.096647,2.719245,901314,2988,47,47
mv_tbl__quotes_daily__0                                                                                                                 ,230009,Delete                        ,t,[VacuumBG] Started Delete Only,2026-08-13 07:28:53.377402,,0.0,912542,2988,47,0
mv_tbl__quotes_daily__0                                                                                                                 ,230009,Delete                        ,t,[VacuumBG] Started Delete Only,2026-08-13 07:30:23.046579,,0.0,910685,2988,47,0
mv_tbl__quotes_daily__0                                                                                                                 ,230009,Delete                        ,t,[VacuumBG] Finished           ,2026-08-13 07:30:23.046579,2026-08-13 07:30:25.714783,2.668204,893208,2988,47,47
mv_tbl__quotes_daily__0                                                                                                                 ,230009,Delete                        ,t,[VacuumBG] Finished           ,2026-08-13 07:31:51.687059,2026-08-13 07:31:53.508082,1.821023,895488,2990,47,47
mv_tbl__quotes_daily__0                                                                                                                 ,230009,Delete                        ,t,[VacuumBG] Started Delete Only,2026-08-13 07:31:51.687059,,0.0,902638,2988,47,0
mv_tbl__quotes_daily__0                                                                                                                 ,230009,Delete                        ,t,[VacuumBG] Finished           ,2026-08-13 07:33:22.821049,2026-08-13 07:33:24.802038,1.980989,907769,2988,47,47
mv_tbl__quotes_daily__0                                                                                                                 ,230009,Delete                        ,t,[VacuumBG] Started Delete Only,2026-08-13 07:33:22.821049,,0.0,914364,2988,47,0
mv_tbl__quotes_daily__0                                                                                                                 ,230009,Delete                        ,t,[VacuumBG] Started Delete Only,2026-08-13 07:34:51.781728,,0.0,917386,2988,47,0
mv_tbl__quotes_daily__0                                                                                                                 ,230009,Delete                        ,t,[VacuumBG] Finished           ,2026-08-13 07:34:51.781728,2026-08-13 07:34:54.932796,3.151068,891788,2988,47,47
mv_tbl__quotes_daily__0                                                                                                                 ,230009,Delete                        ,t,[VacuumBG] Finished           ,2026-08-13 07:36:23.253485,2026-08-13 07:36:24.241807,0.988322,897907,2988,47,47
mv_tbl__quotes_daily__0                                                                                                                 ,230009,Delete                        ,t,[VacuumBG] Started Delete Only,2026-08-13 07:36:23.253485,,0.0,901297,2988,47,0
mv_tbl__quotes_daily__0                                                                                                                 ,230009,Delete                        ,t,[VacuumBG] Finished           ,2026-08-13 07:37:51.884390,2026-08-13 07:37:54.708970,2.82458,905137,2988,47,47
mv_tbl__quotes_daily__0                                                                                                                 ,230009,Delete                        ,t,[VacuumBG] Started Delete Only,2026-08-13 07:37:51.884390,,0.0,923648,2988,47,0
mv_tbl__quotes_daily__0                                                                                                                 ,230009,Delete                        ,t,[VacuumBG] Started Delete Only,2026-08-13 07:39:22.142757,,0.0,916750,2988,47,0
mv_tbl__quotes_daily__0                                                                                                                 ,230009,Delete                        ,t,[VacuumBG] Finished           ,2026-08-13 07:39:22.142757,2026-08-13 07:39:24.664405,2.521648,904388,2989,47,47
mv_tbl__quotes_daily__0                                                                                                                 ,230009,Delete                        ,t,[VacuumBG] Started Delete Only,2026-08-13 07:40:52.999281,,0.0,923006,2989,47,0
mv_tbl__quotes_daily__0                                                                                                                 ,230009,Delete                        ,t,[VacuumBG] Finished           ,2026-08-13 07:40:52.999281,2026-08-13 07:40:55.509705,2.510424,907833,2989,47,47
mv_tbl__quotes_daily__0                                                                                                                 ,230009,Delete                        ,t,[VacuumBG] Finished           ,2026-08-13 07:42:22.858509,2026-08-13 07:42:25.746674,2.888165,904124,2989,47,47
mv_tbl__quotes_daily__0                                                                                                                 ,230009,Delete                        ,t,[VacuumBG] Started Delete Only,2026-08-13 07:42:22.858509,,0.0,926853,2988,47,0
mv_tbl__quotes_daily__0                                                                                                                 ,230009,Delete                        ,t,[VacuumBG] Finished           ,2026-08-13 07:43:51.923316,2026-08-13 07:43:53.979746,2.05643,906031,2989,47,47
mv_tbl__quotes_daily__0                                                                                                                 ,230009,Delete                        ,t,[VacuumBG] Started Delete Only,2026-08-13 07:43:51.923316,,0.0,913764,2988,47,0
mv_tbl__quotes_daily__0                                                                                                                 ,230009,Delete                        ,t,[VacuumBG] Finished           ,2026-08-13 07:45:21.964927,2026-08-13 07:45:24.750852,2.785925,907964,2988,47,47
mv_tbl__quotes_daily__0                                                                                                                 ,230009,Delete                        ,t,[VacuumBG] Started Delete Only,2026-08-13 07:45:21.964927,,0.0,915620,2988,47,0
mv_tbl__quotes_daily__0                                                                                                                 ,230009,Delete                        ,t,[VacuumBG] Finished           ,2026-08-13 07:46:53.236185,2026-08-13 07:46:55.567696,2.331511,904304,2988,47,47
mv_tbl__quotes_daily__0                                                                                                                 ,230009,Delete                        ,t,[VacuumBG] Started Delete Only,2026-08-13 07:46:53.236185,,0.0,927356,2988,47,0
mv_tbl__quotes_daily__0                                                                                                                 ,230009,Delete                        ,t,[VacuumBG] Finished           ,2026-08-13 07:48:25.125051,2026-08-13 07:48:27.198275,2.073224,905878,2988,47,47
mv_tbl__quotes_daily__0                                                                                                                 ,230009,Delete                        ,t,[VacuumBG] Started Delete Only,2026-08-13 07:48:25.125051,,0.0,923928,2988,47,0
mv_tbl__quotes_daily__0                                                                                                                 ,230009,Delete                        ,t,[VacuumBG] Started Delete Only,2026-08-13 07:49:52.943913,,0.0,921449,2988,47,0
mv_tbl__quotes_daily__0                                                                                                                 ,230009,Delete                        ,t,[VacuumBG] Finished           ,2026-08-13 07:49:52.943913,2026-08-13 07:49:55.180679,2.236766,921449,2988,47,47
mv_tbl__quotes_daily__0                                                                                                                 ,230009,Delete                        ,t,[VacuumBG] Finished           ,2026-08-13 07:51:22.306012,2026-08-13 07:51:24.417384,2.111372,915695,2988,47,47
mv_tbl__quotes_daily__0                                                                                                                 ,230009,Delete                        ,t,[VacuumBG] Started Delete Only,2026-08-13 07:51:22.306012,,0.0,945358,2988,47,0
mv_tbl__quotes_daily__0                                                                                                                 ,230009,Delete                        ,t,[VacuumBG] Finished           ,2026-08-13 07:52:52.086875,2026-08-13 07:52:56.257740,4.170865,923129,2990,47,47
mv_tbl__quotes_daily__0                                                                                                                 ,230009,Delete                        ,t,[VacuumBG] Started Delete Only,2026-08-13 07:52:52.086875,,0.0,934612,2988,47,0
mv_tbl__quotes_daily__0                                                                                                                 ,230009,Delete                        ,t,[VacuumBG] Started Delete Only,2026-08-13 07:54:22.536536,,0.0,932764,2988,47,0
mv_tbl__quotes_daily__0                                                                                                                 ,230009,Delete                        ,t,[VacuumBG] Finished           ,2026-08-13 07:54:22.536536,2026-08-13 07:54:24.286776,1.75024,925354,2988,47,47
mv_tbl__quotes_daily__0                                                                                                                 ,230009,Delete                        ,t,[VacuumBG] Started Delete Only,2026-08-13 07:55:52.004072,,0.0,944596,2988,47,0
mv_tbl__quotes_daily__0                                                                                                                 ,230009,Delete                        ,t,[VacuumBG] Finished           ,2026-08-13 07:55:52.004072,2026-08-13 07:55:54.387108,2.383036,920742,2988,47,47
mv_tbl__quotes_daily__0                                                                                                                 ,230009,Delete                        ,t,[VacuumBG] Started Delete Only,2026-08-13 07:57:22.870801,,0.0,930382,2988,47,0
mv_tbl__quotes_daily__0                                                                                                                 ,230009,Delete                        ,t,[VacuumBG] Finished           ,2026-08-13 07:57:22.870801,2026-08-13 07:57:25.202915,2.332114,923494,2988,47,47
mv_tbl__quotes_daily__0                                                                                                                 ,230009,Delete                        ,t,[VacuumBG] Started Delete Only,2026-08-13 07:58:52.135368,,0.0,942853,2988,47,0
mv_tbl__quotes_daily__0                                                                                                                 ,230009,Delete                        ,t,[VacuumBG] Finished           ,2026-08-13 07:58:52.135368,2026-08-13 07:58:54.529520,2.394152,926431,2988,47,47
mv_tbl__quotes_daily__0                                                                                                                 ,230009,Delete                        ,t,[VacuumBG] Finished           ,2026-08-13 08:00:24.213102,2026-08-13 08:00:26.762629,2.549527,919640,2988,47,47
mv_tbl__quotes_daily__0                                                                                                                 ,230009,Delete                        ,t,[VacuumBG] Started Delete Only,2026-08-13 08:00:24.213102,,0.0,936285,2988,47,0
mv_tbl__quotes_daily__0                                                                                                                 ,230009,Delete                        ,t,[VacuumBG] Started Delete Only,2026-08-13 08:01:52.070356,,0.0,949851,2988,47,0
mv_tbl__quotes_daily__0                                                                                                                 ,230009,Delete                        ,t,[VacuumBG] Finished           ,2026-08-13 08:01:52.070356,2026-08-13 08:01:53.979907,1.909551,941934,2988,47,47
mv_tbl__quotes_daily__0                                                                                                                 ,230009,Delete                        ,t,[VacuumBG] Started Delete Only,2026-08-13 08:03:22.131071,,0.0,958800,2988,47,0
mv_tbl__quotes_daily__0                                                                                                                 ,230009,Delete                        ,t,[VacuumBG] Finished           ,2026-08-13 08:03:22.131071,2026-08-13 08:03:25.488119,3.357048,930725,2988,47,47
mv_tbl__quotes_daily__0                                                                                                                 ,230009,Delete                        ,t,[VacuumBG] Started Delete Only,2026-08-13 08:04:52.592078,,0.0,949465,2988,47,0
mv_tbl__quotes_daily__0                                                                                                                 ,230009,Delete                        ,t,[VacuumBG] Finished           ,2026-08-13 08:04:52.592078,2026-08-13 08:04:56.374336,3.782258,939600,2990,47,47
mv_tbl__quotes_daily__0                                                                                                                 ,230009,Delete                        ,t,[VacuumBG] Started Delete Only,2026-08-13 08:06:22.857632,,0.0,949034,2988,47,0
mv_tbl__quotes_daily__0                                                                                                                 ,230009,Delete                        ,t,[VacuumBG] Finished           ,2026-08-13 08:06:22.857632,2026-08-13 08:06:24.649684,1.792052,937352,2988,47,47
mv_tbl__quotes_daily__0                                                                                                                 ,230009,Delete                        ,t,[VacuumBG] Started Delete Only,2026-08-13 08:07:53.525255,,0.0,956532,2988,47,0
mv_tbl__quotes_daily__0                                                                                                                 ,230009,Delete                        ,t,[VacuumBG] Finished           ,2026-08-13 08:07:53.525255,2026-08-13 08:07:56.870152,3.344897,927791,2988,47,47
mv_tbl__quotes_daily__0                                                                                                                 ,230009,Delete                        ,t,[VacuumBG] Finished           ,2026-08-13 08:09:23.736235,2026-08-13 08:09:24.718816,0.982581,932798,2988,47,47
mv_tbl__quotes_daily__0                                                                                                                 ,230009,Delete                        ,t,[VacuumBG] Started Delete Only,2026-08-13 08:09:23.736235,,0.0,937405,2988,47,0
mv_tbl__quotes_daily__0                                                                                                                 ,230009,Delete                        ,t,[VacuumBG] Finished           ,2026-08-13 08:10:52.256713,2026-08-13 08:10:54.846261,2.589548,935825,2989,47,47
mv_tbl__quotes_daily__0                                                                                                                 ,230009,Delete                        ,t,[VacuumBG] Started Delete Only,2026-08-13 08:10:52.256713,,0.0,952002,2988,47,0
mv_tbl__quotes_daily__0                                                                                                                 ,230009,Delete                        ,t,[VacuumBG] Finished           ,2026-08-13 08:12:54.819447,2026-08-13 08:12:57.293981,2.474534,936464,2988,47,47
mv_tbl__quotes_daily__0                                                                                                                 ,230009,Delete                        ,t,[VacuumBG] Started Delete Only,2026-08-13 08:12:54.819447,,0.0,959324,2988,47,0
mv_tbl__quotes_daily__0                                                                                                                 ,230009,Delete                        ,t,[VacuumBG] Finished           ,2026-08-13 08:13:54.189839,2026-08-13 08:13:56.616829,2.42699,944940,2989,47,47
mv_tbl__quotes_daily__0                                                                                                                 ,230009,Delete                        ,t,[VacuumBG] Started Delete Only,2026-08-13 08:13:54.189839,,0.0,955234,2988,47,0
mv_tbl__quotes_daily__0                                                                                                                 ,230009,Delete                        ,t,[VacuumBG] Finished           ,2026-08-13 08:15:57.937019,2026-08-13 08:16:00.522042,2.585023,942612,2988,47,47
mv_tbl__quotes_daily__0                                                                                                                 ,230009,Delete                        ,t,[VacuumBG] Started Delete Only,2026-08-13 08:15:57.937019,,0.0,963673,2988,47,0
mv_tbl__quotes_daily__0                                                                                                                 ,230009,Delete                        ,t,[VacuumBG] Finished           ,2026-08-13 08:16:53.301163,2026-08-13 08:16:55.258089,1.956926,952091,2988,47,47
mv_tbl__quotes_daily__0                                                                                                                 ,230009,Delete                        ,t,[VacuumBG] Started Delete Only,2026-08-13 08:16:53.301163,,0.0,952091,2988,47,0
mv_tbl__quotes_daily__0                                                                                                                 ,230009,Delete                        ,t,[VacuumBG] Started Delete Only,2026-08-13 08:18:55.056558,,0.0,971207,2988,47,0
mv_tbl__quotes_daily__0                                                                                                                 ,230009,Delete                        ,t,[VacuumBG] Finished           ,2026-08-13 08:18:55.056558,2026-08-13 08:18:57.532532,2.475974,944140,2988,47,47
mv_tbl__quotes_daily__0                                                                                                                 ,230009,Delete                        ,t,[VacuumBG] Started Delete Only,2026-08-13 08:19:52.818375,,0.0,953761,2988,47,0
mv_tbl__quotes_daily__0                                                                                                                 ,230009,Delete                        ,t,[VacuumBG] Finished           ,2026-08-13 08:19:52.818375,2026-08-13 08:19:54.823918,2.005543,943216,2989,47,47
mv_tbl__quotes_daily__0                                                                                                                 ,230009,Delete                        ,t,[VacuumBG] Started Delete Only,2026-08-13 08:21:23.084026,,0.0,952837,2989,47,0
mv_tbl__quotes_daily__0                                                                                                                 ,230009,Delete                        ,t,[VacuumBG] Finished           ,2026-08-13 08:21:23.084026,2026-08-13 08:21:24.567941,1.483915,948663,2989,47,47
mv_tbl__quotes_daily__0                                                                                                                 ,230009,Delete                        ,t,[VacuumBG] Finished           ,2026-08-13 08:22:52.333606,2026-08-13 08:22:54.890621,2.557015,946135,2988,47,47
mv_tbl__quotes_daily__0                                                                                                                 ,230009,Delete                        ,t,[VacuumBG] Started Delete Only,2026-08-13 08:22:52.333606,,0.0,968125,2988,47,0
mv_tbl__quotes_daily__0                                                                                                                 ,230009,Delete                        ,t,[VacuumBG] Finished           ,2026-08-13 08:24:55.093412,2026-08-13 08:24:58.035638,2.942226,953925,2988,47,47
mv_tbl__quotes_daily__0                                                                                                                 ,230009,Delete                        ,t,[VacuumBG] Started Delete Only,2026-08-13 08:24:55.093412,,0.0,974599,2988,47,0
mv_tbl__quotes_daily__0                                                                                                                 ,230009,Delete                        ,t,[VacuumBG] Started Delete Only,2026-08-13 08:25:52.313490,,0.0,971847,2988,47,0
mv_tbl__quotes_daily__0                                                                                                                 ,230009,Delete                        ,t,[VacuumBG] Finished           ,2026-08-13 08:25:52.313490,2026-08-13 08:25:54.453156,2.139666,949729,2988,47,47
mv_tbl__quotes_daily__0                                                                                                                 ,230009,Delete                        ,t,[VacuumBG] Started Delete Only,2026-08-13 08:27:22.311907,,0.0,959010,2988,47,0
mv_tbl__quotes_daily__0                                                                                                                 ,230009,Delete                        ,t,[VacuumBG] Finished           ,2026-08-13 08:27:22.311907,2026-08-13 08:27:24.593643,2.281736,951309,2989,47,47
mv_tbl__quotes_daily__0                                                                                                                 ,230009,Delete                        ,t,[VacuumBG] Started Delete Only,2026-08-13 08:28:53.183397,,0.0,970102,2988,47,0
mv_tbl__quotes_daily__0                                                                                                                 ,230009,Delete                        ,t,[VacuumBG] Finished           ,2026-08-13 08:28:53.183397,2026-08-13 08:28:55.101061,1.917664,954851,2988,47,47
mv_tbl__quotes_daily__0                                                                                                                 ,230009,Delete                        ,t,[VacuumBG] Started Delete Only,2026-08-13 08:30:22.439025,,0.0,964248,2988,47,0
mv_tbl__quotes_daily__0                                                                                                                 ,230009,Delete                        ,t,[VacuumBG] Finished           ,2026-08-13 08:30:22.439025,2026-08-13 08:30:23.770997,1.331972,957213,2988,47,47
mv_tbl__quotes_daily__0                                                                                                                 ,230009,Delete                        ,t,[VacuumBG] Started Delete Only,2026-08-13 08:31:53.147361,,0.0,976136,2988,47,0
mv_tbl__quotes_daily__0                                                                                                                 ,230009,Delete                        ,t,[VacuumBG] Finished           ,2026-08-13 08:31:53.147361,2026-08-13 08:31:55.000997,1.853636,957712,2988,47,47
mv_tbl__quotes_daily__0                                                                                                                 ,230009,Delete                        ,t,[VacuumBG] Started Delete Only,2026-08-13 08:33:22.553383,,0.0,967205,2988,47,0
mv_tbl__quotes_daily__0                                                                                                                 ,230009,Delete                        ,t,[VacuumBG] Finished           ,2026-08-13 08:33:22.553383,2026-08-13 08:33:24.387556,1.834173,955781,2988,47,47
mv_tbl__quotes_daily__0                                                                                                                 ,230009,Delete                        ,t,[VacuumBG] Started Delete Only,2026-08-13 08:34:54.209867,,0.0,974937,2988,47,0
mv_tbl__quotes_daily__0                                                                                                                 ,230009,Delete                        ,t,[VacuumBG] Finished           ,2026-08-13 08:34:54.209867,2026-08-13 08:34:56.392682,2.182815,957712,2988,47,47
mv_tbl__quotes_daily__0                                                                                                                 ,230009,Delete                        ,t,[VacuumBG] Started Delete Only,2026-08-13 08:36:24.058925,,0.0,971724,2988,47,0
mv_tbl__quotes_daily__0                                                                                                                 ,230009,Delete                        ,t,[VacuumBG] Finished           ,2026-08-13 08:36:24.058925,2026-08-13 08:36:25.639953,1.581028,963486,2989,47,47
mv_tbl__quotes_daily__0                                                                                                                 ,230009,Delete                        ,t,[VacuumBG] Started Delete Only,2026-08-13 08:37:52.703100,,0.0,994098,2988,47,0
mv_tbl__quotes_daily__0                                                                                                                 ,230009,Delete                        ,t,[VacuumBG] Finished           ,2026-08-13 08:37:52.703100,2026-08-13 08:37:54.758792,2.055692,979257,2988,47,47
mv_tbl__quotes_daily__0                                                                                                                 ,230009,Delete                        ,t,[VacuumBG] Finished           ,2026-08-13 08:39:24.373778,2026-08-13 08:39:26.915729,2.541951,963882,2989,47,47
mv_tbl__quotes_daily__0                                                                                                                 ,230009,Delete                        ,t,[VacuumBG] Started Delete Only,2026-08-13 08:39:24.373778,,0.0,988416,2988,47,0
mv_tbl__quotes_daily__0                                                                                                                 ,230009,Delete                        ,t,[VacuumBG] Finished           ,2026-08-13 08:40:52.624950,2026-08-13 08:40:55.371021,2.746071,957958,2989,47,47
mv_tbl__quotes_daily__0                                                                                                                 ,230009,Delete                        ,t,[VacuumBG] Started Delete Only,2026-08-13 08:40:52.624950,,0.0,982802,2989,47,0
mv_tbl__quotes_daily__0                                                                                                                 ,230009,Delete                        ,t,[VacuumBG] Started Delete Only,2026-08-13 08:42:56.567674,,0.0,977151,2988,47,0
mv_tbl__quotes_daily__0                                                                                                                 ,230009,Delete                        ,t,[VacuumBG] Finished           ,2026-08-13 08:42:56.567674,2026-08-13 08:42:57.473837,0.906163,969923,2988,47,47
mv_tbl__quotes_daily__0                                                                                                                 ,230009,Delete                        ,t,[VacuumBG] Started Delete Only,2026-08-13 08:43:54.334012,,0.0,979519,2988,47,0
mv_tbl__quotes_daily__0                                                                                                                 ,230009,Delete                        ,t,[VacuumBG] Finished           ,2026-08-13 08:43:54.334012,2026-08-13 08:43:55.208124,0.874112,974801,2988,47,47
mv_tbl__quotes_daily__0                                                                                                                 ,230009,Delete                        ,t,[VacuumBG] Started Delete Only,2026-08-13 08:45:22.610815,,0.0,984439,2988,47,0
mv_tbl__quotes_daily__0                                                                                                                 ,230009,Delete                        ,t,[VacuumBG] Finished           ,2026-08-13 08:45:22.610815,2026-08-13 08:45:24.948690,2.337875,966743,2988,47,47
mv_tbl__quotes_daily__0                                                                                                                 ,230009,Delete                        ,t,[VacuumBG] Started Delete Only,2026-08-13 08:46:52.646173,,0.0,986079,2988,47,0
mv_tbl__quotes_daily__0                                                                                                                 ,230009,Delete                        ,t,[VacuumBG] Finished           ,2026-08-13 08:46:52.646173,2026-08-13 08:46:54.417894,1.771721,967483,2990,47,47
mv_tbl__quotes_daily__0                                                                                                                 ,230009,Delete                        ,t,[VacuumBG] Finished           ,2026-08-13 08:48:22.714118,2026-08-13 08:48:24.841410,2.127292,966598,2988,47,47
mv_tbl__quotes_daily__0                                                                                                                 ,230009,Delete                        ,t,[VacuumBG] Started Delete Only,2026-08-13 08:48:22.714118,,0.0,978133,2988,47,0
mv_tbl__quotes_daily__0                                                                                                                 ,230009,Delete                        ,t,[VacuumBG] Finished           ,2026-08-13 08:49:52.558245,2026-08-13 08:49:54.993532,2.435287,981195,2988,47,47
mv_tbl__quotes_daily__0                                                                                                                 ,230009,Delete                        ,t,[VacuumBG] Started Delete Only,2026-08-13 08:49:52.558245,,0.0,1007781,2988,47,0
mv_tbl__quotes_daily__0                                                                                                                 ,230009,Delete                        ,t,[VacuumBG] Started Delete Only,2026-08-13 08:51:57.520374,,0.0,999825,2988,47,0
mv_tbl__quotes_daily__0                                                                                                                 ,230009,Delete                        ,t,[VacuumBG] Finished           ,2026-08-13 08:51:57.520374,2026-08-13 08:52:00.069005,2.548631,976535,2988,47,47
mv_tbl__quotes_daily__0                                                                                                                 ,230009,Delete                        ,t,[VacuumBG] Started Delete Only,2026-08-13 08:52:53.893829,,0.0,986002,2988,47,0
mv_tbl__quotes_daily__0                                                                                                                 ,230009,Delete                        ,t,[VacuumBG] Finished           ,2026-08-13 08:52:53.893829,2026-08-13 08:52:54.918097,1.024268,980130,2988,47,47
mv_tbl__quotes_daily__0                                                                                                                 ,230009,Delete                        ,t,[VacuumBG] Started Delete Only,2026-08-13 08:54:23.359531,,0.0,989595,2988,47,0
mv_tbl__quotes_daily__0                                                                                                                 ,230009,Delete                        ,t,[VacuumBG] Finished           ,2026-08-13 08:54:23.359531,2026-08-13 08:54:26.153593,2.794062,982283,2989,47,47
mv_tbl__quotes_daily__0                                                                                                                 ,230009,Delete                        ,t,[VacuumBG] Started Delete Only,2026-08-13 08:55:54.220415,,0.0,1001308,2989,47,0
mv_tbl__quotes_daily__0                                                                                                                 ,230009,Delete                        ,t,[VacuumBG] Finished           ,2026-08-13 08:55:54.220415,2026-08-13 08:55:57.026337,2.805922,994726,2989,47,47
mv_tbl__quotes_daily__0                                                                                                                 ,230009,Delete                        ,t,[VacuumBG] Started Delete Only,2026-08-13 08:57:23.903167,,0.0,1004356,2989,47,0
mv_tbl__quotes_daily__0                                                                                                                 ,230009,Delete                        ,t,[VacuumBG] Finished           ,2026-08-13 08:57:23.903167,2026-08-13 08:57:26.574520,2.671353,979428,2989,47,47
mv_tbl__quotes_daily__0                                                                                                                 ,230009,Delete                        ,t,[VacuumBG] Started Delete Only,2026-08-13 08:58:52.750789,,0.0,998857,2988,47,0
mv_tbl__quotes_daily__0                                                                                                                 ,230009,Delete                        ,t,[VacuumBG] Finished           ,2026-08-13 08:58:52.750789,2026-08-13 08:58:55.168581,2.417792,982961,2988,47,47
mv_tbl__quotes_daily__0                                                                                                                 ,230009,Delete                        ,t,[VacuumBG] Started Delete Only,2026-08-13 09:00:22.810802,,0.0,995418,2988,47,0
mv_tbl__quotes_daily__0                                                                                                                 ,230009,Delete                        ,t,[VacuumBG] Finished           ,2026-08-13 09:00:22.810802,2026-08-13 09:00:25.484063,2.673261,984572,2988,47,47
mv_tbl__quotes_daily__0                                                                                                                 ,230009,Delete                        ,t,[VacuumBG] Started Delete Only,2026-08-13 09:01:54.263891,,0.0,1017476,2988,47,0
mv_tbl__quotes_daily__0                                                                                                                 ,230009,Delete                        ,t,[VacuumBG] Finished           ,2026-08-13 09:01:54.263891,2026-08-13 09:01:56.768035,2.504144,989038,2988,47,47
mv_tbl__quotes_daily__0                                                                                                                 ,230009,Delete                        ,t,[VacuumBG] Finished           ,2026-08-13 09:03:23.116190,2026-08-13 09:03:25.191816,2.075626,990823,2988,47,47
mv_tbl__quotes_daily__0                                                                                                                 ,230009,Delete                        ,t,[VacuumBG] Started Delete Only,2026-08-13 09:03:23.116190,,0.0,998557,2988,47,0
mv_tbl__quotes_daily__0                                                                                                                 ,230009,Delete                        ,t,[VacuumBG] Finished           ,2026-08-13 09:04:55.169295,2026-08-13 09:04:57.139933,1.970638,995626,2988,47,47
mv_tbl__quotes_daily__0                                                                                                                 ,230009,Delete                        ,t,[VacuumBG] Started Delete Only,2026-08-13 09:04:55.169295,,0.0,1010131,2988,47,0
mv_tbl__quotes_daily__0                                                                                                                 ,230009,Delete                        ,t,[VacuumBG] Started Delete Only,2026-08-13 09:06:22.760544,,0.0,1015102,2988,47,0
mv_tbl__quotes_daily__0                                                                                                                 ,230009,Delete                        ,t,[VacuumBG] Finished           ,2026-08-13 09:06:22.760544,2026-08-13 09:06:24.831841,2.071297,988100,2988,47,47
mv_tbl__quotes_daily__0                                                                                                                 ,230009,Delete                        ,t,[VacuumBG] Started Delete Only,2026-08-13 09:07:52.882681,,0.0,997850,2988,47,0
mv_tbl__quotes_daily__0                                                                                                                 ,230009,Delete                        ,t,[VacuumBG] Finished           ,2026-08-13 09:07:52.882681,2026-08-13 09:07:55.332189,2.449508,997850,2989,47,47
mv_tbl__quotes_daily__0                                                                                                                 ,230009,Delete                        ,t,[VacuumBG] Started Delete Only,2026-08-13 09:09:22.961931,,0.0,1007574,2988,47,0
mv_tbl__quotes_daily__0                                                                                                                 ,230009,Delete                        ,t,[VacuumBG] Finished           ,2026-08-13 09:09:22.961931,2026-08-13 09:09:25.854373,2.892442,994397,2989,47,47
mv_tbl__quotes_daily__0                                                                                                                 ,230009,Delete                        ,t,[VacuumBG] Started Delete Only,2026-08-13 09:10:52.807684,,0.0,1016486,2988,47,0
mv_tbl__quotes_daily__0                                                                                                                 ,230009,Delete                        ,t,[VacuumBG] Finished           ,2026-08-13 09:10:52.807684,2026-08-13 09:10:55.483058,2.675374,996530,2988,47,47
mv_tbl__quotes_daily__0                                                                                                                 ,230009,Delete                        ,t,[VacuumBG] Started Delete Only,2026-08-13 09:12:56.159150,,0.0,1032283,2988,47,0
mv_tbl__quotes_daily__0                                                                                                                 ,230009,Delete                        ,t,[VacuumBG] Finished           ,2026-08-13 09:12:56.159150,2026-08-13 09:12:58.807962,2.648812,1004122,2988,47,47
mv_tbl__quotes_daily__0                                                                                                                 ,230009,Delete                        ,t,[VacuumBG] Finished           ,2026-08-13 09:13:53.919623,2026-08-13 09:13:56.522715,2.603092,997655,2988,47,47
mv_tbl__quotes_daily__0                                                                                                                 ,230009,Delete                        ,t,[VacuumBG] Started Delete Only,2026-08-13 09:13:53.919623,,0.0,1013551,2988,47,0
mv_tbl__quotes_daily__0                                                                                                                 ,230009,Delete                        ,t,[VacuumBG] Finished           ,2026-08-13 09:15:22.982352,2026-08-13 09:15:24.879996,1.897644,1000701,2989,47,47
mv_tbl__quotes_daily__0                                                                                                                 ,230009,Delete                        ,t,[VacuumBG] Started Delete Only,2026-08-13 09:15:22.982352,,0.0,1007179,2988,47,0
mv_tbl__quotes_daily__0                                                                                                                 ,230009,Delete                        ,t,[VacuumBG] Finished           ,2026-08-13 09:16:54.032657,2026-08-13 09:16:56.535228,2.502571,1004809,2988,47,47
mv_tbl__quotes_daily__0                                                                                                                 ,230009,Delete                        ,t,[VacuumBG] Started Delete Only,2026-08-13 09:16:54.032657,,0.0,1019864,2988,47,0
mv_tbl__quotes_daily__0                                                                                                                 ,230009,Delete                        ,t,[VacuumBG] Finished           ,2026-08-13 09:18:23.125928,2026-08-13 09:18:25.343926,2.217998,1003692,2988,47,47
mv_tbl__quotes_daily__0                                                                                                                 ,230009,Delete                        ,t,[VacuumBG] Started Delete Only,2026-08-13 09:18:23.125928,,0.0,1014450,2988,47,0
mv_tbl__quotes_daily__0                                                                                                                 ,230009,Delete                        ,t,[VacuumBG] Finished           ,2026-08-13 09:19:54.135884,2026-08-13 09:19:56.039155,1.903271,1004251,2989,47,47
mv_tbl__quotes_daily__0                                                                                                                 ,230009,Delete                        ,t,[VacuumBG] Started Delete Only,2026-08-13 09:19:54.135884,,0.0,1023036,2988,47,0
mv_tbl__quotes_daily__0                                                                                                                 ,230009,Delete                        ,t,[VacuumBG] Finished           ,2026-08-13 09:21:25.010120,2026-08-13 09:21:28.187056,3.176936,1004358,2988,47,47
mv_tbl__quotes_daily__0                                                                                                                 ,230009,Delete                        ,t,[VacuumBG] Started Delete Only,2026-08-13 09:21:25.010120,,0.0,1014002,2988,47,0
mv_tbl__quotes_daily__0                                                                                                                 ,230009,Delete                        ,t,[VacuumBG] Started Delete Only,2026-08-13 09:22:53.850691,,0.0,1032923,2988,47,0
mv_tbl__quotes_daily__0                                                                                                                 ,230009,Delete                        ,t,[VacuumBG] Finished           ,2026-08-13 09:22:53.850691,2026-08-13 09:22:55.982670,2.131979,1012023,2988,47,47
mv_tbl__quotes_daily__0                                                                                                                 ,230009,Delete                        ,t,[VacuumBG] Started Delete Only,2026-08-13 09:24:55.218112,,0.0,1040303,2988,47,0
mv_tbl__quotes_daily__0                                                                                                                 ,230009,Delete                        ,t,[VacuumBG] Finished           ,2026-08-13 09:24:55.218112,2026-08-13 09:24:57.314299,2.096187,1012823,2988,47,47
mv_tbl__quotes_daily__0                                                                                                                 ,230009,Delete                        ,t,[VacuumBG] Finished           ,2026-08-13 09:25:52.985076,2026-08-13 09:25:55.531417,2.546341,1009912,2988,47,47
mv_tbl__quotes_daily__0                                                                                                                 ,230009,Delete                        ,t,[VacuumBG] Started Delete Only,2026-08-13 09:25:52.985076,,0.0,1022327,2988,47,0
mv_tbl__quotes_daily__0                                                                                                                 ,230009,Delete                        ,t,[VacuumBG] Finished           ,2026-08-13 09:27:58.199902,2026-08-13 09:28:00.747658,2.547756,1021449,2988,47,47
mv_tbl__quotes_daily__0                                                                                                                 ,230009,Delete                        ,t,[VacuumBG] Started Delete Only,2026-08-13 09:27:58.199902,,0.0,1029096,2988,47,0
mv_tbl__quotes_daily__0                                                                                                                 ,230009,Delete                        ,t,[VacuumBG] Started Delete Only,2026-08-13 09:28:53.156603,,0.0,1031068,2988,47,0
mv_tbl__quotes_daily__0                                                                                                                 ,230009,Delete                        ,t,[VacuumBG] Finished           ,2026-08-13 09:28:53.156603,2026-08-13 09:28:55.185952,2.029349,1014206,2988,47,47
mv_tbl__quotes_daily__0                                                                                                                 ,230009,Delete                        ,t,[VacuumBG] Finished           ,2026-08-13 09:30:24.619860,2026-08-13 09:30:27.091566,2.471706,1013084,2989,47,47
mv_tbl__quotes_daily__0                                                                                                                 ,230009,Delete                        ,t,[VacuumBG] Started Delete Only,2026-08-13 09:30:24.619860,,0.0,1023794,2988,47,0
mv_tbl__quotes_daily__0                                                                                                                 ,230009,Delete                        ,t,[VacuumBG] Finished           ,2026-08-13 09:31:54.675816,2026-08-13 09:31:57.133569,2.457753,1019697,2989,47,47
mv_tbl__quotes_daily__0                                                                                                                 ,230009,Delete                        ,t,[VacuumBG] Started Delete Only,2026-08-13 09:31:54.675816,,0.0,1032469,2988,47,0
mv_tbl__quotes_daily__0                                                                                                                 ,230009,Delete                        ,t,[VacuumBG] Started Delete Only,2026-08-13 09:33:23.931379,,0.0,1029575,2989,47,0
mv_tbl__quotes_daily__0                                                                                                                 ,230009,Delete                        ,t,[VacuumBG] Finished           ,2026-08-13 09:33:23.931379,2026-08-13 09:33:26.541560,2.610181,1011685,2989,47,47
mv_tbl__quotes_daily__0                                                                                                                 ,230009,Delete                        ,t,[VacuumBG] Started Delete Only,2026-08-13 09:34:53.982534,,0.0,1054047,2988,47,0
mv_tbl__quotes_daily__0                                                                                                                 ,230009,Delete                        ,t,[VacuumBG] Finished           ,2026-08-13 09:34:53.982534,2026-08-13 09:34:56.420216,2.437682,1030807,2988,47,47
mv_tbl__quotes_daily__0                                                                                                                 ,230009,Delete                        ,t,[VacuumBG] Started Delete Only,2026-08-13 09:36:23.644708,,0.0,1040258,2988,47,0
mv_tbl__quotes_daily__0                                                                                                                 ,230009,Delete                        ,t,[VacuumBG] Finished           ,2026-08-13 09:36:23.644708,2026-08-13 09:36:25.790650,2.145942,1022941,2988,47,47
mv_tbl__quotes_daily__0                                                                                                                 ,230009,Delete                        ,t,[VacuumBG] Started Delete Only,2026-08-13 09:37:54.474847,,0.0,1042054,2988,47,0
mv_tbl__quotes_daily__0                                                                                                                 ,230009,Delete                        ,t,[VacuumBG] Finished           ,2026-08-13 09:37:54.474847,2026-08-13 09:37:55.310751,0.835904,1032282,2988,47,47
mv_tbl__quotes_daily__0                                                                                                                 ,230009,Delete                        ,t,[VacuumBG] Started Delete Only,2026-08-13 09:39:55.872262,,0.0,1051539,2988,47,0
mv_tbl__quotes_daily__0                                                                                                                 ,230009,Delete                        ,t,[VacuumBG] Finished           ,2026-08-13 09:39:55.872262,2026-08-13 09:39:58.197605,2.325343,1025811,2988,47,47
mv_tbl__quotes_daily__0                                                                                                                 ,230009,Delete                        ,t,[VacuumBG] Finished           ,2026-08-13 09:40:54.024540,2026-08-13 09:40:55.320215,1.295675,1029330,2988,47,47
mv_tbl__quotes_daily__0                                                                                                                 ,230009,Delete                        ,t,[VacuumBG] Started Delete Only,2026-08-13 09:40:54.024540,,0.0,1035514,2988,47,0
mv_tbl__quotes_daily__0                                                                                                                 ,230009,Delete                        ,t,[VacuumBG] Finished           ,2026-08-13 09:42:54.170237,2026-08-13 09:42:57.092748,2.922511,1040436,2988,47,47
mv_tbl__quotes_daily__0                                                                                                                 ,230009,Delete                        ,t,[VacuumBG] Started Delete Only,2026-08-13 09:42:54.170237,,0.0,1048753,2988,47,0
mv_tbl__quotes_daily__0                                                                                                                 ,230009,Delete                        ,t,[VacuumBG] Started Delete Only,2026-08-13 09:43:54.129216,,0.0,1050242,2988,47,0
mv_tbl__quotes_daily__0                                                                                                                 ,230009,Delete                        ,t,[VacuumBG] Finished           ,2026-08-13 09:43:54.129216,2026-08-13 09:43:56.651934,2.522718,1030325,2989,47,47
mv_tbl__quotes_daily__0                                                                                                                 ,230009,Delete                        ,t,[VacuumBG] Started Delete Only,2026-08-13 09:45:23.387180,,0.0,1043808,2989,47,0
mv_tbl__quotes_daily__0                                                                                                                 ,230009,Delete                        ,t,[VacuumBG] Finished           ,2026-08-13 09:45:23.387180,2026-08-13 09:45:25.800956,2.413776,1035665,2989,47,47
mv_tbl__quotes_daily__0                                                                                                                 ,230009,Delete                        ,t,[VacuumBG] Finished           ,2026-08-13 09:46:53.252597,2026-08-13 09:46:55.281668,2.029071,1052178,2988,47,47
mv_tbl__quotes_daily__0                                                                                                                 ,230009,Delete                        ,t,[VacuumBG] Started Delete Only,2026-08-13 09:46:53.252597,,0.0,1066357,2988,47,0
mv_tbl__quotes_daily__0                                                                                                                 ,230009,Delete                        ,t,[VacuumBG] Finished           ,2026-08-13 09:48:23.303563,2026-08-13 09:48:25.672983,2.36942,1030202,2988,47,47
mv_tbl__quotes_daily__0                                                                                                                 ,230009,Delete                        ,t,[VacuumBG] Started Delete Only,2026-08-13 09:48:23.303563,,0.0,1061646,2988,47,0
mv_tbl__quotes_daily__0                                                                                                                 ,230009,Delete                        ,t,[VacuumBG] Finished           ,2026-08-13 09:49:55.556001,2026-08-13 09:49:57.410100,1.854099,1040030,2988,47,47
mv_tbl__quotes_daily__0                                                                                                                 ,230009,Delete                        ,t,[VacuumBG] Started Delete Only,2026-08-13 09:49:55.556001,,0.0,1049416,2988,47,0
mv_tbl__quotes_daily__0                                                                                                                 ,230009,Delete                        ,t,[VacuumBG] Finished           ,2026-08-13 09:52:30.411657,2026-08-13 09:52:32.493624,2.081967,1033599,2988,47,47
mv_tbl__quotes_daily__0                                                                                                                 ,230009,Delete                        ,t,[VacuumBG] Started Delete Only,2026-08-13 09:52:30.411657,,0.0,1069272,2988,47,0
mv_tbl__quotes_daily__0                                                                                                                 ,230009,Delete                        ,t,[VacuumBG] Started Delete Only,2026-08-13 09:52:57.083782,,0.0,1033599,2988,47,0
mv_tbl__quotes_daily__0                                                                                                                 ,230009,Delete                        ,t,[VacuumBG] Finished           ,2026-08-13 09:52:57.083782,2026-08-13 09:52:57.101702,0.01792,1033599,2988,47,47
mv_tbl__quotes_daily__0                                                                                                                 ,230009,Delete                        ,t,[VacuumBG] Started Delete Only,2026-08-13 09:54:23.710779,,0.0,1043371,2988,47,0
mv_tbl__quotes_daily__0                                                                                                                 ,230009,Delete                        ,t,[VacuumBG] Finished           ,2026-08-13 09:54:23.710779,2026-08-13 09:54:26.530620,2.819841,1040427,2989,47,47
mv_tbl__quotes_daily__0                                                                                                                 ,230009,Delete                        ,t,[VacuumBG] Finished           ,2026-08-13 09:55:53.562857,2026-08-13 09:55:56.549360,2.986503,1041311,2988,47,47
mv_tbl__quotes_daily__0                                                                                                                 ,230009,Delete                        ,t,[VacuumBG] Started Delete Only,2026-08-13 09:55:53.562857,,0.0,1060992,2988,47,0
mv_tbl__quotes_daily__0                                                                                                                 ,230009,Delete                        ,t,[VacuumBG] Finished           ,2026-08-13 09:57:23.411803,2026-08-13 09:57:26.053272,2.641469,1043730,2989,47,47
mv_tbl__quotes_daily__0                                                                                                                 ,230009,Delete                        ,t,[VacuumBG] Started Delete Only,2026-08-13 09:57:23.411803,,0.0,1079162,2988,47,0
mv_tbl__quotes_daily__0                                                                                                                 ,230009,Delete                        ,t,[VacuumBG] Finished           ,2026-08-13 09:58:55.982787,2026-08-13 09:58:56.918717,0.93593,1048999,2988,47,47
mv_tbl__quotes_daily__0                                                                                                                 ,230009,Delete                        ,t,[VacuumBG] Started Delete Only,2026-08-13 09:58:55.982787,,0.0,1053271,2988,47,0
mv_tbl__quotes_daily__0                                                                                                                 ,230009,Delete                        ,t,[VacuumBG] Finished           ,2026-08-13 10:00:57.034355,2026-08-13 10:01:00.015132,2.980777,1050973,2988,47,47
mv_tbl__quotes_daily__0                                                                                                                 ,230009,Delete                        ,t,[VacuumBG] Started Delete Only,2026-08-13 10:00:57.034355,,0.0,1068372,2988,47,0
mv_tbl__quotes_daily__0                                                                                                                 ,230009,Delete                        ,t,[VacuumBG] Started Delete Only,2026-08-13 10:01:55.206593,,0.0,1060757,2988,47,0
mv_tbl__quotes_daily__0                                                                                                                 ,230009,Delete                        ,t,[VacuumBG] Finished           ,2026-08-13 10:01:55.206593,2026-08-13 10:01:57.890847,2.684254,1052862,2988,47,47
mv_tbl__quotes_daily__0                                                                                                                 ,230009,Delete                        ,t,[VacuumBG] Finished           ,2026-08-13 10:03:56.747641,2026-08-13 10:03:59.696157,2.948516,1051557,2989,47,47
mv_tbl__quotes_daily__0                                                                                                                 ,230009,Delete                        ,t,[VacuumBG] Started Delete Only,2026-08-13 10:03:56.747641,,0.0,1072550,2988,47,0
mv_tbl__quotes_daily__0                                                                                                                 ,230009,Delete                        ,t,[VacuumBG] Finished           ,2026-08-13 10:04:55.510330,2026-08-13 10:04:58.750009,3.239679,1052255,2988,47,47
mv_tbl__quotes_daily__0                                                                                                                 ,230009,Delete                        ,t,[VacuumBG] Started Delete Only,2026-08-13 10:04:55.510330,,0.0,1061468,2988,47,0
mv_tbl__quotes_daily__0                                                                                                                 ,230009,Delete                        ,t,[VacuumBG] Finished           ,2026-08-13 10:06:58.269033,2026-08-13 10:07:01.425846,3.156813,1074507,2988,47,47
mv_tbl__quotes_daily__0                                                                                                                 ,230009,Delete                        ,t,[VacuumBG] Started Delete Only,2026-08-13 10:06:58.269033,,0.0,1080346,2988,47,0
mv_tbl__quotes_daily__0                                                                                                                 ,230009,Delete                        ,t,[VacuumBG] Started Delete Only,2026-08-13 10:07:53.632607,,0.0,1093392,2988,47,0
mv_tbl__quotes_daily__0                                                                                                                 ,230009,Delete                        ,t,[VacuumBG] Finished           ,2026-08-13 10:07:53.632607,2026-08-13 10:07:57.219672,3.587065,1056477,2988,47,47
mv_tbl__quotes_daily__0                                                                                                                 ,230009,Delete                        ,t,[VacuumBG] Started Delete Only,2026-08-13 10:09:24.082890,,0.0,1065848,2988,47,0
mv_tbl__quotes_daily__0                                                                                                                 ,230009,Delete                        ,t,[VacuumBG] Finished           ,2026-08-13 10:09:24.082890,2026-08-13 10:09:26.228045,2.145155,1061899,2989,47,47
mv_tbl__quotes_daily__0                                                                                                                 ,230009,Delete                        ,t,[VacuumBG] Started Delete Only,2026-08-13 10:10:54.935370,,0.0,1080791,2989,47,0
mv_tbl__quotes_daily__0                                                                                                                 ,230009,Delete                        ,t,[VacuumBG] Finished           ,2026-08-13 10:10:54.935370,2026-08-13 10:10:57.655834,2.720464,1077051,2989,47,47
mv_tbl__quotes_daily__0                                                                                                                 ,230009,Delete                        ,t,[VacuumBG] Started Delete Only,2026-08-13 10:12:55.051111,,0.0,1096246,2988,47,0
mv_tbl__quotes_daily__0                                                                                                                 ,230009,Delete                        ,t,[VacuumBG] Finished           ,2026-08-13 10:12:55.051111,2026-08-13 10:12:57.883352,2.832241,1055824,2988,47,47
mv_tbl__quotes_daily__0                                                                                                                 ,230009,Delete                        ,t,[VacuumBG] Finished           ,2026-08-13 10:13:54.212929,2026-08-13 10:13:55.682221,1.469292,1065516,2988,47,47
mv_tbl__quotes_daily__0                                                                                                                 ,230009,Delete                        ,t,[VacuumBG] Started Delete Only,2026-08-13 10:13:54.212929,,0.0,1065516,2988,47,0
mv_tbl__quotes_daily__0                                                                                                                 ,230009,Delete                        ,t,[VacuumBG] Finished           ,2026-08-13 10:15:23.966697,2026-08-13 10:15:26.396843,2.430146,1058426,2988,47,47
mv_tbl__quotes_daily__0                                                                                                                 ,230009,Delete                        ,t,[VacuumBG] Started Delete Only,2026-08-13 10:15:23.966697,,0.0,1075184,2988,47,0
mv_tbl__quotes_daily__0                                                                                                                 ,230009,Delete                        ,t,[VacuumBG] Started Delete Only,2026-08-13 10:16:53.691909,,0.0,1077891,2988,47,0
mv_tbl__quotes_daily__0                                                                                                                 ,230009,Delete                        ,t,[VacuumBG] Finished           ,2026-08-13 10:16:53.691909,2026-08-13 10:16:56.087183,2.395274,1067620,2988,47,47
mv_tbl__quotes_daily__0                                                                                                                 ,230009,Delete                        ,t,[VacuumBG] Finished           ,2026-08-13 10:18:57.453862,2026-08-13 10:19:00.033175,2.579313,1089617,2989,47,47
mv_tbl__quotes_daily__0                                                                                                                 ,230009,Delete                        ,t,[VacuumBG] Started Delete Only,2026-08-13 10:18:57.453862,,0.0,1100994,2988,47,0
mv_tbl__quotes_daily__0                                                                                                                 ,230009,Delete                        ,t,[VacuumBG] Finished           ,2026-08-13 10:19:53.609784,2026-08-13 10:19:57.084947,3.475163,1069687,2989,47,47
mv_tbl__quotes_daily__0                                                                                                                 ,230009,Delete                        ,t,[VacuumBG] Started Delete Only,2026-08-13 10:19:53.609784,,0.0,1105450,2988,47,0
mv_tbl__quotes_daily__0                                                                                                                 ,230009,Delete                        ,t,[VacuumBG] Finished           ,2026-08-13 10:21:58.150616,2026-08-13 10:22:00.723287,2.572671,1070806,2988,47,47
mv_tbl__quotes_daily__0                                                                                                                 ,230009,Delete                        ,t,[VacuumBG] Started Delete Only,2026-08-13 10:21:58.150616,,0.0,1088628,2988,47,0
mv_tbl__quotes_daily__0                                                                                                                 ,230009,Delete                        ,t,[VacuumBG] Started Delete Only,2026-08-13 10:22:54.903840,,0.0,1080371,2988,47,0
mv_tbl__quotes_daily__0                                                                                                                 ,230009,Delete                        ,t,[VacuumBG] Finished           ,2026-08-13 10:22:54.903840,2026-08-13 10:22:57.091495,2.187655,1070970,2988,47,47
mv_tbl__quotes_daily__0                                                                                                                 ,230009,Delete                        ,t,[VacuumBG] Started Delete Only,2026-08-13 10:24:56.042904,,0.0,1090180,2988,47,0
mv_tbl__quotes_daily__0                                                                                                                 ,230009,Delete                        ,t,[VacuumBG] Finished           ,2026-08-13 10:24:56.042904,2026-08-13 10:24:58.353529,2.310625,1072211,2988,47,47
mv_tbl__quotes_daily__0                                                                                                                 ,230009,Delete                        ,t,[VacuumBG] Started Delete Only,2026-08-13 10:25:54.409591,,0.0,1081876,2988,47,0
mv_tbl__quotes_daily__0                                                                                                                 ,230009,Delete                        ,t,[VacuumBG] Finished           ,2026-08-13 10:25:54.409591,2026-08-13 10:25:56.982989,2.573398,1069195,2988,47,47
mv_tbl__quotes_daily__0                                                                                                                 ,230009,Delete                        ,t,[VacuumBG] Finished           ,2026-08-13 10:27:23.801111,2026-08-13 10:27:24.773443,0.972332,1073648,2988,47,47
mv_tbl__quotes_daily__0                                                                                                                 ,230009,Delete                        ,t,[VacuumBG] Started Delete Only,2026-08-13 10:27:23.801111,,0.0,1078890,2988,47,0
mv_tbl__quotes_daily__0                                                                                                                 ,230009,Delete                        ,t,[VacuumBG] Finished           ,2026-08-13 10:28:53.710693,2026-08-13 10:28:56.096257,2.385564,1074124,2988,47,47
mv_tbl__quotes_daily__0                                                                                                                 ,230009,Delete                        ,t,[VacuumBG] Started Delete Only,2026-08-13 10:28:53.710693,,0.0,1093220,2988,47,0
mv_tbl__quotes_daily__0                                                                                                                 ,230009,Delete                        ,t,[VacuumBG] Started Delete Only,2026-08-13 10:30:23.750950,,0.0,1087815,2988,47,0
mv_tbl__quotes_daily__0                                                                                                                 ,230009,Delete                        ,t,[VacuumBG] Finished           ,2026-08-13 10:30:23.750950,2026-08-13 10:30:25.297396,1.546446,1079553,2988,47,47
mv_tbl__quotes_daily__0                                                                                                                 ,230009,Delete                        ,t,[VacuumBG] Started Delete Only,2026-08-13 10:31:53.815923,,0.0,1112864,2988,47,0
mv_tbl__quotes_daily__0                                                                                                                 ,230009,Delete                        ,t,[VacuumBG] Finished           ,2026-08-13 10:31:53.815923,2026-08-13 10:31:56.711317,2.895394,1088694,2989,47,47
mv_tbl__quotes_daily__0                                                                                                                 ,230009,Delete                        ,t,[VacuumBG] Started Delete Only,2026-08-13 10:33:55.141560,,0.0,1107637,2988,47,0
mv_tbl__quotes_daily__0                                                                                                                 ,230009,Delete                        ,t,[VacuumBG] Finished           ,2026-08-13 10:33:55.141560,2026-08-13 10:33:58.156067,3.014507,1087243,2988,47,47
mv_tbl__quotes_daily__0                                                                                                                 ,230009,Delete                        ,t,[VacuumBG] Started Delete Only,2026-08-13 10:34:55.113055,,0.0,1096769,2988,47,0
mv_tbl__quotes_daily__0                                                                                                                 ,230009,Delete                        ,t,[VacuumBG] Finished           ,2026-08-13 10:34:55.113055,2026-08-13 10:34:57.655749,2.542694,1090635,2989,47,47
mv_tbl__quotes_daily__0                                                                                                                 ,230009,Delete                        ,t,[VacuumBG] Started Delete Only,2026-08-13 10:36:56.050631,,0.0,1109818,2988,47,0
mv_tbl__quotes_daily__0                                                                                                                 ,230009,Delete                        ,t,[VacuumBG] Finished           ,2026-08-13 10:36:56.050631,2026-08-13 10:36:59.358390,3.307759,1088518,2989,47,47
mv_tbl__quotes_daily__0                                                                                                                 ,230009,Delete                        ,t,[VacuumBG] Started Delete Only,2026-08-13 10:37:53.806352,,0.0,1098124,2988,47,0
mv_tbl__quotes_daily__0                                                                                                                 ,230009,Delete                        ,t,[VacuumBG] Finished           ,2026-08-13 10:37:53.806352,2026-08-13 10:37:55.472628,1.666276,1091698,2988,47,47
mv_tbl__quotes_daily__0                                                                                                                 ,230009,Delete                        ,t,[VacuumBG] Finished           ,2026-08-13 10:39:24.049881,2026-08-13 10:39:26.215682,2.165801,1100213,2988,47,47
mv_tbl__quotes_daily__0                                                                                                                 ,230009,Delete                        ,t,[VacuumBG] Started Delete Only,2026-08-13 10:39:24.049881,,0.0,1111076,2988,47,0
mv_tbl__quotes_daily__0                                                                                                                 ,230009,Delete                        ,t,[VacuumBG] Finished           ,2026-08-13 10:40:54.908354,2026-08-13 10:40:57.638881,2.730527,1081594,2988,47,47
mv_tbl__quotes_daily__0                                                                                                                 ,230009,Delete                        ,t,[VacuumBG] Started Delete Only,2026-08-13 10:40:54.908354,,0.0,1110020,2988,47,0
mv_tbl__quotes_daily__0                                                                                                                 ,230009,Delete                        ,t,[VacuumBG] Started Delete Only,2026-08-13 10:42:24.348183,,0.0,1112460,2988,47,0
mv_tbl__quotes_daily__0                                                                                                                 ,230009,Delete                        ,t,[VacuumBG] Finished           ,2026-08-13 10:42:24.348183,2026-08-13 10:42:28.425593,4.07741,1107768,2990,47,47
mv_tbl__quotes_daily__0                                                                                                                 ,230009,Delete                        ,t,[VacuumBG] Started Delete Only,2026-08-13 10:43:53.995341,,0.0,1117059,2988,47,0
mv_tbl__quotes_daily__0                                                                                                                 ,230009,Delete                        ,t,[VacuumBG] Finished           ,2026-08-13 10:43:53.995341,2026-08-13 10:43:56.861453,2.866112,1097609,2989,47,47
mv_tbl__quotes_daily__0                                                                                                                 ,230009,Delete                        ,t,[VacuumBG] Finished           ,2026-08-13 10:45:24.028397,2026-08-13 10:45:27.083354,3.054957,1097164,2989,47,47
mv_tbl__quotes_daily__0                                                                                                                 ,230009,Delete                        ,t,[VacuumBG] Started Delete Only,2026-08-13 10:45:24.028397,,0.0,1106987,2988,47,0
mv_tbl__quotes_daily__0                                                                                                                 ,230009,Delete                        ,t,[VacuumBG] Finished           ,2026-08-13 10:46:53.886741,2026-08-13 10:46:57.043294,3.156553,1110760,2988,47,47
mv_tbl__quotes_daily__0                                                                                                                 ,230009,Delete                        ,t,[VacuumBG] Started Delete Only,2026-08-13 10:46:53.886741,,0.0,1115982,2988,47,0
mv_tbl__quotes_daily__0                                                                                                                 ,230009,Delete                        ,t,[VacuumBG] Started Delete Only,2026-08-13 10:48:25.668615,,0.0,1120163,2988,47,0
mv_tbl__quotes_daily__0                                                                                                                 ,230009,Delete                        ,t,[VacuumBG] Finished           ,2026-08-13 10:48:25.668615,2026-08-13 10:48:28.446173,2.777558,1102177,2988,47,47
mv_tbl__quotes_daily__0                                                                                                                 ,230009,Delete                        ,t,[VacuumBG] Started Delete Only,2026-08-13 10:49:55.206854,,0.0,1121169,2988,47,0
mv_tbl__quotes_daily__0                                                                                                                 ,230009,Delete                        ,t,[VacuumBG] Finished           ,2026-08-13 10:49:55.206854,2026-08-13 10:49:58.445588,3.238734,1098294,2990,47,47
mv_tbl__quotes_daily__0                                                                                                                 ,230009,Delete                        ,t,[VacuumBG] Started Delete Only,2026-08-13 10:51:57.163846,,0.0,1117411,2988,47,0
mv_tbl__quotes_daily__0                                                                                                                 ,230009,Delete                        ,t,[VacuumBG] Finished           ,2026-08-13 10:51:57.163846,2026-08-13 10:51:59.340715,2.176869,1099518,2988,47,47
mv_tbl__quotes_daily__0                                                                                                                 ,230009,Delete                        ,t,[VacuumBG] Started Delete Only,2026-08-13 10:52:55.117599,,0.0,1109115,2988,47,0
mv_tbl__quotes_daily__0                                                                                                                 ,230009,Delete                        ,t,[VacuumBG] Finished           ,2026-08-13 10:52:55.117599,2026-08-13 10:52:56.005067,0.887468,1109115,2988,47,47
mv_tbl__quotes_daily__0                                                                                                                 ,230009,Delete                        ,t,[VacuumBG] Started Delete Only,2026-08-13 10:54:24.948043,,0.0,1118811,2988,47,0
mv_tbl__quotes_daily__0                                                                                                                 ,230009,Delete                        ,t,[VacuumBG] Finished           ,2026-08-13 10:54:24.948043,2026-08-13 10:54:27.092112,2.144069,1100229,2988,47,47
mv_tbl__quotes_daily__0                                                                                                                 ,230009,Delete                        ,t,[VacuumBG] Finished           ,2026-08-13 10:55:56.028675,2026-08-13 10:55:59.849027,3.820352,1123803,2990,47,47
mv_tbl__quotes_daily__0                                                                                                                 ,230009,Delete                        ,t,[VacuumBG] Started Delete Only,2026-08-13 10:55:56.028675,,0.0,1132717,2988,47,0
mv_tbl__quotes_daily__0                                                                                                                 ,230009,Delete                        ,t,[VacuumBG] Finished           ,2026-08-13 10:57:55.159498,2026-08-13 10:57:58.605308,3.44581,1101879,2990,47,47
mv_tbl__quotes_daily__0                                                                                                                 ,230009,Delete                        ,t,[VacuumBG] Started Delete Only,2026-08-13 10:57:55.159498,,0.0,1142611,2988,47,0
mv_tbl__quotes_daily__0                                                                                                                 ,230009,Delete                        ,t,[VacuumBG] Finished           ,2026-08-13 10:58:54.324757,2026-08-13 10:58:55.345867,1.02111,1106510,2988,47,47
mv_tbl__quotes_daily__0                                                                                                                 ,230009,Delete                        ,t,[VacuumBG] Started Delete Only,2026-08-13 10:58:54.324757,,0.0,1111380,2988,47,0
mv_tbl__quotes_daily__0                                                                                                                 ,230009,Delete                        ,t,[VacuumBG] Finished           ,2026-08-13 11:00:55.061376,2026-08-13 11:00:57.042680,1.981304,1115062,2988,47,47
mv_tbl__quotes_daily__0                                                                                                                 ,230009,Delete                        ,t,[VacuumBG] Started Delete Only,2026-08-13 11:00:55.061376,,0.0,1125684,2988,47,0
mv_tbl__quotes_daily__0                                                                                                                 ,230009,Delete                        ,t,[VacuumBG] Started Delete Only,2026-08-13 11:01:54.222305,,0.0,1124673,2988,47,0
mv_tbl__quotes_daily__0                                                                                                                 ,230009,Delete                        ,t,[VacuumBG] Finished           ,2026-08-13 11:01:54.222305,2026-08-13 11:01:57.083241,2.860936,1111005,2990,47,47
mv_tbl__quotes_daily__0                                                                                                                 ,230009,Delete                        ,t,[VacuumBG] Started Delete Only,2026-08-13 11:03:55.147369,,0.0,1130391,2988,47,0
mv_tbl__quotes_daily__0                                                                                                                 ,230009,Delete                        ,t,[VacuumBG] Finished           ,2026-08-13 11:03:55.147369,2026-08-13 11:03:57.682364,2.534995,1111945,2988,47,47
mv_tbl__quotes_daily__0                                                                                                                 ,230009,Delete                        ,t,[VacuumBG] Started Delete Only,2026-08-13 11:04:55.506411,,0.0,1121680,2988,47,0
mv_tbl__quotes_daily__0                                                                                                                 ,230009,Delete                        ,t,[VacuumBG] Finished           ,2026-08-13 11:04:55.506411,2026-08-13 11:04:58.361567,2.855156,1112258,2988,47,47
mv_tbl__quotes_daily__0                                                                                                                 ,230009,Delete                        ,t,[VacuumBG] Started Delete Only,2026-08-13 11:06:24.141235,,0.0,1122041,2988,47,0
mv_tbl__quotes_daily__0                                                                                                                 ,230009,Delete                        ,t,[VacuumBG] Finished           ,2026-08-13 11:06:24.141235,2026-08-13 11:06:26.454172,2.312937,1111284,2989,47,47
mv_tbl__quotes_daily__0                                                                                                                 ,230009,Delete                        ,t,[VacuumBG] Finished           ,2026-08-13 11:07:55.208589,2026-08-13 11:07:58.304063,3.095474,1120056,2989,47,47
mv_tbl__quotes_daily__0                                                                                                                 ,230009,Delete                        ,t,[VacuumBG] Started Delete Only,2026-08-13 11:07:55.208589,,0.0,1141010,2988,47,0
mv_tbl__quotes_daily__0                                                                                                                 ,230009,Delete                        ,t,[VacuumBG] Finished           ,2026-08-13 11:09:24.149914,2026-08-13 11:09:26.752055,2.602141,1121667,2989,47,47
mv_tbl__quotes_daily__0                                                                                                                 ,230009,Delete                        ,t,[VacuumBG] Started Delete Only,2026-08-13 11:09:24.149914,,0.0,1137664,2988,47,0
mv_tbl__quotes_daily__0                                                                                                                 ,230009,Delete                        ,t,[VacuumBG] Finished           ,2026-08-13 11:10:55.119794,2026-08-13 11:10:58.060350,2.940556,1119388,2988,47,47
mv_tbl__quotes_daily__0                                                                                                                 ,230009,Delete                        ,t,[VacuumBG] Started Delete Only,2026-08-13 11:10:55.119794,,0.0,1140598,2988,47,0
mv_tbl__quotes_daily__0                                                                                                                 ,230009,Delete                        ,t,[VacuumBG] Finished           ,2026-08-13 11:12:55.458016,2026-08-13 11:12:59.558025,4.100009,1120179,2990,47,47
mv_tbl__quotes_daily__0                                                                                                                 ,230009,Delete                        ,t,[VacuumBG] Started Delete Only,2026-08-13 11:12:55.458016,,0.0,1138507,2988,47,0
mv_tbl__quotes_daily__0                                                                                                                 ,230009,Delete                        ,t,[VacuumBG] Finished           ,2026-08-13 11:13:56.222214,2026-08-13 11:13:58.325387,2.103173,1121891,2988,47,47
mv_tbl__quotes_daily__0                                                                                                                 ,230009,Delete                        ,t,[VacuumBG] Started Delete Only,2026-08-13 11:13:56.222214,,0.0,1129772,2988,47,0
mv_tbl__quotes_daily__0                                                                                                                 ,230009,Delete                        ,t,[VacuumBG] Finished           ,2026-08-13 11:15:56.155678,2026-08-13 11:15:58.858174,2.702496,1126639,2988,47,47
mv_tbl__quotes_daily__0                                                                                                                 ,230009,Delete                        ,t,[VacuumBG] Started Delete Only,2026-08-13 11:15:56.155678,,0.0,1141118,2988,47,0
mv_tbl__quotes_daily__0                                                                                                                 ,230009,Delete                        ,t,[VacuumBG] Finished           ,2026-08-13 11:16:54.322963,2026-08-13 11:16:58.515627,4.192664,1126235,2990,47,47
mv_tbl__quotes_daily__0                                                                                                                 ,230009,Delete                        ,t,[VacuumBG] Started Delete Only,2026-08-13 11:16:54.322963,,0.0,1136242,2988,47,0
mv_tbl__quotes_daily__0                                                                                                                 ,230009,Delete                        ,t,[VacuumBG] Finished           ,2026-08-13 11:18:58.071032,2026-08-13 11:19:00.170912,2.09988,1123639,2988,47,47
mv_tbl__quotes_daily__0                                                                                                                 ,230009,Delete                        ,t,[VacuumBG] Started Delete Only,2026-08-13 11:18:58.071032,,0.0,1145590,2988,47,0
mv_tbl__quotes_daily__0                                                                                                                 ,230009,Delete                        ,t,[VacuumBG] Started Delete Only,2026-08-13 11:19:54.425199,,0.0,1139312,2988,47,0
mv_tbl__quotes_daily__0                                                                                                                 ,230009,Delete                        ,t,[VacuumBG] Finished           ,2026-08-13 11:19:54.425199,2026-08-13 11:19:57.799265,3.374066,1128123,2990,47,47
mv_tbl__quotes_daily__0                                                                                                                 ,230009,Delete                        ,t,[VacuumBG] Finished           ,2026-08-13 11:21:55.558139,2026-08-13 11:21:59.237433,3.679294,1123936,2990,47,47
mv_tbl__quotes_daily__0                                                                                                                 ,230009,Delete                        ,t,[VacuumBG] Started Delete Only,2026-08-13 11:21:55.558139,,0.0,1161450,2988,47,0
mv_tbl__quotes_daily__0                                                                                                                 ,230009,Delete                        ,t,[VacuumBG] Finished           ,2026-08-13 11:22:54.330390,2026-08-13 11:22:55.208623,0.878233,1133260,2988,47,47
mv_tbl__quotes_daily__0                                                                                                                 ,230009,Delete                        ,t,[VacuumBG] Started Delete Only,2026-08-13 11:22:54.330390,,0.0,1133260,2988,47,0
mv_tbl__quotes_daily__0                                                                                                                 ,230009,Delete                        ,t,[VacuumBG] Started Delete Only,2026-08-13 11:24:25.987477,,0.0,1142658,2988,47,0
mv_tbl__quotes_daily__0                                                                                                                 ,230009,Delete                        ,t,[VacuumBG] Finished           ,2026-08-13 11:24:25.987477,2026-08-13 11:24:29.589828,3.602351,1134822,2988,47,47
mv_tbl__quotes_daily__0                                                                                                                 ,230009,Delete                        ,t,[VacuumBG] Started Delete Only,2026-08-13 11:25:54.451283,,0.0,1153781,2988,47,0
mv_tbl__quotes_daily__0                                                                                                                 ,230009,Delete                        ,t,[VacuumBG] Finished           ,2026-08-13 11:25:54.451283,2026-08-13 11:25:57.372587,2.921304,1146723,2990,47,47
mv_tbl__quotes_daily__0                                                                                                                 ,230009,Delete                        ,t,[VacuumBG] Started Delete Only,2026-08-13 11:27:25.596355,,0.0,1165771,2988,47,0
mv_tbl__quotes_daily__0                                                                                                                 ,230009,Delete                        ,t,[VacuumBG] Finished           ,2026-08-13 11:27:25.596355,2026-08-13 11:27:28.240394,2.644039,1140698,2990,47,47
mv_tbl__quotes_daily__0                                                                                                                 ,230009,Delete                        ,t,[VacuumBG] Started Delete Only,2026-08-13 11:28:54.974317,,0.0,1150281,2988,47,0
mv_tbl__quotes_daily__0                                                                                                                 ,230009,Delete                        ,t,[VacuumBG] Finished           ,2026-08-13 11:28:54.974317,2026-08-13 11:28:58.141190,3.166873,1145631,2988,47,47
mv_tbl__quotes_daily__0                                                                                                                 ,230009,Delete                        ,t,[VacuumBG] Started Delete Only,2026-08-13 11:30:57.116655,,0.0,1164783,2988,47,0
mv_tbl__quotes_daily__0                                                                                                                 ,230009,Delete                        ,t,[VacuumBG] Finished           ,2026-08-13 11:30:57.116655,2026-08-13 11:31:01.091648,3.974993,1126343,2990,47,47
mv_tbl__quotes_daily__0                                                                                                                 ,230009,Delete                        ,t,[VacuumBG] Started Delete Only,2026-08-13 11:31:54.477098,,0.0,1135951,2988,47,0
mv_tbl__quotes_daily__0                                                                                                                 ,230009,Delete                        ,t,[VacuumBG] Finished           ,2026-08-13 11:31:54.477098,2026-08-13 11:31:56.667705,2.190607,1135951,2988,47,47
mv_tbl__quotes_daily__0                                                                                                                 ,230009,Delete                        ,t,[VacuumBG] Finished           ,2026-08-13 11:33:24.510277,2026-08-13 11:33:27.506258,2.995981,1132076,2988,47,47
mv_tbl__quotes_daily__0                                                                                                                 ,230009,Delete                        ,t,[VacuumBG] Started Delete Only,2026-08-13 11:33:24.510277,,0.0,1145760,2988,47,0
mv_tbl__quotes_daily__0                                                                                                                 ,230009,Delete                        ,t,[VacuumBG] Finished           ,2026-08-13 11:34:54.572603,2026-08-13 11:34:58.654514,4.081911,1169352,2990,47,47
mv_tbl__quotes_daily__0                                                                                                                 ,230009,Delete                        ,t,[VacuumBG] Started Delete Only,2026-08-13 11:34:54.572603,,0.0,1170860,2988,47,0
mv_tbl__quotes_daily__0                                                                                                                 ,230009,Delete                        ,t,[VacuumBG] Finished           ,2026-08-13 11:36:24.988682,2026-08-13 11:36:27.773075,2.784393,1140802,2990,47,47
mv_tbl__quotes_daily__0                                                                                                                 ,230009,Delete                        ,t,[VacuumBG] Started Delete Only,2026-08-13 11:36:24.988682,,0.0,1178870,2988,47,0
mv_tbl__quotes_daily__0                                                                                                                 ,230009,Delete                        ,t,[VacuumBG] Finished           ,2026-08-13 11:38:27.394361,2026-08-13 11:38:30.047262,2.652901,1152208,2988,47,47
mv_tbl__quotes_daily__0                                                                                                                 ,230009,Delete                        ,t,[VacuumBG] Started Delete Only,2026-08-13 11:38:27.394361,,0.0,1169389,2988,47,0
mv_tbl__quotes_daily__0                                                                                                                 ,230009,Delete                        ,t,[VacuumBG] Started Delete Only,2026-08-13 11:39:59.058346,,0.0,1161841,2988,47,0
mv_tbl__quotes_daily__0                                                                                                                 ,230009,Delete                        ,t,[VacuumBG] Finished           ,2026-08-13 11:39:59.058346,2026-08-13 11:40:01.786208,2.727862,1146421,2990,47,47
mv_tbl__quotes_daily__0                                                                                                                 ,230009,Delete                        ,t,[VacuumBG] Started Delete Only,2026-08-13 11:40:55.418865,,0.0,1156057,2988,47,0
mv_tbl__quotes_daily__0                                                                                                                 ,230009,Delete                        ,t,[VacuumBG] Finished           ,2026-08-13 11:40:55.418865,2026-08-13 11:40:57.741169,2.322304,1148809,2988,47,47
mv_tbl__quotes_daily__0                                                                                                                 ,230009,Delete                        ,t,[VacuumBG] Finished           ,2026-08-13 11:42:58.175373,2026-08-13 11:42:59.271377,1.096004,1156032,2988,47,47
mv_tbl__quotes_daily__0                                                                                                                 ,230009,Delete                        ,t,[VacuumBG] Started Delete Only,2026-08-13 11:42:58.175373,,0.0,1168132,2988,47,0
mv_tbl__quotes_daily__0                                                                                                                 ,230009,Delete                        ,t,[VacuumBG] Finished           ,2026-08-13 11:43:54.521171,2026-08-13 11:43:58.220245,3.699074,1149546,2990,47,47
mv_tbl__quotes_daily__0                                                                                                                 ,230009,Delete                        ,t,[VacuumBG] Started Delete Only,2026-08-13 11:43:54.521171,,0.0,1165722,2988,47,0
mv_tbl__quotes_daily__0                                                                                                                 ,230009,Delete                        ,t,[VacuumBG] Finished           ,2026-08-13 11:45:56.063239,2026-08-13 11:45:58.677092,2.613853,1147713,2988,47,47
mv_tbl__quotes_daily__0                                                                                                                 ,230009,Delete                        ,t,[VacuumBG] Started Delete Only,2026-08-13 11:45:56.063239,,0.0,1169131,2988,47,0
mv_tbl__quotes_daily__0                                                                                                                 ,230009,Delete                        ,t,[VacuumBG] Started Delete Only,2026-08-13 11:46:54.633950,,0.0,1161856,2988,47,0
mv_tbl__quotes_daily__0                                                                                                                 ,230009,Delete                        ,t,[VacuumBG] Finished           ,2026-08-13 11:46:54.633950,2026-08-13 11:46:56.440672,1.806722,1161856,2988,47,47
mv_tbl__quotes_daily__0                                                                                                                 ,230009,Delete                        ,t,[VacuumBG] Started Delete Only,2026-08-13 11:48:57.595154,,0.0,1191440,2988,47,0
mv_tbl__quotes_daily__0                                                                                                                 ,230009,Delete                        ,t,[VacuumBG] Finished           ,2026-08-13 11:48:57.595154,2026-08-13 11:49:01.068081,3.472927,1153846,2990,47,47
mv_tbl__quotes_daily__0                                                                                                                 ,230009,Delete                        ,t,[VacuumBG] Started Delete Only,2026-08-13 11:49:56.565344,,0.0,1163289,2988,47,0
mv_tbl__quotes_daily__0                                                                                                                 ,230009,Delete                        ,t,[VacuumBG] Finished           ,2026-08-13 11:49:56.565344,2026-08-13 11:49:59.508846,2.943502,1155832,2988,47,47
mv_tbl__quotes_daily__0                                                                                                                 ,230009,Delete                        ,t,[VacuumBG] Started Delete Only,2026-08-13 11:51:25.014566,,0.0,1175000,2988,47,0
mv_tbl__quotes_daily__0                                                                                                                 ,230009,Delete                        ,t,[VacuumBG] Finished           ,2026-08-13 11:51:25.014566,2026-08-13 11:51:26.180742,1.166176,1166007,2988,47,47
mv_tbl__quotes_daily__0                                                                                                                 ,230009,Delete                        ,t,[VacuumBG] Started Delete Only,2026-08-13 11:52:55.310260,,0.0,1175639,2988,47,0
mv_tbl__quotes_daily__0                                                                                                                 ,230009,Delete                        ,t,[VacuumBG] Finished           ,2026-08-13 11:52:55.310260,2026-08-13 11:52:57.855434,2.545174,1158570,2990,47,47
mv_tbl__quotes_daily__0                                                                                                                 ,230009,Delete                        ,t,[VacuumBG] Started Delete Only,2026-08-13 11:54:55.634012,,0.0,1177928,2988,47,0
mv_tbl__quotes_daily__0                                                                                                                 ,230009,Delete                        ,t,[VacuumBG] Finished           ,2026-08-13 11:54:55.634012,2026-08-13 11:54:57.363008,1.728996,1163813,2988,47,47
mv_tbl__quotes_daily__0                                                                                                                 ,230009,Delete                        ,t,[VacuumBG] Started Delete Only,2026-08-13 11:56:28.113654,,0.0,1183142,2988,47,0
mv_tbl__quotes_daily__0                                                                                                                 ,230009,Delete                        ,t,[VacuumBG] Finished           ,2026-08-13 11:56:28.113654,2026-08-13 11:56:30.712692,2.599038,1164720,2988,47,47
mv_tbl__quotes_daily__0                                                                                                                 ,230009,Delete                        ,t,[VacuumBG] Started Delete Only,2026-08-13 11:57:24.666643,,0.0,1174437,2988,47,0
mv_tbl__quotes_daily__0                                                                                                                 ,230009,Delete                        ,t,[VacuumBG] Finished           ,2026-08-13 11:57:24.666643,2026-08-13 11:57:27.743397,3.076754,1174437,2990,47,47
mv_tbl__quotes_daily__0                                                                                                                 ,230009,Delete                        ,t,[VacuumBG] Started Delete Only,2026-08-13 11:58:55.029561,,0.0,1184105,2988,47,0
mv_tbl__quotes_daily__0                                                                                                                 ,230009,Delete                        ,t,[VacuumBG] Finished           ,2026-08-13 11:58:55.029561,2026-08-13 11:58:58.233889,3.204328,1157082,2990,47,47
mv_tbl__quotes_daily__0                                                                                                                 ,230009,Delete                        ,t,[VacuumBG] Finished           ,2026-08-13 12:00:56.031924,2026-08-13 12:00:58.641365,2.609441,1171456,2988,47,47
mv_tbl__quotes_daily__0                                                                                                                 ,230009,Delete                        ,t,[VacuumBG] Started Delete Only,2026-08-13 12:00:56.031924,,0.0,1186801,2988,47,0
mv_tbl__quotes_daily__0                                                                                                                 ,230009,Delete                        ,t,[VacuumBG] Finished           ,2026-08-13 12:01:54.807347,2026-08-13 12:01:57.690073,2.882726,1170014,2988,47,47
mv_tbl__quotes_daily__0                                                                                                                 ,230009,Delete                        ,t,[VacuumBG] Started Delete Only,2026-08-13 12:01:54.807347,,0.0,1189062,2988,47,0
mv_tbl__quotes_daily__0                                                                                                                 ,230009,Delete                        ,t,[VacuumBG] Started Delete Only,2026-08-13 12:03:57.558468,,0.0,1188936,2988,47,0
mv_tbl__quotes_daily__0                                                                                                                 ,230009,Delete                        ,t,[VacuumBG] Finished           ,2026-08-13 12:03:57.558468,2026-08-13 12:04:00.345016,2.786548,1172531,2990,47,47
mv_tbl__quotes_daily__0                                                                                                                 ,230009,Delete                        ,t,[VacuumBG] Started Delete Only,2026-08-13 12:04:54.871339,,0.0,1182130,2988,47,0
mv_tbl__quotes_daily__0                                                                                                                 ,230009,Delete                        ,t,[VacuumBG] Finished           ,2026-08-13 12:04:54.871339,2026-08-13 12:04:56.710955,1.839616,1172456,2988,47,47
mv_tbl__quotes_daily__0                                                                                                                 ,230009,Delete                        ,t,[VacuumBG] Started Delete Only,2026-08-13 12:06:25.165361,,0.0,1191626,2988,47,0
mv_tbl__quotes_daily__0                                                                                                                 ,230009,Delete                        ,t,[VacuumBG] Finished           ,2026-08-13 12:06:25.165361,2026-08-13 12:06:27.435230,2.269869,1179815,2988,47,47
mv_tbl__quotes_daily__0                                                                                                                 ,230009,Delete                        ,t,[VacuumBG] Started Delete Only,2026-08-13 12:07:56.653563,,0.0,1189488,2988,47,0
mv_tbl__quotes_daily__0                                                                                                                 ,230009,Delete                        ,t,[VacuumBG] Finished           ,2026-08-13 12:07:56.653563,2026-08-13 12:07:58.731067,2.077504,1174735,2990,47,47
mv_tbl__quotes_daily__0                                                                                                                 ,230009,Delete                        ,t,[VacuumBG] Started Delete Only,2026-08-13 12:09:26.713709,,0.0,1184506,2988,47,0
mv_tbl__quotes_daily__0                                                                                                                 ,230009,Delete                        ,t,[VacuumBG] Finished           ,2026-08-13 12:09:26.713709,2026-08-13 12:09:27.784948,1.071239,1176388,2988,47,47
mv_tbl__quotes_daily__0                                                                                                                 ,230009,Delete                        ,t,[VacuumBG] Started Delete Only,2026-08-13 12:10:57.376517,,0.0,1195735,2988,47,0
mv_tbl__quotes_daily__0                                                                                                                 ,230009,Delete                        ,t,[VacuumBG] Finished           ,2026-08-13 12:10:57.376517,2026-08-13 12:10:59.699189,2.322672,1174188,2988,47,47
mv_tbl__quotes_daily__0                                                                                                                 ,230009,Delete                        ,t,[VacuumBG] Started Delete Only,2026-08-13 12:12:58.144460,,0.0,1194642,2988,47,0
mv_tbl__quotes_daily__0                                                                                                                 ,230009,Delete                        ,t,[VacuumBG] Finished           ,2026-08-13 12:12:58.144460,2026-08-13 12:13:01.631611,3.487151,1170771,2990,47,47
mv_tbl__quotes_daily__0                                                                                                                 ,230009,Delete                        ,t,[VacuumBG] Started Delete Only,2026-08-13 12:13:55.839542,,0.0,1189081,2988,47,0
mv_tbl__quotes_daily__0                                                                                                                 ,230009,Delete                        ,t,[VacuumBG] Finished           ,2026-08-13 12:13:55.839542,2026-08-13 12:13:56.872227,1.032685,1189081,2988,47,47
mv_tbl__quotes_daily__0                                                                                                                 ,230009,Delete                        ,t,[VacuumBG] Finished           ,2026-08-13 12:15:56.024514,2026-08-13 12:16:00.726312,4.701798,1173551,2990,47,47
mv_tbl__quotes_daily__0                                                                                                                 ,230009,Delete                        ,t,[VacuumBG] Started Delete Only,2026-08-13 12:15:56.024514,,0.0,1216555,2988,47,0
mv_tbl__quotes_daily__0                                                                                                                 ,230009,Delete                        ,t,[VacuumBG] Finished           ,2026-08-13 12:16:56.405484,2026-08-13 12:16:57.407262,1.001778,1177712,2988,47,47
mv_tbl__quotes_daily__0                                                                                                                 ,230009,Delete                        ,t,[VacuumBG] Started Delete Only,2026-08-13 12:16:56.405484,,0.0,1183063,2988,47,0
mv_tbl__quotes_daily__0                                                                                                                 ,230009,Delete                        ,t,[VacuumBG] Started Delete Only,2026-08-13 12:18:57.546355,,0.0,1196956,2988,47,0
mv_tbl__quotes_daily__0                                                                                                                 ,230009,Delete                        ,t,[VacuumBG] Finished           ,2026-08-13 12:18:57.546355,2026-08-13 12:19:01.207725,3.66137,1180299,2990,47,47
mv_tbl__quotes_daily__0                                                                                                                 ,230009,Delete                        ,t,[VacuumBG] Started Delete Only,2026-08-13 12:19:56.314377,,0.0,1189882,2988,47,0
mv_tbl__quotes_daily__0                                                                                                                 ,230009,Delete                        ,t,[VacuumBG] Finished           ,2026-08-13 12:19:56.314377,2026-08-13 12:19:57.228112,0.913735,1187759,2988,47,47
mv_tbl__quotes_daily__0                                                                                                                 ,230009,Delete                        ,t,[VacuumBG] Started Delete Only,2026-08-13 12:21:55.032977,,0.0,1207042,2988,47,0
mv_tbl__quotes_daily__0                                                                                                                 ,230009,Delete                        ,t,[VacuumBG] Finished           ,2026-08-13 12:21:55.032977,2026-08-13 12:21:58.798931,3.765954,1179350,2988,47,47
mv_tbl__quotes_daily__0                                                                                                                 ,230009,Delete                        ,t,[VacuumBG] Started Delete Only,2026-08-13 12:22:56.222908,,0.0,1189018,2988,47,0
mv_tbl__quotes_daily__0                                                                                                                 ,230009,Delete                        ,t,[VacuumBG] Finished           ,2026-08-13 12:22:56.222908,2026-08-13 12:22:59.369502,3.146594,1176926,2990,47,47
mv_tbl__quotes_daily__0                                                                                                                 ,230009,Delete                        ,t,[VacuumBG] Started Delete Only,2026-08-13 12:25:01.158649,,0.0,1196395,2988,47,0
mv_tbl__quotes_daily__0                                                                                                                 ,230009,Delete                        ,t,[VacuumBG] Finished           ,2026-08-13 12:25:01.158649,2026-08-13 12:25:02.277675,1.119026,1188609,2988,47,47
mv_tbl__quotes_daily__0                                                                                                                 ,230009,Delete                        ,t,[VacuumBG] Started Delete Only,2026-08-13 12:25:55.122963,,0.0,1198473,2988,47,0
mv_tbl__quotes_daily__0                                                                                                                 ,230009,Delete                        ,t,[VacuumBG] Finished           ,2026-08-13 12:25:55.122963,2026-08-13 12:25:56.747879,1.624916,1198473,2988,47,47
mv_tbl__quotes_daily__0                                                                                                                 ,230009,Delete                        ,t,[VacuumBG] Finished           ,2026-08-13 12:27:25.161896,2026-08-13 12:27:29.366952,4.205056,1190914,2988,47,47
mv_tbl__quotes_daily__0                                                                                                                 ,230009,Delete                        ,t,[VacuumBG] Started Delete Only,2026-08-13 12:27:25.161896,,0.0,1213325,2988,47,0
mv_tbl__quotes_daily__0                                                                                                                 ,230009,Delete                        ,t,[VacuumBG] Finished           ,2026-08-13 12:28:55.831815,2026-08-13 12:28:58.703502,2.871687,1182850,2990,47,47
mv_tbl__quotes_daily__0                                                                                                                 ,230009,Delete                        ,t,[VacuumBG] Started Delete Only,2026-08-13 12:28:55.831815,,0.0,1219362,2988,47,0
mv_tbl__quotes_daily__0                                                                                                                 ,230009,Delete                        ,t,[VacuumBG] Finished           ,2026-08-13 12:30:25.081309,2026-08-13 12:30:26.930156,1.848847,1187705,2988,47,47
mv_tbl__quotes_daily__0                                                                                                                 ,230009,Delete                        ,t,[VacuumBG] Started Delete Only,2026-08-13 12:30:25.081309,,0.0,1192420,2988,47,0
mv_tbl__quotes_daily__0                                                                                                                 ,230009,Delete                        ,t,[VacuumBG] Started Delete Only,2026-08-13 12:31:55.150821,,0.0,1206833,2988,47,0
mv_tbl__quotes_daily__0                                                                                                                 ,230009,Delete                        ,t,[VacuumBG] Finished           ,2026-08-13 12:31:55.150821,2026-08-13 12:31:57.564191,2.41337,1194195,2988,47,47
mv_tbl__quotes_daily__0                                                                                                                 ,230009,Delete                        ,t,[VacuumBG] Finished           ,2026-08-13 12:33:25.804580,2026-08-13 12:33:28.234180,2.4296,1194160,2988,47,47
mv_tbl__quotes_daily__0                                                                                                                 ,230009,Delete                        ,t,[VacuumBG] Started Delete Only,2026-08-13 12:33:25.804580,,0.0,1203838,2988,47,0
mv_tbl__quotes_daily__0                                                                                                                 ,230009,Delete                        ,t,[VacuumBG] Finished           ,2026-08-13 12:34:55.262190,2026-08-13 12:34:58.296515,3.034325,1192528,2990,47,47
mv_tbl__quotes_daily__0                                                                                                                 ,230009,Delete                        ,t,[VacuumBG] Started Delete Only,2026-08-13 12:34:55.262190,,0.0,1213424,2988,47,0
mv_tbl__quotes_daily__0                                                                                                                 ,230009,Delete                        ,t,[VacuumBG] Started Delete Only,2026-08-13 12:36:25.707149,,0.0,1202180,2988,47,0
mv_tbl__quotes_daily__0                                                                                                                 ,230009,Delete                        ,t,[VacuumBG] Finished           ,2026-08-13 12:36:25.707149,2026-08-13 12:36:26.734453,1.027304,1196537,2988,47,47
mv_tbl__quotes_daily__0                                                                                                                 ,230009,Delete                        ,t,[VacuumBG] Finished           ,2026-08-13 12:37:56.786525,2026-08-13 12:37:59.799100,3.012575,1189645,2990,47,47
mv_tbl__quotes_daily__0                                                                                                                 ,230009,Delete                        ,t,[VacuumBG] Started Delete Only,2026-08-13 12:37:56.786525,,0.0,1215990,2988,47,0
mv_tbl__quotes_daily__0                                                                                                                 ,230009,Delete                        ,t,[VacuumBG] Finished           ,2026-08-13 12:39:25.838263,2026-08-13 12:39:27.549431,1.711168,1192169,2988,47,47
mv_tbl__quotes_daily__0                                                                                                                 ,230009,Delete                        ,t,[VacuumBG] Started Delete Only,2026-08-13 12:39:25.838263,,0.0,1199500,2988,47,0
mv_tbl__quotes_daily__0                                                                                                                 ,230009,Delete                        ,t,[VacuumBG] Started Delete Only,2026-08-13 12:40:55.289569,,0.0,1230570,2988,47,0
mv_tbl__quotes_daily__0                                                                                                                 ,230009,Delete                        ,t,[VacuumBG] Finished           ,2026-08-13 12:40:55.289569,2026-08-13 12:40:57.432054,2.142485,1211146,2988,47,47
mv_tbl__quotes_daily__0                                                                                                                 ,230009,Delete                        ,t,[VacuumBG] Finished           ,2026-08-13 12:42:26.340003,2026-08-13 12:42:28.483116,2.143113,1202547,2990,47,47
mv_tbl__quotes_daily__0                                                                                                                 ,230009,Delete                        ,t,[VacuumBG] Started Delete Only,2026-08-13 12:42:26.340003,,0.0,1220712,2988,47,0
mv_tbl__quotes_daily__0                                                                                                                 ,230009,Delete                        ,t,[VacuumBG] Finished           ,2026-08-13 12:43:57.225581,2026-08-13 12:43:59.751267,2.525686,1213852,2988,47,47
mv_tbl__quotes_daily__0                                                                                                                 ,230009,Delete                        ,t,[VacuumBG] Started Delete Only,2026-08-13 12:43:57.225581,,0.0,1221765,2988,47,0
mv_tbl__quotes_daily__0                                                                                                                 ,230009,Delete                        ,t,[VacuumBG] Started Delete Only,2026-08-13 12:45:25.656639,,0.0,1223504,2988,47,0
mv_tbl__quotes_daily__0                                                                                                                 ,230009,Delete                        ,t,[VacuumBG] Finished           ,2026-08-13 12:45:25.656639,2026-08-13 12:45:28.470534,2.813895,1212232,2988,47,47
mv_tbl__quotes_daily__0                                                                                                                 ,230009,Delete                        ,t,[VacuumBG] Finished           ,2026-08-13 12:46:55.330989,2026-08-13 12:46:58.526046,3.195057,1214927,2988,47,47
mv_tbl__quotes_daily__0                                                                                                                 ,230009,Delete                        ,t,[VacuumBG] Started Delete Only,2026-08-13 12:46:55.330989,,0.0,1231517,2988,47,0
mv_tbl__quotes_daily__0                                                                                                                 ,230009,Delete                        ,t,[VacuumBG] Finished           ,2026-08-13 12:48:28.199851,2026-08-13 12:48:30.501942,2.302091,1207368,2990,47,47
mv_tbl__quotes_daily__0                                                                                                                 ,230009,Delete                        ,t,[VacuumBG] Started Delete Only,2026-08-13 12:48:28.199851,,0.0,1224599,2988,47,0
mv_tbl__quotes_daily__0                                                                                                                 ,230009,Delete                        ,t,[VacuumBG] Finished           ,2026-08-13 12:49:57.079973,2026-08-13 12:49:59.599871,2.519898,1210284,2988,47,47
mv_tbl__quotes_daily__0                                                                                                                 ,230009,Delete                        ,t,[VacuumBG] Started Delete Only,2026-08-13 12:49:57.079973,,0.0,1226906,2988,47,0
mv_tbl__quotes_daily__0                                                                                                                 ,230009,Delete                        ,t,[VacuumBG] Started Delete Only,2026-08-13 12:51:25.319965,,0.0,1220123,2988,47,0
mv_tbl__quotes_daily__0                                                                                                                 ,230009,Delete                        ,t,[VacuumBG] Finished           ,2026-08-13 12:51:25.319965,2026-08-13 12:51:27.652782,2.332817,1207527,2988,47,47
mv_tbl__quotes_daily__0                                                                                                                 ,230009,Delete                        ,t,[VacuumBG] Started Delete Only,2026-08-13 12:52:57.202562,,0.0,1237564,2988,47,0
mv_tbl__quotes_daily__0                                                                                                                 ,230009,Delete                        ,t,[VacuumBG] Finished           ,2026-08-13 12:52:57.202562,2026-08-13 12:53:00.827940,3.625378,1232264,2990,47,47
mv_tbl__quotes_daily__0                                                                                                                 ,230009,Delete                        ,t,[VacuumBG] Started Delete Only,2026-08-13 12:54:27.063701,,0.0,1259709,2988,47,0
mv_tbl__quotes_daily__0                                                                                                                 ,230009,Delete                        ,t,[VacuumBG] Finished           ,2026-08-13 12:54:27.063701,2026-08-13 12:54:30.261423,3.197722,1220664,2990,47,47
mv_tbl__quotes_daily__0                                                                                                                 ,230009,Delete                        ,t,[VacuumBG] Started Delete Only,2026-08-13 12:55:59.144076,,0.0,1230222,2988,47,0
mv_tbl__quotes_daily__0                                                                                                                 ,230009,Delete                        ,t,[VacuumBG] Finished           ,2026-08-13 12:55:59.144076,2026-08-13 12:56:00.998047,1.853971,1210659,2988,47,47
mv_tbl__quotes_daily__0                                                                                                                 ,230009,Delete                        ,t,[VacuumBG] Started Delete Only,2026-08-13 12:57:26.793948,,0.0,1220302,2988,47,0
mv_tbl__quotes_daily__0                                                                                                                 ,230009,Delete                        ,t,[VacuumBG] Finished           ,2026-08-13 12:57:26.793948,2026-08-13 12:57:27.820915,1.026967,1214092,2988,47,47
mv_tbl__quotes_daily__0                                                                                                                 ,230009,Delete                        ,t,[VacuumBG] Started Delete Only,2026-08-13 12:58:55.450991,,0.0,1233353,2988,47,0
mv_tbl__quotes_daily__0                                                                                                                 ,230009,Delete                        ,t,[VacuumBG] Finished           ,2026-08-13 12:58:55.450991,2026-08-13 12:58:56.465051,1.01406,1223361,2988,47,47
mv_tbl__quotes_daily__0                                                                                                                 ,230009,Delete                        ,t,[VacuumBG] Finished           ,2026-08-13 13:00:27.124910,2026-08-13 13:00:29.620386,2.495476,1218046,2988,47,47
mv_tbl__quotes_daily__0                                                                                                                 ,230009,Delete                        ,t,[VacuumBG] Started Delete Only,2026-08-13 13:00:27.124910,,0.0,1233081,2988,47,0
mv_tbl__quotes_daily__0                                                                                                                 ,230009,Delete                        ,t,[VacuumBG] Started Delete Only,2026-08-13 13:01:55.995252,,0.0,1237542,2988,47,0
mv_tbl__quotes_daily__0                                                                                                                 ,230009,Delete                        ,t,[VacuumBG] Finished           ,2026-08-13 13:01:55.995252,2026-08-13 13:02:00.043913,4.048661,1217249,2990,47,47
mv_tbl__quotes_daily__0                                                                                                                 ,230009,Delete                        ,t,[VacuumBG] Started Delete Only,2026-08-13 13:03:25.469859,,0.0,1226997,2988,47,0
mv_tbl__quotes_daily__0                                                                                                                 ,230009,Delete                        ,t,[VacuumBG] Finished           ,2026-08-13 13:03:25.469859,2026-08-13 13:03:26.458705,0.988846,1220986,2988,47,47
mv_tbl__quotes_daily__0                                                                                                                 ,230009,Delete                        ,t,[VacuumBG] Started Delete Only,2026-08-13 13:04:56.103744,,0.0,1243148,2988,47,0
mv_tbl__quotes_daily__0                                                                                                                 ,230009,Delete                        ,t,[VacuumBG] Finished           ,2026-08-13 13:04:56.103744,2026-08-13 13:04:58.109292,2.005548,1218208,2988,47,47
mv_tbl__quotes_daily__0                                                                                                                 ,230009,Delete                        ,t,[VacuumBG] Started Delete Only,2026-08-13 13:06:25.566491,,0.0,1236564,2988,47,0
mv_tbl__quotes_daily__0                                                                                                                 ,230009,Delete                        ,t,[VacuumBG] Finished           ,2026-08-13 13:06:25.566491,2026-08-13 13:06:26.512957,0.946466,1224974,2988,47,47
mv_tbl__quotes_daily__0                                                                                                                 ,230009,Delete                        ,t,[VacuumBG] Started Delete Only,2026-08-13 13:07:55.657669,,0.0,1252690,2988,47,0
mv_tbl__quotes_daily__0                                                                                                                 ,230009,Delete                        ,t,[VacuumBG] Finished           ,2026-08-13 13:07:55.657669,2026-08-13 13:07:58.910057,3.252388,1230303,2990,47,47
mv_tbl__quotes_daily__0                                                                                                                 ,230009,Delete                        ,t,[VacuumBG] Started Delete Only,2026-08-13 13:09:25.530296,,0.0,1239952,2988,47,0
mv_tbl__quotes_daily__0                                                                                                                 ,230009,Delete                        ,t,[VacuumBG] Finished           ,2026-08-13 13:09:25.530296,2026-08-13 13:09:28.030672,2.500376,1227772,2988,47,47
mv_tbl__quotes_daily__0                                                                                                                 ,230009,Delete                        ,t,[VacuumBG] Finished           ,2026-08-13 13:10:56.941174,2026-08-13 13:10:58.822349,1.881175,1230752,2988,47,47
mv_tbl__quotes_daily__0                                                                                                                 ,230009,Delete                        ,t,[VacuumBG] Started Delete Only,2026-08-13 13:10:56.941174,,0.0,1247111,2988,47,0
mv_tbl__quotes_daily__0                                                                                                                 ,230009,Delete                        ,t,[VacuumBG] Finished           ,2026-08-13 13:12:25.649916,2026-08-13 13:12:29.968986,4.31907,1226573,2988,47,47
mv_tbl__quotes_daily__0                                                                                                                 ,230009,Delete                        ,t,[VacuumBG] Started Delete Only,2026-08-13 13:12:25.649916,,0.0,1250160,2988,47,0
mv_tbl__quotes_daily__0                                                                                                                 ,230009,Delete                        ,t,[VacuumBG] Started Delete Only,2026-08-13 13:13:55.696478,,0.0,1236292,2988,47,0
mv_tbl__quotes_daily__0                                                                                                                 ,230009,Delete                        ,t,[VacuumBG] Finished           ,2026-08-13 13:13:55.696478,2026-08-13 13:13:58.034387,2.337909,1236292,2990,47,47
mv_tbl__quotes_daily__0                                                                                                                 ,230009,Delete                        ,t,[VacuumBG] Started Delete Only,2026-08-13 13:15:27.161491,,0.0,1246041,2988,47,0
mv_tbl__quotes_daily__0                                                                                                                 ,230009,Delete                        ,t,[VacuumBG] Finished           ,2026-08-13 13:15:27.161491,2026-08-13 13:15:30.741850,3.580359,1221603,2990,47,47
mv_tbl__quotes_daily__0                                                                                                                 ,230009,Delete                        ,t,[VacuumBG] Finished           ,2026-08-13 13:16:55.626028,2026-08-13 13:16:56.807793,1.181765,1233285,2988,47,47
mv_tbl__quotes_daily__0                                                                                                                 ,230009,Delete                        ,t,[VacuumBG] Started Delete Only,2026-08-13 13:16:55.626028,,0.0,1241208,2988,47,0
mv_tbl__quotes_daily__0                                                                                                                 ,230009,Delete                        ,t,[VacuumBG] Finished           ,2026-08-13 13:18:25.662380,2026-08-13 13:18:27.731564,2.069184,1228816,2988,47,47
mv_tbl__quotes_daily__0                                                                                                                 ,230009,Delete                        ,t,[VacuumBG] Started Delete Only,2026-08-13 13:18:25.662380,,0.0,1243160,2988,47,0
mv_tbl__quotes_daily__0                                                                                                                 ,230009,Delete                        ,t,[VacuumBG] Started Delete Only,2026-08-13 13:19:55.725846,,0.0,1260391,2988,47,0
mv_tbl__quotes_daily__0                                                                                                                 ,230009,Delete                        ,t,[VacuumBG] Finished           ,2026-08-13 13:19:55.725846,2026-08-13 13:19:59.561506,3.83566,1234934,2990,47,47
mv_tbl__quotes_daily__0                                                                                                                 ,230009,Delete                        ,t,[VacuumBG] Finished           ,2026-08-13 13:21:25.804332,2026-08-13 13:21:27.320985,1.516653,1237311,2988,47,47
mv_tbl__quotes_daily__0                                                                                                                 ,230009,Delete                        ,t,[VacuumBG] Started Delete Only,2026-08-13 13:21:25.804332,,0.0,1244415,2988,47,0
mv_tbl__quotes_daily__0                                                                                                                 ,230009,Delete                        ,t,[VacuumBG] Finished           ,2026-08-13 13:22:55.649552,2026-08-13 13:22:57.904587,2.255035,1237465,2988,47,47
mv_tbl__quotes_daily__0                                                                                                                 ,230009,Delete                        ,t,[VacuumBG] Started Delete Only,2026-08-13 13:22:55.649552,,0.0,1256331,2988,47,0
mv_tbl__quotes_daily__0                                                                                                                 ,230009,Delete                        ,t,[VacuumBG] Started Delete Only,2026-08-13 13:24:27.126458,,0.0,1247036,2988,47,0
mv_tbl__quotes_daily__0                                                                                                                 ,230009,Delete                        ,t,[VacuumBG] Finished           ,2026-08-13 13:24:27.126458,2026-08-13 13:24:29.080519,1.954061,1240964,2988,47,47
mv_tbl__quotes_daily__0                                                                                                                 ,230009,Delete                        ,t,[VacuumBG] Finished           ,2026-08-13 13:25:55.770838,2026-08-13 13:25:58.829596,3.058758,1248641,2990,47,47
mv_tbl__quotes_daily__0                                                                                                                 ,230009,Delete                        ,t,[VacuumBG] Started Delete Only,2026-08-13 13:25:55.770838,,0.0,1260233,2988,47,0
mv_tbl__quotes_daily__0                                                                                                                 ,230009,Delete                        ,t,[VacuumBG] Finished           ,2026-08-13 13:27:27.236910,2026-08-13 13:27:28.978113,1.741203,1239642,2988,47,47
mv_tbl__quotes_daily__0                                                                                                                 ,230009,Delete                        ,t,[VacuumBG] Started Delete Only,2026-08-13 13:27:27.236910,,0.0,1258271,2988,47,0
mv_tbl__quotes_daily__0                                                                                                                 ,230009,Delete                        ,t,[VacuumBG] Finished           ,2026-08-13 13:28:55.886377,2026-08-13 13:28:59.353638,3.467261,1237375,2988,47,47
mv_tbl__quotes_daily__0                                                                                                                 ,230009,Delete                        ,t,[VacuumBG] Started Delete Only,2026-08-13 13:28:55.886377,,0.0,1259071,2988,47,0
mv_tbl__quotes_daily__0                                                                                                                 ,230009,Delete                        ,t,[VacuumBG] Finished           ,2026-08-13 13:30:25.717692,2026-08-13 13:30:26.925538,1.207846,1238864,2988,47,47
mv_tbl__quotes_daily__0                                                                                                                 ,230009,Delete                        ,t,[VacuumBG] Started Delete Only,2026-08-13 13:30:25.717692,,0.0,1247075,2988,47,0
mv_tbl__quotes_daily__0                                                                                                                 ,230009,Delete                        ,t,[VacuumBG] Finished           ,2026-08-13 13:31:55.974010,2026-08-13 13:31:57.785170,1.81116,1242997,2990,47,47
mv_tbl__quotes_daily__0                                                                                                                 ,230009,Delete                        ,t,[VacuumBG] Started Delete Only,2026-08-13 13:31:55.974010,,0.0,1261150,2988,47,0
mv_tbl__quotes_daily__0                                                                                                                 ,230009,Delete                        ,t,[VacuumBG] Started Delete Only,2026-08-13 13:33:26.417298,,0.0,1261541,2988,47,0
mv_tbl__quotes_daily__0                                                                                                                 ,230009,Delete                        ,t,[VacuumBG] Finished           ,2026-08-13 13:33:26.417298,2026-08-13 13:33:28.653507,2.236209,1243692,2988,47,47
mv_tbl__quotes_daily__0                                                                                                                 ,230009,Delete                        ,t,[VacuumBG] Finished           ,2026-08-13 13:34:55.851854,2026-08-13 13:34:58.268708,2.416854,1248309,2988,47,47
mv_tbl__quotes_daily__0                                                                                                                 ,230009,Delete                        ,t,[VacuumBG] Started Delete Only,2026-08-13 13:34:55.851854,,0.0,1268652,2988,47,0
mv_tbl__quotes_daily__0                                                                                                                 ,230009,Delete                        ,t,[VacuumBG] Finished           ,2026-08-13 13:36:27.519254,2026-08-13 13:36:29.866003,2.346749,1249428,2988,47,47
mv_tbl__quotes_daily__0                                                                                                                 ,230009,Delete                        ,t,[VacuumBG] Started Delete Only,2026-08-13 13:36:27.519254,,0.0,1257930,2988,47,0
mv_tbl__quotes_daily__0                                                                                                                 ,230009,Delete                        ,t,[VacuumBG] Started Delete Only,2026-08-13 13:37:56.167968,,0.0,1268782,2988,47,0
mv_tbl__quotes_daily__0                                                                                                                 ,230009,Delete                        ,t,[VacuumBG] Finished           ,2026-08-13 13:37:56.167968,2026-08-13 13:37:58.257777,2.089809,1249402,2988,47,47
mv_tbl__quotes_daily__0                                                                                                                 ,230009,Delete                        ,t,[VacuumBG] Started Delete Only,2026-08-13 13:39:26.008543,,0.0,1259143,2988,47,0
mv_tbl__quotes_daily__0                                                                                                                 ,230009,Delete                        ,t,[VacuumBG] Finished           ,2026-08-13 13:39:26.008543,2026-08-13 13:39:27.717271,1.708728,1253070,2988,47,47
mv_tbl__quotes_daily__0                                                                                                                 ,230009,Delete                        ,t,[VacuumBG] Started Delete Only,2026-08-13 13:40:56.039858,,0.0,1272558,2988,47,0
mv_tbl__quotes_daily__0                                                                                                                 ,230009,Delete                        ,t,[VacuumBG] Finished           ,2026-08-13 13:40:56.039858,2026-08-13 13:40:58.602942,2.563084,1257818,2990,47,47
mv_tbl__quotes_daily__0                                                                                                                 ,230009,Delete                        ,t,[VacuumBG] Started Delete Only,2026-08-13 13:42:25.880235,,0.0,1267616,2990,47,0
mv_tbl__quotes_daily__0                                                                                                                 ,230009,Delete                        ,t,[VacuumBG] Finished           ,2026-08-13 13:42:25.880235,2026-08-13 13:42:28.895621,3.015386,1253098,2990,47,47
mv_tbl__quotes_daily__0                                                                                                                 ,230009,Delete                        ,t,[VacuumBG] Started Delete Only,2026-08-13 13:43:55.926348,,0.0,1277412,2988,47,0
mv_tbl__quotes_daily__0                                                                                                                 ,230009,Delete                        ,t,[VacuumBG] Finished           ,2026-08-13 13:43:55.926348,2026-08-13 13:43:57.924127,1.997779,1266300,2988,47,47
mv_tbl__quotes_daily__0                                                                                                                 ,230009,Delete                        ,t,[VacuumBG] Started Delete Only,2026-08-13 13:45:25.964228,,0.0,1282024,2988,47,0
mv_tbl__quotes_daily__0                                                                                                                 ,230009,Delete                        ,t,[VacuumBG] Finished           ,2026-08-13 13:45:25.964228,2026-08-13 13:45:28.672978,2.70875,1251837,2988,47,47
mv_tbl__quotes_daily__0                                                                                                                 ,230009,Delete                        ,t,[VacuumBG] Started Delete Only,2026-08-13 13:46:57.213063,,0.0,1272305,2988,47,0
mv_tbl__quotes_daily__0                                                                                                                 ,230009,Delete                        ,t,[VacuumBG] Finished           ,2026-08-13 13:46:57.213063,2026-08-13 13:46:59.207693,1.99463,1261210,2988,47,47
mv_tbl__quotes_daily__0                                                                                                                 ,230009,Delete                        ,t,[VacuumBG] Started Delete Only,2026-08-13 13:48:27.479487,,0.0,1270858,2988,47,0
mv_tbl__quotes_daily__0                                                                                                                 ,230009,Delete                        ,t,[VacuumBG] Finished           ,2026-08-13 13:48:27.479487,2026-08-13 13:48:28.965991,1.486504,1264544,2988,47,47
mv_tbl__quotes_daily__0                                                                                                                 ,230009,Delete                        ,t,[VacuumBG] Started Delete Only,2026-08-13 13:49:56.926954,,0.0,1283748,2988,47,0
mv_tbl__quotes_daily__0                                                                                                                 ,230009,Delete                        ,t,[VacuumBG] Finished           ,2026-08-13 13:49:56.926954,2026-08-13 13:49:58.715697,1.788743,1268795,2989,47,47
mv_tbl__quotes_daily__0                                                                                                                 ,230009,Delete                        ,t,[VacuumBG] Started Delete Only,2026-08-13 13:51:25.988763,,0.0,1288044,2988,47,0
mv_tbl__quotes_daily__0                                                                                                                 ,230009,Delete                        ,t,[VacuumBG] Finished           ,2026-08-13 13:51:25.988763,2026-08-13 13:51:28.375633,2.38687,1276160,2988,47,47
mv_tbl__quotes_daily__0                                                                                                                 ,230009,Delete                        ,t,[VacuumBG] Started Delete Only,2026-08-13 13:52:58.255746,,0.0,1285786,2988,47,0
mv_tbl__quotes_daily__0                                                                                                                 ,230009,Delete                        ,t,[VacuumBG] Finished           ,2026-08-13 13:52:58.255746,2026-08-13 13:53:00.144582,1.888836,1271382,2988,47,47
mv_tbl__quotes_daily__0                                                                                                                 ,230009,Delete                        ,t,[VacuumBG] Finished           ,2026-08-13 13:54:26.104340,2026-08-13 13:54:28.189599,2.085259,1266399,2988,47,47
mv_tbl__quotes_daily__0                                                                                                                 ,230009,Delete                        ,t,[VacuumBG] Started Delete Only,2026-08-13 13:54:26.104340,,0.0,1281019,2988,47,0
mv_tbl__quotes_daily__0                                                                                                                 ,230009,Delete                        ,t,[VacuumBG] Finished           ,2026-08-13 13:55:57.860958,2026-08-13 13:55:59.766663,1.905705,1266841,2988,47,47
mv_tbl__quotes_daily__0                                                                                                                 ,230009,Delete                        ,t,[VacuumBG] Started Delete Only,2026-08-13 13:55:57.860958,,0.0,1285864,2988,47,0
mv_tbl__quotes_daily__0                                                                                                                 ,230009,Delete                        ,t,[VacuumBG] Started Delete Only,2026-08-13 13:57:27.047686,,0.0,1276717,2988,47,0
mv_tbl__quotes_daily__0                                                                                                                 ,230009,Delete                        ,t,[VacuumBG] Finished           ,2026-08-13 13:57:27.047686,2026-08-13 13:57:29.282887,2.235201,1263370,2989,47,47
mv_tbl__quotes_daily__0                                                                                                                 ,230009,Delete                        ,t,[VacuumBG] Started Delete Only,2026-08-13 13:58:56.094271,,0.0,1292575,2988,47,0
mv_tbl__quotes_daily__0                                                                                                                 ,230009,Delete                        ,t,[VacuumBG] Finished           ,2026-08-13 13:58:56.094271,2026-08-13 13:58:58.271128,2.176857,1274439,2988,47,47
mv_tbl__quotes_daily__0                                                                                                                 ,230009,Delete                        ,t,[VacuumBG] Finished           ,2026-08-13 14:00:27.974604,2026-08-13 14:00:30.894647,2.920043,1274860,2988,47,47
mv_tbl__quotes_daily__0                                                                                                                 ,230009,Delete                        ,t,[VacuumBG] Started Delete Only,2026-08-13 14:00:27.974604,,0.0,1291333,2988,47,0
mv_tbl__quotes_daily__0                                                                                                                 ,230009,Delete                        ,t,[VacuumBG] Started Delete Only,2026-08-13 14:01:57.233844,,0.0,1294182,2988,47,0
mv_tbl__quotes_daily__0                                                                                                                 ,230009,Delete                        ,t,[VacuumBG] Finished           ,2026-08-13 14:01:57.233844,2026-08-13 14:02:00.109985,2.876141,1275418,2989,47,47
mv_tbl__quotes_daily__0                                                                                                                 ,230009,Delete                        ,t,[VacuumBG] Started Delete Only,2026-08-13 14:03:26.287149,,0.0,1285054,2988,47,0
mv_tbl__quotes_daily__0                                                                                                                 ,230009,Delete                        ,t,[VacuumBG] Finished           ,2026-08-13 14:03:26.287149,2026-08-13 14:03:27.643444,1.356295,1274410,2988,47,47
mv_tbl__quotes_daily__0                                                                                                                 ,230009,Delete                        ,t,[VacuumBG] Started Delete Only,2026-08-13 14:04:56.158378,,0.0,1293758,2988,47,0
mv_tbl__quotes_daily__0                                                                                                                 ,230009,Delete                        ,t,[VacuumBG] Finished           ,2026-08-13 14:04:56.158378,2026-08-13 14:04:58.336495,2.178117,1272758,2989,47,47
mv_tbl__quotes_daily__0                                                                                                                 ,230009,Delete                        ,t,[VacuumBG] Started Delete Only,2026-08-13 14:06:27.346092,,0.0,1282529,2989,47,0
mv_tbl__quotes_daily__0                                                                                                                 ,230009,Delete                        ,t,[VacuumBG] Finished           ,2026-08-13 14:06:27.346092,2026-08-13 14:06:28.994961,1.648869,1274692,2989,47,47
mv_tbl__quotes_daily__0                                                                                                                 ,230009,Delete                        ,t,[VacuumBG] Finished           ,2026-08-13 14:07:58.085453,2026-08-13 14:07:59.244762,1.159309,1278301,2988,47,47
mv_tbl__quotes_daily__0                                                                                                                 ,230009,Delete                        ,t,[VacuumBG] Started Delete Only,2026-08-13 14:07:58.085453,,0.0,1294152,2988,47,0
mv_tbl__quotes_daily__0                                                                                                                 ,230009,Delete                        ,t,[VacuumBG] Finished           ,2026-08-13 14:09:27.161832,2026-08-13 14:09:29.802091,2.640259,1276595,2988,47,47
mv_tbl__quotes_daily__0                                                                                                                 ,230009,Delete                        ,t,[VacuumBG] Started Delete Only,2026-08-13 14:09:27.161832,,0.0,1288066,2988,47,0
mv_tbl__quotes_daily__0                                                                                                                 ,230009,Delete                        ,t,[VacuumBG] Finished           ,2026-08-13 14:10:56.400754,2026-08-13 14:10:59.751236,3.350482,1292193,2988,47,47
mv_tbl__quotes_daily__0                                                                                                                 ,230009,Delete                        ,t,[VacuumBG] Started Delete Only,2026-08-13 14:10:56.400754,,0.0,1303716,2988,47,0
mv_tbl__quotes_daily__0                                                                                                                 ,230009,Delete                        ,t,[VacuumBG] Started Delete Only,2026-08-13 14:12:26.456685,,0.0,1310794,2988,47,0
mv_tbl__quotes_daily__0                                                                                                                 ,230009,Delete                        ,t,[VacuumBG] Finished           ,2026-08-13 14:12:26.456685,2026-08-13 14:12:29.197075,2.74039,1283610,2988,47,47
mv_tbl__quotes_daily__0                                                                                                                 ,230009,Delete                        ,t,[VacuumBG] Started Delete Only,2026-08-13 14:13:57.707122,,0.0,1302718,2988,47,0
mv_tbl__quotes_daily__0                                                                                                                 ,230009,Delete                        ,t,[VacuumBG] Finished           ,2026-08-13 14:13:57.707122,2026-08-13 14:13:59.725580,2.018458,1291921,2988,47,47
mv_tbl__quotes_daily__0                                                                                                                 ,230009,Delete                        ,t,[VacuumBG] Finished           ,2026-08-13 14:15:29.163455,2026-08-13 14:15:31.607081,2.443626,1287548,2988,47,47
mv_tbl__quotes_daily__0                                                                                                                 ,230009,Delete                        ,t,[VacuumBG] Started Delete Only,2026-08-13 14:15:29.163455,,0.0,1301423,2988,47,0
mv_tbl__quotes_daily__0                                                                                                                 ,230009,Delete                        ,t,[VacuumBG] Finished           ,2026-08-13 14:16:57.024166,2026-08-13 14:16:59.340851,2.316685,1297036,2988,47,47
mv_tbl__quotes_daily__0                                                                                                                 ,230009,Delete                        ,t,[VacuumBG] Started Delete Only,2026-08-13 14:16:57.024166,,0.0,1306466,2988,47,0
mv_tbl__quotes_daily__0                                                                                                                 ,230009,Delete                        ,t,[VacuumBG] Finished           ,2026-08-13 14:18:28.672728,2026-08-13 14:18:31.893197,3.220469,1287300,2988,47,47
mv_tbl__quotes_daily__0                                                                                                                 ,230009,Delete                        ,t,[VacuumBG] Started Delete Only,2026-08-13 14:18:28.672728,,0.0,1306490,2988,47,0
mv_tbl__quotes_daily__0                                                                                                                 ,230009,Delete                        ,t,[VacuumBG] Finished           ,2026-08-13 14:19:57.127120,2026-08-13 14:19:59.195084,2.067964,1282436,2988,47,47
mv_tbl__quotes_daily__0                                                                                                                 ,230009,Delete                        ,t,[VacuumBG] Started Delete Only,2026-08-13 14:19:57.127120,,0.0,1306275,2988,47,0
mv_tbl__quotes_daily__0                                                                                                                 ,230009,Delete                        ,t,[VacuumBG] Started Delete Only,2026-08-13 14:21:28.988077,,0.0,1291962,2988,47,0
mv_tbl__quotes_daily__0                                                                                                                 ,230009,Delete                        ,t,[VacuumBG] Finished           ,2026-08-13 14:21:28.988077,2026-08-13 14:21:31.333493,2.345416,1285844,2988,47,47
mv_tbl__quotes_daily__0                                                                                                                 ,230009,Delete                        ,t,[VacuumBG] Finished           ,2026-08-13 14:22:59.036172,2026-08-13 14:23:01.297140,2.260968,1286555,2988,47,47
mv_tbl__quotes_daily__0                                                                                                                 ,230009,Delete                        ,t,[VacuumBG] Started Delete Only,2026-08-13 14:22:59.036172,,0.0,1305056,2988,47,0
mv_tbl__quotes_daily__0                                                                                                                 ,230009,Delete                        ,t,[VacuumBG] Finished           ,2026-08-13 14:24:26.471485,2026-08-13 14:24:28.979420,2.507935,1290271,2988,47,47
mv_tbl__quotes_daily__0                                                                                                                 ,230009,Delete                        ,t,[VacuumBG] Started Delete Only,2026-08-13 14:24:26.471485,,0.0,1302990,2988,47,0
mv_tbl__quotes_daily__0                                                                                                                 ,230009,Delete                        ,t,[VacuumBG] Started Delete Only,2026-08-13 14:25:58.120703,,0.0,1319487,2988,47,0
mv_tbl__quotes_daily__0                                                                                                                 ,230009,Delete                        ,t,[VacuumBG] Finished           ,2026-08-13 14:25:58.120703,2026-08-13 14:26:00.591627,2.470924,1294575,2990,47,47
mv_tbl__quotes_daily__0                                                                                                                 ,230009,Delete                        ,t,[VacuumBG] Started Delete Only,2026-08-13 14:27:27.961898,,0.0,1304076,2990,47,0
mv_tbl__quotes_daily__0                                                                                                                 ,230009,Delete                        ,t,[VacuumBG] Finished           ,2026-08-13 14:27:27.961898,2026-08-13 14:27:29.025503,1.063605,1294043,2990,47,47
mv_tbl__quotes_daily__0                                                                                                                 ,230009,Delete                        ,t,[VacuumBG] Finished           ,2026-08-13 14:28:57.220704,2026-08-13 14:29:01.141326,3.920622,1298702,2990,47,47
mv_tbl__quotes_daily__0                                                                                                                 ,230009,Delete                        ,t,[VacuumBG] Started Delete Only,2026-08-13 14:28:57.220704,,0.0,1313421,2990,47,0
mv_tbl__quotes_daily__0                                                                                                                 ,230009,Delete                        ,t,[VacuumBG] Finished           ,2026-08-13 14:30:26.468470,2026-08-13 14:30:28.163070,1.6946,1301610,2990,47,47
mv_tbl__quotes_daily__0                                                                                                                 ,230009,Delete                        ,t,[VacuumBG] Started Delete Only,2026-08-13 14:30:26.468470,,0.0,1308466,2990,47,0
mv_tbl__quotes_daily__0                                                                                                                 ,230009,Delete                        ,t,[VacuumBG] Started Delete Only,2026-08-13 14:31:57.265880,,0.0,1321195,2990,47,0
mv_tbl__quotes_daily__0                                                                                                                 ,230009,Delete                        ,t,[VacuumBG] Finished           ,2026-08-13 14:31:57.265880,2026-08-13 14:32:00.379024,3.113144,1293245,2990,47,47
mv_tbl__quotes_daily__0                                                                                                                 ,230009,Delete                        ,t,[VacuumBG] Started Delete Only,2026-08-13 14:33:27.174883,,0.0,1303135,2990,47,0
mv_tbl__quotes_daily__0                                                                                                                 ,230009,Delete                        ,t,[VacuumBG] Finished           ,2026-08-13 14:33:27.174883,2026-08-13 14:33:29.734063,2.55918,1293564,2990,47,47
mv_tbl__quotes_daily__0                                                                                                                 ,230009,Delete                        ,t,[VacuumBG] Started Delete Only,2026-08-13 14:34:57.226060,,0.0,1313226,2990,47,0
mv_tbl__quotes_daily__0                                                                                                                 ,230009,Delete                        ,t,[VacuumBG] Finished           ,2026-08-13 14:34:57.226060,2026-08-13 14:34:59.527808,2.301748,1305219,2990,47,47
mv_tbl__quotes_daily__0                                                                                                                 ,230009,Delete                        ,t,[VacuumBG] Started Delete Only,2026-08-13 14:36:26.496213,,0.0,1315053,2990,47,0
mv_tbl__quotes_daily__0                                                                                                                 ,230009,Delete                        ,t,[VacuumBG] Finished           ,2026-08-13 14:36:26.496213,2026-08-13 14:36:30.731296,4.235083,1294255,2990,47,47
mv_tbl__quotes_daily__0                                                                                                                 ,230009,Delete                        ,t,[VacuumBG] Started Delete Only,2026-08-13 14:37:56.742727,,0.0,1315358,2990,47,0
mv_tbl__quotes_daily__0                                                                                                                 ,230009,Delete                        ,t,[VacuumBG] Finished           ,2026-08-13 14:37:56.742727,2026-08-13 14:37:58.829941,2.087214,1307783,2990,47,47
mv_tbl__quotes_daily__0                                                                                                                 ,230009,Delete                        ,t,[VacuumBG] Started Delete Only,2026-08-13 14:39:28.031208,,0.0,1326201,2990,47,0
mv_tbl__quotes_daily__0                                                                                                                 ,230009,Delete                        ,t,[VacuumBG] Finished           ,2026-08-13 14:39:28.031208,2026-08-13 14:39:29.108211,1.077003,1309491,2990,47,47
mv_tbl__quotes_daily__0                                                                                                                 ,230009,Delete                        ,t,[VacuumBG] Finished           ,2026-08-13 14:40:56.754894,2026-08-13 14:40:58.836177,2.081283,1318540,2988,47,47
mv_tbl__quotes_daily__0                                                                                                                 ,230009,Delete                        ,t,[VacuumBG] Started Delete Only,2026-08-13 14:40:56.754894,,0.0,1337515,2988,47,0
mv_tbl__quotes_daily__0                                                                                                                 ,230009,Delete                        ,t,[VacuumBG] Finished           ,2026-08-13 14:42:26.734944,2026-08-13 14:42:29.309075,2.574131,1307843,2988,47,47
mv_tbl__quotes_daily__0                                                                                                                 ,230009,Delete                        ,t,[VacuumBG] Started Delete Only,2026-08-13 14:42:26.734944,,0.0,1328202,2988,47,0
mv_tbl__quotes_daily__0                                                                                                                 ,230009,Delete                        ,t,[VacuumBG] Started Delete Only,2026-08-13 14:43:58.178423,,0.0,1327358,2988,47,0
mv_tbl__quotes_daily__0                                                                                                                 ,230009,Delete                        ,t,[VacuumBG] Finished           ,2026-08-13 14:43:58.178423,2026-08-13 14:44:00.456722,2.278299,1319347,2988,47,47
mv_tbl__quotes_daily__0                                                                                                                 ,230009,Delete                        ,t,[VacuumBG] Started Delete Only,2026-08-13 14:45:28.033676,,0.0,1329118,2988,47,0
mv_tbl__quotes_daily__0                                                                                                                 ,230009,Delete                        ,t,[VacuumBG] Finished           ,2026-08-13 14:45:28.033676,2026-08-13 14:45:30.771860,2.738184,1304505,2988,47,47
mv_tbl__quotes_daily__0                                                                                                                 ,230009,Delete                        ,t,[VacuumBG] Started Delete Only,2026-08-13 14:46:57.886203,,0.0,1324113,2988,47,0
mv_tbl__quotes_daily__0                                                                                                                 ,230009,Delete                        ,t,[VacuumBG] Finished           ,2026-08-13 14:46:57.886203,2026-08-13 14:47:00.758808,2.872605,1304820,2988,47,47
mv_tbl__quotes_daily__0                                                                                                                 ,230009,Delete                        ,t,[VacuumBG] Started Delete Only,2026-08-13 14:48:28.146057,,0.0,1314706,2988,47,0
mv_tbl__quotes_daily__0                                                                                                                 ,230009,Delete                        ,t,[VacuumBG] Finished           ,2026-08-13 14:48:28.146057,2026-08-13 14:48:29.993103,1.847046,1306955,2988,47,47
mv_tbl__quotes_daily__0                                                                                                                 ,230009,Delete                        ,t,[VacuumBG] Started Delete Only,2026-08-13 14:49:59.196639,,0.0,1326802,2988,47,0
mv_tbl__quotes_daily__0                                                                                                                 ,230009,Delete                        ,t,[VacuumBG] Finished           ,2026-08-13 14:49:59.196639,2026-08-13 14:50:01.379726,2.183087,1304772,2988,47,47
mv_tbl__quotes_daily__0                                                                                                                 ,230009,Delete                        ,t,[VacuumBG] Started Delete Only,2026-08-13 14:51:27.647202,,0.0,1314701,2988,47,0
mv_tbl__quotes_daily__0                                                                                                                 ,230009,Delete                        ,t,[VacuumBG] Finished           ,2026-08-13 14:51:27.647202,2026-08-13 14:51:30.318585,2.671383,1305287,2989,47,47
mv_tbl__quotes_daily__0                                                                                                                 ,230009,Delete                        ,t,[VacuumBG] Started Delete Only,2026-08-13 14:52:59.733852,,0.0,1336300,2988,47,0
mv_tbl__quotes_daily__0                                                                                                                 ,230009,Delete                        ,t,[VacuumBG] Finished           ,2026-08-13 14:52:59.733852,2026-08-13 14:53:04.443538,4.709686,1332378,2989,47,47
mv_tbl__quotes_daily__0                                                                                                                 ,230009,Delete                        ,t,[VacuumBG] Finished           ,2026-08-13 14:54:28.765078,2026-08-13 14:54:31.962951,3.197873,1324195,2989,47,47
mv_tbl__quotes_daily__0                                                                                                                 ,230009,Delete                        ,t,[VacuumBG] Started Delete Only,2026-08-13 14:54:28.765078,,0.0,1353873,2988,47,0
mv_tbl__quotes_daily__0                                                                                                                 ,230009,Delete                        ,t,[VacuumBG] Finished           ,2026-08-13 14:55:57.211815,2026-08-13 14:56:00.711220,3.499405,1334476,2988,47,47
mv_tbl__quotes_daily__0                                                                                                                 ,230009,Delete                        ,t,[VacuumBG] Started Delete Only,2026-08-13 14:55:57.211815,,0.0,1343582,2988,47,0
mv_tbl__quotes_daily__0                                                                                                                 ,230009,Delete                        ,t,[VacuumBG] Finished           ,2026-08-13 14:57:26.868887,2026-08-13 14:57:29.955396,3.086509,1326066,2988,47,47
mv_tbl__quotes_daily__0                                                                                                                 ,230009,Delete                        ,t,[VacuumBG] Started Delete Only,2026-08-13 14:57:26.868887,,0.0,1344273,2988,47,0
mv_tbl__quotes_daily__0                                                                                                                 ,230009,Delete                        ,t,[VacuumBG] Finished           ,2026-08-13 14:58:57.014011,2026-08-13 14:58:58.944095,1.930084,1332050,2988,47,47
mv_tbl__quotes_daily__0                                                                                                                 ,230009,Delete                        ,t,[VacuumBG] Started Delete Only,2026-08-13 14:58:57.014011,,0.0,1345644,2988,47,0
mv_tbl__quotes_daily__0                                                                                                                 ,230009,Delete                        ,t,[VacuumBG] Finished           ,2026-08-13 15:00:28.183896,2026-08-13 15:00:30.685817,2.501921,1317314,2988,47,47
mv_tbl__quotes_daily__0                                                                                                                 ,230009,Delete                        ,t,[VacuumBG] Started Delete Only,2026-08-13 15:00:28.183896,,0.0,1341914,2988,47,0
mv_tbl__quotes_daily__0                                                                                                                 ,230009,Delete                        ,t,[VacuumBG] Finished           ,2026-08-13 15:01:56.846102,2026-08-13 15:01:59.758838,2.912736,1314896,2988,47,47
mv_tbl__quotes_daily__0                                                                                                                 ,230009,Delete                        ,t,[VacuumBG] Started Delete Only,2026-08-13 15:01:56.846102,,0.0,1337023,2988,47,0
mv_tbl__quotes_daily__0                                                                                                                 ,230009,Delete                        ,t,[VacuumBG] Finished           ,2026-08-13 15:03:26.903895,2026-08-13 15:03:28.399011,1.495116,1323247,2988,47,47
mv_tbl__quotes_daily__0                                                                                                                 ,230009,Delete                        ,t,[VacuumBG] Started Delete Only,2026-08-13 15:03:26.903895,,0.0,1324839,2988,47,0
mv_tbl__quotes_daily__0                                                                                                                 ,230009,Delete                        ,t,[VacuumBG] Started Delete Only,2026-08-13 15:04:56.988545,,0.0,1353950,2988,47,0
mv_tbl__quotes_daily__0                                                                                                                 ,230009,Delete                        ,t,[VacuumBG] Finished           ,2026-08-13 15:04:56.988545,2026-08-13 15:04:59.536848,2.548303,1335554,2988,47,47
mv_tbl__quotes_daily__0                                                                                                                 ,230009,Delete                        ,t,[VacuumBG] Started Delete Only,2026-08-13 15:06:28.205945,,0.0,1348412,2988,47,0
mv_tbl__quotes_daily__0                                                                                                                 ,230009,Delete                        ,t,[VacuumBG] Finished           ,2026-08-13 15:06:28.205945,2026-08-13 15:06:30.863574,2.657629,1329659,2990,47,47
mv_tbl__quotes_daily__0                                                                                                                 ,230009,Delete                        ,t,[VacuumBG] Started Delete Only,2026-08-13 15:07:57.007719,,0.0,1349091,2988,47,0
mv_tbl__quotes_daily__0                                                                                                                 ,230009,Delete                        ,t,[VacuumBG] Finished           ,2026-08-13 15:07:57.007719,2026-08-13 15:07:58.164884,1.157165,1344825,2988,47,47
mv_tbl__quotes_daily__0                                                                                                                 ,230009,Delete                        ,t,[VacuumBG] Started Delete Only,2026-08-13 15:09:27.159479,,0.0,1354548,2988,47,0
mv_tbl__quotes_daily__0                                                                                                                 ,230009,Delete                        ,t,[VacuumBG] Finished           ,2026-08-13 15:09:27.159479,2026-08-13 15:09:29.647467,2.487988,1334702,2988,47,47
mv_tbl__quotes_daily__0                                                                                                                 ,230009,Delete                        ,t,[VacuumBG] Finished           ,2026-08-13 15:10:59.226091,2026-08-13 15:11:02.016353,2.790262,1330345,2988,47,47
mv_tbl__quotes_daily__0                                                                                                                 ,230009,Delete                        ,t,[VacuumBG] Started Delete Only,2026-08-13 15:10:59.226091,,0.0,1354222,2988,47,0
mv_tbl__quotes_daily__0                                                                                                                 ,230009,Delete                        ,t,[VacuumBG] Finished           ,2026-08-13 15:12:27.701499,2026-08-13 15:12:29.130418,1.428919,1333034,2988,47,47
mv_tbl__quotes_daily__0                                                                                                                 ,230009,Delete                        ,t,[VacuumBG] Started Delete Only,2026-08-13 15:12:27.701499,,0.0,1340196,2988,47,0
mv_tbl__quotes_daily__0                                                                                                                 ,230009,Delete                        ,t,[VacuumBG] Started Delete Only,2026-08-13 15:13:58.147228,,0.0,1352367,2988,47,0
mv_tbl__quotes_daily__0                                                                                                                 ,230009,Delete                        ,t,[VacuumBG] Finished           ,2026-08-13 15:13:58.147228,2026-08-13 15:14:00.762768,2.61554,1337064,2989,47,47
mv_tbl__quotes_daily__0                                                                                                                 ,230009,Delete                        ,t,[VacuumBG] Started Delete Only,2026-08-13 15:15:28.007981,,0.0,1346834,2988,47,0
mv_tbl__quotes_daily__0                                                                                                                 ,230009,Delete                        ,t,[VacuumBG] Finished           ,2026-08-13 15:15:28.007981,2026-08-13 15:15:30.817986,2.810005,1331503,2988,47,47
mv_tbl__quotes_daily__0                                                                                                                 ,230009,Delete                        ,t,[VacuumBG] Started Delete Only,2026-08-13 15:16:57.063143,,0.0,1352763,2988,47,0
mv_tbl__quotes_daily__0                                                                                                                 ,230009,Delete                        ,t,[VacuumBG] Finished           ,2026-08-13 15:16:57.063143,2026-08-13 15:17:00.081957,3.018814,1336715,2988,47,47
mv_tbl__quotes_daily__0                                                                                                                 ,230009,Delete                        ,t,[VacuumBG] Started Delete Only,2026-08-13 15:18:27.134308,,0.0,1356279,2988,47,0
mv_tbl__quotes_daily__0                                                                                                                 ,230009,Delete                        ,t,[VacuumBG] Finished           ,2026-08-13 15:18:27.134308,2026-08-13 15:18:29.103744,1.969436,1337796,2988,47,47
mv_tbl__quotes_daily__0                                                                                                                 ,230009,Delete                        ,t,[VacuumBG] Started Delete Only,2026-08-13 15:19:57.184088,,0.0,1364101,2988,47,0
mv_tbl__quotes_daily__0                                                                                                                 ,230009,Delete                        ,t,[VacuumBG] Finished           ,2026-08-13 15:19:57.184088,2026-08-13 15:20:00.720209,3.536121,1348256,2988,47,47
mv_tbl__quotes_daily__0                                                                                                                 ,230009,Delete                        ,t,[VacuumBG] Finished           ,2026-08-13 15:21:27.225434,2026-08-13 15:21:29.202090,1.976656,1342491,2988,47,47
mv_tbl__quotes_daily__0                                                                                                                 ,230009,Delete                        ,t,[VacuumBG] Started Delete Only,2026-08-13 15:21:27.225434,,0.0,1358050,2988,47,0
mv_tbl__quotes_daily__0                                                                                                                 ,230009,Delete                        ,t,[VacuumBG] Finished           ,2026-08-13 15:22:58.289259,2026-08-13 15:23:01.840751,3.551492,1352877,2989,47,47
mv_tbl__quotes_daily__0                                                                                                                 ,230009,Delete                        ,t,[VacuumBG] Started Delete Only,2026-08-13 15:22:58.289259,,0.0,1362233,2988,47,0
mv_tbl__quotes_daily__0                                                                                                                 ,230009,Delete                        ,t,[VacuumBG] Started Delete Only,2026-08-13 15:24:27.156107,,0.0,1362777,2988,47,0
mv_tbl__quotes_daily__0                                                                                                                 ,230009,Delete                        ,t,[VacuumBG] Finished           ,2026-08-13 15:24:27.156107,2026-08-13 15:24:29.677972,2.521865,1345050,2988,47,47
mv_tbl__quotes_daily__0                                                                                                                 ,230009,Delete                        ,t,[VacuumBG] Started Delete Only,2026-08-13 15:25:57.189797,,0.0,1364976,2988,47,0
mv_tbl__quotes_daily__0                                                                                                                 ,230009,Delete                        ,t,[VacuumBG] Finished           ,2026-08-13 15:25:57.189797,2026-08-13 15:25:59.363108,2.173311,1340940,2988,47,47
mv_tbl__quotes_daily__0                                                                                                                 ,230009,Delete                        ,t,[VacuumBG] Started Delete Only,2026-08-13 15:27:27.263069,,0.0,1350846,2988,47,0
mv_tbl__quotes_daily__0                                                                                                                 ,230009,Delete                        ,t,[VacuumBG] Finished           ,2026-08-13 15:27:27.263069,2026-08-13 15:27:28.908145,1.645076,1345664,2988,47,47
mv_tbl__quotes_daily__0                                                                                                                 ,230009,Delete                        ,t,[VacuumBG] Started Delete Only,2026-08-13 15:28:57.117189,,0.0,1365447,2988,47,0
mv_tbl__quotes_daily__0                                                                                                                 ,230009,Delete                        ,t,[VacuumBG] Finished           ,2026-08-13 15:28:57.117189,2026-08-13 15:29:00.670238,3.553049,1354194,2988,47,47
mv_tbl__quotes_daily__0                                                                                                                 ,230009,Delete                        ,t,[VacuumBG] Started Delete Only,2026-08-13 15:30:28.175615,,0.0,1366324,2988,47,0
mv_tbl__quotes_daily__0                                                                                                                 ,230009,Delete                        ,t,[VacuumBG] Finished           ,2026-08-13 15:30:28.175615,2026-08-13 15:30:30.366324,2.190709,1349024,2988,47,47
mv_tbl__quotes_streamed__0                                                                                                              ,229992,Range Partition               ,t,[VacuumBG] Started Range Parti,2026-08-13 15:30:34.294684,,0.0,81384934874,2649306,29352129,0
mv_tbl__quotes_streamed__0                                                                                                              ,229992,Range Partition               ,t,[VacuumBG] Finished           ,2026-08-13 15:30:34.294684,2026-08-13 15:44:05.322162,811.027478,82189325677,2683234,29352129,29352129
mv_tbl__quotes_daily__0                                                                                                                 ,230009,Delete                        ,t,[VacuumBG] Finished           ,2026-08-13 15:31:57.219853,2026-08-13 15:32:17.496758,20.276905,1384052,2988,47,47
mv_tbl__quotes_daily__0                                                                                                                 ,230009,Delete                        ,t,[VacuumBG] Started Delete Only,2026-08-13 15:31:57.219853,,0.0,1384052,2988,47,0
mv_tbl__quotes_daily__0                                                                                                                 ,230009,Delete                        ,t,[VacuumBG] Finished           ,2026-08-13 15:33:58.137198,2026-08-13 15:35:07.987228,69.85003,1412266,3629,47,47
mv_tbl__quotes_daily__0                                                                                                                 ,230009,Delete                        ,t,[VacuumBG] Started Delete Only,2026-08-13 15:33:58.137198,,0.0,1403572,2988,47,0
mv_tbl__quotes_daily__0                                                                                                                 ,230009,Delete                        ,t,[VacuumBG] Finished           ,2026-08-13 15:35:29.184826,2026-08-13 15:36:29.287430,60.102604,1411029,2988,47,47
mv_tbl__quotes_daily__0                                                                                                                 ,230009,Delete                        ,t,[VacuumBG] Started Delete Only,2026-08-13 15:35:29.184826,,0.0,1412266,3629,47,0
mv_tbl__quotes_daily__0                                                                                                                 ,230009,Delete                        ,t,[VacuumBG] Finished           ,2026-08-13 15:37:31.294463,2026-08-13 15:37:41.054286,9.759823,1420798,2988,47,47
mv_tbl__quotes_daily__0                                                                                                                 ,230009,Delete                        ,t,[VacuumBG] Started Delete Only,2026-08-13 15:37:31.294463,,0.0,1420798,2988,47,0
mv_tbl__quotes_daily__0                                                                                                                 ,230009,Delete                        ,t,[VacuumBG] Finished           ,2026-08-13 15:38:28.058232,2026-08-13 15:38:59.093561,31.035329,1430606,2988,47,47
mv_tbl__quotes_daily__0                                                                                                                 ,230009,Delete                        ,t,[VacuumBG] Started Delete Only,2026-08-13 15:38:28.058232,,0.0,1430606,2988,47,0
mv_tbl__quotes_daily__0                                                                                                                 ,230009,Delete                        ,t,[VacuumBG] Finished           ,2026-08-13 15:39:27.421950,2026-08-13 15:40:24.853319,57.431369,1450224,2988,47,47
mv_tbl__quotes_daily__0                                                                                                                 ,230009,Delete                        ,t,[VacuumBG] Started Delete Only,2026-08-13 15:39:27.421950,,0.0,1440390,2988,47,0
mv_tbl__quotes_daily__0                                                                                                                 ,230009,Delete                        ,t,[VacuumBG] Started Delete Only,2026-08-13 15:41:30.160697,,0.0,1460049,2988,47,0
mv_tbl__quotes_daily__0                                                                                                                 ,230009,Delete                        ,t,[VacuumBG] Finished           ,2026-08-13 15:41:30.160697,2026-08-13 15:41:42.543359,12.382662,1460049,2988,47,47
mv_tbl__quotes_daily__0                                                                                                                 ,230009,Delete                        ,t,[VacuumBG] Started Delete Only,2026-08-13 15:42:27.490579,,0.0,1470128,2988,47,0
mv_tbl__quotes_daily__0                                                                                                                 ,230009,Delete                        ,t,[VacuumBG] Finished           ,2026-08-13 15:42:27.490579,2026-08-13 15:43:04.730155,37.239576,1470128,2988,47,47
mv_tbl__quotes_daily__0                                                                                                                 ,230009,Delete                        ,t,[VacuumBG] Finished           ,2026-08-13 15:44:28.323668,2026-08-13 15:44:31.977322,3.653654,1339840,2990,47,47
mv_tbl__quotes_daily__0                                                                                                                 ,230009,Delete                        ,t,[VacuumBG] Started Delete Only,2026-08-13 15:44:28.323668,,0.0,1511749,2988,47,0
mv_tbl__quotes_daily__0                                                                                                                 ,230009,Delete                        ,t,[VacuumBG] Finished           ,2026-08-13 15:45:28.129547,2026-08-13 15:45:28.147053,0.017506,1349956,2988,47,47
mv_tbl__quotes_daily__0                                                                                                                 ,230009,Delete                        ,t,[VacuumBG] Started Delete Only,2026-08-13 15:45:28.129547,,0.0,1349956,2988,47,0
mv_tbl__quotes_daily__0                                                                                                                 ,230009,Delete                        ,t,[VacuumBG] Finished           ,2026-08-13 15:47:28.086590,2026-08-13 15:47:29.000072,0.913482,1368408,2988,47,47
mv_tbl__quotes_daily__0                                                                                                                 ,230009,Delete                        ,t,[VacuumBG] Started Delete Only,2026-08-13 15:47:28.086590,,0.0,1369576,2988,47,0
mv_tbl__quotes_daily__0                                                                                                                 ,230009,Delete                        ,t,[VacuumBG] Finished           ,2026-08-13 15:48:27.465349,2026-08-13 15:48:29.789450,2.324101,1373774,2989,47,47
mv_tbl__quotes_daily__0                                                                                                                 ,230009,Delete                        ,t,[VacuumBG] Started Delete Only,2026-08-13 15:48:27.465349,,0.0,1378268,2988,47,0
mv_tbl__quotes_daily__0                                                                                                                 ,230009,Delete                        ,t,[VacuumBG] Started Delete Only,2026-08-13 15:50:30.233221,,0.0,1393679,2988,47,0
mv_tbl__quotes_daily__0                                                                                                                 ,230009,Delete                        ,t,[VacuumBG] Finished           ,2026-08-13 15:50:30.233221,2026-08-13 15:50:32.429668,2.196447,1380438,2989,47,47
mv_tbl__quotes_daily__0                                                                                                                 ,230009,Delete                        ,t,[VacuumBG] Started Delete Only,2026-08-13 15:51:28.196828,,0.0,1390379,2988,47,0
mv_tbl__quotes_daily__0                                                                                                                 ,230009,Delete                        ,t,[VacuumBG] Finished           ,2026-08-13 15:51:28.196828,2026-08-13 15:51:31.219570,3.022742,1369922,2988,47,47
mv_tbl__quotes_typed__0                                                                                                                 ,230000,Range Partition               ,t,[VacuumBG] Finished           ,2026-08-13 15:52:57.865277,2026-08-13 16:03:55.348353,657.483076,83329784781,3918742,29352129,29352129
mv_tbl__quotes_typed__0                                                                                                                 ,230000,Range Partition               ,t,[VacuumBG] Started Range Parti,2026-08-13 15:52:57.865277,,0.0,82685339195,3864292,29352129,0
mv_tbl__quotes_daily__0                                                                                                                 ,230009,Delete                        ,t,[VacuumBG] Started Delete Only,2026-08-13 15:53:59.238534,,0.0,1399884,2988,47,0
mv_tbl__quotes_daily__0                                                                                                                 ,230009,Delete                        ,t,[VacuumBG] Finished           ,2026-08-13 15:53:59.238534,2026-08-13 15:54:23.760225,24.521691,1392245,2988,47,47
mv_tbl__quotes_daily__0                                                                                                                 ,230009,Delete                        ,t,[VacuumBG] Started Delete Only,2026-08-13 15:54:27.503056,,0.0,1392245,2988,47,0
mv_tbl__quotes_daily__0                                                                                                                 ,230009,Delete                        ,t,[VacuumBG] Finished           ,2026-08-13 15:54:27.503056,2026-08-13 15:54:29.553398,2.050342,1392245,2988,47,47
mv_tbl__quotes_daily__0                                                                                                                 ,230009,Delete                        ,t,[VacuumBG] Started Delete Only,2026-08-13 15:55:57.701046,,0.0,1404886,2988,47,0
mv_tbl__quotes_daily__0                                                                                                                 ,230009,Delete                        ,t,[VacuumBG] Finished           ,2026-08-13 15:55:57.701046,2026-08-13 15:56:16.327433,18.626387,1404886,2989,47,47
mv_tbl__quotes_daily__0                                                                                                                 ,230009,Delete                        ,t,[VacuumBG] Started Delete Only,2026-08-13 15:57:27.717833,,0.0,1437290,2988,47,0
mv_tbl__quotes_daily__0                                                                                                                 ,230009,Delete                        ,t,[VacuumBG] Finished           ,2026-08-13 15:57:27.717833,2026-08-13 15:58:07.911662,40.193829,1437290,2990,47,47
mv_tbl__quotes_daily__0                                                                                                                 ,230009,Delete                        ,t,[VacuumBG] Started Delete Only,2026-08-13 15:58:59.497197,,0.0,1447054,2988,47,0
mv_tbl__quotes_daily__0                                                                                                                 ,230009,Delete                        ,t,[VacuumBG] Finished           ,2026-08-13 15:58:59.497197,2026-08-13 15:59:59.965407,60.46821,1466855,2990,47,47
mv_tbl__quotes_daily__0                                                                                                                 ,230009,Delete                        ,t,[VacuumBG] Finished           ,2026-08-13 16:00:27.800074,2026-08-13 16:00:51.735824,23.93575,1466855,2990,47,47
mv_tbl__quotes_daily__0                                                                                                                 ,230009,Delete                        ,t,[VacuumBG] Started Delete Only,2026-08-13 16:00:27.800074,,0.0,1466855,2990,47,0
mv_tbl__quotes_daily__0                                                                                                                 ,230009,Delete                        ,t,[VacuumBG] Finished           ,2026-08-13 16:01:57.620568,2026-08-13 16:02:43.418088,45.79752,1486688,2990,47,47
mv_tbl__quotes_daily__0                                                                                                                 ,230009,Delete                        ,t,[VacuumBG] Started Delete Only,2026-08-13 16:01:57.620568,,0.0,1476754,2988,47,0
mv_tbl__quotes_daily__0                                                                                                                 ,230009,Delete                        ,t,[VacuumBG] Finished           ,2026-08-13 16:03:58.130770,2026-08-13 16:04:01.229053,3.098283,1494688,2990,47,47
mv_tbl__quotes_daily__0                                                                                                                 ,230009,Delete                        ,t,[VacuumBG] Started Delete Only,2026-08-13 16:03:58.130770,,0.0,1496570,2988,47,0
mv_tbl__quotes_daily__0                                                                                                                 ,230009,Delete                        ,t,[VacuumBG] Finished           ,2026-08-13 16:04:57.906165,2026-08-13 16:05:02.028224,4.122059,1354098,2990,47,47
mv_tbl__quotes_daily__0                                                                                                                 ,230009,Delete                        ,t,[VacuumBG] Started Delete Only,2026-08-13 16:04:57.906165,,0.0,1504738,2988,47,0
mv_tbl__quotes_daily__0                                                                                                                 ,230009,Delete                        ,t,[VacuumBG] Finished           ,2026-08-13 16:06:32.235172,2026-08-13 16:06:32.252771,0.017599,1374047,2988,47,47
mv_tbl__quotes_daily__0                                                                                                                 ,230009,Delete                        ,t,[VacuumBG] Started Delete Only,2026-08-13 16:06:32.235172,,0.0,1374047,2988,47,0
mv_tbl__quotes_daily__0                                                                                                                 ,230009,Delete                        ,t,[VacuumBG] Started Delete Only,2026-08-13 16:07:59.257918,,0.0,1384116,2988,47,0
mv_tbl__quotes_daily__0                                                                                                                 ,230009,Delete                        ,t,[VacuumBG] Finished           ,2026-08-13 16:07:59.257918,2026-08-13 16:08:00.325981,1.068063,1381493,2988,47,47
mv_tbl__quotes_daily__0                                                                                                                 ,230009,Delete                        ,t,[VacuumBG] Started Delete Only,2026-08-13 16:09:29.129914,,0.0,1410288,2988,47,0
mv_tbl__quotes_daily__0                                                                                                                 ,230009,Delete                        ,t,[VacuumBG] Finished           ,2026-08-13 16:09:29.129914,2026-08-13 16:09:33.156912,4.026998,1387536,2990,47,47
mv_tbl__quotes_daily__0                                                                                                                 ,230009,Delete                        ,t,[VacuumBG] Started Delete Only,2026-08-13 16:10:58.182368,,0.0,1406454,2988,47,0
mv_tbl__quotes_daily__0                                                                                                                 ,230009,Delete                        ,t,[VacuumBG] Finished           ,2026-08-13 16:10:58.182368,2026-08-13 16:11:00.587770,2.405402,1388401,2988,47,47
mv_tbl__quotes_daily__0                                                                                                                 ,230009,Delete                        ,t,[VacuumBG] Started Delete Only,2026-08-13 16:12:29.056458,,0.0,1408687,2988,47,0
mv_tbl__quotes_daily__0                                                                                                                 ,230009,Delete                        ,t,[VacuumBG] Finished           ,2026-08-13 16:12:29.056458,2026-08-13 16:12:31.787111,2.730653,1389969,2988,47,47
mv_tbl__quotes_daily__0                                                                                                                 ,230009,Delete                        ,t,[VacuumBG] Started Delete Only,2026-08-13 16:13:57.716146,,0.0,1399885,2988,47,0
mv_tbl__quotes_daily__0                                                                                                                 ,230009,Delete                        ,t,[VacuumBG] Finished           ,2026-08-13 16:13:57.716146,2026-08-13 16:13:58.876484,1.160338,1393653,2988,47,47
mv_tbl__quotes_daily__0                                                                                                                 ,230009,Delete                        ,t,[VacuumBG] Started Delete Only,2026-08-13 16:15:29.177641,,0.0,1413753,2988,47,0
mv_tbl__quotes_daily__0                                                                                                                 ,230009,Delete                        ,t,[VacuumBG] Finished           ,2026-08-13 16:15:29.177641,2026-08-13 16:15:33.915798,4.738157,1404641,2990,47,47
mv_tbl__quotes_daily__0                                                                                                                 ,230009,Delete                        ,t,[VacuumBG] Started Delete Only,2026-08-13 16:16:59.230804,,0.0,1414686,2988,47,0
mv_tbl__quotes_daily__0                                                                                                                 ,230009,Delete                        ,t,[VacuumBG] Finished           ,2026-08-13 16:16:59.230804,2026-08-13 16:17:02.466304,3.2355,1395310,2988,47,47
mv_tbl__quotes_daily__0                                                                                                                 ,230009,Delete                        ,t,[VacuumBG] Started Delete Only,2026-08-13 16:18:30.082608,,0.0,1415480,2988,47,0
mv_tbl__quotes_daily__0                                                                                                                 ,230009,Delete                        ,t,[VacuumBG] Finished           ,2026-08-13 16:18:30.082608,2026-08-13 16:18:33.072718,2.99011,1406246,2988,47,47
mv_tbl__quotes_daily__0                                                                                                                 ,230009,Delete                        ,t,[VacuumBG] Finished           ,2026-08-13 16:19:57.739999,2026-08-13 16:20:00.417556,2.677557,1393150,2990,47,47
mv_tbl__quotes_daily__0                                                                                                                 ,230009,Delete                        ,t,[VacuumBG] Started Delete Only,2026-08-13 16:19:57.739999,,0.0,1416406,2988,47,0
mv_tbl__quotes_daily__0                                                                                                                 ,230009,Delete                        ,t,[VacuumBG] Finished           ,2026-08-13 16:21:28.198045,2026-08-13 16:21:30.479985,2.28194,1406106,2988,47,47
mv_tbl__quotes_daily__0                                                                                                                 ,230009,Delete                        ,t,[VacuumBG] Started Delete Only,2026-08-13 16:21:28.198045,,0.0,1413383,2988,47,0
mv_tbl__quotes_daily__0                                                                                                                 ,230009,Delete                        ,t,[VacuumBG] Started Delete Only,2026-08-13 16:22:58.305276,,0.0,1426417,2988,47,0
mv_tbl__quotes_daily__0                                                                                                                 ,230009,Delete                        ,t,[VacuumBG] Finished           ,2026-08-13 16:22:58.305276,2026-08-13 16:23:01.106531,2.801255,1401467,2988,47,47
mv_tbl__quotes_daily__0                                                                                                                 ,230009,Delete                        ,t,[VacuumBG] Started Delete Only,2026-08-13 16:24:28.688603,,0.0,1431232,2988,47,0
mv_tbl__quotes_daily__0                                                                                                                 ,230009,Delete                        ,t,[VacuumBG] Finished           ,2026-08-13 16:24:28.688603,2026-08-13 16:24:31.122017,2.433414,1403921,2990,47,47
mv_tbl__quotes_daily__0                                                                                                                 ,230009,Delete                        ,t,[VacuumBG] Started Delete Only,2026-08-13 16:25:57.947562,,0.0,1413926,2988,47,0
mv_tbl__quotes_daily__0                                                                                                                 ,230009,Delete                        ,t,[VacuumBG] Finished           ,2026-08-13 16:25:57.947562,2026-08-13 16:25:59.246649,1.299087,1409468,2988,47,47
mv_tbl__quotes_daily__0                                                                                                                 ,230009,Delete                        ,t,[VacuumBG] Finished           ,2026-08-13 16:27:27.999565,2026-08-13 16:27:31.141811,3.142246,1417289,2988,47,47
mv_tbl__quotes_daily__0                                                                                                                 ,230009,Delete                        ,t,[VacuumBG] Started Delete Only,2026-08-13 16:27:27.999565,,0.0,1429465,2988,47,0
mv_tbl__quotes_daily__0                                                                                                                 ,230009,Delete                        ,t,[VacuumBG] Finished           ,2026-08-13 16:28:57.935187,2026-08-13 16:29:00.030885,2.095698,1406344,2990,47,47
mv_tbl__quotes_daily__0                                                                                                                 ,230009,Delete                        ,t,[VacuumBG] Started Delete Only,2026-08-13 16:28:57.935187,,0.0,1427288,2988,47,0
mv_tbl__quotes_daily__0                                                                                                                 ,230009,Delete                        ,t,[VacuumBG] Started Delete Only,2026-08-13 16:30:30.110795,,0.0,1426565,2988,47,0
mv_tbl__quotes_daily__0                                                                                                                 ,230009,Delete                        ,t,[VacuumBG] Finished           ,2026-08-13 16:30:30.110795,2026-08-13 16:30:32.188336,2.077541,1423350,2988,47,47
mv_tbl__quotes_daily__0                                                                                                                 ,230009,Delete                        ,t,[VacuumBG] Started Delete Only,2026-08-13 16:31:57.956685,,0.0,1433432,2988,47,0
mv_tbl__quotes_daily__0                                                                                                                 ,230009,Delete                        ,t,[VacuumBG] Finished           ,2026-08-13 16:31:57.956685,2026-08-13 16:32:00.933122,2.976437,1396438,2988,47,47
mv_tbl__quotes_daily__0                                                                                                                 ,230009,Delete                        ,t,[VacuumBG] Started Delete Only,2026-08-13 16:33:31.013745,,0.0,1416657,2988,47,0
mv_tbl__quotes_daily__0                                                                                                                 ,230009,Delete                        ,t,[VacuumBG] Finished           ,2026-08-13 16:33:31.013745,2026-08-13 16:33:33.674495,2.66075,1399923,2990,47,47
mv_tbl__quotes_daily__0                                                                                                                 ,230009,Delete                        ,t,[VacuumBG] Finished           ,2026-08-13 16:34:59.511187,2026-08-13 16:35:00.644879,1.133692,1408422,2988,47,47
mv_tbl__quotes_daily__0                                                                                                                 ,230009,Delete                        ,t,[VacuumBG] Started Delete Only,2026-08-13 16:34:59.511187,,0.0,1412536,2988,47,0
mv_tbl__quotes_daily__0                                                                                                                 ,230009,Delete                        ,t,[VacuumBG] Finished           ,2026-08-13 16:36:29.106207,2026-08-13 16:36:31.873046,2.766839,1434420,2988,47,47
mv_tbl__quotes_daily__0                                                                                                                 ,230009,Delete                        ,t,[VacuumBG] Started Delete Only,2026-08-13 16:36:29.106207,,0.0,1444173,2988,47,0
mv_tbl__quotes_daily__0                                                                                                                 ,230009,Delete                        ,t,[VacuumBG] Finished           ,2026-08-13 16:37:58.162779,2026-08-13 16:38:01.162080,2.999301,1410924,2988,47,47
mv_tbl__quotes_daily__0                                                                                                                 ,230009,Delete                        ,t,[VacuumBG] Started Delete Only,2026-08-13 16:37:58.162779,,0.0,1444455,2988,47,0
mv_tbl__quotes_daily__0                                                                                                                 ,230009,Delete                        ,t,[VacuumBG] Started Delete Only,2026-08-13 16:39:29.223465,,0.0,1431092,2988,47,0
mv_tbl__quotes_daily__0                                                                                                                 ,230009,Delete                        ,t,[VacuumBG] Finished           ,2026-08-13 16:39:29.223465,2026-08-13 16:39:32.217585,2.99412,1425969,2990,47,47
mv_tbl__quotes_daily__0                                                                                                                 ,230009,Delete                        ,t,[VacuumBG] Started Delete Only,2026-08-13 16:41:00.081943,,0.0,1436071,2988,47,0
mv_tbl__quotes_daily__0                                                                                                                 ,230009,Delete                        ,t,[VacuumBG] Finished           ,2026-08-13 16:41:00.081943,2026-08-13 16:41:02.677063,2.59512,1421816,2989,47,47
mv_tbl__quotes_daily__0                                                                                                                 ,230009,Delete                        ,t,[VacuumBG] Started Delete Only,2026-08-13 16:42:28.123260,,0.0,1442031,2988,47,0
mv_tbl__quotes_daily__0                                                                                                                 ,230009,Delete                        ,t,[VacuumBG] Finished           ,2026-08-13 16:42:28.123260,2026-08-13 16:42:30.920298,2.797038,1426636,2988,47,47
mv_tbl__quotes_daily__0                                                                                                                 ,230009,Delete                        ,t,[VacuumBG] Started Delete Only,2026-08-13 16:43:59.785760,,0.0,1436764,2988,47,0
mv_tbl__quotes_daily__0                                                                                                                 ,230009,Delete                        ,t,[VacuumBG] Finished           ,2026-08-13 16:43:59.785760,2026-08-13 16:44:02.183275,2.397515,1411590,2988,47,47
mv_tbl__quotes_daily__0                                                                                                                 ,230009,Delete                        ,t,[VacuumBG] Started Delete Only,2026-08-13 16:45:29.030957,,0.0,1432072,2988,47,0
mv_tbl__quotes_daily__0                                                                                                                 ,230009,Delete                        ,t,[VacuumBG] Finished           ,2026-08-13 16:45:29.030957,2026-08-13 16:45:32.123681,3.092724,1416215,2989,47,47
mv_tbl__quotes_daily__0                                                                                                                 ,230009,Delete                        ,t,[VacuumBG] Started Delete Only,2026-08-13 16:46:58.098072,,0.0,1433593,2988,47,0
mv_tbl__quotes_daily__0                                                                                                                 ,230009,Delete                        ,t,[VacuumBG] Finished           ,2026-08-13 16:46:58.098072,2026-08-13 16:47:00.776260,2.678188,1423808,2988,47,47
mv_tbl__quotes_daily__0                                                                                                                 ,230009,Delete                        ,t,[VacuumBG] Started Delete Only,2026-08-13 16:48:30.156043,,0.0,1458779,2988,47,0
mv_tbl__quotes_daily__0                                                                                                                 ,230009,Delete                        ,t,[VacuumBG] Finished           ,2026-08-13 16:48:30.156043,2026-08-13 16:48:32.850218,2.694175,1450394,2989,47,47
mv_tbl__quotes_daily__0                                                                                                                 ,230009,Delete                        ,t,[VacuumBG] Started Delete Only,2026-08-13 16:49:58.216229,,0.0,1470433,2988,47,0
mv_tbl__quotes_daily__0                                                                                                                 ,230009,Delete                        ,t,[VacuumBG] Finished           ,2026-08-13 16:49:58.216229,2026-08-13 16:50:01.421806,3.205577,1443550,2989,47,47
mv_tbl__quotes_daily__0                                                                                                                 ,230009,Delete                        ,t,[VacuumBG] Started Delete Only,2026-08-13 16:51:29.280234,,0.0,1453566,2988,47,0
mv_tbl__quotes_daily__0                                                                                                                 ,230009,Delete                        ,t,[VacuumBG] Finished           ,2026-08-13 16:51:29.280234,2026-08-13 16:51:31.848775,2.568541,1441842,2989,47,47
mv_tbl__quotes_daily__0                                                                                                                 ,230009,Delete                        ,t,[VacuumBG] Started Delete Only,2026-08-13 16:52:59.339510,,0.0,1451861,2988,47,0
mv_tbl__quotes_daily__0                                                                                                                 ,230009,Delete                        ,t,[VacuumBG] Finished           ,2026-08-13 16:52:59.339510,2026-08-13 16:53:01.345249,2.005739,1433996,2988,47,47
mv_tbl__quotes_daily__0                                                                                                                 ,230009,Delete                        ,t,[VacuumBG] Started Delete Only,2026-08-13 16:54:30.176275,,0.0,1454063,2988,47,0
mv_tbl__quotes_daily__0                                                                                                                 ,230009,Delete                        ,t,[VacuumBG] Finished           ,2026-08-13 16:54:30.176275,2026-08-13 16:54:32.239697,2.063422,1428086,2989,47,47
mv_tbl__quotes_daily__0                                                                                                                 ,230009,Delete                        ,t,[VacuumBG] Finished           ,2026-08-13 16:56:00.225625,2026-08-13 16:56:01.949547,1.723922,1430928,2988,47,47
mv_tbl__quotes_daily__0                                                                                                                 ,230009,Delete                        ,t,[VacuumBG] Started Delete Only,2026-08-13 16:56:00.225625,,0.0,1438216,2988,47,0
mv_tbl__quotes_daily__0                                                                                                                 ,230009,Delete                        ,t,[VacuumBG] Finished           ,2026-08-13 16:57:28.260542,2026-08-13 16:57:30.421956,2.161414,1443891,2989,47,47
mv_tbl__quotes_daily__0                                                                                                                 ,230009,Delete                        ,t,[VacuumBG] Started Delete Only,2026-08-13 16:57:28.260542,,0.0,1451430,2988,47,0
mv_tbl__quotes_daily__0                                                                                                                 ,230009,Delete                        ,t,[VacuumBG] Finished           ,2026-08-13 16:58:59.270456,2026-08-13 16:59:03.497023,4.226567,1433726,2989,47,47
mv_tbl__quotes_daily__0                                                                                                                 ,230009,Delete                        ,t,[VacuumBG] Started Delete Only,2026-08-13 16:58:59.270456,,0.0,1483317,2988,47,0
mv_tbl__quotes_daily__0                                                                                                                 ,230009,Delete                        ,t,[VacuumBG] Finished           ,2026-08-13 17:00:28.394746,2026-08-13 17:00:30.750389,2.355643,1444191,2989,47,47
mv_tbl__quotes_daily__0                                                                                                                 ,230009,Delete                        ,t,[VacuumBG] Started Delete Only,2026-08-13 17:00:28.394746,,0.0,1444191,2988,47,0
mv_tbl__quotes_daily__0                                                                                                                 ,230009,Delete                        ,t,[VacuumBG] Started Delete Only,2026-08-13 17:02:00.289910,,0.0,1454325,2988,47,0
mv_tbl__quotes_daily__0                                                                                                                 ,230009,Delete                        ,t,[VacuumBG] Finished           ,2026-08-13 17:02:00.289910,2026-08-13 17:02:01.945956,1.656046,1441043,2989,47,47
mv_tbl__quotes_daily__0                                                                                                                 ,230009,Delete                        ,t,[VacuumBG] Started Delete Only,2026-08-13 17:03:28.321470,,0.0,1461430,2988,47,0
mv_tbl__quotes_daily__0                                                                                                                 ,230009,Delete                        ,t,[VacuumBG] Finished           ,2026-08-13 17:03:28.321470,2026-08-13 17:03:29.894393,1.572923,1460247,2988,47,47
mv_tbl__quotes_daily__0                                                                                                                 ,230009,Delete                        ,t,[VacuumBG] Finished           ,2026-08-13 17:04:59.773216,2026-08-13 17:05:03.194538,3.421322,1438252,2988,47,47
mv_tbl__quotes_daily__0                                                                                                                 ,230009,Delete                        ,t,[VacuumBG] Started Delete Only,2026-08-13 17:04:59.773216,,0.0,1470452,2988,47,0
mv_tbl__quotes_daily__0                                                                                                                 ,230009,Delete                        ,t,[VacuumBG] Finished           ,2026-08-13 17:06:29.054484,2026-08-13 17:06:30.921133,1.866649,1449067,2990,47,47
mv_tbl__quotes_daily__0                                                                                                                 ,230009,Delete                        ,t,[VacuumBG] Started Delete Only,2026-08-13 17:06:29.054484,,0.0,1458731,2988,47,0
mv_tbl__quotes_daily__0                                                                                                                 ,230009,Delete                        ,t,[VacuumBG] Started Delete Only,2026-08-13 17:07:58.282233,,0.0,1459308,2988,47,0
mv_tbl__quotes_daily__0                                                                                                                 ,230009,Delete                        ,t,[VacuumBG] Finished           ,2026-08-13 17:07:58.282233,2026-08-13 17:08:00.319264,2.037031,1448810,2989,47,47
mv_tbl__quotes_daily__0                                                                                                                 ,230009,Delete                        ,t,[VacuumBG] Finished           ,2026-08-13 17:09:29.143178,2026-08-13 17:09:32.230514,3.087336,1464375,2988,47,47
mv_tbl__quotes_daily__0                                                                                                                 ,230009,Delete                        ,t,[VacuumBG] Started Delete Only,2026-08-13 17:09:29.143178,,0.0,1470466,2988,47,0
mv_tbl__quotes_daily__0                                                                                                                 ,230009,Delete                        ,t,[VacuumBG] Finished           ,2026-08-13 17:10:58.797579,2026-08-13 17:11:01.453473,2.655894,1466738,2989,47,47
mv_tbl__quotes_daily__0                                                                                                                 ,230009,Delete                        ,t,[VacuumBG] Started Delete Only,2026-08-13 17:10:58.797579,,0.0,1503780,2988,47,0
mv_tbl__quotes_daily__0                                                                                                                 ,230009,Delete                        ,t,[VacuumBG] Started Delete Only,2026-08-13 17:12:29.850703,,0.0,1477262,2988,47,0
mv_tbl__quotes_daily__0                                                                                                                 ,230009,Delete                        ,t,[VacuumBG] Finished           ,2026-08-13 17:12:29.850703,2026-08-13 17:12:31.799000,1.948297,1467060,2989,47,47
mv_tbl__quotes_daily__0                                                                                                                 ,230009,Delete                        ,t,[VacuumBG] Started Delete Only,2026-08-13 17:13:58.891991,,0.0,1477260,2988,47,0
mv_tbl__quotes_daily__0                                                                                                                 ,230009,Delete                        ,t,[VacuumBG] Finished           ,2026-08-13 17:13:58.891991,2026-08-13 17:14:00.921854,2.029863,1464209,2989,47,47
mv_tbl__quotes_daily__0                                                                                                                 ,230009,Delete                        ,t,[VacuumBG] Started Delete Only,2026-08-13 17:15:28.541036,,0.0,1484658,2988,47,0
mv_tbl__quotes_daily__0                                                                                                                 ,230009,Delete                        ,t,[VacuumBG] Finished           ,2026-08-13 17:15:28.541036,2026-08-13 17:15:32.254625,3.713589,1466561,2989,47,47
mv_tbl__quotes_daily__0                                                                                                                 ,230009,Delete                        ,t,[VacuumBG] Started Delete Only,2026-08-13 17:16:59.375193,,0.0,1476820,2988,47,0
mv_tbl__quotes_daily__0                                                                                                                 ,230009,Delete                        ,t,[VacuumBG] Finished           ,2026-08-13 17:16:59.375193,2026-08-13 17:17:01.993281,2.618088,1450508,2989,47,47
mv_tbl__quotes_daily__0                                                                                                                 ,230009,Delete                        ,t,[VacuumBG] Started Delete Only,2026-08-13 17:18:28.389152,,0.0,1470907,2988,47,0
mv_tbl__quotes_daily__0                                                                                                                 ,230009,Delete                        ,t,[VacuumBG] Finished           ,2026-08-13 17:18:28.389152,2026-08-13 17:18:30.747250,2.358098,1465748,2989,47,47
mv_tbl__quotes_daily__0                                                                                                                 ,230009,Delete                        ,t,[VacuumBG] Started Delete Only,2026-08-13 17:19:58.435237,,0.0,1476070,2988,47,0
mv_tbl__quotes_daily__0                                                                                                                 ,230009,Delete                        ,t,[VacuumBG] Finished           ,2026-08-13 17:19:58.435237,2026-08-13 17:20:01.628472,3.193235,1452496,2989,47,47
mv_tbl__quotes_daily__0                                                                                                                 ,230009,Delete                        ,t,[VacuumBG] Started Delete Only,2026-08-13 17:21:29.204108,,0.0,1473179,2988,47,0
mv_tbl__quotes_daily__0                                                                                                                 ,230009,Delete                        ,t,[VacuumBG] Finished           ,2026-08-13 17:21:29.204108,2026-08-13 17:21:31.052241,1.848133,1467017,2988,47,47
mv_tbl__quotes_daily__0                                                                                                                 ,230009,Delete                        ,t,[VacuumBG] Started Delete Only,2026-08-13 17:22:59.338675,,0.0,1486498,2988,47,0
mv_tbl__quotes_daily__0                                                                                                                 ,230009,Delete                        ,t,[VacuumBG] Finished           ,2026-08-13 17:22:59.338675,2026-08-13 17:23:01.939695,2.60102,1465102,2988,47,47
mv_tbl__quotes_daily__0                                                                                                                 ,230009,Delete                        ,t,[VacuumBG] Finished           ,2026-08-13 17:24:28.599668,2026-08-13 17:24:31.809330,3.209662,1463687,2990,47,47
mv_tbl__quotes_daily__0                                                                                                                 ,230009,Delete                        ,t,[VacuumBG] Started Delete Only,2026-08-13 17:24:28.599668,,0.0,1496090,2988,47,0
mv_tbl__quotes_daily__0                                                                                                                 ,230009,Delete                        ,t,[VacuumBG] Finished           ,2026-08-13 17:26:01.049013,2026-08-13 17:26:02.040733,0.99172,1464889,2988,47,47
mv_tbl__quotes_daily__0                                                                                                                 ,230009,Delete                        ,t,[VacuumBG] Started Delete Only,2026-08-13 17:26:01.049013,,0.0,1473794,2988,47,0
mv_tbl__quotes_daily__0                                                                                                                 ,230009,Delete                        ,t,[VacuumBG] Finished           ,2026-08-13 17:27:28.492855,2026-08-13 17:27:31.705689,3.212834,1464653,2988,47,47
mv_tbl__quotes_daily__0                                                                                                                 ,230009,Delete                        ,t,[VacuumBG] Started Delete Only,2026-08-13 17:27:28.492855,,0.0,1485330,2988,47,0
mv_tbl__quotes_daily__0                                                                                                                 ,230009,Delete                        ,t,[VacuumBG] Finished           ,2026-08-13 17:29:00.493918,2026-08-13 17:29:02.484879,1.990961,1466784,2988,47,47
mv_tbl__quotes_daily__0                                                                                                                 ,230009,Delete                        ,t,[VacuumBG] Started Delete Only,2026-08-13 17:29:00.493918,,0.0,1474869,2988,47,0
mv_tbl__quotes_daily__0                                                                                                                 ,230009,Delete                        ,t,[VacuumBG] Started Delete Only,2026-08-13 17:30:29.249534,,0.0,1487140,2988,47,0
mv_tbl__quotes_daily__0                                                                                                                 ,230009,Delete                        ,t,[VacuumBG] Finished           ,2026-08-13 17:30:29.249534,2026-08-13 17:30:32.392922,3.143388,1479110,2990,47,47
mv_tbl__quotes_daily__0                                                                                                                 ,230009,Delete                        ,t,[VacuumBG] Started Delete Only,2026-08-13 17:31:59.265111,,0.0,1489282,2988,47,0
mv_tbl__quotes_daily__0                                                                                                                 ,230009,Delete                        ,t,[VacuumBG] Finished           ,2026-08-13 17:31:59.265111,2026-08-13 17:32:02.774485,3.509374,1465992,2990,47,47
mv_tbl__quotes_daily__0                                                                                                                 ,230009,Delete                        ,t,[VacuumBG] Finished           ,2026-08-13 17:33:29.182845,2026-08-13 17:33:31.452705,2.26986,1465133,2988,47,47
mv_tbl__quotes_daily__0                                                                                                                 ,230009,Delete                        ,t,[VacuumBG] Started Delete Only,2026-08-13 17:33:29.182845,,0.0,1486511,2988,47,0
mv_tbl__quotes_daily__0                                                                                                                 ,230009,Delete                        ,t,[VacuumBG] Finished           ,2026-08-13 17:34:59.774511,2026-08-13 17:35:00.728110,0.953599,1474822,2988,47,47
mv_tbl__quotes_daily__0                                                                                                                 ,230009,Delete                        ,t,[VacuumBG] Started Delete Only,2026-08-13 17:34:59.774511,,0.0,1478707,2988,47,0
mv_tbl__quotes_daily__0                                                                                                                 ,230009,Delete                        ,t,[VacuumBG] Started Delete Only,2026-08-13 17:36:28.612387,,0.0,1513644,2988,47,0
mv_tbl__quotes_daily__0                                                                                                                 ,230009,Delete                        ,t,[VacuumBG] Finished           ,2026-08-13 17:36:28.612387,2026-08-13 17:36:31.943613,3.331226,1477446,2990,47,47
mv_tbl__quotes_daily__0                                                                                                                 ,230009,Delete                        ,t,[VacuumBG] Started Delete Only,2026-08-13 17:38:00.067740,,0.0,1487641,2988,47,0
mv_tbl__quotes_daily__0                                                                                                                 ,230009,Delete                        ,t,[VacuumBG] Finished           ,2026-08-13 17:38:00.067740,2026-08-13 17:38:01.831621,1.763881,1476284,2988,47,47
mv_tbl__quotes_daily__0                                                                                                                 ,230009,Delete                        ,t,[VacuumBG] Started Delete Only,2026-08-13 17:39:28.710515,,0.0,1496541,2988,47,0
mv_tbl__quotes_daily__0                                                                                                                 ,230009,Delete                        ,t,[VacuumBG] Finished           ,2026-08-13 17:39:28.710515,2026-08-13 17:39:30.517759,1.807244,1489286,2988,47,47
mv_tbl__quotes_daily__0                                                                                                                 ,230009,Delete                        ,t,[VacuumBG] Started Delete Only,2026-08-13 17:40:59.557743,,0.0,1499424,2988,47,0
mv_tbl__quotes_daily__0                                                                                                                 ,230009,Delete                        ,t,[VacuumBG] Finished           ,2026-08-13 17:40:59.557743,2026-08-13 17:41:01.661060,2.103317,1485224,2988,47,47
mv_tbl__quotes_daily__0                                                                                                                 ,230009,Delete                        ,t,[VacuumBG] Started Delete Only,2026-08-13 17:42:30.198420,,0.0,1505617,2988,47,0
mv_tbl__quotes_daily__0                                                                                                                 ,230009,Delete                        ,t,[VacuumBG] Finished           ,2026-08-13 17:42:30.198420,2026-08-13 17:42:33.607727,3.409307,1493656,2990,47,47
mv_tbl__quotes_daily__0                                                                                                                 ,230009,Delete                        ,t,[VacuumBG] Started Delete Only,2026-08-13 17:43:58.828519,,0.0,1503929,2988,47,0
mv_tbl__quotes_daily__0                                                                                                                 ,230009,Delete                        ,t,[VacuumBG] Finished           ,2026-08-13 17:43:58.828519,2026-08-13 17:44:03.280203,4.451684,1468374,2989,47,47
mv_tbl__quotes_daily__0                                                                                                                 ,230009,Delete                        ,t,[VacuumBG] Started Delete Only,2026-08-13 17:45:28.841332,,0.0,1488834,2988,47,0
mv_tbl__quotes_daily__0                                                                                                                 ,230009,Delete                        ,t,[VacuumBG] Finished           ,2026-08-13 17:45:28.841332,2026-08-13 17:45:31.402900,2.561568,1486548,2988,47,47
mv_tbl__quotes_daily__0                                                                                                                 ,230009,Delete                        ,t,[VacuumBG] Started Delete Only,2026-08-13 17:46:58.897893,,0.0,1496808,2988,47,0
mv_tbl__quotes_daily__0                                                                                                                 ,230009,Delete                        ,t,[VacuumBG] Finished           ,2026-08-13 17:46:58.897893,2026-08-13 17:47:01.101034,2.203141,1483432,2988,47,47
mv_tbl__quotes_daily__0                                                                                                                 ,230009,Delete                        ,t,[VacuumBG] Finished           ,2026-08-13 17:48:30.356995,2026-08-13 17:48:33.301104,2.944109,1506373,2989,47,47
mv_tbl__quotes_daily__0                                                                                                                 ,230009,Delete                        ,t,[VacuumBG] Started Delete Only,2026-08-13 17:48:30.356995,,0.0,1521427,2988,47,0
mv_tbl__quotes_daily__0                                                                                                                 ,230009,Delete                        ,t,[VacuumBG] Finished           ,2026-08-13 17:50:00.027752,2026-08-13 17:50:03.826702,3.79895,1487253,2990,47,47
mv_tbl__quotes_daily__0                                                                                                                 ,230009,Delete                        ,t,[VacuumBG] Started Delete Only,2026-08-13 17:50:00.027752,,0.0,1526085,2988,47,0
mv_tbl__quotes_daily__0                                                                                                                 ,230009,Delete                        ,t,[VacuumBG] Started Delete Only,2026-08-13 17:51:28.869590,,0.0,1507625,2988,47,0
mv_tbl__quotes_daily__0                                                                                                                 ,230009,Delete                        ,t,[VacuumBG] Finished           ,2026-08-13 17:51:28.869590,2026-08-13 17:51:31.258228,2.388638,1500049,2988,47,47
mv_tbl__quotes_daily__0                                                                                                                 ,230009,Delete                        ,t,[VacuumBG] Finished           ,2026-08-13 17:53:00.141911,2026-08-13 17:53:02.696230,2.554319,1491441,2988,47,47
mv_tbl__quotes_daily__0                                                                                                                 ,230009,Delete                        ,t,[VacuumBG] Started Delete Only,2026-08-13 17:53:00.141911,,0.0,1510241,2988,47,0
mv_tbl__quotes_daily__0                                                                                                                 ,230009,Delete                        ,t,[VacuumBG] Finished           ,2026-08-13 17:54:29.996988,2026-08-13 17:54:32.526904,2.529916,1509475,2988,47,47
mv_tbl__quotes_daily__0                                                                                                                 ,230009,Delete                        ,t,[VacuumBG] Started Delete Only,2026-08-13 17:54:29.996988,,0.0,1511917,2988,47,0
mv_tbl__quotes_daily__0                                                                                                                 ,230009,Delete                        ,t,[VacuumBG] Finished           ,2026-08-13 17:55:59.056852,2026-08-13 17:56:01.276284,2.219432,1493849,2988,47,47
mv_tbl__quotes_daily__0                                                                                                                 ,230009,Delete                        ,t,[VacuumBG] Started Delete Only,2026-08-13 17:55:59.056852,,0.0,1519780,2988,47,0
mv_tbl__quotes_daily__0                                                                                                                 ,230009,Delete                        ,t,[VacuumBG] Finished           ,2026-08-13 17:57:29.468068,2026-08-13 17:57:31.994302,2.526234,1502739,2990,47,47
mv_tbl__quotes_daily__0                                                                                                                 ,230009,Delete                        ,t,[VacuumBG] Started Delete Only,2026-08-13 17:57:29.468068,,0.0,1514499,2988,47,0
mv_tbl__quotes_daily__0                                                                                                                 ,230009,Delete                        ,t,[VacuumBG] Started Delete Only,2026-08-13 17:58:58.969306,,0.0,1513178,2988,47,0
mv_tbl__quotes_daily__0                                                                                                                 ,230009,Delete                        ,t,[VacuumBG] Finished           ,2026-08-13 17:58:58.969306,2026-08-13 17:59:01.461875,2.492569,1495487,2988,47,47
mv_tbl__quotes_daily__0                                                                                                                 ,230009,Delete                        ,t,[VacuumBG] Finished           ,2026-08-13 18:00:29.225825,2026-08-13 18:00:32.020938,2.795113,1527945,2988,47,47
mv_tbl__quotes_daily__0                                                                                                                 ,230009,Delete                        ,t,[VacuumBG] Started Delete Only,2026-08-13 18:00:29.225825,,0.0,1534775,2988,47,0
mv_tbl__quotes_daily__0                                                                                                                 ,230009,Delete                        ,t,[VacuumBG] Finished           ,2026-08-13 18:01:59.083817,2026-08-13 18:02:04.126379,5.042562,1500070,2990,47,47
mv_tbl__quotes_daily__0                                                                                                                 ,230009,Delete                        ,t,[VacuumBG] Started Delete Only,2026-08-13 18:01:59.083817,,0.0,1538736,2988,47,0
mv_tbl__quotes_daily__0                                                                                                                 ,230009,Delete                        ,t,[VacuumBG] Finished           ,2026-08-13 18:03:28.943132,2026-08-13 18:03:31.651358,2.708226,1503671,2988,47,47
mv_tbl__quotes_daily__0                                                                                                                 ,230009,Delete                        ,t,[VacuumBG] Started Delete Only,2026-08-13 18:03:28.943132,,0.0,1520540,2988,47,0
mv_tbl__quotes_daily__0                                                                                                                 ,230009,Delete                        ,t,[VacuumBG] Started Delete Only,2026-08-13 18:04:58.984670,,0.0,1513826,2988,47,0
mv_tbl__quotes_daily__0                                                                                                                 ,230009,Delete                        ,t,[VacuumBG] Finished           ,2026-08-13 18:04:58.984670,2026-08-13 18:05:00.269619,1.284949,1505466,2988,47,47
mv_tbl__quotes_daily__0                                                                                                                 ,230009,Delete                        ,t,[VacuumBG] Started Delete Only,2026-08-13 18:06:30.250668,,0.0,1525868,2988,47,0
mv_tbl__quotes_daily__0                                                                                                                 ,230009,Delete                        ,t,[VacuumBG] Finished           ,2026-08-13 18:06:30.250668,2026-08-13 18:06:32.058848,1.80818,1522723,2988,47,47
mv_tbl__quotes_daily__0                                                                                                                 ,230009,Delete                        ,t,[VacuumBG] Started Delete Only,2026-08-13 18:08:00.721406,,0.0,1532954,2988,47,0
mv_tbl__quotes_daily__0                                                                                                                 ,230009,Delete                        ,t,[VacuumBG] Finished           ,2026-08-13 18:08:00.721406,2026-08-13 18:08:04.497801,3.776395,1504301,2990,47,47
mv_tbl__quotes_daily__0                                                                                                                 ,230009,Delete                        ,t,[VacuumBG] Started Delete Only,2026-08-13 18:09:29.991007,,0.0,1524795,2988,47,0
mv_tbl__quotes_daily__0                                                                                                                 ,230009,Delete                        ,t,[VacuumBG] Finished           ,2026-08-13 18:09:29.991007,2026-08-13 18:09:32.481581,2.490574,1500989,2988,47,47
mv_tbl__quotes_daily__0                                                                                                                 ,230009,Delete                        ,t,[VacuumBG] Finished           ,2026-08-13 18:10:59.056015,2026-08-13 18:11:00.772858,1.716843,1507115,2988,47,47
mv_tbl__quotes_daily__0                                                                                                                 ,230009,Delete                        ,t,[VacuumBG] Started Delete Only,2026-08-13 18:10:59.056015,,0.0,1511234,2988,47,0
mv_tbl__quotes_daily__0                                                                                                                 ,230009,Delete                        ,t,[VacuumBG] Finished           ,2026-08-13 18:12:30.112323,2026-08-13 18:12:31.882293,1.76997,1517362,2988,47,47
mv_tbl__quotes_daily__0                                                                                                                 ,230009,Delete                        ,t,[VacuumBG] Started Delete Only,2026-08-13 18:12:30.112323,,0.0,1539175,2988,47,0
mv_tbl__quotes_daily__0                                                                                                                 ,230009,Delete                        ,t,[VacuumBG] Started Delete Only,2026-08-13 18:13:59.782659,,0.0,1538068,2988,47,0
mv_tbl__quotes_daily__0                                                                                                                 ,230009,Delete                        ,t,[VacuumBG] Finished           ,2026-08-13 18:13:59.782659,2026-08-13 18:14:04.496838,4.714179,1512769,2990,47,47
mv_tbl__quotes_daily__0                                                                                                                 ,230009,Delete                        ,t,[VacuumBG] Finished           ,2026-08-13 18:15:29.627430,2026-08-13 18:15:31.859912,2.232482,1526281,2988,47,47
mv_tbl__quotes_daily__0                                                                                                                 ,230009,Delete                        ,t,[VacuumBG] Started Delete Only,2026-08-13 18:15:29.627430,,0.0,1533299,2988,47,0
mv_tbl__quotes_daily__0                                                                                                                 ,230009,Delete                        ,t,[VacuumBG] Finished           ,2026-08-13 18:17:00.290639,2026-08-13 18:17:02.275289,1.98465,1517977,2988,47,47
mv_tbl__quotes_daily__0                                                                                                                 ,230009,Delete                        ,t,[VacuumBG] Started Delete Only,2026-08-13 18:17:00.290639,,0.0,1536513,2988,47,0
mv_tbl__quotes_daily__0                                                                                                                 ,230009,Delete                        ,t,[VacuumBG] Finished           ,2026-08-13 18:18:29.146487,2026-08-13 18:18:31.106363,1.959876,1526930,2988,47,47
mv_tbl__quotes_daily__0                                                                                                                 ,230009,Delete                        ,t,[VacuumBG] Started Delete Only,2026-08-13 18:18:29.146487,,0.0,1538531,2988,47,0
mv_tbl__quotes_daily__0                                                                                                                 ,230009,Delete                        ,t,[VacuumBG] Started Delete Only,2026-08-13 18:20:00.614703,,0.0,1537237,2988,47,0
mv_tbl__quotes_daily__0                                                                                                                 ,230009,Delete                        ,t,[VacuumBG] Finished           ,2026-08-13 18:20:00.614703,2026-08-13 18:20:02.855937,2.241234,1522059,2989,47,47
mv_tbl__quotes_daily__0                                                                                                                 ,230009,Delete                        ,t,[VacuumBG] Started Delete Only,2026-08-13 18:21:31.072697,,0.0,1542768,2988,47,0
mv_tbl__quotes_daily__0                                                                                                                 ,230009,Delete                        ,t,[VacuumBG] Finished           ,2026-08-13 18:21:31.072697,2026-08-13 18:21:33.001475,1.928778,1513241,2989,47,47
mv_tbl__quotes_daily__0                                                                                                                 ,230009,Delete                        ,t,[VacuumBG] Finished           ,2026-08-13 18:23:00.546224,2026-08-13 18:23:03.645067,3.098843,1515006,2988,47,47
mv_tbl__quotes_daily__0                                                                                                                 ,230009,Delete                        ,t,[VacuumBG] Started Delete Only,2026-08-13 18:23:00.546224,,0.0,1523632,2988,47,0
mv_tbl__quotes_daily__0                                                                                                                 ,230009,Delete                        ,t,[VacuumBG] Finished           ,2026-08-13 18:24:29.339932,2026-08-13 18:24:31.381187,2.041255,1530536,2989,47,47
mv_tbl__quotes_daily__0                                                                                                                 ,230009,Delete                        ,t,[VacuumBG] Started Delete Only,2026-08-13 18:24:29.339932,,0.0,1551148,2988,47,0
mv_tbl__quotes_daily__0                                                                                                                 ,230009,Delete                        ,t,[VacuumBG] Started Delete Only,2026-08-13 18:25:59.182794,,0.0,1550891,2988,47,0
mv_tbl__quotes_daily__0                                                                                                                 ,230009,Delete                        ,t,[VacuumBG] Finished           ,2026-08-13 18:25:59.182794,2026-08-13 18:26:01.192340,2.009546,1524257,2988,47,47
mv_tbl__quotes_daily__0                                                                                                                 ,230009,Delete                        ,t,[VacuumBG] Started Delete Only,2026-08-13 18:27:31.041291,,0.0,1544891,2988,47,0
mv_tbl__quotes_daily__0                                                                                                                 ,230009,Delete                        ,t,[VacuumBG] Finished           ,2026-08-13 18:27:31.041291,2026-08-13 18:27:33.620764,2.579473,1537814,2989,47,47
mv_tbl__quotes_daily__0                                                                                                                 ,230009,Delete                        ,t,[VacuumBG] Started Delete Only,2026-08-13 18:29:01.085820,,0.0,1548031,2988,47,0
mv_tbl__quotes_daily__0                                                                                                                 ,230009,Delete                        ,t,[VacuumBG] Finished           ,2026-08-13 18:29:01.085820,2026-08-13 18:29:03.135516,2.049696,1530673,2989,47,47
mv_tbl__quotes_daily__0                                                                                                                 ,230009,Delete                        ,t,[VacuumBG] Started Delete Only,2026-08-13 18:30:29.337812,,0.0,1551018,2988,47,0
mv_tbl__quotes_daily__0                                                                                                                 ,230009,Delete                        ,t,[VacuumBG] Finished           ,2026-08-13 18:30:29.337812,2026-08-13 18:30:32.584038,3.246226,1521735,2988,47,47
mv_tbl__quotes_daily__0                                                                                                                 ,230009,Delete                        ,t,[VacuumBG] Started Delete Only,2026-08-13 18:31:59.400055,,0.0,1541923,2988,47,0
mv_tbl__quotes_daily__0                                                                                                                 ,230009,Delete                        ,t,[VacuumBG] Finished           ,2026-08-13 18:31:59.400055,2026-08-13 18:32:01.589972,2.189917,1528159,2989,47,47
mv_tbl__quotes_daily__0                                                                                                                 ,230009,Delete                        ,t,[VacuumBG] Started Delete Only,2026-08-13 18:33:30.207241,,0.0,1538137,2988,47,0
mv_tbl__quotes_daily__0                                                                                                                 ,230009,Delete                        ,t,[VacuumBG] Finished           ,2026-08-13 18:33:30.207241,2026-08-13 18:33:31.134159,0.926918,1532882,2988,47,47
mv_tbl__quotes_daily__0                                                                                                                 ,230009,Delete                        ,t,[VacuumBG] Started Delete Only,2026-08-13 18:35:00.912976,,0.0,1553152,2988,47,0
mv_tbl__quotes_daily__0                                                                                                                 ,230009,Delete                        ,t,[VacuumBG] Finished           ,2026-08-13 18:35:00.912976,2026-08-13 18:35:04.282671,3.369695,1524552,2989,47,47
mv_tbl__quotes_daily__0                                                                                                                 ,230009,Delete                        ,t,[VacuumBG] Started Delete Only,2026-08-13 18:36:30.367951,,0.0,1540802,2988,47,0
mv_tbl__quotes_daily__0                                                                                                                 ,230009,Delete                        ,t,[VacuumBG] Finished           ,2026-08-13 18:36:30.367951,2026-08-13 18:36:31.863410,1.495459,1540802,2988,47,47
mv_tbl__quotes_daily__0                                                                                                                 ,230009,Delete                        ,t,[VacuumBG] Finished           ,2026-08-13 18:38:00.421468,2026-08-13 18:38:03.818410,3.396942,1537597,2988,47,47
mv_tbl__quotes_daily__0                                                                                                                 ,230009,Delete                        ,t,[VacuumBG] Started Delete Only,2026-08-13 18:38:00.421468,,0.0,1562324,2988,47,0
mv_tbl__quotes_daily__0                                                                                                                 ,230009,Delete                        ,t,[VacuumBG] Finished           ,2026-08-13 18:39:29.469471,2026-08-13 18:39:31.857053,2.387582,1553345,2989,47,47
mv_tbl__quotes_daily__0                                                                                                                 ,230009,Delete                        ,t,[VacuumBG] Started Delete Only,2026-08-13 18:39:29.469471,,0.0,1564306,2988,47,0
mv_tbl__quotes_daily__0                                                                                                                 ,230009,Delete                        ,t,[VacuumBG] Started Delete Only,2026-08-13 18:40:59.543851,,0.0,1573715,2988,47,0
mv_tbl__quotes_daily__0                                                                                                                 ,230009,Delete                        ,t,[VacuumBG] Finished           ,2026-08-13 18:40:59.543851,2026-08-13 18:41:01.999411,2.45556,1535005,2988,47,47
mv_tbl__quotes_daily__0                                                                                                                 ,230009,Delete                        ,t,[VacuumBG] Started Delete Only,2026-08-13 18:42:30.205785,,0.0,1545194,2988,47,0
mv_tbl__quotes_daily__0                                                                                                                 ,230009,Delete                        ,t,[VacuumBG] Finished           ,2026-08-13 18:42:30.205785,2026-08-13 18:42:32.598009,2.392224,1545194,2988,47,47
mv_tbl__quotes_daily__0                                                                                                                 ,230009,Delete                        ,t,[VacuumBG] Started Delete Only,2026-08-13 18:44:00.063204,,0.0,1555436,2988,47,0
mv_tbl__quotes_daily__0                                                                                                                 ,230009,Delete                        ,t,[VacuumBG] Finished           ,2026-08-13 18:44:00.063204,2026-08-13 18:44:02.366202,2.302998,1535704,2988,47,47
mv_tbl__quotes_daily__0                                                                                                                 ,230009,Delete                        ,t,[VacuumBG] Started Delete Only,2026-08-13 18:45:30.528246,,0.0,1556189,2988,47,0
mv_tbl__quotes_daily__0                                                                                                                 ,230009,Delete                        ,t,[VacuumBG] Finished           ,2026-08-13 18:45:30.528246,2026-08-13 18:45:32.418515,1.890269,1553275,2989,47,47
mv_tbl__quotes_daily__0                                                                                                                 ,230009,Delete                        ,t,[VacuumBG] Finished           ,2026-08-13 18:47:01.819236,2026-08-13 18:47:04.673021,2.853785,1541656,2990,47,47
mv_tbl__quotes_daily__0                                                                                                                 ,230009,Delete                        ,t,[VacuumBG] Started Delete Only,2026-08-13 18:47:01.819236,,0.0,1563620,2988,47,0
mv_tbl__quotes_daily__0                                                                                                                 ,230009,Delete                        ,t,[VacuumBG] Finished           ,2026-08-13 18:48:30.685048,2026-08-13 18:48:33.449183,2.764135,1541592,2988,47,47
mv_tbl__quotes_daily__0                                                                                                                 ,230009,Delete                        ,t,[VacuumBG] Started Delete Only,2026-08-13 18:48:30.685048,,0.0,1563588,2988,47,0
mv_tbl__quotes_daily__0                                                                                                                 ,230009,Delete                        ,t,[VacuumBG] Finished           ,2026-08-13 18:50:01.162102,2026-08-13 18:50:03.639867,2.477765,1549408,2988,47,47
mv_tbl__quotes_daily__0                                                                                                                 ,230009,Delete                        ,t,[VacuumBG] Started Delete Only,2026-08-13 18:50:01.162102,,0.0,1561707,2988,47,0
mv_tbl__quotes_daily__0                                                                                                                 ,230009,Delete                        ,t,[VacuumBG] Finished           ,2026-08-13 18:51:29.593778,2026-08-13 18:51:31.956932,2.363154,1560462,2988,47,47
mv_tbl__quotes_daily__0                                                                                                                 ,230009,Delete                        ,t,[VacuumBG] Started Delete Only,2026-08-13 18:51:29.593778,,0.0,1585443,2988,47,0
mv_tbl__quotes_daily__0                                                                                                                 ,230009,Delete                        ,t,[VacuumBG] Started Delete Only,2026-08-13 18:52:59.661665,,0.0,1570709,2988,47,0
mv_tbl__quotes_daily__0                                                                                                                 ,230009,Delete                        ,t,[VacuumBG] Finished           ,2026-08-13 18:52:59.661665,2026-08-13 18:53:02.838063,3.176398,1554526,2990,47,47
mv_tbl__quotes_daily__0                                                                                                                 ,230009,Delete                        ,t,[VacuumBG] Started Delete Only,2026-08-13 18:54:31.110709,,0.0,1575072,2988,47,0
mv_tbl__quotes_daily__0                                                                                                                 ,230009,Delete                        ,t,[VacuumBG] Finished           ,2026-08-13 18:54:31.110709,2026-08-13 18:54:33.856007,2.745298,1553969,2988,47,47
mv_tbl__quotes_daily__0                                                                                                                 ,230009,Delete                        ,t,[VacuumBG] Started Delete Only,2026-08-13 18:55:59.569582,,0.0,1564270,2988,47,0
mv_tbl__quotes_daily__0                                                                                                                 ,230009,Delete                        ,t,[VacuumBG] Finished           ,2026-08-13 18:55:59.569582,2026-08-13 18:56:01.274916,1.705334,1559221,2988,47,47
mv_tbl__quotes_daily__0                                                                                                                 ,230009,Delete                        ,t,[VacuumBG] Finished           ,2026-08-13 18:57:29.614208,2026-08-13 18:57:32.802399,3.188191,1571797,2988,47,47
mv_tbl__quotes_daily__0                                                                                                                 ,230009,Delete                        ,t,[VacuumBG] Started Delete Only,2026-08-13 18:57:29.614208,,0.0,1579955,2988,47,0
mv_tbl__quotes_daily__0                                                                                                                 ,230009,Delete                        ,t,[VacuumBG] Finished           ,2026-08-13 18:59:01.485325,2026-08-13 18:59:03.919777,2.434452,1564145,2988,47,47
mv_tbl__quotes_daily__0                                                                                                                 ,230009,Delete                        ,t,[VacuumBG] Started Delete Only,2026-08-13 18:59:01.485325,,0.0,1582187,2988,47,0
mv_tbl__quotes_daily__0                                                                                                                 ,230009,Delete                        ,t,[VacuumBG] Finished           ,2026-08-13 19:00:30.737208,2026-08-13 19:00:33.212026,2.474818,1553745,2989,47,47
mv_tbl__quotes_daily__0                                                                                                                 ,230009,Delete                        ,t,[VacuumBG] Started Delete Only,2026-08-13 19:00:30.737208,,0.0,1590874,2988,47,0
mv_tbl__quotes_daily__0                                                                                                                 ,230009,Delete                        ,t,[VacuumBG] Finished           ,2026-08-13 19:02:00.804714,2026-08-13 19:02:02.973427,2.168713,1564636,2989,47,47
mv_tbl__quotes_daily__0                                                                                                                 ,230009,Delete                        ,t,[VacuumBG] Started Delete Only,2026-08-13 19:02:00.804714,,0.0,1573950,2988,47,0
mv_tbl__quotes_daily__0                                                                                                                 ,230009,Delete                        ,t,[VacuumBG] Started Delete Only,2026-08-13 19:03:29.666777,,0.0,1587302,2988,47,0
mv_tbl__quotes_daily__0                                                                                                                 ,230009,Delete                        ,t,[VacuumBG] Finished           ,2026-08-13 19:03:29.666777,2026-08-13 19:03:32.745953,3.079176,1577778,2988,47,47
mv_tbl__quotes_daily__0                                                                                                                 ,230009,Delete                        ,t,[VacuumBG] Started Delete Only,2026-08-13 19:05:01.212991,,0.0,1587991,2988,47,0
mv_tbl__quotes_daily__0                                                                                                                 ,230009,Delete                        ,t,[VacuumBG] Finished           ,2026-08-13 19:05:01.212991,2026-08-13 19:05:03.116360,1.903369,1565805,2988,47,47
mv_tbl__quotes_daily__0                                                                                                                 ,230009,Delete                        ,t,[VacuumBG] Started Delete Only,2026-08-13 19:06:30.118884,,0.0,1586218,2988,47,0
mv_tbl__quotes_daily__0                                                                                                                 ,230009,Delete                        ,t,[VacuumBG] Finished           ,2026-08-13 19:06:30.118884,2026-08-13 19:06:32.165207,2.046323,1568897,2988,47,47
mv_tbl__quotes_daily__0                                                                                                                 ,230009,Delete                        ,t,[VacuumBG] Finished           ,2026-08-13 19:08:00.856410,2026-08-13 19:08:03.079727,2.223317,1567369,2988,47,47
mv_tbl__quotes_daily__0                                                                                                                 ,230009,Delete                        ,t,[VacuumBG] Started Delete Only,2026-08-13 19:08:00.856410,,0.0,1579162,2988,47,0
mv_tbl__quotes_daily__0                                                                                                                 ,230009,Delete                        ,t,[VacuumBG] Finished           ,2026-08-13 19:09:29.707859,2026-08-13 19:09:31.296112,1.588253,1576747,2988,47,47
mv_tbl__quotes_daily__0                                                                                                                 ,230009,Delete                        ,t,[VacuumBG] Started Delete Only,2026-08-13 19:09:29.707859,,0.0,1588070,2988,47,0
mv_tbl__quotes_daily__0                                                                                                                 ,230009,Delete                        ,t,[VacuumBG] Finished           ,2026-08-13 19:10:59.769336,2026-08-13 19:11:01.567301,1.797965,1571522,2988,47,47
mv_tbl__quotes_daily__0                                                                                                                 ,230009,Delete                        ,t,[VacuumBG] Started Delete Only,2026-08-13 19:10:59.769336,,0.0,1587058,2988,47,0
mv_tbl__quotes_daily__0                                                                                                                 ,230009,Delete                        ,t,[VacuumBG] Finished           ,2026-08-13 19:12:31.232997,2026-08-13 19:12:33.537183,2.304186,1585285,2988,47,47
mv_tbl__quotes_daily__0                                                                                                                 ,230009,Delete                        ,t,[VacuumBG] Started Delete Only,2026-08-13 19:12:31.232997,,0.0,1597382,2988,47,0
mv_tbl__quotes_daily__0                                                                                                                 ,230009,Delete                        ,t,[VacuumBG] Started Delete Only,2026-08-13 19:14:00.870714,,0.0,1605411,2988,47,0
mv_tbl__quotes_daily__0                                                                                                                 ,230009,Delete                        ,t,[VacuumBG] Finished           ,2026-08-13 19:14:00.870714,2026-08-13 19:14:03.155405,2.284691,1572732,2988,47,47
mv_tbl__quotes_daily__0                                                                                                                 ,230009,Delete                        ,t,[VacuumBG] Started Delete Only,2026-08-13 19:15:30.125407,,0.0,1602869,2988,47,0
mv_tbl__quotes_daily__0                                                                                                                 ,230009,Delete                        ,t,[VacuumBG] Finished           ,2026-08-13 19:15:30.125407,2026-08-13 19:15:32.967484,2.842077,1584957,2989,47,47
mv_tbl__quotes_daily__0                                                                                                                 ,230009,Delete                        ,t,[VacuumBG] Started Delete Only,2026-08-13 19:16:59.771519,,0.0,1595286,2988,47,0
mv_tbl__quotes_daily__0                                                                                                                 ,230009,Delete                        ,t,[VacuumBG] Finished           ,2026-08-13 19:16:59.771519,2026-08-13 19:17:02.000181,2.228662,1583694,2988,47,47
mv_tbl__quotes_daily__0                                                                                                                 ,230009,Delete                        ,t,[VacuumBG] Started Delete Only,2026-08-13 19:18:30.428516,,0.0,1604317,2988,47,0
mv_tbl__quotes_daily__0                                                                                                                 ,230009,Delete                        ,t,[VacuumBG] Finished           ,2026-08-13 19:18:30.428516,2026-08-13 19:18:32.381399,1.952883,1576037,2989,47,47
mv_tbl__quotes_daily__0                                                                                                                 ,230009,Delete                        ,t,[VacuumBG] Started Delete Only,2026-08-13 19:20:00.089342,,0.0,1586350,2988,47,0
mv_tbl__quotes_daily__0                                                                                                                 ,230009,Delete                        ,t,[VacuumBG] Finished           ,2026-08-13 19:20:00.089342,2026-08-13 19:20:01.303025,1.213683,1578230,2988,47,47
mv_tbl__quotes_daily__0                                                                                                                 ,230009,Delete                        ,t,[VacuumBG] Started Delete Only,2026-08-13 19:21:32.160483,,0.0,1598964,2988,47,0
mv_tbl__quotes_daily__0                                                                                                                 ,230009,Delete                        ,t,[VacuumBG] Finished           ,2026-08-13 19:21:32.160483,2026-08-13 19:21:33.158038,0.997555,1585756,2988,47,47
mv_tbl__quotes_daily__0                                                                                                                 ,230009,Delete                        ,t,[VacuumBG] Finished           ,2026-08-13 19:23:00.606788,2026-08-13 19:23:03.697811,3.091023,1576419,2988,47,47
mv_tbl__quotes_daily__0                                                                                                                 ,230009,Delete                        ,t,[VacuumBG] Started Delete Only,2026-08-13 19:23:00.606788,,0.0,1596131,2988,47,0
mv_tbl__quotes_daily__0                                                                                                                 ,230009,Delete                        ,t,[VacuumBG] Finished           ,2026-08-13 19:24:33.061472,2026-08-13 19:24:34.989648,1.928176,1576138,2988,47,47
mv_tbl__quotes_daily__0                                                                                                                 ,230009,Delete                        ,t,[VacuumBG] Started Delete Only,2026-08-13 19:24:33.061472,,0.0,1599313,2988,47,0
mv_tbl__quotes_daily__0                                                                                                                 ,230009,Delete                        ,t,[VacuumBG] Started Delete Only,2026-08-13 19:25:59.876907,,0.0,1594926,2988,47,0
mv_tbl__quotes_daily__0                                                                                                                 ,230009,Delete                        ,t,[VacuumBG] Finished           ,2026-08-13 19:25:59.876907,2026-08-13 19:26:01.031825,1.154918,1587767,2988,47,47
mv_tbl__quotes_daily__0                                                                                                                 ,230009,Delete                        ,t,[VacuumBG] Started Delete Only,2026-08-13 19:27:30.759641,,0.0,1619606,2988,47,0
mv_tbl__quotes_daily__0                                                                                                                 ,230009,Delete                        ,t,[VacuumBG] Finished           ,2026-08-13 19:27:30.759641,2026-08-13 19:27:32.609894,1.850253,1602193,2989,47,47
mv_tbl__quotes_daily__0                                                                                                                 ,230009,Delete                        ,t,[VacuumBG] Started Delete Only,2026-08-13 19:29:00.002756,,0.0,1612458,2988,47,0
mv_tbl__quotes_daily__0                                                                                                                 ,230009,Delete                        ,t,[VacuumBG] Finished           ,2026-08-13 19:29:00.002756,2026-08-13 19:29:02.376012,2.373256,1591445,2989,47,47
mv_tbl__quotes_daily__0                                                                                                                 ,230009,Delete                        ,t,[VacuumBG] Started Delete Only,2026-08-13 19:30:30.086569,,0.0,1612052,2988,47,0
mv_tbl__quotes_daily__0                                                                                                                 ,230009,Delete                        ,t,[VacuumBG] Finished           ,2026-08-13 19:30:30.086569,2026-08-13 19:30:32.573600,2.487031,1601951,2988,47,47
mv_tbl__quotes_daily__0                                                                                                                 ,230009,Delete                        ,t,[VacuumBG] Started Delete Only,2026-08-13 19:32:01.320815,,0.0,1612297,2988,47,0
mv_tbl__quotes_daily__0                                                                                                                 ,230009,Delete                        ,t,[VacuumBG] Finished           ,2026-08-13 19:32:01.320815,2026-08-13 19:32:04.401286,3.080471,1586732,2988,47,47
mv_tbl__quotes_daily__0                                                                                                                 ,230009,Delete                        ,t,[VacuumBG] Started Delete Only,2026-08-13 19:33:32.999700,,0.0,1607459,2988,47,0
mv_tbl__quotes_daily__0                                                                                                                 ,230009,Delete                        ,t,[VacuumBG] Finished           ,2026-08-13 19:33:32.999700,2026-08-13 19:33:34.169757,1.170057,1602846,2988,47,47
mv_tbl__quotes_daily__0                                                                                                                 ,230009,Delete                        ,t,[VacuumBG] Started Delete Only,2026-08-13 19:35:00.444528,,0.0,1613251,2988,47,0
mv_tbl__quotes_daily__0                                                                                                                 ,230009,Delete                        ,t,[VacuumBG] Finished           ,2026-08-13 19:35:00.444528,2026-08-13 19:35:02.821097,2.376569,1591848,2988,47,47
mv_tbl__quotes_daily__0                                                                                                                 ,230009,Delete                        ,t,[VacuumBG] Finished           ,2026-08-13 19:36:30.246436,2026-08-13 19:36:32.841751,2.595315,1602923,2989,47,47
mv_tbl__quotes_daily__0                                                                                                                 ,230009,Delete                        ,t,[VacuumBG] Started Delete Only,2026-08-13 19:36:30.246436,,0.0,1612844,2988,47,0
mv_tbl__quotes_daily__0                                                                                                                 ,230009,Delete                        ,t,[VacuumBG] Finished           ,2026-08-13 19:38:00.135044,2026-08-13 19:38:03.494943,3.359899,1601461,2989,47,47
mv_tbl__quotes_daily__0                                                                                                                 ,230009,Delete                        ,t,[VacuumBG] Started Delete Only,2026-08-13 19:38:00.135044,,0.0,1623979,2988,47,0
mv_tbl__quotes_daily__0                                                                                                                 ,230009,Delete                        ,t,[VacuumBG] Started Delete Only,2026-08-13 19:39:30.598380,,0.0,1636964,2988,47,0
mv_tbl__quotes_daily__0                                                                                                                 ,230009,Delete                        ,t,[VacuumBG] Finished           ,2026-08-13 19:39:30.598380,2026-08-13 19:39:33.669393,3.071013,1618425,2988,47,47
mv_tbl__quotes_daily__0                                                                                                                 ,230009,Delete                        ,t,[VacuumBG] Started Delete Only,2026-08-13 19:41:02.056788,,0.0,1628742,2988,47,0
mv_tbl__quotes_daily__0                                                                                                                 ,230009,Delete                        ,t,[VacuumBG] Finished           ,2026-08-13 19:41:02.056788,2026-08-13 19:41:04.496851,2.440063,1600810,2989,47,47
mv_tbl__quotes_daily__0                                                                                                                 ,230009,Delete                        ,t,[VacuumBG] Started Delete Only,2026-08-13 19:42:30.116550,,0.0,1621526,2988,47,0
mv_tbl__quotes_daily__0                                                                                                                 ,230009,Delete                        ,t,[VacuumBG] Finished           ,2026-08-13 19:42:30.116550,2026-08-13 19:42:32.441267,2.324717,1599498,2988,47,47
mv_tbl__quotes_daily__0                                                                                                                 ,230009,Delete                        ,t,[VacuumBG] Finished           ,2026-08-13 19:44:00.156248,2026-08-13 19:44:01.805114,1.648866,1599467,2988,47,47
mv_tbl__quotes_daily__0                                                                                                                 ,230009,Delete                        ,t,[VacuumBG] Started Delete Only,2026-08-13 19:44:00.156248,,0.0,1609900,2988,47,0
mv_tbl__quotes_daily__0                                                                                                                 ,230009,Delete                        ,t,[VacuumBG] Finished           ,2026-08-13 19:45:31.815952,2026-08-13 19:45:34.297675,2.481723,1614477,2988,47,47
mv_tbl__quotes_daily__0                                                                                                                 ,230009,Delete                        ,t,[VacuumBG] Started Delete Only,2026-08-13 19:45:31.815952,,0.0,1620218,2988,47,0
mv_tbl__quotes_daily__0                                                                                                                 ,230009,Delete                        ,t,[VacuumBG] Finished           ,2026-08-13 19:47:02.273671,2026-08-13 19:47:05.274806,3.001135,1597674,2988,47,47
mv_tbl__quotes_daily__0                                                                                                                 ,230009,Delete                        ,t,[VacuumBG] Started Delete Only,2026-08-13 19:47:02.273671,,0.0,1624889,2988,47,0
mv_tbl__quotes_daily__0                                                                                                                 ,230009,Delete                        ,t,[VacuumBG] Finished           ,2026-08-13 19:48:30.530374,2026-08-13 19:48:33.057391,2.527017,1610496,2988,47,47
mv_tbl__quotes_daily__0                                                                                                                 ,230009,Delete                        ,t,[VacuumBG] Started Delete Only,2026-08-13 19:48:30.530374,,0.0,1618600,2988,47,0
mv_tbl__quotes_daily__0                                                                                                                 ,230009,Delete                        ,t,[VacuumBG] Started Delete Only,2026-08-13 19:50:01.183162,,0.0,1630579,2988,47,0
mv_tbl__quotes_daily__0                                                                                                                 ,230009,Delete                        ,t,[VacuumBG] Finished           ,2026-08-13 19:50:01.183162,2026-08-13 19:50:03.390048,2.206886,1613697,2988,47,47
mv_tbl__quotes_daily__0                                                                                                                 ,230009,Delete                        ,t,[VacuumBG] Finished           ,2026-08-13 19:51:31.842929,2026-08-13 19:51:33.917616,2.074687,1629713,2988,47,47
mv_tbl__quotes_daily__0                                                                                                                 ,230009,Delete                        ,t,[VacuumBG] Started Delete Only,2026-08-13 19:51:31.842929,,0.0,1649930,2988,47,0
mv_tbl__quotes_daily__0                                                                                                                 ,230009,Delete                        ,t,[VacuumBG] Finished           ,2026-08-13 19:53:00.297733,2026-08-13 19:53:02.587296,2.289563,1621092,2988,47,47
mv_tbl__quotes_daily__0                                                                                                                 ,230009,Delete                        ,t,[VacuumBG] Started Delete Only,2026-08-13 19:53:00.297733,,0.0,1640162,2988,47,0
mv_tbl__quotes_daily__0                                                                                                                 ,230009,Delete                        ,t,[VacuumBG] Started Delete Only,2026-08-13 19:54:31.353660,,0.0,1641875,2988,47,0
mv_tbl__quotes_daily__0                                                                                                                 ,230009,Delete                        ,t,[VacuumBG] Finished           ,2026-08-13 19:54:31.353660,2026-08-13 19:54:33.554159,2.200499,1618205,2990,47,47
mv_tbl__quotes_daily__0                                                                                                                 ,230009,Delete                        ,t,[VacuumBG] Started Delete Only,2026-08-13 19:56:00.204201,,0.0,1628541,2988,47,0
mv_tbl__quotes_daily__0                                                                                                                 ,230009,Delete                        ,t,[VacuumBG] Finished           ,2026-08-13 19:56:00.204201,2026-08-13 19:56:01.395324,1.191123,1617644,2988,47,47
mv_tbl__quotes_daily__0                                                                                                                 ,230009,Delete                        ,t,[VacuumBG] Started Delete Only,2026-08-13 19:57:31.252114,,0.0,1638302,2988,47,0
mv_tbl__quotes_daily__0                                                                                                                 ,230009,Delete                        ,t,[VacuumBG] Finished           ,2026-08-13 19:57:31.252114,2026-08-13 19:57:32.336624,1.08451,1623719,2988,47,47
mv_tbl__quotes_daily__0                                                                                                                 ,230009,Delete                        ,t,[VacuumBG] Started Delete Only,2026-08-13 19:59:00.929649,,0.0,1634113,2988,47,0
mv_tbl__quotes_daily__0                                                                                                                 ,230009,Delete                        ,t,[VacuumBG] Finished           ,2026-08-13 19:59:00.929649,2026-08-13 19:59:02.104756,1.175107,1619351,2988,47,47
mv_tbl__quotes_daily__0                                                                                                                 ,230009,Delete                        ,t,[VacuumBG] Finished           ,2026-08-13 20:00:30.338123,2026-08-13 20:00:32.434194,2.096071,1618198,2988,47,47
mv_tbl__quotes_daily__0                                                                                                                 ,230009,Delete                        ,t,[VacuumBG] Started Delete Only,2026-08-13 20:00:30.338123,,0.0,1640287,2988,47,0
mv_tbl__quotes_daily__0                                                                                                                 ,230009,Delete                        ,t,[VacuumBG] Finished           ,2026-08-13 20:02:05.075837,2026-08-13 20:02:05.936600,0.860763,1625154,2988,47,47
mv_tbl__quotes_daily__0                                                                                                                 ,230009,Delete                        ,t,[VacuumBG] Started Delete Only,2026-08-13 20:02:05.075837,,0.0,1630331,2988,47,0
mv_tbl__quotes_daily__0                                                                                                                 ,230009,Delete                        ,t,[VacuumBG] Finished           ,2026-08-13 20:03:31.445104,2026-08-13 20:03:33.741843,2.296739,1629056,2988,47,47
mv_tbl__quotes_daily__0                                                                                                                 ,230009,Delete                        ,t,[VacuumBG] Started Delete Only,2026-08-13 20:03:31.445104,,0.0,1668396,2988,47,0
mv_tbl__quotes_daily__0                                                                                                                 ,230009,Delete                        ,t,[VacuumBG] Started Delete Only,2026-08-13 20:05:01.085068,,0.0,1639477,2988,47,0
mv_tbl__quotes_daily__0                                                                                                                 ,230009,Delete                        ,t,[VacuumBG] Finished           ,2026-08-13 20:05:01.085068,2026-08-13 20:05:02.157740,1.072672,1625921,2988,47,47
mv_tbl__quotes_daily__0                                                                                                                 ,230009,Delete                        ,t,[VacuumBG] Finished           ,2026-08-13 20:06:34.202172,2026-08-13 20:06:36.687124,2.484952,1636463,2989,47,47
mv_tbl__quotes_daily__0                                                                                                                 ,230009,Delete                        ,t,[VacuumBG] Started Delete Only,2026-08-13 20:06:34.202172,,0.0,1646805,2988,47,0
mv_tbl__quotes_daily__0                                                                                                                 ,230009,Delete                        ,t,[VacuumBG] Finished           ,2026-08-13 20:08:02.058725,2026-08-13 20:08:04.197757,2.139032,1632803,2989,47,47
mv_tbl__quotes_daily__0                                                                                                                 ,230009,Delete                        ,t,[VacuumBG] Started Delete Only,2026-08-13 20:08:02.058725,,0.0,1646961,2988,47,0
mv_tbl__quotes_daily__0                                                                                                                 ,230009,Delete                        ,t,[VacuumBG] Started Delete Only,2026-08-13 20:09:32.293854,,0.0,1653793,2988,47,0
mv_tbl__quotes_daily__0                                                                                                                 ,230009,Delete                        ,t,[VacuumBG] Finished           ,2026-08-13 20:09:32.293854,2026-08-13 20:09:34.551746,2.257892,1628025,2988,47,47
mv_tbl__quotes_daily__0                                                                                                                 ,230009,Delete                        ,t,[VacuumBG] Started Delete Only,2026-08-13 20:11:02.347519,,0.0,1638607,2988,47,0
mv_tbl__quotes_daily__0                                                                                                                 ,230009,Delete                        ,t,[VacuumBG] Finished           ,2026-08-13 20:11:02.347519,2026-08-13 20:11:03.841917,1.494398,1629870,2988,47,47
mv_tbl__quotes_daily__0                                                                                                                 ,230009,Delete                        ,t,[VacuumBG] Finished           ,2026-08-13 20:12:30.409975,2026-08-13 20:12:31.517504,1.107529,1638769,2988,47,47
mv_tbl__quotes_daily__0                                                                                                                 ,230009,Delete                        ,t,[VacuumBG] Started Delete Only,2026-08-13 20:12:30.409975,,0.0,1652728,2988,47,0
mv_tbl__quotes_daily__0                                                                                                                 ,230009,Delete                        ,t,[VacuumBG] Finished           ,2026-08-13 20:14:01.041099,2026-08-13 20:14:02.411698,1.370599,1650208,2988,47,47
mv_tbl__quotes_daily__0                                                                                                                 ,230009,Delete                        ,t,[VacuumBG] Started Delete Only,2026-08-13 20:14:01.041099,,0.0,1658139,2988,47,0
mv_tbl__quotes_daily__0                                                                                                                 ,230009,Delete                        ,t,[VacuumBG] Finished           ,2026-08-13 20:15:30.504482,2026-08-13 20:15:33.046784,2.542302,1653779,2988,47,47
mv_tbl__quotes_daily__0                                                                                                                 ,230009,Delete                        ,t,[VacuumBG] Started Delete Only,2026-08-13 20:15:30.504482,,0.0,1682565,2988,47,0
mv_tbl__quotes_daily__0                                                                                                                 ,230009,Delete                        ,t,[VacuumBG] Finished           ,2026-08-13 20:17:02.175078,2026-08-13 20:17:04.589536,2.414458,1639113,2988,47,47
mv_tbl__quotes_daily__0                                                                                                                 ,230009,Delete                        ,t,[VacuumBG] Started Delete Only,2026-08-13 20:17:02.175078,,0.0,1664252,2988,47,0
mv_tbl__quotes_daily__0                                                                                                                 ,230009,Delete                        ,t,[VacuumBG] Started Delete Only,2026-08-13 20:18:30.633537,,0.0,1660133,2988,47,0
mv_tbl__quotes_daily__0                                                                                                                 ,230009,Delete                        ,t,[VacuumBG] Finished           ,2026-08-13 20:18:30.633537,2026-08-13 20:18:33.129124,2.495587,1651793,2989,47,47
mv_tbl__quotes_daily__0                                                                                                                 ,230009,Delete                        ,t,[VacuumBG] Started Delete Only,2026-08-13 20:20:02.479303,,0.0,1662354,2988,47,0
mv_tbl__quotes_daily__0                                                                                                                 ,230009,Delete                        ,t,[VacuumBG] Finished           ,2026-08-13 20:20:02.479303,2026-08-13 20:20:05.744906,3.265603,1647246,2989,47,47
mv_tbl__quotes_daily__0                                                                                                                 ,230009,Delete                        ,t,[VacuumBG] Started Delete Only,2026-08-13 20:21:31.325758,,0.0,1668352,2988,47,0
mv_tbl__quotes_daily__0                                                                                                                 ,230009,Delete                        ,t,[VacuumBG] Finished           ,2026-08-13 20:21:31.325758,2026-08-13 20:21:34.143031,2.817273,1660625,2988,47,47
mv_tbl__quotes_daily__0                                                                                                                 ,230009,Delete                        ,t,[VacuumBG] Started Delete Only,2026-08-13 20:23:00.792764,,0.0,1671207,2988,47,0
mv_tbl__quotes_daily__0                                                                                                                 ,230009,Delete                        ,t,[VacuumBG] Finished           ,2026-08-13 20:23:00.792764,2026-08-13 20:23:03.397205,2.604441,1641264,2988,47,47
mv_tbl__quotes_daily__0                                                                                                                 ,230009,Delete                        ,t,[VacuumBG] Started Delete Only,2026-08-13 20:24:30.656611,,0.0,1662515,2988,47,0
mv_tbl__quotes_daily__0                                                                                                                 ,230009,Delete                        ,t,[VacuumBG] Finished           ,2026-08-13 20:24:30.656611,2026-08-13 20:24:32.373185,1.716574,1653686,2988,47,47
mv_tbl__quotes_daily__0                                                                                                                 ,230009,Delete                        ,t,[VacuumBG] Started Delete Only,2026-08-13 20:26:00.693596,,0.0,1671277,2988,47,0
mv_tbl__quotes_daily__0                                                                                                                 ,230009,Delete                        ,t,[VacuumBG] Finished           ,2026-08-13 20:26:00.693596,2026-08-13 20:26:02.813445,2.119849,1652040,2988,47,47
mv_tbl__quotes_daily__0                                                                                                                 ,230009,Delete                        ,t,[VacuumBG] Started Delete Only,2026-08-13 20:27:31.752605,,0.0,1685867,2988,47,0
mv_tbl__quotes_daily__0                                                                                                                 ,230009,Delete                        ,t,[VacuumBG] Finished           ,2026-08-13 20:27:31.752605,2026-08-13 20:27:34.786528,3.033923,1672357,2989,47,47
mv_tbl__quotes_daily__0                                                                                                                 ,230009,Delete                        ,t,[VacuumBG] Finished           ,2026-08-13 20:29:00.607974,2026-08-13 20:29:03.657622,3.049648,1649751,2989,47,47
mv_tbl__quotes_daily__0                                                                                                                 ,230009,Delete                        ,t,[VacuumBG] Started Delete Only,2026-08-13 20:29:00.607974,,0.0,1682953,2989,47,0
mv_tbl__quotes_daily__0                                                                                                                 ,230009,Delete                        ,t,[VacuumBG] Finished           ,2026-08-13 20:30:30.640155,2026-08-13 20:30:33.475734,2.835579,1660370,2988,47,47
mv_tbl__quotes_daily__0                                                                                                                 ,230009,Delete                        ,t,[VacuumBG] Started Delete Only,2026-08-13 20:30:30.640155,,0.0,1670773,2988,47,0
mv_tbl__quotes_daily__0                                                                                                                 ,230009,Delete                        ,t,[VacuumBG] Finished           ,2026-08-13 20:32:00.655165,2026-08-13 20:32:02.216010,1.560845,1663376,2988,47,47
mv_tbl__quotes_daily__0                                                                                                                 ,230009,Delete                        ,t,[VacuumBG] Started Delete Only,2026-08-13 20:32:00.655165,,0.0,1681293,2988,47,0
mv_tbl__quotes_daily__0                                                                                                                 ,230009,Delete                        ,t,[VacuumBG] Started Delete Only,2026-08-13 20:33:30.687738,,0.0,1673798,2988,47,0
mv_tbl__quotes_daily__0                                                                                                                 ,230009,Delete                        ,t,[VacuumBG] Finished           ,2026-08-13 20:33:30.687738,2026-08-13 20:33:31.794928,1.10719,1660783,2988,47,47
mv_tbl__quotes_daily__0                                                                                                                 ,230009,Delete                        ,t,[VacuumBG] Started Delete Only,2026-08-13 20:35:01.304814,,0.0,1671217,2988,47,0
mv_tbl__quotes_daily__0                                                                                                                 ,230009,Delete                        ,t,[VacuumBG] Finished           ,2026-08-13 20:35:01.304814,2026-08-13 20:35:03.294910,1.990096,1655884,2988,47,47
mv_tbl__quotes_daily__0                                                                                                                 ,230009,Delete                        ,t,[VacuumBG] Started Delete Only,2026-08-13 20:36:32.130797,,0.0,1676798,2988,47,0
mv_tbl__quotes_daily__0                                                                                                                 ,230009,Delete                        ,t,[VacuumBG] Finished           ,2026-08-13 20:36:32.130797,2026-08-13 20:36:33.666143,1.535346,1667497,2988,47,47
mv_tbl__quotes_daily__0                                                                                                                 ,230009,Delete                        ,t,[VacuumBG] Started Delete Only,2026-08-13 20:38:00.764502,,0.0,1679873,2988,47,0
mv_tbl__quotes_daily__0                                                                                                                 ,230009,Delete                        ,t,[VacuumBG] Finished           ,2026-08-13 20:38:00.764502,2026-08-13 20:38:03.443892,2.67939,1657101,2989,47,47
mv_tbl__quotes_daily__0                                                                                                                 ,230009,Delete                        ,t,[VacuumBG] Started Delete Only,2026-08-13 20:39:30.845571,,0.0,1698419,2989,47,0
mv_tbl__quotes_daily__0                                                                                                                 ,230009,Delete                        ,t,[VacuumBG] Finished           ,2026-08-13 20:39:30.845571,2026-08-13 20:39:33.394333,2.548762,1661586,2989,47,47
mv_tbl__quotes_daily__0                                                                                                                 ,230009,Delete                        ,t,[VacuumBG] Started Delete Only,2026-08-13 20:41:01.687752,,0.0,1672662,2988,47,0
mv_tbl__quotes_daily__0                                                                                                                 ,230009,Delete                        ,t,[VacuumBG] Finished           ,2026-08-13 20:41:01.687752,2026-08-13 20:41:02.860950,1.173198,1663263,2988,47,47
mv_tbl__quotes_daily__0                                                                                                                 ,230009,Delete                        ,t,[VacuumBG] Finished           ,2026-08-13 20:42:31.358063,2026-08-13 20:42:34.698819,3.340756,1665063,2989,47,47
mv_tbl__quotes_daily__0                                                                                                                 ,230009,Delete                        ,t,[VacuumBG] Started Delete Only,2026-08-13 20:42:31.358063,,0.0,1684409,2988,47,0
mv_tbl__quotes_daily__0                                                                                                                 ,230009,Delete                        ,t,[VacuumBG] Finished           ,2026-08-13 20:44:02.003876,2026-08-13 20:44:02.956981,0.953105,1671330,2988,47,47
mv_tbl__quotes_daily__0                                                                                                                 ,230009,Delete                        ,t,[VacuumBG] Started Delete Only,2026-08-13 20:44:02.003876,,0.0,1675620,2988,47,0
mv_tbl__quotes_daily__0                                                                                                                 ,230009,Delete                        ,t,[VacuumBG] Started Delete Only,2026-08-13 20:45:31.972756,,0.0,1692459,2988,47,0
mv_tbl__quotes_daily__0                                                                                                                 ,230009,Delete                        ,t,[VacuumBG] Finished           ,2026-08-13 20:45:31.972756,2026-08-13 20:45:34.628230,2.655474,1679914,2988,47,47
mv_tbl__quotes_daily__0                                                                                                                 ,230009,Delete                        ,t,[VacuumBG] Started Delete Only,2026-08-13 20:47:01.828658,,0.0,1690429,2988,47,0
mv_tbl__quotes_daily__0                                                                                                                 ,230009,Delete                        ,t,[VacuumBG] Finished           ,2026-08-13 20:47:01.828658,2026-08-13 20:47:04.518483,2.689825,1669251,2988,47,47
mv_tbl__quotes_daily__0                                                                                                                 ,230009,Delete                        ,t,[VacuumBG] Started Delete Only,2026-08-13 20:48:30.879686,,0.0,1690517,2988,47,0
mv_tbl__quotes_daily__0                                                                                                                 ,230009,Delete                        ,t,[VacuumBG] Finished           ,2026-08-13 20:48:30.879686,2026-08-13 20:48:32.679490,1.799804,1680361,2988,47,47
mv_tbl__quotes_daily__0                                                                                                                 ,230009,Delete                        ,t,[VacuumBG] Started Delete Only,2026-08-13 20:50:01.151488,,0.0,1693086,2988,47,0
mv_tbl__quotes_daily__0                                                                                                                 ,230009,Delete                        ,t,[VacuumBG] Finished           ,2026-08-13 20:50:01.151488,2026-08-13 20:50:04.127006,2.975518,1666766,2988,47,47
mv_tbl__quotes_daily__0                                                                                                                 ,230009,Delete                        ,t,[VacuumBG] Started Delete Only,2026-08-13 20:51:31.216091,,0.0,1713841,2988,47,0
mv_tbl__quotes_daily__0                                                                                                                 ,230009,Delete                        ,t,[VacuumBG] Finished           ,2026-08-13 20:51:31.216091,2026-08-13 20:51:33.256373,2.040282,1706837,2988,47,47
mv_tbl__quotes_daily__0                                                                                                                 ,230009,Delete                        ,t,[VacuumBG] Finished           ,2026-08-13 20:53:00.864696,2026-08-13 20:53:04.277769,3.413073,1682651,2988,47,47
mv_tbl__quotes_daily__0                                                                                                                 ,230009,Delete                        ,t,[VacuumBG] Started Delete Only,2026-08-13 20:53:00.864696,,0.0,1717561,2988,47,0
mv_tbl__quotes_daily__0                                                                                                                 ,230009,Delete                        ,t,[VacuumBG] Finished           ,2026-08-13 20:54:30.900880,2026-08-13 20:54:32.776336,1.875456,1687404,2988,47,47
mv_tbl__quotes_daily__0                                                                                                                 ,230009,Delete                        ,t,[VacuumBG] Started Delete Only,2026-08-13 20:54:30.900880,,0.0,1703888,2988,47,0
mv_tbl__quotes_daily__0                                                                                                                 ,230009,Delete                        ,t,[VacuumBG] Finished           ,2026-08-13 20:56:02.142846,2026-08-13 20:56:03.853349,1.710503,1698129,2989,47,47
mv_tbl__quotes_daily__0                                                                                                                 ,230009,Delete                        ,t,[VacuumBG] Started Delete Only,2026-08-13 20:56:02.142846,,0.0,1698129,2988,47,0
mv_tbl__quotes_daily__0                                                                                                                 ,230009,Delete                        ,t,[VacuumBG] Finished           ,2026-08-13 20:57:33.186348,2026-08-13 20:57:35.439389,2.253041,1685449,2989,47,47
mv_tbl__quotes_daily__0                                                                                                                 ,230009,Delete                        ,t,[VacuumBG] Started Delete Only,2026-08-13 20:57:33.186348,,0.0,1708845,2988,47,0
mv_tbl__quotes_daily__0                                                                                                                 ,230009,Delete                        ,t,[VacuumBG] Started Delete Only,2026-08-13 20:59:34.137115,,0.0,1706843,2988,47,0
mv_tbl__quotes_daily__0                                                                                                                 ,230009,Delete                        ,t,[VacuumBG] Finished           ,2026-08-13 20:59:34.137115,2026-08-13 20:59:36.367477,2.230362,1682890,2988,47,47
mv_tbl__quotes_daily__0                                                                                                                 ,230009,Delete                        ,t,[VacuumBG] Finished           ,2026-08-13 21:00:32.089336,2026-08-13 21:00:33.170954,1.081618,1684969,2988,47,47
mv_tbl__quotes_daily__0                                                                                                                 ,230009,Delete                        ,t,[VacuumBG] Started Delete Only,2026-08-13 21:00:32.089336,,0.0,1693579,2988,47,0
mv_tbl__quotes_daily__0                                                                                                                 ,230009,Delete                        ,t,[VacuumBG] Started Delete Only,2026-08-13 21:02:36.029528,,0.0,1715183,2988,47,0
mv_tbl__quotes_daily__0                                                                                                                 ,230009,Delete                        ,t,[VacuumBG] Finished           ,2026-08-13 21:02:36.029528,2026-08-13 21:02:38.340198,2.31067,1707804,2988,47,47
mv_tbl__quotes_daily__0                                                                                                                 ,230009,Delete                        ,t,[VacuumBG] Finished           ,2026-08-13 21:03:31.189428,2026-08-13 21:03:34.433330,3.243902,1693030,2989,47,47
mv_tbl__quotes_daily__0                                                                                                                 ,230009,Delete                        ,t,[VacuumBG] Started Delete Only,2026-08-13 21:03:31.189428,,0.0,1729083,2988,47,0
mv_tbl__quotes_daily__0                                                                                                                 ,230009,Delete                        ,t,[VacuumBG] Finished           ,2026-08-13 21:05:36.133650,2026-08-13 21:05:38.538070,2.40442,1690101,2988,47,47
mv_tbl__quotes_daily__0                                                                                                                 ,230009,Delete                        ,t,[VacuumBG] Started Delete Only,2026-08-13 21:05:36.133650,,0.0,1715027,2988,47,0
mv_tbl__quotes_daily__0                                                                                                                 ,230009,Delete                        ,t,[VacuumBG] Finished           ,2026-08-13 21:06:31.477191,2026-08-13 21:06:33.029781,1.55259,1693202,2988,47,47
mv_tbl__quotes_daily__0                                                                                                                 ,230009,Delete                        ,t,[VacuumBG] Started Delete Only,2026-08-13 21:06:31.477191,,0.0,1700614,2988,47,0
mv_tbl__quotes_daily__0                                                                                                                 ,230009,Delete                        ,t,[VacuumBG] Started Delete Only,2026-08-13 21:08:33.647939,,0.0,1714174,2988,47,0
mv_tbl__quotes_daily__0                                                                                                                 ,230009,Delete                        ,t,[VacuumBG] Finished           ,2026-08-13 21:08:33.647939,2026-08-13 21:08:36.230464,2.582525,1709597,2989,47,47
mv_tbl__quotes_daily__0                                                                                                                 ,230009,Delete                        ,t,[VacuumBG] Started Delete Only,2026-08-13 21:09:32.609508,,0.0,1720248,2988,47,0
mv_tbl__quotes_daily__0                                                                                                                 ,230009,Delete                        ,t,[VacuumBG] Finished           ,2026-08-13 21:09:32.609508,2026-08-13 21:09:35.504915,2.895407,1697825,2989,47,47
mv_tbl__quotes_daily__0                                                                                                                 ,230009,Delete                        ,t,[VacuumBG] Started Delete Only,2026-08-13 21:11:01.176168,,0.0,1708436,2988,47,0
mv_tbl__quotes_daily__0                                                                                                                 ,230009,Delete                        ,t,[VacuumBG] Finished           ,2026-08-13 21:11:01.176168,2026-08-13 21:11:04.307434,3.131266,1691341,2988,47,47
mv_tbl__quotes_daily__0                                                                                                                 ,230009,Delete                        ,t,[VacuumBG] Started Delete Only,2026-08-13 21:12:31.110886,,0.0,1712528,2988,47,0
mv_tbl__quotes_daily__0                                                                                                                 ,230009,Delete                        ,t,[VacuumBG] Finished           ,2026-08-13 21:12:31.110886,2026-08-13 21:12:32.398844,1.287958,1705385,2988,47,47
mv_tbl__quotes_daily__0                                                                                                                 ,230009,Delete                        ,t,[VacuumBG] Finished           ,2026-08-13 21:14:01.142843,2026-08-13 21:14:04.094945,2.952102,1696607,2988,47,47
mv_tbl__quotes_daily__0                                                                                                                 ,230009,Delete                        ,t,[VacuumBG] Started Delete Only,2026-08-13 21:14:01.142843,,0.0,1716078,2988,47,0
mv_tbl__quotes_daily__0                                                                                                                 ,230009,Delete                        ,t,[VacuumBG] Finished           ,2026-08-13 21:15:31.200934,2026-08-13 21:15:33.784939,2.584005,1700840,2988,47,47
mv_tbl__quotes_daily__0                                                                                                                 ,230009,Delete                        ,t,[VacuumBG] Started Delete Only,2026-08-13 21:15:31.200934,,0.0,1736703,2988,47,0
mv_tbl__quotes_daily__0                                                                                                                 ,230009,Delete                        ,t,[VacuumBG] Started Delete Only,2026-08-13 21:17:01.454005,,0.0,1714387,2988,47,0
mv_tbl__quotes_daily__0                                                                                                                 ,230009,Delete                        ,t,[VacuumBG] Finished           ,2026-08-13 21:17:01.454005,2026-08-13 21:17:03.295109,1.841104,1704484,2989,47,47
mv_tbl__quotes_daily__0                                                                                                                 ,230009,Delete                        ,t,[VacuumBG] Started Delete Only,2026-08-13 21:18:31.298576,,0.0,1725637,2988,47,0
mv_tbl__quotes_daily__0                                                                                                                 ,230009,Delete                        ,t,[VacuumBG] Finished           ,2026-08-13 21:18:31.298576,2026-08-13 21:18:32.429316,1.13074,1711206,2988,47,47
mv_tbl__quotes_daily__0                                                                                                                 ,230009,Delete                        ,t,[VacuumBG] Started Delete Only,2026-08-13 21:20:02.156573,,0.0,1721808,2988,47,0
mv_tbl__quotes_daily__0                                                                                                                 ,230009,Delete                        ,t,[VacuumBG] Finished           ,2026-08-13 21:20:02.156573,2026-08-13 21:20:03.713998,1.557425,1714850,2988,47,47
mv_tbl__quotes_daily__0                                                                                                                 ,230009,Delete                        ,t,[VacuumBG] Started Delete Only,2026-08-13 21:21:31.203698,,0.0,1736097,2988,47,0
mv_tbl__quotes_daily__0                                                                                                                 ,230009,Delete                        ,t,[VacuumBG] Finished           ,2026-08-13 21:21:31.203698,2026-08-13 21:21:33.609374,2.405676,1706635,2989,47,47
mv_tbl__quotes_daily__0                                                                                                                 ,230009,Delete                        ,t,[VacuumBG] Finished           ,2026-08-13 21:23:02.871591,2026-08-13 21:23:04.891500,2.019909,1705780,2988,47,47
mv_tbl__quotes_daily__0                                                                                                                 ,230009,Delete                        ,t,[VacuumBG] Started Delete Only,2026-08-13 21:23:02.871591,,0.0,1717263,2988,47,0
mv_tbl__quotes_daily__0                                                                                                                 ,230009,Delete                        ,t,[VacuumBG] Finished           ,2026-08-13 21:24:31.331959,2026-08-13 21:24:33.252364,1.920405,1708443,2988,47,47
mv_tbl__quotes_daily__0                                                                                                                 ,230009,Delete                        ,t,[VacuumBG] Started Delete Only,2026-08-13 21:24:31.331959,,0.0,1727017,2988,47,0
mv_tbl__quotes_daily__0                                                                                                                 ,230009,Delete                        ,t,[VacuumBG] Finished           ,2026-08-13 21:26:01.393578,2026-08-13 21:26:03.357954,1.964376,1711241,2988,47,47
mv_tbl__quotes_daily__0                                                                                                                 ,230009,Delete                        ,t,[VacuumBG] Started Delete Only,2026-08-13 21:26:01.393578,,0.0,1719176,2988,47,0
mv_tbl__quotes_daily__0                                                                                                                 ,230009,Delete                        ,t,[VacuumBG] Finished           ,2026-08-13 21:27:31.431564,2026-08-13 21:27:33.748653,2.317089,1717252,2988,47,47
mv_tbl__quotes_daily__0                                                                                                                 ,230009,Delete                        ,t,[VacuumBG] Started Delete Only,2026-08-13 21:27:31.431564,,0.0,1745954,2988,47,0
mv_tbl__quotes_daily__0                                                                                                                 ,230009,Delete                        ,t,[VacuumBG] Started Delete Only,2026-08-13 21:29:04.078794,,0.0,1736079,2988,47,0
mv_tbl__quotes_daily__0                                                                                                                 ,230009,Delete                        ,t,[VacuumBG] Finished           ,2026-08-13 21:29:04.078794,2026-08-13 21:29:05.192352,1.113558,1720700,2988,47,47
mv_tbl__quotes_daily__0                                                                                                                 ,230009,Delete                        ,t,[VacuumBG] Started Delete Only,2026-08-13 21:30:31.313640,,0.0,1741927,2988,47,0
mv_tbl__quotes_daily__0                                                                                                                 ,230009,Delete                        ,t,[VacuumBG] Finished           ,2026-08-13 21:30:31.313640,2026-08-13 21:30:33.487479,2.173839,1724432,2989,47,47
mv_tbl__quotes_daily__0                                                                                                                 ,230009,Delete                        ,t,[VacuumBG] Started Delete Only,2026-08-13 21:32:01.341252,,0.0,1735023,2988,47,0
mv_tbl__quotes_daily__0                                                                                                                 ,230009,Delete                        ,t,[VacuumBG] Finished           ,2026-08-13 21:32:01.341252,2026-08-13 21:32:02.338891,0.997639,1725409,2988,47,47
mv_tbl__quotes_daily__0                                                                                                                 ,230009,Delete                        ,t,[VacuumBG] Started Delete Only,2026-08-13 21:33:32.187148,,0.0,1746642,2988,47,0
mv_tbl__quotes_daily__0                                                                                                                 ,230009,Delete                        ,t,[VacuumBG] Finished           ,2026-08-13 21:33:32.187148,2026-08-13 21:33:34.658510,2.471362,1718800,2989,47,47
mv_tbl__quotes_daily__0                                                                                                                 ,230009,Delete                        ,t,[VacuumBG] Started Delete Only,2026-08-13 21:35:01.605384,,0.0,1729345,2988,47,0
mv_tbl__quotes_daily__0                                                                                                                 ,230009,Delete                        ,t,[VacuumBG] Finished           ,2026-08-13 21:35:01.605384,2026-08-13 21:35:03.576051,1.970667,1722091,2988,47,47
mv_tbl__quotes_daily__0                                                                                                                 ,230009,Delete                        ,t,[VacuumBG] Finished           ,2026-08-13 21:36:31.452638,2026-08-13 21:36:33.593992,2.141354,1721096,2989,47,47
mv_tbl__quotes_daily__0                                                                                                                 ,230009,Delete                        ,t,[VacuumBG] Started Delete Only,2026-08-13 21:36:31.452638,,0.0,1743260,2988,47,0
mv_tbl__quotes_daily__0                                                                                                                 ,230009,Delete                        ,t,[VacuumBG] Finished           ,2026-08-13 21:38:01.508404,2026-08-13 21:38:02.782152,1.273748,1720200,2988,47,47
mv_tbl__quotes_daily__0                                                                                                                 ,230009,Delete                        ,t,[VacuumBG] Started Delete Only,2026-08-13 21:38:01.508404,,0.0,1731788,2988,47,0
mv_tbl__quotes_daily__0                                                                                                                 ,230009,Delete                        ,t,[VacuumBG] Started Delete Only,2026-08-13 21:39:32.126573,,0.0,1761126,2988,47,0
mv_tbl__quotes_daily__0                                                                                                                 ,230009,Delete                        ,t,[VacuumBG] Finished           ,2026-08-13 21:39:32.126573,2026-08-13 21:39:34.288683,2.16211,1724801,2988,47,47
mv_tbl__quotes_daily__0                                                                                                                 ,230009,Delete                        ,t,[VacuumBG] Finished           ,2026-08-13 21:41:01.576879,2026-08-13 21:41:02.718789,1.14191,1728610,2988,47,47
mv_tbl__quotes_daily__0                                                                                                                 ,230009,Delete                        ,t,[VacuumBG] Started Delete Only,2026-08-13 21:41:01.576879,,0.0,1735657,2988,47,0
mv_tbl__quotes_daily__0                                                                                                                 ,230009,Delete                        ,t,[VacuumBG] Finished           ,2026-08-13 21:42:31.611127,2026-08-13 21:42:33.504676,1.893549,1730257,2988,47,47
mv_tbl__quotes_daily__0                                                                                                                 ,230009,Delete                        ,t,[VacuumBG] Started Delete Only,2026-08-13 21:42:31.611127,,0.0,1749888,2988,47,0
mv_tbl__quotes_daily__0                                                                                                                 ,230009,Delete                        ,t,[VacuumBG] Started Delete Only,2026-08-13 21:44:02.646310,,0.0,1740867,2988,47,0
mv_tbl__quotes_daily__0                                                                                                                 ,230009,Delete                        ,t,[VacuumBG] Finished           ,2026-08-13 21:44:02.646310,2026-08-13 21:44:05.275710,2.6294,1733772,2988,47,47
mv_tbl__quotes_daily__0                                                                                                                 ,230009,Delete                        ,t,[VacuumBG] Started Delete Only,2026-08-13 21:45:31.686208,,0.0,1754966,2988,47,0
mv_tbl__quotes_daily__0                                                                                                                 ,230009,Delete                        ,t,[VacuumBG] Finished           ,2026-08-13 21:45:31.686208,2026-08-13 21:45:33.489185,1.802977,1735939,2989,47,47
mv_tbl__quotes_daily__0                                                                                                                 ,230009,Delete                        ,t,[VacuumBG] Started Delete Only,2026-08-13 21:47:01.511567,,0.0,1746577,2988,47,0
mv_tbl__quotes_daily__0                                                                                                                 ,230009,Delete                        ,t,[VacuumBG] Finished           ,2026-08-13 21:47:01.511567,2026-08-13 21:47:04.576517,3.06495,1729993,2988,47,47
mv_tbl__quotes_daily__0                                                                                                                 ,230009,Delete                        ,t,[VacuumBG] Started Delete Only,2026-08-13 21:48:31.550625,,0.0,1751302,2988,47,0
mv_tbl__quotes_daily__0                                                                                                                 ,230009,Delete                        ,t,[VacuumBG] Finished           ,2026-08-13 21:48:31.550625,2026-08-13 21:48:32.789376,1.238751,1733750,2988,47,47
mv_tbl__quotes_daily__0                                                                                                                 ,230009,Delete                        ,t,[VacuumBG] Started Delete Only,2026-08-13 21:50:02.185663,,0.0,1744463,2988,47,0
mv_tbl__quotes_daily__0                                                                                                                 ,230009,Delete                        ,t,[VacuumBG] Finished           ,2026-08-13 21:50:02.185663,2026-08-13 21:50:03.787362,1.601699,1734295,2988,47,47
mv_tbl__quotes_daily__0                                                                                                                 ,230009,Delete                        ,t,[VacuumBG] Started Delete Only,2026-08-13 21:51:31.612260,,0.0,1776711,2988,47,0
mv_tbl__quotes_daily__0                                                                                                                 ,230009,Delete                        ,t,[VacuumBG] Finished           ,2026-08-13 21:51:31.612260,2026-08-13 21:51:35.861619,4.249359,1765543,2990,47,47
mv_tbl__quotes_daily__0                                                                                                                 ,230009,Delete                        ,t,[VacuumBG] Started Delete Only,2026-08-13 21:53:03.078148,,0.0,1787752,2988,47,0
mv_tbl__quotes_daily__0                                                                                                                 ,230009,Delete                        ,t,[VacuumBG] Finished           ,2026-08-13 21:53:03.078148,2026-08-13 21:53:06.654947,3.576799,1757660,2990,47,47
mv_tbl__quotes_daily__0                                                                                                                 ,230009,Delete                        ,t,[VacuumBG] Started Delete Only,2026-08-13 21:54:32.515138,,0.0,1768240,2988,47,0
mv_tbl__quotes_daily__0                                                                                                                 ,230009,Delete                        ,t,[VacuumBG] Finished           ,2026-08-13 21:54:32.515138,2026-08-13 21:54:34.470728,1.95559,1739299,2988,47,47
mv_tbl__quotes_daily__0                                                                                                                 ,230009,Delete                        ,t,[VacuumBG] Started Delete Only,2026-08-13 21:56:03.147195,,0.0,1749891,2988,47,0
mv_tbl__quotes_daily__0                                                                                                                 ,230009,Delete                        ,t,[VacuumBG] Finished           ,2026-08-13 21:56:03.147195,2026-08-13 21:56:04.186359,1.039164,1742432,2988,47,47
mv_tbl__quotes_daily__0                                                                                                                 ,230009,Delete                        ,t,[VacuumBG] Started Delete Only,2026-08-13 21:57:31.769000,,0.0,1763561,2988,47,0
mv_tbl__quotes_daily__0                                                                                                                 ,230009,Delete                        ,t,[VacuumBG] Finished           ,2026-08-13 21:57:31.769000,2026-08-13 21:57:32.729178,0.960178,1756636,2988,47,47
mv_tbl__quotes_daily__0                                                                                                                 ,230009,Delete                        ,t,[VacuumBG] Started Delete Only,2026-08-13 21:59:01.798713,,0.0,1767223,2988,47,0
mv_tbl__quotes_daily__0                                                                                                                 ,230009,Delete                        ,t,[VacuumBG] Finished           ,2026-08-13 21:59:01.798713,2026-08-13 21:59:03.719840,1.921127,1760604,2988,47,47
mv_tbl__quotes_daily__0                                                                                                                 ,230009,Delete                        ,t,[VacuumBG] Finished           ,2026-08-13 22:00:31.844754,2026-08-13 22:00:34.666871,2.822117,1764018,2989,47,47
mv_tbl__quotes_daily__0                                                                                                                 ,230009,Delete                        ,t,[VacuumBG] Started Delete Only,2026-08-13 22:00:31.844754,,0.0,1781787,2988,47,0
mv_tbl__quotes_daily__0                                                                                                                 ,230009,Delete                        ,t,[VacuumBG] Started Delete Only,2026-08-13 22:02:01.690522,,0.0,1774647,2988,47,0
mv_tbl__quotes_daily__0                                                                                                                 ,230009,Delete                        ,t,[VacuumBG] Finished           ,2026-08-13 22:02:01.690522,2026-08-13 22:02:03.305252,1.61473,1753569,2988,47,47
mv_tbl__quotes_daily__0                                                                                                                 ,230009,Delete                        ,t,[VacuumBG] Started Delete Only,2026-08-13 22:03:31.720661,,0.0,1790849,2988,47,0
mv_tbl__quotes_daily__0                                                                                                                 ,230009,Delete                        ,t,[VacuumBG] Finished           ,2026-08-13 22:03:31.720661,2026-08-13 22:03:34.985991,3.26533,1757709,2989,47,47
mv_tbl__quotes_daily__0                                                                                                                 ,230009,Delete                        ,t,[VacuumBG] Started Delete Only,2026-08-13 22:05:01.784087,,0.0,1771587,2988,47,0
mv_tbl__quotes_daily__0                                                                                                                 ,230009,Delete                        ,t,[VacuumBG] Finished           ,2026-08-13 22:05:01.784087,2026-08-13 22:05:03.811084,2.026997,1755046,2988,47,47
mv_tbl__quotes_daily__0                                                                                                                 ,230009,Delete                        ,t,[VacuumBG] Started Delete Only,2026-08-13 22:06:33.075545,,0.0,1776245,2988,47,0
mv_tbl__quotes_daily__0                                                                                                                 ,230009,Delete                        ,t,[VacuumBG] Finished           ,2026-08-13 22:06:33.075545,2026-08-13 22:06:35.521139,2.445594,1759142,2989,47,47
mv_tbl__quotes_daily__0                                                                                                                 ,230009,Delete                        ,t,[VacuumBG] Started Delete Only,2026-08-13 22:08:02.101248,,0.0,1769666,2988,47,0
mv_tbl__quotes_daily__0                                                                                                                 ,230009,Delete                        ,t,[VacuumBG] Finished           ,2026-08-13 22:08:02.101248,2026-08-13 22:08:03.247129,1.145881,1758101,2988,47,47
mv_tbl__quotes_daily__0                                                                                                                 ,230009,Delete                        ,t,[VacuumBG] Finished           ,2026-08-13 22:09:32.301391,2026-08-13 22:09:34.306052,2.004661,1774675,2989,47,47
mv_tbl__quotes_daily__0                                                                                                                 ,230009,Delete                        ,t,[VacuumBG] Started Delete Only,2026-08-13 22:09:32.301391,,0.0,1779216,2988,47,0
mv_tbl__quotes_daily__0                                                                                                                 ,230009,Delete                        ,t,[VacuumBG] Finished           ,2026-08-13 22:11:05.197415,2026-08-13 22:11:07.091608,1.894193,1761303,2989,47,47
mv_tbl__quotes_daily__0                                                                                                                 ,230009,Delete                        ,t,[VacuumBG] Started Delete Only,2026-08-13 22:11:05.197415,,0.0,1785259,2988,47,0
mv_tbl__quotes_daily__0                                                                                                                 ,230009,Delete                        ,t,[VacuumBG] Started Delete Only,2026-08-13 22:12:31.832507,,0.0,1782551,2988,47,0
mv_tbl__quotes_daily__0                                                                                                                 ,230009,Delete                        ,t,[VacuumBG] Finished           ,2026-08-13 22:12:31.832507,2026-08-13 22:12:36.011042,4.178535,1758059,2989,47,47
mv_tbl__quotes_daily__0                                                                                                                 ,230009,Delete                        ,t,[VacuumBG] Finished           ,2026-08-13 22:14:03.268342,2026-08-13 22:14:05.158573,1.890231,1758037,2988,47,47
mv_tbl__quotes_daily__0                                                                                                                 ,230009,Delete                        ,t,[VacuumBG] Started Delete Only,2026-08-13 22:14:03.268342,,0.0,1768778,2988,47,0
mv_tbl__quotes_daily__0                                                                                                                 ,230009,Delete                        ,t,[VacuumBG] Finished           ,2026-08-13 22:15:33.338480,2026-08-13 22:15:34.914872,1.576392,1779756,2988,47,47
mv_tbl__quotes_daily__0                                                                                                                 ,230009,Delete                        ,t,[VacuumBG] Started Delete Only,2026-08-13 22:15:33.338480,,0.0,1792530,2988,47,0
mv_tbl__quotes_daily__0                                                                                                                 ,230009,Delete                        ,t,[VacuumBG] Finished           ,2026-08-13 22:17:01.985557,2026-08-13 22:17:04.932329,2.946772,1775464,2989,47,47
mv_tbl__quotes_daily__0                                                                                                                 ,230009,Delete                        ,t,[VacuumBG] Started Delete Only,2026-08-13 22:17:01.985557,,0.0,1794390,2988,47,0
mv_tbl__quotes_daily__0                                                                                                                 ,230009,Delete                        ,t,[VacuumBG] Started Delete Only,2026-08-13 22:18:32.063596,,0.0,1796621,2988,47,0
mv_tbl__quotes_daily__0                                                                                                                 ,230009,Delete                        ,t,[VacuumBG] Finished           ,2026-08-13 22:18:32.063596,2026-08-13 22:18:35.567769,3.504173,1771677,2989,47,47
mv_tbl__quotes_daily__0                                                                                                                 ,230009,Delete                        ,t,[VacuumBG] Started Delete Only,2026-08-13 22:20:01.926079,,0.0,1782373,2988,47,0
mv_tbl__quotes_daily__0                                                                                                                 ,230009,Delete                        ,t,[VacuumBG] Finished           ,2026-08-13 22:20:01.926079,2026-08-13 22:20:04.371028,2.444949,1766139,2988,47,47
mv_tbl__quotes_daily__0                                                                                                                 ,230009,Delete                        ,t,[VacuumBG] Finished           ,2026-08-13 22:21:32.342330,2026-08-13 22:21:33.349572,1.007242,1773211,2988,47,47
mv_tbl__quotes_daily__0                                                                                                                 ,230009,Delete                        ,t,[VacuumBG] Started Delete Only,2026-08-13 22:21:32.342330,,0.0,1787565,2988,47,0
mv_tbl__quotes_daily__0                                                                                                                 ,230009,Delete                        ,t,[VacuumBG] Finished           ,2026-08-13 22:23:02.025466,2026-08-13 22:23:04.930391,2.904925,1771656,2989,47,47
mv_tbl__quotes_daily__0                                                                                                                 ,230009,Delete                        ,t,[VacuumBG] Started Delete Only,2026-08-13 22:23:02.025466,,0.0,1794595,2988,47,0
mv_tbl__quotes_daily__0                                                                                                                 ,230009,Delete                        ,t,[VacuumBG] Started Delete Only,2026-08-13 22:24:32.277787,,0.0,1782490,2988,47,0
mv_tbl__quotes_daily__0                                                                                                                 ,230009,Delete                        ,t,[VacuumBG] Finished           ,2026-08-13 22:24:32.277787,2026-08-13 22:24:33.269351,0.991564,1782490,2988,47,47
mv_tbl__quotes_daily__0                                                                                                                 ,230009,Delete                        ,t,[VacuumBG] Started Delete Only,2026-08-13 22:26:02.115675,,0.0,1793291,2988,47,0
mv_tbl__quotes_daily__0                                                                                                                 ,230009,Delete                        ,t,[VacuumBG] Finished           ,2026-08-13 22:26:02.115675,2026-08-13 22:26:05.258244,3.142569,1767435,2989,47,47
mv_tbl__quotes_daily__0                                                                                                                 ,230009,Delete                        ,t,[VacuumBG] Started Delete Only,2026-08-13 22:27:35.189696,,0.0,1802500,2988,47,0
mv_tbl__quotes_daily__0                                                                                                                 ,230009,Delete                        ,t,[VacuumBG] Finished           ,2026-08-13 22:27:35.189696,2026-08-13 22:27:37.181777,1.992081,1785771,2988,47,47
mv_tbl__quotes_daily__0                                                                                                                 ,230009,Delete                        ,t,[VacuumBG] Started Delete Only,2026-08-13 22:29:02.031887,,0.0,1806093,2988,47,0
mv_tbl__quotes_daily__0                                                                                                                 ,230009,Delete                        ,t,[VacuumBG] Finished           ,2026-08-13 22:29:02.031887,2026-08-13 22:29:04.807538,2.775651,1787713,2989,47,47
mv_tbl__quotes_daily__0                                                                                                                 ,230009,Delete                        ,t,[VacuumBG] Started Delete Only,2026-08-13 22:30:32.483156,,0.0,1809030,2988,47,0
mv_tbl__quotes_daily__0                                                                                                                 ,230009,Delete                        ,t,[VacuumBG] Finished           ,2026-08-13 22:30:32.483156,2026-08-13 22:30:35.951300,3.468144,1778538,2989,47,47
mv_tbl__quotes_daily__0                                                                                                                 ,230009,Delete                        ,t,[VacuumBG] Finished           ,2026-08-13 22:32:02.142929,2026-08-13 22:32:03.308840,1.165911,1780086,2988,47,47
mv_tbl__quotes_daily__0                                                                                                                 ,230009,Delete                        ,t,[VacuumBG] Started Delete Only,2026-08-13 22:32:02.142929,,0.0,1789160,2988,47,0
mv_tbl__quotes_daily__0                                                                                                                 ,230009,Delete                        ,t,[VacuumBG] Finished           ,2026-08-13 22:33:32.202092,2026-08-13 22:33:33.968220,1.766128,1790928,2988,47,47
mv_tbl__quotes_daily__0                                                                                                                 ,230009,Delete                        ,t,[VacuumBG] Started Delete Only,2026-08-13 22:33:32.202092,,0.0,1801461,2988,47,0
mv_tbl__quotes_daily__0                                                                                                                 ,230009,Delete                        ,t,[VacuumBG] Started Delete Only,2026-08-13 22:35:02.250879,,0.0,1812336,2988,47,0
mv_tbl__quotes_daily__0                                                                                                                 ,230009,Delete                        ,t,[VacuumBG] Finished           ,2026-08-13 22:35:02.250879,2026-08-13 22:35:04.860139,2.60926,1801908,2989,47,47
mv_tbl__quotes_daily__0                                                                                                                 ,230009,Delete                        ,t,[VacuumBG] Started Delete Only,2026-08-13 22:36:32.502514,,0.0,1812602,2988,47,0
mv_tbl__quotes_daily__0                                                                                                                 ,230009,Delete                        ,t,[VacuumBG] Finished           ,2026-08-13 22:36:32.502514,2026-08-13 22:36:34.314598,1.812084,1789319,2989,47,47
mv_tbl__quotes_daily__0                                                                                                                 ,230009,Delete                        ,t,[VacuumBG] Started Delete Only,2026-08-13 22:38:05.163868,,0.0,1800008,2988,47,0
mv_tbl__quotes_daily__0                                                                                                                 ,230009,Delete                        ,t,[VacuumBG] Finished           ,2026-08-13 22:38:05.163868,2026-08-13 22:38:08.119122,2.955254,1784017,2989,47,47
mv_tbl__quotes_daily__0                                                                                                                 ,230009,Delete                        ,t,[VacuumBG] Started Delete Only,2026-08-13 22:39:33.207190,,0.0,1818410,2988,47,0
mv_tbl__quotes_daily__0                                                                                                                 ,230009,Delete                        ,t,[VacuumBG] Finished           ,2026-08-13 22:39:33.207190,2026-08-13 22:39:36.231789,3.024599,1793495,2988,47,47
mv_tbl__quotes_daily__0                                                                                                                 ,230009,Delete                        ,t,[VacuumBG] Started Delete Only,2026-08-13 22:41:02.221741,,0.0,1815403,2988,47,0
mv_tbl__quotes_daily__0                                                                                                                 ,230009,Delete                        ,t,[VacuumBG] Finished           ,2026-08-13 22:41:02.221741,2026-08-13 22:41:04.156122,1.934381,1801052,2988,47,47
mv_tbl__quotes_daily__0                                                                                                                 ,230009,Delete                        ,t,[VacuumBG] Finished           ,2026-08-13 22:42:35.340075,2026-08-13 22:42:37.209581,1.869506,1810559,2989,47,47
mv_tbl__quotes_daily__0                                                                                                                 ,230009,Delete                        ,t,[VacuumBG] Started Delete Only,2026-08-13 22:42:35.340075,,0.0,1822596,2988,47,0
mv_tbl__quotes_daily__0                                                                                                                 ,230009,Delete                        ,t,[VacuumBG] Finished           ,2026-08-13 22:44:03.326605,2026-08-13 22:44:05.797119,2.470514,1792062,2990,47,47
mv_tbl__quotes_daily__0                                                                                                                 ,230009,Delete                        ,t,[VacuumBG] Started Delete Only,2026-08-13 22:44:03.326605,,0.0,1821369,2988,47,0
mv_tbl__quotes_daily__0                                                                                                                 ,230009,Delete                        ,t,[VacuumBG] Started Delete Only,2026-08-13 22:45:32.240797,,0.0,1813621,2988,47,0
mv_tbl__quotes_daily__0                                                                                                                 ,230009,Delete                        ,t,[VacuumBG] Finished           ,2026-08-13 22:45:32.240797,2026-08-13 22:45:33.234493,0.993696,1804407,2988,47,47
mv_tbl__quotes_daily__0                                                                                                                 ,230009,Delete                        ,t,[VacuumBG] Finished           ,2026-08-13 22:47:03.347381,2026-08-13 22:47:04.397377,1.049996,1794915,2988,47,47
mv_tbl__quotes_daily__0                                                                                                                 ,230009,Delete                        ,t,[VacuumBG] Started Delete Only,2026-08-13 22:47:03.347381,,0.0,1815216,2988,47,0
mv_tbl__quotes_daily__0                                                                                                                 ,230009,Delete                        ,t,[VacuumBG] Finished           ,2026-08-13 22:48:33.597311,2026-08-13 22:48:35.447057,1.849746,1809988,2988,47,47
mv_tbl__quotes_daily__0                                                                                                                 ,230009,Delete                        ,t,[VacuumBG] Started Delete Only,2026-08-13 22:48:33.597311,,0.0,1816463,2988,47,0
mv_tbl__quotes_daily__0                                                                                                                 ,230009,Delete                        ,t,[VacuumBG] Finished           ,2026-08-13 22:50:03.057484,2026-08-13 22:50:05.314215,2.256731,1801863,2988,47,47
mv_tbl__quotes_daily__0                                                                                                                 ,230009,Delete                        ,t,[VacuumBG] Started Delete Only,2026-08-13 22:50:03.057484,,0.0,1820829,2988,47,0
mv_tbl__quotes_daily__0                                                                                                                 ,230009,Delete                        ,t,[VacuumBG] Finished           ,2026-08-13 22:51:32.289966,2026-08-13 22:51:35.993015,3.703049,1811430,2990,47,47
mv_tbl__quotes_daily__0                                                                                                                 ,230009,Delete                        ,t,[VacuumBG] Started Delete Only,2026-08-13 22:51:32.289966,,0.0,1839891,2988,47,0
mv_tbl__quotes_daily__0                                                                                                                 ,230009,Delete                        ,t,[VacuumBG] Started Delete Only,2026-08-13 22:53:03.302221,,0.0,1832254,2988,47,0
mv_tbl__quotes_daily__0                                                                                                                 ,230009,Delete                        ,t,[VacuumBG] Finished           ,2026-08-13 22:53:03.302221,2026-08-13 22:53:04.267465,0.965244,1812742,2988,47,47
mv_tbl__quotes_daily__0                                                                                                                 ,230009,Delete                        ,t,[VacuumBG] Started Delete Only,2026-08-13 22:54:32.409397,,0.0,1834347,2988,47,0
mv_tbl__quotes_daily__0                                                                                                                 ,230009,Delete                        ,t,[VacuumBG] Finished           ,2026-08-13 22:54:32.409397,2026-08-13 22:54:34.812187,2.40279,1813407,2988,47,47
mv_tbl__quotes_daily__0                                                                                                                 ,230009,Delete                        ,t,[VacuumBG] Started Delete Only,2026-08-13 22:56:02.484872,,0.0,1824116,2988,47,0
mv_tbl__quotes_daily__0                                                                                                                 ,230009,Delete                        ,t,[VacuumBG] Finished           ,2026-08-13 22:56:02.484872,2026-08-13 22:56:03.981116,1.496244,1814240,2988,47,47
mv_tbl__quotes_daily__0                                                                                                                 ,230009,Delete                        ,t,[VacuumBG] Started Delete Only,2026-08-13 22:57:32.529336,,0.0,1835718,2988,47,0
mv_tbl__quotes_daily__0                                                                                                                 ,230009,Delete                        ,t,[VacuumBG] Finished           ,2026-08-13 22:57:32.529336,2026-08-13 22:57:35.954932,3.425596,1809284,2990,47,47
mv_tbl__quotes_daily__0                                                                                                                 ,230009,Delete                        ,t,[VacuumBG] Started Delete Only,2026-08-13 22:59:02.397357,,0.0,1820130,2988,47,0
mv_tbl__quotes_daily__0                                                                                                                 ,230009,Delete                        ,t,[VacuumBG] Finished           ,2026-08-13 22:59:02.397357,2026-08-13 22:59:03.582457,1.1851,1810716,2988,47,47
mv_tbl__quotes_daily__0                                                                                                                 ,230009,Delete                        ,t,[VacuumBG] Finished           ,2026-08-13 23:00:34.047815,2026-08-13 23:00:37.071326,3.023511,1812962,2988,47,47
mv_tbl__quotes_daily__0                                                                                                                 ,230009,Delete                        ,t,[VacuumBG] Started Delete Only,2026-08-13 23:00:34.047815,,0.0,1832410,2988,47,0
mv_tbl__quotes_daily__0                                                                                                                 ,230009,Delete                        ,t,[VacuumBG] Started Delete Only,2026-08-13 23:02:03.303429,,0.0,1825948,2988,47,0
mv_tbl__quotes_daily__0                                                                                                                 ,230009,Delete                        ,t,[VacuumBG] Finished           ,2026-08-13 23:02:03.303429,2026-08-13 23:02:04.564683,1.261254,1817164,2988,47,47
mv_tbl__quotes_daily__0                                                                                                                 ,230009,Delete                        ,t,[VacuumBG] Started Delete Only,2026-08-13 23:03:33.350903,,0.0,1859845,2988,47,0
mv_tbl__quotes_daily__0                                                                                                                 ,230009,Delete                        ,t,[VacuumBG] Finished           ,2026-08-13 23:03:33.350903,2026-08-13 23:03:36.946301,3.595398,1851180,2990,47,47
mv_tbl__quotes_daily__0                                                                                                                 ,230009,Delete                        ,t,[VacuumBG] Started Delete Only,2026-08-13 23:05:02.606673,,0.0,1861933,2988,47,0
mv_tbl__quotes_daily__0                                                                                                                 ,230009,Delete                        ,t,[VacuumBG] Finished           ,2026-08-13 23:05:02.606673,2026-08-13 23:05:07.302673,4.696,1821994,2990,47,47
mv_tbl__quotes_daily__0                                                                                                                 ,230009,Delete                        ,t,[VacuumBG] Started Delete Only,2026-08-13 23:06:33.968459,,0.0,1843260,2988,47,0
mv_tbl__quotes_daily__0                                                                                                                 ,230009,Delete                        ,t,[VacuumBG] Finished           ,2026-08-13 23:06:33.968459,2026-08-13 23:06:35.191200,1.222741,1820490,2988,47,47
mv_tbl__quotes_daily__0                                                                                                                 ,230009,Delete                        ,t,[VacuumBG] Started Delete Only,2026-08-13 23:08:05.115159,,0.0,1831194,2988,47,0
mv_tbl__quotes_daily__0                                                                                                                 ,230009,Delete                        ,t,[VacuumBG] Finished           ,2026-08-13 23:08:05.115159,2026-08-13 23:08:06.050302,0.935143,1824344,2988,47,47
mv_tbl__quotes_daily__0                                                                                                                 ,230009,Delete                        ,t,[VacuumBG] Started Delete Only,2026-08-13 23:09:33.930138,,0.0,1845783,2988,47,0
mv_tbl__quotes_daily__0                                                                                                                 ,230009,Delete                        ,t,[VacuumBG] Finished           ,2026-08-13 23:09:33.930138,2026-08-13 23:09:35.551086,1.620948,1829430,2988,47,47
mv_tbl__quotes_daily__0                                                                                                                 ,230009,Delete                        ,t,[VacuumBG] Started Delete Only,2026-08-13 23:11:04.983528,,0.0,1850881,2988,47,0
mv_tbl__quotes_daily__0                                                                                                                 ,230009,Delete                        ,t,[VacuumBG] Finished           ,2026-08-13 23:11:04.983528,2026-08-13 23:11:06.675206,1.691678,1839407,2989,47,47
mv_tbl__quotes_daily__0                                                                                                                 ,230009,Delete                        ,t,[VacuumBG] Started Delete Only,2026-08-13 23:12:33.214449,,0.0,1850199,2988,47,0
mv_tbl__quotes_daily__0                                                                                                                 ,230009,Delete                        ,t,[VacuumBG] Finished           ,2026-08-13 23:12:33.214449,2026-08-13 23:12:35.824077,2.609628,1838462,2990,47,47
mv_tbl__quotes_daily__0                                                                                                                 ,230009,Delete                        ,t,[VacuumBG] Started Delete Only,2026-08-13 23:14:02.654740,,0.0,1854411,2988,47,0
mv_tbl__quotes_daily__0                                                                                                                 ,230009,Delete                        ,t,[VacuumBG] Finished           ,2026-08-13 23:14:02.654740,2026-08-13 23:14:05.260046,2.605306,1822570,2990,47,47
mv_tbl__quotes_daily__0                                                                                                                 ,230009,Delete                        ,t,[VacuumBG] Started Delete Only,2026-08-13 23:15:32.691186,,0.0,1865885,2988,47,0
mv_tbl__quotes_daily__0                                                                                                                 ,230009,Delete                        ,t,[VacuumBG] Finished           ,2026-08-13 23:15:32.691186,2026-08-13 23:15:34.955745,2.264559,1828816,2988,47,47
mv_tbl__quotes_daily__0                                                                                                                 ,230009,Delete                        ,t,[VacuumBG] Finished           ,2026-08-13 23:17:02.762566,2026-08-13 23:17:04.324243,1.561677,1836506,2988,47,47
mv_tbl__quotes_daily__0                                                                                                                 ,230009,Delete                        ,t,[VacuumBG] Started Delete Only,2026-08-13 23:17:02.762566,,0.0,1839563,2988,47,0
mv_tbl__quotes_daily__0                                                                                                                 ,230009,Delete                        ,t,[VacuumBG] Finished           ,2026-08-13 23:18:34.414725,2026-08-13 23:18:36.569595,2.15487,1838631,2988,47,47
mv_tbl__quotes_daily__0                                                                                                                 ,230009,Delete                        ,t,[VacuumBG] Started Delete Only,2026-08-13 23:18:34.414725,,0.0,1858050,2988,47,0
mv_tbl__quotes_daily__0                                                                                                                 ,230009,Delete                        ,t,[VacuumBG] Finished           ,2026-08-13 23:20:02.664131,2026-08-13 23:20:04.616571,1.95244,1838872,2989,47,47
mv_tbl__quotes_daily__0                                                                                                                 ,230009,Delete                        ,t,[VacuumBG] Started Delete Only,2026-08-13 23:20:02.664131,,0.0,1849449,2988,47,0
mv_tbl__quotes_daily__0                                                                                                                 ,230009,Delete                        ,t,[VacuumBG] Finished           ,2026-08-13 23:21:32.700809,2026-08-13 23:21:36.009231,3.308422,1842752,2989,47,47
mv_tbl__quotes_daily__0                                                                                                                 ,230009,Delete                        ,t,[VacuumBG] Started Delete Only,2026-08-13 23:21:32.700809,,0.0,1860624,2988,47,0
mv_tbl__quotes_daily__0                                                                                                                 ,230009,Delete                        ,t,[VacuumBG] Finished           ,2026-08-13 23:23:04.168039,2026-08-13 23:23:06.100620,1.932581,1849456,2989,47,47
mv_tbl__quotes_daily__0                                                                                                                 ,230009,Delete                        ,t,[VacuumBG] Started Delete Only,2026-08-13 23:23:04.168039,,0.0,1864647,2989,47,0
mv_tbl__quotes_daily__0                                                                                                                 ,230009,Delete                        ,t,[VacuumBG] Finished           ,2026-08-13 23:24:35.221452,2026-08-13 23:24:36.960681,1.739229,1844986,2988,47,47
mv_tbl__quotes_daily__0                                                                                                                 ,230009,Delete                        ,t,[VacuumBG] Started Delete Only,2026-08-13 23:24:35.221452,,0.0,1863421,2988,47,0
mv_tbl__quotes_daily__0                                                                                                                 ,230009,Delete                        ,t,[VacuumBG] Finished           ,2026-08-13 23:26:02.870126,2026-08-13 23:26:04.681897,1.811771,1852451,2988,47,47
mv_tbl__quotes_daily__0                                                                                                                 ,230009,Delete                        ,t,[VacuumBG] Started Delete Only,2026-08-13 23:26:02.870126,,0.0,1866414,2988,47,0
mv_tbl__quotes_daily__0                                                                                                                 ,230009,Delete                        ,t,[VacuumBG] Started Delete Only,2026-08-13 23:27:32.715739,,0.0,1883236,2988,47,0
mv_tbl__quotes_daily__0                                                                                                                 ,230009,Delete                        ,t,[VacuumBG] Finished           ,2026-08-13 23:27:32.715739,2026-08-13 23:27:35.064046,2.348307,1860380,2989,47,47
mv_tbl__quotes_daily__0                                                                                                                 ,230009,Delete                        ,t,[VacuumBG] Started Delete Only,2026-08-13 23:29:03.983069,,0.0,1871154,2988,47,0
mv_tbl__quotes_daily__0                                                                                                                 ,230009,Delete                        ,t,[VacuumBG] Finished           ,2026-08-13 23:29:03.983069,2026-08-13 23:29:06.251096,2.268027,1851097,2989,47,47
mv_tbl__quotes_daily__0                                                                                                                 ,230009,Delete                        ,t,[VacuumBG] Started Delete Only,2026-08-13 23:30:34.645379,,0.0,1872670,2988,47,0
mv_tbl__quotes_daily__0                                                                                                                 ,230009,Delete                        ,t,[VacuumBG] Finished           ,2026-08-13 23:30:34.645379,2026-08-13 23:30:36.598345,1.952966,1847420,2989,47,47
mv_tbl__quotes_daily__0                                                                                                                 ,230009,Delete                        ,t,[VacuumBG] Started Delete Only,2026-08-13 23:32:03.048637,,0.0,1858306,2988,47,0
mv_tbl__quotes_daily__0                                                                                                                 ,230009,Delete                        ,t,[VacuumBG] Finished           ,2026-08-13 23:32:03.048637,2026-08-13 23:32:03.987577,0.93894,1850886,2988,47,47
mv_tbl__quotes_daily__0                                                                                                                 ,230009,Delete                        ,t,[VacuumBG] Started Delete Only,2026-08-13 23:33:34.164238,,0.0,1872656,2988,47,0
mv_tbl__quotes_daily__0                                                                                                                 ,230009,Delete                        ,t,[VacuumBG] Finished           ,2026-08-13 23:33:34.164238,2026-08-13 23:33:36.270153,2.105915,1861038,2988,47,47
mv_tbl__quotes_streamed__0                                                                                                              ,229992,Range Partition               ,t,[VacuumBG] Started Range Parti,2026-08-13 23:34:29.715402,,0.0,110425103080,3604965,29352129,0
mv_tbl__quotes_streamed__0                                                                                                              ,229992,Range Partition               ,t,[VacuumBG] Finished           ,2026-08-13 23:34:29.715402,2026-08-13 23:45:02.417156,632.701754,111047026425,3630851,29352129,29352129
mv_tbl__quotes_daily__0                                                                                                                 ,230009,Delete                        ,t,[VacuumBG] Started Delete Only,2026-08-13 23:35:03.830336,,0.0,1871957,2988,47,0
mv_tbl__quotes_daily__0                                                                                                                 ,230009,Delete                        ,t,[VacuumBG] Finished           ,2026-08-13 23:35:03.830336,2026-08-13 23:36:08.129662,64.299326,1869368,2989,47,47
mv_tbl__quotes_daily__0                                                                                                                 ,230009,Delete                        ,t,[VacuumBG] Started Delete Only,2026-08-13 23:36:32.863436,,0.0,1891823,2988,47,0
mv_tbl__quotes_daily__0                                                                                                                 ,230009,Delete                        ,t,[VacuumBG] Finished           ,2026-08-13 23:36:32.863436,2026-08-13 23:37:21.608026,48.74459,1891823,2990,47,47
mv_tbl__quotes_daily__0                                                                                                                 ,230009,Delete                        ,t,[VacuumBG] Finished           ,2026-08-13 23:38:02.903863,2026-08-13 23:38:48.467828,45.563965,1921971,2990,47,47
mv_tbl__quotes_daily__0                                                                                                                 ,230009,Delete                        ,t,[VacuumBG] Started Delete Only,2026-08-13 23:38:02.903863,,0.0,1921971,2988,47,0
mv_tbl__quotes_daily__0                                                                                                                 ,230009,Delete                        ,t,[VacuumBG] Finished           ,2026-08-13 23:39:34.128947,2026-08-13 23:39:37.775028,3.646081,1932731,2990,47,47
mv_tbl__quotes_daily__0                                                                                                                 ,230009,Delete                        ,t,[VacuumBG] Started Delete Only,2026-08-13 23:39:34.128947,,0.0,1932731,2988,47,0
mv_tbl__quotes_daily__0                                                                                                                 ,230009,Delete                        ,t,[VacuumBG] Started Delete Only,2026-08-13 23:41:02.978737,,0.0,1943612,2988,47,0
mv_tbl__quotes_daily__0                                                                                                                 ,230009,Delete                        ,t,[VacuumBG] Finished           ,2026-08-13 23:41:02.978737,2026-08-13 23:41:10.036625,7.057888,1943612,2990,47,47
mv_tbl__quotes_daily__0                                                                                                                 ,230009,Delete                        ,t,[VacuumBG] Started Delete Only,2026-08-13 23:42:33.226632,,0.0,1965203,2988,47,0
mv_tbl__quotes_daily__0                                                                                                                 ,230009,Delete                        ,t,[VacuumBG] Finished           ,2026-08-13 23:42:33.226632,2026-08-13 23:42:39.287495,6.060863,1965203,2990,47,47
mv_tbl__quotes_daily__0                                                                                                                 ,230009,Delete                        ,t,[VacuumBG] Finished           ,2026-08-13 23:44:04.838615,2026-08-13 23:45:00.900202,56.061587,1986894,2990,47,47
mv_tbl__quotes_daily__0                                                                                                                 ,230009,Delete                        ,t,[VacuumBG] Started Delete Only,2026-08-13 23:44:04.838615,,0.0,1976062,2988,47,0
mv_tbl__quotes_daily__0                                                                                                                 ,230009,Delete                        ,t,[VacuumBG] Finished           ,2026-08-13 23:45:33.048506,2026-08-13 23:45:36.631234,3.582728,1997816,2990,47,47
mv_tbl__quotes_daily__0                                                                                                                 ,230009,Delete                        ,t,[VacuumBG] Started Delete Only,2026-08-13 23:45:33.048506,,0.0,1997816,2988,47,0
mv_tbl__quotes_daily__0                                                                                                                 ,230009,Delete                        ,t,[VacuumBG] Finished           ,2026-08-13 23:47:04.925262,2026-08-13 23:47:08.381221,3.455959,1829142,2990,47,47
mv_tbl__quotes_daily__0                                                                                                                 ,230009,Delete                        ,t,[VacuumBG] Started Delete Only,2026-08-13 23:47:04.925262,,0.0,2012212,2988,47,0
mv_tbl__quotes_daily__0                                                                                                                 ,230009,Delete                        ,t,[VacuumBG] Finished           ,2026-08-13 23:48:34.188217,2026-08-13 23:48:35.117764,0.929547,1865092,2988,47,47
mv_tbl__quotes_daily__0                                                                                                                 ,230009,Delete                        ,t,[VacuumBG] Started Delete Only,2026-08-13 23:48:34.188217,,0.0,1867248,2988,47,0
mv_tbl__quotes_daily__0                                                                                                                 ,230009,Delete                        ,t,[VacuumBG] Started Delete Only,2026-08-13 23:50:03.050193,,0.0,1875873,2988,47,0
mv_tbl__quotes_daily__0                                                                                                                 ,230009,Delete                        ,t,[VacuumBG] Finished           ,2026-08-13 23:50:03.050193,2026-08-13 23:50:05.339705,2.289512,1873526,2988,47,47
mv_tbl__quotes_daily__0                                                                                                                 ,230009,Delete                        ,t,[VacuumBG] Finished           ,2026-08-13 23:51:33.498780,2026-08-13 23:51:34.730744,1.231964,1893615,2988,47,47
mv_tbl__quotes_daily__0                                                                                                                 ,230009,Delete                        ,t,[VacuumBG] Started Delete Only,2026-08-13 23:51:33.498780,,0.0,1895106,2988,47,0
mv_tbl__quotes_typed__0                                                                                                                 ,230000,Range Partition               ,t,[VacuumBG] Finished           ,2026-08-13 23:52:25.547306,2026-08-13 23:59:17.342791,411.795485,111822112174,5268867,29352129,29352129
mv_tbl__quotes_typed__0                                                                                                                 ,230000,Range Partition               ,t,[VacuumBG] Started Range Parti,2026-08-13 23:52:25.547306,,0.0,111432765746,5234885,29352129,0
mv_tbl__quotes_daily__0                                                                                                                 ,230009,Delete                        ,t,[VacuumBG] Started Delete Only,2026-08-13 23:53:03.165392,,0.0,1904455,2988,47,0
mv_tbl__quotes_daily__0                                                                                                                 ,230009,Delete                        ,t,[VacuumBG] Finished           ,2026-08-13 23:53:03.165392,2026-08-13 23:53:31.715223,28.549831,1890020,2988,47,47
mv_tbl__quotes_daily__0                                                                                                                 ,230009,Delete                        ,t,[VacuumBG] Started Delete Only,2026-08-13 23:54:33.174820,,0.0,1911733,2988,47,0
mv_tbl__quotes_daily__0                                                                                                                 ,230009,Delete                        ,t,[VacuumBG] Finished           ,2026-08-13 23:54:33.174820,2026-08-13 23:54:43.253202,10.078382,1911733,2990,47,47
mv_tbl__quotes_daily__0                                                                                                                 ,230009,Delete                        ,t,[VacuumBG] Started Delete Only,2026-08-13 23:56:03.797667,,0.0,1922616,2988,47,0
mv_tbl__quotes_daily__0                                                                                                                 ,230009,Delete                        ,t,[VacuumBG] Finished           ,2026-08-13 23:56:03.797667,2026-08-13 23:57:02.569639,58.771972,1933529,2990,47,47
mv_tbl__quotes_daily__0                                                                                                                 ,230009,Delete                        ,t,[VacuumBG] Started Delete Only,2026-08-13 23:57:33.210256,,0.0,1933529,2990,47,0
mv_tbl__quotes_daily__0                                                                                                                 ,230009,Delete                        ,t,[VacuumBG] Finished           ,2026-08-13 23:57:33.210256,2026-08-13 23:57:47.371534,14.161278,1933529,2990,47,47
mv_tbl__quotes_daily__0                                                                                                                 ,230009,Delete                        ,t,[VacuumBG] Started Delete Only,2026-08-13 23:59:05.046164,,0.0,1973186,2988,47,0
mv_tbl__quotes_daily__0                                                                                                                 ,230009,Delete                        ,t,[VacuumBG] Finished           ,2026-08-13 23:59:05.046164,2026-08-13 23:59:16.787312,11.741148,1973186,2990,47,47
mv_tbl__quotes_daily__0                                                                                                                 ,230009,Delete                        ,t,[VacuumBG] Finished           ,2026-08-14 00:00:33.107340,2026-08-14 00:00:36.960210,3.85287,1869835,2990,47,47
mv_tbl__quotes_daily__0                                                                                                                 ,230009,Delete                        ,t,[VacuumBG] Started Delete Only,2026-08-14 00:00:33.107340,,0.0,1996916,2988,47,0
mv_tbl__quotes_daily__0                                                                                                                 ,230009,Delete                        ,t,[VacuumBG] Started Delete Only,2026-08-14 00:02:04.129819,,0.0,1880674,2988,47,0
mv_tbl__quotes_daily__0                                                                                                                 ,230009,Delete                        ,t,[VacuumBG] Finished           ,2026-08-14 00:02:04.129819,2026-08-14 00:02:05.428864,1.299045,1871551,2988,47,47
mv_tbl__quotes_daily__0                                                                                                                 ,230009,Delete                        ,t,[VacuumBG] Started Delete Only,2026-08-14 00:03:35.178249,,0.0,1882409,2988,47,0
mv_tbl__quotes_daily__0                                                                                                                 ,230009,Delete                        ,t,[VacuumBG] Finished           ,2026-08-14 00:03:35.178249,2026-08-14 00:03:36.098444,0.920195,1878446,2988,47,47
mv_tbl__quotes_daily__0                                                                                                                 ,230009,Delete                        ,t,[VacuumBG] Started Delete Only,2026-08-14 00:05:03.389258,,0.0,1900120,2988,47,0
mv_tbl__quotes_daily__0                                                                                                                 ,230009,Delete                        ,t,[VacuumBG] Finished           ,2026-08-14 00:05:03.389258,2026-08-14 00:05:04.352380,0.963122,1896473,2988,47,47
mv_tbl__quotes_daily__0                                                                                                                 ,230009,Delete                        ,t,[VacuumBG] Finished           ,2026-08-14 00:06:33.261019,2026-08-14 00:06:34.485532,1.224513,1903398,2988,47,47
mv_tbl__quotes_daily__0                                                                                                                 ,230009,Delete                        ,t,[VacuumBG] Started Delete Only,2026-08-14 00:06:33.261019,,0.0,1907278,2988,47,0
mv_tbl__quotes_daily__0                                                                                                                 ,230009,Delete                        ,t,[VacuumBG] Finished           ,2026-08-14 00:08:03.246092,2026-08-14 00:08:05.881913,2.635821,1888563,2988,47,47
mv_tbl__quotes_daily__0                                                                                                                 ,230009,Delete                        ,t,[VacuumBG] Started Delete Only,2026-08-14 00:08:03.246092,,0.0,1925236,2988,47,0
mv_tbl__quotes_daily__0                                                                                                                 ,230009,Delete                        ,t,[VacuumBG] Finished           ,2026-08-14 00:09:33.783237,2026-08-14 00:09:34.863371,1.080134,1886613,2988,47,47
mv_tbl__quotes_daily__0                                                                                                                 ,230009,Delete                        ,t,[VacuumBG] Started Delete Only,2026-08-14 00:09:33.783237,,0.0,1899515,2988,47,0
mv_tbl__quotes_daily__0                                                                                                                 ,230009,Delete                        ,t,[VacuumBG] Started Delete Only,2026-08-14 00:11:04.889289,,0.0,1927688,2988,47,0
mv_tbl__quotes_daily__0                                                                                                                 ,230009,Delete                        ,t,[VacuumBG] Finished           ,2026-08-14 00:11:04.889289,2026-08-14 00:11:06.437961,1.548672,1917181,2989,47,47
mv_tbl__quotes_daily__0                                                                                                                 ,230009,Delete                        ,t,[VacuumBG] Started Delete Only,2026-08-14 00:12:35.300088,,0.0,1928683,2988,47,0
mv_tbl__quotes_daily__0                                                                                                                 ,230009,Delete                        ,t,[VacuumBG] Finished           ,2026-08-14 00:12:35.300088,2026-08-14 00:12:37.803672,2.503584,1909401,2989,47,47
mv_tbl__quotes_daily__0                                                                                                                 ,230009,Delete                        ,t,[VacuumBG] Started Delete Only,2026-08-14 00:14:03.607043,,0.0,1930936,2989,47,0
mv_tbl__quotes_daily__0                                                                                                                 ,230009,Delete                        ,t,[VacuumBG] Finished           ,2026-08-14 00:14:03.607043,2026-08-14 00:14:05.573418,1.966375,1902574,2989,47,47
mv_tbl__quotes_daily__0                                                                                                                 ,230009,Delete                        ,t,[VacuumBG] Finished           ,2026-08-14 00:15:33.386158,2026-08-14 00:15:34.703475,1.317317,1897611,2988,47,47
mv_tbl__quotes_daily__0                                                                                                                 ,230009,Delete                        ,t,[VacuumBG] Started Delete Only,2026-08-14 00:15:33.386158,,0.0,1913345,2988,47,0
mv_tbl__quotes_daily__0                                                                                                                 ,230009,Delete                        ,t,[VacuumBG] Finished           ,2026-08-14 00:17:04.441268,2026-08-14 00:17:07.019306,2.578038,1903599,2988,47,47
mv_tbl__quotes_daily__0                                                                                                                 ,230009,Delete                        ,t,[VacuumBG] Started Delete Only,2026-08-14 00:17:04.441268,,0.0,1919301,2988,47,0
mv_tbl__quotes_daily__0                                                                                                                 ,230009,Delete                        ,t,[VacuumBG] Started Delete Only,2026-08-14 00:18:33.298477,,0.0,1914517,2988,47,0
mv_tbl__quotes_daily__0                                                                                                                 ,230009,Delete                        ,t,[VacuumBG] Finished           ,2026-08-14 00:18:33.298477,2026-08-14 00:18:34.377707,1.07923,1906473,2988,47,47
mv_tbl__quotes_daily__0                                                                                                                 ,230009,Delete                        ,t,[VacuumBG] Started Delete Only,2026-08-14 00:20:03.347866,,0.0,1928208,2988,47,0
mv_tbl__quotes_daily__0                                                                                                                 ,230009,Delete                        ,t,[VacuumBG] Finished           ,2026-08-14 00:20:03.347866,2026-08-14 00:20:05.200459,1.852593,1907138,2989,47,47
mv_tbl__quotes_daily__0                                                                                                                 ,230009,Delete                        ,t,[VacuumBG] Started Delete Only,2026-08-14 00:21:33.386695,,0.0,1918688,2988,47,0
mv_tbl__quotes_daily__0                                                                                                                 ,230009,Delete                        ,t,[VacuumBG] Finished           ,2026-08-14 00:21:33.386695,2026-08-14 00:21:34.861885,1.47519,1904618,2988,47,47
mv_tbl__quotes_daily__0                                                                                                                 ,230009,Delete                        ,t,[VacuumBG] Started Delete Only,2026-08-14 00:23:03.367816,,0.0,1916665,2988,47,0
mv_tbl__quotes_daily__0                                                                                                                 ,230009,Delete                        ,t,[VacuumBG] Finished           ,2026-08-14 00:23:03.367816,2026-08-14 00:23:04.882091,1.514275,1903571,2988,47,47
mv_tbl__quotes_daily__0                                                                                                                 ,230009,Delete                        ,t,[VacuumBG] Finished           ,2026-08-14 00:24:33.549010,2026-08-14 00:24:33.566733,0.017723,1903571,2988,47,47
mv_tbl__quotes_daily__0                                                                                                                 ,230009,Delete                        ,t,[VacuumBG] Started Delete Only,2026-08-14 00:24:33.549010,,0.0,1903571,2988,47,0
