system,source_line,iteration,observed_at,raw_rows,query_number,query_name,latency_sec,compilation_sec,execution_sec,runtime_source,included_in_plot,exclusion_reason
ClickHouse Cloud,2,2,2026-08-08T07:05:59Z,724786266,1,Single-symbol summary,0.006,,,clickhouse-client --time,True,
ClickHouse Cloud,3,3,2026-08-08T07:15:59Z,1370669828,1,Single-symbol summary,0.041,,,clickhouse-client --time,True,
ClickHouse Cloud,4,4,2026-08-08T07:25:59Z,1975682003,1,Single-symbol summary,0.006,,,clickhouse-client --time,True,
ClickHouse Cloud,5,5,2026-08-08T07:35:59Z,2574084882,1,Single-symbol summary,0.007,,,clickhouse-client --time,True,
ClickHouse Cloud,6,6,2026-08-08T07:45:59Z,3146910669,1,Single-symbol summary,0.012,,,clickhouse-client --time,True,
ClickHouse Cloud,7,7,2026-08-08T07:55:59Z,3738865972,1,Single-symbol summary,0.014,,,clickhouse-client --time,True,
ClickHouse Cloud,8,8,2026-08-08T08:05:59Z,4293755746,1,Single-symbol summary,0.013,,,clickhouse-client --time,True,
ClickHouse Cloud,9,9,2026-08-08T08:15:59Z,4891042750,1,Single-symbol summary,0.007,,,clickhouse-client --time,True,
ClickHouse Cloud,10,10,2026-08-08T08:25:59Z,5469535309,1,Single-symbol summary,0.013,,,clickhouse-client --time,True,
ClickHouse Cloud,11,11,2026-08-08T08:35:59Z,6010532017,1,Single-symbol summary,0.006,,,clickhouse-client --time,True,
ClickHouse Cloud,12,12,2026-08-08T08:45:59Z,6539371357,1,Single-symbol summary,0.014,,,clickhouse-client --time,True,
ClickHouse Cloud,13,13,2026-08-08T08:55:59Z,7146131616,1,Single-symbol summary,0.006,,,clickhouse-client --time,True,
ClickHouse Cloud,14,14,2026-08-08T09:05:59Z,7727462172,1,Single-symbol summary,0.007,,,clickhouse-client --time,True,
ClickHouse Cloud,15,15,2026-08-08T09:15:59Z,8305203448,1,Single-symbol summary,0.007,,,clickhouse-client --time,True,
ClickHouse Cloud,16,16,2026-08-08T09:25:59Z,8807164173,1,Single-symbol summary,0.013,,,clickhouse-client --time,True,
ClickHouse Cloud,17,17,2026-08-08T09:35:59Z,9395201523,1,Single-symbol summary,0.007,,,clickhouse-client --time,True,
ClickHouse Cloud,18,18,2026-08-08T09:45:59Z,9911918805,1,Single-symbol summary,0.007,,,clickhouse-client --time,True,
ClickHouse Cloud,19,19,2026-08-08T09:55:59Z,10448957290,1,Single-symbol summary,0.007,,,clickhouse-client --time,True,
ClickHouse Cloud,20,20,2026-08-08T10:05:59Z,10999409964,1,Single-symbol summary,0.007,,,clickhouse-client --time,True,
ClickHouse Cloud,21,21,2026-08-08T10:15:59Z,11495758638,1,Single-symbol summary,0.007,,,clickhouse-client --time,True,
ClickHouse Cloud,22,22,2026-08-08T10:25:59Z,12058435469,1,Single-symbol summary,0.012,,,clickhouse-client --time,True,
ClickHouse Cloud,23,23,2026-08-08T10:35:59Z,12574526062,1,Single-symbol summary,0.013,,,clickhouse-client --time,True,
ClickHouse Cloud,24,24,2026-08-08T10:45:59Z,13130688854,1,Single-symbol summary,0.013,,,clickhouse-client --time,True,
ClickHouse Cloud,25,25,2026-08-08T10:55:59Z,13690901348,1,Single-symbol summary,0.014,,,clickhouse-client --time,True,
ClickHouse Cloud,26,26,2026-08-08T11:05:59Z,14280804947,1,Single-symbol summary,0.013,,,clickhouse-client --time,True,
ClickHouse Cloud,27,27,2026-08-08T11:15:59Z,14876856126,1,Single-symbol summary,0.013,,,clickhouse-client --time,True,
ClickHouse Cloud,28,28,2026-08-08T11:25:59Z,15470256866,1,Single-symbol summary,0.087,,,clickhouse-client --time,True,
ClickHouse Cloud,29,29,2026-08-08T11:35:59Z,16058779354,1,Single-symbol summary,0.007,,,clickhouse-client --time,True,
ClickHouse Cloud,30,30,2026-08-08T11:45:59Z,16604006353,1,Single-symbol summary,0.007,,,clickhouse-client --time,True,
ClickHouse Cloud,31,31,2026-08-08T11:55:59Z,17204550973,1,Single-symbol summary,0.006,,,clickhouse-client --time,True,
ClickHouse Cloud,32,32,2026-08-08T12:05:59Z,17758468213,1,Single-symbol summary,0.013,,,clickhouse-client --time,True,
ClickHouse Cloud,33,33,2026-08-08T12:15:59Z,18360002425,1,Single-symbol summary,0.013,,,clickhouse-client --time,True,
ClickHouse Cloud,34,34,2026-08-08T12:25:59Z,18930505218,1,Single-symbol summary,0.014,,,clickhouse-client --time,True,
ClickHouse Cloud,35,35,2026-08-08T12:35:59Z,19498533079,1,Single-symbol summary,0.012,,,clickhouse-client --time,True,
ClickHouse Cloud,36,36,2026-08-08T12:45:59Z,20030972521,1,Single-symbol summary,0.014,,,clickhouse-client --time,True,
ClickHouse Cloud,37,37,2026-08-08T12:55:59Z,20598954386,1,Single-symbol summary,0.013,,,clickhouse-client --time,True,
ClickHouse Cloud,38,38,2026-08-08T13:05:59Z,21177624388,1,Single-symbol summary,0.007,,,clickhouse-client --time,True,
ClickHouse Cloud,39,39,2026-08-08T13:15:59Z,21690449123,1,Single-symbol summary,0.007,,,clickhouse-client --time,True,
ClickHouse Cloud,40,40,2026-08-08T13:25:59Z,22225814642,1,Single-symbol summary,0.013,,,clickhouse-client --time,True,
ClickHouse Cloud,41,41,2026-08-08T13:35:59Z,22769842666,1,Single-symbol summary,0.007,,,clickhouse-client --time,True,
ClickHouse Cloud,42,42,2026-08-08T13:45:59Z,23288685490,1,Single-symbol summary,0.014,,,clickhouse-client --time,True,
ClickHouse Cloud,43,43,2026-08-08T13:55:59Z,23844225514,1,Single-symbol summary,0.007,,,clickhouse-client --time,True,
ClickHouse Cloud,44,44,2026-08-08T14:05:59Z,24360433073,1,Single-symbol summary,0.007,,,clickhouse-client --time,True,
ClickHouse Cloud,45,45,2026-08-08T14:15:59Z,24937313823,1,Single-symbol summary,0.012,,,clickhouse-client --time,True,
ClickHouse Cloud,46,46,2026-08-08T14:25:59Z,25492435118,1,Single-symbol summary,0.007,,,clickhouse-client --time,True,
ClickHouse Cloud,47,47,2026-08-08T14:35:59Z,26047358918,1,Single-symbol summary,0.007,,,clickhouse-client --time,True,
ClickHouse Cloud,48,48,2026-08-08T14:45:59Z,26583320264,1,Single-symbol summary,0.007,,,clickhouse-client --time,True,
ClickHouse Cloud,49,49,2026-08-08T14:55:59Z,27117466999,1,Single-symbol summary,0.013,,,clickhouse-client --time,True,
ClickHouse Cloud,50,50,2026-08-08T15:05:59Z,27681375912,1,Single-symbol summary,0.007,,,clickhouse-client --time,True,
ClickHouse Cloud,51,51,2026-08-08T15:15:59Z,28239125449,1,Single-symbol summary,0.007,,,clickhouse-client --time,True,
ClickHouse Cloud,52,52,2026-08-08T15:25:59Z,28773516979,1,Single-symbol summary,0.111,,,clickhouse-client --time,True,
ClickHouse Cloud,53,53,2026-08-08T15:35:59Z,29346127706,1,Single-symbol summary,0.007,,,clickhouse-client --time,True,
ClickHouse Cloud,54,54,2026-08-08T15:45:59Z,29890137150,1,Single-symbol summary,0.007,,,clickhouse-client --time,True,
ClickHouse Cloud,55,55,2026-08-08T15:55:59Z,30465667350,1,Single-symbol summary,0.007,,,clickhouse-client --time,True,
ClickHouse Cloud,56,56,2026-08-08T16:05:59Z,31018228497,1,Single-symbol summary,0.014,,,clickhouse-client --time,True,
ClickHouse Cloud,57,57,2026-08-08T16:15:59Z,31588088259,1,Single-symbol summary,0.013,,,clickhouse-client --time,True,
ClickHouse Cloud,58,58,2026-08-08T16:25:59Z,32144496083,1,Single-symbol summary,0.014,,,clickhouse-client --time,True,
ClickHouse Cloud,59,59,2026-08-08T16:35:59Z,32651953244,1,Single-symbol summary,0.014,,,clickhouse-client --time,True,
ClickHouse Cloud,60,60,2026-08-08T16:45:59Z,33183996050,1,Single-symbol summary,0.013,,,clickhouse-client --time,True,
ClickHouse Cloud,61,61,2026-08-08T16:55:59Z,33748476003,1,Single-symbol summary,0.007,,,clickhouse-client --time,True,
ClickHouse Cloud,62,62,2026-08-08T17:05:59Z,34249264401,1,Single-symbol summary,0.013,,,clickhouse-client --time,True,
ClickHouse Cloud,63,63,2026-08-08T17:15:59Z,34764613132,1,Single-symbol summary,0.007,,,clickhouse-client --time,True,
ClickHouse Cloud,64,64,2026-08-08T17:25:59Z,35300178406,1,Single-symbol summary,0.012,,,clickhouse-client --time,True,
ClickHouse Cloud,65,65,2026-08-08T17:35:59Z,35804053385,1,Single-symbol summary,0.009,,,clickhouse-client --time,True,
ClickHouse Cloud,66,66,2026-08-08T17:45:59Z,36352821706,1,Single-symbol summary,0.013,,,clickhouse-client --time,True,
ClickHouse Cloud,67,67,2026-08-08T17:55:59Z,36850964650,1,Single-symbol summary,0.013,,,clickhouse-client --time,True,
ClickHouse Cloud,68,68,2026-08-08T18:05:59Z,37331880801,1,Single-symbol summary,0.013,,,clickhouse-client --time,True,
ClickHouse Cloud,69,69,2026-08-08T18:15:59Z,37851506740,1,Single-symbol summary,0.007,,,clickhouse-client --time,True,
ClickHouse Cloud,70,70,2026-08-08T18:25:59Z,38333894855,1,Single-symbol summary,0.007,,,clickhouse-client --time,True,
ClickHouse Cloud,71,71,2026-08-08T18:35:59Z,38903981063,1,Single-symbol summary,0.007,,,clickhouse-client --time,True,
ClickHouse Cloud,72,72,2026-08-08T18:45:59Z,39403630784,1,Single-symbol summary,0.007,,,clickhouse-client --time,True,
ClickHouse Cloud,73,73,2026-08-08T18:55:59Z,39938729827,1,Single-symbol summary,0.013,,,clickhouse-client --time,True,
ClickHouse Cloud,74,74,2026-08-08T19:05:59Z,40455322866,1,Single-symbol summary,0.014,,,clickhouse-client --time,True,
ClickHouse Cloud,75,75,2026-08-08T19:15:59Z,40983472025,1,Single-symbol summary,0.014,,,clickhouse-client --time,True,
ClickHouse Cloud,76,76,2026-08-08T19:25:59Z,41461994932,1,Single-symbol summary,0.014,,,clickhouse-client --time,True,
ClickHouse Cloud,77,77,2026-08-08T19:35:59Z,41986954384,1,Single-symbol summary,0.007,,,clickhouse-client --time,True,
ClickHouse Cloud,78,78,2026-08-08T19:45:59Z,42504704257,1,Single-symbol summary,0.014,,,clickhouse-client --time,True,
ClickHouse Cloud,79,79,2026-08-08T19:55:59Z,43037353870,1,Single-symbol summary,0.014,,,clickhouse-client --time,True,
ClickHouse Cloud,80,80,2026-08-08T20:05:59Z,43568180819,1,Single-symbol summary,0.015,,,clickhouse-client --time,True,
ClickHouse Cloud,81,81,2026-08-08T20:15:59Z,44075896295,1,Single-symbol summary,0.008,,,clickhouse-client --time,True,
ClickHouse Cloud,82,82,2026-08-08T20:25:59Z,44585275116,1,Single-symbol summary,0.015,,,clickhouse-client --time,True,
ClickHouse Cloud,83,83,2026-08-08T20:35:59Z,45119401562,1,Single-symbol summary,0.017,,,clickhouse-client --time,True,
ClickHouse Cloud,84,84,2026-08-08T20:45:59Z,45608868518,1,Single-symbol summary,0.007,,,clickhouse-client --time,True,
ClickHouse Cloud,85,85,2026-08-08T20:55:59Z,46108257326,1,Single-symbol summary,0.007,,,clickhouse-client --time,True,
ClickHouse Cloud,86,86,2026-08-08T21:05:59Z,46607144697,1,Single-symbol summary,0.009,,,clickhouse-client --time,True,
ClickHouse Cloud,87,87,2026-08-08T21:15:59Z,47127220430,1,Single-symbol summary,0.013,,,clickhouse-client --time,True,
ClickHouse Cloud,88,88,2026-08-08T21:25:59Z,47630286458,1,Single-symbol summary,0.014,,,clickhouse-client --time,True,
ClickHouse Cloud,89,89,2026-08-08T21:35:59Z,48152769396,1,Single-symbol summary,0.015,,,clickhouse-client --time,True,
ClickHouse Cloud,90,90,2026-08-08T21:45:59Z,48651039753,1,Single-symbol summary,0.017,,,clickhouse-client --time,True,
ClickHouse Cloud,91,91,2026-08-08T21:55:59Z,49173608481,1,Single-symbol summary,0.014,,,clickhouse-client --time,True,
ClickHouse Cloud,92,92,2026-08-08T22:05:59Z,49691385785,1,Single-symbol summary,0.014,,,clickhouse-client --time,True,
ClickHouse Cloud,93,93,2026-08-08T22:15:59Z,50238320035,1,Single-symbol summary,0.014,,,clickhouse-client --time,True,
ClickHouse Cloud,94,94,2026-08-08T22:25:59Z,50788829774,1,Single-symbol summary,0.007,,,clickhouse-client --time,True,
ClickHouse Cloud,95,95,2026-08-08T22:35:59Z,51325118756,1,Single-symbol summary,0.008,,,clickhouse-client --time,True,
ClickHouse Cloud,96,96,2026-08-08T22:45:59Z,51886771408,1,Single-symbol summary,0.007,,,clickhouse-client --time,True,
ClickHouse Cloud,97,97,2026-08-08T22:55:59Z,52441318029,1,Single-symbol summary,0.007,,,clickhouse-client --time,True,
ClickHouse Cloud,98,98,2026-08-08T23:05:59Z,52920335727,1,Single-symbol summary,0.035,,,clickhouse-client --time,True,
ClickHouse Cloud,99,99,2026-08-08T23:15:59Z,53408601648,1,Single-symbol summary,0.013,,,clickhouse-client --time,True,
ClickHouse Cloud,100,100,2026-08-08T23:25:59Z,53910086618,1,Single-symbol summary,0.014,,,clickhouse-client --time,True,
ClickHouse Cloud,101,101,2026-08-08T23:35:59Z,54424699241,1,Single-symbol summary,0.007,,,clickhouse-client --time,True,
ClickHouse Cloud,102,102,2026-08-08T23:45:59Z,54899250491,1,Single-symbol summary,0.008,,,clickhouse-client --time,True,
ClickHouse Cloud,103,103,2026-08-08T23:55:59Z,55416633625,1,Single-symbol summary,0.007,,,clickhouse-client --time,True,
ClickHouse Cloud,104,104,2026-08-09T00:05:59Z,55944840077,1,Single-symbol summary,0.008,,,clickhouse-client --time,True,
ClickHouse Cloud,105,105,2026-08-09T00:15:59Z,56450202011,1,Single-symbol summary,0.015,,,clickhouse-client --time,True,
ClickHouse Cloud,106,106,2026-08-09T00:25:59Z,56976658135,1,Single-symbol summary,0.015,,,clickhouse-client --time,True,
ClickHouse Cloud,107,107,2026-08-09T00:35:59Z,57502590981,1,Single-symbol summary,0.007,,,clickhouse-client --time,True,
ClickHouse Cloud,108,108,2026-08-09T00:45:59Z,58017492696,1,Single-symbol summary,0.007,,,clickhouse-client --time,True,
ClickHouse Cloud,109,109,2026-08-09T00:55:59Z,58509450012,1,Single-symbol summary,0.008,,,clickhouse-client --time,True,
ClickHouse Cloud,110,110,2026-08-09T01:05:59Z,59010783142,1,Single-symbol summary,0.014,,,clickhouse-client --time,True,
ClickHouse Cloud,111,111,2026-08-09T01:15:59Z,59503489949,1,Single-symbol summary,0.01,,,clickhouse-client --time,True,
ClickHouse Cloud,112,112,2026-08-09T01:25:59Z,59972983401,1,Single-symbol summary,0.014,,,clickhouse-client --time,True,
ClickHouse Cloud,113,113,2026-08-09T01:35:59Z,60442237749,1,Single-symbol summary,0.009,,,clickhouse-client --time,True,
ClickHouse Cloud,114,114,2026-08-09T01:45:59Z,60904448195,1,Single-symbol summary,0.007,,,clickhouse-client --time,True,
ClickHouse Cloud,115,115,2026-08-09T01:55:59Z,61370139665,1,Single-symbol summary,0.014,,,clickhouse-client --time,True,
ClickHouse Cloud,116,116,2026-08-09T02:05:59Z,61872097967,1,Single-symbol summary,0.013,,,clickhouse-client --time,True,
ClickHouse Cloud,117,117,2026-08-09T02:15:59Z,62362523974,1,Single-symbol summary,0.015,,,clickhouse-client --time,True,
ClickHouse Cloud,118,118,2026-08-09T02:25:59Z,62852767644,1,Single-symbol summary,0.015,,,clickhouse-client --time,True,
ClickHouse Cloud,119,119,2026-08-09T02:35:59Z,63303274836,1,Single-symbol summary,0.015,,,clickhouse-client --time,True,
ClickHouse Cloud,120,120,2026-08-09T02:45:59Z,63813706871,1,Single-symbol summary,0.014,,,clickhouse-client --time,True,
ClickHouse Cloud,121,121,2026-08-09T02:55:59Z,64297816643,1,Single-symbol summary,0.014,,,clickhouse-client --time,True,
ClickHouse Cloud,122,122,2026-08-09T03:05:59Z,64830505943,1,Single-symbol summary,0.007,,,clickhouse-client --time,True,
ClickHouse Cloud,123,123,2026-08-09T03:15:59Z,65325007686,1,Single-symbol summary,0.006,,,clickhouse-client --time,True,
ClickHouse Cloud,124,124,2026-08-09T03:25:59Z,65803792964,1,Single-symbol summary,0.007,,,clickhouse-client --time,True,
ClickHouse Cloud,125,125,2026-08-09T03:35:59Z,66304040996,1,Single-symbol summary,0.007,,,clickhouse-client --time,True,
ClickHouse Cloud,126,126,2026-08-09T03:45:59Z,66813762801,1,Single-symbol summary,0.007,,,clickhouse-client --time,True,
ClickHouse Cloud,127,127,2026-08-09T03:55:59Z,67293866994,1,Single-symbol summary,0.013,,,clickhouse-client --time,True,
ClickHouse Cloud,128,128,2026-08-09T04:05:59Z,67748504407,1,Single-symbol summary,0.015,,,clickhouse-client --time,True,
ClickHouse Cloud,129,129,2026-08-09T04:15:59Z,68201006429,1,Single-symbol summary,0.014,,,clickhouse-client --time,True,
ClickHouse Cloud,130,130,2026-08-09T04:25:59Z,68684069442,1,Single-symbol summary,0.01,,,clickhouse-client --time,True,
ClickHouse Cloud,131,131,2026-08-09T04:35:59Z,69181831398,1,Single-symbol summary,0.008,,,clickhouse-client --time,True,
ClickHouse Cloud,132,132,2026-08-09T04:45:59Z,69676432303,1,Single-symbol summary,0.014,,,clickhouse-client --time,True,
ClickHouse Cloud,133,133,2026-08-09T04:55:59Z,70168596073,1,Single-symbol summary,0.007,,,clickhouse-client --time,True,
ClickHouse Cloud,134,134,2026-08-09T05:05:59Z,70659299166,1,Single-symbol summary,0.007,,,clickhouse-client --time,True,
ClickHouse Cloud,135,135,2026-08-09T05:15:59Z,71156738966,1,Single-symbol summary,0.007,,,clickhouse-client --time,True,
ClickHouse Cloud,136,136,2026-08-09T05:25:59Z,71624709770,1,Single-symbol summary,0.007,,,clickhouse-client --time,True,
ClickHouse Cloud,137,137,2026-08-09T05:35:59Z,72091825703,1,Single-symbol summary,0.015,,,clickhouse-client --time,True,
ClickHouse Cloud,138,138,2026-08-09T05:45:59Z,72547878251,1,Single-symbol summary,0.007,,,clickhouse-client --time,True,
ClickHouse Cloud,139,139,2026-08-09T05:55:59Z,73013213443,1,Single-symbol summary,0.007,,,clickhouse-client --time,True,
ClickHouse Cloud,140,140,2026-08-09T06:05:59Z,73476437585,1,Single-symbol summary,0.007,,,clickhouse-client --time,True,
ClickHouse Cloud,141,141,2026-08-09T06:15:59Z,73987325693,1,Single-symbol summary,0.008,,,clickhouse-client --time,True,
ClickHouse Cloud,142,142,2026-08-09T06:25:59Z,74486757162,1,Single-symbol summary,0.013,,,clickhouse-client --time,True,
ClickHouse Cloud,143,143,2026-08-09T06:35:59Z,74995355831,1,Single-symbol summary,0.015,,,clickhouse-client --time,True,
ClickHouse Cloud,144,144,2026-08-09T06:45:59Z,75466940903,1,Single-symbol summary,0.008,,,clickhouse-client --time,True,
ClickHouse Cloud,145,145,2026-08-09T06:55:59Z,75964855518,1,Single-symbol summary,0.014,,,clickhouse-client --time,True,
ClickHouse Cloud,146,146,2026-08-09T07:05:59Z,76430868234,1,Single-symbol summary,0.007,,,clickhouse-client --time,True,
ClickHouse Cloud,147,147,2026-08-09T07:15:59Z,76885010641,1,Single-symbol summary,0.008,,,clickhouse-client --time,True,
ClickHouse Cloud,148,148,2026-08-09T07:25:59Z,77350951993,1,Single-symbol summary,0.008,,,clickhouse-client --time,True,
ClickHouse Cloud,149,149,2026-08-09T07:35:59Z,77850423857,1,Single-symbol summary,0.007,,,clickhouse-client --time,True,
ClickHouse Cloud,150,150,2026-08-09T07:45:59Z,78316136469,1,Single-symbol summary,0.014,,,clickhouse-client --time,True,
ClickHouse Cloud,151,151,2026-08-09T07:55:59Z,78743691693,1,Single-symbol summary,0.009,,,clickhouse-client --time,True,
ClickHouse Cloud,152,152,2026-08-09T08:05:59Z,79106273696,1,Single-symbol summary,0.013,,,clickhouse-client --time,True,
ClickHouse Cloud,153,153,2026-08-09T08:15:59Z,79558355522,1,Single-symbol summary,0.009,,,clickhouse-client --time,True,
ClickHouse Cloud,154,154,2026-08-09T08:25:59Z,80034599414,1,Single-symbol summary,0.015,,,clickhouse-client --time,True,
ClickHouse Cloud,155,155,2026-08-09T08:35:59Z,80503603294,1,Single-symbol summary,0.009,,,clickhouse-client --time,True,
ClickHouse Cloud,156,156,2026-08-09T08:45:59Z,80949316423,1,Single-symbol summary,0.014,,,clickhouse-client --time,True,
ClickHouse Cloud,157,157,2026-08-09T08:55:59Z,81360968914,1,Single-symbol summary,0.007,,,clickhouse-client --time,True,
ClickHouse Cloud,158,158,2026-08-09T09:05:59Z,81786894322,1,Single-symbol summary,0.014,,,clickhouse-client --time,True,
ClickHouse Cloud,159,159,2026-08-09T09:15:59Z,82193904360,1,Single-symbol summary,0.007,,,clickhouse-client --time,True,
ClickHouse Cloud,160,160,2026-08-09T09:25:59Z,82614022776,1,Single-symbol summary,0.015,,,clickhouse-client --time,True,
ClickHouse Cloud,161,161,2026-08-09T09:35:59Z,83038964951,1,Single-symbol summary,0.01,,,clickhouse-client --time,True,
ClickHouse Cloud,162,162,2026-08-09T09:45:59Z,83491097777,1,Single-symbol summary,0.015,,,clickhouse-client --time,True,
ClickHouse Cloud,163,163,2026-08-09T09:55:59Z,83949333223,1,Single-symbol summary,0.014,,,clickhouse-client --time,True,
ClickHouse Cloud,164,164,2026-08-09T10:05:59Z,84454230067,1,Single-symbol summary,0.007,,,clickhouse-client --time,True,
ClickHouse Cloud,165,165,2026-08-09T10:15:59Z,84942338016,1,Single-symbol summary,0.007,,,clickhouse-client --time,True,
ClickHouse Cloud,166,166,2026-08-09T10:25:59Z,85486320046,1,Single-symbol summary,0.007,,,clickhouse-client --time,True,
ClickHouse Cloud,167,167,2026-08-09T10:35:59Z,86027059928,1,Single-symbol summary,0.015,,,clickhouse-client --time,True,
ClickHouse Cloud,168,168,2026-08-09T10:45:59Z,86536377584,1,Single-symbol summary,0.009,,,clickhouse-client --time,True,
ClickHouse Cloud,169,169,2026-08-09T10:55:59Z,87060073492,1,Single-symbol summary,0.014,,,clickhouse-client --time,True,
ClickHouse Cloud,170,170,2026-08-09T11:05:59Z,87633622969,1,Single-symbol summary,0.014,,,clickhouse-client --time,True,
ClickHouse Cloud,171,171,2026-08-09T11:15:59Z,88183458683,1,Single-symbol summary,0.014,,,clickhouse-client --time,True,
ClickHouse Cloud,172,172,2026-08-09T11:25:59Z,88722660479,1,Single-symbol summary,0.008,,,clickhouse-client --time,True,
ClickHouse Cloud,173,173,2026-08-09T11:35:59Z,89252600968,1,Single-symbol summary,0.007,,,clickhouse-client --time,True,
ClickHouse Cloud,174,174,2026-08-09T11:45:59Z,89771307204,1,Single-symbol summary,0.007,,,clickhouse-client --time,True,
ClickHouse Cloud,175,175,2026-08-09T11:55:59Z,90310361990,1,Single-symbol summary,0.014,,,clickhouse-client --time,True,
ClickHouse Cloud,176,176,2026-08-09T12:05:59Z,90786625328,1,Single-symbol summary,0.007,,,clickhouse-client --time,True,
ClickHouse Cloud,177,177,2026-08-09T12:15:59Z,91318721092,1,Single-symbol summary,0.007,,,clickhouse-client --time,True,
ClickHouse Cloud,178,178,2026-08-09T12:25:59Z,91841644344,1,Single-symbol summary,0.007,,,clickhouse-client --time,True,
ClickHouse Cloud,179,179,2026-08-09T12:35:59Z,92330582028,1,Single-symbol summary,0.007,,,clickhouse-client --time,True,
ClickHouse Cloud,180,180,2026-08-09T12:45:59Z,92808126794,1,Single-symbol summary,0.013,,,clickhouse-client --time,True,
ClickHouse Cloud,181,181,2026-08-09T12:55:59Z,93292685867,1,Single-symbol summary,0.014,,,clickhouse-client --time,True,
ClickHouse Cloud,182,182,2026-08-09T13:05:59Z,93798216437,1,Single-symbol summary,0.013,,,clickhouse-client --time,True,
ClickHouse Cloud,183,183,2026-08-09T13:15:59Z,94324820860,1,Single-symbol summary,0.014,,,clickhouse-client --time,True,
ClickHouse Cloud,184,184,2026-08-09T13:25:59Z,94869720583,1,Single-symbol summary,0.015,,,clickhouse-client --time,True,
ClickHouse Cloud,185,185,2026-08-09T13:35:59Z,95368092163,1,Single-symbol summary,0.008,,,clickhouse-client --time,True,
ClickHouse Cloud,186,186,2026-08-09T13:45:59Z,95854521730,1,Single-symbol summary,0.008,,,clickhouse-client --time,True,
ClickHouse Cloud,187,187,2026-08-09T13:55:59Z,96363475717,1,Single-symbol summary,0.01,,,clickhouse-client --time,True,
ClickHouse Cloud,188,188,2026-08-09T14:05:59Z,96870245467,1,Single-symbol summary,0.007,,,clickhouse-client --time,True,
ClickHouse Cloud,189,189,2026-08-09T14:15:59Z,97440595296,1,Single-symbol summary,0.016,,,clickhouse-client --time,True,
ClickHouse Cloud,190,190,2026-08-09T14:25:59Z,97990299109,1,Single-symbol summary,0.015,,,clickhouse-client --time,True,
ClickHouse Cloud,191,191,2026-08-09T14:35:59Z,98531195718,1,Single-symbol summary,0.007,,,clickhouse-client --time,True,
ClickHouse Cloud,192,192,2026-08-09T14:45:59Z,99080355059,1,Single-symbol summary,0.008,,,clickhouse-client --time,True,
ClickHouse Cloud,193,193,2026-08-09T14:55:59Z,99566521565,1,Single-symbol summary,0.007,,,clickhouse-client --time,True,
Snowflake,2,2,2026-08-11T11:28:57Z,532996784,1,Single-symbol summary,1.779,1.728,0.051,runner result (end-to-end); compilation/execution retained,True,
Snowflake,3,3,2026-08-11T11:38:57Z,1108625165,1,Single-symbol summary,6.652,6.474,0.102,runner result (end-to-end); compilation/execution retained,True,
Snowflake,4,4,2026-08-11T11:48:57Z,1658912507,1,Single-symbol summary,8.698,8.167,0.401,runner result (end-to-end); compilation/execution retained,True,
Snowflake,5,5,2026-08-11T11:58:57Z,2217147353,1,Single-symbol summary,9.072,8.336,0.488,runner result (end-to-end); compilation/execution retained,True,
Snowflake,6,6,2026-08-11T12:08:57Z,2786291244,1,Single-symbol summary,10.013,9.266,0.557,runner result (end-to-end); compilation/execution retained,True,
Snowflake,7,7,2026-08-11T12:18:57Z,3343738155,1,Single-symbol summary,10.651,9.74,0.396,runner result (end-to-end); compilation/execution retained,True,
Snowflake,8,8,2026-08-11T12:28:57Z,3899391577,1,Single-symbol summary,10.881,10.257,0.49,runner result (end-to-end); compilation/execution retained,True,
Snowflake,9,9,2026-08-11T12:38:57Z,4448004794,1,Single-symbol summary,11.605,10.906,0.443,runner result (end-to-end); compilation/execution retained,True,
Snowflake,10,10,2026-08-11T12:48:57Z,5002254267,1,Single-symbol summary,11.572,10.655,0.487,runner result (end-to-end); compilation/execution retained,True,
Snowflake,11,11,2026-08-11T12:58:57Z,5553730140,1,Single-symbol summary,12.258,11.568,0.438,runner result (end-to-end); compilation/execution retained,True,
Snowflake,12,12,2026-08-11T13:08:57Z,6107183801,1,Single-symbol summary,12.97,12.073,0.506,runner result (end-to-end); compilation/execution retained,True,
Snowflake,13,13,2026-08-11T13:18:57Z,6662885451,1,Single-symbol summary,13.804,12.708,0.519,runner result (end-to-end); compilation/execution retained,True,
Snowflake,14,14,2026-08-11T13:28:57Z,7220407062,1,Single-symbol summary,12.653,11.815,0.532,runner result (end-to-end); compilation/execution retained,True,
Snowflake,15,15,2026-08-11T13:38:57Z,7772453021,1,Single-symbol summary,14.05,13.739,0.23,runner result (end-to-end); compilation/execution retained,True,
Snowflake,16,16,2026-08-11T13:48:57Z,8327660844,1,Single-symbol summary,6.553,5.673,0.356,runner result (end-to-end); compilation/execution retained,True,
Snowflake,17,17,2026-08-11T13:58:57Z,8869790384,1,Single-symbol summary,10.545,9.881,0.546,runner result (end-to-end); compilation/execution retained,True,
Snowflake,18,18,2026-08-11T14:08:57Z,9416167217,1,Single-symbol summary,10.151,9.505,0.513,runner result (end-to-end); compilation/execution retained,True,
Snowflake,19,19,2026-08-11T14:18:57Z,9966828956,1,Single-symbol summary,10.8,9.99,0.417,runner result (end-to-end); compilation/execution retained,True,
Snowflake,20,20,2026-08-11T14:28:57Z,10515573711,1,Single-symbol summary,10.76,10.095,0.473,runner result (end-to-end); compilation/execution retained,True,
Snowflake,21,21,2026-08-11T14:38:57Z,11061458462,1,Single-symbol summary,10.962,10.283,0.426,runner result (end-to-end); compilation/execution retained,True,
Snowflake,22,22,2026-08-11T14:48:57Z,11598082800,1,Single-symbol summary,10.298,9.767,0.456,runner result (end-to-end); compilation/execution retained,True,
Snowflake,23,23,2026-08-11T14:58:57Z,12155361632,1,Single-symbol summary,10.331,9.61,0.526,runner result (end-to-end); compilation/execution retained,True,
Snowflake,24,24,2026-08-11T15:08:57Z,12701532891,1,Single-symbol summary,7.681,6.984,0.631,runner result (end-to-end); compilation/execution retained,True,
Snowflake,25,25,2026-08-11T15:18:57Z,13239818975,1,Single-symbol summary,12.144,11.441,0.45,runner result (end-to-end); compilation/execution retained,True,
Snowflake,26,26,2026-08-11T15:28:57Z,13783825272,1,Single-symbol summary,12.569,11.791,0.462,runner result (end-to-end); compilation/execution retained,True,
Snowflake,27,27,2026-08-11T15:38:57Z,14320432691,1,Single-symbol summary,12.425,11.761,0.423,runner result (end-to-end); compilation/execution retained,True,
Snowflake,28,28,2026-08-11T15:48:57Z,14865686419,1,Single-symbol summary,13.351,12.684,0.584,runner result (end-to-end); compilation/execution retained,True,
Snowflake,29,29,2026-08-11T15:58:57Z,15406449067,1,Single-symbol summary,12.566,11.536,0.575,runner result (end-to-end); compilation/execution retained,True,
Snowflake,30,30,2026-08-11T16:08:57Z,15953152260,1,Single-symbol summary,14.158,13.411,0.58,runner result (end-to-end); compilation/execution retained,True,
Snowflake,31,31,2026-08-11T16:18:57Z,16496810019,1,Single-symbol summary,12.407,11.438,0.522,runner result (end-to-end); compilation/execution retained,True,
Snowflake,32,32,2026-08-11T16:28:57Z,17037168163,1,Single-symbol summary,13.994,13.337,0.592,runner result (end-to-end); compilation/execution retained,True,
Snowflake,33,33,2026-08-11T16:38:57Z,17587595862,1,Single-symbol summary,14.664,13.995,0.528,runner result (end-to-end); compilation/execution retained,True,
Snowflake,34,34,2026-08-11T16:48:57Z,18120902444,1,Single-symbol summary,15.428,14.791,0.464,runner result (end-to-end); compilation/execution retained,True,
Snowflake,35,35,2026-08-11T16:58:57Z,18664388826,1,Single-symbol summary,16.046,15.333,0.63,runner result (end-to-end); compilation/execution retained,True,
Snowflake,36,36,2026-08-11T17:08:57Z,19216193045,1,Single-symbol summary,17.385,16.724,0.577,runner result (end-to-end); compilation/execution retained,True,
Snowflake,37,37,2026-08-11T17:18:57Z,19745883933,1,Single-symbol summary,15.811,15.454,0.271,runner result (end-to-end); compilation/execution retained,True,
Snowflake,38,38,2026-08-11T17:28:57Z,20305329136,1,Single-symbol summary,16.188,15.489,0.607,runner result (end-to-end); compilation/execution retained,True,
Snowflake,39,39,2026-08-11T17:38:57Z,20844684066,1,Single-symbol summary,16.699,16.037,0.553,runner result (end-to-end); compilation/execution retained,True,
Snowflake,40,40,2026-08-11T17:48:57Z,21391428069,1,Single-symbol summary,18.327,17.224,0.955,runner result (end-to-end); compilation/execution retained,True,
Snowflake,41,41,2026-08-11T17:58:57Z,21938345201,1,Single-symbol summary,17.613,16.925,0.648,runner result (end-to-end); compilation/execution retained,True,
Snowflake,42,42,2026-08-11T18:08:57Z,22480394175,1,Single-symbol summary,16.347,15.618,0.624,runner result (end-to-end); compilation/execution retained,True,
Snowflake,43,43,2026-08-11T18:18:57Z,23027036303,1,Single-symbol summary,18.343,17.622,0.615,runner result (end-to-end); compilation/execution retained,True,
Snowflake,44,44,2026-08-11T18:28:57Z,23563684837,1,Single-symbol summary,17.34,16.501,0.766,runner result (end-to-end); compilation/execution retained,True,
Snowflake,45,45,2026-08-11T18:38:57Z,24108292723,1,Single-symbol summary,17.962,17.218,0.675,runner result (end-to-end); compilation/execution retained,True,
Snowflake,46,46,2026-08-11T18:48:57Z,24651647019,1,Single-symbol summary,17.391,16.619,0.674,runner result (end-to-end); compilation/execution retained,True,
Snowflake,47,47,2026-08-11T18:58:57Z,25200289313,1,Single-symbol summary,18.832,18.052,0.672,runner result (end-to-end); compilation/execution retained,True,
Snowflake,48,48,2026-08-11T19:08:57Z,25747852434,1,Single-symbol summary,20.249,19.541,0.596,runner result (end-to-end); compilation/execution retained,True,
Snowflake,49,49,2026-08-11T19:18:57Z,26283076869,1,Single-symbol summary,19.108,18.046,0.782,runner result (end-to-end); compilation/execution retained,True,
Snowflake,50,50,2026-08-11T19:28:57Z,26820178083,1,Single-symbol summary,17.532,16.975,0.498,runner result (end-to-end); compilation/execution retained,True,
Snowflake,51,51,2026-08-11T19:38:57Z,27375417517,1,Single-symbol summary,18.332,17.262,0.538,runner result (end-to-end); compilation/execution retained,True,
Snowflake,52,52,2026-08-11T19:48:57Z,27918995748,1,Single-symbol summary,18.486,17.369,0.62,runner result (end-to-end); compilation/execution retained,True,
Snowflake,53,53,2026-08-11T19:58:57Z,28455528243,1,Single-symbol summary,20.013,19.503,0.424,runner result (end-to-end); compilation/execution retained,True,
Snowflake,54,54,2026-08-11T20:08:57Z,28993570106,1,Single-symbol summary,17.617,16.875,0.661,runner result (end-to-end); compilation/execution retained,True,
Snowflake,55,55,2026-08-11T20:18:57Z,29545700964,1,Single-symbol summary,21.191,20.231,0.527,runner result (end-to-end); compilation/execution retained,True,
Snowflake,56,56,2026-08-11T20:28:57Z,30083988028,1,Single-symbol summary,18.76,18.144,0.616,runner result (end-to-end); compilation/execution retained,True,
Snowflake,57,57,2026-08-11T20:38:57Z,30630575890,1,Single-symbol summary,18.868,18.267,0.542,runner result (end-to-end); compilation/execution retained,True,
Snowflake,58,58,2026-08-11T20:48:57Z,31165284381,1,Single-symbol summary,18.797,18.087,0.618,runner result (end-to-end); compilation/execution retained,True,
Snowflake,59,59,2026-08-11T20:58:57Z,31720586913,1,Single-symbol summary,21.674,20.83,0.752,runner result (end-to-end); compilation/execution retained,True,
Snowflake,60,60,2026-08-11T21:08:57Z,32256432850,1,Single-symbol summary,20.629,19.769,0.784,runner result (end-to-end); compilation/execution retained,True,
Snowflake,61,61,2026-08-11T21:18:57Z,32804567571,1,Single-symbol summary,21.397,20.516,0.513,runner result (end-to-end); compilation/execution retained,True,
Snowflake,62,62,2026-08-11T21:28:57Z,33359668543,1,Single-symbol summary,21.059,20.364,0.636,runner result (end-to-end); compilation/execution retained,True,
Snowflake,63,63,2026-08-11T21:38:57Z,33893505898,1,Single-symbol summary,21.941,21.04,0.53,runner result (end-to-end); compilation/execution retained,True,
Snowflake,64,64,2026-08-11T21:48:57Z,34442826434,1,Single-symbol summary,19.752,19.12,0.523,runner result (end-to-end); compilation/execution retained,True,
Snowflake,65,65,2026-08-11T21:58:57Z,34990195086,1,Single-symbol summary,21.055,20.165,0.773,runner result (end-to-end); compilation/execution retained,True,
Snowflake,66,66,2026-08-11T22:08:57Z,35543561911,1,Single-symbol summary,22.141,21.415,0.608,runner result (end-to-end); compilation/execution retained,True,
Snowflake,67,67,2026-08-11T22:18:57Z,36086551556,1,Single-symbol summary,22.204,21.718,0.353,runner result (end-to-end); compilation/execution retained,True,
Snowflake,68,68,2026-08-11T22:28:57Z,36629144961,1,Single-symbol summary,21.463,20.826,0.558,runner result (end-to-end); compilation/execution retained,True,
Snowflake,69,69,2026-08-11T22:38:57Z,37176739226,1,Single-symbol summary,21.439,21.007,0.36,runner result (end-to-end); compilation/execution retained,True,
Snowflake,70,70,2026-08-11T22:48:57Z,37714068818,1,Single-symbol summary,21.478,20.692,0.721,runner result (end-to-end); compilation/execution retained,True,
Snowflake,71,71,2026-08-11T22:58:57Z,38258658415,1,Single-symbol summary,21.956,21.218,0.635,runner result (end-to-end); compilation/execution retained,True,
Snowflake,72,72,2026-08-11T23:08:57Z,38815458699,1,Single-symbol summary,20.802,19.884,0.777,runner result (end-to-end); compilation/execution retained,True,
Snowflake,73,73,2026-08-11T23:18:57Z,39353814542,1,Single-symbol summary,22.201,21.503,0.608,runner result (end-to-end); compilation/execution retained,True,
Snowflake,74,74,2026-08-11T23:28:57Z,39910561199,1,Single-symbol summary,20.33,19.618,0.62,runner result (end-to-end); compilation/execution retained,True,
Snowflake,75,75,2026-08-11T23:38:57Z,40450795463,1,Single-symbol summary,24.133,23.642,0.42,runner result (end-to-end); compilation/execution retained,True,
Snowflake,76,76,2026-08-11T23:48:57Z,41001235716,1,Single-symbol summary,21.87,21.09,0.678,runner result (end-to-end); compilation/execution retained,True,
Snowflake,77,77,2026-08-11T23:58:57Z,41541364286,1,Single-symbol summary,22.798,21.891,0.788,runner result (end-to-end); compilation/execution retained,True,
Snowflake,78,78,2026-08-12T00:08:57Z,42087321356,1,Single-symbol summary,18.654,17.944,0.624,runner result (end-to-end); compilation/execution retained,True,
Snowflake,79,79,2026-08-12T00:18:57Z,42638946619,1,Single-symbol summary,21.591,20.791,0.573,runner result (end-to-end); compilation/execution retained,True,
Snowflake,80,80,2026-08-12T00:28:57Z,43189555601,1,Single-symbol summary,19.195,18.157,0.976,runner result (end-to-end); compilation/execution retained,True,
Snowflake,81,81,2026-08-12T00:38:57Z,43737335549,1,Single-symbol summary,21.557,20.694,0.578,runner result (end-to-end); compilation/execution retained,True,
Snowflake,82,82,2026-08-12T00:48:57Z,44285385932,1,Single-symbol summary,19.056,18.25,0.645,runner result (end-to-end); compilation/execution retained,True,
Snowflake,83,83,2026-08-12T00:58:57Z,44819116712,1,Single-symbol summary,21.997,21.003,0.784,runner result (end-to-end); compilation/execution retained,True,
Snowflake,84,84,2026-08-12T01:08:57Z,45370941730,1,Single-symbol summary,19.847,18.792,0.939,runner result (end-to-end); compilation/execution retained,True,
Snowflake,85,85,2026-08-12T01:18:57Z,45915210443,1,Single-symbol summary,24.167,23.025,0.792,runner result (end-to-end); compilation/execution retained,True,
Snowflake,86,86,2026-08-12T01:28:57Z,46469268846,1,Single-symbol summary,21.699,20.896,0.737,runner result (end-to-end); compilation/execution retained,True,
Snowflake,87,87,2026-08-12T01:38:57Z,47014619196,1,Single-symbol summary,23.027,21.858,0.632,runner result (end-to-end); compilation/execution retained,True,
Snowflake,88,88,2026-08-12T01:48:57Z,47557887173,1,Single-symbol summary,7.109,6.59,0.426,runner result (end-to-end); compilation/execution retained,True,
Snowflake,89,89,2026-08-12T01:58:57Z,48108937450,1,Single-symbol summary,12.183,11.284,0.46,runner result (end-to-end); compilation/execution retained,True,
Snowflake,90,90,2026-08-12T02:08:57Z,48654354733,1,Single-symbol summary,10.873,10.236,0.488,runner result (end-to-end); compilation/execution retained,True,
Snowflake,91,91,2026-08-12T02:18:57Z,49198792764,1,Single-symbol summary,13.217,12.2,0.589,runner result (end-to-end); compilation/execution retained,True,
Snowflake,92,92,2026-08-12T02:28:57Z,49752959746,1,Single-symbol summary,12.637,12.129,0.437,runner result (end-to-end); compilation/execution retained,True,
Snowflake,93,93,2026-08-12T02:38:57Z,50295558507,1,Single-symbol summary,4.437,4.351,0.086,runner result (end-to-end); compilation/execution retained,True,
Snowflake,94,94,2026-08-12T02:48:57Z,50839423797,1,Single-symbol summary,10.411,9.75,0.4,runner result (end-to-end); compilation/execution retained,True,
Snowflake,95,95,2026-08-12T02:58:57Z,51388846496,1,Single-symbol summary,11.252,10.691,0.464,runner result (end-to-end); compilation/execution retained,True,
Snowflake,96,96,2026-08-12T03:08:57Z,51921113849,1,Single-symbol summary,11.515,10.802,0.654,runner result (end-to-end); compilation/execution retained,True,
Snowflake,97,97,2026-08-12T03:18:57Z,52476957308,1,Single-symbol summary,12.149,11.233,0.45,runner result (end-to-end); compilation/execution retained,True,
Snowflake,98,98,2026-08-12T03:28:57Z,53013859627,1,Single-symbol summary,10.951,9.801,0.512,runner result (end-to-end); compilation/execution retained,True,
Snowflake,99,99,2026-08-12T03:38:57Z,53553602030,1,Single-symbol summary,11.967,10.872,0.529,runner result (end-to-end); compilation/execution retained,True,
Snowflake,100,100,2026-08-12T03:48:57Z,54096739316,1,Single-symbol summary,13.463,12.521,0.435,runner result (end-to-end); compilation/execution retained,True,
Snowflake,101,101,2026-08-12T03:58:57Z,54638958461,1,Single-symbol summary,11.72,11.095,0.386,runner result (end-to-end); compilation/execution retained,True,
Snowflake,102,102,2026-08-12T04:08:57Z,55184688243,1,Single-symbol summary,12.673,12.056,0.525,runner result (end-to-end); compilation/execution retained,True,
Snowflake,103,103,2026-08-12T04:18:57Z,55728939933,1,Single-symbol summary,14.742,13.774,0.441,runner result (end-to-end); compilation/execution retained,True,
Snowflake,104,104,2026-08-12T04:28:57Z,56273535672,1,Single-symbol summary,13.597,12.796,0.45,runner result (end-to-end); compilation/execution retained,True,
Snowflake,105,105,2026-08-12T04:38:57Z,56810381460,1,Single-symbol summary,13.059,12.384,0.584,runner result (end-to-end); compilation/execution retained,True,
Snowflake,106,106,2026-08-12T04:48:57Z,57362361385,1,Single-symbol summary,14.316,12.754,0.618,runner result (end-to-end); compilation/execution retained,True,
Snowflake,107,107,2026-08-12T04:58:57Z,57913493016,1,Single-symbol summary,14.803,13.784,0.548,runner result (end-to-end); compilation/execution retained,True,
Snowflake,108,108,2026-08-12T05:08:57Z,58446958006,1,Single-symbol summary,19.42,18.38,0.486,runner result (end-to-end); compilation/execution retained,True,
Snowflake,109,109,2026-08-12T05:18:57Z,58996538773,1,Single-symbol summary,10.824,10.264,0.487,runner result (end-to-end); compilation/execution retained,True,
Snowflake,110,110,2026-08-12T05:28:57Z,59543392881,1,Single-symbol summary,17.535,16.838,0.622,runner result (end-to-end); compilation/execution retained,True,
Snowflake,111,111,2026-08-12T05:38:57Z,60095495207,1,Single-symbol summary,11.333,10.699,0.471,runner result (end-to-end); compilation/execution retained,True,
Snowflake,112,112,2026-08-12T05:48:57Z,60639957737,1,Single-symbol summary,15.838,15.238,0.519,runner result (end-to-end); compilation/execution retained,True,
Snowflake,113,113,2026-08-12T05:58:57Z,61187361357,1,Single-symbol summary,15.701,14.975,0.591,runner result (end-to-end); compilation/execution retained,True,
Snowflake,114,114,2026-08-12T06:08:57Z,61731139656,1,Single-symbol summary,15.574,14.812,0.617,runner result (end-to-end); compilation/execution retained,True,
Snowflake,115,115,2026-08-12T06:18:57Z,62279567684,1,Single-symbol summary,18.016,17.322,0.606,runner result (end-to-end); compilation/execution retained,True,
Snowflake,116,116,2026-08-12T06:28:57Z,62825580983,1,Single-symbol summary,14.176,13.585,0.502,runner result (end-to-end); compilation/execution retained,True,
Snowflake,117,117,2026-08-12T06:38:57Z,63370928291,1,Single-symbol summary,18.898,18.233,0.586,runner result (end-to-end); compilation/execution retained,True,
Snowflake,118,118,2026-08-12T06:48:57Z,63914819184,1,Single-symbol summary,15.863,15.207,0.567,runner result (end-to-end); compilation/execution retained,True,
Snowflake,119,119,2026-08-12T06:58:57Z,64455955665,1,Single-symbol summary,17.643,17.018,0.522,runner result (end-to-end); compilation/execution retained,True,
Snowflake,120,120,2026-08-12T07:08:57Z,65003623242,1,Single-symbol summary,16.834,16.173,0.525,runner result (end-to-end); compilation/execution retained,True,
Snowflake,121,121,2026-08-12T07:18:57Z,65557201130,1,Single-symbol summary,19.322,18.352,0.526,runner result (end-to-end); compilation/execution retained,True,
Snowflake,122,122,2026-08-12T07:28:57Z,66099065156,1,Single-symbol summary,18.15,17.455,0.605,runner result (end-to-end); compilation/execution retained,True,
Snowflake,123,123,2026-08-12T07:38:57Z,66642452422,1,Single-symbol summary,16.976,16.406,0.497,runner result (end-to-end); compilation/execution retained,True,
Snowflake,124,124,2026-08-12T07:48:57Z,67182421438,1,Single-symbol summary,19.134,18.447,0.578,runner result (end-to-end); compilation/execution retained,True,
Snowflake,125,125,2026-08-12T07:58:57Z,67727916114,1,Single-symbol summary,19.811,19.26,0.551,runner result (end-to-end); compilation/execution retained,True,
Snowflake,126,126,2026-08-12T08:08:57Z,68267471024,1,Single-symbol summary,18.616,17.815,0.69,runner result (end-to-end); compilation/execution retained,True,
Snowflake,127,127,2026-08-12T08:18:57Z,68802200323,1,Single-symbol summary,19.873,19.142,0.57,runner result (end-to-end); compilation/execution retained,True,
Snowflake,128,128,2026-08-12T08:28:57Z,69346329844,1,Single-symbol summary,21.691,20.982,0.551,runner result (end-to-end); compilation/execution retained,True,
Snowflake,129,129,2026-08-12T08:38:57Z,69897183390,1,Single-symbol summary,18.548,17.921,0.545,runner result (end-to-end); compilation/execution retained,True,
Snowflake,130,130,2026-08-12T08:48:57Z,70428726736,1,Single-symbol summary,10.196,9.656,0.413,runner result (end-to-end); compilation/execution retained,True,
Snowflake,131,131,2026-08-12T08:58:57Z,70979357463,1,Single-symbol summary,12.005,11.417,0.516,runner result (end-to-end); compilation/execution retained,True,
Snowflake,132,132,2026-08-12T09:08:57Z,71519985704,1,Single-symbol summary,12.454,11.737,0.584,runner result (end-to-end); compilation/execution retained,True,
Snowflake,133,133,2026-08-12T09:18:57Z,72058735690,1,Single-symbol summary,12.265,11.723,0.442,runner result (end-to-end); compilation/execution retained,True,
Snowflake,134,134,2026-08-12T09:28:57Z,72596851158,1,Single-symbol summary,11.257,10.502,0.584,runner result (end-to-end); compilation/execution retained,True,
Snowflake,135,135,2026-08-12T09:38:57Z,73126410994,1,Single-symbol summary,12.274,11.407,0.479,runner result (end-to-end); compilation/execution retained,True,
Snowflake,136,136,2026-08-12T09:48:57Z,73663989869,1,Single-symbol summary,11.493,10.547,0.45,runner result (end-to-end); compilation/execution retained,True,
Snowflake,137,137,2026-08-12T09:58:57Z,74210734717,1,Single-symbol summary,13.789,13.1,0.6,runner result (end-to-end); compilation/execution retained,True,
Snowflake,138,138,2026-08-12T10:08:57Z,74754170511,1,Single-symbol summary,12.842,11.91,0.528,runner result (end-to-end); compilation/execution retained,True,
Snowflake,139,139,2026-08-12T10:18:57Z,75292467460,1,Single-symbol summary,12.807,12.186,0.457,runner result (end-to-end); compilation/execution retained,True,
Snowflake,140,140,2026-08-12T10:28:57Z,75839048271,1,Single-symbol summary,15.092,14.009,0.5,runner result (end-to-end); compilation/execution retained,True,
Snowflake,141,141,2026-08-12T10:38:57Z,76379287699,1,Single-symbol summary,12.554,11.952,0.526,runner result (end-to-end); compilation/execution retained,True,
Snowflake,142,142,2026-08-12T10:48:57Z,76921212731,1,Single-symbol summary,12.023,11.537,0.358,runner result (end-to-end); compilation/execution retained,True,
Snowflake,143,143,2026-08-12T10:58:57Z,77474274891,1,Single-symbol summary,13.165,12.458,0.575,runner result (end-to-end); compilation/execution retained,True,
Snowflake,144,144,2026-08-12T11:08:57Z,78020239558,1,Single-symbol summary,2.579,2.422,0.157,runner result (end-to-end); compilation/execution retained,True,
Snowflake,145,145,2026-08-12T11:18:57Z,78556038400,1,Single-symbol summary,12.71,12.01,0.642,runner result (end-to-end); compilation/execution retained,True,
Snowflake,146,146,2026-08-12T11:28:57Z,79095605628,1,Single-symbol summary,15.06,14.411,0.538,runner result (end-to-end); compilation/execution retained,True,
Snowflake,147,147,2026-08-12T11:38:57Z,79642025309,1,Single-symbol summary,13.816,13.167,0.542,runner result (end-to-end); compilation/execution retained,True,
Snowflake,148,148,2026-08-12T11:48:57Z,80174044570,1,Single-symbol summary,13.391,12.757,0.544,runner result (end-to-end); compilation/execution retained,True,
Snowflake,149,149,2026-08-12T11:58:57Z,80719696641,1,Single-symbol summary,13.621,12.67,0.475,runner result (end-to-end); compilation/execution retained,True,
Snowflake,150,150,2026-08-12T12:08:57Z,81262895664,1,Single-symbol summary,16.578,15.826,0.502,runner result (end-to-end); compilation/execution retained,True,
Snowflake,151,151,2026-08-12T12:18:57Z,81806775602,1,Single-symbol summary,14.756,13.854,0.49,runner result (end-to-end); compilation/execution retained,True,
Snowflake,152,152,2026-08-12T12:28:57Z,82353792598,1,Single-symbol summary,15.736,15.034,0.457,runner result (end-to-end); compilation/execution retained,True,
Snowflake,153,153,2026-08-12T12:38:57Z,82888706006,1,Single-symbol summary,16.568,15.921,0.566,runner result (end-to-end); compilation/execution retained,True,
Snowflake,154,154,2026-08-12T12:48:57Z,83443900439,1,Single-symbol summary,2.669,2.547,0.122,runner result (end-to-end); compilation/execution retained,True,
Snowflake,155,155,2026-08-12T12:58:57Z,83986715739,1,Single-symbol summary,15.201,14.527,0.586,runner result (end-to-end); compilation/execution retained,True,
Snowflake,156,156,2026-08-12T13:08:57Z,84528180207,1,Single-symbol summary,15.116,14.364,0.585,runner result (end-to-end); compilation/execution retained,True,
Snowflake,157,157,2026-08-12T13:18:57Z,85066604156,1,Single-symbol summary,15.184,14.48,0.63,runner result (end-to-end); compilation/execution retained,True,
Snowflake,158,158,2026-08-12T13:28:57Z,85620033283,1,Single-symbol summary,16.782,16.087,0.59,runner result (end-to-end); compilation/execution retained,True,
Snowflake,159,159,2026-08-12T13:38:57Z,86152994817,1,Single-symbol summary,14.68,13.996,0.578,runner result (end-to-end); compilation/execution retained,True,
Snowflake,160,160,2026-08-12T13:48:57Z,86704737177,1,Single-symbol summary,15.158,14.485,0.603,runner result (end-to-end); compilation/execution retained,True,
Snowflake,161,161,2026-08-12T13:58:57Z,87242847941,1,Single-symbol summary,9.427,8.777,0.65,runner result (end-to-end); compilation/execution retained,True,
Snowflake,162,162,2026-08-12T14:08:57Z,87786454820,1,Single-symbol summary,22.388,21.673,0.715,runner result (end-to-end); compilation/execution retained,True,
Snowflake,163,163,2026-08-12T14:18:57Z,88330971978,1,Single-symbol summary,9.547,9.07,0.477,runner result (end-to-end); compilation/execution retained,True,
Snowflake,164,164,2026-08-12T14:28:57Z,88873955947,1,Single-symbol summary,16.311,15.671,0.545,runner result (end-to-end); compilation/execution retained,True,
Snowflake,165,165,2026-08-12T14:38:57Z,89419840113,1,Single-symbol summary,18.805,18.017,0.555,runner result (end-to-end); compilation/execution retained,True,
Snowflake,166,166,2026-08-12T14:48:57Z,89959994694,1,Single-symbol summary,16.571,15.445,0.554,runner result (end-to-end); compilation/execution retained,True,
Snowflake,167,167,2026-08-12T14:58:57Z,90505068849,1,Single-symbol summary,18.609,17.368,0.557,runner result (end-to-end); compilation/execution retained,True,
Snowflake,168,168,2026-08-12T15:08:57Z,91061606220,1,Single-symbol summary,20.572,19.721,0.777,runner result (end-to-end); compilation/execution retained,True,
Snowflake,169,169,2026-08-12T15:18:57Z,91608517197,1,Single-symbol summary,19.568,18.596,0.489,runner result (end-to-end); compilation/execution retained,True,
Snowflake,170,170,2026-08-12T15:28:57Z,92153494394,1,Single-symbol summary,20.293,19.167,0.532,runner result (end-to-end); compilation/execution retained,True,
Snowflake,171,171,2026-08-12T15:38:57Z,92698030525,1,Single-symbol summary,20.886,19.778,0.59,runner result (end-to-end); compilation/execution retained,True,
Snowflake,172,172,2026-08-12T15:48:57Z,93242607069,1,Single-symbol summary,19.801,19.188,0.613,runner result (end-to-end); compilation/execution retained,True,
Snowflake,173,173,2026-08-12T15:58:57Z,93787407199,1,Single-symbol summary,21.245,20.293,0.598,runner result (end-to-end); compilation/execution retained,True,
Snowflake,174,174,2026-08-12T16:08:57Z,94330065240,1,Single-symbol summary,21.902,21.209,0.632,runner result (end-to-end); compilation/execution retained,True,
Snowflake,175,175,2026-08-12T16:18:57Z,94877773840,1,Single-symbol summary,21.972,20.874,0.619,runner result (end-to-end); compilation/execution retained,True,
Snowflake,176,176,2026-08-12T16:28:57Z,95419508344,1,Single-symbol summary,19.534,18.681,0.578,runner result (end-to-end); compilation/execution retained,True,
Snowflake,177,177,2026-08-12T16:38:57Z,95972724266,1,Single-symbol summary,20.886,20.013,0.583,runner result (end-to-end); compilation/execution retained,True,
Snowflake,178,178,2026-08-12T16:48:57Z,96513946374,1,Single-symbol summary,19.938,19.253,0.58,runner result (end-to-end); compilation/execution retained,True,
Snowflake,179,179,2026-08-12T16:58:57Z,97064716964,1,Single-symbol summary,20.734,20.006,0.574,runner result (end-to-end); compilation/execution retained,True,
Snowflake,180,180,2026-08-12T17:08:57Z,97615350266,1,Single-symbol summary,23.459,22.823,0.636,runner result (end-to-end); compilation/execution retained,True,
Snowflake,181,181,2026-08-12T17:18:57Z,98161784620,1,Single-symbol summary,20.07,19.341,0.63,runner result (end-to-end); compilation/execution retained,True,
Snowflake,182,182,2026-08-12T17:28:57Z,98700378757,1,Single-symbol summary,20.016,19.419,0.525,runner result (end-to-end); compilation/execution retained,True,
Snowflake,183,183,2026-08-12T17:38:57Z,99259158207,1,Single-symbol summary,22.324,21.688,0.566,runner result (end-to-end); compilation/execution retained,True,
Snowflake,184,184,2026-08-12T17:48:57Z,99801890611,1,Single-symbol summary,21.414,20.686,0.617,runner result (end-to-end); compilation/execution retained,True,
ClickHouse Cloud,2,2,2026-08-08T07:05:59Z,724786266,2,Watchlist summary,0.005,,,clickhouse-client --time,True,
ClickHouse Cloud,3,3,2026-08-08T07:15:59Z,1370669828,2,Watchlist summary,0.007,,,clickhouse-client --time,True,
ClickHouse Cloud,4,4,2026-08-08T07:25:59Z,1975682003,2,Watchlist summary,0.033,,,clickhouse-client --time,True,
ClickHouse Cloud,5,5,2026-08-08T07:35:59Z,2574084882,2,Watchlist summary,0.01,,,clickhouse-client --time,True,
ClickHouse Cloud,6,6,2026-08-08T07:45:59Z,3146910669,2,Watchlist summary,0.01,,,clickhouse-client --time,True,
ClickHouse Cloud,7,7,2026-08-08T07:55:59Z,3738865972,2,Watchlist summary,0.009,,,clickhouse-client --time,True,
ClickHouse Cloud,8,8,2026-08-08T08:05:59Z,4293755746,2,Watchlist summary,0.01,,,clickhouse-client --time,True,
ClickHouse Cloud,9,9,2026-08-08T08:15:59Z,4891042750,2,Watchlist summary,0.008,,,clickhouse-client --time,True,
ClickHouse Cloud,10,10,2026-08-08T08:25:59Z,5469535309,2,Watchlist summary,0.017,,,clickhouse-client --time,True,
ClickHouse Cloud,11,11,2026-08-08T08:35:59Z,6010532017,2,Watchlist summary,0.009,,,clickhouse-client --time,True,
ClickHouse Cloud,12,12,2026-08-08T08:45:59Z,6539371357,2,Watchlist summary,0.01,,,clickhouse-client --time,True,
ClickHouse Cloud,13,13,2026-08-08T08:55:59Z,7146131616,2,Watchlist summary,0.009,,,clickhouse-client --time,True,
ClickHouse Cloud,14,14,2026-08-08T09:05:59Z,7727462172,2,Watchlist summary,0.009,,,clickhouse-client --time,True,
ClickHouse Cloud,15,15,2026-08-08T09:15:59Z,8305203448,2,Watchlist summary,0.013,,,clickhouse-client --time,True,
ClickHouse Cloud,16,16,2026-08-08T09:25:59Z,8807164173,2,Watchlist summary,0.017,,,clickhouse-client --time,True,
ClickHouse Cloud,17,17,2026-08-08T09:35:59Z,9395201523,2,Watchlist summary,0.011,,,clickhouse-client --time,True,
ClickHouse Cloud,18,18,2026-08-08T09:45:59Z,9911918805,2,Watchlist summary,0.01,,,clickhouse-client --time,True,
ClickHouse Cloud,19,19,2026-08-08T09:55:59Z,10448957290,2,Watchlist summary,0.011,,,clickhouse-client --time,True,
ClickHouse Cloud,20,20,2026-08-08T10:05:59Z,10999409964,2,Watchlist summary,0.011,,,clickhouse-client --time,True,
ClickHouse Cloud,21,21,2026-08-08T10:15:59Z,11495758638,2,Watchlist summary,0.015,,,clickhouse-client --time,True,
ClickHouse Cloud,22,22,2026-08-08T10:25:59Z,12058435469,2,Watchlist summary,0.01,,,clickhouse-client --time,True,
ClickHouse Cloud,23,23,2026-08-08T10:35:59Z,12574526062,2,Watchlist summary,0.01,,,clickhouse-client --time,True,
ClickHouse Cloud,24,24,2026-08-08T10:45:59Z,13130688854,2,Watchlist summary,0.015,,,clickhouse-client --time,True,
ClickHouse Cloud,25,25,2026-08-08T10:55:59Z,13690901348,2,Watchlist summary,0.016,,,clickhouse-client --time,True,
ClickHouse Cloud,26,26,2026-08-08T11:05:59Z,14280804947,2,Watchlist summary,0.016,,,clickhouse-client --time,True,
ClickHouse Cloud,27,27,2026-08-08T11:15:59Z,14876856126,2,Watchlist summary,0.011,,,clickhouse-client --time,True,
ClickHouse Cloud,28,28,2026-08-08T11:25:59Z,15470256866,2,Watchlist summary,0.08,,,clickhouse-client --time,True,
ClickHouse Cloud,29,29,2026-08-08T11:35:59Z,16058779354,2,Watchlist summary,0.011,,,clickhouse-client --time,True,
ClickHouse Cloud,30,30,2026-08-08T11:45:59Z,16604006353,2,Watchlist summary,0.01,,,clickhouse-client --time,True,
ClickHouse Cloud,31,31,2026-08-08T11:55:59Z,17204550973,2,Watchlist summary,0.013,,,clickhouse-client --time,True,
ClickHouse Cloud,32,32,2026-08-08T12:05:59Z,17758468213,2,Watchlist summary,0.011,,,clickhouse-client --time,True,
ClickHouse Cloud,33,33,2026-08-08T12:15:59Z,18360002425,2,Watchlist summary,0.01,,,clickhouse-client --time,True,
ClickHouse Cloud,34,34,2026-08-08T12:25:59Z,18930505218,2,Watchlist summary,0.011,,,clickhouse-client --time,True,
ClickHouse Cloud,35,35,2026-08-08T12:35:59Z,19498533079,2,Watchlist summary,0.016,,,clickhouse-client --time,True,
ClickHouse Cloud,36,36,2026-08-08T12:45:59Z,20030972521,2,Watchlist summary,0.104,,,clickhouse-client --time,True,
ClickHouse Cloud,37,37,2026-08-08T12:55:59Z,20598954386,2,Watchlist summary,0.015,,,clickhouse-client --time,True,
ClickHouse Cloud,38,38,2026-08-08T13:05:59Z,21177624388,2,Watchlist summary,0.011,,,clickhouse-client --time,True,
ClickHouse Cloud,39,39,2026-08-08T13:15:59Z,21690449123,2,Watchlist summary,0.011,,,clickhouse-client --time,True,
ClickHouse Cloud,40,40,2026-08-08T13:25:59Z,22225814642,2,Watchlist summary,0.015,,,clickhouse-client --time,True,
ClickHouse Cloud,41,41,2026-08-08T13:35:59Z,22769842666,2,Watchlist summary,0.011,,,clickhouse-client --time,True,
ClickHouse Cloud,42,42,2026-08-08T13:45:59Z,23288685490,2,Watchlist summary,0.011,,,clickhouse-client --time,True,
ClickHouse Cloud,43,43,2026-08-08T13:55:59Z,23844225514,2,Watchlist summary,0.011,,,clickhouse-client --time,True,
ClickHouse Cloud,44,44,2026-08-08T14:05:59Z,24360433073,2,Watchlist summary,0.011,,,clickhouse-client --time,True,
ClickHouse Cloud,45,45,2026-08-08T14:15:59Z,24937313823,2,Watchlist summary,0.015,,,clickhouse-client --time,True,
ClickHouse Cloud,46,46,2026-08-08T14:25:59Z,25492435118,2,Watchlist summary,0.011,,,clickhouse-client --time,True,
ClickHouse Cloud,47,47,2026-08-08T14:35:59Z,26047358918,2,Watchlist summary,0.011,,,clickhouse-client --time,True,
ClickHouse Cloud,48,48,2026-08-08T14:45:59Z,26583320264,2,Watchlist summary,0.014,,,clickhouse-client --time,True,
ClickHouse Cloud,49,49,2026-08-08T14:55:59Z,27117466999,2,Watchlist summary,0.019,,,clickhouse-client --time,True,
ClickHouse Cloud,50,50,2026-08-08T15:05:59Z,27681375912,2,Watchlist summary,0.012,,,clickhouse-client --time,True,
ClickHouse Cloud,51,51,2026-08-08T15:15:59Z,28239125449,2,Watchlist summary,0.011,,,clickhouse-client --time,True,
ClickHouse Cloud,52,52,2026-08-08T15:25:59Z,28773516979,2,Watchlist summary,0.09,,,clickhouse-client --time,True,
ClickHouse Cloud,53,53,2026-08-08T15:35:59Z,29346127706,2,Watchlist summary,0.012,,,clickhouse-client --time,True,
ClickHouse Cloud,54,54,2026-08-08T15:45:59Z,29890137150,2,Watchlist summary,0.012,,,clickhouse-client --time,True,
ClickHouse Cloud,55,55,2026-08-08T15:55:59Z,30465667350,2,Watchlist summary,0.013,,,clickhouse-client --time,True,
ClickHouse Cloud,56,56,2026-08-08T16:05:59Z,31018228497,2,Watchlist summary,0.011,,,clickhouse-client --time,True,
ClickHouse Cloud,57,57,2026-08-08T16:15:59Z,31588088259,2,Watchlist summary,0.011,,,clickhouse-client --time,True,
ClickHouse Cloud,58,58,2026-08-08T16:25:59Z,32144496083,2,Watchlist summary,0.012,,,clickhouse-client --time,True,
ClickHouse Cloud,59,59,2026-08-08T16:35:59Z,32651953244,2,Watchlist summary,0.014,,,clickhouse-client --time,True,
ClickHouse Cloud,60,60,2026-08-08T16:45:59Z,33183996050,2,Watchlist summary,0.016,,,clickhouse-client --time,True,
ClickHouse Cloud,61,61,2026-08-08T16:55:59Z,33748476003,2,Watchlist summary,0.012,,,clickhouse-client --time,True,
ClickHouse Cloud,62,62,2026-08-08T17:05:59Z,34249264401,2,Watchlist summary,0.012,,,clickhouse-client --time,True,
ClickHouse Cloud,63,63,2026-08-08T17:15:59Z,34764613132,2,Watchlist summary,0.012,,,clickhouse-client --time,True,
ClickHouse Cloud,64,64,2026-08-08T17:25:59Z,35300178406,2,Watchlist summary,0.012,,,clickhouse-client --time,True,
ClickHouse Cloud,65,65,2026-08-08T17:35:59Z,35804053385,2,Watchlist summary,0.012,,,clickhouse-client --time,True,
ClickHouse Cloud,66,66,2026-08-08T17:45:59Z,36352821706,2,Watchlist summary,0.011,,,clickhouse-client --time,True,
ClickHouse Cloud,67,67,2026-08-08T17:55:59Z,36850964650,2,Watchlist summary,0.012,,,clickhouse-client --time,True,
ClickHouse Cloud,68,68,2026-08-08T18:05:59Z,37331880801,2,Watchlist summary,0.015,,,clickhouse-client --time,True,
ClickHouse Cloud,69,69,2026-08-08T18:15:59Z,37851506740,2,Watchlist summary,0.012,,,clickhouse-client --time,True,
ClickHouse Cloud,70,70,2026-08-08T18:25:59Z,38333894855,2,Watchlist summary,0.012,,,clickhouse-client --time,True,
ClickHouse Cloud,71,71,2026-08-08T18:35:59Z,38903981063,2,Watchlist summary,0.012,,,clickhouse-client --time,True,
ClickHouse Cloud,72,72,2026-08-08T18:45:59Z,39403630784,2,Watchlist summary,0.016,,,clickhouse-client --time,True,
ClickHouse Cloud,73,73,2026-08-08T18:55:59Z,39938729827,2,Watchlist summary,0.012,,,clickhouse-client --time,True,
ClickHouse Cloud,74,74,2026-08-08T19:05:59Z,40455322866,2,Watchlist summary,0.012,,,clickhouse-client --time,True,
ClickHouse Cloud,75,75,2026-08-08T19:15:59Z,40983472025,2,Watchlist summary,0.016,,,clickhouse-client --time,True,
ClickHouse Cloud,76,76,2026-08-08T19:25:59Z,41461994932,2,Watchlist summary,0.016,,,clickhouse-client --time,True,
ClickHouse Cloud,77,77,2026-08-08T19:35:59Z,41986954384,2,Watchlist summary,0.013,,,clickhouse-client --time,True,
ClickHouse Cloud,78,78,2026-08-08T19:45:59Z,42504704257,2,Watchlist summary,0.013,,,clickhouse-client --time,True,
ClickHouse Cloud,79,79,2026-08-08T19:55:59Z,43037353870,2,Watchlist summary,0.012,,,clickhouse-client --time,True,
ClickHouse Cloud,80,80,2026-08-08T20:05:59Z,43568180819,2,Watchlist summary,0.017,,,clickhouse-client --time,True,
ClickHouse Cloud,81,81,2026-08-08T20:15:59Z,44075896295,2,Watchlist summary,0.013,,,clickhouse-client --time,True,
ClickHouse Cloud,82,82,2026-08-08T20:25:59Z,44585275116,2,Watchlist summary,0.017,,,clickhouse-client --time,True,
ClickHouse Cloud,83,83,2026-08-08T20:35:59Z,45119401562,2,Watchlist summary,0.025,,,clickhouse-client --time,True,
ClickHouse Cloud,84,84,2026-08-08T20:45:59Z,45608868518,2,Watchlist summary,0.012,,,clickhouse-client --time,True,
ClickHouse Cloud,85,85,2026-08-08T20:55:59Z,46108257326,2,Watchlist summary,0.012,,,clickhouse-client --time,True,
ClickHouse Cloud,86,86,2026-08-08T21:05:59Z,46607144697,2,Watchlist summary,0.012,,,clickhouse-client --time,True,
ClickHouse Cloud,87,87,2026-08-08T21:15:59Z,47127220430,2,Watchlist summary,0.013,,,clickhouse-client --time,True,
ClickHouse Cloud,88,88,2026-08-08T21:25:59Z,47630286458,2,Watchlist summary,0.013,,,clickhouse-client --time,True,
ClickHouse Cloud,89,89,2026-08-08T21:35:59Z,48152769396,2,Watchlist summary,0.014,,,clickhouse-client --time,True,
ClickHouse Cloud,90,90,2026-08-08T21:45:59Z,48651039753,2,Watchlist summary,0.013,,,clickhouse-client --time,True,
ClickHouse Cloud,91,91,2026-08-08T21:55:59Z,49173608481,2,Watchlist summary,0.012,,,clickhouse-client --time,True,
ClickHouse Cloud,92,92,2026-08-08T22:05:59Z,49691385785,2,Watchlist summary,0.015,,,clickhouse-client --time,True,
ClickHouse Cloud,93,93,2026-08-08T22:15:59Z,50238320035,2,Watchlist summary,0.012,,,clickhouse-client --time,True,
ClickHouse Cloud,94,94,2026-08-08T22:25:59Z,50788829774,2,Watchlist summary,0.012,,,clickhouse-client --time,True,
ClickHouse Cloud,95,95,2026-08-08T22:35:59Z,51325118756,2,Watchlist summary,0.012,,,clickhouse-client --time,True,
ClickHouse Cloud,96,96,2026-08-08T22:45:59Z,51886771408,2,Watchlist summary,0.013,,,clickhouse-client --time,True,
ClickHouse Cloud,97,97,2026-08-08T22:55:59Z,52441318029,2,Watchlist summary,0.017,,,clickhouse-client --time,True,
ClickHouse Cloud,98,98,2026-08-08T23:05:59Z,52920335727,2,Watchlist summary,0.013,,,clickhouse-client --time,True,
ClickHouse Cloud,99,99,2026-08-08T23:15:59Z,53408601648,2,Watchlist summary,0.012,,,clickhouse-client --time,True,
ClickHouse Cloud,100,100,2026-08-08T23:25:59Z,53910086618,2,Watchlist summary,0.017,,,clickhouse-client --time,True,
ClickHouse Cloud,101,101,2026-08-08T23:35:59Z,54424699241,2,Watchlist summary,0.013,,,clickhouse-client --time,True,
ClickHouse Cloud,102,102,2026-08-08T23:45:59Z,54899250491,2,Watchlist summary,0.012,,,clickhouse-client --time,True,
ClickHouse Cloud,103,103,2026-08-08T23:55:59Z,55416633625,2,Watchlist summary,0.012,,,clickhouse-client --time,True,
ClickHouse Cloud,104,104,2026-08-09T00:05:59Z,55944840077,2,Watchlist summary,0.016,,,clickhouse-client --time,True,
ClickHouse Cloud,105,105,2026-08-09T00:15:59Z,56450202011,2,Watchlist summary,0.013,,,clickhouse-client --time,True,
ClickHouse Cloud,106,106,2026-08-09T00:25:59Z,56976658135,2,Watchlist summary,0.019,,,clickhouse-client --time,True,
ClickHouse Cloud,107,107,2026-08-09T00:35:59Z,57502590981,2,Watchlist summary,0.012,,,clickhouse-client --time,True,
ClickHouse Cloud,108,108,2026-08-09T00:45:59Z,58017492696,2,Watchlist summary,0.013,,,clickhouse-client --time,True,
ClickHouse Cloud,109,109,2026-08-09T00:55:59Z,58509450012,2,Watchlist summary,0.014,,,clickhouse-client --time,True,
ClickHouse Cloud,110,110,2026-08-09T01:05:59Z,59010783142,2,Watchlist summary,0.013,,,clickhouse-client --time,True,
ClickHouse Cloud,111,111,2026-08-09T01:15:59Z,59503489949,2,Watchlist summary,0.013,,,clickhouse-client --time,True,
ClickHouse Cloud,112,112,2026-08-09T01:25:59Z,59972983401,2,Watchlist summary,0.018,,,clickhouse-client --time,True,
ClickHouse Cloud,113,113,2026-08-09T01:35:59Z,60442237749,2,Watchlist summary,0.012,,,clickhouse-client --time,True,
ClickHouse Cloud,114,114,2026-08-09T01:45:59Z,60904448195,2,Watchlist summary,0.013,,,clickhouse-client --time,True,
ClickHouse Cloud,115,115,2026-08-09T01:55:59Z,61370139665,2,Watchlist summary,0.012,,,clickhouse-client --time,True,
ClickHouse Cloud,116,116,2026-08-09T02:05:59Z,61872097967,2,Watchlist summary,0.013,,,clickhouse-client --time,True,
ClickHouse Cloud,117,117,2026-08-09T02:15:59Z,62362523974,2,Watchlist summary,0.013,,,clickhouse-client --time,True,
ClickHouse Cloud,118,118,2026-08-09T02:25:59Z,62852767644,2,Watchlist summary,0.014,,,clickhouse-client --time,True,
ClickHouse Cloud,119,119,2026-08-09T02:35:59Z,63303274836,2,Watchlist summary,0.013,,,clickhouse-client --time,True,
ClickHouse Cloud,120,120,2026-08-09T02:45:59Z,63813706871,2,Watchlist summary,0.016,,,clickhouse-client --time,True,
ClickHouse Cloud,121,121,2026-08-09T02:55:59Z,64297816643,2,Watchlist summary,0.043,,,clickhouse-client --time,True,
ClickHouse Cloud,122,122,2026-08-09T03:05:59Z,64830505943,2,Watchlist summary,0.013,,,clickhouse-client --time,True,
ClickHouse Cloud,123,123,2026-08-09T03:15:59Z,65325007686,2,Watchlist summary,0.012,,,clickhouse-client --time,True,
ClickHouse Cloud,124,124,2026-08-09T03:25:59Z,65803792964,2,Watchlist summary,0.012,,,clickhouse-client --time,True,
ClickHouse Cloud,125,125,2026-08-09T03:35:59Z,66304040996,2,Watchlist summary,0.012,,,clickhouse-client --time,True,
ClickHouse Cloud,126,126,2026-08-09T03:45:59Z,66813762801,2,Watchlist summary,0.016,,,clickhouse-client --time,True,
ClickHouse Cloud,127,127,2026-08-09T03:55:59Z,67293866994,2,Watchlist summary,0.012,,,clickhouse-client --time,True,
ClickHouse Cloud,128,128,2026-08-09T04:05:59Z,67748504407,2,Watchlist summary,0.012,,,clickhouse-client --time,True,
ClickHouse Cloud,129,129,2026-08-09T04:15:59Z,68201006429,2,Watchlist summary,0.012,,,clickhouse-client --time,True,
ClickHouse Cloud,130,130,2026-08-09T04:25:59Z,68684069442,2,Watchlist summary,0.013,,,clickhouse-client --time,True,
ClickHouse Cloud,131,131,2026-08-09T04:35:59Z,69181831398,2,Watchlist summary,0.017,,,clickhouse-client --time,True,
ClickHouse Cloud,132,132,2026-08-09T04:45:59Z,69676432303,2,Watchlist summary,0.016,,,clickhouse-client --time,True,
ClickHouse Cloud,133,133,2026-08-09T04:55:59Z,70168596073,2,Watchlist summary,0.013,,,clickhouse-client --time,True,
ClickHouse Cloud,134,134,2026-08-09T05:05:59Z,70659299166,2,Watchlist summary,0.013,,,clickhouse-client --time,True,
ClickHouse Cloud,135,135,2026-08-09T05:15:59Z,71156738966,2,Watchlist summary,0.011,,,clickhouse-client --time,True,
ClickHouse Cloud,136,136,2026-08-09T05:25:59Z,71624709770,2,Watchlist summary,0.012,,,clickhouse-client --time,True,
ClickHouse Cloud,137,137,2026-08-09T05:35:59Z,72091825703,2,Watchlist summary,0.017,,,clickhouse-client --time,True,
ClickHouse Cloud,138,138,2026-08-09T05:45:59Z,72547878251,2,Watchlist summary,0.017,,,clickhouse-client --time,True,
ClickHouse Cloud,139,139,2026-08-09T05:55:59Z,73013213443,2,Watchlist summary,0.012,,,clickhouse-client --time,True,
ClickHouse Cloud,140,140,2026-08-09T06:05:59Z,73476437585,2,Watchlist summary,0.012,,,clickhouse-client --time,True,
ClickHouse Cloud,141,141,2026-08-09T06:15:59Z,73987325693,2,Watchlist summary,0.012,,,clickhouse-client --time,True,
ClickHouse Cloud,142,142,2026-08-09T06:25:59Z,74486757162,2,Watchlist summary,0.012,,,clickhouse-client --time,True,
ClickHouse Cloud,143,143,2026-08-09T06:35:59Z,74995355831,2,Watchlist summary,0.013,,,clickhouse-client --time,True,
ClickHouse Cloud,144,144,2026-08-09T06:45:59Z,75466940903,2,Watchlist summary,0.013,,,clickhouse-client --time,True,
ClickHouse Cloud,145,145,2026-08-09T06:55:59Z,75964855518,2,Watchlist summary,0.017,,,clickhouse-client --time,True,
ClickHouse Cloud,146,146,2026-08-09T07:05:59Z,76430868234,2,Watchlist summary,0.012,,,clickhouse-client --time,True,
ClickHouse Cloud,147,147,2026-08-09T07:15:59Z,76885010641,2,Watchlist summary,0.013,,,clickhouse-client --time,True,
ClickHouse Cloud,148,148,2026-08-09T07:25:59Z,77350951993,2,Watchlist summary,0.011,,,clickhouse-client --time,True,
ClickHouse Cloud,149,149,2026-08-09T07:35:59Z,77850423857,2,Watchlist summary,0.012,,,clickhouse-client --time,True,
ClickHouse Cloud,150,150,2026-08-09T07:45:59Z,78316136469,2,Watchlist summary,0.013,,,clickhouse-client --time,True,
ClickHouse Cloud,151,151,2026-08-09T07:55:59Z,78743691693,2,Watchlist summary,0.012,,,clickhouse-client --time,True,
ClickHouse Cloud,152,152,2026-08-09T08:05:59Z,79106273696,2,Watchlist summary,0.012,,,clickhouse-client --time,True,
ClickHouse Cloud,153,153,2026-08-09T08:15:59Z,79558355522,2,Watchlist summary,0.012,,,clickhouse-client --time,True,
ClickHouse Cloud,154,154,2026-08-09T08:25:59Z,80034599414,2,Watchlist summary,0.013,,,clickhouse-client --time,True,
ClickHouse Cloud,155,155,2026-08-09T08:35:59Z,80503603294,2,Watchlist summary,0.013,,,clickhouse-client --time,True,
ClickHouse Cloud,156,156,2026-08-09T08:45:59Z,80949316423,2,Watchlist summary,0.014,,,clickhouse-client --time,True,
ClickHouse Cloud,157,157,2026-08-09T08:55:59Z,81360968914,2,Watchlist summary,0.012,,,clickhouse-client --time,True,
ClickHouse Cloud,158,158,2026-08-09T09:05:59Z,81786894322,2,Watchlist summary,0.017,,,clickhouse-client --time,True,
ClickHouse Cloud,159,159,2026-08-09T09:15:59Z,82193904360,2,Watchlist summary,0.012,,,clickhouse-client --time,True,
ClickHouse Cloud,160,160,2026-08-09T09:25:59Z,82614022776,2,Watchlist summary,0.013,,,clickhouse-client --time,True,
ClickHouse Cloud,161,161,2026-08-09T09:35:59Z,83038964951,2,Watchlist summary,0.019,,,clickhouse-client --time,True,
ClickHouse Cloud,162,162,2026-08-09T09:45:59Z,83491097777,2,Watchlist summary,0.018,,,clickhouse-client --time,True,
ClickHouse Cloud,163,163,2026-08-09T09:55:59Z,83949333223,2,Watchlist summary,0.019,,,clickhouse-client --time,True,
ClickHouse Cloud,164,164,2026-08-09T10:05:59Z,84454230067,2,Watchlist summary,0.013,,,clickhouse-client --time,True,
ClickHouse Cloud,165,165,2026-08-09T10:15:59Z,84942338016,2,Watchlist summary,0.012,,,clickhouse-client --time,True,
ClickHouse Cloud,166,166,2026-08-09T10:25:59Z,85486320046,2,Watchlist summary,0.014,,,clickhouse-client --time,True,
ClickHouse Cloud,167,167,2026-08-09T10:35:59Z,86027059928,2,Watchlist summary,0.019,,,clickhouse-client --time,True,
ClickHouse Cloud,168,168,2026-08-09T10:45:59Z,86536377584,2,Watchlist summary,0.013,,,clickhouse-client --time,True,
ClickHouse Cloud,169,169,2026-08-09T10:55:59Z,87060073492,2,Watchlist summary,0.015,,,clickhouse-client --time,True,
ClickHouse Cloud,170,170,2026-08-09T11:05:59Z,87633622969,2,Watchlist summary,0.015,,,clickhouse-client --time,True,
ClickHouse Cloud,171,171,2026-08-09T11:15:59Z,88183458683,2,Watchlist summary,0.018,,,clickhouse-client --time,True,
ClickHouse Cloud,172,172,2026-08-09T11:25:59Z,88722660479,2,Watchlist summary,0.013,,,clickhouse-client --time,True,
ClickHouse Cloud,173,173,2026-08-09T11:35:59Z,89252600968,2,Watchlist summary,0.012,,,clickhouse-client --time,True,
ClickHouse Cloud,174,174,2026-08-09T11:45:59Z,89771307204,2,Watchlist summary,0.014,,,clickhouse-client --time,True,
ClickHouse Cloud,175,175,2026-08-09T11:55:59Z,90310361990,2,Watchlist summary,0.017,,,clickhouse-client --time,True,
ClickHouse Cloud,176,176,2026-08-09T12:05:59Z,90786625328,2,Watchlist summary,0.012,,,clickhouse-client --time,True,
ClickHouse Cloud,177,177,2026-08-09T12:15:59Z,91318721092,2,Watchlist summary,0.012,,,clickhouse-client --time,True,
ClickHouse Cloud,178,178,2026-08-09T12:25:59Z,91841644344,2,Watchlist summary,0.012,,,clickhouse-client --time,True,
ClickHouse Cloud,179,179,2026-08-09T12:35:59Z,92330582028,2,Watchlist summary,0.012,,,clickhouse-client --time,True,
ClickHouse Cloud,180,180,2026-08-09T12:45:59Z,92808126794,2,Watchlist summary,0.013,,,clickhouse-client --time,True,
ClickHouse Cloud,181,181,2026-08-09T12:55:59Z,93292685867,2,Watchlist summary,0.012,,,clickhouse-client --time,True,
ClickHouse Cloud,182,182,2026-08-09T13:05:59Z,93798216437,2,Watchlist summary,0.016,,,clickhouse-client --time,True,
ClickHouse Cloud,183,183,2026-08-09T13:15:59Z,94324820860,2,Watchlist summary,0.017,,,clickhouse-client --time,True,
ClickHouse Cloud,184,184,2026-08-09T13:25:59Z,94869720583,2,Watchlist summary,0.02,,,clickhouse-client --time,True,
ClickHouse Cloud,185,185,2026-08-09T13:35:59Z,95368092163,2,Watchlist summary,0.013,,,clickhouse-client --time,True,
ClickHouse Cloud,186,186,2026-08-09T13:45:59Z,95854521730,2,Watchlist summary,0.013,,,clickhouse-client --time,True,
ClickHouse Cloud,187,187,2026-08-09T13:55:59Z,96363475717,2,Watchlist summary,0.013,,,clickhouse-client --time,True,
ClickHouse Cloud,188,188,2026-08-09T14:05:59Z,96870245467,2,Watchlist summary,0.013,,,clickhouse-client --time,True,
ClickHouse Cloud,189,189,2026-08-09T14:15:59Z,97440595296,2,Watchlist summary,0.013,,,clickhouse-client --time,True,
ClickHouse Cloud,190,190,2026-08-09T14:25:59Z,97990299109,2,Watchlist summary,0.019,,,clickhouse-client --time,True,
ClickHouse Cloud,191,191,2026-08-09T14:35:59Z,98531195718,2,Watchlist summary,0.013,,,clickhouse-client --time,True,
ClickHouse Cloud,192,192,2026-08-09T14:45:59Z,99080355059,2,Watchlist summary,0.013,,,clickhouse-client --time,True,
ClickHouse Cloud,193,193,2026-08-09T14:55:59Z,99566521565,2,Watchlist summary,0.013,,,clickhouse-client --time,True,
Snowflake,2,2,2026-08-11T11:28:57Z,532996784,2,Watchlist summary,0.282,0.198,0.084,runner result (end-to-end); compilation/execution retained,True,
Snowflake,3,3,2026-08-11T11:38:57Z,1108625165,2,Watchlist summary,0.515,0.424,0.091,runner result (end-to-end); compilation/execution retained,True,
Snowflake,4,4,2026-08-11T11:48:57Z,1658912507,2,Watchlist summary,0.754,0.667,0.087,runner result (end-to-end); compilation/execution retained,True,
Snowflake,5,5,2026-08-11T11:58:57Z,2217147353,2,Watchlist summary,0.948,0.839,0.109,runner result (end-to-end); compilation/execution retained,True,
Snowflake,6,6,2026-08-11T12:08:57Z,2786291244,2,Watchlist summary,0.964,0.89,0.074,runner result (end-to-end); compilation/execution retained,True,
Snowflake,7,7,2026-08-11T12:18:57Z,3343738155,2,Watchlist summary,1.206,1.119,0.087,runner result (end-to-end); compilation/execution retained,True,
Snowflake,8,8,2026-08-11T12:28:57Z,3899391577,2,Watchlist summary,1.481,1.214,0.267,runner result (end-to-end); compilation/execution retained,True,
Snowflake,9,9,2026-08-11T12:38:57Z,4448004794,2,Watchlist summary,1.868,1.787,0.081,runner result (end-to-end); compilation/execution retained,True,
Snowflake,10,10,2026-08-11T12:48:57Z,5002254267,2,Watchlist summary,1.753,1.606,0.147,runner result (end-to-end); compilation/execution retained,True,
Snowflake,11,11,2026-08-11T12:58:57Z,5553730140,2,Watchlist summary,1.87,1.778,0.092,runner result (end-to-end); compilation/execution retained,True,
Snowflake,12,12,2026-08-11T13:08:57Z,6107183801,2,Watchlist summary,2.167,1.965,0.202,runner result (end-to-end); compilation/execution retained,True,
Snowflake,13,13,2026-08-11T13:18:57Z,6662885451,2,Watchlist summary,2.487,2.404,0.083,runner result (end-to-end); compilation/execution retained,True,
Snowflake,14,14,2026-08-11T13:28:57Z,7220407062,2,Watchlist summary,2.172,2.072,0.1,runner result (end-to-end); compilation/execution retained,True,
Snowflake,15,15,2026-08-11T13:38:57Z,7772453021,2,Watchlist summary,2.99,2.78,0.21,runner result (end-to-end); compilation/execution retained,True,
Snowflake,16,16,2026-08-11T13:48:57Z,8327660844,2,Watchlist summary,0.532,0.34,0.192,runner result (end-to-end); compilation/execution retained,True,
Snowflake,17,17,2026-08-11T13:58:57Z,8869790384,2,Watchlist summary,0.515,0.441,0.074,runner result (end-to-end); compilation/execution retained,True,
Snowflake,18,18,2026-08-11T14:08:57Z,9416167217,2,Watchlist summary,0.887,0.737,0.15,runner result (end-to-end); compilation/execution retained,True,
Snowflake,19,19,2026-08-11T14:18:57Z,9966828956,2,Watchlist summary,0.971,0.885,0.086,runner result (end-to-end); compilation/execution retained,True,
Snowflake,20,20,2026-08-11T14:28:57Z,10515573711,2,Watchlist summary,1.029,0.88,0.149,runner result (end-to-end); compilation/execution retained,True,
Snowflake,21,21,2026-08-11T14:38:57Z,11061458462,2,Watchlist summary,1.585,1.412,0.173,runner result (end-to-end); compilation/execution retained,True,
Snowflake,22,22,2026-08-11T14:48:57Z,11598082800,2,Watchlist summary,1.135,0.962,0.173,runner result (end-to-end); compilation/execution retained,True,
Snowflake,23,23,2026-08-11T14:58:57Z,12155361632,2,Watchlist summary,1.078,0.986,0.092,runner result (end-to-end); compilation/execution retained,True,
Snowflake,24,24,2026-08-11T15:08:57Z,12701532891,2,Watchlist summary,1.754,1.587,0.167,runner result (end-to-end); compilation/execution retained,True,
Snowflake,25,25,2026-08-11T15:18:57Z,13239818975,2,Watchlist summary,1.498,1.415,0.083,runner result (end-to-end); compilation/execution retained,True,
Snowflake,26,26,2026-08-11T15:28:57Z,13783825272,2,Watchlist summary,1.513,1.413,0.1,runner result (end-to-end); compilation/execution retained,True,
Snowflake,27,27,2026-08-11T15:38:57Z,14320432691,2,Watchlist summary,1.745,1.656,0.089,runner result (end-to-end); compilation/execution retained,True,
Snowflake,28,28,2026-08-11T15:48:57Z,14865686419,2,Watchlist summary,2.069,1.96,0.109,runner result (end-to-end); compilation/execution retained,True,
Snowflake,29,29,2026-08-11T15:58:57Z,15406449067,2,Watchlist summary,2.479,2.379,0.1,runner result (end-to-end); compilation/execution retained,True,
Snowflake,30,30,2026-08-11T16:08:57Z,15953152260,2,Watchlist summary,2.003,1.86,0.143,runner result (end-to-end); compilation/execution retained,True,
Snowflake,31,31,2026-08-11T16:18:57Z,16496810019,2,Watchlist summary,2.182,1.934,0.248,runner result (end-to-end); compilation/execution retained,True,
Snowflake,32,32,2026-08-11T16:28:57Z,17037168163,2,Watchlist summary,2.363,2.121,0.242,runner result (end-to-end); compilation/execution retained,True,
Snowflake,33,33,2026-08-11T16:38:57Z,17587595862,2,Watchlist summary,3.853,3.629,0.224,runner result (end-to-end); compilation/execution retained,True,
Snowflake,34,34,2026-08-11T16:48:57Z,18120902444,2,Watchlist summary,3.541,3.29,0.251,runner result (end-to-end); compilation/execution retained,True,
Snowflake,35,35,2026-08-11T16:58:57Z,18664388826,2,Watchlist summary,3.708,3.473,0.235,runner result (end-to-end); compilation/execution retained,True,
Snowflake,36,36,2026-08-11T17:08:57Z,19216193045,2,Watchlist summary,3.651,3.448,0.203,runner result (end-to-end); compilation/execution retained,True,
Snowflake,37,37,2026-08-11T17:18:57Z,19745883933,2,Watchlist summary,3.681,3.575,0.106,runner result (end-to-end); compilation/execution retained,True,
Snowflake,38,38,2026-08-11T17:28:57Z,20305329136,2,Watchlist summary,4.127,3.977,0.15,runner result (end-to-end); compilation/execution retained,True,
Snowflake,39,39,2026-08-11T17:38:57Z,20844684066,2,Watchlist summary,4.056,3.922,0.134,runner result (end-to-end); compilation/execution retained,True,
Snowflake,40,40,2026-08-11T17:48:57Z,21391428069,2,Watchlist summary,4.471,4.189,0.282,runner result (end-to-end); compilation/execution retained,True,
Snowflake,41,41,2026-08-11T17:58:57Z,21938345201,2,Watchlist summary,4.309,4.145,0.164,runner result (end-to-end); compilation/execution retained,True,
Snowflake,42,42,2026-08-11T18:08:57Z,22480394175,2,Watchlist summary,4.955,4.734,0.221,runner result (end-to-end); compilation/execution retained,True,
Snowflake,43,43,2026-08-11T18:18:57Z,23027036303,2,Watchlist summary,4.73,4.561,0.169,runner result (end-to-end); compilation/execution retained,True,
Snowflake,44,44,2026-08-11T18:28:57Z,23563684837,2,Watchlist summary,4.842,4.676,0.166,runner result (end-to-end); compilation/execution retained,True,
Snowflake,45,45,2026-08-11T18:38:57Z,24108292723,2,Watchlist summary,4.971,4.756,0.215,runner result (end-to-end); compilation/execution retained,True,
Snowflake,46,46,2026-08-11T18:48:57Z,24651647019,2,Watchlist summary,10.389,9.734,0.655,runner result (end-to-end); compilation/execution retained,True,
Snowflake,47,47,2026-08-11T18:58:57Z,25200289313,2,Watchlist summary,10.564,10.038,0.526,runner result (end-to-end); compilation/execution retained,True,
Snowflake,48,48,2026-08-11T19:08:57Z,25747852434,2,Watchlist summary,11.034,10.627,0.407,runner result (end-to-end); compilation/execution retained,True,
Snowflake,49,49,2026-08-11T19:18:57Z,26283076869,2,Watchlist summary,11.096,10.556,0.54,runner result (end-to-end); compilation/execution retained,True,
Snowflake,50,50,2026-08-11T19:28:57Z,26820178083,2,Watchlist summary,5.82,5.267,0.553,runner result (end-to-end); compilation/execution retained,True,
Snowflake,51,51,2026-08-11T19:38:57Z,27375417517,2,Watchlist summary,10.92,10.371,0.549,runner result (end-to-end); compilation/execution retained,True,
Snowflake,52,52,2026-08-11T19:48:57Z,27918995748,2,Watchlist summary,11.144,10.642,0.502,runner result (end-to-end); compilation/execution retained,True,
Snowflake,53,53,2026-08-11T19:58:57Z,28455528243,2,Watchlist summary,11.11,10.651,0.459,runner result (end-to-end); compilation/execution retained,True,
Snowflake,54,54,2026-08-11T20:08:57Z,28993570106,2,Watchlist summary,12.957,12.588,0.369,runner result (end-to-end); compilation/execution retained,True,
Snowflake,55,55,2026-08-11T20:18:57Z,29545700964,2,Watchlist summary,12.163,11.725,0.438,runner result (end-to-end); compilation/execution retained,True,
Snowflake,56,56,2026-08-11T20:28:57Z,30083988028,2,Watchlist summary,11.868,11.299,0.569,runner result (end-to-end); compilation/execution retained,True,
Snowflake,57,57,2026-08-11T20:38:57Z,30630575890,2,Watchlist summary,11.176,10.693,0.483,runner result (end-to-end); compilation/execution retained,True,
Snowflake,58,58,2026-08-11T20:48:57Z,31165284381,2,Watchlist summary,11.914,11.475,0.439,runner result (end-to-end); compilation/execution retained,True,
Snowflake,59,59,2026-08-11T20:58:57Z,31720586913,2,Watchlist summary,12.476,11.92,0.556,runner result (end-to-end); compilation/execution retained,True,
Snowflake,60,60,2026-08-11T21:08:57Z,32256432850,2,Watchlist summary,12.894,11.773,1.121,runner result (end-to-end); compilation/execution retained,True,
Snowflake,61,61,2026-08-11T21:18:57Z,32804567571,2,Watchlist summary,12.416,11.964,0.452,runner result (end-to-end); compilation/execution retained,True,
Snowflake,62,62,2026-08-11T21:28:57Z,33359668543,2,Watchlist summary,13.193,12.606,0.587,runner result (end-to-end); compilation/execution retained,True,
Snowflake,63,63,2026-08-11T21:38:57Z,33893505898,2,Watchlist summary,13.229,12.752,0.477,runner result (end-to-end); compilation/execution retained,True,
Snowflake,64,64,2026-08-11T21:48:57Z,34442826434,2,Watchlist summary,14.364,13.894,0.47,runner result (end-to-end); compilation/execution retained,True,
Snowflake,65,65,2026-08-11T21:58:57Z,34990195086,2,Watchlist summary,12.154,11.589,0.565,runner result (end-to-end); compilation/execution retained,True,
Snowflake,66,66,2026-08-11T22:08:57Z,35543561911,2,Watchlist summary,13.007,12.531,0.476,runner result (end-to-end); compilation/execution retained,True,
Snowflake,67,67,2026-08-11T22:18:57Z,36086551556,2,Watchlist summary,13.948,13.404,0.544,runner result (end-to-end); compilation/execution retained,True,
Snowflake,68,68,2026-08-11T22:28:57Z,36629144961,2,Watchlist summary,12.777,12.239,0.538,runner result (end-to-end); compilation/execution retained,True,
Snowflake,69,69,2026-08-11T22:38:57Z,37176739226,2,Watchlist summary,14.874,14.396,0.478,runner result (end-to-end); compilation/execution retained,True,
Snowflake,70,70,2026-08-11T22:48:57Z,37714068818,2,Watchlist summary,13.741,13.184,0.557,runner result (end-to-end); compilation/execution retained,True,
Snowflake,71,71,2026-08-11T22:58:57Z,38258658415,2,Watchlist summary,12.889,12.638,0.251,runner result (end-to-end); compilation/execution retained,True,
Snowflake,72,72,2026-08-11T23:08:57Z,38815458699,2,Watchlist summary,13.656,13.104,0.552,runner result (end-to-end); compilation/execution retained,True,
Snowflake,73,73,2026-08-11T23:18:57Z,39353814542,2,Watchlist summary,13.771,13.153,0.618,runner result (end-to-end); compilation/execution retained,True,
Snowflake,74,74,2026-08-11T23:28:57Z,39910561199,2,Watchlist summary,14.654,14.207,0.447,runner result (end-to-end); compilation/execution retained,True,
Snowflake,75,75,2026-08-11T23:38:57Z,40450795463,2,Watchlist summary,13.617,13.057,0.56,runner result (end-to-end); compilation/execution retained,True,
Snowflake,76,76,2026-08-11T23:48:57Z,41001235716,2,Watchlist summary,14.276,13.669,0.607,runner result (end-to-end); compilation/execution retained,True,
Snowflake,77,77,2026-08-11T23:58:57Z,41541364286,2,Watchlist summary,14.673,14.144,0.529,runner result (end-to-end); compilation/execution retained,True,
Snowflake,78,78,2026-08-12T00:08:57Z,42087321356,2,Watchlist summary,12.211,11.589,0.622,runner result (end-to-end); compilation/execution retained,True,
Snowflake,79,79,2026-08-12T00:18:57Z,42638946619,2,Watchlist summary,12.635,12.084,0.551,runner result (end-to-end); compilation/execution retained,True,
Snowflake,80,80,2026-08-12T00:28:57Z,43189555601,2,Watchlist summary,13.189,12.543,0.646,runner result (end-to-end); compilation/execution retained,True,
Snowflake,81,81,2026-08-12T00:38:57Z,43737335549,2,Watchlist summary,12.409,11.893,0.516,runner result (end-to-end); compilation/execution retained,True,
Snowflake,82,82,2026-08-12T00:48:57Z,44285385932,2,Watchlist summary,12.811,12.196,0.615,runner result (end-to-end); compilation/execution retained,True,
Snowflake,83,83,2026-08-12T00:58:57Z,44819116712,2,Watchlist summary,12.293,11.796,0.497,runner result (end-to-end); compilation/execution retained,True,
Snowflake,84,84,2026-08-12T01:08:57Z,45370941730,2,Watchlist summary,13.477,12.814,0.663,runner result (end-to-end); compilation/execution retained,True,
Snowflake,85,85,2026-08-12T01:18:57Z,45915210443,2,Watchlist summary,13.698,13.028,0.67,runner result (end-to-end); compilation/execution retained,True,
Snowflake,86,86,2026-08-12T01:28:57Z,46469268846,2,Watchlist summary,15.772,15.234,0.538,runner result (end-to-end); compilation/execution retained,True,
Snowflake,87,87,2026-08-12T01:38:57Z,47014619196,2,Watchlist summary,13.551,12.995,0.556,runner result (end-to-end); compilation/execution retained,True,
Snowflake,88,88,2026-08-12T01:48:57Z,47557887173,2,Watchlist summary,0.595,0.457,0.138,runner result (end-to-end); compilation/execution retained,True,
Snowflake,89,89,2026-08-12T01:58:57Z,48108937450,2,Watchlist summary,0.503,0.44,0.063,runner result (end-to-end); compilation/execution retained,True,
Snowflake,90,90,2026-08-12T02:08:57Z,48654354733,2,Watchlist summary,1.081,0.996,0.085,runner result (end-to-end); compilation/execution retained,True,
Snowflake,91,91,2026-08-12T02:18:57Z,49198792764,2,Watchlist summary,1.251,0.96,0.291,runner result (end-to-end); compilation/execution retained,True,
Snowflake,92,92,2026-08-12T02:28:57Z,49752959746,2,Watchlist summary,1.388,1.27,0.118,runner result (end-to-end); compilation/execution retained,True,
Snowflake,93,93,2026-08-12T02:38:57Z,50295558507,2,Watchlist summary,0.521,0.253,0.268,runner result (end-to-end); compilation/execution retained,True,
Snowflake,94,94,2026-08-12T02:48:57Z,50839423797,2,Watchlist summary,0.779,0.541,0.238,runner result (end-to-end); compilation/execution retained,True,
Snowflake,95,95,2026-08-12T02:58:57Z,51388846496,2,Watchlist summary,0.732,0.647,0.085,runner result (end-to-end); compilation/execution retained,True,
Snowflake,96,96,2026-08-12T03:08:57Z,51921113849,2,Watchlist summary,1.144,0.855,0.289,runner result (end-to-end); compilation/execution retained,True,
Snowflake,97,97,2026-08-12T03:18:57Z,52476957308,2,Watchlist summary,1.007,0.827,0.18,runner result (end-to-end); compilation/execution retained,True,
Snowflake,98,98,2026-08-12T03:28:57Z,53013859627,2,Watchlist summary,0.971,0.856,0.115,runner result (end-to-end); compilation/execution retained,True,
Snowflake,99,99,2026-08-12T03:38:57Z,53553602030,2,Watchlist summary,1.252,1.155,0.097,runner result (end-to-end); compilation/execution retained,True,
Snowflake,100,100,2026-08-12T03:48:57Z,54096739316,2,Watchlist summary,1.555,1.402,0.153,runner result (end-to-end); compilation/execution retained,True,
Snowflake,101,101,2026-08-12T03:58:57Z,54638958461,2,Watchlist summary,2.051,1.858,0.193,runner result (end-to-end); compilation/execution retained,True,
Snowflake,102,102,2026-08-12T04:08:57Z,55184688243,2,Watchlist summary,1.654,1.507,0.147,runner result (end-to-end); compilation/execution retained,True,
Snowflake,103,103,2026-08-12T04:18:57Z,55728939933,2,Watchlist summary,2.213,2.081,0.132,runner result (end-to-end); compilation/execution retained,True,
Snowflake,104,104,2026-08-12T04:28:57Z,56273535672,2,Watchlist summary,2.621,2.464,0.157,runner result (end-to-end); compilation/execution retained,True,
Snowflake,105,105,2026-08-12T04:38:57Z,56810381460,2,Watchlist summary,2.544,2.439,0.105,runner result (end-to-end); compilation/execution retained,True,
Snowflake,106,106,2026-08-12T04:48:57Z,57362361385,2,Watchlist summary,2.284,2.169,0.115,runner result (end-to-end); compilation/execution retained,True,
Snowflake,107,107,2026-08-12T04:58:57Z,57913493016,2,Watchlist summary,2.452,2.25,0.202,runner result (end-to-end); compilation/execution retained,True,
Snowflake,108,108,2026-08-12T05:08:57Z,58446958006,2,Watchlist summary,3.514,3.216,0.298,runner result (end-to-end); compilation/execution retained,True,
Snowflake,109,109,2026-08-12T05:18:57Z,58996538773,2,Watchlist summary,3.062,2.896,0.166,runner result (end-to-end); compilation/execution retained,True,
Snowflake,110,110,2026-08-12T05:28:57Z,59543392881,2,Watchlist summary,3.046,2.904,0.142,runner result (end-to-end); compilation/execution retained,True,
Snowflake,111,111,2026-08-12T05:38:57Z,60095495207,2,Watchlist summary,2.647,2.356,0.291,runner result (end-to-end); compilation/execution retained,True,
Snowflake,112,112,2026-08-12T05:48:57Z,60639957737,2,Watchlist summary,3.862,3.368,0.494,runner result (end-to-end); compilation/execution retained,True,
Snowflake,113,113,2026-08-12T05:58:57Z,61187361357,2,Watchlist summary,3.478,3.317,0.161,runner result (end-to-end); compilation/execution retained,True,
Snowflake,114,114,2026-08-12T06:08:57Z,61731139656,2,Watchlist summary,3.793,3.588,0.205,runner result (end-to-end); compilation/execution retained,True,
Snowflake,115,115,2026-08-12T06:18:57Z,62279567684,2,Watchlist summary,4.696,4.435,0.261,runner result (end-to-end); compilation/execution retained,True,
Snowflake,116,116,2026-08-12T06:28:57Z,62825580983,2,Watchlist summary,3.991,3.826,0.165,runner result (end-to-end); compilation/execution retained,True,
Snowflake,117,117,2026-08-12T06:38:57Z,63370928291,2,Watchlist summary,4.086,3.871,0.215,runner result (end-to-end); compilation/execution retained,True,
Snowflake,118,118,2026-08-12T06:48:57Z,63914819184,2,Watchlist summary,4.083,3.866,0.217,runner result (end-to-end); compilation/execution retained,True,
Snowflake,119,119,2026-08-12T06:58:57Z,64455955665,2,Watchlist summary,4.295,4.132,0.163,runner result (end-to-end); compilation/execution retained,True,
Snowflake,120,120,2026-08-12T07:08:57Z,65003623242,2,Watchlist summary,4.884,4.647,0.237,runner result (end-to-end); compilation/execution retained,True,
Snowflake,121,121,2026-08-12T07:18:57Z,65557201130,2,Watchlist summary,9.846,9.394,0.452,runner result (end-to-end); compilation/execution retained,True,
Snowflake,122,122,2026-08-12T07:28:57Z,66099065156,2,Watchlist summary,4.904,4.643,0.261,runner result (end-to-end); compilation/execution retained,True,
Snowflake,123,123,2026-08-12T07:38:57Z,66642452422,2,Watchlist summary,5.537,4.963,0.574,runner result (end-to-end); compilation/execution retained,True,
Snowflake,124,124,2026-08-12T07:48:57Z,67182421438,2,Watchlist summary,5.611,4.989,0.622,runner result (end-to-end); compilation/execution retained,True,
Snowflake,125,125,2026-08-12T07:58:57Z,67727916114,2,Watchlist summary,5.782,5.335,0.447,runner result (end-to-end); compilation/execution retained,True,
Snowflake,126,126,2026-08-12T08:08:57Z,68267471024,2,Watchlist summary,5.661,4.823,0.838,runner result (end-to-end); compilation/execution retained,True,
Snowflake,127,127,2026-08-12T08:18:57Z,68802200323,2,Watchlist summary,12.475,12.042,0.433,runner result (end-to-end); compilation/execution retained,True,
Snowflake,128,128,2026-08-12T08:28:57Z,69346329844,2,Watchlist summary,11.428,10.965,0.463,runner result (end-to-end); compilation/execution retained,True,
Snowflake,129,129,2026-08-12T08:38:57Z,69897183390,2,Watchlist summary,11.142,10.611,0.531,runner result (end-to-end); compilation/execution retained,True,
Snowflake,130,130,2026-08-12T08:48:57Z,70428726736,2,Watchlist summary,0.52,0.374,0.146,runner result (end-to-end); compilation/execution retained,True,
Snowflake,131,131,2026-08-12T08:58:57Z,70979357463,2,Watchlist summary,0.725,0.379,0.346,runner result (end-to-end); compilation/execution retained,True,
Snowflake,132,132,2026-08-12T09:08:57Z,71519985704,2,Watchlist summary,0.745,0.685,0.06,runner result (end-to-end); compilation/execution retained,True,
Snowflake,133,133,2026-08-12T09:18:57Z,72058735690,2,Watchlist summary,0.694,0.613,0.081,runner result (end-to-end); compilation/execution retained,True,
Snowflake,134,134,2026-08-12T09:28:57Z,72596851158,2,Watchlist summary,0.665,0.578,0.087,runner result (end-to-end); compilation/execution retained,True,
Snowflake,135,135,2026-08-12T09:38:57Z,73126410994,2,Watchlist summary,1.287,1.094,0.193,runner result (end-to-end); compilation/execution retained,True,
Snowflake,136,136,2026-08-12T09:48:57Z,73663989869,2,Watchlist summary,0.993,0.901,0.092,runner result (end-to-end); compilation/execution retained,True,
Snowflake,137,137,2026-08-12T09:58:57Z,74210734717,2,Watchlist summary,1.322,1.219,0.103,runner result (end-to-end); compilation/execution retained,True,
Snowflake,138,138,2026-08-12T10:08:57Z,74754170511,2,Watchlist summary,1.326,1.12,0.206,runner result (end-to-end); compilation/execution retained,True,
Snowflake,139,139,2026-08-12T10:18:57Z,75292467460,2,Watchlist summary,1.401,1.106,0.295,runner result (end-to-end); compilation/execution retained,True,
Snowflake,140,140,2026-08-12T10:28:57Z,75839048271,2,Watchlist summary,2.339,2.233,0.106,runner result (end-to-end); compilation/execution retained,True,
Snowflake,141,141,2026-08-12T10:38:57Z,76379287699,2,Watchlist summary,2.066,1.927,0.139,runner result (end-to-end); compilation/execution retained,True,
Snowflake,142,142,2026-08-12T10:48:57Z,76921212731,2,Watchlist summary,1.747,1.654,0.093,runner result (end-to-end); compilation/execution retained,True,
Snowflake,143,143,2026-08-12T10:58:57Z,77474274891,2,Watchlist summary,2.676,2.178,0.498,runner result (end-to-end); compilation/execution retained,True,
Snowflake,144,144,2026-08-12T11:08:57Z,78020239558,2,Watchlist summary,1.962,1.803,0.159,runner result (end-to-end); compilation/execution retained,True,
Snowflake,145,145,2026-08-12T11:18:57Z,78556038400,2,Watchlist summary,2.212,1.785,0.427,runner result (end-to-end); compilation/execution retained,True,
Snowflake,146,146,2026-08-12T11:28:57Z,79095605628,2,Watchlist summary,2.533,2.349,0.184,runner result (end-to-end); compilation/execution retained,True,
Snowflake,147,147,2026-08-12T11:38:57Z,79642025309,2,Watchlist summary,2.112,1.878,0.234,runner result (end-to-end); compilation/execution retained,True,
Snowflake,148,148,2026-08-12T11:48:57Z,80174044570,2,Watchlist summary,2.166,1.958,0.208,runner result (end-to-end); compilation/execution retained,True,
Snowflake,149,149,2026-08-12T11:58:57Z,80719696641,2,Watchlist summary,2.471,2.074,0.397,runner result (end-to-end); compilation/execution retained,True,
Snowflake,150,150,2026-08-12T12:08:57Z,81262895664,2,Watchlist summary,2.667,2.513,0.154,runner result (end-to-end); compilation/execution retained,True,
Snowflake,151,151,2026-08-12T12:18:57Z,81806775602,2,Watchlist summary,3.413,3.215,0.198,runner result (end-to-end); compilation/execution retained,True,
Snowflake,152,152,2026-08-12T12:28:57Z,82353792598,2,Watchlist summary,2.556,2.403,0.153,runner result (end-to-end); compilation/execution retained,True,
Snowflake,153,153,2026-08-12T12:38:57Z,82888706006,2,Watchlist summary,2.257,2.097,0.16,runner result (end-to-end); compilation/execution retained,True,
Snowflake,154,154,2026-08-12T12:48:57Z,83443900439,2,Watchlist summary,2.966,2.817,0.149,runner result (end-to-end); compilation/execution retained,True,
Snowflake,155,155,2026-08-12T12:58:57Z,83986715739,2,Watchlist summary,2.808,2.66,0.148,runner result (end-to-end); compilation/execution retained,True,
Snowflake,156,156,2026-08-12T13:08:57Z,84528180207,2,Watchlist summary,4.168,4.016,0.152,runner result (end-to-end); compilation/execution retained,True,
Snowflake,157,157,2026-08-12T13:18:57Z,85066604156,2,Watchlist summary,3.551,3.291,0.26,runner result (end-to-end); compilation/execution retained,True,
Snowflake,158,158,2026-08-12T13:28:57Z,85620033283,2,Watchlist summary,3.49,3.329,0.161,runner result (end-to-end); compilation/execution retained,True,
Snowflake,159,159,2026-08-12T13:38:57Z,86152994817,2,Watchlist summary,3.389,3.199,0.19,runner result (end-to-end); compilation/execution retained,True,
Snowflake,160,160,2026-08-12T13:48:57Z,86704737177,2,Watchlist summary,3.792,3.597,0.195,runner result (end-to-end); compilation/execution retained,True,
Snowflake,161,161,2026-08-12T13:58:57Z,87242847941,2,Watchlist summary,3.86,3.64,0.22,runner result (end-to-end); compilation/execution retained,True,
Snowflake,162,162,2026-08-12T14:08:57Z,87786454820,2,Watchlist summary,4.096,3.742,0.354,runner result (end-to-end); compilation/execution retained,True,
Snowflake,163,163,2026-08-12T14:18:57Z,88330971978,2,Watchlist summary,4.532,4.346,0.186,runner result (end-to-end); compilation/execution retained,True,
Snowflake,164,164,2026-08-12T14:28:57Z,88873955947,2,Watchlist summary,4.305,4.129,0.176,runner result (end-to-end); compilation/execution retained,True,
Snowflake,165,165,2026-08-12T14:38:57Z,89419840113,2,Watchlist summary,4.494,4.192,0.302,runner result (end-to-end); compilation/execution retained,True,
Snowflake,166,166,2026-08-12T14:48:57Z,89959994694,2,Watchlist summary,4.5,4.336,0.164,runner result (end-to-end); compilation/execution retained,True,
Snowflake,167,167,2026-08-12T14:58:57Z,90505068849,2,Watchlist summary,9.972,9.612,0.36,runner result (end-to-end); compilation/execution retained,True,
Snowflake,168,168,2026-08-12T15:08:57Z,91061606220,2,Watchlist summary,11.188,10.495,0.693,runner result (end-to-end); compilation/execution retained,True,
Snowflake,169,169,2026-08-12T15:18:57Z,91608517197,2,Watchlist summary,11.106,10.613,0.493,runner result (end-to-end); compilation/execution retained,True,
Snowflake,170,170,2026-08-12T15:28:57Z,92153494394,2,Watchlist summary,10.777,10.573,0.204,runner result (end-to-end); compilation/execution retained,True,
Snowflake,171,171,2026-08-12T15:38:57Z,92698030525,2,Watchlist summary,11.454,11.106,0.348,runner result (end-to-end); compilation/execution retained,True,
Snowflake,172,172,2026-08-12T15:48:57Z,93242607069,2,Watchlist summary,11.344,10.798,0.546,runner result (end-to-end); compilation/execution retained,True,
Snowflake,173,173,2026-08-12T15:58:57Z,93787407199,2,Watchlist summary,11.844,11.345,0.499,runner result (end-to-end); compilation/execution retained,True,
Snowflake,174,174,2026-08-12T16:08:57Z,94330065240,2,Watchlist summary,11.752,11.174,0.578,runner result (end-to-end); compilation/execution retained,True,
Snowflake,175,175,2026-08-12T16:18:57Z,94877773840,2,Watchlist summary,11.743,11.248,0.495,runner result (end-to-end); compilation/execution retained,True,
Snowflake,176,176,2026-08-12T16:28:57Z,95419508344,2,Watchlist summary,11.58,11.088,0.492,runner result (end-to-end); compilation/execution retained,True,
Snowflake,177,177,2026-08-12T16:38:57Z,95972724266,2,Watchlist summary,12.09,11.55,0.54,runner result (end-to-end); compilation/execution retained,True,
Snowflake,178,178,2026-08-12T16:48:57Z,96513946374,2,Watchlist summary,11.89,11.327,0.563,runner result (end-to-end); compilation/execution retained,True,
Snowflake,179,179,2026-08-12T16:58:57Z,97064716964,2,Watchlist summary,11.834,11.354,0.48,runner result (end-to-end); compilation/execution retained,True,
Snowflake,180,180,2026-08-12T17:08:57Z,97615350266,2,Watchlist summary,12.064,11.54,0.524,runner result (end-to-end); compilation/execution retained,True,
Snowflake,181,181,2026-08-12T17:18:57Z,98161784620,2,Watchlist summary,12.514,11.958,0.556,runner result (end-to-end); compilation/execution retained,True,
Snowflake,182,182,2026-08-12T17:28:57Z,98700378757,2,Watchlist summary,12.23,11.658,0.572,runner result (end-to-end); compilation/execution retained,True,
Snowflake,183,183,2026-08-12T17:38:57Z,99259158207,2,Watchlist summary,12.453,11.719,0.734,runner result (end-to-end); compilation/execution retained,True,
Snowflake,184,184,2026-08-12T17:48:57Z,99801890611,2,Watchlist summary,12.481,11.994,0.487,runner result (end-to-end); compilation/execution retained,True,
ClickHouse Cloud,2,2,2026-08-08T07:05:59Z,724786266,3,Top movers,0.006,,,clickhouse-client --time,True,
ClickHouse Cloud,3,3,2026-08-08T07:15:59Z,1370669828,3,Top movers,0.009,,,clickhouse-client --time,True,
ClickHouse Cloud,4,4,2026-08-08T07:25:59Z,1975682003,3,Top movers,0.045,,,clickhouse-client --time,True,
ClickHouse Cloud,5,5,2026-08-08T07:35:59Z,2574084882,3,Top movers,0.011,,,clickhouse-client --time,True,
ClickHouse Cloud,6,6,2026-08-08T07:45:59Z,3146910669,3,Top movers,0.011,,,clickhouse-client --time,True,
ClickHouse Cloud,7,7,2026-08-08T07:55:59Z,3738865972,3,Top movers,0.012,,,clickhouse-client --time,True,
ClickHouse Cloud,8,8,2026-08-08T08:05:59Z,4293755746,3,Top movers,0.012,,,clickhouse-client --time,True,
ClickHouse Cloud,9,9,2026-08-08T08:15:59Z,4891042750,3,Top movers,0.013,,,clickhouse-client --time,True,
ClickHouse Cloud,10,10,2026-08-08T08:25:59Z,5469535309,3,Top movers,0.014,,,clickhouse-client --time,True,
ClickHouse Cloud,11,11,2026-08-08T08:35:59Z,6010532017,3,Top movers,0.013,,,clickhouse-client --time,True,
ClickHouse Cloud,12,12,2026-08-08T08:45:59Z,6539371357,3,Top movers,0.012,,,clickhouse-client --time,True,
ClickHouse Cloud,13,13,2026-08-08T08:55:59Z,7146131616,3,Top movers,0.011,,,clickhouse-client --time,True,
ClickHouse Cloud,14,14,2026-08-08T09:05:59Z,7727462172,3,Top movers,0.013,,,clickhouse-client --time,True,
ClickHouse Cloud,15,15,2026-08-08T09:15:59Z,8305203448,3,Top movers,0.012,,,clickhouse-client --time,True,
ClickHouse Cloud,16,16,2026-08-08T09:25:59Z,8807164173,3,Top movers,0.012,,,clickhouse-client --time,True,
ClickHouse Cloud,17,17,2026-08-08T09:35:59Z,9395201523,3,Top movers,0.013,,,clickhouse-client --time,True,
ClickHouse Cloud,18,18,2026-08-08T09:45:59Z,9911918805,3,Top movers,0.012,,,clickhouse-client --time,True,
ClickHouse Cloud,19,19,2026-08-08T09:55:59Z,10448957290,3,Top movers,0.013,,,clickhouse-client --time,True,
ClickHouse Cloud,20,20,2026-08-08T10:05:59Z,10999409964,3,Top movers,0.013,,,clickhouse-client --time,True,
ClickHouse Cloud,21,21,2026-08-08T10:15:59Z,11495758638,3,Top movers,0.011,,,clickhouse-client --time,True,
ClickHouse Cloud,22,22,2026-08-08T10:25:59Z,12058435469,3,Top movers,0.012,,,clickhouse-client --time,True,
ClickHouse Cloud,23,23,2026-08-08T10:35:59Z,12574526062,3,Top movers,0.013,,,clickhouse-client --time,True,
ClickHouse Cloud,24,24,2026-08-08T10:45:59Z,13130688854,3,Top movers,0.013,,,clickhouse-client --time,True,
ClickHouse Cloud,25,25,2026-08-08T10:55:59Z,13690901348,3,Top movers,0.014,,,clickhouse-client --time,True,
ClickHouse Cloud,26,26,2026-08-08T11:05:59Z,14280804947,3,Top movers,0.014,,,clickhouse-client --time,True,
ClickHouse Cloud,27,27,2026-08-08T11:15:59Z,14876856126,3,Top movers,0.013,,,clickhouse-client --time,True,
ClickHouse Cloud,28,28,2026-08-08T11:25:59Z,15470256866,3,Top movers,0.011,,,clickhouse-client --time,True,
ClickHouse Cloud,29,29,2026-08-08T11:35:59Z,16058779354,3,Top movers,0.011,,,clickhouse-client --time,True,
ClickHouse Cloud,30,30,2026-08-08T11:45:59Z,16604006353,3,Top movers,0.011,,,clickhouse-client --time,True,
ClickHouse Cloud,31,31,2026-08-08T11:55:59Z,17204550973,3,Top movers,0.011,,,clickhouse-client --time,True,
ClickHouse Cloud,32,32,2026-08-08T12:05:59Z,17758468213,3,Top movers,0.011,,,clickhouse-client --time,True,
ClickHouse Cloud,33,33,2026-08-08T12:15:59Z,18360002425,3,Top movers,0.012,,,clickhouse-client --time,True,
ClickHouse Cloud,34,34,2026-08-08T12:25:59Z,18930505218,3,Top movers,0.012,,,clickhouse-client --time,True,
ClickHouse Cloud,35,35,2026-08-08T12:35:59Z,19498533079,3,Top movers,0.013,,,clickhouse-client --time,True,
ClickHouse Cloud,36,36,2026-08-08T12:45:59Z,20030972521,3,Top movers,0.014,,,clickhouse-client --time,True,
ClickHouse Cloud,37,37,2026-08-08T12:55:59Z,20598954386,3,Top movers,0.015,,,clickhouse-client --time,True,
ClickHouse Cloud,38,38,2026-08-08T13:05:59Z,21177624388,3,Top movers,0.015,,,clickhouse-client --time,True,
ClickHouse Cloud,39,39,2026-08-08T13:15:59Z,21690449123,3,Top movers,0.014,,,clickhouse-client --time,True,
ClickHouse Cloud,40,40,2026-08-08T13:25:59Z,22225814642,3,Top movers,0.012,,,clickhouse-client --time,True,
ClickHouse Cloud,41,41,2026-08-08T13:35:59Z,22769842666,3,Top movers,0.013,,,clickhouse-client --time,True,
ClickHouse Cloud,42,42,2026-08-08T13:45:59Z,23288685490,3,Top movers,0.012,,,clickhouse-client --time,True,
ClickHouse Cloud,43,43,2026-08-08T13:55:59Z,23844225514,3,Top movers,0.012,,,clickhouse-client --time,True,
ClickHouse Cloud,44,44,2026-08-08T14:05:59Z,24360433073,3,Top movers,0.012,,,clickhouse-client --time,True,
ClickHouse Cloud,45,45,2026-08-08T14:15:59Z,24937313823,3,Top movers,0.011,,,clickhouse-client --time,True,
ClickHouse Cloud,46,46,2026-08-08T14:25:59Z,25492435118,3,Top movers,0.013,,,clickhouse-client --time,True,
ClickHouse Cloud,47,47,2026-08-08T14:35:59Z,26047358918,3,Top movers,0.012,,,clickhouse-client --time,True,
ClickHouse Cloud,48,48,2026-08-08T14:45:59Z,26583320264,3,Top movers,0.012,,,clickhouse-client --time,True,
ClickHouse Cloud,49,49,2026-08-08T14:55:59Z,27117466999,3,Top movers,0.012,,,clickhouse-client --time,True,
ClickHouse Cloud,50,50,2026-08-08T15:05:59Z,27681375912,3,Top movers,0.013,,,clickhouse-client --time,True,
ClickHouse Cloud,51,51,2026-08-08T15:15:59Z,28239125449,3,Top movers,0.012,,,clickhouse-client --time,True,
ClickHouse Cloud,52,52,2026-08-08T15:25:59Z,28773516979,3,Top movers,0.011,,,clickhouse-client --time,True,
ClickHouse Cloud,53,53,2026-08-08T15:35:59Z,29346127706,3,Top movers,0.011,,,clickhouse-client --time,True,
ClickHouse Cloud,54,54,2026-08-08T15:45:59Z,29890137150,3,Top movers,0.011,,,clickhouse-client --time,True,
ClickHouse Cloud,55,55,2026-08-08T15:55:59Z,30465667350,3,Top movers,0.011,,,clickhouse-client --time,True,
ClickHouse Cloud,56,56,2026-08-08T16:05:59Z,31018228497,3,Top movers,0.011,,,clickhouse-client --time,True,
ClickHouse Cloud,57,57,2026-08-08T16:15:59Z,31588088259,3,Top movers,0.012,,,clickhouse-client --time,True,
ClickHouse Cloud,58,58,2026-08-08T16:25:59Z,32144496083,3,Top movers,0.013,,,clickhouse-client --time,True,
ClickHouse Cloud,59,59,2026-08-08T16:35:59Z,32651953244,3,Top movers,0.014,,,clickhouse-client --time,True,
ClickHouse Cloud,60,60,2026-08-08T16:45:59Z,33183996050,3,Top movers,0.013,,,clickhouse-client --time,True,
ClickHouse Cloud,61,61,2026-08-08T16:55:59Z,33748476003,3,Top movers,0.014,,,clickhouse-client --time,True,
ClickHouse Cloud,62,62,2026-08-08T17:05:59Z,34249264401,3,Top movers,0.013,,,clickhouse-client --time,True,
ClickHouse Cloud,63,63,2026-08-08T17:15:59Z,34764613132,3,Top movers,0.012,,,clickhouse-client --time,True,
ClickHouse Cloud,64,64,2026-08-08T17:25:59Z,35300178406,3,Top movers,0.013,,,clickhouse-client --time,True,
ClickHouse Cloud,65,65,2026-08-08T17:35:59Z,35804053385,3,Top movers,0.013,,,clickhouse-client --time,True,
ClickHouse Cloud,66,66,2026-08-08T17:45:59Z,36352821706,3,Top movers,0.013,,,clickhouse-client --time,True,
ClickHouse Cloud,67,67,2026-08-08T17:55:59Z,36850964650,3,Top movers,0.014,,,clickhouse-client --time,True,
ClickHouse Cloud,68,68,2026-08-08T18:05:59Z,37331880801,3,Top movers,0.012,,,clickhouse-client --time,True,
ClickHouse Cloud,69,69,2026-08-08T18:15:59Z,37851506740,3,Top movers,0.012,,,clickhouse-client --time,True,
ClickHouse Cloud,70,70,2026-08-08T18:25:59Z,38333894855,3,Top movers,0.012,,,clickhouse-client --time,True,
ClickHouse Cloud,71,71,2026-08-08T18:35:59Z,38903981063,3,Top movers,0.014,,,clickhouse-client --time,True,
ClickHouse Cloud,72,72,2026-08-08T18:45:59Z,39403630784,3,Top movers,0.014,,,clickhouse-client --time,True,
ClickHouse Cloud,73,73,2026-08-08T18:55:59Z,39938729827,3,Top movers,0.012,,,clickhouse-client --time,True,
ClickHouse Cloud,74,74,2026-08-08T19:05:59Z,40455322866,3,Top movers,0.013,,,clickhouse-client --time,True,
ClickHouse Cloud,75,75,2026-08-08T19:15:59Z,40983472025,3,Top movers,0.014,,,clickhouse-client --time,True,
ClickHouse Cloud,76,76,2026-08-08T19:25:59Z,41461994932,3,Top movers,0.014,,,clickhouse-client --time,True,
ClickHouse Cloud,77,77,2026-08-08T19:35:59Z,41986954384,3,Top movers,0.016,,,clickhouse-client --time,True,
ClickHouse Cloud,78,78,2026-08-08T19:45:59Z,42504704257,3,Top movers,0.014,,,clickhouse-client --time,True,
ClickHouse Cloud,79,79,2026-08-08T19:55:59Z,43037353870,3,Top movers,0.014,,,clickhouse-client --time,True,
ClickHouse Cloud,80,80,2026-08-08T20:05:59Z,43568180819,3,Top movers,0.013,,,clickhouse-client --time,True,
ClickHouse Cloud,81,81,2026-08-08T20:15:59Z,44075896295,3,Top movers,0.015,,,clickhouse-client --time,True,
ClickHouse Cloud,82,82,2026-08-08T20:25:59Z,44585275116,3,Top movers,0.014,,,clickhouse-client --time,True,
ClickHouse Cloud,83,83,2026-08-08T20:35:59Z,45119401562,3,Top movers,0.013,,,clickhouse-client --time,True,
ClickHouse Cloud,84,84,2026-08-08T20:45:59Z,45608868518,3,Top movers,0.012,,,clickhouse-client --time,True,
ClickHouse Cloud,85,85,2026-08-08T20:55:59Z,46108257326,3,Top movers,0.013,,,clickhouse-client --time,True,
ClickHouse Cloud,86,86,2026-08-08T21:05:59Z,46607144697,3,Top movers,0.013,,,clickhouse-client --time,True,
ClickHouse Cloud,87,87,2026-08-08T21:15:59Z,47127220430,3,Top movers,0.013,,,clickhouse-client --time,True,
ClickHouse Cloud,88,88,2026-08-08T21:25:59Z,47630286458,3,Top movers,0.014,,,clickhouse-client --time,True,
ClickHouse Cloud,89,89,2026-08-08T21:35:59Z,48152769396,3,Top movers,0.014,,,clickhouse-client --time,True,
ClickHouse Cloud,90,90,2026-08-08T21:45:59Z,48651039753,3,Top movers,0.015,,,clickhouse-client --time,True,
ClickHouse Cloud,91,91,2026-08-08T21:55:59Z,49173608481,3,Top movers,0.014,,,clickhouse-client --time,True,
ClickHouse Cloud,92,92,2026-08-08T22:05:59Z,49691385785,3,Top movers,0.016,,,clickhouse-client --time,True,
ClickHouse Cloud,93,93,2026-08-08T22:15:59Z,50238320035,3,Top movers,0.017,,,clickhouse-client --time,True,
ClickHouse Cloud,94,94,2026-08-08T22:25:59Z,50788829774,3,Top movers,0.014,,,clickhouse-client --time,True,
ClickHouse Cloud,95,95,2026-08-08T22:35:59Z,51325118756,3,Top movers,0.015,,,clickhouse-client --time,True,
ClickHouse Cloud,96,96,2026-08-08T22:45:59Z,51886771408,3,Top movers,0.014,,,clickhouse-client --time,True,
ClickHouse Cloud,97,97,2026-08-08T22:55:59Z,52441318029,3,Top movers,0.013,,,clickhouse-client --time,True,
ClickHouse Cloud,98,98,2026-08-08T23:05:59Z,52920335727,3,Top movers,0.014,,,clickhouse-client --time,True,
ClickHouse Cloud,99,99,2026-08-08T23:15:59Z,53408601648,3,Top movers,0.013,,,clickhouse-client --time,True,
ClickHouse Cloud,100,100,2026-08-08T23:25:59Z,53910086618,3,Top movers,0.015,,,clickhouse-client --time,True,
ClickHouse Cloud,101,101,2026-08-08T23:35:59Z,54424699241,3,Top movers,0.015,,,clickhouse-client --time,True,
ClickHouse Cloud,102,102,2026-08-08T23:45:59Z,54899250491,3,Top movers,0.015,,,clickhouse-client --time,True,
ClickHouse Cloud,103,103,2026-08-08T23:55:59Z,55416633625,3,Top movers,0.015,,,clickhouse-client --time,True,
ClickHouse Cloud,104,104,2026-08-09T00:05:59Z,55944840077,3,Top movers,0.015,,,clickhouse-client --time,True,
ClickHouse Cloud,105,105,2026-08-09T00:15:59Z,56450202011,3,Top movers,0.015,,,clickhouse-client --time,True,
ClickHouse Cloud,106,106,2026-08-09T00:25:59Z,56976658135,3,Top movers,0.013,,,clickhouse-client --time,True,
ClickHouse Cloud,107,107,2026-08-09T00:35:59Z,57502590981,3,Top movers,0.014,,,clickhouse-client --time,True,
ClickHouse Cloud,108,108,2026-08-09T00:45:59Z,58017492696,3,Top movers,0.015,,,clickhouse-client --time,True,
ClickHouse Cloud,109,109,2026-08-09T00:55:59Z,58509450012,3,Top movers,0.014,,,clickhouse-client --time,True,
ClickHouse Cloud,110,110,2026-08-09T01:05:59Z,59010783142,3,Top movers,0.015,,,clickhouse-client --time,True,
ClickHouse Cloud,111,111,2026-08-09T01:15:59Z,59503489949,3,Top movers,0.015,,,clickhouse-client --time,True,
ClickHouse Cloud,112,112,2026-08-09T01:25:59Z,59972983401,3,Top movers,0.015,,,clickhouse-client --time,True,
ClickHouse Cloud,113,113,2026-08-09T01:35:59Z,60442237749,3,Top movers,0.015,,,clickhouse-client --time,True,
ClickHouse Cloud,114,114,2026-08-09T01:45:59Z,60904448195,3,Top movers,0.014,,,clickhouse-client --time,True,
ClickHouse Cloud,115,115,2026-08-09T01:55:59Z,61370139665,3,Top movers,0.015,,,clickhouse-client --time,True,
ClickHouse Cloud,116,116,2026-08-09T02:05:59Z,61872097967,3,Top movers,0.015,,,clickhouse-client --time,True,
ClickHouse Cloud,117,117,2026-08-09T02:15:59Z,62362523974,3,Top movers,0.017,,,clickhouse-client --time,True,
ClickHouse Cloud,118,118,2026-08-09T02:25:59Z,62852767644,3,Top movers,0.015,,,clickhouse-client --time,True,
ClickHouse Cloud,119,119,2026-08-09T02:35:59Z,63303274836,3,Top movers,0.017,,,clickhouse-client --time,True,
ClickHouse Cloud,120,120,2026-08-09T02:45:59Z,63813706871,3,Top movers,0.017,,,clickhouse-client --time,True,
ClickHouse Cloud,121,121,2026-08-09T02:55:59Z,64297816643,3,Top movers,0.021,,,clickhouse-client --time,True,
ClickHouse Cloud,122,122,2026-08-09T03:05:59Z,64830505943,3,Top movers,0.014,,,clickhouse-client --time,True,
ClickHouse Cloud,123,123,2026-08-09T03:15:59Z,65325007686,3,Top movers,0.013,,,clickhouse-client --time,True,
ClickHouse Cloud,124,124,2026-08-09T03:25:59Z,65803792964,3,Top movers,0.013,,,clickhouse-client --time,True,
ClickHouse Cloud,125,125,2026-08-09T03:35:59Z,66304040996,3,Top movers,0.015,,,clickhouse-client --time,True,
ClickHouse Cloud,126,126,2026-08-09T03:45:59Z,66813762801,3,Top movers,0.015,,,clickhouse-client --time,True,
ClickHouse Cloud,127,127,2026-08-09T03:55:59Z,67293866994,3,Top movers,0.013,,,clickhouse-client --time,True,
ClickHouse Cloud,128,128,2026-08-09T04:05:59Z,67748504407,3,Top movers,0.013,,,clickhouse-client --time,True,
ClickHouse Cloud,129,129,2026-08-09T04:15:59Z,68201006429,3,Top movers,0.014,,,clickhouse-client --time,True,
ClickHouse Cloud,130,130,2026-08-09T04:25:59Z,68684069442,3,Top movers,0.013,,,clickhouse-client --time,True,
ClickHouse Cloud,131,131,2026-08-09T04:35:59Z,69181831398,3,Top movers,0.015,,,clickhouse-client --time,True,
ClickHouse Cloud,132,132,2026-08-09T04:45:59Z,69676432303,3,Top movers,0.015,,,clickhouse-client --time,True,
ClickHouse Cloud,133,133,2026-08-09T04:55:59Z,70168596073,3,Top movers,0.014,,,clickhouse-client --time,True,
ClickHouse Cloud,134,134,2026-08-09T05:05:59Z,70659299166,3,Top movers,0.014,,,clickhouse-client --time,True,
ClickHouse Cloud,135,135,2026-08-09T05:15:59Z,71156738966,3,Top movers,0.016,,,clickhouse-client --time,True,
ClickHouse Cloud,136,136,2026-08-09T05:25:59Z,71624709770,3,Top movers,0.015,,,clickhouse-client --time,True,
ClickHouse Cloud,137,137,2026-08-09T05:35:59Z,72091825703,3,Top movers,0.015,,,clickhouse-client --time,True,
ClickHouse Cloud,138,138,2026-08-09T05:45:59Z,72547878251,3,Top movers,0.017,,,clickhouse-client --time,True,
ClickHouse Cloud,139,139,2026-08-09T05:55:59Z,73013213443,3,Top movers,0.014,,,clickhouse-client --time,True,
ClickHouse Cloud,140,140,2026-08-09T06:05:59Z,73476437585,3,Top movers,0.014,,,clickhouse-client --time,True,
ClickHouse Cloud,141,141,2026-08-09T06:15:59Z,73987325693,3,Top movers,0.014,,,clickhouse-client --time,True,
ClickHouse Cloud,142,142,2026-08-09T06:25:59Z,74486757162,3,Top movers,0.015,,,clickhouse-client --time,True,
ClickHouse Cloud,143,143,2026-08-09T06:35:59Z,74995355831,3,Top movers,0.014,,,clickhouse-client --time,True,
ClickHouse Cloud,144,144,2026-08-09T06:45:59Z,75466940903,3,Top movers,0.016,,,clickhouse-client --time,True,
ClickHouse Cloud,145,145,2026-08-09T06:55:59Z,75964855518,3,Top movers,0.016,,,clickhouse-client --time,True,
ClickHouse Cloud,146,146,2026-08-09T07:05:59Z,76430868234,3,Top movers,0.016,,,clickhouse-client --time,True,
ClickHouse Cloud,147,147,2026-08-09T07:15:59Z,76885010641,3,Top movers,0.016,,,clickhouse-client --time,True,
ClickHouse Cloud,148,148,2026-08-09T07:25:59Z,77350951993,3,Top movers,0.014,,,clickhouse-client --time,True,
ClickHouse Cloud,149,149,2026-08-09T07:35:59Z,77850423857,3,Top movers,0.014,,,clickhouse-client --time,True,
ClickHouse Cloud,150,150,2026-08-09T07:45:59Z,78316136469,3,Top movers,0.014,,,clickhouse-client --time,True,
ClickHouse Cloud,151,151,2026-08-09T07:55:59Z,78743691693,3,Top movers,0.015,,,clickhouse-client --time,True,
ClickHouse Cloud,152,152,2026-08-09T08:05:59Z,79106273696,3,Top movers,0.016,,,clickhouse-client --time,True,
ClickHouse Cloud,153,153,2026-08-09T08:15:59Z,79558355522,3,Top movers,0.017,,,clickhouse-client --time,True,
ClickHouse Cloud,154,154,2026-08-09T08:25:59Z,80034599414,3,Top movers,0.015,,,clickhouse-client --time,True,
ClickHouse Cloud,155,155,2026-08-09T08:35:59Z,80503603294,3,Top movers,0.016,,,clickhouse-client --time,True,
ClickHouse Cloud,156,156,2026-08-09T08:45:59Z,80949316423,3,Top movers,0.015,,,clickhouse-client --time,True,
ClickHouse Cloud,157,157,2026-08-09T08:55:59Z,81360968914,3,Top movers,0.015,,,clickhouse-client --time,True,
ClickHouse Cloud,158,158,2026-08-09T09:05:59Z,81786894322,3,Top movers,0.015,,,clickhouse-client --time,True,
ClickHouse Cloud,159,159,2026-08-09T09:15:59Z,82193904360,3,Top movers,0.016,,,clickhouse-client --time,True,
ClickHouse Cloud,160,160,2026-08-09T09:25:59Z,82614022776,3,Top movers,0.016,,,clickhouse-client --time,True,
ClickHouse Cloud,161,161,2026-08-09T09:35:59Z,83038964951,3,Top movers,0.016,,,clickhouse-client --time,True,
ClickHouse Cloud,162,162,2026-08-09T09:45:59Z,83491097777,3,Top movers,0.016,,,clickhouse-client --time,True,
ClickHouse Cloud,163,163,2026-08-09T09:55:59Z,83949333223,3,Top movers,0.017,,,clickhouse-client --time,True,
ClickHouse Cloud,164,164,2026-08-09T10:05:59Z,84454230067,3,Top movers,0.016,,,clickhouse-client --time,True,
ClickHouse Cloud,165,165,2026-08-09T10:15:59Z,84942338016,3,Top movers,0.017,,,clickhouse-client --time,True,
ClickHouse Cloud,166,166,2026-08-09T10:25:59Z,85486320046,3,Top movers,0.016,,,clickhouse-client --time,True,
ClickHouse Cloud,167,167,2026-08-09T10:35:59Z,86027059928,3,Top movers,0.017,,,clickhouse-client --time,True,
ClickHouse Cloud,168,168,2026-08-09T10:45:59Z,86536377584,3,Top movers,0.019,,,clickhouse-client --time,True,
ClickHouse Cloud,169,169,2026-08-09T10:55:59Z,87060073492,3,Top movers,0.017,,,clickhouse-client --time,True,
ClickHouse Cloud,170,170,2026-08-09T11:05:59Z,87633622969,3,Top movers,0.017,,,clickhouse-client --time,True,
ClickHouse Cloud,171,171,2026-08-09T11:15:59Z,88183458683,3,Top movers,0.018,,,clickhouse-client --time,True,
ClickHouse Cloud,172,172,2026-08-09T11:25:59Z,88722660479,3,Top movers,0.018,,,clickhouse-client --time,True,
ClickHouse Cloud,173,173,2026-08-09T11:35:59Z,89252600968,3,Top movers,0.019,,,clickhouse-client --time,True,
ClickHouse Cloud,174,174,2026-08-09T11:45:59Z,89771307204,3,Top movers,0.018,,,clickhouse-client --time,True,
ClickHouse Cloud,175,175,2026-08-09T11:55:59Z,90310361990,3,Top movers,0.019,,,clickhouse-client --time,True,
ClickHouse Cloud,176,176,2026-08-09T12:05:59Z,90786625328,3,Top movers,0.018,,,clickhouse-client --time,True,
ClickHouse Cloud,177,177,2026-08-09T12:15:59Z,91318721092,3,Top movers,0.019,,,clickhouse-client --time,True,
ClickHouse Cloud,178,178,2026-08-09T12:25:59Z,91841644344,3,Top movers,0.019,,,clickhouse-client --time,True,
ClickHouse Cloud,179,179,2026-08-09T12:35:59Z,92330582028,3,Top movers,0.02,,,clickhouse-client --time,True,
ClickHouse Cloud,180,180,2026-08-09T12:45:59Z,92808126794,3,Top movers,0.018,,,clickhouse-client --time,True,
ClickHouse Cloud,181,181,2026-08-09T12:55:59Z,93292685867,3,Top movers,0.02,,,clickhouse-client --time,True,
ClickHouse Cloud,182,182,2026-08-09T13:05:59Z,93798216437,3,Top movers,0.019,,,clickhouse-client --time,True,
ClickHouse Cloud,183,183,2026-08-09T13:15:59Z,94324820860,3,Top movers,0.018,,,clickhouse-client --time,True,
ClickHouse Cloud,184,184,2026-08-09T13:25:59Z,94869720583,3,Top movers,0.019,,,clickhouse-client --time,True,
ClickHouse Cloud,185,185,2026-08-09T13:35:59Z,95368092163,3,Top movers,0.019,,,clickhouse-client --time,True,
ClickHouse Cloud,186,186,2026-08-09T13:45:59Z,95854521730,3,Top movers,0.018,,,clickhouse-client --time,True,
ClickHouse Cloud,187,187,2026-08-09T13:55:59Z,96363475717,3,Top movers,0.019,,,clickhouse-client --time,True,
ClickHouse Cloud,188,188,2026-08-09T14:05:59Z,96870245467,3,Top movers,0.018,,,clickhouse-client --time,True,
ClickHouse Cloud,189,189,2026-08-09T14:15:59Z,97440595296,3,Top movers,0.019,,,clickhouse-client --time,True,
ClickHouse Cloud,190,190,2026-08-09T14:25:59Z,97990299109,3,Top movers,0.018,,,clickhouse-client --time,True,
ClickHouse Cloud,191,191,2026-08-09T14:35:59Z,98531195718,3,Top movers,0.018,,,clickhouse-client --time,True,
ClickHouse Cloud,192,192,2026-08-09T14:45:59Z,99080355059,3,Top movers,0.02,,,clickhouse-client --time,True,
ClickHouse Cloud,193,193,2026-08-09T14:55:59Z,99566521565,3,Top movers,0.018,,,clickhouse-client --time,True,
Snowflake,2,2,2026-08-11T11:28:57Z,532996784,3,Top movers,0.729,0.172,0.557,runner result (end-to-end); compilation/execution retained,True,
Snowflake,3,3,2026-08-11T11:38:57Z,1108625165,3,Top movers,1.053,0.382,0.671,runner result (end-to-end); compilation/execution retained,True,
Snowflake,4,4,2026-08-11T11:48:57Z,1658912507,3,Top movers,1.393,0.479,0.914,runner result (end-to-end); compilation/execution retained,True,
Snowflake,5,5,2026-08-11T11:58:57Z,2217147353,3,Top movers,1.669,0.752,0.917,runner result (end-to-end); compilation/execution retained,True,
Snowflake,6,6,2026-08-11T12:08:57Z,2786291244,3,Top movers,1.973,0.887,1.086,runner result (end-to-end); compilation/execution retained,True,
Snowflake,7,7,2026-08-11T12:18:57Z,3343738155,3,Top movers,1.671,0.968,0.703,runner result (end-to-end); compilation/execution retained,True,
Snowflake,8,8,2026-08-11T12:28:57Z,3899391577,3,Top movers,2.486,1.157,1.329,runner result (end-to-end); compilation/execution retained,True,
Snowflake,9,9,2026-08-11T12:38:57Z,4448004794,3,Top movers,2.241,1.542,0.699,runner result (end-to-end); compilation/execution retained,True,
Snowflake,10,10,2026-08-11T12:48:57Z,5002254267,3,Top movers,2.505,1.427,1.078,runner result (end-to-end); compilation/execution retained,True,
Snowflake,11,11,2026-08-11T12:58:57Z,5553730140,3,Top movers,2.531,1.742,0.789,runner result (end-to-end); compilation/execution retained,True,
Snowflake,12,12,2026-08-11T13:08:57Z,6107183801,3,Top movers,2.849,1.835,1.014,runner result (end-to-end); compilation/execution retained,True,
Snowflake,13,13,2026-08-11T13:18:57Z,6662885451,3,Top movers,2.83,2.037,0.793,runner result (end-to-end); compilation/execution retained,True,
Snowflake,14,14,2026-08-11T13:28:57Z,7220407062,3,Top movers,4.356,2.166,2.19,runner result (end-to-end); compilation/execution retained,True,
Snowflake,15,15,2026-08-11T13:38:57Z,7772453021,3,Top movers,2.749,2.334,0.415,runner result (end-to-end); compilation/execution retained,True,
Snowflake,16,16,2026-08-11T13:48:57Z,8327660844,3,Top movers,1.571,0.215,1.356,runner result (end-to-end); compilation/execution retained,True,
Snowflake,17,17,2026-08-11T13:58:57Z,8869790384,3,Top movers,1.219,0.284,0.935,runner result (end-to-end); compilation/execution retained,True,
Snowflake,18,18,2026-08-11T14:08:57Z,9416167217,3,Top movers,2.292,0.656,1.636,runner result (end-to-end); compilation/execution retained,True,
Snowflake,19,19,2026-08-11T14:18:57Z,9966828956,3,Top movers,1.058,0.611,0.447,runner result (end-to-end); compilation/execution retained,True,
Snowflake,20,20,2026-08-11T14:28:57Z,10515573711,3,Top movers,4.626,0.955,3.671,runner result (end-to-end); compilation/execution retained,True,
Snowflake,21,21,2026-08-11T14:38:57Z,11061458462,3,Top movers,2.318,1.166,1.152,runner result (end-to-end); compilation/execution retained,True,
Snowflake,22,22,2026-08-11T14:48:57Z,11598082800,3,Top movers,2.383,0.844,1.539,runner result (end-to-end); compilation/execution retained,True,
Snowflake,23,23,2026-08-11T14:58:57Z,12155361632,3,Top movers,1.765,0.918,0.847,runner result (end-to-end); compilation/execution retained,True,
Snowflake,24,24,2026-08-11T15:08:57Z,12701532891,3,Top movers,3.197,1.148,2.049,runner result (end-to-end); compilation/execution retained,True,
Snowflake,25,25,2026-08-11T15:18:57Z,13239818975,3,Top movers,2.116,1.591,0.525,runner result (end-to-end); compilation/execution retained,True,
Snowflake,26,26,2026-08-11T15:28:57Z,13783825272,3,Top movers,3.08,1.2,1.88,runner result (end-to-end); compilation/execution retained,True,
Snowflake,27,27,2026-08-11T15:38:57Z,14320432691,3,Top movers,1.952,1.606,0.346,runner result (end-to-end); compilation/execution retained,True,
Snowflake,28,28,2026-08-11T15:48:57Z,14865686419,3,Top movers,3.429,1.85,1.579,runner result (end-to-end); compilation/execution retained,True,
Snowflake,29,29,2026-08-11T15:58:57Z,15406449067,3,Top movers,2.441,1.792,0.649,runner result (end-to-end); compilation/execution retained,True,
Snowflake,30,30,2026-08-11T16:08:57Z,15953152260,3,Top movers,3.625,1.824,1.801,runner result (end-to-end); compilation/execution retained,True,
Snowflake,31,31,2026-08-11T16:18:57Z,16496810019,3,Top movers,3.032,2.225,0.807,runner result (end-to-end); compilation/execution retained,True,
Snowflake,32,32,2026-08-11T16:28:57Z,17037168163,3,Top movers,3.809,1.642,2.167,runner result (end-to-end); compilation/execution retained,True,
Snowflake,33,33,2026-08-11T16:38:57Z,17587595862,3,Top movers,3.418,2.96,0.458,runner result (end-to-end); compilation/execution retained,True,
Snowflake,34,34,2026-08-11T16:48:57Z,18120902444,3,Top movers,4.371,2.918,1.453,runner result (end-to-end); compilation/execution retained,True,
Snowflake,35,35,2026-08-11T16:58:57Z,18664388826,3,Top movers,3.488,3.014,0.474,runner result (end-to-end); compilation/execution retained,True,
Snowflake,36,36,2026-08-11T17:08:57Z,19216193045,3,Top movers,7.532,3.533,3.999,runner result (end-to-end); compilation/execution retained,True,
Snowflake,37,37,2026-08-11T17:18:57Z,19745883933,3,Top movers,3.922,3.342,0.58,runner result (end-to-end); compilation/execution retained,True,
Snowflake,38,38,2026-08-11T17:28:57Z,20305329136,3,Top movers,10.355,3.355,7.0,runner result (end-to-end); compilation/execution retained,True,
Snowflake,39,39,2026-08-11T17:38:57Z,20844684066,3,Top movers,3.975,3.566,0.409,runner result (end-to-end); compilation/execution retained,True,
Snowflake,40,40,2026-08-11T17:48:57Z,21391428069,3,Top movers,11.309,3.55,7.759,runner result (end-to-end); compilation/execution retained,True,
Snowflake,41,41,2026-08-11T17:58:57Z,21938345201,3,Top movers,4.268,3.702,0.566,runner result (end-to-end); compilation/execution retained,True,
Snowflake,42,42,2026-08-11T18:08:57Z,22480394175,3,Top movers,7.83,4.544,3.286,runner result (end-to-end); compilation/execution retained,True,
Snowflake,43,43,2026-08-11T18:18:57Z,23027036303,3,Top movers,5.919,4.531,1.388,runner result (end-to-end); compilation/execution retained,True,
Snowflake,44,44,2026-08-11T18:28:57Z,23563684837,3,Top movers,11.005,4.144,6.861,runner result (end-to-end); compilation/execution retained,True,
Snowflake,45,45,2026-08-11T18:38:57Z,24108292723,3,Top movers,4.748,4.211,0.537,runner result (end-to-end); compilation/execution retained,True,
Snowflake,46,46,2026-08-11T18:48:57Z,24651647019,3,Top movers,8.811,4.791,4.02,runner result (end-to-end); compilation/execution retained,True,
Snowflake,47,47,2026-08-11T18:58:57Z,25200289313,3,Top movers,10.953,9.782,1.171,runner result (end-to-end); compilation/execution retained,True,
Snowflake,48,48,2026-08-11T19:08:57Z,25747852434,3,Top movers,13.429,10.505,2.924,runner result (end-to-end); compilation/execution retained,True,
Snowflake,49,49,2026-08-11T19:18:57Z,26283076869,3,Top movers,11.077,10.034,1.043,runner result (end-to-end); compilation/execution retained,True,
Snowflake,50,50,2026-08-11T19:28:57Z,26820178083,3,Top movers,14.097,10.908,3.189,runner result (end-to-end); compilation/execution retained,True,
Snowflake,51,51,2026-08-11T19:38:57Z,27375417517,3,Top movers,11.736,10.298,1.438,runner result (end-to-end); compilation/execution retained,True,
Snowflake,52,52,2026-08-11T19:48:57Z,27918995748,3,Top movers,12.224,11.299,0.925,runner result (end-to-end); compilation/execution retained,True,
Snowflake,53,53,2026-08-11T19:58:57Z,28455528243,3,Top movers,12.934,10.999,1.935,runner result (end-to-end); compilation/execution retained,True,
Snowflake,54,54,2026-08-11T20:08:57Z,28993570106,3,Top movers,14.426,11.025,3.401,runner result (end-to-end); compilation/execution retained,True,
Snowflake,55,55,2026-08-11T20:18:57Z,29545700964,3,Top movers,11.998,10.828,1.17,runner result (end-to-end); compilation/execution retained,True,
Snowflake,56,56,2026-08-11T20:28:57Z,30083988028,3,Top movers,13.612,11.373,2.239,runner result (end-to-end); compilation/execution retained,True,
Snowflake,57,57,2026-08-11T20:38:57Z,30630575890,3,Top movers,12.737,11.668,1.069,runner result (end-to-end); compilation/execution retained,True,
Snowflake,58,58,2026-08-11T20:48:57Z,31165284381,3,Top movers,15.126,12.133,2.993,runner result (end-to-end); compilation/execution retained,True,
Snowflake,59,59,2026-08-11T20:58:57Z,31720586913,3,Top movers,13.5,12.231,1.269,runner result (end-to-end); compilation/execution retained,True,
Snowflake,60,60,2026-08-11T21:08:57Z,32256432850,3,Top movers,16.664,11.729,4.935,runner result (end-to-end); compilation/execution retained,True,
Snowflake,61,61,2026-08-11T21:18:57Z,32804567571,3,Top movers,13.231,12.135,1.096,runner result (end-to-end); compilation/execution retained,True,
Snowflake,62,62,2026-08-11T21:28:57Z,33359668543,3,Top movers,12.638,12.097,0.541,runner result (end-to-end); compilation/execution retained,True,
Snowflake,63,63,2026-08-11T21:38:57Z,33893505898,3,Top movers,12.791,11.6,1.191,runner result (end-to-end); compilation/execution retained,True,
Snowflake,64,64,2026-08-11T21:48:57Z,34442826434,3,Top movers,12.879,12.274,0.605,runner result (end-to-end); compilation/execution retained,True,
Snowflake,65,65,2026-08-11T21:58:57Z,34990195086,3,Top movers,14.622,13.178,1.444,runner result (end-to-end); compilation/execution retained,True,
Snowflake,66,66,2026-08-11T22:08:57Z,35543561911,3,Top movers,14.334,13.653,0.681,runner result (end-to-end); compilation/execution retained,True,
Snowflake,67,67,2026-08-11T22:18:57Z,36086551556,3,Top movers,14.997,13.651,1.346,runner result (end-to-end); compilation/execution retained,True,
Snowflake,68,68,2026-08-11T22:28:57Z,36629144961,3,Top movers,14.16,12.313,1.847,runner result (end-to-end); compilation/execution retained,True,
Snowflake,69,69,2026-08-11T22:38:57Z,37176739226,3,Top movers,14.212,12.833,1.379,runner result (end-to-end); compilation/execution retained,True,
Snowflake,70,70,2026-08-11T22:48:57Z,37714068818,3,Top movers,17.65,13.871,3.779,runner result (end-to-end); compilation/execution retained,True,
Snowflake,71,71,2026-08-11T22:58:57Z,38258658415,3,Top movers,14.053,13.005,1.048,runner result (end-to-end); compilation/execution retained,True,
Snowflake,72,72,2026-08-11T23:08:57Z,38815458699,3,Top movers,16.604,13.285,3.319,runner result (end-to-end); compilation/execution retained,True,
Snowflake,73,73,2026-08-11T23:18:57Z,39353814542,3,Top movers,15.238,13.508,1.73,runner result (end-to-end); compilation/execution retained,True,
Snowflake,74,74,2026-08-11T23:28:57Z,39910561199,3,Top movers,14.176,13.642,0.534,runner result (end-to-end); compilation/execution retained,True,
Snowflake,75,75,2026-08-11T23:38:57Z,40450795463,3,Top movers,14.741,13.675,1.066,runner result (end-to-end); compilation/execution retained,True,
Snowflake,76,76,2026-08-11T23:48:57Z,41001235716,3,Top movers,16.273,13.3,2.973,runner result (end-to-end); compilation/execution retained,True,
Snowflake,77,77,2026-08-11T23:58:57Z,41541364286,3,Top movers,16.651,15.223,1.428,runner result (end-to-end); compilation/execution retained,True,
Snowflake,78,78,2026-08-12T00:08:57Z,42087321356,3,Top movers,14.825,11.884,2.941,runner result (end-to-end); compilation/execution retained,True,
Snowflake,79,79,2026-08-12T00:18:57Z,42638946619,3,Top movers,13.764,12.291,1.473,runner result (end-to-end); compilation/execution retained,True,
Snowflake,80,80,2026-08-12T00:28:57Z,43189555601,3,Top movers,13.057,12.425,0.632,runner result (end-to-end); compilation/execution retained,True,
Snowflake,81,81,2026-08-12T00:38:57Z,43737335549,3,Top movers,15.305,14.249,1.056,runner result (end-to-end); compilation/execution retained,True,
Snowflake,82,82,2026-08-12T00:48:57Z,44285385932,3,Top movers,15.531,12.878,2.653,runner result (end-to-end); compilation/execution retained,True,
Snowflake,83,83,2026-08-12T00:58:57Z,44819116712,3,Top movers,14.68,13.356,1.324,runner result (end-to-end); compilation/execution retained,True,
Snowflake,84,84,2026-08-12T01:08:57Z,45370941730,3,Top movers,14.438,13.068,1.37,runner result (end-to-end); compilation/execution retained,True,
Snowflake,85,85,2026-08-12T01:18:57Z,45915210443,3,Top movers,14.696,13.0,1.696,runner result (end-to-end); compilation/execution retained,True,
Snowflake,86,86,2026-08-12T01:28:57Z,46469268846,3,Top movers,14.447,11.954,2.493,runner result (end-to-end); compilation/execution retained,True,
Snowflake,87,87,2026-08-12T01:38:57Z,47014619196,3,Top movers,15.173,13.716,1.457,runner result (end-to-end); compilation/execution retained,True,
Snowflake,88,88,2026-08-12T01:48:57Z,47557887173,3,Top movers,1.887,0.27,1.617,runner result (end-to-end); compilation/execution retained,True,
Snowflake,89,89,2026-08-12T01:58:57Z,48108937450,3,Top movers,0.94,0.497,0.443,runner result (end-to-end); compilation/execution retained,True,
Snowflake,90,90,2026-08-12T02:08:57Z,48654354733,3,Top movers,2.082,0.633,1.449,runner result (end-to-end); compilation/execution retained,True,
Snowflake,91,91,2026-08-12T02:18:57Z,49198792764,3,Top movers,1.044,0.699,0.345,runner result (end-to-end); compilation/execution retained,True,
Snowflake,92,92,2026-08-12T02:28:57Z,49752959746,3,Top movers,3.011,0.935,2.076,runner result (end-to-end); compilation/execution retained,True,
Snowflake,93,93,2026-08-12T02:38:57Z,50295558507,3,Top movers,0.505,0.288,0.217,runner result (end-to-end); compilation/execution retained,True,
Snowflake,94,94,2026-08-12T02:48:57Z,50839423797,3,Top movers,2.651,0.337,2.314,runner result (end-to-end); compilation/execution retained,True,
Snowflake,95,95,2026-08-12T02:58:57Z,51388846496,3,Top movers,0.811,0.646,0.165,runner result (end-to-end); compilation/execution retained,True,
Snowflake,96,96,2026-08-12T03:08:57Z,51921113849,3,Top movers,2.287,0.651,1.636,runner result (end-to-end); compilation/execution retained,True,
Snowflake,97,97,2026-08-12T03:18:57Z,52476957308,3,Top movers,1.305,0.767,0.538,runner result (end-to-end); compilation/execution retained,True,
Snowflake,98,98,2026-08-12T03:28:57Z,53013859627,3,Top movers,4.513,0.825,3.688,runner result (end-to-end); compilation/execution retained,True,
Snowflake,99,99,2026-08-12T03:38:57Z,53553602030,3,Top movers,1.653,1.203,0.45,runner result (end-to-end); compilation/execution retained,True,
Snowflake,100,100,2026-08-12T03:48:57Z,54096739316,3,Top movers,2.88,1.127,1.753,runner result (end-to-end); compilation/execution retained,True,
Snowflake,101,101,2026-08-12T03:58:57Z,54638958461,3,Top movers,1.524,1.251,0.273,runner result (end-to-end); compilation/execution retained,True,
Snowflake,102,102,2026-08-12T04:08:57Z,55184688243,3,Top movers,2.699,1.461,1.238,runner result (end-to-end); compilation/execution retained,True,
Snowflake,103,103,2026-08-12T04:18:57Z,55728939933,3,Top movers,1.948,1.607,0.341,runner result (end-to-end); compilation/execution retained,True,
Snowflake,104,104,2026-08-12T04:28:57Z,56273535672,3,Top movers,4.15,1.884,2.266,runner result (end-to-end); compilation/execution retained,True,
Snowflake,105,105,2026-08-12T04:38:57Z,56810381460,3,Top movers,2.499,2.099,0.4,runner result (end-to-end); compilation/execution retained,True,
Snowflake,106,106,2026-08-12T04:48:57Z,57362361385,3,Top movers,3.181,2.028,1.153,runner result (end-to-end); compilation/execution retained,True,
Snowflake,107,107,2026-08-12T04:58:57Z,57913493016,3,Top movers,2.66,2.225,0.435,runner result (end-to-end); compilation/execution retained,True,
Snowflake,108,108,2026-08-12T05:08:57Z,58446958006,3,Top movers,4.765,3.355,1.41,runner result (end-to-end); compilation/execution retained,True,
Snowflake,109,109,2026-08-12T05:18:57Z,58996538773,3,Top movers,4.547,2.123,2.424,runner result (end-to-end); compilation/execution retained,True,
Snowflake,110,110,2026-08-12T05:28:57Z,59543392881,3,Top movers,8.56,2.817,5.743,runner result (end-to-end); compilation/execution retained,True,
Snowflake,111,111,2026-08-12T05:38:57Z,60095495207,3,Top movers,3.867,2.394,1.473,runner result (end-to-end); compilation/execution retained,True,
Snowflake,112,112,2026-08-12T05:48:57Z,60639957737,3,Top movers,7.737,3.186,4.551,runner result (end-to-end); compilation/execution retained,True,
Snowflake,113,113,2026-08-12T05:58:57Z,61187361357,3,Top movers,3.997,3.1,0.897,runner result (end-to-end); compilation/execution retained,True,
Snowflake,114,114,2026-08-12T06:08:57Z,61731139656,3,Top movers,9.92,3.223,6.697,runner result (end-to-end); compilation/execution retained,True,
Snowflake,115,115,2026-08-12T06:18:57Z,62279567684,3,Top movers,4.219,3.912,0.307,runner result (end-to-end); compilation/execution retained,True,
Snowflake,116,116,2026-08-12T06:28:57Z,62825580983,3,Top movers,4.81,3.368,1.442,runner result (end-to-end); compilation/execution retained,True,
Snowflake,117,117,2026-08-12T06:38:57Z,63370928291,3,Top movers,4.904,3.772,1.132,runner result (end-to-end); compilation/execution retained,True,
Snowflake,118,118,2026-08-12T06:48:57Z,63914819184,3,Top movers,8.3,3.442,4.858,runner result (end-to-end); compilation/execution retained,True,
Snowflake,119,119,2026-08-12T06:58:57Z,64455955665,3,Top movers,4.886,3.87,1.016,runner result (end-to-end); compilation/execution retained,True,
Snowflake,120,120,2026-08-12T07:08:57Z,65003623242,3,Top movers,11.61,4.007,7.603,runner result (end-to-end); compilation/execution retained,True,
Snowflake,121,121,2026-08-12T07:18:57Z,65557201130,3,Top movers,5.951,4.685,1.266,runner result (end-to-end); compilation/execution retained,True,
Snowflake,122,122,2026-08-12T07:28:57Z,66099065156,3,Top movers,8.243,4.374,3.869,runner result (end-to-end); compilation/execution retained,True,
Snowflake,123,123,2026-08-12T07:38:57Z,66642452422,3,Top movers,10.658,9.813,0.845,runner result (end-to-end); compilation/execution retained,True,
Snowflake,124,124,2026-08-12T07:48:57Z,67182421438,3,Top movers,9.4,4.635,4.765,runner result (end-to-end); compilation/execution retained,True,
Snowflake,125,125,2026-08-12T07:58:57Z,67727916114,3,Top movers,6.643,4.891,1.752,runner result (end-to-end); compilation/execution retained,True,
Snowflake,126,126,2026-08-12T08:08:57Z,68267471024,3,Top movers,8.786,4.782,4.004,runner result (end-to-end); compilation/execution retained,True,
Snowflake,127,127,2026-08-12T08:18:57Z,68802200323,3,Top movers,10.868,10.357,0.511,runner result (end-to-end); compilation/execution retained,True,
Snowflake,128,128,2026-08-12T08:28:57Z,69346329844,3,Top movers,12.99,10.442,2.548,runner result (end-to-end); compilation/execution retained,True,
Snowflake,129,129,2026-08-12T08:38:57Z,69897183390,3,Top movers,12.637,11.352,1.285,runner result (end-to-end); compilation/execution retained,True,
Snowflake,130,130,2026-08-12T08:48:57Z,70428726736,3,Top movers,0.75,0.275,0.475,runner result (end-to-end); compilation/execution retained,True,
Snowflake,131,131,2026-08-12T08:58:57Z,70979357463,3,Top movers,4.553,0.476,4.077,runner result (end-to-end); compilation/execution retained,True,
Snowflake,132,132,2026-08-12T09:08:57Z,71519985704,3,Top movers,1.235,0.679,0.556,runner result (end-to-end); compilation/execution retained,True,
Snowflake,133,133,2026-08-12T09:18:57Z,72058735690,3,Top movers,1.525,0.814,0.711,runner result (end-to-end); compilation/execution retained,True,
Snowflake,134,134,2026-08-12T09:28:57Z,72596851158,3,Top movers,1.922,0.855,1.067,runner result (end-to-end); compilation/execution retained,True,
Snowflake,135,135,2026-08-12T09:38:57Z,73126410994,3,Top movers,11.109,0.754,10.355,runner result (end-to-end); compilation/execution retained,True,
Snowflake,136,136,2026-08-12T09:48:57Z,73663989869,3,Top movers,1.726,1.135,0.591,runner result (end-to-end); compilation/execution retained,True,
Snowflake,137,137,2026-08-12T09:58:57Z,74210734717,3,Top movers,4.159,0.883,3.276,runner result (end-to-end); compilation/execution retained,True,
Snowflake,138,138,2026-08-12T10:08:57Z,74754170511,3,Top movers,1.678,1.218,0.46,runner result (end-to-end); compilation/execution retained,True,
Snowflake,139,139,2026-08-12T10:18:57Z,75292467460,3,Top movers,3.169,1.24,1.929,runner result (end-to-end); compilation/execution retained,True,
Snowflake,140,140,2026-08-12T10:28:57Z,75839048271,3,Top movers,1.988,1.409,0.579,runner result (end-to-end); compilation/execution retained,True,
Snowflake,141,141,2026-08-12T10:38:57Z,76379287699,3,Top movers,4.868,1.105,3.763,runner result (end-to-end); compilation/execution retained,True,
Snowflake,142,142,2026-08-12T10:48:57Z,76921212731,3,Top movers,2.035,1.277,0.758,runner result (end-to-end); compilation/execution retained,True,
Snowflake,143,143,2026-08-12T10:58:57Z,77474274891,3,Top movers,3.894,1.519,2.375,runner result (end-to-end); compilation/execution retained,True,
Snowflake,144,144,2026-08-12T11:08:57Z,78020239558,3,Top movers,3.546,2.054,1.492,runner result (end-to-end); compilation/execution retained,True,
Snowflake,145,145,2026-08-12T11:18:57Z,78556038400,3,Top movers,3.635,1.807,1.828,runner result (end-to-end); compilation/execution retained,True,
Snowflake,146,146,2026-08-12T11:28:57Z,79095605628,3,Top movers,3.044,1.671,1.373,runner result (end-to-end); compilation/execution retained,True,
Snowflake,147,147,2026-08-12T11:38:57Z,79642025309,3,Top movers,4.036,2.122,1.914,runner result (end-to-end); compilation/execution retained,True,
Snowflake,148,148,2026-08-12T11:48:57Z,80174044570,3,Top movers,2.687,2.008,0.679,runner result (end-to-end); compilation/execution retained,True,
Snowflake,149,149,2026-08-12T11:58:57Z,80719696641,3,Top movers,2.637,2.174,0.463,runner result (end-to-end); compilation/execution retained,True,
Snowflake,150,150,2026-08-12T12:08:57Z,81262895664,3,Top movers,2.851,2.161,0.69,runner result (end-to-end); compilation/execution retained,True,
Snowflake,151,151,2026-08-12T12:18:57Z,81806775602,3,Top movers,4.757,2.452,2.305,runner result (end-to-end); compilation/execution retained,True,
Snowflake,152,152,2026-08-12T12:28:57Z,82353792598,3,Top movers,3.089,2.33,0.759,runner result (end-to-end); compilation/execution retained,True,
Snowflake,153,153,2026-08-12T12:38:57Z,82888706006,3,Top movers,9.464,2.107,7.357,runner result (end-to-end); compilation/execution retained,True,
Snowflake,154,154,2026-08-12T12:48:57Z,83443900439,3,Top movers,2.791,2.279,0.512,runner result (end-to-end); compilation/execution retained,True,
Snowflake,155,155,2026-08-12T12:58:57Z,83986715739,3,Top movers,9.766,2.424,7.342,runner result (end-to-end); compilation/execution retained,True,
Snowflake,156,156,2026-08-12T13:08:57Z,84528180207,3,Top movers,3.809,2.826,0.983,runner result (end-to-end); compilation/execution retained,True,
Snowflake,157,157,2026-08-12T13:18:57Z,85066604156,3,Top movers,9.506,2.597,6.909,runner result (end-to-end); compilation/execution retained,True,
Snowflake,158,158,2026-08-12T13:28:57Z,85620033283,3,Top movers,4.896,4.025,0.871,runner result (end-to-end); compilation/execution retained,True,
Snowflake,159,159,2026-08-12T13:38:57Z,86152994817,3,Top movers,4.489,2.694,1.795,runner result (end-to-end); compilation/execution retained,True,
Snowflake,160,160,2026-08-12T13:48:57Z,86704737177,3,Top movers,4.462,3.579,0.883,runner result (end-to-end); compilation/execution retained,True,
Snowflake,161,161,2026-08-12T13:58:57Z,87242847941,3,Top movers,7.222,4.432,2.79,runner result (end-to-end); compilation/execution retained,True,
Snowflake,162,162,2026-08-12T14:08:57Z,87786454820,3,Top movers,4.448,3.579,0.869,runner result (end-to-end); compilation/execution retained,True,
Snowflake,163,163,2026-08-12T14:18:57Z,88330971978,3,Top movers,4.01,3.08,0.93,runner result (end-to-end); compilation/execution retained,True,
Snowflake,164,164,2026-08-12T14:28:57Z,88873955947,3,Top movers,4.853,3.85,1.003,runner result (end-to-end); compilation/execution retained,True,
Snowflake,165,165,2026-08-12T14:38:57Z,89419840113,3,Top movers,4.99,3.885,1.105,runner result (end-to-end); compilation/execution retained,True,
Snowflake,166,166,2026-08-12T14:48:57Z,89959994694,3,Top movers,4.412,3.637,0.775,runner result (end-to-end); compilation/execution retained,True,
Snowflake,167,167,2026-08-12T14:58:57Z,90505068849,3,Top movers,4.3,3.33,0.97,runner result (end-to-end); compilation/execution retained,True,
Snowflake,168,168,2026-08-12T15:08:57Z,91061606220,3,Top movers,10.953,10.359,0.594,runner result (end-to-end); compilation/execution retained,True,
Snowflake,169,169,2026-08-12T15:18:57Z,91608517197,3,Top movers,12.182,10.599,1.583,runner result (end-to-end); compilation/execution retained,True,
Snowflake,170,170,2026-08-12T15:28:57Z,92153494394,3,Top movers,11.64,10.718,0.922,runner result (end-to-end); compilation/execution retained,True,
Snowflake,171,171,2026-08-12T15:38:57Z,92698030525,3,Top movers,12.315,10.593,1.722,runner result (end-to-end); compilation/execution retained,True,
Snowflake,172,172,2026-08-12T15:48:57Z,93242607069,3,Top movers,12.648,11.365,1.283,runner result (end-to-end); compilation/execution retained,True,
Snowflake,173,173,2026-08-12T15:58:57Z,93787407199,3,Top movers,13.513,11.442,2.071,runner result (end-to-end); compilation/execution retained,True,
Snowflake,174,174,2026-08-12T16:08:57Z,94330065240,3,Top movers,12.689,10.883,1.806,runner result (end-to-end); compilation/execution retained,True,
Snowflake,175,175,2026-08-12T16:18:57Z,94877773840,3,Top movers,12.482,10.809,1.673,runner result (end-to-end); compilation/execution retained,True,
Snowflake,176,176,2026-08-12T16:28:57Z,95419508344,3,Top movers,13.065,10.944,2.121,runner result (end-to-end); compilation/execution retained,True,
Snowflake,177,177,2026-08-12T16:38:57Z,95972724266,3,Top movers,12.613,10.896,1.717,runner result (end-to-end); compilation/execution retained,True,
Snowflake,178,178,2026-08-12T16:48:57Z,96513946374,3,Top movers,12.792,10.79,2.002,runner result (end-to-end); compilation/execution retained,True,
Snowflake,179,179,2026-08-12T16:58:57Z,97064716964,3,Top movers,14.265,12.949,1.316,runner result (end-to-end); compilation/execution retained,True,
Snowflake,180,180,2026-08-12T17:08:57Z,97615350266,3,Top movers,12.183,11.374,0.809,runner result (end-to-end); compilation/execution retained,True,
Snowflake,181,181,2026-08-12T17:18:57Z,98161784620,3,Top movers,14.266,12.002,2.264,runner result (end-to-end); compilation/execution retained,True,
Snowflake,182,182,2026-08-12T17:28:57Z,98700378757,3,Top movers,13.15,10.836,2.314,runner result (end-to-end); compilation/execution retained,True,
Snowflake,183,183,2026-08-12T17:38:57Z,99259158207,3,Top movers,13.145,11.394,1.751,runner result (end-to-end); compilation/execution retained,True,
Snowflake,184,184,2026-08-12T17:48:57Z,99801890611,3,Top movers,13.602,11.649,1.953,runner result (end-to-end); compilation/execution retained,True,
ClickHouse Cloud,2,2,2026-08-08T07:05:59Z,724786266,4,Daily activity,0.006,,,clickhouse-client --time,True,
ClickHouse Cloud,3,3,2026-08-08T07:15:59Z,1370669828,4,Daily activity,0.006,,,clickhouse-client --time,True,
ClickHouse Cloud,4,4,2026-08-08T07:25:59Z,1975682003,4,Daily activity,0.025,,,clickhouse-client --time,True,
ClickHouse Cloud,5,5,2026-08-08T07:35:59Z,2574084882,4,Daily activity,0.008,,,clickhouse-client --time,True,
ClickHouse Cloud,6,6,2026-08-08T07:45:59Z,3146910669,4,Daily activity,0.008,,,clickhouse-client --time,True,
ClickHouse Cloud,7,7,2026-08-08T07:55:59Z,3738865972,4,Daily activity,0.01,,,clickhouse-client --time,True,
ClickHouse Cloud,8,8,2026-08-08T08:05:59Z,4293755746,4,Daily activity,0.009,,,clickhouse-client --time,True,
ClickHouse Cloud,9,9,2026-08-08T08:15:59Z,4891042750,4,Daily activity,0.01,,,clickhouse-client --time,True,
ClickHouse Cloud,10,10,2026-08-08T08:25:59Z,5469535309,4,Daily activity,0.011,,,clickhouse-client --time,True,
ClickHouse Cloud,11,11,2026-08-08T08:35:59Z,6010532017,4,Daily activity,0.011,,,clickhouse-client --time,True,
ClickHouse Cloud,12,12,2026-08-08T08:45:59Z,6539371357,4,Daily activity,0.01,,,clickhouse-client --time,True,
ClickHouse Cloud,13,13,2026-08-08T08:55:59Z,7146131616,4,Daily activity,0.01,,,clickhouse-client --time,True,
ClickHouse Cloud,14,14,2026-08-08T09:05:59Z,7727462172,4,Daily activity,0.01,,,clickhouse-client --time,True,
ClickHouse Cloud,15,15,2026-08-08T09:15:59Z,8305203448,4,Daily activity,0.011,,,clickhouse-client --time,True,
ClickHouse Cloud,16,16,2026-08-08T09:25:59Z,8807164173,4,Daily activity,0.01,,,clickhouse-client --time,True,
ClickHouse Cloud,17,17,2026-08-08T09:35:59Z,9395201523,4,Daily activity,0.011,,,clickhouse-client --time,True,
ClickHouse Cloud,18,18,2026-08-08T09:45:59Z,9911918805,4,Daily activity,0.011,,,clickhouse-client --time,True,
ClickHouse Cloud,19,19,2026-08-08T09:55:59Z,10448957290,4,Daily activity,0.011,,,clickhouse-client --time,True,
ClickHouse Cloud,20,20,2026-08-08T10:05:59Z,10999409964,4,Daily activity,0.01,,,clickhouse-client --time,True,
ClickHouse Cloud,21,21,2026-08-08T10:15:59Z,11495758638,4,Daily activity,0.011,,,clickhouse-client --time,True,
ClickHouse Cloud,22,22,2026-08-08T10:25:59Z,12058435469,4,Daily activity,0.01,,,clickhouse-client --time,True,
ClickHouse Cloud,23,23,2026-08-08T10:35:59Z,12574526062,4,Daily activity,0.011,,,clickhouse-client --time,True,
ClickHouse Cloud,24,24,2026-08-08T10:45:59Z,13130688854,4,Daily activity,0.011,,,clickhouse-client --time,True,
ClickHouse Cloud,25,25,2026-08-08T10:55:59Z,13690901348,4,Daily activity,0.011,,,clickhouse-client --time,True,
ClickHouse Cloud,26,26,2026-08-08T11:05:59Z,14280804947,4,Daily activity,0.012,,,clickhouse-client --time,True,
ClickHouse Cloud,27,27,2026-08-08T11:15:59Z,14876856126,4,Daily activity,0.01,,,clickhouse-client --time,True,
ClickHouse Cloud,28,28,2026-08-08T11:25:59Z,15470256866,4,Daily activity,0.01,,,clickhouse-client --time,True,
ClickHouse Cloud,29,29,2026-08-08T11:35:59Z,16058779354,4,Daily activity,0.01,,,clickhouse-client --time,True,
ClickHouse Cloud,30,30,2026-08-08T11:45:59Z,16604006353,4,Daily activity,0.01,,,clickhouse-client --time,True,
ClickHouse Cloud,31,31,2026-08-08T11:55:59Z,17204550973,4,Daily activity,0.01,,,clickhouse-client --time,True,
ClickHouse Cloud,32,32,2026-08-08T12:05:59Z,17758468213,4,Daily activity,0.014,,,clickhouse-client --time,True,
ClickHouse Cloud,33,33,2026-08-08T12:15:59Z,18360002425,4,Daily activity,0.011,,,clickhouse-client --time,True,
ClickHouse Cloud,34,34,2026-08-08T12:25:59Z,18930505218,4,Daily activity,0.01,,,clickhouse-client --time,True,
ClickHouse Cloud,35,35,2026-08-08T12:35:59Z,19498533079,4,Daily activity,0.011,,,clickhouse-client --time,True,
ClickHouse Cloud,36,36,2026-08-08T12:45:59Z,20030972521,4,Daily activity,0.011,,,clickhouse-client --time,True,
ClickHouse Cloud,37,37,2026-08-08T12:55:59Z,20598954386,4,Daily activity,0.012,,,clickhouse-client --time,True,
ClickHouse Cloud,38,38,2026-08-08T13:05:59Z,21177624388,4,Daily activity,0.011,,,clickhouse-client --time,True,
ClickHouse Cloud,39,39,2026-08-08T13:15:59Z,21690449123,4,Daily activity,0.011,,,clickhouse-client --time,True,
ClickHouse Cloud,40,40,2026-08-08T13:25:59Z,22225814642,4,Daily activity,0.011,,,clickhouse-client --time,True,
ClickHouse Cloud,41,41,2026-08-08T13:35:59Z,22769842666,4,Daily activity,0.011,,,clickhouse-client --time,True,
ClickHouse Cloud,42,42,2026-08-08T13:45:59Z,23288685490,4,Daily activity,0.011,,,clickhouse-client --time,True,
ClickHouse Cloud,43,43,2026-08-08T13:55:59Z,23844225514,4,Daily activity,0.01,,,clickhouse-client --time,True,
ClickHouse Cloud,44,44,2026-08-08T14:05:59Z,24360433073,4,Daily activity,0.011,,,clickhouse-client --time,True,
ClickHouse Cloud,45,45,2026-08-08T14:15:59Z,24937313823,4,Daily activity,0.01,,,clickhouse-client --time,True,
ClickHouse Cloud,46,46,2026-08-08T14:25:59Z,25492435118,4,Daily activity,0.011,,,clickhouse-client --time,True,
ClickHouse Cloud,47,47,2026-08-08T14:35:59Z,26047358918,4,Daily activity,0.01,,,clickhouse-client --time,True,
ClickHouse Cloud,48,48,2026-08-08T14:45:59Z,26583320264,4,Daily activity,0.01,,,clickhouse-client --time,True,
ClickHouse Cloud,49,49,2026-08-08T14:55:59Z,27117466999,4,Daily activity,0.011,,,clickhouse-client --time,True,
ClickHouse Cloud,50,50,2026-08-08T15:05:59Z,27681375912,4,Daily activity,0.011,,,clickhouse-client --time,True,
ClickHouse Cloud,51,51,2026-08-08T15:15:59Z,28239125449,4,Daily activity,0.011,,,clickhouse-client --time,True,
ClickHouse Cloud,52,52,2026-08-08T15:25:59Z,28773516979,4,Daily activity,0.043,,,clickhouse-client --time,True,
ClickHouse Cloud,53,53,2026-08-08T15:35:59Z,29346127706,4,Daily activity,0.01,,,clickhouse-client --time,True,
ClickHouse Cloud,54,54,2026-08-08T15:45:59Z,29890137150,4,Daily activity,0.01,,,clickhouse-client --time,True,
ClickHouse Cloud,55,55,2026-08-08T15:55:59Z,30465667350,4,Daily activity,0.01,,,clickhouse-client --time,True,
ClickHouse Cloud,56,56,2026-08-08T16:05:59Z,31018228497,4,Daily activity,0.011,,,clickhouse-client --time,True,
ClickHouse Cloud,57,57,2026-08-08T16:15:59Z,31588088259,4,Daily activity,0.011,,,clickhouse-client --time,True,
ClickHouse Cloud,58,58,2026-08-08T16:25:59Z,32144496083,4,Daily activity,0.011,,,clickhouse-client --time,True,
ClickHouse Cloud,59,59,2026-08-08T16:35:59Z,32651953244,4,Daily activity,0.011,,,clickhouse-client --time,True,
ClickHouse Cloud,60,60,2026-08-08T16:45:59Z,33183996050,4,Daily activity,0.013,,,clickhouse-client --time,True,
ClickHouse Cloud,61,61,2026-08-08T16:55:59Z,33748476003,4,Daily activity,0.012,,,clickhouse-client --time,True,
ClickHouse Cloud,62,62,2026-08-08T17:05:59Z,34249264401,4,Daily activity,0.011,,,clickhouse-client --time,True,
ClickHouse Cloud,63,63,2026-08-08T17:15:59Z,34764613132,4,Daily activity,0.011,,,clickhouse-client --time,True,
ClickHouse Cloud,64,64,2026-08-08T17:25:59Z,35300178406,4,Daily activity,0.011,,,clickhouse-client --time,True,
ClickHouse Cloud,65,65,2026-08-08T17:35:59Z,35804053385,4,Daily activity,0.017,,,clickhouse-client --time,True,
ClickHouse Cloud,66,66,2026-08-08T17:45:59Z,36352821706,4,Daily activity,0.011,,,clickhouse-client --time,True,
ClickHouse Cloud,67,67,2026-08-08T17:55:59Z,36850964650,4,Daily activity,0.011,,,clickhouse-client --time,True,
ClickHouse Cloud,68,68,2026-08-08T18:05:59Z,37331880801,4,Daily activity,0.011,,,clickhouse-client --time,True,
ClickHouse Cloud,69,69,2026-08-08T18:15:59Z,37851506740,4,Daily activity,0.011,,,clickhouse-client --time,True,
ClickHouse Cloud,70,70,2026-08-08T18:25:59Z,38333894855,4,Daily activity,0.011,,,clickhouse-client --time,True,
ClickHouse Cloud,71,71,2026-08-08T18:35:59Z,38903981063,4,Daily activity,0.011,,,clickhouse-client --time,True,
ClickHouse Cloud,72,72,2026-08-08T18:45:59Z,39403630784,4,Daily activity,0.011,,,clickhouse-client --time,True,
ClickHouse Cloud,73,73,2026-08-08T18:55:59Z,39938729827,4,Daily activity,0.011,,,clickhouse-client --time,True,
ClickHouse Cloud,74,74,2026-08-08T19:05:59Z,40455322866,4,Daily activity,0.011,,,clickhouse-client --time,True,
ClickHouse Cloud,75,75,2026-08-08T19:15:59Z,40983472025,4,Daily activity,0.011,,,clickhouse-client --time,True,
ClickHouse Cloud,76,76,2026-08-08T19:25:59Z,41461994932,4,Daily activity,0.011,,,clickhouse-client --time,True,
ClickHouse Cloud,77,77,2026-08-08T19:35:59Z,41986954384,4,Daily activity,0.012,,,clickhouse-client --time,True,
ClickHouse Cloud,78,78,2026-08-08T19:45:59Z,42504704257,4,Daily activity,0.011,,,clickhouse-client --time,True,
ClickHouse Cloud,79,79,2026-08-08T19:55:59Z,43037353870,4,Daily activity,0.011,,,clickhouse-client --time,True,
ClickHouse Cloud,80,80,2026-08-08T20:05:59Z,43568180819,4,Daily activity,0.011,,,clickhouse-client --time,True,
ClickHouse Cloud,81,81,2026-08-08T20:15:59Z,44075896295,4,Daily activity,0.012,,,clickhouse-client --time,True,
ClickHouse Cloud,82,82,2026-08-08T20:25:59Z,44585275116,4,Daily activity,0.011,,,clickhouse-client --time,True,
ClickHouse Cloud,83,83,2026-08-08T20:35:59Z,45119401562,4,Daily activity,0.012,,,clickhouse-client --time,True,
ClickHouse Cloud,84,84,2026-08-08T20:45:59Z,45608868518,4,Daily activity,0.011,,,clickhouse-client --time,True,
ClickHouse Cloud,85,85,2026-08-08T20:55:59Z,46108257326,4,Daily activity,0.011,,,clickhouse-client --time,True,
ClickHouse Cloud,86,86,2026-08-08T21:05:59Z,46607144697,4,Daily activity,0.011,,,clickhouse-client --time,True,
ClickHouse Cloud,87,87,2026-08-08T21:15:59Z,47127220430,4,Daily activity,0.012,,,clickhouse-client --time,True,
ClickHouse Cloud,88,88,2026-08-08T21:25:59Z,47630286458,4,Daily activity,0.013,,,clickhouse-client --time,True,
ClickHouse Cloud,89,89,2026-08-08T21:35:59Z,48152769396,4,Daily activity,0.017,,,clickhouse-client --time,True,
ClickHouse Cloud,90,90,2026-08-08T21:45:59Z,48651039753,4,Daily activity,0.011,,,clickhouse-client --time,True,
ClickHouse Cloud,91,91,2026-08-08T21:55:59Z,49173608481,4,Daily activity,0.013,,,clickhouse-client --time,True,
ClickHouse Cloud,92,92,2026-08-08T22:05:59Z,49691385785,4,Daily activity,0.011,,,clickhouse-client --time,True,
ClickHouse Cloud,93,93,2026-08-08T22:15:59Z,50238320035,4,Daily activity,0.012,,,clickhouse-client --time,True,
ClickHouse Cloud,94,94,2026-08-08T22:25:59Z,50788829774,4,Daily activity,0.013,,,clickhouse-client --time,True,
ClickHouse Cloud,95,95,2026-08-08T22:35:59Z,51325118756,4,Daily activity,0.013,,,clickhouse-client --time,True,
ClickHouse Cloud,96,96,2026-08-08T22:45:59Z,51886771408,4,Daily activity,0.012,,,clickhouse-client --time,True,
ClickHouse Cloud,97,97,2026-08-08T22:55:59Z,52441318029,4,Daily activity,0.012,,,clickhouse-client --time,True,
ClickHouse Cloud,98,98,2026-08-08T23:05:59Z,52920335727,4,Daily activity,0.011,,,clickhouse-client --time,True,
ClickHouse Cloud,99,99,2026-08-08T23:15:59Z,53408601648,4,Daily activity,0.011,,,clickhouse-client --time,True,
ClickHouse Cloud,100,100,2026-08-08T23:25:59Z,53910086618,4,Daily activity,0.013,,,clickhouse-client --time,True,
ClickHouse Cloud,101,101,2026-08-08T23:35:59Z,54424699241,4,Daily activity,0.012,,,clickhouse-client --time,True,
ClickHouse Cloud,102,102,2026-08-08T23:45:59Z,54899250491,4,Daily activity,0.013,,,clickhouse-client --time,True,
ClickHouse Cloud,103,103,2026-08-08T23:55:59Z,55416633625,4,Daily activity,0.012,,,clickhouse-client --time,True,
ClickHouse Cloud,104,104,2026-08-09T00:05:59Z,55944840077,4,Daily activity,0.012,,,clickhouse-client --time,True,
ClickHouse Cloud,105,105,2026-08-09T00:15:59Z,56450202011,4,Daily activity,0.012,,,clickhouse-client --time,True,
ClickHouse Cloud,106,106,2026-08-09T00:25:59Z,56976658135,4,Daily activity,0.013,,,clickhouse-client --time,True,
ClickHouse Cloud,107,107,2026-08-09T00:35:59Z,57502590981,4,Daily activity,0.011,,,clickhouse-client --time,True,
ClickHouse Cloud,108,108,2026-08-09T00:45:59Z,58017492696,4,Daily activity,0.013,,,clickhouse-client --time,True,
ClickHouse Cloud,109,109,2026-08-09T00:55:59Z,58509450012,4,Daily activity,0.011,,,clickhouse-client --time,True,
ClickHouse Cloud,110,110,2026-08-09T01:05:59Z,59010783142,4,Daily activity,0.012,,,clickhouse-client --time,True,
ClickHouse Cloud,111,111,2026-08-09T01:15:59Z,59503489949,4,Daily activity,0.014,,,clickhouse-client --time,True,
ClickHouse Cloud,112,112,2026-08-09T01:25:59Z,59972983401,4,Daily activity,0.014,,,clickhouse-client --time,True,
ClickHouse Cloud,113,113,2026-08-09T01:35:59Z,60442237749,4,Daily activity,0.014,,,clickhouse-client --time,True,
ClickHouse Cloud,114,114,2026-08-09T01:45:59Z,60904448195,4,Daily activity,0.013,,,clickhouse-client --time,True,
ClickHouse Cloud,115,115,2026-08-09T01:55:59Z,61370139665,4,Daily activity,0.012,,,clickhouse-client --time,True,
ClickHouse Cloud,116,116,2026-08-09T02:05:59Z,61872097967,4,Daily activity,0.013,,,clickhouse-client --time,True,
ClickHouse Cloud,117,117,2026-08-09T02:15:59Z,62362523974,4,Daily activity,0.013,,,clickhouse-client --time,True,
ClickHouse Cloud,118,118,2026-08-09T02:25:59Z,62852767644,4,Daily activity,0.012,,,clickhouse-client --time,True,
ClickHouse Cloud,119,119,2026-08-09T02:35:59Z,63303274836,4,Daily activity,0.012,,,clickhouse-client --time,True,
ClickHouse Cloud,120,120,2026-08-09T02:45:59Z,63813706871,4,Daily activity,0.013,,,clickhouse-client --time,True,
ClickHouse Cloud,121,121,2026-08-09T02:55:59Z,64297816643,4,Daily activity,0.025,,,clickhouse-client --time,True,
ClickHouse Cloud,122,122,2026-08-09T03:05:59Z,64830505943,4,Daily activity,0.013,,,clickhouse-client --time,True,
ClickHouse Cloud,123,123,2026-08-09T03:15:59Z,65325007686,4,Daily activity,0.012,,,clickhouse-client --time,True,
ClickHouse Cloud,124,124,2026-08-09T03:25:59Z,65803792964,4,Daily activity,0.013,,,clickhouse-client --time,True,
ClickHouse Cloud,125,125,2026-08-09T03:35:59Z,66304040996,4,Daily activity,0.013,,,clickhouse-client --time,True,
ClickHouse Cloud,126,126,2026-08-09T03:45:59Z,66813762801,4,Daily activity,0.012,,,clickhouse-client --time,True,
ClickHouse Cloud,127,127,2026-08-09T03:55:59Z,67293866994,4,Daily activity,0.013,,,clickhouse-client --time,True,
ClickHouse Cloud,128,128,2026-08-09T04:05:59Z,67748504407,4,Daily activity,0.012,,,clickhouse-client --time,True,
ClickHouse Cloud,129,129,2026-08-09T04:15:59Z,68201006429,4,Daily activity,0.013,,,clickhouse-client --time,True,
ClickHouse Cloud,130,130,2026-08-09T04:25:59Z,68684069442,4,Daily activity,0.018,,,clickhouse-client --time,True,
ClickHouse Cloud,131,131,2026-08-09T04:35:59Z,69181831398,4,Daily activity,0.013,,,clickhouse-client --time,True,
ClickHouse Cloud,132,132,2026-08-09T04:45:59Z,69676432303,4,Daily activity,0.013,,,clickhouse-client --time,True,
ClickHouse Cloud,133,133,2026-08-09T04:55:59Z,70168596073,4,Daily activity,0.013,,,clickhouse-client --time,True,
ClickHouse Cloud,134,134,2026-08-09T05:05:59Z,70659299166,4,Daily activity,0.013,,,clickhouse-client --time,True,
ClickHouse Cloud,135,135,2026-08-09T05:15:59Z,71156738966,4,Daily activity,0.013,,,clickhouse-client --time,True,
ClickHouse Cloud,136,136,2026-08-09T05:25:59Z,71624709770,4,Daily activity,0.015,,,clickhouse-client --time,True,
ClickHouse Cloud,137,137,2026-08-09T05:35:59Z,72091825703,4,Daily activity,0.013,,,clickhouse-client --time,True,
ClickHouse Cloud,138,138,2026-08-09T05:45:59Z,72547878251,4,Daily activity,0.013,,,clickhouse-client --time,True,
ClickHouse Cloud,139,139,2026-08-09T05:55:59Z,73013213443,4,Daily activity,0.012,,,clickhouse-client --time,True,
ClickHouse Cloud,140,140,2026-08-09T06:05:59Z,73476437585,4,Daily activity,0.014,,,clickhouse-client --time,True,
ClickHouse Cloud,141,141,2026-08-09T06:15:59Z,73987325693,4,Daily activity,0.013,,,clickhouse-client --time,True,
ClickHouse Cloud,142,142,2026-08-09T06:25:59Z,74486757162,4,Daily activity,0.013,,,clickhouse-client --time,True,
ClickHouse Cloud,143,143,2026-08-09T06:35:59Z,74995355831,4,Daily activity,0.014,,,clickhouse-client --time,True,
ClickHouse Cloud,144,144,2026-08-09T06:45:59Z,75466940903,4,Daily activity,0.012,,,clickhouse-client --time,True,
ClickHouse Cloud,145,145,2026-08-09T06:55:59Z,75964855518,4,Daily activity,0.014,,,clickhouse-client --time,True,
ClickHouse Cloud,146,146,2026-08-09T07:05:59Z,76430868234,4,Daily activity,0.014,,,clickhouse-client --time,True,
ClickHouse Cloud,147,147,2026-08-09T07:15:59Z,76885010641,4,Daily activity,0.013,,,clickhouse-client --time,True,
ClickHouse Cloud,148,148,2026-08-09T07:25:59Z,77350951993,4,Daily activity,0.014,,,clickhouse-client --time,True,
ClickHouse Cloud,149,149,2026-08-09T07:35:59Z,77850423857,4,Daily activity,0.013,,,clickhouse-client --time,True,
ClickHouse Cloud,150,150,2026-08-09T07:45:59Z,78316136469,4,Daily activity,0.013,,,clickhouse-client --time,True,
ClickHouse Cloud,151,151,2026-08-09T07:55:59Z,78743691693,4,Daily activity,0.013,,,clickhouse-client --time,True,
ClickHouse Cloud,152,152,2026-08-09T08:05:59Z,79106273696,4,Daily activity,0.013,,,clickhouse-client --time,True,
ClickHouse Cloud,153,153,2026-08-09T08:15:59Z,79558355522,4,Daily activity,0.013,,,clickhouse-client --time,True,
ClickHouse Cloud,154,154,2026-08-09T08:25:59Z,80034599414,4,Daily activity,0.013,,,clickhouse-client --time,True,
ClickHouse Cloud,155,155,2026-08-09T08:35:59Z,80503603294,4,Daily activity,0.013,,,clickhouse-client --time,True,
ClickHouse Cloud,156,156,2026-08-09T08:45:59Z,80949316423,4,Daily activity,0.014,,,clickhouse-client --time,True,
ClickHouse Cloud,157,157,2026-08-09T08:55:59Z,81360968914,4,Daily activity,0.013,,,clickhouse-client --time,True,
ClickHouse Cloud,158,158,2026-08-09T09:05:59Z,81786894322,4,Daily activity,0.014,,,clickhouse-client --time,True,
ClickHouse Cloud,159,159,2026-08-09T09:15:59Z,82193904360,4,Daily activity,0.015,,,clickhouse-client --time,True,
ClickHouse Cloud,160,160,2026-08-09T09:25:59Z,82614022776,4,Daily activity,0.013,,,clickhouse-client --time,True,
ClickHouse Cloud,161,161,2026-08-09T09:35:59Z,83038964951,4,Daily activity,0.014,,,clickhouse-client --time,True,
ClickHouse Cloud,162,162,2026-08-09T09:45:59Z,83491097777,4,Daily activity,0.013,,,clickhouse-client --time,True,
ClickHouse Cloud,163,163,2026-08-09T09:55:59Z,83949333223,4,Daily activity,0.016,,,clickhouse-client --time,True,
ClickHouse Cloud,164,164,2026-08-09T10:05:59Z,84454230067,4,Daily activity,0.015,,,clickhouse-client --time,True,
ClickHouse Cloud,165,165,2026-08-09T10:15:59Z,84942338016,4,Daily activity,0.015,,,clickhouse-client --time,True,
ClickHouse Cloud,166,166,2026-08-09T10:25:59Z,85486320046,4,Daily activity,0.014,,,clickhouse-client --time,True,
ClickHouse Cloud,167,167,2026-08-09T10:35:59Z,86027059928,4,Daily activity,0.016,,,clickhouse-client --time,True,
ClickHouse Cloud,168,168,2026-08-09T10:45:59Z,86536377584,4,Daily activity,0.015,,,clickhouse-client --time,True,
ClickHouse Cloud,169,169,2026-08-09T10:55:59Z,87060073492,4,Daily activity,0.014,,,clickhouse-client --time,True,
ClickHouse Cloud,170,170,2026-08-09T11:05:59Z,87633622969,4,Daily activity,0.016,,,clickhouse-client --time,True,
ClickHouse Cloud,171,171,2026-08-09T11:15:59Z,88183458683,4,Daily activity,0.016,,,clickhouse-client --time,True,
ClickHouse Cloud,172,172,2026-08-09T11:25:59Z,88722660479,4,Daily activity,0.017,,,clickhouse-client --time,True,
ClickHouse Cloud,173,173,2026-08-09T11:35:59Z,89252600968,4,Daily activity,0.017,,,clickhouse-client --time,True,
ClickHouse Cloud,174,174,2026-08-09T11:45:59Z,89771307204,4,Daily activity,0.016,,,clickhouse-client --time,True,
ClickHouse Cloud,175,175,2026-08-09T11:55:59Z,90310361990,4,Daily activity,0.015,,,clickhouse-client --time,True,
ClickHouse Cloud,176,176,2026-08-09T12:05:59Z,90786625328,4,Daily activity,0.017,,,clickhouse-client --time,True,
ClickHouse Cloud,177,177,2026-08-09T12:15:59Z,91318721092,4,Daily activity,0.018,,,clickhouse-client --time,True,
ClickHouse Cloud,178,178,2026-08-09T12:25:59Z,91841644344,4,Daily activity,0.016,,,clickhouse-client --time,True,
ClickHouse Cloud,179,179,2026-08-09T12:35:59Z,92330582028,4,Daily activity,0.027,,,clickhouse-client --time,True,
ClickHouse Cloud,180,180,2026-08-09T12:45:59Z,92808126794,4,Daily activity,0.015,,,clickhouse-client --time,True,
ClickHouse Cloud,181,181,2026-08-09T12:55:59Z,93292685867,4,Daily activity,0.018,,,clickhouse-client --time,True,
ClickHouse Cloud,182,182,2026-08-09T13:05:59Z,93798216437,4,Daily activity,0.015,,,clickhouse-client --time,True,
ClickHouse Cloud,183,183,2026-08-09T13:15:59Z,94324820860,4,Daily activity,0.016,,,clickhouse-client --time,True,
ClickHouse Cloud,184,184,2026-08-09T13:25:59Z,94869720583,4,Daily activity,0.017,,,clickhouse-client --time,True,
ClickHouse Cloud,185,185,2026-08-09T13:35:59Z,95368092163,4,Daily activity,0.016,,,clickhouse-client --time,True,
ClickHouse Cloud,186,186,2026-08-09T13:45:59Z,95854521730,4,Daily activity,0.016,,,clickhouse-client --time,True,
ClickHouse Cloud,187,187,2026-08-09T13:55:59Z,96363475717,4,Daily activity,0.016,,,clickhouse-client --time,True,
ClickHouse Cloud,188,188,2026-08-09T14:05:59Z,96870245467,4,Daily activity,0.016,,,clickhouse-client --time,True,
ClickHouse Cloud,189,189,2026-08-09T14:15:59Z,97440595296,4,Daily activity,0.015,,,clickhouse-client --time,True,
ClickHouse Cloud,190,190,2026-08-09T14:25:59Z,97990299109,4,Daily activity,0.015,,,clickhouse-client --time,True,
ClickHouse Cloud,191,191,2026-08-09T14:35:59Z,98531195718,4,Daily activity,0.015,,,clickhouse-client --time,True,
ClickHouse Cloud,192,192,2026-08-09T14:45:59Z,99080355059,4,Daily activity,0.017,,,clickhouse-client --time,True,
ClickHouse Cloud,193,193,2026-08-09T14:55:59Z,99566521565,4,Daily activity,0.015,,,clickhouse-client --time,True,
Snowflake,2,2,2026-08-11T11:28:57Z,532996784,4,Daily activity,1.251,0.18,1.071,runner result (end-to-end); compilation/execution retained,True,
Snowflake,3,3,2026-08-11T11:38:57Z,1108625165,4,Daily activity,1.212,0.292,0.92,runner result (end-to-end); compilation/execution retained,True,
Snowflake,4,4,2026-08-11T11:48:57Z,1658912507,4,Daily activity,2.258,0.598,1.66,runner result (end-to-end); compilation/execution retained,True,
Snowflake,5,5,2026-08-11T11:58:57Z,2217147353,4,Daily activity,1.618,0.657,0.961,runner result (end-to-end); compilation/execution retained,True,
Snowflake,6,6,2026-08-11T12:08:57Z,2786291244,4,Daily activity,3.18,1.136,2.044,runner result (end-to-end); compilation/execution retained,True,
Snowflake,7,7,2026-08-11T12:18:57Z,3343738155,4,Daily activity,2.408,1.032,1.376,runner result (end-to-end); compilation/execution retained,True,
Snowflake,8,8,2026-08-11T12:28:57Z,3899391577,4,Daily activity,3.998,1.404,2.594,runner result (end-to-end); compilation/execution retained,True,
Snowflake,9,9,2026-08-11T12:38:57Z,4448004794,4,Daily activity,2.895,1.46,1.435,runner result (end-to-end); compilation/execution retained,True,
Snowflake,10,10,2026-08-11T12:48:57Z,5002254267,4,Daily activity,3.931,1.71,2.221,runner result (end-to-end); compilation/execution retained,True,
Snowflake,11,11,2026-08-11T12:58:57Z,5553730140,4,Daily activity,3.638,1.933,1.705,runner result (end-to-end); compilation/execution retained,True,
Snowflake,12,12,2026-08-11T13:08:57Z,6107183801,4,Daily activity,4.148,1.975,2.173,runner result (end-to-end); compilation/execution retained,True,
Snowflake,13,13,2026-08-11T13:18:57Z,6662885451,4,Daily activity,3.918,2.222,1.696,runner result (end-to-end); compilation/execution retained,True,
Snowflake,14,14,2026-08-11T13:28:57Z,7220407062,4,Daily activity,9.33,2.357,6.973,runner result (end-to-end); compilation/execution retained,True,
Snowflake,15,15,2026-08-11T13:38:57Z,7772453021,4,Daily activity,2.943,2.223,0.72,runner result (end-to-end); compilation/execution retained,True,
Snowflake,16,16,2026-08-11T13:48:57Z,8327660844,4,Daily activity,4.28,0.294,3.986,runner result (end-to-end); compilation/execution retained,True,
Snowflake,17,17,2026-08-11T13:58:57Z,8869790384,4,Daily activity,1.907,0.538,1.369,runner result (end-to-end); compilation/execution retained,True,
Snowflake,18,18,2026-08-11T14:08:57Z,9416167217,4,Daily activity,3.832,0.561,3.271,runner result (end-to-end); compilation/execution retained,True,
Snowflake,19,19,2026-08-11T14:18:57Z,9966828956,4,Daily activity,1.899,0.845,1.054,runner result (end-to-end); compilation/execution retained,True,
Snowflake,20,20,2026-08-11T14:28:57Z,10515573711,4,Daily activity,4.559,0.941,3.618,runner result (end-to-end); compilation/execution retained,True,
Snowflake,21,21,2026-08-11T14:38:57Z,11061458462,4,Daily activity,4.421,1.53,2.891,runner result (end-to-end); compilation/execution retained,True,
Snowflake,22,22,2026-08-11T14:48:57Z,11598082800,4,Daily activity,4.779,1.157,3.622,runner result (end-to-end); compilation/execution retained,True,
Snowflake,23,23,2026-08-11T14:58:57Z,12155361632,4,Daily activity,2.388,0.874,1.514,runner result (end-to-end); compilation/execution retained,True,
Snowflake,24,24,2026-08-11T15:08:57Z,12701532891,4,Daily activity,10.429,1.508,8.921,runner result (end-to-end); compilation/execution retained,True,
Snowflake,25,25,2026-08-11T15:18:57Z,13239818975,4,Daily activity,2.365,1.414,0.951,runner result (end-to-end); compilation/execution retained,True,
Snowflake,26,26,2026-08-11T15:28:57Z,13783825272,4,Daily activity,9.896,1.706,8.19,runner result (end-to-end); compilation/execution retained,True,
Snowflake,27,27,2026-08-11T15:38:57Z,14320432691,4,Daily activity,2.459,1.63,0.829,runner result (end-to-end); compilation/execution retained,True,
Snowflake,28,28,2026-08-11T15:48:57Z,14865686419,4,Daily activity,10.305,2.126,8.179,runner result (end-to-end); compilation/execution retained,True,
Snowflake,29,29,2026-08-11T15:58:57Z,15406449067,4,Daily activity,2.754,1.61,1.144,runner result (end-to-end); compilation/execution retained,True,
Snowflake,30,30,2026-08-11T16:08:57Z,15953152260,4,Daily activity,4.93,1.68,3.25,runner result (end-to-end); compilation/execution retained,True,
Snowflake,31,31,2026-08-11T16:18:57Z,16496810019,4,Daily activity,3.459,1.902,1.557,runner result (end-to-end); compilation/execution retained,True,
Snowflake,32,32,2026-08-11T16:28:57Z,17037168163,4,Daily activity,10.606,2.089,8.517,runner result (end-to-end); compilation/execution retained,True,
Snowflake,33,33,2026-08-11T16:38:57Z,17587595862,4,Daily activity,3.792,2.862,0.93,runner result (end-to-end); compilation/execution retained,True,
Snowflake,34,34,2026-08-11T16:48:57Z,18120902444,4,Daily activity,8.985,3.205,5.78,runner result (end-to-end); compilation/execution retained,True,
Snowflake,35,35,2026-08-11T16:58:57Z,18664388826,4,Daily activity,3.568,2.696,0.872,runner result (end-to-end); compilation/execution retained,True,
Snowflake,36,36,2026-08-11T17:08:57Z,19216193045,4,Daily activity,9.768,3.421,6.347,runner result (end-to-end); compilation/execution retained,True,
Snowflake,37,37,2026-08-11T17:18:57Z,19745883933,4,Daily activity,4.525,3.42,1.105,runner result (end-to-end); compilation/execution retained,True,
Snowflake,38,38,2026-08-11T17:28:57Z,20305329136,4,Daily activity,10.188,3.614,6.574,runner result (end-to-end); compilation/execution retained,True,
Snowflake,39,39,2026-08-11T17:38:57Z,20844684066,4,Daily activity,4.88,3.873,1.007,runner result (end-to-end); compilation/execution retained,True,
Snowflake,40,40,2026-08-11T17:48:57Z,21391428069,4,Daily activity,10.593,4.165,6.428,runner result (end-to-end); compilation/execution retained,True,
Snowflake,41,41,2026-08-11T17:58:57Z,21938345201,4,Daily activity,7.027,3.724,3.303,runner result (end-to-end); compilation/execution retained,True,
Snowflake,42,42,2026-08-11T18:08:57Z,22480394175,4,Daily activity,10.479,4.883,5.596,runner result (end-to-end); compilation/execution retained,True,
Snowflake,43,43,2026-08-11T18:18:57Z,23027036303,4,Daily activity,7.547,4.754,2.793,runner result (end-to-end); compilation/execution retained,True,
Snowflake,44,44,2026-08-11T18:28:57Z,23563684837,4,Daily activity,11.456,4.7,6.756,runner result (end-to-end); compilation/execution retained,True,
Snowflake,45,45,2026-08-11T18:38:57Z,24108292723,4,Daily activity,7.458,4.341,3.117,runner result (end-to-end); compilation/execution retained,True,
Snowflake,46,46,2026-08-11T18:48:57Z,24651647019,4,Daily activity,6.76,4.986,1.774,runner result (end-to-end); compilation/execution retained,True,
Snowflake,47,47,2026-08-11T18:58:57Z,25200289313,4,Daily activity,13.043,10.3,2.743,runner result (end-to-end); compilation/execution retained,True,
Snowflake,48,48,2026-08-11T19:08:57Z,25747852434,4,Daily activity,11.922,10.3,1.622,runner result (end-to-end); compilation/execution retained,True,
Snowflake,49,49,2026-08-11T19:18:57Z,26283076869,4,Daily activity,12.882,10.385,2.497,runner result (end-to-end); compilation/execution retained,True,
Snowflake,50,50,2026-08-11T19:28:57Z,26820178083,4,Daily activity,11.439,9.984,1.455,runner result (end-to-end); compilation/execution retained,True,
Snowflake,51,51,2026-08-11T19:38:57Z,27375417517,4,Daily activity,13.136,10.401,2.735,runner result (end-to-end); compilation/execution retained,True,
Snowflake,52,52,2026-08-11T19:48:57Z,27918995748,4,Daily activity,13.451,11.316,2.135,runner result (end-to-end); compilation/execution retained,True,
Snowflake,53,53,2026-08-11T19:58:57Z,28455528243,4,Daily activity,15.06,11.723,3.337,runner result (end-to-end); compilation/execution retained,True,
Snowflake,54,54,2026-08-11T20:08:57Z,28993570106,4,Daily activity,16.024,11.462,4.562,runner result (end-to-end); compilation/execution retained,True,
Snowflake,55,55,2026-08-11T20:18:57Z,29545700964,4,Daily activity,13.754,11.274,2.48,runner result (end-to-end); compilation/execution retained,True,
Snowflake,56,56,2026-08-11T20:28:57Z,30083988028,4,Daily activity,12.982,12.188,0.794,runner result (end-to-end); compilation/execution retained,True,
Snowflake,57,57,2026-08-11T20:38:57Z,30630575890,4,Daily activity,13.438,11.369,2.069,runner result (end-to-end); compilation/execution retained,True,
Snowflake,58,58,2026-08-11T20:48:57Z,31165284381,4,Daily activity,13.676,11.825,1.851,runner result (end-to-end); compilation/execution retained,True,
Snowflake,59,59,2026-08-11T20:58:57Z,31720586913,4,Daily activity,15.289,12.51,2.779,runner result (end-to-end); compilation/execution retained,True,
Snowflake,60,60,2026-08-11T21:08:57Z,32256432850,4,Daily activity,12.624,11.372,1.252,runner result (end-to-end); compilation/execution retained,True,
Snowflake,61,61,2026-08-11T21:18:57Z,32804567571,4,Daily activity,14.732,12.02,2.712,runner result (end-to-end); compilation/execution retained,True,
Snowflake,62,62,2026-08-11T21:28:57Z,33359668543,4,Daily activity,13.488,11.809,1.679,runner result (end-to-end); compilation/execution retained,True,
Snowflake,63,63,2026-08-11T21:38:57Z,33893505898,4,Daily activity,15.573,12.589,2.984,runner result (end-to-end); compilation/execution retained,True,
Snowflake,64,64,2026-08-11T21:48:57Z,34442826434,4,Daily activity,13.828,12.316,1.512,runner result (end-to-end); compilation/execution retained,True,
Snowflake,65,65,2026-08-11T21:58:57Z,34990195086,4,Daily activity,16.011,12.658,3.353,runner result (end-to-end); compilation/execution retained,True,
Snowflake,66,66,2026-08-11T22:08:57Z,35543561911,4,Daily activity,14.244,12.551,1.693,runner result (end-to-end); compilation/execution retained,True,
Snowflake,67,67,2026-08-11T22:18:57Z,36086551556,4,Daily activity,15.966,12.992,2.974,runner result (end-to-end); compilation/execution retained,True,
Snowflake,68,68,2026-08-11T22:28:57Z,36629144961,4,Daily activity,15.717,14.61,1.107,runner result (end-to-end); compilation/execution retained,True,
Snowflake,69,69,2026-08-11T22:38:57Z,37176739226,4,Daily activity,18.037,14.274,3.763,runner result (end-to-end); compilation/execution retained,True,
Snowflake,70,70,2026-08-11T22:48:57Z,37714068818,4,Daily activity,16.956,14.904,2.052,runner result (end-to-end); compilation/execution retained,True,
Snowflake,71,71,2026-08-11T22:58:57Z,38258658415,4,Daily activity,16.49,13.747,2.743,runner result (end-to-end); compilation/execution retained,True,
Snowflake,72,72,2026-08-11T23:08:57Z,38815458699,4,Daily activity,14.552,13.316,1.236,runner result (end-to-end); compilation/execution retained,True,
Snowflake,73,73,2026-08-11T23:18:57Z,39353814542,4,Daily activity,17.153,13.615,3.538,runner result (end-to-end); compilation/execution retained,True,
Snowflake,74,74,2026-08-11T23:28:57Z,39910561199,4,Daily activity,14.964,13.345,1.619,runner result (end-to-end); compilation/execution retained,True,
Snowflake,75,75,2026-08-11T23:38:57Z,40450795463,4,Daily activity,16.694,13.984,2.71,runner result (end-to-end); compilation/execution retained,True,
Snowflake,76,76,2026-08-11T23:48:57Z,41001235716,4,Daily activity,15.983,13.939,2.044,runner result (end-to-end); compilation/execution retained,True,
Snowflake,77,77,2026-08-11T23:58:57Z,41541364286,4,Daily activity,17.713,14.451,3.262,runner result (end-to-end); compilation/execution retained,True,
Snowflake,78,78,2026-08-12T00:08:57Z,42087321356,4,Daily activity,15.123,13.335,1.788,runner result (end-to-end); compilation/execution retained,True,
Snowflake,79,79,2026-08-12T00:18:57Z,42638946619,4,Daily activity,16.403,13.58,2.823,runner result (end-to-end); compilation/execution retained,True,
Snowflake,80,80,2026-08-12T00:28:57Z,43189555601,4,Daily activity,13.935,12.493,1.442,runner result (end-to-end); compilation/execution retained,True,
Snowflake,81,81,2026-08-12T00:38:57Z,43737335549,4,Daily activity,13.956,11.269,2.687,runner result (end-to-end); compilation/execution retained,True,
Snowflake,82,82,2026-08-12T00:48:57Z,44285385932,4,Daily activity,14.844,12.867,1.977,runner result (end-to-end); compilation/execution retained,True,
Snowflake,83,83,2026-08-12T00:58:57Z,44819116712,4,Daily activity,15.964,12.991,2.973,runner result (end-to-end); compilation/execution retained,True,
Snowflake,84,84,2026-08-12T01:08:57Z,45370941730,4,Daily activity,14.931,13.312,1.619,runner result (end-to-end); compilation/execution retained,True,
Snowflake,85,85,2026-08-12T01:18:57Z,45915210443,4,Daily activity,17.127,13.061,4.066,runner result (end-to-end); compilation/execution retained,True,
Snowflake,86,86,2026-08-12T01:28:57Z,46469268846,4,Daily activity,18.076,13.398,4.678,runner result (end-to-end); compilation/execution retained,True,
Snowflake,87,87,2026-08-12T01:38:57Z,47014619196,4,Daily activity,16.793,13.394,3.399,runner result (end-to-end); compilation/execution retained,True,
Snowflake,88,88,2026-08-12T01:48:57Z,47557887173,4,Daily activity,3.323,0.31,3.013,runner result (end-to-end); compilation/execution retained,True,
Snowflake,89,89,2026-08-12T01:58:57Z,48108937450,4,Daily activity,1.341,0.595,0.746,runner result (end-to-end); compilation/execution retained,True,
Snowflake,90,90,2026-08-12T02:08:57Z,48654354733,4,Daily activity,3.455,0.632,2.823,runner result (end-to-end); compilation/execution retained,True,
Snowflake,91,91,2026-08-12T02:18:57Z,49198792764,4,Daily activity,1.239,0.729,0.51,runner result (end-to-end); compilation/execution retained,True,
Snowflake,92,92,2026-08-12T02:28:57Z,49752959746,4,Daily activity,4.745,0.782,3.963,runner result (end-to-end); compilation/execution retained,True,
Snowflake,93,93,2026-08-12T02:38:57Z,50295558507,4,Daily activity,1.064,0.368,0.696,runner result (end-to-end); compilation/execution retained,True,
Snowflake,94,94,2026-08-12T02:48:57Z,50839423797,4,Daily activity,3.02,0.623,2.397,runner result (end-to-end); compilation/execution retained,True,
Snowflake,95,95,2026-08-12T02:58:57Z,51388846496,4,Daily activity,0.655,0.379,0.276,runner result (end-to-end); compilation/execution retained,True,
Snowflake,96,96,2026-08-12T03:08:57Z,51921113849,4,Daily activity,3.938,0.806,3.132,runner result (end-to-end); compilation/execution retained,True,
Snowflake,97,97,2026-08-12T03:18:57Z,52476957308,4,Daily activity,2.38,1.202,1.178,runner result (end-to-end); compilation/execution retained,True,
Snowflake,98,98,2026-08-12T03:28:57Z,53013859627,4,Daily activity,4.552,1.184,3.368,runner result (end-to-end); compilation/execution retained,True,
Snowflake,99,99,2026-08-12T03:38:57Z,53553602030,4,Daily activity,1.901,0.98,0.921,runner result (end-to-end); compilation/execution retained,True,
Snowflake,100,100,2026-08-12T03:48:57Z,54096739316,4,Daily activity,4.381,1.118,3.263,runner result (end-to-end); compilation/execution retained,True,
Snowflake,101,101,2026-08-12T03:58:57Z,54638958461,4,Daily activity,1.763,1.101,0.662,runner result (end-to-end); compilation/execution retained,True,
Snowflake,102,102,2026-08-12T04:08:57Z,55184688243,4,Daily activity,2.349,1.644,0.705,runner result (end-to-end); compilation/execution retained,True,
Snowflake,103,103,2026-08-12T04:18:57Z,55728939933,4,Daily activity,3.164,2.141,1.023,runner result (end-to-end); compilation/execution retained,True,
Snowflake,104,104,2026-08-12T04:28:57Z,56273535672,4,Daily activity,3.435,2.427,1.008,runner result (end-to-end); compilation/execution retained,True,
Snowflake,105,105,2026-08-12T04:38:57Z,56810381460,4,Daily activity,4.254,2.707,1.547,runner result (end-to-end); compilation/execution retained,True,
Snowflake,106,106,2026-08-12T04:48:57Z,57362361385,4,Daily activity,4.471,2.249,2.222,runner result (end-to-end); compilation/execution retained,True,
Snowflake,107,107,2026-08-12T04:58:57Z,57913493016,4,Daily activity,3.476,2.385,1.091,runner result (end-to-end); compilation/execution retained,True,
Snowflake,108,108,2026-08-12T05:08:57Z,58446958006,4,Daily activity,9.384,2.547,6.837,runner result (end-to-end); compilation/execution retained,True,
Snowflake,109,109,2026-08-12T05:18:57Z,58996538773,4,Daily activity,2.875,2.081,0.794,runner result (end-to-end); compilation/execution retained,True,
Snowflake,110,110,2026-08-12T05:28:57Z,59543392881,4,Daily activity,8.66,2.81,5.85,runner result (end-to-end); compilation/execution retained,True,
Snowflake,111,111,2026-08-12T05:38:57Z,60095495207,4,Daily activity,12.117,2.512,9.605,runner result (end-to-end); compilation/execution retained,True,
Snowflake,112,112,2026-08-12T05:48:57Z,60639957737,4,Daily activity,10.65,3.211,7.439,runner result (end-to-end); compilation/execution retained,True,
Snowflake,113,113,2026-08-12T05:58:57Z,61187361357,4,Daily activity,4.439,3.353,1.086,runner result (end-to-end); compilation/execution retained,True,
Snowflake,114,114,2026-08-12T06:08:57Z,61731139656,4,Daily activity,10.164,4.222,5.942,runner result (end-to-end); compilation/execution retained,True,
Snowflake,115,115,2026-08-12T06:18:57Z,62279567684,4,Daily activity,4.039,3.338,0.701,runner result (end-to-end); compilation/execution retained,True,
Snowflake,116,116,2026-08-12T06:28:57Z,62825580983,4,Daily activity,9.167,3.434,5.733,runner result (end-to-end); compilation/execution retained,True,
Snowflake,117,117,2026-08-12T06:38:57Z,63370928291,4,Daily activity,9.502,3.929,5.573,runner result (end-to-end); compilation/execution retained,True,
Snowflake,118,118,2026-08-12T06:48:57Z,63914819184,4,Daily activity,10.785,4.212,6.573,runner result (end-to-end); compilation/execution retained,True,
Snowflake,119,119,2026-08-12T06:58:57Z,64455955665,4,Daily activity,8.125,4.173,3.952,runner result (end-to-end); compilation/execution retained,True,
Snowflake,120,120,2026-08-12T07:08:57Z,65003623242,4,Daily activity,6.383,4.556,1.827,runner result (end-to-end); compilation/execution retained,True,
Snowflake,121,121,2026-08-12T07:18:57Z,65557201130,4,Daily activity,7.159,4.177,2.982,runner result (end-to-end); compilation/execution retained,True,
Snowflake,122,122,2026-08-12T07:28:57Z,66099065156,4,Daily activity,17.759,11.984,5.775,runner result (end-to-end); compilation/execution retained,True,
Snowflake,123,123,2026-08-12T07:38:57Z,66642452422,4,Daily activity,8.407,4.938,3.469,runner result (end-to-end); compilation/execution retained,True,
Snowflake,124,124,2026-08-12T07:48:57Z,67182421438,4,Daily activity,13.976,9.724,4.252,runner result (end-to-end); compilation/execution retained,True,
Snowflake,125,125,2026-08-12T07:58:57Z,67727916114,4,Daily activity,13.293,10.988,2.305,runner result (end-to-end); compilation/execution retained,True,
Snowflake,126,126,2026-08-12T08:08:57Z,68267471024,4,Daily activity,14.95,10.067,4.883,runner result (end-to-end); compilation/execution retained,True,
Snowflake,127,127,2026-08-12T08:18:57Z,68802200323,4,Daily activity,13.817,12.047,1.77,runner result (end-to-end); compilation/execution retained,True,
Snowflake,128,128,2026-08-12T08:28:57Z,69346329844,4,Daily activity,16.292,11.279,5.013,runner result (end-to-end); compilation/execution retained,True,
Snowflake,129,129,2026-08-12T08:38:57Z,69897183390,4,Daily activity,1.629,0.992,0.637,runner result (end-to-end); compilation/execution retained,True,
Snowflake,130,130,2026-08-12T08:48:57Z,70428726736,4,Daily activity,1.499,0.483,1.016,runner result (end-to-end); compilation/execution retained,True,
Snowflake,131,131,2026-08-12T08:58:57Z,70979357463,4,Daily activity,0.876,0.32,0.556,runner result (end-to-end); compilation/execution retained,True,
Snowflake,132,132,2026-08-12T09:08:57Z,71519985704,4,Daily activity,1.505,0.438,1.067,runner result (end-to-end); compilation/execution retained,True,
Snowflake,133,133,2026-08-12T09:18:57Z,72058735690,4,Daily activity,1.785,0.75,1.035,runner result (end-to-end); compilation/execution retained,True,
Snowflake,134,134,2026-08-12T09:28:57Z,72596851158,4,Daily activity,1.833,0.656,1.177,runner result (end-to-end); compilation/execution retained,True,
Snowflake,135,135,2026-08-12T09:38:57Z,73126410994,4,Daily activity,2.329,1.288,1.041,runner result (end-to-end); compilation/execution retained,True,
Snowflake,136,136,2026-08-12T09:48:57Z,73663989869,4,Daily activity,2.163,1.0,1.163,runner result (end-to-end); compilation/execution retained,True,
Snowflake,137,137,2026-08-12T09:58:57Z,74210734717,4,Daily activity,2.006,1.323,0.683,runner result (end-to-end); compilation/execution retained,True,
Snowflake,138,138,2026-08-12T10:08:57Z,74754170511,4,Daily activity,1.679,0.829,0.85,runner result (end-to-end); compilation/execution retained,True,
Snowflake,139,139,2026-08-12T10:18:57Z,75292467460,4,Daily activity,1.843,1.211,0.632,runner result (end-to-end); compilation/execution retained,True,
Snowflake,140,140,2026-08-12T10:28:57Z,75839048271,4,Daily activity,2.947,1.574,1.373,runner result (end-to-end); compilation/execution retained,True,
Snowflake,141,141,2026-08-12T10:38:57Z,76379287699,4,Daily activity,2.145,1.603,0.542,runner result (end-to-end); compilation/execution retained,True,
Snowflake,142,142,2026-08-12T10:48:57Z,76921212731,4,Daily activity,3.262,1.557,1.705,runner result (end-to-end); compilation/execution retained,True,
Snowflake,143,143,2026-08-12T10:58:57Z,77474274891,4,Daily activity,2.133,1.453,0.68,runner result (end-to-end); compilation/execution retained,True,
Snowflake,144,144,2026-08-12T11:08:57Z,78020239558,4,Daily activity,4.916,1.747,3.169,runner result (end-to-end); compilation/execution retained,True,
Snowflake,145,145,2026-08-12T11:18:57Z,78556038400,4,Daily activity,12.866,1.573,11.293,runner result (end-to-end); compilation/execution retained,True,
Snowflake,146,146,2026-08-12T11:28:57Z,79095605628,4,Daily activity,3.736,1.916,1.82,runner result (end-to-end); compilation/execution retained,True,
Snowflake,147,147,2026-08-12T11:38:57Z,79642025309,4,Daily activity,2.816,1.815,1.001,runner result (end-to-end); compilation/execution retained,True,
Snowflake,148,148,2026-08-12T11:48:57Z,80174044570,4,Daily activity,3.954,2.299,1.655,runner result (end-to-end); compilation/execution retained,True,
Snowflake,149,149,2026-08-12T11:58:57Z,80719696641,4,Daily activity,2.921,1.885,1.036,runner result (end-to-end); compilation/execution retained,True,
Snowflake,150,150,2026-08-12T12:08:57Z,81262895664,4,Daily activity,3.152,1.863,1.289,runner result (end-to-end); compilation/execution retained,True,
Snowflake,151,151,2026-08-12T12:18:57Z,81806775602,4,Daily activity,3.602,3.118,0.484,runner result (end-to-end); compilation/execution retained,True,
Snowflake,152,152,2026-08-12T12:28:57Z,82353792598,4,Daily activity,3.544,2.829,0.715,runner result (end-to-end); compilation/execution retained,True,
Snowflake,153,153,2026-08-12T12:38:57Z,82888706006,4,Daily activity,10.41,2.739,7.671,runner result (end-to-end); compilation/execution retained,True,
Snowflake,154,154,2026-08-12T12:48:57Z,83443900439,4,Daily activity,3.175,2.243,0.932,runner result (end-to-end); compilation/execution retained,True,
Snowflake,155,155,2026-08-12T12:58:57Z,83986715739,4,Daily activity,9.734,3.629,6.105,runner result (end-to-end); compilation/execution retained,True,
Snowflake,156,156,2026-08-12T13:08:57Z,84528180207,4,Daily activity,4.115,2.369,1.746,runner result (end-to-end); compilation/execution retained,True,
Snowflake,157,157,2026-08-12T13:18:57Z,85066604156,4,Daily activity,10.059,2.786,7.273,runner result (end-to-end); compilation/execution retained,True,
Snowflake,158,158,2026-08-12T13:28:57Z,85620033283,4,Daily activity,4.668,3.854,0.814,runner result (end-to-end); compilation/execution retained,True,
Snowflake,159,159,2026-08-12T13:38:57Z,86152994817,4,Daily activity,11.168,2.938,8.23,runner result (end-to-end); compilation/execution retained,True,
Snowflake,160,160,2026-08-12T13:48:57Z,86704737177,4,Daily activity,4.777,2.904,1.873,runner result (end-to-end); compilation/execution retained,True,
Snowflake,161,161,2026-08-12T13:58:57Z,87242847941,4,Daily activity,4.601,3.886,0.715,runner result (end-to-end); compilation/execution retained,True,
Snowflake,162,162,2026-08-12T14:08:57Z,87786454820,4,Daily activity,7.537,3.333,4.204,runner result (end-to-end); compilation/execution retained,True,
Snowflake,163,163,2026-08-12T14:18:57Z,88330971978,4,Daily activity,9.418,3.726,5.692,runner result (end-to-end); compilation/execution retained,True,
Snowflake,164,164,2026-08-12T14:28:57Z,88873955947,4,Daily activity,8.699,3.31,5.389,runner result (end-to-end); compilation/execution retained,True,
Snowflake,165,165,2026-08-12T14:38:57Z,89419840113,4,Daily activity,8.04,3.187,4.853,runner result (end-to-end); compilation/execution retained,True,
Snowflake,166,166,2026-08-12T14:48:57Z,89959994694,4,Daily activity,7.682,3.944,3.738,runner result (end-to-end); compilation/execution retained,True,
Snowflake,167,167,2026-08-12T14:58:57Z,90505068849,4,Daily activity,8.597,4.51,4.087,runner result (end-to-end); compilation/execution retained,True,
Snowflake,168,168,2026-08-12T15:08:57Z,91061606220,4,Daily activity,11.477,10.466,1.011,runner result (end-to-end); compilation/execution retained,True,
Snowflake,169,169,2026-08-12T15:18:57Z,91608517197,4,Daily activity,13.855,10.467,3.388,runner result (end-to-end); compilation/execution retained,True,
Snowflake,170,170,2026-08-12T15:28:57Z,92153494394,4,Daily activity,13.428,10.717,2.711,runner result (end-to-end); compilation/execution retained,True,
Snowflake,171,171,2026-08-12T15:38:57Z,92698030525,4,Daily activity,14.339,10.657,3.682,runner result (end-to-end); compilation/execution retained,True,
Snowflake,172,172,2026-08-12T15:48:57Z,93242607069,4,Daily activity,13.959,10.851,3.108,runner result (end-to-end); compilation/execution retained,True,
Snowflake,173,173,2026-08-12T15:58:57Z,93787407199,4,Daily activity,15.104,11.136,3.968,runner result (end-to-end); compilation/execution retained,True,
Snowflake,174,174,2026-08-12T16:08:57Z,94330065240,4,Daily activity,12.493,10.648,1.845,runner result (end-to-end); compilation/execution retained,True,
Snowflake,175,175,2026-08-12T16:18:57Z,94877773840,4,Daily activity,14.447,10.786,3.661,runner result (end-to-end); compilation/execution retained,True,
Snowflake,176,176,2026-08-12T16:28:57Z,95419508344,4,Daily activity,15.622,11.566,4.056,runner result (end-to-end); compilation/execution retained,True,
Snowflake,177,177,2026-08-12T16:38:57Z,95972724266,4,Daily activity,12.445,11.336,1.109,runner result (end-to-end); compilation/execution retained,True,
Snowflake,178,178,2026-08-12T16:48:57Z,96513946374,4,Daily activity,15.412,11.0,4.412,runner result (end-to-end); compilation/execution retained,True,
Snowflake,179,179,2026-08-12T16:58:57Z,97064716964,4,Daily activity,12.218,11.882,0.336,runner result (end-to-end); compilation/execution retained,True,
Snowflake,180,180,2026-08-12T17:08:57Z,97615350266,4,Daily activity,13.455,10.95,2.505,runner result (end-to-end); compilation/execution retained,True,
Snowflake,181,181,2026-08-12T17:18:57Z,98161784620,4,Daily activity,16.596,11.886,4.71,runner result (end-to-end); compilation/execution retained,True,
Snowflake,182,182,2026-08-12T17:28:57Z,98700378757,4,Daily activity,15.908,11.481,4.427,runner result (end-to-end); compilation/execution retained,True,
Snowflake,183,183,2026-08-12T17:38:57Z,99259158207,4,Daily activity,14.93,11.335,3.595,runner result (end-to-end); compilation/execution retained,True,
Snowflake,184,184,2026-08-12T17:48:57Z,99801890611,4,Daily activity,16.169,12.086,4.083,runner result (end-to-end); compilation/execution retained,True,
