system,source_line,iteration,observed_at,raw_rows,query_number,query_name,latency_sec,compilation_sec,execution_sec,runtime_source,included_in_plot,exclusion_reason
ClickHouse Cloud,2,2,2026-08-08T07:05:59Z,724786266,1,Single-symbol summary,0.006,,,clickhouse-client --time,True,
ClickHouse Cloud,3,3,2026-08-08T07:15:59Z,1370669828,1,Single-symbol summary,0.041,,,clickhouse-client --time,True,
ClickHouse Cloud,4,4,2026-08-08T07:25:59Z,1975682003,1,Single-symbol summary,0.006,,,clickhouse-client --time,True,
ClickHouse Cloud,5,5,2026-08-08T07:35:59Z,2574084882,1,Single-symbol summary,0.007,,,clickhouse-client --time,True,
ClickHouse Cloud,6,6,2026-08-08T07:45:59Z,3146910669,1,Single-symbol summary,0.012,,,clickhouse-client --time,True,
ClickHouse Cloud,7,7,2026-08-08T07:55:59Z,3738865972,1,Single-symbol summary,0.014,,,clickhouse-client --time,True,
ClickHouse Cloud,8,8,2026-08-08T08:05:59Z,4293755746,1,Single-symbol summary,0.013,,,clickhouse-client --time,True,
ClickHouse Cloud,9,9,2026-08-08T08:15:59Z,4891042750,1,Single-symbol summary,0.007,,,clickhouse-client --time,True,
ClickHouse Cloud,10,10,2026-08-08T08:25:59Z,5469535309,1,Single-symbol summary,0.013,,,clickhouse-client --time,True,
ClickHouse Cloud,11,11,2026-08-08T08:35:59Z,6010532017,1,Single-symbol summary,0.006,,,clickhouse-client --time,True,
ClickHouse Cloud,12,12,2026-08-08T08:45:59Z,6539371357,1,Single-symbol summary,0.014,,,clickhouse-client --time,True,
ClickHouse Cloud,13,13,2026-08-08T08:55:59Z,7146131616,1,Single-symbol summary,0.006,,,clickhouse-client --time,True,
ClickHouse Cloud,14,14,2026-08-08T09:05:59Z,7727462172,1,Single-symbol summary,0.007,,,clickhouse-client --time,True,
ClickHouse Cloud,15,15,2026-08-08T09:15:59Z,8305203448,1,Single-symbol summary,0.007,,,clickhouse-client --time,True,
ClickHouse Cloud,16,16,2026-08-08T09:25:59Z,8807164173,1,Single-symbol summary,0.013,,,clickhouse-client --time,True,
ClickHouse Cloud,17,17,2026-08-08T09:35:59Z,9395201523,1,Single-symbol summary,0.007,,,clickhouse-client --time,True,
ClickHouse Cloud,18,18,2026-08-08T09:45:59Z,9911918805,1,Single-symbol summary,0.007,,,clickhouse-client --time,True,
ClickHouse Cloud,19,19,2026-08-08T09:55:59Z,10448957290,1,Single-symbol summary,0.007,,,clickhouse-client --time,True,
ClickHouse Cloud,20,20,2026-08-08T10:05:59Z,10999409964,1,Single-symbol summary,0.007,,,clickhouse-client --time,True,
ClickHouse Cloud,21,21,2026-08-08T10:15:59Z,11495758638,1,Single-symbol summary,0.007,,,clickhouse-client --time,True,
ClickHouse Cloud,22,22,2026-08-08T10:25:59Z,12058435469,1,Single-symbol summary,0.012,,,clickhouse-client --time,True,
ClickHouse Cloud,23,23,2026-08-08T10:35:59Z,12574526062,1,Single-symbol summary,0.013,,,clickhouse-client --time,True,
ClickHouse Cloud,24,24,2026-08-08T10:45:59Z,13130688854,1,Single-symbol summary,0.013,,,clickhouse-client --time,True,
ClickHouse Cloud,25,25,2026-08-08T10:55:59Z,13690901348,1,Single-symbol summary,0.014,,,clickhouse-client --time,True,
ClickHouse Cloud,26,26,2026-08-08T11:05:59Z,14280804947,1,Single-symbol summary,0.013,,,clickhouse-client --time,True,
ClickHouse Cloud,27,27,2026-08-08T11:15:59Z,14876856126,1,Single-symbol summary,0.013,,,clickhouse-client --time,True,
ClickHouse Cloud,28,28,2026-08-08T11:25:59Z,15470256866,1,Single-symbol summary,0.087,,,clickhouse-client --time,True,
ClickHouse Cloud,29,29,2026-08-08T11:35:59Z,16058779354,1,Single-symbol summary,0.007,,,clickhouse-client --time,True,
ClickHouse Cloud,30,30,2026-08-08T11:45:59Z,16604006353,1,Single-symbol summary,0.007,,,clickhouse-client --time,True,
ClickHouse Cloud,31,31,2026-08-08T11:55:59Z,17204550973,1,Single-symbol summary,0.006,,,clickhouse-client --time,True,
ClickHouse Cloud,32,32,2026-08-08T12:05:59Z,17758468213,1,Single-symbol summary,0.013,,,clickhouse-client --time,True,
ClickHouse Cloud,33,33,2026-08-08T12:15:59Z,18360002425,1,Single-symbol summary,0.013,,,clickhouse-client --time,True,
ClickHouse Cloud,34,34,2026-08-08T12:25:59Z,18930505218,1,Single-symbol summary,0.014,,,clickhouse-client --time,True,
ClickHouse Cloud,35,35,2026-08-08T12:35:59Z,19498533079,1,Single-symbol summary,0.012,,,clickhouse-client --time,True,
ClickHouse Cloud,36,36,2026-08-08T12:45:59Z,20030972521,1,Single-symbol summary,0.014,,,clickhouse-client --time,True,
ClickHouse Cloud,37,37,2026-08-08T12:55:59Z,20598954386,1,Single-symbol summary,0.013,,,clickhouse-client --time,True,
ClickHouse Cloud,38,38,2026-08-08T13:05:59Z,21177624388,1,Single-symbol summary,0.007,,,clickhouse-client --time,True,
ClickHouse Cloud,39,39,2026-08-08T13:15:59Z,21690449123,1,Single-symbol summary,0.007,,,clickhouse-client --time,True,
ClickHouse Cloud,40,40,2026-08-08T13:25:59Z,22225814642,1,Single-symbol summary,0.013,,,clickhouse-client --time,True,
ClickHouse Cloud,41,41,2026-08-08T13:35:59Z,22769842666,1,Single-symbol summary,0.007,,,clickhouse-client --time,True,
ClickHouse Cloud,42,42,2026-08-08T13:45:59Z,23288685490,1,Single-symbol summary,0.014,,,clickhouse-client --time,True,
ClickHouse Cloud,43,43,2026-08-08T13:55:59Z,23844225514,1,Single-symbol summary,0.007,,,clickhouse-client --time,True,
ClickHouse Cloud,44,44,2026-08-08T14:05:59Z,24360433073,1,Single-symbol summary,0.007,,,clickhouse-client --time,True,
ClickHouse Cloud,45,45,2026-08-08T14:15:59Z,24937313823,1,Single-symbol summary,0.012,,,clickhouse-client --time,True,
ClickHouse Cloud,46,46,2026-08-08T14:25:59Z,25492435118,1,Single-symbol summary,0.007,,,clickhouse-client --time,True,
ClickHouse Cloud,47,47,2026-08-08T14:35:59Z,26047358918,1,Single-symbol summary,0.007,,,clickhouse-client --time,True,
ClickHouse Cloud,48,48,2026-08-08T14:45:59Z,26583320264,1,Single-symbol summary,0.007,,,clickhouse-client --time,True,
ClickHouse Cloud,49,49,2026-08-08T14:55:59Z,27117466999,1,Single-symbol summary,0.013,,,clickhouse-client --time,True,
ClickHouse Cloud,50,50,2026-08-08T15:05:59Z,27681375912,1,Single-symbol summary,0.007,,,clickhouse-client --time,True,
ClickHouse Cloud,51,51,2026-08-08T15:15:59Z,28239125449,1,Single-symbol summary,0.007,,,clickhouse-client --time,True,
ClickHouse Cloud,52,52,2026-08-08T15:25:59Z,28773516979,1,Single-symbol summary,0.111,,,clickhouse-client --time,True,
ClickHouse Cloud,53,53,2026-08-08T15:35:59Z,29346127706,1,Single-symbol summary,0.007,,,clickhouse-client --time,True,
ClickHouse Cloud,54,54,2026-08-08T15:45:59Z,29890137150,1,Single-symbol summary,0.007,,,clickhouse-client --time,True,
ClickHouse Cloud,55,55,2026-08-08T15:55:59Z,30465667350,1,Single-symbol summary,0.007,,,clickhouse-client --time,True,
ClickHouse Cloud,56,56,2026-08-08T16:05:59Z,31018228497,1,Single-symbol summary,0.014,,,clickhouse-client --time,True,
ClickHouse Cloud,57,57,2026-08-08T16:15:59Z,31588088259,1,Single-symbol summary,0.013,,,clickhouse-client --time,True,
ClickHouse Cloud,58,58,2026-08-08T16:25:59Z,32144496083,1,Single-symbol summary,0.014,,,clickhouse-client --time,True,
ClickHouse Cloud,59,59,2026-08-08T16:35:59Z,32651953244,1,Single-symbol summary,0.014,,,clickhouse-client --time,True,
ClickHouse Cloud,60,60,2026-08-08T16:45:59Z,33183996050,1,Single-symbol summary,0.013,,,clickhouse-client --time,True,
ClickHouse Cloud,61,61,2026-08-08T16:55:59Z,33748476003,1,Single-symbol summary,0.007,,,clickhouse-client --time,True,
ClickHouse Cloud,62,62,2026-08-08T17:05:59Z,34249264401,1,Single-symbol summary,0.013,,,clickhouse-client --time,True,
ClickHouse Cloud,63,63,2026-08-08T17:15:59Z,34764613132,1,Single-symbol summary,0.007,,,clickhouse-client --time,True,
ClickHouse Cloud,64,64,2026-08-08T17:25:59Z,35300178406,1,Single-symbol summary,0.012,,,clickhouse-client --time,True,
ClickHouse Cloud,65,65,2026-08-08T17:35:59Z,35804053385,1,Single-symbol summary,0.009,,,clickhouse-client --time,True,
ClickHouse Cloud,66,66,2026-08-08T17:45:59Z,36352821706,1,Single-symbol summary,0.013,,,clickhouse-client --time,True,
ClickHouse Cloud,67,67,2026-08-08T17:55:59Z,36850964650,1,Single-symbol summary,0.013,,,clickhouse-client --time,True,
ClickHouse Cloud,68,68,2026-08-08T18:05:59Z,37331880801,1,Single-symbol summary,0.013,,,clickhouse-client --time,True,
ClickHouse Cloud,69,69,2026-08-08T18:15:59Z,37851506740,1,Single-symbol summary,0.007,,,clickhouse-client --time,True,
ClickHouse Cloud,70,70,2026-08-08T18:25:59Z,38333894855,1,Single-symbol summary,0.007,,,clickhouse-client --time,True,
ClickHouse Cloud,71,71,2026-08-08T18:35:59Z,38903981063,1,Single-symbol summary,0.007,,,clickhouse-client --time,True,
ClickHouse Cloud,72,72,2026-08-08T18:45:59Z,39403630784,1,Single-symbol summary,0.007,,,clickhouse-client --time,True,
ClickHouse Cloud,73,73,2026-08-08T18:55:59Z,39938729827,1,Single-symbol summary,0.013,,,clickhouse-client --time,True,
ClickHouse Cloud,74,74,2026-08-08T19:05:59Z,40455322866,1,Single-symbol summary,0.014,,,clickhouse-client --time,True,
ClickHouse Cloud,75,75,2026-08-08T19:15:59Z,40983472025,1,Single-symbol summary,0.014,,,clickhouse-client --time,True,
ClickHouse Cloud,76,76,2026-08-08T19:25:59Z,41461994932,1,Single-symbol summary,0.014,,,clickhouse-client --time,True,
ClickHouse Cloud,77,77,2026-08-08T19:35:59Z,41986954384,1,Single-symbol summary,0.007,,,clickhouse-client --time,True,
ClickHouse Cloud,78,78,2026-08-08T19:45:59Z,42504704257,1,Single-symbol summary,0.014,,,clickhouse-client --time,True,
ClickHouse Cloud,79,79,2026-08-08T19:55:59Z,43037353870,1,Single-symbol summary,0.014,,,clickhouse-client --time,True,
ClickHouse Cloud,80,80,2026-08-08T20:05:59Z,43568180819,1,Single-symbol summary,0.015,,,clickhouse-client --time,True,
ClickHouse Cloud,81,81,2026-08-08T20:15:59Z,44075896295,1,Single-symbol summary,0.008,,,clickhouse-client --time,True,
ClickHouse Cloud,82,82,2026-08-08T20:25:59Z,44585275116,1,Single-symbol summary,0.015,,,clickhouse-client --time,True,
ClickHouse Cloud,83,83,2026-08-08T20:35:59Z,45119401562,1,Single-symbol summary,0.017,,,clickhouse-client --time,True,
ClickHouse Cloud,84,84,2026-08-08T20:45:59Z,45608868518,1,Single-symbol summary,0.007,,,clickhouse-client --time,True,
ClickHouse Cloud,85,85,2026-08-08T20:55:59Z,46108257326,1,Single-symbol summary,0.007,,,clickhouse-client --time,True,
ClickHouse Cloud,86,86,2026-08-08T21:05:59Z,46607144697,1,Single-symbol summary,0.009,,,clickhouse-client --time,True,
ClickHouse Cloud,87,87,2026-08-08T21:15:59Z,47127220430,1,Single-symbol summary,0.013,,,clickhouse-client --time,True,
ClickHouse Cloud,88,88,2026-08-08T21:25:59Z,47630286458,1,Single-symbol summary,0.014,,,clickhouse-client --time,True,
ClickHouse Cloud,89,89,2026-08-08T21:35:59Z,48152769396,1,Single-symbol summary,0.015,,,clickhouse-client --time,True,
ClickHouse Cloud,90,90,2026-08-08T21:45:59Z,48651039753,1,Single-symbol summary,0.017,,,clickhouse-client --time,True,
ClickHouse Cloud,91,91,2026-08-08T21:55:59Z,49173608481,1,Single-symbol summary,0.014,,,clickhouse-client --time,True,
ClickHouse Cloud,92,92,2026-08-08T22:05:59Z,49691385785,1,Single-symbol summary,0.014,,,clickhouse-client --time,True,
ClickHouse Cloud,93,93,2026-08-08T22:15:59Z,50238320035,1,Single-symbol summary,0.014,,,clickhouse-client --time,True,
ClickHouse Cloud,94,94,2026-08-08T22:25:59Z,50788829774,1,Single-symbol summary,0.007,,,clickhouse-client --time,True,
ClickHouse Cloud,95,95,2026-08-08T22:35:59Z,51325118756,1,Single-symbol summary,0.008,,,clickhouse-client --time,True,
ClickHouse Cloud,96,96,2026-08-08T22:45:59Z,51886771408,1,Single-symbol summary,0.007,,,clickhouse-client --time,True,
ClickHouse Cloud,97,97,2026-08-08T22:55:59Z,52441318029,1,Single-symbol summary,0.007,,,clickhouse-client --time,True,
ClickHouse Cloud,98,98,2026-08-08T23:05:59Z,52920335727,1,Single-symbol summary,0.035,,,clickhouse-client --time,True,
ClickHouse Cloud,99,99,2026-08-08T23:15:59Z,53408601648,1,Single-symbol summary,0.013,,,clickhouse-client --time,True,
ClickHouse Cloud,100,100,2026-08-08T23:25:59Z,53910086618,1,Single-symbol summary,0.014,,,clickhouse-client --time,True,
ClickHouse Cloud,101,101,2026-08-08T23:35:59Z,54424699241,1,Single-symbol summary,0.007,,,clickhouse-client --time,True,
ClickHouse Cloud,102,102,2026-08-08T23:45:59Z,54899250491,1,Single-symbol summary,0.008,,,clickhouse-client --time,True,
ClickHouse Cloud,103,103,2026-08-08T23:55:59Z,55416633625,1,Single-symbol summary,0.007,,,clickhouse-client --time,True,
ClickHouse Cloud,104,104,2026-08-09T00:05:59Z,55944840077,1,Single-symbol summary,0.008,,,clickhouse-client --time,True,
ClickHouse Cloud,105,105,2026-08-09T00:15:59Z,56450202011,1,Single-symbol summary,0.015,,,clickhouse-client --time,True,
ClickHouse Cloud,106,106,2026-08-09T00:25:59Z,56976658135,1,Single-symbol summary,0.015,,,clickhouse-client --time,True,
ClickHouse Cloud,107,107,2026-08-09T00:35:59Z,57502590981,1,Single-symbol summary,0.007,,,clickhouse-client --time,True,
ClickHouse Cloud,108,108,2026-08-09T00:45:59Z,58017492696,1,Single-symbol summary,0.007,,,clickhouse-client --time,True,
ClickHouse Cloud,109,109,2026-08-09T00:55:59Z,58509450012,1,Single-symbol summary,0.008,,,clickhouse-client --time,True,
ClickHouse Cloud,110,110,2026-08-09T01:05:59Z,59010783142,1,Single-symbol summary,0.014,,,clickhouse-client --time,True,
ClickHouse Cloud,111,111,2026-08-09T01:15:59Z,59503489949,1,Single-symbol summary,0.01,,,clickhouse-client --time,True,
ClickHouse Cloud,112,112,2026-08-09T01:25:59Z,59972983401,1,Single-symbol summary,0.014,,,clickhouse-client --time,True,
ClickHouse Cloud,113,113,2026-08-09T01:35:59Z,60442237749,1,Single-symbol summary,0.009,,,clickhouse-client --time,True,
ClickHouse Cloud,114,114,2026-08-09T01:45:59Z,60904448195,1,Single-symbol summary,0.007,,,clickhouse-client --time,True,
ClickHouse Cloud,115,115,2026-08-09T01:55:59Z,61370139665,1,Single-symbol summary,0.014,,,clickhouse-client --time,True,
ClickHouse Cloud,116,116,2026-08-09T02:05:59Z,61872097967,1,Single-symbol summary,0.013,,,clickhouse-client --time,True,
ClickHouse Cloud,117,117,2026-08-09T02:15:59Z,62362523974,1,Single-symbol summary,0.015,,,clickhouse-client --time,True,
ClickHouse Cloud,118,118,2026-08-09T02:25:59Z,62852767644,1,Single-symbol summary,0.015,,,clickhouse-client --time,True,
ClickHouse Cloud,119,119,2026-08-09T02:35:59Z,63303274836,1,Single-symbol summary,0.015,,,clickhouse-client --time,True,
ClickHouse Cloud,120,120,2026-08-09T02:45:59Z,63813706871,1,Single-symbol summary,0.014,,,clickhouse-client --time,True,
ClickHouse Cloud,121,121,2026-08-09T02:55:59Z,64297816643,1,Single-symbol summary,0.014,,,clickhouse-client --time,True,
ClickHouse Cloud,122,122,2026-08-09T03:05:59Z,64830505943,1,Single-symbol summary,0.007,,,clickhouse-client --time,True,
ClickHouse Cloud,123,123,2026-08-09T03:15:59Z,65325007686,1,Single-symbol summary,0.006,,,clickhouse-client --time,True,
ClickHouse Cloud,124,124,2026-08-09T03:25:59Z,65803792964,1,Single-symbol summary,0.007,,,clickhouse-client --time,True,
ClickHouse Cloud,125,125,2026-08-09T03:35:59Z,66304040996,1,Single-symbol summary,0.007,,,clickhouse-client --time,True,
ClickHouse Cloud,126,126,2026-08-09T03:45:59Z,66813762801,1,Single-symbol summary,0.007,,,clickhouse-client --time,True,
ClickHouse Cloud,127,127,2026-08-09T03:55:59Z,67293866994,1,Single-symbol summary,0.013,,,clickhouse-client --time,True,
ClickHouse Cloud,128,128,2026-08-09T04:05:59Z,67748504407,1,Single-symbol summary,0.015,,,clickhouse-client --time,True,
ClickHouse Cloud,129,129,2026-08-09T04:15:59Z,68201006429,1,Single-symbol summary,0.014,,,clickhouse-client --time,True,
ClickHouse Cloud,130,130,2026-08-09T04:25:59Z,68684069442,1,Single-symbol summary,0.01,,,clickhouse-client --time,True,
ClickHouse Cloud,131,131,2026-08-09T04:35:59Z,69181831398,1,Single-symbol summary,0.008,,,clickhouse-client --time,True,
ClickHouse Cloud,132,132,2026-08-09T04:45:59Z,69676432303,1,Single-symbol summary,0.014,,,clickhouse-client --time,True,
ClickHouse Cloud,133,133,2026-08-09T04:55:59Z,70168596073,1,Single-symbol summary,0.007,,,clickhouse-client --time,True,
ClickHouse Cloud,134,134,2026-08-09T05:05:59Z,70659299166,1,Single-symbol summary,0.007,,,clickhouse-client --time,True,
ClickHouse Cloud,135,135,2026-08-09T05:15:59Z,71156738966,1,Single-symbol summary,0.007,,,clickhouse-client --time,True,
ClickHouse Cloud,136,136,2026-08-09T05:25:59Z,71624709770,1,Single-symbol summary,0.007,,,clickhouse-client --time,True,
ClickHouse Cloud,137,137,2026-08-09T05:35:59Z,72091825703,1,Single-symbol summary,0.015,,,clickhouse-client --time,True,
ClickHouse Cloud,138,138,2026-08-09T05:45:59Z,72547878251,1,Single-symbol summary,0.007,,,clickhouse-client --time,True,
ClickHouse Cloud,139,139,2026-08-09T05:55:59Z,73013213443,1,Single-symbol summary,0.007,,,clickhouse-client --time,True,
ClickHouse Cloud,140,140,2026-08-09T06:05:59Z,73476437585,1,Single-symbol summary,0.007,,,clickhouse-client --time,True,
ClickHouse Cloud,141,141,2026-08-09T06:15:59Z,73987325693,1,Single-symbol summary,0.008,,,clickhouse-client --time,True,
ClickHouse Cloud,142,142,2026-08-09T06:25:59Z,74486757162,1,Single-symbol summary,0.013,,,clickhouse-client --time,True,
ClickHouse Cloud,143,143,2026-08-09T06:35:59Z,74995355831,1,Single-symbol summary,0.015,,,clickhouse-client --time,True,
ClickHouse Cloud,144,144,2026-08-09T06:45:59Z,75466940903,1,Single-symbol summary,0.008,,,clickhouse-client --time,True,
ClickHouse Cloud,145,145,2026-08-09T06:55:59Z,75964855518,1,Single-symbol summary,0.014,,,clickhouse-client --time,True,
ClickHouse Cloud,146,146,2026-08-09T07:05:59Z,76430868234,1,Single-symbol summary,0.007,,,clickhouse-client --time,True,
ClickHouse Cloud,147,147,2026-08-09T07:15:59Z,76885010641,1,Single-symbol summary,0.008,,,clickhouse-client --time,True,
ClickHouse Cloud,148,148,2026-08-09T07:25:59Z,77350951993,1,Single-symbol summary,0.008,,,clickhouse-client --time,True,
ClickHouse Cloud,149,149,2026-08-09T07:35:59Z,77850423857,1,Single-symbol summary,0.007,,,clickhouse-client --time,True,
ClickHouse Cloud,150,150,2026-08-09T07:45:59Z,78316136469,1,Single-symbol summary,0.014,,,clickhouse-client --time,True,
ClickHouse Cloud,151,151,2026-08-09T07:55:59Z,78743691693,1,Single-symbol summary,0.009,,,clickhouse-client --time,True,
ClickHouse Cloud,152,152,2026-08-09T08:05:59Z,79106273696,1,Single-symbol summary,0.013,,,clickhouse-client --time,True,
ClickHouse Cloud,153,153,2026-08-09T08:15:59Z,79558355522,1,Single-symbol summary,0.009,,,clickhouse-client --time,True,
ClickHouse Cloud,154,154,2026-08-09T08:25:59Z,80034599414,1,Single-symbol summary,0.015,,,clickhouse-client --time,True,
ClickHouse Cloud,155,155,2026-08-09T08:35:59Z,80503603294,1,Single-symbol summary,0.009,,,clickhouse-client --time,True,
ClickHouse Cloud,156,156,2026-08-09T08:45:59Z,80949316423,1,Single-symbol summary,0.014,,,clickhouse-client --time,True,
ClickHouse Cloud,157,157,2026-08-09T08:55:59Z,81360968914,1,Single-symbol summary,0.007,,,clickhouse-client --time,True,
ClickHouse Cloud,158,158,2026-08-09T09:05:59Z,81786894322,1,Single-symbol summary,0.014,,,clickhouse-client --time,True,
ClickHouse Cloud,159,159,2026-08-09T09:15:59Z,82193904360,1,Single-symbol summary,0.007,,,clickhouse-client --time,True,
ClickHouse Cloud,160,160,2026-08-09T09:25:59Z,82614022776,1,Single-symbol summary,0.015,,,clickhouse-client --time,True,
ClickHouse Cloud,161,161,2026-08-09T09:35:59Z,83038964951,1,Single-symbol summary,0.01,,,clickhouse-client --time,True,
ClickHouse Cloud,162,162,2026-08-09T09:45:59Z,83491097777,1,Single-symbol summary,0.015,,,clickhouse-client --time,True,
ClickHouse Cloud,163,163,2026-08-09T09:55:59Z,83949333223,1,Single-symbol summary,0.014,,,clickhouse-client --time,True,
ClickHouse Cloud,164,164,2026-08-09T10:05:59Z,84454230067,1,Single-symbol summary,0.007,,,clickhouse-client --time,True,
ClickHouse Cloud,165,165,2026-08-09T10:15:59Z,84942338016,1,Single-symbol summary,0.007,,,clickhouse-client --time,True,
ClickHouse Cloud,166,166,2026-08-09T10:25:59Z,85486320046,1,Single-symbol summary,0.007,,,clickhouse-client --time,True,
ClickHouse Cloud,167,167,2026-08-09T10:35:59Z,86027059928,1,Single-symbol summary,0.015,,,clickhouse-client --time,True,
ClickHouse Cloud,168,168,2026-08-09T10:45:59Z,86536377584,1,Single-symbol summary,0.009,,,clickhouse-client --time,True,
ClickHouse Cloud,169,169,2026-08-09T10:55:59Z,87060073492,1,Single-symbol summary,0.014,,,clickhouse-client --time,True,
ClickHouse Cloud,170,170,2026-08-09T11:05:59Z,87633622969,1,Single-symbol summary,0.014,,,clickhouse-client --time,True,
ClickHouse Cloud,171,171,2026-08-09T11:15:59Z,88183458683,1,Single-symbol summary,0.014,,,clickhouse-client --time,True,
ClickHouse Cloud,172,172,2026-08-09T11:25:59Z,88722660479,1,Single-symbol summary,0.008,,,clickhouse-client --time,True,
ClickHouse Cloud,173,173,2026-08-09T11:35:59Z,89252600968,1,Single-symbol summary,0.007,,,clickhouse-client --time,True,
ClickHouse Cloud,174,174,2026-08-09T11:45:59Z,89771307204,1,Single-symbol summary,0.007,,,clickhouse-client --time,True,
ClickHouse Cloud,175,175,2026-08-09T11:55:59Z,90310361990,1,Single-symbol summary,0.014,,,clickhouse-client --time,True,
ClickHouse Cloud,176,176,2026-08-09T12:05:59Z,90786625328,1,Single-symbol summary,0.007,,,clickhouse-client --time,True,
ClickHouse Cloud,177,177,2026-08-09T12:15:59Z,91318721092,1,Single-symbol summary,0.007,,,clickhouse-client --time,True,
ClickHouse Cloud,178,178,2026-08-09T12:25:59Z,91841644344,1,Single-symbol summary,0.007,,,clickhouse-client --time,True,
ClickHouse Cloud,179,179,2026-08-09T12:35:59Z,92330582028,1,Single-symbol summary,0.007,,,clickhouse-client --time,True,
ClickHouse Cloud,180,180,2026-08-09T12:45:59Z,92808126794,1,Single-symbol summary,0.013,,,clickhouse-client --time,True,
ClickHouse Cloud,181,181,2026-08-09T12:55:59Z,93292685867,1,Single-symbol summary,0.014,,,clickhouse-client --time,True,
ClickHouse Cloud,182,182,2026-08-09T13:05:59Z,93798216437,1,Single-symbol summary,0.013,,,clickhouse-client --time,True,
ClickHouse Cloud,183,183,2026-08-09T13:15:59Z,94324820860,1,Single-symbol summary,0.014,,,clickhouse-client --time,True,
ClickHouse Cloud,184,184,2026-08-09T13:25:59Z,94869720583,1,Single-symbol summary,0.015,,,clickhouse-client --time,True,
ClickHouse Cloud,185,185,2026-08-09T13:35:59Z,95368092163,1,Single-symbol summary,0.008,,,clickhouse-client --time,True,
ClickHouse Cloud,186,186,2026-08-09T13:45:59Z,95854521730,1,Single-symbol summary,0.008,,,clickhouse-client --time,True,
ClickHouse Cloud,187,187,2026-08-09T13:55:59Z,96363475717,1,Single-symbol summary,0.01,,,clickhouse-client --time,True,
ClickHouse Cloud,188,188,2026-08-09T14:05:59Z,96870245467,1,Single-symbol summary,0.007,,,clickhouse-client --time,True,
ClickHouse Cloud,189,189,2026-08-09T14:15:59Z,97440595296,1,Single-symbol summary,0.016,,,clickhouse-client --time,True,
ClickHouse Cloud,190,190,2026-08-09T14:25:59Z,97990299109,1,Single-symbol summary,0.015,,,clickhouse-client --time,True,
ClickHouse Cloud,191,191,2026-08-09T14:35:59Z,98531195718,1,Single-symbol summary,0.007,,,clickhouse-client --time,True,
ClickHouse Cloud,192,192,2026-08-09T14:45:59Z,99080355059,1,Single-symbol summary,0.008,,,clickhouse-client --time,True,
ClickHouse Cloud,193,193,2026-08-09T14:55:59Z,99566521565,1,Single-symbol summary,0.007,,,clickhouse-client --time,True,
Snowflake,2,2,2026-08-11T11:28:57Z,532996784,1,Single-symbol summary,0.226,0.184,0.042,runner result (end-to-end); compilation/execution retained,True,
Snowflake,3,3,2026-08-11T11:38:57Z,1108625165,1,Single-symbol summary,0.321,0.264,0.057,runner result (end-to-end); compilation/execution retained,True,
Snowflake,4,4,2026-08-11T11:48:57Z,1658912507,1,Single-symbol summary,0.265,0.176,0.089,runner result (end-to-end); compilation/execution retained,True,
Snowflake,5,5,2026-08-11T11:58:57Z,2217147353,1,Single-symbol summary,0.274,0.197,0.077,runner result (end-to-end); compilation/execution retained,True,
Snowflake,6,6,2026-08-11T12:08:57Z,2786291244,1,Single-symbol summary,0.247,0.144,0.103,runner result (end-to-end); compilation/execution retained,True,
Snowflake,7,7,2026-08-11T12:18:57Z,3343738155,1,Single-symbol summary,0.331,0.222,0.109,runner result (end-to-end); compilation/execution retained,True,
Snowflake,8,8,2026-08-11T12:28:57Z,3899391577,1,Single-symbol summary,0.302,0.217,0.085,runner result (end-to-end); compilation/execution retained,True,
Snowflake,9,9,2026-08-11T12:38:57Z,4448004794,1,Single-symbol summary,0.369,0.275,0.094,runner result (end-to-end); compilation/execution retained,True,
Snowflake,10,10,2026-08-11T12:48:57Z,5002254267,1,Single-symbol summary,0.369,0.263,0.106,runner result (end-to-end); compilation/execution retained,True,
Snowflake,11,11,2026-08-11T12:58:57Z,5553730140,1,Single-symbol summary,0.292,0.2,0.092,runner result (end-to-end); compilation/execution retained,True,
Snowflake,12,12,2026-08-11T13:08:57Z,6107183801,1,Single-symbol summary,0.234,0.121,0.113,runner result (end-to-end); compilation/execution retained,True,
Snowflake,13,13,2026-08-11T13:18:57Z,6662885451,1,Single-symbol summary,0.367,0.188,0.179,runner result (end-to-end); compilation/execution retained,True,
Snowflake,14,14,2026-08-11T13:28:57Z,7220407062,1,Single-symbol summary,0.478,0.361,0.117,runner result (end-to-end); compilation/execution retained,True,
Snowflake,15,15,2026-08-11T13:38:57Z,7772453021,1,Single-symbol summary,0.238,0.135,0.103,runner result (end-to-end); compilation/execution retained,True,
Snowflake,16,16,2026-08-11T13:48:57Z,8327660844,1,Single-symbol summary,0.309,0.196,0.113,runner result (end-to-end); compilation/execution retained,True,
Snowflake,17,17,2026-08-11T13:58:57Z,8869790384,1,Single-symbol summary,0.277,0.148,0.129,runner result (end-to-end); compilation/execution retained,True,
Snowflake,18,18,2026-08-11T14:08:57Z,9416167217,1,Single-symbol summary,0.399,0.282,0.117,runner result (end-to-end); compilation/execution retained,True,
Snowflake,19,19,2026-08-11T14:18:57Z,9966828956,1,Single-symbol summary,0.312,0.167,0.145,runner result (end-to-end); compilation/execution retained,True,
Snowflake,20,20,2026-08-11T14:28:57Z,10515573711,1,Single-symbol summary,0.276,0.12,0.156,runner result (end-to-end); compilation/execution retained,True,
Snowflake,21,21,2026-08-11T14:38:57Z,11061458462,1,Single-symbol summary,0.38,0.246,0.134,runner result (end-to-end); compilation/execution retained,True,
Snowflake,22,22,2026-08-11T14:48:57Z,11598082800,1,Single-symbol summary,0.292,0.185,0.107,runner result (end-to-end); compilation/execution retained,True,
Snowflake,23,23,2026-08-11T14:58:57Z,12155361632,1,Single-symbol summary,0.422,0.289,0.133,runner result (end-to-end); compilation/execution retained,True,
Snowflake,24,24,2026-08-11T15:08:57Z,12686918328,1,Single-symbol summary,0.452,0.317,0.135,runner result (end-to-end); compilation/execution retained,True,
Snowflake,25,25,2026-08-11T15:18:57Z,13239818975,1,Single-symbol summary,0.595,0.337,0.258,runner result (end-to-end); compilation/execution retained,True,
Snowflake,26,26,2026-08-11T15:28:57Z,13783825272,1,Single-symbol summary,0.331,0.192,0.139,runner result (end-to-end); compilation/execution retained,True,
Snowflake,27,27,2026-08-11T15:38:57Z,14320432691,1,Single-symbol summary,0.298,0.174,0.124,runner result (end-to-end); compilation/execution retained,True,
Snowflake,28,28,2026-08-11T15:48:57Z,14865686419,1,Single-symbol summary,0.444,0.288,0.156,runner result (end-to-end); compilation/execution retained,True,
Snowflake,29,29,2026-08-11T15:58:57Z,15406449067,1,Single-symbol summary,0.251,0.11,0.141,runner result (end-to-end); compilation/execution retained,True,
Snowflake,30,30,2026-08-11T16:08:57Z,15953152260,1,Single-symbol summary,0.375,0.228,0.147,runner result (end-to-end); compilation/execution retained,True,
Snowflake,31,31,2026-08-11T16:18:57Z,16496810019,1,Single-symbol summary,0.388,0.192,0.196,runner result (end-to-end); compilation/execution retained,True,
Snowflake,32,32,2026-08-11T16:28:57Z,17037168163,1,Single-symbol summary,0.441,0.293,0.148,runner result (end-to-end); compilation/execution retained,True,
Snowflake,33,33,2026-08-11T16:38:57Z,17587595862,1,Single-symbol summary,0.439,0.274,0.165,runner result (end-to-end); compilation/execution retained,True,
Snowflake,34,34,2026-08-11T16:48:57Z,18120902444,1,Single-symbol summary,0.43,0.272,0.158,runner result (end-to-end); compilation/execution retained,True,
Snowflake,35,35,2026-08-11T16:58:57Z,18664388826,1,Single-symbol summary,0.353,0.199,0.154,runner result (end-to-end); compilation/execution retained,True,
Snowflake,36,36,2026-08-11T17:08:57Z,19216193045,1,Single-symbol summary,0.474,0.341,0.133,runner result (end-to-end); compilation/execution retained,True,
Snowflake,37,37,2026-08-11T17:18:57Z,19745883933,1,Single-symbol summary,0.398,0.097,0.301,runner result (end-to-end); compilation/execution retained,True,
Snowflake,38,38,2026-08-11T17:28:57Z,20305329136,1,Single-symbol summary,0.397,0.233,0.164,runner result (end-to-end); compilation/execution retained,True,
Snowflake,39,39,2026-08-11T17:38:57Z,20844684066,1,Single-symbol summary,0.44,0.288,0.152,runner result (end-to-end); compilation/execution retained,True,
Snowflake,40,40,2026-08-11T17:48:57Z,21391428069,1,Single-symbol summary,0.391,0.25,0.141,runner result (end-to-end); compilation/execution retained,True,
Snowflake,41,41,2026-08-11T17:58:57Z,21938345201,1,Single-symbol summary,0.36,0.204,0.156,runner result (end-to-end); compilation/execution retained,True,
Snowflake,42,42,2026-08-11T18:08:57Z,22480394175,1,Single-symbol summary,0.437,0.275,0.162,runner result (end-to-end); compilation/execution retained,True,
Snowflake,43,43,2026-08-11T18:18:57Z,23027036303,1,Single-symbol summary,0.228,0.062,0.166,runner result (end-to-end); compilation/execution retained,True,
Snowflake,44,44,2026-08-11T18:28:57Z,23563684837,1,Single-symbol summary,0.467,0.319,0.148,runner result (end-to-end); compilation/execution retained,True,
Snowflake,45,45,2026-08-11T18:38:57Z,24108292723,1,Single-symbol summary,0.369,0.205,0.164,runner result (end-to-end); compilation/execution retained,True,
Snowflake,46,46,2026-08-11T18:48:57Z,24651647019,1,Single-symbol summary,0.432,0.269,0.163,runner result (end-to-end); compilation/execution retained,True,
Snowflake,47,47,2026-08-11T18:58:57Z,25200289313,1,Single-symbol summary,0.366,0.212,0.154,runner result (end-to-end); compilation/execution retained,True,
Snowflake,48,48,2026-08-11T19:08:57Z,25747852434,1,Single-symbol summary,0.475,0.265,0.21,runner result (end-to-end); compilation/execution retained,True,
Snowflake,49,49,2026-08-11T19:18:57Z,26283076869,1,Single-symbol summary,0.685,0.387,0.298,runner result (end-to-end); compilation/execution retained,True,
Snowflake,50,50,2026-08-11T19:28:57Z,26820178083,1,Single-symbol summary,0.508,0.321,0.187,runner result (end-to-end); compilation/execution retained,True,
Snowflake,51,51,2026-08-11T19:38:57Z,27375417517,1,Single-symbol summary,0.438,0.265,0.173,runner result (end-to-end); compilation/execution retained,True,
Snowflake,52,52,2026-08-11T19:48:57Z,27918995748,1,Single-symbol summary,0.406,0.248,0.158,runner result (end-to-end); compilation/execution retained,True,
Snowflake,53,53,2026-08-11T19:58:57Z,28455528243,1,Single-symbol summary,0.477,0.301,0.176,runner result (end-to-end); compilation/execution retained,True,
Snowflake,54,54,2026-08-11T20:08:57Z,28993570106,1,Single-symbol summary,0.276,0.095,0.181,runner result (end-to-end); compilation/execution retained,True,
Snowflake,55,55,2026-08-11T20:18:57Z,29545700964,1,Single-symbol summary,0.405,0.234,0.171,runner result (end-to-end); compilation/execution retained,True,
Snowflake,56,56,2026-08-11T20:28:57Z,30083988028,1,Single-symbol summary,0.442,0.264,0.178,runner result (end-to-end); compilation/execution retained,True,
Snowflake,57,57,2026-08-11T20:38:57Z,30630575890,1,Single-symbol summary,0.412,0.228,0.184,runner result (end-to-end); compilation/execution retained,True,
Snowflake,58,58,2026-08-11T20:48:57Z,31165284381,1,Single-symbol summary,0.38,0.181,0.199,runner result (end-to-end); compilation/execution retained,True,
Snowflake,59,59,2026-08-11T20:58:57Z,31720586913,1,Single-symbol summary,0.553,0.349,0.204,runner result (end-to-end); compilation/execution retained,True,
Snowflake,60,60,2026-08-11T21:08:57Z,32256432850,1,Single-symbol summary,0.373,0.148,0.225,runner result (end-to-end); compilation/execution retained,True,
Snowflake,61,61,2026-08-11T21:18:57Z,32804567571,1,Single-symbol summary,0.513,0.271,0.242,runner result (end-to-end); compilation/execution retained,True,
Snowflake,62,62,2026-08-11T21:28:57Z,33359668543,1,Single-symbol summary,0.76,0.561,0.199,runner result (end-to-end); compilation/execution retained,True,
Snowflake,63,63,2026-08-11T21:38:57Z,33893505898,1,Single-symbol summary,0.586,0.36,0.226,runner result (end-to-end); compilation/execution retained,True,
Snowflake,64,64,2026-08-11T21:48:57Z,34442826434,1,Single-symbol summary,0.496,0.269,0.227,runner result (end-to-end); compilation/execution retained,True,
Snowflake,65,65,2026-08-11T21:58:57Z,34990195086,1,Single-symbol summary,0.289,0.087,0.202,runner result (end-to-end); compilation/execution retained,True,
Snowflake,66,66,2026-08-11T22:08:57Z,35543561911,1,Single-symbol summary,0.468,0.251,0.217,runner result (end-to-end); compilation/execution retained,True,
Snowflake,67,67,2026-08-11T22:18:57Z,36086551556,1,Single-symbol summary,0.605,0.282,0.323,runner result (end-to-end); compilation/execution retained,True,
Snowflake,68,68,2026-08-11T22:28:57Z,36629144961,1,Single-symbol summary,0.501,0.277,0.224,runner result (end-to-end); compilation/execution retained,True,
Snowflake,69,69,2026-08-11T22:38:57Z,37176739226,1,Single-symbol summary,0.446,0.255,0.191,runner result (end-to-end); compilation/execution retained,True,
Snowflake,70,70,2026-08-11T22:48:57Z,37714068818,1,Single-symbol summary,0.467,0.275,0.192,runner result (end-to-end); compilation/execution retained,True,
Snowflake,71,71,2026-08-11T22:58:57Z,38258658415,1,Single-symbol summary,0.449,0.224,0.225,runner result (end-to-end); compilation/execution retained,True,
Snowflake,72,72,2026-08-11T23:08:57Z,38815458699,1,Single-symbol summary,0.428,0.241,0.187,runner result (end-to-end); compilation/execution retained,True,
Snowflake,73,73,2026-08-11T23:18:57Z,39353814542,1,Single-symbol summary,0.561,0.281,0.28,runner result (end-to-end); compilation/execution retained,True,
Snowflake,74,74,2026-08-11T23:28:57Z,39910561199,1,Single-symbol summary,0.509,0.289,0.22,runner result (end-to-end); compilation/execution retained,True,
Snowflake,75,75,2026-08-11T23:38:57Z,40450795463,1,Single-symbol summary,0.487,0.274,0.213,runner result (end-to-end); compilation/execution retained,True,
Snowflake,76,76,2026-08-11T23:48:57Z,41001235716,1,Single-symbol summary,0.504,0.257,0.247,runner result (end-to-end); compilation/execution retained,True,
Snowflake,77,77,2026-08-11T23:58:57Z,41541364286,1,Single-symbol summary,0.475,0.266,0.209,runner result (end-to-end); compilation/execution retained,True,
Snowflake,78,78,2026-08-12T00:08:57Z,42087321356,1,Single-symbol summary,0.558,0.294,0.264,runner result (end-to-end); compilation/execution retained,True,
Snowflake,79,79,2026-08-12T00:18:57Z,42638946619,1,Single-symbol summary,0.338,0.047,0.291,runner result (end-to-end); compilation/execution retained,True,
Snowflake,80,80,2026-08-12T00:28:57Z,43189555601,1,Single-symbol summary,0.462,0.239,0.223,runner result (end-to-end); compilation/execution retained,True,
Snowflake,81,81,2026-08-12T00:38:57Z,43737335549,1,Single-symbol summary,0.308,0.11,0.198,runner result (end-to-end); compilation/execution retained,True,
Snowflake,82,82,2026-08-12T00:48:57Z,44285385932,1,Single-symbol summary,0.507,0.266,0.241,runner result (end-to-end); compilation/execution retained,True,
Snowflake,83,83,2026-08-12T00:58:57Z,44819116712,1,Single-symbol summary,0.3,0.064,0.236,runner result (end-to-end); compilation/execution retained,True,
Snowflake,84,84,2026-08-12T01:08:57Z,45370941730,1,Single-symbol summary,0.298,0.072,0.226,runner result (end-to-end); compilation/execution retained,True,
Snowflake,85,85,2026-08-12T01:18:57Z,45915210443,1,Single-symbol summary,0.704,0.466,0.238,runner result (end-to-end); compilation/execution retained,True,
Snowflake,86,86,2026-08-12T01:28:57Z,46469268846,1,Single-symbol summary,0.668,0.391,0.277,runner result (end-to-end); compilation/execution retained,True,
Snowflake,87,87,2026-08-12T01:38:57Z,47014619196,1,Single-symbol summary,0.611,0.332,0.279,runner result (end-to-end); compilation/execution retained,True,
Snowflake,88,88,2026-08-12T01:48:57Z,47557887173,1,Single-symbol summary,0.536,0.286,0.25,runner result (end-to-end); compilation/execution retained,True,
Snowflake,89,89,2026-08-12T01:58:57Z,48108937450,1,Single-symbol summary,0.655,0.405,0.25,runner result (end-to-end); compilation/execution retained,True,
Snowflake,90,90,2026-08-12T02:08:57Z,48654354733,1,Single-symbol summary,0.495,0.217,0.278,runner result (end-to-end); compilation/execution retained,True,
Snowflake,91,91,2026-08-12T02:18:57Z,49198792764,1,Single-symbol summary,0.626,0.381,0.245,runner result (end-to-end); compilation/execution retained,True,
Snowflake,92,92,2026-08-12T02:28:57Z,49752959746,1,Single-symbol summary,0.572,0.307,0.265,runner result (end-to-end); compilation/execution retained,True,
Snowflake,93,93,2026-08-12T02:38:57Z,50295558507,1,Single-symbol summary,0.592,0.311,0.281,runner result (end-to-end); compilation/execution retained,True,
Snowflake,94,94,2026-08-12T02:48:57Z,50839423797,1,Single-symbol summary,0.576,0.312,0.264,runner result (end-to-end); compilation/execution retained,True,
Snowflake,95,95,2026-08-12T02:58:57Z,51388846496,1,Single-symbol summary,0.51,0.237,0.273,runner result (end-to-end); compilation/execution retained,True,
Snowflake,96,96,2026-08-12T03:08:57Z,51921113849,1,Single-symbol summary,0.619,0.337,0.282,runner result (end-to-end); compilation/execution retained,True,
Snowflake,97,97,2026-08-12T03:18:57Z,52476957308,1,Single-symbol summary,0.629,0.24,0.389,runner result (end-to-end); compilation/execution retained,True,
Snowflake,98,98,2026-08-12T03:28:57Z,53013859627,1,Single-symbol summary,0.714,0.414,0.3,runner result (end-to-end); compilation/execution retained,True,
Snowflake,99,99,2026-08-12T03:38:57Z,53553602030,1,Single-symbol summary,0.567,0.296,0.271,runner result (end-to-end); compilation/execution retained,True,
Snowflake,100,100,2026-08-12T03:48:57Z,54096739316,1,Single-symbol summary,0.522,0.255,0.267,runner result (end-to-end); compilation/execution retained,True,
Snowflake,101,101,2026-08-12T03:58:57Z,54638958461,1,Single-symbol summary,0.65,0.362,0.288,runner result (end-to-end); compilation/execution retained,True,
Snowflake,102,102,2026-08-12T04:08:57Z,55184688243,1,Single-symbol summary,0.541,0.273,0.268,runner result (end-to-end); compilation/execution retained,True,
Snowflake,103,103,2026-08-12T04:18:57Z,55728939933,1,Single-symbol summary,0.664,0.288,0.376,runner result (end-to-end); compilation/execution retained,True,
Snowflake,104,104,2026-08-12T04:28:57Z,56273535672,1,Single-symbol summary,0.652,0.378,0.274,runner result (end-to-end); compilation/execution retained,True,
Snowflake,105,105,2026-08-12T04:38:57Z,56810381460,1,Single-symbol summary,0.575,0.301,0.274,runner result (end-to-end); compilation/execution retained,True,
Snowflake,106,106,2026-08-12T04:48:57Z,57362361385,1,Single-symbol summary,0.639,0.368,0.271,runner result (end-to-end); compilation/execution retained,True,
Snowflake,107,107,2026-08-12T04:58:57Z,57913493016,1,Single-symbol summary,0.504,0.243,0.261,runner result (end-to-end); compilation/execution retained,True,
Snowflake,108,108,2026-08-12T05:08:57Z,58446958006,1,Single-symbol summary,0.69,0.397,0.293,runner result (end-to-end); compilation/execution retained,True,
Snowflake,109,109,2026-08-12T05:18:57Z,58996538773,1,Single-symbol summary,0.451,0.125,0.326,runner result (end-to-end); compilation/execution retained,True,
Snowflake,110,110,2026-08-12T05:28:57Z,59543392881,1,Single-symbol summary,0.563,0.272,0.291,runner result (end-to-end); compilation/execution retained,True,
Snowflake,111,111,2026-08-12T05:38:57Z,60095495207,1,Single-symbol summary,0.544,0.271,0.273,runner result (end-to-end); compilation/execution retained,True,
Snowflake,112,112,2026-08-12T05:48:57Z,60639957737,1,Single-symbol summary,0.7,0.388,0.312,runner result (end-to-end); compilation/execution retained,True,
Snowflake,113,113,2026-08-12T05:58:57Z,61187361357,1,Single-symbol summary,0.656,0.335,0.321,runner result (end-to-end); compilation/execution retained,True,
Snowflake,114,114,2026-08-12T06:08:57Z,61731139656,1,Single-symbol summary,0.567,0.291,0.276,runner result (end-to-end); compilation/execution retained,True,
Snowflake,115,115,2026-08-12T06:18:57Z,62279567684,1,Single-symbol summary,0.623,0.321,0.302,runner result (end-to-end); compilation/execution retained,True,
Snowflake,116,116,2026-08-12T06:28:57Z,62825580983,1,Single-symbol summary,0.579,0.204,0.375,runner result (end-to-end); compilation/execution retained,True,
Snowflake,117,117,2026-08-12T06:38:57Z,63370928291,1,Single-symbol summary,0.55,0.117,0.433,runner result (end-to-end); compilation/execution retained,True,
Snowflake,118,118,2026-08-12T06:48:57Z,63914819184,1,Single-symbol summary,0.535,0.211,0.324,runner result (end-to-end); compilation/execution retained,True,
Snowflake,119,119,2026-08-12T06:58:57Z,64455955665,1,Single-symbol summary,0.417,0.114,0.303,runner result (end-to-end); compilation/execution retained,True,
Snowflake,120,120,2026-08-12T07:08:57Z,65003623242,1,Single-symbol summary,0.78,0.443,0.337,runner result (end-to-end); compilation/execution retained,True,
Snowflake,121,121,2026-08-12T07:18:57Z,65557201130,1,Single-symbol summary,0.458,0.161,0.297,runner result (end-to-end); compilation/execution retained,True,
Snowflake,122,122,2026-08-12T07:28:57Z,66099065156,1,Single-symbol summary,0.635,0.299,0.336,runner result (end-to-end); compilation/execution retained,True,
Snowflake,123,123,2026-08-12T07:38:57Z,66642452422,1,Single-symbol summary,0.749,0.416,0.333,runner result (end-to-end); compilation/execution retained,True,
Snowflake,124,124,2026-08-12T07:48:57Z,67182421438,1,Single-symbol summary,0.804,0.471,0.333,runner result (end-to-end); compilation/execution retained,True,
Snowflake,125,125,2026-08-12T07:58:57Z,67727916114,1,Single-symbol summary,0.703,0.353,0.35,runner result (end-to-end); compilation/execution retained,True,
Snowflake,126,126,2026-08-12T08:08:57Z,68267471024,1,Single-symbol summary,0.59,0.283,0.307,runner result (end-to-end); compilation/execution retained,True,
Snowflake,127,127,2026-08-12T08:18:57Z,68802200323,1,Single-symbol summary,0.665,0.063,0.602,runner result (end-to-end); compilation/execution retained,True,
Snowflake,128,128,2026-08-12T08:28:57Z,69346329844,1,Single-symbol summary,0.665,0.344,0.321,runner result (end-to-end); compilation/execution retained,True,
Snowflake,129,129,2026-08-12T08:38:57Z,69897183390,1,Single-symbol summary,0.578,0.241,0.337,runner result (end-to-end); compilation/execution retained,True,
Snowflake,130,130,2026-08-12T08:48:57Z,70428726736,1,Single-symbol summary,0.72,0.385,0.335,runner result (end-to-end); compilation/execution retained,True,
Snowflake,131,131,2026-08-12T08:58:57Z,70979357463,1,Single-symbol summary,0.579,0.251,0.328,runner result (end-to-end); compilation/execution retained,True,
Snowflake,132,132,2026-08-12T09:08:57Z,71519985704,1,Single-symbol summary,0.746,0.415,0.331,runner result (end-to-end); compilation/execution retained,True,
Snowflake,133,133,2026-08-12T09:18:57Z,72058735690,1,Single-symbol summary,0.981,0.376,0.605,runner result (end-to-end); compilation/execution retained,True,
Snowflake,134,134,2026-08-12T09:28:57Z,72596851158,1,Single-symbol summary,0.787,0.438,0.349,runner result (end-to-end); compilation/execution retained,True,
Snowflake,135,135,2026-08-12T09:38:57Z,73126410994,1,Single-symbol summary,0.725,0.405,0.32,runner result (end-to-end); compilation/execution retained,True,
Snowflake,136,136,2026-08-12T09:48:57Z,73663989869,1,Single-symbol summary,0.756,0.429,0.327,runner result (end-to-end); compilation/execution retained,True,
Snowflake,137,137,2026-08-12T09:58:57Z,74210734717,1,Single-symbol summary,0.759,0.396,0.363,runner result (end-to-end); compilation/execution retained,True,
Snowflake,138,138,2026-08-12T10:08:57Z,74754170511,1,Single-symbol summary,0.763,0.392,0.371,runner result (end-to-end); compilation/execution retained,True,
Snowflake,139,139,2026-08-12T10:18:57Z,75292467460,1,Single-symbol summary,0.97,0.415,0.555,runner result (end-to-end); compilation/execution retained,True,
Snowflake,140,140,2026-08-12T10:28:57Z,75839048271,1,Single-symbol summary,0.713,0.351,0.362,runner result (end-to-end); compilation/execution retained,True,
Snowflake,141,141,2026-08-12T10:38:57Z,76379287699,1,Single-symbol summary,0.648,0.314,0.334,runner result (end-to-end); compilation/execution retained,True,
Snowflake,142,142,2026-08-12T10:48:57Z,76921212731,1,Single-symbol summary,0.907,0.543,0.364,runner result (end-to-end); compilation/execution retained,True,
Snowflake,143,143,2026-08-12T10:58:57Z,77474274891,1,Single-symbol summary,0.646,0.292,0.354,runner result (end-to-end); compilation/execution retained,True,
Snowflake,144,144,2026-08-12T11:08:57Z,78020239558,1,Single-symbol summary,0.809,0.393,0.416,runner result (end-to-end); compilation/execution retained,True,
Snowflake,145,145,2026-08-12T11:18:57Z,78556038400,1,Single-symbol summary,0.696,0.34,0.356,runner result (end-to-end); compilation/execution retained,True,
Snowflake,146,146,2026-08-12T11:28:57Z,79095605628,1,Single-symbol summary,0.56,0.172,0.388,runner result (end-to-end); compilation/execution retained,True,
Snowflake,147,147,2026-08-12T11:38:57Z,79642025309,1,Single-symbol summary,0.703,0.359,0.344,runner result (end-to-end); compilation/execution retained,True,
Snowflake,148,148,2026-08-12T11:48:57Z,80174044570,1,Single-symbol summary,0.575,0.244,0.331,runner result (end-to-end); compilation/execution retained,True,
Snowflake,149,149,2026-08-12T11:58:57Z,80719696641,1,Single-symbol summary,0.777,0.435,0.342,runner result (end-to-end); compilation/execution retained,True,
Snowflake,150,150,2026-08-12T12:08:57Z,81262895664,1,Single-symbol summary,0.953,0.566,0.387,runner result (end-to-end); compilation/execution retained,True,
Snowflake,151,151,2026-08-12T12:18:57Z,81806775602,1,Single-symbol summary,0.803,0.451,0.352,runner result (end-to-end); compilation/execution retained,True,
Snowflake,152,152,2026-08-12T12:28:57Z,82353792598,1,Single-symbol summary,0.771,0.422,0.349,runner result (end-to-end); compilation/execution retained,True,
Snowflake,153,153,2026-08-12T12:38:57Z,82888706006,1,Single-symbol summary,0.754,0.4,0.354,runner result (end-to-end); compilation/execution retained,True,
Snowflake,154,154,2026-08-12T12:48:57Z,83443900439,1,Single-symbol summary,0.757,0.347,0.41,runner result (end-to-end); compilation/execution retained,True,
Snowflake,155,155,2026-08-12T12:58:57Z,83986715739,1,Single-symbol summary,0.761,0.401,0.36,runner result (end-to-end); compilation/execution retained,True,
Snowflake,156,156,2026-08-12T13:08:57Z,84528180207,1,Single-symbol summary,0.702,0.336,0.366,runner result (end-to-end); compilation/execution retained,True,
Snowflake,157,157,2026-08-12T13:18:57Z,85066604156,1,Single-symbol summary,1.142,0.43,0.712,runner result (end-to-end); compilation/execution retained,False,above per-query Tukey upper fence
Snowflake,158,158,2026-08-12T13:28:57Z,85620033283,1,Single-symbol summary,0.728,0.286,0.442,runner result (end-to-end); compilation/execution retained,True,
Snowflake,159,159,2026-08-12T13:38:57Z,86152994817,1,Single-symbol summary,0.659,0.236,0.423,runner result (end-to-end); compilation/execution retained,True,
Snowflake,160,160,2026-08-12T13:48:57Z,86704737177,1,Single-symbol summary,0.476,0.104,0.372,runner result (end-to-end); compilation/execution retained,True,
Snowflake,161,161,2026-08-12T13:58:57Z,87242847941,1,Single-symbol summary,0.791,0.412,0.379,runner result (end-to-end); compilation/execution retained,True,
Snowflake,162,162,2026-08-12T14:08:57Z,87786454820,1,Single-symbol summary,0.731,0.386,0.345,runner result (end-to-end); compilation/execution retained,True,
Snowflake,163,163,2026-08-12T14:18:57Z,88330971978,1,Single-symbol summary,0.71,0.145,0.565,runner result (end-to-end); compilation/execution retained,True,
Snowflake,164,164,2026-08-12T14:28:57Z,88873955947,1,Single-symbol summary,0.742,0.367,0.375,runner result (end-to-end); compilation/execution retained,True,
Snowflake,165,165,2026-08-12T14:38:57Z,89419840113,1,Single-symbol summary,0.764,0.406,0.358,runner result (end-to-end); compilation/execution retained,True,
Snowflake,166,166,2026-08-12T14:48:57Z,89959994694,1,Single-symbol summary,0.467,0.094,0.373,runner result (end-to-end); compilation/execution retained,True,
Snowflake,167,167,2026-08-12T14:58:57Z,90505068849,1,Single-symbol summary,0.487,0.115,0.372,runner result (end-to-end); compilation/execution retained,True,
Snowflake,168,168,2026-08-12T15:08:57Z,91061606220,1,Single-symbol summary,0.868,0.465,0.403,runner result (end-to-end); compilation/execution retained,True,
Snowflake,169,169,2026-08-12T15:18:57Z,91608517197,1,Single-symbol summary,0.901,0.492,0.409,runner result (end-to-end); compilation/execution retained,True,
Snowflake,170,170,2026-08-12T15:28:57Z,92153494394,1,Single-symbol summary,0.751,0.363,0.388,runner result (end-to-end); compilation/execution retained,True,
Snowflake,171,171,2026-08-12T15:38:57Z,92698030525,1,Single-symbol summary,0.838,0.422,0.416,runner result (end-to-end); compilation/execution retained,True,
Snowflake,172,172,2026-08-12T15:48:57Z,93242607069,1,Single-symbol summary,0.842,0.432,0.41,runner result (end-to-end); compilation/execution retained,True,
Snowflake,173,173,2026-08-12T15:58:57Z,93787407199,1,Single-symbol summary,0.717,0.338,0.379,runner result (end-to-end); compilation/execution retained,True,
Snowflake,174,174,2026-08-12T16:08:57Z,94330065240,1,Single-symbol summary,0.525,0.139,0.386,runner result (end-to-end); compilation/execution retained,True,
Snowflake,175,175,2026-08-12T16:18:57Z,94877773840,1,Single-symbol summary,1.122,0.555,0.567,runner result (end-to-end); compilation/execution retained,True,
Snowflake,176,176,2026-08-12T16:28:57Z,95419508344,1,Single-symbol summary,0.698,0.196,0.502,runner result (end-to-end); compilation/execution retained,True,
Snowflake,177,177,2026-08-12T16:38:57Z,95972724266,1,Single-symbol summary,0.666,0.256,0.41,runner result (end-to-end); compilation/execution retained,True,
Snowflake,178,178,2026-08-12T16:48:57Z,96513946374,1,Single-symbol summary,0.592,0.195,0.397,runner result (end-to-end); compilation/execution retained,True,
Snowflake,179,179,2026-08-12T16:58:57Z,97064716964,1,Single-symbol summary,0.86,0.445,0.415,runner result (end-to-end); compilation/execution retained,True,
Snowflake,180,180,2026-08-12T17:08:57Z,97615350266,1,Single-symbol summary,0.942,0.483,0.459,runner result (end-to-end); compilation/execution retained,True,
Snowflake,181,181,2026-08-12T17:18:57Z,98161784620,1,Single-symbol summary,1.475,0.589,0.886,runner result (end-to-end); compilation/execution retained,False,above per-query Tukey upper fence
Snowflake,182,182,2026-08-12T17:28:57Z,98700378757,1,Single-symbol summary,0.847,0.409,0.438,runner result (end-to-end); compilation/execution retained,True,
Snowflake,183,183,2026-08-12T17:38:57Z,99259158207,1,Single-symbol summary,0.765,0.365,0.4,runner result (end-to-end); compilation/execution retained,True,
Snowflake,184,184,2026-08-12T17:48:57Z,99801890611,1,Single-symbol summary,0.864,0.459,0.405,runner result (end-to-end); compilation/execution retained,True,
ClickHouse Cloud,2,2,2026-08-08T07:05:59Z,724786266,2,Watchlist summary,0.005,,,clickhouse-client --time,True,
ClickHouse Cloud,3,3,2026-08-08T07:15:59Z,1370669828,2,Watchlist summary,0.007,,,clickhouse-client --time,True,
ClickHouse Cloud,4,4,2026-08-08T07:25:59Z,1975682003,2,Watchlist summary,0.033,,,clickhouse-client --time,True,
ClickHouse Cloud,5,5,2026-08-08T07:35:59Z,2574084882,2,Watchlist summary,0.01,,,clickhouse-client --time,True,
ClickHouse Cloud,6,6,2026-08-08T07:45:59Z,3146910669,2,Watchlist summary,0.01,,,clickhouse-client --time,True,
ClickHouse Cloud,7,7,2026-08-08T07:55:59Z,3738865972,2,Watchlist summary,0.009,,,clickhouse-client --time,True,
ClickHouse Cloud,8,8,2026-08-08T08:05:59Z,4293755746,2,Watchlist summary,0.01,,,clickhouse-client --time,True,
ClickHouse Cloud,9,9,2026-08-08T08:15:59Z,4891042750,2,Watchlist summary,0.008,,,clickhouse-client --time,True,
ClickHouse Cloud,10,10,2026-08-08T08:25:59Z,5469535309,2,Watchlist summary,0.017,,,clickhouse-client --time,True,
ClickHouse Cloud,11,11,2026-08-08T08:35:59Z,6010532017,2,Watchlist summary,0.009,,,clickhouse-client --time,True,
ClickHouse Cloud,12,12,2026-08-08T08:45:59Z,6539371357,2,Watchlist summary,0.01,,,clickhouse-client --time,True,
ClickHouse Cloud,13,13,2026-08-08T08:55:59Z,7146131616,2,Watchlist summary,0.009,,,clickhouse-client --time,True,
ClickHouse Cloud,14,14,2026-08-08T09:05:59Z,7727462172,2,Watchlist summary,0.009,,,clickhouse-client --time,True,
ClickHouse Cloud,15,15,2026-08-08T09:15:59Z,8305203448,2,Watchlist summary,0.013,,,clickhouse-client --time,True,
ClickHouse Cloud,16,16,2026-08-08T09:25:59Z,8807164173,2,Watchlist summary,0.017,,,clickhouse-client --time,True,
ClickHouse Cloud,17,17,2026-08-08T09:35:59Z,9395201523,2,Watchlist summary,0.011,,,clickhouse-client --time,True,
ClickHouse Cloud,18,18,2026-08-08T09:45:59Z,9911918805,2,Watchlist summary,0.01,,,clickhouse-client --time,True,
ClickHouse Cloud,19,19,2026-08-08T09:55:59Z,10448957290,2,Watchlist summary,0.011,,,clickhouse-client --time,True,
ClickHouse Cloud,20,20,2026-08-08T10:05:59Z,10999409964,2,Watchlist summary,0.011,,,clickhouse-client --time,True,
ClickHouse Cloud,21,21,2026-08-08T10:15:59Z,11495758638,2,Watchlist summary,0.015,,,clickhouse-client --time,True,
ClickHouse Cloud,22,22,2026-08-08T10:25:59Z,12058435469,2,Watchlist summary,0.01,,,clickhouse-client --time,True,
ClickHouse Cloud,23,23,2026-08-08T10:35:59Z,12574526062,2,Watchlist summary,0.01,,,clickhouse-client --time,True,
ClickHouse Cloud,24,24,2026-08-08T10:45:59Z,13130688854,2,Watchlist summary,0.015,,,clickhouse-client --time,True,
ClickHouse Cloud,25,25,2026-08-08T10:55:59Z,13690901348,2,Watchlist summary,0.016,,,clickhouse-client --time,True,
ClickHouse Cloud,26,26,2026-08-08T11:05:59Z,14280804947,2,Watchlist summary,0.016,,,clickhouse-client --time,True,
ClickHouse Cloud,27,27,2026-08-08T11:15:59Z,14876856126,2,Watchlist summary,0.011,,,clickhouse-client --time,True,
ClickHouse Cloud,28,28,2026-08-08T11:25:59Z,15470256866,2,Watchlist summary,0.08,,,clickhouse-client --time,True,
ClickHouse Cloud,29,29,2026-08-08T11:35:59Z,16058779354,2,Watchlist summary,0.011,,,clickhouse-client --time,True,
ClickHouse Cloud,30,30,2026-08-08T11:45:59Z,16604006353,2,Watchlist summary,0.01,,,clickhouse-client --time,True,
ClickHouse Cloud,31,31,2026-08-08T11:55:59Z,17204550973,2,Watchlist summary,0.013,,,clickhouse-client --time,True,
ClickHouse Cloud,32,32,2026-08-08T12:05:59Z,17758468213,2,Watchlist summary,0.011,,,clickhouse-client --time,True,
ClickHouse Cloud,33,33,2026-08-08T12:15:59Z,18360002425,2,Watchlist summary,0.01,,,clickhouse-client --time,True,
ClickHouse Cloud,34,34,2026-08-08T12:25:59Z,18930505218,2,Watchlist summary,0.011,,,clickhouse-client --time,True,
ClickHouse Cloud,35,35,2026-08-08T12:35:59Z,19498533079,2,Watchlist summary,0.016,,,clickhouse-client --time,True,
ClickHouse Cloud,36,36,2026-08-08T12:45:59Z,20030972521,2,Watchlist summary,0.104,,,clickhouse-client --time,True,
ClickHouse Cloud,37,37,2026-08-08T12:55:59Z,20598954386,2,Watchlist summary,0.015,,,clickhouse-client --time,True,
ClickHouse Cloud,38,38,2026-08-08T13:05:59Z,21177624388,2,Watchlist summary,0.011,,,clickhouse-client --time,True,
ClickHouse Cloud,39,39,2026-08-08T13:15:59Z,21690449123,2,Watchlist summary,0.011,,,clickhouse-client --time,True,
ClickHouse Cloud,40,40,2026-08-08T13:25:59Z,22225814642,2,Watchlist summary,0.015,,,clickhouse-client --time,True,
ClickHouse Cloud,41,41,2026-08-08T13:35:59Z,22769842666,2,Watchlist summary,0.011,,,clickhouse-client --time,True,
ClickHouse Cloud,42,42,2026-08-08T13:45:59Z,23288685490,2,Watchlist summary,0.011,,,clickhouse-client --time,True,
ClickHouse Cloud,43,43,2026-08-08T13:55:59Z,23844225514,2,Watchlist summary,0.011,,,clickhouse-client --time,True,
ClickHouse Cloud,44,44,2026-08-08T14:05:59Z,24360433073,2,Watchlist summary,0.011,,,clickhouse-client --time,True,
ClickHouse Cloud,45,45,2026-08-08T14:15:59Z,24937313823,2,Watchlist summary,0.015,,,clickhouse-client --time,True,
ClickHouse Cloud,46,46,2026-08-08T14:25:59Z,25492435118,2,Watchlist summary,0.011,,,clickhouse-client --time,True,
ClickHouse Cloud,47,47,2026-08-08T14:35:59Z,26047358918,2,Watchlist summary,0.011,,,clickhouse-client --time,True,
ClickHouse Cloud,48,48,2026-08-08T14:45:59Z,26583320264,2,Watchlist summary,0.014,,,clickhouse-client --time,True,
ClickHouse Cloud,49,49,2026-08-08T14:55:59Z,27117466999,2,Watchlist summary,0.019,,,clickhouse-client --time,True,
ClickHouse Cloud,50,50,2026-08-08T15:05:59Z,27681375912,2,Watchlist summary,0.012,,,clickhouse-client --time,True,
ClickHouse Cloud,51,51,2026-08-08T15:15:59Z,28239125449,2,Watchlist summary,0.011,,,clickhouse-client --time,True,
ClickHouse Cloud,52,52,2026-08-08T15:25:59Z,28773516979,2,Watchlist summary,0.09,,,clickhouse-client --time,True,
ClickHouse Cloud,53,53,2026-08-08T15:35:59Z,29346127706,2,Watchlist summary,0.012,,,clickhouse-client --time,True,
ClickHouse Cloud,54,54,2026-08-08T15:45:59Z,29890137150,2,Watchlist summary,0.012,,,clickhouse-client --time,True,
ClickHouse Cloud,55,55,2026-08-08T15:55:59Z,30465667350,2,Watchlist summary,0.013,,,clickhouse-client --time,True,
ClickHouse Cloud,56,56,2026-08-08T16:05:59Z,31018228497,2,Watchlist summary,0.011,,,clickhouse-client --time,True,
ClickHouse Cloud,57,57,2026-08-08T16:15:59Z,31588088259,2,Watchlist summary,0.011,,,clickhouse-client --time,True,
ClickHouse Cloud,58,58,2026-08-08T16:25:59Z,32144496083,2,Watchlist summary,0.012,,,clickhouse-client --time,True,
ClickHouse Cloud,59,59,2026-08-08T16:35:59Z,32651953244,2,Watchlist summary,0.014,,,clickhouse-client --time,True,
ClickHouse Cloud,60,60,2026-08-08T16:45:59Z,33183996050,2,Watchlist summary,0.016,,,clickhouse-client --time,True,
ClickHouse Cloud,61,61,2026-08-08T16:55:59Z,33748476003,2,Watchlist summary,0.012,,,clickhouse-client --time,True,
ClickHouse Cloud,62,62,2026-08-08T17:05:59Z,34249264401,2,Watchlist summary,0.012,,,clickhouse-client --time,True,
ClickHouse Cloud,63,63,2026-08-08T17:15:59Z,34764613132,2,Watchlist summary,0.012,,,clickhouse-client --time,True,
ClickHouse Cloud,64,64,2026-08-08T17:25:59Z,35300178406,2,Watchlist summary,0.012,,,clickhouse-client --time,True,
ClickHouse Cloud,65,65,2026-08-08T17:35:59Z,35804053385,2,Watchlist summary,0.012,,,clickhouse-client --time,True,
ClickHouse Cloud,66,66,2026-08-08T17:45:59Z,36352821706,2,Watchlist summary,0.011,,,clickhouse-client --time,True,
ClickHouse Cloud,67,67,2026-08-08T17:55:59Z,36850964650,2,Watchlist summary,0.012,,,clickhouse-client --time,True,
ClickHouse Cloud,68,68,2026-08-08T18:05:59Z,37331880801,2,Watchlist summary,0.015,,,clickhouse-client --time,True,
ClickHouse Cloud,69,69,2026-08-08T18:15:59Z,37851506740,2,Watchlist summary,0.012,,,clickhouse-client --time,True,
ClickHouse Cloud,70,70,2026-08-08T18:25:59Z,38333894855,2,Watchlist summary,0.012,,,clickhouse-client --time,True,
ClickHouse Cloud,71,71,2026-08-08T18:35:59Z,38903981063,2,Watchlist summary,0.012,,,clickhouse-client --time,True,
ClickHouse Cloud,72,72,2026-08-08T18:45:59Z,39403630784,2,Watchlist summary,0.016,,,clickhouse-client --time,True,
ClickHouse Cloud,73,73,2026-08-08T18:55:59Z,39938729827,2,Watchlist summary,0.012,,,clickhouse-client --time,True,
ClickHouse Cloud,74,74,2026-08-08T19:05:59Z,40455322866,2,Watchlist summary,0.012,,,clickhouse-client --time,True,
ClickHouse Cloud,75,75,2026-08-08T19:15:59Z,40983472025,2,Watchlist summary,0.016,,,clickhouse-client --time,True,
ClickHouse Cloud,76,76,2026-08-08T19:25:59Z,41461994932,2,Watchlist summary,0.016,,,clickhouse-client --time,True,
ClickHouse Cloud,77,77,2026-08-08T19:35:59Z,41986954384,2,Watchlist summary,0.013,,,clickhouse-client --time,True,
ClickHouse Cloud,78,78,2026-08-08T19:45:59Z,42504704257,2,Watchlist summary,0.013,,,clickhouse-client --time,True,
ClickHouse Cloud,79,79,2026-08-08T19:55:59Z,43037353870,2,Watchlist summary,0.012,,,clickhouse-client --time,True,
ClickHouse Cloud,80,80,2026-08-08T20:05:59Z,43568180819,2,Watchlist summary,0.017,,,clickhouse-client --time,True,
ClickHouse Cloud,81,81,2026-08-08T20:15:59Z,44075896295,2,Watchlist summary,0.013,,,clickhouse-client --time,True,
ClickHouse Cloud,82,82,2026-08-08T20:25:59Z,44585275116,2,Watchlist summary,0.017,,,clickhouse-client --time,True,
ClickHouse Cloud,83,83,2026-08-08T20:35:59Z,45119401562,2,Watchlist summary,0.025,,,clickhouse-client --time,True,
ClickHouse Cloud,84,84,2026-08-08T20:45:59Z,45608868518,2,Watchlist summary,0.012,,,clickhouse-client --time,True,
ClickHouse Cloud,85,85,2026-08-08T20:55:59Z,46108257326,2,Watchlist summary,0.012,,,clickhouse-client --time,True,
ClickHouse Cloud,86,86,2026-08-08T21:05:59Z,46607144697,2,Watchlist summary,0.012,,,clickhouse-client --time,True,
ClickHouse Cloud,87,87,2026-08-08T21:15:59Z,47127220430,2,Watchlist summary,0.013,,,clickhouse-client --time,True,
ClickHouse Cloud,88,88,2026-08-08T21:25:59Z,47630286458,2,Watchlist summary,0.013,,,clickhouse-client --time,True,
ClickHouse Cloud,89,89,2026-08-08T21:35:59Z,48152769396,2,Watchlist summary,0.014,,,clickhouse-client --time,True,
ClickHouse Cloud,90,90,2026-08-08T21:45:59Z,48651039753,2,Watchlist summary,0.013,,,clickhouse-client --time,True,
ClickHouse Cloud,91,91,2026-08-08T21:55:59Z,49173608481,2,Watchlist summary,0.012,,,clickhouse-client --time,True,
ClickHouse Cloud,92,92,2026-08-08T22:05:59Z,49691385785,2,Watchlist summary,0.015,,,clickhouse-client --time,True,
ClickHouse Cloud,93,93,2026-08-08T22:15:59Z,50238320035,2,Watchlist summary,0.012,,,clickhouse-client --time,True,
ClickHouse Cloud,94,94,2026-08-08T22:25:59Z,50788829774,2,Watchlist summary,0.012,,,clickhouse-client --time,True,
ClickHouse Cloud,95,95,2026-08-08T22:35:59Z,51325118756,2,Watchlist summary,0.012,,,clickhouse-client --time,True,
ClickHouse Cloud,96,96,2026-08-08T22:45:59Z,51886771408,2,Watchlist summary,0.013,,,clickhouse-client --time,True,
ClickHouse Cloud,97,97,2026-08-08T22:55:59Z,52441318029,2,Watchlist summary,0.017,,,clickhouse-client --time,True,
ClickHouse Cloud,98,98,2026-08-08T23:05:59Z,52920335727,2,Watchlist summary,0.013,,,clickhouse-client --time,True,
ClickHouse Cloud,99,99,2026-08-08T23:15:59Z,53408601648,2,Watchlist summary,0.012,,,clickhouse-client --time,True,
ClickHouse Cloud,100,100,2026-08-08T23:25:59Z,53910086618,2,Watchlist summary,0.017,,,clickhouse-client --time,True,
ClickHouse Cloud,101,101,2026-08-08T23:35:59Z,54424699241,2,Watchlist summary,0.013,,,clickhouse-client --time,True,
ClickHouse Cloud,102,102,2026-08-08T23:45:59Z,54899250491,2,Watchlist summary,0.012,,,clickhouse-client --time,True,
ClickHouse Cloud,103,103,2026-08-08T23:55:59Z,55416633625,2,Watchlist summary,0.012,,,clickhouse-client --time,True,
ClickHouse Cloud,104,104,2026-08-09T00:05:59Z,55944840077,2,Watchlist summary,0.016,,,clickhouse-client --time,True,
ClickHouse Cloud,105,105,2026-08-09T00:15:59Z,56450202011,2,Watchlist summary,0.013,,,clickhouse-client --time,True,
ClickHouse Cloud,106,106,2026-08-09T00:25:59Z,56976658135,2,Watchlist summary,0.019,,,clickhouse-client --time,True,
ClickHouse Cloud,107,107,2026-08-09T00:35:59Z,57502590981,2,Watchlist summary,0.012,,,clickhouse-client --time,True,
ClickHouse Cloud,108,108,2026-08-09T00:45:59Z,58017492696,2,Watchlist summary,0.013,,,clickhouse-client --time,True,
ClickHouse Cloud,109,109,2026-08-09T00:55:59Z,58509450012,2,Watchlist summary,0.014,,,clickhouse-client --time,True,
ClickHouse Cloud,110,110,2026-08-09T01:05:59Z,59010783142,2,Watchlist summary,0.013,,,clickhouse-client --time,True,
ClickHouse Cloud,111,111,2026-08-09T01:15:59Z,59503489949,2,Watchlist summary,0.013,,,clickhouse-client --time,True,
ClickHouse Cloud,112,112,2026-08-09T01:25:59Z,59972983401,2,Watchlist summary,0.018,,,clickhouse-client --time,True,
ClickHouse Cloud,113,113,2026-08-09T01:35:59Z,60442237749,2,Watchlist summary,0.012,,,clickhouse-client --time,True,
ClickHouse Cloud,114,114,2026-08-09T01:45:59Z,60904448195,2,Watchlist summary,0.013,,,clickhouse-client --time,True,
ClickHouse Cloud,115,115,2026-08-09T01:55:59Z,61370139665,2,Watchlist summary,0.012,,,clickhouse-client --time,True,
ClickHouse Cloud,116,116,2026-08-09T02:05:59Z,61872097967,2,Watchlist summary,0.013,,,clickhouse-client --time,True,
ClickHouse Cloud,117,117,2026-08-09T02:15:59Z,62362523974,2,Watchlist summary,0.013,,,clickhouse-client --time,True,
ClickHouse Cloud,118,118,2026-08-09T02:25:59Z,62852767644,2,Watchlist summary,0.014,,,clickhouse-client --time,True,
ClickHouse Cloud,119,119,2026-08-09T02:35:59Z,63303274836,2,Watchlist summary,0.013,,,clickhouse-client --time,True,
ClickHouse Cloud,120,120,2026-08-09T02:45:59Z,63813706871,2,Watchlist summary,0.016,,,clickhouse-client --time,True,
ClickHouse Cloud,121,121,2026-08-09T02:55:59Z,64297816643,2,Watchlist summary,0.043,,,clickhouse-client --time,True,
ClickHouse Cloud,122,122,2026-08-09T03:05:59Z,64830505943,2,Watchlist summary,0.013,,,clickhouse-client --time,True,
ClickHouse Cloud,123,123,2026-08-09T03:15:59Z,65325007686,2,Watchlist summary,0.012,,,clickhouse-client --time,True,
ClickHouse Cloud,124,124,2026-08-09T03:25:59Z,65803792964,2,Watchlist summary,0.012,,,clickhouse-client --time,True,
ClickHouse Cloud,125,125,2026-08-09T03:35:59Z,66304040996,2,Watchlist summary,0.012,,,clickhouse-client --time,True,
ClickHouse Cloud,126,126,2026-08-09T03:45:59Z,66813762801,2,Watchlist summary,0.016,,,clickhouse-client --time,True,
ClickHouse Cloud,127,127,2026-08-09T03:55:59Z,67293866994,2,Watchlist summary,0.012,,,clickhouse-client --time,True,
ClickHouse Cloud,128,128,2026-08-09T04:05:59Z,67748504407,2,Watchlist summary,0.012,,,clickhouse-client --time,True,
ClickHouse Cloud,129,129,2026-08-09T04:15:59Z,68201006429,2,Watchlist summary,0.012,,,clickhouse-client --time,True,
ClickHouse Cloud,130,130,2026-08-09T04:25:59Z,68684069442,2,Watchlist summary,0.013,,,clickhouse-client --time,True,
ClickHouse Cloud,131,131,2026-08-09T04:35:59Z,69181831398,2,Watchlist summary,0.017,,,clickhouse-client --time,True,
ClickHouse Cloud,132,132,2026-08-09T04:45:59Z,69676432303,2,Watchlist summary,0.016,,,clickhouse-client --time,True,
ClickHouse Cloud,133,133,2026-08-09T04:55:59Z,70168596073,2,Watchlist summary,0.013,,,clickhouse-client --time,True,
ClickHouse Cloud,134,134,2026-08-09T05:05:59Z,70659299166,2,Watchlist summary,0.013,,,clickhouse-client --time,True,
ClickHouse Cloud,135,135,2026-08-09T05:15:59Z,71156738966,2,Watchlist summary,0.011,,,clickhouse-client --time,True,
ClickHouse Cloud,136,136,2026-08-09T05:25:59Z,71624709770,2,Watchlist summary,0.012,,,clickhouse-client --time,True,
ClickHouse Cloud,137,137,2026-08-09T05:35:59Z,72091825703,2,Watchlist summary,0.017,,,clickhouse-client --time,True,
ClickHouse Cloud,138,138,2026-08-09T05:45:59Z,72547878251,2,Watchlist summary,0.017,,,clickhouse-client --time,True,
ClickHouse Cloud,139,139,2026-08-09T05:55:59Z,73013213443,2,Watchlist summary,0.012,,,clickhouse-client --time,True,
ClickHouse Cloud,140,140,2026-08-09T06:05:59Z,73476437585,2,Watchlist summary,0.012,,,clickhouse-client --time,True,
ClickHouse Cloud,141,141,2026-08-09T06:15:59Z,73987325693,2,Watchlist summary,0.012,,,clickhouse-client --time,True,
ClickHouse Cloud,142,142,2026-08-09T06:25:59Z,74486757162,2,Watchlist summary,0.012,,,clickhouse-client --time,True,
ClickHouse Cloud,143,143,2026-08-09T06:35:59Z,74995355831,2,Watchlist summary,0.013,,,clickhouse-client --time,True,
ClickHouse Cloud,144,144,2026-08-09T06:45:59Z,75466940903,2,Watchlist summary,0.013,,,clickhouse-client --time,True,
ClickHouse Cloud,145,145,2026-08-09T06:55:59Z,75964855518,2,Watchlist summary,0.017,,,clickhouse-client --time,True,
ClickHouse Cloud,146,146,2026-08-09T07:05:59Z,76430868234,2,Watchlist summary,0.012,,,clickhouse-client --time,True,
ClickHouse Cloud,147,147,2026-08-09T07:15:59Z,76885010641,2,Watchlist summary,0.013,,,clickhouse-client --time,True,
ClickHouse Cloud,148,148,2026-08-09T07:25:59Z,77350951993,2,Watchlist summary,0.011,,,clickhouse-client --time,True,
ClickHouse Cloud,149,149,2026-08-09T07:35:59Z,77850423857,2,Watchlist summary,0.012,,,clickhouse-client --time,True,
ClickHouse Cloud,150,150,2026-08-09T07:45:59Z,78316136469,2,Watchlist summary,0.013,,,clickhouse-client --time,True,
ClickHouse Cloud,151,151,2026-08-09T07:55:59Z,78743691693,2,Watchlist summary,0.012,,,clickhouse-client --time,True,
ClickHouse Cloud,152,152,2026-08-09T08:05:59Z,79106273696,2,Watchlist summary,0.012,,,clickhouse-client --time,True,
ClickHouse Cloud,153,153,2026-08-09T08:15:59Z,79558355522,2,Watchlist summary,0.012,,,clickhouse-client --time,True,
ClickHouse Cloud,154,154,2026-08-09T08:25:59Z,80034599414,2,Watchlist summary,0.013,,,clickhouse-client --time,True,
ClickHouse Cloud,155,155,2026-08-09T08:35:59Z,80503603294,2,Watchlist summary,0.013,,,clickhouse-client --time,True,
ClickHouse Cloud,156,156,2026-08-09T08:45:59Z,80949316423,2,Watchlist summary,0.014,,,clickhouse-client --time,True,
ClickHouse Cloud,157,157,2026-08-09T08:55:59Z,81360968914,2,Watchlist summary,0.012,,,clickhouse-client --time,True,
ClickHouse Cloud,158,158,2026-08-09T09:05:59Z,81786894322,2,Watchlist summary,0.017,,,clickhouse-client --time,True,
ClickHouse Cloud,159,159,2026-08-09T09:15:59Z,82193904360,2,Watchlist summary,0.012,,,clickhouse-client --time,True,
ClickHouse Cloud,160,160,2026-08-09T09:25:59Z,82614022776,2,Watchlist summary,0.013,,,clickhouse-client --time,True,
ClickHouse Cloud,161,161,2026-08-09T09:35:59Z,83038964951,2,Watchlist summary,0.019,,,clickhouse-client --time,True,
ClickHouse Cloud,162,162,2026-08-09T09:45:59Z,83491097777,2,Watchlist summary,0.018,,,clickhouse-client --time,True,
ClickHouse Cloud,163,163,2026-08-09T09:55:59Z,83949333223,2,Watchlist summary,0.019,,,clickhouse-client --time,True,
ClickHouse Cloud,164,164,2026-08-09T10:05:59Z,84454230067,2,Watchlist summary,0.013,,,clickhouse-client --time,True,
ClickHouse Cloud,165,165,2026-08-09T10:15:59Z,84942338016,2,Watchlist summary,0.012,,,clickhouse-client --time,True,
ClickHouse Cloud,166,166,2026-08-09T10:25:59Z,85486320046,2,Watchlist summary,0.014,,,clickhouse-client --time,True,
ClickHouse Cloud,167,167,2026-08-09T10:35:59Z,86027059928,2,Watchlist summary,0.019,,,clickhouse-client --time,True,
ClickHouse Cloud,168,168,2026-08-09T10:45:59Z,86536377584,2,Watchlist summary,0.013,,,clickhouse-client --time,True,
ClickHouse Cloud,169,169,2026-08-09T10:55:59Z,87060073492,2,Watchlist summary,0.015,,,clickhouse-client --time,True,
ClickHouse Cloud,170,170,2026-08-09T11:05:59Z,87633622969,2,Watchlist summary,0.015,,,clickhouse-client --time,True,
ClickHouse Cloud,171,171,2026-08-09T11:15:59Z,88183458683,2,Watchlist summary,0.018,,,clickhouse-client --time,True,
ClickHouse Cloud,172,172,2026-08-09T11:25:59Z,88722660479,2,Watchlist summary,0.013,,,clickhouse-client --time,True,
ClickHouse Cloud,173,173,2026-08-09T11:35:59Z,89252600968,2,Watchlist summary,0.012,,,clickhouse-client --time,True,
ClickHouse Cloud,174,174,2026-08-09T11:45:59Z,89771307204,2,Watchlist summary,0.014,,,clickhouse-client --time,True,
ClickHouse Cloud,175,175,2026-08-09T11:55:59Z,90310361990,2,Watchlist summary,0.017,,,clickhouse-client --time,True,
ClickHouse Cloud,176,176,2026-08-09T12:05:59Z,90786625328,2,Watchlist summary,0.012,,,clickhouse-client --time,True,
ClickHouse Cloud,177,177,2026-08-09T12:15:59Z,91318721092,2,Watchlist summary,0.012,,,clickhouse-client --time,True,
ClickHouse Cloud,178,178,2026-08-09T12:25:59Z,91841644344,2,Watchlist summary,0.012,,,clickhouse-client --time,True,
ClickHouse Cloud,179,179,2026-08-09T12:35:59Z,92330582028,2,Watchlist summary,0.012,,,clickhouse-client --time,True,
ClickHouse Cloud,180,180,2026-08-09T12:45:59Z,92808126794,2,Watchlist summary,0.013,,,clickhouse-client --time,True,
ClickHouse Cloud,181,181,2026-08-09T12:55:59Z,93292685867,2,Watchlist summary,0.012,,,clickhouse-client --time,True,
ClickHouse Cloud,182,182,2026-08-09T13:05:59Z,93798216437,2,Watchlist summary,0.016,,,clickhouse-client --time,True,
ClickHouse Cloud,183,183,2026-08-09T13:15:59Z,94324820860,2,Watchlist summary,0.017,,,clickhouse-client --time,True,
ClickHouse Cloud,184,184,2026-08-09T13:25:59Z,94869720583,2,Watchlist summary,0.02,,,clickhouse-client --time,True,
ClickHouse Cloud,185,185,2026-08-09T13:35:59Z,95368092163,2,Watchlist summary,0.013,,,clickhouse-client --time,True,
ClickHouse Cloud,186,186,2026-08-09T13:45:59Z,95854521730,2,Watchlist summary,0.013,,,clickhouse-client --time,True,
ClickHouse Cloud,187,187,2026-08-09T13:55:59Z,96363475717,2,Watchlist summary,0.013,,,clickhouse-client --time,True,
ClickHouse Cloud,188,188,2026-08-09T14:05:59Z,96870245467,2,Watchlist summary,0.013,,,clickhouse-client --time,True,
ClickHouse Cloud,189,189,2026-08-09T14:15:59Z,97440595296,2,Watchlist summary,0.013,,,clickhouse-client --time,True,
ClickHouse Cloud,190,190,2026-08-09T14:25:59Z,97990299109,2,Watchlist summary,0.019,,,clickhouse-client --time,True,
ClickHouse Cloud,191,191,2026-08-09T14:35:59Z,98531195718,2,Watchlist summary,0.013,,,clickhouse-client --time,True,
ClickHouse Cloud,192,192,2026-08-09T14:45:59Z,99080355059,2,Watchlist summary,0.013,,,clickhouse-client --time,True,
ClickHouse Cloud,193,193,2026-08-09T14:55:59Z,99566521565,2,Watchlist summary,0.013,,,clickhouse-client --time,True,
Snowflake,2,2,2026-08-11T11:28:57Z,532996784,2,Watchlist summary,0.134,0.057,0.077,runner result (end-to-end); compilation/execution retained,True,
Snowflake,3,3,2026-08-11T11:38:57Z,1108625165,2,Watchlist summary,0.292,0.168,0.124,runner result (end-to-end); compilation/execution retained,True,
Snowflake,4,4,2026-08-11T11:48:57Z,1658912507,2,Watchlist summary,0.224,0.074,0.15,runner result (end-to-end); compilation/execution retained,True,
Snowflake,5,5,2026-08-11T11:58:57Z,2217147353,2,Watchlist summary,0.304,0.15,0.154,runner result (end-to-end); compilation/execution retained,True,
Snowflake,6,6,2026-08-11T12:08:57Z,2786291244,2,Watchlist summary,0.391,0.162,0.229,runner result (end-to-end); compilation/execution retained,True,
Snowflake,7,7,2026-08-11T12:18:57Z,3343738155,2,Watchlist summary,0.327,0.116,0.211,runner result (end-to-end); compilation/execution retained,True,
Snowflake,8,8,2026-08-11T12:28:57Z,3899391577,2,Watchlist summary,0.362,0.13,0.232,runner result (end-to-end); compilation/execution retained,True,
Snowflake,9,9,2026-08-11T12:38:57Z,4448004794,2,Watchlist summary,0.417,0.118,0.299,runner result (end-to-end); compilation/execution retained,True,
Snowflake,10,10,2026-08-11T12:48:57Z,5002254267,2,Watchlist summary,0.456,0.12,0.336,runner result (end-to-end); compilation/execution retained,True,
Snowflake,11,11,2026-08-11T12:58:57Z,5553730140,2,Watchlist summary,0.338,0.122,0.216,runner result (end-to-end); compilation/execution retained,True,
Snowflake,12,12,2026-08-11T13:08:57Z,6107183801,2,Watchlist summary,0.327,0.076,0.251,runner result (end-to-end); compilation/execution retained,True,
Snowflake,13,13,2026-08-11T13:18:57Z,6662885451,2,Watchlist summary,0.332,0.034,0.298,runner result (end-to-end); compilation/execution retained,True,
Snowflake,14,14,2026-08-11T13:28:57Z,7220407062,2,Watchlist summary,0.323,0.041,0.282,runner result (end-to-end); compilation/execution retained,True,
Snowflake,15,15,2026-08-11T13:38:57Z,7772453021,2,Watchlist summary,0.45,0.089,0.361,runner result (end-to-end); compilation/execution retained,True,
Snowflake,16,16,2026-08-11T13:48:57Z,8327660844,2,Watchlist summary,0.516,0.163,0.353,runner result (end-to-end); compilation/execution retained,True,
Snowflake,17,17,2026-08-11T13:58:57Z,8869790384,2,Watchlist summary,0.653,0.226,0.427,runner result (end-to-end); compilation/execution retained,True,
Snowflake,18,18,2026-08-11T14:08:57Z,9416167217,2,Watchlist summary,0.57,0.164,0.406,runner result (end-to-end); compilation/execution retained,True,
Snowflake,19,19,2026-08-11T14:18:57Z,9966828956,2,Watchlist summary,0.503,0.09,0.413,runner result (end-to-end); compilation/execution retained,True,
Snowflake,20,20,2026-08-11T14:28:57Z,10515573711,2,Watchlist summary,0.527,0.083,0.444,runner result (end-to-end); compilation/execution retained,True,
Snowflake,21,21,2026-08-11T14:38:57Z,11061458462,2,Watchlist summary,0.74,0.194,0.546,runner result (end-to-end); compilation/execution retained,True,
Snowflake,22,22,2026-08-11T14:48:57Z,11598082800,2,Watchlist summary,1.258,0.107,1.151,runner result (end-to-end); compilation/execution retained,True,
Snowflake,23,23,2026-08-11T14:58:57Z,12155361632,2,Watchlist summary,0.669,0.191,0.478,runner result (end-to-end); compilation/execution retained,True,
Snowflake,24,24,2026-08-11T15:08:57Z,12686918328,2,Watchlist summary,0.633,0.126,0.507,runner result (end-to-end); compilation/execution retained,True,
Snowflake,25,25,2026-08-11T15:18:57Z,13239818975,2,Watchlist summary,0.938,0.183,0.755,runner result (end-to-end); compilation/execution retained,True,
Snowflake,26,26,2026-08-11T15:28:57Z,13783825272,2,Watchlist summary,0.668,0.113,0.555,runner result (end-to-end); compilation/execution retained,True,
Snowflake,27,27,2026-08-11T15:38:57Z,14320432691,2,Watchlist summary,0.607,0.055,0.552,runner result (end-to-end); compilation/execution retained,True,
Snowflake,28,28,2026-08-11T15:48:57Z,14865686419,2,Watchlist summary,0.802,0.228,0.574,runner result (end-to-end); compilation/execution retained,True,
Snowflake,29,29,2026-08-11T15:58:57Z,15406449067,2,Watchlist summary,0.619,0.11,0.509,runner result (end-to-end); compilation/execution retained,True,
Snowflake,30,30,2026-08-11T16:08:57Z,15953152260,2,Watchlist summary,0.737,0.147,0.59,runner result (end-to-end); compilation/execution retained,True,
Snowflake,31,31,2026-08-11T16:18:57Z,16496810019,2,Watchlist summary,0.615,0.056,0.559,runner result (end-to-end); compilation/execution retained,True,
Snowflake,32,32,2026-08-11T16:28:57Z,17037168163,2,Watchlist summary,0.645,0.096,0.549,runner result (end-to-end); compilation/execution retained,True,
Snowflake,33,33,2026-08-11T16:38:57Z,17587595862,2,Watchlist summary,0.744,0.127,0.617,runner result (end-to-end); compilation/execution retained,True,
Snowflake,34,34,2026-08-11T16:48:57Z,18120902444,2,Watchlist summary,0.739,0.095,0.644,runner result (end-to-end); compilation/execution retained,True,
Snowflake,35,35,2026-08-11T16:58:57Z,18664388826,2,Watchlist summary,0.829,0.133,0.696,runner result (end-to-end); compilation/execution retained,True,
Snowflake,36,36,2026-08-11T17:08:57Z,19216193045,2,Watchlist summary,0.814,0.143,0.671,runner result (end-to-end); compilation/execution retained,True,
Snowflake,37,37,2026-08-11T17:18:57Z,19745883933,2,Watchlist summary,0.932,0.198,0.734,runner result (end-to-end); compilation/execution retained,True,
Snowflake,38,38,2026-08-11T17:28:57Z,20305329136,2,Watchlist summary,0.814,0.111,0.703,runner result (end-to-end); compilation/execution retained,True,
Snowflake,39,39,2026-08-11T17:38:57Z,20844684066,2,Watchlist summary,0.976,0.182,0.794,runner result (end-to-end); compilation/execution retained,True,
Snowflake,40,40,2026-08-11T17:48:57Z,21391428069,2,Watchlist summary,0.835,0.04,0.795,runner result (end-to-end); compilation/execution retained,True,
Snowflake,41,41,2026-08-11T17:58:57Z,21938345201,2,Watchlist summary,0.866,0.111,0.755,runner result (end-to-end); compilation/execution retained,True,
Snowflake,42,42,2026-08-11T18:08:57Z,22480394175,2,Watchlist summary,0.956,0.151,0.805,runner result (end-to-end); compilation/execution retained,True,
Snowflake,43,43,2026-08-11T18:18:57Z,23027036303,2,Watchlist summary,1.142,0.061,1.081,runner result (end-to-end); compilation/execution retained,True,
Snowflake,44,44,2026-08-11T18:28:57Z,23563684837,2,Watchlist summary,0.945,0.187,0.758,runner result (end-to-end); compilation/execution retained,True,
Snowflake,45,45,2026-08-11T18:38:57Z,24108292723,2,Watchlist summary,0.908,0.066,0.842,runner result (end-to-end); compilation/execution retained,True,
Snowflake,46,46,2026-08-11T18:48:57Z,24651647019,2,Watchlist summary,1.003,0.154,0.849,runner result (end-to-end); compilation/execution retained,True,
Snowflake,47,47,2026-08-11T18:58:57Z,25200289313,2,Watchlist summary,0.977,0.146,0.831,runner result (end-to-end); compilation/execution retained,True,
Snowflake,48,48,2026-08-11T19:08:57Z,25747852434,2,Watchlist summary,1.005,0.155,0.85,runner result (end-to-end); compilation/execution retained,True,
Snowflake,49,49,2026-08-11T19:18:57Z,26283076869,2,Watchlist summary,1.321,0.151,1.17,runner result (end-to-end); compilation/execution retained,True,
Snowflake,50,50,2026-08-11T19:28:57Z,26820178083,2,Watchlist summary,1.07,0.204,0.866,runner result (end-to-end); compilation/execution retained,True,
Snowflake,51,51,2026-08-11T19:38:57Z,27375417517,2,Watchlist summary,1.016,0.158,0.858,runner result (end-to-end); compilation/execution retained,True,
Snowflake,52,52,2026-08-11T19:48:57Z,27918995748,2,Watchlist summary,1.099,0.189,0.91,runner result (end-to-end); compilation/execution retained,True,
Snowflake,53,53,2026-08-11T19:58:57Z,28455528243,2,Watchlist summary,1.147,0.238,0.909,runner result (end-to-end); compilation/execution retained,True,
Snowflake,54,54,2026-08-11T20:08:57Z,28993570106,2,Watchlist summary,1.063,0.108,0.955,runner result (end-to-end); compilation/execution retained,True,
Snowflake,55,55,2026-08-11T20:18:57Z,29545700964,2,Watchlist summary,1.088,0.084,1.004,runner result (end-to-end); compilation/execution retained,True,
Snowflake,56,56,2026-08-11T20:28:57Z,30083988028,2,Watchlist summary,1.058,0.056,1.002,runner result (end-to-end); compilation/execution retained,True,
Snowflake,57,57,2026-08-11T20:38:57Z,30630575890,2,Watchlist summary,1.255,0.133,1.122,runner result (end-to-end); compilation/execution retained,True,
Snowflake,58,58,2026-08-11T20:48:57Z,31165284381,2,Watchlist summary,1.157,0.123,1.034,runner result (end-to-end); compilation/execution retained,True,
Snowflake,59,59,2026-08-11T20:58:57Z,31720586913,2,Watchlist summary,1.389,0.27,1.119,runner result (end-to-end); compilation/execution retained,True,
Snowflake,60,60,2026-08-11T21:08:57Z,32256432850,2,Watchlist summary,1.26,0.263,0.997,runner result (end-to-end); compilation/execution retained,True,
Snowflake,61,61,2026-08-11T21:18:57Z,32804567571,2,Watchlist summary,1.084,0.062,1.022,runner result (end-to-end); compilation/execution retained,True,
Snowflake,62,62,2026-08-11T21:28:57Z,33359668543,2,Watchlist summary,1.4,0.281,1.119,runner result (end-to-end); compilation/execution retained,True,
Snowflake,63,63,2026-08-11T21:38:57Z,33893505898,2,Watchlist summary,1.255,0.188,1.067,runner result (end-to-end); compilation/execution retained,True,
Snowflake,64,64,2026-08-11T21:48:57Z,34442826434,2,Watchlist summary,1.242,0.126,1.116,runner result (end-to-end); compilation/execution retained,True,
Snowflake,65,65,2026-08-11T21:58:57Z,34990195086,2,Watchlist summary,1.134,0.036,1.098,runner result (end-to-end); compilation/execution retained,True,
Snowflake,66,66,2026-08-11T22:08:57Z,35543561911,2,Watchlist summary,1.355,0.245,1.11,runner result (end-to-end); compilation/execution retained,True,
Snowflake,67,67,2026-08-11T22:18:57Z,36086551556,2,Watchlist summary,1.235,0.066,1.169,runner result (end-to-end); compilation/execution retained,True,
Snowflake,68,68,2026-08-11T22:28:57Z,36629144961,2,Watchlist summary,1.307,0.122,1.185,runner result (end-to-end); compilation/execution retained,True,
Snowflake,69,69,2026-08-11T22:38:57Z,37176739226,2,Watchlist summary,1.439,0.209,1.23,runner result (end-to-end); compilation/execution retained,True,
Snowflake,70,70,2026-08-11T22:48:57Z,37714068818,2,Watchlist summary,1.392,0.195,1.197,runner result (end-to-end); compilation/execution retained,True,
Snowflake,71,71,2026-08-11T22:58:57Z,38258658415,2,Watchlist summary,1.505,0.226,1.279,runner result (end-to-end); compilation/execution retained,True,
Snowflake,72,72,2026-08-11T23:08:57Z,38815458699,2,Watchlist summary,1.56,0.232,1.328,runner result (end-to-end); compilation/execution retained,True,
Snowflake,73,73,2026-08-11T23:18:57Z,39353814542,2,Watchlist summary,1.468,0.186,1.282,runner result (end-to-end); compilation/execution retained,True,
Snowflake,74,74,2026-08-11T23:28:57Z,39910561199,2,Watchlist summary,1.526,0.137,1.389,runner result (end-to-end); compilation/execution retained,True,
Snowflake,75,75,2026-08-11T23:38:57Z,40450795463,2,Watchlist summary,1.463,0.172,1.291,runner result (end-to-end); compilation/execution retained,True,
Snowflake,76,76,2026-08-11T23:48:57Z,41001235716,2,Watchlist summary,1.606,0.227,1.379,runner result (end-to-end); compilation/execution retained,True,
Snowflake,77,77,2026-08-11T23:58:57Z,41541364286,2,Watchlist summary,1.605,0.228,1.377,runner result (end-to-end); compilation/execution retained,True,
Snowflake,78,78,2026-08-12T00:08:57Z,42087321356,2,Watchlist summary,1.543,0.104,1.439,runner result (end-to-end); compilation/execution retained,True,
Snowflake,79,79,2026-08-12T00:18:57Z,42638946619,2,Watchlist summary,2.01,0.08,1.93,runner result (end-to-end); compilation/execution retained,True,
Snowflake,80,80,2026-08-12T00:28:57Z,43189555601,2,Watchlist summary,1.502,0.098,1.404,runner result (end-to-end); compilation/execution retained,True,
Snowflake,81,81,2026-08-12T00:38:57Z,43737335549,2,Watchlist summary,1.769,0.32,1.449,runner result (end-to-end); compilation/execution retained,True,
Snowflake,82,82,2026-08-12T00:48:57Z,44285385932,2,Watchlist summary,1.463,0.044,1.419,runner result (end-to-end); compilation/execution retained,True,
Snowflake,83,83,2026-08-12T00:58:57Z,44819116712,2,Watchlist summary,1.706,0.234,1.472,runner result (end-to-end); compilation/execution retained,True,
Snowflake,84,84,2026-08-12T01:08:57Z,45370941730,2,Watchlist summary,1.764,0.299,1.465,runner result (end-to-end); compilation/execution retained,True,
Snowflake,85,85,2026-08-12T01:18:57Z,45915210443,2,Watchlist summary,1.85,0.358,1.492,runner result (end-to-end); compilation/execution retained,True,
Snowflake,86,86,2026-08-12T01:28:57Z,46469268846,2,Watchlist summary,1.695,0.183,1.512,runner result (end-to-end); compilation/execution retained,True,
Snowflake,87,87,2026-08-12T01:38:57Z,47014619196,2,Watchlist summary,1.691,0.196,1.495,runner result (end-to-end); compilation/execution retained,True,
Snowflake,88,88,2026-08-12T01:48:57Z,47557887173,2,Watchlist summary,1.637,0.112,1.525,runner result (end-to-end); compilation/execution retained,True,
Snowflake,89,89,2026-08-12T01:58:57Z,48108937450,2,Watchlist summary,1.732,0.245,1.487,runner result (end-to-end); compilation/execution retained,True,
Snowflake,90,90,2026-08-12T02:08:57Z,48654354733,2,Watchlist summary,1.642,0.105,1.537,runner result (end-to-end); compilation/execution retained,True,
Snowflake,91,91,2026-08-12T02:18:57Z,49198792764,2,Watchlist summary,1.773,0.227,1.546,runner result (end-to-end); compilation/execution retained,True,
Snowflake,92,92,2026-08-12T02:28:57Z,49752959746,2,Watchlist summary,1.649,0.105,1.544,runner result (end-to-end); compilation/execution retained,True,
Snowflake,93,93,2026-08-12T02:38:57Z,50295558507,2,Watchlist summary,1.809,0.202,1.607,runner result (end-to-end); compilation/execution retained,True,
Snowflake,94,94,2026-08-12T02:48:57Z,50839423797,2,Watchlist summary,1.883,0.251,1.632,runner result (end-to-end); compilation/execution retained,True,
Snowflake,95,95,2026-08-12T02:58:57Z,51388846496,2,Watchlist summary,1.756,0.167,1.589,runner result (end-to-end); compilation/execution retained,True,
Snowflake,96,96,2026-08-12T03:08:57Z,51921113849,2,Watchlist summary,2.048,0.174,1.874,runner result (end-to-end); compilation/execution retained,True,
Snowflake,97,97,2026-08-12T03:18:57Z,52476957308,2,Watchlist summary,1.825,0.177,1.648,runner result (end-to-end); compilation/execution retained,True,
Snowflake,98,98,2026-08-12T03:28:57Z,53013859627,2,Watchlist summary,1.95,0.216,1.734,runner result (end-to-end); compilation/execution retained,True,
Snowflake,99,99,2026-08-12T03:38:57Z,53553602030,2,Watchlist summary,1.982,0.243,1.739,runner result (end-to-end); compilation/execution retained,True,
Snowflake,100,100,2026-08-12T03:48:57Z,54096739316,2,Watchlist summary,2.079,0.178,1.901,runner result (end-to-end); compilation/execution retained,True,
Snowflake,101,101,2026-08-12T03:58:57Z,54638958461,2,Watchlist summary,2.027,0.26,1.767,runner result (end-to-end); compilation/execution retained,True,
Snowflake,102,102,2026-08-12T04:08:57Z,55184688243,2,Watchlist summary,2.162,0.374,1.788,runner result (end-to-end); compilation/execution retained,True,
Snowflake,103,103,2026-08-12T04:18:57Z,55728939933,2,Watchlist summary,2.593,0.411,2.182,runner result (end-to-end); compilation/execution retained,True,
Snowflake,104,104,2026-08-12T04:28:57Z,56273535672,2,Watchlist summary,2.127,0.267,1.86,runner result (end-to-end); compilation/execution retained,True,
Snowflake,105,105,2026-08-12T04:38:57Z,56810381460,2,Watchlist summary,1.959,0.12,1.839,runner result (end-to-end); compilation/execution retained,True,
Snowflake,106,106,2026-08-12T04:48:57Z,57362361385,2,Watchlist summary,2.274,0.296,1.978,runner result (end-to-end); compilation/execution retained,True,
Snowflake,107,107,2026-08-12T04:58:57Z,57913493016,2,Watchlist summary,2.03,0.126,1.904,runner result (end-to-end); compilation/execution retained,True,
Snowflake,108,108,2026-08-12T05:08:57Z,58446958006,2,Watchlist summary,2.078,0.221,1.857,runner result (end-to-end); compilation/execution retained,True,
Snowflake,109,109,2026-08-12T05:18:57Z,58996538773,2,Watchlist summary,3.097,0.09,3.007,runner result (end-to-end); compilation/execution retained,True,
Snowflake,110,110,2026-08-12T05:28:57Z,59543392881,2,Watchlist summary,2.114,0.252,1.862,runner result (end-to-end); compilation/execution retained,True,
Snowflake,111,111,2026-08-12T05:38:57Z,60095495207,2,Watchlist summary,2.107,0.198,1.909,runner result (end-to-end); compilation/execution retained,True,
Snowflake,112,112,2026-08-12T05:48:57Z,60639957737,2,Watchlist summary,2.317,0.372,1.945,runner result (end-to-end); compilation/execution retained,True,
Snowflake,113,113,2026-08-12T05:58:57Z,61187361357,2,Watchlist summary,1.919,0.033,1.886,runner result (end-to-end); compilation/execution retained,True,
Snowflake,114,114,2026-08-12T06:08:57Z,61731139656,2,Watchlist summary,2.089,0.112,1.977,runner result (end-to-end); compilation/execution retained,True,
Snowflake,115,115,2026-08-12T06:18:57Z,62279567684,2,Watchlist summary,2.06,0.109,1.951,runner result (end-to-end); compilation/execution retained,True,
Snowflake,116,116,2026-08-12T06:28:57Z,62825580983,2,Watchlist summary,2.05,0.11,1.94,runner result (end-to-end); compilation/execution retained,True,
Snowflake,117,117,2026-08-12T06:38:57Z,63370928291,2,Watchlist summary,2.114,0.117,1.997,runner result (end-to-end); compilation/execution retained,True,
Snowflake,118,118,2026-08-12T06:48:57Z,63914819184,2,Watchlist summary,2.0,0.042,1.958,runner result (end-to-end); compilation/execution retained,True,
Snowflake,119,119,2026-08-12T06:58:57Z,64455955665,2,Watchlist summary,2.452,0.36,2.092,runner result (end-to-end); compilation/execution retained,True,
Snowflake,120,120,2026-08-12T07:08:57Z,65003623242,2,Watchlist summary,2.373,0.327,2.046,runner result (end-to-end); compilation/execution retained,True,
Snowflake,121,121,2026-08-12T07:18:57Z,65557201130,2,Watchlist summary,2.087,0.08,2.007,runner result (end-to-end); compilation/execution retained,True,
Snowflake,122,122,2026-08-12T07:28:57Z,66099065156,2,Watchlist summary,2.438,0.249,2.189,runner result (end-to-end); compilation/execution retained,True,
Snowflake,123,123,2026-08-12T07:38:57Z,66642452422,2,Watchlist summary,2.065,0.042,2.023,runner result (end-to-end); compilation/execution retained,True,
Snowflake,124,124,2026-08-12T07:48:57Z,67182421438,2,Watchlist summary,2.305,0.131,2.174,runner result (end-to-end); compilation/execution retained,True,
Snowflake,125,125,2026-08-12T07:58:57Z,67727916114,2,Watchlist summary,2.132,0.033,2.099,runner result (end-to-end); compilation/execution retained,True,
Snowflake,126,126,2026-08-12T08:08:57Z,68267471024,2,Watchlist summary,2.349,0.246,2.103,runner result (end-to-end); compilation/execution retained,True,
Snowflake,127,127,2026-08-12T08:18:57Z,68802200323,2,Watchlist summary,2.486,0.274,2.212,runner result (end-to-end); compilation/execution retained,True,
Snowflake,128,128,2026-08-12T08:28:57Z,69346329844,2,Watchlist summary,2.533,0.338,2.195,runner result (end-to-end); compilation/execution retained,True,
Snowflake,129,129,2026-08-12T08:38:57Z,69897183390,2,Watchlist summary,2.654,0.234,2.42,runner result (end-to-end); compilation/execution retained,True,
Snowflake,130,130,2026-08-12T08:48:57Z,70428726736,2,Watchlist summary,2.397,0.198,2.199,runner result (end-to-end); compilation/execution retained,True,
Snowflake,131,131,2026-08-12T08:58:57Z,70979357463,2,Watchlist summary,2.483,0.22,2.263,runner result (end-to-end); compilation/execution retained,True,
Snowflake,132,132,2026-08-12T09:08:57Z,71519985704,2,Watchlist summary,2.56,0.346,2.214,runner result (end-to-end); compilation/execution retained,True,
Snowflake,133,133,2026-08-12T09:18:57Z,72058735690,2,Watchlist summary,3.118,0.208,2.91,runner result (end-to-end); compilation/execution retained,True,
Snowflake,134,134,2026-08-12T09:28:57Z,72596851158,2,Watchlist summary,2.281,0.075,2.206,runner result (end-to-end); compilation/execution retained,True,
Snowflake,135,135,2026-08-12T09:38:57Z,73126410994,2,Watchlist summary,2.637,0.219,2.418,runner result (end-to-end); compilation/execution retained,True,
Snowflake,136,136,2026-08-12T09:48:57Z,73663989869,2,Watchlist summary,2.571,0.334,2.237,runner result (end-to-end); compilation/execution retained,True,
Snowflake,137,137,2026-08-12T09:58:57Z,74210734717,2,Watchlist summary,2.324,0.096,2.228,runner result (end-to-end); compilation/execution retained,True,
Snowflake,138,138,2026-08-12T10:08:57Z,74754170511,2,Watchlist summary,2.407,0.125,2.282,runner result (end-to-end); compilation/execution retained,True,
Snowflake,139,139,2026-08-12T10:18:57Z,75292467460,2,Watchlist summary,2.314,0.118,2.196,runner result (end-to-end); compilation/execution retained,True,
Snowflake,140,140,2026-08-12T10:28:57Z,75839048271,2,Watchlist summary,2.334,0.086,2.248,runner result (end-to-end); compilation/execution retained,True,
Snowflake,141,141,2026-08-12T10:38:57Z,76379287699,2,Watchlist summary,2.322,0.099,2.223,runner result (end-to-end); compilation/execution retained,True,
Snowflake,142,142,2026-08-12T10:48:57Z,76921212731,2,Watchlist summary,2.484,0.232,2.252,runner result (end-to-end); compilation/execution retained,True,
Snowflake,143,143,2026-08-12T10:58:57Z,77474274891,2,Watchlist summary,2.526,0.094,2.432,runner result (end-to-end); compilation/execution retained,True,
Snowflake,144,144,2026-08-12T11:08:57Z,78020239558,2,Watchlist summary,2.507,0.267,2.24,runner result (end-to-end); compilation/execution retained,True,
Snowflake,145,145,2026-08-12T11:18:57Z,78556038400,2,Watchlist summary,2.7,0.202,2.498,runner result (end-to-end); compilation/execution retained,True,
Snowflake,146,146,2026-08-12T11:28:57Z,79095605628,2,Watchlist summary,3.017,0.461,2.556,runner result (end-to-end); compilation/execution retained,True,
Snowflake,147,147,2026-08-12T11:38:57Z,79642025309,2,Watchlist summary,2.493,0.123,2.37,runner result (end-to-end); compilation/execution retained,True,
Snowflake,148,148,2026-08-12T11:48:57Z,80174044570,2,Watchlist summary,2.646,0.106,2.54,runner result (end-to-end); compilation/execution retained,True,
Snowflake,149,149,2026-08-12T11:58:57Z,80719696641,2,Watchlist summary,2.538,0.15,2.388,runner result (end-to-end); compilation/execution retained,True,
Snowflake,150,150,2026-08-12T12:08:57Z,81262895664,2,Watchlist summary,2.732,0.286,2.446,runner result (end-to-end); compilation/execution retained,True,
Snowflake,151,151,2026-08-12T12:18:57Z,81806775602,2,Watchlist summary,2.715,0.241,2.474,runner result (end-to-end); compilation/execution retained,True,
Snowflake,152,152,2026-08-12T12:28:57Z,82353792598,2,Watchlist summary,2.747,0.297,2.45,runner result (end-to-end); compilation/execution retained,True,
Snowflake,153,153,2026-08-12T12:38:57Z,82888706006,2,Watchlist summary,2.895,0.436,2.459,runner result (end-to-end); compilation/execution retained,True,
Snowflake,154,154,2026-08-12T12:48:57Z,83443900439,2,Watchlist summary,2.796,0.229,2.567,runner result (end-to-end); compilation/execution retained,True,
Snowflake,155,155,2026-08-12T12:58:57Z,83986715739,2,Watchlist summary,2.588,0.132,2.456,runner result (end-to-end); compilation/execution retained,True,
Snowflake,156,156,2026-08-12T13:08:57Z,84528180207,2,Watchlist summary,2.658,0.14,2.518,runner result (end-to-end); compilation/execution retained,True,
Snowflake,157,157,2026-08-12T13:18:57Z,85066604156,2,Watchlist summary,3.339,0.067,3.272,runner result (end-to-end); compilation/execution retained,True,
Snowflake,158,158,2026-08-12T13:28:57Z,85620033283,2,Watchlist summary,2.628,0.036,2.592,runner result (end-to-end); compilation/execution retained,True,
Snowflake,159,159,2026-08-12T13:38:57Z,86152994817,2,Watchlist summary,2.809,0.275,2.534,runner result (end-to-end); compilation/execution retained,True,
Snowflake,160,160,2026-08-12T13:48:57Z,86704737177,2,Watchlist summary,2.635,0.111,2.524,runner result (end-to-end); compilation/execution retained,True,
Snowflake,161,161,2026-08-12T13:58:57Z,87242847941,2,Watchlist summary,2.713,0.196,2.517,runner result (end-to-end); compilation/execution retained,True,
Snowflake,162,162,2026-08-12T14:08:57Z,87786454820,2,Watchlist summary,2.666,0.129,2.537,runner result (end-to-end); compilation/execution retained,True,
Snowflake,163,163,2026-08-12T14:18:57Z,88330971978,2,Watchlist summary,3.454,0.117,3.337,runner result (end-to-end); compilation/execution retained,True,
Snowflake,164,164,2026-08-12T14:28:57Z,88873955947,2,Watchlist summary,2.684,0.125,2.559,runner result (end-to-end); compilation/execution retained,True,
Snowflake,165,165,2026-08-12T14:38:57Z,89419840113,2,Watchlist summary,2.613,0.04,2.573,runner result (end-to-end); compilation/execution retained,True,
Snowflake,166,166,2026-08-12T14:48:57Z,89959994694,2,Watchlist summary,2.666,0.09,2.576,runner result (end-to-end); compilation/execution retained,True,
Snowflake,167,167,2026-08-12T14:58:57Z,90505068849,2,Watchlist summary,2.642,0.113,2.529,runner result (end-to-end); compilation/execution retained,True,
Snowflake,168,168,2026-08-12T15:08:57Z,91061606220,2,Watchlist summary,3.039,0.493,2.546,runner result (end-to-end); compilation/execution retained,True,
Snowflake,169,169,2026-08-12T15:18:57Z,91608517197,2,Watchlist summary,3.073,0.392,2.681,runner result (end-to-end); compilation/execution retained,True,
Snowflake,170,170,2026-08-12T15:28:57Z,92153494394,2,Watchlist summary,2.847,0.281,2.566,runner result (end-to-end); compilation/execution retained,True,
Snowflake,171,171,2026-08-12T15:38:57Z,92698030525,2,Watchlist summary,2.726,0.038,2.688,runner result (end-to-end); compilation/execution retained,True,
Snowflake,172,172,2026-08-12T15:48:57Z,93242607069,2,Watchlist summary,2.773,0.146,2.627,runner result (end-to-end); compilation/execution retained,True,
Snowflake,173,173,2026-08-12T15:58:57Z,93787407199,2,Watchlist summary,2.763,0.186,2.577,runner result (end-to-end); compilation/execution retained,True,
Snowflake,174,174,2026-08-12T16:08:57Z,94330065240,2,Watchlist summary,2.768,0.161,2.607,runner result (end-to-end); compilation/execution retained,True,
Snowflake,175,175,2026-08-12T16:18:57Z,94877773840,2,Watchlist summary,3.68,0.086,3.594,runner result (end-to-end); compilation/execution retained,True,
Snowflake,176,176,2026-08-12T16:28:57Z,95419508344,2,Watchlist summary,2.808,0.135,2.673,runner result (end-to-end); compilation/execution retained,True,
Snowflake,177,177,2026-08-12T16:38:57Z,95972724266,2,Watchlist summary,2.664,0.041,2.623,runner result (end-to-end); compilation/execution retained,True,
Snowflake,178,178,2026-08-12T16:48:57Z,96513946374,2,Watchlist summary,2.881,0.114,2.767,runner result (end-to-end); compilation/execution retained,True,
Snowflake,179,179,2026-08-12T16:58:57Z,97064716964,2,Watchlist summary,2.763,0.062,2.701,runner result (end-to-end); compilation/execution retained,True,
Snowflake,180,180,2026-08-12T17:08:57Z,97615350266,2,Watchlist summary,2.672,0.037,2.635,runner result (end-to-end); compilation/execution retained,True,
Snowflake,181,181,2026-08-12T17:18:57Z,98161784620,2,Watchlist summary,2.713,0.057,2.656,runner result (end-to-end); compilation/execution retained,True,
Snowflake,182,182,2026-08-12T17:28:57Z,98700378757,2,Watchlist summary,2.734,0.037,2.697,runner result (end-to-end); compilation/execution retained,True,
Snowflake,183,183,2026-08-12T17:38:57Z,99259158207,2,Watchlist summary,2.889,0.04,2.849,runner result (end-to-end); compilation/execution retained,True,
Snowflake,184,184,2026-08-12T17:48:57Z,99801890611,2,Watchlist summary,2.969,0.253,2.716,runner result (end-to-end); compilation/execution retained,True,
ClickHouse Cloud,2,2,2026-08-08T07:05:59Z,724786266,3,Top movers,0.006,,,clickhouse-client --time,True,
ClickHouse Cloud,3,3,2026-08-08T07:15:59Z,1370669828,3,Top movers,0.009,,,clickhouse-client --time,True,
ClickHouse Cloud,4,4,2026-08-08T07:25:59Z,1975682003,3,Top movers,0.045,,,clickhouse-client --time,True,
ClickHouse Cloud,5,5,2026-08-08T07:35:59Z,2574084882,3,Top movers,0.011,,,clickhouse-client --time,True,
ClickHouse Cloud,6,6,2026-08-08T07:45:59Z,3146910669,3,Top movers,0.011,,,clickhouse-client --time,True,
ClickHouse Cloud,7,7,2026-08-08T07:55:59Z,3738865972,3,Top movers,0.012,,,clickhouse-client --time,True,
ClickHouse Cloud,8,8,2026-08-08T08:05:59Z,4293755746,3,Top movers,0.012,,,clickhouse-client --time,True,
ClickHouse Cloud,9,9,2026-08-08T08:15:59Z,4891042750,3,Top movers,0.013,,,clickhouse-client --time,True,
ClickHouse Cloud,10,10,2026-08-08T08:25:59Z,5469535309,3,Top movers,0.014,,,clickhouse-client --time,True,
ClickHouse Cloud,11,11,2026-08-08T08:35:59Z,6010532017,3,Top movers,0.013,,,clickhouse-client --time,True,
ClickHouse Cloud,12,12,2026-08-08T08:45:59Z,6539371357,3,Top movers,0.012,,,clickhouse-client --time,True,
ClickHouse Cloud,13,13,2026-08-08T08:55:59Z,7146131616,3,Top movers,0.011,,,clickhouse-client --time,True,
ClickHouse Cloud,14,14,2026-08-08T09:05:59Z,7727462172,3,Top movers,0.013,,,clickhouse-client --time,True,
ClickHouse Cloud,15,15,2026-08-08T09:15:59Z,8305203448,3,Top movers,0.012,,,clickhouse-client --time,True,
ClickHouse Cloud,16,16,2026-08-08T09:25:59Z,8807164173,3,Top movers,0.012,,,clickhouse-client --time,True,
ClickHouse Cloud,17,17,2026-08-08T09:35:59Z,9395201523,3,Top movers,0.013,,,clickhouse-client --time,True,
ClickHouse Cloud,18,18,2026-08-08T09:45:59Z,9911918805,3,Top movers,0.012,,,clickhouse-client --time,True,
ClickHouse Cloud,19,19,2026-08-08T09:55:59Z,10448957290,3,Top movers,0.013,,,clickhouse-client --time,True,
ClickHouse Cloud,20,20,2026-08-08T10:05:59Z,10999409964,3,Top movers,0.013,,,clickhouse-client --time,True,
ClickHouse Cloud,21,21,2026-08-08T10:15:59Z,11495758638,3,Top movers,0.011,,,clickhouse-client --time,True,
ClickHouse Cloud,22,22,2026-08-08T10:25:59Z,12058435469,3,Top movers,0.012,,,clickhouse-client --time,True,
ClickHouse Cloud,23,23,2026-08-08T10:35:59Z,12574526062,3,Top movers,0.013,,,clickhouse-client --time,True,
ClickHouse Cloud,24,24,2026-08-08T10:45:59Z,13130688854,3,Top movers,0.013,,,clickhouse-client --time,True,
ClickHouse Cloud,25,25,2026-08-08T10:55:59Z,13690901348,3,Top movers,0.014,,,clickhouse-client --time,True,
ClickHouse Cloud,26,26,2026-08-08T11:05:59Z,14280804947,3,Top movers,0.014,,,clickhouse-client --time,True,
ClickHouse Cloud,27,27,2026-08-08T11:15:59Z,14876856126,3,Top movers,0.013,,,clickhouse-client --time,True,
ClickHouse Cloud,28,28,2026-08-08T11:25:59Z,15470256866,3,Top movers,0.011,,,clickhouse-client --time,True,
ClickHouse Cloud,29,29,2026-08-08T11:35:59Z,16058779354,3,Top movers,0.011,,,clickhouse-client --time,True,
ClickHouse Cloud,30,30,2026-08-08T11:45:59Z,16604006353,3,Top movers,0.011,,,clickhouse-client --time,True,
ClickHouse Cloud,31,31,2026-08-08T11:55:59Z,17204550973,3,Top movers,0.011,,,clickhouse-client --time,True,
ClickHouse Cloud,32,32,2026-08-08T12:05:59Z,17758468213,3,Top movers,0.011,,,clickhouse-client --time,True,
ClickHouse Cloud,33,33,2026-08-08T12:15:59Z,18360002425,3,Top movers,0.012,,,clickhouse-client --time,True,
ClickHouse Cloud,34,34,2026-08-08T12:25:59Z,18930505218,3,Top movers,0.012,,,clickhouse-client --time,True,
ClickHouse Cloud,35,35,2026-08-08T12:35:59Z,19498533079,3,Top movers,0.013,,,clickhouse-client --time,True,
ClickHouse Cloud,36,36,2026-08-08T12:45:59Z,20030972521,3,Top movers,0.014,,,clickhouse-client --time,True,
ClickHouse Cloud,37,37,2026-08-08T12:55:59Z,20598954386,3,Top movers,0.015,,,clickhouse-client --time,True,
ClickHouse Cloud,38,38,2026-08-08T13:05:59Z,21177624388,3,Top movers,0.015,,,clickhouse-client --time,True,
ClickHouse Cloud,39,39,2026-08-08T13:15:59Z,21690449123,3,Top movers,0.014,,,clickhouse-client --time,True,
ClickHouse Cloud,40,40,2026-08-08T13:25:59Z,22225814642,3,Top movers,0.012,,,clickhouse-client --time,True,
ClickHouse Cloud,41,41,2026-08-08T13:35:59Z,22769842666,3,Top movers,0.013,,,clickhouse-client --time,True,
ClickHouse Cloud,42,42,2026-08-08T13:45:59Z,23288685490,3,Top movers,0.012,,,clickhouse-client --time,True,
ClickHouse Cloud,43,43,2026-08-08T13:55:59Z,23844225514,3,Top movers,0.012,,,clickhouse-client --time,True,
ClickHouse Cloud,44,44,2026-08-08T14:05:59Z,24360433073,3,Top movers,0.012,,,clickhouse-client --time,True,
ClickHouse Cloud,45,45,2026-08-08T14:15:59Z,24937313823,3,Top movers,0.011,,,clickhouse-client --time,True,
ClickHouse Cloud,46,46,2026-08-08T14:25:59Z,25492435118,3,Top movers,0.013,,,clickhouse-client --time,True,
ClickHouse Cloud,47,47,2026-08-08T14:35:59Z,26047358918,3,Top movers,0.012,,,clickhouse-client --time,True,
ClickHouse Cloud,48,48,2026-08-08T14:45:59Z,26583320264,3,Top movers,0.012,,,clickhouse-client --time,True,
ClickHouse Cloud,49,49,2026-08-08T14:55:59Z,27117466999,3,Top movers,0.012,,,clickhouse-client --time,True,
ClickHouse Cloud,50,50,2026-08-08T15:05:59Z,27681375912,3,Top movers,0.013,,,clickhouse-client --time,True,
ClickHouse Cloud,51,51,2026-08-08T15:15:59Z,28239125449,3,Top movers,0.012,,,clickhouse-client --time,True,
ClickHouse Cloud,52,52,2026-08-08T15:25:59Z,28773516979,3,Top movers,0.011,,,clickhouse-client --time,True,
ClickHouse Cloud,53,53,2026-08-08T15:35:59Z,29346127706,3,Top movers,0.011,,,clickhouse-client --time,True,
ClickHouse Cloud,54,54,2026-08-08T15:45:59Z,29890137150,3,Top movers,0.011,,,clickhouse-client --time,True,
ClickHouse Cloud,55,55,2026-08-08T15:55:59Z,30465667350,3,Top movers,0.011,,,clickhouse-client --time,True,
ClickHouse Cloud,56,56,2026-08-08T16:05:59Z,31018228497,3,Top movers,0.011,,,clickhouse-client --time,True,
ClickHouse Cloud,57,57,2026-08-08T16:15:59Z,31588088259,3,Top movers,0.012,,,clickhouse-client --time,True,
ClickHouse Cloud,58,58,2026-08-08T16:25:59Z,32144496083,3,Top movers,0.013,,,clickhouse-client --time,True,
ClickHouse Cloud,59,59,2026-08-08T16:35:59Z,32651953244,3,Top movers,0.014,,,clickhouse-client --time,True,
ClickHouse Cloud,60,60,2026-08-08T16:45:59Z,33183996050,3,Top movers,0.013,,,clickhouse-client --time,True,
ClickHouse Cloud,61,61,2026-08-08T16:55:59Z,33748476003,3,Top movers,0.014,,,clickhouse-client --time,True,
ClickHouse Cloud,62,62,2026-08-08T17:05:59Z,34249264401,3,Top movers,0.013,,,clickhouse-client --time,True,
ClickHouse Cloud,63,63,2026-08-08T17:15:59Z,34764613132,3,Top movers,0.012,,,clickhouse-client --time,True,
ClickHouse Cloud,64,64,2026-08-08T17:25:59Z,35300178406,3,Top movers,0.013,,,clickhouse-client --time,True,
ClickHouse Cloud,65,65,2026-08-08T17:35:59Z,35804053385,3,Top movers,0.013,,,clickhouse-client --time,True,
ClickHouse Cloud,66,66,2026-08-08T17:45:59Z,36352821706,3,Top movers,0.013,,,clickhouse-client --time,True,
ClickHouse Cloud,67,67,2026-08-08T17:55:59Z,36850964650,3,Top movers,0.014,,,clickhouse-client --time,True,
ClickHouse Cloud,68,68,2026-08-08T18:05:59Z,37331880801,3,Top movers,0.012,,,clickhouse-client --time,True,
ClickHouse Cloud,69,69,2026-08-08T18:15:59Z,37851506740,3,Top movers,0.012,,,clickhouse-client --time,True,
ClickHouse Cloud,70,70,2026-08-08T18:25:59Z,38333894855,3,Top movers,0.012,,,clickhouse-client --time,True,
ClickHouse Cloud,71,71,2026-08-08T18:35:59Z,38903981063,3,Top movers,0.014,,,clickhouse-client --time,True,
ClickHouse Cloud,72,72,2026-08-08T18:45:59Z,39403630784,3,Top movers,0.014,,,clickhouse-client --time,True,
ClickHouse Cloud,73,73,2026-08-08T18:55:59Z,39938729827,3,Top movers,0.012,,,clickhouse-client --time,True,
ClickHouse Cloud,74,74,2026-08-08T19:05:59Z,40455322866,3,Top movers,0.013,,,clickhouse-client --time,True,
ClickHouse Cloud,75,75,2026-08-08T19:15:59Z,40983472025,3,Top movers,0.014,,,clickhouse-client --time,True,
ClickHouse Cloud,76,76,2026-08-08T19:25:59Z,41461994932,3,Top movers,0.014,,,clickhouse-client --time,True,
ClickHouse Cloud,77,77,2026-08-08T19:35:59Z,41986954384,3,Top movers,0.016,,,clickhouse-client --time,True,
ClickHouse Cloud,78,78,2026-08-08T19:45:59Z,42504704257,3,Top movers,0.014,,,clickhouse-client --time,True,
ClickHouse Cloud,79,79,2026-08-08T19:55:59Z,43037353870,3,Top movers,0.014,,,clickhouse-client --time,True,
ClickHouse Cloud,80,80,2026-08-08T20:05:59Z,43568180819,3,Top movers,0.013,,,clickhouse-client --time,True,
ClickHouse Cloud,81,81,2026-08-08T20:15:59Z,44075896295,3,Top movers,0.015,,,clickhouse-client --time,True,
ClickHouse Cloud,82,82,2026-08-08T20:25:59Z,44585275116,3,Top movers,0.014,,,clickhouse-client --time,True,
ClickHouse Cloud,83,83,2026-08-08T20:35:59Z,45119401562,3,Top movers,0.013,,,clickhouse-client --time,True,
ClickHouse Cloud,84,84,2026-08-08T20:45:59Z,45608868518,3,Top movers,0.012,,,clickhouse-client --time,True,
ClickHouse Cloud,85,85,2026-08-08T20:55:59Z,46108257326,3,Top movers,0.013,,,clickhouse-client --time,True,
ClickHouse Cloud,86,86,2026-08-08T21:05:59Z,46607144697,3,Top movers,0.013,,,clickhouse-client --time,True,
ClickHouse Cloud,87,87,2026-08-08T21:15:59Z,47127220430,3,Top movers,0.013,,,clickhouse-client --time,True,
ClickHouse Cloud,88,88,2026-08-08T21:25:59Z,47630286458,3,Top movers,0.014,,,clickhouse-client --time,True,
ClickHouse Cloud,89,89,2026-08-08T21:35:59Z,48152769396,3,Top movers,0.014,,,clickhouse-client --time,True,
ClickHouse Cloud,90,90,2026-08-08T21:45:59Z,48651039753,3,Top movers,0.015,,,clickhouse-client --time,True,
ClickHouse Cloud,91,91,2026-08-08T21:55:59Z,49173608481,3,Top movers,0.014,,,clickhouse-client --time,True,
ClickHouse Cloud,92,92,2026-08-08T22:05:59Z,49691385785,3,Top movers,0.016,,,clickhouse-client --time,True,
ClickHouse Cloud,93,93,2026-08-08T22:15:59Z,50238320035,3,Top movers,0.017,,,clickhouse-client --time,True,
ClickHouse Cloud,94,94,2026-08-08T22:25:59Z,50788829774,3,Top movers,0.014,,,clickhouse-client --time,True,
ClickHouse Cloud,95,95,2026-08-08T22:35:59Z,51325118756,3,Top movers,0.015,,,clickhouse-client --time,True,
ClickHouse Cloud,96,96,2026-08-08T22:45:59Z,51886771408,3,Top movers,0.014,,,clickhouse-client --time,True,
ClickHouse Cloud,97,97,2026-08-08T22:55:59Z,52441318029,3,Top movers,0.013,,,clickhouse-client --time,True,
ClickHouse Cloud,98,98,2026-08-08T23:05:59Z,52920335727,3,Top movers,0.014,,,clickhouse-client --time,True,
ClickHouse Cloud,99,99,2026-08-08T23:15:59Z,53408601648,3,Top movers,0.013,,,clickhouse-client --time,True,
ClickHouse Cloud,100,100,2026-08-08T23:25:59Z,53910086618,3,Top movers,0.015,,,clickhouse-client --time,True,
ClickHouse Cloud,101,101,2026-08-08T23:35:59Z,54424699241,3,Top movers,0.015,,,clickhouse-client --time,True,
ClickHouse Cloud,102,102,2026-08-08T23:45:59Z,54899250491,3,Top movers,0.015,,,clickhouse-client --time,True,
ClickHouse Cloud,103,103,2026-08-08T23:55:59Z,55416633625,3,Top movers,0.015,,,clickhouse-client --time,True,
ClickHouse Cloud,104,104,2026-08-09T00:05:59Z,55944840077,3,Top movers,0.015,,,clickhouse-client --time,True,
ClickHouse Cloud,105,105,2026-08-09T00:15:59Z,56450202011,3,Top movers,0.015,,,clickhouse-client --time,True,
ClickHouse Cloud,106,106,2026-08-09T00:25:59Z,56976658135,3,Top movers,0.013,,,clickhouse-client --time,True,
ClickHouse Cloud,107,107,2026-08-09T00:35:59Z,57502590981,3,Top movers,0.014,,,clickhouse-client --time,True,
ClickHouse Cloud,108,108,2026-08-09T00:45:59Z,58017492696,3,Top movers,0.015,,,clickhouse-client --time,True,
ClickHouse Cloud,109,109,2026-08-09T00:55:59Z,58509450012,3,Top movers,0.014,,,clickhouse-client --time,True,
ClickHouse Cloud,110,110,2026-08-09T01:05:59Z,59010783142,3,Top movers,0.015,,,clickhouse-client --time,True,
ClickHouse Cloud,111,111,2026-08-09T01:15:59Z,59503489949,3,Top movers,0.015,,,clickhouse-client --time,True,
ClickHouse Cloud,112,112,2026-08-09T01:25:59Z,59972983401,3,Top movers,0.015,,,clickhouse-client --time,True,
ClickHouse Cloud,113,113,2026-08-09T01:35:59Z,60442237749,3,Top movers,0.015,,,clickhouse-client --time,True,
ClickHouse Cloud,114,114,2026-08-09T01:45:59Z,60904448195,3,Top movers,0.014,,,clickhouse-client --time,True,
ClickHouse Cloud,115,115,2026-08-09T01:55:59Z,61370139665,3,Top movers,0.015,,,clickhouse-client --time,True,
ClickHouse Cloud,116,116,2026-08-09T02:05:59Z,61872097967,3,Top movers,0.015,,,clickhouse-client --time,True,
ClickHouse Cloud,117,117,2026-08-09T02:15:59Z,62362523974,3,Top movers,0.017,,,clickhouse-client --time,True,
ClickHouse Cloud,118,118,2026-08-09T02:25:59Z,62852767644,3,Top movers,0.015,,,clickhouse-client --time,True,
ClickHouse Cloud,119,119,2026-08-09T02:35:59Z,63303274836,3,Top movers,0.017,,,clickhouse-client --time,True,
ClickHouse Cloud,120,120,2026-08-09T02:45:59Z,63813706871,3,Top movers,0.017,,,clickhouse-client --time,True,
ClickHouse Cloud,121,121,2026-08-09T02:55:59Z,64297816643,3,Top movers,0.021,,,clickhouse-client --time,True,
ClickHouse Cloud,122,122,2026-08-09T03:05:59Z,64830505943,3,Top movers,0.014,,,clickhouse-client --time,True,
ClickHouse Cloud,123,123,2026-08-09T03:15:59Z,65325007686,3,Top movers,0.013,,,clickhouse-client --time,True,
ClickHouse Cloud,124,124,2026-08-09T03:25:59Z,65803792964,3,Top movers,0.013,,,clickhouse-client --time,True,
ClickHouse Cloud,125,125,2026-08-09T03:35:59Z,66304040996,3,Top movers,0.015,,,clickhouse-client --time,True,
ClickHouse Cloud,126,126,2026-08-09T03:45:59Z,66813762801,3,Top movers,0.015,,,clickhouse-client --time,True,
ClickHouse Cloud,127,127,2026-08-09T03:55:59Z,67293866994,3,Top movers,0.013,,,clickhouse-client --time,True,
ClickHouse Cloud,128,128,2026-08-09T04:05:59Z,67748504407,3,Top movers,0.013,,,clickhouse-client --time,True,
ClickHouse Cloud,129,129,2026-08-09T04:15:59Z,68201006429,3,Top movers,0.014,,,clickhouse-client --time,True,
ClickHouse Cloud,130,130,2026-08-09T04:25:59Z,68684069442,3,Top movers,0.013,,,clickhouse-client --time,True,
ClickHouse Cloud,131,131,2026-08-09T04:35:59Z,69181831398,3,Top movers,0.015,,,clickhouse-client --time,True,
ClickHouse Cloud,132,132,2026-08-09T04:45:59Z,69676432303,3,Top movers,0.015,,,clickhouse-client --time,True,
ClickHouse Cloud,133,133,2026-08-09T04:55:59Z,70168596073,3,Top movers,0.014,,,clickhouse-client --time,True,
ClickHouse Cloud,134,134,2026-08-09T05:05:59Z,70659299166,3,Top movers,0.014,,,clickhouse-client --time,True,
ClickHouse Cloud,135,135,2026-08-09T05:15:59Z,71156738966,3,Top movers,0.016,,,clickhouse-client --time,True,
ClickHouse Cloud,136,136,2026-08-09T05:25:59Z,71624709770,3,Top movers,0.015,,,clickhouse-client --time,True,
ClickHouse Cloud,137,137,2026-08-09T05:35:59Z,72091825703,3,Top movers,0.015,,,clickhouse-client --time,True,
ClickHouse Cloud,138,138,2026-08-09T05:45:59Z,72547878251,3,Top movers,0.017,,,clickhouse-client --time,True,
ClickHouse Cloud,139,139,2026-08-09T05:55:59Z,73013213443,3,Top movers,0.014,,,clickhouse-client --time,True,
ClickHouse Cloud,140,140,2026-08-09T06:05:59Z,73476437585,3,Top movers,0.014,,,clickhouse-client --time,True,
ClickHouse Cloud,141,141,2026-08-09T06:15:59Z,73987325693,3,Top movers,0.014,,,clickhouse-client --time,True,
ClickHouse Cloud,142,142,2026-08-09T06:25:59Z,74486757162,3,Top movers,0.015,,,clickhouse-client --time,True,
ClickHouse Cloud,143,143,2026-08-09T06:35:59Z,74995355831,3,Top movers,0.014,,,clickhouse-client --time,True,
ClickHouse Cloud,144,144,2026-08-09T06:45:59Z,75466940903,3,Top movers,0.016,,,clickhouse-client --time,True,
ClickHouse Cloud,145,145,2026-08-09T06:55:59Z,75964855518,3,Top movers,0.016,,,clickhouse-client --time,True,
ClickHouse Cloud,146,146,2026-08-09T07:05:59Z,76430868234,3,Top movers,0.016,,,clickhouse-client --time,True,
ClickHouse Cloud,147,147,2026-08-09T07:15:59Z,76885010641,3,Top movers,0.016,,,clickhouse-client --time,True,
ClickHouse Cloud,148,148,2026-08-09T07:25:59Z,77350951993,3,Top movers,0.014,,,clickhouse-client --time,True,
ClickHouse Cloud,149,149,2026-08-09T07:35:59Z,77850423857,3,Top movers,0.014,,,clickhouse-client --time,True,
ClickHouse Cloud,150,150,2026-08-09T07:45:59Z,78316136469,3,Top movers,0.014,,,clickhouse-client --time,True,
ClickHouse Cloud,151,151,2026-08-09T07:55:59Z,78743691693,3,Top movers,0.015,,,clickhouse-client --time,True,
ClickHouse Cloud,152,152,2026-08-09T08:05:59Z,79106273696,3,Top movers,0.016,,,clickhouse-client --time,True,
ClickHouse Cloud,153,153,2026-08-09T08:15:59Z,79558355522,3,Top movers,0.017,,,clickhouse-client --time,True,
ClickHouse Cloud,154,154,2026-08-09T08:25:59Z,80034599414,3,Top movers,0.015,,,clickhouse-client --time,True,
ClickHouse Cloud,155,155,2026-08-09T08:35:59Z,80503603294,3,Top movers,0.016,,,clickhouse-client --time,True,
ClickHouse Cloud,156,156,2026-08-09T08:45:59Z,80949316423,3,Top movers,0.015,,,clickhouse-client --time,True,
ClickHouse Cloud,157,157,2026-08-09T08:55:59Z,81360968914,3,Top movers,0.015,,,clickhouse-client --time,True,
ClickHouse Cloud,158,158,2026-08-09T09:05:59Z,81786894322,3,Top movers,0.015,,,clickhouse-client --time,True,
ClickHouse Cloud,159,159,2026-08-09T09:15:59Z,82193904360,3,Top movers,0.016,,,clickhouse-client --time,True,
ClickHouse Cloud,160,160,2026-08-09T09:25:59Z,82614022776,3,Top movers,0.016,,,clickhouse-client --time,True,
ClickHouse Cloud,161,161,2026-08-09T09:35:59Z,83038964951,3,Top movers,0.016,,,clickhouse-client --time,True,
ClickHouse Cloud,162,162,2026-08-09T09:45:59Z,83491097777,3,Top movers,0.016,,,clickhouse-client --time,True,
ClickHouse Cloud,163,163,2026-08-09T09:55:59Z,83949333223,3,Top movers,0.017,,,clickhouse-client --time,True,
ClickHouse Cloud,164,164,2026-08-09T10:05:59Z,84454230067,3,Top movers,0.016,,,clickhouse-client --time,True,
ClickHouse Cloud,165,165,2026-08-09T10:15:59Z,84942338016,3,Top movers,0.017,,,clickhouse-client --time,True,
ClickHouse Cloud,166,166,2026-08-09T10:25:59Z,85486320046,3,Top movers,0.016,,,clickhouse-client --time,True,
ClickHouse Cloud,167,167,2026-08-09T10:35:59Z,86027059928,3,Top movers,0.017,,,clickhouse-client --time,True,
ClickHouse Cloud,168,168,2026-08-09T10:45:59Z,86536377584,3,Top movers,0.019,,,clickhouse-client --time,True,
ClickHouse Cloud,169,169,2026-08-09T10:55:59Z,87060073492,3,Top movers,0.017,,,clickhouse-client --time,True,
ClickHouse Cloud,170,170,2026-08-09T11:05:59Z,87633622969,3,Top movers,0.017,,,clickhouse-client --time,True,
ClickHouse Cloud,171,171,2026-08-09T11:15:59Z,88183458683,3,Top movers,0.018,,,clickhouse-client --time,True,
ClickHouse Cloud,172,172,2026-08-09T11:25:59Z,88722660479,3,Top movers,0.018,,,clickhouse-client --time,True,
ClickHouse Cloud,173,173,2026-08-09T11:35:59Z,89252600968,3,Top movers,0.019,,,clickhouse-client --time,True,
ClickHouse Cloud,174,174,2026-08-09T11:45:59Z,89771307204,3,Top movers,0.018,,,clickhouse-client --time,True,
ClickHouse Cloud,175,175,2026-08-09T11:55:59Z,90310361990,3,Top movers,0.019,,,clickhouse-client --time,True,
ClickHouse Cloud,176,176,2026-08-09T12:05:59Z,90786625328,3,Top movers,0.018,,,clickhouse-client --time,True,
ClickHouse Cloud,177,177,2026-08-09T12:15:59Z,91318721092,3,Top movers,0.019,,,clickhouse-client --time,True,
ClickHouse Cloud,178,178,2026-08-09T12:25:59Z,91841644344,3,Top movers,0.019,,,clickhouse-client --time,True,
ClickHouse Cloud,179,179,2026-08-09T12:35:59Z,92330582028,3,Top movers,0.02,,,clickhouse-client --time,True,
ClickHouse Cloud,180,180,2026-08-09T12:45:59Z,92808126794,3,Top movers,0.018,,,clickhouse-client --time,True,
ClickHouse Cloud,181,181,2026-08-09T12:55:59Z,93292685867,3,Top movers,0.02,,,clickhouse-client --time,True,
ClickHouse Cloud,182,182,2026-08-09T13:05:59Z,93798216437,3,Top movers,0.019,,,clickhouse-client --time,True,
ClickHouse Cloud,183,183,2026-08-09T13:15:59Z,94324820860,3,Top movers,0.018,,,clickhouse-client --time,True,
ClickHouse Cloud,184,184,2026-08-09T13:25:59Z,94869720583,3,Top movers,0.019,,,clickhouse-client --time,True,
ClickHouse Cloud,185,185,2026-08-09T13:35:59Z,95368092163,3,Top movers,0.019,,,clickhouse-client --time,True,
ClickHouse Cloud,186,186,2026-08-09T13:45:59Z,95854521730,3,Top movers,0.018,,,clickhouse-client --time,True,
ClickHouse Cloud,187,187,2026-08-09T13:55:59Z,96363475717,3,Top movers,0.019,,,clickhouse-client --time,True,
ClickHouse Cloud,188,188,2026-08-09T14:05:59Z,96870245467,3,Top movers,0.018,,,clickhouse-client --time,True,
ClickHouse Cloud,189,189,2026-08-09T14:15:59Z,97440595296,3,Top movers,0.019,,,clickhouse-client --time,True,
ClickHouse Cloud,190,190,2026-08-09T14:25:59Z,97990299109,3,Top movers,0.018,,,clickhouse-client --time,True,
ClickHouse Cloud,191,191,2026-08-09T14:35:59Z,98531195718,3,Top movers,0.018,,,clickhouse-client --time,True,
ClickHouse Cloud,192,192,2026-08-09T14:45:59Z,99080355059,3,Top movers,0.02,,,clickhouse-client --time,True,
ClickHouse Cloud,193,193,2026-08-09T14:55:59Z,99566521565,3,Top movers,0.018,,,clickhouse-client --time,True,
Snowflake,2,2,2026-08-11T11:28:57Z,532996784,3,Top movers,1.14,0.307,0.833,runner result (end-to-end); compilation/execution retained,True,
Snowflake,3,3,2026-08-11T11:38:57Z,1108625165,3,Top movers,0.996,0.437,0.559,runner result (end-to-end); compilation/execution retained,True,
Snowflake,4,4,2026-08-11T11:48:57Z,1658912507,3,Top movers,1.757,0.599,1.158,runner result (end-to-end); compilation/execution retained,True,
Snowflake,5,5,2026-08-11T11:58:57Z,2217147353,3,Top movers,1.254,0.628,0.626,runner result (end-to-end); compilation/execution retained,True,
Snowflake,6,6,2026-08-11T12:08:57Z,2786291244,3,Top movers,2.445,1.061,1.384,runner result (end-to-end); compilation/execution retained,True,
Snowflake,7,7,2026-08-11T12:18:57Z,3343738155,3,Top movers,2.094,1.07,1.024,runner result (end-to-end); compilation/execution retained,True,
Snowflake,8,8,2026-08-11T12:28:57Z,3899391577,3,Top movers,3.29,1.652,1.638,runner result (end-to-end); compilation/execution retained,True,
Snowflake,9,9,2026-08-11T12:38:57Z,4448004794,3,Top movers,2.244,1.502,0.742,runner result (end-to-end); compilation/execution retained,True,
Snowflake,10,10,2026-08-11T12:48:57Z,5002254267,3,Top movers,2.799,1.462,1.337,runner result (end-to-end); compilation/execution retained,True,
Snowflake,11,11,2026-08-11T12:58:57Z,5553730140,3,Top movers,2.76,1.855,0.905,runner result (end-to-end); compilation/execution retained,True,
Snowflake,12,12,2026-08-11T13:08:57Z,6107183801,3,Top movers,3.202,1.675,1.527,runner result (end-to-end); compilation/execution retained,True,
Snowflake,13,13,2026-08-11T13:18:57Z,6662885451,3,Top movers,3.782,2.891,0.891,runner result (end-to-end); compilation/execution retained,True,
Snowflake,14,14,2026-08-11T13:28:57Z,7220407062,3,Top movers,3.872,2.073,1.799,runner result (end-to-end); compilation/execution retained,True,
Snowflake,15,15,2026-08-11T13:38:57Z,7772453021,3,Top movers,3.011,2.589,0.422,runner result (end-to-end); compilation/execution retained,True,
Snowflake,16,16,2026-08-11T13:48:57Z,8327660844,3,Top movers,2.298,0.267,2.031,runner result (end-to-end); compilation/execution retained,True,
Snowflake,17,17,2026-08-11T13:58:57Z,8869790384,3,Top movers,1.527,0.77,0.757,runner result (end-to-end); compilation/execution retained,True,
Snowflake,18,18,2026-08-11T14:08:57Z,9416167217,3,Top movers,3.225,0.98,2.245,runner result (end-to-end); compilation/execution retained,True,
Snowflake,19,19,2026-08-11T14:18:57Z,9966828956,3,Top movers,1.227,0.721,0.506,runner result (end-to-end); compilation/execution retained,True,
Snowflake,20,20,2026-08-11T14:28:57Z,10515573711,3,Top movers,3.763,1.301,2.462,runner result (end-to-end); compilation/execution retained,True,
Snowflake,21,21,2026-08-11T14:38:57Z,11061458462,3,Top movers,3.409,1.797,1.612,runner result (end-to-end); compilation/execution retained,True,
Snowflake,22,22,2026-08-11T14:48:57Z,11598082800,3,Top movers,3.54,0.931,2.609,runner result (end-to-end); compilation/execution retained,True,
Snowflake,23,23,2026-08-11T14:58:57Z,12155361632,3,Top movers,2.047,1.149,0.898,runner result (end-to-end); compilation/execution retained,True,
Snowflake,24,24,2026-08-11T15:08:57Z,12686918328,3,Top movers,16.662,12.636,3.918,runner result (end-to-end); compilation/execution retained,True,
Snowflake,25,25,2026-08-11T15:18:57Z,13239818975,3,Top movers,1.939,1.432,0.507,runner result (end-to-end); compilation/execution retained,True,
Snowflake,26,26,2026-08-11T15:28:57Z,13783825272,3,Top movers,9.409,4.102,5.307,runner result (end-to-end); compilation/execution retained,True,
Snowflake,27,27,2026-08-11T15:38:57Z,14320432691,3,Top movers,1.841,1.396,0.445,runner result (end-to-end); compilation/execution retained,True,
Snowflake,28,28,2026-08-11T15:48:57Z,14865686419,3,Top movers,3.91,1.512,2.398,runner result (end-to-end); compilation/execution retained,True,
Snowflake,29,29,2026-08-11T15:58:57Z,15406449067,3,Top movers,2.324,1.478,0.846,runner result (end-to-end); compilation/execution retained,True,
Snowflake,30,30,2026-08-11T16:08:57Z,15953152260,3,Top movers,8.901,3.3,5.601,runner result (end-to-end); compilation/execution retained,True,
Snowflake,31,31,2026-08-11T16:18:57Z,16496810019,3,Top movers,2.628,1.815,0.813,runner result (end-to-end); compilation/execution retained,True,
Snowflake,32,32,2026-08-11T16:28:57Z,17037168163,3,Top movers,9.77,4.482,5.288,runner result (end-to-end); compilation/execution retained,True,
Snowflake,33,33,2026-08-11T16:38:57Z,17587595862,3,Top movers,3.608,3.142,0.466,runner result (end-to-end); compilation/execution retained,True,
Snowflake,34,34,2026-08-11T16:48:57Z,18120902444,3,Top movers,8.434,4.539,3.895,runner result (end-to-end); compilation/execution retained,True,
Snowflake,35,35,2026-08-11T16:58:57Z,18664388826,3,Top movers,3.776,3.237,0.539,runner result (end-to-end); compilation/execution retained,True,
Snowflake,36,36,2026-08-11T17:08:57Z,19216193045,3,Top movers,11.583,8.377,3.206,runner result (end-to-end); compilation/execution retained,True,
Snowflake,37,37,2026-08-11T17:18:57Z,19745883933,3,Top movers,4.841,4.354,0.487,runner result (end-to-end); compilation/execution retained,True,
Snowflake,38,38,2026-08-11T17:28:57Z,20305329136,3,Top movers,9.264,3.38,5.884,runner result (end-to-end); compilation/execution retained,True,
Snowflake,39,39,2026-08-11T17:38:57Z,20844684066,3,Top movers,6.963,5.156,1.749,runner result (end-to-end); compilation/execution retained,True,
Snowflake,40,40,2026-08-11T17:48:57Z,21391428069,3,Top movers,12.928,5.193,7.586,runner result (end-to-end); compilation/execution retained,True,
Snowflake,41,41,2026-08-11T17:58:57Z,21938345201,3,Top movers,9.993,9.157,0.836,runner result (end-to-end); compilation/execution retained,True,
Snowflake,42,42,2026-08-11T18:08:57Z,22480394175,3,Top movers,8.711,4.469,4.242,runner result (end-to-end); compilation/execution retained,True,
Snowflake,43,43,2026-08-11T18:18:57Z,23027036303,3,Top movers,4.545,4.077,0.468,runner result (end-to-end); compilation/execution retained,True,
Snowflake,44,44,2026-08-11T18:28:57Z,23563684837,3,Top movers,10.453,4.877,5.576,runner result (end-to-end); compilation/execution retained,True,
Snowflake,45,45,2026-08-11T18:38:57Z,24108292723,3,Top movers,9.841,9.397,0.444,runner result (end-to-end); compilation/execution retained,True,
Snowflake,46,46,2026-08-11T18:48:57Z,24651647019,3,Top movers,13.918,9.832,4.086,runner result (end-to-end); compilation/execution retained,True,
Snowflake,47,47,2026-08-11T18:58:57Z,25200289313,3,Top movers,6.682,4.906,1.776,runner result (end-to-end); compilation/execution retained,True,
Snowflake,48,48,2026-08-11T19:08:57Z,25747852434,3,Top movers,15.701,11.385,4.316,runner result (end-to-end); compilation/execution retained,True,
Snowflake,49,49,2026-08-11T19:18:57Z,26283076869,3,Top movers,11.084,9.816,1.268,runner result (end-to-end); compilation/execution retained,True,
Snowflake,50,50,2026-08-11T19:28:57Z,26820178083,3,Top movers,14.641,9.958,4.683,runner result (end-to-end); compilation/execution retained,True,
Snowflake,51,51,2026-08-11T19:38:57Z,27375417517,3,Top movers,11.563,9.91,1.653,runner result (end-to-end); compilation/execution retained,True,
Snowflake,52,52,2026-08-11T19:48:57Z,27918995748,3,Top movers,14.449,10.174,4.275,runner result (end-to-end); compilation/execution retained,True,
Snowflake,53,53,2026-08-11T19:58:57Z,28455528243,3,Top movers,11.48,10.062,1.418,runner result (end-to-end); compilation/execution retained,True,
Snowflake,54,54,2026-08-11T20:08:57Z,28993570106,3,Top movers,14.747,10.915,3.832,runner result (end-to-end); compilation/execution retained,True,
Snowflake,55,55,2026-08-11T20:18:57Z,29545700964,3,Top movers,11.463,10.501,0.962,runner result (end-to-end); compilation/execution retained,True,
Snowflake,56,56,2026-08-11T20:28:57Z,30083988028,3,Top movers,18.269,14.575,3.618,runner result (end-to-end); compilation/execution retained,True,
Snowflake,57,57,2026-08-11T20:38:57Z,30630575890,3,Top movers,11.777,10.579,1.198,runner result (end-to-end); compilation/execution retained,True,
Snowflake,58,58,2026-08-11T20:48:57Z,31165284381,3,Top movers,15.218,11.351,3.867,runner result (end-to-end); compilation/execution retained,True,
Snowflake,59,59,2026-08-11T20:58:57Z,31720586913,3,Top movers,11.798,10.695,1.103,runner result (end-to-end); compilation/execution retained,True,
Snowflake,60,60,2026-08-11T21:08:57Z,32256432850,3,Top movers,14.568,11.052,3.516,runner result (end-to-end); compilation/execution retained,True,
Snowflake,61,61,2026-08-11T21:18:57Z,32804567571,3,Top movers,12.697,11.757,0.94,runner result (end-to-end); compilation/execution retained,True,
Snowflake,62,62,2026-08-11T21:28:57Z,33359668543,3,Top movers,16.153,10.97,5.183,runner result (end-to-end); compilation/execution retained,True,
Snowflake,63,63,2026-08-11T21:38:57Z,33893505898,3,Top movers,13.401,12.239,1.162,runner result (end-to-end); compilation/execution retained,True,
Snowflake,64,64,2026-08-11T21:48:57Z,34442826434,3,Top movers,16.902,12.381,4.521,runner result (end-to-end); compilation/execution retained,True,
Snowflake,65,65,2026-08-11T21:58:57Z,34990195086,3,Top movers,13.403,11.942,1.461,runner result (end-to-end); compilation/execution retained,True,
Snowflake,66,66,2026-08-11T22:08:57Z,35543561911,3,Top movers,14.9,12.132,2.768,runner result (end-to-end); compilation/execution retained,True,
Snowflake,67,67,2026-08-11T22:18:57Z,36086551556,3,Top movers,12.962,11.804,1.158,runner result (end-to-end); compilation/execution retained,True,
Snowflake,68,68,2026-08-11T22:28:57Z,36629144961,3,Top movers,13.844,11.649,2.195,runner result (end-to-end); compilation/execution retained,True,
Snowflake,69,69,2026-08-11T22:38:57Z,37176739226,3,Top movers,14.583,12.998,1.585,runner result (end-to-end); compilation/execution retained,True,
Snowflake,70,70,2026-08-11T22:48:57Z,37714068818,3,Top movers,16.926,12.211,4.715,runner result (end-to-end); compilation/execution retained,True,
Snowflake,71,71,2026-08-11T22:58:57Z,38258658415,3,Top movers,13.419,12.616,0.803,runner result (end-to-end); compilation/execution retained,True,
Snowflake,72,72,2026-08-11T23:08:57Z,38815458699,3,Top movers,17.392,12.504,4.888,runner result (end-to-end); compilation/execution retained,True,
Snowflake,73,73,2026-08-11T23:18:57Z,39353814542,3,Top movers,14.73,12.896,1.834,runner result (end-to-end); compilation/execution retained,True,
Snowflake,74,74,2026-08-11T23:28:57Z,39910561199,3,Top movers,16.344,12.87,3.474,runner result (end-to-end); compilation/execution retained,True,
Snowflake,75,75,2026-08-11T23:38:57Z,40450795463,3,Top movers,14.064,13.008,1.056,runner result (end-to-end); compilation/execution retained,True,
Snowflake,76,76,2026-08-11T23:48:57Z,41001235716,3,Top movers,18.05,13.429,4.621,runner result (end-to-end); compilation/execution retained,True,
Snowflake,77,77,2026-08-11T23:58:57Z,41541364286,3,Top movers,14.477,13.421,1.056,runner result (end-to-end); compilation/execution retained,True,
Snowflake,78,78,2026-08-12T00:08:57Z,42087321356,3,Top movers,15.994,11.386,4.608,runner result (end-to-end); compilation/execution retained,True,
Snowflake,79,79,2026-08-12T00:18:57Z,42638946619,3,Top movers,13.131,11.428,1.703,runner result (end-to-end); compilation/execution retained,True,
Snowflake,80,80,2026-08-12T00:28:57Z,43189555601,3,Top movers,18.033,13.829,4.204,runner result (end-to-end); compilation/execution retained,True,
Snowflake,81,81,2026-08-12T00:38:57Z,43737335549,3,Top movers,12.114,10.838,1.276,runner result (end-to-end); compilation/execution retained,True,
Snowflake,82,82,2026-08-12T00:48:57Z,44285385932,3,Top movers,14.955,11.068,3.887,runner result (end-to-end); compilation/execution retained,True,
Snowflake,83,83,2026-08-12T00:58:57Z,44819116712,3,Top movers,13.516,12.386,1.13,runner result (end-to-end); compilation/execution retained,True,
Snowflake,84,84,2026-08-12T01:08:57Z,45370941730,3,Top movers,16.535,11.784,4.751,runner result (end-to-end); compilation/execution retained,True,
Snowflake,85,85,2026-08-12T01:18:57Z,45915210443,3,Top movers,12.764,11.414,1.35,runner result (end-to-end); compilation/execution retained,True,
Snowflake,86,86,2026-08-12T01:28:57Z,46469268846,3,Top movers,14.92,11.643,3.277,runner result (end-to-end); compilation/execution retained,True,
Snowflake,87,87,2026-08-12T01:38:57Z,47014619196,3,Top movers,13.3,11.98,1.32,runner result (end-to-end); compilation/execution retained,True,
Snowflake,88,88,2026-08-12T01:48:57Z,47557887173,3,Top movers,2.428,0.196,2.232,runner result (end-to-end); compilation/execution retained,True,
Snowflake,89,89,2026-08-12T01:58:57Z,48108937450,3,Top movers,1.215,0.84,0.375,runner result (end-to-end); compilation/execution retained,True,
Snowflake,90,90,2026-08-12T02:08:57Z,48654354733,3,Top movers,2.464,0.557,1.907,runner result (end-to-end); compilation/execution retained,True,
Snowflake,91,91,2026-08-12T02:18:57Z,49198792764,3,Top movers,1.132,0.843,0.289,runner result (end-to-end); compilation/execution retained,True,
Snowflake,92,92,2026-08-12T02:28:57Z,49752959746,3,Top movers,3.534,0.817,2.717,runner result (end-to-end); compilation/execution retained,True,
Snowflake,93,93,2026-08-12T02:38:57Z,50295558507,3,Top movers,1.366,0.219,1.147,runner result (end-to-end); compilation/execution retained,True,
Snowflake,94,94,2026-08-12T02:48:57Z,50839423797,3,Top movers,1.824,0.346,1.478,runner result (end-to-end); compilation/execution retained,True,
Snowflake,95,95,2026-08-12T02:58:57Z,51388846496,3,Top movers,1.632,0.611,1.021,runner result (end-to-end); compilation/execution retained,True,
Snowflake,96,96,2026-08-12T03:08:57Z,51921113849,3,Top movers,2.967,0.549,2.418,runner result (end-to-end); compilation/execution retained,True,
Snowflake,97,97,2026-08-12T03:18:57Z,52476957308,3,Top movers,1.746,1.183,0.563,runner result (end-to-end); compilation/execution retained,True,
Snowflake,98,98,2026-08-12T03:28:57Z,53013859627,3,Top movers,3.376,1.151,2.225,runner result (end-to-end); compilation/execution retained,True,
Snowflake,99,99,2026-08-12T03:38:57Z,53553602030,3,Top movers,2.407,1.205,1.202,runner result (end-to-end); compilation/execution retained,True,
Snowflake,100,100,2026-08-12T03:48:57Z,54096739316,3,Top movers,3.709,1.298,2.411,runner result (end-to-end); compilation/execution retained,True,
Snowflake,101,101,2026-08-12T03:58:57Z,54638958461,3,Top movers,2.366,1.287,1.079,runner result (end-to-end); compilation/execution retained,True,
Snowflake,102,102,2026-08-12T04:08:57Z,55184688243,3,Top movers,3.422,1.568,1.854,runner result (end-to-end); compilation/execution retained,True,
Snowflake,103,103,2026-08-12T04:18:57Z,55728939933,3,Top movers,2.438,1.926,0.512,runner result (end-to-end); compilation/execution retained,True,
Snowflake,104,104,2026-08-12T04:28:57Z,56273535672,3,Top movers,9.634,2.136,7.498,runner result (end-to-end); compilation/execution retained,True,
Snowflake,105,105,2026-08-12T04:38:57Z,56810381460,3,Top movers,4.901,2.227,2.674,runner result (end-to-end); compilation/execution retained,True,
Snowflake,106,106,2026-08-12T04:48:57Z,57362361385,3,Top movers,3.281,1.775,1.506,runner result (end-to-end); compilation/execution retained,True,
Snowflake,107,107,2026-08-12T04:58:57Z,57913493016,3,Top movers,4.591,2.445,2.146,runner result (end-to-end); compilation/execution retained,True,
Snowflake,108,108,2026-08-12T05:08:57Z,58446958006,3,Top movers,4.742,2.999,1.743,runner result (end-to-end); compilation/execution retained,True,
Snowflake,109,109,2026-08-12T05:18:57Z,58996538773,3,Top movers,2.863,2.208,0.655,runner result (end-to-end); compilation/execution retained,True,
Snowflake,110,110,2026-08-12T05:28:57Z,59543392881,3,Top movers,4.537,3.125,1.412,runner result (end-to-end); compilation/execution retained,True,
Snowflake,111,111,2026-08-12T05:38:57Z,60095495207,3,Top movers,4.452,2.441,2.011,runner result (end-to-end); compilation/execution retained,True,
Snowflake,112,112,2026-08-12T05:48:57Z,60639957737,3,Top movers,9.682,3.563,6.119,runner result (end-to-end); compilation/execution retained,True,
Snowflake,113,113,2026-08-12T05:58:57Z,61187361357,3,Top movers,8.298,3.772,4.526,runner result (end-to-end); compilation/execution retained,True,
Snowflake,114,114,2026-08-12T06:08:57Z,61731139656,3,Top movers,9.026,4.571,4.455,runner result (end-to-end); compilation/execution retained,True,
Snowflake,115,115,2026-08-12T06:18:57Z,62279567684,3,Top movers,11.599,9.896,1.703,runner result (end-to-end); compilation/execution retained,True,
Snowflake,116,116,2026-08-12T06:28:57Z,62825580983,3,Top movers,7.786,3.79,3.996,runner result (end-to-end); compilation/execution retained,True,
Snowflake,117,117,2026-08-12T06:38:57Z,63370928291,3,Top movers,4.839,3.625,1.214,runner result (end-to-end); compilation/execution retained,True,
Snowflake,118,118,2026-08-12T06:48:57Z,63914819184,3,Top movers,10.092,3.482,6.61,runner result (end-to-end); compilation/execution retained,True,
Snowflake,119,119,2026-08-12T06:58:57Z,64455955665,3,Top movers,7.204,4.36,2.844,runner result (end-to-end); compilation/execution retained,True,
Snowflake,120,120,2026-08-12T07:08:57Z,65003623242,3,Top movers,10.158,3.977,6.181,runner result (end-to-end); compilation/execution retained,True,
Snowflake,121,121,2026-08-12T07:18:57Z,65557201130,3,Top movers,7.232,4.026,3.206,runner result (end-to-end); compilation/execution retained,True,
Snowflake,122,122,2026-08-12T07:28:57Z,66099065156,3,Top movers,10.514,4.963,5.551,runner result (end-to-end); compilation/execution retained,True,
Snowflake,123,123,2026-08-12T07:38:57Z,66642452422,3,Top movers,7.231,5.045,2.186,runner result (end-to-end); compilation/execution retained,True,
Snowflake,124,124,2026-08-12T07:48:57Z,67182421438,3,Top movers,7.928,5.057,2.871,runner result (end-to-end); compilation/execution retained,True,
Snowflake,125,125,2026-08-12T07:58:57Z,67727916114,3,Top movers,12.579,11.044,1.465,runner result (end-to-end); compilation/execution retained,True,
Snowflake,126,126,2026-08-12T08:08:57Z,68267471024,3,Top movers,13.121,9.84,3.281,runner result (end-to-end); compilation/execution retained,True,
Snowflake,127,127,2026-08-12T08:18:57Z,68802200323,3,Top movers,13.331,11.525,1.806,runner result (end-to-end); compilation/execution retained,True,
Snowflake,128,128,2026-08-12T08:28:57Z,69346329844,3,Top movers,13.957,10.777,3.18,runner result (end-to-end); compilation/execution retained,True,
Snowflake,129,129,2026-08-12T08:38:57Z,69897183390,3,Top movers,13.756,10.722,3.034,runner result (end-to-end); compilation/execution retained,True,
Snowflake,130,130,2026-08-12T08:48:57Z,70428726736,3,Top movers,0.862,0.484,0.378,runner result (end-to-end); compilation/execution retained,True,
Snowflake,131,131,2026-08-12T08:58:57Z,70979357463,3,Top movers,3.887,0.661,3.226,runner result (end-to-end); compilation/execution retained,True,
Snowflake,132,132,2026-08-12T09:08:57Z,71519985704,3,Top movers,1.183,0.715,0.468,runner result (end-to-end); compilation/execution retained,True,
Snowflake,133,133,2026-08-12T09:18:57Z,72058735690,3,Top movers,3.668,0.947,2.721,runner result (end-to-end); compilation/execution retained,True,
Snowflake,134,134,2026-08-12T09:28:57Z,72596851158,3,Top movers,1.879,1.157,0.722,runner result (end-to-end); compilation/execution retained,True,
Snowflake,135,135,2026-08-12T09:38:57Z,73126410994,3,Top movers,4.232,1.318,2.914,runner result (end-to-end); compilation/execution retained,True,
Snowflake,136,136,2026-08-12T09:48:57Z,73663989869,3,Top movers,1.642,0.978,0.664,runner result (end-to-end); compilation/execution retained,True,
Snowflake,137,137,2026-08-12T09:58:57Z,74210734717,3,Top movers,3.821,1.401,2.42,runner result (end-to-end); compilation/execution retained,True,
Snowflake,138,138,2026-08-12T10:08:57Z,74754170511,3,Top movers,1.922,1.275,0.647,runner result (end-to-end); compilation/execution retained,True,
Snowflake,139,139,2026-08-12T10:18:57Z,75292467460,3,Top movers,3.768,1.165,2.603,runner result (end-to-end); compilation/execution retained,True,
Snowflake,140,140,2026-08-12T10:28:57Z,75839048271,3,Top movers,1.875,1.128,0.747,runner result (end-to-end); compilation/execution retained,True,
Snowflake,141,141,2026-08-12T10:38:57Z,76379287699,3,Top movers,4.448,1.75,2.698,runner result (end-to-end); compilation/execution retained,True,
Snowflake,142,142,2026-08-12T10:48:57Z,76921212731,3,Top movers,2.612,1.651,0.961,runner result (end-to-end); compilation/execution retained,True,
Snowflake,143,143,2026-08-12T10:58:57Z,77474274891,3,Top movers,4.886,1.862,3.024,runner result (end-to-end); compilation/execution retained,True,
Snowflake,144,144,2026-08-12T11:08:57Z,78020239558,3,Top movers,14.268,12.658,1.519,runner result (end-to-end); compilation/execution retained,True,
Snowflake,145,145,2026-08-12T11:18:57Z,78556038400,3,Top movers,4.781,2.205,2.576,runner result (end-to-end); compilation/execution retained,True,
Snowflake,146,146,2026-08-12T11:28:57Z,79095605628,3,Top movers,3.487,2.346,1.141,runner result (end-to-end); compilation/execution retained,True,
Snowflake,147,147,2026-08-12T11:38:57Z,79642025309,3,Top movers,9.403,2.965,6.438,runner result (end-to-end); compilation/execution retained,True,
Snowflake,148,148,2026-08-12T11:48:57Z,80174044570,3,Top movers,3.113,2.28,0.833,runner result (end-to-end); compilation/execution retained,True,
Snowflake,149,149,2026-08-12T11:58:57Z,80719696641,3,Top movers,3.918,1.797,2.121,runner result (end-to-end); compilation/execution retained,True,
Snowflake,150,150,2026-08-12T12:08:57Z,81262895664,3,Top movers,3.225,2.343,0.882,runner result (end-to-end); compilation/execution retained,True,
Snowflake,151,151,2026-08-12T12:18:57Z,81806775602,3,Top movers,4.141,2.428,1.713,runner result (end-to-end); compilation/execution retained,True,
Snowflake,152,152,2026-08-12T12:28:57Z,82353792598,3,Top movers,3.337,2.645,0.692,runner result (end-to-end); compilation/execution retained,True,
Snowflake,153,153,2026-08-12T12:38:57Z,82888706006,3,Top movers,4.478,2.24,2.238,runner result (end-to-end); compilation/execution retained,True,
Snowflake,154,154,2026-08-12T12:48:57Z,83443900439,3,Top movers,15.521,13.415,2.026,runner result (end-to-end); compilation/execution retained,True,
Snowflake,155,155,2026-08-12T12:58:57Z,83986715739,3,Top movers,8.633,2.915,5.718,runner result (end-to-end); compilation/execution retained,True,
Snowflake,156,156,2026-08-12T13:08:57Z,84528180207,3,Top movers,4.257,3.27,0.987,runner result (end-to-end); compilation/execution retained,True,
Snowflake,157,157,2026-08-12T13:18:57Z,85066604156,3,Top movers,8.797,3.741,5.056,runner result (end-to-end); compilation/execution retained,True,
Snowflake,158,158,2026-08-12T13:28:57Z,85620033283,3,Top movers,3.949,2.856,1.093,runner result (end-to-end); compilation/execution retained,True,
Snowflake,159,159,2026-08-12T13:38:57Z,86152994817,3,Top movers,4.908,2.36,2.548,runner result (end-to-end); compilation/execution retained,True,
Snowflake,160,160,2026-08-12T13:48:57Z,86704737177,3,Top movers,4.413,2.951,1.462,runner result (end-to-end); compilation/execution retained,True,
Snowflake,161,161,2026-08-12T13:58:57Z,87242847941,3,Top movers,19.242,15.922,3.219,runner result (end-to-end); compilation/execution retained,True,
Snowflake,162,162,2026-08-12T14:08:57Z,87786454820,3,Top movers,10.316,8.751,1.476,runner result (end-to-end); compilation/execution retained,True,
Snowflake,163,163,2026-08-12T14:18:57Z,88330971978,3,Top movers,4.51,3.389,1.121,runner result (end-to-end); compilation/execution retained,True,
Snowflake,164,164,2026-08-12T14:28:57Z,88873955947,3,Top movers,4.253,3.145,1.108,runner result (end-to-end); compilation/execution retained,True,
Snowflake,165,165,2026-08-12T14:38:57Z,89419840113,3,Top movers,6.751,4.043,2.708,runner result (end-to-end); compilation/execution retained,True,
Snowflake,166,166,2026-08-12T14:48:57Z,89959994694,3,Top movers,4.36,3.501,0.859,runner result (end-to-end); compilation/execution retained,True,
Snowflake,167,167,2026-08-12T14:58:57Z,90505068849,3,Top movers,12.086,10.419,1.667,runner result (end-to-end); compilation/execution retained,True,
Snowflake,168,168,2026-08-12T15:08:57Z,91061606220,3,Top movers,11.675,9.72,1.955,runner result (end-to-end); compilation/execution retained,True,
Snowflake,169,169,2026-08-12T15:18:57Z,91608517197,3,Top movers,7.908,4.957,2.951,runner result (end-to-end); compilation/execution retained,True,
Snowflake,170,170,2026-08-12T15:28:57Z,92153494394,3,Top movers,10.688,9.858,0.83,runner result (end-to-end); compilation/execution retained,True,
Snowflake,171,171,2026-08-12T15:38:57Z,92698030525,3,Top movers,12.501,10.835,1.666,runner result (end-to-end); compilation/execution retained,True,
Snowflake,172,172,2026-08-12T15:48:57Z,93242607069,3,Top movers,13.411,12.227,1.095,runner result (end-to-end); compilation/execution retained,True,
Snowflake,173,173,2026-08-12T15:58:57Z,93787407199,3,Top movers,12.968,10.991,1.977,runner result (end-to-end); compilation/execution retained,True,
Snowflake,174,174,2026-08-12T16:08:57Z,94330065240,3,Top movers,12.224,10.393,1.831,runner result (end-to-end); compilation/execution retained,True,
Snowflake,175,175,2026-08-12T16:18:57Z,94877773840,3,Top movers,12.712,10.602,2.11,runner result (end-to-end); compilation/execution retained,True,
Snowflake,176,176,2026-08-12T16:28:57Z,95419508344,3,Top movers,13.37,10.904,2.466,runner result (end-to-end); compilation/execution retained,True,
Snowflake,177,177,2026-08-12T16:38:57Z,95972724266,3,Top movers,12.512,10.253,2.259,runner result (end-to-end); compilation/execution retained,True,
Snowflake,178,178,2026-08-12T16:48:57Z,96513946374,3,Top movers,13.786,11.269,2.517,runner result (end-to-end); compilation/execution retained,True,
Snowflake,179,179,2026-08-12T16:58:57Z,97064716964,3,Top movers,12.357,11.221,1.136,runner result (end-to-end); compilation/execution retained,True,
Snowflake,180,180,2026-08-12T17:08:57Z,97615350266,3,Top movers,15.406,12.894,2.367,runner result (end-to-end); compilation/execution retained,True,
Snowflake,181,181,2026-08-12T17:18:57Z,98161784620,3,Top movers,13.26,11.105,2.155,runner result (end-to-end); compilation/execution retained,True,
Snowflake,182,182,2026-08-12T17:28:57Z,98700378757,3,Top movers,13.983,10.9,3.083,runner result (end-to-end); compilation/execution retained,True,
Snowflake,183,183,2026-08-12T17:38:57Z,99259158207,3,Top movers,12.328,10.863,1.465,runner result (end-to-end); compilation/execution retained,True,
Snowflake,184,184,2026-08-12T17:48:57Z,99801890611,3,Top movers,14.027,11.372,2.655,runner result (end-to-end); compilation/execution retained,True,
ClickHouse Cloud,2,2,2026-08-08T07:05:59Z,724786266,4,Daily activity,0.006,,,clickhouse-client --time,True,
ClickHouse Cloud,3,3,2026-08-08T07:15:59Z,1370669828,4,Daily activity,0.006,,,clickhouse-client --time,True,
ClickHouse Cloud,4,4,2026-08-08T07:25:59Z,1975682003,4,Daily activity,0.025,,,clickhouse-client --time,True,
ClickHouse Cloud,5,5,2026-08-08T07:35:59Z,2574084882,4,Daily activity,0.008,,,clickhouse-client --time,True,
ClickHouse Cloud,6,6,2026-08-08T07:45:59Z,3146910669,4,Daily activity,0.008,,,clickhouse-client --time,True,
ClickHouse Cloud,7,7,2026-08-08T07:55:59Z,3738865972,4,Daily activity,0.01,,,clickhouse-client --time,True,
ClickHouse Cloud,8,8,2026-08-08T08:05:59Z,4293755746,4,Daily activity,0.009,,,clickhouse-client --time,True,
ClickHouse Cloud,9,9,2026-08-08T08:15:59Z,4891042750,4,Daily activity,0.01,,,clickhouse-client --time,True,
ClickHouse Cloud,10,10,2026-08-08T08:25:59Z,5469535309,4,Daily activity,0.011,,,clickhouse-client --time,True,
ClickHouse Cloud,11,11,2026-08-08T08:35:59Z,6010532017,4,Daily activity,0.011,,,clickhouse-client --time,True,
ClickHouse Cloud,12,12,2026-08-08T08:45:59Z,6539371357,4,Daily activity,0.01,,,clickhouse-client --time,True,
ClickHouse Cloud,13,13,2026-08-08T08:55:59Z,7146131616,4,Daily activity,0.01,,,clickhouse-client --time,True,
ClickHouse Cloud,14,14,2026-08-08T09:05:59Z,7727462172,4,Daily activity,0.01,,,clickhouse-client --time,True,
ClickHouse Cloud,15,15,2026-08-08T09:15:59Z,8305203448,4,Daily activity,0.011,,,clickhouse-client --time,True,
ClickHouse Cloud,16,16,2026-08-08T09:25:59Z,8807164173,4,Daily activity,0.01,,,clickhouse-client --time,True,
ClickHouse Cloud,17,17,2026-08-08T09:35:59Z,9395201523,4,Daily activity,0.011,,,clickhouse-client --time,True,
ClickHouse Cloud,18,18,2026-08-08T09:45:59Z,9911918805,4,Daily activity,0.011,,,clickhouse-client --time,True,
ClickHouse Cloud,19,19,2026-08-08T09:55:59Z,10448957290,4,Daily activity,0.011,,,clickhouse-client --time,True,
ClickHouse Cloud,20,20,2026-08-08T10:05:59Z,10999409964,4,Daily activity,0.01,,,clickhouse-client --time,True,
ClickHouse Cloud,21,21,2026-08-08T10:15:59Z,11495758638,4,Daily activity,0.011,,,clickhouse-client --time,True,
ClickHouse Cloud,22,22,2026-08-08T10:25:59Z,12058435469,4,Daily activity,0.01,,,clickhouse-client --time,True,
ClickHouse Cloud,23,23,2026-08-08T10:35:59Z,12574526062,4,Daily activity,0.011,,,clickhouse-client --time,True,
ClickHouse Cloud,24,24,2026-08-08T10:45:59Z,13130688854,4,Daily activity,0.011,,,clickhouse-client --time,True,
ClickHouse Cloud,25,25,2026-08-08T10:55:59Z,13690901348,4,Daily activity,0.011,,,clickhouse-client --time,True,
ClickHouse Cloud,26,26,2026-08-08T11:05:59Z,14280804947,4,Daily activity,0.012,,,clickhouse-client --time,True,
ClickHouse Cloud,27,27,2026-08-08T11:15:59Z,14876856126,4,Daily activity,0.01,,,clickhouse-client --time,True,
ClickHouse Cloud,28,28,2026-08-08T11:25:59Z,15470256866,4,Daily activity,0.01,,,clickhouse-client --time,True,
ClickHouse Cloud,29,29,2026-08-08T11:35:59Z,16058779354,4,Daily activity,0.01,,,clickhouse-client --time,True,
ClickHouse Cloud,30,30,2026-08-08T11:45:59Z,16604006353,4,Daily activity,0.01,,,clickhouse-client --time,True,
ClickHouse Cloud,31,31,2026-08-08T11:55:59Z,17204550973,4,Daily activity,0.01,,,clickhouse-client --time,True,
ClickHouse Cloud,32,32,2026-08-08T12:05:59Z,17758468213,4,Daily activity,0.014,,,clickhouse-client --time,True,
ClickHouse Cloud,33,33,2026-08-08T12:15:59Z,18360002425,4,Daily activity,0.011,,,clickhouse-client --time,True,
ClickHouse Cloud,34,34,2026-08-08T12:25:59Z,18930505218,4,Daily activity,0.01,,,clickhouse-client --time,True,
ClickHouse Cloud,35,35,2026-08-08T12:35:59Z,19498533079,4,Daily activity,0.011,,,clickhouse-client --time,True,
ClickHouse Cloud,36,36,2026-08-08T12:45:59Z,20030972521,4,Daily activity,0.011,,,clickhouse-client --time,True,
ClickHouse Cloud,37,37,2026-08-08T12:55:59Z,20598954386,4,Daily activity,0.012,,,clickhouse-client --time,True,
ClickHouse Cloud,38,38,2026-08-08T13:05:59Z,21177624388,4,Daily activity,0.011,,,clickhouse-client --time,True,
ClickHouse Cloud,39,39,2026-08-08T13:15:59Z,21690449123,4,Daily activity,0.011,,,clickhouse-client --time,True,
ClickHouse Cloud,40,40,2026-08-08T13:25:59Z,22225814642,4,Daily activity,0.011,,,clickhouse-client --time,True,
ClickHouse Cloud,41,41,2026-08-08T13:35:59Z,22769842666,4,Daily activity,0.011,,,clickhouse-client --time,True,
ClickHouse Cloud,42,42,2026-08-08T13:45:59Z,23288685490,4,Daily activity,0.011,,,clickhouse-client --time,True,
ClickHouse Cloud,43,43,2026-08-08T13:55:59Z,23844225514,4,Daily activity,0.01,,,clickhouse-client --time,True,
ClickHouse Cloud,44,44,2026-08-08T14:05:59Z,24360433073,4,Daily activity,0.011,,,clickhouse-client --time,True,
ClickHouse Cloud,45,45,2026-08-08T14:15:59Z,24937313823,4,Daily activity,0.01,,,clickhouse-client --time,True,
ClickHouse Cloud,46,46,2026-08-08T14:25:59Z,25492435118,4,Daily activity,0.011,,,clickhouse-client --time,True,
ClickHouse Cloud,47,47,2026-08-08T14:35:59Z,26047358918,4,Daily activity,0.01,,,clickhouse-client --time,True,
ClickHouse Cloud,48,48,2026-08-08T14:45:59Z,26583320264,4,Daily activity,0.01,,,clickhouse-client --time,True,
ClickHouse Cloud,49,49,2026-08-08T14:55:59Z,27117466999,4,Daily activity,0.011,,,clickhouse-client --time,True,
ClickHouse Cloud,50,50,2026-08-08T15:05:59Z,27681375912,4,Daily activity,0.011,,,clickhouse-client --time,True,
ClickHouse Cloud,51,51,2026-08-08T15:15:59Z,28239125449,4,Daily activity,0.011,,,clickhouse-client --time,True,
ClickHouse Cloud,52,52,2026-08-08T15:25:59Z,28773516979,4,Daily activity,0.043,,,clickhouse-client --time,True,
ClickHouse Cloud,53,53,2026-08-08T15:35:59Z,29346127706,4,Daily activity,0.01,,,clickhouse-client --time,True,
ClickHouse Cloud,54,54,2026-08-08T15:45:59Z,29890137150,4,Daily activity,0.01,,,clickhouse-client --time,True,
ClickHouse Cloud,55,55,2026-08-08T15:55:59Z,30465667350,4,Daily activity,0.01,,,clickhouse-client --time,True,
ClickHouse Cloud,56,56,2026-08-08T16:05:59Z,31018228497,4,Daily activity,0.011,,,clickhouse-client --time,True,
ClickHouse Cloud,57,57,2026-08-08T16:15:59Z,31588088259,4,Daily activity,0.011,,,clickhouse-client --time,True,
ClickHouse Cloud,58,58,2026-08-08T16:25:59Z,32144496083,4,Daily activity,0.011,,,clickhouse-client --time,True,
ClickHouse Cloud,59,59,2026-08-08T16:35:59Z,32651953244,4,Daily activity,0.011,,,clickhouse-client --time,True,
ClickHouse Cloud,60,60,2026-08-08T16:45:59Z,33183996050,4,Daily activity,0.013,,,clickhouse-client --time,True,
ClickHouse Cloud,61,61,2026-08-08T16:55:59Z,33748476003,4,Daily activity,0.012,,,clickhouse-client --time,True,
ClickHouse Cloud,62,62,2026-08-08T17:05:59Z,34249264401,4,Daily activity,0.011,,,clickhouse-client --time,True,
ClickHouse Cloud,63,63,2026-08-08T17:15:59Z,34764613132,4,Daily activity,0.011,,,clickhouse-client --time,True,
ClickHouse Cloud,64,64,2026-08-08T17:25:59Z,35300178406,4,Daily activity,0.011,,,clickhouse-client --time,True,
ClickHouse Cloud,65,65,2026-08-08T17:35:59Z,35804053385,4,Daily activity,0.017,,,clickhouse-client --time,True,
ClickHouse Cloud,66,66,2026-08-08T17:45:59Z,36352821706,4,Daily activity,0.011,,,clickhouse-client --time,True,
ClickHouse Cloud,67,67,2026-08-08T17:55:59Z,36850964650,4,Daily activity,0.011,,,clickhouse-client --time,True,
ClickHouse Cloud,68,68,2026-08-08T18:05:59Z,37331880801,4,Daily activity,0.011,,,clickhouse-client --time,True,
ClickHouse Cloud,69,69,2026-08-08T18:15:59Z,37851506740,4,Daily activity,0.011,,,clickhouse-client --time,True,
ClickHouse Cloud,70,70,2026-08-08T18:25:59Z,38333894855,4,Daily activity,0.011,,,clickhouse-client --time,True,
ClickHouse Cloud,71,71,2026-08-08T18:35:59Z,38903981063,4,Daily activity,0.011,,,clickhouse-client --time,True,
ClickHouse Cloud,72,72,2026-08-08T18:45:59Z,39403630784,4,Daily activity,0.011,,,clickhouse-client --time,True,
ClickHouse Cloud,73,73,2026-08-08T18:55:59Z,39938729827,4,Daily activity,0.011,,,clickhouse-client --time,True,
ClickHouse Cloud,74,74,2026-08-08T19:05:59Z,40455322866,4,Daily activity,0.011,,,clickhouse-client --time,True,
ClickHouse Cloud,75,75,2026-08-08T19:15:59Z,40983472025,4,Daily activity,0.011,,,clickhouse-client --time,True,
ClickHouse Cloud,76,76,2026-08-08T19:25:59Z,41461994932,4,Daily activity,0.011,,,clickhouse-client --time,True,
ClickHouse Cloud,77,77,2026-08-08T19:35:59Z,41986954384,4,Daily activity,0.012,,,clickhouse-client --time,True,
ClickHouse Cloud,78,78,2026-08-08T19:45:59Z,42504704257,4,Daily activity,0.011,,,clickhouse-client --time,True,
ClickHouse Cloud,79,79,2026-08-08T19:55:59Z,43037353870,4,Daily activity,0.011,,,clickhouse-client --time,True,
ClickHouse Cloud,80,80,2026-08-08T20:05:59Z,43568180819,4,Daily activity,0.011,,,clickhouse-client --time,True,
ClickHouse Cloud,81,81,2026-08-08T20:15:59Z,44075896295,4,Daily activity,0.012,,,clickhouse-client --time,True,
ClickHouse Cloud,82,82,2026-08-08T20:25:59Z,44585275116,4,Daily activity,0.011,,,clickhouse-client --time,True,
ClickHouse Cloud,83,83,2026-08-08T20:35:59Z,45119401562,4,Daily activity,0.012,,,clickhouse-client --time,True,
ClickHouse Cloud,84,84,2026-08-08T20:45:59Z,45608868518,4,Daily activity,0.011,,,clickhouse-client --time,True,
ClickHouse Cloud,85,85,2026-08-08T20:55:59Z,46108257326,4,Daily activity,0.011,,,clickhouse-client --time,True,
ClickHouse Cloud,86,86,2026-08-08T21:05:59Z,46607144697,4,Daily activity,0.011,,,clickhouse-client --time,True,
ClickHouse Cloud,87,87,2026-08-08T21:15:59Z,47127220430,4,Daily activity,0.012,,,clickhouse-client --time,True,
ClickHouse Cloud,88,88,2026-08-08T21:25:59Z,47630286458,4,Daily activity,0.013,,,clickhouse-client --time,True,
ClickHouse Cloud,89,89,2026-08-08T21:35:59Z,48152769396,4,Daily activity,0.017,,,clickhouse-client --time,True,
ClickHouse Cloud,90,90,2026-08-08T21:45:59Z,48651039753,4,Daily activity,0.011,,,clickhouse-client --time,True,
ClickHouse Cloud,91,91,2026-08-08T21:55:59Z,49173608481,4,Daily activity,0.013,,,clickhouse-client --time,True,
ClickHouse Cloud,92,92,2026-08-08T22:05:59Z,49691385785,4,Daily activity,0.011,,,clickhouse-client --time,True,
ClickHouse Cloud,93,93,2026-08-08T22:15:59Z,50238320035,4,Daily activity,0.012,,,clickhouse-client --time,True,
ClickHouse Cloud,94,94,2026-08-08T22:25:59Z,50788829774,4,Daily activity,0.013,,,clickhouse-client --time,True,
ClickHouse Cloud,95,95,2026-08-08T22:35:59Z,51325118756,4,Daily activity,0.013,,,clickhouse-client --time,True,
ClickHouse Cloud,96,96,2026-08-08T22:45:59Z,51886771408,4,Daily activity,0.012,,,clickhouse-client --time,True,
ClickHouse Cloud,97,97,2026-08-08T22:55:59Z,52441318029,4,Daily activity,0.012,,,clickhouse-client --time,True,
ClickHouse Cloud,98,98,2026-08-08T23:05:59Z,52920335727,4,Daily activity,0.011,,,clickhouse-client --time,True,
ClickHouse Cloud,99,99,2026-08-08T23:15:59Z,53408601648,4,Daily activity,0.011,,,clickhouse-client --time,True,
ClickHouse Cloud,100,100,2026-08-08T23:25:59Z,53910086618,4,Daily activity,0.013,,,clickhouse-client --time,True,
ClickHouse Cloud,101,101,2026-08-08T23:35:59Z,54424699241,4,Daily activity,0.012,,,clickhouse-client --time,True,
ClickHouse Cloud,102,102,2026-08-08T23:45:59Z,54899250491,4,Daily activity,0.013,,,clickhouse-client --time,True,
ClickHouse Cloud,103,103,2026-08-08T23:55:59Z,55416633625,4,Daily activity,0.012,,,clickhouse-client --time,True,
ClickHouse Cloud,104,104,2026-08-09T00:05:59Z,55944840077,4,Daily activity,0.012,,,clickhouse-client --time,True,
ClickHouse Cloud,105,105,2026-08-09T00:15:59Z,56450202011,4,Daily activity,0.012,,,clickhouse-client --time,True,
ClickHouse Cloud,106,106,2026-08-09T00:25:59Z,56976658135,4,Daily activity,0.013,,,clickhouse-client --time,True,
ClickHouse Cloud,107,107,2026-08-09T00:35:59Z,57502590981,4,Daily activity,0.011,,,clickhouse-client --time,True,
ClickHouse Cloud,108,108,2026-08-09T00:45:59Z,58017492696,4,Daily activity,0.013,,,clickhouse-client --time,True,
ClickHouse Cloud,109,109,2026-08-09T00:55:59Z,58509450012,4,Daily activity,0.011,,,clickhouse-client --time,True,
ClickHouse Cloud,110,110,2026-08-09T01:05:59Z,59010783142,4,Daily activity,0.012,,,clickhouse-client --time,True,
ClickHouse Cloud,111,111,2026-08-09T01:15:59Z,59503489949,4,Daily activity,0.014,,,clickhouse-client --time,True,
ClickHouse Cloud,112,112,2026-08-09T01:25:59Z,59972983401,4,Daily activity,0.014,,,clickhouse-client --time,True,
ClickHouse Cloud,113,113,2026-08-09T01:35:59Z,60442237749,4,Daily activity,0.014,,,clickhouse-client --time,True,
ClickHouse Cloud,114,114,2026-08-09T01:45:59Z,60904448195,4,Daily activity,0.013,,,clickhouse-client --time,True,
ClickHouse Cloud,115,115,2026-08-09T01:55:59Z,61370139665,4,Daily activity,0.012,,,clickhouse-client --time,True,
ClickHouse Cloud,116,116,2026-08-09T02:05:59Z,61872097967,4,Daily activity,0.013,,,clickhouse-client --time,True,
ClickHouse Cloud,117,117,2026-08-09T02:15:59Z,62362523974,4,Daily activity,0.013,,,clickhouse-client --time,True,
ClickHouse Cloud,118,118,2026-08-09T02:25:59Z,62852767644,4,Daily activity,0.012,,,clickhouse-client --time,True,
ClickHouse Cloud,119,119,2026-08-09T02:35:59Z,63303274836,4,Daily activity,0.012,,,clickhouse-client --time,True,
ClickHouse Cloud,120,120,2026-08-09T02:45:59Z,63813706871,4,Daily activity,0.013,,,clickhouse-client --time,True,
ClickHouse Cloud,121,121,2026-08-09T02:55:59Z,64297816643,4,Daily activity,0.025,,,clickhouse-client --time,True,
ClickHouse Cloud,122,122,2026-08-09T03:05:59Z,64830505943,4,Daily activity,0.013,,,clickhouse-client --time,True,
ClickHouse Cloud,123,123,2026-08-09T03:15:59Z,65325007686,4,Daily activity,0.012,,,clickhouse-client --time,True,
ClickHouse Cloud,124,124,2026-08-09T03:25:59Z,65803792964,4,Daily activity,0.013,,,clickhouse-client --time,True,
ClickHouse Cloud,125,125,2026-08-09T03:35:59Z,66304040996,4,Daily activity,0.013,,,clickhouse-client --time,True,
ClickHouse Cloud,126,126,2026-08-09T03:45:59Z,66813762801,4,Daily activity,0.012,,,clickhouse-client --time,True,
ClickHouse Cloud,127,127,2026-08-09T03:55:59Z,67293866994,4,Daily activity,0.013,,,clickhouse-client --time,True,
ClickHouse Cloud,128,128,2026-08-09T04:05:59Z,67748504407,4,Daily activity,0.012,,,clickhouse-client --time,True,
ClickHouse Cloud,129,129,2026-08-09T04:15:59Z,68201006429,4,Daily activity,0.013,,,clickhouse-client --time,True,
ClickHouse Cloud,130,130,2026-08-09T04:25:59Z,68684069442,4,Daily activity,0.018,,,clickhouse-client --time,True,
ClickHouse Cloud,131,131,2026-08-09T04:35:59Z,69181831398,4,Daily activity,0.013,,,clickhouse-client --time,True,
ClickHouse Cloud,132,132,2026-08-09T04:45:59Z,69676432303,4,Daily activity,0.013,,,clickhouse-client --time,True,
ClickHouse Cloud,133,133,2026-08-09T04:55:59Z,70168596073,4,Daily activity,0.013,,,clickhouse-client --time,True,
ClickHouse Cloud,134,134,2026-08-09T05:05:59Z,70659299166,4,Daily activity,0.013,,,clickhouse-client --time,True,
ClickHouse Cloud,135,135,2026-08-09T05:15:59Z,71156738966,4,Daily activity,0.013,,,clickhouse-client --time,True,
ClickHouse Cloud,136,136,2026-08-09T05:25:59Z,71624709770,4,Daily activity,0.015,,,clickhouse-client --time,True,
ClickHouse Cloud,137,137,2026-08-09T05:35:59Z,72091825703,4,Daily activity,0.013,,,clickhouse-client --time,True,
ClickHouse Cloud,138,138,2026-08-09T05:45:59Z,72547878251,4,Daily activity,0.013,,,clickhouse-client --time,True,
ClickHouse Cloud,139,139,2026-08-09T05:55:59Z,73013213443,4,Daily activity,0.012,,,clickhouse-client --time,True,
ClickHouse Cloud,140,140,2026-08-09T06:05:59Z,73476437585,4,Daily activity,0.014,,,clickhouse-client --time,True,
ClickHouse Cloud,141,141,2026-08-09T06:15:59Z,73987325693,4,Daily activity,0.013,,,clickhouse-client --time,True,
ClickHouse Cloud,142,142,2026-08-09T06:25:59Z,74486757162,4,Daily activity,0.013,,,clickhouse-client --time,True,
ClickHouse Cloud,143,143,2026-08-09T06:35:59Z,74995355831,4,Daily activity,0.014,,,clickhouse-client --time,True,
ClickHouse Cloud,144,144,2026-08-09T06:45:59Z,75466940903,4,Daily activity,0.012,,,clickhouse-client --time,True,
ClickHouse Cloud,145,145,2026-08-09T06:55:59Z,75964855518,4,Daily activity,0.014,,,clickhouse-client --time,True,
ClickHouse Cloud,146,146,2026-08-09T07:05:59Z,76430868234,4,Daily activity,0.014,,,clickhouse-client --time,True,
ClickHouse Cloud,147,147,2026-08-09T07:15:59Z,76885010641,4,Daily activity,0.013,,,clickhouse-client --time,True,
ClickHouse Cloud,148,148,2026-08-09T07:25:59Z,77350951993,4,Daily activity,0.014,,,clickhouse-client --time,True,
ClickHouse Cloud,149,149,2026-08-09T07:35:59Z,77850423857,4,Daily activity,0.013,,,clickhouse-client --time,True,
ClickHouse Cloud,150,150,2026-08-09T07:45:59Z,78316136469,4,Daily activity,0.013,,,clickhouse-client --time,True,
ClickHouse Cloud,151,151,2026-08-09T07:55:59Z,78743691693,4,Daily activity,0.013,,,clickhouse-client --time,True,
ClickHouse Cloud,152,152,2026-08-09T08:05:59Z,79106273696,4,Daily activity,0.013,,,clickhouse-client --time,True,
ClickHouse Cloud,153,153,2026-08-09T08:15:59Z,79558355522,4,Daily activity,0.013,,,clickhouse-client --time,True,
ClickHouse Cloud,154,154,2026-08-09T08:25:59Z,80034599414,4,Daily activity,0.013,,,clickhouse-client --time,True,
ClickHouse Cloud,155,155,2026-08-09T08:35:59Z,80503603294,4,Daily activity,0.013,,,clickhouse-client --time,True,
ClickHouse Cloud,156,156,2026-08-09T08:45:59Z,80949316423,4,Daily activity,0.014,,,clickhouse-client --time,True,
ClickHouse Cloud,157,157,2026-08-09T08:55:59Z,81360968914,4,Daily activity,0.013,,,clickhouse-client --time,True,
ClickHouse Cloud,158,158,2026-08-09T09:05:59Z,81786894322,4,Daily activity,0.014,,,clickhouse-client --time,True,
ClickHouse Cloud,159,159,2026-08-09T09:15:59Z,82193904360,4,Daily activity,0.015,,,clickhouse-client --time,True,
ClickHouse Cloud,160,160,2026-08-09T09:25:59Z,82614022776,4,Daily activity,0.013,,,clickhouse-client --time,True,
ClickHouse Cloud,161,161,2026-08-09T09:35:59Z,83038964951,4,Daily activity,0.014,,,clickhouse-client --time,True,
ClickHouse Cloud,162,162,2026-08-09T09:45:59Z,83491097777,4,Daily activity,0.013,,,clickhouse-client --time,True,
ClickHouse Cloud,163,163,2026-08-09T09:55:59Z,83949333223,4,Daily activity,0.016,,,clickhouse-client --time,True,
ClickHouse Cloud,164,164,2026-08-09T10:05:59Z,84454230067,4,Daily activity,0.015,,,clickhouse-client --time,True,
ClickHouse Cloud,165,165,2026-08-09T10:15:59Z,84942338016,4,Daily activity,0.015,,,clickhouse-client --time,True,
ClickHouse Cloud,166,166,2026-08-09T10:25:59Z,85486320046,4,Daily activity,0.014,,,clickhouse-client --time,True,
ClickHouse Cloud,167,167,2026-08-09T10:35:59Z,86027059928,4,Daily activity,0.016,,,clickhouse-client --time,True,
ClickHouse Cloud,168,168,2026-08-09T10:45:59Z,86536377584,4,Daily activity,0.015,,,clickhouse-client --time,True,
ClickHouse Cloud,169,169,2026-08-09T10:55:59Z,87060073492,4,Daily activity,0.014,,,clickhouse-client --time,True,
ClickHouse Cloud,170,170,2026-08-09T11:05:59Z,87633622969,4,Daily activity,0.016,,,clickhouse-client --time,True,
ClickHouse Cloud,171,171,2026-08-09T11:15:59Z,88183458683,4,Daily activity,0.016,,,clickhouse-client --time,True,
ClickHouse Cloud,172,172,2026-08-09T11:25:59Z,88722660479,4,Daily activity,0.017,,,clickhouse-client --time,True,
ClickHouse Cloud,173,173,2026-08-09T11:35:59Z,89252600968,4,Daily activity,0.017,,,clickhouse-client --time,True,
ClickHouse Cloud,174,174,2026-08-09T11:45:59Z,89771307204,4,Daily activity,0.016,,,clickhouse-client --time,True,
ClickHouse Cloud,175,175,2026-08-09T11:55:59Z,90310361990,4,Daily activity,0.015,,,clickhouse-client --time,True,
ClickHouse Cloud,176,176,2026-08-09T12:05:59Z,90786625328,4,Daily activity,0.017,,,clickhouse-client --time,True,
ClickHouse Cloud,177,177,2026-08-09T12:15:59Z,91318721092,4,Daily activity,0.018,,,clickhouse-client --time,True,
ClickHouse Cloud,178,178,2026-08-09T12:25:59Z,91841644344,4,Daily activity,0.016,,,clickhouse-client --time,True,
ClickHouse Cloud,179,179,2026-08-09T12:35:59Z,92330582028,4,Daily activity,0.027,,,clickhouse-client --time,True,
ClickHouse Cloud,180,180,2026-08-09T12:45:59Z,92808126794,4,Daily activity,0.015,,,clickhouse-client --time,True,
ClickHouse Cloud,181,181,2026-08-09T12:55:59Z,93292685867,4,Daily activity,0.018,,,clickhouse-client --time,True,
ClickHouse Cloud,182,182,2026-08-09T13:05:59Z,93798216437,4,Daily activity,0.015,,,clickhouse-client --time,True,
ClickHouse Cloud,183,183,2026-08-09T13:15:59Z,94324820860,4,Daily activity,0.016,,,clickhouse-client --time,True,
ClickHouse Cloud,184,184,2026-08-09T13:25:59Z,94869720583,4,Daily activity,0.017,,,clickhouse-client --time,True,
ClickHouse Cloud,185,185,2026-08-09T13:35:59Z,95368092163,4,Daily activity,0.016,,,clickhouse-client --time,True,
ClickHouse Cloud,186,186,2026-08-09T13:45:59Z,95854521730,4,Daily activity,0.016,,,clickhouse-client --time,True,
ClickHouse Cloud,187,187,2026-08-09T13:55:59Z,96363475717,4,Daily activity,0.016,,,clickhouse-client --time,True,
ClickHouse Cloud,188,188,2026-08-09T14:05:59Z,96870245467,4,Daily activity,0.016,,,clickhouse-client --time,True,
ClickHouse Cloud,189,189,2026-08-09T14:15:59Z,97440595296,4,Daily activity,0.015,,,clickhouse-client --time,True,
ClickHouse Cloud,190,190,2026-08-09T14:25:59Z,97990299109,4,Daily activity,0.015,,,clickhouse-client --time,True,
ClickHouse Cloud,191,191,2026-08-09T14:35:59Z,98531195718,4,Daily activity,0.015,,,clickhouse-client --time,True,
ClickHouse Cloud,192,192,2026-08-09T14:45:59Z,99080355059,4,Daily activity,0.017,,,clickhouse-client --time,True,
ClickHouse Cloud,193,193,2026-08-09T14:55:59Z,99566521565,4,Daily activity,0.015,,,clickhouse-client --time,True,
Snowflake,2,2,2026-08-11T11:28:57Z,532996784,4,Daily activity,1.34,0.26,1.08,runner result (end-to-end); compilation/execution retained,True,
Snowflake,3,3,2026-08-11T11:38:57Z,1108625165,4,Daily activity,1.574,0.454,1.12,runner result (end-to-end); compilation/execution retained,True,
Snowflake,4,4,2026-08-11T11:48:57Z,1658912507,4,Daily activity,2.228,0.536,1.692,runner result (end-to-end); compilation/execution retained,True,
Snowflake,5,5,2026-08-11T11:58:57Z,2217147353,4,Daily activity,2.009,0.859,1.15,runner result (end-to-end); compilation/execution retained,True,
Snowflake,6,6,2026-08-11T12:08:57Z,2786291244,4,Daily activity,3.007,1.059,1.948,runner result (end-to-end); compilation/execution retained,True,
Snowflake,7,7,2026-08-11T12:18:57Z,3343738155,4,Daily activity,2.316,1.03,1.286,runner result (end-to-end); compilation/execution retained,True,
Snowflake,8,8,2026-08-11T12:28:57Z,3899391577,4,Daily activity,3.592,1.379,2.213,runner result (end-to-end); compilation/execution retained,True,
Snowflake,9,9,2026-08-11T12:38:57Z,4448004794,4,Daily activity,2.29,1.289,1.001,runner result (end-to-end); compilation/execution retained,True,
Snowflake,10,10,2026-08-11T12:48:57Z,5002254267,4,Daily activity,3.294,1.349,1.945,runner result (end-to-end); compilation/execution retained,True,
Snowflake,11,11,2026-08-11T12:58:57Z,5553730140,4,Daily activity,3.24,1.744,1.496,runner result (end-to-end); compilation/execution retained,True,
Snowflake,12,12,2026-08-11T13:08:57Z,6107183801,4,Daily activity,4.1,2.126,1.974,runner result (end-to-end); compilation/execution retained,True,
Snowflake,13,13,2026-08-11T13:18:57Z,6662885451,4,Daily activity,3.516,2.159,1.357,runner result (end-to-end); compilation/execution retained,True,
Snowflake,14,14,2026-08-11T13:28:57Z,7220407062,4,Daily activity,9.723,2.582,7.141,runner result (end-to-end); compilation/execution retained,True,
Snowflake,15,15,2026-08-11T13:38:57Z,7772453021,4,Daily activity,3.073,2.432,0.641,runner result (end-to-end); compilation/execution retained,True,
Snowflake,16,16,2026-08-11T13:48:57Z,8327660844,4,Daily activity,4.338,0.261,4.077,runner result (end-to-end); compilation/execution retained,True,
Snowflake,17,17,2026-08-11T13:58:57Z,8869790384,4,Daily activity,2.016,0.472,1.544,runner result (end-to-end); compilation/execution retained,True,
Snowflake,18,18,2026-08-11T14:08:57Z,9416167217,4,Daily activity,3.788,0.514,3.274,runner result (end-to-end); compilation/execution retained,True,
Snowflake,19,19,2026-08-11T14:18:57Z,9966828956,4,Daily activity,1.577,0.697,0.88,runner result (end-to-end); compilation/execution retained,True,
Snowflake,20,20,2026-08-11T14:28:57Z,10515573711,4,Daily activity,11.128,1.125,10.003,runner result (end-to-end); compilation/execution retained,True,
Snowflake,21,21,2026-08-11T14:38:57Z,11061458462,4,Daily activity,4.243,1.424,2.819,runner result (end-to-end); compilation/execution retained,True,
Snowflake,22,22,2026-08-11T14:48:57Z,11598082800,4,Daily activity,4.165,0.748,3.417,runner result (end-to-end); compilation/execution retained,True,
Snowflake,23,23,2026-08-11T14:58:57Z,12155361632,4,Daily activity,2.458,1.172,1.286,runner result (end-to-end); compilation/execution retained,True,
Snowflake,24,24,2026-08-11T15:08:57Z,12686918328,4,Daily activity,4.831,1.075,3.756,runner result (end-to-end); compilation/execution retained,True,
Snowflake,25,25,2026-08-11T15:18:57Z,13239818975,4,Daily activity,2.083,1.305,0.778,runner result (end-to-end); compilation/execution retained,True,
Snowflake,26,26,2026-08-11T15:28:57Z,13783825272,4,Daily activity,4.788,1.243,3.545,runner result (end-to-end); compilation/execution retained,True,
Snowflake,27,27,2026-08-11T15:38:57Z,14320432691,4,Daily activity,1.974,1.418,0.556,runner result (end-to-end); compilation/execution retained,True,
Snowflake,28,28,2026-08-11T15:48:57Z,14865686419,4,Daily activity,4.671,1.642,3.029,runner result (end-to-end); compilation/execution retained,True,
Snowflake,29,29,2026-08-11T15:58:57Z,15406449067,4,Daily activity,2.964,1.929,1.035,runner result (end-to-end); compilation/execution retained,True,
Snowflake,30,30,2026-08-11T16:08:57Z,15953152260,4,Daily activity,9.914,1.688,8.226,runner result (end-to-end); compilation/execution retained,True,
Snowflake,31,31,2026-08-11T16:18:57Z,16496810019,4,Daily activity,2.709,1.543,1.166,runner result (end-to-end); compilation/execution retained,True,
Snowflake,32,32,2026-08-11T16:28:57Z,17037168163,4,Daily activity,11.656,1.723,9.933,runner result (end-to-end); compilation/execution retained,True,
Snowflake,33,33,2026-08-11T16:38:57Z,17587595862,4,Daily activity,3.745,3.067,0.678,runner result (end-to-end); compilation/execution retained,True,
Snowflake,34,34,2026-08-11T16:48:57Z,18120902444,4,Daily activity,9.148,2.68,6.468,runner result (end-to-end); compilation/execution retained,True,
Snowflake,35,35,2026-08-11T16:58:57Z,18664388826,4,Daily activity,3.745,2.927,0.818,runner result (end-to-end); compilation/execution retained,True,
Snowflake,36,36,2026-08-11T17:08:57Z,19216193045,4,Daily activity,10.273,2.954,7.319,runner result (end-to-end); compilation/execution retained,True,
Snowflake,37,37,2026-08-11T17:18:57Z,19745883933,4,Daily activity,3.887,3.14,0.747,runner result (end-to-end); compilation/execution retained,True,
Snowflake,38,38,2026-08-11T17:28:57Z,20305329136,4,Daily activity,12.077,3.121,8.956,runner result (end-to-end); compilation/execution retained,True,
Snowflake,39,39,2026-08-11T17:38:57Z,20844684066,4,Daily activity,3.946,3.29,0.656,runner result (end-to-end); compilation/execution retained,True,
Snowflake,40,40,2026-08-11T17:48:57Z,21391428069,4,Daily activity,14.131,3.84,10.291,runner result (end-to-end); compilation/execution retained,True,
Snowflake,41,41,2026-08-11T17:58:57Z,21938345201,4,Daily activity,4.498,3.578,0.92,runner result (end-to-end); compilation/execution retained,True,
Snowflake,42,42,2026-08-11T18:08:57Z,22480394175,4,Daily activity,10.144,4.507,5.637,runner result (end-to-end); compilation/execution retained,True,
Snowflake,43,43,2026-08-11T18:18:57Z,23027036303,4,Daily activity,7.15,4.513,2.637,runner result (end-to-end); compilation/execution retained,True,
Snowflake,44,44,2026-08-11T18:28:57Z,23563684837,4,Daily activity,14.68,3.936,10.744,runner result (end-to-end); compilation/execution retained,True,
Snowflake,45,45,2026-08-11T18:38:57Z,24108292723,4,Daily activity,6.533,4.325,2.208,runner result (end-to-end); compilation/execution retained,True,
Snowflake,46,46,2026-08-11T18:48:57Z,24651647019,4,Daily activity,11.909,4.433,7.476,runner result (end-to-end); compilation/execution retained,True,
Snowflake,47,47,2026-08-11T18:58:57Z,25200289313,4,Daily activity,7.012,4.806,2.206,runner result (end-to-end); compilation/execution retained,True,
Snowflake,48,48,2026-08-11T19:08:57Z,25747852434,4,Daily activity,15.888,10.157,5.731,runner result (end-to-end); compilation/execution retained,True,
Snowflake,49,49,2026-08-11T19:18:57Z,26283076869,4,Daily activity,7.052,5.061,1.991,runner result (end-to-end); compilation/execution retained,True,
Snowflake,50,50,2026-08-11T19:28:57Z,26820178083,4,Daily activity,11.612,10.067,1.545,runner result (end-to-end); compilation/execution retained,True,
Snowflake,51,51,2026-08-11T19:38:57Z,27375417517,4,Daily activity,7.696,5.071,2.625,runner result (end-to-end); compilation/execution retained,True,
Snowflake,52,52,2026-08-11T19:48:57Z,27918995748,4,Daily activity,12.684,10.953,1.731,runner result (end-to-end); compilation/execution retained,True,
Snowflake,53,53,2026-08-11T19:58:57Z,28455528243,4,Daily activity,14.731,11.061,3.67,runner result (end-to-end); compilation/execution retained,True,
Snowflake,54,54,2026-08-11T20:08:57Z,28993570106,4,Daily activity,16.127,10.597,5.53,runner result (end-to-end); compilation/execution retained,True,
Snowflake,55,55,2026-08-11T20:18:57Z,29545700964,4,Daily activity,12.617,11.082,1.535,runner result (end-to-end); compilation/execution retained,True,
Snowflake,56,56,2026-08-11T20:28:57Z,30083988028,4,Daily activity,15.014,10.593,4.421,runner result (end-to-end); compilation/execution retained,True,
Snowflake,57,57,2026-08-11T20:38:57Z,30630575890,4,Daily activity,12.629,10.467,2.162,runner result (end-to-end); compilation/execution retained,True,
Snowflake,58,58,2026-08-11T20:48:57Z,31165284381,4,Daily activity,17.096,11.276,5.82,runner result (end-to-end); compilation/execution retained,True,
Snowflake,59,59,2026-08-11T20:58:57Z,31720586913,4,Daily activity,13.351,11.283,2.068,runner result (end-to-end); compilation/execution retained,True,
Snowflake,60,60,2026-08-11T21:08:57Z,32256432850,4,Daily activity,18.675,11.431,7.244,runner result (end-to-end); compilation/execution retained,True,
Snowflake,61,61,2026-08-11T21:18:57Z,32804567571,4,Daily activity,12.564,10.848,1.716,runner result (end-to-end); compilation/execution retained,True,
Snowflake,62,62,2026-08-11T21:28:57Z,33359668543,4,Daily activity,11.755,10.884,0.871,runner result (end-to-end); compilation/execution retained,True,
Snowflake,63,63,2026-08-11T21:38:57Z,33893505898,4,Daily activity,13.393,11.614,1.779,runner result (end-to-end); compilation/execution retained,True,
Snowflake,64,64,2026-08-11T21:48:57Z,34442826434,4,Daily activity,17.905,11.863,6.042,runner result (end-to-end); compilation/execution retained,True,
Snowflake,65,65,2026-08-11T21:58:57Z,34990195086,4,Daily activity,13.442,10.972,2.47,runner result (end-to-end); compilation/execution retained,True,
Snowflake,66,66,2026-08-11T22:08:57Z,35543561911,4,Daily activity,16.891,12.448,4.443,runner result (end-to-end); compilation/execution retained,True,
Snowflake,67,67,2026-08-11T22:18:57Z,36086551556,4,Daily activity,15.267,13.158,2.109,runner result (end-to-end); compilation/execution retained,True,
Snowflake,68,68,2026-08-11T22:28:57Z,36629144961,4,Daily activity,15.181,11.648,3.533,runner result (end-to-end); compilation/execution retained,True,
Snowflake,69,69,2026-08-11T22:38:57Z,37176739226,4,Daily activity,14.857,12.067,2.79,runner result (end-to-end); compilation/execution retained,True,
Snowflake,70,70,2026-08-11T22:48:57Z,37714068818,4,Daily activity,20.673,13.842,6.831,runner result (end-to-end); compilation/execution retained,True,
Snowflake,71,71,2026-08-11T22:58:57Z,38258658415,4,Daily activity,13.422,11.77,1.652,runner result (end-to-end); compilation/execution retained,True,
Snowflake,72,72,2026-08-11T23:08:57Z,38815458699,4,Daily activity,19.227,12.559,6.668,runner result (end-to-end); compilation/execution retained,True,
Snowflake,73,73,2026-08-11T23:18:57Z,39353814542,4,Daily activity,15.371,12.206,3.165,runner result (end-to-end); compilation/execution retained,True,
Snowflake,74,74,2026-08-11T23:28:57Z,39910561199,4,Daily activity,17.891,12.98,4.911,runner result (end-to-end); compilation/execution retained,True,
Snowflake,75,75,2026-08-11T23:38:57Z,40450795463,4,Daily activity,15.051,13.26,1.791,runner result (end-to-end); compilation/execution retained,True,
Snowflake,76,76,2026-08-11T23:48:57Z,41001235716,4,Daily activity,19.764,13.873,5.891,runner result (end-to-end); compilation/execution retained,True,
Snowflake,77,77,2026-08-11T23:58:57Z,41541364286,4,Daily activity,14.67,12.807,1.863,runner result (end-to-end); compilation/execution retained,True,
Snowflake,78,78,2026-08-12T00:08:57Z,42087321356,4,Daily activity,16.791,10.799,5.992,runner result (end-to-end); compilation/execution retained,True,
Snowflake,79,79,2026-08-12T00:18:57Z,42638946619,4,Daily activity,14.877,12.144,2.733,runner result (end-to-end); compilation/execution retained,True,
Snowflake,80,80,2026-08-12T00:28:57Z,43189555601,4,Daily activity,17.542,11.855,5.687,runner result (end-to-end); compilation/execution retained,True,
Snowflake,81,81,2026-08-12T00:38:57Z,43737335549,4,Daily activity,13.672,11.588,2.084,runner result (end-to-end); compilation/execution retained,True,
Snowflake,82,82,2026-08-12T00:48:57Z,44285385932,4,Daily activity,16.829,11.756,5.073,runner result (end-to-end); compilation/execution retained,True,
Snowflake,83,83,2026-08-12T00:58:57Z,44819116712,4,Daily activity,13.381,11.479,1.902,runner result (end-to-end); compilation/execution retained,True,
Snowflake,84,84,2026-08-12T01:08:57Z,45370941730,4,Daily activity,19.909,12.465,7.444,runner result (end-to-end); compilation/execution retained,True,
Snowflake,85,85,2026-08-12T01:18:57Z,45915210443,4,Daily activity,14.366,12.018,2.348,runner result (end-to-end); compilation/execution retained,True,
Snowflake,86,86,2026-08-12T01:28:57Z,46469268846,4,Daily activity,17.352,12.423,4.929,runner result (end-to-end); compilation/execution retained,True,
Snowflake,87,87,2026-08-12T01:38:57Z,47014619196,4,Daily activity,14.009,11.988,2.021,runner result (end-to-end); compilation/execution retained,True,
Snowflake,88,88,2026-08-12T01:48:57Z,47557887173,4,Daily activity,3.351,0.415,2.936,runner result (end-to-end); compilation/execution retained,True,
Snowflake,89,89,2026-08-12T01:58:57Z,48108937450,4,Daily activity,1.124,0.469,0.655,runner result (end-to-end); compilation/execution retained,True,
Snowflake,90,90,2026-08-12T02:08:57Z,48654354733,4,Daily activity,3.103,0.46,2.643,runner result (end-to-end); compilation/execution retained,True,
Snowflake,91,91,2026-08-12T02:18:57Z,49198792764,4,Daily activity,1.267,0.762,0.505,runner result (end-to-end); compilation/execution retained,True,
Snowflake,92,92,2026-08-12T02:28:57Z,49752959746,4,Daily activity,4.486,0.756,3.73,runner result (end-to-end); compilation/execution retained,True,
Snowflake,93,93,2026-08-12T02:38:57Z,50295558507,4,Daily activity,0.929,0.233,0.696,runner result (end-to-end); compilation/execution retained,True,
Snowflake,94,94,2026-08-12T02:48:57Z,50839423797,4,Daily activity,3.778,0.508,3.27,runner result (end-to-end); compilation/execution retained,True,
Snowflake,95,95,2026-08-12T02:58:57Z,51388846496,4,Daily activity,0.7,0.449,0.251,runner result (end-to-end); compilation/execution retained,True,
Snowflake,96,96,2026-08-12T03:08:57Z,51921113849,4,Daily activity,3.88,0.667,3.213,runner result (end-to-end); compilation/execution retained,True,
Snowflake,97,97,2026-08-12T03:18:57Z,52476957308,4,Daily activity,1.418,0.704,0.714,runner result (end-to-end); compilation/execution retained,True,
Snowflake,98,98,2026-08-12T03:28:57Z,53013859627,4,Daily activity,10.852,1.094,9.758,runner result (end-to-end); compilation/execution retained,True,
Snowflake,99,99,2026-08-12T03:38:57Z,53553602030,4,Daily activity,1.317,1.035,0.282,runner result (end-to-end); compilation/execution retained,True,
Snowflake,100,100,2026-08-12T03:48:57Z,54096739316,4,Daily activity,4.627,1.372,3.255,runner result (end-to-end); compilation/execution retained,True,
Snowflake,101,101,2026-08-12T03:58:57Z,54638958461,4,Daily activity,1.44,1.212,0.228,runner result (end-to-end); compilation/execution retained,True,
Snowflake,102,102,2026-08-12T04:08:57Z,55184688243,4,Daily activity,4.248,1.587,2.661,runner result (end-to-end); compilation/execution retained,True,
Snowflake,103,103,2026-08-12T04:18:57Z,55728939933,4,Daily activity,2.878,1.813,1.065,runner result (end-to-end); compilation/execution retained,True,
Snowflake,104,104,2026-08-12T04:28:57Z,56273535672,4,Daily activity,2.616,2.067,0.549,runner result (end-to-end); compilation/execution retained,True,
Snowflake,105,105,2026-08-12T04:38:57Z,56810381460,4,Daily activity,2.628,2.063,0.565,runner result (end-to-end); compilation/execution retained,True,
Snowflake,106,106,2026-08-12T04:48:57Z,57362361385,4,Daily activity,3.845,1.75,2.095,runner result (end-to-end); compilation/execution retained,True,
Snowflake,107,107,2026-08-12T04:58:57Z,57913493016,4,Daily activity,2.943,2.321,0.622,runner result (end-to-end); compilation/execution retained,True,
Snowflake,108,108,2026-08-12T05:08:57Z,58446958006,4,Daily activity,8.537,3.403,5.134,runner result (end-to-end); compilation/execution retained,True,
Snowflake,109,109,2026-08-12T05:18:57Z,58996538773,4,Daily activity,3.243,2.304,0.939,runner result (end-to-end); compilation/execution retained,True,
Snowflake,110,110,2026-08-12T05:28:57Z,59543392881,4,Daily activity,10.331,3.114,7.217,runner result (end-to-end); compilation/execution retained,True,
Snowflake,111,111,2026-08-12T05:38:57Z,60095495207,4,Daily activity,13.228,3.091,10.137,runner result (end-to-end); compilation/execution retained,True,
Snowflake,112,112,2026-08-12T05:48:57Z,60639957737,4,Daily activity,11.508,3.385,8.123,runner result (end-to-end); compilation/execution retained,True,
Snowflake,113,113,2026-08-12T05:58:57Z,61187361357,4,Daily activity,3.85,2.746,1.104,runner result (end-to-end); compilation/execution retained,True,
Snowflake,114,114,2026-08-12T06:08:57Z,61731139656,4,Daily activity,12.997,2.864,10.133,runner result (end-to-end); compilation/execution retained,True,
Snowflake,115,115,2026-08-12T06:18:57Z,62279567684,4,Daily activity,4.965,4.496,0.469,runner result (end-to-end); compilation/execution retained,True,
Snowflake,116,116,2026-08-12T06:28:57Z,62825580983,4,Daily activity,8.38,4.058,4.322,runner result (end-to-end); compilation/execution retained,True,
Snowflake,117,117,2026-08-12T06:38:57Z,63370928291,4,Daily activity,8.076,3.254,4.822,runner result (end-to-end); compilation/execution retained,True,
Snowflake,118,118,2026-08-12T06:48:57Z,63914819184,4,Daily activity,11.161,3.372,7.789,runner result (end-to-end); compilation/execution retained,True,
Snowflake,119,119,2026-08-12T06:58:57Z,64455955665,4,Daily activity,8.003,3.602,4.401,runner result (end-to-end); compilation/execution retained,True,
Snowflake,120,120,2026-08-12T07:08:57Z,65003623242,4,Daily activity,14.226,4.036,10.19,runner result (end-to-end); compilation/execution retained,True,
Snowflake,121,121,2026-08-12T07:18:57Z,65557201130,4,Daily activity,3.987,3.751,0.236,runner result (end-to-end); compilation/execution retained,True,
Snowflake,122,122,2026-08-12T07:28:57Z,66099065156,4,Daily activity,11.05,4.299,6.751,runner result (end-to-end); compilation/execution retained,True,
Snowflake,123,123,2026-08-12T07:38:57Z,66642452422,4,Daily activity,8.026,4.279,3.747,runner result (end-to-end); compilation/execution retained,True,
Snowflake,124,124,2026-08-12T07:48:57Z,67182421438,4,Daily activity,15.512,10.012,5.5,runner result (end-to-end); compilation/execution retained,True,
Snowflake,125,125,2026-08-12T07:58:57Z,67727916114,4,Daily activity,6.233,4.357,1.876,runner result (end-to-end); compilation/execution retained,True,
Snowflake,126,126,2026-08-12T08:08:57Z,68267471024,4,Daily activity,15.996,10.793,5.203,runner result (end-to-end); compilation/execution retained,True,
Snowflake,127,127,2026-08-12T08:18:57Z,68802200323,4,Daily activity,11.991,11.027,0.964,runner result (end-to-end); compilation/execution retained,True,
Snowflake,128,128,2026-08-12T08:28:57Z,69346329844,4,Daily activity,14.932,10.044,4.888,runner result (end-to-end); compilation/execution retained,True,
Snowflake,129,129,2026-08-12T08:38:57Z,69897183390,4,Daily activity,13.342,10.737,2.605,runner result (end-to-end); compilation/execution retained,True,
Snowflake,130,130,2026-08-12T08:48:57Z,70428726736,4,Daily activity,1.37,0.379,0.991,runner result (end-to-end); compilation/execution retained,True,
Snowflake,131,131,2026-08-12T08:58:57Z,70979357463,4,Daily activity,12.042,0.442,11.6,runner result (end-to-end); compilation/execution retained,True,
Snowflake,132,132,2026-08-12T09:08:57Z,71519985704,4,Daily activity,1.621,0.629,0.992,runner result (end-to-end); compilation/execution retained,True,
Snowflake,133,133,2026-08-12T09:18:57Z,72058735690,4,Daily activity,4.403,0.565,3.838,runner result (end-to-end); compilation/execution retained,True,
Snowflake,134,134,2026-08-12T09:28:57Z,72596851158,4,Daily activity,2.596,1.033,1.563,runner result (end-to-end); compilation/execution retained,True,
Snowflake,135,135,2026-08-12T09:38:57Z,73126410994,4,Daily activity,15.323,1.053,14.27,runner result (end-to-end); compilation/execution retained,True,
Snowflake,136,136,2026-08-12T09:48:57Z,73663989869,4,Daily activity,2.345,1.337,1.008,runner result (end-to-end); compilation/execution retained,True,
Snowflake,137,137,2026-08-12T09:58:57Z,74210734717,4,Daily activity,10.295,1.011,9.284,runner result (end-to-end); compilation/execution retained,True,
Snowflake,138,138,2026-08-12T10:08:57Z,74754170511,4,Daily activity,1.791,0.944,0.847,runner result (end-to-end); compilation/execution retained,True,
Snowflake,139,139,2026-08-12T10:18:57Z,75292467460,4,Daily activity,4.612,0.996,3.616,runner result (end-to-end); compilation/execution retained,True,
Snowflake,140,140,2026-08-12T10:28:57Z,75839048271,4,Daily activity,2.975,1.854,1.121,runner result (end-to-end); compilation/execution retained,True,
Snowflake,141,141,2026-08-12T10:38:57Z,76379287699,4,Daily activity,16.591,1.184,15.407,runner result (end-to-end); compilation/execution retained,True,
Snowflake,142,142,2026-08-12T10:48:57Z,76921212731,4,Daily activity,2.908,1.432,1.476,runner result (end-to-end); compilation/execution retained,True,
Snowflake,143,143,2026-08-12T10:58:57Z,77474274891,4,Daily activity,11.394,1.575,9.819,runner result (end-to-end); compilation/execution retained,True,
Snowflake,144,144,2026-08-12T11:08:57Z,78020239558,4,Daily activity,4.415,2.696,1.719,runner result (end-to-end); compilation/execution retained,True,
Snowflake,145,145,2026-08-12T11:18:57Z,78556038400,4,Daily activity,13.584,1.81,11.774,runner result (end-to-end); compilation/execution retained,True,
Snowflake,146,146,2026-08-12T11:28:57Z,79095605628,4,Daily activity,3.974,1.807,2.167,runner result (end-to-end); compilation/execution retained,True,
Snowflake,147,147,2026-08-12T11:38:57Z,79642025309,4,Daily activity,10.557,1.763,8.794,runner result (end-to-end); compilation/execution retained,True,
Snowflake,148,148,2026-08-12T11:48:57Z,80174044570,4,Daily activity,2.788,1.559,1.229,runner result (end-to-end); compilation/execution retained,True,
Snowflake,149,149,2026-08-12T11:58:57Z,80719696641,4,Daily activity,4.537,1.55,2.987,runner result (end-to-end); compilation/execution retained,True,
Snowflake,150,150,2026-08-12T12:08:57Z,81262895664,4,Daily activity,3.629,2.384,1.245,runner result (end-to-end); compilation/execution retained,True,
Snowflake,151,151,2026-08-12T12:18:57Z,81806775602,4,Daily activity,8.951,2.391,6.56,runner result (end-to-end); compilation/execution retained,True,
Snowflake,152,152,2026-08-12T12:28:57Z,82353792598,4,Daily activity,3.217,1.923,1.294,runner result (end-to-end); compilation/execution retained,True,
Snowflake,153,153,2026-08-12T12:38:57Z,82888706006,4,Daily activity,11.734,2.207,9.527,runner result (end-to-end); compilation/execution retained,True,
Snowflake,154,154,2026-08-12T12:48:57Z,83443900439,4,Daily activity,3.756,2.071,1.685,runner result (end-to-end); compilation/execution retained,True,
Snowflake,155,155,2026-08-12T12:58:57Z,83986715739,4,Daily activity,12.221,2.555,9.666,runner result (end-to-end); compilation/execution retained,True,
Snowflake,156,156,2026-08-12T13:08:57Z,84528180207,4,Daily activity,4.694,2.937,1.757,runner result (end-to-end); compilation/execution retained,True,
Snowflake,157,157,2026-08-12T13:18:57Z,85066604156,4,Daily activity,12.607,2.929,9.678,runner result (end-to-end); compilation/execution retained,True,
Snowflake,158,158,2026-08-12T13:28:57Z,85620033283,4,Daily activity,4.598,2.997,1.601,runner result (end-to-end); compilation/execution retained,True,
Snowflake,159,159,2026-08-12T13:38:57Z,86152994817,4,Daily activity,11.156,3.197,7.959,runner result (end-to-end); compilation/execution retained,True,
Snowflake,160,160,2026-08-12T13:48:57Z,86704737177,4,Daily activity,4.633,3.835,0.798,runner result (end-to-end); compilation/execution retained,True,
Snowflake,161,161,2026-08-12T13:58:57Z,87242847941,4,Daily activity,10.854,3.657,7.197,runner result (end-to-end); compilation/execution retained,True,
Snowflake,162,162,2026-08-12T14:08:57Z,87786454820,4,Daily activity,4.337,2.845,1.492,runner result (end-to-end); compilation/execution retained,True,
Snowflake,163,163,2026-08-12T14:18:57Z,88330971978,4,Daily activity,9.958,3.866,6.092,runner result (end-to-end); compilation/execution retained,True,
Snowflake,164,164,2026-08-12T14:28:57Z,88873955947,4,Daily activity,4.848,2.972,1.876,runner result (end-to-end); compilation/execution retained,True,
Snowflake,165,165,2026-08-12T14:38:57Z,89419840113,4,Daily activity,7.245,3.34,3.905,runner result (end-to-end); compilation/execution retained,True,
Snowflake,166,166,2026-08-12T14:48:57Z,89959994694,4,Daily activity,7.883,4.07,3.813,runner result (end-to-end); compilation/execution retained,True,
Snowflake,167,167,2026-08-12T14:58:57Z,90505068849,4,Daily activity,7.675,3.652,4.023,runner result (end-to-end); compilation/execution retained,True,
Snowflake,168,168,2026-08-12T15:08:57Z,91061606220,4,Daily activity,8.886,4.528,4.358,runner result (end-to-end); compilation/execution retained,True,
Snowflake,169,169,2026-08-12T15:18:57Z,91608517197,4,Daily activity,8.958,5.016,3.942,runner result (end-to-end); compilation/execution retained,True,
Snowflake,170,170,2026-08-12T15:28:57Z,92153494394,4,Daily activity,7.274,4.723,2.551,runner result (end-to-end); compilation/execution retained,True,
Snowflake,171,171,2026-08-12T15:38:57Z,92698030525,4,Daily activity,8.789,4.851,3.938,runner result (end-to-end); compilation/execution retained,True,
Snowflake,172,172,2026-08-12T15:48:57Z,93242607069,4,Daily activity,12.106,10.369,1.737,runner result (end-to-end); compilation/execution retained,True,
Snowflake,173,173,2026-08-12T15:58:57Z,93787407199,4,Daily activity,14.228,10.534,3.694,runner result (end-to-end); compilation/execution retained,True,
Snowflake,174,174,2026-08-12T16:08:57Z,94330065240,4,Daily activity,13.318,10.38,2.938,runner result (end-to-end); compilation/execution retained,True,
Snowflake,175,175,2026-08-12T16:18:57Z,94877773840,4,Daily activity,13.724,10.546,3.178,runner result (end-to-end); compilation/execution retained,True,
Snowflake,176,176,2026-08-12T16:28:57Z,95419508344,4,Daily activity,14.293,10.619,3.674,runner result (end-to-end); compilation/execution retained,True,
Snowflake,177,177,2026-08-12T16:38:57Z,95972724266,4,Daily activity,14.308,10.952,3.356,runner result (end-to-end); compilation/execution retained,True,
Snowflake,178,178,2026-08-12T16:48:57Z,96513946374,4,Daily activity,13.799,10.208,3.591,runner result (end-to-end); compilation/execution retained,True,
Snowflake,179,179,2026-08-12T16:58:57Z,97064716964,4,Daily activity,12.859,10.524,2.335,runner result (end-to-end); compilation/execution retained,True,
Snowflake,180,180,2026-08-12T17:08:57Z,97615350266,4,Daily activity,14.355,10.75,3.605,runner result (end-to-end); compilation/execution retained,True,
Snowflake,181,181,2026-08-12T17:18:57Z,98161784620,4,Daily activity,14.823,11.045,3.778,runner result (end-to-end); compilation/execution retained,True,
Snowflake,182,182,2026-08-12T17:28:57Z,98700378757,4,Daily activity,16.147,11.56,4.587,runner result (end-to-end); compilation/execution retained,True,
Snowflake,183,183,2026-08-12T17:38:57Z,99259158207,4,Daily activity,13.832,10.931,2.901,runner result (end-to-end); compilation/execution retained,True,
Snowflake,184,184,2026-08-12T17:48:57Z,99801890611,4,Daily activity,14.817,11.48,3.337,runner result (end-to-end); compilation/execution retained,True,
