source_line,observed_at,base_table_rows,lag_seconds,lag_minutes,trend_lag_minutes,display_lag_minutes,refresh_watermark
5,2026-08-11T11:22:57Z,532996784,15.0,0.25,1.7661290322580645,1.7789892636075828,2026-08-11T04:22:39.880000-07:00
6,2026-08-11T11:23:58Z,532996784,77.0,1.2833333333333334,1.7739583333333333,1.7826986480857787,2026-08-11T04:22:39.880000-07:00
7,2026-08-11T11:24:58Z,532996784,128.0,2.1333333333333333,1.8095959595959596,1.7831617556715476,2026-08-11T04:22:39.880000-07:00
8,2026-08-11T11:25:58Z,532996784,194.0,3.2333333333333334,1.7872549019607842,1.7811390344810718,2026-08-11T04:22:39.880000-07:00
9,2026-08-11T11:26:58Z,532996784,251.0,4.183333333333334,1.7652380952380953,1.7799417976996312,2026-08-11T04:22:39.880000-07:00
10,2026-08-11T11:27:58Z,532996784,27.0,0.45,1.7717592592592593,1.781691360806021,2026-08-11T04:27:31.002000-07:00
11,2026-08-11T11:28:58Z,533956165,59.0,0.9833333333333333,1.8049549549549548,1.78332753824865,2026-08-11T04:27:58.146000-07:00
12,2026-08-11T11:29:58Z,591519003,120.0,2.0,1.78640350877193,1.7828408398695097,2026-08-11T04:27:58.146000-07:00
13,2026-08-11T11:30:58Z,649081841,175.0,2.9166666666666665,1.764957264957265,1.7797301878952216,2026-08-11T04:27:58.146000-07:00
14,2026-08-11T11:31:59Z,707604060,59.0,0.9833333333333333,1.7691666666666666,1.7814275537102342,2026-08-11T04:30:53.506000-07:00
15,2026-08-11T11:32:59Z,765166898,60.0,1.0,1.7991869918699186,1.7837972130364153,2026-08-11T04:31:53.318000-07:00
16,2026-08-11T11:33:59Z,822729736,125.0,2.0833333333333335,1.7841269841269842,1.7841724189967278,2026-08-11T04:31:53.318000-07:00
17,2026-08-11T11:34:59Z,880292574,183.0,3.05,1.7686046511627906,1.7820805544048632,2026-08-11T04:31:53.318000-07:00
18,2026-08-11T11:35:59Z,937855412,54.0,0.9,1.7753787878787881,1.7840587140897897,2026-08-11T04:34:56.579000-07:00
19,2026-08-11T11:36:59Z,995418250,55.0,0.9166666666666666,1.805925925925926,1.7868201748512504,2026-08-11T04:36:00.393000-07:00
20,2026-08-11T11:37:59Z,1052981088,118.0,1.9666666666666666,1.791304347826087,1.78775154740027,2026-08-11T04:36:00.393000-07:00
21,2026-08-11T11:38:59Z,1110459456,175.0,2.9166666666666665,1.7758865248226952,1.7863103057151262,2026-08-11T04:36:00.393000-07:00
22,2026-08-11T11:39:59Z,1165488190,59.0,0.9833333333333333,1.7819444444444443,1.7883822379757375,2026-08-11T04:38:56.264000-07:00
23,2026-08-11T11:40:59Z,1220516925,58.0,0.9666666666666667,1.8081632653061224,1.7908435435378183,2026-08-11T04:39:55.854000-07:00
24,2026-08-11T11:42:00Z,1276462804,117.0,1.95,1.7953333333333332,1.7912636537306559,2026-08-11T04:39:55.854000-07:00
25,2026-08-11T11:43:00Z,1331491539,184.0,3.066666666666667,1.7794117647058822,1.789345063062065,2026-08-11T04:39:55.854000-07:00
26,2026-08-11T11:44:00Z,1386520273,67.0,1.1166666666666667,1.7833333333333334,1.7907203722176945,2026-08-11T04:42:50.693000-07:00
27,2026-08-11T11:45:00Z,1441549007,60.0,1.0,1.8069182389937106,1.7925467800969273,2026-08-11T04:43:57.918000-07:00
28,2026-08-11T11:46:00Z,1496577741,120.0,2.0,1.795679012345679,1.7926473621890346,2026-08-11T04:43:57.918000-07:00
29,2026-08-11T11:47:00Z,1551606475,181.0,3.0166666666666666,1.78,1.7907688835248416,2026-08-11T04:43:57.918000-07:00
30,2026-08-11T11:48:00Z,1606635210,60.0,1.0,1.7848214285714286,1.7919631209813742,2026-08-11T04:46:50.895000-07:00
31,2026-08-11T11:49:00Z,1661703681,66.0,1.1,1.8064327485380118,1.7957721855908246,2026-08-11T04:47:51.530000-07:00
32,2026-08-11T11:50:00Z,1717527166,125.0,2.0833333333333335,1.795977011494253,1.7989266813682712,2026-08-11T04:47:51.530000-07:00
33,2026-08-11T11:51:01Z,1774281042,186.0,3.1,1.7830508474576272,1.7997880635163839,2026-08-11T04:47:51.530000-07:00
34,2026-08-11T11:52:01Z,1830104526,68.0,1.1333333333333333,1.7875,1.8014228080473034,2026-08-11T04:50:49.604000-07:00
35,2026-08-11T11:53:01Z,1885928011,59.0,0.9833333333333333,1.8084699453551911,1.7999374627914664,2026-08-11T04:51:58.591000-07:00
36,2026-08-11T11:54:01Z,1941751496,121.0,2.0166666666666666,1.821311475409836,1.7990570249233235,2026-08-11T04:51:58.591000-07:00
37,2026-08-11T11:55:01Z,1997574980,177.0,2.95,1.818032786885246,1.7979009429648256,2026-08-11T04:51:58.591000-07:00
38,2026-08-11T11:56:01Z,2053398465,63.0,1.05,1.8163934426229509,1.7994340810157703,2026-08-11T04:54:56.565000-07:00
39,2026-08-11T11:57:02Z,2110152341,61.0,1.0166666666666666,1.8136612021857925,1.7993852459016395,2026-08-11T04:56:00.384000-07:00
40,2026-08-11T11:58:02Z,2165975825,120.0,2.0,1.7636612021857923,1.798981619473423,2026-08-11T04:56:00.384000-07:00
41,2026-08-11T11:59:02Z,2221890219,180.0,3.0,1.775136612021858,1.7982861400894188,2026-08-11T04:56:00.384000-07:00
42,2026-08-11T12:00:02Z,2278804608,66.0,1.1,1.7937158469945356,1.7978638847491306,2026-08-11T04:58:53.451000-07:00
43,2026-08-11T12:01:02Z,2335718997,57.0,0.95,1.8128415300546448,1.7949329359165425,2026-08-11T04:59:59.853000-07:00
44,2026-08-11T12:02:03Z,2393581959,116.0,1.9333333333333333,1.782513661202186,1.7924242424242423,2026-08-11T04:59:59.853000-07:00
45,2026-08-11T12:03:03Z,2450496348,180.0,3.0,1.7830601092896174,1.791927471435668,2026-08-11T04:59:59.853000-07:00
46,2026-08-11T12:04:03Z,2507410737,70.0,1.1666666666666667,1.8008196721311474,1.7975906607054148,2026-08-11T05:02:53.194000-07:00
47,2026-08-11T12:05:03Z,2564325127,67.0,1.1166666666666667,1.8166666666666667,1.797913561847988,2026-08-11T05:03:54.982000-07:00
48,2026-08-11T12:06:03Z,2621239516,124.0,2.066666666666667,1.785792349726776,1.7966467958271237,2026-08-11T05:03:54.982000-07:00
49,2026-08-11T12:07:04Z,2679102478,189.0,3.15,1.7887978142076502,1.7953303527074018,2026-08-11T05:03:54.982000-07:00
50,2026-08-11T12:08:04Z,2736016867,68.0,1.1333333333333333,1.8081967213114754,1.7941381023348235,2026-08-11T05:06:55.388000-07:00
51,2026-08-11T12:09:04Z,2792794791,64.0,1.0666666666666667,1.8259562841530055,1.7885991058122206,2026-08-11T05:07:56.492000-07:00
52,2026-08-11T12:10:04Z,2848539482,124.0,2.066666666666667,1.778688524590164,1.7813959264778938,2026-08-11T05:07:56.492000-07:00
53,2026-08-11T12:11:04Z,2904284173,184.0,3.066666666666667,1.7797814207650273,1.7744908097367114,2026-08-11T05:07:56.492000-07:00
54,2026-08-11T12:12:04Z,2960028865,70.0,1.1666666666666667,1.798360655737705,1.77200695479384,2026-08-11T05:10:52.970000-07:00
55,2026-08-11T12:13:04Z,3015773556,59.0,0.9833333333333333,1.7693989071038252,1.7650521609538004,2026-08-11T05:12:01.350000-07:00
56,2026-08-11T12:14:04Z,3071518247,119.0,1.9833333333333334,1.7221311475409835,1.7565573770491802,2026-08-11T05:12:01.350000-07:00
57,2026-08-11T12:15:04Z,3127262938,182.0,3.033333333333333,1.721584699453552,1.748087431693989,2026-08-11T05:12:01.350000-07:00
58,2026-08-11T12:16:05Z,3183936707,72.0,1.2,1.7407103825136612,1.7410581222056634,2026-08-11T05:14:48.020000-07:00
59,2026-08-11T12:17:05Z,3239681398,56.0,0.9333333333333333,1.7584699453551913,1.7311475409836066,2026-08-11T05:16:00.788000-07:00
60,2026-08-11T12:18:05Z,3295426089,123.0,2.05,1.7122950819672131,1.7195230998509687,2026-08-11T05:16:00.788000-07:00
61,2026-08-11T12:19:05Z,3351146867,181.0,3.0166666666666666,1.7147540983606557,1.7122454048683557,2026-08-11T05:16:00.788000-07:00
62,2026-08-11T12:20:05Z,3406712209,72.0,1.2,1.7327868852459016,1.7108544461003476,2026-08-11T05:18:52.388000-07:00
63,2026-08-11T12:21:05Z,3462277552,62.0,1.0333333333333334,1.7013661202185792,1.7053899652260307,2026-08-11T05:19:56.885000-07:00
64,2026-08-11T12:22:05Z,3517842894,123.0,2.05,1.6707650273224044,1.6984103328365625,2026-08-11T05:19:56.885000-07:00
65,2026-08-11T12:23:05Z,3573408236,184.0,3.066666666666667,1.6704918032786886,1.6915300546448087,2026-08-11T05:19:56.885000-07:00
66,2026-08-11T12:24:05Z,3628973578,62.0,1.0333333333333334,1.6893442622950818,1.6905116741182313,2026-08-11T05:22:55.887000-07:00
67,2026-08-11T12:25:05Z,3684538920,65.0,1.0833333333333333,1.7068306010928962,1.6866616989567809,2026-08-11T05:23:58.332000-07:00
68,2026-08-11T12:26:06Z,3741030352,122.0,2.033333333333333,1.6614754098360656,1.6812220566318927,2026-08-11T05:23:58.332000-07:00
69,2026-08-11T12:27:06Z,3796595694,184.0,3.066666666666667,1.6639344262295082,1.68050173869846,2026-08-11T05:23:58.332000-07:00
70,2026-08-11T12:28:06Z,3852161036,68.0,1.1333333333333333,1.6827868852459018,1.684401390958768,2026-08-11T05:26:55.894000-07:00
71,2026-08-11T12:29:06Z,3907620775,69.0,1.15,1.7010928961748635,1.684078489816195,2026-08-11T05:27:55.204000-07:00
72,2026-08-11T12:30:06Z,3962482097,127.0,2.1166666666666667,1.6724043715846995,1.6819423745653252,2026-08-11T05:27:55.204000-07:00
73,2026-08-11T12:31:07Z,4018257774,190.0,3.1666666666666665,1.672950819672131,1.6797317436661698,2026-08-11T05:27:55.204000-07:00
74,2026-08-11T12:32:07Z,4073119096,64.0,1.0666666666666667,1.6934426229508197,1.6831346249379038,2026-08-11T05:30:55.576000-07:00
75,2026-08-11T12:33:07Z,4127980417,61.0,1.0166666666666666,1.7136612021857922,1.6818430203676107,2026-08-11T05:31:59.707000-07:00
76,2026-08-11T12:34:07Z,4182841739,125.0,2.0833333333333335,1.6669398907103825,1.6786885245901642,2026-08-11T05:31:59.707000-07:00
77,2026-08-11T12:35:07Z,4237703061,183.0,3.05,1.665846994535519,1.6754843517138598,2026-08-11T05:31:59.707000-07:00
78,2026-08-11T12:36:07Z,4292564383,70.0,1.1666666666666667,1.6825136612021858,1.6721311475409835,2026-08-11T05:34:49.864000-07:00
79,2026-08-11T12:37:07Z,4347425704,65.0,1.0833333333333333,1.6989071038251367,1.6644063586686537,2026-08-11T05:36:00.786000-07:00
80,2026-08-11T12:38:07Z,4402287026,126.0,2.1,1.6497267759562844,1.6547690014903127,2026-08-11T05:36:00.786000-07:00
81,2026-08-11T12:39:07Z,4457242285,183.0,3.05,1.648087431693989,1.6451068057625435,2026-08-11T05:36:00.786000-07:00
82,2026-08-11T12:40:07Z,4512667233,2.0,0.03333333333333333,1.665846994535519,1.641430700447094,2026-08-11T05:40:01.166000-07:00
83,2026-08-11T12:41:08Z,4569015929,63.0,1.05,1.6355191256830601,1.6336313959264779,2026-08-11T05:40:01.166000-07:00
84,2026-08-11T12:42:08Z,4624440876,126.0,2.1,1.5879781420765027,1.6241927471435667,2026-08-11T05:40:01.166000-07:00
85,2026-08-11T12:43:08Z,4679865824,11.0,0.18333333333333332,1.587431693989071,1.6151266766020866,2026-08-11T05:42:52.211000-07:00
86,2026-08-11T12:44:08Z,4735290771,11.0,0.18333333333333332,1.6073770491803279,1.6077993045206158,2026-08-11T05:43:56.993000-07:00
87,2026-08-11T12:45:08Z,4790715718,65.0,1.0833333333333333,1.6265027322404373,1.5963735717834078,2026-08-11T05:43:56.993000-07:00
88,2026-08-11T12:46:08Z,4846140665,130.0,2.1666666666666665,1.5800546448087434,1.5833333333333335,2026-08-11T05:43:56.993000-07:00
89,2026-08-11T12:47:08Z,4901565613,185.0,3.0833333333333335,1.5786885245901638,1.5747640337804272,2026-08-11T05:43:56.993000-07:00
90,2026-08-11T12:48:08Z,4956990560,12.0,0.2,1.5991803278688523,1.567858917039245,2026-08-11T05:47:54.167000-07:00
91,2026-08-11T12:49:08Z,5012364658,69.0,1.15,1.5691256830601092,1.5566815697963237,2026-08-11T05:47:54.167000-07:00
92,2026-08-11T12:50:08Z,5067512245,132.0,2.2,1.5224043715846993,1.5439145553899651,2026-08-11T05:47:54.167000-07:00
93,2026-08-11T12:51:09Z,5123578959,10.0,0.16666666666666666,1.5224043715846993,1.531023348236463,2026-08-11T05:50:51.657000-07:00
94,2026-08-11T12:52:09Z,5178726546,74.0,1.2333333333333334,1.541256830601093,1.5196224540486833,2026-08-11T05:50:51.657000-07:00
95,2026-08-11T12:53:09Z,5233874134,67.0,1.1166666666666667,1.5120218579234972,1.5040983606557377,2026-08-11T05:51:59.319000-07:00
96,2026-08-11T12:54:09Z,5289021721,128.0,2.1333333333333333,1.4644808743169397,1.486810730253353,2026-08-11T05:51:59.319000-07:00
97,2026-08-11T12:55:09Z,5344169308,185.0,3.0833333333333335,1.4669398907103826,1.4738450074515648,2026-08-11T05:51:59.319000-07:00
98,2026-08-11T12:56:09Z,5399316896,11.0,0.18333333333333332,1.4846994535519125,1.4624441132637853,2026-08-11T05:55:57.682000-07:00
99,2026-08-11T12:57:10Z,5455383609,72.0,1.2,1.4546448087431694,1.4466467958271236,2026-08-11T05:55:57.682000-07:00
100,2026-08-11T12:58:10Z,5510531197,130.0,2.1666666666666665,1.4079234972677594,1.429185295578738,2026-08-11T05:55:57.682000-07:00
101,2026-08-11T12:59:10Z,5565721636,187.0,3.1166666666666667,1.409016393442623,1.4160208643815202,2026-08-11T05:55:57.682000-07:00
102,2026-08-11T13:00:10Z,5621067002,75.0,1.25,1.426502732240437,1.4047441629408843,2026-08-11T05:58:54.501000-07:00
103,2026-08-11T13:01:10Z,5676412368,68.0,1.1333333333333333,1.3969945355191258,1.3907848981619473,2026-08-11T05:59:57.915000-07:00
104,2026-08-11T13:02:10Z,5731757734,132.0,2.2,1.3486338797814208,1.37702434177844,2026-08-11T05:59:57.915000-07:00
105,2026-08-11T13:03:10Z,5787103100,190.0,3.1666666666666665,1.3491803278688523,1.3649279682066568,2026-08-11T05:59:57.915000-07:00
106,2026-08-11T13:04:11Z,5843370889,9.0,0.15,1.3672131147540985,1.3541977148534525,2026-08-11T06:04:00.479000-07:00
107,2026-08-11T13:05:11Z,5898716255,66.0,1.1,1.3404371584699453,1.3405613512170889,2026-08-11T06:04:00.479000-07:00
108,2026-08-11T13:06:11Z,5954061621,128.0,2.1333333333333333,1.3133879781420763,1.3285146547441629,2026-08-11T06:04:00.479000-07:00
109,2026-08-11T13:07:11Z,6009406988,184.0,3.066666666666667,1.3333333333333333,1.318281172379533,2026-08-11T06:04:00.479000-07:00
110,2026-08-11T13:08:11Z,6064752354,9.0,0.15,1.3215846994535518,1.3097367113760556,2026-08-11T06:08:01.265000-07:00
111,2026-08-11T13:09:11Z,6120150173,62.0,1.0333333333333334,1.2898907103825137,1.3027819175360158,2026-08-11T06:08:01.265000-07:00
112,2026-08-11T13:10:11Z,6175720338,129.0,2.15,1.2590163934426228,1.2973671137605562,2026-08-11T06:08:01.265000-07:00
113,2026-08-11T13:11:11Z,6231290503,13.0,0.21666666666666667,1.2939890710382513,1.2934177844013908,2026-08-11T06:10:56.723000-07:00
114,2026-08-11T13:12:11Z,6286860668,10.0,0.16666666666666666,1.2844262295081967,1.2892449080973671,2026-08-11T06:11:57.550000-07:00
115,2026-08-11T13:13:11Z,6342430833,68.0,1.1333333333333333,1.2546448087431694,1.280750124192747,2026-08-11T06:11:57.550000-07:00
116,2026-08-11T13:14:12Z,6398927167,132.0,2.2,1.2726775956284153,1.2765027322404372,2026-08-11T06:11:57.550000-07:00
117,2026-08-11T13:15:12Z,6454497332,189.0,3.15,1.3076502732240436,1.273994038748137,2026-08-11T06:11:57.550000-07:00
118,2026-08-11T13:16:12Z,6510067497,12.0,0.2,1.2969945355191255,1.2716343765524094,2026-08-11T06:15:58.875000-07:00
119,2026-08-11T13:17:12Z,6565637662,67.0,1.1166666666666667,1.2674863387978141,1.2679085941381023,2026-08-11T06:15:58.875000-07:00
120,2026-08-11T13:18:12Z,6621207827,131.0,2.183333333333333,1.2398907103825139,1.2666915052160954,2026-08-11T06:15:58.875000-07:00
121,2026-08-11T13:19:12Z,6676823491,13.0,0.21666666666666667,1.2748633879781421,1.2670640834575262,2026-08-11T06:18:57.673000-07:00
122,2026-08-11T13:20:12Z,6732575652,10.0,0.16666666666666666,1.2622950819672132,1.2630402384500745,2026-08-11T06:19:59.646000-07:00
123,2026-08-11T13:21:12Z,6788327813,72.0,1.2,1.2330601092896176,1.2532290114257327,2026-08-11T06:19:59.646000-07:00
124,2026-08-11T13:22:12Z,6844079975,131.0,2.183333333333333,1.2530054644808744,1.2476154992548436,2026-08-11T06:19:59.646000-07:00
125,2026-08-11T13:23:12Z,6899832136,16.0,0.26666666666666666,1.2710382513661203,1.2435419771485348,2026-08-11T06:22:56.288000-07:00
126,2026-08-11T13:24:13Z,6956513499,10.0,0.16666666666666666,1.258743169398907,1.2393691008445107,2026-08-11T06:23:57.460000-07:00
127,2026-08-11T13:25:13Z,7012265661,71.0,1.1833333333333333,1.2284153005464482,1.2294585196224541,2026-08-11T06:23:57.460000-07:00
128,2026-08-11T13:26:13Z,7068017822,130.0,2.1666666666666665,1.1997267759562842,1.222429210134128,2026-08-11T06:23:57.460000-07:00
129,2026-08-11T13:27:13Z,7123769983,12.0,0.2,1.2352459016393442,1.2170889220069547,2026-08-11T06:26:57.442000-07:00
130,2026-08-11T13:28:13Z,7179522144,13.0,0.21666666666666667,1.2226775956284153,1.2071535022354694,2026-08-11T06:27:56.135000-07:00
131,2026-08-11T13:29:13Z,7235128288,72.0,1.2,1.1939890710382512,1.1928216592151017,2026-08-11T06:27:56.135000-07:00
132,2026-08-11T13:30:14Z,7291252960,133.0,2.216666666666667,1.165846994535519,1.1829607550919026,2026-08-11T06:27:56.135000-07:00
133,2026-08-11T13:31:14Z,7346457556,19.0,0.31666666666666665,1.1849726775956284,1.1749875807252856,2026-08-11T06:30:50.791000-07:00
134,2026-08-11T13:32:14Z,7401662152,13.0,0.21666666666666667,1.1743169398907105,1.1666915052160953,2026-08-11T06:32:01.046000-07:00
135,2026-08-11T13:33:14Z,7456866748,66.0,1.1,1.1437158469945354,1.1524590163934425,2026-08-11T06:32:01.046000-07:00
136,2026-08-11T13:34:14Z,7512071344,127.0,2.1166666666666667,1.1133879781420766,1.1425732737208145,2026-08-11T06:32:01.046000-07:00
137,2026-08-11T13:35:14Z,7567275940,27.0,0.45,1.150273224043716,1.1343765524093392,2026-08-11T06:34:47.642000-07:00
138,2026-08-11T13:36:15Z,7623400612,84.0,1.4,1.140710382513661,1.1260556383507203,2026-08-11T06:34:47.642000-07:00
139,2026-08-11T13:37:15Z,7678605208,143.0,2.3833333333333333,1.1084699453551912,1.1176602086438152,2026-08-11T06:34:47.642000-07:00
140,2026-08-11T13:38:15Z,7733809804,22.0,0.36666666666666664,1.0786885245901638,1.1135866865375061,2026-08-11T06:37:49.794000-07:00
141,2026-08-11T13:39:15Z,7789109256,10.0,0.16666666666666666,1.1139344262295083,1.1113263785394933,2026-08-11T06:39:04.667000-07:00
142,2026-08-11T13:40:15Z,7844630038,70.0,1.1666666666666667,1.1038251366120218,1.1092399403874813,2026-08-11T06:39:04.667000-07:00
143,2026-08-11T13:41:15Z,7900150820,130.0,2.1666666666666665,1.0743169398907104,1.1011177347242922,2026-08-11T06:39:04.667000-07:00
144,2026-08-11T13:42:15Z,7955671603,28.0,0.4666666666666667,1.0926229508196723,1.097242921013413,2026-08-11T06:41:46.573000-07:00
145,2026-08-11T13:43:15Z,8011192385,17.0,0.2833333333333333,1.1295081967213116,1.0955538996522605,2026-08-11T06:42:56.169000-07:00
146,2026-08-11T13:44:15Z,8066713167,77.0,1.2833333333333334,1.1188524590163935,1.0936910084451068,2026-08-11T06:42:56.169000-07:00
147,2026-08-11T13:45:16Z,8123159296,139.0,2.316666666666667,1.0904371584699453,1.0902384500745157,2026-08-11T06:42:56.169000-07:00
148,2026-08-11T13:46:16Z,8178680078,26.0,0.43333333333333335,1.060928961748634,1.0909339294585196,2026-08-11T06:45:49.669000-07:00
149,2026-08-11T13:47:16Z,8234200860,22.0,0.36666666666666664,1.098087431693989,1.0934674615002484,2026-08-11T06:46:51.514000-07:00
150,2026-08-11T13:48:16Z,8289721643,84.0,1.4,1.0898907103825137,1.091679085941381,2026-08-11T06:46:51.514000-07:00
151,2026-08-11T13:49:16Z,8344828279,140.0,2.3333333333333335,1.0581967213114754,1.0882762046696473,2026-08-11T06:46:51.514000-07:00
152,2026-08-11T13:50:16Z,8399041233,23.0,0.38333333333333336,1.0759562841530055,1.0892449080973672,2026-08-11T06:49:51.087000-07:00
153,2026-08-11T13:51:16Z,8453254187,25.0,0.4166666666666667,1.1114754098360655,1.0917536015896672,2026-08-11T06:50:50.533000-07:00
154,2026-08-11T13:52:16Z,8507467141,83.0,1.3833333333333333,1.1021857923497267,1.094187779433681,2026-08-11T06:50:50.533000-07:00
155,2026-08-11T13:53:16Z,8561680095,140.0,2.3333333333333335,1.0729508196721311,1.095057128663686,2026-08-11T06:50:50.533000-07:00
156,2026-08-11T13:54:16Z,8615893049,22.0,0.36666666666666664,1.0920765027322403,1.0999751614505713,2026-08-11T06:53:48.639000-07:00
157,2026-08-11T13:55:17Z,8671009553,17.0,0.2833333333333333,1.1295081967213116,1.1067312468951813,2026-08-11T06:54:54.764000-07:00
158,2026-08-11T13:56:17Z,8725222507,80.0,1.3333333333333333,1.118032786885246,1.109016393442623,2026-08-11T06:54:54.764000-07:00
159,2026-08-11T13:57:17Z,8779435461,141.0,2.35,1.0877049180327867,1.1095628415300547,2026-08-11T06:54:54.764000-07:00
160,2026-08-11T13:58:17Z,8833648415,26.0,0.43333333333333335,1.1076502732240436,1.1140834575260805,2026-08-11T06:57:46.569000-07:00
161,2026-08-11T13:59:17Z,8888002945,25.0,0.4166666666666667,1.1439890710382514,1.1205663189269748,2026-08-11T06:58:49.713000-07:00
162,2026-08-11T14:00:17Z,8942640628,84.0,1.4,1.1325136612021858,1.1227769498261302,2026-08-11T06:58:49.713000-07:00
163,2026-08-11T14:01:17Z,8997278312,145.0,2.4166666666666665,1.1010928961748634,1.1229508196721312,2026-08-11T06:58:49.713000-07:00
164,2026-08-11T14:02:17Z,9051915995,29.0,0.48333333333333334,1.1174863387978142,1.1256085444610036,2026-08-11T07:01:47.528000-07:00
165,2026-08-11T14:03:17Z,9106553678,20.0,0.3333333333333333,1.151912568306011,1.1282414307004471,2026-08-11T07:02:52.336000-07:00
166,2026-08-11T14:04:17Z,9161191362,79.0,1.3166666666666667,1.1442622950819672,1.1291356184798806,2026-08-11T07:02:52.336000-07:00
167,2026-08-11T14:05:18Z,9216739673,144.0,2.4,1.1163934426229507,1.1285643318430205,2026-08-11T07:02:52.336000-07:00
168,2026-08-11T14:06:18Z,9271377356,31.0,0.5166666666666667,1.1314207650273225,1.1309736711376055,2026-08-11T07:05:45.757000-07:00
169,2026-08-11T14:07:18Z,9326015040,10.0,0.16666666666666666,1.1472677595628415,1.133954297069051,2026-08-11T07:06:57.148000-07:00
170,2026-08-11T14:08:18Z,9380652723,75.0,1.25,1.1166666666666667,1.1354446100347741,2026-08-11T07:06:57.148000-07:00
171,2026-08-11T14:09:18Z,9435440378,138.0,2.3,1.1174863387978142,1.1353452558370591,2026-08-11T07:06:57.148000-07:00
172,2026-08-11T14:10:18Z,9490506552,25.0,0.4166666666666667,1.137704918032787,1.1377297565822155,2026-08-11T07:09:49.986000-07:00
173,2026-08-11T14:11:18Z,9545572726,21.0,0.35,1.159016393442623,1.1398907103825138,2026-08-11T07:10:54.200000-07:00
174,2026-08-11T14:12:19Z,9601556669,80.0,1.3333333333333333,1.133879781420765,1.140809736711376,2026-08-11T07:10:54.200000-07:00
175,2026-08-11T14:13:19Z,9656622843,145.0,2.4166666666666665,1.133879781420765,1.1421510183805266,2026-08-11T07:10:54.200000-07:00
176,2026-08-11T14:14:19Z,9711689017,29.0,0.48333333333333334,1.1508196721311477,1.1480625931445603,2026-08-11T07:13:50.294000-07:00
177,2026-08-11T14:15:19Z,9766755191,28.0,0.4666666666666667,1.1704918032786886,1.1513661202185792,2026-08-11T07:14:51.085000-07:00
178,2026-08-11T14:16:19Z,9821821365,81.0,1.35,1.1401639344262295,1.1529806259314457,2026-08-11T07:14:51.085000-07:00
179,2026-08-11T14:17:19Z,9876887539,148.0,2.466666666666667,1.1415300546448088,1.1542970690511674,2026-08-11T07:14:51.085000-07:00
180,2026-08-11T14:18:20Z,9932871482,37.0,0.6166666666666667,1.1620218579234973,1.1595131644311971,2026-08-11T07:17:40.617000-07:00
181,2026-08-11T14:19:20Z,9987864172,15.0,0.25,1.181693989071038,1.1622205663189271,2026-08-11T07:18:57.157000-07:00
182,2026-08-11T14:20:20Z,10042738647,78.0,1.3,1.153825136612022,1.163686040735221,2026-08-11T07:18:57.157000-07:00
183,2026-08-11T14:21:20Z,10097613123,140.0,2.3333333333333335,1.1554644808743169,1.1652757078986586,2026-08-11T07:18:57.157000-07:00
184,2026-08-11T14:22:20Z,10152487598,38.0,0.6333333333333333,1.1734972677595628,1.171410829607551,2026-08-11T07:21:40.923000-07:00
185,2026-08-11T14:23:20Z,10207362074,24.0,0.4,1.1912568306010929,1.1749130650769997,2026-08-11T07:22:52.523000-07:00
186,2026-08-11T14:24:21Z,10263151124,86.0,1.4333333333333333,1.1636612021857924,1.176602086438152,2026-08-11T07:22:52.523000-07:00
187,2026-08-11T14:25:21Z,10318025599,147.0,2.45,1.1669398907103825,1.1780675608544462,2026-08-11T07:22:52.523000-07:00
188,2026-08-11T14:26:21Z,10372900075,29.0,0.48333333333333334,1.1879781420765028,1.1837307501241927,2026-08-11T07:25:47.308000-07:00
189,2026-08-11T14:27:21Z,10427774550,19.0,0.31666666666666665,1.2076502732240437,1.1866865375062097,2026-08-11T07:26:55.506000-07:00
190,2026-08-11T14:28:21Z,10482649026,85.0,1.4166666666666667,1.1800546448087432,1.1881520119225037,2026-08-11T07:26:55.506000-07:00
191,2026-08-11T14:29:21Z,10537409101,146.0,2.433333333333333,1.1806010928961748,1.1897416790859412,2026-08-11T07:26:55.506000-07:00
192,2026-08-11T14:30:21Z,10591997576,30.0,0.5,1.1978142076502731,1.1957277694982613,2026-08-11T07:29:45.071000-07:00
193,2026-08-11T14:31:21Z,10646586051,18.0,0.3,1.216120218579235,1.198683556880278,2026-08-11T07:30:57.660000-07:00
194,2026-08-11T14:32:22Z,10702084334,79.0,1.3166666666666667,1.1879781420765028,1.1997267759562842,2026-08-11T07:30:57.660000-07:00
195,2026-08-11T14:33:22Z,10756672809,139.0,2.316666666666667,1.1896174863387978,1.2009935419771485,2026-08-11T07:30:57.660000-07:00
196,2026-08-11T14:34:23Z,10812171092,38.0,0.6333333333333333,1.208743169398907,1.2067809239940388,2026-08-11T07:33:44.481000-07:00
197,2026-08-11T14:35:23Z,10866759567,25.0,0.4166666666666667,1.2295081967213115,1.2101092896174863,2026-08-11T07:34:57.500000-07:00
198,2026-08-11T14:36:23Z,10921348043,82.0,1.3666666666666667,1.1994535519125684,1.2119970193740686,2026-08-11T07:34:57.500000-07:00
199,2026-08-11T14:37:23Z,10975936518,142.0,2.3666666666666667,1.1994535519125684,1.2140586189766518,2026-08-11T07:34:57.500000-07:00
200,2026-08-11T14:38:23Z,11030524993,31.0,0.5166666666666667,1.221584699453552,1.2204172876304025,2026-08-11T07:37:50.333000-07:00
201,2026-08-11T14:39:24Z,11085606557,25.0,0.4166666666666667,1.2437158469945357,1.2239940387481372,2026-08-11T07:38:55.400000-07:00
202,2026-08-11T14:40:24Z,11139268991,84.0,1.4,1.2172131147540983,1.2259314456035768,2026-08-11T07:38:55.400000-07:00
203,2026-08-11T14:41:24Z,11192931425,148.0,2.466666666666667,1.2185792349726776,1.2276949826130155,2026-08-11T07:38:55.400000-07:00
204,2026-08-11T14:42:25Z,11247488233,38.0,0.6333333333333333,1.2387978142076501,1.2341778440139095,2026-08-11T07:41:46.554000-07:00
205,2026-08-11T14:43:25Z,11301150666,28.0,0.4666666666666667,1.2579234972677595,1.2381520119225036,2026-08-11T07:42:57.103000-07:00
206,2026-08-11T14:44:26Z,11355707474,79.0,1.3166666666666667,1.2289617486338797,1.2401390958768008,2026-08-11T07:42:57.103000-07:00
207,2026-08-11T14:45:26Z,11409369908,149.0,2.4833333333333334,1.230054644808743,1.2421758569299552,2026-08-11T07:42:57.103000-07:00
208,2026-08-11T14:46:26Z,11463032342,28.0,0.4666666666666667,1.2489071038251367,1.248534525583706,2026-08-11T07:45:56.098000-07:00
209,2026-08-11T14:47:27Z,11517589149,31.0,0.5166666666666667,1.2707650273224043,1.2523845007451564,2026-08-11T07:46:51.619000-07:00
210,2026-08-11T14:48:29Z,11573040331,97.0,1.6166666666666667,1.2431693989071038,1.2544461003477396,2026-08-11T07:46:51.619000-07:00
211,2026-08-11T14:49:29Z,11627804338,156.0,2.6,1.2434426229508195,1.256681569796324,2026-08-11T07:46:51.619000-07:00
212,2026-08-11T14:50:29Z,11683532221,38.0,0.6333333333333333,1.266120218579235,1.2633879781420765,2026-08-11T07:49:48.645000-07:00
213,2026-08-11T14:51:29Z,11739260104,29.0,0.48333333333333334,1.287158469945355,1.267337307501242,2026-08-11T07:50:56.474000-07:00
214,2026-08-11T14:52:29Z,11794987987,91.0,1.5166666666666666,1.260928961748634,1.2696224540486836,2026-08-11T07:50:56.474000-07:00
215,2026-08-11T14:53:29Z,11850715871,148.0,2.466666666666667,1.2614754098360657,1.2718579234972678,2026-08-11T07:50:56.474000-07:00
216,2026-08-11T14:54:29Z,11906443754,39.0,0.65,1.282513661202186,1.278415300546448,2026-08-11T07:53:48.362000-07:00
217,2026-08-11T14:55:30Z,11963100435,34.0,0.5666666666666667,1.3027322404371584,1.282414307004471,2026-08-11T07:54:54.934000-07:00
218,2026-08-11T14:56:30Z,12018828318,94.0,1.5666666666666667,1.2734972677595628,1.2845504222553403,2026-08-11T07:54:54.934000-07:00
219,2026-08-11T14:57:30Z,12074556201,152.0,2.533333333333333,1.2740437158469946,1.2868604073522105,2026-08-11T07:54:54.934000-07:00
220,2026-08-11T14:58:30Z,12130284085,40.0,0.6666666666666666,1.2953551912568306,1.2936164927968206,2026-08-11T07:57:46.964000-07:00
221,2026-08-11T14:59:30Z,12185401051,28.0,0.4666666666666667,1.3153005464480874,1.2980377545951318,2026-08-11T07:58:57.039000-07:00
222,2026-08-11T15:00:30Z,12240018177,88.0,1.4666666666666666,1.287431693989071,1.3004222553402882,2026-08-11T07:58:57.039000-07:00
223,2026-08-11T15:01:30Z,12294635303,151.0,2.5166666666666666,1.289617486338798,1.3028315946348734,2026-08-11T07:58:57.039000-07:00
224,2026-08-11T15:02:31Z,12350162714,42.0,0.7,1.312568306010929,1.3097615499254844,2026-08-11T08:01:44.844000-07:00
225,2026-08-11T15:03:31Z,12404779840,35.0,0.5833333333333334,1.3352459016393443,1.314207650273224,2026-08-11T08:02:55.209000-07:00
226,2026-08-11T15:04:31Z,12459396966,90.0,1.5,1.3101092896174864,1.3167660208643814,2026-08-11T08:02:55.209000-07:00
227,2026-08-11T15:05:31Z,12514014092,155.0,2.5833333333333335,1.3087431693989071,1.319324391455539,2026-08-11T08:02:55.209000-07:00
228,2026-08-11T15:06:31Z,12568631218,34.0,0.5666666666666667,1.3292349726775956,1.326080476900149,2026-08-11T08:05:50.568000-07:00
229,2026-08-11T15:07:31Z,12623248344,31.0,0.5166666666666667,1.349726775956284,1.3299801291604572,2026-08-11T08:06:54.713000-07:00
230,2026-08-11T15:08:31Z,12677865470,91.0,1.5166666666666666,1.3229508196721311,1.3318430203676106,2026-08-11T08:06:54.713000-07:00
231,2026-08-11T15:09:32Z,12732932913,156.0,2.6,1.323497267759563,1.3333830104321907,2026-08-11T08:06:54.713000-07:00
232,2026-08-11T15:10:32Z,12786761521,41.0,0.6833333333333333,1.3434426229508196,1.3392200695479384,2026-08-11T08:09:42.061000-07:00
233,2026-08-11T15:11:32Z,12840590129,30.0,0.5,1.3617486338797813,1.342622950819672,2026-08-11T08:10:57.112000-07:00
234,2026-08-11T15:12:32Z,12894418738,95.0,1.5833333333333333,1.3325136612021857,1.3445106805762543,2026-08-11T08:10:57.112000-07:00
235,2026-08-11T15:13:32Z,12948247346,150.0,2.5,1.3330601092896175,1.346274217585693,2026-08-11T08:10:57.112000-07:00
236,2026-08-11T15:14:32Z,13002075955,39.0,0.65,1.3521857923497267,1.352086438152012,2026-08-11T08:13:48.532000-07:00
237,2026-08-11T15:15:33Z,13056801706,33.0,0.55,1.3743169398907102,1.3550173869846,2026-08-11T08:14:51.273000-07:00
238,2026-08-11T15:16:33Z,13110630315,97.0,1.6166666666666667,1.346174863387978,1.3561351217088922,2026-08-11T08:14:51.273000-07:00
239,2026-08-11T15:17:33Z,13164458923,161.0,2.683333333333333,1.3499999999999999,1.3573025335320417,2026-08-11T08:14:51.273000-07:00
240,2026-08-11T15:18:33Z,13218287532,47.0,0.7833333333333333,1.3691256830601093,1.36274217585693,2026-08-11T08:17:46.169000-07:00
241,2026-08-11T15:19:34Z,13273366030,38.0,0.6333333333333333,1.3868852459016392,1.3655737704918032,2026-08-11T08:18:55.132000-07:00
242,2026-08-11T15:20:34Z,13327766660,98.0,1.6333333333333333,1.3557377049180328,1.3666915052160953,2026-08-11T08:18:55.132000-07:00
243,2026-08-11T15:21:34Z,13382167289,155.0,2.5833333333333335,1.3557377049180328,1.3673869846000992,2026-08-11T08:18:55.132000-07:00
244,2026-08-11T15:22:34Z,13436567919,44.0,0.7333333333333333,1.3745901639344262,1.372180824639841,2026-08-11T08:21:48.892000-07:00
245,2026-08-11T15:23:34Z,13490968549,40.0,0.6666666666666666,1.3923497267759564,1.3739692001987083,2026-08-11T08:22:53.471000-07:00
246,2026-08-11T15:24:34Z,13545369178,101.0,1.6833333333333333,1.364207650273224,1.3738698460009935,2026-08-11T08:22:53.471000-07:00
247,2026-08-11T15:25:34Z,13599769808,160.0,2.6666666666666665,1.3644808743169399,1.3737704918032787,2026-08-11T08:22:53.471000-07:00
248,2026-08-11T15:26:35Z,13655077115,40.0,0.6666666666666666,1.381967213114754,1.378092399403875,2026-08-11T08:25:50.812000-07:00
249,2026-08-11T15:27:35Z,13709477745,31.0,0.5166666666666667,1.3989071038251366,1.3800049677098858,2026-08-11T08:26:55.574000-07:00
250,2026-08-11T15:28:35Z,13763878374,97.0,1.6166666666666667,1.3696721311475408,1.3801291604570294,2026-08-11T08:26:55.574000-07:00
251,2026-08-11T15:29:35Z,13817810409,158.0,2.6333333333333333,1.368032786885246,1.3801788375558868,2026-08-11T08:26:55.574000-07:00
252,2026-08-11T15:30:35Z,13871471150,44.0,0.7333333333333333,1.385792349726776,1.3844262295081966,2026-08-11T08:29:48.961000-07:00
253,2026-08-11T15:31:35Z,13925131892,38.0,0.6333333333333333,1.40327868852459,1.3860655737704919,2026-08-11T08:30:51.361000-07:00
254,2026-08-11T15:32:35Z,13978792634,102.0,1.7,1.376775956284153,1.3861649279682065,2026-08-11T08:30:51.361000-07:00
255,2026-08-11T15:33:35Z,14032453376,162.0,2.7,1.3759562841530055,1.3864878291107798,2026-08-11T08:30:51.361000-07:00
256,2026-08-11T15:34:35Z,14086114118,47.0,0.7833333333333333,1.392896174863388,1.391157476403378,2026-08-11T08:33:44.368000-07:00
257,2026-08-11T15:35:35Z,14139774860,33.0,0.55,1.4109289617486338,1.393318430203676,2026-08-11T08:34:55.395000-07:00
258,2026-08-11T15:36:35Z,14193435602,100.0,1.6666666666666667,1.3825136612021858,1.3939890710382512,2026-08-11T08:34:55.395000-07:00
259,2026-08-11T15:37:36Z,14247990689,157.0,2.6166666666666667,1.3830601092896173,1.394883258817685,2026-08-11T08:34:55.395000-07:00
260,2026-08-11T15:38:36Z,14301651431,44.0,0.7333333333333333,1.4024590163934425,1.3997019374068556,2026-08-11T08:37:49.375000-07:00
261,2026-08-11T15:39:36Z,14355874183,33.0,0.55,1.4210382513661204,1.4021857923497267,2026-08-11T08:38:57.391000-07:00
262,2026-08-11T15:40:36Z,14410399556,98.0,1.6333333333333333,1.3918032786885246,1.403204172876304,2026-08-11T08:38:57.391000-07:00
263,2026-08-11T15:41:36Z,14464924929,151.0,2.5166666666666666,1.393169398907104,1.4043219076005962,2026-08-11T08:38:57.391000-07:00
264,2026-08-11T15:42:36Z,14519450302,41.0,0.6833333333333333,1.4131147540983606,1.4096373571783407,2026-08-11T08:41:50.819000-07:00
265,2026-08-11T15:43:36Z,14573975675,40.0,0.6666666666666666,1.4297814207650275,1.412121212121212,2026-08-11T08:42:55.710000-07:00
266,2026-08-11T15:44:36Z,14628501047,98.0,1.6333333333333333,1.40327868852459,1.4125931445603577,2026-08-11T08:42:55.710000-07:00
267,2026-08-11T15:45:36Z,14683026420,160.0,2.6666666666666665,1.4040983606557378,1.412990561351217,2026-08-11T08:42:55.710000-07:00
268,2026-08-11T15:46:36Z,14737551793,46.0,0.7666666666666667,1.423224043715847,1.4175111773472429,2026-08-11T08:45:48.883000-07:00
269,2026-08-11T15:47:37Z,14792985922,42.0,0.7,1.4409836065573771,1.419398907103825,2026-08-11T08:46:52.943000-07:00
270,2026-08-11T15:48:37Z,14847511295,101.0,1.6833333333333333,1.4103825136612023,1.4194734227521113,2026-08-11T08:46:52.943000-07:00
271,2026-08-11T15:49:37Z,14901737262,162.0,2.7,1.4076502732240437,1.4196721311475409,2026-08-11T08:46:52.943000-07:00
272,2026-08-11T15:50:37Z,14955813527,42.0,0.7,1.4254098360655738,1.4237953303527073,2026-08-11T08:49:50.216000-07:00
273,2026-08-11T15:51:37Z,15009889792,38.0,0.6333333333333333,1.4415300546448089,1.4251614505712866,2026-08-11T08:50:54.411000-07:00
274,2026-08-11T15:52:37Z,15063966057,98.0,1.6333333333333333,1.4139344262295082,1.424863387978142,2026-08-11T08:50:54.411000-07:00
275,2026-08-11T15:53:37Z,15118042321,156.0,2.6,1.4139344262295082,1.4248385494287132,2026-08-11T08:50:54.411000-07:00
276,2026-08-11T15:54:37Z,15172118586,45.0,0.75,1.431967213114754,1.4293343268753105,2026-08-11T08:53:50.970000-07:00
277,2026-08-11T15:55:37Z,15226194851,40.0,0.6666666666666666,1.4486338797814207,1.4312965722801787,2026-08-11T08:54:57.417000-07:00
278,2026-08-11T15:56:37Z,15280271116,98.0,1.6333333333333333,1.4191256830601093,1.4314952806756087,2026-08-11T08:54:57.417000-07:00
279,2026-08-11T15:57:37Z,15334347381,156.0,2.6,1.4199453551912566,1.4318926974664679,2026-08-11T08:54:57.417000-07:00
280,2026-08-11T15:58:38Z,15389324916,45.0,0.75,1.4407103825136613,1.4362642821659215,2026-08-11T08:57:49.959000-07:00
281,2026-08-11T15:59:38Z,15443807119,34.0,0.5666666666666667,1.4598360655737705,1.4379781420765028,2026-08-11T08:58:57.466000-07:00
282,2026-08-11T16:00:38Z,15498477438,93.0,1.55,1.4292349726775957,1.4378787878787878,2026-08-11T08:58:57.466000-07:00
283,2026-08-11T16:01:38Z,15553147757,152.0,2.533333333333333,1.4275956284153004,1.4379533035270742,2026-08-11T08:58:57.466000-07:00
284,2026-08-11T16:02:38Z,15607818076,54.0,0.9,1.4459016393442623,1.4421013412816692,2026-08-11T09:01:42.439000-07:00
285,2026-08-11T16:03:38Z,15662488396,39.0,0.65,1.4620218579234974,1.4436164927968207,2026-08-11T09:02:57.794000-07:00
286,2026-08-11T16:04:38Z,15717158715,97.0,1.6166666666666667,1.4327868852459018,1.4429210134128168,2026-08-11T09:02:57.794000-07:00
287,2026-08-11T16:05:38Z,15771829034,156.0,2.6,1.4308743169398908,1.4420019870839544,2026-08-11T09:02:57.794000-07:00
288,2026-08-11T16:06:39Z,15827410526,51.0,0.85,1.4494535519125684,1.4452061599602584,2026-08-11T09:05:47.596000-07:00
289,2026-08-11T16:07:40Z,15882992017,36.0,0.6,1.4647540983606557,1.446025832091406,2026-08-11T09:06:56.918000-07:00
290,2026-08-11T16:08:40Z,15937662336,102.0,1.7,1.4366120218579237,1.4452558370591158,2026-08-11T09:06:56.918000-07:00
291,2026-08-11T16:09:40Z,15992114399,159.0,2.65,1.4330601092896176,1.4446100347739692,2026-08-11T09:06:56.918000-07:00
292,2026-08-11T16:10:40Z,16046480175,49.0,0.8166666666666667,1.4497267759562842,1.4481371087928465,2026-08-11T09:09:49.675000-07:00
293,2026-08-11T16:11:40Z,16100845951,46.0,0.7666666666666667,1.4644808743169397,1.4491803278688524,2026-08-11T09:10:54.173000-07:00
294,2026-08-11T16:12:40Z,16155211727,103.0,1.7166666666666666,1.4366120218579237,1.4483854942871337,2026-08-11T09:10:54.173000-07:00
295,2026-08-11T16:13:40Z,16209577503,156.0,2.6,1.437431693989071,1.4476900149031298,2026-08-11T09:10:54.173000-07:00
296,2026-08-11T16:14:40Z,16263943279,53.0,0.8833333333333333,1.4549180327868851,1.4509935419771485,2026-08-11T09:13:45.053000-07:00
297,2026-08-11T16:15:40Z,16318309055,42.0,0.7,1.471584699453552,1.4518877297565822,2026-08-11T09:14:57.151000-07:00
298,2026-08-11T16:16:41Z,16373580927,103.0,1.7166666666666666,1.4423497267759564,1.4510432190760059,2026-08-11T09:14:57.151000-07:00
299,2026-08-11T16:17:41Z,16427946703,162.0,2.7,1.4407103825136613,1.4502980625931448,2026-08-11T09:14:57.151000-07:00
300,2026-08-11T16:18:41Z,16482312479,49.0,0.8166666666666667,1.4571038251366122,1.4534525583705913,2026-08-11T09:17:49.324000-07:00
301,2026-08-11T16:19:41Z,16536436283,37.0,0.6166666666666667,1.472950819672131,1.453899652260308,2026-08-11T09:18:57.150000-07:00
302,2026-08-11T16:20:41Z,16590472097,103.0,1.7166666666666666,1.442896174863388,1.4525335320417287,2026-08-11T09:18:57.150000-07:00
303,2026-08-11T16:21:41Z,16644507912,157.0,2.6166666666666667,1.4404371584699454,1.4510680576254347,2026-08-11T09:18:57.150000-07:00
304,2026-08-11T16:22:42Z,16699444323,54.0,0.9,1.4562841530054644,1.4537009438648782,2026-08-11T09:21:46.657000-07:00
305,2026-08-11T16:23:42Z,16753480137,44.0,0.7333333333333333,1.471311475409836,1.4541231992051664,2026-08-11T09:22:55.017000-07:00
306,2026-08-11T16:24:42Z,16807515952,106.0,1.7666666666666666,1.4423497267759564,1.452781917536016,2026-08-11T09:22:55.017000-07:00
307,2026-08-11T16:25:42Z,16861551766,162.0,2.7,1.4398907103825136,1.451564828614009,2026-08-11T09:22:55.017000-07:00
308,2026-08-11T16:26:42Z,16915587581,52.0,0.8666666666666667,1.455464480874317,1.454520615996026,2026-08-11T09:25:50.283000-07:00
309,2026-08-11T16:27:42Z,16969623395,43.0,0.7166666666666667,1.471311475409836,1.4556383507203179,2026-08-11T09:26:52.371000-07:00
310,2026-08-11T16:28:43Z,17024559806,107.0,1.7833333333333334,1.4453551912568308,1.4547938400397415,2026-08-11T09:26:52.371000-07:00
311,2026-08-11T16:29:43Z,17079367620,167.0,2.783333333333333,1.4423497267759564,1.4540238450074516,2026-08-11T09:26:52.371000-07:00
312,2026-08-11T16:30:43Z,17134410390,46.0,0.7666666666666667,1.4595628415300546,1.457277694982613,2026-08-11T09:29:51.171000-07:00
313,2026-08-11T16:31:43Z,17189453160,38.0,0.6333333333333333,1.4754098360655739,1.4581967213114753,2026-08-11T09:30:57.067000-07:00
314,2026-08-11T16:32:43Z,17244495930,105.0,1.75,1.4527322404371583,1.4574764033780427,2026-08-11T09:30:57.067000-07:00
315,2026-08-11T16:33:43Z,17299538700,161.0,2.683333333333333,1.4469945355191256,1.4569547938400398,2026-08-11T09:30:57.067000-07:00
316,2026-08-11T16:34:43Z,17354581469,55.0,0.9166666666666666,1.462841530054645,1.4602086438152013,2026-08-11T09:33:47.027000-07:00
317,2026-08-11T16:35:43Z,17409624239,40.0,0.6666666666666666,1.4781420765027322,1.4611773472429208,2026-08-11T09:35:02.150000-07:00
318,2026-08-11T16:36:43Z,17464667009,101.0,1.6833333333333333,1.45,1.4602583209140585,2026-08-11T09:35:02.150000-07:00
319,2026-08-11T16:37:44Z,17520627159,156.0,2.6,1.4475409836065574,1.4593144560357674,2026-08-11T09:35:02.150000-07:00
320,2026-08-11T16:38:44Z,17575669929,54.0,0.9,1.4655737704918033,1.4617983109786388,2026-08-11T09:37:49.838000-07:00
321,2026-08-11T16:39:44Z,17629371544,31.0,0.5166666666666667,1.4811475409836066,1.4623199205166417,2026-08-11T09:39:04.773000-07:00
322,2026-08-11T16:40:44Z,17682702202,94.0,1.5666666666666667,1.453005464480874,1.4611028315946348,2026-08-11T09:39:04.773000-07:00
323,2026-08-11T16:41:44Z,17736032861,152.0,2.533333333333333,1.4494535519125684,1.4598609041231994,2026-08-11T09:39:04.773000-07:00
324,2026-08-11T16:42:44Z,17789363519,49.0,0.8166666666666667,1.4650273224043715,1.462667660208644,2026-08-11T09:41:48.934000-07:00
325,2026-08-11T16:43:44Z,17842694177,44.0,0.7333333333333333,1.480054644808743,1.4629657228017883,2026-08-11T09:42:59.939000-07:00
326,2026-08-11T16:44:44Z,17896024835,104.0,1.7333333333333334,1.4527322404371583,1.461425732737208,2026-08-11T09:42:59.939000-07:00
327,2026-08-11T16:45:44Z,17949355493,159.0,2.65,1.4494535519125684,1.4600596125186287,2026-08-11T09:42:59.939000-07:00
328,2026-08-11T16:46:44Z,18002686152,53.0,0.8833333333333333,1.4644808743169397,1.462642821659215,2026-08-11T09:45:47.976000-07:00
329,2026-08-11T16:47:45Z,18056905654,40.0,0.6666666666666666,1.4808743169398906,1.4630402384500742,2026-08-11T09:47:01.746000-07:00
330,2026-08-11T16:48:45Z,18110236312,102.0,1.7,1.4508196721311475,1.4616741182314952,2026-08-11T09:47:01.746000-07:00
331,2026-08-11T16:49:45Z,18164381355,159.0,2.65,1.4486338797814207,1.4604818678589169,2026-08-11T09:47:01.746000-07:00
332,2026-08-11T16:50:45Z,18218729993,52.0,0.8666666666666667,1.466120218579235,1.463238946845504,2026-08-11T09:49:49.900000-07:00
333,2026-08-11T16:51:45Z,18273078631,33.0,0.55,1.4814207650273223,1.4637108792846498,2026-08-11T09:51:07.576000-07:00
334,2026-08-11T16:52:45Z,18327427269,96.0,1.6,1.4538251366120218,1.4625434674615,2026-08-11T09:51:07.576000-07:00
335,2026-08-11T16:53:45Z,18381775907,153.0,2.55,1.45,1.4611028315946348,2026-08-11T09:51:07.576000-07:00
336,2026-08-11T16:54:45Z,18436124546,50.0,0.8333333333333334,1.4669398907103826,1.463611525086935,2026-08-11T09:53:49.639000-07:00
337,2026-08-11T16:55:45Z,18490473184,36.0,0.6,1.4830601092896176,1.4637605563835072,2026-08-11T09:55:06.990000-07:00
338,2026-08-11T16:56:45Z,18544821822,97.0,1.6166666666666667,1.4546448087431694,1.4621460506706407,2026-08-11T09:55:06.990000-07:00
339,2026-08-11T16:57:46Z,18600076271,156.0,2.6,1.451639344262295,1.4606805762543467,2026-08-11T09:55:06.990000-07:00
340,2026-08-11T16:58:46Z,18654424909,61.0,1.0166666666666666,1.4650273224043715,1.4631395926477893,2026-08-11T09:57:43.881000-07:00
341,2026-08-11T16:59:46Z,18709452837,34.0,0.5666666666666667,1.4784153005464482,1.463238946845504,2026-08-11T09:59:06.613000-07:00
342,2026-08-11T17:00:46Z,18764633259,97.0,1.6166666666666667,1.450273224043716,1.4615002483854944,2026-08-11T09:59:06.613000-07:00
343,2026-08-11T17:01:46Z,18819813681,151.0,2.5166666666666666,1.448360655737705,1.4598609041231994,2026-08-11T09:59:06.613000-07:00
344,2026-08-11T17:02:46Z,18874994103,69.0,1.15,1.4653005464480873,1.462295081967213,2026-08-11T10:01:37.738000-07:00
345,2026-08-11T17:03:47Z,18931094199,33.0,0.55,1.4808743169398906,1.4626924987580727,2026-08-11T10:03:07.345000-07:00
346,2026-08-11T17:04:47Z,18986274620,97.0,1.6166666666666667,1.4510928961748635,1.4616741182314952,2026-08-11T10:03:07.345000-07:00
347,2026-08-11T17:05:47Z,19041455042,153.0,2.55,1.4478142076502731,1.4611525086934924,2026-08-11T10:03:07.345000-07:00
348,2026-08-11T17:06:47Z,19096635464,53.0,0.8833333333333333,1.4650273224043715,1.4649279682066565,2026-08-11T10:05:50.089000-07:00
349,2026-08-11T17:07:47Z,19151815886,42.0,0.7,1.4814207650273223,1.4665673124689518,2026-08-11T10:07:03.876000-07:00
350,2026-08-11T17:08:47Z,19206996308,102.0,1.7,1.4560109289617487,1.4665673124689518,2026-08-11T10:07:03.876000-07:00
351,2026-08-11T17:09:47Z,19260333952,159.0,2.65,1.4538251366120218,1.4664679582712368,2026-08-11T10:07:03.876000-07:00
352,2026-08-11T17:10:47Z,19313303041,56.0,0.9333333333333333,1.4726775956284153,1.4704669647292599,2026-08-11T10:09:47.903000-07:00
353,2026-08-11T17:11:48Z,19367154948,36.0,0.6,1.4918032786885247,1.4722801788375557,2026-08-11T10:11:04.974000-07:00
354,2026-08-11T17:12:48Z,19420124037,103.0,1.7166666666666666,1.4663934426229508,1.4722801788375557,2026-08-11T10:11:04.974000-07:00
355,2026-08-11T17:13:48Z,19473093126,158.0,2.6333333333333333,1.4653005464480875,1.472354694485842,2026-08-11T10:11:04.974000-07:00
356,2026-08-11T17:14:48Z,19526062214,56.0,0.9333333333333333,1.4797814207650273,1.4762295081967212,2026-08-11T10:13:49.569000-07:00
357,2026-08-11T17:15:48Z,19579031303,41.0,0.6833333333333333,1.4950819672131148,1.477744659711873,2026-08-11T10:15:05.084000-07:00
358,2026-08-11T17:16:48Z,19632000392,97.0,1.6166666666666667,1.46775956284153,1.47722305017387,2026-08-11T10:15:05.084000-07:00
359,2026-08-11T17:17:48Z,19684969481,163.0,2.716666666666667,1.4650273224043715,1.476701440635867,2026-08-11T10:15:05.084000-07:00
360,2026-08-11T17:18:48Z,19737938570,52.0,0.8666666666666667,1.48224043715847,1.4802036761053154,2026-08-11T10:17:49.849000-07:00
361,2026-08-11T17:19:48Z,19793436775,41.0,0.6833333333333333,1.498633879781421,1.4815697963238947,2026-08-11T10:19:07.597000-07:00
362,2026-08-11T17:20:48Z,19849381296,101.0,1.6833333333333333,1.4704918032786887,1.4814952806756088,2026-08-11T10:19:07.597000-07:00
363,2026-08-11T17:21:48Z,19905325816,159.0,2.65,1.4669398907103826,1.4817685047193245,2026-08-11T10:19:07.597000-07:00
364,2026-08-11T17:22:49Z,19962202745,56.0,0.9333333333333333,1.486065573770492,1.4863636363636366,2026-08-11T10:21:47.524000-07:00
365,2026-08-11T17:23:49Z,20018147265,40.0,0.6666666666666666,1.5049180327868852,1.4887729756582218,2026-08-11T10:23:01.364000-07:00
366,2026-08-11T17:24:49Z,20074091785,106.0,1.7666666666666666,1.480327868852459,1.4893691008445105,2026-08-11T10:23:01.364000-07:00
367,2026-08-11T17:25:49Z,20130036306,165.0,2.75,1.4789617486338797,1.4903626428216592,2026-08-11T10:23:01.364000-07:00
368,2026-08-11T17:26:49Z,20185980826,58.0,0.9666666666666667,1.4980874316939892,1.4957774465971185,2026-08-11T10:25:49.989000-07:00
369,2026-08-11T17:27:49Z,20241925346,41.0,0.6833333333333333,1.5183060109289617,1.4993293591654249,2026-08-11T10:27:07.487000-07:00
370,2026-08-11T17:28:49Z,20297869867,92.0,1.5333333333333334,1.4915300546448087,1.5003974167908594,2026-08-11T10:27:07.487000-07:00
371,2026-08-11T17:29:49Z,20352073230,156.0,2.6,1.4887978142076501,1.501564828614009,2026-08-11T10:27:07.487000-07:00
372,2026-08-11T17:30:49Z,20406008723,64.0,1.0666666666666667,1.5095628415300546,1.5066318926974664,2026-08-11T10:29:43.789000-07:00
373,2026-08-11T17:31:49Z,20459944216,39.0,0.65,1.530054644808743,1.5094883258817686,2026-08-11T10:31:07.965000-07:00
374,2026-08-11T17:32:49Z,20513879709,100.0,1.6666666666666667,1.5060109289617485,1.5103576751117735,2026-08-11T10:31:07.965000-07:00
375,2026-08-11T17:33:50Z,20568714127,162.0,2.7,1.4978142076502732,1.510978638847491,2026-08-11T10:31:07.965000-07:00
376,2026-08-11T17:34:50Z,20622649620,52.0,0.8666666666666667,1.51775956284153,1.5155240933929457,2026-08-11T10:33:49.986000-07:00
377,2026-08-11T17:35:50Z,20676585113,43.0,0.7166666666666667,1.5360655737704918,1.518032786885246,2026-08-11T10:35:04.711000-07:00
378,2026-08-11T17:36:50Z,20730520606,103.0,1.7166666666666666,1.5103825136612024,1.5184798807749629,2026-08-11T10:35:04.711000-07:00
379,2026-08-11T17:37:50Z,20784456099,161.0,2.683333333333333,1.5076502732240438,1.5188772975658222,2026-08-11T10:35:04.711000-07:00
380,2026-08-11T17:38:50Z,20838391592,63.0,1.05,1.525136612021858,1.5231495280675609,2026-08-11T10:37:46.603000-07:00
381,2026-08-11T17:39:50Z,20892979786,46.0,0.7666666666666667,1.5415300546448087,1.526005961251863,2026-08-11T10:39:03.759000-07:00
382,2026-08-11T17:40:50Z,20947654187,100.0,1.6666666666666667,1.5163934426229508,1.5267759562841532,2026-08-11T10:39:03.759000-07:00
383,2026-08-11T17:41:50Z,21002328587,164.0,2.7333333333333334,1.51448087431694,1.5274714356681571,2026-08-11T10:39:03.759000-07:00
384,2026-08-11T17:42:50Z,21057002987,59.0,0.9833333333333333,1.5344262295081967,1.5320914058618975,2026-08-11T10:41:48.031000-07:00
385,2026-08-11T17:43:50Z,21111677387,45.0,0.75,1.5530054644808744,1.5345255837059115,2026-08-11T10:43:04.864000-07:00
386,2026-08-11T17:44:50Z,21166351788,97.0,1.6166666666666667,1.5292349726775956,1.5351465474416295,2026-08-11T10:43:04.864000-07:00
387,2026-08-11T17:45:51Z,21221937428,160.0,2.6666666666666665,1.5262295081967212,1.5358171882762048,2026-08-11T10:43:04.864000-07:00
388,2026-08-11T17:46:51Z,21276611828,59.0,0.9833333333333333,1.5437158469945356,1.5403874813710878,2026-08-11T10:45:45.200000-07:00
389,2026-08-11T17:47:51Z,21331286229,43.0,0.7166666666666667,1.5612021857923497,1.5428713363139592,2026-08-11T10:47:07.830000-07:00
390,2026-08-11T17:48:51Z,21385960629,103.0,1.7166666666666666,1.5344262295081967,1.5433929458519622,2026-08-11T10:47:07.830000-07:00
391,2026-08-11T17:49:51Z,21440650611,162.0,2.7,1.5319672131147541,1.543765524093393,2026-08-11T10:47:07.830000-07:00
392,2026-08-11T17:50:51Z,21495342324,56.0,0.9333333333333333,1.5489071038251365,1.5478638847491306,2026-08-11T10:49:50.181000-07:00
393,2026-08-11T17:51:51Z,21550034037,39.0,0.65,1.5666666666666667,1.5497019374068552,2026-08-11T10:51:06.180000-07:00
394,2026-08-11T17:52:51Z,21604725750,103.0,1.7166666666666666,1.5418032786885245,1.5497019374068552,2026-08-11T10:51:06.180000-07:00
395,2026-08-11T17:53:51Z,21659417464,165.0,2.75,1.5401639344262295,1.5498758072528565,2026-08-11T10:51:06.180000-07:00
396,2026-08-11T17:54:51Z,21714109177,63.0,1.05,1.557103825136612,1.5544709388971683,2026-08-11T10:53:48.109000-07:00
397,2026-08-11T17:55:52Z,21769712419,45.0,0.75,1.5743169398907104,1.5570541480377544,2026-08-11T10:55:00.923000-07:00
398,2026-08-11T17:56:52Z,21824404132,106.0,1.7666666666666666,1.546448087431694,1.5574764033780426,2026-08-11T10:55:00.923000-07:00
399,2026-08-11T17:57:52Z,21879095845,171.0,2.85,1.5437158469945356,1.5579483358171884,2026-08-11T10:55:00.923000-07:00
400,2026-08-11T17:58:52Z,21933787558,58.0,0.9666666666666667,1.5631147540983605,1.562220566318927,2026-08-11T10:57:50.045000-07:00
401,2026-08-11T17:59:52Z,21988033024,51.0,0.85,1.5849726775956285,1.5642076502732243,2026-08-11T10:59:00.100000-07:00
402,2026-08-11T18:00:52Z,22042237921,110.0,1.8333333333333333,1.5603825136612022,1.5645057128663686,2026-08-11T10:59:00.100000-07:00
403,2026-08-11T18:01:52Z,22096442818,172.0,2.8666666666666667,1.553551912568306,1.5648037754595132,2026-08-11T10:59:00.100000-07:00
404,2026-08-11T18:02:52Z,22150647716,63.0,1.05,1.5718579234972678,1.569076005961252,2026-08-11T11:01:49.192000-07:00
405,2026-08-11T18:03:52Z,22204852613,39.0,0.65,1.5887978142076504,1.5712617983109787,2026-08-11T11:03:03.341000-07:00
406,2026-08-11T18:04:52Z,22259057511,106.0,1.7666666666666666,1.5620218579234972,1.5713363139592647,2026-08-11T11:03:03.341000-07:00
407,2026-08-11T18:05:52Z,22313262408,164.0,2.7333333333333334,1.5603825136612022,1.5708147044212617,2026-08-11T11:03:03.341000-07:00
408,2026-08-11T18:06:53Z,22368370720,59.0,0.9833333333333333,1.5775956284153005,1.5742175856929954,2026-08-11T11:05:47.928000-07:00
409,2026-08-11T18:07:53Z,22422575618,43.0,0.7166666666666667,1.5934426229508196,1.5758320914058621,2026-08-11T11:07:03.085000-07:00
410,2026-08-11T18:08:53Z,22476780515,106.0,1.7666666666666666,1.5677595628415302,1.5755588673621461,2026-08-11T11:07:03.085000-07:00
411,2026-08-11T18:09:53Z,22531414107,162.0,2.7,1.5639344262295083,1.5754098360655737,2026-08-11T11:07:03.085000-07:00
412,2026-08-11T18:10:53Z,22586078320,67.0,1.1166666666666667,1.5792349726775956,1.5795081967213116,2026-08-11T11:09:45.999000-07:00
413,2026-08-11T18:11:53Z,22640742533,49.0,0.8166666666666667,1.5978142076502733,1.58147044212618,2026-08-11T11:11:01.995000-07:00
414,2026-08-11T18:12:53Z,22695406745,109.0,1.8166666666666667,1.571311475409836,1.5816443119721806,2026-08-11T11:11:01.995000-07:00
415,2026-08-11T18:13:53Z,22750070958,171.0,2.85,1.5688524590163935,1.5822155986090414,2026-08-11T11:11:01.995000-07:00
416,2026-08-11T18:14:53Z,22804735171,71.0,1.1833333333333333,1.5871584699453551,1.5869597615499254,2026-08-11T11:13:42.026000-07:00
417,2026-08-11T18:15:53Z,22859399384,45.0,0.75,1.607103825136612,1.589692001987084,2026-08-11T11:15:06.620000-07:00
418,2026-08-11T18:16:53Z,22914063597,105.0,1.75,1.5819672131147542,1.590983606557377,2026-08-11T11:15:06.620000-07:00
419,2026-08-11T18:17:54Z,22969638880,161.0,2.683333333333333,1.5795081967213114,1.5923745653253851,2026-08-11T11:15:06.620000-07:00
420,2026-08-11T18:18:54Z,23024303092,65.0,1.0833333333333333,1.599726775956284,1.597839046199702,2026-08-11T11:17:48.550000-07:00
421,2026-08-11T18:19:54Z,23078017914,43.0,0.7166666666666667,1.6199453551912568,1.6012170889220068,2026-08-11T11:19:07.556000-07:00
422,2026-08-11T18:20:54Z,23131682767,103.0,1.7166666666666666,1.5939890710382514,1.6025583705911577,2026-08-11T11:19:07.556000-07:00
423,2026-08-11T18:21:54Z,23185347621,166.0,2.7666666666666666,1.5934426229508196,1.603651266766021,2026-08-11T11:19:07.556000-07:00
424,2026-08-11T18:22:54Z,23239012474,68.0,1.1333333333333333,1.6131147540983608,1.608668653750621,2026-08-11T11:21:43.690000-07:00
425,2026-08-11T18:23:54Z,23292677327,50.0,0.8333333333333334,1.6314207650273225,1.6112518628912071,2026-08-11T11:23:03.627000-07:00
426,2026-08-11T18:24:54Z,23346342181,102.0,1.7,1.6060109289617486,1.611798310978639,2026-08-11T11:23:03.627000-07:00
427,2026-08-11T18:25:54Z,23400007034,169.0,2.816666666666667,1.601912568306011,1.61177347242921,2026-08-11T11:23:03.627000-07:00
428,2026-08-11T18:26:54Z,23453671888,63.0,1.05,1.6191256830601093,1.6155737704918032,2026-08-11T11:25:46.404000-07:00
429,2026-08-11T18:27:54Z,23507336741,48.0,0.8,1.6371584699453554,1.6168405365126675,2026-08-11T11:27:02.427000-07:00
430,2026-08-11T18:28:54Z,23561001594,112.0,1.8666666666666667,1.6079234972677594,1.6160208643815202,2026-08-11T11:27:02.427000-07:00
431,2026-08-11T18:29:55Z,23616330266,172.0,2.8666666666666667,1.6057377049180328,1.6153005464480872,2026-08-11T11:27:02.427000-07:00
432,2026-08-11T18:30:55Z,23670791055,66.0,1.1,1.6196721311475408,1.6184798807749627,2026-08-11T11:29:46.948000-07:00
433,2026-08-11T18:31:55Z,23725251843,39.0,0.65,1.635792349726776,1.6194734227521115,2026-08-11T11:31:08.156000-07:00
434,2026-08-11T18:32:55Z,23779712632,106.0,1.7666666666666666,1.6073770491803279,1.6187282662692497,2026-08-11T11:31:08.156000-07:00
435,2026-08-11T18:33:55Z,23834173420,162.0,2.7,1.6040983606557375,1.6180327868852458,2026-08-11T11:31:08.156000-07:00
436,2026-08-11T18:34:55Z,23888634209,64.0,1.0666666666666667,1.6234972677595627,1.6216343765524093,2026-08-11T11:33:51.036000-07:00
437,2026-08-11T18:35:56Z,23944002677,46.0,0.7666666666666667,1.6409836065573769,1.6230004967709883,2026-08-11T11:35:07.204000-07:00
438,2026-08-11T18:36:56Z,23998463466,106.0,1.7666666666666666,1.6128415300546448,1.6227272727272728,2026-08-11T11:35:07.204000-07:00
439,2026-08-11T18:37:56Z,24052924255,161.0,2.683333333333333,1.6109289617486338,1.622627918529558,2026-08-11T11:35:07.204000-07:00
440,2026-08-11T18:38:56Z,24107385043,67.0,1.1166666666666667,1.6295081967213116,1.6266020864381519,2026-08-11T11:37:49.086000-07:00
441,2026-08-11T18:39:56Z,24161722562,49.0,0.8166666666666667,1.6475409836065573,1.6282414307004471,2026-08-11T11:39:05.578000-07:00
442,2026-08-11T18:40:57Z,24216963582,102.0,1.7,1.6207650273224046,1.627645305514158,2026-08-11T11:39:05.578000-07:00
443,2026-08-11T18:41:57Z,24271299012,168.0,2.8,1.6166666666666667,1.6271485345255838,2026-08-11T11:39:05.578000-07:00
444,2026-08-11T18:42:57Z,24325634441,67.0,1.1166666666666667,1.6346994535519126,1.6307252856433185,2026-08-11T11:41:42.122000-07:00
445,2026-08-11T18:43:57Z,24379969871,50.0,0.8333333333333334,1.6510928961748634,1.6321162444113264,2026-08-11T11:43:03.745000-07:00
446,2026-08-11T18:44:57Z,24434305301,112.0,1.8666666666666667,1.6221311475409836,1.6315201192250373,2026-08-11T11:43:03.745000-07:00
447,2026-08-11T18:45:57Z,24488640730,170.0,2.8333333333333335,1.6169398907103827,1.6308743169398907,2026-08-11T11:43:03.745000-07:00
448,2026-08-11T18:46:57Z,24542976160,68.0,1.1333333333333333,1.6355191256830601,1.634401390958768,2026-08-11T11:45:48.921000-07:00
449,2026-08-11T18:47:57Z,24597311589,50.0,0.8333333333333334,1.6521857923497267,1.6359165424739195,2026-08-11T11:47:00.532000-07:00
450,2026-08-11T18:48:57Z,24651647019,117.0,1.95,1.6262295081967213,1.6353949329359168,2026-08-11T11:47:00.532000-07:00
451,2026-08-11T18:49:57Z,24706511248,177.0,2.95,1.6229508196721312,1.6349726775956284,2026-08-11T11:47:00.532000-07:00
452,2026-08-11T18:50:57Z,24761375478,67.0,1.1166666666666667,1.6404371584699453,1.6389716840536515,2026-08-11T11:49:48.360000-07:00
453,2026-08-11T18:51:57Z,24816239707,54.0,0.9,1.6595628415300547,1.6409339294585197,2026-08-11T11:51:03.504000-07:00
454,2026-08-11T18:52:58Z,24872018340,111.0,1.85,1.6333333333333335,1.6410581222056633,2026-08-11T11:51:03.504000-07:00
455,2026-08-11T18:53:58Z,24926882570,170.0,2.8333333333333335,1.6289617486338799,1.6414555389965224,2026-08-11T11:51:03.504000-07:00
456,2026-08-11T18:54:58Z,24981746799,72.0,1.2,1.646448087431694,1.6459513164431199,2026-08-11T11:53:41.662000-07:00
457,2026-08-11T18:55:58Z,25036611029,48.0,0.8,1.666120218579235,1.6480625931445603,2026-08-11T11:55:06.307000-07:00
458,2026-08-11T18:56:58Z,25091475258,108.0,1.8,1.6385245901639345,1.64826130153999,2026-08-11T11:55:06.307000-07:00
459,2026-08-11T18:57:58Z,25146339487,172.0,2.8666666666666667,1.6368852459016392,1.6485842026825634,2026-08-11T11:55:06.307000-07:00
460,2026-08-11T18:58:58Z,25201201918,64.0,1.0666666666666667,1.6565573770491804,1.6529557873820169,2026-08-11T11:57:48.114000-07:00
461,2026-08-11T18:59:58Z,25255958230,50.0,0.8333333333333334,1.6756830601092896,1.6554644808743169,2026-08-11T11:59:08.115000-07:00
462,2026-08-11T19:00:58Z,25310714542,102.0,1.7,1.6461748633879782,1.6562096373571784,2026-08-11T11:59:08.115000-07:00
463,2026-08-11T19:01:58Z,25365470855,169.0,2.816666666666667,1.6426229508196721,1.6569547938400397,2026-08-11T11:59:08.115000-07:00
464,2026-08-11T19:02:59Z,25421139772,68.0,1.1333333333333333,1.6631147540983606,1.6619473422752113,2026-08-11T12:01:50.271000-07:00
465,2026-08-11T19:03:59Z,25475896084,51.0,0.85,1.6814207650273223,1.664729259811227,2026-08-11T12:03:04.398000-07:00
466,2026-08-11T19:04:59Z,25530652396,110.0,1.8333333333333333,1.6565573770491804,1.665325384997516,2026-08-11T12:03:04.398000-07:00
467,2026-08-11T19:05:59Z,25585408708,170.0,2.8333333333333335,1.6546448087431695,1.6658966716343764,2026-08-11T12:03:04.398000-07:00
468,2026-08-11T19:06:59Z,25640165020,61.0,1.0166666666666666,1.6743169398907105,1.6710382513661202,2026-08-11T12:05:49.885000-07:00
469,2026-08-11T19:07:59Z,25694921332,52.0,0.8666666666666667,1.6934426229508197,1.6740188772975657,2026-08-11T12:07:06.086000-07:00
470,2026-08-11T19:08:59Z,25749636515,111.0,1.85,1.6674863387978143,1.6747888723298558,2026-08-11T12:07:06.086000-07:00
471,2026-08-11T19:09:59Z,25803158959,172.0,2.8666666666666667,1.6631147540983606,1.6756085444610036,2026-08-11T12:07:06.086000-07:00
472,2026-08-11T19:11:00Z,25857573443,64.0,1.0666666666666667,1.681967213114754,1.6803030303030304,2026-08-11T12:09:48.407000-07:00
473,2026-08-11T19:12:00Z,25911095887,52.0,0.8666666666666667,1.7027322404371585,1.682588176850472,2026-08-11T12:11:03.115000-07:00
474,2026-08-11T19:13:00Z,25964618330,115.0,1.9166666666666667,1.6754098360655738,1.6829110779930452,2026-08-11T12:11:03.115000-07:00
475,2026-08-11T19:14:00Z,26018140774,169.0,2.816666666666667,1.671584699453552,1.683184302036761,2026-08-11T12:11:03.115000-07:00
476,2026-08-11T19:15:00Z,26071663217,65.0,1.0833333333333333,1.6904371584699456,1.6874565325384998,2026-08-11T12:13:52.381000-07:00
477,2026-08-11T19:16:00Z,26125185661,52.0,0.8666666666666667,1.7081967213114755,1.6895429706905118,2026-08-11T12:15:06.519000-07:00
478,2026-08-11T19:17:00Z,26178708104,113.0,1.8833333333333333,1.6797814207650275,1.6896671634376552,2026-08-11T12:15:06.519000-07:00
479,2026-08-11T19:18:00Z,26232230548,166.0,2.7666666666666666,1.6778688524590164,1.6894932935916542,2026-08-11T12:15:06.519000-07:00
480,2026-08-11T19:19:01Z,26286657544,66.0,1.1,1.696448087431694,1.6933681073025335,2026-08-11T12:17:52.598000-07:00
481,2026-08-11T19:20:01Z,26340367665,53.0,0.8833333333333333,1.7144808743169397,1.6950819672131148,2026-08-11T12:19:07.658000-07:00
482,2026-08-11T19:21:01Z,26394077787,107.0,1.7833333333333334,1.6860655737704917,1.6947839046199702,2026-08-11T12:19:07.658000-07:00
483,2026-08-11T19:22:01Z,26447787908,173.0,2.8833333333333333,1.6833333333333333,1.6946100347739692,2026-08-11T12:19:07.658000-07:00
484,2026-08-11T19:23:01Z,26501498029,70.0,1.1666666666666667,1.7008196721311475,1.6988325881768505,2026-08-11T12:21:50.665000-07:00
485,2026-08-11T19:24:02Z,26556103319,52.0,0.8666666666666667,1.7180327868852459,1.7006458022851467,2026-08-11T12:23:07.751000-07:00
486,2026-08-11T19:25:02Z,26609813441,114.0,1.9,1.6904371584699454,1.700695479384004,2026-08-11T12:23:07.751000-07:00
487,2026-08-11T19:26:02Z,26663523562,174.0,2.9,1.6871584699453552,1.7009190263288623,2026-08-11T12:23:07.751000-07:00
488,2026-08-11T19:27:02Z,26717233684,68.0,1.1333333333333333,1.7062841530054644,1.7056383507203179,2026-08-11T12:25:51.937000-07:00
489,2026-08-11T19:28:02Z,26770943805,57.0,0.95,1.7262295081967212,1.7081718827620465,2026-08-11T12:27:00.711000-07:00
490,2026-08-11T19:29:03Z,26825730477,120.0,2.0,1.6978142076502731,1.7090412319920516,2026-08-11T12:27:00.711000-07:00
491,2026-08-11T19:30:03Z,26881254421,182.0,3.033333333333333,1.6969945355191256,1.7101092896174863,2026-08-11T12:27:00.711000-07:00
492,2026-08-11T19:31:03Z,26936778364,64.0,1.0666666666666667,1.7169398907103826,1.7156234475906607,2026-08-11T12:29:55.286000-07:00
493,2026-08-11T19:32:04Z,26993227707,53.0,0.8833333333333333,1.7379781420765028,1.7190511674118232,2026-08-11T12:31:08.731000-07:00
494,2026-08-11T19:33:04Z,27048751650,114.0,1.9,1.7112021857923496,1.7208643815201192,2026-08-11T12:31:08.731000-07:00
495,2026-08-11T19:34:04Z,27104275593,173.0,2.8833333333333333,1.710382513661202,1.72277694982613,2026-08-11T12:31:08.731000-07:00
496,2026-08-11T19:35:04Z,27159799537,71.0,1.1833333333333333,1.7297814207650273,1.7249875807252857,2026-08-11T12:33:51.948000-07:00
497,2026-08-11T19:36:04Z,27215323480,57.0,0.95,1.7510928961748633,1.724863387978142,2026-08-11T12:35:03.664000-07:00
498,2026-08-11T19:37:05Z,27271772823,118.0,1.9666666666666666,1.724863387978142,1.7228763040238448,2026-08-11T12:35:03.664000-07:00
499,2026-08-11T19:38:05Z,27327296766,176.0,2.933333333333333,1.7262295081967212,1.7207650273224042,2026-08-11T12:35:03.664000-07:00
500,2026-08-11T19:39:05Z,27382665227,66.0,1.1,1.7472677595628414,1.7228017883755589,2026-08-11T12:37:59.161000-07:00
501,2026-08-11T19:40:05Z,27437023050,51.0,0.85,1.7221311475409835,1.7224788872329855,2026-08-11T12:39:06.520000-07:00
502,2026-08-11T19:41:06Z,27492286837,118.0,1.9666666666666666,1.6956284153005465,1.7204172876304022,2026-08-11T12:39:06.520000-07:00
503,2026-08-11T19:42:06Z,27546644660,178.0,2.966666666666667,1.6950819672131148,1.7181569796323892,2026-08-11T12:39:06.520000-07:00
504,2026-08-11T19:43:06Z,27601002483,68.0,1.1333333333333333,1.7147540983606557,1.7159463487332338,2026-08-11T12:41:57.985000-07:00
505,2026-08-11T19:44:06Z,27655360306,53.0,0.8833333333333333,1.7336065573770492,1.711425732737208,2026-08-11T12:43:06.571000-07:00
506,2026-08-11T19:45:06Z,27709718129,119.0,1.9833333333333334,1.706830601092896,1.7048186785891704,2026-08-11T12:43:06.571000-07:00
507,2026-08-11T19:46:07Z,27764981916,177.0,2.95,1.707103825136612,1.7021361152508694,2026-08-11T12:43:06.571000-07:00
508,2026-08-11T19:47:07Z,27819339739,66.0,1.1,1.7262295081967212,1.7037754595131644,2026-08-11T12:45:58.393000-07:00
509,2026-08-11T19:48:07Z,27873697562,61.0,1.0166666666666666,1.7005464480874317,1.7028564331843021,2026-08-11T12:47:04.631000-07:00
510,2026-08-11T19:49:08Z,27928832177,118.0,1.9666666666666666,1.676502732240437,1.7000496770988571,2026-08-11T12:47:04.631000-07:00
511,2026-08-11T19:50:08Z,27982485427,183.0,3.05,1.6745901639344263,1.6973671137605564,2026-08-11T12:47:04.631000-07:00
512,2026-08-11T19:51:08Z,28036138676,73.0,1.2166666666666666,1.6926229508196722,1.6945851962245406,2026-08-11T12:49:54.829000-07:00
513,2026-08-11T19:52:09Z,28090686146,57.0,0.95,1.7136612021857922,1.6892200695479382,2026-08-11T12:51:08.344000-07:00
514,2026-08-11T19:53:09Z,28144339396,118.0,1.9666666666666666,1.6849726775956284,1.6822404371584698,2026-08-11T12:51:08.344000-07:00
515,2026-08-11T19:54:09Z,28197992645,174.0,2.9,1.683879781420765,1.6794088425235965,2026-08-11T12:51:08.344000-07:00
516,2026-08-11T19:55:09Z,28251645895,69.0,1.15,1.7040983606557378,1.6759562841530056,2026-08-11T12:53:58.711000-07:00
517,2026-08-11T19:56:09Z,28305299144,60.0,1.0,1.6762295081967213,1.669995032290114,2026-08-11T12:55:07.800000-07:00
518,2026-08-11T19:57:09Z,28358952394,118.0,1.9666666666666666,1.648087431693989,1.6624192747143567,2026-08-11T12:55:07.800000-07:00
519,2026-08-11T19:58:09Z,28412605643,181.0,3.0166666666666666,1.6494535519125681,1.6547193243914555,2026-08-11T12:55:07.800000-07:00
520,2026-08-11T19:59:09Z,28466289080,68.0,1.1333333333333333,1.669398907103825,1.6473422752111277,2026-08-11T12:57:59.042000-07:00
521,2026-08-11T20:00:09Z,28520093267,61.0,1.0166666666666666,1.6385245901639345,1.6357923497267761,2026-08-11T12:59:07.254000-07:00
522,2026-08-11T20:01:10Z,28574794189,123.0,2.05,1.6090163934426231,1.6222553402881272,2026-08-11T12:59:07.254000-07:00
523,2026-08-11T20:02:11Z,28629495112,179.0,2.9833333333333334,1.609289617486339,1.6129657228017884,2026-08-11T12:59:07.254000-07:00
524,2026-08-11T20:03:11Z,28683299298,71.0,1.1833333333333333,1.6289617486338797,1.6037754595131644,2026-08-11T13:01:58.002000-07:00
525,2026-08-11T20:04:11Z,28737103485,65.0,1.0833333333333333,1.6038251366120218,1.5920516641828117,2026-08-11T13:03:01.004000-07:00
526,2026-08-11T20:05:11Z,28790907671,122.0,2.033333333333333,1.5568306010928963,1.5784401390958769,2026-08-11T13:03:01.004000-07:00
527,2026-08-11T20:06:11Z,28844711857,188.0,3.1333333333333333,1.555191256830601,1.5693740685543964,2026-08-11T13:03:01.004000-07:00
528,2026-08-11T20:07:11Z,28898516044,74.0,1.2333333333333334,1.5740437158469944,1.5606060606060603,2026-08-11T13:05:57.488000-07:00
529,2026-08-11T20:08:11Z,28952320230,66.0,1.1,1.5469945355191255,1.5496025832091405,2026-08-11T13:07:01.740000-07:00
530,2026-08-11T20:09:11Z,29006453159,129.0,2.15,1.5204918032786885,1.5367858917039243,2026-08-11T13:07:01.740000-07:00
531,2026-08-11T20:10:12Z,29062586463,19.0,0.31666666666666665,1.519672131147541,1.5279930452061599,2026-08-11T13:09:51.928000-07:00
532,2026-08-11T20:11:12Z,29117799549,75.0,1.25,1.5387978142076502,1.5210630899155488,2026-08-11T13:09:51.928000-07:00
533,2026-08-11T20:12:12Z,29173012635,62.0,1.0333333333333334,1.512568306010929,1.5100844510680576,2026-08-11T13:11:06.938000-07:00
534,2026-08-11T20:13:12Z,29228225721,124.0,2.066666666666667,1.4882513661202186,1.4974167908594138,2026-08-11T13:11:06.938000-07:00
535,2026-08-11T20:14:12Z,29283438806,184.0,3.066666666666667,1.4879781420765028,1.4888474913065075,2026-08-11T13:11:06.938000-07:00
536,2026-08-11T20:15:12Z,29338651892,71.0,1.1833333333333333,1.507103825136612,1.4804272230501738,2026-08-11T13:13:58.926000-07:00
537,2026-08-11T20:16:12Z,29393864978,66.0,1.1,1.4806010928961748,1.4696969696969697,2026-08-11T13:15:05.681000-07:00
538,2026-08-11T20:17:12Z,29449078064,122.0,2.033333333333333,1.4344262295081966,1.4571286636860408,2026-08-11T13:15:05.681000-07:00
539,2026-08-11T20:18:12Z,29504291150,19.0,0.31666666666666665,1.4346994535519126,1.448683556880278,2026-08-11T13:17:52.985000-07:00
540,2026-08-11T20:19:12Z,29559158141,78.0,1.3,1.4527322404371583,1.4400645802285146,2026-08-11T13:17:52.985000-07:00
541,2026-08-11T20:20:12Z,29612986847,59.0,0.9833333333333333,1.4278688524590164,1.4274217585692996,2026-08-11T13:19:07.604000-07:00
542,2026-08-11T20:21:12Z,29666815553,119.0,1.9833333333333334,1.401639344262295,1.4129160457029308,2026-08-11T13:19:07.604000-07:00
543,2026-08-11T20:22:13Z,29721541405,184.0,3.066666666666667,1.4005464480874317,1.402608047690015,2026-08-11T13:19:07.604000-07:00
544,2026-08-11T20:23:13Z,29775370111,68.0,1.1333333333333333,1.4196721311475409,1.3943368107302534,2026-08-11T13:21:58.673000-07:00
545,2026-08-11T20:24:13Z,29829198818,66.0,1.1,1.3934426229508197,1.3816691505216097,2026-08-11T13:23:06.764000-07:00
546,2026-08-11T20:25:13Z,29883027524,126.0,2.1,1.3489071038251366,1.3672627918529558,2026-08-11T13:23:06.764000-07:00
547,2026-08-11T20:26:13Z,29936856231,12.0,0.2,1.3475409836065575,1.3567809239940387,2026-08-11T13:25:58.338000-07:00
548,2026-08-11T20:27:13Z,29990684937,71.0,1.1833333333333333,1.3672131147540985,1.3461748633879782,2026-08-11T13:25:58.338000-07:00
549,2026-08-11T20:28:13Z,30044513643,73.0,1.2166666666666666,1.3434426229508196,1.3315697963238948,2026-08-11T13:26:57.975000-07:00
550,2026-08-11T20:29:13Z,30098563704,130.0,2.1666666666666665,1.2953551912568306,1.3152011922503726,2026-08-11T13:26:57.975000-07:00
551,2026-08-11T20:30:13Z,30153222491,7.0,0.11666666666666667,1.2942622950819673,1.3028812717337308,2026-08-11T13:29:58.649000-07:00
552,2026-08-11T20:31:13Z,30207881277,74.0,1.2333333333333334,1.312568306010929,1.2922503725782415,2026-08-11T13:29:58.649000-07:00
553,2026-08-11T20:32:13Z,30262540063,65.0,1.0833333333333333,1.2849726775956285,1.2772727272727273,2026-08-11T13:31:07.819000-07:00
554,2026-08-11T20:33:14Z,30318109829,125.0,2.0833333333333335,1.2398907103825139,1.260407352210631,2026-08-11T13:31:07.819000-07:00
555,2026-08-11T20:34:14Z,30372768615,22.0,0.36666666666666664,1.2396174863387979,1.247218082463984,2026-08-11T13:33:49.720000-07:00
556,2026-08-11T20:35:14Z,30427427401,1.0,0.016666666666666666,1.2579234972677595,1.2357675111773472,2026-08-11T13:35:07.372000-07:00
557,2026-08-11T20:36:14Z,30482086187,65.0,1.0833333333333333,1.231967213114754,1.224093392945852,2026-08-11T13:35:07.372000-07:00
558,2026-08-11T20:37:14Z,30536744974,126.0,2.1,1.1827868852459018,1.2106060606060607,2026-08-11T13:35:07.372000-07:00
559,2026-08-11T20:38:14Z,30591403760,19.0,0.31666666666666665,1.181693989071038,1.201217088922007,2026-08-11T13:37:51.496000-07:00
560,2026-08-11T20:39:14Z,30645725964,79.0,1.3166666666666667,1.198360655737705,1.1935419771485345,2026-08-11T13:37:51.496000-07:00
561,2026-08-11T20:40:14Z,30699196813,63.0,1.05,1.169398907103825,1.181619473422752,2026-08-11T13:39:04.900000-07:00
562,2026-08-11T20:41:14Z,30752667662,121.0,2.0166666666666666,1.1658469945355192,1.1679831097863884,2026-08-11T13:39:04.900000-07:00
563,2026-08-11T20:42:14Z,30806138511,22.0,0.36666666666666664,1.164207650273224,1.158320914058619,2026-08-11T13:41:45.726000-07:00
564,2026-08-11T20:43:14Z,30859609360,89.0,1.4833333333333334,1.181693989071038,1.1506706408345753,2026-08-11T13:41:45.726000-07:00
565,2026-08-11T20:44:14Z,30913080209,67.0,1.1166666666666667,1.1554644808743169,1.1429210134128167,2026-08-11T13:43:05.273000-07:00
566,2026-08-11T20:45:15Z,30967442239,123.0,2.05,1.1084699453551914,1.133457526080477,2026-08-11T13:43:05.273000-07:00
567,2026-08-11T20:46:15Z,31020913088,22.0,0.36666666666666664,1.1079234972677594,1.128440139095877,2026-08-11T13:45:52.105000-07:00
568,2026-08-11T20:47:15Z,31074383938,8.0,0.13333333333333333,1.1256830601092898,1.1215846994535519,2026-08-11T13:47:05.457000-07:00
569,2026-08-11T20:48:15Z,31127854787,67.0,1.1166666666666667,1.0986338797814208,1.1106308991554892,2026-08-11T13:47:05.457000-07:00
570,2026-08-11T20:49:15Z,31181943457,127.0,2.1166666666666667,1.0964480874316942,1.0981619473422752,2026-08-11T13:47:05.457000-07:00
571,2026-08-11T20:50:15Z,31237473710,27.0,0.45,1.0942622950819672,1.0897416790859416,2026-08-11T13:49:45.330000-07:00
572,2026-08-11T20:51:15Z,31293003963,87.0,1.45,1.114207650273224,1.0831594634873325,2026-08-11T13:49:45.330000-07:00
573,2026-08-11T20:52:15Z,31348534217,69.0,1.15,1.0904371584699453,1.076701440635867,2026-08-11T13:51:01.281000-07:00
574,2026-08-11T20:53:15Z,31404064470,127.0,2.1166666666666667,1.0437158469945356,1.0687034277198213,2026-08-11T13:51:01.281000-07:00
575,2026-08-11T20:54:15Z,31459594723,22.0,0.36666666666666664,1.044535519125683,1.0648037754595132,2026-08-11T13:53:49.336000-07:00
576,2026-08-11T20:55:15Z,31515124976,11.0,0.18333333333333332,1.0628415300546448,1.05849478390462,2026-08-11T13:55:03.393000-07:00
577,2026-08-11T20:56:16Z,31571580734,64.0,1.0666666666666667,1.0360655737704918,1.0525335320417286,2026-08-11T13:55:03.393000-07:00
578,2026-08-11T20:57:16Z,31627110987,132.0,2.2,1.0368852459016393,1.0447590660705415,2026-08-11T13:55:03.393000-07:00
579,2026-08-11T20:58:16Z,31682641240,31.0,0.5166666666666667,1.0377049180327869,1.04073522106309,2026-08-11T13:57:44.391000-07:00
580,2026-08-11T20:59:16Z,31737555368,5.0,0.08333333333333333,1.055737704918033,1.0387978142076504,2026-08-11T13:59:06.595000-07:00
581,2026-08-11T21:00:16Z,31791139961,64.0,1.0666666666666667,1.0270491803278687,1.0365126676602088,2026-08-11T13:59:06.595000-07:00
582,2026-08-11T21:01:16Z,31844724555,128.0,2.1333333333333333,1.028688524590164,1.034326875310482,2026-08-11T13:59:06.595000-07:00
583,2026-08-11T21:02:18Z,31900095302,22.0,0.36666666666666664,1.028688524590164,1.0362146050670642,2026-08-11T14:01:51.995000-07:00
584,2026-08-11T21:03:18Z,31953679896,14.0,0.23333333333333334,1.0461748633879782,1.0356433184302036,2026-08-11T14:03:01.637000-07:00
585,2026-08-11T21:04:18Z,32007264489,70.0,1.1666666666666667,1.0224043715846995,1.034848484848485,2026-08-11T14:03:01.637000-07:00
586,2026-08-11T21:05:18Z,32060849083,132.0,2.2,1.0193989071038252,1.0322901142573273,2026-08-11T14:03:01.637000-07:00
587,2026-08-11T21:06:18Z,32114433677,27.0,0.45,1.0387978142076504,1.03397913561848,2026-08-11T14:05:45.398000-07:00
588,2026-08-11T21:07:19Z,32168911347,8.0,0.13333333333333333,1.0568306010928963,1.0333830104321908,2026-08-11T14:07:08.252000-07:00
589,2026-08-11T21:08:19Z,32222495941,70.0,1.1666666666666667,1.0306010928961749,1.0328117237953303,2026-08-11T14:07:08.252000-07:00
590,2026-08-11T21:09:20Z,32277444681,127.0,2.1166666666666667,1.0289617486338798,1.0305265772478889,2026-08-11T14:07:08.252000-07:00
591,2026-08-11T21:10:20Z,32332258153,23.0,0.38333333333333336,1.0275956284153005,1.0323149528067561,2026-08-11T14:09:53.098000-07:00
592,2026-08-11T21:11:20Z,32387071625,6.0,0.1,1.0456284153005464,1.0321659215101837,2026-08-11T14:11:07.359000-07:00
593,2026-08-11T21:12:20Z,32441885097,69.0,1.15,1.0221311475409836,1.0302285146547443,2026-08-11T14:11:07.359000-07:00
594,2026-08-11T21:13:20Z,32496698569,126.0,2.1,1.0224043715846995,1.0283904619970194,2026-08-11T14:11:07.359000-07:00
595,2026-08-11T21:14:20Z,32551512041,28.0,0.4666666666666667,1.0210382513661203,1.0307004470938899,2026-08-11T14:13:51.335000-07:00
596,2026-08-11T21:15:20Z,32606325514,12.0,0.2,1.0420765027322405,1.0306507699950325,2026-08-11T14:15:05.685000-07:00
597,2026-08-11T21:16:21Z,32662052544,69.0,1.15,1.0177595628415301,1.030352707401888,2026-08-11T14:15:05.685000-07:00
598,2026-08-11T21:17:21Z,32716866016,131.0,2.183333333333333,1.0174863387978144,1.0281420765027323,2026-08-11T14:15:05.685000-07:00
599,2026-08-11T21:18:21Z,32771679488,23.0,0.38333333333333336,1.0366120218579236,1.029557873820169,2026-08-11T14:17:52.026000-07:00
600,2026-08-11T21:19:21Z,32826771610,11.0,0.18333333333333332,1.0560109289617488,1.028589170392449,2026-08-11T14:19:05.371000-07:00
601,2026-08-11T21:20:21Z,32882281707,70.0,1.1666666666666667,1.028415300546448,1.0275956284153005,2026-08-11T14:19:05.371000-07:00
602,2026-08-11T21:21:21Z,32937791804,132.0,2.2,1.0243169398907104,1.0263288623944362,2026-08-11T14:19:05.371000-07:00
603,2026-08-11T21:22:21Z,32993301901,32.0,0.5333333333333333,1.021311475409836,1.0291356184798808,2026-08-11T14:21:48.640000-07:00
604,2026-08-11T21:23:21Z,33048811999,13.0,0.21666666666666667,1.0377049180327869,1.0294833581718827,2026-08-11T14:23:07.449000-07:00
605,2026-08-11T21:24:21Z,33104322096,71.0,1.1833333333333333,1.0117486338797814,1.0279185295578737,2026-08-11T14:23:07.449000-07:00
606,2026-08-11T21:25:21Z,33159832193,133.0,2.216666666666667,1.0101092896174864,1.0265275707898658,2026-08-11T14:23:07.449000-07:00
607,2026-08-11T21:26:22Z,33216267459,28.0,0.4666666666666667,1.0281420765027323,1.0296572280178837,2026-08-11T14:25:50.869000-07:00
608,2026-08-11T21:27:22Z,33271777556,15.0,0.25,1.0486338797814208,1.0308743169398906,2026-08-11T14:27:02.648000-07:00
609,2026-08-11T21:28:22Z,33327287653,74.0,1.2333333333333334,1.021311475409836,1.0321410829607551,2026-08-11T14:27:02.648000-07:00
610,2026-08-11T21:29:22Z,33381911766,139.0,2.316666666666667,1.0193989071038252,1.0334078489816194,2026-08-11T14:27:02.648000-07:00
611,2026-08-11T21:30:22Z,33435295502,25.0,0.4166666666666667,1.0407103825136612,1.036835568802782,2026-08-11T14:29:52.237000-07:00
612,2026-08-11T21:31:22Z,33488679237,13.0,0.21666666666666667,1.0628415300546448,1.0379284649776452,2026-08-11T14:31:08.079000-07:00
613,2026-08-11T21:32:22Z,33542062973,74.0,1.2333333333333334,1.0377049180327869,1.037009438648783,2026-08-11T14:31:08.079000-07:00
614,2026-08-11T21:33:22Z,33595446708,129.0,2.15,1.0352459016393443,1.0358917039244908,2026-08-11T14:31:08.079000-07:00
615,2026-08-11T21:34:22Z,33648830444,38.0,0.6333333333333333,1.051639344262295,1.0368852459016393,2026-08-11T14:33:43.307000-07:00
616,2026-08-11T21:35:23Z,33703103908,11.0,0.18333333333333332,1.0494535519125683,1.0356184798807748,2026-08-11T14:35:04.581000-07:00
617,2026-08-11T21:36:23Z,33756487644,72.0,1.2,1.0221311475409836,1.032488822652757,2026-08-11T14:35:04.581000-07:00
618,2026-08-11T21:37:23Z,33809871379,131.0,2.183333333333333,1.018032786885246,1.0293343268753103,2026-08-11T14:35:04.581000-07:00
619,2026-08-11T21:38:23Z,33863255115,30.0,0.5,1.0363387978142078,1.0281917536015897,2026-08-11T14:37:48.755000-07:00
620,2026-08-11T21:39:23Z,33917309788,13.0,0.21666666666666667,1.03224043715847,1.0249379036264281,2026-08-11T14:39:08.329000-07:00
621,2026-08-11T21:40:23Z,33972241841,74.0,1.2333333333333334,1.005464480874317,1.0197963238946846,2026-08-11T14:39:08.329000-07:00
622,2026-08-11T21:41:23Z,34027173895,129.0,2.15,1.0062841530054645,1.016467958271237,2026-08-11T14:39:08.329000-07:00
623,2026-08-11T21:42:23Z,34082105949,35.0,0.5833333333333334,1.0281420765027323,1.01525086934923,2026-08-11T14:41:48.294000-07:00
624,2026-08-11T21:43:23Z,34137038002,23.0,0.38333333333333336,1.025136612021858,1.01177347242921,2026-08-11T14:42:59.280000-07:00
625,2026-08-11T21:44:23Z,34191970056,84.0,1.4,0.9994535519125683,1.0063586686537507,2026-08-11T14:42:59.280000-07:00
626,2026-08-11T21:45:23Z,34246902109,144.0,2.4,0.9950819672131148,1.0028315946348734,2026-08-11T14:42:59.280000-07:00
627,2026-08-11T21:46:24Z,34302749697,34.0,0.5666666666666667,1.0128415300546447,1.0013412816691505,2026-08-11T14:45:48.986000-07:00
628,2026-08-11T21:47:24Z,34357681751,21.0,0.35,1.008743169398907,0.9972180824639841,2026-08-11T14:47:00.742000-07:00
629,2026-08-11T21:48:24Z,34412613805,78.0,1.3,0.9797814207650273,0.9906607054148039,2026-08-11T14:47:00.742000-07:00
630,2026-08-11T21:49:24Z,34467458023,138.0,2.3,0.976775956284153,0.9860158966716344,2026-08-11T14:47:00.742000-07:00
631,2026-08-11T21:50:24Z,34522194889,26.0,0.43333333333333335,0.9934426229508196,0.9833084947839047,2026-08-11T14:49:52.478000-07:00
632,2026-08-11T21:51:24Z,34576931754,12.0,0.2,0.9890710382513661,0.9783904619970194,2026-08-11T14:51:06.883000-07:00
633,2026-08-11T21:52:24Z,34631668619,76.0,1.2666666666666666,0.9609289617486338,0.9717834078489815,2026-08-11T14:51:06.883000-07:00
634,2026-08-11T21:53:24Z,34686405484,129.0,2.15,0.9560109289617487,0.9673621460506706,2026-08-11T14:51:06.883000-07:00
635,2026-08-11T21:54:24Z,34741142349,32.0,0.5333333333333333,0.9740437158469945,0.9652011922503725,2026-08-11T14:53:51.900000-07:00
636,2026-08-11T21:55:24Z,34795879215,16.0,0.26666666666666666,0.9696721311475409,0.9606805762543467,2026-08-11T14:55:03.487000-07:00
637,2026-08-11T21:56:25Z,34851528361,77.0,1.2833333333333334,0.940983606557377,0.954595131644312,2026-08-11T14:55:03.487000-07:00
638,2026-08-11T21:57:25Z,34906265226,139.0,2.316666666666667,0.9401639344262296,0.9507699950322901,2026-08-11T14:55:03.487000-07:00
639,2026-08-11T21:58:25Z,34961002091,32.0,0.5333333333333333,0.9601092896174864,0.9512667660208645,2026-08-11T14:57:51.900000-07:00
640,2026-08-11T21:59:25Z,35016018871,24.0,0.4,0.9560109289617486,0.9495777446597118,2026-08-11T14:58:59.557000-07:00
641,2026-08-11T22:00:25Z,35071355554,83.0,1.3833333333333333,0.9270491803278688,0.9458022851465475,2026-08-11T14:58:59.557000-07:00
642,2026-08-11T22:01:25Z,35126692236,145.0,2.4166666666666665,0.9265027322404371,0.944187779433681,2026-08-11T14:58:59.557000-07:00
643,2026-08-11T22:02:25Z,35182028919,36.0,0.6,0.9469945355191257,0.9468703427719821,2026-08-11T15:01:48.164000-07:00
644,2026-08-11T22:03:25Z,35237365601,13.0,0.21666666666666667,0.9663934426229508,0.9472429210134128,2026-08-11T15:03:08.202000-07:00
645,2026-08-11T22:04:25Z,35292702284,74.0,1.2333333333333334,0.937431693989071,0.9456035767511177,2026-08-11T15:03:08.202000-07:00
646,2026-08-11T22:05:25Z,35348038966,62.0,1.0333333333333334,0.9325136612021858,0.9461003477396921,2026-08-11T15:04:22.453000-07:00
647,2026-08-11T22:06:25Z,35403375649,32.0,0.5333333333333333,0.9519125683060109,0.9509687034277199,2026-08-11T15:05:48.048000-07:00
648,2026-08-11T22:07:26Z,35459634609,12.0,0.2,0.9704918032786886,0.953378042722305,2026-08-11T15:07:07.766000-07:00
649,2026-08-11T22:08:26Z,35514971292,75.0,1.25,0.9442622950819672,0.9533283656234475,2026-08-11T15:07:07.766000-07:00
650,2026-08-11T22:09:26Z,35569806411,55.0,0.9166666666666666,0.9420765027322404,0.9528067560854446,2026-08-11T15:08:27.316000-07:00
651,2026-08-11T22:10:26Z,35624105375,29.0,0.48333333333333334,0.9614754098360655,0.9562841530054644,2026-08-11T15:09:52.087000-07:00
652,2026-08-11T22:11:26Z,35678404340,26.0,0.43333333333333335,0.9806010928961748,0.9574267262791852,2026-08-11T15:10:59.274000-07:00
653,2026-08-11T22:12:27Z,35733608287,86.0,1.4333333333333333,0.9530054644808743,0.9565573770491803,2026-08-11T15:10:59.274000-07:00
654,2026-08-11T22:13:27Z,35787907251,58.0,0.9666666666666667,0.946448087431694,0.9555389965226031,2026-08-11T15:12:26.260000-07:00
655,2026-08-11T22:14:27Z,35842206216,32.0,0.5333333333333333,0.9606557377049181,0.9584202682563338,2026-08-11T15:13:53.858000-07:00
656,2026-08-11T22:15:27Z,35896505180,12.0,0.2,0.9756830601092896,0.9589170392449081,2026-08-11T15:15:06.160000-07:00
657,2026-08-11T22:16:27Z,35950804145,77.0,1.2833333333333334,0.9450819672131148,0.9577247888723299,2026-08-11T15:15:06.160000-07:00
658,2026-08-11T22:17:27Z,36005103109,54.0,0.9,0.9423497267759563,0.9566815697963239,2026-08-11T15:16:27.958000-07:00
659,2026-08-11T22:18:27Z,36059402074,25.0,0.4166666666666667,0.9592896174863388,0.959960258320914,2026-08-11T15:17:55.766000-07:00
660,2026-08-11T22:19:27Z,36113681226,12.0,0.2,0.9759562841530054,0.9614754098360656,2026-08-11T15:19:06.818000-07:00
661,2026-08-11T22:20:27Z,36167940567,72.0,1.2,0.9475409836065574,0.9616741182314953,2026-08-11T15:19:06.818000-07:00
662,2026-08-11T22:21:27Z,36222199907,54.0,0.9,0.9483606557377049,0.9622454048683557,2026-08-11T15:20:28.416000-07:00
663,2026-08-11T22:22:28Z,36277363570,29.0,0.48333333333333334,0.9691256830601093,0.9673869846000993,2026-08-11T15:21:57.874000-07:00
664,2026-08-11T22:23:28Z,36331622911,14.0,0.23333333333333334,0.9890710382513661,0.970193740685544,2026-08-11T15:23:07.565000-07:00
665,2026-08-11T22:24:28Z,36385882251,79.0,1.3166666666666667,0.9631147540983607,0.9712121212121212,2026-08-11T15:23:07.565000-07:00
666,2026-08-11T22:25:28Z,36440141592,55.0,0.9166666666666666,0.9628415300546448,0.9722056631892698,2026-08-11T15:24:26.766000-07:00
667,2026-08-11T22:26:28Z,36494400932,28.0,0.4666666666666667,0.9819672131147541,0.9772975658221561,2026-08-11T15:25:56.870000-07:00
668,2026-08-11T22:27:28Z,36548660273,25.0,0.4166666666666667,1.001639344262295,0.9796572280178837,2026-08-11T15:26:59.091000-07:00
669,2026-08-11T22:28:28Z,36602919613,88.0,1.4666666666666666,0.973224043715847,0.9798062593144561,2026-08-11T15:26:59.091000-07:00
670,2026-08-11T22:29:28Z,36657437331,59.0,0.9833333333333333,0.9704918032786886,0.9799056135121709,2026-08-11T15:28:27.486000-07:00
671,2026-08-11T22:30:29Z,36713109415,33.0,0.55,0.9868852459016394,0.9841033283656234,2026-08-11T15:29:52.568000-07:00
672,2026-08-11T22:31:29Z,36767868841,23.0,0.38333333333333336,1.0035519125683061,0.9876552409339294,2026-08-11T15:31:00.179000-07:00
673,2026-08-11T22:32:29Z,36822628268,88.0,1.4666666666666666,0.9743169398907103,0.9893442622950821,2026-08-11T15:31:00.179000-07:00
674,2026-08-11T22:33:29Z,36877387694,145.0,2.4166666666666665,0.9707650273224044,0.9911077993045206,2026-08-11T15:31:00.179000-07:00
675,2026-08-11T22:34:29Z,36932147121,23.0,0.38333333333333336,0.9901639344262295,0.9971435668156979,2026-08-11T15:33:59.365000-07:00
676,2026-08-11T22:35:29Z,36986906547,20.0,0.3333333333333333,1.0092896174863388,1.0029309488325884,2026-08-11T15:35:06.122000-07:00
677,2026-08-11T22:36:29Z,37041665974,82.0,1.3666666666666667,1.0019125683060108,1.007103825136612,2026-08-11T15:35:06.122000-07:00
678,2026-08-11T22:37:29Z,37096425400,140.0,2.3333333333333335,1.0005464480874318,1.0112767014406359,2026-08-11T15:35:06.122000-07:00
679,2026-08-11T22:38:29Z,37151184827,35.0,0.5833333333333334,1.0210382513661203,1.01949826130154,2026-08-11T15:37:54.318000-07:00
680,2026-08-11T22:39:29Z,37205396804,22.0,0.36666666666666664,1.0396174863387977,1.027396920019871,2026-08-11T15:39:04.531000-07:00
681,2026-08-11T22:40:29Z,37259129763,84.0,1.4,1.034153005464481,1.0333333333333334,2026-08-11T15:39:04.531000-07:00
682,2026-08-11T22:41:30Z,37313758272,144.0,2.4,1.0327868852459017,1.0393939393939393,2026-08-11T15:39:04.531000-07:00
683,2026-08-11T22:42:30Z,37367491231,28.0,0.4666666666666667,1.0494535519125683,1.0478142076502732,2026-08-11T15:41:56.020000-07:00
684,2026-08-11T22:43:30Z,37421224190,11.0,0.18333333333333332,1.0647540983606558,1.0558867362146052,2026-08-11T15:43:08.607000-07:00
685,2026-08-11T22:44:30Z,37474957150,75.0,1.25,1.0576502732240436,1.0623447590660706,2026-08-11T15:43:08.607000-07:00
686,2026-08-11T22:45:30Z,37528690109,139.0,2.316666666666667,1.055464480874317,1.069150521609538,2026-08-11T15:43:08.607000-07:00
687,2026-08-11T22:46:30Z,37582423068,32.0,0.5333333333333333,1.0759562841530055,1.0785394932935917,2026-08-11T15:45:58.762000-07:00
688,2026-08-11T22:47:31Z,37637051576,24.0,0.4,1.0945355191256831,1.087605563835072,2026-08-11T15:47:07.178000-07:00
689,2026-08-11T22:48:31Z,37690784536,83.0,1.3833333333333333,1.089344262295082,1.0951564828614009,2026-08-11T15:47:07.178000-07:00
690,2026-08-11T22:49:31Z,37744928895,139.0,2.316666666666667,1.0920765027322403,1.1029557873820168,2026-08-11T15:47:07.178000-07:00
691,2026-08-11T22:50:31Z,37799387855,34.0,0.5666666666666667,1.1144808743169399,1.1130153999006458,2026-08-11T15:49:51.410000-07:00
692,2026-08-11T22:51:31Z,37853846815,29.0,0.48333333333333334,1.1374316939890712,1.1228266269249876,2026-08-11T15:51:02.411000-07:00
693,2026-08-11T22:52:32Z,37909213424,88.0,1.4666666666666666,1.1325136612021858,1.1307501241927473,2026-08-11T15:51:02.411000-07:00
694,2026-08-11T22:53:32Z,37963672383,149.0,2.4833333333333334,1.1325136612021858,1.1385742672627919,2026-08-11T15:51:02.411000-07:00
695,2026-08-11T22:54:32Z,38018131343,34.0,0.5666666666666667,1.1505464480874317,1.1483854942871337,2026-08-11T15:53:56.043000-07:00
696,2026-08-11T22:55:32Z,38072590303,31.0,0.5166666666666667,1.1683060109289618,1.1575260804769003,2026-08-11T15:55:00.293000-07:00
697,2026-08-11T22:56:32Z,38127049262,86.0,1.4333333333333333,1.1633879781420766,1.1646050670640835,2026-08-11T15:55:00.293000-07:00
698,2026-08-11T22:57:33Z,38182415871,149.0,2.4833333333333334,1.1631147540983606,1.1711872826626926,2026-08-11T15:55:00.293000-07:00
699,2026-08-11T22:58:33Z,38236874831,35.0,0.5833333333333334,1.1806010928961748,1.1798559364133134,2026-08-11T15:57:57.498000-07:00
700,2026-08-11T22:59:33Z,38292066432,22.0,0.36666666666666664,1.1972677595628416,1.1858420268256333,2026-08-11T15:59:08.338000-07:00
701,2026-08-11T23:00:33Z,38347746460,84.0,1.4,1.1926229508196722,1.1902881271733732,2026-08-11T15:59:08.338000-07:00
702,2026-08-11T23:01:33Z,38403426489,144.0,2.4,1.1923497267759564,1.194808743169399,2026-08-11T15:59:08.338000-07:00
703,2026-08-11T23:02:33Z,38459106517,38.0,0.6333333333333333,1.2098360655737705,1.2014157973174369,2026-08-11T16:01:54.770000-07:00
704,2026-08-11T23:03:34Z,38515714546,23.0,0.38333333333333336,1.2278688524590164,1.205638350720318,2026-08-11T16:03:04.165000-07:00
705,2026-08-11T23:04:34Z,38571394575,84.0,1.4,1.198360655737705,1.2079483358171883,2026-08-11T16:03:04.165000-07:00
706,2026-08-11T23:05:34Z,38627074603,144.0,2.4,1.1994535519125684,1.21023348236463,2026-08-11T16:03:04.165000-07:00
707,2026-08-11T23:06:34Z,38682754631,35.0,0.5833333333333334,1.2180327868852459,1.2145553899652262,2026-08-11T16:05:51.676000-07:00
708,2026-08-11T23:07:34Z,38738434660,27.0,0.45,1.236065573770492,1.2164182811723796,2026-08-11T16:07:04.368000-07:00
709,2026-08-11T23:08:34Z,38794114688,87.0,1.45,1.2095628415300546,1.2167908594138104,2026-08-11T16:07:04.368000-07:00
710,2026-08-11T23:09:34Z,38848657309,143.0,2.3833333333333333,1.2060109289617487,1.2175360158966717,2026-08-11T16:07:04.368000-07:00
711,2026-08-11T23:10:34Z,38902492894,35.0,0.5833333333333334,1.2224043715846995,1.2227769498261303,2026-08-11T16:09:58.895000-07:00
712,2026-08-11T23:11:34Z,38956328478,24.0,0.4,1.2401639344262296,1.2252608047690015,2026-08-11T16:11:07.760000-07:00
713,2026-08-11T23:12:34Z,39010164062,87.0,1.45,1.212841530054645,1.2260556383507204,2026-08-11T16:11:07.760000-07:00
714,2026-08-11T23:13:35Z,39064896906,142.0,2.3666666666666667,1.2139344262295082,1.2269249875807253,2026-08-11T16:11:07.760000-07:00
715,2026-08-11T23:14:35Z,39118732491,32.0,0.5333333333333333,1.236065573770492,1.2318430203676105,2026-08-11T16:13:58.398000-07:00
716,2026-08-11T23:15:35Z,39172568075,24.0,0.4,1.2560109289617487,1.2345255837059115,2026-08-11T16:15:07.742000-07:00
717,2026-08-11T23:16:35Z,39226403659,87.0,1.45,1.226775956284153,1.2354942871336314,2026-08-11T16:15:07.742000-07:00
718,2026-08-11T23:17:35Z,39280239243,145.0,2.4166666666666665,1.226775956284153,1.2362642821659215,2026-08-11T16:15:07.742000-07:00
719,2026-08-11T23:18:35Z,39334074828,35.0,0.5833333333333334,1.2456284153005464,1.2410332836562346,2026-08-11T16:17:56.295000-07:00
720,2026-08-11T23:19:35Z,39389075164,35.0,0.5833333333333334,1.2636612021857923,1.2428713363139592,2026-08-11T16:18:59.519000-07:00
721,2026-08-11T23:20:35Z,39444749829,94.0,1.5666666666666667,1.23551912568306,1.2424987580725286,2026-08-11T16:18:59.519000-07:00
722,2026-08-11T23:21:35Z,39500424495,156.0,2.6,1.2330601092896176,1.2416294088425237,2026-08-11T16:18:59.519000-07:00
723,2026-08-11T23:22:35Z,39556099161,36.0,0.6,1.248633879781421,1.2449329359165426,2026-08-11T16:21:58.940000-07:00
724,2026-08-11T23:23:36Z,39612701738,29.0,0.48333333333333334,1.2653005464480875,1.2454048683556882,2026-08-11T16:23:05.947000-07:00
725,2026-08-11T23:24:36Z,39668376403,80.0,1.3333333333333333,1.234153005464481,1.2440635866865375,2026-08-11T16:23:05.947000-07:00
726,2026-08-11T23:25:36Z,39724051069,144.0,2.4,1.231967213114754,1.2427968206656732,2026-08-11T16:23:05.947000-07:00
727,2026-08-11T23:26:36Z,39779725735,37.0,0.6166666666666667,1.2464480874316939,1.2457774465971188,2026-08-11T16:25:55.257000-07:00
728,2026-08-11T23:27:36Z,39835400400,27.0,0.45,1.2631147540983607,1.246547441629409,2026-08-11T16:27:04.255000-07:00
729,2026-08-11T23:28:36Z,39891075066,89.0,1.4833333333333334,1.231967213114754,1.2458022851465473,2026-08-11T16:27:04.255000-07:00
730,2026-08-11T23:29:36Z,39945676426,149.0,2.4833333333333334,1.2308743169398906,1.2453303527074018,2026-08-11T16:27:04.255000-07:00
731,2026-08-11T23:30:36Z,39999699853,42.0,0.7,1.2497267759562842,1.2494038748137108,2026-08-11T16:29:53.986000-07:00
732,2026-08-11T23:31:36Z,40053723279,32.0,0.5333333333333333,1.2683060109289617,1.2509935419771485,2026-08-11T16:31:02.113000-07:00
733,2026-08-11T23:32:36Z,40107746705,87.0,1.45,1.2415300546448087,1.2511922503725783,2026-08-11T16:31:02.113000-07:00
734,2026-08-11T23:33:36Z,40161770132,154.0,2.566666666666667,1.2404371584699454,1.2514157973174367,2026-08-11T16:31:02.113000-07:00
735,2026-08-11T23:34:36Z,40215793558,37.0,0.6166666666666667,1.2601092896174861,1.2560854446100347,2026-08-11T16:33:58.710000-07:00
736,2026-08-11T23:35:37Z,40270717375,27.0,0.45,1.2789617486338798,1.258395429706905,2026-08-11T16:35:07.530000-07:00
737,2026-08-11T23:36:37Z,40324740801,88.0,1.4666666666666666,1.2494535519125682,1.2589418777943369,2026-08-11T16:35:07.530000-07:00
738,2026-08-11T23:37:37Z,40378764228,148.0,2.466666666666667,1.248633879781421,1.259438648782911,2026-08-11T16:35:07.530000-07:00
739,2026-08-11T23:38:37Z,40432787654,43.0,0.7166666666666667,1.2655737704918033,1.2638350720317932,2026-08-11T16:37:51.450000-07:00
740,2026-08-11T23:39:37Z,40487491480,22.0,0.36666666666666664,1.2833333333333332,1.26602086438152,2026-08-11T16:39:07.674000-07:00
741,2026-08-11T23:40:37Z,40542535505,82.0,1.3666666666666667,1.2562841530054647,1.2665673124689518,2026-08-11T16:39:07.674000-07:00
742,2026-08-11T23:41:37Z,40597579530,149.0,2.4833333333333334,1.2557377049180327,1.2672379533035272,2026-08-11T16:39:07.674000-07:00
743,2026-08-11T23:42:37Z,40652623556,44.0,0.7333333333333333,1.2737704918032788,1.2723298559364133,2026-08-11T16:41:49.795000-07:00
744,2026-08-11T23:43:37Z,40707667581,32.0,0.5333333333333333,1.2898907103825137,1.2748633879781421,2026-08-11T16:43:04.838000-07:00
745,2026-08-11T23:44:37Z,40762711606,92.0,1.5333333333333334,1.26448087431694,1.275906607054148,2026-08-11T16:43:04.838000-07:00
746,2026-08-11T23:45:37Z,40817755632,148.0,2.466666666666667,1.266120218579235,1.2768504719324392,2026-08-11T16:43:04.838000-07:00
747,2026-08-11T23:46:38Z,40873717057,32.0,0.5333333333333333,1.2863387978142078,1.2818678589170391,2026-08-11T16:45:59.210000-07:00
748,2026-08-11T23:47:38Z,40928761083,32.0,0.5333333333333333,1.305464480874317,1.2840784898161948,2026-08-11T16:47:05.775000-07:00
749,2026-08-11T23:48:38Z,40983805108,93.0,1.55,1.276502732240437,1.2846994535519125,2026-08-11T16:47:05.775000-07:00
750,2026-08-11T23:49:38Z,41038144502,149.0,2.4833333333333334,1.277049180327869,1.2854694485842026,2026-08-11T16:47:05.775000-07:00
751,2026-08-11T23:50:39Z,41093057573,36.0,0.6,1.2937158469945356,1.2905365126676602,2026-08-11T16:49:55.881000-07:00
752,2026-08-11T23:51:39Z,41147070430,25.0,0.4166666666666667,1.3114754098360655,1.293070044709389,2026-08-11T16:51:06.360000-07:00
753,2026-08-11T23:52:39Z,41201083287,86.0,1.4333333333333333,1.280054644808743,1.293765524093393,2026-08-11T16:51:06.360000-07:00
754,2026-08-11T23:53:39Z,41255096144,149.0,2.4833333333333334,1.2806010928961749,1.2945603576751117,2026-08-11T16:51:06.360000-07:00
755,2026-08-11T23:54:39Z,41309109001,35.0,0.5833333333333334,1.298360655737705,1.2997516145057129,2026-08-11T16:53:59.627000-07:00
756,2026-08-11T23:55:39Z,41363121858,26.0,0.43333333333333335,1.3202185792349725,1.3023845007451564,2026-08-11T16:55:07.866000-07:00
757,2026-08-11T23:56:39Z,41417134715,84.0,1.4,1.2939890710382513,1.303378042722305,2026-08-11T16:55:07.866000-07:00
758,2026-08-11T23:57:39Z,41471147572,147.0,2.45,1.2939890710382513,1.304321907600596,2026-08-11T16:55:07.866000-07:00
759,2026-08-11T23:58:39Z,41525160429,35.0,0.5833333333333334,1.314207650273224,1.3098609041231992,2026-08-11T16:57:58.965000-07:00
760,2026-08-11T23:59:39Z,41579581281,31.0,0.5166666666666667,1.333606557377049,1.3126924987580724,2026-08-11T16:59:07.587000-07:00
761,2026-08-12T00:00:39Z,41634176988,91.0,1.5166666666666666,1.3060109289617488,1.3138847491306507,2026-08-11T16:59:07.587000-07:00
762,2026-08-12T00:01:40Z,41689682623,152.0,2.533333333333333,1.3046448087431692,1.3147789369100844,2026-08-11T16:59:07.587000-07:00
763,2026-08-12T00:02:41Z,41745188259,46.0,0.7666666666666667,1.3218579234972678,1.3198708395429706,2026-08-11T17:01:53.396000-07:00
764,2026-08-12T00:03:41Z,41799783966,34.0,0.5666666666666667,1.340983606557377,1.322354694485842,2026-08-11T17:03:05.723000-07:00
765,2026-08-12T00:04:41Z,41854379673,95.0,1.5833333333333333,1.3117486338797815,1.3228266269249875,2026-08-11T17:03:05.723000-07:00
766,2026-08-12T00:05:41Z,41908975380,153.0,2.55,1.3114754098360655,1.3234227521112767,2026-08-11T17:03:05.723000-07:00
767,2026-08-12T00:06:42Z,41964481015,36.0,0.6,1.3300546448087434,1.3283407848981619,2026-08-11T17:05:59.366000-07:00
768,2026-08-12T00:07:42Z,42019076722,32.0,0.5333333333333333,1.3499999999999999,1.3309985096870343,2026-08-11T17:07:09.279000-07:00
769,2026-08-12T00:08:42Z,42073672429,89.0,1.4833333333333334,1.321311475409836,1.331892697466468,2026-08-11T17:07:09.279000-07:00
770,2026-08-12T00:09:42Z,42128693251,152.0,2.533333333333333,1.3193989071038252,1.3326875310481867,2026-08-11T17:07:09.279000-07:00
771,2026-08-12T00:10:42Z,42183855777,44.0,0.7333333333333333,1.3401639344262295,1.337704918032787,2026-08-11T17:09:56.682000-07:00
772,2026-08-12T00:11:43Z,42239937679,33.0,0.55,1.3601092896174864,1.3402632886239443,2026-08-11T17:11:07.418000-07:00
773,2026-08-12T00:12:43Z,42295100205,90.0,1.5,1.333879781420765,1.341157476403378,2026-08-11T17:11:07.418000-07:00
774,2026-08-12T00:13:43Z,42350262731,146.0,2.433333333333333,1.3316939890710382,1.3418777943368108,2026-08-11T17:11:07.418000-07:00
775,2026-08-12T00:14:43Z,42405425258,49.0,0.8166666666666667,1.349726775956284,1.3469200198708395,2026-08-11T17:13:51.997000-07:00
776,2026-08-12T00:15:43Z,42460587784,38.0,0.6333333333333333,1.3669398907103825,1.3496025832091405,2026-08-11T17:15:04.787000-07:00
777,2026-08-12T00:16:43Z,42515750310,98.0,1.6333333333333333,1.3396174863387977,1.350422255340288,2026-08-11T17:15:04.787000-07:00
778,2026-08-12T00:17:43Z,42570912837,157.0,2.6166666666666667,1.3398907103825137,1.3512667660208644,2026-08-11T17:15:04.787000-07:00
779,2026-08-12T00:18:43Z,42626075363,39.0,0.65,1.3579234972677594,1.3563586686537505,2026-08-11T17:17:57.449000-07:00
780,2026-08-12T00:19:44Z,42682077656,37.0,0.6166666666666667,1.376775956284153,1.3589418777943367,2026-08-11T17:19:03.788000-07:00
781,2026-08-12T00:20:44Z,42737138554,96.0,1.6,1.3489071038251366,1.3599105812220567,2026-08-11T17:19:03.788000-07:00
782,2026-08-12T00:21:44Z,42792199452,159.0,2.65,1.3491803278688523,1.361177347242921,2026-08-11T17:19:03.788000-07:00
783,2026-08-12T00:22:44Z,42847260351,41.0,0.6833333333333333,1.369398907103825,1.3668653750620963,2026-08-11T17:21:58.087000-07:00
784,2026-08-12T00:23:44Z,42902321249,38.0,0.6333333333333333,1.3898907103825136,1.3700447093889716,2026-08-11T17:23:02.798000-07:00
785,2026-08-12T00:24:44Z,42957382147,94.0,1.5666666666666667,1.3601092896174864,1.371907600596125,2026-08-11T17:23:02.798000-07:00
786,2026-08-12T00:25:44Z,43012443045,160.0,2.6666666666666665,1.3603825136612022,1.3740437158469945,2026-08-11T17:23:02.798000-07:00
787,2026-08-12T00:26:44Z,43067503943,48.0,0.8,1.3808743169398907,1.3807004470938897,2026-08-11T17:25:55.717000-07:00
788,2026-08-12T00:27:44Z,43122564842,37.0,0.6166666666666667,1.4021857923497267,1.38474913065077,2026-08-11T17:27:02.197000-07:00
789,2026-08-12T00:28:45Z,43178543421,101.0,1.6833333333333333,1.374863387978142,1.3869846000993542,2026-08-11T17:27:02.197000-07:00
790,2026-08-12T00:29:45Z,43233377997,160.0,2.6666666666666665,1.3784153005464481,1.3891207153502236,2026-08-11T17:27:02.197000-07:00
791,2026-08-12T00:30:45Z,43288155992,48.0,0.8,1.400273224043716,1.3956035767511177,2026-08-11T17:29:54.955000-07:00
792,2026-08-12T00:31:45Z,43342933986,37.0,0.6166666666666667,1.4221311475409837,1.3995032290114258,2026-08-11T17:31:07.751000-07:00
793,2026-08-12T00:32:45Z,43397711981,95.0,1.5833333333333333,1.3937158469945354,1.4016641828117238,2026-08-11T17:31:07.751000-07:00
794,2026-08-12T00:33:45Z,43452489976,157.0,2.6166666666666667,1.3939890710382514,1.4036264282165922,2026-08-11T17:31:07.751000-07:00
795,2026-08-12T00:34:45Z,43507267971,47.0,0.7833333333333333,1.4133879781420766,1.409786388474913,2026-08-11T17:33:51.803000-07:00
796,2026-08-12T00:35:46Z,43562958932,36.0,0.6,1.4314207650273223,1.4130153999006458,2026-08-11T17:35:04.475000-07:00
797,2026-08-12T00:36:46Z,43617736927,95.0,1.5833333333333333,1.40327868852459,1.4143566815697963,2026-08-11T17:35:04.475000-07:00
798,2026-08-12T00:37:46Z,43672514922,161.0,2.683333333333333,1.4046448087431695,1.415598609041232,2026-08-11T17:35:04.475000-07:00
799,2026-08-12T00:38:46Z,43727292917,43.0,0.7166666666666667,1.4237704918032785,1.421410829607551,2026-08-11T17:38:00.053000-07:00
800,2026-08-12T00:39:46Z,43782092997,36.0,0.6,1.4426229508196722,1.4246646795827123,2026-08-11T17:39:05.804000-07:00
801,2026-08-12T00:40:46Z,43836898035,98.0,1.6333333333333333,1.4139344262295082,1.4259314456035768,2026-08-11T17:39:05.804000-07:00
802,2026-08-12T00:41:46Z,43891703074,155.0,2.5833333333333335,1.4150273224043715,1.4270988574267263,2026-08-11T17:39:05.804000-07:00
803,2026-08-12T00:42:46Z,43946508112,53.0,0.8833333333333333,1.435792349726776,1.432414307004471,2026-08-11T17:41:53.321000-07:00
804,2026-08-12T00:43:46Z,44001313150,36.0,0.6,1.4576502732240437,1.4349975161450572,2026-08-11T17:43:03.413000-07:00
805,2026-08-12T00:44:46Z,44056118188,98.0,1.6333333333333333,1.4297814207650275,1.435966219572777,2026-08-11T17:43:03.413000-07:00
806,2026-08-12T00:45:46Z,44110923227,155.0,2.5833333333333335,1.4273224043715846,1.4370094386487828,2026-08-11T17:43:03.413000-07:00
807,2026-08-12T00:46:47Z,44166641682,48.0,0.8,1.444262295081967,1.4424739195231,2026-08-11T17:45:51.921000-07:00
808,2026-08-12T00:47:47Z,44221446721,33.0,0.55,1.4617486338797816,1.4450322901142574,2026-08-11T17:47:04.349000-07:00
809,2026-08-12T00:48:47Z,44276251759,98.0,1.6333333333333333,1.4330601092896176,1.4452806756085446,2026-08-11T17:47:04.349000-07:00
810,2026-08-12T00:49:47Z,44329863497,162.0,2.7,1.4344262295081966,1.4445851962245404,2026-08-11T17:47:04.349000-07:00
811,2026-08-12T00:50:47Z,44383236575,47.0,0.7833333333333333,1.4540983606557378,1.447565822155986,2026-08-11T17:49:58.916000-07:00
812,2026-08-12T00:51:47Z,44436609653,37.0,0.6166666666666667,1.4740437158469946,1.45173869846001,2026-08-11T17:51:06.479000-07:00
813,2026-08-12T00:52:47Z,44489982731,99.0,1.65,1.4431693989071037,1.4537506209637359,2026-08-11T17:51:06.479000-07:00
814,2026-08-12T00:53:47Z,44543355809,161.0,2.683333333333333,1.4385245901639345,1.455290611028316,2026-08-11T17:51:06.479000-07:00
815,2026-08-12T00:54:47Z,44596728887,40.0,0.6666666666666666,1.45,1.4604570293094883,2026-08-11T17:53:58.688000-07:00
816,2026-08-12T00:55:48Z,44650991516,36.0,0.6,1.462568306010929,1.4665673124689518,2026-08-11T17:55:05.895000-07:00
817,2026-08-12T00:56:48Z,44704364594,101.0,1.6833333333333333,1.473224043715847,1.4702930948832589,2026-08-11T17:55:05.895000-07:00
818,2026-08-12T00:57:48Z,44757737672,162.0,2.7,1.4663934426229508,1.4734227521112766,2026-08-11T17:55:05.895000-07:00
819,2026-08-12T00:58:48Z,44811110750,47.0,0.7833333333333333,1.478688524590164,1.4806259314456036,2026-08-11T17:57:57.968000-07:00
820,2026-08-12T00:59:48Z,44866021839,48.0,0.8,1.4898907103825139,1.489418777943368,2026-08-11T17:58:57.808000-07:00
821,2026-08-12T01:00:49Z,44922124049,111.0,1.85,1.501639344262295,1.4965722801788375,2026-08-11T17:58:57.808000-07:00
822,2026-08-12T01:01:49Z,44977306550,171.0,2.85,1.4950819672131148,1.5036512667660207,2026-08-11T17:58:57.808000-07:00
823,2026-08-12T01:02:49Z,45032489052,48.0,0.8,1.5084699453551913,1.5108544461003477,2026-08-11T18:01:59.019000-07:00
824,2026-08-12T01:03:49Z,45087671554,47.0,0.7833333333333333,1.5224043715846995,1.5197218082463984,2026-08-11T18:03:01.236000-07:00
825,2026-08-12T01:04:49Z,45142854056,105.0,1.75,1.5352459016393443,1.5271236959761552,2026-08-11T18:03:01.236000-07:00
826,2026-08-12T01:05:49Z,45198036558,161.0,2.683333333333333,1.528688524590164,1.5347988077496275,2026-08-11T18:03:01.236000-07:00
827,2026-08-12T01:06:49Z,45253219059,50.0,0.8333333333333334,1.5404371584699454,1.5427719821162447,2026-08-11T18:05:53.843000-07:00
828,2026-08-12T01:07:49Z,45308401561,41.0,0.6833333333333333,1.5524590163934426,1.5527322404371586,2026-08-11T18:07:07.347000-07:00
829,2026-08-12T01:08:50Z,45364503771,102.0,1.7,1.5639344262295083,1.5608544461003477,2026-08-11T18:07:07.347000-07:00
830,2026-08-12T01:09:50Z,45419018800,158.0,2.6333333333333333,1.5601092896174864,1.5689518132141083,2026-08-11T18:07:07.347000-07:00
831,2026-08-12T01:10:50Z,45473445671,47.0,0.7833333333333333,1.5743169398907104,1.5769995032290114,2026-08-11T18:09:58.989000-07:00
832,2026-08-12T01:11:50Z,45527872542,48.0,0.8,1.589344262295082,1.5868604073522108,2026-08-11T18:10:58.845000-07:00
833,2026-08-12T01:12:50Z,45582299414,109.0,1.8166666666666667,1.6046448087431695,1.5949826130154,2026-08-11T18:10:58.845000-07:00
834,2026-08-12T01:13:51Z,45637633399,170.0,2.8333333333333335,1.5978142076502733,1.6031793343268754,2026-08-11T18:10:58.845000-07:00
835,2026-08-12T01:14:51Z,45692060271,44.0,0.7333333333333333,1.6114754098360655,1.6114008941877793,2026-08-11T18:13:58.504000-07:00
836,2026-08-12T01:15:51Z,45746487142,40.0,0.6666666666666666,1.6237704918032787,1.6210382513661203,2026-08-11T18:15:06.413000-07:00
837,2026-08-12T01:16:51Z,45800914013,100.0,1.6666666666666667,1.6371584699453554,1.6289120715350223,2026-08-11T18:15:06.413000-07:00
838,2026-08-12T01:17:51Z,45855340885,162.0,2.7,1.6297814207650274,1.636661698956781,2026-08-11T18:15:06.413000-07:00
839,2026-08-12T01:18:51Z,45909767756,52.0,0.8666666666666667,1.6426229508196721,1.6440884252359664,2026-08-11T18:17:55.221000-07:00
840,2026-08-12T01:19:51Z,45965075699,44.0,0.7333333333333333,1.6543715846994536,1.6531793343268752,2026-08-11T18:19:00.993000-07:00
841,2026-08-12T01:20:52Z,46021404970,109.0,1.8166666666666667,1.666120218579235,1.6605067064083456,2026-08-11T18:19:00.993000-07:00
842,2026-08-12T01:21:52Z,46076810811,169.0,2.816666666666667,1.6609289617486338,1.6679582712369596,2026-08-11T18:19:00.993000-07:00
843,2026-08-12T01:22:52Z,46132216651,46.0,0.7666666666666667,1.6745901639344263,1.6753353204172876,2026-08-11T18:21:58.716000-07:00
844,2026-08-12T01:23:52Z,46187622491,24.0,0.4,1.6863387978142075,1.684401390958768,2026-08-11T18:23:27.382000-07:00
845,2026-08-12T01:24:52Z,46243028331,80.0,1.3333333333333333,1.6978142076502731,1.6918032786885246,2026-08-11T18:23:27.382000-07:00
846,2026-08-12T01:25:52Z,46298434172,140.0,2.3333333333333335,1.6920765027322404,1.69903129657228,2026-08-11T18:23:27.382000-07:00
847,2026-08-12T01:26:52Z,46353840012,199.0,3.316666666666667,1.7057377049180327,1.7060854446100349,2026-08-11T18:23:27.382000-07:00
848,2026-08-12T01:27:52Z,46409245852,23.0,0.38333333333333336,1.7183060109289616,1.7144311972180823,2026-08-11T18:27:29.338000-07:00
849,2026-08-12T01:28:52Z,46464651693,82.0,1.3666666666666667,1.7295081967213115,1.7209140586189766,2026-08-11T18:27:29.338000-07:00
850,2026-08-12T01:29:53Z,46520168212,142.0,2.3666666666666667,1.7240437158469946,1.7273224043715845,2026-08-11T18:27:29.338000-07:00
851,2026-08-12T01:30:53Z,46574703247,203.0,3.3833333333333333,1.733879781420765,1.7336562344759066,2026-08-11T18:27:29.338000-07:00
852,2026-08-12T01:31:53Z,46629238282,24.0,0.4,1.7437158469945353,1.7416294088425237,2026-08-11T18:31:27.246000-07:00
853,2026-08-12T01:32:53Z,46683773317,86.0,1.4333333333333333,1.7527322404371586,1.747913561847988,2026-08-11T18:31:27.246000-07:00
854,2026-08-12T01:33:53Z,46738308352,146.0,2.433333333333333,1.7459016393442623,1.7542225534028815,2026-08-11T18:31:27.246000-07:00
855,2026-08-12T01:34:54Z,46793752304,204.0,3.4,1.7568306010928962,1.760730253353204,2026-08-11T18:31:27.246000-07:00
856,2026-08-12T01:35:54Z,46848287339,23.0,0.38333333333333336,1.7674863387978141,1.7689269746646794,2026-08-11T18:35:28.349000-07:00
857,2026-08-12T01:36:54Z,46902822374,79.0,1.3166666666666667,1.7797814207650273,1.7756830601092894,2026-08-11T18:35:28.349000-07:00
858,2026-08-12T01:37:54Z,46957357409,139.0,2.316666666666667,1.7748633879781421,1.782513661202186,2026-08-11T18:35:28.349000-07:00
859,2026-08-12T01:38:54Z,47011892444,203.0,3.3833333333333333,1.7877049180327869,1.7894684550422255,2026-08-11T18:35:28.349000-07:00
860,2026-08-12T01:39:54Z,47066229654,29.0,0.48333333333333334,1.8010928961748633,1.7979632389468456,2026-08-11T18:39:21.278000-07:00
861,2026-08-12T01:40:54Z,47120556452,88.0,1.4666666666666666,1.814207650273224,1.8052657724788872,2026-08-11T18:39:21.278000-07:00
862,2026-08-12T01:41:54Z,47174883249,153.0,2.55,1.8081967213114754,1.8128415300546445,2026-08-11T18:39:21.278000-07:00
863,2026-08-12T01:42:54Z,47229210047,211.0,3.5166666666666666,1.8188524590163935,1.820715350223547,2026-08-11T18:39:21.278000-07:00
864,2026-08-12T01:43:54Z,47283536845,28.0,0.4666666666666667,1.8292349726775956,1.830253353204173,2026-08-11T18:43:25.665000-07:00
865,2026-08-12T01:44:55Z,47338769089,86.0,1.4333333333333333,1.839344262295082,1.8379781420765027,2026-08-11T18:43:25.665000-07:00
866,2026-08-12T01:45:55Z,47393095887,143.0,2.3833333333333333,1.8371584699453551,1.8455787382016888,2026-08-11T18:43:25.665000-07:00
867,2026-08-12T01:46:55Z,47447422684,204.0,3.4,1.8508196721311476,1.8529061102831597,2026-08-11T18:43:25.665000-07:00
868,2026-08-12T01:47:55Z,47501749482,21.0,0.35,1.8663934426229507,1.8616741182314953,2026-08-11T18:47:28.162000-07:00
869,2026-08-12T01:48:55Z,47556076280,80.0,1.3333333333333333,1.8797814207650274,1.8692498758072527,2026-08-11T18:47:28.162000-07:00
870,2026-08-12T01:49:55Z,47611155366,141.0,2.35,1.8726775956284154,1.877471435668157,2026-08-11T18:47:28.162000-07:00
871,2026-08-12T01:50:55Z,47666260394,205.0,3.4166666666666665,1.8846994535519126,1.88648782911078,2026-08-11T18:47:28.162000-07:00
872,2026-08-12T01:51:55Z,47721365422,28.0,0.4666666666666667,1.8948087431693987,1.8975161450571287,2026-08-11T18:51:27.592000-07:00
873,2026-08-12T01:52:56Z,47777388867,87.0,1.45,1.9046448087431695,1.903030303030303,2026-08-11T18:51:27.592000-07:00
874,2026-08-12T01:53:56Z,47832493894,142.0,2.3666666666666667,1.9021857923497267,1.908668653750621,2026-08-11T18:51:27.592000-07:00
875,2026-08-12T01:54:56Z,47887598922,203.0,3.3833333333333333,1.9196721311475409,1.9147044212617983,2026-08-11T18:51:27.592000-07:00
876,2026-08-12T01:55:56Z,47942703950,19.0,0.31666666666666665,1.9385245901639345,1.9229011425732736,2026-08-11T18:55:29.476000-07:00
877,2026-08-12T01:56:56Z,47997808977,86.0,1.4333333333333333,1.9584699453551913,1.925558867362146,2026-08-11T18:55:29.476000-07:00
878,2026-08-12T01:57:56Z,48052914005,147.0,2.45,1.9114754098360656,1.9287878787878787,2026-08-11T18:55:29.476000-07:00
879,2026-08-12T01:58:56Z,48108019033,203.0,3.3833333333333333,1.928415300546448,1.932662692498758,2026-08-11T18:55:29.476000-07:00
880,2026-08-12T01:59:56Z,48162570149,27.0,0.45,1.946174863387978,1.9383755588673621,2026-08-11T18:59:29.133000-07:00
881,2026-08-12T02:00:56Z,48217111878,84.0,1.4,1.962841530054645,1.9382762046696471,2026-08-11T18:59:29.133000-07:00
882,2026-08-12T02:01:56Z,48271653606,147.0,2.45,1.9139344262295082,1.938127173373075,2026-08-11T18:59:29.133000-07:00
883,2026-08-12T02:02:57Z,48327104363,204.0,3.4,1.930327868852459,1.937853949329359,2026-08-11T18:59:29.133000-07:00
884,2026-08-12T02:03:57Z,48381646092,23.0,0.38333333333333336,1.9472677595628416,1.9437158469945357,2026-08-11T19:03:29.489000-07:00
885,2026-08-12T02:04:57Z,48436187820,87.0,1.45,1.9650273224043715,1.9437158469945357,2026-08-11T19:03:29.489000-07:00
886,2026-08-12T02:05:57Z,48490729548,144.0,2.4,1.9185792349726776,1.9434674615002485,2026-08-11T19:03:29.489000-07:00
887,2026-08-12T02:06:57Z,48545271276,206.0,3.433333333333333,1.9368852459016395,1.943318430203676,2026-08-11T19:03:29.489000-07:00
888,2026-08-12T02:07:57Z,48599813005,32.0,0.5333333333333333,1.955464480874317,1.9491058122205664,2026-08-11T19:07:25.190000-07:00
889,2026-08-12T02:08:57Z,48654354733,88.0,1.4666666666666666,1.9759562841530054,1.9488077496274216,2026-08-11T19:07:25.190000-07:00
890,2026-08-12T02:09:57Z,48708798536,151.0,2.5166666666666666,1.928415300546448,1.9483358171882763,2026-08-11T19:07:25.190000-07:00
891,2026-08-12T02:10:57Z,48763242339,206.0,3.433333333333333,1.9434426229508197,1.9478887232985593,2026-08-11T19:07:25.190000-07:00
892,2026-08-12T02:11:57Z,48817686142,25.0,0.4166666666666667,1.9612021857923496,1.9534028812717337,2026-08-11T19:11:30.246000-07:00
893,2026-08-12T02:12:58Z,48873037342,87.0,1.45,1.9775956284153005,1.9529806259314455,2026-08-11T19:11:30.246000-07:00
894,2026-08-12T02:13:58Z,48927481145,147.0,2.45,1.9270491803278689,1.9526328862394435,2026-08-11T19:11:30.246000-07:00
895,2026-08-12T02:14:58Z,48981924948,207.0,3.45,1.9420765027322404,1.9520367610531544,2026-08-11T19:11:30.246000-07:00
896,2026-08-12T02:15:58Z,49036368751,36.0,0.6,1.9601092896174863,1.9575260804769001,2026-08-11T19:15:20.513000-07:00
897,2026-08-12T02:16:58Z,49090812555,90.0,1.5,1.9792349726775957,1.957277694982613,2026-08-11T19:15:20.513000-07:00
898,2026-08-12T02:17:58Z,49145256358,157.0,2.6166666666666667,1.9322404371584698,1.957029309488326,2026-08-11T19:15:20.513000-07:00
899,2026-08-12T02:18:58Z,49199716376,211.0,3.5166666666666666,1.951639344262295,1.9567809239940388,2026-08-11T19:15:20.513000-07:00
900,2026-08-12T02:19:58Z,49255133074,26.0,0.43333333333333335,1.969398907103825,1.962891207153502,2026-08-11T19:19:30.395000-07:00
901,2026-08-12T02:20:58Z,49310549772,88.0,1.4666666666666666,1.9887978142076501,1.963611525086935,2026-08-11T19:19:30.395000-07:00
902,2026-08-12T02:21:59Z,49366890082,146.0,2.433333333333333,1.9407103825136611,1.9646050670640833,2026-08-11T19:19:30.395000-07:00
903,2026-08-12T02:22:59Z,49422306780,205.0,3.4166666666666665,1.9584699453551913,1.9656234475906607,2026-08-11T19:19:30.395000-07:00
904,2026-08-12T02:23:59Z,49477723478,37.0,0.6166666666666667,1.974863387978142,1.9725534028812717,2026-08-11T19:23:22.402000-07:00
905,2026-08-12T02:24:59Z,49533140176,88.0,1.4666666666666666,1.9942622950819673,1.9735469448584204,2026-08-11T19:23:22.402000-07:00
906,2026-08-12T02:25:59Z,49588556875,149.0,2.4833333333333334,1.95,1.9745653253849975,2026-08-11T19:23:22.402000-07:00
907,2026-08-12T02:27:00Z,49644897185,213.0,3.55,1.9710382513661202,1.975558867362146,2026-08-11T19:23:22.402000-07:00
908,2026-08-12T02:28:00Z,49700313883,27.0,0.45,1.9904371584699454,1.9776204669647293,2026-08-11T19:27:31.279000-07:00
909,2026-08-12T02:29:00Z,49755672740,85.0,1.4166666666666667,2.0084699453551913,1.9736959761549926,2026-08-11T19:27:31.279000-07:00
910,2026-08-12T02:30:00Z,49809932616,147.0,2.45,1.962568306010929,1.9700695479384003,2026-08-11T19:27:31.279000-07:00
911,2026-08-12T02:31:00Z,49864192492,203.0,3.3833333333333333,1.9806010928961748,1.9664182811723796,2026-08-11T19:27:31.279000-07:00
912,2026-08-12T02:32:00Z,49918452368,24.0,0.4,1.9997267759562842,1.96852955787382,2026-08-11T19:31:28.381000-07:00
913,2026-08-12T02:33:00Z,49972712244,84.0,1.4,1.9633879781420764,1.964307004470939,2026-08-11T19:31:28.381000-07:00
914,2026-08-12T02:34:00Z,50026972120,148.0,2.466666666666667,1.9153005464480874,1.9597863884749132,2026-08-11T19:31:28.381000-07:00
915,2026-08-12T02:35:00Z,50081231996,211.0,3.5166666666666666,1.9349726775956284,1.955116741182315,2026-08-11T19:31:28.381000-07:00
916,2026-08-12T02:36:00Z,50135491873,34.0,0.5666666666666667,1.9540983606557378,1.956234475906607,2026-08-11T19:35:26.444000-07:00
917,2026-08-12T02:37:01Z,50190656080,90.0,1.5,1.9732240437158468,1.9512419274714359,2026-08-11T19:35:26.444000-07:00
918,2026-08-12T02:38:01Z,50244915956,147.0,2.45,1.9245901639344263,1.9461997019374069,2026-08-11T19:35:26.444000-07:00
919,2026-08-12T02:39:01Z,50299184276,214.0,3.566666666666667,1.9407103825136611,1.9461500248385493,2026-08-11T19:35:26.444000-07:00
920,2026-08-12T02:40:01Z,50353570805,29.0,0.48333333333333334,1.9571038251366122,1.9471684053651266,2026-08-11T19:39:27.431000-07:00
921,2026-08-12T02:41:01Z,50407957334,84.0,1.4,1.974863387978142,1.9421261798310978,2026-08-11T19:39:27.431000-07:00
922,2026-08-12T02:42:01Z,50462343863,153.0,2.55,1.9256830601092896,1.9368107302533533,2026-08-11T19:39:27.431000-07:00
923,2026-08-12T02:43:01Z,50516730392,213.0,3.55,1.944262295081967,1.9312965722801787,2026-08-11T19:39:27.431000-07:00
924,2026-08-12T02:44:01Z,50571116921,26.0,0.43333333333333335,1.962841530054645,1.926602086438152,2026-08-11T19:43:27.017000-07:00
925,2026-08-12T02:45:02Z,50626409892,83.0,1.3833333333333333,1.926502732240437,1.9161947342275212,2026-08-11T19:43:27.017000-07:00
926,2026-08-12T02:46:02Z,50680796421,152.0,2.533333333333333,1.8795081967213116,1.9060606060606062,2026-08-11T19:43:27.017000-07:00
927,2026-08-12T02:47:03Z,50736089392,213.0,3.55,1.8956284153005465,1.896000993541977,2026-08-11T19:43:27.017000-07:00
928,2026-08-12T02:48:03Z,50790475921,32.0,0.5333333333333333,1.912568306010929,1.8870839542970692,2026-08-11T19:47:30.493000-07:00
929,2026-08-12T02:49:03Z,50844918024,92.0,1.5333333333333334,1.8729508196721312,1.8722553402881272,2026-08-11T19:47:30.493000-07:00
930,2026-08-12T02:50:03Z,50899860294,145.0,2.4166666666666665,1.8262295081967215,1.8571286636860407,2026-08-11T19:47:30.493000-07:00
931,2026-08-12T02:51:03Z,50954802564,212.0,3.533333333333333,1.8456284153005464,1.8469945355191257,2026-08-11T19:47:30.493000-07:00
932,2026-08-12T02:52:03Z,51009744834,29.0,0.48333333333333334,1.864207650273224,1.8378539493293593,2026-08-11T19:51:29.672000-07:00
933,2026-08-12T02:53:03Z,51064687104,93.0,1.55,1.8275956284153005,1.82297565822156,2026-08-11T19:51:29.672000-07:00
934,2026-08-12T02:54:03Z,51119629373,147.0,2.45,1.7811475409836066,1.8083705911574766,2026-08-11T19:51:29.672000-07:00
935,2026-08-12T02:55:03Z,51174571643,213.0,3.55,1.796448087431694,1.7991803278688523,2026-08-11T19:51:29.672000-07:00
936,2026-08-12T02:56:03Z,51229513913,41.0,0.6833333333333333,1.8150273224043716,1.7909587680079484,2026-08-11T19:55:22.422000-07:00
937,2026-08-12T02:57:03Z,51284456183,96.0,1.6,1.7789617486338798,1.7768256333830104,2026-08-11T19:55:22.422000-07:00
938,2026-08-12T02:58:03Z,51339398453,157.0,2.6166666666666667,1.731967213114754,1.7626428216592152,2026-08-11T19:55:22.422000-07:00
939,2026-08-12T02:59:04Z,51395056282,213.0,3.55,1.751912568306011,1.7536512667660207,2026-08-11T19:55:22.422000-07:00
940,2026-08-12T03:00:04Z,51448283017,35.0,0.5833333333333334,1.7718579234972678,1.7455290611028316,2026-08-11T19:59:28.523000-07:00
941,2026-08-12T03:01:04Z,51501509752,93.0,1.55,1.735792349726776,1.7316691505216097,2026-08-11T19:59:28.523000-07:00
942,2026-08-12T03:02:04Z,51554736488,154.0,2.566666666666667,1.6901639344262294,1.7176353700943865,2026-08-11T19:59:28.523000-07:00
943,2026-08-12T03:03:05Z,51608850335,14.0,0.23333333333333334,1.7081967213114755,1.70849478390462,2026-08-11T20:02:50.694000-07:00
944,2026-08-12T03:04:05Z,51662077071,28.0,0.4666666666666667,1.728688524590164,1.7004222553402881,2026-08-11T20:03:27.869000-07:00
945,2026-08-12T03:05:05Z,51715303806,95.0,1.5833333333333333,1.6918032786885246,1.6859910581222055,2026-08-11T20:03:27.869000-07:00
946,2026-08-12T03:06:05Z,51768530541,157.0,2.6166666666666667,1.6439890710382514,1.6713859910581221,2026-08-11T20:03:27.869000-07:00
947,2026-08-12T03:07:05Z,51821757276,214.0,3.566666666666667,1.660655737704918,1.6617237953303527,2026-08-11T20:03:27.869000-07:00
948,2026-08-12T03:08:06Z,51875871124,28.0,0.4666666666666667,1.6784153005464482,1.6527322404371587,2026-08-11T20:07:28.847000-07:00
949,2026-08-12T03:09:06Z,51929451501,91.0,1.5166666666666666,1.643169398907104,1.6377794336810731,2026-08-11T20:07:28.847000-07:00
950,2026-08-12T03:10:06Z,51985035847,148.0,2.466666666666667,1.5931693989071039,1.622702434177844,2026-08-11T20:07:28.847000-07:00
951,2026-08-12T03:11:06Z,52040620193,216.0,3.6,1.6112021857923498,1.6128912071535024,2026-08-11T20:07:28.847000-07:00
952,2026-08-12T03:12:06Z,52096204539,26.0,0.43333333333333335,1.6295081967213116,1.6040238450074518,2026-08-11T20:11:31.730000-07:00
953,2026-08-12T03:13:07Z,52152715290,93.0,1.55,1.5912568306010928,1.5890958768007948,2026-08-11T20:11:31.730000-07:00
954,2026-08-12T03:14:07Z,52208299636,155.0,2.5833333333333335,1.5437158469945356,1.5740685543964232,2026-08-11T20:11:31.730000-07:00
955,2026-08-12T03:15:07Z,52263883982,14.0,0.23333333333333334,1.5628415300546448,1.563686040735221,2026-08-11T20:14:51.557000-07:00
956,2026-08-12T03:16:07Z,52319468328,35.0,0.5833333333333334,1.583879781420765,1.5549180327868852,2026-08-11T20:15:31.428000-07:00
957,2026-08-12T03:17:07Z,52375052674,95.0,1.5833333333333333,1.546448087431694,1.5403378042722304,2026-08-11T20:15:31.428000-07:00
958,2026-08-12T03:18:07Z,52430637020,152.0,2.533333333333333,1.4964480874316939,1.5259314456035766,2026-08-11T20:15:31.428000-07:00
959,2026-08-12T03:19:07Z,52485905680,12.0,0.2,1.5131147540983607,1.51679085941381,2026-08-11T20:18:49.951000-07:00
960,2026-08-12T03:20:07Z,52539595912,40.0,0.6666666666666666,1.5289617486338798,1.5087680079483357,2026-08-11T20:19:27.284000-07:00
961,2026-08-12T03:21:08Z,52594180981,97.0,1.6166666666666667,1.4967213114754099,1.4947590660705414,2026-08-11T20:19:27.284000-07:00
962,2026-08-12T03:22:08Z,52647871213,156.0,2.6,1.4508196721311475,1.4791604570293095,2026-08-11T20:19:27.284000-07:00
963,2026-08-12T03:23:08Z,52701561445,12.0,0.2,1.4710382513661202,1.4673869846000995,2026-08-11T20:22:51.424000-07:00
964,2026-08-12T03:24:08Z,52755251677,35.0,0.5833333333333334,1.4907103825136612,1.4566318926974666,2026-08-11T20:23:27.680000-07:00
965,2026-08-12T03:25:08Z,52808941909,93.0,1.55,1.455464480874317,1.4399652260307998,2026-08-11T20:23:27.680000-07:00
966,2026-08-12T03:26:08Z,52862632140,156.0,2.6,1.4087431693989072,1.4226279185295578,2026-08-11T20:23:27.680000-07:00
967,2026-08-12T03:27:08Z,52916322372,17.0,0.2833333333333333,1.4122950819672133,1.406333830104322,2026-08-11T20:26:50.810000-07:00
968,2026-08-12T03:28:08Z,52970012604,41.0,0.6833333333333333,1.4169398907103825,1.390884252359662,2026-08-11T20:27:26.586000-07:00
969,2026-08-12T03:29:08Z,53023754904,100.0,1.6666666666666667,1.3781420765027321,1.374093392945852,2026-08-11T20:27:26.586000-07:00
970,2026-08-12T03:30:08Z,53077729145,158.0,2.6333333333333333,1.3297814207650274,1.3573770491803279,2026-08-11T20:27:26.586000-07:00
971,2026-08-12T03:31:09Z,53132602956,15.0,0.25,1.3382513661202187,1.3418281172379534,2026-08-11T20:30:47.356000-07:00
972,2026-08-12T03:32:09Z,53186577196,36.0,0.6,1.3174863387978144,1.3272478887232986,2026-08-11T20:31:29.117000-07:00
973,2026-08-12T03:33:09Z,53240551436,90.0,1.5,1.2808743169398908,1.308072528564332,2026-08-11T20:31:29.117000-07:00
974,2026-08-12T03:34:09Z,53294525677,159.0,2.65,1.2863387978142078,1.2903378042722304,2026-08-11T20:31:29.117000-07:00
975,2026-08-12T03:35:09Z,53348499917,13.0,0.21666666666666667,1.3068306010928963,1.274441132637854,2026-08-11T20:34:49.838000-07:00
976,2026-08-12T03:36:09Z,53402474157,36.0,0.6,1.2844262295081967,1.2596373571783408,2026-08-11T20:35:31.361000-07:00
977,2026-08-12T03:37:09Z,53456448397,95.0,1.5833333333333333,1.248360655737705,1.2397665176353703,2026-08-11T20:35:31.361000-07:00
978,2026-08-12T03:38:09Z,53510422638,155.0,2.5833333333333335,1.2013661202185792,1.2236214605067064,2026-08-11T20:35:31.361000-07:00
979,2026-08-12T03:39:09Z,53564464776,18.0,0.3,1.2218579234972677,1.2089915548931942,2026-08-11T20:38:48.300000-07:00
980,2026-08-12T03:40:09Z,53618778504,31.0,0.5166666666666667,1.2032786885245903,1.1904868355688027,2026-08-11T20:39:31.252000-07:00
981,2026-08-12T03:41:09Z,53673092233,95.0,1.5833333333333333,1.1669398907103825,1.1708643815201192,2026-08-11T20:39:31.252000-07:00
982,2026-08-12T03:42:10Z,53728311190,151.0,2.5166666666666666,1.1196721311475408,1.154868355688028,2026-08-11T20:39:31.252000-07:00
983,2026-08-12T03:43:10Z,53782624919,13.0,0.21666666666666667,1.1398907103825136,1.1402384500745155,2026-08-11T20:42:50.916000-07:00
984,2026-08-12T03:44:10Z,53836938648,39.0,0.65,1.1199453551912568,1.126676602086438,2026-08-11T20:43:29.843000-07:00
985,2026-08-12T03:45:10Z,53891252376,96.0,1.6,1.0827868852459015,1.1120963735717835,2026-08-11T20:43:29.843000-07:00
986,2026-08-12T03:46:10Z,53945566105,160.0,2.6666666666666665,1.090983606557377,1.1006458022851466,2026-08-11T20:43:29.843000-07:00
987,2026-08-12T03:47:10Z,53999879833,15.0,0.25,1.1084699453551912,1.0906855439642325,2026-08-11T20:46:50.165000-07:00
988,2026-08-12T03:48:10Z,54054193562,30.0,0.5,1.087431693989071,1.0817685047193244,2026-08-11T20:47:31.939000-07:00
989,2026-08-12T03:49:10Z,54108487397,93.0,1.55,1.0521857923497269,1.0717585692995528,2026-08-11T20:47:31.939000-07:00
990,2026-08-12T03:50:10Z,54162709312,150.0,2.5,1.0614754098360655,1.0651763537009438,2026-08-11T20:47:31.939000-07:00
991,2026-08-12T03:51:10Z,54216931226,27.0,0.45,1.0773224043715848,1.0600596125186288,2026-08-11T20:50:42.254000-07:00
992,2026-08-12T03:52:11Z,54272056840,44.0,0.7333333333333333,1.0573770491803278,1.0509687034277198,2026-08-11T20:51:25.278000-07:00
993,2026-08-12T03:53:11Z,54326278754,103.0,1.7166666666666666,1.0215846994535518,1.0410829607550918,2026-08-11T20:51:25.278000-07:00
994,2026-08-12T03:54:11Z,54380500669,165.0,2.75,1.0297814207650273,1.0347739692001987,2026-08-11T20:51:25.278000-07:00
995,2026-08-12T03:55:11Z,54434722583,18.0,0.3,1.0475409836065575,1.0295330352707401,2026-08-11T20:54:51.202000-07:00
996,2026-08-12T03:56:11Z,54488944498,42.0,0.7,1.0265027322404372,1.0216095380029806,2026-08-11T20:55:27.369000-07:00
997,2026-08-12T03:57:11Z,54543166412,54.0,0.9,0.990983606557377,1.0128663686040735,2026-08-11T20:56:12.231000-07:00
998,2026-08-12T03:58:11Z,54597388327,113.0,1.8833333333333333,0.9997267759562841,1.0076999503229012,2026-08-11T20:56:12.231000-07:00
999,2026-08-12T03:59:11Z,54651692156,15.0,0.25,1.018032786885246,1.0042970690511674,2026-08-11T20:58:47.863000-07:00
1000,2026-08-12T04:00:12Z,54707174684,36.0,0.6,0.994535519125683,0.9983606557377048,2026-08-11T20:59:29.096000-07:00
1001,2026-08-12T04:01:12Z,54761747662,66.0,1.1,0.9743169398907103,0.9917039244908097,2026-08-11T21:00:05.359000-07:00
1002,2026-08-12T04:02:12Z,54816320640,17.0,0.2833333333333333,0.9811475409836066,0.9888723298559363,2026-08-11T21:01:54.531000-07:00
1003,2026-08-12T04:03:12Z,54870893618,20.0,0.3333333333333333,1.0005464480874318,0.9875062096373571,2026-08-11T21:02:51.491000-07:00
1004,2026-08-12T04:04:12Z,54925466597,34.0,0.5666666666666667,0.9841530054644808,0.983532041728763,2026-08-11T21:03:29.096000-07:00
1005,2026-08-12T04:05:12Z,54980039575,103.0,1.7166666666666666,0.96448087431694,0.9784401390958769,2026-08-11T21:03:29.096000-07:00
1006,2026-08-12T04:06:12Z,55034612553,13.0,0.21666666666666667,0.9743169398907103,0.9771733730750124,2026-08-11T21:05:53.870000-07:00
1007,2026-08-12T04:07:12Z,55089185531,25.0,0.4166666666666667,0.9953551912568306,0.9760556383507203,2026-08-11T21:06:47.559000-07:00
1008,2026-08-12T04:08:12Z,55143758509,42.0,0.7,0.9759562841530054,0.9726030799801291,2026-08-11T21:07:28.861000-07:00
1009,2026-08-12T04:09:13Z,55199201621,103.0,1.7166666666666666,0.9560109289617486,0.9682066567312468,2026-08-11T21:07:28.861000-07:00
1010,2026-08-12T04:10:13Z,55253626790,23.0,0.38333333333333336,0.9620218579234973,0.9672131147540983,2026-08-11T21:09:49.658000-07:00
1011,2026-08-12T04:11:13Z,55308051959,15.0,0.25,0.9806010928961748,0.9662444113263785,2026-08-11T21:10:49.983000-07:00
1012,2026-08-12T04:12:13Z,55362477128,43.0,0.7166666666666667,0.9620218579234973,0.9624441132637854,2026-08-11T21:11:29.219000-07:00
1013,2026-08-12T04:13:14Z,55417809384,100.0,1.6666666666666667,0.9431693989071038,0.9575757575757575,2026-08-11T21:11:29.219000-07:00
1014,2026-08-12T04:14:14Z,55472234553,20.0,0.3333333333333333,0.9521857923497268,0.9564828614008942,2026-08-11T21:13:50.926000-07:00
1015,2026-08-12T04:15:14Z,55526659722,19.0,0.31666666666666665,0.973224043715847,0.9557128663686041,2026-08-11T21:14:51.643000-07:00
1016,2026-08-12T04:16:14Z,55581084891,44.0,0.7333333333333333,0.9538251366120218,0.9528812717337307,2026-08-11T21:15:29.457000-07:00
1017,2026-08-12T04:17:15Z,55636417146,99.0,1.65,0.9325136612021858,0.9490809736711376,2026-08-11T21:15:29.457000-07:00
1018,2026-08-12T04:18:15Z,55690842315,18.0,0.3,0.9418032786885246,0.9486835568802782,2026-08-11T21:17:51.936000-07:00
1019,2026-08-12T04:19:15Z,55745277805,23.0,0.38333333333333336,0.9639344262295082,0.948087431693989,2026-08-11T21:18:42.499000-07:00
1020,2026-08-12T04:20:15Z,55799737379,46.0,0.7666666666666667,0.9475409836065574,0.9447590660705415,2026-08-11T21:19:27.336000-07:00
1021,2026-08-12T04:21:15Z,55854196953,98.0,1.6333333333333333,0.9308743169398906,0.9405861897665176,2026-08-11T21:19:27.336000-07:00
1022,2026-08-12T04:22:15Z,55908656527,24.0,0.4,0.9387978142076503,0.9401390958768008,2026-08-11T21:21:49.199000-07:00
1023,2026-08-12T04:23:16Z,55964023760,25.0,0.4166666666666667,0.9576502732240437,0.9409587680079483,2026-08-11T21:22:50.628000-07:00
1024,2026-08-12T04:24:16Z,56018483334,42.0,0.7,0.9366120218579235,0.9402881271733731,2026-08-11T21:23:31.737000-07:00
1025,2026-08-12T04:25:16Z,56072942908,100.0,1.6666666666666667,0.9155737704918033,0.9388474913065078,2026-08-11T21:23:31.737000-07:00
1026,2026-08-12T04:26:16Z,56127402482,16.0,0.26666666666666666,0.9273224043715848,0.9411326378539493,2026-08-11T21:25:54.792000-07:00
1027,2026-08-12T04:27:16Z,56181862056,26.0,0.43333333333333335,0.9489071038251367,0.9444113263785394,2026-08-11T21:26:42.667000-07:00
1028,2026-08-12T04:28:16Z,56236321630,49.0,0.8166666666666667,0.9415300546448087,0.9491058122205662,2026-08-11T21:27:27.683000-07:00
1029,2026-08-12T04:29:17Z,56291430532,108.0,1.8,0.9344262295081968,0.9530303030303031,2026-08-11T21:27:27.683000-07:00
1030,2026-08-12T04:30:17Z,56345115110,14.0,0.23333333333333334,0.9480874316939891,0.9608296075509191,2026-08-11T21:29:53.027000-07:00
1031,2026-08-12T04:31:17Z,56398799689,84.0,1.4,0.9726775956284154,0.9690263288623945,2026-08-11T21:29:53.027000-07:00
1032,2026-08-12T04:32:17Z,56452484268,40.0,0.6666666666666666,0.9669398907103826,0.9783407848981619,2026-08-11T21:31:30.707000-07:00
1033,2026-08-12T04:33:17Z,56506168847,107.0,1.7833333333333334,0.9904371584699453,0.9868107302533532,2026-08-11T21:31:30.707000-07:00
1034,2026-08-12T04:34:18Z,56560748169,30.0,0.5,1.0008196721311475,0.9980377545951317,2026-08-11T21:33:44.628000-07:00
1035,2026-08-12T04:35:18Z,56614432747,87.0,1.45,1.0224043715846995,1.008594138102335,2026-08-11T21:33:44.628000-07:00
1036,2026-08-12T04:36:18Z,56668117326,49.0,0.8166666666666667,1.0057377049180327,1.0199950322901143,2026-08-11T21:35:24.684000-07:00
1037,2026-08-12T04:37:18Z,56721801905,113.0,1.8833333333333333,1.0297814207650273,1.0304769001490313,2026-08-11T21:35:24.684000-07:00
1038,2026-08-12T04:38:18Z,56775486484,24.0,0.4,1.0420765027322403,1.0434923000496772,2026-08-11T21:37:51.976000-07:00
1039,2026-08-12T04:39:18Z,56829700757,82.0,1.3666666666666667,1.0650273224043716,1.0529557873820168,2026-08-11T21:37:51.976000-07:00
1040,2026-08-12T04:40:19Z,56885818716,40.0,0.6666666666666666,1.0505464480874316,1.0635866865375063,2026-08-11T21:39:38.063000-07:00
1041,2026-08-12T04:41:19Z,56941016709,99.0,1.65,1.073497267759563,1.073571783407849,2026-08-11T21:39:38.063000-07:00
1042,2026-08-12T04:42:19Z,56996214701,27.0,0.45,1.0879781420765027,1.0870839542970692,2026-08-11T21:41:46.322000-07:00
1043,2026-08-12T04:43:19Z,57051412694,82.0,1.3666666666666667,1.1101092896174864,1.097317436661699,2026-08-11T21:41:46.322000-07:00
1044,2026-08-12T04:44:19Z,57106610686,46.0,0.7666666666666667,1.0945355191256831,1.10598609041232,2026-08-11T21:43:22.837000-07:00
1045,2026-08-12T04:45:20Z,57162728645,116.0,1.9333333333333333,1.1177595628415302,1.1136363636363635,2026-08-11T21:43:22.837000-07:00
1046,2026-08-12T04:46:20Z,57217926638,25.0,0.4166666666666667,1.1322404371584698,1.1245901639344262,2026-08-11T21:45:54.428000-07:00
1047,2026-08-12T04:47:20Z,57273124630,82.0,1.3666666666666667,1.1543715846994536,1.1321659215101838,2026-08-11T21:45:54.428000-07:00
1048,2026-08-12T04:48:21Z,57329242590,49.0,0.8166666666666667,1.1423497267759564,1.1381768504719325,2026-08-11T21:47:27.478000-07:00
1049,2026-08-12T04:49:21Z,57384406650,111.0,1.85,1.1374316939890712,1.143417784401391,2026-08-11T21:47:27.478000-07:00
1050,2026-08-12T04:50:21Z,57439519813,33.0,0.55,1.1491803278688524,1.152359662195728,2026-08-11T21:49:48.175000-07:00
1051,2026-08-12T04:51:22Z,57495551529,89.0,1.4833333333333334,1.1710382513661204,1.1577496274217587,2026-08-11T21:49:48.175000-07:00
1052,2026-08-12T04:52:22Z,57550664692,56.0,0.9333333333333333,1.1568306010928961,1.1614257327372082,2026-08-11T21:51:25.648000-07:00
1053,2026-08-12T04:53:22Z,57605777855,113.0,1.8833333333333333,1.1540983606557378,1.1641579731743668,2026-08-11T21:51:25.648000-07:00
1054,2026-08-12T04:54:22Z,57660891018,26.0,0.43333333333333335,1.16775956284153,1.169920516641828,2026-08-11T21:53:52.449000-07:00
1055,2026-08-12T04:55:22Z,57716004182,88.0,1.4666666666666666,1.192896174863388,1.1744659711872827,2026-08-11T21:53:52.449000-07:00
1056,2026-08-12T04:56:22Z,57771117345,61.0,1.0166666666666666,1.1770491803278689,1.1776949826130154,2026-08-11T21:55:21.381000-07:00
1057,2026-08-12T04:57:23Z,57827149060,121.0,2.0166666666666666,1.1726775956284152,1.1785643318430203,2026-08-11T21:55:21.381000-07:00
1058,2026-08-12T04:58:24Z,57883180776,27.0,0.45,1.1844262295081966,1.1829607550919026,2026-08-11T21:57:53.486000-07:00
1059,2026-08-12T04:59:24Z,57937498941,87.0,1.45,1.2057377049180327,1.186140089418778,2026-08-11T21:57:53.486000-07:00
1060,2026-08-12T05:00:24Z,57990845440,65.0,1.0833333333333333,1.187431693989071,1.1874068554396422,2026-08-11T21:59:29.025000-07:00
1061,2026-08-12T05:01:36Z,58054861238,126.0,2.1,1.1846994535519126,1.1859165424739195,2026-08-11T21:59:29.025000-07:00
1062,2026-08-12T05:02:36Z,58108207737,45.0,0.75,1.1806010928961748,1.1875807252856434,2026-08-11T22:01:51.164000-07:00
1063,2026-08-12T05:03:36Z,58161554236,103.0,1.7166666666666666,1.2051912568306011,1.1881520119225037,2026-08-11T22:01:51.164000-07:00
1064,2026-08-12T05:04:37Z,58215789844,58.0,0.9666666666666667,1.189071038251366,1.1898161947342276,2026-08-11T22:03:32.673000-07:00
1065,2026-08-12T05:05:37Z,58269136343,113.0,1.8833333333333333,1.181693989071038,1.189244908097367,2026-08-11T22:03:32.673000-07:00
1066,2026-08-12T05:06:37Z,58322482842,42.0,0.7,1.176502732240437,1.1925981122702434,2026-08-11T22:05:54.259000-07:00
1067,2026-08-12T05:07:37Z,58375829341,101.0,1.6833333333333333,1.1953551912568308,1.194808743169399,2026-08-11T22:05:54.259000-07:00
1068,2026-08-12T05:08:37Z,58429175840,70.0,1.1666666666666667,1.17896174863388,1.196969696969697,2026-08-11T22:07:22.985000-07:00
1069,2026-08-12T05:09:38Z,58484512692,126.0,2.1,1.2027322404371583,1.1965722801788377,2026-08-11T22:07:22.985000-07:00
1070,2026-08-12T05:10:38Z,58539470768,50.0,0.8333333333333334,1.1994535519125684,1.1996274217585692,2026-08-11T22:09:42.709000-07:00
1071,2026-08-12T05:11:38Z,58594428845,107.0,1.7833333333333334,1.2243169398907106,1.2018380526577248,2026-08-11T22:09:42.709000-07:00
1072,2026-08-12T05:12:38Z,58649386922,68.0,1.1333333333333333,1.209016393442623,1.2042225534028814,2026-08-11T22:11:30.426000-07:00
1073,2026-08-12T05:13:38Z,58704344999,124.0,2.066666666666667,1.2043715846994536,1.2046696472925982,2026-08-11T22:11:30.426000-07:00
1074,2026-08-12T05:14:38Z,58759303075,43.0,0.7166666666666667,1.2008196721311475,1.2086189766517637,2026-08-11T22:13:52.447000-07:00
1075,2026-08-12T05:15:39Z,58815177120,105.0,1.75,1.2226775956284153,1.2087183308494784,2026-08-11T22:13:52.447000-07:00
1076,2026-08-12T05:16:39Z,58870135197,72.0,1.2,1.2060109289617487,1.2085444610034772,2026-08-11T22:15:24.414000-07:00
1077,2026-08-12T05:17:39Z,58925093273,125.0,2.0833333333333335,1.2027322404371583,1.2055886736214605,2026-08-11T22:15:24.414000-07:00
1078,2026-08-12T05:18:39Z,58980051350,55.0,0.9166666666666666,1.200273224043716,1.2057625434674615,2026-08-11T22:17:43.632000-07:00
1079,2026-08-12T05:19:39Z,59034818561,0.0,0.0,1.2224043715846995,1.2047938400397415,2026-08-11T22:19:31.269000-07:00
1080,2026-08-12T05:20:39Z,59089503971,66.0,1.1,1.2038251366120218,1.2038748137108792,2026-08-11T22:19:31.269000-07:00
1081,2026-08-12T05:21:39Z,59144189382,126.0,2.1,1.1975409836065574,1.2006458022851465,2026-08-11T22:19:31.269000-07:00
1082,2026-08-12T05:22:39Z,59198874793,46.0,0.7666666666666667,1.1918032786885246,1.20076999503229,2026-08-11T22:21:53.251000-07:00
1083,2026-08-12T05:23:40Z,59254471627,14.0,0.23333333333333334,1.2109289617486338,1.1993790362642822,2026-08-11T22:23:24.356000-07:00
1084,2026-08-12T05:24:40Z,59309157038,75.0,1.25,1.1937158469945355,1.1979135618479881,2026-08-11T22:23:24.356000-07:00
1085,2026-08-12T05:25:40Z,59363842449,134.0,2.2333333333333334,1.1907103825136613,1.1940884252359663,2026-08-11T22:23:24.356000-07:00
1086,2026-08-12T05:26:40Z,59418527860,42.0,0.7,1.1871584699453552,1.1937406855439643,2026-08-11T22:25:52.112000-07:00
1087,2026-08-12T05:27:40Z,59473213270,0.0,0.0,1.207377049180328,1.1912071535022355,2026-08-11T22:27:29.402000-07:00
1088,2026-08-12T05:28:40Z,59527898681,69.0,1.15,1.187431693989071,1.188549428713363,2026-08-11T22:27:29.402000-07:00
1089,2026-08-12T05:29:40Z,59582960214,127.0,2.1166666666666667,1.1841530054644809,1.1835320417287631,2026-08-11T22:27:29.402000-07:00
1090,2026-08-12T05:30:40Z,59638170447,41.0,0.6833333333333333,1.180327868852459,1.1819175360158967,2026-08-11T22:29:50.396000-07:00
1091,2026-08-12T05:31:40Z,59693380680,4.0,0.06666666666666667,1.2,1.1781172379533036,2026-08-11T22:31:29.439000-07:00
1092,2026-08-12T05:32:40Z,59748590912,69.0,1.15,1.1696721311475409,1.1740685543964233,2026-08-11T22:31:29.439000-07:00
1093,2026-08-12T05:33:40Z,59803801145,130.0,2.1666666666666665,1.162568306010929,1.167585692995529,2026-08-11T22:31:29.439000-07:00
1094,2026-08-12T05:34:41Z,59859931548,48.0,0.8,1.1557377049180328,1.1645057128663685,2026-08-11T22:33:52.433000-07:00
1095,2026-08-12T05:35:41Z,59915141781,3.0,0.05,1.1759562841530056,1.1590909090909092,2026-08-11T22:35:31.968000-07:00
1096,2026-08-12T05:36:41Z,59970352013,68.0,1.1333333333333333,1.1489071038251366,1.1531296572280179,2026-08-11T22:35:31.968000-07:00
1097,2026-08-12T05:37:41Z,60025562246,118.0,1.9666666666666666,1.1426229508196721,1.1445603576751118,2026-08-11T22:35:31.968000-07:00
1098,2026-08-12T05:38:41Z,60080772478,53.0,0.8833333333333333,1.1360655737704917,1.1405116741182315,2026-08-11T22:37:47.897000-07:00
1099,2026-08-12T05:39:41Z,60135422459,111.0,1.85,1.1535519125683058,1.1343765524093392,2026-08-11T22:37:47.897000-07:00
1100,2026-08-12T05:40:41Z,60189868712,70.0,1.1666666666666667,1.1245901639344262,1.1281420765027321,2026-08-11T22:39:29.759000-07:00
1101,2026-08-12T05:41:41Z,60244314965,131.0,2.183333333333333,1.1147540983606556,1.1193243914555389,2026-08-11T22:39:29.759000-07:00
1102,2026-08-12T05:42:41Z,60298761218,43.0,0.7166666666666667,1.1057377049180328,1.114456035767511,2026-08-11T22:41:47.261000-07:00
1103,2026-08-12T05:43:41Z,60353207471,10.0,0.16666666666666666,1.125136612021858,1.1074764033780427,2026-08-11T22:43:29.782000-07:00
1104,2026-08-12T05:44:42Z,60408561162,69.0,1.15,1.0950819672131147,1.1000993541977147,2026-08-11T22:43:29.782000-07:00
1105,2026-08-12T05:45:42Z,60463007415,126.0,2.1,1.0871584699453551,1.0928961748633879,2026-08-11T22:43:29.782000-07:00
1106,2026-08-12T05:46:42Z,60517453668,55.0,0.9166666666666666,1.0789617486338796,1.0898161947342275,2026-08-11T22:45:45.614000-07:00
1107,2026-08-12T05:47:42Z,60571899921,13.0,0.21666666666666667,1.0953551912568305,1.0848981619473423,2026-08-11T22:47:28.480000-07:00
1108,2026-08-12T05:48:42Z,60626346174,73.0,1.2166666666666666,1.0658469945355191,1.0801539990064581,2026-08-11T22:47:28.480000-07:00
1109,2026-08-12T05:49:42Z,60681013008,130.0,2.1666666666666665,1.0549180327868852,1.0751862891207153,2026-08-11T22:47:28.480000-07:00
1110,2026-08-12T05:50:42Z,60735753370,43.0,0.7166666666666667,1.0743169398907104,1.0744162940884252,2026-08-11T22:49:54.799000-07:00
1111,2026-08-12T05:51:42Z,60790493732,10.0,0.16666666666666666,1.0907103825136613,1.0713859910581223,2026-08-11T22:51:30.363000-07:00
1112,2026-08-12T05:52:42Z,60845234094,68.0,1.1333333333333333,1.0606557377049182,1.0684053651266767,2026-08-11T22:51:30.363000-07:00
1113,2026-08-12T05:53:43Z,60900886796,126.0,2.1,1.053551912568306,1.0658469945355191,2026-08-11T22:51:30.363000-07:00
1114,2026-08-12T05:54:43Z,60955627158,50.0,0.8333333333333334,1.0704918032786885,1.0675360158966716,2026-08-11T22:53:51.837000-07:00
1115,2026-08-12T05:55:43Z,61010367520,15.0,0.25,1.0866120218579234,1.067685047193244,2026-08-11T22:55:28.164000-07:00
1116,2026-08-12T05:56:44Z,61066020221,75.0,1.25,1.053825136612022,1.0656482861400893,2026-08-11T22:55:28.164000-07:00
1117,2026-08-12T05:57:44Z,61120760583,135.0,2.25,1.0461748633879782,1.0640586189766519,2026-08-11T22:55:28.164000-07:00
1118,2026-08-12T05:58:44Z,61175500945,48.0,0.8,1.0672131147540982,1.06698956780924,2026-08-11T22:57:53.090000-07:00
1119,2026-08-12T05:59:44Z,61229957324,15.0,0.25,1.0844262295081968,1.0679085941381024,2026-08-11T22:59:23.828000-07:00
1120,2026-08-12T06:00:44Z,61284335154,73.0,1.2166666666666666,1.0565573770491803,1.0680079483358171,2026-08-11T22:59:23.828000-07:00
1121,2026-08-12T06:01:44Z,61338712984,137.0,2.283333333333333,1.051912568306011,1.070119225037258,2026-08-11T22:59:23.828000-07:00
1122,2026-08-12T06:02:44Z,61393090813,15.0,0.25,1.0732240437158471,1.0785891703924493,2026-08-11T23:02:26.559000-07:00
1123,2026-08-12T06:03:45Z,61448374941,19.0,0.31666666666666665,1.092896174863388,1.085370094386488,2026-08-11T23:03:26.471000-07:00
1124,2026-08-12T06:04:45Z,61502752770,78.0,1.3,1.0636612021857925,1.0908097367113763,2026-08-11T23:03:26.471000-07:00
1125,2026-08-12T06:05:45Z,61557130600,132.0,2.2,1.071584699453552,1.0954545454545455,2026-08-11T23:03:26.471000-07:00
1126,2026-08-12T06:06:46Z,61612414727,14.0,0.23333333333333334,1.1098360655737705,1.1058618976651766,2026-08-11T23:06:24.001000-07:00
1127,2026-08-12T06:07:46Z,61666792557,19.0,0.31666666666666665,1.1469945355191258,1.1138350720317935,2026-08-11T23:07:23.043000-07:00
1128,2026-08-12T06:08:46Z,61721170387,77.0,1.2833333333333334,1.1207650273224046,1.120715350223547,2026-08-11T23:07:23.043000-07:00
1129,2026-08-12T06:09:46Z,61775927945,134.0,2.2333333333333334,1.1270491803278688,1.128936910084451,2026-08-11T23:07:23.043000-07:00
1130,2026-08-12T06:10:46Z,61830770748,20.0,0.3333333333333333,1.1355191256830601,1.1430948832588177,2026-08-11T23:10:25.059000-07:00
1131,2026-08-12T06:11:46Z,61885613551,14.0,0.23333333333333334,1.1710382513661204,1.154073522106309,2026-08-11T23:11:24.047000-07:00
1132,2026-08-12T06:12:46Z,61940456353,74.0,1.2333333333333334,1.1396174863387978,1.1622205663189271,2026-08-11T23:11:24.047000-07:00
1133,2026-08-12T06:13:47Z,61996213203,139.0,2.316666666666667,1.1489071038251366,1.1703427719821162,2026-08-11T23:11:24.047000-07:00
1134,2026-08-12T06:14:47Z,62051056006,14.0,0.23333333333333334,1.1833333333333333,1.1840288127173373,2026-08-11T23:14:22.241000-07:00
1135,2026-08-12T06:15:47Z,62105898808,14.0,0.23333333333333334,1.2193989071038251,1.1943864878291108,2026-08-11T23:15:31.701000-07:00
1136,2026-08-12T06:16:47Z,62160741611,75.0,1.25,1.1923497267759564,1.204868355688028,2026-08-11T23:15:31.701000-07:00
1137,2026-08-12T06:17:47Z,62215584414,132.0,2.2,1.1994535519125684,1.2154495777446597,2026-08-11T23:15:31.701000-07:00
1138,2026-08-12T06:18:47Z,62270427217,17.0,0.2833333333333333,1.2363387978142077,1.2322155986090413,2026-08-11T23:18:24.543000-07:00
1139,2026-08-12T06:19:47Z,62325068792,15.0,0.25,1.271311475409836,1.2454048683556882,2026-08-11T23:19:31.233000-07:00
1140,2026-08-12T06:20:47Z,62379670122,71.0,1.1833333333333333,1.2409836065573772,1.256308991554893,2026-08-11T23:19:31.233000-07:00
1141,2026-08-12T06:21:47Z,62434271452,126.0,2.1,1.2508196721311475,1.2671137605563836,2026-08-11T23:19:31.233000-07:00
1142,2026-08-12T06:22:48Z,62489782804,16.0,0.26666666666666666,1.287431693989071,1.283631395926478,2026-08-11T23:22:28.492000-07:00
1143,2026-08-12T06:23:48Z,62544384134,20.0,0.3333333333333333,1.3240437158469944,1.2966219572776951,2026-08-11T23:23:26.667000-07:00
1144,2026-08-12T06:24:48Z,62598985464,76.0,1.2666666666666666,1.2939890710382513,1.3069796323894685,2026-08-11T23:23:26.667000-07:00
1145,2026-08-12T06:25:48Z,62653586794,134.0,2.2333333333333334,1.3032786885245902,1.317237953303527,2026-08-11T23:23:26.667000-07:00
1146,2026-08-12T06:26:48Z,62708188124,14.0,0.23333333333333334,1.3382513661202187,1.3333830104321907,2026-08-11T23:26:25.103000-07:00
1147,2026-08-12T06:27:48Z,62762789454,14.0,0.23333333333333334,1.3740437158469945,1.3458519622454048,2026-08-11T23:27:31.359000-07:00
1148,2026-08-12T06:28:48Z,62817390784,77.0,1.2833333333333334,1.3423497267759563,1.3567312468951813,2026-08-11T23:27:31.359000-07:00
1149,2026-08-12T06:29:48Z,62871935504,132.0,2.2,1.350273224043716,1.367337307501242,2026-08-11T23:27:31.359000-07:00
1150,2026-08-12T06:30:48Z,62926470235,25.0,0.4166666666666667,1.3841530054644808,1.3838052657724789,2026-08-11T23:30:22.647000-07:00
1151,2026-08-12T06:31:49Z,62981913878,24.0,0.4,1.4185792349726776,1.39672131147541,2026-08-11T23:31:22.709000-07:00
1152,2026-08-12T06:32:49Z,63036448609,82.0,1.3666666666666667,1.3879781420765027,1.4080725285643318,2026-08-11T23:31:22.709000-07:00
1153,2026-08-12T06:33:49Z,63090983340,141.0,2.35,1.407103825136612,1.4192747143566817,2026-08-11T23:31:22.709000-07:00
1154,2026-08-12T06:34:49Z,63145518070,23.0,0.38333333333333336,1.4407103825136613,1.4364381520119225,2026-08-11T23:34:25.351000-07:00
1155,2026-08-12T06:35:49Z,63200052801,77.0,1.2833333333333334,1.4751366120218579,1.4502980625931448,2026-08-11T23:34:25.351000-07:00
1156,2026-08-12T06:36:49Z,63254587532,143.0,2.3833333333333333,1.4453551912568308,1.4612767014406358,2026-08-11T23:34:25.351000-07:00
1157,2026-08-12T06:37:49Z,63309122263,204.0,3.4,1.4631147540983607,1.4709637357178342,2026-08-11T23:34:25.351000-07:00
1158,2026-08-12T06:38:49Z,63363656994,22.0,0.36666666666666664,1.4972677595628414,1.4851217088922006,2026-08-11T23:38:27.021000-07:00
1159,2026-08-12T06:39:49Z,63418065502,76.0,1.2666666666666666,1.5311475409836066,1.4946845504222552,2026-08-11T23:38:27.021000-07:00
1160,2026-08-12T06:40:49Z,63472454591,142.0,2.3666666666666667,1.5027322404371586,1.501241927471436,2026-08-11T23:38:27.021000-07:00
1161,2026-08-12T06:41:50Z,63527750165,200.0,3.3333333333333335,1.5049180327868852,1.5061599602583209,2026-08-11T23:38:27.021000-07:00
1162,2026-08-12T06:42:50Z,63582139254,16.0,0.26666666666666666,1.525136612021858,1.5153750620963735,2026-08-11T23:42:25.786000-07:00
1163,2026-08-12T06:43:50Z,63636528344,77.0,1.2833333333333334,1.5437158469945356,1.5200943864878291,2026-08-11T23:42:25.786000-07:00
1164,2026-08-12T06:44:50Z,63690917433,136.0,2.2666666666666666,1.5122950819672132,1.5218827620466966,2026-08-11T23:42:25.786000-07:00
1165,2026-08-12T06:45:50Z,63745306522,201.0,3.35,1.5128415300546447,1.5222305017386986,2026-08-11T23:42:25.786000-07:00
1166,2026-08-12T06:46:50Z,63799695612,27.0,0.45,1.5292349726775956,1.5267262791852956,2026-08-11T23:46:21.016000-07:00
1167,2026-08-12T06:47:50Z,63854084701,81.0,1.35,1.54672131147541,1.5285643318430204,2026-08-11T23:46:21.016000-07:00
1168,2026-08-12T06:48:50Z,63908473790,148.0,2.466666666666667,1.5150273224043718,1.5285394932935916,2026-08-11T23:46:21.016000-07:00
1169,2026-08-12T06:49:50Z,63962619573,201.0,3.35,1.5169398907103824,1.5281669150521608,2026-08-11T23:46:21.016000-07:00
1170,2026-08-12T06:50:50Z,64016733221,19.0,0.31666666666666665,1.5349726775956285,1.5322652757078985,2026-08-11T23:50:24.894000-07:00
1171,2026-08-12T06:51:51Z,64071748763,79.0,1.3166666666666667,1.5521857923497269,1.5334823646299056,2026-08-11T23:50:24.894000-07:00
1172,2026-08-12T06:52:51Z,64125862412,144.0,2.4,1.525136612021858,1.5335817188276204,2026-08-11T23:50:24.894000-07:00
1173,2026-08-12T06:53:51Z,64179976060,202.0,3.3666666666666667,1.5248633879781421,1.5339294585196226,2026-08-11T23:50:24.894000-07:00
1174,2026-08-12T06:54:51Z,64234089708,16.0,0.26666666666666666,1.539617486338798,1.5389220069547938,2026-08-11T23:54:24.280000-07:00
1175,2026-08-12T06:55:51Z,64288203356,84.0,1.4,1.5573770491803278,1.541157476403378,2026-08-11T23:54:24.280000-07:00
1176,2026-08-12T06:56:51Z,64342317004,143.0,2.3833333333333333,1.5262295081967214,1.5415548931942376,2026-08-11T23:54:24.280000-07:00
1177,2026-08-12T06:57:51Z,64396430652,206.0,3.433333333333333,1.530327868852459,1.5418777943368107,2026-08-11T23:54:24.280000-07:00
1178,2026-08-12T06:58:51Z,64450544300,19.0,0.31666666666666665,1.5505464480874316,1.5461003477396922,2026-08-11T23:58:29.064000-07:00
1179,2026-08-12T06:59:51Z,64505245747,77.0,1.2833333333333334,1.5699453551912568,1.5474913065076998,2026-08-11T23:58:29.064000-07:00
1180,2026-08-12T07:00:51Z,64560012505,139.0,2.316666666666667,1.5415300546448087,1.5475906607054148,2026-08-11T23:58:29.064000-07:00
1181,2026-08-12T07:01:52Z,64615692042,199.0,3.316666666666667,1.5393442622950821,1.5461997019374067,2026-08-11T23:58:29.064000-07:00
1182,2026-08-12T07:02:52Z,64670458799,25.0,0.4166666666666667,1.555737704918033,1.5477148534525584,2026-08-12T00:02:22.702000-07:00
1183,2026-08-12T07:03:52Z,64725225557,85.0,1.4166666666666667,1.571584699453552,1.5444361649279683,2026-08-12T00:02:22.702000-07:00
1184,2026-08-12T07:04:52Z,64779992315,142.0,2.3666666666666667,1.5401639344262295,1.5391455538996524,2026-08-12T00:02:22.702000-07:00
1185,2026-08-12T07:05:52Z,64834759072,204.0,3.4,1.5407103825136612,1.5321162444113263,2026-08-12T00:02:22.702000-07:00
1186,2026-08-12T07:06:52Z,64889525830,23.0,0.38333333333333336,1.5420765027322403,1.5276701440635867,2026-08-12T00:06:27.896000-07:00
1187,2026-08-12T07:07:52Z,64944292588,79.0,1.3166666666666667,1.542896174863388,1.5191256830601092,2026-08-12T00:06:27.896000-07:00
1188,2026-08-12T07:08:52Z,64999059346,144.0,2.4,1.4942622950819673,1.5090909090909093,2026-08-12T00:06:27.896000-07:00
1189,2026-08-12T07:09:52Z,65054367882,201.0,3.35,1.4923497267759562,1.4977893691008446,2026-08-12T00:06:27.896000-07:00
1190,2026-08-12T07:10:53Z,65110648300,30.0,0.5,1.492622950819672,1.4895429706905114,2026-08-12T00:10:22.262000-07:00
1191,2026-08-12T07:11:53Z,65166006089,28.0,0.4666666666666667,1.492622950819672,1.4769001490312965,2026-08-12T00:11:23.192000-07:00
1192,2026-08-12T07:12:53Z,65221363878,88.0,1.4666666666666666,1.4453551912568308,1.4640834575260804,2026-08-12T00:11:23.192000-07:00
1193,2026-08-12T07:13:53Z,65276721667,142.0,2.3666666666666667,1.4453551912568308,1.451117734724292,2026-08-12T00:11:23.192000-07:00
1194,2026-08-12T07:14:53Z,65332079456,24.0,0.4,1.4472677595628416,1.4424490809736712,2026-08-12T00:14:28.815000-07:00
1195,2026-08-12T07:15:53Z,65387437244,16.0,0.26666666666666666,1.4494535519125684,1.4295827123695977,2026-08-12T00:15:29.780000-07:00
1196,2026-08-12T07:16:53Z,65442795033,74.0,1.2333333333333334,1.401639344262295,1.4165424739195231,2026-08-12T00:15:29.780000-07:00
1197,2026-08-12T07:17:53Z,65498152822,139.0,2.316666666666667,1.4010928961748634,1.403551912568306,2026-08-12T00:15:29.780000-07:00
1198,2026-08-12T07:18:54Z,65554433241,16.0,0.26666666666666666,1.400273224043716,1.3948832588176852,2026-08-12T00:18:29.195000-07:00
1199,2026-08-12T07:19:54Z,65608678212,24.0,0.4,1.3989071038251366,1.3820168902136116,2026-08-12T00:19:29.392000-07:00
1200,2026-08-12T07:20:54Z,65662864615,81.0,1.35,1.3508196721311476,1.3692001987083955,2026-08-12T00:19:29.392000-07:00
1201,2026-08-12T07:21:54Z,65717051018,134.0,2.2333333333333334,1.3491803278688523,1.3562593144560358,2026-08-12T00:19:29.392000-07:00
1202,2026-08-12T07:22:54Z,65771237420,27.0,0.45,1.349726775956284,1.3476900149031297,2026-08-12T00:22:27.208000-07:00
1203,2026-08-12T07:23:54Z,65825423823,15.0,0.25,1.3499999999999999,1.334923000496771,2026-08-12T00:23:29.550000-07:00
1204,2026-08-12T07:24:54Z,65879610225,74.0,1.2333333333333334,1.303825136612022,1.3224043715846994,2026-08-12T00:23:29.550000-07:00
1205,2026-08-12T07:25:54Z,65933796628,141.0,2.35,1.3062841530054645,1.3104321907600596,2026-08-12T00:23:29.550000-07:00
1206,2026-08-12T07:26:54Z,65987983031,20.0,0.3333333333333333,1.307103825136612,1.303204172876304,2026-08-12T00:26:25.025000-07:00
1207,2026-08-12T07:27:55Z,66043072540,29.0,0.48333333333333334,1.3073770491803278,1.2918032786885247,2026-08-12T00:27:25.003000-07:00
1208,2026-08-12T07:28:55Z,66097258943,88.0,1.4666666666666666,1.2606557377049181,1.2804272230501739,2026-08-12T00:27:25.003000-07:00
1209,2026-08-12T07:29:55Z,66151592592,148.0,2.466666666666667,1.262568306010929,1.2691008445106806,2026-08-12T00:27:25.003000-07:00
1210,2026-08-12T07:30:55Z,66205931318,28.0,0.4666666666666667,1.2672131147540984,1.2618976651763538,2026-08-12T00:30:19.881000-07:00
1211,2026-08-12T07:31:55Z,66260270045,17.0,0.2833333333333333,1.271311475409836,1.250173869846001,2026-08-12T00:31:31.132000-07:00
1212,2026-08-12T07:32:55Z,66314608772,84.0,1.4,1.2237704918032788,1.238474913065077,2026-08-12T00:31:31.132000-07:00
1213,2026-08-12T07:33:55Z,66368947498,140.0,2.3333333333333335,1.2245901639344263,1.2267262791852955,2026-08-12T00:31:31.132000-07:00
1214,2026-08-12T07:34:55Z,66423286225,26.0,0.43333333333333335,1.2254098360655739,1.2192747143566818,2026-08-12T00:34:25.787000-07:00
1215,2026-08-12T07:35:56Z,66478530597,25.0,0.4166666666666667,1.2245901639344263,1.207377049180328,2026-08-12T00:35:29.685000-07:00
1216,2026-08-12T07:36:56Z,66532869323,82.0,1.3666666666666667,1.1773224043715846,1.1949577744659712,2026-08-12T00:35:29.685000-07:00
1217,2026-08-12T07:37:56Z,66587208050,146.0,2.433333333333333,1.1784153005464482,1.1836562344759065,2026-08-12T00:35:29.685000-07:00
1218,2026-08-12T07:38:56Z,66641546777,26.0,0.43333333333333335,1.1781420765027324,1.1781172379533036,2026-08-12T00:38:24.166000-07:00
1219,2026-08-12T07:39:56Z,66695549375,15.0,0.25,1.178688524590164,1.169672131147541,2026-08-12T00:39:31.915000-07:00
1220,2026-08-12T07:40:56Z,66749546277,77.0,1.2833333333333334,1.1316939890710382,1.161351217088922,2026-08-12T00:39:31.915000-07:00
1221,2026-08-12T07:41:56Z,66803543178,142.0,2.3666666666666667,1.130601092896175,1.1549180327868853,2026-08-12T00:39:31.915000-07:00
1222,2026-08-12T07:42:56Z,66857540080,27.0,0.45,1.1469945355191258,1.1546696472925981,2026-08-12T00:42:24.514000-07:00
1223,2026-08-12T07:43:56Z,66911536982,16.0,0.26666666666666666,1.1628415300546449,1.1516145057128664,2026-08-12T00:43:32.221000-07:00
1224,2026-08-12T07:44:57Z,66966433832,84.0,1.4,1.1316939890710382,1.1489319423745654,2026-08-12T00:43:32.221000-07:00
1225,2026-08-12T07:45:57Z,67020430733,144.0,2.4,1.133879781420765,1.147913561847988,2026-08-12T00:43:32.221000-07:00
1226,2026-08-12T07:46:57Z,67074427635,26.0,0.43333333333333335,1.153825136612022,1.1529061102831595,2026-08-12T00:46:25.560000-07:00
1227,2026-08-12T07:47:57Z,67128424536,25.0,0.4166666666666667,1.1745901639344263,1.1553402881271735,2026-08-12T00:47:30.934000-07:00
1228,2026-08-12T07:48:57Z,67182421438,78.0,1.3,1.1448087431693987,1.1561847988077496,2026-08-12T00:47:30.934000-07:00
1229,2026-08-12T07:49:57Z,67236970906,143.0,2.3833333333333333,1.1486338797814206,1.157377049180328,2026-08-12T00:47:30.934000-07:00
1230,2026-08-12T07:50:57Z,67291520373,25.0,0.4166666666666667,1.1674863387978143,1.162990561351217,2026-08-12T00:50:22.629000-07:00
1231,2026-08-12T07:51:57Z,67346069841,13.0,0.21666666666666667,1.1866120218579237,1.1659215101838052,2026-08-12T00:51:32.374000-07:00
1232,2026-08-12T07:52:57Z,67400619308,81.0,1.35,1.1573770491803277,1.167262791852956,2026-08-12T00:51:32.374000-07:00
1233,2026-08-12T07:53:58Z,67456077934,145.0,2.4166666666666665,1.1562841530054644,1.1682314952806756,2026-08-12T00:51:32.374000-07:00
1234,2026-08-12T07:54:58Z,67510627401,33.0,0.55,1.1759562841530056,1.1733730750124194,2026-08-12T00:54:24.441000-07:00
1235,2026-08-12T07:55:58Z,67565176869,25.0,0.4166666666666667,1.1934426229508197,1.1751862891207152,2026-08-12T00:55:30.418000-07:00
1236,2026-08-12T07:56:58Z,67619726337,87.0,1.45,1.166120218579235,1.1752856433184302,2026-08-12T00:55:30.418000-07:00
1237,2026-08-12T07:57:58Z,67674275804,144.0,2.4,1.1685792349726776,1.175384997516145,2026-08-12T00:55:30.418000-07:00
1238,2026-08-12T07:58:58Z,67728815372,35.0,0.5833333333333334,1.1852459016393442,1.1798310978638846,2026-08-12T00:58:22.031000-07:00
1239,2026-08-12T07:59:58Z,67782770863,26.0,0.43333333333333335,1.2013661202185792,1.1819423745653255,2026-08-12T00:59:23.656000-07:00
1240,2026-08-12T08:00:58Z,67836726354,94.0,1.5666666666666667,1.1685792349726776,1.1823646299056134,2026-08-12T00:59:23.656000-07:00
1241,2026-08-12T08:01:58Z,67890681845,154.0,2.566666666666667,1.1685792349726776,1.1827123695976154,2026-08-12T00:59:23.656000-07:00
1242,2026-08-12T08:02:59Z,67945536594,25.0,0.4166666666666667,1.187704918032787,1.1871087928464978,2026-08-12T01:02:25.912000-07:00
1243,2026-08-12T08:03:59Z,67999492085,28.0,0.4666666666666667,1.2062841530054644,1.1884997516145057,2026-08-12T01:03:30.548000-07:00
1244,2026-08-12T08:04:59Z,68053447576,88.0,1.4666666666666666,1.1795081967213115,1.1877297565822156,2026-08-12T01:03:30.548000-07:00
1245,2026-08-12T08:05:59Z,68107403067,139.0,2.316666666666667,1.1806010928961748,1.1867858917039245,2026-08-12T01:03:30.548000-07:00
1246,2026-08-12T08:06:59Z,68161358558,31.0,0.5166666666666667,1.1972677595628416,1.188400397416791,2026-08-12T01:06:26.512000-07:00
1247,2026-08-12T08:07:59Z,68215314049,27.0,0.45,1.2144808743169397,1.189344262295082,2026-08-12T01:07:32.230000-07:00
1248,2026-08-12T08:08:59Z,68269253455,78.0,1.3,1.183879781420765,1.1885991058122205,2026-08-12T01:07:32.230000-07:00
1249,2026-08-12T08:09:59Z,68322726385,146.0,2.433333333333333,1.1767759562841529,1.1879284649776454,2026-08-12T01:07:32.230000-07:00
1250,2026-08-12T08:10:59Z,68376199315,29.0,0.48333333333333334,1.1909836065573771,1.189244908097367,2026-08-12T01:10:28.567000-07:00
1251,2026-08-12T08:12:00Z,68430563460,26.0,0.43333333333333335,1.1863387978142075,1.1900397416790858,2026-08-12T01:11:31.337000-07:00
1252,2026-08-12T08:13:00Z,68484036390,88.0,1.4666666666666666,1.17896174863388,1.189418777943368,2026-08-12T01:11:31.337000-07:00
1253,2026-08-12T08:14:00Z,68537509320,146.0,2.433333333333333,1.1795081967213115,1.188897168405365,2026-08-12T01:11:31.337000-07:00
1254,2026-08-12T08:15:00Z,68590982250,28.0,0.4666666666666667,1.1989071038251364,1.1907848981619473,2026-08-12T01:14:28.423000-07:00
1255,2026-08-12T08:16:00Z,68644455180,32.0,0.5333333333333333,1.1939890710382512,1.1927719821162444,2026-08-12T01:15:27.813000-07:00
1256,2026-08-12T08:17:00Z,68697928110,89.0,1.4833333333333334,1.1893442622950818,1.1936413313462493,2026-08-12T01:15:27.813000-07:00
1257,2026-08-12T08:18:00Z,68751401040,150.0,2.5,1.1904371584699454,1.1968206656731246,2026-08-12T01:15:27.813000-07:00
1258,2026-08-12T08:19:00Z,68804920971,30.0,0.5,1.208743169398907,1.200173869846001,2026-08-12T01:18:27.771000-07:00
1259,2026-08-12T08:20:00Z,68859333923,30.0,0.5,1.2046448087431694,1.2028812717337307,2026-08-12T01:19:27.433000-07:00
1260,2026-08-12T08:21:01Z,68914653757,93.0,1.55,1.1986338797814207,1.2038251366120218,2026-08-12T01:19:27.433000-07:00
1261,2026-08-12T08:22:01Z,68969066709,151.0,2.5166666666666666,1.2005464480874317,1.2068306010928962,2026-08-12T01:19:27.433000-07:00
1262,2026-08-12T08:23:01Z,69023479662,27.0,0.45,1.221311475409836,1.2095131644311972,2026-08-12T01:22:28.143000-07:00
1263,2026-08-12T08:24:01Z,69077892614,23.0,0.38333333333333336,1.2158469945355193,1.2113760556383506,2026-08-12T01:23:32.617000-07:00
1264,2026-08-12T08:25:01Z,69132305566,87.0,1.45,1.2092896174863388,1.211698956780924,2026-08-12T01:23:32.617000-07:00
1265,2026-08-12T08:26:01Z,69186718518,138.0,2.3,1.2092896174863388,1.2142573273720814,2026-08-12T01:23:32.617000-07:00
1266,2026-08-12T08:27:01Z,69241131470,41.0,0.6833333333333333,1.2270491803278687,1.2167411823149528,2026-08-12T01:26:20.476000-07:00
1267,2026-08-12T08:28:01Z,69295544422,29.0,0.48333333333333334,1.2188524590163934,1.218455042225534,2026-08-12T01:27:31.076000-07:00
1268,2026-08-12T08:29:02Z,69350920290,90.0,1.5,1.2109289617486338,1.2183805265772478,2026-08-12T01:27:31.076000-07:00
1269,2026-08-12T08:30:02Z,69406005645,147.0,2.45,1.2122950819672131,1.2203676105315449,2026-08-12T01:27:31.076000-07:00
1270,2026-08-12T08:31:02Z,69461090999,28.0,0.4666666666666667,1.2327868852459016,1.222180824639841,2026-08-12T01:30:27.117000-07:00
1271,2026-08-12T08:32:02Z,69516176354,28.0,0.4666666666666667,1.2259562841530054,1.2235221063089916,2026-08-12T01:31:27.350000-07:00
1272,2026-08-12T08:33:02Z,69571261709,87.0,1.45,1.219398907103825,1.2232488822652756,2026-08-12T01:31:27.350000-07:00
1273,2026-08-12T08:34:02Z,69626347063,152.0,2.533333333333333,1.2204918032786887,1.22528564331843,2026-08-12T01:31:27.350000-07:00
1274,2026-08-12T08:35:02Z,69681432418,42.0,0.7,1.2377049180327868,1.2275956284153005,2026-08-12T01:34:18.736000-07:00
1275,2026-08-12T08:36:02Z,69736517772,30.0,0.5,1.2292349726775957,1.2291604570293095,2026-08-12T01:35:32.697000-07:00
1276,2026-08-12T08:37:02Z,69791603127,86.0,1.4333333333333333,1.2240437158469946,1.2288127173373076,2026-08-12T01:35:32.697000-07:00
1277,2026-08-12T08:38:03Z,69847606571,145.0,2.4166666666666665,1.2240437158469946,1.2306259314456036,2026-08-12T01:35:32.697000-07:00
1278,2026-08-12T08:39:03Z,69902498823,34.0,0.5666666666666667,1.241256830601093,1.2323646299056135,2026-08-12T01:38:28.420000-07:00
1279,2026-08-12T08:40:03Z,69955653158,0.0,0.0,1.2363387978142077,1.2334326875310482,2026-08-12T01:39:55.046000-07:00
1280,2026-08-12T08:41:03Z,70008807493,67.0,1.1166666666666667,1.2295081967213115,1.2330849478390462,2026-08-12T01:39:55.046000-07:00
1281,2026-08-12T08:42:03Z,70061961827,60.0,1.0,1.2289617486338797,1.235096870342772,2026-08-12T01:41:03.007000-07:00
1282,2026-08-12T08:43:03Z,70115116162,115.0,1.9166666666666667,1.2459016393442623,1.236910084451068,2026-08-12T01:41:03.007000-07:00
1283,2026-08-12T08:44:03Z,70168270496,29.0,0.48333333333333334,1.2385245901639343,1.2381023348236462,2026-08-12T01:43:29.134000-07:00
1284,2026-08-12T08:45:03Z,70221424831,87.0,1.45,1.23224043715847,1.237779433681073,2026-08-12T01:43:29.134000-07:00
1285,2026-08-12T08:46:03Z,70274579166,66.0,1.1,1.233879781420765,1.2394436164927969,2026-08-12T01:44:56.431000-07:00
1286,2026-08-12T08:47:04Z,70328619406,127.0,2.1166666666666667,1.251366120218579,1.240983606557377,2026-08-12T01:44:56.431000-07:00
1287,2026-08-12T08:48:04Z,70381773740,30.0,0.5,1.2439890710382513,1.2418529557873819,2026-08-12T01:47:28.883000-07:00
1288,2026-08-12T08:49:04Z,70435150761,92.0,1.5333333333333334,1.2371584699453553,1.2412816691505215,2026-08-12T01:47:28.883000-07:00
1289,2026-08-12T08:50:04Z,70490213834,63.0,1.05,1.2377049180327868,1.2431942374565326,2026-08-12T01:49:01.065000-07:00
1290,2026-08-12T08:51:04Z,70545276907,121.0,2.0166666666666666,1.2546448087431694,1.2450074515648284,2026-08-12T01:49:01.065000-07:00
1291,2026-08-12T08:52:04Z,70600339979,32.0,0.5333333333333333,1.2464480874316939,1.2461748633879781,2026-08-12T01:51:31.915000-07:00
1292,2026-08-12T08:53:04Z,70655403052,89.0,1.4833333333333334,1.2385245901639343,1.2457277694982614,2026-08-12T01:51:31.915000-07:00
1293,2026-08-12T08:54:04Z,70710466125,61.0,1.0166666666666666,1.2396174863387976,1.2477148534525584,2026-08-12T01:53:01.178000-07:00
1294,2026-08-12T08:55:04Z,70765529197,121.0,2.0166666666666666,1.2595628415300546,1.249652260307998,2026-08-12T01:53:01.178000-07:00
1295,2026-08-12T08:56:04Z,70820592270,33.0,0.55,1.2521857923497268,1.2509438648782911,2026-08-12T01:55:29.736000-07:00
1296,2026-08-12T08:57:05Z,70876573061,90.0,1.5,1.2467213114754099,1.2508445106805761,2026-08-12T01:55:29.736000-07:00
1297,2026-08-12T08:58:05Z,70931636133,57.0,0.95,1.2464480874316939,1.2531048186785891,2026-08-12T01:56:59.808000-07:00
1298,2026-08-12T08:59:05Z,70986565840,115.0,1.9166666666666667,1.265846994535519,1.2555141579731743,2026-08-12T01:56:59.808000-07:00
1299,2026-08-12T09:00:05Z,71040628664,40.0,0.6666666666666666,1.2584699453551913,1.2571783407848982,2026-08-12T01:59:24.315000-07:00
1300,2026-08-12T09:01:05Z,71094691488,101.0,1.6833333333333333,1.2519125683060108,1.2570789865871832,2026-08-12T01:59:24.315000-07:00
1301,2026-08-12T09:02:05Z,71148754312,69.0,1.15,1.2535519125683061,1.2595628415300546,2026-08-12T02:00:54.084000-07:00
1302,2026-08-12T09:03:05Z,71202817136,130.0,2.1666666666666665,1.271311475409836,1.2620218579234974,2026-08-12T02:00:54.084000-07:00
1303,2026-08-12T09:04:05Z,71256879960,29.0,0.48333333333333334,1.2650273224043718,1.2640586189766518,2026-08-12T02:03:31.340000-07:00
1304,2026-08-12T09:05:05Z,71310942784,91.0,1.5166666666666666,1.2579234972677595,1.2645305514157974,2026-08-12T02:03:31.340000-07:00
1305,2026-08-12T09:06:06Z,71365906655,57.0,0.95,1.2584699453551913,1.2682563338301043,2026-08-12T02:04:58.877000-07:00
1306,2026-08-12T09:07:06Z,71419969479,120.0,2.0,1.2795081967213113,1.2727024341778441,2026-08-12T02:04:58.877000-07:00
1307,2026-08-12T09:08:06Z,71474032304,31.0,0.5166666666666667,1.2737704918032788,1.2787878787878788,2026-08-12T02:07:32.625000-07:00
1308,2026-08-12T09:09:06Z,71528066954,90.0,1.5,1.2688524590163934,1.2812220566318926,2026-08-12T02:07:32.625000-07:00
1309,2026-08-12T09:10:06Z,71581941952,60.0,1.0,1.2710382513661203,1.2859413810233482,2026-08-12T02:09:03.201000-07:00
1310,2026-08-12T09:11:06Z,71635816951,121.0,2.0166666666666666,1.2994535519125683,1.290809736711376,2026-08-12T02:09:03.201000-07:00
1311,2026-08-12T09:12:06Z,71689691950,27.0,0.45,1.3008196721311474,1.2969945355191257,2026-08-12T02:11:34.553000-07:00
1312,2026-08-12T09:13:06Z,71743566948,88.0,1.4666666666666666,1.3204918032786885,1.2988574267262791,2026-08-12T02:11:34.553000-07:00
1313,2026-08-12T09:14:06Z,71797441947,61.0,1.0166666666666666,1.2980874316939892,1.302682563338301,2026-08-12T02:13:02.966000-07:00
1314,2026-08-12T09:15:06Z,71851316945,123.0,2.05,1.3169398907103824,1.3050422255340288,2026-08-12T02:13:02.966000-07:00
1315,2026-08-12T09:16:06Z,71905191944,34.0,0.5666666666666667,1.3114754098360655,1.307451564828614,2026-08-12T02:15:30.043000-07:00
1316,2026-08-12T09:17:07Z,71959964859,96.0,1.6,1.3265027322404372,1.305116741182315,2026-08-12T02:15:30.043000-07:00
1317,2026-08-12T09:18:07Z,72013839858,62.0,1.0333333333333334,1.3,1.3041231992051665,2026-08-12T02:17:02.271000-07:00
1318,2026-08-12T09:19:07Z,72067704281,125.0,2.0833333333333335,1.3158469945355191,1.3006209637357178,2026-08-12T02:17:02.271000-07:00
1319,2026-08-12T09:20:07Z,72121515828,32.0,0.5333333333333333,1.2948087431693989,1.3005961251862892,2026-08-12T02:19:33.284000-07:00
1320,2026-08-12T09:21:07Z,72175327375,92.0,1.5333333333333334,1.2975409836065575,1.2965971187282663,2026-08-12T02:19:33.284000-07:00
1321,2026-08-12T09:22:07Z,72229138922,63.0,1.05,1.2737704918032788,1.2925981122702435,2026-08-12T02:21:02.746000-07:00
1322,2026-08-12T09:23:07Z,72282950468,122.0,2.033333333333333,1.2898907103825137,1.286661698956781,2026-08-12T02:21:02.746000-07:00
1323,2026-08-12T09:24:08Z,72337658874,31.0,0.5166666666666667,1.2819672131147541,1.2848733233979137,2026-08-12T02:23:30.840000-07:00
1324,2026-08-12T09:25:08Z,72391470421,96.0,1.6,1.2978142076502732,1.2796075509190263,2026-08-12T02:23:30.840000-07:00
1325,2026-08-12T09:26:08Z,72445281968,60.0,1.0,1.2729508196721313,1.275384997516145,2026-08-12T02:24:59.847000-07:00
1326,2026-08-12T09:27:08Z,72499093515,118.0,1.9666666666666666,1.2674863387978141,1.2701192250372577,2026-08-12T02:24:59.847000-07:00
1327,2026-08-12T09:28:08Z,72552905061,40.0,0.6666666666666666,1.2612021857923499,1.2685047193243915,2026-08-12T02:27:25.924000-07:00
1328,2026-08-12T09:29:08Z,72606559755,100.0,1.6666666666666667,1.2803278688524589,1.2632886239443617,2026-08-12T02:27:25.924000-07:00
1329,2026-08-12T09:30:08Z,72659515739,63.0,1.05,1.2579234972677595,1.2585196224540487,2026-08-12T02:29:03.149000-07:00
1330,2026-08-12T09:31:08Z,72712471722,123.0,2.05,1.248360655737705,1.2518877297565822,2026-08-12T02:29:03.149000-07:00
1331,2026-08-12T09:32:08Z,72765427706,34.0,0.5666666666666667,1.2396174863387976,1.2493541977148535,2026-08-12T02:31:33.003000-07:00
1332,2026-08-12T09:33:09Z,72819266289,93.0,1.55,1.2560109289617485,1.2452558370591158,2026-08-12T02:31:33.003000-07:00
1333,2026-08-12T09:34:09Z,72872222273,64.0,1.0666666666666667,1.2325136612021859,1.2412319920516641,2026-08-12T02:33:02.990000-07:00
1334,2026-08-12T09:35:09Z,72925178256,126.0,2.1,1.2295081967213115,1.235171385991058,2026-08-12T02:33:02.990000-07:00
1335,2026-08-12T09:36:09Z,72978134240,44.0,0.7333333333333333,1.224863387978142,1.23301043219076,2026-08-12T02:35:22.210000-07:00
1336,2026-08-12T09:37:09Z,73031090224,107.0,1.7833333333333334,1.2450819672131148,1.2297317436661699,2026-08-12T02:35:22.210000-07:00
1337,2026-08-12T09:38:09Z,73084046207,65.0,1.0833333333333333,1.2224043715846995,1.2268007948335817,2026-08-12T02:36:58.362000-07:00
1338,2026-08-12T09:39:09Z,73137162572,127.0,2.1166666666666667,1.2169398907103826,1.221758569299553,2026-08-12T02:36:58.362000-07:00
1339,2026-08-12T09:40:09Z,73190920459,42.0,0.7,1.2136612021857922,1.2204172876304025,2026-08-12T02:39:23.615000-07:00
1340,2026-08-12T09:41:09Z,73244678346,104.0,1.7333333333333334,1.234153005464481,1.217312468951813,2026-08-12T02:39:23.615000-07:00
1341,2026-08-12T09:42:10Z,73299332199,72.0,1.2,1.2122950819672131,1.2141579731743666,2026-08-12T02:40:54.379000-07:00
1342,2026-08-12T09:43:10Z,73353090086,132.0,2.2,1.207377049180328,1.2087431693989072,2026-08-12T02:40:54.379000-07:00
1343,2026-08-12T09:44:10Z,73406847974,33.0,0.55,1.2005464480874317,1.2073025335320418,2026-08-12T02:43:31.762000-07:00
1344,2026-08-12T09:45:10Z,73460605861,98.0,1.6333333333333333,1.21775956284153,1.204321907600596,2026-08-12T02:43:31.762000-07:00
1345,2026-08-12T09:46:10Z,73514363749,67.0,1.1166666666666667,1.1953551912568308,1.2011674118231495,2026-08-12T02:45:02.762000-07:00
1346,2026-08-12T09:47:10Z,73568121636,121.0,2.0166666666666666,1.1901639344262294,1.1958022851465475,2026-08-12T02:45:02.762000-07:00
1347,2026-08-12T09:48:10Z,73621879524,30.0,0.5,1.18551912568306,1.1942126179831098,2026-08-12T02:47:32.139000-07:00
1348,2026-08-12T09:49:10Z,73675836007,88.0,1.4666666666666666,1.2065573770491802,1.1911823149528067,2026-08-12T02:47:32.139000-07:00
1349,2026-08-12T09:50:10Z,73730510492,15.0,0.25,1.1841530054644809,1.1883755588673621,2026-08-12T02:49:46.778000-07:00
1350,2026-08-12T09:51:11Z,73786096218,73.0,1.2166666666666666,1.17896174863388,1.183457526080477,2026-08-12T02:49:46.778000-07:00
1351,2026-08-12T09:52:11Z,73840770703,34.0,0.5666666666666667,1.175136612021858,1.1822901142573274,2026-08-12T02:51:32.257000-07:00
1352,2026-08-12T09:53:11Z,73895445188,91.0,1.5166666666666666,1.194808743169399,1.1800298062593144,2026-08-12T02:51:32.257000-07:00
1353,2026-08-12T09:54:11Z,73950119673,60.0,1.0,1.1740437158469945,1.1800049677098856,2026-08-12T02:53:03.643000-07:00
1354,2026-08-12T09:55:11Z,74004794158,119.0,1.9833333333333334,1.1696721311475409,1.177372081470442,2026-08-12T02:53:03.643000-07:00
1355,2026-08-12T09:56:11Z,74059468642,30.0,0.5,1.1636612021857924,1.1784401390958767,2026-08-12T02:55:32.151000-07:00
1356,2026-08-12T09:57:12Z,74115054369,13.0,0.21666666666666667,1.1825136612021858,1.17799304520616,2026-08-12T02:56:58.341000-07:00
1357,2026-08-12T09:58:12Z,74169728853,67.0,1.1166666666666667,1.1653005464480874,1.1774217585692996,2026-08-12T02:56:58.341000-07:00
1358,2026-08-12T09:59:12Z,74224320612,127.0,2.1166666666666667,1.1852459016393442,1.1747143566815696,2026-08-12T02:56:58.341000-07:00
1359,2026-08-12T10:00:12Z,74278664191,33.0,0.55,1.1775956284153004,1.1757575757575758,2026-08-12T02:59:32.314000-07:00
1360,2026-08-12T10:01:12Z,74333007771,5.0,0.08333333333333333,1.1959016393442623,1.1751366120218578,2026-08-12T03:01:03.003000-07:00
1361,2026-08-12T10:02:12Z,74387351350,69.0,1.15,1.1740437158469945,1.1742921013412817,2026-08-12T03:01:03.003000-07:00
1362,2026-08-12T10:03:12Z,74441694929,129.0,2.15,1.1688524590163933,1.1709388971684052,2026-08-12T03:01:03.003000-07:00
1363,2026-08-12T10:04:12Z,74496038509,44.0,0.7333333333333333,1.1650273224043715,1.170889220069548,2026-08-12T03:03:27.236000-07:00
1364,2026-08-12T10:05:13Z,74551287815,18.0,0.3,1.18551912568306,1.1670144063586685,2026-08-12T03:04:53.222000-07:00
1365,2026-08-12T10:06:13Z,74605631394,74.0,1.2333333333333334,1.1628415300546449,1.163164431197218,2026-08-12T03:04:53.222000-07:00
1366,2026-08-12T10:07:13Z,74659974973,131.0,2.183333333333333,1.1543715846994536,1.1569051167411823,2026-08-12T03:04:53.222000-07:00
1367,2026-08-12T10:08:13Z,74714318553,37.0,0.6166666666666667,1.1456284153005465,1.1542225534028814,2026-08-12T03:07:32.173000-07:00
1368,2026-08-12T10:09:13Z,74768525096,11.0,0.18333333333333332,1.1647540983606557,1.1499006458022851,2026-08-12T03:08:54.545000-07:00
1369,2026-08-12T10:10:14Z,74823251953,78.0,1.3,1.1426229508196721,1.1454545454545455,2026-08-12T03:08:54.545000-07:00
1370,2026-08-12T10:11:14Z,74877081648,135.0,2.25,1.1352459016393444,1.138474913065077,2026-08-12T03:08:54.545000-07:00
1371,2026-08-12T10:12:14Z,74930911343,41.0,0.6833333333333333,1.1270491803278688,1.1352459016393441,2026-08-12T03:11:25.109000-07:00
1372,2026-08-12T10:13:14Z,74984741037,9.0,0.15,1.144535519125683,1.130948832588177,2026-08-12T03:13:03.354000-07:00
1373,2026-08-12T10:14:14Z,75038570732,63.0,1.05,1.1213114754098361,1.126949826130154,2026-08-12T03:13:03.354000-07:00
1374,2026-08-12T10:15:14Z,75092400427,124.0,2.066666666666667,1.116120218579235,1.1197963238946846,2026-08-12T03:13:03.354000-07:00
1375,2026-08-12T10:16:14Z,75146230122,41.0,0.6833333333333333,1.1087431693989072,1.1164927968206657,2026-08-12T03:15:32.849000-07:00
1376,2026-08-12T10:17:14Z,75200059817,15.0,0.25,1.1273224043715846,1.1131147540983606,2026-08-12T03:16:55.129000-07:00
1377,2026-08-12T10:18:15Z,75254786674,79.0,1.3166666666666667,1.107103825136612,1.1099850968703429,2026-08-12T03:16:55.129000-07:00
1378,2026-08-12T10:19:15Z,75308864884,139.0,2.316666666666667,1.1016393442622952,1.1050422255340289,2026-08-12T03:16:55.129000-07:00
1379,2026-08-12T10:20:15Z,75363522965,43.0,0.7166666666666667,1.0860655737704918,1.1042225534028811,2026-08-12T03:19:31.810000-07:00
1380,2026-08-12T10:21:15Z,75418181047,13.0,0.21666666666666667,1.1062841530054646,1.1020119225037257,2026-08-12T03:20:57.031000-07:00
1381,2026-08-12T10:22:16Z,75473750096,78.0,1.3,1.098087431693989,1.1000745156482863,2026-08-12T03:20:57.031000-07:00
1382,2026-08-12T10:23:16Z,75528408177,135.0,2.25,1.0926229508196723,1.0979880774962743,2026-08-12T03:20:57.031000-07:00
1383,2026-08-12T10:24:16Z,75583066258,46.0,0.7666666666666667,1.0901639344262295,1.0993541977148533,2026-08-12T03:23:28.814000-07:00
1384,2026-08-12T10:25:16Z,75637724339,15.0,0.25,1.112295081967213,1.0991058122205664,2026-08-12T03:24:57.765000-07:00
1385,2026-08-12T10:26:16Z,75692382420,74.0,1.2333333333333334,1.0918032786885246,1.0998012916045703,2026-08-12T03:24:57.765000-07:00
1386,2026-08-12T10:27:16Z,75747040501,129.0,2.15,1.087431693989071,1.1006458022851466,2026-08-12T03:24:57.765000-07:00
1387,2026-08-12T10:28:16Z,75801698582,55.0,0.9166666666666666,1.1043715846994537,1.1041231992051666,2026-08-12T03:27:21.318000-07:00
1388,2026-08-12T10:29:16Z,75856155853,113.0,1.8833333333333333,1.1221311475409836,1.1060854446100348,2026-08-12T03:27:21.318000-07:00
1389,2026-08-12T10:30:16Z,75910179796,72.0,1.2,1.0989071038251366,1.1075260804769,2026-08-12T03:29:03.303000-07:00
1390,2026-08-12T10:31:16Z,75964203738,130.0,2.1666666666666665,1.0937158469945356,1.1082960755091902,2026-08-12T03:29:03.303000-07:00
1391,2026-08-12T10:32:17Z,76019128080,43.0,0.7166666666666667,1.1155737704918032,1.1124937903626428,2026-08-12T03:31:28.881000-07:00
1392,2026-08-12T10:33:17Z,76073152023,15.0,0.25,1.1363387978142077,1.1151515151515152,2026-08-12T03:32:57.723000-07:00
1393,2026-08-12T10:34:17Z,76127175966,79.0,1.3166666666666667,1.114207650273224,1.1159711872826628,2026-08-12T03:32:57.723000-07:00
1394,2026-08-12T10:35:17Z,76181199909,139.0,2.316666666666667,1.1060109289617486,1.1170144063586687,2026-08-12T03:32:57.723000-07:00
1395,2026-08-12T10:36:17Z,76235223852,43.0,0.7166666666666667,1.1207650273224046,1.1215598609041233,2026-08-12T03:35:32.839000-07:00
1396,2026-08-12T10:37:17Z,76289247794,13.0,0.21666666666666667,1.1379781420765027,1.1243666169895679,2026-08-12T03:37:00.695000-07:00
1397,2026-08-12T10:38:17Z,76343271737,75.0,1.25,1.1166666666666667,1.1247143566815698,2026-08-12T03:37:00.695000-07:00
1398,2026-08-12T10:39:18Z,76398255075,135.0,2.25,1.1133879781420766,1.1249875807252856,2026-08-12T03:37:00.695000-07:00
1399,2026-08-12T10:40:18Z,76452447578,46.0,0.7666666666666667,1.1336065573770493,1.1292598112270242,2026-08-12T03:39:30.870000-07:00
1400,2026-08-12T10:41:18Z,76506640082,15.0,0.25,1.1489071038251366,1.1323397913561848,2026-08-12T03:41:00.153000-07:00
1401,2026-08-12T10:42:18Z,76560832585,74.0,1.2333333333333334,1.1245901639344262,1.133532041728763,2026-08-12T03:41:00.153000-07:00
1402,2026-08-12T10:43:18Z,76615025088,136.0,2.2666666666666666,1.119398907103825,1.13474913065077,2026-08-12T03:41:00.153000-07:00
1403,2026-08-12T10:44:18Z,76669217591,47.0,0.7833333333333333,1.139344262295082,1.139418777943368,2026-08-12T03:43:28.372000-07:00
1404,2026-08-12T10:45:18Z,76723410094,14.0,0.23333333333333334,1.1612021857923496,1.1421510183805266,2026-08-12T03:44:59.662000-07:00
1405,2026-08-12T10:46:18Z,76777602598,71.0,1.1833333333333333,1.1398907103825136,1.1424242424242423,2026-08-12T03:44:59.662000-07:00
1406,2026-08-12T10:47:18Z,76831795101,135.0,2.25,1.133879781420765,1.1430700447093889,2026-08-12T03:44:59.662000-07:00
1407,2026-08-12T10:48:18Z,76885987604,47.0,0.7833333333333333,1.1513661202185792,1.1473671137605563,2026-08-12T03:47:29.069000-07:00
1408,2026-08-12T10:49:19Z,76941491677,10.0,0.16666666666666666,1.1680327868852458,1.150074515648286,2026-08-12T03:49:01.944000-07:00
1409,2026-08-12T10:50:19Z,76996797893,31.0,0.5166666666666667,1.1434426229508197,1.1503725782414307,2026-08-12T03:49:43.466000-07:00
1410,2026-08-12T10:51:19Z,77052104109,89.0,1.4833333333333334,1.1366120218579234,1.1501241927471435,2026-08-12T03:49:43.466000-07:00
1411,2026-08-12T10:52:19Z,77107410325,43.0,0.7166666666666667,1.1560109289617486,1.1534525583705912,2026-08-12T03:51:27.862000-07:00
1412,2026-08-12T10:53:19Z,77162716541,14.0,0.23333333333333334,1.1718579234972677,1.1553402881271735,2026-08-12T03:52:55.594000-07:00
1413,2026-08-12T10:54:19Z,77218022757,82.0,1.3666666666666667,1.1491803278688524,1.1548931942374565,2026-08-12T03:52:55.594000-07:00
1414,2026-08-12T10:55:20Z,77274250743,141.0,2.35,1.1426229508196721,1.1521857923497267,2026-08-12T03:52:55.594000-07:00
1415,2026-08-12T10:56:20Z,77329556959,44.0,0.7333333333333333,1.1584699453551914,1.1533532041728762,2026-08-12T03:55:25.605000-07:00
1416,2026-08-12T10:57:20Z,77384863175,14.0,0.23333333333333334,1.176502732240437,1.1530054644808743,2026-08-12T03:56:58.412000-07:00
1417,2026-08-12T10:58:20Z,77440169391,75.0,1.25,1.1546448087431695,1.1501738698460011,2026-08-12T03:56:58.412000-07:00
1418,2026-08-12T10:59:20Z,77495203537,132.0,2.2,1.146448087431694,1.1474913065077,2026-08-12T03:56:58.412000-07:00
1419,2026-08-12T11:00:20Z,77549800003,42.0,0.7,1.1382513661202187,1.1482364629905613,2026-08-12T03:59:26.144000-07:00
1420,2026-08-12T11:01:20Z,77604396470,14.0,0.23333333333333334,1.1562841530054644,1.1473671137605563,2026-08-12T04:00:55.163000-07:00
1421,2026-08-12T11:02:20Z,77658992937,85.0,1.4166666666666667,1.1327868852459015,1.1443616492796822,2026-08-12T04:00:55.163000-07:00
1422,2026-08-12T11:03:21Z,77714499344,145.0,2.4166666666666665,1.124863387978142,1.141331346249379,2026-08-12T04:00:55.163000-07:00
1423,2026-08-12T11:04:21Z,77769095811,48.0,0.8,1.1423497267759564,1.1419026328862394,2026-08-12T04:03:32.929000-07:00
1424,2026-08-12T11:05:21Z,77823692278,14.0,0.23333333333333334,1.1573770491803277,1.1411326378539492,2026-08-12T04:05:03.118000-07:00
1425,2026-08-12T11:06:21Z,77878288745,72.0,1.2,1.1330601092896173,1.1404371584699453,2026-08-12T04:05:03.118000-07:00
1426,2026-08-12T11:07:21Z,77932885211,137.0,2.283333333333333,1.1254098360655738,1.1396423248882266,2026-08-12T04:05:03.118000-07:00
1427,2026-08-12T11:08:21Z,77987481678,53.0,0.8833333333333333,1.143169398907104,1.1425981122702433,2026-08-12T04:07:27.455000-07:00
1428,2026-08-12T11:09:21Z,78041671512,25.0,0.4166666666666667,1.1609289617486338,1.1443368107302534,2026-08-12T04:08:56.491000-07:00
1429,2026-08-12T11:10:21Z,78095251396,85.0,1.4166666666666667,1.1379781420765027,1.1437903626428216,2026-08-12T04:08:56.491000-07:00
1430,2026-08-12T11:11:21Z,78148831280,134.0,2.2333333333333334,1.130601092896175,1.1434674615002485,2026-08-12T04:08:56.491000-07:00
1431,2026-08-12T11:12:21Z,78202411164,46.0,0.7666666666666667,1.1475409836065573,1.1471187282662691,2026-08-12T04:11:26.298000-07:00
1432,2026-08-12T11:13:22Z,78256884047,22.0,0.36666666666666664,1.1653005464480874,1.1495032290114258,2026-08-12T04:12:58.577000-07:00
1433,2026-08-12T11:14:22Z,78310463931,82.0,1.3666666666666667,1.1439890710382514,1.149577744659712,2026-08-12T04:12:58.577000-07:00
1434,2026-08-12T11:15:22Z,78364043815,143.0,2.3833333333333333,1.1363387978142077,1.1486587183308494,2026-08-12T04:12:58.577000-07:00
1435,2026-08-12T11:16:22Z,78417623699,46.0,0.7666666666666667,1.153825136612022,1.1514157973174368,2026-08-12T04:15:31.100000-07:00
1436,2026-08-12T11:17:22Z,78471203583,19.0,0.31666666666666665,1.173224043715847,1.1537506209637358,2026-08-12T04:17:00.839000-07:00
1437,2026-08-12T11:18:22Z,78524783468,79.0,1.3166666666666667,1.151639344262295,1.1540238450074516,2026-08-12T04:17:00.839000-07:00
1438,2026-08-12T11:19:22Z,78578520368,140.0,2.3333333333333335,1.1439890710382514,1.154421261798311,2026-08-12T04:17:00.839000-07:00
1439,2026-08-12T11:20:22Z,78632477091,49.0,0.8166666666666667,1.1508196721311477,1.1582960755091902,2026-08-12T04:19:32.677000-07:00
1440,2026-08-12T11:21:22Z,78686433813,18.0,0.3,1.1683060109289618,1.1607799304520616,2026-08-12T04:20:58.333000-07:00
1441,2026-08-12T11:22:22Z,78740390536,84.0,1.4,1.1562841530054644,1.161177347242921,2026-08-12T04:20:58.333000-07:00
1442,2026-08-12T11:23:23Z,78795246538,136.0,2.2666666666666666,1.1505464480874317,1.1615747640337803,2026-08-12T04:20:58.333000-07:00
1443,2026-08-12T11:24:23Z,78849203261,52.0,0.8666666666666667,1.1696721311475409,1.1656482861400894,2026-08-12T04:23:30.181000-07:00
1444,2026-08-12T11:25:23Z,78903159983,22.0,0.36666666666666664,1.1866120218579237,1.1684053651266766,2026-08-12T04:25:00.376000-07:00
1445,2026-08-12T11:26:23Z,78957116706,73.0,1.2166666666666666,1.1636612021857924,1.1700695479384005,2026-08-12T04:25:00.376000-07:00
1446,2026-08-12T11:27:23Z,79011073429,140.0,2.3333333333333335,1.1581967213114754,1.171733730750124,2026-08-12T04:25:00.376000-07:00
1447,2026-08-12T11:28:23Z,79065030152,49.0,0.8166666666666667,1.1775956284153004,1.1759066070541482,2026-08-12T04:27:26.205000-07:00
1448,2026-08-12T11:29:23Z,79119283814,25.0,0.4166666666666667,1.196448087431694,1.178340784898162,2026-08-12T04:28:58.003000-07:00
1449,2026-08-12T11:30:23Z,79173925782,83.0,1.3833333333333333,1.1743169398907105,1.1783904619970196,2026-08-12T04:28:58.003000-07:00
1450,2026-08-12T11:31:23Z,79228567750,138.0,2.3,1.1691256830601093,1.1786140089418777,2026-08-12T04:28:58.003000-07:00
1451,2026-08-12T11:32:23Z,79283209718,44.0,0.7333333333333333,1.1866120218579237,1.1825633383010432,2026-08-12T04:31:31.497000-07:00
1452,2026-08-12T11:33:23Z,79337851687,14.0,0.23333333333333334,1.2021857923497268,1.1847739692001988,2026-08-12T04:33:00.922000-07:00
1453,2026-08-12T11:34:24Z,79393404354,79.0,1.3166666666666667,1.1773224043715846,1.184848484848485,2026-08-12T04:33:00.922000-07:00
1454,2026-08-12T11:35:24Z,79448046322,134.0,2.2333333333333334,1.1702185792349729,1.1848236462990562,2026-08-12T04:33:00.922000-07:00
1455,2026-08-12T11:36:24Z,79502688290,50.0,0.8333333333333334,1.189071038251366,1.1883258817685047,2026-08-12T04:35:29.835000-07:00
1456,2026-08-12T11:37:24Z,79557330258,15.0,0.25,1.2071038251366122,1.1901639344262296,2026-08-12T04:37:02.671000-07:00
1457,2026-08-12T11:38:24Z,79611972227,78.0,1.3,1.1825136612021858,1.1898410332836562,2026-08-12T04:37:02.671000-07:00
1458,2026-08-12T11:39:24Z,79665966176,140.0,2.3333333333333335,1.1784153005464482,1.1879284649776454,2026-08-12T04:37:02.671000-07:00
1459,2026-08-12T11:40:24Z,79719168102,51.0,0.85,1.196174863387978,1.1881023348236464,2026-08-12T04:39:32.065000-07:00
1460,2026-08-12T11:41:24Z,79772370028,19.0,0.31666666666666665,1.212841530054645,1.1867858917039245,2026-08-12T04:41:03.486000-07:00
1461,2026-08-12T11:42:24Z,79825571954,77.0,1.2833333333333334,1.1893442622950818,1.1830352707401888,2026-08-12T04:41:03.486000-07:00
1462,2026-08-12T11:43:24Z,79878773880,139.0,2.316666666666667,1.1830601092896176,1.1775956284153006,2026-08-12T04:41:03.486000-07:00
1463,2026-08-12T11:44:25Z,79932862505,58.0,0.9666666666666667,1.1811475409836065,1.1744162940884253,2026-08-12T04:43:22.996000-07:00
1464,2026-08-12T11:45:25Z,79986064431,19.0,0.31666666666666665,1.1792349726775957,1.169423745653254,2026-08-12T04:45:01.268000-07:00
1465,2026-08-12T11:46:25Z,80039266357,78.0,1.3,1.1557377049180328,1.1620715350223547,2026-08-12T04:45:01.268000-07:00
1466,2026-08-12T11:47:25Z,80092468283,142.0,2.3666666666666667,1.1478142076502733,1.1531793343268752,2026-08-12T04:45:01.268000-07:00
1467,2026-08-12T11:48:25Z,80145670209,56.0,0.9333333333333333,1.1472677595628415,1.146448087431694,2026-08-12T04:47:26.935000-07:00
1468,2026-08-12T11:49:25Z,80199508333,19.0,0.31666666666666665,1.1475409836065573,1.1384500745156483,2026-08-12T04:48:58.720000-07:00
1469,2026-08-12T11:50:25Z,80254073540,35.0,0.5833333333333334,1.1234972677595627,1.130153999006458,2026-08-12T04:49:42.113000-07:00
1470,2026-08-12T11:51:25Z,80308638748,95.0,1.5833333333333333,1.1153005464480874,1.1222056631892696,2026-08-12T04:49:42.113000-07:00
1471,2026-08-12T11:52:25Z,80363203955,45.0,0.75,1.1150273224043716,1.1167660208643815,2026-08-12T04:51:32.512000-07:00
1472,2026-08-12T11:53:26Z,80418678582,22.0,0.36666666666666664,1.1153005464480874,1.1093144560357675,2026-08-12T04:53:01.742000-07:00
1473,2026-08-12T11:54:26Z,80473243789,84.0,1.4,1.0950819672131147,1.1013661202185792,2026-08-12T04:53:01.742000-07:00
1474,2026-08-12T11:55:26Z,80527808996,144.0,2.4,1.0898907103825137,1.0934426229508196,2026-08-12T04:53:01.742000-07:00
1475,2026-08-12T11:56:26Z,80582374203,57.0,0.95,1.0918032786885246,1.0878291107799305,2026-08-12T04:55:26.283000-07:00
1476,2026-08-12T11:57:26Z,80636939410,24.0,0.4,1.0959016393442622,1.080427223050174,2026-08-12T04:57:01.185000-07:00
1477,2026-08-12T11:58:26Z,80691504617,85.0,1.4166666666666667,1.0658469945355191,1.072627918529558,2026-08-12T04:57:01.185000-07:00
1478,2026-08-12T11:59:26Z,80745951260,144.0,2.4,1.0598360655737706,1.0651018380526578,2026-08-12T04:57:01.185000-07:00
1479,2026-08-12T12:00:26Z,80800271163,51.0,0.85,1.0603825136612022,1.0597118728266268,2026-08-12T04:59:30.844000-07:00
1480,2026-08-12T12:01:26Z,80854591065,23.0,0.38333333333333336,1.0617486338797815,1.0523099850968705,2026-08-12T05:01:02.764000-07:00
1481,2026-08-12T12:02:27Z,80909816299,78.0,1.3,1.033879781420765,1.044287133631396,2026-08-12T05:01:02.764000-07:00
1482,2026-08-12T12:03:27Z,80964136201,142.0,2.3666666666666667,1.0292349726775956,1.036214605067064,2026-08-12T05:01:02.764000-07:00
1483,2026-08-12T12:04:27Z,81018456104,54.0,0.9,1.032513661202186,1.031122702434178,2026-08-12T05:03:31.484000-07:00
1484,2026-08-12T12:05:27Z,81072776006,22.0,0.36666666666666664,1.0357923497267758,1.023919523099851,2026-08-12T05:05:03.027000-07:00
1485,2026-08-12T12:06:27Z,81127095908,83.0,1.3833333333333333,1.0084699453551913,1.0162195727769499,2026-08-12T05:05:03.027000-07:00
1486,2026-08-12T12:07:27Z,81181415811,138.0,2.3,1.0035519125683061,1.0086686537506209,2026-08-12T05:05:03.027000-07:00
1487,2026-08-12T12:08:27Z,81235735713,47.0,0.7833333333333333,1.007103825136612,1.0038748137108793,2026-08-12T05:07:33.475000-07:00
1488,2026-08-12T12:09:27Z,81290089661,38.0,0.6333333333333333,1.0098360655737706,0.999826130153999,2026-08-12T05:08:48.588000-07:00
1489,2026-08-12T12:10:28Z,81345384121,90.0,1.5,0.9806010928961748,0.9945106805762542,2026-08-12T05:08:48.588000-07:00
1490,2026-08-12T12:11:28Z,81399772115,146.0,2.433333333333333,0.9756830601092896,0.9891455538996522,2026-08-12T05:08:48.588000-07:00
1491,2026-08-12T12:12:28Z,81454160109,48.0,0.8,0.978688524590164,0.986736214605067,2026-08-12T05:11:32.731000-07:00
1492,2026-08-12T12:13:28Z,81508548103,23.0,0.38333333333333336,0.9811475409836066,0.9851713859910581,2026-08-12T05:12:59.093000-07:00
1493,2026-08-12T12:14:28Z,81562936096,15.0,0.25,0.9846994535519125,0.9826626924987582,2026-08-12T05:14:09.320000-07:00
1494,2026-08-12T12:15:28Z,81617324090,75.0,1.25,0.9740437158469945,0.9804272230501738,2026-08-12T05:14:09.320000-07:00
1495,2026-08-12T12:16:28Z,81671712084,57.0,0.95,0.976775956284153,0.9823397913561848,2026-08-12T05:15:31.207000-07:00
1496,2026-08-12T12:17:28Z,81726100078,17.0,0.2833333333333333,0.9819672131147541,0.9862891207153502,2026-08-12T05:17:03.714000-07:00
1497,2026-08-12T12:18:28Z,81780488072,17.0,0.2833333333333333,0.9863387978142076,0.9894684550422255,2026-08-12T05:18:05.571000-07:00
1498,2026-08-12T12:19:28Z,81835038147,80.0,1.3333333333333333,0.9795081967213115,0.9928216592151018,2026-08-12T05:18:05.571000-07:00
1499,2026-08-12T12:20:29Z,81890651541,52.0,0.8666666666666667,0.9852459016393443,0.9961997019374068,2026-08-12T05:19:26.463000-07:00
1500,2026-08-12T12:21:29Z,81945353241,19.0,0.31666666666666665,1.001639344262295,1.0009190263288625,2026-08-12T05:21:02.912000-07:00
1501,2026-08-12T12:22:29Z,82000054941,17.0,0.2833333333333333,1.0191256830601092,1.004769001490313,2026-08-12T05:22:00.165000-07:00
1502,2026-08-12T12:23:30Z,82055668335,85.0,1.4166666666666667,1.0136612021857925,1.008420268256334,2026-08-12T05:22:00.165000-07:00
1503,2026-08-12T12:24:30Z,82110370035,62.0,1.0333333333333334,1.018032786885246,1.0121460506706408,2026-08-12T05:23:25.345000-07:00
1504,2026-08-12T12:25:30Z,82165071734,33.0,0.55,1.0218579234972678,1.01698956780924,2026-08-12T05:24:52.711000-07:00
1505,2026-08-12T12:26:30Z,82219773434,29.0,0.48333333333333334,1.0259562841530054,1.0208892200695479,2026-08-12T05:25:58.902000-07:00
1506,2026-08-12T12:27:30Z,82274475134,88.0,1.4666666666666666,1.0191256830601092,1.0235221063089914,2026-08-12T05:25:58.902000-07:00
1507,2026-08-12T12:28:30Z,82329176833,30.0,0.5,1.0221311475409836,1.025211127670144,2026-08-12T05:27:58.510000-07:00
1508,2026-08-12T12:29:30Z,82383212835,27.0,0.45,1.0273224043715847,1.0278440139095877,2026-08-12T05:28:58.904000-07:00
1509,2026-08-12T12:30:31Z,82437595699,27.0,0.45,1.0327868852459017,1.0294088425235968,2026-08-12T05:29:54.186000-07:00
1510,2026-08-12T12:31:31Z,82491087039,88.0,1.4666666666666666,1.0281420765027323,1.031023348236463,2026-08-12T05:29:54.186000-07:00
1511,2026-08-12T12:32:31Z,82544578380,36.0,0.6,1.0306010928961749,1.0325881768504719,2026-08-12T05:31:54.985000-07:00
1512,2026-08-12T12:33:31Z,82598069721,27.0,0.45,1.0377049180327869,1.035171385991058,2026-08-12T05:33:00.923000-07:00
1513,2026-08-12T12:34:32Z,82652452584,26.0,0.43333333333333335,1.042622950819672,1.0370839542970691,2026-08-12T05:34:00.396000-07:00
1514,2026-08-12T12:35:32Z,82705943925,91.0,1.5166666666666666,1.0352459016393443,1.0387978142076504,2026-08-12T05:34:00.396000-07:00
1515,2026-08-12T12:36:32Z,82759435266,34.0,0.5666666666666667,1.0396174863387977,1.0403874813710878,2026-08-12T05:35:58.336000-07:00
1516,2026-08-12T12:37:32Z,82812926607,32.0,0.5333333333333333,1.0431693989071038,1.042896174863388,2026-08-12T05:36:58.857000-07:00
1517,2026-08-12T12:38:33Z,82867309470,28.0,0.4666666666666667,1.0475409836065575,1.045057128663686,2026-08-12T05:38:00.624000-07:00
1518,2026-08-12T12:39:33Z,82922017672,88.0,1.4666666666666666,1.0431693989071038,1.0470193740685543,2026-08-12T05:38:00.624000-07:00
1519,2026-08-12T12:40:33Z,82977537115,33.0,0.55,1.0461748633879782,1.050695479384004,2026-08-12T05:39:58.901000-07:00
1520,2026-08-12T12:41:33Z,83033056559,33.0,0.55,1.0502732240437158,1.0571783407848983,2026-08-12T05:40:59.093000-07:00
1521,2026-08-12T12:42:33Z,83088576002,30.0,0.5,1.055737704918033,1.0626179831097864,2026-08-12T05:42:00.707000-07:00
1522,2026-08-12T12:43:33Z,83144095445,86.0,1.4333333333333333,1.0543715846994535,1.0681818181818181,2026-08-12T05:42:00.707000-07:00
1523,2026-08-12T12:44:33Z,83199614888,152.0,2.533333333333333,1.0592896174863387,1.0753353204172875,2026-08-12T05:42:00.707000-07:00
1524,2026-08-12T12:45:34Z,83256059656,19.0,0.31666666666666665,1.0830601092896175,1.084674615002484,2026-08-12T05:45:06.723000-07:00
1525,2026-08-12T12:46:34Z,83311579099,29.0,0.48333333333333334,1.1065573770491803,1.0933432687531048,2026-08-12T05:45:56.427000-07:00
1526,2026-08-12T12:47:34Z,83367098542,97.0,1.6166666666666667,1.0994535519125683,1.1023099850968703,2026-08-12T05:45:56.427000-07:00
1527,2026-08-12T12:48:35Z,83423543310,158.0,2.6333333333333333,1.1043715846994535,1.1130650769995032,2026-08-12T05:45:56.427000-07:00
1528,2026-08-12T12:49:35Z,83478278741,31.0,0.5166666666666667,1.1262295081967213,1.126005961251863,2026-08-12T05:49:03.353000-07:00
1529,2026-08-12T12:50:35Z,83532560271,40.0,0.6666666666666666,1.1459016393442625,1.1381271733730751,2026-08-12T05:49:54.312000-07:00
1530,2026-08-12T12:51:35Z,83586841801,95.0,1.5833333333333333,1.1415300546448088,1.148087431693989,2026-08-12T05:49:54.312000-07:00
1531,2026-08-12T12:52:35Z,83641123331,159.0,2.65,1.1489071038251366,1.1575012419274715,2026-08-12T05:49:54.312000-07:00
1532,2026-08-12T12:53:35Z,83695404861,25.0,0.4166666666666667,1.1740437158469945,1.169249875807253,2026-08-12T05:53:01.295000-07:00
1533,2026-08-12T12:54:35Z,83749686391,38.0,0.6333333333333333,1.1967213114754098,1.1805265772478888,2026-08-12T05:53:57.052000-07:00
1534,2026-08-12T12:55:35Z,83803967921,98.0,1.6333333333333333,1.1926229508196722,1.190039741679086,2026-08-12T05:53:57.052000-07:00
1535,2026-08-12T12:56:36Z,83859154144,159.0,2.65,1.1926229508196722,1.1995529061102832,2026-08-12T05:53:57.052000-07:00
1536,2026-08-12T12:57:36Z,83913435674,32.0,0.5333333333333333,1.2101092896174863,1.2112270243417784,2026-08-12T05:57:03.347000-07:00
1537,2026-08-12T12:58:36Z,83967717204,35.0,0.5833333333333334,1.228688524590164,1.2223050173869845,2026-08-12T05:57:50.899000-07:00
1538,2026-08-12T12:59:36Z,84021910929,104.0,1.7333333333333334,1.2284153005464482,1.2312220566318928,2026-08-12T05:57:50.899000-07:00
1539,2026-08-12T13:00:36Z,84076057376,164.0,2.7333333333333334,1.2308743169398906,1.2397665176353703,2026-08-12T05:57:50.899000-07:00
1540,2026-08-12T13:01:36Z,84130203823,34.0,0.5666666666666667,1.2505464480874318,1.2501987083954296,2026-08-12T06:01:01.652000-07:00
1541,2026-08-12T13:02:37Z,84185252711,32.0,0.5333333333333333,1.269945355191257,1.260655737704918,2026-08-12T06:01:51.973000-07:00
1542,2026-08-12T13:03:37Z,84239399157,104.0,1.7333333333333334,1.2707650273224043,1.2694734227521112,2026-08-12T06:01:51.973000-07:00
1543,2026-08-12T13:04:37Z,84293545604,160.0,2.6666666666666665,1.2721311475409836,1.278166915052161,2026-08-12T06:01:51.973000-07:00
1544,2026-08-12T13:05:37Z,84347692051,27.0,0.45,1.2907103825136612,1.2885991058122206,2026-08-12T06:04:59.373000-07:00
1545,2026-08-12T13:06:37Z,84401838498,38.0,0.6333333333333333,1.3073770491803278,1.299056135121709,2026-08-12T06:05:58.481000-07:00
1546,2026-08-12T13:07:37Z,84455984945,96.0,1.6,1.3076502732240436,1.3079980129160456,2026-08-12T06:05:58.481000-07:00
1547,2026-08-12T13:08:37Z,84510131391,154.0,2.566666666666667,1.307103825136612,1.316890213611525,2026-08-12T06:05:58.481000-07:00
1548,2026-08-12T13:09:37Z,84564075137,31.0,0.5166666666666667,1.3243169398907104,1.3274962742175858,2026-08-12T06:09:02.989000-07:00
1549,2026-08-12T13:10:37Z,84617917532,49.0,0.8166666666666667,1.3431693989071039,1.3397913561847987,2026-08-12T06:09:47.853000-07:00
1550,2026-08-12T13:11:38Z,84672657300,105.0,1.75,1.3459016393442622,1.3512419274714356,2026-08-12T06:09:47.853000-07:00
1551,2026-08-12T13:12:38Z,84726499695,166.0,2.7666666666666666,1.3489071038251366,1.3633383010432192,2026-08-12T06:09:47.853000-07:00
1552,2026-08-12T13:13:38Z,84780342090,43.0,0.7166666666666667,1.3677595628415302,1.3772478887232984,2026-08-12T06:12:54.859000-07:00
1553,2026-08-12T13:14:38Z,84834184485,41.0,0.6833333333333333,1.387431693989071,1.3884003974167909,2026-08-12T06:13:52.434000-07:00
1554,2026-08-12T13:15:39Z,84888924253,102.0,1.7,1.4073770491803277,1.3984848484848484,2026-08-12T06:13:52.434000-07:00
1555,2026-08-12T13:16:39Z,84942766648,161.0,2.683333333333333,1.4166666666666667,1.4084451068057626,2026-08-12T06:13:52.434000-07:00
1556,2026-08-12T13:17:39Z,84996609043,31.0,0.5166666666666667,1.4404371584699454,1.419920516641828,2026-08-12T06:17:00.835000-07:00
1557,2026-08-12T13:18:39Z,85050451438,35.0,0.5833333333333334,1.4606557377049179,1.4280427223050174,2026-08-12T06:18:01.327000-07:00
1558,2026-08-12T13:19:39Z,85105344195,97.0,1.6166666666666667,1.4297814207650275,1.434997516145057,2026-08-12T06:18:01.327000-07:00
1559,2026-08-12T13:20:39Z,85160687108,152.0,2.533333333333333,1.4352459016393442,1.441852955787382,2026-08-12T06:18:01.327000-07:00
1560,2026-08-12T13:21:39Z,85216030020,36.0,0.6,1.4527322404371583,1.4484848484848485,2026-08-12T06:21:02.584000-07:00
1561,2026-08-12T13:22:39Z,85271372933,46.0,0.7666666666666667,1.4721311475409835,1.451390958768008,2026-08-12T06:21:50.670000-07:00
1562,2026-08-12T13:23:40Z,85327638228,109.0,1.8166666666666667,1.4382513661202185,1.4525832091405861,2026-08-12T06:21:50.670000-07:00
1563,2026-08-12T13:24:40Z,85382981140,168.0,2.8,1.444262295081967,1.4535767511177347,2026-08-12T06:21:50.670000-07:00
1564,2026-08-12T13:25:40Z,85438324053,47.0,0.7833333333333333,1.462841530054645,1.4563835072031792,2026-08-12T06:24:52.717000-07:00
1565,2026-08-12T13:26:40Z,85493666966,33.0,0.55,1.480327868852459,1.4557625434674615,2026-08-12T06:26:00.318000-07:00
1566,2026-08-12T13:27:40Z,85549009878,93.0,1.55,1.4486338797814207,1.4539244908097366,2026-08-12T06:26:00.318000-07:00
1567,2026-08-12T13:28:40Z,85604352791,156.0,2.6,1.453551912568306,1.4524093392945852,2026-08-12T06:26:00.318000-07:00
1568,2026-08-12T13:29:40Z,85658228860,29.0,0.48333333333333334,1.471584699453552,1.4556135121708893,2026-08-12T06:29:03.960000-07:00
1569,2026-08-12T13:30:40Z,85711525013,36.0,0.6,1.4606557377049179,1.4554396423248883,2026-08-12T06:30:01.226000-07:00
1570,2026-08-12T13:31:40Z,85764821166,99.0,1.65,1.4284153005464482,1.4537754595131644,2026-08-12T06:30:01.226000-07:00
1571,2026-08-12T13:32:41Z,85819005589,159.0,2.65,1.4325136612021858,1.4521609538002982,2026-08-12T06:30:01.226000-07:00
1572,2026-08-12T13:33:41Z,85872301742,39.0,0.65,1.455464480874317,1.4550422255340287,2026-08-12T06:33:00.134000-07:00
1573,2026-08-12T13:34:41Z,85925597896,32.0,0.5333333333333333,1.473497267759563,1.4548683556880277,2026-08-12T06:34:00.222000-07:00
1574,2026-08-12T13:35:41Z,85978894049,94.0,1.5666666666666667,1.4423497267759564,1.4536512667660209,2026-08-12T06:34:00.222000-07:00
1575,2026-08-12T13:36:41Z,86032190203,152.0,2.533333333333333,1.444535519125683,1.4550422255340287,2026-08-12T06:34:00.222000-07:00
1576,2026-08-12T13:37:41Z,86085486356,35.0,0.5833333333333334,1.462568306010929,1.4582712369597615,2026-08-12T06:37:02.166000-07:00
1577,2026-08-12T13:38:42Z,86139670779,30.0,0.5,1.480327868852459,1.4580228514654743,2026-08-12T06:38:00.435000-07:00
1578,2026-08-12T13:39:42Z,86194375494,91.0,1.5166666666666666,1.451639344262295,1.457103825136612,2026-08-12T06:38:00.435000-07:00
1579,2026-08-12T13:40:42Z,86249549730,157.0,2.6166666666666667,1.4581967213114755,1.4546944858420268,2026-08-12T06:38:00.435000-07:00
1580,2026-08-12T13:41:43Z,86305643537,43.0,0.7166666666666667,1.4759562841530054,1.4539990064580228,2026-08-12T06:40:59.808000-07:00
1581,2026-08-12T13:42:44Z,86361737343,44.0,0.7333333333333333,1.4639344262295082,1.4502235469448583,2026-08-12T06:41:59.626000-07:00
1582,2026-08-12T13:43:44Z,86416911579,99.0,1.65,1.4297814207650275,1.4468455042225534,2026-08-12T06:41:59.626000-07:00
1583,2026-08-12T13:44:44Z,86472085815,158.0,2.6333333333333333,1.4453551912568308,1.4421758569299554,2026-08-12T06:41:59.626000-07:00
1584,2026-08-12T13:45:45Z,86528179622,225.0,3.75,1.4469945355191256,1.4403626428216592,2026-08-12T06:41:59.626000-07:00
1585,2026-08-12T13:46:45Z,86583353858,53.0,0.8833333333333333,1.4346994535519126,1.4352210630899156,2026-08-12T06:45:47.195000-07:00
1586,2026-08-12T13:47:45Z,86638528094,116.0,1.9333333333333333,1.4030054644808743,1.430327868852459,2026-08-12T06:45:47.195000-07:00
1587,2026-08-12T13:48:45Z,86693702330,171.0,2.85,1.4254098360655738,1.4265524093392945,2026-08-12T06:45:47.195000-07:00
1588,2026-08-12T13:49:45Z,86747786038,45.0,0.75,1.42896174863388,1.4258817685047194,2026-08-12T06:48:54.775000-07:00
1589,2026-08-12T13:50:45Z,86801597115,51.0,0.85,1.431693989071038,1.4207650273224044,2026-08-12T06:49:54.483000-07:00
1590,2026-08-12T13:51:45Z,86855408191,104.0,1.7333333333333334,1.401639344262295,1.4168902136115251,2026-08-12T06:49:54.483000-07:00
1591,2026-08-12T13:52:45Z,86909219267,166.0,2.7666666666666666,1.4221311475409837,1.414456035767511,2026-08-12T06:49:54.483000-07:00
1592,2026-08-12T13:53:46Z,86963927195,35.0,0.5833333333333334,1.4224043715846995,1.4151763537009439,2026-08-12T06:53:03.098000-07:00
1593,2026-08-12T13:54:46Z,87017738271,47.0,0.7833333333333333,1.4224043715846995,1.4110779930452062,2026-08-12T06:53:56.905000-07:00
1594,2026-08-12T13:55:46Z,87071549348,106.0,1.7666666666666666,1.3890710382513662,1.4085196224540488,2026-08-12T06:53:56.905000-07:00
1595,2026-08-12T13:56:46Z,87125360424,162.0,2.7,1.4043715846994536,1.4059612518628912,2026-08-12T06:53:56.905000-07:00
1596,2026-08-12T13:57:46Z,87179171501,43.0,0.7166666666666667,1.4079234972677597,1.406333830104322,2026-08-12T06:56:56.698000-07:00
1597,2026-08-12T13:58:46Z,87232982577,50.0,0.8333333333333334,1.4109289617486338,1.402086438152012,2026-08-12T06:57:54.406000-07:00
1598,2026-08-12T13:59:46Z,87287242503,101.0,1.6833333333333333,1.3803278688524592,1.3995529061102832,2026-08-12T06:57:54.406000-07:00
1599,2026-08-12T14:00:46Z,87341603191,64.0,1.0666666666666667,1.4008196721311477,1.3975409836065573,2026-08-12T06:59:35.967000-07:00
1600,2026-08-12T14:01:46Z,87395963879,46.0,0.7666666666666667,1.4035519125683058,1.3990312965722802,2026-08-12T07:01:00.446000-07:00
1601,2026-08-12T14:02:47Z,87451230578,49.0,0.8166666666666667,1.4057377049180328,1.396448087431694,2026-08-12T07:01:49.958000-07:00
1602,2026-08-12T14:03:47Z,87505591266,116.0,1.9333333333333333,1.3754098360655738,1.3952806756085445,2026-08-12T07:01:49.958000-07:00
1603,2026-08-12T14:04:47Z,87559951954,170.0,2.8333333333333335,1.394535519125683,1.394287133631396,2026-08-12T07:01:49.958000-07:00
1604,2026-08-12T14:05:47Z,87614312642,46.0,0.7666666666666667,1.400273224043716,1.3965474416294088,2026-08-12T07:04:55.633000-07:00
1605,2026-08-12T14:06:47Z,87668673330,35.0,0.5833333333333334,1.4054644808743169,1.3945355191256832,2026-08-12T07:06:00.776000-07:00
1606,2026-08-12T14:07:47Z,87723034017,104.0,1.7333333333333334,1.3759562841530055,1.3940884252359662,2026-08-12T07:06:00.776000-07:00
1607,2026-08-12T14:08:47Z,87777394705,161.0,2.683333333333333,1.3950819672131147,1.3935668156979633,2026-08-12T07:06:00.776000-07:00
1608,2026-08-12T14:09:47Z,87831831250,49.0,0.8166666666666667,1.4000000000000001,1.3960258320914058,2026-08-12T07:08:58.013000-07:00
1609,2026-08-12T14:10:47Z,87886282966,55.0,0.9166666666666666,1.405191256830601,1.3940884252359662,2026-08-12T07:09:51.720000-07:00
1610,2026-08-12T14:11:47Z,87940734681,114.0,1.9,1.3786885245901639,1.3887729756582217,2026-08-12T07:09:51.720000-07:00
1611,2026-08-12T14:12:47Z,87995186397,61.0,1.0166666666666666,1.3986338797814206,1.3828117237953303,2026-08-12T07:11:45.962000-07:00
1612,2026-08-12T14:13:48Z,88050545642,41.0,0.6833333333333333,1.4000000000000001,1.3793094883258818,2026-08-12T07:13:00.087000-07:00
1613,2026-08-12T14:14:48Z,88104997357,100.0,1.6666666666666667,1.4024590163934425,1.3710879284649775,2026-08-12T07:13:00.087000-07:00
1614,2026-08-12T14:15:48Z,88159449073,47.0,0.7833333333333333,1.373224043715847,1.3638847491306507,2026-08-12T07:14:55.604000-07:00
1615,2026-08-12T14:16:48Z,88213900789,57.0,0.95,1.3418032786885246,1.356234475906607,2026-08-12T07:15:43.515000-07:00
1616,2026-08-12T14:17:48Z,88268352505,45.0,0.75,1.3398907103825137,1.3512170889220068,2026-08-12T07:16:54.622000-07:00
1617,2026-08-12T14:18:48Z,88322804221,113.0,1.8833333333333333,1.337431693989071,1.341679085941381,2026-08-12T07:16:54.622000-07:00
1618,2026-08-12T14:19:48Z,88377125615,48.0,0.8,1.3046448087431692,1.3340039741679084,2026-08-12T07:18:53.808000-07:00
1619,2026-08-12T14:20:48Z,88431424012,107.0,1.7833333333333334,1.3207650273224043,1.3261798310978639,2026-08-12T07:18:53.808000-07:00
1620,2026-08-12T14:21:48Z,88485722409,42.0,0.7,1.32103825136612,1.3211624441132637,2026-08-12T07:20:55.775000-07:00
1621,2026-08-12T14:22:48Z,88540020806,111.0,1.85,1.323497267759563,1.3160953800298063,2026-08-12T07:20:55.775000-07:00
1622,2026-08-12T14:23:48Z,88594319203,47.0,0.7833333333333333,1.2937158469945356,1.3128415300546448,2026-08-12T07:22:57.197000-07:00
1623,2026-08-12T14:24:49Z,88649522573,109.0,1.8166666666666667,1.3155737704918034,1.3101092896174864,2026-08-12T07:22:57.197000-07:00
1624,2026-08-12T14:25:49Z,88703820970,46.0,0.7666666666666667,1.3163934426229509,1.3107302533532041,2026-08-12T07:25:01.099000-07:00
1625,2026-08-12T14:26:49Z,88758119367,103.0,1.7166666666666666,1.318032786885246,1.3095380029806258,2026-08-12T07:25:01.099000-07:00
1626,2026-08-12T14:27:49Z,88812417764,46.0,0.7666666666666667,1.2860655737704918,1.3098857426726278,2026-08-12T07:27:00.841000-07:00
1627,2026-08-12T14:28:49Z,88866716161,104.0,1.7333333333333334,1.3040983606557377,1.3100099354197714,2026-08-12T07:27:00.841000-07:00
1628,2026-08-12T14:29:49Z,88921265908,44.0,0.7333333333333333,1.3073770491803278,1.3127173373075012,2026-08-12T07:28:55.162000-07:00
1629,2026-08-12T14:30:49Z,88975854325,104.0,1.7333333333333334,1.3114754098360655,1.310307998012916,2026-08-12T07:28:55.162000-07:00
1630,2026-08-12T14:31:49Z,89030442741,46.0,0.7666666666666667,1.3076502732240436,1.3093144560357675,2026-08-12T07:30:59.261000-07:00
1631,2026-08-12T14:32:49Z,89085031158,107.0,1.7833333333333334,1.324863387978142,1.3087680079483357,2026-08-12T07:30:59.261000-07:00
1632,2026-08-12T14:33:49Z,89139619574,48.0,0.8,1.324863387978142,1.3115747640337803,2026-08-12T07:33:00.067000-07:00
1633,2026-08-12T14:34:50Z,89195117798,109.0,1.8166666666666667,1.323497267759563,1.3099850968703428,2026-08-12T07:33:00.067000-07:00
1634,2026-08-12T14:35:50Z,89249706215,53.0,0.8833333333333333,1.2890710382513662,1.308320914058619,2026-08-12T07:34:52.213000-07:00
1635,2026-08-12T14:36:50Z,89304294631,113.0,1.8833333333333333,1.305464480874317,1.3060854446100347,2026-08-12T07:34:52.213000-07:00
1636,2026-08-12T14:37:50Z,89358883048,44.0,0.7333333333333333,1.3120218579234972,1.3042225534028813,2026-08-12T07:36:59.938000-07:00
1637,2026-08-12T14:38:50Z,89413471464,105.0,1.75,1.3169398907103824,1.3005712866368604,2026-08-12T07:36:59.938000-07:00
1638,2026-08-12T14:39:50Z,89467553768,48.0,0.8,1.2866120218579236,1.2984848484848486,2026-08-12T07:38:59.934000-07:00
1639,2026-08-12T14:40:50Z,89521569226,110.0,1.8333333333333333,1.2890710382513662,1.2951564828614008,2026-08-12T07:38:59.934000-07:00
1640,2026-08-12T14:41:50Z,89575584684,60.0,1.0,1.2868852459016393,1.2965722801788375,2026-08-12T07:40:50.768000-07:00
1641,2026-08-12T14:42:51Z,89630500400,116.0,1.9333333333333333,1.287158469945355,1.2962245404868356,2026-08-12T07:40:50.768000-07:00
1642,2026-08-12T14:43:51Z,89684515858,49.0,0.8166666666666667,1.2846994535519127,1.2970938897168407,2026-08-12T07:43:01.667000-07:00
1643,2026-08-12T14:44:51Z,89738531316,108.0,1.8,1.301912568306011,1.2959761549925484,2026-08-12T07:43:01.667000-07:00
1644,2026-08-12T14:45:51Z,89792546774,51.0,0.85,1.2868852459016393,1.29923000496771,2026-08-12T07:44:58.583000-07:00
1645,2026-08-12T14:46:51Z,89846562232,110.0,1.8333333333333333,1.3046448087431692,1.301043219076006,2026-08-12T07:44:58.583000-07:00
1646,2026-08-12T14:47:51Z,89900577690,46.0,0.7666666666666667,1.301639344262295,1.3046944858420269,2026-08-12T07:47:01.115000-07:00
1647,2026-08-12T14:48:51Z,89954593148,107.0,1.7833333333333334,1.321584699453552,1.3072528564331842,2026-08-12T07:47:01.115000-07:00
1648,2026-08-12T14:49:51Z,90009051368,51.0,0.85,1.3046448087431692,1.3120715350223546,2026-08-12T07:48:58.995000-07:00
1649,2026-08-12T14:50:51Z,90063558783,104.0,1.7333333333333334,1.3224043715846996,1.314108296075509,2026-08-12T07:48:58.995000-07:00
1650,2026-08-12T14:51:51Z,90118066199,52.0,0.8666666666666667,1.3090163934426229,1.3193740685543964,2026-08-12T07:50:58.224000-07:00
1651,2026-08-12T14:52:52Z,90173482071,113.0,1.8833333333333333,1.327049180327869,1.3218579234972678,2026-08-12T07:50:58.224000-07:00
1652,2026-08-12T14:53:52Z,90227989487,57.0,0.95,1.3153005464480874,1.324093392945852,2026-08-12T07:52:52.988000-07:00
1653,2026-08-12T14:54:52Z,90282496902,115.0,1.9166666666666667,1.3377049180327867,1.323224043715847,2026-08-12T07:52:52.988000-07:00
1654,2026-08-12T14:55:52Z,90337004318,50.0,0.8333333333333334,1.3243169398907104,1.3256085444610035,2026-08-12T07:54:59.622000-07:00
1655,2026-08-12T14:56:52Z,90391511733,112.0,1.8666666666666667,1.344808743169399,1.3252608047690015,2026-08-12T07:54:59.622000-07:00
1656,2026-08-12T14:57:52Z,90446019149,45.0,0.75,1.3319672131147542,1.3253601589667163,2026-08-12T07:57:00.877000-07:00
1657,2026-08-12T14:58:52Z,90500526564,109.0,1.8166666666666667,1.3262295081967215,1.3225037257824144,2026-08-12T07:57:00.877000-07:00
1658,2026-08-12T14:59:52Z,90556084775,62.0,1.0333333333333334,1.3120218579234972,1.3222801788375558,2026-08-12T07:58:50.182000-07:00
1659,2026-08-12T15:00:52Z,90611738512,116.0,1.9333333333333333,1.3308743169398907,1.3216840536512668,2026-08-12T07:58:50.182000-07:00
1660,2026-08-12T15:01:52Z,90667392249,50.0,0.8333333333333334,1.3185792349726777,1.3213611525086935,2026-08-12T08:01:01.622000-07:00
1661,2026-08-12T15:02:52Z,90723045986,109.0,1.8166666666666667,1.3101092896174864,1.3176602086438152,2026-08-12T08:01:01.622000-07:00
1662,2026-08-12T15:03:53Z,90779627285,49.0,0.8166666666666667,1.2956284153005464,1.3169150521609538,2026-08-12T08:03:01.303000-07:00
1663,2026-08-12T15:04:53Z,90835281022,111.0,1.85,1.3128415300546448,1.3153253849975162,2026-08-12T08:03:01.303000-07:00
1664,2026-08-12T15:05:53Z,90890934760,44.0,0.7333333333333333,1.3311475409836067,1.3145305514157974,2026-08-12T08:05:02.436000-07:00
1665,2026-08-12T15:06:53Z,90946588497,106.0,1.7666666666666666,1.3207650273224043,1.3106308991554894,2026-08-12T08:05:02.436000-07:00
1666,2026-08-12T15:07:53Z,91002242234,59.0,0.9833333333333333,1.3040983606557377,1.3088922006954793,2026-08-12T08:06:48.462000-07:00
1667,2026-08-12T15:08:53Z,91057895971,122.0,2.033333333333333,1.3237704918032787,1.3062593144560357,2026-08-12T08:06:48.462000-07:00
1668,2026-08-12T15:09:54Z,91113562763,50.0,0.8333333333333334,1.3087431693989071,1.3046199701937407,2026-08-12T08:09:03.711000-07:00
1669,2026-08-12T15:10:54Z,91168253861,58.0,0.9666666666666667,1.3032786885245902,1.3000745156482862,2026-08-12T08:09:43.115000-07:00
1670,2026-08-12T15:11:54Z,91222944958,47.0,0.7833333333333333,1.2879781420765026,1.2953551912568306,2026-08-12T08:10:59.604000-07:00
1671,2026-08-12T15:12:54Z,91277636056,115.0,1.9166666666666667,1.2994535519125683,1.2903129657228016,2026-08-12T08:10:59.604000-07:00
1672,2026-08-12T15:13:54Z,91332327154,52.0,0.8666666666666667,1.2811475409836066,1.2864381520119226,2026-08-12T08:12:57.691000-07:00
1673,2026-08-12T15:14:55Z,91387929770,104.0,1.7333333333333334,1.2775956284153005,1.279557873820169,2026-08-12T08:12:57.691000-07:00
1674,2026-08-12T15:15:55Z,91442620867,45.0,0.75,1.2628415300546447,1.2756582215598609,2026-08-12T08:15:00.401000-07:00
1675,2026-08-12T15:16:55Z,91497311965,112.0,1.8666666666666667,1.2792349726775956,1.2713611525086934,2026-08-12T08:15:00.401000-07:00
1676,2026-08-12T15:17:55Z,91552003063,46.0,0.7666666666666667,1.2653005464480875,1.268107302533532,2026-08-12T08:16:56.135000-07:00
1677,2026-08-12T15:18:55Z,91606694160,118.0,1.9666666666666666,1.2614754098360657,1.2623695976154992,2026-08-12T08:16:56.135000-07:00
1678,2026-08-12T15:19:55Z,91661198326,51.0,0.85,1.2480874316939892,1.2596870342771982,2026-08-12T08:18:56.979000-07:00
1679,2026-08-12T15:20:55Z,91715696046,113.0,1.8833333333333333,1.265846994535519,1.255961251862891,2026-08-12T08:18:56.979000-07:00
1680,2026-08-12T15:21:55Z,91770193765,58.0,0.9666666666666667,1.2560109289617485,1.2531544957774465,2026-08-12T08:20:57.629000-07:00
1681,2026-08-12T15:22:55Z,91824691485,108.0,1.8,1.2521857923497268,1.247665176353701,2026-08-12T08:20:57.629000-07:00
1682,2026-08-12T15:23:55Z,91879189205,68.0,1.1333333333333333,1.2363387978142077,1.2452061599602582,2026-08-12T08:22:45.728000-07:00
1683,2026-08-12T15:24:55Z,91933686925,129.0,2.15,1.251639344262295,1.2419523099850969,2026-08-12T08:22:45.728000-07:00
1684,2026-08-12T15:25:56Z,91989092940,60.0,1.0,1.2366120218579235,1.2391207153502235,2026-08-12T08:24:54.873000-07:00
1685,2026-08-12T15:26:56Z,92043590659,121.0,2.0166666666666666,1.231967213114754,1.2334823646299056,2026-08-12T08:24:54.873000-07:00
1686,2026-08-12T15:27:56Z,92098088379,56.0,0.9333333333333333,1.2188524590163934,1.2303775459513164,2026-08-12T08:26:58.937000-07:00
1687,2026-08-12T15:28:56Z,92152586099,25.0,0.4166666666666667,1.2382513661202186,1.226527570789866,2026-08-12T08:28:29.471000-07:00
1688,2026-08-12T15:29:56Z,92207040447,52.0,0.8666666666666667,1.2256830601092896,1.2238450074515648,2026-08-12T08:29:02.788000-07:00
1689,2026-08-12T15:30:56Z,92261494060,113.0,1.8833333333333333,1.2169398907103826,1.2185047193243914,2026-08-12T08:29:02.788000-07:00
1690,2026-08-12T15:31:57Z,92316855233,59.0,0.9833333333333333,1.2038251366120218,1.2164182811723796,2026-08-12T08:30:56.133000-07:00
1691,2026-08-12T15:32:57Z,92371308846,15.0,0.25,1.2218579234972677,1.2136363636363636,2026-08-12T08:32:40.708000-07:00
1692,2026-08-12T15:33:57Z,92425762460,54.0,0.9,1.2098360655737705,1.2114008941877794,2026-08-12T08:32:59.900000-07:00
1693,2026-08-12T15:34:57Z,92480216073,111.0,1.85,1.206830601092896,1.2068057625434674,2026-08-12T08:32:59.900000-07:00
1694,2026-08-12T15:35:57Z,92534669686,176.0,2.933333333333333,1.192896174863388,1.2039990064580228,2026-08-12T08:32:59.900000-07:00
1695,2026-08-12T15:36:57Z,92589123299,15.0,0.25,1.2136612021857922,1.2021361152508694,2026-08-12T08:36:37.836000-07:00
1696,2026-08-12T15:37:57Z,92643576912,52.0,0.8666666666666667,1.2013661202185792,1.2011674118231495,2026-08-12T08:37:00.986000-07:00
1697,2026-08-12T15:38:58Z,92698938153,116.0,1.9333333333333333,1.194262295081967,1.1979632389468455,2026-08-12T08:37:00.986000-07:00
1698,2026-08-12T15:39:58Z,92753395807,50.0,0.8333333333333334,1.187704918032787,1.198335817188276,2026-08-12T08:38:59.639000-07:00
1699,2026-08-12T15:40:58Z,92807853461,28.0,0.4666666666666667,1.194808743169399,1.1979632389468455,2026-08-12T08:40:21.843000-07:00
1700,2026-08-12T15:41:58Z,92862311116,54.0,0.9,1.196448087431694,1.198782911077993,2026-08-12T08:41:03.856000-07:00
1701,2026-08-12T15:42:58Z,92916768770,102.0,1.7,1.1931693989071037,1.1974913065077,2026-08-12T08:41:03.856000-07:00
1702,2026-08-12T15:43:58Z,92971226425,49.0,0.8166666666666667,1.1866120218579237,1.2002235469448583,2026-08-12T08:43:00.180000-07:00
1703,2026-08-12T15:44:58Z,93025684079,36.0,0.6,1.2139344262295082,1.2020119225037258,2026-08-12T08:44:21.941000-07:00
1704,2026-08-12T15:45:59Z,93081049361,54.0,0.9,1.2027322404371583,1.2039244908097366,2026-08-12T08:44:58.811000-07:00
1705,2026-08-12T15:46:59Z,93135507015,111.0,1.85,1.2019125683060108,1.2048931942374566,2026-08-12T08:44:58.811000-07:00
1706,2026-08-12T15:47:59Z,93189964670,59.0,0.9833333333333333,1.1994535519125684,1.2082712369597617,2026-08-12T08:46:50.343000-07:00
1707,2026-08-12T15:48:59Z,93244423069,32.0,0.5333333333333333,1.2314207650273223,1.2109786388474912,2026-08-12T08:48:20.977000-07:00
1708,2026-08-12T15:49:59Z,93298903082,58.0,0.9666666666666667,1.2139344262295082,1.2137605563835072,2026-08-12T08:48:53.700000-07:00
1709,2026-08-12T15:50:59Z,93353383095,116.0,1.9333333333333333,1.208743169398907,1.2134624937903626,2026-08-12T08:48:53.700000-07:00
1710,2026-08-12T15:51:59Z,93407863108,68.0,1.1333333333333333,1.205464480874317,1.2167908594138102,2026-08-12T08:50:50.516000-07:00
1711,2026-08-12T15:52:59Z,93462343121,38.0,0.6333333333333333,1.2336065573770492,1.2187282662692498,2026-08-12T08:52:18.101000-07:00
1712,2026-08-12T15:54:00Z,93517731135,55.0,0.9166666666666666,1.222950819672131,1.2203924490809737,2026-08-12T08:53:01.549000-07:00
1713,2026-08-12T15:55:00Z,93572211148,113.0,1.8833333333333333,1.2172131147540983,1.2209885742672628,2026-08-12T08:53:01.549000-07:00
1714,2026-08-12T15:56:00Z,93626691161,60.0,1.0,1.2106557377049179,1.2257824143070044,2026-08-12T08:54:55.523000-07:00
1715,2026-08-12T15:57:00Z,93681171174,33.0,0.55,1.2393442622950819,1.2298559364133135,2026-08-12T08:56:20.806000-07:00
1716,2026-08-12T15:58:00Z,93735651187,64.0,1.0666666666666667,1.2232240437158468,1.2338549428713363,2026-08-12T08:56:53.821000-07:00
1717,2026-08-12T15:59:00Z,93790120489,116.0,1.9333333333333333,1.21775956284153,1.2372826626924986,2026-08-12T08:56:53.821000-07:00
1718,2026-08-12T16:00:00Z,93844386293,63.0,1.05,1.2379781420765028,1.244361649279682,2026-08-12T08:58:50.749000-07:00
1719,2026-08-12T16:01:00Z,93898652097,30.0,0.5,1.2666666666666666,1.2510680576254347,2026-08-12T09:00:21.458000-07:00
1720,2026-08-12T16:02:00Z,93952917902,68.0,1.1333333333333333,1.2535519125683061,1.255116741182315,2026-08-12T09:00:51.541000-07:00
1721,2026-08-12T16:03:00Z,94007183706,116.0,1.9333333333333333,1.2494535519125682,1.2587928464977645,2026-08-12T09:00:51.541000-07:00
1722,2026-08-12T16:04:00Z,94061449510,65.0,1.0833333333333333,1.271311475409836,1.2667411823149528,2026-08-12T09:02:47.850000-07:00
1723,2026-08-12T16:05:01Z,94116619744,38.0,0.6333333333333333,1.3008196721311474,1.273919523099851,2026-08-12T09:04:22.212000-07:00
1724,2026-08-12T16:06:01Z,94170885548,60.0,1.0,1.290983606557377,1.2791356184798808,2026-08-12T09:05:00.548000-07:00
1725,2026-08-12T16:07:01Z,94225151352,120.0,2.0,1.255191256830601,1.2836562344759066,2026-08-12T09:05:00.548000-07:00
1726,2026-08-12T16:08:01Z,94279417156,61.0,1.0166666666666666,1.2797814207650273,1.292126179831098,2026-08-12T09:06:59.769000-07:00
1727,2026-08-12T16:09:01Z,94333716631,33.0,0.55,1.3106557377049182,1.3000993541977148,2026-08-12T09:08:22.425000-07:00
1728,2026-08-12T16:10:01Z,94388487491,98.0,1.6333333333333333,1.2967213114754097,1.3059364133134623,2026-08-12T09:08:22.425000-07:00
1729,2026-08-12T16:11:01Z,94443258351,76.0,1.2666666666666666,1.2953551912568306,1.310755091902633,2026-08-12T09:09:32.925000-07:00
1730,2026-08-12T16:12:01Z,94498029211,64.0,1.0666666666666667,1.3163934426229509,1.3191753601589669,2026-08-12T09:10:49.474000-07:00
1731,2026-08-12T16:13:02Z,94553712918,35.0,0.5833333333333334,1.34672131147541,1.3297565822155986,2026-08-12T09:12:21.031000-07:00
1732,2026-08-12T16:14:02Z,94608483778,91.0,1.5166666666666666,1.3371584699453551,1.3377297565822155,2026-08-12T09:12:21.031000-07:00
1733,2026-08-12T16:15:02Z,94663254638,152.0,2.533333333333333,1.33551912568306,1.344808743169399,2026-08-12T09:12:21.031000-07:00
1734,2026-08-12T16:16:02Z,94718025498,63.0,1.05,1.3538251366120218,1.35598609041232,2026-08-12T09:14:53.426000-07:00
1735,2026-08-12T16:17:02Z,94772796358,42.0,0.7,1.3836065573770493,1.3660953800298061,2026-08-12T09:16:19.321000-07:00
1736,2026-08-12T16:18:02Z,94827567218,103.0,1.7166666666666666,1.3715846994535519,1.3738946845504223,2026-08-12T09:16:19.321000-07:00
1737,2026-08-12T16:19:02Z,94882288294,163.0,2.716666666666667,1.3674863387978142,1.3807252856433185,2026-08-12T09:16:19.321000-07:00
1738,2026-08-12T16:20:02Z,94936461745,54.0,0.9,1.3885245901639345,1.3912816691505216,2026-08-12T09:18:55.281000-07:00
1739,2026-08-12T16:21:02Z,94990635195,32.0,0.5333333333333333,1.4196721311475409,1.4009190263288624,2026-08-12T09:20:21.827000-07:00
1740,2026-08-12T16:22:03Z,95045711536,101.0,1.6833333333333333,1.4065573770491804,1.4085196224540488,2026-08-12T09:20:21.827000-07:00
1741,2026-08-12T16:23:03Z,95099884987,161.0,2.683333333333333,1.4021857923497267,1.4152757078986586,2026-08-12T09:20:21.827000-07:00
1742,2026-08-12T16:24:03Z,95154058437,69.0,1.15,1.4218579234972677,1.4256582215598608,2026-08-12T09:22:49.893000-07:00
1743,2026-08-12T16:25:04Z,95209134778,47.0,0.7833333333333333,1.4532786885245903,1.4351713859910582,2026-08-12T09:24:14.864000-07:00
1744,2026-08-12T16:26:04Z,95263308229,105.0,1.75,1.4415300546448089,1.442200695479384,2026-08-12T09:24:14.864000-07:00
1745,2026-08-12T16:27:04Z,95317481679,165.0,2.75,1.437431693989071,1.4481619473422753,2026-08-12T09:24:14.864000-07:00
1746,2026-08-12T16:28:04Z,95371655129,62.0,1.0333333333333334,1.4579234972677597,1.457600596125186,2026-08-12T09:27:00.285000-07:00
1747,2026-08-12T16:29:04Z,95425962530,36.0,0.6,1.4857923497267758,1.4662692498758074,2026-08-12T09:28:20.899000-07:00
1748,2026-08-12T16:30:04Z,95481284122,99.0,1.65,1.4721311475409835,1.472528564331843,2026-08-12T09:28:20.899000-07:00
1749,2026-08-12T16:31:04Z,95536605714,157.0,2.6166666666666667,1.4658469945355193,1.4775956284153005,2026-08-12T09:28:20.899000-07:00
1750,2026-08-12T16:32:04Z,95591927306,65.0,1.0833333333333333,1.4852459016393442,1.486313959264779,2026-08-12T09:30:58.825000-07:00
1751,2026-08-12T16:33:04Z,95647248899,44.0,0.7333333333333333,1.5103825136612021,1.4939890710382513,2026-08-12T09:32:20.199000-07:00
1752,2026-08-12T16:34:05Z,95703492517,95.0,1.5833333333333333,1.4975409836065572,1.4995280675608542,2026-08-12T09:32:20.199000-07:00
1753,2026-08-12T16:35:05Z,95758814109,162.0,2.7,1.4907103825136612,1.5024590163934426,2026-08-12T09:32:20.199000-07:00
1754,2026-08-12T16:36:05Z,95814135702,75.0,1.25,1.5090163934426228,1.506308991554893,2026-08-12T09:34:49.902000-07:00
1755,2026-08-12T16:37:05Z,95869457294,45.0,0.75,1.537431693989071,1.510481867858917,2026-08-12T09:36:19.834000-07:00
1756,2026-08-12T16:38:05Z,95924778886,105.0,1.75,1.5218579234972678,1.5124441132637854,2026-08-12T09:36:19.834000-07:00
1757,2026-08-12T16:39:05Z,95979940561,165.0,2.75,1.5188524590163934,1.5138847491306506,2026-08-12T09:36:19.834000-07:00
1758,2026-08-12T16:40:05Z,96034062772,65.0,1.0833333333333333,1.518032786885246,1.5182563338301043,2026-08-12T09:38:59.850000-07:00
1759,2026-08-12T16:41:05Z,96088184982,45.0,0.75,1.51448087431694,1.5213114754098362,2026-08-12T09:40:19.395000-07:00
1760,2026-08-12T16:42:05Z,96142307193,105.0,1.75,1.5117486338797814,1.5223795330352707,2026-08-12T09:40:19.395000-07:00
1761,2026-08-12T16:43:05Z,96196429404,165.0,2.75,1.5068306010928962,1.5225534028812717,2026-08-12T09:40:19.395000-07:00
1762,2026-08-12T16:44:06Z,96251453652,67.0,1.1166666666666667,1.5262295081967212,1.5257575757575759,2026-08-12T09:42:57.335000-07:00
1763,2026-08-12T16:45:06Z,96305575862,43.0,0.7166666666666667,1.5456284153005464,1.5269746646795825,2026-08-12T09:44:21.432000-07:00
1764,2026-08-12T16:46:06Z,96359698073,103.0,1.7166666666666666,1.5243169398907104,1.5279185295578737,2026-08-12T09:44:21.432000-07:00
1765,2026-08-12T16:47:06Z,96413820284,163.0,2.716666666666667,1.5207650273224043,1.5310730253353204,2026-08-12T09:44:21.432000-07:00
1766,2026-08-12T16:48:06Z,96467942495,67.0,1.1166666666666667,1.5393442622950821,1.5358917039244908,2026-08-12T09:46:49.926000-07:00
1767,2026-08-12T16:49:06Z,96522207933,44.0,0.7333333333333333,1.557103825136612,1.5390213611525085,2026-08-12T09:48:14.262000-07:00
1768,2026-08-12T16:50:06Z,96577284992,109.0,1.8166666666666667,1.53224043715847,1.539865871833085,2026-08-12T09:48:14.262000-07:00
1769,2026-08-12T16:51:06Z,96632362051,172.0,2.8666666666666667,1.528415300546448,1.5402881271733733,2026-08-12T09:48:14.262000-07:00
1770,2026-08-12T16:52:06Z,96687439110,68.0,1.1333333333333333,1.5491803278688525,1.544311972180825,2026-08-12T09:50:49.194000-07:00
1771,2026-08-12T16:53:07Z,96743434120,52.0,0.8666666666666667,1.5647540983606558,1.5464480874316942,2026-08-12T09:52:13.970000-07:00
1772,2026-08-12T16:54:07Z,96798511179,110.0,1.8333333333333333,1.541256830601093,1.5464480874316942,2026-08-12T09:52:13.970000-07:00
1773,2026-08-12T16:55:07Z,96853588238,170.0,2.8333333333333335,1.5355191256830603,1.5468206656731247,2026-08-12T09:52:13.970000-07:00
1774,2026-08-12T16:56:07Z,96908665297,70.0,1.1666666666666667,1.5502732240437158,1.5513661202185793,2026-08-12T09:54:57.080000-07:00
1775,2026-08-12T16:57:07Z,96963742356,45.0,0.75,1.5685792349726777,1.554073522106309,2026-08-12T09:56:18.887000-07:00
1776,2026-08-12T16:58:07Z,97018819415,108.0,1.8,1.5442622950819673,1.5545454545454547,2026-08-12T09:56:18.887000-07:00
1777,2026-08-12T16:59:07Z,97073894186,166.0,2.7666666666666666,1.5393442622950821,1.5551415797317438,2026-08-12T09:56:18.887000-07:00
1778,2026-08-12T17:00:07Z,97128957516,66.0,1.1,1.5612021857923497,1.5598112270243418,2026-08-12T09:58:58.817000-07:00
1779,2026-08-12T17:01:07Z,97184020846,40.0,0.6666666666666666,1.58224043715847,1.5628166915052162,2026-08-12T10:00:20.527000-07:00
1780,2026-08-12T17:02:08Z,97240001898,101.0,1.6833333333333333,1.5581967213114754,1.5640834575260805,2026-08-12T10:00:20.527000-07:00
1781,2026-08-12T17:03:08Z,97295065229,160.0,2.6666666666666665,1.5543715846994535,1.5655489319423745,2026-08-12T10:00:20.527000-07:00
1782,2026-08-12T17:04:08Z,97350128559,69.0,1.15,1.571311475409836,1.5669647292598112,2026-08-12T10:02:57.466000-07:00
1783,2026-08-12T17:05:08Z,97405191889,40.0,0.6666666666666666,1.5926229508196723,1.5665673124689519,2026-08-12T10:04:22.555000-07:00
1784,2026-08-12T17:06:08Z,97460255219,105.0,1.75,1.5685792349726777,1.5637357178340785,2026-08-12T10:04:22.555000-07:00
1785,2026-08-12T17:07:08Z,97515318549,164.0,2.7333333333333334,1.564207650273224,1.5605315449577746,2026-08-12T10:04:22.555000-07:00
1786,2026-08-12T17:08:08Z,97570381880,63.0,1.05,1.5846994535519126,1.5611525086934923,2026-08-12T10:06:55.833000-07:00
1787,2026-08-12T17:09:08Z,97625368229,50.0,0.8333333333333334,1.5598360655737706,1.559786388474913,2026-08-12T10:08:17.546000-07:00
1788,2026-08-12T17:10:08Z,97680011665,30.0,0.5,1.5349726775956285,1.5564828614008943,2026-08-12T10:09:37.884000-07:00
1789,2026-08-12T17:11:08Z,97734655100,85.0,1.4166666666666667,1.530054644808743,1.5528315946348734,2026-08-12T10:09:37.884000-07:00
1790,2026-08-12T17:12:09Z,97790209259,66.0,1.1,1.5469945355191255,1.5491803278688523,2026-08-12T10:11:00.798000-07:00
1791,2026-08-12T17:13:09Z,97844852695,46.0,0.7666666666666667,1.5650273224043716,1.5435419771485344,2026-08-12T10:12:22.203000-07:00
1792,2026-08-12T17:14:09Z,97899496130,106.0,1.7666666666666666,1.5393442622950821,1.5357178340784898,2026-08-12T10:12:22.203000-07:00
1793,2026-08-12T17:15:09Z,97954139565,162.0,2.7,1.5349726775956285,1.5317436661698958,2026-08-12T10:12:22.203000-07:00
1794,2026-08-12T17:16:09Z,98008783001,74.0,1.2333333333333334,1.5524590163934426,1.5277446597118727,2026-08-12T10:14:50.184000-07:00
1795,2026-08-12T17:17:10Z,98064337160,50.0,0.8333333333333334,1.528415300546448,1.5217337307501244,2026-08-12T10:16:19.658000-07:00
1796,2026-08-12T17:18:10Z,98118980596,110.0,1.8333333333333333,1.5021857923497268,1.5137605563835073,2026-08-12T10:16:19.658000-07:00
1797,2026-08-12T17:19:10Z,98173454160,168.0,2.8,1.498633879781421,1.5055886736214605,2026-08-12T10:16:19.658000-07:00
1798,2026-08-12T17:20:10Z,98227313573,72.0,1.2,1.516120218579235,1.5012667660208643,2026-08-12T10:18:56.165000-07:00
1799,2026-08-12T17:21:10Z,98281172987,40.0,0.6666666666666666,1.4909836065573772,1.4950819672131148,2026-08-12T10:20:21.806000-07:00
1800,2026-08-12T17:22:10Z,98335032401,108.0,1.8,1.4639344262295082,1.4868604073522107,2026-08-12T10:20:21.806000-07:00
1801,2026-08-12T17:23:10Z,98388891814,158.0,2.6333333333333333,1.4592896174863388,1.4824391455538999,2026-08-12T10:20:21.806000-07:00
1802,2026-08-12T17:24:11Z,98443648885,75.0,1.25,1.4751366120218579,1.481867858917039,2026-08-12T10:22:45.345000-07:00
1803,2026-08-12T17:25:11Z,98497508299,48.0,0.8,1.4918032786885247,1.4795081967213115,2026-08-12T10:24:18.205000-07:00
1804,2026-08-12T17:26:11Z,98551367712,101.0,1.6833333333333333,1.4669398907103826,1.475211127670144,2026-08-12T10:24:18.205000-07:00
1805,2026-08-12T17:27:11Z,98605227126,172.0,2.8666666666666667,1.4620218579234974,1.4750620963735719,2026-08-12T10:24:18.205000-07:00
1806,2026-08-12T17:28:11Z,98659086540,76.0,1.2666666666666666,1.4797814207650273,1.4753353204172877,2026-08-12T10:26:52.555000-07:00
1807,2026-08-12T17:29:12Z,98714348243,44.0,0.7333333333333333,1.4959016393442623,1.4738450074515648,2026-08-12T10:28:15.748000-07:00
1808,2026-08-12T17:30:12Z,98770226188,116.0,1.9333333333333333,1.4726775956284153,1.470889220069548,2026-08-12T10:28:15.748000-07:00
1809,2026-08-12T17:31:12Z,98826104133,176.0,2.933333333333333,1.4688524590163934,1.4684053651266766,2026-08-12T10:28:15.748000-07:00
1810,2026-08-12T17:32:12Z,98881982078,69.0,1.15,1.4893442622950819,1.4660208643815202,2026-08-12T10:30:55.125000-07:00
1811,2026-08-12T17:33:12Z,98937860023,51.0,0.85,1.4669398907103826,1.4619225037257826,2026-08-12T10:32:19.353000-07:00
1812,2026-08-12T17:34:12Z,98993737968,106.0,1.7666666666666666,1.442896174863388,1.455886736214605,2026-08-12T10:32:19.353000-07:00
1813,2026-08-12T17:35:12Z,99049615913,173.0,2.8833333333333333,1.4426229508196722,1.4478887232985593,2026-08-12T10:32:19.353000-07:00
1814,2026-08-12T17:36:12Z,99105493858,74.0,1.2333333333333334,1.4644808743169397,1.4417039244908099,2026-08-12T10:34:57.472000-07:00
1815,2026-08-12T17:37:13Z,99162303102,59.0,0.9833333333333333,1.4407103825136613,1.4356433184302038,2026-08-12T10:36:11.850000-07:00
1816,2026-08-12T17:38:13Z,99218181047,120.0,2.0,1.4169398907103825,1.4273472429210134,2026-08-12T10:36:11.850000-07:00
1817,2026-08-12T17:39:13Z,99273631071,14.0,0.23333333333333334,1.4133879781420766,1.4225534028812719,2026-08-12T10:38:57.897000-07:00
1818,2026-08-12T17:40:13Z,99327904312,74.0,1.2333333333333334,1.4079234972677597,1.4177347242921015,2026-08-12T10:38:57.897000-07:00
1819,2026-08-12T17:41:13Z,99382177552,47.0,0.7833333333333333,1.4046448087431695,1.4108047690014904,2026-08-12T10:40:22.329000-07:00
1820,2026-08-12T17:42:13Z,99436450792,107.0,1.7833333333333334,1.4021857923497267,1.401390958768008,2026-08-12T10:40:22.329000-07:00
1821,2026-08-12T17:43:13Z,99490724033,171.0,2.85,1.398087431693989,1.3958022851465475,2026-08-12T10:40:22.329000-07:00
1822,2026-08-12T17:44:13Z,99544997273,71.0,1.1833333333333333,1.414207650273224,1.3901390958768007,2026-08-12T10:43:00.440000-07:00
1823,2026-08-12T17:45:14Z,99600175068,51.0,0.85,1.3898907103825136,1.382662692498758,2026-08-12T10:44:22.679000-07:00
1824,2026-08-12T17:46:14Z,99654448308,107.0,1.7833333333333334,1.3663934426229507,1.3753104818678588,2026-08-12T10:44:22.679000-07:00
1825,2026-08-12T17:47:14Z,99708721548,15.0,0.25,1.3609289617486338,1.3701689021361152,2026-08-12T10:46:57.413000-07:00
1826,2026-08-12T17:48:14Z,99762994789,67.0,1.1166666666666667,1.3792349726775954,1.3632389468455042,2026-08-12T10:46:57.413000-07:00
1827,2026-08-12T17:49:14Z,99817235854,54.0,0.9,1.3546448087431693,1.3548683556880279,2026-08-12T10:48:18.615000-07:00
1828,2026-08-12T17:50:14Z,99871395535,108.0,1.8,1.3311475409836067,1.3446100347739691,2026-08-12T10:48:18.615000-07:00
1829,2026-08-12T17:51:14Z,99925555217,17.0,0.2833333333333333,1.327049180327869,1.3384003974167908,2026-08-12T10:50:54.255000-07:00
1830,2026-08-12T17:52:14Z,99979714898,73.0,1.2166666666666666,1.348087431693989,1.33224043715847,2026-08-12T10:50:54.255000-07:00
1831,2026-08-12T17:53:14Z,100033874579,51.0,0.85,1.3259562841530055,1.3243417784401392,2026-08-12T10:52:16.666000-07:00
1832,2026-08-12T17:54:14Z,100088034261,110.0,1.8333333333333333,1.3060109289617488,1.314207650273224,2026-08-12T10:52:16.666000-07:00
1833,2026-08-12T17:55:15Z,100143096603,171.0,2.85,1.3013661202185793,1.3079234972677596,2026-08-12T10:52:16.666000-07:00
1834,2026-08-12T17:56:15Z,100197256284,79.0,1.3166666666666667,1.3215846994535518,1.3012916045702931,2026-08-12T10:54:52.694000-07:00
1835,2026-08-12T17:57:15Z,100251415966,52.0,0.8666666666666667,1.2986338797814208,1.2923497267759563,2026-08-12T10:56:19.737000-07:00
1836,2026-08-12T17:58:15Z,100305575647,110.0,1.8333333333333333,1.2740437158469946,1.2814952806756086,2026-08-12T10:56:19.737000-07:00
1837,2026-08-12T17:59:15Z,100359979634,167.0,2.783333333333333,1.26775956284153,1.2744659711872828,2026-08-12T10:56:19.737000-07:00
1838,2026-08-12T18:00:15Z,100414953668,81.0,1.35,1.2855191256830603,1.2672627918529558,2026-08-12T10:58:48.706000-07:00
1839,2026-08-12T18:01:16Z,100470843935,52.0,0.8666666666666667,1.2581967213114753,1.2580476900149031,2026-08-12T11:00:18.982000-07:00
1840,2026-08-12T18:02:16Z,100525817969,115.0,1.9166666666666667,1.228688524590164,1.2469200198708394,2026-08-12T11:00:18.982000-07:00
1841,2026-08-12T18:03:16Z,100580792002,19.0,0.31666666666666665,1.228688524590164,1.2395429706905117,2026-08-12T11:02:56.458000-07:00
1842,2026-08-12T18:04:16Z,100635766036,72.0,1.2,1.248633879781421,1.2320168902136115,2026-08-12T11:02:56.458000-07:00
1843,2026-08-12T18:05:16Z,100690740070,68.0,1.1333333333333333,1.226775956284153,1.2266517635370096,2026-08-12T11:04:08.618000-07:00
1844,2026-08-12T18:06:16Z,100745714103,120.0,2.0,1.2,1.2193989071038251,2026-08-12T11:04:08.618000-07:00
1845,2026-08-12T18:07:17Z,100801604371,18.0,0.3,1.1991803278688526,1.216368604073522,2026-08-12T11:06:58.798000-07:00
1846,2026-08-12T18:08:17Z,100856578404,77.0,1.2833333333333334,1.217486338797814,1.213785394932936,2026-08-12T11:06:58.798000-07:00
1847,2026-08-12T18:09:17Z,100911293883,50.0,0.8333333333333334,1.1912568306010929,1.2089418777943368,2026-08-12T11:08:20.938000-07:00
1848,2026-08-12T18:10:17Z,100965492251,30.0,0.5,1.208743169398907,1.2020119225037258,2026-08-12T11:09:35.847000-07:00
1849,2026-08-12T18:11:17Z,101019690619,18.0,0.3,1.2057377049180327,1.198782911077993,2026-08-12T11:10:55.191000-07:00
1850,2026-08-12T18:12:17Z,101073888987,76.0,1.2666666666666666,1.224863387978142,1.1959016393442623,2026-08-12T11:10:55.191000-07:00
1851,2026-08-12T18:13:17Z,101128087356,51.0,0.85,1.200273224043716,1.1947342275211128,2026-08-12T11:12:21.577000-07:00
1852,2026-08-12T18:14:17Z,101182285724,105.0,1.75,1.1754098360655738,1.1916045702930949,2026-08-12T11:12:21.577000-07:00
1853,2026-08-12T18:15:17Z,101236484092,17.0,0.2833333333333333,1.1724043715846995,1.1925732737208146,2026-08-12T11:14:59.441000-07:00
1854,2026-08-12T18:16:17Z,101290682460,76.0,1.2666666666666666,1.1912568306010929,1.1895678092399402,2026-08-12T11:14:59.441000-07:00
1855,2026-08-12T18:17:18Z,101345784134,54.0,0.9,1.1683060109289618,1.1883507203179333,2026-08-12T11:16:21.127000-07:00
1856,2026-08-12T18:18:18Z,101399982503,117.0,1.95,1.1863387978142075,1.1848981619473422,2026-08-12T11:16:21.127000-07:00
1857,2026-08-12T18:19:18Z,101454580224,20.0,0.3333333333333333,1.1830601092896176,1.1854942871336314,2026-08-12T11:18:55.081000-07:00
1858,2026-08-12T18:20:18Z,101509919600,82.0,1.3666666666666667,1.2019125683060108,1.1860158966716343,2026-08-12T11:18:55.081000-07:00
1859,2026-08-12T18:21:18Z,101565258976,57.0,0.95,1.1756830601092896,1.1845504222553402,2026-08-12T11:20:18.995000-07:00
1860,2026-08-12T18:22:18Z,101620598352,117.0,1.95,1.1923497267759564,1.1809736711376055,2026-08-12T11:20:18.995000-07:00
1861,2026-08-12T18:23:18Z,101675937728,27.0,0.45,1.1868852459016395,1.1812717337307501,2026-08-12T11:22:48.502000-07:00
1862,2026-08-12T18:24:18Z,101731277104,85.0,1.4166666666666667,1.206830601092896,1.1776204669647292,2026-08-12T11:22:48.502000-07:00
1863,2026-08-12T18:25:18Z,101786616480,58.0,0.9666666666666667,1.1811475409836065,1.1721311475409837,2026-08-12T11:24:14.275000-07:00
1864,2026-08-12T18:26:18Z,101841955856,122.0,2.033333333333333,1.1562841530054644,1.1645057128663685,2026-08-12T11:24:14.275000-07:00
1865,2026-08-12T18:27:19Z,101898217555,17.0,0.2833333333333333,1.151912568306011,1.1610531544957774,2026-08-12T11:26:56.056000-07:00
1866,2026-08-12T18:28:19Z,101953556931,82.0,1.3666666666666667,1.171584699453552,1.1538251366120218,2026-08-12T11:26:56.056000-07:00
1867,2026-08-12T18:29:19Z,102008688357,53.0,0.8833333333333333,1.1461748633879782,1.1487083954297068,2026-08-12T11:28:20.386000-07:00
1868,2026-08-12T18:30:19Z,102063460595,109.0,1.8166666666666667,1.1226775956284154,1.1414555389965226,2026-08-12T11:28:20.386000-07:00
1869,2026-08-12T18:31:19Z,102118232833,16.0,0.26666666666666666,1.118032786885246,1.1377545951316443,2026-08-12T11:31:01.269000-07:00
1870,2026-08-12T18:32:19Z,102173005071,68.0,1.1333333333333333,1.137704918032787,1.1341530054644808,2026-08-12T11:31:01.269000-07:00
1871,2026-08-12T18:33:19Z,102227777309,69.0,1.15,1.1128415300546448,1.1326378539493296,2026-08-12T11:32:10.184000-07:00
1872,2026-08-12T18:34:19Z,102282549547,124.0,2.066666666666667,1.130601092896175,1.128936910084451,2026-08-12T11:32:10.184000-07:00
1873,2026-08-12T18:35:19Z,102337321786,26.0,0.43333333333333335,1.1270491803278688,1.1294336810730252,2026-08-12T11:34:52.740000-07:00
1874,2026-08-12T18:36:19Z,102392094024,75.0,1.25,1.1404371584699453,1.1318678589170392,2026-08-12T11:34:52.740000-07:00
1875,2026-08-12T18:37:19Z,102446866262,71.0,1.1833333333333333,1.1166666666666667,1.1363636363636365,2026-08-12T11:36:07.941000-07:00
1876,2026-08-12T18:38:19Z,102501638500,126.0,2.1,1.1352459016393444,1.1386239443616493,2026-08-12T11:36:07.941000-07:00
1877,2026-08-12T18:39:20Z,102557408230,24.0,0.4,1.1308743169398907,1.1448335817188278,2026-08-12T11:38:55.017000-07:00
1878,2026-08-12T18:40:20Z,102612401218,78.0,1.3,1.151639344262295,1.1473919523099851,2026-08-12T11:38:55.017000-07:00
1879,2026-08-12T18:41:20Z,102667394206,63.0,1.05,1.1494535519125681,1.1518877297565824,2026-08-12T11:40:13.298000-07:00
1880,2026-08-12T18:42:20Z,102722387194,117.0,1.95,1.1674863387978143,1.1547441629408843,2026-08-12T11:40:13.298000-07:00
1881,2026-08-12T18:43:20Z,102777380183,17.0,0.2833333333333333,1.162568306010929,1.1614257327372082,2026-08-12T11:42:57.319000-07:00
1882,2026-08-12T18:44:20Z,102832373171,80.0,1.3333333333333333,1.1811475409836065,1.1641082960755091,2026-08-12T11:42:57.319000-07:00
1883,2026-08-12T18:45:20Z,102887366159,60.0,1.0,1.1587431693989072,1.1687282662692497,2026-08-12T11:44:18.136000-07:00
1884,2026-08-12T18:46:20Z,102942359148,120.0,2.0,1.176502732240437,1.170715350223547,2026-08-12T11:44:18.136000-07:00
1885,2026-08-12T18:47:20Z,102997352136,23.0,0.38333333333333336,1.1718579234972677,1.1743666169895677,2026-08-12T11:46:54.176000-07:00
1886,2026-08-12T18:48:20Z,103052345124,81.0,1.35,1.1901639344262294,1.1738450074515647,2026-08-12T11:46:54.176000-07:00
1887,2026-08-12T18:49:20Z,103107121543,55.0,0.9166666666666666,1.1647540983606557,1.1751614505712866,2026-08-12T11:48:15.779000-07:00
1888,2026-08-12T18:50:21Z,103162456699,123.0,2.05,1.181693989071038,1.1741927471435667,2026-08-12T11:48:15.779000-07:00
1889,2026-08-12T18:51:21Z,103216884723,12.0,0.2,1.1734972677595628,1.1768256333830105,2026-08-12T11:50:58.958000-07:00
1890,2026-08-12T18:52:21Z,103271312746,78.0,1.3,1.1896174863387978,1.1756333830104322,2026-08-12T11:50:58.958000-07:00
1891,2026-08-12T18:53:21Z,103325740769,53.0,0.8833333333333333,1.1617486338797816,1.1768753104818679,2026-08-12T11:52:17.107000-07:00
1892,2026-08-12T18:54:21Z,103380168792,124.0,2.066666666666667,1.1770491803278689,1.1762046696472928,2026-08-12T11:52:17.107000-07:00
1893,2026-08-12T18:55:21Z,103434596815,16.0,0.26666666666666666,1.1704918032786886,1.1797069051167413,2026-08-12T11:54:56.457000-07:00
1894,2026-08-12T18:56:21Z,103489024839,80.0,1.3333333333333333,1.187704918032787,1.1796323894684553,2026-08-12T11:54:56.457000-07:00
1895,2026-08-12T18:57:21Z,103543452862,63.0,1.05,1.1633879781420766,1.181892697466468,2026-08-12T11:56:16.984000-07:00
1896,2026-08-12T18:58:21Z,103597880885,124.0,2.066666666666667,1.18551912568306,1.1823646299056136,2026-08-12T11:56:16.984000-07:00
1897,2026-08-12T18:59:21Z,103652131457,17.0,0.2833333333333333,1.1827868852459018,1.1868107302533533,2026-08-12T11:58:56.042000-07:00
1898,2026-08-12T19:00:21Z,103706115852,81.0,1.35,1.2032786885245903,1.1873820168902136,2026-08-12T11:58:56.042000-07:00
1899,2026-08-12T19:01:22Z,103760999986,64.0,1.0666666666666667,1.1808743169398908,1.1899900645802286,2026-08-12T12:00:17.959000-07:00
1900,2026-08-12T19:02:22Z,103814984381,124.0,2.066666666666667,1.198360655737705,1.1906110283159463,2026-08-12T12:00:17.959000-07:00
1901,2026-08-12T19:03:22Z,103868968776,24.0,0.4,1.194808743169399,1.1946845504222554,2026-08-12T12:02:57.403000-07:00
1902,2026-08-12T19:04:22Z,103922953170,84.0,1.4,1.2106557377049179,1.1940884252359663,2026-08-12T12:02:57.403000-07:00
1903,2026-08-12T19:05:22Z,103976937565,59.0,0.9833333333333333,1.1833333333333333,1.1951813214108298,2026-08-12T12:04:22.131000-07:00
1904,2026-08-12T19:06:22Z,104030921960,117.0,1.95,1.1991803278688526,1.1942622950819672,2026-08-12T12:04:22.131000-07:00
1905,2026-08-12T19:07:22Z,104084906354,33.0,0.55,1.194535519125683,1.1972180824639842,2026-08-12T12:06:49.415000-07:00
1906,2026-08-12T19:08:22Z,104138890749,86.0,1.4333333333333333,1.2081967213114755,1.196274217585693,2026-08-12T12:06:49.415000-07:00
1907,2026-08-12T19:09:22Z,104193012015,61.0,1.0166666666666666,1.17896174863388,1.1973671137605564,2026-08-12T12:08:16.360000-07:00
1908,2026-08-12T19:10:22Z,104247324901,126.0,2.1,1.194808743169399,1.1965971187282662,2026-08-12T12:08:16.360000-07:00
1909,2026-08-12T19:11:22Z,104301637787,22.0,0.36666666666666664,1.1931693989071037,1.1998509687034278,2026-08-12T12:10:58.077000-07:00
1910,2026-08-12T19:12:23Z,104356855888,84.0,1.4,1.2133879781420764,1.1992548435171386,2026-08-12T12:10:58.077000-07:00
1911,2026-08-12T19:13:23Z,104411168774,58.0,0.9666666666666667,1.1879781420765028,1.198509687034277,2026-08-12T12:12:21.218000-07:00
1912,2026-08-12T19:14:23Z,104465481660,119.0,1.9833333333333334,1.206830601092896,1.1961003477396919,2026-08-12T12:12:21.218000-07:00
1913,2026-08-12T19:15:23Z,104519794547,23.0,0.38333333333333336,1.2021857923497268,1.1980625931445603,2026-08-12T12:14:58.232000-07:00
1914,2026-08-12T19:16:23Z,104574107433,82.0,1.3666666666666667,1.2191256830601092,1.2001987083954295,2026-08-12T12:14:58.232000-07:00
1915,2026-08-12T19:17:23Z,104628420319,59.0,0.9833333333333333,1.1926229508196722,1.2021857923497268,2026-08-12T12:16:20.593000-07:00
1916,2026-08-12T19:18:23Z,104682733205,121.0,2.0166666666666666,1.1863387978142075,1.2019125683060108,2026-08-12T12:16:20.593000-07:00
1917,2026-08-12T19:19:24Z,104738049186,24.0,0.4,1.181693989071038,1.2056631892697465,2026-08-12T12:18:59.091000-07:00
1918,2026-08-12T19:20:24Z,104792579584,82.0,1.3666666666666667,1.2005464480874317,1.2092896174863388,2026-08-12T12:18:59.091000-07:00
1919,2026-08-12T19:21:24Z,104847109982,52.0,0.8666666666666667,1.2183060109289616,1.2135370094386486,2026-08-12T12:20:21.567000-07:00
1920,2026-08-12T19:22:24Z,104901640380,116.0,1.9333333333333333,1.2150273224043715,1.2163437655240934,2026-08-12T12:20:21.567000-07:00
1921,2026-08-12T19:23:24Z,104956170778,15.0,0.25,1.210382513661202,1.2233979135618478,2026-08-12T12:23:00.150000-07:00
1922,2026-08-12T19:24:24Z,105010701176,83.0,1.3833333333333333,1.2292349726775957,1.2330352707401888,2026-08-12T12:23:00.150000-07:00
1923,2026-08-12T19:25:24Z,105065231574,61.0,1.0166666666666666,1.2467213114754099,1.2492548435171387,2026-08-12T12:24:22.039000-07:00
1924,2026-08-12T19:26:24Z,105119761972,121.0,2.0166666666666666,1.2489071038251367,1.2635370094386487,2026-08-12T12:24:22.039000-07:00
1925,2026-08-12T19:27:25Z,105175201210,33.0,0.55,1.25,1.2781172379533035,2026-08-12T12:26:46.370000-07:00
1926,2026-08-12T19:28:25Z,105229731608,98.0,1.6333333333333333,1.2702185792349727,1.2949080973671139,2026-08-12T12:26:46.370000-07:00
1927,2026-08-12T19:29:25Z,105284680357,72.0,1.2,1.2923497267759563,1.3123199205166418,2026-08-12T12:28:12.730000-07:00
1928,2026-08-12T19:30:25Z,105340107220,128.0,2.1333333333333333,1.3601092896174864,1.3280178837555887,2026-08-12T12:28:12.730000-07:00
1929,2026-08-12T19:31:25Z,105395534084,27.0,0.45,1.3576502732240436,1.3444361649279681,2026-08-12T12:30:57.796000-07:00
1930,2026-08-12T19:32:25Z,105450960947,80.0,1.3333333333333333,1.3786885245901639,1.362990561351217,2026-08-12T12:30:57.796000-07:00
1931,2026-08-12T19:33:25Z,105506387811,55.0,0.9166666666666666,1.399726775956284,1.381197218082464,2026-08-12T12:32:18.313000-07:00
1932,2026-08-12T19:34:25Z,105561814675,127.0,2.1166666666666667,1.401912568306011,1.3974416294088423,2026-08-12T12:32:18.313000-07:00
1933,2026-08-12T19:35:25Z,105617241538,24.0,0.4,1.401912568306011,1.4138102334823646,2026-08-12T12:34:58.027000-07:00
1934,2026-08-12T19:36:25Z,105672668402,84.0,1.4,1.4273224043715846,1.4260556383507204,2026-08-12T12:34:58.027000-07:00
1935,2026-08-12T19:37:25Z,105728095265,58.0,0.9666666666666667,1.453005464480874,1.4384252359662195,2026-08-12T12:36:22.193000-07:00
1936,2026-08-12T19:38:25Z,105783522129,121.0,2.0166666666666666,1.450273224043716,1.4489319423745652,2026-08-12T12:36:22.193000-07:00
1937,2026-08-12T19:39:26Z,105839447178,19.0,0.31666666666666665,1.4489071038251364,1.4597863884749132,2026-08-12T12:39:02.254000-07:00
1938,2026-08-12T19:40:26Z,105893993498,82.0,1.3666666666666667,1.4724043715846995,1.4725534028812717,2026-08-12T12:39:02.254000-07:00
1939,2026-08-12T19:41:26Z,105948539818,72.0,1.2,1.494808743169399,1.4852459016393444,2026-08-12T12:40:08.600000-07:00
1940,2026-08-12T19:42:26Z,106003086138,137.0,2.283333333333333,1.4937158469945353,1.4957526080476902,2026-08-12T12:40:08.600000-07:00
1941,2026-08-12T19:43:26Z,106057632458,24.0,0.4,1.4942622950819673,1.505911574764034,2026-08-12T12:42:59.099000-07:00
1942,2026-08-12T19:44:26Z,106112178778,86.0,1.4333333333333333,1.5191256830601094,1.5183805265772479,2026-08-12T12:42:59.099000-07:00
1943,2026-08-12T19:45:26Z,106166725098,63.0,1.05,1.5423497267759563,1.530849478390462,2026-08-12T12:44:16.831000-07:00
1944,2026-08-12T19:46:26Z,106221271418,122.0,2.033333333333333,1.5415300546448087,1.541331346249379,2026-08-12T12:44:16.831000-07:00
1945,2026-08-12T19:47:27Z,106276726843,23.0,0.38333333333333336,1.5428961748633878,1.5518877297565823,2026-08-12T12:47:04.087000-07:00
1946,2026-08-12T19:48:27Z,106331273163,0.0,0.0,1.5647540983606558,1.5648534525583706,2026-08-12T12:48:19.255000-07:00
1947,2026-08-12T19:49:28Z,106386566084,64.0,1.0666666666666667,1.587431693989071,1.577868852459016,2026-08-12T12:48:19.255000-07:00
1948,2026-08-12T19:50:28Z,106440797878,124.0,2.066666666666667,1.5860655737704918,1.5887729756582216,2026-08-12T12:48:19.255000-07:00
1949,2026-08-12T19:51:28Z,106495029673,188.0,3.1333333333333333,1.5877049180327867,1.5997516145057127,2026-08-12T12:48:19.255000-07:00
1950,2026-08-12T19:52:28Z,106549261467,0.0,0.0,1.6109289617486338,1.612816691505216,2026-08-12T12:52:19.811000-07:00
1951,2026-08-12T19:53:28Z,106603493262,61.0,1.0166666666666666,1.6363387978142077,1.6254595131644314,2026-08-12T12:52:19.811000-07:00
1952,2026-08-12T19:54:28Z,106657725057,122.0,2.033333333333333,1.637431693989071,1.6359165424739195,2026-08-12T12:52:19.811000-07:00
1953,2026-08-12T19:55:28Z,106711956851,188.0,3.1333333333333333,1.6390710382513662,1.6462493790362642,2026-08-12T12:52:19.811000-07:00
1954,2026-08-12T19:56:28Z,106766188646,24.0,0.4,1.6631147540983606,1.658569299552906,2026-08-12T12:56:03.189000-07:00
1955,2026-08-12T19:57:28Z,106820420440,84.0,1.4,1.6852459016393442,1.670615996025832,2026-08-12T12:56:03.189000-07:00
1956,2026-08-12T19:58:28Z,106874652235,137.0,2.283333333333333,1.681967213114754,1.6805265772478888,2026-08-12T12:56:03.189000-07:00
1957,2026-08-12T19:59:29Z,106930362695,205.0,3.4166666666666665,1.6797814207650275,1.690213611525087,2026-08-12T12:56:03.189000-07:00
1958,2026-08-12T20:00:29Z,106985672245,265.0,4.416666666666667,1.7010928961748635,1.7016145057128662,2026-08-12T12:56:03.189000-07:00
1959,2026-08-12T20:01:29Z,107040981794,72.0,1.2,1.721584699453552,1.7131395926477893,2026-08-12T13:00:06.827000-07:00
1960,2026-08-12T20:02:30Z,107097213169,141.0,2.35,1.7202185792349727,1.7225534028812717,2026-08-12T13:00:06.827000-07:00
1961,2026-08-12T20:03:30Z,107152522719,201.0,3.35,1.719945355191257,1.7323894684550423,2026-08-12T13:00:06.827000-07:00
1962,2026-08-12T20:04:30Z,107207832268,32.0,0.5333333333333333,1.742896174863388,1.7446845504222552,2026-08-12T13:03:56.695000-07:00
1963,2026-08-12T20:05:30Z,107263141818,84.0,1.4,1.7628415300546447,1.7575260804769002,2026-08-12T13:03:56.695000-07:00
1964,2026-08-12T20:06:30Z,107318451367,152.0,2.533333333333333,1.765846994535519,1.7686785891703922,2026-08-12T13:03:56.695000-07:00
1965,2026-08-12T20:07:30Z,107373760916,211.0,3.5166666666666666,1.7666666666666666,1.779905613512171,2026-08-12T13:03:56.695000-07:00
1966,2026-08-12T20:08:30Z,107429070466,23.0,0.38333333333333336,1.7934426229508198,1.793070044709389,2026-08-12T13:08:00.528000-07:00
1967,2026-08-12T20:09:30Z,107484045619,81.0,1.35,1.8172131147540982,1.8063586686537505,2026-08-12T13:08:00.528000-07:00
1968,2026-08-12T20:10:31Z,107539658868,147.0,2.45,1.82103825136612,1.8174863387978142,2026-08-12T13:08:00.528000-07:00
1969,2026-08-12T20:11:31Z,107594360424,208.0,3.466666666666667,1.8237704918032787,1.8288623944361648,2026-08-12T13:08:00.528000-07:00
1970,2026-08-12T20:12:31Z,107649061980,18.0,0.3,1.8450819672131147,1.8420765027322403,2026-08-12T13:12:01.656000-07:00
1971,2026-08-12T20:13:31Z,107703763536,86.0,1.4333333333333333,1.8650273224043716,1.8553651266766022,2026-08-12T13:12:01.656000-07:00
1972,2026-08-12T20:14:31Z,107758465093,149.0,2.4833333333333334,1.866120218579235,1.8683556880278192,2026-08-12T13:12:01.656000-07:00
1973,2026-08-12T20:15:31Z,107813166649,204.0,3.4,1.8653005464480874,1.8812220566318927,2026-08-12T13:12:01.656000-07:00
1974,2026-08-12T20:16:31Z,107867868205,20.0,0.3333333333333333,1.8879781420765027,1.8958519622454049,2026-08-12T13:16:02.031000-07:00
1975,2026-08-12T20:17:31Z,107922569761,87.0,1.45,1.9112021857923496,1.9062841530054646,2026-08-12T13:16:02.031000-07:00
1976,2026-08-12T20:18:31Z,107977271317,139.0,2.316666666666667,1.9128415300546449,1.9169647292598113,2026-08-12T13:16:02.031000-07:00
1977,2026-08-12T20:19:31Z,108032030900,204.0,3.4,1.9363387978142077,1.9281172379533034,2026-08-12T13:16:02.031000-07:00
1978,2026-08-12T20:20:31Z,108086834856,19.0,0.31666666666666665,1.958743169398907,1.9414058618976653,2026-08-12T13:20:01.301000-07:00
1979,2026-08-12T20:21:31Z,108141638812,88.0,1.4666666666666666,1.981967213114754,1.950844510680576,2026-08-12T13:20:01.301000-07:00
1980,2026-08-12T20:22:32Z,108197356167,137.0,2.283333333333333,1.9385245901639345,1.9599850968703427,2026-08-12T13:20:01.301000-07:00
1981,2026-08-12T20:23:32Z,108252160122,209.0,3.4833333333333334,1.962568306010929,1.9687282662692498,2026-08-12T13:20:01.301000-07:00
1982,2026-08-12T20:24:32Z,108306964078,19.0,0.31666666666666665,1.9877049180327868,1.9791604570293095,2026-08-12T13:24:02.731000-07:00
1983,2026-08-12T20:25:32Z,108361768034,89.0,1.4833333333333334,2.012295081967213,1.9829110779930452,2026-08-12T13:24:02.731000-07:00
1984,2026-08-12T20:26:32Z,108416571990,149.0,2.4833333333333334,1.9691256830601092,1.9802781917536016,2026-08-12T13:24:02.731000-07:00
1985,2026-08-12T20:27:32Z,108471375946,202.0,3.3666666666666667,1.9885245901639343,1.977471435668157,2026-08-12T13:24:02.731000-07:00
1986,2026-08-12T20:28:32Z,108526179901,21.0,0.35,2.0073770491803278,1.9801788375558866,2026-08-12T13:28:01.890000-07:00
1987,2026-08-12T20:29:32Z,108580822817,90.0,1.5,2.0275956284153005,1.9765524093392945,2026-08-12T13:28:01.890000-07:00
1988,2026-08-12T20:30:32Z,108635350704,150.0,2.5,1.9775956284153007,1.9720566318926975,2026-08-12T13:28:01.890000-07:00
1989,2026-08-12T20:31:32Z,108689878591,203.0,3.3833333333333333,1.9297814207650275,1.9670889220069547,2026-08-12T13:28:01.890000-07:00
1990,2026-08-12T20:32:32Z,108744406478,22.0,0.36666666666666664,1.9510928961748635,1.9675856929955289,2026-08-12T13:32:03.074000-07:00
1991,2026-08-12T20:33:33Z,108799843163,79.0,1.3166666666666667,1.9683060109289616,1.961947342275211,2026-08-12T13:32:03.074000-07:00
1992,2026-08-12T20:34:33Z,108854371050,139.0,2.316666666666667,1.9226775956284152,1.9563835072031792,2026-08-12T13:32:03.074000-07:00
1993,2026-08-12T20:35:33Z,108908898937,200.0,3.3333333333333335,1.9382513661202185,1.9506458022851467,2026-08-12T13:32:03.074000-07:00
1994,2026-08-12T20:36:33Z,108963426824,35.0,0.5833333333333334,1.9576502732240437,1.951217088922007,2026-08-12T13:35:56.219000-07:00
1995,2026-08-12T20:37:33Z,109017954711,87.0,1.45,1.9745901639344263,1.951813214108296,2026-08-12T13:35:56.219000-07:00
1996,2026-08-12T20:38:33Z,109072482598,156.0,2.6,1.926502732240437,1.9525832091405861,2026-08-12T13:35:56.219000-07:00
1997,2026-08-12T20:39:33Z,109126666609,208.0,3.466666666666667,1.946174863387978,1.9533035270740187,2026-08-12T13:35:56.219000-07:00
1998,2026-08-12T20:40:33Z,109180621370,33.0,0.55,1.9644808743169397,1.9599850968703427,2026-08-12T13:40:00.255000-07:00
1999,2026-08-12T20:41:33Z,109234576131,92.0,1.5333333333333334,1.983879781420765,1.9611028315946348,2026-08-12T13:40:00.255000-07:00
2000,2026-08-12T20:42:33Z,109288530892,150.0,2.5,1.9363387978142075,1.9621957277694981,2026-08-12T13:40:00.255000-07:00
2001,2026-08-12T20:43:34Z,109343384899,210.0,3.5,1.9595628415300546,1.9635370094386488,2026-08-12T13:40:00.255000-07:00
2002,2026-08-12T20:44:34Z,109397339659,28.0,0.4666666666666667,1.9762295081967212,1.9711872826626924,2026-08-12T13:44:02.841000-07:00
2003,2026-08-12T20:45:34Z,109451294420,83.0,1.3833333333333333,1.9961748633879781,1.9730004967709887,2026-08-12T13:44:02.841000-07:00
2004,2026-08-12T20:46:34Z,109505249181,146.0,2.433333333333333,1.9505464480874317,1.975211127670144,2026-08-12T13:44:02.841000-07:00
2005,2026-08-12T20:47:34Z,109559203942,207.0,3.45,1.9696721311475411,1.9775707898658716,2026-08-12T13:44:02.841000-07:00
2006,2026-08-12T20:48:34Z,109613158703,29.0,0.48333333333333334,1.9893442622950819,1.9863387978142077,2026-08-12T13:47:59.955000-07:00
2007,2026-08-12T20:49:34Z,109667421668,86.0,1.4333333333333333,2.0106557377049183,1.9881520119225038,2026-08-12T13:47:59.955000-07:00
2008,2026-08-12T20:50:34Z,109721876219,146.0,2.433333333333333,1.966120218579235,1.989865871833085,2026-08-12T13:47:59.955000-07:00
2009,2026-08-12T20:51:34Z,109776330771,209.0,3.4833333333333334,1.9887978142076501,1.9908842523596624,2026-08-12T13:47:59.955000-07:00
2010,2026-08-12T20:52:34Z,109830785322,29.0,0.48333333333333334,2.0098360655737704,1.9972677595628416,2026-08-12T13:52:01.336000-07:00
2011,2026-08-12T20:53:34Z,109885239874,88.0,1.4666666666666666,2.0327868852459017,1.9976154992548436,2026-08-12T13:52:01.336000-07:00
2012,2026-08-12T20:54:35Z,109940602001,153.0,2.55,1.9795081967213115,1.9967213114754097,2026-08-12T13:52:01.336000-07:00
2013,2026-08-12T20:55:35Z,109995056553,212.0,3.533333333333333,1.9950819672131148,1.994187779433681,2026-08-12T13:52:01.336000-07:00
2014,2026-08-12T20:56:35Z,110049511104,30.0,0.5,2.0073770491803278,1.9960009935419771,2026-08-12T13:55:57.505000-07:00
2015,2026-08-12T20:57:35Z,110103965656,95.0,1.5833333333333333,2.0207650273224043,1.9915797317436663,2026-08-12T13:55:57.505000-07:00
2016,2026-08-12T20:58:35Z,110158420207,153.0,2.55,1.973497267759563,1.9858420268256334,2026-08-12T13:55:57.505000-07:00
2017,2026-08-12T20:59:35Z,110213790856,211.0,3.5166666666666666,1.9795081967213115,1.9786885245901642,2026-08-12T13:55:57.505000-07:00
2018,2026-08-12T21:00:35Z,110269691878,22.0,0.36666666666666664,1.9827868852459016,1.976974664679583,2026-08-12T14:00:04.625000-07:00
2019,2026-08-12T21:01:35Z,110325592899,90.0,1.5,1.986065573770492,1.969846000993542,2026-08-12T14:00:04.625000-07:00
2020,2026-08-12T21:02:35Z,110381493920,150.0,2.5,1.9401639344262294,1.961947342275211,2026-08-12T14:00:04.625000-07:00
2021,2026-08-12T21:03:35Z,110437394942,204.0,3.4,1.9467213114754098,1.9532538499751615,2026-08-12T14:00:04.625000-07:00
2022,2026-08-12T21:04:35Z,110493295963,34.0,0.5666666666666667,1.9540983606557378,1.9490561351217088,2026-08-12T14:04:00.615000-07:00
2023,2026-08-12T21:05:35Z,110549196985,89.0,1.4833333333333334,1.9606557377049179,1.9399155489319424,2026-08-12T14:04:00.615000-07:00
2024,2026-08-12T21:06:36Z,110606029690,155.0,2.5833333333333335,1.9166666666666667,1.9308743169398908,2026-08-12T14:04:00.615000-07:00
2025,2026-08-12T21:07:36Z,110661930711,214.0,3.566666666666667,1.9204918032786886,1.921758569299553,2026-08-12T14:04:00.615000-07:00
2026,2026-08-12T21:08:36Z,110717831733,35.0,0.5833333333333334,1.925136612021858,1.9170392449080973,2026-08-12T14:07:57.480000-07:00
2027,2026-08-12T21:09:36Z,110772609626,95.0,1.5833333333333333,1.9273224043715846,1.9073273720814705,2026-08-12T14:07:57.480000-07:00
2028,2026-08-12T21:10:36Z,110826782758,148.0,2.466666666666667,1.8789617486338797,1.8970938897168403,2026-08-12T14:07:57.480000-07:00
2029,2026-08-12T21:11:36Z,110880955891,218.0,3.6333333333333333,1.8833333333333335,1.8868107302533532,2026-08-12T14:07:57.480000-07:00
2030,2026-08-12T21:12:36Z,110935129023,34.0,0.5666666666666667,1.885792349726776,1.8808991554893195,2026-08-12T14:11:52.805000-07:00
2031,2026-08-12T21:13:36Z,110989302156,103.0,1.7166666666666666,1.8882513661202187,1.8705663189269748,2026-08-12T14:11:52.805000-07:00
2032,2026-08-12T21:14:36Z,111043475288,147.0,2.45,1.8398907103825137,1.8600844510680579,2026-08-12T14:11:52.805000-07:00
2033,2026-08-12T21:15:37Z,111098551306,222.0,3.7,1.8415300546448086,1.849826130153999,2026-08-12T14:11:52.805000-07:00
2034,2026-08-12T21:16:37Z,111152724438,37.0,0.6166666666666667,1.8475409836065575,1.8444113263785396,2026-08-12T14:15:58.245000-07:00
2035,2026-08-12T21:17:37Z,111206897571,90.0,1.5,1.8516393442622952,1.8343517138599106,2026-08-12T14:15:58.245000-07:00
2036,2026-08-12T21:18:37Z,111261070703,159.0,2.65,1.8068306010928963,1.8244908097367114,2026-08-12T14:15:58.245000-07:00
2037,2026-08-12T21:19:37Z,111315786700,217.0,3.6166666666666667,1.8098360655737706,1.8147540983606556,2026-08-12T14:15:58.245000-07:00
2038,2026-08-12T21:20:37Z,111370774128,41.0,0.6833333333333333,1.81448087431694,1.8097615499254844,2026-08-12T14:19:51.848000-07:00
2039,2026-08-12T21:21:37Z,111425761557,102.0,1.7,1.8193989071038252,1.8002235469448584,2026-08-12T14:19:51.848000-07:00
2040,2026-08-12T21:22:37Z,111480748986,165.0,2.75,1.772677595628415,1.7904123199205166,2026-08-12T14:19:51.848000-07:00
2041,2026-08-12T21:23:37Z,111535736414,221.0,3.683333333333333,1.7773224043715847,1.780327868852459,2026-08-12T14:19:51.848000-07:00
2042,2026-08-12T21:24:37Z,111590723843,14.0,0.23333333333333334,1.7811475409836066,1.7730907435005796,2026-08-12T14:24:19.326000-07:00
2043,2026-08-12T21:25:37Z,111645711271,76.0,1.2666666666666666,1.7849726775956285,1.7628231607545304,2026-08-12T14:24:19.326000-07:00
2044,2026-08-12T21:26:38Z,111701615157,134.0,2.2333333333333334,1.7366120218579235,1.7542183163808902,2026-08-12T14:24:19.326000-07:00
2045,2026-08-12T21:27:38Z,111756602586,198.0,3.3,1.7396174863387976,1.7455169803283894,2026-08-12T14:24:19.326000-07:00
2046,2026-08-12T21:28:38Z,111811590014,29.0,0.48333333333333334,1.7407103825136612,1.739802783323209,2026-08-12T14:27:56.553000-07:00
2047,2026-08-12T21:29:38Z,111866052764,43.0,0.7166666666666667,1.7272222222222224,1.7308726473886018,2026-08-12T14:28:54.528000-07:00
2048,2026-08-12T21:30:38Z,111920272370,102.0,1.7,1.6968926553672314,1.7234675398468824,2026-08-12T14:28:54.528000-07:00
2049,2026-08-12T21:31:38Z,111974491977,162.0,2.7,1.7198275862068966,1.7160858041477944,2026-08-12T14:28:54.528000-07:00
2050,2026-08-12T21:32:38Z,112028711583,35.0,0.5833333333333334,1.7236842105263157,1.711562799829708,2026-08-12T14:32:02.252000-07:00
2051,2026-08-12T21:33:38Z,112082931189,46.0,0.7666666666666667,1.7098214285714286,1.7034157556170901,2026-08-12T14:32:51.596000-07:00
2052,2026-08-12T21:34:38Z,112137150795,106.0,1.7666666666666666,1.679090909090909,1.6971087511461511,2026-08-12T14:32:51.596000-07:00
2053,2026-08-12T21:35:38Z,112191370401,163.0,2.716666666666667,1.6996913580246913,1.6921912083714654,2026-08-12T14:32:51.596000-07:00
2054,2026-08-12T21:36:38Z,112245590008,39.0,0.65,1.7037735849056603,1.6885279871764647,2026-08-12T14:35:55.538000-07:00
2055,2026-08-12T21:37:39Z,112300713274,49.0,0.8166666666666667,1.6868589743589744,1.6789562981660375,2026-08-12T14:36:50.072000-07:00
2056,2026-08-12T21:38:39Z,112354932880,104.0,1.7333333333333334,1.6500000000000001,1.6711049008981644,2026-08-12T14:36:50.072000-07:00
2057,2026-08-12T21:39:39Z,112409721823,164.0,2.7333333333333334,1.6713333333333333,1.6643534578967214,2026-08-12T14:36:50.072000-07:00
2058,2026-08-12T21:40:39Z,112464754768,31.0,0.5166666666666667,1.6731292517006804,1.658712962028953,2026-08-12T14:39:59.990000-07:00
2059,2026-08-12T21:41:39Z,112519787713,49.0,0.8166666666666667,1.6565972222222223,1.646795988677871,2026-08-12T14:40:48.047000-07:00
2060,2026-08-12T21:42:39Z,112574820658,101.0,1.6833333333333333,1.6145390070921988,1.636568375620069,2026-08-12T14:40:48.047000-07:00
2061,2026-08-12T21:43:39Z,112629853603,159.0,2.65,1.63731884057971,1.6280808265837399,2026-08-12T14:40:48.047000-07:00
2062,2026-08-12T21:44:39Z,112684886548,33.0,0.55,1.6355555555555554,1.6205429477958608,2026-08-12T14:44:02.621000-07:00
2063,2026-08-12T21:45:40Z,112740836709,34.0,0.5666666666666667,1.6170454545454547,1.6062880915410047,2026-08-12T14:44:51.862000-07:00
2064,2026-08-12T21:46:40Z,112795869653,105.0,1.75,1.5686046511627907,1.5938584785474819,2026-08-12T14:44:51.862000-07:00
2065,2026-08-12T21:47:40Z,112850902598,161.0,2.683333333333333,1.5912698412698412,1.5825298203438236,2026-08-12T14:44:51.862000-07:00
2066,2026-08-12T21:48:40Z,112905935543,43.0,0.7166666666666667,1.5934959349593494,1.5719488331670917,2026-08-12T14:47:56.453000-07:00
2067,2026-08-12T21:49:40Z,112942728187,40.0,0.6666666666666666,1.5670833333333332,1.5536211463611442,2026-08-12T14:48:54.783000-07:00
2068,2026-08-12T21:50:40Z,112972309549,103.0,1.7166666666666666,1.5145299145299145,1.5386686805263252,2026-08-12T14:48:54.783000-07:00
2069,2026-08-12T21:51:40Z,113001890910,164.0,2.7333333333333334,1.5364035087719299,1.5259620689560771,2026-08-12T14:48:54.783000-07:00
2070,2026-08-12T21:52:40Z,113031472272,38.0,0.6333333333333333,1.531981981981982,1.5155112673352173,2026-08-12T14:52:01.704000-07:00
2071,2026-08-12T21:53:40Z,113061053634,46.0,0.7666666666666667,1.498148148148148,1.497585465538448,2026-08-12T14:52:53.085000-07:00
2072,2026-08-12T21:54:41Z,113091128018,102.0,1.7,1.4357142857142857,1.4879944185963578,2026-08-12T14:52:53.085000-07:00
2073,2026-08-12T21:55:41Z,113120709380,167.0,2.783333333333333,1.471078431372549,1.4792067614033606,2026-08-12T14:52:53.085000-07:00
2074,2026-08-12T21:56:41Z,113150290741,35.0,0.5833333333333334,1.4772727272727273,1.4747913672625415,2026-08-12T14:55:57.641000-07:00
2075,2026-08-12T21:57:41Z,113179872103,41.0,0.6833333333333333,1.4536458333333333,1.4659896327612003,2026-08-12T14:56:53.871000-07:00
2076,2026-08-12T21:58:41Z,113209453465,99.0,1.65,1.3940860215053763,1.45499090789107,2026-08-12T14:56:53.871000-07:00
