series,label,source_line,iteration,observed_at,raw_rows,query_number,query_name,latency_sec
left,ClickHouse Cloud,2,2,2026-08-08T07:05:59Z,724786266,1,Single-symbol summary,0.006
left,ClickHouse Cloud,2,2,2026-08-08T07:05:59Z,724786266,2,Watchlist summary,0.005
left,ClickHouse Cloud,2,2,2026-08-08T07:05:59Z,724786266,3,Top movers,0.006
left,ClickHouse Cloud,2,2,2026-08-08T07:05:59Z,724786266,4,Daily activity,0.006
left,ClickHouse Cloud,3,3,2026-08-08T07:15:59Z,1370669828,1,Single-symbol summary,0.041
left,ClickHouse Cloud,3,3,2026-08-08T07:15:59Z,1370669828,2,Watchlist summary,0.007
left,ClickHouse Cloud,3,3,2026-08-08T07:15:59Z,1370669828,3,Top movers,0.009
left,ClickHouse Cloud,3,3,2026-08-08T07:15:59Z,1370669828,4,Daily activity,0.006
left,ClickHouse Cloud,4,4,2026-08-08T07:25:59Z,1975682003,1,Single-symbol summary,0.006
left,ClickHouse Cloud,4,4,2026-08-08T07:25:59Z,1975682003,2,Watchlist summary,0.033
left,ClickHouse Cloud,4,4,2026-08-08T07:25:59Z,1975682003,3,Top movers,0.045
left,ClickHouse Cloud,4,4,2026-08-08T07:25:59Z,1975682003,4,Daily activity,0.025
left,ClickHouse Cloud,5,5,2026-08-08T07:35:59Z,2574084882,1,Single-symbol summary,0.007
left,ClickHouse Cloud,5,5,2026-08-08T07:35:59Z,2574084882,2,Watchlist summary,0.01
left,ClickHouse Cloud,5,5,2026-08-08T07:35:59Z,2574084882,3,Top movers,0.011
left,ClickHouse Cloud,5,5,2026-08-08T07:35:59Z,2574084882,4,Daily activity,0.008
left,ClickHouse Cloud,6,6,2026-08-08T07:45:59Z,3146910669,1,Single-symbol summary,0.012
left,ClickHouse Cloud,6,6,2026-08-08T07:45:59Z,3146910669,2,Watchlist summary,0.01
left,ClickHouse Cloud,6,6,2026-08-08T07:45:59Z,3146910669,3,Top movers,0.011
left,ClickHouse Cloud,6,6,2026-08-08T07:45:59Z,3146910669,4,Daily activity,0.008
left,ClickHouse Cloud,7,7,2026-08-08T07:55:59Z,3738865972,1,Single-symbol summary,0.014
left,ClickHouse Cloud,7,7,2026-08-08T07:55:59Z,3738865972,2,Watchlist summary,0.009
left,ClickHouse Cloud,7,7,2026-08-08T07:55:59Z,3738865972,3,Top movers,0.012
left,ClickHouse Cloud,7,7,2026-08-08T07:55:59Z,3738865972,4,Daily activity,0.01
left,ClickHouse Cloud,8,8,2026-08-08T08:05:59Z,4293755746,1,Single-symbol summary,0.013
left,ClickHouse Cloud,8,8,2026-08-08T08:05:59Z,4293755746,2,Watchlist summary,0.01
left,ClickHouse Cloud,8,8,2026-08-08T08:05:59Z,4293755746,3,Top movers,0.012
left,ClickHouse Cloud,8,8,2026-08-08T08:05:59Z,4293755746,4,Daily activity,0.009
left,ClickHouse Cloud,9,9,2026-08-08T08:15:59Z,4891042750,1,Single-symbol summary,0.007
left,ClickHouse Cloud,9,9,2026-08-08T08:15:59Z,4891042750,2,Watchlist summary,0.008
left,ClickHouse Cloud,9,9,2026-08-08T08:15:59Z,4891042750,3,Top movers,0.013
left,ClickHouse Cloud,9,9,2026-08-08T08:15:59Z,4891042750,4,Daily activity,0.01
left,ClickHouse Cloud,10,10,2026-08-08T08:25:59Z,5469535309,1,Single-symbol summary,0.013
left,ClickHouse Cloud,10,10,2026-08-08T08:25:59Z,5469535309,2,Watchlist summary,0.017
left,ClickHouse Cloud,10,10,2026-08-08T08:25:59Z,5469535309,3,Top movers,0.014
left,ClickHouse Cloud,10,10,2026-08-08T08:25:59Z,5469535309,4,Daily activity,0.011
left,ClickHouse Cloud,11,11,2026-08-08T08:35:59Z,6010532017,1,Single-symbol summary,0.006
left,ClickHouse Cloud,11,11,2026-08-08T08:35:59Z,6010532017,2,Watchlist summary,0.009
left,ClickHouse Cloud,11,11,2026-08-08T08:35:59Z,6010532017,3,Top movers,0.013
left,ClickHouse Cloud,11,11,2026-08-08T08:35:59Z,6010532017,4,Daily activity,0.011
left,ClickHouse Cloud,12,12,2026-08-08T08:45:59Z,6539371357,1,Single-symbol summary,0.014
left,ClickHouse Cloud,12,12,2026-08-08T08:45:59Z,6539371357,2,Watchlist summary,0.01
left,ClickHouse Cloud,12,12,2026-08-08T08:45:59Z,6539371357,3,Top movers,0.012
left,ClickHouse Cloud,12,12,2026-08-08T08:45:59Z,6539371357,4,Daily activity,0.01
left,ClickHouse Cloud,13,13,2026-08-08T08:55:59Z,7146131616,1,Single-symbol summary,0.006
left,ClickHouse Cloud,13,13,2026-08-08T08:55:59Z,7146131616,2,Watchlist summary,0.009
left,ClickHouse Cloud,13,13,2026-08-08T08:55:59Z,7146131616,3,Top movers,0.011
left,ClickHouse Cloud,13,13,2026-08-08T08:55:59Z,7146131616,4,Daily activity,0.01
left,ClickHouse Cloud,14,14,2026-08-08T09:05:59Z,7727462172,1,Single-symbol summary,0.007
left,ClickHouse Cloud,14,14,2026-08-08T09:05:59Z,7727462172,2,Watchlist summary,0.009
left,ClickHouse Cloud,14,14,2026-08-08T09:05:59Z,7727462172,3,Top movers,0.013
left,ClickHouse Cloud,14,14,2026-08-08T09:05:59Z,7727462172,4,Daily activity,0.01
left,ClickHouse Cloud,15,15,2026-08-08T09:15:59Z,8305203448,1,Single-symbol summary,0.007
left,ClickHouse Cloud,15,15,2026-08-08T09:15:59Z,8305203448,2,Watchlist summary,0.013
left,ClickHouse Cloud,15,15,2026-08-08T09:15:59Z,8305203448,3,Top movers,0.012
left,ClickHouse Cloud,15,15,2026-08-08T09:15:59Z,8305203448,4,Daily activity,0.011
left,ClickHouse Cloud,16,16,2026-08-08T09:25:59Z,8807164173,1,Single-symbol summary,0.013
left,ClickHouse Cloud,16,16,2026-08-08T09:25:59Z,8807164173,2,Watchlist summary,0.017
left,ClickHouse Cloud,16,16,2026-08-08T09:25:59Z,8807164173,3,Top movers,0.012
left,ClickHouse Cloud,16,16,2026-08-08T09:25:59Z,8807164173,4,Daily activity,0.01
left,ClickHouse Cloud,17,17,2026-08-08T09:35:59Z,9395201523,1,Single-symbol summary,0.007
left,ClickHouse Cloud,17,17,2026-08-08T09:35:59Z,9395201523,2,Watchlist summary,0.011
left,ClickHouse Cloud,17,17,2026-08-08T09:35:59Z,9395201523,3,Top movers,0.013
left,ClickHouse Cloud,17,17,2026-08-08T09:35:59Z,9395201523,4,Daily activity,0.011
left,ClickHouse Cloud,18,18,2026-08-08T09:45:59Z,9911918805,1,Single-symbol summary,0.007
left,ClickHouse Cloud,18,18,2026-08-08T09:45:59Z,9911918805,2,Watchlist summary,0.01
left,ClickHouse Cloud,18,18,2026-08-08T09:45:59Z,9911918805,3,Top movers,0.012
left,ClickHouse Cloud,18,18,2026-08-08T09:45:59Z,9911918805,4,Daily activity,0.011
left,ClickHouse Cloud,19,19,2026-08-08T09:55:59Z,10448957290,1,Single-symbol summary,0.007
left,ClickHouse Cloud,19,19,2026-08-08T09:55:59Z,10448957290,2,Watchlist summary,0.011
left,ClickHouse Cloud,19,19,2026-08-08T09:55:59Z,10448957290,3,Top movers,0.013
left,ClickHouse Cloud,19,19,2026-08-08T09:55:59Z,10448957290,4,Daily activity,0.011
left,ClickHouse Cloud,20,20,2026-08-08T10:05:59Z,10999409964,1,Single-symbol summary,0.007
left,ClickHouse Cloud,20,20,2026-08-08T10:05:59Z,10999409964,2,Watchlist summary,0.011
left,ClickHouse Cloud,20,20,2026-08-08T10:05:59Z,10999409964,3,Top movers,0.013
left,ClickHouse Cloud,20,20,2026-08-08T10:05:59Z,10999409964,4,Daily activity,0.01
left,ClickHouse Cloud,21,21,2026-08-08T10:15:59Z,11495758638,1,Single-symbol summary,0.007
left,ClickHouse Cloud,21,21,2026-08-08T10:15:59Z,11495758638,2,Watchlist summary,0.015
left,ClickHouse Cloud,21,21,2026-08-08T10:15:59Z,11495758638,3,Top movers,0.011
left,ClickHouse Cloud,21,21,2026-08-08T10:15:59Z,11495758638,4,Daily activity,0.011
left,ClickHouse Cloud,22,22,2026-08-08T10:25:59Z,12058435469,1,Single-symbol summary,0.012
left,ClickHouse Cloud,22,22,2026-08-08T10:25:59Z,12058435469,2,Watchlist summary,0.01
left,ClickHouse Cloud,22,22,2026-08-08T10:25:59Z,12058435469,3,Top movers,0.012
left,ClickHouse Cloud,22,22,2026-08-08T10:25:59Z,12058435469,4,Daily activity,0.01
left,ClickHouse Cloud,23,23,2026-08-08T10:35:59Z,12574526062,1,Single-symbol summary,0.013
left,ClickHouse Cloud,23,23,2026-08-08T10:35:59Z,12574526062,2,Watchlist summary,0.01
left,ClickHouse Cloud,23,23,2026-08-08T10:35:59Z,12574526062,3,Top movers,0.013
left,ClickHouse Cloud,23,23,2026-08-08T10:35:59Z,12574526062,4,Daily activity,0.011
left,ClickHouse Cloud,24,24,2026-08-08T10:45:59Z,13130688854,1,Single-symbol summary,0.013
left,ClickHouse Cloud,24,24,2026-08-08T10:45:59Z,13130688854,2,Watchlist summary,0.015
left,ClickHouse Cloud,24,24,2026-08-08T10:45:59Z,13130688854,3,Top movers,0.013
left,ClickHouse Cloud,24,24,2026-08-08T10:45:59Z,13130688854,4,Daily activity,0.011
left,ClickHouse Cloud,25,25,2026-08-08T10:55:59Z,13690901348,1,Single-symbol summary,0.014
left,ClickHouse Cloud,25,25,2026-08-08T10:55:59Z,13690901348,2,Watchlist summary,0.016
left,ClickHouse Cloud,25,25,2026-08-08T10:55:59Z,13690901348,3,Top movers,0.014
left,ClickHouse Cloud,25,25,2026-08-08T10:55:59Z,13690901348,4,Daily activity,0.011
left,ClickHouse Cloud,26,26,2026-08-08T11:05:59Z,14280804947,1,Single-symbol summary,0.013
left,ClickHouse Cloud,26,26,2026-08-08T11:05:59Z,14280804947,2,Watchlist summary,0.016
left,ClickHouse Cloud,26,26,2026-08-08T11:05:59Z,14280804947,3,Top movers,0.014
left,ClickHouse Cloud,26,26,2026-08-08T11:05:59Z,14280804947,4,Daily activity,0.012
left,ClickHouse Cloud,27,27,2026-08-08T11:15:59Z,14876856126,1,Single-symbol summary,0.013
left,ClickHouse Cloud,27,27,2026-08-08T11:15:59Z,14876856126,2,Watchlist summary,0.011
left,ClickHouse Cloud,27,27,2026-08-08T11:15:59Z,14876856126,3,Top movers,0.013
left,ClickHouse Cloud,27,27,2026-08-08T11:15:59Z,14876856126,4,Daily activity,0.01
left,ClickHouse Cloud,28,28,2026-08-08T11:25:59Z,15470256866,1,Single-symbol summary,0.087
left,ClickHouse Cloud,28,28,2026-08-08T11:25:59Z,15470256866,2,Watchlist summary,0.08
left,ClickHouse Cloud,28,28,2026-08-08T11:25:59Z,15470256866,3,Top movers,0.011
left,ClickHouse Cloud,28,28,2026-08-08T11:25:59Z,15470256866,4,Daily activity,0.01
left,ClickHouse Cloud,29,29,2026-08-08T11:35:59Z,16058779354,1,Single-symbol summary,0.007
left,ClickHouse Cloud,29,29,2026-08-08T11:35:59Z,16058779354,2,Watchlist summary,0.011
left,ClickHouse Cloud,29,29,2026-08-08T11:35:59Z,16058779354,3,Top movers,0.011
left,ClickHouse Cloud,29,29,2026-08-08T11:35:59Z,16058779354,4,Daily activity,0.01
left,ClickHouse Cloud,30,30,2026-08-08T11:45:59Z,16604006353,1,Single-symbol summary,0.007
left,ClickHouse Cloud,30,30,2026-08-08T11:45:59Z,16604006353,2,Watchlist summary,0.01
left,ClickHouse Cloud,30,30,2026-08-08T11:45:59Z,16604006353,3,Top movers,0.011
left,ClickHouse Cloud,30,30,2026-08-08T11:45:59Z,16604006353,4,Daily activity,0.01
left,ClickHouse Cloud,31,31,2026-08-08T11:55:59Z,17204550973,1,Single-symbol summary,0.006
left,ClickHouse Cloud,31,31,2026-08-08T11:55:59Z,17204550973,2,Watchlist summary,0.013
left,ClickHouse Cloud,31,31,2026-08-08T11:55:59Z,17204550973,3,Top movers,0.011
left,ClickHouse Cloud,31,31,2026-08-08T11:55:59Z,17204550973,4,Daily activity,0.01
left,ClickHouse Cloud,32,32,2026-08-08T12:05:59Z,17758468213,1,Single-symbol summary,0.013
left,ClickHouse Cloud,32,32,2026-08-08T12:05:59Z,17758468213,2,Watchlist summary,0.011
left,ClickHouse Cloud,32,32,2026-08-08T12:05:59Z,17758468213,3,Top movers,0.011
left,ClickHouse Cloud,32,32,2026-08-08T12:05:59Z,17758468213,4,Daily activity,0.014
left,ClickHouse Cloud,33,33,2026-08-08T12:15:59Z,18360002425,1,Single-symbol summary,0.013
left,ClickHouse Cloud,33,33,2026-08-08T12:15:59Z,18360002425,2,Watchlist summary,0.01
left,ClickHouse Cloud,33,33,2026-08-08T12:15:59Z,18360002425,3,Top movers,0.012
left,ClickHouse Cloud,33,33,2026-08-08T12:15:59Z,18360002425,4,Daily activity,0.011
left,ClickHouse Cloud,34,34,2026-08-08T12:25:59Z,18930505218,1,Single-symbol summary,0.014
left,ClickHouse Cloud,34,34,2026-08-08T12:25:59Z,18930505218,2,Watchlist summary,0.011
left,ClickHouse Cloud,34,34,2026-08-08T12:25:59Z,18930505218,3,Top movers,0.012
left,ClickHouse Cloud,34,34,2026-08-08T12:25:59Z,18930505218,4,Daily activity,0.01
left,ClickHouse Cloud,35,35,2026-08-08T12:35:59Z,19498533079,1,Single-symbol summary,0.012
left,ClickHouse Cloud,35,35,2026-08-08T12:35:59Z,19498533079,2,Watchlist summary,0.016
left,ClickHouse Cloud,35,35,2026-08-08T12:35:59Z,19498533079,3,Top movers,0.013
left,ClickHouse Cloud,35,35,2026-08-08T12:35:59Z,19498533079,4,Daily activity,0.011
left,ClickHouse Cloud,36,36,2026-08-08T12:45:59Z,20030972521,1,Single-symbol summary,0.014
left,ClickHouse Cloud,36,36,2026-08-08T12:45:59Z,20030972521,2,Watchlist summary,0.104
left,ClickHouse Cloud,36,36,2026-08-08T12:45:59Z,20030972521,3,Top movers,0.014
left,ClickHouse Cloud,36,36,2026-08-08T12:45:59Z,20030972521,4,Daily activity,0.011
left,ClickHouse Cloud,37,37,2026-08-08T12:55:59Z,20598954386,1,Single-symbol summary,0.013
left,ClickHouse Cloud,37,37,2026-08-08T12:55:59Z,20598954386,2,Watchlist summary,0.015
left,ClickHouse Cloud,37,37,2026-08-08T12:55:59Z,20598954386,3,Top movers,0.015
left,ClickHouse Cloud,37,37,2026-08-08T12:55:59Z,20598954386,4,Daily activity,0.012
left,ClickHouse Cloud,38,38,2026-08-08T13:05:59Z,21177624388,1,Single-symbol summary,0.007
left,ClickHouse Cloud,38,38,2026-08-08T13:05:59Z,21177624388,2,Watchlist summary,0.011
left,ClickHouse Cloud,38,38,2026-08-08T13:05:59Z,21177624388,3,Top movers,0.015
left,ClickHouse Cloud,38,38,2026-08-08T13:05:59Z,21177624388,4,Daily activity,0.011
left,ClickHouse Cloud,39,39,2026-08-08T13:15:59Z,21690449123,1,Single-symbol summary,0.007
left,ClickHouse Cloud,39,39,2026-08-08T13:15:59Z,21690449123,2,Watchlist summary,0.011
left,ClickHouse Cloud,39,39,2026-08-08T13:15:59Z,21690449123,3,Top movers,0.014
left,ClickHouse Cloud,39,39,2026-08-08T13:15:59Z,21690449123,4,Daily activity,0.011
left,ClickHouse Cloud,40,40,2026-08-08T13:25:59Z,22225814642,1,Single-symbol summary,0.013
left,ClickHouse Cloud,40,40,2026-08-08T13:25:59Z,22225814642,2,Watchlist summary,0.015
left,ClickHouse Cloud,40,40,2026-08-08T13:25:59Z,22225814642,3,Top movers,0.012
left,ClickHouse Cloud,40,40,2026-08-08T13:25:59Z,22225814642,4,Daily activity,0.011
left,ClickHouse Cloud,41,41,2026-08-08T13:35:59Z,22769842666,1,Single-symbol summary,0.007
left,ClickHouse Cloud,41,41,2026-08-08T13:35:59Z,22769842666,2,Watchlist summary,0.011
left,ClickHouse Cloud,41,41,2026-08-08T13:35:59Z,22769842666,3,Top movers,0.013
left,ClickHouse Cloud,41,41,2026-08-08T13:35:59Z,22769842666,4,Daily activity,0.011
left,ClickHouse Cloud,42,42,2026-08-08T13:45:59Z,23288685490,1,Single-symbol summary,0.014
left,ClickHouse Cloud,42,42,2026-08-08T13:45:59Z,23288685490,2,Watchlist summary,0.011
left,ClickHouse Cloud,42,42,2026-08-08T13:45:59Z,23288685490,3,Top movers,0.012
left,ClickHouse Cloud,42,42,2026-08-08T13:45:59Z,23288685490,4,Daily activity,0.011
left,ClickHouse Cloud,43,43,2026-08-08T13:55:59Z,23844225514,1,Single-symbol summary,0.007
left,ClickHouse Cloud,43,43,2026-08-08T13:55:59Z,23844225514,2,Watchlist summary,0.011
left,ClickHouse Cloud,43,43,2026-08-08T13:55:59Z,23844225514,3,Top movers,0.012
left,ClickHouse Cloud,43,43,2026-08-08T13:55:59Z,23844225514,4,Daily activity,0.01
left,ClickHouse Cloud,44,44,2026-08-08T14:05:59Z,24360433073,1,Single-symbol summary,0.007
left,ClickHouse Cloud,44,44,2026-08-08T14:05:59Z,24360433073,2,Watchlist summary,0.011
left,ClickHouse Cloud,44,44,2026-08-08T14:05:59Z,24360433073,3,Top movers,0.012
left,ClickHouse Cloud,44,44,2026-08-08T14:05:59Z,24360433073,4,Daily activity,0.011
left,ClickHouse Cloud,45,45,2026-08-08T14:15:59Z,24937313823,1,Single-symbol summary,0.012
left,ClickHouse Cloud,45,45,2026-08-08T14:15:59Z,24937313823,2,Watchlist summary,0.015
left,ClickHouse Cloud,45,45,2026-08-08T14:15:59Z,24937313823,3,Top movers,0.011
left,ClickHouse Cloud,45,45,2026-08-08T14:15:59Z,24937313823,4,Daily activity,0.01
left,ClickHouse Cloud,46,46,2026-08-08T14:25:59Z,25492435118,1,Single-symbol summary,0.007
left,ClickHouse Cloud,46,46,2026-08-08T14:25:59Z,25492435118,2,Watchlist summary,0.011
left,ClickHouse Cloud,46,46,2026-08-08T14:25:59Z,25492435118,3,Top movers,0.013
left,ClickHouse Cloud,46,46,2026-08-08T14:25:59Z,25492435118,4,Daily activity,0.011
left,ClickHouse Cloud,47,47,2026-08-08T14:35:59Z,26047358918,1,Single-symbol summary,0.007
left,ClickHouse Cloud,47,47,2026-08-08T14:35:59Z,26047358918,2,Watchlist summary,0.011
left,ClickHouse Cloud,47,47,2026-08-08T14:35:59Z,26047358918,3,Top movers,0.012
left,ClickHouse Cloud,47,47,2026-08-08T14:35:59Z,26047358918,4,Daily activity,0.01
left,ClickHouse Cloud,48,48,2026-08-08T14:45:59Z,26583320264,1,Single-symbol summary,0.007
left,ClickHouse Cloud,48,48,2026-08-08T14:45:59Z,26583320264,2,Watchlist summary,0.014
left,ClickHouse Cloud,48,48,2026-08-08T14:45:59Z,26583320264,3,Top movers,0.012
left,ClickHouse Cloud,48,48,2026-08-08T14:45:59Z,26583320264,4,Daily activity,0.01
left,ClickHouse Cloud,49,49,2026-08-08T14:55:59Z,27117466999,1,Single-symbol summary,0.013
left,ClickHouse Cloud,49,49,2026-08-08T14:55:59Z,27117466999,2,Watchlist summary,0.019
left,ClickHouse Cloud,49,49,2026-08-08T14:55:59Z,27117466999,3,Top movers,0.012
left,ClickHouse Cloud,49,49,2026-08-08T14:55:59Z,27117466999,4,Daily activity,0.011
left,ClickHouse Cloud,50,50,2026-08-08T15:05:59Z,27681375912,1,Single-symbol summary,0.007
left,ClickHouse Cloud,50,50,2026-08-08T15:05:59Z,27681375912,2,Watchlist summary,0.012
left,ClickHouse Cloud,50,50,2026-08-08T15:05:59Z,27681375912,3,Top movers,0.013
left,ClickHouse Cloud,50,50,2026-08-08T15:05:59Z,27681375912,4,Daily activity,0.011
left,ClickHouse Cloud,51,51,2026-08-08T15:15:59Z,28239125449,1,Single-symbol summary,0.007
left,ClickHouse Cloud,51,51,2026-08-08T15:15:59Z,28239125449,2,Watchlist summary,0.011
left,ClickHouse Cloud,51,51,2026-08-08T15:15:59Z,28239125449,3,Top movers,0.012
left,ClickHouse Cloud,51,51,2026-08-08T15:15:59Z,28239125449,4,Daily activity,0.011
left,ClickHouse Cloud,52,52,2026-08-08T15:25:59Z,28773516979,1,Single-symbol summary,0.111
left,ClickHouse Cloud,52,52,2026-08-08T15:25:59Z,28773516979,2,Watchlist summary,0.09
left,ClickHouse Cloud,52,52,2026-08-08T15:25:59Z,28773516979,3,Top movers,0.011
left,ClickHouse Cloud,52,52,2026-08-08T15:25:59Z,28773516979,4,Daily activity,0.043
left,ClickHouse Cloud,53,53,2026-08-08T15:35:59Z,29346127706,1,Single-symbol summary,0.007
left,ClickHouse Cloud,53,53,2026-08-08T15:35:59Z,29346127706,2,Watchlist summary,0.012
left,ClickHouse Cloud,53,53,2026-08-08T15:35:59Z,29346127706,3,Top movers,0.011
left,ClickHouse Cloud,53,53,2026-08-08T15:35:59Z,29346127706,4,Daily activity,0.01
left,ClickHouse Cloud,54,54,2026-08-08T15:45:59Z,29890137150,1,Single-symbol summary,0.007
left,ClickHouse Cloud,54,54,2026-08-08T15:45:59Z,29890137150,2,Watchlist summary,0.012
left,ClickHouse Cloud,54,54,2026-08-08T15:45:59Z,29890137150,3,Top movers,0.011
left,ClickHouse Cloud,54,54,2026-08-08T15:45:59Z,29890137150,4,Daily activity,0.01
left,ClickHouse Cloud,55,55,2026-08-08T15:55:59Z,30465667350,1,Single-symbol summary,0.007
left,ClickHouse Cloud,55,55,2026-08-08T15:55:59Z,30465667350,2,Watchlist summary,0.013
left,ClickHouse Cloud,55,55,2026-08-08T15:55:59Z,30465667350,3,Top movers,0.011
left,ClickHouse Cloud,55,55,2026-08-08T15:55:59Z,30465667350,4,Daily activity,0.01
left,ClickHouse Cloud,56,56,2026-08-08T16:05:59Z,31018228497,1,Single-symbol summary,0.014
left,ClickHouse Cloud,56,56,2026-08-08T16:05:59Z,31018228497,2,Watchlist summary,0.011
left,ClickHouse Cloud,56,56,2026-08-08T16:05:59Z,31018228497,3,Top movers,0.011
left,ClickHouse Cloud,56,56,2026-08-08T16:05:59Z,31018228497,4,Daily activity,0.011
left,ClickHouse Cloud,57,57,2026-08-08T16:15:59Z,31588088259,1,Single-symbol summary,0.013
left,ClickHouse Cloud,57,57,2026-08-08T16:15:59Z,31588088259,2,Watchlist summary,0.011
left,ClickHouse Cloud,57,57,2026-08-08T16:15:59Z,31588088259,3,Top movers,0.012
left,ClickHouse Cloud,57,57,2026-08-08T16:15:59Z,31588088259,4,Daily activity,0.011
left,ClickHouse Cloud,58,58,2026-08-08T16:25:59Z,32144496083,1,Single-symbol summary,0.014
left,ClickHouse Cloud,58,58,2026-08-08T16:25:59Z,32144496083,2,Watchlist summary,0.012
left,ClickHouse Cloud,58,58,2026-08-08T16:25:59Z,32144496083,3,Top movers,0.013
left,ClickHouse Cloud,58,58,2026-08-08T16:25:59Z,32144496083,4,Daily activity,0.011
left,ClickHouse Cloud,59,59,2026-08-08T16:35:59Z,32651953244,1,Single-symbol summary,0.014
left,ClickHouse Cloud,59,59,2026-08-08T16:35:59Z,32651953244,2,Watchlist summary,0.014
left,ClickHouse Cloud,59,59,2026-08-08T16:35:59Z,32651953244,3,Top movers,0.014
left,ClickHouse Cloud,59,59,2026-08-08T16:35:59Z,32651953244,4,Daily activity,0.011
left,ClickHouse Cloud,60,60,2026-08-08T16:45:59Z,33183996050,1,Single-symbol summary,0.013
left,ClickHouse Cloud,60,60,2026-08-08T16:45:59Z,33183996050,2,Watchlist summary,0.016
left,ClickHouse Cloud,60,60,2026-08-08T16:45:59Z,33183996050,3,Top movers,0.013
left,ClickHouse Cloud,60,60,2026-08-08T16:45:59Z,33183996050,4,Daily activity,0.013
left,ClickHouse Cloud,61,61,2026-08-08T16:55:59Z,33748476003,1,Single-symbol summary,0.007
left,ClickHouse Cloud,61,61,2026-08-08T16:55:59Z,33748476003,2,Watchlist summary,0.012
left,ClickHouse Cloud,61,61,2026-08-08T16:55:59Z,33748476003,3,Top movers,0.014
left,ClickHouse Cloud,61,61,2026-08-08T16:55:59Z,33748476003,4,Daily activity,0.012
left,ClickHouse Cloud,62,62,2026-08-08T17:05:59Z,34249264401,1,Single-symbol summary,0.013
left,ClickHouse Cloud,62,62,2026-08-08T17:05:59Z,34249264401,2,Watchlist summary,0.012
left,ClickHouse Cloud,62,62,2026-08-08T17:05:59Z,34249264401,3,Top movers,0.013
left,ClickHouse Cloud,62,62,2026-08-08T17:05:59Z,34249264401,4,Daily activity,0.011
left,ClickHouse Cloud,63,63,2026-08-08T17:15:59Z,34764613132,1,Single-symbol summary,0.007
left,ClickHouse Cloud,63,63,2026-08-08T17:15:59Z,34764613132,2,Watchlist summary,0.012
left,ClickHouse Cloud,63,63,2026-08-08T17:15:59Z,34764613132,3,Top movers,0.012
left,ClickHouse Cloud,63,63,2026-08-08T17:15:59Z,34764613132,4,Daily activity,0.011
left,ClickHouse Cloud,64,64,2026-08-08T17:25:59Z,35300178406,1,Single-symbol summary,0.012
left,ClickHouse Cloud,64,64,2026-08-08T17:25:59Z,35300178406,2,Watchlist summary,0.012
left,ClickHouse Cloud,64,64,2026-08-08T17:25:59Z,35300178406,3,Top movers,0.013
left,ClickHouse Cloud,64,64,2026-08-08T17:25:59Z,35300178406,4,Daily activity,0.011
left,ClickHouse Cloud,65,65,2026-08-08T17:35:59Z,35804053385,1,Single-symbol summary,0.009
left,ClickHouse Cloud,65,65,2026-08-08T17:35:59Z,35804053385,2,Watchlist summary,0.012
left,ClickHouse Cloud,65,65,2026-08-08T17:35:59Z,35804053385,3,Top movers,0.013
left,ClickHouse Cloud,65,65,2026-08-08T17:35:59Z,35804053385,4,Daily activity,0.017
left,ClickHouse Cloud,66,66,2026-08-08T17:45:59Z,36352821706,1,Single-symbol summary,0.013
left,ClickHouse Cloud,66,66,2026-08-08T17:45:59Z,36352821706,2,Watchlist summary,0.011
left,ClickHouse Cloud,66,66,2026-08-08T17:45:59Z,36352821706,3,Top movers,0.013
left,ClickHouse Cloud,66,66,2026-08-08T17:45:59Z,36352821706,4,Daily activity,0.011
left,ClickHouse Cloud,67,67,2026-08-08T17:55:59Z,36850964650,1,Single-symbol summary,0.013
left,ClickHouse Cloud,67,67,2026-08-08T17:55:59Z,36850964650,2,Watchlist summary,0.012
left,ClickHouse Cloud,67,67,2026-08-08T17:55:59Z,36850964650,3,Top movers,0.014
left,ClickHouse Cloud,67,67,2026-08-08T17:55:59Z,36850964650,4,Daily activity,0.011
left,ClickHouse Cloud,68,68,2026-08-08T18:05:59Z,37331880801,1,Single-symbol summary,0.013
left,ClickHouse Cloud,68,68,2026-08-08T18:05:59Z,37331880801,2,Watchlist summary,0.015
left,ClickHouse Cloud,68,68,2026-08-08T18:05:59Z,37331880801,3,Top movers,0.012
left,ClickHouse Cloud,68,68,2026-08-08T18:05:59Z,37331880801,4,Daily activity,0.011
left,ClickHouse Cloud,69,69,2026-08-08T18:15:59Z,37851506740,1,Single-symbol summary,0.007
left,ClickHouse Cloud,69,69,2026-08-08T18:15:59Z,37851506740,2,Watchlist summary,0.012
left,ClickHouse Cloud,69,69,2026-08-08T18:15:59Z,37851506740,3,Top movers,0.012
left,ClickHouse Cloud,69,69,2026-08-08T18:15:59Z,37851506740,4,Daily activity,0.011
left,ClickHouse Cloud,70,70,2026-08-08T18:25:59Z,38333894855,1,Single-symbol summary,0.007
left,ClickHouse Cloud,70,70,2026-08-08T18:25:59Z,38333894855,2,Watchlist summary,0.012
left,ClickHouse Cloud,70,70,2026-08-08T18:25:59Z,38333894855,3,Top movers,0.012
left,ClickHouse Cloud,70,70,2026-08-08T18:25:59Z,38333894855,4,Daily activity,0.011
left,ClickHouse Cloud,71,71,2026-08-08T18:35:59Z,38903981063,1,Single-symbol summary,0.007
left,ClickHouse Cloud,71,71,2026-08-08T18:35:59Z,38903981063,2,Watchlist summary,0.012
left,ClickHouse Cloud,71,71,2026-08-08T18:35:59Z,38903981063,3,Top movers,0.014
left,ClickHouse Cloud,71,71,2026-08-08T18:35:59Z,38903981063,4,Daily activity,0.011
left,ClickHouse Cloud,72,72,2026-08-08T18:45:59Z,39403630784,1,Single-symbol summary,0.007
left,ClickHouse Cloud,72,72,2026-08-08T18:45:59Z,39403630784,2,Watchlist summary,0.016
left,ClickHouse Cloud,72,72,2026-08-08T18:45:59Z,39403630784,3,Top movers,0.014
left,ClickHouse Cloud,72,72,2026-08-08T18:45:59Z,39403630784,4,Daily activity,0.011
left,ClickHouse Cloud,73,73,2026-08-08T18:55:59Z,39938729827,1,Single-symbol summary,0.013
left,ClickHouse Cloud,73,73,2026-08-08T18:55:59Z,39938729827,2,Watchlist summary,0.012
left,ClickHouse Cloud,73,73,2026-08-08T18:55:59Z,39938729827,3,Top movers,0.012
left,ClickHouse Cloud,73,73,2026-08-08T18:55:59Z,39938729827,4,Daily activity,0.011
left,ClickHouse Cloud,74,74,2026-08-08T19:05:59Z,40455322866,1,Single-symbol summary,0.014
left,ClickHouse Cloud,74,74,2026-08-08T19:05:59Z,40455322866,2,Watchlist summary,0.012
left,ClickHouse Cloud,74,74,2026-08-08T19:05:59Z,40455322866,3,Top movers,0.013
left,ClickHouse Cloud,74,74,2026-08-08T19:05:59Z,40455322866,4,Daily activity,0.011
left,ClickHouse Cloud,75,75,2026-08-08T19:15:59Z,40983472025,1,Single-symbol summary,0.014
left,ClickHouse Cloud,75,75,2026-08-08T19:15:59Z,40983472025,2,Watchlist summary,0.016
left,ClickHouse Cloud,75,75,2026-08-08T19:15:59Z,40983472025,3,Top movers,0.014
left,ClickHouse Cloud,75,75,2026-08-08T19:15:59Z,40983472025,4,Daily activity,0.011
left,ClickHouse Cloud,76,76,2026-08-08T19:25:59Z,41461994932,1,Single-symbol summary,0.014
left,ClickHouse Cloud,76,76,2026-08-08T19:25:59Z,41461994932,2,Watchlist summary,0.016
left,ClickHouse Cloud,76,76,2026-08-08T19:25:59Z,41461994932,3,Top movers,0.014
left,ClickHouse Cloud,76,76,2026-08-08T19:25:59Z,41461994932,4,Daily activity,0.011
left,ClickHouse Cloud,77,77,2026-08-08T19:35:59Z,41986954384,1,Single-symbol summary,0.007
left,ClickHouse Cloud,77,77,2026-08-08T19:35:59Z,41986954384,2,Watchlist summary,0.013
left,ClickHouse Cloud,77,77,2026-08-08T19:35:59Z,41986954384,3,Top movers,0.016
left,ClickHouse Cloud,77,77,2026-08-08T19:35:59Z,41986954384,4,Daily activity,0.012
left,ClickHouse Cloud,78,78,2026-08-08T19:45:59Z,42504704257,1,Single-symbol summary,0.014
left,ClickHouse Cloud,78,78,2026-08-08T19:45:59Z,42504704257,2,Watchlist summary,0.013
left,ClickHouse Cloud,78,78,2026-08-08T19:45:59Z,42504704257,3,Top movers,0.014
left,ClickHouse Cloud,78,78,2026-08-08T19:45:59Z,42504704257,4,Daily activity,0.011
left,ClickHouse Cloud,79,79,2026-08-08T19:55:59Z,43037353870,1,Single-symbol summary,0.014
left,ClickHouse Cloud,79,79,2026-08-08T19:55:59Z,43037353870,2,Watchlist summary,0.012
left,ClickHouse Cloud,79,79,2026-08-08T19:55:59Z,43037353870,3,Top movers,0.014
left,ClickHouse Cloud,79,79,2026-08-08T19:55:59Z,43037353870,4,Daily activity,0.011
left,ClickHouse Cloud,80,80,2026-08-08T20:05:59Z,43568180819,1,Single-symbol summary,0.015
left,ClickHouse Cloud,80,80,2026-08-08T20:05:59Z,43568180819,2,Watchlist summary,0.017
left,ClickHouse Cloud,80,80,2026-08-08T20:05:59Z,43568180819,3,Top movers,0.013
left,ClickHouse Cloud,80,80,2026-08-08T20:05:59Z,43568180819,4,Daily activity,0.011
left,ClickHouse Cloud,81,81,2026-08-08T20:15:59Z,44075896295,1,Single-symbol summary,0.008
left,ClickHouse Cloud,81,81,2026-08-08T20:15:59Z,44075896295,2,Watchlist summary,0.013
left,ClickHouse Cloud,81,81,2026-08-08T20:15:59Z,44075896295,3,Top movers,0.015
left,ClickHouse Cloud,81,81,2026-08-08T20:15:59Z,44075896295,4,Daily activity,0.012
left,ClickHouse Cloud,82,82,2026-08-08T20:25:59Z,44585275116,1,Single-symbol summary,0.015
left,ClickHouse Cloud,82,82,2026-08-08T20:25:59Z,44585275116,2,Watchlist summary,0.017
left,ClickHouse Cloud,82,82,2026-08-08T20:25:59Z,44585275116,3,Top movers,0.014
left,ClickHouse Cloud,82,82,2026-08-08T20:25:59Z,44585275116,4,Daily activity,0.011
left,ClickHouse Cloud,83,83,2026-08-08T20:35:59Z,45119401562,1,Single-symbol summary,0.017
left,ClickHouse Cloud,83,83,2026-08-08T20:35:59Z,45119401562,2,Watchlist summary,0.025
left,ClickHouse Cloud,83,83,2026-08-08T20:35:59Z,45119401562,3,Top movers,0.013
left,ClickHouse Cloud,83,83,2026-08-08T20:35:59Z,45119401562,4,Daily activity,0.012
left,ClickHouse Cloud,84,84,2026-08-08T20:45:59Z,45608868518,1,Single-symbol summary,0.007
left,ClickHouse Cloud,84,84,2026-08-08T20:45:59Z,45608868518,2,Watchlist summary,0.012
left,ClickHouse Cloud,84,84,2026-08-08T20:45:59Z,45608868518,3,Top movers,0.012
left,ClickHouse Cloud,84,84,2026-08-08T20:45:59Z,45608868518,4,Daily activity,0.011
left,ClickHouse Cloud,85,85,2026-08-08T20:55:59Z,46108257326,1,Single-symbol summary,0.007
left,ClickHouse Cloud,85,85,2026-08-08T20:55:59Z,46108257326,2,Watchlist summary,0.012
left,ClickHouse Cloud,85,85,2026-08-08T20:55:59Z,46108257326,3,Top movers,0.013
left,ClickHouse Cloud,85,85,2026-08-08T20:55:59Z,46108257326,4,Daily activity,0.011
left,ClickHouse Cloud,86,86,2026-08-08T21:05:59Z,46607144697,1,Single-symbol summary,0.009
left,ClickHouse Cloud,86,86,2026-08-08T21:05:59Z,46607144697,2,Watchlist summary,0.012
left,ClickHouse Cloud,86,86,2026-08-08T21:05:59Z,46607144697,3,Top movers,0.013
left,ClickHouse Cloud,86,86,2026-08-08T21:05:59Z,46607144697,4,Daily activity,0.011
left,ClickHouse Cloud,87,87,2026-08-08T21:15:59Z,47127220430,1,Single-symbol summary,0.013
left,ClickHouse Cloud,87,87,2026-08-08T21:15:59Z,47127220430,2,Watchlist summary,0.013
left,ClickHouse Cloud,87,87,2026-08-08T21:15:59Z,47127220430,3,Top movers,0.013
left,ClickHouse Cloud,87,87,2026-08-08T21:15:59Z,47127220430,4,Daily activity,0.012
left,ClickHouse Cloud,88,88,2026-08-08T21:25:59Z,47630286458,1,Single-symbol summary,0.014
left,ClickHouse Cloud,88,88,2026-08-08T21:25:59Z,47630286458,2,Watchlist summary,0.013
left,ClickHouse Cloud,88,88,2026-08-08T21:25:59Z,47630286458,3,Top movers,0.014
left,ClickHouse Cloud,88,88,2026-08-08T21:25:59Z,47630286458,4,Daily activity,0.013
left,ClickHouse Cloud,89,89,2026-08-08T21:35:59Z,48152769396,1,Single-symbol summary,0.015
left,ClickHouse Cloud,89,89,2026-08-08T21:35:59Z,48152769396,2,Watchlist summary,0.014
left,ClickHouse Cloud,89,89,2026-08-08T21:35:59Z,48152769396,3,Top movers,0.014
left,ClickHouse Cloud,89,89,2026-08-08T21:35:59Z,48152769396,4,Daily activity,0.017
left,ClickHouse Cloud,90,90,2026-08-08T21:45:59Z,48651039753,1,Single-symbol summary,0.017
left,ClickHouse Cloud,90,90,2026-08-08T21:45:59Z,48651039753,2,Watchlist summary,0.013
left,ClickHouse Cloud,90,90,2026-08-08T21:45:59Z,48651039753,3,Top movers,0.015
left,ClickHouse Cloud,90,90,2026-08-08T21:45:59Z,48651039753,4,Daily activity,0.011
left,ClickHouse Cloud,91,91,2026-08-08T21:55:59Z,49173608481,1,Single-symbol summary,0.014
left,ClickHouse Cloud,91,91,2026-08-08T21:55:59Z,49173608481,2,Watchlist summary,0.012
left,ClickHouse Cloud,91,91,2026-08-08T21:55:59Z,49173608481,3,Top movers,0.014
left,ClickHouse Cloud,91,91,2026-08-08T21:55:59Z,49173608481,4,Daily activity,0.013
left,ClickHouse Cloud,92,92,2026-08-08T22:05:59Z,49691385785,1,Single-symbol summary,0.014
left,ClickHouse Cloud,92,92,2026-08-08T22:05:59Z,49691385785,2,Watchlist summary,0.015
left,ClickHouse Cloud,92,92,2026-08-08T22:05:59Z,49691385785,3,Top movers,0.016
left,ClickHouse Cloud,92,92,2026-08-08T22:05:59Z,49691385785,4,Daily activity,0.011
left,ClickHouse Cloud,93,93,2026-08-08T22:15:59Z,50238320035,1,Single-symbol summary,0.014
left,ClickHouse Cloud,93,93,2026-08-08T22:15:59Z,50238320035,2,Watchlist summary,0.012
left,ClickHouse Cloud,93,93,2026-08-08T22:15:59Z,50238320035,3,Top movers,0.017
left,ClickHouse Cloud,93,93,2026-08-08T22:15:59Z,50238320035,4,Daily activity,0.012
left,ClickHouse Cloud,94,94,2026-08-08T22:25:59Z,50788829774,1,Single-symbol summary,0.007
left,ClickHouse Cloud,94,94,2026-08-08T22:25:59Z,50788829774,2,Watchlist summary,0.012
left,ClickHouse Cloud,94,94,2026-08-08T22:25:59Z,50788829774,3,Top movers,0.014
left,ClickHouse Cloud,94,94,2026-08-08T22:25:59Z,50788829774,4,Daily activity,0.013
left,ClickHouse Cloud,95,95,2026-08-08T22:35:59Z,51325118756,1,Single-symbol summary,0.008
left,ClickHouse Cloud,95,95,2026-08-08T22:35:59Z,51325118756,2,Watchlist summary,0.012
left,ClickHouse Cloud,95,95,2026-08-08T22:35:59Z,51325118756,3,Top movers,0.015
left,ClickHouse Cloud,95,95,2026-08-08T22:35:59Z,51325118756,4,Daily activity,0.013
left,ClickHouse Cloud,96,96,2026-08-08T22:45:59Z,51886771408,1,Single-symbol summary,0.007
left,ClickHouse Cloud,96,96,2026-08-08T22:45:59Z,51886771408,2,Watchlist summary,0.013
left,ClickHouse Cloud,96,96,2026-08-08T22:45:59Z,51886771408,3,Top movers,0.014
left,ClickHouse Cloud,96,96,2026-08-08T22:45:59Z,51886771408,4,Daily activity,0.012
left,ClickHouse Cloud,97,97,2026-08-08T22:55:59Z,52441318029,1,Single-symbol summary,0.007
left,ClickHouse Cloud,97,97,2026-08-08T22:55:59Z,52441318029,2,Watchlist summary,0.017
left,ClickHouse Cloud,97,97,2026-08-08T22:55:59Z,52441318029,3,Top movers,0.013
left,ClickHouse Cloud,97,97,2026-08-08T22:55:59Z,52441318029,4,Daily activity,0.012
left,ClickHouse Cloud,98,98,2026-08-08T23:05:59Z,52920335727,1,Single-symbol summary,0.035
left,ClickHouse Cloud,98,98,2026-08-08T23:05:59Z,52920335727,2,Watchlist summary,0.013
left,ClickHouse Cloud,98,98,2026-08-08T23:05:59Z,52920335727,3,Top movers,0.014
left,ClickHouse Cloud,98,98,2026-08-08T23:05:59Z,52920335727,4,Daily activity,0.011
left,ClickHouse Cloud,99,99,2026-08-08T23:15:59Z,53408601648,1,Single-symbol summary,0.013
left,ClickHouse Cloud,99,99,2026-08-08T23:15:59Z,53408601648,2,Watchlist summary,0.012
left,ClickHouse Cloud,99,99,2026-08-08T23:15:59Z,53408601648,3,Top movers,0.013
left,ClickHouse Cloud,99,99,2026-08-08T23:15:59Z,53408601648,4,Daily activity,0.011
left,ClickHouse Cloud,100,100,2026-08-08T23:25:59Z,53910086618,1,Single-symbol summary,0.014
left,ClickHouse Cloud,100,100,2026-08-08T23:25:59Z,53910086618,2,Watchlist summary,0.017
left,ClickHouse Cloud,100,100,2026-08-08T23:25:59Z,53910086618,3,Top movers,0.015
left,ClickHouse Cloud,100,100,2026-08-08T23:25:59Z,53910086618,4,Daily activity,0.013
left,ClickHouse Cloud,101,101,2026-08-08T23:35:59Z,54424699241,1,Single-symbol summary,0.007
left,ClickHouse Cloud,101,101,2026-08-08T23:35:59Z,54424699241,2,Watchlist summary,0.013
left,ClickHouse Cloud,101,101,2026-08-08T23:35:59Z,54424699241,3,Top movers,0.015
left,ClickHouse Cloud,101,101,2026-08-08T23:35:59Z,54424699241,4,Daily activity,0.012
left,ClickHouse Cloud,102,102,2026-08-08T23:45:59Z,54899250491,1,Single-symbol summary,0.008
left,ClickHouse Cloud,102,102,2026-08-08T23:45:59Z,54899250491,2,Watchlist summary,0.012
left,ClickHouse Cloud,102,102,2026-08-08T23:45:59Z,54899250491,3,Top movers,0.015
left,ClickHouse Cloud,102,102,2026-08-08T23:45:59Z,54899250491,4,Daily activity,0.013
left,ClickHouse Cloud,103,103,2026-08-08T23:55:59Z,55416633625,1,Single-symbol summary,0.007
left,ClickHouse Cloud,103,103,2026-08-08T23:55:59Z,55416633625,2,Watchlist summary,0.012
left,ClickHouse Cloud,103,103,2026-08-08T23:55:59Z,55416633625,3,Top movers,0.015
left,ClickHouse Cloud,103,103,2026-08-08T23:55:59Z,55416633625,4,Daily activity,0.012
left,ClickHouse Cloud,104,104,2026-08-09T00:05:59Z,55944840077,1,Single-symbol summary,0.008
left,ClickHouse Cloud,104,104,2026-08-09T00:05:59Z,55944840077,2,Watchlist summary,0.016
left,ClickHouse Cloud,104,104,2026-08-09T00:05:59Z,55944840077,3,Top movers,0.015
left,ClickHouse Cloud,104,104,2026-08-09T00:05:59Z,55944840077,4,Daily activity,0.012
left,ClickHouse Cloud,105,105,2026-08-09T00:15:59Z,56450202011,1,Single-symbol summary,0.015
left,ClickHouse Cloud,105,105,2026-08-09T00:15:59Z,56450202011,2,Watchlist summary,0.013
left,ClickHouse Cloud,105,105,2026-08-09T00:15:59Z,56450202011,3,Top movers,0.015
left,ClickHouse Cloud,105,105,2026-08-09T00:15:59Z,56450202011,4,Daily activity,0.012
left,ClickHouse Cloud,106,106,2026-08-09T00:25:59Z,56976658135,1,Single-symbol summary,0.015
left,ClickHouse Cloud,106,106,2026-08-09T00:25:59Z,56976658135,2,Watchlist summary,0.019
left,ClickHouse Cloud,106,106,2026-08-09T00:25:59Z,56976658135,3,Top movers,0.013
left,ClickHouse Cloud,106,106,2026-08-09T00:25:59Z,56976658135,4,Daily activity,0.013
left,ClickHouse Cloud,107,107,2026-08-09T00:35:59Z,57502590981,1,Single-symbol summary,0.007
left,ClickHouse Cloud,107,107,2026-08-09T00:35:59Z,57502590981,2,Watchlist summary,0.012
left,ClickHouse Cloud,107,107,2026-08-09T00:35:59Z,57502590981,3,Top movers,0.014
left,ClickHouse Cloud,107,107,2026-08-09T00:35:59Z,57502590981,4,Daily activity,0.011
left,ClickHouse Cloud,108,108,2026-08-09T00:45:59Z,58017492696,1,Single-symbol summary,0.007
left,ClickHouse Cloud,108,108,2026-08-09T00:45:59Z,58017492696,2,Watchlist summary,0.013
left,ClickHouse Cloud,108,108,2026-08-09T00:45:59Z,58017492696,3,Top movers,0.015
left,ClickHouse Cloud,108,108,2026-08-09T00:45:59Z,58017492696,4,Daily activity,0.013
left,ClickHouse Cloud,109,109,2026-08-09T00:55:59Z,58509450012,1,Single-symbol summary,0.008
left,ClickHouse Cloud,109,109,2026-08-09T00:55:59Z,58509450012,2,Watchlist summary,0.014
left,ClickHouse Cloud,109,109,2026-08-09T00:55:59Z,58509450012,3,Top movers,0.014
left,ClickHouse Cloud,109,109,2026-08-09T00:55:59Z,58509450012,4,Daily activity,0.011
left,ClickHouse Cloud,110,110,2026-08-09T01:05:59Z,59010783142,1,Single-symbol summary,0.014
left,ClickHouse Cloud,110,110,2026-08-09T01:05:59Z,59010783142,2,Watchlist summary,0.013
left,ClickHouse Cloud,110,110,2026-08-09T01:05:59Z,59010783142,3,Top movers,0.015
left,ClickHouse Cloud,110,110,2026-08-09T01:05:59Z,59010783142,4,Daily activity,0.012
left,ClickHouse Cloud,111,111,2026-08-09T01:15:59Z,59503489949,1,Single-symbol summary,0.01
left,ClickHouse Cloud,111,111,2026-08-09T01:15:59Z,59503489949,2,Watchlist summary,0.013
left,ClickHouse Cloud,111,111,2026-08-09T01:15:59Z,59503489949,3,Top movers,0.015
left,ClickHouse Cloud,111,111,2026-08-09T01:15:59Z,59503489949,4,Daily activity,0.014
left,ClickHouse Cloud,112,112,2026-08-09T01:25:59Z,59972983401,1,Single-symbol summary,0.014
left,ClickHouse Cloud,112,112,2026-08-09T01:25:59Z,59972983401,2,Watchlist summary,0.018
left,ClickHouse Cloud,112,112,2026-08-09T01:25:59Z,59972983401,3,Top movers,0.015
left,ClickHouse Cloud,112,112,2026-08-09T01:25:59Z,59972983401,4,Daily activity,0.014
left,ClickHouse Cloud,113,113,2026-08-09T01:35:59Z,60442237749,1,Single-symbol summary,0.009
left,ClickHouse Cloud,113,113,2026-08-09T01:35:59Z,60442237749,2,Watchlist summary,0.012
left,ClickHouse Cloud,113,113,2026-08-09T01:35:59Z,60442237749,3,Top movers,0.015
left,ClickHouse Cloud,113,113,2026-08-09T01:35:59Z,60442237749,4,Daily activity,0.014
left,ClickHouse Cloud,114,114,2026-08-09T01:45:59Z,60904448195,1,Single-symbol summary,0.007
left,ClickHouse Cloud,114,114,2026-08-09T01:45:59Z,60904448195,2,Watchlist summary,0.013
left,ClickHouse Cloud,114,114,2026-08-09T01:45:59Z,60904448195,3,Top movers,0.014
left,ClickHouse Cloud,114,114,2026-08-09T01:45:59Z,60904448195,4,Daily activity,0.013
left,ClickHouse Cloud,115,115,2026-08-09T01:55:59Z,61370139665,1,Single-symbol summary,0.014
left,ClickHouse Cloud,115,115,2026-08-09T01:55:59Z,61370139665,2,Watchlist summary,0.012
left,ClickHouse Cloud,115,115,2026-08-09T01:55:59Z,61370139665,3,Top movers,0.015
left,ClickHouse Cloud,115,115,2026-08-09T01:55:59Z,61370139665,4,Daily activity,0.012
left,ClickHouse Cloud,116,116,2026-08-09T02:05:59Z,61872097967,1,Single-symbol summary,0.013
left,ClickHouse Cloud,116,116,2026-08-09T02:05:59Z,61872097967,2,Watchlist summary,0.013
left,ClickHouse Cloud,116,116,2026-08-09T02:05:59Z,61872097967,3,Top movers,0.015
left,ClickHouse Cloud,116,116,2026-08-09T02:05:59Z,61872097967,4,Daily activity,0.013
left,ClickHouse Cloud,117,117,2026-08-09T02:15:59Z,62362523974,1,Single-symbol summary,0.015
left,ClickHouse Cloud,117,117,2026-08-09T02:15:59Z,62362523974,2,Watchlist summary,0.013
left,ClickHouse Cloud,117,117,2026-08-09T02:15:59Z,62362523974,3,Top movers,0.017
left,ClickHouse Cloud,117,117,2026-08-09T02:15:59Z,62362523974,4,Daily activity,0.013
left,ClickHouse Cloud,118,118,2026-08-09T02:25:59Z,62852767644,1,Single-symbol summary,0.015
left,ClickHouse Cloud,118,118,2026-08-09T02:25:59Z,62852767644,2,Watchlist summary,0.014
left,ClickHouse Cloud,118,118,2026-08-09T02:25:59Z,62852767644,3,Top movers,0.015
left,ClickHouse Cloud,118,118,2026-08-09T02:25:59Z,62852767644,4,Daily activity,0.012
left,ClickHouse Cloud,119,119,2026-08-09T02:35:59Z,63303274836,1,Single-symbol summary,0.015
left,ClickHouse Cloud,119,119,2026-08-09T02:35:59Z,63303274836,2,Watchlist summary,0.013
left,ClickHouse Cloud,119,119,2026-08-09T02:35:59Z,63303274836,3,Top movers,0.017
left,ClickHouse Cloud,119,119,2026-08-09T02:35:59Z,63303274836,4,Daily activity,0.012
left,ClickHouse Cloud,120,120,2026-08-09T02:45:59Z,63813706871,1,Single-symbol summary,0.014
left,ClickHouse Cloud,120,120,2026-08-09T02:45:59Z,63813706871,2,Watchlist summary,0.016
left,ClickHouse Cloud,120,120,2026-08-09T02:45:59Z,63813706871,3,Top movers,0.017
left,ClickHouse Cloud,120,120,2026-08-09T02:45:59Z,63813706871,4,Daily activity,0.013
left,ClickHouse Cloud,121,121,2026-08-09T02:55:59Z,64297816643,1,Single-symbol summary,0.014
left,ClickHouse Cloud,121,121,2026-08-09T02:55:59Z,64297816643,2,Watchlist summary,0.043
left,ClickHouse Cloud,121,121,2026-08-09T02:55:59Z,64297816643,3,Top movers,0.021
left,ClickHouse Cloud,121,121,2026-08-09T02:55:59Z,64297816643,4,Daily activity,0.025
left,ClickHouse Cloud,122,122,2026-08-09T03:05:59Z,64830505943,1,Single-symbol summary,0.007
left,ClickHouse Cloud,122,122,2026-08-09T03:05:59Z,64830505943,2,Watchlist summary,0.013
left,ClickHouse Cloud,122,122,2026-08-09T03:05:59Z,64830505943,3,Top movers,0.014
left,ClickHouse Cloud,122,122,2026-08-09T03:05:59Z,64830505943,4,Daily activity,0.013
left,ClickHouse Cloud,123,123,2026-08-09T03:15:59Z,65325007686,1,Single-symbol summary,0.006
left,ClickHouse Cloud,123,123,2026-08-09T03:15:59Z,65325007686,2,Watchlist summary,0.012
left,ClickHouse Cloud,123,123,2026-08-09T03:15:59Z,65325007686,3,Top movers,0.013
left,ClickHouse Cloud,123,123,2026-08-09T03:15:59Z,65325007686,4,Daily activity,0.012
left,ClickHouse Cloud,124,124,2026-08-09T03:25:59Z,65803792964,1,Single-symbol summary,0.007
left,ClickHouse Cloud,124,124,2026-08-09T03:25:59Z,65803792964,2,Watchlist summary,0.012
left,ClickHouse Cloud,124,124,2026-08-09T03:25:59Z,65803792964,3,Top movers,0.013
left,ClickHouse Cloud,124,124,2026-08-09T03:25:59Z,65803792964,4,Daily activity,0.013
left,ClickHouse Cloud,125,125,2026-08-09T03:35:59Z,66304040996,1,Single-symbol summary,0.007
left,ClickHouse Cloud,125,125,2026-08-09T03:35:59Z,66304040996,2,Watchlist summary,0.012
left,ClickHouse Cloud,125,125,2026-08-09T03:35:59Z,66304040996,3,Top movers,0.015
left,ClickHouse Cloud,125,125,2026-08-09T03:35:59Z,66304040996,4,Daily activity,0.013
left,ClickHouse Cloud,126,126,2026-08-09T03:45:59Z,66813762801,1,Single-symbol summary,0.007
left,ClickHouse Cloud,126,126,2026-08-09T03:45:59Z,66813762801,2,Watchlist summary,0.016
left,ClickHouse Cloud,126,126,2026-08-09T03:45:59Z,66813762801,3,Top movers,0.015
left,ClickHouse Cloud,126,126,2026-08-09T03:45:59Z,66813762801,4,Daily activity,0.012
left,ClickHouse Cloud,127,127,2026-08-09T03:55:59Z,67293866994,1,Single-symbol summary,0.013
left,ClickHouse Cloud,127,127,2026-08-09T03:55:59Z,67293866994,2,Watchlist summary,0.012
left,ClickHouse Cloud,127,127,2026-08-09T03:55:59Z,67293866994,3,Top movers,0.013
left,ClickHouse Cloud,127,127,2026-08-09T03:55:59Z,67293866994,4,Daily activity,0.013
left,ClickHouse Cloud,128,128,2026-08-09T04:05:59Z,67748504407,1,Single-symbol summary,0.015
left,ClickHouse Cloud,128,128,2026-08-09T04:05:59Z,67748504407,2,Watchlist summary,0.012
left,ClickHouse Cloud,128,128,2026-08-09T04:05:59Z,67748504407,3,Top movers,0.013
left,ClickHouse Cloud,128,128,2026-08-09T04:05:59Z,67748504407,4,Daily activity,0.012
left,ClickHouse Cloud,129,129,2026-08-09T04:15:59Z,68201006429,1,Single-symbol summary,0.014
left,ClickHouse Cloud,129,129,2026-08-09T04:15:59Z,68201006429,2,Watchlist summary,0.012
left,ClickHouse Cloud,129,129,2026-08-09T04:15:59Z,68201006429,3,Top movers,0.014
left,ClickHouse Cloud,129,129,2026-08-09T04:15:59Z,68201006429,4,Daily activity,0.013
left,ClickHouse Cloud,130,130,2026-08-09T04:25:59Z,68684069442,1,Single-symbol summary,0.01
left,ClickHouse Cloud,130,130,2026-08-09T04:25:59Z,68684069442,2,Watchlist summary,0.013
left,ClickHouse Cloud,130,130,2026-08-09T04:25:59Z,68684069442,3,Top movers,0.013
left,ClickHouse Cloud,130,130,2026-08-09T04:25:59Z,68684069442,4,Daily activity,0.018
left,ClickHouse Cloud,131,131,2026-08-09T04:35:59Z,69181831398,1,Single-symbol summary,0.008
left,ClickHouse Cloud,131,131,2026-08-09T04:35:59Z,69181831398,2,Watchlist summary,0.017
left,ClickHouse Cloud,131,131,2026-08-09T04:35:59Z,69181831398,3,Top movers,0.015
left,ClickHouse Cloud,131,131,2026-08-09T04:35:59Z,69181831398,4,Daily activity,0.013
left,ClickHouse Cloud,132,132,2026-08-09T04:45:59Z,69676432303,1,Single-symbol summary,0.014
left,ClickHouse Cloud,132,132,2026-08-09T04:45:59Z,69676432303,2,Watchlist summary,0.016
left,ClickHouse Cloud,132,132,2026-08-09T04:45:59Z,69676432303,3,Top movers,0.015
left,ClickHouse Cloud,132,132,2026-08-09T04:45:59Z,69676432303,4,Daily activity,0.013
left,ClickHouse Cloud,133,133,2026-08-09T04:55:59Z,70168596073,1,Single-symbol summary,0.007
left,ClickHouse Cloud,133,133,2026-08-09T04:55:59Z,70168596073,2,Watchlist summary,0.013
left,ClickHouse Cloud,133,133,2026-08-09T04:55:59Z,70168596073,3,Top movers,0.014
left,ClickHouse Cloud,133,133,2026-08-09T04:55:59Z,70168596073,4,Daily activity,0.013
left,ClickHouse Cloud,134,134,2026-08-09T05:05:59Z,70659299166,1,Single-symbol summary,0.007
left,ClickHouse Cloud,134,134,2026-08-09T05:05:59Z,70659299166,2,Watchlist summary,0.013
left,ClickHouse Cloud,134,134,2026-08-09T05:05:59Z,70659299166,3,Top movers,0.014
left,ClickHouse Cloud,134,134,2026-08-09T05:05:59Z,70659299166,4,Daily activity,0.013
left,ClickHouse Cloud,135,135,2026-08-09T05:15:59Z,71156738966,1,Single-symbol summary,0.007
left,ClickHouse Cloud,135,135,2026-08-09T05:15:59Z,71156738966,2,Watchlist summary,0.011
left,ClickHouse Cloud,135,135,2026-08-09T05:15:59Z,71156738966,3,Top movers,0.016
left,ClickHouse Cloud,135,135,2026-08-09T05:15:59Z,71156738966,4,Daily activity,0.013
left,ClickHouse Cloud,136,136,2026-08-09T05:25:59Z,71624709770,1,Single-symbol summary,0.007
left,ClickHouse Cloud,136,136,2026-08-09T05:25:59Z,71624709770,2,Watchlist summary,0.012
left,ClickHouse Cloud,136,136,2026-08-09T05:25:59Z,71624709770,3,Top movers,0.015
left,ClickHouse Cloud,136,136,2026-08-09T05:25:59Z,71624709770,4,Daily activity,0.015
left,ClickHouse Cloud,137,137,2026-08-09T05:35:59Z,72091825703,1,Single-symbol summary,0.015
left,ClickHouse Cloud,137,137,2026-08-09T05:35:59Z,72091825703,2,Watchlist summary,0.017
left,ClickHouse Cloud,137,137,2026-08-09T05:35:59Z,72091825703,3,Top movers,0.015
left,ClickHouse Cloud,137,137,2026-08-09T05:35:59Z,72091825703,4,Daily activity,0.013
left,ClickHouse Cloud,138,138,2026-08-09T05:45:59Z,72547878251,1,Single-symbol summary,0.007
left,ClickHouse Cloud,138,138,2026-08-09T05:45:59Z,72547878251,2,Watchlist summary,0.017
left,ClickHouse Cloud,138,138,2026-08-09T05:45:59Z,72547878251,3,Top movers,0.017
left,ClickHouse Cloud,138,138,2026-08-09T05:45:59Z,72547878251,4,Daily activity,0.013
left,ClickHouse Cloud,139,139,2026-08-09T05:55:59Z,73013213443,1,Single-symbol summary,0.007
left,ClickHouse Cloud,139,139,2026-08-09T05:55:59Z,73013213443,2,Watchlist summary,0.012
left,ClickHouse Cloud,139,139,2026-08-09T05:55:59Z,73013213443,3,Top movers,0.014
left,ClickHouse Cloud,139,139,2026-08-09T05:55:59Z,73013213443,4,Daily activity,0.012
left,ClickHouse Cloud,140,140,2026-08-09T06:05:59Z,73476437585,1,Single-symbol summary,0.007
left,ClickHouse Cloud,140,140,2026-08-09T06:05:59Z,73476437585,2,Watchlist summary,0.012
left,ClickHouse Cloud,140,140,2026-08-09T06:05:59Z,73476437585,3,Top movers,0.014
left,ClickHouse Cloud,140,140,2026-08-09T06:05:59Z,73476437585,4,Daily activity,0.014
left,ClickHouse Cloud,141,141,2026-08-09T06:15:59Z,73987325693,1,Single-symbol summary,0.008
left,ClickHouse Cloud,141,141,2026-08-09T06:15:59Z,73987325693,2,Watchlist summary,0.012
left,ClickHouse Cloud,141,141,2026-08-09T06:15:59Z,73987325693,3,Top movers,0.014
left,ClickHouse Cloud,141,141,2026-08-09T06:15:59Z,73987325693,4,Daily activity,0.013
left,ClickHouse Cloud,142,142,2026-08-09T06:25:59Z,74486757162,1,Single-symbol summary,0.013
left,ClickHouse Cloud,142,142,2026-08-09T06:25:59Z,74486757162,2,Watchlist summary,0.012
left,ClickHouse Cloud,142,142,2026-08-09T06:25:59Z,74486757162,3,Top movers,0.015
left,ClickHouse Cloud,142,142,2026-08-09T06:25:59Z,74486757162,4,Daily activity,0.013
left,ClickHouse Cloud,143,143,2026-08-09T06:35:59Z,74995355831,1,Single-symbol summary,0.015
left,ClickHouse Cloud,143,143,2026-08-09T06:35:59Z,74995355831,2,Watchlist summary,0.013
left,ClickHouse Cloud,143,143,2026-08-09T06:35:59Z,74995355831,3,Top movers,0.014
left,ClickHouse Cloud,143,143,2026-08-09T06:35:59Z,74995355831,4,Daily activity,0.014
left,ClickHouse Cloud,144,144,2026-08-09T06:45:59Z,75466940903,1,Single-symbol summary,0.008
left,ClickHouse Cloud,144,144,2026-08-09T06:45:59Z,75466940903,2,Watchlist summary,0.013
left,ClickHouse Cloud,144,144,2026-08-09T06:45:59Z,75466940903,3,Top movers,0.016
left,ClickHouse Cloud,144,144,2026-08-09T06:45:59Z,75466940903,4,Daily activity,0.012
left,ClickHouse Cloud,145,145,2026-08-09T06:55:59Z,75964855518,1,Single-symbol summary,0.014
left,ClickHouse Cloud,145,145,2026-08-09T06:55:59Z,75964855518,2,Watchlist summary,0.017
left,ClickHouse Cloud,145,145,2026-08-09T06:55:59Z,75964855518,3,Top movers,0.016
left,ClickHouse Cloud,145,145,2026-08-09T06:55:59Z,75964855518,4,Daily activity,0.014
left,ClickHouse Cloud,146,146,2026-08-09T07:05:59Z,76430868234,1,Single-symbol summary,0.007
left,ClickHouse Cloud,146,146,2026-08-09T07:05:59Z,76430868234,2,Watchlist summary,0.012
left,ClickHouse Cloud,146,146,2026-08-09T07:05:59Z,76430868234,3,Top movers,0.016
left,ClickHouse Cloud,146,146,2026-08-09T07:05:59Z,76430868234,4,Daily activity,0.014
left,ClickHouse Cloud,147,147,2026-08-09T07:15:59Z,76885010641,1,Single-symbol summary,0.008
left,ClickHouse Cloud,147,147,2026-08-09T07:15:59Z,76885010641,2,Watchlist summary,0.013
left,ClickHouse Cloud,147,147,2026-08-09T07:15:59Z,76885010641,3,Top movers,0.016
left,ClickHouse Cloud,147,147,2026-08-09T07:15:59Z,76885010641,4,Daily activity,0.013
left,ClickHouse Cloud,148,148,2026-08-09T07:25:59Z,77350951993,1,Single-symbol summary,0.008
left,ClickHouse Cloud,148,148,2026-08-09T07:25:59Z,77350951993,2,Watchlist summary,0.011
left,ClickHouse Cloud,148,148,2026-08-09T07:25:59Z,77350951993,3,Top movers,0.014
left,ClickHouse Cloud,148,148,2026-08-09T07:25:59Z,77350951993,4,Daily activity,0.014
left,ClickHouse Cloud,149,149,2026-08-09T07:35:59Z,77850423857,1,Single-symbol summary,0.007
left,ClickHouse Cloud,149,149,2026-08-09T07:35:59Z,77850423857,2,Watchlist summary,0.012
left,ClickHouse Cloud,149,149,2026-08-09T07:35:59Z,77850423857,3,Top movers,0.014
left,ClickHouse Cloud,149,149,2026-08-09T07:35:59Z,77850423857,4,Daily activity,0.013
left,ClickHouse Cloud,150,150,2026-08-09T07:45:59Z,78316136469,1,Single-symbol summary,0.014
left,ClickHouse Cloud,150,150,2026-08-09T07:45:59Z,78316136469,2,Watchlist summary,0.013
left,ClickHouse Cloud,150,150,2026-08-09T07:45:59Z,78316136469,3,Top movers,0.014
left,ClickHouse Cloud,150,150,2026-08-09T07:45:59Z,78316136469,4,Daily activity,0.013
left,ClickHouse Cloud,151,151,2026-08-09T07:55:59Z,78743691693,1,Single-symbol summary,0.009
left,ClickHouse Cloud,151,151,2026-08-09T07:55:59Z,78743691693,2,Watchlist summary,0.012
left,ClickHouse Cloud,151,151,2026-08-09T07:55:59Z,78743691693,3,Top movers,0.015
left,ClickHouse Cloud,151,151,2026-08-09T07:55:59Z,78743691693,4,Daily activity,0.013
left,ClickHouse Cloud,152,152,2026-08-09T08:05:59Z,79106273696,1,Single-symbol summary,0.013
left,ClickHouse Cloud,152,152,2026-08-09T08:05:59Z,79106273696,2,Watchlist summary,0.012
left,ClickHouse Cloud,152,152,2026-08-09T08:05:59Z,79106273696,3,Top movers,0.016
left,ClickHouse Cloud,152,152,2026-08-09T08:05:59Z,79106273696,4,Daily activity,0.013
left,ClickHouse Cloud,153,153,2026-08-09T08:15:59Z,79558355522,1,Single-symbol summary,0.009
left,ClickHouse Cloud,153,153,2026-08-09T08:15:59Z,79558355522,2,Watchlist summary,0.012
left,ClickHouse Cloud,153,153,2026-08-09T08:15:59Z,79558355522,3,Top movers,0.017
left,ClickHouse Cloud,153,153,2026-08-09T08:15:59Z,79558355522,4,Daily activity,0.013
left,ClickHouse Cloud,154,154,2026-08-09T08:25:59Z,80034599414,1,Single-symbol summary,0.015
left,ClickHouse Cloud,154,154,2026-08-09T08:25:59Z,80034599414,2,Watchlist summary,0.013
left,ClickHouse Cloud,154,154,2026-08-09T08:25:59Z,80034599414,3,Top movers,0.015
left,ClickHouse Cloud,154,154,2026-08-09T08:25:59Z,80034599414,4,Daily activity,0.013
left,ClickHouse Cloud,155,155,2026-08-09T08:35:59Z,80503603294,1,Single-symbol summary,0.009
left,ClickHouse Cloud,155,155,2026-08-09T08:35:59Z,80503603294,2,Watchlist summary,0.013
left,ClickHouse Cloud,155,155,2026-08-09T08:35:59Z,80503603294,3,Top movers,0.016
left,ClickHouse Cloud,155,155,2026-08-09T08:35:59Z,80503603294,4,Daily activity,0.013
left,ClickHouse Cloud,156,156,2026-08-09T08:45:59Z,80949316423,1,Single-symbol summary,0.014
left,ClickHouse Cloud,156,156,2026-08-09T08:45:59Z,80949316423,2,Watchlist summary,0.014
left,ClickHouse Cloud,156,156,2026-08-09T08:45:59Z,80949316423,3,Top movers,0.015
left,ClickHouse Cloud,156,156,2026-08-09T08:45:59Z,80949316423,4,Daily activity,0.014
left,ClickHouse Cloud,157,157,2026-08-09T08:55:59Z,81360968914,1,Single-symbol summary,0.007
left,ClickHouse Cloud,157,157,2026-08-09T08:55:59Z,81360968914,2,Watchlist summary,0.012
left,ClickHouse Cloud,157,157,2026-08-09T08:55:59Z,81360968914,3,Top movers,0.015
left,ClickHouse Cloud,157,157,2026-08-09T08:55:59Z,81360968914,4,Daily activity,0.013
left,ClickHouse Cloud,158,158,2026-08-09T09:05:59Z,81786894322,1,Single-symbol summary,0.014
left,ClickHouse Cloud,158,158,2026-08-09T09:05:59Z,81786894322,2,Watchlist summary,0.017
left,ClickHouse Cloud,158,158,2026-08-09T09:05:59Z,81786894322,3,Top movers,0.015
left,ClickHouse Cloud,158,158,2026-08-09T09:05:59Z,81786894322,4,Daily activity,0.014
left,ClickHouse Cloud,159,159,2026-08-09T09:15:59Z,82193904360,1,Single-symbol summary,0.007
left,ClickHouse Cloud,159,159,2026-08-09T09:15:59Z,82193904360,2,Watchlist summary,0.012
left,ClickHouse Cloud,159,159,2026-08-09T09:15:59Z,82193904360,3,Top movers,0.016
left,ClickHouse Cloud,159,159,2026-08-09T09:15:59Z,82193904360,4,Daily activity,0.015
left,ClickHouse Cloud,160,160,2026-08-09T09:25:59Z,82614022776,1,Single-symbol summary,0.015
left,ClickHouse Cloud,160,160,2026-08-09T09:25:59Z,82614022776,2,Watchlist summary,0.013
left,ClickHouse Cloud,160,160,2026-08-09T09:25:59Z,82614022776,3,Top movers,0.016
left,ClickHouse Cloud,160,160,2026-08-09T09:25:59Z,82614022776,4,Daily activity,0.013
left,ClickHouse Cloud,161,161,2026-08-09T09:35:59Z,83038964951,1,Single-symbol summary,0.01
left,ClickHouse Cloud,161,161,2026-08-09T09:35:59Z,83038964951,2,Watchlist summary,0.019
left,ClickHouse Cloud,161,161,2026-08-09T09:35:59Z,83038964951,3,Top movers,0.016
left,ClickHouse Cloud,161,161,2026-08-09T09:35:59Z,83038964951,4,Daily activity,0.014
left,ClickHouse Cloud,162,162,2026-08-09T09:45:59Z,83491097777,1,Single-symbol summary,0.015
left,ClickHouse Cloud,162,162,2026-08-09T09:45:59Z,83491097777,2,Watchlist summary,0.018
left,ClickHouse Cloud,162,162,2026-08-09T09:45:59Z,83491097777,3,Top movers,0.016
left,ClickHouse Cloud,162,162,2026-08-09T09:45:59Z,83491097777,4,Daily activity,0.013
left,ClickHouse Cloud,163,163,2026-08-09T09:55:59Z,83949333223,1,Single-symbol summary,0.014
left,ClickHouse Cloud,163,163,2026-08-09T09:55:59Z,83949333223,2,Watchlist summary,0.019
left,ClickHouse Cloud,163,163,2026-08-09T09:55:59Z,83949333223,3,Top movers,0.017
left,ClickHouse Cloud,163,163,2026-08-09T09:55:59Z,83949333223,4,Daily activity,0.016
left,ClickHouse Cloud,164,164,2026-08-09T10:05:59Z,84454230067,1,Single-symbol summary,0.007
left,ClickHouse Cloud,164,164,2026-08-09T10:05:59Z,84454230067,2,Watchlist summary,0.013
left,ClickHouse Cloud,164,164,2026-08-09T10:05:59Z,84454230067,3,Top movers,0.016
left,ClickHouse Cloud,164,164,2026-08-09T10:05:59Z,84454230067,4,Daily activity,0.015
left,ClickHouse Cloud,165,165,2026-08-09T10:15:59Z,84942338016,1,Single-symbol summary,0.007
left,ClickHouse Cloud,165,165,2026-08-09T10:15:59Z,84942338016,2,Watchlist summary,0.012
left,ClickHouse Cloud,165,165,2026-08-09T10:15:59Z,84942338016,3,Top movers,0.017
left,ClickHouse Cloud,165,165,2026-08-09T10:15:59Z,84942338016,4,Daily activity,0.015
left,ClickHouse Cloud,166,166,2026-08-09T10:25:59Z,85486320046,1,Single-symbol summary,0.007
left,ClickHouse Cloud,166,166,2026-08-09T10:25:59Z,85486320046,2,Watchlist summary,0.014
left,ClickHouse Cloud,166,166,2026-08-09T10:25:59Z,85486320046,3,Top movers,0.016
left,ClickHouse Cloud,166,166,2026-08-09T10:25:59Z,85486320046,4,Daily activity,0.014
left,ClickHouse Cloud,167,167,2026-08-09T10:35:59Z,86027059928,1,Single-symbol summary,0.015
left,ClickHouse Cloud,167,167,2026-08-09T10:35:59Z,86027059928,2,Watchlist summary,0.019
left,ClickHouse Cloud,167,167,2026-08-09T10:35:59Z,86027059928,3,Top movers,0.017
left,ClickHouse Cloud,167,167,2026-08-09T10:35:59Z,86027059928,4,Daily activity,0.016
left,ClickHouse Cloud,168,168,2026-08-09T10:45:59Z,86536377584,1,Single-symbol summary,0.009
left,ClickHouse Cloud,168,168,2026-08-09T10:45:59Z,86536377584,2,Watchlist summary,0.013
left,ClickHouse Cloud,168,168,2026-08-09T10:45:59Z,86536377584,3,Top movers,0.019
left,ClickHouse Cloud,168,168,2026-08-09T10:45:59Z,86536377584,4,Daily activity,0.015
left,ClickHouse Cloud,169,169,2026-08-09T10:55:59Z,87060073492,1,Single-symbol summary,0.014
left,ClickHouse Cloud,169,169,2026-08-09T10:55:59Z,87060073492,2,Watchlist summary,0.015
left,ClickHouse Cloud,169,169,2026-08-09T10:55:59Z,87060073492,3,Top movers,0.017
left,ClickHouse Cloud,169,169,2026-08-09T10:55:59Z,87060073492,4,Daily activity,0.014
left,ClickHouse Cloud,170,170,2026-08-09T11:05:59Z,87633622969,1,Single-symbol summary,0.014
left,ClickHouse Cloud,170,170,2026-08-09T11:05:59Z,87633622969,2,Watchlist summary,0.015
left,ClickHouse Cloud,170,170,2026-08-09T11:05:59Z,87633622969,3,Top movers,0.017
left,ClickHouse Cloud,170,170,2026-08-09T11:05:59Z,87633622969,4,Daily activity,0.016
left,ClickHouse Cloud,171,171,2026-08-09T11:15:59Z,88183458683,1,Single-symbol summary,0.014
left,ClickHouse Cloud,171,171,2026-08-09T11:15:59Z,88183458683,2,Watchlist summary,0.018
left,ClickHouse Cloud,171,171,2026-08-09T11:15:59Z,88183458683,3,Top movers,0.018
left,ClickHouse Cloud,171,171,2026-08-09T11:15:59Z,88183458683,4,Daily activity,0.016
left,ClickHouse Cloud,172,172,2026-08-09T11:25:59Z,88722660479,1,Single-symbol summary,0.008
left,ClickHouse Cloud,172,172,2026-08-09T11:25:59Z,88722660479,2,Watchlist summary,0.013
left,ClickHouse Cloud,172,172,2026-08-09T11:25:59Z,88722660479,3,Top movers,0.018
left,ClickHouse Cloud,172,172,2026-08-09T11:25:59Z,88722660479,4,Daily activity,0.017
left,ClickHouse Cloud,173,173,2026-08-09T11:35:59Z,89252600968,1,Single-symbol summary,0.007
left,ClickHouse Cloud,173,173,2026-08-09T11:35:59Z,89252600968,2,Watchlist summary,0.012
left,ClickHouse Cloud,173,173,2026-08-09T11:35:59Z,89252600968,3,Top movers,0.019
left,ClickHouse Cloud,173,173,2026-08-09T11:35:59Z,89252600968,4,Daily activity,0.017
left,ClickHouse Cloud,174,174,2026-08-09T11:45:59Z,89771307204,1,Single-symbol summary,0.007
left,ClickHouse Cloud,174,174,2026-08-09T11:45:59Z,89771307204,2,Watchlist summary,0.014
left,ClickHouse Cloud,174,174,2026-08-09T11:45:59Z,89771307204,3,Top movers,0.018
left,ClickHouse Cloud,174,174,2026-08-09T11:45:59Z,89771307204,4,Daily activity,0.016
left,ClickHouse Cloud,175,175,2026-08-09T11:55:59Z,90310361990,1,Single-symbol summary,0.014
left,ClickHouse Cloud,175,175,2026-08-09T11:55:59Z,90310361990,2,Watchlist summary,0.017
left,ClickHouse Cloud,175,175,2026-08-09T11:55:59Z,90310361990,3,Top movers,0.019
left,ClickHouse Cloud,175,175,2026-08-09T11:55:59Z,90310361990,4,Daily activity,0.015
left,ClickHouse Cloud,176,176,2026-08-09T12:05:59Z,90786625328,1,Single-symbol summary,0.007
left,ClickHouse Cloud,176,176,2026-08-09T12:05:59Z,90786625328,2,Watchlist summary,0.012
left,ClickHouse Cloud,176,176,2026-08-09T12:05:59Z,90786625328,3,Top movers,0.018
left,ClickHouse Cloud,176,176,2026-08-09T12:05:59Z,90786625328,4,Daily activity,0.017
left,ClickHouse Cloud,177,177,2026-08-09T12:15:59Z,91318721092,1,Single-symbol summary,0.007
left,ClickHouse Cloud,177,177,2026-08-09T12:15:59Z,91318721092,2,Watchlist summary,0.012
left,ClickHouse Cloud,177,177,2026-08-09T12:15:59Z,91318721092,3,Top movers,0.019
left,ClickHouse Cloud,177,177,2026-08-09T12:15:59Z,91318721092,4,Daily activity,0.018
left,ClickHouse Cloud,178,178,2026-08-09T12:25:59Z,91841644344,1,Single-symbol summary,0.007
left,ClickHouse Cloud,178,178,2026-08-09T12:25:59Z,91841644344,2,Watchlist summary,0.012
left,ClickHouse Cloud,178,178,2026-08-09T12:25:59Z,91841644344,3,Top movers,0.019
left,ClickHouse Cloud,178,178,2026-08-09T12:25:59Z,91841644344,4,Daily activity,0.016
left,ClickHouse Cloud,179,179,2026-08-09T12:35:59Z,92330582028,1,Single-symbol summary,0.007
left,ClickHouse Cloud,179,179,2026-08-09T12:35:59Z,92330582028,2,Watchlist summary,0.012
left,ClickHouse Cloud,179,179,2026-08-09T12:35:59Z,92330582028,3,Top movers,0.02
left,ClickHouse Cloud,179,179,2026-08-09T12:35:59Z,92330582028,4,Daily activity,0.027
left,ClickHouse Cloud,180,180,2026-08-09T12:45:59Z,92808126794,1,Single-symbol summary,0.013
left,ClickHouse Cloud,180,180,2026-08-09T12:45:59Z,92808126794,2,Watchlist summary,0.013
left,ClickHouse Cloud,180,180,2026-08-09T12:45:59Z,92808126794,3,Top movers,0.018
left,ClickHouse Cloud,180,180,2026-08-09T12:45:59Z,92808126794,4,Daily activity,0.015
left,ClickHouse Cloud,181,181,2026-08-09T12:55:59Z,93292685867,1,Single-symbol summary,0.014
left,ClickHouse Cloud,181,181,2026-08-09T12:55:59Z,93292685867,2,Watchlist summary,0.012
left,ClickHouse Cloud,181,181,2026-08-09T12:55:59Z,93292685867,3,Top movers,0.02
left,ClickHouse Cloud,181,181,2026-08-09T12:55:59Z,93292685867,4,Daily activity,0.018
left,ClickHouse Cloud,182,182,2026-08-09T13:05:59Z,93798216437,1,Single-symbol summary,0.013
left,ClickHouse Cloud,182,182,2026-08-09T13:05:59Z,93798216437,2,Watchlist summary,0.016
left,ClickHouse Cloud,182,182,2026-08-09T13:05:59Z,93798216437,3,Top movers,0.019
left,ClickHouse Cloud,182,182,2026-08-09T13:05:59Z,93798216437,4,Daily activity,0.015
left,ClickHouse Cloud,183,183,2026-08-09T13:15:59Z,94324820860,1,Single-symbol summary,0.014
left,ClickHouse Cloud,183,183,2026-08-09T13:15:59Z,94324820860,2,Watchlist summary,0.017
left,ClickHouse Cloud,183,183,2026-08-09T13:15:59Z,94324820860,3,Top movers,0.018
left,ClickHouse Cloud,183,183,2026-08-09T13:15:59Z,94324820860,4,Daily activity,0.016
left,ClickHouse Cloud,184,184,2026-08-09T13:25:59Z,94869720583,1,Single-symbol summary,0.015
left,ClickHouse Cloud,184,184,2026-08-09T13:25:59Z,94869720583,2,Watchlist summary,0.02
left,ClickHouse Cloud,184,184,2026-08-09T13:25:59Z,94869720583,3,Top movers,0.019
left,ClickHouse Cloud,184,184,2026-08-09T13:25:59Z,94869720583,4,Daily activity,0.017
left,ClickHouse Cloud,185,185,2026-08-09T13:35:59Z,95368092163,1,Single-symbol summary,0.008
left,ClickHouse Cloud,185,185,2026-08-09T13:35:59Z,95368092163,2,Watchlist summary,0.013
left,ClickHouse Cloud,185,185,2026-08-09T13:35:59Z,95368092163,3,Top movers,0.019
left,ClickHouse Cloud,185,185,2026-08-09T13:35:59Z,95368092163,4,Daily activity,0.016
left,ClickHouse Cloud,186,186,2026-08-09T13:45:59Z,95854521730,1,Single-symbol summary,0.008
left,ClickHouse Cloud,186,186,2026-08-09T13:45:59Z,95854521730,2,Watchlist summary,0.013
left,ClickHouse Cloud,186,186,2026-08-09T13:45:59Z,95854521730,3,Top movers,0.018
left,ClickHouse Cloud,186,186,2026-08-09T13:45:59Z,95854521730,4,Daily activity,0.016
left,ClickHouse Cloud,187,187,2026-08-09T13:55:59Z,96363475717,1,Single-symbol summary,0.01
left,ClickHouse Cloud,187,187,2026-08-09T13:55:59Z,96363475717,2,Watchlist summary,0.013
left,ClickHouse Cloud,187,187,2026-08-09T13:55:59Z,96363475717,3,Top movers,0.019
left,ClickHouse Cloud,187,187,2026-08-09T13:55:59Z,96363475717,4,Daily activity,0.016
left,ClickHouse Cloud,188,188,2026-08-09T14:05:59Z,96870245467,1,Single-symbol summary,0.007
left,ClickHouse Cloud,188,188,2026-08-09T14:05:59Z,96870245467,2,Watchlist summary,0.013
left,ClickHouse Cloud,188,188,2026-08-09T14:05:59Z,96870245467,3,Top movers,0.018
left,ClickHouse Cloud,188,188,2026-08-09T14:05:59Z,96870245467,4,Daily activity,0.016
left,ClickHouse Cloud,189,189,2026-08-09T14:15:59Z,97440595296,1,Single-symbol summary,0.016
left,ClickHouse Cloud,189,189,2026-08-09T14:15:59Z,97440595296,2,Watchlist summary,0.013
left,ClickHouse Cloud,189,189,2026-08-09T14:15:59Z,97440595296,3,Top movers,0.019
left,ClickHouse Cloud,189,189,2026-08-09T14:15:59Z,97440595296,4,Daily activity,0.015
left,ClickHouse Cloud,190,190,2026-08-09T14:25:59Z,97990299109,1,Single-symbol summary,0.015
left,ClickHouse Cloud,190,190,2026-08-09T14:25:59Z,97990299109,2,Watchlist summary,0.019
left,ClickHouse Cloud,190,190,2026-08-09T14:25:59Z,97990299109,3,Top movers,0.018
left,ClickHouse Cloud,190,190,2026-08-09T14:25:59Z,97990299109,4,Daily activity,0.015
left,ClickHouse Cloud,191,191,2026-08-09T14:35:59Z,98531195718,1,Single-symbol summary,0.007
left,ClickHouse Cloud,191,191,2026-08-09T14:35:59Z,98531195718,2,Watchlist summary,0.013
left,ClickHouse Cloud,191,191,2026-08-09T14:35:59Z,98531195718,3,Top movers,0.018
left,ClickHouse Cloud,191,191,2026-08-09T14:35:59Z,98531195718,4,Daily activity,0.015
left,ClickHouse Cloud,192,192,2026-08-09T14:45:59Z,99080355059,1,Single-symbol summary,0.008
left,ClickHouse Cloud,192,192,2026-08-09T14:45:59Z,99080355059,2,Watchlist summary,0.013
left,ClickHouse Cloud,192,192,2026-08-09T14:45:59Z,99080355059,3,Top movers,0.02
left,ClickHouse Cloud,192,192,2026-08-09T14:45:59Z,99080355059,4,Daily activity,0.017
left,ClickHouse Cloud,193,193,2026-08-09T14:55:59Z,99566521565,1,Single-symbol summary,0.007
left,ClickHouse Cloud,193,193,2026-08-09T14:55:59Z,99566521565,2,Watchlist summary,0.013
left,ClickHouse Cloud,193,193,2026-08-09T14:55:59Z,99566521565,3,Top movers,0.018
left,ClickHouse Cloud,193,193,2026-08-09T14:55:59Z,99566521565,4,Daily activity,0.015
right,Databricks SQL,1,1,2026-09-18T17:07:31.664Z,48991024,1,Single-symbol summary,2.31
right,Databricks SQL,1,1,2026-09-18T17:07:31.664Z,48991024,2,Watchlist summary,0.843
right,Databricks SQL,1,1,2026-09-18T17:07:31.664Z,48991024,3,Top movers,0.445
right,Databricks SQL,1,1,2026-09-18T17:07:31.664Z,48991024,4,Daily activity,0.441
right,Databricks SQL,2,2,2026-09-18T17:17:31.665Z,649003190,1,Single-symbol summary,0.994
right,Databricks SQL,2,2,2026-09-18T17:17:31.665Z,649003190,2,Watchlist summary,0.375
right,Databricks SQL,2,2,2026-09-18T17:17:31.665Z,649003190,3,Top movers,0.531
right,Databricks SQL,2,2,2026-09-18T17:17:31.665Z,649003190,4,Daily activity,1.414
right,Databricks SQL,3,3,2026-09-18T17:27:31.665Z,1249020088,1,Single-symbol summary,1.148
right,Databricks SQL,3,3,2026-09-18T17:27:31.665Z,1249020088,2,Watchlist summary,0.387
right,Databricks SQL,3,3,2026-09-18T17:27:31.665Z,1249020088,3,Top movers,0.356
right,Databricks SQL,3,3,2026-09-18T17:27:31.665Z,1249020088,4,Daily activity,0.372
right,Databricks SQL,4,4,2026-09-18T17:37:31.665Z,1848994361,1,Single-symbol summary,1.366
right,Databricks SQL,4,4,2026-09-18T17:37:31.665Z,1848994361,2,Watchlist summary,0.345
right,Databricks SQL,4,4,2026-09-18T17:37:31.665Z,1848994361,3,Top movers,0.322
right,Databricks SQL,4,4,2026-09-18T17:37:31.665Z,1848994361,4,Daily activity,0.79
right,Databricks SQL,5,5,2026-09-18T17:47:31.665Z,2448987056,1,Single-symbol summary,1.709
right,Databricks SQL,5,5,2026-09-18T17:47:31.665Z,2448987056,2,Watchlist summary,0.354
right,Databricks SQL,5,5,2026-09-18T17:47:31.665Z,2448987056,3,Top movers,0.568
right,Databricks SQL,5,5,2026-09-18T17:47:31.665Z,2448987056,4,Daily activity,0.833
right,Databricks SQL,6,6,2026-09-18T17:57:31.665Z,3049016351,1,Single-symbol summary,1.021
right,Databricks SQL,6,6,2026-09-18T17:57:31.665Z,3049016351,2,Watchlist summary,0.373
right,Databricks SQL,6,6,2026-09-18T17:57:31.665Z,3049016351,3,Top movers,0.346
right,Databricks SQL,6,6,2026-09-18T17:57:31.665Z,3049016351,4,Daily activity,1.131
right,Databricks SQL,7,7,2026-09-18T18:07:31.665Z,3648905245,1,Single-symbol summary,1.204
right,Databricks SQL,7,7,2026-09-18T18:07:31.665Z,3648905245,2,Watchlist summary,0.354
right,Databricks SQL,7,7,2026-09-18T18:07:31.665Z,3648905245,3,Top movers,0.335
right,Databricks SQL,7,7,2026-09-18T18:07:31.665Z,3648905245,4,Daily activity,0.62
right,Databricks SQL,8,8,2026-09-18T18:17:31.665Z,4248886900,1,Single-symbol summary,1.1
right,Databricks SQL,8,8,2026-09-18T18:17:31.665Z,4248886900,2,Watchlist summary,1.119
right,Databricks SQL,8,8,2026-09-18T18:17:31.665Z,4248886900,3,Top movers,0.677
right,Databricks SQL,8,8,2026-09-18T18:17:31.665Z,4248886900,4,Daily activity,0.494
right,Databricks SQL,9,9,2026-09-18T18:27:31.665Z,4848983718,1,Single-symbol summary,1.155
right,Databricks SQL,9,9,2026-09-18T18:27:31.665Z,4848983718,2,Watchlist summary,0.44
right,Databricks SQL,9,9,2026-09-18T18:27:31.665Z,4848983718,3,Top movers,0.359
right,Databricks SQL,9,9,2026-09-18T18:27:31.665Z,4848983718,4,Daily activity,0.852
right,Databricks SQL,10,10,2026-09-18T18:37:31.665Z,5448871065,1,Single-symbol summary,1.588
right,Databricks SQL,10,10,2026-09-18T18:37:31.665Z,5448871065,2,Watchlist summary,0.378
right,Databricks SQL,10,10,2026-09-18T18:37:31.665Z,5448871065,3,Top movers,0.481
right,Databricks SQL,10,10,2026-09-18T18:37:31.665Z,5448871065,4,Daily activity,0.388
right,Databricks SQL,11,11,2026-09-18T18:47:31.665Z,6048972873,1,Single-symbol summary,1.926
right,Databricks SQL,11,11,2026-09-18T18:47:31.665Z,6048972873,2,Watchlist summary,0.402
right,Databricks SQL,11,11,2026-09-18T18:47:31.665Z,6048972873,3,Top movers,0.375
right,Databricks SQL,11,11,2026-09-18T18:47:31.665Z,6048972873,4,Daily activity,0.424
right,Databricks SQL,12,12,2026-09-18T18:57:31.665Z,6649003205,1,Single-symbol summary,1.734
right,Databricks SQL,12,12,2026-09-18T18:57:31.665Z,6649003205,2,Watchlist summary,0.401
right,Databricks SQL,12,12,2026-09-18T18:57:31.665Z,6649003205,3,Top movers,0.424
right,Databricks SQL,12,12,2026-09-18T18:57:31.665Z,6649003205,4,Daily activity,0.439
right,Databricks SQL,13,13,2026-09-18T19:07:31.665Z,7248988928,1,Single-symbol summary,2.364
right,Databricks SQL,13,13,2026-09-18T19:07:31.665Z,7248988928,2,Watchlist summary,0.461
right,Databricks SQL,13,13,2026-09-18T19:07:31.665Z,7248988928,3,Top movers,0.479
right,Databricks SQL,13,13,2026-09-18T19:07:31.665Z,7248988928,4,Daily activity,0.476
right,Databricks SQL,14,14,2026-09-18T19:17:31.665Z,7849051094,1,Single-symbol summary,0.697
right,Databricks SQL,14,14,2026-09-18T19:17:31.665Z,7849051094,2,Watchlist summary,0.401
right,Databricks SQL,14,14,2026-09-18T19:17:31.665Z,7849051094,3,Top movers,0.39
right,Databricks SQL,14,14,2026-09-18T19:17:31.665Z,7849051094,4,Daily activity,0.46
right,Databricks SQL,15,15,2026-09-18T19:27:31.665Z,8448855794,1,Single-symbol summary,1.545
right,Databricks SQL,15,15,2026-09-18T19:27:31.665Z,8448855794,2,Watchlist summary,0.783
right,Databricks SQL,15,15,2026-09-18T19:27:31.665Z,8448855794,3,Top movers,0.8
right,Databricks SQL,15,15,2026-09-18T19:27:31.665Z,8448855794,4,Daily activity,1.06
right,Databricks SQL,16,16,2026-09-18T19:37:31.665Z,9048929201,1,Single-symbol summary,1.549
right,Databricks SQL,16,16,2026-09-18T19:37:31.665Z,9048929201,2,Watchlist summary,0.462
right,Databricks SQL,16,16,2026-09-18T19:37:31.665Z,9048929201,3,Top movers,0.385
right,Databricks SQL,16,16,2026-09-18T19:37:31.665Z,9048929201,4,Daily activity,0.525
right,Databricks SQL,17,17,2026-09-18T19:47:31.665Z,9648968625,1,Single-symbol summary,1.321
right,Databricks SQL,17,17,2026-09-18T19:47:31.665Z,9648968625,2,Watchlist summary,0.393
right,Databricks SQL,17,17,2026-09-18T19:47:31.665Z,9648968625,3,Top movers,0.415
right,Databricks SQL,17,17,2026-09-18T19:47:31.665Z,9648968625,4,Daily activity,0.433
right,Databricks SQL,18,18,2026-09-18T19:57:31.665Z,10248903114,1,Single-symbol summary,0.75
right,Databricks SQL,18,18,2026-09-18T19:57:31.665Z,10248903114,2,Watchlist summary,0.396
right,Databricks SQL,18,18,2026-09-18T19:57:31.665Z,10248903114,3,Top movers,0.379
right,Databricks SQL,18,18,2026-09-18T19:57:31.665Z,10248903114,4,Daily activity,0.967
right,Databricks SQL,19,19,2026-09-18T20:07:31.665Z,10848950992,1,Single-symbol summary,0.75
right,Databricks SQL,19,19,2026-09-18T20:07:31.665Z,10848950992,2,Watchlist summary,0.566
right,Databricks SQL,19,19,2026-09-18T20:07:31.665Z,10848950992,3,Top movers,0.466
right,Databricks SQL,19,19,2026-09-18T20:07:31.665Z,10848950992,4,Daily activity,0.878
right,Databricks SQL,20,20,2026-09-18T20:17:31.665Z,11448893976,1,Single-symbol summary,1.513
right,Databricks SQL,20,20,2026-09-18T20:17:31.665Z,11448893976,2,Watchlist summary,0.735
right,Databricks SQL,20,20,2026-09-18T20:17:31.665Z,11448893976,3,Top movers,0.742
right,Databricks SQL,20,20,2026-09-18T20:17:31.665Z,11448893976,4,Daily activity,1.331
right,Databricks SQL,21,21,2026-09-18T20:27:31.665Z,12048592301,1,Single-symbol summary,0.88
right,Databricks SQL,21,21,2026-09-18T20:27:31.665Z,12048592301,2,Watchlist summary,0.788
right,Databricks SQL,21,21,2026-09-18T20:27:31.665Z,12048592301,3,Top movers,0.373
right,Databricks SQL,21,21,2026-09-18T20:27:31.665Z,12048592301,4,Daily activity,0.416
right,Databricks SQL,22,22,2026-09-18T20:37:31.665Z,12649009868,1,Single-symbol summary,1.025
right,Databricks SQL,22,22,2026-09-18T20:37:31.665Z,12649009868,2,Watchlist summary,0.436
right,Databricks SQL,22,22,2026-09-18T20:37:31.665Z,12649009868,3,Top movers,0.398
right,Databricks SQL,22,22,2026-09-18T20:37:31.665Z,12649009868,4,Daily activity,0.445
right,Databricks SQL,23,23,2026-09-18T20:47:31.665Z,13249019508,1,Single-symbol summary,0.919
right,Databricks SQL,23,23,2026-09-18T20:47:31.665Z,13249019508,2,Watchlist summary,0.684
right,Databricks SQL,23,23,2026-09-18T20:47:31.665Z,13249019508,3,Top movers,0.671
right,Databricks SQL,23,23,2026-09-18T20:47:31.665Z,13249019508,4,Daily activity,0.725
right,Databricks SQL,24,24,2026-09-18T20:57:31.665Z,13848898093,1,Single-symbol summary,0.77
right,Databricks SQL,24,24,2026-09-18T20:57:31.665Z,13848898093,2,Watchlist summary,0.386
right,Databricks SQL,24,24,2026-09-18T20:57:31.665Z,13848898093,3,Top movers,0.393
right,Databricks SQL,24,24,2026-09-18T20:57:31.665Z,13848898093,4,Daily activity,0.411
right,Databricks SQL,25,25,2026-09-18T21:07:31.665Z,14448885812,1,Single-symbol summary,1.075
right,Databricks SQL,25,25,2026-09-18T21:07:31.665Z,14448885812,2,Watchlist summary,0.769
right,Databricks SQL,25,25,2026-09-18T21:07:31.665Z,14448885812,3,Top movers,0.806
right,Databricks SQL,25,25,2026-09-18T21:07:31.665Z,14448885812,4,Daily activity,0.823
right,Databricks SQL,26,26,2026-09-18T21:17:31.665Z,15048867160,1,Single-symbol summary,0.992
right,Databricks SQL,26,26,2026-09-18T21:17:31.665Z,15048867160,2,Watchlist summary,0.443
right,Databricks SQL,26,26,2026-09-18T21:17:31.665Z,15048867160,3,Top movers,0.42
right,Databricks SQL,26,26,2026-09-18T21:17:31.665Z,15048867160,4,Daily activity,0.442
right,Databricks SQL,27,27,2026-09-18T21:27:31.665Z,15648997618,1,Single-symbol summary,1.222
right,Databricks SQL,27,27,2026-09-18T21:27:31.665Z,15648997618,2,Watchlist summary,0.456
right,Databricks SQL,27,27,2026-09-18T21:27:31.665Z,15648997618,3,Top movers,0.422
right,Databricks SQL,27,27,2026-09-18T21:27:31.665Z,15648997618,4,Daily activity,0.732
right,Databricks SQL,28,28,2026-09-18T21:37:31.665Z,16249004090,1,Single-symbol summary,0.813
right,Databricks SQL,28,28,2026-09-18T21:37:31.665Z,16249004090,2,Watchlist summary,0.475
right,Databricks SQL,28,28,2026-09-18T21:37:31.665Z,16249004090,3,Top movers,0.395
right,Databricks SQL,28,28,2026-09-18T21:37:31.665Z,16249004090,4,Daily activity,0.432
right,Databricks SQL,29,29,2026-09-18T21:47:31.665Z,16849004649,1,Single-symbol summary,0.709
right,Databricks SQL,29,29,2026-09-18T21:47:31.665Z,16849004649,2,Watchlist summary,0.418
right,Databricks SQL,29,29,2026-09-18T21:47:31.665Z,16849004649,3,Top movers,0.393
right,Databricks SQL,29,29,2026-09-18T21:47:31.665Z,16849004649,4,Daily activity,0.423
right,Databricks SQL,30,30,2026-09-18T21:57:31.665Z,17448992007,1,Single-symbol summary,0.732
right,Databricks SQL,30,30,2026-09-18T21:57:31.665Z,17448992007,2,Watchlist summary,0.414
right,Databricks SQL,30,30,2026-09-18T21:57:31.665Z,17448992007,3,Top movers,0.479
right,Databricks SQL,30,30,2026-09-18T21:57:31.665Z,17448992007,4,Daily activity,0.455
right,Databricks SQL,31,31,2026-09-18T22:07:31.665Z,18048883403,1,Single-symbol summary,1.944
right,Databricks SQL,31,31,2026-09-18T22:07:31.665Z,18048883403,2,Watchlist summary,0.46
right,Databricks SQL,31,31,2026-09-18T22:07:31.665Z,18048883403,3,Top movers,0.427
right,Databricks SQL,31,31,2026-09-18T22:07:31.665Z,18048883403,4,Daily activity,0.509
right,Databricks SQL,32,32,2026-09-18T22:17:31.665Z,18648733933,1,Single-symbol summary,1.206
right,Databricks SQL,32,32,2026-09-18T22:17:31.665Z,18648733933,2,Watchlist summary,0.413
right,Databricks SQL,32,32,2026-09-18T22:17:31.665Z,18648733933,3,Top movers,0.434
right,Databricks SQL,32,32,2026-09-18T22:17:31.665Z,18648733933,4,Daily activity,0.443
right,Databricks SQL,33,33,2026-09-18T22:27:31.665Z,19248986594,1,Single-symbol summary,0.658
right,Databricks SQL,33,33,2026-09-18T22:27:31.665Z,19248986594,2,Watchlist summary,0.443
right,Databricks SQL,33,33,2026-09-18T22:27:31.665Z,19248986594,3,Top movers,0.399
right,Databricks SQL,33,33,2026-09-18T22:27:31.665Z,19248986594,4,Daily activity,0.411
right,Databricks SQL,34,34,2026-09-18T22:37:31.665Z,19848956047,1,Single-symbol summary,0.673
right,Databricks SQL,34,34,2026-09-18T22:37:31.665Z,19848956047,2,Watchlist summary,0.412
right,Databricks SQL,34,34,2026-09-18T22:37:31.665Z,19848956047,3,Top movers,0.395
right,Databricks SQL,34,34,2026-09-18T22:37:31.665Z,19848956047,4,Daily activity,0.468
right,Databricks SQL,35,35,2026-09-18T22:47:31.665Z,20448891140,1,Single-symbol summary,0.962
right,Databricks SQL,35,35,2026-09-18T22:47:31.665Z,20448891140,2,Watchlist summary,0.627
right,Databricks SQL,35,35,2026-09-18T22:47:31.665Z,20448891140,3,Top movers,0.382
right,Databricks SQL,35,35,2026-09-18T22:47:31.665Z,20448891140,4,Daily activity,0.452
right,Databricks SQL,36,36,2026-09-18T22:57:31.665Z,21048956022,1,Single-symbol summary,0.628
right,Databricks SQL,36,36,2026-09-18T22:57:31.665Z,21048956022,2,Watchlist summary,0.656
right,Databricks SQL,36,36,2026-09-18T22:57:31.665Z,21048956022,3,Top movers,0.65
right,Databricks SQL,36,36,2026-09-18T22:57:31.665Z,21048956022,4,Daily activity,0.471
right,Databricks SQL,37,37,2026-09-18T23:07:31.665Z,21648927817,1,Single-symbol summary,1.016
right,Databricks SQL,37,37,2026-09-18T23:07:31.665Z,21648927817,2,Watchlist summary,0.608
right,Databricks SQL,37,37,2026-09-18T23:07:31.665Z,21648927817,3,Top movers,0.747
right,Databricks SQL,37,37,2026-09-18T23:07:31.665Z,21648927817,4,Daily activity,0.7
right,Databricks SQL,38,38,2026-09-18T23:17:31.665Z,22249043246,1,Single-symbol summary,1.228
right,Databricks SQL,38,38,2026-09-18T23:17:31.665Z,22249043246,2,Watchlist summary,0.467
right,Databricks SQL,38,38,2026-09-18T23:17:31.665Z,22249043246,3,Top movers,0.733
right,Databricks SQL,38,38,2026-09-18T23:17:31.665Z,22249043246,4,Daily activity,0.447
right,Databricks SQL,39,39,2026-09-18T23:27:31.665Z,22848929920,1,Single-symbol summary,1.061
right,Databricks SQL,39,39,2026-09-18T23:27:31.665Z,22848929920,2,Watchlist summary,0.682
right,Databricks SQL,39,39,2026-09-18T23:27:31.665Z,22848929920,3,Top movers,0.494
right,Databricks SQL,39,39,2026-09-18T23:27:31.665Z,22848929920,4,Daily activity,0.481
right,Databricks SQL,40,40,2026-09-18T23:37:31.665Z,23448953518,1,Single-symbol summary,1.855
right,Databricks SQL,40,40,2026-09-18T23:37:31.665Z,23448953518,2,Watchlist summary,0.652
right,Databricks SQL,40,40,2026-09-18T23:37:31.665Z,23448953518,3,Top movers,0.854
right,Databricks SQL,40,40,2026-09-18T23:37:31.665Z,23448953518,4,Daily activity,0.926
right,Databricks SQL,41,41,2026-09-18T23:47:31.665Z,24048909415,1,Single-symbol summary,0.899
right,Databricks SQL,41,41,2026-09-18T23:47:31.665Z,24048909415,2,Watchlist summary,0.654
right,Databricks SQL,41,41,2026-09-18T23:47:31.665Z,24048909415,3,Top movers,0.669
right,Databricks SQL,41,41,2026-09-18T23:47:31.665Z,24048909415,4,Daily activity,0.762
right,Databricks SQL,42,42,2026-09-18T23:57:31.665Z,24648973497,1,Single-symbol summary,0.738
right,Databricks SQL,42,42,2026-09-18T23:57:31.665Z,24648973497,2,Watchlist summary,0.392
right,Databricks SQL,42,42,2026-09-18T23:57:31.665Z,24648973497,3,Top movers,0.38
right,Databricks SQL,42,42,2026-09-18T23:57:31.665Z,24648973497,4,Daily activity,0.434
right,Databricks SQL,43,43,2026-09-19T00:07:31.665Z,25248924027,1,Single-symbol summary,0.939
right,Databricks SQL,43,43,2026-09-19T00:07:31.665Z,25248924027,2,Watchlist summary,0.705
right,Databricks SQL,43,43,2026-09-19T00:07:31.665Z,25248924027,3,Top movers,0.84
right,Databricks SQL,43,43,2026-09-19T00:07:31.665Z,25248924027,4,Daily activity,0.797
right,Databricks SQL,44,44,2026-09-19T00:17:31.665Z,25848959896,1,Single-symbol summary,0.964
right,Databricks SQL,44,44,2026-09-19T00:17:31.665Z,25848959896,2,Watchlist summary,0.643
right,Databricks SQL,44,44,2026-09-19T00:17:31.665Z,25848959896,3,Top movers,0.728
right,Databricks SQL,44,44,2026-09-19T00:17:31.665Z,25848959896,4,Daily activity,0.704
right,Databricks SQL,45,45,2026-09-19T00:27:31.665Z,26448943724,1,Single-symbol summary,1.038
right,Databricks SQL,45,45,2026-09-19T00:27:31.665Z,26448943724,2,Watchlist summary,1.037
right,Databricks SQL,45,45,2026-09-19T00:27:31.665Z,26448943724,3,Top movers,0.73
right,Databricks SQL,45,45,2026-09-19T00:27:31.665Z,26448943724,4,Daily activity,0.796
right,Databricks SQL,46,46,2026-09-19T00:37:31.665Z,27048899731,1,Single-symbol summary,0.744
right,Databricks SQL,46,46,2026-09-19T00:37:31.665Z,27048899731,2,Watchlist summary,0.428
right,Databricks SQL,46,46,2026-09-19T00:37:31.665Z,27048899731,3,Top movers,0.411
right,Databricks SQL,46,46,2026-09-19T00:37:31.665Z,27048899731,4,Daily activity,0.446
right,Databricks SQL,47,47,2026-09-19T00:47:31.665Z,27648937048,1,Single-symbol summary,0.82
right,Databricks SQL,47,47,2026-09-19T00:47:31.665Z,27648937048,2,Watchlist summary,0.471
right,Databricks SQL,47,47,2026-09-19T00:47:31.665Z,27648937048,3,Top movers,0.436
right,Databricks SQL,47,47,2026-09-19T00:47:31.665Z,27648937048,4,Daily activity,0.469
right,Databricks SQL,48,48,2026-09-19T00:57:31.665Z,28248919345,1,Single-symbol summary,1.052
right,Databricks SQL,48,48,2026-09-19T00:57:31.665Z,28248919345,2,Watchlist summary,0.68
right,Databricks SQL,48,48,2026-09-19T00:57:31.665Z,28248919345,3,Top movers,0.798
right,Databricks SQL,48,48,2026-09-19T00:57:31.665Z,28248919345,4,Daily activity,0.824
right,Databricks SQL,49,49,2026-09-19T01:07:31.665Z,28848912329,1,Single-symbol summary,0.871
right,Databricks SQL,49,49,2026-09-19T01:07:31.665Z,28848912329,2,Watchlist summary,0.669
right,Databricks SQL,49,49,2026-09-19T01:07:31.665Z,28848912329,3,Top movers,0.555
right,Databricks SQL,49,49,2026-09-19T01:07:31.665Z,28848912329,4,Daily activity,0.585
right,Databricks SQL,50,50,2026-09-19T01:17:31.665Z,29448915472,1,Single-symbol summary,0.695
right,Databricks SQL,50,50,2026-09-19T01:17:31.665Z,29448915472,2,Watchlist summary,0.412
right,Databricks SQL,50,50,2026-09-19T01:17:31.665Z,29448915472,3,Top movers,0.514
right,Databricks SQL,50,50,2026-09-19T01:17:31.665Z,29448915472,4,Daily activity,0.456
right,Databricks SQL,51,51,2026-09-19T01:27:31.665Z,30048967566,1,Single-symbol summary,0.686
right,Databricks SQL,51,51,2026-09-19T01:27:31.665Z,30048967566,2,Watchlist summary,0.429
right,Databricks SQL,51,51,2026-09-19T01:27:31.665Z,30048967566,3,Top movers,0.391
right,Databricks SQL,51,51,2026-09-19T01:27:31.665Z,30048967566,4,Daily activity,0.451
right,Databricks SQL,52,52,2026-09-19T01:37:31.665Z,30648879647,1,Single-symbol summary,0.79
right,Databricks SQL,52,52,2026-09-19T01:37:31.665Z,30648879647,2,Watchlist summary,0.467
right,Databricks SQL,52,52,2026-09-19T01:37:31.665Z,30648879647,3,Top movers,0.385
right,Databricks SQL,52,52,2026-09-19T01:37:31.665Z,30648879647,4,Daily activity,0.449
right,Databricks SQL,53,53,2026-09-19T01:47:31.665Z,31248858731,1,Single-symbol summary,0.883
right,Databricks SQL,53,53,2026-09-19T01:47:31.665Z,31248858731,2,Watchlist summary,0.434
right,Databricks SQL,53,53,2026-09-19T01:47:31.665Z,31248858731,3,Top movers,0.414
right,Databricks SQL,53,53,2026-09-19T01:47:31.665Z,31248858731,4,Daily activity,0.836
right,Databricks SQL,54,54,2026-09-19T01:57:31.665Z,31849001715,1,Single-symbol summary,0.705
right,Databricks SQL,54,54,2026-09-19T01:57:31.665Z,31849001715,2,Watchlist summary,0.419
right,Databricks SQL,54,54,2026-09-19T01:57:31.665Z,31849001715,3,Top movers,0.448
right,Databricks SQL,54,54,2026-09-19T01:57:31.665Z,31849001715,4,Daily activity,0.492
right,Databricks SQL,55,55,2026-09-19T02:07:31.665Z,32448900387,1,Single-symbol summary,0.668
right,Databricks SQL,55,55,2026-09-19T02:07:31.665Z,32448900387,2,Watchlist summary,0.542
right,Databricks SQL,55,55,2026-09-19T02:07:31.665Z,32448900387,3,Top movers,0.531
right,Databricks SQL,55,55,2026-09-19T02:07:31.665Z,32448900387,4,Daily activity,0.472
right,Databricks SQL,56,56,2026-09-19T02:17:31.665Z,33049038056,1,Single-symbol summary,0.727
right,Databricks SQL,56,56,2026-09-19T02:17:31.665Z,33049038056,2,Watchlist summary,0.419
right,Databricks SQL,56,56,2026-09-19T02:17:31.665Z,33049038056,3,Top movers,0.413
right,Databricks SQL,56,56,2026-09-19T02:17:31.665Z,33049038056,4,Daily activity,0.474
right,Databricks SQL,57,57,2026-09-19T02:27:31.665Z,33649000287,1,Single-symbol summary,0.692
right,Databricks SQL,57,57,2026-09-19T02:27:31.665Z,33649000287,2,Watchlist summary,0.456
right,Databricks SQL,57,57,2026-09-19T02:27:31.665Z,33649000287,3,Top movers,0.406
right,Databricks SQL,57,57,2026-09-19T02:27:31.665Z,33649000287,4,Daily activity,0.444
right,Databricks SQL,58,58,2026-09-19T02:37:31.665Z,34248943675,1,Single-symbol summary,1.463
right,Databricks SQL,58,58,2026-09-19T02:37:31.665Z,34248943675,2,Watchlist summary,0.479
right,Databricks SQL,58,58,2026-09-19T02:37:31.665Z,34248943675,3,Top movers,0.413
right,Databricks SQL,58,58,2026-09-19T02:37:31.665Z,34248943675,4,Daily activity,0.418
right,Databricks SQL,59,59,2026-09-19T02:47:31.665Z,34848935288,1,Single-symbol summary,0.79
right,Databricks SQL,59,59,2026-09-19T02:47:31.665Z,34848935288,2,Watchlist summary,0.44
right,Databricks SQL,59,59,2026-09-19T02:47:31.665Z,34848935288,3,Top movers,0.44
right,Databricks SQL,59,59,2026-09-19T02:47:31.665Z,34848935288,4,Daily activity,0.456
right,Databricks SQL,60,60,2026-09-19T02:57:31.665Z,35448936836,1,Single-symbol summary,0.727
right,Databricks SQL,60,60,2026-09-19T02:57:31.665Z,35448936836,2,Watchlist summary,0.42
right,Databricks SQL,60,60,2026-09-19T02:57:31.665Z,35448936836,3,Top movers,0.425
right,Databricks SQL,60,60,2026-09-19T02:57:31.665Z,35448936836,4,Daily activity,0.601
right,Databricks SQL,61,61,2026-09-19T03:07:31.665Z,36049010227,1,Single-symbol summary,0.958
right,Databricks SQL,61,61,2026-09-19T03:07:31.665Z,36049010227,2,Watchlist summary,0.83
right,Databricks SQL,61,61,2026-09-19T03:07:31.665Z,36049010227,3,Top movers,0.976
right,Databricks SQL,61,61,2026-09-19T03:07:31.665Z,36049010227,4,Daily activity,1.968
right,Databricks SQL,62,62,2026-09-19T03:17:31.665Z,36648957386,1,Single-symbol summary,1.913
right,Databricks SQL,62,62,2026-09-19T03:17:31.665Z,36648957386,2,Watchlist summary,0.892
right,Databricks SQL,62,62,2026-09-19T03:17:31.665Z,36648957386,3,Top movers,0.394
right,Databricks SQL,62,62,2026-09-19T03:17:31.665Z,36648957386,4,Daily activity,0.534
right,Databricks SQL,63,63,2026-09-19T03:27:31.665Z,37249049007,1,Single-symbol summary,0.914
right,Databricks SQL,63,63,2026-09-19T03:27:31.665Z,37249049007,2,Watchlist summary,0.47
right,Databricks SQL,63,63,2026-09-19T03:27:31.665Z,37249049007,3,Top movers,0.391
right,Databricks SQL,63,63,2026-09-19T03:27:31.665Z,37249049007,4,Daily activity,0.47
right,Databricks SQL,64,64,2026-09-19T03:37:31.665Z,37848989380,1,Single-symbol summary,1.044
right,Databricks SQL,64,64,2026-09-19T03:37:31.665Z,37848989380,2,Watchlist summary,0.697
right,Databricks SQL,64,64,2026-09-19T03:37:31.665Z,37848989380,3,Top movers,0.788
right,Databricks SQL,64,64,2026-09-19T03:37:31.665Z,37848989380,4,Daily activity,0.789
right,Databricks SQL,65,65,2026-09-19T03:47:31.665Z,38448981241,1,Single-symbol summary,1.113
right,Databricks SQL,65,65,2026-09-19T03:47:31.665Z,38448981241,2,Watchlist summary,0.72
right,Databricks SQL,65,65,2026-09-19T03:47:31.665Z,38448981241,3,Top movers,0.78
right,Databricks SQL,65,65,2026-09-19T03:47:31.665Z,38448981241,4,Daily activity,0.828
right,Databricks SQL,66,66,2026-09-19T03:57:31.665Z,39048929732,1,Single-symbol summary,1.356
right,Databricks SQL,66,66,2026-09-19T03:57:31.665Z,39048929732,2,Watchlist summary,0.67
right,Databricks SQL,66,66,2026-09-19T03:57:31.665Z,39048929732,3,Top movers,0.751
right,Databricks SQL,66,66,2026-09-19T03:57:31.665Z,39048929732,4,Daily activity,0.734
right,Databricks SQL,67,67,2026-09-19T04:07:31.665Z,39648991503,1,Single-symbol summary,1.026
right,Databricks SQL,67,67,2026-09-19T04:07:31.665Z,39648991503,2,Watchlist summary,0.88
right,Databricks SQL,67,67,2026-09-19T04:07:31.665Z,39648991503,3,Top movers,0.897
right,Databricks SQL,67,67,2026-09-19T04:07:31.665Z,39648991503,4,Daily activity,0.786
right,Databricks SQL,68,68,2026-09-19T04:17:31.665Z,40248892033,1,Single-symbol summary,0.698
right,Databricks SQL,68,68,2026-09-19T04:17:31.665Z,40248892033,2,Watchlist summary,0.48
right,Databricks SQL,68,68,2026-09-19T04:17:31.665Z,40248892033,3,Top movers,0.414
right,Databricks SQL,68,68,2026-09-19T04:17:31.665Z,40248892033,4,Daily activity,0.429
right,Databricks SQL,69,69,2026-09-19T04:27:31.665Z,40848840757,1,Single-symbol summary,1.777
right,Databricks SQL,69,69,2026-09-19T04:27:31.665Z,40848840757,2,Watchlist summary,0.727
right,Databricks SQL,69,69,2026-09-19T04:27:31.665Z,40848840757,3,Top movers,0.778
right,Databricks SQL,69,69,2026-09-19T04:27:31.665Z,40848840757,4,Daily activity,0.824
right,Databricks SQL,70,70,2026-09-19T04:37:31.665Z,41448952314,1,Single-symbol summary,1.057
right,Databricks SQL,70,70,2026-09-19T04:37:31.665Z,41448952314,2,Watchlist summary,0.733
right,Databricks SQL,70,70,2026-09-19T04:37:31.665Z,41448952314,3,Top movers,0.872
right,Databricks SQL,70,70,2026-09-19T04:37:31.665Z,41448952314,4,Daily activity,0.79
right,Databricks SQL,71,71,2026-09-19T04:47:31.665Z,42048902844,1,Single-symbol summary,0.982
right,Databricks SQL,71,71,2026-09-19T04:47:31.665Z,42048902844,2,Watchlist summary,0.728
right,Databricks SQL,71,71,2026-09-19T04:47:31.665Z,42048902844,3,Top movers,0.82
right,Databricks SQL,71,71,2026-09-19T04:47:31.665Z,42048902844,4,Daily activity,0.787
right,Databricks SQL,72,72,2026-09-19T04:57:31.665Z,42649050693,1,Single-symbol summary,0.974
right,Databricks SQL,72,72,2026-09-19T04:57:31.665Z,42649050693,2,Watchlist summary,0.683
right,Databricks SQL,72,72,2026-09-19T04:57:31.665Z,42649050693,3,Top movers,0.762
right,Databricks SQL,72,72,2026-09-19T04:57:31.665Z,42649050693,4,Daily activity,0.803
right,Databricks SQL,73,73,2026-09-19T05:07:31.665Z,43248955264,1,Single-symbol summary,1.619
right,Databricks SQL,73,73,2026-09-19T05:07:31.665Z,43248955264,2,Watchlist summary,0.5
right,Databricks SQL,73,73,2026-09-19T05:07:31.665Z,43248955264,3,Top movers,0.497
right,Databricks SQL,73,73,2026-09-19T05:07:31.665Z,43248955264,4,Daily activity,0.502
right,Databricks SQL,74,74,2026-09-19T05:17:31.665Z,43849004793,1,Single-symbol summary,1.099
right,Databricks SQL,74,74,2026-09-19T05:17:31.665Z,43849004793,2,Watchlist summary,0.693
right,Databricks SQL,74,74,2026-09-19T05:17:31.665Z,43849004793,3,Top movers,0.809
right,Databricks SQL,74,74,2026-09-19T05:17:31.665Z,43849004793,4,Daily activity,0.805
right,Databricks SQL,75,75,2026-09-19T05:27:31.665Z,44448870942,1,Single-symbol summary,0.767
right,Databricks SQL,75,75,2026-09-19T05:27:31.665Z,44448870942,2,Watchlist summary,0.43
right,Databricks SQL,75,75,2026-09-19T05:27:31.665Z,44448870942,3,Top movers,0.418
right,Databricks SQL,75,75,2026-09-19T05:27:31.665Z,44448870942,4,Daily activity,0.449
right,Databricks SQL,76,76,2026-09-19T05:37:31.665Z,45048902478,1,Single-symbol summary,1.079
right,Databricks SQL,76,76,2026-09-19T05:37:31.665Z,45048902478,2,Watchlist summary,0.681
right,Databricks SQL,76,76,2026-09-19T05:37:31.665Z,45048902478,3,Top movers,0.775
right,Databricks SQL,76,76,2026-09-19T05:37:31.665Z,45048902478,4,Daily activity,0.815
right,Databricks SQL,77,77,2026-09-19T05:47:31.665Z,45648983692,1,Single-symbol summary,0.682
right,Databricks SQL,77,77,2026-09-19T05:47:31.665Z,45648983692,2,Watchlist summary,0.402
right,Databricks SQL,77,77,2026-09-19T05:47:31.665Z,45648983692,3,Top movers,0.394
right,Databricks SQL,77,77,2026-09-19T05:47:31.665Z,45648983692,4,Daily activity,0.414
right,Databricks SQL,78,78,2026-09-19T05:57:31.665Z,46248965040,1,Single-symbol summary,1.036
right,Databricks SQL,78,78,2026-09-19T05:57:31.665Z,46248965040,2,Watchlist summary,0.686
right,Databricks SQL,78,78,2026-09-19T05:57:31.665Z,46248965040,3,Top movers,0.807
right,Databricks SQL,78,78,2026-09-19T05:57:31.665Z,46248965040,4,Daily activity,0.837
right,Databricks SQL,79,79,2026-09-19T06:07:31.665Z,46848958026,1,Single-symbol summary,0.807
right,Databricks SQL,79,79,2026-09-19T06:07:31.665Z,46848958026,2,Watchlist summary,0.506
right,Databricks SQL,79,79,2026-09-19T06:07:31.665Z,46848958026,3,Top movers,0.558
right,Databricks SQL,79,79,2026-09-19T06:07:31.665Z,46848958026,4,Daily activity,0.664
right,Databricks SQL,80,80,2026-09-19T06:17:31.665Z,47448953256,1,Single-symbol summary,1.085
right,Databricks SQL,80,80,2026-09-19T06:17:31.665Z,47448953256,2,Watchlist summary,0.728
right,Databricks SQL,80,80,2026-09-19T06:17:31.665Z,47448953256,3,Top movers,0.848
right,Databricks SQL,80,80,2026-09-19T06:17:31.665Z,47448953256,4,Daily activity,0.885
right,Databricks SQL,81,81,2026-09-19T06:27:31.665Z,48048969904,1,Single-symbol summary,0.811
right,Databricks SQL,81,81,2026-09-19T06:27:31.665Z,48048969904,2,Watchlist summary,0.445
right,Databricks SQL,81,81,2026-09-19T06:27:31.665Z,48048969904,3,Top movers,0.458
right,Databricks SQL,81,81,2026-09-19T06:27:31.665Z,48048969904,4,Daily activity,0.492
right,Databricks SQL,82,82,2026-09-19T06:37:31.665Z,48648841029,1,Single-symbol summary,0.989
right,Databricks SQL,82,82,2026-09-19T06:37:31.665Z,48648841029,2,Watchlist summary,0.743
right,Databricks SQL,82,82,2026-09-19T06:37:31.665Z,48648841029,3,Top movers,0.782
right,Databricks SQL,82,82,2026-09-19T06:37:31.665Z,48648841029,4,Daily activity,0.853
right,Databricks SQL,83,83,2026-09-19T06:47:31.665Z,49249000673,1,Single-symbol summary,0.759
right,Databricks SQL,83,83,2026-09-19T06:47:31.665Z,49249000673,2,Watchlist summary,0.482
right,Databricks SQL,83,83,2026-09-19T06:47:31.665Z,49249000673,3,Top movers,0.414
right,Databricks SQL,83,83,2026-09-19T06:47:31.665Z,49249000673,4,Daily activity,0.445
right,Databricks SQL,84,84,2026-09-19T06:57:31.665Z,49848932021,1,Single-symbol summary,0.986
right,Databricks SQL,84,84,2026-09-19T06:57:31.665Z,49848932021,2,Watchlist summary,0.765
right,Databricks SQL,84,84,2026-09-19T06:57:31.665Z,49848932021,3,Top movers,0.789
right,Databricks SQL,84,84,2026-09-19T06:57:31.665Z,49848932021,4,Daily activity,0.832
right,Databricks SQL,85,85,2026-09-19T07:07:31.665Z,50448920743,1,Single-symbol summary,0.885
right,Databricks SQL,85,85,2026-09-19T07:07:31.665Z,50448920743,2,Watchlist summary,0.484
right,Databricks SQL,85,85,2026-09-19T07:07:31.665Z,50448920743,3,Top movers,0.482
right,Databricks SQL,85,85,2026-09-19T07:07:31.665Z,50448920743,4,Daily activity,0.599
right,Databricks SQL,86,86,2026-09-19T07:17:31.665Z,51048965322,1,Single-symbol summary,1.089
right,Databricks SQL,86,86,2026-09-19T07:17:31.665Z,51048965322,2,Watchlist summary,0.705
right,Databricks SQL,86,86,2026-09-19T07:17:31.665Z,51048965322,3,Top movers,0.782
right,Databricks SQL,86,86,2026-09-19T07:17:31.665Z,51048965322,4,Daily activity,0.81
right,Databricks SQL,87,87,2026-09-19T07:27:31.665Z,51648867376,1,Single-symbol summary,1.037
right,Databricks SQL,87,87,2026-09-19T07:27:31.665Z,51648867376,2,Watchlist summary,0.762
right,Databricks SQL,87,87,2026-09-19T07:27:31.665Z,51648867376,3,Top movers,0.785
right,Databricks SQL,87,87,2026-09-19T07:27:31.665Z,51648867376,4,Daily activity,0.867
right,Databricks SQL,88,88,2026-09-19T07:37:31.665Z,52248886297,1,Single-symbol summary,1.005
right,Databricks SQL,88,88,2026-09-19T07:37:31.665Z,52248886297,2,Watchlist summary,0.807
right,Databricks SQL,88,88,2026-09-19T07:37:31.665Z,52248886297,3,Top movers,0.818
right,Databricks SQL,88,88,2026-09-19T07:37:31.665Z,52248886297,4,Daily activity,0.852
right,Databricks SQL,89,89,2026-09-19T07:47:31.665Z,52848929281,1,Single-symbol summary,0.892
right,Databricks SQL,89,89,2026-09-19T07:47:31.665Z,52848929281,2,Watchlist summary,0.637
right,Databricks SQL,89,89,2026-09-19T07:47:31.665Z,52848929281,3,Top movers,0.769
right,Databricks SQL,89,89,2026-09-19T07:47:31.665Z,52848929281,4,Daily activity,0.794
right,Databricks SQL,90,90,2026-09-19T07:57:31.665Z,53448968592,1,Single-symbol summary,0.976
right,Databricks SQL,90,90,2026-09-19T07:57:31.665Z,53448968592,2,Watchlist summary,0.691
right,Databricks SQL,90,90,2026-09-19T07:57:31.665Z,53448968592,3,Top movers,0.797
right,Databricks SQL,90,90,2026-09-19T07:57:31.665Z,53448968592,4,Daily activity,0.939
right,Databricks SQL,91,91,2026-09-19T08:07:31.665Z,54048999698,1,Single-symbol summary,1.015
right,Databricks SQL,91,91,2026-09-19T08:07:31.665Z,54048999698,2,Watchlist summary,0.877
right,Databricks SQL,91,91,2026-09-19T08:07:31.665Z,54048999698,3,Top movers,0.903
right,Databricks SQL,91,91,2026-09-19T08:07:31.665Z,54048999698,4,Daily activity,0.987
right,Databricks SQL,92,92,2026-09-19T08:17:31.665Z,54648912657,1,Single-symbol summary,1.407
right,Databricks SQL,92,92,2026-09-19T08:17:31.665Z,54648912657,2,Watchlist summary,0.736
right,Databricks SQL,92,92,2026-09-19T08:17:31.665Z,54648912657,3,Top movers,0.859
right,Databricks SQL,92,92,2026-09-19T08:17:31.665Z,54648912657,4,Daily activity,0.877
right,Databricks SQL,93,93,2026-09-19T08:27:31.665Z,55248932131,1,Single-symbol summary,0.959
right,Databricks SQL,93,93,2026-09-19T08:27:31.665Z,55248932131,2,Watchlist summary,0.764
right,Databricks SQL,93,93,2026-09-19T08:27:31.665Z,55248932131,3,Top movers,0.807
right,Databricks SQL,93,93,2026-09-19T08:27:31.665Z,55248932131,4,Daily activity,1.611
right,Databricks SQL,94,94,2026-09-19T08:37:31.665Z,55849013665,1,Single-symbol summary,0.955
right,Databricks SQL,94,94,2026-09-19T08:37:31.665Z,55849013665,2,Watchlist summary,0.688
right,Databricks SQL,94,94,2026-09-19T08:37:31.665Z,55849013665,3,Top movers,0.786
right,Databricks SQL,94,94,2026-09-19T08:37:31.665Z,55849013665,4,Daily activity,0.818
right,Databricks SQL,95,95,2026-09-19T08:47:31.665Z,56448925831,1,Single-symbol summary,0.943
right,Databricks SQL,95,95,2026-09-19T08:47:31.665Z,56448925831,2,Watchlist summary,0.686
right,Databricks SQL,95,95,2026-09-19T08:47:31.665Z,56448925831,3,Top movers,0.825
right,Databricks SQL,95,95,2026-09-19T08:47:31.665Z,56448925831,4,Daily activity,0.877
right,Databricks SQL,96,96,2026-09-19T08:57:31.665Z,57048862217,1,Single-symbol summary,1.072
right,Databricks SQL,96,96,2026-09-19T08:57:31.665Z,57048862217,2,Watchlist summary,0.784
right,Databricks SQL,96,96,2026-09-19T08:57:31.665Z,57048862217,3,Top movers,0.797
right,Databricks SQL,96,96,2026-09-19T08:57:31.665Z,57048862217,4,Daily activity,0.869
right,Databricks SQL,97,97,2026-09-19T09:07:31.665Z,57648963051,1,Single-symbol summary,0.984
right,Databricks SQL,97,97,2026-09-19T09:07:31.665Z,57648963051,2,Watchlist summary,0.773
right,Databricks SQL,97,97,2026-09-19T09:07:31.665Z,57648963051,3,Top movers,0.872
right,Databricks SQL,97,97,2026-09-19T09:07:31.665Z,57648963051,4,Daily activity,0.894
right,Databricks SQL,98,98,2026-09-19T09:17:31.665Z,58249004920,1,Single-symbol summary,1.055
right,Databricks SQL,98,98,2026-09-19T09:17:31.665Z,58249004920,2,Watchlist summary,0.763
right,Databricks SQL,98,98,2026-09-19T09:17:31.665Z,58249004920,3,Top movers,0.881
right,Databricks SQL,98,98,2026-09-19T09:17:31.665Z,58249004920,4,Daily activity,0.823
right,Databricks SQL,99,99,2026-09-19T09:27:31.665Z,58848886186,1,Single-symbol summary,0.71
right,Databricks SQL,99,99,2026-09-19T09:27:31.665Z,58848886186,2,Watchlist summary,0.412
right,Databricks SQL,99,99,2026-09-19T09:27:31.665Z,58848886186,3,Top movers,0.391
right,Databricks SQL,99,99,2026-09-19T09:27:31.665Z,58848886186,4,Daily activity,0.416
right,Databricks SQL,100,100,2026-09-19T09:37:31.665Z,59449032571,1,Single-symbol summary,0.97
right,Databricks SQL,100,100,2026-09-19T09:37:31.665Z,59449032571,2,Watchlist summary,0.722
right,Databricks SQL,100,100,2026-09-19T09:37:31.665Z,59449032571,3,Top movers,0.799
right,Databricks SQL,100,100,2026-09-19T09:37:31.665Z,59449032571,4,Daily activity,0.831
right,Databricks SQL,101,101,2026-09-19T09:47:31.665Z,60048974387,1,Single-symbol summary,0.91
right,Databricks SQL,101,101,2026-09-19T09:47:31.665Z,60048974387,2,Watchlist summary,0.73
right,Databricks SQL,101,101,2026-09-19T09:47:31.665Z,60048974387,3,Top movers,0.762
right,Databricks SQL,101,101,2026-09-19T09:47:31.665Z,60048974387,4,Daily activity,0.731
right,Databricks SQL,102,102,2026-09-19T09:57:31.665Z,60649047005,1,Single-symbol summary,0.986
right,Databricks SQL,102,102,2026-09-19T09:57:31.665Z,60649047005,2,Watchlist summary,0.411
right,Databricks SQL,102,102,2026-09-19T09:57:31.665Z,60649047005,3,Top movers,0.366
right,Databricks SQL,102,102,2026-09-19T09:57:31.665Z,60649047005,4,Daily activity,0.402
right,Databricks SQL,103,103,2026-09-19T10:07:31.665Z,61248997535,1,Single-symbol summary,1.051
right,Databricks SQL,103,103,2026-09-19T10:07:31.665Z,61248997535,2,Watchlist summary,0.866
right,Databricks SQL,103,103,2026-09-19T10:07:31.665Z,61248997535,3,Top movers,1.155
right,Databricks SQL,103,103,2026-09-19T10:07:31.665Z,61248997535,4,Daily activity,0.906
right,Databricks SQL,104,104,2026-09-19T10:17:31.665Z,61848979545,1,Single-symbol summary,0.971
right,Databricks SQL,104,104,2026-09-19T10:17:31.665Z,61848979545,2,Watchlist summary,0.414
right,Databricks SQL,104,104,2026-09-19T10:17:31.665Z,61848979545,3,Top movers,0.389
right,Databricks SQL,104,104,2026-09-19T10:17:31.665Z,61848979545,4,Daily activity,0.455
right,Databricks SQL,105,105,2026-09-19T10:27:31.665Z,62448827582,1,Single-symbol summary,0.969
right,Databricks SQL,105,105,2026-09-19T10:27:31.665Z,62448827582,2,Watchlist summary,0.701
right,Databricks SQL,105,105,2026-09-19T10:27:31.665Z,62448827582,3,Top movers,0.78
right,Databricks SQL,105,105,2026-09-19T10:27:31.665Z,62448827582,4,Daily activity,0.839
right,Databricks SQL,106,106,2026-09-19T10:37:31.665Z,63048951008,1,Single-symbol summary,0.674
right,Databricks SQL,106,106,2026-09-19T10:37:31.665Z,63048951008,2,Watchlist summary,0.442
right,Databricks SQL,106,106,2026-09-19T10:37:31.665Z,63048951008,3,Top movers,0.414
right,Databricks SQL,106,106,2026-09-19T10:37:31.665Z,63048951008,4,Daily activity,0.419
right,Databricks SQL,107,107,2026-09-19T10:47:31.665Z,63648915373,1,Single-symbol summary,0.985
right,Databricks SQL,107,107,2026-09-19T10:47:31.665Z,63648915373,2,Watchlist summary,0.757
right,Databricks SQL,107,107,2026-09-19T10:47:31.665Z,63648915373,3,Top movers,0.817
right,Databricks SQL,107,107,2026-09-19T10:47:31.665Z,63648915373,4,Daily activity,0.787
right,Databricks SQL,108,108,2026-09-19T10:57:31.665Z,64248934893,1,Single-symbol summary,0.985
right,Databricks SQL,108,108,2026-09-19T10:57:31.665Z,64248934893,2,Watchlist summary,0.549
right,Databricks SQL,108,108,2026-09-19T10:57:31.665Z,64248934893,3,Top movers,0.427
right,Databricks SQL,108,108,2026-09-19T10:57:31.665Z,64248934893,4,Daily activity,0.468
right,Databricks SQL,109,109,2026-09-19T11:07:31.665Z,64848931181,1,Single-symbol summary,0.826
right,Databricks SQL,109,109,2026-09-19T11:07:31.665Z,64848931181,2,Watchlist summary,0.49
right,Databricks SQL,109,109,2026-09-19T11:07:31.665Z,64848931181,3,Top movers,0.448
right,Databricks SQL,109,109,2026-09-19T11:07:31.665Z,64848931181,4,Daily activity,0.887
right,Databricks SQL,110,110,2026-09-19T11:17:31.665Z,65448990060,1,Single-symbol summary,0.986
right,Databricks SQL,110,110,2026-09-19T11:17:31.665Z,65448990060,2,Watchlist summary,0.69
right,Databricks SQL,110,110,2026-09-19T11:17:31.665Z,65448990060,3,Top movers,0.775
right,Databricks SQL,110,110,2026-09-19T11:17:31.665Z,65448990060,4,Daily activity,0.836
right,Databricks SQL,111,111,2026-09-19T11:27:31.665Z,66048942260,1,Single-symbol summary,0.729
right,Databricks SQL,111,111,2026-09-19T11:27:31.665Z,66048942260,2,Watchlist summary,0.417
right,Databricks SQL,111,111,2026-09-19T11:27:31.665Z,66048942260,3,Top movers,0.403
right,Databricks SQL,111,111,2026-09-19T11:27:31.665Z,66048942260,4,Daily activity,0.58
right,Databricks SQL,112,112,2026-09-19T11:37:31.665Z,66648970121,1,Single-symbol summary,1.046
right,Databricks SQL,112,112,2026-09-19T11:37:31.665Z,66648970121,2,Watchlist summary,0.725
right,Databricks SQL,112,112,2026-09-19T11:37:31.665Z,66648970121,3,Top movers,0.702
right,Databricks SQL,112,112,2026-09-19T11:37:31.665Z,66648970121,4,Daily activity,1.108
right,Databricks SQL,113,113,2026-09-19T11:47:31.665Z,67248947921,1,Single-symbol summary,0.732
right,Databricks SQL,113,113,2026-09-19T11:47:31.665Z,67248947921,2,Watchlist summary,0.451
right,Databricks SQL,113,113,2026-09-19T11:47:31.665Z,67248947921,3,Top movers,0.419
right,Databricks SQL,113,113,2026-09-19T11:47:31.665Z,67248947921,4,Daily activity,0.424
right,Databricks SQL,114,114,2026-09-19T11:57:31.665Z,67848865391,1,Single-symbol summary,1.098
right,Databricks SQL,114,114,2026-09-19T11:57:31.665Z,67848865391,2,Watchlist summary,0.766
right,Databricks SQL,114,114,2026-09-19T11:57:31.665Z,67848865391,3,Top movers,0.846
right,Databricks SQL,114,114,2026-09-19T11:57:31.665Z,67848865391,4,Daily activity,0.844
right,Databricks SQL,115,115,2026-09-19T12:07:31.665Z,68448901225,1,Single-symbol summary,1.172
right,Databricks SQL,115,115,2026-09-19T12:07:31.665Z,68448901225,2,Watchlist summary,0.897
right,Databricks SQL,115,115,2026-09-19T12:07:31.665Z,68448901225,3,Top movers,1.002
right,Databricks SQL,115,115,2026-09-19T12:07:31.665Z,68448901225,4,Daily activity,1.43
right,Databricks SQL,116,116,2026-09-19T12:17:31.665Z,69049033856,1,Single-symbol summary,1.061
right,Databricks SQL,116,116,2026-09-19T12:17:31.665Z,69049033856,2,Watchlist summary,0.735
right,Databricks SQL,116,116,2026-09-19T12:17:31.665Z,69049033856,3,Top movers,0.827
right,Databricks SQL,116,116,2026-09-19T12:17:31.665Z,69049033856,4,Daily activity,0.872
right,Databricks SQL,117,117,2026-09-19T12:27:31.665Z,69648898887,1,Single-symbol summary,1.345
right,Databricks SQL,117,117,2026-09-19T12:27:31.665Z,69648898887,2,Watchlist summary,0.725
right,Databricks SQL,117,117,2026-09-19T12:27:31.665Z,69648898887,3,Top movers,0.836
right,Databricks SQL,117,117,2026-09-19T12:27:31.665Z,69648898887,4,Daily activity,0.876
right,Databricks SQL,118,118,2026-09-19T12:37:31.665Z,70248972689,1,Single-symbol summary,1.005
right,Databricks SQL,118,118,2026-09-19T12:37:31.665Z,70248972689,2,Watchlist summary,0.802
right,Databricks SQL,118,118,2026-09-19T12:37:31.665Z,70248972689,3,Top movers,0.854
right,Databricks SQL,118,118,2026-09-19T12:37:31.665Z,70248972689,4,Daily activity,0.857
right,Databricks SQL,119,119,2026-09-19T12:47:31.665Z,70848944994,1,Single-symbol summary,2.311
right,Databricks SQL,119,119,2026-09-19T12:47:31.665Z,70848944994,2,Watchlist summary,1.138
right,Databricks SQL,119,119,2026-09-19T12:47:31.665Z,70848944994,3,Top movers,0.869
right,Databricks SQL,119,119,2026-09-19T12:47:31.665Z,70848944994,4,Daily activity,1.774
right,Databricks SQL,120,120,2026-09-19T12:57:31.665Z,71448876924,1,Single-symbol summary,1.044
right,Databricks SQL,120,120,2026-09-19T12:57:31.665Z,71448876924,2,Watchlist summary,0.785
right,Databricks SQL,120,120,2026-09-19T12:57:31.665Z,71448876924,3,Top movers,0.882
right,Databricks SQL,120,120,2026-09-19T12:57:31.665Z,71448876924,4,Daily activity,0.856
right,Databricks SQL,121,121,2026-09-19T13:07:31.665Z,72048872763,1,Single-symbol summary,1.082
right,Databricks SQL,121,121,2026-09-19T13:07:31.665Z,72048872763,2,Watchlist summary,0.792
right,Databricks SQL,121,121,2026-09-19T13:07:31.665Z,72048872763,3,Top movers,1.005
right,Databricks SQL,121,121,2026-09-19T13:07:31.665Z,72048872763,4,Daily activity,1.094
right,Databricks SQL,122,122,2026-09-19T13:17:31.665Z,72648823293,1,Single-symbol summary,1.413
right,Databricks SQL,122,122,2026-09-19T13:17:31.665Z,72648823293,2,Watchlist summary,0.767
right,Databricks SQL,122,122,2026-09-19T13:17:31.665Z,72648823293,3,Top movers,0.853
right,Databricks SQL,122,122,2026-09-19T13:17:31.665Z,72648823293,4,Daily activity,0.914
right,Databricks SQL,123,123,2026-09-19T13:27:31.665Z,73248951843,1,Single-symbol summary,0.981
right,Databricks SQL,123,123,2026-09-19T13:27:31.665Z,73248951843,2,Watchlist summary,0.739
right,Databricks SQL,123,123,2026-09-19T13:27:31.665Z,73248951843,3,Top movers,0.823
right,Databricks SQL,123,123,2026-09-19T13:27:31.665Z,73248951843,4,Daily activity,0.903
right,Databricks SQL,124,124,2026-09-19T13:37:31.665Z,73848850795,1,Single-symbol summary,0.95
right,Databricks SQL,124,124,2026-09-19T13:37:31.665Z,73848850795,2,Watchlist summary,0.743
right,Databricks SQL,124,124,2026-09-19T13:37:31.665Z,73848850795,3,Top movers,0.806
right,Databricks SQL,124,124,2026-09-19T13:37:31.665Z,73848850795,4,Daily activity,0.844
right,Databricks SQL,125,125,2026-09-19T13:47:31.665Z,74448988124,1,Single-symbol summary,0.952
right,Databricks SQL,125,125,2026-09-19T13:47:31.665Z,74448988124,2,Watchlist summary,0.736
right,Databricks SQL,125,125,2026-09-19T13:47:31.665Z,74448988124,3,Top movers,0.749
right,Databricks SQL,125,125,2026-09-19T13:47:31.665Z,74448988124,4,Daily activity,0.831
right,Databricks SQL,126,126,2026-09-19T13:57:31.665Z,75048980211,1,Single-symbol summary,1.445
right,Databricks SQL,126,126,2026-09-19T13:57:31.665Z,75048980211,2,Watchlist summary,0.72
right,Databricks SQL,126,126,2026-09-19T13:57:31.665Z,75048980211,3,Top movers,0.841
right,Databricks SQL,126,126,2026-09-19T13:57:31.665Z,75048980211,4,Daily activity,0.753
right,Databricks SQL,127,127,2026-09-19T14:07:31.665Z,75648919105,1,Single-symbol summary,0.975
right,Databricks SQL,127,127,2026-09-19T14:07:31.665Z,75648919105,2,Watchlist summary,0.805
right,Databricks SQL,127,127,2026-09-19T14:07:31.665Z,75648919105,3,Top movers,0.894
right,Databricks SQL,127,127,2026-09-19T14:07:31.665Z,75648919105,4,Daily activity,0.907
right,Databricks SQL,128,128,2026-09-19T14:17:31.665Z,76248881396,1,Single-symbol summary,0.991
right,Databricks SQL,128,128,2026-09-19T14:17:31.665Z,76248881396,2,Watchlist summary,0.795
right,Databricks SQL,128,128,2026-09-19T14:17:31.665Z,76248881396,3,Top movers,0.822
right,Databricks SQL,128,128,2026-09-19T14:17:31.665Z,76248881396,4,Daily activity,0.837
right,Databricks SQL,129,129,2026-09-19T14:27:31.665Z,76848823691,1,Single-symbol summary,1.051
right,Databricks SQL,129,129,2026-09-19T14:27:31.665Z,76848823691,2,Watchlist summary,0.75
right,Databricks SQL,129,129,2026-09-19T14:27:31.665Z,76848823691,3,Top movers,0.799
right,Databricks SQL,129,129,2026-09-19T14:27:31.665Z,76848823691,4,Daily activity,0.841
right,Databricks SQL,130,130,2026-09-19T14:37:31.665Z,77448864325,1,Single-symbol summary,0.968
right,Databricks SQL,130,130,2026-09-19T14:37:31.665Z,77448864325,2,Watchlist summary,0.718
right,Databricks SQL,130,130,2026-09-19T14:37:31.665Z,77448864325,3,Top movers,0.839
right,Databricks SQL,130,130,2026-09-19T14:37:31.665Z,77448864325,4,Daily activity,0.8
right,Databricks SQL,131,131,2026-09-19T14:47:31.665Z,78048857309,1,Single-symbol summary,0.966
right,Databricks SQL,131,131,2026-09-19T14:47:31.665Z,78048857309,2,Watchlist summary,0.712
right,Databricks SQL,131,131,2026-09-19T14:47:31.665Z,78048857309,3,Top movers,0.742
right,Databricks SQL,131,131,2026-09-19T14:47:31.665Z,78048857309,4,Daily activity,0.822
right,Databricks SQL,132,132,2026-09-19T14:57:31.665Z,78648963825,1,Single-symbol summary,1.115
right,Databricks SQL,132,132,2026-09-19T14:57:31.665Z,78648963825,2,Watchlist summary,0.749
right,Databricks SQL,132,132,2026-09-19T14:57:31.665Z,78648963825,3,Top movers,0.824
right,Databricks SQL,132,132,2026-09-19T14:57:31.665Z,78648963825,4,Daily activity,0.877
right,Databricks SQL,133,133,2026-09-19T15:07:31.665Z,79248916498,1,Single-symbol summary,0.998
right,Databricks SQL,133,133,2026-09-19T15:07:31.665Z,79248916498,2,Watchlist summary,0.849
right,Databricks SQL,133,133,2026-09-19T15:07:31.665Z,79248916498,3,Top movers,0.907
right,Databricks SQL,133,133,2026-09-19T15:07:31.665Z,79248916498,4,Daily activity,0.867
right,Databricks SQL,134,134,2026-09-19T15:17:31.665Z,79848963748,1,Single-symbol summary,0.677
right,Databricks SQL,134,134,2026-09-19T15:17:31.665Z,79848963748,2,Watchlist summary,0.426
right,Databricks SQL,134,134,2026-09-19T15:17:31.665Z,79848963748,3,Top movers,0.433
right,Databricks SQL,134,134,2026-09-19T15:17:31.665Z,79848963748,4,Daily activity,0.481
right,Databricks SQL,135,135,2026-09-19T15:27:31.665Z,80448989098,1,Single-symbol summary,0.899
right,Databricks SQL,135,135,2026-09-19T15:27:31.665Z,80448989098,2,Watchlist summary,0.682
right,Databricks SQL,135,135,2026-09-19T15:27:31.665Z,80448989098,3,Top movers,0.747
right,Databricks SQL,135,135,2026-09-19T15:27:31.665Z,80448989098,4,Daily activity,0.807
right,Databricks SQL,136,136,2026-09-19T15:37:31.665Z,81048989103,1,Single-symbol summary,0.683
right,Databricks SQL,136,136,2026-09-19T15:37:31.665Z,81048989103,2,Watchlist summary,0.411
right,Databricks SQL,136,136,2026-09-19T15:37:31.665Z,81048989103,3,Top movers,0.427
right,Databricks SQL,136,136,2026-09-19T15:37:31.665Z,81048989103,4,Daily activity,0.425
right,Databricks SQL,137,137,2026-09-19T15:47:31.665Z,81648805878,1,Single-symbol summary,0.946
right,Databricks SQL,137,137,2026-09-19T15:47:31.665Z,81648805878,2,Watchlist summary,0.726
right,Databricks SQL,137,137,2026-09-19T15:47:31.665Z,81648805878,3,Top movers,0.768
right,Databricks SQL,137,137,2026-09-19T15:47:31.665Z,81648805878,4,Daily activity,0.802
right,Databricks SQL,138,138,2026-09-19T15:57:31.665Z,82248892830,1,Single-symbol summary,1.019
right,Databricks SQL,138,138,2026-09-19T15:57:31.665Z,82248892830,2,Watchlist summary,0.696
right,Databricks SQL,138,138,2026-09-19T15:57:31.665Z,82248892830,3,Top movers,1.289
right,Databricks SQL,138,138,2026-09-19T15:57:31.665Z,82248892830,4,Daily activity,0.491
right,Databricks SQL,139,139,2026-09-19T16:07:31.665Z,82848947450,1,Single-symbol summary,0.753
right,Databricks SQL,139,139,2026-09-19T16:07:31.665Z,82848947450,2,Watchlist summary,0.498
right,Databricks SQL,139,139,2026-09-19T16:07:31.665Z,82848947450,3,Top movers,0.974
right,Databricks SQL,139,139,2026-09-19T16:07:31.665Z,82848947450,4,Daily activity,0.954
right,Databricks SQL,140,140,2026-09-19T16:17:31.665Z,83448864291,1,Single-symbol summary,1.125
right,Databricks SQL,140,140,2026-09-19T16:17:31.665Z,83448864291,2,Watchlist summary,0.739
right,Databricks SQL,140,140,2026-09-19T16:17:31.665Z,83448864291,3,Top movers,0.792
right,Databricks SQL,140,140,2026-09-19T16:17:31.665Z,83448864291,4,Daily activity,0.949
right,Databricks SQL,141,141,2026-09-19T16:27:31.665Z,84048946267,1,Single-symbol summary,0.738
right,Databricks SQL,141,141,2026-09-19T16:27:31.665Z,84048946267,2,Watchlist summary,0.493
right,Databricks SQL,141,141,2026-09-19T16:27:31.665Z,84048946267,3,Top movers,0.449
right,Databricks SQL,141,141,2026-09-19T16:27:31.665Z,84048946267,4,Daily activity,0.468
right,Databricks SQL,142,142,2026-09-19T16:37:31.665Z,84648911334,1,Single-symbol summary,5.299
right,Databricks SQL,142,142,2026-09-19T16:37:31.665Z,84648911334,2,Watchlist summary,1.07
right,Databricks SQL,142,142,2026-09-19T16:37:31.665Z,84648911334,3,Top movers,1.078
right,Databricks SQL,142,142,2026-09-19T16:37:31.665Z,84648911334,4,Daily activity,1.051
right,Databricks SQL,143,143,2026-09-19T16:47:31.665Z,85248832558,1,Single-symbol summary,1.931
right,Databricks SQL,143,143,2026-09-19T16:47:31.665Z,85248832558,2,Watchlist summary,0.551
right,Databricks SQL,143,143,2026-09-19T16:47:31.665Z,85248832558,3,Top movers,0.477
right,Databricks SQL,143,143,2026-09-19T16:47:31.665Z,85248832558,4,Daily activity,0.486
right,Databricks SQL,144,144,2026-09-19T16:57:31.665Z,85848983088,1,Single-symbol summary,2.117
right,Databricks SQL,144,144,2026-09-19T16:57:31.665Z,85848983088,2,Watchlist summary,0.812
right,Databricks SQL,144,144,2026-09-19T16:57:31.665Z,85848983088,3,Top movers,1.259
right,Databricks SQL,144,144,2026-09-19T16:57:31.665Z,85848983088,4,Daily activity,1.318
right,Databricks SQL,145,145,2026-09-19T17:07:31.665Z,86448998070,1,Single-symbol summary,1.745
right,Databricks SQL,145,145,2026-09-19T17:07:31.665Z,86448998070,2,Watchlist summary,0.577
right,Databricks SQL,145,145,2026-09-19T17:07:31.665Z,86448998070,3,Top movers,0.53
right,Databricks SQL,145,145,2026-09-19T17:07:31.665Z,86448998070,4,Daily activity,0.794
right,Databricks SQL,146,146,2026-09-19T17:17:31.665Z,87048970508,1,Single-symbol summary,1.925
right,Databricks SQL,146,146,2026-09-19T17:17:31.665Z,87048970508,2,Watchlist summary,0.834
right,Databricks SQL,146,146,2026-09-19T17:17:31.665Z,87048970508,3,Top movers,1.442
right,Databricks SQL,146,146,2026-09-19T17:17:31.665Z,87048970508,4,Daily activity,0.865
right,Databricks SQL,147,147,2026-09-19T17:27:31.665Z,87648993949,1,Single-symbol summary,2.208
right,Databricks SQL,147,147,2026-09-19T17:27:31.665Z,87648993949,2,Watchlist summary,0.757
right,Databricks SQL,147,147,2026-09-19T17:27:31.665Z,87648993949,3,Top movers,0.797
right,Databricks SQL,147,147,2026-09-19T17:27:31.665Z,87648993949,4,Daily activity,0.992
right,Databricks SQL,148,148,2026-09-19T17:37:31.665Z,88248973865,1,Single-symbol summary,2.256
right,Databricks SQL,148,148,2026-09-19T17:37:31.665Z,88248973865,2,Watchlist summary,1.094
right,Databricks SQL,148,148,2026-09-19T17:37:31.665Z,88248973865,3,Top movers,1.054
right,Databricks SQL,148,148,2026-09-19T17:37:31.665Z,88248973865,4,Daily activity,1.144
right,Databricks SQL,149,149,2026-09-19T17:47:31.665Z,88848942984,1,Single-symbol summary,1.949
right,Databricks SQL,149,149,2026-09-19T17:47:31.665Z,88848942984,2,Watchlist summary,0.853
right,Databricks SQL,149,149,2026-09-19T17:47:31.665Z,88848942984,3,Top movers,0.861
right,Databricks SQL,149,149,2026-09-19T17:47:31.665Z,88848942984,4,Daily activity,1.275
right,Databricks SQL,150,150,2026-09-19T17:57:31.665Z,89448824332,1,Single-symbol summary,1.291
right,Databricks SQL,150,150,2026-09-19T17:57:31.665Z,89448824332,2,Watchlist summary,1.071
right,Databricks SQL,150,150,2026-09-19T17:57:31.665Z,89448824332,3,Top movers,0.829
right,Databricks SQL,150,150,2026-09-19T17:57:31.665Z,89448824332,4,Daily activity,1.319
right,Databricks SQL,151,151,2026-09-19T18:07:31.665Z,90048962182,1,Single-symbol summary,1.43
right,Databricks SQL,151,151,2026-09-19T18:07:31.665Z,90048962182,2,Watchlist summary,0.807
right,Databricks SQL,151,151,2026-09-19T18:07:31.665Z,90048962182,3,Top movers,1.032
right,Databricks SQL,151,151,2026-09-19T18:07:31.665Z,90048962182,4,Daily activity,1.01
right,Databricks SQL,152,152,2026-09-19T18:17:31.665Z,90648973338,1,Single-symbol summary,1.873
right,Databricks SQL,152,152,2026-09-19T18:17:31.665Z,90648973338,2,Watchlist summary,0.813
right,Databricks SQL,152,152,2026-09-19T18:17:31.665Z,90648973338,3,Top movers,0.833
right,Databricks SQL,152,152,2026-09-19T18:17:31.665Z,90648973338,4,Daily activity,0.853
right,Databricks SQL,153,153,2026-09-19T18:27:31.665Z,91248923008,1,Single-symbol summary,1.106
right,Databricks SQL,153,153,2026-09-19T18:27:31.665Z,91248923008,2,Watchlist summary,0.639
right,Databricks SQL,153,153,2026-09-19T18:27:31.665Z,91248923008,3,Top movers,0.461
right,Databricks SQL,153,153,2026-09-19T18:27:31.665Z,91248923008,4,Daily activity,0.476
right,Databricks SQL,154,154,2026-09-19T18:37:31.665Z,91848815062,1,Single-symbol summary,1.378
right,Databricks SQL,154,154,2026-09-19T18:37:31.665Z,91848815062,2,Watchlist summary,0.808
right,Databricks SQL,154,154,2026-09-19T18:37:31.665Z,91848815062,3,Top movers,0.908
right,Databricks SQL,154,154,2026-09-19T18:37:31.665Z,91848815062,4,Daily activity,0.914
right,Databricks SQL,155,155,2026-09-19T18:47:31.665Z,92448977228,1,Single-symbol summary,1.219
right,Databricks SQL,155,155,2026-09-19T18:47:31.665Z,92448977228,2,Watchlist summary,0.819
right,Databricks SQL,155,155,2026-09-19T18:47:31.665Z,92448977228,3,Top movers,0.857
right,Databricks SQL,155,155,2026-09-19T18:47:31.665Z,92448977228,4,Daily activity,0.975
right,Databricks SQL,156,156,2026-09-19T18:57:31.665Z,93048998642,1,Single-symbol summary,1.24
right,Databricks SQL,156,156,2026-09-19T18:57:31.665Z,93048998642,2,Watchlist summary,0.446
right,Databricks SQL,156,156,2026-09-19T18:57:31.665Z,93048998642,3,Top movers,0.529
right,Databricks SQL,156,156,2026-09-19T18:57:31.665Z,93048998642,4,Daily activity,0.537
right,Databricks SQL,157,157,2026-09-19T19:07:31.665Z,93648850827,1,Single-symbol summary,1.329
right,Databricks SQL,157,157,2026-09-19T19:07:31.665Z,93648850827,2,Watchlist summary,0.793
right,Databricks SQL,157,157,2026-09-19T19:07:31.665Z,93648850827,3,Top movers,0.954
right,Databricks SQL,157,157,2026-09-19T19:07:31.665Z,93648850827,4,Daily activity,0.987
right,Databricks SQL,158,158,2026-09-19T19:17:31.665Z,94248956784,1,Single-symbol summary,1.614
right,Databricks SQL,158,158,2026-09-19T19:17:31.665Z,94248956784,2,Watchlist summary,0.803
right,Databricks SQL,158,158,2026-09-19T19:17:31.665Z,94248956784,3,Top movers,0.884
right,Databricks SQL,158,158,2026-09-19T19:17:31.665Z,94248956784,4,Daily activity,1.397
right,Databricks SQL,159,159,2026-09-19T19:27:31.665Z,94848829249,1,Single-symbol summary,1.907
right,Databricks SQL,159,159,2026-09-19T19:27:31.665Z,94848829249,2,Watchlist summary,0.763
right,Databricks SQL,159,159,2026-09-19T19:27:31.665Z,94848829249,3,Top movers,0.916
right,Databricks SQL,159,159,2026-09-19T19:27:31.665Z,94848829249,4,Daily activity,1.187
right,Databricks SQL,160,160,2026-09-19T19:37:31.665Z,95448942204,1,Single-symbol summary,1.608
right,Databricks SQL,160,160,2026-09-19T19:37:31.665Z,95448942204,2,Watchlist summary,0.772
right,Databricks SQL,160,160,2026-09-19T19:37:31.665Z,95448942204,3,Top movers,0.828
right,Databricks SQL,160,160,2026-09-19T19:37:31.665Z,95448942204,4,Daily activity,0.845
right,Databricks SQL,161,161,2026-09-19T19:47:31.665Z,96048966006,1,Single-symbol summary,1.479
right,Databricks SQL,161,161,2026-09-19T19:47:31.665Z,96048966006,2,Watchlist summary,0.811
right,Databricks SQL,161,161,2026-09-19T19:47:31.665Z,96048966006,3,Top movers,0.845
right,Databricks SQL,161,161,2026-09-19T19:47:31.665Z,96048966006,4,Daily activity,0.908
right,Databricks SQL,162,162,2026-09-19T19:57:31.665Z,96648893321,1,Single-symbol summary,0.98
right,Databricks SQL,162,162,2026-09-19T19:57:31.665Z,96648893321,2,Watchlist summary,0.729
right,Databricks SQL,162,162,2026-09-19T19:57:31.665Z,96648893321,3,Top movers,0.812
right,Databricks SQL,162,162,2026-09-19T19:57:31.665Z,96648893321,4,Daily activity,1.651
right,Databricks SQL,163,163,2026-09-19T20:07:31.665Z,97248931018,1,Single-symbol summary,1.229
right,Databricks SQL,163,163,2026-09-19T20:07:31.665Z,97248931018,2,Watchlist summary,0.774
right,Databricks SQL,163,163,2026-09-19T20:07:31.665Z,97248931018,3,Top movers,0.924
right,Databricks SQL,163,163,2026-09-19T20:07:31.665Z,97248931018,4,Daily activity,0.876
right,Databricks SQL,164,164,2026-09-19T20:17:31.665Z,97848875579,1,Single-symbol summary,1.48
right,Databricks SQL,164,164,2026-09-19T20:17:31.665Z,97848875579,2,Watchlist summary,0.451
right,Databricks SQL,164,164,2026-09-19T20:17:31.665Z,97848875579,3,Top movers,0.578
right,Databricks SQL,164,164,2026-09-19T20:17:31.665Z,97848875579,4,Daily activity,0.447
right,Databricks SQL,165,165,2026-09-19T20:27:31.665Z,98448826106,1,Single-symbol summary,1.827
right,Databricks SQL,165,165,2026-09-19T20:27:31.665Z,98448826106,2,Watchlist summary,0.857
right,Databricks SQL,165,165,2026-09-19T20:27:31.665Z,98448826106,3,Top movers,0.941
right,Databricks SQL,165,165,2026-09-19T20:27:31.665Z,98448826106,4,Daily activity,0.988
right,Databricks SQL,166,166,2026-09-19T20:37:31.665Z,99048919090,1,Single-symbol summary,1.274
right,Databricks SQL,166,166,2026-09-19T20:37:31.665Z,99048919090,2,Watchlist summary,0.828
right,Databricks SQL,166,166,2026-09-19T20:37:31.665Z,99048919090,3,Top movers,0.824
right,Databricks SQL,166,166,2026-09-19T20:37:31.665Z,99048919090,4,Daily activity,1.01
right,Databricks SQL,167,167,2026-09-19T20:47:31.665Z,99648972815,1,Single-symbol summary,0.724
right,Databricks SQL,167,167,2026-09-19T20:47:31.665Z,99648972815,2,Watchlist summary,0.474
right,Databricks SQL,167,167,2026-09-19T20:47:31.665Z,99648972815,3,Top movers,0.458
right,Databricks SQL,167,167,2026-09-19T20:47:31.665Z,99648972815,4,Daily activity,0.451
