provider,source_line,observed_at,base_table_rows,lag_seconds,refresh_watermark,raw_lag_minutes,trend_lag_minutes,display_lag_minutes
snowflake,5,2026-08-11T11:22:57Z,532996784,15.0,2026-08-11T04:22:39.880000-07:00,0.25,1.766129032258065,1.778989263607583
snowflake,6,2026-08-11T11:23:58Z,532996784,77.0,2026-08-11T04:22:39.880000-07:00,1.2833333333333334,1.7739583333333337,1.782698648085779
snowflake,7,2026-08-11T11:24:58Z,532996784,128.0,2026-08-11T04:22:39.880000-07:00,2.1333333333333333,1.80959595959596,1.7831617556715478
snowflake,8,2026-08-11T11:25:58Z,532996784,194.0,2026-08-11T04:22:39.880000-07:00,3.2333333333333334,1.7872549019607846,1.7811390344810718
snowflake,9,2026-08-11T11:26:58Z,532996784,251.0,2026-08-11T04:22:39.880000-07:00,4.183333333333334,1.7652380952380955,1.7799417976996312
snowflake,10,2026-08-11T11:27:58Z,532996784,27.0,2026-08-11T04:27:31.002000-07:00,0.45,1.7717592592592597,1.7816913608060212
snowflake,11,2026-08-11T11:28:58Z,533956165,59.0,2026-08-11T04:27:58.146000-07:00,0.9833333333333333,1.8049549549549553,1.7833275382486504
snowflake,12,2026-08-11T11:29:58Z,591519003,120.0,2026-08-11T04:27:58.146000-07:00,2.0,1.78640350877193,1.7828408398695101
snowflake,13,2026-08-11T11:30:58Z,649081841,175.0,2026-08-11T04:27:58.146000-07:00,2.9166666666666665,1.7649572649572651,1.7797301878952216
snowflake,14,2026-08-11T11:31:59Z,707604060,59.0,2026-08-11T04:30:53.506000-07:00,0.9833333333333333,1.769166666666667,1.7814275537102346
snowflake,15,2026-08-11T11:32:59Z,765166898,60.0,2026-08-11T04:31:53.318000-07:00,1.0,1.799186991869919,1.7837972130364157
snowflake,16,2026-08-11T11:33:59Z,822729736,125.0,2026-08-11T04:31:53.318000-07:00,2.0833333333333335,1.7841269841269844,1.784172418996728
snowflake,17,2026-08-11T11:34:59Z,880292574,183.0,2026-08-11T04:31:53.318000-07:00,3.05,1.7686046511627909,1.7820805544048632
snowflake,18,2026-08-11T11:35:59Z,937855412,54.0,2026-08-11T04:34:56.579000-07:00,0.9,1.7753787878787881,1.7840587140897897
snowflake,19,2026-08-11T11:36:59Z,995418250,55.0,2026-08-11T04:36:00.393000-07:00,0.9166666666666666,1.8059259259259262,1.7868201748512504
snowflake,20,2026-08-11T11:37:59Z,1052981088,118.0,2026-08-11T04:36:00.393000-07:00,1.9666666666666666,1.7913043478260875,1.78775154740027
snowflake,21,2026-08-11T11:38:59Z,1110459456,175.0,2026-08-11T04:36:00.393000-07:00,2.9166666666666665,1.7758865248226954,1.7863103057151257
snowflake,22,2026-08-11T11:39:59Z,1165488190,59.0,2026-08-11T04:38:56.264000-07:00,0.9833333333333333,1.7819444444444448,1.788382237975737
snowflake,23,2026-08-11T11:40:59Z,1220516925,58.0,2026-08-11T04:39:55.854000-07:00,0.9666666666666667,1.8081632653061226,1.790843543537818
snowflake,24,2026-08-11T11:42:00Z,1276462804,117.0,2026-08-11T04:39:55.854000-07:00,1.95,1.7953333333333337,1.7912636537306554
snowflake,25,2026-08-11T11:43:00Z,1331491539,184.0,2026-08-11T04:39:55.854000-07:00,3.066666666666667,1.7794117647058827,1.7893450630620646
snowflake,26,2026-08-11T11:44:00Z,1386520273,67.0,2026-08-11T04:42:50.693000-07:00,1.1166666666666667,1.7833333333333337,1.7907203722176943
snowflake,27,2026-08-11T11:45:00Z,1441549007,60.0,2026-08-11T04:43:57.918000-07:00,1.0,1.8069182389937108,1.7925467800969266
snowflake,28,2026-08-11T11:46:00Z,1496577741,120.0,2026-08-11T04:43:57.918000-07:00,2.0,1.7956790123456794,1.7926473621890346
snowflake,29,2026-08-11T11:47:00Z,1551606475,181.0,2026-08-11T04:43:57.918000-07:00,3.0166666666666666,1.7800000000000005,1.790768883524842
snowflake,30,2026-08-11T11:48:00Z,1606635210,60.0,2026-08-11T04:46:50.895000-07:00,1.0,1.7848214285714288,1.791963120981375
snowflake,31,2026-08-11T11:49:00Z,1661703681,66.0,2026-08-11T04:47:51.530000-07:00,1.1,1.806432748538012,1.7957721855908249
snowflake,32,2026-08-11T11:50:00Z,1717527166,125.0,2026-08-11T04:47:51.530000-07:00,2.0833333333333335,1.7959770114942533,1.7989266813682718
snowflake,33,2026-08-11T11:51:01Z,1774281042,186.0,2026-08-11T04:47:51.530000-07:00,3.1,1.7830508474576274,1.7997880635163848
snowflake,34,2026-08-11T11:52:01Z,1830104526,68.0,2026-08-11T04:50:49.604000-07:00,1.1333333333333333,1.7875000000000003,1.801422808047304
snowflake,35,2026-08-11T11:53:01Z,1885928011,59.0,2026-08-11T04:51:58.591000-07:00,0.9833333333333333,1.8084699453551913,1.7999374627914664
snowflake,36,2026-08-11T11:54:01Z,1941751496,121.0,2026-08-11T04:51:58.591000-07:00,2.0166666666666666,1.8213114754098363,1.7990570249233235
snowflake,37,2026-08-11T11:55:01Z,1997574980,177.0,2026-08-11T04:51:58.591000-07:00,2.95,1.818032786885246,1.797900942964825
snowflake,38,2026-08-11T11:56:01Z,2053398465,63.0,2026-08-11T04:54:56.565000-07:00,1.05,1.8163934426229509,1.7994340810157694
snowflake,39,2026-08-11T11:57:02Z,2110152341,61.0,2026-08-11T04:56:00.384000-07:00,1.0166666666666666,1.8136612021857923,1.7993852459016382
snowflake,40,2026-08-11T11:58:02Z,2165975825,120.0,2026-08-11T04:56:00.384000-07:00,2.0,1.7636612021857925,1.7989816194734218
snowflake,41,2026-08-11T11:59:02Z,2221890219,180.0,2026-08-11T04:56:00.384000-07:00,3.0,1.7751366120218581,1.7982861400894172
snowflake,42,2026-08-11T12:00:02Z,2278804608,66.0,2026-08-11T04:58:53.451000-07:00,1.1,1.7937158469945356,1.7978638847491288
snowflake,43,2026-08-11T12:01:02Z,2335718997,57.0,2026-08-11T04:59:59.853000-07:00,0.95,1.812841530054645,1.7949329359165405
snowflake,44,2026-08-11T12:02:03Z,2393581959,116.0,2026-08-11T04:59:59.853000-07:00,1.9333333333333333,1.782513661202186,1.7924242424242407
snowflake,45,2026-08-11T12:03:03Z,2450496348,180.0,2026-08-11T04:59:59.853000-07:00,3.0,1.7830601092896174,1.7919274714356666
snowflake,46,2026-08-11T12:04:03Z,2507410737,70.0,2026-08-11T05:02:53.194000-07:00,1.1666666666666667,1.8008196721311476,1.7975906607054137
snowflake,47,2026-08-11T12:05:03Z,2564325127,67.0,2026-08-11T05:03:54.982000-07:00,1.1166666666666667,1.816666666666667,1.7979135618479878
snowflake,48,2026-08-11T12:06:03Z,2621239516,124.0,2026-08-11T05:03:54.982000-07:00,2.066666666666667,1.7857923497267763,1.7966467958271244
snowflake,49,2026-08-11T12:07:04Z,2679102478,189.0,2026-08-11T05:03:54.982000-07:00,3.15,1.7887978142076506,1.7953303527074034
snowflake,50,2026-08-11T12:08:04Z,2736016867,68.0,2026-08-11T05:06:55.388000-07:00,1.1333333333333333,1.8081967213114756,1.7941381023348244
snowflake,51,2026-08-11T12:09:04Z,2792794791,64.0,2026-08-11T05:07:56.492000-07:00,1.0666666666666667,1.8259562841530061,1.7885991058122206
snowflake,52,2026-08-11T12:10:04Z,2848539482,124.0,2026-08-11T05:07:56.492000-07:00,2.066666666666667,1.7786885245901645,1.781395926477895
snowflake,53,2026-08-11T12:11:04Z,2904284173,184.0,2026-08-11T05:07:56.492000-07:00,3.066666666666667,1.779781420765028,1.7744908097367136
snowflake,54,2026-08-11T12:12:04Z,2960028865,70.0,2026-08-11T05:10:52.970000-07:00,1.1666666666666667,1.7983606557377054,1.7720069547938417
snowflake,55,2026-08-11T12:13:04Z,3015773556,59.0,2026-08-11T05:12:01.350000-07:00,0.9833333333333333,1.7693989071038256,1.7650521609538017
snowflake,56,2026-08-11T12:14:04Z,3071518247,119.0,2026-08-11T05:12:01.350000-07:00,1.9833333333333334,1.7221311475409842,1.7565573770491818
snowflake,57,2026-08-11T12:15:04Z,3127262938,182.0,2026-08-11T05:12:01.350000-07:00,3.033333333333333,1.7215846994535526,1.7480874316939903
snowflake,58,2026-08-11T12:16:05Z,3183936707,72.0,2026-08-11T05:14:48.020000-07:00,1.2,1.7407103825136618,1.7410581222056642
snowflake,59,2026-08-11T12:17:05Z,3239681398,56.0,2026-08-11T05:16:00.788000-07:00,0.9333333333333333,1.758469945355192,1.731147540983607
snowflake,60,2026-08-11T12:18:05Z,3295426089,123.0,2026-08-11T05:16:00.788000-07:00,2.05,1.7122950819672136,1.7195230998509692
snowflake,61,2026-08-11T12:19:05Z,3351146867,181.0,2026-08-11T05:16:00.788000-07:00,3.0166666666666666,1.7147540983606564,1.7122454048683564
snowflake,62,2026-08-11T12:20:05Z,3406712209,72.0,2026-08-11T05:18:52.388000-07:00,1.2,1.7327868852459019,1.7108544461003483
snowflake,63,2026-08-11T12:21:05Z,3462277552,62.0,2026-08-11T05:19:56.885000-07:00,1.0333333333333334,1.7013661202185795,1.7053899652260314
snowflake,64,2026-08-11T12:22:05Z,3517842894,123.0,2026-08-11T05:19:56.885000-07:00,2.05,1.6707650273224042,1.6984103328365618
snowflake,65,2026-08-11T12:23:05Z,3573408236,184.0,2026-08-11T05:19:56.885000-07:00,3.066666666666667,1.6704918032786886,1.6915300546448087
snowflake,66,2026-08-11T12:24:05Z,3628973578,62.0,2026-08-11T05:22:55.887000-07:00,1.0333333333333334,1.6893442622950818,1.690511674118232
snowflake,67,2026-08-11T12:25:05Z,3684538920,65.0,2026-08-11T05:23:58.332000-07:00,1.0833333333333333,1.7068306010928962,1.6866616989567818
snowflake,68,2026-08-11T12:26:06Z,3741030352,122.0,2026-08-11T05:23:58.332000-07:00,2.033333333333333,1.6614754098360658,1.681222056631893
snowflake,69,2026-08-11T12:27:06Z,3796595694,184.0,2026-08-11T05:23:58.332000-07:00,3.066666666666667,1.6639344262295082,1.6805017386984609
snowflake,70,2026-08-11T12:28:06Z,3852161036,68.0,2026-08-11T05:26:55.894000-07:00,1.1333333333333333,1.6827868852459016,1.6844013909587687
snowflake,71,2026-08-11T12:29:06Z,3907620775,69.0,2026-08-11T05:27:55.204000-07:00,1.15,1.7010928961748635,1.684078489816195
snowflake,72,2026-08-11T12:30:06Z,3962482097,127.0,2026-08-11T05:27:55.204000-07:00,2.1166666666666667,1.6724043715846995,1.6819423745653252
snowflake,73,2026-08-11T12:31:07Z,4018257774,190.0,2026-08-11T05:27:55.204000-07:00,3.1666666666666665,1.672950819672131,1.679731743666171
snowflake,74,2026-08-11T12:32:07Z,4073119096,64.0,2026-08-11T05:30:55.576000-07:00,1.0666666666666667,1.6934426229508195,1.6831346249379053
snowflake,75,2026-08-11T12:33:07Z,4127980417,61.0,2026-08-11T05:31:59.707000-07:00,1.0166666666666666,1.7136612021857918,1.6818430203676125
snowflake,76,2026-08-11T12:34:07Z,4182841739,125.0,2026-08-11T05:31:59.707000-07:00,2.0833333333333335,1.666939890710382,1.6786885245901664
snowflake,77,2026-08-11T12:35:07Z,4237703061,183.0,2026-08-11T05:31:59.707000-07:00,3.05,1.6658469945355185,1.6754843517138611
snowflake,78,2026-08-11T12:36:07Z,4292564383,70.0,2026-08-11T05:34:49.864000-07:00,1.1666666666666667,1.6825136612021852,1.6721311475409844
snowflake,79,2026-08-11T12:37:07Z,4347425704,65.0,2026-08-11T05:36:00.786000-07:00,1.0833333333333333,1.698907103825136,1.6644063586686557
snowflake,80,2026-08-11T12:38:07Z,4402287026,126.0,2026-08-11T05:36:00.786000-07:00,2.1,1.6497267759562835,1.6547690014903134
snowflake,81,2026-08-11T12:39:07Z,4457242285,183.0,2026-08-11T05:36:00.786000-07:00,3.05,1.6480874316939884,1.6451068057625429
snowflake,82,2026-08-11T12:40:07Z,4512667233,2.0,2026-08-11T05:40:01.166000-07:00,0.03333333333333333,1.6658469945355185,1.6414307004470923
snowflake,83,2026-08-11T12:41:08Z,4569015929,63.0,2026-08-11T05:40:01.166000-07:00,1.05,1.6355191256830597,1.6336313959264765
snowflake,84,2026-08-11T12:42:08Z,4624440876,126.0,2026-08-11T05:40:01.166000-07:00,2.1,1.5879781420765022,1.624192747143566
snowflake,85,2026-08-11T12:43:08Z,4679865824,11.0,2026-08-11T05:42:52.211000-07:00,0.18333333333333332,1.5874316939890702,1.6151266766020844
snowflake,86,2026-08-11T12:44:08Z,4735290771,11.0,2026-08-11T05:43:56.993000-07:00,0.18333333333333332,1.607377049180327,1.6077993045206151
snowflake,87,2026-08-11T12:45:08Z,4790715718,65.0,2026-08-11T05:43:56.993000-07:00,1.0833333333333333,1.6265027322404362,1.5963735717834053
snowflake,88,2026-08-11T12:46:08Z,4846140665,130.0,2026-08-11T05:43:56.993000-07:00,2.1666666666666665,1.580054644808742,1.58333333333333
snowflake,89,2026-08-11T12:47:08Z,4901565613,185.0,2026-08-11T05:43:56.993000-07:00,3.0833333333333335,1.578688524590163,1.5747640337804243
snowflake,90,2026-08-11T12:48:08Z,4956990560,12.0,2026-08-11T05:47:54.167000-07:00,0.2,1.5991803278688514,1.5678589170392405
snowflake,91,2026-08-11T12:49:08Z,5012364658,69.0,2026-08-11T05:47:54.167000-07:00,1.15,1.5691256830601084,1.5566815697963199
snowflake,92,2026-08-11T12:50:08Z,5067512245,132.0,2026-08-11T05:47:54.167000-07:00,2.2,1.5224043715846984,1.5439145553899634
snowflake,93,2026-08-11T12:51:09Z,5123578959,10.0,2026-08-11T05:50:51.657000-07:00,0.16666666666666666,1.5224043715846982,1.5310233482364621
snowflake,94,2026-08-11T12:52:09Z,5178726546,74.0,2026-08-11T05:50:51.657000-07:00,1.2333333333333334,1.5412568306010916,1.5196224540486816
snowflake,95,2026-08-11T12:53:09Z,5233874134,67.0,2026-08-11T05:51:59.319000-07:00,1.1166666666666667,1.5120218579234963,1.5040983606557332
snowflake,96,2026-08-11T12:54:09Z,5289021721,128.0,2026-08-11T05:51:59.319000-07:00,2.1333333333333333,1.4644808743169389,1.486810730253348
snowflake,97,2026-08-11T12:55:09Z,5344169308,185.0,2026-08-11T05:51:59.319000-07:00,3.0833333333333335,1.4669398907103817,1.4738450074515583
snowflake,98,2026-08-11T12:56:09Z,5399316896,11.0,2026-08-11T05:55:57.682000-07:00,0.18333333333333332,1.4846994535519116,1.4624441132637804
snowflake,99,2026-08-11T12:57:10Z,5455383609,72.0,2026-08-11T05:55:57.682000-07:00,1.2,1.4546448087431683,1.446646795827121
snowflake,100,2026-08-11T12:58:10Z,5510531197,130.0,2026-08-11T05:55:57.682000-07:00,2.1666666666666665,1.4079234972677586,1.4291852955787347
snowflake,101,2026-08-11T12:59:10Z,5565721636,187.0,2026-08-11T05:55:57.682000-07:00,3.1166666666666667,1.4090163934426216,1.4160208643815173
snowflake,102,2026-08-11T13:00:10Z,5621067002,75.0,2026-08-11T05:58:54.501000-07:00,1.25,1.4265027322404358,1.4047441629408814
snowflake,103,2026-08-11T13:01:10Z,5676412368,68.0,2026-08-11T05:59:57.915000-07:00,1.1333333333333333,1.3969945355191242,1.3907848981619446
snowflake,104,2026-08-11T13:02:10Z,5731757734,132.0,2026-08-11T05:59:57.915000-07:00,2.2,1.3486338797814192,1.3770243417784385
snowflake,105,2026-08-11T13:03:10Z,5787103100,190.0,2026-08-11T05:59:57.915000-07:00,3.1666666666666665,1.349180327868851,1.3649279682066564
snowflake,106,2026-08-11T13:04:11Z,5843370889,9.0,2026-08-11T06:04:00.479000-07:00,0.15,1.3672131147540971,1.354197714853453
snowflake,107,2026-08-11T13:05:11Z,5898716255,66.0,2026-08-11T06:04:00.479000-07:00,1.1,1.3404371584699437,1.3405613512170889
snowflake,108,2026-08-11T13:06:11Z,5954061621,128.0,2026-08-11T06:04:00.479000-07:00,2.1333333333333333,1.3133879781420748,1.3285146547441633
snowflake,109,2026-08-11T13:07:11Z,6009406988,184.0,2026-08-11T06:04:00.479000-07:00,3.066666666666667,1.3333333333333317,1.3182811723795334
snowflake,110,2026-08-11T13:08:11Z,6064752354,9.0,2026-08-11T06:08:01.265000-07:00,0.15,1.3215846994535503,1.3097367113760547
snowflake,111,2026-08-11T13:09:11Z,6120150173,62.0,2026-08-11T06:08:01.265000-07:00,1.0333333333333334,1.289890710382512,1.3027819175360145
snowflake,112,2026-08-11T13:10:11Z,6175720338,129.0,2026-08-11T06:08:01.265000-07:00,2.15,1.2590163934426208,1.297367113760554
snowflake,113,2026-08-11T13:11:11Z,6231290503,13.0,2026-08-11T06:10:56.723000-07:00,0.21666666666666667,1.2939890710382491,1.2934177844013897
snowflake,114,2026-08-11T13:12:11Z,6286860668,10.0,2026-08-11T06:11:57.550000-07:00,0.16666666666666666,1.2844262295081943,1.2892449080973656
snowflake,115,2026-08-11T13:13:11Z,6342430833,68.0,2026-08-11T06:11:57.550000-07:00,1.1333333333333333,1.254644808743167,1.280750124192746
snowflake,116,2026-08-11T13:14:12Z,6398927167,132.0,2026-08-11T06:11:57.550000-07:00,2.2,1.2726775956284129,1.2765027322404359
snowflake,117,2026-08-11T13:15:12Z,6454497332,189.0,2026-08-11T06:11:57.550000-07:00,3.15,1.3076502732240411,1.273994038748136
snowflake,118,2026-08-11T13:16:12Z,6510067497,12.0,2026-08-11T06:15:58.875000-07:00,0.2,1.296994535519123,1.2716343765524103
snowflake,119,2026-08-11T13:17:12Z,6565637662,67.0,2026-08-11T06:15:58.875000-07:00,1.1166666666666667,1.267486338797812,1.2679085941381034
snowflake,120,2026-08-11T13:18:12Z,6621207827,131.0,2026-08-11T06:15:58.875000-07:00,2.183333333333333,1.2398907103825112,1.2666915052160965
snowflake,121,2026-08-11T13:19:12Z,6676823491,13.0,2026-08-11T06:18:57.673000-07:00,0.21666666666666667,1.27486338797814,1.267064083457528
snowflake,122,2026-08-11T13:20:12Z,6732575652,10.0,2026-08-11T06:19:59.646000-07:00,0.16666666666666666,1.2622950819672107,1.2630402384500778
snowflake,123,2026-08-11T13:21:12Z,6788327813,72.0,2026-08-11T06:19:59.646000-07:00,1.2,1.2330601092896152,1.2532290114257385
snowflake,124,2026-08-11T13:22:12Z,6844079975,131.0,2026-08-11T06:19:59.646000-07:00,2.183333333333333,1.2530054644808721,1.2476154992548474
snowflake,125,2026-08-11T13:23:12Z,6899832136,16.0,2026-08-11T06:22:56.288000-07:00,0.26666666666666666,1.2710382513661183,1.2435419771485385
snowflake,126,2026-08-11T13:24:13Z,6956513499,10.0,2026-08-11T06:23:57.460000-07:00,0.16666666666666666,1.2587431693989053,1.2393691008445145
snowflake,127,2026-08-11T13:25:13Z,7012265661,71.0,2026-08-11T06:23:57.460000-07:00,1.1833333333333333,1.2284153005464462,1.2294585196224572
snowflake,128,2026-08-11T13:26:13Z,7068017822,130.0,2026-08-11T06:23:57.460000-07:00,2.1666666666666665,1.1997267759562824,1.2224292101341312
snowflake,129,2026-08-11T13:27:13Z,7123769983,12.0,2026-08-11T06:26:57.442000-07:00,0.2,1.2352459016393422,1.2170889220069563
snowflake,130,2026-08-11T13:28:13Z,7179522144,13.0,2026-08-11T06:27:56.135000-07:00,0.21666666666666667,1.2226775956284135,1.2071535022354696
snowflake,131,2026-08-11T13:29:13Z,7235128288,72.0,2026-08-11T06:27:56.135000-07:00,1.2,1.1939890710382497,1.1928216592151015
snowflake,132,2026-08-11T13:30:14Z,7291252960,133.0,2026-08-11T06:27:56.135000-07:00,2.216666666666667,1.1658469945355174,1.1829607550919006
snowflake,133,2026-08-11T13:31:14Z,7346457556,19.0,2026-08-11T06:30:50.791000-07:00,0.31666666666666665,1.1849726775956264,1.1749875807252812
snowflake,134,2026-08-11T13:32:14Z,7401662152,13.0,2026-08-11T06:32:01.046000-07:00,0.21666666666666667,1.1743169398907083,1.1666915052160893
snowflake,135,2026-08-11T13:33:14Z,7456866748,66.0,2026-08-11T06:32:01.046000-07:00,1.1,1.1437158469945339,1.1524590163934363
snowflake,136,2026-08-11T13:34:14Z,7512071344,127.0,2026-08-11T06:32:01.046000-07:00,2.1166666666666667,1.113387978142075,1.1425732737208085
snowflake,137,2026-08-11T13:35:14Z,7567275940,27.0,2026-08-11T06:34:47.642000-07:00,0.45,1.1502732240437143,1.1343765524093319
snowflake,138,2026-08-11T13:36:15Z,7623400612,84.0,2026-08-11T06:34:47.642000-07:00,1.4,1.14071038251366,1.126055638350713
snowflake,139,2026-08-11T13:37:15Z,7678605208,143.0,2026-08-11T06:34:47.642000-07:00,2.3833333333333333,1.10846994535519,1.1176602086438086
snowflake,140,2026-08-11T13:38:15Z,7733809804,22.0,2026-08-11T06:37:49.794000-07:00,0.36666666666666664,1.0786885245901627,1.1135866865374995
snowflake,141,2026-08-11T13:39:15Z,7789109256,10.0,2026-08-11T06:39:04.667000-07:00,0.16666666666666666,1.113934426229507,1.1113263785394865
snowflake,142,2026-08-11T13:40:15Z,7844630038,70.0,2026-08-11T06:39:04.667000-07:00,1.1666666666666667,1.1038251366120206,1.1092399403874744
snowflake,143,2026-08-11T13:41:15Z,7900150820,130.0,2026-08-11T06:39:04.667000-07:00,2.1666666666666665,1.0743169398907089,1.1011177347242862
snowflake,144,2026-08-11T13:42:15Z,7955671603,28.0,2026-08-11T06:41:46.573000-07:00,0.4666666666666667,1.0926229508196708,1.0972429210134076
snowflake,145,2026-08-11T13:43:15Z,8011192385,17.0,2026-08-11T06:42:56.169000-07:00,0.2833333333333333,1.12950819672131,1.0955538996522565
snowflake,146,2026-08-11T13:44:15Z,8066713167,77.0,2026-08-11T06:42:56.169000-07:00,1.2833333333333334,1.118852459016392,1.0936910084451044
snowflake,147,2026-08-11T13:45:16Z,8123159296,139.0,2026-08-11T06:42:56.169000-07:00,2.316666666666667,1.0904371584699442,1.0902384500745113
snowflake,148,2026-08-11T13:46:16Z,8178680078,26.0,2026-08-11T06:45:49.669000-07:00,0.43333333333333335,1.060928961748633,1.0909339294585152
snowflake,149,2026-08-11T13:47:16Z,8234200860,22.0,2026-08-11T06:46:51.514000-07:00,0.36666666666666664,1.098087431693988,1.0934674615002444
snowflake,150,2026-08-11T13:48:16Z,8289721643,84.0,2026-08-11T06:46:51.514000-07:00,1.4,1.0898907103825126,1.0916790859413756
snowflake,151,2026-08-11T13:49:16Z,8344828279,140.0,2026-08-11T06:46:51.514000-07:00,2.3333333333333335,1.0581967213114742,1.0882762046696413
snowflake,152,2026-08-11T13:50:16Z,8399041233,23.0,2026-08-11T06:49:51.087000-07:00,0.38333333333333336,1.0759562841530044,1.0892449080973614
snowflake,153,2026-08-11T13:51:16Z,8453254187,25.0,2026-08-11T06:50:50.533000-07:00,0.4166666666666667,1.1114754098360644,1.0917536015896614
snowflake,154,2026-08-11T13:52:16Z,8507467141,83.0,2026-08-11T06:50:50.533000-07:00,1.3833333333333333,1.1021857923497256,1.0941877794336754
snowflake,155,2026-08-11T13:53:16Z,8561680095,140.0,2026-08-11T06:50:50.533000-07:00,2.3333333333333335,1.0729508196721296,1.0950571286636803
snowflake,156,2026-08-11T13:54:16Z,8615893049,22.0,2026-08-11T06:53:48.639000-07:00,0.36666666666666664,1.0920765027322388,1.0999751614505648
snowflake,157,2026-08-11T13:55:17Z,8671009553,17.0,2026-08-11T06:54:54.764000-07:00,0.2833333333333333,1.1295081967213096,1.1067312468951747
snowflake,158,2026-08-11T13:56:17Z,8725222507,80.0,2026-08-11T06:54:54.764000-07:00,1.3333333333333333,1.1180327868852442,1.1090163934426172
snowflake,159,2026-08-11T13:57:17Z,8779435461,141.0,2026-08-11T06:54:54.764000-07:00,2.35,1.0877049180327854,1.1095628415300496
snowflake,160,2026-08-11T13:58:17Z,8833648415,26.0,2026-08-11T06:57:46.569000-07:00,0.43333333333333335,1.1076502732240427,1.1140834575260756
snowflake,161,2026-08-11T13:59:17Z,8888002945,25.0,2026-08-11T06:58:49.713000-07:00,0.4166666666666667,1.1439890710382503,1.120566318926972
snowflake,162,2026-08-11T14:00:17Z,8942640628,84.0,2026-08-11T06:58:49.713000-07:00,1.4,1.132513661202185,1.1227769498261286
snowflake,163,2026-08-11T14:01:17Z,8997278312,145.0,2026-08-11T06:58:49.713000-07:00,2.4166666666666665,1.1010928961748627,1.1229508196721296
snowflake,164,2026-08-11T14:02:17Z,9051915995,29.0,2026-08-11T07:01:47.528000-07:00,0.48333333333333334,1.1174863387978136,1.1256085444610036
snowflake,165,2026-08-11T14:03:17Z,9106553678,20.0,2026-08-11T07:02:52.336000-07:00,0.3333333333333333,1.1519125683060103,1.128241430700448
snowflake,166,2026-08-11T14:04:17Z,9161191362,79.0,2026-08-11T07:02:52.336000-07:00,1.3166666666666667,1.1442622950819665,1.1291356184798824
snowflake,167,2026-08-11T14:05:18Z,9216739673,144.0,2026-08-11T07:02:52.336000-07:00,2.4,1.1163934426229503,1.1285643318430232
snowflake,168,2026-08-11T14:06:18Z,9271377356,31.0,2026-08-11T07:05:45.757000-07:00,0.5166666666666667,1.1314207650273223,1.1309736711376077
snowflake,169,2026-08-11T14:07:18Z,9326015040,10.0,2026-08-11T07:06:57.148000-07:00,0.16666666666666666,1.1472677595628413,1.1339542970690544
snowflake,170,2026-08-11T14:08:18Z,9380652723,75.0,2026-08-11T07:06:57.148000-07:00,1.25,1.1166666666666663,1.1354446100347777
snowflake,171,2026-08-11T14:09:18Z,9435440378,138.0,2026-08-11T07:06:57.148000-07:00,2.3,1.117486338797814,1.1353452558370625
snowflake,172,2026-08-11T14:10:18Z,9490506552,25.0,2026-08-11T07:09:49.986000-07:00,0.4166666666666667,1.1377049180327865,1.1377297565822175
snowflake,173,2026-08-11T14:11:18Z,9545572726,21.0,2026-08-11T07:10:54.200000-07:00,0.35,1.1590163934426223,1.139890710382518
snowflake,174,2026-08-11T14:12:19Z,9601556669,80.0,2026-08-11T07:10:54.200000-07:00,1.3333333333333333,1.1338797814207644,1.1408097367113819
snowflake,175,2026-08-11T14:13:19Z,9656622843,145.0,2026-08-11T07:10:54.200000-07:00,2.4166666666666665,1.133879781420764,1.142151018380531
snowflake,176,2026-08-11T14:14:19Z,9711689017,29.0,2026-08-11T07:13:50.294000-07:00,0.48333333333333334,1.1508196721311463,1.1480625931445652
snowflake,177,2026-08-11T14:15:19Z,9766755191,28.0,2026-08-11T07:14:51.085000-07:00,0.4666666666666667,1.1704918032786877,1.1513661202185816
snowflake,178,2026-08-11T14:16:19Z,9821821365,81.0,2026-08-11T07:14:51.085000-07:00,1.35,1.1401639344262282,1.1529806259314497
snowflake,179,2026-08-11T14:17:19Z,9876887539,148.0,2026-08-11T07:14:51.085000-07:00,2.466666666666667,1.1415300546448073,1.1542970690511718
snowflake,180,2026-08-11T14:18:20Z,9932871482,37.0,2026-08-11T07:17:40.617000-07:00,0.6166666666666667,1.1620218579234958,1.159513164431202
snowflake,181,2026-08-11T14:19:20Z,9987864172,15.0,2026-08-11T07:18:57.157000-07:00,0.25,1.181693989071037,1.1622205663189298
snowflake,182,2026-08-11T14:20:20Z,10042738647,78.0,2026-08-11T07:18:57.157000-07:00,1.3,1.1538251366120202,1.163686040735221
snowflake,183,2026-08-11T14:21:20Z,10097613123,140.0,2026-08-11T07:18:57.157000-07:00,2.3333333333333335,1.1554644808743157,1.1652757078986569
snowflake,184,2026-08-11T14:22:20Z,10152487598,38.0,2026-08-11T07:21:40.923000-07:00,0.6333333333333333,1.1734972677595616,1.1714108296075458
snowflake,185,2026-08-11T14:23:20Z,10207362074,24.0,2026-08-11T07:22:52.523000-07:00,0.4,1.1912568306010913,1.1749130650769954
snowflake,186,2026-08-11T14:24:21Z,10263151124,86.0,2026-08-11T07:22:52.523000-07:00,1.4333333333333333,1.1636612021857902,1.1766020864381466
snowflake,187,2026-08-11T14:25:21Z,10318025599,147.0,2026-08-11T07:22:52.523000-07:00,2.45,1.1669398907103803,1.1780675608544378
snowflake,188,2026-08-11T14:26:21Z,10372900075,29.0,2026-08-11T07:25:47.308000-07:00,0.48333333333333334,1.1879781420765005,1.1837307501241876
snowflake,189,2026-08-11T14:27:21Z,10427774550,19.0,2026-08-11T07:26:55.506000-07:00,0.31666666666666665,1.2076502732240417,1.1866865375061997
snowflake,190,2026-08-11T14:28:21Z,10482649026,85.0,2026-08-11T07:26:55.506000-07:00,1.4166666666666667,1.1800546448087414,1.188152011922496
snowflake,191,2026-08-11T14:29:21Z,10537409101,146.0,2026-08-11T07:26:55.506000-07:00,2.433333333333333,1.1806010928961728,1.1897416790859345
snowflake,192,2026-08-11T14:30:21Z,10591997576,30.0,2026-08-11T07:29:45.071000-07:00,0.5,1.197814207650271,1.195727769498257
snowflake,193,2026-08-11T14:31:21Z,10646586051,18.0,2026-08-11T07:30:57.660000-07:00,0.3,1.2161202185792321,1.198683556880274
snowflake,194,2026-08-11T14:32:22Z,10702084334,79.0,2026-08-11T07:30:57.660000-07:00,1.3166666666666667,1.1879781420764999,1.1997267759562802
snowflake,195,2026-08-11T14:33:22Z,10756672809,139.0,2026-08-11T07:30:57.660000-07:00,2.316666666666667,1.189617486338795,1.200993541977146
snowflake,196,2026-08-11T14:34:23Z,10812171092,38.0,2026-08-11T07:33:44.481000-07:00,0.6333333333333333,1.2087431693989041,1.206780923994033
snowflake,197,2026-08-11T14:35:23Z,10866759567,25.0,2026-08-11T07:34:57.500000-07:00,0.4166666666666667,1.2295081967213082,1.2101092896174814
snowflake,198,2026-08-11T14:36:23Z,10921348043,82.0,2026-08-11T07:34:57.500000-07:00,1.3666666666666667,1.1994535519125649,1.2119970193740632
snowflake,199,2026-08-11T14:37:23Z,10975936518,142.0,2026-08-11T07:34:57.500000-07:00,2.3666666666666667,1.1994535519125644,1.2140586189766458
snowflake,200,2026-08-11T14:38:23Z,11030524993,31.0,2026-08-11T07:37:50.333000-07:00,0.5166666666666667,1.221584699453548,1.2204172876303998
snowflake,201,2026-08-11T14:39:24Z,11085606557,25.0,2026-08-11T07:38:55.400000-07:00,0.4166666666666667,1.243715846994532,1.2239940387481325
snowflake,202,2026-08-11T14:40:24Z,11139268991,84.0,2026-08-11T07:38:55.400000-07:00,1.4,1.2172131147540945,1.2259314456035677
snowflake,203,2026-08-11T14:41:24Z,11192931425,148.0,2026-08-11T07:38:55.400000-07:00,2.466666666666667,1.218579234972674,1.2276949826130072
snowflake,204,2026-08-11T14:42:25Z,11247488233,38.0,2026-08-11T07:41:46.554000-07:00,0.6333333333333333,1.2387978142076466,1.2341778440139033
snowflake,205,2026-08-11T14:43:25Z,11301150666,28.0,2026-08-11T07:42:57.103000-07:00,0.4666666666666667,1.2579234972677555,1.2381520119225022
snowflake,206,2026-08-11T14:44:26Z,11355707474,79.0,2026-08-11T07:42:57.103000-07:00,1.3166666666666667,1.2289617486338755,1.2401390958767964
snowflake,207,2026-08-11T14:45:26Z,11409369908,149.0,2026-08-11T07:42:57.103000-07:00,2.4833333333333334,1.2300546448087395,1.2421758569299497
snowflake,208,2026-08-11T14:46:26Z,11463032342,28.0,2026-08-11T07:45:56.098000-07:00,0.4666666666666667,1.248907103825133,1.2485345255836984
snowflake,209,2026-08-11T14:47:27Z,11517589149,31.0,2026-08-11T07:46:51.619000-07:00,0.5166666666666667,1.2707650273224005,1.25238450074515
snowflake,210,2026-08-11T14:48:29Z,11573040331,97.0,2026-08-11T07:46:51.619000-07:00,1.6166666666666667,1.2431693989071007,1.2544461003477325
snowflake,211,2026-08-11T14:49:29Z,11627804338,156.0,2026-08-11T07:46:51.619000-07:00,2.6,1.2434426229508164,1.2566815697963163
snowflake,212,2026-08-11T14:50:29Z,11683532221,38.0,2026-08-11T07:49:48.645000-07:00,0.6333333333333333,1.2661202185792315,1.263387978142067
snowflake,213,2026-08-11T14:51:29Z,11739260104,29.0,2026-08-11T07:50:56.474000-07:00,0.48333333333333334,1.2871584699453513,1.2673373075012364
snowflake,214,2026-08-11T14:52:29Z,11794987987,91.0,2026-08-11T07:50:56.474000-07:00,1.5166666666666666,1.2609289617486306,1.2696224540486738
snowflake,215,2026-08-11T14:53:29Z,11850715871,148.0,2026-08-11T07:50:56.474000-07:00,2.466666666666667,1.2614754098360625,1.2718579234972573
snowflake,216,2026-08-11T14:54:29Z,11906443754,39.0,2026-08-11T07:53:48.362000-07:00,0.65,1.2825136612021832,1.2784153005464367
snowflake,217,2026-08-11T14:55:30Z,11963100435,34.0,2026-08-11T07:54:54.934000-07:00,0.5666666666666667,1.3027322404371562,1.2824143070044598
snowflake,218,2026-08-11T14:56:30Z,12018828318,94.0,2026-08-11T07:54:54.934000-07:00,1.5666666666666667,1.273497267759561,1.2845504222553308
snowflake,219,2026-08-11T14:57:30Z,12074556201,152.0,2026-08-11T07:54:54.934000-07:00,2.533333333333333,1.2740437158469922,1.2868604073522028
snowflake,220,2026-08-11T14:58:30Z,12130284085,40.0,2026-08-11T07:57:46.964000-07:00,0.6666666666666666,1.2953551912568284,1.2936164927968123
snowflake,221,2026-08-11T14:59:30Z,12185401051,28.0,2026-08-11T07:58:57.039000-07:00,0.4666666666666667,1.315300546448085,1.2980377545951207
snowflake,222,2026-08-11T15:00:30Z,12240018177,88.0,2026-08-11T07:58:57.039000-07:00,1.4666666666666666,1.2874316939890686,1.300422255340276
snowflake,223,2026-08-11T15:01:30Z,12294635303,151.0,2026-08-11T07:58:57.039000-07:00,2.5166666666666666,1.2896174863387952,1.3028315946348605
snowflake,224,2026-08-11T15:02:31Z,12350162714,42.0,2026-08-11T08:01:44.844000-07:00,0.7,1.3125683060109261,1.3097615499254713
snowflake,225,2026-08-11T15:03:31Z,12404779840,35.0,2026-08-11T08:02:55.209000-07:00,0.5833333333333334,1.3352459016393412,1.3142076502732143
snowflake,226,2026-08-11T15:04:31Z,12459396966,90.0,2026-08-11T08:02:55.209000-07:00,1.5,1.310109289617484,1.3167660208643703
snowflake,227,2026-08-11T15:05:31Z,12514014092,155.0,2026-08-11T08:02:55.209000-07:00,2.5833333333333335,1.308743169398905,1.3193243914555266
snowflake,228,2026-08-11T15:06:31Z,12568631218,34.0,2026-08-11T08:05:50.568000-07:00,0.5666666666666667,1.3292349726775934,1.3260804769001362
snowflake,229,2026-08-11T15:07:31Z,12623248344,31.0,2026-08-11T08:06:54.713000-07:00,0.5166666666666667,1.3497267759562819,1.3299801291604467
snowflake,230,2026-08-11T15:08:31Z,12677865470,91.0,2026-08-11T08:06:54.713000-07:00,1.5166666666666666,1.3229508196721291,1.3318430203675988
snowflake,231,2026-08-11T15:09:32Z,12732932913,156.0,2026-08-11T08:06:54.713000-07:00,2.6,1.3234972677595613,1.3333830104321784
snowflake,232,2026-08-11T15:10:32Z,12786761521,41.0,2026-08-11T08:09:42.061000-07:00,0.6833333333333333,1.3434426229508176,1.3392200695479295
snowflake,233,2026-08-11T15:11:32Z,12840590129,30.0,2026-08-11T08:10:57.112000-07:00,0.5,1.3617486338797795,1.3426229508196663
snowflake,234,2026-08-11T15:12:32Z,12894418738,95.0,2026-08-11T08:10:57.112000-07:00,1.5833333333333333,1.3325136612021844,1.344510680576253
snowflake,235,2026-08-11T15:13:32Z,12948247346,150.0,2026-08-11T08:10:57.112000-07:00,2.5,1.3330601092896166,1.3462742175856925
snowflake,236,2026-08-11T15:14:32Z,13002075955,39.0,2026-08-11T08:13:48.532000-07:00,0.65,1.352185792349726,1.352086438152009
snowflake,237,2026-08-11T15:15:33Z,13056801706,33.0,2026-08-11T08:14:51.273000-07:00,0.55,1.37431693989071,1.3550173869846018
snowflake,238,2026-08-11T15:16:33Z,13110630315,97.0,2026-08-11T08:14:51.273000-07:00,1.6166666666666667,1.3461748633879773,1.3561351217088962
snowflake,239,2026-08-11T15:17:33Z,13164458923,161.0,2026-08-11T08:14:51.273000-07:00,2.683333333333333,1.3499999999999994,1.3573025335320494
snowflake,240,2026-08-11T15:18:33Z,13218287532,47.0,2026-08-11T08:17:46.169000-07:00,0.7833333333333333,1.369125683060109,1.3627421758569342
snowflake,241,2026-08-11T15:19:34Z,13273366030,38.0,2026-08-11T08:18:55.132000-07:00,0.6333333333333333,1.3868852459016388,1.3655737704918094
snowflake,242,2026-08-11T15:20:34Z,13327766660,98.0,2026-08-11T08:18:55.132000-07:00,1.6333333333333333,1.3557377049180317,1.3666915052161037
snowflake,243,2026-08-11T15:21:34Z,13382167289,155.0,2026-08-11T08:18:55.132000-07:00,2.5833333333333335,1.3557377049180317,1.3673869846001077
snowflake,244,2026-08-11T15:22:34Z,13436567919,44.0,2026-08-11T08:21:48.892000-07:00,0.7333333333333333,1.3745901639344247,1.3721808246398475
snowflake,245,2026-08-11T15:23:34Z,13490968549,40.0,2026-08-11T08:22:53.471000-07:00,0.6666666666666666,1.3923497267759555,1.3739692001987114
snowflake,246,2026-08-11T15:24:34Z,13545369178,101.0,2026-08-11T08:22:53.471000-07:00,1.6833333333333333,1.3642076502732237,1.3738698460009935
snowflake,247,2026-08-11T15:25:34Z,13599769808,160.0,2026-08-11T08:22:53.471000-07:00,2.6666666666666665,1.36448087431694,1.373770491803281
snowflake,248,2026-08-11T15:26:35Z,13655077115,40.0,2026-08-11T08:25:50.812000-07:00,0.6666666666666666,1.3819672131147542,1.3780923994038765
snowflake,249,2026-08-11T15:27:35Z,13709477745,31.0,2026-08-11T08:26:55.574000-07:00,0.5166666666666667,1.3989071038251373,1.3800049677098876
snowflake,250,2026-08-11T15:28:35Z,13763878374,97.0,2026-08-11T08:26:55.574000-07:00,1.6166666666666667,1.3696721311475413,1.3801291604570296
snowflake,251,2026-08-11T15:29:35Z,13817810409,158.0,2026-08-11T08:26:55.574000-07:00,2.6333333333333333,1.3680327868852458,1.3801788375558885
snowflake,252,2026-08-11T15:30:35Z,13871471150,44.0,2026-08-11T08:29:48.961000-07:00,0.7333333333333333,1.3857923497267763,1.384426229508201
snowflake,253,2026-08-11T15:31:35Z,13925131892,38.0,2026-08-11T08:30:51.361000-07:00,0.6333333333333333,1.4032786885245914,1.3860655737704983
snowflake,254,2026-08-11T15:32:35Z,13978792634,102.0,2026-08-11T08:30:51.361000-07:00,1.7,1.3767759562841542,1.3861649279682111
snowflake,255,2026-08-11T15:33:35Z,14032453376,162.0,2026-08-11T08:30:51.361000-07:00,2.7,1.3759562841530064,1.3864878291107836
snowflake,256,2026-08-11T15:34:35Z,14086114118,47.0,2026-08-11T08:33:44.368000-07:00,0.7833333333333333,1.3928961748633895,1.3911574764033814
snowflake,257,2026-08-11T15:35:35Z,14139774860,33.0,2026-08-11T08:34:55.395000-07:00,0.55,1.4109289617486356,1.3933184302036816
snowflake,258,2026-08-11T15:36:35Z,14193435602,100.0,2026-08-11T08:34:55.395000-07:00,1.6666666666666667,1.3825136612021882,1.3939890710382563
snowflake,259,2026-08-11T15:37:36Z,14247990689,157.0,2026-08-11T08:34:55.395000-07:00,2.6166666666666667,1.3830601092896204,1.3948832588176907
snowflake,260,2026-08-11T15:38:36Z,14301651431,44.0,2026-08-11T08:37:49.375000-07:00,0.7333333333333333,1.4024590163934456,1.39970193740686
snowflake,261,2026-08-11T15:39:36Z,14355874183,33.0,2026-08-11T08:38:57.391000-07:00,0.55,1.421038251366123,1.402185792349733
snowflake,262,2026-08-11T15:40:36Z,14410399556,98.0,2026-08-11T08:38:57.391000-07:00,1.6333333333333333,1.391803278688527,1.4032041728763096
snowflake,263,2026-08-11T15:41:36Z,14464924929,151.0,2026-08-11T08:38:57.391000-07:00,2.5166666666666666,1.393169398907106,1.4043219076005988
snowflake,264,2026-08-11T15:42:36Z,14519450302,41.0,2026-08-11T08:41:50.819000-07:00,0.6833333333333333,1.4131147540983624,1.4096373571783416
snowflake,265,2026-08-11T15:43:36Z,14573975675,40.0,2026-08-11T08:42:55.710000-07:00,0.6666666666666666,1.4297814207650297,1.4121212121212146
snowflake,266,2026-08-11T15:44:36Z,14628501047,98.0,2026-08-11T08:42:55.710000-07:00,1.6333333333333333,1.4032786885245925,1.4125931445603586
snowflake,267,2026-08-11T15:45:36Z,14683026420,160.0,2026-08-11T08:42:55.710000-07:00,2.6666666666666665,1.4040983606557402,1.4129905613512195
snowflake,268,2026-08-11T15:46:36Z,14737551793,46.0,2026-08-11T08:45:48.883000-07:00,0.7666666666666667,1.4232240437158488,1.4175111773472457
snowflake,269,2026-08-11T15:47:37Z,14792985922,42.0,2026-08-11T08:46:52.943000-07:00,0.7,1.4409836065573784,1.4193989071038273
snowflake,270,2026-08-11T15:48:37Z,14847511295,101.0,2026-08-11T08:46:52.943000-07:00,1.6833333333333333,1.4103825136612036,1.4194734227521104
snowflake,271,2026-08-11T15:49:37Z,14901737262,162.0,2026-08-11T08:46:52.943000-07:00,2.7,1.4076502732240448,1.4196721311475409
snowflake,272,2026-08-11T15:50:37Z,14955813527,42.0,2026-08-11T08:49:50.216000-07:00,0.7,1.4254098360655745,1.4237953303527062
snowflake,273,2026-08-11T15:51:37Z,15009889792,38.0,2026-08-11T08:50:54.411000-07:00,0.6333333333333333,1.4415300546448098,1.4251614505712846
snowflake,274,2026-08-11T15:52:37Z,15063966057,98.0,2026-08-11T08:50:54.411000-07:00,1.6333333333333333,1.413934426229509,1.4248633879781416
snowflake,275,2026-08-11T15:53:37Z,15118042321,156.0,2026-08-11T08:50:54.411000-07:00,2.6,1.413934426229509,1.4248385494287121
snowflake,276,2026-08-11T15:54:37Z,15172118586,45.0,2026-08-11T08:53:50.970000-07:00,0.75,1.4319672131147545,1.429334326875309
snowflake,277,2026-08-11T15:55:37Z,15226194851,40.0,2026-08-11T08:54:57.417000-07:00,0.6666666666666666,1.4486338797814209,1.4312965722801787
snowflake,278,2026-08-11T15:56:37Z,15280271116,98.0,2026-08-11T08:54:57.417000-07:00,1.6333333333333333,1.4191256830601093,1.4314952806756092
snowflake,279,2026-08-11T15:57:37Z,15334347381,156.0,2026-08-11T08:54:57.417000-07:00,2.6,1.419945355191256,1.431892697466465
snowflake,280,2026-08-11T15:58:38Z,15389324916,45.0,2026-08-11T08:57:49.959000-07:00,0.75,1.4407103825136611,1.4362642821659195
snowflake,281,2026-08-11T15:59:38Z,15443807119,34.0,2026-08-11T08:58:57.466000-07:00,0.5666666666666667,1.4598360655737708,1.4379781420765
snowflake,282,2026-08-11T16:00:38Z,15498477438,93.0,2026-08-11T08:58:57.466000-07:00,1.55,1.4292349726775957,1.4378787878787824
snowflake,283,2026-08-11T16:01:38Z,15553147757,152.0,2026-08-11T08:58:57.466000-07:00,2.533333333333333,1.4275956284153002,1.4379533035270655
snowflake,284,2026-08-11T16:02:38Z,15607818076,54.0,2026-08-11T09:01:42.439000-07:00,0.9,1.445901639344262,1.4421013412816601
snowflake,285,2026-08-11T16:03:38Z,15662488396,39.0,2026-08-11T09:02:57.794000-07:00,0.65,1.4620218579234974,1.4436164927968103
snowflake,286,2026-08-11T16:04:38Z,15717158715,97.0,2026-08-11T09:02:57.794000-07:00,1.6166666666666667,1.4327868852459023,1.4429210134128063
snowflake,287,2026-08-11T16:05:38Z,15771829034,156.0,2026-08-11T09:02:57.794000-07:00,2.6,1.4308743169398912,1.4420019870839424
snowflake,288,2026-08-11T16:06:39Z,15827410526,51.0,2026-08-11T09:05:47.596000-07:00,0.85,1.4494535519125686,1.4452061599602488
snowflake,289,2026-08-11T16:07:40Z,15882992017,36.0,2026-08-11T09:06:56.918000-07:00,0.6,1.4647540983606562,1.446025832091395
snowflake,290,2026-08-11T16:08:40Z,15937662336,102.0,2026-08-11T09:06:56.918000-07:00,1.7,1.4366120218579235,1.4452558370591078
snowflake,291,2026-08-11T16:09:40Z,15992114399,159.0,2026-08-11T09:06:56.918000-07:00,2.65,1.433060109289617,1.4446100347739625
snowflake,292,2026-08-11T16:10:40Z,16046480175,49.0,2026-08-11T09:09:49.675000-07:00,0.8166666666666667,1.4497267759562833,1.4481371087928416
snowflake,293,2026-08-11T16:11:40Z,16100845951,46.0,2026-08-11T09:10:54.173000-07:00,0.7666666666666667,1.4644808743169395,1.4491803278688478
snowflake,294,2026-08-11T16:12:40Z,16155211727,103.0,2026-08-11T09:10:54.173000-07:00,1.7166666666666666,1.4366120218579235,1.448385494287131
snowflake,295,2026-08-11T16:13:40Z,16209577503,156.0,2026-08-11T09:10:54.173000-07:00,2.6,1.437431693989071,1.447690014903127
snowflake,296,2026-08-11T16:14:40Z,16263943279,53.0,2026-08-11T09:13:45.053000-07:00,0.8833333333333333,1.4549180327868851,1.450993541977146
snowflake,297,2026-08-11T16:15:40Z,16318309055,42.0,2026-08-11T09:14:57.151000-07:00,0.7,1.4715846994535517,1.4518877297565806
snowflake,298,2026-08-11T16:16:41Z,16373580927,103.0,2026-08-11T09:14:57.151000-07:00,1.7166666666666666,1.4423497267759555,1.451043219076005
snowflake,299,2026-08-11T16:17:41Z,16427946703,162.0,2026-08-11T09:14:57.151000-07:00,2.7,1.4407103825136611,1.450298062593142
snowflake,300,2026-08-11T16:18:41Z,16482312479,49.0,2026-08-11T09:17:49.324000-07:00,0.8166666666666667,1.457103825136612,1.4534525583705895
snowflake,301,2026-08-11T16:19:41Z,16536436283,37.0,2026-08-11T09:18:57.150000-07:00,0.6166666666666667,1.4729508196721306,1.4538996522603043
snowflake,302,2026-08-11T16:20:41Z,16590472097,103.0,2026-08-11T09:18:57.150000-07:00,1.7166666666666666,1.4428961748633877,1.4525335320417256
snowflake,303,2026-08-11T16:21:41Z,16644507912,157.0,2026-08-11T09:18:57.150000-07:00,2.6166666666666667,1.4404371584699456,1.4510680576254293
snowflake,304,2026-08-11T16:22:42Z,16699444323,54.0,2026-08-11T09:21:46.657000-07:00,0.9,1.456284153005465,1.4537009438648738
snowflake,305,2026-08-11T16:23:42Z,16753480137,44.0,2026-08-11T09:22:55.017000-07:00,0.7333333333333333,1.471311475409837,1.4541231992051642
snowflake,306,2026-08-11T16:24:42Z,16807515952,106.0,2026-08-11T09:22:55.017000-07:00,1.7666666666666666,1.4423497267759566,1.452781917536015
snowflake,307,2026-08-11T16:25:42Z,16861551766,162.0,2026-08-11T09:22:55.017000-07:00,2.7,1.4398907103825143,1.451564828614008
snowflake,308,2026-08-11T16:26:42Z,16915587581,52.0,2026-08-11T09:25:50.283000-07:00,0.8666666666666667,1.4554644808743173,1.4545206159960251
snowflake,309,2026-08-11T16:27:42Z,16969623395,43.0,2026-08-11T09:26:52.371000-07:00,0.7166666666666667,1.471311475409837,1.4556383507203194
snowflake,310,2026-08-11T16:28:43Z,17024559806,107.0,2026-08-11T09:26:52.371000-07:00,1.7833333333333334,1.445355191256831,1.454793840039744
snowflake,311,2026-08-11T16:29:43Z,17079367620,167.0,2026-08-11T09:26:52.371000-07:00,2.783333333333333,1.4423497267759566,1.4540238450074516
snowflake,312,2026-08-11T16:30:43Z,17134410390,46.0,2026-08-11T09:29:51.171000-07:00,0.7666666666666667,1.459562841530055,1.4572776949826116
snowflake,313,2026-08-11T16:31:43Z,17189453160,38.0,2026-08-11T09:30:57.067000-07:00,0.6333333333333333,1.4754098360655739,1.4581967213114704
snowflake,314,2026-08-11T16:32:43Z,17244495930,105.0,2026-08-11T09:30:57.067000-07:00,1.75,1.4527322404371577,1.457476403378037
snowflake,315,2026-08-11T16:33:43Z,17299538700,161.0,2026-08-11T09:30:57.067000-07:00,2.683333333333333,1.4469945355191254,1.456954793840034
snowflake,316,2026-08-11T16:34:43Z,17354581469,55.0,2026-08-11T09:33:47.027000-07:00,0.9166666666666666,1.4628415300546451,1.4602086438151942
snowflake,317,2026-08-11T16:35:43Z,17409624239,40.0,2026-08-11T09:35:02.150000-07:00,0.6666666666666666,1.4781420765027327,1.461177347242917
snowflake,318,2026-08-11T16:36:43Z,17464667009,101.0,2026-08-11T09:35:02.150000-07:00,1.6833333333333333,1.4499999999999997,1.4602583209140532
snowflake,319,2026-08-11T16:37:44Z,17520627159,156.0,2026-08-11T09:35:02.150000-07:00,2.6,1.4475409836065567,1.4593144560357596
snowflake,320,2026-08-11T16:38:44Z,17575669929,54.0,2026-08-11T09:37:49.838000-07:00,0.9,1.465573770491802,1.4617983109786274
snowflake,321,2026-08-11T16:39:44Z,17629371544,31.0,2026-08-11T09:39:04.773000-07:00,0.5166666666666667,1.481147540983605,1.4623199205166306
snowflake,322,2026-08-11T16:40:44Z,17682702202,94.0,2026-08-11T09:39:04.773000-07:00,1.5666666666666667,1.4530054644808732,1.4611028315946235
snowflake,323,2026-08-11T16:41:44Z,17736032861,152.0,2026-08-11T09:39:04.773000-07:00,2.533333333333333,1.4494535519125678,1.4598609041231922
snowflake,324,2026-08-11T16:42:44Z,17789363519,49.0,2026-08-11T09:41:48.934000-07:00,0.8166666666666667,1.4650273224043708,1.4626676602086377
snowflake,325,2026-08-11T16:43:44Z,17842694177,44.0,2026-08-11T09:42:59.939000-07:00,0.7333333333333333,1.4800546448087426,1.462965722801786
snowflake,326,2026-08-11T16:44:44Z,17896024835,104.0,2026-08-11T09:42:59.939000-07:00,1.7333333333333334,1.4527322404371577,1.4614257327372064
snowflake,327,2026-08-11T16:45:44Z,17949355493,159.0,2026-08-11T09:42:59.939000-07:00,2.65,1.4494535519125678,1.4600596125186278
snowflake,328,2026-08-11T16:46:44Z,18002686152,53.0,2026-08-11T09:45:47.976000-07:00,0.8833333333333333,1.4644808743169395,1.4626428216592133
snowflake,329,2026-08-11T16:47:45Z,18056905654,40.0,2026-08-11T09:47:01.746000-07:00,0.6666666666666666,1.4808743169398904,1.4630402384500742
snowflake,330,2026-08-11T16:48:45Z,18110236312,102.0,2026-08-11T09:47:01.746000-07:00,1.7,1.4508196721311475,1.4616741182314958
snowflake,331,2026-08-11T16:49:45Z,18164381355,159.0,2026-08-11T09:47:01.746000-07:00,2.65,1.4486338797814209,1.4604818678589182
snowflake,332,2026-08-11T16:50:45Z,18218729993,52.0,2026-08-11T09:49:49.900000-07:00,0.8666666666666667,1.466120218579235,1.4632389468455047
snowflake,333,2026-08-11T16:51:45Z,18273078631,33.0,2026-08-11T09:51:07.576000-07:00,0.55,1.4814207650273226,1.463710879284654
snowflake,334,2026-08-11T16:52:45Z,18327427269,96.0,2026-08-11T09:51:07.576000-07:00,1.6,1.453825136612021,1.4625434674615008
snowflake,335,2026-08-11T16:53:45Z,18381775907,153.0,2026-08-11T09:51:07.576000-07:00,2.55,1.4499999999999988,1.4611028315946337
snowflake,336,2026-08-11T16:54:45Z,18436124546,50.0,2026-08-11T09:53:49.639000-07:00,0.8333333333333334,1.466939890710381,1.463611525086931
snowflake,337,2026-08-11T16:55:45Z,18490473184,36.0,2026-08-11T09:55:06.990000-07:00,0.6,1.483060109289616,1.4637605563835026
snowflake,338,2026-08-11T16:56:45Z,18544821822,97.0,2026-08-11T09:55:06.990000-07:00,1.6166666666666667,1.4546448087431687,1.4621460506706347
snowflake,339,2026-08-11T16:57:46Z,18600076271,156.0,2026-08-11T09:55:06.990000-07:00,2.6,1.4516393442622935,1.4606805762543382
snowflake,340,2026-08-11T16:58:46Z,18654424909,61.0,2026-08-11T09:57:43.881000-07:00,1.0166666666666666,1.46502732240437,1.4631395926477817
snowflake,341,2026-08-11T16:59:46Z,18709452837,34.0,2026-08-11T09:59:06.613000-07:00,0.5666666666666667,1.4784153005464462,1.4632389468454996
snowflake,342,2026-08-11T17:00:46Z,18764633259,97.0,2026-08-11T09:59:06.613000-07:00,1.6166666666666667,1.4502732240437144,1.4615002483854895
snowflake,343,2026-08-11T17:01:46Z,18819813681,151.0,2026-08-11T09:59:06.613000-07:00,2.5166666666666666,1.4483606557377033,1.4598609041231922
snowflake,344,2026-08-11T17:02:46Z,18874994103,69.0,2026-08-11T10:01:37.738000-07:00,1.15,1.4653005464480855,1.4622950819672063
snowflake,345,2026-08-11T17:03:47Z,18931094199,33.0,2026-08-11T10:03:07.345000-07:00,0.55,1.4808743169398895,1.4626924987580672
snowflake,346,2026-08-11T17:04:47Z,18986274620,97.0,2026-08-11T10:03:07.345000-07:00,1.6166666666666667,1.4510928961748621,1.4616741182314905
snowflake,347,2026-08-11T17:05:47Z,19041455042,153.0,2026-08-11T10:03:07.345000-07:00,2.55,1.4478142076502722,1.4611525086934876
snowflake,348,2026-08-11T17:06:47Z,19096635464,53.0,2026-08-11T10:05:50.089000-07:00,0.8833333333333333,1.4650273224043708,1.4649279682066507
snowflake,349,2026-08-11T17:07:47Z,19151815886,42.0,2026-08-11T10:07:03.876000-07:00,0.7,1.4814207650273206,1.4665673124689482
snowflake,350,2026-08-11T17:08:47Z,19206996308,102.0,2026-08-11T10:07:03.876000-07:00,1.7,1.4560109289617458,1.4665673124689482
snowflake,351,2026-08-11T17:09:47Z,19260333952,159.0,2026-08-11T10:07:03.876000-07:00,2.65,1.4538251366120192,1.4664679582712354
snowflake,352,2026-08-11T17:10:47Z,19313303041,56.0,2026-08-11T10:09:47.903000-07:00,0.9333333333333333,1.4726775956284122,1.4704669647292585
snowflake,353,2026-08-11T17:11:48Z,19367154948,36.0,2026-08-11T10:11:04.974000-07:00,0.6,1.4918032786885218,1.472280178837557
snowflake,354,2026-08-11T17:12:48Z,19420124037,103.0,2026-08-11T10:11:04.974000-07:00,1.7166666666666666,1.466393442622948,1.472280178837557
snowflake,355,2026-08-11T17:13:48Z,19473093126,158.0,2026-08-11T10:11:04.974000-07:00,2.6333333333333333,1.4653005464480846,1.4723546944858403
snowflake,356,2026-08-11T17:14:48Z,19526062214,56.0,2026-08-11T10:13:49.569000-07:00,0.9333333333333333,1.4797814207650242,1.4762295081967212
snowflake,357,2026-08-11T17:15:48Z,19579031303,41.0,2026-08-11T10:15:05.084000-07:00,0.6833333333333333,1.4950819672131108,1.4777446597118713
snowflake,358,2026-08-11T17:16:48Z,19632000392,97.0,2026-08-11T10:15:05.084000-07:00,1.6166666666666667,1.4677595628415268,1.4772230501738735
snowflake,359,2026-08-11T17:17:48Z,19684969481,163.0,2026-08-11T10:15:05.084000-07:00,2.716666666666667,1.4650273224043688,1.4767014406358705
snowflake,360,2026-08-11T17:18:48Z,19737938570,52.0,2026-08-11T10:17:49.849000-07:00,0.8666666666666667,1.4822404371584674,1.48020367610532
snowflake,361,2026-08-11T17:19:48Z,19793436775,41.0,2026-08-11T10:19:07.597000-07:00,0.6833333333333333,1.4986338797814192,1.4815697963238987
snowflake,362,2026-08-11T17:20:48Z,19849381296,101.0,2026-08-11T10:19:07.597000-07:00,1.6833333333333333,1.4704918032786864,1.4814952806756103
snowflake,363,2026-08-11T17:21:48Z,19905325816,159.0,2026-08-11T10:19:07.597000-07:00,2.65,1.46693989071038,1.4817685047193239
snowflake,364,2026-08-11T17:22:49Z,19962202745,56.0,2026-08-11T10:21:47.524000-07:00,0.9333333333333333,1.4860655737704895,1.4863636363636383
snowflake,365,2026-08-11T17:23:49Z,20018147265,40.0,2026-08-11T10:23:01.364000-07:00,0.6666666666666666,1.5049180327868827,1.4887729756582282
snowflake,366,2026-08-11T17:24:49Z,20074091785,106.0,2026-08-11T10:23:01.364000-07:00,1.7666666666666666,1.4803278688524555,1.4893691008445145
snowflake,367,2026-08-11T17:25:49Z,20130036306,165.0,2026-08-11T10:23:01.364000-07:00,2.75,1.4789617486338766,1.4903626428216616
snowflake,368,2026-08-11T17:26:49Z,20185980826,58.0,2026-08-11T10:25:49.989000-07:00,0.9666666666666667,1.4980874316939852,1.495777446597122
snowflake,369,2026-08-11T17:27:49Z,20241925346,41.0,2026-08-11T10:27:07.487000-07:00,0.6833333333333333,1.5183060109289581,1.4993293591654202
snowflake,370,2026-08-11T17:28:49Z,20297869867,92.0,2026-08-11T10:27:07.487000-07:00,1.5333333333333334,1.4915300546448054,1.500397416790861
snowflake,371,2026-08-11T17:29:49Z,20352073230,156.0,2026-08-11T10:27:07.487000-07:00,2.6,1.4887978142076475,1.501564828614009
snowflake,372,2026-08-11T17:30:49Z,20406008723,64.0,2026-08-11T10:29:43.789000-07:00,1.0666666666666667,1.5095628415300524,1.5066318926974729
snowflake,373,2026-08-11T17:31:49Z,20459944216,39.0,2026-08-11T10:31:07.965000-07:00,0.65,1.530054644808741,1.5094883258817722
snowflake,374,2026-08-11T17:32:49Z,20513879709,100.0,2026-08-11T10:31:07.965000-07:00,1.6666666666666667,1.506010928961746,1.510357675111777
snowflake,375,2026-08-11T17:33:50Z,20568714127,162.0,2026-08-11T10:31:07.965000-07:00,2.7,1.4978142076502705,1.5109786388474875
snowflake,376,2026-08-11T17:34:50Z,20622649620,52.0,2026-08-11T10:33:49.986000-07:00,0.8666666666666667,1.517759562841527,1.515524093392938
snowflake,377,2026-08-11T17:35:50Z,20676585113,43.0,2026-08-11T10:35:04.711000-07:00,0.7166666666666667,1.536065573770489,1.5180327868852457
snowflake,378,2026-08-11T17:36:50Z,20730520606,103.0,2026-08-11T10:35:04.711000-07:00,1.7166666666666666,1.5103825136611992,1.5184798807749653
snowflake,379,2026-08-11T17:37:50Z,20784456099,161.0,2026-08-11T10:35:04.711000-07:00,2.683333333333333,1.5076502732240413,1.5188772975658262
snowflake,380,2026-08-11T17:38:50Z,20838391592,63.0,2026-08-11T10:37:46.603000-07:00,1.05,1.5251366120218555,1.5231495280675682
snowflake,381,2026-08-11T17:39:50Z,20892979786,46.0,2026-08-11T10:39:03.759000-07:00,0.7666666666666667,1.5415300546448074,1.5260059612518675
snowflake,382,2026-08-11T17:40:50Z,20947654187,100.0,2026-08-11T10:39:03.759000-07:00,1.6666666666666667,1.51639344262295,1.5267759562841547
snowflake,383,2026-08-11T17:41:50Z,21002328587,164.0,2026-08-11T10:39:03.759000-07:00,2.7333333333333334,1.5144808743169398,1.5274714356681587
snowflake,384,2026-08-11T17:42:50Z,21057002987,59.0,2026-08-11T10:41:48.031000-07:00,0.9833333333333333,1.5344262295081972,1.5320914058619026
snowflake,385,2026-08-11T17:43:50Z,21111677387,45.0,2026-08-11T10:43:04.864000-07:00,0.75,1.5530054644808755,1.5345255837059169
snowflake,386,2026-08-11T17:44:50Z,21166351788,97.0,2026-08-11T10:43:04.864000-07:00,1.6166666666666667,1.529234972677596,1.5351465474416377
snowflake,387,2026-08-11T17:45:51Z,21221937428,160.0,2026-08-11T10:43:04.864000-07:00,2.6666666666666665,1.5262295081967217,1.5358171882762173
snowflake,388,2026-08-11T17:46:51Z,21276611828,59.0,2026-08-11T10:45:45.200000-07:00,0.9833333333333333,1.5437158469945358,1.5403874813711023
snowflake,389,2026-08-11T17:47:51Z,21331286229,43.0,2026-08-11T10:47:07.830000-07:00,0.7166666666666667,1.561202185792349,1.5428713363139754
snowflake,390,2026-08-11T17:48:51Z,21385960629,103.0,2026-08-11T10:47:07.830000-07:00,1.7166666666666666,1.5344262295081972,1.5433929458519784
snowflake,391,2026-08-11T17:49:51Z,21440650611,162.0,2026-08-11T10:47:07.830000-07:00,2.7,1.5319672131147548,1.543765524093415
snowflake,392,2026-08-11T17:50:51Z,21495342324,56.0,2026-08-11T10:49:50.181000-07:00,0.9333333333333333,1.5489071038251379,1.547863884749156
snowflake,393,2026-08-11T17:51:51Z,21550034037,39.0,2026-08-11T10:51:06.180000-07:00,0.65,1.5666666666666675,1.5497019374068837
snowflake,394,2026-08-11T17:52:51Z,21604725750,103.0,2026-08-11T10:51:06.180000-07:00,1.7166666666666666,1.5418032786885256,1.5497019374068837
snowflake,395,2026-08-11T17:53:51Z,21659417464,165.0,2026-08-11T10:51:06.180000-07:00,2.75,1.5401639344262321,1.5498758072528849
snowflake,396,2026-08-11T17:54:51Z,21714109177,63.0,2026-08-11T10:53:48.109000-07:00,1.05,1.557103825136616,1.554470938897194
snowflake,397,2026-08-11T17:55:52Z,21769712419,45.0,2026-08-11T10:55:00.923000-07:00,0.75,1.5743169398907155,1.5570541480377849
snowflake,398,2026-08-11T17:56:52Z,21824404132,106.0,2026-08-11T10:55:00.923000-07:00,1.7666666666666666,1.5464480874316984,1.5574764033780701
snowflake,399,2026-08-11T17:57:52Z,21879095845,171.0,2026-08-11T10:55:00.923000-07:00,2.85,1.5437158469945387,1.5579483358172141
snowflake,400,2026-08-11T17:58:52Z,21933787558,58.0,2026-08-11T10:57:50.045000-07:00,0.9666666666666667,1.5631147540983648,1.5622205663189457
snowflake,401,2026-08-11T17:59:52Z,21988033024,51.0,2026-08-11T10:59:00.100000-07:00,0.85,1.5849726775956332,1.56420765027324
snowflake,402,2026-08-11T18:00:52Z,22042237921,110.0,2026-08-11T10:59:00.100000-07:00,1.8333333333333333,1.5603825136612068,1.564505712866383
snowflake,403,2026-08-11T18:01:52Z,22096442818,172.0,2026-08-11T10:59:00.100000-07:00,2.8666666666666667,1.5535519125683095,1.5648037754595263
snowflake,404,2026-08-11T18:02:52Z,22150647716,63.0,2026-08-11T11:01:49.192000-07:00,1.05,1.5718579234972714,1.569076005961268
snowflake,405,2026-08-11T18:03:52Z,22204852613,39.0,2026-08-11T11:03:03.341000-07:00,0.65,1.5887978142076553,1.5712617983109878
snowflake,406,2026-08-11T18:04:52Z,22259057511,106.0,2026-08-11T11:03:03.341000-07:00,1.7666666666666666,1.5620218579235023,1.5713363139592709
snowflake,407,2026-08-11T18:05:52Z,22313262408,164.0,2026-08-11T11:03:03.341000-07:00,2.7333333333333334,1.5603825136612068,1.570814704421268
snowflake,408,2026-08-11T18:06:53Z,22368370720,59.0,2026-08-11T11:05:47.928000-07:00,0.9833333333333333,1.5775956284153045,1.5742175856929945
snowflake,409,2026-08-11T18:07:53Z,22422575618,43.0,2026-08-11T11:07:03.085000-07:00,0.7166666666666667,1.5934426229508223,1.5758320914058623
snowflake,410,2026-08-11T18:08:53Z,22476780515,106.0,2026-08-11T11:07:03.085000-07:00,1.7666666666666666,1.5677595628415337,1.5755588673621437
snowflake,411,2026-08-11T18:09:53Z,22531414107,162.0,2026-08-11T11:07:03.085000-07:00,2.7,1.5639344262295134,1.5754098360655773
snowflake,412,2026-08-11T18:10:53Z,22586078320,67.0,2026-08-11T11:09:45.999000-07:00,1.1166666666666667,1.5792349726776018,1.579508196721318
snowflake,413,2026-08-11T18:11:53Z,22640742533,49.0,2026-08-11T11:11:01.995000-07:00,0.8166666666666667,1.5978142076502793,1.581470442126188
snowflake,414,2026-08-11T18:12:53Z,22695406745,109.0,2026-08-11T11:11:01.995000-07:00,1.8166666666666667,1.571311475409842,1.581644311972189
snowflake,415,2026-08-11T18:13:53Z,22750070958,171.0,2026-08-11T11:11:01.995000-07:00,2.85,1.5688524590163997,1.5822155986090407
snowflake,416,2026-08-11T18:14:53Z,22804735171,71.0,2026-08-11T11:13:42.026000-07:00,1.1833333333333333,1.5871584699453616,1.5869597615499267
snowflake,417,2026-08-11T18:15:53Z,22859399384,45.0,2026-08-11T11:15:06.620000-07:00,0.75,1.607103825136619,1.589692001987084
snowflake,418,2026-08-11T18:16:53Z,22914063597,105.0,2026-08-11T11:15:06.620000-07:00,1.75,1.5819672131147615,1.5909836065573844
snowflake,419,2026-08-11T18:17:54Z,22969638880,161.0,2026-08-11T11:15:06.620000-07:00,2.683333333333333,1.5795081967213194,1.5923745653253925
snowflake,420,2026-08-11T18:18:54Z,23024303092,65.0,2026-08-11T11:17:48.550000-07:00,1.0833333333333333,1.5997267759562923,1.5978390461997067
snowflake,421,2026-08-11T18:19:54Z,23078017914,43.0,2026-08-11T11:19:07.556000-07:00,0.7166666666666667,1.6199453551912653,1.6012170889220092
snowflake,422,2026-08-11T18:20:54Z,23131682767,103.0,2026-08-11T11:19:07.556000-07:00,1.7166666666666666,1.5939890710382592,1.6025583705911581
snowflake,423,2026-08-11T18:21:54Z,23185347621,166.0,2026-08-11T11:19:07.556000-07:00,2.7666666666666666,1.5934426229508278,1.6036512667660232
snowflake,424,2026-08-11T18:22:54Z,23239012474,68.0,2026-08-11T11:21:43.690000-07:00,1.1333333333333333,1.6131147540983697,1.6086686537506176
snowflake,425,2026-08-11T18:23:54Z,23292677327,50.0,2026-08-11T11:23:03.627000-07:00,0.8333333333333334,1.6314207650273316,1.611251862891198
snowflake,426,2026-08-11T18:24:54Z,23346342181,102.0,2026-08-11T11:23:03.627000-07:00,1.7,1.6060109289617583,1.6117983109786358
snowflake,427,2026-08-11T18:25:54Z,23400007034,169.0,2026-08-11T11:23:03.627000-07:00,2.816666666666667,1.6019125683060207,1.6117734724292114
snowflake,428,2026-08-11T18:26:54Z,23453671888,63.0,2026-08-11T11:25:46.404000-07:00,1.05,1.6191256830601184,1.6155737704918094
snowflake,429,2026-08-11T18:27:54Z,23507336741,48.0,2026-08-11T11:27:02.427000-07:00,0.8,1.6371584699453647,1.616840536512665
snowflake,430,2026-08-11T18:28:54Z,23561001594,112.0,2026-08-11T11:27:02.427000-07:00,1.8666666666666667,1.6079234972677694,1.6160208643815188
snowflake,431,2026-08-11T18:29:55Z,23616330266,172.0,2026-08-11T11:27:02.427000-07:00,2.8666666666666667,1.6057377049180428,1.6153005464480905
snowflake,432,2026-08-11T18:30:55Z,23670791055,66.0,2026-08-11T11:29:46.948000-07:00,1.1,1.6196721311475515,1.6184798807749674
snowflake,433,2026-08-11T18:31:55Z,23725251843,39.0,2026-08-11T11:31:08.156000-07:00,0.65,1.6357923497267866,1.6194734227521146
snowflake,434,2026-08-11T18:32:55Z,23779712632,106.0,2026-08-11T11:31:08.156000-07:00,1.7666666666666666,1.6073770491803383,1.6187282662692517
snowflake,435,2026-08-11T18:33:55Z,23834173420,162.0,2026-08-11T11:31:08.156000-07:00,2.7,1.6040983606557493,1.6180327868852478
snowflake,436,2026-08-11T18:34:55Z,23888634209,64.0,2026-08-11T11:33:51.036000-07:00,1.0666666666666667,1.6234972677595754,1.62163437655241
snowflake,437,2026-08-11T18:35:56Z,23944002677,46.0,2026-08-11T11:35:07.204000-07:00,0.7666666666666667,1.6409836065573904,1.6230004967709832
snowflake,438,2026-08-11T18:36:56Z,23998463466,106.0,2026-08-11T11:35:07.204000-07:00,1.7666666666666666,1.6128415300546577,1.6227272727272644
snowflake,439,2026-08-11T18:37:56Z,24052924255,161.0,2026-08-11T11:35:07.204000-07:00,2.683333333333333,1.6109289617486466,1.6226279185295467
snowflake,440,2026-08-11T18:38:56Z,24107385043,67.0,2026-08-11T11:37:49.086000-07:00,1.1166666666666667,1.629508196721324,1.6266020864381454
snowflake,441,2026-08-11T18:39:56Z,24161722562,49.0,2026-08-11T11:39:05.578000-07:00,0.8166666666666667,1.6475409836065704,1.628241430700448
snowflake,442,2026-08-11T18:40:57Z,24216963582,102.0,2026-08-11T11:39:05.578000-07:00,1.7,1.6207650273224175,1.6276453055141515
snowflake,443,2026-08-11T18:41:57Z,24271299012,168.0,2026-08-11T11:39:05.578000-07:00,2.8,1.6166666666666798,1.6271485345255832
snowflake,444,2026-08-11T18:42:57Z,24325634441,67.0,2026-08-11T11:41:42.122000-07:00,1.1166666666666667,1.6346994535519241,1.630725285643321
snowflake,445,2026-08-11T18:43:57Z,24379969871,50.0,2026-08-11T11:43:03.745000-07:00,0.8333333333333334,1.651092896174875,1.632116244411329
snowflake,446,2026-08-11T18:44:57Z,24434305301,112.0,2026-08-11T11:43:03.745000-07:00,1.8666666666666667,1.6221311475409956,1.6315201192250428
snowflake,447,2026-08-11T18:45:57Z,24488640730,170.0,2026-08-11T11:43:03.745000-07:00,2.8333333333333335,1.6169398907103953,1.6308743169398978
snowflake,448,2026-08-11T18:46:57Z,24542976160,68.0,2026-08-11T11:45:48.921000-07:00,1.1333333333333333,1.635519125683073,1.6344013909587767
snowflake,449,2026-08-11T18:47:57Z,24597311589,50.0,2026-08-11T11:47:00.532000-07:00,0.8333333333333334,1.6521857923497394,1.6359165424739268
snowflake,450,2026-08-11T18:48:57Z,24651647019,117.0,2026-08-11T11:47:00.532000-07:00,1.95,1.626229508196735,1.6353949329359239
snowflake,451,2026-08-11T18:49:57Z,24706511248,177.0,2026-08-11T11:47:00.532000-07:00,2.95,1.6229508196721443,1.6349726775956386
snowflake,452,2026-08-11T18:50:57Z,24761375478,67.0,2026-08-11T11:49:48.360000-07:00,1.1166666666666667,1.6404371584699573,1.6389716840536617
snowflake,453,2026-08-11T18:51:57Z,24816239707,54.0,2026-08-11T11:51:03.504000-07:00,0.9,1.659562841530066,1.6409339294585317
snowflake,454,2026-08-11T18:52:58Z,24872018340,111.0,2026-08-11T11:51:03.504000-07:00,1.85,1.6333333333333444,1.641058122205674
snowflake,455,2026-08-11T18:53:58Z,24926882570,170.0,2026-08-11T11:51:03.504000-07:00,2.8333333333333335,1.628961748633891,1.6414555389965348
snowflake,456,2026-08-11T18:54:58Z,24981746799,72.0,2026-08-11T11:53:41.662000-07:00,1.2,1.6464480874317042,1.6459513164431365
snowflake,457,2026-08-11T18:55:58Z,25036611029,48.0,2026-08-11T11:55:06.307000-07:00,0.8,1.666120218579244,1.648062593144573
snowflake,458,2026-08-11T18:56:58Z,25091475258,108.0,2026-08-11T11:55:06.307000-07:00,1.8,1.6385245901639427,1.6482613015400085
snowflake,459,2026-08-11T18:57:58Z,25146339487,172.0,2026-08-11T11:55:06.307000-07:00,2.8666666666666667,1.636885245901649,1.6485842026825863
snowflake,460,2026-08-11T18:58:58Z,25201201918,64.0,2026-08-11T11:57:48.114000-07:00,1.0666666666666667,1.6565573770491908,1.652955787382046
snowflake,461,2026-08-11T18:59:58Z,25255958230,50.0,2026-08-11T11:59:08.115000-07:00,0.8333333333333334,1.6756830601092993,1.6554644808743537
snowflake,462,2026-08-11T19:00:58Z,25310714542,102.0,2026-08-11T11:59:08.115000-07:00,1.7,1.6461748633879887,1.6562096373572166
snowflake,463,2026-08-11T19:01:58Z,25365470855,169.0,2026-08-11T11:59:08.115000-07:00,2.816666666666667,1.6426229508196821,1.656954793840069
snowflake,464,2026-08-11T19:02:59Z,25421139772,68.0,2026-08-11T12:01:50.271000-07:00,1.1333333333333333,1.6631147540983706,1.6619473422752393
snowflake,465,2026-08-11T19:03:59Z,25475896084,51.0,2026-08-11T12:03:04.398000-07:00,0.85,1.6814207650273325,1.6647292598112555
snowflake,466,2026-08-11T19:04:59Z,25530652396,110.0,2026-08-11T12:03:04.398000-07:00,1.8333333333333333,1.6565573770491888,1.6653253849975416
snowflake,467,2026-08-11T19:05:59Z,25585408708,170.0,2026-08-11T12:03:04.398000-07:00,2.8333333333333335,1.6546448087431778,1.6658966716343933
snowflake,468,2026-08-11T19:06:59Z,25640165020,61.0,2026-08-11T12:05:49.885000-07:00,1.0166666666666666,1.6743169398907196,1.6710382513661401
snowflake,469,2026-08-11T19:07:59Z,25694921332,52.0,2026-08-11T12:07:06.086000-07:00,0.8666666666666667,1.6934426229508281,1.6740188772975815
snowflake,470,2026-08-11T19:08:59Z,25749636515,111.0,2026-08-11T12:07:06.086000-07:00,1.85,1.667486338797824,1.6747888723298687
snowflake,471,2026-08-11T19:09:59Z,25803158959,172.0,2026-08-11T12:07:06.086000-07:00,2.8666666666666667,1.6631147540983706,1.675608544461015
snowflake,472,2026-08-11T19:11:00Z,25857573443,64.0,2026-08-11T12:09:48.407000-07:00,1.0666666666666667,1.6819672131147638,1.680303030303042
snowflake,473,2026-08-11T19:12:00Z,25911095887,52.0,2026-08-11T12:11:03.115000-07:00,0.8666666666666667,1.7027322404371679,1.6825881768504793
snowflake,474,2026-08-11T19:13:00Z,25964618330,115.0,2026-08-11T12:11:03.115000-07:00,1.9166666666666667,1.6754098360655838,1.6829110779930572
snowflake,475,2026-08-11T19:14:00Z,26018140774,169.0,2026-08-11T12:11:03.115000-07:00,2.816666666666667,1.6715846994535617,1.6831843020367758
snowflake,476,2026-08-11T19:15:00Z,26071663217,65.0,2026-08-11T12:13:52.381000-07:00,1.0833333333333333,1.690437158469955,1.6874565325385076
snowflake,477,2026-08-11T19:16:00Z,26125185661,52.0,2026-08-11T12:15:06.519000-07:00,0.8666666666666667,1.7081967213114855,1.6895429706905196
snowflake,478,2026-08-11T19:17:00Z,26178708104,113.0,2026-08-11T12:15:06.519000-07:00,1.8833333333333333,1.6797814207650372,1.689667163437672
snowflake,479,2026-08-11T19:18:00Z,26232230548,166.0,2026-08-11T12:15:06.519000-07:00,2.7666666666666666,1.6778688524590262,1.6894932935916709
snowflake,480,2026-08-11T19:19:01Z,26286657544,66.0,2026-08-11T12:17:52.598000-07:00,1.1,1.6964480874317036,1.693368107302552
snowflake,481,2026-08-11T19:20:01Z,26340367665,53.0,2026-08-11T12:19:07.658000-07:00,0.8833333333333333,1.714480874316948,1.6950819672131379
snowflake,482,2026-08-11T19:21:01Z,26394077787,107.0,2026-08-11T12:19:07.658000-07:00,1.7833333333333334,1.6860655737704997,1.6947839046199946
snowflake,483,2026-08-11T19:22:01Z,26447787908,173.0,2026-08-11T12:19:07.658000-07:00,2.8833333333333333,1.6833333333333418,1.6946100347739936
snowflake,484,2026-08-11T19:23:01Z,26501498029,70.0,2026-08-11T12:21:50.665000-07:00,1.1666666666666667,1.7008196721311568,1.6988325881768767
snowflake,485,2026-08-11T19:24:02Z,26556103319,52.0,2026-08-11T12:23:07.751000-07:00,0.8666666666666667,1.7180327868852545,1.7006458022851698
snowflake,486,2026-08-11T19:25:02Z,26609813441,114.0,2026-08-11T12:23:07.751000-07:00,1.9,1.690437158469953,1.7006954793840288
snowflake,487,2026-08-11T19:26:02Z,26663523562,174.0,2026-08-11T12:23:07.751000-07:00,2.9,1.6871584699453621,1.7009190263288887
snowflake,488,2026-08-11T19:27:02Z,26717233684,68.0,2026-08-11T12:25:51.937000-07:00,1.1333333333333333,1.7062841530054726,1.70563835072034
snowflake,489,2026-08-11T19:28:02Z,26770943805,57.0,2026-08-11T12:27:00.711000-07:00,0.95,1.7262295081967298,1.7081718827620618
snowflake,490,2026-08-11T19:29:03Z,26825730477,120.0,2026-08-11T12:27:00.711000-07:00,2.0,1.6978142076502816,1.7090412319920667
snowflake,491,2026-08-11T19:30:03Z,26881254421,182.0,2026-08-11T12:27:00.711000-07:00,3.033333333333333,1.696994535519133,1.710109289617497
snowflake,492,2026-08-11T19:31:03Z,26936778364,64.0,2026-08-11T12:29:55.286000-07:00,1.0666666666666667,1.7169398907103883,1.7156234475906702
snowflake,493,2026-08-11T19:32:04Z,26993227707,53.0,2026-08-11T12:31:08.731000-07:00,0.8833333333333333,1.7379781420765081,1.7190511674118314
snowflake,494,2026-08-11T19:33:04Z,27048751650,114.0,2026-08-11T12:31:08.731000-07:00,1.9,1.7112021857923534,1.7208643815201248
snowflake,495,2026-08-11T19:34:04Z,27104275593,173.0,2026-08-11T12:31:08.731000-07:00,2.8833333333333333,1.7103825136612065,1.7227769498261358
snowflake,496,2026-08-11T19:35:04Z,27159799537,71.0,2026-08-11T12:33:51.948000-07:00,1.1833333333333333,1.7297814207650308,1.72498758072529
snowflake,497,2026-08-11T19:36:04Z,27215323480,57.0,2026-08-11T12:35:03.664000-07:00,0.95,1.7510928961748662,1.7248633879781479
snowflake,498,2026-08-11T19:37:05Z,27271772823,118.0,2026-08-11T12:35:03.664000-07:00,1.9666666666666666,1.7248633879781445,1.7228763040238535
snowflake,499,2026-08-11T19:38:05Z,27327296766,176.0,2026-08-11T12:35:03.664000-07:00,2.933333333333333,1.7262295081967243,1.7207650273224173
snowflake,500,2026-08-11T19:39:05Z,27382665227,66.0,2026-08-11T12:37:59.161000-07:00,1.1,1.747267759562844,1.7228017883755704
snowflake,501,2026-08-11T19:40:05Z,27437023050,51.0,2026-08-11T12:39:06.520000-07:00,0.85,1.7221311475409866,1.7224788872329926
snowflake,502,2026-08-11T19:41:06Z,27492286837,118.0,2026-08-11T12:39:06.520000-07:00,1.9666666666666666,1.6956284153005492,1.7204172876304151
snowflake,503,2026-08-11T19:42:06Z,27546644660,178.0,2026-08-11T12:39:06.520000-07:00,2.966666666666667,1.6950819672131163,1.718156979632402
snowflake,504,2026-08-11T19:43:06Z,27601002483,68.0,2026-08-11T12:41:57.985000-07:00,1.1333333333333333,1.714754098360658,1.7159463487332376
snowflake,505,2026-08-11T19:44:06Z,27655360306,53.0,2026-08-11T12:43:06.571000-07:00,0.8833333333333333,1.733606557377053,1.7114257327372115
snowflake,506,2026-08-11T19:45:06Z,27709718129,119.0,2026-08-11T12:43:06.571000-07:00,1.9833333333333334,1.7068306010928982,1.7048186785891735
snowflake,507,2026-08-11T19:46:07Z,27764981916,177.0,2026-08-11T12:43:06.571000-07:00,2.95,1.7071038251366137,1.7021361152508752
snowflake,508,2026-08-11T19:47:07Z,27819339739,66.0,2026-08-11T12:45:58.393000-07:00,1.1,1.7262295081967225,1.7037754595131673
snowflake,509,2026-08-11T19:48:07Z,27873697562,61.0,2026-08-11T12:47:04.631000-07:00,1.0166666666666666,1.7005464480874337,1.7028564331843035
snowflake,510,2026-08-11T19:49:08Z,27928832177,118.0,2026-08-11T12:47:04.631000-07:00,1.9666666666666666,1.6765027322404387,1.7000496770988527
snowflake,511,2026-08-11T19:50:08Z,27982485427,183.0,2026-08-11T12:47:04.631000-07:00,3.05,1.6745901639344276,1.6973671137605544
snowflake,512,2026-08-11T19:51:08Z,28036138676,73.0,2026-08-11T12:49:54.829000-07:00,1.2166666666666666,1.692622950819674,1.6945851962245384
snowflake,513,2026-08-11T19:52:09Z,28090686146,57.0,2026-08-11T12:51:08.344000-07:00,0.95,1.7136612021857955,1.6892200695479316
snowflake,514,2026-08-11T19:53:09Z,28144339396,118.0,2026-08-11T12:51:08.344000-07:00,1.9666666666666666,1.6849726775956317,1.6822404371584567
snowflake,515,2026-08-11T19:54:09Z,28197992645,174.0,2026-08-11T12:51:08.344000-07:00,2.9,1.6838797814207693,1.679408842523592
snowflake,516,2026-08-11T19:55:09Z,28251645895,69.0,2026-08-11T12:53:58.711000-07:00,1.15,1.7040983606557423,1.6759562841529962
snowflake,517,2026-08-11T19:56:09Z,28305299144,60.0,2026-08-11T12:55:07.800000-07:00,1.0,1.676229508196727,1.6699950322901032
snowflake,518,2026-08-11T19:57:09Z,28358952394,118.0,2026-08-11T12:55:07.800000-07:00,1.9666666666666666,1.6480874316939942,1.662419274714342
snowflake,519,2026-08-11T19:58:09Z,28412605643,181.0,2026-08-11T12:55:07.800000-07:00,3.0166666666666666,1.649453551912574,1.654719324391439
snowflake,520,2026-08-11T19:59:09Z,28466289080,68.0,2026-08-11T12:57:59.042000-07:00,1.1333333333333333,1.6693989071038295,1.6473422752111135
snowflake,521,2026-08-11T20:00:09Z,28520093267,61.0,2026-08-11T12:59:07.254000-07:00,1.0166666666666666,1.638524590163939,1.6357923497267641
snowflake,522,2026-08-11T20:01:10Z,28574794189,123.0,2026-08-11T12:59:07.254000-07:00,2.05,1.6090163934426283,1.6222553402881204
snowflake,523,2026-08-11T20:02:11Z,28629495112,179.0,2026-08-11T12:59:07.254000-07:00,2.9833333333333334,1.6092896174863438,1.612965722801784
snowflake,524,2026-08-11T20:03:11Z,28683299298,71.0,2026-08-11T13:01:58.002000-07:00,1.1833333333333333,1.6289617486338854,1.6037754595131652
snowflake,525,2026-08-11T20:04:11Z,28737103485,65.0,2026-08-11T13:03:01.004000-07:00,1.0833333333333333,1.603825136612028,1.5920516641828149
snowflake,526,2026-08-11T20:05:11Z,28790907671,122.0,2026-08-11T13:03:01.004000-07:00,2.033333333333333,1.5568306010929023,1.5784401390958775
snowflake,527,2026-08-11T20:06:11Z,28844711857,188.0,2026-08-11T13:03:01.004000-07:00,3.1333333333333333,1.5551912568306088,1.5693740685544009
snowflake,528,2026-08-11T20:07:11Z,28898516044,74.0,2026-08-11T13:05:57.488000-07:00,1.2333333333333334,1.5740437158470018,1.5606060606060674
snowflake,529,2026-08-11T20:08:11Z,28952320230,66.0,2026-08-11T13:07:01.740000-07:00,1.1,1.5469945355191332,1.5496025832091556
snowflake,530,2026-08-11T20:09:11Z,29006453159,129.0,2026-08-11T13:07:01.740000-07:00,2.15,1.5204918032786978,1.53678589170394
snowflake,531,2026-08-11T20:10:12Z,29062586463,19.0,2026-08-11T13:09:51.928000-07:00,0.31666666666666665,1.5196721311475492,1.527993045206172
snowflake,532,2026-08-11T20:11:12Z,29117799549,75.0,2026-08-11T13:09:51.928000-07:00,1.25,1.538797814207658,1.5210630899155666
snowflake,533,2026-08-11T20:12:12Z,29173012635,62.0,2026-08-11T13:11:06.938000-07:00,1.0333333333333334,1.512568306010936,1.5100844510680687
snowflake,534,2026-08-11T20:13:12Z,29228225721,124.0,2026-08-11T13:11:06.938000-07:00,2.066666666666667,1.4882513661202255,1.4974167908594298
snowflake,535,2026-08-11T20:14:12Z,29283438806,184.0,2026-08-11T13:11:06.938000-07:00,3.066666666666667,1.48797814207651,1.4888474913065217
snowflake,536,2026-08-11T20:15:12Z,29338651892,71.0,2026-08-11T13:13:58.926000-07:00,1.1833333333333333,1.5071038251366187,1.4804272230501903
snowflake,537,2026-08-11T20:16:12Z,29393864978,66.0,2026-08-11T13:15:05.681000-07:00,1.1,1.4806010928961812,1.4696969696969868
snowflake,538,2026-08-11T20:17:12Z,29449078064,122.0,2026-08-11T13:15:05.681000-07:00,2.033333333333333,1.4344262295082024,1.4571286636860556
snowflake,539,2026-08-11T20:18:12Z,29504291150,19.0,2026-08-11T13:17:52.985000-07:00,0.31666666666666665,1.434699453551918,1.4486835568802896
snowflake,540,2026-08-11T20:19:12Z,29559158141,78.0,2026-08-11T13:17:52.985000-07:00,1.3,1.452732240437164,1.4400645802285226
snowflake,541,2026-08-11T20:20:12Z,29612986847,59.0,2026-08-11T13:19:07.604000-07:00,0.9833333333333333,1.4278688524590224,1.427421758569308
snowflake,542,2026-08-11T20:21:12Z,29666815553,119.0,2026-08-11T13:19:07.604000-07:00,1.9833333333333334,1.4016393442623025,1.4129160457029415
snowflake,543,2026-08-11T20:22:13Z,29721541405,184.0,2026-08-11T13:19:07.604000-07:00,3.066666666666667,1.4005464480874383,1.4026080476900233
snowflake,544,2026-08-11T20:23:13Z,29775370111,68.0,2026-08-11T13:21:58.673000-07:00,1.1333333333333333,1.4196721311475469,1.3943368107302687
snowflake,545,2026-08-11T20:24:13Z,29829198818,66.0,2026-08-11T13:23:06.764000-07:00,1.1,1.3934426229508252,1.3816691505216196
snowflake,546,2026-08-11T20:25:13Z,29883027524,126.0,2026-08-11T13:23:06.764000-07:00,2.1,1.3489071038251417,1.3672627918529605
snowflake,547,2026-08-11T20:26:13Z,29936856231,12.0,2026-08-11T13:25:58.338000-07:00,0.2,1.3475409836065637,1.3567809239940412
snowflake,548,2026-08-11T20:27:13Z,29990684937,71.0,2026-08-11T13:25:58.338000-07:00,1.1833333333333333,1.3672131147541053,1.34617486338798
snowflake,549,2026-08-11T20:28:13Z,30044513643,73.0,2026-08-11T13:26:57.975000-07:00,1.2166666666666666,1.343442622950826,1.3315697963238955
snowflake,550,2026-08-11T20:29:13Z,30098563704,130.0,2026-08-11T13:26:57.975000-07:00,2.1666666666666665,1.2953551912568377,1.3152011922503768
snowflake,551,2026-08-11T20:30:13Z,30153222491,7.0,2026-08-11T13:29:58.649000-07:00,0.11666666666666667,1.2942622950819753,1.3028812717337401
snowflake,552,2026-08-11T20:31:13Z,30207881277,74.0,2026-08-11T13:29:58.649000-07:00,1.2333333333333334,1.3125683060109372,1.2922503725782546
snowflake,553,2026-08-11T20:32:13Z,30262540063,65.0,2026-08-11T13:31:07.819000-07:00,1.0833333333333333,1.2849726775956376,1.2772727272727438
snowflake,554,2026-08-11T20:33:14Z,30318109829,125.0,2026-08-11T13:31:07.819000-07:00,2.0833333333333335,1.239890710382523,1.2604073522106463
snowflake,555,2026-08-11T20:34:14Z,30372768615,22.0,2026-08-11T13:33:49.720000-07:00,0.36666666666666664,1.2396174863388072,1.2472180824639942
snowflake,556,2026-08-11T20:35:14Z,30427427401,1.0,2026-08-11T13:35:07.372000-07:00,0.016666666666666666,1.257923497267769,1.2357675111773625
snowflake,557,2026-08-11T20:36:14Z,30482086187,65.0,2026-08-11T13:35:07.372000-07:00,1.0833333333333333,1.231967213114765,1.224093392945871
snowflake,558,2026-08-11T20:37:14Z,30536744974,126.0,2026-08-11T13:35:07.372000-07:00,2.1,1.1827868852459125,1.210606060606086
snowflake,559,2026-08-11T20:38:14Z,30591403760,19.0,2026-08-11T13:37:51.496000-07:00,0.31666666666666665,1.1816939890710483,1.201217088922032
snowflake,560,2026-08-11T20:39:14Z,30645725964,79.0,2026-08-11T13:37:51.496000-07:00,1.3166666666666667,1.1983606557377147,1.1935419771485634
snowflake,561,2026-08-11T20:40:14Z,30699196813,63.0,2026-08-11T13:39:04.900000-07:00,1.05,1.169398907103835,1.1816194734227772
snowflake,562,2026-08-11T20:41:14Z,30752667662,121.0,2026-08-11T13:39:04.900000-07:00,2.0166666666666666,1.1658469945355285,1.1679831097864053
snowflake,563,2026-08-11T20:42:14Z,30806138511,22.0,2026-08-11T13:41:45.726000-07:00,0.36666666666666664,1.164207650273233,1.1583209140586321
snowflake,564,2026-08-11T20:43:14Z,30859609360,89.0,2026-08-11T13:41:45.726000-07:00,1.4833333333333334,1.1816939890710483,1.150670640834588
snowflake,565,2026-08-11T20:44:14Z,30913080209,67.0,2026-08-11T13:43:05.273000-07:00,1.1166666666666667,1.1554644808743264,1.142921013412826
snowflake,566,2026-08-11T20:45:15Z,30967442239,123.0,2026-08-11T13:43:05.273000-07:00,2.05,1.1084699453552007,1.1334575260804884
snowflake,567,2026-08-11T20:46:15Z,31020913088,22.0,2026-08-11T13:45:52.105000-07:00,0.36666666666666664,1.1079234972677694,1.1284401390958836
snowflake,568,2026-08-11T20:47:15Z,31074383938,8.0,2026-08-11T13:47:05.457000-07:00,0.13333333333333333,1.1256830601092984,1.1215846994535612
snowflake,569,2026-08-11T20:48:15Z,31127854787,67.0,2026-08-11T13:47:05.457000-07:00,1.1166666666666667,1.09863387978143,1.110630899155498
snowflake,570,2026-08-11T20:49:15Z,31181943457,127.0,2026-08-11T13:47:05.457000-07:00,2.1166666666666667,1.0964480874317013,1.0981619473422846
snowflake,571,2026-08-11T20:50:15Z,31237473710,27.0,2026-08-11T13:49:45.330000-07:00,0.45,1.0942622950819747,1.089741679085953
snowflake,572,2026-08-11T20:51:15Z,31293003963,87.0,2026-08-11T13:49:45.330000-07:00,1.45,1.114207650273232,1.0831594634873496
snowflake,573,2026-08-11T20:52:15Z,31348534217,69.0,2026-08-11T13:51:01.281000-07:00,1.15,1.0904371584699526,1.0767014406358881
snowflake,574,2026-08-11T20:53:15Z,31404064470,127.0,2026-08-11T13:51:01.281000-07:00,2.1166666666666667,1.0437158469945425,1.068703427719842
snowflake,575,2026-08-11T20:54:15Z,31459594723,22.0,2026-08-11T13:53:49.336000-07:00,0.36666666666666664,1.044535519125689,1.0648037754595263
snowflake,576,2026-08-11T20:55:15Z,31515124976,11.0,2026-08-11T13:55:03.393000-07:00,0.18333333333333332,1.062841530054651,1.0584947839046313
snowflake,577,2026-08-11T20:56:16Z,31571580734,64.0,2026-08-11T13:55:03.393000-07:00,1.0666666666666667,1.0360655737704982,1.0525335320417382
snowflake,578,2026-08-11T20:57:16Z,31627110987,132.0,2026-08-11T13:55:03.393000-07:00,2.2,1.0368852459016449,1.0447590660705517
snowflake,579,2026-08-11T20:58:16Z,31682641240,31.0,2026-08-11T13:57:44.391000-07:00,0.5166666666666667,1.0377049180327935,1.040735221063094
snowflake,580,2026-08-11T20:59:16Z,31737555368,5.0,2026-08-11T13:59:06.595000-07:00,0.08333333333333333,1.0557377049180399,1.0387978142076484
snowflake,581,2026-08-11T21:00:16Z,31791139961,64.0,2026-08-11T13:59:06.595000-07:00,1.0666666666666667,1.0270491803278758,1.0365126676602008
snowflake,582,2026-08-11T21:01:16Z,31844724555,128.0,2026-08-11T13:59:06.595000-07:00,2.1333333333333333,1.0286885245901713,1.0343268753104709
snowflake,583,2026-08-11T21:02:18Z,31900095302,22.0,2026-08-11T14:01:51.995000-07:00,0.36666666666666664,1.0286885245901713,1.0362146050670473
snowflake,584,2026-08-11T21:03:18Z,31953679896,14.0,2026-08-11T14:03:01.637000-07:00,0.23333333333333334,1.0461748633879846,1.0356433184301854
snowflake,585,2026-08-11T21:04:18Z,32007264489,70.0,2026-08-11T14:03:01.637000-07:00,1.1666666666666667,1.022404371584705,1.0348484848484636
snowflake,586,2026-08-11T21:05:18Z,32060849083,132.0,2026-08-11T14:03:01.637000-07:00,2.2,1.0193989071038299,1.0322901142573073
snowflake,587,2026-08-11T21:06:18Z,32114433677,27.0,2026-08-11T14:05:45.398000-07:00,0.45,1.038797814207656,1.0339791356184689
snowflake,588,2026-08-11T21:07:19Z,32168911347,8.0,2026-08-11T14:07:08.252000-07:00,0.13333333333333333,1.0568306010929005,1.0333830104321826
snowflake,589,2026-08-11T21:08:19Z,32222495941,70.0,2026-08-11T14:07:08.252000-07:00,1.1666666666666667,1.0306010928961786,1.0328117237953207
snowflake,590,2026-08-11T21:09:20Z,32277444681,127.0,2026-08-11T14:07:08.252000-07:00,2.1166666666666667,1.0289617486338833,1.0305265772478833
snowflake,591,2026-08-11T21:10:20Z,32332258153,23.0,2026-08-11T14:09:53.098000-07:00,0.38333333333333336,1.0275956284153034,1.0323149528067523
snowflake,592,2026-08-11T21:11:20Z,32387071625,6.0,2026-08-11T14:11:07.359000-07:00,0.1,1.0456284153005497,1.032165921510186
snowflake,593,2026-08-11T21:12:20Z,32441885097,69.0,2026-08-11T14:11:07.359000-07:00,1.15,1.0221311475409878,1.0302285146547403
snowflake,594,2026-08-11T21:13:20Z,32496698569,126.0,2026-08-11T14:11:07.359000-07:00,2.1,1.0224043715847033,1.0283904619970123
snowflake,595,2026-08-11T21:14:20Z,32551512041,28.0,2026-08-11T14:13:51.335000-07:00,0.4666666666666667,1.0210382513661234,1.0307004470938843
snowflake,596,2026-08-11T21:15:20Z,32606325514,12.0,2026-08-11T14:15:05.685000-07:00,0.2,1.0420765027322432,1.0306507699950358
snowflake,597,2026-08-11T21:16:21Z,32662052544,69.0,2026-08-11T14:15:05.685000-07:00,1.15,1.0177595628415343,1.0303527074018926
snowflake,598,2026-08-11T21:17:21Z,32716866016,131.0,2026-08-11T14:15:05.685000-07:00,2.183333333333333,1.0174863387978188,1.0281420765027283
snowflake,599,2026-08-11T21:18:21Z,32771679488,23.0,2026-08-11T14:17:52.026000-07:00,0.38333333333333336,1.0366120218579276,1.0295578738201605
snowflake,600,2026-08-11T21:19:21Z,32826771610,11.0,2026-08-11T14:19:05.371000-07:00,0.18333333333333332,1.0560109289617516,1.0285891703924377
snowflake,601,2026-08-11T21:20:21Z,32882281707,70.0,2026-08-11T14:19:05.371000-07:00,1.1666666666666667,1.0284153005464503,1.0275956284152905
snowflake,602,2026-08-11T21:21:21Z,32937791804,132.0,2026-08-11T14:19:05.371000-07:00,2.2,1.0243169398907126,1.0263288623944247
snowflake,603,2026-08-11T21:22:21Z,32993301901,32.0,2026-08-11T14:21:48.640000-07:00,0.5333333333333333,1.0213114754098371,1.029135618479865
snowflake,604,2026-08-11T21:23:21Z,33048811999,13.0,2026-08-11T14:23:07.449000-07:00,0.21666666666666667,1.037704918032788,1.029483358171867
snowflake,605,2026-08-11T21:24:21Z,33104322096,71.0,2026-08-11T14:23:07.449000-07:00,1.1833333333333333,1.0117486338797819,1.027918529557858
snowflake,606,2026-08-11T21:25:21Z,33159832193,133.0,2026-08-11T14:23:07.449000-07:00,2.216666666666667,1.0101092896174864,1.0265275707898498
snowflake,607,2026-08-11T21:26:22Z,33216267459,28.0,2026-08-11T14:25:50.869000-07:00,0.4666666666666667,1.0281420765027327,1.029657228017868
snowflake,608,2026-08-11T21:27:22Z,33271777556,15.0,2026-08-11T14:27:02.648000-07:00,0.25,1.0486338797814212,1.030874316939875
snowflake,609,2026-08-11T21:28:22Z,33327287653,74.0,2026-08-11T14:27:02.648000-07:00,1.2333333333333334,1.0213114754098354,1.032141082960741
snowflake,610,2026-08-11T21:29:22Z,33381911766,139.0,2026-08-11T14:27:02.648000-07:00,2.316666666666667,1.0193989071038243,1.033407848981607
snowflake,611,2026-08-11T21:30:22Z,33435295502,25.0,2026-08-11T14:29:52.237000-07:00,0.4166666666666667,1.0407103825136597,1.0368355688027784
snowflake,612,2026-08-11T21:31:22Z,33488679237,13.0,2026-08-11T14:31:08.079000-07:00,0.21666666666666667,1.0628415300546417,1.0379284649776432
snowflake,613,2026-08-11T21:32:22Z,33542062973,74.0,2026-08-11T14:31:08.079000-07:00,1.2333333333333334,1.0377049180327842,1.0370094386487794
snowflake,614,2026-08-11T21:33:22Z,33595446708,129.0,2026-08-11T14:31:08.079000-07:00,2.15,1.035245901639342,1.0358917039244901
snowflake,615,2026-08-11T21:34:22Z,33648830444,38.0,2026-08-11T14:33:43.307000-07:00,0.6333333333333333,1.0516393442622929,1.0368852459016475
snowflake,616,2026-08-11T21:35:23Z,33703103908,11.0,2026-08-11T14:35:04.581000-07:00,0.18333333333333332,1.0494535519125663,1.0356184798807921
snowflake,617,2026-08-11T21:36:23Z,33756487644,72.0,2026-08-11T14:35:04.581000-07:00,1.2,1.0221311475409802,1.032488822652774
snowflake,618,2026-08-11T21:37:23Z,33809871379,131.0,2026-08-11T14:35:04.581000-07:00,2.183333333333333,1.0180327868852426,1.0293343268753212
snowflake,619,2026-08-11T21:38:23Z,33863255115,30.0,2026-08-11T14:37:48.755000-07:00,0.5,1.0363387978142045,1.0281917536015974
snowflake,620,2026-08-11T21:39:23Z,33917309788,13.0,2026-08-11T14:39:08.329000-07:00,0.21666666666666667,1.0322404371584668,1.0249379036264372
snowflake,621,2026-08-11T21:40:23Z,33972241841,74.0,2026-08-11T14:39:08.329000-07:00,1.2333333333333334,1.0054644808743138,1.0197963238946903
snowflake,622,2026-08-11T21:41:23Z,34027173895,129.0,2026-08-11T14:39:08.329000-07:00,2.15,1.0062841530054607,1.0164679582712366
snowflake,623,2026-08-11T21:42:23Z,34082105949,35.0,2026-08-11T14:41:48.294000-07:00,0.5833333333333334,1.0281420765027272,1.0152508693492295
snowflake,624,2026-08-11T21:43:23Z,34137038002,23.0,2026-08-11T14:42:59.280000-07:00,0.38333333333333336,1.0251366120218537,1.0117734724292093
snowflake,625,2026-08-11T21:44:23Z,34191970056,84.0,2026-08-11T14:42:59.280000-07:00,1.4,0.9994535519125632,1.006358668653754
snowflake,626,2026-08-11T21:45:23Z,34246902109,144.0,2026-08-11T14:42:59.280000-07:00,2.4,0.9950819672131099,1.002831594634875
snowflake,627,2026-08-11T21:46:24Z,34302749697,34.0,2026-08-11T14:45:48.986000-07:00,0.5666666666666667,1.0128415300546387,1.0013412816691492
snowflake,628,2026-08-11T21:47:24Z,34357681751,21.0,2026-08-11T14:47:00.742000-07:00,0.35,1.008743169398901,0.9972180824639839
snowflake,629,2026-08-11T21:48:24Z,34412613805,78.0,2026-08-11T14:47:00.742000-07:00,1.3,0.9797814207650215,0.9906607054148047
snowflake,630,2026-08-11T21:49:24Z,34467458023,138.0,2026-08-11T14:47:00.742000-07:00,2.3,0.976775956284148,0.9860158966716365
snowflake,631,2026-08-11T21:50:24Z,34522194889,26.0,2026-08-11T14:49:52.478000-07:00,0.43333333333333335,0.9934426229508163,0.9833084947839036
snowflake,632,2026-08-11T21:51:24Z,34576931754,12.0,2026-08-11T14:51:06.883000-07:00,0.2,0.989071038251363,0.9783904619970165
snowflake,633,2026-08-11T21:52:24Z,34631668619,76.0,2026-08-11T14:51:06.883000-07:00,1.2666666666666666,0.9609289617486303,0.9717834078489783
snowflake,634,2026-08-11T21:53:24Z,34686405484,129.0,2026-08-11T14:51:06.883000-07:00,2.15,0.9560109289617458,0.9673621460506596
snowflake,635,2026-08-11T21:54:24Z,34741142349,32.0,2026-08-11T14:53:51.900000-07:00,0.5333333333333333,0.974043715846992,0.9652011922503644
snowflake,636,2026-08-11T21:55:24Z,34795879215,16.0,2026-08-11T14:55:03.487000-07:00,0.26666666666666666,0.9696721311475387,0.9606805762543383
snowflake,637,2026-08-11T21:56:25Z,34851528361,77.0,2026-08-11T14:55:03.487000-07:00,1.2833333333333334,0.9409836065573748,0.9545951316443031
snowflake,638,2026-08-11T21:57:25Z,34906265226,139.0,2026-08-11T14:55:03.487000-07:00,2.316666666666667,0.9401639344262261,0.950769995032281
snowflake,639,2026-08-11T21:58:25Z,34961002091,32.0,2026-08-11T14:57:51.900000-07:00,0.5333333333333333,0.9601092896174834,0.9512667660208494
snowflake,640,2026-08-11T21:59:25Z,35016018871,24.0,2026-08-11T14:58:59.557000-07:00,0.4,0.9560109289617458,0.9495777446596982
snowflake,641,2026-08-11T22:00:25Z,35071355554,83.0,2026-08-11T14:58:59.557000-07:00,1.3833333333333333,0.9270491803278644,0.9458022851465351
snowflake,642,2026-08-11T22:01:25Z,35126692236,145.0,2026-08-11T14:58:59.557000-07:00,2.4166666666666665,0.9265027322404332,0.9441877794336775
snowflake,643,2026-08-11T22:02:25Z,35182028919,36.0,2026-08-11T15:01:48.164000-07:00,0.6,0.9469945355191217,0.946870342771986
snowflake,644,2026-08-11T22:03:25Z,35237365601,13.0,2026-08-11T15:03:08.202000-07:00,0.21666666666666667,0.966393442622946,0.9472429210134227
snowflake,645,2026-08-11T22:04:25Z,35292702284,74.0,2026-08-11T15:03:08.202000-07:00,1.2333333333333334,0.9374316939890665,0.9456035767511305
snowflake,646,2026-08-11T22:05:25Z,35348038966,62.0,2026-08-11T15:04:22.453000-07:00,1.0333333333333334,0.9325136612021819,0.9461003477397092
snowflake,647,2026-08-11T22:06:25Z,35403375649,32.0,2026-08-11T15:05:48.048000-07:00,0.5333333333333333,0.9519125683060081,0.9509687034277373
snowflake,648,2026-08-11T22:07:26Z,35459634609,12.0,2026-08-11T15:07:07.766000-07:00,0.2,0.9704918032786856,0.9533780427223167
snowflake,649,2026-08-11T22:08:26Z,35514971292,75.0,2026-08-11T15:07:07.766000-07:00,1.25,0.9442622950819657,0.9533283656234578
snowflake,650,2026-08-11T22:09:26Z,35569806411,55.0,2026-08-11T15:08:27.316000-07:00,0.9166666666666666,0.9420765027322391,0.9528067560854548
snowflake,651,2026-08-11T22:10:26Z,35624105375,29.0,2026-08-11T15:09:52.087000-07:00,0.48333333333333334,0.9614754098360634,0.956284153005475
snowflake,652,2026-08-11T22:11:26Z,35678404340,26.0,2026-08-11T15:10:59.274000-07:00,0.43333333333333335,0.980601092896172,0.9574267262791988
snowflake,653,2026-08-11T22:12:27Z,35733608287,86.0,2026-08-11T15:10:59.274000-07:00,1.4333333333333333,0.9530054644808723,0.9565573770491937
snowflake,654,2026-08-11T22:13:27Z,35787907251,58.0,2026-08-11T15:12:26.260000-07:00,0.9666666666666667,0.9464480874316905,0.955538996522612
snowflake,655,2026-08-11T22:14:27Z,35842206216,32.0,2026-08-11T15:13:53.858000-07:00,0.5333333333333333,0.9606557377049146,0.9584202682563355
snowflake,656,2026-08-11T22:15:27Z,35896505180,12.0,2026-08-11T15:15:06.160000-07:00,0.2,0.9756830601092875,0.9589170392449143
snowflake,657,2026-08-11T22:16:27Z,35950804145,77.0,2026-08-11T15:15:06.160000-07:00,1.2833333333333334,0.9450819672131126,0.9577247888723316
snowflake,658,2026-08-11T22:17:27Z,36005103109,54.0,2026-08-11T15:16:27.958000-07:00,0.9,0.9423497267759529,0.9566815697963255
snowflake,659,2026-08-11T22:18:27Z,36059402074,25.0,2026-08-11T15:17:55.766000-07:00,0.4166666666666667,0.9592896174863348,0.9599602583209204
snowflake,660,2026-08-11T22:19:27Z,36113681226,12.0,2026-08-11T15:19:06.818000-07:00,0.2,0.9759562841530031,0.9614754098360705
snowflake,661,2026-08-11T22:20:27Z,36167940567,72.0,2026-08-11T15:19:06.818000-07:00,1.2,0.9475409836065566,0.9616741182315061
snowflake,662,2026-08-11T22:21:27Z,36222199907,54.0,2026-08-11T15:20:28.416000-07:00,0.9,0.9483606557377053,0.962245404868368
snowflake,663,2026-08-11T22:22:28Z,36277363570,29.0,2026-08-11T15:21:57.874000-07:00,0.48333333333333334,0.9691256830601094,0.967386984600115
snowflake,664,2026-08-11T22:23:28Z,36331622911,14.0,2026-08-11T15:23:07.565000-07:00,0.23333333333333334,0.9890710382513668,0.9701937406855553
snowflake,665,2026-08-11T22:24:28Z,36385882251,79.0,2026-08-11T15:23:07.565000-07:00,1.3166666666666667,0.9631147540983626,0.9712121212121371
snowflake,666,2026-08-11T22:25:28Z,36440141592,55.0,2026-08-11T15:24:26.766000-07:00,0.9166666666666666,0.9628415300546469,0.9722056631892841
snowflake,667,2026-08-11T22:26:28Z,36494400932,28.0,2026-08-11T15:25:56.870000-07:00,0.4666666666666667,0.9819672131147555,0.9772975658221722
snowflake,668,2026-08-11T22:27:28Z,36548660273,25.0,2026-08-11T15:26:59.091000-07:00,0.4166666666666667,1.0016393442622973,0.9796572280179031
snowflake,669,2026-08-11T22:28:28Z,36602919613,88.0,2026-08-11T15:26:59.091000-07:00,1.4666666666666666,0.973224043715849,0.9798062593144695
snowflake,670,2026-08-11T22:29:28Z,36657437331,59.0,2026-08-11T15:28:27.486000-07:00,0.9833333333333333,0.9704918032786911,0.9799056135121873
snowflake,671,2026-08-11T22:30:29Z,36713109415,33.0,2026-08-11T15:29:52.568000-07:00,0.55,0.986885245901642,0.9841033283656461
snowflake,672,2026-08-11T22:31:29Z,36767868841,23.0,2026-08-11T15:31:00.179000-07:00,0.38333333333333336,1.0035519125683083,0.9876552409339493
snowflake,673,2026-08-11T22:32:29Z,36822628268,88.0,2026-08-11T15:31:00.179000-07:00,1.4666666666666666,0.9743169398907132,0.9893442622951004
snowflake,674,2026-08-11T22:33:29Z,36877387694,145.0,2026-08-11T15:31:00.179000-07:00,2.4166666666666665,0.9707650273224068,0.9911077993045349
snowflake,675,2026-08-11T22:34:29Z,36932147121,23.0,2026-08-11T15:33:59.365000-07:00,0.38333333333333336,0.990163934426231,0.997143566815711
snowflake,676,2026-08-11T22:35:29Z,36986906547,20.0,2026-08-11T15:35:06.122000-07:00,0.3333333333333333,1.0092896174863397,1.002930948832603
snowflake,677,2026-08-11T22:36:29Z,37041665974,82.0,2026-08-11T15:35:06.122000-07:00,1.3666666666666667,1.0019125683060128,1.0071038251366273
snowflake,678,2026-08-11T22:37:29Z,37096425400,140.0,2026-08-11T15:35:06.122000-07:00,2.3333333333333335,1.0005464480874349,1.0112767014406514
snowflake,679,2026-08-11T22:38:29Z,37151184827,35.0,2026-08-11T15:37:54.318000-07:00,0.5833333333333334,1.0210382513661234,1.0194982613015575
snowflake,680,2026-08-11T22:39:29Z,37205396804,22.0,2026-08-11T15:39:04.531000-07:00,0.36666666666666664,1.039617486338801,1.0273969200198858
snowflake,681,2026-08-11T22:40:29Z,37259129763,84.0,2026-08-11T15:39:04.531000-07:00,1.4,1.0341530054644852,1.0333333333333443
snowflake,682,2026-08-11T22:41:30Z,37313758272,144.0,2026-08-11T15:39:04.531000-07:00,2.4,1.0327868852459055,1.0393939393939449
snowflake,683,2026-08-11T22:42:30Z,37367491231,28.0,2026-08-11T15:41:56.020000-07:00,0.4666666666666667,1.0494535519125736,1.0478142076502763
snowflake,684,2026-08-11T22:43:30Z,37421224190,11.0,2026-08-11T15:43:08.607000-07:00,0.18333333333333332,1.064754098360662,1.0558867362146058
snowflake,685,2026-08-11T22:44:30Z,37474957150,75.0,2026-08-11T15:43:08.607000-07:00,1.25,1.0576502732240491,1.0623447590660673
snowflake,686,2026-08-11T22:45:30Z,37528690109,139.0,2026-08-11T15:43:08.607000-07:00,2.316666666666667,1.0554644808743223,1.069150521609541
snowflake,687,2026-08-11T22:46:30Z,37582423068,32.0,2026-08-11T15:45:58.762000-07:00,0.5333333333333333,1.075956284153011,1.0785394932935952
snowflake,688,2026-08-11T22:47:31Z,37637051576,24.0,2026-08-11T15:47:07.178000-07:00,0.4,1.0945355191256885,1.0876055638350821
snowflake,689,2026-08-11T22:48:31Z,37690784536,83.0,2026-08-11T15:47:07.178000-07:00,1.3833333333333333,1.0893442622950884,1.0951564828614087
snowflake,690,2026-08-11T22:49:31Z,37744928895,139.0,2026-08-11T15:47:07.178000-07:00,2.316666666666667,1.092076502732248,1.102955787382019
snowflake,691,2026-08-11T22:50:31Z,37799387855,34.0,2026-08-11T15:49:51.410000-07:00,0.5666666666666667,1.1144808743169476,1.1130153999006531
snowflake,692,2026-08-11T22:51:31Z,37853846815,29.0,2026-08-11T15:51:02.411000-07:00,0.48333333333333334,1.1374316939890783,1.1228266269249927
snowflake,693,2026-08-11T22:52:32Z,37909213424,88.0,2026-08-11T15:51:02.411000-07:00,1.4666666666666666,1.1325136612021938,1.1307501241927556
snowflake,694,2026-08-11T22:53:32Z,37963672383,149.0,2026-08-11T15:51:02.411000-07:00,2.4833333333333334,1.1325136612021938,1.1385742672628008
snowflake,695,2026-08-11T22:54:32Z,38018131343,34.0,2026-08-11T15:53:56.043000-07:00,0.5666666666666667,1.15054644808744,1.1483854942871403
snowflake,696,2026-08-11T22:55:32Z,38072590303,31.0,2026-08-11T15:55:00.293000-07:00,0.5166666666666667,1.168306010928969,1.1575260804769103
snowflake,697,2026-08-11T22:56:32Z,38127049262,86.0,2026-08-11T15:55:00.293000-07:00,1.4333333333333333,1.1633879781420844,1.1646050670640926
snowflake,698,2026-08-11T22:57:33Z,38182415871,149.0,2026-08-11T15:55:00.293000-07:00,2.4833333333333334,1.1631147540983688,1.1711872826626963
snowflake,699,2026-08-11T22:58:33Z,38236874831,35.0,2026-08-11T15:57:57.498000-07:00,0.5833333333333334,1.1806010928961839,1.1798559364133119
snowflake,700,2026-08-11T22:59:33Z,38292066432,22.0,2026-08-11T15:59:08.338000-07:00,0.36666666666666664,1.1972677595628503,1.1858420268256291
snowflake,701,2026-08-11T23:00:33Z,38347746460,84.0,2026-08-11T15:59:08.338000-07:00,1.4,1.1926229508196815,1.190288127173372
snowflake,702,2026-08-11T23:01:33Z,38403426489,144.0,2026-08-11T15:59:08.338000-07:00,2.4,1.192349726775966,1.1948087431693983
snowflake,703,2026-08-11T23:02:33Z,38459106517,38.0,2026-08-11T16:01:54.770000-07:00,0.6333333333333333,1.209836065573781,1.2014157973174364
snowflake,704,2026-08-11T23:03:34Z,38515714546,23.0,2026-08-11T16:03:04.165000-07:00,0.38333333333333336,1.227868852459027,1.2056383507203194
snowflake,705,2026-08-11T23:04:34Z,38571394575,84.0,2026-08-11T16:03:04.165000-07:00,1.4,1.1983606557377164,1.2079483358171914
snowflake,706,2026-08-11T23:05:34Z,38627074603,144.0,2026-08-11T16:03:04.165000-07:00,2.4,1.1994535519125806,1.2102334823646392
snowflake,707,2026-08-11T23:06:34Z,38682754631,35.0,2026-08-11T16:05:51.676000-07:00,0.5833333333333334,1.2180327868852583,1.21455538996524
snowflake,708,2026-08-11T23:07:34Z,38738434660,27.0,2026-08-11T16:07:04.368000-07:00,0.45,1.2360655737705044,1.216418281172392
snowflake,709,2026-08-11T23:08:34Z,38794114688,87.0,2026-08-11T16:07:04.368000-07:00,1.45,1.2095628415300672,1.2167908594138288
snowflake,710,2026-08-11T23:09:34Z,38848657309,143.0,2026-08-11T16:07:04.368000-07:00,2.3833333333333333,1.2060109289617607,1.2175360158966917
snowflake,711,2026-08-11T23:10:34Z,38902492894,35.0,2026-08-11T16:09:58.895000-07:00,0.5833333333333334,1.2224043715847115,1.2227769498261565
snowflake,712,2026-08-11T23:11:34Z,38956328478,24.0,2026-08-11T16:11:07.760000-07:00,0.4,1.2401639344262423,1.2252608047690294
snowflake,713,2026-08-11T23:12:34Z,39010164062,87.0,2026-08-11T16:11:07.760000-07:00,1.45,1.212841530054658,1.2260556383507513
snowflake,714,2026-08-11T23:13:35Z,39064896906,142.0,2026-08-11T16:11:07.760000-07:00,2.3666666666666667,1.2139344262295204,1.2269249875807562
snowflake,715,2026-08-11T23:14:35Z,39118732491,32.0,2026-08-11T16:13:58.398000-07:00,0.5333333333333333,1.2360655737705044,1.2318430203676434
snowflake,716,2026-08-11T23:15:35Z,39172568075,24.0,2026-08-11T16:15:07.742000-07:00,0.4,1.2560109289617618,1.2345255837059417
snowflake,717,2026-08-11T23:16:35Z,39226403659,87.0,2026-08-11T16:15:07.742000-07:00,1.45,1.226775956284165,1.2354942871336645
snowflake,718,2026-08-11T23:17:35Z,39280239243,145.0,2026-08-11T16:15:07.742000-07:00,2.4166666666666665,1.226775956284165,1.2362642821659515
snowflake,719,2026-08-11T23:18:35Z,39334074828,35.0,2026-08-11T16:17:56.295000-07:00,0.5833333333333334,1.245628415300558,1.2410332836562619
snowflake,720,2026-08-11T23:19:35Z,39389075164,35.0,2026-08-11T16:18:59.519000-07:00,0.5833333333333334,1.2636612021858042,1.2428713363139794
snowflake,721,2026-08-11T23:20:35Z,39444749829,94.0,2026-08-11T16:18:59.519000-07:00,1.5666666666666667,1.2355191256830695,1.2424987580725533
snowflake,722,2026-08-11T23:21:35Z,39500424495,156.0,2026-08-11T16:18:59.519000-07:00,2.6,1.2330601092896274,1.2416294088425481
snowflake,723,2026-08-11T23:22:35Z,39556099161,36.0,2026-08-11T16:21:58.940000-07:00,0.6,1.2486338797814314,1.2449329359165673
snowflake,724,2026-08-11T23:23:36Z,39612701738,29.0,2026-08-11T16:23:05.947000-07:00,0.48333333333333334,1.2653005464480978,1.2454048683557113
snowflake,725,2026-08-11T23:24:36Z,39668376403,80.0,2026-08-11T16:23:05.947000-07:00,1.3333333333333333,1.2341530054644898,1.2440635866865621
snowflake,726,2026-08-11T23:25:36Z,39724051069,144.0,2026-08-11T16:23:05.947000-07:00,2.4,1.231967213114763,1.2427968206656963
snowflake,727,2026-08-11T23:26:36Z,39779725735,37.0,2026-08-11T16:25:55.257000-07:00,0.6166666666666667,1.2464480874317048,1.245777446597148
snowflake,728,2026-08-11T23:27:36Z,39835400400,27.0,2026-08-11T16:27:04.255000-07:00,0.45,1.263114754098373,1.246547441629435
snowflake,729,2026-08-11T23:28:36Z,39891075066,89.0,2026-08-11T16:27:04.255000-07:00,1.4833333333333334,1.231967213114765,1.2458022851465722
snowflake,730,2026-08-11T23:29:36Z,39945676426,149.0,2026-08-11T16:27:04.255000-07:00,2.4833333333333334,1.2308743169399006,1.2453303527074282
snowflake,731,2026-08-11T23:30:36Z,39999699853,42.0,2026-08-11T16:29:53.986000-07:00,0.7,1.2497267759562938,1.2494038748137344
snowflake,732,2026-08-11T23:31:36Z,40053723279,32.0,2026-08-11T16:31:02.113000-07:00,0.5333333333333333,1.2683060109289712,1.2509935419771678
snowflake,733,2026-08-11T23:32:36Z,40107746705,87.0,2026-08-11T16:31:02.113000-07:00,1.45,1.2415300546448182,1.2511922503725932
snowflake,734,2026-08-11T23:33:36Z,40161770132,154.0,2026-08-11T16:31:02.113000-07:00,2.566666666666667,1.240437158469954,1.2514157973174427
snowflake,735,2026-08-11T23:34:36Z,40215793558,37.0,2026-08-11T16:33:58.710000-07:00,0.6166666666666667,1.260109289617494,1.2560854446100351
snowflake,736,2026-08-11T23:35:37Z,40270717375,27.0,2026-08-11T16:35:07.530000-07:00,0.45,1.278961748633887,1.258395429706907
snowflake,737,2026-08-11T23:36:37Z,40324740801,88.0,2026-08-11T16:35:07.530000-07:00,1.4666666666666666,1.2494535519125745,1.2589418777943344
snowflake,738,2026-08-11T23:37:37Z,40378764228,148.0,2026-08-11T16:35:07.530000-07:00,2.466666666666667,1.2486338797814258,1.2594386487829028
snowflake,739,2026-08-11T23:38:37Z,40432787654,43.0,2026-08-11T16:37:51.450000-07:00,0.7166666666666667,1.2655737704918077,1.2638350720317868
snowflake,740,2026-08-11T23:39:37Z,40487491480,22.0,2026-08-11T16:39:07.674000-07:00,0.36666666666666664,1.2833333333333365,1.2660208643815167
snowflake,741,2026-08-11T23:40:37Z,40542535505,82.0,2026-08-11T16:39:07.674000-07:00,1.3666666666666667,1.256284153005468,1.266567312468944
snowflake,742,2026-08-11T23:41:37Z,40597579530,149.0,2026-08-11T16:39:07.674000-07:00,2.4833333333333334,1.255737704918035,1.267237953303534
snowflake,743,2026-08-11T23:42:37Z,40652623556,44.0,2026-08-11T16:41:49.795000-07:00,0.7333333333333333,1.2737704918032813,1.2723298559364324
snowflake,744,2026-08-11T23:43:37Z,40707667581,32.0,2026-08-11T16:43:04.838000-07:00,0.5333333333333333,1.2898907103825166,1.2748633879781643
snowflake,745,2026-08-11T23:44:37Z,40762711606,92.0,2026-08-11T16:43:04.838000-07:00,1.5333333333333334,1.2644808743169416,1.2759066070541705
snowflake,746,2026-08-11T23:45:37Z,40817755632,148.0,2026-08-11T16:43:04.838000-07:00,2.466666666666667,1.2661202185792388,1.2768504719324587
snowflake,747,2026-08-11T23:46:38Z,40873717057,32.0,2026-08-11T16:45:59.210000-07:00,0.5333333333333333,1.2863387978142138,1.2818678589170531
snowflake,748,2026-08-11T23:47:38Z,40928761083,32.0,2026-08-11T16:47:05.775000-07:00,0.5333333333333333,1.3054644808743205,1.2840784898162176
snowflake,749,2026-08-11T23:48:38Z,40983805108,93.0,2026-08-11T16:47:05.775000-07:00,1.55,1.276502732240443,1.2846994535519385
snowflake,750,2026-08-11T23:49:38Z,41038144502,149.0,2026-08-11T16:47:05.775000-07:00,2.4833333333333334,1.2770491803278723,1.2854694485842257
snowflake,751,2026-08-11T23:50:39Z,41093057573,36.0,2026-08-11T16:49:55.881000-07:00,0.6,1.2937158469945367,1.290536512667679
snowflake,752,2026-08-11T23:51:39Z,41147070430,25.0,2026-08-11T16:51:06.360000-07:00,0.4166666666666667,1.3114754098360675,1.2930700447094212
snowflake,753,2026-08-11T23:52:39Z,41201083287,86.0,2026-08-11T16:51:06.360000-07:00,1.4333333333333333,1.2800546448087458,1.2937655240934047
snowflake,754,2026-08-11T23:53:39Z,41255096144,149.0,2026-08-11T16:51:06.360000-07:00,2.4833333333333334,1.2806010928961786,1.294560357675106
snowflake,755,2026-08-11T23:54:39Z,41309109001,35.0,2026-08-11T16:53:59.627000-07:00,0.5833333333333334,1.2983606557377074,1.2997516145057117
snowflake,756,2026-08-11T23:55:39Z,41363121858,26.0,2026-08-11T16:55:07.866000-07:00,0.43333333333333335,1.3202185792349759,1.3023845007451613
snowflake,757,2026-08-11T23:56:39Z,41417134715,84.0,2026-08-11T16:55:07.866000-07:00,1.4,1.2939890710382542,1.3033780427223187
snowflake,758,2026-08-11T23:57:39Z,41471147572,147.0,2026-08-11T16:55:07.866000-07:00,2.45,1.2939890710382524,1.304321907600607
snowflake,759,2026-08-11T23:58:39Z,41525160429,35.0,2026-08-11T16:57:58.965000-07:00,0.5833333333333334,1.3142076502732254,1.3098609041231943
snowflake,760,2026-08-11T23:59:39Z,41579581281,31.0,2026-08-11T16:59:07.587000-07:00,0.5166666666666667,1.3336065573770515,1.3126924987580588
snowflake,761,2026-08-12T00:00:39Z,41634176988,91.0,2026-08-11T16:59:07.587000-07:00,1.5166666666666666,1.3060109289617499,1.3138847491306314
snowflake,762,2026-08-12T00:01:40Z,41689682623,152.0,2026-08-11T16:59:07.587000-07:00,2.533333333333333,1.3046448087431681,1.3147789369100709
snowflake,763,2026-08-12T00:02:41Z,41745188259,46.0,2026-08-11T17:01:53.396000-07:00,0.7666666666666667,1.3218579234972658,1.3198708395429384
snowflake,764,2026-08-12T00:03:41Z,41799783966,34.0,2026-08-11T17:03:05.723000-07:00,0.5666666666666667,1.3409836065573726,1.3223546944858215
snowflake,765,2026-08-12T00:04:41Z,41854379673,95.0,2026-08-11T17:03:05.723000-07:00,1.5833333333333333,1.3117486338797755,1.3228266269249658
snowflake,766,2026-08-12T00:05:41Z,41908975380,153.0,2026-08-11T17:03:05.723000-07:00,2.55,1.3114754098360581,1.323422752111252
snowflake,767,2026-08-12T00:06:42Z,41964481015,36.0,2026-08-11T17:05:59.366000-07:00,0.6,1.3300546448087338,1.3283407848981286
snowflake,768,2026-08-12T00:07:42Z,42019076722,32.0,2026-08-11T17:07:09.279000-07:00,0.5333333333333333,1.349999999999991,1.3309985096870027
snowflake,769,2026-08-12T00:08:42Z,42073672429,89.0,2026-08-11T17:07:09.279000-07:00,1.4833333333333334,1.3213114754098272,1.3318926974664422
snowflake,770,2026-08-12T00:09:42Z,42128693251,152.0,2026-08-11T17:07:09.279000-07:00,2.533333333333333,1.3193989071038141,1.332687531048164
snowflake,771,2026-08-12T00:10:42Z,42183855777,44.0,2026-08-11T17:09:56.682000-07:00,0.7333333333333333,1.3401639344262202,1.3377049180327794
snowflake,772,2026-08-12T00:11:43Z,42239937679,33.0,2026-08-11T17:11:07.418000-07:00,0.55,1.3601092896174756,1.3402632886239354
snowflake,773,2026-08-12T00:12:43Z,42295100205,90.0,2026-08-11T17:11:07.418000-07:00,1.5,1.333879781420756,1.3411574764033545
snowflake,774,2026-08-12T00:13:43Z,42350262731,146.0,2026-08-11T17:11:07.418000-07:00,2.433333333333333,1.3316939890710273,1.3418777943368034
snowflake,775,2026-08-12T00:14:43Z,42405425258,49.0,2026-08-11T17:13:51.997000-07:00,0.8166666666666667,1.3497267759562754,1.3469200198708222
snowflake,776,2026-08-12T00:15:43Z,42460587784,38.0,2026-08-11T17:15:04.787000-07:00,0.6333333333333333,1.3669398907103731,1.3496025832091412
snowflake,777,2026-08-12T00:16:43Z,42515750310,98.0,2026-08-11T17:15:04.787000-07:00,1.6333333333333333,1.339617486338787,1.3504222553402874
snowflake,778,2026-08-12T00:17:43Z,42570912837,157.0,2026-08-11T17:15:04.787000-07:00,2.6166666666666667,1.3398907103825026,1.3512667660208784
snowflake,779,2026-08-12T00:18:43Z,42626075363,39.0,2026-08-11T17:17:57.449000-07:00,0.65,1.357923497267751,1.3563586686537663
snowflake,780,2026-08-12T00:19:44Z,42682077656,37.0,2026-08-11T17:19:03.788000-07:00,0.6166666666666667,1.3767759562841457,1.358941877794347
snowflake,781,2026-08-12T00:20:44Z,42737138554,96.0,2026-08-11T17:19:03.788000-07:00,1.6,1.3489071038251286,1.35991058122208
snowflake,782,2026-08-12T00:21:44Z,42792199452,159.0,2026-08-11T17:19:03.788000-07:00,2.65,1.3491803278688443,1.361177347242946
snowflake,783,2026-08-12T00:22:44Z,42847260351,41.0,2026-08-11T17:21:58.087000-07:00,0.6833333333333333,1.3693989071038173,1.3668653750621202
snowflake,784,2026-08-12T00:23:44Z,42902321249,38.0,2026-08-11T17:23:02.798000-07:00,0.6333333333333333,1.3898907103825058,1.3700447093890076
snowflake,785,2026-08-12T00:24:44Z,42957382147,94.0,2026-08-11T17:23:02.798000-07:00,1.5666666666666667,1.3601092896174793,1.3719076005961597
snowflake,786,2026-08-12T00:25:44Z,43012443045,160.0,2026-08-11T17:23:02.798000-07:00,2.6666666666666665,1.360382513661195,1.3740437158470409
snowflake,787,2026-08-12T00:26:44Z,43067503943,48.0,2026-08-11T17:25:55.717000-07:00,0.8,1.3808743169398836,1.3807004470939277
snowflake,788,2026-08-12T00:27:44Z,43122564842,37.0,2026-08-11T17:27:02.197000-07:00,0.6166666666666667,1.4021857923497187,1.3847491306508097
snowflake,789,2026-08-12T00:28:45Z,43178543421,101.0,2026-08-11T17:27:02.197000-07:00,1.6833333333333333,1.374863387978133,1.3869846000993882
snowflake,790,2026-08-12T00:29:45Z,43233377997,160.0,2026-08-11T17:27:02.197000-07:00,2.6666666666666665,1.3784153005464395,1.3891207153502487
snowflake,791,2026-08-12T00:30:45Z,43288155992,48.0,2026-08-11T17:29:54.955000-07:00,0.8,1.400273224043706,1.395603576751145
snowflake,792,2026-08-12T00:31:45Z,43342933986,37.0,2026-08-11T17:31:07.751000-07:00,0.6166666666666667,1.4221311475409724,1.39950322901144
snowflake,793,2026-08-12T00:32:45Z,43397711981,95.0,2026-08-11T17:31:07.751000-07:00,1.5833333333333333,1.393715846994524,1.401664182811725
snowflake,794,2026-08-12T00:33:45Z,43452489976,157.0,2026-08-11T17:31:07.751000-07:00,2.6166666666666667,1.3939890710382397,1.4036264282165947
snowflake,795,2026-08-12T00:34:45Z,43507267971,47.0,2026-08-11T17:33:51.803000-07:00,0.7833333333333333,1.4133879781420657,1.409786388474913
snowflake,796,2026-08-12T00:35:46Z,43562958932,36.0,2026-08-11T17:35:04.475000-07:00,0.6,1.4314207650273139,1.413015399900649
snowflake,797,2026-08-12T00:36:46Z,43617736927,95.0,2026-08-11T17:35:04.475000-07:00,1.5833333333333333,1.4032786885245812,1.4143566815697879
snowflake,798,2026-08-12T00:37:46Z,43672514922,161.0,2026-08-11T17:35:04.475000-07:00,2.683333333333333,1.4046448087431629,1.4155986090412294
snowflake,799,2026-08-12T00:38:46Z,43727292917,43.0,2026-08-11T17:38:00.053000-07:00,0.7166666666666667,1.4237704918032734,1.4214108296075458
snowflake,800,2026-08-12T00:39:46Z,43782092997,36.0,2026-08-11T17:39:05.804000-07:00,0.6,1.4426229508196684,1.424664679582706
snowflake,801,2026-08-12T00:40:46Z,43836898035,98.0,2026-08-11T17:39:05.804000-07:00,1.6333333333333333,1.4139344262295044,1.4259314456035719
snowflake,802,2026-08-12T00:41:46Z,43891703074,155.0,2026-08-11T17:39:05.804000-07:00,2.5833333333333335,1.4150273224043668,1.42709885742672
snowflake,803,2026-08-12T00:42:46Z,43946508112,53.0,2026-08-11T17:41:53.321000-07:00,0.8833333333333333,1.435792349726771,1.432414307004468
snowflake,804,2026-08-12T00:43:46Z,44001313150,36.0,2026-08-11T17:43:03.413000-07:00,0.6,1.4576502732240375,1.4349975161450486
snowflake,805,2026-08-12T00:44:46Z,44056118188,98.0,2026-08-11T17:43:03.413000-07:00,1.6333333333333333,1.4297814207650203,1.4359662195727816
snowflake,806,2026-08-12T00:45:46Z,44110923227,155.0,2026-08-11T17:43:03.413000-07:00,2.5833333333333335,1.42732240437158,1.4370094386487877
snowflake,807,2026-08-12T00:46:47Z,44166641682,48.0,2026-08-11T17:45:51.921000-07:00,0.8,1.444262295081962,1.442473919523102
snowflake,808,2026-08-12T00:47:47Z,44221446721,33.0,2026-08-11T17:47:04.349000-07:00,0.55,1.4617486338797752,1.4450322901142583
snowflake,809,2026-08-12T00:48:47Z,44276251759,98.0,2026-08-11T17:47:04.349000-07:00,1.6333333333333333,1.4330601092896114,1.4452806756085423
snowflake,810,2026-08-12T00:49:47Z,44329863497,162.0,2026-08-11T17:47:04.349000-07:00,2.7,1.4344262295081893,1.4445851962245384
snowflake,811,2026-08-12T00:50:47Z,44383236575,47.0,2026-08-11T17:49:58.916000-07:00,0.7833333333333333,1.454098360655731,1.4475658221559902
snowflake,812,2026-08-12T00:51:47Z,44436609653,37.0,2026-08-11T17:51:06.479000-07:00,0.6166666666666667,1.4740437158469883,1.4517386984600142
snowflake,813,2026-08-12T00:52:47Z,44489982731,99.0,2026-08-11T17:51:06.479000-07:00,1.65,1.443169398907096,1.4537506209637534
snowflake,814,2026-08-12T00:53:47Z,44543355809,161.0,2026-08-11T17:51:06.479000-07:00,2.683333333333333,1.438524590163927,1.455290611028328
snowflake,815,2026-08-12T00:54:47Z,44596728887,40.0,2026-08-11T17:53:58.688000-07:00,0.6666666666666666,1.4499999999999895,1.4604570293095094
snowflake,816,2026-08-12T00:55:48Z,44650991516,36.0,2026-08-11T17:55:05.895000-07:00,0.6,1.4625683060109183,1.4665673124689584
snowflake,817,2026-08-12T00:56:48Z,44704364594,101.0,2026-08-11T17:55:05.895000-07:00,1.6833333333333333,1.4732240437158342,1.4702930948832629
snowflake,818,2026-08-12T00:57:48Z,44757737672,162.0,2026-08-11T17:55:05.895000-07:00,2.7,1.4663934426229404,1.4734227521112808
snowflake,819,2026-08-12T00:58:48Z,44811110750,47.0,2026-08-11T17:57:57.968000-07:00,0.7833333333333333,1.4786885245901535,1.480625931445626
snowflake,820,2026-08-12T00:59:48Z,44866021839,48.0,2026-08-11T17:58:57.808000-07:00,0.8,1.4898907103825005,1.489418777943394
snowflake,821,2026-08-12T01:00:49Z,44922124049,111.0,2026-08-11T17:58:57.808000-07:00,1.85,1.5016393442622824,1.4965722801788492
snowflake,822,2026-08-12T01:01:49Z,44977306550,171.0,2026-08-11T17:58:57.808000-07:00,2.85,1.4950819672131044,1.5036512667660313
snowflake,823,2026-08-12T01:02:49Z,45032489052,48.0,2026-08-11T18:01:59.019000-07:00,0.8,1.5084699453551835,1.510854446100356
snowflake,824,2026-08-12T01:03:49Z,45087671554,47.0,2026-08-11T18:03:01.236000-07:00,0.7833333333333333,1.522404371584694,1.5197218082463968
snowflake,825,2026-08-12T01:04:49Z,45142854056,105.0,2026-08-11T18:03:01.236000-07:00,1.75,1.535245901639342,1.5271236959761567
snowflake,826,2026-08-12T01:05:49Z,45198036558,161.0,2026-08-11T18:03:01.236000-07:00,2.683333333333333,1.528688524590164,1.5347988077496253
snowflake,827,2026-08-12T01:06:49Z,45253219059,50.0,2026-08-11T18:05:53.843000-07:00,0.8333333333333334,1.5404371584699459,1.542771982116247
snowflake,828,2026-08-12T01:07:49Z,45308401561,41.0,2026-08-11T18:07:07.347000-07:00,0.6833333333333333,1.5524590163934433,1.5527322404371633
snowflake,829,2026-08-12T01:08:50Z,45364503771,102.0,2026-08-11T18:07:07.347000-07:00,1.7,1.5639344262295096,1.5608544461003517
snowflake,830,2026-08-12T01:09:50Z,45419018800,158.0,2026-08-11T18:07:07.347000-07:00,2.6333333333333333,1.5601092896174875,1.5689518132140952
snowflake,831,2026-08-12T01:10:50Z,45473445671,47.0,2026-08-11T18:09:58.989000-07:00,0.7833333333333333,1.5743169398907135,1.5769995032289899
snowflake,832,2026-08-12T01:11:50Z,45527872542,48.0,2026-08-11T18:10:58.845000-07:00,0.8,1.5893442622950826,1.5868604073522088
snowflake,833,2026-08-12T01:12:50Z,45582299414,109.0,2026-08-11T18:10:58.845000-07:00,1.8166666666666667,1.604644808743171,1.5949826130153972
snowflake,834,2026-08-12T01:13:51Z,45637633399,170.0,2026-08-11T18:10:58.845000-07:00,2.8333333333333335,1.5978142076502737,1.603179334326879
snowflake,835,2026-08-12T01:14:51Z,45692060271,44.0,2026-08-11T18:13:58.504000-07:00,0.7333333333333333,1.6114754098360686,1.611400894187785
snowflake,836,2026-08-12T01:15:51Z,45746487142,40.0,2026-08-11T18:15:06.413000-07:00,0.6666666666666666,1.6237704918032816,1.6210382513661237
snowflake,837,2026-08-12T01:16:51Z,45800914013,100.0,2026-08-11T18:15:06.413000-07:00,1.6666666666666667,1.637158469945361,1.6289120715350278
snowflake,838,2026-08-12T01:17:51Z,45855340885,162.0,2026-08-11T18:15:06.413000-07:00,2.7,1.6297814207650323,1.6366616989567897
snowflake,839,2026-08-12T01:18:51Z,45909767756,52.0,2026-08-11T18:17:55.221000-07:00,0.8666666666666667,1.6426229508196766,1.6440884252359742
snowflake,840,2026-08-12T01:19:51Z,45965075699,44.0,2026-08-11T18:19:00.993000-07:00,0.7333333333333333,1.654371584699455,1.653179334326875
snowflake,841,2026-08-12T01:20:52Z,46021404970,109.0,2026-08-11T18:19:00.993000-07:00,1.8166666666666667,1.6661202185792368,1.660506706408362
snowflake,842,2026-08-12T01:21:52Z,46076810811,169.0,2026-08-11T18:19:00.993000-07:00,2.816666666666667,1.6609289617486367,1.6679582712369707
snowflake,843,2026-08-12T01:22:52Z,46132216651,46.0,2026-08-11T18:21:58.716000-07:00,0.7666666666666667,1.6745901639344314,1.6753353204172858
snowflake,844,2026-08-12T01:23:52Z,46187622491,24.0,2026-08-11T18:23:27.382000-07:00,0.4,1.6863387978142097,1.6844013909587623
snowflake,845,2026-08-12T01:24:52Z,46243028331,80.0,2026-08-11T18:23:27.382000-07:00,1.3333333333333333,1.697814207650276,1.6918032786885222
snowflake,846,2026-08-12T01:25:52Z,46298434172,140.0,2026-08-11T18:23:27.382000-07:00,2.3333333333333335,1.6920765027322409,1.699031296572271
snowflake,847,2026-08-12T01:26:52Z,46353840012,199.0,2026-08-11T18:23:27.382000-07:00,3.316666666666667,1.7057377049180358,1.7060854446100289
snowflake,848,2026-08-12T01:27:52Z,46409245852,23.0,2026-08-11T18:27:29.338000-07:00,0.38333333333333336,1.7183060109289645,1.7144311972180772
snowflake,849,2026-08-12T01:28:52Z,46464651693,82.0,2026-08-11T18:27:29.338000-07:00,1.3666666666666667,1.7295081967213153,1.7209140586189733
snowflake,850,2026-08-12T01:29:53Z,46520168212,142.0,2026-08-11T18:27:29.338000-07:00,2.3666666666666667,1.7240437158469994,1.7273224043715758
snowflake,851,2026-08-12T01:30:53Z,46574703247,203.0,2026-08-11T18:27:29.338000-07:00,3.3833333333333333,1.7338797814207723,1.7336562344759054
snowflake,852,2026-08-12T01:31:53Z,46629238282,24.0,2026-08-11T18:31:27.246000-07:00,0.4,1.743715846994545,1.7416294088425068
snowflake,853,2026-08-12T01:32:53Z,46683773317,86.0,2026-08-11T18:31:27.246000-07:00,1.4333333333333333,1.7527322404371708,1.747913561847988
snowflake,854,2026-08-12T01:33:53Z,46738308352,146.0,2026-08-11T18:31:27.246000-07:00,2.433333333333333,1.7459016393442772,1.7542225534028935
snowflake,855,2026-08-12T01:34:54Z,46793752304,204.0,2026-08-11T18:31:27.246000-07:00,3.4,1.7568306010929122,1.7607302533532136
snowflake,856,2026-08-12T01:35:54Z,46848287339,23.0,2026-08-11T18:35:28.349000-07:00,0.38333333333333336,1.767486338797832,1.768926974664675
snowflake,857,2026-08-12T01:36:54Z,46902822374,79.0,2026-08-11T18:35:28.349000-07:00,1.3166666666666667,1.7797814207650449,1.7756830601093
snowflake,858,2026-08-12T01:37:54Z,46957357409,139.0,2026-08-11T18:35:28.349000-07:00,2.316666666666667,1.7748633879781606,1.7825136612021983
snowflake,859,2026-08-12T01:38:54Z,47011892444,203.0,2026-08-11T18:35:28.349000-07:00,3.3833333333333333,1.7877049180328048,1.7894684550422384
snowflake,860,2026-08-12T01:39:54Z,47066229654,29.0,2026-08-11T18:39:21.278000-07:00,0.48333333333333334,1.8010928961748802,1.797963238946853
snowflake,861,2026-08-12T01:40:54Z,47120556452,88.0,2026-08-11T18:39:21.278000-07:00,1.4666666666666666,1.8142076502732403,1.8052657724788952
snowflake,862,2026-08-12T01:41:54Z,47174883249,153.0,2026-08-11T18:39:21.278000-07:00,2.55,1.8081967213114933,1.8128415300546459
snowflake,863,2026-08-12T01:42:54Z,47229210047,211.0,2026-08-11T18:39:21.278000-07:00,3.5166666666666666,1.8188524590164128,1.82071535022355
snowflake,864,2026-08-12T01:43:54Z,47283536845,28.0,2026-08-11T18:43:25.665000-07:00,0.4666666666666667,1.8292349726776167,1.8302533532041707
snowflake,865,2026-08-12T01:44:55Z,47338769089,86.0,2026-08-11T18:43:25.665000-07:00,1.4333333333333333,1.839344262295105,1.8379781420764878
snowflake,866,2026-08-12T01:45:55Z,47393095887,143.0,2026-08-11T18:43:25.665000-07:00,2.3833333333333333,1.8371584699453765,1.8455787382016835
snowflake,867,2026-08-12T01:46:55Z,47447422684,204.0,2026-08-11T18:43:25.665000-07:00,3.4,1.8508196721311676,1.8529061102831705
snowflake,868,2026-08-12T01:47:55Z,47501749482,21.0,2026-08-11T18:47:28.162000-07:00,0.35,1.866393442622968,1.8616741182314938
snowflake,869,2026-08-12T01:48:55Z,47556076280,80.0,2026-08-11T18:47:28.162000-07:00,1.3333333333333333,1.8797814207650434,1.8692498758072444
snowflake,870,2026-08-12T01:49:55Z,47611155366,141.0,2026-08-11T18:47:28.162000-07:00,2.35,1.8726775956284343,1.8774714356681506
snowflake,871,2026-08-12T01:50:55Z,47666260394,205.0,2026-08-11T18:47:28.162000-07:00,3.4166666666666665,1.8846994535519317,1.8864878291107785
snowflake,872,2026-08-12T01:51:55Z,47721365422,28.0,2026-08-11T18:51:27.592000-07:00,0.4666666666666667,1.89480874316942,1.8975161450571456
snowflake,873,2026-08-12T01:52:56Z,47777388867,87.0,2026-08-11T18:51:27.592000-07:00,1.45,1.9046448087431929,1.9030303030303293
snowflake,874,2026-08-12T01:53:56Z,47832493894,142.0,2026-08-11T18:51:27.592000-07:00,2.3666666666666667,1.9021857923497487,1.908668653750655
snowflake,875,2026-08-12T01:54:56Z,47887598922,203.0,2026-08-11T18:51:27.592000-07:00,3.3833333333333333,1.919672131147562,1.9147044212618312
snowflake,876,2026-08-12T01:55:56Z,47942703950,19.0,2026-08-11T18:55:29.476000-07:00,0.31666666666666665,1.9385245901639567,1.922901142573313
snowflake,877,2026-08-12T01:56:56Z,47997808977,86.0,2026-08-11T18:55:29.476000-07:00,1.4333333333333333,1.9584699453552141,1.925558867362187
snowflake,878,2026-08-12T01:57:56Z,48052914005,147.0,2026-08-11T18:55:29.476000-07:00,2.45,1.9114754098360902,1.928787878787923
snowflake,879,2026-08-12T01:58:56Z,48108019033,203.0,2026-08-11T18:55:29.476000-07:00,3.3833333333333333,1.9284153005464721,1.9326626924988142
snowflake,880,2026-08-12T01:59:56Z,48162570149,27.0,2026-08-11T18:59:29.133000-07:00,0.45,1.9461748633880047,1.9383755588674334
snowflake,881,2026-08-12T02:00:56Z,48217111878,84.0,2026-08-11T18:59:29.133000-07:00,1.4,1.9628415300546749,1.9382762046697157
snowflake,882,2026-08-12T02:01:56Z,48271653606,147.0,2026-08-11T18:59:29.133000-07:00,2.45,1.913934426229538,1.9381271733731493
snowflake,883,2026-08-12T02:02:57Z,48327104363,204.0,2026-08-11T18:59:29.133000-07:00,3.4,1.9303278688524887,1.93785394932942
snowflake,884,2026-08-12T02:03:57Z,48381646092,23.0,2026-08-11T19:03:29.489000-07:00,0.38333333333333336,1.947267759562871,1.943715846994585
snowflake,885,2026-08-12T02:04:57Z,48436187820,87.0,2026-08-11T19:03:29.489000-07:00,1.45,1.9650273224043997,1.943715846994585
snowflake,886,2026-08-12T02:05:57Z,48490729548,144.0,2026-08-11T19:03:29.489000-07:00,2.4,1.918579234972703,1.943467461500301
snowflake,887,2026-08-12T02:06:57Z,48545271276,206.0,2026-08-11T19:03:29.489000-07:00,3.433333333333333,1.9368852459016632,1.9433184302037345
snowflake,888,2026-08-12T02:07:57Z,48599813005,32.0,2026-08-11T19:07:25.190000-07:00,0.5333333333333333,1.9554644808743424,1.9491058122206264
snowflake,889,2026-08-12T02:08:57Z,48654354733,88.0,2026-08-11T19:07:25.190000-07:00,1.4666666666666666,1.9759562841530312,1.9488077496274732
snowflake,890,2026-08-12T02:09:57Z,48708798536,151.0,2026-08-11T19:07:25.190000-07:00,2.5166666666666666,1.9284153005464721,1.948335817188329
snowflake,891,2026-08-12T02:10:57Z,48763242339,206.0,2026-08-11T19:07:25.190000-07:00,3.433333333333333,1.943442622950845,1.947888723298609
snowflake,892,2026-08-12T02:11:57Z,48817686142,25.0,2026-08-11T19:11:30.246000-07:00,0.4166666666666667,1.9612021857923738,1.9534028812717927
snowflake,893,2026-08-12T02:12:58Z,48873037342,87.0,2026-08-11T19:11:30.246000-07:00,1.45,1.9775956284153247,1.9529806259314972
snowflake,894,2026-08-12T02:13:58Z,48927481145,147.0,2026-08-11T19:11:30.246000-07:00,2.45,1.9270491803278942,1.9526328862394953
snowflake,895,2026-08-12T02:14:58Z,48981924948,207.0,2026-08-11T19:11:30.246000-07:00,3.45,1.942076502732267,1.952036761053209
snowflake,896,2026-08-12T02:15:58Z,49036368751,36.0,2026-08-11T19:15:20.513000-07:00,0.6,1.9601092896175114,1.9575260804769476
snowflake,897,2026-08-12T02:16:58Z,49090812555,90.0,2026-08-11T19:15:20.513000-07:00,1.5,1.9792349726776182,1.9572776949826634
snowflake,898,2026-08-12T02:17:58Z,49145256358,157.0,2026-08-11T19:15:20.513000-07:00,2.6166666666666667,1.9322404371584905,1.9570293094883793
snowflake,899,2026-08-12T02:18:58Z,49199716376,211.0,2026-08-11T19:15:20.513000-07:00,3.5166666666666666,1.9516393442623168,1.9567809239940743
snowflake,900,2026-08-12T02:19:58Z,49255133074,26.0,2026-08-11T19:19:30.395000-07:00,0.43333333333333335,1.9693989071038493,1.962891207153544
snowflake,901,2026-08-12T02:20:58Z,49310549772,88.0,2026-08-11T19:19:30.395000-07:00,1.4666666666666666,1.9887978142076754,1.9636115250869723
snowflake,902,2026-08-12T02:21:59Z,49366890082,146.0,2026-08-11T19:19:30.395000-07:00,2.433333333333333,1.9407103825136853,1.9646050670641093
snowflake,903,2026-08-12T02:22:59Z,49422306780,205.0,2026-08-11T19:19:30.395000-07:00,3.4166666666666665,1.9584699453552141,1.9656234475906909
snowflake,904,2026-08-12T02:23:59Z,49477723478,37.0,2026-08-11T19:23:22.402000-07:00,0.6166666666666667,1.974863387978165,1.9725534028813068
snowflake,905,2026-08-12T02:24:59Z,49533140176,88.0,2026-08-11T19:23:22.402000-07:00,1.4666666666666666,1.994262295081991,1.9735469448584644
snowflake,906,2026-08-12T02:25:59Z,49588556875,149.0,2026-08-11T19:23:22.402000-07:00,2.4833333333333334,1.950000000000023,1.9745653253850461
snowflake,907,2026-08-12T02:27:00Z,49644897185,213.0,2026-08-11T19:23:22.402000-07:00,3.55,1.9710382513661429,1.9755588673622035
snowflake,908,2026-08-12T02:28:00Z,49700313883,27.0,2026-08-11T19:27:31.279000-07:00,0.45,1.9904371584699652,1.9776204669647706
snowflake,909,2026-08-12T02:29:00Z,49755672740,85.0,2026-08-11T19:27:31.279000-07:00,1.4166666666666667,2.0084699453552095,1.9736959761550308
snowflake,910,2026-08-12T02:30:00Z,49809932616,147.0,2026-08-11T19:27:31.279000-07:00,2.45,1.9625683060109445,1.9700695479384442
snowflake,911,2026-08-12T02:31:00Z,49864192492,203.0,2026-08-11T19:27:31.279000-07:00,3.3833333333333333,1.9806010928961888,1.9664182811724127
snowflake,912,2026-08-12T02:32:00Z,49918452368,24.0,2026-08-11T19:31:28.381000-07:00,0.4,1.9997267759562956,1.968529557873849
snowflake,913,2026-08-12T02:33:00Z,49972712244,84.0,2026-08-11T19:31:28.381000-07:00,1.4,1.9633879781420875,1.9643070044709765
snowflake,914,2026-08-12T02:34:00Z,50026972120,148.0,2026-08-11T19:31:28.381000-07:00,2.466666666666667,1.9153005464480974,1.9597863884749502
snowflake,915,2026-08-12T02:35:00Z,50081231996,211.0,2026-08-11T19:31:28.381000-07:00,3.5166666666666666,1.9349726775956353,1.9551167411823371
snowflake,916,2026-08-12T02:36:00Z,50135491873,34.0,2026-08-11T19:35:26.444000-07:00,0.5666666666666667,1.9540983606557423,1.956234475906616
snowflake,917,2026-08-12T02:37:01Z,50190656080,90.0,2026-08-11T19:35:26.444000-07:00,1.5,1.973224043715849,1.9512419274714459
snowflake,918,2026-08-12T02:38:01Z,50244915956,147.0,2026-08-11T19:35:26.444000-07:00,2.45,1.9245901639344276,1.9461997019374062
snowflake,919,2026-08-12T02:39:01Z,50299184276,214.0,2026-08-11T19:35:26.444000-07:00,3.566666666666667,1.940710382513663,1.9461500248385577
snowflake,920,2026-08-12T02:40:01Z,50353570805,29.0,2026-08-11T19:39:27.431000-07:00,0.48333333333333334,1.9571038251366137,1.9471684053651188
snowflake,921,2026-08-12T02:41:01Z,50407957334,84.0,2026-08-11T19:39:27.431000-07:00,1.4,1.9748633879781425,1.9421261798311
snowflake,922,2026-08-12T02:42:01Z,50462343863,153.0,2026-08-11T19:39:27.431000-07:00,2.55,1.92568306010929,1.9368107302533522
snowflake,923,2026-08-12T02:43:01Z,50516730392,213.0,2026-08-11T19:39:27.431000-07:00,3.55,1.9442622950819657,1.9312965722801685
snowflake,924,2026-08-12T02:44:01Z,50571116921,26.0,2026-08-11T19:43:27.017000-07:00,0.43333333333333335,1.9628415300546413,1.926602086438131
snowflake,925,2026-08-12T02:45:02Z,50626409892,83.0,2026-08-11T19:43:27.017000-07:00,1.3833333333333333,1.9265027322404331,1.916194734227495
snowflake,926,2026-08-12T02:46:02Z,50680796421,152.0,2026-08-11T19:43:27.017000-07:00,2.533333333333333,1.8795081967213054,1.9060606060605882
snowflake,927,2026-08-12T02:47:03Z,50736089392,213.0,2026-08-11T19:43:27.017000-07:00,3.55,1.8956284153005407,1.8960009935419748
snowflake,928,2026-08-12T02:48:03Z,50790475921,32.0,2026-08-11T19:47:30.493000-07:00,0.5333333333333333,1.9125683060109226,1.8870839542970648
snowflake,929,2026-08-12T02:49:03Z,50844918024,92.0,2026-08-11T19:47:30.493000-07:00,1.5333333333333334,1.8729508196721274,1.8722553402881204
snowflake,930,2026-08-12T02:50:03Z,50899860294,145.0,2026-08-11T19:47:30.493000-07:00,2.4166666666666665,1.826229508196719,1.8571286636860227
snowflake,931,2026-08-12T02:51:03Z,50954802564,212.0,2026-08-11T19:47:30.493000-07:00,3.533333333333333,1.8456284153005416,1.8469945355191157
snowflake,932,2026-08-12T02:52:03Z,51009744834,29.0,2026-08-11T19:51:29.672000-07:00,0.48333333333333334,1.864207650273217,1.8378539493293458
snowflake,933,2026-08-12T02:53:03Z,51064687104,93.0,2026-08-11T19:51:29.672000-07:00,1.55,1.8275956284152934,1.8229756582215528
snowflake,934,2026-08-12T02:54:03Z,51119629373,147.0,2026-08-11T19:51:29.672000-07:00,2.45,1.7811475409835968,1.8083705911574683
snowflake,935,2026-08-12T02:55:03Z,51174571643,213.0,2026-08-11T19:51:29.672000-07:00,3.55,1.7964480874316853,1.7991803278688498
snowflake,936,2026-08-12T02:56:03Z,51229513913,41.0,2026-08-11T19:55:22.422000-07:00,0.6833333333333333,1.815027322404361,1.7909587680079435
snowflake,937,2026-08-12T02:57:03Z,51284456183,96.0,2026-08-11T19:55:22.422000-07:00,1.6,1.7789617486338682,1.7768256333830033
snowflake,938,2026-08-12T02:58:03Z,51339398453,157.0,2026-08-11T19:55:22.422000-07:00,2.6166666666666667,1.7319672131147443,1.7626428216591938
snowflake,939,2026-08-12T02:59:04Z,51395056282,213.0,2026-08-11T19:55:22.422000-07:00,3.55,1.7519125683060017,1.75365126676599
snowflake,940,2026-08-12T03:00:04Z,51448283017,35.0,2026-08-11T19:59:28.523000-07:00,0.5833333333333334,1.7718579234972591,1.7455290611028018
snowflake,941,2026-08-12T03:01:04Z,51501509752,93.0,2026-08-11T19:59:28.523000-07:00,1.55,1.7357923497267664,1.7316691505215906
snowflake,942,2026-08-12T03:02:04Z,51554736488,154.0,2026-08-11T19:59:28.523000-07:00,2.566666666666667,1.690163934426217,1.717635370094368
snowflake,943,2026-08-12T03:03:05Z,51608850335,14.0,2026-08-11T20:02:50.694000-07:00,0.23333333333333334,1.7081967213114613,1.708494783904598
snowflake,944,2026-08-12T03:04:05Z,51662077071,28.0,2026-08-11T20:03:27.869000-07:00,0.4666666666666667,1.7286885245901498,1.7004222553402584
snowflake,945,2026-08-12T03:05:05Z,51715303806,95.0,2026-08-11T20:03:27.869000-07:00,1.5833333333333333,1.6918032786885104,1.6859910581221853
snowflake,946,2026-08-12T03:06:05Z,51768530541,157.0,2026-08-11T20:03:27.869000-07:00,2.6166666666666667,1.6439890710382359,1.6713859910581008
snowflake,947,2026-08-12T03:07:05Z,51821757276,214.0,2026-08-11T20:03:27.869000-07:00,3.566666666666667,1.6606557377049023,1.6617237953303174
snowflake,948,2026-08-12T03:08:06Z,51875871124,28.0,2026-08-11T20:07:28.847000-07:00,0.4666666666666667,1.6784153005464313,1.6527322404371139
snowflake,949,2026-08-12T03:09:06Z,51929451501,91.0,2026-08-11T20:07:28.847000-07:00,1.5166666666666666,1.6431693989070855,1.6377794336810274
snowflake,950,2026-08-12T03:10:06Z,51985035847,148.0,2026-08-11T20:07:28.847000-07:00,2.466666666666667,1.593169398907086,1.622702434177799
snowflake,951,2026-08-12T03:11:06Z,52040620193,216.0,2026-08-11T20:07:28.847000-07:00,3.6,1.6112021857923307,1.6128912071534698
snowflake,952,2026-08-12T03:12:06Z,52096204539,26.0,2026-08-11T20:11:31.730000-07:00,0.43333333333333335,1.6295081967212905,1.604023845007408
snowflake,953,2026-08-12T03:13:07Z,52152715290,93.0,2026-08-11T20:11:31.730000-07:00,1.55,1.5912568306010733,1.589095876800746
snowflake,954,2026-08-12T03:14:07Z,52208299636,155.0,2026-08-11T20:11:31.730000-07:00,2.5833333333333335,1.543715846994518,1.574068554396366
snowflake,955,2026-08-12T03:15:07Z,52263883982,14.0,2026-08-11T20:14:51.557000-07:00,0.23333333333333334,1.562841530054625,1.563686040735175
snowflake,956,2026-08-12T03:16:07Z,52319468328,35.0,2026-08-11T20:15:31.428000-07:00,0.5833333333333334,1.5838797814207446,1.5549180327868313
snowflake,957,2026-08-12T03:17:07Z,52375052674,95.0,2026-08-11T20:15:31.428000-07:00,1.5833333333333333,1.5464480874316742,1.5403378042721712
snowflake,958,2026-08-12T03:18:07Z,52430637020,152.0,2026-08-11T20:15:31.428000-07:00,2.533333333333333,1.4964480874316748,1.5259314456035222
snowflake,959,2026-08-12T03:19:07Z,52485905680,12.0,2026-08-11T20:18:49.951000-07:00,0.2,1.5131147540983412,1.516790859413773
snowflake,960,2026-08-12T03:20:07Z,52539595912,40.0,2026-08-11T20:19:27.284000-07:00,0.6666666666666666,1.528961748633861,1.5087680079483023
snowflake,961,2026-08-12T03:21:08Z,52594180981,97.0,2026-08-11T20:19:27.284000-07:00,1.6166666666666667,1.4967213114753906,1.4947590660705041
snowflake,962,2026-08-12T03:22:08Z,52647871213,156.0,2026-08-11T20:19:27.284000-07:00,2.6,1.4508196721311288,1.4791604570292625
snowflake,963,2026-08-12T03:23:08Z,52701561445,12.0,2026-08-11T20:22:51.424000-07:00,0.2,1.4710382513661018,1.4673869846000633
snowflake,964,2026-08-12T03:24:08Z,52755251677,35.0,2026-08-11T20:23:27.680000-07:00,0.5833333333333334,1.4907103825136436,1.4566318926974253
snowflake,965,2026-08-12T03:25:08Z,52808941909,93.0,2026-08-11T20:23:27.680000-07:00,1.55,1.4554644808742978,1.4399652260307532
snowflake,966,2026-08-12T03:26:08Z,52862632140,156.0,2026-08-11T20:23:27.680000-07:00,2.6,1.4087431693988894,1.4226279185295012
snowflake,967,2026-08-12T03:27:08Z,52916322372,17.0,2026-08-11T20:26:50.810000-07:00,0.2833333333333333,1.412295081967196,1.406333830104276
snowflake,968,2026-08-12T03:28:08Z,52970012604,41.0,2026-08-11T20:27:26.586000-07:00,0.6833333333333333,1.4169398907103685,1.3908842523596212
snowflake,969,2026-08-12T03:29:08Z,53023754904,100.0,2026-08-11T20:27:26.586000-07:00,1.6666666666666667,1.3781420765027201,1.3740933929458068
snowflake,970,2026-08-12T03:30:08Z,53077729145,158.0,2026-08-11T20:27:26.586000-07:00,2.6333333333333333,1.3297814207650145,1.3573770491802655
snowflake,971,2026-08-12T03:31:09Z,53132602956,15.0,2026-08-11T20:30:47.356000-07:00,0.25,1.3382513661202053,1.3418281172378927
snowflake,972,2026-08-12T03:32:09Z,53186577196,36.0,2026-08-11T20:31:29.117000-07:00,0.6,1.3174863387978013,1.3272478887232533
snowflake,973,2026-08-12T03:33:09Z,53240551436,90.0,2026-08-11T20:31:29.117000-07:00,1.5,1.2808743169398775,1.3080725285642942
snowflake,974,2026-08-12T03:34:09Z,53294525677,159.0,2026-08-11T20:31:29.117000-07:00,2.65,1.2863387978141931,1.2903378042721918
snowflake,975,2026-08-12T03:35:09Z,53348499917,13.0,2026-08-11T20:34:49.838000-07:00,0.21666666666666667,1.3068306010928818,1.274441132637817
snowflake,976,2026-08-12T03:36:09Z,53402474157,36.0,2026-08-11T20:35:31.361000-07:00,0.6,1.284426229508184,1.2596373571783177
snowflake,977,2026-08-12T03:37:09Z,53456448397,95.0,2026-08-11T20:35:31.361000-07:00,1.5833333333333333,1.2483606557376952,1.2397665176353547
snowflake,978,2026-08-12T03:38:09Z,53510422638,155.0,2026-08-11T20:35:31.361000-07:00,2.5833333333333335,1.2013661202185713,1.2236214605066957
snowflake,979,2026-08-12T03:39:09Z,53564464776,18.0,2026-08-11T20:38:48.300000-07:00,0.3,1.2218579234972597,1.208991554893187
snowflake,980,2026-08-12T03:40:09Z,53618778504,31.0,2026-08-11T20:39:31.252000-07:00,0.5166666666666667,1.2032786885245843,1.1904868355688079
snowflake,981,2026-08-12T03:41:09Z,53673092233,95.0,2026-08-11T20:39:31.252000-07:00,1.5833333333333333,1.166939890710376,1.170864381520129
snowflake,982,2026-08-12T03:42:10Z,53728311190,151.0,2026-08-11T20:39:31.252000-07:00,2.5166666666666666,1.1196721311475366,1.1548683556880364
snowflake,983,2026-08-12T03:43:10Z,53782624919,13.0,2026-08-11T20:42:50.916000-07:00,0.21666666666666667,1.1398907103825093,1.1402384500745277
snowflake,984,2026-08-12T03:44:10Z,53836938648,39.0,2026-08-11T20:43:29.843000-07:00,0.65,1.1199453551912522,1.1266766020864494
snowflake,985,2026-08-12T03:45:10Z,53891252376,96.0,2026-08-11T20:43:29.843000-07:00,1.6,1.082786885245897,1.1120963735717893
snowflake,986,2026-08-12T03:46:10Z,53945566105,160.0,2026-08-11T20:43:29.843000-07:00,2.6666666666666665,1.0909836065573726,1.100645802285168
snowflake,987,2026-08-12T03:47:10Z,53999879833,15.0,2026-08-11T20:46:50.165000-07:00,0.25,1.1084699453551896,1.0906855439642518
snowflake,988,2026-08-12T03:48:10Z,54054193562,30.0,2026-08-11T20:47:31.939000-07:00,0.5,1.0874316939890698,1.0817685047193415
snowflake,989,2026-08-12T03:49:10Z,54108487397,93.0,2026-08-11T20:47:31.939000-07:00,1.55,1.0521857923497278,1.0717585692995562
snowflake,990,2026-08-12T03:50:10Z,54162709312,150.0,2026-08-11T20:47:31.939000-07:00,2.5,1.0614754098360655,1.0651763537009422
snowflake,991,2026-08-12T03:51:10Z,54216931226,27.0,2026-08-11T20:50:42.254000-07:00,0.45,1.0773224043715852,1.06005961251863
snowflake,992,2026-08-12T03:52:11Z,54272056840,44.0,2026-08-11T20:51:25.278000-07:00,0.7333333333333333,1.0573770491803316,1.050968703427729
snowflake,993,2026-08-12T03:53:11Z,54326278754,103.0,2026-08-11T20:51:25.278000-07:00,1.7166666666666666,1.0215846994535585,1.0410829607551064
snowflake,994,2026-08-12T03:54:11Z,54380500669,165.0,2026-08-11T20:51:25.278000-07:00,2.75,1.0297814207650338,1.034773969200201
snowflake,995,2026-08-12T03:55:11Z,54434722583,18.0,2026-08-11T20:54:51.202000-07:00,0.3,1.0475409836065663,1.0295330352707466
snowflake,996,2026-08-12T03:56:11Z,54488944498,42.0,2026-08-11T20:55:27.369000-07:00,0.7,1.0265027322404465,1.021609538002994
snowflake,997,2026-08-12T03:57:11Z,54543166412,54.0,2026-08-11T20:56:12.231000-07:00,0.9,0.9909836065573889,1.0128663686040744
snowflake,998,2026-08-12T03:58:11Z,54597388327,113.0,2026-08-11T20:56:12.231000-07:00,1.8833333333333333,0.9997267759562956,1.0076999503228927
snowflake,999,2026-08-12T03:59:11Z,54651692156,15.0,2026-08-11T20:58:47.863000-07:00,0.25,1.0180327868852557,1.0042970690511661
snowflake,1000,2026-08-12T04:00:12Z,54707174684,36.0,2026-08-11T20:59:29.096000-07:00,0.6,0.9945355191256917,0.9983606557377077
snowflake,1001,2026-08-12T04:01:12Z,54761747662,66.0,2026-08-11T21:00:05.359000-07:00,1.1,0.9743169398907189,0.991703924490821
snowflake,1002,2026-08-12T04:02:12Z,54816320640,17.0,2026-08-11T21:01:54.531000-07:00,0.2833333333333333,0.9811475409836162,0.9888723298559357
snowflake,1003,2026-08-12T04:03:12Z,54870893618,20.0,2026-08-11T21:02:51.491000-07:00,0.3333333333333333,1.0005464480874424,0.9875062096373519
snowflake,1004,2026-08-12T04:04:12Z,54925466597,34.0,2026-08-11T21:03:29.096000-07:00,0.5666666666666667,0.9841530054644916,0.9835320417287634
snowflake,1005,2026-08-12T04:05:12Z,54980039575,103.0,2026-08-11T21:03:29.096000-07:00,1.7166666666666666,0.9644808743169498,0.9784401390958753
snowflake,1006,2026-08-12T04:06:12Z,55034612553,13.0,2026-08-11T21:05:53.870000-07:00,0.21666666666666667,0.9743169398907189,0.9771733730750095
snowflake,1007,2026-08-12T04:07:12Z,55089185531,25.0,2026-08-11T21:06:47.559000-07:00,0.4166666666666667,0.9953551912568422,0.9760556383507099
snowflake,1008,2026-08-12T04:08:12Z,55143758509,42.0,2026-08-11T21:07:28.861000-07:00,0.7,0.9759562841530198,0.9726030799801347
snowflake,1009,2026-08-12T04:09:13Z,55199201621,103.0,2026-08-11T21:07:28.861000-07:00,1.7166666666666666,0.9560109289617625,0.9682066567312714
snowflake,1010,2026-08-12T04:10:13Z,55253626790,23.0,2026-08-11T21:09:49.658000-07:00,0.38333333333333336,0.9620218579235131,0.967213114754114
snowflake,1011,2026-08-12T04:11:13Z,55308051959,15.0,2026-08-11T21:10:49.983000-07:00,0.25,0.9806010928961925,0.9662444113264015
snowflake,1012,2026-08-12T04:12:13Z,55362477128,43.0,2026-08-11T21:11:29.219000-07:00,0.7166666666666667,0.9620218579235169,0.9624441132638036
snowflake,1013,2026-08-12T04:13:14Z,55417809384,100.0,2026-08-11T21:11:29.219000-07:00,1.6666666666666667,0.9431693989071219,0.9575757575757755
snowflake,1014,2026-08-12T04:14:14Z,55472234553,20.0,2026-08-11T21:13:50.926000-07:00,0.3333333333333333,0.9521857923497442,0.9564828614009209
snowflake,1015,2026-08-12T04:15:14Z,55526659722,19.0,2026-08-11T21:14:51.643000-07:00,0.31666666666666665,0.9732240437158639,0.9557128663686233
snowflake,1016,2026-08-12T04:16:14Z,55581084891,44.0,2026-08-11T21:15:29.457000-07:00,0.7333333333333333,0.9538251366120415,0.9528812717337587
snowflake,1017,2026-08-12T04:17:15Z,55636417146,99.0,2026-08-11T21:15:29.457000-07:00,1.65,0.9325136612022025,0.9490809736711608
snowflake,1018,2026-08-12T04:18:15Z,55690842315,18.0,2026-08-11T21:17:51.936000-07:00,0.3,0.9418032786885402,0.9486835568803103
snowflake,1019,2026-08-12T04:19:15Z,55745277805,23.0,2026-08-11T21:18:42.499000-07:00,0.38333333333333336,0.9639344262295224,0.9480874316940034
snowflake,1020,2026-08-12T04:20:15Z,55799737379,46.0,2026-08-11T21:19:27.336000-07:00,0.7666666666666667,0.9475409836065716,0.9447590660705497
snowflake,1021,2026-08-12T04:21:15Z,55854196953,98.0,2026-08-11T21:19:27.336000-07:00,1.6333333333333333,0.9308743169399051,0.9405861897665256
snowflake,1022,2026-08-12T04:22:15Z,55908656527,24.0,2026-08-11T21:21:49.199000-07:00,0.4,0.938797814207665,0.9401390958768058
snowflake,1023,2026-08-12T04:23:16Z,55964023760,25.0,2026-08-11T21:22:50.628000-07:00,0.4166666666666667,0.9576502732240598,0.9409587680079519
snowflake,1024,2026-08-12T04:24:16Z,56018483334,42.0,2026-08-11T21:23:31.737000-07:00,0.7,0.9366120218579401,0.9402881271733928
snowflake,1025,2026-08-12T04:25:16Z,56072942908,100.0,2026-08-11T21:23:31.737000-07:00,1.6666666666666667,0.9155737704918204,0.9388474913065156
snowflake,1026,2026-08-12T04:26:16Z,56127402482,16.0,2026-08-11T21:25:54.792000-07:00,0.26666666666666666,0.9273224043716023,0.9411326378539632
snowflake,1027,2026-08-12T04:27:16Z,56181862056,26.0,2026-08-11T21:26:42.667000-07:00,0.43333333333333335,0.9489071038251533,0.9444113263785477
snowflake,1028,2026-08-12T04:28:16Z,56236321630,49.0,2026-08-11T21:27:27.683000-07:00,0.8166666666666667,0.9415300546448246,0.9491058122205852
snowflake,1029,2026-08-12T04:29:17Z,56291430532,108.0,2026-08-11T21:27:27.683000-07:00,1.8,0.9344262295082116,0.9530303030303251
snowflake,1030,2026-08-12T04:30:17Z,56345115110,14.0,2026-08-11T21:29:53.027000-07:00,0.23333333333333334,0.9480874316940028,0.9608296075509564
snowflake,1031,2026-08-12T04:31:17Z,56398799689,84.0,2026-08-11T21:29:53.027000-07:00,1.4,0.9726775956284289,0.9690263288624382
snowflake,1032,2026-08-12T04:32:17Z,56452484268,40.0,2026-08-11T21:31:30.707000-07:00,0.6666666666666666,0.9669398907103977,0.978340784898199
snowflake,1033,2026-08-12T04:33:17Z,56506168847,107.0,2026-08-11T21:31:30.707000-07:00,1.7833333333333334,0.9904371584699615,0.9868107302533893
snowflake,1034,2026-08-12T04:34:18Z,56560748169,30.0,2026-08-11T21:33:44.628000-07:00,0.5,1.0008196721311655,0.9980377545951714
snowflake,1035,2026-08-12T04:35:18Z,56614432747,87.0,2026-08-11T21:33:44.628000-07:00,1.45,1.02240437158472,1.0085941381023737
snowflake,1036,2026-08-12T04:36:18Z,56668117326,49.0,2026-08-11T21:35:24.684000-07:00,0.8166666666666667,1.0057377049180536,1.0199950322901672
snowflake,1037,2026-08-12T04:37:18Z,56721801905,113.0,2026-08-11T21:35:24.684000-07:00,1.8833333333333333,1.0297814207650486,1.0304769001490761
snowflake,1038,2026-08-12T04:38:18Z,56775486484,24.0,2026-08-11T21:37:51.976000-07:00,0.4,1.0420765027322618,1.043492300049717
snowflake,1039,2026-08-12T04:39:18Z,56829700757,82.0,2026-08-11T21:37:51.976000-07:00,1.3666666666666667,1.0650273224043907,1.0529557873820439
snowflake,1040,2026-08-12T04:40:19Z,56885818716,40.0,2026-08-11T21:39:38.063000-07:00,0.6666666666666666,1.0505464480874491,1.0635866865375192
snowflake,1041,2026-08-12T04:41:19Z,56941016709,99.0,2026-08-11T21:39:38.063000-07:00,1.65,1.073497267759578,1.0735717834078597
snowflake,1042,2026-08-12T04:42:19Z,56996214701,27.0,2026-08-11T21:41:46.322000-07:00,0.45,1.0879781420765195,1.0870839542970687
snowflake,1043,2026-08-12T04:43:19Z,57051412694,82.0,2026-08-11T21:41:46.322000-07:00,1.3666666666666667,1.1101092896175018,1.0973174366617142
snowflake,1044,2026-08-12T04:44:19Z,57106610686,46.0,2026-08-11T21:43:22.837000-07:00,0.7666666666666667,1.0945355191256978,1.1059860904123402
snowflake,1045,2026-08-12T04:45:20Z,57162728645,116.0,2026-08-11T21:43:22.837000-07:00,1.9333333333333333,1.117759562841546,1.1136363636363844
snowflake,1046,2026-08-12T04:46:20Z,57217926638,25.0,2026-08-11T21:45:54.428000-07:00,0.4166666666666667,1.1322404371584875,1.1245901639344373
snowflake,1047,2026-08-12T04:47:20Z,57273124630,82.0,2026-08-11T21:45:54.428000-07:00,1.3666666666666667,1.1543715846994698,1.132165921510188
snowflake,1048,2026-08-12T04:48:21Z,57329242590,49.0,2026-08-11T21:47:27.478000-07:00,0.8166666666666667,1.1423497267759721,1.1381768504719398
snowflake,1049,2026-08-12T04:49:21Z,57384406650,111.0,2026-08-11T21:47:27.478000-07:00,1.85,1.1374316939890876,1.143417784401415
snowflake,1050,2026-08-12T04:50:21Z,57439519813,33.0,2026-08-11T21:49:48.175000-07:00,0.55,1.149180327868866,1.1523596621957495
snowflake,1051,2026-08-12T04:51:22Z,57495551529,89.0,2026-08-11T21:49:48.175000-07:00,1.4833333333333334,1.1710382513661324,1.1577496274217909
snowflake,1052,2026-08-12T04:52:22Z,57550664692,56.0,2026-08-11T21:51:25.648000-07:00,0.9333333333333333,1.1568306010929064,1.161425732737226
snowflake,1053,2026-08-12T04:53:22Z,57605777855,113.0,2026-08-11T21:51:25.648000-07:00,1.8833333333333333,1.1540983606557467,1.1641579731743936
snowflake,1054,2026-08-12T04:54:22Z,57660891018,26.0,2026-08-11T21:53:52.449000-07:00,0.43333333333333335,1.1677595628415378,1.1699205166418407
snowflake,1055,2026-08-12T04:55:22Z,57716004182,88.0,2026-08-11T21:53:52.449000-07:00,1.4666666666666666,1.1928961748633953,1.1744659711872911
snowflake,1056,2026-08-12T04:56:22Z,57771117345,61.0,2026-08-11T21:55:21.381000-07:00,1.0166666666666666,1.1770491803278755,1.177694982613027
snowflake,1057,2026-08-12T04:57:23Z,57827149060,121.0,2026-08-11T21:55:21.381000-07:00,2.0166666666666666,1.1726775956284223,1.1785643318430423
snowflake,1058,2026-08-12T04:58:24Z,57883180776,27.0,2026-08-11T21:57:53.486000-07:00,0.45,1.1844262295082042,1.1829607550919263
snowflake,1059,2026-08-12T04:59:24Z,57937498941,87.0,2026-08-11T21:57:53.486000-07:00,1.45,1.2057377049180396,1.186140089418793
snowflake,1060,2026-08-12T05:00:24Z,57990845440,65.0,2026-08-11T21:59:29.025000-07:00,1.0833333333333333,1.1874316939890794,1.1874068554396382
snowflake,1061,2026-08-12T05:01:36Z,58054861238,126.0,2026-08-11T21:59:29.025000-07:00,2.1,1.1846994535519197,1.1859165424739124
snowflake,1062,2026-08-12T05:02:36Z,58108207737,45.0,2026-08-11T22:01:51.164000-07:00,0.75,1.180601092896182,1.187580725285629
snowflake,1063,2026-08-12T05:03:36Z,58161554236,103.0,2026-08-11T22:01:51.164000-07:00,1.7166666666666666,1.2051912568306082,1.1881520119224909
snowflake,1064,2026-08-12T05:04:37Z,58215789844,58.0,2026-08-11T22:03:32.673000-07:00,0.9666666666666667,1.1890710382513732,1.1898161947342074
snowflake,1065,2026-08-12T05:05:37Z,58269136343,113.0,2026-08-11T22:03:32.673000-07:00,1.8833333333333333,1.1816939890710445,1.1892449080973455
snowflake,1066,2026-08-12T05:06:37Z,58322482842,42.0,2026-08-11T22:05:54.259000-07:00,0.7,1.1765027322404444,1.1925981122702234
snowflake,1067,2026-08-12T05:07:37Z,58375829341,101.0,2026-08-11T22:05:54.259000-07:00,1.6833333333333333,1.1953551912568392,1.1948087431693777
snowflake,1068,2026-08-12T05:08:37Z,58429175840,70.0,2026-08-11T22:07:22.985000-07:00,1.1666666666666667,1.1789617486338886,1.1969696969696626
snowflake,1069,2026-08-12T05:09:38Z,58484512692,126.0,2026-08-11T22:07:22.985000-07:00,2.1,1.202732240437164,1.1965722801787912
snowflake,1070,2026-08-12T05:10:38Z,58539470768,50.0,2026-08-11T22:09:42.709000-07:00,0.8333333333333334,1.199453551912577,1.1996274217585365
snowflake,1071,2026-08-12T05:11:38Z,58594428845,107.0,2026-08-11T22:09:42.709000-07:00,1.7833333333333334,1.2243169398907188,1.2018380526577113
snowflake,1072,2026-08-12T05:12:38Z,58649386922,68.0,2026-08-11T22:11:30.426000-07:00,1.1333333333333333,1.2090163934426303,1.2042225534028768
snowflake,1073,2026-08-12T05:13:38Z,58704344999,124.0,2026-08-11T22:11:30.426000-07:00,2.066666666666667,1.2043715846994616,1.2046696472925966
snowflake,1074,2026-08-12T05:14:38Z,58759303075,43.0,2026-08-11T22:13:52.447000-07:00,0.7166666666666667,1.2008196721311588,1.2086189766517608
snowflake,1075,2026-08-12T05:15:39Z,58815177120,105.0,2026-08-11T22:13:52.447000-07:00,1.75,1.2226775956284253,1.2087183308494787
snowflake,1076,2026-08-12T05:16:39Z,58870135197,72.0,2026-08-11T22:15:24.414000-07:00,1.2,1.2060109289617589,1.208544461003488
snowflake,1077,2026-08-12T05:17:39Z,58925093273,125.0,2026-08-11T22:15:24.414000-07:00,2.0833333333333335,1.2027322404371679,1.2055886736214605
snowflake,1078,2026-08-12T05:18:39Z,58980051350,55.0,2026-08-11T22:17:43.632000-07:00,0.9166666666666666,1.2002732240437275,1.2057625434674513
snowflake,1079,2026-08-12T05:19:39Z,59034818561,0.0,2026-08-11T22:19:31.269000-07:00,0.0,1.2224043715847133,1.2047938400397387
snowflake,1080,2026-08-12T05:20:39Z,59089503971,66.0,2026-08-11T22:19:31.269000-07:00,1.1,1.2038251366120378,1.2038748137108954
snowflake,1081,2026-08-12T05:21:39Z,59144189382,126.0,2026-08-11T22:19:31.269000-07:00,2.1,1.1975409836065753,1.2006458022851596
snowflake,1082,2026-08-12T05:22:39Z,59198874793,46.0,2026-08-11T22:21:53.251000-07:00,0.7666666666666667,1.191803278688544,1.2007699950323016
snowflake,1083,2026-08-12T05:23:40Z,59254471627,14.0,2026-08-11T22:23:24.356000-07:00,0.23333333333333334,1.2109289617486507,1.1993790362642935
snowflake,1084,2026-08-12T05:24:40Z,59309157038,75.0,2026-08-11T22:23:24.356000-07:00,1.25,1.1937158469945495,1.1979135618479921
snowflake,1085,2026-08-12T05:25:40Z,59363842449,134.0,2026-08-11T22:23:24.356000-07:00,2.2333333333333334,1.1907103825136742,1.19408842523597
snowflake,1086,2026-08-12T05:26:40Z,59418527860,42.0,2026-08-11T22:25:52.112000-07:00,0.7,1.1871584699453677,1.193740685543968
snowflake,1087,2026-08-12T05:27:40Z,59473213270,0.0,2026-08-11T22:27:29.402000-07:00,0.0,1.2073770491803406,1.1912071535022362
snowflake,1088,2026-08-12T05:28:40Z,59527898681,69.0,2026-08-11T22:27:29.402000-07:00,1.15,1.1874316939890832,1.1885494287133829
snowflake,1089,2026-08-12T05:29:40Z,59582960214,127.0,2026-08-11T22:27:29.402000-07:00,2.1166666666666667,1.1841530054644922,1.1835320417287882
snowflake,1090,2026-08-12T05:30:40Z,59638170447,41.0,2026-08-11T22:29:50.396000-07:00,0.6833333333333333,1.18032786885247,1.1819175360159202
snowflake,1091,2026-08-12T05:31:40Z,59693380680,4.0,2026-08-11T22:31:29.439000-07:00,0.06666666666666667,1.200000000000012,1.1781172379533225
snowflake,1092,2026-08-12T05:32:40Z,59748590912,69.0,2026-08-11T22:31:29.439000-07:00,1.15,1.1696721311475544,1.1740685543964404
snowflake,1093,2026-08-12T05:33:40Z,59803801145,130.0,2026-08-11T22:31:29.439000-07:00,2.1666666666666665,1.1625683060109413,1.1675856929955444
snowflake,1094,2026-08-12T05:34:41Z,59859931548,48.0,2026-08-11T22:33:52.433000-07:00,0.8,1.155737704918044,1.164505712866375
snowflake,1095,2026-08-12T05:35:41Z,59915141781,3.0,2026-08-11T22:35:31.968000-07:00,0.05,1.175956284153017,1.1590909090909298
snowflake,1096,2026-08-12T05:36:41Z,59970352013,68.0,2026-08-11T22:35:31.968000-07:00,1.1333333333333333,1.1489071038251466,1.153129657228047
snowflake,1097,2026-08-12T05:37:41Z,60025562246,118.0,2026-08-11T22:35:31.968000-07:00,1.9666666666666666,1.1426229508196803,1.1445603576751389
snowflake,1098,2026-08-12T05:38:41Z,60080772478,53.0,2026-08-11T22:37:47.897000-07:00,0.8833333333333333,1.1360655737704985,1.1405116741182568
snowflake,1099,2026-08-12T05:39:41Z,60135422459,111.0,2026-08-11T22:37:47.897000-07:00,1.85,1.1535519125683118,1.1343765524093627
snowflake,1100,2026-08-12T05:40:41Z,60189868712,70.0,2026-08-11T22:39:29.759000-07:00,1.1666666666666667,1.1245901639344322,1.128142076502751
snowflake,1101,2026-08-12T05:41:41Z,60244314965,131.0,2026-08-11T22:39:29.759000-07:00,2.183333333333333,1.1147540983606632,1.1193243914555586
snowflake,1102,2026-08-12T05:42:41Z,60298761218,43.0,2026-08-11T22:41:47.261000-07:00,0.7166666666666667,1.105737704918041,1.1144560357675304
snowflake,1103,2026-08-12T05:43:41Z,60353207471,10.0,2026-08-11T22:43:29.782000-07:00,0.16666666666666666,1.1251366120218633,1.107476403378066
snowflake,1104,2026-08-12T05:44:42Z,60408561162,69.0,2026-08-11T22:43:29.782000-07:00,1.15,1.0950819672131216,1.1000993541977302
snowflake,1105,2026-08-12T05:45:42Z,60463007415,126.0,2026-08-11T22:43:29.782000-07:00,2.1,1.0871584699453616,1.0928961748634058
snowflake,1106,2026-08-12T05:46:42Z,60517453668,55.0,2026-08-11T22:45:45.614000-07:00,0.9166666666666666,1.0789617486338863,1.0898161947342364
snowflake,1107,2026-08-12T05:47:42Z,60571899921,13.0,2026-08-11T22:47:28.480000-07:00,0.21666666666666667,1.0953551912568371,1.0848981619473597
snowflake,1108,2026-08-12T05:48:42Z,60626346174,73.0,2026-08-11T22:47:28.480000-07:00,1.2166666666666666,1.0658469945355262,1.0801539990064735
snowflake,1109,2026-08-12T05:49:42Z,60681013008,130.0,2026-08-11T22:47:28.480000-07:00,2.1666666666666665,1.0549180327868912,1.0751862891207276
snowflake,1110,2026-08-12T05:50:42Z,60735753370,43.0,2026-08-11T22:49:54.799000-07:00,0.7166666666666667,1.0743169398907173,1.07441629408843
snowflake,1111,2026-08-12T05:51:42Z,60790493732,10.0,2026-08-11T22:51:30.363000-07:00,0.16666666666666666,1.0907103825136681,1.0713859910581298
snowflake,1112,2026-08-12T05:52:42Z,60845234094,68.0,2026-08-11T22:51:30.363000-07:00,1.1333333333333333,1.0606557377049262,1.068405365126678
snowflake,1113,2026-08-12T05:53:43Z,60900886796,126.0,2026-08-11T22:51:30.363000-07:00,2.1,1.0535519125683133,1.065846994535522
snowflake,1114,2026-08-12T05:54:43Z,60955627158,50.0,2026-08-11T22:53:51.837000-07:00,0.8333333333333334,1.0704918032786952,1.0675360158966627
snowflake,1115,2026-08-12T05:55:43Z,61010367520,15.0,2026-08-11T22:55:28.164000-07:00,0.25,1.0866120218579305,1.067685047193229
snowflake,1116,2026-08-12T05:56:44Z,61066020221,75.0,2026-08-11T22:55:28.164000-07:00,1.25,1.0538251366120288,1.0656482861400862
snowflake,1117,2026-08-12T05:57:44Z,61120760583,135.0,2026-08-11T22:55:28.164000-07:00,2.25,1.0461748633879846,1.0640586189766426
snowflake,1118,2026-08-12T05:58:44Z,61175500945,48.0,2026-08-11T22:57:53.090000-07:00,0.8,1.0672131147541044,1.0669895678092252
snowflake,1119,2026-08-12T05:59:44Z,61229957324,15.0,2026-08-11T22:59:23.828000-07:00,0.25,1.0844262295082019,1.067908594138089
snowflake,1120,2026-08-12T06:00:44Z,61284335154,73.0,2026-08-11T22:59:23.828000-07:00,1.2166666666666666,1.0565573770491885,1.068007948335807
snowflake,1121,2026-08-12T06:01:44Z,61338712984,137.0,2026-08-11T22:59:23.828000-07:00,2.283333333333333,1.0519125683060195,1.070119225037243
snowflake,1122,2026-08-12T06:02:44Z,61393090813,15.0,2026-08-11T23:02:26.559000-07:00,0.25,1.073224043715855,1.0785891703924335
snowflake,1123,2026-08-12T06:03:45Z,61448374941,19.0,2026-08-11T23:03:26.471000-07:00,0.31666666666666665,1.092896174863393,1.085370094386483
snowflake,1124,2026-08-12T06:04:45Z,61502752770,78.0,2026-08-11T23:03:26.471000-07:00,1.3,1.0636612021857978,1.0908097367113732
snowflake,1125,2026-08-12T06:05:45Z,61557130600,132.0,2026-08-11T23:03:26.471000-07:00,2.2,1.0715846994535576,1.0954545454545412
snowflake,1126,2026-08-12T06:06:46Z,61612414727,14.0,2026-08-11T23:06:24.001000-07:00,0.23333333333333334,1.1098360655737787,1.1058618976651773
snowflake,1127,2026-08-12T06:07:46Z,61666792557,19.0,2026-08-11T23:07:23.043000-07:00,0.31666666666666665,1.1469945355191336,1.1138350720317787
snowflake,1128,2026-08-12T06:08:46Z,61721170387,77.0,2026-08-11T23:07:23.043000-07:00,1.2833333333333334,1.1207650273224101,1.1207153502235458
snowflake,1129,2026-08-12T06:09:46Z,61775927945,134.0,2026-08-11T23:07:23.043000-07:00,2.2333333333333334,1.1270491803278726,1.128936910084452
snowflake,1130,2026-08-12T06:10:46Z,61830770748,20.0,2026-08-11T23:10:25.059000-07:00,0.3333333333333333,1.1355191256830637,1.1430948832588166
snowflake,1131,2026-08-12T06:11:46Z,61885613551,14.0,2026-08-11T23:11:24.047000-07:00,0.23333333333333334,1.1710382513661213,1.1540735221063145
snowflake,1132,2026-08-12T06:12:46Z,61940456353,74.0,2026-08-11T23:11:24.047000-07:00,1.2333333333333334,1.1396174863387976,1.1622205663189271
snowflake,1133,2026-08-12T06:13:47Z,61996213203,139.0,2026-08-11T23:11:24.047000-07:00,2.316666666666667,1.1489071038251353,1.1703427719821156
snowflake,1134,2026-08-12T06:14:47Z,62051056006,14.0,2026-08-11T23:14:22.241000-07:00,0.23333333333333334,1.1833333333333307,1.184028812717336
snowflake,1135,2026-08-12T06:15:47Z,62105898808,14.0,2026-08-11T23:15:31.701000-07:00,0.23333333333333334,1.2193989071038194,1.1943864878291028
snowflake,1136,2026-08-12T06:16:47Z,62160741611,75.0,2026-08-11T23:15:31.701000-07:00,1.25,1.1923497267759529,1.2048683556880322
snowflake,1137,2026-08-12T06:17:47Z,62215584414,132.0,2026-08-11T23:15:31.701000-07:00,2.2,1.1994535519125622,1.215449577744659
snowflake,1138,2026-08-12T06:18:47Z,62270427217,17.0,2026-08-11T23:18:24.543000-07:00,0.2833333333333333,1.2363387978142015,1.2322155986090488
snowflake,1139,2026-08-12T06:19:47Z,62325068792,15.0,2026-08-11T23:19:31.233000-07:00,0.25,1.2713114754098278,1.2454048683556804
snowflake,1140,2026-08-12T06:20:47Z,62379670122,71.0,2026-08-11T23:19:31.233000-07:00,1.1833333333333333,1.2409836065573665,1.2563089915548848
snowflake,1141,2026-08-12T06:21:47Z,62434271452,126.0,2026-08-11T23:19:31.233000-07:00,2.1,1.2508196721311355,1.2671137605563714
snowflake,1142,2026-08-12T06:22:48Z,62489782804,16.0,2026-08-11T23:22:28.492000-07:00,0.26666666666666666,1.2874316939890593,1.2836313959264565
snowflake,1143,2026-08-12T06:23:48Z,62544384134,20.0,2026-08-11T23:23:26.667000-07:00,0.3333333333333333,1.3240437158469793,1.296621957277673
snowflake,1144,2026-08-12T06:24:48Z,62598985464,76.0,2026-08-11T23:23:26.667000-07:00,1.2666666666666666,1.2939890710382373,1.3069796323894602
snowflake,1145,2026-08-12T06:25:48Z,62653586794,134.0,2026-08-11T23:23:26.667000-07:00,2.2333333333333334,1.303278688524579,1.3172379533035092
snowflake,1146,2026-08-12T06:26:48Z,62708188124,14.0,2026-08-11T23:26:25.103000-07:00,0.23333333333333334,1.3382513661202091,1.3333830104321682
snowflake,1147,2026-08-12T06:27:48Z,62762789454,14.0,2026-08-11T23:27:31.359000-07:00,0.23333333333333334,1.374043715846986,1.3458519622453713
snowflake,1148,2026-08-12T06:28:48Z,62817390784,77.0,2026-08-11T23:27:31.359000-07:00,1.2833333333333334,1.3423497267759468,1.3567312468951513
snowflake,1149,2026-08-12T06:29:48Z,62871935504,132.0,2026-08-11T23:27:31.359000-07:00,2.2,1.3502732240437068,1.3673373075012023
snowflake,1150,2026-08-12T06:30:48Z,62926470235,25.0,2026-08-11T23:30:22.647000-07:00,0.4166666666666667,1.3841530054644706,1.383805265772439
snowflake,1151,2026-08-12T06:31:49Z,62981913878,24.0,2026-08-11T23:31:22.709000-07:00,0.4,1.418579234972666,1.3967213114753618
snowflake,1152,2026-08-12T06:32:49Z,63036448609,82.0,2026-08-11T23:31:22.709000-07:00,1.3666666666666667,1.3879781420764927,1.408072528564286
snowflake,1153,2026-08-12T06:33:49Z,63090983340,141.0,2026-08-11T23:31:22.709000-07:00,2.35,1.4071038251366033,1.4192747143566438
snowflake,1154,2026-08-12T06:34:49Z,63145518070,23.0,2026-08-11T23:34:25.351000-07:00,0.38333333333333336,1.4407103825136518,1.4364381520118845
snowflake,1155,2026-08-12T06:35:49Z,63200052801,77.0,2026-08-11T23:34:25.351000-07:00,1.2833333333333334,1.4751366120218508,1.4502980625930955
snowflake,1156,2026-08-12T06:36:49Z,63254587532,143.0,2026-08-11T23:34:25.351000-07:00,2.3833333333333333,1.4453551912568243,1.4612767014405934
snowflake,1157,2026-08-12T06:37:49Z,63309122263,204.0,2026-08-11T23:34:25.351000-07:00,3.4,1.4631147540983531,1.4709637357178011
snowflake,1158,2026-08-12T06:38:49Z,63363656994,22.0,2026-08-11T23:38:27.021000-07:00,0.36666666666666664,1.4972677595628365,1.4851217088921658
snowflake,1159,2026-08-12T06:39:49Z,63418065502,76.0,2026-08-11T23:38:27.021000-07:00,1.2666666666666666,1.5311475409836006,1.4946845504222315
snowflake,1160,2026-08-12T06:40:49Z,63472454591,142.0,2026-08-11T23:38:27.021000-07:00,2.3666666666666667,1.5027322404371524,1.501241927471421
snowflake,1161,2026-08-12T06:41:50Z,63527750165,200.0,2026-08-11T23:38:27.021000-07:00,3.3333333333333335,1.5049180327868807,1.5061599602583184
snowflake,1162,2026-08-12T06:42:50Z,63582139254,16.0,2026-08-11T23:42:25.786000-07:00,0.26666666666666666,1.5251366120218537,1.515375062096382
snowflake,1163,2026-08-12T06:43:50Z,63636528344,77.0,2026-08-11T23:42:25.786000-07:00,1.2833333333333334,1.5437158469945294,1.5200943864878438
snowflake,1164,2026-08-12T06:44:50Z,63690917433,136.0,2026-08-11T23:42:25.786000-07:00,2.2666666666666666,1.5122950819672094,1.5218827620467024
snowflake,1165,2026-08-12T06:45:50Z,63745306522,201.0,2026-08-11T23:42:25.786000-07:00,3.35,1.5128415300546405,1.5222305017387043
snowflake,1166,2026-08-12T06:46:50Z,63799695612,27.0,2026-08-11T23:46:21.016000-07:00,0.45,1.5292349726775913,1.5267262791853062
snowflake,1167,2026-08-12T06:47:50Z,63854084701,81.0,2026-08-11T23:46:21.016000-07:00,1.35,1.5467213114754046,1.528564331843034
snowflake,1168,2026-08-12T06:48:50Z,63908473790,148.0,2026-08-11T23:46:21.016000-07:00,2.466666666666667,1.5150273224043653,1.5285394932935892
snowflake,1169,2026-08-12T06:49:50Z,63962619573,201.0,2026-08-11T23:46:21.016000-07:00,3.35,1.5169398907103784,1.5281669150521628
snowflake,1170,2026-08-12T06:50:50Z,64016733221,19.0,2026-08-11T23:50:24.894000-07:00,0.31666666666666665,1.5349726775956227,1.5322652757078934
snowflake,1171,2026-08-12T06:51:51Z,64071748763,79.0,2026-08-11T23:50:24.894000-07:00,1.3166666666666667,1.5521857923497202,1.5334823646299107
snowflake,1172,2026-08-12T06:52:51Z,64125862412,144.0,2026-08-11T23:50:24.894000-07:00,2.4,1.5251366120218537,1.5335817188276286
snowflake,1173,2026-08-12T06:53:51Z,64179976060,202.0,2026-08-11T23:50:24.894000-07:00,3.3666666666666667,1.5248633879781381,1.5339294585196306
snowflake,1174,2026-08-12T06:54:51Z,64234089708,16.0,2026-08-11T23:54:24.280000-07:00,0.26666666666666666,1.5396174863387952,1.5389220069548009
snowflake,1175,2026-08-12T06:55:51Z,64288203356,84.0,2026-08-11T23:54:24.280000-07:00,1.4,1.557377049180324,1.5411574764034
snowflake,1176,2026-08-12T06:56:51Z,64342317004,143.0,2026-08-11T23:54:24.280000-07:00,2.3833333333333333,1.526229508196716,1.541554893194271
snowflake,1177,2026-08-12T06:57:51Z,64396430652,206.0,2026-08-11T23:54:24.280000-07:00,3.433333333333333,1.5303278688524538,1.541877794336849
snowflake,1178,2026-08-12T06:58:51Z,64450544300,19.0,2026-08-11T23:58:29.064000-07:00,0.31666666666666665,1.5505464480874267,1.5461003477397215
snowflake,1179,2026-08-12T06:59:51Z,64505245747,77.0,2026-08-11T23:58:29.064000-07:00,1.2833333333333334,1.5699453551912528,1.5474913065077296
snowflake,1180,2026-08-12T07:00:51Z,64560012505,139.0,2026-08-11T23:58:29.064000-07:00,2.316666666666667,1.5415300546448045,1.5475906607054475
snowflake,1181,2026-08-12T07:01:52Z,64615692042,199.0,2026-08-11T23:58:29.064000-07:00,3.316666666666667,1.539344262295076,1.5461997019374394
snowflake,1182,2026-08-12T07:02:52Z,64670458799,25.0,2026-08-12T00:02:22.702000-07:00,0.4166666666666667,1.5557377049180268,1.5477148534525895
snowflake,1183,2026-08-12T07:03:52Z,64725225557,85.0,2026-08-12T00:02:22.702000-07:00,1.4166666666666667,1.5715846994535465,1.5444361649279843
snowflake,1184,2026-08-12T07:04:52Z,64779992315,142.0,2026-08-12T00:02:22.702000-07:00,2.3666666666666667,1.5401639344262266,1.5391455538996608
snowflake,1185,2026-08-12T07:05:52Z,64834759072,204.0,2026-08-12T00:02:22.702000-07:00,3.4,1.5407103825136577,1.532116244411327
snowflake,1186,2026-08-12T07:06:52Z,64889525830,23.0,2026-08-12T00:06:27.896000-07:00,0.38333333333333336,1.5420765027322356,1.5276701440635738
snowflake,1187,2026-08-12T07:07:52Z,64944292588,79.0,2026-08-12T00:06:27.896000-07:00,1.3166666666666667,1.5428961748633825,1.5191256830600899
snowflake,1188,2026-08-12T07:08:52Z,64999059346,144.0,2026-08-12T00:06:27.896000-07:00,2.4,1.4942622950819613,1.5090909090908802
snowflake,1189,2026-08-12T07:09:52Z,65054367882,201.0,2026-08-12T00:06:27.896000-07:00,3.35,1.492349726775952,1.4977893691008253
snowflake,1190,2026-08-12T07:10:53Z,65110648300,30.0,2026-08-12T00:10:22.262000-07:00,0.5,1.4926229508196676,1.4895429706904948
snowflake,1191,2026-08-12T07:11:53Z,65166006089,28.0,2026-08-12T00:11:23.192000-07:00,0.4666666666666667,1.4926229508196676,1.4769001490312803
snowflake,1192,2026-08-12T07:12:53Z,65221363878,88.0,2026-08-12T00:11:23.192000-07:00,1.4666666666666666,1.445355191256828,1.4640834575260546
snowflake,1193,2026-08-12T07:13:53Z,65276721667,142.0,2026-08-12T00:11:23.192000-07:00,2.3666666666666667,1.445355191256828,1.4511177347242623
snowflake,1194,2026-08-12T07:14:53Z,65332079456,24.0,2026-08-12T00:14:28.815000-07:00,0.4,1.447267759562841,1.442449080973657
snowflake,1195,2026-08-12T07:15:53Z,65387437244,16.0,2026-08-12T00:15:29.780000-07:00,0.26666666666666666,1.4494535519125695,1.4295827123695828
snowflake,1196,2026-08-12T07:16:53Z,65442795033,74.0,2026-08-12T00:15:29.780000-07:00,1.2333333333333334,1.4016393442622987,1.4165424739195176
snowflake,1197,2026-08-12T07:17:53Z,65498152822,139.0,2026-08-12T00:15:29.780000-07:00,2.316666666666667,1.4010928961748677,1.4035519125683011
snowflake,1198,2026-08-12T07:18:54Z,65554433241,16.0,2026-08-12T00:18:29.195000-07:00,0.26666666666666666,1.4002732240437208,1.3948832588176752
snowflake,1199,2026-08-12T07:19:54Z,65608678212,24.0,2026-08-12T00:19:29.392000-07:00,0.4,1.3989071038251428,1.382016890213601
snowflake,1200,2026-08-12T07:20:54Z,65662864615,81.0,2026-08-12T00:19:29.392000-07:00,1.35,1.3508196721311565,1.369200198708375
snowflake,1201,2026-08-12T07:21:54Z,65717051018,134.0,2026-08-12T00:19:29.392000-07:00,2.2333333333333334,1.349180327868863,1.356259314456028
snowflake,1202,2026-08-12T07:22:54Z,65771237420,27.0,2026-08-12T00:22:27.208000-07:00,0.45,1.349726775956294,1.3476900149031197
snowflake,1203,2026-08-12T07:23:54Z,65825423823,15.0,2026-08-12T00:23:29.550000-07:00,0.25,1.3500000000000096,1.3349230004967632
snowflake,1204,2026-08-12T07:24:54Z,65879610225,74.0,2026-08-12T00:23:29.550000-07:00,1.2333333333333334,1.3038251366120326,1.322404371584691
snowflake,1205,2026-08-12T07:25:54Z,65933796628,141.0,2026-08-12T00:23:29.550000-07:00,2.35,1.3062841530054767,1.3104321907600562
snowflake,1206,2026-08-12T07:26:54Z,65987983031,20.0,2026-08-12T00:26:25.025000-07:00,0.3333333333333333,1.3071038251366234,1.3032041728763075
snowflake,1207,2026-08-12T07:27:55Z,66043072540,29.0,2026-08-12T00:27:25.003000-07:00,0.48333333333333334,1.3073770491803391,1.291803278688514
snowflake,1208,2026-08-12T07:28:55Z,66097258943,88.0,2026-08-12T00:27:25.003000-07:00,1.4666666666666666,1.260655737704927,1.2804272230501654
snowflake,1209,2026-08-12T07:29:55Z,66151592592,148.0,2026-08-12T00:27:25.003000-07:00,2.466666666666667,1.2625683060109398,1.2691008445106862
snowflake,1210,2026-08-12T07:30:55Z,66205931318,28.0,2026-08-12T00:30:19.881000-07:00,0.4666666666666667,1.2672131147541088,1.2618976651763618
snowflake,1211,2026-08-12T07:31:55Z,66260270045,17.0,2026-08-12T00:31:31.132000-07:00,0.2833333333333333,1.2713114754098465,1.2501738698460114
snowflake,1212,2026-08-12T07:32:55Z,66314608772,84.0,2026-08-12T00:31:31.132000-07:00,1.4,1.2237704918032914,1.2384749130650852
snowflake,1213,2026-08-12T07:33:55Z,66368947498,140.0,2026-08-12T00:31:31.132000-07:00,2.3333333333333335,1.224590163934438,1.2267262791853104
snowflake,1214,2026-08-12T07:34:55Z,66423286225,26.0,2026-08-12T00:34:25.787000-07:00,0.43333333333333335,1.225409836065585,1.2192747143567018
snowflake,1215,2026-08-12T07:35:56Z,66478530597,25.0,2026-08-12T00:35:29.685000-07:00,0.4166666666666667,1.224590163934438,1.20737704918034
snowflake,1216,2026-08-12T07:36:56Z,66532869323,82.0,2026-08-12T00:35:29.685000-07:00,1.3666666666666667,1.1773224043715949,1.1949577744659647
snowflake,1217,2026-08-12T07:37:56Z,66587208050,146.0,2026-08-12T00:35:29.685000-07:00,2.433333333333333,1.1784153005464573,1.183656234475889
snowflake,1218,2026-08-12T07:38:56Z,66641546777,26.0,2026-08-12T00:38:24.166000-07:00,0.43333333333333335,1.1781420765027417,1.1781172379533018
snowflake,1219,2026-08-12T07:39:56Z,66695549375,15.0,2026-08-12T00:39:31.915000-07:00,0.25,1.1786885245901728,1.1696721311475358
snowflake,1220,2026-08-12T07:40:56Z,66749546277,77.0,2026-08-12T00:39:31.915000-07:00,1.2833333333333334,1.131693989071049,1.1613512170889118
snowflake,1221,2026-08-12T07:41:56Z,66803543178,142.0,2026-08-12T00:39:31.915000-07:00,2.3666666666666667,1.1306010928961865,1.1549180327868849
snowflake,1222,2026-08-12T07:42:56Z,66857540080,27.0,2026-08-12T00:42:24.514000-07:00,0.45,1.1469945355191373,1.1546696472926008
snowflake,1223,2026-08-12T07:43:56Z,66911536982,16.0,2026-08-12T00:43:32.221000-07:00,0.26666666666666666,1.162841530054657,1.1516145057128762
snowflake,1224,2026-08-12T07:44:57Z,66966433832,84.0,2026-08-12T00:43:32.221000-07:00,1.4,1.1316939890710527,1.1489319423745779
snowflake,1225,2026-08-12T07:45:57Z,67020430733,144.0,2026-08-12T00:43:32.221000-07:00,2.4,1.1338797814207775,1.1479135618479963
snowflake,1226,2026-08-12T07:46:57Z,67074427635,26.0,2026-08-12T00:46:25.560000-07:00,0.43333333333333335,1.1538251366120347,1.1529061102831664
snowflake,1227,2026-08-12T07:47:57Z,67128424536,25.0,2026-08-12T00:47:30.934000-07:00,0.4166666666666667,1.174590163934439,1.1553402881271806
snowflake,1228,2026-08-12T07:48:57Z,67182421438,78.0,2026-08-12T00:47:30.934000-07:00,1.3,1.1448087431694125,1.1561847988077716
snowflake,1229,2026-08-12T07:49:57Z,67236970906,143.0,2026-08-12T00:47:30.934000-07:00,2.3833333333333333,1.1486338797814346,1.157377049180344
snowflake,1230,2026-08-12T07:50:57Z,67291520373,25.0,2026-08-12T00:50:22.629000-07:00,0.4166666666666667,1.1674863387978258,1.1629905613512455
snowflake,1231,2026-08-12T07:51:57Z,67346069841,13.0,2026-08-12T00:51:32.374000-07:00,0.21666666666666667,1.1866120218579363,1.1659215101838278
snowflake,1232,2026-08-12T07:52:57Z,67400619308,81.0,2026-08-12T00:51:32.374000-07:00,1.35,1.1573770491803412,1.1672627918529666
snowflake,1233,2026-08-12T07:53:58Z,67456077934,145.0,2026-08-12T00:51:32.374000-07:00,2.4166666666666665,1.1562841530054788,1.1682314952806792
snowflake,1234,2026-08-12T07:54:58Z,67510627401,33.0,2026-08-12T00:54:24.441000-07:00,0.55,1.1759562841530207,1.1733730750124158
snowflake,1235,2026-08-12T07:55:58Z,67565176869,25.0,2026-08-12T00:55:30.418000-07:00,0.4166666666666667,1.193442622950834,1.1751862891206988
snowflake,1236,2026-08-12T07:56:58Z,67619726337,87.0,2026-08-12T00:55:30.418000-07:00,1.45,1.1661202185792516,1.1752856433184165
snowflake,1237,2026-08-12T07:57:58Z,67674275804,144.0,2026-08-12T00:55:30.418000-07:00,2.4,1.1685792349726958,1.1753849975161343
snowflake,1238,2026-08-12T07:58:58Z,67728815372,35.0,2026-08-12T00:58:22.031000-07:00,0.5833333333333334,1.1852459016393622,1.1798310978638875
snowflake,1239,2026-08-12T07:59:58Z,67782770863,26.0,2026-08-12T00:59:23.656000-07:00,0.43333333333333335,1.2013661202185975,1.181942374565324
snowflake,1240,2026-08-12T08:00:58Z,67836726354,94.0,2026-08-12T00:59:23.656000-07:00,1.5666666666666667,1.1685792349726958,1.1823646299056194
snowflake,1241,2026-08-12T08:01:58Z,67890681845,154.0,2026-08-12T00:59:23.656000-07:00,2.566666666666667,1.1685792349726958,1.1827123695976214
snowflake,1242,2026-08-12T08:02:59Z,67945536594,25.0,2026-08-12T01:02:25.912000-07:00,0.4166666666666667,1.1877049180328063,1.1871087928465054
snowflake,1243,2026-08-12T08:03:59Z,67999492085,28.0,2026-08-12T01:03:30.548000-07:00,0.4666666666666667,1.206284153005482,1.1884997516145135
snowflake,1244,2026-08-12T08:04:59Z,68053447576,88.0,2026-08-12T01:03:30.548000-07:00,1.4666666666666666,1.1795081967213308,1.1877297565822367
snowflake,1245,2026-08-12T08:05:59Z,68107403067,139.0,2026-08-12T01:03:30.548000-07:00,2.316666666666667,1.1806010928961932,1.1867858917039484
snowflake,1246,2026-08-12T08:06:59Z,68161358558,31.0,2026-08-12T01:06:26.512000-07:00,0.5166666666666667,1.1972677595628596,1.1884003974168165
snowflake,1247,2026-08-12T08:07:59Z,68215314049,27.0,2026-08-12T01:07:32.230000-07:00,0.45,1.214480874316961,1.1893442622951047
snowflake,1248,2026-08-12T08:08:59Z,68269253455,78.0,2026-08-12T01:07:32.230000-07:00,1.3,1.1838797814207842,1.188599105812252
snowflake,1249,2026-08-12T08:09:59Z,68322726385,146.0,2026-08-12T01:07:32.230000-07:00,2.433333333333333,1.176775956284171,1.1879284649776722
snowflake,1250,2026-08-12T08:10:59Z,68376199315,29.0,2026-08-12T01:10:28.567000-07:00,0.48333333333333334,1.1909836065573935,1.1892449080973868
snowflake,1251,2026-08-12T08:12:00Z,68430563460,26.0,2026-08-12T01:11:31.337000-07:00,0.43333333333333335,1.1863387978142246,1.1900397416791086
snowflake,1252,2026-08-12T08:13:00Z,68484036390,88.0,2026-08-12T01:11:31.337000-07:00,1.4666666666666666,1.1789617486338997,1.1894187779433774
snowflake,1253,2026-08-12T08:14:00Z,68537509320,146.0,2026-08-12T01:11:31.337000-07:00,2.433333333333333,1.1795081967213308,1.1888971684053848
snowflake,1254,2026-08-12T08:15:00Z,68590982250,28.0,2026-08-12T01:14:28.423000-07:00,0.4666666666666667,1.198907103825157,1.1907848981619613
snowflake,1255,2026-08-12T08:16:00Z,68644455180,32.0,2026-08-12T01:15:27.813000-07:00,0.5333333333333333,1.1939890710382688,1.1927719821162555
snowflake,1256,2026-08-12T08:17:00Z,68697928110,89.0,2026-08-12T01:15:27.813000-07:00,1.4833333333333334,1.189344262295096,1.1936413313462502
snowflake,1257,2026-08-12T08:18:00Z,68751401040,150.0,2026-08-12T01:15:27.813000-07:00,2.5,1.1904371584699585,1.1968206656731375
snowflake,1258,2026-08-12T08:19:00Z,68804920971,30.0,2026-08-12T01:18:27.771000-07:00,0.5,1.2087431693989186,1.2001738698460154
snowflake,1259,2026-08-12T08:20:00Z,68859333923,30.0,2026-08-12T01:19:27.433000-07:00,0.5,1.204644808743181,1.202881271733738
snowflake,1260,2026-08-12T08:21:01Z,68914653757,93.0,2026-08-12T01:19:27.433000-07:00,1.55,1.1986338797814302,1.2038251366120263
snowflake,1261,2026-08-12T08:22:01Z,68969066709,151.0,2026-08-12T01:19:27.433000-07:00,2.5166666666666666,1.2005464480874395,1.2068306010929022
snowflake,1262,2026-08-12T08:23:01Z,69023479662,27.0,2026-08-12T01:22:28.143000-07:00,0.45,1.2213114754098435,1.2095131644312005
snowflake,1263,2026-08-12T08:24:01Z,69077892614,23.0,2026-08-12T01:23:32.617000-07:00,0.38333333333333336,1.215846994535528,1.2113760556383526
snowflake,1264,2026-08-12T08:25:01Z,69132305566,87.0,2026-08-12T01:23:32.617000-07:00,1.45,1.2092896174863461,1.2116989567809098
snowflake,1265,2026-08-12T08:26:01Z,69186718518,138.0,2026-08-12T01:23:32.617000-07:00,2.3,1.2092896174863461,1.2142573273720865
snowflake,1266,2026-08-12T08:27:01Z,69241131470,41.0,2026-08-12T01:26:20.476000-07:00,0.6833333333333333,1.227049180327875,1.2167411823149492
snowflake,1267,2026-08-12T08:28:01Z,69295544422,29.0,2026-08-12T01:27:31.076000-07:00,0.48333333333333334,1.2188524590163994,1.218455042225535
snowflake,1268,2026-08-12T08:29:02Z,69350920290,90.0,2026-08-12T01:27:31.076000-07:00,1.5,1.2109289617486396,1.2183805265772414
snowflake,1269,2026-08-12T08:30:02Z,69406005645,147.0,2026-08-12T01:27:31.076000-07:00,2.45,1.2122950819672214,1.2203676105315358
snowflake,1270,2026-08-12T08:31:02Z,69461090999,28.0,2026-08-12T01:30:27.117000-07:00,0.4666666666666667,1.2327868852459098,1.2221808246398391
snowflake,1271,2026-08-12T08:32:02Z,69516176354,28.0,2026-08-12T01:31:27.350000-07:00,0.4666666666666667,1.225956284153016,1.2235221063089987
snowflake,1272,2026-08-12T08:33:02Z,69571261709,87.0,2026-08-12T01:31:27.350000-07:00,1.45,1.219398907103838,1.2232488822652903
snowflake,1273,2026-08-12T08:34:02Z,69626347063,152.0,2026-08-12T01:31:27.350000-07:00,2.533333333333333,1.2204918032787004,1.225285643318433
snowflake,1274,2026-08-12T08:35:02Z,69681432418,42.0,2026-08-12T01:34:18.736000-07:00,0.7,1.2377049180327981,1.227595628415305
snowflake,1275,2026-08-12T08:36:02Z,69736517772,30.0,2026-08-12T01:35:32.697000-07:00,0.5,1.229234972677607,1.2291604570293244
snowflake,1276,2026-08-12T08:37:02Z,69791603127,86.0,2026-08-12T01:35:32.697000-07:00,1.4333333333333333,1.224043715847007,1.2288127173373224
snowflake,1277,2026-08-12T08:38:03Z,69847606571,145.0,2026-08-12T01:35:32.697000-07:00,2.4166666666666665,1.224043715847007,1.230625931445626
snowflake,1278,2026-08-12T08:39:03Z,69902498823,34.0,2026-08-12T01:38:28.420000-07:00,0.5666666666666667,1.2412568306011045,1.2323646299056359
snowflake,1279,2026-08-12T08:40:03Z,69955653158,0.0,2026-08-12T01:39:55.046000-07:00,0.0,1.2363387978142202,1.2334326875310664
snowflake,1280,2026-08-12T08:41:03Z,70008807493,67.0,2026-08-12T01:39:55.046000-07:00,1.1166666666666667,1.2295081967213226,1.2330849478390642
snowflake,1281,2026-08-12T08:42:03Z,70061961827,60.0,2026-08-12T01:41:03.007000-07:00,1.0,1.2289617486338915,1.235096870342783
snowflake,1282,2026-08-12T08:43:03Z,70115116162,115.0,2026-08-12T01:41:03.007000-07:00,1.9166666666666667,1.2459016393442734,1.2369100844510657
snowflake,1283,2026-08-12T08:44:03Z,70168270496,29.0,2026-08-12T01:43:29.134000-07:00,0.48333333333333334,1.2385245901639448,1.2381023348236382
snowflake,1284,2026-08-12T08:45:03Z,70221424831,87.0,2026-08-12T01:43:29.134000-07:00,1.45,1.2322404371584788,1.2377794336810604
snowflake,1285,2026-08-12T08:46:03Z,70274579166,66.0,2026-08-12T01:44:56.431000-07:00,1.1,1.2338797814207723,1.2394436164927976
snowflake,1286,2026-08-12T08:47:04Z,70328619406,127.0,2026-08-12T01:44:56.431000-07:00,2.1166666666666667,1.2513661202185855,1.240983606557372
snowflake,1287,2026-08-12T08:48:04Z,70381773740,30.0,2026-08-12T01:47:28.883000-07:00,0.5,1.2439890710382568,1.2418529557873668
snowflake,1288,2026-08-12T08:49:04Z,70435150761,92.0,2026-08-12T01:47:28.883000-07:00,1.5333333333333334,1.2371584699453595,1.2412816691505049
snowflake,1289,2026-08-12T08:50:04Z,70490213834,63.0,2026-08-12T01:49:01.065000-07:00,1.05,1.2377049180327906,1.2431942374565055
snowflake,1290,2026-08-12T08:51:04Z,70545276907,121.0,2026-08-12T01:49:01.065000-07:00,2.0166666666666666,1.2546448087431725,1.245007451564809
snowflake,1291,2026-08-12T08:52:04Z,70600339979,32.0,2026-08-12T01:51:31.915000-07:00,0.5333333333333333,1.2464480874316972,1.2461748633879572
snowflake,1292,2026-08-12T08:53:04Z,70655403052,89.0,2026-08-12T01:51:31.915000-07:00,1.4833333333333334,1.2385245901639375,1.2457277694982374
snowflake,1293,2026-08-12T08:54:04Z,70710466125,61.0,2026-08-12T01:53:01.178000-07:00,1.0166666666666666,1.2396174863387999,1.2477148534525317
snowflake,1294,2026-08-12T08:55:04Z,70765529197,121.0,2026-08-12T01:53:01.178000-07:00,2.0166666666666666,1.2595628415300535,1.2496522603079774
snowflake,1295,2026-08-12T08:56:04Z,70820592270,33.0,2026-08-12T01:55:29.736000-07:00,0.55,1.2521857923497248,1.2509438648782676
snowflake,1296,2026-08-12T08:57:05Z,70876573061,90.0,2026-08-12T01:55:29.736000-07:00,1.5,1.246721311475409,1.2508445106805497
snowflake,1297,2026-08-12T08:58:05Z,70931636133,57.0,2026-08-12T01:56:59.808000-07:00,0.95,1.2464480874316934,1.2531048186785732
snowflake,1298,2026-08-12T08:59:05Z,70986565840,115.0,2026-08-12T01:56:59.808000-07:00,1.9166666666666667,1.2658469945355195,1.255514157973163
snowflake,1299,2026-08-12T09:00:05Z,71040628664,40.0,2026-08-12T01:59:24.315000-07:00,0.6666666666666666,1.258469945355191,1.2571783407848793
snowflake,1300,2026-08-12T09:01:05Z,71094691488,101.0,2026-08-12T01:59:24.315000-07:00,1.6833333333333333,1.2519125683060093,1.2570789865871823
snowflake,1301,2026-08-12T09:02:05Z,71148754312,69.0,2026-08-12T02:00:54.084000-07:00,1.15,1.2535519125683028,1.2595628415300448
snowflake,1302,2026-08-12T09:03:05Z,71202817136,130.0,2026-08-12T02:00:54.084000-07:00,2.1666666666666665,1.2713114754098316,1.2620218579235039
snowflake,1303,2026-08-12T09:04:05Z,71256879960,29.0,2026-08-12T02:03:31.340000-07:00,0.48333333333333334,1.2650273224043653,1.2640586189766674
snowflake,1304,2026-08-12T09:05:05Z,71310942784,91.0,2026-08-12T02:03:31.340000-07:00,1.5166666666666666,1.2579234972677524,1.2645305514158116
snowflake,1305,2026-08-12T09:06:06Z,71365906655,57.0,2026-08-12T02:04:58.877000-07:00,0.95,1.2584699453551835,1.2682563338301158
snowflake,1306,2026-08-12T09:07:06Z,71419969479,120.0,2026-08-12T02:04:58.877000-07:00,2.0,1.2795081967213033,1.2727024341778692
snowflake,1307,2026-08-12T09:08:06Z,71474032304,31.0,2026-08-12T02:07:32.625000-07:00,0.5166666666666667,1.2737704918032682,1.278787878787894
snowflake,1308,2026-08-12T09:09:06Z,71528066954,90.0,2026-08-12T02:07:32.625000-07:00,1.5,1.26885245901638,1.281222056631908
snowflake,1309,2026-08-12T09:10:06Z,71581941952,60.0,2026-08-12T02:09:03.201000-07:00,1.0,1.2710382513661085,1.285941381023349
snowflake,1310,2026-08-12T09:11:06Z,71635816951,121.0,2026-08-12T02:09:03.201000-07:00,2.0166666666666666,1.299453551912557,1.2908097367113773
snowflake,1311,2026-08-12T09:12:06Z,71689691950,27.0,2026-08-12T02:11:34.553000-07:00,0.45,1.3008196721311387,1.29699453551912
snowflake,1312,2026-08-12T09:13:06Z,71743566948,88.0,2026-08-12T02:11:34.553000-07:00,1.4666666666666666,1.3204918032786803,1.298857426726272
snowflake,1313,2026-08-12T09:14:06Z,71797441947,61.0,2026-08-12T02:13:02.966000-07:00,1.0166666666666666,1.2980874316939788,1.3026825633382941
snowflake,1314,2026-08-12T09:15:06Z,71851316945,123.0,2026-08-12T02:13:02.966000-07:00,2.05,1.3169398907103738,1.3050422255340146
snowflake,1315,2026-08-12T09:16:06Z,71905191944,34.0,2026-08-12T02:15:30.043000-07:00,0.5666666666666667,1.3114754098360544,1.3074515648286045
snowflake,1316,2026-08-12T09:17:07Z,71959964859,96.0,2026-08-12T02:15:30.043000-07:00,1.6,1.3265027322404273,1.3051167411823081
snowflake,1317,2026-08-12T09:18:07Z,72013839858,62.0,2026-08-12T02:17:02.271000-07:00,1.0333333333333334,1.2999999999999918,1.3041231992051507
snowflake,1318,2026-08-12T09:19:07Z,72067704281,125.0,2026-08-12T02:17:02.271000-07:00,2.0833333333333335,1.3158469945355113,1.3006209637357065
snowflake,1319,2026-08-12T09:20:07Z,72121515828,32.0,2026-08-12T02:19:33.284000-07:00,0.5333333333333333,1.2948087431693918,1.3005961251862614
snowflake,1320,2026-08-12T09:21:07Z,72175327375,92.0,2026-08-12T02:19:33.284000-07:00,1.5333333333333334,1.2975409836065515,1.2965971187282486
snowflake,1321,2026-08-12T09:22:07Z,72229138922,63.0,2026-08-12T02:21:02.746000-07:00,1.05,1.273770491803272,1.292598112270236
snowflake,1322,2026-08-12T09:23:07Z,72282950468,122.0,2026-08-12T02:21:02.746000-07:00,2.033333333333333,1.2898907103825072,1.2866616989567774
snowflake,1323,2026-08-12T09:24:08Z,72337658874,31.0,2026-08-12T02:23:30.840000-07:00,0.5166666666666667,1.2819672131147475,1.2848733233979188
snowflake,1324,2026-08-12T09:25:08Z,72391470421,96.0,2026-08-12T02:23:30.840000-07:00,1.6,1.297814207650267,1.2796075509190195
snowflake,1325,2026-08-12T09:26:08Z,72445281968,60.0,2026-08-12T02:24:59.847000-07:00,1.0,1.272950819672125,1.2753849975161466
snowflake,1326,2026-08-12T09:27:08Z,72499093515,118.0,2026-08-12T02:24:59.847000-07:00,1.9666666666666666,1.2674863387978095,1.270119225037268
snowflake,1327,2026-08-12T09:28:08Z,72552905061,40.0,2026-08-12T02:27:25.924000-07:00,0.6666666666666666,1.2612021857923432,1.2685047193244001
snowflake,1328,2026-08-12T09:29:08Z,72606559755,100.0,2026-08-12T02:27:25.924000-07:00,1.6666666666666667,1.28032786885245,1.26328862394437
snowflake,1329,2026-08-12T09:30:08Z,72659515739,63.0,2026-08-12T02:29:03.149000-07:00,1.05,1.2579234972677487,1.2585196224540596
snowflake,1330,2026-08-12T09:31:08Z,72712471722,123.0,2026-08-12T02:29:03.149000-07:00,2.05,1.2483606557376914,1.2518877297565971
snowflake,1331,2026-08-12T09:32:08Z,72765427706,34.0,2026-08-12T02:31:33.003000-07:00,0.5666666666666667,1.239617486338785,1.2493541977148652
snowflake,1332,2026-08-12T09:33:09Z,72819266289,93.0,2026-08-12T02:31:33.003000-07:00,1.55,1.2560109289617356,1.245255837059114
snowflake,1333,2026-08-12T09:34:09Z,72872222273,64.0,2026-08-12T02:33:02.990000-07:00,1.0666666666666667,1.2325136612021719,1.2412319920516561
snowflake,1334,2026-08-12T09:35:09Z,72925178256,126.0,2026-08-12T02:33:02.990000-07:00,2.1,1.2295081967212966,1.235171385991035
snowflake,1335,2026-08-12T09:36:09Z,72978134240,44.0,2026-08-12T02:35:22.210000-07:00,0.7333333333333333,1.2248633879781277,1.23301043219075
snowflake,1336,2026-08-12T09:37:09Z,73031090224,107.0,2026-08-12T02:35:22.210000-07:00,1.7833333333333334,1.2450819672131006,1.229731743666145
snowflake,1337,2026-08-12T09:38:09Z,73084046207,65.0,2026-08-12T02:36:58.362000-07:00,1.0833333333333333,1.2224043715846835,1.2268007948335624
snowflake,1338,2026-08-12T09:39:09Z,73137162572,127.0,2026-08-12T02:36:58.362000-07:00,2.1166666666666667,1.216939890710368,1.221758569299523
snowflake,1339,2026-08-12T09:40:09Z,73190920459,42.0,2026-08-12T02:39:23.615000-07:00,0.7,1.2136612021857769,1.2204172876303843
snowflake,1340,2026-08-12T09:41:09Z,73244678346,104.0,2026-08-12T02:39:23.615000-07:00,1.7333333333333334,1.2341530054644654,1.2173124689517905
snowflake,1341,2026-08-12T09:42:10Z,73299332199,72.0,2026-08-12T02:40:54.379000-07:00,1.2,1.212295081967199,1.2141579731743481
snowflake,1342,2026-08-12T09:43:10Z,73353090086,132.0,2026-08-12T02:40:54.379000-07:00,2.2,1.2073770491803144,1.2087431693988824
snowflake,1343,2026-08-12T09:44:10Z,73406847974,33.0,2026-08-12T02:43:31.762000-07:00,0.55,1.200546448087417,1.2073025335320258
snowflake,1344,2026-08-12T09:45:10Z,73460605861,98.0,2026-08-12T02:43:31.762000-07:00,1.6333333333333333,1.2177595628415145,1.204321907600574
snowflake,1345,2026-08-12T09:46:10Z,73514363749,67.0,2026-08-12T02:45:02.762000-07:00,1.1166666666666667,1.195355191256817,1.2011674118231317
snowflake,1346,2026-08-12T09:47:10Z,73568121636,121.0,2026-08-12T02:45:02.762000-07:00,2.0166666666666666,1.190163934426217,1.1958022851465144
snowflake,1347,2026-08-12T09:48:10Z,73621879524,30.0,2026-08-12T02:47:32.139000-07:00,0.5,1.185519125683048,1.1942126179830914
snowflake,1348,2026-08-12T09:49:10Z,73675836007,88.0,2026-08-12T02:47:32.139000-07:00,1.4666666666666666,1.2065573770491675,1.1911823149527705
snowflake,1349,2026-08-12T09:50:10Z,73730510492,15.0,2026-08-12T02:49:46.778000-07:00,0.25,1.18415300546447,1.1883755588673302
snowflake,1350,2026-08-12T09:51:11Z,73786096218,73.0,2026-08-12T02:49:46.778000-07:00,1.2166666666666666,1.17896174863387,1.1834575260804328
snowflake,1351,2026-08-12T09:52:11Z,73840770703,34.0,2026-08-12T02:51:32.257000-07:00,0.5666666666666667,1.1751366120218478,1.1822901142572846
snowflake,1352,2026-08-12T09:53:11Z,73895445188,91.0,2026-08-12T02:51:32.257000-07:00,1.5166666666666666,1.1948087431693895,1.1800298062592818
snowflake,1353,2026-08-12T09:54:11Z,73950119673,60.0,2026-08-12T02:53:03.643000-07:00,1.0,1.1740437158469854,1.1800049677098576
snowflake,1354,2026-08-12T09:55:11Z,74004794158,119.0,2026-08-12T02:53:03.643000-07:00,1.9833333333333334,1.169672131147532,1.1773720814704078
snowflake,1355,2026-08-12T09:56:11Z,74059468642,30.0,2026-08-12T02:55:32.151000-07:00,0.5,1.163661202185785,1.1784401390958588
snowflake,1356,2026-08-12T09:57:12Z,74115054369,13.0,2026-08-12T02:56:58.341000-07:00,0.21666666666666667,1.18251366120218,1.1779930452061391
snowflake,1357,2026-08-12T09:58:12Z,74169728853,67.0,2026-08-12T02:56:58.341000-07:00,1.1166666666666667,1.1653005464480826,1.1774217585692772
snowflake,1358,2026-08-12T09:59:12Z,74224320612,127.0,2026-08-12T02:56:58.341000-07:00,2.1166666666666667,1.1852459016393397,1.174714356681534
snowflake,1359,2026-08-12T10:00:12Z,74278664191,33.0,2026-08-12T02:59:32.314000-07:00,0.55,1.1775956284152955,1.17575757575754
snowflake,1360,2026-08-12T10:01:12Z,74333007771,5.0,2026-08-12T03:01:03.003000-07:00,0.08333333333333333,1.1959016393442594,1.1751366120218294
snowflake,1361,2026-08-12T10:02:12Z,74387351350,69.0,2026-08-12T03:01:03.003000-07:00,1.15,1.1740437158469927,1.174292101341259
snowflake,1362,2026-08-12T10:03:12Z,74441694929,129.0,2026-08-12T03:01:03.003000-07:00,2.15,1.1688524590163927,1.170938897168381
snowflake,1363,2026-08-12T10:04:12Z,74496038509,44.0,2026-08-12T03:03:27.236000-07:00,0.7333333333333333,1.1650273224043706,1.1708892200695118
snowflake,1364,2026-08-12T10:05:13Z,74551287815,18.0,2026-08-12T03:04:53.222000-07:00,0.3,1.185519125683059,1.1670144063586412
snowflake,1365,2026-08-12T10:06:13Z,74605631394,74.0,2026-08-12T03:04:53.222000-07:00,1.2333333333333334,1.1628415300546457,1.1631644311971947
snowflake,1366,2026-08-12T10:07:13Z,74659974973,131.0,2026-08-12T03:04:53.222000-07:00,2.183333333333333,1.154371584699455,1.1569051167411586
snowflake,1367,2026-08-12T10:08:13Z,74714318553,37.0,2026-08-12T03:07:32.173000-07:00,0.6166666666666667,1.1456284153005483,1.1542225534028603
snowflake,1368,2026-08-12T10:09:13Z,74768525096,11.0,2026-08-12T03:08:54.545000-07:00,0.18333333333333332,1.1647540983606588,1.1499006458022698
snowflake,1369,2026-08-12T10:10:14Z,74823251953,78.0,2026-08-12T03:08:54.545000-07:00,1.3,1.1426229508196766,1.1454545454545373
snowflake,1370,2026-08-12T10:11:14Z,74877081648,135.0,2026-08-12T03:08:54.545000-07:00,2.25,1.135245901639348,1.1384749130650726
snowflake,1371,2026-08-12T10:12:14Z,74930911343,41.0,2026-08-12T03:11:25.109000-07:00,0.6833333333333333,1.1270491803278726,1.1352459016393368
snowflake,1372,2026-08-12T10:13:14Z,74984741037,9.0,2026-08-12T03:13:03.354000-07:00,0.15,1.1445355191256859,1.1309488325881707
snowflake,1373,2026-08-12T10:14:14Z,75038570732,63.0,2026-08-12T03:13:03.354000-07:00,1.05,1.1213114754098377,1.1269498261301578
snowflake,1374,2026-08-12T10:15:14Z,75092400427,124.0,2026-08-12T03:13:03.354000-07:00,2.066666666666667,1.1161202185792374,1.119796323894682
snowflake,1375,2026-08-12T10:16:14Z,75146230122,41.0,2026-08-12T03:15:32.849000-07:00,0.6833333333333333,1.108743169398909,1.1164927968206526
snowflake,1376,2026-08-12T10:17:14Z,75200059817,15.0,2026-08-12T03:16:55.129000-07:00,0.25,1.1273224043715881,1.1131147540983504
snowflake,1377,2026-08-12T10:18:15Z,75254786674,79.0,2026-08-12T03:16:55.129000-07:00,1.3166666666666667,1.1071038251366152,1.1099850968703322
snowflake,1378,2026-08-12T10:19:15Z,75308864884,139.0,2026-08-12T03:16:55.129000-07:00,2.316666666666667,1.1016393442622996,1.1050422255340313
snowflake,1379,2026-08-12T10:20:15Z,75363522965,43.0,2026-08-12T03:19:31.810000-07:00,0.7166666666666667,1.0860655737704956,1.104222553402885
snowflake,1380,2026-08-12T10:21:15Z,75418181047,13.0,2026-08-12T03:20:57.031000-07:00,0.21666666666666667,1.1062841530054686,1.102011922503731
snowflake,1381,2026-08-12T10:22:16Z,75473750096,78.0,2026-08-12T03:20:57.031000-07:00,1.3,1.098087431693993,1.1000745156483058
snowflake,1382,2026-08-12T10:23:16Z,75528408177,135.0,2026-08-12T03:20:57.031000-07:00,2.25,1.0926229508196774,1.0979880774962938
snowflake,1383,2026-08-12T10:24:16Z,75583066258,46.0,2026-08-12T03:23:28.814000-07:00,0.7666666666666667,1.0901639344262333,1.0993541977148775
snowflake,1384,2026-08-12T10:25:16Z,75637724339,15.0,2026-08-12T03:24:57.765000-07:00,0.25,1.1122950819672153,1.0991058122205934
snowflake,1385,2026-08-12T10:26:16Z,75692382420,74.0,2026-08-12T03:24:57.765000-07:00,1.2333333333333334,1.0918032786885268,1.099801291604618
snowflake,1386,2026-08-12T10:27:16Z,75747040501,129.0,2026-08-12T03:24:57.765000-07:00,2.15,1.0874316939890736,1.1006458022852093
snowflake,1387,2026-08-12T10:28:16Z,75801698582,55.0,2026-08-12T03:27:21.318000-07:00,0.9166666666666666,1.1043715846994555,1.1041231992052294
snowflake,1388,2026-08-12T10:29:16Z,75856155853,113.0,2026-08-12T03:27:21.318000-07:00,1.8833333333333333,1.122131147540988,1.1060854446100992
snowflake,1389,2026-08-12T10:30:16Z,75910179796,72.0,2026-08-12T03:29:03.303000-07:00,1.2,1.0989071038251437,1.1075260804769558
snowflake,1390,2026-08-12T10:31:16Z,75964203738,130.0,2026-08-12T03:29:03.303000-07:00,2.1666666666666665,1.0937158469945434,1.1082960755092535
snowflake,1391,2026-08-12T10:32:17Z,76019128080,43.0,2026-08-12T03:31:28.881000-07:00,0.7166666666666667,1.1155737704918136,1.112493790362702
snowflake,1392,2026-08-12T10:33:17Z,76073152023,15.0,2026-08-12T03:32:57.723000-07:00,0.25,1.1363387978142179,1.1151515151515758
snowflake,1393,2026-08-12T10:34:17Z,76127175966,79.0,2026-08-12T03:32:57.723000-07:00,1.3166666666666667,1.114207650273232,1.1159711872827218
snowflake,1394,2026-08-12T10:35:17Z,76181199909,139.0,2026-08-12T03:32:57.723000-07:00,2.316666666666667,1.1060109289617566,1.117014406358728
snowflake,1395,2026-08-12T10:36:17Z,76235223852,43.0,2026-08-12T03:35:32.839000-07:00,0.7166666666666667,1.120765027322414,1.1215598609041784
snowflake,1396,2026-08-12T10:37:17Z,76289247794,13.0,2026-08-12T03:37:00.695000-07:00,0.21666666666666667,1.1379781420765114,1.1243666169896187
snowflake,1397,2026-08-12T10:38:17Z,76343271737,75.0,2026-08-12T03:37:00.695000-07:00,1.25,1.116666666666676,1.1247143566816207
snowflake,1398,2026-08-12T10:39:18Z,76398255075,135.0,2026-08-12T03:37:00.695000-07:00,2.25,1.113387978142089,1.1249875807253291
snowflake,1399,2026-08-12T10:40:18Z,76452447578,46.0,2026-08-12T03:39:30.870000-07:00,0.7666666666666667,1.133606557377062,1.1292598112270504
snowflake,1400,2026-08-12T10:41:18Z,76506640082,15.0,2026-08-12T03:41:00.153000-07:00,0.25,1.1489071038251504,1.1323397913562199
snowflake,1401,2026-08-12T10:42:18Z,76560832585,74.0,2026-08-12T03:41:00.153000-07:00,1.2333333333333334,1.1245901639344396,1.1335320417287924
snowflake,1402,2026-08-12T10:43:18Z,76615025088,136.0,2026-08-12T03:41:00.153000-07:00,2.2666666666666666,1.1193989071038357,1.1347491306508097
snowflake,1403,2026-08-12T10:44:18Z,76669217591,47.0,2026-08-12T03:43:28.372000-07:00,0.7833333333333333,1.1393442622950893,1.1394187779434022
snowflake,1404,2026-08-12T10:45:18Z,76723410094,14.0,2026-08-12T03:44:59.662000-07:00,0.23333333333333334,1.1612021857923596,1.142151018380549
snowflake,1405,2026-08-12T10:46:18Z,76777602598,71.0,2026-08-12T03:44:59.662000-07:00,1.1833333333333333,1.1398907103825244,1.1424242424242577
snowflake,1406,2026-08-12T10:47:18Z,76831795101,135.0,2026-08-12T03:44:59.662000-07:00,2.25,1.1338797814207737,1.1430700447093924
snowflake,1407,2026-08-12T10:48:18Z,76885987604,47.0,2026-08-12T03:47:29.069000-07:00,0.7833333333333333,1.151366120218587,1.1473671137605586
snowflake,1408,2026-08-12T10:49:19Z,76941491677,10.0,2026-08-12T03:49:01.944000-07:00,0.16666666666666666,1.1680327868852534,1.1500745156482812
snowflake,1409,2026-08-12T10:50:19Z,76996797893,31.0,2026-08-12T03:49:43.466000-07:00,0.5166666666666667,1.1434426229508272,1.1503725782414345
snowflake,1410,2026-08-12T10:51:19Z,77052104109,89.0,2026-08-12T03:49:43.466000-07:00,1.4833333333333334,1.1366120218579296,1.1501241927471504
snowflake,1411,2026-08-12T10:52:19Z,77107410325,43.0,2026-08-12T03:51:27.862000-07:00,0.7166666666666667,1.156010928961756,1.1534525583705835
snowflake,1412,2026-08-12T10:53:19Z,77162716541,14.0,2026-08-12T03:52:55.594000-07:00,0.23333333333333334,1.1718579234972755,1.15534028812716
snowflake,1413,2026-08-12T10:54:19Z,77218022757,82.0,2026-08-12T03:52:55.594000-07:00,1.3666666666666667,1.1491803278688584,1.15489319423744
snowflake,1414,2026-08-12T10:55:20Z,77274250743,141.0,2026-08-12T03:52:55.594000-07:00,2.35,1.1426229508196766,1.1521857923496968
snowflake,1415,2026-08-12T10:56:20Z,77329556959,44.0,2026-08-12T03:55:25.605000-07:00,0.7333333333333333,1.1584699453551963,1.1533532041728656
snowflake,1416,2026-08-12T10:57:20Z,77384863175,14.0,2026-08-12T03:56:58.412000-07:00,0.23333333333333334,1.1765027322404407,1.1530054644808636
snowflake,1417,2026-08-12T10:58:20Z,77440169391,75.0,2026-08-12T03:56:58.412000-07:00,1.25,1.1546448087431704,1.150173869845999
snowflake,1418,2026-08-12T10:59:20Z,77495203537,132.0,2026-08-12T03:56:58.412000-07:00,2.2,1.146448087431695,1.1474913065077006
snowflake,1419,2026-08-12T11:00:20Z,77549800003,42.0,2026-08-12T03:59:26.144000-07:00,0.7,1.1382513661202196,1.1482364629905533
snowflake,1420,2026-08-12T11:01:20Z,77604396470,14.0,2026-08-12T04:00:55.163000-07:00,0.23333333333333334,1.156284153005464,1.147367113760538
snowflake,1421,2026-08-12T11:02:20Z,77658992937,85.0,2026-08-12T04:00:55.163000-07:00,1.4166666666666667,1.1327868852459002,1.144361649279662
snowflake,1422,2026-08-12T11:03:21Z,77714499344,145.0,2026-08-12T04:00:55.163000-07:00,2.4166666666666665,1.1248633879781402,1.1413313462493617
snowflake,1423,2026-08-12T11:04:21Z,77769095811,48.0,2026-08-12T04:03:32.929000-07:00,0.8,1.1423497267759535,1.1419026328862236
snowflake,1424,2026-08-12T11:05:21Z,77823692278,14.0,2026-08-12T04:05:03.118000-07:00,0.23333333333333334,1.1573770491803264,1.141132637853926
snowflake,1425,2026-08-12T11:06:21Z,77878288745,72.0,2026-08-12T04:05:03.118000-07:00,1.2,1.1330601092896158,1.140437158469922
snowflake,1426,2026-08-12T11:07:21Z,77932885211,137.0,2026-08-12T04:05:03.118000-07:00,2.283333333333333,1.1254098360655715,1.1396423248882002
snowflake,1427,2026-08-12T11:08:21Z,77987481678,53.0,2026-08-12T04:07:27.455000-07:00,0.8833333333333333,1.1431693989071003,1.1425981122702276
snowflake,1428,2026-08-12T11:09:21Z,78041671512,25.0,2026-08-12T04:08:56.491000-07:00,0.4166666666666667,1.1609289617486291,1.1443368107302376
snowflake,1429,2026-08-12T11:10:21Z,78095251396,85.0,2026-08-12T04:08:56.491000-07:00,1.4166666666666667,1.1379781420764965,1.1437903626428
snowflake,1430,2026-08-12T11:11:21Z,78148831280,134.0,2026-08-12T04:08:56.491000-07:00,2.2333333333333334,1.1306010928961678,1.143467461500243
snowflake,1431,2026-08-12T11:12:21Z,78202411164,46.0,2026-08-12T04:11:26.298000-07:00,0.7666666666666667,1.14754098360655,1.1471187282662745
snowflake,1432,2026-08-12T11:13:22Z,78256884047,22.0,2026-08-12T04:12:58.577000-07:00,0.36666666666666664,1.1653005464480788,1.14950322901144
snowflake,1433,2026-08-12T11:14:22Z,78310463931,82.0,2026-08-12T04:12:58.577000-07:00,1.3666666666666667,1.1439890710382434,1.1495777446597335
snowflake,1434,2026-08-12T11:15:22Z,78364043815,143.0,2026-08-12T04:12:58.577000-07:00,2.3833333333333333,1.1363387978141992,1.1486587183308694
snowflake,1435,2026-08-12T11:16:22Z,78417623699,46.0,2026-08-12T04:15:31.100000-07:00,0.7666666666666667,1.1538251366120125,1.1514157973174612
snowflake,1436,2026-08-12T11:17:22Z,78471203583,19.0,2026-08-12T04:17:00.839000-07:00,0.31666666666666665,1.1732240437158348,1.1537506209637576
snowflake,1437,2026-08-12T11:18:22Z,78524783468,79.0,2026-08-12T04:17:00.839000-07:00,1.3166666666666667,1.1516393442622839,1.154023845007466
snowflake,1438,2026-08-12T11:19:22Z,78578520368,140.0,2026-08-12T04:17:00.839000-07:00,2.3333333333333335,1.1439890710382397,1.1544212617983165
snowflake,1439,2026-08-12T11:20:22Z,78632477091,49.0,2026-08-12T04:19:32.677000-07:00,0.8166666666666667,1.1508196721311335,1.1582960755091873
snowflake,1440,2026-08-12T11:21:22Z,78686433813,18.0,2026-08-12T04:20:58.333000-07:00,0.3,1.1683060109289465,1.1607799304520499
snowflake,1441,2026-08-12T11:22:22Z,78740390536,84.0,2026-08-12T04:20:58.333000-07:00,1.4,1.156284153005449,1.1611773472429006
snowflake,1442,2026-08-12T11:23:23Z,78795246538,136.0,2026-08-12T04:20:58.333000-07:00,2.2666666666666666,1.1505464480874141,1.161574764033751
snowflake,1443,2026-08-12T11:24:23Z,78849203261,52.0,2026-08-12T04:23:30.181000-07:00,0.8666666666666667,1.1696721311475247,1.1656482861400574
snowflake,1444,2026-08-12T11:25:23Z,78903159983,22.0,2026-08-12T04:25:00.376000-07:00,0.36666666666666664,1.1866120218579104,1.168405365126649
snowflake,1445,2026-08-12T11:26:23Z,78957116706,73.0,2026-08-12T04:25:00.376000-07:00,1.2166666666666666,1.1636612021857815,1.1700695479383862
snowflake,1446,2026-08-12T11:27:23Z,79011073429,140.0,2026-08-12T04:25:00.376000-07:00,2.3333333333333335,1.1581967213114657,1.1717337307501028
snowflake,1447,2026-08-12T11:28:23Z,79065030152,49.0,2026-08-12T04:27:26.205000-07:00,0.8166666666666667,1.1775956284152918,1.175906607054127
snowflake,1448,2026-08-12T11:29:23Z,79119283814,25.0,2026-08-12T04:28:58.003000-07:00,0.4166666666666667,1.1964480874316867,1.178340784898141
snowflake,1449,2026-08-12T11:30:23Z,79173925782,83.0,2026-08-12T04:28:58.003000-07:00,1.3833333333333333,1.174316939890701,1.1783904619969896
snowflake,1450,2026-08-12T11:31:23Z,79228567750,138.0,2026-08-12T04:28:58.003000-07:00,2.3,1.169125683060101,1.1786140089418495
snowflake,1451,2026-08-12T11:32:23Z,79283209718,44.0,2026-08-12T04:31:31.497000-07:00,0.7333333333333333,1.1866120218579141,1.1825633383010137
snowflake,1452,2026-08-12T11:33:23Z,79337851687,14.0,2026-08-12T04:33:00.922000-07:00,0.23333333333333334,1.2021857923497143,1.184773969200168
snowflake,1453,2026-08-12T11:34:24Z,79393404354,79.0,2026-08-12T04:33:00.922000-07:00,1.3166666666666667,1.1773224043715724,1.1848484848484615
snowflake,1454,2026-08-12T11:35:24Z,79448046322,134.0,2026-08-12T04:33:00.922000-07:00,2.2333333333333334,1.1702185792349595,1.1848236462990371
snowflake,1455,2026-08-12T11:36:24Z,79502688290,50.0,2026-08-12T04:35:29.835000-07:00,0.8333333333333334,1.1890710382513545,1.1883258817684814
snowflake,1456,2026-08-12T11:37:24Z,79557330258,15.0,2026-08-12T04:37:02.671000-07:00,0.25,1.2071038251365989,1.1901639344261887
snowflake,1457,2026-08-12T11:38:24Z,79611972227,78.0,2026-08-12T04:37:02.671000-07:00,1.3,1.1825136612021727,1.189841033283611
snowflake,1458,2026-08-12T11:39:24Z,79665966176,140.0,2026-08-12T04:37:02.671000-07:00,2.3333333333333335,1.1784153005464348,1.1879284649776103
snowflake,1459,2026-08-12T11:40:24Z,79719168102,51.0,2026-08-12T04:39:32.065000-07:00,0.85,1.1961748633879636,1.1881023348236008
snowflake,1460,2026-08-12T11:41:24Z,79772370028,19.0,2026-08-12T04:41:03.486000-07:00,0.31666666666666665,1.2128415300546302,1.1867858917038865
snowflake,1461,2026-08-12T11:42:24Z,79825571954,77.0,2026-08-12T04:41:03.486000-07:00,1.2833333333333334,1.1893442622950663,1.183035270740158
snowflake,1462,2026-08-12T11:43:24Z,79878773880,139.0,2026-08-12T04:41:03.486000-07:00,2.316666666666667,1.1830601092896038,1.1775956284152678
snowflake,1463,2026-08-12T11:44:25Z,79932862505,58.0,2026-08-12T04:43:22.996000-07:00,0.9666666666666667,1.1811475409835945,1.174416294088401
snowflake,1464,2026-08-12T11:45:25Z,79986064431,19.0,2026-08-12T04:45:01.268000-07:00,0.31666666666666665,1.1792349726775855,1.1694237456532308
snowflake,1465,2026-08-12T11:46:25Z,80039266357,78.0,2026-08-12T04:45:01.268000-07:00,1.3,1.1557377049180215,1.1620715350223194
snowflake,1466,2026-08-12T11:47:25Z,80092468283,142.0,2026-08-12T04:45:01.268000-07:00,2.3666666666666667,1.1478142076502618,1.1531793343268335
snowflake,1467,2026-08-12T11:48:25Z,80145670209,56.0,2026-08-12T04:47:26.935000-07:00,0.9333333333333333,1.1472677595628307,1.1464480874316534
snowflake,1468,2026-08-12T11:49:25Z,80199508333,19.0,2026-08-12T04:48:58.720000-07:00,0.31666666666666665,1.1475409836065462,1.138450074515607
snowflake,1469,2026-08-12T11:50:25Z,80254073540,35.0,2026-08-12T04:49:42.113000-07:00,0.5833333333333334,1.1234972677595512,1.1301539990064073
snowflake,1470,2026-08-12T11:51:25Z,80308638748,95.0,2026-08-12T04:49:42.113000-07:00,1.5833333333333333,1.1153005464480759,1.1222056631892305
snowflake,1471,2026-08-12T11:52:25Z,80363203955,45.0,2026-08-12T04:51:32.512000-07:00,0.75,1.11502732240436,1.1167660208643404
snowflake,1472,2026-08-12T11:53:26Z,80418678582,22.0,2026-08-12T04:53:01.742000-07:00,0.36666666666666664,1.1153005464480759,1.1093144560357318
snowflake,1473,2026-08-12T11:54:26Z,80473243789,84.0,2026-08-12T04:53:01.742000-07:00,1.4,1.095081967213103,1.1013661202185547
snowflake,1474,2026-08-12T11:55:26Z,80527808996,144.0,2026-08-12T04:53:01.742000-07:00,2.4,1.0898907103825026,1.0934426229507814
snowflake,1475,2026-08-12T11:56:26Z,80582374203,57.0,2026-08-12T04:55:26.283000-07:00,0.95,1.0918032786885157,1.08782911077988
snowflake,1476,2026-08-12T11:57:26Z,80636939410,24.0,2026-08-12T04:57:01.185000-07:00,0.4,1.0959016393442533,1.0804272230501406
snowflake,1477,2026-08-12T11:58:26Z,80691504617,85.0,2026-08-12T04:57:01.185000-07:00,1.4166666666666667,1.0658469945355113,1.0726279185295302
snowflake,1478,2026-08-12T11:59:26Z,80745951260,144.0,2026-08-12T04:57:01.185000-07:00,2.4,1.0598360655737644,1.065101838052628
snowflake,1479,2026-08-12T12:00:26Z,80800271163,51.0,2026-08-12T04:59:30.844000-07:00,0.85,1.0603825136611957,1.0597118728266073
snowflake,1480,2026-08-12T12:01:26Z,80854591065,23.0,2026-08-12T05:01:02.764000-07:00,0.38333333333333336,1.0617486338797737,1.0523099850968678
snowflake,1481,2026-08-12T12:02:27Z,80909816299,78.0,2026-08-12T05:01:02.764000-07:00,1.3,1.0338797814207565,1.0442871336313972
snowflake,1482,2026-08-12T12:03:27Z,80964136201,142.0,2026-08-12T05:01:02.764000-07:00,2.3666666666666667,1.0292349726775876,1.0362146050670782
snowflake,1483,2026-08-12T12:04:27Z,81018456104,54.0,2026-08-12T05:03:31.484000-07:00,0.9,1.0325136612021786,1.0311227024341902
snowflake,1484,2026-08-12T12:05:27Z,81072776006,22.0,2026-08-12T05:05:03.027000-07:00,0.36666666666666664,1.0357923497267696,1.023919523099866
snowflake,1485,2026-08-12T12:06:27Z,81127095908,83.0,2026-08-12T05:05:03.027000-07:00,1.3833333333333333,1.0084699453551835,1.016219572776973
snowflake,1486,2026-08-12T12:07:27Z,81181415811,138.0,2026-08-12T05:05:03.027000-07:00,2.3,1.003551912568299,1.0086686537506466
snowflake,1487,2026-08-12T12:08:27Z,81235735713,47.0,2026-08-12T05:07:33.475000-07:00,0.7833333333333333,1.0071038251366056,1.0038748137108913
snowflake,1488,2026-08-12T12:09:27Z,81290089661,38.0,2026-08-12T05:08:48.588000-07:00,0.6333333333333333,1.0098360655737653,0.9998261301540093
snowflake,1489,2026-08-12T12:10:28Z,81345384121,90.0,2026-08-12T05:08:48.588000-07:00,1.5,0.9806010928961701,0.994510680576282
snowflake,1490,2026-08-12T12:11:28Z,81399772115,146.0,2026-08-12T05:08:48.588000-07:00,2.433333333333333,0.9756830601092856,0.9891455538996855
snowflake,1491,2026-08-12T12:12:28Z,81454160109,48.0,2026-08-12T05:11:32.731000-07:00,0.8,0.978688524590161,0.9867362146050958
snowflake,1492,2026-08-12T12:13:28Z,81508548103,23.0,2026-08-12T05:12:59.093000-07:00,0.38333333333333336,0.981147540983605,0.9851713859910763
snowflake,1493,2026-08-12T12:14:28Z,81562936096,15.0,2026-08-12T05:14:09.320000-07:00,0.25,0.9846994535519116,0.9826626924987688
snowflake,1494,2026-08-12T12:15:28Z,81617324090,75.0,2026-08-12T05:14:09.320000-07:00,1.25,0.974043715846992,0.9804272230501696
snowflake,1495,2026-08-12T12:16:28Z,81671712084,57.0,2026-08-12T05:15:31.207000-07:00,0.95,0.9767759562841518,0.9823397913561703
snowflake,1496,2026-08-12T12:17:28Z,81726100078,17.0,2026-08-12T05:17:03.714000-07:00,0.2833333333333333,0.9819672131147519,0.9862891207153346
snowflake,1497,2026-08-12T12:18:28Z,81780488072,17.0,2026-08-12T05:18:05.571000-07:00,0.2833333333333333,0.9863387978142089,0.9894684550422219
snowflake,1498,2026-08-12T12:19:28Z,81835038147,80.0,2026-08-12T05:18:05.571000-07:00,1.3333333333333333,0.9795081967213115,0.9928216592150999
snowflake,1499,2026-08-12T12:20:29Z,81890651541,52.0,2026-08-12T05:19:26.463000-07:00,0.8666666666666667,0.9852459016393428,0.9961997019374021
snowflake,1500,2026-08-12T12:21:29Z,81945353241,19.0,2026-08-12T05:21:02.912000-07:00,0.31666666666666665,1.0016393442622973,1.0009190263288432
snowflake,1501,2026-08-12T12:22:29Z,82000054941,17.0,2026-08-12T05:22:00.165000-07:00,0.2833333333333333,1.0191256830601143,1.0047690014902897
snowflake,1502,2026-08-12T12:23:30Z,82055668335,85.0,2026-08-12T05:22:00.165000-07:00,1.4166666666666667,1.013661202185795,1.0084202682563004
snowflake,1503,2026-08-12T12:24:30Z,82110370035,62.0,2026-08-12T05:23:25.345000-07:00,1.0333333333333334,1.0180327868852481,1.0121460506706048
snowflake,1504,2026-08-12T12:25:30Z,82165071734,33.0,2026-08-12T05:24:52.711000-07:00,0.55,1.0218579234972665,1.0169895678092085
snowflake,1505,2026-08-12T12:26:30Z,82219773434,29.0,2026-08-12T05:25:58.902000-07:00,0.48333333333333334,1.0259562841530043,1.020889220069524
snowflake,1506,2026-08-12T12:27:30Z,82274475134,88.0,2026-08-12T05:25:58.902000-07:00,1.4666666666666666,1.0191256830601068,1.023522106308974
snowflake,1507,2026-08-12T12:28:30Z,82329176833,30.0,2026-08-12T05:27:58.510000-07:00,0.5,1.0221311475409822,1.0252111276701148
snowflake,1508,2026-08-12T12:29:30Z,82383212835,27.0,2026-08-12T05:28:58.904000-07:00,0.45,1.0273224043715785,1.0278440139095437
snowflake,1509,2026-08-12T12:30:31Z,82437595699,27.0,2026-08-12T05:29:54.186000-07:00,0.45,1.0327868852458904,1.029408842523563
snowflake,1510,2026-08-12T12:31:31Z,82491087039,88.0,2026-08-12T05:29:54.186000-07:00,1.4666666666666666,1.0281420765027216,1.031023348236431
snowflake,1511,2026-08-12T12:32:31Z,82544578380,36.0,2026-08-12T05:31:54.985000-07:00,0.6,1.030601092896162,1.0325881768504503
snowflake,1512,2026-08-12T12:33:31Z,82598069721,27.0,2026-08-12T05:33:00.923000-07:00,0.45,1.0377049180327713,1.035171385991031
snowflake,1513,2026-08-12T12:34:32Z,82652452584,26.0,2026-08-12T05:34:00.396000-07:00,0.43333333333333335,1.0426229508196558,1.0370839542970522
snowflake,1514,2026-08-12T12:35:32Z,82705943925,91.0,2026-08-12T05:34:00.396000-07:00,1.5166666666666666,1.0352459016393234,1.038797814207638
snowflake,1515,2026-08-12T12:36:32Z,82759435266,34.0,2026-08-12T05:35:58.336000-07:00,0.5666666666666667,1.0396174863387766,1.040387481371061
snowflake,1516,2026-08-12T12:37:32Z,82812926607,32.0,2026-08-12T05:36:58.857000-07:00,0.5333333333333333,1.0431693989070794,1.0428961748633687
snowflake,1517,2026-08-12T12:38:33Z,82867309470,28.0,2026-08-12T05:38:00.624000-07:00,0.4666666666666667,1.0475409836065328,1.0450571286636743
snowflake,1518,2026-08-12T12:39:33Z,82922017672,88.0,2026-08-12T05:38:00.624000-07:00,1.4666666666666666,1.0431693989070832,1.047019374068544
snowflake,1519,2026-08-12T12:40:33Z,82977537115,33.0,2026-08-12T05:39:58.901000-07:00,0.55,1.0461748633879548,1.050695479384
snowflake,1520,2026-08-12T12:41:33Z,83033056559,33.0,2026-08-12T05:40:59.093000-07:00,0.55,1.0502732240436925,1.0571783407848754
snowflake,1521,2026-08-12T12:42:33Z,83088576002,30.0,2026-08-12T05:42:00.707000-07:00,0.5,1.0557377049180119,1.0626179831097446
snowflake,1522,2026-08-12T12:43:33Z,83144095445,86.0,2026-08-12T05:42:00.707000-07:00,1.4333333333333333,1.054371584699434,1.0681818181817768
snowflake,1523,2026-08-12T12:44:33Z,83199614888,152.0,2026-08-12T05:42:00.707000-07:00,2.533333333333333,1.0592896174863184,1.075335320417232
snowflake,1524,2026-08-12T12:45:34Z,83256059656,19.0,2026-08-12T05:45:06.723000-07:00,0.31666666666666665,1.0830601092895942,1.084674615002417
snowflake,1525,2026-08-12T12:46:34Z,83311579099,29.0,2026-08-12T05:45:56.427000-07:00,0.48333333333333334,1.106557377049158,1.0933432687530222
snowflake,1526,2026-08-12T12:47:34Z,83367098542,97.0,2026-08-12T05:45:56.427000-07:00,1.6166666666666667,1.0994535519125486,1.102309985096781
snowflake,1527,2026-08-12T12:48:35Z,83423543310,158.0,2026-08-12T05:45:56.427000-07:00,2.6333333333333333,1.1043715846994369,1.1130650769993984
snowflake,1528,2026-08-12T12:49:35Z,83478278741,31.0,2026-08-12T05:49:03.353000-07:00,0.5166666666666667,1.126229508196707,1.1260059612517457
snowflake,1529,2026-08-12T12:50:35Z,83532560271,40.0,2026-08-12T05:49:54.312000-07:00,0.6666666666666666,1.145901639344249,1.1381271733729468
snowflake,1530,2026-08-12T12:51:35Z,83586841801,95.0,2026-08-12T05:49:54.312000-07:00,1.5833333333333333,1.1415300546447955,1.1480874316938836
snowflake,1531,2026-08-12T12:52:35Z,83641123331,159.0,2026-08-12T05:49:54.312000-07:00,2.65,1.148907103825128,1.157501241927362
snowflake,1532,2026-08-12T12:53:35Z,83695404861,25.0,2026-08-12T05:53:01.295000-07:00,0.4166666666666667,1.1740437158469854,1.1692498758071783
snowflake,1533,2026-08-12T12:54:35Z,83749686391,38.0,2026-08-12T05:53:57.052000-07:00,0.6333333333333333,1.1967213114754023,1.1805265772478295
snowflake,1534,2026-08-12T12:55:35Z,83803967921,98.0,2026-08-12T05:53:57.052000-07:00,1.6333333333333333,1.1926229508196646,1.190039741679026
snowflake,1535,2026-08-12T12:56:36Z,83859154144,159.0,2026-08-12T05:53:57.052000-07:00,2.65,1.1926229508196684,1.1995529061102224
snowflake,1536,2026-08-12T12:57:36Z,83913435674,32.0,2026-08-12T05:57:03.347000-07:00,0.5333333333333333,1.2101092896174854,1.211227024341745
snowflake,1537,2026-08-12T12:58:36Z,83967717204,35.0,2026-08-12T05:57:50.899000-07:00,0.5833333333333334,1.2286885245901609,1.2223050173869607
snowflake,1538,2026-08-12T12:59:36Z,84021910929,104.0,2026-08-12T05:57:50.899000-07:00,1.7333333333333334,1.2284153005464415,1.2312220566318914
snowflake,1539,2026-08-12T13:00:36Z,84076057376,164.0,2026-08-12T05:57:50.899000-07:00,2.7333333333333334,1.230874316939882,1.2397665176353754
snowflake,1540,2026-08-12T13:01:36Z,84130203823,34.0,2026-08-12T06:01:01.652000-07:00,0.5666666666666667,1.2505464480874238,1.2501987083954356
snowflake,1541,2026-08-12T13:02:37Z,84185252711,32.0,2026-08-12T06:01:51.973000-07:00,0.5333333333333333,1.2699453551912498,1.2606557377049201
snowflake,1542,2026-08-12T13:03:37Z,84239399157,104.0,2026-08-12T06:01:51.973000-07:00,1.7333333333333334,1.2707650273224005,1.2694734227521125
snowflake,1543,2026-08-12T13:04:37Z,84293545604,160.0,2026-08-12T06:01:51.973000-07:00,2.6666666666666665,1.2721311475409784,1.2781669150521422
snowflake,1544,2026-08-12T13:05:37Z,84347692051,27.0,2026-08-12T06:04:59.373000-07:00,0.45,1.2907103825136539,1.2885991058122024
snowflake,1545,2026-08-12T13:06:37Z,84401838498,38.0,2026-08-12T06:05:58.481000-07:00,0.6333333333333333,1.3073770491803205,1.2990561351217282
snowflake,1546,2026-08-12T13:07:37Z,84455984945,96.0,2026-08-12T06:05:58.481000-07:00,1.6,1.3076502732240398,1.3079980129160835
snowflake,1547,2026-08-12T13:08:37Z,84510131391,154.0,2026-08-12T06:05:58.481000-07:00,2.566666666666667,1.3071038251366085,1.3168902136115486
snowflake,1548,2026-08-12T13:09:37Z,84564075137,31.0,2026-08-12T06:09:02.989000-07:00,0.5166666666666667,1.32431693989071,1.3274962742176202
snowflake,1549,2026-08-12T13:10:37Z,84617917532,49.0,2026-08-12T06:09:47.853000-07:00,0.8166666666666667,1.3431693989071047,1.3397913561848327
snowflake,1550,2026-08-12T13:11:38Z,84672657300,105.0,2026-08-12T06:09:47.853000-07:00,1.75,1.3459016393442644,1.351241927471454
snowflake,1551,2026-08-12T13:12:38Z,84726499695,166.0,2026-08-12T06:09:47.853000-07:00,2.7666666666666666,1.3489071038251361,1.3633383010432722
snowflake,1552,2026-08-12T13:13:38Z,84780342090,43.0,2026-08-12T06:12:54.859000-07:00,0.7166666666666667,1.367759562841531,1.3772478887233526
snowflake,1553,2026-08-12T13:14:38Z,84834184485,41.0,2026-08-12T06:13:52.434000-07:00,0.6833333333333333,1.387431693989069,1.3884003974168413
snowflake,1554,2026-08-12T13:15:39Z,84888924253,102.0,2026-08-12T06:13:52.434000-07:00,1.7,1.4073770491803264,1.3984848484849202
snowflake,1555,2026-08-12T13:16:39Z,84942766648,161.0,2026-08-12T06:13:52.434000-07:00,2.683333333333333,1.416666666666664,1.408445106805795
snowflake,1556,2026-08-12T13:17:39Z,84996609043,31.0,2026-08-12T06:17:00.835000-07:00,0.5166666666666667,1.4404371584699436,1.4199205166418407
snowflake,1557,2026-08-12T13:18:39Z,85050451438,35.0,2026-08-12T06:18:01.327000-07:00,0.5833333333333334,1.4606557377049165,1.428042722305029
snowflake,1558,2026-08-12T13:19:39Z,85105344195,97.0,2026-08-12T06:18:01.327000-07:00,1.6166666666666667,1.4297814207650241,1.4349975161450692
snowflake,1559,2026-08-12T13:20:39Z,85160687108,152.0,2026-08-12T06:18:01.327000-07:00,2.533333333333333,1.4352459016393397,1.441852955787371
snowflake,1560,2026-08-12T13:21:39Z,85216030020,36.0,2026-08-12T06:21:02.584000-07:00,0.6,1.452732240437153,1.4484848484848127
snowflake,1561,2026-08-12T13:22:39Z,85271372933,46.0,2026-08-12T06:21:50.670000-07:00,0.7666666666666667,1.472131147540979,1.4513909587679914
snowflake,1562,2026-08-12T13:23:40Z,85327638228,109.0,2026-08-12T06:21:50.670000-07:00,1.8166666666666667,1.4382513661202152,1.452583209140564
snowflake,1563,2026-08-12T13:24:40Z,85382981140,168.0,2026-08-12T06:21:50.670000-07:00,2.8,1.4442622950819657,1.4535767511177007
snowflake,1564,2026-08-12T13:25:40Z,85438324053,47.0,2026-08-12T06:24:52.717000-07:00,0.7833333333333333,1.4628415300546487,1.4563835072031823
snowflake,1565,2026-08-12T13:26:40Z,85493666966,33.0,2026-08-12T06:26:00.318000-07:00,0.55,1.480327868852462,1.4557625434674513
snowflake,1566,2026-08-12T13:27:40Z,85549009878,93.0,2026-08-12T06:26:00.318000-07:00,1.55,1.4486338797814227,1.4539244908097648
snowflake,1567,2026-08-12T13:28:40Z,85604352791,156.0,2026-08-12T06:26:00.318000-07:00,2.6,1.453551912568311,1.4524093392946353
snowflake,1568,2026-08-12T13:29:40Z,85658228860,29.0,2026-08-12T06:29:03.960000-07:00,0.48333333333333334,1.4715846994535553,1.4556135121709468
snowflake,1569,2026-08-12T13:30:40Z,85711525013,36.0,2026-08-12T06:30:01.226000-07:00,0.6,1.460655737704924,1.4554396423249356
snowflake,1570,2026-08-12T13:31:40Z,85764821166,99.0,2026-08-12T06:30:01.226000-07:00,1.65,1.428415300546461,1.453775459513219
snowflake,1571,2026-08-12T13:32:41Z,85819005589,159.0,2026-08-12T06:30:01.226000-07:00,2.65,1.4325136612021987,1.452160953800351
snowflake,1572,2026-08-12T13:33:41Z,85872301742,39.0,2026-08-12T06:33:00.134000-07:00,0.65,1.4554644808743313,1.4550422255340643
snowflake,1573,2026-08-12T13:34:41Z,85925597896,32.0,2026-08-12T06:34:00.222000-07:00,0.5333333333333333,1.4734972677595832,1.4548683556880528
snowflake,1574,2026-08-12T13:35:41Z,85978894049,94.0,2026-08-12T06:34:00.222000-07:00,1.5666666666666667,1.4423497267759826,1.4536512667660562
snowflake,1575,2026-08-12T13:36:41Z,86032190203,152.0,2026-08-12T06:34:00.222000-07:00,2.533333333333333,1.4445355191257148,1.4550422255340643
snowflake,1576,2026-08-12T13:37:41Z,86085486356,35.0,2026-08-12T06:37:02.166000-07:00,0.5833333333333334,1.4625683060109593,1.4582712369598
snowflake,1577,2026-08-12T13:38:42Z,86139670779,30.0,2026-08-12T06:38:00.435000-07:00,0.5,1.480327868852492,1.458022851465516
snowflake,1578,2026-08-12T13:39:42Z,86194375494,91.0,2026-08-12T06:38:00.435000-07:00,1.5166666666666666,1.4516393442623279,1.4571038251366522
snowflake,1579,2026-08-12T13:40:42Z,86249549730,157.0,2026-08-12T06:38:00.435000-07:00,2.6166666666666667,1.4581967213115024,1.4546944858420416
snowflake,1580,2026-08-12T13:41:43Z,86305643537,43.0,2026-08-12T06:40:59.808000-07:00,0.7166666666666667,1.4759562841530347,1.4539990064580375
snowflake,1581,2026-08-12T13:42:44Z,86361737343,44.0,2026-08-12T06:41:59.626000-07:00,0.7333333333333333,1.463934426229541,1.4502235469448848
snowflake,1582,2026-08-12T13:43:44Z,86416911579,99.0,2026-08-12T06:41:59.626000-07:00,1.65,1.4297814207650577,1.4468455042226032
snowflake,1583,2026-08-12T13:44:44Z,86472085815,158.0,2026-08-12T06:41:59.626000-07:00,2.6333333333333333,1.4453551912568579,1.4421758569300105
snowflake,1584,2026-08-12T13:45:45Z,86528179622,225.0,2026-08-12T06:41:59.626000-07:00,3.75,1.4469945355191516,1.4403626428217071
snowflake,1585,2026-08-12T13:46:45Z,86583353858,53.0,2026-08-12T06:45:47.195000-07:00,0.8833333333333333,1.4346994535519384,1.4352210630899291
snowflake,1586,2026-08-12T13:47:45Z,86638528094,116.0,2026-08-12T06:45:47.195000-07:00,1.9333333333333333,1.4030054644808991,1.4303278688524765
snowflake,1587,2026-08-12T13:48:45Z,86693702330,171.0,2026-08-12T06:45:47.195000-07:00,2.85,1.4254098360655931,1.4265524093393238
snowflake,1588,2026-08-12T13:49:45Z,86747786038,45.0,2026-08-12T06:48:54.775000-07:00,0.75,1.4289617486338997,1.425881768504744
snowflake,1589,2026-08-12T13:50:45Z,86801597115,51.0,2026-08-12T06:49:54.483000-07:00,0.85,1.4316939890710556,1.4207650273224317
snowflake,1590,2026-08-12T13:51:45Z,86855408191,104.0,2026-08-12T06:49:54.483000-07:00,1.7333333333333334,1.40163934426231,1.4168902136115817
snowflake,1591,2026-08-12T13:52:45Z,86909219267,166.0,2026-08-12T06:49:54.483000-07:00,2.7666666666666666,1.4221311475409986,1.4144560357675884
snowflake,1592,2026-08-12T13:53:46Z,86963927195,35.0,2026-08-12T06:53:03.098000-07:00,0.5833333333333334,1.4224043715847103,1.4151763537010167
snowflake,1593,2026-08-12T13:54:46Z,87017738271,47.0,2026-08-12T06:53:56.905000-07:00,0.7833333333333333,1.4224043715847103,1.4110779930452653
snowflake,1594,2026-08-12T13:55:46Z,87071549348,106.0,2026-08-12T06:53:56.905000-07:00,1.7666666666666666,1.3890710382513776,1.4085196224541092
snowflake,1595,2026-08-12T13:56:46Z,87125360424,162.0,2026-08-12T06:53:56.905000-07:00,2.7,1.404371584699466,1.405961251862953
snowflake,1596,2026-08-12T13:57:46Z,87179171501,43.0,2026-08-12T06:56:56.698000-07:00,0.7166666666666667,1.4079234972677726,1.4063338301044
snowflake,1597,2026-08-12T13:58:46Z,87232982577,50.0,2026-08-12T06:57:54.406000-07:00,0.8333333333333334,1.4109289617486402,1.4020864381520617
snowflake,1598,2026-08-12T13:59:46Z,87287242503,101.0,2026-08-12T06:57:54.406000-07:00,1.6833333333333333,1.3803278688524634,1.3995529061103298
snowflake,1599,2026-08-12T14:00:46Z,87341603191,64.0,2026-08-12T06:59:35.967000-07:00,1.0666666666666667,1.400819672131152,1.3975409836065906
snowflake,1600,2026-08-12T14:01:46Z,87395963879,46.0,2026-08-12T07:01:00.446000-07:00,0.7666666666666667,1.4035519125683154,1.3990312965722957
snowflake,1601,2026-08-12T14:02:47Z,87451230578,49.0,2026-08-12T07:01:49.958000-07:00,0.8166666666666667,1.4057377049180402,1.396448087431674
snowflake,1602,2026-08-12T14:03:47Z,87505591266,116.0,2026-08-12T07:01:49.958000-07:00,1.9333333333333333,1.3754098360655826,1.3952806756085259
snowflake,1603,2026-08-12T14:04:47Z,87559951954,170.0,2026-08-12T07:01:49.958000-07:00,2.8333333333333335,1.3945355191256896,1.3942871336313891
snowflake,1604,2026-08-12T14:05:47Z,87614312642,46.0,2026-08-12T07:04:55.633000-07:00,0.7666666666666667,1.4002732240437208,1.3965474416294124
snowflake,1605,2026-08-12T14:06:47Z,87668673330,35.0,2026-08-12T07:06:00.776000-07:00,0.5833333333333334,1.4054644808743209,1.3945355191256732
snowflake,1606,2026-08-12T14:07:47Z,87723034017,104.0,2026-08-12T07:06:00.776000-07:00,1.7333333333333334,1.3759562841530064,1.3940884252359533
snowflake,1607,2026-08-12T14:08:47Z,87777394705,161.0,2026-08-12T07:06:00.776000-07:00,2.683333333333333,1.3950819672131132,1.3935668156979608
snowflake,1608,2026-08-12T14:09:47Z,87831831250,49.0,2026-08-12T07:08:58.013000-07:00,0.8166666666666667,1.4000000000000015,1.3960258320914198
snowflake,1609,2026-08-12T14:10:47Z,87886282966,55.0,2026-08-12T07:09:51.720000-07:00,0.9166666666666666,1.4051912568306015,1.3940884252359533
snowflake,1610,2026-08-12T14:11:47Z,87940734681,114.0,2026-08-12T07:09:51.720000-07:00,1.9,1.3786885245901623,1.3887729756582055
snowflake,1611,2026-08-12T14:12:47Z,87995186397,61.0,2026-08-12T07:11:45.962000-07:00,1.0166666666666666,1.3986338797814197,1.3828117237953022
snowflake,1612,2026-08-12T14:13:48Z,88050545642,41.0,2026-08-12T07:13:00.087000-07:00,0.6833333333333333,1.4000000000000015,1.3793094883258576
snowflake,1613,2026-08-12T14:14:48Z,88104997357,100.0,2026-08-12T07:13:00.087000-07:00,1.6666666666666667,1.4024590163934456,1.3710879284649309
snowflake,1614,2026-08-12T14:15:48Z,88159449073,47.0,2026-08-12T07:14:55.604000-07:00,0.7833333333333333,1.3732240437158505,1.3638847491306065
snowflake,1615,2026-08-12T14:16:48Z,88213900789,57.0,2026-08-12T07:15:43.515000-07:00,0.95,1.3418032786885306,1.3562344759065623
snowflake,1616,2026-08-12T14:17:48Z,88268352505,45.0,2026-08-12T07:16:54.622000-07:00,0.75,1.339890710382525,1.3512170889219883
snowflake,1617,2026-08-12T14:18:48Z,88322804221,113.0,2026-08-12T07:16:54.622000-07:00,1.8833333333333333,1.337431693989081,1.3416790859413679
snowflake,1618,2026-08-12T14:19:48Z,88377125615,48.0,2026-08-12T07:18:53.808000-07:00,0.8,1.3046448087431792,1.3340039741678993
snowflake,1619,2026-08-12T14:20:48Z,88431424012,107.0,2026-08-12T07:18:53.808000-07:00,1.7833333333333334,1.3207650273224107,1.3261798310978437
snowflake,1620,2026-08-12T14:21:48Z,88485722409,42.0,2026-08-12T07:20:55.775000-07:00,0.7,1.32103825136613,1.3211624441132699
snowflake,1621,2026-08-12T14:22:48Z,88540020806,111.0,2026-08-12T07:20:55.775000-07:00,1.85,1.3234972677595742,1.316095380029806
snowflake,1622,2026-08-12T14:23:48Z,88594319203,47.0,2026-08-12T07:22:57.197000-07:00,0.7833333333333333,1.2937158469945405,1.3128415300546459
snowflake,1623,2026-08-12T14:24:49Z,88649522573,109.0,2026-08-12T07:22:57.197000-07:00,1.8166666666666667,1.3155737704918034,1.3101092896174784
snowflake,1624,2026-08-12T14:25:49Z,88703820970,46.0,2026-08-12T07:25:01.099000-07:00,0.7666666666666667,1.3163934426229538,1.3107302533532097
snowflake,1625,2026-08-12T14:26:49Z,88758119367,103.0,2026-08-12T07:25:01.099000-07:00,1.7166666666666666,1.3180327868852475,1.3095380029806372
snowflake,1626,2026-08-12T14:27:49Z,88812417764,46.0,2026-08-12T07:27:00.841000-07:00,0.7666666666666667,1.2860655737704962,1.3098857426726185
snowflake,1627,2026-08-12T14:28:49Z,88866716161,104.0,2026-08-12T07:27:00.841000-07:00,1.7333333333333334,1.3040983606557406,1.3100099354197399
snowflake,1628,2026-08-12T14:29:49Z,88921265908,44.0,2026-08-12T07:28:55.162000-07:00,0.7333333333333333,1.3073770491803278,1.3127173373074832
snowflake,1629,2026-08-12T14:30:49Z,88975854325,104.0,2026-08-12T07:28:55.162000-07:00,1.7333333333333334,1.3114754098360655,1.3103079980128727
snowflake,1630,2026-08-12T14:31:49Z,89030442741,46.0,2026-08-12T07:30:59.261000-07:00,0.7666666666666667,1.3076502732240471,1.309314456035736
snowflake,1631,2026-08-12T14:32:49Z,89085031158,107.0,2026-08-12T07:30:59.261000-07:00,1.7833333333333334,1.324863387978141,1.3087680079482775
snowflake,1632,2026-08-12T14:33:49Z,89139619574,48.0,2026-08-12T07:33:00.067000-07:00,0.8,1.324863387978141,1.311574764033718
snowflake,1633,2026-08-12T14:34:50Z,89195117798,109.0,2026-08-12T07:33:00.067000-07:00,1.8166666666666667,1.3234972677595593,1.3099850968702744
snowflake,1634,2026-08-12T14:35:50Z,89249706215,53.0,2026-08-12T07:34:52.213000-07:00,0.8833333333333333,1.2890710382513566,1.3083209140585579
snowflake,1635,2026-08-12T14:36:50Z,89304294631,113.0,2026-08-12T07:34:52.213000-07:00,1.8833333333333333,1.3054644808743074,1.3060854446099588
snowflake,1636,2026-08-12T14:37:50Z,89358883048,44.0,2026-08-12T07:36:59.938000-07:00,0.7333333333333333,1.312021857923482,1.3042225534028065
snowflake,1637,2026-08-12T14:38:50Z,89413471464,105.0,2026-08-12T07:36:59.938000-07:00,1.75,1.31693989071037,1.3005712866368164
snowflake,1638,2026-08-12T14:39:50Z,89467553768,48.0,2026-08-12T07:38:59.934000-07:00,0.8,1.2866120218579125,1.2984848484848044
snowflake,1639,2026-08-12T14:40:50Z,89521569226,110.0,2026-08-12T07:38:59.934000-07:00,1.8333333333333333,1.2890710382513566,1.29515648286133
snowflake,1640,2026-08-12T14:41:50Z,89575584684,60.0,2026-08-12T07:40:50.768000-07:00,1.0,1.2868852459016318,1.2965722801787622
snowflake,1641,2026-08-12T14:42:51Z,89630500400,116.0,2026-08-12T07:40:50.768000-07:00,1.9333333333333333,1.2871584699453438,1.2962245404867396
snowflake,1642,2026-08-12T14:43:51Z,89684515858,49.0,2026-08-12T07:43:01.667000-07:00,0.8166666666666667,1.2846994535518996,1.297093889716755
snowflake,1643,2026-08-12T14:44:51Z,89738531316,108.0,2026-08-12T07:43:01.667000-07:00,1.8,1.3019125683059936,1.2959761549924556
snowflake,1644,2026-08-12T14:45:51Z,89792546774,51.0,2026-08-12T07:44:58.583000-07:00,0.85,1.2868852459016245,1.2992300049676155
snowflake,1645,2026-08-12T14:46:51Z,89846562232,110.0,2026-08-12T07:44:58.583000-07:00,1.8333333333333333,1.304644808743157,1.3010432190759191
snowflake,1646,2026-08-12T14:47:51Z,89900577690,46.0,2026-08-12T07:47:01.115000-07:00,0.7666666666666667,1.301639344262289,1.3046944858419507
snowflake,1647,2026-08-12T14:48:51Z,89954593148,107.0,2026-08-12T07:47:01.115000-07:00,1.7833333333333334,1.3215846994535465,1.3072528564331067
snowflake,1648,2026-08-12T14:49:51Z,90009051368,51.0,2026-08-12T07:48:58.995000-07:00,0.85,1.3046448087431644,1.312071535022245
snowflake,1649,2026-08-12T14:50:51Z,90063558783,104.0,2026-08-12T07:48:58.995000-07:00,1.7333333333333334,1.3224043715846896,1.3141082960754085
snowflake,1650,2026-08-12T14:51:51Z,90118066199,52.0,2026-08-12T07:50:58.224000-07:00,0.8666666666666667,1.309016393442614,1.3193740685543078
snowflake,1651,2026-08-12T14:52:52Z,90173482071,113.0,2026-08-12T07:50:58.224000-07:00,1.8833333333333333,1.327049180327866,1.3218579234971912
snowflake,1652,2026-08-12T14:53:52Z,90227989487,57.0,2026-08-12T07:52:52.988000-07:00,0.95,1.315300546448084,1.3240933929457903
snowflake,1653,2026-08-12T14:54:52Z,90282496902,115.0,2026-08-12T07:52:52.988000-07:00,1.9166666666666667,1.3377049180327854,1.323224043715775
snowflake,1654,2026-08-12T14:55:52Z,90337004318,50.0,2026-08-12T07:54:59.622000-07:00,0.8333333333333334,1.32431693989071,1.325608544460961
snowflake,1655,2026-08-12T14:56:52Z,90391511733,112.0,2026-08-12T07:54:59.622000-07:00,1.8666666666666667,1.3448087431693985,1.3252608047689798
snowflake,1656,2026-08-12T14:57:52Z,90446019149,45.0,2026-08-12T07:57:00.877000-07:00,0.75,1.3319672131147542,1.3253601589667183
snowflake,1657,2026-08-12T14:58:52Z,90500526564,109.0,2026-08-12T07:57:00.877000-07:00,1.8166666666666667,1.3262295081967153,1.3225037257824293
snowflake,1658,2026-08-12T14:59:52Z,90556084775,62.0,2026-08-12T07:58:50.182000-07:00,1.0333333333333334,1.3120218579234968,1.3222801788375695
snowflake,1659,2026-08-12T15:00:52Z,90611738512,116.0,2026-08-12T07:58:50.182000-07:00,1.9333333333333333,1.3308743169398918,1.321684053651304
snowflake,1660,2026-08-12T15:01:52Z,90667392249,50.0,2026-08-12T08:01:01.622000-07:00,0.8333333333333334,1.3185792349726786,1.3213611525087468
snowflake,1661,2026-08-12T15:02:52Z,90723045986,109.0,2026-08-12T08:01:01.622000-07:00,1.8166666666666667,1.310109289617484,1.317660208643867
snowflake,1662,2026-08-12T15:03:53Z,90779627285,49.0,2026-08-12T08:03:01.303000-07:00,0.8166666666666667,1.295628415300546,1.3169150521610142
snowflake,1663,2026-08-12T15:04:53Z,90835281022,111.0,2026-08-12T08:03:01.303000-07:00,1.85,1.3128415300546399,1.3153253849975706
snowflake,1664,2026-08-12T15:05:53Z,90890934760,44.0,2026-08-12T08:05:02.436000-07:00,0.7333333333333333,1.3311475409836035,1.3145305514158694
snowflake,1665,2026-08-12T15:06:53Z,90946588497,106.0,2026-08-12T08:05:02.436000-07:00,1.7666666666666666,1.3207650273224034,1.3106308991555538
snowflake,1666,2026-08-12T15:07:53Z,91002242234,59.0,2026-08-12T08:06:48.462000-07:00,0.9833333333333333,1.3040983606557406,1.308892200695523
snowflake,1667,2026-08-12T15:08:53Z,91057895971,122.0,2026-08-12T08:06:48.462000-07:00,2.033333333333333,1.3237704918032862,1.3062593144560528
snowflake,1668,2026-08-12T15:09:54Z,91113562763,50.0,2026-08-12T08:09:03.711000-07:00,0.8333333333333334,1.308743169398917,1.3046199701937604
snowflake,1669,2026-08-12T15:10:54Z,91168253861,58.0,2026-08-12T08:09:43.115000-07:00,0.9666666666666667,1.3032786885245977,1.3000745156482894
snowflake,1670,2026-08-12T15:11:54Z,91222944958,47.0,2026-08-12T08:10:59.604000-07:00,0.7833333333333333,1.2879781420765093,1.2953551912568069
snowflake,1671,2026-08-12T15:12:54Z,91277636056,115.0,2026-08-12T08:10:59.604000-07:00,1.9166666666666667,1.2994535519125718,1.2903129657227674
snowflake,1672,2026-08-12T15:13:54Z,91332327154,52.0,2026-08-12T08:12:57.691000-07:00,0.8666666666666667,1.281147540983608,1.2864381520118762
snowflake,1673,2026-08-12T15:14:55Z,91387929770,104.0,2026-08-12T08:12:57.691000-07:00,1.7333333333333334,1.2775956284153016,1.2795578738201088
snowflake,1674,2026-08-12T15:15:55Z,91442620867,45.0,2026-08-12T08:15:00.401000-07:00,0.75,1.2628415300546443,1.2756582215597931
snowflake,1675,2026-08-12T15:16:55Z,91497311965,112.0,2026-08-12T08:15:00.401000-07:00,1.8666666666666667,1.2792349726775951,1.2713611525086064
snowflake,1676,2026-08-12T15:17:55Z,91552003063,46.0,2026-08-12T08:16:56.135000-07:00,0.7666666666666667,1.2653005464480809,1.2681073025334462
snowflake,1677,2026-08-12T15:18:55Z,91606694160,118.0,2026-08-12T08:16:56.135000-07:00,1.9666666666666666,1.2614754098360552,1.2623695976154439
snowflake,1678,2026-08-12T15:19:55Z,91661198326,51.0,2026-08-12T08:18:56.979000-07:00,0.85,1.2480874316939796,1.2596870342771664
snowflake,1679,2026-08-12T15:20:55Z,91715696046,113.0,2026-08-12T08:18:56.979000-07:00,1.8833333333333333,1.2658469945355122,1.255961251862862
snowflake,1680,2026-08-12T15:21:55Z,91770193765,58.0,2026-08-12T08:20:57.629000-07:00,0.9666666666666667,1.2560109289617432,1.2531544957774217
snowflake,1681,2026-08-12T15:22:55Z,91824691485,108.0,2026-08-12T08:20:57.629000-07:00,1.8,1.2521857923497173,1.2476651763537037
snowflake,1682,2026-08-12T15:23:55Z,91879189205,68.0,2026-08-12T08:22:45.728000-07:00,1.1333333333333333,1.2363387978141978,1.2452061599602446
snowflake,1683,2026-08-12T15:24:55Z,91933686925,129.0,2026-08-12T08:22:45.728000-07:00,2.15,1.2516393442622862,1.2419523099850844
snowflake,1684,2026-08-12T15:25:56Z,91989092940,60.0,2026-08-12T08:24:54.873000-07:00,1.0,1.236612021857917,1.23912071535022
snowflake,1685,2026-08-12T15:26:56Z,92043590659,121.0,2026-08-12T08:24:54.873000-07:00,2.0166666666666666,1.231967213114748,1.233482364629915
snowflake,1686,2026-08-12T15:27:56Z,92098088379,56.0,2026-08-12T08:26:58.937000-07:00,0.9333333333333333,1.2188524590163845,1.2303775459513417
snowflake,1687,2026-08-12T15:28:56Z,92152586099,25.0,2026-08-12T08:28:29.471000-07:00,0.4166666666666667,1.2382513661202106,1.2265275707898746
snowflake,1688,2026-08-12T15:29:56Z,92207040447,52.0,2026-08-12T08:29:02.788000-07:00,0.8666666666666667,1.2256830601092856,1.2238450074515557
snowflake,1689,2026-08-12T15:30:56Z,92261494060,113.0,2026-08-12T08:29:02.788000-07:00,1.8833333333333333,1.216939890710379,1.2185047193243834
snowflake,1690,2026-08-12T15:31:57Z,92316855233,59.0,2026-08-12T08:30:56.133000-07:00,0.9833333333333333,1.2038251366120154,1.2164182811723714
snowflake,1691,2026-08-12T15:32:57Z,92371308846,15.0,2026-08-12T08:32:40.708000-07:00,0.25,1.2218579234972597,1.2136363636363554
snowflake,1692,2026-08-12T15:33:57Z,92425762460,54.0,2026-08-12T08:32:59.900000-07:00,0.9,1.209836065573766,1.2114008941877563
snowflake,1693,2026-08-12T15:34:57Z,92480216073,111.0,2026-08-12T08:32:59.900000-07:00,1.85,1.2068306010928906,1.206805762543478
snowflake,1694,2026-08-12T15:35:57Z,92534669686,176.0,2026-08-12T08:32:59.900000-07:00,2.933333333333333,1.192896174863384,1.2039990064580375
snowflake,1695,2026-08-12T15:36:57Z,92589123299,15.0,2026-08-12T08:36:37.836000-07:00,0.25,1.2136612021857918,1.2021361152508854
snowflake,1696,2026-08-12T15:37:57Z,92643576912,52.0,2026-08-12T08:37:00.986000-07:00,0.8666666666666667,1.2013661202185788,1.201167411823173
snowflake,1697,2026-08-12T15:38:58Z,92698938153,116.0,2026-08-12T08:37:00.986000-07:00,1.9333333333333333,1.1942622950819732,1.1979632389468613
snowflake,1698,2026-08-12T15:39:58Z,92753395807,50.0,2026-08-12T08:38:59.639000-07:00,0.8333333333333334,1.1877049180327914,1.1983358171883083
snowflake,1699,2026-08-12T15:40:58Z,92807853461,28.0,2026-08-12T08:40:21.843000-07:00,0.4666666666666667,1.1948087431694043,1.1979632389469026
snowflake,1700,2026-08-12T15:41:58Z,92862311116,54.0,2026-08-12T08:41:03.856000-07:00,0.9,1.196448087431698,1.1987829110780281
snowflake,1701,2026-08-12T15:42:58Z,92916768770,102.0,2026-08-12T08:41:03.856000-07:00,1.7,1.1931693989071108,1.1974913065077173
snowflake,1702,2026-08-12T15:43:58Z,92971226425,49.0,2026-08-12T08:43:00.180000-07:00,0.8166666666666667,1.1866120218579363,1.2002235469448848
snowflake,1703,2026-08-12T15:44:58Z,93025684079,36.0,2026-08-12T08:44:21.941000-07:00,0.6,1.2139344262295186,1.202011922503764
snowflake,1704,2026-08-12T15:45:59Z,93081049361,54.0,2026-08-12T08:44:58.811000-07:00,0.9,1.2027322404371754,1.2039244908097648
snowflake,1705,2026-08-12T15:46:59Z,93135507015,111.0,2026-08-12T08:44:58.811000-07:00,1.85,1.2019125683060248,1.2048931942375185
snowflake,1706,2026-08-12T15:47:59Z,93189964670,59.0,2026-08-12T08:46:50.343000-07:00,0.9833333333333333,1.1994535519125806,1.2082712369598416
snowflake,1707,2026-08-12T15:48:59Z,93244423069,32.0,2026-08-12T08:48:20.977000-07:00,0.5333333333333333,1.2314207650273319,1.2109786388475434
snowflake,1708,2026-08-12T15:49:59Z,93298903082,58.0,2026-08-12T08:48:53.700000-07:00,0.9666666666666667,1.2139344262295186,1.2137605563835594
snowflake,1709,2026-08-12T15:50:59Z,93353383095,116.0,2026-08-12T08:48:53.700000-07:00,1.9333333333333333,1.2087431693989186,1.2134624937904268
snowflake,1710,2026-08-12T15:51:59Z,93407863108,68.0,2026-08-12T08:50:50.516000-07:00,1.1333333333333333,1.2054644808743313,1.2167908594138597
snowflake,1711,2026-08-12T15:52:59Z,93462343121,38.0,2026-08-12T08:52:18.101000-07:00,0.6333333333333333,1.233606557377064,1.2187282662693262
snowflake,1712,2026-08-12T15:54:00Z,93517731135,55.0,2026-08-12T08:53:01.549000-07:00,0.9166666666666666,1.2229508196721446,1.2203924490810427
snowflake,1713,2026-08-12T15:55:00Z,93572211148,113.0,2026-08-12T08:53:01.549000-07:00,1.8833333333333333,1.2172131147541132,1.2209885742673081
snowflake,1714,2026-08-12T15:56:00Z,93626691161,60.0,2026-08-12T08:54:55.523000-07:00,1.0,1.2106557377049314,1.2257824143070635
snowflake,1715,2026-08-12T15:57:00Z,93681171174,33.0,2026-08-12T08:56:20.806000-07:00,0.55,1.2393442622950954,1.229855936413349
snowflake,1716,2026-08-12T15:58:00Z,93735651187,64.0,2026-08-12T08:56:53.821000-07:00,1.0666666666666667,1.2232240437158564,1.2338549428713619
snowflake,1717,2026-08-12T15:59:00Z,93790120489,116.0,2026-08-12T08:56:53.821000-07:00,1.9333333333333333,1.217759562841537,1.237282662692492
snowflake,1718,2026-08-12T16:00:00Z,93844386293,63.0,2026-08-12T08:58:50.749000-07:00,1.05,1.2379781420765137,1.244361649279695
snowflake,1719,2026-08-12T16:01:00Z,93898652097,30.0,2026-08-12T09:00:21.458000-07:00,0.5,1.2666666666666777,1.251068057625451
snowflake,1720,2026-08-12T16:02:00Z,93952917902,68.0,2026-08-12T09:00:51.541000-07:00,1.1333333333333333,1.2535519125683214,1.2551167411823123
snowflake,1721,2026-08-12T16:03:00Z,94007183706,116.0,2026-08-12T09:00:51.541000-07:00,1.9333333333333333,1.2494535519125838,1.258792846497768
snowflake,1722,2026-08-12T16:04:00Z,94061449510,65.0,2026-08-12T09:02:47.850000-07:00,1.0833333333333333,1.271311475409854,1.266741182314945
snowflake,1723,2026-08-12T16:05:01Z,94116619744,38.0,2026-08-12T09:04:22.212000-07:00,0.6333333333333333,1.300819672131161,1.2739195230998452
snowflake,1724,2026-08-12T16:06:01Z,94170885548,60.0,2026-08-12T09:05:00.548000-07:00,1.0,1.2909836065573919,1.2791356184798959
snowflake,1725,2026-08-12T16:07:01Z,94225151352,120.0,2026-08-12T09:05:00.548000-07:00,2.0,1.255191256830615,1.2836562344759015
snowflake,1726,2026-08-12T16:08:01Z,94279417156,61.0,2026-08-12T09:06:59.769000-07:00,1.0166666666666666,1.2797814207650413,1.2921261798311123
snowflake,1727,2026-08-12T16:09:01Z,94333716631,33.0,2026-08-12T09:08:22.425000-07:00,0.55,1.31065573770493,1.3000993541977137
snowflake,1728,2026-08-12T16:10:01Z,94388487491,98.0,2026-08-12T09:08:22.425000-07:00,1.6333333333333333,1.2967213114754232,1.3059364133134956
snowflake,1729,2026-08-12T16:11:01Z,94443258351,76.0,2026-08-12T09:09:32.925000-07:00,1.2666666666666666,1.2953551912568415,1.3107550919026751
snowflake,1730,2026-08-12T16:12:01Z,94498029211,64.0,2026-08-12T09:10:49.474000-07:00,1.0666666666666667,1.3163934426229613,1.3191753601589964
snowflake,1731,2026-08-12T16:13:02Z,94553712918,35.0,2026-08-12T09:12:21.031000-07:00,0.5833333333333334,1.3467213114754188,1.3297565822156436
snowflake,1732,2026-08-12T16:14:02Z,94608483778,91.0,2026-08-12T09:12:21.031000-07:00,1.5166666666666666,1.3371584699453691,1.337729756582245
snowflake,1733,2026-08-12T16:15:02Z,94663254638,152.0,2026-08-12T09:12:21.031000-07:00,2.533333333333333,1.3355191256830756,1.3448087431694065
snowflake,1734,2026-08-12T16:16:02Z,94718025498,63.0,2026-08-12T09:14:53.426000-07:00,1.05,1.3538251366120393,1.3559860904123608
snowflake,1735,2026-08-12T16:17:02Z,94772796358,42.0,2026-08-12T09:16:19.321000-07:00,0.7,1.3836065573770655,1.3660953800298226
snowflake,1736,2026-08-12T16:18:02Z,94827567218,103.0,2026-08-12T09:16:19.321000-07:00,1.7166666666666666,1.3715846994535719,1.3738946845504538
snowflake,1737,2026-08-12T16:19:02Z,94882288294,163.0,2026-08-12T09:16:19.321000-07:00,2.716666666666667,1.367486338797834,1.3807252856433314
snowflake,1738,2026-08-12T16:20:02Z,94936461745,54.0,2026-08-12T09:18:55.281000-07:00,0.9,1.3885245901639538,1.3912816691505545
snowflake,1739,2026-08-12T16:21:02Z,94990635195,32.0,2026-08-12T09:20:21.827000-07:00,0.5333333333333333,1.419672131147562,1.4009190263288722
snowflake,1740,2026-08-12T16:22:03Z,95045711536,101.0,2026-08-12T09:20:21.827000-07:00,1.6833333333333333,1.4065573770491981,1.408519622454068
snowflake,1741,2026-08-12T16:23:03Z,95099884987,161.0,2026-08-12T09:20:21.827000-07:00,2.683333333333333,1.4021857923497487,1.4152757078987137
snowflake,1742,2026-08-12T16:24:03Z,95154058437,69.0,2026-08-12T09:22:49.893000-07:00,1.15,1.4218579234972941,1.4256582215599254
snowflake,1743,2026-08-12T16:25:04Z,95209134778,47.0,2026-08-12T09:24:14.864000-07:00,0.7833333333333333,1.4532786885246214,1.435171385991122
snowflake,1744,2026-08-12T16:26:04Z,95263308229,105.0,2026-08-12T09:24:14.864000-07:00,1.75,1.4415300546448395,1.4422006954794762
snowflake,1745,2026-08-12T16:27:04Z,95317481679,165.0,2026-08-12T09:24:14.864000-07:00,2.75,1.4374316939891019,1.4481619473423384
snowflake,1746,2026-08-12T16:28:04Z,95371655129,62.0,2026-08-12T09:27:00.285000-07:00,1.0333333333333334,1.4579234972677904,1.4576005961252618
snowflake,1747,2026-08-12T16:29:04Z,95425962530,36.0,2026-08-12T09:28:20.899000-07:00,0.6,1.4857923497268113,1.4662692498758672
snowflake,1748,2026-08-12T16:30:04Z,95481284122,99.0,2026-08-12T09:28:20.899000-07:00,1.65,1.4721311475410164,1.4725285643319033
snowflake,1749,2026-08-12T16:31:04Z,95536605714,157.0,2026-08-12T09:28:20.899000-07:00,2.6166666666666667,1.4658469945355466,1.477595628415367
snowflake,1750,2026-08-12T16:32:04Z,95591927306,65.0,2026-08-12T09:30:58.825000-07:00,1.0833333333333333,1.4852459016393726,1.4863139592648622
snowflake,1751,2026-08-12T16:33:04Z,95647248899,44.0,2026-08-12T09:32:20.199000-07:00,0.7333333333333333,1.51038251366123,1.4939890710383308
snowflake,1752,2026-08-12T16:34:05Z,95703492517,95.0,2026-08-12T09:32:20.199000-07:00,1.5833333333333333,1.4975409836065856,1.4995280675608973
snowflake,1753,2026-08-12T16:35:05Z,95758814109,162.0,2026-08-12T09:32:20.199000-07:00,2.7,1.4907103825136845,1.502459016393459
snowflake,1754,2026-08-12T16:36:05Z,95814135702,75.0,2026-08-12T09:34:49.902000-07:00,1.25,1.5090163934426484,1.5063089915549261
snowflake,1755,2026-08-12T16:37:05Z,95869457294,45.0,2026-08-12T09:36:19.834000-07:00,0.75,1.5374316939890929,1.5104818678589502
snowflake,1756,2026-08-12T16:38:05Z,95924778886,105.0,2026-08-12T09:36:19.834000-07:00,1.75,1.5218579234972927,1.5124441132638409
snowflake,1757,2026-08-12T16:39:05Z,95979940561,165.0,2026-08-12T09:36:19.834000-07:00,2.75,1.5188524590164172,1.5138847491306975
snowflake,1758,2026-08-12T16:40:05Z,96034062772,65.0,2026-08-12T09:38:59.850000-07:00,1.0833333333333333,1.5180327868852668,1.5182563338301571
snowflake,1759,2026-08-12T16:41:05Z,96088184982,45.0,2026-08-12T09:40:19.395000-07:00,0.75,1.5144808743169602,1.521311475409923
snowflake,1760,2026-08-12T16:42:05Z,96142307193,105.0,2026-08-12T09:40:19.395000-07:00,1.75,1.5117486338797967,1.5223795330353327
snowflake,1761,2026-08-12T16:43:05Z,96196429404,165.0,2026-08-12T09:40:19.395000-07:00,2.75,1.506830601092916,1.5225534028813028
snowflake,1762,2026-08-12T16:44:06Z,96251453652,67.0,2026-08-12T09:42:57.335000-07:00,1.1166666666666667,1.526229508196742,1.525757575757573
snowflake,1763,2026-08-12T16:45:06Z,96305575862,43.0,2026-08-12T09:44:21.432000-07:00,0.7166666666666667,1.5456284153005608,1.526974664679611
snowflake,1764,2026-08-12T16:46:06Z,96359698073,103.0,2026-08-12T09:44:21.432000-07:00,1.7166666666666666,1.524316939890722,1.5279185295578992
snowflake,1765,2026-08-12T16:47:06Z,96413820284,163.0,2026-08-12T09:44:21.432000-07:00,2.716666666666667,1.5207650273224154,1.5310730253353209
snowflake,1766,2026-08-12T16:48:06Z,96467942495,67.0,2026-08-12T09:46:49.926000-07:00,1.1166666666666667,1.5393442622950984,1.5358917039244593
snowflake,1767,2026-08-12T16:49:06Z,96522207933,44.0,2026-08-12T09:48:14.262000-07:00,0.7333333333333333,1.557103825136631,1.5390213611524566
snowflake,1768,2026-08-12T16:50:06Z,96577284992,109.0,2026-08-12T09:48:14.262000-07:00,1.8166666666666667,1.5322404371584855,1.5398658718330476
snowflake,1769,2026-08-12T16:51:06Z,96632362051,172.0,2026-08-12T09:48:14.262000-07:00,2.8666666666666667,1.5284153005464596,1.5402881271733433
snowflake,1770,2026-08-12T16:52:06Z,96687439110,68.0,2026-08-12T09:50:49.194000-07:00,1.1333333333333333,1.5491803278688674,1.5443119721807803
snowflake,1771,2026-08-12T16:53:07Z,96743434120,52.0,2026-08-12T09:52:13.970000-07:00,0.8666666666666667,1.5647540983606676,1.5464480874316409
snowflake,1772,2026-08-12T16:54:07Z,96798511179,110.0,2026-08-12T09:52:13.970000-07:00,1.8333333333333333,1.5412568306011039,1.5464480874316409
snowflake,1773,2026-08-12T16:55:07Z,96853588238,170.0,2026-08-12T09:52:13.970000-07:00,2.8333333333333335,1.5355191256830725,1.5468206656730878
snowflake,1774,2026-08-12T16:56:07Z,96908665297,70.0,2026-08-12T09:54:57.080000-07:00,1.1666666666666667,1.5502732240437298,1.5513661202185176
snowflake,1775,2026-08-12T16:57:07Z,96963742356,45.0,2026-08-12T09:56:18.887000-07:00,0.75,1.5685792349726935,1.554073522106261
snowflake,1776,2026-08-12T16:58:07Z,97018819415,108.0,2026-08-12T09:56:18.887000-07:00,1.8,1.5442622950819866,1.554545454545405
snowflake,1777,2026-08-12T16:59:07Z,97073894186,166.0,2026-08-12T09:56:18.887000-07:00,2.7666666666666666,1.5393442622950984,1.5551415797317119
snowflake,1778,2026-08-12T17:00:07Z,97128957516,66.0,2026-08-12T09:58:58.817000-07:00,1.1,1.5612021857923686,1.5598112270243043
snowflake,1779,2026-08-12T17:01:07Z,97184020846,40.0,2026-08-12T10:00:20.527000-07:00,0.6666666666666666,1.5822404371584884,1.5628166915051802
snowflake,1780,2026-08-12T17:02:08Z,97240001898,101.0,2026-08-12T10:00:20.527000-07:00,1.6833333333333333,1.5581967213114933,1.5640834575260256
snowflake,1781,2026-08-12T17:03:08Z,97295065229,160.0,2026-08-12T10:00:20.527000-07:00,2.6666666666666665,1.5543715846994675,1.5655489319423064
snowflake,1782,2026-08-12T17:04:08Z,97350128559,69.0,2026-08-12T10:02:57.466000-07:00,1.15,1.571311475409857,1.5669647292597388
snowflake,1783,2026-08-12T17:05:08Z,97405191889,40.0,2026-08-12T10:04:22.555000-07:00,0.6666666666666666,1.5926229508196885,1.5665673124689088
snowflake,1784,2026-08-12T17:06:08Z,97460255219,105.0,2026-08-12T10:04:22.555000-07:00,1.75,1.5685792349726935,1.5637357178340443
snowflake,1785,2026-08-12T17:07:08Z,97515318549,164.0,2026-08-12T10:04:22.555000-07:00,2.7333333333333334,1.5642076502732365,1.5605315449577326
snowflake,1786,2026-08-12T17:08:08Z,97570381880,63.0,2026-08-12T10:06:55.833000-07:00,1.05,1.584699453551925,1.5611525086934224
snowflake,1787,2026-08-12T17:09:08Z,97625368229,50.0,2026-08-12T10:08:17.546000-07:00,0.8333333333333334,1.5598360655737795,1.5597863884748386
snowflake,1788,2026-08-12T17:10:08Z,97680011665,30.0,2026-08-12T10:09:37.884000-07:00,0.5,1.5349726775956338,1.55648286140083
snowflake,1789,2026-08-12T17:11:08Z,97734655100,85.0,2026-08-12T10:09:37.884000-07:00,1.4166666666666667,1.5300546448087458,1.5528315946348399
snowflake,1790,2026-08-12T17:12:09Z,97790209259,66.0,2026-08-12T10:11:00.798000-07:00,1.1,1.5469945355191277,1.5491803278688083
snowflake,1791,2026-08-12T17:13:09Z,97844852695,46.0,2026-08-12T10:12:22.203000-07:00,0.7666666666666667,1.565027322404372,1.5435419771485035
snowflake,1792,2026-08-12T17:14:09Z,97899496130,106.0,2026-08-12T10:12:22.203000-07:00,1.7666666666666666,1.5393442622950835,1.5357178340784479
snowflake,1793,2026-08-12T17:15:09Z,97954139565,162.0,2026-08-12T10:12:22.203000-07:00,2.7,1.5349726775956265,1.5317436661698594
snowflake,1794,2026-08-12T17:16:09Z,98008783001,74.0,2026-08-12T10:14:50.184000-07:00,1.2333333333333334,1.5524590163934398,1.5277446597118052
snowflake,1795,2026-08-12T17:17:10Z,98064337160,50.0,2026-08-12T10:16:19.658000-07:00,0.8333333333333334,1.5284153005464447,1.5217337307500534
snowflake,1796,2026-08-12T17:18:10Z,98118980596,110.0,2026-08-12T10:16:19.658000-07:00,1.8333333333333333,1.5021857923497248,1.513760556383452
snowflake,1797,2026-08-12T17:19:10Z,98173454160,168.0,2026-08-12T10:16:19.658000-07:00,2.8,1.4986338797814183,1.505588673621415
snowflake,1798,2026-08-12T17:20:10Z,98227313573,72.0,2026-08-12T10:18:56.165000-07:00,1.2,1.5161202185792388,1.5012667660208452
snowflake,1799,2026-08-12T17:21:10Z,98281172987,40.0,2026-08-12T10:20:21.806000-07:00,0.6666666666666666,1.4909836065573816,1.495081967213082
snowflake,1800,2026-08-12T17:22:10Z,98335032401,108.0,2026-08-12T10:20:21.806000-07:00,1.8,1.463934426229511,1.4868604073521552
snowflake,1801,2026-08-12T17:23:10Z,98388891814,158.0,2026-08-12T10:20:21.806000-07:00,2.6333333333333333,1.4592896174863423,1.4824391455538468
snowflake,1802,2026-08-12T17:24:11Z,98443648885,75.0,2026-08-12T10:22:45.345000-07:00,1.25,1.4751366120218619,1.4818678589169643
snowflake,1803,2026-08-12T17:25:11Z,98497508299,48.0,2026-08-12T10:24:18.205000-07:00,0.8,1.4918032786885247,1.4795081967212438
snowflake,1804,2026-08-12T17:26:11Z,98551367712,101.0,2026-08-12T10:24:18.205000-07:00,1.6833333333333333,1.466939890710379,1.475211127670098
snowflake,1805,2026-08-12T17:27:11Z,98605227126,172.0,2026-08-12T10:24:18.205000-07:00,2.8666666666666667,1.4620218579234983,1.4750620963735523
snowflake,1806,2026-08-12T17:28:11Z,98659086540,76.0,2026-08-12T10:26:52.555000-07:00,1.2666666666666666,1.4797814207650308,1.475335320417261
snowflake,1807,2026-08-12T17:29:12Z,98714348243,44.0,2026-08-12T10:28:15.748000-07:00,0.7333333333333333,1.4959016393442623,1.4738450074515557
snowflake,1808,2026-08-12T17:30:12Z,98770226188,116.0,2026-08-12T10:28:15.748000-07:00,1.9333333333333333,1.4726775956284104,1.4708892200695283
snowflake,1809,2026-08-12T17:31:12Z,98826104133,176.0,2026-08-12T10:28:15.748000-07:00,2.933333333333333,1.468852459016392,1.468405365126645
snowflake,1810,2026-08-12T17:32:12Z,98881982078,69.0,2026-08-12T10:30:55.125000-07:00,1.15,1.4893442622950805,1.4660208643815003
snowflake,1811,2026-08-12T17:33:12Z,98937860023,51.0,2026-08-12T10:32:19.353000-07:00,0.85,1.466939890710379,1.4619225037257488
snowflake,1812,2026-08-12T17:34:12Z,98993737968,106.0,2026-08-12T10:32:19.353000-07:00,1.7666666666666666,1.442896174863384,1.4558867362145727
snowflake,1813,2026-08-12T17:35:12Z,99049615913,173.0,2026-08-12T10:32:19.353000-07:00,2.8833333333333333,1.4426229508196646,1.4478887232985471
snowflake,1814,2026-08-12T17:36:12Z,99105493858,74.0,2026-08-12T10:34:57.472000-07:00,1.2333333333333334,1.4644808743169349,1.4417039244908252
snowflake,1815,2026-08-12T17:37:13Z,99162303102,59.0,2026-08-12T10:36:11.850000-07:00,0.9833333333333333,1.4407103825136591,1.4356433184302246
snowflake,1816,2026-08-12T17:38:13Z,99218181047,120.0,2026-08-12T10:36:11.850000-07:00,2.0,1.4169398907103834,1.427347242921025
snowflake,1817,2026-08-12T17:39:13Z,99273631071,14.0,2026-08-12T10:38:57.897000-07:00,0.23333333333333334,1.413387978142077,1.4225534028812696
snowflake,1818,2026-08-12T17:40:13Z,99327904312,74.0,2026-08-12T10:38:57.897000-07:00,1.2333333333333334,1.4079234972677577,1.4177347242920901
snowflake,1819,2026-08-12T17:41:13Z,99382177552,47.0,2026-08-12T10:40:22.329000-07:00,0.7833333333333333,1.4046448087431704,1.4108047690015155
snowflake,1820,2026-08-12T17:42:13Z,99436450792,107.0,2026-08-12T10:40:22.329000-07:00,1.7833333333333334,1.4021857923497338,1.4013909587680577
snowflake,1821,2026-08-12T17:43:13Z,99490724033,171.0,2026-08-12T10:40:22.329000-07:00,2.85,1.398087431693996,1.3958022851466012
snowflake,1822,2026-08-12T17:44:13Z,99544997273,71.0,2026-08-12T10:43:00.440000-07:00,1.1833333333333333,1.4142076502732275,1.390139095876872
snowflake,1823,2026-08-12T17:45:14Z,99600175068,51.0,2026-08-12T10:44:22.679000-07:00,0.85,1.389890710382513,1.382662692498839
snowflake,1824,2026-08-12T17:46:14Z,99654448308,107.0,2026-08-12T10:44:22.679000-07:00,1.7833333333333334,1.3663934426229567,1.3753104818679276
snowflake,1825,2026-08-12T17:47:14Z,99708721548,15.0,2026-08-12T10:46:57.413000-07:00,0.25,1.3609289617486449,1.3701689021361496
snowflake,1826,2026-08-12T17:48:14Z,99762994789,67.0,2026-08-12T10:46:57.413000-07:00,1.1166666666666667,1.3792349726776012,1.3632389468455337
snowflake,1827,2026-08-12T17:49:14Z,99817235854,54.0,2026-08-12T10:48:18.615000-07:00,0.9,1.3546448087431748,1.3548683556880612
snowflake,1828,2026-08-12T17:50:14Z,99871395535,108.0,2026-08-12T10:48:18.615000-07:00,1.8,1.331147540983611,1.3446100347740122
snowflake,1829,2026-08-12T17:51:14Z,99925555217,17.0,2026-08-12T10:50:54.255000-07:00,0.2833333333333333,1.3270491803278732,1.3384003974168246
snowflake,1830,2026-08-12T17:52:14Z,99979714898,73.0,2026-08-12T10:50:54.255000-07:00,1.2166666666666666,1.348087431693993,1.3322404371584857
snowflake,1831,2026-08-12T17:53:14Z,100033874579,51.0,2026-08-12T10:52:16.666000-07:00,0.85,1.3259562841530035,1.324341778440116
snowflake,1832,2026-08-12T17:54:14Z,100088034261,110.0,2026-08-12T10:52:16.666000-07:00,1.8333333333333333,1.306010928961746,1.3142076502731883
snowflake,1833,2026-08-12T17:55:15Z,100143096603,171.0,2026-08-12T10:52:16.666000-07:00,2.85,1.3013661202185773,1.3079234972677278
snowflake,1834,2026-08-12T17:56:15Z,100197256284,79.0,2026-08-12T10:54:52.694000-07:00,1.3166666666666667,1.3215846994535465,1.3012916045702447
snowflake,1835,2026-08-12T17:57:15Z,100251415966,52.0,2026-08-12T10:56:19.737000-07:00,0.8666666666666667,1.2986338797814139,1.292349726775931
snowflake,1836,2026-08-12T17:58:15Z,100305575647,110.0,2026-08-12T10:56:19.737000-07:00,1.8333333333333333,1.2740437158469875,1.2814952806756166
snowflake,1837,2026-08-12T17:59:15Z,100359979634,167.0,2026-08-12T10:56:19.737000-07:00,2.783333333333333,1.2677595628415177,1.2744659711872621
snowflake,1838,2026-08-12T18:00:15Z,100414953668,81.0,2026-08-12T10:58:48.706000-07:00,1.35,1.2855191256830503,1.2672627918529378
snowflake,1839,2026-08-12T18:01:16Z,100470843935,52.0,2026-08-12T11:00:18.982000-07:00,0.8666666666666667,1.258196721311468,1.258047690014874
snowflake,1840,2026-08-12T18:02:16Z,100525817969,115.0,2026-08-12T11:00:18.982000-07:00,1.9166666666666667,1.2286885245901535,1.24692001987081
snowflake,1841,2026-08-12T18:03:16Z,100580792002,19.0,2026-08-12T11:02:56.458000-07:00,0.31666666666666665,1.2286885245901535,1.2395429706904741
snowflake,1842,2026-08-12T18:04:16Z,100635766036,72.0,2026-08-12T11:02:56.458000-07:00,1.2,1.2486338797814107,1.2320168902135926
snowflake,1843,2026-08-12T18:05:16Z,100690740070,68.0,2026-08-12T11:04:08.618000-07:00,1.1333333333333333,1.2267759562841405,1.226651763536996
snowflake,1844,2026-08-12T18:06:16Z,100745714103,120.0,2026-08-12T11:04:08.618000-07:00,2.0,1.1999999999999895,1.2193989071038231
snowflake,1845,2026-08-12T18:07:17Z,100801604371,18.0,2026-08-12T11:06:58.798000-07:00,0.3,1.1991803278688464,1.2163686040735229
snowflake,1846,2026-08-12T18:08:17Z,100856578404,77.0,2026-08-12T11:06:58.798000-07:00,1.2833333333333334,1.2174863387978103,1.2137853949329425
snowflake,1847,2026-08-12T18:09:17Z,100911293883,50.0,2026-08-12T11:08:20.938000-07:00,0.8333333333333334,1.1912568306010904,1.2089418777943386
snowflake,1848,2026-08-12T18:10:17Z,100965492251,30.0,2026-08-12T11:09:35.847000-07:00,0.5,1.208743169398911,1.202011922503764
snowflake,1849,2026-08-12T18:11:17Z,101019690619,18.0,2026-08-12T11:10:55.191000-07:00,0.3,1.2057377049180433,1.1987829110780281
snowflake,1850,2026-08-12T18:12:17Z,101073888987,76.0,2026-08-12T11:10:55.191000-07:00,1.2666666666666666,1.22486338797815,1.195901639344315
snowflake,1851,2026-08-12T18:13:17Z,101128087356,51.0,2026-08-12T11:12:21.577000-07:00,0.85,1.2002732240437237,1.1947342275211668
snowflake,1852,2026-08-12T18:14:17Z,101182285724,105.0,2026-08-12T11:12:21.577000-07:00,1.75,1.1754098360655858,1.1916045702931692
snowflake,1853,2026-08-12T18:15:17Z,101236484092,17.0,2026-08-12T11:14:59.441000-07:00,0.2833333333333333,1.1724043715847103,1.1925732737208818
snowflake,1854,2026-08-12T18:16:17Z,101290682460,76.0,2026-08-12T11:14:59.441000-07:00,1.2666666666666666,1.1912568306011053,1.189567809240006
snowflake,1855,2026-08-12T18:17:18Z,101345784134,54.0,2026-08-12T11:16:21.127000-07:00,0.9,1.1683060109289727,1.1883507203179677
snowflake,1856,2026-08-12T18:18:18Z,101399982503,117.0,2026-08-12T11:16:21.127000-07:00,1.95,1.186338797814217,1.184898161947372
snowflake,1857,2026-08-12T18:19:18Z,101454580224,20.0,2026-08-12T11:18:55.081000-07:00,0.3333333333333333,1.1830601092896225,1.1854942871336376
snowflake,1858,2026-08-12T18:20:18Z,101509919600,82.0,2026-08-12T11:18:55.081000-07:00,1.3666666666666667,1.2019125683060174,1.1860158966716303
snowflake,1859,2026-08-12T18:21:18Z,101565258976,57.0,2026-08-12T11:20:18.995000-07:00,0.95,1.17568306010929,1.184550422255308
snowflake,1860,2026-08-12T18:22:18Z,101620598352,117.0,2026-08-12T11:20:18.995000-07:00,1.95,1.1923497267759602,1.1809736711375907
snowflake,1861,2026-08-12T18:23:18Z,101675937728,27.0,2026-08-12T11:22:48.502000-07:00,0.45,1.1868852459016408,1.1812717337307235
snowflake,1862,2026-08-12T18:24:18Z,101731277104,85.0,2026-08-12T11:22:48.502000-07:00,1.4166666666666667,1.2068306010928982,1.1776204669646921
snowflake,1863,2026-08-12T18:25:18Z,101786616480,58.0,2026-08-12T11:24:14.275000-07:00,0.9666666666666667,1.1811475409836096,1.1721311475409328
snowflake,1864,2026-08-12T18:26:18Z,101841955856,122.0,2026-08-12T11:24:14.275000-07:00,2.033333333333333,1.1562841530054715,1.1645057128663128
snowflake,1865,2026-08-12T18:27:19Z,101898217555,17.0,2026-08-12T11:26:56.056000-07:00,0.2833333333333333,1.1519125683060218,1.161053154495717
snowflake,1866,2026-08-12T18:28:19Z,101953556931,82.0,2026-08-12T11:26:56.056000-07:00,1.3666666666666667,1.17158469945356,1.1538251366119683
snowflake,1867,2026-08-12T18:29:19Z,102008688357,53.0,2026-08-12T11:28:20.386000-07:00,0.8833333333333333,1.1461748633879831,1.148708395429656
snowflake,1868,2026-08-12T18:30:19Z,102063460595,109.0,2026-08-12T11:28:20.386000-07:00,1.8166666666666667,1.1226775956284192,1.141455538996483
snowflake,1869,2026-08-12T18:31:19Z,102118232833,16.0,2026-08-12T11:31:01.269000-07:00,0.26666666666666666,1.1180327868852504,1.137754595131603
snowflake,1870,2026-08-12T18:32:19Z,102173005071,68.0,2026-08-12T11:31:01.269000-07:00,1.1333333333333333,1.1377049180327883,1.1341530054644615
snowflake,1871,2026-08-12T18:33:19Z,102227777309,69.0,2026-08-12T11:32:10.184000-07:00,1.15,1.1128415300546504,1.1326378539492907
snowflake,1872,2026-08-12T18:34:19Z,102282549547,124.0,2026-08-12T11:32:10.184000-07:00,2.066666666666667,1.1306010928961827,1.1289369100844107
snowflake,1873,2026-08-12T18:35:19Z,102337321786,26.0,2026-08-12T11:34:52.740000-07:00,0.43333333333333335,1.1270491803278764,1.129433681072979
snowflake,1874,2026-08-12T18:36:19Z,102392094024,75.0,2026-08-12T11:34:52.740000-07:00,1.25,1.1404371584699518,1.131867858917014
snowflake,1875,2026-08-12T18:37:19Z,102446866262,71.0,2026-08-12T11:36:07.941000-07:00,1.1833333333333333,1.116666666666676,1.1363636363636365
snowflake,1876,2026-08-12T18:38:19Z,102501638500,126.0,2026-08-12T11:36:07.941000-07:00,2.1,1.1352459016393517,1.1386239443616597
snowflake,1877,2026-08-12T18:39:20Z,102557408230,24.0,2026-08-12T11:38:55.017000-07:00,0.4,1.130874316939902,1.1448335817188473
snowflake,1878,2026-08-12T18:40:20Z,102612401218,78.0,2026-08-12T11:38:55.017000-07:00,1.3,1.1516393442623025,1.1473919523100036
snowflake,1879,2026-08-12T18:41:20Z,102667394206,63.0,2026-08-12T11:40:13.298000-07:00,1.05,1.1494535519125777,1.1518877297565846
snowflake,1880,2026-08-12T18:42:20Z,102722387194,117.0,2026-08-12T11:40:13.298000-07:00,1.95,1.1674863387978223,1.1547441629408737
snowflake,1881,2026-08-12T18:43:20Z,102777380183,17.0,2026-08-12T11:42:57.319000-07:00,0.2833333333333333,1.162568306010934,1.1614257327372053
snowflake,1882,2026-08-12T18:44:20Z,102832373171,80.0,2026-08-12T11:42:57.319000-07:00,1.3333333333333333,1.1811475409836096,1.1641082960755242
snowflake,1883,2026-08-12T18:45:20Z,102887366159,60.0,2026-08-12T11:44:18.136000-07:00,1.0,1.158743169398908,1.1687282662692682
snowflake,1884,2026-08-12T18:46:20Z,102942359148,120.0,2026-08-12T11:44:18.136000-07:00,2.0,1.1765027322404407,1.1707153502235832
snowflake,1885,2026-08-12T18:47:20Z,102997352136,23.0,2026-08-12T11:46:54.176000-07:00,0.38333333333333336,1.1718579234972644,1.1743666169895732
snowflake,1886,2026-08-12T18:48:20Z,103052345124,81.0,2026-08-12T11:46:54.176000-07:00,1.35,1.190163934426228,1.1738450074515392
snowflake,1887,2026-08-12T18:49:20Z,103107121543,55.0,2026-08-12T11:48:15.779000-07:00,0.9166666666666666,1.1647540983606588,1.1751614505712331
snowflake,1888,2026-08-12T18:50:21Z,103162456699,123.0,2026-08-12T11:48:15.779000-07:00,2.05,1.1816939890710407,1.1741927471435205
snowflake,1889,2026-08-12T18:51:21Z,103216884723,12.0,2026-08-12T11:50:58.958000-07:00,0.2,1.1734972677595654,1.176825633382991
snowflake,1890,2026-08-12T18:52:21Z,103271312746,78.0,2026-08-12T11:50:58.958000-07:00,1.3,1.1896174863388043,1.1756333830104184
snowflake,1891,2026-08-12T18:53:21Z,103325740769,53.0,2026-08-12T11:52:17.107000-07:00,0.8833333333333333,1.1617486338797909,1.1768753104818808
snowflake,1892,2026-08-12T18:54:21Z,103380168792,124.0,2026-08-12T11:52:17.107000-07:00,2.066666666666667,1.1770491803278793,1.1762046696473012
snowflake,1893,2026-08-12T18:55:21Z,103434596815,16.0,2026-08-12T11:54:56.457000-07:00,0.26666666666666666,1.1704918032787048,1.1797069051167455
snowflake,1894,2026-08-12T18:56:21Z,103489024839,80.0,2026-08-12T11:54:56.457000-07:00,1.3333333333333333,1.1877049180328063,1.1796323894684726
snowflake,1895,2026-08-12T18:57:21Z,103543452862,63.0,2026-08-12T11:56:16.984000-07:00,1.05,1.1633879781420993,1.181892697466496
snowflake,1896,2026-08-12T18:58:21Z,103597880885,124.0,2026-08-12T11:56:16.984000-07:00,2.066666666666667,1.1855191256830815,1.18236462990564
snowflake,1897,2026-08-12T18:59:21Z,103652131457,17.0,2026-08-12T11:58:56.042000-07:00,0.2833333333333333,1.182786885245918,1.186810730253414
snowflake,1898,2026-08-12T19:00:21Z,103706115852,81.0,2026-08-12T11:58:56.042000-07:00,1.35,1.2032786885246065,1.1873820168902967
snowflake,1899,2026-08-12T19:01:22Z,103760999986,64.0,2026-08-12T12:00:17.959000-07:00,1.0666666666666667,1.1808743169399052,1.1899900645803014
snowflake,1900,2026-08-12T19:02:22Z,103814984381,124.0,2026-08-12T12:00:17.959000-07:00,2.066666666666667,1.1983606557377184,1.1906110283159912
snowflake,1901,2026-08-12T19:03:22Z,103868968776,24.0,2026-08-12T12:02:57.403000-07:00,0.4,1.1948087431694119,1.1946845504223182
snowflake,1902,2026-08-12T19:04:22Z,103922953170,84.0,2026-08-12T12:02:57.403000-07:00,1.4,1.2106557377049314,1.1940884252360113
snowflake,1903,2026-08-12T19:05:22Z,103976937565,59.0,2026-08-12T12:04:22.131000-07:00,0.9833333333333333,1.1833333333333493,1.1951813214108453
snowflake,1904,2026-08-12T19:06:22Z,104030921960,117.0,2026-08-12T12:04:22.131000-07:00,1.95,1.1991803278688689,1.1942622950819812
snowflake,1905,2026-08-12T19:07:22Z,104084906354,33.0,2026-08-12T12:06:49.415000-07:00,0.55,1.1945355191256999,1.1972180824640086
snowflake,1906,2026-08-12T19:08:22Z,104138890749,86.0,2026-08-12T12:06:49.415000-07:00,1.4333333333333333,1.2081967213114948,1.1962742175857206
snowflake,1907,2026-08-12T19:09:22Z,104193012015,61.0,2026-08-12T12:08:16.360000-07:00,1.0166666666666666,1.1789617486338997,1.1973671137605957
snowflake,1908,2026-08-12T19:10:22Z,104247324901,126.0,2026-08-12T12:08:16.360000-07:00,2.1,1.1948087431694192,1.1965971187282776
snowflake,1909,2026-08-12T19:11:22Z,104301637787,22.0,2026-08-12T12:10:58.077000-07:00,0.36666666666666664,1.1931693989071182,1.1998509687034378
snowflake,1910,2026-08-12T19:12:23Z,104356855888,84.0,2026-08-12T12:10:58.077000-07:00,1.4,1.2133879781420875,1.1992548435171722
snowflake,1911,2026-08-12T19:13:23Z,104411168774,58.0,2026-08-12T12:12:21.218000-07:00,0.9666666666666667,1.187978142076518,1.1985096870343197
snowflake,1912,2026-08-12T19:14:23Z,104465481660,119.0,2026-08-12T12:12:21.218000-07:00,1.9833333333333334,1.206830601092913,1.1961003477397092
snowflake,1913,2026-08-12T19:15:23Z,104519794547,23.0,2026-08-12T12:14:58.232000-07:00,0.38333333333333336,1.202185792349744,1.1980625931445998
snowflake,1914,2026-08-12T19:16:23Z,104574107433,82.0,2026-08-12T12:14:58.232000-07:00,1.3666666666666667,1.2191256830601263,1.2001987083955017
snowflake,1915,2026-08-12T19:17:23Z,104628420319,59.0,2026-08-12T12:16:20.593000-07:00,0.9833333333333333,1.192622950819687,1.2021857923497754
snowflake,1916,2026-08-12T19:18:23Z,104682733205,121.0,2026-08-12T12:16:20.593000-07:00,2.0166666666666666,1.1863387978142246,1.201912568306067
snowflake,1917,2026-08-12T19:19:24Z,104738049186,24.0,2026-08-12T12:18:59.091000-07:00,0.4,1.1816939890710556,1.2056631892697955
snowflake,1918,2026-08-12T19:20:24Z,104792579584,82.0,2026-08-12T12:18:59.091000-07:00,1.3666666666666667,1.2005464480874506,1.2092896174864025
snowflake,1919,2026-08-12T19:21:24Z,104847109982,52.0,2026-08-12T12:20:21.567000-07:00,0.8666666666666667,1.2183060109289756,1.213537009438741
snowflake,1920,2026-08-12T19:22:24Z,104901640380,116.0,2026-08-12T12:20:21.567000-07:00,1.9333333333333333,1.2150273224043884,1.2163437655241813
snowflake,1921,2026-08-12T19:23:24Z,104956170778,15.0,2026-08-12T12:23:00.150000-07:00,0.25,1.2103825136612196,1.2233979135619186
snowflake,1922,2026-08-12T19:24:24Z,105010701176,83.0,2026-08-12T12:23:00.150000-07:00,1.3833333333333333,1.2292349726776146,1.2330352707402776
snowflake,1923,2026-08-12T19:25:24Z,105065231574,61.0,2026-08-12T12:24:22.039000-07:00,1.0166666666666666,1.2467213114754276,1.2492548435172302
snowflake,1924,2026-08-12T19:26:24Z,105119761972,121.0,2026-08-12T12:24:22.039000-07:00,2.0166666666666666,1.2489071038251525,1.2635370094387162
snowflake,1925,2026-08-12T19:27:25Z,105175201210,33.0,2026-08-12T12:26:46.370000-07:00,0.55,1.2500000000000149,1.278117237953335
snowflake,1926,2026-08-12T19:28:25Z,105229731608,98.0,2026-08-12T12:26:46.370000-07:00,1.6333333333333333,1.270218579234984,1.2949080973671698
snowflake,1927,2026-08-12T19:29:25Z,105284680357,72.0,2026-08-12T12:28:12.730000-07:00,1.2,1.2923497267759663,1.3123199205166947
snowflake,1928,2026-08-12T19:30:25Z,105340107220,128.0,2026-08-12T12:28:12.730000-07:00,2.1333333333333333,1.3601092896174942,1.3280178837556542
snowflake,1929,2026-08-12T19:31:25Z,105395534084,27.0,2026-08-12T12:30:57.796000-07:00,0.45,1.35765027322405,1.3444361649280423
snowflake,1930,2026-08-12T19:32:25Z,105450960947,80.0,2026-08-12T12:30:57.796000-07:00,1.3333333333333333,1.3786885245901699,1.362990561351291
snowflake,1931,2026-08-12T19:33:25Z,105506387811,55.0,2026-08-12T12:32:18.313000-07:00,0.9166666666666666,1.3997267759562897,1.3811972180825582
snowflake,1932,2026-08-12T19:34:25Z,105561814675,127.0,2026-08-12T12:32:18.313000-07:00,2.1166666666666667,1.4019125683060145,1.3974416294089347
snowflake,1933,2026-08-12T19:35:25Z,105617241538,24.0,2026-08-12T12:34:58.027000-07:00,0.4,1.4019125683060145,1.413810233482433
snowflake,1934,2026-08-12T19:36:25Z,105672668402,84.0,2026-08-12T12:34:58.027000-07:00,1.4,1.427322404371591,1.4260556383507967
snowflake,1935,2026-08-12T19:37:25Z,105728095265,58.0,2026-08-12T12:36:22.193000-07:00,0.9666666666666667,1.4530054644808872,1.4384252359663234
snowflake,1936,2026-08-12T19:38:25Z,105783522129,121.0,2026-08-12T12:36:22.193000-07:00,2.0166666666666666,1.4502732240437237,1.4489319423746978
snowflake,1937,2026-08-12T19:39:26Z,105839447178,19.0,2026-08-12T12:39:02.254000-07:00,0.31666666666666665,1.448907103825142,1.4597863884750124
snowflake,1938,2026-08-12T19:40:26Z,105893993498,82.0,2026-08-12T12:39:02.254000-07:00,1.3666666666666667,1.4724043715846984,1.472553402881369
snowflake,1939,2026-08-12T19:41:26Z,105948539818,72.0,2026-08-12T12:40:08.600000-07:00,1.2,1.4948087431694,1.4852459016394113
snowflake,1940,2026-08-12T19:42:26Z,106003086138,137.0,2026-08-12T12:40:08.600000-07:00,2.283333333333333,1.4937158469945375,1.4957526080477443
snowflake,1941,2026-08-12T19:43:26Z,106057632458,24.0,2026-08-12T12:42:59.099000-07:00,0.4,1.4942622950819686,1.5059115747640548
snowflake,1942,2026-08-12T19:44:26Z,106112178778,86.0,2026-08-12T12:42:59.099000-07:00,1.4333333333333333,1.5191256830601068,1.5183805265772372
snowflake,1943,2026-08-12T19:45:26Z,106166725098,63.0,2026-08-12T12:44:16.831000-07:00,1.05,1.5423497267759587,1.5308494783904611
snowflake,1944,2026-08-12T19:46:26Z,106221271418,122.0,2026-08-12T12:44:16.831000-07:00,2.033333333333333,1.5415300546448156,1.5413313462493698
snowflake,1945,2026-08-12T19:47:27Z,106276726843,23.0,2026-08-12T12:47:04.087000-07:00,0.38333333333333336,1.54289617486339,1.5518877297565516
snowflake,1946,2026-08-12T19:48:27Z,106331273163,0.0,2026-08-12T12:48:19.255000-07:00,0.0,1.5647540983606603,1.5648534525583024
snowflake,1947,2026-08-12T19:49:28Z,106386566084,64.0,2026-08-12T12:48:19.255000-07:00,1.0666666666666667,1.5874316939890736,1.5778688524589433
snowflake,1948,2026-08-12T19:50:28Z,106440797878,124.0,2026-08-12T12:48:19.255000-07:00,2.066666666666667,1.5860655737704918,1.5887729756581477
snowflake,1949,2026-08-12T19:51:28Z,106495029673,188.0,2026-08-12T12:48:19.255000-07:00,3.1333333333333333,1.5877049180327854,1.5997516145056248
snowflake,1950,2026-08-12T19:52:28Z,106549261467,0.0,2026-08-12T12:52:19.811000-07:00,0.0,1.61092896174863,1.6128166915051556
snowflake,1951,2026-08-12T19:53:28Z,106603493262,61.0,2026-08-12T12:52:19.811000-07:00,1.0166666666666666,1.6363387978141992,1.6254595131643492
snowflake,1952,2026-08-12T19:54:28Z,106657725057,122.0,2026-08-12T12:52:19.811000-07:00,2.033333333333333,1.6374316939890616,1.6359165424738338
snowflake,1953,2026-08-12T19:55:28Z,106711956851,188.0,2026-08-12T12:52:19.811000-07:00,3.1333333333333333,1.6390710382513551,1.646249379036197
snowflake,1954,2026-08-12T19:56:28Z,106766188646,24.0,2026-08-12T12:56:03.189000-07:00,0.4,1.6631147540983429,1.6585692995528338
snowflake,1955,2026-08-12T19:57:28Z,106820420440,84.0,2026-08-12T12:56:03.189000-07:00,1.4,1.6852459016393249,1.670615996025762
snowflake,1956,2026-08-12T19:58:28Z,106874652235,137.0,2026-08-12T12:56:03.189000-07:00,2.283333333333333,1.6819672131147303,1.6805265772478295
snowflake,1957,2026-08-12T19:59:29Z,106930362695,205.0,2026-08-12T12:56:03.189000-07:00,3.4166666666666665,1.6797814207650055,1.6902136115250372
snowflake,1958,2026-08-12T20:00:29Z,106985672245,265.0,2026-08-12T12:56:03.189000-07:00,4.416666666666667,1.7010928961748446,1.70161450571281
snowflake,1959,2026-08-12T20:01:29Z,107040981794,72.0,2026-08-12T13:00:06.827000-07:00,1.2,1.721584699453533,1.7131395926477457
snowflake,1960,2026-08-12T20:02:30Z,107097213169,141.0,2026-08-12T13:00:06.827000-07:00,2.35,1.7202185792349587,1.7225534028812035
snowflake,1961,2026-08-12T20:03:30Z,107152522719,201.0,2026-08-12T13:00:06.827000-07:00,3.35,1.7199453551912394,1.732389468454957
snowflake,1962,2026-08-12T20:04:30Z,107207832268,32.0,2026-08-12T13:03:56.695000-07:00,0.5333333333333333,1.742896174863372,1.7446845504221693
snowflake,1963,2026-08-12T20:05:30Z,107263141818,84.0,2026-08-12T13:03:56.695000-07:00,1.4,1.7628415300546294,1.75752608047684
snowflake,1964,2026-08-12T20:06:30Z,107318451367,152.0,2026-08-12T13:03:56.695000-07:00,2.533333333333333,1.7658469945355046,1.7686785891703287
snowflake,1965,2026-08-12T20:07:30Z,107373760916,211.0,2026-08-12T13:03:56.695000-07:00,3.5166666666666666,1.7666666666666477,1.77990561351209
snowflake,1966,2026-08-12T20:08:30Z,107429070466,23.0,2026-08-12T13:08:00.528000-07:00,0.38333333333333336,1.7934426229507987,1.793070044709318
snowflake,1967,2026-08-12T20:09:30Z,107484045619,81.0,2026-08-12T13:08:00.528000-07:00,1.35,1.8172131147540744,1.8063586686536672
snowflake,1968,2026-08-12T20:10:31Z,107539658868,147.0,2026-08-12T13:08:00.528000-07:00,2.45,1.8210382513661003,1.8174863387977316
snowflake,1969,2026-08-12T20:11:31Z,107594360424,208.0,2026-08-12T13:08:00.528000-07:00,3.466666666666667,1.8237704918032562,1.82886239443608
snowflake,1970,2026-08-12T20:12:31Z,107649061980,18.0,2026-08-12T13:12:01.656000-07:00,0.3,1.8450819672130954,1.8420765027321564
snowflake,1971,2026-08-12T20:13:31Z,107703763536,86.0,2026-08-12T13:12:01.656000-07:00,1.4333333333333333,1.8650273224043528,1.855365126676547
snowflake,1972,2026-08-12T20:14:31Z,107758465093,149.0,2026-08-12T13:12:01.656000-07:00,2.4833333333333334,1.8661202185792152,1.8683556880277634
snowflake,1973,2026-08-12T20:15:31Z,107813166649,204.0,2026-08-12T13:12:01.656000-07:00,3.4,1.8653005464480645,1.8812220566318585
snowflake,1974,2026-08-12T20:16:31Z,107867868205,20.0,2026-08-12T13:16:02.031000-07:00,0.3333333333333333,1.8879781420764778,1.8958519622453671
snowflake,1975,2026-08-12T20:17:31Z,107922569761,87.0,2026-08-12T13:16:02.031000-07:00,1.45,1.9112021857923225,1.9062841530054273
snowflake,1976,2026-08-12T20:18:31Z,107977271317,139.0,2026-08-12T13:16:02.031000-07:00,2.316666666666667,1.912841530054616,1.9169647292597718
snowflake,1977,2026-08-12T20:19:31Z,108032030900,204.0,2026-08-12T13:16:02.031000-07:00,3.4,1.9363387978141797,1.9281172379532605
snowflake,1978,2026-08-12T20:20:31Z,108086834856,19.0,2026-08-12T13:20:01.301000-07:00,0.31666666666666665,1.9587431693988813,1.941405861897651
snowflake,1979,2026-08-12T20:21:31Z,108141638812,88.0,2026-08-12T13:20:01.301000-07:00,1.4666666666666666,1.9819672131147257,1.9508445106805745
snowflake,1980,2026-08-12T20:22:32Z,108197356167,137.0,2026-08-12T13:20:01.301000-07:00,2.283333333333333,1.9385245901639045,1.9599850968703239
snowflake,1981,2026-08-12T20:23:32Z,108252160122,209.0,2026-08-12T13:20:01.301000-07:00,3.4833333333333334,1.9625683060108996,1.9687282662692434
snowflake,1982,2026-08-12T20:24:32Z,108306964078,19.0,2026-08-12T13:24:02.731000-07:00,0.31666666666666665,1.987704918032757,1.9791604570293038
snowflake,1983,2026-08-12T20:25:32Z,108361768034,89.0,2026-08-12T13:24:02.731000-07:00,1.4833333333333334,2.012295081967183,1.9829110779930323
snowflake,1984,2026-08-12T20:26:32Z,108416571990,149.0,2026-08-12T13:24:02.731000-07:00,2.4833333333333334,1.9691256830600814,1.980278191753562
snowflake,1985,2026-08-12T20:27:32Z,108471375946,202.0,2026-08-12T13:24:02.731000-07:00,3.3666666666666667,1.9885245901639075,1.9774714356681216
snowflake,1986,2026-08-12T20:28:32Z,108526179901,21.0,2026-08-12T13:28:01.890000-07:00,0.35,2.0073770491803025,1.9801788375558649
snowflake,1987,2026-08-12T20:29:32Z,108580822817,90.0,2026-08-12T13:28:01.890000-07:00,1.5,2.027595628415279,1.976552409339299
snowflake,1988,2026-08-12T20:30:32Z,108635350704,150.0,2026-08-12T13:28:01.890000-07:00,2.5,1.9775956284152836,1.9720566318927177
snowflake,1989,2026-08-12T20:31:32Z,108689878591,203.0,2026-08-12T13:28:01.890000-07:00,3.3833333333333333,1.9297814207650128,1.9670889220069512
snowflake,1990,2026-08-12T20:32:32Z,108744406478,22.0,2026-08-12T13:32:03.074000-07:00,0.36666666666666664,1.951092896174852,1.9675856929955196
snowflake,1991,2026-08-12T20:33:33Z,108799843163,79.0,2026-08-12T13:32:03.074000-07:00,1.3166666666666667,1.9683060109289534,1.9619473422752145
snowflake,1992,2026-08-12T20:34:33Z,108854371050,139.0,2026-08-12T13:32:03.074000-07:00,2.316666666666667,1.9226775956284075,1.9563835072031823
snowflake,1993,2026-08-12T20:35:33Z,108908898937,200.0,2026-08-12T13:32:03.074000-07:00,3.3333333333333335,1.9382513661202077,1.950645802285139
snowflake,1994,2026-08-12T20:36:33Z,108963426824,35.0,2026-08-12T13:35:56.219000-07:00,0.5833333333333334,1.9576502732240337,1.9512170889220215
snowflake,1995,2026-08-12T20:37:33Z,109017954711,87.0,2026-08-12T13:35:56.219000-07:00,1.45,1.9745901639344159,1.9518132141083284
snowflake,1996,2026-08-12T20:38:33Z,109072482598,156.0,2026-08-12T13:35:56.219000-07:00,2.6,1.9265027322404258,1.9525832091406052
snowflake,1997,2026-08-12T20:39:33Z,109126666609,208.0,2026-08-12T13:35:56.219000-07:00,3.466666666666667,1.9461748633879712,1.9533035270740335
snowflake,1998,2026-08-12T20:40:33Z,109180621370,33.0,2026-08-12T13:40:00.255000-07:00,0.55,1.9644808743169349,1.9599850968703239
snowflake,1999,2026-08-12T20:41:33Z,109234576131,92.0,2026-08-12T13:40:00.255000-07:00,1.5333333333333334,1.9838797814207612,1.9611028315946235
snowflake,2000,2026-08-12T20:42:33Z,109288530892,150.0,2026-08-12T13:40:00.255000-07:00,2.5,1.9363387978142022,1.9621957277694988
snowflake,2001,2026-08-12T20:43:34Z,109343384899,210.0,2026-08-12T13:40:00.255000-07:00,3.5,1.9595628415300468,1.9635370094386582
snowflake,2002,2026-08-12T20:44:34Z,109397339659,28.0,2026-08-12T13:44:02.841000-07:00,0.4666666666666667,1.9762295081967094,1.9711872826627024
snowflake,2003,2026-08-12T20:45:34Z,109451294420,83.0,2026-08-12T13:44:02.841000-07:00,1.3833333333333333,1.9961748633879668,1.973000496771006
snowflake,2004,2026-08-12T20:46:34Z,109505249181,146.0,2026-08-12T13:44:02.841000-07:00,2.433333333333333,1.9505464480874208,1.975211127670181
snowflake,2005,2026-08-12T20:47:34Z,109559203942,207.0,2026-08-12T13:44:02.841000-07:00,3.45,1.9696721311475276,1.9775707898659014
snowflake,2006,2026-08-12T20:48:34Z,109613158703,29.0,2026-08-12T13:47:59.955000-07:00,0.48333333333333334,1.989344262295073,1.986338797814245
snowflake,2007,2026-08-12T20:49:34Z,109667421668,86.0,2026-08-12T13:47:59.955000-07:00,1.4333333333333333,2.010655737704912,1.9881520119225486
snowflake,2008,2026-08-12T20:50:34Z,109721876219,146.0,2026-08-12T13:47:59.955000-07:00,2.433333333333333,1.9661202185792286,1.989865871833114
snowflake,2009,2026-08-12T20:51:34Z,109776330771,209.0,2026-08-12T13:47:59.955000-07:00,3.4833333333333334,1.988797814207642,1.9908842523597163
snowflake,2010,2026-08-12T20:52:34Z,109830785322,29.0,2026-08-12T13:52:01.336000-07:00,0.48333333333333334,2.0098360655737615,1.9972677595628738
snowflake,2011,2026-08-12T20:53:34Z,109885239874,88.0,2026-08-12T13:52:01.336000-07:00,1.4666666666666666,2.032786885245894,1.9976154992548965
snowflake,2012,2026-08-12T20:54:35Z,109940602001,153.0,2026-08-12T13:52:01.336000-07:00,2.55,1.979508196721304,1.996721311475457
snowflake,2013,2026-08-12T20:55:35Z,109995056553,212.0,2026-08-12T13:52:01.336000-07:00,3.533333333333333,1.9950819672131117,1.994187779433725
snowflake,2014,2026-08-12T20:56:35Z,110049511104,30.0,2026-08-12T13:55:57.505000-07:00,0.5,2.0073770491803247,1.9960009935420286
snowflake,2015,2026-08-12T20:57:35Z,110103965656,95.0,2026-08-12T13:55:57.505000-07:00,1.5833333333333333,2.020765027322408,1.9915797317437203
snowflake,2016,2026-08-12T20:58:35Z,110158420207,153.0,2026-08-12T13:55:57.505000-07:00,2.55,1.9734972677595608,1.9858420268256767
snowflake,2017,2026-08-12T20:59:35Z,110213790856,211.0,2026-08-12T13:55:57.505000-07:00,3.5166666666666666,1.9795081967213115,1.9786885245902008
snowflake,2018,2026-08-12T21:00:35Z,110269691878,22.0,2026-08-12T14:00:04.625000-07:00,0.36666666666666664,1.9827868852458987,1.9769746646796358
snowflake,2019,2026-08-12T21:01:35Z,110325592899,90.0,2026-08-12T14:00:04.625000-07:00,1.5,1.9860655737704858,1.9698460009935843
snowflake,2020,2026-08-12T21:02:35Z,110381493920,150.0,2026-08-12T14:00:04.625000-07:00,2.5,1.940163934426228,1.9619473422752558
snowflake,2021,2026-08-12T21:03:35Z,110437394942,204.0,2026-08-12T14:00:04.625000-07:00,3.4,1.9467213114754098,1.9532538499752263
snowflake,2022,2026-08-12T21:04:35Z,110493295963,34.0,2026-08-12T14:04:00.615000-07:00,0.5666666666666667,1.9540983606557423,1.9490561351217779
snowflake,2023,2026-08-12T21:05:35Z,110549196985,89.0,2026-08-12T14:04:00.615000-07:00,1.4833333333333334,1.960655737704924,1.9399155489320286
snowflake,2024,2026-08-12T21:06:36Z,110606029690,155.0,2026-08-12T14:04:00.615000-07:00,2.5833333333333335,1.9166666666666716,1.9308743169399762
snowflake,2025,2026-08-12T21:07:36Z,110661930711,214.0,2026-08-12T14:04:00.615000-07:00,3.566666666666667,1.92049180327869,1.9217585692996098
snowflake,2026,2026-08-12T21:08:36Z,110717831733,35.0,2026-08-12T14:07:57.480000-07:00,0.5833333333333334,1.925136612021859,1.9170392449081275
snowflake,2027,2026-08-12T21:09:36Z,110772609626,95.0,2026-08-12T14:07:57.480000-07:00,1.5833333333333333,1.9273224043715838,1.9073273720814954
snowflake,2028,2026-08-12T21:10:36Z,110826782758,148.0,2026-08-12T14:07:57.480000-07:00,2.466666666666667,1.8789617486338819,1.8970938897168708
snowflake,2029,2026-08-12T21:11:36Z,110880955891,218.0,2026-08-12T14:07:57.480000-07:00,3.6333333333333333,1.8833333333333313,1.886810730253356
snowflake,2030,2026-08-12T21:12:36Z,110935129023,34.0,2026-08-12T14:11:52.805000-07:00,0.5666666666666667,1.8857923497267755,1.8808991554893426
snowflake,2031,2026-08-12T21:13:36Z,110989302156,103.0,2026-08-12T14:11:52.805000-07:00,1.7166666666666666,1.8882513661202196,1.8705663189269794
snowflake,2032,2026-08-12T21:14:36Z,111043475288,147.0,2026-08-12T14:11:52.805000-07:00,2.45,1.8398907103825177,1.8600844510680294
snowflake,2033,2026-08-12T21:15:37Z,111098551306,222.0,2026-08-12T14:11:52.805000-07:00,3.7,1.8415300546448112,1.8498261301539392
snowflake,2034,2026-08-12T21:16:37Z,111152724438,37.0,2026-08-12T14:15:58.245000-07:00,0.6166666666666667,1.847540983606562,1.8444113263784525
snowflake,2035,2026-08-12T21:17:37Z,111206897571,90.0,2026-08-12T14:15:58.245000-07:00,1.5,1.8516393442622996,1.8343517138598393
snowflake,2036,2026-08-12T21:18:37Z,111261070703,159.0,2026-08-12T14:15:58.245000-07:00,2.65,1.806830601092904,1.8244908097366617
snowflake,2037,2026-08-12T21:19:37Z,111315786700,217.0,2026-08-12T14:15:58.245000-07:00,3.6166666666666667,1.8098360655737795,1.8147540983606054
snowflake,2038,2026-08-12T21:20:37Z,111370774128,41.0,2026-08-12T14:19:51.848000-07:00,0.6833333333333333,1.8144808743169483,1.8097615499254558
snowflake,2039,2026-08-12T21:21:37Z,111425761557,102.0,2026-08-12T14:19:51.848000-07:00,1.7,1.819398907103829,1.800223546944835
snowflake,2040,2026-08-12T21:22:37Z,111480748986,165.0,2026-08-12T14:19:51.848000-07:00,2.75,1.7726775956284209,1.790412319920506
snowflake,2041,2026-08-12T21:23:37Z,111535736414,221.0,2026-08-12T14:19:51.848000-07:00,3.683333333333333,1.7773224043715972,1.780327868852427
snowflake,2042,2026-08-12T21:24:37Z,111590723843,14.0,2026-08-12T14:24:19.326000-07:00,0.23333333333333334,1.7811475409836155,1.7730907435005643
snowflake,2043,2026-08-12T21:25:37Z,111645711271,76.0,2026-08-12T14:24:19.326000-07:00,1.2666666666666666,1.7849726775956338,1.7628231607545373
snowflake,2044,2026-08-12T21:26:38Z,111701615157,134.0,2026-08-12T14:24:19.326000-07:00,2.2333333333333334,1.736612021857932,1.7542183163809155
snowflake,2045,2026-08-12T21:27:38Z,111756602586,198.0,2026-08-12T14:24:19.326000-07:00,3.3,1.7396174863388072,1.7455169803284165
snowflake,2046,2026-08-12T21:28:38Z,111811590014,29.0,2026-08-12T14:27:56.553000-07:00,0.48333333333333334,1.7407103825136696,1.7398027833232432
snowflake,2047,2026-08-12T21:29:38Z,111866052764,43.0,2026-08-12T14:28:54.528000-07:00,0.7166666666666667,1.7272222222222278,1.7308726473886302
snowflake,2048,2026-08-12T21:30:38Z,111920272370,102.0,2026-08-12T14:28:54.528000-07:00,1.7,1.6968926553672337,1.723467539846917
snowflake,2049,2026-08-12T21:31:38Z,111974491977,162.0,2026-08-12T14:28:54.528000-07:00,2.7,1.7198275862068966,1.7160858041478273
snowflake,2050,2026-08-12T21:32:38Z,112028711583,35.0,2026-08-12T14:32:02.252000-07:00,0.5833333333333334,1.7236842105263157,1.7115627998297318
snowflake,2051,2026-08-12T21:33:38Z,112082931189,46.0,2026-08-12T14:32:51.596000-07:00,0.7666666666666667,1.7098214285714286,1.703415755617119
snowflake,2052,2026-08-12T21:34:38Z,112137150795,106.0,2026-08-12T14:32:51.596000-07:00,1.7666666666666666,1.6790909090909074,1.697108751146185
snowflake,2053,2026-08-12T21:35:38Z,112191370401,163.0,2026-08-12T14:32:51.596000-07:00,2.716666666666667,1.6996913580246908,1.6921912083714894
snowflake,2054,2026-08-12T21:36:38Z,112245590008,39.0,2026-08-12T14:35:55.538000-07:00,0.65,1.7037735849056639,1.6885279871765058
snowflake,2055,2026-08-12T21:37:39Z,112300713274,49.0,2026-08-12T14:36:50.072000-07:00,0.8166666666666667,1.686858974358975,1.6789562981660888
snowflake,2056,2026-08-12T21:38:39Z,112354932880,104.0,2026-08-12T14:36:50.072000-07:00,1.7333333333333334,1.6500000000000017,1.671104900898213
snowflake,2057,2026-08-12T21:39:39Z,112409721823,164.0,2026-08-12T14:36:50.072000-07:00,2.7333333333333334,1.6713333333333322,1.664353457896761
snowflake,2058,2026-08-12T21:40:39Z,112464754768,31.0,2026-08-12T14:39:59.990000-07:00,0.5166666666666667,1.673129251700676,1.658712962028982
snowflake,2059,2026-08-12T21:41:39Z,112519787713,49.0,2026-08-12T14:40:48.047000-07:00,0.8166666666666667,1.6565972222222172,1.646795988677902
snowflake,2060,2026-08-12T21:42:39Z,112574820658,101.0,2026-08-12T14:40:48.047000-07:00,1.6833333333333333,1.614539007092196,1.636568375620093
snowflake,2061,2026-08-12T21:43:39Z,112629853603,159.0,2026-08-12T14:40:48.047000-07:00,2.65,1.6373188405797088,1.628080826583755
snowflake,2062,2026-08-12T21:44:39Z,112684886548,33.0,2026-08-12T14:44:02.621000-07:00,0.55,1.6355555555555534,1.6205429477958702
snowflake,2063,2026-08-12T21:45:40Z,112740836709,34.0,2026-08-12T14:44:51.862000-07:00,0.5666666666666667,1.6170454545454567,1.6062880915410047
snowflake,2064,2026-08-12T21:46:40Z,112795869653,105.0,2026-08-12T14:44:51.862000-07:00,1.75,1.5686046511627971,1.5938584785474796
snowflake,2065,2026-08-12T21:47:40Z,112850902598,161.0,2026-08-12T14:44:51.862000-07:00,2.683333333333333,1.591269841269845,1.5825298203438003
snowflake,2066,2026-08-12T21:48:40Z,112905935543,43.0,2026-08-12T14:47:56.453000-07:00,0.7166666666666667,1.5934959349593534,1.5719488331670535
snowflake,2067,2026-08-12T21:49:40Z,112942728187,40.0,2026-08-12T14:48:54.783000-07:00,0.6666666666666666,1.567083333333335,1.5536211463611174
snowflake,2068,2026-08-12T21:50:40Z,112972309549,103.0,2026-08-12T14:48:54.783000-07:00,1.7166666666666666,1.514529914529913,1.5386686805262881
snowflake,2069,2026-08-12T21:51:40Z,113001890910,164.0,2026-08-12T14:48:54.783000-07:00,2.7333333333333334,1.5364035087719266,1.5259620689560258
snowflake,2070,2026-08-12T21:52:40Z,113031472272,38.0,2026-08-12T14:52:01.704000-07:00,0.6333333333333333,1.5319819819819835,1.5155112673351554
snowflake,2071,2026-08-12T21:53:40Z,113061053634,46.0,2026-08-12T14:52:53.085000-07:00,0.7666666666666667,1.4981481481481498,1.4975854655383707
snowflake,2072,2026-08-12T21:54:41Z,113091128018,102.0,2026-08-12T14:52:53.085000-07:00,1.7,1.4357142857142857,1.4879944185962812
snowflake,2073,2026-08-12T21:55:41Z,113120709380,167.0,2026-08-12T14:52:53.085000-07:00,2.783333333333333,1.4710784313725553,1.479206761403273
snowflake,2074,2026-08-12T21:56:41Z,113150290741,35.0,2026-08-12T14:55:57.641000-07:00,0.5833333333333334,1.4772727272727273,1.474791367262469
snowflake,2075,2026-08-12T21:57:41Z,113179872103,41.0,2026-08-12T14:56:53.871000-07:00,0.6833333333333333,1.45364583333334,1.4659896327611281
snowflake,2076,2026-08-12T21:58:41Z,113209453465,99.0,2026-08-12T14:56:53.871000-07:00,1.65,1.3940860215053774,1.4549909078909877
bigquery,1,2026-08-10T15:24:42.721Z,5232720,121.375363,2026-08-10T15:22:41.346Z,2.0229227166666663,3.1894281462365592,3.1637452487616446
bigquery,2,2026-08-10T15:25:42.721Z,65409000,181.375399,2026-08-10T15:22:41.346Z,3.0229233166666662,3.2019654968749998,3.1532009956566993
bigquery,3,2026-08-10T15:26:42.721Z,126108552,241.3754,2026-08-10T15:22:41.346Z,4.022923333333334,3.2440460378787876,3.1493342131404014
bigquery,4,2026-08-10T15:27:42.721Z,186677286,301.375403,2026-08-10T15:22:41.346Z,5.0229233833333335,3.1580012534313724,3.1525838569320186
bigquery,5,2026-08-10T15:28:42.721Z,246722748,361.375398,2026-08-10T15:22:41.346Z,6.0229233,3.1054447433333334,3.1497531361554834
bigquery,6,2026-08-10T15:29:42.721Z,306899028,421.375398,2026-08-10T15:22:41.346Z,7.0229233,3.083585814814815,3.1449584443985548
bigquery,7,2026-08-10T15:30:42.721Z,367598580,481.375401,2026-08-10T15:22:41.346Z,8.022923350000001,3.0899354770270273,3.1363608193077854
bigquery,8,2026-08-10T15:31:42.721Z,428559768,11.003402,2026-08-10T15:31:31.718Z,0.1833900333333333,3.1222667355263156,3.1285506072240112
bigquery,9,2026-08-10T15:32:42.721Z,488736048,71.003397,2026-08-10T15:31:31.718Z,1.18338995,3.1785810072649574,3.120820580467814
bigquery,10,2026-08-10T15:33:42.721Z,549173964,131.003399,2026-08-10T15:31:31.718Z,2.1833899833333335,3.1242766491666667,3.1162045056104164
bigquery,11,2026-08-10T15:34:42.721Z,609350244,191.0034,2026-08-10T15:31:31.718Z,3.18339,3.0970115268292684,3.1138389874747117
bigquery,12,2026-08-10T15:35:42.721Z,669788160,251.003399,2026-08-10T15:31:31.718Z,4.183389983333333,3.0948542702380952,3.1129751177526686
bigquery,13,2026-08-10T15:36:42.721Z,730226076,311.003401,2026-08-10T15:31:31.718Z,5.183390016666666,3.1160531639534885,3.1129626488183932
bigquery,14,2026-08-10T15:37:42.721Z,791187264,61.8654,2026-08-10T15:36:40.856Z,1.03109,3.159015743560606,3.113236592991325
bigquery,15,2026-08-10T15:38:42.721Z,841133654,121.865402,2026-08-10T15:36:40.856Z,2.0310900333333333,3.1072244300000005,3.10371901517936
bigquery,16,2026-08-10T15:39:42.721Z,901833206,181.8654,2026-08-10T15:36:40.856Z,3.03109,3.07942404384058,3.096431903133906
bigquery,17,2026-08-10T15:40:42.721Z,962140304,241.865397,2026-08-10T15:36:40.856Z,4.03108995,3.0740832478723408,3.0907694844361404
bigquery,18,2026-08-10T15:41:42.721Z,1022839856,301.865397,2026-08-10T15:36:40.856Z,5.031089949999999,3.0897983187500007,3.0861967165299897
bigquery,19,2026-08-10T15:42:42.721Z,1083146954,48.941399,2026-08-10T15:41:53.780Z,0.8156899833333333,3.125280121428572,3.0822407205645206
bigquery,20,2026-08-10T15:43:42.721Z,1143977324,108.9414,2026-08-10T15:41:53.780Z,1.81569,3.073887651333334,3.0701235580645205
bigquery,21,2026-08-10T15:44:42.721Z,1204153604,168.941398,2026-08-10T15:41:53.780Z,2.8156899666666666,3.044118416666667,3.060234577252832
bigquery,22,2026-08-10T15:45:42.721Z,1264722338,228.941406,2026-08-10T15:41:53.780Z,3.8156901,3.0347249211538463,3.0520747028792328
bigquery,23,2026-08-10T15:46:42.721Z,1325683526,288.941399,2026-08-10T15:41:53.780Z,4.815689983333333,3.0445538232704408,3.045197076322395
bigquery,24,2026-08-10T15:47:42.721Z,1386121442,43.268399,2026-08-10T15:46:59.453Z,0.7211399833333334,3.0725372083333338,3.039201352481229
bigquery,25,2026-08-10T15:48:42.721Z,1445905268,103.268399,2026-08-10T15:46:59.453Z,1.7211399833333334,3.025726956060607,3.0256109869725707
bigquery,26,2026-08-10T15:49:42.721Z,1506997274,163.268395,2026-08-10T15:46:59.453Z,2.7211399166666665,2.9984456410714295,3.013957200562237
bigquery,27,2026-08-10T15:50:42.721Z,1567042736,223.268404,2026-08-10T15:46:59.453Z,3.7211400666666665,2.989665425730995,3.005184622171775
bigquery,28,2026-08-10T15:51:42.721Z,1627884490,283.268397,2026-08-10T15:46:59.453Z,4.7211399499999995,2.9984293557471267,2.997440910983918
bigquery,29,2026-08-10T15:52:42.721Z,1688011493,35.437398,2026-08-10T15:52:07.284Z,0.5906233000000001,3.0238453564971755,2.9889785763050853
bigquery,30,2026-08-10T15:53:42.721Z,1749103499,95.437402,2026-08-10T15:52:07.284Z,1.5906233666666667,2.9757861008333335,2.978147210594703
bigquery,31,2026-08-10T15:54:42.721Z,1809803051,155.4374,2026-08-10T15:52:07.284Z,2.5906233333333333,2.945696000819672,2.9640634733820392
bigquery,32,2026-08-10T15:55:42.721Z,1870371785,215.437402,2026-08-10T15:52:07.284Z,3.5906233666666667,2.9476200543715847,2.944952006757066
bigquery,33,2026-08-10T15:56:42.721Z,1930024793,275.437401,2026-08-10T15:52:07.284Z,4.59062335,2.949544098087432,2.919130892470543
bigquery,34,2026-08-10T15:57:42.721Z,1991247617,19.111402,2026-08-10T15:57:23.610Z,0.31852336666666664,2.9514681418032787,2.8981788793300947
bigquery,35,2026-08-10T15:58:42.721Z,2041220093,79.111404,2026-08-10T15:57:23.610Z,1.3185234,2.953392185519126,2.8805821429967695
bigquery,36,2026-08-10T15:59:42.721Z,2101527191,139.111399,2026-08-10T15:57:23.610Z,2.3185233166666666,2.8708058467213116,2.865200877943367
bigquery,37,2026-08-10T16:00:42.721Z,2161703471,199.111399,2026-08-10T15:57:23.610Z,3.3185233166666666,2.7882195081967214,2.850401524689518
bigquery,38,2026-08-10T16:01:42.721Z,2222533841,259.111398,2026-08-10T15:57:23.610Z,4.3185233,2.7056331685792347,2.8332737056135127
bigquery,39,2026-08-10T16:02:42.721Z,2282871468,319.1114,2026-08-10T15:57:23.610Z,5.318523333333333,2.7679572112021855,2.8138174210134124
bigquery,40,2026-08-10T16:03:42.721Z,2343701838,60.384401,2026-08-10T16:02:42.337Z,1.0064066833333334,2.830281256830601,2.799711210879286
bigquery,41,2026-08-10T16:04:42.721Z,2404139754,120.384398,2026-08-10T16:02:42.337Z,2.0064066333333335,2.8065921852459015,2.7831883091902654
bigquery,42,2026-08-10T16:05:42.721Z,2464708488,180.384405,2026-08-10T16:02:42.337Z,3.0064067499999996,2.782903115027322,2.7719314779682094
bigquery,43,2026-08-10T16:06:42.721Z,2524361496,240.384402,2026-08-10T16:02:42.337Z,4.0064067,2.7592140445355184,2.7659407174863406
bigquery,44,2026-08-10T16:07:42.721Z,2586107592,300.3844,2026-08-10T16:02:42.337Z,5.006406666666667,2.735524967486338,2.765216027744661
bigquery,45,2026-08-10T16:08:42.721Z,2646022236,49.704398,2026-08-10T16:07:53.017Z,0.8284066333333333,2.7962998303278686,2.764356315871835
bigquery,46,2026-08-10T16:09:42.721Z,2706852606,109.7044,2026-08-10T16:07:53.017Z,1.8284066666666667,2.77164026693989,2.7556467279682098
bigquery,47,2026-08-10T16:10:42.721Z,2767290522,169.704398,2026-08-10T16:07:53.017Z,2.828406633333333,2.7469807032786875,2.746906638350724
bigquery,48,2026-08-10T16:11:42.721Z,2827205166,229.704399,2026-08-10T16:07:53.017Z,3.82840665,2.722321142896174,2.7381360466716376
bigquery,49,2026-08-10T16:12:42.721Z,2888427990,289.704399,2026-08-10T16:07:53.017Z,4.828406650000001,2.697661581420764,2.7293349533532076
bigquery,50,2026-08-10T16:13:42.721Z,2948813853,33.339397,2026-08-10T16:13:09.382Z,0.5556566166666667,2.7585003806010926,2.7280958328862437
bigquery,51,2026-08-10T16:14:42.721Z,3009644223,93.339401,2026-08-10T16:13:09.382Z,1.5556566833333332,2.7344757898907104,2.7189955599851006
bigquery,52,2026-08-10T16:15:42.721Z,3070212957,153.339399,2026-08-10T16:13:09.382Z,2.55565665,2.7104511994535514,2.709800900720322
bigquery,53,2026-08-10T16:16:42.721Z,3130781691,213.339404,2026-08-10T16:13:09.382Z,3.5556567333333335,2.6864266065573763,2.700511855067067
bigquery,54,2026-08-10T16:17:42.721Z,3191612061,273.339397,2026-08-10T16:13:09.382Z,4.555656616666667,2.662402018032786,2.691128422776953
bigquery,55,2026-08-10T16:18:42.721Z,3241976991,29.8784,2026-08-10T16:18:12.843Z,0.4979733333333333,2.721894642349726,2.689296679433684
bigquery,56,2026-08-10T16:19:42.721Z,3302284089,89.878399,2026-08-10T16:18:12.843Z,1.4979733166666667,2.6961968284153,2.6872440466964735
bigquery,57,2026-08-10T16:20:42.721Z,3362591187,149.878402,2026-08-10T16:18:12.843Z,2.4979733666666664,2.670499015027322,2.684960191977149
bigquery,58,2026-08-10T16:21:42.721Z,3423421557,209.878402,2026-08-10T16:18:12.843Z,3.4979733666666664,2.644801201092896,2.6824451151266775
bigquery,59,2026-08-10T16:22:42.721Z,3483728655,269.878404,2026-08-10T16:18:12.843Z,4.4979734,2.6191033877049175,2.679698816418282
bigquery,60,2026-08-10T16:23:42.721Z,3544166571,8.417401,2026-08-10T16:23:34.304Z,0.14029001666666666,2.6775124046448084,2.6845783744659726
bigquery,61,2026-08-10T16:24:42.721Z,3604604487,68.4174,2026-08-10T16:23:34.304Z,1.14029,2.7359214204918025,2.6894913152757094
bigquery,62,2026-08-10T16:25:42.721Z,3665434857,128.417399,2026-08-10T16:23:34.304Z,2.140289983333333,2.7093533879781413,2.6945043554644807
bigquery,63,2026-08-10T16:26:42.721Z,3725892262,188.417399,2026-08-10T16:23:34.304Z,3.140289983333333,2.68278535409836,2.6996174949577725
bigquery,64,2026-08-10T16:27:42.721Z,3786722632,248.4174,2026-08-10T16:23:34.304Z,4.140289999999999,2.656217320765026,2.7048307339542945
bigquery,65,2026-08-10T16:28:42.721Z,3846898912,308.417403,2026-08-10T16:23:34.304Z,5.14029005,2.716077156557376,2.710144072230499
bigquery,66,2026-08-10T16:29:42.721Z,3907729282,59.109398,2026-08-10T16:28:43.612Z,0.9851566333333334,2.775936991256829,2.7158281506954776
bigquery,67,2026-08-10T16:30:42.721Z,3969082924,119.109399,2026-08-10T16:28:43.612Z,1.98515665,2.7513402704918013,2.7143258159463475
bigquery,68,2026-08-10T16:31:42.721Z,4029520840,179.109398,2026-08-10T16:28:43.612Z,2.9851566333333333,2.7267435494535506,2.7133622539741653
bigquery,69,2026-08-10T16:32:42.721Z,4089697120,239.109398,2026-08-10T16:28:43.612Z,3.9851566333333333,2.7021468300546427,2.7129374650024802
bigquery,70,2026-08-10T16:33:42.721Z,4150658308,299.109404,2026-08-10T16:28:43.612Z,4.985156733333333,2.677550108743168,2.7130514489816164
bigquery,71,2026-08-10T16:34:42.721Z,4210572952,44.301397,2026-08-10T16:33:58.420Z,0.7383566166666667,2.740037267759561,2.7135639675111736
bigquery,72,2026-08-10T16:35:42.721Z,4261461154,104.301403,2026-08-10T16:33:58.420Z,1.7383567166666665,2.7193957382513645,2.706796381768501
bigquery,73,2026-08-10T16:36:42.721Z,4322422342,164.301401,2026-08-10T16:33:58.420Z,2.7383566833333335,2.6987542062841516,2.7004265605812194
bigquery,74,2026-08-10T16:37:42.721Z,4382471638,224.301379,2026-08-10T16:33:58.420Z,3.7383563166666667,2.6781126754098348,2.6944545039244887
bigquery,75,2026-08-10T16:38:42.721Z,4442909554,284.301398,2026-08-10T16:33:58.420Z,4.738356633333334,2.6574711445355184,2.6888802116244404
bigquery,76,2026-08-10T16:39:42.721Z,4503739924,31.6114,2026-08-10T16:39:11.110Z,0.5268566666666666,2.7217148603825128,2.69156173166915
bigquery,77,2026-08-10T16:40:42.721Z,4564308658,91.611397,2026-08-10T16:39:11.110Z,1.5268566166666666,2.7014935480874307,2.6945823474167905
bigquery,78,2026-08-10T16:41:42.721Z,4624746574,151.611406,2026-08-10T16:39:11.110Z,2.5268567666666666,2.6812722374316924,2.6968611598112258
bigquery,79,2026-08-10T16:42:42.721Z,4685315308,211.611402,2026-08-10T16:39:11.110Z,3.5268567,2.6610509262295063,2.6983981691256815
bigquery,80,2026-08-10T16:43:42.721Z,4745753224,271.611404,2026-08-10T16:39:11.110Z,4.526856733333333,2.640829614754096,2.6991933752359656
bigquery,81,2026-08-10T16:44:42.721Z,4806321958,21.011398,2026-08-10T16:44:21.710Z,0.3501899666666667,2.707046829234971,2.7067843091654242
bigquery,82,2026-08-10T16:45:42.721Z,4867152328,81.011397,2026-08-10T16:44:21.710Z,1.35018995,2.773264040983605,2.7134541302781914
bigquery,83,2026-08-10T16:46:42.721Z,4927721062,141.011396,2026-08-10T16:44:21.710Z,2.350189933333333,2.7444626745901624,2.718462848584202
bigquery,84,2026-08-10T16:47:42.721Z,4988028160,201.011405,2026-08-10T16:44:21.710Z,3.350190083333333,2.715661308743168,2.721810463835071
bigquery,85,2026-08-10T16:48:42.721Z,5049356983,261.011404,2026-08-10T16:44:21.710Z,4.350190066666667,2.686859942622949,2.7234969761053147
bigquery,86,2026-08-10T16:49:42.721Z,5109402445,9.2144,2026-08-10T16:49:33.507Z,0.1535733333333333,2.7409714177595608,2.731507010879281
bigquery,87,2026-08-10T16:50:42.721Z,5169709543,69.214398,2026-08-10T16:49:33.507Z,1.1535733000000001,2.7950828926229487,2.7379825200695453
bigquery,88,2026-08-10T16:51:42.721Z,5230670731,129.214405,2026-08-10T16:49:33.507Z,2.1535734166666667,2.7565894494535503,2.7429235037754593
bigquery,89,2026-08-10T16:52:42.721Z,5291108647,189.2144,2026-08-10T16:49:33.507Z,3.1535733333333336,2.718096005191255,2.746793722454049
bigquery,90,2026-08-10T16:53:42.721Z,5341473577,249.2144,2026-08-10T16:49:33.507Z,4.153573333333333,2.6796025612021843,2.749593176005959
bigquery,91,2026-08-10T16:54:42.721Z,5401780675,309.2144,2026-08-10T16:49:33.507Z,5.153573333333333,2.7289399972677577,2.751321864431193
bigquery,92,2026-08-10T16:55:42.721Z,5462741863,58.198401,2026-08-10T16:54:44.523Z,0.96997335,2.778277430327867,2.7521250189766495
bigquery,93,2026-08-10T16:56:42.721Z,5523048961,118.198398,2026-08-10T16:54:44.523Z,1.9699733,2.827614861748632,2.752002639592645
bigquery,94,2026-08-10T16:57:42.721Z,5583486877,178.198399,2026-08-10T16:54:44.523Z,2.9699733166666666,2.7870350800546433,2.7516697784401356
bigquery,95,2026-08-10T16:58:42.721Z,5643924793,238.198401,2026-08-10T16:54:44.523Z,3.9699733499999996,2.7464552978142063,2.751126435618478
bigquery,96,2026-08-10T16:59:42.721Z,5705168077,298.198399,2026-08-10T16:54:44.523Z,4.969973316666667,2.7058755153005447,2.7503726109289603
bigquery,97,2026-08-10T17:00:42.721Z,5765736811,49.087401,2026-08-10T16:59:53.634Z,0.81812335,2.7498061177595616,2.7492430531296566
bigquery,98,2026-08-10T17:01:42.721Z,5825520637,109.0874,2026-08-10T16:59:53.634Z,1.8181233333333333,2.7937367193989058,2.7477377624937898
bigquery,99,2026-08-10T17:02:42.721Z,5886220189,169.087405,2026-08-10T16:59:53.634Z,2.8181234166666664,2.7529279767759545,2.7381827450819647
bigquery,100,2026-08-10T17:03:42.721Z,5947312195,229.0874,2026-08-10T16:59:53.634Z,3.8181233333333333,2.712119234153003,2.728752293566815
bigquery,101,2026-08-10T17:04:42.721Z,6006834385,289.087403,2026-08-10T16:59:53.634Z,4.818123383333333,2.671310489617484,2.719446407501245
bigquery,102,2026-08-10T17:05:42.721Z,6068188027,44.8364,2026-08-10T17:04:57.885Z,0.7472733333333333,2.716514861475407,2.718031853079982
bigquery,103,2026-08-10T17:06:42.721Z,6128756761,104.836398,2026-08-10T17:04:57.885Z,1.7472733,2.7617192333333307,2.716825868082465
bigquery,104,2026-08-10T17:07:42.721Z,6189456313,164.836399,2026-08-10T17:04:57.885Z,2.7472733166666665,2.7225096702185763,2.7081636732737233
bigquery,105,2026-08-10T17:08:42.721Z,6249894229,224.836397,2026-08-10T17:04:57.885Z,3.7472732833333335,2.683300113387975,2.6997488454793896
bigquery,106,2026-08-10T17:09:42.721Z,6310332145,284.836398,2026-08-10T17:04:57.885Z,4.7472733,2.644090551092893,2.691581384674619
bigquery,107,2026-08-10T17:10:42.721Z,6370900879,35.694397,2026-08-10T17:10:07.027Z,0.5949066166666667,2.690315416666663,2.6913761446100364
bigquery,108,2026-08-10T17:11:42.721Z,6430883689,95.694401,2026-08-10T17:10:07.027Z,1.5949066833333334,2.7365402827868817,2.691313751117739
bigquery,109,2026-08-10T17:12:42.721Z,6491975695,155.6944,2026-08-10T17:10:07.027Z,2.5949066666666667,2.6984525765027283,2.691394204297074
bigquery,110,2026-08-10T17:13:42.721Z,6542471443,215.694399,2026-08-10T17:10:07.027Z,3.59490665,2.6603648710382477,2.6915671798807765
bigquery,111,2026-08-10T17:14:42.721Z,6603040177,275.694402,2026-08-10T17:10:07.027Z,4.5949067,2.6222771653005426,2.691832678415303
bigquery,112,2026-08-10T17:15:42.721Z,6664132183,335.694396,2026-08-10T17:10:07.027Z,5.5949066,2.6690528489070995,2.6999352857426713
bigquery,113,2026-08-10T17:16:42.721Z,6724308463,47.926398,2026-08-10T17:15:54.795Z,0.7987733,2.7158285330601055,2.708108235717837
bigquery,114,2026-08-10T17:17:42.721Z,6784353925,107.926405,2026-08-10T17:15:54.795Z,1.7987734166666667,2.7626042183060067,2.7163515279930475
bigquery,115,2026-08-10T17:18:42.721Z,6845576749,167.926397,2026-08-10T17:15:54.795Z,2.7987732833333334,2.7244124016393405,2.724646981321412
bigquery,116,2026-08-10T17:19:42.721Z,6906014665,227.926399,2026-08-10T17:15:54.795Z,3.798773316666667,2.6862205972677557,2.732994595603574
bigquery,117,2026-08-10T17:20:42.721Z,6966060127,287.926397,2026-08-10T17:15:54.795Z,4.798773283333333,2.733219231693985,2.741394370914055
bigquery,118,2026-08-10T17:21:42.721Z,7027152133,8.9924,2026-08-10T17:21:33.729Z,0.14987333333333333,2.7802178663934383,2.749856639841033
bigquery,119,2026-08-10T17:22:42.721Z,7087720867,68.992396,2026-08-10T17:21:33.729Z,1.1498732666666667,2.8272164978142036,2.7583814025086895
bigquery,120,2026-08-10T17:23:42.721Z,7148113158,128.992399,2026-08-10T17:21:33.729Z,2.1498733166666666,2.7897025631147505,2.7592285448335785
bigquery,121,2026-08-10T17:24:42.721Z,7208681892,188.992417,2026-08-10T17:21:33.729Z,3.1498736166666665,2.752188628142073,2.7601223848236445
bigquery,122,2026-08-10T17:25:42.721Z,7268988990,248.992405,2026-08-10T17:21:33.729Z,4.149873416666667,2.714674693715844,2.7610629214605016
bigquery,123,2026-08-10T17:26:42.721Z,7329557724,308.992398,2026-08-10T17:21:33.729Z,5.149873299999999,2.762137807103822,2.761983438102334
bigquery,124,2026-08-10T17:27:42.721Z,7390780548,39.895398,2026-08-10T17:27:02.826Z,0.6649233,2.809600922404369,2.762883934922999
bigquery,125,2026-08-10T17:28:42.721Z,7450695192,99.895397,2026-08-10T17:27:02.826Z,1.6649232833333334,2.771922783879779,2.7561098667411814
bigquery,126,2026-08-10T17:29:42.721Z,7501060122,159.895399,2026-08-10T17:27:02.826Z,2.6649233166666666,2.734244641530052,2.7493441939890677
bigquery,127,2026-08-10T17:30:42.721Z,7561367220,219.895403,2026-08-10T17:27:02.826Z,3.664923383333333,2.6965665002732218,2.742586916592152
bigquery,128,2026-08-10T17:31:42.721Z,7622459226,279.895401,2026-08-10T17:27:02.826Z,4.66492335,2.743344914754096,2.743395188176852
bigquery,129,2026-08-10T17:32:42.721Z,7683420414,29.7494,2026-08-10T17:32:12.972Z,0.49582333333333334,2.7901233314207627,2.7440438225782433
bigquery,130,2026-08-10T17:33:42.721Z,7743465876,89.7494,2026-08-10T17:32:12.972Z,1.4958233333333333,2.752701747814206,2.7368066397665207
bigquery,131,2026-08-10T17:34:42.721Z,7804165428,149.749399,2026-08-10T17:32:12.972Z,2.495823316666667,2.7152801628415286,2.7294237537506247
bigquery,132,2026-08-10T17:35:42.721Z,7864969150,209.749398,2026-08-10T17:32:12.972Z,3.4958233,2.6778585767759546,2.7218951649528136
bigquery,133,2026-08-10T17:36:42.721Z,7925276248,269.749404,2026-08-10T17:32:12.972Z,4.495823400000001,2.7235656811475395,2.721899512046703
bigquery,134,2026-08-10T17:37:42.721Z,7985844982,20.7944,2026-08-10T17:37:21.927Z,0.34657333333333334,2.769272785519124,2.7217589263537074
bigquery,135,2026-08-10T17:38:42.721Z,8046152080,80.794401,2026-08-10T17:37:21.927Z,1.34657335,2.7299919114754077,2.7214734079731784
bigquery,136,2026-08-10T17:39:42.721Z,8106197542,140.7944,2026-08-10T17:37:21.927Z,2.346573333333333,2.6907110377049155,2.7207375915300585
bigquery,137,2026-08-10T17:40:42.721Z,8167420366,200.794408,2026-08-10T17:37:21.927Z,3.346573466666667,2.651430164754096,2.7195514770491873
bigquery,138,2026-08-10T17:41:42.721Z,8227858282,260.794407,2026-08-10T17:37:21.927Z,4.346573449999999,2.6966143183060085,2.717915064704424
bigquery,139,2026-08-10T17:42:42.721Z,8288427016,12.210401,2026-08-10T17:42:30.511Z,0.20350668333333333,2.741798472131146,2.7169092534774006
bigquery,140,2026-08-10T17:43:42.721Z,8349126568,72.2104,2026-08-10T17:42:30.511Z,1.2035066666666667,2.7869826292349718,2.7165340431445615
bigquery,141,2026-08-10T17:44:42.721Z,8409956938,132.210401,2026-08-10T17:42:30.511Z,2.203506683333333,2.7446077669398896,2.7168474817685095
bigquery,142,2026-08-10T17:45:42.721Z,8470787308,192.2104,2026-08-10T17:42:30.511Z,3.2035066666666667,2.702232903551911,2.7178495690760087
bigquery,143,2026-08-10T17:46:42.721Z,8531094406,252.210401,2026-08-10T17:42:30.511Z,4.203506683333333,2.6598580409836052,2.7195403050422287
bigquery,144,2026-08-10T17:47:42.721Z,8591331927,312.210404,2026-08-10T17:42:30.511Z,5.203506733333333,2.712501757650272,2.722659679756589
bigquery,145,2026-08-10T17:48:42.721Z,8641435221,61.229356,2026-08-10T17:47:41.492Z,1.0204892666666667,2.765145471857922,2.7272076933929528
bigquery,146,2026-08-10T17:49:42.721Z,8701611501,121.2294,2026-08-10T17:47:41.492Z,2.02049,2.7334397363387963,2.7253521547441695
bigquery,147,2026-08-10T17:50:42.721Z,8761787781,181.229402,2026-08-10T17:47:41.492Z,3.020490033333333,2.7017339980874304,2.7250529742424305
bigquery,148,2026-08-10T17:51:42.721Z,8822487333,241.229401,2026-08-10T17:47:41.492Z,4.020490016666667,2.670028260382512,2.7263101522603135
bigquery,149,2026-08-10T17:52:42.721Z,8883710157,301.229396,2026-08-10T17:47:41.492Z,5.020489933333334,2.7309274401639323,2.729123688822659
bigquery,150,2026-08-10T17:53:42.721Z,8944278891,51.913399,2026-08-10T17:52:50.808Z,0.8652233166666666,2.791826622131146,2.733029823397921
bigquery,151,2026-08-10T17:54:42.721Z,9004585989,111.913398,2026-08-10T17:52:50.808Z,1.8652233,2.766571704098359,2.7303087849478462
bigquery,152,2026-08-10T17:55:42.721Z,9064762269,171.9134,2026-08-10T17:52:50.808Z,2.8652233333333332,2.741316781420763,2.728628705091906
bigquery,153,2026-08-10T17:56:42.721Z,9125200185,231.913396,2026-08-10T17:52:50.808Z,3.865223266666667,2.716061861748632,2.727989583879786
bigquery,154,2026-08-10T17:57:42.721Z,9186292191,291.9134,2026-08-10T17:52:50.808Z,4.865223333333334,2.690806943169397,2.7283914213611524
bigquery,155,2026-08-10T17:58:42.721Z,9246468471,40.296412,2026-08-10T17:58:02.425Z,0.6716068666666666,2.75546923797814,2.729119165548928
bigquery,156,2026-08-10T17:59:42.721Z,9307456917,100.2964,2026-08-10T17:58:02.425Z,1.6716066666666667,2.735214048907102,2.7222877441629354
bigquery,157,2026-08-10T18:00:42.721Z,9367764015,160.296402,2026-08-10T17:58:02.425Z,2.6716067,2.714958857923495,2.7157293480625886
bigquery,158,2026-08-10T18:01:42.721Z,9428201931,220.296398,2026-08-10T17:58:02.425Z,3.6716066333333335,2.694703664754096,2.709443977694977
bigquery,159,2026-08-10T18:02:42.721Z,9488509029,280.296405,2026-08-10T17:58:02.425Z,4.67160675,2.6744484726775934,2.7034316326626864
bigquery,160,2026-08-10T18:03:42.721Z,9549470217,32.124409,2026-08-10T18:03:10.597Z,0.5354068166666667,2.7389326262295057,2.7053663070789806
bigquery,161,2026-08-10T18:04:42.721Z,9609384861,92.124399,2026-08-10T18:03:10.597Z,1.5354066499999999,2.7166809868852435,2.7070737087183208
bigquery,162,2026-08-10T18:05:42.721Z,9670084413,152.124398,2026-08-10T18:03:10.597Z,2.5354066333333334,2.6944293469945344,2.7085116616244345
bigquery,163,2026-08-10T18:06:42.721Z,9731176419,212.124402,2026-08-10T18:03:10.597Z,3.5354067000000002,2.672177707377049,2.7096801656731175
bigquery,164,2026-08-10T18:07:42.721Z,9781410531,272.1244,2026-08-10T18:03:10.597Z,4.535406666666666,2.649926066393442,2.71057922106308
bigquery,165,2026-08-10T18:08:42.721Z,9841979265,21.0684,2026-08-10T18:08:21.653Z,0.35114,2.712088361748634,2.718873606880271
bigquery,166,2026-08-10T18:09:42.721Z,9902940453,81.068399,2026-08-10T18:08:21.653Z,1.3511399833333333,2.7742506560109295,2.7268597461996986
bigquery,167,2026-08-10T18:10:42.721Z,9962593461,141.068403,2026-08-10T18:08:21.653Z,2.3511400499999997,2.7510315308743176,2.73485929838549
bigquery,168,2026-08-10T18:11:42.721Z,10024077921,201.068399,2026-08-10T18:08:21.653Z,3.3511399833333333,2.7278124024590173,2.742872263412814
bigquery,169,2026-08-10T18:12:42.721Z,10084449796,261.068404,2026-08-10T18:08:21.653Z,4.351140066666667,2.704593274043716,2.750898641231991
bigquery,170,2026-08-10T18:13:42.721Z,10143971986,321.068415,2026-08-10T18:08:21.653Z,5.35114025,2.765686716666668,2.7589384319920525
bigquery,171,2026-08-10T18:14:42.721Z,10205456446,60.602403,2026-08-10T18:13:42.119Z,1.01004005,2.826780158743171,2.767041959463489
bigquery,172,2026-08-10T18:15:42.721Z,10265240272,120.602402,2026-08-10T18:13:42.119Z,2.0100400333333335,2.8046760609289634,2.7674588003974194
bigquery,173,2026-08-10T18:16:42.721Z,10326463096,180.602399,2026-08-10T18:13:42.119Z,3.0100399833333333,2.782571962295084,2.767950902086439
bigquery,174,2026-08-10T18:17:42.721Z,10386377740,240.602401,2026-08-10T18:13:42.119Z,4.010040016666666,2.7604678633879804,2.7685182648286184
bigquery,175,2026-08-10T18:18:42.721Z,10447338928,300.602399,2026-08-10T18:13:42.119Z,5.010039983333333,2.738363764754101,2.769160888897173
bigquery,176,2026-08-10T18:19:42.721Z,10507776844,51.883405,2026-08-10T18:18:50.838Z,0.8647234166666667,2.8012271639344295,2.7698969556135156
bigquery,177,2026-08-10T18:20:42.721Z,10568083942,111.883397,2026-08-10T18:18:50.838Z,1.8647232833333334,2.7788359062841557,2.7629846867362176
bigquery,178,2026-08-10T18:21:42.721Z,10629306766,171.883397,2026-08-10T18:18:50.838Z,2.8647232833333334,2.756444649453555,2.7559874948335876
bigquery,179,2026-08-10T18:22:42.721Z,10689090592,231.883398,2026-08-10T18:18:50.838Z,3.8647233,2.734053392622953,2.7489053800298135
bigquery,180,2026-08-10T18:23:42.721Z,10749659326,291.883402,2026-08-10T18:18:50.838Z,4.8647233666666665,2.711662138797817,2.7417383422503785
bigquery,181,2026-08-10T18:24:42.721Z,10810687044,36.559399,2026-08-10T18:24:06.162Z,0.6093233166666666,2.7737834505464507,2.7422264954793873
bigquery,182,2026-08-10T18:25:42.721Z,10861313610,96.5594,2026-08-10T18:24:06.162Z,1.6093233333333332,2.7507452010928986,2.7347762474167947
bigquery,183,2026-08-10T18:26:42.721Z,10922274798,156.559399,2026-08-10T18:24:06.162Z,2.609323316666667,2.727706950000002,2.7271380213114806
bigquery,184,2026-08-10T18:27:42.721Z,10982581896,216.559396,2026-08-10T18:24:06.162Z,3.6093232666666664,2.7046686994535554,2.7193118170392476
bigquery,185,2026-08-10T18:28:42.721Z,11043281448,276.559397,2026-08-10T18:24:06.162Z,4.6093232833333335,2.6816304478142112,2.711297634525589
bigquery,186,2026-08-10T18:29:42.721Z,11103457728,25.761405,2026-08-10T18:29:16.960Z,0.42935675,2.7437334502732282,2.710750018802788
bigquery,187,2026-08-10T18:30:42.721Z,11164026462,85.7614,2026-08-10T18:29:16.960Z,1.4293566666666666,2.719274435245905,2.7099860096622024
bigquery,188,2026-08-10T18:31:42.721Z,11224726014,145.761396,2026-08-10T18:29:16.960Z,2.4293565999999998,2.6948154191256863,2.7090449760308077
bigquery,189,2026-08-10T18:32:42.721Z,11285687202,205.761398,2026-08-10T18:29:16.960Z,3.4293566333333336,2.6703564024590194,2.707926917858923
bigquery,190,2026-08-10T18:33:42.721Z,11345863482,265.761402,2026-08-10T18:29:16.960Z,4.4293567,2.6458973849726797,2.706631835196225
bigquery,191,2026-08-10T18:34:42.721Z,11406693852,8.3084,2026-08-10T18:34:34.413Z,0.13847333333333334,2.705638365846996,2.712885908097364
bigquery,192,2026-08-10T18:35:42.721Z,11467524222,68.308397,2026-08-10T18:34:34.413Z,1.1384732833333333,2.7653793500000003,2.7189490224292077
bigquery,193,2026-08-10T18:36:42.721Z,11527831320,128.308397,2026-08-10T18:34:34.413Z,2.1384732833333335,2.7403938311475415,2.7250100252607994
bigquery,194,2026-08-10T18:37:42.721Z,11588447849,188.308398,2026-08-10T18:34:34.413Z,3.1384733000000002,2.71540831010929,2.7310689167660174
bigquery,195,2026-08-10T18:38:42.721Z,11648885765,248.308401,2026-08-10T18:34:34.413Z,4.13847335,2.690422790163934,2.7371256970442137
bigquery,196,2026-08-10T18:39:42.721Z,11709454499,308.308398,2026-08-10T18:34:34.413Z,5.1384733,2.7504252497267765,2.743180365673125
bigquery,197,2026-08-10T18:40:42.721Z,11769499961,55.812402,2026-08-10T18:39:46.909Z,0.9302066999999999,2.8104277079234987,2.7495382883010446
bigquery,198,2026-08-10T18:41:42.721Z,11830591967,115.812398,2026-08-10T18:39:46.909Z,1.9302066333333334,2.785945466393444,2.748511188524596
bigquery,199,2026-08-10T18:42:42.721Z,11881218533,175.812397,2026-08-10T18:39:46.909Z,2.9302066166666667,2.761463225683061,2.7478014757575795
bigquery,200,2026-08-10T18:43:42.721Z,11941002359,235.812401,2026-08-10T18:39:46.909Z,3.930206683333333,2.7369809855191263,2.747409150173873
bigquery,201,2026-08-10T18:44:42.721Z,12001571093,295.812398,2026-08-10T18:39:46.909Z,4.9302066333333325,2.7124987398907106,2.747334211698961
bigquery,202,2026-08-10T18:45:42.721Z,12062401463,51.309403,2026-08-10T18:44:51.412Z,0.8551567166666667,2.7755755147540992,2.7475186122702553
bigquery,203,2026-08-10T18:46:42.721Z,12123101015,111.309399,2026-08-10T18:44:51.412Z,1.85515665,2.7540812524590175,2.7397624020119338
bigquery,204,2026-08-10T18:47:42.721Z,12182884841,171.309399,2026-08-10T18:44:51.412Z,2.85515665,2.7325869907103844,2.731746008072543
bigquery,205,2026-08-10T18:48:42.721Z,12243846029,231.309403,2026-08-10T18:44:51.412Z,3.855156716666667,2.7110927286885262,2.723469430452073
bigquery,206,2026-08-10T18:49:42.721Z,12304545581,291.309397,2026-08-10T18:44:51.412Z,4.855156616666666,2.6895984669398914,2.7149326689269837
bigquery,207,2026-08-10T18:50:42.721Z,12365069716,39.277397,2026-08-10T18:50:03.444Z,0.6546232833333333,2.752453656010929,2.713967915027328
bigquery,208,2026-08-10T18:51:42.721Z,12425638450,99.277402,2026-08-10T18:50:03.444Z,1.6546233666666665,2.725109395081968,2.7051192565325395
bigquery,209,2026-08-10T18:52:42.721Z,12486468820,159.277401,2026-08-10T18:50:03.444Z,2.65462335,2.6977651330601105,2.696074969746643
bigquery,210,2026-08-10T18:53:42.721Z,12546775918,219.277407,2026-08-10T18:50:03.444Z,3.6546234500000003,2.670420871857925,2.6868350546448028
bigquery,211,2026-08-10T18:54:42.721Z,12607475470,279.2774,2026-08-10T18:50:03.444Z,4.654623333333333,2.6430766087431703,2.677399511127667
bigquery,212,2026-08-10T18:55:42.721Z,12668305840,27.593405,2026-08-10T18:55:15.128Z,0.45989008333333337,2.7018864469945365,2.6754881106308983
bigquery,213,2026-08-10T18:56:42.721Z,12728874574,87.593401,2026-08-10T18:55:15.128Z,1.4598900166666666,2.678240271311477,2.673432721336305
bigquery,214,2026-08-10T18:57:42.721Z,12788920036,147.593399,2026-08-10T18:55:15.128Z,2.4598899833333334,2.65459409781421,2.6713869692995433
bigquery,215,2026-08-10T18:58:42.721Z,12849619588,207.593399,2026-08-10T18:55:15.128Z,3.4598899833333334,2.630947924590166,2.669350854669636
bigquery,216,2026-08-10T18:59:42.721Z,12910057504,267.593401,2026-08-10T18:55:15.128Z,4.459890016666666,2.6073017500000035,2.667324377421747
bigquery,217,2026-08-10T19:00:42.721Z,12970887874,10.776405,2026-08-10T19:00:31.945Z,0.17960675,2.668573061475412,2.673192609662186
bigquery,218,2026-08-10T19:01:42.721Z,13020598714,70.776403,2026-08-10T19:00:31.945Z,1.1796067166666666,2.729844373770494,2.679123360432176
bigquery,219,2026-08-10T19:02:42.721Z,13082049830,130.776397,2026-08-10T19:00:31.945Z,2.1796066166666668,2.7026061226775973,2.6850615380526506
bigquery,220,2026-08-10T19:03:42.721Z,13142880200,190.776401,2026-08-10T19:00:31.945Z,3.179606683333333,2.6753678721311487,2.691007142250369
bigquery,221,2026-08-10T19:04:42.721Z,13203448934,250.776399,2026-08-10T19:00:31.945Z,4.17960665,2.6481296221311497,2.696960173149529
bigquery,222,2026-08-10T19:05:42.721Z,13263886850,310.776401,2026-08-10T19:00:31.945Z,5.179606683333334,2.70762716338798,2.702920630799802
bigquery,223,2026-08-10T19:06:42.721Z,13324063130,60.677399,2026-08-10T19:05:42.044Z,1.0112899833333333,2.7671247054644814,2.7089306909587716
bigquery,224,2026-08-10T19:07:42.721Z,13384631864,120.677395,2026-08-10T19:05:42.044Z,2.0112899166666667,2.7435602251366116,2.7070132798062643
bigquery,225,2026-08-10T19:08:42.721Z,13445462234,180.677397,2026-08-10T19:05:42.044Z,3.01128995,2.7199957439890707,2.7052147212617994
bigquery,226,2026-08-10T19:09:42.721Z,13505769332,240.677402,2026-08-10T19:05:42.044Z,4.011290033333333,2.6964312644808732,2.7035350151515187
bigquery,227,2026-08-10T19:10:42.721Z,13566730520,300.677396,2026-08-10T19:05:42.044Z,5.011289933333333,2.672866784153005,2.701974161400895
bigquery,228,2026-08-10T19:11:42.721Z,13627037618,51.463399,2026-08-10T19:10:51.258Z,0.8577233166666667,2.7346837232240437,2.7002105007699955
bigquery,229,2026-08-10T19:12:42.721Z,13687737170,111.463398,2026-08-10T19:10:51.258Z,1.8577233,2.7087528510928958,2.690738618479889
bigquery,230,2026-08-10T19:13:42.721Z,13748022323,171.463405,2026-08-10T19:10:51.258Z,2.8577234166666665,2.682821978688525,2.681109607625434
bigquery,231,2026-08-10T19:14:42.721Z,13808983511,231.463396,2026-08-10T19:10:51.258Z,3.8577232666666665,2.6568911049180315,2.6713234681072993
bigquery,232,2026-08-10T19:15:42.721Z,13869290609,291.463399,2026-08-10T19:10:51.258Z,4.857723316666666,2.630960230874315,2.661380199975156
bigquery,233,2026-08-10T19:16:42.721Z,13929728525,41.933402,2026-08-10T19:16:00.788Z,0.6988900333333333,2.688226896448085,2.6590302253849916
bigquery,234,2026-08-10T19:17:42.721Z,13980616727,101.933401,2026-08-10T19:16:00.788Z,1.6988900166666667,2.662934000273222,2.6565115970442075
bigquery,235,2026-08-10T19:18:42.721Z,14041447097,161.933402,2026-08-10T19:16:00.788Z,2.6988900333333334,2.637641105737702,2.654001811003478
bigquery,236,2026-08-10T19:19:42.721Z,14101623377,221.933401,2026-08-10T19:16:00.788Z,3.6988900166666667,2.6123482092896135,2.651500867113761
bigquery,237,2026-08-10T19:20:42.721Z,14161799657,281.933397,2026-08-10T19:16:00.788Z,4.69888995,2.587055315027319,2.6490087658221557
bigquery,238,2026-08-10T19:21:42.721Z,14222630027,11.803402,2026-08-10T19:21:30.918Z,0.19672336666666668,2.6470170636611994,2.6542672853452545
bigquery,239,2026-08-10T19:22:42.721Z,14283591215,71.803398,2026-08-10T19:21:30.918Z,1.1967233,2.7069788114754076,2.6597130131147484
bigquery,240,2026-08-10T19:23:42.721Z,14344290767,131.803402,2026-08-10T19:21:30.918Z,2.196723366666667,2.6811452046448063,2.6650863365623327
bigquery,241,2026-08-10T19:24:42.721Z,14404336229,191.803399,2026-08-10T19:21:30.918Z,3.196723316666667,2.655311595901637,2.670387255489314
bigquery,242,2026-08-10T19:25:42.721Z,14464718880,251.803407,2026-08-10T19:21:30.918Z,4.1967234499999995,2.6294779907103796,2.675615770591156
bigquery,243,2026-08-10T19:26:42.721Z,14525025978,10.014397,2026-08-10T19:26:32.707Z,0.16690661666666667,2.6888039456284116,2.688641155688029
bigquery,244,2026-08-10T19:27:42.721Z,14586379620,70.014404,2026-08-10T19:26:32.707Z,1.1669067333333334,2.7481299019125642,2.701712988897167
bigquery,245,2026-08-10T19:28:42.721Z,14647079172,130.014402,2026-08-10T19:26:32.707Z,2.1669066999999997,2.722040558196717,2.7148312704669646
bigquery,246,2026-08-10T19:29:42.721Z,14707124634,190.014398,2026-08-10T19:26:32.707Z,3.1669066333333333,2.6959512139344217,2.7269775201937345
bigquery,247,2026-08-10T19:30:42.721Z,14767562550,250.014405,2026-08-10T19:26:32.707Z,4.16690675,2.6698618754098304,2.7381517383258824
bigquery,248,2026-08-10T19:31:42.721Z,14828916192,310.014403,2026-08-10T19:26:32.707Z,5.166906716666667,2.730334551092891,2.74835392446597
bigquery,249,2026-08-10T19:32:42.721Z,14889223290,46.069397,2026-08-10T19:31:56.652Z,0.7678232833333334,2.790807228961745,2.7575447098360697
bigquery,250,2026-08-10T19:33:42.721Z,14949007116,106.069401,2026-08-10T19:31:56.652Z,1.76782335,2.8512799087431655,2.7657240944361714
bigquery,251,2026-08-10T19:34:42.721Z,15010229940,166.069407,2026-08-10T19:31:56.652Z,2.7678234500000003,2.8147539516393403,2.7723176867610637
bigquery,252,2026-08-10T19:35:42.721Z,15060071598,226.069401,2026-08-10T19:31:56.652Z,3.76782335,2.778227995355188,2.777325486661704
bigquery,253,2026-08-10T19:36:42.721Z,15121131896,286.069401,2026-08-10T19:31:56.652Z,4.7678233500000005,2.7417020382513626,2.7807474938897174
bigquery,254,2026-08-10T19:37:42.721Z,15181700630,42.062399,2026-08-10T19:37:00.659Z,0.7010399833333333,2.7899025846994507,2.7823948614754026
bigquery,255,2026-08-10T19:38:42.721Z,15241615274,102.062397,2026-08-10T19:37:00.659Z,1.70103995,2.8381031325136576,2.7822675891952198
bigquery,256,2026-08-10T19:39:42.721Z,15302707280,162.062406,2026-08-10T19:37:00.659Z,2.7010401,2.794570073770488,2.7803656766765865
bigquery,257,2026-08-10T19:40:42.721Z,15362883560,222.0624,2026-08-10T19:37:00.659Z,3.70104,2.751037012841525,2.7773437444858264
bigquery,258,2026-08-10T19:41:42.721Z,15423321476,282.062399,2026-08-10T19:37:00.659Z,4.701039983333334,2.7075039549180264,2.7732017924490617
bigquery,259,2026-08-10T19:42:42.721Z,15483890210,20.905406,2026-08-10T19:42:21.816Z,0.3484234333333333,2.7484555945355122,2.7756280967958094
bigquery,260,2026-08-10T19:43:42.721Z,15544589762,80.905404,2026-08-10T19:42:21.816Z,1.3484234000000002,2.7894072338797753,2.7769202481122504
bigquery,261,2026-08-10T19:44:42.721Z,15605550950,140.905403,2026-08-10T19:42:21.816Z,2.3484233833333334,2.8303588710382446,2.777078246224526
bigquery,262,2026-08-10T19:45:42.721Z,15665334776,200.905399,2026-08-10T19:42:21.816Z,3.3484233166666666,2.781512697540978,2.7768934970193557
bigquery,263,2026-08-10T19:46:42.721Z,15726426782,260.905399,2026-08-10T19:42:21.816Z,4.348423316666667,2.732666522950814,2.7763660007203
bigquery,264,2026-08-10T19:47:42.721Z,15786995516,18.737399,2026-08-10T19:47:23.984Z,0.31228998333333335,2.7683913860655687,2.7836957073521944
bigquery,265,2026-08-10T19:48:42.721Z,15847870192,78.737405,2026-08-10T19:47:23.984Z,1.3122900833333333,2.8041162491803218,2.7912021899403707
bigquery,266,2026-08-10T19:49:42.721Z,15908700562,138.737402,2026-08-10T19:47:23.984Z,2.3122900333333334,2.839841111748627,2.7988854483358057
bigquery,267,2026-08-10T19:50:42.721Z,15969007660,198.737404,2026-08-10T19:47:23.984Z,3.312290066666667,2.792537832513655,2.7990008231743517
bigquery,268,2026-08-10T19:51:42.721Z,16029053122,258.737397,2026-08-10T19:47:23.984Z,4.312289949999999,2.745234553551908,2.7997117515896495
bigquery,269,2026-08-10T19:52:42.721Z,16089752674,318.737399,2026-08-10T19:47:23.984Z,5.312289983333333,2.788130727868848,2.8085142348981496
bigquery,270,2026-08-10T19:53:42.721Z,16150583044,64.7264,2026-08-10T19:52:37.995Z,1.0787733333333334,2.831026903005459,2.8177199967958173
bigquery,271,2026-08-10T19:54:42.721Z,16200947974,124.726399,2026-08-10T19:52:37.995Z,2.0787733166666666,2.8739230762295036,2.827329037257817
bigquery,272,2026-08-10T19:55:42.721Z,16261255072,184.726405,2026-08-10T19:52:37.995Z,3.0787734166666665,2.8316279942622917,2.8294138354445977
bigquery,273,2026-08-10T19:56:42.721Z,16321562170,244.7264,2026-08-10T19:52:37.995Z,4.078773333333333,2.789332910109286,2.8315224040238305
bigquery,274,2026-08-10T19:57:42.721Z,16382392540,304.726401,2026-08-10T19:52:37.995Z,5.0787733500000005,2.829493839344259,2.833654743094867
bigquery,275,2026-08-10T19:58:42.721Z,16442961274,52.106401,2026-08-10T19:57:50.615Z,0.8684400166666666,2.8696547669398873,2.8356572275707776
bigquery,276,2026-08-10T19:59:42.721Z,16504172491,112.106399,2026-08-10T19:57:50.615Z,1.8684399833333332,2.9098156942622913,2.837529856110274
bigquery,277,2026-08-10T20:00:42.721Z,16564610407,172.106422,2026-08-10T19:57:50.615Z,2.868440366666667,2.8627738918032737,2.831558793666163
bigquery,278,2026-08-10T20:01:42.721Z,16625309959,232.106398,2026-08-10T19:57:50.615Z,3.8684399666666667,2.8157320868852413,2.8254886999254825
bigquery,279,2026-08-10T20:02:42.721Z,16685486239,292.106404,2026-08-10T19:57:50.615Z,4.8684400666666665,2.76869028333333,2.8193195750372566
bigquery,280,2026-08-10T20:03:42.721Z,16745924155,352.106405,2026-08-10T19:57:50.615Z,5.868440083333334,2.8101580571038225,2.8131065106557362
bigquery,281,2026-08-10T20:04:42.721Z,16807146979,57.091398,2026-08-10T20:03:45.630Z,0.9515233,2.8516258169398894,2.8068495070789883
bigquery,282,2026-08-10T20:05:42.721Z,16867323259,117.091399,2026-08-10T20:03:45.630Z,1.9515233166666666,2.808241389344261,2.8005485641082983
bigquery,283,2026-08-10T20:06:42.721Z,16927761175,177.091398,2026-08-10T20:03:45.630Z,2.9515233,2.7648569631147537,2.794401272305022
bigquery,284,2026-08-10T20:07:42.721Z,16987806637,237.091399,2026-08-10T20:03:45.630Z,3.9515233166666666,2.721472536338798,2.7884076321659306
bigquery,285,2026-08-10T20:08:42.721Z,17049291097,297.0914,2026-08-10T20:03:45.630Z,4.951523333333333,2.761150131147541,2.790544717213131
bigquery,286,2026-08-10T20:09:42.721Z,17109598195,21.346402,2026-08-10T20:09:21.375Z,0.3557733666666667,2.8008277275956277,2.7927662022851583
bigquery,287,2026-08-10T20:10:42.721Z,17170297747,81.346399,2026-08-10T20:09:21.375Z,1.3557733166666668,2.840505321584698,2.7950720887481464
bigquery,288,2026-08-10T20:11:42.721Z,17230660855,141.346404,2026-08-10T20:09:21.375Z,2.3557734,2.795153681967211,2.7973518699701985
bigquery,289,2026-08-10T20:12:42.721Z,17281287421,201.3464,2026-08-10T20:09:21.375Z,3.355773333333333,2.7498020453551892,2.7996055458271276
bigquery,290,2026-08-10T20:13:42.721Z,17342248609,261.346398,2026-08-10T20:09:21.375Z,4.3557733,2.792198218852457,2.8093385312220622
bigquery,291,2026-08-10T20:14:42.721Z,17402555707,321.346397,2026-08-10T20:09:21.375Z,5.355773283333334,2.834594392896173,2.8189997331843
bigquery,292,2026-08-10T20:15:42.721Z,17462862805,52.686401,2026-08-10T20:14:50.035Z,0.8781066833333333,2.8769905680327867,2.8285891514903123
bigquery,293,2026-08-10T20:16:42.721Z,17523823993,112.6864,2026-08-10T20:14:50.035Z,1.8781066666666668,2.833318982786886,2.830224372131149
bigquery,294,2026-08-10T20:17:42.721Z,17584261909,172.686401,2026-08-10T20:14:50.035Z,2.8781066833333333,2.7896473975409855,2.831635325658226
bigquery,295,2026-08-10T20:18:42.721Z,17644961461,232.6864,2026-08-10T20:14:50.035Z,3.8781066666666666,2.8285353756830616,2.832822011624444
bigquery,296,2026-08-10T20:19:42.721Z,17704876105,292.686399,2026-08-10T20:14:50.035Z,4.87810665,2.867423352732242,2.8336069341530052
bigquery,297,2026-08-10T20:20:42.721Z,17765837293,48.803399,2026-08-10T20:19:53.918Z,0.8133899833333333,2.9063113289617517,2.8339900933681084
bigquery,298,2026-08-10T20:21:42.721Z,17826406027,108.803396,2026-08-10T20:19:53.918Z,1.8133899333333334,2.858492748633882,2.826067067585696
bigquery,299,2026-08-10T20:22:42.721Z,17886974761,168.8034,2026-08-10T20:19:53.918Z,2.81339,2.8106741707650285,2.8176621988077595
bigquery,300,2026-08-10T20:23:42.721Z,17948066767,228.803399,2026-08-10T20:19:53.918Z,3.8133899833333333,2.7628555909836066,2.808775487083959
bigquery,301,2026-08-10T20:24:42.721Z,18008545549,288.803396,2026-08-10T20:19:53.918Z,4.813389933333334,2.8008323666666683,2.799666544808753
bigquery,302,2026-08-10T20:25:42.721Z,18068852647,37.003399,2026-08-10T20:25:05.718Z,0.6167233166666667,2.8388091442622967,2.790335372155999
bigquery,303,2026-08-10T20:26:42.721Z,18128898109,97.003399,2026-08-10T20:25:05.718Z,1.6167233166666668,2.7898372844262322,2.7807819685792454
bigquery,304,2026-08-10T20:27:42.721Z,18189990115,157.003398,2026-08-10T20:25:05.718Z,2.6167233,2.740865426229511,2.7712056392200775
bigquery,305,2026-08-10T20:28:42.721Z,18250035577,217.003399,2026-08-10T20:25:05.718Z,3.6167233166666666,2.691893568579238,2.7616063836065594
bigquery,306,2026-08-10T20:29:42.721Z,18301054597,277.003396,2026-08-10T20:25:05.718Z,4.616723266666667,2.7283370106557396,2.7519842026577264
bigquery,307,2026-08-10T20:30:42.721Z,18361492513,17.841401,2026-08-10T20:30:24.880Z,0.29735668333333337,2.7647804535519147,2.7433575756582202
bigquery,308,2026-08-10T20:31:42.721Z,18422846155,77.841399,2026-08-10T20:30:24.880Z,1.29735665,2.8012238896174897,2.735726502459019
bigquery,309,2026-08-10T20:32:42.721Z,18482629981,137.841402,2026-08-10T20:30:24.880Z,2.2973567,2.7531531256830646,2.729366765722809
bigquery,310,2026-08-10T20:33:42.721Z,18543460351,197.841449,2026-08-10T20:30:24.880Z,3.2973574833333337,2.7050823590163966,2.724278365375064
bigquery,311,2026-08-10T20:34:42.721Z,18604029085,257.841402,2026-08-10T20:30:24.880Z,4.2973567,2.6570116005464506,2.720461301316453
bigquery,312,2026-08-10T20:35:42.721Z,18664728637,7.282402,2026-08-10T20:35:35.439Z,0.12137336666666668,2.7059394696721344,2.718489965052165
bigquery,313,2026-08-10T20:36:42.721Z,18725307048,67.282401,2026-08-10T20:35:35.439Z,1.1213733499999998,2.7548673390710414,2.71836435653254
bigquery,314,2026-08-10T20:37:42.721Z,18785483328,127.282399,2026-08-10T20:35:35.439Z,2.121373316666667,2.7198801803278725,2.7124999754595156
bigquery,315,2026-08-10T20:38:42.721Z,18846444516,187.282396,2026-08-10T20:35:35.439Z,3.1213732666666667,2.6848930224043746,2.7085799311723804
bigquery,316,2026-08-10T20:39:42.721Z,18906751614,247.2824,2026-08-10T20:35:35.439Z,4.1213733333333336,2.64990586393443,2.7066042238698484
bigquery,317,2026-08-10T20:40:42.721Z,18966535440,307.2824,2026-08-10T20:35:35.439Z,5.1213733333333336,2.7066523117486376,2.706572852930952
bigquery,318,2026-08-10T20:41:42.721Z,19027758264,56.075399,2026-08-10T20:40:46.646Z,0.9345899833333333,2.76339875983607,2.707831198807753
bigquery,319,2026-08-10T20:42:42.721Z,19088981088,116.075409,2026-08-10T20:40:46.646Z,1.9345901499999998,2.736715697814212,2.7027055655986074
bigquery,320,2026-08-10T20:43:42.721Z,19149288186,176.075401,2026-08-10T20:40:46.646Z,2.9345900166666667,2.7100326385245936,2.6988245922503684
bigquery,321,2026-08-10T20:44:42.721Z,19208679558,236.075401,2026-08-10T20:40:46.646Z,3.9345900166666667,2.6833495786885275,2.6961882784898163
bigquery,322,2026-08-10T20:45:42.721Z,19269771564,296.075404,2026-08-10T20:40:46.646Z,4.934590066666667,2.656666520218582,2.6947966244162918
bigquery,323,2026-08-10T20:46:42.721Z,19320790584,41.067397,2026-08-10T20:46:01.654Z,0.6844566166666667,2.7197812743169414,2.6938582242672635
bigquery,324,2026-08-10T20:47:42.721Z,19381490136,101.067397,2026-08-10T20:46:01.654Z,1.6844566166666666,2.6984853737704935,2.685811528142081
bigquery,325,2026-08-10T20:48:42.721Z,19441666416,161.067399,2026-08-10T20:46:01.654Z,2.68445665,2.6771894734972683,2.6782410368604133
bigquery,326,2026-08-10T20:49:42.721Z,19502173255,221.067401,2026-08-10T20:46:01.654Z,3.684456683333333,2.655893571038252,2.6711467502732273
bigquery,327,2026-08-10T20:50:42.721Z,19563003625,281.067395,2026-08-10T20:46:01.654Z,4.684456583333333,2.6345976691256854,2.6645286684550396
bigquery,328,2026-08-10T20:51:42.721Z,19623572359,23.7214,2026-08-10T20:51:19.000Z,0.39535666666666663,2.696329910109292,2.666131450919021
bigquery,329,2026-08-10T20:52:42.721Z,19684010275,83.721402,2026-08-10T20:51:19.000Z,1.3953567,2.6748851024590183,2.6600585254098363
bigquery,330,2026-08-10T20:53:42.721Z,19744317373,143.721397,2026-08-10T20:51:19.000Z,2.3953566166666667,2.6534402937158488,2.653983587953307
bigquery,331,2026-08-10T20:54:42.721Z,19805409379,203.721399,2026-08-10T20:51:19.000Z,3.3953566499999996,2.631995486065575,2.647906638450081
bigquery,332,2026-08-10T20:55:42.721Z,19865847295,263.721405,2026-08-10T20:51:19.000Z,4.39535675,2.610550678688525,2.6418276772478957
bigquery,333,2026-08-10T20:56:42.721Z,19926677665,5.489398,2026-08-10T20:56:37.232Z,0.09148996666666667,2.6742971273224034,2.6436742252111363
bigquery,334,2026-08-10T20:57:42.721Z,19986853945,65.489399,2026-08-10T20:56:37.232Z,1.0914899833333334,2.652979093715846,2.6458982694237587
bigquery,335,2026-08-10T20:58:42.721Z,20047161043,125.489402,2026-08-10T20:56:37.232Z,2.0914900333333333,2.6316610617486322,2.6482030388475035
bigquery,336,2026-08-10T20:59:42.721Z,20108122231,185.489399,2026-08-10T20:56:37.232Z,3.091489983333333,2.6103430289617453,2.6505885322901164
bigquery,337,2026-08-10T21:00:42.721Z,20168821783,245.4894,2026-08-10T20:56:37.232Z,4.091489999999999,2.5890249978142044,2.653054750869356
bigquery,338,2026-08-10T21:01:42.721Z,20229301808,305.489398,2026-08-10T20:56:37.232Z,5.091489966666667,2.654909696721308,2.66331552955788
bigquery,339,2026-08-10T21:02:42.721Z,20290393814,56.167402,2026-08-10T21:01:46.554Z,0.9361233666666667,2.7207943964480843,2.6736262087431752
bigquery,340,2026-08-10T21:03:42.721Z,20350308458,116.167398,2026-08-10T21:01:46.554Z,1.9361233,2.7002375661202147,2.684041259538007
bigquery,341,2026-08-10T21:04:42.721Z,20410615556,176.167429,2026-08-10T21:01:46.554Z,2.9361238166666666,2.679680721584694,2.6945606819175407
bigquery,342,2026-08-10T21:05:42.721Z,20461503758,236.167399,2026-08-10T21:01:46.554Z,3.9361233166666665,2.6591238904371535,2.70518447585693
bigquery,343,2026-08-10T21:06:42.721Z,20522334128,296.167401,2026-08-10T21:01:46.554Z,4.93612335,2.7234192442622875,2.7159126412568226
bigquery,344,2026-08-10T21:07:42.721Z,20582641226,49.038397,2026-08-10T21:06:53.683Z,0.8173066166666667,2.7877145983606466,2.726547587779423
bigquery,345,2026-08-10T21:08:42.721Z,20642948324,109.038401,2026-08-10T21:06:53.683Z,1.8173066833333331,2.7675446524590055,2.7292078694485697
bigquery,346,2026-08-10T21:09:42.721Z,20704301966,169.0384,2026-08-10T21:06:53.683Z,2.8173066666666666,2.7473747079234867,2.7317518072776776
bigquery,347,2026-08-10T21:10:42.721Z,20764478246,229.038401,2026-08-10T21:06:53.683Z,3.8173066833333333,2.7272047622950724,2.7341794025831985
bigquery,348,2026-08-10T21:11:42.721Z,20824262072,289.038399,2026-08-10T21:06:53.683Z,4.817306650000001,2.707034817213108,2.7364906539493177
bigquery,349,2026-08-10T21:12:42.721Z,20885092442,43.686397,2026-08-10T21:11:59.035Z,0.7281066166666667,2.7718941084699398,2.7387960684798767
bigquery,350,2026-08-10T21:13:42.721Z,20946229618,103.686403,2026-08-10T21:11:59.035Z,1.7281067166666666,2.7500574948087375,2.7335055567312505
bigquery,351,2026-08-10T21:14:42.721Z,21006667534,163.686399,2026-08-10T21:11:59.035Z,2.72810665,2.7282208822404317,2.7282977821907624
bigquery,352,2026-08-10T21:15:42.721Z,21066843814,223.686403,2026-08-10T21:11:59.035Z,3.728106716666667,2.70638426994535,2.72317274470939
bigquery,353,2026-08-10T21:16:42.721Z,21126889276,283.686401,2026-08-10T21:11:59.035Z,4.728106683333333,2.6845476554644754,2.7181304445851993
bigquery,354,2026-08-10T21:17:42.721Z,21187850464,34.743404,2026-08-10T21:17:07.978Z,0.5790567333333333,2.7487788040983565,2.721053295976162
bigquery,355,2026-08-10T21:18:42.721Z,21248680834,94.743406,2026-08-10T21:17:07.978Z,1.5790567666666666,2.7295189691256767,2.7164261223050206
bigquery,356,2026-08-10T21:19:42.721Z,21309380386,154.743397,2026-08-10T21:17:07.978Z,2.5790566166666666,2.710259132513653,2.7121303695231003
bigquery,357,2026-08-10T21:20:42.721Z,21369425848,214.743398,2026-08-10T21:17:07.978Z,3.5790566333333333,2.690999295628407,2.70816603758073
bigquery,358,2026-08-10T21:21:42.721Z,21430387036,274.743401,2026-08-10T21:17:07.978Z,4.5790566833333335,2.6717394609289538,2.704533126279185
bigquery,359,2026-08-10T21:22:42.721Z,21480751966,30.3154,2026-08-10T21:22:12.406Z,0.5052566666666667,2.739186182513652,2.709136057277698
bigquery,360,2026-08-10T21:23:42.721Z,21540928246,90.3154,2026-08-10T21:22:12.406Z,1.5052566666666667,2.7209951980874236,2.71415048845008
bigquery,361,2026-08-10T21:24:42.721Z,21601183337,150.315403,2026-08-10T21:22:12.406Z,2.5052567166666666,2.702804214207642,2.7191981535519187
bigquery,362,2026-08-10T21:25:42.721Z,21662013707,210.315401,2026-08-10T21:22:12.406Z,3.5052566833333336,2.6846132308743056,2.7242790527570833
bigquery,363,2026-08-10T21:26:42.721Z,21722320805,270.315401,2026-08-10T21:22:12.406Z,4.505256683333333,2.6664222456284046,2.729393185916541
bigquery,364,2026-08-10T21:27:42.721Z,21782758721,18.979396,2026-08-10T21:27:23.742Z,0.3163232666666667,2.7351798964480745,2.734540553005466
bigquery,365,2026-08-10T21:28:42.721Z,21843327455,78.979401,2026-08-10T21:27:23.742Z,1.31632335,2.803937546994521,2.7395218494783857
bigquery,366,2026-08-10T21:29:42.721Z,21904027007,138.979399,2026-08-10T21:27:23.742Z,2.316323316666667,2.785043285245887,2.7442600759811224
bigquery,367,2026-08-10T21:30:42.721Z,21965241458,198.979402,2026-08-10T21:27:23.742Z,3.3163233666666665,2.7661490237704793,2.748755231793346
bigquery,368,2026-08-10T21:31:42.721Z,22025025284,258.979399,2026-08-10T21:27:23.742Z,4.316323316666667,2.7472547603825013,2.753007317511178
bigquery,369,2026-08-10T21:32:42.721Z,22086248108,318.9794,2026-08-10T21:27:23.742Z,5.316323333333333,2.7283604989070915,2.7570163332091355
bigquery,370,2026-08-10T21:33:42.721Z,22145901116,62.603403,2026-08-10T21:32:40.118Z,1.04339005,2.793980443715834,2.7605064964232353
bigquery,371,2026-08-10T21:34:42.721Z,22206993122,122.603398,2026-08-10T21:32:40.118Z,2.0433899666666666,2.773115689617476,2.7557947468951727
bigquery,372,2026-08-10T21:35:42.721Z,22267692674,182.6034,2026-08-10T21:32:40.118Z,3.04339,2.7522509281420677,2.7508494404371504
bigquery,373,2026-08-10T21:36:42.721Z,22328130590,242.603397,2026-08-10T21:32:40.118Z,4.04338995,2.7313861737704848,2.7456705769249705
bigquery,374,2026-08-10T21:37:42.721Z,22388960960,302.603397,2026-08-10T21:32:40.118Z,5.04338995,2.7105214183060036,2.7402581567312256
bigquery,375,2026-08-10T21:38:42.721Z,22449660512,53.460397,2026-08-10T21:37:49.261Z,0.8910066166666667,2.7735716918032733,2.742196680352684
bigquery,376,2026-08-10T21:39:42.721Z,22510360064,113.460399,2026-08-10T21:37:49.261Z,1.89100665,2.752108302185786,2.7361687111525
bigquery,377,2026-08-10T21:40:42.721Z,22570143890,173.460399,2026-08-10T21:37:49.261Z,2.89100665,2.7306449142076423,2.7300364945851925
bigquery,378,2026-08-10T21:41:42.721Z,22621210690,233.460401,2026-08-10T21:37:49.261Z,3.891006683333333,2.709181525136605,2.7238000311475306
bigquery,379,2026-08-10T21:42:42.721Z,22681517788,293.460405,2026-08-10T21:37:49.261Z,4.89100675,2.687718138251361,2.7174593202930946
bigquery,380,2026-08-10T21:43:42.721Z,22742086522,36.153403,2026-08-10T21:43:06.568Z,0.6025567166666667,2.7496842587431654,2.718688058097376
bigquery,381,2026-08-10T21:44:42.721Z,22802655256,96.153399,2026-08-10T21:43:06.568Z,1.60255665,2.7276727825136597,2.7198576054644987
bigquery,382,2026-08-10T21:45:42.721Z,22863878080,156.1534,2026-08-10T21:43:06.568Z,2.6025566666666666,2.7056613073770497,2.7207375107799305
bigquery,383,2026-08-10T21:46:42.721Z,22923923542,216.153395,2026-08-10T21:43:06.568Z,3.602556583333333,2.6836498303278695,2.7213277737953168
bigquery,384,2026-08-10T21:47:42.721Z,22984623094,276.153401,2026-08-10T21:43:06.568Z,4.602556683333333,2.6616383543715867,2.7216283945355246
bigquery,385,2026-08-10T21:48:42.721Z,23045322646,30.576401,2026-08-10T21:48:12.145Z,0.5096066833333334,2.7240375341530068,2.7292009229259873
bigquery,386,2026-08-10T21:49:42.721Z,23105629744,90.576397,2026-08-10T21:48:12.145Z,1.5096066166666666,2.786436712841533,2.736460858147046
bigquery,387,2026-08-10T21:50:42.721Z,23166460114,150.576398,2026-08-10T21:48:12.145Z,2.5096066333333336,2.76178726065574,2.743309094461004
bigquery,388,2026-08-10T21:51:42.721Z,23226767212,210.5764,2026-08-10T21:48:12.145Z,3.509606666666667,2.737137807377051,2.7497456317684983
bigquery,389,2026-08-10T21:52:42.721Z,23287205128,270.576401,2026-08-10T21:48:12.145Z,4.509606683333333,2.712488353278691,2.755770470218584
bigquery,390,2026-08-10T21:53:42.721Z,23348931838,17.142399,2026-08-10T21:53:25.579Z,0.28570665,2.771015950546449,2.769116744460999
bigquery,391,2026-08-10T21:54:42.721Z,23408977300,77.142396,2026-08-10T21:53:25.579Z,1.2857066000000001,2.829543546174865,2.782110758370581
bigquery,392,2026-08-10T21:55:42.721Z,23469284398,137.1424,2026-08-10T21:53:25.579Z,2.285706666666667,2.803003381967215,2.786886689940378
bigquery,393,2026-08-10T21:56:42.721Z,23529983950,197.142399,2026-08-10T21:53:25.579Z,3.2857066500000003,2.776463217759567,2.7913580510183817
bigquery,394,2026-08-10T21:57:42.721Z,23590683502,257.1424,2026-08-10T21:53:25.579Z,4.285706666666667,2.7499230532786942,2.7955248419523286
bigquery,395,2026-08-10T21:58:42.721Z,23641310068,317.1424,2026-08-10T21:53:25.579Z,5.285706666666667,2.808447371038257,2.7993870625931447
bigquery,396,2026-08-10T21:59:42.721Z,23701878802,56.336404,2026-08-10T21:58:46.385Z,0.9389400666666667,2.8669716871584767,2.8032414838052815
bigquery,397,2026-08-10T22:00:42.721Z,23763101626,116.336402,2026-08-10T21:58:46.385Z,1.9389400333333335,2.838971960109295,2.7995604108544656
bigquery,398,2026-08-10T22:01:42.721Z,23823016270,176.336396,2026-08-10T21:58:46.385Z,2.9389399333333333,2.810972232513666,2.7960772763785413
bigquery,399,2026-08-10T22:02:42.721Z,23883454186,236.336401,2026-08-10T21:58:46.385Z,3.9389400166666664,2.78297250765028,2.7927920804023953
bigquery,400,2026-08-10T22:03:42.721Z,23945063195,296.3364,2026-08-10T21:58:46.385Z,4.9389400000000006,2.754972780327874,2.7897048230253487
bigquery,401,2026-08-10T22:04:42.721Z,24004847021,39.802398,2026-08-10T22:04:02.919Z,0.6633732999999999,2.8134145838797866,2.7867610331097903
bigquery,402,2026-08-10T22:05:42.721Z,24065415755,99.802402,2026-08-10T22:04:02.919Z,1.6633733666666666,2.7890517437158526,2.776156662046705
bigquery,403,2026-08-10T22:06:42.721Z,24125984489,159.802398,2026-08-10T22:04:02.919Z,2.6633733000000004,2.764688902732244,2.765757532364639
bigquery,404,2026-08-10T22:07:42.721Z,24186945677,219.802396,2026-08-10T22:04:02.919Z,3.6633732666666665,2.740326062021864,2.7555636436413393
bigquery,405,2026-08-10T22:08:42.721Z,24247252775,279.802398,2026-08-10T22:04:02.919Z,4.6633733,2.715963222131155,2.745574995479377
bigquery,406,2026-08-10T22:09:42.721Z,24307559873,30.482395,2026-08-10T22:09:12.239Z,0.5080399166666667,2.776065681967223,2.743673033854954
bigquery,407,2026-08-10T22:10:42.721Z,24368259425,90.4824,2026-08-10T22:09:12.239Z,1.50804,2.7503236054644917,2.7343400488822764
bigquery,408,2026-08-10T22:11:42.721Z,24428435705,150.482397,2026-08-10T22:09:12.239Z,2.5080399499999997,2.7245815336065684,2.7251037354942995
bigquery,409,2026-08-10T22:12:42.721Z,24489527711,210.482403,2026-08-10T22:09:12.239Z,3.50804005,2.6988394565573874,2.715964093790386
bigquery,410,2026-08-10T22:13:42.721Z,24549965627,270.482398,2026-08-10T22:09:12.239Z,4.508039966666667,2.6730973778688605,2.7069211236711537
bigquery,411,2026-08-10T22:14:42.721Z,24610141907,23.1244,2026-08-10T22:14:19.597Z,0.3854066666666667,2.734051202459024,2.705564914431203
bigquery,412,2026-08-10T22:15:42.721Z,24661174479,83.1244,2026-08-10T22:14:19.597Z,1.3854066666666667,2.7107517491803352,2.704216802533541
bigquery,413,2026-08-10T22:16:42.721Z,24722004849,143.124397,2026-08-10T22:14:19.597Z,2.3854066166666663,2.6874522964480927,2.7030800169895883
bigquery,414,2026-08-10T22:17:42.721Z,24782181129,203.124399,2026-08-10T22:14:19.597Z,3.38540665,2.664152843989075,2.7021545574515873
bigquery,415,2026-08-10T22:18:42.721Z,24843011499,263.124402,2026-08-10T22:14:19.597Z,4.3854067,2.6408533907103866,2.7014404242921213
bigquery,416,2026-08-10T22:19:42.721Z,24903972687,323.1244,2026-08-10T22:14:19.597Z,5.3854066666666665,2.7010449204918086,2.7087228636115595
bigquery,417,2026-08-10T22:20:42.721Z,24964541421,64.526402,2026-08-10T22:19:38.195Z,1.0754400333333334,2.761236451092902,2.7161204297566117
bigquery,418,2026-08-10T22:21:42.721Z,25024979337,124.526399,2026-08-10T22:19:38.195Z,2.0754399833333332,2.7378189644808817,2.723700261202215
bigquery,419,2026-08-10T22:22:42.721Z,25085548071,184.526399,2026-08-10T22:19:38.195Z,3.0754399833333332,2.7144014786885324,2.7314623577993355
bigquery,420,2026-08-10T22:23:42.721Z,25146378441,244.526406,2026-08-10T22:19:38.195Z,4.0754401,2.6909839918032876,2.7394067195231275
bigquery,421,2026-08-10T22:24:42.721Z,25206685539,304.5264,2026-08-10T22:19:38.195Z,5.07544,2.753204210382521,2.747533346472954
bigquery,422,2026-08-10T22:25:42.721Z,25266992637,53.178402,2026-08-10T22:24:49.543Z,0.8863067,2.8154244300546534,2.756220504843544
bigquery,423,2026-08-10T22:26:42.721Z,25327465892,113.1784,2026-08-10T22:24:49.543Z,1.8863066666666666,2.7941298950819764,2.7577747025583945
bigquery,424,2026-08-10T22:27:42.721Z,25388950352,173.178399,2026-08-10T22:24:49.543Z,2.8863066500000003,2.7728353590164,2.759796759811231
bigquery,425,2026-08-10T22:28:42.721Z,25449649904,233.178399,2026-08-10T22:24:49.543Z,3.8863066500000003,2.7515408229508274,2.7622866759562714
bigquery,426,2026-08-10T22:29:42.721Z,25509695366,293.178398,2026-08-10T22:24:49.543Z,4.886306633333334,2.7302462871584794,2.7652444510928778
bigquery,427,2026-08-10T22:30:42.721Z,25570264100,36.500398,2026-08-10T22:30:06.221Z,0.6083399666666666,2.796603662568315,2.7687470846745907
bigquery,428,2026-08-10T22:31:42.721Z,25621021484,96.500399,2026-08-10T22:30:06.221Z,1.6083399833333334,2.7783326259562897,2.7649986748136723
bigquery,429,2026-08-10T22:32:42.721Z,25681459400,156.500406,2026-08-10T22:30:06.221Z,2.6083401,2.7600615942623015,2.7615914720814256
bigquery,430,2026-08-10T22:33:42.721Z,25742028134,216.500398,2026-08-10T22:30:06.221Z,3.6083399666666667,2.7417905562841596,2.758525476552367
bigquery,431,2026-08-10T22:34:42.721Z,25802727686,276.500404,2026-08-10T22:30:06.221Z,4.608340066666667,2.7235195183060172,2.7558006882264965
bigquery,432,2026-08-10T22:35:42.721Z,25863034784,33.435403,2026-08-10T22:35:09.286Z,0.5572567166666667,2.7917331797814238,2.7611001672627564
bigquery,433,2026-08-10T22:36:42.721Z,25924126790,93.435402,2026-08-10T22:35:09.286Z,1.5572567,2.7741919215847,2.758809830303004
bigquery,434,2026-08-10T22:37:42.721Z,25984564706,153.4354,2026-08-10T22:35:09.286Z,2.5572566666666665,2.7566506650273217,2.756623169374052
bigquery,435,2026-08-10T22:38:42.721Z,26044489376,213.435403,2026-08-10T22:35:09.286Z,3.5572567166666667,2.7391094081967227,2.7545401838549424
bigquery,436,2026-08-10T22:39:42.721Z,26105712200,273.4354,2026-08-10T22:35:09.286Z,4.5572566666666665,2.7215681513661196,2.7525608746398533
bigquery,437,2026-08-10T22:40:42.721Z,26166019298,19.244399,2026-08-10T22:40:23.477Z,0.32073998333333337,2.7885405565573773,2.758319568430228
bigquery,438,2026-08-10T22:41:42.721Z,26226457214,79.244416,2026-08-10T22:40:23.477Z,1.3207402666666668,2.771409956010932,2.7560785602335147
bigquery,439,2026-08-10T22:42:42.721Z,26286502676,139.244399,2026-08-10T22:40:23.477Z,2.320739983333333,2.754279355737708,2.753633751887781
bigquery,440,2026-08-10T22:43:42.721Z,26347463864,199.244397,2026-08-10T22:40:23.477Z,3.3207399499999997,2.7371487535519137,2.750985143219127
bigquery,441,2026-08-10T22:44:42.721Z,26408425052,259.244401,2026-08-10T22:40:23.477Z,4.320740016666666,2.7200181549180313,2.748132734227573
bigquery,442,2026-08-10T22:45:42.721Z,26468993786,10.8774,2026-08-10T22:45:31.844Z,0.18129,2.786865149999999,2.7450765248882734
bigquery,443,2026-08-10T22:46:42.721Z,26529170066,70.877403,2026-08-10T22:45:31.844Z,1.18129005,2.767082089617484,2.74204696726284
bigquery,444,2026-08-10T22:47:42.721Z,26590131254,130.877399,2026-08-10T22:45:31.844Z,2.1812899833333335,2.747299029781419,2.738922973497314
bigquery,445,2026-08-10T22:48:42.721Z,26650176716,190.877402,2026-08-10T22:45:31.844Z,3.181290033333333,2.727515969672129,2.735704543542025
bigquery,446,2026-08-10T22:49:42.721Z,26701482031,250.8774,2026-08-10T22:45:31.844Z,4.18129,2.7077329092896143,2.732391677421798
bigquery,447,2026-08-10T22:50:42.721Z,26762443219,310.877399,2026-08-10T22:45:31.844Z,5.1812899833333335,2.687949848633875,2.728984374913104
bigquery,448,2026-08-10T22:51:42.721Z,26822096227,64.868397,2026-08-10T22:50:37.853Z,1.08113995,2.755215422677592,2.725581741902674
bigquery,449,2026-08-10T22:52:42.721Z,26883057415,124.868402,2026-08-10T22:50:37.853Z,2.0811400333333334,2.7370460245901587,2.722144260531567
bigquery,450,2026-08-10T22:53:42.721Z,26943233695,184.868399,2026-08-10T22:50:37.853Z,3.0811399833333337,2.718876626229504,2.718671930625946
bigquery,451,2026-08-10T22:54:42.721Z,27004194883,244.868399,2026-08-10T22:50:37.853Z,4.081139983333333,2.7007072262295044,2.7151647521361197
bigquery,452,2026-08-10T22:55:42.721Z,27064894435,304.8684,2026-08-10T22:50:37.853Z,5.08114,2.6825378273224003,2.711622725211121
bigquery,453,2026-08-10T22:56:42.721Z,27125070715,59.204402,2026-08-10T22:55:43.517Z,0.9867400333333334,2.7494361868852413,2.715911672006934
bigquery,454,2026-08-10T22:57:42.721Z,27186424357,119.204397,2026-08-10T22:55:43.517Z,1.98673995,2.729269794535513,2.7122933162195504
bigquery,455,2026-08-10T22:58:42.721Z,27246339001,179.204398,2026-08-10T22:55:43.517Z,2.9867399666666667,2.7091034008196635,2.7085344733730548
bigquery,456,2026-08-10T22:59:42.721Z,27307300189,239.204399,2026-08-10T22:55:43.517Z,3.9867399833333335,2.688937006284143,2.704635143641305
bigquery,457,2026-08-10T23:00:42.721Z,27367607287,299.204398,2026-08-10T22:55:43.517Z,4.986739966666667,2.6687706131147433,2.7005953270491485
bigquery,458,2026-08-10T23:01:42.721Z,27428220354,49.464408,2026-08-10T23:00:53.257Z,0.8244068,2.7351282633879674,2.7039427185295195
bigquery,459,2026-08-10T23:02:42.721Z,27489312360,109.46442,2026-08-10T23:00:53.257Z,1.8244070000000001,2.7154135090163845,2.6991144518131645
bigquery,460,2026-08-10T23:03:42.721Z,27549096186,169.464402,2026-08-10T23:00:53.257Z,2.8244067,2.6956987532786774,2.694025504371542
bigquery,461,2026-08-10T23:04:42.721Z,27609926556,229.464401,2026-08-10T23:00:53.257Z,3.8244066833333337,2.675983999180319,2.6886758762791487
bigquery,462,2026-08-10T23:05:42.721Z,27660291486,289.464399,2026-08-10T23:00:53.257Z,4.82440665,2.65626924371584,2.6830655678092046
bigquery,463,2026-08-10T23:06:42.721Z,27720729402,35.601397,2026-08-10T23:06:07.120Z,0.5933566166666666,2.7193591336065497,2.6849986274962494
bigquery,464,2026-08-10T23:07:42.721Z,27780644046,95.601399,2026-08-10T23:06:07.120Z,1.59335665,2.6963252530054573,2.686609232786871
bigquery,465,2026-08-10T23:08:42.721Z,27842259324,155.601396,2026-08-10T23:06:07.120Z,2.5933566,2.6732913726775864,2.6878807919771464
bigquery,466,2026-08-10T23:09:42.721Z,27902435604,215.601398,2026-08-10T23:06:07.120Z,3.5933566333333333,2.6502574918032695,2.6888133053899477
bigquery,467,2026-08-10T23:10:42.721Z,27963527610,275.601398,2026-08-10T23:06:07.120Z,4.593356633333333,2.6272236131147437,2.6894067727769406
bigquery,468,2026-08-10T23:11:42.721Z,28024227162,27.784402,2026-08-10T23:11:14.937Z,0.46307336666666665,2.6900342696721182,2.6973205831346316
bigquery,469,2026-08-10T23:12:42.721Z,28084665078,87.7844,2026-08-10T23:11:14.937Z,1.4630733333333334,2.752844921584684,2.7050270412816686
bigquery,470,2026-08-10T23:13:42.721Z,28145102994,147.784399,2026-08-10T23:11:14.937Z,2.4630733166666667,2.7294006601092726,2.7128108716095456
bigquery,471,2026-08-10T23:14:42.721Z,28205634313,207.784407,2026-08-10T23:11:14.937Z,3.46307345,2.705956400819656,2.720672073969209
bigquery,472,2026-08-10T23:15:42.721Z,28266333865,267.784402,2026-08-10T23:11:14.937Z,4.463073366666666,2.682512140437144,2.72861064846
bigquery,473,2026-08-10T23:16:42.721Z,28327033417,10.718399,2026-08-10T23:16:32.003Z,0.17863998333333334,2.743321157650259,2.736626595007444
bigquery,474,2026-08-10T23:17:42.721Z,28387732969,70.718398,2026-08-10T23:16:32.003Z,1.1786399666666665,2.8041301732240322,2.7445166846497697
bigquery,475,2026-08-10T23:18:42.721Z,28448170885,130.718399,2026-08-10T23:16:32.003Z,2.1786399833333334,2.7819473866120124,2.744425577372071
bigquery,476,2026-08-10T23:19:42.721Z,28508870437,190.718401,2026-08-10T23:16:32.003Z,3.178640016666667,2.7597645986338684,2.74419462893688
bigquery,477,2026-08-10T23:20:42.721Z,28569439171,250.718398,2026-08-10T23:16:32.003Z,4.178639966666667,2.7375818112021744,2.7438238391952052
bigquery,478,2026-08-10T23:21:42.721Z,28629746269,310.718403,2026-08-10T23:16:32.003Z,5.17864005,2.715399025136601,2.743313208221521
bigquery,479,2026-08-10T23:22:42.721Z,28690184185,58.026402,2026-08-10T23:21:44.695Z,0.9671067,2.7768252557376907,2.7425955974664165
bigquery,480,2026-08-10T23:23:42.721Z,28740679933,118.026401,2026-08-10T23:21:44.695Z,1.9671066833333335,2.7518427415300377,2.733933898534484
bigquery,481,2026-08-10T23:24:42.721Z,28801641121,178.026402,2026-08-10T23:21:44.695Z,2.9671067,2.7268602273223888,2.7248728205662784
bigquery,482,2026-08-10T23:25:42.721Z,28862340673,238.0264,2026-08-10T23:21:44.695Z,3.9671066666666666,2.701877713661186,2.71541236383504
bigquery,483,2026-08-10T23:26:42.721Z,28923432679,298.026398,2026-08-10T23:21:44.695Z,4.967106633333333,2.6768951997267574,2.7055525281917365
bigquery,484,2026-08-10T23:27:42.721Z,28984030754,39.369404,2026-08-10T23:27:03.352Z,0.6561567333333334,2.7354274393442433,2.7029868056383335
bigquery,485,2026-08-10T23:28:42.721Z,29044337852,99.369398,2026-08-10T23:27:03.352Z,1.6561566333333333,2.7088514849726613,2.6923693190263047
bigquery,486,2026-08-10T23:29:42.721Z,29104775768,159.369395,2026-08-10T23:27:03.352Z,2.6561565833333334,2.6822755289617333,2.6815554091157208
bigquery,487,2026-08-10T23:30:42.721Z,29165736956,219.369399,2026-08-10T23:27:03.352Z,3.65615665,2.6556995745901473,2.6705450759810985
bigquery,488,2026-08-10T23:31:42.721Z,29225520782,279.369398,2026-08-10T23:27:03.352Z,4.6561566333333335,2.6291236191256653,2.6593383196969542
bigquery,489,2026-08-10T23:32:42.721Z,29286481970,24.344398,2026-08-10T23:32:18.377Z,0.4057399666666667,2.687176077049165,2.6557310418529387
bigquery,490,2026-08-10T23:33:42.721Z,29347181522,84.3444,2026-08-10T23:32:18.377Z,1.40574,2.660032903005447,2.6521309921510112
bigquery,491,2026-08-10T23:34:42.721Z,29406834530,144.344398,2026-08-10T23:32:18.377Z,2.405739966666667,2.6328897325136413,2.648521851465458
bigquery,492,2026-08-10T23:35:42.721Z,29468449808,204.344399,2026-08-10T23:32:18.377Z,3.4057399833333335,2.60574656284151,2.644903619945332
bigquery,493,2026-08-10T23:36:42.721Z,29528756906,264.3444,2026-08-10T23:32:18.377Z,4.40574,2.5786033945355,2.64127629739191
bigquery,494,2026-08-10T23:37:42.721Z,29589456458,9.131399,2026-08-10T23:37:33.590Z,0.15218998333333333,2.6372151434426034,2.6452856116492387
bigquery,495,2026-08-10T23:38:42.721Z,29649501920,69.131398,2026-08-10T23:37:33.590Z,1.1521899666666668,2.695826892622932,2.6492380705662772
bigquery,496,2026-08-10T23:39:42.721Z,29710707126,129.131399,2026-08-10T23:37:33.590Z,2.1521899833333333,2.6691509374316738,2.653275676502682
bigquery,497,2026-08-10T23:40:42.721Z,29761595328,189.131404,2026-08-10T23:37:33.590Z,3.152190066666667,2.642474982240416,2.657398428936858
bigquery,498,2026-08-10T23:41:42.721Z,29821902426,249.131402,2026-08-10T23:37:33.590Z,4.1521900333333335,2.615799026502712,2.6616063279433217
bigquery,499,2026-08-10T23:42:42.721Z,29882340342,309.131402,2026-08-10T23:37:33.590Z,5.152190033333333,2.6732260759562614,2.673774832861351
bigquery,500,2026-08-10T23:43:42.721Z,29942516622,53.438402,2026-08-10T23:42:49.283Z,0.8906400333333334,2.7306531251365898,2.686108042225483
bigquery,501,2026-08-10T23:44:42.721Z,30003608628,113.438408,2026-08-10T23:42:49.283Z,1.8906401333333334,2.7044465683059897,2.6908388918777333
bigquery,502,2026-08-10T23:45:42.721Z,30064569816,173.438408,2026-08-10T23:42:49.283Z,2.8906401333333336,2.678240009289598,2.695720809438605
bigquery,503,2026-08-10T23:46:42.721Z,30124615278,233.438403,2026-08-10T23:42:49.283Z,3.89064005,2.6520334519125486,2.7007537950322456
bigquery,504,2026-08-10T23:47:42.721Z,30185707284,293.4384,2026-08-10T23:42:49.283Z,4.89064,2.7124569486338603,2.705937848733191
bigquery,505,2026-08-10T23:48:42.721Z,30246406836,49.6884,2026-08-10T23:47:53.033Z,0.82814,2.7728804464480676,2.711394058296016
bigquery,506,2026-08-10T23:49:42.721Z,30306452298,109.688398,2026-08-10T23:47:53.033Z,1.8281399666666667,2.7478662387977955,2.709472026303977
bigquery,507,2026-08-10T23:50:42.721Z,30367021032,169.688398,2026-08-10T23:47:53.033Z,2.828139966666667,2.722852030601077,2.7077748079482884
bigquery,508,2026-08-10T23:51:42.721Z,30427982220,229.688402,2026-08-10T23:47:53.033Z,3.8281400333333333,2.6978378237704757,2.706302403353158
bigquery,509,2026-08-10T23:52:42.721Z,30488350869,289.688401,2026-08-10T23:47:53.033Z,4.828140016666667,2.672823617213099,2.7050548124192244
bigquery,510,2026-08-10T23:53:42.721Z,30548788785,33.4324,2026-08-10T23:53:09.289Z,0.5572066666666667,2.733244381147527,2.7040715532289554
bigquery,511,2026-08-10T23:54:42.721Z,30609488337,93.432397,2026-08-10T23:53:09.289Z,1.5572066166666665,2.7095107732240282,2.6955741361648715
bigquery,512,2026-08-10T23:55:42.721Z,30670057071,153.432399,2026-08-10T23:53:09.289Z,2.55720665,2.6857771663934296,2.6873296252607486
bigquery,513,2026-08-10T23:56:42.721Z,30730233351,213.432399,2026-08-10T23:53:09.289Z,3.55720665,2.662043558743156,2.679338020516566
bigquery,514,2026-08-10T23:57:42.721Z,30781514007,273.432399,2026-08-10T23:53:09.289Z,4.5572066499999995,2.6383099516393322,2.671599321932366
bigquery,515,2026-08-10T23:58:42.721Z,30841951923,21.936404,2026-08-10T23:58:20.785Z,0.3656067333333333,2.7016410975409704,2.6719382934425497
bigquery,516,2026-08-10T23:59:42.721Z,30903174747,81.936399,2026-08-10T23:58:20.785Z,1.36560665,2.679408858743157,2.664977488574199
bigquery,517,2026-08-11T00:00:42.721Z,30963220209,141.936406,2026-08-10T23:58:20.785Z,2.3656067666666667,2.6571766188524477,2.658367304868286
bigquery,518,2026-08-11T00:01:42.721Z,31023658125,201.936401,2026-08-10T23:58:20.785Z,3.365606683333333,2.634944378415289,2.6521077421757995
bigquery,519,2026-08-11T00:02:42.721Z,31084488495,261.936404,2026-08-10T23:58:20.785Z,4.365606733333333,2.6127121393442505,2.6461988006209056
bigquery,520,2026-08-11T00:03:42.721Z,31145318865,10.120403,2026-08-11T00:03:32.601Z,0.16867338333333332,2.6765523038251238,2.6484699137853442
bigquery,521,2026-08-11T00:04:42.721Z,31205495145,70.120398,2026-08-11T00:03:32.601Z,1.1686732999999998,2.6566755275956164,2.6510061041231605
bigquery,522,2026-08-11T00:05:42.721Z,31265699979,130.1204,2026-08-11T00:03:32.601Z,2.168673333333333,2.6367987524590046,2.6539347433680716
bigquery,523,2026-08-11T00:06:42.721Z,31326268713,190.120403,2026-08-11T00:03:32.601Z,3.1686733833333336,2.6169219767759433,2.657255831495253
bigquery,524,2026-08-11T00:07:42.721Z,31387099083,250.120398,2026-08-11T00:03:32.601Z,4.1686733,2.5970452016393315,2.660969368653737
bigquery,525,2026-08-11T00:08:42.721Z,31447144545,310.120401,2026-08-11T00:03:32.601Z,5.168673350000001,2.6632921964480754,2.6650753547193164
bigquery,526,2026-08-11T00:09:42.721Z,31508367369,57.9674,2026-08-11T00:08:44.754Z,0.9661233333333333,2.7295391912568197,2.6695903819423745
bigquery,527,2026-08-11T00:10:42.721Z,31569066921,117.967402,2026-08-11T00:08:44.754Z,1.9661233666666669,2.7116238904371497,2.6745130344262305
bigquery,528,2026-08-11T00:11:42.721Z,31629243201,177.9674,2026-08-11T00:08:44.754Z,2.9661233333333334,2.6937085882513587,2.679843312071522
bigquery,529,2026-08-11T00:12:42.721Z,31690204389,237.967403,2026-08-11T00:08:44.754Z,3.966123383333333,2.675793287158464,2.685581215052149
bigquery,530,2026-08-11T00:13:42.721Z,31740830955,297.9674,2026-08-11T00:08:44.754Z,4.966123333333333,2.6578779860655692,2.691726743492299
bigquery,531,2026-08-11T00:14:42.721Z,31801399689,51.868401,2026-08-11T00:13:50.853Z,0.86447335,2.7262176032786853,2.697995173000498
bigquery,532,2026-08-11T00:15:42.721Z,31861575969,111.868401,2026-08-11T00:13:50.853Z,1.8644733500000001,2.7108247049180276,2.696666955712854
bigquery,533,2026-08-11T00:16:42.721Z,31922462027,171.868402,2026-08-11T00:13:50.853Z,2.8644733666666666,2.69543180655737,2.695393209513151
bigquery,534,2026-08-11T00:17:42.721Z,31983684851,231.868397,2026-08-11T00:13:50.853Z,3.864473283333333,2.680038909562833,2.694173934351697
bigquery,535,2026-08-11T00:18:42.721Z,32043861131,291.8684,2026-08-11T00:13:50.853Z,4.864473333333334,2.664646014480863,2.693009130203646
bigquery,536,2026-08-11T00:19:42.721Z,32104822319,39.166399,2026-08-11T00:19:03.555Z,0.6527733166666666,2.732244921038239,2.699754137357145
bigquery,537,2026-08-11T00:20:42.721Z,32165129417,99.166399,2026-08-11T00:19:03.555Z,1.6527733166666667,2.714928801092885,2.698932701465434
bigquery,538,2026-08-11T00:21:42.721Z,32225698151,159.166401,2026-08-11T00:19:03.555Z,2.65277335,2.6976126822404263,2.6981568693243556
bigquery,539,2026-08-11T00:22:42.721Z,32287182611,219.166407,2026-08-11T00:19:03.555Z,3.6527734499999998,2.6802965614754006,2.697426641058097
bigquery,540,2026-08-11T00:23:42.721Z,32347489709,279.166398,2026-08-11T00:19:03.555Z,4.652773300000001,2.6629804415300464,2.696742016467934
bigquery,541,2026-08-11T00:24:42.721Z,32408058443,31.161396,2026-08-11T00:24:11.560Z,0.5193566,2.732073064754089,2.7038401039741404
bigquery,542,2026-08-11T00:25:42.721Z,32468888813,91.161401,2026-08-11T00:24:11.560Z,1.5193566833333334,2.717181808469936,2.7036179979632133
bigquery,543,2026-08-11T00:26:42.721Z,32529195911,151.161396,2026-08-11T00:24:11.560Z,2.5193566,2.702290551366112,2.703795245976132
bigquery,544,2026-08-11T00:27:42.721Z,32589633827,211.161396,2026-08-11T00:24:11.560Z,3.5193566,2.6873992956284085,2.704371848037743
bigquery,545,2026-08-11T00:28:42.721Z,32650601336,271.161398,2026-08-11T00:24:11.560Z,4.5193566333333335,2.672508039071034,2.705347804247388
bigquery,546,2026-08-11T00:29:42.721Z,32701227902,17.999404,2026-08-11T00:29:24.722Z,0.29999006666666667,2.742724977049174,2.714468171808242
bigquery,547,2026-08-11T00:30:42.721Z,32771084714,77.999397,2026-08-11T00:29:24.722Z,1.29998995,2.7298017549180265,2.715939930303028
bigquery,548,2026-08-11T00:31:42.721Z,32822365370,137.999399,2026-08-11T00:29:24.722Z,2.2999899833333335,2.716878529234967,2.717397977868855
bigquery,549,2026-08-11T00:32:42.721Z,32882803286,197.999403,2026-08-11T00:29:24.722Z,3.29999005,2.703955304918028,2.718842314679581
bigquery,550,2026-08-11T00:33:42.721Z,32943502838,257.9994,2026-08-11T00:29:24.722Z,4.299989999999999,2.6910320797814142,2.7202729406110184
bigquery,551,2026-08-11T00:34:42.721Z,33004071572,11.595399,2026-08-11T00:34:31.126Z,0.19325665,2.763304484699448,2.7216898556134974
bigquery,552,2026-08-11T00:35:42.721Z,33064247852,71.595401,2026-08-11T00:34:31.126Z,1.1932566833333333,2.7482624081967177,2.7231093788623806
bigquery,553,2026-08-11T00:36:42.721Z,33125078222,131.5954,2026-08-11T00:34:31.126Z,2.193256666666667,2.7332203316939845,2.724166582165894
bigquery,554,2026-08-11T00:37:42.721Z,33185777774,191.595403,2026-08-11T00:34:31.126Z,3.1932567166666668,2.7181782562841503,2.7248614657476082
bigquery,555,2026-08-11T00:38:42.721Z,33246850663,251.5954,2026-08-11T00:34:31.126Z,4.193256666666667,2.7031361808743166,2.7251940294087986
bigquery,556,2026-08-11T00:39:42.721Z,33307157761,311.595399,2026-08-11T00:34:31.126Z,5.1932566499999995,2.688094104098358,2.72516427334819
bigquery,557,2026-08-11T00:40:42.721Z,33367857313,63.561398,2026-08-11T00:39:39.160Z,1.0593566333333333,2.7583397327868817,2.724630195305467
bigquery,558,2026-08-11T00:41:42.721Z,33428295229,123.561398,2026-08-11T00:39:39.160Z,2.059356633333333,2.7414309912568284,2.723958163934371
bigquery,559,2026-08-11T00:42:42.721Z,33488733145,183.5614,2026-08-11T00:39:39.160Z,3.0593566666666665,2.724522248633876,2.7231481792100776
bigquery,560,2026-08-11T00:43:42.721Z,33550348423,243.5614,2026-08-11T00:39:39.160Z,4.059356666666667,2.707613505191252,2.722200241182257
bigquery,561,2026-08-11T00:44:42.721Z,33610132249,303.561401,2026-08-11T00:39:39.160Z,5.059356683333333,2.6907047631147494,2.7211143496770505
bigquery,562,2026-08-11T00:45:42.721Z,33670831801,57.1004,2026-08-11T00:44:45.621Z,0.9516733333333334,2.7574296262295035,2.727657568926919
bigquery,563,2026-08-11T00:46:42.721Z,33720673459,117.1004,2026-08-11T00:44:45.621Z,1.9516733333333331,2.740870063114751,2.7261907533283067
bigquery,564,2026-08-11T00:47:42.721Z,33781624047,177.1004,2026-08-11T00:44:45.621Z,2.9516733333333334,2.724310499726773,2.724637027645258
bigquery,565,2026-08-11T00:48:42.721Z,33842061963,237.100404,2026-08-11T00:44:45.621Z,3.9516734,2.707750937978137,2.7229963915796858
bigquery,566,2026-08-11T00:49:42.721Z,33902630697,297.100398,2026-08-11T00:44:45.621Z,4.9516732999999995,2.691191374316934,2.721268845529018
bigquery,567,2026-08-11T00:50:42.721Z,33963461067,46.311399,2026-08-11T00:49:56.410Z,0.77185665,2.760069515846986,2.7271047869845586
bigquery,568,2026-08-11T00:51:42.721Z,34023637347,106.311403,2026-08-11T00:49:56.410Z,1.7718567166666666,2.7422047612021743,2.7251110960009597
bigquery,569,2026-08-11T00:52:42.721Z,34084813629,166.3114,2026-08-11T00:49:56.410Z,2.7718566666666664,2.7243400087431575,2.7228590842026446
bigquery,570,2026-08-11T00:53:42.721Z,34145643999,226.311402,2026-08-11T00:49:56.410Z,3.7718567,2.706475251912554,2.7203487516889955
bigquery,571,2026-08-11T00:54:42.721Z,34206081915,286.311401,2026-08-11T00:49:56.410Z,4.771856683333334,2.6886104986338664,2.7175800981619265
bigquery,572,2026-08-11T00:55:42.721Z,34266258195,38.930399,2026-08-11T00:55:03.791Z,0.6488399833333334,2.754900119125668,2.722331613487313
bigquery,573,2026-08-11T00:56:42.721Z,34326957747,98.930398,2026-08-11T00:55:03.791Z,1.6488399666666667,2.7354990254098195,2.7268362337555656
bigquery,574,2026-08-11T00:57:42.721Z,34387788117,158.930403,2026-08-11T00:55:03.791Z,2.64884005,2.7160979333333164,2.7304013856432903
bigquery,575,2026-08-11T00:58:42.721Z,34448618487,218.9304,2026-08-11T00:55:03.791Z,3.64884,2.6966968420764843,2.7330270682563094
bigquery,576,2026-08-11T00:59:42.721Z,34508271495,278.930397,2026-08-11T00:55:03.791Z,4.64883995,2.67729574918031,2.734713282662679
bigquery,577,2026-08-11T01:00:42.721Z,34568769676,34.637406,2026-08-11T01:00:08.084Z,0.5772901,2.743458042896158,2.7430706594634766
bigquery,578,2026-08-11T01:01:42.721Z,34629600046,94.6374,2026-08-11T01:00:08.084Z,1.57729,2.8096203387977976,2.7504488012667396
bigquery,579,2026-08-11T01:02:42.721Z,34690299598,154.6374,2026-08-11T01:00:08.084Z,2.57729,2.781421431967199,2.7646377726775673
bigquery,580,2026-08-11T01:03:42.721Z,34740533710,214.6374,2026-08-11T01:00:08.084Z,3.57729,2.7532225174863254,2.776919615275698
bigquery,581,2026-08-11T01:04:42.721Z,34801233262,274.637405,2026-08-11T01:00:08.084Z,4.577290083333334,2.7250236103825016,2.7872943291852774
bigquery,582,2026-08-11T01:05:42.721Z,34862063632,15.066398,2026-08-11T01:05:27.655Z,0.25110663333333333,2.7805416434426125,2.795761914406347
bigquery,583,2026-08-11T01:06:42.721Z,34922370730,75.0664,2026-08-11T01:05:27.655Z,1.2511066666666666,2.836059678961736,2.802194999031268
bigquery,584,2026-08-11T01:07:42.721Z,34983201100,135.066407,2026-08-11T01:05:27.655Z,2.2511067833333334,2.8915777109289476,2.806593582861379
bigquery,585,2026-08-11T01:08:42.721Z,35043508198,195.066402,2026-08-11T01:05:27.655Z,3.2511067000000002,2.8511982019125544,2.8097166327123557
bigquery,586,2026-08-11T01:09:42.721Z,35104469386,255.0664,2026-08-11T01:05:27.655Z,4.251106666666667,2.810818695081953,2.811564149254826
bigquery,587,2026-08-11T01:10:42.721Z,35164623412,315.066401,2026-08-11T01:05:27.655Z,5.251106683333333,2.77043918661201,2.8121361316691282
bigquery,588,2026-08-11T01:11:42.721Z,35225715418,56.081408,2026-08-11T01:10:46.640Z,0.9346901333333334,2.814221973770477,2.8114339957525813
bigquery,589,2026-08-11T01:12:42.721Z,35287069060,116.081402,2026-08-11T01:10:46.640Z,1.9346900333333332,2.858004760928944,2.809457741356172
bigquery,590,2026-08-11T01:13:42.721Z,35346591250,176.081402,2026-08-11T01:10:46.640Z,2.9346900333333332,2.8157749803278502,2.798767726502733
bigquery,591,2026-08-11T01:14:42.721Z,35407029166,236.081404,2026-08-11T01:10:46.640Z,3.9346900666666667,2.7735451994535354,2.7880819093392843
bigquery,592,2026-08-11T01:15:42.721Z,35467597900,296.0814,2026-08-11T01:10:46.640Z,4.93469,2.731315416939875,2.7774002899403842
bigquery,593,2026-08-11T01:16:42.721Z,35528559088,51.2604,2026-08-11T01:15:51.461Z,0.85434,2.7728181483606424,2.7744424162195753
bigquery,594,2026-08-11T01:17:42.721Z,35589651094,111.2604,2026-08-11T01:15:51.461Z,1.85434,2.814320880601081,2.7715571702434234
bigquery,595,2026-08-11T01:18:42.721Z,35649588599,171.260401,2026-08-11T01:15:51.461Z,2.854340016666667,2.7739875475409748,2.761058163686047
bigquery,596,2026-08-11T01:19:42.721Z,35710157333,231.260397,2026-08-11T01:15:51.461Z,3.8543399500000004,2.7336542131147477,2.750764720988586
bigquery,597,2026-08-11T01:20:42.721Z,35760783899,291.260397,2026-08-11T01:15:51.461Z,4.85433995,2.6933208816939826,2.740676842002007
bigquery,598,2026-08-11T01:21:42.721Z,35821614269,33.781397,2026-08-11T01:21:08.940Z,0.5630232833333333,2.7379025756830533,2.738429425012431
bigquery,599,2026-08-11T01:22:42.721Z,35881528913,93.781407,2026-08-11T01:21:08.940Z,1.56302345,2.782484268032782,2.736410423397935
bigquery,600,2026-08-11T01:23:42.721Z,35942097647,153.781397,2026-08-11T01:21:08.940Z,2.5630232833333335,2.7425156887978073,2.7270044621212204
bigquery,601,2026-08-11T01:24:42.721Z,36003582107,213.781401,2026-08-11T01:21:08.940Z,3.56302335,2.702547110655732,2.7176511834326944
bigquery,602,2026-08-11T01:25:42.721Z,36063889205,273.781407,2026-08-11T01:21:08.940Z,4.56302345,2.6625785306010905,2.708350587506216
bigquery,603,2026-08-11T01:26:42.721Z,36124327121,20.153398,2026-08-11T01:26:22.568Z,0.33588996666666665,2.706593830054641,2.706660870541472
bigquery,604,2026-08-11T01:27:42.721Z,36185157491,80.153399,2026-08-11T01:26:22.568Z,1.3358899833333333,2.7506091306010907,2.7048624848981406
bigquery,605,2026-08-11T01:28:42.721Z,36245299582,140.153402,2026-08-11T01:26:22.568Z,2.3358900333333334,2.7108553065573746,2.7029554307997925
bigquery,606,2026-08-11T01:29:42.721Z,36306129952,200.153398,2026-08-11T01:26:22.568Z,3.335889966666667,2.671101481967209,2.7008790273969225
bigquery,607,2026-08-11T01:30:42.721Z,36366437050,260.153399,2026-08-11T01:26:22.568Z,4.335889983333333,2.6313476579234925,2.698633274540477
bigquery,608,2026-08-11T01:31:42.721Z,36427267420,320.1534,2026-08-11T01:26:22.568Z,5.33589,2.6747339950819633,2.7041558526328697
bigquery,609,2026-08-11T01:32:42.721Z,36487836154,34.7914,2026-08-11T01:32:07.930Z,0.5798566666666667,2.7181203336065547,2.7098118635866824
bigquery,610,2026-08-11T01:33:42.721Z,36547750798,94.791376,2026-08-11T01:32:07.930Z,1.5798562666666667,2.7615066729508166,2.7156013071286536
bigquery,611,2026-08-11T01:34:42.721Z,36608842804,154.7914,2026-08-11T01:32:07.930Z,2.5798566666666667,2.7196752513661195,2.721442836934929
bigquery,612,2026-08-11T01:35:42.721Z,36669542356,214.7914,2026-08-11T01:32:07.930Z,3.5798566666666667,2.6778438292349724,2.7273364531545004
bigquery,613,2026-08-11T01:36:42.721Z,36729457000,274.791411,2026-08-11T01:32:07.930Z,4.57985685,2.7233268896174843,2.7332821557128724
bigquery,614,2026-08-11T01:37:42.721Z,36790679824,334.791397,2026-08-11T01:32:07.930Z,5.5798566166666665,2.768809950546446,2.7396448728763145
bigquery,615,2026-08-11T01:38:42.721Z,36841306390,43.8064,2026-08-11T01:37:58.915Z,0.7301066666666666,2.8142930095628373,2.746424604446123
bigquery,616,2026-08-11T01:39:42.721Z,36902136760,103.806405,2026-08-11T01:37:58.915Z,1.73010675,2.775112134426226,2.745858931048195
bigquery,617,2026-08-11T01:40:42.721Z,36962330859,163.806398,2026-08-11T01:37:58.915Z,2.7301066333333335,2.735931260382511,2.7456949217834006
bigquery,618,2026-08-11T01:41:42.721Z,37022637957,223.806399,2026-08-11T01:37:58.915Z,3.73010665,2.696750386065571,2.745932576825639
bigquery,619,2026-08-11T01:42:42.721Z,37083337509,283.806399,2026-08-11T01:37:58.915Z,4.73010665,2.7447238838797783,2.746205527421766
bigquery,620,2026-08-11T01:43:42.721Z,37144037061,29.000403,2026-08-11T01:43:13.721Z,0.48334004999999997,2.7926973808743143,2.7465137735469565
bigquery,621,2026-08-11T01:44:42.721Z,37204082523,89.000402,2026-08-11T01:43:13.721Z,1.4833400333333333,2.7552842655737684,2.7392420397665402
bigquery,622,2026-08-11T01:45:42.721Z,37265436165,149.000397,2026-08-11T01:43:13.721Z,2.48333995,2.7178711494535475,2.7320870473919596
bigquery,623,2026-08-11T01:46:42.721Z,37325612445,209.000397,2026-08-11T01:43:13.721Z,3.48333995,2.6804580346994475,2.7250487962990477
bigquery,624,2026-08-11T01:47:42.721Z,37386442815,269.0004,2026-08-11T01:43:13.721Z,4.48334,2.726329346174855,2.726013004247389
bigquery,625,2026-08-11T01:48:42.721Z,37447404003,29.480401,2026-08-11T01:48:13.241Z,0.49134001666666666,2.7722006579234875,2.7270565462742153
bigquery,626,2026-08-11T01:49:42.721Z,37507318647,89.4804,2026-08-11T01:48:13.241Z,1.49134,2.734303937978133,2.720550088350716
bigquery,627,2026-08-11T01:50:42.721Z,37567887381,149.480405,2026-08-11T01:48:13.241Z,2.4913400833333332,2.6964072183060037,2.714256049801303
bigquery,628,2026-08-11T01:51:42.721Z,37628615140,209.480399,2026-08-11T01:48:13.241Z,3.4913399833333334,2.6585104983606493,2.708174430526593
bigquery,629,2026-08-11T01:52:42.721Z,37688922238,269.480397,2026-08-11T01:48:13.241Z,4.4913399499999995,2.707356673497263,2.7100952951068185
bigquery,630,2026-08-11T01:53:42.721Z,37749229336,20.0264,2026-08-11T01:53:22.695Z,0.3337733333333333,2.756202846174861,2.712447332066569
bigquery,631,2026-08-11T01:54:42.721Z,37809928888,80.026406,2026-08-11T01:53:22.695Z,1.3337734333333333,2.721126343715845,2.70734616472925
bigquery,632,2026-08-11T01:55:42.721Z,37860686272,140.026398,2026-08-11T01:53:22.695Z,2.3337733,2.68604984153005,2.702407068777926
bigquery,633,2026-08-11T01:56:42.721Z,37921647460,200.026395,2026-08-11T01:53:22.695Z,3.33377325,2.650973337431692,2.6976300442871146
bigquery,634,2026-08-11T01:57:42.721Z,37981823740,260.026398,2026-08-11T01:53:22.695Z,4.3337733,2.7015875450819644,2.6930150911077817
bigquery,635,2026-08-11T01:58:42.721Z,38042130838,13.431407,2026-08-11T01:58:29.290Z,0.22385678333333334,2.752201752732237,2.689254782687509
bigquery,636,2026-08-11T01:59:42.721Z,38103484480,73.431402,2026-08-11T01:58:29.290Z,1.2238567,2.7160878172131135,2.6863491198956706
bigquery,637,2026-08-11T02:00:42.721Z,38163660760,133.431401,2026-08-11T01:58:29.290Z,2.223856683333333,2.679973882513661,2.684098772578223
bigquery,638,2026-08-11T02:01:42.721Z,38224229494,193.4314,2026-08-11T01:58:29.290Z,3.223856666666667,2.643859948907105,2.6825037407848784
bigquery,639,2026-08-11T02:02:42.721Z,38284920377,253.431399,2026-08-11T01:58:29.290Z,4.22385665,2.607746013387978,2.681564024242417
bigquery,640,2026-08-11T02:03:42.721Z,38345096657,313.431402,2026-08-11T01:58:29.290Z,5.2238567,2.6659932808743143,2.6734895587431478
bigquery,641,2026-08-11T02:04:42.721Z,38405927027,61.534397,2026-08-11T02:03:41.187Z,1.0255732833333333,2.724240555464479,2.6669983025335156
bigquery,642,2026-08-11T02:05:42.721Z,38466495761,121.5344,2026-08-11T02:03:41.187Z,2.0255733333333334,2.6963725232240403,2.662132182836558
bigquery,643,2026-08-11T02:06:42.721Z,38527064495,181.534399,2026-08-11T02:03:41.187Z,3.0255733166666667,2.668504491803273,2.6588911998012876
bigquery,644,2026-08-11T02:07:42.721Z,38587240775,241.534403,2026-08-11T02:03:41.187Z,4.025573383333334,2.6406364554644766,2.6572753534525706
bigquery,645,2026-08-11T02:08:42.721Z,38648332781,301.534403,2026-08-11T02:03:41.187Z,5.025573383333334,2.6127684245901626,2.657284644038761
bigquery,646,2026-08-11T02:09:42.721Z,38708509061,51.664399,2026-08-11T02:08:51.057Z,0.8610733166666668,2.680797934426228,2.6581601044709426
bigquery,647,2026-08-11T02:10:42.721Z,38768554523,111.664401,2026-08-11T02:08:51.057Z,1.86107335,2.6625605005464474,2.652313905042216
bigquery,648,2026-08-11T02:11:42.721Z,38830169801,171.664401,2026-08-11T02:08:51.057Z,2.86107335,2.6443230691256794,2.6475747100596023
bigquery,649,2026-08-11T02:12:42.721Z,38880534731,231.66441,2026-08-11T02:08:51.057Z,3.8610735000000003,2.6260856390710363,2.6439425194734087
bigquery,650,2026-08-11T02:13:42.721Z,38940711011,291.664401,2026-08-11T02:08:51.057Z,4.86107335,2.6078482098360634,2.641417333656219
bigquery,651,2026-08-11T02:14:42.721Z,39001327706,39.1494,2026-08-11T02:14:03.572Z,0.65249,2.675623345628414,2.647438794436167
bigquery,652,2026-08-11T02:15:42.721Z,39062419712,99.149399,2026-08-11T02:14:03.572Z,1.6524899833333333,2.659932361748633,2.6455359632637863
bigquery,653,2026-08-11T02:16:42.721Z,39122334356,159.1494,2026-08-11T02:14:03.572Z,2.6524900000000002,2.6442413784152974,2.6435512891207096
bigquery,654,2026-08-11T02:17:42.721Z,39182903090,219.1494,2026-08-11T02:14:03.572Z,3.6524900000000002,2.6285503953551865,2.6414847720069576
bigquery,655,2026-08-11T02:18:42.721Z,39243471824,279.149401,2026-08-11T02:14:03.572Z,4.6524900166666665,2.612859411475405,2.6393364117486313
bigquery,656,2026-08-11T02:19:42.721Z,39304040558,32.558406,2026-08-11T02:19:10.163Z,0.5426401,2.6790044931693933,2.644792596721324
bigquery,657,2026-08-11T02:20:42.721Z,39363955202,92.558403,2026-08-11T02:19:10.163Z,1.54264005,2.6598667915300473,2.6500340026329097
bigquery,658,2026-08-11T02:21:42.721Z,39424523936,152.558402,2026-08-11T02:19:10.163Z,2.5426400333333334,2.6407290849726683,2.654892274018907
bigquery,659,2026-08-11T02:22:42.721Z,39485092670,212.558398,2026-08-11T02:19:10.163Z,3.542639966666667,2.6215913808743094,2.659367410779954
bigquery,660,2026-08-11T02:23:42.721Z,39545923040,272.558399,2026-08-11T02:19:10.163Z,4.542639983333333,2.602453676229497,2.6634594129408966
bigquery,661,2026-08-11T02:24:42.721Z,39606099320,25.401398,2026-08-11T02:24:17.320Z,0.42335663333333334,2.667866244535509,2.6747836553402893
bigquery,662,2026-08-11T02:25:42.721Z,39666375205,85.401403,2026-08-11T02:24:17.320Z,1.4233567166666667,2.733278810655725,2.685900495876798
bigquery,663,2026-08-11T02:26:42.721Z,39726943939,145.401402,2026-08-11T02:24:17.320Z,2.4233567,2.713373346994521,2.696526104073531
bigquery,664,2026-08-11T02:27:42.721Z,39787774309,205.401398,2026-08-11T02:24:17.320Z,3.4233566333333334,2.6934678827868708,2.7066604803527214
bigquery,665,2026-08-11T02:28:42.721Z,39848212225,265.401399,2026-08-11T02:24:17.320Z,4.423356650000001,2.673562419125667,2.7163036248137113
bigquery,666,2026-08-11T02:29:42.721Z,39909042595,7.976398,2026-08-11T02:29:34.745Z,0.13293996666666666,2.7374260778688377,2.7254555371336293
bigquery,667,2026-08-11T02:30:42.721Z,39959015071,67.976397,2026-08-11T02:29:34.745Z,1.1329399500000001,2.8012897390710245,2.7341768981370933
bigquery,668,2026-08-11T02:31:42.721Z,40019845441,127.976402,2026-08-11T02:29:34.745Z,2.132940033333333,2.776748481693977,2.7342632618231373
bigquery,669,2026-08-11T02:32:42.721Z,40079629267,187.976396,2026-08-11T02:29:34.745Z,3.132939933333333,2.7522072240437043,2.7334708126924894
bigquery,670,2026-08-11T02:33:42.721Z,40140459637,247.976399,2026-08-11T02:29:34.745Z,4.132939983333333,2.7276659699453445,2.7317995509686996
bigquery,671,2026-08-11T02:34:42.721Z,40200374281,307.976401,2026-08-11T02:29:34.745Z,5.132940016666667,2.7031247117486257,2.7292494765275808
bigquery,672,2026-08-11T02:35:42.721Z,40261131408,52.794402,2026-08-11T02:34:49.927Z,0.8799066999999999,2.7638012155737623,2.7259019358917116
bigquery,673,2026-08-11T02:36:42.721Z,40322092596,112.794405,2026-08-11T02:34:49.927Z,1.87990675,2.7342288112021764,2.7217569287382006
bigquery,674,2026-08-11T02:37:42.721Z,40382661330,172.794398,2026-08-11T02:34:49.927Z,2.8799066333333334,2.7046564065573695,2.7171921751117596
bigquery,675,2026-08-11T02:38:42.721Z,40442968428,232.794404,2026-08-11T02:34:49.927Z,3.8799067333333332,2.6750840038251296,2.712207674714343
bigquery,676,2026-08-11T02:39:42.721Z,40503144708,292.794406,2026-08-11T02:34:49.927Z,4.879906766666666,2.645511600273218,2.7068034273969177
bigquery,677,2026-08-11T02:40:42.721Z,40564367532,37.057397,2026-08-11T02:40:05.664Z,0.6176232833333334,2.7006031308743093,2.7087418528067455
bigquery,678,2026-08-11T02:41:42.721Z,40624805448,97.057399,2026-08-11T02:40:05.664Z,1.6176233166666667,2.7556946603825048,2.710275882041721
bigquery,679,2026-08-11T02:42:42.721Z,40685374182,157.057405,2026-08-11T02:40:05.664Z,2.6176234166666665,2.7265361918032713,2.711679061698946
bigquery,680,2026-08-11T02:43:42.721Z,40745275355,217.057408,2026-08-11T02:40:05.664Z,3.6176234666666667,2.697377719672126,2.7129513918777817
bigquery,681,2026-08-11T02:44:42.721Z,40806105725,277.0574,2026-08-11T02:40:05.664Z,4.6176233333333325,2.668219249453547,2.714092872429195
bigquery,682,2026-08-11T02:45:42.721Z,40866412823,31.571401,2026-08-11T02:45:11.150Z,0.5261900166666666,2.7244473912568252,2.7227187790114056
bigquery,683,2026-08-11T02:46:42.721Z,40927897283,91.571398,2026-08-11T02:45:11.150Z,1.5261899666666667,2.780675537158466,2.731132390412313
bigquery,684,2026-08-11T02:47:42.721Z,40978654667,151.571399,2026-08-11T02:45:11.150Z,2.5261899833333334,2.7496637874316927,2.73169883281172
bigquery,685,2026-08-11T02:48:42.721Z,41038700129,211.571399,2026-08-11T02:45:11.150Z,3.5261899833333334,2.7186520385245903,2.732077197640344
bigquery,686,2026-08-11T02:49:42.721Z,41099268863,271.5714,2026-08-11T02:45:11.150Z,4.52619,2.6876402898907092,2.7322674851962305
bigquery,687,2026-08-11T02:50:42.721Z,41159706779,19.436412,2026-08-11T02:50:23.285Z,0.3239402,2.7403965726775934,2.7398990296323973
bigquery,688,2026-08-11T02:51:42.721Z,41220929603,79.436399,2026-08-11T02:50:23.285Z,1.3239399833333332,2.7931528562841486,2.7472094115747825
bigquery,689,2026-08-11T02:52:42.721Z,41281367519,139.436402,2026-08-11T02:50:23.285Z,2.3239400333333333,2.761925526775951,2.7462664647292843
bigquery,690,2026-08-11T02:53:42.721Z,41341543799,199.436398,2026-08-11T02:50:23.285Z,3.3239399666666665,2.730698204918028,2.7450010889220224
bigquery,691,2026-08-11T02:54:42.721Z,41402385196,259.4364,2026-08-11T02:50:23.285Z,4.3239399999999995,2.69947088278688,2.743413284103347
bigquery,692,2026-08-11T02:55:42.721Z,41463084748,319.436398,2026-08-11T02:50:23.285Z,5.323939966666667,2.752166238251362,2.7493874266269605
bigquery,693,2026-08-11T02:56:42.721Z,41523130210,67.172401,2026-08-11T02:55:35.549Z,1.1195400166666665,2.8048615926229483,2.755308240859449
bigquery,694,2026-08-11T02:57:42.721Z,41584222216,127.172396,2026-08-11T02:55:35.549Z,2.1195399333333333,2.7703031218579186,2.7611757265772834
bigquery,695,2026-08-11T02:58:42.721Z,41644398496,187.172401,2026-08-11T02:55:35.549Z,3.119540016666667,2.7357446535519085,2.766851981097902
bigquery,696,2026-08-11T02:59:42.721Z,41705621320,247.172398,2026-08-11T02:55:35.549Z,4.119539966666666,2.701186185519124,2.7723370036761397
bigquery,697,2026-08-11T03:00:42.721Z,41765666782,307.172402,2026-08-11T02:55:35.549Z,5.119540033333333,2.7533558576502686,2.777630794187809
bigquery,698,2026-08-11T03:01:42.721Z,41826889606,43.610399,2026-08-11T03:00:59.111Z,0.7268399833333333,2.805525529234967,2.782932681942405
bigquery,699,2026-08-11T03:02:42.721Z,41886280978,103.610397,2026-08-11T03:00:59.111Z,1.72683995,2.85769519918032,2.7882426669647513
bigquery,700,2026-08-11T03:03:42.721Z,41946980530,163.610409,2026-08-11T03:00:59.111Z,2.72684015,2.8243643265027236,2.801492915375072
bigquery,701,2026-08-11T03:04:42.721Z,42007941718,223.610397,2026-08-11T03:00:59.111Z,3.72683995,2.791033453278681,2.8137278629657305
bigquery,702,2026-08-11T03:05:42.721Z,42058437466,283.610401,2026-08-11T03:00:59.111Z,4.726840016666667,2.757702578415293,2.824947509612519
bigquery,703,2026-08-11T03:06:42.721Z,42119091883,13.2994,2026-08-11T03:06:29.422Z,0.22165666666666667,2.8104870035519047,2.83510992836562
bigquery,704,2026-08-11T03:07:42.721Z,42179398981,73.299398,2026-08-11T03:06:29.422Z,1.2216566333333332,2.8632714278688454,2.8442151191008467
bigquery,705,2026-08-11T03:08:42.721Z,42240229351,133.299409,2026-08-11T03:06:29.422Z,2.2216568166666666,2.9160558543715775,2.8522630819175405
bigquery,706,2026-08-11T03:09:42.721Z,42301321357,193.299406,2026-08-11T03:06:29.422Z,3.221656766666667,2.870329077049172,2.8592542137357255
bigquery,707,2026-08-11T03:10:42.721Z,42361497637,253.299401,2026-08-11T03:06:29.422Z,4.221656683333333,2.8246022986338706,2.865188514977655
bigquery,708,2026-08-11T03:11:42.721Z,42422328007,313.299399,2026-08-11T03:06:29.422Z,5.22165665,2.865142463934415,2.877653814754095
bigquery,709,2026-08-11T03:12:42.721Z,42482242651,64.944406,2026-08-11T03:11:37.777Z,1.0824067666666666,2.905682627322393,2.888821449602574
bigquery,710,2026-08-11T03:13:42.721Z,42543465475,124.944402,2026-08-11T03:11:37.777Z,2.0824067,2.946222790163921,2.898691419398905
bigquery,711,2026-08-11T03:14:42.721Z,42603772573,184.9444,2026-08-11T03:11:37.777Z,3.0824066666666665,2.9012667765027205,2.8996892580973754
bigquery,712,2026-08-11T03:15:42.721Z,42663687217,244.944399,2026-08-11T03:11:37.777Z,4.08240665,2.856310766939878,2.900770529582732
bigquery,713,2026-08-11T03:16:42.721Z,42724910041,304.944413,2026-08-11T03:11:37.777Z,5.082406883333333,2.8948208759562686,2.9096882142821827
bigquery,714,2026-08-11T03:17:42.721Z,42785347957,45.646396,2026-08-11T03:16:57.075Z,0.7607732666666667,2.9333309868852293,2.918599863114754
bigquery,715,2026-08-11T03:18:42.721Z,42846630959,105.646399,2026-08-11T03:16:57.075Z,1.7607733166666668,2.9718410956284025,2.927505476154982
bigquery,716,2026-08-11T03:19:42.721Z,42906999131,165.646401,2026-08-11T03:16:57.075Z,2.76077335,2.9270320800546346,2.928432549826105
bigquery,717,2026-08-11T03:20:42.721Z,42967298906,225.646401,2026-08-11T03:16:57.075Z,3.76077335,2.882223063387964,2.9291534636860104
bigquery,718,2026-08-11T03:21:42.721Z,43018535350,285.646401,2026-08-11T03:16:57.075Z,4.76077335,2.9226968303278524,2.9296682175111486
bigquery,719,2026-08-11T03:22:42.721Z,43078751950,38.266376,2026-08-11T03:22:04.455Z,0.6377729333333334,2.963170601092882,2.9301451670392207
bigquery,720,2026-08-11T03:23:42.721Z,43139320514,98.2664,2026-08-11T03:22:04.455Z,1.6377733333333333,3.003644370765008,2.9305843122702258
bigquery,721,2026-08-11T03:24:42.721Z,43199914240,158.2664,2026-08-11T03:22:04.455Z,2.6377733333333335,2.9564206005464286,2.923439403924476
bigquery,722,2026-08-11T03:25:42.721Z,43260744610,218.266399,2026-08-11T03:22:04.455Z,3.637773316666667,2.9091968289617287,2.9162849078738047
bigquery,723,2026-08-11T03:26:42.721Z,43320920890,278.2664,2026-08-11T03:22:04.455Z,4.637773333333333,2.861973059016378,2.9091208241678816
bigquery,724,2026-08-11T03:27:42.721Z,43381392609,18.917399,2026-08-11T03:27:23.804Z,0.3152899833333333,2.9000673207650105,2.90223098328364
bigquery,725,2026-08-11T03:28:42.721Z,43442129500,78.917404,2026-08-11T03:27:23.804Z,1.3152900666666667,2.9381615844262132,2.8956153850223556
bigquery,726,2026-08-11T03:29:42.721Z,43502533637,138.917406,2026-08-11T03:27:23.804Z,2.3152901,2.8932471038251233,2.8814934775956442
bigquery,727,2026-08-11T03:30:42.721Z,43563364007,198.917398,2026-08-11T03:27:23.804Z,3.3152899666666666,2.8483326234972544,2.867837764927985
bigquery,728,2026-08-11T03:31:42.721Z,43624063559,258.917395,2026-08-11T03:27:23.804Z,4.315289916666667,2.8034181426229394,2.8546482470193992
bigquery,729,2026-08-11T03:32:42.721Z,43684763111,318.917394,2026-08-11T03:27:23.804Z,5.3152899,2.846908580601084,2.8501293698956984
bigquery,730,2026-08-11T03:33:42.721Z,43745462663,65.985402,2026-08-11T03:32:36.736Z,1.0997567,2.890399020218567,2.846524948882296
bigquery,731,2026-08-11T03:34:42.721Z,43805900579,125.985403,2026-08-11T03:32:36.736Z,2.0997567166666666,2.848303389071022,2.843834983556896
bigquery,732,2026-08-11T03:35:42.721Z,43866207677,185.985399,2026-08-11T03:32:36.736Z,3.0997566500000002,2.806207761202165,2.841960194510689
bigquery,733,2026-08-11T03:36:42.721Z,43927430501,245.985398,2026-08-11T03:32:36.736Z,4.0997566333333335,2.7641121319671904,2.8409005817436745
bigquery,734,2026-08-11T03:37:42.721Z,43987868417,305.985398,2026-08-11T03:32:36.736Z,5.099756633333333,2.8122654106557174,2.8406561459513258
bigquery,735,2026-08-11T03:38:42.721Z,44048175515,365.985399,2026-08-11T03:32:36.736Z,6.09975665,2.860418689617462,2.8408491664927995
bigquery,736,2026-08-11T03:39:42.721Z,44098147991,65.434399,2026-08-11T03:38:37.287Z,1.0905733166666667,2.9085719658469724,2.841479643293579
bigquery,737,2026-08-11T03:40:42.721Z,44159370815,125.434397,2026-08-11T03:38:37.287Z,2.0905732833333333,2.872624424316916,2.842740398509663
bigquery,738,2026-08-11T03:41:42.721Z,44219974350,185.434402,2026-08-11T03:38:37.287Z,3.090573366666667,2.8366768830600875,2.8446314318678314
bigquery,739,2026-08-11T03:42:42.721Z,44280412266,245.434397,2026-08-11T03:38:37.287Z,4.090573283333333,2.8007293489070837,2.847152743169359
bigquery,740,2026-08-11T03:43:42.721Z,44341242636,305.434401,2026-08-11T03:38:37.287Z,5.09057335,2.849031806557355,2.8500307858668377
bigquery,741,2026-08-11T03:44:42.721Z,44401549734,52.518398,2026-08-11T03:43:50.203Z,0.8753066333333333,2.897334265027301,2.8532655598112133
bigquery,742,2026-08-11T03:45:42.721Z,44462641740,112.518405,2026-08-11T03:43:50.203Z,1.87530675,2.862171696448066,2.8491961610283068
bigquery,743,2026-08-11T03:46:42.721Z,44523472110,172.5184,2026-08-11T03:43:50.203Z,2.875306666666667,2.8270091281420555,2.8454681185047237
bigquery,744,2026-08-11T03:47:42.721Z,44583910026,232.518404,2026-08-11T03:43:50.203Z,3.8753067333333333,2.791846556284129,2.8420814322404238
bigquery,745,2026-08-11T03:48:42.721Z,44644347942,292.518397,2026-08-11T03:43:50.203Z,4.875306616666666,2.8439238803278415,2.8466709754098205
bigquery,746,2026-08-11T03:49:42.721Z,44704655040,47.570402,2026-08-11T03:48:55.151Z,0.7928400333333333,2.8960012030054334,2.8515776574515503
bigquery,747,2026-08-11T03:50:42.721Z,44764831320,107.570399,2026-08-11T03:48:55.151Z,1.7928399833333333,2.8638085792349446,2.8490804398161966
bigquery,748,2026-08-11T03:51:42.721Z,44826315780,167.570399,2026-08-11T03:48:55.151Z,2.7928399833333333,2.8316159565573478,2.846767052359672
bigquery,749,2026-08-11T03:52:42.721Z,44886492060,227.5704,2026-08-11T03:48:55.151Z,3.79284,2.7994233341529795,2.8446374949081186
bigquery,750,2026-08-11T03:53:42.721Z,44947510982,287.570399,2026-08-11T03:48:55.151Z,4.792839983333334,2.8512143237704684,2.8506239338549593
bigquery,751,2026-08-11T03:54:42.721Z,44997483458,26.597399,2026-08-11T03:54:16.124Z,0.4432899833333333,2.90300530901637,2.8567954693989206
bigquery,752,2026-08-11T03:55:42.721Z,45058575464,86.597396,2026-08-11T03:54:16.124Z,1.4432899333333333,2.8698648710382275,2.855238092697453
bigquery,753,2026-08-11T03:56:42.721Z,45119013380,146.5974,2026-08-11T03:54:16.124Z,2.4432899999999997,2.836724434426209,2.8536127081470113
bigquery,754,2026-08-11T03:57:42.721Z,45179843750,206.597399,2026-08-11T03:54:16.124Z,3.4432899833333335,2.803583996174845,2.8519193156482534
bigquery,755,2026-08-11T03:58:42.721Z,45240412484,266.597401,2026-08-11T03:54:16.124Z,4.4432900166666665,2.857697384699439,2.850157915275676
bigquery,756,2026-08-11T03:59:42.721Z,45301896944,22.785402,2026-08-11T03:59:19.936Z,0.3797567,2.9118107713114627,2.848466410009926
bigquery,757,2026-08-11T04:00:42.721Z,45362204042,82.7854,2026-08-11T03:59:19.936Z,1.3797566666666665,2.8788700592896004,2.846844800273216
bigquery,758,2026-08-11T04:01:42.721Z,45422511140,142.785402,2026-08-11T03:59:19.936Z,2.3797567,2.8459293491803126,2.8451699369349046
bigquery,759,2026-08-11T04:02:42.721Z,45482687420,202.785402,2026-08-11T03:59:19.936Z,3.3797567,2.8129886390710244,2.8434418196472753
bigquery,760,2026-08-11T04:03:42.721Z,45543517790,262.785406,2026-08-11T03:59:19.936Z,4.3797567666666675,2.780047930054632,2.8416604486835486
bigquery,761,2026-08-11T04:04:42.721Z,45604478978,9.540399,2026-08-11T04:04:33.181Z,0.15900665,2.8326077658469844,2.831893657848964
bigquery,762,2026-08-11T04:05:42.721Z,45664797578,69.540399,2026-08-11T04:04:33.181Z,1.1590066499999998,2.8851676019125616,2.8230970111773206
bigquery,763,2026-08-11T04:06:42.721Z,45725627948,129.540398,2026-08-11T04:04:33.181Z,2.1590066333333335,2.8514413743169365,2.815469763586655
bigquery,764,2026-08-11T04:07:42.721Z,45786196682,189.5404,2026-08-11T04:04:33.181Z,3.159006666666667,2.8177151442622947,2.809011914803746
bigquery,765,2026-08-11T04:08:42.721Z,45846634598,249.540399,2026-08-11T04:04:33.181Z,4.15900665,2.7839889155737736,2.803723465002432
bigquery,766,2026-08-11T04:09:42.721Z,45907726604,309.5404,2026-08-11T04:04:33.181Z,5.1590066666666665,2.750262685519128,2.7996044139840706
bigquery,767,2026-08-11T04:10:42.721Z,45957568262,61.731404,2026-08-11T04:09:40.990Z,1.0288567333333334,2.815047657923496,2.7966543645056845
bigquery,768,2026-08-11T04:11:42.721Z,46018791086,121.7314,2026-08-11T04:09:40.990Z,2.0288566666666665,2.79497033579235,2.7868661628911635
bigquery,769,2026-08-11T04:12:42.721Z,46078444094,181.731424,2026-08-11T04:09:40.990Z,3.0288570666666668,2.774893012568305,2.778083996820607
bigquery,770,2026-08-11T04:13:42.721Z,46139274464,241.731401,2026-08-11T04:09:40.990Z,4.028856683333333,2.7548156912568302,2.770307866393358
bigquery,771,2026-08-11T04:14:42.721Z,46199581562,301.7314,2026-08-11T04:09:40.990Z,5.028856666666667,2.7347383688524594,2.7635377717336436
bigquery,772,2026-08-11T04:15:42.721Z,46260150296,56.249399,2026-08-11T04:14:46.472Z,0.9374899833333333,2.800157221584697,2.7653481787629888
bigquery,773,2026-08-11T04:16:42.721Z,46320980666,116.249399,2026-08-11T04:14:46.472Z,1.9374899833333332,2.7774973841530044,2.758948724913022
bigquery,774,2026-08-11T04:17:42.721Z,46381835353,176.2494,2026-08-11T04:14:46.472Z,2.93749,2.7548375475409825,2.7520541642821543
bigquery,775,2026-08-11T04:18:42.721Z,46442717069,236.249402,2026-08-11T04:14:46.472Z,3.9374900333333334,2.732177709562844,2.7446644967461578
bigquery,776,2026-08-11T04:19:42.721Z,46502544396,296.2494,2026-08-11T04:14:46.472Z,4.9374899999999995,2.7095178743169392,2.7367797223298775
bigquery,777,2026-08-11T04:20:42.721Z,46563767220,47.821398,2026-08-11T04:19:54.900Z,0.7970233,2.7701771628415255,2.7363723447839137
bigquery,778,2026-08-11T04:21:42.721Z,46624284309,107.821402,2026-08-11T04:19:54.900Z,1.7970233666666668,2.7446536655737663,2.7356699848236614
bigquery,779,2026-08-11T04:22:42.721Z,46684815957,167.821403,2026-08-11T04:19:54.900Z,2.7970233833333333,2.719130168852457,2.734789333830122
bigquery,780,2026-08-11T04:23:42.721Z,46745687215,227.821398,2026-08-11T04:19:54.900Z,3.7970232999999998,2.693606669672128,2.7337303917536455
bigquery,781,2026-08-11T04:24:42.721Z,46805853812,287.821406,2026-08-11T04:19:54.900Z,4.797023433333334,2.6680831726775978,2.732493158643882
bigquery,782,2026-08-11T04:25:42.721Z,46866684182,36.972397,2026-08-11T04:25:05.749Z,0.6162066166666667,2.7302572158470015,2.7386238837308072
bigquery,783,2026-08-11T04:26:42.721Z,46926860462,96.972401,2026-08-11T04:25:05.749Z,1.6162066833333335,2.792431262021868,2.7445481011922808
bigquery,784,2026-08-11T04:27:42.721Z,46988079716,156.972396,2026-08-11T04:25:05.749Z,2.6162066,2.767810223224052,2.75016742543469
bigquery,785,2026-08-11T04:28:42.721Z,47038605655,216.972401,2026-08-11T04:25:05.749Z,3.616206683333333,2.7431891846994643,2.7554818563090024
bigquery,786,2026-08-11T04:29:42.721Z,47098557560,276.972399,2026-08-11T04:25:05.749Z,4.61620665,2.7185681453552055,2.7604913939890965
bigquery,787,2026-08-11T04:30:42.721Z,47159649566,18.3544,2026-08-11T04:30:24.367Z,0.30590666666666666,2.7769558502732328,2.772976590014919
bigquery,788,2026-08-11T04:31:42.721Z,47220087482,78.354399,2026-08-11T04:30:24.367Z,1.30590665,2.8353435549180386,2.7849649405862196
bigquery,789,2026-08-11T04:32:42.721Z,47280656216,138.354396,2026-08-11T04:30:24.367Z,2.3059066,2.8064662322404414,2.7887453674614915
bigquery,790,2026-08-11T04:33:42.721Z,47341355768,198.354399,2026-08-11T04:30:24.367Z,3.30590665,2.777588908469945,2.792208332811738
bigquery,791,2026-08-11T04:34:42.721Z,47401662866,258.354401,2026-08-11T04:30:24.367Z,4.305906683333333,2.7487115841530065,2.795353836835561
bigquery,792,2026-08-11T04:35:42.721Z,47462624054,318.354403,2026-08-11T04:30:24.367Z,5.305906716666667,2.8054203289617496,2.7981818794585043
bigquery,793,2026-08-11T04:36:42.721Z,47522800334,62.547406,2026-08-11T04:35:40.174Z,1.0424567666666666,2.862129072131151,2.8007917401390925
bigquery,794,2026-08-11T04:37:42.721Z,47583630704,122.547396,2026-08-11T04:35:40.174Z,2.0424566,2.8340159576502746,2.7954992660208764
bigquery,795,2026-08-11T04:38:42.721Z,47644461074,182.547401,2026-08-11T04:35:40.174Z,3.0424566833333335,2.8059028420765064,2.7902376407849014
bigquery,796,2026-08-11T04:39:42.721Z,47705029808,242.547397,2026-08-11T04:35:40.174Z,4.042456616666667,2.7777897289617584,2.785006865101836
bigquery,797,2026-08-11T04:40:42.721Z,47766178171,302.547398,2026-08-11T04:35:40.174Z,5.042456633333333,2.7496766142076607,2.779806939170364
bigquery,798,2026-08-11T04:41:42.721Z,47825653276,51.951398,2026-08-11T04:40:50.770Z,0.8658566333333333,2.805664317759573,2.77444504088424
bigquery,799,2026-08-11T04:42:42.721Z,47886806060,111.951399,2026-08-11T04:40:50.770Z,1.86585665,2.7771263396174932,2.7689211704172605
bigquery,800,2026-08-11T04:43:42.721Z,47947141466,171.951401,2026-08-11T04:40:50.770Z,2.8658566833333334,2.748588354644817,2.7631576574763956
bigquery,801,2026-08-11T04:44:42.721Z,47998689882,231.951401,2026-08-11T04:40:50.770Z,3.8658566833333334,2.7200503759562946,2.7571545029806077
bigquery,802,2026-08-11T04:45:42.721Z,48058996980,291.951399,2026-08-11T04:40:50.770Z,4.86585665,2.691512398907114,2.7509117059860895
bigquery,803,2026-08-11T04:46:42.721Z,48119827350,29.5834,2026-08-11T04:46:13.138Z,0.4930566666666667,2.746439447814215,2.75209017078987
bigquery,804,2026-08-11T04:47:42.721Z,48180134448,89.583398,2026-08-11T04:46:13.138Z,1.4930566333333333,2.801366496994545,2.753044368380539
bigquery,805,2026-08-11T04:48:42.721Z,48240049092,149.583397,2026-08-11T04:46:13.138Z,2.4930566166666663,2.7706173153005618,2.7536849046696674
bigquery,806,2026-08-11T04:49:42.721Z,48300879462,209.5834,2026-08-11T04:46:13.138Z,3.493056666666667,2.7398681426229663,2.754011780452112
bigquery,807,2026-08-11T04:50:42.721Z,48361971468,269.583398,2026-08-11T04:46:13.138Z,4.4930566333333335,2.7091189620218756,2.7540249951068536
bigquery,808,2026-08-11T04:51:42.721Z,48422016930,14.154399,2026-08-11T04:51:28.567Z,0.23590665,2.7626397270491982,2.761445586761097
bigquery,809,2026-08-11T04:52:42.721Z,48482978118,74.154401,2026-08-11T04:51:28.567Z,1.2359066833333332,2.81616049125685,2.768685825633425
bigquery,810,2026-08-11T04:53:42.721Z,48543679083,134.154393,2026-08-11T04:51:28.567Z,2.23590655,2.7841722387978303,2.7677887322156494
bigquery,811,2026-08-11T04:54:42.721Z,48604116999,194.1544,2026-08-11T04:51:28.567Z,3.2359066666666667,2.752183988251381,2.766543054694549
bigquery,812,2026-08-11T04:55:42.721Z,48664816551,254.154397,2026-08-11T04:51:28.567Z,4.235906616666666,2.720195737158482,2.764948792225575
bigquery,813,2026-08-11T04:56:42.721Z,48726039375,314.154405,2026-08-11T04:51:28.567Z,5.23590675,2.7731389071038364,2.7709199544461542
bigquery,814,2026-08-11T04:57:42.721Z,48786084837,56.484398,2026-08-11T04:56:46.237Z,0.9414066333333333,2.826082075409841,2.7767956373323943
bigquery,815,2026-08-11T04:58:42.721Z,48846130299,116.484398,2026-08-11T04:56:46.237Z,1.9414066333333333,2.79149846939891,2.7747408436165313
bigquery,816,2026-08-11T04:59:42.721Z,48906044943,176.484397,2026-08-11T04:56:46.237Z,2.941406616666667,2.756914862568308,2.7725291200695623
bigquery,817,2026-08-11T05:00:42.721Z,48967660221,236.484402,2026-08-11T04:56:46.237Z,3.9414067,2.722331255464485,2.770160466443113
bigquery,818,2026-08-11T05:01:42.721Z,49018417605,296.484399,2026-08-11T04:56:46.237Z,4.94140665,2.774801746448098,2.767634882737184
bigquery,819,2026-08-11T05:02:42.721Z,49078593885,37.094401,2026-08-11T05:02:05.627Z,0.6182400166666666,2.8272722387978244,2.7650755185544025
bigquery,820,2026-08-11T05:03:42.721Z,49138639347,97.094397,2026-08-11T05:02:05.627Z,1.61823995,2.7935577603825252,2.7624823742175977
bigquery,821,2026-08-11T05:04:42.721Z,49199731353,157.094399,2026-08-11T05:02:05.627Z,2.6182399833333334,2.759843279781434,2.760159324540506
bigquery,822,2026-08-11T05:05:42.721Z,49260547565,217.094405,2026-08-11T05:02:05.627Z,3.6182400833333332,2.726128798360665,2.7581063693244023
bigquery,823,2026-08-11T05:06:42.721Z,49320854663,277.094399,2026-08-11T05:02:05.627Z,4.618239983333334,2.692414316393446,2.7563235087680535
bigquery,824,2026-08-11T05:07:42.721Z,49381423397,26.646399,2026-08-11T05:07:16.075Z,0.44410665,2.7449859010928956,2.7546114877794605
bigquery,825,2026-08-11T05:08:42.721Z,49441992131,86.646397,2026-08-11T05:07:16.075Z,1.4441066166666665,2.7975574877049154,2.752970306259323
bigquery,826,2026-08-11T05:09:42.721Z,49502560865,146.646405,2026-08-11T05:07:16.075Z,2.44410675,2.7659449229508115,2.7515147429706883
bigquery,827,2026-08-11T05:10:42.721Z,49563522053,206.6464,2026-08-11T05:07:16.075Z,3.444106666666667,2.7343323551912526,2.7502447980625884
bigquery,828,2026-08-11T05:11:42.721Z,49624614059,266.646399,2026-08-11T05:07:16.075Z,4.444106649999999,2.7027197893442643,2.749160471758552
bigquery,829,2026-08-11T05:12:42.721Z,49684267067,17.2824,2026-08-11T05:12:25.439Z,0.28803999999999996,2.7559695155737693,2.7562689177098862
bigquery,830,2026-08-11T05:13:42.721Z,49744704983,77.282399,2026-08-11T05:12:25.439Z,1.2880399833333334,2.809219242076503,2.7637259479880742
bigquery,831,2026-08-11T05:14:42.721Z,49805404535,137.282399,2026-08-11T05:12:25.439Z,2.2880399833333334,2.777546564207651,2.763643683606543
bigquery,832,2026-08-11T05:15:42.721Z,49865973269,197.282404,2026-08-11T05:12:25.439Z,3.288040066666667,2.745873885792349,2.7636752291604436
bigquery,833,2026-08-11T05:16:42.721Z,49926542003,257.282398,2026-08-11T05:12:25.439Z,4.288039966666667,2.7142012090163963,2.763820584997492
bigquery,834,2026-08-11T05:17:42.721Z,49987441593,317.282399,2026-08-11T05:12:25.439Z,5.288039983333333,2.770607221857927,2.7719145497019118
bigquery,835,2026-08-11T05:18:42.721Z,50038541221,63.707395,2026-08-11T05:17:39.014Z,1.0617899166666667,2.8270132341530085,2.7802423693492115
bigquery,836,2026-08-11T05:19:42.721Z,50098063411,123.70743,2026-08-11T05:17:39.014Z,2.0617905,2.7966525795081982,2.781045052558387
bigquery,837,2026-08-11T05:20:42.721Z,50159024599,183.707399,2026-08-11T05:17:39.014Z,3.0617899833333335,2.7662919240437165,2.7820428177595784
bigquery,838,2026-08-11T05:21:42.721Z,50219985787,243.707398,2026-08-11T05:17:39.014Z,4.061789966666667,2.735931269398906,2.783235665002518
bigquery,839,2026-08-11T05:22:42.721Z,50280162067,303.707399,2026-08-11T05:17:39.014Z,5.061789983333333,2.7917534010928975,2.784623594436198
bigquery,840,2026-08-11T05:23:42.721Z,50340730801,50.744399,2026-08-11T05:22:51.977Z,0.8457399833333333,2.8475755316939897,2.7860899142573627
bigquery,841,2026-08-11T05:24:42.721Z,50401430353,110.744401,2026-08-11T05:22:51.977Z,1.8457400166666666,2.8180487573770465,2.7798233477397347
bigquery,842,2026-08-11T05:25:42.721Z,50461475815,170.744407,2026-08-11T05:22:51.977Z,2.8457401166666667,2.7885219814207614,2.7737117736711627
bigquery,843,2026-08-11T05:26:42.721Z,50522698639,230.744399,2026-08-11T05:22:51.977Z,3.845739983333333,2.7589952054644766,2.7677551921013386
bigquery,844,2026-08-11T05:27:42.721Z,50582482465,290.744397,2026-08-11T05:22:51.977Z,4.84573995,2.7294684327868755,2.7619536030054572
bigquery,845,2026-08-11T05:28:42.721Z,50643705289,30.396398,2026-08-11T05:28:12.325Z,0.5066066333333333,2.7867367398907024,2.756405391877789
bigquery,846,2026-08-11T05:29:42.721Z,50704404841,90.3964,2026-08-11T05:28:12.325Z,1.5066066666666666,2.758081002459005,2.751110558867367
bigquery,847,2026-08-11T05:30:42.721Z,50765175170,150.396397,2026-08-11T05:28:12.325Z,2.5066066166666667,2.729425264754086,2.7458932468951556
bigquery,848,2026-08-11T05:31:42.721Z,50826005540,210.396397,2026-08-11T05:28:12.325Z,3.5066066166666667,2.700769526775946,2.740753455886699
bigquery,849,2026-08-11T05:32:42.721Z,50885920184,270.396401,2026-08-11T05:28:12.325Z,4.506606683333334,2.6721137893442557,2.735691185966185
bigquery,850,2026-08-11T05:33:42.721Z,50946881372,14.959405,2026-08-11T05:33:27.762Z,0.24932341666666666,2.7307230786885186,2.738417514952785
bigquery,851,2026-08-11T05:34:42.721Z,51006796016,74.9594,2026-08-11T05:33:27.762Z,1.2493233333333333,2.789332368579231,2.7410419811723674
bigquery,852,2026-08-11T05:35:42.721Z,51057815036,134.959399,2026-08-11T05:33:27.762Z,2.2493233166666666,2.7606583256830595,2.7436274509438423
bigquery,853,2026-08-11T05:36:42.721Z,51118383770,194.959399,2026-08-11T05:33:27.762Z,3.2493233166666666,2.7319842803278678,2.746173924217601
bigquery,854,2026-08-11T05:37:42.721Z,51178952504,254.959406,2026-08-11T05:33:27.762Z,4.249323433333333,2.7033102363387966,2.748681401018406
bigquery,855,2026-08-11T05:38:42.721Z,51239782874,314.959403,2026-08-11T05:33:27.762Z,5.2493233833333335,2.7594580516393448,2.758834034500772
bigquery,856,2026-08-11T05:39:42.721Z,51300482426,66.845414,2026-08-11T05:38:35.876Z,1.1140902333333333,2.8156058683060063,2.7686986403626346
bigquery,857,2026-08-11T05:40:42.721Z,51360527888,126.845399,2026-08-11T05:38:35.876Z,2.1140899833333333,2.786521169945348,2.770451522379517
bigquery,858,2026-08-11T05:41:42.721Z,51421619894,186.845407,2026-08-11T05:38:35.876Z,3.1140901166666666,2.7574364707650183,2.7720275288872305
bigquery,859,2026-08-11T05:42:42.721Z,51481940152,246.845396,2026-08-11T05:38:35.876Z,4.114089933333333,2.7283517715846966,2.773426660308029
bigquery,860,2026-08-11T05:43:42.721Z,51543032158,306.845398,2026-08-11T05:38:35.876Z,5.114089966666667,2.783792757650272,2.7746489167908623
bigquery,861,2026-08-11T05:44:42.721Z,51603339256,56.0294,2026-08-11T05:43:46.692Z,0.9338233333333333,2.8392337431693973,2.77577196810733
bigquery,862,2026-08-11T05:45:42.721Z,51664300444,116.029398,2026-08-11T05:43:46.692Z,1.9338233,2.8086140707650213,2.7692096235221224
bigquery,863,2026-08-11T05:46:42.721Z,51724084270,176.029402,2026-08-11T05:43:46.692Z,2.9338233666666667,2.7779943972677534,2.7627102943119595
bigquery,864,2026-08-11T05:47:42.721Z,51784914640,236.029407,2026-08-11T05:43:46.692Z,3.9338234499999998,2.747374725956284,2.7562739804768834
bigquery,865,2026-08-11T05:48:42.721Z,51845745010,296.029403,2026-08-11T05:43:46.692Z,4.933823383333333,2.7167550576502704,2.749900681992048
bigquery,866,2026-08-11T05:49:42.721Z,51906575380,38.463401,2026-08-11T05:49:04.258Z,0.6410566833333333,2.7718116161202144,2.7436797927720034
bigquery,867,2026-08-11T05:50:42.721Z,51967144114,98.463401,2026-08-11T05:49:04.258Z,1.6410566833333333,2.7434200778688522,2.7376113126677164
bigquery,868,2026-08-11T05:51:42.721Z,52017116590,158.463402,2026-08-11T05:49:04.258Z,2.6410567,2.715028548633878,2.7317096480129623
bigquery,869,2026-08-11T05:52:42.721Z,52077162052,218.463401,2026-08-11T05:49:04.258Z,3.6410566833333333,2.6866370185792325,2.725974799155541
bigquery,870,2026-08-11T05:53:42.721Z,52138384876,278.463399,2026-08-11T05:49:04.258Z,4.6410566499999995,2.658245488251366,2.7204067659463775
bigquery,871,2026-08-11T05:54:42.721Z,52199110365,26.086399,2026-08-11T05:54:16.635Z,0.4347733166666667,2.715362976229512,2.7229625277198632
bigquery,872,2026-08-11T05:55:42.721Z,52259940735,86.0864,2026-08-11T05:54:16.635Z,1.4347733333333332,2.7724804620218597,2.7258533368604234
bigquery,873,2026-08-11T05:56:42.721Z,52319462925,146.086397,2026-08-11T05:54:16.635Z,2.4347732833333335,2.743695759562842,2.728998493541977
bigquery,874,2026-08-11T05:57:42.721Z,52381078203,206.086417,2026-08-11T05:54:16.635Z,3.434773616666667,2.7149110598360657,2.732397996944862
bigquery,875,2026-08-11T05:58:42.721Z,52441646937,266.086402,2026-08-11T05:54:16.635Z,4.434773366666667,2.6861263606557393,2.736051847118729
bigquery,876,2026-08-11T05:59:42.721Z,52501823217,11.604399,2026-08-11T05:59:31.117Z,0.19340665,2.7448684371584693,2.7477950413810337
bigquery,877,2026-08-11T06:00:42.721Z,52562261133,71.604397,2026-08-11T05:59:31.117Z,1.1934066166666668,2.803610516666662,2.759854032811704
bigquery,878,2026-08-11T06:01:42.721Z,52622960685,131.604401,2026-08-11T05:59:31.117Z,2.1934066833333334,2.7780168013661126,2.7645532379035767
bigquery,879,2026-08-11T06:02:42.721Z,52683529419,191.6044,2026-08-11T05:59:31.117Z,3.1934066666666667,2.752423086065563,2.769701946472899
bigquery,880,2026-08-11T06:03:42.721Z,52743967335,251.6044,2026-08-11T05:59:31.117Z,4.193406666666666,2.7268293704917923,2.775300158271214
bigquery,881,2026-08-11T06:04:42.721Z,52804405251,311.604398,2026-08-11T05:59:31.117Z,5.193406633333334,2.7874206251365976,2.7813478731991794
bigquery,882,2026-08-11T06:05:42.721Z,52865497257,52.147402,2026-08-11T06:04:50.574Z,0.8691233666666667,2.8480118819671945,2.7875412161698807
bigquery,883,2026-08-11T06:06:42.721Z,52926327627,112.147399,2026-08-11T06:04:50.574Z,1.8691233166666665,2.824171718032772,2.785968513164417
bigquery,884,2026-08-11T06:07:42.721Z,52986581052,172.147398,2026-08-11T06:04:50.574Z,2.8691233,2.800331553825121,2.7842966544709187
bigquery,885,2026-08-11T06:08:42.721Z,53047411422,232.147403,2026-08-11T06:04:50.574Z,3.869123383333333,2.77649138961747,2.7825256404868344
bigquery,886,2026-08-11T06:09:42.721Z,53096991444,292.147406,2026-08-11T06:04:50.574Z,4.869123433333333,2.752651224863369,2.7806554711872775
bigquery,887,2026-08-11T06:10:42.721Z,53158606722,40.196409,2026-08-11T06:10:02.525Z,0.6699401500000001,2.8129952098360502,2.7785713676602097
bigquery,888,2026-08-11T06:11:42.721Z,53219044638,100.196401,2026-08-11T06:10:02.525Z,1.6699400166666665,2.7863107836065404,2.7684547008196785
bigquery,889,2026-08-11T06:12:42.721Z,53279090100,160.1964,2026-08-11T06:10:02.525Z,2.66994,2.7596263557376886,2.757981054272229
bigquery,890,2026-08-11T06:13:42.721Z,53339920470,220.196409,2026-08-11T06:10:02.525Z,3.66994015,2.73294193224042,2.747150427993016
bigquery,891,2026-08-11T06:14:42.721Z,53400358386,280.196406,2026-08-11T06:10:02.525Z,4.669940100000001,2.7062575081967015,2.735962822031731
bigquery,892,2026-08-11T06:15:42.721Z,53460927120,25.214398,2026-08-11T06:15:17.507Z,0.42023996666666663,2.7644954863387774,2.7323061153004926
bigquery,893,2026-08-11T06:16:42.721Z,53521888308,85.214399,2026-08-11T06:15:17.507Z,1.4202399833333332,2.736728546721291,2.7285272032537993
bigquery,894,2026-08-11T06:17:42.721Z,53582718678,145.214401,2026-08-11T06:15:17.507Z,2.420240016666667,2.7089616060109054,2.7246505762791458
bigquery,895,2026-08-11T06:18:42.721Z,53643156594,205.214413,2026-08-11T06:15:17.507Z,3.420240216666667,2.6811946647540696,2.7206762345504103
bigquery,896,2026-08-11T06:19:42.721Z,53703825086,265.214399,2026-08-11T06:15:17.507Z,4.4202399833333335,2.6534277240436914,2.7166041777446397
bigquery,897,2026-08-11T06:20:42.721Z,53764263002,19.7944,2026-08-11T06:20:22.927Z,0.3299066666666667,2.7124274508196473,2.7201933974416037
bigquery,898,2026-08-11T06:21:42.721Z,53825093372,79.794402,2026-08-11T06:20:22.927Z,1.3299067,2.7714271773223818,2.72372367521108
bigquery,899,2026-08-11T06:22:42.721Z,53885923742,139.794398,2026-08-11T06:20:22.927Z,2.329906633333333,2.743667886885223,2.7271728799304253
bigquery,900,2026-08-11T06:23:42.721Z,53946361658,199.794398,2026-08-11T06:20:22.927Z,3.329906633333333,2.7159085967212855,2.7305410112518405
bigquery,901,2026-08-11T06:24:42.721Z,53996988224,259.794405,2026-08-11T06:20:22.927Z,4.32990675,2.688149307377026,2.7338280695479296
bigquery,902,2026-08-11T06:25:42.721Z,54057033686,319.794399,2026-08-11T06:20:22.927Z,5.32990665,2.745738924863365,2.744845331743694
bigquery,903,2026-08-11T06:26:42.721Z,54118125692,65.392396,2026-08-11T06:25:37.329Z,1.0898732666666668,2.8033285418032543,2.755704919001511
bigquery,904,2026-08-11T06:27:42.721Z,54178563608,125.392398,2026-08-11T06:25:37.329Z,2.0898733,2.774669798633851,2.7587432941877936
bigquery,905,2026-08-11T06:28:42.721Z,54239263160,185.392398,2026-08-11T06:25:37.329Z,3.0898733,2.746011050546422,2.761847640611036
bigquery,906,2026-08-11T06:29:42.721Z,54299831894,245.392398,2026-08-11T06:25:37.329Z,4.0898733,2.717352306010898,2.7650179581967014
bigquery,907,2026-08-11T06:30:42.721Z,54360662264,305.392411,2026-08-11T06:25:37.329Z,5.089873516666667,2.7746176081966905,2.768254246969677
bigquery,908,2026-08-11T06:31:42.721Z,54421785881,56.723399,2026-08-11T06:30:45.998Z,0.9453899833333334,2.8318829106557044,2.7717323640586073
bigquery,909,2026-08-11T06:32:42.721Z,54481831343,116.723399,2026-08-11T06:30:45.998Z,1.9453899833333332,2.804849304371556,2.7677741424242246
bigquery,910,2026-08-11T06:33:42.721Z,54542661713,176.723402,2026-08-11T06:30:45.998Z,2.945390033333333,2.7778156975409507,2.7642203420267917
bigquery,911,2026-08-11T06:34:42.721Z,54603361265,236.723397,2026-08-11T06:30:45.998Z,3.94538995,2.7507820901639026,2.761070963214107
bigquery,912,2026-08-11T06:35:42.721Z,54663668363,296.7234,2026-08-11T06:30:45.998Z,4.945390000000001,2.723748483879747,2.7583260056134846
bigquery,913,2026-08-11T06:36:42.721Z,54724498733,47.704399,2026-08-11T06:35:55.017Z,0.7950733166666667,2.7839982128414955,2.7559226025334946
bigquery,914,2026-08-11T06:37:42.721Z,54784544195,107.704398,2026-08-11T06:35:55.017Z,1.7950732999999999,2.7597881038251053,2.7460471923497027
bigquery,915,2026-08-11T06:38:42.721Z,54845897837,167.704405,2026-08-11T06:35:55.017Z,2.795073416666667,2.735577994262265,2.7363633121956976
bigquery,916,2026-08-11T06:39:42.721Z,54905681663,227.7044,2026-08-11T06:35:55.017Z,3.7950733333333333,2.7113678836065254,2.726870961847949
bigquery,917,2026-08-11T06:40:42.721Z,54966642851,287.704399,2026-08-11T06:35:55.017Z,4.7950733166666675,2.687157772404343,2.7175701416542157
bigquery,918,2026-08-11T06:41:42.721Z,55016876963,29.180399,2026-08-11T06:41:13.541Z,0.48633998333333334,2.7481801743169108,2.71628454754095
bigquery,919,2026-08-11T06:42:42.721Z,55078249549,89.180401,2026-08-11T06:41:13.541Z,1.4863400166666667,2.723253398633848,2.7150793308494277
bigquery,920,2026-08-11T06:43:42.721Z,55139472373,149.180406,2026-08-11T06:41:13.541Z,2.4863401,2.6983266226775635,2.7139292308742866
bigquery,921,2026-08-11T06:44:42.721Z,55199779471,209.180406,2026-08-11T06:41:13.541Z,3.4863401,2.673399843715817,2.7128342472428812
bigquery,922,2026-08-11T06:45:42.721Z,55260086569,269.1804,2026-08-11T06:41:13.541Z,4.48634,2.648473068032754,2.711794380725223
bigquery,923,2026-08-11T06:46:42.721Z,55320786121,14.402399,2026-08-11T06:46:28.319Z,0.24003998333333335,2.7096069486338505,2.718395820814666
bigquery,924,2026-08-11T06:47:42.721Z,55380962401,74.402399,2026-08-11T06:46:28.319Z,1.2400399833333333,2.77074082923494,2.724890157203142
bigquery,925,2026-08-11T06:48:42.721Z,55441792771,134.402402,2026-08-11T06:46:28.319Z,2.2400400333333335,2.7471370040983274,2.731211120615957
bigquery,926,2026-08-11T06:49:42.721Z,55502099869,194.4024,2026-08-11T06:46:28.319Z,3.24004,2.723533174316911,2.7373587110034596
bigquery,927,2026-08-11T06:50:42.721Z,55563322693,254.402401,2026-08-11T06:46:28.319Z,4.240040016666667,2.69992935191254,2.7433329284649517
bigquery,928,2026-08-11T06:51:42.721Z,55623760609,314.4024,2026-08-11T06:46:28.319Z,5.24004,2.7597736133879467,2.7491337728514407
bigquery,929,2026-08-11T06:52:42.721Z,55683675253,56.864399,2026-08-11T06:51:45.857Z,0.9477399833333333,2.8196178745901324,2.7547468378291096
bigquery,930,2026-08-11T06:53:42.721Z,55744767259,116.864399,2026-08-11T06:51:45.857Z,1.9477399833333335,2.792783996174831,2.7525091823894896
bigquery,931,2026-08-11T06:54:42.721Z,55805959451,176.8644,2026-08-11T06:51:45.857Z,2.94774,2.7659501169398593,2.7501242344262455
bigquery,932,2026-08-11T06:55:42.721Z,55865874095,236.864399,2026-08-11T06:51:45.857Z,3.9477399833333333,2.739116235792317,2.747591994336827
bigquery,933,2026-08-11T06:56:42.721Z,55916893115,296.864398,2026-08-11T06:51:45.857Z,4.947739966666666,2.712282356284124,2.7449124611028477
bigquery,934,2026-08-11T06:57:42.721Z,55977200213,41.195397,2026-08-11T06:57:01.526Z,0.68658995,2.7713506633879543,2.742166336214599
bigquery,935,2026-08-11T06:58:42.721Z,56038292219,101.195399,2026-08-11T06:57:01.526Z,1.6865899833333333,2.7461266193988836,2.7316935099354187
bigquery,936,2026-08-11T06:59:42.721Z,56098599317,161.195397,2026-08-11T06:57:01.526Z,2.68658995,2.7209025765027124,2.721373813065053
bigquery,937,2026-08-11T07:00:42.721Z,56158775597,221.195405,2026-08-11T06:57:01.526Z,3.6865900833333334,2.695678533333313,2.7112072459264542
bigquery,938,2026-08-11T07:01:42.721Z,56219736785,281.195404,2026-08-11T06:57:01.526Z,4.686590066666667,2.67045448633878,2.7011938086189646
bigquery,939,2026-08-11T07:02:42.721Z,56280436337,32.661402,2026-08-11T07:02:10.060Z,0.5443567,2.7295662396174714,2.699009084624942
bigquery,940,2026-08-11T07:03:42.721Z,56340612617,92.661399,2026-08-11T07:02:10.060Z,1.54435665,2.7044167855191086,2.689212140039713
bigquery,941,2026-08-11T07:04:42.721Z,56401181351,152.661397,2026-08-11T07:02:10.060Z,2.5443566166666667,2.679267330601075,2.679465915623413
bigquery,942,2026-08-11T07:05:42.721Z,56462011721,212.661399,2026-08-11T07:02:10.060Z,3.5443566499999997,2.654117878415282,2.6697704119224825
bigquery,943,2026-08-11T07:06:42.721Z,56523412855,272.66141,2026-08-11T07:02:10.060Z,4.5443568333333335,2.628968425409819,2.6601256285643187
bigquery,944,2026-08-11T07:07:42.721Z,56583719953,23.5384,2026-08-11T07:07:19.183Z,0.39230666666666664,2.6882503923497114,2.6584432405116702
bigquery,945,2026-08-11T07:08:42.721Z,56644157869,83.538397,2026-08-11T07:07:19.183Z,1.3923066166666667,2.6635842729508084,2.657056356259339
bigquery,946,2026-08-11T07:09:42.721Z,56704464967,143.538398,2026-08-11T07:07:19.183Z,2.3923066333333334,2.638918150819664,2.65572063929461
bigquery,947,2026-08-11T07:10:42.721Z,56765556973,203.538399,2026-08-11T07:07:19.183Z,3.39230665,2.614252035792344,2.6544360896672186
bigquery,948,2026-08-11T07:11:42.721Z,56826387343,263.5384,2026-08-11T07:07:19.183Z,4.392306666666667,2.589585916393434,2.6532027072777384
bigquery,949,2026-08-11T07:12:42.721Z,56886825259,8.964402,2026-08-11T07:12:33.757Z,0.1494067,2.651948217759552,2.659839121187319
bigquery,950,2026-08-11T07:13:42.721Z,56936797735,68.9644,2026-08-11T07:12:33.757Z,1.1494066666666667,2.7143105128415166,2.666669747739723
bigquery,951,2026-08-11T07:14:42.721Z,56997628105,128.964398,2026-08-11T07:12:33.757Z,2.1494066333333333,2.6897238989070904,2.673578714952865
bigquery,952,2026-08-11T07:15:42.721Z,57058196839,188.964407,2026-08-11T07:12:33.757Z,3.1494067833333332,2.665137284699443,2.6805660240686184
bigquery,953,2026-08-11T07:16:42.721Z,57118765573,248.964401,2026-08-11T07:12:33.757Z,4.149406683333334,2.6405506721311376,2.687631673373124
bigquery,954,2026-08-11T07:17:42.721Z,57179072671,308.964402,2026-08-11T07:12:33.757Z,5.1494067,2.701968978415294,2.6947756633135214
bigquery,955,2026-08-11T07:18:42.721Z,57240826617,58.824401,2026-08-11T07:17:43.897Z,0.9804066833333334,2.763387284426222,2.701973502657769
bigquery,956,2026-08-11T07:19:42.721Z,57301002897,118.824396,2026-08-11T07:17:43.897Z,1.9804065999999998,2.739582912295079,2.701316299801337
bigquery,957,2026-08-11T07:20:42.721Z,57361833267,178.824409,2026-08-11T07:17:43.897Z,2.9804068166666666,2.7157785510928942,2.700708500943909
bigquery,958,2026-08-11T07:21:42.721Z,57421617093,238.824397,2026-08-11T07:17:43.897Z,3.980406616666667,2.691974178142073,2.7001501063338598
bigquery,959,2026-08-11T07:22:42.721Z,57482447463,298.824398,2026-08-11T07:17:43.897Z,4.980406633333333,2.668169805737702,2.699641115623473
bigquery,960,2026-08-11T07:23:42.721Z,57543408651,41.582403,2026-08-11T07:23:01.139Z,0.69304005,2.7311244505464454,2.699203659985125
bigquery,961,2026-08-11T07:24:42.721Z,57603715749,101.5824,2026-08-11T07:23:01.139Z,1.69304,2.707081281420765,2.691258280874329
bigquery,962,2026-08-11T07:25:42.721Z,57664415301,161.5824,2026-08-11T07:23:01.139Z,2.6930400000000003,2.683038111475406,2.6835524944610203
bigquery,963,2026-08-11T07:26:42.721Z,57724853217,221.5824,2026-08-11T07:23:01.139Z,3.6930400000000003,2.6589949439890677,2.676086299602585
bigquery,964,2026-08-11T07:27:42.721Z,57785814405,281.5824,2026-08-11T07:23:01.139Z,4.69304,2.6349517743169377,2.6688596973919463
bigquery,965,2026-08-11T07:28:42.721Z,57835656063,33.072397,2026-08-11T07:28:09.649Z,0.5512066166666667,2.697156966393442,2.669536224888196
bigquery,966,2026-08-11T07:29:42.721Z,57896355615,93.072401,2026-08-11T07:28:09.649Z,1.5512066833333333,2.6759881142076485,2.670228698708384
bigquery,967,2026-08-11T07:30:42.721Z,57956561598,153.0724,2026-08-11T07:28:09.649Z,2.5512066666666664,2.6548192617486346,2.670888162121173
bigquery,968,2026-08-11T07:31:42.721Z,58018307694,213.072399,2026-08-11T07:28:09.649Z,3.5512066499999997,2.6336504076502782,2.6715146151018003
bigquery,969,2026-08-11T07:32:42.721Z,58078876428,273.072416,2026-08-11T07:28:09.649Z,4.551206933333333,2.612481553825144,2.6721080571534745
bigquery,970,2026-08-11T07:33:42.721Z,58138660254,24.676397,2026-08-11T07:33:18.045Z,0.41127328333333335,2.6756116081967285,2.6803466556631395
bigquery,971,2026-08-11T07:34:42.721Z,58199490624,84.676397,2026-08-11T07:33:18.045Z,1.4112732833333332,2.738741662568313,2.688389650596078
bigquery,972,2026-08-11T07:35:42.721Z,58260451812,144.676402,2026-08-11T07:33:18.045Z,2.411273366666667,2.7143353789617515,2.695338010755057
bigquery,973,2026-08-11T07:36:42.721Z,58320366456,204.676402,2026-08-11T07:33:18.045Z,3.411273366666667,2.689929094262298,2.7011917359413515
bigquery,974,2026-08-11T07:37:42.721Z,58381196826,264.676398,2026-08-11T07:33:18.045Z,4.4112733,2.6655228065573744,2.7059508265772156
bigquery,975,2026-08-11T07:38:42.721Z,58441503924,17.426401,2026-08-11T07:38:25.295Z,0.29044001666666663,2.7255763579234973,2.7174288442125873
bigquery,976,2026-08-11T07:39:42.721Z,58503250020,77.426398,2026-08-11T07:38:25.295Z,1.2904399666666668,2.7856299106557403,2.7279622518628703
bigquery,977,2026-08-11T07:40:42.721Z,58563033846,137.426419,2026-08-11T07:38:25.295Z,2.290440316666667,2.752420075956289,2.7375510495528697
bigquery,978,2026-08-11T07:41:42.721Z,58623352498,197.426402,2026-08-11T07:38:25.295Z,3.2904400333333332,2.7192102387978174,2.7456495340039426
bigquery,979,2026-08-11T07:42:42.721Z,58683921232,257.426422,2026-08-11T07:38:25.295Z,4.290440366666667,2.6860004046448163,2.7522577054147734
bigquery,980,2026-08-11T07:43:42.721Z,58745405692,317.426401,2026-08-11T07:38:25.295Z,5.2904400166666665,2.7387397478142166,2.757375564108274
bigquery,981,2026-08-11T07:44:42.721Z,58795901440,59.193399,2026-08-11T07:43:43.528Z,0.98655665,2.7914790923497304,2.7610283705911653
bigquery,982,2026-08-11T07:45:42.721Z,58856731810,119.193398,2026-08-11T07:43:43.528Z,1.9865566333333333,2.8442184371584727,2.763216124888252
bigquery,983,2026-08-11T07:46:42.721Z,58917692998,179.193398,2026-08-11T07:43:43.528Z,2.9865566333333335,2.8034187079235053,2.764512522727314
bigquery,984,2026-08-11T07:47:42.721Z,58977476824,239.1934,2026-08-11T07:43:43.528Z,3.9865566666666665,2.76261897978143,2.7649175645554105
bigquery,985,2026-08-11T07:48:42.721Z,59038176376,299.193399,2026-08-11T07:43:43.528Z,4.98655665,2.7218192521858042,2.7644312500745567
bigquery,986,2026-08-11T07:49:42.721Z,59099006746,47.2784,2026-08-11T07:48:55.443Z,0.7879733333333333,2.765757229234981,2.763119848584252
bigquery,987,2026-08-11T07:50:42.721Z,59159837116,107.278438,2026-08-11T07:48:55.443Z,1.7879739666666665,2.809695207923507,2.7609833600844964
bigquery,988,2026-08-11T07:51:42.721Z,59220013396,167.278396,2026-08-11T07:48:55.443Z,2.7879732666666666,2.766680452185796,2.758021784997585
bigquery,989,2026-08-11T07:52:42.721Z,59280485531,227.278397,2026-08-11T07:48:55.443Z,3.7879732833333337,2.7236656989071055,2.7548674877795167
bigquery,990,2026-08-11T07:53:42.721Z,59341054265,287.278399,2026-08-11T07:48:55.443Z,4.787973316666666,2.6806509453551937,2.7515204683557553
bigquery,991,2026-08-11T07:54:42.721Z,59401622999,28.8664,2026-08-11T07:54:13.855Z,0.4811066666666666,2.7243143314207687,2.7556436676354266
bigquery,992,2026-08-11T07:55:42.721Z,59462845823,88.866398,2026-08-11T07:54:13.855Z,1.4811066333333334,2.7679777188524644,2.7595336578242082
bigquery,993,2026-08-11T07:56:42.721Z,59522760467,148.866406,2026-08-11T07:54:13.855Z,2.481106766666667,2.8116411112021926,2.763190438897213
bigquery,994,2026-08-11T07:57:42.721Z,59583983291,208.866397,2026-08-11T07:54:13.855Z,3.4811066166666667,2.768721438524593,2.766800250447142
bigquery,995,2026-08-11T07:58:42.721Z,59644682843,268.8664,2026-08-11T07:54:13.855Z,4.481106666666666,2.725801766120222,2.7703630917536346
bigquery,996,2026-08-11T07:59:42.721Z,59704597487,23.7174,2026-08-11T07:59:19.004Z,0.39529000000000003,2.767174444262302,2.7815390726776226
bigquery,997,2026-08-11T08:00:42.721Z,59755354871,83.717397,2026-08-11T07:59:19.004Z,1.39528995,2.8085471213114825,2.7924483623447816
bigquery,998,2026-08-11T08:01:42.721Z,59815923605,143.717399,2026-08-11T07:59:19.004Z,2.3952899833333334,2.8499197997267833,2.803090960506738
bigquery,999,2026-08-11T08:02:42.721Z,59876492339,203.717399,2026-08-11T07:59:19.004Z,3.3952899833333334,2.80638837923498,2.8056137619225243
bigquery,1000,2026-08-11T08:03:42.721Z,59937483177,263.717401,2026-08-11T07:59:19.004Z,4.395290016666666,2.762856953278694,2.8078879543715876
bigquery,1001,2026-08-11T08:04:42.721Z,59998313547,323.717398,2026-08-11T07:59:19.004Z,5.395289966666667,2.8035867355191333,2.8175451821410786
bigquery,1002,2026-08-11T08:05:42.721Z,60059143917,63.334399,2026-08-11T08:04:39.387Z,1.0555733166666665,2.8443165177595726,2.8269225042722197
bigquery,1003,2026-08-11T08:06:42.721Z,60119451015,123.334397,2026-08-11T08:04:39.387Z,2.055573283333333,2.8850462986338914,2.836019920293066
bigquery,1004,2026-08-11T08:07:42.721Z,60179888931,183.334397,2026-08-11T08:04:39.387Z,3.055573283333333,2.839391926775966,2.8371477635369873
bigquery,1005,2026-08-11T08:08:42.721Z,60240065211,243.334398,2026-08-11T08:04:39.387Z,4.0555733,2.7937375554644905,2.838024587804243
bigquery,1006,2026-08-11T08:09:42.721Z,60300110673,303.3344,2026-08-11T08:04:39.387Z,5.055573333333333,2.8320312715847096,2.838650394287139
bigquery,1007,2026-08-11T08:10:42.721Z,60361333497,21.990403,2026-08-11T08:10:20.731Z,0.3665067166666667,2.870324987704929,2.839269519125661
bigquery,1008,2026-08-11T08:11:42.721Z,60422294685,81.990395,2026-08-11T08:10:20.731Z,1.3665065833333334,2.908618697540995,2.839881962444079
bigquery,1009,2026-08-11T08:12:42.721Z,60482470965,141.990407,2026-08-11T08:10:20.731Z,2.3665067833333335,2.86232607540985,2.832747163040205
bigquery,1010,2026-08-11T08:13:42.721Z,60542778063,201.990398,2026-08-11T08:10:20.731Z,3.366506633333333,2.8160334461748806,2.8257182254843345
bigquery,1011,2026-08-11T08:14:42.721Z,60603739251,261.990401,2026-08-11T08:10:20.731Z,4.366506683333333,2.769740824590178,2.818795149850964
bigquery,1012,2026-08-11T08:15:42.721Z,60665041709,321.9904,2026-08-11T08:10:20.731Z,5.366506666666667,2.8103971087431896,2.812093808047683
bigquery,1013,2026-08-11T08:16:42.721Z,60714883367,39.637398,2026-08-11T08:16:03.084Z,0.6606232999999999,2.8510533942623146,2.8056141990313006
bigquery,1014,2026-08-11T08:17:42.721Z,60775975373,99.637396,2026-08-11T08:16:03.084Z,1.6606232666666665,2.806563505191274,2.7993563244908315
bigquery,1015,2026-08-11T08:18:42.721Z,60836151653,159.637399,2026-08-11T08:16:03.084Z,2.6606233166666664,2.7620736136612205,2.7932711772479126
bigquery,1016,2026-08-11T08:19:42.721Z,60896982023,219.637397,2026-08-11T08:16:03.084Z,3.6606232833333334,2.7175837234972873,2.787358757873831
bigquery,1017,2026-08-11T08:20:42.721Z,60957681575,279.637398,2026-08-11T08:16:03.084Z,4.6606233,2.7583165117486534,2.7895279578738155
bigquery,1018,2026-08-11T08:21:42.721Z,61018119491,21.390403,2026-08-11T08:21:21.331Z,0.35650671666666667,2.7990492885246043,2.7918743311972154
bigquery,1019,2026-08-11T08:22:42.721Z,61078688225,81.3904,2026-08-11T08:21:21.331Z,1.3565066666666667,2.8397820775956415,2.794397877769494
bigquery,1020,2026-08-11T08:23:42.721Z,61138864505,141.3904,2026-08-11T08:21:21.331Z,2.3565066666666667,2.7953894557377144,2.7970263670889093
bigquery,1021,2026-08-11T08:24:42.721Z,61199564057,201.390396,2026-08-11T08:21:21.331Z,3.3565066000000003,2.7509968330601238,2.799759799354185
bigquery,1022,2026-08-11T08:25:42.721Z,61261048517,261.390398,2026-08-11T08:21:21.331Z,4.356506633333334,2.793602024590178,2.8101776330352717
bigquery,1023,2026-08-11T08:26:42.721Z,61321102187,321.390416,2026-08-11T08:21:21.331Z,5.356506933333334,2.836207215300561,2.8205323519374277
bigquery,1024,2026-08-11T08:27:42.721Z,61381932557,64.496398,2026-08-11T08:26:38.225Z,1.0749399666666666,2.878812406557394,2.8308239570789984
bigquery,1025,2026-08-11T08:28:42.721Z,61441716383,124.496399,2026-08-11T08:26:38.225Z,2.074939983333333,2.8354768877049357,2.833241170541483
bigquery,1026,2026-08-11T08:29:42.721Z,61502285117,184.496399,2026-08-11T08:26:38.225Z,3.074939983333333,2.792141368579257,2.8355226660705326
bigquery,1027,2026-08-11T08:30:42.721Z,61563246305,244.496399,2026-08-11T08:26:38.225Z,4.0749399833333335,2.8321798939890956,2.8376684438400264
bigquery,1028,2026-08-11T08:31:42.721Z,61623945857,304.496403,2026-08-11T08:26:38.225Z,5.0749400499999995,2.872218419672156,2.839727460556374
bigquery,1029,2026-08-11T08:32:42.721Z,61674049151,53.7474,2026-08-11T08:31:48.974Z,0.89579,2.912256945081988,2.8416997163686077
bigquery,1030,2026-08-11T08:33:42.721Z,61735010339,113.747397,2026-08-11T08:31:48.974Z,1.8957899500000002,2.866371425683081,2.8360243070541484
bigquery,1031,2026-08-11T08:34:42.721Z,61795448255,173.7474,2026-08-11T08:31:48.974Z,2.89579,2.820485906557395,2.8305140243666176
bigquery,1032,2026-08-11T08:35:42.721Z,61855755353,233.7474,2026-08-11T08:31:48.974Z,3.89579,2.774600388524609,2.825168868529545
bigquery,1033,2026-08-11T08:36:42.721Z,61916856502,293.7474,2026-08-11T08:31:48.974Z,4.895790000000001,2.8162512084699687,2.820887870466942
bigquery,1034,2026-08-11T08:37:42.721Z,61977556054,37.581401,2026-08-11T08:37:05.140Z,0.6263566833333333,2.857902029235,2.81767103045203
bigquery,1035,2026-08-11T08:38:42.721Z,62037993970,97.581399,2026-08-11T08:37:05.140Z,1.6263566500000002,2.816382904098392,2.8077044882016624
bigquery,1036,2026-08-11T08:39:42.721Z,62098693522,157.581402,2026-08-11T08:37:05.140Z,2.6263567,2.774863778142106,2.7987995208395247
bigquery,1037,2026-08-11T08:40:42.721Z,62158869802,217.581399,2026-08-11T08:37:05.140Z,3.62635665,2.733344654371612,2.7909561281420876
bigquery,1038,2026-08-11T08:41:42.721Z,62219700172,277.581397,2026-08-11T08:37:05.140Z,4.6263566166666665,2.7850889153005705,2.7841743101590013
bigquery,1039,2026-08-11T08:42:42.721Z,62280138088,27.995405,2026-08-11T08:42:14.726Z,0.46659008333333335,2.8368331795082207,2.778999769895687
bigquery,1040,2026-08-11T08:43:42.721Z,62340837640,87.995399,2026-08-11T08:42:14.726Z,1.4665899833333333,2.8026249803278915,2.775432507302536
bigquery,1041,2026-08-11T08:44:42.721Z,62401798828,147.995406,2026-08-11T08:42:14.726Z,2.4665901,2.768416784699475,2.7729897602583318
bigquery,1042,2026-08-11T08:45:42.721Z,62461713472,207.995399,2026-08-11T08:42:14.726Z,3.4665899833333333,2.7342085868852664,2.771671528912107
bigquery,1043,2026-08-11T08:46:42.721Z,62522543842,267.995403,2026-08-11T08:42:14.726Z,4.46659005,2.7000003907103998,2.7714778130650966
bigquery,1044,2026-08-11T08:47:42.721Z,62573170408,16.360404,2026-08-11T08:47:26.361Z,0.2726734,2.7593312655737807,2.7718349169647563
bigquery,1045,2026-08-11T08:48:42.721Z,62633607948,76.360397,2026-08-11T08:47:26.361Z,1.2726732833333334,2.81866214071039,2.7727428402633283
bigquery,1046,2026-08-11T08:49:42.721Z,62694438318,136.360401,2026-08-11T08:47:26.361Z,2.27267335,2.789512686612032,2.7740939331346537
bigquery,1047,2026-08-11T08:50:42.721Z,62755007052,196.360405,2026-08-11T08:47:26.361Z,3.2726734166666662,2.760363233333345,2.775888195404894
bigquery,1048,2026-08-11T08:51:42.721Z,62815837422,256.360401,2026-08-11T08:47:26.361Z,4.272673350000001,2.731213780054651,2.7781256272975785
bigquery,1049,2026-08-11T08:52:42.721Z,62876536974,316.360404,2026-08-11T08:47:26.361Z,5.2726734,2.7890170581967304,2.780806228142079
bigquery,1050,2026-08-11T08:53:42.721Z,62936713254,64.801401,2026-08-11T08:52:37.920Z,1.08002335,2.8468203357923603,2.783297633730771
bigquery,1051,2026-08-11T08:54:42.721Z,62997805260,124.8014,2026-08-11T08:52:37.920Z,2.0800233333333336,2.81748700191258,2.7778290542225723
bigquery,1052,2026-08-11T08:55:42.721Z,63058243176,184.801401,2026-08-11T08:52:37.920Z,3.08002335,2.7881536696721416,2.7724441558619386
bigquery,1053,2026-08-11T08:56:42.721Z,63118027002,244.801396,2026-08-11T08:52:37.920Z,4.080023266666667,2.7588203377049245,2.76714293857429
bigquery,1054,2026-08-11T08:57:42.721Z,63179249826,304.801406,2026-08-11T08:52:37.920Z,5.080023433333333,2.7294870000000033,2.7619254022355233
bigquery,1055,2026-08-11T08:58:42.721Z,63239426106,50.258398,2026-08-11T08:57:52.463Z,0.8376399666666666,2.786736727049189,2.756605307526115
bigquery,1056,2026-08-11T08:59:42.721Z,63299994840,110.2584,2026-08-11T08:57:52.463Z,1.83764,2.7585077661202213,2.743648675558895
bigquery,1057,2026-08-11T09:00:42.721Z,63360577409,170.258403,2026-08-11T08:57:52.463Z,2.8376400499999996,2.730278804644811,2.730977016343786
bigquery,1058,2026-08-11T09:01:42.721Z,63420884507,230.258401,2026-08-11T08:57:52.463Z,3.8376400166666667,2.702049843169401,2.7185903296820637
bigquery,1059,2026-08-11T09:02:42.721Z,63482107331,290.258402,2026-08-11T08:57:52.463Z,4.837640033333333,2.6738208803278702,2.7064886155986145
bigquery,1060,2026-08-11T09:03:42.721Z,63542021975,35.776398,2026-08-11T09:03:06.945Z,0.5962733,2.730496016393444,2.702524979284631
bigquery,1061,2026-08-11T09:04:42.721Z,63592256087,95.776401,2026-08-11T09:03:06.945Z,1.5962733500000001,2.7042973841530062,2.6988282331594333
bigquery,1062,2026-08-11T09:05:42.721Z,63652955639,155.776402,2026-08-11T09:03:06.945Z,2.5962733666666664,2.678098750546448,2.695377164952788
bigquery,1063,2026-08-11T09:06:42.721Z,63713262737,215.7764,2026-08-11T09:03:06.945Z,3.5962733333333334,2.6519001163934397,2.692171774838533
bigquery,1064,2026-08-11T09:07:42.721Z,63773962289,275.776401,2026-08-11T09:03:06.945Z,4.596273350000001,2.6257014827868814,2.689212062816668
bigquery,1065,2026-08-11T09:08:42.721Z,63834661841,31.374399,2026-08-11T09:08:11.347Z,0.52290665,2.685887000546446,2.6941876960257685
bigquery,1066,2026-08-11T09:09:42.721Z,63895230575,91.374397,2026-08-11T09:08:11.347Z,1.5229066166666667,2.7460725196721243,2.6993801202930543
bigquery,1067,2026-08-11T09:10:42.721Z,63955276037,151.374407,2026-08-11T09:08:11.347Z,2.522906783333333,2.720546015846989,2.7046723207152934
bigquery,1068,2026-08-11T09:11:42.721Z,64015882943,211.374398,2026-08-11T09:08:11.347Z,3.5229066333333336,2.695019513387967,2.7100642975409426
bigquery,1069,2026-08-11T09:12:42.721Z,64076713313,271.374402,2026-08-11T09:08:11.347Z,4.522906699999999,2.669493010928952,2.715556050720269
bigquery,1070,2026-08-11T09:13:42.721Z,64136627957,16.788398,2026-08-11T09:13:25.933Z,0.27980663333333333,2.728552845628402,2.7288881416541866
bigquery,1071,2026-08-11T09:14:42.721Z,64197589145,76.788402,2026-08-11T09:13:25.933Z,1.2798067000000002,2.7876126833333146,2.7422074657724393
bigquery,1072,2026-08-11T09:15:42.721Z,64257896243,136.788397,2026-08-11T09:13:25.933Z,2.279806616666667,2.7625115887977985,2.7475558261052853
bigquery,1073,2026-08-11T09:16:42.721Z,64318988249,196.788402,2026-08-11T09:13:25.933Z,3.2798067,2.737410495628395,2.75272522463981
bigquery,1074,2026-08-11T09:17:42.721Z,64379556983,256.7884,2026-08-11T09:13:25.933Z,4.279806666666667,2.7123094013660998,2.7577156614256637
bigquery,1075,2026-08-11T09:18:42.721Z,64439733263,316.788399,2026-08-11T09:13:25.933Z,5.27980665,2.772354483060091,2.762527136264246
bigquery,1076,2026-08-11T09:19:42.721Z,64500301997,52.950397,2026-08-11T09:18:49.771Z,0.8825066166666667,2.8323995658469743,2.7672086558867375
bigquery,1077,2026-08-11T09:20:42.721Z,64560739913,112.950398,2026-08-11T09:18:49.771Z,1.8825066333333333,2.804904483333318,2.76395453194238
bigquery,1078,2026-08-11T09:21:42.721Z,64611497297,172.950399,2026-08-11T09:18:49.771Z,2.8825066500000003,2.7774093997267615,2.7604157583209186
bigquery,1079,2026-08-11T09:22:42.721Z,64671935213,232.950401,2026-08-11T09:18:49.771Z,3.8825066833333333,2.7499143180327756,2.756592335022354
bigquery,1080,2026-08-11T09:23:42.721Z,64732503947,292.950396,2026-08-11T09:18:49.771Z,4.8825066,2.722419234152998,2.752484262071572
bigquery,1081,2026-08-11T09:24:42.721Z,64793072681,34.030398,2026-08-11T09:24:08.691Z,0.5671733,2.780049561475406,2.748163769846046
bigquery,1082,2026-08-11T09:25:42.721Z,64853778935,94.0304,2026-08-11T09:24:08.691Z,1.5671733333333333,2.7518173199453515,2.7436308583209708
bigquery,1083,2026-08-11T09:26:42.721Z,64913567712,154.030403,2026-08-11T09:24:08.691Z,2.5671733833333334,2.723585078961747,2.7390745489071624
bigquery,1084,2026-08-11T09:27:42.721Z,64974528900,214.0304,2026-08-11T09:24:08.691Z,3.5671733333333333,2.6953528393442627,2.734494841654313
bigquery,1085,2026-08-11T09:28:42.721Z,65035228452,274.030399,2026-08-11T09:24:08.691Z,4.567173316666667,2.6671205989071076,2.7298917364382347
bigquery,1086,2026-08-11T09:29:42.721Z,65096189640,21.178402,2026-08-11T09:29:21.543Z,0.3529733666666666,2.7248290685792362,2.73307651033288
bigquery,1087,2026-08-11T09:30:42.721Z,65156104284,81.1784,2026-08-11T09:29:21.543Z,1.3529733333333334,2.782537539071036,2.7363104894436465
bigquery,1088,2026-08-11T09:31:42.721Z,65216934654,141.1784,2026-08-11T09:29:21.543Z,2.3529733333333334,2.7547850797814135,2.7396864955787597
bigquery,1089,2026-08-11T09:32:42.721Z,65277372570,201.178399,2026-08-11T09:29:21.543Z,3.352973316666667,2.727032619945349,2.74320452851469
bigquery,1090,2026-08-11T09:33:42.721Z,65337418032,261.178398,2026-08-11T09:29:21.543Z,4.3529733,2.6992801606557344,2.7468645881520555
bigquery,1091,2026-08-11T09:34:42.721Z,65398510038,17.860403,2026-08-11T09:34:24.861Z,0.2976733833333334,2.757451746994529,2.758227578787889
bigquery,1092,2026-08-11T09:35:42.721Z,65458947954,77.860401,2026-08-11T09:34:24.861Z,1.29767335,2.815623331693982,2.769480708569311
bigquery,1093,2026-08-11T09:36:42.721Z,65519516688,137.860399,2026-08-11T09:34:24.861Z,2.2976733166666667,2.7889533874316856,2.7729317764281984
bigquery,1094,2026-08-11T09:37:42.721Z,65579878736,197.860401,2026-08-11T09:34:24.861Z,3.2976733499999997,2.7622834412568187,2.7763499581966986
bigquery,1095,2026-08-11T09:38:42.721Z,65630882840,257.860396,2026-08-11T09:34:24.861Z,4.297673266666666,2.7356134953551803,2.779735253700892
bigquery,1096,2026-08-11T09:39:42.721Z,65691189938,317.860399,2026-08-11T09:34:24.861Z,5.297673316666666,2.79211349590163,2.790901523000436
bigquery,1097,2026-08-11T09:40:42.721Z,65752020308,64.154398,2026-08-11T09:39:38.567Z,1.0692399666666668,2.8486134961748517,2.8020374889716466
bigquery,1098,2026-08-11T09:41:42.721Z,65812327406,124.1544,2026-08-11T09:39:38.567Z,2.0692399999999997,2.820499285519112,2.805454602483802
bigquery,1099,2026-08-11T09:42:42.721Z,65873550230,184.154398,2026-08-11T09:39:38.567Z,3.0692399666666663,2.7923850792349634,2.8088657297068327
bigquery,1100,2026-08-11T09:43:42.721Z,65933988146,244.1544,2026-08-11T09:39:38.567Z,4.06924,2.764270870491794,2.812270870963651
bigquery,1101,2026-08-11T09:44:42.721Z,65994164426,304.154405,2026-08-11T09:39:38.567Z,5.069240083333333,2.822109122950805,2.815670026204564
bigquery,1102,2026-08-11T09:45:42.721Z,66055256432,56.1254,2026-08-11T09:44:46.596Z,0.9354233333333333,2.8799473726775817,2.81954595799793
bigquery,1103,2026-08-11T09:46:42.721Z,66115040258,116.125398,2026-08-11T09:44:46.596Z,1.9354233,2.8532115803278564,2.8161148605314668
bigquery,1104,2026-08-11T09:47:42.721Z,66176001446,176.125398,2026-08-11T09:44:46.596Z,2.9354232999999996,2.8264757868852386,2.8130689347739133
bigquery,1105,2026-08-11T09:48:42.721Z,66236177726,236.125403,2026-08-11T09:44:46.596Z,3.9354233833333336,2.799739995081963,2.8104081802036323
bigquery,1106,2026-08-11T09:49:42.721Z,66297138914,296.1254,2026-08-11T09:44:46.596Z,4.9354233333333335,2.7730042030054585,2.8081325971932283
bigquery,1107,2026-08-11T09:50:42.721Z,66357792525,35.728399,2026-08-11T09:50:06.993Z,0.5954733166666667,2.834748745628404,2.8063498357426564
bigquery,1108,2026-08-11T09:51:42.721Z,66418230441,95.728399,2026-08-11T09:50:06.993Z,1.5954733166666666,2.810871424043704,2.7975146401887616
bigquery,1109,2026-08-11T09:52:42.721Z,66479191629,155.728402,2026-08-11T09:50:06.993Z,2.5954733666666665,2.786994102185783,2.7893155597615658
bigquery,1110,2026-08-11T09:53:42.721Z,66539891181,215.728397,2026-08-11T09:50:06.993Z,3.5954732833333334,2.763116778961741,2.78175259461006
bigquery,1111,2026-08-11T09:54:42.721Z,66590125293,275.728399,2026-08-11T09:50:06.993Z,4.595473316666667,2.7392394573770407,2.774825744659748
bigquery,1112,2026-08-11T09:55:42.721Z,66651348117,21.471396,2026-08-11T09:55:21.250Z,0.35785659999999997,2.8024987469945297,2.7763057998510123
bigquery,1113,2026-08-11T09:56:42.721Z,66711131943,81.471399,2026-08-11T09:55:21.250Z,1.35785665,2.7827602215846903,2.77033111018384
bigquery,1114,2026-08-11T09:57:42.721Z,66771177405,141.471399,2026-08-11T09:55:21.250Z,2.35785665,2.7630216956284084,2.764685481470472
bigquery,1115,2026-08-11T09:58:42.721Z,66832138593,201.471406,2026-08-11T09:55:21.250Z,3.3578567666666665,2.743283170218569,2.7593689139841278
bigquery,1116,2026-08-11T09:59:42.721Z,66892576509,261.471397,2026-08-11T09:55:21.250Z,4.357856616666667,2.7235446456284005,2.7543814076999626
bigquery,1117,2026-08-11T10:00:42.721Z,66953668515,321.471402,2026-08-11T09:55:21.250Z,5.3578567,2.7892848101092778,2.75725694150523
bigquery,1118,2026-08-11T10:01:42.721Z,67012929069,68.684402,2026-08-11T10:00:34.037Z,1.1447400333333335,2.7690271592896054,2.760074005390007
bigquery,1119,2026-08-11T10:02:42.721Z,67073759439,128.684398,2026-08-11T10:00:34.037Z,2.1447399666666667,2.7487695081967045,2.762651203502256
bigquery,1120,2026-08-11T10:03:42.721Z,67135155858,188.684401,2026-08-11T10:00:34.037Z,3.144740016666667,2.7285118598360523,2.76498853589171
bigquery,1121,2026-08-11T10:04:42.721Z,67194687348,248.684404,2026-08-11T10:00:34.037Z,4.1447400666666665,2.708254209836051,2.767086002583214
bigquery,1122,2026-08-11T10:05:42.721Z,67255358732,308.684401,2026-08-11T10:00:34.037Z,5.144740016666666,2.7708703292349606,2.76894360340289
bigquery,1123,2026-08-11T10:06:42.721Z,67316384594,58.164406,2026-08-11T10:05:44.557Z,0.9694067666666667,2.8334864497267622,2.7705825504719375
bigquery,1124,2026-08-11T10:07:42.721Z,67376584858,118.164397,2026-08-11T10:05:44.557Z,1.9694066166666666,2.811109400819659,2.771978477198197
bigquery,1125,2026-08-11T10:08:42.721Z,67436231185,178.164399,2026-08-11T10:05:44.557Z,2.9694066500000003,2.788732351912556,2.773131383755547
bigquery,1126,2026-08-11T10:09:42.721Z,67496649979,238.164401,2026-08-11T10:05:44.557Z,3.9694066833333332,2.7663553038251236,2.774041269796271
bigquery,1127,2026-08-11T10:10:42.721Z,67557999690,298.164398,2026-08-11T10:05:44.557Z,4.9694066333333335,2.7439782546447993,2.7747081353948655
bigquery,1128,2026-08-11T10:11:42.721Z,67617919205,48.476396,2026-08-11T10:10:54.245Z,0.8079399333333334,2.807313227868839,2.775248995156413
bigquery,1129,2026-08-11T10:12:42.721Z,67668934432,108.476403,2026-08-11T10:10:54.245Z,1.80794005,2.7843823532786747,2.768014047764444
bigquery,1130,2026-08-11T10:13:42.721Z,67728969979,168.476398,2026-08-11T10:10:54.245Z,2.8079399666666665,2.761451480327852,2.7607299449080283
bigquery,1131,2026-08-11T10:14:42.721Z,67789162648,228.476402,2026-08-11T10:10:54.245Z,3.8079400333333333,2.7385206062841374,2.7533966863884003
bigquery,1132,2026-08-11T10:15:42.721Z,67850258479,288.476396,2026-08-11T10:10:54.245Z,4.8079399333333335,2.7155897314207516,2.7460142722304473
bigquery,1133,2026-08-11T10:16:42.721Z,67911024132,38.935397,2026-08-11T10:16:03.786Z,0.6489232833333334,2.776819786612011,2.7465408993044464
bigquery,1134,2026-08-11T10:17:42.721Z,67971420921,98.935398,2026-08-11T10:16:03.786Z,1.6489233,2.7539020284152906,2.7394045606060073
bigquery,1135,2026-08-11T10:18:42.721Z,68032513062,158.935402,2026-08-11T10:16:03.786Z,2.6489233666666667,2.7309842693989,2.732447605936365
bigquery,1136,2026-08-11T10:19:42.721Z,68092578262,218.9354,2026-08-11T10:16:03.786Z,3.6489233333333333,2.7080665081967172,2.725670035221025
bigquery,1137,2026-08-11T10:20:42.721Z,68153412767,278.935423,2026-08-11T10:16:03.786Z,4.648923716666667,2.6851487480874265,2.7190718483854486
bigquery,1138,2026-08-11T10:21:42.721Z,68213850683,25.559401,2026-08-11T10:21:17.162Z,0.4259900166666667,2.7497711524590054,2.7204587336810535
bigquery,1139,2026-08-11T10:22:42.721Z,68274419417,85.559401,2026-08-11T10:21:17.162Z,1.4259900166666666,2.728813502185776,2.7221796974664274
bigquery,1140,2026-08-11T10:23:42.721Z,68335393873,145.559398,2026-08-11T10:21:17.162Z,2.4259899666666667,2.7078558519125537,2.723969389567752
bigquery,1141,2026-08-11T10:24:42.721Z,68395308517,205.559399,2026-08-11T10:21:17.162Z,3.4259899833333334,2.6868982024590027,2.725827809761499
bigquery,1142,2026-08-11T10:25:42.721Z,68455981123,265.559398,2026-08-11T10:21:17.162Z,4.425989966666666,2.665940551092881,2.727754958395384
bigquery,1143,2026-08-11T10:26:42.721Z,68516288221,21.787397,2026-08-11T10:26:20.934Z,0.3631232833333333,2.7308454696721145,2.7297508351961453
bigquery,1144,2026-08-11T10:27:42.721Z,68566522515,81.787398,2026-08-11T10:26:20.934Z,1.3631233,2.7957503882513475,2.7316264188026995
bigquery,1145,2026-08-11T10:28:42.721Z,68626979430,141.787397,2026-08-11T10:26:20.934Z,2.363123283333333,2.7735886415300346,2.7335705319671266
bigquery,1146,2026-08-11T10:29:42.721Z,68687548164,201.787399,2026-08-11T10:26:20.934Z,3.3631233166666665,2.751426891530031,2.7355831746149306
bigquery,1147,2026-08-11T10:30:42.721Z,68748505156,261.787404,2026-08-11T10:26:20.934Z,4.3631234,2.7292651431693766,2.7376643466715738
bigquery,1148,2026-08-11T10:31:42.721Z,68808556098,7.035398,2026-08-11T10:31:35.686Z,0.11725663333333333,2.7071033928961517,2.739814047913528
bigquery,1149,2026-08-11T10:32:42.721Z,68868732378,67.035397,2026-08-11T10:31:35.686Z,1.1172566166666666,2.770402572131127,2.741939456954738
bigquery,1150,2026-08-11T10:33:42.721Z,68929824384,127.035406,2026-08-11T10:31:35.686Z,2.1172567666666664,2.7501987469945113,2.736345889269697
bigquery,1151,2026-08-11T10:34:42.721Z,68990654754,187.035399,2026-08-11T10:31:35.686Z,3.1172566500000003,2.7299949210382244,2.730948496249353
bigquery,1152,2026-08-11T10:35:42.721Z,69050700216,247.0354,2026-08-11T10:31:35.686Z,4.117256666666667,2.709791095081945,2.7257472782413803
bigquery,1153,2026-08-11T10:36:42.721Z,69111792222,307.035402,2026-08-11T10:31:35.686Z,5.1172566999999995,2.689587264754075,2.7207422350471377
bigquery,1154,2026-08-11T10:37:42.721Z,69172622592,55.9604,2026-08-11T10:36:46.761Z,0.9326733333333334,2.7542249691256657,2.7236255677098598
bigquery,1155,2026-08-11T10:38:42.721Z,69233191326,115.960402,2026-08-11T10:36:46.761Z,1.9326733666666667,2.7342211437158306,2.7187368934426313
bigquery,1156,2026-08-11T10:39:42.721Z,69293367606,175.9604,2026-08-11T10:36:46.761Z,2.9326733333333332,2.7142173183059954,2.71366739461006
bigquery,1157,2026-08-11T10:40:42.721Z,69353674704,235.960399,2026-08-11T10:36:46.761Z,3.9326733166666665,2.6942134934426023,2.7084170710631126
bigquery,1158,2026-08-11T10:41:42.721Z,69414505074,295.9604,2026-08-11T10:36:46.761Z,4.932673333333333,2.674209668032767,2.7029859230750515
bigquery,1159,2026-08-11T10:42:42.721Z,69464870004,40.227399,2026-08-11T10:42:02.494Z,0.67045665,2.738820052185772,2.7050625003974513
bigquery,1160,2026-08-11T10:43:42.721Z,69525372421,100.227403,2026-08-11T10:42:02.494Z,1.6704567166666666,2.716627155191239,2.6992714674118528
bigquery,1161,2026-08-11T10:44:42.721Z,69586595245,160.227401,2026-08-11T10:42:02.494Z,2.670456683333333,2.694434259836047,2.6933075085196587
bigquery,1162,2026-08-11T10:45:42.721Z,69646771525,220.227403,2026-08-11T10:42:02.494Z,3.6704567166666666,2.672241362021843,2.6871706236960233
bigquery,1163,2026-08-11T10:46:42.721Z,69707340259,280.227402,2026-08-11T10:42:02.494Z,4.6704567,2.650048467213101,2.6808608121957813
bigquery,1164,2026-08-11T10:47:42.721Z,69767778175,32.246403,2026-08-11T10:47:10.475Z,0.5374400500000001,2.7124296153005325,2.6821618799553604
bigquery,1165,2026-08-11T10:48:42.721Z,69828477727,92.2464,2026-08-11T10:47:10.475Z,1.53744,2.6905236062841333,2.675691735444657
bigquery,1166,2026-08-11T10:49:42.721Z,69888784825,152.246397,2026-08-11T10:47:10.475Z,2.53743995,2.668617595901621,2.669341586065622
bigquery,1167,2026-08-11T10:50:42.721Z,69949615195,212.246398,2026-08-11T10:47:10.475Z,3.5374399666666667,2.6467115852458876,2.6631114316194893
bigquery,1168,2026-08-11T10:51:42.721Z,70010445565,272.246399,2026-08-11T10:47:10.475Z,4.537439983333333,2.6248055669398798,2.6570012724292114
bigquery,1169,2026-08-11T10:52:42.721Z,70070229391,19.023399,2026-08-11T10:52:23.698Z,0.31705665,2.688521413387967,2.658556364083448
bigquery,1170,2026-08-11T10:53:42.721Z,70130798125,79.023402,2026-08-11T10:52:23.698Z,1.3170567,2.667648462568292,2.6600881571783415
bigquery,1171,2026-08-11T10:54:42.721Z,70191759313,139.0234,2026-08-11T10:52:23.698Z,2.3170566666666668,2.6467755120218452,2.661438579185332
bigquery,1172,2026-08-11T10:55:42.721Z,70251804775,199.023395,2026-08-11T10:52:23.698Z,3.317056583333333,2.625902560928949,2.6626076301291834
bigquery,1173,2026-08-11T10:56:42.721Z,70312765963,259.023398,2026-08-11T10:52:23.698Z,4.317056633333333,2.605029610928945,2.6635953098360585
bigquery,1174,2026-08-11T10:57:42.721Z,70373568108,319.023401,2026-08-11T10:52:23.698Z,5.317056683333333,2.667154475409819,2.6722196022354763
bigquery,1175,2026-08-11T10:58:42.721Z,70433613570,60.359406,2026-08-11T10:57:42.362Z,1.0059901,2.7292793393442434,2.6806967015896506
bigquery,1176,2026-08-11T10:59:42.721Z,70494313122,120.359401,2026-08-11T10:57:42.362Z,2.005990016666667,2.7053782483606366,2.688648664282151
bigquery,1177,2026-08-11T11:00:42.721Z,70554751038,180.359398,2026-08-11T10:57:42.362Z,3.0059899666666667,2.6814771562841373,2.696075490337783
bigquery,1178,2026-08-11T11:01:42.721Z,70605246786,240.359396,2026-08-11T10:57:42.362Z,4.005989933333334,2.6575760620218465,2.7029771797814317
bigquery,1179,2026-08-11T11:02:42.721Z,70665423066,300.359398,2026-08-11T10:57:42.362Z,5.005989966666666,2.7196727833333187,2.709353732513674
bigquery,1180,2026-08-11T11:03:42.721Z,70726907526,54.738398,2026-08-11T11:02:47.983Z,0.9123066333333333,2.78176950628414,2.71538654441131
bigquery,1181,2026-08-11T11:04:42.721Z,70786952988,114.738398,2026-08-11T11:02:47.983Z,1.9123066333333334,2.7551200521857773,2.7137844828861986
bigquery,1182,2026-08-11T11:05:42.721Z,70847260086,174.738401,2026-08-11T11:02:47.983Z,2.9123066833333335,2.728470598633864,2.7123680892945314
bigquery,1183,2026-08-11T11:06:42.721Z,70907436366,234.738382,2026-08-11T11:02:47.983Z,3.912306366666667,2.701821144808722,2.7111373639840664
bigquery,1184,2026-08-11T11:07:42.721Z,70967612646,294.738404,2026-08-11T11:02:47.983Z,4.912306733333334,2.675171690983588,2.710092306905112
bigquery,1185,2026-08-11T11:08:42.721Z,71028050562,44.950396,2026-08-11T11:07:57.771Z,0.7491732666666666,2.7335154062841376,2.709257284674591
bigquery,1186,2026-08-11T11:09:42.721Z,71088488478,104.950398,2026-08-11T11:07:57.771Z,1.7491733,2.711656662568292,2.7007051732240472
bigquery,1187,2026-08-11T11:10:42.721Z,71148715340,164.950402,2026-08-11T11:07:57.771Z,2.7491733666666667,2.6897979188524466,2.692503806954805
bigquery,1188,2026-08-11T11:11:42.721Z,71209545710,224.950397,2026-08-11T11:07:57.771Z,3.7491732833333336,2.6679391778688353,2.6846531857426768
bigquery,1189,2026-08-11T11:12:42.721Z,71269852808,284.950402,2026-08-11T11:07:57.771Z,4.749173366666667,2.64608043415299,2.6771533096621996
bigquery,1190,2026-08-11T11:13:42.721Z,71330552360,27.2504,2026-08-11T11:13:15.471Z,0.4541733333333333,2.7104875387978056,2.677653979955308
bigquery,1191,2026-08-11T11:14:42.721Z,71391513548,87.250401,2026-08-11T11:13:15.471Z,1.45417335,2.6876962803278612,2.6784285449578173
bigquery,1192,2026-08-11T11:15:42.721Z,71452605554,147.250396,2026-08-11T11:13:15.471Z,2.4541732666666665,2.664905023224037,2.6788489869101215
bigquery,1193,2026-08-11T11:16:42.721Z,71502054758,207.250401,2026-08-11T11:13:15.471Z,3.45417335,2.642113765300542,2.678915305787417
bigquery,1194,2026-08-11T11:17:42.721Z,71562623492,267.250399,2026-08-11T11:13:15.471Z,4.454173316666667,2.6193225079234894,2.6786275012916367
bigquery,1195,2026-08-11T11:18:42.721Z,71623715498,18.759405,2026-08-11T11:18:23.962Z,0.31265675000000004,2.6806790642076446,2.6857655788127306
bigquery,1196,2026-08-11T11:19:42.721Z,71684153414,78.759404,2026-08-11T11:18:23.962Z,1.3126567333333334,2.7420356213114707,2.6924871881520547
bigquery,1197,2026-08-11T11:20:42.721Z,71744591330,138.759401,2026-08-11T11:18:23.962Z,2.312656683333333,2.716281524043709,2.698929190064601
bigquery,1198,2026-08-11T11:21:42.721Z,71805160064,198.759396,2026-08-11T11:18:23.962Z,3.3126566,2.690527426502725,2.705091584600103
bigquery,1199,2026-08-11T11:22:42.721Z,71866252070,258.759399,2026-08-11T11:18:23.962Z,4.312656649999999,2.6647733284152997,2.7109743718330965
bigquery,1200,2026-08-11T11:23:42.721Z,71926904477,9.164401,2026-08-11T11:23:33.557Z,0.15274001666666667,2.724599286885245,2.7165775515399715
bigquery,1201,2026-08-11T11:24:42.721Z,71987342393,69.164399,2026-08-11T11:23:33.557Z,1.1527399833333334,2.78442524153005,2.7221664737704816
bigquery,1202,2026-08-11T11:25:42.721Z,72047911127,129.164398,2026-08-11T11:23:33.557Z,2.1527399666666667,2.7585583013661177,2.720078371659218
bigquery,1203,2026-08-11T11:26:42.721Z,72107956589,189.164401,2026-08-11T11:23:33.557Z,3.152740016666667,2.732691363114748,2.7182323956781147
bigquery,1204,2026-08-11T11:27:42.721Z,72168132869,249.164401,2026-08-11T11:23:33.557Z,4.152740016666667,2.706824424863379,2.716628545976164
bigquery,1205,2026-08-11T11:28:42.721Z,72229355693,309.1644,2026-08-11T11:23:33.557Z,5.15274,2.6809574846994466,2.7152668224292196
bigquery,1206,2026-08-11T11:29:42.721Z,72289662791,54.309404,2026-08-11T11:28:48.412Z,0.9051567333333334,2.7421572087431607,2.7139584022354692
bigquery,1207,2026-08-11T11:30:42.721Z,72350754797,114.309402,2026-08-11T11:28:48.412Z,1.9051567,2.719066498087427,2.7049446419274648
bigquery,1208,2026-08-11T11:31:42.721Z,72411061895,174.309399,2026-08-11T11:28:48.412Z,2.9051566500000003,2.6959757882513644,2.6960158045206053
bigquery,1209,2026-08-11T11:32:42.721Z,72472023083,234.309398,2026-08-11T11:28:48.412Z,3.905156633333333,2.6728850797814228,2.6871718904371846
bigquery,1210,2026-08-11T11:33:42.721Z,72522257195,294.309403,2026-08-11T11:28:48.412Z,4.905156716666666,2.6497943693989106,2.678412899105834
bigquery,1211,2026-08-11T11:34:42.721Z,72582825929,29.498404,2026-08-11T11:34:13.223Z,0.49164006666666665,2.7102066647541028,2.6774335154247884
bigquery,1212,2026-08-11T11:35:42.721Z,72643263845,89.498399,2026-08-11T11:34:13.223Z,1.4916399833333334,2.6852738781420857,2.676318588027863
bigquery,1213,2026-08-11T11:36:42.721Z,72702790783,149.498399,2026-08-11T11:34:13.223Z,2.4916399833333336,2.6603410898907196,2.6745638444610282
bigquery,1214,2026-08-11T11:37:42.721Z,72763490335,209.498401,2026-08-11T11:34:13.223Z,3.4916400166666666,2.635408308196728,2.67216928469948
bigquery,1215,2026-08-11T11:38:42.721Z,72824451523,269.498398,2026-08-11T11:34:13.223Z,4.491639966666667,2.610475520218583,2.6691349085196467
bigquery,1216,2026-08-11T11:39:42.721Z,72884235349,35.9574,2026-08-11T11:39:06.764Z,0.59929,2.670184264207655,2.673351923373089
bigquery,1217,2026-08-11T11:40:42.721Z,72944934901,95.957398,2026-08-11T11:39:06.764Z,1.5992899666666667,2.729893007377049,2.6772291467958564
bigquery,1218,2026-08-11T11:41:42.721Z,73005896089,155.957407,2026-08-11T11:39:06.764Z,2.5992901166666664,2.6997643188524605,2.681015312146056
bigquery,1219,2026-08-11T11:42:42.721Z,73066334005,215.957398,2026-08-11T11:39:06.764Z,3.599289966666667,2.669635630874322,2.6847104194486167
bigquery,1220,2026-08-11T11:43:42.721Z,73126641103,275.957402,2026-08-11T11:39:06.764Z,4.599290033333333,2.6395069418032837,2.6883144683805438
bigquery,1221,2026-08-11T11:44:42.721Z,73187733109,16.811397,2026-08-11T11:44:25.910Z,0.28018994999999997,2.6961815327868845,2.699489928017887
bigquery,1222,2026-08-11T11:45:42.721Z,73247255299,76.8114,2026-08-11T11:44:25.910Z,1.2801900000000002,2.7528561224043724,2.710542113735714
bigquery,1223,2026-08-11T11:46:42.721Z,73308216487,136.811399,2026-08-11T11:44:25.910Z,2.2801899833333334,2.726921696994537,2.7138683431942145
bigquery,1224,2026-08-11T11:47:42.721Z,73369046857,196.8114,2026-08-11T11:44:25.910Z,3.2801899999999997,2.7009872702185813,2.717635655737674
bigquery,1225,2026-08-11T11:48:42.721Z,73429746409,256.811399,2026-08-11T11:44:25.910Z,4.280189983333333,2.6750528464480876,2.7218440514157423
bigquery,1226,2026-08-11T11:49:42.721Z,73479667307,316.811399,2026-08-11T11:44:25.910Z,5.280189983333333,2.7334055762295124,2.7341834207153295
bigquery,1227,2026-08-11T11:50:42.721Z,73540759313,57.986401,2026-08-11T11:49:44.735Z,0.9664400166666667,2.7917583071038297,2.7467625565573557
bigquery,1228,2026-08-11T11:51:42.721Z,73601197229,117.986401,2026-08-11T11:49:44.735Z,1.9664400166666667,2.7664815314207667,2.751852596646751
bigquery,1229,2026-08-11T11:52:42.721Z,73662158417,177.9864,2026-08-11T11:49:44.735Z,2.96644,2.7412047568306037,2.7569634513660772
bigquery,1230,2026-08-11T11:53:42.721Z,73722727151,237.986407,2026-08-11T11:49:44.735Z,3.966440116666667,2.7159279833333323,2.762095120789788
bigquery,1231,2026-08-11T11:54:42.721Z,73782641795,297.986396,2026-08-11T11:49:44.735Z,4.966439933333334,2.7752400040983614,2.7672476046695507
bigquery,1232,2026-08-11T11:55:42.721Z,73844126255,44.350399,2026-08-11T11:54:58.371Z,0.7391733166666667,2.8345520270491744,2.7725789759065265
bigquery,1233,2026-08-11T11:56:42.721Z,73904433353,104.350401,2026-08-11T11:54:58.371Z,1.7391733500000002,2.8088465633879767,2.7702862289616776
bigquery,1234,2026-08-11T11:57:42.721Z,73964609633,164.350404,2026-08-11T11:54:58.371Z,2.7391734,2.7831410989071075,2.7679720462990023
bigquery,1235,2026-08-11T11:58:42.721Z,74025440003,224.3504,2026-08-11T11:54:58.371Z,3.7391733333333335,2.7574356338797887,2.765636427918501
bigquery,1236,2026-08-11T11:59:42.721Z,74085877919,284.350396,2026-08-11T11:54:58.371Z,4.739173266666667,2.7317301691256914,2.763279373621448
bigquery,1237,2026-08-11T12:00:42.721Z,74145923381,35.8474,2026-08-11T12:00:06.874Z,0.5974566666666666,2.7920506598360753,2.7612788270243156
bigquery,1238,2026-08-11T12:01:42.721Z,74206230479,95.8474,2026-08-11T12:00:06.874Z,1.5974566666666665,2.766538090710389,2.752045120889224
bigquery,1239,2026-08-11T12:02:42.721Z,74266612740,155.847403,2026-08-11T12:00:06.874Z,2.597456716666667,2.741025522131152,2.743307117585697
bigquery,1240,2026-08-11T12:03:42.721Z,74327181474,215.847398,2026-08-11T12:00:06.874Z,3.597456633333333,2.715512954644815,2.7350648172131184
bigquery,1241,2026-08-11T12:04:42.721Z,74387226936,275.847399,2026-08-11T12:00:06.874Z,4.59745665,2.6900003860655786,2.7273182197963335
bigquery,1242,2026-08-11T12:05:42.721Z,74447534034,23.484399,2026-08-11T12:05:19.237Z,0.39140665,2.753233991530064,2.7273584580477124
bigquery,1243,2026-08-11T12:06:42.721Z,74498160600,83.484396,2026-08-11T12:05:19.237Z,1.3914066,2.7329812595628518,2.7197239324639835
bigquery,1244,2026-08-11T12:07:42.721Z,74558598516,143.484401,2026-08-11T12:05:19.237Z,2.3914066833333334,2.7127285270491903,2.7122176482861176
bigquery,1245,2026-08-11T12:08:42.721Z,74619690522,203.4844,2026-08-11T12:05:19.237Z,3.3914066666666667,2.6924757948087494,2.704839605663148
bigquery,1246,2026-08-11T12:09:42.721Z,74679735984,263.484399,2026-08-11T12:05:19.237Z,4.3914066499999995,2.6722230622950875,2.6975898043963507
bigquery,1247,2026-08-11T12:10:42.721Z,74740697172,323.484398,2026-08-11T12:05:19.237Z,5.391406633333333,2.7321727898907127,2.698395368355622
bigquery,1248,2026-08-11T12:11:42.721Z,74801658360,54.679402,2026-08-11T12:10:48.042Z,0.9113233666666667,2.7080708784153,2.6991884634624266
bigquery,1249,2026-08-11T12:12:42.721Z,74861834640,114.679399,2026-08-11T12:10:48.042Z,1.9113233166666668,2.683968964754103,2.699949839915462
bigquery,1250,2026-08-11T12:13:42.721Z,74922010920,174.6794,2026-08-11T12:10:48.042Z,2.9113233333333333,2.65986705327869,2.700679497540932
bigquery,1251,2026-08-11T12:14:42.721Z,74982628757,234.679403,2026-08-11T12:10:48.042Z,3.9113233833333334,2.6357651407103777,2.701377436239413
bigquery,1252,2026-08-11T12:15:42.721Z,75043066673,294.679399,2026-08-11T12:10:48.042Z,4.9113233166666665,2.6988615896174837,2.7020436560854417
bigquery,1253,2026-08-11T12:16:42.721Z,75103897043,52.330399,2026-08-11T12:15:50.391Z,0.8721733166666666,2.761958037704919,2.703306174937924
bigquery,1254,2026-08-11T12:17:42.721Z,75164727413,112.330399,2026-08-11T12:15:50.391Z,1.8721733166666668,2.74135640054645,2.7051217238947007
bigquery,1255,2026-08-11T12:18:42.721Z,75224380421,172.330408,2026-08-11T12:15:50.391Z,2.8721734666666667,2.720754760928968,2.707490303229034
bigquery,1256,2026-08-11T12:19:42.721Z,75285341609,232.330396,2026-08-11T12:15:50.391Z,3.8721732666666666,2.700153120491808,2.7104119124938237
bigquery,1257,2026-08-11T12:20:42.721Z,75346171979,292.330399,2026-08-11T12:15:50.391Z,4.872173316666666,2.679551480601097,2.7138865522106657
bigquery,1258,2026-08-11T12:21:42.721Z,75406609895,46.246402,2026-08-11T12:20:56.475Z,0.7707733666666667,2.7460604972677665,2.7177773617983223
bigquery,1259,2026-08-11T12:22:42.721Z,75456320735,106.246401,2026-08-11T12:20:56.475Z,1.77077335,2.7280419169398975,2.7144289763537017
bigquery,1260,2026-08-11T12:23:42.721Z,75516758651,166.246408,2026-08-11T12:20:56.475Z,2.770773466666667,2.710023337431699,2.7114503123447404
bigquery,1261,2026-08-11T12:24:42.721Z,75577981475,226.246397,2026-08-11T12:20:56.475Z,3.7707732833333334,2.6920047551912667,2.708841370119196
bigquery,1262,2026-08-11T12:25:42.721Z,75638419391,286.246403,2026-08-11T12:20:56.475Z,4.770773383333333,2.673986177595639,2.706602149801256
bigquery,1263,2026-08-11T12:26:42.721Z,75698072399,35.082401,2026-08-11T12:26:07.639Z,0.5847066833333333,2.7416604950819763,2.7123954184301677
bigquery,1264,2026-08-11T12:27:42.721Z,75758641133,95.082401,2026-08-11T12:26:07.639Z,1.5847066833333334,2.7251257978142185,2.7106878176104643
bigquery,1265,2026-08-11T12:28:42.721Z,75819340685,155.082399,2026-08-11T12:26:07.639Z,2.58470665,2.7085910964480986,2.7091636743665815
bigquery,1266,2026-08-11T12:29:42.721Z,75880782816,215.082399,2026-08-11T12:26:07.639Z,3.58470665,2.6920563964480992,2.707822988698436
bigquery,1267,2026-08-11T12:30:42.721Z,75940174188,275.0824,2026-08-11T12:26:07.639Z,4.5847066666666665,2.67552169699455,2.706665760904095
bigquery,1268,2026-08-11T12:31:42.721Z,76000742922,20.933399,2026-08-11T12:31:21.788Z,0.3488899833333334,2.7432774355191394,2.713450634302014
bigquery,1269,2026-08-11T12:32:42.721Z,76061180838,80.933398,2026-08-11T12:31:21.788Z,1.3488899666666667,2.727276888251373,2.712631881420748
bigquery,1270,2026-08-11T12:33:42.721Z,76122142026,140.933401,2026-08-11T12:31:21.788Z,2.3488900166666666,2.7112763412568355,2.711864867014397
bigquery,1271,2026-08-11T12:34:42.721Z,76182710760,200.933402,2026-08-11T12:31:21.788Z,3.3488900333333333,2.6952757950819684,2.711149591505215
bigquery,1272,2026-08-11T12:35:42.721Z,76243279494,260.9334,2026-08-11T12:31:21.788Z,4.34889,2.6792752494535517,2.7104860547441687
bigquery,1273,2026-08-11T12:36:42.721Z,76304109864,15.3734,2026-08-11T12:36:27.348Z,0.25622333333333336,2.7486197849726732,2.709874256731258
bigquery,1274,2026-08-11T12:37:42.721Z,76364678598,75.373398,2026-08-11T12:36:27.348Z,1.2562232999999998,2.7326542133879737,2.709818469523105
bigquery,1275,2026-08-11T12:38:42.721Z,76425116514,135.373401,2026-08-11T12:36:27.348Z,2.25622335,2.7166886393442615,2.7100249774714693
bigquery,1276,2026-08-11T12:39:42.721Z,76475350626,195.373397,2026-08-11T12:36:27.348Z,3.2562232833333336,2.7007230658469914,2.7104937805017717
bigquery,1277,2026-08-11T12:40:42.721Z,76535919360,255.373403,2026-08-11T12:36:27.348Z,4.256223383333333,2.6847574920765003,2.7112248785395177
bigquery,1278,2026-08-11T12:41:42.721Z,76596579859,7.744402,2026-08-11T12:41:34.977Z,0.12907336666666666,2.668791918852459,2.712218271535056
bigquery,1279,2026-08-11T12:42:42.721Z,76656625321,67.744403,2026-08-11T12:41:34.977Z,1.1290733833333335,2.7426637762295076,2.713225226428263
bigquery,1280,2026-08-11T12:43:42.721Z,76717455691,127.744402,2026-08-11T12:41:34.977Z,2.1290733666666664,2.729548475683058,2.714414992846576
bigquery,1281,2026-08-11T12:44:42.721Z,76777893607,187.744402,2026-08-11T12:41:34.977Z,3.129073366666667,2.716433174590166,2.715787570938987
bigquery,1282,2026-08-11T12:45:42.721Z,76838462341,247.7444,2026-08-11T12:41:34.977Z,4.129073333333333,2.703317873497274,2.7173429607303414
bigquery,1283,2026-08-11T12:46:42.721Z,76899292711,307.7444,2026-08-11T12:41:34.977Z,5.129073333333333,2.6902025724043748,2.7190811623199806
bigquery,1284,2026-08-11T12:47:42.721Z,76959338173,61.409407,2026-08-11T12:46:41.312Z,1.0234901166666668,2.7596962887978185,2.728604858122253
bigquery,1285,2026-08-11T12:48:42.721Z,77020168543,121.409399,2026-08-11T12:46:41.312Z,2.023489983333333,2.7457416439890756,2.7295463631396406
bigquery,1286,2026-08-11T12:49:42.721Z,77080475641,181.409395,2026-08-11T12:46:41.312Z,3.0234899166666667,2.7317869983606617,2.7298136006458495
bigquery,1287,2026-08-11T12:50:42.721Z,77140913557,241.409397,2026-08-11T12:46:41.312Z,4.02348995,2.717832353551919,2.729406570988596
bigquery,1288,2026-08-11T12:51:42.721Z,77202267199,301.409402,2026-08-11T12:46:41.312Z,5.023490033333333,2.703877709562847,2.7283252740188884
bigquery,1289,2026-08-11T12:52:42.721Z,77261920207,52.038397,2026-08-11T12:51:50.683Z,0.8673066166666668,2.7735525726776045,2.734298572155984
bigquery,1290,2026-08-11T12:53:42.721Z,77323012213,112.038399,2026-08-11T12:51:50.683Z,1.86730665,2.753020331420773,2.7319914926974476
bigquery,1291,2026-08-11T12:54:42.721Z,77383028597,172.038396,2026-08-11T12:51:50.683Z,2.8673066,2.7324880882513782,2.7289902503973944
bigquery,1292,2026-08-11T12:55:42.721Z,77434047617,232.038402,2026-08-11T12:51:50.683Z,3.8673067,2.711955848360667,2.725294845230978
bigquery,1293,2026-08-11T12:56:42.721Z,77494877987,292.038401,2026-08-11T12:51:50.683Z,4.867306683333334,2.6914236068306145,2.7209052773720774
bigquery,1294,2026-08-11T12:57:42.721Z,77555315903,43.833409,2026-08-11T12:56:58.888Z,0.7305568166666667,2.7559088519125803,2.7236245520367777
bigquery,1295,2026-08-11T12:58:42.721Z,77615361365,103.833397,2026-08-11T12:56:58.888Z,1.7305566166666668,2.734318414754107,2.7258499867362347
bigquery,1296,2026-08-11T12:59:42.721Z,77676191735,163.833398,2026-08-11T12:56:58.888Z,2.7305566333333333,2.7127279786885334,2.7275559231495454
bigquery,1297,2026-08-11T13:00:42.721Z,77736629651,223.833396,2026-08-11T12:56:58.888Z,3.7305566,2.6911375415300607,2.7287423615002395
bigquery,1298,2026-08-11T13:01:42.721Z,77796936749,283.833403,2026-08-11T12:56:58.888Z,4.730556716666666,2.669547107103836,2.729409301465487
bigquery,1299,2026-08-11T13:02:42.721Z,77857767119,37.285397,2026-08-11T13:02:05.436Z,0.6214232833333334,2.7337897308743253,2.7371464104322016
bigquery,1300,2026-08-11T13:03:42.721Z,77917812581,97.285401,2026-08-11T13:02:05.436Z,1.62142335,2.7980323543715935,2.7442248260059716
bigquery,1301,2026-08-11T13:04:42.721Z,77978642951,157.285399,2026-08-11T13:02:05.436Z,2.6214233166666667,2.7717856319672225,2.758469610208687
bigquery,1302,2026-08-11T13:05:42.721Z,78038950049,217.285402,2026-08-11T13:02:05.436Z,3.621423366666667,2.7455389101093015,2.770463400794845
bigquery,1303,2026-08-11T13:06:42.721Z,78099911237,277.285399,2026-08-11T13:02:05.436Z,4.621423316666666,2.7192921879781515,2.780206197789374
bigquery,1304,2026-08-11T13:07:42.721Z,78159825881,25.050404,2026-08-11T13:07:17.671Z,0.4175067333333333,2.7765318054644905,2.7953390590164005
bigquery,1305,2026-08-11T13:08:42.721Z,78220525433,85.0504,2026-08-11T13:07:17.671Z,1.4175066666666667,2.8337714232240585,2.8080589791356116
bigquery,1306,2026-08-11T13:09:42.721Z,78281007699,145.050401,2026-08-11T13:07:17.671Z,2.4175066833333334,2.891011040983626,2.8183659583457317
bigquery,1307,2026-08-11T13:10:42.721Z,78331503447,205.050399,2026-08-11T13:07:17.671Z,3.41750665,2.844659675136628,2.834486300968696
bigquery,1308,2026-08-11T13:11:42.721Z,78392072181,265.0504,2026-08-11T13:07:17.671Z,4.417506666666667,2.7983083084699665,2.847459698758071
bigquery,1309,2026-08-11T13:12:42.721Z,78451856007,325.0504,2026-08-11T13:07:17.671Z,5.417506666666667,2.8360085806011144,2.8572861518628914
bigquery,1310,2026-08-11T13:13:42.721Z,78512817195,66.677399,2026-08-11T13:12:36.044Z,1.1112899833333332,2.8737088521858123,2.8639849098360837
bigquery,1311,2026-08-11T13:14:42.721Z,78572993475,126.677398,2026-08-11T13:12:36.044Z,2.1112899666666665,2.9114091256830807,2.8675559728266804
bigquery,1312,2026-08-11T13:15:42.721Z,78633823845,186.677401,2026-08-11T13:12:36.044Z,3.1112900166666666,2.9491094008196983,2.8679993409339826
bigquery,1313,2026-08-11T13:16:42.721Z,78694654215,246.677397,2026-08-11T13:12:36.044Z,4.111289950000001,2.8882462857923725,2.867120006706459
bigquery,1314,2026-08-11T13:17:42.721Z,78754699677,306.677401,2026-08-11T13:12:36.044Z,5.111290016666667,2.827383172131167,2.8649179699702305
bigquery,1315,2026-08-11T13:18:42.721Z,78815530047,61.256399,2026-08-11T13:17:41.465Z,1.0209399833333335,2.8502181431694167,2.861436499751645
bigquery,1316,2026-08-11T13:19:42.721Z,78875837145,121.256405,2026-08-11T13:17:41.465Z,2.0209400833333335,2.873053116120229,2.8566755960507013
bigquery,1317,2026-08-11T13:20:42.721Z,78937190787,181.256396,2026-08-11T13:17:41.465Z,3.020939933333333,2.8958880901639414,2.8506352586935217
bigquery,1318,2026-08-11T13:21:42.721Z,78997367067,241.256402,2026-08-11T13:17:41.465Z,4.020940033333334,2.8349869986338834,2.8433154874068434
bigquery,1319,2026-08-11T13:22:42.721Z,79058328255,301.256401,2026-08-11T13:17:41.465Z,5.020940016666667,2.774085904371584,2.8357969828613765
bigquery,1320,2026-08-11T13:23:42.721Z,79119672404,31.098398,2026-08-11T13:23:11.623Z,0.5183066333333334,2.797712408196723,2.835735109860872
bigquery,1321,2026-08-11T13:24:42.721Z,79179848684,91.098398,2026-08-11T13:23:11.623Z,1.5183066333333335,2.821338911475412,2.8355209519621978
bigquery,1322,2026-08-11T13:25:42.721Z,79229951978,151.098399,2026-08-11T13:23:11.623Z,2.51830665,2.8449654147541015,2.8351545088921326
bigquery,1323,2026-08-11T13:26:42.721Z,79290782348,211.098399,2026-08-11T13:23:11.623Z,3.51830665,2.86859191666667,2.8346357806010265
bigquery,1324,2026-08-11T13:27:42.721Z,79349127176,271.098398,2026-08-11T13:23:11.623Z,4.518306633333333,2.805542735792351,2.833566207600556
bigquery,1325,2026-08-11T13:28:42.721Z,79407341186,16.061401,2026-08-11T13:28:26.660Z,0.26769001666666664,2.8267025691256853,2.8395599978887067
bigquery,1326,2026-08-11T13:29:42.721Z,79466078468,76.061403,2026-08-11T13:28:26.660Z,1.26769005,2.8478624062841607,2.8449328243417438
bigquery,1327,2026-08-11T13:30:42.721Z,79524946568,136.061399,2026-08-11T13:28:26.660Z,2.2676899833333333,2.8690222423497365,2.849684687034245
bigquery,1328,2026-08-11T13:31:42.721Z,79585776938,196.06141,2026-08-11T13:28:26.660Z,3.2676901666666667,2.890182078961762,2.8538155858171774
bigquery,1329,2026-08-11T13:32:42.721Z,79646868944,256.061402,2026-08-11T13:28:26.660Z,4.267690033333333,2.823221695628423,2.849707115722801
bigquery,1330,2026-08-11T13:33:42.721Z,79707699314,316.0614,2026-08-11T13:28:26.660Z,5.26769,2.8400175975409976,2.8529943485097067
bigquery,1331,2026-08-11T13:34:42.721Z,79767221504,44.870397,2026-08-11T13:33:57.851Z,0.7478399499999999,2.856813499180343,2.8560219192747187
bigquery,1332,2026-08-11T13:35:42.721Z,79827281530,104.8704,2026-08-11T13:33:57.851Z,1.74784,2.87360940109291,2.8587898277198125
bigquery,1333,2026-08-11T13:36:42.721Z,79887420800,164.870397,2026-08-11T13:33:57.851Z,2.74783995,2.890405301366135,2.861298074018867
bigquery,1334,2026-08-11T13:37:42.721Z,79949297714,224.8704,2026-08-11T13:33:57.851Z,3.7478399999999996,2.8233987456284297,2.8557524206656293
bigquery,1335,2026-08-11T13:38:42.721Z,80009735630,284.870399,2026-08-11T13:33:57.851Z,4.747839983333334,2.841702296448095,2.850163796671578
bigquery,1336,2026-08-11T13:39:42.721Z,80070042728,344.870402,2026-08-11T13:33:57.851Z,5.7478400333333335,2.86000584754099,2.84482591798302
bigquery,1337,2026-08-11T13:40:42.721Z,80120669294,25.727398,2026-08-11T13:40:16.994Z,0.4287899666666667,2.878309399180334,2.8397387846248834
bigquery,1338,2026-08-11T13:41:42.721Z,80180976392,85.727401,2026-08-11T13:40:16.994Z,1.4287900166666667,2.896612951639349,2.8349023963983613
bigquery,1339,2026-08-11T13:42:42.721Z,80242331566,145.727398,2026-08-11T13:40:16.994Z,2.4287899666666664,2.8291798920765108,2.82269415044704
bigquery,1340,2026-08-11T13:43:42.721Z,80302900300,205.727397,2026-08-11T13:40:16.994Z,3.42878995,2.7617468316939937,2.8107324517386587
bigquery,1341,2026-08-11T13:44:42.721Z,80362814944,265.727403,2026-08-11T13:40:16.994Z,4.42879005,2.7813009319672166,2.7988480506954314
bigquery,1342,2026-08-11T13:45:42.721Z,80423906950,325.727409,2026-08-11T13:40:16.994Z,5.42879015,2.80085503224044,2.787040947069024
bigquery,1343,2026-08-11T13:46:42.721Z,80484868138,24.985399,2026-08-11T13:46:17.736Z,0.4164233166666667,2.8204091306010923,2.7753111412071534
bigquery,1344,2026-08-11T13:47:42.721Z,80545175236,84.985404,2026-08-11T13:46:17.736Z,1.4164234,2.7561145959016433,2.763658632811712
bigquery,1345,2026-08-11T13:48:42.721Z,80606174263,144.985401,2026-08-11T13:46:17.736Z,2.41642335,2.6918200598360658,2.7519881908594304
bigquery,1346,2026-08-11T13:49:42.721Z,80666350543,204.9854,2026-08-11T13:46:17.736Z,3.4164233333333334,2.710973884972675,2.7485004613512585
bigquery,1347,2026-08-11T13:50:42.721Z,80727180913,264.9854,2026-08-11T13:46:17.736Z,4.416423333333333,2.7301277076502717,2.745287520640886
bigquery,1348,2026-08-11T13:51:42.721Z,80786310649,18.511402,2026-08-11T13:51:24.210Z,0.3085233666666667,2.7492815346994517,2.7423493686041267
bigquery,1349,2026-08-11T13:52:42.721Z,80848187563,78.511397,2026-08-11T13:51:24.210Z,1.3085232833333333,2.7684353592896187,2.7396860053403214
bigquery,1350,2026-08-11T13:53:42.721Z,80907709753,138.511401,2026-08-11T13:51:24.210Z,2.30852335,2.700805030601088,2.737119860183818
bigquery,1351,2026-08-11T13:54:42.721Z,80968409305,198.511401,2026-08-11T13:51:24.210Z,3.30852335,2.723381807103817,2.7424759951068154
bigquery,1352,2026-08-11T13:55:42.721Z,81029239675,258.511398,2026-08-11T13:51:24.210Z,4.3085233,2.745958584152996,2.748168195504232
bigquery,1353,2026-08-11T13:56:42.721Z,81079081333,318.511399,2026-08-11T13:51:24.210Z,5.308523316666666,2.7685353598360543,2.754196461698939
bigquery,1354,2026-08-11T13:57:42.721Z,81139911703,61.278399,2026-08-11T13:56:41.443Z,1.02130665,2.791112134699442,2.7605607929706575
bigquery,1355,2026-08-11T13:58:42.721Z,81210945877,121.278399,2026-08-11T13:56:41.443Z,2.02130665,2.7278869991803165,2.759556296671607
bigquery,1356,2026-08-11T13:59:42.721Z,81260787535,181.278401,2026-08-11T13:56:41.443Z,3.0213066833333335,2.7507375439890596,2.75907244138096
bigquery,1357,2026-08-11T14:00:42.721Z,81320963815,241.278398,2026-08-11T13:56:41.443Z,4.021306633333333,2.773588089344252,2.7591348851961315
bigquery,1358,2026-08-11T14:01:42.721Z,81382464520,301.278398,2026-08-11T13:56:41.443Z,5.021306633333333,2.7964386357923448,2.7597436279929752
bigquery,1359,2026-08-11T14:02:42.721Z,81442509982,38.7584,2026-08-11T14:02:03.963Z,0.6459733333333334,2.8192891786885173,2.760898669970092
bigquery,1360,2026-08-11T14:03:42.721Z,81502817080,98.758398,2026-08-11T14:02:03.963Z,1.6459733,2.7573858999999996,2.7548553016641066
bigquery,1361,2026-08-11T14:04:42.721Z,81563124178,158.758401,2026-08-11T14:02:03.963Z,2.64597335,2.6954826224043664,2.74941369684546
bigquery,1362,2026-08-11T14:05:42.721Z,81623562094,218.7584,2026-08-11T14:02:03.963Z,3.645973333333333,2.7240686890710304,2.7367487934922625
bigquery,1363,2026-08-11T14:06:42.721Z,81683738374,278.758397,2026-08-11T14:02:03.963Z,4.645973283333333,2.7526547549180234,2.7262779537754382
bigquery,1364,2026-08-11T14:07:42.721Z,81744830380,32.041405,2026-08-11T14:07:10.680Z,0.5340234166666666,2.7812408215846873,2.7180011780923947
bigquery,1365,2026-08-11T14:08:42.721Z,81805399114,92.0414,2026-08-11T14:07:10.680Z,1.5340233333333333,2.7246350833333217,2.7042772343517174
bigquery,1366,2026-08-11T14:09:42.721Z,81865444576,152.041397,2026-08-11T14:07:10.680Z,2.534023283333333,2.668029346174848,2.6928110154744074
bigquery,1367,2026-08-11T14:10:42.721Z,81926536582,212.0414,2026-08-11T14:07:10.680Z,3.5340233333333333,2.6114236071038115,2.683602521261822
bigquery,1368,2026-08-11T14:11:42.721Z,81987105316,272.041401,2026-08-11T14:07:10.680Z,4.53402335,2.658408852459004,2.6684254474913276
bigquery,1369,2026-08-11T14:12:42.721Z,82046889142,18.245402,2026-08-11T14:12:24.476Z,0.3040900333333333,2.705394103278672,2.6562401030799845
bigquery,1370,2026-08-11T14:13:42.721Z,82108111966,78.245399,2026-08-11T14:12:24.476Z,1.3040899833333335,2.6683257975409718,2.6470464873572053
bigquery,1371,2026-08-11T14:14:42.721Z,82159036590,138.245406,2026-08-11T14:12:24.476Z,2.3040901000000003,2.6312574923497136,2.6407955442871507
bigquery,1372,2026-08-11T14:15:42.721Z,82218689598,198.245405,2026-08-11T14:12:24.476Z,3.3040900833333335,2.5941891860655635,2.637487273845016
bigquery,1373,2026-08-11T14:16:42.721Z,82280043240,258.245401,2026-08-11T14:12:24.476Z,4.304090016666667,2.5571208775956142,2.6371216761052976
bigquery,1374,2026-08-11T14:17:42.721Z,82339957884,11.3594,2026-08-11T14:17:31.362Z,0.18932333333333334,2.618615966393426,2.63789375839538
bigquery,1375,2026-08-11T14:18:42.721Z,82399872528,71.359399,2026-08-11T14:17:31.362Z,1.1893233166666666,2.680111048633863,2.6398035204669297
bigquery,1376,2026-08-11T14:19:42.721Z,82460572080,131.359399,2026-08-11T14:17:31.362Z,2.1893233166666666,2.655874709562825,2.6428924679830743
bigquery,1377,2026-08-11T14:20:42.721Z,82520355906,191.359396,2026-08-11T14:17:31.362Z,3.189323266666667,2.6316383713114653,2.6471606007699764
bigquery,1378,2026-08-11T14:21:42.721Z,82581055458,251.359403,2026-08-11T14:17:31.362Z,4.189323383333333,2.607402031967206,2.6526079190759693
bigquery,1379,2026-08-11T14:22:42.721Z,82642147464,311.3594,2026-08-11T14:17:31.362Z,5.189323333333333,2.6669017576502676,2.6592344228514446
bigquery,1380,2026-08-11T14:23:42.721Z,82702323744,53.729398,2026-08-11T14:22:48.992Z,0.8954899666666667,2.7264014860655705,2.6659594108792506
bigquery,1381,2026-08-11T14:24:42.721Z,82761715116,113.7294,2026-08-11T14:22:48.992Z,1.89549,2.702304220218571,2.6650467933184037
bigquery,1382,2026-08-11T14:25:42.721Z,82822283850,173.729402,2026-08-11T14:22:48.992Z,2.895490033333333,2.6782069530054584,2.6642903356681185
bigquery,1383,2026-08-11T14:26:42.721Z,82881983987,233.729398,2026-08-11T14:22:48.992Z,3.8954899666666667,2.6541096874316876,2.6636900380526227
bigquery,1384,2026-08-11T14:27:42.721Z,82942814357,293.729395,2026-08-11T14:22:48.992Z,4.8954899166666666,2.6300124191256757,2.663245900546413
bigquery,1385,2026-08-11T14:28:42.721Z,83003513909,39.694402,2026-08-11T14:28:03.027Z,0.6615733666666667,2.692590834699443,2.663356482513626
bigquery,1386,2026-08-11T14:29:42.721Z,83053878839,99.694395,2026-08-11T14:28:03.027Z,1.66157325,2.670072255464466,2.6562308746646193
bigquery,1387,2026-08-11T14:30:42.721Z,83113924301,159.694399,2026-08-11T14:28:03.027Z,2.661573316666667,2.6475536754098177,2.6494688036512097
bigquery,1388,2026-08-11T14:31:42.721Z,83174754671,219.694399,2026-08-11T14:28:03.027Z,3.661573316666667,2.6250350975409615,2.6430702695975428
bigquery,1389,2026-08-11T14:32:42.721Z,83235454223,279.694397,2026-08-11T14:28:03.027Z,4.661573283333333,2.602516519398884,2.63703527250366
bigquery,1390,2026-08-11T14:33:42.721Z,83296284593,29.495402,2026-08-11T14:33:13.226Z,0.4915900333333333,2.6681181592896,2.6389822176849766
bigquery,1391,2026-08-11T14:34:42.721Z,83356722509,89.495404,2026-08-11T14:33:13.226Z,1.4915900666666666,2.6480197997267525,2.633458944336739
bigquery,1392,2026-08-11T14:35:42.721Z,83417945333,149.495401,2026-08-11T14:33:13.226Z,2.4915900166666662,2.627921439071013,2.6282015428961047
bigquery,1393,2026-08-11T14:36:42.721Z,83478514067,209.495401,2026-08-11T14:33:13.226Z,3.4915900166666662,2.607823078415281,2.623210013288578
bigquery,1394,2026-08-11T14:37:42.721Z,83538167075,269.495401,2026-08-11T14:33:13.226Z,4.491590016666667,2.587724719398891,2.6184843552905477
bigquery,1395,2026-08-11T14:38:42.721Z,83599520717,17.693398,2026-08-11T14:38:25.028Z,0.2948899666666666,2.6514288161202026,2.6218188063586156
bigquery,1396,2026-08-11T14:39:42.721Z,83659566179,77.693401,2026-08-11T14:38:25.028Z,1.2948900166666666,2.631834827868842,2.625202437704874
bigquery,1397,2026-08-11T14:40:42.721Z,83720254723,137.693397,2026-08-11T14:38:25.028Z,2.29488995,2.612240839617474,2.62854354528066
bigquery,1398,2026-08-11T14:41:42.721Z,83780823457,197.693396,2026-08-11T14:38:25.028Z,3.2948899333333332,2.5926468497267647,2.6318421291107783
bigquery,1399,2026-08-11T14:42:42.721Z,83841130555,257.693419,2026-08-11T14:38:25.028Z,4.294890316666667,2.5730528595628264,2.635098188276226
bigquery,1400,2026-08-11T14:43:42.721Z,83901830107,10.057399,2026-08-11T14:43:32.664Z,0.16762331666666666,2.6391954811475205,2.645934326701453
bigquery,1401,2026-08-11T14:44:42.721Z,83962398841,70.0574,2026-08-11T14:43:32.664Z,1.1676233333333335,2.7053381040983426,2.6567321393939562
bigquery,1402,2026-08-11T14:45:42.721Z,84013287043,130.057402,2026-08-11T14:43:32.664Z,2.1676233666666667,2.684771983060094,2.667639589369132
bigquery,1403,2026-08-11T14:46:42.721Z,84072547597,190.0574,2026-08-11T14:43:32.664Z,3.1676233333333332,2.6642058612021664,2.678656676701435
bigquery,1404,2026-08-11T14:47:42.721Z,84133377967,250.057424,2026-08-11T14:43:32.664Z,4.1676237333333335,2.6436397292349523,2.6897834016890143
bigquery,1405,2026-08-11T14:48:42.721Z,84194469973,310.057405,2026-08-11T14:43:32.664Z,5.167623416666667,2.706922242076476,2.7010197640834535
bigquery,1406,2026-08-11T14:49:42.721Z,84255692797,56.2804,2026-08-11T14:48:46.441Z,0.9380066666666667,2.770204755737678,2.7124609950322918
bigquery,1407,2026-08-11T14:50:42.721Z,84315999895,116.280402,2026-08-11T14:48:46.441Z,1.9380066999999999,2.751816777595605,2.716502871733734
bigquery,1408,2026-08-11T14:51:42.721Z,84376830265,176.280398,2026-08-11T14:48:46.441Z,2.938006633333333,2.7334288002732032,2.7210280072031723
bigquery,1409,2026-08-11T14:52:42.721Z,84437006545,236.280398,2026-08-11T14:48:46.441Z,3.938006633333333,2.7150408245901434,2.726036401664136
bigquery,1410,2026-08-11T14:53:42.721Z,84497551452,296.280403,2026-08-11T14:48:46.441Z,4.938006716666666,2.696652845901613,2.7315280561350517
bigquery,1411,2026-08-11T14:54:42.721Z,84558774276,50.315408,2026-08-11T14:53:52.406Z,0.8385901333333333,2.7650490215846806,2.7376805401638857
bigquery,1412,2026-08-11T14:55:42.721Z,84618819738,110.315403,2026-08-11T14:53:52.406Z,1.83859005,2.7497987478141934,2.7367460148782565
bigquery,1413,2026-08-11T14:56:42.721Z,84679257654,170.315406,2026-08-11T14:53:52.406Z,2.8385901,2.7345484732240277,2.736149070293074
bigquery,1414,2026-08-11T14:57:42.721Z,84740480478,230.315397,2026-08-11T14:53:52.406Z,3.83858995,2.7192982002732116,2.735889705762557
bigquery,1415,2026-08-11T14:58:42.721Z,84800787576,290.3154,2026-08-11T14:53:52.406Z,4.83859,2.704047928415287,2.735967921882754
bigquery,1416,2026-08-11T14:59:42.721Z,84862010400,38.860399,2026-08-11T14:59:03.861Z,0.6476733166666667,2.774599566393426,2.7440886118728156
bigquery,1417,2026-08-11T15:00:42.721Z,84921925044,98.860398,2026-08-11T14:59:03.861Z,1.6476733000000001,2.759924977595615,2.744625844212599
bigquery,1418,2026-08-11T15:01:42.721Z,84972420792,158.860403,2026-08-11T14:59:03.861Z,2.6476733833333332,2.745250387158455,2.745183841554866
bigquery,1419,2026-08-11T15:02:42.721Z,85032073800,218.860402,2026-08-11T14:59:03.861Z,3.6476733666666665,2.730575790437141,2.7457626040983416
bigquery,1420,2026-08-11T15:03:42.721Z,85092642534,278.860402,2026-08-11T14:59:03.861Z,4.647673366666667,2.7159012019125512,2.7463621315698052
bigquery,1421,2026-08-11T15:04:42.721Z,85153080450,25.198402,2026-08-11T15:04:17.523Z,0.4199733666666667,2.78598043579233,2.7547271333830228
bigquery,1422,2026-08-11T15:05:42.721Z,85212995094,85.198401,2026-08-11T15:04:17.523Z,1.41997335,2.7709585773223866,2.755248419523096
bigquery,1423,2026-08-11T15:06:42.721Z,85274415340,145.1984,2026-08-11T15:04:17.523Z,2.419973333333333,2.755936718579222,2.7556738287878697
bigquery,1424,2026-08-11T15:07:42.721Z,85334591620,205.198403,2026-08-11T15:04:17.523Z,3.4199733833333337,2.7409148612021705,2.7560033613263344
bigquery,1425,2026-08-11T15:08:42.721Z,85395029536,265.198399,2026-08-11T15:04:17.523Z,4.419973316666667,2.725893002459006,2.7562370172130697
bigquery,1426,2026-08-11T15:09:42.721Z,85455598270,20.327403,2026-08-11T15:09:22.394Z,0.33879005,2.796062948360643,2.764016028191732
bigquery,1427,2026-08-11T15:10:42.721Z,85515774550,80.3274,2026-08-11T15:09:22.394Z,1.33879,2.7803337139344118,2.771635501192246
bigquery,1428,2026-08-11T15:11:42.721Z,85576997374,140.327397,2026-08-11T15:09:22.394Z,2.33878995,2.7646044795081806,2.77896272382019
bigquery,1429,2026-08-11T15:12:42.721Z,85637304472,200.327397,2026-08-11T15:09:22.394Z,3.33878995,2.7488752450819494,2.7859976961003667
bigquery,1430,2026-08-11T15:13:42.721Z,85697219116,260.327397,2026-08-11T15:09:22.394Z,4.338789950000001,2.7331460051912426,2.7927404173869945
bigquery,1431,2026-08-11T15:14:42.721Z,85757918668,320.327399,2026-08-11T15:09:22.394Z,5.338789983333333,2.801470322677583,2.799190888325897
bigquery,1432,2026-08-11T15:15:42.721Z,85818749038,62.973403,2026-08-11T15:14:39.748Z,1.0495567166666666,2.8697946387978024,2.8053981649279858
bigquery,1433,2026-08-11T15:16:42.721Z,85868852332,122.973399,2026-08-11T15:14:39.748Z,2.04955665,2.8515580262294966,2.811524790660728
bigquery,1434,2026-08-11T15:17:42.721Z,85930351244,182.973358,2026-08-11T15:14:39.748Z,3.0495559666666665,2.8333214136611904,2.8175707656234654
bigquery,1435,2026-08-11T15:18:42.721Z,85991050796,242.973397,2026-08-11T15:14:39.748Z,4.049556616666667,2.8150847953551805,2.823536089741703
bigquery,1436,2026-08-11T15:19:42.721Z,86051619530,302.973399,2026-08-11T15:14:39.748Z,5.0495566499999995,2.7968481827868747,2.829420763437652
bigquery,1437,2026-08-11T15:20:42.721Z,86111795810,64.059399,2026-08-11T15:19:38.662Z,1.06765665,2.8643429909835936,2.8351832809488027
bigquery,1438,2026-08-11T15:21:42.721Z,86172495362,124.059399,2026-08-11T15:19:38.662Z,2.06765665,2.847726596994517,2.8331356146298856
bigquery,1439,2026-08-11T15:22:42.721Z,86232802460,184.059412,2026-08-11T15:19:38.662Z,3.067656866666667,2.8311102040983402,2.8311469397664784
bigquery,1440,2026-08-11T15:23:42.721Z,86293632830,244.059398,2026-08-11T15:19:38.662Z,4.067656633333333,2.814493810382493,2.829217256507697
bigquery,1441,2026-08-11T15:24:42.721Z,86354594018,304.059401,2026-08-11T15:19:38.662Z,5.067656683333333,2.797877415846974,2.8273465653750547
bigquery,1442,2026-08-11T15:25:42.721Z,86414901116,57.913398,2026-08-11T15:24:44.808Z,0.9652233,2.8648580153005287,2.833270956557375
bigquery,1443,2026-08-11T15:26:42.721Z,86476123940,117.913397,2026-08-11T15:24:44.808Z,1.9652232833333334,2.847270309289596,2.8314469871833023
bigquery,1444,2026-08-11T15:27:42.721Z,86536561856,177.913399,2026-08-11T15:24:44.808Z,2.9652233166666666,2.8296826027322135,2.8295211300297853
bigquery,1445,2026-08-11T15:28:42.721Z,86597261408,237.9134,2026-08-11T15:24:44.808Z,3.9652233333333333,2.8120948978141804,2.827493384972637
bigquery,1446,2026-08-11T15:29:42.721Z,86657909596,297.913397,2026-08-11T15:24:44.808Z,4.965223283333333,2.7945071928961474,2.82536375211124
bigquery,1447,2026-08-11T15:30:42.721Z,86718347512,45.9854,2026-08-11T15:29:56.736Z,0.7664233333333333,2.8620164857923287,2.830923140635853
bigquery,1448,2026-08-11T15:31:42.721Z,86768450806,105.985398,2026-08-11T15:29:56.736Z,1.7664233,2.8442793278688336,2.8286086593393107
bigquery,1449,2026-08-11T15:32:42.721Z,86829150358,165.985375,2026-08-11T15:29:56.736Z,2.766422916666667,2.8265421683059895,2.826108336189753
bigquery,1450,2026-08-11T15:33:42.721Z,86889326638,225.985403,2026-08-11T15:29:56.736Z,3.766423383333333,2.808805008469924,2.8234221710630747
bigquery,1451,2026-08-11T15:34:42.721Z,86950287826,285.985398,2026-08-11T15:29:56.736Z,4.7664233,2.7910678489070797,2.820550163909543
bigquery,1452,2026-08-11T15:35:42.721Z,87010987378,34.515402,2026-08-11T15:35:08.206Z,0.5752567000000001,2.8590306896174624,2.8250648680327273
bigquery,1453,2026-08-11T15:36:42.721Z,87071163658,94.515398,2026-08-11T15:35:08.206Z,1.5752566333333333,2.839398721038229,2.8292301927718984
bigquery,1454,2026-08-11T15:37:42.721Z,87132648118,154.515403,2026-08-11T15:35:08.206Z,2.5752567166666664,2.8197667546447875,2.8331410962989803
bigquery,1455,2026-08-11T15:38:42.721Z,87192562762,214.515398,2026-08-11T15:35:08.206Z,3.5752566333333333,2.8001347863387758,2.8367975787133135
bigquery,1456,2026-08-11T15:39:42.721Z,87253785586,274.5154,2026-08-11T15:35:08.206Z,4.575256666666666,2.780502819125663,2.840199640064549
bigquery,1457,2026-08-11T15:40:42.721Z,87314223502,20.124403,2026-08-11T15:40:22.597Z,0.33540671666666666,2.8441689382513435,2.8433472802533455
bigquery,1458,2026-08-11T15:41:42.721Z,87374795965,80.124399,2026-08-11T15:40:22.597Z,1.33540665,2.9078350579234735,2.846332203204135
bigquery,1459,2026-08-11T15:42:42.721Z,87435626335,140.124398,2026-08-11T15:40:22.597Z,2.3354066333333336,2.8872992666666417,2.8495039867609857
bigquery,1460,2026-08-11T15:43:42.721Z,87496195069,200.124401,2026-08-11T15:40:22.597Z,3.3354066833333333,2.8667634748633675,2.8528626316939483
bigquery,1461,2026-08-11T15:44:42.721Z,87557156257,260.124401,2026-08-11T15:40:22.597Z,4.335406683333333,2.8462276833333147,2.856408137208126
bigquery,1462,2026-08-11T15:45:42.721Z,87617463355,320.124397,2026-08-11T15:40:22.597Z,5.335406616666666,2.825691890983591,2.860140503104793
bigquery,1463,2026-08-11T15:46:42.721Z,87678032089,63.3114,2026-08-11T15:45:39.410Z,1.05519,2.8918648420764885,2.8639117662940987
bigquery,1464,2026-08-11T15:47:42.721Z,87729051109,123.311398,2026-08-11T15:45:39.410Z,2.0551899666666666,2.8742883401639165,2.8599859853949385
bigquery,1465,2026-08-11T15:48:42.721Z,87789750661,183.311401,2026-08-11T15:45:39.410Z,3.0551900166666663,2.856711848907089,2.8560178792101643
bigquery,1466,2026-08-11T15:49:42.721Z,87850188577,243.311403,2026-08-11T15:45:39.410Z,4.05519005,2.839135346994524,2.8520074481371425
bigquery,1467,2026-08-11T15:50:42.721Z,87910757311,303.311398,2026-08-11T15:45:39.410Z,5.055189966666666,2.8215588439890675,2.8479546920268395
bigquery,1468,2026-08-11T15:51:42.721Z,87972503407,55.4644,2026-08-11T15:50:47.257Z,0.9244066666666666,2.885652833333328,2.851463833681092
bigquery,1469,2026-08-11T15:52:42.721Z,88031894779,115.4644,2026-08-11T15:50:47.257Z,1.9244066666666666,2.8646514680327813,2.8468211124689913
bigquery,1470,2026-08-11T15:53:42.721Z,88092327173,175.464397,2026-08-11T15:50:47.257Z,2.9244066166666665,2.8436500986338795,2.841640115052211
bigquery,1471,2026-08-11T15:54:42.721Z,88153549997,235.464399,2026-08-11T15:50:47.257Z,3.92440665,2.8226487330601184,2.835920840337828
bigquery,1472,2026-08-11T15:55:42.721Z,88213987913,295.464402,2026-08-11T15:50:47.257Z,4.9244067000000005,2.801647366120222,2.829663289369116
bigquery,1473,2026-08-11T15:56:42.721Z,88274295011,45.944399,2026-08-11T15:55:56.777Z,0.7657399833333333,2.86429244918033,2.830615301266789
bigquery,1474,2026-08-11T15:57:42.721Z,88335125381,105.9444,2026-08-11T15:55:56.777Z,1.76574,2.8407949087431765,2.8234120722305223
bigquery,1475,2026-08-11T15:58:42.721Z,88396479023,165.944397,2026-08-11T15:55:56.777Z,2.76573995,2.817297368579237,2.8157895442623158
bigquery,1476,2026-08-11T15:59:42.721Z,88456132031,225.9444,2026-08-11T15:55:56.777Z,3.76574,2.7937998270491917,2.80774771696472
bigquery,1477,2026-08-11T16:00:42.721Z,88516700765,285.944411,2026-08-11T15:55:56.777Z,4.7657401833333335,2.770302286338817,2.7992865901390527
bigquery,1478,2026-08-11T16:01:42.721Z,88577269499,33.9424,2026-08-11T16:01:08.779Z,0.5657066666666667,2.832030974863405,2.798142626825624
bigquery,1479,2026-08-11T16:02:42.721Z,88638492323,93.942399,2026-08-11T16:01:08.779Z,1.5657066499999999,2.8064173139344453,2.789214584922981
bigquery,1480,2026-08-11T16:03:42.721Z,88689380525,153.942397,2026-08-11T16:01:08.779Z,2.5657066166666667,2.7808036603825386,2.7803336118976487
bigquery,1481,2026-08-11T16:04:42.721Z,88749556805,213.942398,2026-08-11T16:01:08.779Z,3.5657066333333334,2.755189998360679,2.7714997080476924
bigquery,1482,2026-08-11T16:05:42.721Z,88810256357,273.942399,2026-08-11T16:01:08.779Z,4.56570665,2.7295763379781612,2.7627128732737303
bigquery,1483,2026-08-11T16:06:42.721Z,88870289590,13.345396,2026-08-11T16:06:29.376Z,0.22242326666666665,2.789063769672145,2.761782124267277
bigquery,1484,2026-08-11T16:07:42.721Z,88931250778,73.345403,2026-08-11T16:06:29.376Z,1.2224233833333333,2.7660839882513697,2.760959621659202
bigquery,1485,2026-08-11T16:08:42.721Z,88992473602,133.345399,2026-08-11T16:06:29.376Z,2.2224233166666663,2.7431042054644807,2.7606308100844217
bigquery,1486,2026-08-11T16:09:42.721Z,89052388246,193.345399,2026-08-11T16:06:29.376Z,3.2224233166666663,2.720124426229505,2.7607956887977707
bigquery,1487,2026-08-11T16:10:42.721Z,89113349434,253.345399,2026-08-11T16:06:29.376Z,4.222423316666666,2.697144644535523,2.7614542586189104
bigquery,1488,2026-08-11T16:11:42.721Z,89174048986,313.345398,2026-08-11T16:06:29.376Z,5.2224233,2.7600640472677638,2.762606519448499
bigquery,1489,2026-08-11T16:12:42.721Z,89234748538,65.166401,2026-08-11T16:11:37.555Z,1.0861066833333333,2.822983446174871,2.7643851836561555
bigquery,1490,2026-08-11T16:13:42.721Z,89295840544,125.166399,2026-08-11T16:11:37.555Z,2.08610665,2.802800386612027,2.7663130530550832
bigquery,1491,2026-08-11T16:14:42.721Z,89356016824,185.1664,2026-08-11T16:11:37.555Z,3.0861066666666668,2.7826173262295044,2.768390127719778
bigquery,1492,2026-08-11T16:15:42.721Z,89416585558,245.166399,2026-08-11T16:11:37.555Z,4.0861066500000005,2.762434266393439,2.770616407203141
bigquery,1493,2026-08-11T16:16:42.721Z,89477677564,305.166404,2026-08-11T16:11:37.555Z,5.086106733333334,2.7422512071038163,2.7729918920516123
bigquery,1494,2026-08-11T16:17:42.721Z,89537853844,58.643402,2026-08-11T16:16:44.078Z,0.9773900333333334,2.808629075956269,2.775354038226479
bigquery,1495,2026-08-11T16:18:42.721Z,89598825791,118.6434,2026-08-11T16:16:44.078Z,1.97739,2.7872905516393285,2.7699331490809773
bigquery,1496,2026-08-11T16:19:42.721Z,89649436464,178.6434,2026-08-11T16:16:44.078Z,2.97739,2.765952026775938,2.7642839937655235
bigquery,1497,2026-08-11T16:20:42.721Z,89710005198,238.643398,2026-08-11T16:16:44.078Z,3.9773899666666663,2.744613500546434,2.7584065724043865
bigquery,1498,2026-08-11T16:21:42.721Z,89770573932,298.6434,2026-08-11T16:16:44.078Z,4.97739,2.7232749778688348,2.752300884749192
bigquery,1499,2026-08-11T16:22:42.721Z,89831273484,47.194402,2026-08-11T16:21:55.527Z,0.7865733666666667,2.7860476551912394,2.7536549585693963
bigquery,1500,2026-08-11T16:23:42.721Z,89891973036,107.1944,2026-08-11T16:21:55.527Z,1.7865733333333333,2.7633536655737503,2.7466974078738944
bigquery,1501,2026-08-11T16:24:42.721Z,89952672588,167.1944,2026-08-11T16:21:55.527Z,2.7865733333333336,2.7406596781420527,2.739402450322979
bigquery,1502,2026-08-11T16:25:42.721Z,90012979686,227.194398,2026-08-11T16:21:55.527Z,3.7865733,2.7179656912568047,2.7317700859414553
bigquery,1503,2026-08-11T16:26:42.721Z,90073679238,287.194402,2026-08-11T16:21:55.527Z,4.786573366666667,2.695271702185765,2.723800314505752
bigquery,1504,2026-08-11T16:27:42.721Z,90133593882,31.912399,2026-08-11T16:27:10.809Z,0.5318733166666667,2.7571460191256625,2.7232428130899446
bigquery,1505,2026-08-11T16:28:42.721Z,90194555070,91.912402,2026-08-11T16:27:10.809Z,1.5318733666666666,2.7320960183059855,2.722451109041272
bigquery,1506,2026-08-11T16:29:42.721Z,90255516258,151.912398,2026-08-11T16:27:10.809Z,2.5318733,2.707046018579216,2.721344054942909
bigquery,1507,2026-08-11T16:30:42.721Z,90316014800,211.912398,2026-08-11T16:27:10.809Z,3.5318733,2.681996018579218,2.7199216504470978
bigquery,1508,2026-08-11T16:31:42.721Z,90376321898,271.9124,2026-08-11T16:27:10.809Z,4.531873333333333,2.6569460147540713,2.7181838955290334
bigquery,1509,2026-08-11T16:32:42.721Z,90437413904,12.239399,2026-08-11T16:32:30.482Z,0.20398998333333335,2.7171424622950577,2.7240939548682945
bigquery,1510,2026-08-11T16:33:42.721Z,90497459366,72.239403,2026-08-11T16:32:30.482Z,1.20399005,2.7773389106557156,2.7299638005215456
bigquery,1511,2026-08-11T16:34:42.721Z,90558158918,132.2394,2026-08-11T16:32:30.482Z,2.2039899999999997,2.7511760704917716,2.7359369745900866
bigquery,1512,2026-08-11T16:35:42.721Z,90609308756,192.239401,2026-08-11T16:32:30.482Z,3.2039900166666664,2.7250132286885003,2.742013477024226
bigquery,1513,2026-08-11T16:36:42.721Z,90669877490,252.239402,2026-08-11T16:32:30.482Z,4.2039900333333335,2.6988503871584504,2.7481933078240464
bigquery,1514,2026-08-11T16:37:42.721Z,90730315406,10.409398,2026-08-11T16:37:32.312Z,0.17348996666666666,2.7602823549180164,2.754476467337223
bigquery,1515,2026-08-11T16:38:42.721Z,90790230050,70.409398,2026-08-11T16:37:32.312Z,1.1734899666666665,2.8217143213114544,2.760767997516103
bigquery,1516,2026-08-11T16:39:42.721Z,90851583692,130.409406,2026-08-11T16:37:32.312Z,2.1734901,2.7978009330600933,2.7593355833829594
bigquery,1517,2026-08-11T16:40:42.721Z,90911629154,190.409399,2026-08-11T16:37:32.312Z,3.1734899833333334,2.7738875453551746,2.758030069373986
bigquery,1518,2026-08-11T16:41:42.721Z,90972721160,250.409417,2026-08-11T16:37:32.312Z,4.173490283333333,2.749974157377035,2.756851455514152
bigquery,1519,2026-08-11T16:42:42.721Z,91033682348,310.409399,2026-08-11T16:37:32.312Z,5.173489983333334,2.7260607693989023,2.7557997419274796
bigquery,1520,2026-08-11T16:43:42.721Z,91093657768,66.2544,2026-08-11T16:42:36.467Z,1.10424,2.786349294262287,2.7545253506209932
bigquery,1521,2026-08-11T16:44:42.721Z,91154749774,126.2544,2026-08-11T16:42:36.467Z,2.10424,2.761582355191243,2.745251853551963
bigquery,1522,2026-08-11T16:45:42.721Z,91215449326,186.254402,2026-08-11T16:42:36.467Z,3.1042400333333333,2.736815416393435,2.7357379195231757
bigquery,1523,2026-08-11T16:46:42.721Z,91276148878,246.2544,2026-08-11T16:42:36.467Z,4.10424,2.712048476229491,2.7259835483358654
bigquery,1524,2026-08-11T16:47:42.721Z,91336586794,306.2544,2026-08-11T16:42:36.467Z,5.10424,2.687281537704904,2.715988739940423
bigquery,1525,2026-08-11T16:48:42.721Z,91397155528,45.212399,2026-08-11T16:47:57.509Z,0.7535399833333333,2.746264050546445,2.713489435742717
bigquery,1526,2026-08-11T16:49:42.721Z,91458247534,105.2124,2026-08-11T16:47:57.509Z,1.75354,2.719705853551905,2.710830916443146
bigquery,1527,2026-08-11T16:50:42.721Z,91518947086,165.212397,2026-08-11T16:47:57.509Z,2.75353995,2.693147658743164,2.707856425832109
bigquery,1528,2026-08-11T16:51:42.721Z,91569312016,225.212405,2026-08-11T16:47:57.509Z,3.753540083333333,2.6665894622950663,2.7045659639344937
bigquery,1529,2026-08-11T16:52:42.721Z,91630142386,285.212399,2026-08-11T16:47:57.509Z,4.753539983333334,2.6400312650273055,2.7009595307998264
bigquery,1530,2026-08-11T16:53:42.721Z,91690318666,32.404398,2026-08-11T16:53:10.317Z,0.5400733,2.6985684232240303,2.704868273919601
bigquery,1531,2026-08-11T16:54:42.721Z,91751279854,92.404403,2026-08-11T16:53:10.317Z,1.5400733833333333,2.7571055819671977,2.708678606706516
bigquery,1532,2026-08-11T16:55:42.721Z,91811466840,152.404407,2026-08-11T16:53:10.317Z,2.54007345,2.728862958469928,2.7121622380527697
bigquery,1533,2026-08-11T16:56:42.721Z,91872689664,212.404402,2026-08-11T16:53:10.317Z,3.540073366666667,2.700620335519116,2.7153191678093704
bigquery,1534,2026-08-11T16:57:42.721Z,91932865944,272.404399,2026-08-11T16:53:10.317Z,4.540073316666667,2.672377711748625,2.7181493960011225
bigquery,1535,2026-08-11T16:58:42.721Z,91993827132,14.261397,2026-08-11T16:58:28.460Z,0.23768995,2.7302777120218455,2.728593136438245
bigquery,1536,2026-08-11T16:59:42.721Z,92054134230,74.261398,2026-08-11T16:58:28.460Z,1.2376899666666668,2.7881777112021813,2.7389144475658793
bigquery,1537,2026-08-11T17:00:42.721Z,92114441328,134.2614,2026-08-11T16:58:28.460Z,2.23769,2.758025798360651,2.7413409748137796
bigquery,1538,2026-08-11T17:01:42.721Z,92175140880,194.261397,2026-08-11T16:58:28.460Z,3.2376899499999996,2.7278738860655634,2.743761789294612
bigquery,1539,2026-08-11T17:02:42.721Z,92235971250,254.261398,2026-08-11T16:58:28.460Z,4.237689966666667,2.697721972404355,2.746176891107759
bigquery,1540,2026-08-11T17:03:42.721Z,92296147530,314.2614,2026-08-11T16:58:28.460Z,5.23769,2.754912409836044,2.7560832996522633
bigquery,1541,2026-08-11T17:04:42.721Z,92357501172,58.186402,2026-08-11T17:03:44.535Z,0.9697733666666667,2.8121028456283907,2.765649867287638
bigquery,1542,2026-08-11T17:05:42.721Z,92416892544,118.186397,2026-08-11T17:03:44.535Z,1.9697732833333332,2.7837973816939683,2.7672724705414358
bigquery,1543,2026-08-11T17:06:42.721Z,92477461278,178.186399,2026-08-11T17:03:44.535Z,2.9697733166666667,2.7554919177595454,2.768955828961721
bigquery,1544,2026-08-11T17:07:42.721Z,92528480298,238.186398,2026-08-11T17:03:44.535Z,3.9697733,2.727186455464465,2.770699942001887
bigquery,1545,2026-08-11T17:08:42.721Z,92588927462,298.1864,2026-08-11T17:03:44.535Z,4.969773333333333,2.7813482057376935,2.7725048103328103
bigquery,1546,2026-08-11T17:09:42.721Z,92649757832,45.822398,2026-08-11T17:08:56.899Z,0.7637066333333333,2.835509956010922,2.7739849890709922
bigquery,1547,2026-08-11T17:10:42.721Z,92710064930,105.8224,2026-08-11T17:08:56.899Z,1.7637066666666668,2.8060263469945266,2.7674276865623555
bigquery,1548,2026-08-11T17:11:42.721Z,92770502846,165.822399,2026-08-11T17:08:56.899Z,2.76370665,2.776542740983594,2.7606052572776787
bigquery,1549,2026-08-11T17:12:42.721Z,92831202398,225.822398,2026-08-11T17:08:56.899Z,3.7637066333333333,2.7470591295081936,2.753517701217127
bigquery,1550,2026-08-11T17:13:42.721Z,92891378678,285.822402,2026-08-11T17:08:56.899Z,4.7637067,2.717575524043703,2.7461650182315434
bigquery,1551,2026-08-11T17:14:42.721Z,92951947412,34.519402,2026-08-11T17:14:08.202Z,0.5753233666666666,2.771194375956272,2.73902440663187
bigquery,1552,2026-08-11T17:15:42.721Z,93012777782,94.519404,2026-08-11T17:14:08.202Z,1.5753233999999998,2.7399725180327743,2.7320958663685815
bigquery,1553,2026-08-11T17:16:42.721Z,93073477334,154.519398,2026-08-11T17:14:08.202Z,2.5753233,2.7087506595628197,2.725095667287612
bigquery,1554,2026-08-11T17:17:42.721Z,93134700158,214.519409,2026-08-11T17:14:08.202Z,3.5753234833333334,2.6775288010928797,2.7180238087928292
bigquery,1555,2026-08-11T17:18:42.721Z,93194745620,274.519399,2026-08-11T17:14:08.202Z,4.575323316666667,2.64630694262294,2.7108802915300574
bigquery,1556,2026-08-11T17:19:42.721Z,93255052718,21.440399,2026-08-11T17:19:21.281Z,0.35733998333333333,2.702801478142065,2.7114348119473353
bigquery,1557,2026-08-11T17:20:42.721Z,93315480653,81.440407,2026-08-11T17:19:21.281Z,1.3573401166666665,2.7592960131147475,2.7121326010928897
bigquery,1558,2026-08-11T17:21:42.721Z,93376572659,141.440399,2026-08-11T17:19:21.281Z,2.3573399833333335,2.7290241571038187,2.712951254719304
bigquery,1559,2026-08-11T17:22:42.721Z,93437795483,201.440398,2026-08-11T17:19:21.281Z,3.3573399666666663,2.698752297540985,2.713890772677587
bigquery,1560,2026-08-11T17:23:42.721Z,93498102581,261.440401,2026-08-11T17:19:21.281Z,4.357340016666667,2.6684804396174933,2.714951155365105
bigquery,1561,2026-08-11T17:24:42.721Z,93558540497,321.440401,2026-08-11T17:19:21.281Z,5.357340016666667,2.7236752486338953,2.724034613164473
bigquery,1562,2026-08-11T17:25:42.721Z,93609167063,63.826398,2026-08-11T17:24:38.895Z,1.0637733,2.778870056557398,2.733166928415399
bigquery,1563,2026-08-11T17:26:42.721Z,93669474161,123.826398,2026-08-11T17:24:38.895Z,2.0637733,2.748977707923527,2.734578751887801
bigquery,1564,2026-08-11T17:27:42.721Z,93730304531,183.826399,2026-08-11T17:24:38.895Z,3.063773316666667,2.7190853571038565,2.736157937431761
bigquery,1565,2026-08-11T17:28:42.721Z,93790742447,243.8264,2026-08-11T17:24:38.895Z,4.063773333333334,2.6891930106557695,2.7379044852955716
bigquery,1566,2026-08-11T17:29:42.721Z,93851049545,303.826399,2026-08-11T17:24:38.895Z,5.0637733166666665,2.746224978415337,2.739818395454594
bigquery,1567,2026-08-11T17:30:42.721Z,93911879915,41.556397,2026-08-11T17:30:01.165Z,0.6926066166666666,2.803256945901668,2.741980815275714
bigquery,1568,2026-08-11T17:31:42.721Z,93972561622,101.556399,2026-08-11T17:30:01.165Z,1.6926066499999999,2.7748260713115087,2.7369284813462813
bigquery,1569,2026-08-11T17:32:42.721Z,94033130356,161.556396,2026-08-11T17:30:01.165Z,2.6926066,2.74639519808747,2.7323965894684905
bigquery,1570,2026-08-11T17:33:42.721Z,94093699090,221.5564,2026-08-11T17:30:01.165Z,3.692606666666667,2.717964324043753,2.72838513981622
bigquery,1571,2026-08-11T17:34:42.721Z,94154137006,281.556398,2026-08-11T17:30:01.165Z,4.692606633333333,2.689533451366157,2.7248941319921043
bigquery,1572,2026-08-11T17:35:42.721Z,94214836558,28.641402,2026-08-11T17:35:14.080Z,0.47735669999999997,2.7474618666667054,2.721780024391509
bigquery,1573,2026-08-11T17:36:42.721Z,94275405292,88.641403,2026-08-11T17:35:14.080Z,1.4773567166666666,2.7232943833333576,2.711185489741679
bigquery,1574,2026-08-11T17:37:42.721Z,94336235662,148.64141,2026-08-11T17:35:14.080Z,2.4773568333333333,2.6991268972677838,2.7008798772230875
bigquery,1575,2026-08-11T17:38:42.721Z,94396804396,208.641404,2026-08-11T17:35:14.080Z,3.477356733333333,2.6749594109289885,2.690863186612081
bigquery,1576,2026-08-11T17:39:42.721Z,94457111494,268.641404,2026-08-11T17:35:14.080Z,4.477356733333334,2.650791924590193,2.6811354180825386
bigquery,1577,2026-08-11T17:40:42.721Z,94518334318,22.499397,2026-08-11T17:40:20.222Z,0.37498994999999996,2.71196979480876,2.6794288863388416
bigquery,1578,2026-08-11T17:41:42.721Z,94578379780,82.499401,2026-08-11T17:40:20.222Z,1.3749900166666669,2.6867170647541214,2.6778927469945715
bigquery,1579,2026-08-11T17:42:42.721Z,94628744710,142.499399,2026-08-11T17:40:20.222Z,2.3749899833333337,2.661464333606583,2.676241207799318
bigquery,1580,2026-08-11T17:43:42.721Z,94689836716,202.499403,2026-08-11T17:40:20.222Z,3.37499005,2.6362116013661447,2.674474268504706
bigquery,1581,2026-08-11T17:44:42.721Z,94750489021,262.499398,2026-08-11T17:40:20.222Z,4.374989966666666,2.6109588702186066,2.6725919293591933
bigquery,1582,2026-08-11T17:45:42.721Z,94810665301,11.9824,2026-08-11T17:45:30.739Z,0.19970666666666667,2.6707616021858187,2.6783706186289153
bigquery,1583,2026-08-11T17:46:42.721Z,94871888125,71.9824,2026-08-11T17:45:30.739Z,1.1997066666666667,2.7305643338797947,2.6840516672379056
bigquery,1584,2026-08-11T17:47:42.721Z,94932718495,131.982398,2026-08-11T17:45:30.739Z,2.1997066333333333,2.7051274521858075,2.6899560391206747
bigquery,1585,2026-08-11T17:48:42.721Z,94992109867,191.982398,2026-08-11T17:45:30.739Z,3.1997066333333333,2.6796905650273373,2.696083734301944
bigquery,1586,2026-08-11T17:49:42.721Z,95053071055,251.982399,2026-08-11T17:45:30.739Z,4.1997066499999995,2.6542536803278725,2.702434752831488
bigquery,1587,2026-08-11T17:50:42.721Z,95114163061,311.982398,2026-08-11T17:45:30.739Z,5.199706633333333,2.7143575065573877,2.709009094634811
bigquery,1588,2026-08-11T17:51:42.721Z,95174470159,54.417404,2026-08-11T17:50:48.304Z,0.9069567333333333,2.774461329508205,2.7159635160208135
bigquery,1589,2026-08-11T17:52:42.721Z,95235431347,114.417399,2026-08-11T17:50:48.304Z,1.9069566500000001,2.7516651554644906,2.7154907145802345
bigquery,1590,2026-08-11T17:53:42.721Z,95296000081,174.417399,2026-08-11T17:50:48.304Z,2.9069566499999997,2.7288689806010984,2.7153397459265265
bigquery,1591,2026-08-11T17:54:42.721Z,95356176361,234.417399,2026-08-11T17:50:48.304Z,3.9069566499999997,2.7060728051912637,2.7155106106061297
bigquery,1592,2026-08-11T17:55:42.721Z,95416745095,294.4174,2026-08-11T17:50:48.304Z,4.906956666666667,2.6832766300546504,2.716003308345783
bigquery,1593,2026-08-11T17:56:42.721Z,95477668708,42.998411,2026-08-11T17:55:59.723Z,0.7166401833333332,2.747260237431695,2.7170461302036775
bigquery,1594,2026-08-11T17:57:42.721Z,95539022350,102.998398,2026-08-11T17:55:59.723Z,1.7166399666666665,2.725363518032789,2.71080400449583
bigquery,1595,2026-08-11T17:58:42.721Z,95589125644,162.998411,2026-08-11T17:55:59.723Z,2.7166401833333333,2.7034667969945403,2.7048132946349805
bigquery,1596,2026-08-11T17:59:42.721Z,95649825196,222.998399,2026-08-11T17:55:59.723Z,3.7166399833333332,2.6815700765027346,2.6990740005714375
bigquery,1597,2026-08-11T18:00:42.721Z,95710786384,282.998399,2026-08-11T17:55:59.723Z,4.716639983333334,2.659673355464486,2.6935861224541937
bigquery,1598,2026-08-11T18:01:42.721Z,95770701028,30.204399,2026-08-11T18:01:12.517Z,0.50340665,2.7258285469945314,2.696122014828771
bigquery,1599,2026-08-11T18:02:42.721Z,95831269762,90.204401,2026-08-11T18:01:12.517Z,1.5034066833333335,2.705797946721312,2.6908640669897235
bigquery,1600,2026-08-11T18:03:42.721Z,95892623404,150.204399,2026-08-11T18:01:12.517Z,2.50340665,2.685767346994535,2.6856195811725145
bigquery,1601,2026-08-11T18:04:42.721Z,95952538048,210.204406,2026-08-11T18:01:12.517Z,3.5034067666666666,2.6657367459016372,2.680388557749707
bigquery,1602,2026-08-11T18:05:42.721Z,96012975964,270.204402,2026-08-11T18:01:12.517Z,4.5034067,2.6457061459016393,2.6751709969200665
bigquery,1603,2026-08-11T18:06:42.721Z,96073413880,29.733408,2026-08-11T18:06:12.988Z,0.4955568,2.711171446174853,2.677571022454107
bigquery,1604,2026-08-11T18:07:42.721Z,96134244250,89.7334,2026-08-11T18:06:12.988Z,1.4955566666666666,2.6894228112021694,2.6795839143319014
bigquery,1605,2026-08-11T18:08:42.721Z,96195805495,149.733398,2026-08-11T18:06:12.988Z,2.4955566333333334,2.667674174043702,2.681422663139611
bigquery,1606,2026-08-11T18:09:42.721Z,96256635865,209.7334,2026-08-11T18:06:12.988Z,3.4955566666666664,2.6459255393442542,2.6830872687034404
bigquery,1607,2026-08-11T18:10:42.721Z,96316812145,269.733403,2026-08-11T18:06:12.988Z,4.495556716666667,2.624176907377048,2.684577731222072
bigquery,1608,2026-08-11T18:11:42.721Z,96376857607,13.397408,2026-08-11T18:11:29.324Z,0.22329013333333333,2.6860736363387927,2.6936068424242463
bigquery,1609,2026-08-11T18:12:42.721Z,96437687977,73.397403,2026-08-11T18:11:29.324Z,1.22329005,2.7479703576502708,2.7024022477893266
bigquery,1610,2026-08-11T18:13:42.721Z,96498125893,133.397398,2026-08-11T18:11:29.324Z,2.223289966666667,2.7260241836065537,2.7110888853948465
bigquery,1611,2026-08-11T18:14:42.721Z,96548490823,193.397406,2026-08-11T18:11:29.324Z,3.2232901,2.7040780081967166,2.7196667553153846
bigquery,1612,2026-08-11T18:15:42.721Z,96609713647,253.397401,2026-08-11T18:11:29.324Z,4.223290016666667,2.6821318336065576,2.7281358573024836
bigquery,1613,2026-08-11T18:16:42.721Z,96669759109,313.397402,2026-08-11T18:11:29.324Z,5.223290033333333,2.745026369125686,2.7364961912319568
bigquery,1614,2026-08-11T18:17:42.721Z,96730851115,61.420411,2026-08-11T18:16:41.301Z,1.0236735166666666,2.807920905191272,2.7450314870839065
bigquery,1615,2026-08-11T18:18:42.721Z,96791419849,121.420402,2026-08-11T18:16:41.301Z,2.0236733666666664,2.784975824863396,2.7461522772975346
bigquery,1616,2026-08-11T18:19:42.721Z,96852250219,181.420401,2026-08-11T18:16:41.301Z,3.02367335,2.762030743169414,2.7474806431942356
bigquery,1617,2026-08-11T18:20:42.721Z,96912794484,241.420403,2026-08-11T18:16:41.301Z,4.023673383333334,2.739085661202211,2.749016584923001
bigquery,1618,2026-08-11T18:21:42.721Z,96972578310,301.420399,2026-08-11T18:16:41.301Z,5.023673316666666,2.7161405806011136,2.7507601024341386
bigquery,1619,2026-08-11T18:22:42.721Z,97033931952,58.006402,2026-08-11T18:21:44.715Z,0.9667733666666667,2.779961890710407,2.7527335998261564
bigquery,1620,2026-08-11T18:23:42.721Z,97094631504,118.006398,2026-08-11T18:21:44.715Z,1.9667733,2.7602990500000173,2.746624359985121
bigquery,1621,2026-08-11T18:24:42.721Z,97155331056,178.006399,2026-08-11T18:21:44.715Z,2.9667733166666665,2.7406362084699647,2.7402359841034096
bigquery,1622,2026-08-11T18:25:42.721Z,97215376518,238.0064,2026-08-11T18:21:44.715Z,3.9667733333333337,2.720973367213133,2.7335684726279976
bigquery,1623,2026-08-11T18:26:42.721Z,97275945252,298.006401,2026-08-11T18:21:44.715Z,4.9667733499999995,2.7013105262295225,2.7266218254844716
bigquery,1624,2026-08-11T18:27:42.721Z,97336775622,43.684405,2026-08-11T18:26:59.037Z,0.7280734166666666,2.766734840437165,2.7271653918282523
bigquery,1625,2026-08-11T18:28:42.721Z,97395120450,103.6844,2026-08-11T18:26:59.037Z,1.7280733333333334,2.7407192669398968,2.7200068472182632
bigquery,1626,2026-08-11T18:29:42.721Z,97457651454,163.684403,2026-08-11T18:26:59.037Z,2.7280733833333333,2.714703690163929,2.712735659761744
bigquery,1627,2026-08-11T18:30:42.721Z,97518743460,223.6844,2026-08-11T18:26:59.037Z,3.7280733333333336,2.6886881169398817,2.7053518292600116
bigquery,1628,2026-08-11T18:31:42.721Z,97569500844,283.684398,2026-08-11T18:26:59.037Z,4.7280733,2.6626725426229494,2.6978553558372536
bigquery,1629,2026-08-11T18:32:42.721Z,97629938760,28.244402,2026-08-11T18:32:14.477Z,0.47074003333333336,2.7221198103825075,2.6977095031050506
bigquery,1630,2026-08-11T18:33:42.721Z,97690801525,88.244401,2026-08-11T18:32:14.477Z,1.4707400166666666,2.7012179000000036,2.697179075285848
bigquery,1631,2026-08-11T18:34:42.721Z,97751631895,148.2444,2026-08-11T18:32:14.477Z,2.47074,2.6803159879781426,2.696940450695696
bigquery,1632,2026-08-11T18:35:42.721Z,97812331447,208.244402,2026-08-11T18:32:14.477Z,3.4707400333333336,2.6594140729508196,2.6969936295828862
bigquery,1633,2026-08-11T18:36:42.721Z,97873161817,268.244401,2026-08-11T18:32:14.477Z,4.470740016666666,2.6385121595628527,2.6973386116991276
bigquery,1634,2026-08-11T18:37:42.721Z,97933599733,9.041399,2026-08-11T18:37:33.680Z,0.15068998333333333,2.699706146174888,2.705832724416475
bigquery,1635,2026-08-11T18:38:42.721Z,97994037649,69.041398,2026-08-11T18:37:33.680Z,1.1506899666666668,2.76090013442625,2.7147066185545388
bigquery,1636,2026-08-11T18:39:42.721Z,98054737201,129.041401,2026-08-11T18:37:33.680Z,2.1506900166666667,2.738094396448105,2.723492286040875
bigquery,1637,2026-08-11T18:40:42.721Z,98115305935,189.041411,2026-08-11T18:37:33.680Z,3.1506901833333334,2.715288657923517,2.732189726701604
bigquery,1638,2026-08-11T18:41:42.721Z,98176267123,249.041425,2026-08-11T18:37:33.680Z,4.1506904166666665,2.6924829202186076,2.740798941008589
bigquery,1639,2026-08-11T18:42:42.721Z,98236966675,309.041401,2026-08-11T18:37:33.680Z,5.150690016666667,2.756107782513683,2.7493199287880334
bigquery,1640,2026-08-11T18:43:42.721Z,98297927863,62.176402,2026-08-11T18:42:40.545Z,1.0362733666666668,2.8197326459016576,2.7580384823150697
bigquery,1641,2026-08-11T18:44:42.721Z,98358527412,122.176401,2026-08-11T18:42:40.545Z,2.03627335,2.7978602423497443,2.7591443433434093
bigquery,1642,2026-08-11T18:45:42.721Z,98409153978,182.176399,2026-08-11T18:42:40.545Z,3.0362733166666667,2.7759878352459264,2.7602738505962736
bigquery,1643,2026-08-11T18:46:42.721Z,98469330258,242.1764,2026-08-11T18:42:40.545Z,4.036273333333333,2.7541154303278925,2.7614270041482416
bigquery,1644,2026-08-11T18:47:42.721Z,98530029810,302.176402,2026-08-11T18:42:40.545Z,5.036273366666666,2.732243025136637,2.7626038039743435
bigquery,1645,2026-08-11T18:48:42.721Z,98590860180,48.003404,2026-08-11T18:47:54.718Z,0.8000567333333334,2.7956102349727026,2.763483286413496
bigquery,1646,2026-08-11T18:49:42.721Z,98651428914,108.003399,2026-08-11T18:47:54.718Z,1.80005665,2.7730646057377166,2.756306708296258
bigquery,1647,2026-08-11T18:50:42.721Z,98711474376,168.003399,2026-08-11T18:47:54.718Z,2.80005665,2.750518976229525,2.748846548509887
bigquery,1648,2026-08-11T18:51:42.721Z,98772043110,228.003403,2026-08-11T18:47:54.718Z,3.8000567166666666,2.7279733469945535,2.7411028072529833
bigquery,1649,2026-08-11T18:52:42.721Z,98832873480,288.003399,2026-08-11T18:47:54.718Z,4.80005665,2.705427718306025,2.733075484326946
bigquery,1650,2026-08-11T18:53:42.721Z,98893311396,42.451402,2026-08-11T18:53:00.270Z,0.7075233666666667,2.7657820893442833,2.732571882116314
bigquery,1651,2026-08-11T18:54:42.721Z,98954665038,102.451399,2026-08-11T18:53:00.270Z,1.7075233166666666,2.740790286612045,2.7318429448833657
bigquery,1652,2026-08-11T18:55:42.721Z,99014972136,162.4514,2026-08-11T18:53:00.270Z,2.7075233333333335,2.71579848469947,2.7295882500497597
bigquery,1653,2026-08-11T18:56:42.721Z,99075874883,222.451402,2026-08-11T18:53:00.270Z,3.7075233666666665,2.690806681420774,2.7258077977149613
bigquery,1654,2026-08-11T18:57:42.721Z,99136836071,282.451401,2026-08-11T18:53:00.270Z,4.70752335,2.6658148781420783,2.7205015878788883
bigquery,1655,2026-08-11T18:58:42.721Z,99197143169,7.781399,2026-08-11T18:58:34.940Z,0.12968998333333334,2.72670340081967,2.721504692523674
bigquery,1656,2026-08-11T18:59:42.721Z,99258104357,67.7814,2026-08-11T18:58:34.940Z,1.12969,2.7875919254098247,2.7212807479881205
bigquery,1657,2026-08-11T19:00:42.721Z,99318803909,127.781401,2026-08-11T18:58:34.940Z,2.129690016666667,2.7482629625683033,2.727588497416863
bigquery,1658,2026-08-11T19:01:42.721Z,99378849371,187.781397,2026-08-11T18:58:34.940Z,3.12968995,2.7089340005464453,2.7319636585444558
bigquery,1659,2026-08-11T19:02:42.721Z,99429737573,247.781399,2026-08-11T18:58:34.940Z,4.129689983333333,2.6696050387978087,2.734406231395951
bigquery,1660,2026-08-11T19:03:42.721Z,99490437125,13.703409,2026-08-11T19:03:29.018Z,0.22839015000000001,2.716461869398893,2.7428447556383784
bigquery,1661,2026-08-11T19:04:42.721Z,99551267495,73.703401,2026-08-11T19:03:29.018Z,1.2283900166666666,2.7633186994535506,2.7494719289617766
bigquery,1662,2026-08-11T19:05:42.721Z,99611051321,133.703397,2026-08-11T19:03:29.018Z,2.22838995,2.8101755303278715,2.7542877516145214
bigquery,1663,2026-08-11T19:06:42.721Z,99672666599,193.703399,2026-08-11T19:03:29.018Z,3.2283899833333334,2.7639252571038253,2.766402903378052
bigquery,1664,2026-08-11T19:07:42.721Z,99733496969,253.703399,2026-08-11T19:03:29.018Z,4.228389983333333,2.7176749827868947,2.7769192219324066
bigquery,1665,2026-08-11T19:08:42.721Z,99793542431,313.703397,2026-08-11T19:03:29.018Z,5.2283899499999995,2.7586386448087605,2.7858367086686155
bigquery,1666,2026-08-11T19:09:42.721Z,99854221611,66.264397,2026-08-11T19:08:36.457Z,1.1044066166666666,2.799602307377069,2.7929423722056197
bigquery,1667,2026-08-11T19:10:42.721Z,99915313617,126.264397,2026-08-11T19:08:36.457Z,2.1044066166666666,2.8405659745901817,2.798236212617915
bigquery,1668,2026-08-11T19:11:42.721Z,99976143987,186.264403,2026-08-11T19:08:36.457Z,3.1044067166666665,2.8815296319672283,2.8017182298558923
bigquery,1669,2026-08-11T19:12:42.721Z,100036712721,246.264404,2026-08-11T19:08:36.457Z,4.104406733333334,2.824613504644835,2.804209983755589
bigquery,1670,2026-08-11T19:13:42.721Z,100096889001,306.264403,2026-08-11T19:08:36.457Z,5.104406716666667,2.7676973928961965,2.8057114743169222
bigquery,1671,2026-08-11T19:14:42.721Z,100157588553,53.344401,2026-08-11T19:13:49.377Z,0.88907335,2.7946241683060284,2.806097763462524
bigquery,1672,2026-08-11T19:15:42.721Z,100218157287,113.344396,2026-08-11T19:13:49.377Z,1.8890732666666668,2.8215509439890964,2.80536885124192
bigquery,1673,2026-08-11T19:16:42.721Z,100278987657,173.344399,2026-08-11T19:13:49.377Z,2.889073316666667,2.8484777199453855,2.8035247372826317
bigquery,1674,2026-08-11T19:17:42.721Z,100329614223,233.344399,2026-08-11T19:13:49.377Z,3.889073316666667,2.791334550000027,2.792782064182823
bigquery,1675,2026-08-11T19:18:42.721Z,100390052139,293.344399,2026-08-11T19:13:49.377Z,4.889073316666667,2.734191378961769,2.782038994287177
bigquery,1676,2026-08-11T19:19:42.721Z,100450620873,38.903399,2026-08-11T19:19:03.818Z,0.6483899833333333,2.7628878254098574,2.778884994659744
bigquery,1677,2026-08-11T19:20:42.721Z,100511451243,98.903397,2026-08-11T19:19:03.818Z,1.6483899499999999,2.7915842729508307,2.7756979846001495
bigquery,1678,2026-08-11T19:21:42.721Z,100571960397,158.9034,2026-08-11T19:19:03.818Z,2.64839,2.820280721038261,2.7724779641828885
bigquery,1679,2026-08-11T19:22:42.721Z,100632398313,218.903398,2026-08-11T19:19:03.818Z,3.648389966666667,2.7633602278688683,2.769224933258887
bigquery,1680,2026-08-11T19:23:42.721Z,100693359501,278.9034,2026-08-11T19:19:03.818Z,4.64839,2.70643973579236,2.765770089195278
bigquery,1681,2026-08-11T19:24:42.721Z,100753666599,26.5364,2026-08-11T19:24:16.185Z,0.44227333333333335,2.733003396994554,2.7704261494536695
bigquery,1682,2026-08-11T19:25:42.721Z,100814496969,86.536404,2026-08-11T19:24:16.185Z,1.4422734000000001,2.759567057650291,2.7753895124939265
bigquery,1683,2026-08-11T19:26:42.721Z,100874804067,146.5364,2026-08-11T19:24:16.185Z,2.442273333333333,2.7861307193989275,2.780660178142253
bigquery,1684,2026-08-11T19:27:42.721Z,100935372801,206.536401,2026-08-11T19:24:16.185Z,3.4422733500000002,2.8126943797814437,2.786238146448258
bigquery,1685,2026-08-11T19:28:42.721Z,100996072353,266.536398,2026-08-11T19:24:16.185Z,4.4422733,2.753331265300567,2.7919508391953722
bigquery,1686,2026-08-11T19:29:42.721Z,101056379451,326.5364,2026-08-11T19:24:16.185Z,5.4422733333333335,2.785408041803301,2.8051027270741375
bigquery,1687,2026-08-11T19:30:42.721Z,101117209821,19.740399,2026-08-11T19:30:22.981Z,0.32900665,2.8174848188524924,2.8181043417288576
bigquery,1688,2026-08-11T19:31:42.721Z,101178040191,79.740399,2026-08-11T19:30:22.981Z,1.32900665,2.849561595082005,2.830955683308606
bigquery,1689,2026-08-11T19:32:42.721Z,101238347289,139.740398,2026-08-11T19:30:22.981Z,2.3290066333333335,2.881638372404402,2.8436567516394216
bigquery,1690,2026-08-11T19:33:42.721Z,101299009258,199.740402,2026-08-11T19:30:22.981Z,3.3290067,2.826199848087467,2.8484128374566353
bigquery,1691,2026-08-11T19:34:42.721Z,101349635824,259.740399,2026-08-11T19:30:22.981Z,4.32900665,2.8511105024590506,2.8530354657725847
bigquery,1692,2026-08-11T19:35:42.721Z,101410335376,319.740401,2026-08-11T19:30:22.981Z,5.329006683333334,2.8760211581967554,2.8568482579980397
bigquery,1693,2026-08-11T19:36:42.721Z,101471165746,38.968402,2026-08-11T19:36:03.753Z,0.6494733666666667,2.9009318150273593,2.8598512133631546
bigquery,1694,2026-08-11T19:37:42.721Z,101531080390,98.968397,2026-08-11T19:36:03.753Z,1.6494732833333332,2.925842471038285,2.8620443325384755
bigquery,1695,2026-08-11T19:38:42.721Z,101592303214,158.968402,2026-08-11T19:36:03.753Z,2.6494733666666668,2.865011323770514,2.855428087282648
bigquery,1696,2026-08-11T19:39:42.721Z,101652871948,218.968403,2026-08-11T19:36:03.753Z,3.649473383333333,2.8041801767759784,2.8479584143069587
bigquery,1697,2026-08-11T19:40:42.721Z,101714094772,278.968423,2026-08-11T19:36:03.753Z,4.649473716666666,2.827348756284172,2.8401033217585128
bigquery,1698,2026-08-11T19:41:42.721Z,101774140234,338.968397,2026-08-11T19:36:03.753Z,5.649473283333333,2.8505173278688627,2.831862809537928
bigquery,1699,2026-08-11T19:42:42.721Z,101835101422,40.728399,2026-08-11T19:42:01.993Z,0.6788066500000001,2.873685906010935,2.8232368776700905
bigquery,1700,2026-08-11T19:43:42.721Z,101895408520,100.728432,2026-08-11T19:42:01.993Z,1.6788072,2.808859674590167,2.814225526080422
bigquery,1701,2026-08-11T19:44:42.721Z,101956108072,160.7284,2026-08-11T19:42:01.993Z,2.6788066666666666,2.7440334453551976,2.804844378142
bigquery,1702,2026-08-11T19:45:42.721Z,102016890325,220.7284,2026-08-11T19:42:01.993Z,3.6788066666666666,2.7647044844262365,2.8029036921757737
bigquery,1703,2026-08-11T19:46:42.721Z,102077459059,280.728399,2026-08-11T19:42:01.993Z,4.67880665,2.785375523770497,2.8007671294584395
bigquery,1704,2026-08-11T19:47:42.721Z,102137766157,33.032398,2026-08-11T19:47:09.689Z,0.5505399666666667,2.8060465644808783,2.798434690635738
bigquery,1705,2026-08-11T19:48:42.721Z,102198858163,93.032396,2026-08-11T19:47:09.689Z,1.5505399333333334,2.8267176035519173,2.7959063751613114
bigquery,1706,2026-08-11T19:49:42.721Z,102259557715,153.032398,2026-08-11T19:47:09.689Z,2.550539966666667,2.7618186964480955,2.793483996472787
bigquery,1707,2026-08-11T19:50:42.721Z,102310053463,213.032397,2026-08-11T19:47:09.689Z,3.55053995,2.782832631147551,2.798926297491231
bigquery,1708,2026-08-11T19:51:42.721Z,102370622197,273.032399,2026-08-11T19:47:09.689Z,4.5505399833333335,2.803846566393449,2.8044607990312382
bigquery,1709,2026-08-11T19:52:42.721Z,102431321749,19.674398,2026-08-11T19:52:23.047Z,0.3279066333333333,2.824860500819669,2.8100875011425823
bigquery,1710,2026-08-11T19:53:42.721Z,102491759665,79.674398,2026-08-11T19:52:23.047Z,1.3279066333333334,2.8458744357923456,2.815806403750602
bigquery,1711,2026-08-11T19:54:42.721Z,102551805127,139.674402,2026-08-11T19:52:23.047Z,2.3279066999999998,2.782213509016386,2.8138739156731223
bigquery,1712,2026-08-11T19:55:42.721Z,102613027951,199.674397,2026-08-11T19:52:23.047Z,3.3279066166666667,2.803898756557381,2.8120691225285555
bigquery,1713,2026-08-11T19:56:42.721Z,102673727503,259.674402,2026-08-11T19:52:23.047Z,4.3279067,2.8255840013661193,2.811692446597094
bigquery,1714,2026-08-11T19:57:42.721Z,102734010156,319.674399,2026-08-11T19:52:23.047Z,5.32790665,2.847269246994536,2.81274388787882
bigquery,1715,2026-08-11T19:58:42.721Z,102794971344,65.182402,2026-08-11T19:57:37.539Z,1.0863733666666666,2.86895449316941,2.815223446423343
bigquery,1716,2026-08-11T19:59:42.721Z,102855278442,125.182401,2026-08-11T19:57:37.539Z,2.08637335,2.8054602346994635,2.8112526074516855
bigquery,1717,2026-08-11T20:00:42.721Z,102915847176,185.182404,2026-08-11T19:57:37.539Z,3.0863734,2.7419659718579332,2.8085290856434684
bigquery,1718,2026-08-11T20:01:42.721Z,102976677546,245.182402,2026-08-11T19:57:37.539Z,4.086373366666667,2.778689195901637,2.7992941379037473
bigquery,1719,2026-08-11T20:02:42.721Z,103036853826,305.182402,2026-08-11T19:57:37.539Z,5.086373366666667,2.815412420491798,2.7920120466965686
bigquery,1720,2026-08-11T20:03:42.721Z,103097160924,44.8764,2026-08-11T20:02:57.845Z,0.7479399999999999,2.8521356448087376,2.786682811997046
bigquery,1721,2026-08-11T20:04:42.721Z,103157860476,104.876404,2026-08-11T20:02:57.845Z,1.7479400666666665,2.8021952071038285,2.7833064336562696
bigquery,1722,2026-08-11T20:05:42.721Z,103218560028,164.876401,2026-08-11T20:02:57.845Z,2.7479400166666665,2.7522547691256833,2.781785246100381
bigquery,1723,2026-08-11T20:06:42.721Z,103269448230,224.876401,2026-08-11T20:02:57.845Z,3.7479400166666665,2.7023143314207596,2.7821192493541855
bigquery,1724,2026-08-11T20:07:42.721Z,103330409418,284.8764,2026-08-11T20:02:57.845Z,4.74794,2.7454809980874235,2.7751977632886504
bigquery,1725,2026-08-11T20:08:42.721Z,103391632242,31.0614,2026-08-11T20:08:11.660Z,0.51769,2.78864766530053,2.7699189498510104
bigquery,1726,2026-08-11T20:09:42.721Z,103451517455,91.061399,2026-08-11T20:08:11.660Z,1.5176899833333333,2.831814331420752,2.7662828082463666
bigquery,1727,2026-08-11T20:10:42.721Z,103512347825,151.061398,2026-08-11T20:08:11.660Z,2.5176899666666666,2.788727171584693,2.764197834103305
bigquery,1728,2026-08-11T20:11:42.721Z,103573047377,211.061369,2026-08-11T20:08:11.660Z,3.5176894833333336,2.7456400076502714,2.763664027496237
bigquery,1729,2026-08-11T20:12:42.721Z,103633354475,271.061399,2026-08-11T20:08:11.660Z,4.517689983333333,2.702552849180318,2.764681388350668
bigquery,1730,2026-08-11T20:13:42.721Z,103694315663,9.000397,2026-08-11T20:13:33.721Z,0.15000661666666665,2.7573454726775783,2.7664283567560646
bigquery,1731,2026-08-11T20:14:42.721Z,103754622761,69.000404,2026-08-11T20:13:33.721Z,1.1500067333333335,2.812138087158451,2.7689049327620356
bigquery,1732,2026-08-11T20:15:42.721Z,103815322313,129.000404,2026-08-11T20:13:33.721Z,2.1500067333333335,2.779260491530041,2.7644040872329985
bigquery,1733,2026-08-11T20:16:42.721Z,103876152683,189.0004,2026-08-11T20:13:33.721Z,3.150006666666667,2.7463828964480737,2.760767076924987
bigquery,1734,2026-08-11T20:17:42.721Z,103936328963,249.000408,2026-08-11T20:13:33.721Z,4.1500068,2.713505300819649,2.757993902185841
bigquery,1735,2026-08-11T20:18:42.721Z,103997159333,309.000402,2026-08-11T20:13:33.721Z,5.1500067000000005,2.764697650546429,2.763867920789876
bigquery,1736,2026-08-11T20:19:42.721Z,104058120521,55.814399,2026-08-11T20:18:46.907Z,0.9302399833333334,2.8158900013661086,2.7694909706656703
bigquery,1737,2026-08-11T20:20:42.721Z,104118689255,115.8144,2026-08-11T20:18:46.907Z,1.9302400000000002,2.7823050306010897,2.7669783531545447
bigquery,1738,2026-08-11T20:21:42.721Z,104178832058,175.8144,2026-08-11T20:18:46.907Z,2.93024,2.7487200581967284,2.764300087406892
bigquery,1739,2026-08-11T20:22:42.721Z,104229196988,235.8144,2026-08-11T20:18:46.907Z,3.93024,2.715135085519131,2.761456173199225
bigquery,1740,2026-08-11T20:23:42.721Z,104289896540,295.8144,2026-08-11T20:18:46.907Z,4.9302399999999995,2.767167053825136,2.7584466107054224
bigquery,1741,2026-08-11T20:24:42.721Z,104350726910,45.904408,2026-08-11T20:23:56.817Z,0.7650734666666666,2.8191990213114773,2.755440202632847
bigquery,1742,2026-08-11T20:25:42.721Z,104411295644,105.904406,2026-08-11T20:23:56.817Z,1.7650734333333333,2.784499294535516,2.7524369488325893
bigquery,1743,2026-08-11T20:26:42.721Z,104471602742,165.9044,2026-08-11T20:23:56.817Z,2.7650733333333335,2.749799568305997,2.7492701825881753
bigquery,1744,2026-08-11T20:27:42.721Z,104532563930,225.904399,2026-08-11T20:23:56.817Z,3.765073316666667,2.715099840163915,2.7459399041728663
bigquery,1745,2026-08-11T20:28:42.721Z,104592478574,285.904402,2026-08-11T20:23:56.817Z,4.765073366666667,2.680400113387954,2.7424461135121665
bigquery,1746,2026-08-11T20:29:42.721Z,104653701398,34.147412,2026-08-11T20:29:08.574Z,0.5691235333333334,2.7316271617486056,2.738961388822645
bigquery,1747,2026-08-11T20:30:42.721Z,104714270132,94.147398,2026-08-11T20:29:08.574Z,1.5691233,2.7828542095628155,2.7354857301539925
bigquery,1748,2026-08-11T20:31:42.721Z,104774577230,154.147399,2026-08-11T20:29:08.574Z,2.569123316666667,2.747470601912535,2.7324088046199737
bigquery,1749,2026-08-11T20:32:42.721Z,104835276782,214.147401,2026-08-11T20:29:08.574Z,3.56912335,2.7120869956283893,2.7297306123447758
bigquery,1750,2026-08-11T20:33:42.721Z,104895989891,274.147399,2026-08-11T20:29:08.574Z,4.5691233166666665,2.6767033882513447,2.7274511534276993
bigquery,1751,2026-08-11T20:34:42.721Z,104956558625,16.9584,2026-08-11T20:34:25.763Z,0.28264,2.7288350822404115,2.73336513713366
bigquery,1752,2026-08-11T20:35:42.721Z,105017127359,76.958396,2026-08-11T20:34:25.763Z,1.2826399333333331,2.7809667759562573,2.7396610385246523
bigquery,1753,2026-08-11T20:36:42.721Z,105078481001,136.958399,2026-08-11T20:34:25.763Z,2.282639983333333,2.750653113661175,2.7386486689021527
bigquery,1754,2026-08-11T20:37:42.721Z,105138264827,196.958402,2026-08-11T20:34:25.763Z,3.2826400333333337,2.7203394532786556,2.7382017248633432
bigquery,1755,2026-08-11T20:38:42.721Z,105198833561,256.958399,2026-08-11T20:34:25.763Z,4.2826399833333335,2.6900257920764727,2.7383202055389946
bigquery,1756,2026-08-11T20:39:42.721Z,105249460127,316.9584,2026-08-11T20:34:25.763Z,5.28264,2.745453934152987,2.7470036391703783
bigquery,1757,2026-08-11T20:40:42.721Z,105310421315,61.269398,2026-08-11T20:39:41.452Z,1.0211566333333333,2.8008820770491645,2.756296089244891
bigquery,1758,2026-08-11T20:41:42.721Z,105370859231,121.269403,2026-08-11T20:39:41.452Z,2.0211567166666664,2.771718143715827,2.7584524489567146
bigquery,1759,2026-08-11T20:42:42.721Z,105431035511,181.269397,2026-08-11T20:39:41.452Z,3.0211566166666666,2.742554217486329,2.760967750645746
bigquery,1760,2026-08-11T20:43:42.721Z,105492258335,241.269401,2026-08-11T20:39:41.452Z,4.021156683333333,2.7133902830601073,2.7638419939144527
bigquery,1761,2026-08-11T20:44:42.721Z,105552565433,301.269401,2026-08-11T20:39:41.452Z,5.021156683333333,2.7722211581967264,2.767075179085871
bigquery,1762,2026-08-11T20:45:42.721Z,105613273734,40.3964,2026-08-11T20:45:02.325Z,0.6732733333333333,2.83105203306011,2.7706516826874577
bigquery,1763,2026-08-11T20:46:42.721Z,105673842468,100.396402,2026-08-11T20:45:02.325Z,1.6732733666666666,2.804686732786888,2.766883650894091
bigquery,1764,2026-08-11T20:47:42.721Z,105734149566,160.396399,2026-08-11T20:45:02.325Z,2.6732733166666667,2.778321432240445,2.763461272205611
bigquery,1765,2026-08-11T20:48:42.721Z,105795110754,220.396398,2026-08-11T20:45:02.325Z,3.6732733,2.7519561292349817,2.7603845460754943
bigquery,1766,2026-08-11T20:49:42.721Z,105855941124,280.3964,2026-08-11T20:45:02.325Z,4.673273333333333,2.72559082896176,2.7576534733233613
bigquery,1767,2026-08-11T20:50:42.721Z,105915986586,30.111405,2026-08-11T20:50:12.610Z,0.5018567500000001,2.7847954737704996,2.7549662402880957
bigquery,1768,2026-08-11T20:51:42.721Z,105976555320,90.111398,2026-08-11T20:50:12.610Z,1.5018566333333332,2.759433727322414,2.7523228471187724
bigquery,1769,2026-08-11T20:52:42.721Z,106036862418,150.111399,2026-08-11T20:50:12.610Z,2.50185665,2.7340719781420866,2.7496571241431
bigquery,1770,2026-08-11T20:53:42.721Z,106098346878,210.111402,2026-08-11T20:50:12.610Z,3.5018567,2.7087102300546593,2.7469690713859647
bigquery,1771,2026-08-11T20:54:42.721Z,106158915612,270.111399,2026-08-11T20:50:12.610Z,4.50185665,2.6833484827869096,2.7442586890213287
bigquery,1772,2026-08-11T20:55:42.721Z,106219615164,12.673402,2026-08-11T20:55:30.048Z,0.21122336666666666,2.742661594808762,2.7492695681321493
bigquery,1773,2026-08-11T20:56:42.721Z,106269849276,72.673399,2026-08-11T20:55:30.048Z,1.2112233166666668,2.801974708196734,2.7542226231991496
bigquery,1774,2026-08-11T20:57:42.721Z,106330810464,132.673397,2026-08-11T20:55:30.048Z,2.211223283333333,2.7753637800546667,2.7589250323397376
bigquery,1775,2026-08-11T20:58:42.721Z,106391250668,192.673399,2026-08-11T20:55:30.048Z,3.2112233166666666,2.748752851912599,2.7633767957525133
bigquery,1776,2026-08-11T20:59:42.721Z,106451819402,252.673399,2026-08-11T20:55:30.048Z,4.211223316666667,2.7221419232240747,2.767577913437559
bigquery,1777,2026-08-11T21:00:42.721Z,106512126500,312.673396,2026-08-11T20:55:30.048Z,5.211223266666667,2.7807104991803557,2.7794068998757044
bigquery,1778,2026-08-11T21:01:42.721Z,106572826052,55.6784,2026-08-11T21:00:47.043Z,0.9279733333333334,2.839279079508235,2.791166040685394
bigquery,1779,2026-08-11T21:02:42.721Z,106633263968,115.678403,2026-08-11T21:00:47.043Z,1.9279733833333335,2.811160227868894,2.795203025682895
bigquery,1780,2026-08-11T21:03:42.721Z,106694486792,175.678399,2026-08-11T21:00:47.043Z,2.927973316666667,2.7830413756830956,2.7993291313212634
bigquery,1781,2026-08-11T21:04:42.721Z,106754532254,235.6784,2026-08-11T21:00:47.043Z,3.9279733333333335,2.7549225245902114,2.8035443577494914
bigquery,1782,2026-08-11T21:05:42.721Z,106815362624,295.678403,2026-08-11T21:00:47.043Z,4.927973383333334,2.8134673336065985,2.8078487050421574
bigquery,1783,2026-08-11T21:06:42.721Z,106875538904,53.928397,2026-08-11T21:05:48.793Z,0.8988066166666666,2.8720121437158848,2.812339838524498
bigquery,1784,2026-08-11T21:07:42.721Z,106936500092,113.928404,2026-08-11T21:05:48.793Z,1.8988067333333334,2.8463815431694486,2.8091949062592736
bigquery,1785,2026-08-11T21:08:42.721Z,106997068826,173.9284,2026-08-11T21:05:48.793Z,2.8988066666666668,2.8207509420765553,2.8062945841529654
bigquery,1786,2026-08-11T21:09:42.721Z,107058030014,233.9284,2026-08-11T21:05:48.793Z,3.8988066666666668,2.7951203426230036,2.803638871982085
bigquery,1787,2026-08-11T21:10:42.721Z,107118585056,293.928402,2026-08-11T21:05:48.793Z,4.8988067,2.7694897434426733,2.80122776964725
bigquery,1788,2026-08-11T21:11:42.721Z,107178892154,44.321402,2026-08-11T21:10:58.400Z,0.7386900333333333,2.8301129674863823,2.7991527825385094
bigquery,1789,2026-08-11T21:12:42.721Z,107230041992,104.321399,2026-08-11T21:10:58.400Z,1.7386899833333334,2.8046848245902036,2.7897893948584995
bigquery,1790,2026-08-11T21:13:42.721Z,107290218272,164.321399,2026-08-11T21:10:58.400Z,2.7386899833333334,2.779256684699502,2.780789916716375
bigquery,1791,2026-08-11T21:14:42.721Z,107350917824,224.3214,2026-08-11T21:10:58.400Z,3.73869,2.753828541803323,2.7721543482613757
bigquery,1792,2026-08-11T21:15:42.721Z,107411224922,284.321406,2026-08-11T21:10:58.400Z,4.7386901,2.7284003989071444,2.7638826892449617
bigquery,1793,2026-08-11T21:16:42.721Z,107471793656,32.503405,2026-08-11T21:16:10.218Z,0.5417234166666667,2.7906424754098715,2.7636819688772944
bigquery,1794,2026-08-11T21:17:42.721Z,107532231572,92.5034,2026-08-11T21:16:10.218Z,1.5417233333333333,2.7690148792350002,2.7637109306259102
bigquery,1795,2026-08-11T21:18:42.721Z,107593323578,152.503399,2026-08-11T21:16:10.218Z,2.541723316666667,2.7473872836065865,2.763839346000995
bigquery,1796,2026-08-11T21:19:42.721Z,107653761494,212.503403,2026-08-11T21:16:10.218Z,3.5417233833333333,2.725759689071072,2.7640672145802125
bigquery,1797,2026-08-11T21:20:42.721Z,107714722682,272.503399,2026-08-11T21:16:10.218Z,4.541723316666666,2.7041320934426425,2.7643945368107037
bigquery,1798,2026-08-11T21:21:42.721Z,107775065298,22.990408,2026-08-11T21:21:19.731Z,0.38317346666666663,2.767281819398928,2.772706012121158
bigquery,1799,2026-08-11T21:22:42.721Z,107835764850,82.990398,2026-08-11T21:21:19.731Z,1.3831733,2.8304315467213184,2.781031620566203
bigquery,1800,2026-08-11T21:23:42.721Z,107896464402,142.990402,2026-08-11T21:21:19.731Z,2.3831733666666666,2.8060973937158527,2.7893308256828857
bigquery,1801,2026-08-11T21:24:42.721Z,107956117410,202.990405,2026-08-11T21:21:19.731Z,3.3831734166666667,2.7817632390710445,2.7976036274215983
bigquery,1802,2026-08-11T21:25:42.721Z,108017471052,262.990398,2026-08-11T21:21:19.731Z,4.3831733,2.7574290863388,2.8058500257822576
bigquery,1803,2026-08-11T21:26:42.721Z,108077908968,322.990401,2026-08-11T21:21:19.731Z,5.383173350000001,2.8198266273224006,2.8140700209387433
bigquery,1804,2026-08-11T21:27:42.721Z,108138216066,68.508403,2026-08-11T21:26:34.213Z,1.1418067166666668,2.882224168306016,2.822430279830934
bigquery,1805,2026-08-11T21:28:42.721Z,108199177254,128.508402,2026-08-11T21:26:34.213Z,2.1418066999999996,2.860306135519138,2.823203181519933
bigquery,1806,2026-08-11T21:29:42.721Z,108249673002,188.508403,2026-08-11T21:26:34.213Z,3.1418067166666663,2.8383881027322606,2.824341805911321
bigquery,1807,2026-08-11T21:30:42.721Z,108310372554,248.5084,2026-08-11T21:26:34.213Z,4.141806666666667,2.8164700710382826,2.8258461538000783
bigquery,1808,2026-08-11T21:31:42.721Z,108371072106,308.508402,2026-08-11T21:26:34.213Z,5.1418067,2.794552040163968,2.8277162243167284
bigquery,1809,2026-08-11T21:32:42.721Z,108431640840,51.232402,2026-08-11T21:31:51.489Z,0.8538733666666667,2.859244667213149,2.8295623504220866
bigquery,1810,2026-08-11T21:33:42.721Z,108492332884,111.232402,2026-08-11T21:31:51.489Z,1.8538733666666665,2.838933465300573,2.8237108857425812
bigquery,1811,2026-08-11T21:34:42.721Z,108552901618,171.232404,2026-08-11T21:31:51.489Z,2.8538734,2.818622262021876,2.81782688256325
bigquery,1812,2026-08-11T21:35:42.721Z,108613601170,231.232401,2026-08-11T21:31:51.489Z,3.85387335,2.798311065847019,2.8119103432687056
bigquery,1813,2026-08-11T21:36:42.721Z,108674169904,291.232401,2026-08-11T21:31:51.489Z,4.85387335,2.7779998620218795,2.8059612654246435
bigquery,1814,2026-08-11T21:37:42.721Z,108734738638,43.150401,2026-08-11T21:36:59.571Z,0.71917335,2.8401340144808898,2.8076698375806783
bigquery,1815,2026-08-11T21:38:42.721Z,108794914918,103.150402,2026-08-11T21:36:59.571Z,1.7191733666666666,2.8178580568306257,2.8013754287382073
bigquery,1816,2026-08-11T21:39:42.721Z,108856268560,163.150405,2026-08-11T21:36:59.571Z,2.7191734166666666,2.7955821005464667,2.794805659736746
bigquery,1817,2026-08-11T21:40:42.721Z,108917098930,223.150407,2026-08-11T21:36:59.571Z,3.71917345,2.7733061704918223,2.787960530601181
bigquery,1818,2026-08-11T21:41:42.721Z,108977929300,283.150398,2026-08-11T21:36:59.571Z,4.7191733,2.751030214754121,2.7808400406856064
bigquery,1819,2026-08-11T21:42:42.721Z,109038367216,28.2024,2026-08-11T21:42:14.519Z,0.47004,2.8133463338798137,2.781189297441746
bigquery,1820,2026-08-11T21:43:42.721Z,109098543496,88.202405,2026-08-11T21:42:14.519Z,1.4700400833333334,2.790006169945389,2.7815132686041992
bigquery,1821,2026-08-11T21:44:42.721Z,109149567524,148.202398,2026-08-11T21:42:14.519Z,2.4700399666666666,2.766666006284185,2.781659544957868
bigquery,1822,2026-08-11T21:45:42.721Z,109210005440,208.202398,2026-08-11T21:42:14.519Z,3.4700399666666666,2.7433258415300816,2.781628126229655
bigquery,1823,2026-08-11T21:46:42.721Z,109270704992,268.2024,2026-08-11T21:42:14.519Z,4.47004,2.7199856767759782,2.781419010159053
bigquery,1824,2026-08-11T21:47:42.721Z,109331535362,21.2394,2026-08-11T21:47:21.482Z,0.35398999999999997,2.781841686338816,2.788720052806887
bigquery,1825,2026-08-11T21:48:42.721Z,109391580824,81.239399,2026-08-11T21:47:21.482Z,1.3539899833333335,2.8436976972677748,2.7958410658471124
bigquery,1826,2026-08-11T21:49:42.721Z,109452411194,141.239402,2026-08-11T21:47:21.482Z,2.3539900333333335,2.8194670967213376,2.802752143393015
bigquery,1827,2026-08-11T21:50:42.721Z,109512718292,201.2394,2026-08-11T21:47:21.482Z,3.35399,2.7952364945355437,2.809453285345295
bigquery,1828,2026-08-11T21:51:42.721Z,109574333570,261.239402,2026-08-11T21:47:21.482Z,4.353990033333333,2.7710058937158704,2.815944492002018
bigquery,1829,2026-08-11T21:52:42.721Z,109633986578,321.2394,2026-08-11T21:47:21.482Z,5.35399,2.8313416838798013,2.822225763263883
bigquery,1830,2026-08-11T21:53:42.721Z,109695340220,61.048399,2026-08-11T21:52:41.673Z,1.0174733166666667,2.891677477322431,2.8283632690760316
bigquery,1831,2026-08-11T21:54:42.721Z,109755647318,121.048396,2026-08-11T21:52:41.673Z,2.017473266666667,2.866028022950842,2.8265378588425434
bigquery,1832,2026-08-11T21:55:42.721Z,109815870343,181.0484,2026-08-11T21:52:41.673Z,3.0174733333333332,2.8403785677595748,2.824575588077509
bigquery,1833,2026-08-11T21:56:42.721Z,109876700713,241.048402,2026-08-11T21:52:41.673Z,4.017473366666667,2.814729114754121,2.8224764570293037
bigquery,1834,2026-08-11T21:57:42.721Z,109937400265,301.048399,2026-08-11T21:52:41.673Z,5.017473316666667,2.7890796606557533,2.820240465449636
bigquery,1835,2026-08-11T21:58:42.721Z,109997838181,52.453397,2026-08-11T21:57:50.268Z,0.8742232833333333,2.8493542502732394,2.818060435270788
bigquery,1836,2026-08-11T21:59:42.721Z,110058406915,112.453399,2026-08-11T21:57:50.268Z,1.8742233166666666,2.823618184699462,2.808172108817747
bigquery,1837,2026-08-11T22:00:42.721Z,110118583195,172.453403,2026-08-11T21:57:50.268Z,2.8742233833333333,2.7978821183060214,2.79839232675121
bigquery,1838,2026-08-11T22:01:42.721Z,110179806019,232.453403,2026-08-11T21:57:50.268Z,3.8742233833333333,2.77214605300548,2.7887210892450556
bigquery,1839,2026-08-11T22:02:42.721Z,110229516859,292.453415,2026-08-11T21:57:50.268Z,4.874223583333333,2.746409986338803,2.7791583961005184
bigquery,1840,2026-08-11T22:03:42.721Z,110290870501,41.339404,2026-08-11T22:03:01.382Z,0.6889900666666667,2.807361351912583,2.7773565573523395
bigquery,1841,2026-08-11T22:04:42.721Z,110351308417,101.339395,2026-08-11T22:03:01.382Z,1.6889899166666666,2.7829058863388156,2.767720019076147
bigquery,1842,2026-08-11T22:05:42.721Z,110412269605,161.339422,2026-08-11T22:03:01.382Z,2.688990366666667,2.7584504202185913,2.7580679317934482
bigquery,1843,2026-08-11T22:06:42.721Z,110473141975,221.339397,2026-08-11T22:03:01.382Z,3.68898995,2.733994955191266,2.748400295380138
bigquery,1844,2026-08-11T22:07:42.721Z,110533318255,281.339395,2026-08-11T22:03:01.382Z,4.688989916666667,2.7095394901639414,2.738717110084508
bigquery,1845,2026-08-11T22:08:42.721Z,110594410261,32.398399,2026-08-11T22:08:10.323Z,0.5399733166666666,2.769259434426233,2.736841227471483
bigquery,1846,2026-08-11T22:09:42.721Z,110654978995,92.3984,2026-08-11T22:08:10.323Z,1.5399733333333332,2.743352329234976,2.7348919717338007
bigquery,1847,2026-08-11T22:10:42.721Z,110715809365,152.398496,2026-08-11T22:08:10.323Z,2.5399749333333332,2.717445224590176,2.732928210432213
bigquery,1848,2026-08-11T22:11:42.721Z,110775985645,212.398404,2026-08-11T22:08:10.323Z,3.5399734,2.6915381177595767,2.73094994364138
bigquery,1849,2026-08-11T22:12:42.721Z,110836685197,272.398398,2026-08-11T22:08:10.323Z,4.5399733,2.6656310147541187,2.728957171187341
bigquery,1850,2026-08-11T22:13:42.721Z,110897253931,18.896399,2026-08-11T22:13:23.825Z,0.31493998333333334,2.725775277595649,2.7345744086686947
bigquery,1851,2026-08-11T22:14:42.721Z,110957822665,78.8964,2026-08-11T22:13:23.825Z,1.31494,2.7859195387978377,2.740149346274269
bigquery,1852,2026-08-11T22:15:42.721Z,111018522217,138.896397,2026-08-11T22:13:23.825Z,2.3149399500000003,2.7613045120218827,2.7458616659712956
bigquery,1853,2026-08-11T22:16:42.721Z,111079090951,198.896403,2026-08-11T22:13:23.825Z,3.3149400499999997,2.7366894855191632,2.75171136771
bigquery,1854,2026-08-11T22:17:42.721Z,111129530823,258.8964,2026-08-11T22:13:23.825Z,4.314940000000001,2.712074458196751,2.7576984519375234
bigquery,1855,2026-08-11T22:18:42.721Z,111190230375,318.8964,2026-08-11T22:13:23.825Z,5.314940000000001,2.7713291024590525,2.7621064940811433
bigquery,1856,2026-08-11T22:19:42.721Z,111251584017,63.819401,2026-08-11T22:18:38.902Z,1.0636566833333334,2.830583748087475,2.763661122748586
bigquery,1857,2026-08-11T22:20:42.721Z,111311367843,123.819399,2026-08-11T22:18:38.902Z,2.06365665,2.8061878459016865,2.7608850864889973
bigquery,1858,2026-08-11T22:21:42.721Z,111371936577,183.8194,2026-08-11T22:18:38.902Z,3.0636566666666667,2.7817919437158976,2.7599287732483306
bigquery,1859,2026-08-11T22:22:42.721Z,111432505311,243.8194,2026-08-11T22:18:38.902Z,4.063656666666667,2.75739604426235,2.7591538775138607
bigquery,1860,2026-08-11T22:23:42.721Z,111493597317,303.819402,2026-08-11T22:18:38.902Z,5.0636567,2.7141194783333957,2.756832731892659
bigquery,1861,2026-08-11T22:24:42.721Z,111554689323,49.113399,2026-08-11T22:23:53.608Z,0.81855665,2.742876192937914,2.7521758417981554
bigquery,1862,2026-08-11T22:25:42.721Z,111615258057,109.113399,2026-08-11T22:23:53.608Z,1.81855665,2.755383139942594,2.743583074819402
bigquery,1863,2026-08-11T22:26:42.721Z,111675695973,169.1134,2026-08-11T22:23:53.608Z,2.818556666666667,2.7507850663743354,2.7369665785427886
bigquery,1864,2026-08-11T22:27:42.721Z,111736264707,229.113399,2026-08-11T22:23:53.608Z,3.8185566499999997,2.7281656324405503,2.730534349672615
bigquery,1865,2026-08-11T22:28:42.721Z,111797109918,289.113401,2026-08-11T22:23:53.608Z,4.818556683333333,2.686541856363709,2.7223868641033486
bigquery,1866,2026-08-11T22:29:42.721Z,111858201924,34.314402,2026-08-11T22:29:08.407Z,0.5719067,2.7201033114198188,2.7218448244836755
bigquery,1867,2026-08-11T22:30:42.721Z,111918509022,94.3144,2026-08-11T22:29:08.407Z,1.5719066666666668,2.73606331132082,2.720618778850456
bigquery,1868,2026-08-11T22:31:42.721Z,111978946938,154.314401,2026-08-11T22:29:08.407Z,2.5719066833333333,2.733406386859035,2.7183338798614303
bigquery,1869,2026-08-11T22:32:42.721Z,112029311868,214.314398,2026-08-11T22:29:08.407Z,3.5719066333333336,2.711037426143847,2.7145722430962205
bigquery,1870,2026-08-11T22:33:42.721Z,112090011420,274.3144,2026-08-11T22:29:08.407Z,4.571906666666666,2.6677737030000572,2.7088677612245275
bigquery,1871,2026-08-11T22:34:42.721Z,112151234244,21.725398,2026-08-11T22:34:20.996Z,0.36208996666666665,2.708157042517068,2.711338670184556
bigquery,1872,2026-08-11T22:35:42.721Z,112211279706,81.725398,2026-08-11T22:34:20.996Z,1.3620899666666666,2.7293896909722926,2.7132400357073823
bigquery,1873,2026-08-11T22:36:42.721Z,112271455986,141.725399,2026-08-11T22:34:20.996Z,2.3620899833333335,2.730249251063895,2.7141256510202023
bigquery,1874,2026-08-11T22:37:42.721Z,112332940446,201.725399,2026-08-11T22:34:20.996Z,3.3620899833333335,2.7094070619565844,2.713491899554025
bigquery,1875,2026-08-11T22:38:42.721Z,112393770816,261.725397,2026-08-11T22:34:20.996Z,4.36208995,2.6654163318519246,2.710770012290926
bigquery,1876,2026-08-11T22:39:42.721Z,112454470368,8.330397,2026-08-11T22:39:34.391Z,0.13883995,2.713721854924312,2.7174967075116
bigquery,1877,2026-08-11T22:40:42.721Z,112514262803,68.330402,2026-08-11T22:39:34.391Z,1.1388400333333335,2.741018332170613,2.723965652609712
bigquery,1878,2026-08-11T22:41:42.721Z,112575485627,128.330396,2026-08-11T22:39:34.391Z,2.1388399333333337,2.7458050797619675,2.7296453286555997
bigquery,1879,2026-08-11T22:42:42.721Z,112636185179,188.330401,2026-08-11T22:39:34.391Z,3.138840016666667,2.726435120731766,2.733925969131302
bigquery,1880,2026-08-11T22:43:42.721Z,112696230641,248.330402,2026-08-11T22:39:34.391Z,4.1388400333333335,2.6810966662500504,2.736107578217508
bigquery,1881,2026-08-11T22:44:42.721Z,112756930193,308.330401,2026-08-11T22:39:34.391Z,5.138840016666666,2.7417673504273923,2.735385843949354
bigquery,1882,2026-08-11T22:45:42.721Z,112817629745,58.1114,2026-08-11T22:44:44.610Z,0.9685233333333334,2.779315438596529,2.7346633887726224
bigquery,1883,2026-08-11T22:46:42.721Z,112878329297,118.111401,2026-08-11T22:44:44.610Z,1.9685233500000001,2.7918661274775207,2.733283635090464
bigquery,1884,2026-08-11T22:47:42.721Z,112938898031,178.1114,2026-08-11T22:44:44.610Z,2.968523333333333,2.7773362962963497,2.730478060879415
bigquery,1885,2026-08-11T22:48:42.721Z,112999335947,238.111398,2026-08-11T22:44:44.610Z,3.9685233,2.733404761904811,2.73088235489422
bigquery,1886,2026-08-11T22:49:42.721Z,113050093331,298.111402,2026-08-11T22:44:44.610Z,4.968523366666667,2.6574772549020054,2.736414098076946
bigquery,1887,2026-08-11T22:50:42.721Z,113110662065,51.9504,2026-08-11T22:49:50.771Z,0.86584,2.7057748479798343,2.735744941533085
bigquery,1888,2026-08-11T22:51:42.721Z,113171361617,111.950398,2026-08-11T22:49:50.771Z,1.8658399666666667,2.725841041666712,2.7295205848097663
bigquery,1889,2026-08-11T22:52:42.721Z,113219565734,171.95041,2026-08-11T22:49:50.771Z,2.8658401666666666,2.71494376344092,2.719129661031881
redshift,6,2026-08-12T16:55:35Z,94958728,46.0,2026-08-12T16:55:35Z,0.7666666666666667,0.6467741935483869,0.6505345147793556
redshift,8,2026-08-12T16:56:36Z,156940793,40.0,2026-08-12T16:56:36Z,0.6666666666666666,0.6463541666666665,0.6511016561686626
redshift,11,2026-08-12T16:57:33Z,213215557,40.0,2026-08-12T16:57:33Z,0.6666666666666666,0.6510101010101008,0.6517314930072289
redshift,13,2026-08-12T16:58:33Z,274250781,42.0,2026-08-12T16:58:33Z,0.7,0.6524509803921567,0.6522988389883819
redshift,15,2026-08-12T16:59:05Z,306628465,12.0,2026-08-12T16:59:05Z,0.2,0.6524509803921567,0.6533189550895437
redshift,18,2026-08-12T17:00:35Z,397684633,40.0,2026-08-12T17:00:35Z,0.6666666666666666,0.6541666666666663,0.6542367440947071
redshift,21,2026-08-12T17:01:37Z,459476555,43.0,2026-08-12T17:01:37Z,0.7166666666666667,0.6545045045045043,0.6559008505975232
redshift,23,2026-08-12T17:02:35Z,516267610,40.0,2026-08-12T17:02:35Z,0.6666666666666666,0.6561403508771927,0.6576769693431188
redshift,25,2026-08-12T17:03:33Z,574282845,39.0,2026-08-12T17:03:33Z,0.65,0.6568376068376066,0.6590314229702997
redshift,28,2026-08-12T17:04:35Z,635652224,39.0,2026-08-12T17:04:35Z,0.65,0.6624999999999998,0.6591239387394775
redshift,30,2026-08-12T17:05:36Z,698297604,39.0,2026-08-12T17:05:36Z,0.65,0.6634146341463412,0.6597305713165067
redshift,33,2026-08-12T17:06:36Z,757676186,44.0,2026-08-12T17:06:36Z,0.7333333333333333,0.6650793650793648,0.6601577150947144
redshift,35,2026-08-12T17:07:35Z,813833254,40.0,2026-08-12T17:07:35Z,0.6666666666666666,0.6658914728682168,0.6605373560993555
redshift,38,2026-08-12T17:08:35Z,875394110,41.0,2026-08-12T17:08:35Z,0.6833333333333333,0.6659090909090907,0.660783100330062
redshift,40,2026-08-12T17:09:39Z,940398906,39.0,2026-08-12T17:09:39Z,0.65,0.656296296296296,0.6609796815266433
redshift,42,2026-08-12T17:10:03Z,964194691,14.0,2026-08-12T17:10:03Z,0.23333333333333334,0.656296296296296,0.6609796815266433
redshift,45,2026-08-12T17:11:36Z,1058224838,38.0,2026-08-12T17:11:36Z,0.6333333333333333,0.6588652482269501,0.6608291167239982
redshift,48,2026-08-12T17:12:35Z,1118297359,41.0,2026-08-12T17:12:35Z,0.6833333333333333,0.6586805555555554,0.6606875392239302
redshift,51,2026-08-12T17:13:36Z,1178331759,44.0,2026-08-12T17:13:36Z,0.7333333333333333,0.6588435374149658,0.6600846107140247
redshift,53,2026-08-12T17:14:35Z,1236704941,39.0,2026-08-12T17:14:35Z,0.65,0.6589999999999998,0.6595474206313802
redshift,55,2026-08-12T17:15:38Z,1300671992,42.0,2026-08-12T17:15:38Z,0.7,0.6614379084967318,0.6601952843876399
redshift,58,2026-08-12T17:16:37Z,1359344341,41.0,2026-08-12T17:16:37Z,0.6833333333333333,0.6628205128205126,0.6603051229680298
redshift,61,2026-08-12T17:17:35Z,1415671918,41.0,2026-08-12T17:17:35Z,0.6833333333333333,0.6635220125786162,0.6605441233904492
redshift,63,2026-08-12T17:18:35Z,1475950272,40.0,2026-08-12T17:18:35Z,0.6666666666666666,0.659259259259259,0.6608335644108223
redshift,65,2026-08-12T17:19:38Z,1538465430,38.0,2026-08-12T17:19:38Z,0.6333333333333333,0.6599999999999998,0.6611154650498658
redshift,68,2026-08-12T17:20:35Z,1596352035,41.0,2026-08-12T17:20:35Z,0.6833333333333333,0.6595238095238093,0.6614646950548336
redshift,71,2026-08-12T17:21:35Z,1656726971,39.0,2026-08-12T17:21:35Z,0.65,0.6614035087719297,0.6615177813663579
redshift,73,2026-08-12T17:22:35Z,1715852825,38.0,2026-08-12T17:22:35Z,0.6333333333333333,0.661494252873563,0.6614700149251487
redshift,76,2026-08-12T17:23:35Z,1776839481,43.0,2026-08-12T17:23:35Z,0.7166666666666667,0.6618644067796607,0.661408152877515
redshift,78,2026-08-12T17:24:37Z,1838476503,39.0,2026-08-12T17:24:37Z,0.65,0.6619444444444441,0.6624350889044511
redshift,81,2026-08-12T17:25:35Z,1895103614,41.0,2026-08-12T17:25:35Z,0.6833333333333333,0.6628415300546445,0.6633392121036562
redshift,83,2026-08-12T17:26:35Z,1958920586,38.0,2026-08-12T17:26:35Z,0.6333333333333333,0.662021857923497,0.6642866253461516
redshift,86,2026-08-12T17:27:40Z,2023715120,48.0,2026-08-12T17:27:40Z,0.8,0.6622950819672129,0.6643925160042424
redshift,88,2026-08-12T17:28:37Z,2080908396,42.0,2026-08-12T17:28:37Z,0.7,0.6628415300546445,0.6644156415502622
redshift,90,2026-08-12T17:29:37Z,2142406621,39.0,2026-08-12T17:29:37Z,0.65,0.6705555555555553,0.6643802781917536
redshift,92,2026-08-12T17:30:39Z,2200552774,43.0,2026-08-12T17:30:39Z,0.7166666666666667,0.6699453551912566,0.6644618314290447
redshift,95,2026-08-12T17:31:35Z,2254306068,40.0,2026-08-12T17:31:35Z,0.6666666666666666,0.6699453551912566,0.664511508527902
redshift,98,2026-08-12T17:32:35Z,2317827561,43.0,2026-08-12T17:32:35Z,0.7166666666666667,0.6625683060109286,0.6639402218910413
redshift,101,2026-08-12T17:33:38Z,2381879961,41.0,2026-08-12T17:33:38Z,0.6833333333333333,0.6617486338797812,0.6622093199757133
redshift,104,2026-08-12T17:34:40Z,2443824656,53.0,2026-08-12T17:34:40Z,0.8833333333333333,0.6614754098360652,0.6621518463321739
redshift,106,2026-08-12T17:35:38Z,2501478147,42.0,2026-08-12T17:35:38Z,0.7,0.6628415300546445,0.6609397251200526
redshift,109,2026-08-12T17:36:37Z,2558824069,44.0,2026-08-12T17:36:37Z,0.7333333333333333,0.6633879781420762,0.6598219903957605
redshift,111,2026-08-12T17:37:38Z,2617961120,42.0,2026-08-12T17:37:38Z,0.7,0.6557377049180324,0.6586794171220395
redshift,113,2026-08-12T17:38:35Z,2675231635,40.0,2026-08-12T17:38:35Z,0.6666666666666666,0.6560109289617483,0.6581826461334653
redshift,116,2026-08-12T17:39:07Z,2707462266,14.0,2026-08-12T17:39:07Z,0.23333333333333334,0.6494535519125678,0.6580472070431084
redshift,119,2026-08-12T17:40:35Z,2795228932,40.0,2026-08-12T17:40:35Z,0.6666666666666666,0.6572222222222218,0.6572884583540322
redshift,123,2026-08-12T17:41:41Z,2863156102,46.0,2026-08-12T17:41:41Z,0.7666666666666667,0.6576502732240432,0.6567171717171718
redshift,125,2026-08-12T17:42:40Z,2920643248,39.0,2026-08-12T17:42:40Z,0.65,0.6573770491803275,0.6560713694320254
redshift,127,2026-08-12T17:43:35Z,2975199266,40.0,2026-08-12T17:43:35Z,0.6666666666666666,0.6571038251366116,0.6561955621791689
redshift,129,2026-08-12T17:44:36Z,3037626420,40.0,2026-08-12T17:44:36Z,0.6666666666666666,0.6565573770491799,0.6562949163768834
redshift,132,2026-08-12T17:45:36Z,3097568909,47.0,2026-08-12T17:45:36Z,0.7833333333333333,0.6568306010928958,0.6569655572114583
redshift,134,2026-08-12T17:46:37Z,3158571939,44.0,2026-08-12T17:46:37Z,0.7333333333333333,0.6565573770491798,0.6569796323894679
redshift,137,2026-08-12T17:47:36Z,3217949908,42.0,2026-08-12T17:47:36Z,0.7,0.6562841530054639,0.6570293094883255
redshift,139,2026-08-12T17:48:18Z,3258975460,26.0,2026-08-12T17:48:18Z,0.43333333333333335,0.6571038251366115,0.6571783407848977
redshift,141,2026-08-12T17:49:37Z,3337411140,42.0,2026-08-12T17:49:37Z,0.7,0.6571038251366115,0.657228017883755
redshift,144,2026-08-12T17:50:35Z,3395468080,38.0,2026-08-12T17:50:35Z,0.6333333333333333,0.6568306010928956,0.6574267262791842
redshift,147,2026-08-12T17:51:37Z,3456217065,46.0,2026-08-12T17:51:37Z,0.7666666666666667,0.6573770491803274,0.6577247888723285
redshift,150,2026-08-12T17:52:37Z,3514483658,40.0,2026-08-12T17:52:37Z,0.6666666666666666,0.658196721311475,0.6581718827620452
redshift,152,2026-08-12T17:53:35Z,3575061537,41.0,2026-08-12T17:53:35Z,0.6833333333333333,0.6590163934426225,0.6584451068057607
redshift,154,2026-08-12T17:54:35Z,3636702999,40.0,2026-08-12T17:54:35Z,0.6666666666666666,0.6576502732240432,0.6587680079483339
redshift,157,2026-08-12T17:55:36Z,3696538423,43.0,2026-08-12T17:55:36Z,0.7166666666666667,0.6587431693989066,0.6584699453551895
redshift,160,2026-08-12T17:56:37Z,3757820707,43.0,2026-08-12T17:56:37Z,0.7166666666666667,0.6601092896174858,0.6574764033780411
redshift,163,2026-08-12T17:57:34Z,3814459169,41.0,2026-08-12T17:57:34Z,0.6833333333333333,0.6614754098360652,0.6563835072031782
redshift,165,2026-08-12T17:58:34Z,3874576081,42.0,2026-08-12T17:58:34Z,0.7,0.6592896174863384,0.6553154495777433
redshift,168,2026-08-12T17:59:37Z,3938278780,42.0,2026-08-12T17:59:37Z,0.7,0.6606557377049175,0.6543219076005949
redshift,170,2026-08-12T18:00:36Z,3998299000,38.0,2026-08-12T18:00:36Z,0.6333333333333333,0.6538251366120215,0.6531793343268743
redshift,173,2026-08-12T18:01:35Z,4055829897,40.0,2026-08-12T18:01:35Z,0.6666666666666666,0.6459016393442619,0.6519125683060103
redshift,175,2026-08-12T18:02:11Z,4091448927,16.0,2026-08-12T18:02:11Z,0.26666666666666666,0.6453551912568303,0.6504470938897158
redshift,177,2026-08-12T18:03:37Z,4178887048,37.0,2026-08-12T18:03:37Z,0.6166666666666667,0.6464480874316936,0.6488325881768499
redshift,180,2026-08-12T18:04:37Z,4237873731,38.0,2026-08-12T18:04:37Z,0.6333333333333333,0.6480874316939885,0.6474167908594136
redshift,183,2026-08-12T18:05:35Z,4295531853,44.0,2026-08-12T18:05:35Z,0.7333333333333333,0.6450819672131144,0.6466467958271238
redshift,185,2026-08-12T18:06:35Z,4355195625,41.0,2026-08-12T18:06:35Z,0.6833333333333333,0.6448087431693986,0.6464977645305516
redshift,187,2026-08-12T18:07:08Z,4387990729,16.0,2026-08-12T18:07:08Z,0.26666666666666666,0.6439890710382511,0.6468703427719824
redshift,190,2026-08-12T18:08:35Z,4477721846,41.0,2026-08-12T18:08:35Z,0.6833333333333333,0.6437158469945353,0.6466467958271238
redshift,192,2026-08-12T18:09:12Z,4517735971,17.0,2026-08-12T18:09:12Z,0.2833333333333333,0.6437158469945354,0.6463238946845506
redshift,194,2026-08-12T18:10:34Z,4597249872,42.0,2026-08-12T18:10:34Z,0.7,0.6521857923497266,0.6459016393442628
redshift,197,2026-08-12T18:11:35Z,4653658462,41.0,2026-08-12T18:11:35Z,0.6833333333333333,0.6521857923497267,0.6456284153005466
redshift,199,2026-08-12T18:12:34Z,4714280264,37.0,2026-08-12T18:12:34Z,0.6166666666666667,0.6500000000000001,0.6453303527074022
redshift,201,2026-08-12T18:13:37Z,4778035827,40.0,2026-08-12T18:13:37Z,0.6666666666666666,0.642896174863388,0.6450322901142578
redshift,204,2026-08-12T18:14:36Z,4837000313,42.0,2026-08-12T18:14:36Z,0.7,0.6428961748633881,0.6445355191256836
redshift,206,2026-08-12T18:15:36Z,4897722623,40.0,2026-08-12T18:15:36Z,0.6666666666666666,0.6434426229508199,0.6440884252359663
redshift,209,2026-08-12T18:16:37Z,4956728123,41.0,2026-08-12T18:16:37Z,0.6833333333333333,0.6420765027322407,0.6428961748633881
redshift,211,2026-08-12T18:17:35Z,5014672329,40.0,2026-08-12T18:17:35Z,0.6666666666666666,0.6415300546448091,0.6415548931942378
redshift,213,2026-08-12T18:18:35Z,5075293777,44.0,2026-08-12T18:18:35Z,0.7333333333333333,0.6407103825136616,0.6403874813710883
redshift,216,2026-08-12T18:19:35Z,5135232946,40.0,2026-08-12T18:19:35Z,0.6666666666666666,0.638251366120219,0.6398410332836565
redshift,218,2026-08-12T18:20:35Z,5195728300,37.0,2026-08-12T18:20:35Z,0.6166666666666667,0.6387978142076507,0.6392200695479389
redshift,220,2026-08-12T18:21:38Z,5258372602,43.0,2026-08-12T18:21:38Z,0.7166666666666667,0.6390710382513666,0.6385742672627924
redshift,223,2026-08-12T18:22:34Z,5313566143,42.0,2026-08-12T18:22:34Z,0.7,0.6374316939890716,0.637878787878789
redshift,226,2026-08-12T18:23:35Z,5375507085,41.0,2026-08-12T18:23:35Z,0.6833333333333333,0.6371584699453559,0.6372081470442139
redshift,228,2026-08-12T18:24:35Z,5437606289,38.0,2026-08-12T18:24:35Z,0.6333333333333333,0.6368852459016402,0.6365375062096387
redshift,231,2026-08-12T18:25:37Z,5498770693,43.0,2026-08-12T18:25:37Z,0.7166666666666667,0.6360655737704926,0.6361897665176367
redshift,234,2026-08-12T18:26:36Z,5555077151,46.0,2026-08-12T18:26:36Z,0.7666666666666667,0.6363387978142084,0.6359910581222068
redshift,236,2026-08-12T18:27:36Z,5619010591,43.0,2026-08-12T18:27:36Z,0.7166666666666667,0.6344262295081974,0.6357178340784913
redshift,238,2026-08-12T18:28:34Z,5676379648,40.0,2026-08-12T18:28:34Z,0.6666666666666666,0.6341530054644816,0.6363139592647801
redshift,241,2026-08-12T18:29:36Z,5736592800,47.0,2026-08-12T18:29:36Z,0.7833333333333333,0.6333333333333342,0.637133631395928
redshift,244,2026-08-12T18:30:08Z,5768718850,14.0,2026-08-12T18:30:08Z,0.23333333333333334,0.6344262295081975,0.6381023348236483
redshift,247,2026-08-12T18:31:08Z,5829311515,14.0,2026-08-12T18:31:08Z,0.23333333333333334,0.6366120218579242,0.639120715350225
redshift,250,2026-08-12T18:32:34Z,5915967090,38.0,2026-08-12T18:32:34Z,0.6333333333333333,0.6360655737704927,0.6401887729756598
redshift,253,2026-08-12T18:33:35Z,5975861031,47.0,2026-08-12T18:33:35Z,0.7833333333333333,0.6439890710382523,0.6420268256333844
redshift,255,2026-08-12T18:34:36Z,6036518129,47.0,2026-08-12T18:34:36Z,0.7833333333333333,0.646174863387979,0.6438400397416802
redshift,257,2026-08-12T18:35:35Z,6094422731,42.0,2026-08-12T18:35:35Z,0.7,0.6475409836065583,0.6463487332339807
redshift,259,2026-08-12T18:36:35Z,6153859691,41.0,2026-08-12T18:36:35Z,0.6833333333333333,0.6472677595628424,0.648758072528566
redshift,261,2026-08-12T18:37:38Z,6215830805,41.0,2026-08-12T18:37:38Z,0.6833333333333333,0.6480874316939901,0.6519353369763223
redshift,264,2026-08-12T18:38:35Z,6273066573,41.0,2026-08-12T18:38:35Z,0.6833333333333333,0.6546448087431705,0.6533780427223067
redshift,266,2026-08-12T18:39:36Z,6336663192,40.0,2026-08-12T18:39:36Z,0.6666666666666666,0.654098360655739,0.6543964232488846
redshift,269,2026-08-12T18:40:42Z,6402566861,45.0,2026-08-12T18:40:42Z,0.75,0.6609289617486352,0.6552409339294601
redshift,271,2026-08-12T18:41:36Z,6456408404,40.0,2026-08-12T18:41:36Z,0.6666666666666666,0.6609289617486352,0.6560606060606076
redshift,273,2026-08-12T18:42:35Z,6516743351,38.0,2026-08-12T18:42:35Z,0.6333333333333333,0.6612021857923511,0.6568802781917562
redshift,275,2026-08-12T18:43:08Z,6549616558,13.0,2026-08-12T18:43:08Z,0.21666666666666667,0.6622950819672146,0.6568761384335176
redshift,278,2026-08-12T18:44:36Z,6634922280,40.0,2026-08-12T18:44:36Z,0.6666666666666666,0.6551912568306026,0.657824143070047
redshift,280,2026-08-12T18:45:34Z,6695799116,42.0,2026-08-12T18:45:34Z,0.7,0.6554644808743185,0.6580228514654775
redshift,282,2026-08-12T18:46:42Z,6764287728,42.0,2026-08-12T18:46:42Z,0.7,0.6565573770491819,0.657824143070047
redshift,284,2026-08-12T18:47:35Z,6815798967,42.0,2026-08-12T18:47:35Z,0.7,0.6562841530054662,0.6576751117734742
redshift,287,2026-08-12T18:48:35Z,6875396534,39.0,2026-08-12T18:48:35Z,0.65,0.6568306010928979,0.6575012419274732
redshift,289,2026-08-12T18:49:14Z,6914888200,17.0,2026-08-12T18:49:14Z,0.2833333333333333,0.6562841530054663,0.657228017883757
redshift,292,2026-08-12T18:50:34Z,6996250367,44.0,2026-08-12T18:50:34Z,0.7333333333333333,0.6562841530054664,0.6576999503229023
redshift,294,2026-08-12T18:51:36Z,7057086339,39.0,2026-08-12T18:51:36Z,0.65,0.658743169398909,0.658097367113762
redshift,296,2026-08-12T18:52:39Z,7118096738,40.0,2026-08-12T18:52:39Z,0.6666666666666666,0.6592896174863407,0.6583209140586206
redshift,299,2026-08-12T18:53:38Z,7176926754,39.0,2026-08-12T18:53:38Z,0.65,0.6592896174863407,0.6585196224540497
redshift,301,2026-08-12T18:54:39Z,7239401068,40.0,2026-08-12T18:54:39Z,0.6666666666666666,0.6592896174863409,0.6588425235966237
redshift,303,2026-08-12T18:55:39Z,7302088123,37.0,2026-08-12T18:55:39Z,0.6166666666666667,0.6603825136612043,0.6591654247391961
redshift,306,2026-08-12T18:56:39Z,7360721957,44.0,2026-08-12T18:56:39Z,0.7333333333333333,0.6598360655737726,0.6601838052657727
redshift,308,2026-08-12T18:57:35Z,7413750330,36.0,2026-08-12T18:57:35Z,0.6,0.6590163934426251,0.661847988077497
redshift,310,2026-08-12T18:58:36Z,7474391325,40.0,2026-08-12T18:58:36Z,0.6666666666666666,0.6584699453551934,0.6636115250869365
redshift,313,2026-08-12T18:59:36Z,7535545471,39.0,2026-08-12T18:59:36Z,0.65,0.6603825136612044,0.6651515151515174
redshift,316,2026-08-12T19:00:35Z,7595206944,46.0,2026-08-12T19:00:35Z,0.7666666666666667,0.6598360655737727,0.6666418281172407
redshift,319,2026-08-12T19:01:36Z,7655715106,46.0,2026-08-12T19:01:36Z,0.7666666666666667,0.6674863387978165,0.6680327868852487
redshift,321,2026-08-12T19:02:36Z,7716305162,38.0,2026-08-12T19:02:36Z,0.6333333333333333,0.677049180327871,0.6694734227521143
redshift,323,2026-08-12T19:03:37Z,7776440401,45.0,2026-08-12T19:03:37Z,0.75,0.6786885245901662,0.6709388971684082
redshift,326,2026-08-12T19:04:34Z,7832412678,45.0,2026-08-12T19:04:34Z,0.75,0.6762295081967237,0.6724292101341315
redshift,328,2026-08-12T19:05:35Z,7895223572,43.0,2026-08-12T19:05:35Z,0.7166666666666667,0.675683060109292,0.6737456532538537
redshift,330,2026-08-12T19:06:37Z,7956544211,43.0,2026-08-12T19:06:37Z,0.7166666666666667,0.675683060109292,0.6750372578241465
redshift,333,2026-08-12T19:07:34Z,8014265345,44.0,2026-08-12T19:07:34Z,0.7333333333333333,0.675683060109292,0.67575757575758
redshift,335,2026-08-12T19:08:36Z,8079094781,40.0,2026-08-12T19:08:36Z,0.6666666666666666,0.6751366120218603,0.6764344262295126
redshift,337,2026-08-12T19:09:41Z,8140753336,39.0,2026-08-12T19:09:41Z,0.65,0.6748633879781445,0.6762295081967253
redshift,339,2026-08-12T19:10:36Z,8197554301,42.0,2026-08-12T19:10:36Z,0.7,0.6748633879781445,0.676974664679587
redshift,342,2026-08-12T19:11:37Z,8259028910,42.0,2026-08-12T19:11:37Z,0.7,0.674043715846997,0.6777943368107344
redshift,345,2026-08-12T19:12:34Z,8314064176,42.0,2026-08-12T19:12:34Z,0.7,0.6754098360655761,0.6786885245901676
redshift,347,2026-08-12T19:13:36Z,8376381496,41.0,2026-08-12T19:13:36Z,0.6833333333333333,0.6765027322404394,0.6795330352707432
redshift,349,2026-08-12T19:14:06Z,8406317499,14.0,2026-08-12T19:14:06Z,0.23333333333333334,0.6844262295081991,0.6795330352707432
redshift,353,2026-08-12T19:15:39Z,8497402611,43.0,2026-08-12T19:15:39Z,0.7166666666666667,0.6844262295081991,0.6821162444113288
redshift,355,2026-08-12T19:16:34Z,8552447217,44.0,2026-08-12T19:16:34Z,0.7333333333333333,0.6846994535519149,0.683705911574766
redshift,357,2026-08-12T19:17:36Z,8616346478,40.0,2026-08-12T19:17:36Z,0.6666666666666666,0.6855191256830624,0.6854446100347761
redshift,360,2026-08-12T19:18:38Z,8677977002,42.0,2026-08-12T19:18:38Z,0.7,0.6849726775956307,0.6870342771982133
redshift,362,2026-08-12T19:19:37Z,8738022176,42.0,2026-08-12T19:19:37Z,0.7,0.686065573770494,0.6890710382513674
redshift,364,2026-08-12T19:20:36Z,8796698257,40.0,2026-08-12T19:20:36Z,0.6666666666666666,0.6923497267759586,0.6896174863387988
redshift,367,2026-08-12T19:21:36Z,8857161507,46.0,2026-08-12T19:21:36Z,0.7666666666666667,0.6923497267759586,0.6906855439642331
redshift,369,2026-08-12T19:22:39Z,8919162479,45.0,2026-08-12T19:22:39Z,0.75,0.6931693989071062,0.6916045702930957
redshift,371,2026-08-12T19:23:36Z,8975467010,42.0,2026-08-12T19:23:36Z,0.7,0.6928961748633903,0.6918529557873838
redshift,374,2026-08-12T19:24:36Z,9037639661,41.0,2026-08-12T19:24:36Z,0.6833333333333333,0.6942622950819695,0.6921758569299576
redshift,377,2026-08-12T19:25:34Z,9095630280,42.0,2026-08-12T19:25:34Z,0.7,0.695081967213117,0.6923994038748162
redshift,379,2026-08-12T19:26:36Z,9156833689,41.0,2026-08-12T19:26:36Z,0.6833333333333333,0.6961748633879805,0.6921013412816719
redshift,381,2026-08-12T19:27:34Z,9215031251,43.0,2026-08-12T19:27:34Z,0.7166666666666667,0.6948087431694013,0.691430700447096
redshift,384,2026-08-12T19:28:36Z,9277068939,41.0,2026-08-12T19:28:36Z,0.6833333333333333,0.6882513661202212,0.690809736711379
redshift,386,2026-08-12T19:29:34Z,9335188633,47.0,2026-08-12T19:29:34Z,0.7833333333333333,0.688524590163937,0.6903129657228042
redshift,389,2026-08-12T19:30:36Z,9398900708,45.0,2026-08-12T19:30:36Z,0.75,0.688524590163937,0.6898161947342293
redshift,392,2026-08-12T19:31:37Z,9459252729,42.0,2026-08-12T19:31:37Z,0.7,0.6890710382513686,0.6893194237456558
redshift,394,2026-08-12T19:32:37Z,9521596039,49.0,2026-08-12T19:32:37Z,0.8166666666666667,0.684972677595631,0.6872966844542752
redshift,397,2026-08-12T19:33:40Z,9580647198,44.0,2026-08-12T19:33:40Z,0.7333333333333333,0.6863387978142101,0.6853096004999784
redshift,399,2026-08-12T19:34:34Z,9633366288,38.0,2026-08-12T19:34:34Z,0.6333333333333333,0.6874316939890734,0.6834218707433954
redshift,401,2026-08-12T19:35:34Z,9694026780,45.0,2026-08-12T19:35:34Z,0.75,0.6887978142076526,0.6817080108328148
redshift,404,2026-08-12T19:36:36Z,9756906136,42.0,2026-08-12T19:36:36Z,0.7,0.6896174863388,0.6800189894716624
redshift,407,2026-08-12T19:37:37Z,9817904768,41.0,2026-08-12T19:37:37Z,0.6833333333333333,0.6739247311827979,0.6780319055173656
redshift,410,2026-08-12T19:38:38Z,9878288891,39.0,2026-08-12T19:38:38Z,0.65,0.6729508196721334,0.676318045606785
redshift,413,2026-08-12T19:39:36Z,9935232702,40.0,2026-08-12T19:39:36Z,0.6666666666666666,0.6674863387978166,0.6745545085973454
redshift,415,2026-08-12T19:40:36Z,9994286390,40.0,2026-08-12T19:40:36Z,0.6666666666666666,0.6696721311475432,0.6733374196753384
redshift,418,2026-08-12T19:41:36Z,10053873867,42.0,2026-08-12T19:41:36Z,0.7,0.6699453551912591,0.6719216223579022
redshift,420,2026-08-12T19:42:40Z,10120593379,45.0,2026-08-12T19:42:40Z,0.75,0.6672131147541005,0.6703319551944638
redshift,423,2026-08-12T19:43:38Z,10177979813,42.0,2026-08-12T19:43:38Z,0.7,0.666120218579237,0.6702682563338324
redshift,426,2026-08-12T19:44:36Z,10233479615,42.0,2026-08-12T19:44:36Z,0.7,0.6669398907103842,0.6703179334326886
redshift,428,2026-08-12T19:45:36Z,10295016931,40.0,2026-08-12T19:45:36Z,0.6666666666666666,0.6740437158469961,0.6708643815201198
redshift,430,2026-08-12T19:46:39Z,10355437131,43.0,2026-08-12T19:46:39Z,0.7166666666666667,0.6732240437158483,0.6713611525086933
redshift,433,2026-08-12T19:47:36Z,10415089351,45.0,2026-08-12T19:47:36Z,0.75,0.6721311475409848,0.6717088922006954
redshift,435,2026-08-12T19:48:34Z,10475117633,40.0,2026-08-12T19:48:34Z,0.6666666666666666,0.6732240437158479,0.6723298559364124
redshift,437,2026-08-12T19:49:34Z,10534778344,43.0,2026-08-12T19:49:34Z,0.7166666666666667,0.6734972677595636,0.6730253353204163
redshift,440,2026-08-12T19:50:36Z,10595938000,40.0,2026-08-12T19:50:36Z,0.6666666666666666,0.6734972677595634,0.6736214605067051
redshift,442,2026-08-12T19:51:36Z,10656677044,44.0,2026-08-12T19:51:36Z,0.7333333333333333,0.6751366120218587,0.6734972677595618
redshift,445,2026-08-12T19:52:34Z,10714031986,42.0,2026-08-12T19:52:34Z,0.7,0.6737704918032795,0.673596621957277
redshift,447,2026-08-12T19:53:35Z,10773902146,39.0,2026-08-12T19:53:35Z,0.65,0.6740437158469956,0.6737953303527074
redshift,449,2026-08-12T19:54:38Z,10837653174,44.0,2026-08-12T19:54:38Z,0.7333333333333333,0.6737704918032797,0.674018877297566
redshift,452,2026-08-12T19:55:34Z,10894084585,43.0,2026-08-12T19:55:34Z,0.7166666666666667,0.6734972677595636,0.6741182314952813
redshift,455,2026-08-12T19:56:35Z,10955687055,41.0,2026-08-12T19:56:35Z,0.6833333333333333,0.6726775956284162,0.6742672627918541
redshift,457,2026-08-12T19:57:36Z,11017786119,39.0,2026-08-12T19:57:36Z,0.65,0.6743169398907112,0.674242424242426
redshift,459,2026-08-12T19:58:06Z,11047949860,12.0,2026-08-12T19:58:06Z,0.2,0.6743169398907112,0.6742896174863404
redshift,462,2026-08-12T19:59:38Z,11138973093,41.0,2026-08-12T19:59:38Z,0.6833333333333333,0.6756830601092906,0.6740933929458545
redshift,465,2026-08-12T20:00:38Z,11197062668,39.0,2026-08-12T20:00:38Z,0.65,0.6745901639344273,0.6741679085941402
redshift,468,2026-08-12T20:01:37Z,11255510869,48.0,2026-08-12T20:01:37Z,0.8,0.6751366120218589,0.6742424242424273
redshift,469,2026-08-12T20:02:19Z,11298995913,31.0,2026-08-12T20:02:19Z,0.5166666666666667,0.674863387978143,0.6743914555390002
redshift,472,2026-08-12T20:03:38Z,11377475080,43.0,2026-08-12T20:03:38Z,0.7166666666666667,0.6732240437158481,0.6744672131147567
redshift,475,2026-08-12T20:04:39Z,11437845285,49.0,2026-08-12T20:04:39Z,0.8166666666666667,0.6729508196721322,0.6748012916045719
redshift,477,2026-08-12T20:05:36Z,11494994378,50.0,2026-08-12T20:05:36Z,0.8333333333333334,0.6745901639344271,0.6750745156482881
redshift,480,2026-08-12T20:06:39Z,11556376820,46.0,2026-08-12T20:06:39Z,0.7666666666666667,0.674316939890711,0.6754470938897196
redshift,482,2026-08-12T20:07:10Z,11587267938,14.0,2026-08-12T20:07:10Z,0.23333333333333334,0.6743169398907107,0.6758196721311497
redshift,485,2026-08-12T20:08:07Z,11646591717,12.0,2026-08-12T20:08:07Z,0.2,0.6750000000000004,0.6761674118231518
redshift,488,2026-08-12T20:09:12Z,11714274396,20.0,2026-08-12T20:09:12Z,0.3333333333333333,0.6781420765027324,0.6765896671634408
redshift,492,2026-08-12T20:10:39Z,11799298261,47.0,2026-08-12T20:10:39Z,0.7833333333333333,0.6786885245901638,0.6770864381520144
redshift,495,2026-08-12T20:11:35Z,11855149458,43.0,2026-08-12T20:11:35Z,0.7166666666666667,0.6786885245901636,0.6774590163934459
redshift,497,2026-08-12T20:12:21Z,11900365597,32.0,2026-08-12T20:12:21Z,0.5333333333333333,0.679234972677595,0.6778067560854466
redshift,499,2026-08-12T20:13:37Z,11977285398,38.0,2026-08-12T20:13:37Z,0.6333333333333333,0.6786885245901634,0.678055141579732
redshift,502,2026-08-12T20:14:34Z,12032843808,44.0,2026-08-12T20:14:34Z,0.7333333333333333,0.6778688524590158,0.6783159463487348
redshift,504,2026-08-12T20:15:35Z,12093775028,40.0,2026-08-12T20:15:35Z,0.6666666666666666,0.6784153005464473,0.6782662692498785
redshift,506,2026-08-12T20:16:38Z,12156264856,40.0,2026-08-12T20:16:38Z,0.6666666666666666,0.678688524590163,0.6782662692498785
redshift,509,2026-08-12T20:17:38Z,12217102842,40.0,2026-08-12T20:17:38Z,0.6666666666666666,0.6781420765027314,0.6782911077993053
redshift,512,2026-08-12T20:18:37Z,12274481774,44.0,2026-08-12T20:18:37Z,0.7333333333333333,0.6770491803278681,0.6781917536015901
redshift,515,2026-08-12T20:19:36Z,12334075468,43.0,2026-08-12T20:19:36Z,0.7166666666666667,0.6778688524590156,0.677521112767013
redshift,517,2026-08-12T20:20:36Z,12396436435,42.0,2026-08-12T20:20:36Z,0.7,0.6775956284152995,0.6769498261301511
redshift,519,2026-08-12T20:21:36Z,12455585848,46.0,2026-08-12T20:21:36Z,0.7666666666666667,0.6786885245901626,0.6763040238450034
redshift,522,2026-08-12T20:22:36Z,12514396946,41.0,2026-08-12T20:22:36Z,0.6833333333333333,0.6789617486338785,0.6756085444609994
redshift,524,2026-08-12T20:23:36Z,12576381114,46.0,2026-08-12T20:23:36Z,0.7666666666666667,0.678142076502731,0.6749875807252811
redshift,527,2026-08-12T20:24:39Z,12639436230,41.0,2026-08-12T20:24:39Z,0.6833333333333333,0.6713114754098345,0.6752856433184268
redshift,529,2026-08-12T20:25:36Z,12693936013,40.0,2026-08-12T20:25:36Z,0.6666666666666666,0.6715846994535503,0.6756085444609994
redshift,531,2026-08-12T20:26:37Z,12757790349,39.0,2026-08-12T20:26:37Z,0.65,0.6713114754098343,0.6757824143070004
redshift,535,2026-08-12T20:27:38Z,12819560919,47.0,2026-08-12T20:27:38Z,0.7833333333333333,0.6710382513661182,0.6758569299552861
redshift,537,2026-08-12T20:28:34Z,12875972608,43.0,2026-08-12T20:28:34Z,0.7166666666666667,0.6713114754098338,0.6761301539990024
redshift,540,2026-08-12T20:29:37Z,12938160189,46.0,2026-08-12T20:29:37Z,0.7666666666666667,0.6803278688524567,0.6764033780427187
redshift,543,2026-08-12T20:30:39Z,12994581482,43.0,2026-08-12T20:30:39Z,0.7166666666666667,0.68142076502732,0.6770740188772958
redshift,546,2026-08-12T20:31:41Z,13058716058,47.0,2026-08-12T20:31:41Z,0.7833333333333333,0.6795081967213089,0.6774714356681542
redshift,548,2026-08-12T20:32:37Z,13117758442,41.0,2026-08-12T20:32:37Z,0.6833333333333333,0.6795081967213092,0.6777198211624434
redshift,550,2026-08-12T20:33:38Z,13176766136,43.0,2026-08-12T20:33:38Z,0.7166666666666667,0.6819672131147517,0.6786885245901612
redshift,553,2026-08-12T20:34:35Z,13233502067,43.0,2026-08-12T20:34:35Z,0.7166666666666667,0.681147540983604,0.6804023845007443
redshift,555,2026-08-12T20:35:36Z,13292735620,44.0,2026-08-12T20:35:36Z,0.7333333333333333,0.6786885245901613,0.6817685047193229
redshift,557,2026-08-12T20:36:39Z,13354237258,44.0,2026-08-12T20:36:39Z,0.7333333333333333,0.6759562841530027,0.6829110779930442
redshift,560,2026-08-12T20:37:36Z,13411778927,42.0,2026-08-12T20:37:36Z,0.7,0.6740437158469919,0.6842275211127664
redshift,562,2026-08-12T20:38:36Z,13475527285,43.0,2026-08-12T20:38:36Z,0.7166666666666667,0.6816939890710354,0.6857923497267755
redshift,565,2026-08-12T20:39:38Z,13536503618,51.0,2026-08-12T20:39:38Z,0.85,0.6901639344262266,0.6873075012419282
redshift,567,2026-08-12T20:40:36Z,13592356267,42.0,2026-08-12T20:40:36Z,0.7,0.6953551912568277,0.6888723298559373
redshift,569,2026-08-12T20:41:36Z,13653845900,40.0,2026-08-12T20:41:36Z,0.6666666666666666,0.6939890710382483,0.6907103825136599
redshift,572,2026-08-12T20:42:37Z,13717376710,44.0,2026-08-12T20:42:37Z,0.7333333333333333,0.6939890710382483,0.6928464977645309
redshift,574,2026-08-12T20:43:39Z,13778280586,43.0,2026-08-12T20:43:39Z,0.7166666666666667,0.6967213114754066,0.6951813214108298
redshift,577,2026-08-12T20:44:38Z,13837812166,39.0,2026-08-12T20:44:38Z,0.65,0.6986338797814177,0.6967709885742682
redshift,580,2026-08-12T20:45:35Z,13893897728,44.0,2026-08-12T20:45:35Z,0.7333333333333333,0.698360655737702,0.6975161450571286
redshift,582,2026-08-12T20:46:36Z,13956218346,41.0,2026-08-12T20:46:36Z,0.6833333333333333,0.6989071038251337,0.6979384003974164
redshift,584,2026-08-12T20:47:40Z,14021049275,41.0,2026-08-12T20:47:40Z,0.6833333333333333,0.6994535519125653,0.6983606557377041
redshift,587,2026-08-12T20:48:35Z,14074741774,41.0,2026-08-12T20:48:35Z,0.6833333333333333,0.6997267759562814,0.6988077496274188
redshift,589,2026-08-12T20:49:36Z,14137436524,43.0,2026-08-12T20:49:36Z,0.7166666666666667,0.6991803278688498,0.6990561351217056
redshift,591,2026-08-12T20:50:38Z,14198011926,42.0,2026-08-12T20:50:38Z,0.7,0.698360655737702,0.6991554893194208
redshift,594,2026-08-12T20:51:40Z,14260026558,44.0,2026-08-12T20:51:40Z,0.7333333333333333,0.6999999999999975,0.6993045206159924
redshift,597,2026-08-12T20:52:36Z,14316597017,45.0,2026-08-12T20:52:36Z,0.75,0.6986338797814181,0.6996274217585675
redshift,599,2026-08-12T20:53:42Z,14382493604,39.0,2026-08-12T20:53:42Z,0.65,0.6989071038251337,0.699776453055139
redshift,601,2026-08-12T20:54:10Z,14410745870,14.0,2026-08-12T20:54:10Z,0.23333333333333334,0.6994535519125653,0.6998261301539954
redshift,605,2026-08-12T20:55:36Z,14497646376,45.0,2026-08-12T20:55:36Z,0.75,0.699726775956281,0.699776453055139
redshift,607,2026-08-12T20:56:38Z,14558574451,42.0,2026-08-12T20:56:38Z,0.7,0.6999999999999971,0.699776453055139
redshift,610,2026-08-12T20:57:36Z,14616478767,40.0,2026-08-12T20:57:36Z,0.6666666666666666,0.7024590163934398,0.6995777446597112
redshift,612,2026-08-12T20:58:36Z,14676666535,40.0,2026-08-12T20:58:36Z,0.6666666666666666,0.7010928961748604,0.699478390461996
redshift,614,2026-08-12T20:59:38Z,14738332216,45.0,2026-08-12T20:59:38Z,0.75,0.7002732240437126,0.6993293591654244
redshift,617,2026-08-12T21:00:36Z,14794059102,45.0,2026-08-12T21:00:36Z,0.75,0.6986338797814171,0.6991058122205644
redshift,619,2026-08-12T21:01:23Z,14839527403,32.0,2026-08-12T21:01:23Z,0.5333333333333333,0.6983606557377011,0.6988325881768482
redshift,621,2026-08-12T21:02:40Z,14918233482,48.0,2026-08-12T21:02:40Z,0.8,0.6978142076502695,0.6985345255837051
redshift,623,2026-08-12T21:03:38Z,14977465825,40.0,2026-08-12T21:03:38Z,0.6666666666666666,0.6975409836065534,0.6981122702434174
redshift,626,2026-08-12T21:04:37Z,15036076274,40.0,2026-08-12T21:04:37Z,0.6666666666666666,0.6972677595628373,0.6970938897168408
redshift,628,2026-08-12T21:05:36Z,15097954628,40.0,2026-08-12T21:05:36Z,0.6666666666666666,0.6969945355191213,0.6959513164431196
redshift,630,2026-08-12T21:06:38Z,15158773332,40.0,2026-08-12T21:06:38Z,0.6666666666666666,0.6967213114754056,0.6950074515648287
redshift,633,2026-08-12T21:07:36Z,15216097839,39.0,2026-08-12T21:07:36Z,0.65,0.6967213114754056,0.6941629408842531
redshift,635,2026-08-12T21:08:36Z,15276889758,42.0,2026-08-12T21:08:36Z,0.7,0.6978142076502695,0.6933432687531045
redshift,637,2026-08-12T21:09:40Z,15340301660,43.0,2026-08-12T21:09:40Z,0.7166666666666667,0.6898907103825096,0.6925235966219557
redshift,640,2026-08-12T21:10:36Z,15395791693,39.0,2026-08-12T21:10:36Z,0.65,0.687704918032783,0.6917784401390954
redshift,642,2026-08-12T21:11:36Z,15456911577,42.0,2026-08-12T21:11:36Z,0.7,0.6882513661202146,0.6903626428216605
redshift,645,2026-08-12T21:12:38Z,15518068501,43.0,2026-08-12T21:12:38Z,0.7166666666666667,0.6890710382513624,0.6890710382513677
redshift,647,2026-08-12T21:13:36Z,15573131933,42.0,2026-08-12T21:13:36Z,0.7,0.6887978142076467,0.6878539493293606
redshift,649,2026-08-12T21:14:36Z,15635215836,45.0,2026-08-12T21:14:36Z,0.75,0.6885245901639307,0.6861400894187775
redshift,652,2026-08-12T21:15:36Z,15695411737,43.0,2026-08-12T21:15:36Z,0.7166666666666667,0.6890710382513624,0.6850968703427714
redshift,654,2026-08-12T21:16:36Z,15756635265,42.0,2026-08-12T21:16:36Z,0.7,0.6814207650273191,0.6841778440139101
redshift,656,2026-08-12T21:17:42Z,15823001519,42.0,2026-08-12T21:17:42Z,0.7,0.6825136612021824,0.6831346249379041
redshift,658,2026-08-12T21:18:36Z,15876021685,41.0,2026-08-12T21:18:36Z,0.6833333333333333,0.6833333333333297,0.6819423745653239
redshift,661,2026-08-12T21:19:36Z,15935591623,42.0,2026-08-12T21:19:36Z,0.7,0.6789617486338759,0.6807749627421732
redshift,663,2026-08-12T21:20:36Z,15995144394,40.0,2026-08-12T21:20:36Z,0.6666666666666666,0.6784153005464443,0.6803775459513148
redshift,666,2026-08-12T21:21:36Z,16053747113,48.0,2026-08-12T21:21:36Z,0.8,0.677595628415297,0.6799304520615976
redshift,668,2026-08-12T21:22:36Z,16114387078,41.0,2026-08-12T21:22:36Z,0.6833333333333333,0.6767759562841497,0.6802533532041702
redshift,670,2026-08-12T21:23:36Z,16174951191,42.0,2026-08-12T21:23:36Z,0.7,0.675956284153002,0.6804769001490275
redshift,674,2026-08-12T21:24:39Z,16237393610,48.0,2026-08-12T21:24:39Z,0.8,0.675956284153002,0.6807501241927437
redshift,676,2026-08-12T21:25:36Z,16293497747,42.0,2026-08-12T21:25:36Z,0.7,0.6841530054644774,0.6813959264778915
redshift,678,2026-08-12T21:26:36Z,16352683460,41.0,2026-08-12T21:26:36Z,0.6833333333333333,0.6841530054644774,0.6820168902136097
redshift,681,2026-08-12T21:27:38Z,16415999876,48.0,2026-08-12T21:27:38Z,0.8,0.6849726775956251,0.6829607550919005
redshift,683,2026-08-12T21:28:36Z,16475133247,42.0,2026-08-12T21:28:36Z,0.7,0.6849726775956251,0.6838549428713324
redshift,686,2026-08-12T21:29:36Z,16536157751,40.0,2026-08-12T21:29:36Z,0.6666666666666666,0.6863387978142045,0.684848484848482
redshift,688,2026-08-12T21:30:36Z,16596706219,40.0,2026-08-12T21:30:36Z,0.6666666666666666,0.6860655737704885,0.6858917039244882
redshift,690,2026-08-12T21:31:40Z,16661857018,42.0,2026-08-12T21:31:40Z,0.7,0.6852459016393407,0.6855191256830566
redshift,694,2026-08-12T21:32:40Z,16718433688,45.0,2026-08-12T21:32:40Z,0.75,0.687978142076499,0.6852707401887699
redshift,696,2026-08-12T21:33:35Z,16773840130,40.0,2026-08-12T21:33:35Z,0.6666666666666666,0.6866120218579197,0.6850223546944831
redshift,698,2026-08-12T21:34:35Z,16834788275,42.0,2026-08-12T21:34:35Z,0.7,0.6868852459016357,0.6841530054644781
redshift,700,2026-08-12T21:35:38Z,16897376610,42.0,2026-08-12T21:35:38Z,0.7,0.6874316939890673,0.6831594634873284
redshift,703,2026-08-12T21:36:36Z,16955088542,43.0,2026-08-12T21:36:36Z,0.7166666666666667,0.6800546448087397,0.6822901142573233
redshift,705,2026-08-12T21:37:34Z,17015367012,44.0,2026-08-12T21:37:34Z,0.7333333333333333,0.6814207650273191,0.6815697963238899
redshift,708,2026-08-12T21:38:38Z,17080185073,46.0,2026-08-12T21:38:38Z,0.7666666666666667,0.6822404371584664,0.6805265772478838
redshift,710,2026-08-12T21:39:07Z,17108406151,14.0,2026-08-12T21:39:07Z,0.23333333333333334,0.6754098360655704,0.6798062593144529
redshift,713,2026-08-12T21:40:43Z,17203502544,43.0,2026-08-12T21:40:43Z,0.7166666666666667,0.6754098360655704,0.6789389799635662
redshift,716,2026-08-12T21:41:36Z,17256762791,44.0,2026-08-12T21:41:36Z,0.7333333333333333,0.6765027322404337,0.6781669150521581
redshift,718,2026-08-12T21:42:36Z,17315185386,43.0,2026-08-12T21:42:36Z,0.7166666666666667,0.6773224043715814,0.6773224043715825
redshift,720,2026-08-12T21:43:36Z,17375055115,43.0,2026-08-12T21:43:36Z,0.7166666666666667,0.6765027322404337,0.6763785394932917
redshift,723,2026-08-12T21:44:37Z,17436971634,42.0,2026-08-12T21:44:37Z,0.7,0.6786885245901607,0.6753104818678562
redshift,725,2026-08-12T21:45:36Z,17497967337,41.0,2026-08-12T21:45:36Z,0.6833333333333333,0.6781420765027291,0.6748882265275685
redshift,727,2026-08-12T21:46:08Z,17530678890,16.0,2026-08-12T21:46:08Z,0.26666666666666666,0.6781420765027291,0.674567395264115
redshift,730,2026-08-12T21:47:40Z,17620752401,45.0,2026-08-12T21:47:40Z,0.75,0.6707650273224014,0.6737953303527061
redshift,733,2026-08-12T21:48:36Z,17676173369,44.0,2026-08-12T21:48:36Z,0.7333333333333333,0.6710382513661175,0.6730750124192727
redshift,735,2026-08-12T21:49:19Z,17720817521,25.0,2026-08-12T21:49:19Z,0.4166666666666667,0.6704918032786858,0.6723546944858392
redshift,737,2026-08-12T21:50:38Z,17800420189,41.0,2026-08-12T21:50:38Z,0.6833333333333333,0.6707650273224018,0.6707401887729713
redshift,740,2026-08-12T21:51:36Z,17856172259,39.0,2026-08-12T21:51:36Z,0.65,0.6710382513661179,0.6691753601589622
redshift,742,2026-08-12T21:52:36Z,17918801596,41.0,2026-08-12T21:52:36Z,0.6833333333333333,0.6688524590163908,0.667685047193239
redshift,745,2026-08-12T21:53:42Z,17983767629,42.0,2026-08-12T21:53:42Z,0.7,0.6693989071038225,0.6666666666666624
redshift,747,2026-08-12T21:54:36Z,18036150334,39.0,2026-08-12T21:54:36Z,0.65,0.6685792349726752,0.6655986090412269
redshift,749,2026-08-12T21:55:36Z,18096069909,44.0,2026-08-12T21:55:36Z,0.7333333333333333,0.6609289617486315,0.6646547441629361
redshift,752,2026-08-12T21:56:38Z,18157835962,45.0,2026-08-12T21:56:38Z,0.75,0.6609289617486315,0.6638102334823605
redshift,754,2026-08-12T21:57:36Z,18216179715,45.0,2026-08-12T21:57:36Z,0.75,0.6617486338797788,0.6622454048683515
redshift,756,2026-08-12T21:58:36Z,18276791066,40.0,2026-08-12T21:58:36Z,0.6666666666666666,0.6595628415300516,0.6609289617486293
redshift,759,2026-08-12T21:59:40Z,18340077874,45.0,2026-08-12T21:59:40Z,0.75,0.6592896174863361,0.6596125186289096
redshift,762,2026-08-12T22:00:38Z,18397463767,44.0,2026-08-12T22:00:38Z,0.7333333333333333,0.6601092896174837,0.6576999503228985
redshift,764,2026-08-12T22:01:36Z,18455084973,42.0,2026-08-12T22:01:36Z,0.7,0.6614754098360631,0.6564083457526056
redshift,766,2026-08-12T22:02:36Z,18516623375,42.0,2026-08-12T22:02:36Z,0.7,0.6538251366120194,0.6550919026328834
redshift,769,2026-08-12T22:03:41Z,18581816013,43.0,2026-08-12T22:03:41Z,0.7166666666666667,0.6543715846994511,0.6529806259314445
redshift,772,2026-08-12T22:04:36Z,18635628031,41.0,2026-08-12T22:04:36Z,0.6833333333333333,0.6549180327868828,0.6502235469448553
redshift,774,2026-08-12T22:05:36Z,18697494547,42.0,2026-08-12T22:05:36Z,0.7,0.6475409836065551,0.6481867858916995
redshift,776,2026-08-12T22:06:12Z,18733864175,13.0,2026-08-12T22:06:12Z,0.21666666666666667,0.6467213114754078,0.6460258320914017
redshift,780,2026-08-12T22:07:36Z,18813886558,45.0,2026-08-12T22:07:36Z,0.75,0.6464480874316917,0.6437655240933886
redshift,782,2026-08-12T22:08:36Z,18878200433,42.0,2026-08-12T22:08:36Z,0.7,0.6385245901639324,0.6422255340288064
redshift,784,2026-08-12T22:09:17Z,18921434942,17.0,2026-08-12T22:09:17Z,0.2833333333333333,0.6292349726775932,0.640635866865368
redshift,786,2026-08-12T22:10:40Z,19002874331,43.0,2026-08-12T22:10:40Z,0.7166666666666667,0.636885245901637,0.6390958768007858
redshift,789,2026-08-12T22:11:38Z,19059221727,43.0,2026-08-12T22:11:38Z,0.7166666666666667,0.6363387978142052,0.6377504553733976
redshift,792,2026-08-12T22:12:40Z,19120769183,45.0,2026-08-12T22:12:40Z,0.75,0.6366120218579213,0.6369349230004879
redshift,795,2026-08-12T22:13:36Z,19177607395,40.0,2026-08-12T22:13:36Z,0.6666666666666666,0.636885245901637,0.6357923497267692
redshift,798,2026-08-12T22:14:37Z,19238630833,50.0,2026-08-12T22:14:37Z,0.8333333333333334,0.636885245901637,0.6352955787381931
redshift,800,2026-08-12T22:15:38Z,19298088950,43.0,2026-08-12T22:15:38Z,0.7166666666666667,0.6379781420765007,0.6360407352210561
redshift,802,2026-08-12T22:16:36Z,19357184597,43.0,2026-08-12T22:16:36Z,0.7166666666666667,0.6352459016393424,0.6361897665176302
redshift,804,2026-08-12T22:17:05Z,19386824887,15.0,2026-08-12T22:17:05Z,0.25,0.6352459016393424,0.6361897665176302
redshift,807,2026-08-12T22:18:37Z,19476794210,43.0,2026-08-12T22:18:37Z,0.7166666666666667,0.633879781420763,0.6361649279682008
redshift,809,2026-08-12T22:19:36Z,19536555626,39.0,2026-08-12T22:19:36Z,0.65,0.6330601092896158,0.6358420268256282
redshift,812,2026-08-12T22:20:36Z,19596573557,43.0,2026-08-12T22:20:36Z,0.7166666666666667,0.6374316939890695,0.6355191256830556
redshift,814,2026-08-12T22:21:37Z,19658347222,41.0,2026-08-12T22:21:37Z,0.6833333333333333,0.6385245901639328,0.6350471932439116
redshift,817,2026-08-12T22:22:38Z,19720538733,40.0,2026-08-12T22:22:38Z,0.6666666666666666,0.6396174863387961,0.6340983606557359
redshift,820,2026-08-12T22:23:39Z,19779886833,43.0,2026-08-12T22:23:39Z,0.7166666666666667,0.6330601092896158,0.633333333333331
redshift,822,2026-08-12T22:24:35Z,19835153620,39.0,2026-08-12T22:24:35Z,0.65,0.6333333333333319,0.6318430203676076
redshift,824,2026-08-12T22:25:12Z,19872837856,20.0,2026-08-12T22:25:12Z,0.3333333333333333,0.6333333333333319,0.6304023845007433
redshift,827,2026-08-12T22:26:38Z,19960034364,42.0,2026-08-12T22:26:38Z,0.7,0.6327868852459001,0.6285891703924474
redshift,829,2026-08-12T22:27:38Z,20019106802,44.0,2026-08-12T22:27:38Z,0.7333333333333333,0.6259562841530041,0.6266766020864364
redshift,832,2026-08-12T22:28:36Z,20076479653,40.0,2026-08-12T22:28:36Z,0.6666666666666666,0.6256830601092881,0.6246398410332806
redshift,834,2026-08-12T22:29:36Z,20136217689,41.0,2026-08-12T22:29:36Z,0.6833333333333333,0.6174863387978127,0.6231743666169869
redshift,837,2026-08-12T22:30:36Z,20195566524,43.0,2026-08-12T22:30:36Z,0.7166666666666667,0.6172131147540966,0.621758569299552
redshift,839,2026-08-12T22:31:36Z,20257312296,45.0,2026-08-12T22:31:36Z,0.75,0.6174863387978127,0.6197963238946845
redshift,841,2026-08-12T22:32:10Z,20291779626,14.0,2026-08-12T22:32:10Z,0.23333333333333334,0.6174863387978127,0.6188772975658207
redshift,844,2026-08-12T22:33:36Z,20373062188,47.0,2026-08-12T22:33:36Z,0.7833333333333333,0.617213114754097,0.6180576254346719
redshift,846,2026-08-12T22:34:36Z,20434705283,42.0,2026-08-12T22:34:36Z,0.7,0.616939890710381,0.6171369432025141
redshift,848,2026-08-12T22:35:08Z,20468339968,15.0,2026-08-12T22:35:08Z,0.25,0.6177595628415282,0.6171020036429837
redshift,851,2026-08-12T22:36:35Z,20555648574,39.0,2026-08-12T22:36:35Z,0.65,0.61174863387978,0.618925318761383
redshift,854,2026-08-12T22:37:40Z,20619262463,42.0,2026-08-12T22:37:40Z,0.7,0.6226775956284137,0.6198691836396738
redshift,857,2026-08-12T22:38:14Z,20653715752,15.0,2026-08-12T22:38:14Z,0.25,0.616939890710381,0.620862725616821
redshift,860,2026-08-12T22:39:08Z,20709887166,12.0,2026-08-12T22:39:08Z,0.2,0.6155555555555542,0.6220052988905422
redshift,863,2026-08-12T22:40:40Z,20800003099,42.0,2026-08-12T22:40:40Z,0.7,0.6273224043715835,0.623468123861565
redshift,866,2026-08-12T22:41:38Z,20857751722,41.0,2026-08-12T22:41:38Z,0.6833333333333333,0.6270491803278675,0.6236831429044529
redshift,869,2026-08-12T22:42:37Z,20917133500,45.0,2026-08-12T22:42:37Z,0.75,0.6278688524590151,0.6248878125517453
redshift,871,2026-08-12T22:43:37Z,20977034605,44.0,2026-08-12T22:43:37Z,0.7333333333333333,0.6284153005464469,0.6261049014737523
redshift,873,2026-08-12T22:44:37Z,21038232731,43.0,2026-08-12T22:44:37Z,0.7166666666666667,0.6297814207650262,0.6279429541314776
redshift,876,2026-08-12T22:45:38Z,21099288992,46.0,2026-08-12T22:45:38Z,0.7666666666666667,0.6273224043715835,0.6300062096373567
redshift,878,2026-08-12T22:46:20Z,21142572817,31.0,2026-08-12T22:46:20Z,0.5166666666666667,0.6258333333333321,0.6311239443616485
redshift,880,2026-08-12T22:47:09Z,21192965565,16.0,2026-08-12T22:47:09Z,0.26666666666666666,0.6249999999999986,0.6323658718330823
redshift,883,2026-08-12T22:48:38Z,21278183990,40.0,2026-08-12T22:48:38Z,0.6666666666666666,0.6360655737704906,0.6334939559529702
redshift,886,2026-08-12T22:49:36Z,21335873311,41.0,2026-08-12T22:49:36Z,0.6833333333333333,0.637158469945354,0.6347110448749773
redshift,888,2026-08-12T22:50:36Z,21396752394,41.0,2026-08-12T22:50:36Z,0.6833333333333333,0.6382513661202173,0.635133300215265
redshift,890,2026-08-12T22:51:38Z,21457688064,45.0,2026-08-12T22:51:38Z,0.75,0.6396174863387967,0.636375227686699
redshift,893,2026-08-12T22:52:36Z,21516098041,43.0,2026-08-12T22:52:36Z,0.7166666666666667,0.64071038251366,0.6376631064745766
redshift,895,2026-08-12T22:53:13Z,21553547703,17.0,2026-08-12T22:53:13Z,0.2833333333333333,0.6402777777777767,0.6391658387150145
redshift,899,2026-08-12T22:54:37Z,21638171806,43.0,2026-08-12T22:54:37Z,0.7166666666666667,0.6418032786885233,0.6396245239277996
redshift,901,2026-08-12T22:55:36Z,21695859142,39.0,2026-08-12T22:55:36Z,0.65,0.6344262295081952,0.6401709720152321
redshift,904,2026-08-12T22:56:36Z,21756399380,42.0,2026-08-12T22:56:36Z,0.7,0.6409836065573755,0.6406180659049493
redshift,906,2026-08-12T22:57:12Z,21793039530,20.0,2026-08-12T22:57:12Z,0.3333333333333333,0.6399999999999987,0.640866451399236
redshift,908,2026-08-12T22:58:38Z,21878761888,44.0,2026-08-12T22:58:38Z,0.7333333333333333,0.6415300546448072,0.6418103162775295
redshift,911,2026-08-12T22:59:08Z,21908893864,10.0,2026-08-12T22:59:08Z,0.16666666666666666,0.6411111111111097,0.6419635701275042
redshift,914,2026-08-12T23:00:40Z,22000531384,44.0,2026-08-12T23:00:40Z,0.7333333333333333,0.6431693989071022,0.6436131809902318
redshift,917,2026-08-12T23:01:37Z,22057175516,45.0,2026-08-12T23:01:37Z,0.75,0.6431693989071018,0.6457360490147385
redshift,919,2026-08-12T23:02:40Z,22121429518,42.0,2026-08-12T23:02:40Z,0.7,0.642349726775954,0.6475741016724638
redshift,922,2026-08-12T23:03:38Z,22182531392,41.0,2026-08-12T23:03:38Z,0.6833333333333333,0.6510928961748611,0.6495015731081331
redshift,925,2026-08-12T23:04:40Z,22241075699,42.0,2026-08-12T23:04:40Z,0.7,0.650819672131145,0.6539376138433539
redshift,928,2026-08-12T23:05:37Z,22299280835,44.0,2026-08-12T23:05:37Z,0.7333333333333333,0.6510928961748607,0.6561876966385192
redshift,930,2026-08-12T23:06:16Z,22345298957,20.0,2026-08-12T23:06:16Z,0.3333333333333333,0.657777777777775,0.6574895264116606
redshift,932,2026-08-12T23:08:03Z,22449642931,53.0,2026-08-12T23:08:03Z,0.8833333333333333,0.6612021857923466,0.6627450736876984
redshift,934,2026-08-12T23:08:31Z,22475342860,24.0,2026-08-12T23:08:31Z,0.4,0.6612021857923466,0.6662224706077186
redshift,937,2026-08-12T23:10:04Z,22566822211,49.0,2026-08-12T23:10:04Z,0.8166666666666667,0.6774999999999968,0.6689547110448757
redshift,939,2026-08-12T23:11:06Z,22627044800,48.0,2026-08-12T23:11:06Z,0.8,0.6786885245901607,0.6717863056797481
redshift,941,2026-08-12T23:12:05Z,22682431756,42.0,2026-08-12T23:12:05Z,0.7,0.6784153005464452,0.6765778688524591
redshift,943,2026-08-12T23:12:56Z,22736518494,46.0,2026-08-12T23:12:56Z,0.7666666666666667,0.6800546448087407,0.678176850471932
redshift,945,2026-08-12T23:13:57Z,22798622641,47.0,2026-08-12T23:13:57Z,0.7833333333333333,0.6806010928961728,0.6805797798182777
redshift,948,2026-08-12T23:14:56Z,22858421224,45.0,2026-08-12T23:14:56Z,0.75,0.6811475409836044,0.6830139576622917
redshift,950,2026-08-12T23:15:56Z,22916195628,41.0,2026-08-12T23:15:56Z,0.6833333333333333,0.6819672131147517,0.6841403858788805
redshift,952,2026-08-12T23:16:59Z,22977579630,40.0,2026-08-12T23:16:59Z,0.6666666666666666,0.6849999999999975,0.6852581206031723
redshift,955,2026-08-12T23:17:56Z,23038151721,47.0,2026-08-12T23:17:56Z,0.7833333333333333,0.6941666666666639,0.6863510167780347
redshift,958,2026-08-12T23:18:57Z,23096528858,46.0,2026-08-12T23:18:57Z,0.7666666666666667,0.6876344086021472,0.6880127157348155
redshift,960,2026-08-12T23:19:56Z,23155730899,47.0,2026-08-12T23:19:56Z,0.7833333333333333,0.6879781420764995,0.6897017370959692
redshift,962,2026-08-12T23:20:58Z,23218275866,43.0,2026-08-12T23:20:58Z,0.7166666666666667,0.6898907103825106,0.6913410813582666
redshift,966,2026-08-12T23:21:56Z,23280847576,48.0,2026-08-12T23:21:56Z,0.8,0.6909836065573739,0.6926575244779888
redshift,968,2026-08-12T23:22:57Z,23333853576,45.0,2026-08-12T23:22:57Z,0.75,0.6904371584699418,0.6943494436699083
redshift,970,2026-08-12T23:23:56Z,23398578992,45.0,2026-08-12T23:23:56Z,0.75,0.6983333333333301,0.6952771634910717
redshift,973,2026-08-12T23:24:56Z,23460600407,42.0,2026-08-12T23:24:56Z,0.7,0.6991803278688493,0.697663934426231
redshift,976,2026-08-12T23:25:28Z,23489124872,12.0,2026-08-12T23:25:28Z,0.2,0.6991803278688489,0.7002471435668192
redshift,980,2026-08-12T23:26:56Z,23574899199,44.0,2026-08-12T23:26:56Z,0.7333333333333333,0.6964480874316905,0.7026564828614089
redshift,983,2026-08-12T23:27:58Z,23640695188,43.0,2026-08-12T23:27:58Z,0.7166666666666667,0.7036111111111073,0.7050409836065641
redshift,986,2026-08-12T23:28:58Z,23700935185,45.0,2026-08-12T23:28:58Z,0.75,0.7043715846994498,0.7077235469448676
redshift,988,2026-08-12T23:29:58Z,23759755785,43.0,2026-08-12T23:29:58Z,0.7166666666666667,0.7138888888888852,0.7099118231495357
redshift,991,2026-08-12T23:30:56Z,23816089301,44.0,2026-08-12T23:30:56Z,0.7333333333333333,0.7163934426229474,0.7120976154992604
redshift,994,2026-08-12T23:31:56Z,23876219655,43.0,2026-08-12T23:31:56Z,0.7166666666666667,0.7163934426229478,0.7142680907435047
redshift,996,2026-08-12T23:32:56Z,23936366682,42.0,2026-08-12T23:32:56Z,0.7,0.7172131147540955,0.7168016227852315
redshift,999,2026-08-12T23:33:58Z,23999594062,46.0,2026-08-12T23:33:58Z,0.7666666666666667,0.7199453551912544,0.7186839708561014
redshift,1001,2026-08-12T23:34:56Z,24056653710,46.0,2026-08-12T23:34:56Z,0.7666666666666667,0.7224043715846966,0.7203393399889975
redshift,1003,2026-08-12T23:35:56Z,24116444167,43.0,2026-08-12T23:35:56Z,0.7166666666666667,0.7232240437158444,0.7209892820323799
redshift,1006,2026-08-12T23:36:56Z,24177180761,46.0,2026-08-12T23:36:56Z,0.7666666666666667,0.7230555555555526,0.7214363759220945
redshift,1008,2026-08-12T23:37:56Z,24233231294,45.0,2026-08-12T23:37:56Z,0.75,0.7243169398907077,0.7219828240095219
redshift,1010,2026-08-12T23:39:00Z,24296404037,42.0,2026-08-12T23:39:00Z,0.7,0.7243169398907077,0.7224299178992417
redshift,1013,2026-08-12T23:39:56Z,24357625151,46.0,2026-08-12T23:39:56Z,0.7666666666666667,0.7225806451612882,0.7225789491958132
redshift,1015,2026-08-12T23:40:57Z,24415872709,45.0,2026-08-12T23:40:57Z,0.75,0.7210382513661181,0.722380240800388
redshift,1017,2026-08-12T23:41:56Z,24475260580,41.0,2026-08-12T23:41:56Z,0.6833333333333333,0.7213114754098338,0.7222312095038164
redshift,1020,2026-08-12T23:42:56Z,24535596085,47.0,2026-08-12T23:42:56Z,0.7833333333333333,0.7224043715846971,0.7222216880598673
redshift,1024,2026-08-12T23:43:57Z,24597631997,47.0,2026-08-12T23:43:57Z,0.7833333333333333,0.722131147540981,0.7210536753040723
redshift,1026,2026-08-12T23:45:00Z,24661504867,46.0,2026-08-12T23:45:00Z,0.7666666666666667,0.7215846994535493,0.7207570148871075
redshift,1030,2026-08-12T23:46:00Z,24718908336,46.0,2026-08-12T23:46:00Z,0.7666666666666667,0.7202185792349705,0.719250677050783
redshift,1032,2026-08-12T23:46:58Z,24778857250,47.0,2026-08-12T23:46:58Z,0.7833333333333333,0.7215846994535493,0.7179093953816339
redshift,1035,2026-08-12T23:47:56Z,24834718370,49.0,2026-08-12T23:47:56Z,0.8166666666666667,0.7229508196721287,0.7163942438664838
redshift,1038,2026-08-12T23:48:59Z,24896691305,46.0,2026-08-12T23:48:59Z,0.7666666666666667,0.7163934426229484,0.7148790923513336
redshift,1041,2026-08-12T23:49:27Z,24924802544,13.0,2026-08-12T23:49:27Z,0.21666666666666667,0.7161290322580619,0.7148790923513336
redshift,1044,2026-08-12T23:50:56Z,25017523567,48.0,2026-08-12T23:50:56Z,0.8,0.7060109289617453,0.7119978206175998
redshift,1047,2026-08-12T23:51:56Z,25076093494,45.0,2026-08-12T23:51:56Z,0.75,0.7062841530054613,0.7115258881784505
redshift,1049,2026-08-12T23:52:56Z,25136173683,43.0,2026-08-12T23:52:56Z,0.7166666666666667,0.7046448087431659,0.7110291171898769
redshift,1052,2026-08-12T23:53:56Z,25197900952,47.0,2026-08-12T23:53:56Z,0.7833333333333333,0.7057377049180292,0.7104826691024445
redshift,1055,2026-08-12T23:54:58Z,25258274570,45.0,2026-08-12T23:54:58Z,0.75,0.7057377049180292,0.709918032786885
redshift,1057,2026-08-12T23:55:56Z,25314862877,43.0,2026-08-12T23:55:56Z,0.7166666666666667,0.7062841530054613,0.7105067064083476
redshift,1059,2026-08-12T23:56:42Z,25361656875,29.0,2026-08-12T23:56:42Z,0.48333333333333334,0.715027322404369,0.7115002483854947
redshift,1062,2026-08-12T23:57:59Z,25442197825,46.0,2026-08-12T23:57:59Z,0.7666666666666667,0.7161202185792322,0.7124689518132125
redshift,1064,2026-08-12T23:58:59Z,25499667903,45.0,2026-08-12T23:58:59Z,0.75,0.71693989071038,0.7129160457029271
redshift,1067,2026-08-12T23:59:56Z,25556895448,46.0,2026-08-12T23:59:56Z,0.7666666666666667,0.7163934426229478,0.7132141082960701
redshift,1070,2026-08-13T00:00:56Z,25618748518,52.0,2026-08-13T00:00:56Z,0.8666666666666667,0.7163934426229478,0.7135121708892133
redshift,1073,2026-08-13T00:02:00Z,25680264174,44.0,2026-08-13T00:02:00Z,0.7333333333333333,0.716939890710379,0.7138102334823564
redshift,1076,2026-08-13T00:02:56Z,25740588122,48.0,2026-08-13T00:02:56Z,0.8,0.716939890710379,0.7132886239443533
redshift,1079,2026-08-13T00:03:56Z,25799657154,52.0,2026-08-13T00:03:56Z,0.8666666666666667,0.7095628415300513,0.7126428216592031
redshift,1082,2026-08-13T00:04:57Z,25854542646,50.0,2026-08-13T00:04:57Z,0.8333333333333334,0.7090163934426201,0.7119080145719417
redshift,1084,2026-08-13T00:05:57Z,25915600295,45.0,2026-08-13T00:05:57Z,0.75,0.7090163934426201,0.7115002483854844
redshift,1086,2026-08-13T00:06:29Z,25947658145,20.0,2026-08-13T00:06:29Z,0.3333333333333333,0.7095628415300523,0.7109786388474814
redshift,1090,2026-08-13T00:07:58Z,26036739246,48.0,2026-08-13T00:07:58Z,0.8,0.7092896174863367,0.7104073522106247
redshift,1092,2026-08-13T00:08:59Z,26099567127,53.0,2026-08-13T00:08:59Z,0.8833333333333333,0.7090163934426211,0.7098360655737679
redshift,1095,2026-08-13T00:09:58Z,26159437058,47.0,2026-08-13T00:09:58Z,0.7833333333333333,0.710382513661201,0.7091133439097451
redshift,1097,2026-08-13T00:10:25Z,26185590963,14.0,2026-08-13T00:10:25Z,0.23333333333333334,0.710382513661201,0.7091133439097451
redshift,1100,2026-08-13T00:11:57Z,26280065043,49.0,2026-08-13T00:11:57Z,0.8166666666666667,0.7106557377049175,0.7075981923946002
redshift,1103,2026-08-13T00:13:00Z,26339768260,46.0,2026-08-13T00:13:00Z,0.7666666666666667,0.7106557377049175,0.7060087255420436
redshift,1106,2026-08-13T00:13:56Z,26398719885,45.0,2026-08-13T00:13:56Z,0.75,0.7106557377049175,0.7057104626380185
redshift,1108,2026-08-13T00:14:57Z,26457804426,45.0,2026-08-13T00:14:57Z,0.75,0.7016129032258055,0.704695352743021
redshift,1110,2026-08-13T00:15:58Z,26518338268,40.0,2026-08-13T00:15:58Z,0.6666666666666666,0.700546448087431,0.7035579205593819
redshift,1113,2026-08-13T00:17:00Z,26578746694,46.0,2026-08-13T00:17:00Z,0.7666666666666667,0.7008196721311475,0.7035573743783733
redshift,1116,2026-08-13T00:18:00Z,26640092727,45.0,2026-08-13T00:18:00Z,0.75,0.7002732240437154,0.7029860877415114
redshift,1120,2026-08-13T00:18:29Z,26670059799,23.0,2026-08-13T00:18:29Z,0.38333333333333336,0.6978142076502731,0.703147083161961
redshift,1123,2026-08-13T00:19:57Z,26757137482,42.0,2026-08-13T00:19:57Z,0.7,0.6972677595628419,0.701868353017217
redshift,1125,2026-08-13T00:20:24Z,26783684494,13.0,2026-08-13T00:20:24Z,0.21666666666666667,0.7052777777777787,0.701868353017217
redshift,1128,2026-08-13T00:21:54Z,26874501973,44.0,2026-08-13T00:21:54Z,0.7333333333333333,0.7035519125683063,0.7022433349892377
redshift,1130,2026-08-13T00:22:56Z,26935963269,42.0,2026-08-13T00:22:56Z,0.7,0.704371584699454,0.7029884914720955
redshift,1133,2026-08-13T00:23:58Z,27000541682,49.0,2026-08-13T00:23:58Z,0.8166666666666667,0.7049180327868861,0.7038081636032416
redshift,1135,2026-08-13T00:24:56Z,27054983425,45.0,2026-08-13T00:24:56Z,0.75,0.7040983606557385,0.7048017055803939
redshift,1137,2026-08-13T00:25:57Z,27117305912,44.0,2026-08-13T00:25:57Z,0.7333333333333333,0.7027322404371595,0.7051912568305966
redshift,1140,2026-08-13T00:27:01Z,27180886269,44.0,2026-08-13T00:27:01Z,0.7333333333333333,0.7035519125683073,0.7040735221063052
redshift,1143,2026-08-13T00:27:56Z,27238647907,48.0,2026-08-13T00:27:56Z,0.8,0.7090163934426239,0.7024309728698923
redshift,1145,2026-08-13T00:28:57Z,27297036102,46.0,2026-08-13T00:28:57Z,0.7666666666666667,0.7092896174863405,0.7005432431133106
redshift,1147,2026-08-13T00:29:58Z,27358848603,43.0,2026-08-13T00:29:58Z,0.7166666666666667,0.7087431693989082,0.6983822893130103
redshift,1150,2026-08-13T00:31:01Z,27420744953,43.0,2026-08-13T00:31:01Z,0.7166666666666667,0.7016393442622962,0.6960971427655678
redshift,1153,2026-08-13T00:31:57Z,27477553263,46.0,2026-08-13T00:31:57Z,0.7666666666666667,0.6928961748633886,0.6939610275146968
redshift,1155,2026-08-13T00:32:57Z,27535877266,43.0,2026-08-13T00:32:57Z,0.7166666666666667,0.6854838709677419,0.6925452301972593
redshift,1157,2026-08-13T00:33:28Z,27566842005,15.0,2026-08-13T00:33:28Z,0.25,0.683606557377049,0.6908981138727256
redshift,1160,2026-08-13T00:34:57Z,27659176595,44.0,2026-08-13T00:34:57Z,0.7333333333333333,0.6811475409836059,0.6868243513933614
redshift,1163,2026-08-13T00:35:55Z,27716583336,46.0,2026-08-13T00:35:55Z,0.7666666666666667,0.6789617486338791,0.684009315791436
redshift,1165,2026-08-13T00:36:56Z,27776326345,45.0,2026-08-13T00:36:56Z,0.75,0.6792349726775948,0.6819725547382828
redshift,1167,2026-08-13T00:38:00Z,27838774156,45.0,2026-08-13T00:38:00Z,0.75,0.6879781420765023,0.6806064345197043
redshift,1170,2026-08-13T00:39:00Z,27895465109,44.0,2026-08-13T00:39:00Z,0.7333333333333333,0.6830645161290307,0.6789711498912936
redshift,1173,2026-08-13T00:40:01Z,27958645225,47.0,2026-08-13T00:40:01Z,0.7833333333333333,0.6723118279569875,0.6779677615214297
redshift,1176,2026-08-13T00:40:56Z,28016706910,47.0,2026-08-13T00:40:56Z,0.7833333333333333,0.6777777777777753,0.6776786906612322
redshift,1178,2026-08-13T00:41:57Z,28077780275,45.0,2026-08-13T00:41:57Z,0.75,0.6792349726775929,0.6771570811232291
redshift,1181,2026-08-13T00:42:59Z,28137587773,41.0,2026-08-13T00:42:59Z,0.6833333333333333,0.677868852459014,0.676685148684085
redshift,1184,2026-08-13T00:43:56Z,28197711746,47.0,2026-08-13T00:43:56Z,0.7833333333333333,0.6721311475409817,0.6754432212126538
redshift,1186,2026-08-13T00:44:57Z,28254996363,44.0,2026-08-13T00:44:57Z,0.7333333333333333,0.6729508196721294,0.6752192736460281
redshift,1188,2026-08-13T00:45:27Z,28284726662,12.0,2026-08-13T00:45:27Z,0.2,0.6729508196721294,0.6763121119533034
redshift,1192,2026-08-13T00:46:56Z,28376692247,47.0,2026-08-13T00:46:56Z,0.7833333333333333,0.6732240437158441,0.6777024341778418
redshift,1194,2026-08-13T00:47:57Z,28437334992,45.0,2026-08-13T00:47:57Z,0.75,0.6740437158469919,0.6785717834078469
redshift,1196,2026-08-13T00:48:57Z,28497242976,40.0,2026-08-13T00:48:57Z,0.6666666666666666,0.6743169398907075,0.6796398410332823
redshift,1199,2026-08-13T00:49:57Z,28556791081,44.0,2026-08-13T00:49:57Z,0.7333333333333333,0.6806010928961718,0.6810804769001441
redshift,1201,2026-08-13T00:50:57Z,28616050144,42.0,2026-08-13T00:50:57Z,0.7,0.6883333333333307,0.682396920019869
redshift,1203,2026-08-13T00:51:57Z,28677893247,42.0,2026-08-13T00:51:57Z,0.7,0.6890710382513637,0.6837630402384476
redshift,1206,2026-08-13T00:52:56Z,28736633056,48.0,2026-08-13T00:52:56Z,0.8,0.6887978142076472,0.685178837555885
redshift,1208,2026-08-13T00:53:57Z,28796248443,45.0,2026-08-13T00:53:57Z,0.75,0.6896174863387949,0.686395926477892
redshift,1211,2026-08-13T00:55:00Z,28858672818,44.0,2026-08-13T00:55:00Z,0.7333333333333333,0.6879781420764995,0.6875633383010402
redshift,1213,2026-08-13T00:55:55Z,28914951923,40.0,2026-08-13T00:55:55Z,0.6666666666666666,0.6874316939890673,0.6881843020367611
redshift,1217,2026-08-13T00:57:00Z,28979970945,46.0,2026-08-13T00:57:00Z,0.7666666666666667,0.6879781420764985,0.688077496274218
redshift,1219,2026-08-13T00:57:57Z,29036363803,49.0,2026-08-13T00:57:57Z,0.8166666666666667,0.6887978142076463,0.6863387978142109
redshift,1222,2026-08-13T00:58:57Z,29095560524,47.0,2026-08-13T00:58:57Z,0.7833333333333333,0.6874316939890665,0.6861152508693532
redshift,1225,2026-08-13T00:59:57Z,29158167607,43.0,2026-08-13T00:59:57Z,0.7166666666666667,0.6871584699453508,0.6858917039244933
redshift,1227,2026-08-13T01:00:33Z,29193010546,20.0,2026-08-13T01:00:33Z,0.3333333333333333,0.6874316939890673,0.6858420268256396
redshift,1230,2026-08-13T01:01:33Z,29251808680,20.0,2026-08-13T01:01:33Z,0.3333333333333333,0.6871584699453518,0.6854197714853492
redshift,1233,2026-08-13T01:02:59Z,29342375949,45.0,2026-08-13T01:02:59Z,0.75,0.6781420765027286,0.6848733233979218
redshift,1235,2026-08-13T01:03:25Z,29366267902,13.0,2026-08-13T01:03:25Z,0.21666666666666667,0.6781420765027286,0.6848733233979218
redshift,1238,2026-08-13T01:04:57Z,29455080292,43.0,2026-08-13T01:04:57Z,0.7166666666666667,0.6871584699453518,0.683901815617844
redshift,1240,2026-08-13T01:05:57Z,29516532101,42.0,2026-08-13T01:05:57Z,0.7,0.6874316939890673,0.6836057561335245
redshift,1243,2026-08-13T01:06:58Z,29579439552,46.0,2026-08-13T01:06:58Z,0.7666666666666667,0.6827868852458985,0.6830841465955214
redshift,1245,2026-08-13T01:07:57Z,29638903777,52.0,2026-08-13T01:07:57Z,0.8666666666666667,0.6819672131147507,0.6825873756069479
redshift,1248,2026-08-13T01:08:58Z,29701583233,58.0,2026-08-13T01:08:58Z,0.9666666666666667,0.6822404371584664,0.6835237087960536
redshift,1250,2026-08-13T01:09:27Z,29728438746,13.0,2026-08-13T01:09:27Z,0.21666666666666667,0.6836021505376306,0.6833573706392351
redshift,1253,2026-08-13T01:10:27Z,29785628082,13.0,2026-08-13T01:10:27Z,0.21666666666666667,0.6836021505376306,0.6833573706392351
redshift,1257,2026-08-13T01:11:57Z,29879521424,46.0,2026-08-13T01:11:57Z,0.7666666666666667,0.6816939890710333,0.6840640273704821
redshift,1260,2026-08-13T01:12:57Z,29935474097,44.0,2026-08-13T01:12:57Z,0.7333333333333333,0.6816939890710333,0.6847843453039156
redshift,1262,2026-08-13T01:13:41Z,29979338631,25.0,2026-08-13T01:13:41Z,0.4166666666666667,0.6830601092896122,0.6855791788856322
redshift,1265,2026-08-13T01:14:57Z,30054634630,48.0,2026-08-13T01:14:57Z,0.8,0.6816939890710324,0.6864982052144962
redshift,1267,2026-08-13T01:15:59Z,30118383102,43.0,2026-08-13T01:15:59Z,0.7166666666666667,0.6908333333333274,0.687689890710385
redshift,1270,2026-08-13T01:16:59Z,30178350257,43.0,2026-08-13T01:16:59Z,0.7166666666666667,0.6915300546448032,0.688262543467462
redshift,1273,2026-08-13T01:18:00Z,30237942330,49.0,2026-08-13T01:18:00Z,0.8166666666666667,0.6907103825136555,0.6893802781917512
redshift,1276,2026-08-13T01:18:57Z,30297200610,46.0,2026-08-13T01:18:57Z,0.7666666666666667,0.6907103825136555,0.6904483358171867
redshift,1278,2026-08-13T01:19:57Z,30358236693,46.0,2026-08-13T01:19:57Z,0.7666666666666667,0.69234972677595,0.6913922006954801
redshift,1280,2026-08-13T01:20:59Z,30418017823,42.0,2026-08-13T01:20:59Z,0.7,0.6926229508196656,0.6924105812220567
redshift,1283,2026-08-13T01:21:57Z,30477240895,44.0,2026-08-13T01:21:57Z,0.7333333333333333,0.6939890710382455,0.6926974664679567
redshift,1285,2026-08-13T01:22:57Z,30537652389,43.0,2026-08-13T01:22:57Z,0.7166666666666667,0.6939890710382455,0.6928464977645283
redshift,1287,2026-08-13T01:24:02Z,30602217359,45.0,2026-08-13T01:24:02Z,0.75,0.6934426229508134,0.6929955290610998
redshift,1290,2026-08-13T01:24:57Z,30666789230,43.0,2026-08-13T01:24:57Z,0.7166666666666667,0.6934426229508134,0.6929955290610998
redshift,1292,2026-08-13T01:25:58Z,30718204358,43.0,2026-08-13T01:25:58Z,0.7166666666666667,0.6928961748633812,0.6930700447093883
redshift,1295,2026-08-13T01:27:00Z,30778949578,46.0,2026-08-13T01:27:00Z,0.7666666666666667,0.6939890710382446,0.6947715543412253
redshift,1297,2026-08-13T01:27:57Z,30839698903,47.0,2026-08-13T01:27:57Z,0.7833333333333333,0.6931693989070968,0.694842689186952
redshift,1299,2026-08-13T01:28:57Z,30896280655,43.0,2026-08-13T01:28:57Z,0.7166666666666667,0.6923497267759491,0.6967780261632739
redshift,1301,2026-08-13T01:30:00Z,30959088168,45.0,2026-08-13T01:30:00Z,0.75,0.6907103825136536,0.6980447921841346
redshift,1304,2026-08-13T01:30:57Z,31016627074,44.0,2026-08-13T01:30:57Z,0.7333333333333333,0.6931693989070968,0.6994357509521426
redshift,1306,2026-08-13T01:31:57Z,31075798612,42.0,2026-08-13T01:31:57Z,0.7,0.6999999999999933,0.7009260639178634
redshift,1308,2026-08-13T01:32:26Z,31104800300,13.0,2026-08-13T01:32:26Z,0.21666666666666667,0.7061111111111046,0.7009260639178634
redshift,1311,2026-08-13T01:33:57Z,31200702664,45.0,2026-08-13T01:33:57Z,0.75,0.7152777777777715,0.7036831429044551
redshift,1313,2026-08-13T01:34:57Z,31254989977,46.0,2026-08-13T01:34:57Z,0.7666666666666667,0.707377049180322,0.704825716178179
redshift,1316,2026-08-13T01:35:57Z,31315672929,45.0,2026-08-13T01:35:57Z,0.75,0.7087431693989018,0.7069369928796205
redshift,1318,2026-08-13T01:36:41Z,31359804654,29.0,2026-08-13T01:36:41Z,0.48333333333333334,0.7092896174863339,0.7096195562179187
redshift,1321,2026-08-13T01:38:02Z,31440599684,42.0,2026-08-13T01:38:02Z,0.7,0.7087431693989027,0.7123747723133022
redshift,1325,2026-08-13T01:39:01Z,31500145827,46.0,2026-08-13T01:39:01Z,0.7666666666666667,0.7087431693989027,0.7136094552078227
redshift,1327,2026-08-13T01:39:57Z,31560390314,46.0,2026-08-13T01:39:57Z,0.7666666666666667,0.7049180327868815,0.7150273224043789
redshift,1329,2026-08-13T01:40:57Z,31616386233,44.0,2026-08-13T01:40:57Z,0.7333333333333333,0.7139344262295046,0.7169647292598195
redshift,1331,2026-08-13T01:42:00Z,31677405473,46.0,2026-08-13T01:42:00Z,0.7666666666666667,0.7226775956284122,0.7180576254346792
redshift,1334,2026-08-13T01:42:57Z,31739600885,45.0,2026-08-13T01:42:57Z,0.75,0.724043715846992,0.719200198708403
redshift,1336,2026-08-13T01:43:57Z,31795615574,46.0,2026-08-13T01:43:57Z,0.7666666666666667,0.7259562841530031,0.7202930948832628
redshift,1338,2026-08-13T01:44:57Z,31858077123,42.0,2026-08-13T01:44:57Z,0.7,0.7308743169398876,0.721410829607552
redshift,1342,2026-08-13T01:45:59Z,31917242767,48.0,2026-08-13T01:45:59Z,0.8,0.728688524590161,0.7227769498261306
redshift,1344,2026-08-13T01:46:57Z,31979259087,44.0,2026-08-13T01:46:57Z,0.7333333333333333,0.7207650273224021,0.7233730750124168
redshift,1346,2026-08-13T01:47:57Z,32035979148,44.0,2026-08-13T01:47:57Z,0.7333333333333333,0.7218579234972663,0.7231992051664158
redshift,1349,2026-08-13T01:48:59Z,32096673555,45.0,2026-08-13T01:48:59Z,0.75,0.720765027322403,0.7229756582215559
redshift,1351,2026-08-13T01:49:57Z,32156820819,46.0,2026-08-13T01:49:57Z,0.7666666666666667,0.7210382513661195,0.7225285643318361
redshift,1353,2026-08-13T01:50:57Z,32214919590,45.0,2026-08-13T01:50:57Z,0.75,0.7199453551912562,0.7217337307501194
redshift,1355,2026-08-13T01:51:57Z,32279095374,47.0,2026-08-13T01:51:57Z,0.7833333333333333,0.7204918032786883,0.7210879284649743
redshift,1358,2026-08-13T01:52:57Z,32335077659,42.0,2026-08-13T01:52:57Z,0.7,0.7207650273224039,0.7211376055638332
redshift,1360,2026-08-13T01:53:57Z,32405095160,46.0,2026-08-13T01:53:57Z,0.7666666666666667,0.7215846994535516,0.7210382513661154
redshift,1363,2026-08-13T01:55:00Z,32464906103,45.0,2026-08-13T01:55:00Z,0.75,0.7210382513661195,0.7211127670144037
redshift,1365,2026-08-13T01:55:57Z,32517181949,42.0,2026-08-13T01:55:57Z,0.7,0.7221311475409838,0.7204669647292586
redshift,1367,2026-08-13T01:56:57Z,32577802396,44.0,2026-08-13T01:56:57Z,0.7333333333333333,0.7215846994535526,0.7199950322901093
redshift,1370,2026-08-13T01:57:58Z,32637338019,43.0,2026-08-13T01:57:58Z,0.7166666666666667,0.721311475409837,0.7202533532041726
redshift,1373,2026-08-13T01:59:00Z,32697699990,46.0,2026-08-13T01:59:00Z,0.7666666666666667,0.7207650273224049,0.7207741347905312
redshift,1375,2026-08-13T01:59:57Z,32759217720,41.0,2026-08-13T01:59:57Z,0.6833333333333333,0.7215846994535526,0.7207004470938924
redshift,1377,2026-08-13T02:00:58Z,32819474271,52.0,2026-08-13T02:00:58Z,0.8666666666666667,0.7139344262295093,0.7209239940387523
redshift,1380,2026-08-13T02:01:57Z,32877540897,45.0,2026-08-13T02:01:57Z,0.75,0.7147540983606571,0.720973671137606
redshift,1383,2026-08-13T02:02:57Z,32934941573,49.0,2026-08-13T02:02:57Z,0.8166666666666667,0.7233333333333348,0.7215449577744679
redshift,1385,2026-08-13T02:03:57Z,32997278119,42.0,2026-08-13T02:03:57Z,0.7,0.7234972677595646,0.7223397913561846
redshift,1387,2026-08-13T02:04:28Z,33027617800,14.0,2026-08-13T02:04:28Z,0.23333333333333334,0.7237704918032801,0.7223397913561846
redshift,1390,2026-08-13T02:05:59Z,33118658544,48.0,2026-08-13T02:05:59Z,0.8,0.7234972677595646,0.7240039741679063
redshift,1393,2026-08-13T02:06:59Z,33176951629,44.0,2026-08-13T02:06:59Z,0.7333333333333333,0.7226775956284168,0.725494287133627
redshift,1396,2026-08-13T02:08:01Z,33237951162,44.0,2026-08-13T02:08:01Z,0.7333333333333333,0.7278688524590179,0.7268852459016351
redshift,1399,2026-08-13T02:08:58Z,33302796197,52.0,2026-08-13T02:08:58Z,0.8666666666666667,0.7300546448087445,0.7274217585692937
redshift,1401,2026-08-13T02:10:02Z,33361341026,44.0,2026-08-13T02:10:02Z,0.7333333333333333,0.730327868852461,0.7284153005464418
redshift,1404,2026-08-13T02:10:57Z,33418685128,46.0,2026-08-13T02:10:57Z,0.7666666666666667,0.730327868852461,0.7286140089418712
redshift,1406,2026-08-13T02:11:57Z,33478083947,45.0,2026-08-13T02:11:57Z,0.75,0.730327868852461,0.7291604570293037
redshift,1409,2026-08-13T02:12:57Z,33535516479,51.0,2026-08-13T02:12:57Z,0.85,0.7300546448087455,0.7298807749627372
redshift,1413,2026-08-13T02:14:01Z,33600603452,51.0,2026-08-13T02:14:01Z,0.85,0.7292349726775977,0.7301788375558803
redshift,1415,2026-08-13T02:14:57Z,33665654052,43.0,2026-08-13T02:14:57Z,0.7166666666666667,0.7297814207650298,0.7303030303030276
redshift,1417,2026-08-13T02:15:57Z,33716869006,40.0,2026-08-13T02:15:57Z,0.6666666666666666,0.7306010928961776,0.7304769001490286
redshift,1419,2026-08-13T02:16:31Z,33750253958,14.0,2026-08-13T02:16:31Z,0.23333333333333334,0.7295081967213143,0.7306010928961758
redshift,1422,2026-08-13T02:17:59Z,33843948505,47.0,2026-08-13T02:17:59Z,0.7833333333333333,0.7306010928961776,0.7307004470938936
redshift,1425,2026-08-13T02:19:00Z,33899631757,45.0,2026-08-13T02:19:00Z,0.75,0.7311475409836088,0.730948832588183
redshift,1428,2026-08-13T02:19:59Z,33957080202,47.0,2026-08-13T02:19:59Z,0.7833333333333333,0.7314207650273243,0.7312220566318967
redshift,1430,2026-08-13T02:21:01Z,34020588709,42.0,2026-08-13T02:21:01Z,0.7,0.7322404371584721,0.7314704421261808
redshift,1433,2026-08-13T02:21:59Z,34078336005,44.0,2026-08-13T02:21:59Z,0.7333333333333333,0.73169398907104,0.7317933432687534
redshift,1436,2026-08-13T02:22:59Z,34138731232,45.0,2026-08-13T02:22:59Z,0.75,0.7314207650273234,0.7322155986090386
redshift,1439,2026-08-13T02:23:57Z,34197968543,46.0,2026-08-13T02:23:57Z,0.7666666666666667,0.7327868852459033,0.7318530359117351
redshift,1441,2026-08-13T02:24:57Z,34256987529,43.0,2026-08-13T02:24:57Z,0.7166666666666667,0.7322404371584721,0.7313811034725911
redshift,1444,2026-08-13T02:26:01Z,34318346267,47.0,2026-08-13T02:26:01Z,0.7833333333333333,0.7325136612021877,0.7309340095828712
redshift,1446,2026-08-13T02:26:57Z,34376343933,41.0,2026-08-13T02:26:57Z,0.6833333333333333,0.7341530054644831,0.7302633687482967
redshift,1448,2026-08-13T02:27:57Z,34438221514,45.0,2026-08-13T02:27:57Z,0.75,0.7341530054644831,0.7296672435620053
redshift,1451,2026-08-13T02:28:57Z,34501716131,45.0,2026-08-13T02:28:57Z,0.75,0.7266129032258094,0.7289220870791424
redshift,1453,2026-08-13T02:29:57Z,34558995647,46.0,2026-08-13T02:29:57Z,0.7666666666666667,0.7259562841530087,0.7282514462445678
redshift,1455,2026-08-13T02:30:28Z,34587880570,17.0,2026-08-13T02:30:28Z,0.2833333333333333,0.7265027322404399,0.7284501546399983
redshift,1458,2026-08-13T02:31:58Z,34679711064,47.0,2026-08-13T02:31:58Z,0.7833333333333333,0.7248633879781444,0.7285991859365698
redshift,1460,2026-08-13T02:32:57Z,34738159668,43.0,2026-08-13T02:32:57Z,0.7166666666666667,0.7251366120218601,0.7285991859365698
redshift,1462,2026-08-13T02:33:57Z,34798154164,44.0,2026-08-13T02:33:57Z,0.7333333333333333,0.723224043715849,0.7285991859365698
redshift,1465,2026-08-13T02:34:57Z,34861418449,46.0,2026-08-13T02:34:57Z,0.7666666666666667,0.7254098360655756,0.7292349726775921
redshift,1467,2026-08-13T02:35:57Z,34918918255,45.0,2026-08-13T02:35:57Z,0.75,0.7344262295081988,0.7299304520615961
redshift,1469,2026-08-13T02:36:59Z,34978028969,42.0,2026-08-13T02:36:59Z,0.7,0.7341530054644831,0.730501738698458
redshift,1473,2026-08-13T02:38:02Z,35038650356,48.0,2026-08-13T02:38:02Z,0.8,0.7341530054644831,0.7311475409836031
redshift,1476,2026-08-13T02:38:57Z,35099339144,50.0,2026-08-13T02:38:57Z,0.8333333333333334,0.7341530054644831,0.7316194734227472
redshift,1478,2026-08-13T02:39:58Z,35157403429,47.0,2026-08-13T02:39:58Z,0.7833333333333333,0.733606557377051,0.7321162444113208
redshift,1481,2026-08-13T02:40:58Z,35219317622,46.0,2026-08-13T02:40:58Z,0.7666666666666667,0.733606557377051,0.7324639841033228
redshift,1483,2026-08-13T02:41:59Z,35279383138,44.0,2026-08-13T02:41:59Z,0.7333333333333333,0.7327868852459033,0.7321907600596091
redshift,1486,2026-08-13T02:42:57Z,35336374497,45.0,2026-08-13T02:42:57Z,0.75,0.7319672131147555,0.7327372081470416
redshift,1488,2026-08-13T02:43:59Z,35398071301,42.0,2026-08-13T02:43:59Z,0.7,0.7303278688524601,0.73281172379533
redshift,1491,2026-08-13T02:45:00Z,35459498981,48.0,2026-08-13T02:45:00Z,0.8,0.7286885245901646,0.7329110779930478
redshift,1494,2026-08-13T02:46:00Z,35518049319,45.0,2026-08-13T02:46:00Z,0.75,0.7292349726775968,0.733681073025335
redshift,1497,2026-08-13T02:46:57Z,35577014803,44.0,2026-08-13T02:46:57Z,0.7333333333333333,0.7314207650273234,0.734724292101341
redshift,1499,2026-08-13T02:47:58Z,35638045926,48.0,2026-08-13T02:47:58Z,0.8,0.7401639344262301,0.73628912071535
redshift,1502,2026-08-13T02:48:58Z,35699159223,46.0,2026-08-13T02:48:58Z,0.7666666666666667,0.7349726775956281,0.738077496274219
redshift,1505,2026-08-13T02:49:59Z,35757910096,46.0,2026-08-13T02:49:59Z,0.7666666666666667,0.7352459016393437,0.7408345752608057
redshift,1508,2026-08-13T02:50:59Z,35817859538,49.0,2026-08-13T02:50:59Z,0.8166666666666667,0.7420765027322392,0.7438152011922522
redshift,1510,2026-08-13T02:51:57Z,35879036612,43.0,2026-08-13T02:51:57Z,0.7166666666666667,0.7450819672131136,0.7466467958271271
redshift,1512,2026-08-13T02:52:57Z,35937264089,46.0,2026-08-13T02:52:57Z,0.7666666666666667,0.7499999999999991,0.7487580725285686
redshift,1514,2026-08-13T02:53:59Z,35996231429,47.0,2026-08-13T02:53:59Z,0.7833333333333333,0.7516393442622945,0.7498450261472508
redshift,1517,2026-08-13T02:54:59Z,36057996992,44.0,2026-08-13T02:54:59Z,0.7333333333333333,0.7606557377049177,0.7511970578337613
redshift,1520,2026-08-13T02:55:57Z,36119664150,46.0,2026-08-13T02:55:57Z,0.7666666666666667,0.7614754098360654,0.7523147925580506
redshift,1523,2026-08-13T02:57:00Z,36178685248,48.0,2026-08-13T02:57:00Z,0.8,0.7603825136612011,0.7534325272823449
redshift,1526,2026-08-13T02:57:57Z,36240304679,44.0,2026-08-13T02:57:57Z,0.7333333333333333,0.754644808743168,0.7542273608640616
redshift,1528,2026-08-13T02:58:58Z,36298771421,42.0,2026-08-13T02:58:58Z,0.7,0.7551912568306001,0.7545999391054931
redshift,1530,2026-08-13T02:59:27Z,36325388083,17.0,2026-08-13T02:59:27Z,0.2833333333333333,0.7467741935483864,0.7545999391054931
redshift,1533,2026-08-13T03:00:57Z,36417891352,43.0,2026-08-13T03:00:57Z,0.7166666666666667,0.7475409836065569,0.7542770379629204
redshift,1535,2026-08-13T03:02:01Z,36478951616,46.0,2026-08-13T03:02:01Z,0.7666666666666667,0.7543715846994524,0.7536063971283459
redshift,1538,2026-08-13T03:02:58Z,36538720500,46.0,2026-08-13T03:02:58Z,0.7666666666666667,0.7538251366120202,0.753035110491484
redshift,1540,2026-08-13T03:03:57Z,36596275518,42.0,2026-08-13T03:03:57Z,0.7,0.7540983606557368,0.7529109177443367
redshift,1542,2026-08-13T03:05:03Z,36657795501,50.0,2026-08-13T03:05:03Z,0.8333333333333334,0.7549180327868845,0.7531420765027292
redshift,1545,2026-08-13T03:05:59Z,36722224800,47.0,2026-08-13T03:05:59Z,0.7833333333333333,0.7538251366120212,0.7528812717337288
redshift,1548,2026-08-13T03:06:59Z,36779776558,47.0,2026-08-13T03:06:59Z,0.7833333333333333,0.7540983606557368,0.7532290114257307
redshift,1550,2026-08-13T03:07:57Z,36836111802,44.0,2026-08-13T03:07:57Z,0.7333333333333333,0.7540983606557368,0.752955787382012
redshift,1552,2026-08-13T03:08:57Z,36898448389,44.0,2026-08-13T03:08:57Z,0.7333333333333333,0.753278688524589,0.7526577247888688
redshift,1554,2026-08-13T03:09:59Z,36957750412,50.0,2026-08-13T03:09:59Z,0.8333333333333334,0.751366120218578,0.75238450074515
redshift,1557,2026-08-13T03:10:59Z,37016496307,44.0,2026-08-13T03:10:59Z,0.7333333333333333,0.7502732240437138,0.7519125683060058
redshift,1560,2026-08-13T03:11:58Z,37076871780,43.0,2026-08-13T03:11:58Z,0.7166666666666667,0.7513661202185771,0.7514903129657156
redshift,1562,2026-08-13T03:12:57Z,37136944824,42.0,2026-08-13T03:12:57Z,0.7,0.7513661202185771,0.7510680576254252
redshift,1565,2026-08-13T03:13:59Z,37198100738,45.0,2026-08-13T03:13:59Z,0.75,0.7505464480874293,0.7505216095379926
redshift,1567,2026-08-13T03:14:57Z,37259123767,45.0,2026-08-13T03:14:57Z,0.75,0.7510928961748614,0.7500496770988486
redshift,1569,2026-08-13T03:15:58Z,37318711815,45.0,2026-08-13T03:15:58Z,0.75,0.7497267759562816,0.7498012916045643
redshift,1572,2026-08-13T03:16:59Z,37377773403,48.0,2026-08-13T03:16:59Z,0.8,0.7491803278688495,0.7496025832091339
redshift,1575,2026-08-13T03:17:57Z,37439973830,46.0,2026-08-13T03:17:57Z,0.7666666666666667,0.7494535519125651,0.7494287133631329
redshift,1577,2026-08-13T03:18:42Z,37481437150,28.0,2026-08-13T03:18:42Z,0.4666666666666667,0.7480874316939852,0.7493541977148497
redshift,1579,2026-08-13T03:19:58Z,37554441368,46.0,2026-08-13T03:19:58Z,0.7666666666666667,0.7480874316939852,0.7493541977148497
redshift,1582,2026-08-13T03:21:13Z,37623619378,72.0,2026-08-13T03:21:13Z,1.2,0.7486338797814174,0.7494287133631381
redshift,1584,2026-08-13T03:22:07Z,37677629503,53.0,2026-08-13T03:22:07Z,0.8833333333333333,0.7480874316939862,0.749652260307998
redshift,1586,2026-08-13T03:23:10Z,37742086736,62.0,2026-08-13T03:23:10Z,1.0333333333333334,0.749453551912566,0.7497764530551453
redshift,1588,2026-08-13T03:24:03Z,37790627980,51.0,2026-08-13T03:24:03Z,0.85,0.7505464480874293,0.7499751614505757
redshift,1591,2026-08-13T03:25:12Z,37866950783,79.0,2026-08-13T03:25:12Z,1.3166666666666667,0.7505464480874293,0.7504470938897199
redshift,1593,2026-08-13T03:26:07Z,37922655545,46.0,2026-08-13T03:26:07Z,0.7666666666666667,0.7519125683060083,0.7515648286140142
redshift,1595,2026-08-13T03:27:08Z,37985957804,43.0,2026-08-13T03:27:08Z,0.7166666666666667,0.7521857923497248,0.7527819175360212
redshift,1597,2026-08-13T03:27:40Z,38018102512,20.0,2026-08-13T03:27:40Z,0.3333333333333333,0.7505464480874293,0.7532513661202245
redshift,1600,2026-08-13T03:29:11Z,38107660148,47.0,2026-08-13T03:29:11Z,0.7833333333333333,0.7516393442622926,0.7552906110283236
redshift,1603,2026-08-13T03:29:41Z,38138875679,14.0,2026-08-13T03:29:41Z,0.23333333333333334,0.7532786885245881,0.7564331843020423
redshift,1606,2026-08-13T03:31:09Z,38226922048,49.0,2026-08-13T03:31:09Z,0.8166666666666667,0.7603825136611992,0.7567256381904754
redshift,1608,2026-08-13T03:32:08Z,38286834458,42.0,2026-08-13T03:32:08Z,0.7,0.7620218579234947,0.7568498309376175
redshift,1610,2026-08-13T03:33:12Z,38350702967,45.0,2026-08-13T03:33:12Z,0.75,0.7622950819672113,0.7575894588401184
redshift,1613,2026-08-13T03:34:07Z,38405874524,44.0,2026-08-13T03:34:07Z,0.7333333333333333,0.7628415300546434,0.7573962790250448
redshift,1616,2026-08-13T03:35:08Z,38467188014,47.0,2026-08-13T03:35:08Z,0.7833333333333333,0.7631147540983589,0.7577191801676174
redshift,1619,2026-08-13T03:36:11Z,38529917706,42.0,2026-08-13T03:36:11Z,0.7,0.7537634408602144,0.7577688572664762
redshift,1622,2026-08-13T03:37:08Z,38587220229,46.0,2026-08-13T03:37:08Z,0.7666666666666667,0.753278688524589,0.7571975706296143
redshift,1624,2026-08-13T03:38:08Z,38646791884,42.0,2026-08-13T03:38:08Z,0.7,0.753278688524589,0.7565020912456103
redshift,1626,2026-08-13T03:39:08Z,38706003398,45.0,2026-08-13T03:39:08Z,0.75,0.7554644808743157,0.7559308046087484
redshift,1629,2026-08-13T03:40:08Z,38765080388,43.0,2026-08-13T03:40:08Z,0.7166666666666667,0.7551912568305992,0.755384356521316
redshift,1631,2026-08-13T03:41:07Z,38819432684,43.0,2026-08-13T03:41:07Z,0.7166666666666667,0.7538251366120202,0.7547633927856002
redshift,1633,2026-08-13T03:42:11Z,38890598899,50.0,2026-08-13T03:42:11Z,0.8333333333333334,0.7540983606557359,0.7548931942374524
redshift,1636,2026-08-13T03:43:07Z,38948791914,44.0,2026-08-13T03:43:07Z,0.7333333333333333,0.7543715846994524,0.7549180327868819
redshift,1638,2026-08-13T03:44:08Z,39006437641,42.0,2026-08-13T03:44:08Z,0.7,0.7560109289617478,0.7549428713363113
redshift,1640,2026-08-13T03:45:07Z,39066368300,44.0,2026-08-13T03:45:07Z,0.7333333333333333,0.7568306010928956,0.7551167411823123
redshift,1643,2026-08-13T03:46:07Z,39126737856,43.0,2026-08-13T03:46:07Z,0.7166666666666667,0.7562841530054635,0.7552409339294596
redshift,1645,2026-08-13T03:47:08Z,39186653253,43.0,2026-08-13T03:47:08Z,0.7166666666666667,0.7551912568306001,0.7547441629408861
redshift,1647,2026-08-13T03:48:11Z,39248836003,45.0,2026-08-13T03:48:11Z,0.75,0.7535519125683047,0.7539244908097399
redshift,1650,2026-08-13T03:49:07Z,39305840121,43.0,2026-08-13T03:49:07Z,0.7166666666666667,0.7535519125683047,0.7519630466484014
redshift,1652,2026-08-13T03:50:08Z,39366582788,46.0,2026-08-13T03:50:08Z,0.7666666666666667,0.7573770491803268,0.7496779001009589
redshift,1655,2026-08-13T03:51:11Z,39429492554,48.0,2026-08-13T03:51:11Z,0.8,0.756557377049179,0.7464240501257987
redshift,1657,2026-08-13T03:52:07Z,39487025591,47.0,2026-08-13T03:52:07Z,0.7833333333333333,0.7483606557377036,0.7431702001506334
redshift,1659,2026-08-13T03:53:08Z,39546716469,48.0,2026-08-13T03:53:08Z,0.8,0.7450819672131136,0.7402144127686163
redshift,1661,2026-08-13T03:54:11Z,39609709344,50.0,2026-08-13T03:54:11Z,0.8333333333333334,0.7327956989247303,0.7380037818694621
redshift,1664,2026-08-13T03:55:07Z,39666291584,47.0,2026-08-13T03:55:07Z,0.7833333333333333,0.7308743169398895,0.7349682707562176
redshift,1667,2026-08-13T03:56:09Z,39727257474,49.0,2026-08-13T03:56:09Z,0.8166666666666667,0.7210382513661187,0.7323105459673436
redshift,1670,2026-08-13T03:57:07Z,39784546807,47.0,2026-08-13T03:57:07Z,0.7833333333333333,0.7204918032786874,0.7288796211720565
redshift,1673,2026-08-13T03:58:07Z,39848439442,42.0,2026-08-13T03:58:07Z,0.7,0.7226775956284149,0.7262218963831825
redshift,1676,2026-08-13T03:59:11Z,39909076540,48.0,2026-08-13T03:59:11Z,0.8,0.7292349726775958,0.7238622341874517
redshift,1679,2026-08-13T04:00:09Z,39968715240,48.0,2026-08-13T04:00:09Z,0.8,0.7201612903225802,0.7226443440219131
redshift,1681,2026-08-13T04:01:07Z,40027673551,43.0,2026-08-13T04:01:07Z,0.7166666666666667,0.7281420765027317,0.7206739526411544
redshift,1685,2026-08-13T04:02:10Z,40088711527,49.0,2026-08-13T04:02:10Z,0.8166666666666667,0.7188172043010743,0.7206408345752493
redshift,1687,2026-08-13T04:03:09Z,40146559234,47.0,2026-08-13T04:03:09Z,0.7833333333333333,0.7191256830601085,0.7198956780923915
redshift,1690,2026-08-13T04:04:07Z,40205778605,48.0,2026-08-13T04:04:07Z,0.8,0.7191256830601085,0.7192747143566759
redshift,1693,2026-08-13T04:05:11Z,40270041160,43.0,2026-08-13T04:05:11Z,0.7166666666666667,0.719398907103824,0.7180576254346689
redshift,1696,2026-08-13T04:06:09Z,40326328838,44.0,2026-08-13T04:06:09Z,0.7333333333333333,0.7188524590163919,0.7178641251221827
redshift,1699,2026-08-13T04:06:36Z,40354610859,17.0,2026-08-13T04:06:36Z,0.2833333333333333,0.7110215053763429,0.7178641251221827
redshift,1704,2026-08-13T04:08:09Z,40449361580,47.0,2026-08-13T04:08:09Z,0.7833333333333333,0.712295081967212,0.7170973350640163
redshift,1706,2026-08-13T04:09:08Z,40514447864,52.0,2026-08-13T04:09:08Z,0.8666666666666667,0.7158469945355185,0.7165072192042007
redshift,1708,2026-08-13T04:10:09Z,40570505910,43.0,2026-08-13T04:10:09Z,0.7166666666666667,0.7158469945355185,0.7159359325673388
redshift,1710,2026-08-13T04:11:08Z,40626403132,45.0,2026-08-13T04:11:08Z,0.75,0.7180327868852461,0.715314968831623
redshift,1713,2026-08-13T04:12:08Z,40686616480,45.0,2026-08-13T04:12:08Z,0.75,0.7196721311475416,0.7152798343028394
redshift,1715,2026-08-13T04:13:07Z,40745672832,44.0,2026-08-13T04:13:07Z,0.7333333333333333,0.7188524590163947,0.7155052641699936
redshift,1717,2026-08-13T04:14:11Z,40810053592,48.0,2026-08-13T04:14:11Z,0.8,0.7126344086021515,0.7160268737079967
redshift,1720,2026-08-13T04:15:08Z,40864675842,48.0,2026-08-13T04:15:08Z,0.8,0.712841530054646,0.7162255821034271
redshift,1724,2026-08-13T04:16:11Z,40928693918,43.0,2026-08-13T04:16:11Z,0.7166666666666667,0.7125683060109295,0.7163249363011398
redshift,1726,2026-08-13T04:17:08Z,40986603326,41.0,2026-08-13T04:17:08Z,0.6833333333333333,0.7142076502732249,0.7154804256205641
redshift,1728,2026-08-13T04:18:08Z,41046449519,42.0,2026-08-13T04:18:08Z,0.7,0.7177595628415314,0.7144620450939876
redshift,1731,2026-08-13T04:19:11Z,41107863590,46.0,2026-08-13T04:19:11Z,0.7666666666666667,0.718032786885247,0.7129608819554628
redshift,1733,2026-08-13T04:20:07Z,41166817518,42.0,2026-08-13T04:20:07Z,0.7,0.718032786885247,0.7129905613512206
redshift,1735,2026-08-13T04:21:07Z,41225188190,43.0,2026-08-13T04:21:07Z,0.7166666666666667,0.7169398907103837,0.7115996025832125
redshift,1738,2026-08-13T04:22:07Z,41284962719,42.0,2026-08-13T04:22:07Z,0.7,0.7087431693989082,0.7100596125186278
redshift,1741,2026-08-13T04:23:07Z,41346237050,41.0,2026-08-13T04:23:07Z,0.6833333333333333,0.7084699453551917,0.7082712369597588
redshift,1744,2026-08-13T04:24:14Z,41412942466,47.0,2026-08-13T04:24:14Z,0.7833333333333333,0.7076502732240441,0.7061847988077468
redshift,1746,2026-08-13T04:24:37Z,41435474512,14.0,2026-08-13T04:24:37Z,0.23333333333333334,0.7076502732240441,0.7061847988077468
redshift,1750,2026-08-13T04:26:08Z,41528570071,43.0,2026-08-13T04:26:08Z,0.7166666666666667,0.6975409836065576,0.7014570613592251
redshift,1752,2026-08-13T04:27:07Z,41585822953,44.0,2026-08-13T04:27:07Z,0.7333333333333333,0.6956284153005465,0.6987993365703563
redshift,1755,2026-08-13T04:28:10Z,41647911896,51.0,2026-08-13T04:28:10Z,0.85,0.6945355191256822,0.6968867682643453
redshift,1757,2026-08-13T04:29:07Z,41705498608,44.0,2026-08-13T04:29:07Z,0.7333333333333333,0.6948087431693979,0.6950487156066174
redshift,1759,2026-08-13T04:30:08Z,41764403024,42.0,2026-08-13T04:30:08Z,0.7,0.6950819672131134,0.69182134673012
redshift,1761,2026-08-13T04:30:37Z,41795117687,15.0,2026-08-13T04:30:37Z,0.25,0.6889784946236546,0.69182134673012
redshift,1765,2026-08-13T04:32:08Z,41884172650,45.0,2026-08-13T04:32:08Z,0.75,0.6877049180327858,0.6905777767094502
redshift,1767,2026-08-13T04:32:38Z,41915297332,13.0,2026-08-13T04:32:38Z,0.21666666666666667,0.6877049180327858,0.6905777767094502
redshift,1770,2026-08-13T04:34:07Z,42003207257,45.0,2026-08-13T04:34:07Z,0.75,0.6882513661202179,0.6901459064468027
redshift,1773,2026-08-13T04:35:08Z,42066691697,45.0,2026-08-13T04:35:08Z,0.75,0.6879781420765023,0.6894255885133692
redshift,1775,2026-08-13T04:36:08Z,42127228293,45.0,2026-08-13T04:36:08Z,0.75,0.6877049180327867,0.6887599153886754
redshift,1777,2026-08-13T04:36:40Z,42159025316,14.0,2026-08-13T04:36:40Z,0.23333333333333334,0.6879781420765023,0.6886888450875662
redshift,1780,2026-08-13T04:38:08Z,42245633350,50.0,2026-08-13T04:38:08Z,0.8333333333333334,0.6956284153005455,0.68873852218642
redshift,1782,2026-08-13T04:39:16Z,42307380554,55.0,2026-08-13T04:39:16Z,0.9166666666666666,0.689784946236558,0.6888943974381428
redshift,1784,2026-08-13T04:40:08Z,42361811446,45.0,2026-08-13T04:40:08Z,0.75,0.686885245901638,0.6889528548306832
redshift,1787,2026-08-13T04:41:13Z,42431076778,51.0,2026-08-13T04:41:13Z,0.85,0.6879781420765023,0.6888286620835412
redshift,1789,2026-08-13T04:42:08Z,42488347509,49.0,2026-08-13T04:42:08Z,0.8166666666666667,0.6879781420765023,0.6888783391823949
redshift,1792,2026-08-13T04:43:11Z,42547360486,47.0,2026-08-13T04:43:11Z,0.7833333333333333,0.6882513661202179,0.6889528548306832
redshift,1795,2026-08-13T04:44:11Z,42606228805,50.0,2026-08-13T04:44:11Z,0.8333333333333334,0.6887978142076491,0.6884312452926803
redshift,1797,2026-08-13T04:44:41Z,42637316403,14.0,2026-08-13T04:44:41Z,0.23333333333333334,0.6895161290322571,0.6886211733944284
redshift,1800,2026-08-13T04:46:08Z,42725015698,43.0,2026-08-13T04:46:08Z,0.7166666666666667,0.6866120218579225,0.6891764351606943
redshift,1802,2026-08-13T04:47:08Z,42782365666,49.0,2026-08-13T04:47:08Z,0.8166666666666667,0.6882513661202179,0.6892853708956234
redshift,1804,2026-08-13T04:48:15Z,42848622139,56.0,2026-08-13T04:48:15Z,0.9333333333333333,0.6887978142076491,0.6897076262359136
redshift,1807,2026-08-13T04:49:10Z,42905687164,46.0,2026-08-13T04:49:10Z,0.7666666666666667,0.6898907103825134,0.6902292357739167
redshift,1809,2026-08-13T04:50:08Z,42968666842,43.0,2026-08-13T04:50:08Z,0.7166666666666667,0.690710382513662,0.6912939214994935
redshift,1811,2026-08-13T04:51:08Z,43025844813,42.0,2026-08-13T04:51:08Z,0.7,0.6918032786885253,0.6914555389965151
redshift,1813,2026-08-13T04:51:38Z,43056537496,18.0,2026-08-13T04:51:38Z,0.3,0.6915300546448107,0.6914555389965151
redshift,1816,2026-08-13T04:53:13Z,43150374251,46.0,2026-08-13T04:53:13Z,0.7666666666666667,0.692622950819674,0.6931942374565252
redshift,1819,2026-08-13T04:54:11Z,43209333356,45.0,2026-08-13T04:54:11Z,0.75,0.6939890710382529,0.6939145553899586
redshift,1822,2026-08-13T04:55:09Z,43269609918,46.0,2026-08-13T04:55:09Z,0.7666666666666667,0.6959016393442631,0.69451068057625
redshift,1825,2026-08-13T04:55:38Z,43298001965,14.0,2026-08-13T04:55:38Z,0.23333333333333334,0.6959016393442631,0.6946671979356344
redshift,1828,2026-08-13T04:57:11Z,43390543866,42.0,2026-08-13T04:57:11Z,0.7,0.6964480874316952,0.6967153916211146
redshift,1831,2026-08-13T04:58:08Z,43449321422,43.0,2026-08-13T04:58:08Z,0.7166666666666667,0.6975409836065576,0.6982261135949505
redshift,1833,2026-08-13T04:59:08Z,43506738201,43.0,2026-08-13T04:59:08Z,0.7166666666666667,0.6967213114754089,0.7001138433515322
redshift,1836,2026-08-13T05:00:11Z,43570642712,49.0,2026-08-13T05:00:11Z,0.8166666666666667,0.6964480874316933,0.7019270574598305
redshift,1838,2026-08-13T05:00:40Z,43599624850,19.0,2026-08-13T05:00:40Z,0.31666666666666665,0.6963888888888884,0.7036409173704111
redshift,1842,2026-08-13T05:02:08Z,43683107884,45.0,2026-08-13T05:02:08Z,0.75,0.7051912568306008,0.7054541314787095
redshift,1845,2026-08-13T05:03:12Z,43748355882,51.0,2026-08-13T05:03:12Z,0.85,0.7133333333333335,0.7080870177181541
redshift,1847,2026-08-13T05:04:08Z,43805753911,47.0,2026-08-13T05:04:08Z,0.7833333333333333,0.7133879781420772,0.7105460341115976
redshift,1850,2026-08-13T05:05:09Z,43866457496,47.0,2026-08-13T05:05:09Z,0.7833333333333333,0.7139344262295084,0.713116823977471
redshift,1852,2026-08-13T05:06:08Z,43925826498,42.0,2026-08-13T05:06:08Z,0.7,0.7147540983606552,0.7154019705249136
redshift,1854,2026-08-13T05:07:08Z,43985790791,45.0,2026-08-13T05:07:08Z,0.75,0.7158469945355195,0.7174937903626373
redshift,1856,2026-08-13T05:08:08Z,44047070177,45.0,2026-08-13T05:08:08Z,0.75,0.7254098360655747,0.7187853949329327
redshift,1859,2026-08-13T05:09:08Z,44109579990,53.0,2026-08-13T05:09:08Z,0.8833333333333333,0.724590163934427,0.7193616492796816
redshift,1861,2026-08-13T05:09:40Z,44139669517,14.0,2026-08-13T05:09:40Z,0.23333333333333334,0.7250000000000008,0.7197590660705425
redshift,1864,2026-08-13T05:11:08Z,44228602260,47.0,2026-08-13T05:11:08Z,0.7833333333333333,0.7215846994535526,0.7208768007948317
redshift,1867,2026-08-13T05:12:08Z,44287505281,45.0,2026-08-13T05:12:08Z,0.75,0.7193989071038259,0.7219696969696966
redshift,1869,2026-08-13T05:13:08Z,44346186856,46.0,2026-08-13T05:13:08Z,0.7666666666666667,0.7193989071038269,0.7229384003974194
redshift,1872,2026-08-13T05:14:09Z,44408292271,46.0,2026-08-13T05:14:09Z,0.7666666666666667,0.7196721311475416,0.7227893691008479
redshift,1874,2026-08-13T05:15:08Z,44466890552,44.0,2026-08-13T05:15:08Z,0.7333333333333333,0.7177595628415314,0.7226900149031301
redshift,1876,2026-08-13T05:16:08Z,44526223975,44.0,2026-08-13T05:16:08Z,0.7333333333333333,0.7262295081967224,0.7225782414307002
redshift,1879,2026-08-13T05:17:08Z,44585998791,49.0,2026-08-13T05:17:08Z,0.8166666666666667,0.7267759562841546,0.7229011425732726
redshift,1881,2026-08-13T05:18:09Z,44647618291,43.0,2026-08-13T05:18:09Z,0.7166666666666667,0.726502732240438,0.7241182314952798
redshift,1884,2026-08-13T05:19:08Z,44707850878,46.0,2026-08-13T05:19:08Z,0.7666666666666667,0.7237704918032792,0.7252608047690036
redshift,1887,2026-08-13T05:20:08Z,44766931216,49.0,2026-08-13T05:20:08Z,0.8166666666666667,0.7234972677595637,0.7271630236794238
redshift,1890,2026-08-13T05:21:08Z,44827748905,46.0,2026-08-13T05:21:08Z,0.7666666666666667,0.7237704918032801,0.7280178837555954
redshift,1893,2026-08-13T05:22:08Z,44886007912,42.0,2026-08-13T05:22:08Z,0.7,0.7251366120218591,0.7299304520616116
redshift,1895,2026-08-13T05:23:08Z,44947156207,46.0,2026-08-13T05:23:08Z,0.7666666666666667,0.7327868852459024,0.7318926974664763
redshift,1898,2026-08-13T05:24:10Z,45008954606,46.0,2026-08-13T05:24:10Z,0.7666666666666667,0.7319672131147555,0.7340288127173422
redshift,1901,2026-08-13T05:25:11Z,45069433634,52.0,2026-08-13T05:25:11Z,0.8666666666666667,0.7338797814207666,0.7364629905613562
redshift,1903,2026-08-13T05:25:37Z,45095586968,16.0,2026-08-13T05:25:37Z,0.26666666666666666,0.7338797814207666,0.7364629905613562
redshift,1906,2026-08-13T05:27:08Z,45187989059,45.0,2026-08-13T05:27:08Z,0.75,0.7472677595628422,0.7424089253187689
redshift,1908,2026-08-13T05:28:08Z,45246719316,48.0,2026-08-13T05:28:08Z,0.8,0.7483606557377055,0.7453150356019271
redshift,1911,2026-08-13T05:29:08Z,45307227520,48.0,2026-08-13T05:29:08Z,0.8,0.7500000000000019,0.747326958105656
redshift,1913,2026-08-13T05:30:08Z,45367574143,43.0,2026-08-13T05:30:08Z,0.7166666666666667,0.750546448087434,0.7486930783242294
redshift,1915,2026-08-13T05:31:11Z,45429267032,45.0,2026-08-13T05:31:11Z,0.75,0.7563888888888916,0.7514585610200356
redshift,1918,2026-08-13T05:32:08Z,45487348654,44.0,2026-08-13T05:32:08Z,0.7333333333333333,0.7562841530054671,0.7511272561682435
redshift,1920,2026-08-13T05:33:08Z,45548271034,45.0,2026-08-13T05:33:08Z,0.75,0.7571038251366139,0.7512762874648099
redshift,1922,2026-08-13T05:34:08Z,45607474666,43.0,2026-08-13T05:34:08Z,0.7166666666666667,0.7549180327868873,0.7514749958602455
redshift,1925,2026-08-13T05:35:09Z,45666683856,47.0,2026-08-13T05:35:09Z,0.7833333333333333,0.7469945355191265,0.7513508031131034
redshift,1928,2026-08-13T05:36:11Z,45730591345,48.0,2026-08-13T05:36:11Z,0.8,0.74672131147541,0.7519469282993896
redshift,1931,2026-08-13T05:37:10Z,45789415828,49.0,2026-08-13T05:37:10Z,0.8166666666666667,0.7478142076502734,0.7519870839543046
redshift,1934,2026-08-13T05:38:10Z,45850256399,49.0,2026-08-13T05:38:10Z,0.8166666666666667,0.7489071038251376,0.7521857923497298
redshift,1936,2026-08-13T05:39:08Z,45909497499,47.0,2026-08-13T05:39:08Z,0.7833333333333333,0.7505464480874331,0.7524093392945898
redshift,1939,2026-08-13T05:40:08Z,45967955398,45.0,2026-08-13T05:40:08Z,0.75,0.748633879781422,0.7527819175360161
redshift,1941,2026-08-13T05:41:08Z,46025535720,44.0,2026-08-13T05:41:08Z,0.7333333333333333,0.757103825136613,0.7538996522603156
redshift,1943,2026-08-13T05:42:11Z,46090236286,43.0,2026-08-13T05:42:11Z,0.7166666666666667,0.7568306010928965,0.7551167411823226
redshift,1946,2026-08-13T05:43:08Z,46146480757,49.0,2026-08-13T05:43:08Z,0.8166666666666667,0.758469945355192,0.7560854446100351
redshift,1949,2026-08-13T05:44:08Z,46208294260,48.0,2026-08-13T05:44:08Z,0.8,0.7595628415300562,0.7569547938400402
redshift,1952,2026-08-13T05:45:08Z,46267737068,43.0,2026-08-13T05:45:08Z,0.7166666666666667,0.759016393442625,0.7577993045206106
redshift,1955,2026-08-13T05:46:08Z,46325395235,45.0,2026-08-13T05:46:08Z,0.75,0.7592896174863406,0.7587431693988989
redshift,1957,2026-08-13T05:47:08Z,46387113227,45.0,2026-08-13T05:47:08Z,0.75,0.7601092896174874,0.7589170392448998
redshift,1960,2026-08-13T05:48:12Z,46450582702,48.0,2026-08-13T05:48:12Z,0.8,0.7584699453551929,0.7583938272198338
redshift,1962,2026-08-13T05:49:08Z,46506600629,46.0,2026-08-13T05:49:08Z,0.7666666666666667,0.7584699453551939,0.7576983478358298
redshift,1964,2026-08-13T05:50:08Z,46566761750,45.0,2026-08-13T05:50:08Z,0.75,0.7598360655737727,0.7568041600564005
redshift,1967,2026-08-13T05:51:08Z,46626868085,44.0,2026-08-13T05:51:08Z,0.7333333333333333,0.7590163934426241,0.7564642859050537
redshift,1970,2026-08-13T05:52:08Z,46686304132,47.0,2026-08-13T05:52:08Z,0.7833333333333333,0.7590163934426241,0.7561662233119002
redshift,1973,2026-08-13T05:53:09Z,46746198681,46.0,2026-08-13T05:53:09Z,0.7666666666666667,0.7510752688172052,0.7551494452723815
redshift,1975,2026-08-13T05:54:08Z,46806466835,43.0,2026-08-13T05:54:08Z,0.7166666666666667,0.7508196721311486,0.7542055803940932
redshift,1978,2026-08-13T05:55:10Z,46866903015,52.0,2026-08-13T05:55:10Z,0.8666666666666667,0.7497267759562862,0.753261715515805
redshift,1981,2026-08-13T05:56:08Z,46926353062,48.0,2026-08-13T05:56:08Z,0.8,0.7552777777777806,0.7514981785063707
redshift,1984,2026-08-13T05:57:08Z,46986244452,61.0,2026-08-13T05:57:08Z,1.0166666666666666,0.7560109289617506,0.7499085113429373
redshift,1986,2026-08-13T05:58:13Z,47051912774,46.0,2026-08-13T05:58:13Z,0.7666666666666667,0.7489247311827967,0.7482940056300694
redshift,1988,2026-08-13T05:59:09Z,47108906061,49.0,2026-08-13T05:59:09Z,0.8166666666666667,0.7480874316939908,0.7473269046894095
redshift,1991,2026-08-13T06:00:09Z,47170708271,45.0,2026-08-13T06:00:09Z,0.75,0.7480874316939908,0.7464190557077885
redshift,1993,2026-08-13T06:01:08Z,47227641098,44.0,2026-08-13T06:01:08Z,0.7333333333333333,0.7404371584699466,0.7455993835766321
redshift,1995,2026-08-13T06:02:08Z,47285912472,45.0,2026-08-13T06:02:08Z,0.75,0.7415300546448108,0.743505079883965
redshift,1998,2026-08-13T06:03:08Z,47346915995,48.0,2026-08-13T06:03:08Z,0.8,0.7412568306010953,0.7411950947871033
redshift,2000,2026-08-13T06:04:08Z,47407334034,43.0,2026-08-13T06:04:08Z,0.7166666666666667,0.7404371584699485,0.7386847988077431
redshift,2002,2026-08-13T06:04:40Z,47438058752,18.0,2026-08-13T06:04:40Z,0.3,0.740833333333336,0.7362009438648701
redshift,2005,2026-08-13T06:06:09Z,47528298696,46.0,2026-08-13T06:06:09Z,0.7666666666666667,0.7407103825136659,0.7331706408345698
redshift,2008,2026-08-13T06:07:12Z,47590870884,46.0,2026-08-13T06:07:12Z,0.7666666666666667,0.7322404371584749,0.7308109786388389
redshift,2011,2026-08-13T06:08:09Z,47648463601,49.0,2026-08-13T06:08:09Z,0.8166666666666667,0.7306010928961795,0.728327123695966
redshift,2014,2026-08-13T06:09:10Z,47709749346,51.0,2026-08-13T06:09:10Z,0.85,0.7213114754098398,0.7257439145553856
redshift,2016,2026-08-13T06:10:05Z,47766642959,46.0,2026-08-13T06:10:05Z,0.7666666666666667,0.7207650273224085,0.7231855439642293
redshift,2018,2026-08-13T06:11:09Z,47826767793,45.0,2026-08-13T06:11:09Z,0.75,0.7147540983606598,0.7205911574764059
redshift,2021,2026-08-13T06:12:11Z,47889942382,46.0,2026-08-13T06:12:11Z,0.7666666666666667,0.7144808743169443,0.7179831097863908
redshift,2024,2026-08-13T06:13:08Z,47948682984,51.0,2026-08-13T06:13:08Z,0.85,0.7142076502732286,0.7161947342275219
redshift,2027,2026-08-13T06:14:12Z,48011704805,50.0,2026-08-13T06:14:12Z,0.8333333333333334,0.7128415300546488,0.714530551415795
redshift,2029,2026-08-13T06:15:08Z,48068498553,44.0,2026-08-13T06:15:08Z,0.7333333333333333,0.7122950819672176,0.7137357178340732
redshift,2031,2026-08-13T06:16:08Z,48126436249,45.0,2026-08-13T06:16:08Z,0.75,0.7122950819672176,0.7129657228017859
redshift,2034,2026-08-13T06:17:11Z,48189607865,47.0,2026-08-13T06:17:11Z,0.7833333333333333,0.712021857923502,0.7126924987580672
redshift,2036,2026-08-13T06:18:08Z,48246569683,43.0,2026-08-13T06:18:08Z,0.7166666666666667,0.7125683060109332,0.7121584699453555
redshift,2038,2026-08-13T06:19:08Z,48306931247,43.0,2026-08-13T06:19:08Z,0.7166666666666667,0.7122950819672176,0.7119721808246389
redshift,2041,2026-08-13T06:20:10Z,48369428885,51.0,2026-08-13T06:20:10Z,0.85,0.7125683060109332,0.7118231495280621
redshift,2043,2026-08-13T06:21:08Z,48427931644,46.0,2026-08-13T06:21:08Z,0.7666666666666667,0.7122950819672176,0.711525086934919
redshift,2045,2026-08-13T06:22:09Z,48487456905,46.0,2026-08-13T06:22:09Z,0.7666666666666667,0.7117486338797864,0.7112518628912002
redshift,2047,2026-08-13T06:23:10Z,48547815161,46.0,2026-08-13T06:23:10Z,0.7666666666666667,0.7103825136612084,0.710655737704914
redshift,2050,2026-08-13T06:23:35Z,48573418173,12.0,2026-08-13T06:23:35Z,0.2,0.7103825136612084,0.7103053939714433
redshift,2053,2026-08-13T06:25:08Z,48669573015,42.0,2026-08-13T06:25:08Z,0.7,0.7112021857923571,0.7093296796628423
redshift,2055,2026-08-13T06:26:08Z,48727003317,43.0,2026-08-13T06:26:08Z,0.7166666666666667,0.7090163934426305,0.708609361729414
redshift,2057,2026-08-13T06:27:10Z,48788840654,48.0,2026-08-13T06:27:10Z,0.8,0.7092896174863479,0.7079883979936933
redshift,2060,2026-08-13T06:28:09Z,48847987916,48.0,2026-08-13T06:28:09Z,0.8,0.7054644808743258,0.7075413041039734
redshift,2063,2026-08-13T06:28:42Z,48880072891,16.0,2026-08-13T06:28:42Z,0.26666666666666666,0.7064516129032342,0.7071190487636883
redshift,2068,2026-08-13T06:30:08Z,48968120294,48.0,2026-08-13T06:30:08Z,0.8,0.7038251366120303,0.7074378101480182
redshift,2071,2026-08-13T06:30:42Z,49000619403,15.0,2026-08-13T06:30:42Z,0.25,0.7046448087431771,0.7079097425871623
redshift,2074,2026-08-13T06:32:09Z,49089927392,49.0,2026-08-13T06:32:09Z,0.8166666666666667,0.7054644808743239,0.7085058677734485
redshift,2077,2026-08-13T06:33:08Z,49147740547,43.0,2026-08-13T06:33:08Z,0.7166666666666667,0.7068306010929037,0.7091019929597451
redshift,2079,2026-08-13T06:34:08Z,49205673315,42.0,2026-08-13T06:34:08Z,0.7,0.7057377049180413,0.7099961807391847
redshift,2081,2026-08-13T06:35:13Z,49270198027,49.0,2026-08-13T06:35:13Z,0.8166666666666667,0.7138888888888971,0.7107012750455458
redshift,2084,2026-08-13T06:36:08Z,49326932509,42.0,2026-08-13T06:36:08Z,0.7,0.716393442622959,0.7115954628249752
redshift,2087,2026-08-13T06:36:41Z,49361300726,17.0,2026-08-13T06:36:41Z,0.2833333333333333,0.7155737704918123,0.711694817022693
redshift,2090,2026-08-13T06:38:08Z,49445942042,43.0,2026-08-13T06:38:08Z,0.7166666666666667,0.7158469945355278,0.711694817022693
redshift,2092,2026-08-13T06:38:41Z,49480091822,15.0,2026-08-13T06:38:41Z,0.25,0.7153005464480947,0.7113719158801256
redshift,2095,2026-08-13T06:40:08Z,49569537120,45.0,2026-08-13T06:40:08Z,0.75,0.7142076502732305,0.7109744990892647
redshift,2097,2026-08-13T06:40:44Z,49604282344,23.0,2026-08-13T06:40:44Z,0.38333333333333336,0.7136612021857993,0.709811227024354
redshift,2101,2026-08-13T06:42:08Z,49689494601,43.0,2026-08-13T06:42:08Z,0.7166666666666667,0.7057377049180394,0.7083954297069216
redshift,2103,2026-08-13T06:43:08Z,49746512369,42.0,2026-08-13T06:43:08Z,0.7,0.7054644808743239,0.7071038251366314
redshift,2106,2026-08-13T06:44:08Z,49806407068,44.0,2026-08-13T06:44:08Z,0.7333333333333333,0.7032786885245973,0.7057873820169065
redshift,2109,2026-08-13T06:45:10Z,49868657685,46.0,2026-08-13T06:45:10Z,0.7666666666666667,0.7013661202185862,0.7046448087431827
redshift,2111,2026-08-13T06:46:08Z,49929884375,43.0,2026-08-13T06:46:08Z,0.7166666666666667,0.7010928961748706,0.7027322404371716
redshift,2113,2026-08-13T06:47:08Z,49986744343,44.0,2026-08-13T06:47:08Z,0.7333333333333333,0.700819672131155,0.7008941877794438
redshift,2117,2026-08-13T06:48:11Z,50048771683,47.0,2026-08-13T06:48:11Z,0.7833333333333333,0.701366120218588,0.6998509687034378
redshift,2120,2026-08-13T06:49:11Z,50109936326,47.0,2026-08-13T06:49:11Z,0.7833333333333333,0.701366120218588,0.6996067229673909
redshift,2122,2026-08-13T06:50:09Z,50168006950,47.0,2026-08-13T06:50:09Z,0.7833333333333333,0.7027322404371661,0.6995570458685321
redshift,2125,2026-08-13T06:51:08Z,50228309587,44.0,2026-08-13T06:51:08Z,0.7333333333333333,0.6931693989071108,0.6991099519788122
redshift,2127,2026-08-13T06:52:08Z,50286428463,42.0,2026-08-13T06:52:08Z,0.7,0.6934426229508264,0.6987870508362448
redshift,2129,2026-08-13T06:53:10Z,50349130833,42.0,2026-08-13T06:53:10Z,0.7,0.694262295081975,0.6984393111442428
redshift,2133,2026-08-13T06:54:11Z,50410487092,49.0,2026-08-13T06:54:11Z,0.8166666666666667,0.7027777777777847,0.6972470607716601
redshift,2135,2026-08-13T06:55:08Z,50468905721,43.0,2026-08-13T06:55:08Z,0.7166666666666667,0.7027322404371661,0.6967502897830813
redshift,2137,2026-08-13T06:56:08Z,50527372237,44.0,2026-08-13T06:56:08Z,0.7333333333333333,0.6964480874317017,0.6960548103990774
redshift,2140,2026-08-13T06:57:08Z,50587143475,49.0,2026-08-13T06:57:08Z,0.8166666666666667,0.6975409836065641,0.6969986752773655
redshift,2143,2026-08-13T06:58:08Z,50645899320,47.0,2026-08-13T06:58:08Z,0.7833333333333333,0.6969945355191329,0.6981909256499482
redshift,2146,2026-08-13T06:59:08Z,50706233123,46.0,2026-08-13T06:59:08Z,0.7666666666666667,0.6882513661202263,0.6993334989236618
redshift,2148,2026-08-13T07:00:09Z,50767856135,43.0,2026-08-13T07:00:09Z,0.7166666666666667,0.6959016393442705,0.6999503229011452
redshift,2151,2026-08-13T07:01:11Z,50828158287,48.0,2026-08-13T07:01:11Z,0.8,0.6950819672131237,0.7007203179334325
redshift,2153,2026-08-13T07:02:16Z,50893816143,47.0,2026-08-13T07:02:16Z,0.7833333333333333,0.7035519125683147,0.7021857923497237
redshift,2155,2026-08-13T07:03:08Z,50944388170,50.0,2026-08-13T07:03:08Z,0.8333333333333334,0.7065573770491882,0.70429706905116
redshift,2157,2026-08-13T07:04:13Z,51011405418,44.0,2026-08-13T07:04:13Z,0.7333333333333333,0.7068306010929037,0.7065325384997384
redshift,2160,2026-08-13T07:05:13Z,51071258660,48.0,2026-08-13T07:05:13Z,0.8,0.7095628415300615,0.7103328365623363
redshift,2163,2026-08-13T07:06:10Z,51127130512,52.0,2026-08-13T07:06:10Z,0.8666666666666667,0.7112021857923552,0.7134376552409301
redshift,2165,2026-08-13T07:07:09Z,51186304605,43.0,2026-08-13T07:07:09Z,0.7166666666666667,0.7125683060109332,0.7163934426229471
redshift,2167,2026-08-13T07:08:09Z,51246842334,47.0,2026-08-13T07:08:09Z,0.7833333333333333,0.7207650273224085,0.7186040735221013
redshift,2170,2026-08-13T07:09:11Z,51312759147,47.0,2026-08-13T07:09:11Z,0.7833333333333333,0.7215846994535554,0.7206159960258302
redshift,2172,2026-08-13T07:10:08Z,51365298588,47.0,2026-08-13T07:10:08Z,0.7833333333333333,0.7300546448087464,0.7225782414307002
redshift,2174,2026-08-13T07:11:08Z,51426588718,44.0,2026-08-13T07:11:08Z,0.7333333333333333,0.7300546448087464,0.7243169398907102
redshift,2176,2026-08-13T07:11:44Z,51461782856,16.0,2026-08-13T07:11:44Z,0.26666666666666666,0.7275956284153041,0.7260556383507203
redshift,2179,2026-08-13T07:13:09Z,51548515986,45.0,2026-08-13T07:13:09Z,0.75,0.7278688524590198,0.7270740188773019
redshift,2181,2026-08-13T07:14:08Z,51605916007,43.0,2026-08-13T07:14:08Z,0.7166666666666667,0.7286885245901665,0.727247888723303
redshift,2184,2026-08-13T07:15:10Z,51668625390,43.0,2026-08-13T07:15:10Z,0.7166666666666667,0.728415300546451,0.7272975658221619
redshift,2186,2026-08-13T07:16:08Z,51725954436,43.0,2026-08-13T07:16:08Z,0.7166666666666667,0.7286885245901665,0.7264845173041915
redshift,2188,2026-08-13T07:17:08Z,51786174695,44.0,2026-08-13T07:17:08Z,0.7333333333333333,0.730327868852462,0.7251929127338909
redshift,2191,2026-08-13T07:18:08Z,51846365007,49.0,2026-08-13T07:18:08Z,0.8166666666666667,0.723770491803282,0.7243235635038858
redshift,2194,2026-08-13T07:19:10Z,51907327268,43.0,2026-08-13T07:19:10Z,0.7166666666666667,0.7226775956284196,0.7235038913727397
redshift,2196,2026-08-13T07:20:10Z,51966941231,48.0,2026-08-13T07:20:10Z,0.8,0.7221311475409885,0.7220700516089759
redshift,2199,2026-08-13T07:20:41Z,51999107400,16.0,2026-08-13T07:20:41Z,0.26666666666666666,0.7211111111111166,0.72149321079648
redshift,2202,2026-08-13T07:22:08Z,52086434573,47.0,2026-08-13T07:22:08Z,0.7833333333333333,0.7158469945355241,0.7205990230170404
redshift,2206,2026-08-13T07:23:11Z,52149673862,49.0,2026-08-13T07:23:11Z,0.8166666666666667,0.7180327868852507,0.7191321341833543
redshift,2208,2026-08-13T07:24:09Z,52207647159,47.0,2026-08-13T07:24:09Z,0.7833333333333333,0.7188524590163975,0.7187104653088144
redshift,2210,2026-08-13T07:25:09Z,52267329841,42.0,2026-08-13T07:25:09Z,0.7,0.7174863387978176,0.7183130485179535
redshift,2212,2026-08-13T07:25:39Z,52296115509,19.0,2026-08-13T07:25:39Z,0.31666666666666665,0.717500000000003,0.7183130485179535
redshift,2215,2026-08-13T07:27:08Z,52386996865,47.0,2026-08-13T07:27:08Z,0.7833333333333333,0.7188524590163975,0.7177599768173402
redshift,2217,2026-08-13T07:28:09Z,52447837237,46.0,2026-08-13T07:28:09Z,0.7666666666666667,0.7172131147541021,0.7179586852127758
redshift,2219,2026-08-13T07:28:40Z,52478521778,16.0,2026-08-13T07:28:40Z,0.26666666666666666,0.7161111111111154,0.7178282483302875
redshift,2222,2026-08-13T07:30:10Z,52569377624,44.0,2026-08-13T07:30:10Z,0.7333333333333333,0.7183060109289664,0.7176109455207738
redshift,2224,2026-08-13T07:31:12Z,52631085608,45.0,2026-08-13T07:31:12Z,0.75,0.7188524590163975,0.7174581056466195
redshift,2226,2026-08-13T07:32:09Z,52686917437,46.0,2026-08-13T07:32:09Z,0.7666666666666667,0.7183060109289664,0.7172619639013026
redshift,2229,2026-08-13T07:33:10Z,52752076185,60.0,2026-08-13T07:33:10Z,1.0,0.7180327868852507,0.7170135784070184
redshift,2231,2026-08-13T07:34:07Z,52820250713,44.0,2026-08-13T07:34:07Z,0.7333333333333333,0.7163934426229553,0.7168148700115828
redshift,2233,2026-08-13T07:35:33Z,52899300166,52.0,2026-08-13T07:35:33Z,0.8666666666666667,0.7166666666666709,0.7166418281172313
redshift,2236,2026-08-13T07:36:33Z,52953993781,55.0,2026-08-13T07:36:33Z,0.9166666666666666,0.7158469945355241,0.7161885245901564
redshift,2237,2026-08-13T07:37:32Z,53009606091,47.0,2026-08-13T07:37:32Z,0.7833333333333333,0.7153005464480929,0.7159463487332274
redshift,2240,2026-08-13T07:38:29Z,53067071055,47.0,2026-08-13T07:38:29Z,0.7833333333333333,0.7161202185792397,0.7157228017883778
redshift,2242,2026-08-13T07:39:28Z,53126766460,46.0,2026-08-13T07:39:28Z,0.7666666666666667,0.7150273224043773,0.7154495777446589
redshift,2244,2026-08-13T07:40:32Z,53190071787,46.0,2026-08-13T07:40:32Z,0.7666666666666667,0.7142076502732305,0.7154495777446589
redshift,2247,2026-08-13T07:41:28Z,53246955304,45.0,2026-08-13T07:41:28Z,0.75,0.7144808743169461,0.7154495777446589
redshift,2249,2026-08-13T07:42:02Z,53281835343,14.0,2026-08-13T07:42:02Z,0.23333333333333334,0.7150273224043773,0.7154495777446589
redshift,2252,2026-08-13T07:43:37Z,53374405061,44.0,2026-08-13T07:43:37Z,0.7333333333333333,0.7158469945355259,0.7156731246895188
redshift,2255,2026-08-13T07:44:30Z,53429598965,45.0,2026-08-13T07:44:30Z,0.75,0.7150273224043792,0.7155986090412356
redshift,2257,2026-08-13T07:45:28Z,53487926424,43.0,2026-08-13T07:45:28Z,0.7166666666666667,0.7163934426229571,0.7156731246895188
redshift,2259,2026-08-13T07:46:29Z,53547788180,47.0,2026-08-13T07:46:29Z,0.7833333333333333,0.7166666666666728,0.7164522271899304
redshift,2262,2026-08-13T07:47:37Z,53620182492,49.0,2026-08-13T07:47:37Z,0.8166666666666667,0.7166666666666728,0.7166220400728662
redshift,2264,2026-08-13T07:47:59Z,53643726186,20.0,2026-08-13T07:47:59Z,0.3333333333333333,0.7169398907103883,0.7165019042887996
redshift,2268,2026-08-13T07:49:29Z,53728192598,43.0,2026-08-13T07:49:29Z,0.7166666666666667,0.7153005464480929,0.7163280344427986
redshift,2270,2026-08-13T07:50:29Z,53788084350,45.0,2026-08-13T07:50:29Z,0.75,0.7158469945355241,0.7163528729922333
redshift,2272,2026-08-13T07:51:28Z,53846862516,47.0,2026-08-13T07:51:28Z,0.7833333333333333,0.7227777777777836,0.7169080145719652
redshift,2275,2026-08-13T07:52:06Z,53884440295,21.0,2026-08-13T07:52:06Z,0.35,0.7147540983606617,0.7174793012088272
redshift,2278,2026-08-13T07:53:29Z,53966407266,50.0,2026-08-13T07:53:29Z,0.8333333333333334,0.7153005464480947,0.7180257492962544
redshift,2281,2026-08-13T07:54:29Z,54027191320,45.0,2026-08-13T07:54:29Z,0.75,0.7139344262295149,0.7193392945852111
redshift,2283,2026-08-13T07:55:29Z,54086556302,44.0,2026-08-13T07:55:29Z,0.7333333333333333,0.7153005464480947,0.7208544461003612
redshift,2286,2026-08-13T07:56:30Z,54148208749,42.0,2026-08-13T07:56:30Z,0.7,0.722500000000006,0.7223695976155217
redshift,2289,2026-08-13T07:57:29Z,54208095748,50.0,2026-08-13T07:57:29Z,0.8333333333333334,0.7229508196721371,0.7232546779268371
redshift,2291,2026-08-13T07:58:29Z,54267807287,43.0,2026-08-13T07:58:29Z,0.7166666666666667,0.7226775956284215,0.7248443450902703
redshift,2294,2026-08-13T07:59:30Z,54328842296,47.0,2026-08-13T07:59:30Z,0.7833333333333333,0.7313888888888963,0.7260117569134185
redshift,2297,2026-08-13T08:00:30Z,54389180249,50.0,2026-08-13T08:00:30Z,0.8333333333333334,0.7319672131147612,0.7266575591985636
redshift,2299,2026-08-13T08:01:29Z,54449510252,45.0,2026-08-13T08:01:29Z,0.75,0.7325136612021924,0.7271046530882731
redshift,2301,2026-08-13T08:02:29Z,54509246392,46.0,2026-08-13T08:02:29Z,0.7666666666666667,0.7325136612021924,0.7266240271568346
redshift,2304,2026-08-13T08:03:30Z,54568767445,46.0,2026-08-13T08:03:30Z,0.7666666666666667,0.7322404371584768,0.726027901970538
redshift,2306,2026-08-13T08:04:29Z,54626869276,44.0,2026-08-13T08:04:29Z,0.7333333333333333,0.7281420765027391,0.7254069382348276
redshift,2308,2026-08-13T08:05:29Z,54687286378,45.0,2026-08-13T08:05:29Z,0.75,0.7210382513661261,0.7232240437158659
redshift,2311,2026-08-13T08:06:28Z,54745671195,45.0,2026-08-13T08:06:28Z,0.75,0.7202185792349792,0.7209388971684182
redshift,2315,2026-08-13T08:07:30Z,54807758090,50.0,2026-08-13T08:07:30Z,0.8333333333333334,0.7172131147541058,0.7185295578738284
redshift,2317,2026-08-13T08:08:28Z,54867994947,46.0,2026-08-13T08:08:28Z,0.7666666666666667,0.716393442622959,0.7169647292598195
redshift,2319,2026-08-13T08:09:30Z,54930794675,43.0,2026-08-13T08:09:30Z,0.7166666666666667,0.7158469945355278,0.7153750620963861
redshift,2321,2026-08-13T08:10:29Z,54988618407,44.0,2026-08-13T08:10:29Z,0.7333333333333333,0.7073770491803368,0.7141331346249444
redshift,2324,2026-08-13T08:11:29Z,55048128020,48.0,2026-08-13T08:11:29Z,0.8,0.7068306010929056,0.7136115250869414
redshift,2326,2026-08-13T08:12:29Z,55108497079,46.0,2026-08-13T08:12:29Z,0.7666666666666667,0.7060109289617589,0.7130899155489384
redshift,2328,2026-08-13T08:13:01Z,55140581716,19.0,2026-08-13T08:13:01Z,0.31666666666666665,0.7153005464480966,0.7128166915052195
redshift,2331,2026-08-13T08:14:29Z,55227990079,42.0,2026-08-13T08:14:29Z,0.7,0.7147540983606654,0.7132637853949394
redshift,2333,2026-08-13T08:15:30Z,55291007544,48.0,2026-08-13T08:15:30Z,0.8,0.7144808743169498,0.7138102334823667
redshift,2336,2026-08-13T08:16:29Z,55349510392,44.0,2026-08-13T08:16:29Z,0.7333333333333333,0.7153005464480966,0.7151515151515159
redshift,2338,2026-08-13T08:17:28Z,55406965347,43.0,2026-08-13T08:17:28Z,0.7166666666666667,0.7144808743169498,0.7164431197218164
redshift,2341,2026-08-13T08:18:29Z,55467429596,45.0,2026-08-13T08:18:29Z,0.75,0.7142076502732324,0.7184798807749696
redshift,2343,2026-08-13T08:19:28Z,55526421252,43.0,2026-08-13T08:19:28Z,0.7166666666666667,0.7213114754098435,0.7196472925981177
redshift,2346,2026-08-13T08:20:29Z,55588146926,45.0,2026-08-13T08:20:29Z,0.75,0.7218579234972747,0.7208643815201247
redshift,2348,2026-08-13T08:21:29Z,55647906262,46.0,2026-08-13T08:21:29Z,0.7666666666666667,0.7221311475409903,0.7220814704421318
redshift,2351,2026-08-13T08:22:02Z,55680438610,14.0,2026-08-13T08:22:02Z,0.23333333333333334,0.7210382513661279,0.7232737208147042
redshift,2354,2026-08-13T08:23:30Z,55767124428,49.0,2026-08-13T08:23:30Z,0.8166666666666667,0.7284153005464546,0.7243914555390037
redshift,2356,2026-08-13T08:24:29Z,55827002176,44.0,2026-08-13T08:24:29Z,0.7333333333333333,0.7281420765027391,0.7255837059115762
redshift,2359,2026-08-13T08:25:29Z,55888035093,52.0,2026-08-13T08:25:29Z,0.8666666666666667,0.7281420765027391,0.7261798310978623
redshift,2362,2026-08-13T08:26:28Z,55946003637,44.0,2026-08-13T08:26:28Z,0.7333333333333333,0.7278688524590234,0.7259562841530024
redshift,2365,2026-08-13T08:27:32Z,56010454558,45.0,2026-08-13T08:27:32Z,0.75,0.7284153005464546,0.725633383010435
redshift,2368,2026-08-13T08:28:29Z,56068057463,46.0,2026-08-13T08:28:29Z,0.7666666666666667,0.7267759562841593,0.7246250180279813
redshift,2371,2026-08-13T08:29:32Z,56130578059,50.0,2026-08-13T08:29:32Z,0.8333333333333334,0.7273224043715905,0.7218671044127234
redshift,2374,2026-08-13T08:30:29Z,56188141397,46.0,2026-08-13T08:30:29Z,0.7666666666666667,0.7278688524590234,0.721296652404538
redshift,2377,2026-08-13T08:31:28Z,56246215984,46.0,2026-08-13T08:31:28Z,0.7666666666666667,0.7193989071038325,0.7193095684502437
redshift,2380,2026-08-13T08:32:29Z,56307234918,45.0,2026-08-13T08:32:29Z,0.75,0.7185792349726857,0.7173224844959495
redshift,2382,2026-08-13T08:33:29Z,56368436831,45.0,2026-08-13T08:33:29Z,0.75,0.7099462365591487,0.7151366921462299
redshift,2384,2026-08-13T08:34:32Z,56430465994,45.0,2026-08-13T08:34:32Z,0.75,0.7090163934426322,0.7124825729532425
redshift,2387,2026-08-13T08:35:02Z,56459921970,18.0,2026-08-13T08:35:02Z,0.3,0.7109289617486433,0.7112146718373727
redshift,2390,2026-08-13T08:36:32Z,56550563925,49.0,2026-08-13T08:36:32Z,0.8166666666666667,0.7062841530054744,0.7070180920789281
redshift,2392,2026-08-13T08:37:29Z,56606677708,44.0,2026-08-13T08:37:29Z,0.7333333333333333,0.7060109289617589,0.7049564924763506
redshift,2394,2026-08-13T08:38:29Z,56666590075,44.0,2026-08-13T08:38:29Z,0.7333333333333333,0.7043715846994634,0.7029445699726218
redshift,2397,2026-08-13T08:39:33Z,56730060081,45.0,2026-08-13T08:39:33Z,0.75,0.6975806451613014,0.7025122990882086
redshift,2399,2026-08-13T08:40:04Z,56760767080,15.0,2026-08-13T08:40:04Z,0.25,0.6972677595628523,0.7022887521433486
redshift,2402,2026-08-13T08:41:29Z,56846158622,44.0,2026-08-13T08:41:29Z,0.7333333333333333,0.6978142076502835,0.7017671426053457
redshift,2404,2026-08-13T08:42:29Z,56906166436,42.0,2026-08-13T08:42:29Z,0.7,0.696721311475421,0.7017174655064867
redshift,2407,2026-08-13T08:43:29Z,56967010545,48.0,2026-08-13T08:43:29Z,0.8,0.6964480874317054,0.7016926269570625
redshift,2409,2026-08-13T08:44:29Z,57027505727,42.0,2026-08-13T08:44:29Z,0.7,0.705191256830612,0.7017671426053457
redshift,2411,2026-08-13T08:45:29Z,57087199569,44.0,2026-08-13T08:45:29Z,0.7333333333333333,0.70655737704919,0.7026080476900295
redshift,2413,2026-08-13T08:46:32Z,57150526681,46.0,2026-08-13T08:46:32Z,0.7666666666666667,0.705191256830612,0.7034773969200345
redshift,2416,2026-08-13T08:47:29Z,57206306865,44.0,2026-08-13T08:47:29Z,0.7333333333333333,0.7057377049180432,0.7043219076006153
redshift,2419,2026-08-13T08:48:29Z,57265773317,48.0,2026-08-13T08:48:29Z,0.8,0.7057377049180432,0.7061102831594739
redshift,2421,2026-08-13T08:49:35Z,57333908946,46.0,2026-08-13T08:49:35Z,0.7666666666666667,0.705191256830612,0.7077993045206251
redshift,2423,2026-08-13T08:50:32Z,57391139027,45.0,2026-08-13T08:50:32Z,0.75,0.7068306010929075,0.708718330849489
redshift,2426,2026-08-13T08:51:29Z,57447522195,46.0,2026-08-13T08:51:29Z,0.7666666666666667,0.7068306010929075,0.7093889716840688
redshift,2428,2026-08-13T08:52:29Z,57509389831,43.0,2026-08-13T08:52:29Z,0.7166666666666667,0.7071038251366231,0.7101589667163559
redshift,2430,2026-08-13T08:53:33Z,57572259302,48.0,2026-08-13T08:53:33Z,0.8,0.7163934426229609,0.7108792846497842
redshift,2433,2026-08-13T08:54:30Z,57628418872,49.0,2026-08-13T08:54:30Z,0.8166666666666667,0.715027322404381,0.7108544461003496
redshift,2435,2026-08-13T08:55:29Z,57688585199,45.0,2026-08-13T08:55:29Z,0.75,0.7153005464480966,0.7107550919026319
redshift,2437,2026-08-13T08:56:29Z,57748329345,43.0,2026-08-13T08:56:29Z,0.7166666666666667,0.7139344262295167,0.7104321907600645
redshift,2439,2026-08-13T08:57:30Z,57808750473,44.0,2026-08-13T08:57:30Z,0.7333333333333333,0.7136612021858012,0.7102583209140634
redshift,2442,2026-08-13T08:58:29Z,57867065170,44.0,2026-08-13T08:58:29Z,0.7333333333333333,0.7136612021858012,0.709984429167406
redshift,2444,2026-08-13T08:59:29Z,57927098503,45.0,2026-08-13T08:59:29Z,0.75,0.7054644808743258,0.7094017915805414
redshift,2447,2026-08-13T09:00:30Z,57988059538,49.0,2026-08-13T09:00:30Z,0.8166666666666667,0.7040983606557459,0.7089298591413974
redshift,2449,2026-08-13T09:01:04Z,58021948349,19.0,2026-08-13T09:01:04Z,0.31666666666666665,0.7032786885245991,0.7092775988333994
redshift,2452,2026-08-13T09:02:29Z,58109235034,42.0,2026-08-13T09:02:29Z,0.7,0.7049180327868946,0.7096253385254013
redshift,2455,2026-08-13T09:03:30Z,58169613242,42.0,2026-08-13T09:03:30Z,0.7,0.7060109289617589,0.7100475938656866
redshift,2457,2026-08-13T09:03:59Z,58197743315,15.0,2026-08-13T09:03:59Z,0.25,0.7080645161290429,0.710781332628244
redshift,2461,2026-08-13T09:05:29Z,58287468662,51.0,2026-08-13T09:05:29Z,0.85,0.709836065573781,0.7117822861080495
redshift,2463,2026-08-13T09:06:13Z,58331939926,28.0,2026-08-13T09:06:13Z,0.4666666666666667,0.7191256830601206,0.7138438857106373
redshift,2466,2026-08-13T09:07:29Z,58408835631,44.0,2026-08-13T09:07:29Z,0.7333333333333333,0.7177595628415407,0.7159800009615083
redshift,2468,2026-08-13T09:08:29Z,58468921273,44.0,2026-08-13T09:08:29Z,0.7333333333333333,0.718306010928972,0.7180664391135203
redshift,2470,2026-08-13T09:09:29Z,58528344710,44.0,2026-08-13T09:09:29Z,0.7333333333333333,0.7188524590164032,0.7199790074195314
redshift,2472,2026-08-13T09:10:02Z,58561413604,19.0,2026-08-13T09:10:02Z,0.31666666666666665,0.719354838709687,0.7218042401807762
redshift,2475,2026-08-13T09:11:31Z,58650617926,46.0,2026-08-13T09:11:31Z,0.7666666666666667,0.7267759562841629,0.7234435844430684
redshift,2477,2026-08-13T09:12:29Z,58707791305,44.0,2026-08-13T09:12:29Z,0.7333333333333333,0.7267759562841629,0.7241639023764967
redshift,2479,2026-08-13T09:13:29Z,58767065504,45.0,2026-08-13T09:13:29Z,0.75,0.7278688524590253,0.7250332516065018
redshift,2482,2026-08-13T09:14:31Z,58829196022,51.0,2026-08-13T09:14:31Z,0.85,0.7270491803278786,0.7258280851882236
redshift,2484,2026-08-13T09:15:29Z,58888855067,47.0,2026-08-13T09:15:29Z,0.7833333333333333,0.728142076502741,0.7265484031216622
redshift,2486,2026-08-13T09:16:29Z,58951320578,43.0,2026-08-13T09:16:29Z,0.7166666666666667,0.7278688524590253,0.7266950306876445
redshift,2489,2026-08-13T09:17:30Z,59010039753,46.0,2026-08-13T09:17:30Z,0.7666666666666667,0.7270491803278786,0.7260989055013479
redshift,2491,2026-08-13T09:18:29Z,59068080842,43.0,2026-08-13T09:18:29Z,0.7166666666666667,0.7273224043715941,0.7256518116116282
redshift,2493,2026-08-13T09:19:29Z,59128553719,43.0,2026-08-13T09:19:29Z,0.7166666666666667,0.7270491803278786,0.7252543948207776
redshift,2496,2026-08-13T09:20:29Z,59187475557,49.0,2026-08-13T09:20:29Z,0.8166666666666667,0.7267759562841629,0.7248321394804923
redshift,2499,2026-08-13T09:21:32Z,59250447230,45.0,2026-08-13T09:21:32Z,0.75,0.7209677419354937,0.7242856913930548
redshift,2501,2026-08-13T09:22:32Z,59310718787,47.0,2026-08-13T09:22:32Z,0.7833333333333333,0.720218579234983,0.7232176337676244
redshift,2504,2026-08-13T09:23:29Z,59367707467,48.0,2026-08-13T09:23:29Z,0.8,0.7218579234972784,0.7223234459881951
redshift,2506,2026-08-13T09:24:29Z,59427555363,44.0,2026-08-13T09:24:29Z,0.7333333333333333,0.7234972677595739,0.7214044196593311
redshift,2508,2026-08-13T09:25:31Z,59489093003,45.0,2026-08-13T09:25:31Z,0.75,0.7224043715847096,0.7204853933304672
redshift,2511,2026-08-13T09:26:29Z,59547614715,47.0,2026-08-13T09:26:29Z,0.7833333333333333,0.7221311475409941,0.7187715334198814
redshift,2514,2026-08-13T09:27:29Z,59608086466,43.0,2026-08-13T09:27:29Z,0.7166666666666667,0.7161202185792452,0.7182811723795443
redshift,2516,2026-08-13T09:28:29Z,59667430220,45.0,2026-08-13T09:28:29Z,0.75,0.7172131147541077,0.7179334326875423
redshift,2518,2026-08-13T09:29:00Z,59698061588,16.0,2026-08-13T09:29:00Z,0.26666666666666666,0.7172131147541077,0.7175360158966814
redshift,2521,2026-08-13T09:30:32Z,59793246218,45.0,2026-08-13T09:30:32Z,0.75,0.7169398907103921,0.7177844013909656
redshift,2523,2026-08-13T09:31:29Z,59851705987,43.0,2026-08-13T09:31:29Z,0.7166666666666667,0.707923497267768,0.7179831097863908
redshift,2526,2026-08-13T09:32:29Z,59909661923,52.0,2026-08-13T09:32:29Z,0.8666666666666667,0.7155737704918104,0.7186289120715359
redshift,2529,2026-08-13T09:33:32Z,59971105118,49.0,2026-08-13T09:33:32Z,0.8166666666666667,0.7163934426229571,0.7198956780924018
redshift,2532,2026-08-13T09:34:29Z,60030423019,50.0,2026-08-13T09:34:29Z,0.8333333333333334,0.7174863387978195,0.7212617983109753
redshift,2535,2026-08-13T09:35:33Z,60094588866,54.0,2026-08-13T09:35:33Z,0.9,0.7262295081967262,0.7226775956284076
redshift,2537,2026-08-13T09:36:30Z,60150765716,52.0,2026-08-13T09:36:30Z,0.8666666666666667,0.7245901639344307,0.7248385494287028
redshift,2539,2026-08-13T09:37:33Z,60212396933,44.0,2026-08-13T09:37:33Z,0.7333333333333333,0.7292349726775996,0.7279185295578621
redshift,2542,2026-08-13T09:38:29Z,60267775455,46.0,2026-08-13T09:38:29Z,0.7666666666666667,0.7300546448087464,0.7302533532041583
redshift,2544,2026-08-13T09:39:29Z,60326716288,46.0,2026-08-13T09:39:29Z,0.7666666666666667,0.7322404371584731,0.7325136612021713
redshift,2546,2026-08-13T09:40:29Z,60387041425,45.0,2026-08-13T09:40:29Z,0.75,0.7327868852459043,0.7345255837059003
redshift,2549,2026-08-13T09:41:29Z,60447548444,44.0,2026-08-13T09:41:29Z,0.7333333333333333,0.7407103825136622,0.7357675111773315
redshift,2551,2026-08-13T09:42:29Z,60506903257,44.0,2026-08-13T09:42:29Z,0.7333333333333333,0.7418032786885265,0.7373571783407752
redshift,2553,2026-08-13T09:43:29Z,60567582395,46.0,2026-08-13T09:43:29Z,0.7666666666666667,0.7412568306010953,0.7384500745156402
redshift,2556,2026-08-13T09:44:34Z,60633275655,45.0,2026-08-13T09:44:34Z,0.75,0.7412568306010953,0.7394932935916462
redshift,2559,2026-08-13T09:45:30Z,60688947130,46.0,2026-08-13T09:45:30Z,0.7666666666666667,0.7396174863387998,0.7405365126676522
redshift,2561,2026-08-13T09:46:29Z,60747896609,43.0,2026-08-13T09:46:29Z,0.7166666666666667,0.7398907103825154,0.741505216095375
redshift,2563,2026-08-13T09:47:29Z,60807822912,43.0,2026-08-13T09:47:29Z,0.7166666666666667,0.742076502732242,0.7417632165120267
redshift,2566,2026-08-13T09:48:29Z,60870065368,45.0,2026-08-13T09:48:29Z,0.75,0.7412568306010953,0.7419122478086034
redshift,2568,2026-08-13T09:49:32Z,60932370980,47.0,2026-08-13T09:49:32Z,0.7833333333333333,0.7415300546448108,0.7420612791051802
redshift,2571,2026-08-13T09:50:32Z,60988987115,45.0,2026-08-13T09:50:32Z,0.75,0.7437158469945375,0.7423096645994747
redshift,2574,2026-08-13T09:51:29Z,61046235620,50.0,2026-08-13T09:51:29Z,0.8333333333333334,0.7434426229508201,0.7427567584891842
redshift,2576,2026-08-13T09:52:01Z,61079264899,17.0,2026-08-13T09:52:01Z,0.2833333333333333,0.7435483870967745,0.7431541752800451
redshift,2580,2026-08-13T09:53:31Z,61169085549,49.0,2026-08-13T09:53:31Z,0.8166666666666667,0.7434426229508201,0.7435515920708956
redshift,2583,2026-08-13T09:54:31Z,61229564778,54.0,2026-08-13T09:54:31Z,0.9,0.7428961748633889,0.7434522378731881
redshift,2586,2026-08-13T09:55:29Z,61287844450,45.0,2026-08-13T09:55:29Z,0.75,0.7439890710382513,0.7441973943560511
redshift,2588,2026-08-13T09:56:29Z,61348675272,44.0,2026-08-13T09:56:29Z,0.7333333333333333,0.7445355191256824,0.7449177122894898
redshift,2590,2026-08-13T09:57:07Z,61387198480,21.0,2026-08-13T09:57:07Z,0.35,0.7442622950819668,0.7457125458712013
redshift,2593,2026-08-13T09:58:32Z,61471261068,48.0,2026-08-13T09:58:32Z,0.8,0.7464480874316934,0.7463487332339892
redshift,2596,2026-08-13T09:59:29Z,61527876381,44.0,2026-08-13T09:59:29Z,0.7333333333333333,0.7401639344262292,0.7468455042225576
redshift,2598,2026-08-13T10:00:29Z,61588725668,44.0,2026-08-13T10:00:29Z,0.7333333333333333,0.7497267759562845,0.7473422752111261
redshift,2600,2026-08-13T10:01:04Z,61624338649,16.0,2026-08-13T10:01:04Z,0.26666666666666666,0.7516393442622955,0.7475409836065513
redshift,2603,2026-08-13T10:02:29Z,61707042443,47.0,2026-08-13T10:02:29Z,0.7833333333333333,0.7521857923497266,0.7475409836065513
redshift,2605,2026-08-13T10:03:29Z,61767531765,45.0,2026-08-13T10:03:29Z,0.75,0.7505464480874312,0.7468895726166962
redshift,2607,2026-08-13T10:04:29Z,61829046896,46.0,2026-08-13T10:04:29Z,0.7666666666666667,0.7489071038251357,0.7459953848372668
redshift,2611,2026-08-13T10:05:31Z,61889648239,47.0,2026-08-13T10:05:31Z,0.7833333333333333,0.7483606557377027,0.7456973222441134
redshift,2613,2026-08-13T10:06:29Z,61947098207,45.0,2026-08-13T10:06:29Z,0.75,0.746174863387976,0.7446044260692485
redshift,2615,2026-08-13T10:07:30Z,62008546832,45.0,2026-08-13T10:07:30Z,0.75,0.7445355191256806,0.7428160505103795
redshift,2618,2026-08-13T10:08:33Z,62071079471,47.0,2026-08-13T10:08:33Z,0.7833333333333333,0.7370967741935455,0.7411270291492283
redshift,2620,2026-08-13T10:09:31Z,62128831356,52.0,2026-08-13T10:09:31Z,0.8666666666666667,0.7366120218579207,0.7396615547329372
redshift,2622,2026-08-13T10:10:29Z,62187697328,46.0,2026-08-13T10:10:29Z,0.7666666666666667,0.7368852459016364,0.7386183356569311
redshift,2624,2026-08-13T10:11:29Z,62246456429,48.0,2026-08-13T10:11:29Z,0.8,0.7377049180327832,0.737624793679784
redshift,2627,2026-08-13T10:12:29Z,62306461677,50.0,2026-08-13T10:12:29Z,0.8333333333333334,0.73196721311475,0.7369044757463556
redshift,2629,2026-08-13T10:13:29Z,62368386019,42.0,2026-08-13T10:13:29Z,0.7,0.7336065573770455,0.7363828662083527
redshift,2631,2026-08-13T10:14:29Z,62428041372,45.0,2026-08-13T10:14:29Z,0.75,0.7344262295081941,0.7366616989567816
redshift,2634,2026-08-13T10:15:32Z,62492735637,45.0,2026-08-13T10:15:32Z,0.75,0.7374316939890676,0.7370591157476425
redshift,2637,2026-08-13T10:16:29Z,62549083880,48.0,2026-08-13T10:16:29Z,0.8,0.7374316939890676,0.7375807252856454
redshift,2639,2026-08-13T10:17:30Z,62608466908,51.0,2026-08-13T10:17:30Z,0.85,0.7382513661202144,0.7379036264282128
redshift,2642,2026-08-13T10:18:29Z,62667397134,43.0,2026-08-13T10:18:29Z,0.7166666666666667,0.7387978142076456,0.7394932935916462
redshift,2644,2026-08-13T10:19:29Z,62727860893,44.0,2026-08-13T10:19:29Z,0.7333333333333333,0.7401639344262254,0.7410332836562309
redshift,2647,2026-08-13T10:20:31Z,62791753747,51.0,2026-08-13T10:20:31Z,0.85,0.740983606557374,0.7422255340288033
redshift,2649,2026-08-13T10:21:32Z,62851429520,48.0,2026-08-13T10:21:32Z,0.8,0.7426229508196696,0.7431942374565262
redshift,2652,2026-08-13T10:22:29Z,62906732426,45.0,2026-08-13T10:22:29Z,0.75,0.7412568306010897,0.7441877794336733
redshift,2655,2026-08-13T10:23:31Z,62969719102,47.0,2026-08-13T10:23:31Z,0.7833333333333333,0.7494535519125651,0.7457277694982477
redshift,2657,2026-08-13T10:24:29Z,63027001651,46.0,2026-08-13T10:24:29Z,0.7666666666666667,0.7505464480874274,0.7472180824639736
redshift,2660,2026-08-13T10:25:31Z,63089189426,48.0,2026-08-13T10:25:31Z,0.8,0.7475409836065541,0.7487332339791237
redshift,2662,2026-08-13T10:26:32Z,63151014978,47.0,2026-08-13T10:26:32Z,0.7833333333333333,0.7480874316939852,0.7503477396919916
redshift,2665,2026-08-13T10:27:31Z,63210248183,46.0,2026-08-13T10:27:31Z,0.7666666666666667,0.7483606557377008,0.7525086934922972
redshift,2668,2026-08-13T10:28:29Z,63268526688,51.0,2026-08-13T10:28:29Z,0.85,0.7551912568305964,0.7549677098857459
redshift,2671,2026-08-13T10:29:08Z,63307988182,22.0,2026-08-13T10:29:08Z,0.36666666666666664,0.7551912568305964,0.7566815697963317
redshift,2674,2026-08-13T10:30:31Z,63390340060,51.0,2026-08-13T10:30:31Z,0.85,0.7568306010928918,0.7585196224540596
redshift,2677,2026-08-13T10:31:29Z,63447102542,52.0,2026-08-13T10:31:29Z,0.8666666666666667,0.7587431693989029,0.7605315449577884
redshift,2679,2026-08-13T10:32:29Z,63506838426,45.0,2026-08-13T10:32:29Z,0.75,0.7663934426229471,0.7624937903626584
redshift,2682,2026-08-13T10:33:29Z,63568441395,46.0,2026-08-13T10:33:29Z,0.7666666666666667,0.7683060109289581,0.7637605563835244
redshift,2684,2026-08-13T10:34:29Z,63629816738,43.0,2026-08-13T10:34:29Z,0.7166666666666667,0.7683060109289581,0.7644063586686695
redshift,2686,2026-08-13T10:35:29Z,63688549824,48.0,2026-08-13T10:35:29Z,0.8,0.7707650273224004,0.7649776453055314
redshift,2689,2026-08-13T10:36:29Z,63747457308,46.0,2026-08-13T10:36:29Z,0.7666666666666667,0.769672131147538,0.7653750620963923
redshift,2691,2026-08-13T10:37:29Z,63807163233,46.0,2026-08-13T10:37:29Z,0.7666666666666667,0.769672131147538,0.7655737704918176
redshift,2693,2026-08-13T10:38:29Z,63867725398,45.0,2026-08-13T10:38:29Z,0.75,0.7622950819672094,0.7650521609538146
redshift,2696,2026-08-13T10:39:02Z,63901163467,16.0,2026-08-13T10:39:02Z,0.26666666666666666,0.7622950819672094,0.7647267759562965
redshift,2699,2026-08-13T10:40:30Z,63989229325,47.0,2026-08-13T10:40:30Z,0.7833333333333333,0.7614754098360625,0.7638599105812318
redshift,2701,2026-08-13T10:41:31Z,64048850500,48.0,2026-08-13T10:41:31Z,0.8,0.761202185792347,0.7630402384500754
redshift,2703,2026-08-13T10:42:07Z,64083357896,23.0,2026-08-13T10:42:07Z,0.38333333333333336,0.7609289617486314,0.7623199205166368
redshift,2707,2026-08-13T10:43:33Z,64170027892,50.0,2026-08-13T10:43:33Z,0.8333333333333334,0.7606557377049158,0.761425732737197
redshift,2710,2026-08-13T10:44:37Z,64234477075,49.0,2026-08-13T10:44:37Z,0.8166666666666667,0.7620218579234938,0.7611748633879756
redshift,2712,2026-08-13T10:45:33Z,64291286286,56.0,2026-08-13T10:45:33Z,0.9333333333333333,0.7614754098360625,0.7611276701440643
redshift,2714,2026-08-13T10:46:32Z,64351065766,46.0,2026-08-13T10:46:32Z,0.7666666666666667,0.7617486338797782,0.7610034773969222
redshift,2716,2026-08-13T10:47:30Z,64408390838,46.0,2026-08-13T10:47:30Z,0.7666666666666667,0.7617486338797782,0.7608544461003455
redshift,2719,2026-08-13T10:48:33Z,64471316849,45.0,2026-08-13T10:48:33Z,0.75,0.7598360655737671,0.7607550919026277
redshift,2722,2026-08-13T10:49:33Z,64532419964,50.0,2026-08-13T10:49:33Z,0.8333333333333334,0.7606557377049139,0.7607054148037687
redshift,2725,2026-08-13T10:50:32Z,64591035929,50.0,2026-08-13T10:50:32Z,0.8333333333333334,0.7606557377049139,0.7605067064083332
redshift,2728,2026-08-13T10:51:32Z,64650134165,51.0,2026-08-13T10:51:32Z,0.85,0.7601092896174827,0.760258320914049
redshift,2730,2026-08-13T10:52:30Z,64706767276,45.0,2026-08-13T10:52:30Z,0.75,0.7595628415300515,0.7592399403874776
redshift,2732,2026-08-13T10:53:29Z,64766473728,47.0,2026-08-13T10:53:29Z,0.7833333333333333,0.7598360655737671,0.7582215598609061
redshift,2735,2026-08-13T10:54:32Z,64829507944,53.0,2026-08-13T10:54:32Z,0.8833333333333333,0.7601092896174827,0.7572528564331936
redshift,2737,2026-08-13T10:55:30Z,64886798850,43.0,2026-08-13T10:55:30Z,0.7166666666666667,0.7598360655737671,0.7568554396423327
redshift,2739,2026-08-13T10:56:30Z,64950643754,47.0,2026-08-13T10:56:30Z,0.7833333333333333,0.7587431693989047,0.756358668653754
redshift,2741,2026-08-13T10:57:30Z,65012500084,45.0,2026-08-13T10:57:30Z,0.75,0.7505464480874293,0.7557377049180332
redshift,2744,2026-08-13T10:58:30Z,65070198940,46.0,2026-08-13T10:58:30Z,0.7666666666666667,0.7505464480874293,0.7552906110283133
redshift,2747,2026-08-13T10:59:30Z,65128635297,48.0,2026-08-13T10:59:30Z,0.8,0.7491803278688495,0.7547938400397449
redshift,2750,2026-08-13T11:00:29Z,65185958154,50.0,2026-08-13T11:00:29Z,0.8333333333333334,0.7562841530054606,0.7536512667660211
redshift,2753,2026-08-13T11:01:30Z,65247492205,51.0,2026-08-13T11:01:30Z,0.85,0.7551912568305964,0.7525335320417319
redshift,2755,2026-08-13T11:02:29Z,65308328327,44.0,2026-08-13T11:02:29Z,0.7333333333333333,0.7532786885245853,0.7507948335817218
redshift,2757,2026-08-13T11:03:30Z,65369091516,54.0,2026-08-13T11:03:30Z,0.9,0.7546448087431652,0.749130650769995
redshift,2760,2026-08-13T11:04:30Z,65428753844,45.0,2026-08-13T11:04:30Z,0.75,0.7543715846994495,0.7482728928630525
redshift,2762,2026-08-13T11:05:30Z,65489775736,55.0,2026-08-13T11:05:30Z,0.9166666666666666,0.7475409836065522,0.7476022520284729
redshift,2764,2026-08-13T11:06:31Z,65550106358,43.0,2026-08-13T11:06:31Z,0.7166666666666667,0.7475409836065522,0.7463106474581825
redshift,2767,2026-08-13T11:07:30Z,65609078778,45.0,2026-08-13T11:07:30Z,0.75,0.7396174863387923,0.7450687199867513
redshift,2769,2026-08-13T11:08:03Z,65643154605,18.0,2026-08-13T11:08:03Z,0.3,0.7322404371584657,0.744522271899324
redshift,2772,2026-08-13T11:09:38Z,65737579700,45.0,2026-08-13T11:09:38Z,0.75,0.7411111111111078,0.7430319589336084
redshift,2775,2026-08-13T11:10:30Z,65788945281,51.0,2026-08-13T11:10:30Z,0.85,0.7418032786885209,0.7414919688690237
redshift,2777,2026-08-13T11:11:30Z,65850777612,45.0,2026-08-13T11:11:30Z,0.75,0.7420765027322365,0.7402748799470167
redshift,2779,2026-08-13T11:12:30Z,65911440377,47.0,2026-08-13T11:12:30Z,0.7833333333333333,0.7415300546448053,0.7390081139261507
redshift,2782,2026-08-13T11:13:30Z,65968863897,49.0,2026-08-13T11:13:30Z,0.8166666666666667,0.7472677595628384,0.7386355356847141
redshift,2784,2026-08-13T11:14:30Z,66030859905,47.0,2026-08-13T11:14:30Z,0.7833333333333333,0.7382513661202144,0.7389335982778572
redshift,2786,2026-08-13T11:15:30Z,66090691221,43.0,2026-08-13T11:15:30Z,0.7166666666666667,0.7374316939890657,0.7383010432190737
redshift,2788,2026-08-13T11:16:30Z,66145815465,46.0,2026-08-13T11:16:30Z,0.7666666666666667,0.7341530054644767,0.7368107302533479
redshift,2791,2026-08-13T11:17:30Z,66206758201,48.0,2026-08-13T11:17:30Z,0.8,0.7336065573770455,0.73519622454048
redshift,2793,2026-08-13T11:18:30Z,66268532591,44.0,2026-08-13T11:18:30Z,0.7333333333333333,0.7355191256830566,0.7337059115747541
redshift,2795,2026-08-13T11:19:30Z,66328513737,46.0,2026-08-13T11:19:30Z,0.7666666666666667,0.7355191256830566,0.7316443119721664
redshift,2798,2026-08-13T11:20:30Z,66388852922,44.0,2026-08-13T11:20:30Z,0.7333333333333333,0.7341530054644767,0.7302533532041583
redshift,2801,2026-08-13T11:21:30Z,66447459480,49.0,2026-08-13T11:21:30Z,0.8166666666666667,0.7254098360655682,0.7277302373283253
redshift,2803,2026-08-13T11:22:30Z,66507740302,46.0,2026-08-13T11:22:30Z,0.7666666666666667,0.7243169398907039,0.7253954136820291
redshift,2805,2026-08-13T11:23:29Z,66568361238,46.0,2026-08-13T11:23:29Z,0.7666666666666667,0.7251366120218508,0.7232096213323096
redshift,2808,2026-08-13T11:24:33Z,66632176795,48.0,2026-08-13T11:24:33Z,0.8,0.7245901639344196,0.7202289954008682
redshift,2810,2026-08-13T11:25:29Z,66688016169,45.0,2026-08-13T11:25:29Z,0.75,0.722950819672124,0.7172483694694268
redshift,2812,2026-08-13T11:26:30Z,66748400497,44.0,2026-08-13T11:26:30Z,0.7333333333333333,0.7096774193548314,0.7143422591862687
redshift,2814,2026-08-13T11:27:01Z,66778899493,17.0,2026-08-13T11:27:01Z,0.2833333333333333,0.7084699453551843,0.7120819511882556
redshift,2817,2026-08-13T11:28:30Z,66870668337,46.0,2026-08-13T11:28:30Z,0.7666666666666667,0.7095628415300486,0.709970674486809
redshift,2819,2026-08-13T11:29:30Z,66929810592,46.0,2026-08-13T11:29:30Z,0.7666666666666667,0.702732240437153,0.707611012291078
redshift,2822,2026-08-13T11:30:30Z,66986991923,48.0,2026-08-13T11:30:30Z,0.8,0.702732240437153,0.7053258657436406
redshift,2824,2026-08-13T11:31:29Z,67047205921,47.0,2026-08-13T11:31:29Z,0.7833333333333333,0.7021857923497199,0.7025439482076247
redshift,2826,2026-08-13T11:32:30Z,67108696915,45.0,2026-08-13T11:32:30Z,0.75,0.7005464480874245,0.7009318595793999
redshift,2829,2026-08-13T11:33:32Z,67170315696,50.0,2026-08-13T11:33:32Z,0.8333333333333334,0.7010928961748557,0.6995558039410422
redshift,2831,2026-08-13T11:34:30Z,67228852076,45.0,2026-08-13T11:34:30Z,0.75,0.6991803278688447,0.6990341944030392
redshift,2833,2026-08-13T11:35:02Z,67261180430,18.0,2026-08-13T11:35:02Z,0.3,0.6994535519125602,0.6993322569961823
redshift,2835,2026-08-13T11:36:38Z,67357609147,48.0,2026-08-13T11:36:38Z,0.8,0.6923497267759491,0.6996303195893254
redshift,2837,2026-08-13T11:37:02Z,67380950772,17.0,2026-08-13T11:37:02Z,0.2833333333333333,0.6919444444444366,0.7001270905779041
redshift,2840,2026-08-13T11:38:01Z,67440407187,19.0,2026-08-13T11:38:01Z,0.31666666666666665,0.6933333333333261,0.700748054313625
redshift,2843,2026-08-13T11:39:30Z,67527447600,49.0,2026-08-13T11:39:30Z,0.8166666666666667,0.7038251366120154,0.7011951482033448
redshift,2845,2026-08-13T11:40:30Z,67588186516,47.0,2026-08-13T11:40:30Z,0.7833333333333333,0.706010928961742,0.7018409504884899
redshift,2847,2026-08-13T11:41:30Z,67649349671,48.0,2026-08-13T11:41:30Z,0.8,0.706010928961742,0.7025612684219182
redshift,2850,2026-08-13T11:42:30Z,67708856950,46.0,2026-08-13T11:42:30Z,0.7666666666666667,0.7076502732240375,0.7039522271899262
redshift,2852,2026-08-13T11:43:30Z,67768943988,44.0,2026-08-13T11:43:30Z,0.7333333333333333,0.707377049180322,0.7053303527074025
redshift,2854,2026-08-13T11:44:02Z,67801040663,17.0,2026-08-13T11:44:02Z,0.2833333333333333,0.706010928961742,0.7066815697963255
redshift,2857,2026-08-13T11:45:31Z,67888476486,46.0,2026-08-13T11:45:31Z,0.7666666666666667,0.7062841530054577,0.7072031793343285
redshift,2860,2026-08-13T11:46:30Z,67947297269,44.0,2026-08-13T11:46:30Z,0.7333333333333333,0.7073770491803201,0.7076254346746137
redshift,2862,2026-08-13T11:47:30Z,68008369304,44.0,2026-08-13T11:47:30Z,0.7333333333333333,0.7076502732240356,0.7079234972677568
redshift,2865,2026-08-13T11:48:32Z,68070396888,53.0,2026-08-13T11:48:32Z,0.8833333333333333,0.7071038251366044,0.7080973671137578
redshift,2867,2026-08-13T11:49:30Z,68127949542,45.0,2026-08-13T11:49:30Z,0.75,0.7081967213114668,0.7084451068057599
redshift,2869,2026-08-13T11:50:30Z,68188143105,45.0,2026-08-13T11:50:30Z,0.75,0.7095628415300467,0.7088699149969576
redshift,2871,2026-08-13T11:51:02Z,68220454588,18.0,2026-08-13T11:51:02Z,0.3,0.7106557377049091,0.7091049842689162
redshift,2874,2026-08-13T11:52:33Z,68311438507,47.0,2026-08-13T11:52:33Z,0.7833333333333333,0.7092896174863292,0.7094775625103528
redshift,2876,2026-08-13T11:53:32Z,68373476023,48.0,2026-08-13T11:53:32Z,0.8,0.7095628415300448,0.7124574984820905
redshift,2879,2026-08-13T11:54:30Z,68429344227,45.0,2026-08-13T11:54:30Z,0.75,0.7112021857923403,0.7129441960589495
redshift,2881,2026-08-13T11:55:30Z,68487050743,47.0,2026-08-13T11:55:30Z,0.7833333333333333,0.7101092896174779,0.714807087266112
redshift,2883,2026-08-13T11:56:00Z,68517702418,19.0,2026-08-13T11:56:00Z,0.31666666666666665,0.7094444444444359,0.714807087266112
redshift,2885,2026-08-13T11:57:00Z,68579569037,18.0,2026-08-13T11:57:00Z,0.3,0.7114754098360577,0.7171621129326127
redshift,2888,2026-08-13T11:58:30Z,68668076362,49.0,2026-08-13T11:58:30Z,0.8166666666666667,0.7267759562841462,0.7199238284484243
redshift,2890,2026-08-13T11:59:02Z,68701151445,21.0,2026-08-13T11:59:02Z,0.35,0.7261111111111044,0.7199238284484243
redshift,2893,2026-08-13T12:00:30Z,68788862175,48.0,2026-08-13T12:00:30Z,0.8,0.7286885245901591,0.7222834906441449
redshift,2896,2026-08-13T12:01:33Z,68851644720,48.0,2026-08-13T12:01:33Z,0.8,0.7289617486338765,0.7252613843351583
redshift,2898,2026-08-13T12:02:31Z,68911972984,45.0,2026-08-13T12:02:31Z,0.75,0.7284153005464453,0.7275027322404413
redshift,2900,2026-08-13T12:03:30Z,68970017332,46.0,2026-08-13T12:03:30Z,0.7666666666666667,0.7284153005464453,0.7289166252690868
redshift,2903,2026-08-13T12:04:34Z,69031946391,47.0,2026-08-13T12:04:34Z,0.7833333333333333,0.7273224043715811,0.7308091985428063
redshift,2905,2026-08-13T12:05:30Z,69089639501,46.0,2026-08-13T12:05:30Z,0.7666666666666667,0.7193989071038213,0.7311131809902297
redshift,2907,2026-08-13T12:06:14Z,69134620568,29.0,2026-08-13T12:06:14Z,0.48333333333333334,0.7270491803278655,0.7315851134293738
redshift,2910,2026-08-13T12:07:34Z,69212190655,50.0,2026-08-13T12:07:34Z,0.8333333333333334,0.7338888888888865,0.7320073687696591
redshift,2913,2026-08-13T12:08:34Z,69273464703,53.0,2026-08-13T12:08:34Z,0.8833333333333333,0.7430555555555524,0.7320570458685179
redshift,2915,2026-08-13T12:09:44Z,69343798843,45.0,2026-08-13T12:09:44Z,0.75,0.7428961748633851,0.7321812386156601
redshift,2918,2026-08-13T12:10:34Z,69393502940,53.0,2026-08-13T12:10:34Z,0.8833333333333333,0.7341530054644767,0.7331499420433829
redshift,2920,2026-08-13T12:11:30Z,69449121951,51.0,2026-08-13T12:11:30Z,0.85,0.733879781420761,0.734838963404534
redshift,2924,2026-08-13T12:12:32Z,69510077664,51.0,2026-08-13T12:12:32Z,0.85,0.7336065573770455,0.7359566981288233
redshift,2926,2026-08-13T12:13:30Z,69568249936,46.0,2026-08-13T12:13:30Z,0.7666666666666667,0.7289617486338765,0.7364774797151767
redshift,2928,2026-08-13T12:14:30Z,69628864096,44.0,2026-08-13T12:14:30Z,0.7333333333333333,0.7297814207650234,0.7356433184301998
redshift,2930,2026-08-13T12:15:30Z,69689995064,48.0,2026-08-13T12:15:30Z,0.8,0.7379781420764988,0.7348236462990537
redshift,2933,2026-08-13T12:16:30Z,69751027739,47.0,2026-08-13T12:16:30Z,0.7833333333333333,0.7379781420764988,0.7350968703427725
redshift,2935,2026-08-13T12:17:30Z,69810291925,47.0,2026-08-13T12:17:30Z,0.7833333333333333,0.7393442622950787,0.7361649279682028
redshift,2937,2026-08-13T12:18:30Z,69868873486,46.0,2026-08-13T12:18:30Z,0.7666666666666667,0.7396174863387942,0.7372329855936435
redshift,2940,2026-08-13T12:19:30Z,69928267088,48.0,2026-08-13T12:19:30Z,0.8,0.733879781420761,0.7379781420765064
redshift,2944,2026-08-13T12:20:36Z,69995136214,51.0,2026-08-13T12:20:36Z,0.85,0.733879781420761,0.7386736214605104
redshift,2946,2026-08-13T12:21:30Z,70049291879,48.0,2026-08-13T12:21:30Z,0.8,0.737158469945352,0.7392109620798237
redshift,2948,2026-08-13T12:22:30Z,70107891209,44.0,2026-08-13T12:22:30Z,0.7333333333333333,0.7456284153005448,0.7404806259314579
redshift,2951,2026-08-13T12:23:35Z,70171961616,47.0,2026-08-13T12:23:35Z,0.7833333333333333,0.7453551912568293,0.7416231992051817
redshift,2954,2026-08-13T12:24:32Z,70229414926,52.0,2026-08-13T12:24:32Z,0.8666666666666667,0.7371584699453538,0.7433498923662992
redshift,2956,2026-08-13T12:25:31Z,70289585418,44.0,2026-08-13T12:25:31Z,0.7333333333333333,0.7374316939890694,0.7456847160125956
redshift,2958,2026-08-13T12:26:31Z,70350004333,50.0,2026-08-13T12:26:31Z,0.8333333333333334,0.7438888888888868,0.7479947011094675
redshift,2961,2026-08-13T12:27:34Z,70413203720,57.0,2026-08-13T12:27:34Z,0.95,0.7519444444444426,0.7502053320086216
redshift,2963,2026-08-13T12:28:42Z,70486653318,60.0,2026-08-13T12:28:42Z,1.0,0.7519125683060092,0.7516708064249129
redshift,2965,2026-08-13T12:29:48Z,70552304242,50.0,2026-08-13T12:29:48Z,0.8333333333333334,0.758611111111109,0.7518503339405053
redshift,2968,2026-08-13T12:30:46Z,70604814268,49.0,2026-08-13T12:30:46Z,0.8166666666666667,0.7595628415300534,0.753185957940063
redshift,2970,2026-08-13T12:31:42Z,70659476416,49.0,2026-08-13T12:31:42Z,0.8166666666666667,0.7592896174863378,0.7539062758735017
redshift,2972,2026-08-13T12:32:42Z,70720390547,45.0,2026-08-13T12:32:42Z,0.75,0.7614754098360644,0.7545860241761954
redshift,2974,2026-08-13T12:33:42Z,70781178741,45.0,2026-08-13T12:33:42Z,0.75,0.7617486338797801,0.7546576419937103
redshift,2977,2026-08-13T12:34:44Z,70845447821,46.0,2026-08-13T12:34:44Z,0.7666666666666667,0.7535519125683047,0.7546328034442861
redshift,2979,2026-08-13T12:35:12Z,70873072298,16.0,2026-08-13T12:35:12Z,0.26666666666666666,0.7456284153005448,0.7543833485124575
redshift,2982,2026-08-13T12:36:42Z,70959549789,46.0,2026-08-13T12:36:42Z,0.7666666666666667,0.7453551912568293,0.7523845007451655
redshift,2984,2026-08-13T12:37:42Z,71020653677,46.0,2026-08-13T12:37:42Z,0.7666666666666667,0.751366120218578,0.7499503229011514
redshift,2987,2026-08-13T12:38:43Z,71082055176,52.0,2026-08-13T12:38:43Z,0.8666666666666667,0.752732240437156,0.747143566815711
redshift,2989,2026-08-13T12:39:42Z,71139880028,44.0,2026-08-13T12:39:42Z,0.7333333333333333,0.7516393442622936,0.743666169895691
redshift,2991,2026-08-13T12:40:18Z,71175997805,17.0,2026-08-13T12:40:18Z,0.2833333333333333,0.7516393442622936,0.741008445106817
redshift,2994,2026-08-13T12:41:42Z,71262049468,46.0,2026-08-13T12:41:42Z,0.7666666666666667,0.7418032786885227,0.7389965226030881
redshift,2997,2026-08-13T12:42:46Z,71324988102,47.0,2026-08-13T12:42:46Z,0.7833333333333333,0.7325136612021831,0.7370342771982181
redshift,2999,2026-08-13T12:43:26Z,71366502326,29.0,2026-08-13T12:43:26Z,0.48333333333333334,0.730601092896172,0.734475906607062
redshift,3002,2026-08-13T12:44:46Z,71444724254,47.0,2026-08-13T12:44:46Z,0.7833333333333333,0.7234972677595608,0.7317933432687638
redshift,3004,2026-08-13T12:45:42Z,71499755031,47.0,2026-08-13T12:45:42Z,0.7833333333333333,0.7243169398907077,0.7292846497764561
redshift,3006,2026-08-13T12:46:42Z,71560336989,46.0,2026-08-13T12:46:42Z,0.7666666666666667,0.7234972677595608,0.7267759562841486
redshift,3008,2026-08-13T12:47:42Z,71624120635,49.0,2026-08-13T12:47:42Z,0.8166666666666667,0.7237704918032765,0.7250869349229974
redshift,3011,2026-08-13T12:48:44Z,71683702337,45.0,2026-08-13T12:48:44Z,0.75,0.7232240437158453,0.7244162940884177
redshift,3013,2026-08-13T12:49:26Z,71725751981,32.0,2026-08-13T12:49:26Z,0.5333333333333333,0.7232240437158453,0.7238946845504146
redshift,3017,2026-08-13T12:50:42Z,71798181511,45.0,2026-08-13T12:50:42Z,0.75,0.7240437158469939,0.7238698460009904
redshift,3019,2026-08-13T12:51:42Z,71861866450,57.0,2026-08-13T12:51:42Z,0.95,0.7240437158469939,0.7238450074515558
redshift,3021,2026-08-13T12:52:48Z,71928147008,49.0,2026-08-13T12:52:48Z,0.8166666666666667,0.7232240437158471,0.7239443616492736
redshift,3023,2026-08-13T12:53:45Z,71984696273,46.0,2026-08-13T12:53:45Z,0.7666666666666667,0.7251366120218582,0.7237456532538379
redshift,3025,2026-08-13T12:54:19Z,72018416422,18.0,2026-08-13T12:54:19Z,0.3,0.7248633879781425,0.7232488822652592
redshift,3028,2026-08-13T12:55:44Z,72103626411,46.0,2026-08-13T12:55:44Z,0.7666666666666667,0.7232240437158471,0.7226775956283973
redshift,3031,2026-08-13T12:56:44Z,72163119695,45.0,2026-08-13T12:56:44Z,0.75,0.7240437158469939,0.7221559860903942
redshift,3033,2026-08-13T12:57:42Z,72219471899,47.0,2026-08-13T12:57:42Z,0.7833333333333333,0.7245901639344251,0.721609538002967
redshift,3035,2026-08-13T12:58:42Z,72281337884,45.0,2026-08-13T12:58:42Z,0.75,0.7215846994535497,0.7212121212121061
redshift,3038,2026-08-13T12:59:46Z,72347301108,49.0,2026-08-13T12:59:46Z,0.8166666666666667,0.7177595628415276,0.7206762295081811
redshift,3041,2026-08-13T13:00:47Z,72406783512,49.0,2026-08-13T13:00:47Z,0.8166666666666667,0.716939890710379,0.7202955787381804
redshift,3043,2026-08-13T13:01:44Z,72464549890,47.0,2026-08-13T13:01:44Z,0.7833333333333333,0.7183060109289571,0.7207923497267591
redshift,3047,2026-08-13T13:02:46Z,72527541934,56.0,2026-08-13T13:02:46Z,0.9333333333333333,0.7180327868852395,0.7212891207153379
redshift,3049,2026-08-13T13:03:46Z,72589923127,46.0,2026-08-13T13:03:46Z,0.7666666666666667,0.7188524590163864,0.7218355688027756
redshift,3051,2026-08-13T13:04:14Z,72616796900,16.0,2026-08-13T13:04:14Z,0.26666666666666666,0.7183333333333262,0.721860655737703
redshift,3054,2026-08-13T13:05:16Z,72674991694,18.0,2026-08-13T13:05:16Z,0.3,0.7215846994535442,0.7231807832422513
redshift,3057,2026-08-13T13:06:44Z,72764218882,45.0,2026-08-13T13:06:44Z,0.75,0.7286885245901572,0.7270381754705492
redshift,3060,2026-08-13T13:07:44Z,72824168350,51.0,2026-08-13T13:07:44Z,0.85,0.7295081967213058,0.7278320086106966
redshift,3063,2026-08-13T13:08:45Z,72889345359,55.0,2026-08-13T13:08:45Z,0.9166666666666666,0.7306010928961701,0.729943285312133
redshift,3065,2026-08-13T13:09:53Z,72954100453,49.0,2026-08-13T13:09:53Z,0.8166666666666667,0.7292349726775903,0.7338365209471703
redshift,3067,2026-08-13T13:10:43Z,73002656130,45.0,2026-08-13T13:10:43Z,0.75,0.7303278688524527,0.7349830269912135
redshift,3069,2026-08-13T13:11:16Z,73036217720,17.0,2026-08-13T13:11:16Z,0.2833333333333333,0.7407103825136547,0.7372930120880855
redshift,3072,2026-08-13T13:12:13Z,73094230121,17.0,2026-08-13T13:12:13Z,0.2833333333333333,0.7402777777777715,0.7372930120880855
redshift,3075,2026-08-13T13:13:43Z,73182934849,44.0,2026-08-13T13:13:43Z,0.7333333333333333,0.7412568306010859,0.740522023513811
redshift,3077,2026-08-13T13:14:16Z,73215894476,20.0,2026-08-13T13:14:16Z,0.3333333333333333,0.7461748633879705,0.7420371750289612
redshift,3080,2026-08-13T13:15:46Z,73304025731,47.0,2026-08-13T13:15:46Z,0.7833333333333333,0.746448087431686,0.7440987746315489
redshift,3082,2026-08-13T13:16:44Z,73362361350,45.0,2026-08-13T13:16:44Z,0.75,0.7469945355191191,0.745489733399557
redshift,3085,2026-08-13T13:17:46Z,73425520107,48.0,2026-08-13T13:17:46Z,0.8,0.7469945355191191,0.7462021857923332
redshift,3087,2026-08-13T13:18:44Z,73483028214,45.0,2026-08-13T13:18:44Z,0.75,0.7467213114754017,0.7458768007948141
redshift,3089,2026-08-13T13:19:43Z,73542769877,46.0,2026-08-13T13:19:43Z,0.7666666666666667,0.7472677595628329,0.7460755091902498
redshift,3092,2026-08-13T13:20:45Z,73605043285,51.0,2026-08-13T13:20:45Z,0.85,0.7519125683060036,0.7465971187282527
redshift,3095,2026-08-13T13:21:44Z,73665409957,51.0,2026-08-13T13:21:44Z,0.85,0.7456284153005392,0.7470690511674072
redshift,3098,2026-08-13T13:22:44Z,73723611519,45.0,2026-08-13T13:22:44Z,0.75,0.7426229508196639,0.7476154992548448
redshift,3100,2026-08-13T13:23:44Z,73783492760,51.0,2026-08-13T13:23:44Z,0.85,0.7426229508196639,0.7481619473422825
redshift,3103,2026-08-13T13:24:44Z,73843355258,46.0,2026-08-13T13:24:44Z,0.7666666666666667,0.7434426229508125,0.7488822652757108
redshift,3105,2026-08-13T13:25:44Z,73901894762,46.0,2026-08-13T13:25:44Z,0.7666666666666667,0.7519125683060055,0.7495032290114213
redshift,3107,2026-08-13T13:26:44Z,73963562000,47.0,2026-08-13T13:26:44Z,0.7833333333333333,0.7516393442622898,0.7498758072528475
redshift,3111,2026-08-13T13:27:45Z,74025197532,52.0,2026-08-13T13:27:45Z,0.8666666666666667,0.7530054644808697,0.7508445106805705
redshift,3113,2026-08-13T13:28:45Z,74082372291,46.0,2026-08-13T13:28:45Z,0.7666666666666667,0.7530054644808697,0.7518628912071521
redshift,3116,2026-08-13T13:29:44Z,74140457679,46.0,2026-08-13T13:29:44Z,0.7666666666666667,0.7546448087431652,0.7536446431528454
redshift,3118,2026-08-13T13:30:44Z,74202363235,47.0,2026-08-13T13:30:44Z,0.7833333333333333,0.7540983606557321,0.7554081801622797
redshift,3121,2026-08-13T13:31:48Z,74268403541,54.0,2026-08-13T13:31:48Z,0.9,0.7560109289617413,0.7571220400728552
redshift,3123,2026-08-13T13:32:46Z,74324198397,48.0,2026-08-13T13:32:46Z,0.8,0.7562841530054569,0.7588607385328549
redshift,3125,2026-08-13T13:33:44Z,74381557146,48.0,2026-08-13T13:33:44Z,0.8,0.7538251366120147,0.7605994369928649
redshift,3127,2026-08-13T13:34:46Z,74445608461,48.0,2026-08-13T13:34:46Z,0.8,0.7622222222222149,0.7621145885080151
redshift,3130,2026-08-13T13:35:44Z,74502751251,53.0,2026-08-13T13:35:44Z,0.8833333333333333,0.7628415300546368,0.7625720985636235
redshift,3132,2026-08-13T13:36:44Z,74562191397,42.0,2026-08-13T13:36:44Z,0.7,0.7707650273223967,0.7630937081016266
redshift,3134,2026-08-13T13:37:45Z,74624912702,49.0,2026-08-13T13:37:45Z,0.8166666666666667,0.7707650273223967,0.7648704923374329
redshift,3137,2026-08-13T13:38:44Z,74682252601,50.0,2026-08-13T13:38:44Z,0.8333333333333334,0.7721311475409747,0.7665843522480084
redshift,3139,2026-08-13T13:39:44Z,74741467452,47.0,2026-08-13T13:39:44Z,0.7833333333333333,0.7696721311475324,0.7686459518505857
redshift,3141,2026-08-13T13:40:44Z,74799306858,48.0,2026-08-13T13:40:44Z,0.8,0.7596774193548299,0.7705651437697725
redshift,3144,2026-08-13T13:41:46Z,74865141105,55.0,2026-08-13T13:41:46Z,0.9166666666666666,0.7598360655737616,0.7723783578780657
redshift,3146,2026-08-13T13:42:44Z,74922528782,47.0,2026-08-13T13:42:44Z,0.7833333333333333,0.7755555555555474,0.7735954468000728
redshift,3148,2026-08-13T13:43:44Z,74980346059,48.0,2026-08-13T13:43:44Z,0.8,0.77513661202185,0.7747876971726555
redshift,3150,2026-08-13T13:44:46Z,75043495241,47.0,2026-08-13T13:44:46Z,0.7833333333333333,0.7765027322404299,0.7758805933475101
redshift,3153,2026-08-13T13:45:44Z,75102786013,48.0,2026-08-13T13:45:44Z,0.8,0.7833333333333253,0.7772218750166592
redshift,3156,2026-08-13T13:46:44Z,75160582364,49.0,2026-08-13T13:46:44Z,0.8166666666666667,0.7827868852458942,0.779446928299349
redshift,3158,2026-08-13T13:47:44Z,75222094073,46.0,2026-08-13T13:47:44Z,0.7666666666666667,0.7841530054644741,0.781632720649079
redshift,3161,2026-08-13T13:48:47Z,75286525518,48.0,2026-08-13T13:48:47Z,0.8,0.7838797814207584,0.7825136612021466
redshift,3163,2026-08-13T13:49:44Z,75342080268,47.0,2026-08-13T13:49:44Z,0.7833333333333333,0.7841530054644741,0.7833333333332927
redshift,3165,2026-08-13T13:50:44Z,75402611245,49.0,2026-08-13T13:50:44Z,0.8166666666666667,0.7844262295081896,0.7840288127172967
redshift,3167,2026-08-13T13:51:22Z,75440820503,22.0,2026-08-13T13:51:22Z,0.36666666666666664,0.7841530054644741,0.7842026825632977
redshift,3170,2026-08-13T13:52:44Z,75522485787,46.0,2026-08-13T13:52:44Z,0.7666666666666667,0.7838797814207584,0.7844262295081577
redshift,3172,2026-08-13T13:53:44Z,75583768421,49.0,2026-08-13T13:53:44Z,0.8166666666666667,0.7852459016393383,0.7836430139576268
redshift,3175,2026-08-13T13:54:46Z,75646586396,49.0,2026-08-13T13:54:46Z,0.8166666666666667,0.7841530054644741,0.7828978574747638
redshift,3177,2026-08-13T13:55:44Z,75703122805,49.0,2026-08-13T13:55:44Z,0.8166666666666667,0.7841530054644741,0.781601445443295
redshift,3179,2026-08-13T13:56:44Z,75762735550,45.0,2026-08-13T13:56:44Z,0.75,0.7852459016393383,0.780260163774146
redshift,3181,2026-08-13T13:57:44Z,75821733990,50.0,2026-08-13T13:57:44Z,0.8333333333333334,0.7852459016393383,0.7789188821049968
redshift,3184,2026-08-13T13:58:44Z,75881668914,47.0,2026-08-13T13:58:44Z,0.7833333333333333,0.7755376344085955,0.7776272775347066
redshift,3186,2026-08-13T13:59:44Z,75942475986,51.0,2026-08-13T13:59:44Z,0.85,0.775683060109283,0.7761369645689911
redshift,3188,2026-08-13T14:00:47Z,76007918391,47.0,2026-08-13T14:00:47Z,0.7833333333333333,0.7698924731182725,0.7746963287021345
redshift,3192,2026-08-13T14:01:48Z,76069753667,56.0,2026-08-13T14:01:48Z,0.9333333333333333,0.7696721311475343,0.7731563386375601
redshift,3194,2026-08-13T14:02:44Z,76123354101,48.0,2026-08-13T14:02:44Z,0.8,0.7693989071038186,0.7716411871224099
redshift,3196,2026-08-13T14:03:44Z,76182339904,47.0,2026-08-13T14:03:44Z,0.7833333333333333,0.7696721311475362,0.7701260356072598
redshift,3198,2026-08-13T14:04:44Z,76242317513,47.0,2026-08-13T14:04:44Z,0.7833333333333333,0.7688524590163893,0.7694437767414993
redshift,3201,2026-08-13T14:05:46Z,76303874270,48.0,2026-08-13T14:05:46Z,0.8,0.7683060109289581,0.768643134144194
redshift,3203,2026-08-13T14:06:44Z,76362515600,47.0,2026-08-13T14:06:44Z,0.7833333333333333,0.7672131147540957,0.7685295578738244
redshift,3205,2026-08-13T14:07:44Z,76422624210,45.0,2026-08-13T14:07:44Z,0.75,0.7685792349726738,0.7681073025335391
redshift,3208,2026-08-13T14:08:46Z,76491718180,56.0,2026-08-13T14:08:46Z,0.9333333333333333,0.7685792349726738,0.7677098857426885
redshift,3210,2026-08-13T14:09:48Z,76548582568,46.0,2026-08-13T14:09:48Z,0.7666666666666667,0.7680327868852407,0.7674118231495455
redshift,3212,2026-08-13T14:10:44Z,76600750568,45.0,2026-08-13T14:10:44Z,0.75,0.7677595628415251,0.7672131147541098
redshift,3214,2026-08-13T14:11:12Z,76628777140,13.0,2026-08-13T14:11:12Z,0.21666666666666667,0.7677595628415251,0.7672131147541098
redshift,3217,2026-08-13T14:12:44Z,76722850952,45.0,2026-08-13T14:12:44Z,0.75,0.7650273224043691,0.7668653750620975
redshift,3219,2026-08-13T14:13:44Z,76782483039,45.0,2026-08-13T14:13:44Z,0.75,0.7650273224043691,0.7665921510183786
redshift,3221,2026-08-13T14:14:45Z,76845117098,49.0,2026-08-13T14:14:45Z,0.8166666666666667,0.766393442622949,0.7664182811723776
redshift,3224,2026-08-13T14:15:44Z,76902521387,45.0,2026-08-13T14:15:44Z,0.75,0.7666666666666646,0.7664182811723776
redshift,3226,2026-08-13T14:16:44Z,76963003457,45.0,2026-08-13T14:16:44Z,0.75,0.7661202185792334,0.7662568306010826
redshift,3228,2026-08-13T14:17:46Z,77024157812,50.0,2026-08-13T14:17:46Z,0.8333333333333334,0.7655737704918003,0.7669895678092292
redshift,3231,2026-08-13T14:18:44Z,77082953871,47.0,2026-08-13T14:18:44Z,0.7833333333333333,0.7655737704918003,0.7679582712369417
redshift,3233,2026-08-13T14:19:45Z,77143108070,46.0,2026-08-13T14:19:45Z,0.7666666666666667,0.7666666666666646,0.7688276204669467
redshift,3236,2026-08-13T14:20:46Z,77203892710,47.0,2026-08-13T14:20:46Z,0.7833333333333333,0.7680327868852445,0.7687302693780524
redshift,3238,2026-08-13T14:21:44Z,77262723529,50.0,2026-08-13T14:21:44Z,0.8333333333333334,0.7674863387978114,0.7685315609826272
redshift,3241,2026-08-13T14:22:44Z,77323598408,50.0,2026-08-13T14:22:44Z,0.8333333333333334,0.7743169398907069,0.768457045334344
redshift,3243,2026-08-13T14:23:46Z,77384214587,50.0,2026-08-13T14:23:46Z,0.8333333333333334,0.7756830601092868,0.7665172013631718
redshift,3246,2026-08-13T14:24:44Z,77442777969,47.0,2026-08-13T14:24:44Z,0.7833333333333333,0.7745901639344225,0.7666029678060279
redshift,3249,2026-08-13T14:25:45Z,77500631277,46.0,2026-08-13T14:25:45Z,0.7666666666666667,0.7653225806451583,0.764422483694697
redshift,3251,2026-08-13T14:26:44Z,77560447026,50.0,2026-08-13T14:26:44Z,0.8333333333333334,0.764480874316936,0.7640942743137409
redshift,3253,2026-08-13T14:27:46Z,77623800009,47.0,2026-08-13T14:27:46Z,0.7833333333333333,0.7653005464480829,0.7620823518100224
redshift,3256,2026-08-13T14:28:44Z,77680388087,48.0,2026-08-13T14:28:44Z,0.8,0.7553763440860147,0.7595984968671494
redshift,3258,2026-08-13T14:29:12Z,77708738564,15.0,2026-08-13T14:29:12Z,0.25,0.7553763440860147,0.7595984968671494
redshift,3261,2026-08-13T14:30:45Z,77805310157,53.0,2026-08-13T14:30:45Z,0.8833333333333333,0.753551912568299,0.7546307869814138
redshift,3263,2026-08-13T14:31:14Z,77833815907,18.0,2026-08-13T14:31:14Z,0.3,0.753551912568299,0.7546307869814138
redshift,3267,2026-08-13T14:32:45Z,77923975677,53.0,2026-08-13T14:32:45Z,0.8833333333333333,0.7453551912568255,0.7515984808422796
redshift,3269,2026-08-13T14:33:46Z,77985218500,49.0,2026-08-13T14:33:46Z,0.8166666666666667,0.746994535519121,0.7493381728442666
redshift,3271,2026-08-13T14:34:44Z,78042356855,45.0,2026-08-13T14:34:44Z,0.75,0.7478142076502696,0.7469672131147718
redshift,3273,2026-08-13T14:35:44Z,78104028940,46.0,2026-08-13T14:35:44Z,0.7666666666666667,0.7478142076502696,0.7461748633879985
redshift,3276,2026-08-13T14:36:45Z,78163074360,49.0,2026-08-13T14:36:45Z,0.8166666666666667,0.7480874316939871,0.7450264116575681
redshift,3278,2026-08-13T14:37:44Z,78220102834,47.0,2026-08-13T14:37:44Z,0.7833333333333333,0.7483606557377027,0.7448920457884056
redshift,3280,2026-08-13T14:38:46Z,78283360698,49.0,2026-08-13T14:38:46Z,0.8166666666666667,0.7404371584699428,0.7447181759424045
redshift,3283,2026-08-13T14:39:44Z,78343219936,48.0,2026-08-13T14:39:44Z,0.8,0.737704918032785,0.7444449518986961
redshift,3285,2026-08-13T14:40:45Z,78400549948,46.0,2026-08-13T14:40:45Z,0.7666666666666667,0.7382513661202162,0.7441468893055426
redshift,3287,2026-08-13T14:41:44Z,78462727190,44.0,2026-08-13T14:41:44Z,0.7333333333333333,0.7494444444444411,0.7439481809101071
redshift,3291,2026-08-13T14:42:46Z,78525431853,49.0,2026-08-13T14:42:46Z,0.8166666666666667,0.7435483870967708,0.7437494725146817
redshift,3293,2026-08-13T14:43:44Z,78580861637,47.0,2026-08-13T14:43:44Z,0.7833333333333333,0.7434426229508163,0.7435010870203975
redshift,3296,2026-08-13T14:44:48Z,78647409311,53.0,2026-08-13T14:44:48Z,0.8833333333333333,0.7439890710382475,0.7433440432885267
redshift,3298,2026-08-13T14:45:45Z,78702109213,48.0,2026-08-13T14:45:45Z,0.8,0.7445355191256787,0.7433937203873856
redshift,3300,2026-08-13T14:46:44Z,78762218379,46.0,2026-08-13T14:46:44Z,0.7666666666666667,0.745628415300543,0.7433688818379509
redshift,3303,2026-08-13T14:47:50Z,78829595963,47.0,2026-08-13T14:47:50Z,0.7833333333333333,0.7459016393442586,0.7423016521641702
redshift,3305,2026-08-13T14:48:44Z,78883289325,46.0,2026-08-13T14:48:44Z,0.7666666666666667,0.745628415300543,0.7417952662532343
redshift,3307,2026-08-13T14:49:52Z,78951915089,52.0,2026-08-13T14:49:52Z,0.8666666666666667,0.7387096774193522,0.7414226880117977
redshift,3310,2026-08-13T14:50:46Z,79003311752,52.0,2026-08-13T14:50:46Z,0.8666666666666667,0.7382513661202162,0.7410901051765583
redshift,3312,2026-08-13T14:51:46Z,79064733838,47.0,2026-08-13T14:51:46Z,0.7833333333333333,0.7379781420765006,0.7407768857266422
redshift,3314,2026-08-13T14:52:46Z,79124416611,47.0,2026-08-13T14:52:46Z,0.7833333333333333,0.737704918032785,0.7403297918369224
redshift,3317,2026-08-13T14:53:49Z,79190453649,51.0,2026-08-13T14:53:49Z,0.85,0.7379781420765006,0.7398833656501438
redshift,3319,2026-08-13T14:54:46Z,79246229710,45.0,2026-08-13T14:54:46Z,0.75,0.7393442622950787,0.7393610884091996
redshift,3321,2026-08-13T14:55:46Z,79304349631,49.0,2026-08-13T14:55:46Z,0.8166666666666667,0.7407103825136585,0.7405613512170764
redshift,3323,2026-08-13T14:56:12Z,79330289567,12.0,2026-08-13T14:56:12Z,0.2,0.7407103825136585,0.7405613512170764
redshift,3326,2026-08-13T14:57:46Z,79425254566,48.0,2026-08-13T14:57:46Z,0.8,0.7407103825136585,0.7442879615830303
redshift,3328,2026-08-13T14:58:47Z,79484900444,48.0,2026-08-13T14:58:47Z,0.8,0.7404371584699428,0.7461260142407479
redshift,3330,2026-08-13T14:59:12Z,79509660220,11.0,2026-08-13T14:59:12Z,0.18333333333333332,0.7404371584699428,0.7461260142407479
redshift,3334,2026-08-13T15:00:47Z,79609504519,46.0,2026-08-13T15:00:47Z,0.7666666666666667,0.7519125683060092,0.7506963073356432
redshift,3337,2026-08-13T15:01:49Z,79668230626,53.0,2026-08-13T15:01:49Z,0.8833333333333333,0.7586111111111109,0.7547823315118422
redshift,3339,2026-08-13T15:02:16Z,79695175402,20.0,2026-08-13T15:02:16Z,0.3333333333333333,0.7586111111111109,0.7563346580559689
redshift,3344,2026-08-13T15:03:47Z,79786454344,54.0,2026-08-13T15:03:47Z,0.9,0.7579234972677598,0.7591488657062448
redshift,3347,2026-08-13T15:04:50Z,79849277234,50.0,2026-08-13T15:04:50Z,0.8333333333333334,0.7612021857923489,0.7643533697632051
redshift,3350,2026-08-13T15:05:49Z,79909308107,47.0,2026-08-13T15:05:49Z,0.7833333333333333,0.7663934426229508,0.7656814042059895
redshift,3352,2026-08-13T15:06:47Z,79965911742,49.0,2026-08-13T15:06:47Z,0.8166666666666667,0.7715846994535528,0.7683142904454289
redshift,3354,2026-08-13T15:07:46Z,80025351556,48.0,2026-08-13T15:07:46Z,0.8,0.7718579234972683,0.7718992865816574
redshift,3356,2026-08-13T15:08:16Z,80055962887,16.0,2026-08-13T15:08:16Z,0.26666666666666666,0.7716666666666678,0.7731073025335242
redshift,3359,2026-08-13T15:09:50Z,80151227530,46.0,2026-08-13T15:09:50Z,0.7666666666666667,0.7737704918032776,0.7759637357178338
redshift,3361,2026-08-13T15:10:47Z,80208291169,48.0,2026-08-13T15:10:47Z,0.8,0.7789617486338796,0.778348236462989
redshift,3365,2026-08-13T15:11:50Z,80270962813,54.0,2026-08-13T15:11:50Z,0.9,0.7808743169398906,0.7803353204172833
redshift,3367,2026-08-13T15:12:48Z,80328045569,51.0,2026-08-13T15:12:48Z,0.85,0.7849726775956283,0.7820491803278586
redshift,3369,2026-08-13T15:13:16Z,80355566463,17.0,2026-08-13T15:13:16Z,0.2833333333333333,0.7849726775956283,0.7820491803278586
redshift,3372,2026-08-13T15:14:47Z,80445891813,47.0,2026-08-13T15:14:47Z,0.7833333333333333,0.7893442622950816,0.7861566484517274
redshift,3375,2026-08-13T15:15:46Z,80505146221,51.0,2026-08-13T15:15:46Z,0.85,0.7874316939890705,0.7872826626924982
redshift,3378,2026-08-13T15:16:48Z,80565493910,49.0,2026-08-13T15:16:48Z,0.8166666666666667,0.7882513661202192,0.7882265275707968
redshift,3380,2026-08-13T15:17:47Z,80625726499,46.0,2026-08-13T15:17:47Z,0.7666666666666667,0.7904371584699459,0.7890710382513775
redshift,3382,2026-08-13T15:18:47Z,80688970925,49.0,2026-08-13T15:18:47Z,0.8166666666666667,0.7918032786885257,0.7892622950819714
redshift,3385,2026-08-13T15:19:48Z,80744870559,51.0,2026-08-13T15:19:48Z,0.85,0.7915300546448101,0.7885717834078502
redshift,3387,2026-08-13T15:20:09Z,80765939101,15.0,2026-08-13T15:20:09Z,0.25,0.7915300546448101,0.7885717834078502
redshift,3390,2026-08-13T15:21:47Z,80866027276,46.0,2026-08-13T15:21:47Z,0.7666666666666667,0.7893442622950835,0.7900157872136127
redshift,3392,2026-08-13T15:22:47Z,80925953137,49.0,2026-08-13T15:22:47Z,0.8166666666666667,0.7901639344262321,0.7916551314759048
redshift,3395,2026-08-13T15:23:49Z,80987944465,51.0,2026-08-13T15:23:49Z,0.85,0.7827868852459053,0.793105288786726
redshift,3398,2026-08-13T15:24:48Z,81048265245,55.0,2026-08-13T15:24:48Z,0.9166666666666666,0.7816666666666701,0.7953150917342307
redshift,3401,2026-08-13T15:25:50Z,81111139748,52.0,2026-08-13T15:25:50Z,0.8666666666666667,0.791530054644812,0.7982072566453666
redshift,3403,2026-08-13T15:26:47Z,81165036793,49.0,2026-08-13T15:26:47Z,0.8166666666666667,0.8011299435028265,0.7999599004774093
redshift,3405,2026-08-13T15:27:47Z,81225606630,47.0,2026-08-13T15:27:47Z,0.7833333333333333,0.8062841530054655,0.803162810376617
redshift,3407,2026-08-13T15:28:47Z,81283220785,46.0,2026-08-13T15:28:47Z,0.7666666666666667,0.8063888888888907,0.8068852809843334
redshift,3410,2026-08-13T15:29:48Z,81348260500,56.0,2026-08-13T15:29:48Z,0.9333333333333333,0.8161111111111155,0.8112071885849342
redshift,3412,2026-08-13T15:30:49Z,81405839917,49.0,2026-08-13T15:30:49Z,0.8166666666666667,0.8166666666666713,0.8155812571393323
redshift,3414,2026-08-13T15:31:49Z,81466001129,50.0,2026-08-13T15:31:49Z,0.8333333333333334,0.81748633879782,0.8183880132247829
redshift,3417,2026-08-13T15:32:57Z,81539262417,69.0,2026-08-13T15:32:57Z,1.15,0.824576271186446,0.8202723750424639
redshift,3419,2026-08-13T15:33:33Z,81572153775,27.0,2026-08-13T15:33:33Z,0.45,0.8311111111111169,0.8216711972461667
redshift,3422,2026-08-13T15:35:06Z,81659571839,61.0,2026-08-13T15:35:06Z,1.0166666666666666,0.8303278688524661,0.8248803399373152
redshift,3424,2026-08-13T15:35:56Z,81718100181,64.0,2026-08-13T15:35:56Z,1.0666666666666667,0.829781420765033,0.8263218037558318
redshift,3426,2026-08-13T15:37:05Z,81779403495,65.0,2026-08-13T15:37:05Z,1.0833333333333333,0.8224043715847063,0.8277127625238397
redshift,3429,2026-08-13T15:38:03Z,81837862917,50.0,2026-08-13T15:38:03Z,0.8333333333333334,0.8218579234972733,0.8288801743469879
redshift,3431,2026-08-13T15:39:06Z,81903836388,55.0,2026-08-13T15:39:06Z,0.9166666666666666,0.8316666666666739,0.8301438979963791
redshift,3433,2026-08-13T15:40:00Z,81959456279,48.0,2026-08-13T15:40:00Z,0.8,0.831693989071046,0.8309306176519468
redshift,3436,2026-08-13T15:41:04Z,82021504289,67.0,2026-08-13T15:41:04Z,1.1166666666666667,0.8319672131147615,0.8317254512336686
redshift,3438,2026-08-13T15:42:04Z,82077244587,53.0,2026-08-13T15:42:04Z,0.8833333333333333,0.8319672131147615,0.8325699619142494
redshift,3440,2026-08-13T15:43:12Z,82142988221,59.0,2026-08-13T15:43:12Z,0.9833333333333333,0.8303278688524661,0.8340354363305406
redshift,3443,2026-08-13T15:44:10Z,82204616918,63.0,2026-08-13T15:44:10Z,1.05,0.8394444444444521,0.8355505878456907
redshift,3445,2026-08-13T15:45:02Z,82260865841,49.0,2026-08-13T15:45:02Z,0.8166666666666667,0.8387978142076571,0.836124358337491
redshift,3447,2026-08-13T15:46:02Z,82320946934,46.0,2026-08-13T15:46:02Z,0.7666666666666667,0.8390710382513727,0.837510763371442
redshift,3450,2026-08-13T15:47:06Z,82385064291,51.0,2026-08-13T15:47:06Z,0.85,0.8390710382513727,0.838727852293449
redshift,3452,2026-08-13T15:48:03Z,82441719036,54.0,2026-08-13T15:48:03Z,0.9,0.8385245901639397,0.840118811061457
redshift,3455,2026-08-13T15:49:02Z,82501927502,52.0,2026-08-13T15:49:02Z,0.8666666666666667,0.8385245901639397,0.8417051664183025
redshift,3457,2026-08-13T15:50:01Z,82559739111,45.0,2026-08-13T15:50:01Z,0.75,0.8379781420765066,0.8423112270243626
redshift,3459,2026-08-13T15:51:01Z,82619221840,47.0,2026-08-13T15:51:01Z,0.7833333333333333,0.8469444444444473,0.8428328365623656
redshift,3462,2026-08-13T15:52:01Z,82682532149,49.0,2026-08-13T15:52:01Z,0.8166666666666667,0.8453551912568333,0.8432708229839508
redshift,3464,2026-08-13T15:53:03Z,82741651091,50.0,2026-08-13T15:53:03Z,0.8333333333333334,0.8472677595628444,0.8429230832919488
redshift,3466,2026-08-13T15:53:36Z,82774723391,20.0,2026-08-13T15:53:36Z,0.3333333333333333,0.8477777777777799,0.843362932604748
redshift,3469,2026-08-13T15:55:20Z,82875253043,66.0,2026-08-13T15:55:20Z,1.1,0.8461111111111127,0.8423310978638896
redshift,3472,2026-08-13T15:56:20Z,82933667350,62.0,2026-08-13T15:56:20Z,1.0333333333333334,0.8445355191256847,0.8418591654247455
redshift,3475,2026-08-13T15:57:18Z,82989606987,59.0,2026-08-13T15:57:18Z,0.9833333333333333,0.8438888888888888,0.8404479218413702
redshift,3477,2026-08-13T15:58:13Z,83045575868,56.0,2026-08-13T15:58:13Z,0.9333333333333333,0.835245901639345,0.8386984600099368
redshift,3479,2026-08-13T15:59:18Z,83118113334,58.0,2026-08-13T15:59:18Z,0.9666666666666667,0.8361111111111124,0.8362581967213145
redshift,3481,2026-08-13T15:59:56Z,83155805592,36.0,2026-08-13T15:59:56Z,0.6,0.8344262295081982,0.8358184302036823
redshift,3484,2026-08-13T16:01:13Z,83225866239,51.0,2026-08-13T16:01:13Z,0.85,0.8327868852459046,0.8341352045040676
redshift,3486,2026-08-13T16:02:13Z,83288535281,49.0,2026-08-13T16:02:13Z,0.8166666666666667,0.8314207650273248,0.8321481205497734
redshift,3489,2026-08-13T16:03:29Z,83363524464,73.0,2026-08-13T16:03:29Z,1.2166666666666666,0.8261111111111139,0.8298224043716015
redshift,3491,2026-08-13T16:04:22Z,83418669792,52.0,2026-08-13T16:04:22Z,0.8666666666666667,0.8319444444444457,0.8281582215598746
redshift,3494,2026-08-13T16:05:22Z,83480262314,49.0,2026-08-13T16:05:22Z,0.8166666666666667,0.8314207650273229,0.8261918363967673
redshift,3496,2026-08-13T16:06:21Z,83540554042,48.0,2026-08-13T16:06:21Z,0.8,0.8275956284153008,0.824428299387333
redshift,3498,2026-08-13T16:06:53Z,83574912971,20.0,2026-08-13T16:06:53Z,0.3333333333333333,0.8226775956284145,0.8223170226858862
redshift,3501,2026-08-13T16:08:20Z,83657866005,47.0,2026-08-13T16:08:20Z,0.7833333333333333,0.8183060109289612,0.8203299387315817
redshift,3504,2026-08-13T16:09:21Z,83718693125,50.0,2026-08-13T16:09:21Z,0.8333333333333334,0.8169398907103813,0.8179073255025121
redshift,3507,2026-08-13T16:10:20Z,83778560188,50.0,2026-08-13T16:10:20Z,0.8333333333333334,0.814480874316939,0.8145810297581771
redshift,3510,2026-08-13T16:11:20Z,83838860414,47.0,2026-08-13T16:11:20Z,0.7833333333333333,0.815027322404372,0.8112526641347234
redshift,3513,2026-08-13T16:12:23Z,83902257490,48.0,2026-08-13T16:12:23Z,0.8,0.8095628415300545,0.8082968767527063
redshift,3515,2026-08-13T16:13:21Z,83960394119,48.0,2026-08-13T16:13:21Z,0.8,0.8095628415300545,0.8056888290626912
redshift,3518,2026-08-13T16:14:21Z,84019570060,51.0,2026-08-13T16:14:21Z,0.85,0.7994623655913987,0.8032546512186772
redshift,3520,2026-08-13T16:15:24Z,84082425384,48.0,2026-08-13T16:15:24Z,0.8,0.7953551912568322,0.8002740252872358
redshift,3522,2026-08-13T16:16:21Z,84139716013,48.0,2026-08-13T16:16:21Z,0.8,0.7948087431693992,0.7975417848500786
redshift,3525,2026-08-13T16:17:23Z,84202188856,51.0,2026-08-13T16:17:23Z,0.85,0.7950819672131147,0.7940892264794829
redshift,3527,2026-08-13T16:18:21Z,84259851324,47.0,2026-08-13T16:18:21Z,0.7833333333333333,0.7939890710382523,0.7911334390974658
redshift,3529,2026-08-13T16:19:21Z,84319403514,46.0,2026-08-13T16:19:21Z,0.7666666666666667,0.7915300546448101,0.7883701504735282
redshift,3532,2026-08-13T16:20:20Z,84378253498,47.0,2026-08-13T16:20:20Z,0.7833333333333333,0.7841530054644834,0.7866554893194213
redshift,3534,2026-08-13T16:21:21Z,84439388776,48.0,2026-08-13T16:21:21Z,0.8,0.784426229508199,0.784842275211128
redshift,3537,2026-08-13T16:22:22Z,84499870039,45.0,2026-08-13T16:22:22Z,0.75,0.7770491803278703,0.7810507741347976
redshift,3539,2026-08-13T16:23:20Z,84557547865,53.0,2026-08-13T16:23:20Z,0.8833333333333333,0.7770491803278685,0.7797752111276747
redshift,3541,2026-08-13T16:24:20Z,84617227236,47.0,2026-08-13T16:24:20Z,0.7833333333333333,0.7791666666666648,0.7760245901639358
redshift,3545,2026-08-13T16:25:21Z,84679032307,53.0,2026-08-13T16:25:21Z,0.8833333333333333,0.7806010928961713,0.7722242921013379
redshift,3547,2026-08-13T16:26:21Z,84740385075,45.0,2026-08-13T16:26:21Z,0.75,0.7754098360655693,0.7693678589170283
redshift,3549,2026-08-13T16:27:20Z,84799101457,48.0,2026-08-13T16:27:20Z,0.8,0.7721311475409783,0.7664369100844355
redshift,3551,2026-08-13T16:27:49Z,84826618176,19.0,2026-08-13T16:27:49Z,0.31666666666666665,0.7620218579234901,0.7664369100844355
redshift,3555,2026-08-13T16:29:24Z,84922862097,46.0,2026-08-13T16:29:24Z,0.7666666666666667,0.7527322404371504,0.7610469448584147
redshift,3558,2026-08-13T16:30:21Z,84979730215,44.0,2026-08-13T16:30:21Z,0.7333333333333333,0.7497267759562751,0.7577247888723171
redshift,3560,2026-08-13T16:31:24Z,85044080121,50.0,2026-08-13T16:31:24Z,0.8333333333333334,0.7527322404371485,0.7541977148534381
redshift,3562,2026-08-13T16:32:24Z,85104098110,44.0,2026-08-13T16:32:24Z,0.7333333333333333,0.7521857923497155,0.7511425732737032
redshift,3565,2026-08-13T16:33:20Z,85159968044,50.0,2026-08-13T16:33:20Z,0.8333333333333334,0.7510928961748512,0.7477595628415088
redshift,3567,2026-08-13T16:34:21Z,85222153481,48.0,2026-08-13T16:34:21Z,0.8,0.7437158469945226,0.7479135618479673
redshift,3570,2026-08-13T16:35:25Z,85283638623,48.0,2026-08-13T16:35:25Z,0.8,0.7426229508196583,0.7468342868131169
redshift,3572,2026-08-13T16:36:21Z,85341137934,47.0,2026-08-13T16:36:21Z,0.7833333333333333,0.7418032786885097,0.7458904219348287
redshift,3574,2026-08-13T16:37:21Z,85401669604,46.0,2026-08-13T16:37:21Z,0.7666666666666667,0.7418032786885097,0.7446236559139627
redshift,3577,2026-08-13T16:38:23Z,85461757105,49.0,2026-08-13T16:38:23Z,0.8166666666666667,0.7491803278688365,0.7433568898930968
redshift,3579,2026-08-13T16:39:20Z,85517382201,45.0,2026-08-13T16:39:20Z,0.75,0.749453551912552,0.7421894780699383
redshift,3581,2026-08-13T16:40:21Z,85577778391,46.0,2026-08-13T16:40:21Z,0.7666666666666667,0.7408602150537461,0.7416854958895969
redshift,3584,2026-08-13T16:41:24Z,85642125933,50.0,2026-08-13T16:41:24Z,0.8333333333333334,0.7393442622950637,0.7411390478021697
redshift,3586,2026-08-13T16:42:21Z,85698708441,47.0,2026-08-13T16:42:21Z,0.7833333333333333,0.7387978142076325,0.7405925997147423
redshift,3588,2026-08-13T16:43:21Z,85758841560,53.0,2026-08-13T16:43:21Z,0.8833333333333333,0.7382513661202013,0.740070990176729
redshift,3592,2026-08-13T16:44:24Z,85821491919,49.0,2026-08-13T16:44:24Z,0.8166666666666667,0.7382513661202013,0.7389284169029948
redshift,3594,2026-08-13T16:44:51Z,85848403433,21.0,2026-08-13T16:44:51Z,0.35,0.7381720430107359,0.7377113279809877
redshift,3597,2026-08-13T16:46:21Z,85941340671,47.0,2026-08-13T16:46:21Z,0.7833333333333333,0.7366120218579059,0.737275451500688
redshift,3599,2026-08-13T16:47:21Z,86001218125,47.0,2026-08-13T16:47:21Z,0.7833333333333333,0.7357923497267591,0.7370022274569692
redshift,3602,2026-08-13T16:48:24Z,86062754716,47.0,2026-08-13T16:48:24Z,0.7833333333333333,0.7360655737704728,0.736753841962685
redshift,3604,2026-08-13T16:49:21Z,86119807108,45.0,2026-08-13T16:49:21Z,0.75,0.736612021857904,0.7364806179189661
redshift,3606,2026-08-13T16:49:56Z,86154025490,25.0,2026-08-13T16:49:56Z,0.4166666666666667,0.7360655737704728,0.7363067480729651
redshift,3609,2026-08-13T16:51:21Z,86240555141,46.0,2026-08-13T16:51:21Z,0.7666666666666667,0.7360655737704728,0.7359910581221605
redshift,3611,2026-08-13T16:51:56Z,86275415580,20.0,2026-08-13T16:51:56Z,0.3333333333333333,0.7363387978141884,0.7359910581221502
redshift,3614,2026-08-13T16:53:21Z,86359355908,49.0,2026-08-13T16:53:21Z,0.8166666666666667,0.7360655737704728,0.7362146050670101
redshift,3616,2026-08-13T16:54:05Z,86403321143,31.0,2026-08-13T16:54:05Z,0.5166666666666667,0.7352459016393241,0.7371336313958843
redshift,3620,2026-08-13T16:55:21Z,86479608920,52.0,2026-08-13T16:55:21Z,0.8666666666666667,0.7363387978141865,0.7379781420764754
redshift,3622,2026-08-13T16:56:21Z,86539677167,47.0,2026-08-13T16:56:21Z,0.7833333333333333,0.734699453551891,0.7389468455041879
redshift,3624,2026-08-13T16:57:21Z,86600970038,50.0,2026-08-13T16:57:21Z,0.8333333333333334,0.7366120218579003,0.7397913561847583
redshift,3626,2026-08-13T16:57:58Z,86638003655,22.0,2026-08-13T16:57:58Z,0.36666666666666664,0.7382513661201976,0.7407103825136222
redshift,3629,2026-08-13T16:58:53Z,86692965980,22.0,2026-08-13T16:58:53Z,0.36666666666666664,0.7461748633879556,0.7415797317436169
redshift,3632,2026-08-13T17:00:21Z,86779650625,47.0,2026-08-13T17:00:21Z,0.7833333333333333,0.7459016393442399,0.7425235966219051
redshift,3634,2026-08-13T17:01:21Z,86839024465,47.0,2026-08-13T17:01:21Z,0.7833333333333333,0.7467213114753867,0.7434674615001934
redshift,3637,2026-08-13T17:02:21Z,86900021241,49.0,2026-08-13T17:02:21Z,0.8166666666666667,0.7453551912568068,0.7445106805761994
redshift,3639,2026-08-13T17:03:21Z,86960036190,45.0,2026-08-13T17:03:21Z,0.75,0.7464480874316692,0.745404868355639
redshift,3641,2026-08-13T17:04:21Z,87019955429,46.0,2026-08-13T17:04:21Z,0.7666666666666667,0.7456284153005206,0.7460258320913495
redshift,3644,2026-08-13T17:05:21Z,87080931817,48.0,2026-08-13T17:05:21Z,0.8,0.7456284153005206,0.7458623450260878
redshift,3646,2026-08-13T17:06:21Z,87140979619,46.0,2026-08-13T17:06:21Z,0.7666666666666667,0.746721311475383,0.7458587728153403
redshift,3649,2026-08-13T17:07:24Z,87202481874,48.0,2026-08-13T17:07:24Z,0.8,0.7461748633879518,0.7456849029693496
redshift,3651,2026-08-13T17:08:21Z,87259402056,47.0,2026-08-13T17:08:21Z,0.7833333333333333,0.7464480874316674,0.7457594186176432
redshift,3654,2026-08-13T17:09:24Z,87322269428,48.0,2026-08-13T17:09:24Z,0.8,0.7450819672130875,0.7457345800682188
redshift,3656,2026-08-13T17:10:21Z,87378901344,46.0,2026-08-13T17:10:21Z,0.7666666666666667,0.744808743169372,0.7457594186176638
redshift,3658,2026-08-13T17:10:51Z,87408814706,17.0,2026-08-13T17:10:51Z,0.2833333333333333,0.7454301075268547,0.7457594186176638
redshift,3661,2026-08-13T17:12:21Z,87498045994,45.0,2026-08-13T17:12:21Z,0.75,0.7448087431693701,0.7470758617373989
redshift,3663,2026-08-13T17:13:21Z,87559907604,46.0,2026-08-13T17:13:21Z,0.7666666666666667,0.746174863387948,0.747771341121403
redshift,3666,2026-08-13T17:14:22Z,87621398885,48.0,2026-08-13T17:14:22Z,0.8,0.7461748633879499,0.7485661747031248
redshift,3668,2026-08-13T17:15:21Z,87679145470,44.0,2026-08-13T17:15:21Z,0.7333333333333333,0.7459016393442325,0.7495597166802823
redshift,3671,2026-08-13T17:16:26Z,87741877877,49.0,2026-08-13T17:16:26Z,0.8166666666666667,0.7532786885245593,0.7517213114753986
redshift,3673,2026-08-13T17:17:21Z,87798697107,45.0,2026-08-13T17:17:21Z,0.75,0.7535519125682748,0.7527322404371468
redshift,3675,2026-08-13T17:18:22Z,87860985790,52.0,2026-08-13T17:18:22Z,0.8666666666666667,0.7538251366119905,0.755067064083443
redshift,3677,2026-08-13T17:19:21Z,87917477745,49.0,2026-08-13T17:19:21Z,0.8166666666666667,0.7551912568305665,0.757228017883728
redshift,3680,2026-08-13T17:20:21Z,87977118803,44.0,2026-08-13T17:20:21Z,0.7333333333333333,0.7560109289617134,0.7598609041231777
redshift,3682,2026-08-13T17:21:21Z,88037473596,47.0,2026-08-13T17:21:21Z,0.7833333333333333,0.7622950819671759,0.7625186289120517
redshift,3685,2026-08-13T17:22:24Z,88102693540,49.0,2026-08-13T17:22:24Z,0.8166666666666667,0.7628415300546071,0.764654744162933
redshift,3687,2026-08-13T17:23:21Z,88160447779,44.0,2026-08-13T17:23:21Z,0.7333333333333333,0.7704918032786513,0.7666666666666515
redshift,3691,2026-08-13T17:24:23Z,88221658786,50.0,2026-08-13T17:24:23Z,0.8333333333333334,0.7699453551912201,0.7692498758072319
redshift,3693,2026-08-13T17:25:21Z,88278531098,51.0,2026-08-13T17:25:21Z,0.85,0.7751366120218202,0.7724043715846743
redshift,3695,2026-08-13T17:26:21Z,88338142940,47.0,2026-08-13T17:26:21Z,0.7833333333333333,0.7751366120218202,0.7754595131643989
redshift,3698,2026-08-13T17:27:21Z,88398958132,52.0,2026-08-13T17:27:21Z,0.8666666666666667,0.7767759562841174,0.7779682066567065
redshift,3701,2026-08-13T17:28:23Z,88462365115,54.0,2026-08-13T17:28:23Z,0.9,0.775683060109255,0.7804272230501449
redshift,3704,2026-08-13T17:29:21Z,88520333277,48.0,2026-08-13T17:29:21Z,0.8,0.7822404371584369,0.7823149528067213
redshift,3706,2026-08-13T17:30:21Z,88579869602,45.0,2026-08-13T17:30:21Z,0.75,0.7898907103824812,0.7843517138598848
redshift,3708,2026-08-13T17:31:21Z,88639739307,47.0,2026-08-13T17:31:21Z,0.7833333333333333,0.7896174863387655,0.7858917039244592
redshift,3711,2026-08-13T17:32:21Z,88700063625,45.0,2026-08-13T17:32:21Z,0.75,0.7898907103824812,0.7874316939890336
redshift,3714,2026-08-13T17:33:23Z,88761928797,48.0,2026-08-13T17:33:23Z,0.8,0.7898907103824812,0.7888226527570417
redshift,3717,2026-08-13T17:34:23Z,88822461451,47.0,2026-08-13T17:34:23Z,0.7833333333333333,0.7912568306010591,0.7903626428216161
redshift,3719,2026-08-13T17:35:21Z,88880219191,48.0,2026-08-13T17:35:21Z,0.8,0.7923497267759215,0.7912568306010557
redshift,3721,2026-08-13T17:36:21Z,88939302649,52.0,2026-08-13T17:36:21Z,0.8666666666666667,0.7920765027322059,0.7914555389964913
redshift,3724,2026-08-13T17:37:21Z,88999297432,45.0,2026-08-13T17:37:21Z,0.75,0.7920765027322059,0.7924490809736281
redshift,3726,2026-08-13T17:38:19Z,89056189267,47.0,2026-08-13T17:38:19Z,0.7833333333333333,0.7920765027322059,0.7935171385990585
redshift,3729,2026-08-13T17:39:19Z,89114886734,44.0,2026-08-13T17:39:19Z,0.7333333333333333,0.7926229508196371,0.794858420268218
redshift,3731,2026-08-13T17:40:21Z,89177451968,44.0,2026-08-13T17:40:21Z,0.7333333333333333,0.7920765027322059,0.7960009935419418
redshift,3734,2026-08-13T17:41:21Z,89240142778,47.0,2026-08-13T17:41:21Z,0.7833333333333333,0.7920765027322059,0.7971187282662413
redshift,3736,2026-08-13T17:42:21Z,89300485002,49.0,2026-08-13T17:42:21Z,0.8166666666666667,0.800546448087397,0.7982861400893895
redshift,3738,2026-08-13T17:43:23Z,89361141284,52.0,2026-08-13T17:43:23Z,0.8666666666666667,0.8016393442622592,0.7995032290113862
redshift,3741,2026-08-13T17:44:21Z,89418781875,53.0,2026-08-13T17:44:21Z,0.8833333333333333,0.8046448087431346,0.8005712866368164
redshift,3744,2026-08-13T17:45:21Z,89479765028,48.0,2026-08-13T17:45:21Z,0.8,0.8038251366119878,0.8015399900645496
redshift,3746,2026-08-13T17:46:21Z,89540339056,48.0,2026-08-13T17:46:21Z,0.8,0.8046448087431346,0.8026328862394042
redshift,3749,2026-08-13T17:47:21Z,89600604144,48.0,2026-08-13T17:47:21Z,0.8,0.8049180327868503,0.8037506209636831
redshift,3751,2026-08-13T17:48:22Z,89662932676,48.0,2026-08-13T17:48:22Z,0.8,0.8054644808742814,0.8039990064579879
redshift,3753,2026-08-13T17:49:25Z,89723953370,52.0,2026-08-13T17:49:25Z,0.8666666666666667,0.8038251366119878,0.8042473919522721
redshift,3756,2026-08-13T17:50:23Z,89781355917,48.0,2026-08-13T17:50:23Z,0.8,0.8032786885245566,0.8042722305016965
redshift,3758,2026-08-13T17:51:21Z,89839200790,48.0,2026-08-13T17:51:21Z,0.8,0.8040983606557034,0.8042722305016965
redshift,3761,2026-08-13T17:52:25Z,89903325949,48.0,2026-08-13T17:52:25Z,0.8,0.804371584699419,0.8041231992051094
redshift,3764,2026-08-13T17:53:21Z,89959246521,48.0,2026-08-13T17:53:21Z,0.8,0.8032786885245566,0.8038002980625317
redshift,3766,2026-08-13T17:54:21Z,90018552077,47.0,2026-08-13T17:54:21Z,0.7833333333333333,0.804371584699419,0.8026192650993793
redshift,3768,2026-08-13T17:55:22Z,90079081514,50.0,2026-08-13T17:55:22Z,0.8333333333333334,0.8049180327868503,0.8015760460233733
redshift,3772,2026-08-13T17:56:22Z,90139399878,52.0,2026-08-13T17:56:22Z,0.8666666666666667,0.8038251366119878,0.8006321811450644
redshift,3774,2026-08-13T17:57:21Z,90199216859,53.0,2026-08-13T17:57:21Z,0.8833333333333333,0.803005464480841,0.7989679983333479
redshift,3776,2026-08-13T17:58:23Z,90262484712,46.0,2026-08-13T17:58:23Z,0.7666666666666667,0.8013661202185475,0.7974031697193492
redshift,3779,2026-08-13T17:59:22Z,90320321080,46.0,2026-08-13T17:59:22Z,0.7666666666666667,0.7924731182795349,0.7958383411053298
redshift,3782,2026-08-13T18:00:23Z,90381533122,50.0,2026-08-13T18:00:23Z,0.8333333333333334,0.7923497267759215,0.7935035174590336
redshift,3784,2026-08-13T18:01:21Z,90439679016,46.0,2026-08-13T18:01:21Z,0.7666666666666667,0.7928961748633527,0.7910941781644438
redshift,3786,2026-08-13T18:02:21Z,90499935109,48.0,2026-08-13T18:02:21Z,0.8,0.7857923497267397,0.7880638751341436
redshift,3789,2026-08-13T18:03:21Z,90558724036,49.0,2026-08-13T18:03:21Z,0.8166666666666667,0.7871584699453177,0.7851329263015611
redshift,3791,2026-08-13T18:04:21Z,90618015303,50.0,2026-08-13T18:04:21Z,0.8333333333333334,0.7860655737704553,0.7819287534252495
redshift,3793,2026-08-13T18:05:21Z,90678365052,50.0,2026-08-13T18:05:21Z,0.8333333333333334,0.7786885245901266,0.7787762607566203
redshift,3796,2026-08-13T18:06:22Z,90740611881,47.0,2026-08-13T18:06:22Z,0.7833333333333333,0.7784153005464111,0.7756714420780265
redshift,3798,2026-08-13T18:07:21Z,90800149898,46.0,2026-08-13T18:07:21Z,0.7666666666666667,0.770491803278655,0.7725169463005841
redshift,3801,2026-08-13T18:08:22Z,90860660009,48.0,2026-08-13T18:08:22Z,0.8,0.7707650273223706,0.7699834142588522
redshift,3804,2026-08-13T18:09:23Z,90921528362,49.0,2026-08-13T18:09:23Z,0.8166666666666667,0.7661202185792017,0.7671766581734119
redshift,3806,2026-08-13T18:10:21Z,90979795736,46.0,2026-08-13T18:10:21Z,0.7666666666666667,0.7577956989246984,0.7643202249891022
redshift,3808,2026-08-13T18:11:22Z,91040770375,46.0,2026-08-13T18:11:22Z,0.7666666666666667,0.7581967213114419,0.7622089482876659
redshift,3811,2026-08-13T18:12:24Z,91102316020,48.0,2026-08-13T18:12:24Z,0.8,0.7581967213114419,0.7601473486850782
redshift,3814,2026-08-13T18:13:21Z,91160131974,49.0,2026-08-13T18:13:21Z,0.8166666666666667,0.7579234972677262,0.7587315513676458
redshift,3817,2026-08-13T18:14:25Z,91223763266,57.0,2026-08-13T18:14:25Z,0.95,0.7562841530054327,0.7573405925996378
redshift,3819,2026-08-13T18:15:22Z,91281941718,45.0,2026-08-13T18:15:22Z,0.75,0.7546448087431353,0.7562973735236317
redshift,3821,2026-08-13T18:16:23Z,91343573053,47.0,2026-08-13T18:16:23Z,0.7833333333333333,0.7554644808742822,0.7560357675111142
redshift,3824,2026-08-13T18:17:25Z,91403659587,50.0,2026-08-13T18:17:25Z,0.8333333333333334,0.7557377049179977,0.7557377049179815
redshift,3826,2026-08-13T18:18:23Z,91462788354,47.0,2026-08-13T18:18:23Z,0.7833333333333333,0.754918032786851,0.7549192346521274
redshift,3828,2026-08-13T18:19:23Z,91521274112,46.0,2026-08-13T18:19:23Z,0.7666666666666667,0.7554644808742822,0.7540498854221327
redshift,3831,2026-08-13T18:20:24Z,91581489904,47.0,2026-08-13T18:20:24Z,0.7833333333333333,0.7546448087431353,0.7533544060381288
redshift,3833,2026-08-13T18:21:22Z,91642527860,47.0,2026-08-13T18:21:22Z,0.7833333333333333,0.754918032786851,0.7527582808518425
redshift,3836,2026-08-13T18:22:22Z,91702898933,48.0,2026-08-13T18:22:22Z,0.8,0.754918032786851,0.7521124785667077
redshift,3838,2026-08-13T18:23:23Z,91761373958,45.0,2026-08-13T18:23:23Z,0.75,0.7491935483870609,0.7513176449849859
redshift,3840,2026-08-13T18:24:22Z,91819931370,48.0,2026-08-13T18:24:22Z,0.8,0.7483606557376692,0.7492299048122201
redshift,3843,2026-08-13T18:25:23Z,91881478142,52.0,2026-08-13T18:25:23Z,0.8666666666666667,0.7486338797813847,0.7486631251702172
redshift,3846,2026-08-13T18:26:22Z,91941243898,47.0,2026-08-13T18:26:22Z,0.7833333333333333,0.7480874316939535,0.7450583049336501
redshift,3848,2026-08-13T18:27:23Z,92000497388,44.0,2026-08-13T18:27:23Z,0.7333333333333333,0.7483606557376729,0.7441619660378985
redshift,3851,2026-08-13T18:28:27Z,92063531884,46.0,2026-08-13T18:28:27Z,0.7666666666666667,0.7469945355190911,0.7420258507870172
redshift,3854,2026-08-13T18:29:25Z,92123832025,51.0,2026-08-13T18:29:25Z,0.85,0.7405913978494306,0.7393358158528068
redshift,3855,2026-08-13T18:29:52Z,92151747796,18.0,2026-08-13T18:29:52Z,0.3,0.7405913978494306,0.7393358158528068
redshift,3858,2026-08-13T18:31:22Z,92240884651,47.0,2026-08-13T18:31:22Z,0.7833333333333333,0.7303278688524284,0.7361308751180993
redshift,3860,2026-08-13T18:31:52Z,92271462710,21.0,2026-08-13T18:31:52Z,0.35,0.7297222222221914,0.7349869998236424
redshift,3863,2026-08-13T18:33:23Z,92364544809,50.0,2026-08-13T18:33:23Z,0.8333333333333334,0.7314207650272908,0.7315854205726489
redshift,3865,2026-08-13T18:34:23Z,92423043144,44.0,2026-08-13T18:34:23Z,0.7333333333333333,0.7303278688524284,0.7295238209700817
redshift,3867,2026-08-13T18:34:52Z,92450127060,20.0,2026-08-13T18:34:52Z,0.3333333333333333,0.7286111111110813,0.7295238209700817
redshift,3870,2026-08-13T18:36:25Z,92545072053,47.0,2026-08-13T18:36:25Z,0.7833333333333333,0.7224043715846724,0.7264654744162313
redshift,3872,2026-08-13T18:36:53Z,92573701375,23.0,2026-08-13T18:36:53Z,0.38333333333333336,0.7224043715846724,0.7259438648782386
redshift,3875,2026-08-13T18:38:23Z,92661780588,46.0,2026-08-13T18:38:23Z,0.7666666666666667,0.7240437158469659,0.7254524755753871
redshift,3877,2026-08-13T18:39:07Z,92707459433,30.0,2026-08-13T18:39:07Z,0.5,0.7243169398906816,0.7248563503891009
redshift,3880,2026-08-13T18:40:25Z,92783799402,47.0,2026-08-13T18:40:25Z,0.7833333333333333,0.7237704918032504,0.7236338797813915
redshift,3882,2026-08-13T18:40:48Z,92806877412,12.0,2026-08-13T18:40:48Z,0.2,0.7237704918032504,0.7236338797813915
redshift,3886,2026-08-13T18:42:23Z,92901568947,47.0,2026-08-13T18:42:23Z,0.7833333333333333,0.7245901639343971,0.723720814704393
redshift,3888,2026-08-13T18:43:23Z,92962201648,48.0,2026-08-13T18:43:23Z,0.8,0.7243169398906816,0.7239443616492529
redshift,3891,2026-08-13T18:44:23Z,93023614647,46.0,2026-08-13T18:44:23Z,0.7666666666666667,0.7248633879781128,0.7239692001986772
redshift,3893,2026-08-13T18:45:23Z,93083241522,47.0,2026-08-13T18:45:23Z,0.7833333333333333,0.7218579234972374,0.7239940387481014
redshift,3896,2026-08-13T18:46:25Z,93143950047,51.0,2026-08-13T18:46:25Z,0.85,0.7224043715846686,0.7240983606557165
redshift,3899,2026-08-13T18:47:25Z,93203920113,49.0,2026-08-13T18:47:25Z,0.8166666666666667,0.7245901639343971,0.7242424242424064
redshift,3902,2026-08-13T18:48:23Z,93262389549,45.0,2026-08-13T18:48:23Z,0.75,0.7248633879781128,0.7247723132968721
redshift,3905,2026-08-13T18:49:23Z,93321804466,50.0,2026-08-13T18:49:23Z,0.8333333333333334,0.7243169398906816,0.7248137108792476
redshift,3907,2026-08-13T18:50:24Z,93382536443,49.0,2026-08-13T18:50:24Z,0.8166666666666667,0.7245901639343971,0.7251614505712496
redshift,3909,2026-08-13T18:51:23Z,93442337566,49.0,2026-08-13T18:51:23Z,0.8166666666666667,0.7245901639343971,0.7258072528563844
redshift,3912,2026-08-13T18:52:23Z,93502132324,48.0,2026-08-13T18:52:23Z,0.8,0.7256830601092595,0.7263785394932463
redshift,3914,2026-08-13T18:53:23Z,93561850492,52.0,2026-08-13T18:53:23Z,0.8666666666666667,0.7275956284152725,0.7268007948335419
redshift,3916,2026-08-13T18:53:53Z,93592035899,20.0,2026-08-13T18:53:53Z,0.3333333333333333,0.7275956284152725,0.7268007948335419
redshift,3919,2026-08-13T18:55:23Z,93681283217,48.0,2026-08-13T18:55:23Z,0.8,0.7286885245901349,0.7285784760169728
redshift,3922,2026-08-13T18:56:23Z,93741237004,48.0,2026-08-13T18:56:23Z,0.8,0.7289617486338542,0.7289410498426605
redshift,3924,2026-08-13T18:57:23Z,93801414202,53.0,2026-08-13T18:57:23Z,0.8833333333333333,0.7286885245901386,0.7306954793839808
redshift,3927,2026-08-13T18:58:26Z,93864730754,48.0,2026-08-13T18:58:26Z,0.8,0.7292349726775698,0.7324590163934152
redshift,3930,2026-08-13T18:59:24Z,93922925403,53.0,2026-08-13T18:59:24Z,0.8833333333333333,0.7306010928961478,0.7345573770491682
redshift,3932,2026-08-13T18:59:49Z,93948474537,14.0,2026-08-13T18:59:49Z,0.23333333333333334,0.7306010928961478,0.7345573770491682
redshift,3935,2026-08-13T19:00:46Z,94005580091,14.0,2026-08-13T19:00:46Z,0.23333333333333334,0.7361111111110858,0.7376582422586466
redshift,3939,2026-08-13T19:02:25Z,94102937574,51.0,2026-08-13T19:02:25Z,0.85,0.7438888888888642,0.7407588176850534
redshift,3942,2026-08-13T19:03:24Z,94161727937,47.0,2026-08-13T19:03:24Z,0.7833333333333333,0.7450819672130894,0.7437642821659293
redshift,3945,2026-08-13T19:04:26Z,94224500369,45.0,2026-08-13T19:04:26Z,0.75,0.7437158469945114,0.7467697466468053
redshift,3947,2026-08-13T19:05:23Z,94282020396,47.0,2026-08-13T19:05:23Z,0.7833333333333333,0.752499999999975,0.7519658469945398
redshift,3949,2026-08-13T19:05:58Z,94315926624,24.0,2026-08-13T19:05:58Z,0.4,0.753825136611996,0.7541356184798876
redshift,3953,2026-08-13T19:07:23Z,94402261192,47.0,2026-08-13T19:07:23Z,0.7833333333333333,0.7540983606557116,0.7578572611359546
redshift,3956,2026-08-13T19:08:25Z,94463364670,52.0,2026-08-13T19:08:25Z,0.8666666666666667,0.7617486338797521,0.7608966716343688
redshift,3958,2026-08-13T19:09:24Z,94522990865,49.0,2026-08-13T19:09:24Z,0.8166666666666667,0.7622950819671833,0.7638524590163756
redshift,3960,2026-08-13T19:10:23Z,94581840461,47.0,2026-08-13T19:10:23Z,0.7833333333333333,0.766393442622921,0.7669572776949694
redshift,3963,2026-08-13T19:11:25Z,94642972099,49.0,2026-08-13T19:11:25Z,0.8166666666666667,0.7758333333333023,0.7693628912071414
redshift,3965,2026-08-13T19:12:23Z,94699637496,46.0,2026-08-13T19:12:23Z,0.7666666666666667,0.7770491803278368,0.7716231992051441
redshift,3967,2026-08-13T19:13:23Z,94760691813,47.0,2026-08-13T19:13:23Z,0.7833333333333333,0.7773224043715524,0.7737841530054497
redshift,3971,2026-08-13T19:14:27Z,94825097718,51.0,2026-08-13T19:14:27Z,0.85,0.777595628415268,0.7753489816194691
redshift,3973,2026-08-13T19:15:23Z,94881333592,46.0,2026-08-13T19:15:23Z,0.7666666666666667,0.7778688524589836,0.77681445603575
redshift,3975,2026-08-13T19:16:23Z,94942865973,47.0,2026-08-13T19:16:23Z,0.7833333333333333,0.778961748633846,0.7773036152107745
redshift,3978,2026-08-13T19:17:23Z,95001576714,55.0,2026-08-13T19:17:23Z,0.9166666666666666,0.7786885245901304,0.7768676986682873
redshift,3981,2026-08-13T19:18:23Z,95061497408,51.0,2026-08-13T19:18:23Z,0.85,0.7778688524589836,0.7757527682963428
redshift,3983,2026-08-13T19:19:23Z,95121872902,45.0,2026-08-13T19:19:23Z,0.75,0.778961748633846,0.7751123476969042
redshift,3985,2026-08-13T19:20:23Z,95181690630,47.0,2026-08-13T19:20:23Z,0.7833333333333333,0.7784153005464148,0.7744168683129208
redshift,3988,2026-08-13T19:21:24Z,95243265713,47.0,2026-08-13T19:21:24Z,0.7833333333333333,0.7717741935483526,0.7735971961817747
redshift,3990,2026-08-13T19:22:23Z,95301057726,51.0,2026-08-13T19:22:23Z,0.85,0.7710382513660862,0.7727526855011836
redshift,3993,2026-08-13T19:23:28Z,95365905026,55.0,2026-08-13T19:23:28Z,0.9166666666666666,0.7647849462365274,0.7717343049746226
redshift,3995,2026-08-13T19:24:24Z,95422279739,46.0,2026-08-13T19:24:24Z,0.7666666666666667,0.770277777777748,0.7707904400963344
redshift,3997,2026-08-13T19:25:23Z,95481451068,51.0,2026-08-13T19:25:23Z,0.85,0.7699453551912275,0.7705060387053725
redshift,3999,2026-08-13T19:26:25Z,95543859493,53.0,2026-08-13T19:26:25Z,0.8833333333333333,0.7688524590163651,0.7711551527971054
redshift,4002,2026-08-13T19:27:23Z,95602846624,46.0,2026-08-13T19:27:23Z,0.7666666666666667,0.7696721311475119,0.7725040462798088
redshift,4004,2026-08-13T19:28:23Z,95662619462,46.0,2026-08-13T19:28:23Z,0.7666666666666667,0.7674863387977834,0.7738950050478169
redshift,4007,2026-08-13T19:29:26Z,95723714540,51.0,2026-08-13T19:29:26Z,0.85,0.7674863387977834,0.7752334823646213
redshift,4009,2026-08-13T19:30:23Z,95781134729,45.0,2026-08-13T19:30:23Z,0.75,0.7758333333332985,0.7760726113594956
redshift,4011,2026-08-13T19:31:23Z,95842021395,45.0,2026-08-13T19:31:23Z,0.75,0.7855555555555195,0.776917122040066
redshift,4014,2026-08-13T19:32:26Z,95904879322,51.0,2026-08-13T19:32:26Z,0.85,0.7866120218578865,0.7785067892034889
redshift,4016,2026-08-13T19:33:23Z,95961229406,49.0,2026-08-13T19:33:23Z,0.8166666666666667,0.7863387978141708,0.7799722636197906
redshift,4018,2026-08-13T19:34:23Z,96021186593,45.0,2026-08-13T19:34:23Z,0.75,0.7795081967212735,0.7815619307832136
redshift,4021,2026-08-13T19:35:25Z,96083928111,51.0,2026-08-13T19:35:25Z,0.85,0.7795081967212735,0.7830522437489187
redshift,4024,2026-08-13T19:36:25Z,96143429130,50.0,2026-08-13T19:36:25Z,0.8333333333333334,0.7792349726775578,0.7838085775790247
redshift,4027,2026-08-13T19:37:25Z,96202360620,48.0,2026-08-13T19:37:25Z,0.8,0.7863387978141672,0.7830601092895738
redshift,4029,2026-08-13T19:38:23Z,96260201581,51.0,2026-08-13T19:38:23Z,0.85,0.785792349726736,0.782265275707852
redshift,4031,2026-08-13T19:39:24Z,96322304016,48.0,2026-08-13T19:39:24Z,0.8,0.7849726775955892,0.7815449577744237
redshift,4034,2026-08-13T19:40:24Z,96383385509,45.0,2026-08-13T19:40:24Z,0.75,0.7838797814207268,0.7812717337307152
redshift,4036,2026-08-13T19:41:23Z,96441244561,47.0,2026-08-13T19:41:23Z,0.7833333333333333,0.7841530054644423,0.7809985096870068
redshift,4038,2026-08-13T19:42:25Z,96502155865,51.0,2026-08-13T19:42:25Z,0.85,0.7773224043715486,0.7807501241927226
redshift,4041,2026-08-13T19:43:24Z,96562693689,48.0,2026-08-13T19:43:24Z,0.8,0.7778688524589799,0.7796820665672922
redshift,4044,2026-08-13T19:44:23Z,96621169086,49.0,2026-08-13T19:44:23Z,0.8166666666666667,0.7784153005464111,0.7785146547441442
redshift,4046,2026-08-13T19:45:23Z,96680088421,47.0,2026-08-13T19:45:23Z,0.7833333333333333,0.7765027322404019,0.7775707898658559
redshift,4049,2026-08-13T19:46:25Z,96743018428,51.0,2026-08-13T19:46:25Z,0.85,0.7765027322404019,0.7759324137728262
redshift,4052,2026-08-13T19:47:23Z,96802416686,50.0,2026-08-13T19:47:23Z,0.8333333333333334,0.7765027322404019,0.7751850872553984
redshift,4054,2026-08-13T19:48:23Z,96862074184,46.0,2026-08-13T19:48:23Z,0.7666666666666667,0.774590163934389,0.7741418681793923
redshift,4056,2026-08-13T19:49:25Z,96922511652,49.0,2026-08-13T19:49:25Z,0.8166666666666667,0.7729508196720953,0.7730990497251365
redshift,4059,2026-08-13T19:50:24Z,96981980637,48.0,2026-08-13T19:50:24Z,0.8,0.774590163934389,0.7717577680559977
redshift,4061,2026-08-13T19:51:23Z,97042036637,50.0,2026-08-13T19:51:23Z,0.8333333333333334,0.7743169398906734,0.7705406791339804
redshift,4063,2026-08-13T19:51:54Z,97072948670,21.0,2026-08-13T19:51:54Z,0.35,0.767473118279532,0.7705406791339804
redshift,4066,2026-08-13T19:53:23Z,97163828975,47.0,2026-08-13T19:53:23Z,0.7833333333333333,0.7658469945354823,0.7682306940370878
redshift,4068,2026-08-13T19:53:55Z,97198181323,24.0,2026-08-13T19:53:55Z,0.4,0.7663978494623287,0.7675103761036595
redshift,4071,2026-08-13T19:55:23Z,97280778976,45.0,2026-08-13T19:55:23Z,0.75,0.7636612021857538,0.7668894123679283
redshift,4073,2026-08-13T19:56:23Z,97340577112,44.0,2026-08-13T19:56:23Z,0.7333333333333333,0.7631147540983226,0.7662187715333485
redshift,4076,2026-08-13T19:57:26Z,97403120326,51.0,2026-08-13T19:57:26Z,0.85,0.7628415300546033,0.7648091838532765
redshift,4078,2026-08-13T19:58:23Z,97460989000,45.0,2026-08-13T19:58:23Z,0.75,0.7647540983606163,0.7645061134880755
redshift,4080,2026-08-13T19:59:23Z,97520968748,48.0,2026-08-13T19:59:23Z,0.8,0.7666666666666292,0.7640838581478007
redshift,4083,2026-08-13T20:00:23Z,97579623426,51.0,2026-08-13T20:00:23Z,0.85,0.766120218579198,0.7637357178340484
redshift,4085,2026-08-13T20:01:23Z,97640561487,49.0,2026-08-13T20:01:23Z,0.8166666666666667,0.7672131147540603,0.7635121708891884
redshift,4087,2026-08-13T20:02:23Z,97702067660,51.0,2026-08-13T20:02:23Z,0.85,0.761475409836029,0.7633134624937529
redshift,4091,2026-08-13T20:03:27Z,97767197556,50.0,2026-08-13T20:03:27Z,0.8333333333333334,0.761475409836029,0.763214108296035
redshift,4093,2026-08-13T20:03:54Z,97794848583,22.0,2026-08-13T20:03:54Z,0.36666666666666664,0.7612021857923135,0.762170889220029
redshift,4096,2026-08-13T20:05:23Z,97881876760,45.0,2026-08-13T20:05:23Z,0.75,0.7625683060108914,0.7608792846497388
redshift,4098,2026-08-13T20:06:23Z,97942759938,46.0,2026-08-13T20:06:23Z,0.7666666666666667,0.7612021857923135,0.7597367113760356
redshift,4101,2026-08-13T20:07:25Z,98003794818,50.0,2026-08-13T20:07:25Z,0.8333333333333334,0.7609289617485978,0.7585444610034632
redshift,4103,2026-08-13T20:08:23Z,98061951085,45.0,2026-08-13T20:08:23Z,0.75,0.7617486338797447,0.7574018877297394
redshift,4105,2026-08-13T20:09:23Z,98122358755,49.0,2026-08-13T20:09:23Z,0.8166666666666667,0.7532786885245536,0.7562593144560155
redshift,4108,2026-08-13T20:10:27Z,98186073465,45.0,2026-08-13T20:10:27Z,0.75,0.7524590163934068,0.7545077960995225
redshift,4110,2026-08-13T20:11:23Z,98242315191,48.0,2026-08-13T20:11:23Z,0.8,0.7535519125682693,0.7525703892440767
redshift,4112,2026-08-13T20:11:58Z,98277883744,24.0,2026-08-13T20:11:58Z,0.4,0.7540983606557005,0.7507323365863489
redshift,4115,2026-08-13T20:13:25Z,98362827660,48.0,2026-08-13T20:13:25Z,0.8,0.7489071038251003,0.7488446068297724
redshift,4118,2026-08-13T20:14:27Z,98424866448,49.0,2026-08-13T20:14:27Z,0.8166666666666667,0.7489071038251003,0.7469320385237718
redshift,4120,2026-08-13T20:15:23Z,98482248060,44.0,2026-08-13T20:15:23Z,0.7333333333333333,0.7419354838709311,0.7456652725029058
redshift,4122,2026-08-13T20:16:23Z,98542285686,46.0,2026-08-13T20:16:23Z,0.7666666666666667,0.7412568306010561,0.7444978606797577
redshift,4125,2026-08-13T20:17:25Z,98603577377,47.0,2026-08-13T20:17:25Z,0.7833333333333333,0.7409836065573405,0.742560453824312
redshift,4127,2026-08-13T20:18:23Z,98661137890,48.0,2026-08-13T20:18:23Z,0.8,0.7401639344261938,0.7412688492540217
redshift,4129,2026-08-13T20:19:23Z,98721465729,45.0,2026-08-13T20:19:23Z,0.75,0.740710382513625,0.7403498229251578
redshift,4132,2026-08-13T20:20:24Z,98783884235,51.0,2026-08-13T20:20:24Z,0.85,0.7393442622950469,0.7404988542217242
redshift,4134,2026-08-13T20:21:23Z,98844299826,46.0,2026-08-13T20:21:23Z,0.7666666666666667,0.7396174863387626,0.7409339294584821
redshift,4136,2026-08-13T20:21:54Z,98876047662,21.0,2026-08-13T20:21:54Z,0.35,0.7322404371584377,0.7414509852624178
redshift,4139,2026-08-13T20:23:23Z,98960913502,46.0,2026-08-13T20:23:23Z,0.7666666666666667,0.7398907103824819,0.7423464149693163
redshift,4142,2026-08-13T20:24:23Z,99022087715,48.0,2026-08-13T20:24:23Z,0.8,0.7387978142076195,0.743745653253799
redshift,4144,2026-08-13T20:25:23Z,99081931177,45.0,2026-08-13T20:25:23Z,0.75,0.7505464480873977,0.7451962245404296
redshift,4147,2026-08-13T20:26:27Z,99144837042,49.0,2026-08-13T20:26:27Z,0.8166666666666667,0.7467213114753756,0.747688221007858
redshift,4149,2026-08-13T20:27:24Z,99202368291,52.0,2026-08-13T20:27:24Z,0.8666666666666667,0.7469444444444093,0.748421924159588
redshift,4152,2026-08-13T20:28:28Z,99266116570,53.0,2026-08-13T20:28:28Z,0.8833333333333333,0.7508333333332985,0.750642490478516
redshift,4154,2026-08-13T20:29:23Z,99320905964,53.0,2026-08-13T20:29:23Z,0.8833333333333333,0.7555555555555202,0.7521170723629315
redshift,4157,2026-08-13T20:30:23Z,99381079447,49.0,2026-08-13T20:30:23Z,0.8166666666666667,0.7566666666666303,0.7542970690511249
redshift,4159,2026-08-13T20:31:23Z,99441113914,49.0,2026-08-13T20:31:23Z,0.8166666666666667,0.7572222222221892,0.7555857757906572
redshift,4161,2026-08-13T20:31:55Z,99473552091,24.0,2026-08-13T20:31:55Z,0.4,0.7572222222221892,0.7564165907710579
redshift,4165,2026-08-13T20:33:25Z,99559288392,51.0,2026-08-13T20:33:25Z,0.85,0.7566666666666341,0.7599074074073732
redshift,4167,2026-08-13T20:34:23Z,99619115984,48.0,2026-08-13T20:34:23Z,0.8,0.756111111111079,0.7607323232322911
redshift,4170,2026-08-13T20:35:26Z,99682510332,50.0,2026-08-13T20:35:26Z,0.8333333333333334,0.7627777777777472,0.7619191919191673
redshift,4172,2026-08-13T20:36:24Z,99741813241,46.0,2026-08-13T20:36:24Z,0.7666666666666667,0.7647222222221899,0.7633333333333006
redshift,4174,2026-08-13T20:37:23Z,99800713886,49.0,2026-08-13T20:37:23Z,0.8166666666666667,0.7655555555555225,0.7647474747474338
redshift,4177,2026-08-13T20:38:24Z,99863300512,51.0,2026-08-13T20:38:24Z,0.85,0.7666666666666363,0.766868686868644
redshift,4179,2026-08-13T20:38:55Z,99896052217,20.0,2026-08-13T20:38:55Z,0.3333333333333333,0.7688888888888603,0.7680787037036604
redshift,4182,2026-08-13T20:40:24Z,99982740172,45.0,2026-08-13T20:40:24Z,0.75,0.7686111111110828,0.7721565725561277
redshift,4184,2026-08-13T20:41:24Z,100042902234,49.0,2026-08-13T20:41:24Z,0.8166666666666667,0.7722222222221944,0.7730091902632549
redshift,4187,2026-08-13T20:42:23Z,100102746010,49.0,2026-08-13T20:42:23Z,0.8166666666666667,0.7727777777777495,0.774524341778405
redshift,4189,2026-08-13T20:43:07Z,100147177946,32.0,2026-08-13T20:43:07Z,0.5333333333333333,0.780555555555524,0.7760899983440637
redshift,4191,2026-08-13T20:44:23Z,100221856306,48.0,2026-08-13T20:44:23Z,0.8,0.7813888888888566,0.7775293922834614
redshift,4194,2026-08-13T20:45:23Z,100281781380,46.0,2026-08-13T20:45:23Z,0.7666666666666667,0.781111111111079,0.7788677761218423
redshift,4196,2026-08-13T20:45:52Z,100310818843,22.0,2026-08-13T20:45:52Z,0.36666666666666664,0.7806010928961433,0.7788677761218423
redshift,4199,2026-08-13T20:47:23Z,100401738022,50.0,2026-08-13T20:47:23Z,0.8333333333333334,0.7813888888888566,0.7813677761218348
redshift,4201,2026-08-13T20:48:27Z,100465321507,47.0,2026-08-13T20:48:27Z,0.7833333333333333,0.7827777777777442,0.7831354528895066
redshift,4203,2026-08-13T20:49:23Z,100520867618,48.0,2026-08-13T20:49:23Z,0.8,0.7824999999999667,0.7842970690511183
redshift,4206,2026-08-13T20:50:23Z,100582193687,44.0,2026-08-13T20:50:23Z,0.7333333333333333,0.7836111111110767,0.7854586852127299
redshift,4208,2026-08-13T20:51:24Z,100643019825,49.0,2026-08-13T20:51:24Z,0.8166666666666667,0.7836111111110767,0.7873055555554856
redshift,4210,2026-08-13T20:51:56Z,100673103928,23.0,2026-08-13T20:51:56Z,0.38333333333333336,0.7847222222221869,0.7873055555554856
redshift,4213,2026-08-13T20:53:23Z,100765828469,49.0,2026-08-13T20:53:23Z,0.8166666666666667,0.7922222222221876,0.7885555555554902
redshift,4215,2026-08-13T20:53:59Z,100806323389,43.0,2026-08-13T20:53:59Z,0.7166666666666667,0.7933333333332977,0.7895555555554893
redshift,4217,2026-08-13T20:55:45Z,100906831861,67.0,2026-08-13T20:55:45Z,1.1166666666666667,0.7941666666666303,0.7908838383837685
redshift,4219,2026-08-13T20:56:25Z,100946107129,31.0,2026-08-13T20:56:25Z,0.5166666666666667,0.7947222222221854,0.7916111111110468
redshift,4222,2026-08-13T20:57:57Z,101042046570,65.0,2026-08-13T20:57:57Z,1.0833333333333333,0.7938888888888528,0.7945555555554847
redshift,4224,2026-08-13T20:59:09Z,101110670726,62.0,2026-08-13T20:59:09Z,1.0333333333333334,0.7927777777777388,0.7956666666666024
redshift,4226,2026-08-13T21:00:12Z,101169514825,52.0,2026-08-13T21:00:12Z,0.8666666666666667,0.7924999999999576,0.7967222222221608
redshift,4230,2026-08-13T21:01:13Z,101230198695,53.0,2026-08-13T21:01:13Z,0.8833333333333333,0.7941666666666265,0.7973484848484159
redshift,4232,2026-08-13T21:02:11Z,101289108974,49.0,2026-08-13T21:02:11Z,0.8166666666666667,0.7949999999999591,0.7986944444443906
redshift,4234,2026-08-13T21:03:11Z,101349795800,49.0,2026-08-13T21:03:11Z,0.8166666666666667,0.8027777777777335,0.7991919191918607
redshift,4236,2026-08-13T21:04:14Z,101413015812,48.0,2026-08-13T21:04:14Z,0.8,0.8033333333332924,0.7999999999999339
redshift,4239,2026-08-13T21:05:10Z,101467817940,46.0,2026-08-13T21:05:10Z,0.7666666666666667,0.8038888888888475,0.8016919191918532
redshift,4241,2026-08-13T21:06:11Z,101527147260,52.0,2026-08-13T21:06:11Z,0.8666666666666667,0.80361111111107,0.8036616161615381
redshift,4244,2026-08-13T21:07:12Z,101590882731,49.0,2026-08-13T21:07:12Z,0.8166666666666667,0.8049999999999575,0.8054545454544744
redshift,4246,2026-08-13T21:08:11Z,101651609774,54.0,2026-08-13T21:08:11Z,0.9,0.804166666666625,0.8071969696969021
redshift,4248,2026-08-13T21:09:14Z,101712126794,53.0,2026-08-13T21:09:14Z,0.8833333333333333,0.8027777777777374,0.8086868686868084
redshift,4250,2026-08-13T21:10:16Z,101773748895,48.0,2026-08-13T21:10:16Z,0.8,0.8113888888888482,0.8101767676767146
redshift,4253,2026-08-13T21:11:13Z,101830967313,58.0,2026-08-13T21:11:13Z,0.9666666666666667,0.8141666666666273,0.8117424242423733
redshift,4256,2026-08-13T21:12:26Z,101903481192,50.0,2026-08-13T21:12:26Z,0.8333333333333334,0.8138888888888497,0.8140151515151088
redshift,4259,2026-08-13T21:13:20Z,101956345265,52.0,2026-08-13T21:13:20Z,0.8666666666666667,0.8141666666666273,0.8160353535353021
redshift,4261,2026-08-13T21:14:16Z,102012610326,51.0,2026-08-13T21:14:16Z,0.85,0.8191666666666265,0.8174747474746998
redshift,4264,2026-08-13T21:15:16Z,102074328618,48.0,2026-08-13T21:15:16Z,0.8,0.8197222222221815,0.8191161616161108
redshift,4267,2026-08-13T21:16:18Z,102134601712,45.0,2026-08-13T21:16:18Z,0.75,0.8211111111110692,0.8192730584533323
redshift,4269,2026-08-13T21:17:16Z,102192059245,46.0,2026-08-13T21:17:16Z,0.7666666666666667,0.8286111111110699,0.8191720483523361
redshift,4272,2026-08-13T21:18:18Z,102255254553,52.0,2026-08-13T21:18:18Z,0.8666666666666667,0.8272222222221823,0.818970028150323
redshift,4274,2026-08-13T21:19:16Z,102315656215,47.0,2026-08-13T21:19:16Z,0.7833333333333333,0.8199999999999591,0.8187932604735537
redshift,4276,2026-08-13T21:20:16Z,102374860378,49.0,2026-08-13T21:20:16Z,0.8166666666666667,0.8208333333332917,0.8182124523927375
redshift,4279,2026-08-13T21:21:20Z,102438577298,51.0,2026-08-13T21:21:20Z,0.85,0.8131147540983181,0.8171265938068782
redshift,4282,2026-08-13T21:22:16Z,102495366464,50.0,2026-08-13T21:22:16Z,0.8333333333333334,0.8130555555555133,0.8164952806755537
redshift,4285,2026-08-13T21:23:16Z,102555628710,48.0,2026-08-13T21:23:16Z,0.8,0.8116666666666219,0.8151113594965615
redshift,4287,2026-08-13T21:24:16Z,102615110342,50.0,2026-08-13T21:24:16Z,0.8333333333333334,0.812222222222177,0.8134314456035348
redshift,4290,2026-08-13T21:25:17Z,102674887850,51.0,2026-08-13T21:25:17Z,0.85,0.8127777777777321,0.8120355191256501
redshift,4292,2026-08-13T21:26:17Z,102733467297,47.0,2026-08-13T21:26:17Z,0.7833333333333333,0.8077777777777329,0.8105886736214374
redshift,4294,2026-08-13T21:27:16Z,102791788655,47.0,2026-08-13T21:27:16Z,0.7833333333333333,0.8141666666666235,0.809744162940867
redshift,4297,2026-08-13T21:28:18Z,102856766483,51.0,2026-08-13T21:28:18Z,0.85,0.8133879781420338,0.8088801953965685
redshift,4300,2026-08-13T21:29:17Z,102915755889,49.0,2026-08-13T21:29:17Z,0.8166666666666667,0.8087431693988648,0.8081176519291066
redshift,4302,2026-08-13T21:30:19Z,102978592213,52.0,2026-08-13T21:30:19Z,0.8666666666666667,0.8046448087431272,0.8073046034111567
redshift,4305,2026-08-13T21:31:20Z,103037801506,55.0,2026-08-13T21:31:20Z,0.9166666666666666,0.8049180327868465,0.8065900811392649
redshift,4307,2026-08-13T21:32:16Z,103092034413,52.0,2026-08-13T21:32:16Z,0.8666666666666667,0.8038251366119804,0.8063052657724835
redshift,4309,2026-08-13T21:33:16Z,103152570156,52.0,2026-08-13T21:33:16Z,0.8666666666666667,0.8035519125682647,0.8054644808743309
redshift,4312,2026-08-13T21:34:21Z,103219190277,53.0,2026-08-13T21:34:21Z,0.8833333333333333,0.8032786885245492,0.8045951316443155
redshift,4314,2026-08-13T21:35:16Z,103274667550,50.0,2026-08-13T21:35:16Z,0.8333333333333334,0.8032786885245492,0.8040735221063021
redshift,4316,2026-08-13T21:36:16Z,103335029708,49.0,2026-08-13T21:36:16Z,0.8166666666666667,0.8049180327868427,0.804023845007433
redshift,4319,2026-08-13T21:37:16Z,103395804088,51.0,2026-08-13T21:37:16Z,0.85,0.8046448087431272,0.8037257824142795
redshift,4321,2026-08-13T21:38:16Z,103455010113,46.0,2026-08-13T21:38:16Z,0.7666666666666667,0.8049180327868427,0.8034773969199953
redshift,4323,2026-08-13T21:39:16Z,103513145410,46.0,2026-08-13T21:39:16Z,0.7666666666666667,0.8038251366119766,0.8031793343268419
redshift,4326,2026-08-13T21:40:18Z,103576338239,51.0,2026-08-13T21:40:18Z,0.85,0.8030054644808261,0.802930948832537
redshift,4329,2026-08-13T21:41:18Z,103635808278,55.0,2026-08-13T21:41:18Z,0.9166666666666666,0.8040983606556885,0.8026080476899593
redshift,4332,2026-08-13T21:42:16Z,103693132137,48.0,2026-08-13T21:42:16Z,0.8,0.8016393442622444,0.8022603079979572
redshift,4335,2026-08-13T21:43:16Z,103752955308,50.0,2026-08-13T21:43:16Z,0.8333333333333334,0.8010928961748132,0.8020864381519459
redshift,4338,2026-08-13T21:44:16Z,103813214077,50.0,2026-08-13T21:44:16Z,0.8333333333333334,0.8002732240436664,0.8017635370093682
redshift,4340,2026-08-13T21:45:17Z,103872489663,50.0,2026-08-13T21:45:17Z,0.8333333333333334,0.800546448087382,0.8015896671633569
redshift,4343,2026-08-13T21:46:19Z,103935446233,51.0,2026-08-13T21:46:19Z,0.85,0.7997267759562352,0.8015255009106568
redshift,4345,2026-08-13T21:47:16Z,103992759928,49.0,2026-08-13T21:47:16Z,0.8166666666666667,0.8010928961748132,0.8012916045702034
redshift,4347,2026-08-13T21:48:16Z,104052283677,45.0,2026-08-13T21:48:16Z,0.75,0.8027322404371068,0.8005216095379265
redshift,4349,2026-08-13T21:48:49Z,104085187868,21.0,2026-08-13T21:48:49Z,0.35,0.8013661202185288,0.7998261301539226
redshift,4353,2026-08-13T21:50:17Z,104174214910,51.0,2026-08-13T21:50:17Z,0.85,0.80191256830596,0.7991306507699185
redshift,4355,2026-08-13T21:51:16Z,104234287843,49.0,2026-08-13T21:51:16Z,0.8166666666666667,0.80191256830596,0.7983606557376416
redshift,4357,2026-08-13T21:51:44Z,104262754896,16.0,2026-08-13T21:51:44Z,0.26666666666666666,0.80191256830596,0.7983606557376416
redshift,4359,2026-08-13T21:52:48Z,104327392710,18.0,2026-08-13T21:52:48Z,0.3,0.7931693989070534,0.797093889716755
redshift,4363,2026-08-13T21:54:18Z,104416245835,51.0,2026-08-13T21:54:18Z,0.85,0.793442622950769,0.7962742175856089
redshift,4365,2026-08-13T21:55:16Z,104473804459,45.0,2026-08-13T21:55:16Z,0.75,0.7926229508196222,0.7956532538498984
redshift,4367,2026-08-13T21:56:16Z,104530472787,49.0,2026-08-13T21:56:16Z,0.8166666666666667,0.792076502732191,0.7948584202681972
redshift,4371,2026-08-13T21:57:16Z,104590030912,54.0,2026-08-13T21:57:16Z,0.9,0.7926229508196222,0.7930601092895813
redshift,4373,2026-08-13T21:58:16Z,104655098432,46.0,2026-08-13T21:58:16Z,0.7666666666666667,0.7942622950819195,0.7928713363139237
redshift,4376,2026-08-13T21:59:16Z,104716130062,48.0,2026-08-13T21:59:16Z,0.8,0.7937158469944883,0.7925732737207702
redshift,4378,2026-08-13T22:00:16Z,104774378292,47.0,2026-08-13T22:00:16Z,0.7833333333333333,0.7945355191256351,0.7917287630401998
redshift,4381,2026-08-13T22:01:18Z,104835058529,53.0,2026-08-13T22:01:18Z,0.8833333333333333,0.7931693989070571,0.7909836065573472
redshift,4384,2026-08-13T22:02:21Z,104897462928,49.0,2026-08-13T22:02:21Z,0.8166666666666667,0.7909836065573286,0.7902881271733432
redshift,4387,2026-08-13T22:03:18Z,104956170970,48.0,2026-08-13T22:03:18Z,0.8,0.7909836065573286,0.7888082303735163
redshift,4389,2026-08-13T22:04:16Z,105015305347,48.0,2026-08-13T22:04:16Z,0.8,0.7898907103824662,0.7871937246606691
redshift,4391,2026-08-13T22:05:16Z,105074674026,48.0,2026-08-13T22:05:16Z,0.8,0.7841530054644312,0.7856040574972254
redshift,4395,2026-08-13T22:06:19Z,105137220072,52.0,2026-08-13T22:06:19Z,0.8666666666666667,0.7844262295081468,0.7838405204877703
redshift,4398,2026-08-13T22:07:21Z,105198451021,51.0,2026-08-13T22:07:21Z,0.85,0.7844262295081468,0.7820024678300425
redshift,4401,2026-08-13T22:08:18Z,105255166123,50.0,2026-08-13T22:08:18Z,0.8333333333333334,0.7763440860214558,0.7802886079194568
redshift,4403,2026-08-13T22:09:16Z,105314967011,50.0,2026-08-13T22:09:16Z,0.8333333333333334,0.776502732240387,0.7785747480088709
redshift,4405,2026-08-13T22:10:16Z,105375407483,50.0,2026-08-13T22:10:16Z,0.8333333333333334,0.7762295081966714,0.7769850808454273
redshift,4408,2026-08-13T22:11:19Z,105437875016,52.0,2026-08-13T22:11:19Z,0.8666666666666667,0.775136612021809,0.7758673461211277
redshift,4411,2026-08-13T22:12:17Z,105495533771,49.0,2026-08-13T22:12:17Z,0.8166666666666667,0.7729508196720805,0.7747744499462524
redshift,4414,2026-08-13T22:13:16Z,105554658075,48.0,2026-08-13T22:13:16Z,0.8,0.7721311475409337,0.7737312308702464
redshift,4416,2026-08-13T22:14:16Z,105614930700,49.0,2026-08-13T22:14:16Z,0.8166666666666667,0.7721311475409337,0.7736214605066504
redshift,4419,2026-08-13T22:15:18Z,105676657385,52.0,2026-08-13T22:15:18Z,0.8666666666666667,0.7724043715846493,0.7742424242423609
redshift,4421,2026-08-13T22:16:16Z,105733725984,45.0,2026-08-13T22:16:16Z,0.75,0.771857923497218,0.7747888723297985
redshift,4423,2026-08-13T22:17:17Z,105794151900,50.0,2026-08-13T22:17:17Z,0.8333333333333334,0.772404371584653,0.7773876745597667
redshift,4426,2026-08-13T22:18:16Z,105854941087,52.0,2026-08-13T22:18:16Z,0.8666666666666667,0.7729508196720842,0.777791025004097
redshift,4428,2026-08-13T22:19:16Z,105915437945,47.0,2026-08-13T22:19:16Z,0.7833333333333333,0.7751366120218127,0.7797035933101184
redshift,4430,2026-08-13T22:20:16Z,105974902226,49.0,2026-08-13T22:20:16Z,0.8166666666666667,0.7833333333332881,0.7816658387149883
redshift,4433,2026-08-13T22:21:16Z,106035237543,49.0,2026-08-13T22:21:16Z,0.8166666666666667,0.7822404371584257,0.7838019539658696
redshift,4435,2026-08-13T22:22:17Z,106094986795,49.0,2026-08-13T22:22:17Z,0.8166666666666667,0.790555555555511,0.786037423414448
redshift,4437,2026-08-13T22:22:45Z,106121597037,20.0,2026-08-13T22:22:45Z,0.3333333333333333,0.790555555555511,0.786037423414448
redshift,4440,2026-08-13T22:24:16Z,106214925501,49.0,2026-08-13T22:24:16Z,0.8166666666666667,0.7931693989070608,0.7900861069713301
redshift,4442,2026-08-13T22:25:16Z,106273821344,47.0,2026-08-13T22:25:16Z,0.7833333333333333,0.7937158469944957,0.7919986752773308
redshift,4445,2026-08-13T22:26:16Z,106333760237,49.0,2026-08-13T22:26:16Z,0.8166666666666667,0.7959016393442243,0.7931412485510546
redshift,4447,2026-08-13T22:27:16Z,106394284377,49.0,2026-08-13T22:27:16Z,0.8166666666666667,0.7964480874316555,0.7941844676270606
redshift,4450,2026-08-13T22:28:19Z,106457104086,53.0,2026-08-13T22:28:19Z,0.8833333333333333,0.7945355191256426,0.7948633879781027
redshift,4453,2026-08-13T22:29:18Z,106515690932,49.0,2026-08-13T22:29:18Z,0.8166666666666667,0.7953551912567893,0.7948832588176422
redshift,4455,2026-08-13T22:30:16Z,106574082218,52.0,2026-08-13T22:30:16Z,0.8666666666666667,0.7961748633879362,0.7951068057625021
redshift,4458,2026-08-13T22:31:16Z,106634790157,47.0,2026-08-13T22:31:16Z,0.7833333333333333,0.7959016393442205,0.795330352707362
redshift,4460,2026-08-13T22:32:16Z,106695047012,47.0,2026-08-13T22:32:16Z,0.7833333333333333,0.793715846994492,0.7953551912567863
redshift,4463,2026-08-13T22:33:18Z,106756799803,52.0,2026-08-13T22:33:18Z,0.8666666666666667,0.793715846994492,0.7955402785122109
redshift,4466,2026-08-13T22:34:16Z,106814186660,48.0,2026-08-13T22:34:16Z,0.8,0.7950819672130738,0.7956316202746208
redshift,4468,2026-08-13T22:35:00Z,106858789155,32.0,2026-08-13T22:35:00Z,0.5333333333333333,0.795628415300505,0.7957061359229143
redshift,4471,2026-08-13T22:36:18Z,106934972324,51.0,2026-08-13T22:36:18Z,0.85,0.7961748633879362,0.7949361408906167
redshift,4473,2026-08-13T22:37:17Z,106995933442,49.0,2026-08-13T22:37:17Z,0.8166666666666667,0.7961748633879362,0.7940916302100463
redshift,4475,2026-08-13T22:38:16Z,107054508065,48.0,2026-08-13T22:38:16Z,0.8,0.7961748633879362,0.7934706664743358
redshift,4477,2026-08-13T22:38:46Z,107084240980,20.0,2026-08-13T22:38:46Z,0.3333333333333333,0.7978494623655515,0.7934706664743358
redshift,4480,2026-08-13T22:40:16Z,107175298556,45.0,2026-08-13T22:40:16Z,0.75,0.7961748633879399,0.7922039004534699
redshift,4482,2026-08-13T22:41:16Z,107232771910,47.0,2026-08-13T22:41:16Z,0.7833333333333333,0.7877049180327489,0.7915332596188901
redshift,4485,2026-08-13T22:42:16Z,107293353623,47.0,2026-08-13T22:42:16Z,0.7833333333333333,0.7866120218578865,0.7909122958831797
redshift,4487,2026-08-13T22:43:16Z,107354329320,45.0,2026-08-13T22:43:16Z,0.75,0.786885245901602,0.7902416550485999
redshift,4490,2026-08-13T22:44:18Z,107415233842,50.0,2026-08-13T22:44:18Z,0.8333333333333334,0.7877049180327489,0.7878688524589734
redshift,4492,2026-08-13T22:45:16Z,107471147825,51.0,2026-08-13T22:45:16Z,0.85,0.7871584699453177,0.7871336313958802
redshift,4494,2026-08-13T22:46:16Z,107530517629,48.0,2026-08-13T22:46:16Z,0.8,0.7882513661201838,0.7848981619473018
redshift,4497,2026-08-13T22:47:16Z,107592179451,53.0,2026-08-13T22:47:16Z,0.8833333333333333,0.7893442622950462,0.7820813903177334
redshift,4499,2026-08-13T22:48:16Z,107652165168,51.0,2026-08-13T22:48:16Z,0.85,0.788797814207615,0.7799146408558912
redshift,4502,2026-08-13T22:49:19Z,107717705624,53.0,2026-08-13T22:49:19Z,0.8833333333333333,0.7800546448087083,0.7778778798027278
redshift,4504,2026-08-13T22:50:16Z,107774387425,51.0,2026-08-13T22:50:16Z,0.85,0.7797814207649928,0.7757914416507158
redshift,4506,2026-08-13T22:51:17Z,107835380838,47.0,2026-08-13T22:51:17Z,0.7833333333333333,0.7715846994535174,0.7738291962458458
redshift,4509,2026-08-13T22:52:18Z,107897366370,48.0,2026-08-13T22:52:18Z,0.8,0.7567204301074915,0.771767596643258
redshift,4512,2026-08-13T22:53:19Z,107957843475,49.0,2026-08-13T22:53:19Z,0.8166666666666667,0.7627777777777435,0.7695569657441038
redshift,4514,2026-08-13T22:53:54Z,107993336786,26.0,2026-08-13T22:53:54Z,0.43333333333333335,0.7644808743169044,0.7672718191966769
redshift,4518,2026-08-13T22:55:18Z,108076665246,53.0,2026-08-13T22:55:18Z,0.8833333333333333,0.7647540983606199,0.7657566676815267
redshift,4521,2026-08-13T22:56:16Z,108134269893,53.0,2026-08-13T22:56:16Z,0.8833333333333333,0.7655737704917668,0.7642663547158008
redshift,4525,2026-08-13T22:57:16Z,108194872923,51.0,2026-08-13T22:57:16Z,0.85,0.7655737704917668,0.7636205524306454
redshift,4527,2026-08-13T22:58:17Z,108256003364,47.0,2026-08-13T22:58:17Z,0.7833333333333333,0.7650273224043356,0.7643508859082018
redshift,4529,2026-08-13T22:59:16Z,108314966617,49.0,2026-08-13T22:59:16Z,0.8166666666666667,0.7636612021857538,0.7645802285145981
redshift,4532,2026-08-13T23:00:20Z,108378817203,51.0,2026-08-13T23:00:20Z,0.85,0.7633879781420382,0.7647540983606095
redshift,4535,2026-08-13T23:01:18Z,108436359923,46.0,2026-08-13T23:01:18Z,0.7666666666666667,0.7633879781420382,0.7653005464480471
redshift,4538,2026-08-13T23:02:18Z,108496589135,45.0,2026-08-13T23:02:18Z,0.75,0.7644808743169006,0.7660208643814754
redshift,4540,2026-08-13T23:03:16Z,108555335184,49.0,2026-08-13T23:03:16Z,0.8166666666666667,0.7647540983606163,0.7662692498757596
redshift,4543,2026-08-13T23:04:19Z,108617132700,53.0,2026-08-13T23:04:19Z,0.8833333333333333,0.7653005464480511,0.7669895678091879
redshift,4545,2026-08-13T23:05:17Z,108675579408,50.0,2026-08-13T23:05:17Z,0.8333333333333334,0.7663934426229135,0.769669854280437
redshift,4547,2026-08-13T23:06:17Z,108734749174,50.0,2026-08-13T23:06:17Z,0.8333333333333334,0.7707650273223668,0.7702409339293891
redshift,4550,2026-08-13T23:07:18Z,108795116567,52.0,2026-08-13T23:07:18Z,0.8666666666666667,0.7734972677595265,0.7723273720814011
redshift,4552,2026-08-13T23:08:16Z,108853861721,51.0,2026-08-13T23:08:16Z,0.85,0.7683060109289265,0.7744386487828375
redshift,4554,2026-08-13T23:09:16Z,108914507556,54.0,2026-08-13T23:09:16Z,0.9,0.7729508196720953,0.7766492796819917
redshift,4557,2026-08-13T23:10:18Z,108976808982,46.0,2026-08-13T23:10:18Z,0.7666666666666667,0.7811475409835708,0.7788102334822766
redshift,4559,2026-08-13T23:10:47Z,109006295958,19.0,2026-08-13T23:10:47Z,0.31666666666666665,0.7816666666666303,0.7788102334822766
redshift,4562,2026-08-13T23:12:16Z,109095878724,48.0,2026-08-13T23:12:16Z,0.8,0.7863387978141708,0.7824366616988631
redshift,4564,2026-08-13T23:13:17Z,109155309272,50.0,2026-08-13T23:13:17Z,0.8333333333333334,0.7877049180327489,0.7832172131146725
redshift,4567,2026-08-13T23:14:17Z,109214794833,51.0,2026-08-13T23:14:17Z,0.85,0.7890710382513269,0.7845727769497444
redshift,4569,2026-08-13T23:15:16Z,109274977371,47.0,2026-08-13T23:15:16Z,0.7833333333333333,0.7890710382513269,0.785094386487737
redshift,4572,2026-08-13T23:16:21Z,109339693581,56.0,2026-08-13T23:16:21Z,0.9333333333333333,0.7887978142076113,0.7829901473752959
redshift,4575,2026-08-13T23:17:20Z,109398637533,49.0,2026-08-13T23:17:20Z,0.8166666666666667,0.7882513661201801,0.7819030813599473
redshift,4577,2026-08-13T23:18:08Z,109447404882,48.0,2026-08-13T23:18:08Z,0.8,0.7863387978141672,0.7814998344095702
redshift,4580,2026-08-13T23:18:47Z,109485446983,20.0,2026-08-13T23:18:47Z,0.3333333333333333,0.7789617486338423,0.7814998344095702
redshift,4583,2026-08-13T23:20:16Z,109573445699,46.0,2026-08-13T23:20:16Z,0.7666666666666667,0.7786885245901229,0.7789663023678589
redshift,4585,2026-08-13T23:20:47Z,109605346078,19.0,2026-08-13T23:20:47Z,0.31666666666666665,0.7699453551912163,0.7779558287795225
redshift,4588,2026-08-13T23:21:49Z,109666891074,19.0,2026-08-13T23:21:49Z,0.31666666666666665,0.7697222222221816,0.7785295233757665
redshift,4591,2026-08-13T23:22:48Z,109726357810,21.0,2026-08-13T23:22:48Z,0.35,0.7699453551912163,0.7780510018214386
redshift,4595,2026-08-13T23:24:20Z,109819030924,52.0,2026-08-13T23:24:20Z,0.8666666666666667,0.7704918032786513,0.7768060109288853
redshift,4597,2026-08-13T23:25:20Z,109879223354,50.0,2026-08-13T23:25:20Z,0.8333333333333334,0.7784153005464111,0.7770019870838909
redshift,4600,2026-08-13T23:26:18Z,109936837585,50.0,2026-08-13T23:26:18Z,0.8333333333333334,0.7822404371584294,0.777926229508148
redshift,4602,2026-08-13T23:27:17Z,109995854503,49.0,2026-08-13T23:27:17Z,0.8166666666666667,0.7805555555555126,0.7782157641993308
redshift,4604,2026-08-13T23:28:16Z,110054923470,47.0,2026-08-13T23:28:16Z,0.7833333333333333,0.7830555555555141,0.7794531379367154
redshift,4607,2026-08-13T23:29:16Z,110115128531,48.0,2026-08-13T23:29:16Z,0.8,0.7849999999999606,0.7806197218082244
redshift,4609,2026-08-13T23:30:16Z,110175427700,48.0,2026-08-13T23:30:16Z,0.8,0.7789617486338423,0.7819113263785146
redshift,4612,2026-08-13T23:31:20Z,110238851577,52.0,2026-08-13T23:31:20Z,0.8666666666666667,0.7808743169398552,0.7825819672130944
redshift,4615,2026-08-13T23:32:17Z,110295421127,51.0,2026-08-13T23:32:17Z,0.85,0.7811111111110752,0.7830290611028142
redshift,4617,2026-08-13T23:33:17Z,110356593926,48.0,2026-08-13T23:33:17Z,0.8,0.7833333333332956,0.7835088590826135
redshift,4619,2026-08-13T23:34:17Z,110416138194,54.0,2026-08-13T23:34:17Z,0.9,0.7827777777777404,0.7837824971021415
redshift,4622,2026-08-13T23:35:24Z,110480646874,52.0,2026-08-13T23:35:24Z,0.8666666666666667,0.7846994535518735,0.7840780758403567
redshift,4624,2026-08-13T23:36:17Z,110533707943,48.0,2026-08-13T23:36:17Z,0.8,0.7857923497267397,0.7856824777364967
redshift,4626,2026-08-13T23:37:30Z,110610544669,61.0,2026-08-13T23:37:30Z,1.0166666666666666,0.7871584699453213,0.7872224678010711
redshift,4628,2026-08-13T23:37:56Z,110635513523,30.0,2026-08-13T23:37:56Z,0.5,0.7858333333333007,0.788790608221668
redshift,4631,2026-08-13T23:39:27Z,110721418533,65.0,2026-08-13T23:39:27Z,1.0833333333333333,0.786065573770459,0.790181566989676
redshift,4634,2026-08-13T23:40:25Z,110781892749,50.0,2026-08-13T23:40:25Z,0.8333333333333334,0.7882513661201838,0.7915236766104747
redshift,4636,2026-08-13T23:41:22Z,110839559903,48.0,2026-08-13T23:41:22Z,0.8,0.7966101694914908,0.7920949632473366
redshift,4638,2026-08-13T23:42:22Z,110898736779,63.0,2026-08-13T23:42:22Z,1.05,0.7978142076502371,0.7925420571370565
redshift,4641,2026-08-13T23:43:23Z,110956436967,52.0,2026-08-13T23:43:23Z,0.8666666666666667,0.7983606557376683,0.7926725080526277
redshift,4643,2026-08-13T23:44:24Z,111016488901,50.0,2026-08-13T23:44:24Z,0.8333333333333334,0.798633879781384,0.793294251208925
redshift,4645,2026-08-13T23:45:21Z,111075976146,50.0,2026-08-13T23:45:21Z,0.8333333333333334,0.7975409836065216,0.7949228116348953
redshift,4647,2026-08-13T23:46:24Z,111141997354,50.0,2026-08-13T23:46:24Z,0.8333333333333334,0.7909836065573435,0.7955293066816839
redshift,4650,2026-08-13T23:47:24Z,111203354501,46.0,2026-08-13T23:47:24Z,0.7666666666666667,0.7907103825136279,0.7973526246066946
redshift,4652,2026-08-13T23:48:21Z,111260892473,46.0,2026-08-13T23:48:21Z,0.7666666666666667,0.7907103825136279,0.7997979369728744
redshift,4654,2026-08-13T23:48:52Z,111290618527,24.0,2026-08-13T23:48:52Z,0.4,0.7905555555555225,0.8018741625316466
redshift,4657,2026-08-13T23:50:20Z,111378844177,52.0,2026-08-13T23:50:20Z,0.8666666666666667,0.7991803278688189,0.8044974566407125
redshift,4660,2026-08-13T23:50:49Z,111407630768,19.0,2026-08-13T23:50:49Z,0.31666666666666665,0.7997222222221884,0.8044974566407125
redshift,4663,2026-08-13T23:52:20Z,111499277528,47.0,2026-08-13T23:52:20Z,0.7833333333333333,0.816666666666633,0.8084756956693582
redshift,4666,2026-08-13T23:53:41Z,111578304428,71.0,2026-08-13T23:53:41Z,1.1833333333333333,0.8247126436781282,0.8129400280150466
redshift,4668,2026-08-13T23:54:07Z,111604031473,28.0,2026-08-13T23:54:07Z,0.4666666666666667,0.8247126436781282,0.8151629925651832
redshift,4671,2026-08-13T23:55:43Z,111700676908,55.0,2026-08-13T23:55:43Z,0.9166666666666666,0.8239766081871032,0.8191885790996697
redshift,4673,2026-08-13T23:56:41Z,111752685551,67.0,2026-08-13T23:56:41Z,1.1166666666666667,0.8238095238094932,0.8237662016083732
redshift,4676,2026-08-13T23:57:54Z,111824239504,60.0,2026-08-13T23:57:54Z,1.0,0.8237654320987362,0.8245145009281032
redshift,4678,2026-08-13T23:58:50Z,111884766565,54.0,2026-08-13T23:58:50Z,0.9,0.8245283018867633,0.8244813335586307
redshift,4680,2026-08-13T23:59:48Z,111945793494,50.0,2026-08-13T23:59:48Z,0.8333333333333334,0.8249999999999711,0.8242919027178687
redshift,4682,2026-08-14T00:00:22Z,111979397085,24.0,2026-08-14T00:00:22Z,0.4,0.8249999999999711,0.8241789702335196
redshift,4685,2026-08-14T00:01:46Z,112067896778,58.0,2026-08-14T00:01:46Z,0.9666666666666667,0.8254901960784028,0.8240085012415338
redshift,4687,2026-08-14T00:02:49Z,112127362127,49.0,2026-08-14T00:02:49Z,0.8166666666666667,0.8241496598639199,0.8238978711309012
redshift,4690,2026-08-14T00:03:47Z,112187436790,51.0,2026-08-14T00:03:47Z,0.85,0.8241496598639199,0.8240629586990839
redshift,4692,2026-08-14T00:04:50Z,112250118424,52.0,2026-08-14T00:04:50Z,0.8666666666666667,0.8230496453900432,0.824158694468348
redshift,4694,2026-08-14T00:05:47Z,112304298094,55.0,2026-08-14T00:05:47Z,0.9166666666666666,0.8230496453900432,0.8236536439632842
redshift,4696,2026-08-14T00:06:45Z,112368512191,54.0,2026-08-14T00:06:45Z,0.9,0.8221014492753362,0.823161219720863
redshift,4699,2026-08-14T00:07:50Z,112430066622,55.0,2026-08-14T00:07:50Z,0.9166666666666666,0.822592592592567,0.8226242321985947
redshift,4701,2026-08-14T00:08:47Z,112486071266,51.0,2026-08-14T00:08:47Z,0.85,0.8255813953488108,0.821672009817803
redshift,4703,2026-08-14T00:09:48Z,112546125586,48.0,2026-08-14T00:09:48Z,0.8,0.8255813953488108,0.8205930136260288
redshift,4706,2026-08-14T00:10:49Z,112608870678,62.0,2026-08-14T00:10:49Z,1.0333333333333334,0.8194444444444192,0.8188580272765952
redshift,4708,2026-08-14T00:11:54Z,112672932794,52.0,2026-08-14T00:11:54Z,0.8666666666666667,0.8195833333333098,0.8184769710844648
redshift,4710,2026-08-14T00:12:48Z,112726547060,48.0,2026-08-14T00:12:48Z,0.8,0.8195833333333098,0.817420129375457
redshift,4712,2026-08-14T00:13:48Z,112789546385,50.0,2026-08-14T00:13:48Z,0.8333333333333334,0.8136752136751907,0.8164357760381542
redshift,4715,2026-08-14T00:14:48Z,112846590613,51.0,2026-08-14T00:14:48Z,0.85,0.8122807017543652,0.8164776188852391
redshift,4717,2026-08-14T00:15:48Z,112906425297,47.0,2026-08-14T00:15:48Z,0.7833333333333333,0.8117117117116924,0.816519461732324
redshift,4719,2026-08-14T00:16:18Z,112937097617,23.0,2026-08-14T00:16:18Z,0.38333333333333336,0.8111111111110935,0.8186150621435218
redshift,4722,2026-08-14T00:17:51Z,113030571666,55.0,2026-08-14T00:17:51Z,0.9166666666666666,0.8104761904761745,0.8184352967944506
redshift,4724,2026-08-14T00:18:48Z,113086992438,49.0,2026-08-14T00:18:48Z,0.8166666666666667,0.8117647058823368,0.8183077371790104
redshift,4726,2026-08-14T00:19:48Z,113146866144,49.0,2026-08-14T00:19:48Z,0.8166666666666667,0.8260416666666472,0.8188868026169871
redshift,4729,2026-08-14T00:20:50Z,113208329920,50.0,2026-08-14T00:20:50Z,0.8333333333333334,0.8260416666666472,0.819830531311644
redshift,4731,2026-08-14T00:21:48Z,113218859785,50.0,2026-08-14T00:21:48Z,0.8333333333333334,0.8416666666666515,0.8211836679116308
