system,workload,iteration,raw_rows,query,seconds,source,phase
databricks,dashboard,1,48991024,1,2.31,quotes/databricks/results/serverless_baseline_full_20260918T170453Z/mv/dashboard_20260918T170453Z.jsonl,accepted_ingestion_window
databricks,dashboard,1,48991024,2,0.843,quotes/databricks/results/serverless_baseline_full_20260918T170453Z/mv/dashboard_20260918T170453Z.jsonl,accepted_ingestion_window
databricks,dashboard,1,48991024,3,0.445,quotes/databricks/results/serverless_baseline_full_20260918T170453Z/mv/dashboard_20260918T170453Z.jsonl,accepted_ingestion_window
databricks,dashboard,1,48991024,4,0.441,quotes/databricks/results/serverless_baseline_full_20260918T170453Z/mv/dashboard_20260918T170453Z.jsonl,accepted_ingestion_window
databricks,dashboard,2,649003190,1,0.994,quotes/databricks/results/serverless_baseline_full_20260918T170453Z/mv/dashboard_20260918T170453Z.jsonl,accepted_ingestion_window
databricks,dashboard,2,649003190,2,0.375,quotes/databricks/results/serverless_baseline_full_20260918T170453Z/mv/dashboard_20260918T170453Z.jsonl,accepted_ingestion_window
databricks,dashboard,2,649003190,3,0.531,quotes/databricks/results/serverless_baseline_full_20260918T170453Z/mv/dashboard_20260918T170453Z.jsonl,accepted_ingestion_window
databricks,dashboard,2,649003190,4,1.414,quotes/databricks/results/serverless_baseline_full_20260918T170453Z/mv/dashboard_20260918T170453Z.jsonl,accepted_ingestion_window
databricks,dashboard,3,1249020088,1,1.148,quotes/databricks/results/serverless_baseline_full_20260918T170453Z/mv/dashboard_20260918T170453Z.jsonl,accepted_ingestion_window
databricks,dashboard,3,1249020088,2,0.387,quotes/databricks/results/serverless_baseline_full_20260918T170453Z/mv/dashboard_20260918T170453Z.jsonl,accepted_ingestion_window
databricks,dashboard,3,1249020088,3,0.356,quotes/databricks/results/serverless_baseline_full_20260918T170453Z/mv/dashboard_20260918T170453Z.jsonl,accepted_ingestion_window
databricks,dashboard,3,1249020088,4,0.372,quotes/databricks/results/serverless_baseline_full_20260918T170453Z/mv/dashboard_20260918T170453Z.jsonl,accepted_ingestion_window
databricks,dashboard,4,1848994361,1,1.366,quotes/databricks/results/serverless_baseline_full_20260918T170453Z/mv/dashboard_20260918T170453Z.jsonl,accepted_ingestion_window
databricks,dashboard,4,1848994361,2,0.345,quotes/databricks/results/serverless_baseline_full_20260918T170453Z/mv/dashboard_20260918T170453Z.jsonl,accepted_ingestion_window
databricks,dashboard,4,1848994361,3,0.322,quotes/databricks/results/serverless_baseline_full_20260918T170453Z/mv/dashboard_20260918T170453Z.jsonl,accepted_ingestion_window
databricks,dashboard,4,1848994361,4,0.79,quotes/databricks/results/serverless_baseline_full_20260918T170453Z/mv/dashboard_20260918T170453Z.jsonl,accepted_ingestion_window
databricks,dashboard,5,2448987056,1,1.709,quotes/databricks/results/serverless_baseline_full_20260918T170453Z/mv/dashboard_20260918T170453Z.jsonl,accepted_ingestion_window
databricks,dashboard,5,2448987056,2,0.354,quotes/databricks/results/serverless_baseline_full_20260918T170453Z/mv/dashboard_20260918T170453Z.jsonl,accepted_ingestion_window
databricks,dashboard,5,2448987056,3,0.568,quotes/databricks/results/serverless_baseline_full_20260918T170453Z/mv/dashboard_20260918T170453Z.jsonl,accepted_ingestion_window
databricks,dashboard,5,2448987056,4,0.833,quotes/databricks/results/serverless_baseline_full_20260918T170453Z/mv/dashboard_20260918T170453Z.jsonl,accepted_ingestion_window
databricks,dashboard,6,3049016351,1,1.021,quotes/databricks/results/serverless_baseline_full_20260918T170453Z/mv/dashboard_20260918T170453Z.jsonl,accepted_ingestion_window
databricks,dashboard,6,3049016351,2,0.373,quotes/databricks/results/serverless_baseline_full_20260918T170453Z/mv/dashboard_20260918T170453Z.jsonl,accepted_ingestion_window
databricks,dashboard,6,3049016351,3,0.346,quotes/databricks/results/serverless_baseline_full_20260918T170453Z/mv/dashboard_20260918T170453Z.jsonl,accepted_ingestion_window
databricks,dashboard,6,3049016351,4,1.131,quotes/databricks/results/serverless_baseline_full_20260918T170453Z/mv/dashboard_20260918T170453Z.jsonl,accepted_ingestion_window
databricks,dashboard,7,3648905245,1,1.204,quotes/databricks/results/serverless_baseline_full_20260918T170453Z/mv/dashboard_20260918T170453Z.jsonl,accepted_ingestion_window
databricks,dashboard,7,3648905245,2,0.354,quotes/databricks/results/serverless_baseline_full_20260918T170453Z/mv/dashboard_20260918T170453Z.jsonl,accepted_ingestion_window
databricks,dashboard,7,3648905245,3,0.335,quotes/databricks/results/serverless_baseline_full_20260918T170453Z/mv/dashboard_20260918T170453Z.jsonl,accepted_ingestion_window
databricks,dashboard,7,3648905245,4,0.62,quotes/databricks/results/serverless_baseline_full_20260918T170453Z/mv/dashboard_20260918T170453Z.jsonl,accepted_ingestion_window
databricks,dashboard,8,4248886900,1,1.1,quotes/databricks/results/serverless_baseline_full_20260918T170453Z/mv/dashboard_20260918T170453Z.jsonl,accepted_ingestion_window
databricks,dashboard,8,4248886900,2,1.119,quotes/databricks/results/serverless_baseline_full_20260918T170453Z/mv/dashboard_20260918T170453Z.jsonl,accepted_ingestion_window
databricks,dashboard,8,4248886900,3,0.677,quotes/databricks/results/serverless_baseline_full_20260918T170453Z/mv/dashboard_20260918T170453Z.jsonl,accepted_ingestion_window
databricks,dashboard,8,4248886900,4,0.494,quotes/databricks/results/serverless_baseline_full_20260918T170453Z/mv/dashboard_20260918T170453Z.jsonl,accepted_ingestion_window
databricks,dashboard,9,4848983718,1,1.155,quotes/databricks/results/serverless_baseline_full_20260918T170453Z/mv/dashboard_20260918T170453Z.jsonl,accepted_ingestion_window
databricks,dashboard,9,4848983718,2,0.44,quotes/databricks/results/serverless_baseline_full_20260918T170453Z/mv/dashboard_20260918T170453Z.jsonl,accepted_ingestion_window
databricks,dashboard,9,4848983718,3,0.359,quotes/databricks/results/serverless_baseline_full_20260918T170453Z/mv/dashboard_20260918T170453Z.jsonl,accepted_ingestion_window
databricks,dashboard,9,4848983718,4,0.852,quotes/databricks/results/serverless_baseline_full_20260918T170453Z/mv/dashboard_20260918T170453Z.jsonl,accepted_ingestion_window
databricks,dashboard,10,5448871065,1,1.588,quotes/databricks/results/serverless_baseline_full_20260918T170453Z/mv/dashboard_20260918T170453Z.jsonl,accepted_ingestion_window
databricks,dashboard,10,5448871065,2,0.378,quotes/databricks/results/serverless_baseline_full_20260918T170453Z/mv/dashboard_20260918T170453Z.jsonl,accepted_ingestion_window
databricks,dashboard,10,5448871065,3,0.481,quotes/databricks/results/serverless_baseline_full_20260918T170453Z/mv/dashboard_20260918T170453Z.jsonl,accepted_ingestion_window
databricks,dashboard,10,5448871065,4,0.388,quotes/databricks/results/serverless_baseline_full_20260918T170453Z/mv/dashboard_20260918T170453Z.jsonl,accepted_ingestion_window
databricks,dashboard,11,6048972873,1,1.926,quotes/databricks/results/serverless_baseline_full_20260918T170453Z/mv/dashboard_20260918T170453Z.jsonl,accepted_ingestion_window
databricks,dashboard,11,6048972873,2,0.402,quotes/databricks/results/serverless_baseline_full_20260918T170453Z/mv/dashboard_20260918T170453Z.jsonl,accepted_ingestion_window
databricks,dashboard,11,6048972873,3,0.375,quotes/databricks/results/serverless_baseline_full_20260918T170453Z/mv/dashboard_20260918T170453Z.jsonl,accepted_ingestion_window
databricks,dashboard,11,6048972873,4,0.424,quotes/databricks/results/serverless_baseline_full_20260918T170453Z/mv/dashboard_20260918T170453Z.jsonl,accepted_ingestion_window
databricks,dashboard,12,6649003205,1,1.734,quotes/databricks/results/serverless_baseline_full_20260918T170453Z/mv/dashboard_20260918T170453Z.jsonl,accepted_ingestion_window
databricks,dashboard,12,6649003205,2,0.401,quotes/databricks/results/serverless_baseline_full_20260918T170453Z/mv/dashboard_20260918T170453Z.jsonl,accepted_ingestion_window
databricks,dashboard,12,6649003205,3,0.424,quotes/databricks/results/serverless_baseline_full_20260918T170453Z/mv/dashboard_20260918T170453Z.jsonl,accepted_ingestion_window
databricks,dashboard,12,6649003205,4,0.439,quotes/databricks/results/serverless_baseline_full_20260918T170453Z/mv/dashboard_20260918T170453Z.jsonl,accepted_ingestion_window
databricks,dashboard,13,7248988928,1,2.364,quotes/databricks/results/serverless_baseline_full_20260918T170453Z/mv/dashboard_20260918T170453Z.jsonl,accepted_ingestion_window
databricks,dashboard,13,7248988928,2,0.461,quotes/databricks/results/serverless_baseline_full_20260918T170453Z/mv/dashboard_20260918T170453Z.jsonl,accepted_ingestion_window
databricks,dashboard,13,7248988928,3,0.479,quotes/databricks/results/serverless_baseline_full_20260918T170453Z/mv/dashboard_20260918T170453Z.jsonl,accepted_ingestion_window
databricks,dashboard,13,7248988928,4,0.476,quotes/databricks/results/serverless_baseline_full_20260918T170453Z/mv/dashboard_20260918T170453Z.jsonl,accepted_ingestion_window
databricks,dashboard,14,7849051094,1,0.697,quotes/databricks/results/serverless_baseline_full_20260918T170453Z/mv/dashboard_20260918T170453Z.jsonl,accepted_ingestion_window
databricks,dashboard,14,7849051094,2,0.401,quotes/databricks/results/serverless_baseline_full_20260918T170453Z/mv/dashboard_20260918T170453Z.jsonl,accepted_ingestion_window
databricks,dashboard,14,7849051094,3,0.39,quotes/databricks/results/serverless_baseline_full_20260918T170453Z/mv/dashboard_20260918T170453Z.jsonl,accepted_ingestion_window
databricks,dashboard,14,7849051094,4,0.46,quotes/databricks/results/serverless_baseline_full_20260918T170453Z/mv/dashboard_20260918T170453Z.jsonl,accepted_ingestion_window
databricks,dashboard,15,8448855794,1,1.545,quotes/databricks/results/serverless_baseline_full_20260918T170453Z/mv/dashboard_20260918T170453Z.jsonl,accepted_ingestion_window
databricks,dashboard,15,8448855794,2,0.783,quotes/databricks/results/serverless_baseline_full_20260918T170453Z/mv/dashboard_20260918T170453Z.jsonl,accepted_ingestion_window
databricks,dashboard,15,8448855794,3,0.8,quotes/databricks/results/serverless_baseline_full_20260918T170453Z/mv/dashboard_20260918T170453Z.jsonl,accepted_ingestion_window
databricks,dashboard,15,8448855794,4,1.06,quotes/databricks/results/serverless_baseline_full_20260918T170453Z/mv/dashboard_20260918T170453Z.jsonl,accepted_ingestion_window
databricks,dashboard,16,9048929201,1,1.549,quotes/databricks/results/serverless_baseline_full_20260918T170453Z/mv/dashboard_20260918T170453Z.jsonl,accepted_ingestion_window
databricks,dashboard,16,9048929201,2,0.462,quotes/databricks/results/serverless_baseline_full_20260918T170453Z/mv/dashboard_20260918T170453Z.jsonl,accepted_ingestion_window
databricks,dashboard,16,9048929201,3,0.385,quotes/databricks/results/serverless_baseline_full_20260918T170453Z/mv/dashboard_20260918T170453Z.jsonl,accepted_ingestion_window
databricks,dashboard,16,9048929201,4,0.525,quotes/databricks/results/serverless_baseline_full_20260918T170453Z/mv/dashboard_20260918T170453Z.jsonl,accepted_ingestion_window
databricks,dashboard,17,9648968625,1,1.321,quotes/databricks/results/serverless_baseline_full_20260918T170453Z/mv/dashboard_20260918T170453Z.jsonl,accepted_ingestion_window
databricks,dashboard,17,9648968625,2,0.393,quotes/databricks/results/serverless_baseline_full_20260918T170453Z/mv/dashboard_20260918T170453Z.jsonl,accepted_ingestion_window
databricks,dashboard,17,9648968625,3,0.415,quotes/databricks/results/serverless_baseline_full_20260918T170453Z/mv/dashboard_20260918T170453Z.jsonl,accepted_ingestion_window
databricks,dashboard,17,9648968625,4,0.433,quotes/databricks/results/serverless_baseline_full_20260918T170453Z/mv/dashboard_20260918T170453Z.jsonl,accepted_ingestion_window
databricks,dashboard,18,10248903114,1,0.75,quotes/databricks/results/serverless_baseline_full_20260918T170453Z/mv/dashboard_20260918T170453Z.jsonl,accepted_ingestion_window
databricks,dashboard,18,10248903114,2,0.396,quotes/databricks/results/serverless_baseline_full_20260918T170453Z/mv/dashboard_20260918T170453Z.jsonl,accepted_ingestion_window
databricks,dashboard,18,10248903114,3,0.379,quotes/databricks/results/serverless_baseline_full_20260918T170453Z/mv/dashboard_20260918T170453Z.jsonl,accepted_ingestion_window
databricks,dashboard,18,10248903114,4,0.967,quotes/databricks/results/serverless_baseline_full_20260918T170453Z/mv/dashboard_20260918T170453Z.jsonl,accepted_ingestion_window
databricks,dashboard,19,10848950992,1,0.75,quotes/databricks/results/serverless_baseline_full_20260918T170453Z/mv/dashboard_20260918T170453Z.jsonl,accepted_ingestion_window
databricks,dashboard,19,10848950992,2,0.566,quotes/databricks/results/serverless_baseline_full_20260918T170453Z/mv/dashboard_20260918T170453Z.jsonl,accepted_ingestion_window
databricks,dashboard,19,10848950992,3,0.466,quotes/databricks/results/serverless_baseline_full_20260918T170453Z/mv/dashboard_20260918T170453Z.jsonl,accepted_ingestion_window
databricks,dashboard,19,10848950992,4,0.878,quotes/databricks/results/serverless_baseline_full_20260918T170453Z/mv/dashboard_20260918T170453Z.jsonl,accepted_ingestion_window
databricks,dashboard,20,11448893976,1,1.513,quotes/databricks/results/serverless_baseline_full_20260918T170453Z/mv/dashboard_20260918T170453Z.jsonl,accepted_ingestion_window
databricks,dashboard,20,11448893976,2,0.735,quotes/databricks/results/serverless_baseline_full_20260918T170453Z/mv/dashboard_20260918T170453Z.jsonl,accepted_ingestion_window
databricks,dashboard,20,11448893976,3,0.742,quotes/databricks/results/serverless_baseline_full_20260918T170453Z/mv/dashboard_20260918T170453Z.jsonl,accepted_ingestion_window
databricks,dashboard,20,11448893976,4,1.331,quotes/databricks/results/serverless_baseline_full_20260918T170453Z/mv/dashboard_20260918T170453Z.jsonl,accepted_ingestion_window
databricks,dashboard,21,12048592301,1,0.88,quotes/databricks/results/serverless_baseline_full_20260918T170453Z/mv/dashboard_20260918T170453Z.jsonl,accepted_ingestion_window
databricks,dashboard,21,12048592301,2,0.788,quotes/databricks/results/serverless_baseline_full_20260918T170453Z/mv/dashboard_20260918T170453Z.jsonl,accepted_ingestion_window
databricks,dashboard,21,12048592301,3,0.373,quotes/databricks/results/serverless_baseline_full_20260918T170453Z/mv/dashboard_20260918T170453Z.jsonl,accepted_ingestion_window
databricks,dashboard,21,12048592301,4,0.416,quotes/databricks/results/serverless_baseline_full_20260918T170453Z/mv/dashboard_20260918T170453Z.jsonl,accepted_ingestion_window
databricks,dashboard,22,12649009868,1,1.025,quotes/databricks/results/serverless_baseline_full_20260918T170453Z/mv/dashboard_20260918T170453Z.jsonl,accepted_ingestion_window
databricks,dashboard,22,12649009868,2,0.436,quotes/databricks/results/serverless_baseline_full_20260918T170453Z/mv/dashboard_20260918T170453Z.jsonl,accepted_ingestion_window
databricks,dashboard,22,12649009868,3,0.398,quotes/databricks/results/serverless_baseline_full_20260918T170453Z/mv/dashboard_20260918T170453Z.jsonl,accepted_ingestion_window
databricks,dashboard,22,12649009868,4,0.445,quotes/databricks/results/serverless_baseline_full_20260918T170453Z/mv/dashboard_20260918T170453Z.jsonl,accepted_ingestion_window
databricks,dashboard,23,13249019508,1,0.919,quotes/databricks/results/serverless_baseline_full_20260918T170453Z/mv/dashboard_20260918T170453Z.jsonl,accepted_ingestion_window
databricks,dashboard,23,13249019508,2,0.684,quotes/databricks/results/serverless_baseline_full_20260918T170453Z/mv/dashboard_20260918T170453Z.jsonl,accepted_ingestion_window
databricks,dashboard,23,13249019508,3,0.671,quotes/databricks/results/serverless_baseline_full_20260918T170453Z/mv/dashboard_20260918T170453Z.jsonl,accepted_ingestion_window
databricks,dashboard,23,13249019508,4,0.725,quotes/databricks/results/serverless_baseline_full_20260918T170453Z/mv/dashboard_20260918T170453Z.jsonl,accepted_ingestion_window
databricks,dashboard,24,13848898093,1,0.77,quotes/databricks/results/serverless_baseline_full_20260918T170453Z/mv/dashboard_20260918T170453Z.jsonl,accepted_ingestion_window
databricks,dashboard,24,13848898093,2,0.386,quotes/databricks/results/serverless_baseline_full_20260918T170453Z/mv/dashboard_20260918T170453Z.jsonl,accepted_ingestion_window
databricks,dashboard,24,13848898093,3,0.393,quotes/databricks/results/serverless_baseline_full_20260918T170453Z/mv/dashboard_20260918T170453Z.jsonl,accepted_ingestion_window
databricks,dashboard,24,13848898093,4,0.411,quotes/databricks/results/serverless_baseline_full_20260918T170453Z/mv/dashboard_20260918T170453Z.jsonl,accepted_ingestion_window
databricks,dashboard,25,14448885812,1,1.075,quotes/databricks/results/serverless_baseline_full_20260918T170453Z/mv/dashboard_20260918T170453Z.jsonl,accepted_ingestion_window
databricks,dashboard,25,14448885812,2,0.769,quotes/databricks/results/serverless_baseline_full_20260918T170453Z/mv/dashboard_20260918T170453Z.jsonl,accepted_ingestion_window
databricks,dashboard,25,14448885812,3,0.806,quotes/databricks/results/serverless_baseline_full_20260918T170453Z/mv/dashboard_20260918T170453Z.jsonl,accepted_ingestion_window
databricks,dashboard,25,14448885812,4,0.823,quotes/databricks/results/serverless_baseline_full_20260918T170453Z/mv/dashboard_20260918T170453Z.jsonl,accepted_ingestion_window
databricks,dashboard,26,15048867160,1,0.992,quotes/databricks/results/serverless_baseline_full_20260918T170453Z/mv/dashboard_20260918T170453Z.jsonl,accepted_ingestion_window
databricks,dashboard,26,15048867160,2,0.443,quotes/databricks/results/serverless_baseline_full_20260918T170453Z/mv/dashboard_20260918T170453Z.jsonl,accepted_ingestion_window
databricks,dashboard,26,15048867160,3,0.42,quotes/databricks/results/serverless_baseline_full_20260918T170453Z/mv/dashboard_20260918T170453Z.jsonl,accepted_ingestion_window
databricks,dashboard,26,15048867160,4,0.442,quotes/databricks/results/serverless_baseline_full_20260918T170453Z/mv/dashboard_20260918T170453Z.jsonl,accepted_ingestion_window
databricks,dashboard,27,15648997618,1,1.222,quotes/databricks/results/serverless_baseline_full_20260918T170453Z/mv/dashboard_20260918T170453Z.jsonl,accepted_ingestion_window
databricks,dashboard,27,15648997618,2,0.456,quotes/databricks/results/serverless_baseline_full_20260918T170453Z/mv/dashboard_20260918T170453Z.jsonl,accepted_ingestion_window
databricks,dashboard,27,15648997618,3,0.422,quotes/databricks/results/serverless_baseline_full_20260918T170453Z/mv/dashboard_20260918T170453Z.jsonl,accepted_ingestion_window
databricks,dashboard,27,15648997618,4,0.732,quotes/databricks/results/serverless_baseline_full_20260918T170453Z/mv/dashboard_20260918T170453Z.jsonl,accepted_ingestion_window
databricks,dashboard,28,16249004090,1,0.813,quotes/databricks/results/serverless_baseline_full_20260918T170453Z/mv/dashboard_20260918T170453Z.jsonl,accepted_ingestion_window
databricks,dashboard,28,16249004090,2,0.475,quotes/databricks/results/serverless_baseline_full_20260918T170453Z/mv/dashboard_20260918T170453Z.jsonl,accepted_ingestion_window
databricks,dashboard,28,16249004090,3,0.395,quotes/databricks/results/serverless_baseline_full_20260918T170453Z/mv/dashboard_20260918T170453Z.jsonl,accepted_ingestion_window
databricks,dashboard,28,16249004090,4,0.432,quotes/databricks/results/serverless_baseline_full_20260918T170453Z/mv/dashboard_20260918T170453Z.jsonl,accepted_ingestion_window
databricks,dashboard,29,16849004649,1,0.709,quotes/databricks/results/serverless_baseline_full_20260918T170453Z/mv/dashboard_20260918T170453Z.jsonl,accepted_ingestion_window
databricks,dashboard,29,16849004649,2,0.418,quotes/databricks/results/serverless_baseline_full_20260918T170453Z/mv/dashboard_20260918T170453Z.jsonl,accepted_ingestion_window
databricks,dashboard,29,16849004649,3,0.393,quotes/databricks/results/serverless_baseline_full_20260918T170453Z/mv/dashboard_20260918T170453Z.jsonl,accepted_ingestion_window
databricks,dashboard,29,16849004649,4,0.423,quotes/databricks/results/serverless_baseline_full_20260918T170453Z/mv/dashboard_20260918T170453Z.jsonl,accepted_ingestion_window
databricks,dashboard,30,17448992007,1,0.732,quotes/databricks/results/serverless_baseline_full_20260918T170453Z/mv/dashboard_20260918T170453Z.jsonl,accepted_ingestion_window
databricks,dashboard,30,17448992007,2,0.414,quotes/databricks/results/serverless_baseline_full_20260918T170453Z/mv/dashboard_20260918T170453Z.jsonl,accepted_ingestion_window
databricks,dashboard,30,17448992007,3,0.479,quotes/databricks/results/serverless_baseline_full_20260918T170453Z/mv/dashboard_20260918T170453Z.jsonl,accepted_ingestion_window
databricks,dashboard,30,17448992007,4,0.455,quotes/databricks/results/serverless_baseline_full_20260918T170453Z/mv/dashboard_20260918T170453Z.jsonl,accepted_ingestion_window
databricks,dashboard,31,18048883403,1,1.944,quotes/databricks/results/serverless_baseline_full_20260918T170453Z/mv/dashboard_20260918T170453Z.jsonl,accepted_ingestion_window
databricks,dashboard,31,18048883403,2,0.46,quotes/databricks/results/serverless_baseline_full_20260918T170453Z/mv/dashboard_20260918T170453Z.jsonl,accepted_ingestion_window
databricks,dashboard,31,18048883403,3,0.427,quotes/databricks/results/serverless_baseline_full_20260918T170453Z/mv/dashboard_20260918T170453Z.jsonl,accepted_ingestion_window
databricks,dashboard,31,18048883403,4,0.509,quotes/databricks/results/serverless_baseline_full_20260918T170453Z/mv/dashboard_20260918T170453Z.jsonl,accepted_ingestion_window
databricks,dashboard,32,18648733933,1,1.206,quotes/databricks/results/serverless_baseline_full_20260918T170453Z/mv/dashboard_20260918T170453Z.jsonl,accepted_ingestion_window
databricks,dashboard,32,18648733933,2,0.413,quotes/databricks/results/serverless_baseline_full_20260918T170453Z/mv/dashboard_20260918T170453Z.jsonl,accepted_ingestion_window
databricks,dashboard,32,18648733933,3,0.434,quotes/databricks/results/serverless_baseline_full_20260918T170453Z/mv/dashboard_20260918T170453Z.jsonl,accepted_ingestion_window
databricks,dashboard,32,18648733933,4,0.443,quotes/databricks/results/serverless_baseline_full_20260918T170453Z/mv/dashboard_20260918T170453Z.jsonl,accepted_ingestion_window
databricks,dashboard,33,19248986594,1,0.658,quotes/databricks/results/serverless_baseline_full_20260918T170453Z/mv/dashboard_20260918T170453Z.jsonl,accepted_ingestion_window
databricks,dashboard,33,19248986594,2,0.443,quotes/databricks/results/serverless_baseline_full_20260918T170453Z/mv/dashboard_20260918T170453Z.jsonl,accepted_ingestion_window
databricks,dashboard,33,19248986594,3,0.399,quotes/databricks/results/serverless_baseline_full_20260918T170453Z/mv/dashboard_20260918T170453Z.jsonl,accepted_ingestion_window
databricks,dashboard,33,19248986594,4,0.411,quotes/databricks/results/serverless_baseline_full_20260918T170453Z/mv/dashboard_20260918T170453Z.jsonl,accepted_ingestion_window
databricks,dashboard,34,19848956047,1,0.673,quotes/databricks/results/serverless_baseline_full_20260918T170453Z/mv/dashboard_20260918T170453Z.jsonl,accepted_ingestion_window
databricks,dashboard,34,19848956047,2,0.412,quotes/databricks/results/serverless_baseline_full_20260918T170453Z/mv/dashboard_20260918T170453Z.jsonl,accepted_ingestion_window
databricks,dashboard,34,19848956047,3,0.395,quotes/databricks/results/serverless_baseline_full_20260918T170453Z/mv/dashboard_20260918T170453Z.jsonl,accepted_ingestion_window
databricks,dashboard,34,19848956047,4,0.468,quotes/databricks/results/serverless_baseline_full_20260918T170453Z/mv/dashboard_20260918T170453Z.jsonl,accepted_ingestion_window
databricks,dashboard,35,20448891140,1,0.962,quotes/databricks/results/serverless_baseline_full_20260918T170453Z/mv/dashboard_20260918T170453Z.jsonl,accepted_ingestion_window
databricks,dashboard,35,20448891140,2,0.627,quotes/databricks/results/serverless_baseline_full_20260918T170453Z/mv/dashboard_20260918T170453Z.jsonl,accepted_ingestion_window
databricks,dashboard,35,20448891140,3,0.382,quotes/databricks/results/serverless_baseline_full_20260918T170453Z/mv/dashboard_20260918T170453Z.jsonl,accepted_ingestion_window
databricks,dashboard,35,20448891140,4,0.452,quotes/databricks/results/serverless_baseline_full_20260918T170453Z/mv/dashboard_20260918T170453Z.jsonl,accepted_ingestion_window
databricks,dashboard,36,21048956022,1,0.628,quotes/databricks/results/serverless_baseline_full_20260918T170453Z/mv/dashboard_20260918T170453Z.jsonl,accepted_ingestion_window
databricks,dashboard,36,21048956022,2,0.656,quotes/databricks/results/serverless_baseline_full_20260918T170453Z/mv/dashboard_20260918T170453Z.jsonl,accepted_ingestion_window
databricks,dashboard,36,21048956022,3,0.65,quotes/databricks/results/serverless_baseline_full_20260918T170453Z/mv/dashboard_20260918T170453Z.jsonl,accepted_ingestion_window
databricks,dashboard,36,21048956022,4,0.471,quotes/databricks/results/serverless_baseline_full_20260918T170453Z/mv/dashboard_20260918T170453Z.jsonl,accepted_ingestion_window
databricks,dashboard,37,21648927817,1,1.016,quotes/databricks/results/serverless_baseline_full_20260918T170453Z/mv/dashboard_20260918T170453Z.jsonl,accepted_ingestion_window
databricks,dashboard,37,21648927817,2,0.608,quotes/databricks/results/serverless_baseline_full_20260918T170453Z/mv/dashboard_20260918T170453Z.jsonl,accepted_ingestion_window
databricks,dashboard,37,21648927817,3,0.747,quotes/databricks/results/serverless_baseline_full_20260918T170453Z/mv/dashboard_20260918T170453Z.jsonl,accepted_ingestion_window
databricks,dashboard,37,21648927817,4,0.7,quotes/databricks/results/serverless_baseline_full_20260918T170453Z/mv/dashboard_20260918T170453Z.jsonl,accepted_ingestion_window
databricks,dashboard,38,22249043246,1,1.228,quotes/databricks/results/serverless_baseline_full_20260918T170453Z/mv/dashboard_20260918T170453Z.jsonl,accepted_ingestion_window
databricks,dashboard,38,22249043246,2,0.467,quotes/databricks/results/serverless_baseline_full_20260918T170453Z/mv/dashboard_20260918T170453Z.jsonl,accepted_ingestion_window
databricks,dashboard,38,22249043246,3,0.733,quotes/databricks/results/serverless_baseline_full_20260918T170453Z/mv/dashboard_20260918T170453Z.jsonl,accepted_ingestion_window
databricks,dashboard,38,22249043246,4,0.447,quotes/databricks/results/serverless_baseline_full_20260918T170453Z/mv/dashboard_20260918T170453Z.jsonl,accepted_ingestion_window
databricks,dashboard,39,22848929920,1,1.061,quotes/databricks/results/serverless_baseline_full_20260918T170453Z/mv/dashboard_20260918T170453Z.jsonl,accepted_ingestion_window
databricks,dashboard,39,22848929920,2,0.682,quotes/databricks/results/serverless_baseline_full_20260918T170453Z/mv/dashboard_20260918T170453Z.jsonl,accepted_ingestion_window
databricks,dashboard,39,22848929920,3,0.494,quotes/databricks/results/serverless_baseline_full_20260918T170453Z/mv/dashboard_20260918T170453Z.jsonl,accepted_ingestion_window
databricks,dashboard,39,22848929920,4,0.481,quotes/databricks/results/serverless_baseline_full_20260918T170453Z/mv/dashboard_20260918T170453Z.jsonl,accepted_ingestion_window
databricks,dashboard,40,23448953518,1,1.855,quotes/databricks/results/serverless_baseline_full_20260918T170453Z/mv/dashboard_20260918T170453Z.jsonl,accepted_ingestion_window
databricks,dashboard,40,23448953518,2,0.652,quotes/databricks/results/serverless_baseline_full_20260918T170453Z/mv/dashboard_20260918T170453Z.jsonl,accepted_ingestion_window
databricks,dashboard,40,23448953518,3,0.854,quotes/databricks/results/serverless_baseline_full_20260918T170453Z/mv/dashboard_20260918T170453Z.jsonl,accepted_ingestion_window
databricks,dashboard,40,23448953518,4,0.926,quotes/databricks/results/serverless_baseline_full_20260918T170453Z/mv/dashboard_20260918T170453Z.jsonl,accepted_ingestion_window
databricks,dashboard,41,24048909415,1,0.899,quotes/databricks/results/serverless_baseline_full_20260918T170453Z/mv/dashboard_20260918T170453Z.jsonl,accepted_ingestion_window
databricks,dashboard,41,24048909415,2,0.654,quotes/databricks/results/serverless_baseline_full_20260918T170453Z/mv/dashboard_20260918T170453Z.jsonl,accepted_ingestion_window
databricks,dashboard,41,24048909415,3,0.669,quotes/databricks/results/serverless_baseline_full_20260918T170453Z/mv/dashboard_20260918T170453Z.jsonl,accepted_ingestion_window
databricks,dashboard,41,24048909415,4,0.762,quotes/databricks/results/serverless_baseline_full_20260918T170453Z/mv/dashboard_20260918T170453Z.jsonl,accepted_ingestion_window
databricks,dashboard,42,24648973497,1,0.738,quotes/databricks/results/serverless_baseline_full_20260918T170453Z/mv/dashboard_20260918T170453Z.jsonl,accepted_ingestion_window
databricks,dashboard,42,24648973497,2,0.392,quotes/databricks/results/serverless_baseline_full_20260918T170453Z/mv/dashboard_20260918T170453Z.jsonl,accepted_ingestion_window
databricks,dashboard,42,24648973497,3,0.38,quotes/databricks/results/serverless_baseline_full_20260918T170453Z/mv/dashboard_20260918T170453Z.jsonl,accepted_ingestion_window
databricks,dashboard,42,24648973497,4,0.434,quotes/databricks/results/serverless_baseline_full_20260918T170453Z/mv/dashboard_20260918T170453Z.jsonl,accepted_ingestion_window
databricks,dashboard,43,25248924027,1,0.939,quotes/databricks/results/serverless_baseline_full_20260918T170453Z/mv/dashboard_20260918T170453Z.jsonl,accepted_ingestion_window
databricks,dashboard,43,25248924027,2,0.705,quotes/databricks/results/serverless_baseline_full_20260918T170453Z/mv/dashboard_20260918T170453Z.jsonl,accepted_ingestion_window
databricks,dashboard,43,25248924027,3,0.84,quotes/databricks/results/serverless_baseline_full_20260918T170453Z/mv/dashboard_20260918T170453Z.jsonl,accepted_ingestion_window
databricks,dashboard,43,25248924027,4,0.797,quotes/databricks/results/serverless_baseline_full_20260918T170453Z/mv/dashboard_20260918T170453Z.jsonl,accepted_ingestion_window
databricks,dashboard,44,25848959896,1,0.964,quotes/databricks/results/serverless_baseline_full_20260918T170453Z/mv/dashboard_20260918T170453Z.jsonl,accepted_ingestion_window
databricks,dashboard,44,25848959896,2,0.643,quotes/databricks/results/serverless_baseline_full_20260918T170453Z/mv/dashboard_20260918T170453Z.jsonl,accepted_ingestion_window
databricks,dashboard,44,25848959896,3,0.728,quotes/databricks/results/serverless_baseline_full_20260918T170453Z/mv/dashboard_20260918T170453Z.jsonl,accepted_ingestion_window
databricks,dashboard,44,25848959896,4,0.704,quotes/databricks/results/serverless_baseline_full_20260918T170453Z/mv/dashboard_20260918T170453Z.jsonl,accepted_ingestion_window
databricks,dashboard,45,26448943724,1,1.038,quotes/databricks/results/serverless_baseline_full_20260918T170453Z/mv/dashboard_20260918T170453Z.jsonl,accepted_ingestion_window
databricks,dashboard,45,26448943724,2,1.037,quotes/databricks/results/serverless_baseline_full_20260918T170453Z/mv/dashboard_20260918T170453Z.jsonl,accepted_ingestion_window
databricks,dashboard,45,26448943724,3,0.73,quotes/databricks/results/serverless_baseline_full_20260918T170453Z/mv/dashboard_20260918T170453Z.jsonl,accepted_ingestion_window
databricks,dashboard,45,26448943724,4,0.796,quotes/databricks/results/serverless_baseline_full_20260918T170453Z/mv/dashboard_20260918T170453Z.jsonl,accepted_ingestion_window
databricks,dashboard,46,27048899731,1,0.744,quotes/databricks/results/serverless_baseline_full_20260918T170453Z/mv/dashboard_20260918T170453Z.jsonl,accepted_ingestion_window
databricks,dashboard,46,27048899731,2,0.428,quotes/databricks/results/serverless_baseline_full_20260918T170453Z/mv/dashboard_20260918T170453Z.jsonl,accepted_ingestion_window
databricks,dashboard,46,27048899731,3,0.411,quotes/databricks/results/serverless_baseline_full_20260918T170453Z/mv/dashboard_20260918T170453Z.jsonl,accepted_ingestion_window
databricks,dashboard,46,27048899731,4,0.446,quotes/databricks/results/serverless_baseline_full_20260918T170453Z/mv/dashboard_20260918T170453Z.jsonl,accepted_ingestion_window
databricks,dashboard,47,27648937048,1,0.82,quotes/databricks/results/serverless_baseline_full_20260918T170453Z/mv/dashboard_20260918T170453Z.jsonl,accepted_ingestion_window
databricks,dashboard,47,27648937048,2,0.471,quotes/databricks/results/serverless_baseline_full_20260918T170453Z/mv/dashboard_20260918T170453Z.jsonl,accepted_ingestion_window
databricks,dashboard,47,27648937048,3,0.436,quotes/databricks/results/serverless_baseline_full_20260918T170453Z/mv/dashboard_20260918T170453Z.jsonl,accepted_ingestion_window
databricks,dashboard,47,27648937048,4,0.469,quotes/databricks/results/serverless_baseline_full_20260918T170453Z/mv/dashboard_20260918T170453Z.jsonl,accepted_ingestion_window
databricks,dashboard,48,28248919345,1,1.052,quotes/databricks/results/serverless_baseline_full_20260918T170453Z/mv/dashboard_20260918T170453Z.jsonl,accepted_ingestion_window
databricks,dashboard,48,28248919345,2,0.68,quotes/databricks/results/serverless_baseline_full_20260918T170453Z/mv/dashboard_20260918T170453Z.jsonl,accepted_ingestion_window
databricks,dashboard,48,28248919345,3,0.798,quotes/databricks/results/serverless_baseline_full_20260918T170453Z/mv/dashboard_20260918T170453Z.jsonl,accepted_ingestion_window
databricks,dashboard,48,28248919345,4,0.824,quotes/databricks/results/serverless_baseline_full_20260918T170453Z/mv/dashboard_20260918T170453Z.jsonl,accepted_ingestion_window
databricks,dashboard,49,28848912329,1,0.871,quotes/databricks/results/serverless_baseline_full_20260918T170453Z/mv/dashboard_20260918T170453Z.jsonl,accepted_ingestion_window
databricks,dashboard,49,28848912329,2,0.669,quotes/databricks/results/serverless_baseline_full_20260918T170453Z/mv/dashboard_20260918T170453Z.jsonl,accepted_ingestion_window
databricks,dashboard,49,28848912329,3,0.555,quotes/databricks/results/serverless_baseline_full_20260918T170453Z/mv/dashboard_20260918T170453Z.jsonl,accepted_ingestion_window
databricks,dashboard,49,28848912329,4,0.585,quotes/databricks/results/serverless_baseline_full_20260918T170453Z/mv/dashboard_20260918T170453Z.jsonl,accepted_ingestion_window
databricks,dashboard,50,29448915472,1,0.695,quotes/databricks/results/serverless_baseline_full_20260918T170453Z/mv/dashboard_20260918T170453Z.jsonl,accepted_ingestion_window
databricks,dashboard,50,29448915472,2,0.412,quotes/databricks/results/serverless_baseline_full_20260918T170453Z/mv/dashboard_20260918T170453Z.jsonl,accepted_ingestion_window
databricks,dashboard,50,29448915472,3,0.514,quotes/databricks/results/serverless_baseline_full_20260918T170453Z/mv/dashboard_20260918T170453Z.jsonl,accepted_ingestion_window
databricks,dashboard,50,29448915472,4,0.456,quotes/databricks/results/serverless_baseline_full_20260918T170453Z/mv/dashboard_20260918T170453Z.jsonl,accepted_ingestion_window
databricks,dashboard,51,30048967566,1,0.686,quotes/databricks/results/serverless_baseline_full_20260918T170453Z/mv/dashboard_20260918T170453Z.jsonl,accepted_ingestion_window
databricks,dashboard,51,30048967566,2,0.429,quotes/databricks/results/serverless_baseline_full_20260918T170453Z/mv/dashboard_20260918T170453Z.jsonl,accepted_ingestion_window
databricks,dashboard,51,30048967566,3,0.391,quotes/databricks/results/serverless_baseline_full_20260918T170453Z/mv/dashboard_20260918T170453Z.jsonl,accepted_ingestion_window
databricks,dashboard,51,30048967566,4,0.451,quotes/databricks/results/serverless_baseline_full_20260918T170453Z/mv/dashboard_20260918T170453Z.jsonl,accepted_ingestion_window
databricks,dashboard,52,30648879647,1,0.79,quotes/databricks/results/serverless_baseline_full_20260918T170453Z/mv/dashboard_20260918T170453Z.jsonl,accepted_ingestion_window
databricks,dashboard,52,30648879647,2,0.467,quotes/databricks/results/serverless_baseline_full_20260918T170453Z/mv/dashboard_20260918T170453Z.jsonl,accepted_ingestion_window
databricks,dashboard,52,30648879647,3,0.385,quotes/databricks/results/serverless_baseline_full_20260918T170453Z/mv/dashboard_20260918T170453Z.jsonl,accepted_ingestion_window
databricks,dashboard,52,30648879647,4,0.449,quotes/databricks/results/serverless_baseline_full_20260918T170453Z/mv/dashboard_20260918T170453Z.jsonl,accepted_ingestion_window
databricks,dashboard,53,31248858731,1,0.883,quotes/databricks/results/serverless_baseline_full_20260918T170453Z/mv/dashboard_20260918T170453Z.jsonl,accepted_ingestion_window
databricks,dashboard,53,31248858731,2,0.434,quotes/databricks/results/serverless_baseline_full_20260918T170453Z/mv/dashboard_20260918T170453Z.jsonl,accepted_ingestion_window
databricks,dashboard,53,31248858731,3,0.414,quotes/databricks/results/serverless_baseline_full_20260918T170453Z/mv/dashboard_20260918T170453Z.jsonl,accepted_ingestion_window
databricks,dashboard,53,31248858731,4,0.836,quotes/databricks/results/serverless_baseline_full_20260918T170453Z/mv/dashboard_20260918T170453Z.jsonl,accepted_ingestion_window
databricks,dashboard,54,31849001715,1,0.705,quotes/databricks/results/serverless_baseline_full_20260918T170453Z/mv/dashboard_20260918T170453Z.jsonl,accepted_ingestion_window
databricks,dashboard,54,31849001715,2,0.419,quotes/databricks/results/serverless_baseline_full_20260918T170453Z/mv/dashboard_20260918T170453Z.jsonl,accepted_ingestion_window
databricks,dashboard,54,31849001715,3,0.448,quotes/databricks/results/serverless_baseline_full_20260918T170453Z/mv/dashboard_20260918T170453Z.jsonl,accepted_ingestion_window
databricks,dashboard,54,31849001715,4,0.492,quotes/databricks/results/serverless_baseline_full_20260918T170453Z/mv/dashboard_20260918T170453Z.jsonl,accepted_ingestion_window
databricks,dashboard,55,32448900387,1,0.668,quotes/databricks/results/serverless_baseline_full_20260918T170453Z/mv/dashboard_20260918T170453Z.jsonl,accepted_ingestion_window
databricks,dashboard,55,32448900387,2,0.542,quotes/databricks/results/serverless_baseline_full_20260918T170453Z/mv/dashboard_20260918T170453Z.jsonl,accepted_ingestion_window
databricks,dashboard,55,32448900387,3,0.531,quotes/databricks/results/serverless_baseline_full_20260918T170453Z/mv/dashboard_20260918T170453Z.jsonl,accepted_ingestion_window
databricks,dashboard,55,32448900387,4,0.472,quotes/databricks/results/serverless_baseline_full_20260918T170453Z/mv/dashboard_20260918T170453Z.jsonl,accepted_ingestion_window
databricks,dashboard,56,33049038056,1,0.727,quotes/databricks/results/serverless_baseline_full_20260918T170453Z/mv/dashboard_20260918T170453Z.jsonl,accepted_ingestion_window
databricks,dashboard,56,33049038056,2,0.419,quotes/databricks/results/serverless_baseline_full_20260918T170453Z/mv/dashboard_20260918T170453Z.jsonl,accepted_ingestion_window
databricks,dashboard,56,33049038056,3,0.413,quotes/databricks/results/serverless_baseline_full_20260918T170453Z/mv/dashboard_20260918T170453Z.jsonl,accepted_ingestion_window
databricks,dashboard,56,33049038056,4,0.474,quotes/databricks/results/serverless_baseline_full_20260918T170453Z/mv/dashboard_20260918T170453Z.jsonl,accepted_ingestion_window
databricks,dashboard,57,33649000287,1,0.692,quotes/databricks/results/serverless_baseline_full_20260918T170453Z/mv/dashboard_20260918T170453Z.jsonl,accepted_ingestion_window
databricks,dashboard,57,33649000287,2,0.456,quotes/databricks/results/serverless_baseline_full_20260918T170453Z/mv/dashboard_20260918T170453Z.jsonl,accepted_ingestion_window
databricks,dashboard,57,33649000287,3,0.406,quotes/databricks/results/serverless_baseline_full_20260918T170453Z/mv/dashboard_20260918T170453Z.jsonl,accepted_ingestion_window
databricks,dashboard,57,33649000287,4,0.444,quotes/databricks/results/serverless_baseline_full_20260918T170453Z/mv/dashboard_20260918T170453Z.jsonl,accepted_ingestion_window
databricks,dashboard,58,34248943675,1,1.463,quotes/databricks/results/serverless_baseline_full_20260918T170453Z/mv/dashboard_20260918T170453Z.jsonl,accepted_ingestion_window
databricks,dashboard,58,34248943675,2,0.479,quotes/databricks/results/serverless_baseline_full_20260918T170453Z/mv/dashboard_20260918T170453Z.jsonl,accepted_ingestion_window
databricks,dashboard,58,34248943675,3,0.413,quotes/databricks/results/serverless_baseline_full_20260918T170453Z/mv/dashboard_20260918T170453Z.jsonl,accepted_ingestion_window
databricks,dashboard,58,34248943675,4,0.418,quotes/databricks/results/serverless_baseline_full_20260918T170453Z/mv/dashboard_20260918T170453Z.jsonl,accepted_ingestion_window
databricks,dashboard,59,34848935288,1,0.79,quotes/databricks/results/serverless_baseline_full_20260918T170453Z/mv/dashboard_20260918T170453Z.jsonl,accepted_ingestion_window
databricks,dashboard,59,34848935288,2,0.44,quotes/databricks/results/serverless_baseline_full_20260918T170453Z/mv/dashboard_20260918T170453Z.jsonl,accepted_ingestion_window
databricks,dashboard,59,34848935288,3,0.44,quotes/databricks/results/serverless_baseline_full_20260918T170453Z/mv/dashboard_20260918T170453Z.jsonl,accepted_ingestion_window
databricks,dashboard,59,34848935288,4,0.456,quotes/databricks/results/serverless_baseline_full_20260918T170453Z/mv/dashboard_20260918T170453Z.jsonl,accepted_ingestion_window
databricks,dashboard,60,35448936836,1,0.727,quotes/databricks/results/serverless_baseline_full_20260918T170453Z/mv/dashboard_20260918T170453Z.jsonl,accepted_ingestion_window
databricks,dashboard,60,35448936836,2,0.42,quotes/databricks/results/serverless_baseline_full_20260918T170453Z/mv/dashboard_20260918T170453Z.jsonl,accepted_ingestion_window
databricks,dashboard,60,35448936836,3,0.425,quotes/databricks/results/serverless_baseline_full_20260918T170453Z/mv/dashboard_20260918T170453Z.jsonl,accepted_ingestion_window
databricks,dashboard,60,35448936836,4,0.601,quotes/databricks/results/serverless_baseline_full_20260918T170453Z/mv/dashboard_20260918T170453Z.jsonl,accepted_ingestion_window
databricks,dashboard,61,36049010227,1,0.958,quotes/databricks/results/serverless_baseline_full_20260918T170453Z/mv/dashboard_20260918T170453Z.jsonl,accepted_ingestion_window
databricks,dashboard,61,36049010227,2,0.83,quotes/databricks/results/serverless_baseline_full_20260918T170453Z/mv/dashboard_20260918T170453Z.jsonl,accepted_ingestion_window
databricks,dashboard,61,36049010227,3,0.976,quotes/databricks/results/serverless_baseline_full_20260918T170453Z/mv/dashboard_20260918T170453Z.jsonl,accepted_ingestion_window
databricks,dashboard,61,36049010227,4,1.968,quotes/databricks/results/serverless_baseline_full_20260918T170453Z/mv/dashboard_20260918T170453Z.jsonl,accepted_ingestion_window
databricks,dashboard,62,36648957386,1,1.913,quotes/databricks/results/serverless_baseline_full_20260918T170453Z/mv/dashboard_20260918T170453Z.jsonl,accepted_ingestion_window
databricks,dashboard,62,36648957386,2,0.892,quotes/databricks/results/serverless_baseline_full_20260918T170453Z/mv/dashboard_20260918T170453Z.jsonl,accepted_ingestion_window
databricks,dashboard,62,36648957386,3,0.394,quotes/databricks/results/serverless_baseline_full_20260918T170453Z/mv/dashboard_20260918T170453Z.jsonl,accepted_ingestion_window
databricks,dashboard,62,36648957386,4,0.534,quotes/databricks/results/serverless_baseline_full_20260918T170453Z/mv/dashboard_20260918T170453Z.jsonl,accepted_ingestion_window
databricks,dashboard,63,37249049007,1,0.914,quotes/databricks/results/serverless_baseline_full_20260918T170453Z/mv/dashboard_20260918T170453Z.jsonl,accepted_ingestion_window
databricks,dashboard,63,37249049007,2,0.47,quotes/databricks/results/serverless_baseline_full_20260918T170453Z/mv/dashboard_20260918T170453Z.jsonl,accepted_ingestion_window
databricks,dashboard,63,37249049007,3,0.391,quotes/databricks/results/serverless_baseline_full_20260918T170453Z/mv/dashboard_20260918T170453Z.jsonl,accepted_ingestion_window
databricks,dashboard,63,37249049007,4,0.47,quotes/databricks/results/serverless_baseline_full_20260918T170453Z/mv/dashboard_20260918T170453Z.jsonl,accepted_ingestion_window
databricks,dashboard,64,37848989380,1,1.044,quotes/databricks/results/serverless_baseline_full_20260918T170453Z/mv/dashboard_20260918T170453Z.jsonl,accepted_ingestion_window
databricks,dashboard,64,37848989380,2,0.697,quotes/databricks/results/serverless_baseline_full_20260918T170453Z/mv/dashboard_20260918T170453Z.jsonl,accepted_ingestion_window
databricks,dashboard,64,37848989380,3,0.788,quotes/databricks/results/serverless_baseline_full_20260918T170453Z/mv/dashboard_20260918T170453Z.jsonl,accepted_ingestion_window
databricks,dashboard,64,37848989380,4,0.789,quotes/databricks/results/serverless_baseline_full_20260918T170453Z/mv/dashboard_20260918T170453Z.jsonl,accepted_ingestion_window
databricks,dashboard,65,38448981241,1,1.113,quotes/databricks/results/serverless_baseline_full_20260918T170453Z/mv/dashboard_20260918T170453Z.jsonl,accepted_ingestion_window
databricks,dashboard,65,38448981241,2,0.72,quotes/databricks/results/serverless_baseline_full_20260918T170453Z/mv/dashboard_20260918T170453Z.jsonl,accepted_ingestion_window
databricks,dashboard,65,38448981241,3,0.78,quotes/databricks/results/serverless_baseline_full_20260918T170453Z/mv/dashboard_20260918T170453Z.jsonl,accepted_ingestion_window
databricks,dashboard,65,38448981241,4,0.828,quotes/databricks/results/serverless_baseline_full_20260918T170453Z/mv/dashboard_20260918T170453Z.jsonl,accepted_ingestion_window
databricks,dashboard,66,39048929732,1,1.356,quotes/databricks/results/serverless_baseline_full_20260918T170453Z/mv/dashboard_20260918T170453Z.jsonl,accepted_ingestion_window
databricks,dashboard,66,39048929732,2,0.67,quotes/databricks/results/serverless_baseline_full_20260918T170453Z/mv/dashboard_20260918T170453Z.jsonl,accepted_ingestion_window
databricks,dashboard,66,39048929732,3,0.751,quotes/databricks/results/serverless_baseline_full_20260918T170453Z/mv/dashboard_20260918T170453Z.jsonl,accepted_ingestion_window
databricks,dashboard,66,39048929732,4,0.734,quotes/databricks/results/serverless_baseline_full_20260918T170453Z/mv/dashboard_20260918T170453Z.jsonl,accepted_ingestion_window
databricks,dashboard,67,39648991503,1,1.026,quotes/databricks/results/serverless_baseline_full_20260918T170453Z/mv/dashboard_20260918T170453Z.jsonl,accepted_ingestion_window
databricks,dashboard,67,39648991503,2,0.88,quotes/databricks/results/serverless_baseline_full_20260918T170453Z/mv/dashboard_20260918T170453Z.jsonl,accepted_ingestion_window
databricks,dashboard,67,39648991503,3,0.897,quotes/databricks/results/serverless_baseline_full_20260918T170453Z/mv/dashboard_20260918T170453Z.jsonl,accepted_ingestion_window
databricks,dashboard,67,39648991503,4,0.786,quotes/databricks/results/serverless_baseline_full_20260918T170453Z/mv/dashboard_20260918T170453Z.jsonl,accepted_ingestion_window
databricks,dashboard,68,40248892033,1,0.698,quotes/databricks/results/serverless_baseline_full_20260918T170453Z/mv/dashboard_20260918T170453Z.jsonl,accepted_ingestion_window
databricks,dashboard,68,40248892033,2,0.48,quotes/databricks/results/serverless_baseline_full_20260918T170453Z/mv/dashboard_20260918T170453Z.jsonl,accepted_ingestion_window
databricks,dashboard,68,40248892033,3,0.414,quotes/databricks/results/serverless_baseline_full_20260918T170453Z/mv/dashboard_20260918T170453Z.jsonl,accepted_ingestion_window
databricks,dashboard,68,40248892033,4,0.429,quotes/databricks/results/serverless_baseline_full_20260918T170453Z/mv/dashboard_20260918T170453Z.jsonl,accepted_ingestion_window
databricks,dashboard,69,40848840757,1,1.777,quotes/databricks/results/serverless_baseline_full_20260918T170453Z/mv/dashboard_20260918T170453Z.jsonl,accepted_ingestion_window
databricks,dashboard,69,40848840757,2,0.727,quotes/databricks/results/serverless_baseline_full_20260918T170453Z/mv/dashboard_20260918T170453Z.jsonl,accepted_ingestion_window
databricks,dashboard,69,40848840757,3,0.778,quotes/databricks/results/serverless_baseline_full_20260918T170453Z/mv/dashboard_20260918T170453Z.jsonl,accepted_ingestion_window
databricks,dashboard,69,40848840757,4,0.824,quotes/databricks/results/serverless_baseline_full_20260918T170453Z/mv/dashboard_20260918T170453Z.jsonl,accepted_ingestion_window
databricks,dashboard,70,41448952314,1,1.057,quotes/databricks/results/serverless_baseline_full_20260918T170453Z/mv/dashboard_20260918T170453Z.jsonl,accepted_ingestion_window
databricks,dashboard,70,41448952314,2,0.733,quotes/databricks/results/serverless_baseline_full_20260918T170453Z/mv/dashboard_20260918T170453Z.jsonl,accepted_ingestion_window
databricks,dashboard,70,41448952314,3,0.872,quotes/databricks/results/serverless_baseline_full_20260918T170453Z/mv/dashboard_20260918T170453Z.jsonl,accepted_ingestion_window
databricks,dashboard,70,41448952314,4,0.79,quotes/databricks/results/serverless_baseline_full_20260918T170453Z/mv/dashboard_20260918T170453Z.jsonl,accepted_ingestion_window
databricks,dashboard,71,42048902844,1,0.982,quotes/databricks/results/serverless_baseline_full_20260918T170453Z/mv/dashboard_20260918T170453Z.jsonl,accepted_ingestion_window
databricks,dashboard,71,42048902844,2,0.728,quotes/databricks/results/serverless_baseline_full_20260918T170453Z/mv/dashboard_20260918T170453Z.jsonl,accepted_ingestion_window
databricks,dashboard,71,42048902844,3,0.82,quotes/databricks/results/serverless_baseline_full_20260918T170453Z/mv/dashboard_20260918T170453Z.jsonl,accepted_ingestion_window
databricks,dashboard,71,42048902844,4,0.787,quotes/databricks/results/serverless_baseline_full_20260918T170453Z/mv/dashboard_20260918T170453Z.jsonl,accepted_ingestion_window
databricks,dashboard,72,42649050693,1,0.974,quotes/databricks/results/serverless_baseline_full_20260918T170453Z/mv/dashboard_20260918T170453Z.jsonl,accepted_ingestion_window
databricks,dashboard,72,42649050693,2,0.683,quotes/databricks/results/serverless_baseline_full_20260918T170453Z/mv/dashboard_20260918T170453Z.jsonl,accepted_ingestion_window
databricks,dashboard,72,42649050693,3,0.762,quotes/databricks/results/serverless_baseline_full_20260918T170453Z/mv/dashboard_20260918T170453Z.jsonl,accepted_ingestion_window
databricks,dashboard,72,42649050693,4,0.803,quotes/databricks/results/serverless_baseline_full_20260918T170453Z/mv/dashboard_20260918T170453Z.jsonl,accepted_ingestion_window
databricks,dashboard,73,43248955264,1,1.619,quotes/databricks/results/serverless_baseline_full_20260918T170453Z/mv/dashboard_20260918T170453Z.jsonl,accepted_ingestion_window
databricks,dashboard,73,43248955264,2,0.5,quotes/databricks/results/serverless_baseline_full_20260918T170453Z/mv/dashboard_20260918T170453Z.jsonl,accepted_ingestion_window
databricks,dashboard,73,43248955264,3,0.497,quotes/databricks/results/serverless_baseline_full_20260918T170453Z/mv/dashboard_20260918T170453Z.jsonl,accepted_ingestion_window
databricks,dashboard,73,43248955264,4,0.502,quotes/databricks/results/serverless_baseline_full_20260918T170453Z/mv/dashboard_20260918T170453Z.jsonl,accepted_ingestion_window
databricks,dashboard,74,43849004793,1,1.099,quotes/databricks/results/serverless_baseline_full_20260918T170453Z/mv/dashboard_20260918T170453Z.jsonl,accepted_ingestion_window
databricks,dashboard,74,43849004793,2,0.693,quotes/databricks/results/serverless_baseline_full_20260918T170453Z/mv/dashboard_20260918T170453Z.jsonl,accepted_ingestion_window
databricks,dashboard,74,43849004793,3,0.809,quotes/databricks/results/serverless_baseline_full_20260918T170453Z/mv/dashboard_20260918T170453Z.jsonl,accepted_ingestion_window
databricks,dashboard,74,43849004793,4,0.805,quotes/databricks/results/serverless_baseline_full_20260918T170453Z/mv/dashboard_20260918T170453Z.jsonl,accepted_ingestion_window
databricks,dashboard,75,44448870942,1,0.767,quotes/databricks/results/serverless_baseline_full_20260918T170453Z/mv/dashboard_20260918T170453Z.jsonl,accepted_ingestion_window
databricks,dashboard,75,44448870942,2,0.43,quotes/databricks/results/serverless_baseline_full_20260918T170453Z/mv/dashboard_20260918T170453Z.jsonl,accepted_ingestion_window
databricks,dashboard,75,44448870942,3,0.418,quotes/databricks/results/serverless_baseline_full_20260918T170453Z/mv/dashboard_20260918T170453Z.jsonl,accepted_ingestion_window
databricks,dashboard,75,44448870942,4,0.449,quotes/databricks/results/serverless_baseline_full_20260918T170453Z/mv/dashboard_20260918T170453Z.jsonl,accepted_ingestion_window
databricks,dashboard,76,45048902478,1,1.079,quotes/databricks/results/serverless_baseline_full_20260918T170453Z/mv/dashboard_20260918T170453Z.jsonl,accepted_ingestion_window
databricks,dashboard,76,45048902478,2,0.681,quotes/databricks/results/serverless_baseline_full_20260918T170453Z/mv/dashboard_20260918T170453Z.jsonl,accepted_ingestion_window
databricks,dashboard,76,45048902478,3,0.775,quotes/databricks/results/serverless_baseline_full_20260918T170453Z/mv/dashboard_20260918T170453Z.jsonl,accepted_ingestion_window
databricks,dashboard,76,45048902478,4,0.815,quotes/databricks/results/serverless_baseline_full_20260918T170453Z/mv/dashboard_20260918T170453Z.jsonl,accepted_ingestion_window
databricks,dashboard,77,45648983692,1,0.682,quotes/databricks/results/serverless_baseline_full_20260918T170453Z/mv/dashboard_20260918T170453Z.jsonl,accepted_ingestion_window
databricks,dashboard,77,45648983692,2,0.402,quotes/databricks/results/serverless_baseline_full_20260918T170453Z/mv/dashboard_20260918T170453Z.jsonl,accepted_ingestion_window
databricks,dashboard,77,45648983692,3,0.394,quotes/databricks/results/serverless_baseline_full_20260918T170453Z/mv/dashboard_20260918T170453Z.jsonl,accepted_ingestion_window
databricks,dashboard,77,45648983692,4,0.414,quotes/databricks/results/serverless_baseline_full_20260918T170453Z/mv/dashboard_20260918T170453Z.jsonl,accepted_ingestion_window
databricks,dashboard,78,46248965040,1,1.036,quotes/databricks/results/serverless_baseline_full_20260918T170453Z/mv/dashboard_20260918T170453Z.jsonl,accepted_ingestion_window
databricks,dashboard,78,46248965040,2,0.686,quotes/databricks/results/serverless_baseline_full_20260918T170453Z/mv/dashboard_20260918T170453Z.jsonl,accepted_ingestion_window
databricks,dashboard,78,46248965040,3,0.807,quotes/databricks/results/serverless_baseline_full_20260918T170453Z/mv/dashboard_20260918T170453Z.jsonl,accepted_ingestion_window
databricks,dashboard,78,46248965040,4,0.837,quotes/databricks/results/serverless_baseline_full_20260918T170453Z/mv/dashboard_20260918T170453Z.jsonl,accepted_ingestion_window
databricks,dashboard,79,46848958026,1,0.807,quotes/databricks/results/serverless_baseline_full_20260918T170453Z/mv/dashboard_20260918T170453Z.jsonl,accepted_ingestion_window
databricks,dashboard,79,46848958026,2,0.506,quotes/databricks/results/serverless_baseline_full_20260918T170453Z/mv/dashboard_20260918T170453Z.jsonl,accepted_ingestion_window
databricks,dashboard,79,46848958026,3,0.558,quotes/databricks/results/serverless_baseline_full_20260918T170453Z/mv/dashboard_20260918T170453Z.jsonl,accepted_ingestion_window
databricks,dashboard,79,46848958026,4,0.664,quotes/databricks/results/serverless_baseline_full_20260918T170453Z/mv/dashboard_20260918T170453Z.jsonl,accepted_ingestion_window
databricks,dashboard,80,47448953256,1,1.085,quotes/databricks/results/serverless_baseline_full_20260918T170453Z/mv/dashboard_20260918T170453Z.jsonl,accepted_ingestion_window
databricks,dashboard,80,47448953256,2,0.728,quotes/databricks/results/serverless_baseline_full_20260918T170453Z/mv/dashboard_20260918T170453Z.jsonl,accepted_ingestion_window
databricks,dashboard,80,47448953256,3,0.848,quotes/databricks/results/serverless_baseline_full_20260918T170453Z/mv/dashboard_20260918T170453Z.jsonl,accepted_ingestion_window
databricks,dashboard,80,47448953256,4,0.885,quotes/databricks/results/serverless_baseline_full_20260918T170453Z/mv/dashboard_20260918T170453Z.jsonl,accepted_ingestion_window
databricks,dashboard,81,48048969904,1,0.811,quotes/databricks/results/serverless_baseline_full_20260918T170453Z/mv/dashboard_20260918T170453Z.jsonl,accepted_ingestion_window
databricks,dashboard,81,48048969904,2,0.445,quotes/databricks/results/serverless_baseline_full_20260918T170453Z/mv/dashboard_20260918T170453Z.jsonl,accepted_ingestion_window
databricks,dashboard,81,48048969904,3,0.458,quotes/databricks/results/serverless_baseline_full_20260918T170453Z/mv/dashboard_20260918T170453Z.jsonl,accepted_ingestion_window
databricks,dashboard,81,48048969904,4,0.492,quotes/databricks/results/serverless_baseline_full_20260918T170453Z/mv/dashboard_20260918T170453Z.jsonl,accepted_ingestion_window
databricks,dashboard,82,48648841029,1,0.989,quotes/databricks/results/serverless_baseline_full_20260918T170453Z/mv/dashboard_20260918T170453Z.jsonl,accepted_ingestion_window
databricks,dashboard,82,48648841029,2,0.743,quotes/databricks/results/serverless_baseline_full_20260918T170453Z/mv/dashboard_20260918T170453Z.jsonl,accepted_ingestion_window
databricks,dashboard,82,48648841029,3,0.782,quotes/databricks/results/serverless_baseline_full_20260918T170453Z/mv/dashboard_20260918T170453Z.jsonl,accepted_ingestion_window
databricks,dashboard,82,48648841029,4,0.853,quotes/databricks/results/serverless_baseline_full_20260918T170453Z/mv/dashboard_20260918T170453Z.jsonl,accepted_ingestion_window
databricks,dashboard,83,49249000673,1,0.759,quotes/databricks/results/serverless_baseline_full_20260918T170453Z/mv/dashboard_20260918T170453Z.jsonl,accepted_ingestion_window
databricks,dashboard,83,49249000673,2,0.482,quotes/databricks/results/serverless_baseline_full_20260918T170453Z/mv/dashboard_20260918T170453Z.jsonl,accepted_ingestion_window
databricks,dashboard,83,49249000673,3,0.414,quotes/databricks/results/serverless_baseline_full_20260918T170453Z/mv/dashboard_20260918T170453Z.jsonl,accepted_ingestion_window
databricks,dashboard,83,49249000673,4,0.445,quotes/databricks/results/serverless_baseline_full_20260918T170453Z/mv/dashboard_20260918T170453Z.jsonl,accepted_ingestion_window
databricks,dashboard,84,49848932021,1,0.986,quotes/databricks/results/serverless_baseline_full_20260918T170453Z/mv/dashboard_20260918T170453Z.jsonl,accepted_ingestion_window
databricks,dashboard,84,49848932021,2,0.765,quotes/databricks/results/serverless_baseline_full_20260918T170453Z/mv/dashboard_20260918T170453Z.jsonl,accepted_ingestion_window
databricks,dashboard,84,49848932021,3,0.789,quotes/databricks/results/serverless_baseline_full_20260918T170453Z/mv/dashboard_20260918T170453Z.jsonl,accepted_ingestion_window
databricks,dashboard,84,49848932021,4,0.832,quotes/databricks/results/serverless_baseline_full_20260918T170453Z/mv/dashboard_20260918T170453Z.jsonl,accepted_ingestion_window
databricks,dashboard,85,50448920743,1,0.885,quotes/databricks/results/serverless_baseline_full_20260918T170453Z/mv/dashboard_20260918T170453Z.jsonl,accepted_ingestion_window
databricks,dashboard,85,50448920743,2,0.484,quotes/databricks/results/serverless_baseline_full_20260918T170453Z/mv/dashboard_20260918T170453Z.jsonl,accepted_ingestion_window
databricks,dashboard,85,50448920743,3,0.482,quotes/databricks/results/serverless_baseline_full_20260918T170453Z/mv/dashboard_20260918T170453Z.jsonl,accepted_ingestion_window
databricks,dashboard,85,50448920743,4,0.599,quotes/databricks/results/serverless_baseline_full_20260918T170453Z/mv/dashboard_20260918T170453Z.jsonl,accepted_ingestion_window
databricks,dashboard,86,51048965322,1,1.089,quotes/databricks/results/serverless_baseline_full_20260918T170453Z/mv/dashboard_20260918T170453Z.jsonl,accepted_ingestion_window
databricks,dashboard,86,51048965322,2,0.705,quotes/databricks/results/serverless_baseline_full_20260918T170453Z/mv/dashboard_20260918T170453Z.jsonl,accepted_ingestion_window
databricks,dashboard,86,51048965322,3,0.782,quotes/databricks/results/serverless_baseline_full_20260918T170453Z/mv/dashboard_20260918T170453Z.jsonl,accepted_ingestion_window
databricks,dashboard,86,51048965322,4,0.81,quotes/databricks/results/serverless_baseline_full_20260918T170453Z/mv/dashboard_20260918T170453Z.jsonl,accepted_ingestion_window
databricks,dashboard,87,51648867376,1,1.037,quotes/databricks/results/serverless_baseline_full_20260918T170453Z/mv/dashboard_20260918T170453Z.jsonl,accepted_ingestion_window
databricks,dashboard,87,51648867376,2,0.762,quotes/databricks/results/serverless_baseline_full_20260918T170453Z/mv/dashboard_20260918T170453Z.jsonl,accepted_ingestion_window
databricks,dashboard,87,51648867376,3,0.785,quotes/databricks/results/serverless_baseline_full_20260918T170453Z/mv/dashboard_20260918T170453Z.jsonl,accepted_ingestion_window
databricks,dashboard,87,51648867376,4,0.867,quotes/databricks/results/serverless_baseline_full_20260918T170453Z/mv/dashboard_20260918T170453Z.jsonl,accepted_ingestion_window
databricks,dashboard,88,52248886297,1,1.005,quotes/databricks/results/serverless_baseline_full_20260918T170453Z/mv/dashboard_20260918T170453Z.jsonl,accepted_ingestion_window
databricks,dashboard,88,52248886297,2,0.807,quotes/databricks/results/serverless_baseline_full_20260918T170453Z/mv/dashboard_20260918T170453Z.jsonl,accepted_ingestion_window
databricks,dashboard,88,52248886297,3,0.818,quotes/databricks/results/serverless_baseline_full_20260918T170453Z/mv/dashboard_20260918T170453Z.jsonl,accepted_ingestion_window
databricks,dashboard,88,52248886297,4,0.852,quotes/databricks/results/serverless_baseline_full_20260918T170453Z/mv/dashboard_20260918T170453Z.jsonl,accepted_ingestion_window
databricks,dashboard,89,52848929281,1,0.892,quotes/databricks/results/serverless_baseline_full_20260918T170453Z/mv/dashboard_20260918T170453Z.jsonl,accepted_ingestion_window
databricks,dashboard,89,52848929281,2,0.637,quotes/databricks/results/serverless_baseline_full_20260918T170453Z/mv/dashboard_20260918T170453Z.jsonl,accepted_ingestion_window
databricks,dashboard,89,52848929281,3,0.769,quotes/databricks/results/serverless_baseline_full_20260918T170453Z/mv/dashboard_20260918T170453Z.jsonl,accepted_ingestion_window
databricks,dashboard,89,52848929281,4,0.794,quotes/databricks/results/serverless_baseline_full_20260918T170453Z/mv/dashboard_20260918T170453Z.jsonl,accepted_ingestion_window
databricks,dashboard,90,53448968592,1,0.976,quotes/databricks/results/serverless_baseline_full_20260918T170453Z/mv/dashboard_20260918T170453Z.jsonl,accepted_ingestion_window
databricks,dashboard,90,53448968592,2,0.691,quotes/databricks/results/serverless_baseline_full_20260918T170453Z/mv/dashboard_20260918T170453Z.jsonl,accepted_ingestion_window
databricks,dashboard,90,53448968592,3,0.797,quotes/databricks/results/serverless_baseline_full_20260918T170453Z/mv/dashboard_20260918T170453Z.jsonl,accepted_ingestion_window
databricks,dashboard,90,53448968592,4,0.939,quotes/databricks/results/serverless_baseline_full_20260918T170453Z/mv/dashboard_20260918T170453Z.jsonl,accepted_ingestion_window
databricks,dashboard,91,54048999698,1,1.015,quotes/databricks/results/serverless_baseline_full_20260918T170453Z/mv/dashboard_20260918T170453Z.jsonl,accepted_ingestion_window
databricks,dashboard,91,54048999698,2,0.877,quotes/databricks/results/serverless_baseline_full_20260918T170453Z/mv/dashboard_20260918T170453Z.jsonl,accepted_ingestion_window
databricks,dashboard,91,54048999698,3,0.903,quotes/databricks/results/serverless_baseline_full_20260918T170453Z/mv/dashboard_20260918T170453Z.jsonl,accepted_ingestion_window
databricks,dashboard,91,54048999698,4,0.987,quotes/databricks/results/serverless_baseline_full_20260918T170453Z/mv/dashboard_20260918T170453Z.jsonl,accepted_ingestion_window
databricks,dashboard,92,54648912657,1,1.407,quotes/databricks/results/serverless_baseline_full_20260918T170453Z/mv/dashboard_20260918T170453Z.jsonl,accepted_ingestion_window
databricks,dashboard,92,54648912657,2,0.736,quotes/databricks/results/serverless_baseline_full_20260918T170453Z/mv/dashboard_20260918T170453Z.jsonl,accepted_ingestion_window
databricks,dashboard,92,54648912657,3,0.859,quotes/databricks/results/serverless_baseline_full_20260918T170453Z/mv/dashboard_20260918T170453Z.jsonl,accepted_ingestion_window
databricks,dashboard,92,54648912657,4,0.877,quotes/databricks/results/serverless_baseline_full_20260918T170453Z/mv/dashboard_20260918T170453Z.jsonl,accepted_ingestion_window
databricks,dashboard,93,55248932131,1,0.959,quotes/databricks/results/serverless_baseline_full_20260918T170453Z/mv/dashboard_20260918T170453Z.jsonl,accepted_ingestion_window
databricks,dashboard,93,55248932131,2,0.764,quotes/databricks/results/serverless_baseline_full_20260918T170453Z/mv/dashboard_20260918T170453Z.jsonl,accepted_ingestion_window
databricks,dashboard,93,55248932131,3,0.807,quotes/databricks/results/serverless_baseline_full_20260918T170453Z/mv/dashboard_20260918T170453Z.jsonl,accepted_ingestion_window
databricks,dashboard,93,55248932131,4,1.611,quotes/databricks/results/serverless_baseline_full_20260918T170453Z/mv/dashboard_20260918T170453Z.jsonl,accepted_ingestion_window
databricks,dashboard,94,55849013665,1,0.955,quotes/databricks/results/serverless_baseline_full_20260918T170453Z/mv/dashboard_20260918T170453Z.jsonl,accepted_ingestion_window
databricks,dashboard,94,55849013665,2,0.688,quotes/databricks/results/serverless_baseline_full_20260918T170453Z/mv/dashboard_20260918T170453Z.jsonl,accepted_ingestion_window
databricks,dashboard,94,55849013665,3,0.786,quotes/databricks/results/serverless_baseline_full_20260918T170453Z/mv/dashboard_20260918T170453Z.jsonl,accepted_ingestion_window
databricks,dashboard,94,55849013665,4,0.818,quotes/databricks/results/serverless_baseline_full_20260918T170453Z/mv/dashboard_20260918T170453Z.jsonl,accepted_ingestion_window
databricks,dashboard,95,56448925831,1,0.943,quotes/databricks/results/serverless_baseline_full_20260918T170453Z/mv/dashboard_20260918T170453Z.jsonl,accepted_ingestion_window
databricks,dashboard,95,56448925831,2,0.686,quotes/databricks/results/serverless_baseline_full_20260918T170453Z/mv/dashboard_20260918T170453Z.jsonl,accepted_ingestion_window
databricks,dashboard,95,56448925831,3,0.825,quotes/databricks/results/serverless_baseline_full_20260918T170453Z/mv/dashboard_20260918T170453Z.jsonl,accepted_ingestion_window
databricks,dashboard,95,56448925831,4,0.877,quotes/databricks/results/serverless_baseline_full_20260918T170453Z/mv/dashboard_20260918T170453Z.jsonl,accepted_ingestion_window
databricks,dashboard,96,57048862217,1,1.072,quotes/databricks/results/serverless_baseline_full_20260918T170453Z/mv/dashboard_20260918T170453Z.jsonl,accepted_ingestion_window
databricks,dashboard,96,57048862217,2,0.784,quotes/databricks/results/serverless_baseline_full_20260918T170453Z/mv/dashboard_20260918T170453Z.jsonl,accepted_ingestion_window
databricks,dashboard,96,57048862217,3,0.797,quotes/databricks/results/serverless_baseline_full_20260918T170453Z/mv/dashboard_20260918T170453Z.jsonl,accepted_ingestion_window
databricks,dashboard,96,57048862217,4,0.869,quotes/databricks/results/serverless_baseline_full_20260918T170453Z/mv/dashboard_20260918T170453Z.jsonl,accepted_ingestion_window
databricks,dashboard,97,57648963051,1,0.984,quotes/databricks/results/serverless_baseline_full_20260918T170453Z/mv/dashboard_20260918T170453Z.jsonl,accepted_ingestion_window
databricks,dashboard,97,57648963051,2,0.773,quotes/databricks/results/serverless_baseline_full_20260918T170453Z/mv/dashboard_20260918T170453Z.jsonl,accepted_ingestion_window
databricks,dashboard,97,57648963051,3,0.872,quotes/databricks/results/serverless_baseline_full_20260918T170453Z/mv/dashboard_20260918T170453Z.jsonl,accepted_ingestion_window
databricks,dashboard,97,57648963051,4,0.894,quotes/databricks/results/serverless_baseline_full_20260918T170453Z/mv/dashboard_20260918T170453Z.jsonl,accepted_ingestion_window
databricks,dashboard,98,58249004920,1,1.055,quotes/databricks/results/serverless_baseline_full_20260918T170453Z/mv/dashboard_20260918T170453Z.jsonl,accepted_ingestion_window
databricks,dashboard,98,58249004920,2,0.763,quotes/databricks/results/serverless_baseline_full_20260918T170453Z/mv/dashboard_20260918T170453Z.jsonl,accepted_ingestion_window
databricks,dashboard,98,58249004920,3,0.881,quotes/databricks/results/serverless_baseline_full_20260918T170453Z/mv/dashboard_20260918T170453Z.jsonl,accepted_ingestion_window
databricks,dashboard,98,58249004920,4,0.823,quotes/databricks/results/serverless_baseline_full_20260918T170453Z/mv/dashboard_20260918T170453Z.jsonl,accepted_ingestion_window
databricks,dashboard,99,58848886186,1,0.71,quotes/databricks/results/serverless_baseline_full_20260918T170453Z/mv/dashboard_20260918T170453Z.jsonl,accepted_ingestion_window
databricks,dashboard,99,58848886186,2,0.412,quotes/databricks/results/serverless_baseline_full_20260918T170453Z/mv/dashboard_20260918T170453Z.jsonl,accepted_ingestion_window
databricks,dashboard,99,58848886186,3,0.391,quotes/databricks/results/serverless_baseline_full_20260918T170453Z/mv/dashboard_20260918T170453Z.jsonl,accepted_ingestion_window
databricks,dashboard,99,58848886186,4,0.416,quotes/databricks/results/serverless_baseline_full_20260918T170453Z/mv/dashboard_20260918T170453Z.jsonl,accepted_ingestion_window
databricks,dashboard,100,59449032571,1,0.97,quotes/databricks/results/serverless_baseline_full_20260918T170453Z/mv/dashboard_20260918T170453Z.jsonl,accepted_ingestion_window
databricks,dashboard,100,59449032571,2,0.722,quotes/databricks/results/serverless_baseline_full_20260918T170453Z/mv/dashboard_20260918T170453Z.jsonl,accepted_ingestion_window
databricks,dashboard,100,59449032571,3,0.799,quotes/databricks/results/serverless_baseline_full_20260918T170453Z/mv/dashboard_20260918T170453Z.jsonl,accepted_ingestion_window
databricks,dashboard,100,59449032571,4,0.831,quotes/databricks/results/serverless_baseline_full_20260918T170453Z/mv/dashboard_20260918T170453Z.jsonl,accepted_ingestion_window
databricks,dashboard,101,60048974387,1,0.91,quotes/databricks/results/serverless_baseline_full_20260918T170453Z/mv/dashboard_20260918T170453Z.jsonl,accepted_ingestion_window
databricks,dashboard,101,60048974387,2,0.73,quotes/databricks/results/serverless_baseline_full_20260918T170453Z/mv/dashboard_20260918T170453Z.jsonl,accepted_ingestion_window
databricks,dashboard,101,60048974387,3,0.762,quotes/databricks/results/serverless_baseline_full_20260918T170453Z/mv/dashboard_20260918T170453Z.jsonl,accepted_ingestion_window
databricks,dashboard,101,60048974387,4,0.731,quotes/databricks/results/serverless_baseline_full_20260918T170453Z/mv/dashboard_20260918T170453Z.jsonl,accepted_ingestion_window
databricks,dashboard,102,60649047005,1,0.986,quotes/databricks/results/serverless_baseline_full_20260918T170453Z/mv/dashboard_20260918T170453Z.jsonl,accepted_ingestion_window
databricks,dashboard,102,60649047005,2,0.411,quotes/databricks/results/serverless_baseline_full_20260918T170453Z/mv/dashboard_20260918T170453Z.jsonl,accepted_ingestion_window
databricks,dashboard,102,60649047005,3,0.366,quotes/databricks/results/serverless_baseline_full_20260918T170453Z/mv/dashboard_20260918T170453Z.jsonl,accepted_ingestion_window
databricks,dashboard,102,60649047005,4,0.402,quotes/databricks/results/serverless_baseline_full_20260918T170453Z/mv/dashboard_20260918T170453Z.jsonl,accepted_ingestion_window
databricks,dashboard,103,61248997535,1,1.051,quotes/databricks/results/serverless_baseline_full_20260918T170453Z/mv/dashboard_20260918T170453Z.jsonl,accepted_ingestion_window
databricks,dashboard,103,61248997535,2,0.866,quotes/databricks/results/serverless_baseline_full_20260918T170453Z/mv/dashboard_20260918T170453Z.jsonl,accepted_ingestion_window
databricks,dashboard,103,61248997535,3,1.155,quotes/databricks/results/serverless_baseline_full_20260918T170453Z/mv/dashboard_20260918T170453Z.jsonl,accepted_ingestion_window
databricks,dashboard,103,61248997535,4,0.906,quotes/databricks/results/serverless_baseline_full_20260918T170453Z/mv/dashboard_20260918T170453Z.jsonl,accepted_ingestion_window
databricks,dashboard,104,61848979545,1,0.971,quotes/databricks/results/serverless_baseline_full_20260918T170453Z/mv/dashboard_20260918T170453Z.jsonl,accepted_ingestion_window
databricks,dashboard,104,61848979545,2,0.414,quotes/databricks/results/serverless_baseline_full_20260918T170453Z/mv/dashboard_20260918T170453Z.jsonl,accepted_ingestion_window
databricks,dashboard,104,61848979545,3,0.389,quotes/databricks/results/serverless_baseline_full_20260918T170453Z/mv/dashboard_20260918T170453Z.jsonl,accepted_ingestion_window
databricks,dashboard,104,61848979545,4,0.455,quotes/databricks/results/serverless_baseline_full_20260918T170453Z/mv/dashboard_20260918T170453Z.jsonl,accepted_ingestion_window
databricks,dashboard,105,62448827582,1,0.969,quotes/databricks/results/serverless_baseline_full_20260918T170453Z/mv/dashboard_20260918T170453Z.jsonl,accepted_ingestion_window
databricks,dashboard,105,62448827582,2,0.701,quotes/databricks/results/serverless_baseline_full_20260918T170453Z/mv/dashboard_20260918T170453Z.jsonl,accepted_ingestion_window
databricks,dashboard,105,62448827582,3,0.78,quotes/databricks/results/serverless_baseline_full_20260918T170453Z/mv/dashboard_20260918T170453Z.jsonl,accepted_ingestion_window
databricks,dashboard,105,62448827582,4,0.839,quotes/databricks/results/serverless_baseline_full_20260918T170453Z/mv/dashboard_20260918T170453Z.jsonl,accepted_ingestion_window
databricks,dashboard,106,63048951008,1,0.674,quotes/databricks/results/serverless_baseline_full_20260918T170453Z/mv/dashboard_20260918T170453Z.jsonl,accepted_ingestion_window
databricks,dashboard,106,63048951008,2,0.442,quotes/databricks/results/serverless_baseline_full_20260918T170453Z/mv/dashboard_20260918T170453Z.jsonl,accepted_ingestion_window
databricks,dashboard,106,63048951008,3,0.414,quotes/databricks/results/serverless_baseline_full_20260918T170453Z/mv/dashboard_20260918T170453Z.jsonl,accepted_ingestion_window
databricks,dashboard,106,63048951008,4,0.419,quotes/databricks/results/serverless_baseline_full_20260918T170453Z/mv/dashboard_20260918T170453Z.jsonl,accepted_ingestion_window
databricks,dashboard,107,63648915373,1,0.985,quotes/databricks/results/serverless_baseline_full_20260918T170453Z/mv/dashboard_20260918T170453Z.jsonl,accepted_ingestion_window
databricks,dashboard,107,63648915373,2,0.757,quotes/databricks/results/serverless_baseline_full_20260918T170453Z/mv/dashboard_20260918T170453Z.jsonl,accepted_ingestion_window
databricks,dashboard,107,63648915373,3,0.817,quotes/databricks/results/serverless_baseline_full_20260918T170453Z/mv/dashboard_20260918T170453Z.jsonl,accepted_ingestion_window
databricks,dashboard,107,63648915373,4,0.787,quotes/databricks/results/serverless_baseline_full_20260918T170453Z/mv/dashboard_20260918T170453Z.jsonl,accepted_ingestion_window
databricks,dashboard,108,64248934893,1,0.985,quotes/databricks/results/serverless_baseline_full_20260918T170453Z/mv/dashboard_20260918T170453Z.jsonl,accepted_ingestion_window
databricks,dashboard,108,64248934893,2,0.549,quotes/databricks/results/serverless_baseline_full_20260918T170453Z/mv/dashboard_20260918T170453Z.jsonl,accepted_ingestion_window
databricks,dashboard,108,64248934893,3,0.427,quotes/databricks/results/serverless_baseline_full_20260918T170453Z/mv/dashboard_20260918T170453Z.jsonl,accepted_ingestion_window
databricks,dashboard,108,64248934893,4,0.468,quotes/databricks/results/serverless_baseline_full_20260918T170453Z/mv/dashboard_20260918T170453Z.jsonl,accepted_ingestion_window
databricks,dashboard,109,64848931181,1,0.826,quotes/databricks/results/serverless_baseline_full_20260918T170453Z/mv/dashboard_20260918T170453Z.jsonl,accepted_ingestion_window
databricks,dashboard,109,64848931181,2,0.49,quotes/databricks/results/serverless_baseline_full_20260918T170453Z/mv/dashboard_20260918T170453Z.jsonl,accepted_ingestion_window
databricks,dashboard,109,64848931181,3,0.448,quotes/databricks/results/serverless_baseline_full_20260918T170453Z/mv/dashboard_20260918T170453Z.jsonl,accepted_ingestion_window
databricks,dashboard,109,64848931181,4,0.887,quotes/databricks/results/serverless_baseline_full_20260918T170453Z/mv/dashboard_20260918T170453Z.jsonl,accepted_ingestion_window
databricks,dashboard,110,65448990060,1,0.986,quotes/databricks/results/serverless_baseline_full_20260918T170453Z/mv/dashboard_20260918T170453Z.jsonl,accepted_ingestion_window
databricks,dashboard,110,65448990060,2,0.69,quotes/databricks/results/serverless_baseline_full_20260918T170453Z/mv/dashboard_20260918T170453Z.jsonl,accepted_ingestion_window
databricks,dashboard,110,65448990060,3,0.775,quotes/databricks/results/serverless_baseline_full_20260918T170453Z/mv/dashboard_20260918T170453Z.jsonl,accepted_ingestion_window
databricks,dashboard,110,65448990060,4,0.836,quotes/databricks/results/serverless_baseline_full_20260918T170453Z/mv/dashboard_20260918T170453Z.jsonl,accepted_ingestion_window
databricks,dashboard,111,66048942260,1,0.729,quotes/databricks/results/serverless_baseline_full_20260918T170453Z/mv/dashboard_20260918T170453Z.jsonl,accepted_ingestion_window
databricks,dashboard,111,66048942260,2,0.417,quotes/databricks/results/serverless_baseline_full_20260918T170453Z/mv/dashboard_20260918T170453Z.jsonl,accepted_ingestion_window
databricks,dashboard,111,66048942260,3,0.403,quotes/databricks/results/serverless_baseline_full_20260918T170453Z/mv/dashboard_20260918T170453Z.jsonl,accepted_ingestion_window
databricks,dashboard,111,66048942260,4,0.58,quotes/databricks/results/serverless_baseline_full_20260918T170453Z/mv/dashboard_20260918T170453Z.jsonl,accepted_ingestion_window
databricks,dashboard,112,66648970121,1,1.046,quotes/databricks/results/serverless_baseline_full_20260918T170453Z/mv/dashboard_20260918T170453Z.jsonl,accepted_ingestion_window
databricks,dashboard,112,66648970121,2,0.725,quotes/databricks/results/serverless_baseline_full_20260918T170453Z/mv/dashboard_20260918T170453Z.jsonl,accepted_ingestion_window
databricks,dashboard,112,66648970121,3,0.702,quotes/databricks/results/serverless_baseline_full_20260918T170453Z/mv/dashboard_20260918T170453Z.jsonl,accepted_ingestion_window
databricks,dashboard,112,66648970121,4,1.108,quotes/databricks/results/serverless_baseline_full_20260918T170453Z/mv/dashboard_20260918T170453Z.jsonl,accepted_ingestion_window
databricks,dashboard,113,67248947921,1,0.732,quotes/databricks/results/serverless_baseline_full_20260918T170453Z/mv/dashboard_20260918T170453Z.jsonl,accepted_ingestion_window
databricks,dashboard,113,67248947921,2,0.451,quotes/databricks/results/serverless_baseline_full_20260918T170453Z/mv/dashboard_20260918T170453Z.jsonl,accepted_ingestion_window
databricks,dashboard,113,67248947921,3,0.419,quotes/databricks/results/serverless_baseline_full_20260918T170453Z/mv/dashboard_20260918T170453Z.jsonl,accepted_ingestion_window
databricks,dashboard,113,67248947921,4,0.424,quotes/databricks/results/serverless_baseline_full_20260918T170453Z/mv/dashboard_20260918T170453Z.jsonl,accepted_ingestion_window
databricks,dashboard,114,67848865391,1,1.098,quotes/databricks/results/serverless_baseline_full_20260918T170453Z/mv/dashboard_20260918T170453Z.jsonl,accepted_ingestion_window
databricks,dashboard,114,67848865391,2,0.766,quotes/databricks/results/serverless_baseline_full_20260918T170453Z/mv/dashboard_20260918T170453Z.jsonl,accepted_ingestion_window
databricks,dashboard,114,67848865391,3,0.846,quotes/databricks/results/serverless_baseline_full_20260918T170453Z/mv/dashboard_20260918T170453Z.jsonl,accepted_ingestion_window
databricks,dashboard,114,67848865391,4,0.844,quotes/databricks/results/serverless_baseline_full_20260918T170453Z/mv/dashboard_20260918T170453Z.jsonl,accepted_ingestion_window
databricks,dashboard,115,68448901225,1,1.172,quotes/databricks/results/serverless_baseline_full_20260918T170453Z/mv/dashboard_20260918T170453Z.jsonl,accepted_ingestion_window
databricks,dashboard,115,68448901225,2,0.897,quotes/databricks/results/serverless_baseline_full_20260918T170453Z/mv/dashboard_20260918T170453Z.jsonl,accepted_ingestion_window
databricks,dashboard,115,68448901225,3,1.002,quotes/databricks/results/serverless_baseline_full_20260918T170453Z/mv/dashboard_20260918T170453Z.jsonl,accepted_ingestion_window
databricks,dashboard,115,68448901225,4,1.43,quotes/databricks/results/serverless_baseline_full_20260918T170453Z/mv/dashboard_20260918T170453Z.jsonl,accepted_ingestion_window
databricks,dashboard,116,69049033856,1,1.061,quotes/databricks/results/serverless_baseline_full_20260918T170453Z/mv/dashboard_20260918T170453Z.jsonl,accepted_ingestion_window
databricks,dashboard,116,69049033856,2,0.735,quotes/databricks/results/serverless_baseline_full_20260918T170453Z/mv/dashboard_20260918T170453Z.jsonl,accepted_ingestion_window
databricks,dashboard,116,69049033856,3,0.827,quotes/databricks/results/serverless_baseline_full_20260918T170453Z/mv/dashboard_20260918T170453Z.jsonl,accepted_ingestion_window
databricks,dashboard,116,69049033856,4,0.872,quotes/databricks/results/serverless_baseline_full_20260918T170453Z/mv/dashboard_20260918T170453Z.jsonl,accepted_ingestion_window
databricks,dashboard,117,69648898887,1,1.345,quotes/databricks/results/serverless_baseline_full_20260918T170453Z/mv/dashboard_20260918T170453Z.jsonl,accepted_ingestion_window
databricks,dashboard,117,69648898887,2,0.725,quotes/databricks/results/serverless_baseline_full_20260918T170453Z/mv/dashboard_20260918T170453Z.jsonl,accepted_ingestion_window
databricks,dashboard,117,69648898887,3,0.836,quotes/databricks/results/serverless_baseline_full_20260918T170453Z/mv/dashboard_20260918T170453Z.jsonl,accepted_ingestion_window
databricks,dashboard,117,69648898887,4,0.876,quotes/databricks/results/serverless_baseline_full_20260918T170453Z/mv/dashboard_20260918T170453Z.jsonl,accepted_ingestion_window
databricks,dashboard,118,70248972689,1,1.005,quotes/databricks/results/serverless_baseline_full_20260918T170453Z/mv/dashboard_20260918T170453Z.jsonl,accepted_ingestion_window
databricks,dashboard,118,70248972689,2,0.802,quotes/databricks/results/serverless_baseline_full_20260918T170453Z/mv/dashboard_20260918T170453Z.jsonl,accepted_ingestion_window
databricks,dashboard,118,70248972689,3,0.854,quotes/databricks/results/serverless_baseline_full_20260918T170453Z/mv/dashboard_20260918T170453Z.jsonl,accepted_ingestion_window
databricks,dashboard,118,70248972689,4,0.857,quotes/databricks/results/serverless_baseline_full_20260918T170453Z/mv/dashboard_20260918T170453Z.jsonl,accepted_ingestion_window
databricks,dashboard,119,70848944994,1,2.311,quotes/databricks/results/serverless_baseline_full_20260918T170453Z/mv/dashboard_20260918T170453Z.jsonl,accepted_ingestion_window
databricks,dashboard,119,70848944994,2,1.138,quotes/databricks/results/serverless_baseline_full_20260918T170453Z/mv/dashboard_20260918T170453Z.jsonl,accepted_ingestion_window
databricks,dashboard,119,70848944994,3,0.869,quotes/databricks/results/serverless_baseline_full_20260918T170453Z/mv/dashboard_20260918T170453Z.jsonl,accepted_ingestion_window
databricks,dashboard,119,70848944994,4,1.774,quotes/databricks/results/serverless_baseline_full_20260918T170453Z/mv/dashboard_20260918T170453Z.jsonl,accepted_ingestion_window
databricks,dashboard,120,71448876924,1,1.044,quotes/databricks/results/serverless_baseline_full_20260918T170453Z/mv/dashboard_20260918T170453Z.jsonl,accepted_ingestion_window
databricks,dashboard,120,71448876924,2,0.785,quotes/databricks/results/serverless_baseline_full_20260918T170453Z/mv/dashboard_20260918T170453Z.jsonl,accepted_ingestion_window
databricks,dashboard,120,71448876924,3,0.882,quotes/databricks/results/serverless_baseline_full_20260918T170453Z/mv/dashboard_20260918T170453Z.jsonl,accepted_ingestion_window
databricks,dashboard,120,71448876924,4,0.856,quotes/databricks/results/serverless_baseline_full_20260918T170453Z/mv/dashboard_20260918T170453Z.jsonl,accepted_ingestion_window
databricks,dashboard,121,72048872763,1,1.082,quotes/databricks/results/serverless_baseline_full_20260918T170453Z/mv/dashboard_20260918T170453Z.jsonl,accepted_ingestion_window
databricks,dashboard,121,72048872763,2,0.792,quotes/databricks/results/serverless_baseline_full_20260918T170453Z/mv/dashboard_20260918T170453Z.jsonl,accepted_ingestion_window
databricks,dashboard,121,72048872763,3,1.005,quotes/databricks/results/serverless_baseline_full_20260918T170453Z/mv/dashboard_20260918T170453Z.jsonl,accepted_ingestion_window
databricks,dashboard,121,72048872763,4,1.094,quotes/databricks/results/serverless_baseline_full_20260918T170453Z/mv/dashboard_20260918T170453Z.jsonl,accepted_ingestion_window
databricks,dashboard,122,72648823293,1,1.413,quotes/databricks/results/serverless_baseline_full_20260918T170453Z/mv/dashboard_20260918T170453Z.jsonl,accepted_ingestion_window
databricks,dashboard,122,72648823293,2,0.767,quotes/databricks/results/serverless_baseline_full_20260918T170453Z/mv/dashboard_20260918T170453Z.jsonl,accepted_ingestion_window
databricks,dashboard,122,72648823293,3,0.853,quotes/databricks/results/serverless_baseline_full_20260918T170453Z/mv/dashboard_20260918T170453Z.jsonl,accepted_ingestion_window
databricks,dashboard,122,72648823293,4,0.914,quotes/databricks/results/serverless_baseline_full_20260918T170453Z/mv/dashboard_20260918T170453Z.jsonl,accepted_ingestion_window
databricks,dashboard,123,73248951843,1,0.981,quotes/databricks/results/serverless_baseline_full_20260918T170453Z/mv/dashboard_20260918T170453Z.jsonl,accepted_ingestion_window
databricks,dashboard,123,73248951843,2,0.739,quotes/databricks/results/serverless_baseline_full_20260918T170453Z/mv/dashboard_20260918T170453Z.jsonl,accepted_ingestion_window
databricks,dashboard,123,73248951843,3,0.823,quotes/databricks/results/serverless_baseline_full_20260918T170453Z/mv/dashboard_20260918T170453Z.jsonl,accepted_ingestion_window
databricks,dashboard,123,73248951843,4,0.903,quotes/databricks/results/serverless_baseline_full_20260918T170453Z/mv/dashboard_20260918T170453Z.jsonl,accepted_ingestion_window
databricks,dashboard,124,73848850795,1,0.95,quotes/databricks/results/serverless_baseline_full_20260918T170453Z/mv/dashboard_20260918T170453Z.jsonl,accepted_ingestion_window
databricks,dashboard,124,73848850795,2,0.743,quotes/databricks/results/serverless_baseline_full_20260918T170453Z/mv/dashboard_20260918T170453Z.jsonl,accepted_ingestion_window
databricks,dashboard,124,73848850795,3,0.806,quotes/databricks/results/serverless_baseline_full_20260918T170453Z/mv/dashboard_20260918T170453Z.jsonl,accepted_ingestion_window
databricks,dashboard,124,73848850795,4,0.844,quotes/databricks/results/serverless_baseline_full_20260918T170453Z/mv/dashboard_20260918T170453Z.jsonl,accepted_ingestion_window
databricks,dashboard,125,74448988124,1,0.952,quotes/databricks/results/serverless_baseline_full_20260918T170453Z/mv/dashboard_20260918T170453Z.jsonl,accepted_ingestion_window
databricks,dashboard,125,74448988124,2,0.736,quotes/databricks/results/serverless_baseline_full_20260918T170453Z/mv/dashboard_20260918T170453Z.jsonl,accepted_ingestion_window
databricks,dashboard,125,74448988124,3,0.749,quotes/databricks/results/serverless_baseline_full_20260918T170453Z/mv/dashboard_20260918T170453Z.jsonl,accepted_ingestion_window
databricks,dashboard,125,74448988124,4,0.831,quotes/databricks/results/serverless_baseline_full_20260918T170453Z/mv/dashboard_20260918T170453Z.jsonl,accepted_ingestion_window
databricks,dashboard,126,75048980211,1,1.445,quotes/databricks/results/serverless_baseline_full_20260918T170453Z/mv/dashboard_20260918T170453Z.jsonl,accepted_ingestion_window
databricks,dashboard,126,75048980211,2,0.72,quotes/databricks/results/serverless_baseline_full_20260918T170453Z/mv/dashboard_20260918T170453Z.jsonl,accepted_ingestion_window
databricks,dashboard,126,75048980211,3,0.841,quotes/databricks/results/serverless_baseline_full_20260918T170453Z/mv/dashboard_20260918T170453Z.jsonl,accepted_ingestion_window
databricks,dashboard,126,75048980211,4,0.753,quotes/databricks/results/serverless_baseline_full_20260918T170453Z/mv/dashboard_20260918T170453Z.jsonl,accepted_ingestion_window
databricks,dashboard,127,75648919105,1,0.975,quotes/databricks/results/serverless_baseline_full_20260918T170453Z/mv/dashboard_20260918T170453Z.jsonl,accepted_ingestion_window
databricks,dashboard,127,75648919105,2,0.805,quotes/databricks/results/serverless_baseline_full_20260918T170453Z/mv/dashboard_20260918T170453Z.jsonl,accepted_ingestion_window
databricks,dashboard,127,75648919105,3,0.894,quotes/databricks/results/serverless_baseline_full_20260918T170453Z/mv/dashboard_20260918T170453Z.jsonl,accepted_ingestion_window
databricks,dashboard,127,75648919105,4,0.907,quotes/databricks/results/serverless_baseline_full_20260918T170453Z/mv/dashboard_20260918T170453Z.jsonl,accepted_ingestion_window
databricks,dashboard,128,76248881396,1,0.991,quotes/databricks/results/serverless_baseline_full_20260918T170453Z/mv/dashboard_20260918T170453Z.jsonl,accepted_ingestion_window
databricks,dashboard,128,76248881396,2,0.795,quotes/databricks/results/serverless_baseline_full_20260918T170453Z/mv/dashboard_20260918T170453Z.jsonl,accepted_ingestion_window
databricks,dashboard,128,76248881396,3,0.822,quotes/databricks/results/serverless_baseline_full_20260918T170453Z/mv/dashboard_20260918T170453Z.jsonl,accepted_ingestion_window
databricks,dashboard,128,76248881396,4,0.837,quotes/databricks/results/serverless_baseline_full_20260918T170453Z/mv/dashboard_20260918T170453Z.jsonl,accepted_ingestion_window
databricks,dashboard,129,76848823691,1,1.051,quotes/databricks/results/serverless_baseline_full_20260918T170453Z/mv/dashboard_20260918T170453Z.jsonl,accepted_ingestion_window
databricks,dashboard,129,76848823691,2,0.75,quotes/databricks/results/serverless_baseline_full_20260918T170453Z/mv/dashboard_20260918T170453Z.jsonl,accepted_ingestion_window
databricks,dashboard,129,76848823691,3,0.799,quotes/databricks/results/serverless_baseline_full_20260918T170453Z/mv/dashboard_20260918T170453Z.jsonl,accepted_ingestion_window
databricks,dashboard,129,76848823691,4,0.841,quotes/databricks/results/serverless_baseline_full_20260918T170453Z/mv/dashboard_20260918T170453Z.jsonl,accepted_ingestion_window
databricks,dashboard,130,77448864325,1,0.968,quotes/databricks/results/serverless_baseline_full_20260918T170453Z/mv/dashboard_20260918T170453Z.jsonl,accepted_ingestion_window
databricks,dashboard,130,77448864325,2,0.718,quotes/databricks/results/serverless_baseline_full_20260918T170453Z/mv/dashboard_20260918T170453Z.jsonl,accepted_ingestion_window
databricks,dashboard,130,77448864325,3,0.839,quotes/databricks/results/serverless_baseline_full_20260918T170453Z/mv/dashboard_20260918T170453Z.jsonl,accepted_ingestion_window
databricks,dashboard,130,77448864325,4,0.8,quotes/databricks/results/serverless_baseline_full_20260918T170453Z/mv/dashboard_20260918T170453Z.jsonl,accepted_ingestion_window
databricks,dashboard,131,78048857309,1,0.966,quotes/databricks/results/serverless_baseline_full_20260918T170453Z/mv/dashboard_20260918T170453Z.jsonl,accepted_ingestion_window
databricks,dashboard,131,78048857309,2,0.712,quotes/databricks/results/serverless_baseline_full_20260918T170453Z/mv/dashboard_20260918T170453Z.jsonl,accepted_ingestion_window
databricks,dashboard,131,78048857309,3,0.742,quotes/databricks/results/serverless_baseline_full_20260918T170453Z/mv/dashboard_20260918T170453Z.jsonl,accepted_ingestion_window
databricks,dashboard,131,78048857309,4,0.822,quotes/databricks/results/serverless_baseline_full_20260918T170453Z/mv/dashboard_20260918T170453Z.jsonl,accepted_ingestion_window
databricks,dashboard,132,78648963825,1,1.115,quotes/databricks/results/serverless_baseline_full_20260918T170453Z/mv/dashboard_20260918T170453Z.jsonl,accepted_ingestion_window
databricks,dashboard,132,78648963825,2,0.749,quotes/databricks/results/serverless_baseline_full_20260918T170453Z/mv/dashboard_20260918T170453Z.jsonl,accepted_ingestion_window
databricks,dashboard,132,78648963825,3,0.824,quotes/databricks/results/serverless_baseline_full_20260918T170453Z/mv/dashboard_20260918T170453Z.jsonl,accepted_ingestion_window
databricks,dashboard,132,78648963825,4,0.877,quotes/databricks/results/serverless_baseline_full_20260918T170453Z/mv/dashboard_20260918T170453Z.jsonl,accepted_ingestion_window
databricks,dashboard,133,79248916498,1,0.998,quotes/databricks/results/serverless_baseline_full_20260918T170453Z/mv/dashboard_20260918T170453Z.jsonl,accepted_ingestion_window
databricks,dashboard,133,79248916498,2,0.849,quotes/databricks/results/serverless_baseline_full_20260918T170453Z/mv/dashboard_20260918T170453Z.jsonl,accepted_ingestion_window
databricks,dashboard,133,79248916498,3,0.907,quotes/databricks/results/serverless_baseline_full_20260918T170453Z/mv/dashboard_20260918T170453Z.jsonl,accepted_ingestion_window
databricks,dashboard,133,79248916498,4,0.867,quotes/databricks/results/serverless_baseline_full_20260918T170453Z/mv/dashboard_20260918T170453Z.jsonl,accepted_ingestion_window
databricks,dashboard,134,79848963748,1,0.677,quotes/databricks/results/serverless_baseline_full_20260918T170453Z/mv/dashboard_20260918T170453Z.jsonl,accepted_ingestion_window
databricks,dashboard,134,79848963748,2,0.426,quotes/databricks/results/serverless_baseline_full_20260918T170453Z/mv/dashboard_20260918T170453Z.jsonl,accepted_ingestion_window
databricks,dashboard,134,79848963748,3,0.433,quotes/databricks/results/serverless_baseline_full_20260918T170453Z/mv/dashboard_20260918T170453Z.jsonl,accepted_ingestion_window
databricks,dashboard,134,79848963748,4,0.481,quotes/databricks/results/serverless_baseline_full_20260918T170453Z/mv/dashboard_20260918T170453Z.jsonl,accepted_ingestion_window
databricks,dashboard,135,80448989098,1,0.899,quotes/databricks/results/serverless_baseline_full_20260918T170453Z/mv/dashboard_20260918T170453Z.jsonl,accepted_ingestion_window
databricks,dashboard,135,80448989098,2,0.682,quotes/databricks/results/serverless_baseline_full_20260918T170453Z/mv/dashboard_20260918T170453Z.jsonl,accepted_ingestion_window
databricks,dashboard,135,80448989098,3,0.747,quotes/databricks/results/serverless_baseline_full_20260918T170453Z/mv/dashboard_20260918T170453Z.jsonl,accepted_ingestion_window
databricks,dashboard,135,80448989098,4,0.807,quotes/databricks/results/serverless_baseline_full_20260918T170453Z/mv/dashboard_20260918T170453Z.jsonl,accepted_ingestion_window
databricks,dashboard,136,81048989103,1,0.683,quotes/databricks/results/serverless_baseline_full_20260918T170453Z/mv/dashboard_20260918T170453Z.jsonl,accepted_ingestion_window
databricks,dashboard,136,81048989103,2,0.411,quotes/databricks/results/serverless_baseline_full_20260918T170453Z/mv/dashboard_20260918T170453Z.jsonl,accepted_ingestion_window
databricks,dashboard,136,81048989103,3,0.427,quotes/databricks/results/serverless_baseline_full_20260918T170453Z/mv/dashboard_20260918T170453Z.jsonl,accepted_ingestion_window
databricks,dashboard,136,81048989103,4,0.425,quotes/databricks/results/serverless_baseline_full_20260918T170453Z/mv/dashboard_20260918T170453Z.jsonl,accepted_ingestion_window
databricks,dashboard,137,81648805878,1,0.946,quotes/databricks/results/serverless_baseline_full_20260918T170453Z/mv/dashboard_20260918T170453Z.jsonl,accepted_ingestion_window
databricks,dashboard,137,81648805878,2,0.726,quotes/databricks/results/serverless_baseline_full_20260918T170453Z/mv/dashboard_20260918T170453Z.jsonl,accepted_ingestion_window
databricks,dashboard,137,81648805878,3,0.768,quotes/databricks/results/serverless_baseline_full_20260918T170453Z/mv/dashboard_20260918T170453Z.jsonl,accepted_ingestion_window
databricks,dashboard,137,81648805878,4,0.802,quotes/databricks/results/serverless_baseline_full_20260918T170453Z/mv/dashboard_20260918T170453Z.jsonl,accepted_ingestion_window
databricks,dashboard,138,82248892830,1,1.019,quotes/databricks/results/serverless_baseline_full_20260918T170453Z/mv/dashboard_20260918T170453Z.jsonl,accepted_ingestion_window
databricks,dashboard,138,82248892830,2,0.696,quotes/databricks/results/serverless_baseline_full_20260918T170453Z/mv/dashboard_20260918T170453Z.jsonl,accepted_ingestion_window
databricks,dashboard,138,82248892830,3,1.289,quotes/databricks/results/serverless_baseline_full_20260918T170453Z/mv/dashboard_20260918T170453Z.jsonl,accepted_ingestion_window
databricks,dashboard,138,82248892830,4,0.491,quotes/databricks/results/serverless_baseline_full_20260918T170453Z/mv/dashboard_20260918T170453Z.jsonl,accepted_ingestion_window
databricks,dashboard,139,82848947450,1,0.753,quotes/databricks/results/serverless_baseline_full_20260918T170453Z/mv/dashboard_20260918T170453Z.jsonl,accepted_ingestion_window
databricks,dashboard,139,82848947450,2,0.498,quotes/databricks/results/serverless_baseline_full_20260918T170453Z/mv/dashboard_20260918T170453Z.jsonl,accepted_ingestion_window
databricks,dashboard,139,82848947450,3,0.974,quotes/databricks/results/serverless_baseline_full_20260918T170453Z/mv/dashboard_20260918T170453Z.jsonl,accepted_ingestion_window
databricks,dashboard,139,82848947450,4,0.954,quotes/databricks/results/serverless_baseline_full_20260918T170453Z/mv/dashboard_20260918T170453Z.jsonl,accepted_ingestion_window
databricks,dashboard,140,83448864291,1,1.125,quotes/databricks/results/serverless_baseline_full_20260918T170453Z/mv/dashboard_20260918T170453Z.jsonl,accepted_ingestion_window
databricks,dashboard,140,83448864291,2,0.739,quotes/databricks/results/serverless_baseline_full_20260918T170453Z/mv/dashboard_20260918T170453Z.jsonl,accepted_ingestion_window
databricks,dashboard,140,83448864291,3,0.792,quotes/databricks/results/serverless_baseline_full_20260918T170453Z/mv/dashboard_20260918T170453Z.jsonl,accepted_ingestion_window
databricks,dashboard,140,83448864291,4,0.949,quotes/databricks/results/serverless_baseline_full_20260918T170453Z/mv/dashboard_20260918T170453Z.jsonl,accepted_ingestion_window
databricks,dashboard,141,84048946267,1,0.738,quotes/databricks/results/serverless_baseline_full_20260918T170453Z/mv/dashboard_20260918T170453Z.jsonl,accepted_ingestion_window
databricks,dashboard,141,84048946267,2,0.493,quotes/databricks/results/serverless_baseline_full_20260918T170453Z/mv/dashboard_20260918T170453Z.jsonl,accepted_ingestion_window
databricks,dashboard,141,84048946267,3,0.449,quotes/databricks/results/serverless_baseline_full_20260918T170453Z/mv/dashboard_20260918T170453Z.jsonl,accepted_ingestion_window
databricks,dashboard,141,84048946267,4,0.468,quotes/databricks/results/serverless_baseline_full_20260918T170453Z/mv/dashboard_20260918T170453Z.jsonl,accepted_ingestion_window
databricks,dashboard,142,84648911334,1,5.299,quotes/databricks/results/serverless_baseline_full_20260918T170453Z/mv/dashboard_20260918T170453Z.jsonl,accepted_ingestion_window
databricks,dashboard,142,84648911334,2,1.07,quotes/databricks/results/serverless_baseline_full_20260918T170453Z/mv/dashboard_20260918T170453Z.jsonl,accepted_ingestion_window
databricks,dashboard,142,84648911334,3,1.078,quotes/databricks/results/serverless_baseline_full_20260918T170453Z/mv/dashboard_20260918T170453Z.jsonl,accepted_ingestion_window
databricks,dashboard,142,84648911334,4,1.051,quotes/databricks/results/serverless_baseline_full_20260918T170453Z/mv/dashboard_20260918T170453Z.jsonl,accepted_ingestion_window
databricks,dashboard,143,85248832558,1,1.931,quotes/databricks/results/serverless_baseline_full_20260918T170453Z/mv/dashboard_20260918T170453Z.jsonl,accepted_ingestion_window
databricks,dashboard,143,85248832558,2,0.551,quotes/databricks/results/serverless_baseline_full_20260918T170453Z/mv/dashboard_20260918T170453Z.jsonl,accepted_ingestion_window
databricks,dashboard,143,85248832558,3,0.477,quotes/databricks/results/serverless_baseline_full_20260918T170453Z/mv/dashboard_20260918T170453Z.jsonl,accepted_ingestion_window
databricks,dashboard,143,85248832558,4,0.486,quotes/databricks/results/serverless_baseline_full_20260918T170453Z/mv/dashboard_20260918T170453Z.jsonl,accepted_ingestion_window
databricks,dashboard,144,85848983088,1,2.117,quotes/databricks/results/serverless_baseline_full_20260918T170453Z/mv/dashboard_20260918T170453Z.jsonl,accepted_ingestion_window
databricks,dashboard,144,85848983088,2,0.812,quotes/databricks/results/serverless_baseline_full_20260918T170453Z/mv/dashboard_20260918T170453Z.jsonl,accepted_ingestion_window
databricks,dashboard,144,85848983088,3,1.259,quotes/databricks/results/serverless_baseline_full_20260918T170453Z/mv/dashboard_20260918T170453Z.jsonl,accepted_ingestion_window
databricks,dashboard,144,85848983088,4,1.318,quotes/databricks/results/serverless_baseline_full_20260918T170453Z/mv/dashboard_20260918T170453Z.jsonl,accepted_ingestion_window
databricks,dashboard,145,86448998070,1,1.745,quotes/databricks/results/serverless_baseline_full_20260918T170453Z/mv/dashboard_20260918T170453Z.jsonl,accepted_ingestion_window
databricks,dashboard,145,86448998070,2,0.577,quotes/databricks/results/serverless_baseline_full_20260918T170453Z/mv/dashboard_20260918T170453Z.jsonl,accepted_ingestion_window
databricks,dashboard,145,86448998070,3,0.53,quotes/databricks/results/serverless_baseline_full_20260918T170453Z/mv/dashboard_20260918T170453Z.jsonl,accepted_ingestion_window
databricks,dashboard,145,86448998070,4,0.794,quotes/databricks/results/serverless_baseline_full_20260918T170453Z/mv/dashboard_20260918T170453Z.jsonl,accepted_ingestion_window
databricks,dashboard,146,87048970508,1,1.925,quotes/databricks/results/serverless_baseline_full_20260918T170453Z/mv/dashboard_20260918T170453Z.jsonl,accepted_ingestion_window
databricks,dashboard,146,87048970508,2,0.834,quotes/databricks/results/serverless_baseline_full_20260918T170453Z/mv/dashboard_20260918T170453Z.jsonl,accepted_ingestion_window
databricks,dashboard,146,87048970508,3,1.442,quotes/databricks/results/serverless_baseline_full_20260918T170453Z/mv/dashboard_20260918T170453Z.jsonl,accepted_ingestion_window
databricks,dashboard,146,87048970508,4,0.865,quotes/databricks/results/serverless_baseline_full_20260918T170453Z/mv/dashboard_20260918T170453Z.jsonl,accepted_ingestion_window
databricks,dashboard,147,87648993949,1,2.208,quotes/databricks/results/serverless_baseline_full_20260918T170453Z/mv/dashboard_20260918T170453Z.jsonl,accepted_ingestion_window
databricks,dashboard,147,87648993949,2,0.757,quotes/databricks/results/serverless_baseline_full_20260918T170453Z/mv/dashboard_20260918T170453Z.jsonl,accepted_ingestion_window
databricks,dashboard,147,87648993949,3,0.797,quotes/databricks/results/serverless_baseline_full_20260918T170453Z/mv/dashboard_20260918T170453Z.jsonl,accepted_ingestion_window
databricks,dashboard,147,87648993949,4,0.992,quotes/databricks/results/serverless_baseline_full_20260918T170453Z/mv/dashboard_20260918T170453Z.jsonl,accepted_ingestion_window
databricks,dashboard,148,88248973865,1,2.256,quotes/databricks/results/serverless_baseline_full_20260918T170453Z/mv/dashboard_20260918T170453Z.jsonl,accepted_ingestion_window
databricks,dashboard,148,88248973865,2,1.094,quotes/databricks/results/serverless_baseline_full_20260918T170453Z/mv/dashboard_20260918T170453Z.jsonl,accepted_ingestion_window
databricks,dashboard,148,88248973865,3,1.054,quotes/databricks/results/serverless_baseline_full_20260918T170453Z/mv/dashboard_20260918T170453Z.jsonl,accepted_ingestion_window
databricks,dashboard,148,88248973865,4,1.144,quotes/databricks/results/serverless_baseline_full_20260918T170453Z/mv/dashboard_20260918T170453Z.jsonl,accepted_ingestion_window
databricks,dashboard,149,88848942984,1,1.949,quotes/databricks/results/serverless_baseline_full_20260918T170453Z/mv/dashboard_20260918T170453Z.jsonl,accepted_ingestion_window
databricks,dashboard,149,88848942984,2,0.853,quotes/databricks/results/serverless_baseline_full_20260918T170453Z/mv/dashboard_20260918T170453Z.jsonl,accepted_ingestion_window
databricks,dashboard,149,88848942984,3,0.861,quotes/databricks/results/serverless_baseline_full_20260918T170453Z/mv/dashboard_20260918T170453Z.jsonl,accepted_ingestion_window
databricks,dashboard,149,88848942984,4,1.275,quotes/databricks/results/serverless_baseline_full_20260918T170453Z/mv/dashboard_20260918T170453Z.jsonl,accepted_ingestion_window
databricks,dashboard,150,89448824332,1,1.291,quotes/databricks/results/serverless_baseline_full_20260918T170453Z/mv/dashboard_20260918T170453Z.jsonl,accepted_ingestion_window
databricks,dashboard,150,89448824332,2,1.071,quotes/databricks/results/serverless_baseline_full_20260918T170453Z/mv/dashboard_20260918T170453Z.jsonl,accepted_ingestion_window
databricks,dashboard,150,89448824332,3,0.829,quotes/databricks/results/serverless_baseline_full_20260918T170453Z/mv/dashboard_20260918T170453Z.jsonl,accepted_ingestion_window
databricks,dashboard,150,89448824332,4,1.319,quotes/databricks/results/serverless_baseline_full_20260918T170453Z/mv/dashboard_20260918T170453Z.jsonl,accepted_ingestion_window
databricks,dashboard,151,90048962182,1,1.43,quotes/databricks/results/serverless_baseline_full_20260918T170453Z/mv/dashboard_20260918T170453Z.jsonl,accepted_ingestion_window
databricks,dashboard,151,90048962182,2,0.807,quotes/databricks/results/serverless_baseline_full_20260918T170453Z/mv/dashboard_20260918T170453Z.jsonl,accepted_ingestion_window
databricks,dashboard,151,90048962182,3,1.032,quotes/databricks/results/serverless_baseline_full_20260918T170453Z/mv/dashboard_20260918T170453Z.jsonl,accepted_ingestion_window
databricks,dashboard,151,90048962182,4,1.01,quotes/databricks/results/serverless_baseline_full_20260918T170453Z/mv/dashboard_20260918T170453Z.jsonl,accepted_ingestion_window
databricks,dashboard,152,90648973338,1,1.873,quotes/databricks/results/serverless_baseline_full_20260918T170453Z/mv/dashboard_20260918T170453Z.jsonl,accepted_ingestion_window
databricks,dashboard,152,90648973338,2,0.813,quotes/databricks/results/serverless_baseline_full_20260918T170453Z/mv/dashboard_20260918T170453Z.jsonl,accepted_ingestion_window
databricks,dashboard,152,90648973338,3,0.833,quotes/databricks/results/serverless_baseline_full_20260918T170453Z/mv/dashboard_20260918T170453Z.jsonl,accepted_ingestion_window
databricks,dashboard,152,90648973338,4,0.853,quotes/databricks/results/serverless_baseline_full_20260918T170453Z/mv/dashboard_20260918T170453Z.jsonl,accepted_ingestion_window
databricks,dashboard,153,91248923008,1,1.106,quotes/databricks/results/serverless_baseline_full_20260918T170453Z/mv/dashboard_20260918T170453Z.jsonl,accepted_ingestion_window
databricks,dashboard,153,91248923008,2,0.639,quotes/databricks/results/serverless_baseline_full_20260918T170453Z/mv/dashboard_20260918T170453Z.jsonl,accepted_ingestion_window
databricks,dashboard,153,91248923008,3,0.461,quotes/databricks/results/serverless_baseline_full_20260918T170453Z/mv/dashboard_20260918T170453Z.jsonl,accepted_ingestion_window
databricks,dashboard,153,91248923008,4,0.476,quotes/databricks/results/serverless_baseline_full_20260918T170453Z/mv/dashboard_20260918T170453Z.jsonl,accepted_ingestion_window
databricks,dashboard,154,91848815062,1,1.378,quotes/databricks/results/serverless_baseline_full_20260918T170453Z/mv/dashboard_20260918T170453Z.jsonl,accepted_ingestion_window
databricks,dashboard,154,91848815062,2,0.808,quotes/databricks/results/serverless_baseline_full_20260918T170453Z/mv/dashboard_20260918T170453Z.jsonl,accepted_ingestion_window
databricks,dashboard,154,91848815062,3,0.908,quotes/databricks/results/serverless_baseline_full_20260918T170453Z/mv/dashboard_20260918T170453Z.jsonl,accepted_ingestion_window
databricks,dashboard,154,91848815062,4,0.914,quotes/databricks/results/serverless_baseline_full_20260918T170453Z/mv/dashboard_20260918T170453Z.jsonl,accepted_ingestion_window
databricks,dashboard,155,92448977228,1,1.219,quotes/databricks/results/serverless_baseline_full_20260918T170453Z/mv/dashboard_20260918T170453Z.jsonl,accepted_ingestion_window
databricks,dashboard,155,92448977228,2,0.819,quotes/databricks/results/serverless_baseline_full_20260918T170453Z/mv/dashboard_20260918T170453Z.jsonl,accepted_ingestion_window
databricks,dashboard,155,92448977228,3,0.857,quotes/databricks/results/serverless_baseline_full_20260918T170453Z/mv/dashboard_20260918T170453Z.jsonl,accepted_ingestion_window
databricks,dashboard,155,92448977228,4,0.975,quotes/databricks/results/serverless_baseline_full_20260918T170453Z/mv/dashboard_20260918T170453Z.jsonl,accepted_ingestion_window
databricks,dashboard,156,93048998642,1,1.24,quotes/databricks/results/serverless_baseline_full_20260918T170453Z/mv/dashboard_20260918T170453Z.jsonl,accepted_ingestion_window
databricks,dashboard,156,93048998642,2,0.446,quotes/databricks/results/serverless_baseline_full_20260918T170453Z/mv/dashboard_20260918T170453Z.jsonl,accepted_ingestion_window
databricks,dashboard,156,93048998642,3,0.529,quotes/databricks/results/serverless_baseline_full_20260918T170453Z/mv/dashboard_20260918T170453Z.jsonl,accepted_ingestion_window
databricks,dashboard,156,93048998642,4,0.537,quotes/databricks/results/serverless_baseline_full_20260918T170453Z/mv/dashboard_20260918T170453Z.jsonl,accepted_ingestion_window
databricks,dashboard,157,93648850827,1,1.329,quotes/databricks/results/serverless_baseline_full_20260918T170453Z/mv/dashboard_20260918T170453Z.jsonl,accepted_ingestion_window
databricks,dashboard,157,93648850827,2,0.793,quotes/databricks/results/serverless_baseline_full_20260918T170453Z/mv/dashboard_20260918T170453Z.jsonl,accepted_ingestion_window
databricks,dashboard,157,93648850827,3,0.954,quotes/databricks/results/serverless_baseline_full_20260918T170453Z/mv/dashboard_20260918T170453Z.jsonl,accepted_ingestion_window
databricks,dashboard,157,93648850827,4,0.987,quotes/databricks/results/serverless_baseline_full_20260918T170453Z/mv/dashboard_20260918T170453Z.jsonl,accepted_ingestion_window
databricks,dashboard,158,94248956784,1,1.614,quotes/databricks/results/serverless_baseline_full_20260918T170453Z/mv/dashboard_20260918T170453Z.jsonl,accepted_ingestion_window
databricks,dashboard,158,94248956784,2,0.803,quotes/databricks/results/serverless_baseline_full_20260918T170453Z/mv/dashboard_20260918T170453Z.jsonl,accepted_ingestion_window
databricks,dashboard,158,94248956784,3,0.884,quotes/databricks/results/serverless_baseline_full_20260918T170453Z/mv/dashboard_20260918T170453Z.jsonl,accepted_ingestion_window
databricks,dashboard,158,94248956784,4,1.397,quotes/databricks/results/serverless_baseline_full_20260918T170453Z/mv/dashboard_20260918T170453Z.jsonl,accepted_ingestion_window
databricks,dashboard,159,94848829249,1,1.907,quotes/databricks/results/serverless_baseline_full_20260918T170453Z/mv/dashboard_20260918T170453Z.jsonl,accepted_ingestion_window
databricks,dashboard,159,94848829249,2,0.763,quotes/databricks/results/serverless_baseline_full_20260918T170453Z/mv/dashboard_20260918T170453Z.jsonl,accepted_ingestion_window
databricks,dashboard,159,94848829249,3,0.916,quotes/databricks/results/serverless_baseline_full_20260918T170453Z/mv/dashboard_20260918T170453Z.jsonl,accepted_ingestion_window
databricks,dashboard,159,94848829249,4,1.187,quotes/databricks/results/serverless_baseline_full_20260918T170453Z/mv/dashboard_20260918T170453Z.jsonl,accepted_ingestion_window
databricks,dashboard,160,95448942204,1,1.608,quotes/databricks/results/serverless_baseline_full_20260918T170453Z/mv/dashboard_20260918T170453Z.jsonl,accepted_ingestion_window
databricks,dashboard,160,95448942204,2,0.772,quotes/databricks/results/serverless_baseline_full_20260918T170453Z/mv/dashboard_20260918T170453Z.jsonl,accepted_ingestion_window
databricks,dashboard,160,95448942204,3,0.828,quotes/databricks/results/serverless_baseline_full_20260918T170453Z/mv/dashboard_20260918T170453Z.jsonl,accepted_ingestion_window
databricks,dashboard,160,95448942204,4,0.845,quotes/databricks/results/serverless_baseline_full_20260918T170453Z/mv/dashboard_20260918T170453Z.jsonl,accepted_ingestion_window
databricks,dashboard,161,96048966006,1,1.479,quotes/databricks/results/serverless_baseline_full_20260918T170453Z/mv/dashboard_20260918T170453Z.jsonl,accepted_ingestion_window
databricks,dashboard,161,96048966006,2,0.811,quotes/databricks/results/serverless_baseline_full_20260918T170453Z/mv/dashboard_20260918T170453Z.jsonl,accepted_ingestion_window
databricks,dashboard,161,96048966006,3,0.845,quotes/databricks/results/serverless_baseline_full_20260918T170453Z/mv/dashboard_20260918T170453Z.jsonl,accepted_ingestion_window
databricks,dashboard,161,96048966006,4,0.908,quotes/databricks/results/serverless_baseline_full_20260918T170453Z/mv/dashboard_20260918T170453Z.jsonl,accepted_ingestion_window
databricks,dashboard,162,96648893321,1,0.98,quotes/databricks/results/serverless_baseline_full_20260918T170453Z/mv/dashboard_20260918T170453Z.jsonl,accepted_ingestion_window
databricks,dashboard,162,96648893321,2,0.729,quotes/databricks/results/serverless_baseline_full_20260918T170453Z/mv/dashboard_20260918T170453Z.jsonl,accepted_ingestion_window
databricks,dashboard,162,96648893321,3,0.812,quotes/databricks/results/serverless_baseline_full_20260918T170453Z/mv/dashboard_20260918T170453Z.jsonl,accepted_ingestion_window
databricks,dashboard,162,96648893321,4,1.651,quotes/databricks/results/serverless_baseline_full_20260918T170453Z/mv/dashboard_20260918T170453Z.jsonl,accepted_ingestion_window
databricks,dashboard,163,97248931018,1,1.229,quotes/databricks/results/serverless_baseline_full_20260918T170453Z/mv/dashboard_20260918T170453Z.jsonl,accepted_ingestion_window
databricks,dashboard,163,97248931018,2,0.774,quotes/databricks/results/serverless_baseline_full_20260918T170453Z/mv/dashboard_20260918T170453Z.jsonl,accepted_ingestion_window
databricks,dashboard,163,97248931018,3,0.924,quotes/databricks/results/serverless_baseline_full_20260918T170453Z/mv/dashboard_20260918T170453Z.jsonl,accepted_ingestion_window
databricks,dashboard,163,97248931018,4,0.876,quotes/databricks/results/serverless_baseline_full_20260918T170453Z/mv/dashboard_20260918T170453Z.jsonl,accepted_ingestion_window
databricks,dashboard,164,97848875579,1,1.48,quotes/databricks/results/serverless_baseline_full_20260918T170453Z/mv/dashboard_20260918T170453Z.jsonl,accepted_ingestion_window
databricks,dashboard,164,97848875579,2,0.451,quotes/databricks/results/serverless_baseline_full_20260918T170453Z/mv/dashboard_20260918T170453Z.jsonl,accepted_ingestion_window
databricks,dashboard,164,97848875579,3,0.578,quotes/databricks/results/serverless_baseline_full_20260918T170453Z/mv/dashboard_20260918T170453Z.jsonl,accepted_ingestion_window
databricks,dashboard,164,97848875579,4,0.447,quotes/databricks/results/serverless_baseline_full_20260918T170453Z/mv/dashboard_20260918T170453Z.jsonl,accepted_ingestion_window
databricks,dashboard,165,98448826106,1,1.827,quotes/databricks/results/serverless_baseline_full_20260918T170453Z/mv/dashboard_20260918T170453Z.jsonl,accepted_ingestion_window
databricks,dashboard,165,98448826106,2,0.857,quotes/databricks/results/serverless_baseline_full_20260918T170453Z/mv/dashboard_20260918T170453Z.jsonl,accepted_ingestion_window
databricks,dashboard,165,98448826106,3,0.941,quotes/databricks/results/serverless_baseline_full_20260918T170453Z/mv/dashboard_20260918T170453Z.jsonl,accepted_ingestion_window
databricks,dashboard,165,98448826106,4,0.988,quotes/databricks/results/serverless_baseline_full_20260918T170453Z/mv/dashboard_20260918T170453Z.jsonl,accepted_ingestion_window
databricks,dashboard,166,99048919090,1,1.274,quotes/databricks/results/serverless_baseline_full_20260918T170453Z/mv/dashboard_20260918T170453Z.jsonl,accepted_ingestion_window
databricks,dashboard,166,99048919090,2,0.828,quotes/databricks/results/serverless_baseline_full_20260918T170453Z/mv/dashboard_20260918T170453Z.jsonl,accepted_ingestion_window
databricks,dashboard,166,99048919090,3,0.824,quotes/databricks/results/serverless_baseline_full_20260918T170453Z/mv/dashboard_20260918T170453Z.jsonl,accepted_ingestion_window
databricks,dashboard,166,99048919090,4,1.01,quotes/databricks/results/serverless_baseline_full_20260918T170453Z/mv/dashboard_20260918T170453Z.jsonl,accepted_ingestion_window
databricks,dashboard,167,99648972815,1,0.724,quotes/databricks/results/serverless_baseline_full_20260918T170453Z/mv/dashboard_20260918T170453Z.jsonl,accepted_ingestion_window
databricks,dashboard,167,99648972815,2,0.474,quotes/databricks/results/serverless_baseline_full_20260918T170453Z/mv/dashboard_20260918T170453Z.jsonl,accepted_ingestion_window
databricks,dashboard,167,99648972815,3,0.458,quotes/databricks/results/serverless_baseline_full_20260918T170453Z/mv/dashboard_20260918T170453Z.jsonl,accepted_ingestion_window
databricks,dashboard,167,99648972815,4,0.451,quotes/databricks/results/serverless_baseline_full_20260918T170453Z/mv/dashboard_20260918T170453Z.jsonl,accepted_ingestion_window
databricks,dashboard,168,100248976245,1,1.821,quotes/databricks/results/serverless_baseline_full_20260918T170453Z/mv/dashboard_20260918T170453Z.jsonl,accepted_ingestion_window
databricks,dashboard,168,100248976245,2,0.697,quotes/databricks/results/serverless_baseline_full_20260918T170453Z/mv/dashboard_20260918T170453Z.jsonl,accepted_ingestion_window
databricks,dashboard,168,100248976245,3,0.789,quotes/databricks/results/serverless_baseline_full_20260918T170453Z/mv/dashboard_20260918T170453Z.jsonl,accepted_ingestion_window
databricks,dashboard,168,100248976245,4,0.86,quotes/databricks/results/serverless_baseline_full_20260918T170453Z/mv/dashboard_20260918T170453Z.jsonl,accepted_ingestion_window
databricks,dashboard,169,100848836377,1,1.006,quotes/databricks/results/serverless_baseline_full_20260918T170453Z/mv/dashboard_20260918T170453Z.jsonl,accepted_ingestion_window
databricks,dashboard,169,100848836377,2,1.108,quotes/databricks/results/serverless_baseline_full_20260918T170453Z/mv/dashboard_20260918T170453Z.jsonl,accepted_ingestion_window
databricks,dashboard,169,100848836377,3,0.557,quotes/databricks/results/serverless_baseline_full_20260918T170453Z/mv/dashboard_20260918T170453Z.jsonl,accepted_ingestion_window
databricks,dashboard,169,100848836377,4,0.52,quotes/databricks/results/serverless_baseline_full_20260918T170453Z/mv/dashboard_20260918T170453Z.jsonl,accepted_ingestion_window
databricks,dashboard,170,101448810960,1,1.763,quotes/databricks/results/serverless_baseline_full_20260918T170453Z/mv/dashboard_20260918T170453Z.jsonl,accepted_ingestion_window
databricks,dashboard,170,101448810960,2,0.8,quotes/databricks/results/serverless_baseline_full_20260918T170453Z/mv/dashboard_20260918T170453Z.jsonl,accepted_ingestion_window
databricks,dashboard,170,101448810960,3,0.808,quotes/databricks/results/serverless_baseline_full_20260918T170453Z/mv/dashboard_20260918T170453Z.jsonl,accepted_ingestion_window
databricks,dashboard,170,101448810960,4,0.818,quotes/databricks/results/serverless_baseline_full_20260918T170453Z/mv/dashboard_20260918T170453Z.jsonl,accepted_ingestion_window
databricks,dashboard,171,102048955827,1,1.273,quotes/databricks/results/serverless_baseline_full_20260918T170453Z/mv/dashboard_20260918T170453Z.jsonl,accepted_ingestion_window
databricks,dashboard,171,102048955827,2,0.462,quotes/databricks/results/serverless_baseline_full_20260918T170453Z/mv/dashboard_20260918T170453Z.jsonl,accepted_ingestion_window
databricks,dashboard,171,102048955827,3,0.409,quotes/databricks/results/serverless_baseline_full_20260918T170453Z/mv/dashboard_20260918T170453Z.jsonl,accepted_ingestion_window
databricks,dashboard,171,102048955827,4,0.469,quotes/databricks/results/serverless_baseline_full_20260918T170453Z/mv/dashboard_20260918T170453Z.jsonl,accepted_ingestion_window
databricks,dashboard,172,102648837175,1,0.995,quotes/databricks/results/serverless_baseline_full_20260918T170453Z/mv/dashboard_20260918T170453Z.jsonl,accepted_ingestion_window
databricks,dashboard,172,102648837175,2,0.701,quotes/databricks/results/serverless_baseline_full_20260918T170453Z/mv/dashboard_20260918T170453Z.jsonl,accepted_ingestion_window
databricks,dashboard,172,102648837175,3,0.943,quotes/databricks/results/serverless_baseline_full_20260918T170453Z/mv/dashboard_20260918T170453Z.jsonl,accepted_ingestion_window
databricks,dashboard,172,102648837175,4,0.943,quotes/databricks/results/serverless_baseline_full_20260918T170453Z/mv/dashboard_20260918T170453Z.jsonl,accepted_ingestion_window
databricks,dashboard,173,103248882442,1,0.79,quotes/databricks/results/serverless_baseline_full_20260918T170453Z/mv/dashboard_20260918T170453Z.jsonl,accepted_ingestion_window
databricks,dashboard,173,103248882442,2,0.508,quotes/databricks/results/serverless_baseline_full_20260918T170453Z/mv/dashboard_20260918T170453Z.jsonl,accepted_ingestion_window
databricks,dashboard,173,103248882442,3,0.447,quotes/databricks/results/serverless_baseline_full_20260918T170453Z/mv/dashboard_20260918T170453Z.jsonl,accepted_ingestion_window
databricks,dashboard,173,103248882442,4,0.515,quotes/databricks/results/serverless_baseline_full_20260918T170453Z/mv/dashboard_20260918T170453Z.jsonl,accepted_ingestion_window
databricks,dashboard,174,103848969267,1,1.01,quotes/databricks/results/serverless_baseline_full_20260918T170453Z/mv/dashboard_20260918T170453Z.jsonl,accepted_ingestion_window
databricks,dashboard,174,103848969267,2,0.684,quotes/databricks/results/serverless_baseline_full_20260918T170453Z/mv/dashboard_20260918T170453Z.jsonl,accepted_ingestion_window
databricks,dashboard,174,103848969267,3,1.112,quotes/databricks/results/serverless_baseline_full_20260918T170453Z/mv/dashboard_20260918T170453Z.jsonl,accepted_ingestion_window
databricks,dashboard,174,103848969267,4,0.881,quotes/databricks/results/serverless_baseline_full_20260918T170453Z/mv/dashboard_20260918T170453Z.jsonl,accepted_ingestion_window
databricks,dashboard,175,104448905502,1,1.336,quotes/databricks/results/serverless_baseline_full_20260918T170453Z/mv/dashboard_20260918T170453Z.jsonl,accepted_ingestion_window
databricks,dashboard,175,104448905502,2,0.502,quotes/databricks/results/serverless_baseline_full_20260918T170453Z/mv/dashboard_20260918T170453Z.jsonl,accepted_ingestion_window
databricks,dashboard,175,104448905502,3,0.509,quotes/databricks/results/serverless_baseline_full_20260918T170453Z/mv/dashboard_20260918T170453Z.jsonl,accepted_ingestion_window
databricks,dashboard,175,104448905502,4,0.538,quotes/databricks/results/serverless_baseline_full_20260918T170453Z/mv/dashboard_20260918T170453Z.jsonl,accepted_ingestion_window
databricks,dashboard,176,105048831225,1,1.802,quotes/databricks/results/serverless_baseline_full_20260918T170453Z/mv/dashboard_20260918T170453Z.jsonl,accepted_ingestion_window
databricks,dashboard,176,105048831225,2,0.762,quotes/databricks/results/serverless_baseline_full_20260918T170453Z/mv/dashboard_20260918T170453Z.jsonl,accepted_ingestion_window
databricks,dashboard,176,105048831225,3,0.794,quotes/databricks/results/serverless_baseline_full_20260918T170453Z/mv/dashboard_20260918T170453Z.jsonl,accepted_ingestion_window
databricks,dashboard,176,105048831225,4,0.815,quotes/databricks/results/serverless_baseline_full_20260918T170453Z/mv/dashboard_20260918T170453Z.jsonl,accepted_ingestion_window
databricks,dashboard,177,105648840504,1,0.746,quotes/databricks/results/serverless_baseline_full_20260918T170453Z/mv/dashboard_20260918T170453Z.jsonl,accepted_ingestion_window
databricks,dashboard,177,105648840504,2,0.41,quotes/databricks/results/serverless_baseline_full_20260918T170453Z/mv/dashboard_20260918T170453Z.jsonl,accepted_ingestion_window
databricks,dashboard,177,105648840504,3,0.441,quotes/databricks/results/serverless_baseline_full_20260918T170453Z/mv/dashboard_20260918T170453Z.jsonl,accepted_ingestion_window
databricks,dashboard,177,105648840504,4,0.475,quotes/databricks/results/serverless_baseline_full_20260918T170453Z/mv/dashboard_20260918T170453Z.jsonl,accepted_ingestion_window
databricks,dashboard,178,106248975942,1,1.033,quotes/databricks/results/serverless_baseline_full_20260918T170453Z/mv/dashboard_20260918T170453Z.jsonl,accepted_ingestion_window
databricks,dashboard,178,106248975942,2,0.798,quotes/databricks/results/serverless_baseline_full_20260918T170453Z/mv/dashboard_20260918T170453Z.jsonl,accepted_ingestion_window
databricks,dashboard,178,106248975942,3,0.805,quotes/databricks/results/serverless_baseline_full_20260918T170453Z/mv/dashboard_20260918T170453Z.jsonl,accepted_ingestion_window
databricks,dashboard,178,106248975942,4,1.291,quotes/databricks/results/serverless_baseline_full_20260918T170453Z/mv/dashboard_20260918T170453Z.jsonl,accepted_ingestion_window
databricks,dashboard,179,106848867124,1,1.005,quotes/databricks/results/serverless_baseline_full_20260918T170453Z/mv/dashboard_20260918T170453Z.jsonl,accepted_ingestion_window
databricks,dashboard,179,106848867124,2,0.697,quotes/databricks/results/serverless_baseline_full_20260918T170453Z/mv/dashboard_20260918T170453Z.jsonl,accepted_ingestion_window
databricks,dashboard,179,106848867124,3,0.818,quotes/databricks/results/serverless_baseline_full_20260918T170453Z/mv/dashboard_20260918T170453Z.jsonl,accepted_ingestion_window
databricks,dashboard,179,106848867124,4,0.785,quotes/databricks/results/serverless_baseline_full_20260918T170453Z/mv/dashboard_20260918T170453Z.jsonl,accepted_ingestion_window
databricks,dashboard,180,107448977234,1,0.968,quotes/databricks/results/serverless_baseline_full_20260918T170453Z/mv/dashboard_20260918T170453Z.jsonl,accepted_ingestion_window
databricks,dashboard,180,107448977234,2,0.707,quotes/databricks/results/serverless_baseline_full_20260918T170453Z/mv/dashboard_20260918T170453Z.jsonl,accepted_ingestion_window
databricks,dashboard,180,107448977234,3,0.824,quotes/databricks/results/serverless_baseline_full_20260918T170453Z/mv/dashboard_20260918T170453Z.jsonl,accepted_ingestion_window
databricks,dashboard,180,107448977234,4,0.868,quotes/databricks/results/serverless_baseline_full_20260918T170453Z/mv/dashboard_20260918T170453Z.jsonl,accepted_ingestion_window
databricks,dashboard,181,108048994100,1,1.081,quotes/databricks/results/serverless_baseline_full_20260918T170453Z/mv/dashboard_20260918T170453Z.jsonl,accepted_ingestion_window
databricks,dashboard,181,108048994100,2,1.16,quotes/databricks/results/serverless_baseline_full_20260918T170453Z/mv/dashboard_20260918T170453Z.jsonl,accepted_ingestion_window
databricks,dashboard,181,108048994100,3,0.995,quotes/databricks/results/serverless_baseline_full_20260918T170453Z/mv/dashboard_20260918T170453Z.jsonl,accepted_ingestion_window
databricks,dashboard,181,108048994100,4,1.11,quotes/databricks/results/serverless_baseline_full_20260918T170453Z/mv/dashboard_20260918T170453Z.jsonl,accepted_ingestion_window
databricks,dashboard,182,108648906304,1,1.034,quotes/databricks/results/serverless_baseline_full_20260918T170453Z/mv/dashboard_20260918T170453Z.jsonl,accepted_ingestion_window
databricks,dashboard,182,108648906304,2,0.775,quotes/databricks/results/serverless_baseline_full_20260918T170453Z/mv/dashboard_20260918T170453Z.jsonl,accepted_ingestion_window
databricks,dashboard,182,108648906304,3,0.844,quotes/databricks/results/serverless_baseline_full_20260918T170453Z/mv/dashboard_20260918T170453Z.jsonl,accepted_ingestion_window
databricks,dashboard,182,108648906304,4,0.892,quotes/databricks/results/serverless_baseline_full_20260918T170453Z/mv/dashboard_20260918T170453Z.jsonl,accepted_ingestion_window
databricks,dashboard,183,109248904296,1,0.988,quotes/databricks/results/serverless_baseline_full_20260918T170453Z/mv/dashboard_20260918T170453Z.jsonl,accepted_ingestion_window
databricks,dashboard,183,109248904296,2,0.736,quotes/databricks/results/serverless_baseline_full_20260918T170453Z/mv/dashboard_20260918T170453Z.jsonl,accepted_ingestion_window
databricks,dashboard,183,109248904296,3,0.775,quotes/databricks/results/serverless_baseline_full_20260918T170453Z/mv/dashboard_20260918T170453Z.jsonl,accepted_ingestion_window
databricks,dashboard,183,109248904296,4,0.831,quotes/databricks/results/serverless_baseline_full_20260918T170453Z/mv/dashboard_20260918T170453Z.jsonl,accepted_ingestion_window
databricks,dashboard,184,109848932389,1,0.977,quotes/databricks/results/serverless_baseline_full_20260918T170453Z/mv/dashboard_20260918T170453Z.jsonl,accepted_ingestion_window
databricks,dashboard,184,109848932389,2,0.801,quotes/databricks/results/serverless_baseline_full_20260918T170453Z/mv/dashboard_20260918T170453Z.jsonl,accepted_ingestion_window
databricks,dashboard,184,109848932389,3,0.87,quotes/databricks/results/serverless_baseline_full_20260918T170453Z/mv/dashboard_20260918T170453Z.jsonl,accepted_ingestion_window
databricks,dashboard,184,109848932389,4,0.881,quotes/databricks/results/serverless_baseline_full_20260918T170453Z/mv/dashboard_20260918T170453Z.jsonl,accepted_ingestion_window
databricks,dashboard,185,110448832919,1,1.657,quotes/databricks/results/serverless_baseline_full_20260918T170453Z/mv/dashboard_20260918T170453Z.jsonl,accepted_ingestion_window
databricks,dashboard,185,110448832919,2,0.781,quotes/databricks/results/serverless_baseline_full_20260918T170453Z/mv/dashboard_20260918T170453Z.jsonl,accepted_ingestion_window
databricks,dashboard,185,110448832919,3,0.832,quotes/databricks/results/serverless_baseline_full_20260918T170453Z/mv/dashboard_20260918T170453Z.jsonl,accepted_ingestion_window
databricks,dashboard,185,110448832919,4,0.867,quotes/databricks/results/serverless_baseline_full_20260918T170453Z/mv/dashboard_20260918T170453Z.jsonl,accepted_ingestion_window
databricks,dashboard,186,111048956267,1,1.564,quotes/databricks/results/serverless_baseline_full_20260918T170453Z/mv/dashboard_20260918T170453Z.jsonl,accepted_ingestion_window
databricks,dashboard,186,111048956267,2,0.764,quotes/databricks/results/serverless_baseline_full_20260918T170453Z/mv/dashboard_20260918T170453Z.jsonl,accepted_ingestion_window
databricks,dashboard,186,111048956267,3,0.807,quotes/databricks/results/serverless_baseline_full_20260918T170453Z/mv/dashboard_20260918T170453Z.jsonl,accepted_ingestion_window
databricks,dashboard,186,111048956267,4,0.895,quotes/databricks/results/serverless_baseline_full_20260918T170453Z/mv/dashboard_20260918T170453Z.jsonl,accepted_ingestion_window
databricks,dashboard,187,111648955011,1,1.04,quotes/databricks/results/serverless_baseline_full_20260918T170453Z/mv/dashboard_20260918T170453Z.jsonl,accepted_ingestion_window
databricks,dashboard,187,111648955011,2,0.822,quotes/databricks/results/serverless_baseline_full_20260918T170453Z/mv/dashboard_20260918T170453Z.jsonl,accepted_ingestion_window
databricks,dashboard,187,111648955011,3,0.932,quotes/databricks/results/serverless_baseline_full_20260918T170453Z/mv/dashboard_20260918T170453Z.jsonl,accepted_ingestion_window
databricks,dashboard,187,111648955011,4,0.973,quotes/databricks/results/serverless_baseline_full_20260918T170453Z/mv/dashboard_20260918T170453Z.jsonl,accepted_ingestion_window
databricks,dashboard,188,112248839564,1,0.997,quotes/databricks/results/serverless_baseline_full_20260918T170453Z/mv/dashboard_20260918T170453Z.jsonl,accepted_ingestion_window
databricks,dashboard,188,112248839564,2,0.744,quotes/databricks/results/serverless_baseline_full_20260918T170453Z/mv/dashboard_20260918T170453Z.jsonl,accepted_ingestion_window
databricks,dashboard,188,112248839564,3,0.801,quotes/databricks/results/serverless_baseline_full_20260918T170453Z/mv/dashboard_20260918T170453Z.jsonl,accepted_ingestion_window
databricks,dashboard,188,112248839564,4,1.592,quotes/databricks/results/serverless_baseline_full_20260918T170453Z/mv/dashboard_20260918T170453Z.jsonl,accepted_ingestion_window
databricks,dashboard,189,112848979521,1,1.067,quotes/databricks/results/serverless_baseline_full_20260918T170453Z/mv/dashboard_20260918T170453Z.jsonl,accepted_ingestion_window
databricks,dashboard,189,112848979521,2,0.769,quotes/databricks/results/serverless_baseline_full_20260918T170453Z/mv/dashboard_20260918T170453Z.jsonl,accepted_ingestion_window
databricks,dashboard,189,112848979521,3,0.82,quotes/databricks/results/serverless_baseline_full_20260918T170453Z/mv/dashboard_20260918T170453Z.jsonl,accepted_ingestion_window
databricks,dashboard,189,112848979521,4,0.857,quotes/databricks/results/serverless_baseline_full_20260918T170453Z/mv/dashboard_20260918T170453Z.jsonl,accepted_ingestion_window
clickhouse,dashboard,1,0,1,0.004,quotes/clickhouse-cloud/results_t2/matched/databricks_serverless_20260918/dashboard_active_matched_to_databricks.jsonl,accepted_ingestion_window
clickhouse,dashboard,1,0,2,0.003,quotes/clickhouse-cloud/results_t2/matched/databricks_serverless_20260918/dashboard_active_matched_to_databricks.jsonl,accepted_ingestion_window
clickhouse,dashboard,1,0,3,0.003,quotes/clickhouse-cloud/results_t2/matched/databricks_serverless_20260918/dashboard_active_matched_to_databricks.jsonl,accepted_ingestion_window
clickhouse,dashboard,1,0,4,0.003,quotes/clickhouse-cloud/results_t2/matched/databricks_serverless_20260918/dashboard_active_matched_to_databricks.jsonl,accepted_ingestion_window
clickhouse,dashboard,2,724786266,1,0.006,quotes/clickhouse-cloud/results_t2/matched/databricks_serverless_20260918/dashboard_active_matched_to_databricks.jsonl,accepted_ingestion_window
clickhouse,dashboard,2,724786266,2,0.005,quotes/clickhouse-cloud/results_t2/matched/databricks_serverless_20260918/dashboard_active_matched_to_databricks.jsonl,accepted_ingestion_window
clickhouse,dashboard,2,724786266,3,0.006,quotes/clickhouse-cloud/results_t2/matched/databricks_serverless_20260918/dashboard_active_matched_to_databricks.jsonl,accepted_ingestion_window
clickhouse,dashboard,2,724786266,4,0.006,quotes/clickhouse-cloud/results_t2/matched/databricks_serverless_20260918/dashboard_active_matched_to_databricks.jsonl,accepted_ingestion_window
clickhouse,dashboard,3,1370669828,1,0.041,quotes/clickhouse-cloud/results_t2/matched/databricks_serverless_20260918/dashboard_active_matched_to_databricks.jsonl,accepted_ingestion_window
clickhouse,dashboard,3,1370669828,2,0.007,quotes/clickhouse-cloud/results_t2/matched/databricks_serverless_20260918/dashboard_active_matched_to_databricks.jsonl,accepted_ingestion_window
clickhouse,dashboard,3,1370669828,3,0.009,quotes/clickhouse-cloud/results_t2/matched/databricks_serverless_20260918/dashboard_active_matched_to_databricks.jsonl,accepted_ingestion_window
clickhouse,dashboard,3,1370669828,4,0.006,quotes/clickhouse-cloud/results_t2/matched/databricks_serverless_20260918/dashboard_active_matched_to_databricks.jsonl,accepted_ingestion_window
clickhouse,dashboard,4,1975682003,1,0.006,quotes/clickhouse-cloud/results_t2/matched/databricks_serverless_20260918/dashboard_active_matched_to_databricks.jsonl,accepted_ingestion_window
clickhouse,dashboard,4,1975682003,2,0.033,quotes/clickhouse-cloud/results_t2/matched/databricks_serverless_20260918/dashboard_active_matched_to_databricks.jsonl,accepted_ingestion_window
clickhouse,dashboard,4,1975682003,3,0.045,quotes/clickhouse-cloud/results_t2/matched/databricks_serverless_20260918/dashboard_active_matched_to_databricks.jsonl,accepted_ingestion_window
clickhouse,dashboard,4,1975682003,4,0.025,quotes/clickhouse-cloud/results_t2/matched/databricks_serverless_20260918/dashboard_active_matched_to_databricks.jsonl,accepted_ingestion_window
clickhouse,dashboard,5,2574084882,1,0.007,quotes/clickhouse-cloud/results_t2/matched/databricks_serverless_20260918/dashboard_active_matched_to_databricks.jsonl,accepted_ingestion_window
clickhouse,dashboard,5,2574084882,2,0.01,quotes/clickhouse-cloud/results_t2/matched/databricks_serverless_20260918/dashboard_active_matched_to_databricks.jsonl,accepted_ingestion_window
clickhouse,dashboard,5,2574084882,3,0.011,quotes/clickhouse-cloud/results_t2/matched/databricks_serverless_20260918/dashboard_active_matched_to_databricks.jsonl,accepted_ingestion_window
clickhouse,dashboard,5,2574084882,4,0.008,quotes/clickhouse-cloud/results_t2/matched/databricks_serverless_20260918/dashboard_active_matched_to_databricks.jsonl,accepted_ingestion_window
clickhouse,dashboard,6,3146910669,1,0.012,quotes/clickhouse-cloud/results_t2/matched/databricks_serverless_20260918/dashboard_active_matched_to_databricks.jsonl,accepted_ingestion_window
clickhouse,dashboard,6,3146910669,2,0.01,quotes/clickhouse-cloud/results_t2/matched/databricks_serverless_20260918/dashboard_active_matched_to_databricks.jsonl,accepted_ingestion_window
clickhouse,dashboard,6,3146910669,3,0.011,quotes/clickhouse-cloud/results_t2/matched/databricks_serverless_20260918/dashboard_active_matched_to_databricks.jsonl,accepted_ingestion_window
clickhouse,dashboard,6,3146910669,4,0.008,quotes/clickhouse-cloud/results_t2/matched/databricks_serverless_20260918/dashboard_active_matched_to_databricks.jsonl,accepted_ingestion_window
clickhouse,dashboard,7,3738865972,1,0.014,quotes/clickhouse-cloud/results_t2/matched/databricks_serverless_20260918/dashboard_active_matched_to_databricks.jsonl,accepted_ingestion_window
clickhouse,dashboard,7,3738865972,2,0.009,quotes/clickhouse-cloud/results_t2/matched/databricks_serverless_20260918/dashboard_active_matched_to_databricks.jsonl,accepted_ingestion_window
clickhouse,dashboard,7,3738865972,3,0.012,quotes/clickhouse-cloud/results_t2/matched/databricks_serverless_20260918/dashboard_active_matched_to_databricks.jsonl,accepted_ingestion_window
clickhouse,dashboard,7,3738865972,4,0.01,quotes/clickhouse-cloud/results_t2/matched/databricks_serverless_20260918/dashboard_active_matched_to_databricks.jsonl,accepted_ingestion_window
clickhouse,dashboard,8,4293755746,1,0.013,quotes/clickhouse-cloud/results_t2/matched/databricks_serverless_20260918/dashboard_active_matched_to_databricks.jsonl,accepted_ingestion_window
clickhouse,dashboard,8,4293755746,2,0.01,quotes/clickhouse-cloud/results_t2/matched/databricks_serverless_20260918/dashboard_active_matched_to_databricks.jsonl,accepted_ingestion_window
clickhouse,dashboard,8,4293755746,3,0.012,quotes/clickhouse-cloud/results_t2/matched/databricks_serverless_20260918/dashboard_active_matched_to_databricks.jsonl,accepted_ingestion_window
clickhouse,dashboard,8,4293755746,4,0.009,quotes/clickhouse-cloud/results_t2/matched/databricks_serverless_20260918/dashboard_active_matched_to_databricks.jsonl,accepted_ingestion_window
clickhouse,dashboard,9,4891042750,1,0.007,quotes/clickhouse-cloud/results_t2/matched/databricks_serverless_20260918/dashboard_active_matched_to_databricks.jsonl,accepted_ingestion_window
clickhouse,dashboard,9,4891042750,2,0.008,quotes/clickhouse-cloud/results_t2/matched/databricks_serverless_20260918/dashboard_active_matched_to_databricks.jsonl,accepted_ingestion_window
clickhouse,dashboard,9,4891042750,3,0.013,quotes/clickhouse-cloud/results_t2/matched/databricks_serverless_20260918/dashboard_active_matched_to_databricks.jsonl,accepted_ingestion_window
clickhouse,dashboard,9,4891042750,4,0.01,quotes/clickhouse-cloud/results_t2/matched/databricks_serverless_20260918/dashboard_active_matched_to_databricks.jsonl,accepted_ingestion_window
clickhouse,dashboard,10,5469535309,1,0.013,quotes/clickhouse-cloud/results_t2/matched/databricks_serverless_20260918/dashboard_active_matched_to_databricks.jsonl,accepted_ingestion_window
clickhouse,dashboard,10,5469535309,2,0.017,quotes/clickhouse-cloud/results_t2/matched/databricks_serverless_20260918/dashboard_active_matched_to_databricks.jsonl,accepted_ingestion_window
clickhouse,dashboard,10,5469535309,3,0.014,quotes/clickhouse-cloud/results_t2/matched/databricks_serverless_20260918/dashboard_active_matched_to_databricks.jsonl,accepted_ingestion_window
clickhouse,dashboard,10,5469535309,4,0.011,quotes/clickhouse-cloud/results_t2/matched/databricks_serverless_20260918/dashboard_active_matched_to_databricks.jsonl,accepted_ingestion_window
clickhouse,dashboard,11,6010532017,1,0.006,quotes/clickhouse-cloud/results_t2/matched/databricks_serverless_20260918/dashboard_active_matched_to_databricks.jsonl,accepted_ingestion_window
clickhouse,dashboard,11,6010532017,2,0.009,quotes/clickhouse-cloud/results_t2/matched/databricks_serverless_20260918/dashboard_active_matched_to_databricks.jsonl,accepted_ingestion_window
clickhouse,dashboard,11,6010532017,3,0.013,quotes/clickhouse-cloud/results_t2/matched/databricks_serverless_20260918/dashboard_active_matched_to_databricks.jsonl,accepted_ingestion_window
clickhouse,dashboard,11,6010532017,4,0.011,quotes/clickhouse-cloud/results_t2/matched/databricks_serverless_20260918/dashboard_active_matched_to_databricks.jsonl,accepted_ingestion_window
clickhouse,dashboard,12,6539371357,1,0.014,quotes/clickhouse-cloud/results_t2/matched/databricks_serverless_20260918/dashboard_active_matched_to_databricks.jsonl,accepted_ingestion_window
clickhouse,dashboard,12,6539371357,2,0.01,quotes/clickhouse-cloud/results_t2/matched/databricks_serverless_20260918/dashboard_active_matched_to_databricks.jsonl,accepted_ingestion_window
clickhouse,dashboard,12,6539371357,3,0.012,quotes/clickhouse-cloud/results_t2/matched/databricks_serverless_20260918/dashboard_active_matched_to_databricks.jsonl,accepted_ingestion_window
clickhouse,dashboard,12,6539371357,4,0.01,quotes/clickhouse-cloud/results_t2/matched/databricks_serverless_20260918/dashboard_active_matched_to_databricks.jsonl,accepted_ingestion_window
clickhouse,dashboard,13,7146131616,1,0.006,quotes/clickhouse-cloud/results_t2/matched/databricks_serverless_20260918/dashboard_active_matched_to_databricks.jsonl,accepted_ingestion_window
clickhouse,dashboard,13,7146131616,2,0.009,quotes/clickhouse-cloud/results_t2/matched/databricks_serverless_20260918/dashboard_active_matched_to_databricks.jsonl,accepted_ingestion_window
clickhouse,dashboard,13,7146131616,3,0.011,quotes/clickhouse-cloud/results_t2/matched/databricks_serverless_20260918/dashboard_active_matched_to_databricks.jsonl,accepted_ingestion_window
clickhouse,dashboard,13,7146131616,4,0.01,quotes/clickhouse-cloud/results_t2/matched/databricks_serverless_20260918/dashboard_active_matched_to_databricks.jsonl,accepted_ingestion_window
clickhouse,dashboard,14,7727462172,1,0.007,quotes/clickhouse-cloud/results_t2/matched/databricks_serverless_20260918/dashboard_active_matched_to_databricks.jsonl,accepted_ingestion_window
clickhouse,dashboard,14,7727462172,2,0.009,quotes/clickhouse-cloud/results_t2/matched/databricks_serverless_20260918/dashboard_active_matched_to_databricks.jsonl,accepted_ingestion_window
clickhouse,dashboard,14,7727462172,3,0.013,quotes/clickhouse-cloud/results_t2/matched/databricks_serverless_20260918/dashboard_active_matched_to_databricks.jsonl,accepted_ingestion_window
clickhouse,dashboard,14,7727462172,4,0.01,quotes/clickhouse-cloud/results_t2/matched/databricks_serverless_20260918/dashboard_active_matched_to_databricks.jsonl,accepted_ingestion_window
clickhouse,dashboard,15,8305203448,1,0.007,quotes/clickhouse-cloud/results_t2/matched/databricks_serverless_20260918/dashboard_active_matched_to_databricks.jsonl,accepted_ingestion_window
clickhouse,dashboard,15,8305203448,2,0.013,quotes/clickhouse-cloud/results_t2/matched/databricks_serverless_20260918/dashboard_active_matched_to_databricks.jsonl,accepted_ingestion_window
clickhouse,dashboard,15,8305203448,3,0.012,quotes/clickhouse-cloud/results_t2/matched/databricks_serverless_20260918/dashboard_active_matched_to_databricks.jsonl,accepted_ingestion_window
clickhouse,dashboard,15,8305203448,4,0.011,quotes/clickhouse-cloud/results_t2/matched/databricks_serverless_20260918/dashboard_active_matched_to_databricks.jsonl,accepted_ingestion_window
clickhouse,dashboard,16,8807164173,1,0.013,quotes/clickhouse-cloud/results_t2/matched/databricks_serverless_20260918/dashboard_active_matched_to_databricks.jsonl,accepted_ingestion_window
clickhouse,dashboard,16,8807164173,2,0.017,quotes/clickhouse-cloud/results_t2/matched/databricks_serverless_20260918/dashboard_active_matched_to_databricks.jsonl,accepted_ingestion_window
clickhouse,dashboard,16,8807164173,3,0.012,quotes/clickhouse-cloud/results_t2/matched/databricks_serverless_20260918/dashboard_active_matched_to_databricks.jsonl,accepted_ingestion_window
clickhouse,dashboard,16,8807164173,4,0.01,quotes/clickhouse-cloud/results_t2/matched/databricks_serverless_20260918/dashboard_active_matched_to_databricks.jsonl,accepted_ingestion_window
clickhouse,dashboard,17,9395201523,1,0.007,quotes/clickhouse-cloud/results_t2/matched/databricks_serverless_20260918/dashboard_active_matched_to_databricks.jsonl,accepted_ingestion_window
clickhouse,dashboard,17,9395201523,2,0.011,quotes/clickhouse-cloud/results_t2/matched/databricks_serverless_20260918/dashboard_active_matched_to_databricks.jsonl,accepted_ingestion_window
clickhouse,dashboard,17,9395201523,3,0.013,quotes/clickhouse-cloud/results_t2/matched/databricks_serverless_20260918/dashboard_active_matched_to_databricks.jsonl,accepted_ingestion_window
clickhouse,dashboard,17,9395201523,4,0.011,quotes/clickhouse-cloud/results_t2/matched/databricks_serverless_20260918/dashboard_active_matched_to_databricks.jsonl,accepted_ingestion_window
clickhouse,dashboard,19,10448957290,1,0.007,quotes/clickhouse-cloud/results_t2/matched/databricks_serverless_20260918/dashboard_active_matched_to_databricks.jsonl,accepted_ingestion_window
clickhouse,dashboard,19,10448957290,2,0.011,quotes/clickhouse-cloud/results_t2/matched/databricks_serverless_20260918/dashboard_active_matched_to_databricks.jsonl,accepted_ingestion_window
clickhouse,dashboard,19,10448957290,3,0.013,quotes/clickhouse-cloud/results_t2/matched/databricks_serverless_20260918/dashboard_active_matched_to_databricks.jsonl,accepted_ingestion_window
clickhouse,dashboard,19,10448957290,4,0.011,quotes/clickhouse-cloud/results_t2/matched/databricks_serverless_20260918/dashboard_active_matched_to_databricks.jsonl,accepted_ingestion_window
clickhouse,dashboard,20,10999409964,1,0.007,quotes/clickhouse-cloud/results_t2/matched/databricks_serverless_20260918/dashboard_active_matched_to_databricks.jsonl,accepted_ingestion_window
clickhouse,dashboard,20,10999409964,2,0.011,quotes/clickhouse-cloud/results_t2/matched/databricks_serverless_20260918/dashboard_active_matched_to_databricks.jsonl,accepted_ingestion_window
clickhouse,dashboard,20,10999409964,3,0.013,quotes/clickhouse-cloud/results_t2/matched/databricks_serverless_20260918/dashboard_active_matched_to_databricks.jsonl,accepted_ingestion_window
clickhouse,dashboard,20,10999409964,4,0.01,quotes/clickhouse-cloud/results_t2/matched/databricks_serverless_20260918/dashboard_active_matched_to_databricks.jsonl,accepted_ingestion_window
clickhouse,dashboard,21,11495758638,1,0.007,quotes/clickhouse-cloud/results_t2/matched/databricks_serverless_20260918/dashboard_active_matched_to_databricks.jsonl,accepted_ingestion_window
clickhouse,dashboard,21,11495758638,2,0.015,quotes/clickhouse-cloud/results_t2/matched/databricks_serverless_20260918/dashboard_active_matched_to_databricks.jsonl,accepted_ingestion_window
clickhouse,dashboard,21,11495758638,3,0.011,quotes/clickhouse-cloud/results_t2/matched/databricks_serverless_20260918/dashboard_active_matched_to_databricks.jsonl,accepted_ingestion_window
clickhouse,dashboard,21,11495758638,4,0.011,quotes/clickhouse-cloud/results_t2/matched/databricks_serverless_20260918/dashboard_active_matched_to_databricks.jsonl,accepted_ingestion_window
clickhouse,dashboard,22,12058435469,1,0.012,quotes/clickhouse-cloud/results_t2/matched/databricks_serverless_20260918/dashboard_active_matched_to_databricks.jsonl,accepted_ingestion_window
clickhouse,dashboard,22,12058435469,2,0.01,quotes/clickhouse-cloud/results_t2/matched/databricks_serverless_20260918/dashboard_active_matched_to_databricks.jsonl,accepted_ingestion_window
clickhouse,dashboard,22,12058435469,3,0.012,quotes/clickhouse-cloud/results_t2/matched/databricks_serverless_20260918/dashboard_active_matched_to_databricks.jsonl,accepted_ingestion_window
clickhouse,dashboard,22,12058435469,4,0.01,quotes/clickhouse-cloud/results_t2/matched/databricks_serverless_20260918/dashboard_active_matched_to_databricks.jsonl,accepted_ingestion_window
clickhouse,dashboard,23,12574526062,1,0.013,quotes/clickhouse-cloud/results_t2/matched/databricks_serverless_20260918/dashboard_active_matched_to_databricks.jsonl,accepted_ingestion_window
clickhouse,dashboard,23,12574526062,2,0.01,quotes/clickhouse-cloud/results_t2/matched/databricks_serverless_20260918/dashboard_active_matched_to_databricks.jsonl,accepted_ingestion_window
clickhouse,dashboard,23,12574526062,3,0.013,quotes/clickhouse-cloud/results_t2/matched/databricks_serverless_20260918/dashboard_active_matched_to_databricks.jsonl,accepted_ingestion_window
clickhouse,dashboard,23,12574526062,4,0.011,quotes/clickhouse-cloud/results_t2/matched/databricks_serverless_20260918/dashboard_active_matched_to_databricks.jsonl,accepted_ingestion_window
clickhouse,dashboard,24,13130688854,1,0.013,quotes/clickhouse-cloud/results_t2/matched/databricks_serverless_20260918/dashboard_active_matched_to_databricks.jsonl,accepted_ingestion_window
clickhouse,dashboard,24,13130688854,2,0.015,quotes/clickhouse-cloud/results_t2/matched/databricks_serverless_20260918/dashboard_active_matched_to_databricks.jsonl,accepted_ingestion_window
clickhouse,dashboard,24,13130688854,3,0.013,quotes/clickhouse-cloud/results_t2/matched/databricks_serverless_20260918/dashboard_active_matched_to_databricks.jsonl,accepted_ingestion_window
clickhouse,dashboard,24,13130688854,4,0.011,quotes/clickhouse-cloud/results_t2/matched/databricks_serverless_20260918/dashboard_active_matched_to_databricks.jsonl,accepted_ingestion_window
clickhouse,dashboard,25,13690901348,1,0.014,quotes/clickhouse-cloud/results_t2/matched/databricks_serverless_20260918/dashboard_active_matched_to_databricks.jsonl,accepted_ingestion_window
clickhouse,dashboard,25,13690901348,2,0.016,quotes/clickhouse-cloud/results_t2/matched/databricks_serverless_20260918/dashboard_active_matched_to_databricks.jsonl,accepted_ingestion_window
clickhouse,dashboard,25,13690901348,3,0.014,quotes/clickhouse-cloud/results_t2/matched/databricks_serverless_20260918/dashboard_active_matched_to_databricks.jsonl,accepted_ingestion_window
clickhouse,dashboard,25,13690901348,4,0.011,quotes/clickhouse-cloud/results_t2/matched/databricks_serverless_20260918/dashboard_active_matched_to_databricks.jsonl,accepted_ingestion_window
clickhouse,dashboard,26,14280804947,1,0.013,quotes/clickhouse-cloud/results_t2/matched/databricks_serverless_20260918/dashboard_active_matched_to_databricks.jsonl,accepted_ingestion_window
clickhouse,dashboard,26,14280804947,2,0.016,quotes/clickhouse-cloud/results_t2/matched/databricks_serverless_20260918/dashboard_active_matched_to_databricks.jsonl,accepted_ingestion_window
clickhouse,dashboard,26,14280804947,3,0.014,quotes/clickhouse-cloud/results_t2/matched/databricks_serverless_20260918/dashboard_active_matched_to_databricks.jsonl,accepted_ingestion_window
clickhouse,dashboard,26,14280804947,4,0.012,quotes/clickhouse-cloud/results_t2/matched/databricks_serverless_20260918/dashboard_active_matched_to_databricks.jsonl,accepted_ingestion_window
clickhouse,dashboard,27,14876856126,1,0.013,quotes/clickhouse-cloud/results_t2/matched/databricks_serverless_20260918/dashboard_active_matched_to_databricks.jsonl,accepted_ingestion_window
clickhouse,dashboard,27,14876856126,2,0.011,quotes/clickhouse-cloud/results_t2/matched/databricks_serverless_20260918/dashboard_active_matched_to_databricks.jsonl,accepted_ingestion_window
clickhouse,dashboard,27,14876856126,3,0.013,quotes/clickhouse-cloud/results_t2/matched/databricks_serverless_20260918/dashboard_active_matched_to_databricks.jsonl,accepted_ingestion_window
clickhouse,dashboard,27,14876856126,4,0.01,quotes/clickhouse-cloud/results_t2/matched/databricks_serverless_20260918/dashboard_active_matched_to_databricks.jsonl,accepted_ingestion_window
clickhouse,dashboard,28,15470256866,1,0.087,quotes/clickhouse-cloud/results_t2/matched/databricks_serverless_20260918/dashboard_active_matched_to_databricks.jsonl,accepted_ingestion_window
clickhouse,dashboard,28,15470256866,2,0.08,quotes/clickhouse-cloud/results_t2/matched/databricks_serverless_20260918/dashboard_active_matched_to_databricks.jsonl,accepted_ingestion_window
clickhouse,dashboard,28,15470256866,3,0.011,quotes/clickhouse-cloud/results_t2/matched/databricks_serverless_20260918/dashboard_active_matched_to_databricks.jsonl,accepted_ingestion_window
clickhouse,dashboard,28,15470256866,4,0.01,quotes/clickhouse-cloud/results_t2/matched/databricks_serverless_20260918/dashboard_active_matched_to_databricks.jsonl,accepted_ingestion_window
clickhouse,dashboard,29,16058779354,1,0.007,quotes/clickhouse-cloud/results_t2/matched/databricks_serverless_20260918/dashboard_active_matched_to_databricks.jsonl,accepted_ingestion_window
clickhouse,dashboard,29,16058779354,2,0.011,quotes/clickhouse-cloud/results_t2/matched/databricks_serverless_20260918/dashboard_active_matched_to_databricks.jsonl,accepted_ingestion_window
clickhouse,dashboard,29,16058779354,3,0.011,quotes/clickhouse-cloud/results_t2/matched/databricks_serverless_20260918/dashboard_active_matched_to_databricks.jsonl,accepted_ingestion_window
clickhouse,dashboard,29,16058779354,4,0.01,quotes/clickhouse-cloud/results_t2/matched/databricks_serverless_20260918/dashboard_active_matched_to_databricks.jsonl,accepted_ingestion_window
clickhouse,dashboard,30,16604006353,1,0.007,quotes/clickhouse-cloud/results_t2/matched/databricks_serverless_20260918/dashboard_active_matched_to_databricks.jsonl,accepted_ingestion_window
clickhouse,dashboard,30,16604006353,2,0.01,quotes/clickhouse-cloud/results_t2/matched/databricks_serverless_20260918/dashboard_active_matched_to_databricks.jsonl,accepted_ingestion_window
clickhouse,dashboard,30,16604006353,3,0.011,quotes/clickhouse-cloud/results_t2/matched/databricks_serverless_20260918/dashboard_active_matched_to_databricks.jsonl,accepted_ingestion_window
clickhouse,dashboard,30,16604006353,4,0.01,quotes/clickhouse-cloud/results_t2/matched/databricks_serverless_20260918/dashboard_active_matched_to_databricks.jsonl,accepted_ingestion_window
clickhouse,dashboard,31,17204550973,1,0.006,quotes/clickhouse-cloud/results_t2/matched/databricks_serverless_20260918/dashboard_active_matched_to_databricks.jsonl,accepted_ingestion_window
clickhouse,dashboard,31,17204550973,2,0.013,quotes/clickhouse-cloud/results_t2/matched/databricks_serverless_20260918/dashboard_active_matched_to_databricks.jsonl,accepted_ingestion_window
clickhouse,dashboard,31,17204550973,3,0.011,quotes/clickhouse-cloud/results_t2/matched/databricks_serverless_20260918/dashboard_active_matched_to_databricks.jsonl,accepted_ingestion_window
clickhouse,dashboard,31,17204550973,4,0.01,quotes/clickhouse-cloud/results_t2/matched/databricks_serverless_20260918/dashboard_active_matched_to_databricks.jsonl,accepted_ingestion_window
clickhouse,dashboard,32,17758468213,1,0.013,quotes/clickhouse-cloud/results_t2/matched/databricks_serverless_20260918/dashboard_active_matched_to_databricks.jsonl,accepted_ingestion_window
clickhouse,dashboard,32,17758468213,2,0.011,quotes/clickhouse-cloud/results_t2/matched/databricks_serverless_20260918/dashboard_active_matched_to_databricks.jsonl,accepted_ingestion_window
clickhouse,dashboard,32,17758468213,3,0.011,quotes/clickhouse-cloud/results_t2/matched/databricks_serverless_20260918/dashboard_active_matched_to_databricks.jsonl,accepted_ingestion_window
clickhouse,dashboard,32,17758468213,4,0.014,quotes/clickhouse-cloud/results_t2/matched/databricks_serverless_20260918/dashboard_active_matched_to_databricks.jsonl,accepted_ingestion_window
clickhouse,dashboard,34,18930505218,1,0.014,quotes/clickhouse-cloud/results_t2/matched/databricks_serverless_20260918/dashboard_active_matched_to_databricks.jsonl,accepted_ingestion_window
clickhouse,dashboard,34,18930505218,2,0.011,quotes/clickhouse-cloud/results_t2/matched/databricks_serverless_20260918/dashboard_active_matched_to_databricks.jsonl,accepted_ingestion_window
clickhouse,dashboard,34,18930505218,3,0.012,quotes/clickhouse-cloud/results_t2/matched/databricks_serverless_20260918/dashboard_active_matched_to_databricks.jsonl,accepted_ingestion_window
clickhouse,dashboard,34,18930505218,4,0.01,quotes/clickhouse-cloud/results_t2/matched/databricks_serverless_20260918/dashboard_active_matched_to_databricks.jsonl,accepted_ingestion_window
clickhouse,dashboard,35,19498533079,1,0.012,quotes/clickhouse-cloud/results_t2/matched/databricks_serverless_20260918/dashboard_active_matched_to_databricks.jsonl,accepted_ingestion_window
clickhouse,dashboard,35,19498533079,2,0.016,quotes/clickhouse-cloud/results_t2/matched/databricks_serverless_20260918/dashboard_active_matched_to_databricks.jsonl,accepted_ingestion_window
clickhouse,dashboard,35,19498533079,3,0.013,quotes/clickhouse-cloud/results_t2/matched/databricks_serverless_20260918/dashboard_active_matched_to_databricks.jsonl,accepted_ingestion_window
clickhouse,dashboard,35,19498533079,4,0.011,quotes/clickhouse-cloud/results_t2/matched/databricks_serverless_20260918/dashboard_active_matched_to_databricks.jsonl,accepted_ingestion_window
clickhouse,dashboard,36,20030972521,1,0.014,quotes/clickhouse-cloud/results_t2/matched/databricks_serverless_20260918/dashboard_active_matched_to_databricks.jsonl,accepted_ingestion_window
clickhouse,dashboard,36,20030972521,2,0.104,quotes/clickhouse-cloud/results_t2/matched/databricks_serverless_20260918/dashboard_active_matched_to_databricks.jsonl,accepted_ingestion_window
clickhouse,dashboard,36,20030972521,3,0.014,quotes/clickhouse-cloud/results_t2/matched/databricks_serverless_20260918/dashboard_active_matched_to_databricks.jsonl,accepted_ingestion_window
clickhouse,dashboard,36,20030972521,4,0.011,quotes/clickhouse-cloud/results_t2/matched/databricks_serverless_20260918/dashboard_active_matched_to_databricks.jsonl,accepted_ingestion_window
clickhouse,dashboard,37,20598954386,1,0.013,quotes/clickhouse-cloud/results_t2/matched/databricks_serverless_20260918/dashboard_active_matched_to_databricks.jsonl,accepted_ingestion_window
clickhouse,dashboard,37,20598954386,2,0.015,quotes/clickhouse-cloud/results_t2/matched/databricks_serverless_20260918/dashboard_active_matched_to_databricks.jsonl,accepted_ingestion_window
clickhouse,dashboard,37,20598954386,3,0.015,quotes/clickhouse-cloud/results_t2/matched/databricks_serverless_20260918/dashboard_active_matched_to_databricks.jsonl,accepted_ingestion_window
clickhouse,dashboard,37,20598954386,4,0.012,quotes/clickhouse-cloud/results_t2/matched/databricks_serverless_20260918/dashboard_active_matched_to_databricks.jsonl,accepted_ingestion_window
clickhouse,dashboard,38,21177624388,1,0.007,quotes/clickhouse-cloud/results_t2/matched/databricks_serverless_20260918/dashboard_active_matched_to_databricks.jsonl,accepted_ingestion_window
clickhouse,dashboard,38,21177624388,2,0.011,quotes/clickhouse-cloud/results_t2/matched/databricks_serverless_20260918/dashboard_active_matched_to_databricks.jsonl,accepted_ingestion_window
clickhouse,dashboard,38,21177624388,3,0.015,quotes/clickhouse-cloud/results_t2/matched/databricks_serverless_20260918/dashboard_active_matched_to_databricks.jsonl,accepted_ingestion_window
clickhouse,dashboard,38,21177624388,4,0.011,quotes/clickhouse-cloud/results_t2/matched/databricks_serverless_20260918/dashboard_active_matched_to_databricks.jsonl,accepted_ingestion_window
clickhouse,dashboard,39,21690449123,1,0.007,quotes/clickhouse-cloud/results_t2/matched/databricks_serverless_20260918/dashboard_active_matched_to_databricks.jsonl,accepted_ingestion_window
clickhouse,dashboard,39,21690449123,2,0.011,quotes/clickhouse-cloud/results_t2/matched/databricks_serverless_20260918/dashboard_active_matched_to_databricks.jsonl,accepted_ingestion_window
clickhouse,dashboard,39,21690449123,3,0.014,quotes/clickhouse-cloud/results_t2/matched/databricks_serverless_20260918/dashboard_active_matched_to_databricks.jsonl,accepted_ingestion_window
clickhouse,dashboard,39,21690449123,4,0.011,quotes/clickhouse-cloud/results_t2/matched/databricks_serverless_20260918/dashboard_active_matched_to_databricks.jsonl,accepted_ingestion_window
clickhouse,dashboard,40,22225814642,1,0.013,quotes/clickhouse-cloud/results_t2/matched/databricks_serverless_20260918/dashboard_active_matched_to_databricks.jsonl,accepted_ingestion_window
clickhouse,dashboard,40,22225814642,2,0.015,quotes/clickhouse-cloud/results_t2/matched/databricks_serverless_20260918/dashboard_active_matched_to_databricks.jsonl,accepted_ingestion_window
clickhouse,dashboard,40,22225814642,3,0.012,quotes/clickhouse-cloud/results_t2/matched/databricks_serverless_20260918/dashboard_active_matched_to_databricks.jsonl,accepted_ingestion_window
clickhouse,dashboard,40,22225814642,4,0.011,quotes/clickhouse-cloud/results_t2/matched/databricks_serverless_20260918/dashboard_active_matched_to_databricks.jsonl,accepted_ingestion_window
clickhouse,dashboard,41,22769842666,1,0.007,quotes/clickhouse-cloud/results_t2/matched/databricks_serverless_20260918/dashboard_active_matched_to_databricks.jsonl,accepted_ingestion_window
clickhouse,dashboard,41,22769842666,2,0.011,quotes/clickhouse-cloud/results_t2/matched/databricks_serverless_20260918/dashboard_active_matched_to_databricks.jsonl,accepted_ingestion_window
clickhouse,dashboard,41,22769842666,3,0.013,quotes/clickhouse-cloud/results_t2/matched/databricks_serverless_20260918/dashboard_active_matched_to_databricks.jsonl,accepted_ingestion_window
clickhouse,dashboard,41,22769842666,4,0.011,quotes/clickhouse-cloud/results_t2/matched/databricks_serverless_20260918/dashboard_active_matched_to_databricks.jsonl,accepted_ingestion_window
clickhouse,dashboard,42,23288685490,1,0.014,quotes/clickhouse-cloud/results_t2/matched/databricks_serverless_20260918/dashboard_active_matched_to_databricks.jsonl,accepted_ingestion_window
clickhouse,dashboard,42,23288685490,2,0.011,quotes/clickhouse-cloud/results_t2/matched/databricks_serverless_20260918/dashboard_active_matched_to_databricks.jsonl,accepted_ingestion_window
clickhouse,dashboard,42,23288685490,3,0.012,quotes/clickhouse-cloud/results_t2/matched/databricks_serverless_20260918/dashboard_active_matched_to_databricks.jsonl,accepted_ingestion_window
clickhouse,dashboard,42,23288685490,4,0.011,quotes/clickhouse-cloud/results_t2/matched/databricks_serverless_20260918/dashboard_active_matched_to_databricks.jsonl,accepted_ingestion_window
clickhouse,dashboard,43,23844225514,1,0.007,quotes/clickhouse-cloud/results_t2/matched/databricks_serverless_20260918/dashboard_active_matched_to_databricks.jsonl,accepted_ingestion_window
clickhouse,dashboard,43,23844225514,2,0.011,quotes/clickhouse-cloud/results_t2/matched/databricks_serverless_20260918/dashboard_active_matched_to_databricks.jsonl,accepted_ingestion_window
clickhouse,dashboard,43,23844225514,3,0.012,quotes/clickhouse-cloud/results_t2/matched/databricks_serverless_20260918/dashboard_active_matched_to_databricks.jsonl,accepted_ingestion_window
clickhouse,dashboard,43,23844225514,4,0.01,quotes/clickhouse-cloud/results_t2/matched/databricks_serverless_20260918/dashboard_active_matched_to_databricks.jsonl,accepted_ingestion_window
clickhouse,dashboard,45,24937313823,1,0.012,quotes/clickhouse-cloud/results_t2/matched/databricks_serverless_20260918/dashboard_active_matched_to_databricks.jsonl,accepted_ingestion_window
clickhouse,dashboard,45,24937313823,2,0.015,quotes/clickhouse-cloud/results_t2/matched/databricks_serverless_20260918/dashboard_active_matched_to_databricks.jsonl,accepted_ingestion_window
clickhouse,dashboard,45,24937313823,3,0.011,quotes/clickhouse-cloud/results_t2/matched/databricks_serverless_20260918/dashboard_active_matched_to_databricks.jsonl,accepted_ingestion_window
clickhouse,dashboard,45,24937313823,4,0.01,quotes/clickhouse-cloud/results_t2/matched/databricks_serverless_20260918/dashboard_active_matched_to_databricks.jsonl,accepted_ingestion_window
clickhouse,dashboard,46,25492435118,1,0.007,quotes/clickhouse-cloud/results_t2/matched/databricks_serverless_20260918/dashboard_active_matched_to_databricks.jsonl,accepted_ingestion_window
clickhouse,dashboard,46,25492435118,2,0.011,quotes/clickhouse-cloud/results_t2/matched/databricks_serverless_20260918/dashboard_active_matched_to_databricks.jsonl,accepted_ingestion_window
clickhouse,dashboard,46,25492435118,3,0.013,quotes/clickhouse-cloud/results_t2/matched/databricks_serverless_20260918/dashboard_active_matched_to_databricks.jsonl,accepted_ingestion_window
clickhouse,dashboard,46,25492435118,4,0.011,quotes/clickhouse-cloud/results_t2/matched/databricks_serverless_20260918/dashboard_active_matched_to_databricks.jsonl,accepted_ingestion_window
clickhouse,dashboard,47,26047358918,1,0.007,quotes/clickhouse-cloud/results_t2/matched/databricks_serverless_20260918/dashboard_active_matched_to_databricks.jsonl,accepted_ingestion_window
clickhouse,dashboard,47,26047358918,2,0.011,quotes/clickhouse-cloud/results_t2/matched/databricks_serverless_20260918/dashboard_active_matched_to_databricks.jsonl,accepted_ingestion_window
clickhouse,dashboard,47,26047358918,3,0.012,quotes/clickhouse-cloud/results_t2/matched/databricks_serverless_20260918/dashboard_active_matched_to_databricks.jsonl,accepted_ingestion_window
clickhouse,dashboard,47,26047358918,4,0.01,quotes/clickhouse-cloud/results_t2/matched/databricks_serverless_20260918/dashboard_active_matched_to_databricks.jsonl,accepted_ingestion_window
clickhouse,dashboard,48,26583320264,1,0.007,quotes/clickhouse-cloud/results_t2/matched/databricks_serverless_20260918/dashboard_active_matched_to_databricks.jsonl,accepted_ingestion_window
clickhouse,dashboard,48,26583320264,2,0.014,quotes/clickhouse-cloud/results_t2/matched/databricks_serverless_20260918/dashboard_active_matched_to_databricks.jsonl,accepted_ingestion_window
clickhouse,dashboard,48,26583320264,3,0.012,quotes/clickhouse-cloud/results_t2/matched/databricks_serverless_20260918/dashboard_active_matched_to_databricks.jsonl,accepted_ingestion_window
clickhouse,dashboard,48,26583320264,4,0.01,quotes/clickhouse-cloud/results_t2/matched/databricks_serverless_20260918/dashboard_active_matched_to_databricks.jsonl,accepted_ingestion_window
clickhouse,dashboard,49,27117466999,1,0.013,quotes/clickhouse-cloud/results_t2/matched/databricks_serverless_20260918/dashboard_active_matched_to_databricks.jsonl,accepted_ingestion_window
clickhouse,dashboard,49,27117466999,2,0.019,quotes/clickhouse-cloud/results_t2/matched/databricks_serverless_20260918/dashboard_active_matched_to_databricks.jsonl,accepted_ingestion_window
clickhouse,dashboard,49,27117466999,3,0.012,quotes/clickhouse-cloud/results_t2/matched/databricks_serverless_20260918/dashboard_active_matched_to_databricks.jsonl,accepted_ingestion_window
clickhouse,dashboard,49,27117466999,4,0.011,quotes/clickhouse-cloud/results_t2/matched/databricks_serverless_20260918/dashboard_active_matched_to_databricks.jsonl,accepted_ingestion_window
clickhouse,dashboard,50,27681375912,1,0.007,quotes/clickhouse-cloud/results_t2/matched/databricks_serverless_20260918/dashboard_active_matched_to_databricks.jsonl,accepted_ingestion_window
clickhouse,dashboard,50,27681375912,2,0.012,quotes/clickhouse-cloud/results_t2/matched/databricks_serverless_20260918/dashboard_active_matched_to_databricks.jsonl,accepted_ingestion_window
clickhouse,dashboard,50,27681375912,3,0.013,quotes/clickhouse-cloud/results_t2/matched/databricks_serverless_20260918/dashboard_active_matched_to_databricks.jsonl,accepted_ingestion_window
clickhouse,dashboard,50,27681375912,4,0.011,quotes/clickhouse-cloud/results_t2/matched/databricks_serverless_20260918/dashboard_active_matched_to_databricks.jsonl,accepted_ingestion_window
clickhouse,dashboard,51,28239125449,1,0.007,quotes/clickhouse-cloud/results_t2/matched/databricks_serverless_20260918/dashboard_active_matched_to_databricks.jsonl,accepted_ingestion_window
clickhouse,dashboard,51,28239125449,2,0.011,quotes/clickhouse-cloud/results_t2/matched/databricks_serverless_20260918/dashboard_active_matched_to_databricks.jsonl,accepted_ingestion_window
clickhouse,dashboard,51,28239125449,3,0.012,quotes/clickhouse-cloud/results_t2/matched/databricks_serverless_20260918/dashboard_active_matched_to_databricks.jsonl,accepted_ingestion_window
clickhouse,dashboard,51,28239125449,4,0.011,quotes/clickhouse-cloud/results_t2/matched/databricks_serverless_20260918/dashboard_active_matched_to_databricks.jsonl,accepted_ingestion_window
clickhouse,dashboard,52,28773516979,1,0.111,quotes/clickhouse-cloud/results_t2/matched/databricks_serverless_20260918/dashboard_active_matched_to_databricks.jsonl,accepted_ingestion_window
clickhouse,dashboard,52,28773516979,2,0.09,quotes/clickhouse-cloud/results_t2/matched/databricks_serverless_20260918/dashboard_active_matched_to_databricks.jsonl,accepted_ingestion_window
clickhouse,dashboard,52,28773516979,3,0.011,quotes/clickhouse-cloud/results_t2/matched/databricks_serverless_20260918/dashboard_active_matched_to_databricks.jsonl,accepted_ingestion_window
clickhouse,dashboard,52,28773516979,4,0.043,quotes/clickhouse-cloud/results_t2/matched/databricks_serverless_20260918/dashboard_active_matched_to_databricks.jsonl,accepted_ingestion_window
clickhouse,dashboard,53,29346127706,1,0.007,quotes/clickhouse-cloud/results_t2/matched/databricks_serverless_20260918/dashboard_active_matched_to_databricks.jsonl,accepted_ingestion_window
clickhouse,dashboard,53,29346127706,2,0.012,quotes/clickhouse-cloud/results_t2/matched/databricks_serverless_20260918/dashboard_active_matched_to_databricks.jsonl,accepted_ingestion_window
clickhouse,dashboard,53,29346127706,3,0.011,quotes/clickhouse-cloud/results_t2/matched/databricks_serverless_20260918/dashboard_active_matched_to_databricks.jsonl,accepted_ingestion_window
clickhouse,dashboard,53,29346127706,4,0.01,quotes/clickhouse-cloud/results_t2/matched/databricks_serverless_20260918/dashboard_active_matched_to_databricks.jsonl,accepted_ingestion_window
clickhouse,dashboard,54,29890137150,1,0.007,quotes/clickhouse-cloud/results_t2/matched/databricks_serverless_20260918/dashboard_active_matched_to_databricks.jsonl,accepted_ingestion_window
clickhouse,dashboard,54,29890137150,2,0.012,quotes/clickhouse-cloud/results_t2/matched/databricks_serverless_20260918/dashboard_active_matched_to_databricks.jsonl,accepted_ingestion_window
clickhouse,dashboard,54,29890137150,3,0.011,quotes/clickhouse-cloud/results_t2/matched/databricks_serverless_20260918/dashboard_active_matched_to_databricks.jsonl,accepted_ingestion_window
clickhouse,dashboard,54,29890137150,4,0.01,quotes/clickhouse-cloud/results_t2/matched/databricks_serverless_20260918/dashboard_active_matched_to_databricks.jsonl,accepted_ingestion_window
clickhouse,dashboard,55,30465667350,1,0.007,quotes/clickhouse-cloud/results_t2/matched/databricks_serverless_20260918/dashboard_active_matched_to_databricks.jsonl,accepted_ingestion_window
clickhouse,dashboard,55,30465667350,2,0.013,quotes/clickhouse-cloud/results_t2/matched/databricks_serverless_20260918/dashboard_active_matched_to_databricks.jsonl,accepted_ingestion_window
clickhouse,dashboard,55,30465667350,3,0.011,quotes/clickhouse-cloud/results_t2/matched/databricks_serverless_20260918/dashboard_active_matched_to_databricks.jsonl,accepted_ingestion_window
clickhouse,dashboard,55,30465667350,4,0.01,quotes/clickhouse-cloud/results_t2/matched/databricks_serverless_20260918/dashboard_active_matched_to_databricks.jsonl,accepted_ingestion_window
clickhouse,dashboard,56,31018228497,1,0.014,quotes/clickhouse-cloud/results_t2/matched/databricks_serverless_20260918/dashboard_active_matched_to_databricks.jsonl,accepted_ingestion_window
clickhouse,dashboard,56,31018228497,2,0.011,quotes/clickhouse-cloud/results_t2/matched/databricks_serverless_20260918/dashboard_active_matched_to_databricks.jsonl,accepted_ingestion_window
clickhouse,dashboard,56,31018228497,3,0.011,quotes/clickhouse-cloud/results_t2/matched/databricks_serverless_20260918/dashboard_active_matched_to_databricks.jsonl,accepted_ingestion_window
clickhouse,dashboard,56,31018228497,4,0.011,quotes/clickhouse-cloud/results_t2/matched/databricks_serverless_20260918/dashboard_active_matched_to_databricks.jsonl,accepted_ingestion_window
clickhouse,dashboard,57,31588088259,1,0.013,quotes/clickhouse-cloud/results_t2/matched/databricks_serverless_20260918/dashboard_active_matched_to_databricks.jsonl,accepted_ingestion_window
clickhouse,dashboard,57,31588088259,2,0.011,quotes/clickhouse-cloud/results_t2/matched/databricks_serverless_20260918/dashboard_active_matched_to_databricks.jsonl,accepted_ingestion_window
clickhouse,dashboard,57,31588088259,3,0.012,quotes/clickhouse-cloud/results_t2/matched/databricks_serverless_20260918/dashboard_active_matched_to_databricks.jsonl,accepted_ingestion_window
clickhouse,dashboard,57,31588088259,4,0.011,quotes/clickhouse-cloud/results_t2/matched/databricks_serverless_20260918/dashboard_active_matched_to_databricks.jsonl,accepted_ingestion_window
clickhouse,dashboard,59,32651953244,1,0.014,quotes/clickhouse-cloud/results_t2/matched/databricks_serverless_20260918/dashboard_active_matched_to_databricks.jsonl,accepted_ingestion_window
clickhouse,dashboard,59,32651953244,2,0.014,quotes/clickhouse-cloud/results_t2/matched/databricks_serverless_20260918/dashboard_active_matched_to_databricks.jsonl,accepted_ingestion_window
clickhouse,dashboard,59,32651953244,3,0.014,quotes/clickhouse-cloud/results_t2/matched/databricks_serverless_20260918/dashboard_active_matched_to_databricks.jsonl,accepted_ingestion_window
clickhouse,dashboard,59,32651953244,4,0.011,quotes/clickhouse-cloud/results_t2/matched/databricks_serverless_20260918/dashboard_active_matched_to_databricks.jsonl,accepted_ingestion_window
clickhouse,dashboard,60,33183996050,1,0.013,quotes/clickhouse-cloud/results_t2/matched/databricks_serverless_20260918/dashboard_active_matched_to_databricks.jsonl,accepted_ingestion_window
clickhouse,dashboard,60,33183996050,2,0.016,quotes/clickhouse-cloud/results_t2/matched/databricks_serverless_20260918/dashboard_active_matched_to_databricks.jsonl,accepted_ingestion_window
clickhouse,dashboard,60,33183996050,3,0.013,quotes/clickhouse-cloud/results_t2/matched/databricks_serverless_20260918/dashboard_active_matched_to_databricks.jsonl,accepted_ingestion_window
clickhouse,dashboard,60,33183996050,4,0.013,quotes/clickhouse-cloud/results_t2/matched/databricks_serverless_20260918/dashboard_active_matched_to_databricks.jsonl,accepted_ingestion_window
clickhouse,dashboard,61,33748476003,1,0.007,quotes/clickhouse-cloud/results_t2/matched/databricks_serverless_20260918/dashboard_active_matched_to_databricks.jsonl,accepted_ingestion_window
clickhouse,dashboard,61,33748476003,2,0.012,quotes/clickhouse-cloud/results_t2/matched/databricks_serverless_20260918/dashboard_active_matched_to_databricks.jsonl,accepted_ingestion_window
clickhouse,dashboard,61,33748476003,3,0.014,quotes/clickhouse-cloud/results_t2/matched/databricks_serverless_20260918/dashboard_active_matched_to_databricks.jsonl,accepted_ingestion_window
clickhouse,dashboard,61,33748476003,4,0.012,quotes/clickhouse-cloud/results_t2/matched/databricks_serverless_20260918/dashboard_active_matched_to_databricks.jsonl,accepted_ingestion_window
clickhouse,dashboard,62,34249264401,1,0.013,quotes/clickhouse-cloud/results_t2/matched/databricks_serverless_20260918/dashboard_active_matched_to_databricks.jsonl,accepted_ingestion_window
clickhouse,dashboard,62,34249264401,2,0.012,quotes/clickhouse-cloud/results_t2/matched/databricks_serverless_20260918/dashboard_active_matched_to_databricks.jsonl,accepted_ingestion_window
clickhouse,dashboard,62,34249264401,3,0.013,quotes/clickhouse-cloud/results_t2/matched/databricks_serverless_20260918/dashboard_active_matched_to_databricks.jsonl,accepted_ingestion_window
clickhouse,dashboard,62,34249264401,4,0.011,quotes/clickhouse-cloud/results_t2/matched/databricks_serverless_20260918/dashboard_active_matched_to_databricks.jsonl,accepted_ingestion_window
clickhouse,dashboard,63,34764613132,1,0.007,quotes/clickhouse-cloud/results_t2/matched/databricks_serverless_20260918/dashboard_active_matched_to_databricks.jsonl,accepted_ingestion_window
clickhouse,dashboard,63,34764613132,2,0.012,quotes/clickhouse-cloud/results_t2/matched/databricks_serverless_20260918/dashboard_active_matched_to_databricks.jsonl,accepted_ingestion_window
clickhouse,dashboard,63,34764613132,3,0.012,quotes/clickhouse-cloud/results_t2/matched/databricks_serverless_20260918/dashboard_active_matched_to_databricks.jsonl,accepted_ingestion_window
clickhouse,dashboard,63,34764613132,4,0.011,quotes/clickhouse-cloud/results_t2/matched/databricks_serverless_20260918/dashboard_active_matched_to_databricks.jsonl,accepted_ingestion_window
clickhouse,dashboard,64,35300178406,1,0.012,quotes/clickhouse-cloud/results_t2/matched/databricks_serverless_20260918/dashboard_active_matched_to_databricks.jsonl,accepted_ingestion_window
clickhouse,dashboard,64,35300178406,2,0.012,quotes/clickhouse-cloud/results_t2/matched/databricks_serverless_20260918/dashboard_active_matched_to_databricks.jsonl,accepted_ingestion_window
clickhouse,dashboard,64,35300178406,3,0.013,quotes/clickhouse-cloud/results_t2/matched/databricks_serverless_20260918/dashboard_active_matched_to_databricks.jsonl,accepted_ingestion_window
clickhouse,dashboard,64,35300178406,4,0.011,quotes/clickhouse-cloud/results_t2/matched/databricks_serverless_20260918/dashboard_active_matched_to_databricks.jsonl,accepted_ingestion_window
clickhouse,dashboard,65,35804053385,1,0.009,quotes/clickhouse-cloud/results_t2/matched/databricks_serverless_20260918/dashboard_active_matched_to_databricks.jsonl,accepted_ingestion_window
clickhouse,dashboard,65,35804053385,2,0.012,quotes/clickhouse-cloud/results_t2/matched/databricks_serverless_20260918/dashboard_active_matched_to_databricks.jsonl,accepted_ingestion_window
clickhouse,dashboard,65,35804053385,3,0.013,quotes/clickhouse-cloud/results_t2/matched/databricks_serverless_20260918/dashboard_active_matched_to_databricks.jsonl,accepted_ingestion_window
clickhouse,dashboard,65,35804053385,4,0.017,quotes/clickhouse-cloud/results_t2/matched/databricks_serverless_20260918/dashboard_active_matched_to_databricks.jsonl,accepted_ingestion_window
clickhouse,dashboard,67,36850964650,1,0.013,quotes/clickhouse-cloud/results_t2/matched/databricks_serverless_20260918/dashboard_active_matched_to_databricks.jsonl,accepted_ingestion_window
clickhouse,dashboard,67,36850964650,2,0.012,quotes/clickhouse-cloud/results_t2/matched/databricks_serverless_20260918/dashboard_active_matched_to_databricks.jsonl,accepted_ingestion_window
clickhouse,dashboard,67,36850964650,3,0.014,quotes/clickhouse-cloud/results_t2/matched/databricks_serverless_20260918/dashboard_active_matched_to_databricks.jsonl,accepted_ingestion_window
clickhouse,dashboard,67,36850964650,4,0.011,quotes/clickhouse-cloud/results_t2/matched/databricks_serverless_20260918/dashboard_active_matched_to_databricks.jsonl,accepted_ingestion_window
clickhouse,dashboard,68,37331880801,1,0.013,quotes/clickhouse-cloud/results_t2/matched/databricks_serverless_20260918/dashboard_active_matched_to_databricks.jsonl,accepted_ingestion_window
clickhouse,dashboard,68,37331880801,2,0.015,quotes/clickhouse-cloud/results_t2/matched/databricks_serverless_20260918/dashboard_active_matched_to_databricks.jsonl,accepted_ingestion_window
clickhouse,dashboard,68,37331880801,3,0.012,quotes/clickhouse-cloud/results_t2/matched/databricks_serverless_20260918/dashboard_active_matched_to_databricks.jsonl,accepted_ingestion_window
clickhouse,dashboard,68,37331880801,4,0.011,quotes/clickhouse-cloud/results_t2/matched/databricks_serverless_20260918/dashboard_active_matched_to_databricks.jsonl,accepted_ingestion_window
clickhouse,dashboard,69,37851506740,1,0.007,quotes/clickhouse-cloud/results_t2/matched/databricks_serverless_20260918/dashboard_active_matched_to_databricks.jsonl,accepted_ingestion_window
clickhouse,dashboard,69,37851506740,2,0.012,quotes/clickhouse-cloud/results_t2/matched/databricks_serverless_20260918/dashboard_active_matched_to_databricks.jsonl,accepted_ingestion_window
clickhouse,dashboard,69,37851506740,3,0.012,quotes/clickhouse-cloud/results_t2/matched/databricks_serverless_20260918/dashboard_active_matched_to_databricks.jsonl,accepted_ingestion_window
clickhouse,dashboard,69,37851506740,4,0.011,quotes/clickhouse-cloud/results_t2/matched/databricks_serverless_20260918/dashboard_active_matched_to_databricks.jsonl,accepted_ingestion_window
clickhouse,dashboard,70,38333894855,1,0.007,quotes/clickhouse-cloud/results_t2/matched/databricks_serverless_20260918/dashboard_active_matched_to_databricks.jsonl,accepted_ingestion_window
clickhouse,dashboard,70,38333894855,2,0.012,quotes/clickhouse-cloud/results_t2/matched/databricks_serverless_20260918/dashboard_active_matched_to_databricks.jsonl,accepted_ingestion_window
clickhouse,dashboard,70,38333894855,3,0.012,quotes/clickhouse-cloud/results_t2/matched/databricks_serverless_20260918/dashboard_active_matched_to_databricks.jsonl,accepted_ingestion_window
clickhouse,dashboard,70,38333894855,4,0.011,quotes/clickhouse-cloud/results_t2/matched/databricks_serverless_20260918/dashboard_active_matched_to_databricks.jsonl,accepted_ingestion_window
clickhouse,dashboard,71,38903981063,1,0.007,quotes/clickhouse-cloud/results_t2/matched/databricks_serverless_20260918/dashboard_active_matched_to_databricks.jsonl,accepted_ingestion_window
clickhouse,dashboard,71,38903981063,2,0.012,quotes/clickhouse-cloud/results_t2/matched/databricks_serverless_20260918/dashboard_active_matched_to_databricks.jsonl,accepted_ingestion_window
clickhouse,dashboard,71,38903981063,3,0.014,quotes/clickhouse-cloud/results_t2/matched/databricks_serverless_20260918/dashboard_active_matched_to_databricks.jsonl,accepted_ingestion_window
clickhouse,dashboard,71,38903981063,4,0.011,quotes/clickhouse-cloud/results_t2/matched/databricks_serverless_20260918/dashboard_active_matched_to_databricks.jsonl,accepted_ingestion_window
clickhouse,dashboard,72,39403630784,1,0.007,quotes/clickhouse-cloud/results_t2/matched/databricks_serverless_20260918/dashboard_active_matched_to_databricks.jsonl,accepted_ingestion_window
clickhouse,dashboard,72,39403630784,2,0.016,quotes/clickhouse-cloud/results_t2/matched/databricks_serverless_20260918/dashboard_active_matched_to_databricks.jsonl,accepted_ingestion_window
clickhouse,dashboard,72,39403630784,3,0.014,quotes/clickhouse-cloud/results_t2/matched/databricks_serverless_20260918/dashboard_active_matched_to_databricks.jsonl,accepted_ingestion_window
clickhouse,dashboard,72,39403630784,4,0.011,quotes/clickhouse-cloud/results_t2/matched/databricks_serverless_20260918/dashboard_active_matched_to_databricks.jsonl,accepted_ingestion_window
clickhouse,dashboard,74,40455322866,1,0.014,quotes/clickhouse-cloud/results_t2/matched/databricks_serverless_20260918/dashboard_active_matched_to_databricks.jsonl,accepted_ingestion_window
clickhouse,dashboard,74,40455322866,2,0.012,quotes/clickhouse-cloud/results_t2/matched/databricks_serverless_20260918/dashboard_active_matched_to_databricks.jsonl,accepted_ingestion_window
clickhouse,dashboard,74,40455322866,3,0.013,quotes/clickhouse-cloud/results_t2/matched/databricks_serverless_20260918/dashboard_active_matched_to_databricks.jsonl,accepted_ingestion_window
clickhouse,dashboard,74,40455322866,4,0.011,quotes/clickhouse-cloud/results_t2/matched/databricks_serverless_20260918/dashboard_active_matched_to_databricks.jsonl,accepted_ingestion_window
clickhouse,dashboard,75,40983472025,1,0.014,quotes/clickhouse-cloud/results_t2/matched/databricks_serverless_20260918/dashboard_active_matched_to_databricks.jsonl,accepted_ingestion_window
clickhouse,dashboard,75,40983472025,2,0.016,quotes/clickhouse-cloud/results_t2/matched/databricks_serverless_20260918/dashboard_active_matched_to_databricks.jsonl,accepted_ingestion_window
clickhouse,dashboard,75,40983472025,3,0.014,quotes/clickhouse-cloud/results_t2/matched/databricks_serverless_20260918/dashboard_active_matched_to_databricks.jsonl,accepted_ingestion_window
clickhouse,dashboard,75,40983472025,4,0.011,quotes/clickhouse-cloud/results_t2/matched/databricks_serverless_20260918/dashboard_active_matched_to_databricks.jsonl,accepted_ingestion_window
clickhouse,dashboard,76,41461994932,1,0.014,quotes/clickhouse-cloud/results_t2/matched/databricks_serverless_20260918/dashboard_active_matched_to_databricks.jsonl,accepted_ingestion_window
clickhouse,dashboard,76,41461994932,2,0.016,quotes/clickhouse-cloud/results_t2/matched/databricks_serverless_20260918/dashboard_active_matched_to_databricks.jsonl,accepted_ingestion_window
clickhouse,dashboard,76,41461994932,3,0.014,quotes/clickhouse-cloud/results_t2/matched/databricks_serverless_20260918/dashboard_active_matched_to_databricks.jsonl,accepted_ingestion_window
clickhouse,dashboard,76,41461994932,4,0.011,quotes/clickhouse-cloud/results_t2/matched/databricks_serverless_20260918/dashboard_active_matched_to_databricks.jsonl,accepted_ingestion_window
clickhouse,dashboard,77,41986954384,1,0.007,quotes/clickhouse-cloud/results_t2/matched/databricks_serverless_20260918/dashboard_active_matched_to_databricks.jsonl,accepted_ingestion_window
clickhouse,dashboard,77,41986954384,2,0.013,quotes/clickhouse-cloud/results_t2/matched/databricks_serverless_20260918/dashboard_active_matched_to_databricks.jsonl,accepted_ingestion_window
clickhouse,dashboard,77,41986954384,3,0.016,quotes/clickhouse-cloud/results_t2/matched/databricks_serverless_20260918/dashboard_active_matched_to_databricks.jsonl,accepted_ingestion_window
clickhouse,dashboard,77,41986954384,4,0.012,quotes/clickhouse-cloud/results_t2/matched/databricks_serverless_20260918/dashboard_active_matched_to_databricks.jsonl,accepted_ingestion_window
clickhouse,dashboard,78,42504704257,1,0.014,quotes/clickhouse-cloud/results_t2/matched/databricks_serverless_20260918/dashboard_active_matched_to_databricks.jsonl,accepted_ingestion_window
clickhouse,dashboard,78,42504704257,2,0.013,quotes/clickhouse-cloud/results_t2/matched/databricks_serverless_20260918/dashboard_active_matched_to_databricks.jsonl,accepted_ingestion_window
clickhouse,dashboard,78,42504704257,3,0.014,quotes/clickhouse-cloud/results_t2/matched/databricks_serverless_20260918/dashboard_active_matched_to_databricks.jsonl,accepted_ingestion_window
clickhouse,dashboard,78,42504704257,4,0.011,quotes/clickhouse-cloud/results_t2/matched/databricks_serverless_20260918/dashboard_active_matched_to_databricks.jsonl,accepted_ingestion_window
clickhouse,dashboard,79,43037353870,1,0.014,quotes/clickhouse-cloud/results_t2/matched/databricks_serverless_20260918/dashboard_active_matched_to_databricks.jsonl,accepted_ingestion_window
clickhouse,dashboard,79,43037353870,2,0.012,quotes/clickhouse-cloud/results_t2/matched/databricks_serverless_20260918/dashboard_active_matched_to_databricks.jsonl,accepted_ingestion_window
clickhouse,dashboard,79,43037353870,3,0.014,quotes/clickhouse-cloud/results_t2/matched/databricks_serverless_20260918/dashboard_active_matched_to_databricks.jsonl,accepted_ingestion_window
clickhouse,dashboard,79,43037353870,4,0.011,quotes/clickhouse-cloud/results_t2/matched/databricks_serverless_20260918/dashboard_active_matched_to_databricks.jsonl,accepted_ingestion_window
clickhouse,dashboard,81,44075896295,1,0.008,quotes/clickhouse-cloud/results_t2/matched/databricks_serverless_20260918/dashboard_active_matched_to_databricks.jsonl,accepted_ingestion_window
clickhouse,dashboard,81,44075896295,2,0.013,quotes/clickhouse-cloud/results_t2/matched/databricks_serverless_20260918/dashboard_active_matched_to_databricks.jsonl,accepted_ingestion_window
clickhouse,dashboard,81,44075896295,3,0.015,quotes/clickhouse-cloud/results_t2/matched/databricks_serverless_20260918/dashboard_active_matched_to_databricks.jsonl,accepted_ingestion_window
clickhouse,dashboard,81,44075896295,4,0.012,quotes/clickhouse-cloud/results_t2/matched/databricks_serverless_20260918/dashboard_active_matched_to_databricks.jsonl,accepted_ingestion_window
clickhouse,dashboard,82,44585275116,1,0.015,quotes/clickhouse-cloud/results_t2/matched/databricks_serverless_20260918/dashboard_active_matched_to_databricks.jsonl,accepted_ingestion_window
clickhouse,dashboard,82,44585275116,2,0.017,quotes/clickhouse-cloud/results_t2/matched/databricks_serverless_20260918/dashboard_active_matched_to_databricks.jsonl,accepted_ingestion_window
clickhouse,dashboard,82,44585275116,3,0.014,quotes/clickhouse-cloud/results_t2/matched/databricks_serverless_20260918/dashboard_active_matched_to_databricks.jsonl,accepted_ingestion_window
clickhouse,dashboard,82,44585275116,4,0.011,quotes/clickhouse-cloud/results_t2/matched/databricks_serverless_20260918/dashboard_active_matched_to_databricks.jsonl,accepted_ingestion_window
clickhouse,dashboard,83,45119401562,1,0.017,quotes/clickhouse-cloud/results_t2/matched/databricks_serverless_20260918/dashboard_active_matched_to_databricks.jsonl,accepted_ingestion_window
clickhouse,dashboard,83,45119401562,2,0.025,quotes/clickhouse-cloud/results_t2/matched/databricks_serverless_20260918/dashboard_active_matched_to_databricks.jsonl,accepted_ingestion_window
clickhouse,dashboard,83,45119401562,3,0.013,quotes/clickhouse-cloud/results_t2/matched/databricks_serverless_20260918/dashboard_active_matched_to_databricks.jsonl,accepted_ingestion_window
clickhouse,dashboard,83,45119401562,4,0.012,quotes/clickhouse-cloud/results_t2/matched/databricks_serverless_20260918/dashboard_active_matched_to_databricks.jsonl,accepted_ingestion_window
clickhouse,dashboard,84,45608868518,1,0.007,quotes/clickhouse-cloud/results_t2/matched/databricks_serverless_20260918/dashboard_active_matched_to_databricks.jsonl,accepted_ingestion_window
clickhouse,dashboard,84,45608868518,2,0.012,quotes/clickhouse-cloud/results_t2/matched/databricks_serverless_20260918/dashboard_active_matched_to_databricks.jsonl,accepted_ingestion_window
clickhouse,dashboard,84,45608868518,3,0.012,quotes/clickhouse-cloud/results_t2/matched/databricks_serverless_20260918/dashboard_active_matched_to_databricks.jsonl,accepted_ingestion_window
clickhouse,dashboard,84,45608868518,4,0.011,quotes/clickhouse-cloud/results_t2/matched/databricks_serverless_20260918/dashboard_active_matched_to_databricks.jsonl,accepted_ingestion_window
clickhouse,dashboard,85,46108257326,1,0.007,quotes/clickhouse-cloud/results_t2/matched/databricks_serverless_20260918/dashboard_active_matched_to_databricks.jsonl,accepted_ingestion_window
clickhouse,dashboard,85,46108257326,2,0.012,quotes/clickhouse-cloud/results_t2/matched/databricks_serverless_20260918/dashboard_active_matched_to_databricks.jsonl,accepted_ingestion_window
clickhouse,dashboard,85,46108257326,3,0.013,quotes/clickhouse-cloud/results_t2/matched/databricks_serverless_20260918/dashboard_active_matched_to_databricks.jsonl,accepted_ingestion_window
clickhouse,dashboard,85,46108257326,4,0.011,quotes/clickhouse-cloud/results_t2/matched/databricks_serverless_20260918/dashboard_active_matched_to_databricks.jsonl,accepted_ingestion_window
clickhouse,dashboard,86,46607144697,1,0.009,quotes/clickhouse-cloud/results_t2/matched/databricks_serverless_20260918/dashboard_active_matched_to_databricks.jsonl,accepted_ingestion_window
clickhouse,dashboard,86,46607144697,2,0.012,quotes/clickhouse-cloud/results_t2/matched/databricks_serverless_20260918/dashboard_active_matched_to_databricks.jsonl,accepted_ingestion_window
clickhouse,dashboard,86,46607144697,3,0.013,quotes/clickhouse-cloud/results_t2/matched/databricks_serverless_20260918/dashboard_active_matched_to_databricks.jsonl,accepted_ingestion_window
clickhouse,dashboard,86,46607144697,4,0.011,quotes/clickhouse-cloud/results_t2/matched/databricks_serverless_20260918/dashboard_active_matched_to_databricks.jsonl,accepted_ingestion_window
clickhouse,dashboard,88,47630286458,1,0.014,quotes/clickhouse-cloud/results_t2/matched/databricks_serverless_20260918/dashboard_active_matched_to_databricks.jsonl,accepted_ingestion_window
clickhouse,dashboard,88,47630286458,2,0.013,quotes/clickhouse-cloud/results_t2/matched/databricks_serverless_20260918/dashboard_active_matched_to_databricks.jsonl,accepted_ingestion_window
clickhouse,dashboard,88,47630286458,3,0.014,quotes/clickhouse-cloud/results_t2/matched/databricks_serverless_20260918/dashboard_active_matched_to_databricks.jsonl,accepted_ingestion_window
clickhouse,dashboard,88,47630286458,4,0.013,quotes/clickhouse-cloud/results_t2/matched/databricks_serverless_20260918/dashboard_active_matched_to_databricks.jsonl,accepted_ingestion_window
clickhouse,dashboard,89,48152769396,1,0.015,quotes/clickhouse-cloud/results_t2/matched/databricks_serverless_20260918/dashboard_active_matched_to_databricks.jsonl,accepted_ingestion_window
clickhouse,dashboard,89,48152769396,2,0.014,quotes/clickhouse-cloud/results_t2/matched/databricks_serverless_20260918/dashboard_active_matched_to_databricks.jsonl,accepted_ingestion_window
clickhouse,dashboard,89,48152769396,3,0.014,quotes/clickhouse-cloud/results_t2/matched/databricks_serverless_20260918/dashboard_active_matched_to_databricks.jsonl,accepted_ingestion_window
clickhouse,dashboard,89,48152769396,4,0.017,quotes/clickhouse-cloud/results_t2/matched/databricks_serverless_20260918/dashboard_active_matched_to_databricks.jsonl,accepted_ingestion_window
clickhouse,dashboard,90,48651039753,1,0.017,quotes/clickhouse-cloud/results_t2/matched/databricks_serverless_20260918/dashboard_active_matched_to_databricks.jsonl,accepted_ingestion_window
clickhouse,dashboard,90,48651039753,2,0.013,quotes/clickhouse-cloud/results_t2/matched/databricks_serverless_20260918/dashboard_active_matched_to_databricks.jsonl,accepted_ingestion_window
clickhouse,dashboard,90,48651039753,3,0.015,quotes/clickhouse-cloud/results_t2/matched/databricks_serverless_20260918/dashboard_active_matched_to_databricks.jsonl,accepted_ingestion_window
clickhouse,dashboard,90,48651039753,4,0.011,quotes/clickhouse-cloud/results_t2/matched/databricks_serverless_20260918/dashboard_active_matched_to_databricks.jsonl,accepted_ingestion_window
clickhouse,dashboard,91,49173608481,1,0.014,quotes/clickhouse-cloud/results_t2/matched/databricks_serverless_20260918/dashboard_active_matched_to_databricks.jsonl,accepted_ingestion_window
clickhouse,dashboard,91,49173608481,2,0.012,quotes/clickhouse-cloud/results_t2/matched/databricks_serverless_20260918/dashboard_active_matched_to_databricks.jsonl,accepted_ingestion_window
clickhouse,dashboard,91,49173608481,3,0.014,quotes/clickhouse-cloud/results_t2/matched/databricks_serverless_20260918/dashboard_active_matched_to_databricks.jsonl,accepted_ingestion_window
clickhouse,dashboard,91,49173608481,4,0.013,quotes/clickhouse-cloud/results_t2/matched/databricks_serverless_20260918/dashboard_active_matched_to_databricks.jsonl,accepted_ingestion_window
clickhouse,dashboard,92,49691385785,1,0.014,quotes/clickhouse-cloud/results_t2/matched/databricks_serverless_20260918/dashboard_active_matched_to_databricks.jsonl,accepted_ingestion_window
clickhouse,dashboard,92,49691385785,2,0.015,quotes/clickhouse-cloud/results_t2/matched/databricks_serverless_20260918/dashboard_active_matched_to_databricks.jsonl,accepted_ingestion_window
clickhouse,dashboard,92,49691385785,3,0.016,quotes/clickhouse-cloud/results_t2/matched/databricks_serverless_20260918/dashboard_active_matched_to_databricks.jsonl,accepted_ingestion_window
clickhouse,dashboard,92,49691385785,4,0.011,quotes/clickhouse-cloud/results_t2/matched/databricks_serverless_20260918/dashboard_active_matched_to_databricks.jsonl,accepted_ingestion_window
clickhouse,dashboard,93,50238320035,1,0.014,quotes/clickhouse-cloud/results_t2/matched/databricks_serverless_20260918/dashboard_active_matched_to_databricks.jsonl,accepted_ingestion_window
clickhouse,dashboard,93,50238320035,2,0.012,quotes/clickhouse-cloud/results_t2/matched/databricks_serverless_20260918/dashboard_active_matched_to_databricks.jsonl,accepted_ingestion_window
clickhouse,dashboard,93,50238320035,3,0.017,quotes/clickhouse-cloud/results_t2/matched/databricks_serverless_20260918/dashboard_active_matched_to_databricks.jsonl,accepted_ingestion_window
clickhouse,dashboard,93,50238320035,4,0.012,quotes/clickhouse-cloud/results_t2/matched/databricks_serverless_20260918/dashboard_active_matched_to_databricks.jsonl,accepted_ingestion_window
clickhouse,dashboard,94,50788829774,1,0.007,quotes/clickhouse-cloud/results_t2/matched/databricks_serverless_20260918/dashboard_active_matched_to_databricks.jsonl,accepted_ingestion_window
clickhouse,dashboard,94,50788829774,2,0.012,quotes/clickhouse-cloud/results_t2/matched/databricks_serverless_20260918/dashboard_active_matched_to_databricks.jsonl,accepted_ingestion_window
clickhouse,dashboard,94,50788829774,3,0.014,quotes/clickhouse-cloud/results_t2/matched/databricks_serverless_20260918/dashboard_active_matched_to_databricks.jsonl,accepted_ingestion_window
clickhouse,dashboard,94,50788829774,4,0.013,quotes/clickhouse-cloud/results_t2/matched/databricks_serverless_20260918/dashboard_active_matched_to_databricks.jsonl,accepted_ingestion_window
clickhouse,dashboard,96,51886771408,1,0.007,quotes/clickhouse-cloud/results_t2/matched/databricks_serverless_20260918/dashboard_active_matched_to_databricks.jsonl,accepted_ingestion_window
clickhouse,dashboard,96,51886771408,2,0.013,quotes/clickhouse-cloud/results_t2/matched/databricks_serverless_20260918/dashboard_active_matched_to_databricks.jsonl,accepted_ingestion_window
clickhouse,dashboard,96,51886771408,3,0.014,quotes/clickhouse-cloud/results_t2/matched/databricks_serverless_20260918/dashboard_active_matched_to_databricks.jsonl,accepted_ingestion_window
clickhouse,dashboard,96,51886771408,4,0.012,quotes/clickhouse-cloud/results_t2/matched/databricks_serverless_20260918/dashboard_active_matched_to_databricks.jsonl,accepted_ingestion_window
clickhouse,dashboard,97,52441318029,1,0.007,quotes/clickhouse-cloud/results_t2/matched/databricks_serverless_20260918/dashboard_active_matched_to_databricks.jsonl,accepted_ingestion_window
clickhouse,dashboard,97,52441318029,2,0.017,quotes/clickhouse-cloud/results_t2/matched/databricks_serverless_20260918/dashboard_active_matched_to_databricks.jsonl,accepted_ingestion_window
clickhouse,dashboard,97,52441318029,3,0.013,quotes/clickhouse-cloud/results_t2/matched/databricks_serverless_20260918/dashboard_active_matched_to_databricks.jsonl,accepted_ingestion_window
clickhouse,dashboard,97,52441318029,4,0.012,quotes/clickhouse-cloud/results_t2/matched/databricks_serverless_20260918/dashboard_active_matched_to_databricks.jsonl,accepted_ingestion_window
clickhouse,dashboard,98,52920335727,1,0.035,quotes/clickhouse-cloud/results_t2/matched/databricks_serverless_20260918/dashboard_active_matched_to_databricks.jsonl,accepted_ingestion_window
clickhouse,dashboard,98,52920335727,2,0.013,quotes/clickhouse-cloud/results_t2/matched/databricks_serverless_20260918/dashboard_active_matched_to_databricks.jsonl,accepted_ingestion_window
clickhouse,dashboard,98,52920335727,3,0.014,quotes/clickhouse-cloud/results_t2/matched/databricks_serverless_20260918/dashboard_active_matched_to_databricks.jsonl,accepted_ingestion_window
clickhouse,dashboard,98,52920335727,4,0.011,quotes/clickhouse-cloud/results_t2/matched/databricks_serverless_20260918/dashboard_active_matched_to_databricks.jsonl,accepted_ingestion_window
clickhouse,dashboard,99,53408601648,1,0.013,quotes/clickhouse-cloud/results_t2/matched/databricks_serverless_20260918/dashboard_active_matched_to_databricks.jsonl,accepted_ingestion_window
clickhouse,dashboard,99,53408601648,2,0.012,quotes/clickhouse-cloud/results_t2/matched/databricks_serverless_20260918/dashboard_active_matched_to_databricks.jsonl,accepted_ingestion_window
clickhouse,dashboard,99,53408601648,3,0.013,quotes/clickhouse-cloud/results_t2/matched/databricks_serverless_20260918/dashboard_active_matched_to_databricks.jsonl,accepted_ingestion_window
clickhouse,dashboard,99,53408601648,4,0.011,quotes/clickhouse-cloud/results_t2/matched/databricks_serverless_20260918/dashboard_active_matched_to_databricks.jsonl,accepted_ingestion_window
clickhouse,dashboard,100,53910086618,1,0.014,quotes/clickhouse-cloud/results_t2/matched/databricks_serverless_20260918/dashboard_active_matched_to_databricks.jsonl,accepted_ingestion_window
clickhouse,dashboard,100,53910086618,2,0.017,quotes/clickhouse-cloud/results_t2/matched/databricks_serverless_20260918/dashboard_active_matched_to_databricks.jsonl,accepted_ingestion_window
clickhouse,dashboard,100,53910086618,3,0.015,quotes/clickhouse-cloud/results_t2/matched/databricks_serverless_20260918/dashboard_active_matched_to_databricks.jsonl,accepted_ingestion_window
clickhouse,dashboard,100,53910086618,4,0.013,quotes/clickhouse-cloud/results_t2/matched/databricks_serverless_20260918/dashboard_active_matched_to_databricks.jsonl,accepted_ingestion_window
clickhouse,dashboard,101,54424699241,1,0.007,quotes/clickhouse-cloud/results_t2/matched/databricks_serverless_20260918/dashboard_active_matched_to_databricks.jsonl,accepted_ingestion_window
clickhouse,dashboard,101,54424699241,2,0.013,quotes/clickhouse-cloud/results_t2/matched/databricks_serverless_20260918/dashboard_active_matched_to_databricks.jsonl,accepted_ingestion_window
clickhouse,dashboard,101,54424699241,3,0.015,quotes/clickhouse-cloud/results_t2/matched/databricks_serverless_20260918/dashboard_active_matched_to_databricks.jsonl,accepted_ingestion_window
clickhouse,dashboard,101,54424699241,4,0.012,quotes/clickhouse-cloud/results_t2/matched/databricks_serverless_20260918/dashboard_active_matched_to_databricks.jsonl,accepted_ingestion_window
clickhouse,dashboard,103,55416633625,1,0.007,quotes/clickhouse-cloud/results_t2/matched/databricks_serverless_20260918/dashboard_active_matched_to_databricks.jsonl,accepted_ingestion_window
clickhouse,dashboard,103,55416633625,2,0.012,quotes/clickhouse-cloud/results_t2/matched/databricks_serverless_20260918/dashboard_active_matched_to_databricks.jsonl,accepted_ingestion_window
clickhouse,dashboard,103,55416633625,3,0.015,quotes/clickhouse-cloud/results_t2/matched/databricks_serverless_20260918/dashboard_active_matched_to_databricks.jsonl,accepted_ingestion_window
clickhouse,dashboard,103,55416633625,4,0.012,quotes/clickhouse-cloud/results_t2/matched/databricks_serverless_20260918/dashboard_active_matched_to_databricks.jsonl,accepted_ingestion_window
clickhouse,dashboard,104,55944840077,1,0.008,quotes/clickhouse-cloud/results_t2/matched/databricks_serverless_20260918/dashboard_active_matched_to_databricks.jsonl,accepted_ingestion_window
clickhouse,dashboard,104,55944840077,2,0.016,quotes/clickhouse-cloud/results_t2/matched/databricks_serverless_20260918/dashboard_active_matched_to_databricks.jsonl,accepted_ingestion_window
clickhouse,dashboard,104,55944840077,3,0.015,quotes/clickhouse-cloud/results_t2/matched/databricks_serverless_20260918/dashboard_active_matched_to_databricks.jsonl,accepted_ingestion_window
clickhouse,dashboard,104,55944840077,4,0.012,quotes/clickhouse-cloud/results_t2/matched/databricks_serverless_20260918/dashboard_active_matched_to_databricks.jsonl,accepted_ingestion_window
clickhouse,dashboard,105,56450202011,1,0.015,quotes/clickhouse-cloud/results_t2/matched/databricks_serverless_20260918/dashboard_active_matched_to_databricks.jsonl,accepted_ingestion_window
clickhouse,dashboard,105,56450202011,2,0.013,quotes/clickhouse-cloud/results_t2/matched/databricks_serverless_20260918/dashboard_active_matched_to_databricks.jsonl,accepted_ingestion_window
clickhouse,dashboard,105,56450202011,3,0.015,quotes/clickhouse-cloud/results_t2/matched/databricks_serverless_20260918/dashboard_active_matched_to_databricks.jsonl,accepted_ingestion_window
clickhouse,dashboard,105,56450202011,4,0.012,quotes/clickhouse-cloud/results_t2/matched/databricks_serverless_20260918/dashboard_active_matched_to_databricks.jsonl,accepted_ingestion_window
clickhouse,dashboard,106,56976658135,1,0.015,quotes/clickhouse-cloud/results_t2/matched/databricks_serverless_20260918/dashboard_active_matched_to_databricks.jsonl,accepted_ingestion_window
clickhouse,dashboard,106,56976658135,2,0.019,quotes/clickhouse-cloud/results_t2/matched/databricks_serverless_20260918/dashboard_active_matched_to_databricks.jsonl,accepted_ingestion_window
clickhouse,dashboard,106,56976658135,3,0.013,quotes/clickhouse-cloud/results_t2/matched/databricks_serverless_20260918/dashboard_active_matched_to_databricks.jsonl,accepted_ingestion_window
clickhouse,dashboard,106,56976658135,4,0.013,quotes/clickhouse-cloud/results_t2/matched/databricks_serverless_20260918/dashboard_active_matched_to_databricks.jsonl,accepted_ingestion_window
clickhouse,dashboard,107,57502590981,1,0.007,quotes/clickhouse-cloud/results_t2/matched/databricks_serverless_20260918/dashboard_active_matched_to_databricks.jsonl,accepted_ingestion_window
clickhouse,dashboard,107,57502590981,2,0.012,quotes/clickhouse-cloud/results_t2/matched/databricks_serverless_20260918/dashboard_active_matched_to_databricks.jsonl,accepted_ingestion_window
clickhouse,dashboard,107,57502590981,3,0.014,quotes/clickhouse-cloud/results_t2/matched/databricks_serverless_20260918/dashboard_active_matched_to_databricks.jsonl,accepted_ingestion_window
clickhouse,dashboard,107,57502590981,4,0.011,quotes/clickhouse-cloud/results_t2/matched/databricks_serverless_20260918/dashboard_active_matched_to_databricks.jsonl,accepted_ingestion_window
clickhouse,dashboard,108,58017492696,1,0.007,quotes/clickhouse-cloud/results_t2/matched/databricks_serverless_20260918/dashboard_active_matched_to_databricks.jsonl,accepted_ingestion_window
clickhouse,dashboard,108,58017492696,2,0.013,quotes/clickhouse-cloud/results_t2/matched/databricks_serverless_20260918/dashboard_active_matched_to_databricks.jsonl,accepted_ingestion_window
clickhouse,dashboard,108,58017492696,3,0.015,quotes/clickhouse-cloud/results_t2/matched/databricks_serverless_20260918/dashboard_active_matched_to_databricks.jsonl,accepted_ingestion_window
clickhouse,dashboard,108,58017492696,4,0.013,quotes/clickhouse-cloud/results_t2/matched/databricks_serverless_20260918/dashboard_active_matched_to_databricks.jsonl,accepted_ingestion_window
clickhouse,dashboard,110,59010783142,1,0.014,quotes/clickhouse-cloud/results_t2/matched/databricks_serverless_20260918/dashboard_active_matched_to_databricks.jsonl,accepted_ingestion_window
clickhouse,dashboard,110,59010783142,2,0.013,quotes/clickhouse-cloud/results_t2/matched/databricks_serverless_20260918/dashboard_active_matched_to_databricks.jsonl,accepted_ingestion_window
clickhouse,dashboard,110,59010783142,3,0.015,quotes/clickhouse-cloud/results_t2/matched/databricks_serverless_20260918/dashboard_active_matched_to_databricks.jsonl,accepted_ingestion_window
clickhouse,dashboard,110,59010783142,4,0.012,quotes/clickhouse-cloud/results_t2/matched/databricks_serverless_20260918/dashboard_active_matched_to_databricks.jsonl,accepted_ingestion_window
clickhouse,dashboard,111,59503489949,1,0.01,quotes/clickhouse-cloud/results_t2/matched/databricks_serverless_20260918/dashboard_active_matched_to_databricks.jsonl,accepted_ingestion_window
clickhouse,dashboard,111,59503489949,2,0.013,quotes/clickhouse-cloud/results_t2/matched/databricks_serverless_20260918/dashboard_active_matched_to_databricks.jsonl,accepted_ingestion_window
clickhouse,dashboard,111,59503489949,3,0.015,quotes/clickhouse-cloud/results_t2/matched/databricks_serverless_20260918/dashboard_active_matched_to_databricks.jsonl,accepted_ingestion_window
clickhouse,dashboard,111,59503489949,4,0.014,quotes/clickhouse-cloud/results_t2/matched/databricks_serverless_20260918/dashboard_active_matched_to_databricks.jsonl,accepted_ingestion_window
clickhouse,dashboard,112,59972983401,1,0.014,quotes/clickhouse-cloud/results_t2/matched/databricks_serverless_20260918/dashboard_active_matched_to_databricks.jsonl,accepted_ingestion_window
clickhouse,dashboard,112,59972983401,2,0.018,quotes/clickhouse-cloud/results_t2/matched/databricks_serverless_20260918/dashboard_active_matched_to_databricks.jsonl,accepted_ingestion_window
clickhouse,dashboard,112,59972983401,3,0.015,quotes/clickhouse-cloud/results_t2/matched/databricks_serverless_20260918/dashboard_active_matched_to_databricks.jsonl,accepted_ingestion_window
clickhouse,dashboard,112,59972983401,4,0.014,quotes/clickhouse-cloud/results_t2/matched/databricks_serverless_20260918/dashboard_active_matched_to_databricks.jsonl,accepted_ingestion_window
clickhouse,dashboard,113,60442237749,1,0.009,quotes/clickhouse-cloud/results_t2/matched/databricks_serverless_20260918/dashboard_active_matched_to_databricks.jsonl,accepted_ingestion_window
clickhouse,dashboard,113,60442237749,2,0.012,quotes/clickhouse-cloud/results_t2/matched/databricks_serverless_20260918/dashboard_active_matched_to_databricks.jsonl,accepted_ingestion_window
clickhouse,dashboard,113,60442237749,3,0.015,quotes/clickhouse-cloud/results_t2/matched/databricks_serverless_20260918/dashboard_active_matched_to_databricks.jsonl,accepted_ingestion_window
clickhouse,dashboard,113,60442237749,4,0.014,quotes/clickhouse-cloud/results_t2/matched/databricks_serverless_20260918/dashboard_active_matched_to_databricks.jsonl,accepted_ingestion_window
clickhouse,dashboard,115,61370139665,1,0.014,quotes/clickhouse-cloud/results_t2/matched/databricks_serverless_20260918/dashboard_active_matched_to_databricks.jsonl,accepted_ingestion_window
clickhouse,dashboard,115,61370139665,2,0.012,quotes/clickhouse-cloud/results_t2/matched/databricks_serverless_20260918/dashboard_active_matched_to_databricks.jsonl,accepted_ingestion_window
clickhouse,dashboard,115,61370139665,3,0.015,quotes/clickhouse-cloud/results_t2/matched/databricks_serverless_20260918/dashboard_active_matched_to_databricks.jsonl,accepted_ingestion_window
clickhouse,dashboard,115,61370139665,4,0.012,quotes/clickhouse-cloud/results_t2/matched/databricks_serverless_20260918/dashboard_active_matched_to_databricks.jsonl,accepted_ingestion_window
clickhouse,dashboard,116,61872097967,1,0.013,quotes/clickhouse-cloud/results_t2/matched/databricks_serverless_20260918/dashboard_active_matched_to_databricks.jsonl,accepted_ingestion_window
clickhouse,dashboard,116,61872097967,2,0.013,quotes/clickhouse-cloud/results_t2/matched/databricks_serverless_20260918/dashboard_active_matched_to_databricks.jsonl,accepted_ingestion_window
clickhouse,dashboard,116,61872097967,3,0.015,quotes/clickhouse-cloud/results_t2/matched/databricks_serverless_20260918/dashboard_active_matched_to_databricks.jsonl,accepted_ingestion_window
clickhouse,dashboard,116,61872097967,4,0.013,quotes/clickhouse-cloud/results_t2/matched/databricks_serverless_20260918/dashboard_active_matched_to_databricks.jsonl,accepted_ingestion_window
clickhouse,dashboard,117,62362523974,1,0.015,quotes/clickhouse-cloud/results_t2/matched/databricks_serverless_20260918/dashboard_active_matched_to_databricks.jsonl,accepted_ingestion_window
clickhouse,dashboard,117,62362523974,2,0.013,quotes/clickhouse-cloud/results_t2/matched/databricks_serverless_20260918/dashboard_active_matched_to_databricks.jsonl,accepted_ingestion_window
clickhouse,dashboard,117,62362523974,3,0.017,quotes/clickhouse-cloud/results_t2/matched/databricks_serverless_20260918/dashboard_active_matched_to_databricks.jsonl,accepted_ingestion_window
clickhouse,dashboard,117,62362523974,4,0.013,quotes/clickhouse-cloud/results_t2/matched/databricks_serverless_20260918/dashboard_active_matched_to_databricks.jsonl,accepted_ingestion_window
clickhouse,dashboard,118,62852767644,1,0.015,quotes/clickhouse-cloud/results_t2/matched/databricks_serverless_20260918/dashboard_active_matched_to_databricks.jsonl,accepted_ingestion_window
clickhouse,dashboard,118,62852767644,2,0.014,quotes/clickhouse-cloud/results_t2/matched/databricks_serverless_20260918/dashboard_active_matched_to_databricks.jsonl,accepted_ingestion_window
clickhouse,dashboard,118,62852767644,3,0.015,quotes/clickhouse-cloud/results_t2/matched/databricks_serverless_20260918/dashboard_active_matched_to_databricks.jsonl,accepted_ingestion_window
clickhouse,dashboard,118,62852767644,4,0.012,quotes/clickhouse-cloud/results_t2/matched/databricks_serverless_20260918/dashboard_active_matched_to_databricks.jsonl,accepted_ingestion_window
clickhouse,dashboard,120,63813706871,1,0.014,quotes/clickhouse-cloud/results_t2/matched/databricks_serverless_20260918/dashboard_active_matched_to_databricks.jsonl,accepted_ingestion_window
clickhouse,dashboard,120,63813706871,2,0.016,quotes/clickhouse-cloud/results_t2/matched/databricks_serverless_20260918/dashboard_active_matched_to_databricks.jsonl,accepted_ingestion_window
clickhouse,dashboard,120,63813706871,3,0.017,quotes/clickhouse-cloud/results_t2/matched/databricks_serverless_20260918/dashboard_active_matched_to_databricks.jsonl,accepted_ingestion_window
clickhouse,dashboard,120,63813706871,4,0.013,quotes/clickhouse-cloud/results_t2/matched/databricks_serverless_20260918/dashboard_active_matched_to_databricks.jsonl,accepted_ingestion_window
clickhouse,dashboard,121,64297816643,1,0.014,quotes/clickhouse-cloud/results_t2/matched/databricks_serverless_20260918/dashboard_active_matched_to_databricks.jsonl,accepted_ingestion_window
clickhouse,dashboard,121,64297816643,2,0.043,quotes/clickhouse-cloud/results_t2/matched/databricks_serverless_20260918/dashboard_active_matched_to_databricks.jsonl,accepted_ingestion_window
clickhouse,dashboard,121,64297816643,3,0.021,quotes/clickhouse-cloud/results_t2/matched/databricks_serverless_20260918/dashboard_active_matched_to_databricks.jsonl,accepted_ingestion_window
clickhouse,dashboard,121,64297816643,4,0.025,quotes/clickhouse-cloud/results_t2/matched/databricks_serverless_20260918/dashboard_active_matched_to_databricks.jsonl,accepted_ingestion_window
clickhouse,dashboard,122,64830505943,1,0.007,quotes/clickhouse-cloud/results_t2/matched/databricks_serverless_20260918/dashboard_active_matched_to_databricks.jsonl,accepted_ingestion_window
clickhouse,dashboard,122,64830505943,2,0.013,quotes/clickhouse-cloud/results_t2/matched/databricks_serverless_20260918/dashboard_active_matched_to_databricks.jsonl,accepted_ingestion_window
clickhouse,dashboard,122,64830505943,3,0.014,quotes/clickhouse-cloud/results_t2/matched/databricks_serverless_20260918/dashboard_active_matched_to_databricks.jsonl,accepted_ingestion_window
clickhouse,dashboard,122,64830505943,4,0.013,quotes/clickhouse-cloud/results_t2/matched/databricks_serverless_20260918/dashboard_active_matched_to_databricks.jsonl,accepted_ingestion_window
clickhouse,dashboard,123,65325007686,1,0.006,quotes/clickhouse-cloud/results_t2/matched/databricks_serverless_20260918/dashboard_active_matched_to_databricks.jsonl,accepted_ingestion_window
clickhouse,dashboard,123,65325007686,2,0.012,quotes/clickhouse-cloud/results_t2/matched/databricks_serverless_20260918/dashboard_active_matched_to_databricks.jsonl,accepted_ingestion_window
clickhouse,dashboard,123,65325007686,3,0.013,quotes/clickhouse-cloud/results_t2/matched/databricks_serverless_20260918/dashboard_active_matched_to_databricks.jsonl,accepted_ingestion_window
clickhouse,dashboard,123,65325007686,4,0.012,quotes/clickhouse-cloud/results_t2/matched/databricks_serverless_20260918/dashboard_active_matched_to_databricks.jsonl,accepted_ingestion_window
clickhouse,dashboard,124,65803792964,1,0.007,quotes/clickhouse-cloud/results_t2/matched/databricks_serverless_20260918/dashboard_active_matched_to_databricks.jsonl,accepted_ingestion_window
clickhouse,dashboard,124,65803792964,2,0.012,quotes/clickhouse-cloud/results_t2/matched/databricks_serverless_20260918/dashboard_active_matched_to_databricks.jsonl,accepted_ingestion_window
clickhouse,dashboard,124,65803792964,3,0.013,quotes/clickhouse-cloud/results_t2/matched/databricks_serverless_20260918/dashboard_active_matched_to_databricks.jsonl,accepted_ingestion_window
clickhouse,dashboard,124,65803792964,4,0.013,quotes/clickhouse-cloud/results_t2/matched/databricks_serverless_20260918/dashboard_active_matched_to_databricks.jsonl,accepted_ingestion_window
clickhouse,dashboard,126,66813762801,1,0.007,quotes/clickhouse-cloud/results_t2/matched/databricks_serverless_20260918/dashboard_active_matched_to_databricks.jsonl,accepted_ingestion_window
clickhouse,dashboard,126,66813762801,2,0.016,quotes/clickhouse-cloud/results_t2/matched/databricks_serverless_20260918/dashboard_active_matched_to_databricks.jsonl,accepted_ingestion_window
clickhouse,dashboard,126,66813762801,3,0.015,quotes/clickhouse-cloud/results_t2/matched/databricks_serverless_20260918/dashboard_active_matched_to_databricks.jsonl,accepted_ingestion_window
clickhouse,dashboard,126,66813762801,4,0.012,quotes/clickhouse-cloud/results_t2/matched/databricks_serverless_20260918/dashboard_active_matched_to_databricks.jsonl,accepted_ingestion_window
clickhouse,dashboard,127,67293866994,1,0.013,quotes/clickhouse-cloud/results_t2/matched/databricks_serverless_20260918/dashboard_active_matched_to_databricks.jsonl,accepted_ingestion_window
clickhouse,dashboard,127,67293866994,2,0.012,quotes/clickhouse-cloud/results_t2/matched/databricks_serverless_20260918/dashboard_active_matched_to_databricks.jsonl,accepted_ingestion_window
clickhouse,dashboard,127,67293866994,3,0.013,quotes/clickhouse-cloud/results_t2/matched/databricks_serverless_20260918/dashboard_active_matched_to_databricks.jsonl,accepted_ingestion_window
clickhouse,dashboard,127,67293866994,4,0.013,quotes/clickhouse-cloud/results_t2/matched/databricks_serverless_20260918/dashboard_active_matched_to_databricks.jsonl,accepted_ingestion_window
clickhouse,dashboard,128,67748504407,1,0.015,quotes/clickhouse-cloud/results_t2/matched/databricks_serverless_20260918/dashboard_active_matched_to_databricks.jsonl,accepted_ingestion_window
clickhouse,dashboard,128,67748504407,2,0.012,quotes/clickhouse-cloud/results_t2/matched/databricks_serverless_20260918/dashboard_active_matched_to_databricks.jsonl,accepted_ingestion_window
clickhouse,dashboard,128,67748504407,3,0.013,quotes/clickhouse-cloud/results_t2/matched/databricks_serverless_20260918/dashboard_active_matched_to_databricks.jsonl,accepted_ingestion_window
clickhouse,dashboard,128,67748504407,4,0.012,quotes/clickhouse-cloud/results_t2/matched/databricks_serverless_20260918/dashboard_active_matched_to_databricks.jsonl,accepted_ingestion_window
clickhouse,dashboard,130,68684069442,1,0.01,quotes/clickhouse-cloud/results_t2/matched/databricks_serverless_20260918/dashboard_active_matched_to_databricks.jsonl,accepted_ingestion_window
clickhouse,dashboard,130,68684069442,2,0.013,quotes/clickhouse-cloud/results_t2/matched/databricks_serverless_20260918/dashboard_active_matched_to_databricks.jsonl,accepted_ingestion_window
clickhouse,dashboard,130,68684069442,3,0.013,quotes/clickhouse-cloud/results_t2/matched/databricks_serverless_20260918/dashboard_active_matched_to_databricks.jsonl,accepted_ingestion_window
clickhouse,dashboard,130,68684069442,4,0.018,quotes/clickhouse-cloud/results_t2/matched/databricks_serverless_20260918/dashboard_active_matched_to_databricks.jsonl,accepted_ingestion_window
clickhouse,dashboard,131,69181831398,1,0.008,quotes/clickhouse-cloud/results_t2/matched/databricks_serverless_20260918/dashboard_active_matched_to_databricks.jsonl,accepted_ingestion_window
clickhouse,dashboard,131,69181831398,2,0.017,quotes/clickhouse-cloud/results_t2/matched/databricks_serverless_20260918/dashboard_active_matched_to_databricks.jsonl,accepted_ingestion_window
clickhouse,dashboard,131,69181831398,3,0.015,quotes/clickhouse-cloud/results_t2/matched/databricks_serverless_20260918/dashboard_active_matched_to_databricks.jsonl,accepted_ingestion_window
clickhouse,dashboard,131,69181831398,4,0.013,quotes/clickhouse-cloud/results_t2/matched/databricks_serverless_20260918/dashboard_active_matched_to_databricks.jsonl,accepted_ingestion_window
clickhouse,dashboard,132,69676432303,1,0.014,quotes/clickhouse-cloud/results_t2/matched/databricks_serverless_20260918/dashboard_active_matched_to_databricks.jsonl,accepted_ingestion_window
clickhouse,dashboard,132,69676432303,2,0.016,quotes/clickhouse-cloud/results_t2/matched/databricks_serverless_20260918/dashboard_active_matched_to_databricks.jsonl,accepted_ingestion_window
clickhouse,dashboard,132,69676432303,3,0.015,quotes/clickhouse-cloud/results_t2/matched/databricks_serverless_20260918/dashboard_active_matched_to_databricks.jsonl,accepted_ingestion_window
clickhouse,dashboard,132,69676432303,4,0.013,quotes/clickhouse-cloud/results_t2/matched/databricks_serverless_20260918/dashboard_active_matched_to_databricks.jsonl,accepted_ingestion_window
clickhouse,dashboard,133,70168596073,1,0.007,quotes/clickhouse-cloud/results_t2/matched/databricks_serverless_20260918/dashboard_active_matched_to_databricks.jsonl,accepted_ingestion_window
clickhouse,dashboard,133,70168596073,2,0.013,quotes/clickhouse-cloud/results_t2/matched/databricks_serverless_20260918/dashboard_active_matched_to_databricks.jsonl,accepted_ingestion_window
clickhouse,dashboard,133,70168596073,3,0.014,quotes/clickhouse-cloud/results_t2/matched/databricks_serverless_20260918/dashboard_active_matched_to_databricks.jsonl,accepted_ingestion_window
clickhouse,dashboard,133,70168596073,4,0.013,quotes/clickhouse-cloud/results_t2/matched/databricks_serverless_20260918/dashboard_active_matched_to_databricks.jsonl,accepted_ingestion_window
clickhouse,dashboard,134,70659299166,1,0.007,quotes/clickhouse-cloud/results_t2/matched/databricks_serverless_20260918/dashboard_active_matched_to_databricks.jsonl,accepted_ingestion_window
clickhouse,dashboard,134,70659299166,2,0.013,quotes/clickhouse-cloud/results_t2/matched/databricks_serverless_20260918/dashboard_active_matched_to_databricks.jsonl,accepted_ingestion_window
clickhouse,dashboard,134,70659299166,3,0.014,quotes/clickhouse-cloud/results_t2/matched/databricks_serverless_20260918/dashboard_active_matched_to_databricks.jsonl,accepted_ingestion_window
clickhouse,dashboard,134,70659299166,4,0.013,quotes/clickhouse-cloud/results_t2/matched/databricks_serverless_20260918/dashboard_active_matched_to_databricks.jsonl,accepted_ingestion_window
clickhouse,dashboard,136,71624709770,1,0.007,quotes/clickhouse-cloud/results_t2/matched/databricks_serverless_20260918/dashboard_active_matched_to_databricks.jsonl,accepted_ingestion_window
clickhouse,dashboard,136,71624709770,2,0.012,quotes/clickhouse-cloud/results_t2/matched/databricks_serverless_20260918/dashboard_active_matched_to_databricks.jsonl,accepted_ingestion_window
clickhouse,dashboard,136,71624709770,3,0.015,quotes/clickhouse-cloud/results_t2/matched/databricks_serverless_20260918/dashboard_active_matched_to_databricks.jsonl,accepted_ingestion_window
clickhouse,dashboard,136,71624709770,4,0.015,quotes/clickhouse-cloud/results_t2/matched/databricks_serverless_20260918/dashboard_active_matched_to_databricks.jsonl,accepted_ingestion_window
clickhouse,dashboard,137,72091825703,1,0.015,quotes/clickhouse-cloud/results_t2/matched/databricks_serverless_20260918/dashboard_active_matched_to_databricks.jsonl,accepted_ingestion_window
clickhouse,dashboard,137,72091825703,2,0.017,quotes/clickhouse-cloud/results_t2/matched/databricks_serverless_20260918/dashboard_active_matched_to_databricks.jsonl,accepted_ingestion_window
clickhouse,dashboard,137,72091825703,3,0.015,quotes/clickhouse-cloud/results_t2/matched/databricks_serverless_20260918/dashboard_active_matched_to_databricks.jsonl,accepted_ingestion_window
clickhouse,dashboard,137,72091825703,4,0.013,quotes/clickhouse-cloud/results_t2/matched/databricks_serverless_20260918/dashboard_active_matched_to_databricks.jsonl,accepted_ingestion_window
clickhouse,dashboard,138,72547878251,1,0.007,quotes/clickhouse-cloud/results_t2/matched/databricks_serverless_20260918/dashboard_active_matched_to_databricks.jsonl,accepted_ingestion_window
clickhouse,dashboard,138,72547878251,2,0.017,quotes/clickhouse-cloud/results_t2/matched/databricks_serverless_20260918/dashboard_active_matched_to_databricks.jsonl,accepted_ingestion_window
clickhouse,dashboard,138,72547878251,3,0.017,quotes/clickhouse-cloud/results_t2/matched/databricks_serverless_20260918/dashboard_active_matched_to_databricks.jsonl,accepted_ingestion_window
clickhouse,dashboard,138,72547878251,4,0.013,quotes/clickhouse-cloud/results_t2/matched/databricks_serverless_20260918/dashboard_active_matched_to_databricks.jsonl,accepted_ingestion_window
clickhouse,dashboard,140,73476437585,1,0.007,quotes/clickhouse-cloud/results_t2/matched/databricks_serverless_20260918/dashboard_active_matched_to_databricks.jsonl,accepted_ingestion_window
clickhouse,dashboard,140,73476437585,2,0.012,quotes/clickhouse-cloud/results_t2/matched/databricks_serverless_20260918/dashboard_active_matched_to_databricks.jsonl,accepted_ingestion_window
clickhouse,dashboard,140,73476437585,3,0.014,quotes/clickhouse-cloud/results_t2/matched/databricks_serverless_20260918/dashboard_active_matched_to_databricks.jsonl,accepted_ingestion_window
clickhouse,dashboard,140,73476437585,4,0.014,quotes/clickhouse-cloud/results_t2/matched/databricks_serverless_20260918/dashboard_active_matched_to_databricks.jsonl,accepted_ingestion_window
clickhouse,dashboard,141,73987325693,1,0.008,quotes/clickhouse-cloud/results_t2/matched/databricks_serverless_20260918/dashboard_active_matched_to_databricks.jsonl,accepted_ingestion_window
clickhouse,dashboard,141,73987325693,2,0.012,quotes/clickhouse-cloud/results_t2/matched/databricks_serverless_20260918/dashboard_active_matched_to_databricks.jsonl,accepted_ingestion_window
clickhouse,dashboard,141,73987325693,3,0.014,quotes/clickhouse-cloud/results_t2/matched/databricks_serverless_20260918/dashboard_active_matched_to_databricks.jsonl,accepted_ingestion_window
clickhouse,dashboard,141,73987325693,4,0.013,quotes/clickhouse-cloud/results_t2/matched/databricks_serverless_20260918/dashboard_active_matched_to_databricks.jsonl,accepted_ingestion_window
clickhouse,dashboard,142,74486757162,1,0.013,quotes/clickhouse-cloud/results_t2/matched/databricks_serverless_20260918/dashboard_active_matched_to_databricks.jsonl,accepted_ingestion_window
clickhouse,dashboard,142,74486757162,2,0.012,quotes/clickhouse-cloud/results_t2/matched/databricks_serverless_20260918/dashboard_active_matched_to_databricks.jsonl,accepted_ingestion_window
clickhouse,dashboard,142,74486757162,3,0.015,quotes/clickhouse-cloud/results_t2/matched/databricks_serverless_20260918/dashboard_active_matched_to_databricks.jsonl,accepted_ingestion_window
clickhouse,dashboard,142,74486757162,4,0.013,quotes/clickhouse-cloud/results_t2/matched/databricks_serverless_20260918/dashboard_active_matched_to_databricks.jsonl,accepted_ingestion_window
clickhouse,dashboard,143,74995355831,1,0.015,quotes/clickhouse-cloud/results_t2/matched/databricks_serverless_20260918/dashboard_active_matched_to_databricks.jsonl,accepted_ingestion_window
clickhouse,dashboard,143,74995355831,2,0.013,quotes/clickhouse-cloud/results_t2/matched/databricks_serverless_20260918/dashboard_active_matched_to_databricks.jsonl,accepted_ingestion_window
clickhouse,dashboard,143,74995355831,3,0.014,quotes/clickhouse-cloud/results_t2/matched/databricks_serverless_20260918/dashboard_active_matched_to_databricks.jsonl,accepted_ingestion_window
clickhouse,dashboard,143,74995355831,4,0.014,quotes/clickhouse-cloud/results_t2/matched/databricks_serverless_20260918/dashboard_active_matched_to_databricks.jsonl,accepted_ingestion_window
clickhouse,dashboard,144,75466940903,1,0.008,quotes/clickhouse-cloud/results_t2/matched/databricks_serverless_20260918/dashboard_active_matched_to_databricks.jsonl,accepted_ingestion_window
clickhouse,dashboard,144,75466940903,2,0.013,quotes/clickhouse-cloud/results_t2/matched/databricks_serverless_20260918/dashboard_active_matched_to_databricks.jsonl,accepted_ingestion_window
clickhouse,dashboard,144,75466940903,3,0.016,quotes/clickhouse-cloud/results_t2/matched/databricks_serverless_20260918/dashboard_active_matched_to_databricks.jsonl,accepted_ingestion_window
clickhouse,dashboard,144,75466940903,4,0.012,quotes/clickhouse-cloud/results_t2/matched/databricks_serverless_20260918/dashboard_active_matched_to_databricks.jsonl,accepted_ingestion_window
clickhouse,dashboard,146,76430868234,1,0.007,quotes/clickhouse-cloud/results_t2/matched/databricks_serverless_20260918/dashboard_active_matched_to_databricks.jsonl,accepted_ingestion_window
clickhouse,dashboard,146,76430868234,2,0.012,quotes/clickhouse-cloud/results_t2/matched/databricks_serverless_20260918/dashboard_active_matched_to_databricks.jsonl,accepted_ingestion_window
clickhouse,dashboard,146,76430868234,3,0.016,quotes/clickhouse-cloud/results_t2/matched/databricks_serverless_20260918/dashboard_active_matched_to_databricks.jsonl,accepted_ingestion_window
clickhouse,dashboard,146,76430868234,4,0.014,quotes/clickhouse-cloud/results_t2/matched/databricks_serverless_20260918/dashboard_active_matched_to_databricks.jsonl,accepted_ingestion_window
clickhouse,dashboard,147,76885010641,1,0.008,quotes/clickhouse-cloud/results_t2/matched/databricks_serverless_20260918/dashboard_active_matched_to_databricks.jsonl,accepted_ingestion_window
clickhouse,dashboard,147,76885010641,2,0.013,quotes/clickhouse-cloud/results_t2/matched/databricks_serverless_20260918/dashboard_active_matched_to_databricks.jsonl,accepted_ingestion_window
clickhouse,dashboard,147,76885010641,3,0.016,quotes/clickhouse-cloud/results_t2/matched/databricks_serverless_20260918/dashboard_active_matched_to_databricks.jsonl,accepted_ingestion_window
clickhouse,dashboard,147,76885010641,4,0.013,quotes/clickhouse-cloud/results_t2/matched/databricks_serverless_20260918/dashboard_active_matched_to_databricks.jsonl,accepted_ingestion_window
clickhouse,dashboard,148,77350951993,1,0.008,quotes/clickhouse-cloud/results_t2/matched/databricks_serverless_20260918/dashboard_active_matched_to_databricks.jsonl,accepted_ingestion_window
clickhouse,dashboard,148,77350951993,2,0.011,quotes/clickhouse-cloud/results_t2/matched/databricks_serverless_20260918/dashboard_active_matched_to_databricks.jsonl,accepted_ingestion_window
clickhouse,dashboard,148,77350951993,3,0.014,quotes/clickhouse-cloud/results_t2/matched/databricks_serverless_20260918/dashboard_active_matched_to_databricks.jsonl,accepted_ingestion_window
clickhouse,dashboard,148,77350951993,4,0.014,quotes/clickhouse-cloud/results_t2/matched/databricks_serverless_20260918/dashboard_active_matched_to_databricks.jsonl,accepted_ingestion_window
clickhouse,dashboard,149,77850423857,1,0.007,quotes/clickhouse-cloud/results_t2/matched/databricks_serverless_20260918/dashboard_active_matched_to_databricks.jsonl,accepted_ingestion_window
clickhouse,dashboard,149,77850423857,2,0.012,quotes/clickhouse-cloud/results_t2/matched/databricks_serverless_20260918/dashboard_active_matched_to_databricks.jsonl,accepted_ingestion_window
clickhouse,dashboard,149,77850423857,3,0.014,quotes/clickhouse-cloud/results_t2/matched/databricks_serverless_20260918/dashboard_active_matched_to_databricks.jsonl,accepted_ingestion_window
clickhouse,dashboard,149,77850423857,4,0.013,quotes/clickhouse-cloud/results_t2/matched/databricks_serverless_20260918/dashboard_active_matched_to_databricks.jsonl,accepted_ingestion_window
clickhouse,dashboard,151,78743691693,1,0.009,quotes/clickhouse-cloud/results_t2/matched/databricks_serverless_20260918/dashboard_active_matched_to_databricks.jsonl,accepted_ingestion_window
clickhouse,dashboard,151,78743691693,2,0.012,quotes/clickhouse-cloud/results_t2/matched/databricks_serverless_20260918/dashboard_active_matched_to_databricks.jsonl,accepted_ingestion_window
clickhouse,dashboard,151,78743691693,3,0.015,quotes/clickhouse-cloud/results_t2/matched/databricks_serverless_20260918/dashboard_active_matched_to_databricks.jsonl,accepted_ingestion_window
clickhouse,dashboard,151,78743691693,4,0.013,quotes/clickhouse-cloud/results_t2/matched/databricks_serverless_20260918/dashboard_active_matched_to_databricks.jsonl,accepted_ingestion_window
clickhouse,dashboard,152,79106273696,1,0.013,quotes/clickhouse-cloud/results_t2/matched/databricks_serverless_20260918/dashboard_active_matched_to_databricks.jsonl,accepted_ingestion_window
clickhouse,dashboard,152,79106273696,2,0.012,quotes/clickhouse-cloud/results_t2/matched/databricks_serverless_20260918/dashboard_active_matched_to_databricks.jsonl,accepted_ingestion_window
clickhouse,dashboard,152,79106273696,3,0.016,quotes/clickhouse-cloud/results_t2/matched/databricks_serverless_20260918/dashboard_active_matched_to_databricks.jsonl,accepted_ingestion_window
clickhouse,dashboard,152,79106273696,4,0.013,quotes/clickhouse-cloud/results_t2/matched/databricks_serverless_20260918/dashboard_active_matched_to_databricks.jsonl,accepted_ingestion_window
clickhouse,dashboard,154,80034599414,1,0.015,quotes/clickhouse-cloud/results_t2/matched/databricks_serverless_20260918/dashboard_active_matched_to_databricks.jsonl,accepted_ingestion_window
clickhouse,dashboard,154,80034599414,2,0.013,quotes/clickhouse-cloud/results_t2/matched/databricks_serverless_20260918/dashboard_active_matched_to_databricks.jsonl,accepted_ingestion_window
clickhouse,dashboard,154,80034599414,3,0.015,quotes/clickhouse-cloud/results_t2/matched/databricks_serverless_20260918/dashboard_active_matched_to_databricks.jsonl,accepted_ingestion_window
clickhouse,dashboard,154,80034599414,4,0.013,quotes/clickhouse-cloud/results_t2/matched/databricks_serverless_20260918/dashboard_active_matched_to_databricks.jsonl,accepted_ingestion_window
clickhouse,dashboard,155,80503603294,1,0.009,quotes/clickhouse-cloud/results_t2/matched/databricks_serverless_20260918/dashboard_active_matched_to_databricks.jsonl,accepted_ingestion_window
clickhouse,dashboard,155,80503603294,2,0.013,quotes/clickhouse-cloud/results_t2/matched/databricks_serverless_20260918/dashboard_active_matched_to_databricks.jsonl,accepted_ingestion_window
clickhouse,dashboard,155,80503603294,3,0.016,quotes/clickhouse-cloud/results_t2/matched/databricks_serverless_20260918/dashboard_active_matched_to_databricks.jsonl,accepted_ingestion_window
clickhouse,dashboard,155,80503603294,4,0.013,quotes/clickhouse-cloud/results_t2/matched/databricks_serverless_20260918/dashboard_active_matched_to_databricks.jsonl,accepted_ingestion_window
clickhouse,dashboard,156,80949316423,1,0.014,quotes/clickhouse-cloud/results_t2/matched/databricks_serverless_20260918/dashboard_active_matched_to_databricks.jsonl,accepted_ingestion_window
clickhouse,dashboard,156,80949316423,2,0.014,quotes/clickhouse-cloud/results_t2/matched/databricks_serverless_20260918/dashboard_active_matched_to_databricks.jsonl,accepted_ingestion_window
clickhouse,dashboard,156,80949316423,3,0.015,quotes/clickhouse-cloud/results_t2/matched/databricks_serverless_20260918/dashboard_active_matched_to_databricks.jsonl,accepted_ingestion_window
clickhouse,dashboard,156,80949316423,4,0.014,quotes/clickhouse-cloud/results_t2/matched/databricks_serverless_20260918/dashboard_active_matched_to_databricks.jsonl,accepted_ingestion_window
clickhouse,dashboard,158,81786894322,1,0.014,quotes/clickhouse-cloud/results_t2/matched/databricks_serverless_20260918/dashboard_active_matched_to_databricks.jsonl,accepted_ingestion_window
clickhouse,dashboard,158,81786894322,2,0.017,quotes/clickhouse-cloud/results_t2/matched/databricks_serverless_20260918/dashboard_active_matched_to_databricks.jsonl,accepted_ingestion_window
clickhouse,dashboard,158,81786894322,3,0.015,quotes/clickhouse-cloud/results_t2/matched/databricks_serverless_20260918/dashboard_active_matched_to_databricks.jsonl,accepted_ingestion_window
clickhouse,dashboard,158,81786894322,4,0.014,quotes/clickhouse-cloud/results_t2/matched/databricks_serverless_20260918/dashboard_active_matched_to_databricks.jsonl,accepted_ingestion_window
clickhouse,dashboard,159,82193904360,1,0.007,quotes/clickhouse-cloud/results_t2/matched/databricks_serverless_20260918/dashboard_active_matched_to_databricks.jsonl,accepted_ingestion_window
clickhouse,dashboard,159,82193904360,2,0.012,quotes/clickhouse-cloud/results_t2/matched/databricks_serverless_20260918/dashboard_active_matched_to_databricks.jsonl,accepted_ingestion_window
clickhouse,dashboard,159,82193904360,3,0.016,quotes/clickhouse-cloud/results_t2/matched/databricks_serverless_20260918/dashboard_active_matched_to_databricks.jsonl,accepted_ingestion_window
clickhouse,dashboard,159,82193904360,4,0.015,quotes/clickhouse-cloud/results_t2/matched/databricks_serverless_20260918/dashboard_active_matched_to_databricks.jsonl,accepted_ingestion_window
clickhouse,dashboard,161,83038964951,1,0.01,quotes/clickhouse-cloud/results_t2/matched/databricks_serverless_20260918/dashboard_active_matched_to_databricks.jsonl,accepted_ingestion_window
clickhouse,dashboard,161,83038964951,2,0.019,quotes/clickhouse-cloud/results_t2/matched/databricks_serverless_20260918/dashboard_active_matched_to_databricks.jsonl,accepted_ingestion_window
clickhouse,dashboard,161,83038964951,3,0.016,quotes/clickhouse-cloud/results_t2/matched/databricks_serverless_20260918/dashboard_active_matched_to_databricks.jsonl,accepted_ingestion_window
clickhouse,dashboard,161,83038964951,4,0.014,quotes/clickhouse-cloud/results_t2/matched/databricks_serverless_20260918/dashboard_active_matched_to_databricks.jsonl,accepted_ingestion_window
clickhouse,dashboard,162,83491097777,1,0.015,quotes/clickhouse-cloud/results_t2/matched/databricks_serverless_20260918/dashboard_active_matched_to_databricks.jsonl,accepted_ingestion_window
clickhouse,dashboard,162,83491097777,2,0.018,quotes/clickhouse-cloud/results_t2/matched/databricks_serverless_20260918/dashboard_active_matched_to_databricks.jsonl,accepted_ingestion_window
clickhouse,dashboard,162,83491097777,3,0.016,quotes/clickhouse-cloud/results_t2/matched/databricks_serverless_20260918/dashboard_active_matched_to_databricks.jsonl,accepted_ingestion_window
clickhouse,dashboard,162,83491097777,4,0.013,quotes/clickhouse-cloud/results_t2/matched/databricks_serverless_20260918/dashboard_active_matched_to_databricks.jsonl,accepted_ingestion_window
clickhouse,dashboard,163,83949333223,1,0.014,quotes/clickhouse-cloud/results_t2/matched/databricks_serverless_20260918/dashboard_active_matched_to_databricks.jsonl,accepted_ingestion_window
clickhouse,dashboard,163,83949333223,2,0.019,quotes/clickhouse-cloud/results_t2/matched/databricks_serverless_20260918/dashboard_active_matched_to_databricks.jsonl,accepted_ingestion_window
clickhouse,dashboard,163,83949333223,3,0.017,quotes/clickhouse-cloud/results_t2/matched/databricks_serverless_20260918/dashboard_active_matched_to_databricks.jsonl,accepted_ingestion_window
clickhouse,dashboard,163,83949333223,4,0.016,quotes/clickhouse-cloud/results_t2/matched/databricks_serverless_20260918/dashboard_active_matched_to_databricks.jsonl,accepted_ingestion_window
clickhouse,dashboard,164,84454230067,1,0.007,quotes/clickhouse-cloud/results_t2/matched/databricks_serverless_20260918/dashboard_active_matched_to_databricks.jsonl,accepted_ingestion_window
clickhouse,dashboard,164,84454230067,2,0.013,quotes/clickhouse-cloud/results_t2/matched/databricks_serverless_20260918/dashboard_active_matched_to_databricks.jsonl,accepted_ingestion_window
clickhouse,dashboard,164,84454230067,3,0.016,quotes/clickhouse-cloud/results_t2/matched/databricks_serverless_20260918/dashboard_active_matched_to_databricks.jsonl,accepted_ingestion_window
clickhouse,dashboard,164,84454230067,4,0.015,quotes/clickhouse-cloud/results_t2/matched/databricks_serverless_20260918/dashboard_active_matched_to_databricks.jsonl,accepted_ingestion_window
clickhouse,dashboard,166,85486320046,1,0.007,quotes/clickhouse-cloud/results_t2/matched/databricks_serverless_20260918/dashboard_active_matched_to_databricks.jsonl,accepted_ingestion_window
clickhouse,dashboard,166,85486320046,2,0.014,quotes/clickhouse-cloud/results_t2/matched/databricks_serverless_20260918/dashboard_active_matched_to_databricks.jsonl,accepted_ingestion_window
clickhouse,dashboard,166,85486320046,3,0.016,quotes/clickhouse-cloud/results_t2/matched/databricks_serverless_20260918/dashboard_active_matched_to_databricks.jsonl,accepted_ingestion_window
clickhouse,dashboard,166,85486320046,4,0.014,quotes/clickhouse-cloud/results_t2/matched/databricks_serverless_20260918/dashboard_active_matched_to_databricks.jsonl,accepted_ingestion_window
clickhouse,dashboard,167,86027059928,1,0.015,quotes/clickhouse-cloud/results_t2/matched/databricks_serverless_20260918/dashboard_active_matched_to_databricks.jsonl,accepted_ingestion_window
clickhouse,dashboard,167,86027059928,2,0.019,quotes/clickhouse-cloud/results_t2/matched/databricks_serverless_20260918/dashboard_active_matched_to_databricks.jsonl,accepted_ingestion_window
clickhouse,dashboard,167,86027059928,3,0.017,quotes/clickhouse-cloud/results_t2/matched/databricks_serverless_20260918/dashboard_active_matched_to_databricks.jsonl,accepted_ingestion_window
clickhouse,dashboard,167,86027059928,4,0.016,quotes/clickhouse-cloud/results_t2/matched/databricks_serverless_20260918/dashboard_active_matched_to_databricks.jsonl,accepted_ingestion_window
clickhouse,dashboard,168,86536377584,1,0.009,quotes/clickhouse-cloud/results_t2/matched/databricks_serverless_20260918/dashboard_active_matched_to_databricks.jsonl,accepted_ingestion_window
clickhouse,dashboard,168,86536377584,2,0.013,quotes/clickhouse-cloud/results_t2/matched/databricks_serverless_20260918/dashboard_active_matched_to_databricks.jsonl,accepted_ingestion_window
clickhouse,dashboard,168,86536377584,3,0.019,quotes/clickhouse-cloud/results_t2/matched/databricks_serverless_20260918/dashboard_active_matched_to_databricks.jsonl,accepted_ingestion_window
clickhouse,dashboard,168,86536377584,4,0.015,quotes/clickhouse-cloud/results_t2/matched/databricks_serverless_20260918/dashboard_active_matched_to_databricks.jsonl,accepted_ingestion_window
clickhouse,dashboard,169,87060073492,1,0.014,quotes/clickhouse-cloud/results_t2/matched/databricks_serverless_20260918/dashboard_active_matched_to_databricks.jsonl,accepted_ingestion_window
clickhouse,dashboard,169,87060073492,2,0.015,quotes/clickhouse-cloud/results_t2/matched/databricks_serverless_20260918/dashboard_active_matched_to_databricks.jsonl,accepted_ingestion_window
clickhouse,dashboard,169,87060073492,3,0.017,quotes/clickhouse-cloud/results_t2/matched/databricks_serverless_20260918/dashboard_active_matched_to_databricks.jsonl,accepted_ingestion_window
clickhouse,dashboard,169,87060073492,4,0.014,quotes/clickhouse-cloud/results_t2/matched/databricks_serverless_20260918/dashboard_active_matched_to_databricks.jsonl,accepted_ingestion_window
clickhouse,dashboard,170,87633622969,1,0.014,quotes/clickhouse-cloud/results_t2/matched/databricks_serverless_20260918/dashboard_active_matched_to_databricks.jsonl,accepted_ingestion_window
clickhouse,dashboard,170,87633622969,2,0.015,quotes/clickhouse-cloud/results_t2/matched/databricks_serverless_20260918/dashboard_active_matched_to_databricks.jsonl,accepted_ingestion_window
clickhouse,dashboard,170,87633622969,3,0.017,quotes/clickhouse-cloud/results_t2/matched/databricks_serverless_20260918/dashboard_active_matched_to_databricks.jsonl,accepted_ingestion_window
clickhouse,dashboard,170,87633622969,4,0.016,quotes/clickhouse-cloud/results_t2/matched/databricks_serverless_20260918/dashboard_active_matched_to_databricks.jsonl,accepted_ingestion_window
clickhouse,dashboard,171,88183458683,1,0.014,quotes/clickhouse-cloud/results_t2/matched/databricks_serverless_20260918/dashboard_active_matched_to_databricks.jsonl,accepted_ingestion_window
clickhouse,dashboard,171,88183458683,2,0.018,quotes/clickhouse-cloud/results_t2/matched/databricks_serverless_20260918/dashboard_active_matched_to_databricks.jsonl,accepted_ingestion_window
clickhouse,dashboard,171,88183458683,3,0.018,quotes/clickhouse-cloud/results_t2/matched/databricks_serverless_20260918/dashboard_active_matched_to_databricks.jsonl,accepted_ingestion_window
clickhouse,dashboard,171,88183458683,4,0.016,quotes/clickhouse-cloud/results_t2/matched/databricks_serverless_20260918/dashboard_active_matched_to_databricks.jsonl,accepted_ingestion_window
clickhouse,dashboard,172,88722660479,1,0.008,quotes/clickhouse-cloud/results_t2/matched/databricks_serverless_20260918/dashboard_active_matched_to_databricks.jsonl,accepted_ingestion_window
clickhouse,dashboard,172,88722660479,2,0.013,quotes/clickhouse-cloud/results_t2/matched/databricks_serverless_20260918/dashboard_active_matched_to_databricks.jsonl,accepted_ingestion_window
clickhouse,dashboard,172,88722660479,3,0.018,quotes/clickhouse-cloud/results_t2/matched/databricks_serverless_20260918/dashboard_active_matched_to_databricks.jsonl,accepted_ingestion_window
clickhouse,dashboard,172,88722660479,4,0.017,quotes/clickhouse-cloud/results_t2/matched/databricks_serverless_20260918/dashboard_active_matched_to_databricks.jsonl,accepted_ingestion_window
clickhouse,dashboard,173,89252600968,1,0.007,quotes/clickhouse-cloud/results_t2/matched/databricks_serverless_20260918/dashboard_active_matched_to_databricks.jsonl,accepted_ingestion_window
clickhouse,dashboard,173,89252600968,2,0.012,quotes/clickhouse-cloud/results_t2/matched/databricks_serverless_20260918/dashboard_active_matched_to_databricks.jsonl,accepted_ingestion_window
clickhouse,dashboard,173,89252600968,3,0.019,quotes/clickhouse-cloud/results_t2/matched/databricks_serverless_20260918/dashboard_active_matched_to_databricks.jsonl,accepted_ingestion_window
clickhouse,dashboard,173,89252600968,4,0.017,quotes/clickhouse-cloud/results_t2/matched/databricks_serverless_20260918/dashboard_active_matched_to_databricks.jsonl,accepted_ingestion_window
clickhouse,dashboard,175,90310361990,1,0.014,quotes/clickhouse-cloud/results_t2/matched/databricks_serverless_20260918/dashboard_active_matched_to_databricks.jsonl,accepted_ingestion_window
clickhouse,dashboard,175,90310361990,2,0.017,quotes/clickhouse-cloud/results_t2/matched/databricks_serverless_20260918/dashboard_active_matched_to_databricks.jsonl,accepted_ingestion_window
clickhouse,dashboard,175,90310361990,3,0.019,quotes/clickhouse-cloud/results_t2/matched/databricks_serverless_20260918/dashboard_active_matched_to_databricks.jsonl,accepted_ingestion_window
clickhouse,dashboard,175,90310361990,4,0.015,quotes/clickhouse-cloud/results_t2/matched/databricks_serverless_20260918/dashboard_active_matched_to_databricks.jsonl,accepted_ingestion_window
clickhouse,dashboard,176,90786625328,1,0.007,quotes/clickhouse-cloud/results_t2/matched/databricks_serverless_20260918/dashboard_active_matched_to_databricks.jsonl,accepted_ingestion_window
clickhouse,dashboard,176,90786625328,2,0.012,quotes/clickhouse-cloud/results_t2/matched/databricks_serverless_20260918/dashboard_active_matched_to_databricks.jsonl,accepted_ingestion_window
clickhouse,dashboard,176,90786625328,3,0.018,quotes/clickhouse-cloud/results_t2/matched/databricks_serverless_20260918/dashboard_active_matched_to_databricks.jsonl,accepted_ingestion_window
clickhouse,dashboard,176,90786625328,4,0.017,quotes/clickhouse-cloud/results_t2/matched/databricks_serverless_20260918/dashboard_active_matched_to_databricks.jsonl,accepted_ingestion_window
clickhouse,dashboard,177,91318721092,1,0.007,quotes/clickhouse-cloud/results_t2/matched/databricks_serverless_20260918/dashboard_active_matched_to_databricks.jsonl,accepted_ingestion_window
clickhouse,dashboard,177,91318721092,2,0.012,quotes/clickhouse-cloud/results_t2/matched/databricks_serverless_20260918/dashboard_active_matched_to_databricks.jsonl,accepted_ingestion_window
clickhouse,dashboard,177,91318721092,3,0.019,quotes/clickhouse-cloud/results_t2/matched/databricks_serverless_20260918/dashboard_active_matched_to_databricks.jsonl,accepted_ingestion_window
clickhouse,dashboard,177,91318721092,4,0.018,quotes/clickhouse-cloud/results_t2/matched/databricks_serverless_20260918/dashboard_active_matched_to_databricks.jsonl,accepted_ingestion_window
clickhouse,dashboard,178,91841644344,1,0.007,quotes/clickhouse-cloud/results_t2/matched/databricks_serverless_20260918/dashboard_active_matched_to_databricks.jsonl,accepted_ingestion_window
clickhouse,dashboard,178,91841644344,2,0.012,quotes/clickhouse-cloud/results_t2/matched/databricks_serverless_20260918/dashboard_active_matched_to_databricks.jsonl,accepted_ingestion_window
clickhouse,dashboard,178,91841644344,3,0.019,quotes/clickhouse-cloud/results_t2/matched/databricks_serverless_20260918/dashboard_active_matched_to_databricks.jsonl,accepted_ingestion_window
clickhouse,dashboard,178,91841644344,4,0.016,quotes/clickhouse-cloud/results_t2/matched/databricks_serverless_20260918/dashboard_active_matched_to_databricks.jsonl,accepted_ingestion_window
clickhouse,dashboard,179,92330582028,1,0.007,quotes/clickhouse-cloud/results_t2/matched/databricks_serverless_20260918/dashboard_active_matched_to_databricks.jsonl,accepted_ingestion_window
clickhouse,dashboard,179,92330582028,2,0.012,quotes/clickhouse-cloud/results_t2/matched/databricks_serverless_20260918/dashboard_active_matched_to_databricks.jsonl,accepted_ingestion_window
clickhouse,dashboard,179,92330582028,3,0.02,quotes/clickhouse-cloud/results_t2/matched/databricks_serverless_20260918/dashboard_active_matched_to_databricks.jsonl,accepted_ingestion_window
clickhouse,dashboard,179,92330582028,4,0.027,quotes/clickhouse-cloud/results_t2/matched/databricks_serverless_20260918/dashboard_active_matched_to_databricks.jsonl,accepted_ingestion_window
clickhouse,dashboard,180,92808126794,1,0.013,quotes/clickhouse-cloud/results_t2/matched/databricks_serverless_20260918/dashboard_active_matched_to_databricks.jsonl,accepted_ingestion_window
clickhouse,dashboard,180,92808126794,2,0.013,quotes/clickhouse-cloud/results_t2/matched/databricks_serverless_20260918/dashboard_active_matched_to_databricks.jsonl,accepted_ingestion_window
clickhouse,dashboard,180,92808126794,3,0.018,quotes/clickhouse-cloud/results_t2/matched/databricks_serverless_20260918/dashboard_active_matched_to_databricks.jsonl,accepted_ingestion_window
clickhouse,dashboard,180,92808126794,4,0.015,quotes/clickhouse-cloud/results_t2/matched/databricks_serverless_20260918/dashboard_active_matched_to_databricks.jsonl,accepted_ingestion_window
clickhouse,dashboard,182,93798216437,1,0.013,quotes/clickhouse-cloud/results_t2/matched/databricks_serverless_20260918/dashboard_active_matched_to_databricks.jsonl,accepted_ingestion_window
clickhouse,dashboard,182,93798216437,2,0.016,quotes/clickhouse-cloud/results_t2/matched/databricks_serverless_20260918/dashboard_active_matched_to_databricks.jsonl,accepted_ingestion_window
clickhouse,dashboard,182,93798216437,3,0.019,quotes/clickhouse-cloud/results_t2/matched/databricks_serverless_20260918/dashboard_active_matched_to_databricks.jsonl,accepted_ingestion_window
clickhouse,dashboard,182,93798216437,4,0.015,quotes/clickhouse-cloud/results_t2/matched/databricks_serverless_20260918/dashboard_active_matched_to_databricks.jsonl,accepted_ingestion_window
clickhouse,dashboard,183,94324820860,1,0.014,quotes/clickhouse-cloud/results_t2/matched/databricks_serverless_20260918/dashboard_active_matched_to_databricks.jsonl,accepted_ingestion_window
clickhouse,dashboard,183,94324820860,2,0.017,quotes/clickhouse-cloud/results_t2/matched/databricks_serverless_20260918/dashboard_active_matched_to_databricks.jsonl,accepted_ingestion_window
clickhouse,dashboard,183,94324820860,3,0.018,quotes/clickhouse-cloud/results_t2/matched/databricks_serverless_20260918/dashboard_active_matched_to_databricks.jsonl,accepted_ingestion_window
clickhouse,dashboard,183,94324820860,4,0.016,quotes/clickhouse-cloud/results_t2/matched/databricks_serverless_20260918/dashboard_active_matched_to_databricks.jsonl,accepted_ingestion_window
clickhouse,dashboard,184,94869720583,1,0.015,quotes/clickhouse-cloud/results_t2/matched/databricks_serverless_20260918/dashboard_active_matched_to_databricks.jsonl,accepted_ingestion_window
clickhouse,dashboard,184,94869720583,2,0.02,quotes/clickhouse-cloud/results_t2/matched/databricks_serverless_20260918/dashboard_active_matched_to_databricks.jsonl,accepted_ingestion_window
clickhouse,dashboard,184,94869720583,3,0.019,quotes/clickhouse-cloud/results_t2/matched/databricks_serverless_20260918/dashboard_active_matched_to_databricks.jsonl,accepted_ingestion_window
clickhouse,dashboard,184,94869720583,4,0.017,quotes/clickhouse-cloud/results_t2/matched/databricks_serverless_20260918/dashboard_active_matched_to_databricks.jsonl,accepted_ingestion_window
clickhouse,dashboard,185,95368092163,1,0.008,quotes/clickhouse-cloud/results_t2/matched/databricks_serverless_20260918/dashboard_active_matched_to_databricks.jsonl,accepted_ingestion_window
clickhouse,dashboard,185,95368092163,2,0.013,quotes/clickhouse-cloud/results_t2/matched/databricks_serverless_20260918/dashboard_active_matched_to_databricks.jsonl,accepted_ingestion_window
clickhouse,dashboard,185,95368092163,3,0.019,quotes/clickhouse-cloud/results_t2/matched/databricks_serverless_20260918/dashboard_active_matched_to_databricks.jsonl,accepted_ingestion_window
clickhouse,dashboard,185,95368092163,4,0.016,quotes/clickhouse-cloud/results_t2/matched/databricks_serverless_20260918/dashboard_active_matched_to_databricks.jsonl,accepted_ingestion_window
clickhouse,dashboard,186,95854521730,1,0.008,quotes/clickhouse-cloud/results_t2/matched/databricks_serverless_20260918/dashboard_active_matched_to_databricks.jsonl,accepted_ingestion_window
clickhouse,dashboard,186,95854521730,2,0.013,quotes/clickhouse-cloud/results_t2/matched/databricks_serverless_20260918/dashboard_active_matched_to_databricks.jsonl,accepted_ingestion_window
clickhouse,dashboard,186,95854521730,3,0.018,quotes/clickhouse-cloud/results_t2/matched/databricks_serverless_20260918/dashboard_active_matched_to_databricks.jsonl,accepted_ingestion_window
clickhouse,dashboard,186,95854521730,4,0.016,quotes/clickhouse-cloud/results_t2/matched/databricks_serverless_20260918/dashboard_active_matched_to_databricks.jsonl,accepted_ingestion_window
clickhouse,dashboard,188,96870245467,1,0.007,quotes/clickhouse-cloud/results_t2/matched/databricks_serverless_20260918/dashboard_active_matched_to_databricks.jsonl,accepted_ingestion_window
clickhouse,dashboard,188,96870245467,2,0.013,quotes/clickhouse-cloud/results_t2/matched/databricks_serverless_20260918/dashboard_active_matched_to_databricks.jsonl,accepted_ingestion_window
clickhouse,dashboard,188,96870245467,3,0.018,quotes/clickhouse-cloud/results_t2/matched/databricks_serverless_20260918/dashboard_active_matched_to_databricks.jsonl,accepted_ingestion_window
clickhouse,dashboard,188,96870245467,4,0.016,quotes/clickhouse-cloud/results_t2/matched/databricks_serverless_20260918/dashboard_active_matched_to_databricks.jsonl,accepted_ingestion_window
clickhouse,dashboard,189,97440595296,1,0.016,quotes/clickhouse-cloud/results_t2/matched/databricks_serverless_20260918/dashboard_active_matched_to_databricks.jsonl,accepted_ingestion_window
clickhouse,dashboard,189,97440595296,2,0.013,quotes/clickhouse-cloud/results_t2/matched/databricks_serverless_20260918/dashboard_active_matched_to_databricks.jsonl,accepted_ingestion_window
clickhouse,dashboard,189,97440595296,3,0.019,quotes/clickhouse-cloud/results_t2/matched/databricks_serverless_20260918/dashboard_active_matched_to_databricks.jsonl,accepted_ingestion_window
clickhouse,dashboard,189,97440595296,4,0.015,quotes/clickhouse-cloud/results_t2/matched/databricks_serverless_20260918/dashboard_active_matched_to_databricks.jsonl,accepted_ingestion_window
clickhouse,dashboard,190,97990299109,1,0.015,quotes/clickhouse-cloud/results_t2/matched/databricks_serverless_20260918/dashboard_active_matched_to_databricks.jsonl,accepted_ingestion_window
clickhouse,dashboard,190,97990299109,2,0.019,quotes/clickhouse-cloud/results_t2/matched/databricks_serverless_20260918/dashboard_active_matched_to_databricks.jsonl,accepted_ingestion_window
clickhouse,dashboard,190,97990299109,3,0.018,quotes/clickhouse-cloud/results_t2/matched/databricks_serverless_20260918/dashboard_active_matched_to_databricks.jsonl,accepted_ingestion_window
clickhouse,dashboard,190,97990299109,4,0.015,quotes/clickhouse-cloud/results_t2/matched/databricks_serverless_20260918/dashboard_active_matched_to_databricks.jsonl,accepted_ingestion_window
clickhouse,dashboard,191,98531195718,1,0.007,quotes/clickhouse-cloud/results_t2/matched/databricks_serverless_20260918/dashboard_active_matched_to_databricks.jsonl,accepted_ingestion_window
clickhouse,dashboard,191,98531195718,2,0.013,quotes/clickhouse-cloud/results_t2/matched/databricks_serverless_20260918/dashboard_active_matched_to_databricks.jsonl,accepted_ingestion_window
clickhouse,dashboard,191,98531195718,3,0.018,quotes/clickhouse-cloud/results_t2/matched/databricks_serverless_20260918/dashboard_active_matched_to_databricks.jsonl,accepted_ingestion_window
clickhouse,dashboard,191,98531195718,4,0.015,quotes/clickhouse-cloud/results_t2/matched/databricks_serverless_20260918/dashboard_active_matched_to_databricks.jsonl,accepted_ingestion_window
clickhouse,dashboard,192,99080355059,1,0.008,quotes/clickhouse-cloud/results_t2/matched/databricks_serverless_20260918/dashboard_active_matched_to_databricks.jsonl,accepted_ingestion_window
clickhouse,dashboard,192,99080355059,2,0.013,quotes/clickhouse-cloud/results_t2/matched/databricks_serverless_20260918/dashboard_active_matched_to_databricks.jsonl,accepted_ingestion_window
clickhouse,dashboard,192,99080355059,3,0.02,quotes/clickhouse-cloud/results_t2/matched/databricks_serverless_20260918/dashboard_active_matched_to_databricks.jsonl,accepted_ingestion_window
clickhouse,dashboard,192,99080355059,4,0.017,quotes/clickhouse-cloud/results_t2/matched/databricks_serverless_20260918/dashboard_active_matched_to_databricks.jsonl,accepted_ingestion_window
clickhouse,dashboard,193,99566521565,1,0.007,quotes/clickhouse-cloud/results_t2/matched/databricks_serverless_20260918/dashboard_active_matched_to_databricks.jsonl,accepted_ingestion_window
clickhouse,dashboard,193,99566521565,2,0.013,quotes/clickhouse-cloud/results_t2/matched/databricks_serverless_20260918/dashboard_active_matched_to_databricks.jsonl,accepted_ingestion_window
clickhouse,dashboard,193,99566521565,3,0.018,quotes/clickhouse-cloud/results_t2/matched/databricks_serverless_20260918/dashboard_active_matched_to_databricks.jsonl,accepted_ingestion_window
clickhouse,dashboard,193,99566521565,4,0.015,quotes/clickhouse-cloud/results_t2/matched/databricks_serverless_20260918/dashboard_active_matched_to_databricks.jsonl,accepted_ingestion_window
clickhouse,dashboard,194,100131703953,1,0.013,quotes/clickhouse-cloud/results_t2/matched/databricks_serverless_20260918/dashboard_active_matched_to_databricks.jsonl,accepted_ingestion_window
clickhouse,dashboard,194,100131703953,2,0.017,quotes/clickhouse-cloud/results_t2/matched/databricks_serverless_20260918/dashboard_active_matched_to_databricks.jsonl,accepted_ingestion_window
clickhouse,dashboard,194,100131703953,3,0.02,quotes/clickhouse-cloud/results_t2/matched/databricks_serverless_20260918/dashboard_active_matched_to_databricks.jsonl,accepted_ingestion_window
clickhouse,dashboard,194,100131703953,4,0.016,quotes/clickhouse-cloud/results_t2/matched/databricks_serverless_20260918/dashboard_active_matched_to_databricks.jsonl,accepted_ingestion_window
clickhouse,dashboard,195,100628479137,1,0.014,quotes/clickhouse-cloud/results_t2/matched/databricks_serverless_20260918/dashboard_active_matched_to_databricks.jsonl,accepted_ingestion_window
clickhouse,dashboard,195,100628479137,2,0.013,quotes/clickhouse-cloud/results_t2/matched/databricks_serverless_20260918/dashboard_active_matched_to_databricks.jsonl,accepted_ingestion_window
clickhouse,dashboard,195,100628479137,3,0.02,quotes/clickhouse-cloud/results_t2/matched/databricks_serverless_20260918/dashboard_active_matched_to_databricks.jsonl,accepted_ingestion_window
clickhouse,dashboard,195,100628479137,4,0.016,quotes/clickhouse-cloud/results_t2/matched/databricks_serverless_20260918/dashboard_active_matched_to_databricks.jsonl,accepted_ingestion_window
clickhouse,dashboard,197,101589700036,1,0.014,quotes/clickhouse-cloud/results_t2/matched/databricks_serverless_20260918/dashboard_active_matched_to_databricks.jsonl,accepted_ingestion_window
clickhouse,dashboard,197,101589700036,2,0.021,quotes/clickhouse-cloud/results_t2/matched/databricks_serverless_20260918/dashboard_active_matched_to_databricks.jsonl,accepted_ingestion_window
clickhouse,dashboard,197,101589700036,3,0.018,quotes/clickhouse-cloud/results_t2/matched/databricks_serverless_20260918/dashboard_active_matched_to_databricks.jsonl,accepted_ingestion_window
clickhouse,dashboard,197,101589700036,4,0.015,quotes/clickhouse-cloud/results_t2/matched/databricks_serverless_20260918/dashboard_active_matched_to_databricks.jsonl,accepted_ingestion_window
clickhouse,dashboard,198,102117228913,1,0.016,quotes/clickhouse-cloud/results_t2/matched/databricks_serverless_20260918/dashboard_active_matched_to_databricks.jsonl,accepted_ingestion_window
clickhouse,dashboard,198,102117228913,2,0.034,quotes/clickhouse-cloud/results_t2/matched/databricks_serverless_20260918/dashboard_active_matched_to_databricks.jsonl,accepted_ingestion_window
clickhouse,dashboard,198,102117228913,3,0.017,quotes/clickhouse-cloud/results_t2/matched/databricks_serverless_20260918/dashboard_active_matched_to_databricks.jsonl,accepted_ingestion_window
clickhouse,dashboard,198,102117228913,4,0.019,quotes/clickhouse-cloud/results_t2/matched/databricks_serverless_20260918/dashboard_active_matched_to_databricks.jsonl,accepted_ingestion_window
clickhouse,dashboard,199,102574208551,1,0.007,quotes/clickhouse-cloud/results_t2/matched/databricks_serverless_20260918/dashboard_active_matched_to_databricks.jsonl,accepted_ingestion_window
clickhouse,dashboard,199,102574208551,2,0.013,quotes/clickhouse-cloud/results_t2/matched/databricks_serverless_20260918/dashboard_active_matched_to_databricks.jsonl,accepted_ingestion_window
clickhouse,dashboard,199,102574208551,3,0.018,quotes/clickhouse-cloud/results_t2/matched/databricks_serverless_20260918/dashboard_active_matched_to_databricks.jsonl,accepted_ingestion_window
clickhouse,dashboard,199,102574208551,4,0.016,quotes/clickhouse-cloud/results_t2/matched/databricks_serverless_20260918/dashboard_active_matched_to_databricks.jsonl,accepted_ingestion_window
clickhouse,dashboard,200,103042831818,1,0.007,quotes/clickhouse-cloud/results_t2/matched/databricks_serverless_20260918/dashboard_active_matched_to_databricks.jsonl,accepted_ingestion_window
clickhouse,dashboard,200,103042831818,2,0.013,quotes/clickhouse-cloud/results_t2/matched/databricks_serverless_20260918/dashboard_active_matched_to_databricks.jsonl,accepted_ingestion_window
clickhouse,dashboard,200,103042831818,3,0.018,quotes/clickhouse-cloud/results_t2/matched/databricks_serverless_20260918/dashboard_active_matched_to_databricks.jsonl,accepted_ingestion_window
clickhouse,dashboard,200,103042831818,4,0.016,quotes/clickhouse-cloud/results_t2/matched/databricks_serverless_20260918/dashboard_active_matched_to_databricks.jsonl,accepted_ingestion_window
clickhouse,dashboard,202,103957741115,1,0.013,quotes/clickhouse-cloud/results_t2/matched/databricks_serverless_20260918/dashboard_active_matched_to_databricks.jsonl,accepted_ingestion_window
clickhouse,dashboard,202,103957741115,2,0.012,quotes/clickhouse-cloud/results_t2/matched/databricks_serverless_20260918/dashboard_active_matched_to_databricks.jsonl,accepted_ingestion_window
clickhouse,dashboard,202,103957741115,3,0.018,quotes/clickhouse-cloud/results_t2/matched/databricks_serverless_20260918/dashboard_active_matched_to_databricks.jsonl,accepted_ingestion_window
clickhouse,dashboard,202,103957741115,4,0.015,quotes/clickhouse-cloud/results_t2/matched/databricks_serverless_20260918/dashboard_active_matched_to_databricks.jsonl,accepted_ingestion_window
clickhouse,dashboard,203,104402058566,1,0.009,quotes/clickhouse-cloud/results_t2/matched/databricks_serverless_20260918/dashboard_active_matched_to_databricks.jsonl,accepted_ingestion_window
clickhouse,dashboard,203,104402058566,2,0.013,quotes/clickhouse-cloud/results_t2/matched/databricks_serverless_20260918/dashboard_active_matched_to_databricks.jsonl,accepted_ingestion_window
clickhouse,dashboard,203,104402058566,3,0.017,quotes/clickhouse-cloud/results_t2/matched/databricks_serverless_20260918/dashboard_active_matched_to_databricks.jsonl,accepted_ingestion_window
clickhouse,dashboard,203,104402058566,4,0.015,quotes/clickhouse-cloud/results_t2/matched/databricks_serverless_20260918/dashboard_active_matched_to_databricks.jsonl,accepted_ingestion_window
clickhouse,dashboard,204,104876237816,1,0.009,quotes/clickhouse-cloud/results_t2/matched/databricks_serverless_20260918/dashboard_active_matched_to_databricks.jsonl,accepted_ingestion_window
clickhouse,dashboard,204,104876237816,2,0.012,quotes/clickhouse-cloud/results_t2/matched/databricks_serverless_20260918/dashboard_active_matched_to_databricks.jsonl,accepted_ingestion_window
clickhouse,dashboard,204,104876237816,3,0.018,quotes/clickhouse-cloud/results_t2/matched/databricks_serverless_20260918/dashboard_active_matched_to_databricks.jsonl,accepted_ingestion_window
clickhouse,dashboard,204,104876237816,4,0.017,quotes/clickhouse-cloud/results_t2/matched/databricks_serverless_20260918/dashboard_active_matched_to_databricks.jsonl,accepted_ingestion_window
clickhouse,dashboard,206,105793852938,1,0.014,quotes/clickhouse-cloud/results_t2/matched/databricks_serverless_20260918/dashboard_active_matched_to_databricks.jsonl,accepted_ingestion_window
clickhouse,dashboard,206,105793852938,2,0.015,quotes/clickhouse-cloud/results_t2/matched/databricks_serverless_20260918/dashboard_active_matched_to_databricks.jsonl,accepted_ingestion_window
clickhouse,dashboard,206,105793852938,3,0.019,quotes/clickhouse-cloud/results_t2/matched/databricks_serverless_20260918/dashboard_active_matched_to_databricks.jsonl,accepted_ingestion_window
clickhouse,dashboard,206,105793852938,4,0.016,quotes/clickhouse-cloud/results_t2/matched/databricks_serverless_20260918/dashboard_active_matched_to_databricks.jsonl,accepted_ingestion_window
clickhouse,dashboard,207,106283556894,1,0.007,quotes/clickhouse-cloud/results_t2/matched/databricks_serverless_20260918/dashboard_active_matched_to_databricks.jsonl,accepted_ingestion_window
clickhouse,dashboard,207,106283556894,2,0.012,quotes/clickhouse-cloud/results_t2/matched/databricks_serverless_20260918/dashboard_active_matched_to_databricks.jsonl,accepted_ingestion_window
clickhouse,dashboard,207,106283556894,3,0.02,quotes/clickhouse-cloud/results_t2/matched/databricks_serverless_20260918/dashboard_active_matched_to_databricks.jsonl,accepted_ingestion_window
clickhouse,dashboard,207,106283556894,4,0.015,quotes/clickhouse-cloud/results_t2/matched/databricks_serverless_20260918/dashboard_active_matched_to_databricks.jsonl,accepted_ingestion_window
clickhouse,dashboard,208,106722824480,1,0.015,quotes/clickhouse-cloud/results_t2/matched/databricks_serverless_20260918/dashboard_active_matched_to_databricks.jsonl,accepted_ingestion_window
clickhouse,dashboard,208,106722824480,2,0.012,quotes/clickhouse-cloud/results_t2/matched/databricks_serverless_20260918/dashboard_active_matched_to_databricks.jsonl,accepted_ingestion_window
clickhouse,dashboard,208,106722824480,3,0.017,quotes/clickhouse-cloud/results_t2/matched/databricks_serverless_20260918/dashboard_active_matched_to_databricks.jsonl,accepted_ingestion_window
clickhouse,dashboard,208,106722824480,4,0.015,quotes/clickhouse-cloud/results_t2/matched/databricks_serverless_20260918/dashboard_active_matched_to_databricks.jsonl,accepted_ingestion_window
clickhouse,dashboard,210,107545345736,1,0.007,quotes/clickhouse-cloud/results_t2/matched/databricks_serverless_20260918/dashboard_active_matched_to_databricks.jsonl,accepted_ingestion_window
clickhouse,dashboard,210,107545345736,2,0.012,quotes/clickhouse-cloud/results_t2/matched/databricks_serverless_20260918/dashboard_active_matched_to_databricks.jsonl,accepted_ingestion_window
clickhouse,dashboard,210,107545345736,3,0.017,quotes/clickhouse-cloud/results_t2/matched/databricks_serverless_20260918/dashboard_active_matched_to_databricks.jsonl,accepted_ingestion_window
clickhouse,dashboard,210,107545345736,4,0.017,quotes/clickhouse-cloud/results_t2/matched/databricks_serverless_20260918/dashboard_active_matched_to_databricks.jsonl,accepted_ingestion_window
clickhouse,dashboard,211,107983227282,1,0.007,quotes/clickhouse-cloud/results_t2/matched/databricks_serverless_20260918/dashboard_active_matched_to_databricks.jsonl,accepted_ingestion_window
clickhouse,dashboard,211,107983227282,2,0.015,quotes/clickhouse-cloud/results_t2/matched/databricks_serverless_20260918/dashboard_active_matched_to_databricks.jsonl,accepted_ingestion_window
clickhouse,dashboard,211,107983227282,3,0.019,quotes/clickhouse-cloud/results_t2/matched/databricks_serverless_20260918/dashboard_active_matched_to_databricks.jsonl,accepted_ingestion_window
clickhouse,dashboard,211,107983227282,4,0.016,quotes/clickhouse-cloud/results_t2/matched/databricks_serverless_20260918/dashboard_active_matched_to_databricks.jsonl,accepted_ingestion_window
clickhouse,dashboard,212,108451419214,1,0.013,quotes/clickhouse-cloud/results_t2/matched/databricks_serverless_20260918/dashboard_active_matched_to_databricks.jsonl,accepted_ingestion_window
clickhouse,dashboard,212,108451419214,2,0.013,quotes/clickhouse-cloud/results_t2/matched/databricks_serverless_20260918/dashboard_active_matched_to_databricks.jsonl,accepted_ingestion_window
clickhouse,dashboard,212,108451419214,3,0.018,quotes/clickhouse-cloud/results_t2/matched/databricks_serverless_20260918/dashboard_active_matched_to_databricks.jsonl,accepted_ingestion_window
clickhouse,dashboard,212,108451419214,4,0.018,quotes/clickhouse-cloud/results_t2/matched/databricks_serverless_20260918/dashboard_active_matched_to_databricks.jsonl,accepted_ingestion_window
clickhouse,dashboard,214,109466322266,1,0.014,quotes/clickhouse-cloud/results_t2/matched/databricks_serverless_20260918/dashboard_active_matched_to_databricks.jsonl,accepted_ingestion_window
clickhouse,dashboard,214,109466322266,2,0.016,quotes/clickhouse-cloud/results_t2/matched/databricks_serverless_20260918/dashboard_active_matched_to_databricks.jsonl,accepted_ingestion_window
clickhouse,dashboard,214,109466322266,3,0.018,quotes/clickhouse-cloud/results_t2/matched/databricks_serverless_20260918/dashboard_active_matched_to_databricks.jsonl,accepted_ingestion_window
clickhouse,dashboard,214,109466322266,4,0.016,quotes/clickhouse-cloud/results_t2/matched/databricks_serverless_20260918/dashboard_active_matched_to_databricks.jsonl,accepted_ingestion_window
clickhouse,dashboard,215,109877355985,1,0.008,quotes/clickhouse-cloud/results_t2/matched/databricks_serverless_20260918/dashboard_active_matched_to_databricks.jsonl,accepted_ingestion_window
clickhouse,dashboard,215,109877355985,2,0.013,quotes/clickhouse-cloud/results_t2/matched/databricks_serverless_20260918/dashboard_active_matched_to_databricks.jsonl,accepted_ingestion_window
clickhouse,dashboard,215,109877355985,3,0.02,quotes/clickhouse-cloud/results_t2/matched/databricks_serverless_20260918/dashboard_active_matched_to_databricks.jsonl,accepted_ingestion_window
clickhouse,dashboard,215,109877355985,4,0.017,quotes/clickhouse-cloud/results_t2/matched/databricks_serverless_20260918/dashboard_active_matched_to_databricks.jsonl,accepted_ingestion_window
clickhouse,dashboard,216,110384302735,1,0.007,quotes/clickhouse-cloud/results_t2/matched/databricks_serverless_20260918/dashboard_active_matched_to_databricks.jsonl,accepted_ingestion_window
clickhouse,dashboard,216,110384302735,2,0.012,quotes/clickhouse-cloud/results_t2/matched/databricks_serverless_20260918/dashboard_active_matched_to_databricks.jsonl,accepted_ingestion_window
clickhouse,dashboard,216,110384302735,3,0.02,quotes/clickhouse-cloud/results_t2/matched/databricks_serverless_20260918/dashboard_active_matched_to_databricks.jsonl,accepted_ingestion_window
clickhouse,dashboard,216,110384302735,4,0.016,quotes/clickhouse-cloud/results_t2/matched/databricks_serverless_20260918/dashboard_active_matched_to_databricks.jsonl,accepted_ingestion_window
clickhouse,dashboard,217,110882914315,1,0.008,quotes/clickhouse-cloud/results_t2/matched/databricks_serverless_20260918/dashboard_active_matched_to_databricks.jsonl,accepted_ingestion_window
clickhouse,dashboard,217,110882914315,2,0.012,quotes/clickhouse-cloud/results_t2/matched/databricks_serverless_20260918/dashboard_active_matched_to_databricks.jsonl,accepted_ingestion_window
clickhouse,dashboard,217,110882914315,3,0.02,quotes/clickhouse-cloud/results_t2/matched/databricks_serverless_20260918/dashboard_active_matched_to_databricks.jsonl,accepted_ingestion_window
clickhouse,dashboard,217,110882914315,4,0.017,quotes/clickhouse-cloud/results_t2/matched/databricks_serverless_20260918/dashboard_active_matched_to_databricks.jsonl,accepted_ingestion_window
clickhouse,dashboard,218,111392632185,1,0.01,quotes/clickhouse-cloud/results_t2/matched/databricks_serverless_20260918/dashboard_active_matched_to_databricks.jsonl,accepted_ingestion_window
clickhouse,dashboard,218,111392632185,2,0.013,quotes/clickhouse-cloud/results_t2/matched/databricks_serverless_20260918/dashboard_active_matched_to_databricks.jsonl,accepted_ingestion_window
clickhouse,dashboard,218,111392632185,3,0.02,quotes/clickhouse-cloud/results_t2/matched/databricks_serverless_20260918/dashboard_active_matched_to_databricks.jsonl,accepted_ingestion_window
clickhouse,dashboard,218,111392632185,4,0.017,quotes/clickhouse-cloud/results_t2/matched/databricks_serverless_20260918/dashboard_active_matched_to_databricks.jsonl,accepted_ingestion_window
clickhouse,dashboard,220,112455078822,1,0.008,quotes/clickhouse-cloud/results_t2/matched/databricks_serverless_20260918/dashboard_active_matched_to_databricks.jsonl,accepted_ingestion_window
clickhouse,dashboard,220,112455078822,2,0.013,quotes/clickhouse-cloud/results_t2/matched/databricks_serverless_20260918/dashboard_active_matched_to_databricks.jsonl,accepted_ingestion_window
clickhouse,dashboard,220,112455078822,3,0.026,quotes/clickhouse-cloud/results_t2/matched/databricks_serverless_20260918/dashboard_active_matched_to_databricks.jsonl,accepted_ingestion_window
clickhouse,dashboard,220,112455078822,4,0.019,quotes/clickhouse-cloud/results_t2/matched/databricks_serverless_20260918/dashboard_active_matched_to_databricks.jsonl,accepted_ingestion_window
clickhouse,dashboard,221,112958830367,1,0.007,quotes/clickhouse-cloud/results_t2/matched/databricks_serverless_20260918/dashboard_active_matched_to_databricks.jsonl,accepted_ingestion_window
clickhouse,dashboard,221,112958830367,2,0.013,quotes/clickhouse-cloud/results_t2/matched/databricks_serverless_20260918/dashboard_active_matched_to_databricks.jsonl,accepted_ingestion_window
clickhouse,dashboard,221,112958830367,3,0.019,quotes/clickhouse-cloud/results_t2/matched/databricks_serverless_20260918/dashboard_active_matched_to_databricks.jsonl,accepted_ingestion_window
clickhouse,dashboard,221,112958830367,4,0.018,quotes/clickhouse-cloud/results_t2/matched/databricks_serverless_20260918/dashboard_active_matched_to_databricks.jsonl,accepted_ingestion_window
databricks,drilldown,1,48779388,1,2.829,quotes/databricks/results/serverless_baseline_full_20260918T170453Z/raw/drilldown_20260918T170453Z.jsonl,accepted_ingestion_window
databricks,drilldown,1,48779388,2,0.876,quotes/databricks/results/serverless_baseline_full_20260918T170453Z/raw/drilldown_20260918T170453Z.jsonl,accepted_ingestion_window
databricks,drilldown,2,3648905245,1,18.889,quotes/databricks/results/serverless_baseline_full_20260918T170453Z/raw/drilldown_20260918T170453Z.jsonl,accepted_ingestion_window
databricks,drilldown,2,3648905245,2,10.555,quotes/databricks/results/serverless_baseline_full_20260918T170453Z/raw/drilldown_20260918T170453Z.jsonl,accepted_ingestion_window
databricks,drilldown,3,7248888928,1,10.34,quotes/databricks/results/serverless_baseline_full_20260918T170453Z/raw/drilldown_20260918T170453Z.jsonl,accepted_ingestion_window
databricks,drilldown,3,7248888928,2,7.677,quotes/databricks/results/serverless_baseline_full_20260918T170453Z/raw/drilldown_20260918T170453Z.jsonl,accepted_ingestion_window
databricks,drilldown,4,10848950992,1,11.498,quotes/databricks/results/serverless_baseline_full_20260918T170453Z/raw/drilldown_20260918T170453Z.jsonl,accepted_ingestion_window
databricks,drilldown,4,10848950992,2,13.534,quotes/databricks/results/serverless_baseline_full_20260918T170453Z/raw/drilldown_20260918T170453Z.jsonl,accepted_ingestion_window
databricks,drilldown,5,14448885812,1,22.492,quotes/databricks/results/serverless_baseline_full_20260918T170453Z/raw/drilldown_20260918T170453Z.jsonl,accepted_ingestion_window
databricks,drilldown,5,14448885812,2,20.5,quotes/databricks/results/serverless_baseline_full_20260918T170453Z/raw/drilldown_20260918T170453Z.jsonl,accepted_ingestion_window
databricks,drilldown,6,18048883403,1,27.32,quotes/databricks/results/serverless_baseline_full_20260918T170453Z/raw/drilldown_20260918T170453Z.jsonl,accepted_ingestion_window
databricks,drilldown,6,18048883403,2,25.24,quotes/databricks/results/serverless_baseline_full_20260918T170453Z/raw/drilldown_20260918T170453Z.jsonl,accepted_ingestion_window
databricks,drilldown,7,21648927817,1,3.187,quotes/databricks/results/serverless_baseline_full_20260918T170453Z/raw/drilldown_20260918T170453Z.jsonl,accepted_ingestion_window
databricks,drilldown,7,21648927817,2,1.728,quotes/databricks/results/serverless_baseline_full_20260918T170453Z/raw/drilldown_20260918T170453Z.jsonl,accepted_ingestion_window
databricks,drilldown,8,25248924027,1,12.971,quotes/databricks/results/serverless_baseline_full_20260918T170453Z/raw/drilldown_20260918T170453Z.jsonl,accepted_ingestion_window
databricks,drilldown,8,25248924027,2,7.408,quotes/databricks/results/serverless_baseline_full_20260918T170453Z/raw/drilldown_20260918T170453Z.jsonl,accepted_ingestion_window
databricks,drilldown,9,28848912329,1,16.939,quotes/databricks/results/serverless_baseline_full_20260918T170453Z/raw/drilldown_20260918T170453Z.jsonl,accepted_ingestion_window
databricks,drilldown,9,28848912329,2,12.934,quotes/databricks/results/serverless_baseline_full_20260918T170453Z/raw/drilldown_20260918T170453Z.jsonl,accepted_ingestion_window
databricks,drilldown,10,32448900387,1,21.737,quotes/databricks/results/serverless_baseline_full_20260918T170453Z/raw/drilldown_20260918T170453Z.jsonl,accepted_ingestion_window
databricks,drilldown,10,32448900387,2,24.717,quotes/databricks/results/serverless_baseline_full_20260918T170453Z/raw/drilldown_20260918T170453Z.jsonl,accepted_ingestion_window
databricks,drilldown,11,36048779409,1,31.688,quotes/databricks/results/serverless_baseline_full_20260918T170453Z/raw/drilldown_20260918T170453Z.jsonl,accepted_ingestion_window
databricks,drilldown,11,36048779409,2,27.149,quotes/databricks/results/serverless_baseline_full_20260918T170453Z/raw/drilldown_20260918T170453Z.jsonl,accepted_ingestion_window
databricks,drilldown,12,39648841503,1,4.144,quotes/databricks/results/serverless_baseline_full_20260918T170453Z/raw/drilldown_20260918T170453Z.jsonl,accepted_ingestion_window
databricks,drilldown,12,39648841503,2,2.686,quotes/databricks/results/serverless_baseline_full_20260918T170453Z/raw/drilldown_20260918T170453Z.jsonl,accepted_ingestion_window
databricks,drilldown,13,43248955264,1,14.769,quotes/databricks/results/serverless_baseline_full_20260918T170453Z/raw/drilldown_20260918T170453Z.jsonl,accepted_ingestion_window
databricks,drilldown,13,43248955264,2,8.684,quotes/databricks/results/serverless_baseline_full_20260918T170453Z/raw/drilldown_20260918T170453Z.jsonl,accepted_ingestion_window
databricks,drilldown,14,46848958026,1,17.455,quotes/databricks/results/serverless_baseline_full_20260918T170453Z/raw/drilldown_20260918T170453Z.jsonl,accepted_ingestion_window
databricks,drilldown,14,46848958026,2,13.109,quotes/databricks/results/serverless_baseline_full_20260918T170453Z/raw/drilldown_20260918T170453Z.jsonl,accepted_ingestion_window
databricks,drilldown,15,50448920743,1,20.88,quotes/databricks/results/serverless_baseline_full_20260918T170453Z/raw/drilldown_20260918T170453Z.jsonl,accepted_ingestion_window
databricks,drilldown,15,50448920743,2,24.32,quotes/databricks/results/serverless_baseline_full_20260918T170453Z/raw/drilldown_20260918T170453Z.jsonl,accepted_ingestion_window
databricks,drilldown,16,54048818880,1,28.953,quotes/databricks/results/serverless_baseline_full_20260918T170453Z/raw/drilldown_20260918T170453Z.jsonl,accepted_ingestion_window
databricks,drilldown,16,54048818880,2,27.825,quotes/databricks/results/serverless_baseline_full_20260918T170453Z/raw/drilldown_20260918T170453Z.jsonl,accepted_ingestion_window
databricks,drilldown,17,57648913051,1,10.2,quotes/databricks/results/serverless_baseline_full_20260918T170453Z/raw/drilldown_20260918T170453Z.jsonl,accepted_ingestion_window
databricks,drilldown,17,57648913051,2,4.505,quotes/databricks/results/serverless_baseline_full_20260918T170453Z/raw/drilldown_20260918T170453Z.jsonl,accepted_ingestion_window
databricks,drilldown,18,61248785899,1,14.047,quotes/databricks/results/serverless_baseline_full_20260918T170453Z/raw/drilldown_20260918T170453Z.jsonl,accepted_ingestion_window
databricks,drilldown,18,61248785899,2,11.465,quotes/databricks/results/serverless_baseline_full_20260918T170453Z/raw/drilldown_20260918T170453Z.jsonl,accepted_ingestion_window
databricks,drilldown,19,64848931181,1,21.807,quotes/databricks/results/serverless_baseline_full_20260918T170453Z/raw/drilldown_20260918T170453Z.jsonl,accepted_ingestion_window
databricks,drilldown,19,64848931181,2,18.677,quotes/databricks/results/serverless_baseline_full_20260918T170453Z/raw/drilldown_20260918T170453Z.jsonl,accepted_ingestion_window
databricks,drilldown,20,68448901225,1,23.502,quotes/databricks/results/serverless_baseline_full_20260918T170453Z/raw/drilldown_20260918T170453Z.jsonl,accepted_ingestion_window
databricks,drilldown,20,68448901225,2,32.269,quotes/databricks/results/serverless_baseline_full_20260918T170453Z/raw/drilldown_20260918T170453Z.jsonl,accepted_ingestion_window
databricks,drilldown,21,72048872763,1,30.792,quotes/databricks/results/serverless_baseline_full_20260918T170453Z/raw/drilldown_20260918T170453Z.jsonl,accepted_ingestion_window
databricks,drilldown,21,72048872763,2,29.624,quotes/databricks/results/serverless_baseline_full_20260918T170453Z/raw/drilldown_20260918T170453Z.jsonl,accepted_ingestion_window
databricks,drilldown,22,75648919105,1,9.083,quotes/databricks/results/serverless_baseline_full_20260918T170453Z/raw/drilldown_20260918T170453Z.jsonl,accepted_ingestion_window
databricks,drilldown,22,75648919105,2,4.703,quotes/databricks/results/serverless_baseline_full_20260918T170453Z/raw/drilldown_20260918T170453Z.jsonl,accepted_ingestion_window
databricks,drilldown,23,79248916498,1,15.552,quotes/databricks/results/serverless_baseline_full_20260918T170453Z/raw/drilldown_20260918T170453Z.jsonl,accepted_ingestion_window
databricks,drilldown,23,79248916498,2,11.798,quotes/databricks/results/serverless_baseline_full_20260918T170453Z/raw/drilldown_20260918T170453Z.jsonl,accepted_ingestion_window
databricks,drilldown,24,82848735814,1,19.303,quotes/databricks/results/serverless_baseline_full_20260918T170453Z/raw/drilldown_20260918T170453Z.jsonl,accepted_ingestion_window
databricks,drilldown,24,82848735814,2,18.438,quotes/databricks/results/serverless_baseline_full_20260918T170453Z/raw/drilldown_20260918T170453Z.jsonl,accepted_ingestion_window
databricks,drilldown,25,86448786434,1,56.901,quotes/databricks/results/serverless_baseline_full_20260918T170453Z/raw/drilldown_20260918T170453Z.jsonl,accepted_ingestion_window
databricks,drilldown,25,86448786434,2,39.814,quotes/databricks/results/serverless_baseline_full_20260918T170453Z/raw/drilldown_20260918T170453Z.jsonl,accepted_ingestion_window
databricks,drilldown,26,90048750546,1,33.798,quotes/databricks/results/serverless_baseline_full_20260918T170453Z/raw/drilldown_20260918T170453Z.jsonl,accepted_ingestion_window
databricks,drilldown,26,90048750546,2,42.73,quotes/databricks/results/serverless_baseline_full_20260918T170453Z/raw/drilldown_20260918T170453Z.jsonl,accepted_ingestion_window
databricks,drilldown,27,93648850827,1,12.764,quotes/databricks/results/serverless_baseline_full_20260918T170453Z/raw/drilldown_20260918T170453Z.jsonl,accepted_ingestion_window
databricks,drilldown,27,93648850827,2,7.898,quotes/databricks/results/serverless_baseline_full_20260918T170453Z/raw/drilldown_20260918T170453Z.jsonl,accepted_ingestion_window
databricks,drilldown,28,97248769382,1,16.425,quotes/databricks/results/serverless_baseline_full_20260918T170453Z/raw/drilldown_20260918T170453Z.jsonl,accepted_ingestion_window
databricks,drilldown,28,97248769382,2,12.731,quotes/databricks/results/serverless_baseline_full_20260918T170453Z/raw/drilldown_20260918T170453Z.jsonl,accepted_ingestion_window
databricks,drilldown,29,100848836377,1,20.497,quotes/databricks/results/serverless_baseline_full_20260918T170453Z/raw/drilldown_20260918T170453Z.jsonl,accepted_ingestion_window
databricks,drilldown,29,100848836377,2,21.609,quotes/databricks/results/serverless_baseline_full_20260918T170453Z/raw/drilldown_20260918T170453Z.jsonl,accepted_ingestion_window
databricks,drilldown,30,104448905502,1,25.897,quotes/databricks/results/serverless_baseline_full_20260918T170453Z/raw/drilldown_20260918T170453Z.jsonl,accepted_ingestion_window
databricks,drilldown,30,104448905502,2,31.095,quotes/databricks/results/serverless_baseline_full_20260918T170453Z/raw/drilldown_20260918T170453Z.jsonl,accepted_ingestion_window
databricks,drilldown,31,108048763282,1,5.7,quotes/databricks/results/serverless_baseline_full_20260918T170453Z/raw/drilldown_20260918T170453Z.jsonl,accepted_ingestion_window
databricks,drilldown,31,108048763282,2,4.527,quotes/databricks/results/serverless_baseline_full_20260918T170453Z/raw/drilldown_20260918T170453Z.jsonl,accepted_ingestion_window
databricks,drilldown,32,111648774193,1,18.543,quotes/databricks/results/serverless_baseline_full_20260918T170453Z/raw/drilldown_20260918T170453Z.jsonl,accepted_ingestion_window
databricks,drilldown,32,111648774193,2,11.275,quotes/databricks/results/serverless_baseline_full_20260918T170453Z/raw/drilldown_20260918T170453Z.jsonl,accepted_ingestion_window
clickhouse,drilldown,1,0,1,0.006,quotes/clickhouse-cloud/results_t2/matched/databricks_serverless_20260918/drilldown_active_matched_to_databricks.jsonl,accepted_ingestion_window
clickhouse,drilldown,1,0,2,0.007,quotes/clickhouse-cloud/results_t2/matched/databricks_serverless_20260918/drilldown_active_matched_to_databricks.jsonl,accepted_ingestion_window
clickhouse,drilldown,2,3742528876,1,0.865,quotes/clickhouse-cloud/results_t2/matched/databricks_serverless_20260918/drilldown_active_matched_to_databricks.jsonl,accepted_ingestion_window
clickhouse,drilldown,2,3742528876,2,0.421,quotes/clickhouse-cloud/results_t2/matched/databricks_serverless_20260918/drilldown_active_matched_to_databricks.jsonl,accepted_ingestion_window
clickhouse,drilldown,3,7149139248,1,0.557,quotes/clickhouse-cloud/results_t2/matched/databricks_serverless_20260918/drilldown_active_matched_to_databricks.jsonl,accepted_ingestion_window
clickhouse,drilldown,3,7149139248,2,0.307,quotes/clickhouse-cloud/results_t2/matched/databricks_serverless_20260918/drilldown_active_matched_to_databricks.jsonl,accepted_ingestion_window
clickhouse,drilldown,4,10451300014,1,0.589,quotes/clickhouse-cloud/results_t2/matched/databricks_serverless_20260918/drilldown_active_matched_to_databricks.jsonl,accepted_ingestion_window
clickhouse,drilldown,4,10451300014,2,0.322,quotes/clickhouse-cloud/results_t2/matched/databricks_serverless_20260918/drilldown_active_matched_to_databricks.jsonl,accepted_ingestion_window
clickhouse,drilldown,5,13693746344,1,0.935,quotes/clickhouse-cloud/results_t2/matched/databricks_serverless_20260918/drilldown_active_matched_to_databricks.jsonl,accepted_ingestion_window
clickhouse,drilldown,5,13693746344,2,0.428,quotes/clickhouse-cloud/results_t2/matched/databricks_serverless_20260918/drilldown_active_matched_to_databricks.jsonl,accepted_ingestion_window
clickhouse,drilldown,6,17207612605,1,0.508,quotes/clickhouse-cloud/results_t2/matched/databricks_serverless_20260918/drilldown_active_matched_to_databricks.jsonl,accepted_ingestion_window
clickhouse,drilldown,6,17207612605,2,0.334,quotes/clickhouse-cloud/results_t2/matched/databricks_serverless_20260918/drilldown_active_matched_to_databricks.jsonl,accepted_ingestion_window
clickhouse,drilldown,7,20600910656,1,0.898,quotes/clickhouse-cloud/results_t2/matched/databricks_serverless_20260918/drilldown_active_matched_to_databricks.jsonl,accepted_ingestion_window
clickhouse,drilldown,7,20600910656,2,0.51,quotes/clickhouse-cloud/results_t2/matched/databricks_serverless_20260918/drilldown_active_matched_to_databricks.jsonl,accepted_ingestion_window
clickhouse,drilldown,8,23847648964,1,0.831,quotes/clickhouse-cloud/results_t2/matched/databricks_serverless_20260918/drilldown_active_matched_to_databricks.jsonl,accepted_ingestion_window
clickhouse,drilldown,8,23847648964,2,0.597,quotes/clickhouse-cloud/results_t2/matched/databricks_serverless_20260918/drilldown_active_matched_to_databricks.jsonl,accepted_ingestion_window
clickhouse,drilldown,10,30468775164,1,0.782,quotes/clickhouse-cloud/results_t2/matched/databricks_serverless_20260918/drilldown_active_matched_to_databricks.jsonl,accepted_ingestion_window
clickhouse,drilldown,10,30468775164,2,0.483,quotes/clickhouse-cloud/results_t2/matched/databricks_serverless_20260918/drilldown_active_matched_to_databricks.jsonl,accepted_ingestion_window
clickhouse,drilldown,11,33749879001,1,0.587,quotes/clickhouse-cloud/results_t2/matched/databricks_serverless_20260918/drilldown_active_matched_to_databricks.jsonl,accepted_ingestion_window
clickhouse,drilldown,11,33749879001,2,0.45,quotes/clickhouse-cloud/results_t2/matched/databricks_serverless_20260918/drilldown_active_matched_to_databricks.jsonl,accepted_ingestion_window
clickhouse,drilldown,12,36853722010,1,1.08,quotes/clickhouse-cloud/results_t2/matched/databricks_serverless_20260918/drilldown_active_matched_to_databricks.jsonl,accepted_ingestion_window
clickhouse,drilldown,12,36853722010,2,0.58,quotes/clickhouse-cloud/results_t2/matched/databricks_serverless_20260918/drilldown_active_matched_to_databricks.jsonl,accepted_ingestion_window
clickhouse,drilldown,13,39940404643,1,0.728,quotes/clickhouse-cloud/results_t2/matched/databricks_serverless_20260918/drilldown_active_matched_to_databricks.jsonl,accepted_ingestion_window
clickhouse,drilldown,13,39940404643,2,0.426,quotes/clickhouse-cloud/results_t2/matched/databricks_serverless_20260918/drilldown_active_matched_to_databricks.jsonl,accepted_ingestion_window
clickhouse,drilldown,14,43039194322,1,0.927,quotes/clickhouse-cloud/results_t2/matched/databricks_serverless_20260918/drilldown_active_matched_to_databricks.jsonl,accepted_ingestion_window
clickhouse,drilldown,14,43039194322,2,0.584,quotes/clickhouse-cloud/results_t2/matched/databricks_serverless_20260918/drilldown_active_matched_to_databricks.jsonl,accepted_ingestion_window
clickhouse,drilldown,15,46111116140,1,0.829,quotes/clickhouse-cloud/results_t2/matched/databricks_serverless_20260918/drilldown_active_matched_to_databricks.jsonl,accepted_ingestion_window
clickhouse,drilldown,15,46111116140,2,0.596,quotes/clickhouse-cloud/results_t2/matched/databricks_serverless_20260918/drilldown_active_matched_to_databricks.jsonl,accepted_ingestion_window
clickhouse,drilldown,16,49175866023,1,0.878,quotes/clickhouse-cloud/results_t2/matched/databricks_serverless_20260918/drilldown_active_matched_to_databricks.jsonl,accepted_ingestion_window
clickhouse,drilldown,16,49175866023,2,0.576,quotes/clickhouse-cloud/results_t2/matched/databricks_serverless_20260918/drilldown_active_matched_to_databricks.jsonl,accepted_ingestion_window
clickhouse,drilldown,18,55419548257,1,0.692,quotes/clickhouse-cloud/results_t2/matched/databricks_serverless_20260918/drilldown_active_matched_to_databricks.jsonl,accepted_ingestion_window
clickhouse,drilldown,18,55419548257,2,0.463,quotes/clickhouse-cloud/results_t2/matched/databricks_serverless_20260918/drilldown_active_matched_to_databricks.jsonl,accepted_ingestion_window
clickhouse,drilldown,19,58512627462,1,0.854,quotes/clickhouse-cloud/results_t2/matched/databricks_serverless_20260918/drilldown_active_matched_to_databricks.jsonl,accepted_ingestion_window
clickhouse,drilldown,19,58512627462,2,0.667,quotes/clickhouse-cloud/results_t2/matched/databricks_serverless_20260918/drilldown_active_matched_to_databricks.jsonl,accepted_ingestion_window
clickhouse,drilldown,20,61372336571,1,0.9,quotes/clickhouse-cloud/results_t2/matched/databricks_serverless_20260918/drilldown_active_matched_to_databricks.jsonl,accepted_ingestion_window
clickhouse,drilldown,20,61372336571,2,0.67,quotes/clickhouse-cloud/results_t2/matched/databricks_serverless_20260918/drilldown_active_matched_to_databricks.jsonl,accepted_ingestion_window
clickhouse,drilldown,21,64300511639,1,0.749,quotes/clickhouse-cloud/results_t2/matched/databricks_serverless_20260918/drilldown_active_matched_to_databricks.jsonl,accepted_ingestion_window
clickhouse,drilldown,21,64300511639,2,0.603,quotes/clickhouse-cloud/results_t2/matched/databricks_serverless_20260918/drilldown_active_matched_to_databricks.jsonl,accepted_ingestion_window
clickhouse,drilldown,22,67296751626,1,0.74,quotes/clickhouse-cloud/results_t2/matched/databricks_serverless_20260918/drilldown_active_matched_to_databricks.jsonl,accepted_ingestion_window
clickhouse,drilldown,22,67296751626,2,0.637,quotes/clickhouse-cloud/results_t2/matched/databricks_serverless_20260918/drilldown_active_matched_to_databricks.jsonl,accepted_ingestion_window
clickhouse,drilldown,24,73014746623,1,0.796,quotes/clickhouse-cloud/results_t2/matched/databricks_serverless_20260918/drilldown_active_matched_to_databricks.jsonl,accepted_ingestion_window
clickhouse,drilldown,24,73014746623,2,0.686,quotes/clickhouse-cloud/results_t2/matched/databricks_serverless_20260918/drilldown_active_matched_to_databricks.jsonl,accepted_ingestion_window
clickhouse,drilldown,25,75968034150,1,0.809,quotes/clickhouse-cloud/results_t2/matched/databricks_serverless_20260918/drilldown_active_matched_to_databricks.jsonl,accepted_ingestion_window
clickhouse,drilldown,25,75968034150,2,0.704,quotes/clickhouse-cloud/results_t2/matched/databricks_serverless_20260918/drilldown_active_matched_to_databricks.jsonl,accepted_ingestion_window
clickhouse,drilldown,26,78744711237,1,0.871,quotes/clickhouse-cloud/results_t2/matched/databricks_serverless_20260918/drilldown_active_matched_to_databricks.jsonl,accepted_ingestion_window
clickhouse,drilldown,26,78744711237,2,0.728,quotes/clickhouse-cloud/results_t2/matched/databricks_serverless_20260918/drilldown_active_matched_to_databricks.jsonl,accepted_ingestion_window
clickhouse,drilldown,28,83951753947,1,1.039,quotes/clickhouse-cloud/results_t2/matched/databricks_serverless_20260918/drilldown_active_matched_to_databricks.jsonl,accepted_ingestion_window
clickhouse,drilldown,28,83951753947,2,0.778,quotes/clickhouse-cloud/results_t2/matched/databricks_serverless_20260918/drilldown_active_matched_to_databricks.jsonl,accepted_ingestion_window
clickhouse,drilldown,29,87063780214,1,1.18,quotes/clickhouse-cloud/results_t2/matched/databricks_serverless_20260918/drilldown_active_matched_to_databricks.jsonl,accepted_ingestion_window
clickhouse,drilldown,29,87063780214,2,0.811,quotes/clickhouse-cloud/results_t2/matched/databricks_serverless_20260918/drilldown_active_matched_to_databricks.jsonl,accepted_ingestion_window
clickhouse,drilldown,30,90313224986,1,0.81,quotes/clickhouse-cloud/results_t2/matched/databricks_serverless_20260918/drilldown_active_matched_to_databricks.jsonl,accepted_ingestion_window
clickhouse,drilldown,30,90313224986,2,0.722,quotes/clickhouse-cloud/results_t2/matched/databricks_serverless_20260918/drilldown_active_matched_to_databricks.jsonl,accepted_ingestion_window
clickhouse,drilldown,31,93296187953,1,1.012,quotes/clickhouse-cloud/results_t2/matched/databricks_serverless_20260918/drilldown_active_matched_to_databricks.jsonl,accepted_ingestion_window
clickhouse,drilldown,31,93296187953,2,0.835,quotes/clickhouse-cloud/results_t2/matched/databricks_serverless_20260918/drilldown_active_matched_to_databricks.jsonl,accepted_ingestion_window
clickhouse,drilldown,32,96365836441,1,0.834,quotes/clickhouse-cloud/results_t2/matched/databricks_serverless_20260918/drilldown_active_matched_to_databricks.jsonl,accepted_ingestion_window
clickhouse,drilldown,32,96365836441,2,0.7,quotes/clickhouse-cloud/results_t2/matched/databricks_serverless_20260918/drilldown_active_matched_to_databricks.jsonl,accepted_ingestion_window
clickhouse,drilldown,33,99569689379,1,0.978,quotes/clickhouse-cloud/results_t2/matched/databricks_serverless_20260918/drilldown_active_matched_to_databricks.jsonl,accepted_ingestion_window
clickhouse,drilldown,33,99569689379,2,0.843,quotes/clickhouse-cloud/results_t2/matched/databricks_serverless_20260918/drilldown_active_matched_to_databricks.jsonl,accepted_ingestion_window
clickhouse,drilldown,35,105357098705,1,1.107,quotes/clickhouse-cloud/results_t2/matched/databricks_serverless_20260918/drilldown_active_matched_to_databricks.jsonl,accepted_ingestion_window
clickhouse,drilldown,35,105357098705,2,0.995,quotes/clickhouse-cloud/results_t2/matched/databricks_serverless_20260918/drilldown_active_matched_to_databricks.jsonl,accepted_ingestion_window
clickhouse,drilldown,36,107984702280,1,0.77,quotes/clickhouse-cloud/results_t2/matched/databricks_serverless_20260918/drilldown_active_matched_to_databricks.jsonl,accepted_ingestion_window
clickhouse,drilldown,36,107984702280,2,0.835,quotes/clickhouse-cloud/results_t2/matched/databricks_serverless_20260918/drilldown_active_matched_to_databricks.jsonl,accepted_ingestion_window
clickhouse,drilldown,37,110886538219,1,1.445,quotes/clickhouse-cloud/results_t2/matched/databricks_serverless_20260918/drilldown_active_matched_to_databricks.jsonl,accepted_ingestion_window
clickhouse,drilldown,37,110886538219,2,1.19,quotes/clickhouse-cloud/results_t2/matched/databricks_serverless_20260918/drilldown_active_matched_to_databricks.jsonl,accepted_ingestion_window
