Parsed 4 queries from t2/queries_mv_imv.sql
Writing JSONL to out_t2_run12/dashboard_imv_iv_20260807T150525Z.jsonl
Query warehouse SNOWPIPES_IT_READ_SMALL, tracking warehouse BENCH, database BENCH2COST, schema STOCKHOUSE_T2_RUN12.
Interval 600s. Ctrl-C to stop.
[15:05:25] iter 1 starting...
  raw_rows=15702506  mv_rows=6747
  q1/4: 2.319s  (compile 2.246s, exec 0.073s)
  q2/4: 0.31s  (compile 0.159s, exec 0.151s)
  q3/4: 0.288s  (compile 0.116s, exec 0.172s)
  q4/4: 0.367s  (compile 0.114s, exec 0.253s)
  done. next iteration in 591s (fixed 600s cadence).
[15:15:25] iter 2 starting...
  raw_rows=569638102  mv_rows=9822
  QUERY TIMEOUT (interactive limit): 000630 (57014): Statement reached its statement or warehouse timeout of 5 second(s) and was canceled.
  q1/4: timeouts  (compile 5.105s, exec 0.0s)
  q2/4: 4.593s  (compile 4.439s, exec 0.154s)
  q3/4: 1.445s  (compile 1.027s, exec 0.418s)
  q4/4: 2.231s  (compile 1.375s, exec 0.856s)
  done. next iteration in 521s (fixed 600s cadence).
[15:25:25] iter 3 starting...
  raw_rows=1123519922  mv_rows=19630
  QUERY TIMEOUT (interactive limit): 000630 (57014): Statement reached its statement or warehouse timeout of 5 second(s) and was canceled.
  q1/4: timeouts  (compile 5.069s, exec 0.0s)
  QUERY TIMEOUT (interactive limit): 000630 (57014): Statement reached its statement or warehouse timeout of 5 second(s) and was canceled.
  q2/4: timeouts  (compile 5.084s, exec 0.0s)
  q3/4: 1.45s  (compile 0.814s, exec 0.636s)
  q4/4: 3.088s  (compile 1.798s, exec 1.29s)
  done. next iteration in 538s (fixed 600s cadence).
[15:35:25] iter 4 starting...
  raw_rows=1677132780  mv_rows=33412
  QUERY TIMEOUT (interactive limit): 000630 (57014): Statement reached its statement or warehouse timeout of 5 second(s) and was canceled.
  q1/4: timeouts  (compile 5.131s, exec 0.0s)
  QUERY TIMEOUT (interactive limit): 000630 (57014): Statement reached its statement or warehouse timeout of 5 second(s) and was canceled.
  q2/4: timeouts  (compile 5.098s, exec 0.0s)
  q3/4: 3.005s  (compile 2.077s, exec 0.928s)
  q4/4: 8.441s  (compile 3.542s, exec 4.899s)
  done. next iteration in 490s (fixed 600s cadence).
[15:45:25] iter 5 starting...
  raw_rows=2231864924  mv_rows=34519
  QUERY TIMEOUT (interactive limit): 000630 (57014): Statement reached its statement or warehouse timeout of 5 second(s) and was canceled.
  q1/4: timeouts  (compile 5.051s, exec 0.0s)
  QUERY TIMEOUT (interactive limit): 000630 (57014): Statement reached its statement or warehouse timeout of 5 second(s) and was canceled.
  q2/4: timeouts  (compile 5.072s, exec 0.0s)
  q3/4: 7.112s  (compile 4.318s, exec 2.731s)
  q4/4: 8.986s  (compile 4.616s, exec 4.37s)
  done. next iteration in 488s (fixed 600s cadence).
[15:55:25] iter 6 starting...
  raw_rows=2786508767  mv_rows=44538
  QUERY TIMEOUT (interactive limit): 000630 (57014): Statement reached its statement or warehouse timeout of 5 second(s) and was canceled.
  q1/4: timeouts  (compile 5.113s, exec 0.0s)
  QUERY TIMEOUT (interactive limit): 000630 (57014): Statement reached its statement or warehouse timeout of 5 second(s) and was canceled.
  q2/4: timeouts  (compile 5.334s, exec 0.0s)
  QUERY TIMEOUT (interactive limit): 000630 (57014): Statement reached its statement or warehouse timeout of 5 second(s) and was canceled.
  q3/4: timeouts  (compile 5.016s, exec 0.0s)
  q4/4: 8.681s  (compile 3.578s, exec 5.019s)
  done. next iteration in 498s (fixed 600s cadence).
[16:05:25] iter 7 starting...
  raw_rows=3340625480  mv_rows=54594
  QUERY TIMEOUT (interactive limit): 000630 (57014): Statement reached its statement or warehouse timeout of 5 second(s) and was canceled.
  q1/4: timeouts  (compile 5.089s, exec 0.0s)
  QUERY TIMEOUT (interactive limit): 000630 (57014): Statement reached its statement or warehouse timeout of 5 second(s) and was canceled.
  q2/4: timeouts  (compile 5.056s, exec 0.0s)
  q3/4: 2.786s  (compile 1.886s, exec 0.9s)
  q4/4: 4.354s  (compile 2.558s, exec 1.796s)
  done. next iteration in 537s (fixed 600s cadence).
[16:15:25] iter 8 starting...
  raw_rows=3892516155  mv_rows=64460
  QUERY TIMEOUT (interactive limit): 000630 (57014): Statement reached its statement or warehouse timeout of 5 second(s) and was canceled.
  q1/4: timeouts  (compile 5.091s, exec 0.0s)
  QUERY TIMEOUT (interactive limit): 000630 (57014): Statement reached its statement or warehouse timeout of 5 second(s) and was canceled.
  q2/4: timeouts  (compile 5.074s, exec 0.0s)
  QUERY TIMEOUT (interactive limit): 000630 (57014): Statement reached its statement or warehouse timeout of 5 second(s) and was canceled.
  q3/4: timeouts  (compile 5.086s, exec 0.0s)
  q4/4: 9.609s  (compile 4.723s, exec 4.781s)
  done. next iteration in 503s (fixed 600s cadence).
[16:25:25] iter 9 starting...
  raw_rows=4446018780  mv_rows=74136
  QUERY TIMEOUT (interactive limit): 000630 (57014): Statement reached its statement or warehouse timeout of 5 second(s) and was canceled.
  q1/4: timeouts  (compile 5.116s, exec 0.0s)
  QUERY TIMEOUT (interactive limit): 000630 (57014): Statement reached its statement or warehouse timeout of 5 second(s) and was canceled.
  q2/4: timeouts  (compile 5.077s, exec 0.0s)
  QUERY TIMEOUT (interactive limit): 000630 (57014): Statement reached its statement or warehouse timeout of 5 second(s) and was canceled.
  q3/4: timeouts  (compile 5.086s, exec 0.0s)
  q4/4: 7.843s  (compile 4.425s, exec 3.353s)
  done. next iteration in 510s (fixed 600s cadence).
[16:35:25] iter 10 starting...
  raw_rows=4999435292  mv_rows=75244
  QUERY TIMEOUT (interactive limit): 000630 (57014): Statement reached its statement or warehouse timeout of 5 second(s) and was canceled.
  q1/4: timeouts  (compile 5.064s, exec 0.0s)
  QUERY TIMEOUT (interactive limit): 000630 (57014): Statement reached its statement or warehouse timeout of 5 second(s) and was canceled.
  q2/4: timeouts  (compile 5.079s, exec 0.0s)
  QUERY TIMEOUT (interactive limit): 000630 (57014): Statement reached its statement or warehouse timeout of 5 second(s) and was canceled.
  q3/4: timeouts  (compile 5.069s, exec 0.0s)
  QUERY TIMEOUT (interactive limit): 000630 (57014): Statement reached its statement or warehouse timeout of 5 second(s) and was canceled.
  q4/4: timeouts  (compile 6.793s, exec 0.0s)
  done. next iteration in 493s (fixed 600s cadence).
[16:45:25] iter 11 starting...
  raw_rows=5550531248  mv_rows=89891
  QUERY TIMEOUT (interactive limit): 000630 (57014): Statement reached its statement or warehouse timeout of 5 second(s) and was canceled.
  q1/4: timeouts  (compile 5.042s, exec 0.0s)
  QUERY TIMEOUT (interactive limit): 000630 (57014): Statement reached its statement or warehouse timeout of 5 second(s) and was canceled.
  q2/4: timeouts  (compile 5.049s, exec 0.0s)
  QUERY TIMEOUT (interactive limit): 000630 (57014): Statement reached its statement or warehouse timeout of 5 second(s) and was canceled.
  q3/4: timeouts  (compile 5.048s, exec 0.0s)
  QUERY TIMEOUT (interactive limit): 000630 (57014): Statement reached its statement or warehouse timeout of 5 second(s) and was canceled.
  q4/4: timeouts  (compile 5.081s, exec 0.0s)
  done. next iteration in 504s (fixed 600s cadence).
[16:55:25] iter 12 starting...
  raw_rows=6101365193  mv_rows=99949
  QUERY TIMEOUT (interactive limit): 000630 (57014): Statement reached its statement or warehouse timeout of 5 second(s) and was canceled.
  q1/4: timeouts  (compile 5.066s, exec 0.0s)
  QUERY TIMEOUT (interactive limit): 000630 (57014): Statement reached its statement or warehouse timeout of 5 second(s) and was canceled.
  q2/4: timeouts  (compile 5.054s, exec 0.0s)
  QUERY TIMEOUT (interactive limit): 000630 (57014): Statement reached its statement or warehouse timeout of 5 second(s) and was canceled.
  q3/4: timeouts  (compile 5.079s, exec 0.0s)
  QUERY TIMEOUT (interactive limit): 000630 (57014): Statement reached its statement or warehouse timeout of 5 second(s) and was canceled.
  q4/4: timeouts  (compile 5.052s, exec 0.0s)
  done. next iteration in 501s (fixed 600s cadence).
[17:05:25] iter 13 starting...
  raw_rows=6651319452  mv_rows=109920
  QUERY TIMEOUT (interactive limit): 000630 (57014): Statement reached its statement or warehouse timeout of 5 second(s) and was canceled.
  q1/4: timeouts  (compile 5.088s, exec 0.0s)
  QUERY TIMEOUT (interactive limit): 000630 (57014): Statement reached its statement or warehouse timeout of 5 second(s) and was canceled.
  q2/4: timeouts  (compile 5.053s, exec 0.0s)
  QUERY TIMEOUT (interactive limit): 000630 (57014): Statement reached its statement or warehouse timeout of 5 second(s) and was canceled.
  q3/4: timeouts  (compile 5.135s, exec 0.0s)
  QUERY TIMEOUT (interactive limit): 000630 (57014): Statement reached its statement or warehouse timeout of 5 second(s) and was canceled.
  q4/4: timeouts  (compile 5.072s, exec 0.0s)
  done. next iteration in 506s (fixed 600s cadence).
[17:15:25] iter 14 starting...
  raw_rows=7201752883  mv_rows=119478
  QUERY TIMEOUT (interactive limit): 000630 (57014): Statement reached its statement or warehouse timeout of 5 second(s) and was canceled.
  q1/4: timeouts  (compile 5.106s, exec 0.0s)
  QUERY TIMEOUT (interactive limit): 000630 (57014): Statement reached its statement or warehouse timeout of 5 second(s) and was canceled.
  q2/4: timeouts  (compile 5.063s, exec 0.0s)
  QUERY TIMEOUT (interactive limit): 000630 (57014): Statement reached its statement or warehouse timeout of 5 second(s) and was canceled.
  q3/4: timeouts  (compile 5.107s, exec 0.0s)
  QUERY TIMEOUT (interactive limit): 000630 (57014): Statement reached its statement or warehouse timeout of 5 second(s) and was canceled.
  q4/4: timeouts  (compile 5.071s, exec 0.0s)
  done. next iteration in 484s (fixed 600s cadence).
[17:25:25] iter 15 starting...
  raw_rows=7751715320  mv_rows=120354
  QUERY TIMEOUT (interactive limit): 000630 (57014): Statement reached its statement or warehouse timeout of 5 second(s) and was canceled.
  q1/4: timeouts  (compile 5.067s, exec 0.0s)
  QUERY TIMEOUT (interactive limit): 000630 (57014): Statement reached its statement or warehouse timeout of 5 second(s) and was canceled.
  q2/4: timeouts  (compile 5.085s, exec 0.0s)
  QUERY TIMEOUT (interactive limit): 000630 (57014): Statement reached its statement or warehouse timeout of 5 second(s) and was canceled.
  q3/4: timeouts  (compile 5.058s, exec 0.0s)
  QUERY TIMEOUT (interactive limit): 000630 (57014): Statement reached its statement or warehouse timeout of 5 second(s) and was canceled.
  q4/4: timeouts  (compile 5.041s, exec 0.0s)
  done. next iteration in 502s (fixed 600s cadence).
[17:35:25] iter 16 starting...
  raw_rows=8302552821  mv_rows=130318
  QUERY TIMEOUT (interactive limit): 000630 (57014): Statement reached its statement or warehouse timeout of 5 second(s) and was canceled.
  q1/4: timeouts  (compile 5.142s, exec 0.0s)
  QUERY TIMEOUT (interactive limit): 000630 (57014): Statement reached its statement or warehouse timeout of 5 second(s) and was canceled.
  q2/4: timeouts  (compile 5.11s, exec 0.0s)
  QUERY TIMEOUT (interactive limit): 000630 (57014): Statement reached its statement or warehouse timeout of 5 second(s) and was canceled.
  q3/4: timeouts  (compile 5.056s, exec 0.0s)
  QUERY TIMEOUT (interactive limit): 000630 (57014): Statement reached its statement or warehouse timeout of 5 second(s) and was canceled.
  q4/4: timeouts  (compile 5.045s, exec 0.0s)
  done. next iteration in 491s (fixed 600s cadence).
[17:45:25] iter 17 starting...
  raw_rows=8849566659  mv_rows=144480
  QUERY TIMEOUT (interactive limit): 000630 (57014): Statement reached its statement or warehouse timeout of 5 second(s) and was canceled.
  q1/4: timeouts  (compile 5.098s, exec 0.0s)
  QUERY TIMEOUT (interactive limit): 000630 (57014): Statement reached its statement or warehouse timeout of 5 second(s) and was canceled.
  q2/4: timeouts  (compile 5.082s, exec 0.0s)
  QUERY TIMEOUT (interactive limit): 000630 (57014): Statement reached its statement or warehouse timeout of 5 second(s) and was canceled.
  q3/4: timeouts  (compile 5.067s, exec 0.0s)
  QUERY TIMEOUT (interactive limit): 000630 (57014): Statement reached its statement or warehouse timeout of 5 second(s) and was canceled.
  q4/4: timeouts  (compile 5.054s, exec 0.0s)
  done. next iteration in 509s (fixed 600s cadence).
[17:55:25] iter 18 starting...
  raw_rows=9392208620  mv_rows=154222
  QUERY TIMEOUT (interactive limit): 000630 (57014): Statement reached its statement or warehouse timeout of 5 second(s) and was canceled.
  q1/4: timeouts  (compile 5.097s, exec 0.0s)
  QUERY TIMEOUT (interactive limit): 000630 (57014): Statement reached its statement or warehouse timeout of 5 second(s) and was canceled.
  q2/4: timeouts  (compile 5.074s, exec 0.0s)
  QUERY TIMEOUT (interactive limit): 000630 (57014): Statement reached its statement or warehouse timeout of 5 second(s) and was canceled.
  q3/4: timeouts  (compile 5.065s, exec 0.0s)
  QUERY TIMEOUT (interactive limit): 000630 (57014): Statement reached its statement or warehouse timeout of 5 second(s) and was canceled.
  q4/4: timeouts  (compile 5.059s, exec 0.0s)
  done. next iteration in 490s (fixed 600s cadence).
[18:05:25] iter 19 starting...
  raw_rows=9934630898  mv_rows=154857
  QUERY TIMEOUT (interactive limit): 000630 (57014): Statement reached its statement or warehouse timeout of 5 second(s) and was canceled.
  q1/4: timeouts  (compile 5.116s, exec 0.0s)
  QUERY TIMEOUT (interactive limit): 000630 (57014): Statement reached its statement or warehouse timeout of 5 second(s) and was canceled.
  q2/4: timeouts  (compile 5.047s, exec 0.0s)
  QUERY TIMEOUT (interactive limit): 000630 (57014): Statement reached its statement or warehouse timeout of 5 second(s) and was canceled.
  q3/4: timeouts  (compile 5.043s, exec 0.0s)
  QUERY TIMEOUT (interactive limit): 000630 (57014): Statement reached its statement or warehouse timeout of 5 second(s) and was canceled.
  q4/4: timeouts  (compile 5.049s, exec 0.0s)
  done. next iteration in 493s (fixed 600s cadence).
[18:15:25] iter 20 starting...
  raw_rows=10475197163  mv_rows=164919
  QUERY TIMEOUT (interactive limit): 000630 (57014): Statement reached its statement or warehouse timeout of 5 second(s) and was canceled.
  q1/4: timeouts  (compile 5.061s, exec 0.0s)
  QUERY TIMEOUT (interactive limit): 000630 (57014): Statement reached its statement or warehouse timeout of 5 second(s) and was canceled.
  q2/4: timeouts  (compile 5.077s, exec 0.0s)
  QUERY TIMEOUT (interactive limit): 000630 (57014): Statement reached its statement or warehouse timeout of 5 second(s) and was canceled.
  q3/4: timeouts  (compile 5.093s, exec 0.0s)
  QUERY TIMEOUT (interactive limit): 000630 (57014): Statement reached its statement or warehouse timeout of 5 second(s) and was canceled.
  q4/4: timeouts  (compile 5.052s, exec 0.0s)
  done. next iteration in 478s (fixed 600s cadence).
[18:25:25] iter 21 starting...
  raw_rows=11018123307  mv_rows=174795
  QUERY TIMEOUT (interactive limit): 000630 (57014): Statement reached its statement or warehouse timeout of 5 second(s) and was canceled.
  q1/4: timeouts  (compile 5.148s, exec 0.0s)
  QUERY TIMEOUT (interactive limit): 000630 (57014): Statement reached its statement or warehouse timeout of 5 second(s) and was canceled.
  q2/4: timeouts  (compile 5.057s, exec 0.0s)
  QUERY TIMEOUT (interactive limit): 000630 (57014): Statement reached its statement or warehouse timeout of 5 second(s) and was canceled.
  q3/4: timeouts  (compile 5.046s, exec 0.0s)
  QUERY TIMEOUT (interactive limit): 000630 (57014): Statement reached its statement or warehouse timeout of 5 second(s) and was canceled.
  q4/4: timeouts  (compile 5.058s, exec 0.0s)
  done. next iteration in 507s (fixed 600s cadence).
[18:35:25] iter 22 starting...
  raw_rows=11559165332  mv_rows=182019
  QUERY TIMEOUT (interactive limit): 000630 (57014): Statement reached its statement or warehouse timeout of 5 second(s) and was canceled.
  q1/4: timeouts  (compile 5.133s, exec 0.0s)
  QUERY TIMEOUT (interactive limit): 000630 (57014): Statement reached its statement or warehouse timeout of 5 second(s) and was canceled.
  q2/4: timeouts  (compile 5.074s, exec 0.0s)
  QUERY TIMEOUT (interactive limit): 000630 (57014): Statement reached its statement or warehouse timeout of 5 second(s) and was canceled.
  q3/4: timeouts  (compile 5.044s, exec 0.0s)
  QUERY TIMEOUT (interactive limit): 000630 (57014): Statement reached its statement or warehouse timeout of 5 second(s) and was canceled.
  q4/4: timeouts  (compile 5.069s, exec 0.0s)
  done. next iteration in 496s (fixed 600s cadence).
[18:45:25] iter 23 starting...
  raw_rows=12101009098  mv_rows=185295
  QUERY TIMEOUT (interactive limit): 000630 (57014): Statement reached its statement or warehouse timeout of 5 second(s) and was canceled.
  q1/4: timeouts  (compile 5.04s, exec 0.0s)
  QUERY TIMEOUT (interactive limit): 000630 (57014): Statement reached its statement or warehouse timeout of 5 second(s) and was canceled.
  q2/4: timeouts  (compile 5.078s, exec 0.0s)
  QUERY TIMEOUT (interactive limit): 000630 (57014): Statement reached its statement or warehouse timeout of 5 second(s) and was canceled.
  q3/4: timeouts  (compile 5.076s, exec 0.0s)
  QUERY TIMEOUT (interactive limit): 000630 (57014): Statement reached its statement or warehouse timeout of 5 second(s) and was canceled.
  q4/4: timeouts  (compile 5.075s, exec 0.0s)
  done. next iteration in 493s (fixed 600s cadence).
[18:55:25] iter 24 starting...
  raw_rows=12643254749  mv_rows=200408
  QUERY TIMEOUT (interactive limit): 000630 (57014): Statement reached its statement or warehouse timeout of 5 second(s) and was canceled.
  q1/4: timeouts  (compile 5.065s, exec 0.0s)
  QUERY TIMEOUT (interactive limit): 000630 (57014): Statement reached its statement or warehouse timeout of 5 second(s) and was canceled.
  q2/4: timeouts  (compile 5.103s, exec 0.0s)
  QUERY TIMEOUT (interactive limit): 000630 (57014): Statement reached its statement or warehouse timeout of 5 second(s) and was canceled.
  q3/4: timeouts  (compile 5.903s, exec 0.0s)
  q4/4: 4.401s  (compile 3.033s, exec 1.368s)
  done. next iteration in 483s (fixed 600s cadence).
[19:05:25] iter 25 starting...
  raw_rows=13185631654  mv_rows=210285
  QUERY TIMEOUT (interactive limit): 000630 (57014): Statement reached its statement or warehouse timeout of 5 second(s) and was canceled.
  q1/4: timeouts  (compile 5.112s, exec 0.0s)
  QUERY TIMEOUT (interactive limit): 000630 (57014): Statement reached its statement or warehouse timeout of 5 second(s) and was canceled.
  q2/4: timeouts  (compile 5.1s, exec 0.0s)
  q3/4: 7.057s  (compile 4.359s, exec 2.641s)
  q4/4: 3.824s  (compile 1.324s, exec 2.5s)
  done. next iteration in 506s (fixed 600s cadence).
[19:15:25] iter 26 starting...
  raw_rows=13728738794  mv_rows=219613
  QUERY TIMEOUT (interactive limit): 000630 (57014): Statement reached its statement or warehouse timeout of 5 second(s) and was canceled.
  q1/4: timeouts  (compile 5.062s, exec 0.0s)
  QUERY TIMEOUT (interactive limit): 000630 (57014): Statement reached its statement or warehouse timeout of 5 second(s) and was canceled.
  q2/4: timeouts  (compile 5.083s, exec 0.0s)
  QUERY TIMEOUT (interactive limit): 000630 (57014): Statement reached its statement or warehouse timeout of 5 second(s) and was canceled.
  q3/4: timeouts  (compile 5.093s, exec 0.0s)
  QUERY TIMEOUT (interactive limit): 000630 (57014): Statement reached its statement or warehouse timeout of 5 second(s) and was canceled.
  q4/4: timeouts  (compile 5.96s, exec 0.0s)
  done. next iteration in 509s (fixed 600s cadence).
[19:25:25] iter 27 starting...
  raw_rows=14270986055  mv_rows=221005
  QUERY TIMEOUT (interactive limit): 000630 (57014): Statement reached its statement or warehouse timeout of 5 second(s) and was canceled.
  q1/4: timeouts  (compile 5.106s, exec 0.0s)
  QUERY TIMEOUT (interactive limit): 000630 (57014): Statement reached its statement or warehouse timeout of 5 second(s) and was canceled.
  q2/4: timeouts  (compile 5.088s, exec 0.0s)
  QUERY TIMEOUT (interactive limit): 000630 (57014): Statement reached its statement or warehouse timeout of 5 second(s) and was canceled.
  q3/4: timeouts  (compile 5.067s, exec 0.0s)
  QUERY TIMEOUT (interactive limit): 000630 (57014): Statement reached its statement or warehouse timeout of 5 second(s) and was canceled.
  q4/4: timeouts  (compile 5.059s, exec 0.0s)
  done. next iteration in 518s (fixed 600s cadence).
[19:35:25] iter 28 starting...
  raw_rows=14812851892  mv_rows=231048
  QUERY TIMEOUT (interactive limit): 000630 (57014): Statement reached its statement or warehouse timeout of 5 second(s) and was canceled.
  q1/4: timeouts  (compile 5.08s, exec 0.0s)
  QUERY TIMEOUT (interactive limit): 000630 (57014): Statement reached its statement or warehouse timeout of 5 second(s) and was canceled.
  q2/4: timeouts  (compile 5.079s, exec 0.0s)
  QUERY TIMEOUT (interactive limit): 000630 (57014): Statement reached its statement or warehouse timeout of 5 second(s) and was canceled.
  q3/4: timeouts  (compile 5.097s, exec 0.0s)
  q4/4: 2.126s  (compile 1.695s, exec 0.431s)
  done. next iteration in 470s (fixed 600s cadence).
[19:45:25] iter 29 starting...
  raw_rows=15355819388  mv_rows=240983
  QUERY TIMEOUT (interactive limit): 000630 (57014): Statement reached its statement or warehouse timeout of 5 second(s) and was canceled.
  q1/4: timeouts  (compile 5.062s, exec 0.0s)
  QUERY TIMEOUT (interactive limit): 000630 (57014): Statement reached its statement or warehouse timeout of 5 second(s) and was canceled.
  q2/4: timeouts  (compile 5.072s, exec 0.0s)
  QUERY TIMEOUT (interactive limit): 000630 (57014): Statement reached its statement or warehouse timeout of 5 second(s) and was canceled.
  q3/4: timeouts  (compile 5.119s, exec 0.0s)
  QUERY TIMEOUT (interactive limit): 000630 (57014): Statement reached its statement or warehouse timeout of 5 second(s) and was canceled.
  q4/4: timeouts  (compile 5.091s, exec 0.0s)
  done. next iteration in 496s (fixed 600s cadence).
[19:55:25] iter 30 starting...
  raw_rows=15898008210  mv_rows=255989
  QUERY TIMEOUT (interactive limit): 000630 (57014): Statement reached its statement or warehouse timeout of 5 second(s) and was canceled.
  q1/4: timeouts  (compile 5.123s, exec 0.0s)
  QUERY TIMEOUT (interactive limit): 000630 (57014): Statement reached its statement or warehouse timeout of 5 second(s) and was canceled.
  q2/4: timeouts  (compile 5.074s, exec 0.0s)
  QUERY TIMEOUT (interactive limit): 000630 (57014): Statement reached its statement or warehouse timeout of 5 second(s) and was canceled.
  q3/4: timeouts  (compile 5.049s, exec 0.0s)
  QUERY TIMEOUT (interactive limit): 000630 (57014): Statement reached its statement or warehouse timeout of 5 second(s) and was canceled.
  q4/4: timeouts  (compile 5.09s, exec 0.0s)
  done. next iteration in 475s (fixed 600s cadence).
[20:05:25] iter 31 starting...
  raw_rows=16440999004  mv_rows=258782
  QUERY TIMEOUT (interactive limit): 000630 (57014): Statement reached its statement or warehouse timeout of 5 second(s) and was canceled.
  q1/4: timeouts  (compile 5.1s, exec 0.0s)
  QUERY TIMEOUT (interactive limit): 000630 (57014): Statement reached its statement or warehouse timeout of 5 second(s) and was canceled.
  q2/4: timeouts  (compile 5.081s, exec 0.0s)
  QUERY TIMEOUT (interactive limit): 000630 (57014): Statement reached its statement or warehouse timeout of 5 second(s) and was canceled.
  q3/4: timeouts  (compile 5.78s, exec 0.0s)
  QUERY TIMEOUT (interactive limit): 000630 (57014): Statement reached its statement or warehouse timeout of 5 second(s) and was canceled.
  q4/4: timeouts  (compile 5.138s, exec 0.0s)
  done. next iteration in 451s (fixed 600s cadence).
[20:15:25] iter 32 starting...
  raw_rows=16983370046  mv_rows=266616
  QUERY TIMEOUT (interactive limit): 000630 (57014): Statement reached its statement or warehouse timeout of 5 second(s) and was canceled.
  q1/4: timeouts  (compile 5.102s, exec 0.0s)
  QUERY TIMEOUT (interactive limit): 000630 (57014): Statement reached its statement or warehouse timeout of 5 second(s) and was canceled.
  q2/4: timeouts  (compile 5.061s, exec 0.0s)
  QUERY TIMEOUT (interactive limit): 000630 (57014): Statement reached its statement or warehouse timeout of 5 second(s) and was canceled.
  q3/4: timeouts  (compile 5.102s, exec 0.0s)
  QUERY TIMEOUT (interactive limit): 000630 (57014): Statement reached its statement or warehouse timeout of 5 second(s) and was canceled.
  q4/4: timeouts  (compile 5.12s, exec 0.0s)
  done. next iteration in 351s (fixed 600s cadence).
[20:25:25] iter 33 starting...
  raw_rows=17525526110  mv_rows=276598
  QUERY TIMEOUT (interactive limit): 000630 (57014): Statement reached its statement or warehouse timeout of 5 second(s) and was canceled.
  q1/4: timeouts  (compile 5.069s, exec 0.0s)
  QUERY TIMEOUT (interactive limit): 000630 (57014): Statement reached its statement or warehouse timeout of 5 second(s) and was canceled.
  q2/4: timeouts  (compile 5.06s, exec 0.0s)
  QUERY TIMEOUT (interactive limit): 000630 (57014): Statement reached its statement or warehouse timeout of 5 second(s) and was canceled.
  q3/4: timeouts  (compile 5.059s, exec 0.0s)
  QUERY TIMEOUT (interactive limit): 000630 (57014): Statement reached its statement or warehouse timeout of 5 second(s) and was canceled.
  q4/4: timeouts  (compile 5.104s, exec 0.0s)
  done. next iteration in 435s (fixed 600s cadence).
[20:35:25] iter 34 starting...
  raw_rows=18068038202  mv_rows=286302
  QUERY TIMEOUT (interactive limit): 000630 (57014): Statement reached its statement or warehouse timeout of 5 second(s) and was canceled.
  q1/4: timeouts  (compile 5.083s, exec 0.0s)
  QUERY TIMEOUT (interactive limit): 000630 (57014): Statement reached its statement or warehouse timeout of 5 second(s) and was canceled.
  q2/4: timeouts  (compile 5.055s, exec 0.0s)
  QUERY TIMEOUT (interactive limit): 000630 (57014): Statement reached its statement or warehouse timeout of 5 second(s) and was canceled.
  q3/4: timeouts  (compile 5.1s, exec 0.0s)
  QUERY TIMEOUT (interactive limit): 000630 (57014): Statement reached its statement or warehouse timeout of 5 second(s) and was canceled.
  q4/4: timeouts  (compile 5.072s, exec 0.0s)
  done. next iteration in 373s (fixed 600s cadence).
[20:45:25] iter 35 starting...
  raw_rows=18610176947  mv_rows=286938
  QUERY TIMEOUT (interactive limit): 000630 (57014): Statement reached its statement or warehouse timeout of 5 second(s) and was canceled.
  q1/4: timeouts  (compile 5.129s, exec 0.0s)
  QUERY TIMEOUT (interactive limit): 000630 (57014): Statement reached its statement or warehouse timeout of 5 second(s) and was canceled.
  q2/4: timeouts  (compile 5.111s, exec 0.0s)
  QUERY TIMEOUT (interactive limit): 000630 (57014): Statement reached its statement or warehouse timeout of 5 second(s) and was canceled.
  q3/4: timeouts  (compile 5.491s, exec 0.0s)
  QUERY TIMEOUT (interactive limit): 000630 (57014): Statement reached its statement or warehouse timeout of 5 second(s) and was canceled.
  q4/4: timeouts  (compile 5.719s, exec 0.0s)
  done. next iteration in 389s (fixed 600s cadence).
[20:55:25] iter 36 starting...
  raw_rows=19152786290  mv_rows=296824
  QUERY TIMEOUT (interactive limit): 000630 (57014): Statement reached its statement or warehouse timeout of 5 second(s) and was canceled.
  q1/4: timeouts  (compile 5.099s, exec 0.0s)
  QUERY TIMEOUT (interactive limit): 000630 (57014): Statement reached its statement or warehouse timeout of 5 second(s) and was canceled.
  q2/4: timeouts  (compile 5.073s, exec 0.0s)
  QUERY TIMEOUT (interactive limit): 000630 (57014): Statement reached its statement or warehouse timeout of 5 second(s) and was canceled.
  q3/4: timeouts  (compile 5.056s, exec 0.0s)
  QUERY TIMEOUT (interactive limit): 000630 (57014): Statement reached its statement or warehouse timeout of 5 second(s) and was canceled.
  q4/4: timeouts  (compile 5.063s, exec 0.0s)
  done. next iteration in 408s (fixed 600s cadence).
[21:05:25] iter 37 starting...
  raw_rows=19695618212  mv_rows=311778
  QUERY TIMEOUT (interactive limit): 000630 (57014): Statement reached its statement or warehouse timeout of 5 second(s) and was canceled.
  q1/4: timeouts  (compile 5.073s, exec 0.0s)
  QUERY TIMEOUT (interactive limit): 000630 (57014): Statement reached its statement or warehouse timeout of 5 second(s) and was canceled.
  q2/4: timeouts  (compile 5.049s, exec 0.0s)
  QUERY TIMEOUT (interactive limit): 000630 (57014): Statement reached its statement or warehouse timeout of 5 second(s) and was canceled.
  q3/4: timeouts  (compile 5.064s, exec 0.0s)
  QUERY TIMEOUT (interactive limit): 000630 (57014): Statement reached its statement or warehouse timeout of 5 second(s) and was canceled.
  q4/4: timeouts  (compile 5.069s, exec 0.0s)
  done. next iteration in 521s (fixed 600s cadence).
[21:15:25] iter 38 starting...
  raw_rows=20237541642  mv_rows=321223
  QUERY TIMEOUT (interactive limit): 000630 (57014): Statement reached its statement or warehouse timeout of 5 second(s) and was canceled.
  q1/4: timeouts  (compile 5.078s, exec 0.0s)
  QUERY TIMEOUT (interactive limit): 000630 (57014): Statement reached its statement or warehouse timeout of 5 second(s) and was canceled.
  q2/4: timeouts  (compile 5.088s, exec 0.0s)
  QUERY TIMEOUT (interactive limit): 000630 (57014): Statement reached its statement or warehouse timeout of 5 second(s) and was canceled.
  q3/4: timeouts  (compile 5.403s, exec 0.0s)
  QUERY TIMEOUT (interactive limit): 000630 (57014): Statement reached its statement or warehouse timeout of 5 second(s) and was canceled.
  q4/4: timeouts  (compile 5.05s, exec 0.0s)
  done. next iteration in 493s (fixed 600s cadence).
[21:25:25] iter 39 starting...
  raw_rows=20780086249  mv_rows=322158
  QUERY TIMEOUT (interactive limit): 000630 (57014): Statement reached its statement or warehouse timeout of 5 second(s) and was canceled.
  q1/4: timeouts  (compile 5.111s, exec 0.0s)
  QUERY TIMEOUT (interactive limit): 000630 (57014): Statement reached its statement or warehouse timeout of 5 second(s) and was canceled.
  q2/4: timeouts  (compile 5.091s, exec 0.0s)
  QUERY TIMEOUT (interactive limit): 000630 (57014): Statement reached its statement or warehouse timeout of 5 second(s) and was canceled.
  q3/4: timeouts  (compile 5.268s, exec 0.0s)
  QUERY TIMEOUT (interactive limit): 000630 (57014): Statement reached its statement or warehouse timeout of 5 second(s) and was canceled.
  q4/4: timeouts  (compile 5.084s, exec 0.0s)
  done. next iteration in 499s (fixed 600s cadence).
[21:35:25] iter 40 starting...
  raw_rows=21321786643  mv_rows=332183
  QUERY TIMEOUT (interactive limit): 000630 (57014): Statement reached its statement or warehouse timeout of 5 second(s) and was canceled.
  q1/4: timeouts  (compile 5.117s, exec 0.0s)
  QUERY TIMEOUT (interactive limit): 000630 (57014): Statement reached its statement or warehouse timeout of 5 second(s) and was canceled.
  q2/4: timeouts  (compile 5.707s, exec 0.0s)
  QUERY TIMEOUT (interactive limit): 000630 (57014): Statement reached its statement or warehouse timeout of 5 second(s) and was canceled.
  q3/4: timeouts  (compile 5.071s, exec 0.0s)
  QUERY TIMEOUT (interactive limit): 000630 (57014): Statement reached its statement or warehouse timeout of 5 second(s) and was canceled.
  q4/4: timeouts  (compile 5.079s, exec 0.0s)
  done. next iteration in 464s (fixed 600s cadence).
[21:45:25] iter 41 starting...
  raw_rows=21863766597  mv_rows=352947
  QUERY TIMEOUT (interactive limit): 000630 (57014): Statement reached its statement or warehouse timeout of 5 second(s) and was canceled.
  q1/4: timeouts  (compile 5.058s, exec 0.0s)
  QUERY TIMEOUT (interactive limit): 000630 (57014): Statement reached its statement or warehouse timeout of 5 second(s) and was canceled.
  q2/4: timeouts  (compile 5.101s, exec 0.0s)
  QUERY TIMEOUT (interactive limit): 000630 (57014): Statement reached its statement or warehouse timeout of 5 second(s) and was canceled.
  q3/4: timeouts  (compile 5.064s, exec 0.0s)
  QUERY TIMEOUT (interactive limit): 000630 (57014): Statement reached its statement or warehouse timeout of 5 second(s) and was canceled.
  q4/4: timeouts  (compile 5.068s, exec 0.0s)
  done. next iteration in 461s (fixed 600s cadence).
[21:55:25] iter 42 starting...
  raw_rows=22405802202  mv_rows=357567
  QUERY TIMEOUT (interactive limit): 000630 (57014): Statement reached its statement or warehouse timeout of 5 second(s) and was canceled.
  q1/4: timeouts  (compile 5.091s, exec 0.0s)
  QUERY TIMEOUT (interactive limit): 000630 (57014): Statement reached its statement or warehouse timeout of 5 second(s) and was canceled.
  q2/4: timeouts  (compile 5.12s, exec 0.0s)
  QUERY TIMEOUT (interactive limit): 000630 (57014): Statement reached its statement or warehouse timeout of 5 second(s) and was canceled.
  q3/4: timeouts  (compile 5.068s, exec 0.0s)
  QUERY TIMEOUT (interactive limit): 000630 (57014): Statement reached its statement or warehouse timeout of 5 second(s) and was canceled.
  q4/4: timeouts  (compile 5.057s, exec 0.0s)
  done. next iteration in 489s (fixed 600s cadence).
[22:05:25] iter 43 starting...
  raw_rows=22947942674  mv_rows=367560
  QUERY TIMEOUT (interactive limit): 000630 (57014): Statement reached its statement or warehouse timeout of 5 second(s) and was canceled.
  q1/4: timeouts  (compile 5.047s, exec 0.0s)
  QUERY TIMEOUT (interactive limit): 000630 (57014): Statement reached its statement or warehouse timeout of 5 second(s) and was canceled.
  q2/4: timeouts  (compile 5.056s, exec 0.0s)
  QUERY TIMEOUT (interactive limit): 000630 (57014): Statement reached its statement or warehouse timeout of 5 second(s) and was canceled.
  q3/4: timeouts  (compile 5.045s, exec 0.0s)
  QUERY TIMEOUT (interactive limit): 000630 (57014): Statement reached its statement or warehouse timeout of 5 second(s) and was canceled.
  q4/4: timeouts  (compile 5.447s, exec 0.0s)
  done. next iteration in 471s (fixed 600s cadence).
[22:15:25] iter 44 starting...
  raw_rows=23489696601  mv_rows=377521
  QUERY TIMEOUT (interactive limit): 000630 (57014): Statement reached its statement or warehouse timeout of 5 second(s) and was canceled.
  q1/4: timeouts  (compile 5.081s, exec 0.0s)
  QUERY TIMEOUT (interactive limit): 000630 (57014): Statement reached its statement or warehouse timeout of 5 second(s) and was canceled.
  q2/4: timeouts  (compile 5.077s, exec 0.0s)
  QUERY TIMEOUT (interactive limit): 000630 (57014): Statement reached its statement or warehouse timeout of 5 second(s) and was canceled.
  q3/4: timeouts  (compile 5.204s, exec 0.0s)
  QUERY TIMEOUT (interactive limit): 000630 (57014): Statement reached its statement or warehouse timeout of 5 second(s) and was canceled.
  q4/4: timeouts  (compile 5.08s, exec 0.0s)
  done. next iteration in 458s (fixed 600s cadence).
[22:25:25] iter 45 starting...
  raw_rows=24032267029  mv_rows=387637
  QUERY TIMEOUT (interactive limit): 000630 (57014): Statement reached its statement or warehouse timeout of 5 second(s) and was canceled.
  q1/4: timeouts  (compile 5.086s, exec 0.0s)
  QUERY TIMEOUT (interactive limit): 000630 (57014): Statement reached its statement or warehouse timeout of 5 second(s) and was canceled.
  q2/4: timeouts  (compile 5.053s, exec 0.0s)
  QUERY TIMEOUT (interactive limit): 000630 (57014): Statement reached its statement or warehouse timeout of 5 second(s) and was canceled.
  q3/4: timeouts  (compile 5.063s, exec 0.0s)
  QUERY TIMEOUT (interactive limit): 000630 (57014): Statement reached its statement or warehouse timeout of 5 second(s) and was canceled.
  q4/4: timeouts  (compile 5.051s, exec 0.0s)
  done. next iteration in 440s (fixed 600s cadence).
[22:35:25] iter 46 starting...
  raw_rows=24573236595  mv_rows=394852
  QUERY TIMEOUT (interactive limit): 000630 (57014): Statement reached its statement or warehouse timeout of 5 second(s) and was canceled.
  q1/4: timeouts  (compile 5.08s, exec 0.0s)
  QUERY TIMEOUT (interactive limit): 000630 (57014): Statement reached its statement or warehouse timeout of 5 second(s) and was canceled.
  q2/4: timeouts  (compile 5.061s, exec 0.0s)
  QUERY TIMEOUT (interactive limit): 000630 (57014): Statement reached its statement or warehouse timeout of 5 second(s) and was canceled.
  q3/4: timeouts  (compile 5.4s, exec 0.0s)
  QUERY TIMEOUT (interactive limit): 000630 (57014): Statement reached its statement or warehouse timeout of 5 second(s) and was canceled.
  q4/4: timeouts  (compile 5.058s, exec 0.0s)
  done. next iteration in 456s (fixed 600s cadence).
[22:45:25] iter 47 starting...
  raw_rows=25114707285  mv_rows=398449
  QUERY TIMEOUT (interactive limit): 000630 (57014): Statement reached its statement or warehouse timeout of 5 second(s) and was canceled.
  q1/4: timeouts  (compile 5.096s, exec 0.0s)
  QUERY TIMEOUT (interactive limit): 000630 (57014): Statement reached its statement or warehouse timeout of 5 second(s) and was canceled.
  q2/4: timeouts  (compile 5.044s, exec 0.0s)
  QUERY TIMEOUT (interactive limit): 000630 (57014): Statement reached its statement or warehouse timeout of 5 second(s) and was canceled.
  q3/4: timeouts  (compile 5.08s, exec 0.0s)
  QUERY TIMEOUT (interactive limit): 000630 (57014): Statement reached its statement or warehouse timeout of 5 second(s) and was canceled.
  q4/4: timeouts  (compile 5.078s, exec 0.0s)
  done. next iteration in 473s (fixed 600s cadence).
[22:55:25] iter 48 starting...
  raw_rows=25656242372  mv_rows=413853
  QUERY TIMEOUT (interactive limit): 000630 (57014): Statement reached its statement or warehouse timeout of 5 second(s) and was canceled.
  q1/4: timeouts  (compile 5.058s, exec 0.0s)
  QUERY TIMEOUT (interactive limit): 000630 (57014): Statement reached its statement or warehouse timeout of 5 second(s) and was canceled.
  q2/4: timeouts  (compile 5.045s, exec 0.0s)
  QUERY TIMEOUT (interactive limit): 000630 (57014): Statement reached its statement or warehouse timeout of 5 second(s) and was canceled.
  q3/4: timeouts  (compile 5.049s, exec 0.0s)
  QUERY TIMEOUT (interactive limit): 000630 (57014): Statement reached its statement or warehouse timeout of 5 second(s) and was canceled.
  q4/4: timeouts  (compile 5.06s, exec 0.0s)
  done. next iteration in 513s (fixed 600s cadence).
[23:05:25] iter 49 starting...
  raw_rows=26198572926  mv_rows=424042
  QUERY TIMEOUT (interactive limit): 000630 (57014): Statement reached its statement or warehouse timeout of 5 second(s) and was canceled.
  q1/4: timeouts  (compile 5.103s, exec 0.0s)
  QUERY TIMEOUT (interactive limit): 000630 (57014): Statement reached its statement or warehouse timeout of 5 second(s) and was canceled.
  q2/4: timeouts  (compile 5.052s, exec 0.0s)
  QUERY TIMEOUT (interactive limit): 000630 (57014): Statement reached its statement or warehouse timeout of 5 second(s) and was canceled.
  q3/4: timeouts  (compile 5.041s, exec 0.0s)
  QUERY TIMEOUT (interactive limit): 000630 (57014): Statement reached its statement or warehouse timeout of 5 second(s) and was canceled.
  q4/4: timeouts  (compile 5.075s, exec 0.0s)
  done. next iteration in 491s (fixed 600s cadence).
[23:15:25] iter 50 starting...
  raw_rows=26739914335  mv_rows=434089
  QUERY TIMEOUT (interactive limit): 000630 (57014): Statement reached its statement or warehouse timeout of 5 second(s) and was canceled.
  q1/4: timeouts  (compile 5.051s, exec 0.0s)
  QUERY TIMEOUT (interactive limit): 000630 (57014): Statement reached its statement or warehouse timeout of 5 second(s) and was canceled.
  q2/4: timeouts  (compile 5.053s, exec 0.0s)
  QUERY TIMEOUT (interactive limit): 000630 (57014): Statement reached its statement or warehouse timeout of 5 second(s) and was canceled.
  q3/4: timeouts  (compile 5.323s, exec 0.0s)
  QUERY TIMEOUT (interactive limit): 000630 (57014): Statement reached its statement or warehouse timeout of 5 second(s) and was canceled.
  q4/4: timeouts  (compile 5.04s, exec 0.0s)
  done. next iteration in 479s (fixed 600s cadence).
[23:25:25] iter 51 starting...
  raw_rows=27282604099  mv_rows=434838
  QUERY TIMEOUT (interactive limit): 000630 (57014): Statement reached its statement or warehouse timeout of 5 second(s) and was canceled.
  q1/4: timeouts  (compile 5.056s, exec 0.0s)
  QUERY TIMEOUT (interactive limit): 000630 (57014): Statement reached its statement or warehouse timeout of 5 second(s) and was canceled.
  q2/4: timeouts  (compile 5.053s, exec 0.0s)
  QUERY TIMEOUT (interactive limit): 000630 (57014): Statement reached its statement or warehouse timeout of 5 second(s) and was canceled.
  q3/4: timeouts  (compile 5.057s, exec 0.0s)
  QUERY TIMEOUT (interactive limit): 000630 (57014): Statement reached its statement or warehouse timeout of 5 second(s) and was canceled.
  q4/4: timeouts  (compile 5.051s, exec 0.0s)
  done. next iteration in 488s (fixed 600s cadence).
[23:35:25] iter 52 starting...
  raw_rows=27823933791  mv_rows=445106
  QUERY TIMEOUT (interactive limit): 000630 (57014): Statement reached its statement or warehouse timeout of 5 second(s) and was canceled.
  q1/4: timeouts  (compile 5.052s, exec 0.0s)
  QUERY TIMEOUT (interactive limit): 000630 (57014): Statement reached its statement or warehouse timeout of 5 second(s) and was canceled.
  q2/4: timeouts  (compile 5.068s, exec 0.0s)
  QUERY TIMEOUT (interactive limit): 000630 (57014): Statement reached its statement or warehouse timeout of 5 second(s) and was canceled.
  q3/4: timeouts  (compile 5.079s, exec 0.0s)
  QUERY TIMEOUT (interactive limit): 000630 (57014): Statement reached its statement or warehouse timeout of 5 second(s) and was canceled.
  q4/4: timeouts  (compile 5.051s, exec 0.0s)
  done. next iteration in 477s (fixed 600s cadence).
[23:45:25] iter 53 starting...
  raw_rows=28366707605  mv_rows=455247
  QUERY TIMEOUT (interactive limit): 000630 (57014): Statement reached its statement or warehouse timeout of 5 second(s) and was canceled.
  q1/4: timeouts  (compile 5.106s, exec 0.0s)
  QUERY TIMEOUT (interactive limit): 000630 (57014): Statement reached its statement or warehouse timeout of 5 second(s) and was canceled.
  q2/4: timeouts  (compile 5.033s, exec 0.0s)
  QUERY TIMEOUT (interactive limit): 000630 (57014): Statement reached its statement or warehouse timeout of 5 second(s) and was canceled.
  q3/4: timeouts  (compile 5.294s, exec 0.0s)
  QUERY TIMEOUT (interactive limit): 000630 (57014): Statement reached its statement or warehouse timeout of 5 second(s) and was canceled.
  q4/4: timeouts  (compile 5.039s, exec 0.0s)
  done. next iteration in 511s (fixed 600s cadence).
[23:55:25] iter 54 starting...
  raw_rows=28908992694  mv_rows=469958
  QUERY TIMEOUT (interactive limit): 000630 (57014): Statement reached its statement or warehouse timeout of 5 second(s) and was canceled.
  q1/4: timeouts  (compile 5.092s, exec 0.0s)
  QUERY TIMEOUT (interactive limit): 000630 (57014): Statement reached its statement or warehouse timeout of 5 second(s) and was canceled.
  q2/4: timeouts  (compile 5.074s, exec 0.0s)
  QUERY TIMEOUT (interactive limit): 000630 (57014): Statement reached its statement or warehouse timeout of 5 second(s) and was canceled.
  q3/4: timeouts  (compile 5.037s, exec 0.0s)
  QUERY TIMEOUT (interactive limit): 000630 (57014): Statement reached its statement or warehouse timeout of 5 second(s) and was canceled.
  q4/4: timeouts  (compile 5.032s, exec 0.0s)
  done. next iteration in 475s (fixed 600s cadence).
[00:05:25] iter 55 starting...
  raw_rows=29449733806  mv_rows=471201
  QUERY TIMEOUT (interactive limit): 000630 (57014): Statement reached its statement or warehouse timeout of 5 second(s) and was canceled.
  q1/4: timeouts  (compile 5.078s, exec 0.0s)
  QUERY TIMEOUT (interactive limit): 000630 (57014): Statement reached its statement or warehouse timeout of 5 second(s) and was canceled.
  q2/4: timeouts  (compile 5.055s, exec 0.0s)
  QUERY TIMEOUT (interactive limit): 000630 (57014): Statement reached its statement or warehouse timeout of 5 second(s) and was canceled.
  q3/4: timeouts  (compile 5.077s, exec 0.0s)
  QUERY TIMEOUT (interactive limit): 000630 (57014): Statement reached its statement or warehouse timeout of 5 second(s) and was canceled.
  q4/4: timeouts  (compile 5.049s, exec 0.0s)
  done. next iteration in 451s (fixed 600s cadence).
[00:15:25] iter 56 starting...
  raw_rows=29990398363  mv_rows=481406
  QUERY TIMEOUT (interactive limit): 000630 (57014): Statement reached its statement or warehouse timeout of 5 second(s) and was canceled.
  q1/4: timeouts  (compile 5.107s, exec 0.0s)
  QUERY TIMEOUT (interactive limit): 000630 (57014): Statement reached its statement or warehouse timeout of 5 second(s) and was canceled.
  q2/4: timeouts  (compile 5.069s, exec 0.0s)
  QUERY TIMEOUT (interactive limit): 000630 (57014): Statement reached its statement or warehouse timeout of 5 second(s) and was canceled.
  q3/4: timeouts  (compile 5.039s, exec 0.0s)
  QUERY TIMEOUT (interactive limit): 000630 (57014): Statement reached its statement or warehouse timeout of 5 second(s) and was canceled.
  q4/4: timeouts  (compile 5.038s, exec 0.0s)
  done. next iteration in 501s (fixed 600s cadence).
[00:25:25] iter 57 starting...
  raw_rows=30532028806  mv_rows=491218
  QUERY TIMEOUT (interactive limit): 000630 (57014): Statement reached its statement or warehouse timeout of 5 second(s) and was canceled.
  q1/4: timeouts  (compile 5.084s, exec 0.0s)
  QUERY TIMEOUT (interactive limit): 000630 (57014): Statement reached its statement or warehouse timeout of 5 second(s) and was canceled.
  q2/4: timeouts  (compile 5.086s, exec 0.0s)
  QUERY TIMEOUT (interactive limit): 000630 (57014): Statement reached its statement or warehouse timeout of 5 second(s) and was canceled.
  q3/4: timeouts  (compile 5.06s, exec 0.0s)
  QUERY TIMEOUT (interactive limit): 000630 (57014): Statement reached its statement or warehouse timeout of 5 second(s) and was canceled.
  q4/4: timeouts  (compile 5.04s, exec 0.0s)
  done. next iteration in 478s (fixed 600s cadence).
[00:35:25] iter 58 starting...
  raw_rows=31074374383  mv_rows=491953
  QUERY TIMEOUT (interactive limit): 000630 (57014): Statement reached its statement or warehouse timeout of 5 second(s) and was canceled.
  q1/4: timeouts  (compile 5.1s, exec 0.0s)
  QUERY TIMEOUT (interactive limit): 000630 (57014): Statement reached its statement or warehouse timeout of 5 second(s) and was canceled.
  q2/4: timeouts  (compile 5.08s, exec 0.0s)
  QUERY TIMEOUT (interactive limit): 000630 (57014): Statement reached its statement or warehouse timeout of 5 second(s) and was canceled.
  q3/4: timeouts  (compile 5.051s, exec 0.0s)
  QUERY TIMEOUT (interactive limit): 000630 (57014): Statement reached its statement or warehouse timeout of 5 second(s) and was canceled.
  q4/4: timeouts  (compile 5.134s, exec 0.0s)
  done. next iteration in 475s (fixed 600s cadence).
[00:45:25] iter 59 starting...
  raw_rows=31617618636  mv_rows=502267
  QUERY TIMEOUT (interactive limit): 000630 (57014): Statement reached its statement or warehouse timeout of 5 second(s) and was canceled.
  q1/4: timeouts  (compile 5.102s, exec 0.0s)
  QUERY TIMEOUT (interactive limit): 000630 (57014): Statement reached its statement or warehouse timeout of 5 second(s) and was canceled.
  q2/4: timeouts  (compile 5.09s, exec 0.0s)
  QUERY TIMEOUT (interactive limit): 000630 (57014): Statement reached its statement or warehouse timeout of 5 second(s) and was canceled.
  q3/4: timeouts  (compile 5.032s, exec 0.0s)
  QUERY TIMEOUT (interactive limit): 000630 (57014): Statement reached its statement or warehouse timeout of 5 second(s) and was canceled.
  q4/4: timeouts  (compile 5.047s, exec 0.0s)
  done. next iteration in 452s (fixed 600s cadence).
[00:55:25] iter 60 starting...
  raw_rows=32157991708  mv_rows=512423
  QUERY TIMEOUT (interactive limit): 000630 (57014): Statement reached its statement or warehouse timeout of 5 second(s) and was canceled.
  q1/4: timeouts  (compile 5.099s, exec 0.0s)
  QUERY TIMEOUT (interactive limit): 000630 (57014): Statement reached its statement or warehouse timeout of 5 second(s) and was canceled.
  q2/4: timeouts  (compile 5.55s, exec 0.0s)
  QUERY TIMEOUT (interactive limit): 000630 (57014): Statement reached its statement or warehouse timeout of 5 second(s) and was canceled.
  q3/4: timeouts  (compile 5.278s, exec 0.0s)
  QUERY TIMEOUT (interactive limit): 000630 (57014): Statement reached its statement or warehouse timeout of 5 second(s) and was canceled.
  q4/4: timeouts  (compile 5.08s, exec 0.0s)
  done. next iteration in 463s (fixed 600s cadence).
[01:05:25] iter 61 starting...
  raw_rows=32701297601  mv_rows=527634
  QUERY TIMEOUT (interactive limit): 000630 (57014): Statement reached its statement or warehouse timeout of 5 second(s) and was canceled.
  q1/4: timeouts  (compile 5.06s, exec 0.0s)
  QUERY TIMEOUT (interactive limit): 000630 (57014): Statement reached its statement or warehouse timeout of 5 second(s) and was canceled.
  q2/4: timeouts  (compile 5.101s, exec 0.0s)
  QUERY TIMEOUT (interactive limit): 000630 (57014): Statement reached its statement or warehouse timeout of 5 second(s) and was canceled.
  q3/4: timeouts  (compile 5.306s, exec 0.0s)
  QUERY TIMEOUT (interactive limit): 000630 (57014): Statement reached its statement or warehouse timeout of 5 second(s) and was canceled.
  q4/4: timeouts  (compile 5.493s, exec 0.0s)
  done. next iteration in 250s (fixed 600s cadence).
[01:15:25] iter 62 starting...
  raw_rows=33243653840  mv_rows=537804
  QUERY TIMEOUT (interactive limit): 000630 (57014): Statement reached its statement or warehouse timeout of 5 second(s) and was canceled.
  q1/4: timeouts  (compile 5.087s, exec 0.0s)
  QUERY TIMEOUT (interactive limit): 000630 (57014): Statement reached its statement or warehouse timeout of 5 second(s) and was canceled.
  q2/4: timeouts  (compile 5.074s, exec 0.0s)
  QUERY TIMEOUT (interactive limit): 000630 (57014): Statement reached its statement or warehouse timeout of 5 second(s) and was canceled.
  q3/4: timeouts  (compile 5.224s, exec 0.0s)
  QUERY TIMEOUT (interactive limit): 000630 (57014): Statement reached its statement or warehouse timeout of 5 second(s) and was canceled.
  q4/4: timeouts  (compile 5.096s, exec 0.0s)
  done. next iteration in 210s (fixed 600s cadence).
[01:25:25] iter 63 starting...
  raw_rows=33784747928  mv_rows=548313
  QUERY TIMEOUT (interactive limit): 000630 (57014): Statement reached its statement or warehouse timeout of 5 second(s) and was canceled.
  q1/4: timeouts  (compile 5.067s, exec 0.0s)
  QUERY TIMEOUT (interactive limit): 000630 (57014): Statement reached its statement or warehouse timeout of 5 second(s) and was canceled.
  q2/4: timeouts  (compile 5.051s, exec 0.0s)
  QUERY TIMEOUT (interactive limit): 000630 (57014): Statement reached its statement or warehouse timeout of 5 second(s) and was canceled.
  q3/4: timeouts  (compile 5.061s, exec 0.0s)
  QUERY TIMEOUT (interactive limit): 000630 (57014): Statement reached its statement or warehouse timeout of 5 second(s) and was canceled.
  q4/4: timeouts  (compile 5.064s, exec 0.0s)
  done. next iteration in 361s (fixed 600s cadence).
[01:35:25] iter 64 starting...
  raw_rows=34326872543  mv_rows=558998
  QUERY TIMEOUT (interactive limit): 000630 (57014): Statement reached its statement or warehouse timeout of 5 second(s) and was canceled.
  q1/4: timeouts  (compile 5.082s, exec 0.0s)
  QUERY TIMEOUT (interactive limit): 000630 (57014): Statement reached its statement or warehouse timeout of 5 second(s) and was canceled.
  q2/4: timeouts  (compile 5.059s, exec 0.0s)
  QUERY TIMEOUT (interactive limit): 000630 (57014): Statement reached its statement or warehouse timeout of 5 second(s) and was canceled.
  q3/4: timeouts  (compile 5.071s, exec 0.0s)
  QUERY TIMEOUT (interactive limit): 000630 (57014): Statement reached its statement or warehouse timeout of 5 second(s) and was canceled.
  q4/4: timeouts  (compile 5.054s, exec 0.0s)
  done. next iteration in 358s (fixed 600s cadence).
[01:45:25] iter 65 starting...
  raw_rows=34869702905  mv_rows=574402
  QUERY TIMEOUT (interactive limit): 000630 (57014): Statement reached its statement or warehouse timeout of 5 second(s) and was canceled.
  q1/4: timeouts  (compile 5.085s, exec 0.0s)
  QUERY TIMEOUT (interactive limit): 000630 (57014): Statement reached its statement or warehouse timeout of 5 second(s) and was canceled.
  q2/4: timeouts  (compile 5.062s, exec 0.0s)
  QUERY TIMEOUT (interactive limit): 000630 (57014): Statement reached its statement or warehouse timeout of 5 second(s) and was canceled.
  q3/4: timeouts  (compile 5.05s, exec 0.0s)
  QUERY TIMEOUT (interactive limit): 000630 (57014): Statement reached its statement or warehouse timeout of 5 second(s) and was canceled.
  q4/4: timeouts  (compile 5.06s, exec 0.0s)
  done. next iteration in 370s (fixed 600s cadence).
[01:55:25] iter 66 starting...
  raw_rows=35411868840  mv_rows=584801
  QUERY TIMEOUT (interactive limit): 000630 (57014): Statement reached its statement or warehouse timeout of 5 second(s) and was canceled.
  q1/4: timeouts  (compile 5.102s, exec 0.0s)
  QUERY TIMEOUT (interactive limit): 000630 (57014): Statement reached its statement or warehouse timeout of 5 second(s) and was canceled.
  q2/4: timeouts  (compile 5.087s, exec 0.0s)
  QUERY TIMEOUT (interactive limit): 000630 (57014): Statement reached its statement or warehouse timeout of 5 second(s) and was canceled.
  q3/4: timeouts  (compile 5.035s, exec 0.0s)
  QUERY TIMEOUT (interactive limit): 000630 (57014): Statement reached its statement or warehouse timeout of 5 second(s) and was canceled.
  q4/4: timeouts  (compile 5.34s, exec 0.0s)
  done. next iteration in 407s (fixed 600s cadence).
[02:05:25] iter 67 starting...
  raw_rows=35953750553  mv_rows=595266
  QUERY TIMEOUT (interactive limit): 000630 (57014): Statement reached its statement or warehouse timeout of 5 second(s) and was canceled.
  q1/4: timeouts  (compile 5.086s, exec 0.0s)
  QUERY TIMEOUT (interactive limit): 000630 (57014): Statement reached its statement or warehouse timeout of 5 second(s) and was canceled.
  q2/4: timeouts  (compile 5.081s, exec 0.0s)
  QUERY TIMEOUT (interactive limit): 000630 (57014): Statement reached its statement or warehouse timeout of 5 second(s) and was canceled.
  q3/4: timeouts  (compile 5.082s, exec 0.0s)
  QUERY TIMEOUT (interactive limit): 000630 (57014): Statement reached its statement or warehouse timeout of 5 second(s) and was canceled.
  q4/4: timeouts  (compile 5.07s, exec 0.0s)
  done. next iteration in 488s (fixed 600s cadence).
[02:15:25] iter 68 starting...
  raw_rows=36496260114  mv_rows=605429
  QUERY TIMEOUT (interactive limit): 000630 (57014): Statement reached its statement or warehouse timeout of 5 second(s) and was canceled.
  q1/4: timeouts  (compile 5.078s, exec 0.0s)
  QUERY TIMEOUT (interactive limit): 000630 (57014): Statement reached its statement or warehouse timeout of 5 second(s) and was canceled.
  q2/4: timeouts  (compile 5.102s, exec 0.0s)
  QUERY TIMEOUT (interactive limit): 000630 (57014): Statement reached its statement or warehouse timeout of 5 second(s) and was canceled.
  q3/4: timeouts  (compile 5.047s, exec 0.0s)
  QUERY TIMEOUT (interactive limit): 000630 (57014): Statement reached its statement or warehouse timeout of 5 second(s) and was canceled.
  q4/4: timeouts  (compile 5.031s, exec 0.0s)
  done. next iteration in 464s (fixed 600s cadence).
[02:25:25] iter 69 starting...
  raw_rows=37038932168  mv_rows=625672
  QUERY TIMEOUT (interactive limit): 000630 (57014): Statement reached its statement or warehouse timeout of 5 second(s) and was canceled.
  q1/4: timeouts  (compile 5.143s, exec 0.0s)
  QUERY TIMEOUT (interactive limit): 000630 (57014): Statement reached its statement or warehouse timeout of 5 second(s) and was canceled.
  q2/4: timeouts  (compile 5.043s, exec 0.0s)
  QUERY TIMEOUT (interactive limit): 000630 (57014): Statement reached its statement or warehouse timeout of 5 second(s) and was canceled.
  q3/4: timeouts  (compile 5.089s, exec 0.0s)
  QUERY TIMEOUT (interactive limit): 000630 (57014): Statement reached its statement or warehouse timeout of 5 second(s) and was canceled.
  q4/4: timeouts  (compile 5.04s, exec 0.0s)
  done. next iteration in 486s (fixed 600s cadence).
[02:35:25] iter 70 starting...
  raw_rows=37580391307  mv_rows=635365
  QUERY TIMEOUT (interactive limit): 000630 (57014): Statement reached its statement or warehouse timeout of 5 second(s) and was canceled.
  q1/4: timeouts  (compile 5.108s, exec 0.0s)
  QUERY TIMEOUT (interactive limit): 000630 (57014): Statement reached its statement or warehouse timeout of 5 second(s) and was canceled.
  q2/4: timeouts  (compile 5.109s, exec 0.0s)
  QUERY TIMEOUT (interactive limit): 000630 (57014): Statement reached its statement or warehouse timeout of 5 second(s) and was canceled.
  q3/4: timeouts  (compile 5.035s, exec 0.0s)
  QUERY TIMEOUT (interactive limit): 000630 (57014): Statement reached its statement or warehouse timeout of 5 second(s) and was canceled.
  q4/4: timeouts  (compile 5.035s, exec 0.0s)
  done. next iteration in 459s (fixed 600s cadence).
[02:45:25] iter 71 starting...
  raw_rows=38122178091  mv_rows=636648
  QUERY TIMEOUT (interactive limit): 000630 (57014): Statement reached its statement or warehouse timeout of 5 second(s) and was canceled.
  q1/4: timeouts  (compile 5.102s, exec 0.0s)
  QUERY TIMEOUT (interactive limit): 000630 (57014): Statement reached its statement or warehouse timeout of 5 second(s) and was canceled.
  q2/4: timeouts  (compile 5.068s, exec 0.0s)
  QUERY TIMEOUT (interactive limit): 000630 (57014): Statement reached its statement or warehouse timeout of 5 second(s) and was canceled.
  q3/4: timeouts  (compile 5.086s, exec 0.0s)
  QUERY TIMEOUT (interactive limit): 000630 (57014): Statement reached its statement or warehouse timeout of 5 second(s) and was canceled.
  q4/4: timeouts  (compile 5.045s, exec 0.0s)
  done. next iteration in 467s (fixed 600s cadence).
[02:55:25] iter 72 starting...
  raw_rows=38664514984  mv_rows=646961
  QUERY TIMEOUT (interactive limit): 000630 (57014): Statement reached its statement or warehouse timeout of 5 second(s) and was canceled.
  q1/4: timeouts  (compile 5.163s, exec 0.0s)
  QUERY TIMEOUT (interactive limit): 000630 (57014): Statement reached its statement or warehouse timeout of 5 second(s) and was canceled.
  q2/4: timeouts  (compile 5.08s, exec 0.0s)
  QUERY TIMEOUT (interactive limit): 000630 (57014): Statement reached its statement or warehouse timeout of 5 second(s) and was canceled.
  q3/4: timeouts  (compile 5.042s, exec 0.0s)
  QUERY TIMEOUT (interactive limit): 000630 (57014): Statement reached its statement or warehouse timeout of 5 second(s) and was canceled.
  q4/4: timeouts  (compile 5.038s, exec 0.0s)
  done. next iteration in 458s (fixed 600s cadence).
[03:05:25] iter 73 starting...
  raw_rows=39206734864  mv_rows=657168
  QUERY TIMEOUT (interactive limit): 000630 (57014): Statement reached its statement or warehouse timeout of 5 second(s) and was canceled.
  q1/4: timeouts  (compile 5.161s, exec 0.0s)
  QUERY TIMEOUT (interactive limit): 000630 (57014): Statement reached its statement or warehouse timeout of 5 second(s) and was canceled.
  q2/4: timeouts  (compile 5.099s, exec 0.0s)
  QUERY TIMEOUT (interactive limit): 000630 (57014): Statement reached its statement or warehouse timeout of 5 second(s) and was canceled.
  q3/4: timeouts  (compile 5.035s, exec 0.0s)
  QUERY TIMEOUT (interactive limit): 000630 (57014): Statement reached its statement or warehouse timeout of 5 second(s) and was canceled.
  q4/4: timeouts  (compile 5.024s, exec 0.0s)
  done. next iteration in 468s (fixed 600s cadence).
[03:15:25] iter 74 starting...
  raw_rows=39749216204  mv_rows=667370
  QUERY TIMEOUT (interactive limit): 000630 (57014): Statement reached its statement or warehouse timeout of 5 second(s) and was canceled.
  q1/4: timeouts  (compile 5.071s, exec 0.0s)
  QUERY TIMEOUT (interactive limit): 000630 (57014): Statement reached its statement or warehouse timeout of 5 second(s) and was canceled.
  q2/4: timeouts  (compile 5.06s, exec 0.0s)
  QUERY TIMEOUT (interactive limit): 000630 (57014): Statement reached its statement or warehouse timeout of 5 second(s) and was canceled.
  q3/4: timeouts  (compile 5.046s, exec 0.0s)
  QUERY TIMEOUT (interactive limit): 000630 (57014): Statement reached its statement or warehouse timeout of 5 second(s) and was canceled.
  q4/4: timeouts  (compile 5.054s, exec 0.0s)
  WARN: iteration exceeded the 600s cadence by 208.7s; next fires immediately (a single connection can't overlap runs).
[03:28:54] iter 75 starting...
  raw_rows=40479567003  mv_rows=678009
  QUERY TIMEOUT (interactive limit): 000630 (57014): Statement reached its statement or warehouse timeout of 5 second(s) and was canceled.
  q1/4: timeouts  (compile 5.112s, exec 0.0s)
  QUERY TIMEOUT (interactive limit): 000630 (57014): Statement reached its statement or warehouse timeout of 5 second(s) and was canceled.
  q2/4: timeouts  (compile 5.033s, exec 0.0s)
  QUERY TIMEOUT (interactive limit): 000630 (57014): Statement reached its statement or warehouse timeout of 5 second(s) and was canceled.
  q3/4: timeouts  (compile 5.036s, exec 0.0s)
  QUERY TIMEOUT (interactive limit): 000630 (57014): Statement reached its statement or warehouse timeout of 5 second(s) and was canceled.
  q4/4: timeouts  (compile 5.03s, exec 0.0s)
  done. next iteration in 521s (fixed 600s cadence).
[03:38:54] iter 76 starting...
  raw_rows=41021369232  mv_rows=693815
  QUERY TIMEOUT (interactive limit): 000630 (57014): Statement reached its statement or warehouse timeout of 5 second(s) and was canceled.
  q1/4: timeouts  (compile 5.137s, exec 0.0s)
  QUERY TIMEOUT (interactive limit): 000630 (57014): Statement reached its statement or warehouse timeout of 5 second(s) and was canceled.
  q2/4: timeouts  (compile 5.047s, exec 0.0s)
  QUERY TIMEOUT (interactive limit): 000630 (57014): Statement reached its statement or warehouse timeout of 5 second(s) and was canceled.
  q3/4: timeouts  (compile 5.036s, exec 0.0s)
  QUERY TIMEOUT (interactive limit): 000630 (57014): Statement reached its statement or warehouse timeout of 5 second(s) and was canceled.
  q4/4: timeouts  (compile 5.042s, exec 0.0s)
  done. next iteration in 478s (fixed 600s cadence).
[03:48:54] iter 77 starting...
  raw_rows=41563808947  mv_rows=704164
  QUERY TIMEOUT (interactive limit): 000630 (57014): Statement reached its statement or warehouse timeout of 5 second(s) and was canceled.
  q1/4: timeouts  (compile 5.07s, exec 0.0s)
  QUERY TIMEOUT (interactive limit): 000630 (57014): Statement reached its statement or warehouse timeout of 5 second(s) and was canceled.
  q2/4: timeouts  (compile 5.043s, exec 0.0s)
  QUERY TIMEOUT (interactive limit): 000630 (57014): Statement reached its statement or warehouse timeout of 5 second(s) and was canceled.
  q3/4: timeouts  (compile 5.036s, exec 0.0s)
  QUERY TIMEOUT (interactive limit): 000630 (57014): Statement reached its statement or warehouse timeout of 5 second(s) and was canceled.
  q4/4: timeouts  (compile 5.046s, exec 0.0s)
  done. next iteration in 495s (fixed 600s cadence).
[03:58:54] iter 78 starting...
  raw_rows=42105138571  mv_rows=714052
  QUERY TIMEOUT (interactive limit): 000630 (57014): Statement reached its statement or warehouse timeout of 5 second(s) and was canceled.
  q1/4: timeouts  (compile 5.078s, exec 0.0s)
  QUERY TIMEOUT (interactive limit): 000630 (57014): Statement reached its statement or warehouse timeout of 5 second(s) and was canceled.
  q2/4: timeouts  (compile 5.045s, exec 0.0s)
  QUERY TIMEOUT (interactive limit): 000630 (57014): Statement reached its statement or warehouse timeout of 5 second(s) and was canceled.
  q3/4: timeouts  (compile 5.035s, exec 0.0s)
  QUERY TIMEOUT (interactive limit): 000630 (57014): Statement reached its statement or warehouse timeout of 5 second(s) and was canceled.
  q4/4: timeouts  (compile 5.665s, exec 0.0s)
  done. next iteration in 482s (fixed 600s cadence).
[04:08:54] iter 79 starting...
  raw_rows=42647859467  mv_rows=715005
  QUERY TIMEOUT (interactive limit): 000630 (57014): Statement reached its statement or warehouse timeout of 5 second(s) and was canceled.
  q1/4: timeouts  (compile 5.066s, exec 0.0s)
  QUERY TIMEOUT (interactive limit): 000630 (57014): Statement reached its statement or warehouse timeout of 5 second(s) and was canceled.
  q2/4: timeouts  (compile 5.071s, exec 0.0s)
  QUERY TIMEOUT (interactive limit): 000630 (57014): Statement reached its statement or warehouse timeout of 5 second(s) and was canceled.
  q3/4: timeouts  (compile 5.052s, exec 0.0s)
  QUERY TIMEOUT (interactive limit): 000630 (57014): Statement reached its statement or warehouse timeout of 5 second(s) and was canceled.
  q4/4: timeouts  (compile 5.043s, exec 0.0s)
  done. next iteration in 453s (fixed 600s cadence).
[04:18:54] iter 80 starting...
  raw_rows=43189506998  mv_rows=725262
  QUERY TIMEOUT (interactive limit): 000630 (57014): Statement reached its statement or warehouse timeout of 5 second(s) and was canceled.
  q1/4: timeouts  (compile 5.109s, exec 0.0s)
  QUERY TIMEOUT (interactive limit): 000630 (57014): Statement reached its statement or warehouse timeout of 5 second(s) and was canceled.
  q2/4: timeouts  (compile 5.087s, exec 0.0s)
  QUERY TIMEOUT (interactive limit): 000630 (57014): Statement reached its statement or warehouse timeout of 5 second(s) and was canceled.
  q3/4: timeouts  (compile 5.079s, exec 0.0s)
  QUERY TIMEOUT (interactive limit): 000630 (57014): Statement reached its statement or warehouse timeout of 5 second(s) and was canceled.
  q4/4: timeouts  (compile 5.893s, exec 0.0s)
  done. next iteration in 480s (fixed 600s cadence).
[04:28:54] iter 81 starting...
  raw_rows=43732067155  mv_rows=740733
  QUERY TIMEOUT (interactive limit): 000630 (57014): Statement reached its statement or warehouse timeout of 5 second(s) and was canceled.
  q1/4: timeouts  (compile 5.097s, exec 0.0s)
  QUERY TIMEOUT (interactive limit): 000630 (57014): Statement reached its statement or warehouse timeout of 5 second(s) and was canceled.
  q2/4: timeouts  (compile 5.057s, exec 0.0s)
  QUERY TIMEOUT (interactive limit): 000630 (57014): Statement reached its statement or warehouse timeout of 5 second(s) and was canceled.
  q3/4: timeouts  (compile 5.037s, exec 0.0s)
  QUERY TIMEOUT (interactive limit): 000630 (57014): Statement reached its statement or warehouse timeout of 5 second(s) and was canceled.
  q4/4: timeouts  (compile 5.031s, exec 0.0s)
  done. next iteration in 456s (fixed 600s cadence).
[04:38:54] iter 82 starting...
  raw_rows=44273043568  mv_rows=750906
  QUERY TIMEOUT (interactive limit): 000630 (57014): Statement reached its statement or warehouse timeout of 5 second(s) and was canceled.
  q1/4: timeouts  (compile 5.107s, exec 0.0s)
  QUERY TIMEOUT (interactive limit): 000630 (57014): Statement reached its statement or warehouse timeout of 5 second(s) and was canceled.
  q2/4: timeouts  (compile 5.086s, exec 0.0s)
  QUERY TIMEOUT (interactive limit): 000630 (57014): Statement reached its statement or warehouse timeout of 5 second(s) and was canceled.
  q3/4: timeouts  (compile 5.507s, exec 0.0s)
  QUERY TIMEOUT (interactive limit): 000630 (57014): Statement reached its statement or warehouse timeout of 5 second(s) and was canceled.
  q4/4: timeouts  (compile 5.103s, exec 0.0s)
  done. next iteration in 458s (fixed 600s cadence).
[04:48:54] iter 83 starting...
  raw_rows=44814947511  mv_rows=757993
  QUERY TIMEOUT (interactive limit): 000630 (57014): Statement reached its statement or warehouse timeout of 5 second(s) and was canceled.
  q1/4: timeouts  (compile 5.085s, exec 0.0s)
  QUERY TIMEOUT (interactive limit): 000630 (57014): Statement reached its statement or warehouse timeout of 5 second(s) and was canceled.
  q2/4: timeouts  (compile 5.035s, exec 0.0s)
  QUERY TIMEOUT (interactive limit): 000630 (57014): Statement reached its statement or warehouse timeout of 5 second(s) and was canceled.
  q3/4: timeouts  (compile 5.043s, exec 0.0s)
  QUERY TIMEOUT (interactive limit): 000630 (57014): Statement reached its statement or warehouse timeout of 5 second(s) and was canceled.
  q4/4: timeouts  (compile 5.053s, exec 0.0s)
  done. next iteration in 470s (fixed 600s cadence).
[04:58:54] iter 84 starting...
  raw_rows=45358014943  mv_rows=761888
  QUERY TIMEOUT (interactive limit): 000630 (57014): Statement reached its statement or warehouse timeout of 5 second(s) and was canceled.
  q1/4: timeouts  (compile 5.094s, exec 0.0s)
  QUERY TIMEOUT (interactive limit): 000630 (57014): Statement reached its statement or warehouse timeout of 5 second(s) and was canceled.
  q2/4: timeouts  (compile 5.071s, exec 0.0s)
  QUERY TIMEOUT (interactive limit): 000630 (57014): Statement reached its statement or warehouse timeout of 5 second(s) and was canceled.
  q3/4: timeouts  (compile 5.066s, exec 0.0s)
  QUERY TIMEOUT (interactive limit): 000630 (57014): Statement reached its statement or warehouse timeout of 5 second(s) and was canceled.
  q4/4: timeouts  (compile 5.083s, exec 0.0s)
  done. next iteration in 381s (fixed 600s cadence).
[05:08:54] iter 85 starting...
  raw_rows=45900904077  mv_rows=772242
  QUERY TIMEOUT (interactive limit): 000630 (57014): Statement reached its statement or warehouse timeout of 5 second(s) and was canceled.
  q1/4: timeouts  (compile 5.117s, exec 0.0s)
  QUERY TIMEOUT (interactive limit): 000630 (57014): Statement reached its statement or warehouse timeout of 5 second(s) and was canceled.
  q2/4: timeouts  (compile 5.025s, exec 0.0s)
  QUERY TIMEOUT (interactive limit): 000630 (57014): Statement reached its statement or warehouse timeout of 5 second(s) and was canceled.
  q3/4: timeouts  (compile 5.041s, exec 0.0s)
  QUERY TIMEOUT (interactive limit): 000630 (57014): Statement reached its statement or warehouse timeout of 5 second(s) and was canceled.
  q4/4: timeouts  (compile 5.039s, exec 0.0s)
  done. next iteration in 468s (fixed 600s cadence).
[05:18:54] iter 86 starting...
  raw_rows=46442508605  mv_rows=787858
  QUERY TIMEOUT (interactive limit): 000630 (57014): Statement reached its statement or warehouse timeout of 5 second(s) and was canceled.
  q1/4: timeouts  (compile 5.101s, exec 0.0s)
  QUERY TIMEOUT (interactive limit): 000630 (57014): Statement reached its statement or warehouse timeout of 5 second(s) and was canceled.
  q2/4: timeouts  (compile 5.096s, exec 0.0s)
  QUERY TIMEOUT (interactive limit): 000630 (57014): Statement reached its statement or warehouse timeout of 5 second(s) and was canceled.
  q3/4: timeouts  (compile 5.041s, exec 0.0s)
  QUERY TIMEOUT (interactive limit): 000630 (57014): Statement reached its statement or warehouse timeout of 5 second(s) and was canceled.
  q4/4: timeouts  (compile 5.076s, exec 0.0s)
  done. next iteration in 466s (fixed 600s cadence).
[05:28:54] iter 87 starting...
  raw_rows=46985118108  mv_rows=797257
  QUERY TIMEOUT (interactive limit): 000630 (57014): Statement reached its statement or warehouse timeout of 5 second(s) and was canceled.
  q1/4: timeouts  (compile 5.121s, exec 0.0s)
  QUERY TIMEOUT (interactive limit): 000630 (57014): Statement reached its statement or warehouse timeout of 5 second(s) and was canceled.
  q2/4: timeouts  (compile 5.087s, exec 0.0s)
  QUERY TIMEOUT (interactive limit): 000630 (57014): Statement reached its statement or warehouse timeout of 5 second(s) and was canceled.
  q3/4: timeouts  (compile 5.045s, exec 0.0s)
  QUERY TIMEOUT (interactive limit): 000630 (57014): Statement reached its statement or warehouse timeout of 5 second(s) and was canceled.
  q4/4: timeouts  (compile 5.033s, exec 0.0s)
  done. next iteration in 476s (fixed 600s cadence).
[05:38:54] iter 88 starting...
  raw_rows=47525311148  mv_rows=798764
  QUERY TIMEOUT (interactive limit): 000630 (57014): Statement reached its statement or warehouse timeout of 5 second(s) and was canceled.
  q1/4: timeouts  (compile 5.179s, exec 0.0s)
  QUERY TIMEOUT (interactive limit): 000630 (57014): Statement reached its statement or warehouse timeout of 5 second(s) and was canceled.
  q2/4: timeouts  (compile 5.1s, exec 0.0s)
  QUERY TIMEOUT (interactive limit): 000630 (57014): Statement reached its statement or warehouse timeout of 5 second(s) and was canceled.
  q3/4: timeouts  (compile 5.067s, exec 0.0s)
  QUERY TIMEOUT (interactive limit): 000630 (57014): Statement reached its statement or warehouse timeout of 5 second(s) and was canceled.
  q4/4: timeouts  (compile 5.054s, exec 0.0s)
  done. next iteration in 433s (fixed 600s cadence).
[05:48:54] iter 89 starting...
  raw_rows=48067203014  mv_rows=809154
  QUERY TIMEOUT (interactive limit): 000630 (57014): Statement reached its statement or warehouse timeout of 5 second(s) and was canceled.
  q1/4: timeouts  (compile 5.109s, exec 0.0s)
  QUERY TIMEOUT (interactive limit): 000630 (57014): Statement reached its statement or warehouse timeout of 5 second(s) and was canceled.
  q2/4: timeouts  (compile 5.084s, exec 0.0s)
  QUERY TIMEOUT (interactive limit): 000630 (57014): Statement reached its statement or warehouse timeout of 5 second(s) and was canceled.
  q3/4: timeouts  (compile 5.043s, exec 0.0s)
  QUERY TIMEOUT (interactive limit): 000630 (57014): Statement reached its statement or warehouse timeout of 5 second(s) and was canceled.
  q4/4: timeouts  (compile 5.034s, exec 0.0s)
  done. next iteration in 444s (fixed 600s cadence).
[05:58:54] iter 90 starting...
  raw_rows=48608232681  mv_rows=819224
  QUERY TIMEOUT (interactive limit): 000630 (57014): Statement reached its statement or warehouse timeout of 5 second(s) and was canceled.
  q1/4: timeouts  (compile 5.118s, exec 0.0s)
  QUERY TIMEOUT (interactive limit): 000630 (57014): Statement reached its statement or warehouse timeout of 5 second(s) and was canceled.
  q2/4: timeouts  (compile 5.109s, exec 0.0s)
  QUERY TIMEOUT (interactive limit): 000630 (57014): Statement reached its statement or warehouse timeout of 5 second(s) and was canceled.
  q3/4: timeouts  (compile 5.42s, exec 0.0s)
  QUERY TIMEOUT (interactive limit): 000630 (57014): Statement reached its statement or warehouse timeout of 5 second(s) and was canceled.
  q4/4: timeouts  (compile 5.187s, exec 0.0s)
  done. next iteration in 382s (fixed 600s cadence).
[06:08:54] iter 91 starting...
  raw_rows=49151628470  mv_rows=828420
  QUERY TIMEOUT (interactive limit): 000630 (57014): Statement reached its statement or warehouse timeout of 5 second(s) and was canceled.
  q1/4: timeouts  (compile 5.097s, exec 0.0s)
  QUERY TIMEOUT (interactive limit): 000630 (57014): Statement reached its statement or warehouse timeout of 5 second(s) and was canceled.
  q2/4: timeouts  (compile 5.05s, exec 0.0s)
  QUERY TIMEOUT (interactive limit): 000630 (57014): Statement reached its statement or warehouse timeout of 5 second(s) and was canceled.
  q3/4: timeouts  (compile 5.068s, exec 0.0s)
  QUERY TIMEOUT (interactive limit): 000630 (57014): Statement reached its statement or warehouse timeout of 5 second(s) and was canceled.
  q4/4: timeouts  (compile 5.061s, exec 0.0s)
  done. next iteration in 282s (fixed 600s cadence).
[06:18:54] iter 92 starting...
  raw_rows=49693919411  mv_rows=830027
  QUERY TIMEOUT (interactive limit): 000630 (57014): Statement reached its statement or warehouse timeout of 5 second(s) and was canceled.
  q1/4: timeouts  (compile 5.103s, exec 0.0s)
  QUERY TIMEOUT (interactive limit): 000630 (57014): Statement reached its statement or warehouse timeout of 5 second(s) and was canceled.
  q2/4: timeouts  (compile 5.091s, exec 0.0s)
  QUERY TIMEOUT (interactive limit): 000630 (57014): Statement reached its statement or warehouse timeout of 5 second(s) and was canceled.
  q3/4: timeouts  (compile 5.07s, exec 0.0s)
  q4/4: 4.69s  (compile 1.228s, exec 3.462s)
  done. next iteration in 527s (fixed 600s cadence).
[06:28:54] iter 93 starting...
  raw_rows=50238008973  mv_rows=840447
  QUERY TIMEOUT (interactive limit): 000630 (57014): Statement reached its statement or warehouse timeout of 5 second(s) and was canceled.
  q1/4: timeouts  (compile 5.097s, exec 0.0s)
  QUERY TIMEOUT (interactive limit): 000630 (57014): Statement reached its statement or warehouse timeout of 5 second(s) and was canceled.
  q2/4: timeouts  (compile 5.084s, exec 0.0s)
  q3/4: 4.934s  (compile 4.074s, exec 0.86s)
  q4/4: 2.914s  (compile 0.905s, exec 2.009s)
  done. next iteration in 503s (fixed 600s cadence).
[06:38:54] iter 94 starting...
  raw_rows=50779856586  mv_rows=855577
  QUERY TIMEOUT (interactive limit): 000630 (57014): Statement reached its statement or warehouse timeout of 5 second(s) and was canceled.
  q1/4: timeouts  (compile 5.114s, exec 0.0s)
  QUERY TIMEOUT (interactive limit): 000630 (57014): Statement reached its statement or warehouse timeout of 5 second(s) and was canceled.
  q2/4: timeouts  (compile 5.085s, exec 0.0s)
  QUERY TIMEOUT (interactive limit): 000630 (57014): Statement reached its statement or warehouse timeout of 5 second(s) and was canceled.
  q3/4: timeouts  (compile 5.118s, exec 0.0s)
  QUERY TIMEOUT (interactive limit): 000630 (57014): Statement reached its statement or warehouse timeout of 5 second(s) and was canceled.
  q4/4: timeouts  (compile 5.115s, exec 0.0s)
  done. next iteration in 502s (fixed 600s cadence).
[06:48:54] iter 95 starting...
  raw_rows=51323342406  mv_rows=858489
  QUERY TIMEOUT (interactive limit): 000630 (57014): Statement reached its statement or warehouse timeout of 5 second(s) and was canceled.
  q1/4: timeouts  (compile 5.105s, exec 0.0s)
  QUERY TIMEOUT (interactive limit): 000630 (57014): Statement reached its statement or warehouse timeout of 5 second(s) and was canceled.
  q2/4: timeouts  (compile 5.087s, exec 0.0s)
  QUERY TIMEOUT (interactive limit): 000630 (57014): Statement reached its statement or warehouse timeout of 5 second(s) and was canceled.
  q3/4: timeouts  (compile 5.17s, exec 0.0s)
  q4/4: 4.726s  (compile 2.186s, exec 2.54s)
  done. next iteration in 498s (fixed 600s cadence).
[06:58:54] iter 96 starting...
  raw_rows=51865821977  mv_rows=866512
  QUERY TIMEOUT (interactive limit): 000630 (57014): Statement reached its statement or warehouse timeout of 5 second(s) and was canceled.
  q1/4: timeouts  (compile 5.199s, exec 0.0s)
  QUERY TIMEOUT (interactive limit): 000630 (57014): Statement reached its statement or warehouse timeout of 5 second(s) and was canceled.
  q2/4: timeouts  (compile 5.067s, exec 0.0s)
  QUERY TIMEOUT (interactive limit): 000630 (57014): Statement reached its statement or warehouse timeout of 5 second(s) and was canceled.
  q3/4: timeouts  (compile 5.072s, exec 0.0s)
  QUERY TIMEOUT (interactive limit): 000630 (57014): Statement reached its statement or warehouse timeout of 5 second(s) and was canceled.
  q4/4: timeouts  (compile 5.099s, exec 0.0s)
  done. next iteration in 452s (fixed 600s cadence).
[07:08:54] iter 97 starting...
  raw_rows=52408260804  mv_rows=876709
  QUERY TIMEOUT (interactive limit): 000630 (57014): Statement reached its statement or warehouse timeout of 5 second(s) and was canceled.
  q1/4: timeouts  (compile 5.102s, exec 0.0s)
  QUERY TIMEOUT (interactive limit): 000630 (57014): Statement reached its statement or warehouse timeout of 5 second(s) and was canceled.
  q2/4: timeouts  (compile 5.089s, exec 0.0s)
  QUERY TIMEOUT (interactive limit): 000630 (57014): Statement reached its statement or warehouse timeout of 5 second(s) and was canceled.
  q3/4: timeouts  (compile 5.037s, exec 0.0s)
  q4/4: 8.95s  (compile 4.377s, exec 4.496s)
  done. next iteration in 450s (fixed 600s cadence).
[07:18:54] iter 98 starting...
  raw_rows=52950407194  mv_rows=886506
  QUERY TIMEOUT (interactive limit): 000630 (57014): Statement reached its statement or warehouse timeout of 5 second(s) and was canceled.
  q1/4: timeouts  (compile 5.108s, exec 0.0s)
  QUERY TIMEOUT (interactive limit): 000630 (57014): Statement reached its statement or warehouse timeout of 5 second(s) and was canceled.
  q2/4: timeouts  (compile 5.063s, exec 0.0s)
  q3/4: 4.02s  (compile 3.483s, exec 0.537s)
  q4/4: 3.074s  (compile 1.82s, exec 1.254s)
  done. next iteration in 531s (fixed 600s cadence).
[07:28:54] iter 99 starting...
  raw_rows=53493725268  mv_rows=887543
  QUERY TIMEOUT (interactive limit): 000630 (57014): Statement reached its statement or warehouse timeout of 5 second(s) and was canceled.
  q1/4: timeouts  (compile 5.115s, exec 0.0s)
  QUERY TIMEOUT (interactive limit): 000630 (57014): Statement reached its statement or warehouse timeout of 5 second(s) and was canceled.
  q2/4: timeouts  (compile 5.078s, exec 0.0s)
  QUERY TIMEOUT (interactive limit): 000630 (57014): Statement reached its statement or warehouse timeout of 5 second(s) and was canceled.
  q3/4: timeouts  (compile 5.077s, exec 0.0s)
  QUERY TIMEOUT (interactive limit): 000630 (57014): Statement reached its statement or warehouse timeout of 5 second(s) and was canceled.
  q4/4: timeouts  (compile 5.068s, exec 0.0s)
  done. next iteration in 502s (fixed 600s cadence).
[07:38:54] iter 100 starting...
  raw_rows=54036111639  mv_rows=903120
  QUERY TIMEOUT (interactive limit): 000630 (57014): Statement reached its statement or warehouse timeout of 5 second(s) and was canceled.
  q1/4: timeouts  (compile 5.119s, exec 0.0s)
  QUERY TIMEOUT (interactive limit): 000630 (57014): Statement reached its statement or warehouse timeout of 5 second(s) and was canceled.
  q2/4: timeouts  (compile 5.09s, exec 0.0s)
  QUERY TIMEOUT (interactive limit): 000630 (57014): Statement reached its statement or warehouse timeout of 5 second(s) and was canceled.
  q3/4: timeouts  (compile 5.101s, exec 0.0s)
  q4/4: 3.891s  (compile 2.484s, exec 1.407s)
  done. next iteration in 514s (fixed 600s cadence).
[07:48:54] iter 101 starting...
  raw_rows=54578337949  mv_rows=913381
  QUERY TIMEOUT (interactive limit): 000630 (57014): Statement reached its statement or warehouse timeout of 5 second(s) and was canceled.
  q1/4: timeouts  (compile 5.122s, exec 0.0s)
  QUERY TIMEOUT (interactive limit): 000630 (57014): Statement reached its statement or warehouse timeout of 5 second(s) and was canceled.
  q2/4: timeouts  (compile 5.116s, exec 0.0s)
  QUERY TIMEOUT (interactive limit): 000630 (57014): Statement reached its statement or warehouse timeout of 5 second(s) and was canceled.
  q3/4: timeouts  (compile 5.199s, exec 0.0s)
  QUERY TIMEOUT (interactive limit): 000630 (57014): Statement reached its statement or warehouse timeout of 5 second(s) and was canceled.
  q4/4: timeouts  (compile 5.1s, exec 0.0s)
  done. next iteration in 510s (fixed 600s cadence).
[07:58:54] iter 102 starting...
  raw_rows=55120621092  mv_rows=923505
  QUERY TIMEOUT (interactive limit): 000630 (57014): Statement reached its statement or warehouse timeout of 5 second(s) and was canceled.
  q1/4: timeouts  (compile 5.07s, exec 0.0s)
  QUERY TIMEOUT (interactive limit): 000630 (57014): Statement reached its statement or warehouse timeout of 5 second(s) and was canceled.
  q2/4: timeouts  (compile 5.094s, exec 0.0s)
  QUERY TIMEOUT (interactive limit): 000630 (57014): Statement reached its statement or warehouse timeout of 5 second(s) and was canceled.
  q3/4: timeouts  (compile 5.101s, exec 0.0s)
  QUERY TIMEOUT (interactive limit): 000630 (57014): Statement reached its statement or warehouse timeout of 5 second(s) and was canceled.
  q4/4: timeouts  (compile 5.107s, exec 0.0s)
  done. next iteration in 461s (fixed 600s cadence).
[08:08:54] iter 103 starting...
  raw_rows=55663159618  mv_rows=932704
  QUERY TIMEOUT (interactive limit): 000630 (57014): Statement reached its statement or warehouse timeout of 5 second(s) and was canceled.
  q1/4: timeouts  (compile 5.071s, exec 0.0s)
  QUERY TIMEOUT (interactive limit): 000630 (57014): Statement reached its statement or warehouse timeout of 5 second(s) and was canceled.
  q2/4: timeouts  (compile 5.07s, exec 0.0s)
  QUERY TIMEOUT (interactive limit): 000630 (57014): Statement reached its statement or warehouse timeout of 5 second(s) and was canceled.
  q3/4: timeouts  (compile 5.058s, exec 0.0s)
  QUERY TIMEOUT (interactive limit): 000630 (57014): Statement reached its statement or warehouse timeout of 5 second(s) and was canceled.
  q4/4: timeouts  (compile 5.052s, exec 0.0s)
  done. next iteration in 383s (fixed 600s cadence).
[08:18:54] iter 104 starting...
  raw_rows=56206006860  mv_rows=934445
  QUERY TIMEOUT (interactive limit): 000630 (57014): Statement reached its statement or warehouse timeout of 5 second(s) and was canceled.
  q1/4: timeouts  (compile 5.087s, exec 0.0s)
  QUERY TIMEOUT (interactive limit): 000630 (57014): Statement reached its statement or warehouse timeout of 5 second(s) and was canceled.
  q2/4: timeouts  (compile 5.038s, exec 0.0s)
  QUERY TIMEOUT (interactive limit): 000630 (57014): Statement reached its statement or warehouse timeout of 5 second(s) and was canceled.
  q3/4: timeouts  (compile 5.059s, exec 0.0s)
  QUERY TIMEOUT (interactive limit): 000630 (57014): Statement reached its statement or warehouse timeout of 5 second(s) and was canceled.
  q4/4: timeouts  (compile 5.051s, exec 0.0s)
  done. next iteration in 484s (fixed 600s cadence).
[08:28:54] iter 105 starting...
  raw_rows=56748732342  mv_rows=944860
  QUERY TIMEOUT (interactive limit): 000630 (57014): Statement reached its statement or warehouse timeout of 5 second(s) and was canceled.
  q1/4: timeouts  (compile 5.066s, exec 0.0s)
  QUERY TIMEOUT (interactive limit): 000630 (57014): Statement reached its statement or warehouse timeout of 5 second(s) and was canceled.
  q2/4: timeouts  (compile 5.085s, exec 0.0s)
  QUERY TIMEOUT (interactive limit): 000630 (57014): Statement reached its statement or warehouse timeout of 5 second(s) and was canceled.
  q3/4: timeouts  (compile 5.068s, exec 0.0s)
  QUERY TIMEOUT (interactive limit): 000630 (57014): Statement reached its statement or warehouse timeout of 5 second(s) and was canceled.
  q4/4: timeouts  (compile 5.045s, exec 0.0s)
  done. next iteration in 501s (fixed 600s cadence).
[08:38:54] iter 106 starting...
  raw_rows=57292193074  mv_rows=960173
  QUERY TIMEOUT (interactive limit): 000630 (57014): Statement reached its statement or warehouse timeout of 5 second(s) and was canceled.
  q1/4: timeouts  (compile 5.077s, exec 0.0s)
  QUERY TIMEOUT (interactive limit): 000630 (57014): Statement reached its statement or warehouse timeout of 5 second(s) and was canceled.
  q2/4: timeouts  (compile 5.075s, exec 0.0s)
  QUERY TIMEOUT (interactive limit): 000630 (57014): Statement reached its statement or warehouse timeout of 5 second(s) and was canceled.
  q3/4: timeouts  (compile 5.07s, exec 0.0s)
  QUERY TIMEOUT (interactive limit): 000630 (57014): Statement reached its statement or warehouse timeout of 5 second(s) and was canceled.
  q4/4: timeouts  (compile 5.071s, exec 0.0s)
  done. next iteration in 471s (fixed 600s cadence).
[08:48:54] iter 107 starting...
  raw_rows=57834902360  mv_rows=970019
  QUERY TIMEOUT (interactive limit): 000630 (57014): Statement reached its statement or warehouse timeout of 5 second(s) and was canceled.
  q1/4: timeouts  (compile 5.118s, exec 0.0s)
  QUERY TIMEOUT (interactive limit): 000630 (57014): Statement reached its statement or warehouse timeout of 5 second(s) and was canceled.
  q2/4: timeouts  (compile 5.068s, exec 0.0s)
  QUERY TIMEOUT (interactive limit): 000630 (57014): Statement reached its statement or warehouse timeout of 5 second(s) and was canceled.
  q3/4: timeouts  (compile 5.056s, exec 0.0s)
  QUERY TIMEOUT (interactive limit): 000630 (57014): Statement reached its statement or warehouse timeout of 5 second(s) and was canceled.
  q4/4: timeouts  (compile 5.046s, exec 0.0s)
  done. next iteration in 489s (fixed 600s cadence).
[08:58:54] iter 108 starting...
  raw_rows=58376825090  mv_rows=971212
  QUERY TIMEOUT (interactive limit): 000630 (57014): Statement reached its statement or warehouse timeout of 5 second(s) and was canceled.
  q1/4: timeouts  (compile 5.089s, exec 0.0s)
  QUERY TIMEOUT (interactive limit): 000630 (57014): Statement reached its statement or warehouse timeout of 5 second(s) and was canceled.
  q2/4: timeouts  (compile 5.078s, exec 0.0s)
  q3/4: 3.73s  (compile 1.108s, exec 2.622s)
  q4/4: 4.757s  (compile 2.145s, exec 2.612s)
  done. next iteration in 500s (fixed 600s cadence).
[09:08:54] iter 109 starting...
  raw_rows=58918910404  mv_rows=981532
  QUERY TIMEOUT (interactive limit): 000630 (57014): Statement reached its statement or warehouse timeout of 5 second(s) and was canceled.
  q1/4: timeouts  (compile 5.06s, exec 0.0s)
  QUERY TIMEOUT (interactive limit): 000630 (57014): Statement reached its statement or warehouse timeout of 5 second(s) and was canceled.
  q2/4: timeouts  (compile 5.068s, exec 0.0s)
  QUERY TIMEOUT (interactive limit): 000630 (57014): Statement reached its statement or warehouse timeout of 5 second(s) and was canceled.
  q3/4: timeouts  (compile 5.093s, exec 0.0s)
  QUERY TIMEOUT (interactive limit): 000630 (57014): Statement reached its statement or warehouse timeout of 5 second(s) and was canceled.
  q4/4: timeouts  (compile 5.074s, exec 0.0s)
  done. next iteration in 495s (fixed 600s cadence).
[09:18:54] iter 110 starting...
  raw_rows=59461293129  mv_rows=991939
  QUERY TIMEOUT (interactive limit): 000630 (57014): Statement reached its statement or warehouse timeout of 5 second(s) and was canceled.
  q1/4: timeouts  (compile 5.069s, exec 0.0s)
  QUERY TIMEOUT (interactive limit): 000630 (57014): Statement reached its statement or warehouse timeout of 5 second(s) and was canceled.
  q2/4: timeouts  (compile 5.073s, exec 0.0s)
  q3/4: 2.411s  (compile 1.035s, exec 1.376s)
  q4/4: 8.881s  (compile 2.978s, exec 5.903s)
  done. next iteration in 496s (fixed 600s cadence).
[09:28:54] iter 111 starting...
  raw_rows=60003972010  mv_rows=1007417
  QUERY TIMEOUT (interactive limit): 000630 (57014): Statement reached its statement or warehouse timeout of 5 second(s) and was canceled.
  q1/4: timeouts  (compile 5.131s, exec 0.0s)
  QUERY TIMEOUT (interactive limit): 000630 (57014): Statement reached its statement or warehouse timeout of 5 second(s) and was canceled.
  q2/4: timeouts  (compile 5.089s, exec 0.0s)
  QUERY TIMEOUT (interactive limit): 000630 (57014): Statement reached its statement or warehouse timeout of 5 second(s) and was canceled.
  q3/4: timeouts  (compile 5.113s, exec 0.0s)
  QUERY TIMEOUT (interactive limit): 000630 (57014): Statement reached its statement or warehouse timeout of 5 second(s) and was canceled.
  q4/4: timeouts  (compile 5.068s, exec 0.0s)
  done. next iteration in 474s (fixed 600s cadence).
[09:38:54] iter 112 starting...
  raw_rows=60546008834  mv_rows=1017284
  QUERY TIMEOUT (interactive limit): 000630 (57014): Statement reached its statement or warehouse timeout of 5 second(s) and was canceled.
  q1/4: timeouts  (compile 5.13s, exec 0.0s)
  QUERY TIMEOUT (interactive limit): 000630 (57014): Statement reached its statement or warehouse timeout of 5 second(s) and was canceled.
  q2/4: timeouts  (compile 5.077s, exec 0.0s)
  q3/4: 4.985s  (compile 3.397s, exec 1.588s)
  q4/4: 10.391s  (compile 2.658s, exec 7.663s)
  done. next iteration in 509s (fixed 600s cadence).
[09:48:54] iter 113 starting...
  raw_rows=61089526733  mv_rows=1018391
  QUERY TIMEOUT (interactive limit): 000630 (57014): Statement reached its statement or warehouse timeout of 5 second(s) and was canceled.
  q1/4: timeouts  (compile 5.121s, exec 0.0s)
  QUERY TIMEOUT (interactive limit): 000630 (57014): Statement reached its statement or warehouse timeout of 5 second(s) and was canceled.
  q2/4: timeouts  (compile 5.094s, exec 0.0s)
  QUERY TIMEOUT (interactive limit): 000630 (57014): Statement reached its statement or warehouse timeout of 5 second(s) and was canceled.
  q3/4: timeouts  (compile 5.125s, exec 0.0s)
  QUERY TIMEOUT (interactive limit): 000630 (57014): Statement reached its statement or warehouse timeout of 5 second(s) and was canceled.
  q4/4: timeouts  (compile 5.087s, exec 0.0s)
  done. next iteration in 472s (fixed 600s cadence).
[09:58:54] iter 114 starting...
  raw_rows=61631469398  mv_rows=1028851
  QUERY TIMEOUT (interactive limit): 000630 (57014): Statement reached its statement or warehouse timeout of 5 second(s) and was canceled.
  q1/4: timeouts  (compile 5.108s, exec 0.0s)
  QUERY TIMEOUT (interactive limit): 000630 (57014): Statement reached its statement or warehouse timeout of 5 second(s) and was canceled.
  q2/4: timeouts  (compile 5.214s, exec 0.0s)
  QUERY TIMEOUT (interactive limit): 000630 (57014): Statement reached its statement or warehouse timeout of 5 second(s) and was canceled.
  q3/4: timeouts  (compile 5.564s, exec 0.0s)
  q4/4: 11.432s  (compile 3.874s, exec 7.47s)
  done. next iteration in 472s (fixed 600s cadence).
[10:08:54] iter 115 starting...
  raw_rows=62173030741  mv_rows=1039202
  QUERY TIMEOUT (interactive limit): 000630 (57014): Statement reached its statement or warehouse timeout of 5 second(s) and was canceled.
  q1/4: timeouts  (compile 5.112s, exec 0.0s)
  QUERY TIMEOUT (interactive limit): 000630 (57014): Statement reached its statement or warehouse timeout of 5 second(s) and was canceled.
  q2/4: timeouts  (compile 5.069s, exec 0.0s)
  QUERY TIMEOUT (interactive limit): 000630 (57014): Statement reached its statement or warehouse timeout of 5 second(s) and was canceled.
  q3/4: timeouts  (compile 5.159s, exec 0.0s)
  q4/4: 4.961s  (compile 3.493s, exec 1.468s)
  done. next iteration in 491s (fixed 600s cadence).
[10:18:54] iter 116 starting...
  raw_rows=62715042485  mv_rows=1049499
  QUERY TIMEOUT (interactive limit): 000630 (57014): Statement reached its statement or warehouse timeout of 5 second(s) and was canceled.
  q1/4: timeouts  (compile 5.19s, exec 0.0s)
  QUERY TIMEOUT (interactive limit): 000630 (57014): Statement reached its statement or warehouse timeout of 5 second(s) and was canceled.
  q2/4: timeouts  (compile 5.076s, exec 0.0s)
  QUERY TIMEOUT (interactive limit): 000630 (57014): Statement reached its statement or warehouse timeout of 5 second(s) and was canceled.
  q3/4: timeouts  (compile 5.074s, exec 0.0s)
  QUERY TIMEOUT (interactive limit): 000630 (57014): Statement reached its statement or warehouse timeout of 5 second(s) and was canceled.
  q4/4: timeouts  (compile 5.706s, exec 0.0s)
  done. next iteration in 297s (fixed 600s cadence).
[10:28:54] iter 117 starting...
  raw_rows=63257154633  mv_rows=1064656
  QUERY TIMEOUT (interactive limit): 000630 (57014): Statement reached its statement or warehouse timeout of 5 second(s) and was canceled.
  q1/4: timeouts  (compile 5.076s, exec 0.0s)
  QUERY TIMEOUT (interactive limit): 000630 (57014): Statement reached its statement or warehouse timeout of 5 second(s) and was canceled.
  q2/4: timeouts  (compile 5.082s, exec 0.0s)
  QUERY TIMEOUT (interactive limit): 000630 (57014): Statement reached its statement or warehouse timeout of 5 second(s) and was canceled.
  q3/4: timeouts  (compile 5.104s, exec 0.0s)
  QUERY TIMEOUT (interactive limit): 000630 (57014): Statement reached its statement or warehouse timeout of 5 second(s) and was canceled.
  q4/4: timeouts  (compile 5.414s, exec 0.0s)
  done. next iteration in 369s (fixed 600s cadence).
[10:38:54] iter 118 starting...
  raw_rows=63800503781  mv_rows=1066757
  QUERY TIMEOUT (interactive limit): 000630 (57014): Statement reached its statement or warehouse timeout of 5 second(s) and was canceled.
  q1/4: timeouts  (compile 5.098s, exec 0.0s)
  QUERY TIMEOUT (interactive limit): 000630 (57014): Statement reached its statement or warehouse timeout of 5 second(s) and was canceled.
  q2/4: timeouts  (compile 5.099s, exec 0.0s)
  QUERY TIMEOUT (interactive limit): 000630 (57014): Statement reached its statement or warehouse timeout of 5 second(s) and was canceled.
  q3/4: timeouts  (compile 5.117s, exec 0.0s)
  QUERY TIMEOUT (interactive limit): 000630 (57014): Statement reached its statement or warehouse timeout of 5 second(s) and was canceled.
  q4/4: timeouts  (compile 5.134s, exec 0.0s)
  done. next iteration in 369s (fixed 600s cadence).
[10:48:54] iter 119 starting...
  raw_rows=64342309917  mv_rows=1075931
  QUERY TIMEOUT (interactive limit): 000630 (57014): Statement reached its statement or warehouse timeout of 5 second(s) and was canceled.
  q1/4: timeouts  (compile 5.09s, exec 0.0s)
  QUERY TIMEOUT (interactive limit): 000630 (57014): Statement reached its statement or warehouse timeout of 5 second(s) and was canceled.
  q2/4: timeouts  (compile 5.165s, exec 0.0s)
  QUERY TIMEOUT (interactive limit): 000630 (57014): Statement reached its statement or warehouse timeout of 5 second(s) and was canceled.
  q3/4: timeouts  (compile 5.432s, exec 0.0s)
  QUERY TIMEOUT (interactive limit): 000630 (57014): Statement reached its statement or warehouse timeout of 5 second(s) and was canceled.
  q4/4: timeouts  (compile 5.083s, exec 0.0s)
  done. next iteration in 399s (fixed 600s cadence).
[10:58:54] iter 120 starting...
  raw_rows=64885568624  mv_rows=1086057
  QUERY TIMEOUT (interactive limit): 000630 (57014): Statement reached its statement or warehouse timeout of 5 second(s) and was canceled.
  q1/4: timeouts  (compile 5.195s, exec 0.0s)
  QUERY TIMEOUT (interactive limit): 000630 (57014): Statement reached its statement or warehouse timeout of 5 second(s) and was canceled.
  q2/4: timeouts  (compile 5.067s, exec 0.0s)
  QUERY TIMEOUT (interactive limit): 000630 (57014): Statement reached its statement or warehouse timeout of 5 second(s) and was canceled.
  q3/4: timeouts  (compile 5.08s, exec 0.0s)
  QUERY TIMEOUT (interactive limit): 000630 (57014): Statement reached its statement or warehouse timeout of 5 second(s) and was canceled.
  q4/4: timeouts  (compile 5.185s, exec 0.0s)
  done. next iteration in 420s (fixed 600s cadence).
[11:08:54] iter 121 starting...
  raw_rows=65427142246  mv_rows=1095469
  QUERY TIMEOUT (interactive limit): 000630 (57014): Statement reached its statement or warehouse timeout of 5 second(s) and was canceled.
  q1/4: timeouts  (compile 5.094s, exec 0.0s)
  QUERY TIMEOUT (interactive limit): 000630 (57014): Statement reached its statement or warehouse timeout of 5 second(s) and was canceled.
  q2/4: timeouts  (compile 5.057s, exec 0.0s)
  QUERY TIMEOUT (interactive limit): 000630 (57014): Statement reached its statement or warehouse timeout of 5 second(s) and was canceled.
  q3/4: timeouts  (compile 5.046s, exec 0.0s)
  QUERY TIMEOUT (interactive limit): 000630 (57014): Statement reached its statement or warehouse timeout of 5 second(s) and was canceled.
  q4/4: timeouts  (compile 5.083s, exec 0.0s)
  done. next iteration in 340s (fixed 600s cadence).
[11:18:54] iter 122 starting...
  raw_rows=65968656130  mv_rows=1096991
  QUERY TIMEOUT (interactive limit): 000630 (57014): Statement reached its statement or warehouse timeout of 5 second(s) and was canceled.
  q1/4: timeouts  (compile 5.124s, exec 0.0s)
  QUERY TIMEOUT (interactive limit): 000630 (57014): Statement reached its statement or warehouse timeout of 5 second(s) and was canceled.
  q2/4: timeouts  (compile 5.072s, exec 0.0s)
  QUERY TIMEOUT (interactive limit): 000630 (57014): Statement reached its statement or warehouse timeout of 5 second(s) and was canceled.
  q3/4: timeouts  (compile 5.154s, exec 0.0s)
  QUERY TIMEOUT (interactive limit): 000630 (57014): Statement reached its statement or warehouse timeout of 5 second(s) and was canceled.
  q4/4: timeouts  (compile 5.327s, exec 0.0s)
  done. next iteration in 513s (fixed 600s cadence).
[11:28:54] iter 123 starting...
  raw_rows=66510082983  mv_rows=1107181
  QUERY TIMEOUT (interactive limit): 000630 (57014): Statement reached its statement or warehouse timeout of 5 second(s) and was canceled.
  q1/4: timeouts  (compile 5.074s, exec 0.0s)
  QUERY TIMEOUT (interactive limit): 000630 (57014): Statement reached its statement or warehouse timeout of 5 second(s) and was canceled.
  q2/4: timeouts  (compile 5.053s, exec 0.0s)
  QUERY TIMEOUT (interactive limit): 000630 (57014): Statement reached its statement or warehouse timeout of 5 second(s) and was canceled.
  q3/4: timeouts  (compile 5.043s, exec 0.0s)
  QUERY TIMEOUT (interactive limit): 000630 (57014): Statement reached its statement or warehouse timeout of 5 second(s) and was canceled.
  q4/4: timeouts  (compile 5.051s, exec 0.0s)
  done. next iteration in 502s (fixed 600s cadence).
[11:38:54] iter 124 starting...
  raw_rows=67049988420  mv_rows=1122232
  QUERY TIMEOUT (interactive limit): 000630 (57014): Statement reached its statement or warehouse timeout of 5 second(s) and was canceled.
  q1/4: timeouts  (compile 5.133s, exec 0.0s)
  QUERY TIMEOUT (interactive limit): 000630 (57014): Statement reached its statement or warehouse timeout of 5 second(s) and was canceled.
  q2/4: timeouts  (compile 5.092s, exec 0.0s)
  QUERY TIMEOUT (interactive limit): 000630 (57014): Statement reached its statement or warehouse timeout of 5 second(s) and was canceled.
  q3/4: timeouts  (compile 5.074s, exec 0.0s)
  QUERY TIMEOUT (interactive limit): 000630 (57014): Statement reached its statement or warehouse timeout of 5 second(s) and was canceled.
  q4/4: timeouts  (compile 5.087s, exec 0.0s)
  done. next iteration in 514s (fixed 600s cadence).
[11:48:54] iter 125 starting...
  raw_rows=67588979079  mv_rows=1123307
  QUERY TIMEOUT (interactive limit): 000630 (57014): Statement reached its statement or warehouse timeout of 5 second(s) and was canceled.
  q1/4: timeouts  (compile 5.098s, exec 0.0s)
  QUERY TIMEOUT (interactive limit): 000630 (57014): Statement reached its statement or warehouse timeout of 5 second(s) and was canceled.
  q2/4: timeouts  (compile 5.076s, exec 0.0s)
  QUERY TIMEOUT (interactive limit): 000630 (57014): Statement reached its statement or warehouse timeout of 5 second(s) and was canceled.
  q3/4: timeouts  (compile 5.133s, exec 0.0s)
  QUERY TIMEOUT (interactive limit): 000630 (57014): Statement reached its statement or warehouse timeout of 5 second(s) and was canceled.
  q4/4: timeouts  (compile 5.147s, exec 0.0s)
  done. next iteration in 523s (fixed 600s cadence).
[11:58:54] iter 126 starting...
  raw_rows=68129210623  mv_rows=1133587
  QUERY TIMEOUT (interactive limit): 000630 (57014): Statement reached its statement or warehouse timeout of 5 second(s) and was canceled.
  q1/4: timeouts  (compile 5.142s, exec 0.0s)
  QUERY TIMEOUT (interactive limit): 000630 (57014): Statement reached its statement or warehouse timeout of 5 second(s) and was canceled.
  q2/4: timeouts  (compile 5.082s, exec 0.0s)
  QUERY TIMEOUT (interactive limit): 000630 (57014): Statement reached its statement or warehouse timeout of 5 second(s) and was canceled.
  q3/4: timeouts  (compile 5.063s, exec 0.0s)
  QUERY TIMEOUT (interactive limit): 000630 (57014): Statement reached its statement or warehouse timeout of 5 second(s) and was canceled.
  q4/4: timeouts  (compile 5.185s, exec 0.0s)
  done. next iteration in 514s (fixed 600s cadence).
[12:08:54] iter 127 starting...
  raw_rows=68668623936  mv_rows=1143371
  QUERY TIMEOUT (interactive limit): 000630 (57014): Statement reached its statement or warehouse timeout of 5 second(s) and was canceled.
  q1/4: timeouts  (compile 5.11s, exec 0.0s)
  QUERY TIMEOUT (interactive limit): 000630 (57014): Statement reached its statement or warehouse timeout of 5 second(s) and was canceled.
  q2/4: timeouts  (compile 5.097s, exec 0.0s)
  QUERY TIMEOUT (interactive limit): 000630 (57014): Statement reached its statement or warehouse timeout of 5 second(s) and was canceled.
  q3/4: timeouts  (compile 5.059s, exec 0.0s)
  QUERY TIMEOUT (interactive limit): 000630 (57014): Statement reached its statement or warehouse timeout of 5 second(s) and was canceled.
  q4/4: timeouts  (compile 5.06s, exec 0.0s)
  done. next iteration in 525s (fixed 600s cadence).
[12:18:54] iter 128 starting...
  raw_rows=69208703682  mv_rows=1144297
  QUERY TIMEOUT (interactive limit): 000630 (57014): Statement reached its statement or warehouse timeout of 5 second(s) and was canceled.
  q1/4: timeouts  (compile 5.164s, exec 0.0s)
  QUERY TIMEOUT (interactive limit): 000630 (57014): Statement reached its statement or warehouse timeout of 5 second(s) and was canceled.
  q2/4: timeouts  (compile 5.052s, exec 0.0s)
  QUERY TIMEOUT (interactive limit): 000630 (57014): Statement reached its statement or warehouse timeout of 5 second(s) and was canceled.
  q3/4: timeouts  (compile 5.06s, exec 0.0s)
  QUERY TIMEOUT (interactive limit): 000630 (57014): Statement reached its statement or warehouse timeout of 5 second(s) and was canceled.
  q4/4: timeouts  (compile 5.074s, exec 0.0s)
  done. next iteration in 517s (fixed 600s cadence).
[12:28:54] iter 129 starting...
  raw_rows=69749327780  mv_rows=1154708
  QUERY TIMEOUT (interactive limit): 000630 (57014): Statement reached its statement or warehouse timeout of 5 second(s) and was canceled.
  q1/4: timeouts  (compile 5.119s, exec 0.0s)
  QUERY TIMEOUT (interactive limit): 000630 (57014): Statement reached its statement or warehouse timeout of 5 second(s) and was canceled.
  q2/4: timeouts  (compile 5.061s, exec 0.0s)
  QUERY TIMEOUT (interactive limit): 000630 (57014): Statement reached its statement or warehouse timeout of 5 second(s) and was canceled.
  q3/4: timeouts  (compile 5.06s, exec 0.0s)
  QUERY TIMEOUT (interactive limit): 000630 (57014): Statement reached its statement or warehouse timeout of 5 second(s) and was canceled.
  q4/4: timeouts  (compile 5.081s, exec 0.0s)
  done. next iteration in 510s (fixed 600s cadence).
[12:38:54] iter 130 starting...
  raw_rows=70289473138  mv_rows=1164751
  QUERY TIMEOUT (interactive limit): 000630 (57014): Statement reached its statement or warehouse timeout of 5 second(s) and was canceled.
  q1/4: timeouts  (compile 5.102s, exec 0.0s)
  QUERY TIMEOUT (interactive limit): 000630 (57014): Statement reached its statement or warehouse timeout of 5 second(s) and was canceled.
  q2/4: timeouts  (compile 5.073s, exec 0.0s)
  QUERY TIMEOUT (interactive limit): 000630 (57014): Statement reached its statement or warehouse timeout of 5 second(s) and was canceled.
  q3/4: timeouts  (compile 5.051s, exec 0.0s)
  QUERY TIMEOUT (interactive limit): 000630 (57014): Statement reached its statement or warehouse timeout of 5 second(s) and was canceled.
  q4/4: timeouts  (compile 5.071s, exec 0.0s)
  done. next iteration in 497s (fixed 600s cadence).
[12:48:54] iter 131 starting...
  raw_rows=70829962342  mv_rows=1165451
  QUERY TIMEOUT (interactive limit): 000630 (57014): Statement reached its statement or warehouse timeout of 5 second(s) and was canceled.
  q1/4: timeouts  (compile 5.061s, exec 0.0s)
  QUERY TIMEOUT (interactive limit): 000630 (57014): Statement reached its statement or warehouse timeout of 5 second(s) and was canceled.
  q2/4: timeouts  (compile 5.052s, exec 0.0s)
  QUERY TIMEOUT (interactive limit): 000630 (57014): Statement reached its statement or warehouse timeout of 5 second(s) and was canceled.
  q3/4: timeouts  (compile 5.131s, exec 0.0s)
  QUERY TIMEOUT (interactive limit): 000630 (57014): Statement reached its statement or warehouse timeout of 5 second(s) and was canceled.
  q4/4: timeouts  (compile 5.08s, exec 0.0s)
  done. next iteration in 519s (fixed 600s cadence).
[12:58:54] iter 132 starting...
  raw_rows=71370950112  mv_rows=1179503
  QUERY TIMEOUT (interactive limit): 000630 (57014): Statement reached its statement or warehouse timeout of 5 second(s) and was canceled.
  q1/4: timeouts  (compile 5.111s, exec 0.0s)
  QUERY TIMEOUT (interactive limit): 000630 (57014): Statement reached its statement or warehouse timeout of 5 second(s) and was canceled.
  q2/4: timeouts  (compile 5.08s, exec 0.0s)
  QUERY TIMEOUT (interactive limit): 000630 (57014): Statement reached its statement or warehouse timeout of 5 second(s) and was canceled.
  q3/4: timeouts  (compile 5.062s, exec 0.0s)
  QUERY TIMEOUT (interactive limit): 000630 (57014): Statement reached its statement or warehouse timeout of 5 second(s) and was canceled.
  q4/4: timeouts  (compile 5.072s, exec 0.0s)
  done. next iteration in 460s (fixed 600s cadence).
[13:08:54] iter 133 starting...
  raw_rows=71912771661  mv_rows=1189814
  QUERY TIMEOUT (interactive limit): 000630 (57014): Statement reached its statement or warehouse timeout of 5 second(s) and was canceled.
  q1/4: timeouts  (compile 5.127s, exec 0.0s)
  QUERY TIMEOUT (interactive limit): 000630 (57014): Statement reached its statement or warehouse timeout of 5 second(s) and was canceled.
  q2/4: timeouts  (compile 5.075s, exec 0.0s)
  QUERY TIMEOUT (interactive limit): 000630 (57014): Statement reached its statement or warehouse timeout of 5 second(s) and was canceled.
  q3/4: timeouts  (compile 5.057s, exec 0.0s)
  QUERY TIMEOUT (interactive limit): 000630 (57014): Statement reached its statement or warehouse timeout of 5 second(s) and was canceled.
  q4/4: timeouts  (compile 5.153s, exec 0.0s)
  done. next iteration in 490s (fixed 600s cadence).
[13:18:54] iter 134 starting...
  raw_rows=72454821198  mv_rows=1197782
  QUERY TIMEOUT (interactive limit): 000630 (57014): Statement reached its statement or warehouse timeout of 5 second(s) and was canceled.
  q1/4: timeouts  (compile 5.103s, exec 0.0s)
  QUERY TIMEOUT (interactive limit): 000630 (57014): Statement reached its statement or warehouse timeout of 5 second(s) and was canceled.
  q2/4: timeouts  (compile 5.068s, exec 0.0s)
  QUERY TIMEOUT (interactive limit): 000630 (57014): Statement reached its statement or warehouse timeout of 5 second(s) and was canceled.
  q3/4: timeouts  (compile 5.051s, exec 0.0s)
  QUERY TIMEOUT (interactive limit): 000630 (57014): Statement reached its statement or warehouse timeout of 5 second(s) and was canceled.
  q4/4: timeouts  (compile 5.084s, exec 0.0s)
  done. next iteration in 502s (fixed 600s cadence).
[13:28:54] iter 135 starting...
  raw_rows=72996232858  mv_rows=1200738
  QUERY TIMEOUT (interactive limit): 000630 (57014): Statement reached its statement or warehouse timeout of 5 second(s) and was canceled.
  q1/4: timeouts  (compile 5.079s, exec 0.0s)
  QUERY TIMEOUT (interactive limit): 000630 (57014): Statement reached its statement or warehouse timeout of 5 second(s) and was canceled.
  q2/4: timeouts  (compile 5.054s, exec 0.0s)
  QUERY TIMEOUT (interactive limit): 000630 (57014): Statement reached its statement or warehouse timeout of 5 second(s) and was canceled.
  q3/4: timeouts  (compile 5.128s, exec 0.0s)
  QUERY TIMEOUT (interactive limit): 000630 (57014): Statement reached its statement or warehouse timeout of 5 second(s) and was canceled.
  q4/4: timeouts  (compile 5.059s, exec 0.0s)
  done. next iteration in 503s (fixed 600s cadence).
[13:38:54] iter 136 starting...
  raw_rows=73536792812  mv_rows=1210930
  QUERY TIMEOUT (interactive limit): 000630 (57014): Statement reached its statement or warehouse timeout of 5 second(s) and was canceled.
  q1/4: timeouts  (compile 5.094s, exec 0.0s)
  QUERY TIMEOUT (interactive limit): 000630 (57014): Statement reached its statement or warehouse timeout of 5 second(s) and was canceled.
  q2/4: timeouts  (compile 5.057s, exec 0.0s)
  QUERY TIMEOUT (interactive limit): 000630 (57014): Statement reached its statement or warehouse timeout of 5 second(s) and was canceled.
  q3/4: timeouts  (compile 5.044s, exec 0.0s)
  QUERY TIMEOUT (interactive limit): 000630 (57014): Statement reached its statement or warehouse timeout of 5 second(s) and was canceled.
  q4/4: timeouts  (compile 5.066s, exec 0.0s)
  done. next iteration in 486s (fixed 600s cadence).
[13:48:54] iter 137 starting...
  raw_rows=74077640498  mv_rows=1219569
  QUERY TIMEOUT (interactive limit): 000630 (57014): Statement reached its statement or warehouse timeout of 5 second(s) and was canceled.
  q1/4: timeouts  (compile 5.118s, exec 0.0s)
  QUERY TIMEOUT (interactive limit): 000630 (57014): Statement reached its statement or warehouse timeout of 5 second(s) and was canceled.
  q2/4: timeouts  (compile 5.106s, exec 0.0s)
  QUERY TIMEOUT (interactive limit): 000630 (57014): Statement reached its statement or warehouse timeout of 5 second(s) and was canceled.
  q3/4: timeouts  (compile 5.053s, exec 0.0s)
  QUERY TIMEOUT (interactive limit): 000630 (57014): Statement reached its statement or warehouse timeout of 5 second(s) and was canceled.
  q4/4: timeouts  (compile 5.059s, exec 0.0s)
  done. next iteration in 496s (fixed 600s cadence).
[13:58:54] iter 138 starting...
  raw_rows=74619840709  mv_rows=1221864
  QUERY TIMEOUT (interactive limit): 000630 (57014): Statement reached its statement or warehouse timeout of 5 second(s) and was canceled.
  q1/4: timeouts  (compile 5.072s, exec 0.0s)
  QUERY TIMEOUT (interactive limit): 000630 (57014): Statement reached its statement or warehouse timeout of 5 second(s) and was canceled.
  q2/4: timeouts  (compile 5.064s, exec 0.0s)
  QUERY TIMEOUT (interactive limit): 000630 (57014): Statement reached its statement or warehouse timeout of 5 second(s) and was canceled.
  q3/4: timeouts  (compile 5.041s, exec 0.0s)
  QUERY TIMEOUT (interactive limit): 000630 (57014): Statement reached its statement or warehouse timeout of 5 second(s) and was canceled.
  q4/4: timeouts  (compile 5.074s, exec 0.0s)
  done. next iteration in 510s (fixed 600s cadence).
[14:08:54] iter 139 starting...
  raw_rows=75161314404  mv_rows=1235797
  QUERY TIMEOUT (interactive limit): 000630 (57014): Statement reached its statement or warehouse timeout of 5 second(s) and was canceled.
  q1/4: timeouts  (compile 5.08s, exec 0.0s)
  QUERY TIMEOUT (interactive limit): 000630 (57014): Statement reached its statement or warehouse timeout of 5 second(s) and was canceled.
  q2/4: timeouts  (compile 5.062s, exec 0.0s)
  QUERY TIMEOUT (interactive limit): 000630 (57014): Statement reached its statement or warehouse timeout of 5 second(s) and was canceled.
  q3/4: timeouts  (compile 5.09s, exec 0.0s)
  QUERY TIMEOUT (interactive limit): 000630 (57014): Statement reached its statement or warehouse timeout of 5 second(s) and was canceled.
  q4/4: timeouts  (compile 5.078s, exec 0.0s)
  done. next iteration in 515s (fixed 600s cadence).
[14:18:54] iter 140 starting...
  raw_rows=75703459806  mv_rows=1245403
  QUERY TIMEOUT (interactive limit): 000630 (57014): Statement reached its statement or warehouse timeout of 5 second(s) and was canceled.
  q1/4: timeouts  (compile 5.071s, exec 0.0s)
  QUERY TIMEOUT (interactive limit): 000630 (57014): Statement reached its statement or warehouse timeout of 5 second(s) and was canceled.
  q2/4: timeouts  (compile 5.076s, exec 0.0s)
  QUERY TIMEOUT (interactive limit): 000630 (57014): Statement reached its statement or warehouse timeout of 5 second(s) and was canceled.
  q3/4: timeouts  (compile 5.058s, exec 0.0s)
  QUERY TIMEOUT (interactive limit): 000630 (57014): Statement reached its statement or warehouse timeout of 5 second(s) and was canceled.
  q4/4: timeouts  (compile 5.077s, exec 0.0s)
  done. next iteration in 506s (fixed 600s cadence).
[14:28:54] iter 141 starting...
  raw_rows=76245818687  mv_rows=1246642
  QUERY TIMEOUT (interactive limit): 000630 (57014): Statement reached its statement or warehouse timeout of 5 second(s) and was canceled.
  q1/4: timeouts  (compile 5.143s, exec 0.0s)
  QUERY TIMEOUT (interactive limit): 000630 (57014): Statement reached its statement or warehouse timeout of 5 second(s) and was canceled.
  q2/4: timeouts  (compile 5.058s, exec 0.0s)
  QUERY TIMEOUT (interactive limit): 000630 (57014): Statement reached its statement or warehouse timeout of 5 second(s) and was canceled.
  q3/4: timeouts  (compile 5.052s, exec 0.0s)
  QUERY TIMEOUT (interactive limit): 000630 (57014): Statement reached its statement or warehouse timeout of 5 second(s) and was canceled.
  q4/4: timeouts  (compile 5.065s, exec 0.0s)
  done. next iteration in 513s (fixed 600s cadence).
[14:38:54] iter 142 starting...
  raw_rows=76787945050  mv_rows=1256929
  QUERY TIMEOUT (interactive limit): 000630 (57014): Statement reached its statement or warehouse timeout of 5 second(s) and was canceled.
  q1/4: timeouts  (compile 5.107s, exec 0.0s)
  QUERY TIMEOUT (interactive limit): 000630 (57014): Statement reached its statement or warehouse timeout of 5 second(s) and was canceled.
  q2/4: timeouts  (compile 5.042s, exec 0.0s)
  QUERY TIMEOUT (interactive limit): 000630 (57014): Statement reached its statement or warehouse timeout of 5 second(s) and was canceled.
  q3/4: timeouts  (compile 5.041s, exec 0.0s)
  QUERY TIMEOUT (interactive limit): 000630 (57014): Statement reached its statement or warehouse timeout of 5 second(s) and was canceled.
  q4/4: timeouts  (compile 5.043s, exec 0.0s)
  done. next iteration in 486s (fixed 600s cadence).
[14:48:54] iter 143 starting...
  raw_rows=77329707234  mv_rows=1267324
  QUERY TIMEOUT (interactive limit): 000630 (57014): Statement reached its statement or warehouse timeout of 5 second(s) and was canceled.
  q1/4: timeouts  (compile 5.1s, exec 0.0s)
  QUERY TIMEOUT (interactive limit): 000630 (57014): Statement reached its statement or warehouse timeout of 5 second(s) and was canceled.
  q2/4: timeouts  (compile 5.072s, exec 0.0s)
  QUERY TIMEOUT (interactive limit): 000630 (57014): Statement reached its statement or warehouse timeout of 5 second(s) and was canceled.
  q3/4: timeouts  (compile 5.084s, exec 0.0s)
  QUERY TIMEOUT (interactive limit): 000630 (57014): Statement reached its statement or warehouse timeout of 5 second(s) and was canceled.
  q4/4: timeouts  (compile 5.061s, exec 0.0s)
  done. next iteration in 514s (fixed 600s cadence).
[14:58:54] iter 144 starting...
  raw_rows=77870994017  mv_rows=1267849
  QUERY TIMEOUT (interactive limit): 000630 (57014): Statement reached its statement or warehouse timeout of 5 second(s) and was canceled.
  q1/4: timeouts  (compile 5.185s, exec 0.0s)
  QUERY TIMEOUT (interactive limit): 000630 (57014): Statement reached its statement or warehouse timeout of 5 second(s) and was canceled.
  q2/4: timeouts  (compile 5.052s, exec 0.0s)
  QUERY TIMEOUT (interactive limit): 000630 (57014): Statement reached its statement or warehouse timeout of 5 second(s) and was canceled.
  q3/4: timeouts  (compile 5.064s, exec 0.0s)
  QUERY TIMEOUT (interactive limit): 000630 (57014): Statement reached its statement or warehouse timeout of 5 second(s) and was canceled.
  q4/4: timeouts  (compile 5.071s, exec 0.0s)
  done. next iteration in 457s (fixed 600s cadence).
[15:08:54] iter 145 starting...
  raw_rows=78411190121  mv_rows=1278419
  QUERY TIMEOUT (interactive limit): 000630 (57014): Statement reached its statement or warehouse timeout of 5 second(s) and was canceled.
  q1/4: timeouts  (compile 5.151s, exec 0.0s)
  QUERY TIMEOUT (interactive limit): 000630 (57014): Statement reached its statement or warehouse timeout of 5 second(s) and was canceled.
  q2/4: timeouts  (compile 5.088s, exec 0.0s)
  QUERY TIMEOUT (interactive limit): 000630 (57014): Statement reached its statement or warehouse timeout of 5 second(s) and was canceled.
  q3/4: timeouts  (compile 5.766s, exec 0.0s)
  QUERY TIMEOUT (interactive limit): 000630 (57014): Statement reached its statement or warehouse timeout of 5 second(s) and was canceled.
  q4/4: timeouts  (compile 5.053s, exec 0.0s)
  done. next iteration in 357s (fixed 600s cadence).
[15:18:54] iter 146 starting...
  raw_rows=78950855782  mv_rows=1288656
  QUERY TIMEOUT (interactive limit): 000630 (57014): Statement reached its statement or warehouse timeout of 5 second(s) and was canceled.
  q1/4: timeouts  (compile 5.083s, exec 0.0s)
  QUERY TIMEOUT (interactive limit): 000630 (57014): Statement reached its statement or warehouse timeout of 5 second(s) and was canceled.
  q2/4: timeouts  (compile 5.087s, exec 0.0s)
  QUERY TIMEOUT (interactive limit): 000630 (57014): Statement reached its statement or warehouse timeout of 5 second(s) and was canceled.
  q3/4: timeouts  (compile 5.054s, exec 0.0s)
  QUERY TIMEOUT (interactive limit): 000630 (57014): Statement reached its statement or warehouse timeout of 5 second(s) and was canceled.
  q4/4: timeouts  (compile 5.105s, exec 0.0s)
  done. next iteration in 431s (fixed 600s cadence).
[15:28:54] iter 147 starting...
  raw_rows=79493200068  mv_rows=1292963
  QUERY TIMEOUT (interactive limit): 000630 (57014): Statement reached its statement or warehouse timeout of 5 second(s) and was canceled.
  q1/4: timeouts  (compile 5.094s, exec 0.0s)
  QUERY TIMEOUT (interactive limit): 000630 (57014): Statement reached its statement or warehouse timeout of 5 second(s) and was canceled.
  q2/4: timeouts  (compile 5.056s, exec 0.0s)
  QUERY TIMEOUT (interactive limit): 000630 (57014): Statement reached its statement or warehouse timeout of 5 second(s) and was canceled.
  q3/4: timeouts  (compile 5.039s, exec 0.0s)
  QUERY TIMEOUT (interactive limit): 000630 (57014): Statement reached its statement or warehouse timeout of 5 second(s) and was canceled.
  q4/4: timeouts  (compile 5.048s, exec 0.0s)
  done. next iteration in 433s (fixed 600s cadence).
[15:38:54] iter 148 starting...
  raw_rows=80034806155  mv_rows=1303628
  QUERY TIMEOUT (interactive limit): 000630 (57014): Statement reached its statement or warehouse timeout of 5 second(s) and was canceled.
  q1/4: timeouts  (compile 5.121s, exec 0.0s)
  QUERY TIMEOUT (interactive limit): 000630 (57014): Statement reached its statement or warehouse timeout of 5 second(s) and was canceled.
  q2/4: timeouts  (compile 5.101s, exec 0.0s)
  QUERY TIMEOUT (interactive limit): 000630 (57014): Statement reached its statement or warehouse timeout of 5 second(s) and was canceled.
  q3/4: timeouts  (compile 5.056s, exec 0.0s)
  QUERY TIMEOUT (interactive limit): 000630 (57014): Statement reached its statement or warehouse timeout of 5 second(s) and was canceled.
  q4/4: timeouts  (compile 5.937s, exec 0.0s)
  done. next iteration in 419s (fixed 600s cadence).
[15:48:54] iter 149 starting...
  raw_rows=80577445993  mv_rows=1314362
  QUERY TIMEOUT (interactive limit): 000630 (57014): Statement reached its statement or warehouse timeout of 5 second(s) and was canceled.
  q1/4: timeouts  (compile 5.124s, exec 0.0s)
  QUERY TIMEOUT (interactive limit): 000630 (57014): Statement reached its statement or warehouse timeout of 5 second(s) and was canceled.
  q2/4: timeouts  (compile 5.073s, exec 0.0s)
  QUERY TIMEOUT (interactive limit): 000630 (57014): Statement reached its statement or warehouse timeout of 5 second(s) and was canceled.
  q3/4: timeouts  (compile 5.06s, exec 0.0s)
  QUERY TIMEOUT (interactive limit): 000630 (57014): Statement reached its statement or warehouse timeout of 5 second(s) and was canceled.
  q4/4: timeouts  (compile 5.038s, exec 0.0s)
  done. next iteration in 444s (fixed 600s cadence).
[15:58:54] iter 150 starting...
  raw_rows=81118800709  mv_rows=1322153
  QUERY TIMEOUT (interactive limit): 000630 (57014): Statement reached its statement or warehouse timeout of 5 second(s) and was canceled.
  q1/4: timeouts  (compile 5.073s, exec 0.0s)
  QUERY TIMEOUT (interactive limit): 000630 (57014): Statement reached its statement or warehouse timeout of 5 second(s) and was canceled.
  q2/4: timeouts  (compile 5.095s, exec 0.0s)
  QUERY TIMEOUT (interactive limit): 000630 (57014): Statement reached its statement or warehouse timeout of 5 second(s) and was canceled.
  q3/4: timeouts  (compile 5.336s, exec 0.0s)
  QUERY TIMEOUT (interactive limit): 000630 (57014): Statement reached its statement or warehouse timeout of 5 second(s) and was canceled.
  q4/4: timeouts  (compile 5.046s, exec 0.0s)
  done. next iteration in 413s (fixed 600s cadence).
[16:08:54] iter 151 starting...
  raw_rows=81660796786  mv_rows=1325369
  QUERY TIMEOUT (interactive limit): 000630 (57014): Statement reached its statement or warehouse timeout of 5 second(s) and was canceled.
  q1/4: timeouts  (compile 5.102s, exec 0.0s)
  QUERY TIMEOUT (interactive limit): 000630 (57014): Statement reached its statement or warehouse timeout of 5 second(s) and was canceled.
  q2/4: timeouts  (compile 5.052s, exec 0.0s)
  QUERY TIMEOUT (interactive limit): 000630 (57014): Statement reached its statement or warehouse timeout of 5 second(s) and was canceled.
  q3/4: timeouts  (compile 5.045s, exec 0.0s)
  QUERY TIMEOUT (interactive limit): 000630 (57014): Statement reached its statement or warehouse timeout of 5 second(s) and was canceled.
  q4/4: timeouts  (compile 5.04s, exec 0.0s)
  WARN: iteration exceeded the 600s cadence by 14.6s; next fires immediately (a single connection can't overlap runs).
[16:19:08] iter 152 starting...
  raw_rows=82216318921  mv_rows=1339927
  QUERY TIMEOUT (interactive limit): 000630 (57014): Statement reached its statement or warehouse timeout of 5 second(s) and was canceled.
  q1/4: timeouts  (compile 5.094s, exec 0.0s)
  QUERY TIMEOUT (interactive limit): 000630 (57014): Statement reached its statement or warehouse timeout of 5 second(s) and was canceled.
  q2/4: timeouts  (compile 5.031s, exec 0.0s)
  QUERY TIMEOUT (interactive limit): 000630 (57014): Statement reached its statement or warehouse timeout of 5 second(s) and was canceled.
  q3/4: timeouts  (compile 5.075s, exec 0.0s)
  QUERY TIMEOUT (interactive limit): 000630 (57014): Statement reached its statement or warehouse timeout of 5 second(s) and was canceled.
  q4/4: timeouts  (compile 5.045s, exec 0.0s)
  done. next iteration in 507s (fixed 600s cadence).
[16:29:09] iter 153 starting...
  raw_rows=82758224015  mv_rows=1350527
  QUERY TIMEOUT (interactive limit): 000630 (57014): Statement reached its statement or warehouse timeout of 5 second(s) and was canceled.
  q1/4: timeouts  (compile 5.118s, exec 0.0s)
  QUERY TIMEOUT (interactive limit): 000630 (57014): Statement reached its statement or warehouse timeout of 5 second(s) and was canceled.
  q2/4: timeouts  (compile 5.174s, exec 0.0s)
  QUERY TIMEOUT (interactive limit): 000630 (57014): Statement reached its statement or warehouse timeout of 5 second(s) and was canceled.
  q3/4: timeouts  (compile 5.035s, exec 0.0s)
  QUERY TIMEOUT (interactive limit): 000630 (57014): Statement reached its statement or warehouse timeout of 5 second(s) and was canceled.
  q4/4: timeouts  (compile 5.052s, exec 0.0s)
  done. next iteration in 507s (fixed 600s cadence).
[16:39:09] iter 154 starting...
  raw_rows=83299844723  mv_rows=1351053
  QUERY TIMEOUT (interactive limit): 000630 (57014): Statement reached its statement or warehouse timeout of 5 second(s) and was canceled.
  q1/4: timeouts  (compile 5.093s, exec 0.0s)
  QUERY TIMEOUT (interactive limit): 000630 (57014): Statement reached its statement or warehouse timeout of 5 second(s) and was canceled.
  q2/4: timeouts  (compile 5.079s, exec 0.0s)
  QUERY TIMEOUT (interactive limit): 000630 (57014): Statement reached its statement or warehouse timeout of 5 second(s) and was canceled.
  q3/4: timeouts  (compile 5.085s, exec 0.0s)
  QUERY TIMEOUT (interactive limit): 000630 (57014): Statement reached its statement or warehouse timeout of 5 second(s) and was canceled.
  q4/4: timeouts  (compile 5.069s, exec 0.0s)
  done. next iteration in 504s (fixed 600s cadence).
[16:49:09] iter 155 starting...
  raw_rows=83841255255  mv_rows=1361952
  QUERY TIMEOUT (interactive limit): 000630 (57014): Statement reached its statement or warehouse timeout of 5 second(s) and was canceled.
  q1/4: timeouts  (compile 5.096s, exec 0.0s)
  QUERY TIMEOUT (interactive limit): 000630 (57014): Statement reached its statement or warehouse timeout of 5 second(s) and was canceled.
  q2/4: timeouts  (compile 5.038s, exec 0.0s)
  QUERY TIMEOUT (interactive limit): 000630 (57014): Statement reached its statement or warehouse timeout of 5 second(s) and was canceled.
  q3/4: timeouts  (compile 5.036s, exec 0.0s)
  QUERY TIMEOUT (interactive limit): 000630 (57014): Statement reached its statement or warehouse timeout of 5 second(s) and was canceled.
  q4/4: timeouts  (compile 5.037s, exec 0.0s)
  done. next iteration in 514s (fixed 600s cadence).
[16:59:09] iter 156 starting...
  raw_rows=84383460976  mv_rows=1372412
  QUERY TIMEOUT (interactive limit): 000630 (57014): Statement reached its statement or warehouse timeout of 5 second(s) and was canceled.
  q1/4: timeouts  (compile 5.094s, exec 0.0s)
  QUERY TIMEOUT (interactive limit): 000630 (57014): Statement reached its statement or warehouse timeout of 5 second(s) and was canceled.
  q2/4: timeouts  (compile 5.076s, exec 0.0s)
  QUERY TIMEOUT (interactive limit): 000630 (57014): Statement reached its statement or warehouse timeout of 5 second(s) and was canceled.
  q3/4: timeouts  (compile 5.089s, exec 0.0s)
  QUERY TIMEOUT (interactive limit): 000630 (57014): Statement reached its statement or warehouse timeout of 5 second(s) and was canceled.
  q4/4: timeouts  (compile 5.061s, exec 0.0s)
  done. next iteration in 459s (fixed 600s cadence).
[17:09:09] iter 157 starting...
  raw_rows=84926583827  mv_rows=1373197
  QUERY TIMEOUT (interactive limit): 000630 (57014): Statement reached its statement or warehouse timeout of 5 second(s) and was canceled.
  q1/4: timeouts  (compile 5.08s, exec 0.0s)
  QUERY TIMEOUT (interactive limit): 000630 (57014): Statement reached its statement or warehouse timeout of 5 second(s) and was canceled.
  q2/4: timeouts  (compile 5.109s, exec 0.0s)
  QUERY TIMEOUT (interactive limit): 000630 (57014): Statement reached its statement or warehouse timeout of 5 second(s) and was canceled.
  q3/4: timeouts  (compile 5.074s, exec 0.0s)
  QUERY TIMEOUT (interactive limit): 000630 (57014): Statement reached its statement or warehouse timeout of 5 second(s) and was canceled.
  q4/4: timeouts  (compile 5.066s, exec 0.0s)
  done. next iteration in 490s (fixed 600s cadence).
[17:19:09] iter 158 starting...
  raw_rows=85467427154  mv_rows=1384169
  QUERY TIMEOUT (interactive limit): 000630 (57014): Statement reached its statement or warehouse timeout of 5 second(s) and was canceled.
  q1/4: timeouts  (compile 5.092s, exec 0.0s)
  QUERY TIMEOUT (interactive limit): 000630 (57014): Statement reached its statement or warehouse timeout of 5 second(s) and was canceled.
  q2/4: timeouts  (compile 5.06s, exec 0.0s)
  QUERY TIMEOUT (interactive limit): 000630 (57014): Statement reached its statement or warehouse timeout of 5 second(s) and was canceled.
  q3/4: timeouts  (compile 5.071s, exec 0.0s)
  QUERY TIMEOUT (interactive limit): 000630 (57014): Statement reached its statement or warehouse timeout of 5 second(s) and was canceled.
  q4/4: timeouts  (compile 5.108s, exec 0.0s)
  done. next iteration in 486s (fixed 600s cadence).
[17:29:09] iter 159 starting...
  raw_rows=86009643496  mv_rows=1399133
  QUERY TIMEOUT (interactive limit): 000630 (57014): Statement reached its statement or warehouse timeout of 5 second(s) and was canceled.
  q1/4: timeouts  (compile 5.075s, exec 0.0s)
  QUERY TIMEOUT (interactive limit): 000630 (57014): Statement reached its statement or warehouse timeout of 5 second(s) and was canceled.
  q2/4: timeouts  (compile 5.043s, exec 0.0s)
  QUERY TIMEOUT (interactive limit): 000630 (57014): Statement reached its statement or warehouse timeout of 5 second(s) and was canceled.
  q3/4: timeouts  (compile 5.056s, exec 0.0s)
  QUERY TIMEOUT (interactive limit): 000630 (57014): Statement reached its statement or warehouse timeout of 5 second(s) and was canceled.
  q4/4: timeouts  (compile 5.041s, exec 0.0s)
  done. next iteration in 502s (fixed 600s cadence).
[17:39:09] iter 160 starting...
  raw_rows=86551274814  mv_rows=1409765
  QUERY TIMEOUT (interactive limit): 000630 (57014): Statement reached its statement or warehouse timeout of 5 second(s) and was canceled.
  q1/4: timeouts  (compile 5.07s, exec 0.0s)
  QUERY TIMEOUT (interactive limit): 000630 (57014): Statement reached its statement or warehouse timeout of 5 second(s) and was canceled.
  q2/4: timeouts  (compile 5.099s, exec 0.0s)
  QUERY TIMEOUT (interactive limit): 000630 (57014): Statement reached its statement or warehouse timeout of 5 second(s) and was canceled.
  q3/4: timeouts  (compile 5.087s, exec 0.0s)
  QUERY TIMEOUT (interactive limit): 000630 (57014): Statement reached its statement or warehouse timeout of 5 second(s) and was canceled.
  q4/4: timeouts  (compile 5.093s, exec 0.0s)
  done. next iteration in 515s (fixed 600s cadence).
[17:49:09] iter 161 starting...
  raw_rows=87093219679  mv_rows=1418890
  QUERY TIMEOUT (interactive limit): 000630 (57014): Statement reached its statement or warehouse timeout of 5 second(s) and was canceled.
  q1/4: timeouts  (compile 5.129s, exec 0.0s)
  QUERY TIMEOUT (interactive limit): 000630 (57014): Statement reached its statement or warehouse timeout of 5 second(s) and was canceled.
  q2/4: timeouts  (compile 5.087s, exec 0.0s)
  QUERY TIMEOUT (interactive limit): 000630 (57014): Statement reached its statement or warehouse timeout of 5 second(s) and was canceled.
  q3/4: timeouts  (compile 5.05s, exec 0.0s)
  QUERY TIMEOUT (interactive limit): 000630 (57014): Statement reached its statement or warehouse timeout of 5 second(s) and was canceled.
  q4/4: timeouts  (compile 5.06s, exec 0.0s)
  done. next iteration in 505s (fixed 600s cadence).
[17:59:09] iter 162 starting...
  raw_rows=87635264996  mv_rows=1421607
  QUERY TIMEOUT (interactive limit): 000630 (57014): Statement reached its statement or warehouse timeout of 5 second(s) and was canceled.
  q1/4: timeouts  (compile 5.082s, exec 0.0s)
  QUERY TIMEOUT (interactive limit): 000630 (57014): Statement reached its statement or warehouse timeout of 5 second(s) and was canceled.
  q2/4: timeouts  (compile 5.128s, exec 0.0s)
  QUERY TIMEOUT (interactive limit): 000630 (57014): Statement reached its statement or warehouse timeout of 5 second(s) and was canceled.
  q3/4: timeouts  (compile 5.061s, exec 0.0s)
  QUERY TIMEOUT (interactive limit): 000630 (57014): Statement reached its statement or warehouse timeout of 5 second(s) and was canceled.
  q4/4: timeouts  (compile 5.084s, exec 0.0s)
  done. next iteration in 482s (fixed 600s cadence).
[18:09:09] iter 163 starting...
  raw_rows=88177289049  mv_rows=1432798
  QUERY TIMEOUT (interactive limit): 000630 (57014): Statement reached its statement or warehouse timeout of 5 second(s) and was canceled.
  q1/4: timeouts  (compile 5.092s, exec 0.0s)
  QUERY TIMEOUT (interactive limit): 000630 (57014): Statement reached its statement or warehouse timeout of 5 second(s) and was canceled.
  q2/4: timeouts  (compile 5.253s, exec 0.0s)
  QUERY TIMEOUT (interactive limit): 000630 (57014): Statement reached its statement or warehouse timeout of 5 second(s) and was canceled.
  q3/4: timeouts  (compile 5.065s, exec 0.0s)
  QUERY TIMEOUT (interactive limit): 000630 (57014): Statement reached its statement or warehouse timeout of 5 second(s) and was canceled.
  q4/4: timeouts  (compile 5.056s, exec 0.0s)
  done. next iteration in 485s (fixed 600s cadence).
[18:19:09] iter 164 starting...
  raw_rows=88719866194  mv_rows=1443359
  QUERY TIMEOUT (interactive limit): 000630 (57014): Statement reached its statement or warehouse timeout of 5 second(s) and was canceled.
  q1/4: timeouts  (compile 5.098s, exec 0.0s)
  QUERY TIMEOUT (interactive limit): 000630 (57014): Statement reached its statement or warehouse timeout of 5 second(s) and was canceled.
  q2/4: timeouts  (compile 5.115s, exec 0.0s)
  QUERY TIMEOUT (interactive limit): 000630 (57014): Statement reached its statement or warehouse timeout of 5 second(s) and was canceled.
  q3/4: timeouts  (compile 5.115s, exec 0.0s)
  QUERY TIMEOUT (interactive limit): 000630 (57014): Statement reached its statement or warehouse timeout of 5 second(s) and was canceled.
  q4/4: timeouts  (compile 5.047s, exec 0.0s)
  done. next iteration in 484s (fixed 600s cadence).
[18:29:09] iter 165 starting...
  raw_rows=89262138725  mv_rows=1444108
  QUERY TIMEOUT (interactive limit): 000630 (57014): Statement reached its statement or warehouse timeout of 5 second(s) and was canceled.
  q1/4: timeouts  (compile 5.126s, exec 0.0s)
  QUERY TIMEOUT (interactive limit): 000630 (57014): Statement reached its statement or warehouse timeout of 5 second(s) and was canceled.
  q2/4: timeouts  (compile 5.052s, exec 0.0s)
  QUERY TIMEOUT (interactive limit): 000630 (57014): Statement reached its statement or warehouse timeout of 5 second(s) and was canceled.
  q3/4: timeouts  (compile 5.069s, exec 0.0s)
  QUERY TIMEOUT (interactive limit): 000630 (57014): Statement reached its statement or warehouse timeout of 5 second(s) and was canceled.
  q4/4: timeouts  (compile 5.063s, exec 0.0s)
  done. next iteration in 487s (fixed 600s cadence).
[18:39:09] iter 166 starting...
  raw_rows=89805118672  mv_rows=1459155
  QUERY TIMEOUT (interactive limit): 000630 (57014): Statement reached its statement or warehouse timeout of 5 second(s) and was canceled.
  q1/4: timeouts  (compile 5.119s, exec 0.0s)
  QUERY TIMEOUT (interactive limit): 000630 (57014): Statement reached its statement or warehouse timeout of 5 second(s) and was canceled.
  q2/4: timeouts  (compile 5.093s, exec 0.0s)
  QUERY TIMEOUT (interactive limit): 000630 (57014): Statement reached its statement or warehouse timeout of 5 second(s) and was canceled.
  q3/4: timeouts  (compile 5.101s, exec 0.0s)
  QUERY TIMEOUT (interactive limit): 000630 (57014): Statement reached its statement or warehouse timeout of 5 second(s) and was canceled.
  q4/4: timeouts  (compile 5.039s, exec 0.0s)
  done. next iteration in 487s (fixed 600s cadence).
[18:49:09] iter 167 starting...
  raw_rows=90346946708  mv_rows=1470270
  QUERY TIMEOUT (interactive limit): 000630 (57014): Statement reached its statement or warehouse timeout of 5 second(s) and was canceled.
  q1/4: timeouts  (compile 5.078s, exec 0.0s)
  QUERY TIMEOUT (interactive limit): 000630 (57014): Statement reached its statement or warehouse timeout of 5 second(s) and was canceled.
  q2/4: timeouts  (compile 5.141s, exec 0.0s)
  QUERY TIMEOUT (interactive limit): 000630 (57014): Statement reached its statement or warehouse timeout of 5 second(s) and was canceled.
  q3/4: timeouts  (compile 5.072s, exec 0.0s)
  QUERY TIMEOUT (interactive limit): 000630 (57014): Statement reached its statement or warehouse timeout of 5 second(s) and was canceled.
  q4/4: timeouts  (compile 5.085s, exec 0.0s)
  done. next iteration in 507s (fixed 600s cadence).
[18:59:09] iter 168 starting...
  raw_rows=90888926996  mv_rows=1480665
  QUERY TIMEOUT (interactive limit): 000630 (57014): Statement reached its statement or warehouse timeout of 5 second(s) and was canceled.
  q1/4: timeouts  (compile 5.202s, exec 0.0s)
  QUERY TIMEOUT (interactive limit): 000630 (57014): Statement reached its statement or warehouse timeout of 5 second(s) and was canceled.
  q2/4: timeouts  (compile 5.074s, exec 0.0s)
  QUERY TIMEOUT (interactive limit): 000630 (57014): Statement reached its statement or warehouse timeout of 5 second(s) and was canceled.
  q3/4: timeouts  (compile 5.073s, exec 0.0s)
  QUERY TIMEOUT (interactive limit): 000630 (57014): Statement reached its statement or warehouse timeout of 5 second(s) and was canceled.
  q4/4: timeouts  (compile 5.077s, exec 0.0s)
  done. next iteration in 466s (fixed 600s cadence).
[19:09:09] iter 169 starting...
  raw_rows=91431059185  mv_rows=1481753
  QUERY TIMEOUT (interactive limit): 000630 (57014): Statement reached its statement or warehouse timeout of 5 second(s) and was canceled.
  q1/4: timeouts  (compile 5.093s, exec 0.0s)
  QUERY TIMEOUT (interactive limit): 000630 (57014): Statement reached its statement or warehouse timeout of 5 second(s) and was canceled.
  q2/4: timeouts  (compile 5.078s, exec 0.0s)
  QUERY TIMEOUT (interactive limit): 000630 (57014): Statement reached its statement or warehouse timeout of 5 second(s) and was canceled.
  q3/4: timeouts  (compile 5.052s, exec 0.0s)
  QUERY TIMEOUT (interactive limit): 000630 (57014): Statement reached its statement or warehouse timeout of 5 second(s) and was canceled.
  q4/4: timeouts  (compile 5.036s, exec 0.0s)
  done. next iteration in 500s (fixed 600s cadence).
[19:19:09] iter 170 starting...
  raw_rows=91972051222  mv_rows=1492962
  QUERY TIMEOUT (interactive limit): 000630 (57014): Statement reached its statement or warehouse timeout of 5 second(s) and was canceled.
  q1/4: timeouts  (compile 5.116s, exec 0.0s)
  QUERY TIMEOUT (interactive limit): 000630 (57014): Statement reached its statement or warehouse timeout of 5 second(s) and was canceled.
  q2/4: timeouts  (compile 5.123s, exec 0.0s)
  QUERY TIMEOUT (interactive limit): 000630 (57014): Statement reached its statement or warehouse timeout of 5 second(s) and was canceled.
  q3/4: timeouts  (compile 5.096s, exec 0.0s)
  QUERY TIMEOUT (interactive limit): 000630 (57014): Statement reached its statement or warehouse timeout of 5 second(s) and was canceled.
  q4/4: timeouts  (compile 5.085s, exec 0.0s)
  done. next iteration in 489s (fixed 600s cadence).
[19:29:09] iter 171 starting...
  raw_rows=92513653743  mv_rows=1504143
  QUERY TIMEOUT (interactive limit): 000630 (57014): Statement reached its statement or warehouse timeout of 5 second(s) and was canceled.
  q1/4: timeouts  (compile 5.106s, exec 0.0s)
  QUERY TIMEOUT (interactive limit): 000630 (57014): Statement reached its statement or warehouse timeout of 5 second(s) and was canceled.
  q2/4: timeouts  (compile 5.038s, exec 0.0s)
  QUERY TIMEOUT (interactive limit): 000630 (57014): Statement reached its statement or warehouse timeout of 5 second(s) and was canceled.
  q3/4: timeouts  (compile 5.047s, exec 0.0s)
  QUERY TIMEOUT (interactive limit): 000630 (57014): Statement reached its statement or warehouse timeout of 5 second(s) and was canceled.
  q4/4: timeouts  (compile 5.041s, exec 0.0s)
  done. next iteration in 498s (fixed 600s cadence).
[19:39:09] iter 172 starting...
  raw_rows=93055673311  mv_rows=1515250
  QUERY TIMEOUT (interactive limit): 000630 (57014): Statement reached its statement or warehouse timeout of 5 second(s) and was canceled.
  q1/4: timeouts  (compile 5.099s, exec 0.0s)
  QUERY TIMEOUT (interactive limit): 000630 (57014): Statement reached its statement or warehouse timeout of 5 second(s) and was canceled.
  q2/4: timeouts  (compile 5.088s, exec 0.0s)
  QUERY TIMEOUT (interactive limit): 000630 (57014): Statement reached its statement or warehouse timeout of 5 second(s) and was canceled.
  q3/4: timeouts  (compile 5.105s, exec 0.0s)
  QUERY TIMEOUT (interactive limit): 000630 (57014): Statement reached its statement or warehouse timeout of 5 second(s) and was canceled.
  q4/4: timeouts  (compile 5.096s, exec 0.0s)
  done. next iteration in 505s (fixed 600s cadence).
[19:49:09] iter 173 starting...
  raw_rows=93597081880  mv_rows=1520215
  QUERY TIMEOUT (interactive limit): 000630 (57014): Statement reached its statement or warehouse timeout of 5 second(s) and was canceled.
  q1/4: timeouts  (compile 5.129s, exec 0.0s)
  QUERY TIMEOUT (interactive limit): 000630 (57014): Statement reached its statement or warehouse timeout of 5 second(s) and was canceled.
  q2/4: timeouts  (compile 5.09s, exec 0.0s)
  QUERY TIMEOUT (interactive limit): 000630 (57014): Statement reached its statement or warehouse timeout of 5 second(s) and was canceled.
  q3/4: timeouts  (compile 5.057s, exec 0.0s)
  QUERY TIMEOUT (interactive limit): 000630 (57014): Statement reached its statement or warehouse timeout of 5 second(s) and was canceled.
  q4/4: timeouts  (compile 5.054s, exec 0.0s)
  done. next iteration in 497s (fixed 600s cadence).
[19:59:09] iter 174 starting...
  raw_rows=94139420512  mv_rows=1531616
  QUERY TIMEOUT (interactive limit): 000630 (57014): Statement reached its statement or warehouse timeout of 5 second(s) and was canceled.
  q1/4: timeouts  (compile 5.079s, exec 0.0s)
  QUERY TIMEOUT (interactive limit): 000630 (57014): Statement reached its statement or warehouse timeout of 5 second(s) and was canceled.
  q2/4: timeouts  (compile 5.078s, exec 0.0s)
  QUERY TIMEOUT (interactive limit): 000630 (57014): Statement reached its statement or warehouse timeout of 5 second(s) and was canceled.
  q3/4: timeouts  (compile 5.061s, exec 0.0s)
  QUERY TIMEOUT (interactive limit): 000630 (57014): Statement reached its statement or warehouse timeout of 5 second(s) and was canceled.
  q4/4: timeouts  (compile 5.05s, exec 0.0s)
  done. next iteration in 438s (fixed 600s cadence).
[20:09:09] iter 175 starting...
  raw_rows=94681556703  mv_rows=1542585
  QUERY TIMEOUT (interactive limit): 000630 (57014): Statement reached its statement or warehouse timeout of 5 second(s) and was canceled.
  q1/4: timeouts  (compile 5.063s, exec 0.0s)
  QUERY TIMEOUT (interactive limit): 000630 (57014): Statement reached its statement or warehouse timeout of 5 second(s) and was canceled.
  q2/4: timeouts  (compile 5.074s, exec 0.0s)
  QUERY TIMEOUT (interactive limit): 000630 (57014): Statement reached its statement or warehouse timeout of 5 second(s) and was canceled.
  q3/4: timeouts  (compile 5.106s, exec 0.0s)
  QUERY TIMEOUT (interactive limit): 000630 (57014): Statement reached its statement or warehouse timeout of 5 second(s) and was canceled.
  q4/4: timeouts  (compile 5.036s, exec 0.0s)
  done. next iteration in 400s (fixed 600s cadence).
[20:19:09] iter 176 starting...
  raw_rows=95224799137  mv_rows=1554215
  QUERY TIMEOUT (interactive limit): 000630 (57014): Statement reached its statement or warehouse timeout of 5 second(s) and was canceled.
  q1/4: timeouts  (compile 5.077s, exec 0.0s)
  QUERY TIMEOUT (interactive limit): 000630 (57014): Statement reached its statement or warehouse timeout of 5 second(s) and was canceled.
  q2/4: timeouts  (compile 5.108s, exec 0.0s)
  QUERY TIMEOUT (interactive limit): 000630 (57014): Statement reached its statement or warehouse timeout of 5 second(s) and was canceled.
  q3/4: timeouts  (compile 5.07s, exec 0.0s)
  QUERY TIMEOUT (interactive limit): 000630 (57014): Statement reached its statement or warehouse timeout of 5 second(s) and was canceled.
  q4/4: timeouts  (compile 5.076s, exec 0.0s)
  done. next iteration in 404s (fixed 600s cadence).
[20:29:09] iter 177 starting...
  raw_rows=95767198614  mv_rows=1554512
  QUERY TIMEOUT (interactive limit): 000630 (57014): Statement reached its statement or warehouse timeout of 5 second(s) and was canceled.
  q1/4: timeouts  (compile 5.049s, exec 0.0s)
  QUERY TIMEOUT (interactive limit): 000630 (57014): Statement reached its statement or warehouse timeout of 5 second(s) and was canceled.
  q2/4: timeouts  (compile 5.068s, exec 0.0s)
  QUERY TIMEOUT (interactive limit): 000630 (57014): Statement reached its statement or warehouse timeout of 5 second(s) and was canceled.
  q3/4: timeouts  (compile 5.05s, exec 0.0s)
  QUERY TIMEOUT (interactive limit): 000630 (57014): Statement reached its statement or warehouse timeout of 5 second(s) and was canceled.
  q4/4: timeouts  (compile 5.097s, exec 0.0s)
  done. next iteration in 395s (fixed 600s cadence).
[20:39:09] iter 178 starting...
  raw_rows=96309470012  mv_rows=1565981
  QUERY TIMEOUT (interactive limit): 000630 (57014): Statement reached its statement or warehouse timeout of 5 second(s) and was canceled.
  q1/4: timeouts  (compile 5.093s, exec 0.0s)
  QUERY TIMEOUT (interactive limit): 000630 (57014): Statement reached its statement or warehouse timeout of 5 second(s) and was canceled.
  q2/4: timeouts  (compile 5.094s, exec 0.0s)
  QUERY TIMEOUT (interactive limit): 000630 (57014): Statement reached its statement or warehouse timeout of 5 second(s) and was canceled.
  q3/4: timeouts  (compile 5.039s, exec 0.0s)
  QUERY TIMEOUT (interactive limit): 000630 (57014): Statement reached its statement or warehouse timeout of 5 second(s) and was canceled.
  q4/4: timeouts  (compile 5.034s, exec 0.0s)
  done. next iteration in 394s (fixed 600s cadence).
[20:49:09] iter 179 starting...
  raw_rows=96851653610  mv_rows=1581760
  QUERY TIMEOUT (interactive limit): 000630 (57014): Statement reached its statement or warehouse timeout of 5 second(s) and was canceled.
  q1/4: timeouts  (compile 5.174s, exec 0.0s)
  QUERY TIMEOUT (interactive limit): 000630 (57014): Statement reached its statement or warehouse timeout of 5 second(s) and was canceled.
  q2/4: timeouts  (compile 5.044s, exec 0.0s)
  QUERY TIMEOUT (interactive limit): 000630 (57014): Statement reached its statement or warehouse timeout of 5 second(s) and was canceled.
  q3/4: timeouts  (compile 5.058s, exec 0.0s)
  QUERY TIMEOUT (interactive limit): 000630 (57014): Statement reached its statement or warehouse timeout of 5 second(s) and was canceled.
  q4/4: timeouts  (compile 5.039s, exec 0.0s)
  done. next iteration in 421s (fixed 600s cadence).
[20:59:09] iter 180 starting...
  raw_rows=97394543872  mv_rows=1592441
  QUERY TIMEOUT (interactive limit): 000630 (57014): Statement reached its statement or warehouse timeout of 5 second(s) and was canceled.
  q1/4: timeouts  (compile 5.149s, exec 0.0s)
  QUERY TIMEOUT (interactive limit): 000630 (57014): Statement reached its statement or warehouse timeout of 5 second(s) and was canceled.
  q2/4: timeouts  (compile 5.09s, exec 0.0s)
  q3/4: 7.606s  (compile 4.529s, exec 3.019s)
  QUERY TIMEOUT (interactive limit): 000630 (57014): Statement reached its statement or warehouse timeout of 5 second(s) and was canceled.
  q4/4: timeouts  (compile 5.069s, exec 0.0s)
  done. next iteration in 452s (fixed 600s cadence).
[21:09:09] iter 181 starting...
  raw_rows=97936585917  mv_rows=1593423
  QUERY TIMEOUT (interactive limit): 000630 (57014): Statement reached its statement or warehouse timeout of 5 second(s) and was canceled.
  q1/4: timeouts  (compile 5.105s, exec 0.0s)
  QUERY TIMEOUT (interactive limit): 000630 (57014): Statement reached its statement or warehouse timeout of 5 second(s) and was canceled.
  q2/4: timeouts  (compile 5.106s, exec 0.0s)
  q3/4: 6.897s  (compile 5.377s, exec 1.442s)
  q4/4: 3.436s  (compile 1.276s, exec 2.16s)
  done. next iteration in 523s (fixed 600s cadence).
[21:19:09] iter 182 starting...
  raw_rows=98478794150  mv_rows=1604980
  QUERY TIMEOUT (interactive limit): 000630 (57014): Statement reached its statement or warehouse timeout of 5 second(s) and was canceled.
  q1/4: timeouts  (compile 5.099s, exec 0.0s)
  QUERY TIMEOUT (interactive limit): 000630 (57014): Statement reached its statement or warehouse timeout of 5 second(s) and was canceled.
  q2/4: timeouts  (compile 5.093s, exec 0.0s)
  QUERY TIMEOUT (interactive limit): 000630 (57014): Statement reached its statement or warehouse timeout of 5 second(s) and was canceled.
  q3/4: timeouts  (compile 5.088s, exec 0.0s)
  QUERY TIMEOUT (interactive limit): 000630 (57014): Statement reached its statement or warehouse timeout of 5 second(s) and was canceled.
  q4/4: timeouts  (compile 5.105s, exec 0.0s)
  done. next iteration in 512s (fixed 600s cadence).
[21:29:09] iter 183 starting...
  raw_rows=99020252726  mv_rows=1616439
  QUERY TIMEOUT (interactive limit): 000630 (57014): Statement reached its statement or warehouse timeout of 5 second(s) and was canceled.
  q1/4: timeouts  (compile 5.124s, exec 0.0s)
  QUERY TIMEOUT (interactive limit): 000630 (57014): Statement reached its statement or warehouse timeout of 5 second(s) and was canceled.
  q2/4: timeouts  (compile 5.054s, exec 0.0s)
  QUERY TIMEOUT (interactive limit): 000630 (57014): Statement reached its statement or warehouse timeout of 5 second(s) and was canceled.
  q3/4: timeouts  (compile 5.075s, exec 0.0s)
  q4/4: 9.9s  (compile 4.957s, exec 4.83s)
  done. next iteration in 503s (fixed 600s cadence).
[21:39:09] iter 184 starting...
  raw_rows=99562284811  mv_rows=1626305
  QUERY TIMEOUT (interactive limit): 000630 (57014): Statement reached its statement or warehouse timeout of 5 second(s) and was canceled.
  q1/4: timeouts  (compile 5.098s, exec 0.0s)
  QUERY TIMEOUT (interactive limit): 000630 (57014): Statement reached its statement or warehouse timeout of 5 second(s) and was canceled.
  q2/4: timeouts  (compile 5.074s, exec 0.0s)
  QUERY TIMEOUT (interactive limit): 000630 (57014): Statement reached its statement or warehouse timeout of 5 second(s) and was canceled.
  q3/4: timeouts  (compile 5.07s, exec 0.0s)
  q4/4: 11.815s  (compile 4.523s, exec 7.212s)
  done. next iteration in 522s (fixed 600s cadence).
[21:49:09] iter 185 starting...
  raw_rows=100104485925  mv_rows=1628277
  QUERY TIMEOUT (interactive limit): 000630 (57014): Statement reached its statement or warehouse timeout of 5 second(s) and was canceled.
  q1/4: timeouts  (compile 5.193s, exec 0.0s)
  QUERY TIMEOUT (interactive limit): 000630 (57014): Statement reached its statement or warehouse timeout of 5 second(s) and was canceled.
  q2/4: timeouts  (compile 5.082s, exec 0.0s)
  QUERY TIMEOUT (interactive limit): 000630 (57014): Statement reached its statement or warehouse timeout of 5 second(s) and was canceled.
  q3/4: timeouts  (compile 5.096s, exec 0.0s)
  QUERY TIMEOUT (interactive limit): 000630 (57014): Statement reached its statement or warehouse timeout of 5 second(s) and was canceled.
  q4/4: timeouts  (compile 5.081s, exec 0.0s)
  done. next iteration in 515s (fixed 600s cadence).
[21:59:09] iter 186 starting...
  raw_rows=100646274542  mv_rows=1640063
  QUERY TIMEOUT (interactive limit): 000630 (57014): Statement reached its statement or warehouse timeout of 5 second(s) and was canceled.
  q1/4: timeouts  (compile 5.099s, exec 0.0s)
  QUERY TIMEOUT (interactive limit): 000630 (57014): Statement reached its statement or warehouse timeout of 5 second(s) and was canceled.
  q2/4: timeouts  (compile 5.185s, exec 0.0s)
  QUERY TIMEOUT (interactive limit): 000630 (57014): Statement reached its statement or warehouse timeout of 5 second(s) and was canceled.
  q3/4: timeouts  (compile 5.077s, exec 0.0s)
  QUERY TIMEOUT (interactive limit): 000630 (57014): Statement reached its statement or warehouse timeout of 5 second(s) and was canceled.
  q4/4: timeouts  (compile 5.044s, exec 0.0s)
  done. next iteration in 493s (fixed 600s cadence).
[22:09:09] iter 187 starting...
  raw_rows=101188203978  mv_rows=1651531
  QUERY TIMEOUT (interactive limit): 000630 (57014): Statement reached its statement or warehouse timeout of 5 second(s) and was canceled.
  q1/4: timeouts  (compile 5.105s, exec 0.0s)
  QUERY TIMEOUT (interactive limit): 000630 (57014): Statement reached its statement or warehouse timeout of 5 second(s) and was canceled.
  q2/4: timeouts  (compile 5.113s, exec 0.0s)
  QUERY TIMEOUT (interactive limit): 000630 (57014): Statement reached its statement or warehouse timeout of 5 second(s) and was canceled.
  q3/4: timeouts  (compile 5.091s, exec 0.0s)
  QUERY TIMEOUT (interactive limit): 000630 (57014): Statement reached its statement or warehouse timeout of 5 second(s) and was canceled.
  q4/4: timeouts  (compile 5.097s, exec 0.0s)
  done. next iteration in 526s (fixed 600s cadence).
[22:19:09] iter 188 starting...
  raw_rows=101730362433  mv_rows=1665772
  QUERY TIMEOUT (interactive limit): 000630 (57014): Statement reached its statement or warehouse timeout of 5 second(s) and was canceled.
  q1/4: timeouts  (compile 5.089s, exec 0.0s)
  QUERY TIMEOUT (interactive limit): 000630 (57014): Statement reached its statement or warehouse timeout of 5 second(s) and was canceled.
  q2/4: timeouts  (compile 5.048s, exec 0.0s)
  QUERY TIMEOUT (interactive limit): 000630 (57014): Statement reached its statement or warehouse timeout of 5 second(s) and was canceled.
  q3/4: timeouts  (compile 5.065s, exec 0.0s)
  QUERY TIMEOUT (interactive limit): 000630 (57014): Statement reached its statement or warehouse timeout of 5 second(s) and was canceled.
  q4/4: timeouts  (compile 5.213s, exec 0.0s)
  done. next iteration in 527s (fixed 600s cadence).
[22:29:09] iter 189 starting...
  raw_rows=102273838275  mv_rows=1667719
  QUERY TIMEOUT (interactive limit): 000630 (57014): Statement reached its statement or warehouse timeout of 5 second(s) and was canceled.
  q1/4: timeouts  (compile 5.08s, exec 0.0s)
  QUERY TIMEOUT (interactive limit): 000630 (57014): Statement reached its statement or warehouse timeout of 5 second(s) and was canceled.
  q2/4: timeouts  (compile 5.072s, exec 0.0s)
  QUERY TIMEOUT (interactive limit): 000630 (57014): Statement reached its statement or warehouse timeout of 5 second(s) and was canceled.
  q3/4: timeouts  (compile 5.121s, exec 0.0s)
  QUERY TIMEOUT (interactive limit): 000630 (57014): Statement reached its statement or warehouse timeout of 5 second(s) and was canceled.
  q4/4: timeouts  (compile 5.072s, exec 0.0s)
  done. next iteration in 517s (fixed 600s cadence).
[22:39:09] iter 190 starting...
  raw_rows=102816437739  mv_rows=1679428
  QUERY TIMEOUT (interactive limit): 000630 (57014): Statement reached its statement or warehouse timeout of 5 second(s) and was canceled.
  q1/4: timeouts  (compile 5.065s, exec 0.0s)
  QUERY TIMEOUT (interactive limit): 000630 (57014): Statement reached its statement or warehouse timeout of 5 second(s) and was canceled.
  q2/4: timeouts  (compile 5.083s, exec 0.0s)
  QUERY TIMEOUT (interactive limit): 000630 (57014): Statement reached its statement or warehouse timeout of 5 second(s) and was canceled.
  q3/4: timeouts  (compile 5.051s, exec 0.0s)
  QUERY TIMEOUT (interactive limit): 000630 (57014): Statement reached its statement or warehouse timeout of 5 second(s) and was canceled.
  q4/4: timeouts  (compile 5.078s, exec 0.0s)
  done. next iteration in 514s (fixed 600s cadence).
[22:49:09] iter 191 starting...
  raw_rows=103358899130  mv_rows=1691260
  QUERY TIMEOUT (interactive limit): 000630 (57014): Statement reached its statement or warehouse timeout of 5 second(s) and was canceled.
  q1/4: timeouts  (compile 5.082s, exec 0.0s)
  QUERY TIMEOUT (interactive limit): 000630 (57014): Statement reached its statement or warehouse timeout of 5 second(s) and was canceled.
  q2/4: timeouts  (compile 5.068s, exec 0.0s)
  QUERY TIMEOUT (interactive limit): 000630 (57014): Statement reached its statement or warehouse timeout of 5 second(s) and was canceled.
  q3/4: timeouts  (compile 5.065s, exec 0.0s)
  QUERY TIMEOUT (interactive limit): 000630 (57014): Statement reached its statement or warehouse timeout of 5 second(s) and was canceled.
  q4/4: timeouts  (compile 5.075s, exec 0.0s)
  done. next iteration in 517s (fixed 600s cadence).
[22:59:09] iter 192 starting...
  raw_rows=103902276705  mv_rows=1702053
  QUERY TIMEOUT (interactive limit): 000630 (57014): Statement reached its statement or warehouse timeout of 5 second(s) and was canceled.
  q1/4: timeouts  (compile 5.154s, exec 0.0s)
  QUERY TIMEOUT (interactive limit): 000630 (57014): Statement reached its statement or warehouse timeout of 5 second(s) and was canceled.
  q2/4: timeouts  (compile 5.069s, exec 0.0s)
  QUERY TIMEOUT (interactive limit): 000630 (57014): Statement reached its statement or warehouse timeout of 5 second(s) and was canceled.
  q3/4: timeouts  (compile 5.073s, exec 0.0s)
  QUERY TIMEOUT (interactive limit): 000630 (57014): Statement reached its statement or warehouse timeout of 5 second(s) and was canceled.
  q4/4: timeouts  (compile 5.086s, exec 0.0s)
  done. next iteration in 480s (fixed 600s cadence).
[23:09:09] iter 193 starting...
  raw_rows=104445340586  mv_rows=1707784
  QUERY TIMEOUT (interactive limit): 000630 (57014): Statement reached its statement or warehouse timeout of 5 second(s) and was canceled.
  q1/4: timeouts  (compile 5.127s, exec 0.0s)
  QUERY TIMEOUT (interactive limit): 000630 (57014): Statement reached its statement or warehouse timeout of 5 second(s) and was canceled.
  q2/4: timeouts  (compile 5.105s, exec 0.0s)
  QUERY TIMEOUT (interactive limit): 000630 (57014): Statement reached its statement or warehouse timeout of 5 second(s) and was canceled.
  q3/4: timeouts  (compile 5.101s, exec 0.0s)
  QUERY TIMEOUT (interactive limit): 000630 (57014): Statement reached its statement or warehouse timeout of 5 second(s) and was canceled.
  q4/4: timeouts  (compile 5.348s, exec 0.0s)
  done. next iteration in 518s (fixed 600s cadence).
[23:19:09] iter 194 starting...
  raw_rows=104988547102  mv_rows=1719561
  QUERY TIMEOUT (interactive limit): 000630 (57014): Statement reached its statement or warehouse timeout of 5 second(s) and was canceled.
  q1/4: timeouts  (compile 5.086s, exec 0.0s)
  QUERY TIMEOUT (interactive limit): 000630 (57014): Statement reached its statement or warehouse timeout of 5 second(s) and was canceled.
  q2/4: timeouts  (compile 5.134s, exec 0.0s)
  QUERY TIMEOUT (interactive limit): 000630 (57014): Statement reached its statement or warehouse timeout of 5 second(s) and was canceled.
  q3/4: timeouts  (compile 5.071s, exec 0.0s)
  QUERY TIMEOUT (interactive limit): 000630 (57014): Statement reached its statement or warehouse timeout of 5 second(s) and was canceled.
  q4/4: timeouts  (compile 5.152s, exec 0.0s)
  done. next iteration in 522s (fixed 600s cadence).
[23:29:09] iter 195 starting...
  raw_rows=105531957769  mv_rows=1731087
  QUERY TIMEOUT (interactive limit): 000630 (57014): Statement reached its statement or warehouse timeout of 5 second(s) and was canceled.
  q1/4: timeouts  (compile 5.103s, exec 0.0s)
  QUERY TIMEOUT (interactive limit): 000630 (57014): Statement reached its statement or warehouse timeout of 5 second(s) and was canceled.
  q2/4: timeouts  (compile 5.057s, exec 0.0s)
  QUERY TIMEOUT (interactive limit): 000630 (57014): Statement reached its statement or warehouse timeout of 5 second(s) and was canceled.
  q3/4: timeouts  (compile 5.065s, exec 0.0s)
  QUERY TIMEOUT (interactive limit): 000630 (57014): Statement reached its statement or warehouse timeout of 5 second(s) and was canceled.
  q4/4: timeouts  (compile 5.089s, exec 0.0s)
  done. next iteration in 520s (fixed 600s cadence).
[23:39:09] iter 196 starting...
  raw_rows=106074902268  mv_rows=1741131
  QUERY TIMEOUT (interactive limit): 000630 (57014): Statement reached its statement or warehouse timeout of 5 second(s) and was canceled.
  q1/4: timeouts  (compile 5.077s, exec 0.0s)
  QUERY TIMEOUT (interactive limit): 000630 (57014): Statement reached its statement or warehouse timeout of 5 second(s) and was canceled.
  q2/4: timeouts  (compile 5.072s, exec 0.0s)
  QUERY TIMEOUT (interactive limit): 000630 (57014): Statement reached its statement or warehouse timeout of 5 second(s) and was canceled.
  q3/4: timeouts  (compile 5.066s, exec 0.0s)
  QUERY TIMEOUT (interactive limit): 000630 (57014): Statement reached its statement or warehouse timeout of 5 second(s) and was canceled.
  q4/4: timeouts  (compile 5.101s, exec 0.0s)
  done. next iteration in 520s (fixed 600s cadence).
[23:49:09] iter 197 starting...
  raw_rows=106617588511  mv_rows=1743081
  QUERY TIMEOUT (interactive limit): 000630 (57014): Statement reached its statement or warehouse timeout of 5 second(s) and was canceled.
  q1/4: timeouts  (compile 5.092s, exec 0.0s)
  QUERY TIMEOUT (interactive limit): 000630 (57014): Statement reached its statement or warehouse timeout of 5 second(s) and was canceled.
  q2/4: timeouts  (compile 5.077s, exec 0.0s)
  QUERY TIMEOUT (interactive limit): 000630 (57014): Statement reached its statement or warehouse timeout of 5 second(s) and was canceled.
  q3/4: timeouts  (compile 5.065s, exec 0.0s)
  QUERY TIMEOUT (interactive limit): 000630 (57014): Statement reached its statement or warehouse timeout of 5 second(s) and was canceled.
  q4/4: timeouts  (compile 5.059s, exec 0.0s)
  done. next iteration in 523s (fixed 600s cadence).
[23:59:09] iter 198 starting...
  raw_rows=107160275838  mv_rows=1754895
  QUERY TIMEOUT (interactive limit): 000630 (57014): Statement reached its statement or warehouse timeout of 5 second(s) and was canceled.
  q1/4: timeouts  (compile 5.102s, exec 0.0s)
  QUERY TIMEOUT (interactive limit): 000630 (57014): Statement reached its statement or warehouse timeout of 5 second(s) and was canceled.
  q2/4: timeouts  (compile 5.091s, exec 0.0s)
  QUERY TIMEOUT (interactive limit): 000630 (57014): Statement reached its statement or warehouse timeout of 5 second(s) and was canceled.
  q3/4: timeouts  (compile 5.096s, exec 0.0s)
  QUERY TIMEOUT (interactive limit): 000630 (57014): Statement reached its statement or warehouse timeout of 5 second(s) and was canceled.
  q4/4: timeouts  (compile 5.064s, exec 0.0s)
  done. next iteration in 475s (fixed 600s cadence).
[00:09:09] iter 199 starting...
  raw_rows=107702840599  mv_rows=1771050
  QUERY TIMEOUT (interactive limit): 000630 (57014): Statement reached its statement or warehouse timeout of 5 second(s) and was canceled.
  q1/4: timeouts  (compile 5.123s, exec 0.0s)
  QUERY TIMEOUT (interactive limit): 000630 (57014): Statement reached its statement or warehouse timeout of 5 second(s) and was canceled.
  q2/4: timeouts  (compile 5.044s, exec 0.0s)
  QUERY TIMEOUT (interactive limit): 000630 (57014): Statement reached its statement or warehouse timeout of 5 second(s) and was canceled.
  q3/4: timeouts  (compile 5.068s, exec 0.0s)
  QUERY TIMEOUT (interactive limit): 000630 (57014): Statement reached its statement or warehouse timeout of 5 second(s) and was canceled.
  q4/4: timeouts  (compile 5.092s, exec 0.0s)
  done. next iteration in 508s (fixed 600s cadence).
[00:19:09] iter 200 starting...
  raw_rows=108244505577  mv_rows=1781878
  QUERY TIMEOUT (interactive limit): 000630 (57014): Statement reached its statement or warehouse timeout of 5 second(s) and was canceled.
  q1/4: timeouts  (compile 5.115s, exec 0.0s)
  QUERY TIMEOUT (interactive limit): 000630 (57014): Statement reached its statement or warehouse timeout of 5 second(s) and was canceled.
  q2/4: timeouts  (compile 5.097s, exec 0.0s)
  QUERY TIMEOUT (interactive limit): 000630 (57014): Statement reached its statement or warehouse timeout of 5 second(s) and was canceled.
  q3/4: timeouts  (compile 5.058s, exec 0.0s)
  QUERY TIMEOUT (interactive limit): 000630 (57014): Statement reached its statement or warehouse timeout of 5 second(s) and was canceled.
  q4/4: timeouts  (compile 5.083s, exec 0.0s)
  done. next iteration in 520s (fixed 600s cadence).
[00:29:09] iter 201 starting...
  raw_rows=108785925944  mv_rows=1787521
  QUERY TIMEOUT (interactive limit): 000630 (57014): Statement reached its statement or warehouse timeout of 5 second(s) and was canceled.
  q1/4: timeouts  (compile 5.11s, exec 0.0s)
  QUERY TIMEOUT (interactive limit): 000630 (57014): Statement reached its statement or warehouse timeout of 5 second(s) and was canceled.
  q2/4: timeouts  (compile 5.346s, exec 0.0s)
  QUERY TIMEOUT (interactive limit): 000630 (57014): Statement reached its statement or warehouse timeout of 5 second(s) and was canceled.
  q3/4: timeouts  (compile 5.047s, exec 0.0s)
  QUERY TIMEOUT (interactive limit): 000630 (57014): Statement reached its statement or warehouse timeout of 5 second(s) and was canceled.
  q4/4: timeouts  (compile 5.215s, exec 0.0s)
  done. next iteration in 513s (fixed 600s cadence).
[00:39:09] iter 202 starting...
  raw_rows=109327870845  mv_rows=1794672
  QUERY TIMEOUT (interactive limit): 000630 (57014): Statement reached its statement or warehouse timeout of 5 second(s) and was canceled.
  q1/4: timeouts  (compile 5.089s, exec 0.0s)
  QUERY TIMEOUT (interactive limit): 000630 (57014): Statement reached its statement or warehouse timeout of 5 second(s) and was canceled.
  q2/4: timeouts  (compile 5.111s, exec 0.0s)
  QUERY TIMEOUT (interactive limit): 000630 (57014): Statement reached its statement or warehouse timeout of 5 second(s) and was canceled.
  q3/4: timeouts  (compile 5.08s, exec 0.0s)
  QUERY TIMEOUT (interactive limit): 000630 (57014): Statement reached its statement or warehouse timeout of 5 second(s) and was canceled.
  q4/4: timeouts  (compile 5.118s, exec 0.0s)
  done. next iteration in 503s (fixed 600s cadence).
[00:49:09] iter 203 starting...
  raw_rows=109869967872  mv_rows=1806424
  QUERY TIMEOUT (interactive limit): 000630 (57014): Statement reached its statement or warehouse timeout of 5 second(s) and was canceled.
  q1/4: timeouts  (compile 5.073s, exec 0.0s)
  QUERY TIMEOUT (interactive limit): 000630 (57014): Statement reached its statement or warehouse timeout of 5 second(s) and was canceled.
  q2/4: timeouts  (compile 5.107s, exec 0.0s)
  QUERY TIMEOUT (interactive limit): 000630 (57014): Statement reached its statement or warehouse timeout of 5 second(s) and was canceled.
  q3/4: timeouts  (compile 5.049s, exec 0.0s)
  QUERY TIMEOUT (interactive limit): 000630 (57014): Statement reached its statement or warehouse timeout of 5 second(s) and was canceled.
  q4/4: timeouts  (compile 5.072s, exec 0.0s)
  done. next iteration in 482s (fixed 600s cadence).
[00:59:09] iter 204 starting...
  raw_rows=110412260011  mv_rows=1822815
  QUERY TIMEOUT (interactive limit): 000630 (57014): Statement reached its statement or warehouse timeout of 5 second(s) and was canceled.
  q1/4: timeouts  (compile 5.139s, exec 0.0s)
  QUERY TIMEOUT (interactive limit): 000630 (57014): Statement reached its statement or warehouse timeout of 5 second(s) and was canceled.
  q2/4: timeouts  (compile 5.103s, exec 0.0s)
  QUERY TIMEOUT (interactive limit): 000630 (57014): Statement reached its statement or warehouse timeout of 5 second(s) and was canceled.
  q3/4: timeouts  (compile 5.068s, exec 0.0s)
  QUERY TIMEOUT (interactive limit): 000630 (57014): Statement reached its statement or warehouse timeout of 5 second(s) and was canceled.
  q4/4: timeouts  (compile 5.102s, exec 0.0s)
  done. next iteration in 394s (fixed 600s cadence).
[01:09:09] iter 205 starting...
  raw_rows=110954490620  mv_rows=1834546
  QUERY TIMEOUT (interactive limit): 000630 (57014): Statement reached its statement or warehouse timeout of 5 second(s) and was canceled.
  q1/4: timeouts  (compile 5.11s, exec 0.0s)
  QUERY TIMEOUT (interactive limit): 000630 (57014): Statement reached its statement or warehouse timeout of 5 second(s) and was canceled.
  q2/4: timeouts  (compile 5.074s, exec 0.0s)
  QUERY TIMEOUT (interactive limit): 000630 (57014): Statement reached its statement or warehouse timeout of 5 second(s) and was canceled.
  q3/4: timeouts  (compile 5.107s, exec 0.0s)
  QUERY TIMEOUT (interactive limit): 000630 (57014): Statement reached its statement or warehouse timeout of 5 second(s) and was canceled.
  q4/4: timeouts  (compile 5.087s, exec 0.0s)
  done. next iteration in 503s (fixed 600s cadence).
[01:19:09] iter 206 starting...
  raw_rows=111497099408  mv_rows=1844593
  QUERY TIMEOUT (interactive limit): 000630 (57014): Statement reached its statement or warehouse timeout of 5 second(s) and was canceled.
  q1/4: timeouts  (compile 5.097s, exec 0.0s)
  QUERY TIMEOUT (interactive limit): 000630 (57014): Statement reached its statement or warehouse timeout of 5 second(s) and was canceled.
  q2/4: timeouts  (compile 5.074s, exec 0.0s)
  QUERY TIMEOUT (interactive limit): 000630 (57014): Statement reached its statement or warehouse timeout of 5 second(s) and was canceled.
  q3/4: timeouts  (compile 5.054s, exec 0.0s)
  QUERY TIMEOUT (interactive limit): 000630 (57014): Statement reached its statement or warehouse timeout of 5 second(s) and was canceled.
  q4/4: timeouts  (compile 5.072s, exec 0.0s)
  done. next iteration in 506s (fixed 600s cadence).
[01:29:09] iter 207 starting...
  raw_rows=112040256884  mv_rows=1846565
  QUERY TIMEOUT (interactive limit): 000630 (57014): Statement reached its statement or warehouse timeout of 5 second(s) and was canceled.
  q1/4: timeouts  (compile 5.127s, exec 0.0s)
  QUERY TIMEOUT (interactive limit): 000630 (57014): Statement reached its statement or warehouse timeout of 5 second(s) and was canceled.
  q2/4: timeouts  (compile 5.054s, exec 0.0s)
  QUERY TIMEOUT (interactive limit): 000630 (57014): Statement reached its statement or warehouse timeout of 5 second(s) and was canceled.
  q3/4: timeouts  (compile 5.063s, exec 0.0s)
  QUERY TIMEOUT (interactive limit): 000630 (57014): Statement reached its statement or warehouse timeout of 5 second(s) and was canceled.
  q4/4: timeouts  (compile 5.051s, exec 0.0s)
  done. next iteration in 487s (fixed 600s cadence).
[01:39:09] iter 208 starting...
  raw_rows=112583059832  mv_rows=1858250
  QUERY TIMEOUT (interactive limit): 000630 (57014): Statement reached its statement or warehouse timeout of 5 second(s) and was canceled.
  q1/4: timeouts  (compile 5.103s, exec 0.0s)
  QUERY TIMEOUT (interactive limit): 000630 (57014): Statement reached its statement or warehouse timeout of 5 second(s) and was canceled.
  q2/4: timeouts  (compile 5.07s, exec 0.0s)
  QUERY TIMEOUT (interactive limit): 000630 (57014): Statement reached its statement or warehouse timeout of 5 second(s) and was canceled.
  q3/4: timeouts  (compile 5.1s, exec 0.0s)
  QUERY TIMEOUT (interactive limit): 000630 (57014): Statement reached its statement or warehouse timeout of 5 second(s) and was canceled.
  q4/4: timeouts  (compile 5.112s, exec 0.0s)
  done. next iteration in 488s (fixed 600s cadence).
[01:49:09] iter 209 starting...
  raw_rows=113020235210  mv_rows=1858559
  QUERY TIMEOUT (interactive limit): 000630 (57014): Statement reached its statement or warehouse timeout of 5 second(s) and was canceled.
  q1/4: timeouts  (compile 5.078s, exec 0.0s)
  QUERY TIMEOUT (interactive limit): 000630 (57014): Statement reached its statement or warehouse timeout of 5 second(s) and was canceled.
  q2/4: timeouts  (compile 5.111s, exec 0.0s)
  QUERY TIMEOUT (interactive limit): 000630 (57014): Statement reached its statement or warehouse timeout of 5 second(s) and was canceled.
  q3/4: timeouts  (compile 5.294s, exec 0.0s)
  QUERY TIMEOUT (interactive limit): 000630 (57014): Statement reached its statement or warehouse timeout of 5 second(s) and was canceled.
  q4/4: timeouts  (compile 5.046s, exec 0.0s)
  done. next iteration in 501s (fixed 600s cadence).
[01:59:09] iter 210 starting...
  raw_rows=113131235396  mv_rows=1858611
  QUERY TIMEOUT (interactive limit): 000630 (57014): Statement reached its statement or warehouse timeout of 5 second(s) and was canceled.
  q1/4: timeouts  (compile 5.103s, exec 0.0s)
  QUERY TIMEOUT (interactive limit): 000630 (57014): Statement reached its statement or warehouse timeout of 5 second(s) and was canceled.
  q2/4: timeouts  (compile 5.057s, exec 0.0s)
  QUERY TIMEOUT (interactive limit): 000630 (57014): Statement reached its statement or warehouse timeout of 5 second(s) and was canceled.
  q3/4: timeouts  (compile 5.134s, exec 0.0s)
  QUERY TIMEOUT (interactive limit): 000630 (57014): Statement reached its statement or warehouse timeout of 5 second(s) and was canceled.
  q4/4: timeouts  (compile 5.079s, exec 0.0s)
  done. next iteration in 464s (fixed 600s cadence).
[02:09:09] iter 211 starting...
  raw_rows=113199653210  mv_rows=1858613
  QUERY TIMEOUT (interactive limit): 000630 (57014): Statement reached its statement or warehouse timeout of 5 second(s) and was canceled.
  q1/4: timeouts  (compile 5.062s, exec 0.0s)
  QUERY TIMEOUT (interactive limit): 000630 (57014): Statement reached its statement or warehouse timeout of 5 second(s) and was canceled.
  q2/4: timeouts  (compile 5.076s, exec 0.0s)
  QUERY TIMEOUT (interactive limit): 000630 (57014): Statement reached its statement or warehouse timeout of 5 second(s) and was canceled.
  q3/4: timeouts  (compile 5.061s, exec 0.0s)
  QUERY TIMEOUT (interactive limit): 000630 (57014): Statement reached its statement or warehouse timeout of 5 second(s) and was canceled.
  q4/4: timeouts  (compile 5.086s, exec 0.0s)
  done. next iteration in 542s (fixed 600s cadence).
[02:19:09] iter 212 starting...
  raw_rows=113217706094  mv_rows=1858616
  QUERY TIMEOUT (interactive limit): 000630 (57014): Statement reached its statement or warehouse timeout of 5 second(s) and was canceled.
  q1/4: timeouts  (compile 5.084s, exec 0.0s)
  QUERY TIMEOUT (interactive limit): 000630 (57014): Statement reached its statement or warehouse timeout of 5 second(s) and was canceled.
  q2/4: timeouts  (compile 5.055s, exec 0.0s)
  QUERY TIMEOUT (interactive limit): 000630 (57014): Statement reached its statement or warehouse timeout of 5 second(s) and was canceled.
  q3/4: timeouts  (compile 5.079s, exec 0.0s)
  QUERY TIMEOUT (interactive limit): 000630 (57014): Statement reached its statement or warehouse timeout of 5 second(s) and was canceled.
  q4/4: timeouts  (compile 5.082s, exec 0.0s)
  done. next iteration in 562s (fixed 600s cadence).
[02:29:09] iter 213 starting...
  raw_rows=113217706094  mv_rows=1858616
  QUERY TIMEOUT (interactive limit): 000630 (57014): Statement reached its statement or warehouse timeout of 5 second(s) and was canceled.
  q1/4: timeouts  (compile 5.109s, exec 0.0s)
  QUERY TIMEOUT (interactive limit): 000630 (57014): Statement reached its statement or warehouse timeout of 5 second(s) and was canceled.
  q2/4: timeouts  (compile 5.084s, exec 0.0s)
  QUERY TIMEOUT (interactive limit): 000630 (57014): Statement reached its statement or warehouse timeout of 5 second(s) and was canceled.
  q3/4: timeouts  (compile 5.103s, exec 0.0s)
  QUERY TIMEOUT (interactive limit): 000630 (57014): Statement reached its statement or warehouse timeout of 5 second(s) and was canceled.
  q4/4: timeouts  (compile 5.07s, exec 0.0s)
  done. next iteration in 565s (fixed 600s cadence).
[02:39:09] iter 214 starting...
  raw_rows=113217706094  mv_rows=1858616
  QUERY TIMEOUT (interactive limit): 000630 (57014): Statement reached its statement or warehouse timeout of 5 second(s) and was canceled.
  q1/4: timeouts  (compile 5.104s, exec 0.0s)
  QUERY TIMEOUT (interactive limit): 000630 (57014): Statement reached its statement or warehouse timeout of 5 second(s) and was canceled.
  q2/4: timeouts  (compile 5.074s, exec 0.0s)
  QUERY TIMEOUT (interactive limit): 000630 (57014): Statement reached its statement or warehouse timeout of 5 second(s) and was canceled.
  q3/4: timeouts  (compile 5.088s, exec 0.0s)
  QUERY TIMEOUT (interactive limit): 000630 (57014): Statement reached its statement or warehouse timeout of 5 second(s) and was canceled.
  q4/4: timeouts  (compile 5.089s, exec 0.0s)
  done. next iteration in 563s (fixed 600s cadence).
[02:49:09] iter 215 starting...
  raw_rows=113217706094  mv_rows=1858616
  QUERY TIMEOUT (interactive limit): 000630 (57014): Statement reached its statement or warehouse timeout of 5 second(s) and was canceled.
  q1/4: timeouts  (compile 5.095s, exec 0.0s)
  QUERY TIMEOUT (interactive limit): 000630 (57014): Statement reached its statement or warehouse timeout of 5 second(s) and was canceled.
  q2/4: timeouts  (compile 5.061s, exec 0.0s)
  QUERY TIMEOUT (interactive limit): 000630 (57014): Statement reached its statement or warehouse timeout of 5 second(s) and was canceled.
  q3/4: timeouts  (compile 5.104s, exec 0.0s)
  QUERY TIMEOUT (interactive limit): 000630 (57014): Statement reached its statement or warehouse timeout of 5 second(s) and was canceled.
  q4/4: timeouts  (compile 5.034s, exec 0.0s)
  done. next iteration in 564s (fixed 600s cadence).
[02:59:09] iter 216 starting...
  raw_rows=113217706094  mv_rows=1858616
  QUERY TIMEOUT (interactive limit): 000630 (57014): Statement reached its statement or warehouse timeout of 5 second(s) and was canceled.
  q1/4: timeouts  (compile 5.165s, exec 0.0s)
  QUERY TIMEOUT (interactive limit): 000630 (57014): Statement reached its statement or warehouse timeout of 5 second(s) and was canceled.
  q2/4: timeouts  (compile 5.061s, exec 0.0s)
  QUERY TIMEOUT (interactive limit): 000630 (57014): Statement reached its statement or warehouse timeout of 5 second(s) and was canceled.
  q3/4: timeouts  (compile 5.082s, exec 0.0s)
  QUERY TIMEOUT (interactive limit): 000630 (57014): Statement reached its statement or warehouse timeout of 5 second(s) and was canceled.
  q4/4: timeouts  (compile 5.146s, exec 0.0s)
  done. next iteration in 566s (fixed 600s cadence).
[03:09:09] iter 217 starting...
  raw_rows=113217706094  mv_rows=1858616
  QUERY TIMEOUT (interactive limit): 000630 (57014): Statement reached its statement or warehouse timeout of 5 second(s) and was canceled.
  q1/4: timeouts  (compile 5.22s, exec 0.0s)
  QUERY TIMEOUT (interactive limit): 000630 (57014): Statement reached its statement or warehouse timeout of 5 second(s) and was canceled.
  q2/4: timeouts  (compile 5.041s, exec 0.0s)
  QUERY TIMEOUT (interactive limit): 000630 (57014): Statement reached its statement or warehouse timeout of 5 second(s) and was canceled.
  q3/4: timeouts  (compile 5.079s, exec 0.0s)
  QUERY TIMEOUT (interactive limit): 000630 (57014): Statement reached its statement or warehouse timeout of 5 second(s) and was canceled.
  q4/4: timeouts  (compile 5.106s, exec 0.0s)
  done. next iteration in 566s (fixed 600s cadence).
[03:19:09] iter 218 starting...
  raw_rows=113217706094  mv_rows=1858616
  QUERY TIMEOUT (interactive limit): 000630 (57014): Statement reached its statement or warehouse timeout of 5 second(s) and was canceled.
  q1/4: timeouts  (compile 5.154s, exec 0.0s)
  QUERY TIMEOUT (interactive limit): 000630 (57014): Statement reached its statement or warehouse timeout of 5 second(s) and was canceled.
  q2/4: timeouts  (compile 5.073s, exec 0.0s)
  QUERY TIMEOUT (interactive limit): 000630 (57014): Statement reached its statement or warehouse timeout of 5 second(s) and was canceled.
  q3/4: timeouts  (compile 5.094s, exec 0.0s)
  QUERY TIMEOUT (interactive limit): 000630 (57014): Statement reached its statement or warehouse timeout of 5 second(s) and was canceled.
  q4/4: timeouts  (compile 5.094s, exec 0.0s)
  done. next iteration in 565s (fixed 600s cadence).
[03:29:09] iter 219 starting...
  raw_rows=113217706094  mv_rows=1858616
  QUERY TIMEOUT (interactive limit): 000630 (57014): Statement reached its statement or warehouse timeout of 5 second(s) and was canceled.
  q1/4: timeouts  (compile 5.152s, exec 0.0s)
  QUERY TIMEOUT (interactive limit): 000630 (57014): Statement reached its statement or warehouse timeout of 5 second(s) and was canceled.
  q2/4: timeouts  (compile 5.116s, exec 0.0s)
  QUERY TIMEOUT (interactive limit): 000630 (57014): Statement reached its statement or warehouse timeout of 5 second(s) and was canceled.
  q3/4: timeouts  (compile 5.044s, exec 0.0s)
  QUERY TIMEOUT (interactive limit): 000630 (57014): Statement reached its statement or warehouse timeout of 5 second(s) and was canceled.
  q4/4: timeouts  (compile 5.089s, exec 0.0s)
  done. next iteration in 566s (fixed 600s cadence).
[03:39:09] iter 220 starting...
  raw_rows=113217706094  mv_rows=1858616
  QUERY TIMEOUT (interactive limit): 000630 (57014): Statement reached its statement or warehouse timeout of 5 second(s) and was canceled.
  q1/4: timeouts  (compile 5.071s, exec 0.0s)
  QUERY TIMEOUT (interactive limit): 000630 (57014): Statement reached its statement or warehouse timeout of 5 second(s) and was canceled.
  q2/4: timeouts  (compile 5.083s, exec 0.0s)
  QUERY TIMEOUT (interactive limit): 000630 (57014): Statement reached its statement or warehouse timeout of 5 second(s) and was canceled.
  q3/4: timeouts  (compile 5.139s, exec 0.0s)
  QUERY TIMEOUT (interactive limit): 000630 (57014): Statement reached its statement or warehouse timeout of 5 second(s) and was canceled.
  q4/4: timeouts  (compile 5.082s, exec 0.0s)
  done. next iteration in 567s (fixed 600s cadence).
[03:49:09] iter 221 starting...
  raw_rows=113217706094  mv_rows=1858616
  QUERY TIMEOUT (interactive limit): 000630 (57014): Statement reached its statement or warehouse timeout of 5 second(s) and was canceled.
  q1/4: timeouts  (compile 5.071s, exec 0.0s)
  QUERY TIMEOUT (interactive limit): 000630 (57014): Statement reached its statement or warehouse timeout of 5 second(s) and was canceled.
  q2/4: timeouts  (compile 5.127s, exec 0.0s)
  QUERY TIMEOUT (interactive limit): 000630 (57014): Statement reached its statement or warehouse timeout of 5 second(s) and was canceled.
  q3/4: timeouts  (compile 5.064s, exec 0.0s)
  QUERY TIMEOUT (interactive limit): 000630 (57014): Statement reached its statement or warehouse timeout of 5 second(s) and was canceled.
  q4/4: timeouts  (compile 5.108s, exec 0.0s)
  done. next iteration in 566s (fixed 600s cadence).
[03:59:09] iter 222 starting...
  raw_rows=113217706094  mv_rows=1858616
  QUERY TIMEOUT (interactive limit): 000630 (57014): Statement reached its statement or warehouse timeout of 5 second(s) and was canceled.
  q1/4: timeouts  (compile 5.105s, exec 0.0s)
  QUERY TIMEOUT (interactive limit): 000630 (57014): Statement reached its statement or warehouse timeout of 5 second(s) and was canceled.
  q2/4: timeouts  (compile 5.157s, exec 0.0s)
  QUERY TIMEOUT (interactive limit): 000630 (57014): Statement reached its statement or warehouse timeout of 5 second(s) and was canceled.
  q3/4: timeouts  (compile 5.076s, exec 0.0s)
  QUERY TIMEOUT (interactive limit): 000630 (57014): Statement reached its statement or warehouse timeout of 5 second(s) and was canceled.
  q4/4: timeouts  (compile 5.11s, exec 0.0s)
  done. next iteration in 566s (fixed 600s cadence).
[04:09:09] iter 223 starting...
  raw_rows=113217706094  mv_rows=1858616
  QUERY TIMEOUT (interactive limit): 000630 (57014): Statement reached its statement or warehouse timeout of 5 second(s) and was canceled.
  q1/4: timeouts  (compile 5.089s, exec 0.0s)
  QUERY TIMEOUT (interactive limit): 000630 (57014): Statement reached its statement or warehouse timeout of 5 second(s) and was canceled.
  q2/4: timeouts  (compile 5.088s, exec 0.0s)
  QUERY TIMEOUT (interactive limit): 000630 (57014): Statement reached its statement or warehouse timeout of 5 second(s) and was canceled.
  q3/4: timeouts  (compile 5.061s, exec 0.0s)
  QUERY TIMEOUT (interactive limit): 000630 (57014): Statement reached its statement or warehouse timeout of 5 second(s) and was canceled.
  q4/4: timeouts  (compile 5.151s, exec 0.0s)
  done. next iteration in 565s (fixed 600s cadence).
[04:19:09] iter 224 starting...
  raw_rows=113217706094  mv_rows=1858616
  QUERY TIMEOUT (interactive limit): 000630 (57014): Statement reached its statement or warehouse timeout of 5 second(s) and was canceled.
  q1/4: timeouts  (compile 5.069s, exec 0.0s)
  QUERY TIMEOUT (interactive limit): 000630 (57014): Statement reached its statement or warehouse timeout of 5 second(s) and was canceled.
  q2/4: timeouts  (compile 5.096s, exec 0.0s)
  QUERY TIMEOUT (interactive limit): 000630 (57014): Statement reached its statement or warehouse timeout of 5 second(s) and was canceled.
  q3/4: timeouts  (compile 5.315s, exec 0.0s)
  QUERY TIMEOUT (interactive limit): 000630 (57014): Statement reached its statement or warehouse timeout of 5 second(s) and was canceled.
  q4/4: timeouts  (compile 5.205s, exec 0.0s)
  done. next iteration in 566s (fixed 600s cadence).
[04:29:09] iter 225 starting...
  raw_rows=113217706094  mv_rows=1858616
  QUERY TIMEOUT (interactive limit): 000630 (57014): Statement reached its statement or warehouse timeout of 5 second(s) and was canceled.
  q1/4: timeouts  (compile 5.06s, exec 0.0s)
  QUERY TIMEOUT (interactive limit): 000630 (57014): Statement reached its statement or warehouse timeout of 5 second(s) and was canceled.
  q2/4: timeouts  (compile 5.057s, exec 0.0s)
  QUERY TIMEOUT (interactive limit): 000630 (57014): Statement reached its statement or warehouse timeout of 5 second(s) and was canceled.
  q3/4: timeouts  (compile 5.071s, exec 0.0s)
  QUERY TIMEOUT (interactive limit): 000630 (57014): Statement reached its statement or warehouse timeout of 5 second(s) and was canceled.
  q4/4: timeouts  (compile 5.074s, exec 0.0s)
  done. next iteration in 565s (fixed 600s cadence).
[04:39:09] iter 226 starting...
  raw_rows=113217706094  mv_rows=1858616
  QUERY TIMEOUT (interactive limit): 000630 (57014): Statement reached its statement or warehouse timeout of 5 second(s) and was canceled.
  q1/4: timeouts  (compile 5.225s, exec 0.0s)
  QUERY TIMEOUT (interactive limit): 000630 (57014): Statement reached its statement or warehouse timeout of 5 second(s) and was canceled.
  q2/4: timeouts  (compile 5.276s, exec 0.0s)
  QUERY TIMEOUT (interactive limit): 000630 (57014): Statement reached its statement or warehouse timeout of 5 second(s) and was canceled.
  q3/4: timeouts  (compile 5.043s, exec 0.0s)
  QUERY TIMEOUT (interactive limit): 000630 (57014): Statement reached its statement or warehouse timeout of 5 second(s) and was canceled.
  q4/4: timeouts  (compile 5.085s, exec 0.0s)
  done. next iteration in 565s (fixed 600s cadence).
[04:49:09] iter 227 starting...
  raw_rows=113217706094  mv_rows=1858616
  QUERY TIMEOUT (interactive limit): 000630 (57014): Statement reached its statement or warehouse timeout of 5 second(s) and was canceled.
  q1/4: timeouts  (compile 5.147s, exec 0.0s)
  QUERY TIMEOUT (interactive limit): 000630 (57014): Statement reached its statement or warehouse timeout of 5 second(s) and was canceled.
  q2/4: timeouts  (compile 5.461s, exec 0.0s)
  QUERY TIMEOUT (interactive limit): 000630 (57014): Statement reached its statement or warehouse timeout of 5 second(s) and was canceled.
  q3/4: timeouts  (compile 5.099s, exec 0.0s)
  QUERY TIMEOUT (interactive limit): 000630 (57014): Statement reached its statement or warehouse timeout of 5 second(s) and was canceled.
  q4/4: timeouts  (compile 5.144s, exec 0.0s)
  done. next iteration in 562s (fixed 600s cadence).
[04:59:09] iter 228 starting...
  raw_rows=113217706094  mv_rows=1858616
  QUERY TIMEOUT (interactive limit): 000630 (57014): Statement reached its statement or warehouse timeout of 5 second(s) and was canceled.
  q1/4: timeouts  (compile 5.269s, exec 0.0s)
  QUERY TIMEOUT (interactive limit): 000630 (57014): Statement reached its statement or warehouse timeout of 5 second(s) and was canceled.
  q2/4: timeouts  (compile 5.093s, exec 0.0s)
  QUERY TIMEOUT (interactive limit): 000630 (57014): Statement reached its statement or warehouse timeout of 5 second(s) and was canceled.
  q3/4: timeouts  (compile 5.279s, exec 0.0s)
  QUERY TIMEOUT (interactive limit): 000630 (57014): Statement reached its statement or warehouse timeout of 5 second(s) and was canceled.
  q4/4: timeouts  (compile 5.147s, exec 0.0s)
  done. next iteration in 564s (fixed 600s cadence).
[05:09:09] iter 229 starting...
  raw_rows=113217706094  mv_rows=1858616
  QUERY TIMEOUT (interactive limit): 000630 (57014): Statement reached its statement or warehouse timeout of 5 second(s) and was canceled.
  q1/4: timeouts  (compile 5.058s, exec 0.0s)
  QUERY TIMEOUT (interactive limit): 000630 (57014): Statement reached its statement or warehouse timeout of 5 second(s) and was canceled.
  q2/4: timeouts  (compile 5.229s, exec 0.0s)
  QUERY TIMEOUT (interactive limit): 000630 (57014): Statement reached its statement or warehouse timeout of 5 second(s) and was canceled.
  q3/4: timeouts  (compile 5.022s, exec 0.0s)
  QUERY TIMEOUT (interactive limit): 000630 (57014): Statement reached its statement or warehouse timeout of 5 second(s) and was canceled.
  q4/4: timeouts  (compile 5.304s, exec 0.0s)
  done. next iteration in 560s (fixed 600s cadence).
[05:19:09] iter 230 starting...
  raw_rows=113217706094  mv_rows=1858616
  QUERY TIMEOUT (interactive limit): 000630 (57014): Statement reached its statement or warehouse timeout of 5 second(s) and was canceled.
  q1/4: timeouts  (compile 5.269s, exec 0.0s)
  QUERY TIMEOUT (interactive limit): 000630 (57014): Statement reached its statement or warehouse timeout of 5 second(s) and was canceled.
  q2/4: timeouts  (compile 5.202s, exec 0.0s)
  QUERY TIMEOUT (interactive limit): 000630 (57014): Statement reached its statement or warehouse timeout of 5 second(s) and was canceled.
  q3/4: timeouts  (compile 5.15s, exec 0.0s)
  QUERY TIMEOUT (interactive limit): 000630 (57014): Statement reached its statement or warehouse timeout of 5 second(s) and was canceled.
  q4/4: timeouts  (compile 5.04s, exec 0.0s)
  done. next iteration in 564s (fixed 600s cadence).
[05:29:09] iter 231 starting...
  raw_rows=113217706094  mv_rows=1858616
  QUERY TIMEOUT (interactive limit): 000630 (57014): Statement reached its statement or warehouse timeout of 5 second(s) and was canceled.
  q1/4: timeouts  (compile 5.259s, exec 0.0s)
  QUERY TIMEOUT (interactive limit): 000630 (57014): Statement reached its statement or warehouse timeout of 5 second(s) and was canceled.
  q2/4: timeouts  (compile 5.25s, exec 0.0s)
  QUERY TIMEOUT (interactive limit): 000630 (57014): Statement reached its statement or warehouse timeout of 5 second(s) and was canceled.
  q3/4: timeouts  (compile 5.022s, exec 0.0s)
  QUERY TIMEOUT (interactive limit): 000630 (57014): Statement reached its statement or warehouse timeout of 5 second(s) and was canceled.
  q4/4: timeouts  (compile 5.313s, exec 0.0s)
  done. next iteration in 563s (fixed 600s cadence).
[05:39:09] iter 232 starting...
  raw_rows=113217706094  mv_rows=1858616
  QUERY TIMEOUT (interactive limit): 000630 (57014): Statement reached its statement or warehouse timeout of 5 second(s) and was canceled.
  q1/4: timeouts  (compile 7.218s, exec 0.0s)
  QUERY TIMEOUT (interactive limit): 000630 (57014): Statement reached its statement or warehouse timeout of 5 second(s) and was canceled.
  q2/4: timeouts  (compile 5.161s, exec 0.0s)
  QUERY TIMEOUT (interactive limit): 000630 (57014): Statement reached its statement or warehouse timeout of 5 second(s) and was canceled.
  q3/4: timeouts  (compile 5.181s, exec 0.0s)
  QUERY TIMEOUT (interactive limit): 000630 (57014): Statement reached its statement or warehouse timeout of 5 second(s) and was canceled.
  q4/4: timeouts  (compile 5.172s, exec 0.0s)
  done. next iteration in 557s (fixed 600s cadence).
[05:49:09] iter 233 starting...
  raw_rows=113217706094  mv_rows=1858616
  QUERY TIMEOUT (interactive limit): 000630 (57014): Statement reached its statement or warehouse timeout of 5 second(s) and was canceled.
  q1/4: timeouts  (compile 5.059s, exec 0.0s)
  QUERY TIMEOUT (interactive limit): 000630 (57014): Statement reached its statement or warehouse timeout of 5 second(s) and was canceled.
  q2/4: timeouts  (compile 5.067s, exec 0.0s)
  QUERY TIMEOUT (interactive limit): 000630 (57014): Statement reached its statement or warehouse timeout of 5 second(s) and was canceled.
  q3/4: timeouts  (compile 5.05s, exec 0.0s)
  QUERY TIMEOUT (interactive limit): 000630 (57014): Statement reached its statement or warehouse timeout of 5 second(s) and was canceled.
  q4/4: timeouts  (compile 5.037s, exec 0.0s)
  done. next iteration in 559s (fixed 600s cadence).
[05:59:09] iter 234 starting...
  raw_rows=113217706094  mv_rows=1858616
  QUERY TIMEOUT (interactive limit): 000630 (57014): Statement reached its statement or warehouse timeout of 5 second(s) and was canceled.
  q1/4: timeouts  (compile 5.273s, exec 0.0s)
  QUERY TIMEOUT (interactive limit): 000630 (57014): Statement reached its statement or warehouse timeout of 5 second(s) and was canceled.
  q2/4: timeouts  (compile 5.207s, exec 0.0s)
  QUERY TIMEOUT (interactive limit): 000630 (57014): Statement reached its statement or warehouse timeout of 5 second(s) and was canceled.
  q3/4: timeouts  (compile 5.205s, exec 0.0s)
  QUERY TIMEOUT (interactive limit): 000630 (57014): Statement reached its statement or warehouse timeout of 5 second(s) and was canceled.
  q4/4: timeouts  (compile 5.122s, exec 0.0s)
  done. next iteration in 565s (fixed 600s cadence).
[06:09:09] iter 235 starting...
  raw_rows=113217706094  mv_rows=1858616
  QUERY TIMEOUT (interactive limit): 000630 (57014): Statement reached its statement or warehouse timeout of 5 second(s) and was canceled.
  q1/4: timeouts  (compile 5.047s, exec 0.0s)
  QUERY TIMEOUT (interactive limit): 000630 (57014): Statement reached its statement or warehouse timeout of 5 second(s) and was canceled.
  q2/4: timeouts  (compile 5.042s, exec 0.0s)
  QUERY TIMEOUT (interactive limit): 000630 (57014): Statement reached its statement or warehouse timeout of 5 second(s) and was canceled.
  q3/4: timeouts  (compile 5.029s, exec 0.0s)
  QUERY TIMEOUT (interactive limit): 000630 (57014): Statement reached its statement or warehouse timeout of 5 second(s) and was canceled.
  q4/4: timeouts  (compile 5.047s, exec 0.0s)
  done. next iteration in 529s (fixed 600s cadence).
[06:19:09] iter 236 starting...
  raw_rows=113217706094  mv_rows=1858616
  QUERY TIMEOUT (interactive limit): 000630 (57014): Statement reached its statement or warehouse timeout of 5 second(s) and was canceled.
  q1/4: timeouts  (compile 5.069s, exec 0.0s)
  QUERY TIMEOUT (interactive limit): 000630 (57014): Statement reached its statement or warehouse timeout of 5 second(s) and was canceled.
  q2/4: timeouts  (compile 5.154s, exec 0.0s)
  QUERY TIMEOUT (interactive limit): 000630 (57014): Statement reached its statement or warehouse timeout of 5 second(s) and was canceled.
  q3/4: timeouts  (compile 5.018s, exec 0.0s)
  QUERY TIMEOUT (interactive limit): 000630 (57014): Statement reached its statement or warehouse timeout of 5 second(s) and was canceled.
  q4/4: timeouts  (compile 5.211s, exec 0.0s)
  done. next iteration in 566s (fixed 600s cadence).
[06:29:09] iter 237 starting...
  raw_rows=113217706094  mv_rows=1858616
  QUERY TIMEOUT (interactive limit): 000630 (57014): Statement reached its statement or warehouse timeout of 5 second(s) and was canceled.
  q1/4: timeouts  (compile 5.179s, exec 0.0s)
  QUERY TIMEOUT (interactive limit): 000630 (57014): Statement reached its statement or warehouse timeout of 5 second(s) and was canceled.
  q2/4: timeouts  (compile 5.019s, exec 0.0s)
  QUERY TIMEOUT (interactive limit): 000630 (57014): Statement reached its statement or warehouse timeout of 5 second(s) and was canceled.
  q3/4: timeouts  (compile 5.116s, exec 0.0s)
  QUERY TIMEOUT (interactive limit): 000630 (57014): Statement reached its statement or warehouse timeout of 5 second(s) and was canceled.
  q4/4: timeouts  (compile 5.049s, exec 0.0s)
  done. next iteration in 564s (fixed 600s cadence).
[06:39:09] iter 238 starting...
  raw_rows=113217706094  mv_rows=1858616
  QUERY TIMEOUT (interactive limit): 000630 (57014): Statement reached its statement or warehouse timeout of 5 second(s) and was canceled.
  q1/4: timeouts  (compile 5.283s, exec 0.0s)
  QUERY TIMEOUT (interactive limit): 000630 (57014): Statement reached its statement or warehouse timeout of 5 second(s) and was canceled.
  q2/4: timeouts  (compile 5.265s, exec 0.0s)
  QUERY TIMEOUT (interactive limit): 000630 (57014): Statement reached its statement or warehouse timeout of 5 second(s) and was canceled.
  q3/4: timeouts  (compile 5.061s, exec 0.0s)
  QUERY TIMEOUT (interactive limit): 000630 (57014): Statement reached its statement or warehouse timeout of 5 second(s) and was canceled.
  q4/4: timeouts  (compile 5.06s, exec 0.0s)
  done. next iteration in 561s (fixed 600s cadence).
[06:49:09] iter 239 starting...
  raw_rows=113217706094  mv_rows=1858616
  QUERY TIMEOUT (interactive limit): 000630 (57014): Statement reached its statement or warehouse timeout of 5 second(s) and was canceled.
  q1/4: timeouts  (compile 5.121s, exec 0.0s)
  QUERY TIMEOUT (interactive limit): 000630 (57014): Statement reached its statement or warehouse timeout of 5 second(s) and was canceled.
  q2/4: timeouts  (compile 5.111s, exec 0.0s)
  QUERY TIMEOUT (interactive limit): 000630 (57014): Statement reached its statement or warehouse timeout of 5 second(s) and was canceled.
  q3/4: timeouts  (compile 5.038s, exec 0.0s)
  QUERY TIMEOUT (interactive limit): 000630 (57014): Statement reached its statement or warehouse timeout of 5 second(s) and was canceled.
  q4/4: timeouts  (compile 5.227s, exec 0.0s)
  done. next iteration in 564s (fixed 600s cadence).
[06:59:09] iter 240 starting...
  raw_rows=113217706094  mv_rows=1858616
  QUERY TIMEOUT (interactive limit): 000630 (57014): Statement reached its statement or warehouse timeout of 5 second(s) and was canceled.
  q1/4: timeouts  (compile 5.246s, exec 0.0s)
  QUERY TIMEOUT (interactive limit): 000630 (57014): Statement reached its statement or warehouse timeout of 5 second(s) and was canceled.
  q2/4: timeouts  (compile 5.042s, exec 0.0s)
  QUERY TIMEOUT (interactive limit): 000630 (57014): Statement reached its statement or warehouse timeout of 5 second(s) and was canceled.
  q3/4: timeouts  (compile 5.152s, exec 0.0s)
  QUERY TIMEOUT (interactive limit): 000630 (57014): Statement reached its statement or warehouse timeout of 5 second(s) and was canceled.
  q4/4: timeouts  (compile 5.04s, exec 0.0s)
  done. next iteration in 565s (fixed 600s cadence).
[07:09:09] iter 241 starting...
  raw_rows=113217706094  mv_rows=1858616
  QUERY TIMEOUT (interactive limit): 000630 (57014): Statement reached its statement or warehouse timeout of 5 second(s) and was canceled.
  q1/4: timeouts  (compile 5.188s, exec 0.0s)
  QUERY TIMEOUT (interactive limit): 000630 (57014): Statement reached its statement or warehouse timeout of 5 second(s) and was canceled.
  q2/4: timeouts  (compile 5.137s, exec 0.0s)
  QUERY TIMEOUT (interactive limit): 000630 (57014): Statement reached its statement or warehouse timeout of 5 second(s) and was canceled.
  q3/4: timeouts  (compile 5.226s, exec 0.0s)
  QUERY TIMEOUT (interactive limit): 000630 (57014): Statement reached its statement or warehouse timeout of 5 second(s) and was canceled.
  q4/4: timeouts  (compile 5.077s, exec 0.0s)
  done. next iteration in 565s (fixed 600s cadence).
[07:19:09] iter 242 starting...
  raw_rows=113217706094  mv_rows=1858616
  QUERY TIMEOUT (interactive limit): 000630 (57014): Statement reached its statement or warehouse timeout of 5 second(s) and was canceled.
  q1/4: timeouts  (compile 5.321s, exec 0.0s)
  QUERY TIMEOUT (interactive limit): 000630 (57014): Statement reached its statement or warehouse timeout of 5 second(s) and was canceled.
  q2/4: timeouts  (compile 5.272s, exec 0.0s)
  QUERY TIMEOUT (interactive limit): 000630 (57014): Statement reached its statement or warehouse timeout of 5 second(s) and was canceled.
  q3/4: timeouts  (compile 5.268s, exec 0.0s)
  QUERY TIMEOUT (interactive limit): 000630 (57014): Statement reached its statement or warehouse timeout of 5 second(s) and was canceled.
  q4/4: timeouts  (compile 5.308s, exec 0.0s)
  done. next iteration in 565s (fixed 600s cadence).
[07:29:09] iter 243 starting...
  raw_rows=113217706094  mv_rows=1858616
  QUERY TIMEOUT (interactive limit): 000630 (57014): Statement reached its statement or warehouse timeout of 5 second(s) and was canceled.
  q1/4: timeouts  (compile 5.06s, exec 0.0s)
  QUERY TIMEOUT (interactive limit): 000630 (57014): Statement reached its statement or warehouse timeout of 5 second(s) and was canceled.
  q2/4: timeouts  (compile 5.152s, exec 0.0s)
  QUERY TIMEOUT (interactive limit): 000630 (57014): Statement reached its statement or warehouse timeout of 5 second(s) and was canceled.
  q3/4: timeouts  (compile 5.139s, exec 0.0s)
  QUERY TIMEOUT (interactive limit): 000630 (57014): Statement reached its statement or warehouse timeout of 5 second(s) and was canceled.
  q4/4: timeouts  (compile 5.03s, exec 0.0s)
  done. next iteration in 561s (fixed 600s cadence).
[07:39:09] iter 244 starting...
  raw_rows=113217706094  mv_rows=1858616
  QUERY TIMEOUT (interactive limit): 000630 (57014): Statement reached its statement or warehouse timeout of 5 second(s) and was canceled.
  q1/4: timeouts  (compile 5.051s, exec 0.0s)
  QUERY TIMEOUT (interactive limit): 000630 (57014): Statement reached its statement or warehouse timeout of 5 second(s) and was canceled.
  q2/4: timeouts  (compile 5.205s, exec 0.0s)
  QUERY TIMEOUT (interactive limit): 000630 (57014): Statement reached its statement or warehouse timeout of 5 second(s) and was canceled.
  q3/4: timeouts  (compile 5.08s, exec 0.0s)
  QUERY TIMEOUT (interactive limit): 000630 (57014): Statement reached its statement or warehouse timeout of 5 second(s) and was canceled.
  q4/4: timeouts  (compile 5.298s, exec 0.0s)
  done. next iteration in 563s (fixed 600s cadence).
[07:49:09] iter 245 starting...
  raw_rows=113217706094  mv_rows=1858616
  QUERY TIMEOUT (interactive limit): 000630 (57014): Statement reached its statement or warehouse timeout of 5 second(s) and was canceled.
  q1/4: timeouts  (compile 5.073s, exec 0.0s)
  QUERY TIMEOUT (interactive limit): 000630 (57014): Statement reached its statement or warehouse timeout of 5 second(s) and was canceled.
  q2/4: timeouts  (compile 5.262s, exec 0.0s)
  QUERY TIMEOUT (interactive limit): 000630 (57014): Statement reached its statement or warehouse timeout of 5 second(s) and was canceled.
  q3/4: timeouts  (compile 5.112s, exec 0.0s)
  QUERY TIMEOUT (interactive limit): 000630 (57014): Statement reached its statement or warehouse timeout of 5 second(s) and was canceled.
  q4/4: timeouts  (compile 5.212s, exec 0.0s)
  done. next iteration in 564s (fixed 600s cadence).
[07:59:09] iter 246 starting...
  raw_rows=113217706094  mv_rows=1858616
  QUERY TIMEOUT (interactive limit): 000630 (57014): Statement reached its statement or warehouse timeout of 5 second(s) and was canceled.
  q1/4: timeouts  (compile 5.287s, exec 0.0s)
  QUERY TIMEOUT (interactive limit): 000630 (57014): Statement reached its statement or warehouse timeout of 5 second(s) and was canceled.
  q2/4: timeouts  (compile 5.063s, exec 0.0s)
  QUERY TIMEOUT (interactive limit): 000630 (57014): Statement reached its statement or warehouse timeout of 5 second(s) and was canceled.
  q3/4: timeouts  (compile 5.14s, exec 0.0s)
  QUERY TIMEOUT (interactive limit): 000630 (57014): Statement reached its statement or warehouse timeout of 5 second(s) and was canceled.
  q4/4: timeouts  (compile 5.259s, exec 0.0s)
  done. next iteration in 566s (fixed 600s cadence).
[08:09:09] iter 247 starting...
  raw_rows=113217706094  mv_rows=1858616
  QUERY TIMEOUT (interactive limit): 000630 (57014): Statement reached its statement or warehouse timeout of 5 second(s) and was canceled.
  q1/4: timeouts  (compile 5.05s, exec 0.0s)
  QUERY TIMEOUT (interactive limit): 000630 (57014): Statement reached its statement or warehouse timeout of 5 second(s) and was canceled.
  q2/4: timeouts  (compile 5.07s, exec 0.0s)
  QUERY TIMEOUT (interactive limit): 000630 (57014): Statement reached its statement or warehouse timeout of 5 second(s) and was canceled.
  q3/4: timeouts  (compile 5.037s, exec 0.0s)
  QUERY TIMEOUT (interactive limit): 000630 (57014): Statement reached its statement or warehouse timeout of 5 second(s) and was canceled.
  q4/4: timeouts  (compile 5.065s, exec 0.0s)
  done. next iteration in 564s (fixed 600s cadence).
[08:19:09] iter 248 starting...
  raw_rows=113217706094  mv_rows=1858616
  QUERY TIMEOUT (interactive limit): 000630 (57014): Statement reached its statement or warehouse timeout of 5 second(s) and was canceled.
  q1/4: timeouts  (compile 5.295s, exec 0.0s)
  QUERY TIMEOUT (interactive limit): 000630 (57014): Statement reached its statement or warehouse timeout of 5 second(s) and was canceled.
  q2/4: timeouts  (compile 5.116s, exec 0.0s)
  QUERY TIMEOUT (interactive limit): 000630 (57014): Statement reached its statement or warehouse timeout of 5 second(s) and was canceled.
  q3/4: timeouts  (compile 5.05s, exec 0.0s)
  QUERY TIMEOUT (interactive limit): 000630 (57014): Statement reached its statement or warehouse timeout of 5 second(s) and was canceled.
  q4/4: timeouts  (compile 5.071s, exec 0.0s)
  done. next iteration in 565s (fixed 600s cadence).
[08:29:09] iter 249 starting...
  raw_rows=113217706094  mv_rows=1858616
  QUERY TIMEOUT (interactive limit): 000630 (57014): Statement reached its statement or warehouse timeout of 5 second(s) and was canceled.
  q1/4: timeouts  (compile 5.088s, exec 0.0s)
  QUERY TIMEOUT (interactive limit): 000630 (57014): Statement reached its statement or warehouse timeout of 5 second(s) and was canceled.
  q2/4: timeouts  (compile 5.095s, exec 0.0s)
  QUERY TIMEOUT (interactive limit): 000630 (57014): Statement reached its statement or warehouse timeout of 5 second(s) and was canceled.
  q3/4: timeouts  (compile 5.064s, exec 0.0s)
  QUERY TIMEOUT (interactive limit): 000630 (57014): Statement reached its statement or warehouse timeout of 5 second(s) and was canceled.
  q4/4: timeouts  (compile 5.042s, exec 0.0s)
  done. next iteration in 565s (fixed 600s cadence).
[08:39:09] iter 250 starting...
  raw_rows=113217706094  mv_rows=1858616
  QUERY TIMEOUT (interactive limit): 000630 (57014): Statement reached its statement or warehouse timeout of 5 second(s) and was canceled.
  q1/4: timeouts  (compile 5.053s, exec 0.0s)
  QUERY TIMEOUT (interactive limit): 000630 (57014): Statement reached its statement or warehouse timeout of 5 second(s) and was canceled.
  q2/4: timeouts  (compile 5.08s, exec 0.0s)
  QUERY TIMEOUT (interactive limit): 000630 (57014): Statement reached its statement or warehouse timeout of 5 second(s) and was canceled.
  q3/4: timeouts  (compile 5.239s, exec 0.0s)
  QUERY TIMEOUT (interactive limit): 000630 (57014): Statement reached its statement or warehouse timeout of 5 second(s) and was canceled.
  q4/4: timeouts  (compile 5.064s, exec 0.0s)
  done. next iteration in 565s (fixed 600s cadence).
[08:49:09] iter 251 starting...
  raw_rows=113217706094  mv_rows=1858616
  QUERY TIMEOUT (interactive limit): 000630 (57014): Statement reached its statement or warehouse timeout of 5 second(s) and was canceled.
  q1/4: timeouts  (compile 5.27s, exec 0.0s)
  QUERY TIMEOUT (interactive limit): 000630 (57014): Statement reached its statement or warehouse timeout of 5 second(s) and was canceled.
  q2/4: timeouts  (compile 5.365s, exec 0.0s)
  QUERY TIMEOUT (interactive limit): 000630 (57014): Statement reached its statement or warehouse timeout of 5 second(s) and was canceled.
  q3/4: timeouts  (compile 5.228s, exec 0.0s)
  QUERY TIMEOUT (interactive limit): 000630 (57014): Statement reached its statement or warehouse timeout of 5 second(s) and was canceled.
  q4/4: timeouts  (compile 5.034s, exec 0.0s)
  done. next iteration in 565s (fixed 600s cadence).
[08:59:09] iter 252 starting...
  raw_rows=113217706094  mv_rows=1858616
  q1/4: 0.255s  (compile 0.231s, exec 0.024s)
  q2/4: 0.112s  (compile 0.076s, exec 0.036s)
  q3/4: 0.086s  (compile 0.055s, exec 0.031s)
  q4/4: 0.167s  (compile 0.06s, exec 0.107s)
  done. next iteration in 594s (fixed 600s cadence).
[09:09:09] iter 253 starting...
  raw_rows=113217706094  mv_rows=1858616
  q1/4: 0.138s  (compile 0.116s, exec 0.022s)
  q2/4: 0.115s  (compile 0.083s, exec 0.032s)
  q3/4: 0.088s  (compile 0.056s, exec 0.032s)
  q4/4: 0.159s  (compile 0.062s, exec 0.097s)
  done. next iteration in 595s (fixed 600s cadence).
[09:19:09] iter 254 starting...
  raw_rows=113217706094  mv_rows=1858616
  q1/4: 0.146s  (compile 0.124s, exec 0.022s)
  q2/4: 0.105s  (compile 0.075s, exec 0.03s)
  q3/4: 0.094s  (compile 0.061s, exec 0.033s)
  q4/4: 0.168s  (compile 0.06s, exec 0.108s)
  done. next iteration in 595s (fixed 600s cadence).
[09:29:09] iter 255 starting...
  raw_rows=113217706094  mv_rows=1858616
  q1/4: 0.164s  (compile 0.142s, exec 0.022s)
  q2/4: 0.109s  (compile 0.079s, exec 0.03s)
  q3/4: 0.091s  (compile 0.058s, exec 0.033s)
  q4/4: 0.169s  (compile 0.062s, exec 0.107s)
  done. next iteration in 596s (fixed 600s cadence).
[09:39:09] iter 256 starting...
  raw_rows=113217706094  mv_rows=1858616
  q1/4: 0.231s  (compile 0.193s, exec 0.038s)
  q2/4: 0.108s  (compile 0.078s, exec 0.03s)
  q3/4: 0.107s  (compile 0.073s, exec 0.034s)
  q4/4: 0.161s  (compile 0.066s, exec 0.095s)
  done. next iteration in 594s (fixed 600s cadence).
[09:49:09] iter 257 starting...
  raw_rows=113217706094  mv_rows=1858616
  q1/4: 0.215s  (compile 0.19s, exec 0.025s)
  q2/4: 0.108s  (compile 0.077s, exec 0.031s)
  q3/4: 0.107s  (compile 0.073s, exec 0.034s)
  q4/4: 0.159s  (compile 0.058s, exec 0.101s)
  done. next iteration in 595s (fixed 600s cadence).
[09:59:09] iter 258 starting...
  raw_rows=113217706094  mv_rows=1858616
  q1/4: 0.27s  (compile 0.244s, exec 0.026s)
  q2/4: 0.11s  (compile 0.078s, exec 0.032s)
  q3/4: 0.092s  (compile 0.057s, exec 0.035s)
  q4/4: 0.159s  (compile 0.059s, exec 0.1s)
  done. next iteration in 594s (fixed 600s cadence).
[10:09:09] iter 259 starting...
  raw_rows=113217706094  mv_rows=1858616
  q1/4: 0.266s  (compile 0.24s, exec 0.026s)
  q2/4: 0.114s  (compile 0.078s, exec 0.036s)
  q3/4: 0.093s  (compile 0.058s, exec 0.035s)
  q4/4: 0.182s  (compile 0.087s, exec 0.095s)
  done. next iteration in 595s (fixed 600s cadence).
[10:19:09] iter 260 starting...
  raw_rows=113217706094  mv_rows=1858616
  q1/4: 0.179s  (compile 0.155s, exec 0.024s)
  q2/4: 0.108s  (compile 0.077s, exec 0.031s)
  q3/4: 0.088s  (compile 0.058s, exec 0.03s)
  q4/4: 0.156s  (compile 0.058s, exec 0.098s)
  done. next iteration in 595s (fixed 600s cadence).
[10:29:09] iter 261 starting...
  raw_rows=113217706094  mv_rows=1858616
  q1/4: 0.341s  (compile 0.316s, exec 0.025s)
  q2/4: 0.115s  (compile 0.076s, exec 0.039s)
  q3/4: 0.092s  (compile 0.056s, exec 0.036s)
  q4/4: 0.181s  (compile 0.078s, exec 0.103s)
  done. next iteration in 594s (fixed 600s cadence).
[10:39:09] iter 262 starting...
  raw_rows=113217706094  mv_rows=1858616
  q1/4: 0.165s  (compile 0.141s, exec 0.024s)
  q2/4: 0.108s  (compile 0.077s, exec 0.031s)
  q3/4: 0.09s  (compile 0.057s, exec 0.033s)
  q4/4: 0.16s  (compile 0.059s, exec 0.101s)
  done. next iteration in 589s (fixed 600s cadence).
[10:49:09] iter 263 starting...
  raw_rows=113217706094  mv_rows=1858616
  q1/4: 0.139s  (compile 0.117s, exec 0.022s)
  q2/4: 0.107s  (compile 0.077s, exec 0.03s)
  q3/4: 0.092s  (compile 0.061s, exec 0.031s)
  q4/4: 0.164s  (compile 0.062s, exec 0.102s)
  done. next iteration in 594s (fixed 600s cadence).
[10:59:09] iter 264 starting...
  raw_rows=113217706094  mv_rows=1858616
  q1/4: 0.146s  (compile 0.122s, exec 0.024s)
  q2/4: 0.118s  (compile 0.085s, exec 0.033s)
  q3/4: 0.091s  (compile 0.059s, exec 0.032s)
  q4/4: 0.16s  (compile 0.059s, exec 0.101s)
  done. next iteration in 594s (fixed 600s cadence).
[11:09:09] iter 265 starting...
  raw_rows=113217706094  mv_rows=1858616
  q1/4: 0.149s  (compile 0.127s, exec 0.022s)
  q2/4: 0.18s  (compile 0.149s, exec 0.031s)
  q3/4: 0.085s  (compile 0.054s, exec 0.031s)
  q4/4: 0.153s  (compile 0.055s, exec 0.098s)
  done. next iteration in 595s (fixed 600s cadence).
[11:19:09] iter 266 starting...
  raw_rows=113217706094  mv_rows=1858616
  q1/4: 0.185s  (compile 0.159s, exec 0.026s)
  q2/4: 0.109s  (compile 0.075s, exec 0.034s)
  q3/4: 0.11s  (compile 0.073s, exec 0.037s)
  q4/4: 0.17s  (compile 0.061s, exec 0.109s)
  done. next iteration in 595s (fixed 600s cadence).
[11:29:09] iter 267 starting...
  raw_rows=113217706094  mv_rows=1858616
  q1/4: 0.202s  (compile 0.178s, exec 0.024s)
  q2/4: 0.114s  (compile 0.082s, exec 0.032s)
  q3/4: 0.088s  (compile 0.058s, exec 0.03s)
  q4/4: 0.159s  (compile 0.061s, exec 0.098s)
  done. next iteration in 594s (fixed 600s cadence).
[11:39:09] iter 268 starting...
  raw_rows=113217706094  mv_rows=1858616
  q1/4: 0.153s  (compile 0.132s, exec 0.021s)
  q2/4: 0.107s  (compile 0.077s, exec 0.03s)
  q3/4: 0.086s  (compile 0.056s, exec 0.03s)
  q4/4: 0.157s  (compile 0.058s, exec 0.099s)
  done. next iteration in 595s (fixed 600s cadence).
[11:49:09] iter 269 starting...
  raw_rows=113217706094  mv_rows=1858616
  q1/4: 0.207s  (compile 0.167s, exec 0.04s)
  q2/4: 0.169s  (compile 0.137s, exec 0.032s)
  q3/4: 0.102s  (compile 0.069s, exec 0.033s)
  q4/4: 0.168s  (compile 0.06s, exec 0.108s)
  done. next iteration in 595s (fixed 600s cadence).
[11:59:09] iter 270 starting...
  raw_rows=113217706094  mv_rows=1858616
  q1/4: 0.182s  (compile 0.161s, exec 0.021s)
  q2/4: 0.112s  (compile 0.082s, exec 0.03s)
  q3/4: 0.083s  (compile 0.053s, exec 0.03s)
  q4/4: 0.159s  (compile 0.059s, exec 0.1s)
  done. next iteration in 595s (fixed 600s cadence).
[12:09:09] iter 271 starting...
  raw_rows=113217706094  mv_rows=1858616
  q1/4: 0.13s  (compile 0.106s, exec 0.024s)
  q2/4: 0.108s  (compile 0.078s, exec 0.03s)
  q3/4: 0.094s  (compile 0.062s, exec 0.032s)
  q4/4: 0.165s  (compile 0.062s, exec 0.103s)
  done. next iteration in 596s (fixed 600s cadence).
[12:19:09] iter 272 starting...
  raw_rows=113217706094  mv_rows=1858616
  q1/4: 0.146s  (compile 0.123s, exec 0.023s)
  q2/4: 0.107s  (compile 0.077s, exec 0.03s)
  q3/4: 0.086s  (compile 0.057s, exec 0.029s)
  q4/4: 0.162s  (compile 0.065s, exec 0.097s)
  done. next iteration in 595s (fixed 600s cadence).
[12:29:09] iter 273 starting...
  raw_rows=113217706094  mv_rows=1858616
  q1/4: 0.164s  (compile 0.141s, exec 0.023s)
  q2/4: 0.178s  (compile 0.147s, exec 0.031s)
  q3/4: 0.083s  (compile 0.056s, exec 0.027s)
  q4/4: 0.158s  (compile 0.058s, exec 0.1s)
  done. next iteration in 595s (fixed 600s cadence).
[12:39:09] iter 274 starting...
  raw_rows=113217706094  mv_rows=1858616
  q1/4: 0.135s  (compile 0.112s, exec 0.023s)
  q2/4: 0.12s  (compile 0.081s, exec 0.039s)
  q3/4: 0.085s  (compile 0.055s, exec 0.03s)
  q4/4: 0.159s  (compile 0.058s, exec 0.101s)
  done. next iteration in 595s (fixed 600s cadence).
[12:49:09] iter 275 starting...
  raw_rows=113217706094  mv_rows=1858616
  q1/4: 0.17s  (compile 0.144s, exec 0.026s)
  q2/4: 0.108s  (compile 0.078s, exec 0.03s)
  q3/4: 0.089s  (compile 0.06s, exec 0.029s)
  q4/4: 0.157s  (compile 0.057s, exec 0.1s)
  done. next iteration in 596s (fixed 600s cadence).
[12:59:09] iter 276 starting...
  raw_rows=113217706094  mv_rows=1858616
  q1/4: 0.168s  (compile 0.144s, exec 0.024s)
  q2/4: 0.111s  (compile 0.082s, exec 0.029s)
  q3/4: 0.095s  (compile 0.064s, exec 0.031s)
  q4/4: 0.16s  (compile 0.059s, exec 0.101s)
  done. next iteration in 595s (fixed 600s cadence).
[13:09:09] iter 277 starting...
  raw_rows=113217706094  mv_rows=1858616
  q1/4: 0.162s  (compile 0.138s, exec 0.024s)
  q2/4: 0.107s  (compile 0.079s, exec 0.028s)
  q3/4: 0.172s  (compile 0.141s, exec 0.031s)
  q4/4: 0.162s  (compile 0.057s, exec 0.105s)
  done. next iteration in 596s (fixed 600s cadence).
[13:19:09] iter 278 starting...
  raw_rows=113217706094  mv_rows=1858616
  q1/4: 0.231s  (compile 0.205s, exec 0.026s)
  q2/4: 0.111s  (compile 0.079s, exec 0.032s)
  q3/4: 0.09s  (compile 0.057s, exec 0.033s)
  q4/4: 0.162s  (compile 0.059s, exec 0.103s)
  done. next iteration in 596s (fixed 600s cadence).
[13:29:09] iter 279 starting...
  raw_rows=113217706094  mv_rows=1858616
  q1/4: 0.212s  (compile 0.186s, exec 0.026s)
  q2/4: 0.112s  (compile 0.081s, exec 0.031s)
  q3/4: 0.094s  (compile 0.059s, exec 0.035s)
  q4/4: 0.164s  (compile 0.058s, exec 0.106s)
  done. next iteration in 595s (fixed 600s cadence).
[13:39:09] iter 280 starting...
  raw_rows=113217706094  mv_rows=1858616
  q1/4: 0.214s  (compile 0.19s, exec 0.024s)
  q2/4: 0.107s  (compile 0.075s, exec 0.032s)
  q3/4: 0.088s  (compile 0.055s, exec 0.033s)
  q4/4: 0.159s  (compile 0.06s, exec 0.099s)
  done. next iteration in 595s (fixed 600s cadence).
[13:49:09] iter 281 starting...
  raw_rows=113217706094  mv_rows=1858616
  q1/4: 0.157s  (compile 0.128s, exec 0.029s)
  q2/4: 0.12s  (compile 0.089s, exec 0.031s)
  q3/4: 0.091s  (compile 0.059s, exec 0.032s)
  q4/4: 0.225s  (compile 0.124s, exec 0.101s)
  done. next iteration in 596s (fixed 600s cadence).
[13:59:09] iter 282 starting...
  raw_rows=113217706094  mv_rows=1858616
  q1/4: 0.259s  (compile 0.235s, exec 0.024s)
  q2/4: 0.115s  (compile 0.08s, exec 0.035s)
  q3/4: 0.101s  (compile 0.067s, exec 0.034s)
  q4/4: 0.162s  (compile 0.059s, exec 0.103s)
  done. next iteration in 595s (fixed 600s cadence).
[14:09:09] iter 283 starting...
  raw_rows=113217706094  mv_rows=1858616
  q1/4: 0.218s  (compile 0.195s, exec 0.023s)
  q2/4: 0.108s  (compile 0.078s, exec 0.03s)
  q3/4: 0.093s  (compile 0.059s, exec 0.034s)
  q4/4: 0.162s  (compile 0.063s, exec 0.099s)
  done. next iteration in 596s (fixed 600s cadence).
[14:19:09] iter 284 starting...
  raw_rows=113217706094  mv_rows=1858616
  q1/4: 0.205s  (compile 0.178s, exec 0.027s)
  q2/4: 0.121s  (compile 0.09s, exec 0.031s)
  q3/4: 0.092s  (compile 0.061s, exec 0.031s)
  q4/4: 0.161s  (compile 0.058s, exec 0.103s)
  done. next iteration in 595s (fixed 600s cadence).
[14:29:09] iter 285 starting...
  raw_rows=113217706094  mv_rows=1858616
  q1/4: 0.289s  (compile 0.262s, exec 0.027s)
  q2/4: 0.111s  (compile 0.079s, exec 0.032s)
  q3/4: 0.089s  (compile 0.059s, exec 0.03s)
  q4/4: 0.258s  (compile 0.149s, exec 0.109s)
  done. next iteration in 595s (fixed 600s cadence).
[14:39:09] iter 286 starting...
  raw_rows=113217706094  mv_rows=1858616
  q1/4: 0.191s  (compile 0.166s, exec 0.025s)
  q2/4: 0.113s  (compile 0.082s, exec 0.031s)
  q3/4: 0.086s  (compile 0.057s, exec 0.029s)
  q4/4: 0.158s  (compile 0.059s, exec 0.099s)
  done. next iteration in 596s (fixed 600s cadence).
[14:49:09] iter 287 starting...
  raw_rows=113217706094  mv_rows=1858616
  q1/4: 0.237s  (compile 0.213s, exec 0.024s)
  q2/4: 0.11s  (compile 0.08s, exec 0.03s)
  q3/4: 0.089s  (compile 0.056s, exec 0.033s)
  q4/4: 0.154s  (compile 0.058s, exec 0.096s)
  done. next iteration in 596s (fixed 600s cadence).
[14:59:09] iter 288 starting...
  raw_rows=113217706094  mv_rows=1858616
  q1/4: 0.138s  (compile 0.113s, exec 0.025s)
  q2/4: 0.108s  (compile 0.077s, exec 0.031s)
  q3/4: 0.112s  (compile 0.078s, exec 0.034s)
  q4/4: 0.166s  (compile 0.057s, exec 0.109s)
  done. next iteration in 594s (fixed 600s cadence).
[15:09:09] iter 289 starting...
  raw_rows=113217706094  mv_rows=1858616
  q1/4: 0.13s  (compile 0.107s, exec 0.023s)
  q2/4: 0.111s  (compile 0.078s, exec 0.033s)
  q3/4: 0.088s  (compile 0.054s, exec 0.034s)
  q4/4: 0.159s  (compile 0.06s, exec 0.099s)
  done. next iteration in 596s (fixed 600s cadence).
[15:19:09] iter 290 starting...
  raw_rows=113217706094  mv_rows=1858616
  q1/4: 0.132s  (compile 0.11s, exec 0.022s)
  q2/4: 0.105s  (compile 0.077s, exec 0.028s)
  q3/4: 0.102s  (compile 0.073s, exec 0.029s)
  q4/4: 0.16s  (compile 0.057s, exec 0.103s)
  done. next iteration in 596s (fixed 600s cadence).
[15:29:09] iter 291 starting...
  raw_rows=113217706094  mv_rows=1858616
  q1/4: 0.235s  (compile 0.209s, exec 0.026s)
  q2/4: 0.107s  (compile 0.078s, exec 0.029s)
  q3/4: 0.095s  (compile 0.065s, exec 0.03s)
  q4/4: 0.158s  (compile 0.064s, exec 0.094s)
  done. next iteration in 596s (fixed 600s cadence).
[15:39:09] iter 292 starting...
  raw_rows=113217706094  mv_rows=1858616
  q1/4: 0.168s  (compile 0.142s, exec 0.026s)
  q2/4: 0.109s  (compile 0.079s, exec 0.03s)
  q3/4: 0.09s  (compile 0.058s, exec 0.032s)
  q4/4: 0.156s  (compile 0.059s, exec 0.097s)
  done. next iteration in 595s (fixed 600s cadence).
[15:49:09] iter 293 starting...
  raw_rows=113217706094  mv_rows=1858616
  q1/4: 0.159s  (compile 0.132s, exec 0.027s)
  q2/4: 0.116s  (compile 0.084s, exec 0.032s)
  q3/4: 0.086s  (compile 0.053s, exec 0.033s)
  q4/4: 0.165s  (compile 0.058s, exec 0.107s)
  done. next iteration in 595s (fixed 600s cadence).
[15:59:09] iter 294 starting...
  raw_rows=113217706094  mv_rows=1858616
  q1/4: 0.316s  (compile 0.286s, exec 0.03s)
  q2/4: 0.108s  (compile 0.078s, exec 0.03s)
  q3/4: 0.094s  (compile 0.058s, exec 0.036s)
  q4/4: 0.166s  (compile 0.064s, exec 0.102s)
  done. next iteration in 595s (fixed 600s cadence).
[16:09:09] iter 295 starting...
  raw_rows=113217706094  mv_rows=1858616
  q1/4: 0.156s  (compile 0.13s, exec 0.026s)
  q2/4: 0.115s  (compile 0.084s, exec 0.031s)
  q3/4: 0.092s  (compile 0.057s, exec 0.035s)
  q4/4: 0.158s  (compile 0.062s, exec 0.096s)
  done. next iteration in 596s (fixed 600s cadence).
[16:19:09] iter 296 starting...
  raw_rows=113217706094  mv_rows=1858616
  q1/4: 0.231s  (compile 0.205s, exec 0.026s)
  q2/4: 0.11s  (compile 0.078s, exec 0.032s)
  q3/4: 0.092s  (compile 0.058s, exec 0.034s)
  q4/4: 0.16s  (compile 0.059s, exec 0.101s)
  done. next iteration in 595s (fixed 600s cadence).
[16:29:09] iter 297 starting...
  raw_rows=113217706094  mv_rows=1858616
  q1/4: 0.239s  (compile 0.213s, exec 0.026s)
  q2/4: 0.112s  (compile 0.077s, exec 0.035s)
  q3/4: 0.084s  (compile 0.054s, exec 0.03s)
  q4/4: 0.159s  (compile 0.061s, exec 0.098s)
  done. next iteration in 595s (fixed 600s cadence).
[16:39:09] iter 298 starting...
  raw_rows=113217706094  mv_rows=1858616
  q1/4: 0.187s  (compile 0.161s, exec 0.026s)
  q2/4: 0.117s  (compile 0.086s, exec 0.031s)
  q3/4: 0.083s  (compile 0.053s, exec 0.03s)
  q4/4: 0.155s  (compile 0.055s, exec 0.1s)
  done. next iteration in 596s (fixed 600s cadence).
[16:49:09] iter 299 starting...
  raw_rows=113217706094  mv_rows=1858616
  q1/4: 0.177s  (compile 0.151s, exec 0.026s)
  q2/4: 0.113s  (compile 0.084s, exec 0.029s)
  q3/4: 0.089s  (compile 0.058s, exec 0.031s)
  q4/4: 0.157s  (compile 0.057s, exec 0.1s)
  done. next iteration in 596s (fixed 600s cadence).
[16:59:09] iter 300 starting...
  raw_rows=113217706094  mv_rows=1858616
  q1/4: 0.174s  (compile 0.15s, exec 0.024s)
  q2/4: 0.109s  (compile 0.08s, exec 0.029s)
  q3/4: 0.092s  (compile 0.06s, exec 0.032s)
  q4/4: 0.158s  (compile 0.057s, exec 0.101s)
  done. next iteration in 594s (fixed 600s cadence).
[17:09:09] iter 301 starting...
  raw_rows=113217706094  mv_rows=1858616
  q1/4: 0.256s  (compile 0.229s, exec 0.027s)
  q2/4: 0.109s  (compile 0.077s, exec 0.032s)
  q3/4: 0.087s  (compile 0.054s, exec 0.033s)
  q4/4: 0.163s  (compile 0.06s, exec 0.103s)
  done. next iteration in 596s (fixed 600s cadence).
[17:19:09] iter 302 starting...
  raw_rows=113217706094  mv_rows=1858616
  q1/4: 0.18s  (compile 0.154s, exec 0.026s)
  q2/4: 0.107s  (compile 0.076s, exec 0.031s)
  q3/4: 0.09s  (compile 0.059s, exec 0.031s)
  q4/4: 0.163s  (compile 0.061s, exec 0.102s)
  done. next iteration in 594s (fixed 600s cadence).
[17:29:09] iter 303 starting...
  raw_rows=113217706094  mv_rows=1858616
  q1/4: 0.224s  (compile 0.199s, exec 0.025s)
  q2/4: 0.106s  (compile 0.075s, exec 0.031s)
  q3/4: 0.088s  (compile 0.057s, exec 0.031s)
  q4/4: 0.158s  (compile 0.06s, exec 0.098s)
  done. next iteration in 595s (fixed 600s cadence).
[17:39:09] iter 304 starting...
  raw_rows=113217706094  mv_rows=1858616
  q1/4: 0.205s  (compile 0.177s, exec 0.028s)
  q2/4: 0.118s  (compile 0.087s, exec 0.031s)
  q3/4: 0.087s  (compile 0.056s, exec 0.031s)
  q4/4: 0.159s  (compile 0.058s, exec 0.101s)
  done. next iteration in 595s (fixed 600s cadence).
[17:49:09] iter 305 starting...
  raw_rows=113217706094  mv_rows=1858616
  q1/4: 0.168s  (compile 0.142s, exec 0.026s)
  q2/4: 0.118s  (compile 0.086s, exec 0.032s)
  q3/4: 0.085s  (compile 0.055s, exec 0.03s)
  q4/4: 0.152s  (compile 0.057s, exec 0.095s)
  done. next iteration in 596s (fixed 600s cadence).
[17:59:09] iter 306 starting...
  raw_rows=113217706094  mv_rows=1858616
  q1/4: 0.197s  (compile 0.174s, exec 0.023s)
  q2/4: 0.106s  (compile 0.077s, exec 0.029s)
  q3/4: 0.089s  (compile 0.057s, exec 0.032s)
  q4/4: 0.163s  (compile 0.066s, exec 0.097s)
  done. next iteration in 595s (fixed 600s cadence).
[18:09:09] iter 307 starting...
  raw_rows=113217706094  mv_rows=1858616
  q1/4: 0.129s  (compile 0.106s, exec 0.023s)
  q2/4: 0.104s  (compile 0.073s, exec 0.031s)
  q3/4: 0.086s  (compile 0.057s, exec 0.029s)
  q4/4: 0.155s  (compile 0.058s, exec 0.097s)
  done. next iteration in 596s (fixed 600s cadence).
[18:19:09] iter 308 starting...
  raw_rows=113217706094  mv_rows=1858616
  q1/4: 0.138s  (compile 0.114s, exec 0.024s)
  q2/4: 0.107s  (compile 0.078s, exec 0.029s)
  q3/4: 0.093s  (compile 0.059s, exec 0.034s)
  q4/4: 0.151s  (compile 0.055s, exec 0.096s)
  done. next iteration in 595s (fixed 600s cadence).
[18:29:09] iter 309 starting...
  raw_rows=113217706094  mv_rows=1858616
  q1/4: 0.201s  (compile 0.177s, exec 0.024s)
  q2/4: 0.106s  (compile 0.077s, exec 0.029s)
  q3/4: 0.087s  (compile 0.054s, exec 0.033s)
  q4/4: 0.173s  (compile 0.067s, exec 0.106s)
  done. next iteration in 595s (fixed 600s cadence).
[18:39:09] iter 310 starting...
  raw_rows=113217706094  mv_rows=1858616
  q1/4: 0.146s  (compile 0.122s, exec 0.024s)
  q2/4: 0.168s  (compile 0.136s, exec 0.032s)
  q3/4: 0.088s  (compile 0.056s, exec 0.032s)
  q4/4: 0.161s  (compile 0.057s, exec 0.104s)
  done. next iteration in 595s (fixed 600s cadence).
[18:49:09] iter 311 starting...
  raw_rows=113217706094  mv_rows=1858616
  q1/4: 0.134s  (compile 0.111s, exec 0.023s)
  q2/4: 0.108s  (compile 0.078s, exec 0.03s)
  q3/4: 0.086s  (compile 0.056s, exec 0.03s)
  q4/4: 0.157s  (compile 0.059s, exec 0.098s)
  done. next iteration in 596s (fixed 600s cadence).
[18:59:09] iter 312 starting...
  raw_rows=113217706094  mv_rows=1858616
  q1/4: 0.176s  (compile 0.15s, exec 0.026s)
  q2/4: 0.118s  (compile 0.079s, exec 0.039s)
  q3/4: 0.083s  (compile 0.053s, exec 0.03s)
  q4/4: 0.152s  (compile 0.056s, exec 0.096s)
  done. next iteration in 595s (fixed 600s cadence).
[19:09:09] iter 313 starting...
  raw_rows=113217706094  mv_rows=1858616
  q1/4: 0.235s  (compile 0.207s, exec 0.028s)
  q2/4: 0.109s  (compile 0.078s, exec 0.031s)
  q3/4: 0.089s  (compile 0.057s, exec 0.032s)
  q4/4: 0.167s  (compile 0.067s, exec 0.1s)
  done. next iteration in 595s (fixed 600s cadence).
[19:19:09] iter 314 starting...
  raw_rows=113217706094  mv_rows=1858616
  q1/4: 0.169s  (compile 0.14s, exec 0.029s)
  q2/4: 0.174s  (compile 0.142s, exec 0.032s)
  q3/4: 0.091s  (compile 0.057s, exec 0.034s)
  q4/4: 0.161s  (compile 0.059s, exec 0.102s)
  done. next iteration in 594s (fixed 600s cadence).
[19:29:09] iter 315 starting...
  raw_rows=113217706094  mv_rows=1858616
  q1/4: 0.129s  (compile 0.107s, exec 0.022s)
  q2/4: 0.103s  (compile 0.073s, exec 0.03s)
  q3/4: 0.087s  (compile 0.054s, exec 0.033s)
  q4/4: 0.176s  (compile 0.062s, exec 0.114s)
  done. next iteration in 594s (fixed 600s cadence).
[19:39:09] iter 316 starting...
  raw_rows=113217706094  mv_rows=1858616
  q1/4: 0.151s  (compile 0.128s, exec 0.023s)
  q2/4: 0.107s  (compile 0.076s, exec 0.031s)
  q3/4: 0.087s  (compile 0.057s, exec 0.03s)
  q4/4: 0.159s  (compile 0.058s, exec 0.101s)
  done. next iteration in 595s (fixed 600s cadence).
[19:49:09] iter 317 starting...
  raw_rows=113217706094  mv_rows=1858616
  q1/4: 0.155s  (compile 0.132s, exec 0.023s)
  q2/4: 0.107s  (compile 0.076s, exec 0.031s)
  q3/4: 0.089s  (compile 0.055s, exec 0.034s)
  q4/4: 0.156s  (compile 0.058s, exec 0.098s)
  done. next iteration in 595s (fixed 600s cadence).
[19:59:09] iter 318 starting...
  raw_rows=113217706094  mv_rows=1858616
  q1/4: 0.184s  (compile 0.159s, exec 0.025s)
  q2/4: 0.107s  (compile 0.078s, exec 0.029s)
  q3/4: 0.144s  (compile 0.114s, exec 0.03s)
  q4/4: 0.157s  (compile 0.055s, exec 0.102s)
  done. next iteration in 595s (fixed 600s cadence).
[20:09:09] iter 319 starting...
  raw_rows=113217706094  mv_rows=1858616
  q1/4: 0.211s  (compile 0.187s, exec 0.024s)
  q2/4: 0.109s  (compile 0.079s, exec 0.03s)
  q3/4: 0.087s  (compile 0.055s, exec 0.032s)
  q4/4: 0.152s  (compile 0.056s, exec 0.096s)
  done. next iteration in 595s (fixed 600s cadence).
[20:19:09] iter 320 starting...
  raw_rows=113217706094  mv_rows=1858616
  q1/4: 0.185s  (compile 0.161s, exec 0.024s)
  q2/4: 0.111s  (compile 0.082s, exec 0.029s)
  q3/4: 0.091s  (compile 0.06s, exec 0.031s)
  q4/4: 0.163s  (compile 0.06s, exec 0.103s)
  done. next iteration in 596s (fixed 600s cadence).
[20:29:09] iter 321 starting...
  raw_rows=113217706094  mv_rows=1858616
  q1/4: 0.245s  (compile 0.221s, exec 0.024s)
  q2/4: 0.106s  (compile 0.077s, exec 0.029s)
  q3/4: 0.093s  (compile 0.062s, exec 0.031s)
  q4/4: 0.159s  (compile 0.06s, exec 0.099s)
  done. next iteration in 595s (fixed 600s cadence).
[20:39:09] iter 322 starting...
  raw_rows=113217706094  mv_rows=1858616
  q1/4: 0.262s  (compile 0.232s, exec 0.03s)
  q2/4: 0.108s  (compile 0.076s, exec 0.032s)
  q3/4: 0.089s  (compile 0.058s, exec 0.031s)
  q4/4: 0.251s  (compile 0.144s, exec 0.107s)
  done. next iteration in 595s (fixed 600s cadence).
[20:49:09] iter 323 starting...
  raw_rows=113217706094  mv_rows=1858616
  q1/4: 0.133s  (compile 0.11s, exec 0.023s)
  q2/4: 0.104s  (compile 0.075s, exec 0.029s)
  q3/4: 0.086s  (compile 0.055s, exec 0.031s)
  q4/4: 0.159s  (compile 0.055s, exec 0.104s)
  done. next iteration in 595s (fixed 600s cadence).
[20:59:09] iter 324 starting...
  raw_rows=113217706094  mv_rows=1858616
  q1/4: 0.127s  (compile 0.105s, exec 0.022s)
  q2/4: 0.103s  (compile 0.073s, exec 0.03s)
  q3/4: 0.086s  (compile 0.053s, exec 0.033s)
  q4/4: 0.154s  (compile 0.057s, exec 0.097s)
  done. next iteration in 596s (fixed 600s cadence).
[21:09:09] iter 325 starting...
  raw_rows=113217706094  mv_rows=1858616
  q1/4: 0.145s  (compile 0.123s, exec 0.022s)
  q2/4: 0.107s  (compile 0.075s, exec 0.032s)
  q3/4: 0.093s  (compile 0.062s, exec 0.031s)
  q4/4: 0.169s  (compile 0.059s, exec 0.11s)
  done. next iteration in 596s (fixed 600s cadence).
[21:19:09] iter 326 starting...
  raw_rows=113217706094  mv_rows=1858616
  q1/4: 0.162s  (compile 0.136s, exec 0.026s)
  q2/4: 0.109s  (compile 0.079s, exec 0.03s)
  q3/4: 0.089s  (compile 0.058s, exec 0.031s)
  q4/4: 0.238s  (compile 0.138s, exec 0.1s)
  done. next iteration in 594s (fixed 600s cadence).
[21:29:09] iter 327 starting...
  raw_rows=113217706094  mv_rows=1858616
  q1/4: 0.147s  (compile 0.124s, exec 0.023s)
  q2/4: 0.108s  (compile 0.076s, exec 0.032s)
  q3/4: 0.093s  (compile 0.061s, exec 0.032s)
  q4/4: 0.155s  (compile 0.057s, exec 0.098s)
  done. next iteration in 595s (fixed 600s cadence).
[21:39:09] iter 328 starting...
  raw_rows=113217706094  mv_rows=1858616
  q1/4: 0.156s  (compile 0.133s, exec 0.023s)
  q2/4: 0.108s  (compile 0.076s, exec 0.032s)
  q3/4: 0.083s  (compile 0.054s, exec 0.029s)
  q4/4: 0.16s  (compile 0.057s, exec 0.103s)
  done. next iteration in 596s (fixed 600s cadence).
[21:49:09] iter 329 starting...
  raw_rows=113217706094  mv_rows=1858616
  q1/4: 0.132s  (compile 0.106s, exec 0.026s)
  q2/4: 0.11s  (compile 0.078s, exec 0.032s)
  q3/4: 0.093s  (compile 0.059s, exec 0.034s)
  q4/4: 0.172s  (compile 0.062s, exec 0.11s)
  done. next iteration in 596s (fixed 600s cadence).
[21:59:09] iter 330 starting...
  raw_rows=113217706094  mv_rows=1858616
  q1/4: 0.173s  (compile 0.148s, exec 0.025s)
  q2/4: 0.106s  (compile 0.074s, exec 0.032s)
  q3/4: 0.09s  (compile 0.055s, exec 0.035s)
  q4/4: 0.154s  (compile 0.058s, exec 0.096s)
  done. next iteration in 595s (fixed 600s cadence).
[22:09:09] iter 331 starting...
  raw_rows=113217706094  mv_rows=1858616
  q1/4: 0.209s  (compile 0.185s, exec 0.024s)
  q2/4: 0.105s  (compile 0.076s, exec 0.029s)
  q3/4: 0.087s  (compile 0.054s, exec 0.033s)
  q4/4: 0.169s  (compile 0.065s, exec 0.104s)
  done. next iteration in 596s (fixed 600s cadence).
[22:19:09] iter 332 starting...
  raw_rows=113217706094  mv_rows=1858616
  q1/4: 0.174s  (compile 0.15s, exec 0.024s)
  q2/4: 0.106s  (compile 0.075s, exec 0.031s)
  q3/4: 0.087s  (compile 0.055s, exec 0.032s)
  q4/4: 0.156s  (compile 0.058s, exec 0.098s)
  done. next iteration in 595s (fixed 600s cadence).
[22:29:09] iter 333 starting...
  raw_rows=113217706094  mv_rows=1858616
  q1/4: 0.237s  (compile 0.21s, exec 0.027s)
  q2/4: 0.11s  (compile 0.079s, exec 0.031s)
  q3/4: 0.085s  (compile 0.054s, exec 0.031s)
  q4/4: 0.155s  (compile 0.054s, exec 0.101s)
  done. next iteration in 595s (fixed 600s cadence).
[22:39:09] iter 334 starting...
  raw_rows=113217706094  mv_rows=1858616
  q1/4: 0.174s  (compile 0.15s, exec 0.024s)
  q2/4: 0.115s  (compile 0.082s, exec 0.033s)
  q3/4: 0.089s  (compile 0.057s, exec 0.032s)
  q4/4: 0.156s  (compile 0.057s, exec 0.099s)
  done. next iteration in 595s (fixed 600s cadence).
[22:49:09] iter 335 starting...
  raw_rows=113217706094  mv_rows=1858616
  q1/4: 0.241s  (compile 0.22s, exec 0.021s)
  q2/4: 0.108s  (compile 0.079s, exec 0.029s)
  q3/4: 0.092s  (compile 0.06s, exec 0.032s)
  q4/4: 0.154s  (compile 0.056s, exec 0.098s)
  done. next iteration in 594s (fixed 600s cadence).
[22:59:09] iter 336 starting...
  raw_rows=113217706094  mv_rows=1858616
  q1/4: 0.152s  (compile 0.127s, exec 0.025s)
  q2/4: 0.106s  (compile 0.078s, exec 0.028s)
  q3/4: 0.087s  (compile 0.056s, exec 0.031s)
  q4/4: 0.155s  (compile 0.058s, exec 0.097s)
  done. next iteration in 594s (fixed 600s cadence).
[23:09:09] iter 337 starting...
  raw_rows=113217706094  mv_rows=1858616
  q1/4: 0.154s  (compile 0.13s, exec 0.024s)
  q2/4: 0.107s  (compile 0.078s, exec 0.029s)
  q3/4: 0.084s  (compile 0.054s, exec 0.03s)
  q4/4: 0.162s  (compile 0.059s, exec 0.103s)
  done. next iteration in 596s (fixed 600s cadence).
[23:19:09] iter 338 starting...
  raw_rows=113217706094  mv_rows=1858616
  q1/4: 0.156s  (compile 0.13s, exec 0.026s)
  q2/4: 0.107s  (compile 0.076s, exec 0.031s)
  q3/4: 0.09s  (compile 0.057s, exec 0.033s)
  q4/4: 0.161s  (compile 0.059s, exec 0.102s)
  done. next iteration in 595s (fixed 600s cadence).
[23:29:09] iter 339 starting...
  raw_rows=113217706094  mv_rows=1858616
  q1/4: 0.133s  (compile 0.111s, exec 0.022s)
  q2/4: 0.101s  (compile 0.07s, exec 0.031s)
  q3/4: 0.084s  (compile 0.054s, exec 0.03s)
  q4/4: 0.155s  (compile 0.059s, exec 0.096s)
  done. next iteration in 596s (fixed 600s cadence).
[23:39:09] iter 340 starting...
  raw_rows=113217706094  mv_rows=1858616
  q1/4: 0.134s  (compile 0.108s, exec 0.026s)
  q2/4: 0.113s  (compile 0.08s, exec 0.033s)
  q3/4: 0.086s  (compile 0.053s, exec 0.033s)
  q4/4: 0.157s  (compile 0.056s, exec 0.101s)
  done. next iteration in 595s (fixed 600s cadence).
[23:49:09] iter 341 starting...
  raw_rows=113217706094  mv_rows=1858616
  q1/4: 0.177s  (compile 0.152s, exec 0.025s)
  q2/4: 0.109s  (compile 0.078s, exec 0.031s)
  q3/4: 0.09s  (compile 0.058s, exec 0.032s)
  q4/4: 0.156s  (compile 0.057s, exec 0.099s)
  done. next iteration in 595s (fixed 600s cadence).
[23:59:09] iter 342 starting...
  raw_rows=113217706094  mv_rows=1858616
  q1/4: 0.244s  (compile 0.22s, exec 0.024s)
  q2/4: 0.107s  (compile 0.076s, exec 0.031s)
  q3/4: 0.094s  (compile 0.057s, exec 0.037s)
  q4/4: 0.184s  (compile 0.056s, exec 0.128s)
  done. next iteration in 595s (fixed 600s cadence).
[00:09:09] iter 343 starting...
  raw_rows=113217706094  mv_rows=1858616
  q1/4: 0.186s  (compile 0.161s, exec 0.025s)
  q2/4: 0.111s  (compile 0.078s, exec 0.033s)
  q3/4: 0.092s  (compile 0.059s, exec 0.033s)
  q4/4: 0.159s  (compile 0.059s, exec 0.1s)
  done. next iteration in 590s (fixed 600s cadence).
[00:19:09] iter 344 starting...
  raw_rows=113217706094  mv_rows=1858616
  q1/4: 0.203s  (compile 0.162s, exec 0.041s)
  q2/4: 0.108s  (compile 0.079s, exec 0.029s)
  q3/4: 0.089s  (compile 0.057s, exec 0.032s)
  q4/4: 0.152s  (compile 0.056s, exec 0.096s)
  done. next iteration in 592s (fixed 600s cadence).
[00:29:09] iter 345 starting...
  raw_rows=113217706094  mv_rows=1858616
  q1/4: 0.16s  (compile 0.136s, exec 0.024s)
  q2/4: 0.109s  (compile 0.079s, exec 0.03s)
  q3/4: 0.092s  (compile 0.063s, exec 0.029s)
  q4/4: 0.158s  (compile 0.062s, exec 0.096s)
  done. next iteration in 594s (fixed 600s cadence).
[00:39:09] iter 346 starting...
  raw_rows=113217706094  mv_rows=1858616
  q1/4: 0.179s  (compile 0.154s, exec 0.025s)
  q2/4: 0.115s  (compile 0.077s, exec 0.038s)
  q3/4: 0.089s  (compile 0.054s, exec 0.035s)
  q4/4: 0.153s  (compile 0.056s, exec 0.097s)
  done. next iteration in 594s (fixed 600s cadence).
[00:49:09] iter 347 starting...
  raw_rows=113217706094  mv_rows=1858616
  q1/4: 0.253s  (compile 0.229s, exec 0.024s)
  q2/4: 0.106s  (compile 0.076s, exec 0.03s)
  q3/4: 0.083s  (compile 0.053s, exec 0.03s)
  q4/4: 0.155s  (compile 0.057s, exec 0.098s)
  done. next iteration in 595s (fixed 600s cadence).
[00:59:09] iter 348 starting...
  raw_rows=113217706094  mv_rows=1858616
  q1/4: 0.209s  (compile 0.187s, exec 0.022s)
  q2/4: 0.105s  (compile 0.076s, exec 0.029s)
  q3/4: 0.086s  (compile 0.054s, exec 0.032s)
  q4/4: 0.152s  (compile 0.053s, exec 0.099s)
  done. next iteration in 595s (fixed 600s cadence).
[01:09:09] iter 349 starting...
  raw_rows=113217706094  mv_rows=1858616
  q1/4: 0.167s  (compile 0.141s, exec 0.026s)
  q2/4: 0.143s  (compile 0.112s, exec 0.031s)
  q3/4: 0.108s  (compile 0.074s, exec 0.034s)
  q4/4: 0.159s  (compile 0.057s, exec 0.102s)
  done. next iteration in 594s (fixed 600s cadence).
[01:19:09] iter 350 starting...
  raw_rows=113217706094  mv_rows=1858616
  q1/4: 0.146s  (compile 0.122s, exec 0.024s)
  q2/4: 0.118s  (compile 0.085s, exec 0.033s)
  q3/4: 0.091s  (compile 0.057s, exec 0.034s)
  q4/4: 0.164s  (compile 0.06s, exec 0.104s)
  done. next iteration in 594s (fixed 600s cadence).
[01:29:09] iter 351 starting...
  raw_rows=113217706094  mv_rows=1858616
  q1/4: 0.169s  (compile 0.143s, exec 0.026s)
  q2/4: 0.114s  (compile 0.08s, exec 0.034s)
  q3/4: 0.091s  (compile 0.058s, exec 0.033s)
  q4/4: 0.168s  (compile 0.06s, exec 0.108s)
  done. next iteration in 595s (fixed 600s cadence).
[01:39:09] iter 352 starting...
  raw_rows=113217706094  mv_rows=1858616
  q1/4: 0.222s  (compile 0.193s, exec 0.029s)
  q2/4: 0.109s  (compile 0.077s, exec 0.032s)
  q3/4: 0.106s  (compile 0.068s, exec 0.038s)
  q4/4: 0.169s  (compile 0.064s, exec 0.105s)
  done. next iteration in 595s (fixed 600s cadence).
[01:49:09] iter 353 starting...
  raw_rows=113217706094  mv_rows=1858616
  q1/4: 0.198s  (compile 0.17s, exec 0.028s)
  q2/4: 0.11s  (compile 0.078s, exec 0.032s)
  q3/4: 0.089s  (compile 0.058s, exec 0.031s)
  q4/4: 0.172s  (compile 0.069s, exec 0.103s)
  done. next iteration in 595s (fixed 600s cadence).
[01:59:09] iter 354 starting...
  raw_rows=113217706094  mv_rows=1858616
  q1/4: 0.198s  (compile 0.171s, exec 0.027s)
  q2/4: 0.117s  (compile 0.083s, exec 0.034s)
  q3/4: 0.098s  (compile 0.056s, exec 0.042s)
  q4/4: 0.178s  (compile 0.069s, exec 0.109s)
  done. next iteration in 595s (fixed 600s cadence).
[02:09:09] iter 355 starting...
  raw_rows=113217706094  mv_rows=1858616
  q1/4: 0.27s  (compile 0.244s, exec 0.026s)
  q2/4: 0.115s  (compile 0.083s, exec 0.032s)
  q3/4: 0.121s  (compile 0.057s, exec 0.064s)
  q4/4: 0.17s  (compile 0.06s, exec 0.11s)
  done. next iteration in 596s (fixed 600s cadence).
[02:19:09] iter 356 starting...
  raw_rows=113217706094  mv_rows=1858616
  q1/4: 0.221s  (compile 0.196s, exec 0.025s)
  q2/4: 0.121s  (compile 0.089s, exec 0.032s)
  q3/4: 0.087s  (compile 0.055s, exec 0.032s)
  q4/4: 0.161s  (compile 0.06s, exec 0.101s)
  done. next iteration in 595s (fixed 600s cadence).
[02:29:09] iter 357 starting...
  raw_rows=113217706094  mv_rows=1858616
  q1/4: 0.223s  (compile 0.194s, exec 0.029s)
  q2/4: 0.121s  (compile 0.091s, exec 0.03s)
  q3/4: 0.09s  (compile 0.061s, exec 0.029s)
  q4/4: 0.151s  (compile 0.058s, exec 0.093s)
  done. next iteration in 593s (fixed 600s cadence).
[02:39:09] iter 358 starting...
  raw_rows=113217706094  mv_rows=1858616
  q1/4: 0.215s  (compile 0.189s, exec 0.026s)
  q2/4: 0.107s  (compile 0.076s, exec 0.031s)
  q3/4: 0.087s  (compile 0.054s, exec 0.033s)
  q4/4: 0.161s  (compile 0.059s, exec 0.102s)
  done. next iteration in 595s (fixed 600s cadence).
[02:49:09] iter 359 starting...
  raw_rows=113217706094  mv_rows=1858616
  q1/4: 0.181s  (compile 0.156s, exec 0.025s)
  q2/4: 0.109s  (compile 0.079s, exec 0.03s)
  q3/4: 0.088s  (compile 0.058s, exec 0.03s)
  q4/4: 0.162s  (compile 0.056s, exec 0.106s)
  done. next iteration in 596s (fixed 600s cadence).
[02:59:09] iter 360 starting...
  raw_rows=113217706094  mv_rows=1858616
  q1/4: 0.258s  (compile 0.231s, exec 0.027s)
  q2/4: 0.112s  (compile 0.081s, exec 0.031s)
  q3/4: 0.092s  (compile 0.058s, exec 0.034s)
  q4/4: 0.163s  (compile 0.058s, exec 0.105s)
  done. next iteration in 595s (fixed 600s cadence).
[03:09:09] iter 361 starting...
  raw_rows=113217706094  mv_rows=1858616
  q1/4: 0.261s  (compile 0.233s, exec 0.028s)
  q2/4: 0.113s  (compile 0.079s, exec 0.034s)
  q3/4: 0.088s  (compile 0.055s, exec 0.033s)
  q4/4: 0.177s  (compile 0.063s, exec 0.114s)
  done. next iteration in 596s (fixed 600s cadence).
[03:19:09] iter 362 starting...
  raw_rows=113217706094  mv_rows=1858616
  q1/4: 0.188s  (compile 0.164s, exec 0.024s)
  q2/4: 0.121s  (compile 0.079s, exec 0.042s)
  q3/4: 0.098s  (compile 0.058s, exec 0.04s)
  q4/4: 0.162s  (compile 0.06s, exec 0.102s)
  done. next iteration in 596s (fixed 600s cadence).
[03:29:09] iter 363 starting...
  raw_rows=113217706094  mv_rows=1858616
  q1/4: 0.187s  (compile 0.162s, exec 0.025s)
  q2/4: 0.109s  (compile 0.079s, exec 0.03s)
  q3/4: 0.094s  (compile 0.058s, exec 0.036s)
  q4/4: 0.184s  (compile 0.07s, exec 0.114s)
  done. next iteration in 594s (fixed 600s cadence).
[03:39:09] iter 364 starting...
  raw_rows=113217706094  mv_rows=1858616
  q1/4: 0.217s  (compile 0.191s, exec 0.026s)
  q2/4: 0.108s  (compile 0.076s, exec 0.032s)
  q3/4: 0.096s  (compile 0.059s, exec 0.037s)
  q4/4: 0.17s  (compile 0.061s, exec 0.109s)
  done. next iteration in 595s (fixed 600s cadence).
[03:49:09] iter 365 starting...
  raw_rows=113217706094  mv_rows=1858616
  q1/4: 0.192s  (compile 0.166s, exec 0.026s)
  q2/4: 0.189s  (compile 0.151s, exec 0.038s)
  q3/4: 0.13s  (compile 0.094s, exec 0.036s)
  q4/4: 0.162s  (compile 0.067s, exec 0.095s)
  done. next iteration in 595s (fixed 600s cadence).
[03:59:09] iter 366 starting...
  raw_rows=113217706094  mv_rows=1858616
  q1/4: 0.181s  (compile 0.155s, exec 0.026s)
  q2/4: 0.108s  (compile 0.077s, exec 0.031s)
  q3/4: 0.087s  (compile 0.058s, exec 0.029s)
  q4/4: 0.171s  (compile 0.065s, exec 0.106s)
  done. next iteration in 595s (fixed 600s cadence).
[04:09:09] iter 367 starting...
  raw_rows=113217706094  mv_rows=1858616
  q1/4: 0.2s  (compile 0.177s, exec 0.023s)
  q2/4: 0.108s  (compile 0.076s, exec 0.032s)
  q3/4: 0.093s  (compile 0.06s, exec 0.033s)
  q4/4: 0.165s  (compile 0.059s, exec 0.106s)
  done. next iteration in 595s (fixed 600s cadence).
[04:19:09] iter 368 starting...
  raw_rows=113217706094  mv_rows=1858616
  q1/4: 0.161s  (compile 0.135s, exec 0.026s)
  q2/4: 0.11s  (compile 0.076s, exec 0.034s)
  q3/4: 0.088s  (compile 0.059s, exec 0.029s)
  q4/4: 0.158s  (compile 0.061s, exec 0.097s)
  done. next iteration in 595s (fixed 600s cadence).
[04:29:09] iter 369 starting...
  raw_rows=113217706094  mv_rows=1858616
  q1/4: 0.163s  (compile 0.137s, exec 0.026s)
  q2/4: 0.115s  (compile 0.082s, exec 0.033s)
  q3/4: 0.089s  (compile 0.058s, exec 0.031s)
  q4/4: 0.159s  (compile 0.063s, exec 0.096s)
  done. next iteration in 595s (fixed 600s cadence).
[04:39:09] iter 370 starting...
  raw_rows=113217706094  mv_rows=1858616
  q1/4: 0.223s  (compile 0.181s, exec 0.042s)
  q2/4: 0.116s  (compile 0.085s, exec 0.031s)
  q3/4: 0.092s  (compile 0.061s, exec 0.031s)
  q4/4: 0.164s  (compile 0.061s, exec 0.103s)
  done. next iteration in 594s (fixed 600s cadence).
[04:49:09] iter 371 starting...
  raw_rows=113217706094  mv_rows=1858616
  q1/4: 0.254s  (compile 0.229s, exec 0.025s)
  q2/4: 0.111s  (compile 0.077s, exec 0.034s)
  q3/4: 0.089s  (compile 0.058s, exec 0.031s)
  q4/4: 0.16s  (compile 0.06s, exec 0.1s)
  done. next iteration in 594s (fixed 600s cadence).
[04:59:09] iter 372 starting...
  raw_rows=113217706094  mv_rows=1858616
  q1/4: 0.204s  (compile 0.176s, exec 0.028s)
  q2/4: 0.119s  (compile 0.084s, exec 0.035s)
  q3/4: 0.096s  (compile 0.059s, exec 0.037s)
  q4/4: 0.165s  (compile 0.063s, exec 0.102s)
  done. next iteration in 595s (fixed 600s cadence).
[05:09:09] iter 373 starting...
  raw_rows=113217706094  mv_rows=1858616
  q1/4: 0.29s  (compile 0.266s, exec 0.024s)
  q2/4: 0.112s  (compile 0.079s, exec 0.033s)
  q3/4: 0.111s  (compile 0.059s, exec 0.052s)
  q4/4: 0.161s  (compile 0.059s, exec 0.102s)
  done. next iteration in 593s (fixed 600s cadence).
[05:19:09] iter 374 starting...
  raw_rows=113217706094  mv_rows=1858616
  q1/4: 0.194s  (compile 0.167s, exec 0.027s)
  q2/4: 0.107s  (compile 0.075s, exec 0.032s)
  q3/4: 0.094s  (compile 0.057s, exec 0.037s)
  q4/4: 0.165s  (compile 0.059s, exec 0.106s)
  done. next iteration in 595s (fixed 600s cadence).
[05:29:09] iter 375 starting...
  raw_rows=113217706094  mv_rows=1858616
  q1/4: 0.18s  (compile 0.153s, exec 0.027s)
  q2/4: 0.188s  (compile 0.155s, exec 0.033s)
  q3/4: 0.107s  (compile 0.073s, exec 0.034s)
  q4/4: 0.171s  (compile 0.062s, exec 0.109s)
  done. next iteration in 595s (fixed 600s cadence).
[05:39:09] iter 376 starting...
  raw_rows=113217706094  mv_rows=1858616
  q1/4: 0.17s  (compile 0.145s, exec 0.025s)
  q2/4: 0.122s  (compile 0.078s, exec 0.044s)
  q3/4: 0.092s  (compile 0.058s, exec 0.034s)
  q4/4: 0.163s  (compile 0.059s, exec 0.104s)
  done. next iteration in 595s (fixed 600s cadence).
[05:49:09] iter 377 starting...
  raw_rows=113217706094  mv_rows=1858616
  q1/4: 0.226s  (compile 0.199s, exec 0.027s)
  q2/4: 0.112s  (compile 0.078s, exec 0.034s)
  q3/4: 0.088s  (compile 0.059s, exec 0.029s)
  q4/4: 0.161s  (compile 0.056s, exec 0.105s)
  done. next iteration in 594s (fixed 600s cadence).
[05:59:09] iter 378 starting...
  raw_rows=113217706094  mv_rows=1858616
  q1/4: 0.146s  (compile 0.122s, exec 0.024s)
  q2/4: 0.11s  (compile 0.077s, exec 0.033s)
  q3/4: 0.086s  (compile 0.054s, exec 0.032s)
  q4/4: 0.165s  (compile 0.06s, exec 0.105s)
  done. next iteration in 595s (fixed 600s cadence).
[06:09:09] iter 379 starting...
  raw_rows=113217706094  mv_rows=1858616
  q1/4: 0.141s  (compile 0.118s, exec 0.023s)
  q2/4: 0.183s  (compile 0.151s, exec 0.032s)
  q3/4: 0.096s  (compile 0.061s, exec 0.035s)
  q4/4: 0.165s  (compile 0.06s, exec 0.105s)
  done. next iteration in 595s (fixed 600s cadence).
[06:19:09] iter 380 starting...
  raw_rows=113217706094  mv_rows=1858616
  q1/4: 0.139s  (compile 0.116s, exec 0.023s)
  q2/4: 0.111s  (compile 0.08s, exec 0.031s)
  q3/4: 0.092s  (compile 0.057s, exec 0.035s)
  q4/4: 0.155s  (compile 0.057s, exec 0.098s)
  done. next iteration in 595s (fixed 600s cadence).
[06:29:09] iter 381 starting...
  raw_rows=113217706094  mv_rows=1858616
  q1/4: 0.174s  (compile 0.146s, exec 0.028s)
  q2/4: 0.113s  (compile 0.079s, exec 0.034s)
  q3/4: 0.097s  (compile 0.062s, exec 0.035s)
  q4/4: 0.173s  (compile 0.061s, exec 0.112s)
  done. next iteration in 594s (fixed 600s cadence).
[06:39:09] iter 382 starting...
  raw_rows=113217706094  mv_rows=1858616
  q1/4: 0.183s  (compile 0.157s, exec 0.026s)
  q2/4: 0.111s  (compile 0.078s, exec 0.033s)
  q3/4: 0.094s  (compile 0.062s, exec 0.032s)
  q4/4: 0.184s  (compile 0.06s, exec 0.124s)
  done. next iteration in 594s (fixed 600s cadence).
[06:49:09] iter 383 starting...
  raw_rows=113217706094  mv_rows=1858616
  q1/4: 0.259s  (compile 0.226s, exec 0.033s)
  q2/4: 0.189s  (compile 0.139s, exec 0.05s)
  q3/4: 0.094s  (compile 0.058s, exec 0.036s)
  q4/4: 0.162s  (compile 0.06s, exec 0.102s)
  done. next iteration in 594s (fixed 600s cadence).
[06:59:09] iter 384 starting...
  raw_rows=113217706094  mv_rows=1858616
  q1/4: 0.209s  (compile 0.183s, exec 0.026s)
  q2/4: 0.12s  (compile 0.088s, exec 0.032s)
  q3/4: 0.087s  (compile 0.055s, exec 0.032s)
  q4/4: 0.164s  (compile 0.057s, exec 0.107s)
  done. next iteration in 594s (fixed 600s cadence).
[07:09:09] iter 385 starting...
  raw_rows=113217706094  mv_rows=1858616
  q1/4: 0.317s  (compile 0.287s, exec 0.03s)
  q2/4: 0.12s  (compile 0.086s, exec 0.034s)
  q3/4: 0.091s  (compile 0.057s, exec 0.034s)
  q4/4: 0.158s  (compile 0.055s, exec 0.103s)
  done. next iteration in 595s (fixed 600s cadence).
[07:19:09] iter 386 starting...
  raw_rows=113217706094  mv_rows=1858616
  q1/4: 0.296s  (compile 0.27s, exec 0.026s)
  q2/4: 0.113s  (compile 0.075s, exec 0.038s)
  q3/4: 0.088s  (compile 0.058s, exec 0.03s)
  q4/4: 0.153s  (compile 0.057s, exec 0.096s)
  done. next iteration in 594s (fixed 600s cadence).
[07:29:09] iter 387 starting...
  raw_rows=113217706094  mv_rows=1858616
  q1/4: 0.268s  (compile 0.244s, exec 0.024s)
  q2/4: 0.111s  (compile 0.08s, exec 0.031s)
  q3/4: 0.187s  (compile 0.155s, exec 0.032s)
  q4/4: 0.156s  (compile 0.059s, exec 0.097s)
  done. next iteration in 593s (fixed 600s cadence).
[07:39:09] iter 388 starting...
  raw_rows=113217706094  mv_rows=1858616
  q1/4: 0.202s  (compile 0.176s, exec 0.026s)
  q2/4: 0.117s  (compile 0.081s, exec 0.036s)
  q3/4: 0.098s  (compile 0.061s, exec 0.037s)
  q4/4: 0.158s  (compile 0.062s, exec 0.096s)
  done. next iteration in 594s (fixed 600s cadence).
[07:49:09] iter 389 starting...
  raw_rows=113217706094  mv_rows=1858616
  q1/4: 0.268s  (compile 0.243s, exec 0.025s)
  q2/4: 0.108s  (compile 0.078s, exec 0.03s)
  q3/4: 0.088s  (compile 0.057s, exec 0.031s)
  q4/4: 0.169s  (compile 0.065s, exec 0.104s)
  done. next iteration in 594s (fixed 600s cadence).
[07:59:09] iter 390 starting...
  raw_rows=113217706094  mv_rows=1858616
  q1/4: 0.151s  (compile 0.13s, exec 0.021s)
  q2/4: 0.11s  (compile 0.08s, exec 0.03s)
  q3/4: 0.092s  (compile 0.061s, exec 0.031s)
  q4/4: 0.163s  (compile 0.061s, exec 0.102s)
  done. next iteration in 588s (fixed 600s cadence).
[08:09:09] iter 391 starting...
  raw_rows=113217706094  mv_rows=1858616
  q1/4: 0.153s  (compile 0.131s, exec 0.022s)
  q2/4: 0.12s  (compile 0.089s, exec 0.031s)
  q3/4: 0.097s  (compile 0.062s, exec 0.035s)
  q4/4: 0.226s  (compile 0.121s, exec 0.105s)
  done. next iteration in 594s (fixed 600s cadence).
[08:19:09] iter 392 starting...
  raw_rows=113217706094  mv_rows=1858616
  q1/4: 0.199s  (compile 0.175s, exec 0.024s)
  q2/4: 0.123s  (compile 0.094s, exec 0.029s)
  q3/4: 0.09s  (compile 0.057s, exec 0.033s)
  q4/4: 0.157s  (compile 0.055s, exec 0.102s)
  done. next iteration in 594s (fixed 600s cadence).
