Polling QUOTES_DAILY_IMV in STOCKHOUSE_T2_RUN12 every 60s -> out_t2_run12/mv_latency_20260807T150525Z.jsonl (Ctrl-C to stop)
2026-08-07T15:05:26Z  behind_by=496143h5m25s  rows=0  invalid=false
2026-08-07T15:06:26Z  behind_by=9s  rows=405094  invalid=false
2026-08-07T15:07:26Z  behind_by=9s  rows=729982  invalid=false
2026-08-07T15:08:26Z  behind_by=1m9s  rows=729982  invalid=false
2026-08-07T15:09:26Z  behind_by=9s  rows=1161947  invalid=false
2026-08-07T15:10:26Z  behind_by=1m9s  rows=1161947  invalid=false
2026-08-07T15:11:26Z  behind_by=9s  rows=1404159  invalid=false
2026-08-07T15:12:26Z  behind_by=1m9s  rows=1404159  invalid=false
2026-08-07T15:13:26Z  behind_by=10s  rows=1734111  invalid=false
2026-08-07T15:14:26Z  behind_by=1m10s  rows=1734111  invalid=false
2026-08-07T15:15:26Z  behind_by=10s  rows=2236897  invalid=false
2026-08-07T15:16:27Z  behind_by=34s  rows=2600984  invalid=false
2026-08-07T15:17:27Z  behind_by=11s  rows=2945449  invalid=false
2026-08-07T15:18:27Z  behind_by=1m11s  rows=2945449  invalid=false
2026-08-07T15:19:27Z  behind_by=9s  rows=3359386  invalid=false
2026-08-07T15:20:27Z  behind_by=1m9s  rows=3359386  invalid=false
2026-08-07T15:21:27Z  behind_by=11s  rows=3721013  invalid=false
2026-08-07T15:22:27Z  behind_by=1m11s  rows=3721013  invalid=false
2026-08-07T15:23:27Z  behind_by=10s  rows=3950034  invalid=false
2026-08-07T15:24:27Z  behind_by=1m11s  rows=3950034  invalid=false
2026-08-07T15:25:27Z  behind_by=12s  rows=4295885  invalid=false
2026-08-07T15:26:28Z  behind_by=1m12s  rows=4295885  invalid=false
2026-08-07T15:27:28Z  behind_by=11s  rows=4663583  invalid=false
2026-08-07T15:28:28Z  behind_by=1m11s  rows=4663583  invalid=false
2026-08-07T15:29:28Z  behind_by=12s  rows=4922514  invalid=false
2026-08-07T15:30:28Z  behind_by=1m11s  rows=4922514  invalid=false
2026-08-07T15:31:28Z  behind_by=10s  rows=5184080  invalid=false
2026-08-07T15:32:28Z  behind_by=1m10s  rows=5184080  invalid=false
2026-08-07T15:33:28Z  behind_by=12s  rows=5523516  invalid=false
2026-08-07T15:34:28Z  behind_by=1m12s  rows=5523516  invalid=false
2026-08-07T15:35:28Z  behind_by=11s  rows=5794391  invalid=false
2026-08-07T15:36:28Z  behind_by=1m11s  rows=5794391  invalid=false
2026-08-07T15:37:29Z  behind_by=12s  rows=6226822  invalid=false
2026-08-07T15:38:29Z  behind_by=1m12s  rows=6226822  invalid=false
2026-08-07T15:39:29Z  behind_by=12s  rows=6777861  invalid=false
2026-08-07T15:40:29Z  behind_by=1m12s  rows=6777861  invalid=false
2026-08-07T15:41:29Z  behind_by=13s  rows=7244183  invalid=false
2026-08-07T15:42:29Z  behind_by=1m14s  rows=7244183  invalid=false
2026-08-07T15:43:29Z  behind_by=12s  rows=7652075  invalid=false
2026-08-07T15:44:29Z  behind_by=1m13s  rows=7652075  invalid=false
2026-08-07T15:45:29Z  behind_by=14s  rows=8078079  invalid=false
2026-08-07T15:46:30Z  behind_by=1m14s  rows=8078079  invalid=false
2026-08-07T15:47:30Z  behind_by=12s  rows=8494738  invalid=false
2026-08-07T15:48:30Z  behind_by=1m13s  rows=8494738  invalid=false
2026-08-07T15:49:30Z  behind_by=13s  rows=8946921  invalid=false
2026-08-07T15:50:30Z  behind_by=1m13s  rows=8946921  invalid=false
2026-08-07T15:51:30Z  behind_by=13s  rows=9224969  invalid=false
2026-08-07T15:52:30Z  behind_by=1m13s  rows=9224969  invalid=false
2026-08-07T15:53:30Z  behind_by=14s  rows=9528975  invalid=false
2026-08-07T15:54:30Z  behind_by=1m14s  rows=9528975  invalid=false
2026-08-07T15:55:31Z  behind_by=14s  rows=9896379  invalid=false
2026-08-07T15:56:31Z  behind_by=1m13s  rows=9896379  invalid=false
2026-08-07T15:57:31Z  behind_by=15s  rows=10419714  invalid=false
2026-08-07T15:58:31Z  behind_by=1m16s  rows=10419714  invalid=false
2026-08-07T15:59:31Z  behind_by=10s  rows=10895999  invalid=false
2026-08-07T16:00:31Z  behind_by=1m10s  rows=10895999  invalid=false
2026-08-07T16:01:32Z  behind_by=15s  rows=11187612  invalid=false
2026-08-07T16:02:32Z  behind_by=1m15s  rows=11187612  invalid=false
2026-08-07T16:03:32Z  behind_by=14s  rows=11683995  invalid=false
2026-08-07T16:04:32Z  behind_by=1m14s  rows=11683995  invalid=false
2026-08-07T16:05:32Z  behind_by=16s  rows=12118297  invalid=false
2026-08-07T16:06:32Z  behind_by=1m17s  rows=12118297  invalid=false
2026-08-07T16:07:32Z  behind_by=15s  rows=12615148  invalid=false
2026-08-07T16:08:32Z  behind_by=1m15s  rows=12615148  invalid=false
2026-08-07T16:09:33Z  behind_by=16s  rows=13249536  invalid=false
2026-08-07T16:10:33Z  behind_by=1m16s  rows=13249536  invalid=false
2026-08-07T16:11:33Z  behind_by=16s  rows=13829682  invalid=false
2026-08-07T16:12:33Z  behind_by=1m16s  rows=13829682  invalid=false
2026-08-07T16:13:33Z  behind_by=17s  rows=14286621  invalid=false
2026-08-07T16:14:33Z  behind_by=1m17s  rows=14286621  invalid=false
2026-08-07T16:15:33Z  behind_by=16s  rows=14680668  invalid=false
2026-08-07T16:16:33Z  behind_by=1m16s  rows=14680668  invalid=false
2026-08-07T16:17:33Z  behind_by=17s  rows=15182328  invalid=false
2026-08-07T16:18:33Z  behind_by=1m18s  rows=15182328  invalid=false
2026-08-07T16:19:33Z  behind_by=16s  rows=15599892  invalid=false
2026-08-07T16:20:34Z  behind_by=1m16s  rows=15599892  invalid=false
2026-08-07T16:21:34Z  behind_by=18s  rows=16201452  invalid=false
2026-08-07T16:22:34Z  behind_by=1m18s  rows=16201452  invalid=false
2026-08-07T16:23:34Z  behind_by=17s  rows=16801352  invalid=false
2026-08-07T16:24:34Z  behind_by=1m17s  rows=16801352  invalid=false
2026-08-07T16:25:34Z  behind_by=18s  rows=17091447  invalid=false
2026-08-07T16:26:34Z  behind_by=39s  rows=17439039  invalid=false
2026-08-07T16:27:34Z  behind_by=17s  rows=17928405  invalid=false
2026-08-07T16:28:34Z  behind_by=1m17s  rows=17928405  invalid=false
2026-08-07T16:29:34Z  behind_by=18s  rows=18660056  invalid=false
2026-08-07T16:30:35Z  behind_by=1m18s  rows=18660056  invalid=false
2026-08-07T16:31:35Z  behind_by=2m19s  rows=18660056  invalid=false
2026-08-07T16:32:35Z  behind_by=3m18s  rows=18660056  invalid=false
2026-08-07T16:33:35Z  behind_by=18s  rows=19598234  invalid=false
2026-08-07T16:34:35Z  behind_by=1m18s  rows=19598234  invalid=false
2026-08-07T16:35:35Z  behind_by=2m18s  rows=19598234  invalid=false
2026-08-07T16:36:35Z  behind_by=3m18s  rows=19598234  invalid=false
2026-08-07T16:37:35Z  behind_by=19s  rows=20281412  invalid=false
2026-08-07T16:38:35Z  behind_by=1m19s  rows=20281412  invalid=false
2026-08-07T16:39:35Z  behind_by=2m19s  rows=20281412  invalid=false
2026-08-07T16:40:35Z  behind_by=3m20s  rows=20281412  invalid=false
2026-08-07T16:41:36Z  behind_by=19s  rows=21247363  invalid=false
2026-08-07T16:42:36Z  behind_by=1m20s  rows=21247363  invalid=false
2026-08-07T16:43:36Z  behind_by=2m20s  rows=21247363  invalid=false
2026-08-07T16:44:36Z  behind_by=3m20s  rows=21247363  invalid=false
2026-08-07T16:45:36Z  behind_by=20s  rows=21928126  invalid=false
2026-08-07T16:46:36Z  behind_by=1m20s  rows=21928126  invalid=false
2026-08-07T16:47:36Z  behind_by=2m20s  rows=21928126  invalid=false
2026-08-07T16:48:36Z  behind_by=3m20s  rows=21928126  invalid=false
2026-08-07T16:49:36Z  behind_by=21s  rows=22985975  invalid=false
2026-08-07T16:50:37Z  behind_by=1m21s  rows=22985975  invalid=false
2026-08-07T16:51:37Z  behind_by=2m21s  rows=22985975  invalid=false
2026-08-07T16:52:37Z  behind_by=3m21s  rows=22985975  invalid=false
2026-08-07T16:53:37Z  behind_by=21s  rows=23999916  invalid=false
2026-08-07T16:54:37Z  behind_by=1m21s  rows=23999916  invalid=false
2026-08-07T16:55:37Z  behind_by=2m21s  rows=23999916  invalid=false
2026-08-07T16:56:38Z  behind_by=3m21s  rows=23999916  invalid=false
2026-08-07T16:57:38Z  behind_by=22s  rows=24780380  invalid=false
2026-08-07T16:58:38Z  behind_by=1m23s  rows=24780380  invalid=false
2026-08-07T16:59:38Z  behind_by=2m22s  rows=24780380  invalid=false
2026-08-07T17:00:38Z  behind_by=3m22s  rows=24780380  invalid=false
2026-08-07T17:01:38Z  behind_by=22s  rows=25509377  invalid=false
2026-08-07T17:02:38Z  behind_by=1m22s  rows=25509377  invalid=false
2026-08-07T17:03:38Z  behind_by=2m22s  rows=25509377  invalid=false
2026-08-07T17:04:38Z  behind_by=3m22s  rows=25509377  invalid=false
2026-08-07T17:05:39Z  behind_by=22s  rows=26293648  invalid=false
2026-08-07T17:06:39Z  behind_by=1m22s  rows=26293648  invalid=false
2026-08-07T17:07:39Z  behind_by=2m22s  rows=26293648  invalid=false
2026-08-07T17:08:39Z  behind_by=3m23s  rows=26293648  invalid=false
2026-08-07T17:09:39Z  behind_by=23s  rows=26978438  invalid=false
2026-08-07T17:10:39Z  behind_by=1m23s  rows=26978438  invalid=false
2026-08-07T17:11:39Z  behind_by=2m23s  rows=26978438  invalid=false
2026-08-07T17:12:39Z  behind_by=3m23s  rows=26978438  invalid=false
2026-08-07T17:13:39Z  behind_by=24s  rows=27863256  invalid=false
2026-08-07T17:14:39Z  behind_by=1m24s  rows=27863256  invalid=false
2026-08-07T17:15:39Z  behind_by=2m24s  rows=27863256  invalid=false
2026-08-07T17:16:40Z  behind_by=3m24s  rows=27863256  invalid=false
2026-08-07T17:17:40Z  behind_by=24s  rows=28556803  invalid=false
2026-08-07T17:18:40Z  behind_by=1m24s  rows=28556803  invalid=false
2026-08-07T17:19:40Z  behind_by=2m24s  rows=28556803  invalid=false
2026-08-07T17:20:40Z  behind_by=3m24s  rows=28556803  invalid=false
2026-08-07T17:21:40Z  behind_by=24s  rows=29398203  invalid=false
2026-08-07T17:22:40Z  behind_by=1m24s  rows=29398203  invalid=false
2026-08-07T17:23:40Z  behind_by=2m24s  rows=29398203  invalid=false
2026-08-07T17:24:40Z  behind_by=3m24s  rows=29398203  invalid=false
2026-08-07T17:25:40Z  behind_by=24s  rows=30002520  invalid=false
2026-08-07T17:26:40Z  behind_by=1m24s  rows=30002520  invalid=false
2026-08-07T17:27:41Z  behind_by=2m24s  rows=30002520  invalid=false
2026-08-07T17:28:41Z  behind_by=3m24s  rows=30002520  invalid=false
2026-08-07T17:29:41Z  behind_by=25s  rows=30912105  invalid=false
2026-08-07T17:30:41Z  behind_by=1m25s  rows=30912105  invalid=false
2026-08-07T17:31:41Z  behind_by=2m25s  rows=30912105  invalid=false
2026-08-07T17:32:42Z  behind_by=3m26s  rows=30912105  invalid=false
2026-08-07T17:33:42Z  behind_by=26s  rows=31498267  invalid=false
2026-08-07T17:34:42Z  behind_by=1m26s  rows=31498267  invalid=false
2026-08-07T17:35:42Z  behind_by=2m26s  rows=31498267  invalid=false
2026-08-07T17:36:42Z  behind_by=8s  rows=32461145  invalid=false
2026-08-07T17:37:42Z  behind_by=26s  rows=33012748  invalid=false
2026-08-07T17:38:42Z  behind_by=1m26s  rows=33012748  invalid=false
2026-08-07T17:39:42Z  behind_by=2m26s  rows=33012748  invalid=false
2026-08-07T17:40:42Z  behind_by=3m27s  rows=33012748  invalid=false
2026-08-07T17:41:42Z  behind_by=27s  rows=34011517  invalid=false
2026-08-07T17:42:43Z  behind_by=1m27s  rows=34011517  invalid=false
2026-08-07T17:43:43Z  behind_by=2m27s  rows=34011517  invalid=false
2026-08-07T17:44:43Z  behind_by=3m28s  rows=34011517  invalid=false
2026-08-07T17:45:43Z  behind_by=27s  rows=34817550  invalid=false
2026-08-07T17:46:43Z  behind_by=1m27s  rows=34817550  invalid=false
2026-08-07T17:47:43Z  behind_by=2m27s  rows=34817550  invalid=false
2026-08-07T17:48:44Z  behind_by=3m27s  rows=34817550  invalid=false
2026-08-07T17:49:44Z  behind_by=27s  rows=35996569  invalid=false
2026-08-07T17:50:44Z  behind_by=1m27s  rows=35996569  invalid=false
2026-08-07T17:51:44Z  behind_by=2m27s  rows=35996569  invalid=false
2026-08-07T17:52:44Z  behind_by=3m27s  rows=35996569  invalid=false
2026-08-07T17:53:44Z  behind_by=28s  rows=36597444  invalid=false
2026-08-07T17:54:44Z  behind_by=1m28s  rows=36597444  invalid=false
2026-08-07T17:55:44Z  behind_by=2m28s  rows=36597444  invalid=false
2026-08-07T17:56:44Z  behind_by=3m28s  rows=36597444  invalid=false
2026-08-07T17:57:44Z  behind_by=29s  rows=37386473  invalid=false
2026-08-07T17:58:44Z  behind_by=1m29s  rows=37386473  invalid=false
2026-08-07T17:59:44Z  behind_by=2m29s  rows=37386473  invalid=false
2026-08-07T18:00:45Z  behind_by=3m29s  rows=37386473  invalid=false
2026-08-07T18:01:45Z  behind_by=28s  rows=38502132  invalid=false
2026-08-07T18:02:45Z  behind_by=1m28s  rows=38502132  invalid=false
2026-08-07T18:03:45Z  behind_by=2m28s  rows=38502132  invalid=false
2026-08-07T18:04:45Z  behind_by=3m29s  rows=38502132  invalid=false
2026-08-07T18:05:45Z  behind_by=29s  rows=39591778  invalid=false
2026-08-07T18:06:45Z  behind_by=1m29s  rows=39591778  invalid=false
2026-08-07T18:07:45Z  behind_by=2m29s  rows=39591778  invalid=false
2026-08-07T18:08:45Z  behind_by=3m29s  rows=39591778  invalid=false
2026-08-07T18:09:46Z  behind_by=30s  rows=40663311  invalid=false
2026-08-07T18:10:46Z  behind_by=1m28s  rows=40663311  invalid=false
2026-08-07T18:11:46Z  behind_by=2m30s  rows=40663311  invalid=false
2026-08-07T18:12:46Z  behind_by=3m31s  rows=40663311  invalid=false
2026-08-07T18:13:46Z  behind_by=30s  rows=41600728  invalid=false
2026-08-07T18:14:47Z  behind_by=1m30s  rows=41600728  invalid=false
2026-08-07T18:15:47Z  behind_by=2m30s  rows=41600728  invalid=false
2026-08-07T18:16:47Z  behind_by=12s  rows=42127991  invalid=false
2026-08-07T18:17:47Z  behind_by=31s  rows=42398912  invalid=false
2026-08-07T18:18:47Z  behind_by=1m31s  rows=42398912  invalid=false
2026-08-07T18:19:47Z  behind_by=2m31s  rows=42398912  invalid=false
2026-08-07T18:20:47Z  behind_by=3m30s  rows=42398912  invalid=false
2026-08-07T18:21:47Z  behind_by=31s  rows=43030787  invalid=false
2026-08-07T18:22:47Z  behind_by=1m31s  rows=43030787  invalid=false
2026-08-07T18:23:47Z  behind_by=2m31s  rows=43030787  invalid=false
2026-08-07T18:24:48Z  behind_by=3m31s  rows=43030787  invalid=false
2026-08-07T18:25:48Z  behind_by=32s  rows=43682402  invalid=false
2026-08-07T18:26:48Z  behind_by=1m32s  rows=43682402  invalid=false
2026-08-07T18:27:48Z  behind_by=2m32s  rows=43682402  invalid=false
2026-08-07T18:28:48Z  behind_by=13s  rows=44145505  invalid=false
2026-08-07T18:29:48Z  behind_by=32s  rows=44611225  invalid=false
2026-08-07T18:30:48Z  behind_by=1m32s  rows=44611225  invalid=false
2026-08-07T18:31:48Z  behind_by=2m32s  rows=44611225  invalid=false
2026-08-07T18:32:48Z  behind_by=3m32s  rows=44611225  invalid=false
2026-08-07T18:33:48Z  behind_by=31s  rows=45210674  invalid=false
2026-08-07T18:34:48Z  behind_by=1m31s  rows=45210674  invalid=false
2026-08-07T18:35:49Z  behind_by=2m32s  rows=45210674  invalid=false
2026-08-07T18:36:49Z  behind_by=13s  rows=45789167  invalid=false
2026-08-07T18:37:49Z  behind_by=33s  rows=46289856  invalid=false
2026-08-07T18:38:49Z  behind_by=1m33s  rows=46289856  invalid=false
2026-08-07T18:39:49Z  behind_by=2m33s  rows=46289856  invalid=false
2026-08-07T18:40:49Z  behind_by=14s  rows=46560556  invalid=false
2026-08-07T18:41:49Z  behind_by=33s  rows=46984472  invalid=false
2026-08-07T18:42:49Z  behind_by=1m33s  rows=46984472  invalid=false
2026-08-07T18:43:49Z  behind_by=2m33s  rows=46984472  invalid=false
2026-08-07T18:44:49Z  behind_by=15s  rows=47323398  invalid=false
2026-08-07T18:45:49Z  behind_by=33s  rows=47643387  invalid=false
2026-08-07T18:46:49Z  behind_by=1m33s  rows=47643387  invalid=false
2026-08-07T18:47:50Z  behind_by=2m33s  rows=47643387  invalid=false
2026-08-07T18:48:50Z  behind_by=3m33s  rows=47643387  invalid=false
2026-08-07T18:49:50Z  behind_by=34s  rows=48287094  invalid=false
2026-08-07T18:50:50Z  behind_by=1m34s  rows=48287094  invalid=false
2026-08-07T18:51:50Z  behind_by=2m34s  rows=48287094  invalid=false
2026-08-07T18:52:50Z  behind_by=15s  rows=48843411  invalid=false
2026-08-07T18:53:50Z  behind_by=34s  rows=49354144  invalid=false
2026-08-07T18:54:50Z  behind_by=1m34s  rows=49354144  invalid=false
2026-08-07T18:55:50Z  behind_by=2m35s  rows=49354144  invalid=false
2026-08-07T18:56:51Z  behind_by=16s  rows=763486  invalid=false
2026-08-07T18:57:51Z  behind_by=36s  rows=1160295  invalid=false
2026-08-07T18:58:51Z  behind_by=1m36s  rows=1160295  invalid=false
2026-08-07T18:59:51Z  behind_by=2m36s  rows=1160295  invalid=false
2026-08-07T19:00:51Z  behind_by=16s  rows=1487917  invalid=false
2026-08-07T19:01:52Z  behind_by=36s  rows=2093188  invalid=false
2026-08-07T19:02:52Z  behind_by=1m36s  rows=2093188  invalid=false
2026-08-07T19:03:52Z  behind_by=2m36s  rows=2093188  invalid=false
2026-08-07T19:04:52Z  behind_by=16s  rows=2529548  invalid=false
2026-08-07T19:05:52Z  behind_by=36s  rows=2922641  invalid=false
2026-08-07T19:06:52Z  behind_by=1m36s  rows=2922641  invalid=false
2026-08-07T19:07:52Z  behind_by=2m36s  rows=2922641  invalid=false
2026-08-07T19:08:52Z  behind_by=18s  rows=3546233  invalid=false
2026-08-07T19:09:53Z  behind_by=36s  rows=3822076  invalid=false
2026-08-07T19:10:53Z  behind_by=1m36s  rows=3822076  invalid=false
2026-08-07T19:11:53Z  behind_by=2m37s  rows=3822076  invalid=false
2026-08-07T19:12:53Z  behind_by=17s  rows=4148790  invalid=false
2026-08-07T19:13:53Z  behind_by=37s  rows=4391653  invalid=false
2026-08-07T19:14:53Z  behind_by=1m37s  rows=4391653  invalid=false
2026-08-07T19:15:53Z  behind_by=2m37s  rows=4391653  invalid=false
2026-08-07T19:16:53Z  behind_by=18s  rows=4691952  invalid=false
2026-08-07T19:17:53Z  behind_by=36s  rows=5203353  invalid=false
2026-08-07T19:18:53Z  behind_by=1m37s  rows=5203353  invalid=false
2026-08-07T19:19:54Z  behind_by=2m37s  rows=5203353  invalid=false
2026-08-07T19:20:54Z  behind_by=20s  rows=5538409  invalid=false
2026-08-07T19:21:54Z  behind_by=38s  rows=5849587  invalid=false
2026-08-07T19:22:54Z  behind_by=1m38s  rows=5849587  invalid=false
2026-08-07T19:23:54Z  behind_by=2m38s  rows=5849587  invalid=false
2026-08-07T19:24:55Z  behind_by=20s  rows=6192232  invalid=false
2026-08-07T19:25:55Z  behind_by=39s  rows=6577046  invalid=false
2026-08-07T19:26:55Z  behind_by=1m39s  rows=6577046  invalid=false
2026-08-07T19:27:55Z  behind_by=2m39s  rows=6577046  invalid=false
2026-08-07T19:28:55Z  behind_by=21s  rows=7029811  invalid=false
2026-08-07T19:29:55Z  behind_by=39s  rows=7518204  invalid=false
2026-08-07T19:30:55Z  behind_by=1m39s  rows=7518204  invalid=false
2026-08-07T19:31:55Z  behind_by=2m39s  rows=7518204  invalid=false
2026-08-07T19:32:55Z  behind_by=20s  rows=8073197  invalid=false
2026-08-07T19:33:55Z  behind_by=39s  rows=8532576  invalid=false
2026-08-07T19:34:55Z  behind_by=1m39s  rows=8532576  invalid=false
2026-08-07T19:35:56Z  behind_by=2m39s  rows=8532576  invalid=false
2026-08-07T19:36:56Z  behind_by=21s  rows=8996653  invalid=false
2026-08-07T19:37:56Z  behind_by=40s  rows=9350102  invalid=false
2026-08-07T19:38:56Z  behind_by=1m40s  rows=9350102  invalid=false
2026-08-07T19:39:56Z  behind_by=2m40s  rows=9350102  invalid=false
2026-08-07T19:40:56Z  behind_by=21s  rows=9640878  invalid=false
2026-08-07T19:41:56Z  behind_by=40s  rows=9893934  invalid=false
2026-08-07T19:42:56Z  behind_by=1m40s  rows=9893934  invalid=false
2026-08-07T19:43:56Z  behind_by=2m40s  rows=9893934  invalid=false
2026-08-07T19:44:56Z  behind_by=22s  rows=10402784  invalid=false
2026-08-07T19:45:56Z  behind_by=40s  rows=10909010  invalid=false
2026-08-07T19:46:57Z  behind_by=1m5s  rows=11235956  invalid=false
2026-08-07T19:47:57Z  behind_by=2m5s  rows=11235956  invalid=false
2026-08-07T19:48:57Z  behind_by=22s  rows=11585792  invalid=false
2026-08-07T19:49:57Z  behind_by=40s  rows=12242525  invalid=false
2026-08-07T19:50:57Z  behind_by=1m40s  rows=12242525  invalid=false
2026-08-07T19:51:57Z  behind_by=2m40s  rows=12242525  invalid=false
2026-08-07T19:52:57Z  behind_by=22s  rows=12700244  invalid=false
2026-08-07T19:53:57Z  behind_by=41s  rows=13049417  invalid=false
2026-08-07T19:54:57Z  behind_by=1m41s  rows=13049417  invalid=false
2026-08-07T19:55:57Z  behind_by=2m41s  rows=13049417  invalid=false
2026-08-07T19:56:57Z  behind_by=23s  rows=13476266  invalid=false
2026-08-07T19:57:58Z  behind_by=40s  rows=13849644  invalid=false
2026-08-07T19:58:58Z  behind_by=1m41s  rows=13849644  invalid=false
2026-08-07T19:59:58Z  behind_by=2m41s  rows=13849644  invalid=false
2026-08-07T20:00:58Z  behind_by=23s  rows=14290926  invalid=false
2026-08-07T20:01:59Z  behind_by=41s  rows=14548023  invalid=false
2026-08-07T20:02:59Z  behind_by=1m41s  rows=14548023  invalid=false
2026-08-07T20:03:59Z  behind_by=2m41s  rows=14548023  invalid=false
2026-08-07T20:04:59Z  behind_by=24s  rows=15232188  invalid=false
2026-08-07T20:05:59Z  behind_by=42s  rows=15867390  invalid=false
2026-08-07T20:06:59Z  behind_by=1m42s  rows=15867390  invalid=false
2026-08-07T20:07:59Z  behind_by=2m42s  rows=15867390  invalid=false
2026-08-07T20:08:59Z  behind_by=25s  rows=16304277  invalid=false
2026-08-07T20:10:00Z  behind_by=42s  rows=16641196  invalid=false
2026-08-07T20:11:00Z  behind_by=1m43s  rows=16641196  invalid=false
2026-08-07T20:12:00Z  behind_by=2m43s  rows=16641196  invalid=false
2026-08-07T20:13:00Z  behind_by=25s  rows=17198203  invalid=false
2026-08-07T20:14:00Z  behind_by=44s  rows=17548192  invalid=false
2026-08-07T20:15:01Z  behind_by=1m45s  rows=17548192  invalid=false
2026-08-07T20:16:01Z  behind_by=2m45s  rows=17548192  invalid=false
2026-08-07T20:17:01Z  behind_by=27s  rows=17926752  invalid=false
2026-08-07T20:18:02Z  behind_by=39s  rows=18513589  invalid=false
2026-08-07T20:19:02Z  behind_by=1m39s  rows=18513589  invalid=false
2026-08-07T20:20:02Z  behind_by=2m40s  rows=18513589  invalid=false
2026-08-07T20:21:02Z  behind_by=28s  rows=18813454  invalid=false
2026-08-07T20:22:03Z  behind_by=46s  rows=19190511  invalid=false
2026-08-07T20:23:03Z  behind_by=1m46s  rows=19190511  invalid=false
2026-08-07T20:24:03Z  behind_by=2m47s  rows=19190511  invalid=false
2026-08-07T20:25:03Z  behind_by=28s  rows=19633479  invalid=false
2026-08-07T20:26:04Z  behind_by=47s  rows=20032978  invalid=false
2026-08-07T20:27:04Z  behind_by=1m48s  rows=20032978  invalid=false
2026-08-07T20:28:04Z  behind_by=2m48s  rows=20032978  invalid=false
2026-08-07T20:29:04Z  behind_by=28s  rows=20481749  invalid=false
2026-08-07T20:30:05Z  behind_by=48s  rows=20897246  invalid=false
2026-08-07T20:31:05Z  behind_by=1m48s  rows=20897246  invalid=false
2026-08-07T20:32:05Z  behind_by=2m48s  rows=20897246  invalid=false
2026-08-07T20:33:05Z  behind_by=30s  rows=21288845  invalid=false
2026-08-07T20:34:05Z  behind_by=49s  rows=21689640  invalid=false
2026-08-07T20:35:05Z  behind_by=1m49s  rows=21689640  invalid=false
2026-08-07T20:36:05Z  behind_by=2m49s  rows=21689640  invalid=false
2026-08-07T20:37:06Z  behind_by=31s  rows=22305751  invalid=false
2026-08-07T20:38:06Z  behind_by=49s  rows=22693611  invalid=false
2026-08-07T20:39:06Z  behind_by=1m49s  rows=22693611  invalid=false
2026-08-07T20:40:06Z  behind_by=2m50s  rows=22693611  invalid=false
2026-08-07T20:41:06Z  behind_by=32s  rows=23148771  invalid=false
2026-08-07T20:42:07Z  behind_by=51s  rows=23546942  invalid=false
2026-08-07T20:43:07Z  behind_by=1m51s  rows=23546942  invalid=false
2026-08-07T20:44:07Z  behind_by=2m51s  rows=23546942  invalid=false
2026-08-07T20:45:07Z  behind_by=33s  rows=23827491  invalid=false
2026-08-07T20:46:08Z  behind_by=51s  rows=24388151  invalid=false
2026-08-07T20:47:08Z  behind_by=1m16s  rows=24919424  invalid=false
2026-08-07T20:48:09Z  behind_by=2m16s  rows=24919424  invalid=false
2026-08-07T20:49:09Z  behind_by=35s  rows=25362202  invalid=false
2026-08-07T20:50:10Z  behind_by=48s  rows=25881534  invalid=false
2026-08-07T20:51:10Z  behind_by=1m48s  rows=25881534  invalid=false
2026-08-07T20:52:10Z  behind_by=2m48s  rows=25881534  invalid=false
2026-08-07T20:53:10Z  behind_by=35s  rows=26390770  invalid=false
2026-08-07T20:54:10Z  behind_by=53s  rows=26841367  invalid=false
2026-08-07T20:55:10Z  behind_by=1m54s  rows=26841367  invalid=false
2026-08-07T20:56:11Z  behind_by=2m54s  rows=26841367  invalid=false
2026-08-07T20:57:11Z  behind_by=36s  rows=27181848  invalid=false
2026-08-07T20:58:11Z  behind_by=55s  rows=27634426  invalid=false
2026-08-07T20:59:11Z  behind_by=1m55s  rows=27634426  invalid=false
2026-08-07T21:00:12Z  behind_by=2m55s  rows=27634426  invalid=false
2026-08-07T21:01:12Z  behind_by=37s  rows=28061719  invalid=false
2026-08-07T21:02:13Z  behind_by=57s  rows=28489775  invalid=false
2026-08-07T21:03:13Z  behind_by=1m57s  rows=28489775  invalid=false
2026-08-07T21:04:13Z  behind_by=2m57s  rows=28489775  invalid=false
2026-08-07T21:05:13Z  behind_by=39s  rows=28958704  invalid=false
2026-08-07T21:06:14Z  behind_by=57s  rows=29478016  invalid=false
2026-08-07T21:07:14Z  behind_by=34s  rows=29835278  invalid=false
2026-08-07T21:08:14Z  behind_by=1m34s  rows=29835278  invalid=false
2026-08-07T21:09:14Z  behind_by=2m34s  rows=29835278  invalid=false
2026-08-07T21:10:14Z  behind_by=58s  rows=30311574  invalid=false
2026-08-07T21:11:14Z  behind_by=34s  rows=30635894  invalid=false
2026-08-07T21:12:14Z  behind_by=1m34s  rows=30635894  invalid=false
2026-08-07T21:13:14Z  behind_by=2m34s  rows=30635894  invalid=false
2026-08-07T21:14:14Z  behind_by=58s  rows=30955762  invalid=false
2026-08-07T21:15:15Z  behind_by=34s  rows=31453745  invalid=false
2026-08-07T21:16:15Z  behind_by=1m35s  rows=31453745  invalid=false
2026-08-07T21:17:15Z  behind_by=2m35s  rows=31453745  invalid=false
2026-08-07T21:18:15Z  behind_by=58s  rows=32012989  invalid=false
2026-08-07T21:19:15Z  behind_by=35s  rows=32486248  invalid=false
2026-08-07T21:20:15Z  behind_by=1m35s  rows=32486248  invalid=false
2026-08-07T21:21:15Z  behind_by=2m35s  rows=32486248  invalid=false
2026-08-07T21:22:15Z  behind_by=59s  rows=33004332  invalid=false
2026-08-07T21:23:15Z  behind_by=35s  rows=33597959  invalid=false
2026-08-07T21:24:15Z  behind_by=1m35s  rows=33597959  invalid=false
2026-08-07T21:25:15Z  behind_by=2m35s  rows=33597959  invalid=false
2026-08-07T21:26:15Z  behind_by=59s  rows=33979374  invalid=false
2026-08-07T21:27:16Z  behind_by=35s  rows=34330015  invalid=false
2026-08-07T21:28:16Z  behind_by=1m36s  rows=34330015  invalid=false
2026-08-07T21:29:16Z  behind_by=2m36s  rows=34330015  invalid=false
2026-08-07T21:30:16Z  behind_by=1m  rows=34974887  invalid=false
2026-08-07T21:31:16Z  behind_by=36s  rows=35546079  invalid=false
2026-08-07T21:32:16Z  behind_by=1m37s  rows=35546079  invalid=false
2026-08-07T21:33:16Z  behind_by=2m37s  rows=35546079  invalid=false
2026-08-07T21:34:16Z  behind_by=1m  rows=36317700  invalid=false
2026-08-07T21:35:16Z  behind_by=37s  rows=36682185  invalid=false
2026-08-07T21:36:16Z  behind_by=1m37s  rows=36682185  invalid=false
2026-08-07T21:37:17Z  behind_by=2m37s  rows=36682185  invalid=false
2026-08-07T21:38:17Z  behind_by=1m1s  rows=37215222  invalid=false
2026-08-07T21:39:17Z  behind_by=38s  rows=37767328  invalid=false
2026-08-07T21:40:17Z  behind_by=1m38s  rows=37767328  invalid=false
2026-08-07T21:41:17Z  behind_by=2m38s  rows=37767328  invalid=false
2026-08-07T21:42:17Z  behind_by=1m  rows=38121487  invalid=false
2026-08-07T21:43:17Z  behind_by=37s  rows=38840316  invalid=false
2026-08-07T21:44:17Z  behind_by=1m37s  rows=38840316  invalid=false
2026-08-07T21:45:17Z  behind_by=2m37s  rows=38840316  invalid=false
2026-08-07T21:46:17Z  behind_by=1m1s  rows=39321814  invalid=false
2026-08-07T21:47:18Z  behind_by=38s  rows=39691039  invalid=false
2026-08-07T21:48:18Z  behind_by=1m37s  rows=39691039  invalid=false
2026-08-07T21:49:18Z  behind_by=2m38s  rows=39691039  invalid=false
2026-08-07T21:50:18Z  behind_by=1m2s  rows=40352330  invalid=false
2026-08-07T21:51:18Z  behind_by=38s  rows=40796709  invalid=false
2026-08-07T21:52:18Z  behind_by=1m38s  rows=40796709  invalid=false
2026-08-07T21:53:18Z  behind_by=2m38s  rows=40796709  invalid=false
2026-08-07T21:54:18Z  behind_by=1m2s  rows=41370815  invalid=false
2026-08-07T21:55:18Z  behind_by=38s  rows=41895999  invalid=false
2026-08-07T21:56:18Z  behind_by=26s  rows=42308569  invalid=false
2026-08-07T21:57:19Z  behind_by=1m26s  rows=42308569  invalid=false
2026-08-07T21:58:19Z  behind_by=1m3s  rows=42641763  invalid=false
2026-08-07T21:59:19Z  behind_by=40s  rows=43136271  invalid=false
2026-08-07T22:00:19Z  behind_by=1m40s  rows=43136271  invalid=false
2026-08-07T22:01:20Z  behind_by=2m40s  rows=43136271  invalid=false
2026-08-07T22:02:20Z  behind_by=1m3s  rows=43621902  invalid=false
2026-08-07T22:03:20Z  behind_by=39s  rows=44280159  invalid=false
2026-08-07T22:04:20Z  behind_by=1m40s  rows=44280159  invalid=false
2026-08-07T22:05:20Z  behind_by=2m40s  rows=44280159  invalid=false
2026-08-07T22:06:20Z  behind_by=1m3s  rows=44613935  invalid=false
2026-08-07T22:07:20Z  behind_by=40s  rows=45144582  invalid=false
2026-08-07T22:08:20Z  behind_by=1m40s  rows=45144582  invalid=false
2026-08-07T22:09:20Z  behind_by=2m41s  rows=45144582  invalid=false
2026-08-07T22:10:20Z  behind_by=1m4s  rows=45700760  invalid=false
2026-08-07T22:11:21Z  behind_by=40s  rows=46162124  invalid=false
2026-08-07T22:12:21Z  behind_by=1m40s  rows=46162124  invalid=false
2026-08-07T22:13:21Z  behind_by=2m41s  rows=46162124  invalid=false
2026-08-07T22:14:21Z  behind_by=1m5s  rows=46761009  invalid=false
2026-08-07T22:15:21Z  behind_by=41s  rows=47244619  invalid=false
2026-08-07T22:16:22Z  behind_by=1m41s  rows=47244619  invalid=false
2026-08-07T22:17:22Z  behind_by=2m42s  rows=47244619  invalid=false
2026-08-07T22:18:22Z  behind_by=1m5s  rows=47523502  invalid=false
2026-08-07T22:19:22Z  behind_by=42s  rows=47953022  invalid=false
2026-08-07T22:20:22Z  behind_by=1m42s  rows=47953022  invalid=false
2026-08-07T22:21:22Z  behind_by=2m42s  rows=47953022  invalid=false
2026-08-07T22:22:22Z  behind_by=1m6s  rows=48477337  invalid=false
2026-08-07T22:23:22Z  behind_by=43s  rows=49107568  invalid=false
2026-08-07T22:24:22Z  behind_by=1m44s  rows=49107568  invalid=false
2026-08-07T22:25:23Z  behind_by=2m44s  rows=49107568  invalid=false
2026-08-07T22:26:23Z  behind_by=1m6s  rows=49583175  invalid=false
2026-08-07T22:27:23Z  behind_by=43s  rows=50093552  invalid=false
2026-08-07T22:28:23Z  behind_by=1m43s  rows=50093552  invalid=false
2026-08-07T22:29:23Z  behind_by=2m43s  rows=50093552  invalid=false
2026-08-07T22:30:23Z  behind_by=1m7s  rows=50439520  invalid=false
2026-08-07T22:31:23Z  behind_by=44s  rows=51117106  invalid=false
2026-08-07T22:32:24Z  behind_by=1m44s  rows=51117106  invalid=false
2026-08-07T22:33:24Z  behind_by=21s  rows=51585187  invalid=false
2026-08-07T22:34:24Z  behind_by=1m21s  rows=51585187  invalid=false
2026-08-07T22:35:24Z  behind_by=44s  rows=52178486  invalid=false
2026-08-07T22:36:24Z  behind_by=1m44s  rows=52178486  invalid=false
2026-08-07T22:37:24Z  behind_by=7s  rows=53037817  invalid=false
2026-08-07T22:38:24Z  behind_by=1m8s  rows=53037817  invalid=false
2026-08-07T22:39:24Z  behind_by=23s  rows=53629322  invalid=false
2026-08-07T22:40:24Z  behind_by=1m24s  rows=53629322  invalid=false
2026-08-07T22:41:25Z  behind_by=23s  rows=54185908  invalid=false
2026-08-07T22:42:25Z  behind_by=1m23s  rows=54185908  invalid=false
2026-08-07T22:43:25Z  behind_by=24s  rows=54533941  invalid=false
2026-08-07T22:44:25Z  behind_by=1m24s  rows=54533941  invalid=false
2026-08-07T22:45:25Z  behind_by=23s  rows=54852469  invalid=false
2026-08-07T22:46:26Z  behind_by=1m23s  rows=54852469  invalid=false
2026-08-07T22:47:26Z  behind_by=25s  rows=55475433  invalid=false
2026-08-07T22:48:26Z  behind_by=1m25s  rows=55475433  invalid=false
2026-08-07T22:49:26Z  behind_by=24s  rows=55779665  invalid=false
2026-08-07T22:50:26Z  behind_by=1m24s  rows=55779665  invalid=false
2026-08-07T22:51:26Z  behind_by=25s  rows=56176192  invalid=false
2026-08-07T22:52:26Z  behind_by=1m25s  rows=56176192  invalid=false
2026-08-07T22:53:26Z  behind_by=24s  rows=56766128  invalid=false
2026-08-07T22:54:26Z  behind_by=1m25s  rows=56766128  invalid=false
2026-08-07T22:55:27Z  behind_by=25s  rows=57320221  invalid=false
2026-08-07T22:56:27Z  behind_by=34s  rows=57693239  invalid=false
2026-08-07T22:57:27Z  behind_by=25s  rows=58155434  invalid=false
2026-08-07T22:58:27Z  behind_by=1m25s  rows=58155434  invalid=false
2026-08-07T22:59:27Z  behind_by=26s  rows=58455522  invalid=false
2026-08-07T23:00:27Z  behind_by=1m26s  rows=58455522  invalid=false
2026-08-07T23:01:27Z  behind_by=26s  rows=58822677  invalid=false
2026-08-07T23:02:28Z  behind_by=1m26s  rows=58822677  invalid=false
2026-08-07T23:03:28Z  behind_by=26s  rows=59164446  invalid=false
2026-08-07T23:04:28Z  behind_by=1m26s  rows=59164446  invalid=false
2026-08-07T23:05:28Z  behind_by=26s  rows=59713459  invalid=false
2026-08-07T23:06:28Z  behind_by=1m27s  rows=59713459  invalid=false
2026-08-07T23:07:28Z  behind_by=27s  rows=60107030  invalid=false
2026-08-07T23:08:28Z  behind_by=1m27s  rows=60107030  invalid=false
2026-08-07T23:09:28Z  behind_by=27s  rows=60741980  invalid=false
2026-08-07T23:10:29Z  behind_by=1m27s  rows=60741980  invalid=false
2026-08-07T23:11:29Z  behind_by=28s  rows=61234032  invalid=false
2026-08-07T23:12:29Z  behind_by=1m28s  rows=61234032  invalid=false
2026-08-07T23:13:29Z  behind_by=27s  rows=61952385  invalid=false
2026-08-07T23:14:29Z  behind_by=1m27s  rows=61952385  invalid=false
2026-08-07T23:15:29Z  behind_by=28s  rows=62304033  invalid=false
2026-08-07T23:16:29Z  behind_by=1m28s  rows=62304033  invalid=false
2026-08-07T23:17:29Z  behind_by=26s  rows=62750964  invalid=false
2026-08-07T23:18:29Z  behind_by=1m26s  rows=62750964  invalid=false
2026-08-07T23:19:30Z  behind_by=28s  rows=63287238  invalid=false
2026-08-07T23:20:30Z  behind_by=1m28s  rows=63287238  invalid=false
2026-08-07T23:21:30Z  behind_by=28s  rows=63721066  invalid=false
2026-08-07T23:22:30Z  behind_by=1m28s  rows=63721066  invalid=false
2026-08-07T23:23:30Z  behind_by=28s  rows=64138594  invalid=false
2026-08-07T23:24:30Z  behind_by=1m28s  rows=64138594  invalid=false
2026-08-07T23:25:30Z  behind_by=28s  rows=64718385  invalid=false
2026-08-07T23:26:30Z  behind_by=1m28s  rows=64718385  invalid=false
2026-08-07T23:27:30Z  behind_by=28s  rows=65182655  invalid=false
2026-08-07T23:28:30Z  behind_by=1m28s  rows=65182655  invalid=false
2026-08-07T23:29:31Z  behind_by=28s  rows=65729871  invalid=false
2026-08-07T23:30:31Z  behind_by=1m28s  rows=65729871  invalid=false
2026-08-07T23:31:31Z  behind_by=30s  rows=66163600  invalid=false
2026-08-07T23:32:31Z  behind_by=1m30s  rows=66163600  invalid=false
2026-08-07T23:33:31Z  behind_by=30s  rows=66569059  invalid=false
2026-08-07T23:34:31Z  behind_by=1m30s  rows=66569059  invalid=false
2026-08-07T23:35:31Z  behind_by=29s  rows=67145184  invalid=false
2026-08-07T23:36:32Z  behind_by=1m29s  rows=67145184  invalid=false
2026-08-07T23:37:32Z  behind_by=30s  rows=67760605  invalid=false
2026-08-07T23:38:32Z  behind_by=1m30s  rows=67760605  invalid=false
2026-08-07T23:39:32Z  behind_by=30s  rows=68348584  invalid=false
2026-08-07T23:40:32Z  behind_by=1m30s  rows=68348584  invalid=false
2026-08-07T23:41:32Z  behind_by=30s  rows=68692593  invalid=false
2026-08-07T23:42:32Z  behind_by=1m30s  rows=68692593  invalid=false
2026-08-07T23:43:32Z  behind_by=31s  rows=69183017  invalid=false
2026-08-07T23:44:32Z  behind_by=1m32s  rows=69183017  invalid=false
2026-08-07T23:45:32Z  behind_by=31s  rows=69584304  invalid=false
2026-08-07T23:46:32Z  behind_by=1m31s  rows=69584304  invalid=false
2026-08-07T23:47:33Z  behind_by=31s  rows=70186615  invalid=false
2026-08-07T23:48:33Z  behind_by=1m31s  rows=70186615  invalid=false
2026-08-07T23:49:33Z  behind_by=30s  rows=70589388  invalid=false
2026-08-07T23:50:33Z  behind_by=1m30s  rows=70589388  invalid=false
2026-08-07T23:51:33Z  behind_by=31s  rows=71181371  invalid=false
2026-08-07T23:52:33Z  behind_by=1m31s  rows=71181371  invalid=false
2026-08-07T23:53:33Z  behind_by=30s  rows=71544084  invalid=false
2026-08-07T23:54:33Z  behind_by=1m30s  rows=71544084  invalid=false
2026-08-07T23:55:33Z  behind_by=32s  rows=72216285  invalid=false
2026-08-07T23:56:33Z  behind_by=1m32s  rows=72216285  invalid=false
2026-08-07T23:57:33Z  behind_by=20s  rows=73139102  invalid=false
2026-08-07T23:58:33Z  behind_by=1m21s  rows=73139102  invalid=false
2026-08-07T23:59:34Z  behind_by=32s  rows=73721480  invalid=false
2026-08-08T00:00:34Z  behind_by=1m32s  rows=73721480  invalid=false
2026-08-08T00:01:34Z  behind_by=32s  rows=74059620  invalid=false
2026-08-08T00:02:34Z  behind_by=1m32s  rows=74059620  invalid=false
2026-08-08T00:03:34Z  behind_by=56s  rows=74699622  invalid=false
2026-08-08T00:04:35Z  behind_by=1m57s  rows=74699622  invalid=false
2026-08-08T00:05:35Z  behind_by=33s  rows=75308547  invalid=false
2026-08-08T00:06:35Z  behind_by=43s  rows=75780414  invalid=false
2026-08-08T00:07:35Z  behind_by=57s  rows=76306196  invalid=false
2026-08-08T00:08:35Z  behind_by=1m57s  rows=76306196  invalid=false
2026-08-08T00:09:35Z  behind_by=33s  rows=76658481  invalid=false
2026-08-08T00:10:35Z  behind_by=1m33s  rows=76658481  invalid=false
2026-08-08T00:11:36Z  behind_by=57s  rows=76931473  invalid=false
2026-08-08T00:12:36Z  behind_by=1m57s  rows=76931473  invalid=false
2026-08-08T00:13:36Z  behind_by=34s  rows=77483286  invalid=false
2026-08-08T00:14:36Z  behind_by=1m34s  rows=77483286  invalid=false
2026-08-08T00:15:36Z  behind_by=58s  rows=78134128  invalid=false
2026-08-08T00:16:37Z  behind_by=1m58s  rows=78134128  invalid=false
2026-08-08T00:17:37Z  behind_by=35s  rows=78538855  invalid=false
2026-08-08T00:18:37Z  behind_by=1m35s  rows=78538855  invalid=false
2026-08-08T00:19:37Z  behind_by=59s  rows=78965513  invalid=false
2026-08-08T00:20:37Z  behind_by=1m59s  rows=78965513  invalid=false
2026-08-08T00:21:37Z  behind_by=35s  rows=79595493  invalid=false
2026-08-08T00:22:37Z  behind_by=1m35s  rows=79595493  invalid=false
2026-08-08T00:23:37Z  behind_by=58s  rows=79906737  invalid=false
2026-08-08T00:24:38Z  behind_by=1m58s  rows=79906737  invalid=false
2026-08-08T00:25:38Z  behind_by=35s  rows=80252998  invalid=false
2026-08-08T00:26:38Z  behind_by=1m35s  rows=80252998  invalid=false
2026-08-08T00:27:38Z  behind_by=59s  rows=80623475  invalid=false
2026-08-08T00:28:38Z  behind_by=1m59s  rows=80623475  invalid=false
2026-08-08T00:29:38Z  behind_by=36s  rows=81167189  invalid=false
2026-08-08T00:30:38Z  behind_by=1m36s  rows=81167189  invalid=false
2026-08-08T00:31:38Z  behind_by=1m  rows=81756782  invalid=false
2026-08-08T00:32:38Z  behind_by=2m  rows=81756782  invalid=false
2026-08-08T00:33:39Z  behind_by=36s  rows=82334653  invalid=false
2026-08-08T00:34:39Z  behind_by=1m36s  rows=82334653  invalid=false
2026-08-08T00:35:39Z  behind_by=1m1s  rows=82613512  invalid=false
2026-08-08T00:36:39Z  behind_by=2m1s  rows=82613512  invalid=false
2026-08-08T00:37:39Z  behind_by=37s  rows=83021153  invalid=false
2026-08-08T00:38:40Z  behind_by=1m37s  rows=83021153  invalid=false
2026-08-08T00:39:40Z  behind_by=1m2s  rows=83650078  invalid=false
2026-08-08T00:40:40Z  behind_by=2m2s  rows=83650078  invalid=false
2026-08-08T00:41:40Z  behind_by=38s  rows=84186867  invalid=false
2026-08-08T00:42:40Z  behind_by=1m38s  rows=84186867  invalid=false
2026-08-08T00:43:40Z  behind_by=1m2s  rows=84579969  invalid=false
2026-08-08T00:44:40Z  behind_by=2m2s  rows=84579969  invalid=false
2026-08-08T00:45:40Z  behind_by=39s  rows=84896539  invalid=false
2026-08-08T00:46:41Z  behind_by=1m39s  rows=84896539  invalid=false
2026-08-08T00:47:41Z  behind_by=1m3s  rows=85228981  invalid=false
2026-08-08T00:48:41Z  behind_by=2m3s  rows=85228981  invalid=false
2026-08-08T00:49:41Z  behind_by=39s  rows=85748165  invalid=false
2026-08-08T00:50:41Z  behind_by=1m40s  rows=85748165  invalid=false
2026-08-08T00:51:42Z  behind_by=1m3s  rows=86220549  invalid=false
2026-08-08T00:52:42Z  behind_by=2m3s  rows=86220549  invalid=false
2026-08-08T00:53:42Z  behind_by=40s  rows=86757490  invalid=false
2026-08-08T00:54:42Z  behind_by=1m40s  rows=86757490  invalid=false
2026-08-08T00:55:42Z  behind_by=1m3s  rows=87216805  invalid=false
2026-08-08T00:56:42Z  behind_by=2m3s  rows=87216805  invalid=false
2026-08-08T00:57:42Z  behind_by=40s  rows=87974671  invalid=false
2026-08-08T00:58:42Z  behind_by=1m40s  rows=87974671  invalid=false
2026-08-08T00:59:42Z  behind_by=1m4s  rows=88634486  invalid=false
2026-08-08T01:00:42Z  behind_by=2m5s  rows=88634486  invalid=false
2026-08-08T01:01:43Z  behind_by=40s  rows=89126677  invalid=false
2026-08-08T01:02:43Z  behind_by=1m40s  rows=89126677  invalid=false
2026-08-08T01:03:43Z  behind_by=1m4s  rows=89742626  invalid=false
2026-08-08T01:04:43Z  behind_by=2m4s  rows=89742626  invalid=false
2026-08-08T01:05:43Z  behind_by=41s  rows=90383921  invalid=false
2026-08-08T01:06:43Z  behind_by=51s  rows=90759920  invalid=false
2026-08-08T01:07:43Z  behind_by=1m6s  rows=91162586  invalid=false
2026-08-08T01:08:44Z  behind_by=2m6s  rows=91162586  invalid=false
2026-08-08T01:09:44Z  behind_by=42s  rows=91829897  invalid=false
2026-08-08T01:10:45Z  behind_by=1m42s  rows=91829897  invalid=false
2026-08-08T01:11:45Z  behind_by=1m7s  rows=92254385  invalid=false
2026-08-08T01:12:45Z  behind_by=2m7s  rows=92254385  invalid=false
2026-08-08T01:13:45Z  behind_by=43s  rows=92774679  invalid=false
2026-08-08T01:14:45Z  behind_by=8s  rows=93475144  invalid=false
2026-08-08T01:15:46Z  behind_by=1m8s  rows=93475144  invalid=false
2026-08-08T01:16:46Z  behind_by=2m8s  rows=93475144  invalid=false
2026-08-08T01:17:46Z  behind_by=44s  rows=94155419  invalid=false
2026-08-08T01:18:46Z  behind_by=1m44s  rows=94155419  invalid=false
2026-08-08T01:19:47Z  behind_by=1m8s  rows=94555019  invalid=false
2026-08-08T01:20:47Z  behind_by=2m8s  rows=94555019  invalid=false
2026-08-08T01:21:47Z  behind_by=44s  rows=95040975  invalid=false
2026-08-08T01:22:48Z  behind_by=9s  rows=95633256  invalid=false
2026-08-08T01:23:48Z  behind_by=1m10s  rows=95633256  invalid=false
2026-08-08T01:24:49Z  behind_by=2m10s  rows=95633256  invalid=false
2026-08-08T01:25:49Z  behind_by=47s  rows=96332743  invalid=false
2026-08-08T01:26:49Z  behind_by=1m47s  rows=96332743  invalid=false
2026-08-08T01:27:49Z  behind_by=1m7s  rows=97047300  invalid=false
2026-08-08T01:28:50Z  behind_by=2m7s  rows=97047300  invalid=false
2026-08-08T01:29:51Z  behind_by=48s  rows=98027618  invalid=false
2026-08-08T01:30:51Z  behind_by=1m48s  rows=98027618  invalid=false
2026-08-08T01:31:51Z  behind_by=1m8s  rows=98583937  invalid=false
2026-08-08T01:32:51Z  behind_by=2m8s  rows=98583937  invalid=false
2026-08-08T01:33:52Z  behind_by=1m10s  rows=99259206  invalid=false
2026-08-08T01:34:52Z  behind_by=8s  rows=99595947  invalid=false
2026-08-08T01:35:52Z  behind_by=1m9s  rows=99595947  invalid=false
2026-08-08T01:36:52Z  behind_by=2m9s  rows=99595947  invalid=false
2026-08-08T01:37:52Z  behind_by=1m11s  rows=99979871  invalid=false
2026-08-08T01:38:52Z  behind_by=2m11s  rows=99979871  invalid=false
2026-08-08T01:39:52Z  behind_by=1m1s  rows=100540845  invalid=false
2026-08-08T01:40:53Z  behind_by=2m1s  rows=101154195  invalid=false
2026-08-08T01:41:53Z  behind_by=1m12s  rows=101154195  invalid=false
2026-08-08T01:42:53Z  behind_by=2m12s  rows=101154195  invalid=false
2026-08-08T01:43:53Z  behind_by=1m3s  rows=101623663  invalid=false
2026-08-08T01:44:54Z  behind_by=13s  rows=102167623  invalid=false
2026-08-08T01:45:54Z  behind_by=1m13s  rows=102167623  invalid=false
2026-08-08T01:46:54Z  behind_by=2m13s  rows=102167623  invalid=false
2026-08-08T01:47:54Z  behind_by=1m3s  rows=102684183  invalid=false
2026-08-08T01:48:54Z  behind_by=13s  rows=103328183  invalid=false
2026-08-08T01:49:54Z  behind_by=1m13s  rows=103328183  invalid=false
2026-08-08T01:50:54Z  behind_by=2m13s  rows=103328183  invalid=false
2026-08-08T01:51:54Z  behind_by=1m2s  rows=103962658  invalid=false
2026-08-08T01:52:55Z  behind_by=13s  rows=104813596  invalid=false
2026-08-08T01:53:55Z  behind_by=1m13s  rows=104813596  invalid=false
2026-08-08T01:54:55Z  behind_by=2m14s  rows=104813596  invalid=false
2026-08-08T01:55:55Z  behind_by=1m4s  rows=105230977  invalid=false
2026-08-08T01:56:55Z  behind_by=14s  rows=105709545  invalid=false
2026-08-08T01:57:55Z  behind_by=1m14s  rows=105709545  invalid=false
2026-08-08T01:58:55Z  behind_by=2m14s  rows=105709545  invalid=false
2026-08-08T01:59:56Z  behind_by=1m5s  rows=106100308  invalid=false
2026-08-08T02:00:56Z  behind_by=15s  rows=106522370  invalid=false
2026-08-08T02:01:58Z  behind_by=1m17s  rows=106522370  invalid=false
2026-08-08T02:02:58Z  behind_by=2m17s  rows=106522370  invalid=false
2026-08-08T02:03:59Z  behind_by=1m7s  rows=107065362  invalid=false
2026-08-08T02:04:59Z  behind_by=17s  rows=107587207  invalid=false
2026-08-08T02:05:59Z  behind_by=1m18s  rows=107587207  invalid=false
2026-08-08T02:06:59Z  behind_by=2m18s  rows=107587207  invalid=false
2026-08-08T02:07:59Z  behind_by=1m9s  rows=107949601  invalid=false
2026-08-08T02:09:00Z  behind_by=18s  rows=108673220  invalid=false
2026-08-08T02:10:00Z  behind_by=1m18s  rows=108673220  invalid=false
2026-08-08T02:11:00Z  behind_by=2m18s  rows=108673220  invalid=false
2026-08-08T02:12:00Z  behind_by=1m9s  rows=109080707  invalid=false
2026-08-08T02:13:00Z  behind_by=20s  rows=109416787  invalid=false
2026-08-08T02:14:00Z  behind_by=1m20s  rows=109416787  invalid=false
2026-08-08T02:15:00Z  behind_by=2m20s  rows=109416787  invalid=false
2026-08-08T02:16:00Z  behind_by=1m9s  rows=110035949  invalid=false
2026-08-08T02:17:00Z  behind_by=19s  rows=111133314  invalid=false
2026-08-08T02:18:00Z  behind_by=1m19s  rows=111133314  invalid=false
2026-08-08T02:19:01Z  behind_by=9s  rows=111595313  invalid=false
2026-08-08T02:20:01Z  behind_by=1m10s  rows=111595313  invalid=false
2026-08-08T02:21:01Z  behind_by=20s  rows=112267861  invalid=false
2026-08-08T02:22:01Z  behind_by=1m20s  rows=112267861  invalid=false
2026-08-08T02:23:01Z  behind_by=2m21s  rows=112267861  invalid=false
2026-08-08T02:24:01Z  behind_by=1m10s  rows=112796393  invalid=false
2026-08-08T02:25:02Z  behind_by=20s  rows=113514070  invalid=false
2026-08-08T02:26:02Z  behind_by=1m20s  rows=113514070  invalid=false
2026-08-08T02:27:02Z  behind_by=2m20s  rows=113514070  invalid=false
2026-08-08T02:28:02Z  behind_by=1m11s  rows=114086085  invalid=false
2026-08-08T02:29:02Z  behind_by=22s  rows=114554762  invalid=false
2026-08-08T02:30:02Z  behind_by=1m22s  rows=114554762  invalid=false
2026-08-08T02:31:02Z  behind_by=11s  rows=115036853  invalid=false
2026-08-08T02:32:02Z  behind_by=1m11s  rows=115036853  invalid=false
2026-08-08T02:33:02Z  behind_by=21s  rows=115430789  invalid=false
2026-08-08T02:34:03Z  behind_by=1m21s  rows=115430789  invalid=false
2026-08-08T02:35:03Z  behind_by=12s  rows=115868869  invalid=false
2026-08-08T02:36:03Z  behind_by=1m12s  rows=115868869  invalid=false
2026-08-08T02:37:03Z  behind_by=22s  rows=116315436  invalid=false
2026-08-08T02:38:03Z  behind_by=1m22s  rows=116315436  invalid=false
2026-08-08T02:39:04Z  behind_by=12s  rows=116784417  invalid=false
2026-08-08T02:40:04Z  behind_by=1m13s  rows=116784417  invalid=false
2026-08-08T02:41:04Z  behind_by=23s  rows=117453711  invalid=false
2026-08-08T02:42:04Z  behind_by=1m23s  rows=117453711  invalid=false
2026-08-08T02:43:04Z  behind_by=13s  rows=117957529  invalid=false
2026-08-08T02:44:04Z  behind_by=1m13s  rows=117957529  invalid=false
2026-08-08T02:45:04Z  behind_by=22s  rows=118304110  invalid=false
2026-08-08T02:46:04Z  behind_by=1m22s  rows=118304110  invalid=false
2026-08-08T02:47:04Z  behind_by=13s  rows=118638749  invalid=false
2026-08-08T02:48:05Z  behind_by=1m13s  rows=118638749  invalid=false
2026-08-08T02:49:05Z  behind_by=24s  rows=119012433  invalid=false
2026-08-08T02:50:05Z  behind_by=1m24s  rows=119012433  invalid=false
2026-08-08T02:51:05Z  behind_by=13s  rows=119355565  invalid=false
2026-08-08T02:52:05Z  behind_by=1m14s  rows=119355565  invalid=false
2026-08-08T02:53:05Z  behind_by=23s  rows=119992219  invalid=false
2026-08-08T02:54:05Z  behind_by=1m24s  rows=119992219  invalid=false
2026-08-08T02:55:05Z  behind_by=13s  rows=120721770  invalid=false
2026-08-08T02:56:05Z  behind_by=1m15s  rows=120721770  invalid=false
2026-08-08T02:57:05Z  behind_by=23s  rows=121339674  invalid=false
2026-08-08T02:58:06Z  behind_by=1m23s  rows=121339674  invalid=false
2026-08-08T02:59:06Z  behind_by=14s  rows=121914806  invalid=false
2026-08-08T03:00:06Z  behind_by=1m15s  rows=121914806  invalid=false
2026-08-08T03:01:06Z  behind_by=24s  rows=122391999  invalid=false
2026-08-08T03:02:06Z  behind_by=1m24s  rows=122391999  invalid=false
2026-08-08T03:03:06Z  behind_by=15s  rows=123124951  invalid=false
2026-08-08T03:04:06Z  behind_by=1m15s  rows=123124951  invalid=false
2026-08-08T03:05:06Z  behind_by=25s  rows=123794637  invalid=false
2026-08-08T03:06:06Z  behind_by=1m25s  rows=123794637  invalid=false
2026-08-08T03:07:07Z  behind_by=16s  rows=124256080  invalid=false
2026-08-08T03:08:07Z  behind_by=1m16s  rows=124256080  invalid=false
2026-08-08T03:09:07Z  behind_by=24s  rows=124800782  invalid=false
2026-08-08T03:10:07Z  behind_by=1m24s  rows=124800782  invalid=false
2026-08-08T03:11:07Z  behind_by=16s  rows=125235547  invalid=false
2026-08-08T03:12:07Z  behind_by=1m16s  rows=125235547  invalid=false
2026-08-08T03:13:07Z  behind_by=23s  rows=125992493  invalid=false
2026-08-08T03:14:07Z  behind_by=1m23s  rows=125992493  invalid=false
2026-08-08T03:15:07Z  behind_by=16s  rows=126365282  invalid=false
2026-08-08T03:16:07Z  behind_by=1m16s  rows=126365282  invalid=false
2026-08-08T03:17:07Z  behind_by=23s  rows=126972534  invalid=false
2026-08-08T03:18:07Z  behind_by=1m23s  rows=126972534  invalid=false
2026-08-08T03:19:08Z  behind_by=17s  rows=127653003  invalid=false
2026-08-08T03:20:08Z  behind_by=1m17s  rows=127653003  invalid=false
2026-08-08T03:21:08Z  behind_by=24s  rows=128173141  invalid=false
2026-08-08T03:22:08Z  behind_by=1m24s  rows=128173141  invalid=false
2026-08-08T03:23:08Z  behind_by=17s  rows=128947741  invalid=false
2026-08-08T03:24:08Z  behind_by=1m17s  rows=128947741  invalid=false
2026-08-08T03:25:09Z  behind_by=24s  rows=129339880  invalid=false
2026-08-08T03:26:09Z  behind_by=18s  rows=129633475  invalid=false
2026-08-08T03:27:09Z  behind_by=18s  rows=130179131  invalid=false
2026-08-08T03:28:09Z  behind_by=1m18s  rows=130179131  invalid=false
2026-08-08T03:29:09Z  behind_by=25s  rows=130668779  invalid=false
2026-08-08T03:30:09Z  behind_by=1m26s  rows=130668779  invalid=false
2026-08-08T03:31:09Z  behind_by=18s  rows=131122683  invalid=false
2026-08-08T03:32:09Z  behind_by=1m18s  rows=131122683  invalid=false
2026-08-08T03:33:09Z  behind_by=26s  rows=131560602  invalid=false
2026-08-08T03:34:09Z  behind_by=1m26s  rows=131560602  invalid=false
2026-08-08T03:35:10Z  behind_by=18s  rows=132217408  invalid=false
2026-08-08T03:36:10Z  behind_by=1m18s  rows=132217408  invalid=false
2026-08-08T03:37:10Z  behind_by=26s  rows=133214250  invalid=false
2026-08-08T03:38:10Z  behind_by=1m26s  rows=133214250  invalid=false
2026-08-08T03:39:10Z  behind_by=17s  rows=133915287  invalid=false
2026-08-08T03:40:10Z  behind_by=1m19s  rows=133915287  invalid=false
2026-08-08T03:41:10Z  behind_by=27s  rows=134353642  invalid=false
2026-08-08T03:42:10Z  behind_by=1m27s  rows=134353642  invalid=false
2026-08-08T03:43:10Z  behind_by=19s  rows=135032717  invalid=false
2026-08-08T03:44:10Z  behind_by=1m19s  rows=135032717  invalid=false
2026-08-08T03:45:10Z  behind_by=27s  rows=135564390  invalid=false
2026-08-08T03:46:11Z  behind_by=1m27s  rows=135564390  invalid=false
2026-08-08T03:47:11Z  behind_by=20s  rows=135990738  invalid=false
2026-08-08T03:48:11Z  behind_by=1m20s  rows=135990738  invalid=false
2026-08-08T03:49:11Z  behind_by=26s  rows=136690531  invalid=false
2026-08-08T03:50:11Z  behind_by=1m26s  rows=136690531  invalid=false
2026-08-08T03:51:11Z  behind_by=20s  rows=137344398  invalid=false
2026-08-08T03:52:11Z  behind_by=1m20s  rows=137344398  invalid=false
2026-08-08T03:53:11Z  behind_by=27s  rows=138013913  invalid=false
2026-08-08T03:54:11Z  behind_by=1m27s  rows=138013913  invalid=false
2026-08-08T03:55:11Z  behind_by=20s  rows=138690782  invalid=false
2026-08-08T03:56:11Z  behind_by=1m20s  rows=138690782  invalid=false
2026-08-08T03:57:11Z  behind_by=27s  rows=139100709  invalid=false
2026-08-08T03:58:12Z  behind_by=1m28s  rows=139100709  invalid=false
2026-08-08T03:59:12Z  behind_by=20s  rows=139379044  invalid=false
2026-08-08T04:00:12Z  behind_by=1m20s  rows=139379044  invalid=false
2026-08-08T04:01:12Z  behind_by=28s  rows=140030328  invalid=false
2026-08-08T04:02:12Z  behind_by=1m29s  rows=140030328  invalid=false
2026-08-08T04:03:12Z  behind_by=21s  rows=140779080  invalid=false
2026-08-08T04:04:12Z  behind_by=1m21s  rows=140779080  invalid=false
2026-08-08T04:05:12Z  behind_by=28s  rows=141539989  invalid=false
2026-08-08T04:06:12Z  behind_by=1m28s  rows=141539989  invalid=false
2026-08-08T04:07:12Z  behind_by=22s  rows=142021656  invalid=false
2026-08-08T04:08:13Z  behind_by=1m22s  rows=142021656  invalid=false
2026-08-08T04:09:13Z  behind_by=29s  rows=142729067  invalid=false
2026-08-08T04:10:13Z  behind_by=1m29s  rows=142729067  invalid=false
2026-08-08T04:11:13Z  behind_by=22s  rows=143123868  invalid=false
2026-08-08T04:12:13Z  behind_by=1m22s  rows=143123868  invalid=false
2026-08-08T04:13:13Z  behind_by=32s  rows=143597463  invalid=false
2026-08-08T04:14:13Z  behind_by=1m32s  rows=143597463  invalid=false
2026-08-08T04:15:13Z  behind_by=23s  rows=144276834  invalid=false
2026-08-08T04:16:14Z  behind_by=1m23s  rows=144276834  invalid=false
2026-08-08T04:17:14Z  behind_by=15s  rows=145479177  invalid=false
2026-08-08T04:18:14Z  behind_by=1m15s  rows=145479177  invalid=false
2026-08-08T04:19:14Z  behind_by=2m15s  rows=145479177  invalid=false
2026-08-08T04:20:14Z  behind_by=3m16s  rows=145479177  invalid=false
2026-08-08T04:21:14Z  behind_by=31s  rows=145992593  invalid=false
2026-08-08T04:22:14Z  behind_by=1m31s  rows=145992593  invalid=false
2026-08-08T04:23:14Z  behind_by=2m31s  rows=145992593  invalid=false
2026-08-08T04:24:14Z  behind_by=3m31s  rows=145992593  invalid=false
2026-08-08T04:25:14Z  behind_by=31s  rows=146603368  invalid=false
2026-08-08T04:26:15Z  behind_by=1m31s  rows=146603368  invalid=false
2026-08-08T04:27:15Z  behind_by=2m31s  rows=146603368  invalid=false
2026-08-08T04:28:15Z  behind_by=3m31s  rows=146603368  invalid=false
2026-08-08T04:29:15Z  behind_by=31s  rows=147434090  invalid=false
2026-08-08T04:30:15Z  behind_by=1m31s  rows=147434090  invalid=false
2026-08-08T04:31:15Z  behind_by=2m31s  rows=147434090  invalid=false
2026-08-08T04:32:15Z  behind_by=3m31s  rows=147434090  invalid=false
2026-08-08T04:33:16Z  behind_by=32s  rows=148006814  invalid=false
2026-08-08T04:34:16Z  behind_by=1m32s  rows=148006814  invalid=false
2026-08-08T04:35:16Z  behind_by=2m32s  rows=148006814  invalid=false
2026-08-08T04:36:16Z  behind_by=3m32s  rows=148006814  invalid=false
2026-08-08T04:37:16Z  behind_by=32s  rows=148501967  invalid=false
2026-08-08T04:38:16Z  behind_by=1m33s  rows=148501967  invalid=false
2026-08-08T04:39:16Z  behind_by=2m33s  rows=148501967  invalid=false
2026-08-08T04:40:16Z  behind_by=3m33s  rows=148501967  invalid=false
2026-08-08T04:41:16Z  behind_by=32s  rows=148989273  invalid=false
2026-08-08T04:42:16Z  behind_by=1m32s  rows=148989273  invalid=false
2026-08-08T04:43:16Z  behind_by=2m32s  rows=148989273  invalid=false
2026-08-08T04:44:17Z  behind_by=3m33s  rows=148989273  invalid=false
2026-08-08T04:45:17Z  behind_by=34s  rows=149517969  invalid=false
2026-08-08T04:46:17Z  behind_by=1m34s  rows=149517969  invalid=false
2026-08-08T04:47:17Z  behind_by=2m34s  rows=149517969  invalid=false
2026-08-08T04:48:17Z  behind_by=3m34s  rows=149517969  invalid=false
2026-08-08T04:49:17Z  behind_by=33s  rows=150055623  invalid=false
2026-08-08T04:50:17Z  behind_by=1m34s  rows=150055623  invalid=false
2026-08-08T04:51:17Z  behind_by=2m34s  rows=150055623  invalid=false
2026-08-08T04:52:17Z  behind_by=3m34s  rows=150055623  invalid=false
2026-08-08T04:53:17Z  behind_by=34s  rows=150520282  invalid=false
2026-08-08T04:54:18Z  behind_by=1m34s  rows=150520282  invalid=false
2026-08-08T04:55:18Z  behind_by=2m34s  rows=150520282  invalid=false
2026-08-08T04:56:18Z  behind_by=3m34s  rows=150520282  invalid=false
2026-08-08T04:57:18Z  behind_by=19s  rows=151592334  invalid=false
2026-08-08T04:58:18Z  behind_by=1m20s  rows=151592334  invalid=false
2026-08-08T04:59:18Z  behind_by=2m20s  rows=151592334  invalid=false
2026-08-08T05:00:18Z  behind_by=3m20s  rows=151592334  invalid=false
2026-08-08T05:01:18Z  behind_by=35s  rows=151989121  invalid=false
2026-08-08T05:02:19Z  behind_by=1m35s  rows=151989121  invalid=false
2026-08-08T05:03:19Z  behind_by=2m35s  rows=151989121  invalid=false
2026-08-08T05:04:19Z  behind_by=3m35s  rows=151989121  invalid=false
2026-08-08T05:05:19Z  behind_by=35s  rows=152656894  invalid=false
2026-08-08T05:06:19Z  behind_by=1m35s  rows=152656894  invalid=false
2026-08-08T05:07:19Z  behind_by=2m36s  rows=152656894  invalid=false
2026-08-08T05:08:19Z  behind_by=3m36s  rows=152656894  invalid=false
2026-08-08T05:09:20Z  behind_by=36s  rows=153342399  invalid=false
2026-08-08T05:10:20Z  behind_by=1m36s  rows=153342399  invalid=false
2026-08-08T05:11:20Z  behind_by=2m36s  rows=153342399  invalid=false
2026-08-08T05:12:20Z  behind_by=3m36s  rows=153342399  invalid=false
2026-08-08T05:13:20Z  behind_by=36s  rows=153939079  invalid=false
2026-08-08T05:14:20Z  behind_by=1m36s  rows=153939079  invalid=false
2026-08-08T05:15:20Z  behind_by=2m36s  rows=153939079  invalid=false
2026-08-08T05:16:20Z  behind_by=3m36s  rows=153939079  invalid=false
2026-08-08T05:17:21Z  behind_by=37s  rows=154406543  invalid=false
2026-08-08T05:18:21Z  behind_by=1m37s  rows=154406543  invalid=false
2026-08-08T05:19:21Z  behind_by=2m37s  rows=154406543  invalid=false
2026-08-08T05:20:21Z  behind_by=3m37s  rows=154406543  invalid=false
2026-08-08T05:21:21Z  behind_by=37s  rows=155279782  invalid=false
2026-08-08T05:22:22Z  behind_by=1m38s  rows=155279782  invalid=false
2026-08-08T05:23:22Z  behind_by=2m38s  rows=155279782  invalid=false
2026-08-08T05:24:22Z  behind_by=3m38s  rows=155279782  invalid=false
2026-08-08T05:25:22Z  behind_by=38s  rows=155911138  invalid=false
2026-08-08T05:26:22Z  behind_by=1m39s  rows=155911138  invalid=false
2026-08-08T05:27:23Z  behind_by=2m39s  rows=155911138  invalid=false
2026-08-08T05:28:23Z  behind_by=3m39s  rows=155911138  invalid=false
2026-08-08T05:29:24Z  behind_by=39s  rows=156275596  invalid=false
2026-08-08T05:30:24Z  behind_by=1m40s  rows=156275596  invalid=false
2026-08-08T05:31:24Z  behind_by=2m40s  rows=156275596  invalid=false
2026-08-08T05:32:24Z  behind_by=3m40s  rows=156275596  invalid=false
2026-08-08T05:33:24Z  behind_by=39s  rows=156880285  invalid=false
2026-08-08T05:34:24Z  behind_by=1m40s  rows=156880285  invalid=false
2026-08-08T05:35:24Z  behind_by=2m40s  rows=156880285  invalid=false
2026-08-08T05:36:24Z  behind_by=3m40s  rows=156880285  invalid=false
2026-08-08T05:37:24Z  behind_by=41s  rows=157541489  invalid=false
2026-08-08T05:38:25Z  behind_by=1m41s  rows=157541489  invalid=false
2026-08-08T05:39:25Z  behind_by=2m41s  rows=157541489  invalid=false
2026-08-08T05:40:25Z  behind_by=3m41s  rows=157541489  invalid=false
2026-08-08T05:41:25Z  behind_by=40s  rows=158170282  invalid=false
2026-08-08T05:42:25Z  behind_by=1m40s  rows=158170282  invalid=false
2026-08-08T05:43:25Z  behind_by=2m40s  rows=158170282  invalid=false
2026-08-08T05:44:25Z  behind_by=3m41s  rows=158170282  invalid=false
2026-08-08T05:45:25Z  behind_by=41s  rows=158717299  invalid=false
2026-08-08T05:46:26Z  behind_by=1m42s  rows=158717299  invalid=false
2026-08-08T05:47:26Z  behind_by=2m42s  rows=158717299  invalid=false
2026-08-08T05:48:26Z  behind_by=3m42s  rows=158717299  invalid=false
2026-08-08T05:49:26Z  behind_by=43s  rows=159504648  invalid=false
2026-08-08T05:50:26Z  behind_by=1m43s  rows=159504648  invalid=false
2026-08-08T05:51:26Z  behind_by=2m43s  rows=159504648  invalid=false
2026-08-08T05:52:26Z  behind_by=3m43s  rows=159504648  invalid=false
2026-08-08T05:53:26Z  behind_by=27s  rows=160095434  invalid=false
2026-08-08T05:54:26Z  behind_by=1m27s  rows=160095434  invalid=false
2026-08-08T05:55:26Z  behind_by=2m27s  rows=160095434  invalid=false
2026-08-08T05:56:26Z  behind_by=3m28s  rows=160095434  invalid=false
2026-08-08T05:57:27Z  behind_by=28s  rows=160710855  invalid=false
2026-08-08T05:58:27Z  behind_by=1m28s  rows=160710855  invalid=false
2026-08-08T05:59:27Z  behind_by=2m28s  rows=160710855  invalid=false
2026-08-08T06:00:27Z  behind_by=3m28s  rows=160710855  invalid=false
2026-08-08T06:01:27Z  behind_by=29s  rows=161188103  invalid=false
2026-08-08T06:02:27Z  behind_by=1m29s  rows=161188103  invalid=false
2026-08-08T06:03:27Z  behind_by=2m29s  rows=161188103  invalid=false
2026-08-08T06:04:27Z  behind_by=3m29s  rows=161188103  invalid=false
2026-08-08T06:05:27Z  behind_by=29s  rows=161759500  invalid=false
2026-08-08T06:06:28Z  behind_by=1m29s  rows=161759500  invalid=false
2026-08-08T06:07:28Z  behind_by=2m30s  rows=161759500  invalid=false
2026-08-08T06:08:28Z  behind_by=3m30s  rows=161759500  invalid=false
2026-08-08T06:09:29Z  behind_by=30s  rows=162340988  invalid=false
2026-08-08T06:10:29Z  behind_by=1m31s  rows=162340988  invalid=false
2026-08-08T06:11:30Z  behind_by=2m31s  rows=162340988  invalid=false
2026-08-08T06:12:30Z  behind_by=3m32s  rows=162340988  invalid=false
2026-08-08T06:13:30Z  behind_by=24s  rows=163718992  invalid=false
2026-08-08T06:14:30Z  behind_by=1m24s  rows=163718992  invalid=false
2026-08-08T06:15:31Z  behind_by=2m24s  rows=1165717  invalid=false
2026-08-08T06:16:31Z  behind_by=3m24s  rows=1165717  invalid=false
2026-08-08T06:17:31Z  behind_by=32s  rows=1920615  invalid=false
2026-08-08T06:18:31Z  behind_by=1m33s  rows=1920615  invalid=false
2026-08-08T06:19:32Z  behind_by=2m33s  rows=1920615  invalid=false
2026-08-08T06:20:32Z  behind_by=3m32s  rows=1920615  invalid=false
2026-08-08T06:21:32Z  behind_by=34s  rows=2364580  invalid=false
2026-08-08T06:22:32Z  behind_by=1m34s  rows=2364580  invalid=false
2026-08-08T06:23:33Z  behind_by=2m34s  rows=2364580  invalid=false
2026-08-08T06:24:33Z  behind_by=3m34s  rows=2364580  invalid=false
2026-08-08T06:25:33Z  behind_by=34s  rows=2860534  invalid=false
2026-08-08T06:26:33Z  behind_by=1m34s  rows=2860534  invalid=false
2026-08-08T06:27:33Z  behind_by=2m34s  rows=2860534  invalid=false
2026-08-08T06:28:33Z  behind_by=3m34s  rows=2860534  invalid=false
2026-08-08T06:29:33Z  behind_by=34s  rows=3402136  invalid=false
2026-08-08T06:30:33Z  behind_by=1m35s  rows=3402136  invalid=false
2026-08-08T06:31:34Z  behind_by=2m35s  rows=3402136  invalid=false
2026-08-08T06:32:34Z  behind_by=3m35s  rows=3402136  invalid=false
2026-08-08T06:33:34Z  behind_by=35s  rows=4232715  invalid=false
2026-08-08T06:34:34Z  behind_by=1m35s  rows=4232715  invalid=false
2026-08-08T06:35:34Z  behind_by=2m35s  rows=4232715  invalid=false
2026-08-08T06:36:35Z  behind_by=3m36s  rows=4232715  invalid=false
2026-08-08T06:37:35Z  behind_by=36s  rows=4614195  invalid=false
2026-08-08T06:38:35Z  behind_by=1m36s  rows=4614195  invalid=false
2026-08-08T06:39:35Z  behind_by=2m36s  rows=4614195  invalid=false
2026-08-08T06:40:35Z  behind_by=3m36s  rows=4614195  invalid=false
2026-08-08T06:41:35Z  behind_by=36s  rows=4983062  invalid=false
2026-08-08T06:42:35Z  behind_by=1m36s  rows=4983062  invalid=false
2026-08-08T06:43:35Z  behind_by=2m36s  rows=4983062  invalid=false
2026-08-08T06:44:35Z  behind_by=3m37s  rows=4983062  invalid=false
2026-08-08T06:45:35Z  behind_by=37s  rows=5677643  invalid=false
2026-08-08T06:46:36Z  behind_by=1m37s  rows=5677643  invalid=false
2026-08-08T06:47:36Z  behind_by=2m37s  rows=5677643  invalid=false
2026-08-08T06:48:36Z  behind_by=3m37s  rows=5677643  invalid=false
2026-08-08T06:49:36Z  behind_by=37s  rows=6326484  invalid=false
2026-08-08T06:50:36Z  behind_by=1m37s  rows=6326484  invalid=false
2026-08-08T06:51:36Z  behind_by=2m37s  rows=6326484  invalid=false
2026-08-08T06:52:36Z  behind_by=3m37s  rows=6326484  invalid=false
2026-08-08T06:53:36Z  behind_by=38s  rows=6871161  invalid=false
2026-08-08T06:54:36Z  behind_by=1m38s  rows=6871161  invalid=false
2026-08-08T06:55:36Z  behind_by=2m38s  rows=6871161  invalid=false
2026-08-08T06:56:36Z  behind_by=3m38s  rows=6871161  invalid=false
2026-08-08T06:57:37Z  behind_by=37s  rows=7558051  invalid=false
2026-08-08T06:58:37Z  behind_by=1m37s  rows=7558051  invalid=false
2026-08-08T06:59:37Z  behind_by=2m37s  rows=7558051  invalid=false
2026-08-08T07:00:37Z  behind_by=3m37s  rows=7558051  invalid=false
2026-08-08T07:01:38Z  behind_by=39s  rows=8179010  invalid=false
2026-08-08T07:02:38Z  behind_by=1m39s  rows=8179010  invalid=false
2026-08-08T07:03:38Z  behind_by=2m39s  rows=8179010  invalid=false
2026-08-08T07:04:38Z  behind_by=3m40s  rows=8179010  invalid=false
2026-08-08T07:05:39Z  behind_by=40s  rows=8833743  invalid=false
2026-08-08T07:06:39Z  behind_by=1m40s  rows=8833743  invalid=false
2026-08-08T07:07:39Z  behind_by=2m41s  rows=8833743  invalid=false
2026-08-08T07:08:40Z  behind_by=3m41s  rows=8833743  invalid=false
2026-08-08T07:09:40Z  behind_by=41s  rows=9374343  invalid=false
2026-08-08T07:10:40Z  behind_by=1m41s  rows=9374343  invalid=false
2026-08-08T07:11:40Z  behind_by=2m41s  rows=9374343  invalid=false
2026-08-08T07:12:40Z  behind_by=3m42s  rows=9374343  invalid=false
2026-08-08T07:13:40Z  behind_by=42s  rows=10237774  invalid=false
2026-08-08T07:14:40Z  behind_by=1m42s  rows=10237774  invalid=false
2026-08-08T07:15:40Z  behind_by=20s  rows=10911269  invalid=false
2026-08-08T07:16:41Z  behind_by=1m20s  rows=10911269  invalid=false
2026-08-08T07:17:41Z  behind_by=42s  rows=11357831  invalid=false
2026-08-08T07:18:41Z  behind_by=21s  rows=11900914  invalid=false
2026-08-08T07:19:41Z  behind_by=19s  rows=12370324  invalid=false
2026-08-08T07:20:41Z  behind_by=1m19s  rows=12370324  invalid=false
2026-08-08T07:21:41Z  behind_by=2m20s  rows=12370324  invalid=false
2026-08-08T07:22:41Z  behind_by=21s  rows=12888438  invalid=false
2026-08-08T07:23:41Z  behind_by=20s  rows=13597071  invalid=false
2026-08-08T07:24:41Z  behind_by=1m20s  rows=13597071  invalid=false
2026-08-08T07:25:41Z  behind_by=2m21s  rows=13597071  invalid=false
2026-08-08T07:26:41Z  behind_by=21s  rows=14167993  invalid=false
2026-08-08T07:27:42Z  behind_by=20s  rows=14939266  invalid=false
2026-08-08T07:28:42Z  behind_by=1m20s  rows=14939266  invalid=false
2026-08-08T07:29:42Z  behind_by=2m21s  rows=14939266  invalid=false
2026-08-08T07:30:42Z  behind_by=22s  rows=15731914  invalid=false
2026-08-08T07:31:42Z  behind_by=21s  rows=16177125  invalid=false
2026-08-08T07:32:42Z  behind_by=1m21s  rows=16177125  invalid=false
2026-08-08T07:33:42Z  behind_by=2m21s  rows=16177125  invalid=false
2026-08-08T07:34:42Z  behind_by=22s  rows=16721671  invalid=false
2026-08-08T07:35:42Z  behind_by=21s  rows=17289312  invalid=false
2026-08-08T07:36:42Z  behind_by=1m21s  rows=17289312  invalid=false
2026-08-08T07:37:43Z  behind_by=2m21s  rows=17289312  invalid=false
2026-08-08T07:38:43Z  behind_by=23s  rows=17805953  invalid=false
2026-08-08T07:39:43Z  behind_by=21s  rows=18571861  invalid=false
2026-08-08T07:40:43Z  behind_by=1m21s  rows=18571861  invalid=false
2026-08-08T07:41:43Z  behind_by=2m21s  rows=18571861  invalid=false
2026-08-08T07:42:43Z  behind_by=23s  rows=18926915  invalid=false
2026-08-08T07:43:43Z  behind_by=22s  rows=19463251  invalid=false
2026-08-08T07:44:43Z  behind_by=1m22s  rows=19463251  invalid=false
2026-08-08T07:45:43Z  behind_by=2m22s  rows=19463251  invalid=false
2026-08-08T07:46:43Z  behind_by=24s  rows=19868526  invalid=false
2026-08-08T07:47:43Z  behind_by=23s  rows=20236868  invalid=false
2026-08-08T07:48:44Z  behind_by=1m23s  rows=20236868  invalid=false
2026-08-08T07:49:44Z  behind_by=2m23s  rows=20236868  invalid=false
2026-08-08T07:50:44Z  behind_by=24s  rows=21063349  invalid=false
2026-08-08T07:51:44Z  behind_by=24s  rows=21853505  invalid=false
2026-08-08T07:52:44Z  behind_by=1m24s  rows=21853505  invalid=false
2026-08-08T07:53:44Z  behind_by=2m24s  rows=21853505  invalid=false
2026-08-08T07:54:44Z  behind_by=24s  rows=22468286  invalid=false
2026-08-08T07:55:44Z  behind_by=23s  rows=23072772  invalid=false
2026-08-08T07:56:44Z  behind_by=1m23s  rows=23072772  invalid=false
2026-08-08T07:57:45Z  behind_by=2m23s  rows=23072772  invalid=false
2026-08-08T07:58:45Z  behind_by=25s  rows=23510729  invalid=false
2026-08-08T07:59:45Z  behind_by=24s  rows=24027924  invalid=false
2026-08-08T08:00:45Z  behind_by=1m24s  rows=24027924  invalid=false
2026-08-08T08:01:45Z  behind_by=2m24s  rows=24027924  invalid=false
2026-08-08T08:02:45Z  behind_by=25s  rows=24767359  invalid=false
2026-08-08T08:03:45Z  behind_by=24s  rows=25917676  invalid=false
2026-08-08T08:04:45Z  behind_by=1m24s  rows=25917676  invalid=false
2026-08-08T08:05:45Z  behind_by=2m24s  rows=25917676  invalid=false
2026-08-08T08:06:46Z  behind_by=26s  rows=26553100  invalid=false
2026-08-08T08:07:46Z  behind_by=25s  rows=26999503  invalid=false
2026-08-08T08:08:46Z  behind_by=1m25s  rows=26999503  invalid=false
2026-08-08T08:09:46Z  behind_by=2m26s  rows=26999503  invalid=false
2026-08-08T08:10:47Z  behind_by=27s  rows=27503164  invalid=false
2026-08-08T08:11:47Z  behind_by=26s  rows=28126381  invalid=false
2026-08-08T08:12:47Z  behind_by=1m26s  rows=28126381  invalid=false
2026-08-08T08:13:47Z  behind_by=2m26s  rows=28126381  invalid=false
2026-08-08T08:14:47Z  behind_by=28s  rows=28781259  invalid=false
2026-08-08T08:15:47Z  behind_by=26s  rows=29318649  invalid=false
2026-08-08T08:16:48Z  behind_by=1m26s  rows=29318649  invalid=false
2026-08-08T08:17:48Z  behind_by=2m26s  rows=29318649  invalid=false
2026-08-08T08:18:48Z  behind_by=28s  rows=29789082  invalid=false
2026-08-08T08:19:48Z  behind_by=27s  rows=30461014  invalid=false
2026-08-08T08:20:48Z  behind_by=1m27s  rows=30461014  invalid=false
2026-08-08T08:21:48Z  behind_by=2m27s  rows=30461014  invalid=false
2026-08-08T08:22:48Z  behind_by=27s  rows=30917809  invalid=false
2026-08-08T08:23:48Z  behind_by=27s  rows=31710844  invalid=false
2026-08-08T08:24:48Z  behind_by=1m27s  rows=31710844  invalid=false
2026-08-08T08:25:49Z  behind_by=2m27s  rows=31710844  invalid=false
2026-08-08T08:26:49Z  behind_by=28s  rows=33085233  invalid=false
2026-08-08T08:27:49Z  behind_by=1m29s  rows=33085233  invalid=false
2026-08-08T08:28:49Z  behind_by=2m29s  rows=33085233  invalid=false
2026-08-08T08:29:49Z  behind_by=3m29s  rows=33085233  invalid=false
2026-08-08T08:30:49Z  behind_by=30s  rows=34569581  invalid=false
2026-08-08T08:31:49Z  behind_by=1m30s  rows=34569581  invalid=false
2026-08-08T08:32:49Z  behind_by=2m30s  rows=34569581  invalid=false
2026-08-08T08:33:49Z  behind_by=3m30s  rows=34569581  invalid=false
2026-08-08T08:34:50Z  behind_by=1m12s  rows=35453923  invalid=false
2026-08-08T08:35:50Z  behind_by=2m12s  rows=35453923  invalid=false
2026-08-08T08:36:50Z  behind_by=3m12s  rows=35453923  invalid=false
2026-08-08T08:37:50Z  behind_by=4m12s  rows=35453923  invalid=false
2026-08-08T08:38:50Z  behind_by=1m11s  rows=35857268  invalid=false
2026-08-08T08:39:50Z  behind_by=2m12s  rows=35857268  invalid=false
2026-08-08T08:40:50Z  behind_by=3m12s  rows=35857268  invalid=false
2026-08-08T08:41:50Z  behind_by=4m12s  rows=35857268  invalid=false
2026-08-08T08:42:51Z  behind_by=55s  rows=36852204  invalid=false
2026-08-08T08:43:51Z  behind_by=1m56s  rows=36852204  invalid=false
2026-08-08T08:44:51Z  behind_by=2m56s  rows=36852204  invalid=false
2026-08-08T08:45:51Z  behind_by=3m56s  rows=36852204  invalid=false
2026-08-08T08:46:51Z  behind_by=1m13s  rows=37496768  invalid=false
2026-08-08T08:47:51Z  behind_by=2m13s  rows=37496768  invalid=false
2026-08-08T08:48:51Z  behind_by=3m13s  rows=37496768  invalid=false
2026-08-08T08:49:51Z  behind_by=4m13s  rows=37496768  invalid=false
2026-08-08T08:50:51Z  behind_by=1m13s  rows=38164505  invalid=false
2026-08-08T08:51:51Z  behind_by=2m12s  rows=38164505  invalid=false
2026-08-08T08:52:51Z  behind_by=3m13s  rows=38164505  invalid=false
2026-08-08T08:53:52Z  behind_by=4m13s  rows=38164505  invalid=false
2026-08-08T08:54:52Z  behind_by=31s  rows=1886012  invalid=false
2026-08-08T08:55:52Z  behind_by=1m31s  rows=1886012  invalid=false
2026-08-08T08:56:52Z  behind_by=2m32s  rows=1886012  invalid=false
2026-08-08T08:57:52Z  behind_by=3m32s  rows=1886012  invalid=false
2026-08-08T08:58:52Z  behind_by=32s  rows=3483728  invalid=false
2026-08-08T08:59:52Z  behind_by=1m32s  rows=3483728  invalid=false
2026-08-08T09:00:52Z  behind_by=2m33s  rows=3483728  invalid=false
2026-08-08T09:01:52Z  behind_by=3m33s  rows=3483728  invalid=false
2026-08-08T09:02:52Z  behind_by=32s  rows=4567197  invalid=false
2026-08-08T09:03:52Z  behind_by=1m32s  rows=4567197  invalid=false
2026-08-08T09:04:53Z  behind_by=2m32s  rows=4567197  invalid=false
2026-08-08T09:05:53Z  behind_by=3m33s  rows=4567197  invalid=false
2026-08-08T09:06:53Z  behind_by=32s  rows=5675105  invalid=false
2026-08-08T09:07:53Z  behind_by=1m33s  rows=5675105  invalid=false
2026-08-08T09:08:53Z  behind_by=2m33s  rows=5675105  invalid=false
2026-08-08T09:09:53Z  behind_by=14s  rows=6496907  invalid=false
2026-08-08T09:10:53Z  behind_by=33s  rows=7001115  invalid=false
2026-08-08T09:11:53Z  behind_by=1m33s  rows=7001115  invalid=false
2026-08-08T09:12:53Z  behind_by=2m33s  rows=7001115  invalid=false
2026-08-08T09:13:53Z  behind_by=15s  rows=7620499  invalid=false
2026-08-08T09:14:54Z  behind_by=34s  rows=7986339  invalid=false
2026-08-08T09:15:54Z  behind_by=1m34s  rows=7986339  invalid=false
2026-08-08T09:16:54Z  behind_by=2m34s  rows=7986339  invalid=false
2026-08-08T09:17:54Z  behind_by=3m34s  rows=7986339  invalid=false
2026-08-08T09:18:54Z  behind_by=34s  rows=9283240  invalid=false
2026-08-08T09:19:54Z  behind_by=1m34s  rows=9283240  invalid=false
2026-08-08T09:20:54Z  behind_by=2m34s  rows=9283240  invalid=false
2026-08-08T09:21:54Z  behind_by=16s  rows=10168008  invalid=false
2026-08-08T09:22:54Z  behind_by=34s  rows=10696340  invalid=false
2026-08-08T09:23:54Z  behind_by=1m34s  rows=10696340  invalid=false
2026-08-08T09:24:54Z  behind_by=2m34s  rows=10696340  invalid=false
2026-08-08T09:25:55Z  behind_by=17s  rows=11370054  invalid=false
2026-08-08T09:26:55Z  behind_by=35s  rows=11863119  invalid=false
2026-08-08T09:27:55Z  behind_by=1m35s  rows=11863119  invalid=false
2026-08-08T09:28:55Z  behind_by=2m35s  rows=11863119  invalid=false
2026-08-08T09:29:55Z  behind_by=17s  rows=12282112  invalid=false
2026-08-08T09:30:55Z  behind_by=35s  rows=12931648  invalid=false
2026-08-08T09:31:56Z  behind_by=1m36s  rows=12931648  invalid=false
2026-08-08T09:32:56Z  behind_by=2m36s  rows=12931648  invalid=false
2026-08-08T09:33:56Z  behind_by=18s  rows=13339177  invalid=false
2026-08-08T09:34:56Z  behind_by=36s  rows=13798392  invalid=false
2026-08-08T09:35:56Z  behind_by=1m37s  rows=13798392  invalid=false
2026-08-08T09:36:56Z  behind_by=2m37s  rows=13798392  invalid=false
2026-08-08T09:37:56Z  behind_by=18s  rows=14604400  invalid=false
2026-08-08T09:38:56Z  behind_by=37s  rows=15334915  invalid=false
2026-08-08T09:39:56Z  behind_by=1m37s  rows=15334915  invalid=false
2026-08-08T09:40:56Z  behind_by=2m37s  rows=15334915  invalid=false
2026-08-08T09:41:57Z  behind_by=19s  rows=15738309  invalid=false
2026-08-08T09:42:57Z  behind_by=37s  rows=16058722  invalid=false
2026-08-08T09:43:57Z  behind_by=1m37s  rows=16058722  invalid=false
2026-08-08T09:44:57Z  behind_by=2m37s  rows=16058722  invalid=false
2026-08-08T09:45:57Z  behind_by=19s  rows=16858733  invalid=false
2026-08-08T09:46:57Z  behind_by=37s  rows=17361475  invalid=false
2026-08-08T09:47:57Z  behind_by=1m37s  rows=17361475  invalid=false
2026-08-08T09:48:57Z  behind_by=2m38s  rows=17361475  invalid=false
2026-08-08T09:49:57Z  behind_by=19s  rows=17945901  invalid=false
2026-08-08T09:50:58Z  behind_by=37s  rows=18347153  invalid=false
2026-08-08T09:51:58Z  behind_by=1m37s  rows=18347153  invalid=false
2026-08-08T09:52:58Z  behind_by=2m38s  rows=18347153  invalid=false
2026-08-08T09:53:58Z  behind_by=20s  rows=19253660  invalid=false
2026-08-08T09:54:58Z  behind_by=39s  rows=19928596  invalid=false
2026-08-08T09:55:58Z  behind_by=1m39s  rows=19928596  invalid=false
2026-08-08T09:56:58Z  behind_by=2m39s  rows=19928596  invalid=false
2026-08-08T09:57:58Z  behind_by=20s  rows=20981488  invalid=false
2026-08-08T09:58:58Z  behind_by=39s  rows=21552146  invalid=false
2026-08-08T09:59:58Z  behind_by=1m39s  rows=21552146  invalid=false
2026-08-08T10:00:58Z  behind_by=2m39s  rows=21552146  invalid=false
2026-08-08T10:01:59Z  behind_by=21s  rows=22327906  invalid=false
2026-08-08T10:02:59Z  behind_by=39s  rows=22929261  invalid=false
2026-08-08T10:03:59Z  behind_by=1m40s  rows=22929261  invalid=false
2026-08-08T10:05:00Z  behind_by=2m40s  rows=22929261  invalid=false
2026-08-08T10:06:00Z  behind_by=21s  rows=23316304  invalid=false
2026-08-08T10:07:00Z  behind_by=40s  rows=23901426  invalid=false
2026-08-08T10:08:00Z  behind_by=1m40s  rows=23901426  invalid=false
2026-08-08T10:09:00Z  behind_by=2m40s  rows=23901426  invalid=false
2026-08-08T10:10:00Z  behind_by=22s  rows=24677303  invalid=false
2026-08-08T10:11:00Z  behind_by=40s  rows=25162439  invalid=false
2026-08-08T10:12:01Z  behind_by=1m40s  rows=25162439  invalid=false
2026-08-08T10:13:01Z  behind_by=56s  rows=25754905  invalid=false
2026-08-08T10:14:01Z  behind_by=22s  rows=26434089  invalid=false
2026-08-08T10:15:01Z  behind_by=41s  rows=26851929  invalid=false
2026-08-08T10:16:02Z  behind_by=57s  rows=27559363  invalid=false
2026-08-08T10:17:02Z  behind_by=58s  rows=28355411  invalid=false
2026-08-08T10:18:02Z  behind_by=24s  rows=28858628  invalid=false
2026-08-08T10:19:03Z  behind_by=1m24s  rows=28858628  invalid=false
2026-08-08T10:20:03Z  behind_by=59s  rows=29441894  invalid=false
2026-08-08T10:21:03Z  behind_by=1m  rows=29936556  invalid=false
2026-08-08T10:22:04Z  behind_by=26s  rows=30840244  invalid=false
2026-08-08T10:23:04Z  behind_by=1m26s  rows=30840244  invalid=false
2026-08-08T10:24:05Z  behind_by=1m1s  rows=31382257  invalid=false
2026-08-08T10:25:06Z  behind_by=1m1s  rows=31864070  invalid=false
2026-08-08T10:26:06Z  behind_by=27s  rows=32272045  invalid=false
2026-08-08T10:27:06Z  behind_by=1m27s  rows=32272045  invalid=false
2026-08-08T10:28:06Z  behind_by=1m4s  rows=32751694  invalid=false
2026-08-08T10:29:08Z  behind_by=1m3s  rows=33528778  invalid=false
2026-08-08T10:30:08Z  behind_by=29s  rows=34014536  invalid=false
2026-08-08T10:31:08Z  behind_by=1m30s  rows=34014536  invalid=false
2026-08-08T10:32:09Z  behind_by=1m5s  rows=34598019  invalid=false
2026-08-08T10:33:09Z  behind_by=1m4s  rows=35287369  invalid=false
2026-08-08T10:34:09Z  behind_by=30s  rows=35795984  invalid=false
2026-08-08T10:35:09Z  behind_by=1m30s  rows=35795984  invalid=false
2026-08-08T10:36:10Z  behind_by=1m6s  rows=36616689  invalid=false
2026-08-08T10:37:10Z  behind_by=1m5s  rows=37315977  invalid=false
2026-08-08T10:38:10Z  behind_by=31s  rows=37977204  invalid=false
2026-08-08T10:39:10Z  behind_by=1m32s  rows=37977204  invalid=false
2026-08-08T10:40:11Z  behind_by=1m8s  rows=38660830  invalid=false
2026-08-08T10:41:11Z  behind_by=2m8s  rows=38660830  invalid=false
2026-08-08T10:42:11Z  behind_by=33s  rows=39078423  invalid=false
2026-08-08T10:43:11Z  behind_by=1m33s  rows=39078423  invalid=false
2026-08-08T10:44:12Z  behind_by=1m8s  rows=39672648  invalid=false
2026-08-08T10:45:12Z  behind_by=2m8s  rows=39672648  invalid=false
2026-08-08T10:46:12Z  behind_by=33s  rows=40116159  invalid=false
2026-08-08T10:47:12Z  behind_by=1m34s  rows=40116159  invalid=false
2026-08-08T10:48:13Z  behind_by=1m9s  rows=40526664  invalid=false
2026-08-08T10:49:13Z  behind_by=2m9s  rows=40526664  invalid=false
2026-08-08T10:50:13Z  behind_by=34s  rows=41225432  invalid=false
2026-08-08T10:51:13Z  behind_by=10s  rows=42156089  invalid=false
2026-08-08T10:52:14Z  behind_by=1m10s  rows=42156089  invalid=false
2026-08-08T10:53:14Z  behind_by=2m10s  rows=42156089  invalid=false
2026-08-08T10:54:14Z  behind_by=36s  rows=42902341  invalid=false
2026-08-08T10:55:14Z  behind_by=10s  rows=43503560  invalid=false
2026-08-08T10:56:14Z  behind_by=1m11s  rows=43503560  invalid=false
2026-08-08T10:57:14Z  behind_by=2m11s  rows=43503560  invalid=false
2026-08-08T10:58:14Z  behind_by=35s  rows=44235260  invalid=false
2026-08-08T10:59:15Z  behind_by=11s  rows=44741649  invalid=false
2026-08-08T11:00:15Z  behind_by=1m11s  rows=44741649  invalid=false
2026-08-08T11:01:16Z  behind_by=2m12s  rows=44741649  invalid=false
2026-08-08T11:02:16Z  behind_by=38s  rows=45568368  invalid=false
2026-08-08T11:03:16Z  behind_by=13s  rows=46089690  invalid=false
2026-08-08T11:04:16Z  behind_by=1m13s  rows=46089690  invalid=false
2026-08-08T11:05:16Z  behind_by=2m13s  rows=46089690  invalid=false
2026-08-08T11:06:16Z  behind_by=38s  rows=46956106  invalid=false
2026-08-08T11:07:17Z  behind_by=13s  rows=47794664  invalid=false
2026-08-08T11:08:17Z  behind_by=1m14s  rows=47794664  invalid=false
2026-08-08T11:09:17Z  behind_by=2m14s  rows=47794664  invalid=false
2026-08-08T11:10:17Z  behind_by=39s  rows=48261999  invalid=false
2026-08-08T11:11:17Z  behind_by=14s  rows=48696683  invalid=false
2026-08-08T11:12:17Z  behind_by=1m14s  rows=48696683  invalid=false
2026-08-08T11:13:17Z  behind_by=2m14s  rows=48696683  invalid=false
2026-08-08T11:14:17Z  behind_by=39s  rows=49346201  invalid=false
2026-08-08T11:15:17Z  behind_by=14s  rows=49923496  invalid=false
2026-08-08T11:16:18Z  behind_by=14s  rows=50628858  invalid=false
2026-08-08T11:17:18Z  behind_by=1m14s  rows=50628858  invalid=false
2026-08-08T11:18:18Z  behind_by=40s  rows=51574450  invalid=false
2026-08-08T11:19:18Z  behind_by=15s  rows=52186165  invalid=false
2026-08-08T11:20:18Z  behind_by=14s  rows=52841546  invalid=false
2026-08-08T11:21:18Z  behind_by=1m14s  rows=52841546  invalid=false
2026-08-08T11:22:18Z  behind_by=39s  rows=53462901  invalid=false
2026-08-08T11:23:18Z  behind_by=15s  rows=53812098  invalid=false
2026-08-08T11:24:18Z  behind_by=14s  rows=54374236  invalid=false
2026-08-08T11:25:18Z  behind_by=1m14s  rows=54374236  invalid=false
2026-08-08T11:26:18Z  behind_by=39s  rows=54954767  invalid=false
2026-08-08T11:27:19Z  behind_by=14s  rows=55601051  invalid=false
2026-08-08T11:28:19Z  behind_by=15s  rows=55986891  invalid=false
2026-08-08T11:29:19Z  behind_by=1m14s  rows=55986891  invalid=false
2026-08-08T11:30:19Z  behind_by=41s  rows=56407009  invalid=false
2026-08-08T11:31:19Z  behind_by=15s  rows=56880409  invalid=false
2026-08-08T11:32:19Z  behind_by=15s  rows=57606405  invalid=false
2026-08-08T11:33:19Z  behind_by=1m15s  rows=57606405  invalid=false
2026-08-08T11:34:20Z  behind_by=41s  rows=58235680  invalid=false
2026-08-08T11:35:20Z  behind_by=16s  rows=58861648  invalid=false
2026-08-08T11:36:20Z  behind_by=16s  rows=59533478  invalid=false
2026-08-08T11:37:20Z  behind_by=1m16s  rows=59533478  invalid=false
2026-08-08T11:38:20Z  behind_by=41s  rows=60184998  invalid=false
2026-08-08T11:39:20Z  behind_by=17s  rows=60816574  invalid=false
2026-08-08T11:40:20Z  behind_by=15s  rows=61435680  invalid=false
2026-08-08T11:41:20Z  behind_by=1m15s  rows=61435680  invalid=false
2026-08-08T11:42:20Z  behind_by=42s  rows=62008521  invalid=false
2026-08-08T11:43:20Z  behind_by=17s  rows=62908854  invalid=false
2026-08-08T11:44:20Z  behind_by=17s  rows=63552203  invalid=false
2026-08-08T11:45:21Z  behind_by=1m17s  rows=63552203  invalid=false
2026-08-08T11:46:21Z  behind_by=42s  rows=64134932  invalid=false
2026-08-08T11:47:21Z  behind_by=18s  rows=64582474  invalid=false
2026-08-08T11:48:21Z  behind_by=17s  rows=64996625  invalid=false
2026-08-08T11:49:21Z  behind_by=1m17s  rows=64996625  invalid=false
2026-08-08T11:50:21Z  behind_by=43s  rows=65457101  invalid=false
2026-08-08T11:51:21Z  behind_by=18s  rows=66039269  invalid=false
2026-08-08T11:52:22Z  behind_by=17s  rows=66538140  invalid=false
2026-08-08T11:53:22Z  behind_by=1m17s  rows=66538140  invalid=false
2026-08-08T11:54:22Z  behind_by=43s  rows=67002784  invalid=false
2026-08-08T11:55:22Z  behind_by=20s  rows=67355823  invalid=false
2026-08-08T11:56:22Z  behind_by=18s  rows=67691958  invalid=false
2026-08-08T11:57:22Z  behind_by=1m18s  rows=67691958  invalid=false
2026-08-08T11:58:22Z  behind_by=43s  rows=68514988  invalid=false
2026-08-08T11:59:22Z  behind_by=19s  rows=69345103  invalid=false
2026-08-08T12:00:22Z  behind_by=17s  rows=70158566  invalid=false
2026-08-08T12:01:22Z  behind_by=1m17s  rows=70158566  invalid=false
2026-08-08T12:02:23Z  behind_by=44s  rows=71040213  invalid=false
2026-08-08T12:03:23Z  behind_by=19s  rows=71689304  invalid=false
2026-08-08T12:04:23Z  behind_by=19s  rows=72435648  invalid=false
2026-08-08T12:05:23Z  behind_by=1m19s  rows=72435648  invalid=false
2026-08-08T12:06:23Z  behind_by=47s  rows=73487593  invalid=false
2026-08-08T12:07:23Z  behind_by=20s  rows=74012311  invalid=false
2026-08-08T12:08:24Z  behind_by=20s  rows=74623706  invalid=false
2026-08-08T12:09:24Z  behind_by=1m20s  rows=74623706  invalid=false
2026-08-08T12:10:24Z  behind_by=45s  rows=75172970  invalid=false
2026-08-08T12:11:24Z  behind_by=21s  rows=75742501  invalid=false
2026-08-08T12:12:24Z  behind_by=20s  rows=76560036  invalid=false
2026-08-08T12:13:24Z  behind_by=1m20s  rows=76560036  invalid=false
2026-08-08T12:14:24Z  behind_by=46s  rows=76944939  invalid=false
2026-08-08T12:15:24Z  behind_by=21s  rows=77670266  invalid=false
2026-08-08T12:16:24Z  behind_by=20s  rows=78294647  invalid=false
2026-08-08T12:17:25Z  behind_by=1m20s  rows=78294647  invalid=false
2026-08-08T12:18:25Z  behind_by=46s  rows=78999691  invalid=false
2026-08-08T12:19:25Z  behind_by=21s  rows=79699207  invalid=false
2026-08-08T12:20:25Z  behind_by=21s  rows=80404549  invalid=false
2026-08-08T12:21:25Z  behind_by=1m21s  rows=80404549  invalid=false
2026-08-08T12:22:25Z  behind_by=2m21s  rows=80404549  invalid=false
2026-08-08T12:23:25Z  behind_by=22s  rows=80878683  invalid=false
2026-08-08T12:24:25Z  behind_by=21s  rows=81418055  invalid=false
2026-08-08T12:25:26Z  behind_by=1m21s  rows=81418055  invalid=false
2026-08-08T12:26:26Z  behind_by=2m21s  rows=81418055  invalid=false
2026-08-08T12:27:26Z  behind_by=23s  rows=82167309  invalid=false
2026-08-08T12:28:26Z  behind_by=22s  rows=82543376  invalid=false
2026-08-08T12:29:26Z  behind_by=1m22s  rows=82543376  invalid=false
2026-08-08T12:30:26Z  behind_by=2m22s  rows=82543376  invalid=false
2026-08-08T12:31:26Z  behind_by=22s  rows=83268002  invalid=false
2026-08-08T12:32:26Z  behind_by=24s  rows=83723699  invalid=false
2026-08-08T12:33:26Z  behind_by=1m24s  rows=83723699  invalid=false
2026-08-08T12:34:26Z  behind_by=2m24s  rows=83723699  invalid=false
2026-08-08T12:35:26Z  behind_by=23s  rows=84616329  invalid=false
2026-08-08T12:36:27Z  behind_by=22s  rows=85030546  invalid=false
2026-08-08T12:37:27Z  behind_by=1m22s  rows=85030546  invalid=false
2026-08-08T12:38:27Z  behind_by=2m22s  rows=85030546  invalid=false
2026-08-08T12:39:27Z  behind_by=23s  rows=85738596  invalid=false
2026-08-08T12:40:27Z  behind_by=23s  rows=86322767  invalid=false
2026-08-08T12:41:27Z  behind_by=1m23s  rows=86322767  invalid=false
2026-08-08T12:42:27Z  behind_by=2m23s  rows=86322767  invalid=false
2026-08-08T12:43:27Z  behind_by=25s  rows=86876356  invalid=false
2026-08-08T12:44:28Z  behind_by=24s  rows=87454094  invalid=false
2026-08-08T12:45:28Z  behind_by=1m24s  rows=87454094  invalid=false
2026-08-08T12:46:28Z  behind_by=2m24s  rows=87454094  invalid=false
2026-08-08T12:47:28Z  behind_by=24s  rows=87829683  invalid=false
2026-08-08T12:48:28Z  behind_by=24s  rows=88274087  invalid=false
2026-08-08T12:49:28Z  behind_by=1m25s  rows=88274087  invalid=false
2026-08-08T12:50:28Z  behind_by=2m24s  rows=88274087  invalid=false
2026-08-08T12:51:28Z  behind_by=25s  rows=88763080  invalid=false
2026-08-08T12:52:28Z  behind_by=24s  rows=89309127  invalid=false
2026-08-08T12:53:28Z  behind_by=1m25s  rows=89309127  invalid=false
2026-08-08T12:54:29Z  behind_by=2m25s  rows=89309127  invalid=false
2026-08-08T12:55:29Z  behind_by=26s  rows=90153156  invalid=false
2026-08-08T12:56:29Z  behind_by=24s  rows=90876057  invalid=false
2026-08-08T12:57:29Z  behind_by=1m24s  rows=90876057  invalid=false
2026-08-08T12:58:29Z  behind_by=2m24s  rows=90876057  invalid=false
2026-08-08T12:59:29Z  behind_by=25s  rows=91726649  invalid=false
2026-08-08T13:00:29Z  behind_by=24s  rows=92440797  invalid=false
2026-08-08T13:01:29Z  behind_by=1m24s  rows=92440797  invalid=false
2026-08-08T13:02:29Z  behind_by=2m24s  rows=92440797  invalid=false
2026-08-08T13:03:30Z  behind_by=27s  rows=92864618  invalid=false
2026-08-08T13:04:30Z  behind_by=26s  rows=93316837  invalid=false
2026-08-08T13:05:30Z  behind_by=1m26s  rows=93316837  invalid=false
2026-08-08T13:06:30Z  behind_by=2m26s  rows=93316837  invalid=false
2026-08-08T13:07:30Z  behind_by=27s  rows=93907945  invalid=false
2026-08-08T13:08:30Z  behind_by=26s  rows=94779364  invalid=false
2026-08-08T13:09:31Z  behind_by=1m26s  rows=94779364  invalid=false
2026-08-08T13:10:31Z  behind_by=2m26s  rows=94779364  invalid=false
2026-08-08T13:11:31Z  behind_by=27s  rows=95359284  invalid=false
2026-08-08T13:12:31Z  behind_by=27s  rows=95777646  invalid=false
2026-08-08T13:13:31Z  behind_by=1m27s  rows=95777646  invalid=false
2026-08-08T13:14:31Z  behind_by=2m27s  rows=95777646  invalid=false
2026-08-08T13:15:31Z  behind_by=29s  rows=96532749  invalid=false
2026-08-08T13:16:32Z  behind_by=28s  rows=97259940  invalid=false
2026-08-08T13:17:32Z  behind_by=1m28s  rows=97259940  invalid=false
2026-08-08T13:18:32Z  behind_by=2m27s  rows=97259940  invalid=false
2026-08-08T13:19:32Z  behind_by=27s  rows=97877806  invalid=false
2026-08-08T13:20:32Z  behind_by=28s  rows=98529698  invalid=false
2026-08-08T13:21:32Z  behind_by=1m28s  rows=98529698  invalid=false
2026-08-08T13:22:32Z  behind_by=2m28s  rows=98529698  invalid=false
2026-08-08T13:23:32Z  behind_by=29s  rows=99314095  invalid=false
2026-08-08T13:24:32Z  behind_by=28s  rows=99962548  invalid=false
2026-08-08T13:25:33Z  behind_by=1m28s  rows=99962548  invalid=false
2026-08-08T13:26:33Z  behind_by=2m28s  rows=99962548  invalid=false
2026-08-08T13:27:33Z  behind_by=29s  rows=100711012  invalid=false
2026-08-08T13:28:33Z  behind_by=29s  rows=101354000  invalid=false
2026-08-08T13:29:33Z  behind_by=1m29s  rows=101354000  invalid=false
2026-08-08T13:30:33Z  behind_by=2m28s  rows=101354000  invalid=false
2026-08-08T13:31:33Z  behind_by=30s  rows=101838954  invalid=false
2026-08-08T13:32:33Z  behind_by=30s  rows=102621898  invalid=false
2026-08-08T13:33:33Z  behind_by=1m30s  rows=102621898  invalid=false
2026-08-08T13:34:33Z  behind_by=2m30s  rows=102621898  invalid=false
2026-08-08T13:35:33Z  behind_by=30s  rows=103307272  invalid=false
2026-08-08T13:36:34Z  behind_by=29s  rows=103904092  invalid=false
2026-08-08T13:37:34Z  behind_by=1m29s  rows=103904092  invalid=false
2026-08-08T13:38:34Z  behind_by=2m30s  rows=103904092  invalid=false
2026-08-08T13:39:34Z  behind_by=28s  rows=104808853  invalid=false
2026-08-08T13:40:34Z  behind_by=30s  rows=105409387  invalid=false
2026-08-08T13:41:34Z  behind_by=1m30s  rows=105409387  invalid=false
2026-08-08T13:42:34Z  behind_by=2m30s  rows=105409387  invalid=false
2026-08-08T13:43:34Z  behind_by=31s  rows=106241296  invalid=false
2026-08-08T13:44:34Z  behind_by=30s  rows=106683256  invalid=false
2026-08-08T13:45:34Z  behind_by=1m30s  rows=106683256  invalid=false
2026-08-08T13:46:34Z  behind_by=2m30s  rows=106683256  invalid=false
2026-08-08T13:47:35Z  behind_by=46s  rows=107184160  invalid=false
2026-08-08T13:48:35Z  behind_by=30s  rows=107738257  invalid=false
2026-08-08T13:49:35Z  behind_by=1m31s  rows=107738257  invalid=false
2026-08-08T13:50:35Z  behind_by=2m31s  rows=107738257  invalid=false
2026-08-08T13:51:35Z  behind_by=46s  rows=108220120  invalid=false
2026-08-08T13:52:35Z  behind_by=31s  rows=108610280  invalid=false
2026-08-08T13:53:35Z  behind_by=1m31s  rows=108610280  invalid=false
2026-08-08T13:54:35Z  behind_by=2m32s  rows=108610280  invalid=false
2026-08-08T13:55:35Z  behind_by=46s  rows=109070696  invalid=false
2026-08-08T13:56:35Z  behind_by=31s  rows=109451667  invalid=false
2026-08-08T13:57:35Z  behind_by=1m31s  rows=109451667  invalid=false
2026-08-08T13:58:35Z  behind_by=2m31s  rows=109451667  invalid=false
2026-08-08T13:59:36Z  behind_by=46s  rows=110084113  invalid=false
2026-08-08T14:00:36Z  behind_by=31s  rows=110819961  invalid=false
2026-08-08T14:01:36Z  behind_by=1m31s  rows=110819961  invalid=false
2026-08-08T14:02:36Z  behind_by=2m31s  rows=110819961  invalid=false
2026-08-08T14:03:36Z  behind_by=47s  rows=111196859  invalid=false
2026-08-08T14:04:36Z  behind_by=32s  rows=111842705  invalid=false
2026-08-08T14:05:36Z  behind_by=1m32s  rows=111842705  invalid=false
2026-08-08T14:06:36Z  behind_by=2m32s  rows=111842705  invalid=false
2026-08-08T14:07:36Z  behind_by=48s  rows=112428986  invalid=false
2026-08-08T14:08:37Z  behind_by=33s  rows=113001702  invalid=false
2026-08-08T14:09:37Z  behind_by=1m33s  rows=113001702  invalid=false
2026-08-08T14:10:37Z  behind_by=2m33s  rows=113001702  invalid=false
2026-08-08T14:11:37Z  behind_by=48s  rows=113503521  invalid=false
2026-08-08T14:12:37Z  behind_by=33s  rows=113893521  invalid=false
2026-08-08T14:13:37Z  behind_by=1m33s  rows=113893521  invalid=false
2026-08-08T14:14:37Z  behind_by=2m33s  rows=113893521  invalid=false
2026-08-08T14:15:37Z  behind_by=48s  rows=114311241  invalid=false
2026-08-08T14:16:37Z  behind_by=33s  rows=114838632  invalid=false
2026-08-08T14:17:37Z  behind_by=1m33s  rows=114838632  invalid=false
2026-08-08T14:18:37Z  behind_by=2m33s  rows=114838632  invalid=false
2026-08-08T14:19:37Z  behind_by=49s  rows=115232024  invalid=false
2026-08-08T14:20:38Z  behind_by=34s  rows=115621018  invalid=false
2026-08-08T14:21:38Z  behind_by=1m34s  rows=115621018  invalid=false
2026-08-08T14:22:38Z  behind_by=2m34s  rows=115621018  invalid=false
2026-08-08T14:23:38Z  behind_by=49s  rows=116258622  invalid=false
2026-08-08T14:24:38Z  behind_by=33s  rows=116900148  invalid=false
2026-08-08T14:25:38Z  behind_by=1m33s  rows=116900148  invalid=false
2026-08-08T14:26:38Z  behind_by=2m33s  rows=116900148  invalid=false
2026-08-08T14:27:38Z  behind_by=49s  rows=117647991  invalid=false
2026-08-08T14:28:38Z  behind_by=34s  rows=118021265  invalid=false
2026-08-08T14:29:38Z  behind_by=1m34s  rows=118021265  invalid=false
2026-08-08T14:30:39Z  behind_by=2m35s  rows=118021265  invalid=false
2026-08-08T14:31:39Z  behind_by=50s  rows=118563468  invalid=false
2026-08-08T14:32:39Z  behind_by=25s  rows=119134325  invalid=false
2026-08-08T14:33:39Z  behind_by=1m25s  rows=119134325  invalid=false
2026-08-08T14:34:39Z  behind_by=2m25s  rows=119134325  invalid=false
2026-08-08T14:35:39Z  behind_by=50s  rows=119849272  invalid=false
2026-08-08T14:36:39Z  behind_by=25s  rows=120522589  invalid=false
2026-08-08T14:37:40Z  behind_by=1m26s  rows=120522589  invalid=false
2026-08-08T14:38:40Z  behind_by=2m26s  rows=120522589  invalid=false
2026-08-08T14:39:40Z  behind_by=51s  rows=121223839  invalid=false
2026-08-08T14:40:40Z  behind_by=26s  rows=121855886  invalid=false
2026-08-08T14:41:40Z  behind_by=1m26s  rows=121855886  invalid=false
2026-08-08T14:42:40Z  behind_by=2m26s  rows=121855886  invalid=false
2026-08-08T14:43:40Z  behind_by=52s  rows=122652857  invalid=false
2026-08-08T14:44:41Z  behind_by=27s  rows=123127169  invalid=false
2026-08-08T14:45:41Z  behind_by=1m27s  rows=123127169  invalid=false
2026-08-08T14:46:41Z  behind_by=2m27s  rows=123127169  invalid=false
2026-08-08T14:47:41Z  behind_by=52s  rows=123805010  invalid=false
2026-08-08T14:48:41Z  behind_by=27s  rows=124512093  invalid=false
2026-08-08T14:49:41Z  behind_by=1m27s  rows=124512093  invalid=false
2026-08-08T14:50:41Z  behind_by=2m27s  rows=124512093  invalid=false
2026-08-08T14:51:41Z  behind_by=53s  rows=125178743  invalid=false
2026-08-08T14:52:41Z  behind_by=28s  rows=125602886  invalid=false
2026-08-08T14:53:42Z  behind_by=1m28s  rows=125602886  invalid=false
2026-08-08T14:54:42Z  behind_by=2m28s  rows=125602886  invalid=false
2026-08-08T14:55:42Z  behind_by=53s  rows=126069667  invalid=false
2026-08-08T14:56:42Z  behind_by=28s  rows=126736904  invalid=false
2026-08-08T14:57:42Z  behind_by=1m28s  rows=126736904  invalid=false
2026-08-08T14:58:42Z  behind_by=2m28s  rows=126736904  invalid=false
2026-08-08T14:59:42Z  behind_by=53s  rows=127319823  invalid=false
2026-08-08T15:00:42Z  behind_by=28s  rows=128172390  invalid=false
2026-08-08T15:01:42Z  behind_by=1m29s  rows=128172390  invalid=false
2026-08-08T15:02:42Z  behind_by=2m29s  rows=128172390  invalid=false
2026-08-08T15:03:42Z  behind_by=53s  rows=128928208  invalid=false
2026-08-08T15:04:42Z  behind_by=29s  rows=129463982  invalid=false
2026-08-08T15:05:43Z  behind_by=1m30s  rows=129463982  invalid=false
2026-08-08T15:06:43Z  behind_by=2m30s  rows=129463982  invalid=false
2026-08-08T15:07:44Z  behind_by=55s  rows=130365017  invalid=false
2026-08-08T15:08:44Z  behind_by=29s  rows=130864674  invalid=false
2026-08-08T15:09:44Z  behind_by=1m30s  rows=130864674  invalid=false
2026-08-08T15:10:45Z  behind_by=2m30s  rows=130864674  invalid=false
2026-08-08T15:11:45Z  behind_by=55s  rows=131531513  invalid=false
2026-08-08T15:12:45Z  behind_by=30s  rows=132008649  invalid=false
2026-08-08T15:13:45Z  behind_by=1m30s  rows=132008649  invalid=false
2026-08-08T15:14:45Z  behind_by=2m30s  rows=132008649  invalid=false
2026-08-08T15:15:46Z  behind_by=57s  rows=132618600  invalid=false
2026-08-08T15:16:47Z  behind_by=32s  rows=133020558  invalid=false
2026-08-08T15:17:47Z  behind_by=1m32s  rows=133020558  invalid=false
2026-08-08T15:18:47Z  behind_by=2m32s  rows=133020558  invalid=false
2026-08-08T15:19:48Z  behind_by=58s  rows=133762160  invalid=false
2026-08-08T15:20:48Z  behind_by=33s  rows=134188516  invalid=false
2026-08-08T15:21:48Z  behind_by=1m34s  rows=134188516  invalid=false
2026-08-08T15:22:48Z  behind_by=2m34s  rows=134188516  invalid=false
2026-08-08T15:23:48Z  behind_by=59s  rows=134986484  invalid=false
2026-08-08T15:24:48Z  behind_by=34s  rows=135444988  invalid=false
2026-08-08T15:25:48Z  behind_by=1m34s  rows=135444988  invalid=false
2026-08-08T15:26:48Z  behind_by=2m34s  rows=135444988  invalid=false
2026-08-08T15:27:49Z  behind_by=59s  rows=136017724  invalid=false
2026-08-08T15:28:49Z  behind_by=35s  rows=136778006  invalid=false
2026-08-08T15:29:49Z  behind_by=1m35s  rows=136778006  invalid=false
2026-08-08T15:30:49Z  behind_by=2m35s  rows=136778006  invalid=false
2026-08-08T15:31:49Z  behind_by=1m  rows=137467726  invalid=false
2026-08-08T15:32:49Z  behind_by=34s  rows=138196898  invalid=false
2026-08-08T15:33:50Z  behind_by=1m35s  rows=138196898  invalid=false
2026-08-08T15:34:50Z  behind_by=2m35s  rows=138196898  invalid=false
2026-08-08T15:35:50Z  behind_by=1m1s  rows=138988155  invalid=false
2026-08-08T15:36:51Z  behind_by=21s  rows=139959534  invalid=false
2026-08-08T15:37:52Z  behind_by=1m21s  rows=139959534  invalid=false
2026-08-08T15:38:52Z  behind_by=2m21s  rows=139959534  invalid=false
2026-08-08T15:39:52Z  behind_by=1m3s  rows=140477254  invalid=false
2026-08-08T15:40:52Z  behind_by=22s  rows=140904921  invalid=false
2026-08-08T15:41:52Z  behind_by=1m22s  rows=140904921  invalid=false
2026-08-08T15:42:52Z  behind_by=2m23s  rows=140904921  invalid=false
2026-08-08T15:43:52Z  behind_by=3m23s  rows=140904921  invalid=false
2026-08-08T15:44:52Z  behind_by=23s  rows=141680275  invalid=false
2026-08-08T15:45:52Z  behind_by=1m23s  rows=141680275  invalid=false
2026-08-08T15:46:53Z  behind_by=2m23s  rows=141680275  invalid=false
2026-08-08T15:47:53Z  behind_by=3m23s  rows=141680275  invalid=false
2026-08-08T15:48:53Z  behind_by=23s  rows=142341647  invalid=false
2026-08-08T15:49:53Z  behind_by=1m24s  rows=142341647  invalid=false
2026-08-08T15:50:53Z  behind_by=2m24s  rows=142341647  invalid=false
2026-08-08T15:51:53Z  behind_by=3m24s  rows=142341647  invalid=false
2026-08-08T15:52:54Z  behind_by=24s  rows=142778518  invalid=false
2026-08-08T15:53:54Z  behind_by=1m24s  rows=142778518  invalid=false
2026-08-08T15:54:54Z  behind_by=2m24s  rows=142778518  invalid=false
2026-08-08T15:55:54Z  behind_by=3m24s  rows=142778518  invalid=false
2026-08-08T15:56:54Z  behind_by=24s  rows=143630986  invalid=false
2026-08-08T15:57:54Z  behind_by=1m25s  rows=143630986  invalid=false
2026-08-08T15:58:54Z  behind_by=2m25s  rows=143630986  invalid=false
2026-08-08T15:59:54Z  behind_by=3m25s  rows=143630986  invalid=false
2026-08-08T16:00:54Z  behind_by=25s  rows=144204948  invalid=false
2026-08-08T16:01:55Z  behind_by=1m26s  rows=144204948  invalid=false
2026-08-08T16:02:55Z  behind_by=2m26s  rows=144204948  invalid=false
2026-08-08T16:03:55Z  behind_by=3m26s  rows=144204948  invalid=false
2026-08-08T16:04:55Z  behind_by=26s  rows=144698349  invalid=false
2026-08-08T16:05:55Z  behind_by=1m26s  rows=144698349  invalid=false
2026-08-08T16:06:55Z  behind_by=2m25s  rows=144698349  invalid=false
2026-08-08T16:07:55Z  behind_by=3m26s  rows=144698349  invalid=false
2026-08-08T16:08:55Z  behind_by=26s  rows=145397813  invalid=false
2026-08-08T16:09:55Z  behind_by=1m26s  rows=145397813  invalid=false
2026-08-08T16:10:56Z  behind_by=2m27s  rows=145397813  invalid=false
2026-08-08T16:11:56Z  behind_by=3m27s  rows=145397813  invalid=false
2026-08-08T16:12:56Z  behind_by=27s  rows=145802470  invalid=false
2026-08-08T16:13:56Z  behind_by=1m27s  rows=145802470  invalid=false
2026-08-08T16:14:56Z  behind_by=2m27s  rows=145802470  invalid=false
2026-08-08T16:15:56Z  behind_by=3m27s  rows=145802470  invalid=false
2026-08-08T16:16:56Z  behind_by=26s  rows=146407606  invalid=false
2026-08-08T16:17:56Z  behind_by=1m26s  rows=146407606  invalid=false
2026-08-08T16:18:56Z  behind_by=2m26s  rows=146407606  invalid=false
2026-08-08T16:19:56Z  behind_by=3m26s  rows=146407606  invalid=false
2026-08-08T16:20:56Z  behind_by=27s  rows=146844502  invalid=false
2026-08-08T16:21:56Z  behind_by=1m27s  rows=146844502  invalid=false
2026-08-08T16:22:57Z  behind_by=2m27s  rows=146844502  invalid=false
2026-08-08T16:23:57Z  behind_by=3m27s  rows=146844502  invalid=false
2026-08-08T16:24:57Z  behind_by=27s  rows=147945601  invalid=false
2026-08-08T16:25:57Z  behind_by=1m27s  rows=147945601  invalid=false
2026-08-08T16:26:57Z  behind_by=2m28s  rows=147945601  invalid=false
2026-08-08T16:27:57Z  behind_by=3m28s  rows=147945601  invalid=false
2026-08-08T16:28:57Z  behind_by=29s  rows=148457267  invalid=false
2026-08-08T16:29:58Z  behind_by=1m29s  rows=148457267  invalid=false
2026-08-08T16:30:58Z  behind_by=2m29s  rows=148457267  invalid=false
2026-08-08T16:31:58Z  behind_by=3m29s  rows=148457267  invalid=false
2026-08-08T16:32:58Z  behind_by=28s  rows=149083983  invalid=false
2026-08-08T16:33:58Z  behind_by=1m28s  rows=149083983  invalid=false
2026-08-08T16:34:58Z  behind_by=2m29s  rows=149083983  invalid=false
2026-08-08T16:35:58Z  behind_by=3m29s  rows=149083983  invalid=false
2026-08-08T16:36:58Z  behind_by=28s  rows=149622350  invalid=false
2026-08-08T16:37:58Z  behind_by=1m28s  rows=149622350  invalid=false
2026-08-08T16:38:58Z  behind_by=2m29s  rows=149622350  invalid=false
2026-08-08T16:39:59Z  behind_by=3m29s  rows=149622350  invalid=false
2026-08-08T16:40:59Z  behind_by=29s  rows=150093623  invalid=false
2026-08-08T16:41:59Z  behind_by=1m29s  rows=150093623  invalid=false
2026-08-08T16:42:59Z  behind_by=2m29s  rows=150093623  invalid=false
2026-08-08T16:43:59Z  behind_by=3m29s  rows=150093623  invalid=false
2026-08-08T16:44:59Z  behind_by=29s  rows=150892074  invalid=false
2026-08-08T16:45:59Z  behind_by=1m29s  rows=150892074  invalid=false
2026-08-08T16:46:59Z  behind_by=2m29s  rows=150892074  invalid=false
2026-08-08T16:47:59Z  behind_by=3m29s  rows=150892074  invalid=false
2026-08-08T16:48:59Z  behind_by=30s  rows=151611838  invalid=false
2026-08-08T16:49:59Z  behind_by=1m30s  rows=151611838  invalid=false
2026-08-08T16:51:00Z  behind_by=2m30s  rows=151611838  invalid=false
2026-08-08T16:52:00Z  behind_by=3m31s  rows=151611838  invalid=false
2026-08-08T16:53:00Z  behind_by=30s  rows=152404770  invalid=false
2026-08-08T16:54:00Z  behind_by=1m30s  rows=152404770  invalid=false
2026-08-08T16:55:00Z  behind_by=2m31s  rows=152404770  invalid=false
2026-08-08T16:56:00Z  behind_by=3m31s  rows=152404770  invalid=false
2026-08-08T16:57:00Z  behind_by=31s  rows=153236521  invalid=false
2026-08-08T16:58:00Z  behind_by=1m31s  rows=153236521  invalid=false
2026-08-08T16:59:00Z  behind_by=2m31s  rows=153236521  invalid=false
2026-08-08T17:00:01Z  behind_by=3m31s  rows=153236521  invalid=false
2026-08-08T17:01:01Z  behind_by=32s  rows=154098640  invalid=false
2026-08-08T17:02:01Z  behind_by=1m32s  rows=154098640  invalid=false
2026-08-08T17:03:01Z  behind_by=2m32s  rows=154098640  invalid=false
2026-08-08T17:04:01Z  behind_by=3m32s  rows=154098640  invalid=false
2026-08-08T17:05:01Z  behind_by=32s  rows=154826463  invalid=false
2026-08-08T17:06:02Z  behind_by=1m33s  rows=154826463  invalid=false
2026-08-08T17:07:02Z  behind_by=2m33s  rows=154826463  invalid=false
2026-08-08T17:08:02Z  behind_by=3m33s  rows=154826463  invalid=false
2026-08-08T17:09:02Z  behind_by=33s  rows=155917903  invalid=false
2026-08-08T17:10:02Z  behind_by=1m33s  rows=155917903  invalid=false
2026-08-08T17:11:02Z  behind_by=2m33s  rows=155917903  invalid=false
2026-08-08T17:12:02Z  behind_by=3m33s  rows=155917903  invalid=false
2026-08-08T17:13:03Z  behind_by=34s  rows=156436017  invalid=false
2026-08-08T17:14:03Z  behind_by=1m34s  rows=156436017  invalid=false
2026-08-08T17:15:03Z  behind_by=2m34s  rows=156436017  invalid=false
2026-08-08T17:16:03Z  behind_by=3m34s  rows=156436017  invalid=false
2026-08-08T17:17:03Z  behind_by=35s  rows=157274101  invalid=false
2026-08-08T17:18:03Z  behind_by=1m35s  rows=157274101  invalid=false
2026-08-08T17:19:04Z  behind_by=2m35s  rows=157274101  invalid=false
2026-08-08T17:20:04Z  behind_by=3m35s  rows=157274101  invalid=false
2026-08-08T17:21:04Z  behind_by=34s  rows=157777001  invalid=false
2026-08-08T17:22:04Z  behind_by=1m35s  rows=157777001  invalid=false
2026-08-08T17:23:04Z  behind_by=2m35s  rows=157777001  invalid=false
2026-08-08T17:24:05Z  behind_by=3m35s  rows=157777001  invalid=false
2026-08-08T17:25:05Z  behind_by=35s  rows=158279625  invalid=false
2026-08-08T17:26:05Z  behind_by=1m35s  rows=158279625  invalid=false
2026-08-08T17:27:05Z  behind_by=2m35s  rows=158279625  invalid=false
2026-08-08T17:28:05Z  behind_by=3m35s  rows=158279625  invalid=false
2026-08-08T17:29:05Z  behind_by=35s  rows=159062062  invalid=false
2026-08-08T17:30:05Z  behind_by=1m35s  rows=159062062  invalid=false
2026-08-08T17:31:05Z  behind_by=2m35s  rows=159062062  invalid=false
2026-08-08T17:32:05Z  behind_by=3m36s  rows=159062062  invalid=false
2026-08-08T17:33:06Z  behind_by=36s  rows=159624492  invalid=false
2026-08-08T17:34:06Z  behind_by=18s  rows=160264788  invalid=false
2026-08-08T17:35:06Z  behind_by=1m18s  rows=160264788  invalid=false
2026-08-08T17:36:06Z  behind_by=2m18s  rows=160264788  invalid=false
2026-08-08T17:37:06Z  behind_by=36s  rows=161224502  invalid=false
2026-08-08T17:38:07Z  behind_by=1m37s  rows=161224502  invalid=false
2026-08-08T17:39:07Z  behind_by=2m37s  rows=161224502  invalid=false
2026-08-08T17:40:07Z  behind_by=3m37s  rows=161224502  invalid=false
2026-08-08T17:41:07Z  behind_by=37s  rows=162016003  invalid=false
2026-08-08T17:42:07Z  behind_by=1m37s  rows=162016003  invalid=false
2026-08-08T17:43:07Z  behind_by=2m37s  rows=162016003  invalid=false
2026-08-08T17:44:07Z  behind_by=3m37s  rows=162016003  invalid=false
2026-08-08T17:45:07Z  behind_by=38s  rows=162822017  invalid=false
2026-08-08T17:46:07Z  behind_by=1m38s  rows=162822017  invalid=false
2026-08-08T17:47:07Z  behind_by=2m38s  rows=162822017  invalid=false
2026-08-08T17:48:07Z  behind_by=3m38s  rows=162822017  invalid=false
2026-08-08T17:49:07Z  behind_by=38s  rows=163626574  invalid=false
2026-08-08T17:50:08Z  behind_by=1m38s  rows=163626574  invalid=false
2026-08-08T17:51:08Z  behind_by=2m38s  rows=163626574  invalid=false
2026-08-08T17:52:08Z  behind_by=3m38s  rows=163626574  invalid=false
2026-08-08T17:53:08Z  behind_by=38s  rows=164321393  invalid=false
2026-08-08T17:54:08Z  behind_by=1m38s  rows=164321393  invalid=false
2026-08-08T17:55:08Z  behind_by=2m38s  rows=164321393  invalid=false
2026-08-08T17:56:08Z  behind_by=3m38s  rows=164321393  invalid=false
2026-08-08T17:57:08Z  behind_by=39s  rows=164984211  invalid=false
2026-08-08T17:58:08Z  behind_by=16s  rows=165489850  invalid=false
2026-08-08T17:59:08Z  behind_by=1m16s  rows=165489850  invalid=false
2026-08-08T18:00:08Z  behind_by=2m16s  rows=165489850  invalid=false
2026-08-08T18:01:09Z  behind_by=39s  rows=166470973  invalid=false
2026-08-08T18:02:09Z  behind_by=17s  rows=168263444  invalid=false
2026-08-08T18:03:09Z  behind_by=1m17s  rows=168263444  invalid=false
2026-08-08T18:04:09Z  behind_by=2m17s  rows=168263444  invalid=false
2026-08-08T18:05:09Z  behind_by=38s  rows=169156350  invalid=false
2026-08-08T18:06:09Z  behind_by=17s  rows=170758227  invalid=false
2026-08-08T18:07:10Z  behind_by=1m17s  rows=170758227  invalid=false
2026-08-08T18:08:10Z  behind_by=2m17s  rows=170758227  invalid=false
2026-08-08T18:09:10Z  behind_by=39s  rows=171864210  invalid=false
2026-08-08T18:10:10Z  behind_by=18s  rows=173665778  invalid=false
2026-08-08T18:11:10Z  behind_by=1m19s  rows=173665778  invalid=false
2026-08-08T18:12:10Z  behind_by=2m19s  rows=173665778  invalid=false
2026-08-08T18:13:11Z  behind_by=39s  rows=174599404  invalid=false
2026-08-08T18:14:11Z  behind_by=18s  rows=175929091  invalid=false
2026-08-08T18:15:11Z  behind_by=1m19s  rows=175929091  invalid=false
2026-08-08T18:16:11Z  behind_by=2m19s  rows=175929091  invalid=false
2026-08-08T18:17:12Z  behind_by=40s  rows=176662365  invalid=false
2026-08-08T18:18:12Z  behind_by=20s  rows=177723921  invalid=false
2026-08-08T18:19:12Z  behind_by=1m20s  rows=177723921  invalid=false
2026-08-08T18:20:12Z  behind_by=2m20s  rows=177723921  invalid=false
2026-08-08T18:21:12Z  behind_by=41s  rows=178213461  invalid=false
2026-08-08T18:22:12Z  behind_by=20s  rows=179449963  invalid=false
2026-08-08T18:23:12Z  behind_by=1m20s  rows=179449963  invalid=false
2026-08-08T18:24:12Z  behind_by=2m20s  rows=179449963  invalid=false
2026-08-08T18:25:13Z  behind_by=42s  rows=180035839  invalid=false
2026-08-08T18:26:13Z  behind_by=21s  rows=181570839  invalid=false
2026-08-08T18:27:13Z  behind_by=1m21s  rows=181570839  invalid=false
2026-08-08T18:28:13Z  behind_by=2m21s  rows=181570839  invalid=false
2026-08-08T18:29:13Z  behind_by=42s  rows=182218660  invalid=false
2026-08-08T18:30:13Z  behind_by=21s  rows=183136624  invalid=false
2026-08-08T18:31:13Z  behind_by=1m21s  rows=183136624  invalid=false
2026-08-08T18:32:13Z  behind_by=2m21s  rows=183136624  invalid=false
2026-08-08T18:33:13Z  behind_by=42s  rows=183684308  invalid=false
2026-08-08T18:34:13Z  behind_by=26s  rows=184553596  invalid=false
2026-08-08T18:35:14Z  behind_by=1m26s  rows=184553596  invalid=false
2026-08-08T18:36:14Z  behind_by=2m26s  rows=184553596  invalid=false
2026-08-08T18:37:14Z  behind_by=43s  rows=185206664  invalid=false
2026-08-08T18:38:14Z  behind_by=22s  rows=185713542  invalid=false
2026-08-08T18:39:14Z  behind_by=1m22s  rows=185713542  invalid=false
2026-08-08T18:40:14Z  behind_by=2m23s  rows=185713542  invalid=false
2026-08-08T18:41:14Z  behind_by=42s  rows=186702317  invalid=false
2026-08-08T18:42:14Z  behind_by=22s  rows=187427236  invalid=false
2026-08-08T18:43:14Z  behind_by=1m22s  rows=187427236  invalid=false
2026-08-08T18:44:14Z  behind_by=2m23s  rows=187427236  invalid=false
2026-08-08T18:45:15Z  behind_by=44s  rows=187917567  invalid=false
2026-08-08T18:46:15Z  behind_by=23s  rows=188913950  invalid=false
2026-08-08T18:47:15Z  behind_by=1m23s  rows=188913950  invalid=false
2026-08-08T18:48:15Z  behind_by=2m23s  rows=188913950  invalid=false
2026-08-08T18:49:15Z  behind_by=43s  rows=190117859  invalid=false
2026-08-08T18:50:15Z  behind_by=23s  rows=191100664  invalid=false
2026-08-08T18:51:15Z  behind_by=1m23s  rows=191100664  invalid=false
2026-08-08T18:52:16Z  behind_by=2m24s  rows=191100664  invalid=false
2026-08-08T18:53:16Z  behind_by=45s  rows=191553797  invalid=false
2026-08-08T18:54:16Z  behind_by=23s  rows=192496914  invalid=false
2026-08-08T18:55:16Z  behind_by=1m23s  rows=192496914  invalid=false
2026-08-08T18:56:16Z  behind_by=2m23s  rows=192496914  invalid=false
2026-08-08T18:57:16Z  behind_by=45s  rows=193080724  invalid=false
2026-08-08T18:58:16Z  behind_by=24s  rows=193998920  invalid=false
2026-08-08T18:59:17Z  behind_by=1m24s  rows=193998920  invalid=false
2026-08-08T19:00:17Z  behind_by=2m25s  rows=193998920  invalid=false
2026-08-08T19:01:17Z  behind_by=46s  rows=194492945  invalid=false
2026-08-08T19:02:17Z  behind_by=24s  rows=195160807  invalid=false
2026-08-08T19:03:17Z  behind_by=1m24s  rows=195160807  invalid=false
2026-08-08T19:04:17Z  behind_by=2m24s  rows=195160807  invalid=false
2026-08-08T19:05:17Z  behind_by=46s  rows=196055526  invalid=false
2026-08-08T19:06:17Z  behind_by=25s  rows=196754583  invalid=false
2026-08-08T19:07:17Z  behind_by=1m25s  rows=196754583  invalid=false
2026-08-08T19:08:17Z  behind_by=2m25s  rows=196754583  invalid=false
2026-08-08T19:09:18Z  behind_by=46s  rows=197766493  invalid=false
2026-08-08T19:10:18Z  behind_by=25s  rows=198619640  invalid=false
2026-08-08T19:11:18Z  behind_by=1m25s  rows=198619640  invalid=false
2026-08-08T19:12:18Z  behind_by=2m25s  rows=198619640  invalid=false
2026-08-08T19:13:18Z  behind_by=46s  rows=199047826  invalid=false
2026-08-08T19:14:18Z  behind_by=25s  rows=199521227  invalid=false
2026-08-08T19:15:18Z  behind_by=1m25s  rows=199521227  invalid=false
2026-08-08T19:16:18Z  behind_by=2m25s  rows=199521227  invalid=false
2026-08-08T19:17:18Z  behind_by=46s  rows=200355740  invalid=false
2026-08-08T19:18:18Z  behind_by=26s  rows=200769088  invalid=false
2026-08-08T19:19:18Z  behind_by=1m26s  rows=200769088  invalid=false
2026-08-08T19:20:18Z  behind_by=2m26s  rows=200769088  invalid=false
2026-08-08T19:21:18Z  behind_by=47s  rows=201292068  invalid=false
2026-08-08T19:22:19Z  behind_by=27s  rows=202070553  invalid=false
2026-08-08T19:23:19Z  behind_by=1m27s  rows=202070553  invalid=false
2026-08-08T19:24:19Z  behind_by=2m27s  rows=202070553  invalid=false
2026-08-08T19:25:19Z  behind_by=48s  rows=202617126  invalid=false
2026-08-08T19:26:19Z  behind_by=27s  rows=203251090  invalid=false
2026-08-08T19:27:19Z  behind_by=1m27s  rows=203251090  invalid=false
2026-08-08T19:28:19Z  behind_by=2m27s  rows=203251090  invalid=false
2026-08-08T19:29:19Z  behind_by=48s  rows=203818516  invalid=false
2026-08-08T19:30:19Z  behind_by=27s  rows=204665739  invalid=false
2026-08-08T19:31:19Z  behind_by=1m27s  rows=204665739  invalid=false
2026-08-08T19:32:19Z  behind_by=2m27s  rows=204665739  invalid=false
2026-08-08T19:33:20Z  behind_by=48s  rows=205528003  invalid=false
2026-08-08T19:34:20Z  behind_by=27s  rows=205977859  invalid=false
2026-08-08T19:35:20Z  behind_by=1m28s  rows=205977859  invalid=false
2026-08-08T19:36:20Z  behind_by=2m28s  rows=205977859  invalid=false
2026-08-08T19:37:20Z  behind_by=48s  rows=206421507  invalid=false
2026-08-08T19:38:20Z  behind_by=28s  rows=207226226  invalid=false
2026-08-08T19:39:20Z  behind_by=1m28s  rows=207226226  invalid=false
2026-08-08T19:40:20Z  behind_by=2m28s  rows=207226226  invalid=false
2026-08-08T19:41:20Z  behind_by=49s  rows=207973250  invalid=false
2026-08-08T19:42:20Z  behind_by=28s  rows=208431712  invalid=false
2026-08-08T19:43:20Z  behind_by=1m28s  rows=208431712  invalid=false
2026-08-08T19:44:20Z  behind_by=33s  rows=209275532  invalid=false
2026-08-08T19:45:20Z  behind_by=49s  rows=210145772  invalid=false
2026-08-08T19:46:20Z  behind_by=28s  rows=210856887  invalid=false
2026-08-08T19:47:21Z  behind_by=1m28s  rows=210856887  invalid=false
2026-08-08T19:48:21Z  behind_by=2m28s  rows=210856887  invalid=false
2026-08-08T19:49:21Z  behind_by=49s  rows=211322656  invalid=false
2026-08-08T19:50:21Z  behind_by=29s  rows=211763149  invalid=false
2026-08-08T19:51:21Z  behind_by=1m29s  rows=211763149  invalid=false
2026-08-08T19:52:21Z  behind_by=2m29s  rows=211763149  invalid=false
2026-08-08T19:53:21Z  behind_by=50s  rows=212695892  invalid=false
2026-08-08T19:54:21Z  behind_by=29s  rows=213430829  invalid=false
2026-08-08T19:55:22Z  behind_by=1m29s  rows=213430829  invalid=false
2026-08-08T19:56:22Z  behind_by=2m29s  rows=213430829  invalid=false
2026-08-08T19:57:22Z  behind_by=51s  rows=214254861  invalid=false
2026-08-08T19:58:22Z  behind_by=30s  rows=215092308  invalid=false
2026-08-08T19:59:22Z  behind_by=1m30s  rows=215092308  invalid=false
2026-08-08T20:00:23Z  behind_by=2m30s  rows=215092308  invalid=false
2026-08-08T20:01:23Z  behind_by=51s  rows=215720566  invalid=false
2026-08-08T20:02:23Z  behind_by=31s  rows=216152531  invalid=false
2026-08-08T20:03:23Z  behind_by=1m31s  rows=216152531  invalid=false
2026-08-08T20:04:23Z  behind_by=2m31s  rows=216152531  invalid=false
2026-08-08T20:05:23Z  behind_by=51s  rows=216941026  invalid=false
2026-08-08T20:06:23Z  behind_by=32s  rows=217663827  invalid=false
2026-08-08T20:07:23Z  behind_by=1m32s  rows=217663827  invalid=false
2026-08-08T20:08:23Z  behind_by=2m32s  rows=217663827  invalid=false
2026-08-08T20:09:24Z  behind_by=53s  rows=218363215  invalid=false
2026-08-08T20:10:24Z  behind_by=32s  rows=219190945  invalid=false
2026-08-08T20:11:24Z  behind_by=1m32s  rows=219190945  invalid=false
2026-08-08T20:12:24Z  behind_by=2m32s  rows=219190945  invalid=false
2026-08-08T20:13:24Z  behind_by=54s  rows=220157850  invalid=false
2026-08-08T20:14:25Z  behind_by=33s  rows=221080845  invalid=false
2026-08-08T20:15:25Z  behind_by=1m34s  rows=221080845  invalid=false
2026-08-08T20:16:25Z  behind_by=2m34s  rows=221080845  invalid=false
2026-08-08T20:17:26Z  behind_by=54s  rows=221572817  invalid=false
2026-08-08T20:18:26Z  behind_by=34s  rows=222097641  invalid=false
2026-08-08T20:19:26Z  behind_by=1m35s  rows=222097641  invalid=false
2026-08-08T20:20:26Z  behind_by=2m35s  rows=222097641  invalid=false
2026-08-08T20:21:26Z  behind_by=55s  rows=222570370  invalid=false
2026-08-08T20:22:27Z  behind_by=34s  rows=223381682  invalid=false
2026-08-08T20:23:27Z  behind_by=1m34s  rows=223381682  invalid=false
2026-08-08T20:24:27Z  behind_by=2m34s  rows=223381682  invalid=false
2026-08-08T20:25:27Z  behind_by=56s  rows=224102371  invalid=false
2026-08-08T20:26:27Z  behind_by=36s  rows=224650253  invalid=false
2026-08-08T20:27:27Z  behind_by=1m36s  rows=224650253  invalid=false
2026-08-08T20:28:27Z  behind_by=2m36s  rows=224650253  invalid=false
2026-08-08T20:29:28Z  behind_by=56s  rows=225603906  invalid=false
2026-08-08T20:30:28Z  behind_by=36s  rows=226758329  invalid=false
2026-08-08T20:31:28Z  behind_by=1m36s  rows=226758329  invalid=false
2026-08-08T20:32:28Z  behind_by=2m36s  rows=226758329  invalid=false
2026-08-08T20:33:28Z  behind_by=57s  rows=227286433  invalid=false
2026-08-08T20:34:28Z  behind_by=36s  rows=227942839  invalid=false
2026-08-08T20:35:28Z  behind_by=1m2s  rows=228546360  invalid=false
2026-08-08T20:36:28Z  behind_by=2m2s  rows=228546360  invalid=false
2026-08-08T20:37:28Z  behind_by=19s  rows=230239002  invalid=false
2026-08-08T20:38:28Z  behind_by=1m20s  rows=230239002  invalid=false
2026-08-08T20:39:29Z  behind_by=1m2s  rows=231083415  invalid=false
2026-08-08T20:40:29Z  behind_by=2m2s  rows=231083415  invalid=false
2026-08-08T20:41:29Z  behind_by=20s  rows=231906307  invalid=false
2026-08-08T20:42:30Z  behind_by=1m20s  rows=231906307  invalid=false
2026-08-08T20:43:30Z  behind_by=1m3s  rows=232628761  invalid=false
2026-08-08T20:44:30Z  behind_by=2m3s  rows=232628761  invalid=false
2026-08-08T20:45:30Z  behind_by=20s  rows=233673222  invalid=false
2026-08-08T20:46:30Z  behind_by=1m20s  rows=233673222  invalid=false
2026-08-08T20:47:30Z  behind_by=1m4s  rows=234087736  invalid=false
2026-08-08T20:48:30Z  behind_by=2m4s  rows=234087736  invalid=false
2026-08-08T20:49:31Z  behind_by=21s  rows=234700983  invalid=false
2026-08-08T20:50:31Z  behind_by=1m21s  rows=234700983  invalid=false
2026-08-08T20:51:31Z  behind_by=1m5s  rows=235163439  invalid=false
2026-08-08T20:52:32Z  behind_by=2m6s  rows=235163439  invalid=false
2026-08-08T20:53:32Z  behind_by=22s  rows=235955971  invalid=false
2026-08-08T20:54:32Z  behind_by=1m22s  rows=235955971  invalid=false
2026-08-08T20:55:32Z  behind_by=1m7s  rows=237053298  invalid=false
2026-08-08T20:56:33Z  behind_by=2m7s  rows=1942924  invalid=false
2026-08-08T20:57:33Z  behind_by=23s  rows=3093876  invalid=false
2026-08-08T20:58:33Z  behind_by=1m23s  rows=3093876  invalid=false
2026-08-08T20:59:33Z  behind_by=1m7s  rows=3633514  invalid=false
2026-08-08T21:00:33Z  behind_by=2m7s  rows=3633514  invalid=false
2026-08-08T21:01:34Z  behind_by=24s  rows=4446558  invalid=false
2026-08-08T21:02:34Z  behind_by=9s  rows=5429144  invalid=false
2026-08-08T21:03:34Z  behind_by=1m9s  rows=5429144  invalid=false
2026-08-08T21:04:34Z  behind_by=2m9s  rows=5429144  invalid=false
2026-08-08T21:05:35Z  behind_by=25s  rows=6271373  invalid=false
2026-08-08T21:06:35Z  behind_by=10s  rows=7253739  invalid=false
2026-08-08T21:07:35Z  behind_by=1m10s  rows=7253739  invalid=false
2026-08-08T21:08:35Z  behind_by=2m10s  rows=7253739  invalid=false
2026-08-08T21:09:35Z  behind_by=27s  rows=8220716  invalid=false
2026-08-08T21:10:36Z  behind_by=10s  rows=9325626  invalid=false
2026-08-08T21:11:36Z  behind_by=1m10s  rows=9325626  invalid=false
2026-08-08T21:12:36Z  behind_by=2m10s  rows=9325626  invalid=false
2026-08-08T21:13:36Z  behind_by=26s  rows=9990483  invalid=false
2026-08-08T21:14:36Z  behind_by=9s  rows=10893475  invalid=false
2026-08-08T21:15:36Z  behind_by=58s  rows=11315387  invalid=false
2026-08-08T21:16:36Z  behind_by=1m56s  rows=11315387  invalid=false
2026-08-08T21:17:36Z  behind_by=27s  rows=12310438  invalid=false
2026-08-08T21:18:36Z  behind_by=10s  rows=13205159  invalid=false
2026-08-08T21:19:36Z  behind_by=57s  rows=13626080  invalid=false
2026-08-08T21:20:36Z  behind_by=1m57s  rows=13626080  invalid=false
2026-08-08T21:21:36Z  behind_by=27s  rows=14194832  invalid=false
2026-08-08T21:22:36Z  behind_by=52s  rows=14833843  invalid=false
2026-08-08T21:23:37Z  behind_by=58s  rows=15644818  invalid=false
2026-08-08T21:24:37Z  behind_by=1m58s  rows=15644818  invalid=false
2026-08-08T21:25:37Z  behind_by=26s  rows=16420572  invalid=false
2026-08-08T21:26:37Z  behind_by=52s  rows=17194690  invalid=false
2026-08-08T21:27:37Z  behind_by=58s  rows=17908401  invalid=false
2026-08-08T21:28:37Z  behind_by=1m58s  rows=17908401  invalid=false
2026-08-08T21:29:37Z  behind_by=27s  rows=18953528  invalid=false
2026-08-08T21:30:37Z  behind_by=53s  rows=19769221  invalid=false
2026-08-08T21:31:37Z  behind_by=37s  rows=21168107  invalid=false
2026-08-08T21:32:37Z  behind_by=1m38s  rows=21168107  invalid=false
2026-08-08T21:33:37Z  behind_by=2m37s  rows=21168107  invalid=false
2026-08-08T21:34:37Z  behind_by=53s  rows=22132116  invalid=false
2026-08-08T21:35:38Z  behind_by=37s  rows=23414709  invalid=false
2026-08-08T21:36:38Z  behind_by=1m37s  rows=23414709  invalid=false
2026-08-08T21:37:38Z  behind_by=2m37s  rows=23414709  invalid=false
2026-08-08T21:38:38Z  behind_by=54s  rows=24067912  invalid=false
2026-08-08T21:39:38Z  behind_by=38s  rows=25347553  invalid=false
2026-08-08T21:40:38Z  behind_by=1m38s  rows=25347553  invalid=false
2026-08-08T21:41:38Z  behind_by=2m38s  rows=25347553  invalid=false
2026-08-08T21:42:38Z  behind_by=54s  rows=25953340  invalid=false
2026-08-08T21:43:38Z  behind_by=38s  rows=27322653  invalid=false
2026-08-08T21:44:38Z  behind_by=1m38s  rows=27322653  invalid=false
2026-08-08T21:45:38Z  behind_by=2m38s  rows=27322653  invalid=false
2026-08-08T21:46:38Z  behind_by=54s  rows=28189161  invalid=false
2026-08-08T21:47:38Z  behind_by=1m  rows=28708897  invalid=false
2026-08-08T21:48:39Z  behind_by=2m  rows=28708897  invalid=false
2026-08-08T21:49:39Z  behind_by=3m  rows=28708897  invalid=false
2026-08-08T21:50:39Z  behind_by=54s  rows=29357564  invalid=false
2026-08-08T21:51:39Z  behind_by=1m  rows=30287284  invalid=false
2026-08-08T21:52:39Z  behind_by=2m  rows=30287284  invalid=false
2026-08-08T21:53:39Z  behind_by=3m  rows=30287284  invalid=false
2026-08-08T21:54:39Z  behind_by=54s  rows=31119696  invalid=false
2026-08-08T21:55:39Z  behind_by=1m  rows=31518785  invalid=false
2026-08-08T21:56:39Z  behind_by=2m  rows=31518785  invalid=false
2026-08-08T21:57:39Z  behind_by=3m  rows=31518785  invalid=false
2026-08-08T21:58:39Z  behind_by=55s  rows=32444905  invalid=false
2026-08-08T21:59:39Z  behind_by=1m  rows=33050908  invalid=false
2026-08-08T22:00:39Z  behind_by=2m  rows=33050908  invalid=false
2026-08-08T22:01:40Z  behind_by=3m  rows=33050908  invalid=false
2026-08-08T22:02:40Z  behind_by=56s  rows=34029703  invalid=false
2026-08-08T22:03:40Z  behind_by=1m1s  rows=34671554  invalid=false
2026-08-08T22:04:40Z  behind_by=2m1s  rows=34671554  invalid=false
2026-08-08T22:05:40Z  behind_by=3m1s  rows=34671554  invalid=false
2026-08-08T22:06:40Z  behind_by=55s  rows=35481914  invalid=false
2026-08-08T22:07:40Z  behind_by=1m2s  rows=35929481  invalid=false
2026-08-08T22:08:40Z  behind_by=2m1s  rows=35929481  invalid=false
2026-08-08T22:09:40Z  behind_by=3m2s  rows=35929481  invalid=false
2026-08-08T22:10:40Z  behind_by=56s  rows=36706409  invalid=false
2026-08-08T22:11:40Z  behind_by=1m2s  rows=37639189  invalid=false
2026-08-08T22:12:41Z  behind_by=2m2s  rows=37639189  invalid=false
2026-08-08T22:13:41Z  behind_by=3m2s  rows=37639189  invalid=false
2026-08-08T22:14:41Z  behind_by=56s  rows=38111830  invalid=false
2026-08-08T22:15:41Z  behind_by=1m2s  rows=38869349  invalid=false
2026-08-08T22:16:41Z  behind_by=2m2s  rows=38869349  invalid=false
2026-08-08T22:17:41Z  behind_by=3m2s  rows=38869349  invalid=false
2026-08-08T22:18:41Z  behind_by=57s  rows=39689757  invalid=false
2026-08-08T22:19:41Z  behind_by=1m2s  rows=40259372  invalid=false
2026-08-08T22:20:41Z  behind_by=2m2s  rows=40259372  invalid=false
2026-08-08T22:21:41Z  behind_by=3m2s  rows=40259372  invalid=false
2026-08-08T22:22:41Z  behind_by=56s  rows=40903670  invalid=false
2026-08-08T22:23:41Z  behind_by=1m2s  rows=41413167  invalid=false
2026-08-08T22:24:42Z  behind_by=2m2s  rows=41413167  invalid=false
2026-08-08T22:25:42Z  behind_by=3m2s  rows=41413167  invalid=false
2026-08-08T22:26:42Z  behind_by=58s  rows=42262288  invalid=false
2026-08-08T22:27:42Z  behind_by=1m2s  rows=43083816  invalid=false
2026-08-08T22:28:42Z  behind_by=2m3s  rows=43083816  invalid=false
2026-08-08T22:29:42Z  behind_by=3m3s  rows=43083816  invalid=false
2026-08-08T22:30:42Z  behind_by=57s  rows=43702194  invalid=false
2026-08-08T22:31:42Z  behind_by=1m3s  rows=44229972  invalid=false
2026-08-08T22:32:42Z  behind_by=2m3s  rows=44229972  invalid=false
2026-08-08T22:33:42Z  behind_by=3m3s  rows=44229972  invalid=false
2026-08-08T22:34:42Z  behind_by=58s  rows=44735879  invalid=false
2026-08-08T22:35:42Z  behind_by=1m4s  rows=45438039  invalid=false
2026-08-08T22:36:43Z  behind_by=2m4s  rows=45438039  invalid=false
2026-08-08T22:37:43Z  behind_by=3m4s  rows=45438039  invalid=false
2026-08-08T22:38:43Z  behind_by=58s  rows=46032473  invalid=false
2026-08-08T22:39:43Z  behind_by=1m4s  rows=46624297  invalid=false
2026-08-08T22:40:43Z  behind_by=2m4s  rows=46624297  invalid=false
2026-08-08T22:41:43Z  behind_by=3m4s  rows=46624297  invalid=false
2026-08-08T22:42:43Z  behind_by=59s  rows=47528133  invalid=false
2026-08-08T22:43:43Z  behind_by=1m4s  rows=48374673  invalid=false
2026-08-08T22:44:44Z  behind_by=2m5s  rows=48374673  invalid=false
2026-08-08T22:45:44Z  behind_by=3m5s  rows=48374673  invalid=false
2026-08-08T22:46:44Z  behind_by=59s  rows=49104945  invalid=false
2026-08-08T22:47:44Z  behind_by=1m5s  rows=49927962  invalid=false
2026-08-08T22:48:44Z  behind_by=2m5s  rows=49927962  invalid=false
2026-08-08T22:49:44Z  behind_by=3m6s  rows=49927962  invalid=false
2026-08-08T22:50:44Z  behind_by=1m1s  rows=50604724  invalid=false
2026-08-08T22:51:44Z  behind_by=1m5s  rows=51462046  invalid=false
2026-08-08T22:52:44Z  behind_by=2m5s  rows=51462046  invalid=false
2026-08-08T22:53:44Z  behind_by=3m5s  rows=51462046  invalid=false
2026-08-08T22:54:44Z  behind_by=1m  rows=52356982  invalid=false
2026-08-08T22:55:44Z  behind_by=1m5s  rows=53342503  invalid=false
2026-08-08T22:56:45Z  behind_by=2m5s  rows=53342503  invalid=false
2026-08-08T22:57:45Z  behind_by=3m5s  rows=53342503  invalid=false
2026-08-08T22:58:45Z  behind_by=1m  rows=53927819  invalid=false
2026-08-08T22:59:45Z  behind_by=1m6s  rows=54601544  invalid=false
2026-08-08T23:00:45Z  behind_by=2m6s  rows=54601544  invalid=false
2026-08-08T23:01:45Z  behind_by=3m6s  rows=54601544  invalid=false
2026-08-08T23:02:45Z  behind_by=1m  rows=55332464  invalid=false
2026-08-08T23:03:45Z  behind_by=1m5s  rows=56058492  invalid=false
2026-08-08T23:04:45Z  behind_by=2m6s  rows=56058492  invalid=false
2026-08-08T23:05:45Z  behind_by=3m6s  rows=56058492  invalid=false
2026-08-08T23:06:45Z  behind_by=7s  rows=57618877  invalid=false
2026-08-08T23:07:45Z  behind_by=1m7s  rows=57618877  invalid=false
2026-08-08T23:08:45Z  behind_by=2m7s  rows=57618877  invalid=false
2026-08-08T23:09:46Z  behind_by=3m8s  rows=57618877  invalid=false
2026-08-08T23:10:46Z  behind_by=7s  rows=59368389  invalid=false
2026-08-08T23:11:46Z  behind_by=1m7s  rows=59368389  invalid=false
2026-08-08T23:12:46Z  behind_by=2m7s  rows=59368389  invalid=false
2026-08-08T23:13:46Z  behind_by=3m7s  rows=59368389  invalid=false
2026-08-08T23:14:46Z  behind_by=1m2s  rows=60063528  invalid=false
2026-08-08T23:15:46Z  behind_by=1m7s  rows=60501008  invalid=false
2026-08-08T23:16:46Z  behind_by=2m7s  rows=60501008  invalid=false
2026-08-08T23:17:46Z  behind_by=3m7s  rows=60501008  invalid=false
2026-08-08T23:18:46Z  behind_by=8s  rows=62431607  invalid=false
2026-08-08T23:19:46Z  behind_by=1m8s  rows=62431607  invalid=false
2026-08-08T23:20:46Z  behind_by=2m7s  rows=62431607  invalid=false
2026-08-08T23:21:47Z  behind_by=3m8s  rows=62431607  invalid=false
2026-08-08T23:22:47Z  behind_by=7s  rows=63668471  invalid=false
2026-08-08T23:23:47Z  behind_by=1m7s  rows=63668471  invalid=false
2026-08-08T23:24:47Z  behind_by=2m8s  rows=63668471  invalid=false
2026-08-08T23:25:47Z  behind_by=34s  rows=64722056  invalid=false
2026-08-08T23:26:47Z  behind_by=7s  rows=66301248  invalid=false
2026-08-08T23:27:47Z  behind_by=1m8s  rows=66301248  invalid=false
2026-08-08T23:28:47Z  behind_by=2m8s  rows=66301248  invalid=false
2026-08-08T23:29:47Z  behind_by=33s  rows=66993261  invalid=false
2026-08-08T23:30:47Z  behind_by=1m2s  rows=67654730  invalid=false
2026-08-08T23:31:47Z  behind_by=2m3s  rows=67654730  invalid=false
2026-08-08T23:32:47Z  behind_by=25s  rows=68507891  invalid=false
2026-08-08T23:33:48Z  behind_by=35s  rows=69210344  invalid=false
2026-08-08T23:34:48Z  behind_by=1m35s  rows=69210344  invalid=false
2026-08-08T23:35:48Z  behind_by=2m35s  rows=69210344  invalid=false
2026-08-08T23:36:49Z  behind_by=29s  rows=69728861  invalid=false
2026-08-08T23:37:49Z  behind_by=35s  rows=70310944  invalid=false
2026-08-08T23:38:49Z  behind_by=1m35s  rows=70310944  invalid=false
2026-08-08T23:39:49Z  behind_by=2m35s  rows=70310944  invalid=false
2026-08-08T23:40:49Z  behind_by=29s  rows=71020493  invalid=false
2026-08-08T23:41:49Z  behind_by=36s  rows=71832474  invalid=false
2026-08-08T23:42:49Z  behind_by=1m36s  rows=71832474  invalid=false
2026-08-08T23:43:50Z  behind_by=2m37s  rows=71832474  invalid=false
2026-08-08T23:44:50Z  behind_by=30s  rows=72854411  invalid=false
2026-08-08T23:45:50Z  behind_by=37s  rows=73474386  invalid=false
2026-08-08T23:46:50Z  behind_by=1m37s  rows=73474386  invalid=false
2026-08-08T23:47:50Z  behind_by=2m37s  rows=73474386  invalid=false
2026-08-08T23:48:50Z  behind_by=30s  rows=73978283  invalid=false
2026-08-08T23:49:50Z  behind_by=36s  rows=74507066  invalid=false
2026-08-08T23:50:50Z  behind_by=1m36s  rows=74507066  invalid=false
2026-08-08T23:51:51Z  behind_by=2m37s  rows=74507066  invalid=false
2026-08-08T23:52:51Z  behind_by=30s  rows=75450681  invalid=false
2026-08-08T23:53:51Z  behind_by=37s  rows=75993012  invalid=false
2026-08-08T23:54:51Z  behind_by=1m38s  rows=75993012  invalid=false
2026-08-08T23:55:51Z  behind_by=2m37s  rows=75993012  invalid=false
2026-08-08T23:56:51Z  behind_by=31s  rows=76603622  invalid=false
2026-08-08T23:57:51Z  behind_by=37s  rows=77105537  invalid=false
2026-08-08T23:58:51Z  behind_by=1m37s  rows=77105537  invalid=false
2026-08-08T23:59:51Z  behind_by=2m37s  rows=77105537  invalid=false
2026-08-09T00:00:51Z  behind_by=30s  rows=77989189  invalid=false
2026-08-09T00:01:51Z  behind_by=38s  rows=79024994  invalid=false
2026-08-09T00:02:51Z  behind_by=1m38s  rows=79024994  invalid=false
2026-08-09T00:03:51Z  behind_by=2m38s  rows=79024994  invalid=false
2026-08-09T00:04:52Z  behind_by=32s  rows=79578334  invalid=false
2026-08-09T00:05:52Z  behind_by=38s  rows=80232386  invalid=false
2026-08-09T00:06:52Z  behind_by=1m38s  rows=80232386  invalid=false
2026-08-09T00:07:52Z  behind_by=2m38s  rows=80232386  invalid=false
2026-08-09T00:08:52Z  behind_by=32s  rows=81450608  invalid=false
2026-08-09T00:09:52Z  behind_by=38s  rows=81959425  invalid=false
2026-08-09T00:10:52Z  behind_by=1m38s  rows=81959425  invalid=false
2026-08-09T00:11:52Z  behind_by=2m38s  rows=81959425  invalid=false
2026-08-09T00:12:52Z  behind_by=32s  rows=82573076  invalid=false
2026-08-09T00:13:53Z  behind_by=39s  rows=83297846  invalid=false
2026-08-09T00:14:53Z  behind_by=1m39s  rows=83297846  invalid=false
2026-08-09T00:15:53Z  behind_by=2m39s  rows=83297846  invalid=false
2026-08-09T00:16:53Z  behind_by=33s  rows=84318963  invalid=false
2026-08-09T00:17:53Z  behind_by=39s  rows=84932102  invalid=false
2026-08-09T00:18:53Z  behind_by=1m39s  rows=84932102  invalid=false
2026-08-09T00:19:53Z  behind_by=2m39s  rows=84932102  invalid=false
2026-08-09T00:20:53Z  behind_by=33s  rows=85942952  invalid=false
2026-08-09T00:21:53Z  behind_by=39s  rows=86963245  invalid=false
2026-08-09T00:22:53Z  behind_by=1m39s  rows=86963245  invalid=false
2026-08-09T00:23:53Z  behind_by=2m39s  rows=86963245  invalid=false
2026-08-09T00:24:54Z  behind_by=33s  rows=87594090  invalid=false
2026-08-09T00:25:54Z  behind_by=40s  rows=88457328  invalid=false
2026-08-09T00:26:54Z  behind_by=1m40s  rows=88457328  invalid=false
2026-08-09T00:27:55Z  behind_by=2m41s  rows=88457328  invalid=false
2026-08-09T00:28:55Z  behind_by=35s  rows=88937367  invalid=false
2026-08-09T00:29:55Z  behind_by=41s  rows=89457305  invalid=false
2026-08-09T00:30:55Z  behind_by=1m41s  rows=89457305  invalid=false
2026-08-09T00:31:55Z  behind_by=2m41s  rows=89457305  invalid=false
2026-08-09T00:32:55Z  behind_by=36s  rows=89994214  invalid=false
2026-08-09T00:33:55Z  behind_by=42s  rows=90708108  invalid=false
2026-08-09T00:34:55Z  behind_by=1m41s  rows=90708108  invalid=false
2026-08-09T00:35:56Z  behind_by=2m42s  rows=90708108  invalid=false
2026-08-09T00:36:56Z  behind_by=36s  rows=91865943  invalid=false
2026-08-09T00:37:56Z  behind_by=42s  rows=92410657  invalid=false
2026-08-09T00:38:56Z  behind_by=1m42s  rows=92410657  invalid=false
2026-08-09T00:39:56Z  behind_by=2m42s  rows=92410657  invalid=false
2026-08-09T00:40:56Z  behind_by=37s  rows=93432545  invalid=false
2026-08-09T00:41:56Z  behind_by=42s  rows=94393971  invalid=false
2026-08-09T00:42:56Z  behind_by=1m42s  rows=94393971  invalid=false
2026-08-09T00:43:56Z  behind_by=2m42s  rows=94393971  invalid=false
2026-08-09T00:44:56Z  behind_by=36s  rows=95260298  invalid=false
2026-08-09T00:45:56Z  behind_by=44s  rows=96172507  invalid=false
2026-08-09T00:46:56Z  behind_by=1m44s  rows=96172507  invalid=false
2026-08-09T00:47:57Z  behind_by=2m44s  rows=96172507  invalid=false
2026-08-09T00:48:57Z  behind_by=37s  rows=97116980  invalid=false
2026-08-09T00:49:57Z  behind_by=44s  rows=97995876  invalid=false
2026-08-09T00:50:57Z  behind_by=1m44s  rows=97995876  invalid=false
2026-08-09T00:51:57Z  behind_by=2m44s  rows=97995876  invalid=false
2026-08-09T00:52:58Z  behind_by=37s  rows=99025792  invalid=false
2026-08-09T00:53:58Z  behind_by=44s  rows=99444151  invalid=false
2026-08-09T00:54:58Z  behind_by=1m44s  rows=99444151  invalid=false
2026-08-09T00:55:58Z  behind_by=2m45s  rows=99444151  invalid=false
2026-08-09T00:56:58Z  behind_by=39s  rows=100163818  invalid=false
2026-08-09T00:57:59Z  behind_by=45s  rows=100603538  invalid=false
2026-08-09T00:58:59Z  behind_by=1m45s  rows=100603538  invalid=false
2026-08-09T00:59:59Z  behind_by=2m45s  rows=100603538  invalid=false
2026-08-09T01:00:59Z  behind_by=24s  rows=101171851  invalid=false
2026-08-09T01:01:59Z  behind_by=44s  rows=101982194  invalid=false
2026-08-09T01:03:00Z  behind_by=1m45s  rows=101982194  invalid=false
2026-08-09T01:04:00Z  behind_by=2m45s  rows=101982194  invalid=false
2026-08-09T01:05:00Z  behind_by=39s  rows=103026164  invalid=false
2026-08-09T01:06:00Z  behind_by=46s  rows=103855495  invalid=false
2026-08-09T01:07:00Z  behind_by=1m46s  rows=103855495  invalid=false
2026-08-09T01:08:00Z  behind_by=2m47s  rows=103855495  invalid=false
2026-08-09T01:09:00Z  behind_by=40s  rows=104942890  invalid=false
2026-08-09T01:10:00Z  behind_by=47s  rows=106021452  invalid=false
2026-08-09T01:11:01Z  behind_by=1m46s  rows=106021452  invalid=false
2026-08-09T01:12:01Z  behind_by=2m48s  rows=106021452  invalid=false
2026-08-09T01:13:01Z  behind_by=41s  rows=106783837  invalid=false
2026-08-09T01:14:01Z  behind_by=47s  rows=107526872  invalid=false
2026-08-09T01:15:01Z  behind_by=1m47s  rows=107526872  invalid=false
2026-08-09T01:16:01Z  behind_by=2m47s  rows=107526872  invalid=false
2026-08-09T01:17:01Z  behind_by=41s  rows=108352220  invalid=false
2026-08-09T01:18:01Z  behind_by=47s  rows=109323504  invalid=false
2026-08-09T01:19:01Z  behind_by=1m47s  rows=109323504  invalid=false
2026-08-09T01:20:01Z  behind_by=2m47s  rows=109323504  invalid=false
2026-08-09T01:21:01Z  behind_by=42s  rows=110214646  invalid=false
2026-08-09T01:22:02Z  behind_by=48s  rows=110920109  invalid=false
2026-08-09T01:23:02Z  behind_by=1m48s  rows=110920109  invalid=false
2026-08-09T01:24:02Z  behind_by=2m48s  rows=110920109  invalid=false
2026-08-09T01:25:02Z  behind_by=42s  rows=111722758  invalid=false
2026-08-09T01:26:02Z  behind_by=48s  rows=112363882  invalid=false
2026-08-09T01:27:02Z  behind_by=1m49s  rows=112363882  invalid=false
2026-08-09T01:28:03Z  behind_by=2m49s  rows=112363882  invalid=false
2026-08-09T01:29:03Z  behind_by=44s  rows=113416136  invalid=false
2026-08-09T01:30:03Z  behind_by=49s  rows=114543839  invalid=false
2026-08-09T01:31:03Z  behind_by=1m49s  rows=114543839  invalid=false
2026-08-09T01:32:03Z  behind_by=2m49s  rows=114543839  invalid=false
2026-08-09T01:33:03Z  behind_by=43s  rows=115345734  invalid=false
2026-08-09T01:34:03Z  behind_by=49s  rows=115905899  invalid=false
2026-08-09T01:35:04Z  behind_by=1m49s  rows=115905899  invalid=false
2026-08-09T01:36:04Z  behind_by=2m49s  rows=115905899  invalid=false
2026-08-09T01:37:04Z  behind_by=45s  rows=116955928  invalid=false
2026-08-09T01:38:04Z  behind_by=51s  rows=117930585  invalid=false
2026-08-09T01:39:05Z  behind_by=1m51s  rows=117930585  invalid=false
2026-08-09T01:40:05Z  behind_by=2m51s  rows=117930585  invalid=false
2026-08-09T01:41:05Z  behind_by=45s  rows=118640381  invalid=false
2026-08-09T01:42:05Z  behind_by=51s  rows=119917222  invalid=false
2026-08-09T01:43:05Z  behind_by=1m51s  rows=119917222  invalid=false
2026-08-09T01:44:05Z  behind_by=2m51s  rows=119917222  invalid=false
2026-08-09T01:45:05Z  behind_by=45s  rows=120996163  invalid=false
2026-08-09T01:46:05Z  behind_by=52s  rows=121401691  invalid=false
2026-08-09T01:47:05Z  behind_by=1m52s  rows=121401691  invalid=false
2026-08-09T01:48:05Z  behind_by=2m52s  rows=121401691  invalid=false
2026-08-09T01:49:05Z  behind_by=46s  rows=121981843  invalid=false
2026-08-09T01:50:06Z  behind_by=52s  rows=122478484  invalid=false
2026-08-09T01:51:06Z  behind_by=1m52s  rows=122478484  invalid=false
2026-08-09T01:52:06Z  behind_by=2m52s  rows=122478484  invalid=false
2026-08-09T01:53:06Z  behind_by=46s  rows=122842424  invalid=false
2026-08-09T01:54:06Z  behind_by=53s  rows=122979739  invalid=false
2026-08-09T01:55:06Z  behind_by=1m52s  rows=122979739  invalid=false
2026-08-09T01:56:06Z  behind_by=2m53s  rows=122979739  invalid=false
2026-08-09T01:57:06Z  behind_by=46s  rows=123091224  invalid=false
2026-08-09T01:58:07Z  behind_by=53s  rows=123215502  invalid=false
2026-08-09T01:59:07Z  behind_by=1m53s  rows=123215502  invalid=false
2026-08-09T02:00:07Z  behind_by=2m53s  rows=123215502  invalid=false
2026-08-09T02:01:07Z  behind_by=3m54s  rows=123215502  invalid=false
2026-08-09T02:02:08Z  behind_by=19s  rows=123337578  invalid=false
2026-08-09T02:03:08Z  behind_by=1m19s  rows=123337578  invalid=false
2026-08-09T02:04:08Z  behind_by=2m19s  rows=123337578  invalid=false
2026-08-09T02:05:08Z  behind_by=48s  rows=123437015  invalid=false
2026-08-09T02:06:08Z  behind_by=55s  rows=123541853  invalid=false
2026-08-09T02:07:08Z  behind_by=1m55s  rows=123541853  invalid=false
2026-08-09T02:08:08Z  behind_by=2m55s  rows=123541853  invalid=false
2026-08-09T02:09:08Z  behind_by=48s  rows=123705874  invalid=false
2026-08-09T02:10:09Z  behind_by=54s  rows=123780952  invalid=false
2026-08-09T02:11:09Z  behind_by=1m54s  rows=123780952  invalid=false
2026-08-09T02:12:09Z  behind_by=2m55s  rows=123780952  invalid=false
2026-08-09T02:13:09Z  behind_by=49s  rows=123822762  invalid=false
2026-08-09T02:14:09Z  behind_by=0s  rows=123826760  invalid=false
2026-08-09T02:15:09Z  behind_by=0s  rows=123826760  invalid=false
2026-08-09T02:16:09Z  behind_by=0s  rows=123826760  invalid=false
2026-08-09T02:17:09Z  behind_by=0s  rows=123826760  invalid=false
2026-08-09T02:18:09Z  behind_by=0s  rows=123826760  invalid=false
2026-08-09T02:19:09Z  behind_by=0s  rows=123826760  invalid=false
2026-08-09T02:20:09Z  behind_by=0s  rows=123826760  invalid=false
2026-08-09T02:21:09Z  behind_by=0s  rows=123826760  invalid=false
2026-08-09T02:22:10Z  behind_by=0s  rows=123826760  invalid=false
2026-08-09T02:23:10Z  behind_by=0s  rows=123826760  invalid=false
2026-08-09T02:24:10Z  behind_by=0s  rows=123826760  invalid=false
2026-08-09T02:25:10Z  behind_by=0s  rows=123826760  invalid=false
2026-08-09T02:26:10Z  behind_by=0s  rows=123826760  invalid=false
2026-08-09T02:27:10Z  behind_by=0s  rows=123826760  invalid=false
2026-08-09T02:28:10Z  behind_by=0s  rows=123826760  invalid=false
2026-08-09T02:29:10Z  behind_by=0s  rows=123826760  invalid=false
2026-08-09T02:30:10Z  behind_by=0s  rows=123826760  invalid=false
2026-08-09T02:31:10Z  behind_by=0s  rows=123826760  invalid=false
2026-08-09T02:32:10Z  behind_by=0s  rows=123826760  invalid=false
2026-08-09T02:33:10Z  behind_by=0s  rows=123826760  invalid=false
2026-08-09T02:34:11Z  behind_by=0s  rows=123826760  invalid=false
2026-08-09T02:35:11Z  behind_by=0s  rows=123826760  invalid=false
2026-08-09T02:36:11Z  behind_by=0s  rows=123826760  invalid=false
2026-08-09T02:37:11Z  behind_by=0s  rows=123826760  invalid=false
2026-08-09T02:38:11Z  behind_by=0s  rows=123826760  invalid=false
2026-08-09T02:39:11Z  behind_by=0s  rows=123826760  invalid=false
2026-08-09T02:40:11Z  behind_by=0s  rows=123826760  invalid=false
2026-08-09T02:41:11Z  behind_by=0s  rows=123826760  invalid=false
2026-08-09T02:42:11Z  behind_by=0s  rows=123826760  invalid=false
2026-08-09T02:43:11Z  behind_by=0s  rows=123826760  invalid=false
2026-08-09T02:44:11Z  behind_by=0s  rows=123826760  invalid=false
2026-08-09T02:45:12Z  behind_by=0s  rows=123826760  invalid=false
2026-08-09T02:46:12Z  behind_by=0s  rows=123826760  invalid=false
2026-08-09T02:47:12Z  behind_by=0s  rows=123826760  invalid=false
2026-08-09T02:48:12Z  behind_by=0s  rows=123826760  invalid=false
2026-08-09T02:49:12Z  behind_by=0s  rows=123826760  invalid=false
2026-08-09T02:50:12Z  behind_by=0s  rows=123826760  invalid=false
2026-08-09T02:51:12Z  behind_by=0s  rows=123826760  invalid=false
2026-08-09T02:52:12Z  behind_by=0s  rows=123826760  invalid=false
2026-08-09T02:53:12Z  behind_by=0s  rows=123826760  invalid=false
2026-08-09T02:54:12Z  behind_by=0s  rows=123826760  invalid=false
2026-08-09T02:55:12Z  behind_by=0s  rows=123826760  invalid=false
2026-08-09T02:56:12Z  behind_by=0s  rows=123826760  invalid=false
2026-08-09T02:57:12Z  behind_by=0s  rows=123826760  invalid=false
2026-08-09T02:58:13Z  behind_by=0s  rows=123826760  invalid=false
2026-08-09T02:59:13Z  behind_by=0s  rows=123826760  invalid=false
2026-08-09T03:00:13Z  behind_by=0s  rows=123826760  invalid=false
2026-08-09T03:01:13Z  behind_by=0s  rows=123826760  invalid=false
2026-08-09T03:02:13Z  behind_by=0s  rows=123826760  invalid=false
2026-08-09T03:03:13Z  behind_by=0s  rows=123826760  invalid=false
2026-08-09T03:04:13Z  behind_by=0s  rows=123826760  invalid=false
2026-08-09T03:05:13Z  behind_by=0s  rows=123826760  invalid=false
2026-08-09T03:06:13Z  behind_by=0s  rows=123826760  invalid=false
2026-08-09T03:07:14Z  behind_by=0s  rows=123826760  invalid=false
2026-08-09T03:08:14Z  behind_by=0s  rows=123826760  invalid=false
2026-08-09T03:09:14Z  behind_by=0s  rows=123826760  invalid=false
2026-08-09T03:10:14Z  behind_by=0s  rows=123826760  invalid=false
2026-08-09T03:11:14Z  behind_by=0s  rows=123826760  invalid=false
2026-08-09T03:12:14Z  behind_by=0s  rows=123826760  invalid=false
2026-08-09T03:13:14Z  behind_by=0s  rows=123826760  invalid=false
2026-08-09T03:14:14Z  behind_by=0s  rows=123826760  invalid=false
2026-08-09T03:15:14Z  behind_by=0s  rows=123826760  invalid=false
2026-08-09T03:16:14Z  behind_by=0s  rows=123826760  invalid=false
2026-08-09T03:17:14Z  behind_by=0s  rows=123826760  invalid=false
2026-08-09T03:18:14Z  behind_by=0s  rows=123826760  invalid=false
2026-08-09T03:19:15Z  behind_by=0s  rows=123826760  invalid=false
2026-08-09T03:20:15Z  behind_by=0s  rows=123826760  invalid=false
2026-08-09T03:21:15Z  behind_by=0s  rows=123826760  invalid=false
2026-08-09T03:22:15Z  behind_by=0s  rows=123826760  invalid=false
2026-08-09T03:23:15Z  behind_by=0s  rows=123826760  invalid=false
2026-08-09T03:24:15Z  behind_by=0s  rows=123826760  invalid=false
2026-08-09T03:25:15Z  behind_by=0s  rows=123826760  invalid=false
2026-08-09T03:26:15Z  behind_by=0s  rows=123826760  invalid=false
2026-08-09T03:27:15Z  behind_by=0s  rows=123826760  invalid=false
2026-08-09T03:28:15Z  behind_by=0s  rows=123826760  invalid=false
2026-08-09T03:29:15Z  behind_by=0s  rows=123826760  invalid=false
2026-08-09T03:30:16Z  behind_by=0s  rows=123826760  invalid=false
2026-08-09T03:31:16Z  behind_by=0s  rows=123826760  invalid=false
2026-08-09T03:32:16Z  behind_by=0s  rows=123826760  invalid=false
2026-08-09T03:33:16Z  behind_by=0s  rows=123826760  invalid=false
2026-08-09T03:34:16Z  behind_by=0s  rows=123826760  invalid=false
2026-08-09T03:35:16Z  behind_by=0s  rows=123826760  invalid=false
2026-08-09T03:36:16Z  behind_by=0s  rows=123826760  invalid=false
2026-08-09T03:37:16Z  behind_by=0s  rows=123826760  invalid=false
2026-08-09T03:38:16Z  behind_by=0s  rows=123826760  invalid=false
2026-08-09T03:39:16Z  behind_by=0s  rows=123826760  invalid=false
2026-08-09T03:40:16Z  behind_by=0s  rows=123826760  invalid=false
2026-08-09T03:41:16Z  behind_by=0s  rows=123826760  invalid=false
2026-08-09T03:42:17Z  behind_by=0s  rows=123826760  invalid=false
2026-08-09T03:43:17Z  behind_by=0s  rows=123826760  invalid=false
2026-08-09T03:44:17Z  behind_by=0s  rows=123826760  invalid=false
2026-08-09T03:45:17Z  behind_by=0s  rows=123826760  invalid=false
2026-08-09T03:46:17Z  behind_by=0s  rows=123826760  invalid=false
2026-08-09T03:47:17Z  behind_by=0s  rows=123826760  invalid=false
2026-08-09T03:48:17Z  behind_by=0s  rows=123826760  invalid=false
2026-08-09T03:49:17Z  behind_by=0s  rows=123826760  invalid=false
2026-08-09T03:50:17Z  behind_by=0s  rows=123826760  invalid=false
2026-08-09T03:51:17Z  behind_by=0s  rows=123826760  invalid=false
2026-08-09T03:52:17Z  behind_by=0s  rows=123826760  invalid=false
2026-08-09T03:53:17Z  behind_by=0s  rows=123826760  invalid=false
2026-08-09T03:54:17Z  behind_by=0s  rows=123826760  invalid=false
2026-08-09T03:55:17Z  behind_by=0s  rows=123826760  invalid=false
2026-08-09T03:56:18Z  behind_by=0s  rows=123826760  invalid=false
2026-08-09T03:57:18Z  behind_by=0s  rows=123826760  invalid=false
2026-08-09T03:58:18Z  behind_by=0s  rows=123826760  invalid=false
2026-08-09T03:59:18Z  behind_by=0s  rows=123826760  invalid=false
2026-08-09T04:00:18Z  behind_by=0s  rows=123826760  invalid=false
2026-08-09T04:01:18Z  behind_by=0s  rows=123826760  invalid=false
2026-08-09T04:02:18Z  behind_by=0s  rows=123826760  invalid=false
2026-08-09T04:03:19Z  behind_by=0s  rows=123826760  invalid=false
2026-08-09T04:04:19Z  behind_by=0s  rows=123826760  invalid=false
2026-08-09T04:05:19Z  behind_by=0s  rows=123826760  invalid=false
2026-08-09T04:06:19Z  behind_by=0s  rows=123826760  invalid=false
2026-08-09T04:07:19Z  behind_by=0s  rows=123826760  invalid=false
2026-08-09T04:08:19Z  behind_by=0s  rows=123826760  invalid=false
2026-08-09T04:09:19Z  behind_by=0s  rows=123826760  invalid=false
2026-08-09T04:10:20Z  behind_by=0s  rows=123826760  invalid=false
2026-08-09T04:11:20Z  behind_by=0s  rows=123826760  invalid=false
2026-08-09T04:12:20Z  behind_by=0s  rows=123826760  invalid=false
2026-08-09T04:13:20Z  behind_by=0s  rows=123826760  invalid=false
2026-08-09T04:14:20Z  behind_by=0s  rows=123826760  invalid=false
2026-08-09T04:15:20Z  behind_by=0s  rows=123826760  invalid=false
2026-08-09T04:16:20Z  behind_by=0s  rows=123826760  invalid=false
2026-08-09T04:17:21Z  behind_by=0s  rows=123826760  invalid=false
2026-08-09T04:18:21Z  behind_by=0s  rows=123826760  invalid=false
2026-08-09T04:19:21Z  behind_by=0s  rows=123826760  invalid=false
2026-08-09T04:20:21Z  behind_by=0s  rows=123826760  invalid=false
2026-08-09T04:21:21Z  behind_by=0s  rows=123826760  invalid=false
2026-08-09T04:22:21Z  behind_by=0s  rows=123826760  invalid=false
2026-08-09T04:23:21Z  behind_by=0s  rows=123826760  invalid=false
2026-08-09T04:24:21Z  behind_by=0s  rows=123826760  invalid=false
2026-08-09T04:25:21Z  behind_by=0s  rows=123826760  invalid=false
2026-08-09T04:26:21Z  behind_by=0s  rows=123826760  invalid=false
2026-08-09T04:27:21Z  behind_by=0s  rows=123826760  invalid=false
2026-08-09T04:28:21Z  behind_by=0s  rows=123826760  invalid=false
2026-08-09T04:29:22Z  behind_by=0s  rows=123826760  invalid=false
2026-08-09T04:30:22Z  behind_by=0s  rows=123826760  invalid=false
2026-08-09T04:31:22Z  behind_by=0s  rows=123826760  invalid=false
2026-08-09T04:32:22Z  behind_by=0s  rows=123826760  invalid=false
2026-08-09T04:33:22Z  behind_by=0s  rows=123826760  invalid=false
2026-08-09T04:34:22Z  behind_by=0s  rows=123826760  invalid=false
2026-08-09T04:35:22Z  behind_by=0s  rows=123826760  invalid=false
2026-08-09T04:36:22Z  behind_by=0s  rows=123826760  invalid=false
2026-08-09T04:37:22Z  behind_by=0s  rows=123826760  invalid=false
2026-08-09T04:38:22Z  behind_by=0s  rows=123826760  invalid=false
2026-08-09T04:39:22Z  behind_by=0s  rows=123826760  invalid=false
2026-08-09T04:40:22Z  behind_by=0s  rows=123826760  invalid=false
2026-08-09T04:41:22Z  behind_by=0s  rows=123826760  invalid=false
2026-08-09T04:42:23Z  behind_by=0s  rows=123826760  invalid=false
2026-08-09T04:43:23Z  behind_by=0s  rows=123826760  invalid=false
2026-08-09T04:44:23Z  behind_by=0s  rows=123826760  invalid=false
2026-08-09T04:45:23Z  behind_by=0s  rows=123826760  invalid=false
2026-08-09T04:46:23Z  behind_by=0s  rows=123826760  invalid=false
2026-08-09T04:47:23Z  behind_by=0s  rows=123826760  invalid=false
2026-08-09T04:48:23Z  behind_by=0s  rows=123826760  invalid=false
2026-08-09T04:49:23Z  behind_by=0s  rows=123826760  invalid=false
2026-08-09T04:50:23Z  behind_by=0s  rows=123826760  invalid=false
2026-08-09T04:51:23Z  behind_by=0s  rows=123826760  invalid=false
2026-08-09T04:52:23Z  behind_by=0s  rows=123826760  invalid=false
2026-08-09T04:53:23Z  behind_by=0s  rows=123826760  invalid=false
2026-08-09T04:54:24Z  behind_by=0s  rows=123826760  invalid=false
2026-08-09T04:55:24Z  behind_by=0s  rows=123826760  invalid=false
2026-08-09T04:56:24Z  behind_by=0s  rows=123826760  invalid=false
2026-08-09T04:57:24Z  behind_by=0s  rows=123826760  invalid=false
2026-08-09T04:58:24Z  behind_by=0s  rows=123826760  invalid=false
2026-08-09T04:59:24Z  behind_by=0s  rows=123826760  invalid=false
2026-08-09T05:00:24Z  behind_by=0s  rows=123826760  invalid=false
2026-08-09T05:01:24Z  behind_by=0s  rows=123826760  invalid=false
2026-08-09T05:02:25Z  behind_by=0s  rows=123826760  invalid=false
2026-08-09T05:03:25Z  behind_by=0s  rows=123826760  invalid=false
2026-08-09T05:04:25Z  behind_by=0s  rows=123826760  invalid=false
2026-08-09T05:05:25Z  behind_by=0s  rows=123826760  invalid=false
2026-08-09T05:06:25Z  behind_by=0s  rows=123826760  invalid=false
2026-08-09T05:07:25Z  behind_by=0s  rows=123826760  invalid=false
2026-08-09T05:08:25Z  behind_by=0s  rows=123826760  invalid=false
2026-08-09T05:09:25Z  behind_by=0s  rows=123826760  invalid=false
2026-08-09T05:10:25Z  behind_by=0s  rows=123826760  invalid=false
2026-08-09T05:11:25Z  behind_by=0s  rows=123826760  invalid=false
2026-08-09T05:12:26Z  behind_by=0s  rows=123826760  invalid=false
2026-08-09T05:13:26Z  behind_by=0s  rows=123826760  invalid=false
2026-08-09T05:14:26Z  behind_by=0s  rows=123826760  invalid=false
2026-08-09T05:15:26Z  behind_by=0s  rows=123826760  invalid=false
2026-08-09T05:16:26Z  behind_by=0s  rows=123826760  invalid=false
2026-08-09T05:17:26Z  behind_by=0s  rows=123826760  invalid=false
2026-08-09T05:18:26Z  behind_by=0s  rows=123826760  invalid=false
2026-08-09T05:19:26Z  behind_by=0s  rows=123826760  invalid=false
2026-08-09T05:20:26Z  behind_by=0s  rows=123826760  invalid=false
2026-08-09T05:21:26Z  behind_by=0s  rows=123826760  invalid=false
2026-08-09T05:22:26Z  behind_by=0s  rows=123826760  invalid=false
2026-08-09T05:23:26Z  behind_by=0s  rows=123826760  invalid=false
2026-08-09T05:24:27Z  behind_by=0s  rows=123826760  invalid=false
2026-08-09T05:25:27Z  behind_by=0s  rows=123826760  invalid=false
2026-08-09T05:26:27Z  behind_by=0s  rows=123826760  invalid=false
2026-08-09T05:27:27Z  behind_by=0s  rows=123826760  invalid=false
2026-08-09T05:28:27Z  behind_by=0s  rows=123826760  invalid=false
2026-08-09T05:29:27Z  behind_by=0s  rows=123826760  invalid=false
2026-08-09T05:30:27Z  behind_by=0s  rows=123826760  invalid=false
2026-08-09T05:31:27Z  behind_by=0s  rows=123826760  invalid=false
2026-08-09T05:32:27Z  behind_by=0s  rows=123826760  invalid=false
2026-08-09T05:33:28Z  behind_by=0s  rows=123826760  invalid=false
2026-08-09T05:34:28Z  behind_by=0s  rows=123826760  invalid=false
2026-08-09T05:35:28Z  behind_by=0s  rows=123826760  invalid=false
2026-08-09T05:36:28Z  behind_by=0s  rows=123826760  invalid=false
2026-08-09T05:37:28Z  behind_by=0s  rows=123826760  invalid=false
2026-08-09T05:38:28Z  behind_by=0s  rows=123826760  invalid=false
2026-08-09T05:39:28Z  behind_by=0s  rows=123826760  invalid=false
2026-08-09T05:40:28Z  behind_by=0s  rows=123826760  invalid=false
2026-08-09T05:41:28Z  behind_by=0s  rows=123826760  invalid=false
2026-08-09T05:42:28Z  behind_by=0s  rows=123826760  invalid=false
2026-08-09T05:43:28Z  behind_by=0s  rows=123826760  invalid=false
2026-08-09T05:44:28Z  behind_by=0s  rows=123826760  invalid=false
2026-08-09T05:45:29Z  behind_by=0s  rows=123826760  invalid=false
2026-08-09T05:46:29Z  behind_by=0s  rows=123826760  invalid=false
2026-08-09T05:47:29Z  behind_by=0s  rows=123826760  invalid=false
2026-08-09T05:48:30Z  behind_by=0s  rows=123826760  invalid=false
2026-08-09T05:49:30Z  behind_by=0s  rows=123826760  invalid=false
2026-08-09T05:50:30Z  behind_by=0s  rows=123826760  invalid=false
2026-08-09T05:51:30Z  behind_by=0s  rows=123826760  invalid=false
2026-08-09T05:52:30Z  behind_by=0s  rows=123826760  invalid=false
2026-08-09T05:53:30Z  behind_by=0s  rows=123826760  invalid=false
2026-08-09T05:54:30Z  behind_by=0s  rows=123826760  invalid=false
2026-08-09T05:55:30Z  behind_by=0s  rows=123826760  invalid=false
2026-08-09T05:56:30Z  behind_by=0s  rows=123826760  invalid=false
2026-08-09T05:57:30Z  behind_by=0s  rows=123826760  invalid=false
2026-08-09T05:58:30Z  behind_by=0s  rows=123826760  invalid=false
2026-08-09T05:59:30Z  behind_by=0s  rows=123826760  invalid=false
2026-08-09T06:00:30Z  behind_by=0s  rows=123826760  invalid=false
2026-08-09T06:01:31Z  behind_by=0s  rows=123826760  invalid=false
2026-08-09T06:02:32Z  behind_by=0s  rows=123826760  invalid=false
2026-08-09T06:03:33Z  behind_by=0s  rows=123826760  invalid=false
2026-08-09T06:04:33Z  behind_by=0s  rows=123826760  invalid=false
2026-08-09T06:05:33Z  behind_by=0s  rows=123826760  invalid=false
2026-08-09T06:06:33Z  behind_by=0s  rows=123826760  invalid=false
2026-08-09T06:07:33Z  behind_by=0s  rows=123826760  invalid=false
2026-08-09T06:08:34Z  behind_by=0s  rows=123826760  invalid=false
2026-08-09T06:09:34Z  behind_by=0s  rows=123826760  invalid=false
2026-08-09T06:10:35Z  behind_by=0s  rows=123826760  invalid=false
2026-08-09T06:11:35Z  behind_by=0s  rows=123826760  invalid=false
2026-08-09T06:12:35Z  behind_by=0s  rows=123826760  invalid=false
2026-08-09T06:13:35Z  behind_by=0s  rows=123826760  invalid=false
2026-08-09T06:14:35Z  behind_by=0s  rows=123826760  invalid=false
2026-08-09T06:15:35Z  behind_by=0s  rows=123826760  invalid=false
2026-08-09T06:16:35Z  behind_by=0s  rows=123826760  invalid=false
2026-08-09T06:17:35Z  behind_by=0s  rows=123826760  invalid=false
2026-08-09T06:18:36Z  behind_by=0s  rows=123826760  invalid=false
2026-08-09T06:19:36Z  behind_by=0s  rows=123826760  invalid=false
2026-08-09T06:20:36Z  behind_by=0s  rows=123826760  invalid=false
2026-08-09T06:21:36Z  behind_by=0s  rows=123826760  invalid=false
2026-08-09T06:22:36Z  behind_by=0s  rows=123826760  invalid=false
2026-08-09T06:23:36Z  behind_by=0s  rows=123826760  invalid=false
2026-08-09T06:24:36Z  behind_by=0s  rows=123826760  invalid=false
2026-08-09T06:25:36Z  behind_by=0s  rows=123826760  invalid=false
2026-08-09T06:26:36Z  behind_by=0s  rows=123826760  invalid=false
2026-08-09T06:27:36Z  behind_by=0s  rows=123826760  invalid=false
2026-08-09T06:28:37Z  behind_by=0s  rows=123826760  invalid=false
2026-08-09T06:29:37Z  behind_by=0s  rows=123826760  invalid=false
2026-08-09T06:30:37Z  behind_by=0s  rows=123826760  invalid=false
2026-08-09T06:31:37Z  behind_by=0s  rows=123826760  invalid=false
2026-08-09T06:32:37Z  behind_by=0s  rows=123826760  invalid=false
2026-08-09T06:33:37Z  behind_by=0s  rows=123826760  invalid=false
2026-08-09T06:34:37Z  behind_by=0s  rows=123826760  invalid=false
2026-08-09T06:35:37Z  behind_by=0s  rows=123826760  invalid=false
2026-08-09T06:36:37Z  behind_by=0s  rows=123826760  invalid=false
2026-08-09T06:37:37Z  behind_by=0s  rows=123826760  invalid=false
2026-08-09T06:38:37Z  behind_by=0s  rows=123826760  invalid=false
2026-08-09T06:39:37Z  behind_by=0s  rows=123826760  invalid=false
2026-08-09T06:40:38Z  behind_by=0s  rows=123826760  invalid=false
2026-08-09T06:41:38Z  behind_by=0s  rows=123826760  invalid=false
2026-08-09T06:42:38Z  behind_by=0s  rows=123826760  invalid=false
2026-08-09T06:43:38Z  behind_by=0s  rows=123826760  invalid=false
2026-08-09T06:44:38Z  behind_by=0s  rows=123826760  invalid=false
2026-08-09T06:45:38Z  behind_by=0s  rows=123826760  invalid=false
2026-08-09T06:46:38Z  behind_by=0s  rows=123826760  invalid=false
2026-08-09T06:47:38Z  behind_by=0s  rows=123826760  invalid=false
2026-08-09T06:48:38Z  behind_by=0s  rows=123826760  invalid=false
2026-08-09T06:49:38Z  behind_by=0s  rows=123826760  invalid=false
2026-08-09T06:50:38Z  behind_by=0s  rows=123826760  invalid=false
2026-08-09T06:51:38Z  behind_by=0s  rows=123826760  invalid=false
2026-08-09T06:52:39Z  behind_by=0s  rows=123826760  invalid=false
2026-08-09T06:53:39Z  behind_by=0s  rows=123826760  invalid=false
2026-08-09T06:54:39Z  behind_by=0s  rows=123826760  invalid=false
2026-08-09T06:55:39Z  behind_by=0s  rows=123826760  invalid=false
2026-08-09T06:56:39Z  behind_by=0s  rows=123826760  invalid=false
2026-08-09T06:57:39Z  behind_by=0s  rows=123826760  invalid=false
2026-08-09T06:58:39Z  behind_by=0s  rows=123826760  invalid=false
2026-08-09T06:59:39Z  behind_by=0s  rows=123826760  invalid=false
2026-08-09T07:00:39Z  behind_by=0s  rows=123826760  invalid=false
2026-08-09T07:01:39Z  behind_by=0s  rows=123826760  invalid=false
2026-08-09T07:02:40Z  behind_by=0s  rows=123826760  invalid=false
2026-08-09T07:03:40Z  behind_by=0s  rows=123826760  invalid=false
2026-08-09T07:04:40Z  behind_by=0s  rows=123826760  invalid=false
2026-08-09T07:05:40Z  behind_by=0s  rows=123826760  invalid=false
2026-08-09T07:06:40Z  behind_by=0s  rows=123826760  invalid=false
2026-08-09T07:07:40Z  behind_by=0s  rows=123826760  invalid=false
2026-08-09T07:08:40Z  behind_by=0s  rows=123826760  invalid=false
2026-08-09T07:09:40Z  behind_by=0s  rows=123826760  invalid=false
2026-08-09T07:10:40Z  behind_by=0s  rows=123826760  invalid=false
2026-08-09T07:11:40Z  behind_by=0s  rows=123826760  invalid=false
2026-08-09T07:12:40Z  behind_by=0s  rows=123826760  invalid=false
2026-08-09T07:13:41Z  behind_by=0s  rows=123826760  invalid=false
2026-08-09T07:14:41Z  behind_by=0s  rows=123826760  invalid=false
2026-08-09T07:15:41Z  behind_by=0s  rows=123826760  invalid=false
2026-08-09T07:16:41Z  behind_by=0s  rows=123826760  invalid=false
2026-08-09T07:17:41Z  behind_by=0s  rows=123826760  invalid=false
2026-08-09T07:18:42Z  behind_by=0s  rows=123826760  invalid=false
2026-08-09T07:19:42Z  behind_by=0s  rows=123826760  invalid=false
2026-08-09T07:20:42Z  behind_by=0s  rows=123826760  invalid=false
2026-08-09T07:21:42Z  behind_by=0s  rows=123826760  invalid=false
2026-08-09T07:22:42Z  behind_by=0s  rows=123826760  invalid=false
2026-08-09T07:23:42Z  behind_by=0s  rows=123826760  invalid=false
2026-08-09T07:24:42Z  behind_by=0s  rows=123826760  invalid=false
2026-08-09T07:25:42Z  behind_by=0s  rows=123826760  invalid=false
2026-08-09T07:26:42Z  behind_by=0s  rows=123826760  invalid=false
2026-08-09T07:27:43Z  behind_by=0s  rows=123826760  invalid=false
2026-08-09T07:28:43Z  behind_by=0s  rows=123826760  invalid=false
2026-08-09T07:29:43Z  behind_by=0s  rows=123826760  invalid=false
2026-08-09T07:30:43Z  behind_by=0s  rows=123826760  invalid=false
2026-08-09T07:31:43Z  behind_by=0s  rows=123826760  invalid=false
2026-08-09T07:32:43Z  behind_by=0s  rows=123826760  invalid=false
2026-08-09T07:33:44Z  behind_by=0s  rows=123826760  invalid=false
2026-08-09T07:34:44Z  behind_by=0s  rows=123826760  invalid=false
2026-08-09T07:35:44Z  behind_by=0s  rows=123826760  invalid=false
2026-08-09T07:36:44Z  behind_by=0s  rows=123826760  invalid=false
2026-08-09T07:37:44Z  behind_by=0s  rows=123826760  invalid=false
2026-08-09T07:38:44Z  behind_by=0s  rows=123826760  invalid=false
2026-08-09T07:39:44Z  behind_by=0s  rows=123826760  invalid=false
2026-08-09T07:40:44Z  behind_by=0s  rows=123826760  invalid=false
2026-08-09T07:41:44Z  behind_by=0s  rows=123826760  invalid=false
2026-08-09T07:42:45Z  behind_by=0s  rows=123826760  invalid=false
2026-08-09T07:43:45Z  behind_by=0s  rows=123826760  invalid=false
2026-08-09T07:44:45Z  behind_by=0s  rows=123826760  invalid=false
2026-08-09T07:45:45Z  behind_by=0s  rows=123826760  invalid=false
2026-08-09T07:46:45Z  behind_by=0s  rows=123826760  invalid=false
2026-08-09T07:47:45Z  behind_by=0s  rows=123826760  invalid=false
2026-08-09T07:48:45Z  behind_by=0s  rows=123826760  invalid=false
2026-08-09T07:49:45Z  behind_by=0s  rows=123826760  invalid=false
2026-08-09T07:50:46Z  behind_by=0s  rows=123826760  invalid=false
2026-08-09T07:51:46Z  behind_by=0s  rows=123826760  invalid=false
2026-08-09T07:52:46Z  behind_by=0s  rows=123826760  invalid=false
2026-08-09T07:53:47Z  behind_by=0s  rows=123826760  invalid=false
2026-08-09T07:54:47Z  behind_by=0s  rows=123826760  invalid=false
2026-08-09T07:55:47Z  behind_by=0s  rows=123826760  invalid=false
2026-08-09T07:56:47Z  behind_by=0s  rows=123826760  invalid=false
2026-08-09T07:57:47Z  behind_by=0s  rows=123826760  invalid=false
2026-08-09T07:58:47Z  behind_by=0s  rows=123826760  invalid=false
2026-08-09T07:59:47Z  behind_by=0s  rows=123826760  invalid=false
2026-08-09T08:00:47Z  behind_by=0s  rows=123826760  invalid=false
2026-08-09T08:01:48Z  behind_by=0s  rows=123826760  invalid=false
2026-08-09T08:02:48Z  behind_by=0s  rows=123826760  invalid=false
2026-08-09T08:03:48Z  behind_by=0s  rows=123826760  invalid=false
2026-08-09T08:04:48Z  behind_by=0s  rows=123826760  invalid=false
2026-08-09T08:05:48Z  behind_by=0s  rows=123826760  invalid=false
2026-08-09T08:06:48Z  behind_by=0s  rows=123826760  invalid=false
2026-08-09T08:07:48Z  behind_by=0s  rows=123826760  invalid=false
2026-08-09T08:08:48Z  behind_by=0s  rows=123826760  invalid=false
2026-08-09T08:09:48Z  behind_by=0s  rows=123826760  invalid=false
2026-08-09T08:10:48Z  behind_by=0s  rows=123826760  invalid=false
2026-08-09T08:11:49Z  behind_by=0s  rows=123826760  invalid=false
2026-08-09T08:12:49Z  behind_by=0s  rows=123826760  invalid=false
2026-08-09T08:13:49Z  behind_by=0s  rows=123826760  invalid=false
2026-08-09T08:14:49Z  behind_by=0s  rows=123826760  invalid=false
2026-08-09T08:15:49Z  behind_by=0s  rows=123826760  invalid=false
2026-08-09T08:16:49Z  behind_by=0s  rows=123826760  invalid=false
2026-08-09T08:17:49Z  behind_by=0s  rows=123826760  invalid=false
2026-08-09T08:18:49Z  behind_by=0s  rows=123826760  invalid=false
2026-08-09T08:19:49Z  behind_by=0s  rows=123826760  invalid=false
2026-08-09T08:20:49Z  behind_by=0s  rows=123826760  invalid=false
2026-08-09T08:21:49Z  behind_by=0s  rows=123826760  invalid=false
2026-08-09T08:22:49Z  behind_by=0s  rows=123826760  invalid=false
2026-08-09T08:23:50Z  behind_by=0s  rows=123826760  invalid=false
2026-08-09T08:24:50Z  behind_by=0s  rows=123826760  invalid=false
2026-08-09T08:25:50Z  behind_by=0s  rows=123826760  invalid=false
2026-08-09T08:26:50Z  behind_by=0s  rows=123826760  invalid=false
2026-08-09T08:27:50Z  behind_by=0s  rows=123826760  invalid=false
2026-08-09T08:28:50Z  behind_by=0s  rows=123826760  invalid=false
2026-08-09T08:29:50Z  behind_by=0s  rows=123826760  invalid=false
2026-08-09T08:30:50Z  behind_by=0s  rows=123826760  invalid=false
2026-08-09T08:31:51Z  behind_by=0s  rows=123826760  invalid=false
2026-08-09T08:32:51Z  behind_by=0s  rows=123826760  invalid=false
2026-08-09T08:33:51Z  behind_by=0s  rows=123826760  invalid=false
2026-08-09T08:34:51Z  behind_by=0s  rows=123826760  invalid=false
2026-08-09T08:35:51Z  behind_by=0s  rows=123826760  invalid=false
2026-08-09T08:36:51Z  behind_by=0s  rows=123826760  invalid=false
2026-08-09T08:37:51Z  behind_by=0s  rows=123826760  invalid=false
2026-08-09T08:38:51Z  behind_by=0s  rows=123826760  invalid=false
2026-08-09T08:39:52Z  behind_by=0s  rows=123826760  invalid=false
2026-08-09T08:40:52Z  behind_by=0s  rows=123826760  invalid=false
2026-08-09T08:41:52Z  behind_by=0s  rows=123826760  invalid=false
2026-08-09T08:42:52Z  behind_by=0s  rows=123826760  invalid=false
2026-08-09T08:43:52Z  behind_by=0s  rows=123826760  invalid=false
2026-08-09T08:44:52Z  behind_by=0s  rows=123826760  invalid=false
2026-08-09T08:45:52Z  behind_by=0s  rows=123826760  invalid=false
2026-08-09T08:46:52Z  behind_by=0s  rows=123826760  invalid=false
2026-08-09T08:47:52Z  behind_by=0s  rows=123826760  invalid=false
2026-08-09T08:48:52Z  behind_by=0s  rows=123826760  invalid=false
2026-08-09T08:49:52Z  behind_by=0s  rows=123826760  invalid=false
2026-08-09T08:50:53Z  behind_by=0s  rows=123826760  invalid=false
2026-08-09T08:51:53Z  behind_by=0s  rows=123826760  invalid=false
2026-08-09T08:52:53Z  behind_by=0s  rows=123826760  invalid=false
2026-08-09T08:53:53Z  behind_by=0s  rows=123826760  invalid=false
2026-08-09T08:54:53Z  behind_by=0s  rows=2337678  invalid=false
2026-08-09T08:55:53Z  behind_by=0s  rows=2337678  invalid=false
2026-08-09T08:56:54Z  behind_by=0s  rows=2337678  invalid=false
2026-08-09T08:57:54Z  behind_by=0s  rows=2337678  invalid=false
2026-08-09T08:58:54Z  behind_by=0s  rows=2337678  invalid=false
2026-08-09T08:59:54Z  behind_by=0s  rows=2337678  invalid=false
2026-08-09T09:00:54Z  behind_by=0s  rows=2337678  invalid=false
2026-08-09T09:01:54Z  behind_by=0s  rows=2337678  invalid=false
2026-08-09T09:02:55Z  behind_by=0s  rows=2337678  invalid=false
2026-08-09T09:03:55Z  behind_by=0s  rows=2337678  invalid=false
2026-08-09T09:04:55Z  behind_by=0s  rows=2337678  invalid=false
2026-08-09T09:05:55Z  behind_by=0s  rows=2337678  invalid=false
2026-08-09T09:06:55Z  behind_by=0s  rows=2337678  invalid=false
2026-08-09T09:07:55Z  behind_by=0s  rows=2337678  invalid=false
2026-08-09T09:08:55Z  behind_by=0s  rows=2337678  invalid=false
2026-08-09T09:09:55Z  behind_by=0s  rows=2337678  invalid=false
2026-08-09T09:10:56Z  behind_by=0s  rows=2337678  invalid=false
2026-08-09T09:11:56Z  behind_by=0s  rows=2337678  invalid=false
2026-08-09T09:12:56Z  behind_by=0s  rows=2337678  invalid=false
2026-08-09T09:13:56Z  behind_by=0s  rows=2337678  invalid=false
2026-08-09T09:14:56Z  behind_by=0s  rows=2337678  invalid=false
2026-08-09T09:15:56Z  behind_by=0s  rows=2337678  invalid=false
2026-08-09T09:16:56Z  behind_by=0s  rows=2337678  invalid=false
2026-08-09T09:17:56Z  behind_by=0s  rows=2337678  invalid=false
2026-08-09T09:18:56Z  behind_by=0s  rows=2337678  invalid=false
2026-08-09T09:19:56Z  behind_by=0s  rows=2337678  invalid=false
2026-08-09T09:20:56Z  behind_by=0s  rows=2337678  invalid=false
2026-08-09T09:21:57Z  behind_by=0s  rows=2337678  invalid=false
2026-08-09T09:22:57Z  behind_by=0s  rows=2337678  invalid=false
2026-08-09T09:23:57Z  behind_by=0s  rows=2337678  invalid=false
2026-08-09T09:24:57Z  behind_by=0s  rows=2337678  invalid=false
2026-08-09T09:25:57Z  behind_by=0s  rows=2337678  invalid=false
2026-08-09T09:26:57Z  behind_by=0s  rows=2337678  invalid=false
2026-08-09T09:27:57Z  behind_by=0s  rows=2337678  invalid=false
2026-08-09T09:28:57Z  behind_by=0s  rows=2337678  invalid=false
2026-08-09T09:29:57Z  behind_by=0s  rows=2337678  invalid=false
2026-08-09T09:30:57Z  behind_by=0s  rows=2337678  invalid=false
2026-08-09T09:31:58Z  behind_by=0s  rows=2337678  invalid=false
2026-08-09T09:32:58Z  behind_by=0s  rows=2337678  invalid=false
2026-08-09T09:33:58Z  behind_by=0s  rows=2337678  invalid=false
2026-08-09T09:34:58Z  behind_by=0s  rows=2337678  invalid=false
2026-08-09T09:35:58Z  behind_by=0s  rows=2337678  invalid=false
2026-08-09T09:36:58Z  behind_by=0s  rows=2337678  invalid=false
2026-08-09T09:37:58Z  behind_by=0s  rows=2337678  invalid=false
2026-08-09T09:38:58Z  behind_by=0s  rows=2337678  invalid=false
2026-08-09T09:39:59Z  behind_by=0s  rows=2337678  invalid=false
2026-08-09T09:40:59Z  behind_by=0s  rows=2337678  invalid=false
2026-08-09T09:41:59Z  behind_by=0s  rows=2337678  invalid=false
2026-08-09T09:42:59Z  behind_by=0s  rows=2337678  invalid=false
2026-08-09T09:43:59Z  behind_by=0s  rows=2337678  invalid=false
2026-08-09T09:44:59Z  behind_by=0s  rows=2337678  invalid=false
2026-08-09T09:45:59Z  behind_by=0s  rows=2337678  invalid=false
2026-08-09T09:46:59Z  behind_by=0s  rows=2337678  invalid=false
2026-08-09T09:47:59Z  behind_by=0s  rows=2337678  invalid=false
2026-08-09T09:49:00Z  behind_by=0s  rows=2337678  invalid=false
2026-08-09T09:50:00Z  behind_by=0s  rows=2337678  invalid=false
2026-08-09T09:51:00Z  behind_by=0s  rows=2337678  invalid=false
2026-08-09T09:52:00Z  behind_by=0s  rows=2337678  invalid=false
2026-08-09T09:53:00Z  behind_by=0s  rows=2337678  invalid=false
2026-08-09T09:54:00Z  behind_by=0s  rows=2337678  invalid=false
2026-08-09T09:55:00Z  behind_by=0s  rows=2337678  invalid=false
2026-08-09T09:56:01Z  behind_by=0s  rows=2337678  invalid=false
2026-08-09T09:57:01Z  behind_by=0s  rows=2337678  invalid=false
2026-08-09T09:58:01Z  behind_by=0s  rows=2337678  invalid=false
2026-08-09T09:59:01Z  behind_by=0s  rows=2337678  invalid=false
2026-08-09T10:00:01Z  behind_by=0s  rows=2337678  invalid=false
2026-08-09T10:01:02Z  behind_by=0s  rows=2337678  invalid=false
2026-08-09T10:02:02Z  behind_by=0s  rows=2337678  invalid=false
2026-08-09T10:03:02Z  behind_by=0s  rows=2337678  invalid=false
2026-08-09T10:04:02Z  behind_by=0s  rows=2337678  invalid=false
2026-08-09T10:05:02Z  behind_by=0s  rows=2337678  invalid=false
2026-08-09T10:06:02Z  behind_by=0s  rows=2337678  invalid=false
2026-08-09T10:07:02Z  behind_by=0s  rows=2337678  invalid=false
2026-08-09T10:08:03Z  behind_by=0s  rows=2337678  invalid=false
2026-08-09T10:09:03Z  behind_by=0s  rows=2337678  invalid=false
2026-08-09T10:10:03Z  behind_by=0s  rows=2337678  invalid=false
2026-08-09T10:11:03Z  behind_by=0s  rows=2337678  invalid=false
2026-08-09T10:12:04Z  behind_by=0s  rows=2337678  invalid=false
2026-08-09T10:13:04Z  behind_by=0s  rows=2337678  invalid=false
2026-08-09T10:14:04Z  behind_by=0s  rows=2337678  invalid=false
2026-08-09T10:15:04Z  behind_by=0s  rows=2337678  invalid=false
2026-08-09T10:16:04Z  behind_by=0s  rows=2337678  invalid=false
2026-08-09T10:17:04Z  behind_by=0s  rows=2337678  invalid=false
2026-08-09T10:18:04Z  behind_by=0s  rows=2337678  invalid=false
2026-08-09T10:19:04Z  behind_by=0s  rows=2337678  invalid=false
2026-08-09T10:20:04Z  behind_by=0s  rows=2337678  invalid=false
2026-08-09T10:21:04Z  behind_by=0s  rows=2337678  invalid=false
2026-08-09T10:22:05Z  behind_by=0s  rows=2337678  invalid=false
2026-08-09T10:23:05Z  behind_by=0s  rows=2337678  invalid=false
2026-08-09T10:24:05Z  behind_by=0s  rows=2337678  invalid=false
2026-08-09T10:25:05Z  behind_by=0s  rows=2337678  invalid=false
2026-08-09T10:26:05Z  behind_by=0s  rows=2337678  invalid=false
2026-08-09T10:27:05Z  behind_by=0s  rows=2337678  invalid=false
2026-08-09T10:28:05Z  behind_by=0s  rows=2337678  invalid=false
2026-08-09T10:29:05Z  behind_by=0s  rows=2337678  invalid=false
2026-08-09T10:30:06Z  behind_by=0s  rows=2337678  invalid=false
2026-08-09T10:31:06Z  behind_by=0s  rows=2337678  invalid=false
2026-08-09T10:32:06Z  behind_by=0s  rows=2337678  invalid=false
2026-08-09T10:33:06Z  behind_by=0s  rows=2337678  invalid=false
2026-08-09T10:34:07Z  behind_by=0s  rows=2337678  invalid=false
2026-08-09T10:35:07Z  behind_by=0s  rows=2337678  invalid=false
2026-08-09T10:36:07Z  behind_by=0s  rows=2337678  invalid=false
2026-08-09T10:37:07Z  behind_by=0s  rows=2337678  invalid=false
2026-08-09T10:38:07Z  behind_by=0s  rows=2337678  invalid=false
2026-08-09T10:39:07Z  behind_by=0s  rows=2337678  invalid=false
2026-08-09T10:40:07Z  behind_by=0s  rows=2337678  invalid=false
2026-08-09T10:41:08Z  behind_by=0s  rows=2337678  invalid=false
2026-08-09T10:42:08Z  behind_by=0s  rows=2337678  invalid=false
2026-08-09T10:43:08Z  behind_by=0s  rows=2337678  invalid=false
2026-08-09T10:44:08Z  behind_by=0s  rows=2337678  invalid=false
2026-08-09T10:45:08Z  behind_by=0s  rows=2337678  invalid=false
2026-08-09T10:46:08Z  behind_by=0s  rows=2337678  invalid=false
2026-08-09T10:47:09Z  behind_by=0s  rows=2337678  invalid=false
2026-08-09T10:48:09Z  behind_by=0s  rows=2337678  invalid=false
2026-08-09T10:49:09Z  behind_by=0s  rows=2337678  invalid=false
2026-08-09T10:50:09Z  behind_by=0s  rows=2337678  invalid=false
2026-08-09T10:51:10Z  behind_by=0s  rows=2337678  invalid=false
2026-08-09T10:52:10Z  behind_by=0s  rows=2337678  invalid=false
2026-08-09T10:53:10Z  behind_by=0s  rows=2337678  invalid=false
2026-08-09T10:54:10Z  behind_by=0s  rows=2337678  invalid=false
2026-08-09T10:55:10Z  behind_by=0s  rows=2337678  invalid=false
2026-08-09T10:56:11Z  behind_by=0s  rows=2337678  invalid=false
2026-08-09T10:57:11Z  behind_by=0s  rows=2337678  invalid=false
2026-08-09T10:58:11Z  behind_by=0s  rows=2337678  invalid=false
2026-08-09T10:59:11Z  behind_by=0s  rows=2337678  invalid=false
2026-08-09T11:00:11Z  behind_by=0s  rows=2337678  invalid=false
2026-08-09T11:01:12Z  behind_by=0s  rows=2337678  invalid=false
2026-08-09T11:02:12Z  behind_by=0s  rows=2337678  invalid=false
2026-08-09T11:03:13Z  behind_by=0s  rows=2337678  invalid=false
2026-08-09T11:04:13Z  behind_by=0s  rows=2337678  invalid=false
2026-08-09T11:05:13Z  behind_by=0s  rows=2337678  invalid=false
2026-08-09T11:06:13Z  behind_by=0s  rows=2337678  invalid=false
2026-08-09T11:07:13Z  behind_by=0s  rows=2337678  invalid=false
2026-08-09T11:08:13Z  behind_by=0s  rows=2337678  invalid=false
2026-08-09T11:09:13Z  behind_by=0s  rows=2337678  invalid=false
2026-08-09T11:10:13Z  behind_by=0s  rows=2337678  invalid=false
2026-08-09T11:11:13Z  behind_by=0s  rows=2337678  invalid=false
2026-08-09T11:12:13Z  behind_by=0s  rows=2337678  invalid=false
2026-08-09T11:13:14Z  behind_by=0s  rows=2337678  invalid=false
2026-08-09T11:14:14Z  behind_by=0s  rows=2337678  invalid=false
2026-08-09T11:15:14Z  behind_by=0s  rows=2337678  invalid=false
2026-08-09T11:16:14Z  behind_by=0s  rows=2337678  invalid=false
2026-08-09T11:17:14Z  behind_by=0s  rows=2337678  invalid=false
2026-08-09T11:18:14Z  behind_by=0s  rows=2337678  invalid=false
2026-08-09T11:19:14Z  behind_by=0s  rows=2337678  invalid=false
2026-08-09T11:20:14Z  behind_by=0s  rows=2337678  invalid=false
2026-08-09T11:21:14Z  behind_by=0s  rows=2337678  invalid=false
2026-08-09T11:22:14Z  behind_by=0s  rows=2337678  invalid=false
2026-08-09T11:23:14Z  behind_by=0s  rows=2337678  invalid=false
2026-08-09T11:24:14Z  behind_by=0s  rows=2337678  invalid=false
2026-08-09T11:25:15Z  behind_by=0s  rows=2337678  invalid=false
2026-08-09T11:26:15Z  behind_by=0s  rows=2337678  invalid=false
2026-08-09T11:27:15Z  behind_by=0s  rows=2337678  invalid=false
2026-08-09T11:28:15Z  behind_by=0s  rows=2337678  invalid=false
2026-08-09T11:29:15Z  behind_by=0s  rows=2337678  invalid=false
2026-08-09T11:30:15Z  behind_by=0s  rows=2337678  invalid=false
2026-08-09T11:31:15Z  behind_by=0s  rows=2337678  invalid=false
2026-08-09T11:32:15Z  behind_by=0s  rows=2337678  invalid=false
2026-08-09T11:33:15Z  behind_by=0s  rows=2337678  invalid=false
2026-08-09T11:34:15Z  behind_by=0s  rows=2337678  invalid=false
2026-08-09T11:35:15Z  behind_by=0s  rows=2337678  invalid=false
2026-08-09T11:36:16Z  behind_by=0s  rows=2337678  invalid=false
2026-08-09T11:37:16Z  behind_by=0s  rows=2337678  invalid=false
2026-08-09T11:38:16Z  behind_by=0s  rows=2337678  invalid=false
2026-08-09T11:39:16Z  behind_by=0s  rows=2337678  invalid=false
2026-08-09T11:40:16Z  behind_by=0s  rows=2337678  invalid=false
2026-08-09T11:41:16Z  behind_by=0s  rows=2337678  invalid=false
2026-08-09T11:42:16Z  behind_by=0s  rows=2337678  invalid=false
2026-08-09T11:43:17Z  behind_by=0s  rows=2337678  invalid=false
2026-08-09T11:44:17Z  behind_by=0s  rows=2337678  invalid=false
2026-08-09T11:45:17Z  behind_by=0s  rows=2337678  invalid=false
2026-08-09T11:46:17Z  behind_by=0s  rows=2337678  invalid=false
2026-08-09T11:47:17Z  behind_by=0s  rows=2337678  invalid=false
2026-08-09T11:48:17Z  behind_by=0s  rows=2337678  invalid=false
2026-08-09T11:49:17Z  behind_by=0s  rows=2337678  invalid=false
2026-08-09T11:50:17Z  behind_by=0s  rows=2337678  invalid=false
2026-08-09T11:51:17Z  behind_by=0s  rows=2337678  invalid=false
2026-08-09T11:52:17Z  behind_by=0s  rows=2337678  invalid=false
2026-08-09T11:53:17Z  behind_by=0s  rows=2337678  invalid=false
2026-08-09T11:54:17Z  behind_by=0s  rows=2337678  invalid=false
2026-08-09T11:55:17Z  behind_by=0s  rows=2337678  invalid=false
2026-08-09T11:56:18Z  behind_by=0s  rows=2337678  invalid=false
2026-08-09T11:57:18Z  behind_by=0s  rows=2337678  invalid=false
2026-08-09T11:58:18Z  behind_by=0s  rows=2337678  invalid=false
2026-08-09T11:59:18Z  behind_by=0s  rows=2337678  invalid=false
2026-08-09T12:00:18Z  behind_by=0s  rows=2337678  invalid=false
2026-08-09T12:01:18Z  behind_by=0s  rows=2337678  invalid=false
2026-08-09T12:02:18Z  behind_by=0s  rows=2337678  invalid=false
2026-08-09T12:03:18Z  behind_by=0s  rows=2337678  invalid=false
2026-08-09T12:04:18Z  behind_by=0s  rows=2337678  invalid=false
2026-08-09T12:05:18Z  behind_by=0s  rows=2337678  invalid=false
2026-08-09T12:06:19Z  behind_by=0s  rows=2337678  invalid=false
2026-08-09T12:07:19Z  behind_by=0s  rows=2337678  invalid=false
2026-08-09T12:08:19Z  behind_by=0s  rows=2337678  invalid=false
2026-08-09T12:09:19Z  behind_by=0s  rows=2337678  invalid=false
2026-08-09T12:10:19Z  behind_by=0s  rows=2337678  invalid=false
2026-08-09T12:11:19Z  behind_by=0s  rows=2337678  invalid=false
2026-08-09T12:12:19Z  behind_by=0s  rows=2337678  invalid=false
2026-08-09T12:13:19Z  behind_by=0s  rows=2337678  invalid=false
2026-08-09T12:14:19Z  behind_by=0s  rows=2337678  invalid=false
2026-08-09T12:15:20Z  behind_by=0s  rows=2337678  invalid=false
2026-08-09T12:16:20Z  behind_by=0s  rows=2337678  invalid=false
2026-08-09T12:17:20Z  behind_by=0s  rows=2337678  invalid=false
2026-08-09T12:18:20Z  behind_by=0s  rows=2337678  invalid=false
2026-08-09T12:19:20Z  behind_by=0s  rows=2337678  invalid=false
2026-08-09T12:20:20Z  behind_by=0s  rows=2337678  invalid=false
2026-08-09T12:21:20Z  behind_by=0s  rows=2337678  invalid=false
2026-08-09T12:22:20Z  behind_by=0s  rows=2337678  invalid=false
2026-08-09T12:23:20Z  behind_by=0s  rows=2337678  invalid=false
2026-08-09T12:24:21Z  behind_by=0s  rows=2337678  invalid=false
2026-08-09T12:25:21Z  behind_by=0s  rows=2337678  invalid=false
2026-08-09T12:26:21Z  behind_by=0s  rows=2337678  invalid=false
2026-08-09T12:27:21Z  behind_by=0s  rows=2337678  invalid=false
2026-08-09T12:28:21Z  behind_by=0s  rows=2337678  invalid=false
2026-08-09T12:29:21Z  behind_by=0s  rows=2337678  invalid=false
2026-08-09T12:30:21Z  behind_by=0s  rows=2337678  invalid=false
2026-08-09T12:31:21Z  behind_by=0s  rows=2337678  invalid=false
2026-08-09T12:32:21Z  behind_by=0s  rows=2337678  invalid=false
2026-08-09T12:33:21Z  behind_by=0s  rows=2337678  invalid=false
2026-08-09T12:34:21Z  behind_by=0s  rows=2337678  invalid=false
2026-08-09T12:35:22Z  behind_by=0s  rows=2337678  invalid=false
2026-08-09T12:36:22Z  behind_by=0s  rows=2337678  invalid=false
2026-08-09T12:37:22Z  behind_by=0s  rows=2337678  invalid=false
2026-08-09T12:38:22Z  behind_by=0s  rows=2337678  invalid=false
2026-08-09T12:39:22Z  behind_by=0s  rows=2337678  invalid=false
2026-08-09T12:40:22Z  behind_by=0s  rows=2337678  invalid=false
2026-08-09T12:41:22Z  behind_by=0s  rows=2337678  invalid=false
2026-08-09T12:42:22Z  behind_by=0s  rows=2337678  invalid=false
2026-08-09T12:43:22Z  behind_by=0s  rows=2337678  invalid=false
2026-08-09T12:44:22Z  behind_by=0s  rows=2337678  invalid=false
2026-08-09T12:45:22Z  behind_by=0s  rows=2337678  invalid=false
2026-08-09T12:46:23Z  behind_by=0s  rows=2337678  invalid=false
2026-08-09T12:47:23Z  behind_by=0s  rows=2337678  invalid=false
2026-08-09T12:48:23Z  behind_by=0s  rows=2337678  invalid=false
2026-08-09T12:49:23Z  behind_by=0s  rows=2337678  invalid=false
2026-08-09T12:50:23Z  behind_by=0s  rows=2337678  invalid=false
2026-08-09T12:51:23Z  behind_by=0s  rows=2337678  invalid=false
2026-08-09T12:52:23Z  behind_by=0s  rows=2337678  invalid=false
2026-08-09T12:53:23Z  behind_by=0s  rows=2337678  invalid=false
2026-08-09T12:54:23Z  behind_by=0s  rows=2337678  invalid=false
2026-08-09T12:55:23Z  behind_by=0s  rows=2337678  invalid=false
2026-08-09T12:56:23Z  behind_by=0s  rows=2337678  invalid=false
2026-08-09T12:57:23Z  behind_by=0s  rows=2337678  invalid=false
2026-08-09T12:58:23Z  behind_by=0s  rows=2337678  invalid=false
2026-08-09T12:59:24Z  behind_by=0s  rows=2337678  invalid=false
2026-08-09T13:00:24Z  behind_by=0s  rows=2337678  invalid=false
2026-08-09T13:01:24Z  behind_by=0s  rows=2337678  invalid=false
2026-08-09T13:02:24Z  behind_by=0s  rows=2337678  invalid=false
2026-08-09T13:03:24Z  behind_by=0s  rows=2337678  invalid=false
2026-08-09T13:04:24Z  behind_by=0s  rows=2337678  invalid=false
2026-08-09T13:05:24Z  behind_by=0s  rows=2337678  invalid=false
2026-08-09T13:06:24Z  behind_by=0s  rows=2337678  invalid=false
2026-08-09T13:07:24Z  behind_by=0s  rows=2337678  invalid=false
2026-08-09T13:08:24Z  behind_by=0s  rows=2337678  invalid=false
2026-08-09T13:09:25Z  behind_by=0s  rows=2337678  invalid=false
2026-08-09T13:10:25Z  behind_by=0s  rows=2337678  invalid=false
2026-08-09T13:11:25Z  behind_by=0s  rows=2337678  invalid=false
2026-08-09T13:12:25Z  behind_by=0s  rows=2337678  invalid=false
2026-08-09T13:13:25Z  behind_by=0s  rows=2337678  invalid=false
2026-08-09T13:14:25Z  behind_by=0s  rows=2337678  invalid=false
2026-08-09T13:15:25Z  behind_by=0s  rows=2337678  invalid=false
2026-08-09T13:16:25Z  behind_by=0s  rows=2337678  invalid=false
2026-08-09T13:17:25Z  behind_by=0s  rows=2337678  invalid=false
2026-08-09T13:18:25Z  behind_by=0s  rows=2337678  invalid=false
2026-08-09T13:19:25Z  behind_by=0s  rows=2337678  invalid=false
2026-08-09T13:20:25Z  behind_by=0s  rows=2337678  invalid=false
2026-08-09T13:21:25Z  behind_by=0s  rows=2337678  invalid=false
2026-08-09T13:22:25Z  behind_by=0s  rows=2337678  invalid=false
2026-08-09T13:23:26Z  behind_by=0s  rows=2337678  invalid=false
2026-08-09T13:24:26Z  behind_by=0s  rows=2337678  invalid=false
2026-08-09T13:25:26Z  behind_by=0s  rows=2337678  invalid=false
2026-08-09T13:26:26Z  behind_by=0s  rows=2337678  invalid=false
2026-08-09T13:27:26Z  behind_by=0s  rows=2337678  invalid=false
2026-08-09T13:28:26Z  behind_by=0s  rows=2337678  invalid=false
2026-08-09T13:29:26Z  behind_by=0s  rows=2337678  invalid=false
2026-08-09T13:30:26Z  behind_by=0s  rows=2337678  invalid=false
2026-08-09T13:31:26Z  behind_by=0s  rows=2337678  invalid=false
2026-08-09T13:32:26Z  behind_by=0s  rows=2337678  invalid=false
2026-08-09T13:33:27Z  behind_by=0s  rows=2337678  invalid=false
2026-08-09T13:34:27Z  behind_by=0s  rows=2337678  invalid=false
2026-08-09T13:35:27Z  behind_by=0s  rows=2337678  invalid=false
2026-08-09T13:36:27Z  behind_by=0s  rows=2337678  invalid=false
2026-08-09T13:37:27Z  behind_by=0s  rows=2337678  invalid=false
2026-08-09T13:38:27Z  behind_by=0s  rows=2337678  invalid=false
2026-08-09T13:39:27Z  behind_by=0s  rows=2337678  invalid=false
2026-08-09T13:40:27Z  behind_by=0s  rows=2337678  invalid=false
2026-08-09T13:41:27Z  behind_by=0s  rows=2337678  invalid=false
2026-08-09T13:42:27Z  behind_by=0s  rows=2337678  invalid=false
2026-08-09T13:43:27Z  behind_by=0s  rows=2337678  invalid=false
2026-08-09T13:44:27Z  behind_by=0s  rows=2337678  invalid=false
2026-08-09T13:45:28Z  behind_by=0s  rows=2337678  invalid=false
2026-08-09T13:46:28Z  behind_by=0s  rows=2337678  invalid=false
2026-08-09T13:47:28Z  behind_by=0s  rows=2337678  invalid=false
2026-08-09T13:48:28Z  behind_by=0s  rows=2337678  invalid=false
2026-08-09T13:49:28Z  behind_by=0s  rows=2337678  invalid=false
2026-08-09T13:50:28Z  behind_by=0s  rows=2337678  invalid=false
2026-08-09T13:51:28Z  behind_by=0s  rows=2337678  invalid=false
2026-08-09T13:52:28Z  behind_by=0s  rows=2337678  invalid=false
2026-08-09T13:53:28Z  behind_by=0s  rows=2337678  invalid=false
2026-08-09T13:54:28Z  behind_by=0s  rows=2337678  invalid=false
2026-08-09T13:55:28Z  behind_by=0s  rows=2337678  invalid=false
2026-08-09T13:56:28Z  behind_by=0s  rows=2337678  invalid=false
2026-08-09T13:57:28Z  behind_by=0s  rows=2337678  invalid=false
2026-08-09T13:58:28Z  behind_by=0s  rows=2337678  invalid=false
2026-08-09T13:59:29Z  behind_by=0s  rows=2337678  invalid=false
2026-08-09T14:00:29Z  behind_by=0s  rows=2337678  invalid=false
2026-08-09T14:01:29Z  behind_by=0s  rows=2337678  invalid=false
2026-08-09T14:02:29Z  behind_by=0s  rows=2337678  invalid=false
2026-08-09T14:03:29Z  behind_by=0s  rows=2337678  invalid=false
2026-08-09T14:04:29Z  behind_by=0s  rows=2337678  invalid=false
2026-08-09T14:05:29Z  behind_by=0s  rows=2337678  invalid=false
2026-08-09T14:06:30Z  behind_by=0s  rows=2337678  invalid=false
2026-08-09T14:07:30Z  behind_by=0s  rows=2337678  invalid=false
2026-08-09T14:08:30Z  behind_by=0s  rows=2337678  invalid=false
2026-08-09T14:09:30Z  behind_by=0s  rows=2337678  invalid=false
2026-08-09T14:10:30Z  behind_by=0s  rows=2337678  invalid=false
2026-08-09T14:11:30Z  behind_by=0s  rows=2337678  invalid=false
2026-08-09T14:12:30Z  behind_by=0s  rows=2337678  invalid=false
2026-08-09T14:13:30Z  behind_by=0s  rows=2337678  invalid=false
2026-08-09T14:14:30Z  behind_by=0s  rows=2337678  invalid=false
2026-08-09T14:15:30Z  behind_by=0s  rows=2337678  invalid=false
2026-08-09T14:16:30Z  behind_by=0s  rows=2337678  invalid=false
2026-08-09T14:17:31Z  behind_by=0s  rows=2337678  invalid=false
2026-08-09T14:18:31Z  behind_by=0s  rows=2337678  invalid=false
2026-08-09T14:19:31Z  behind_by=0s  rows=2337678  invalid=false
2026-08-09T14:20:31Z  behind_by=0s  rows=2337678  invalid=false
2026-08-09T14:21:31Z  behind_by=0s  rows=2337678  invalid=false
2026-08-09T14:22:31Z  behind_by=0s  rows=2337678  invalid=false
2026-08-09T14:23:31Z  behind_by=0s  rows=2337678  invalid=false
2026-08-09T14:24:31Z  behind_by=0s  rows=2337678  invalid=false
2026-08-09T14:25:31Z  behind_by=0s  rows=2337678  invalid=false
2026-08-09T14:26:31Z  behind_by=0s  rows=2337678  invalid=false
2026-08-09T14:27:31Z  behind_by=0s  rows=2337678  invalid=false
2026-08-09T14:28:31Z  behind_by=0s  rows=2337678  invalid=false
2026-08-09T14:29:32Z  behind_by=0s  rows=2337678  invalid=false
2026-08-09T14:30:32Z  behind_by=0s  rows=2337678  invalid=false
2026-08-09T14:31:32Z  behind_by=0s  rows=2337678  invalid=false
2026-08-09T14:32:32Z  behind_by=0s  rows=2337678  invalid=false
2026-08-09T14:33:32Z  behind_by=0s  rows=2337678  invalid=false
2026-08-09T14:34:32Z  behind_by=0s  rows=2337678  invalid=false
2026-08-09T14:35:32Z  behind_by=0s  rows=2337678  invalid=false
2026-08-09T14:36:32Z  behind_by=0s  rows=2337678  invalid=false
2026-08-09T14:37:32Z  behind_by=0s  rows=2337678  invalid=false
2026-08-09T14:38:32Z  behind_by=0s  rows=2337678  invalid=false
2026-08-09T14:39:32Z  behind_by=0s  rows=2337678  invalid=false
2026-08-09T14:40:33Z  behind_by=0s  rows=2337678  invalid=false
2026-08-09T14:41:33Z  behind_by=0s  rows=2337678  invalid=false
2026-08-09T14:42:33Z  behind_by=0s  rows=2337678  invalid=false
2026-08-09T14:43:33Z  behind_by=0s  rows=2337678  invalid=false
2026-08-09T14:44:33Z  behind_by=0s  rows=2337678  invalid=false
2026-08-09T14:45:33Z  behind_by=0s  rows=2337678  invalid=false
2026-08-09T14:46:33Z  behind_by=0s  rows=2337678  invalid=false
2026-08-09T14:47:33Z  behind_by=0s  rows=2337678  invalid=false
2026-08-09T14:48:33Z  behind_by=0s  rows=2337678  invalid=false
2026-08-09T14:49:33Z  behind_by=0s  rows=2337678  invalid=false
2026-08-09T14:50:33Z  behind_by=0s  rows=2337678  invalid=false
2026-08-09T14:51:33Z  behind_by=0s  rows=2337678  invalid=false
2026-08-09T14:52:33Z  behind_by=0s  rows=2337678  invalid=false
2026-08-09T14:53:33Z  behind_by=0s  rows=2337678  invalid=false
2026-08-09T14:54:34Z  behind_by=0s  rows=2337678  invalid=false
2026-08-09T14:55:34Z  behind_by=0s  rows=2337678  invalid=false
2026-08-09T14:56:34Z  behind_by=0s  rows=2337678  invalid=false
2026-08-09T14:57:34Z  behind_by=0s  rows=2337678  invalid=false
2026-08-09T14:58:34Z  behind_by=0s  rows=2337678  invalid=false
2026-08-09T14:59:34Z  behind_by=0s  rows=2337678  invalid=false
2026-08-09T15:00:35Z  behind_by=0s  rows=2337678  invalid=false
2026-08-09T15:01:35Z  behind_by=0s  rows=2337678  invalid=false
2026-08-09T15:02:35Z  behind_by=0s  rows=2337678  invalid=false
2026-08-09T15:03:35Z  behind_by=0s  rows=2337678  invalid=false
2026-08-09T15:04:35Z  behind_by=0s  rows=2337678  invalid=false
2026-08-09T15:05:35Z  behind_by=0s  rows=2337678  invalid=false
2026-08-09T15:06:35Z  behind_by=0s  rows=2337678  invalid=false
2026-08-09T15:07:35Z  behind_by=0s  rows=2337678  invalid=false
2026-08-09T15:08:36Z  behind_by=0s  rows=2337678  invalid=false
2026-08-09T15:09:36Z  behind_by=0s  rows=2337678  invalid=false
2026-08-09T15:10:36Z  behind_by=0s  rows=2337678  invalid=false
2026-08-09T15:11:36Z  behind_by=0s  rows=2337678  invalid=false
2026-08-09T15:12:36Z  behind_by=0s  rows=2337678  invalid=false
2026-08-09T15:13:36Z  behind_by=0s  rows=2337678  invalid=false
2026-08-09T15:14:36Z  behind_by=0s  rows=2337678  invalid=false
2026-08-09T15:15:36Z  behind_by=0s  rows=2337678  invalid=false
2026-08-09T15:16:36Z  behind_by=0s  rows=2337678  invalid=false
2026-08-09T15:17:36Z  behind_by=0s  rows=2337678  invalid=false
2026-08-09T15:18:36Z  behind_by=0s  rows=2337678  invalid=false
2026-08-09T15:19:36Z  behind_by=0s  rows=2337678  invalid=false
2026-08-09T15:20:36Z  behind_by=0s  rows=2337678  invalid=false
2026-08-09T15:21:36Z  behind_by=0s  rows=2337678  invalid=false
2026-08-09T15:22:37Z  behind_by=0s  rows=2337678  invalid=false
2026-08-09T15:23:37Z  behind_by=0s  rows=2337678  invalid=false
2026-08-09T15:24:37Z  behind_by=0s  rows=2337678  invalid=false
2026-08-09T15:25:37Z  behind_by=0s  rows=2337678  invalid=false
2026-08-09T15:26:37Z  behind_by=0s  rows=2337678  invalid=false
2026-08-09T15:27:37Z  behind_by=0s  rows=2337678  invalid=false
2026-08-09T15:28:37Z  behind_by=0s  rows=2337678  invalid=false
2026-08-09T15:29:37Z  behind_by=0s  rows=2337678  invalid=false
2026-08-09T15:30:37Z  behind_by=0s  rows=2337678  invalid=false
2026-08-09T15:31:37Z  behind_by=0s  rows=2337678  invalid=false
2026-08-09T15:32:38Z  behind_by=0s  rows=2337678  invalid=false
2026-08-09T15:33:38Z  behind_by=0s  rows=2337678  invalid=false
2026-08-09T15:34:38Z  behind_by=0s  rows=2337678  invalid=false
2026-08-09T15:35:38Z  behind_by=0s  rows=2337678  invalid=false
2026-08-09T15:36:38Z  behind_by=0s  rows=2337678  invalid=false
2026-08-09T15:37:38Z  behind_by=0s  rows=2337678  invalid=false
2026-08-09T15:38:38Z  behind_by=0s  rows=2337678  invalid=false
2026-08-09T15:39:38Z  behind_by=0s  rows=2337678  invalid=false
2026-08-09T15:40:38Z  behind_by=0s  rows=2337678  invalid=false
2026-08-09T15:41:38Z  behind_by=0s  rows=2337678  invalid=false
2026-08-09T15:42:38Z  behind_by=0s  rows=2337678  invalid=false
2026-08-09T15:43:38Z  behind_by=0s  rows=2337678  invalid=false
2026-08-09T15:44:38Z  behind_by=0s  rows=2337678  invalid=false
2026-08-09T15:45:38Z  behind_by=0s  rows=2337678  invalid=false
2026-08-09T15:46:39Z  behind_by=0s  rows=2337678  invalid=false
2026-08-09T15:47:39Z  behind_by=0s  rows=2337678  invalid=false
2026-08-09T15:48:39Z  behind_by=0s  rows=2337678  invalid=false
2026-08-09T15:49:39Z  behind_by=0s  rows=2337678  invalid=false
2026-08-09T15:50:39Z  behind_by=0s  rows=2337678  invalid=false
2026-08-09T15:51:39Z  behind_by=0s  rows=2337678  invalid=false
2026-08-09T15:52:39Z  behind_by=0s  rows=2337678  invalid=false
2026-08-09T15:53:39Z  behind_by=0s  rows=2337678  invalid=false
2026-08-09T15:54:39Z  behind_by=0s  rows=2337678  invalid=false
2026-08-09T15:55:39Z  behind_by=0s  rows=2337678  invalid=false
2026-08-09T15:56:39Z  behind_by=0s  rows=2337678  invalid=false
2026-08-09T15:57:39Z  behind_by=0s  rows=2337678  invalid=false
2026-08-09T15:58:40Z  behind_by=0s  rows=2337678  invalid=false
2026-08-09T15:59:40Z  behind_by=0s  rows=2337678  invalid=false
2026-08-09T16:00:40Z  behind_by=0s  rows=2337678  invalid=false
2026-08-09T16:01:40Z  behind_by=0s  rows=2337678  invalid=false
2026-08-09T16:02:40Z  behind_by=0s  rows=2337678  invalid=false
2026-08-09T16:03:40Z  behind_by=0s  rows=2337678  invalid=false
2026-08-09T16:04:40Z  behind_by=0s  rows=2337678  invalid=false
2026-08-09T16:05:40Z  behind_by=0s  rows=2337678  invalid=false
2026-08-09T16:06:40Z  behind_by=0s  rows=2337678  invalid=false
2026-08-09T16:07:40Z  behind_by=0s  rows=2337678  invalid=false
2026-08-09T16:08:40Z  behind_by=0s  rows=2337678  invalid=false
2026-08-09T16:09:40Z  behind_by=0s  rows=2337678  invalid=false
2026-08-09T16:10:41Z  behind_by=0s  rows=2337678  invalid=false
2026-08-09T16:11:41Z  behind_by=0s  rows=2337678  invalid=false
2026-08-09T16:12:41Z  behind_by=0s  rows=2337678  invalid=false
2026-08-09T16:13:41Z  behind_by=0s  rows=2337678  invalid=false
2026-08-09T16:14:41Z  behind_by=0s  rows=2337678  invalid=false
2026-08-09T16:15:41Z  behind_by=0s  rows=2337678  invalid=false
2026-08-09T16:16:41Z  behind_by=0s  rows=2337678  invalid=false
2026-08-09T16:17:41Z  behind_by=0s  rows=2337678  invalid=false
2026-08-09T16:18:41Z  behind_by=0s  rows=2337678  invalid=false
2026-08-09T16:19:41Z  behind_by=0s  rows=2337678  invalid=false
2026-08-09T16:20:41Z  behind_by=0s  rows=2337678  invalid=false
2026-08-09T16:21:41Z  behind_by=0s  rows=2337678  invalid=false
2026-08-09T16:22:41Z  behind_by=0s  rows=2337678  invalid=false
2026-08-09T16:23:42Z  behind_by=0s  rows=2337678  invalid=false
2026-08-09T16:24:42Z  behind_by=0s  rows=2337678  invalid=false
2026-08-09T16:25:42Z  behind_by=0s  rows=2337678  invalid=false
2026-08-09T16:26:42Z  behind_by=0s  rows=2337678  invalid=false
2026-08-09T16:27:42Z  behind_by=0s  rows=2337678  invalid=false
2026-08-09T16:28:42Z  behind_by=0s  rows=2337678  invalid=false
2026-08-09T16:29:42Z  behind_by=0s  rows=2337678  invalid=false
2026-08-09T16:30:42Z  behind_by=0s  rows=2337678  invalid=false
2026-08-09T16:31:42Z  behind_by=0s  rows=2337678  invalid=false
2026-08-09T16:32:42Z  behind_by=0s  rows=2337678  invalid=false
2026-08-09T16:33:42Z  behind_by=0s  rows=2337678  invalid=false
2026-08-09T16:34:42Z  behind_by=0s  rows=2337678  invalid=false
2026-08-09T16:35:42Z  behind_by=0s  rows=2337678  invalid=false
2026-08-09T16:36:43Z  behind_by=0s  rows=2337678  invalid=false
2026-08-09T16:37:43Z  behind_by=0s  rows=2337678  invalid=false
2026-08-09T16:38:43Z  behind_by=0s  rows=2337678  invalid=false
2026-08-09T16:39:43Z  behind_by=0s  rows=2337678  invalid=false
2026-08-09T16:40:43Z  behind_by=0s  rows=2337678  invalid=false
2026-08-09T16:41:43Z  behind_by=0s  rows=2337678  invalid=false
2026-08-09T16:42:43Z  behind_by=0s  rows=2337678  invalid=false
2026-08-09T16:43:43Z  behind_by=0s  rows=2337678  invalid=false
2026-08-09T16:44:43Z  behind_by=0s  rows=2337678  invalid=false
2026-08-09T16:45:43Z  behind_by=0s  rows=2337678  invalid=false
2026-08-09T16:46:43Z  behind_by=0s  rows=2337678  invalid=false
2026-08-09T16:47:43Z  behind_by=0s  rows=2337678  invalid=false
2026-08-09T16:48:43Z  behind_by=0s  rows=2337678  invalid=false
2026-08-09T16:49:44Z  behind_by=0s  rows=2337678  invalid=false
2026-08-09T16:50:44Z  behind_by=0s  rows=2337678  invalid=false
2026-08-09T16:51:44Z  behind_by=0s  rows=2337678  invalid=false
2026-08-09T16:52:44Z  behind_by=0s  rows=2337678  invalid=false
2026-08-09T16:53:44Z  behind_by=0s  rows=2337678  invalid=false
2026-08-09T16:54:44Z  behind_by=0s  rows=2337678  invalid=false
2026-08-09T16:55:44Z  behind_by=0s  rows=2337678  invalid=false
2026-08-09T16:56:44Z  behind_by=0s  rows=2337678  invalid=false
2026-08-09T16:57:44Z  behind_by=0s  rows=2337678  invalid=false
2026-08-09T16:58:44Z  behind_by=0s  rows=2337678  invalid=false
2026-08-09T16:59:45Z  behind_by=0s  rows=2337678  invalid=false
2026-08-09T17:00:45Z  behind_by=0s  rows=2337678  invalid=false
2026-08-09T17:01:45Z  behind_by=0s  rows=2337678  invalid=false
2026-08-09T17:02:45Z  behind_by=0s  rows=2337678  invalid=false
2026-08-09T17:03:45Z  behind_by=0s  rows=2337678  invalid=false
2026-08-09T17:04:46Z  behind_by=0s  rows=2337678  invalid=false
2026-08-09T17:05:46Z  behind_by=0s  rows=2337678  invalid=false
2026-08-09T17:06:46Z  behind_by=0s  rows=2337678  invalid=false
2026-08-09T17:07:46Z  behind_by=0s  rows=2337678  invalid=false
2026-08-09T17:08:46Z  behind_by=0s  rows=2337678  invalid=false
2026-08-09T17:09:46Z  behind_by=0s  rows=2337678  invalid=false
2026-08-09T17:10:46Z  behind_by=0s  rows=2337678  invalid=false
2026-08-09T17:11:46Z  behind_by=0s  rows=2337678  invalid=false
2026-08-09T17:12:46Z  behind_by=0s  rows=2337678  invalid=false
2026-08-09T17:13:46Z  behind_by=0s  rows=2337678  invalid=false
2026-08-09T17:14:46Z  behind_by=0s  rows=2337678  invalid=false
2026-08-09T17:15:46Z  behind_by=0s  rows=2337678  invalid=false
2026-08-09T17:16:47Z  behind_by=0s  rows=2337678  invalid=false
2026-08-09T17:17:47Z  behind_by=0s  rows=2337678  invalid=false
2026-08-09T17:18:47Z  behind_by=0s  rows=2337678  invalid=false
2026-08-09T17:19:47Z  behind_by=0s  rows=2337678  invalid=false
2026-08-09T17:20:47Z  behind_by=0s  rows=2337678  invalid=false
2026-08-09T17:21:47Z  behind_by=0s  rows=2337678  invalid=false
2026-08-09T17:22:47Z  behind_by=0s  rows=2337678  invalid=false
2026-08-09T17:23:47Z  behind_by=0s  rows=2337678  invalid=false
2026-08-09T17:24:47Z  behind_by=0s  rows=2337678  invalid=false
2026-08-09T17:25:47Z  behind_by=0s  rows=2337678  invalid=false
2026-08-09T17:26:47Z  behind_by=0s  rows=2337678  invalid=false
2026-08-09T17:27:47Z  behind_by=0s  rows=2337678  invalid=false
2026-08-09T17:28:48Z  behind_by=0s  rows=2337678  invalid=false
2026-08-09T17:29:48Z  behind_by=0s  rows=2337678  invalid=false
2026-08-09T17:30:48Z  behind_by=0s  rows=2337678  invalid=false
2026-08-09T17:31:48Z  behind_by=0s  rows=2337678  invalid=false
2026-08-09T17:32:48Z  behind_by=0s  rows=2337678  invalid=false
2026-08-09T17:33:48Z  behind_by=0s  rows=2337678  invalid=false
2026-08-09T17:34:48Z  behind_by=0s  rows=2337678  invalid=false
2026-08-09T17:35:48Z  behind_by=0s  rows=2337678  invalid=false
2026-08-09T17:36:48Z  behind_by=0s  rows=2337678  invalid=false
2026-08-09T17:37:48Z  behind_by=0s  rows=2337678  invalid=false
2026-08-09T17:38:48Z  behind_by=0s  rows=2337678  invalid=false
2026-08-09T17:39:48Z  behind_by=0s  rows=2337678  invalid=false
2026-08-09T17:40:49Z  behind_by=0s  rows=2337678  invalid=false
2026-08-09T17:41:49Z  behind_by=0s  rows=2337678  invalid=false
2026-08-09T17:42:49Z  behind_by=0s  rows=2337678  invalid=false
2026-08-09T17:43:49Z  behind_by=0s  rows=2337678  invalid=false
2026-08-09T17:44:49Z  behind_by=0s  rows=2337678  invalid=false
2026-08-09T17:45:49Z  behind_by=0s  rows=2337678  invalid=false
2026-08-09T17:46:49Z  behind_by=0s  rows=2337678  invalid=false
2026-08-09T17:47:49Z  behind_by=0s  rows=2337678  invalid=false
2026-08-09T17:48:49Z  behind_by=0s  rows=2337678  invalid=false
2026-08-09T17:49:49Z  behind_by=0s  rows=2337678  invalid=false
2026-08-09T17:50:49Z  behind_by=0s  rows=2337678  invalid=false
2026-08-09T17:51:49Z  behind_by=0s  rows=2337678  invalid=false
2026-08-09T17:52:49Z  behind_by=0s  rows=2337678  invalid=false
2026-08-09T17:53:50Z  behind_by=0s  rows=2337678  invalid=false
2026-08-09T17:54:50Z  behind_by=0s  rows=2337678  invalid=false
2026-08-09T17:55:50Z  behind_by=0s  rows=2337678  invalid=false
2026-08-09T17:56:50Z  behind_by=0s  rows=2337678  invalid=false
2026-08-09T17:57:50Z  behind_by=0s  rows=2337678  invalid=false
2026-08-09T17:58:50Z  behind_by=0s  rows=2337678  invalid=false
2026-08-09T17:59:50Z  behind_by=0s  rows=2337678  invalid=false
2026-08-09T18:00:50Z  behind_by=0s  rows=2337678  invalid=false
2026-08-09T18:01:50Z  behind_by=0s  rows=2337678  invalid=false
2026-08-09T18:02:51Z  behind_by=0s  rows=2337678  invalid=false
2026-08-09T18:03:51Z  behind_by=0s  rows=2337678  invalid=false
2026-08-09T18:04:51Z  behind_by=0s  rows=2337678  invalid=false
2026-08-09T18:05:51Z  behind_by=0s  rows=2337678  invalid=false
2026-08-09T18:06:51Z  behind_by=0s  rows=2337678  invalid=false
2026-08-09T18:07:51Z  behind_by=0s  rows=2337678  invalid=false
2026-08-09T18:08:51Z  behind_by=0s  rows=2337678  invalid=false
2026-08-09T18:09:51Z  behind_by=0s  rows=2337678  invalid=false
2026-08-09T18:10:51Z  behind_by=0s  rows=2337678  invalid=false
2026-08-09T18:11:51Z  behind_by=0s  rows=2337678  invalid=false
2026-08-09T18:12:51Z  behind_by=0s  rows=2337678  invalid=false
2026-08-09T18:13:51Z  behind_by=0s  rows=2337678  invalid=false
2026-08-09T18:14:52Z  behind_by=0s  rows=2337678  invalid=false
2026-08-09T18:15:52Z  behind_by=0s  rows=2337678  invalid=false
2026-08-09T18:16:52Z  behind_by=0s  rows=2337678  invalid=false
2026-08-09T18:17:52Z  behind_by=0s  rows=2337678  invalid=false
2026-08-09T18:18:53Z  behind_by=0s  rows=2337678  invalid=false
2026-08-09T18:19:53Z  behind_by=0s  rows=2337678  invalid=false
2026-08-09T18:20:53Z  behind_by=0s  rows=2337678  invalid=false
2026-08-09T18:21:53Z  behind_by=0s  rows=2337678  invalid=false
2026-08-09T18:22:53Z  behind_by=0s  rows=2337678  invalid=false
2026-08-09T18:23:53Z  behind_by=0s  rows=2337678  invalid=false
2026-08-09T18:24:53Z  behind_by=0s  rows=2337678  invalid=false
2026-08-09T18:25:54Z  behind_by=0s  rows=2337678  invalid=false
2026-08-09T18:26:54Z  behind_by=0s  rows=2337678  invalid=false
2026-08-09T18:27:54Z  behind_by=0s  rows=2337678  invalid=false
2026-08-09T18:28:54Z  behind_by=0s  rows=2337678  invalid=false
2026-08-09T18:29:54Z  behind_by=0s  rows=2337678  invalid=false
2026-08-09T18:30:54Z  behind_by=0s  rows=2337678  invalid=false
2026-08-09T18:31:54Z  behind_by=0s  rows=2337678  invalid=false
2026-08-09T18:32:54Z  behind_by=0s  rows=2337678  invalid=false
2026-08-09T18:33:54Z  behind_by=0s  rows=2337678  invalid=false
2026-08-09T18:34:55Z  behind_by=0s  rows=2337678  invalid=false
2026-08-09T18:35:55Z  behind_by=0s  rows=2337678  invalid=false
2026-08-09T18:36:55Z  behind_by=0s  rows=2337678  invalid=false
2026-08-09T18:37:55Z  behind_by=0s  rows=2337678  invalid=false
2026-08-09T18:38:55Z  behind_by=0s  rows=2337678  invalid=false
2026-08-09T18:39:55Z  behind_by=0s  rows=2337678  invalid=false
2026-08-09T18:40:55Z  behind_by=0s  rows=2337678  invalid=false
2026-08-09T18:41:55Z  behind_by=0s  rows=2337678  invalid=false
2026-08-09T18:42:55Z  behind_by=0s  rows=2337678  invalid=false
2026-08-09T18:43:55Z  behind_by=0s  rows=2337678  invalid=false
2026-08-09T18:44:55Z  behind_by=0s  rows=2337678  invalid=false
2026-08-09T18:45:55Z  behind_by=0s  rows=2337678  invalid=false
2026-08-09T18:46:56Z  behind_by=0s  rows=2337678  invalid=false
2026-08-09T18:47:56Z  behind_by=0s  rows=2337678  invalid=false
2026-08-09T18:48:56Z  behind_by=0s  rows=2337678  invalid=false
2026-08-09T18:49:56Z  behind_by=0s  rows=2337678  invalid=false
2026-08-09T18:50:56Z  behind_by=0s  rows=2337678  invalid=false
2026-08-09T18:51:57Z  behind_by=0s  rows=2337678  invalid=false
2026-08-09T18:52:57Z  behind_by=0s  rows=2337678  invalid=false
2026-08-09T18:53:57Z  behind_by=0s  rows=2337678  invalid=false
2026-08-09T18:54:57Z  behind_by=0s  rows=2337678  invalid=false
2026-08-09T18:55:57Z  behind_by=0s  rows=2337678  invalid=false
2026-08-09T18:56:57Z  behind_by=0s  rows=2337678  invalid=false
2026-08-09T18:57:57Z  behind_by=0s  rows=2337678  invalid=false
2026-08-09T18:58:57Z  behind_by=0s  rows=2337678  invalid=false
2026-08-09T18:59:57Z  behind_by=0s  rows=2337678  invalid=false
2026-08-09T19:00:57Z  behind_by=0s  rows=2337678  invalid=false
2026-08-09T19:01:57Z  behind_by=0s  rows=2337678  invalid=false
2026-08-09T19:02:57Z  behind_by=0s  rows=2337678  invalid=false
2026-08-09T19:03:57Z  behind_by=0s  rows=2337678  invalid=false
2026-08-09T19:04:57Z  behind_by=0s  rows=2337678  invalid=false
2026-08-09T19:05:58Z  behind_by=0s  rows=2337678  invalid=false
2026-08-09T19:06:58Z  behind_by=0s  rows=2337678  invalid=false
2026-08-09T19:07:58Z  behind_by=0s  rows=2337678  invalid=false
2026-08-09T19:08:58Z  behind_by=0s  rows=2337678  invalid=false
2026-08-09T19:09:58Z  behind_by=0s  rows=2337678  invalid=false
2026-08-09T19:10:58Z  behind_by=0s  rows=2337678  invalid=false
2026-08-09T19:11:58Z  behind_by=0s  rows=2337678  invalid=false
2026-08-09T19:12:58Z  behind_by=0s  rows=2337678  invalid=false
2026-08-09T19:13:58Z  behind_by=0s  rows=2337678  invalid=false
2026-08-09T19:14:59Z  behind_by=0s  rows=2337678  invalid=false
2026-08-09T19:15:59Z  behind_by=0s  rows=2337678  invalid=false
2026-08-09T19:16:59Z  behind_by=0s  rows=2337678  invalid=false
2026-08-09T19:17:59Z  behind_by=0s  rows=2337678  invalid=false
2026-08-09T19:18:59Z  behind_by=0s  rows=2337678  invalid=false
2026-08-09T19:19:59Z  behind_by=0s  rows=2337678  invalid=false
2026-08-09T19:20:59Z  behind_by=0s  rows=2337678  invalid=false
2026-08-09T19:21:59Z  behind_by=0s  rows=2337678  invalid=false
2026-08-09T19:22:59Z  behind_by=0s  rows=2337678  invalid=false
2026-08-09T19:23:59Z  behind_by=0s  rows=2337678  invalid=false
2026-08-09T19:25:00Z  behind_by=0s  rows=2337678  invalid=false
2026-08-09T19:26:00Z  behind_by=0s  rows=2337678  invalid=false
2026-08-09T19:27:00Z  behind_by=0s  rows=2337678  invalid=false
2026-08-09T19:28:00Z  behind_by=0s  rows=2337678  invalid=false
2026-08-09T19:29:00Z  behind_by=0s  rows=2337678  invalid=false
2026-08-09T19:30:00Z  behind_by=0s  rows=2337678  invalid=false
2026-08-09T19:31:00Z  behind_by=0s  rows=2337678  invalid=false
2026-08-09T19:32:00Z  behind_by=0s  rows=2337678  invalid=false
2026-08-09T19:33:00Z  behind_by=0s  rows=2337678  invalid=false
2026-08-09T19:34:00Z  behind_by=0s  rows=2337678  invalid=false
2026-08-09T19:35:01Z  behind_by=0s  rows=2337678  invalid=false
2026-08-09T19:36:01Z  behind_by=0s  rows=2337678  invalid=false
2026-08-09T19:37:01Z  behind_by=0s  rows=2337678  invalid=false
2026-08-09T19:38:01Z  behind_by=0s  rows=2337678  invalid=false
2026-08-09T19:39:01Z  behind_by=0s  rows=2337678  invalid=false
2026-08-09T19:40:01Z  behind_by=0s  rows=2337678  invalid=false
2026-08-09T19:41:01Z  behind_by=0s  rows=2337678  invalid=false
2026-08-09T19:42:02Z  behind_by=0s  rows=2337678  invalid=false
2026-08-09T19:43:02Z  behind_by=0s  rows=2337678  invalid=false
2026-08-09T19:44:02Z  behind_by=0s  rows=2337678  invalid=false
2026-08-09T19:45:02Z  behind_by=0s  rows=2337678  invalid=false
2026-08-09T19:46:02Z  behind_by=0s  rows=2337678  invalid=false
2026-08-09T19:47:02Z  behind_by=0s  rows=2337678  invalid=false
2026-08-09T19:48:02Z  behind_by=0s  rows=2337678  invalid=false
2026-08-09T19:49:02Z  behind_by=0s  rows=2337678  invalid=false
2026-08-09T19:50:02Z  behind_by=0s  rows=2337678  invalid=false
2026-08-09T19:51:03Z  behind_by=0s  rows=2337678  invalid=false
2026-08-09T19:52:03Z  behind_by=0s  rows=2337678  invalid=false
2026-08-09T19:53:03Z  behind_by=0s  rows=2337678  invalid=false
2026-08-09T19:54:03Z  behind_by=0s  rows=2337678  invalid=false
2026-08-09T19:55:03Z  behind_by=0s  rows=2337678  invalid=false
2026-08-09T19:56:04Z  behind_by=0s  rows=2337678  invalid=false
2026-08-09T19:57:04Z  behind_by=0s  rows=2337678  invalid=false
2026-08-09T19:58:04Z  behind_by=0s  rows=2337678  invalid=false
2026-08-09T19:59:04Z  behind_by=0s  rows=2337678  invalid=false
2026-08-09T20:00:04Z  behind_by=0s  rows=2337678  invalid=false
2026-08-09T20:01:05Z  behind_by=0s  rows=2337678  invalid=false
2026-08-09T20:02:05Z  behind_by=0s  rows=2337678  invalid=false
2026-08-09T20:03:05Z  behind_by=0s  rows=2337678  invalid=false
2026-08-09T20:04:05Z  behind_by=0s  rows=2337678  invalid=false
2026-08-09T20:05:05Z  behind_by=0s  rows=2337678  invalid=false
2026-08-09T20:06:06Z  behind_by=0s  rows=2337678  invalid=false
2026-08-09T20:07:06Z  behind_by=0s  rows=2337678  invalid=false
2026-08-09T20:08:06Z  behind_by=0s  rows=2337678  invalid=false
2026-08-09T20:09:06Z  behind_by=0s  rows=2337678  invalid=false
2026-08-09T20:10:07Z  behind_by=0s  rows=2337678  invalid=false
2026-08-09T20:11:07Z  behind_by=0s  rows=2337678  invalid=false
2026-08-09T20:12:07Z  behind_by=0s  rows=2337678  invalid=false
2026-08-09T20:13:07Z  behind_by=0s  rows=2337678  invalid=false
2026-08-09T20:14:07Z  behind_by=0s  rows=2337678  invalid=false
2026-08-09T20:15:07Z  behind_by=0s  rows=2337678  invalid=false
2026-08-09T20:16:07Z  behind_by=0s  rows=2337678  invalid=false
2026-08-09T20:17:07Z  behind_by=0s  rows=2337678  invalid=false
2026-08-09T20:18:07Z  behind_by=0s  rows=2337678  invalid=false
2026-08-09T20:19:07Z  behind_by=0s  rows=2337678  invalid=false
2026-08-09T20:20:07Z  behind_by=0s  rows=2337678  invalid=false
2026-08-09T20:21:07Z  behind_by=0s  rows=2337678  invalid=false
2026-08-09T20:22:07Z  behind_by=0s  rows=2337678  invalid=false
2026-08-09T20:23:08Z  behind_by=0s  rows=2337678  invalid=false
2026-08-09T20:24:08Z  behind_by=0s  rows=2337678  invalid=false
2026-08-09T20:25:08Z  behind_by=0s  rows=2337678  invalid=false
2026-08-09T20:26:08Z  behind_by=0s  rows=2337678  invalid=false
2026-08-09T20:27:08Z  behind_by=0s  rows=2337678  invalid=false
2026-08-09T20:28:08Z  behind_by=0s  rows=2337678  invalid=false
2026-08-09T20:29:08Z  behind_by=0s  rows=2337678  invalid=false
2026-08-09T20:30:08Z  behind_by=0s  rows=2337678  invalid=false
2026-08-09T20:31:08Z  behind_by=0s  rows=2337678  invalid=false
2026-08-09T20:32:08Z  behind_by=0s  rows=2337678  invalid=false
2026-08-09T20:33:08Z  behind_by=0s  rows=2337678  invalid=false
2026-08-09T20:34:08Z  behind_by=0s  rows=2337678  invalid=false
2026-08-09T20:35:08Z  behind_by=0s  rows=2337678  invalid=false
2026-08-09T20:36:09Z  behind_by=0s  rows=2337678  invalid=false
2026-08-09T20:37:09Z  behind_by=0s  rows=2337678  invalid=false
2026-08-09T20:38:09Z  behind_by=0s  rows=2337678  invalid=false
2026-08-09T20:39:09Z  behind_by=0s  rows=2337678  invalid=false
2026-08-09T20:40:09Z  behind_by=0s  rows=2337678  invalid=false
2026-08-09T20:41:09Z  behind_by=0s  rows=2337678  invalid=false
2026-08-09T20:42:09Z  behind_by=0s  rows=2337678  invalid=false
2026-08-09T20:43:09Z  behind_by=0s  rows=2337678  invalid=false
2026-08-09T20:44:09Z  behind_by=0s  rows=2337678  invalid=false
2026-08-09T20:45:09Z  behind_by=0s  rows=2337678  invalid=false
2026-08-09T20:46:09Z  behind_by=0s  rows=2337678  invalid=false
2026-08-09T20:47:10Z  behind_by=0s  rows=2337678  invalid=false
2026-08-09T20:48:10Z  behind_by=0s  rows=2337678  invalid=false
2026-08-09T20:49:10Z  behind_by=0s  rows=2337678  invalid=false
2026-08-09T20:50:10Z  behind_by=0s  rows=2337678  invalid=false
2026-08-09T20:51:10Z  behind_by=0s  rows=2337678  invalid=false
2026-08-09T20:52:10Z  behind_by=0s  rows=2337678  invalid=false
2026-08-09T20:53:10Z  behind_by=0s  rows=2337678  invalid=false
2026-08-09T20:54:10Z  behind_by=0s  rows=2337678  invalid=false
2026-08-09T20:55:10Z  behind_by=0s  rows=2337678  invalid=false
2026-08-09T20:56:10Z  behind_by=0s  rows=2337678  invalid=false
2026-08-09T20:57:10Z  behind_by=0s  rows=2337678  invalid=false
2026-08-09T20:58:10Z  behind_by=0s  rows=2337678  invalid=false
2026-08-09T20:59:10Z  behind_by=0s  rows=2337678  invalid=false
2026-08-09T21:00:10Z  behind_by=0s  rows=2337678  invalid=false
2026-08-09T21:01:11Z  behind_by=0s  rows=2337678  invalid=false
2026-08-09T21:02:11Z  behind_by=0s  rows=2337678  invalid=false
2026-08-09T21:03:11Z  behind_by=0s  rows=2337678  invalid=false
2026-08-09T21:04:11Z  behind_by=0s  rows=2337678  invalid=false
2026-08-09T21:05:11Z  behind_by=0s  rows=2337678  invalid=false
2026-08-09T21:06:11Z  behind_by=0s  rows=2337678  invalid=false
2026-08-09T21:07:11Z  behind_by=0s  rows=2337678  invalid=false
2026-08-09T21:08:11Z  behind_by=0s  rows=2337678  invalid=false
2026-08-09T21:09:11Z  behind_by=0s  rows=2337678  invalid=false
2026-08-09T21:10:11Z  behind_by=0s  rows=2337678  invalid=false
2026-08-09T21:11:11Z  behind_by=0s  rows=2337678  invalid=false
2026-08-09T21:12:11Z  behind_by=0s  rows=2337678  invalid=false
2026-08-09T21:13:11Z  behind_by=0s  rows=2337678  invalid=false
2026-08-09T21:14:12Z  behind_by=0s  rows=2337678  invalid=false
2026-08-09T21:15:12Z  behind_by=0s  rows=2337678  invalid=false
2026-08-09T21:16:12Z  behind_by=0s  rows=2337678  invalid=false
2026-08-09T21:17:12Z  behind_by=0s  rows=2337678  invalid=false
2026-08-09T21:18:12Z  behind_by=0s  rows=2337678  invalid=false
2026-08-09T21:19:12Z  behind_by=0s  rows=2337678  invalid=false
2026-08-09T21:20:12Z  behind_by=0s  rows=2337678  invalid=false
2026-08-09T21:21:12Z  behind_by=0s  rows=2337678  invalid=false
2026-08-09T21:22:12Z  behind_by=0s  rows=2337678  invalid=false
2026-08-09T21:23:12Z  behind_by=0s  rows=2337678  invalid=false
2026-08-09T21:24:12Z  behind_by=0s  rows=2337678  invalid=false
2026-08-09T21:25:12Z  behind_by=0s  rows=2337678  invalid=false
2026-08-09T21:26:12Z  behind_by=0s  rows=2337678  invalid=false
2026-08-09T21:27:13Z  behind_by=0s  rows=2337678  invalid=false
2026-08-09T21:28:13Z  behind_by=0s  rows=2337678  invalid=false
2026-08-09T21:29:13Z  behind_by=0s  rows=2337678  invalid=false
2026-08-09T21:30:13Z  behind_by=0s  rows=2337678  invalid=false
2026-08-09T21:31:13Z  behind_by=0s  rows=2337678  invalid=false
2026-08-09T21:32:13Z  behind_by=0s  rows=2337678  invalid=false
2026-08-09T21:33:13Z  behind_by=0s  rows=2337678  invalid=false
2026-08-09T21:34:13Z  behind_by=0s  rows=2337678  invalid=false
2026-08-09T21:35:13Z  behind_by=0s  rows=2337678  invalid=false
2026-08-09T21:36:14Z  behind_by=0s  rows=2337678  invalid=false
2026-08-09T21:37:14Z  behind_by=0s  rows=2337678  invalid=false
2026-08-09T21:38:14Z  behind_by=0s  rows=2337678  invalid=false
2026-08-09T21:39:14Z  behind_by=0s  rows=2337678  invalid=false
2026-08-09T21:40:14Z  behind_by=0s  rows=2337678  invalid=false
2026-08-09T21:41:14Z  behind_by=0s  rows=2337678  invalid=false
2026-08-09T21:42:14Z  behind_by=0s  rows=2337678  invalid=false
2026-08-09T21:43:14Z  behind_by=0s  rows=2337678  invalid=false
2026-08-09T21:44:14Z  behind_by=0s  rows=2337678  invalid=false
2026-08-09T21:45:14Z  behind_by=0s  rows=2337678  invalid=false
2026-08-09T21:46:14Z  behind_by=0s  rows=2337678  invalid=false
2026-08-09T21:47:14Z  behind_by=0s  rows=2337678  invalid=false
2026-08-09T21:48:14Z  behind_by=0s  rows=2337678  invalid=false
2026-08-09T21:49:14Z  behind_by=0s  rows=2337678  invalid=false
2026-08-09T21:50:15Z  behind_by=0s  rows=2337678  invalid=false
2026-08-09T21:51:15Z  behind_by=0s  rows=2337678  invalid=false
2026-08-09T21:52:15Z  behind_by=0s  rows=2337678  invalid=false
2026-08-09T21:53:15Z  behind_by=0s  rows=2337678  invalid=false
2026-08-09T21:54:15Z  behind_by=0s  rows=2337678  invalid=false
2026-08-09T21:55:15Z  behind_by=0s  rows=2337678  invalid=false
2026-08-09T21:56:15Z  behind_by=0s  rows=2337678  invalid=false
2026-08-09T21:57:15Z  behind_by=0s  rows=2337678  invalid=false
2026-08-09T21:58:15Z  behind_by=0s  rows=2337678  invalid=false
2026-08-09T21:59:15Z  behind_by=0s  rows=2337678  invalid=false
2026-08-09T22:00:15Z  behind_by=0s  rows=2337678  invalid=false
2026-08-09T22:01:15Z  behind_by=0s  rows=2337678  invalid=false
2026-08-09T22:02:15Z  behind_by=0s  rows=2337678  invalid=false
2026-08-09T22:03:15Z  behind_by=0s  rows=2337678  invalid=false
2026-08-09T22:04:16Z  behind_by=0s  rows=2337678  invalid=false
2026-08-09T22:05:16Z  behind_by=0s  rows=2337678  invalid=false
2026-08-09T22:06:16Z  behind_by=0s  rows=2337678  invalid=false
2026-08-09T22:07:16Z  behind_by=0s  rows=2337678  invalid=false
2026-08-09T22:08:16Z  behind_by=0s  rows=2337678  invalid=false
2026-08-09T22:09:16Z  behind_by=0s  rows=2337678  invalid=false
2026-08-09T22:10:16Z  behind_by=0s  rows=2337678  invalid=false
2026-08-09T22:11:16Z  behind_by=0s  rows=2337678  invalid=false
2026-08-09T22:12:16Z  behind_by=0s  rows=2337678  invalid=false
2026-08-09T22:13:17Z  behind_by=0s  rows=2337678  invalid=false
2026-08-09T22:14:17Z  behind_by=0s  rows=2337678  invalid=false
2026-08-09T22:15:17Z  behind_by=0s  rows=2337678  invalid=false
2026-08-09T22:16:17Z  behind_by=0s  rows=2337678  invalid=false
2026-08-09T22:17:17Z  behind_by=0s  rows=2337678  invalid=false
2026-08-09T22:18:17Z  behind_by=0s  rows=2337678  invalid=false
2026-08-09T22:19:17Z  behind_by=0s  rows=2337678  invalid=false
2026-08-09T22:20:17Z  behind_by=0s  rows=2337678  invalid=false
2026-08-09T22:21:17Z  behind_by=0s  rows=2337678  invalid=false
2026-08-09T22:22:17Z  behind_by=0s  rows=2337678  invalid=false
2026-08-09T22:23:17Z  behind_by=0s  rows=2337678  invalid=false
2026-08-09T22:24:17Z  behind_by=0s  rows=2337678  invalid=false
2026-08-09T22:25:17Z  behind_by=0s  rows=2337678  invalid=false
2026-08-09T22:26:18Z  behind_by=0s  rows=2337678  invalid=false
2026-08-09T22:27:18Z  behind_by=0s  rows=2337678  invalid=false
2026-08-09T22:28:18Z  behind_by=0s  rows=2337678  invalid=false
2026-08-09T22:29:18Z  behind_by=0s  rows=2337678  invalid=false
2026-08-09T22:30:18Z  behind_by=0s  rows=2337678  invalid=false
2026-08-09T22:31:18Z  behind_by=0s  rows=2337678  invalid=false
2026-08-09T22:32:18Z  behind_by=0s  rows=2337678  invalid=false
2026-08-09T22:33:18Z  behind_by=0s  rows=2337678  invalid=false
2026-08-09T22:34:18Z  behind_by=0s  rows=2337678  invalid=false
2026-08-09T22:35:18Z  behind_by=0s  rows=2337678  invalid=false
2026-08-09T22:36:18Z  behind_by=0s  rows=2337678  invalid=false
2026-08-09T22:37:18Z  behind_by=0s  rows=2337678  invalid=false
2026-08-09T22:38:19Z  behind_by=0s  rows=2337678  invalid=false
2026-08-09T22:39:19Z  behind_by=0s  rows=2337678  invalid=false
2026-08-09T22:40:19Z  behind_by=0s  rows=2337678  invalid=false
2026-08-09T22:41:19Z  behind_by=0s  rows=2337678  invalid=false
2026-08-09T22:42:19Z  behind_by=0s  rows=2337678  invalid=false
2026-08-09T22:43:19Z  behind_by=0s  rows=2337678  invalid=false
2026-08-09T22:44:19Z  behind_by=0s  rows=2337678  invalid=false
2026-08-09T22:45:19Z  behind_by=0s  rows=2337678  invalid=false
2026-08-09T22:46:19Z  behind_by=0s  rows=2337678  invalid=false
2026-08-09T22:47:19Z  behind_by=0s  rows=2337678  invalid=false
2026-08-09T22:48:19Z  behind_by=0s  rows=2337678  invalid=false
2026-08-09T22:49:19Z  behind_by=0s  rows=2337678  invalid=false
2026-08-09T22:50:19Z  behind_by=0s  rows=2337678  invalid=false
2026-08-09T22:51:20Z  behind_by=0s  rows=2337678  invalid=false
2026-08-09T22:52:20Z  behind_by=0s  rows=2337678  invalid=false
2026-08-09T22:53:20Z  behind_by=0s  rows=2337678  invalid=false
2026-08-09T22:54:20Z  behind_by=0s  rows=2337678  invalid=false
2026-08-09T22:55:20Z  behind_by=0s  rows=2337678  invalid=false
2026-08-09T22:56:20Z  behind_by=0s  rows=2337678  invalid=false
2026-08-09T22:57:20Z  behind_by=0s  rows=2337678  invalid=false
2026-08-09T22:58:20Z  behind_by=0s  rows=2337678  invalid=false
2026-08-09T22:59:20Z  behind_by=0s  rows=2337678  invalid=false
2026-08-09T23:00:20Z  behind_by=0s  rows=2337678  invalid=false
2026-08-09T23:01:20Z  behind_by=0s  rows=2337678  invalid=false
2026-08-09T23:02:20Z  behind_by=0s  rows=2337678  invalid=false
2026-08-09T23:03:20Z  behind_by=0s  rows=2337678  invalid=false
2026-08-09T23:04:21Z  behind_by=0s  rows=2337678  invalid=false
2026-08-09T23:05:21Z  behind_by=0s  rows=2337678  invalid=false
2026-08-09T23:06:21Z  behind_by=0s  rows=2337678  invalid=false
2026-08-09T23:07:21Z  behind_by=0s  rows=2337678  invalid=false
2026-08-09T23:08:21Z  behind_by=0s  rows=2337678  invalid=false
2026-08-09T23:09:21Z  behind_by=0s  rows=2337678  invalid=false
2026-08-09T23:10:21Z  behind_by=0s  rows=2337678  invalid=false
2026-08-09T23:11:21Z  behind_by=0s  rows=2337678  invalid=false
2026-08-09T23:12:22Z  behind_by=0s  rows=2337678  invalid=false
2026-08-09T23:13:22Z  behind_by=0s  rows=2337678  invalid=false
2026-08-09T23:14:22Z  behind_by=0s  rows=2337678  invalid=false
2026-08-09T23:15:22Z  behind_by=0s  rows=2337678  invalid=false
2026-08-09T23:16:22Z  behind_by=0s  rows=2337678  invalid=false
2026-08-09T23:17:23Z  behind_by=0s  rows=2337678  invalid=false
2026-08-09T23:18:23Z  behind_by=0s  rows=2337678  invalid=false
2026-08-09T23:19:23Z  behind_by=0s  rows=2337678  invalid=false
2026-08-09T23:20:23Z  behind_by=0s  rows=2337678  invalid=false
2026-08-09T23:21:23Z  behind_by=0s  rows=2337678  invalid=false
2026-08-09T23:22:23Z  behind_by=0s  rows=2337678  invalid=false
2026-08-09T23:23:23Z  behind_by=0s  rows=2337678  invalid=false
2026-08-09T23:24:23Z  behind_by=0s  rows=2337678  invalid=false
2026-08-09T23:25:23Z  behind_by=0s  rows=2337678  invalid=false
2026-08-09T23:26:24Z  behind_by=0s  rows=2337678  invalid=false
2026-08-09T23:27:24Z  behind_by=0s  rows=2337678  invalid=false
2026-08-09T23:28:24Z  behind_by=0s  rows=2337678  invalid=false
2026-08-09T23:29:24Z  behind_by=0s  rows=2337678  invalid=false
2026-08-09T23:30:24Z  behind_by=0s  rows=2337678  invalid=false
2026-08-09T23:31:24Z  behind_by=0s  rows=2337678  invalid=false
2026-08-09T23:32:24Z  behind_by=0s  rows=2337678  invalid=false
2026-08-09T23:33:24Z  behind_by=0s  rows=2337678  invalid=false
2026-08-09T23:34:24Z  behind_by=0s  rows=2337678  invalid=false
2026-08-09T23:35:24Z  behind_by=0s  rows=2337678  invalid=false
2026-08-09T23:36:24Z  behind_by=0s  rows=2337678  invalid=false
2026-08-09T23:37:24Z  behind_by=0s  rows=2337678  invalid=false
2026-08-09T23:38:24Z  behind_by=0s  rows=2337678  invalid=false
2026-08-09T23:39:25Z  behind_by=0s  rows=2337678  invalid=false
2026-08-09T23:40:25Z  behind_by=0s  rows=2337678  invalid=false
2026-08-09T23:41:25Z  behind_by=0s  rows=2337678  invalid=false
2026-08-09T23:42:25Z  behind_by=0s  rows=2337678  invalid=false
2026-08-09T23:43:25Z  behind_by=0s  rows=2337678  invalid=false
2026-08-09T23:44:25Z  behind_by=0s  rows=2337678  invalid=false
2026-08-09T23:45:25Z  behind_by=0s  rows=2337678  invalid=false
2026-08-09T23:46:25Z  behind_by=0s  rows=2337678  invalid=false
2026-08-09T23:47:25Z  behind_by=0s  rows=2337678  invalid=false
2026-08-09T23:48:25Z  behind_by=0s  rows=2337678  invalid=false
2026-08-09T23:49:25Z  behind_by=0s  rows=2337678  invalid=false
2026-08-09T23:50:26Z  behind_by=0s  rows=2337678  invalid=false
2026-08-09T23:51:26Z  behind_by=0s  rows=2337678  invalid=false
2026-08-09T23:52:26Z  behind_by=0s  rows=2337678  invalid=false
2026-08-09T23:53:26Z  behind_by=0s  rows=2337678  invalid=false
2026-08-09T23:54:26Z  behind_by=0s  rows=2337678  invalid=false
2026-08-09T23:55:26Z  behind_by=0s  rows=2337678  invalid=false
2026-08-09T23:56:26Z  behind_by=0s  rows=2337678  invalid=false
2026-08-09T23:57:26Z  behind_by=0s  rows=2337678  invalid=false
2026-08-09T23:58:26Z  behind_by=0s  rows=2337678  invalid=false
2026-08-09T23:59:26Z  behind_by=0s  rows=2337678  invalid=false
2026-08-10T00:00:26Z  behind_by=0s  rows=2337678  invalid=false
2026-08-10T00:01:26Z  behind_by=0s  rows=2337678  invalid=false
2026-08-10T00:02:27Z  behind_by=0s  rows=2337678  invalid=false
2026-08-10T00:03:27Z  behind_by=0s  rows=2337678  invalid=false
2026-08-10T00:04:27Z  behind_by=0s  rows=2337678  invalid=false
2026-08-10T00:05:27Z  behind_by=0s  rows=2337678  invalid=false
2026-08-10T00:06:27Z  behind_by=0s  rows=2337678  invalid=false
2026-08-10T00:07:28Z  behind_by=0s  rows=2337678  invalid=false
2026-08-10T00:08:28Z  behind_by=0s  rows=2337678  invalid=false
2026-08-10T00:09:28Z  behind_by=0s  rows=2337678  invalid=false
2026-08-10T00:10:28Z  behind_by=0s  rows=2337678  invalid=false
2026-08-10T00:11:28Z  behind_by=0s  rows=2337678  invalid=false
2026-08-10T00:12:29Z  behind_by=0s  rows=2337678  invalid=false
2026-08-10T00:13:29Z  behind_by=0s  rows=2337678  invalid=false
2026-08-10T00:14:29Z  behind_by=0s  rows=2337678  invalid=false
2026-08-10T00:15:30Z  behind_by=0s  rows=2337678  invalid=false
2026-08-10T00:16:30Z  behind_by=0s  rows=2337678  invalid=false
2026-08-10T00:17:30Z  behind_by=0s  rows=2337678  invalid=false
2026-08-10T00:18:31Z  behind_by=0s  rows=2337678  invalid=false
2026-08-10T00:19:32Z  behind_by=0s  rows=2337678  invalid=false
2026-08-10T00:20:32Z  behind_by=0s  rows=2337678  invalid=false
2026-08-10T00:21:34Z  behind_by=0s  rows=2337678  invalid=false
2026-08-10T00:22:34Z  behind_by=0s  rows=2337678  invalid=false
2026-08-10T00:23:34Z  behind_by=0s  rows=2337678  invalid=false
2026-08-10T00:24:35Z  behind_by=0s  rows=2337678  invalid=false
2026-08-10T00:25:35Z  behind_by=0s  rows=2337678  invalid=false
2026-08-10T00:26:35Z  behind_by=0s  rows=2337678  invalid=false
2026-08-10T00:27:35Z  behind_by=0s  rows=2337678  invalid=false
2026-08-10T00:28:35Z  behind_by=0s  rows=2337678  invalid=false
2026-08-10T00:29:36Z  behind_by=0s  rows=2337678  invalid=false
2026-08-10T00:30:36Z  behind_by=0s  rows=2337678  invalid=false
2026-08-10T00:31:36Z  behind_by=0s  rows=2337678  invalid=false
2026-08-10T00:32:36Z  behind_by=0s  rows=2337678  invalid=false
2026-08-10T00:33:36Z  behind_by=0s  rows=2337678  invalid=false
2026-08-10T00:34:36Z  behind_by=0s  rows=2337678  invalid=false
2026-08-10T00:35:36Z  behind_by=0s  rows=2337678  invalid=false
2026-08-10T00:36:36Z  behind_by=0s  rows=2337678  invalid=false
2026-08-10T00:37:36Z  behind_by=0s  rows=2337678  invalid=false
2026-08-10T00:38:36Z  behind_by=0s  rows=2337678  invalid=false
2026-08-10T00:39:36Z  behind_by=0s  rows=2337678  invalid=false
2026-08-10T00:40:36Z  behind_by=0s  rows=2337678  invalid=false
2026-08-10T00:41:37Z  behind_by=0s  rows=2337678  invalid=false
2026-08-10T00:42:37Z  behind_by=0s  rows=2337678  invalid=false
2026-08-10T00:43:37Z  behind_by=0s  rows=2337678  invalid=false
2026-08-10T00:44:37Z  behind_by=0s  rows=2337678  invalid=false
2026-08-10T00:45:37Z  behind_by=0s  rows=2337678  invalid=false
2026-08-10T00:46:37Z  behind_by=0s  rows=2337678  invalid=false
2026-08-10T00:47:37Z  behind_by=0s  rows=2337678  invalid=false
2026-08-10T00:48:37Z  behind_by=0s  rows=2337678  invalid=false
2026-08-10T00:49:37Z  behind_by=0s  rows=2337678  invalid=false
2026-08-10T00:50:37Z  behind_by=0s  rows=2337678  invalid=false
2026-08-10T00:51:37Z  behind_by=0s  rows=2337678  invalid=false
2026-08-10T00:52:37Z  behind_by=0s  rows=2337678  invalid=false
2026-08-10T00:53:37Z  behind_by=0s  rows=2337678  invalid=false
2026-08-10T00:54:38Z  behind_by=0s  rows=2337678  invalid=false
2026-08-10T00:55:38Z  behind_by=0s  rows=2337678  invalid=false
2026-08-10T00:56:38Z  behind_by=0s  rows=2337678  invalid=false
2026-08-10T00:57:38Z  behind_by=0s  rows=2337678  invalid=false
2026-08-10T00:58:38Z  behind_by=0s  rows=2337678  invalid=false
2026-08-10T00:59:38Z  behind_by=0s  rows=2337678  invalid=false
2026-08-10T01:00:38Z  behind_by=0s  rows=2337678  invalid=false
2026-08-10T01:01:38Z  behind_by=0s  rows=2337678  invalid=false
2026-08-10T01:02:38Z  behind_by=0s  rows=2337678  invalid=false
2026-08-10T01:03:38Z  behind_by=0s  rows=2337678  invalid=false
2026-08-10T01:04:38Z  behind_by=0s  rows=2337678  invalid=false
2026-08-10T01:05:39Z  behind_by=0s  rows=2337678  invalid=false
2026-08-10T01:06:39Z  behind_by=0s  rows=2337678  invalid=false
2026-08-10T01:07:39Z  behind_by=0s  rows=2337678  invalid=false
2026-08-10T01:08:39Z  behind_by=0s  rows=2337678  invalid=false
2026-08-10T01:09:39Z  behind_by=0s  rows=2337678  invalid=false
2026-08-10T01:10:39Z  behind_by=0s  rows=2337678  invalid=false
2026-08-10T01:11:39Z  behind_by=0s  rows=2337678  invalid=false
2026-08-10T01:12:39Z  behind_by=0s  rows=2337678  invalid=false
2026-08-10T01:13:39Z  behind_by=0s  rows=2337678  invalid=false
2026-08-10T01:14:39Z  behind_by=0s  rows=2337678  invalid=false
2026-08-10T01:15:40Z  behind_by=0s  rows=2337678  invalid=false
2026-08-10T01:16:40Z  behind_by=0s  rows=2337678  invalid=false
2026-08-10T01:17:40Z  behind_by=0s  rows=2337678  invalid=false
2026-08-10T01:18:40Z  behind_by=0s  rows=2337678  invalid=false
2026-08-10T01:19:40Z  behind_by=0s  rows=2337678  invalid=false
2026-08-10T01:20:40Z  behind_by=0s  rows=2337678  invalid=false
2026-08-10T01:21:40Z  behind_by=0s  rows=2337678  invalid=false
2026-08-10T01:22:40Z  behind_by=0s  rows=2337678  invalid=false
2026-08-10T01:23:40Z  behind_by=0s  rows=2337678  invalid=false
2026-08-10T01:24:40Z  behind_by=0s  rows=2337678  invalid=false
2026-08-10T01:25:40Z  behind_by=0s  rows=2337678  invalid=false
2026-08-10T01:26:40Z  behind_by=0s  rows=2337678  invalid=false
2026-08-10T01:27:40Z  behind_by=0s  rows=2337678  invalid=false
2026-08-10T01:28:41Z  behind_by=0s  rows=2337678  invalid=false
2026-08-10T01:29:41Z  behind_by=0s  rows=2337678  invalid=false
2026-08-10T01:30:41Z  behind_by=0s  rows=2337678  invalid=false
2026-08-10T01:31:41Z  behind_by=0s  rows=2337678  invalid=false
2026-08-10T01:32:41Z  behind_by=0s  rows=2337678  invalid=false
2026-08-10T01:33:42Z  behind_by=0s  rows=2337678  invalid=false
2026-08-10T01:34:42Z  behind_by=0s  rows=2337678  invalid=false
2026-08-10T01:35:42Z  behind_by=0s  rows=2337678  invalid=false
2026-08-10T01:36:42Z  behind_by=0s  rows=2337678  invalid=false
2026-08-10T01:37:42Z  behind_by=0s  rows=2337678  invalid=false
2026-08-10T01:38:42Z  behind_by=0s  rows=2337678  invalid=false
2026-08-10T01:39:42Z  behind_by=0s  rows=2337678  invalid=false
2026-08-10T01:40:42Z  behind_by=0s  rows=2337678  invalid=false
2026-08-10T01:41:42Z  behind_by=0s  rows=2337678  invalid=false
2026-08-10T01:42:42Z  behind_by=0s  rows=2337678  invalid=false
2026-08-10T01:43:42Z  behind_by=0s  rows=2337678  invalid=false
2026-08-10T01:44:42Z  behind_by=0s  rows=2337678  invalid=false
2026-08-10T01:45:43Z  behind_by=0s  rows=2337678  invalid=false
2026-08-10T01:46:43Z  behind_by=0s  rows=2337678  invalid=false
2026-08-10T01:47:43Z  behind_by=0s  rows=2337678  invalid=false
2026-08-10T01:48:43Z  behind_by=0s  rows=2337678  invalid=false
2026-08-10T01:49:43Z  behind_by=0s  rows=2337678  invalid=false
2026-08-10T01:50:43Z  behind_by=0s  rows=2337678  invalid=false
2026-08-10T01:51:43Z  behind_by=0s  rows=2337678  invalid=false
2026-08-10T01:52:43Z  behind_by=0s  rows=2337678  invalid=false
2026-08-10T01:53:43Z  behind_by=0s  rows=2337678  invalid=false
2026-08-10T01:54:43Z  behind_by=0s  rows=2337678  invalid=false
2026-08-10T01:55:43Z  behind_by=0s  rows=2337678  invalid=false
2026-08-10T01:56:44Z  behind_by=0s  rows=2337678  invalid=false
2026-08-10T01:57:44Z  behind_by=0s  rows=2337678  invalid=false
2026-08-10T01:58:44Z  behind_by=0s  rows=2337678  invalid=false
2026-08-10T01:59:44Z  behind_by=0s  rows=2337678  invalid=false
2026-08-10T02:00:44Z  behind_by=0s  rows=2337678  invalid=false
2026-08-10T02:01:44Z  behind_by=0s  rows=2337678  invalid=false
2026-08-10T02:02:44Z  behind_by=0s  rows=2337678  invalid=false
2026-08-10T02:03:44Z  behind_by=0s  rows=2337678  invalid=false
2026-08-10T02:04:44Z  behind_by=0s  rows=2337678  invalid=false
2026-08-10T02:05:44Z  behind_by=0s  rows=2337678  invalid=false
2026-08-10T02:06:44Z  behind_by=0s  rows=2337678  invalid=false
2026-08-10T02:07:44Z  behind_by=0s  rows=2337678  invalid=false
2026-08-10T02:08:45Z  behind_by=0s  rows=2337678  invalid=false
2026-08-10T02:09:45Z  behind_by=0s  rows=2337678  invalid=false
2026-08-10T02:10:45Z  behind_by=0s  rows=2337678  invalid=false
2026-08-10T02:11:46Z  behind_by=0s  rows=2337678  invalid=false
2026-08-10T02:12:46Z  behind_by=0s  rows=2337678  invalid=false
2026-08-10T02:13:47Z  behind_by=0s  rows=2337678  invalid=false
2026-08-10T02:14:47Z  behind_by=0s  rows=2337678  invalid=false
2026-08-10T02:15:47Z  behind_by=0s  rows=2337678  invalid=false
2026-08-10T02:16:47Z  behind_by=0s  rows=2337678  invalid=false
2026-08-10T02:17:47Z  behind_by=0s  rows=2337678  invalid=false
2026-08-10T02:18:47Z  behind_by=0s  rows=2337678  invalid=false
2026-08-10T02:19:47Z  behind_by=0s  rows=2337678  invalid=false
2026-08-10T02:20:47Z  behind_by=0s  rows=2337678  invalid=false
2026-08-10T02:21:47Z  behind_by=0s  rows=2337678  invalid=false
2026-08-10T02:22:47Z  behind_by=0s  rows=2337678  invalid=false
2026-08-10T02:23:47Z  behind_by=0s  rows=2337678  invalid=false
2026-08-10T02:24:48Z  behind_by=0s  rows=2337678  invalid=false
2026-08-10T02:25:48Z  behind_by=0s  rows=2337678  invalid=false
2026-08-10T02:26:48Z  behind_by=0s  rows=2337678  invalid=false
2026-08-10T02:27:48Z  behind_by=0s  rows=2337678  invalid=false
2026-08-10T02:28:48Z  behind_by=0s  rows=2337678  invalid=false
2026-08-10T02:29:48Z  behind_by=0s  rows=2337678  invalid=false
2026-08-10T02:30:48Z  behind_by=0s  rows=2337678  invalid=false
2026-08-10T02:31:48Z  behind_by=0s  rows=2337678  invalid=false
2026-08-10T02:32:48Z  behind_by=0s  rows=2337678  invalid=false
2026-08-10T02:33:48Z  behind_by=0s  rows=2337678  invalid=false
2026-08-10T02:34:48Z  behind_by=0s  rows=2337678  invalid=false
2026-08-10T02:35:49Z  behind_by=0s  rows=2337678  invalid=false
2026-08-10T02:36:49Z  behind_by=0s  rows=2337678  invalid=false
2026-08-10T02:37:49Z  behind_by=0s  rows=2337678  invalid=false
2026-08-10T02:38:49Z  behind_by=0s  rows=2337678  invalid=false
2026-08-10T02:39:49Z  behind_by=0s  rows=2337678  invalid=false
2026-08-10T02:40:49Z  behind_by=0s  rows=2337678  invalid=false
2026-08-10T02:41:50Z  behind_by=0s  rows=2337678  invalid=false
2026-08-10T02:42:50Z  behind_by=0s  rows=2337678  invalid=false
2026-08-10T02:43:50Z  behind_by=0s  rows=2337678  invalid=false
2026-08-10T02:44:50Z  behind_by=0s  rows=2337678  invalid=false
2026-08-10T02:45:50Z  behind_by=0s  rows=2337678  invalid=false
2026-08-10T02:46:50Z  behind_by=0s  rows=2337678  invalid=false
2026-08-10T02:47:50Z  behind_by=0s  rows=2337678  invalid=false
2026-08-10T02:48:50Z  behind_by=0s  rows=2337678  invalid=false
2026-08-10T02:49:50Z  behind_by=0s  rows=2337678  invalid=false
2026-08-10T02:50:51Z  behind_by=0s  rows=2337678  invalid=false
2026-08-10T02:51:51Z  behind_by=0s  rows=2337678  invalid=false
2026-08-10T02:52:51Z  behind_by=0s  rows=2337678  invalid=false
2026-08-10T02:53:51Z  behind_by=0s  rows=2337678  invalid=false
2026-08-10T02:54:51Z  behind_by=0s  rows=2337678  invalid=false
2026-08-10T02:55:51Z  behind_by=0s  rows=2337678  invalid=false
2026-08-10T02:56:51Z  behind_by=0s  rows=2337678  invalid=false
2026-08-10T02:57:51Z  behind_by=0s  rows=2337678  invalid=false
2026-08-10T02:58:51Z  behind_by=0s  rows=2337678  invalid=false
2026-08-10T02:59:51Z  behind_by=0s  rows=2337678  invalid=false
2026-08-10T03:00:51Z  behind_by=0s  rows=2337678  invalid=false
2026-08-10T03:01:51Z  behind_by=0s  rows=2337678  invalid=false
2026-08-10T03:02:52Z  behind_by=0s  rows=2337678  invalid=false
2026-08-10T03:03:52Z  behind_by=0s  rows=2337678  invalid=false
2026-08-10T03:04:52Z  behind_by=0s  rows=2337678  invalid=false
2026-08-10T03:05:52Z  behind_by=0s  rows=2337678  invalid=false
2026-08-10T03:06:52Z  behind_by=0s  rows=2337678  invalid=false
2026-08-10T03:07:52Z  behind_by=0s  rows=2337678  invalid=false
2026-08-10T03:08:53Z  behind_by=0s  rows=2337678  invalid=false
2026-08-10T03:09:53Z  behind_by=0s  rows=2337678  invalid=false
2026-08-10T03:10:53Z  behind_by=0s  rows=2337678  invalid=false
2026-08-10T03:11:54Z  behind_by=0s  rows=2337678  invalid=false
2026-08-10T03:12:54Z  behind_by=0s  rows=2337678  invalid=false
2026-08-10T03:13:54Z  behind_by=0s  rows=2337678  invalid=false
2026-08-10T03:14:54Z  behind_by=0s  rows=2337678  invalid=false
2026-08-10T03:15:54Z  behind_by=0s  rows=2337678  invalid=false
2026-08-10T03:16:54Z  behind_by=0s  rows=2337678  invalid=false
2026-08-10T03:17:54Z  behind_by=0s  rows=2337678  invalid=false
2026-08-10T03:18:54Z  behind_by=0s  rows=2337678  invalid=false
2026-08-10T03:19:54Z  behind_by=0s  rows=2337678  invalid=false
2026-08-10T03:20:54Z  behind_by=0s  rows=2337678  invalid=false
2026-08-10T03:21:54Z  behind_by=0s  rows=2337678  invalid=false
2026-08-10T03:22:54Z  behind_by=0s  rows=2337678  invalid=false
2026-08-10T03:23:54Z  behind_by=0s  rows=2337678  invalid=false
2026-08-10T03:24:55Z  behind_by=0s  rows=2337678  invalid=false
2026-08-10T03:25:55Z  behind_by=0s  rows=2337678  invalid=false
2026-08-10T03:26:55Z  behind_by=0s  rows=2337678  invalid=false
2026-08-10T03:27:55Z  behind_by=0s  rows=2337678  invalid=false
2026-08-10T03:28:55Z  behind_by=0s  rows=2337678  invalid=false
2026-08-10T03:29:55Z  behind_by=0s  rows=2337678  invalid=false
2026-08-10T03:30:55Z  behind_by=0s  rows=2337678  invalid=false
2026-08-10T03:31:55Z  behind_by=0s  rows=2337678  invalid=false
2026-08-10T03:32:55Z  behind_by=0s  rows=2337678  invalid=false
2026-08-10T03:33:55Z  behind_by=0s  rows=2337678  invalid=false
2026-08-10T03:34:55Z  behind_by=0s  rows=2337678  invalid=false
2026-08-10T03:35:55Z  behind_by=0s  rows=2337678  invalid=false
2026-08-10T03:36:56Z  behind_by=0s  rows=2337678  invalid=false
2026-08-10T03:37:56Z  behind_by=0s  rows=2337678  invalid=false
2026-08-10T03:38:56Z  behind_by=0s  rows=2337678  invalid=false
2026-08-10T03:39:56Z  behind_by=0s  rows=2337678  invalid=false
2026-08-10T03:40:56Z  behind_by=0s  rows=2337678  invalid=false
2026-08-10T03:41:56Z  behind_by=0s  rows=2337678  invalid=false
2026-08-10T03:42:56Z  behind_by=0s  rows=2337678  invalid=false
2026-08-10T03:43:56Z  behind_by=0s  rows=2337678  invalid=false
2026-08-10T03:44:56Z  behind_by=0s  rows=2337678  invalid=false
2026-08-10T03:45:56Z  behind_by=0s  rows=2337678  invalid=false
2026-08-10T03:46:56Z  behind_by=0s  rows=2337678  invalid=false
2026-08-10T03:47:57Z  behind_by=0s  rows=2337678  invalid=false
2026-08-10T03:48:57Z  behind_by=0s  rows=2337678  invalid=false
2026-08-10T03:49:57Z  behind_by=0s  rows=2337678  invalid=false
2026-08-10T03:50:57Z  behind_by=0s  rows=2337678  invalid=false
2026-08-10T03:51:57Z  behind_by=0s  rows=2337678  invalid=false
2026-08-10T03:52:57Z  behind_by=0s  rows=2337678  invalid=false
2026-08-10T03:53:57Z  behind_by=0s  rows=2337678  invalid=false
2026-08-10T03:54:57Z  behind_by=0s  rows=2337678  invalid=false
2026-08-10T03:55:57Z  behind_by=0s  rows=2337678  invalid=false
2026-08-10T03:56:57Z  behind_by=0s  rows=2337678  invalid=false
2026-08-10T03:57:57Z  behind_by=0s  rows=2337678  invalid=false
2026-08-10T03:58:57Z  behind_by=0s  rows=2337678  invalid=false
2026-08-10T03:59:57Z  behind_by=0s  rows=2337678  invalid=false
2026-08-10T04:00:58Z  behind_by=0s  rows=2337678  invalid=false
2026-08-10T04:01:58Z  behind_by=0s  rows=2337678  invalid=false
2026-08-10T04:02:59Z  behind_by=0s  rows=2337678  invalid=false
2026-08-10T04:03:59Z  behind_by=0s  rows=2337678  invalid=false
2026-08-10T04:04:59Z  behind_by=0s  rows=2337678  invalid=false
2026-08-10T04:05:59Z  behind_by=0s  rows=2337678  invalid=false
2026-08-10T04:06:59Z  behind_by=0s  rows=2337678  invalid=false
2026-08-10T04:07:59Z  behind_by=0s  rows=2337678  invalid=false
2026-08-10T04:08:59Z  behind_by=0s  rows=2337678  invalid=false
2026-08-10T04:09:59Z  behind_by=0s  rows=2337678  invalid=false
2026-08-10T04:10:59Z  behind_by=0s  rows=2337678  invalid=false
2026-08-10T04:11:59Z  behind_by=0s  rows=2337678  invalid=false
2026-08-10T04:13:00Z  behind_by=0s  rows=2337678  invalid=false
2026-08-10T04:14:00Z  behind_by=0s  rows=2337678  invalid=false
2026-08-10T04:15:00Z  behind_by=0s  rows=2337678  invalid=false
2026-08-10T04:16:00Z  behind_by=0s  rows=2337678  invalid=false
2026-08-10T04:17:00Z  behind_by=0s  rows=2337678  invalid=false
2026-08-10T04:18:00Z  behind_by=0s  rows=2337678  invalid=false
2026-08-10T04:19:00Z  behind_by=0s  rows=2337678  invalid=false
2026-08-10T04:20:00Z  behind_by=0s  rows=2337678  invalid=false
2026-08-10T04:21:00Z  behind_by=0s  rows=2337678  invalid=false
2026-08-10T04:22:00Z  behind_by=0s  rows=2337678  invalid=false
2026-08-10T04:23:01Z  behind_by=0s  rows=2337678  invalid=false
2026-08-10T04:24:01Z  behind_by=0s  rows=2337678  invalid=false
2026-08-10T04:25:01Z  behind_by=0s  rows=2337678  invalid=false
2026-08-10T04:26:01Z  behind_by=0s  rows=2337678  invalid=false
2026-08-10T04:27:01Z  behind_by=0s  rows=2337678  invalid=false
2026-08-10T04:28:01Z  behind_by=0s  rows=2337678  invalid=false
2026-08-10T04:29:01Z  behind_by=0s  rows=2337678  invalid=false
2026-08-10T04:30:01Z  behind_by=0s  rows=2337678  invalid=false
2026-08-10T04:31:02Z  behind_by=0s  rows=2337678  invalid=false
2026-08-10T04:32:02Z  behind_by=0s  rows=2337678  invalid=false
2026-08-10T04:33:02Z  behind_by=0s  rows=2337678  invalid=false
2026-08-10T04:34:02Z  behind_by=0s  rows=2337678  invalid=false
2026-08-10T04:35:03Z  behind_by=0s  rows=2337678  invalid=false
2026-08-10T04:36:03Z  behind_by=0s  rows=2337678  invalid=false
2026-08-10T04:37:03Z  behind_by=0s  rows=2337678  invalid=false
2026-08-10T04:38:03Z  behind_by=0s  rows=2337678  invalid=false
2026-08-10T04:39:03Z  behind_by=0s  rows=2337678  invalid=false
2026-08-10T04:40:03Z  behind_by=0s  rows=2337678  invalid=false
2026-08-10T04:41:03Z  behind_by=0s  rows=2337678  invalid=false
2026-08-10T04:42:03Z  behind_by=0s  rows=2337678  invalid=false
2026-08-10T04:43:03Z  behind_by=0s  rows=2337678  invalid=false
2026-08-10T04:44:03Z  behind_by=0s  rows=2337678  invalid=false
2026-08-10T04:45:04Z  behind_by=0s  rows=2337678  invalid=false
2026-08-10T04:46:04Z  behind_by=0s  rows=2337678  invalid=false
2026-08-10T04:47:04Z  behind_by=0s  rows=2337678  invalid=false
2026-08-10T04:48:04Z  behind_by=0s  rows=2337678  invalid=false
2026-08-10T04:49:04Z  behind_by=0s  rows=2337678  invalid=false
2026-08-10T04:50:04Z  behind_by=0s  rows=2337678  invalid=false
2026-08-10T04:51:04Z  behind_by=0s  rows=2337678  invalid=false
2026-08-10T04:52:04Z  behind_by=0s  rows=2337678  invalid=false
2026-08-10T04:53:04Z  behind_by=0s  rows=2337678  invalid=false
2026-08-10T04:54:04Z  behind_by=0s  rows=2337678  invalid=false
2026-08-10T04:55:04Z  behind_by=0s  rows=2337678  invalid=false
2026-08-10T04:56:04Z  behind_by=0s  rows=2337678  invalid=false
2026-08-10T04:57:05Z  behind_by=0s  rows=2337678  invalid=false
2026-08-10T04:58:05Z  behind_by=0s  rows=2337678  invalid=false
2026-08-10T04:59:05Z  behind_by=0s  rows=2337678  invalid=false
2026-08-10T05:00:05Z  behind_by=0s  rows=2337678  invalid=false
2026-08-10T05:01:05Z  behind_by=0s  rows=2337678  invalid=false
2026-08-10T05:02:05Z  behind_by=0s  rows=2337678  invalid=false
2026-08-10T05:03:05Z  behind_by=0s  rows=2337678  invalid=false
2026-08-10T05:04:05Z  behind_by=0s  rows=2337678  invalid=false
2026-08-10T05:05:05Z  behind_by=0s  rows=2337678  invalid=false
2026-08-10T05:06:05Z  behind_by=0s  rows=2337678  invalid=false
2026-08-10T05:07:05Z  behind_by=0s  rows=2337678  invalid=false
2026-08-10T05:08:06Z  behind_by=0s  rows=2337678  invalid=false
2026-08-10T05:09:06Z  behind_by=0s  rows=2337678  invalid=false
2026-08-10T05:10:06Z  behind_by=0s  rows=2337678  invalid=false
2026-08-10T05:11:06Z  behind_by=0s  rows=2337678  invalid=false
2026-08-10T05:12:06Z  behind_by=0s  rows=2337678  invalid=false
2026-08-10T05:13:06Z  behind_by=0s  rows=2337678  invalid=false
2026-08-10T05:14:07Z  behind_by=0s  rows=2337678  invalid=false
2026-08-10T05:15:07Z  behind_by=0s  rows=2337678  invalid=false
2026-08-10T05:16:07Z  behind_by=0s  rows=2337678  invalid=false
2026-08-10T05:17:07Z  behind_by=0s  rows=2337678  invalid=false
2026-08-10T05:18:07Z  behind_by=0s  rows=2337678  invalid=false
2026-08-10T05:19:07Z  behind_by=0s  rows=2337678  invalid=false
2026-08-10T05:20:07Z  behind_by=0s  rows=2337678  invalid=false
2026-08-10T05:21:07Z  behind_by=0s  rows=2337678  invalid=false
2026-08-10T05:22:07Z  behind_by=0s  rows=2337678  invalid=false
2026-08-10T05:23:07Z  behind_by=0s  rows=2337678  invalid=false
2026-08-10T05:24:07Z  behind_by=0s  rows=2337678  invalid=false
2026-08-10T05:25:07Z  behind_by=0s  rows=2337678  invalid=false
2026-08-10T05:26:07Z  behind_by=0s  rows=2337678  invalid=false
2026-08-10T05:27:08Z  behind_by=0s  rows=2337678  invalid=false
2026-08-10T05:28:08Z  behind_by=0s  rows=2337678  invalid=false
2026-08-10T05:29:08Z  behind_by=0s  rows=2337678  invalid=false
2026-08-10T05:30:08Z  behind_by=0s  rows=2337678  invalid=false
2026-08-10T05:31:08Z  behind_by=0s  rows=2337678  invalid=false
2026-08-10T05:32:08Z  behind_by=0s  rows=2337678  invalid=false
2026-08-10T05:33:08Z  behind_by=0s  rows=2337678  invalid=false
2026-08-10T05:34:08Z  behind_by=0s  rows=2337678  invalid=false
2026-08-10T05:35:08Z  behind_by=0s  rows=2337678  invalid=false
2026-08-10T05:36:08Z  behind_by=0s  rows=2337678  invalid=false
2026-08-10T05:37:08Z  behind_by=0s  rows=2337678  invalid=false
2026-08-10T05:38:09Z  behind_by=0s  rows=2337678  invalid=false
2026-08-10T05:39:09Z  behind_by=0s  rows=2337678  invalid=false
2026-08-10T05:40:09Z  behind_by=0s  rows=2337678  invalid=false
2026-08-10T05:41:09Z  behind_by=0s  rows=2337678  invalid=false
2026-08-10T05:42:09Z  behind_by=0s  rows=2337678  invalid=false
2026-08-10T05:43:09Z  behind_by=0s  rows=2337678  invalid=false
2026-08-10T05:44:09Z  behind_by=0s  rows=2337678  invalid=false
2026-08-10T05:45:09Z  behind_by=0s  rows=2337678  invalid=false
2026-08-10T05:46:09Z  behind_by=0s  rows=2337678  invalid=false
2026-08-10T05:47:09Z  behind_by=0s  rows=2337678  invalid=false
2026-08-10T05:48:10Z  behind_by=0s  rows=2337678  invalid=false
2026-08-10T05:49:10Z  behind_by=0s  rows=2337678  invalid=false
2026-08-10T05:50:10Z  behind_by=0s  rows=2337678  invalid=false
2026-08-10T05:51:10Z  behind_by=0s  rows=2337678  invalid=false
2026-08-10T05:52:10Z  behind_by=0s  rows=2337678  invalid=false
2026-08-10T05:53:10Z  behind_by=0s  rows=2337678  invalid=false
2026-08-10T05:54:10Z  behind_by=0s  rows=2337678  invalid=false
2026-08-10T05:55:10Z  behind_by=0s  rows=2337678  invalid=false
2026-08-10T05:56:11Z  behind_by=0s  rows=2337678  invalid=false
2026-08-10T05:57:11Z  behind_by=0s  rows=2337678  invalid=false
2026-08-10T05:58:11Z  behind_by=0s  rows=2337678  invalid=false
2026-08-10T05:59:11Z  behind_by=0s  rows=2337678  invalid=false
2026-08-10T06:00:11Z  behind_by=0s  rows=2337678  invalid=false
2026-08-10T06:01:11Z  behind_by=0s  rows=2337678  invalid=false
2026-08-10T06:02:12Z  behind_by=0s  rows=2337678  invalid=false
2026-08-10T06:03:12Z  behind_by=0s  rows=2337678  invalid=false
2026-08-10T06:04:12Z  behind_by=0s  rows=2337678  invalid=false
2026-08-10T06:05:12Z  behind_by=0s  rows=2337678  invalid=false
2026-08-10T06:06:12Z  behind_by=0s  rows=2337678  invalid=false
2026-08-10T06:07:12Z  behind_by=0s  rows=2337678  invalid=false
2026-08-10T06:08:12Z  behind_by=0s  rows=2337678  invalid=false
2026-08-10T06:09:13Z  behind_by=0s  rows=2337678  invalid=false
2026-08-10T06:10:13Z  behind_by=0s  rows=2337678  invalid=false
2026-08-10T06:11:13Z  behind_by=0s  rows=2337678  invalid=false
2026-08-10T06:12:13Z  behind_by=0s  rows=2337678  invalid=false
2026-08-10T06:13:13Z  behind_by=0s  rows=2337678  invalid=false
2026-08-10T06:14:13Z  behind_by=0s  rows=2337678  invalid=false
2026-08-10T06:15:13Z  behind_by=0s  rows=2337678  invalid=false
2026-08-10T06:16:13Z  behind_by=0s  rows=2337678  invalid=false
2026-08-10T06:17:13Z  behind_by=0s  rows=2337678  invalid=false
2026-08-10T06:18:13Z  behind_by=0s  rows=2337678  invalid=false
2026-08-10T06:19:13Z  behind_by=0s  rows=2337678  invalid=false
2026-08-10T06:20:14Z  behind_by=0s  rows=2337678  invalid=false
2026-08-10T06:21:14Z  behind_by=0s  rows=2337678  invalid=false
2026-08-10T06:22:14Z  behind_by=0s  rows=2337678  invalid=false
2026-08-10T06:23:14Z  behind_by=0s  rows=2337678  invalid=false
2026-08-10T06:24:14Z  behind_by=0s  rows=2337678  invalid=false
2026-08-10T06:25:14Z  behind_by=0s  rows=2337678  invalid=false
2026-08-10T06:26:14Z  behind_by=0s  rows=2337678  invalid=false
2026-08-10T06:27:14Z  behind_by=0s  rows=2337678  invalid=false
2026-08-10T06:28:14Z  behind_by=0s  rows=2337678  invalid=false
2026-08-10T06:29:14Z  behind_by=0s  rows=2337678  invalid=false
2026-08-10T06:30:14Z  behind_by=0s  rows=2337678  invalid=false
2026-08-10T06:31:14Z  behind_by=0s  rows=2337678  invalid=false
2026-08-10T06:32:14Z  behind_by=0s  rows=2337678  invalid=false
2026-08-10T06:33:15Z  behind_by=0s  rows=2337678  invalid=false
2026-08-10T06:34:15Z  behind_by=0s  rows=2337678  invalid=false
2026-08-10T06:35:15Z  behind_by=0s  rows=2337678  invalid=false
2026-08-10T06:36:15Z  behind_by=0s  rows=2337678  invalid=false
2026-08-10T06:37:15Z  behind_by=0s  rows=2337678  invalid=false
2026-08-10T06:38:15Z  behind_by=0s  rows=2337678  invalid=false
2026-08-10T06:39:15Z  behind_by=0s  rows=2337678  invalid=false
2026-08-10T06:40:15Z  behind_by=0s  rows=2337678  invalid=false
2026-08-10T06:41:16Z  behind_by=0s  rows=2337678  invalid=false
2026-08-10T06:42:16Z  behind_by=0s  rows=2337678  invalid=false
2026-08-10T06:43:16Z  behind_by=0s  rows=2337678  invalid=false
2026-08-10T06:44:16Z  behind_by=0s  rows=2337678  invalid=false
2026-08-10T06:45:16Z  behind_by=0s  rows=2337678  invalid=false
2026-08-10T06:46:16Z  behind_by=0s  rows=2337678  invalid=false
2026-08-10T06:47:16Z  behind_by=0s  rows=2337678  invalid=false
2026-08-10T06:48:16Z  behind_by=0s  rows=2337678  invalid=false
2026-08-10T06:49:16Z  behind_by=0s  rows=2337678  invalid=false
2026-08-10T06:50:16Z  behind_by=0s  rows=2337678  invalid=false
2026-08-10T06:51:17Z  behind_by=0s  rows=2337678  invalid=false
2026-08-10T06:52:17Z  behind_by=0s  rows=2337678  invalid=false
2026-08-10T06:53:17Z  behind_by=0s  rows=2337678  invalid=false
2026-08-10T06:54:17Z  behind_by=0s  rows=2337678  invalid=false
2026-08-10T06:55:17Z  behind_by=0s  rows=2337678  invalid=false
2026-08-10T06:56:17Z  behind_by=0s  rows=2337678  invalid=false
2026-08-10T06:57:17Z  behind_by=0s  rows=2337678  invalid=false
2026-08-10T06:58:17Z  behind_by=0s  rows=2337678  invalid=false
2026-08-10T06:59:17Z  behind_by=0s  rows=2337678  invalid=false
2026-08-10T07:00:17Z  behind_by=0s  rows=2337678  invalid=false
2026-08-10T07:01:18Z  behind_by=0s  rows=2337678  invalid=false
2026-08-10T07:02:18Z  behind_by=0s  rows=2337678  invalid=false
2026-08-10T07:03:18Z  behind_by=0s  rows=2337678  invalid=false
2026-08-10T07:04:18Z  behind_by=0s  rows=2337678  invalid=false
2026-08-10T07:05:18Z  behind_by=0s  rows=2337678  invalid=false
2026-08-10T07:06:18Z  behind_by=0s  rows=2337678  invalid=false
2026-08-10T07:07:18Z  behind_by=0s  rows=2337678  invalid=false
2026-08-10T07:08:19Z  behind_by=0s  rows=2337678  invalid=false
2026-08-10T07:09:19Z  behind_by=0s  rows=2337678  invalid=false
2026-08-10T07:10:19Z  behind_by=0s  rows=2337678  invalid=false
2026-08-10T07:11:19Z  behind_by=0s  rows=2337678  invalid=false
2026-08-10T07:12:19Z  behind_by=0s  rows=2337678  invalid=false
2026-08-10T07:13:19Z  behind_by=0s  rows=2337678  invalid=false
2026-08-10T07:14:19Z  behind_by=0s  rows=2337678  invalid=false
2026-08-10T07:15:20Z  behind_by=0s  rows=2337678  invalid=false
2026-08-10T07:16:20Z  behind_by=0s  rows=2337678  invalid=false
2026-08-10T07:17:20Z  behind_by=0s  rows=2337678  invalid=false
2026-08-10T07:18:20Z  behind_by=0s  rows=2337678  invalid=false
2026-08-10T07:19:20Z  behind_by=0s  rows=2337678  invalid=false
2026-08-10T07:20:20Z  behind_by=0s  rows=2337678  invalid=false
2026-08-10T07:21:20Z  behind_by=0s  rows=2337678  invalid=false
2026-08-10T07:22:20Z  behind_by=0s  rows=2337678  invalid=false
2026-08-10T07:23:20Z  behind_by=0s  rows=2337678  invalid=false
2026-08-10T07:24:20Z  behind_by=0s  rows=2337678  invalid=false
2026-08-10T07:25:21Z  behind_by=0s  rows=2337678  invalid=false
2026-08-10T07:26:21Z  behind_by=0s  rows=2337678  invalid=false
2026-08-10T07:27:21Z  behind_by=0s  rows=2337678  invalid=false
2026-08-10T07:28:21Z  behind_by=0s  rows=2337678  invalid=false
2026-08-10T07:29:21Z  behind_by=0s  rows=2337678  invalid=false
2026-08-10T07:30:21Z  behind_by=0s  rows=2337678  invalid=false
2026-08-10T07:31:21Z  behind_by=0s  rows=2337678  invalid=false
2026-08-10T07:32:21Z  behind_by=0s  rows=2337678  invalid=false
2026-08-10T07:33:22Z  behind_by=0s  rows=2337678  invalid=false
2026-08-10T07:34:22Z  behind_by=0s  rows=2337678  invalid=false
2026-08-10T07:35:22Z  behind_by=0s  rows=2337678  invalid=false
2026-08-10T07:36:22Z  behind_by=0s  rows=2337678  invalid=false
2026-08-10T07:37:22Z  behind_by=0s  rows=2337678  invalid=false
2026-08-10T07:38:22Z  behind_by=0s  rows=2337678  invalid=false
2026-08-10T07:39:22Z  behind_by=0s  rows=2337678  invalid=false
2026-08-10T07:40:22Z  behind_by=0s  rows=2337678  invalid=false
2026-08-10T07:41:22Z  behind_by=0s  rows=2337678  invalid=false
2026-08-10T07:42:22Z  behind_by=0s  rows=2337678  invalid=false
2026-08-10T07:43:22Z  behind_by=0s  rows=2337678  invalid=false
2026-08-10T07:44:23Z  behind_by=0s  rows=2337678  invalid=false
2026-08-10T07:45:23Z  behind_by=0s  rows=2337678  invalid=false
2026-08-10T07:46:23Z  behind_by=0s  rows=2337678  invalid=false
2026-08-10T07:47:23Z  behind_by=0s  rows=2337678  invalid=false
2026-08-10T07:48:23Z  behind_by=0s  rows=2337678  invalid=false
2026-08-10T07:49:24Z  behind_by=0s  rows=2337678  invalid=false
2026-08-10T07:50:24Z  behind_by=0s  rows=2337678  invalid=false
2026-08-10T07:51:24Z  behind_by=0s  rows=2337678  invalid=false
2026-08-10T07:52:24Z  behind_by=0s  rows=2337678  invalid=false
2026-08-10T07:53:24Z  behind_by=0s  rows=2337678  invalid=false
2026-08-10T07:54:24Z  behind_by=0s  rows=2337678  invalid=false
2026-08-10T07:55:24Z  behind_by=0s  rows=2337678  invalid=false
2026-08-10T07:56:25Z  behind_by=0s  rows=2337678  invalid=false
2026-08-10T07:57:25Z  behind_by=0s  rows=2337678  invalid=false
2026-08-10T07:58:26Z  behind_by=0s  rows=2337678  invalid=false
2026-08-10T07:59:26Z  behind_by=0s  rows=2337678  invalid=false
2026-08-10T08:00:26Z  behind_by=0s  rows=2337678  invalid=false
2026-08-10T08:01:26Z  behind_by=0s  rows=2337678  invalid=false
2026-08-10T08:02:26Z  behind_by=0s  rows=2337678  invalid=false
2026-08-10T08:03:26Z  behind_by=0s  rows=2337678  invalid=false
2026-08-10T08:04:26Z  behind_by=0s  rows=2337678  invalid=false
2026-08-10T08:05:27Z  behind_by=0s  rows=2337678  invalid=false
2026-08-10T08:06:27Z  behind_by=0s  rows=2337678  invalid=false
2026-08-10T08:07:27Z  behind_by=0s  rows=2337678  invalid=false
2026-08-10T08:08:27Z  behind_by=0s  rows=2337678  invalid=false
2026-08-10T08:09:27Z  behind_by=0s  rows=2337678  invalid=false
2026-08-10T08:10:27Z  behind_by=0s  rows=2337678  invalid=false
2026-08-10T08:11:27Z  behind_by=0s  rows=2337678  invalid=false
2026-08-10T08:12:27Z  behind_by=0s  rows=2337678  invalid=false
2026-08-10T08:13:27Z  behind_by=0s  rows=2337678  invalid=false
2026-08-10T08:14:27Z  behind_by=0s  rows=2337678  invalid=false
2026-08-10T08:15:27Z  behind_by=0s  rows=2337678  invalid=false
2026-08-10T08:16:28Z  behind_by=0s  rows=2337678  invalid=false
2026-08-10T08:17:28Z  behind_by=0s  rows=2337678  invalid=false
2026-08-10T08:18:28Z  behind_by=0s  rows=2337678  invalid=false
2026-08-10T08:19:28Z  behind_by=0s  rows=2337678  invalid=false
2026-08-10T08:20:28Z  behind_by=0s  rows=2337678  invalid=false
2026-08-10T08:21:28Z  behind_by=0s  rows=2337678  invalid=false
2026-08-10T08:22:28Z  behind_by=0s  rows=2337678  invalid=false
2026-08-10T08:23:28Z  behind_by=0s  rows=2337678  invalid=false
2026-08-10T08:24:28Z  behind_by=0s  rows=2337678  invalid=false
2026-08-10T08:25:28Z  behind_by=0s  rows=2337678  invalid=false
