series,label,source_line,iteration,observed_at,raw_rows,query_number,query_name,latency_sec
left,ClickHouse Cloud,2,2,2026-08-08T07:05:59Z,724786266,1,Single-symbol summary,0.006
left,ClickHouse Cloud,2,2,2026-08-08T07:05:59Z,724786266,2,Watchlist summary,0.005
left,ClickHouse Cloud,2,2,2026-08-08T07:05:59Z,724786266,3,Top movers,0.006
left,ClickHouse Cloud,2,2,2026-08-08T07:05:59Z,724786266,4,Daily activity,0.006
left,ClickHouse Cloud,3,3,2026-08-08T07:15:59Z,1370669828,1,Single-symbol summary,0.041
left,ClickHouse Cloud,3,3,2026-08-08T07:15:59Z,1370669828,2,Watchlist summary,0.007
left,ClickHouse Cloud,3,3,2026-08-08T07:15:59Z,1370669828,3,Top movers,0.009
left,ClickHouse Cloud,3,3,2026-08-08T07:15:59Z,1370669828,4,Daily activity,0.006
left,ClickHouse Cloud,4,4,2026-08-08T07:25:59Z,1975682003,1,Single-symbol summary,0.006
left,ClickHouse Cloud,4,4,2026-08-08T07:25:59Z,1975682003,2,Watchlist summary,0.033
left,ClickHouse Cloud,4,4,2026-08-08T07:25:59Z,1975682003,3,Top movers,0.045
left,ClickHouse Cloud,4,4,2026-08-08T07:25:59Z,1975682003,4,Daily activity,0.025
left,ClickHouse Cloud,5,5,2026-08-08T07:35:59Z,2574084882,1,Single-symbol summary,0.007
left,ClickHouse Cloud,5,5,2026-08-08T07:35:59Z,2574084882,2,Watchlist summary,0.01
left,ClickHouse Cloud,5,5,2026-08-08T07:35:59Z,2574084882,3,Top movers,0.011
left,ClickHouse Cloud,5,5,2026-08-08T07:35:59Z,2574084882,4,Daily activity,0.008
left,ClickHouse Cloud,6,6,2026-08-08T07:45:59Z,3146910669,1,Single-symbol summary,0.012
left,ClickHouse Cloud,6,6,2026-08-08T07:45:59Z,3146910669,2,Watchlist summary,0.01
left,ClickHouse Cloud,6,6,2026-08-08T07:45:59Z,3146910669,3,Top movers,0.011
left,ClickHouse Cloud,6,6,2026-08-08T07:45:59Z,3146910669,4,Daily activity,0.008
left,ClickHouse Cloud,7,7,2026-08-08T07:55:59Z,3738865972,1,Single-symbol summary,0.014
left,ClickHouse Cloud,7,7,2026-08-08T07:55:59Z,3738865972,2,Watchlist summary,0.009
left,ClickHouse Cloud,7,7,2026-08-08T07:55:59Z,3738865972,3,Top movers,0.012
left,ClickHouse Cloud,7,7,2026-08-08T07:55:59Z,3738865972,4,Daily activity,0.01
left,ClickHouse Cloud,8,8,2026-08-08T08:05:59Z,4293755746,1,Single-symbol summary,0.013
left,ClickHouse Cloud,8,8,2026-08-08T08:05:59Z,4293755746,2,Watchlist summary,0.01
left,ClickHouse Cloud,8,8,2026-08-08T08:05:59Z,4293755746,3,Top movers,0.012
left,ClickHouse Cloud,8,8,2026-08-08T08:05:59Z,4293755746,4,Daily activity,0.009
left,ClickHouse Cloud,9,9,2026-08-08T08:15:59Z,4891042750,1,Single-symbol summary,0.007
left,ClickHouse Cloud,9,9,2026-08-08T08:15:59Z,4891042750,2,Watchlist summary,0.008
left,ClickHouse Cloud,9,9,2026-08-08T08:15:59Z,4891042750,3,Top movers,0.013
left,ClickHouse Cloud,9,9,2026-08-08T08:15:59Z,4891042750,4,Daily activity,0.01
left,ClickHouse Cloud,10,10,2026-08-08T08:25:59Z,5469535309,1,Single-symbol summary,0.013
left,ClickHouse Cloud,10,10,2026-08-08T08:25:59Z,5469535309,2,Watchlist summary,0.017
left,ClickHouse Cloud,10,10,2026-08-08T08:25:59Z,5469535309,3,Top movers,0.014
left,ClickHouse Cloud,10,10,2026-08-08T08:25:59Z,5469535309,4,Daily activity,0.011
left,ClickHouse Cloud,11,11,2026-08-08T08:35:59Z,6010532017,1,Single-symbol summary,0.006
left,ClickHouse Cloud,11,11,2026-08-08T08:35:59Z,6010532017,2,Watchlist summary,0.009
left,ClickHouse Cloud,11,11,2026-08-08T08:35:59Z,6010532017,3,Top movers,0.013
left,ClickHouse Cloud,11,11,2026-08-08T08:35:59Z,6010532017,4,Daily activity,0.011
left,ClickHouse Cloud,12,12,2026-08-08T08:45:59Z,6539371357,1,Single-symbol summary,0.014
left,ClickHouse Cloud,12,12,2026-08-08T08:45:59Z,6539371357,2,Watchlist summary,0.01
left,ClickHouse Cloud,12,12,2026-08-08T08:45:59Z,6539371357,3,Top movers,0.012
left,ClickHouse Cloud,12,12,2026-08-08T08:45:59Z,6539371357,4,Daily activity,0.01
left,ClickHouse Cloud,13,13,2026-08-08T08:55:59Z,7146131616,1,Single-symbol summary,0.006
left,ClickHouse Cloud,13,13,2026-08-08T08:55:59Z,7146131616,2,Watchlist summary,0.009
left,ClickHouse Cloud,13,13,2026-08-08T08:55:59Z,7146131616,3,Top movers,0.011
left,ClickHouse Cloud,13,13,2026-08-08T08:55:59Z,7146131616,4,Daily activity,0.01
left,ClickHouse Cloud,14,14,2026-08-08T09:05:59Z,7727462172,1,Single-symbol summary,0.007
left,ClickHouse Cloud,14,14,2026-08-08T09:05:59Z,7727462172,2,Watchlist summary,0.009
left,ClickHouse Cloud,14,14,2026-08-08T09:05:59Z,7727462172,3,Top movers,0.013
left,ClickHouse Cloud,14,14,2026-08-08T09:05:59Z,7727462172,4,Daily activity,0.01
left,ClickHouse Cloud,15,15,2026-08-08T09:15:59Z,8305203448,1,Single-symbol summary,0.007
left,ClickHouse Cloud,15,15,2026-08-08T09:15:59Z,8305203448,2,Watchlist summary,0.013
left,ClickHouse Cloud,15,15,2026-08-08T09:15:59Z,8305203448,3,Top movers,0.012
left,ClickHouse Cloud,15,15,2026-08-08T09:15:59Z,8305203448,4,Daily activity,0.011
left,ClickHouse Cloud,16,16,2026-08-08T09:25:59Z,8807164173,1,Single-symbol summary,0.013
left,ClickHouse Cloud,16,16,2026-08-08T09:25:59Z,8807164173,2,Watchlist summary,0.017
left,ClickHouse Cloud,16,16,2026-08-08T09:25:59Z,8807164173,3,Top movers,0.012
left,ClickHouse Cloud,16,16,2026-08-08T09:25:59Z,8807164173,4,Daily activity,0.01
left,ClickHouse Cloud,17,17,2026-08-08T09:35:59Z,9395201523,1,Single-symbol summary,0.007
left,ClickHouse Cloud,17,17,2026-08-08T09:35:59Z,9395201523,2,Watchlist summary,0.011
left,ClickHouse Cloud,17,17,2026-08-08T09:35:59Z,9395201523,3,Top movers,0.013
left,ClickHouse Cloud,17,17,2026-08-08T09:35:59Z,9395201523,4,Daily activity,0.011
left,ClickHouse Cloud,18,18,2026-08-08T09:45:59Z,9911918805,1,Single-symbol summary,0.007
left,ClickHouse Cloud,18,18,2026-08-08T09:45:59Z,9911918805,2,Watchlist summary,0.01
left,ClickHouse Cloud,18,18,2026-08-08T09:45:59Z,9911918805,3,Top movers,0.012
left,ClickHouse Cloud,18,18,2026-08-08T09:45:59Z,9911918805,4,Daily activity,0.011
left,ClickHouse Cloud,19,19,2026-08-08T09:55:59Z,10448957290,1,Single-symbol summary,0.007
left,ClickHouse Cloud,19,19,2026-08-08T09:55:59Z,10448957290,2,Watchlist summary,0.011
left,ClickHouse Cloud,19,19,2026-08-08T09:55:59Z,10448957290,3,Top movers,0.013
left,ClickHouse Cloud,19,19,2026-08-08T09:55:59Z,10448957290,4,Daily activity,0.011
left,ClickHouse Cloud,20,20,2026-08-08T10:05:59Z,10999409964,1,Single-symbol summary,0.007
left,ClickHouse Cloud,20,20,2026-08-08T10:05:59Z,10999409964,2,Watchlist summary,0.011
left,ClickHouse Cloud,20,20,2026-08-08T10:05:59Z,10999409964,3,Top movers,0.013
left,ClickHouse Cloud,20,20,2026-08-08T10:05:59Z,10999409964,4,Daily activity,0.01
left,ClickHouse Cloud,21,21,2026-08-08T10:15:59Z,11495758638,1,Single-symbol summary,0.007
left,ClickHouse Cloud,21,21,2026-08-08T10:15:59Z,11495758638,2,Watchlist summary,0.015
left,ClickHouse Cloud,21,21,2026-08-08T10:15:59Z,11495758638,3,Top movers,0.011
left,ClickHouse Cloud,21,21,2026-08-08T10:15:59Z,11495758638,4,Daily activity,0.011
left,ClickHouse Cloud,22,22,2026-08-08T10:25:59Z,12058435469,1,Single-symbol summary,0.012
left,ClickHouse Cloud,22,22,2026-08-08T10:25:59Z,12058435469,2,Watchlist summary,0.01
left,ClickHouse Cloud,22,22,2026-08-08T10:25:59Z,12058435469,3,Top movers,0.012
left,ClickHouse Cloud,22,22,2026-08-08T10:25:59Z,12058435469,4,Daily activity,0.01
left,ClickHouse Cloud,23,23,2026-08-08T10:35:59Z,12574526062,1,Single-symbol summary,0.013
left,ClickHouse Cloud,23,23,2026-08-08T10:35:59Z,12574526062,2,Watchlist summary,0.01
left,ClickHouse Cloud,23,23,2026-08-08T10:35:59Z,12574526062,3,Top movers,0.013
left,ClickHouse Cloud,23,23,2026-08-08T10:35:59Z,12574526062,4,Daily activity,0.011
left,ClickHouse Cloud,24,24,2026-08-08T10:45:59Z,13130688854,1,Single-symbol summary,0.013
left,ClickHouse Cloud,24,24,2026-08-08T10:45:59Z,13130688854,2,Watchlist summary,0.015
left,ClickHouse Cloud,24,24,2026-08-08T10:45:59Z,13130688854,3,Top movers,0.013
left,ClickHouse Cloud,24,24,2026-08-08T10:45:59Z,13130688854,4,Daily activity,0.011
left,ClickHouse Cloud,25,25,2026-08-08T10:55:59Z,13690901348,1,Single-symbol summary,0.014
left,ClickHouse Cloud,25,25,2026-08-08T10:55:59Z,13690901348,2,Watchlist summary,0.016
left,ClickHouse Cloud,25,25,2026-08-08T10:55:59Z,13690901348,3,Top movers,0.014
left,ClickHouse Cloud,25,25,2026-08-08T10:55:59Z,13690901348,4,Daily activity,0.011
left,ClickHouse Cloud,26,26,2026-08-08T11:05:59Z,14280804947,1,Single-symbol summary,0.013
left,ClickHouse Cloud,26,26,2026-08-08T11:05:59Z,14280804947,2,Watchlist summary,0.016
left,ClickHouse Cloud,26,26,2026-08-08T11:05:59Z,14280804947,3,Top movers,0.014
left,ClickHouse Cloud,26,26,2026-08-08T11:05:59Z,14280804947,4,Daily activity,0.012
left,ClickHouse Cloud,27,27,2026-08-08T11:15:59Z,14876856126,1,Single-symbol summary,0.013
left,ClickHouse Cloud,27,27,2026-08-08T11:15:59Z,14876856126,2,Watchlist summary,0.011
left,ClickHouse Cloud,27,27,2026-08-08T11:15:59Z,14876856126,3,Top movers,0.013
left,ClickHouse Cloud,27,27,2026-08-08T11:15:59Z,14876856126,4,Daily activity,0.01
left,ClickHouse Cloud,28,28,2026-08-08T11:25:59Z,15470256866,1,Single-symbol summary,0.087
left,ClickHouse Cloud,28,28,2026-08-08T11:25:59Z,15470256866,2,Watchlist summary,0.08
left,ClickHouse Cloud,28,28,2026-08-08T11:25:59Z,15470256866,3,Top movers,0.011
left,ClickHouse Cloud,28,28,2026-08-08T11:25:59Z,15470256866,4,Daily activity,0.01
left,ClickHouse Cloud,29,29,2026-08-08T11:35:59Z,16058779354,1,Single-symbol summary,0.007
left,ClickHouse Cloud,29,29,2026-08-08T11:35:59Z,16058779354,2,Watchlist summary,0.011
left,ClickHouse Cloud,29,29,2026-08-08T11:35:59Z,16058779354,3,Top movers,0.011
left,ClickHouse Cloud,29,29,2026-08-08T11:35:59Z,16058779354,4,Daily activity,0.01
left,ClickHouse Cloud,30,30,2026-08-08T11:45:59Z,16604006353,1,Single-symbol summary,0.007
left,ClickHouse Cloud,30,30,2026-08-08T11:45:59Z,16604006353,2,Watchlist summary,0.01
left,ClickHouse Cloud,30,30,2026-08-08T11:45:59Z,16604006353,3,Top movers,0.011
left,ClickHouse Cloud,30,30,2026-08-08T11:45:59Z,16604006353,4,Daily activity,0.01
left,ClickHouse Cloud,31,31,2026-08-08T11:55:59Z,17204550973,1,Single-symbol summary,0.006
left,ClickHouse Cloud,31,31,2026-08-08T11:55:59Z,17204550973,2,Watchlist summary,0.013
left,ClickHouse Cloud,31,31,2026-08-08T11:55:59Z,17204550973,3,Top movers,0.011
left,ClickHouse Cloud,31,31,2026-08-08T11:55:59Z,17204550973,4,Daily activity,0.01
left,ClickHouse Cloud,32,32,2026-08-08T12:05:59Z,17758468213,1,Single-symbol summary,0.013
left,ClickHouse Cloud,32,32,2026-08-08T12:05:59Z,17758468213,2,Watchlist summary,0.011
left,ClickHouse Cloud,32,32,2026-08-08T12:05:59Z,17758468213,3,Top movers,0.011
left,ClickHouse Cloud,32,32,2026-08-08T12:05:59Z,17758468213,4,Daily activity,0.014
left,ClickHouse Cloud,33,33,2026-08-08T12:15:59Z,18360002425,1,Single-symbol summary,0.013
left,ClickHouse Cloud,33,33,2026-08-08T12:15:59Z,18360002425,2,Watchlist summary,0.01
left,ClickHouse Cloud,33,33,2026-08-08T12:15:59Z,18360002425,3,Top movers,0.012
left,ClickHouse Cloud,33,33,2026-08-08T12:15:59Z,18360002425,4,Daily activity,0.011
left,ClickHouse Cloud,34,34,2026-08-08T12:25:59Z,18930505218,1,Single-symbol summary,0.014
left,ClickHouse Cloud,34,34,2026-08-08T12:25:59Z,18930505218,2,Watchlist summary,0.011
left,ClickHouse Cloud,34,34,2026-08-08T12:25:59Z,18930505218,3,Top movers,0.012
left,ClickHouse Cloud,34,34,2026-08-08T12:25:59Z,18930505218,4,Daily activity,0.01
left,ClickHouse Cloud,35,35,2026-08-08T12:35:59Z,19498533079,1,Single-symbol summary,0.012
left,ClickHouse Cloud,35,35,2026-08-08T12:35:59Z,19498533079,2,Watchlist summary,0.016
left,ClickHouse Cloud,35,35,2026-08-08T12:35:59Z,19498533079,3,Top movers,0.013
left,ClickHouse Cloud,35,35,2026-08-08T12:35:59Z,19498533079,4,Daily activity,0.011
left,ClickHouse Cloud,36,36,2026-08-08T12:45:59Z,20030972521,1,Single-symbol summary,0.014
left,ClickHouse Cloud,36,36,2026-08-08T12:45:59Z,20030972521,2,Watchlist summary,0.104
left,ClickHouse Cloud,36,36,2026-08-08T12:45:59Z,20030972521,3,Top movers,0.014
left,ClickHouse Cloud,36,36,2026-08-08T12:45:59Z,20030972521,4,Daily activity,0.011
left,ClickHouse Cloud,37,37,2026-08-08T12:55:59Z,20598954386,1,Single-symbol summary,0.013
left,ClickHouse Cloud,37,37,2026-08-08T12:55:59Z,20598954386,2,Watchlist summary,0.015
left,ClickHouse Cloud,37,37,2026-08-08T12:55:59Z,20598954386,3,Top movers,0.015
left,ClickHouse Cloud,37,37,2026-08-08T12:55:59Z,20598954386,4,Daily activity,0.012
left,ClickHouse Cloud,38,38,2026-08-08T13:05:59Z,21177624388,1,Single-symbol summary,0.007
left,ClickHouse Cloud,38,38,2026-08-08T13:05:59Z,21177624388,2,Watchlist summary,0.011
left,ClickHouse Cloud,38,38,2026-08-08T13:05:59Z,21177624388,3,Top movers,0.015
left,ClickHouse Cloud,38,38,2026-08-08T13:05:59Z,21177624388,4,Daily activity,0.011
left,ClickHouse Cloud,39,39,2026-08-08T13:15:59Z,21690449123,1,Single-symbol summary,0.007
left,ClickHouse Cloud,39,39,2026-08-08T13:15:59Z,21690449123,2,Watchlist summary,0.011
left,ClickHouse Cloud,39,39,2026-08-08T13:15:59Z,21690449123,3,Top movers,0.014
left,ClickHouse Cloud,39,39,2026-08-08T13:15:59Z,21690449123,4,Daily activity,0.011
left,ClickHouse Cloud,40,40,2026-08-08T13:25:59Z,22225814642,1,Single-symbol summary,0.013
left,ClickHouse Cloud,40,40,2026-08-08T13:25:59Z,22225814642,2,Watchlist summary,0.015
left,ClickHouse Cloud,40,40,2026-08-08T13:25:59Z,22225814642,3,Top movers,0.012
left,ClickHouse Cloud,40,40,2026-08-08T13:25:59Z,22225814642,4,Daily activity,0.011
left,ClickHouse Cloud,41,41,2026-08-08T13:35:59Z,22769842666,1,Single-symbol summary,0.007
left,ClickHouse Cloud,41,41,2026-08-08T13:35:59Z,22769842666,2,Watchlist summary,0.011
left,ClickHouse Cloud,41,41,2026-08-08T13:35:59Z,22769842666,3,Top movers,0.013
left,ClickHouse Cloud,41,41,2026-08-08T13:35:59Z,22769842666,4,Daily activity,0.011
left,ClickHouse Cloud,42,42,2026-08-08T13:45:59Z,23288685490,1,Single-symbol summary,0.014
left,ClickHouse Cloud,42,42,2026-08-08T13:45:59Z,23288685490,2,Watchlist summary,0.011
left,ClickHouse Cloud,42,42,2026-08-08T13:45:59Z,23288685490,3,Top movers,0.012
left,ClickHouse Cloud,42,42,2026-08-08T13:45:59Z,23288685490,4,Daily activity,0.011
left,ClickHouse Cloud,43,43,2026-08-08T13:55:59Z,23844225514,1,Single-symbol summary,0.007
left,ClickHouse Cloud,43,43,2026-08-08T13:55:59Z,23844225514,2,Watchlist summary,0.011
left,ClickHouse Cloud,43,43,2026-08-08T13:55:59Z,23844225514,3,Top movers,0.012
left,ClickHouse Cloud,43,43,2026-08-08T13:55:59Z,23844225514,4,Daily activity,0.01
left,ClickHouse Cloud,44,44,2026-08-08T14:05:59Z,24360433073,1,Single-symbol summary,0.007
left,ClickHouse Cloud,44,44,2026-08-08T14:05:59Z,24360433073,2,Watchlist summary,0.011
left,ClickHouse Cloud,44,44,2026-08-08T14:05:59Z,24360433073,3,Top movers,0.012
left,ClickHouse Cloud,44,44,2026-08-08T14:05:59Z,24360433073,4,Daily activity,0.011
left,ClickHouse Cloud,45,45,2026-08-08T14:15:59Z,24937313823,1,Single-symbol summary,0.012
left,ClickHouse Cloud,45,45,2026-08-08T14:15:59Z,24937313823,2,Watchlist summary,0.015
left,ClickHouse Cloud,45,45,2026-08-08T14:15:59Z,24937313823,3,Top movers,0.011
left,ClickHouse Cloud,45,45,2026-08-08T14:15:59Z,24937313823,4,Daily activity,0.01
left,ClickHouse Cloud,46,46,2026-08-08T14:25:59Z,25492435118,1,Single-symbol summary,0.007
left,ClickHouse Cloud,46,46,2026-08-08T14:25:59Z,25492435118,2,Watchlist summary,0.011
left,ClickHouse Cloud,46,46,2026-08-08T14:25:59Z,25492435118,3,Top movers,0.013
left,ClickHouse Cloud,46,46,2026-08-08T14:25:59Z,25492435118,4,Daily activity,0.011
left,ClickHouse Cloud,47,47,2026-08-08T14:35:59Z,26047358918,1,Single-symbol summary,0.007
left,ClickHouse Cloud,47,47,2026-08-08T14:35:59Z,26047358918,2,Watchlist summary,0.011
left,ClickHouse Cloud,47,47,2026-08-08T14:35:59Z,26047358918,3,Top movers,0.012
left,ClickHouse Cloud,47,47,2026-08-08T14:35:59Z,26047358918,4,Daily activity,0.01
left,ClickHouse Cloud,48,48,2026-08-08T14:45:59Z,26583320264,1,Single-symbol summary,0.007
left,ClickHouse Cloud,48,48,2026-08-08T14:45:59Z,26583320264,2,Watchlist summary,0.014
left,ClickHouse Cloud,48,48,2026-08-08T14:45:59Z,26583320264,3,Top movers,0.012
left,ClickHouse Cloud,48,48,2026-08-08T14:45:59Z,26583320264,4,Daily activity,0.01
left,ClickHouse Cloud,49,49,2026-08-08T14:55:59Z,27117466999,1,Single-symbol summary,0.013
left,ClickHouse Cloud,49,49,2026-08-08T14:55:59Z,27117466999,2,Watchlist summary,0.019
left,ClickHouse Cloud,49,49,2026-08-08T14:55:59Z,27117466999,3,Top movers,0.012
left,ClickHouse Cloud,49,49,2026-08-08T14:55:59Z,27117466999,4,Daily activity,0.011
left,ClickHouse Cloud,50,50,2026-08-08T15:05:59Z,27681375912,1,Single-symbol summary,0.007
left,ClickHouse Cloud,50,50,2026-08-08T15:05:59Z,27681375912,2,Watchlist summary,0.012
left,ClickHouse Cloud,50,50,2026-08-08T15:05:59Z,27681375912,3,Top movers,0.013
left,ClickHouse Cloud,50,50,2026-08-08T15:05:59Z,27681375912,4,Daily activity,0.011
left,ClickHouse Cloud,51,51,2026-08-08T15:15:59Z,28239125449,1,Single-symbol summary,0.007
left,ClickHouse Cloud,51,51,2026-08-08T15:15:59Z,28239125449,2,Watchlist summary,0.011
left,ClickHouse Cloud,51,51,2026-08-08T15:15:59Z,28239125449,3,Top movers,0.012
left,ClickHouse Cloud,51,51,2026-08-08T15:15:59Z,28239125449,4,Daily activity,0.011
left,ClickHouse Cloud,52,52,2026-08-08T15:25:59Z,28773516979,1,Single-symbol summary,0.111
left,ClickHouse Cloud,52,52,2026-08-08T15:25:59Z,28773516979,2,Watchlist summary,0.09
left,ClickHouse Cloud,52,52,2026-08-08T15:25:59Z,28773516979,3,Top movers,0.011
left,ClickHouse Cloud,52,52,2026-08-08T15:25:59Z,28773516979,4,Daily activity,0.043
left,ClickHouse Cloud,53,53,2026-08-08T15:35:59Z,29346127706,1,Single-symbol summary,0.007
left,ClickHouse Cloud,53,53,2026-08-08T15:35:59Z,29346127706,2,Watchlist summary,0.012
left,ClickHouse Cloud,53,53,2026-08-08T15:35:59Z,29346127706,3,Top movers,0.011
left,ClickHouse Cloud,53,53,2026-08-08T15:35:59Z,29346127706,4,Daily activity,0.01
left,ClickHouse Cloud,54,54,2026-08-08T15:45:59Z,29890137150,1,Single-symbol summary,0.007
left,ClickHouse Cloud,54,54,2026-08-08T15:45:59Z,29890137150,2,Watchlist summary,0.012
left,ClickHouse Cloud,54,54,2026-08-08T15:45:59Z,29890137150,3,Top movers,0.011
left,ClickHouse Cloud,54,54,2026-08-08T15:45:59Z,29890137150,4,Daily activity,0.01
left,ClickHouse Cloud,55,55,2026-08-08T15:55:59Z,30465667350,1,Single-symbol summary,0.007
left,ClickHouse Cloud,55,55,2026-08-08T15:55:59Z,30465667350,2,Watchlist summary,0.013
left,ClickHouse Cloud,55,55,2026-08-08T15:55:59Z,30465667350,3,Top movers,0.011
left,ClickHouse Cloud,55,55,2026-08-08T15:55:59Z,30465667350,4,Daily activity,0.01
left,ClickHouse Cloud,56,56,2026-08-08T16:05:59Z,31018228497,1,Single-symbol summary,0.014
left,ClickHouse Cloud,56,56,2026-08-08T16:05:59Z,31018228497,2,Watchlist summary,0.011
left,ClickHouse Cloud,56,56,2026-08-08T16:05:59Z,31018228497,3,Top movers,0.011
left,ClickHouse Cloud,56,56,2026-08-08T16:05:59Z,31018228497,4,Daily activity,0.011
left,ClickHouse Cloud,57,57,2026-08-08T16:15:59Z,31588088259,1,Single-symbol summary,0.013
left,ClickHouse Cloud,57,57,2026-08-08T16:15:59Z,31588088259,2,Watchlist summary,0.011
left,ClickHouse Cloud,57,57,2026-08-08T16:15:59Z,31588088259,3,Top movers,0.012
left,ClickHouse Cloud,57,57,2026-08-08T16:15:59Z,31588088259,4,Daily activity,0.011
left,ClickHouse Cloud,58,58,2026-08-08T16:25:59Z,32144496083,1,Single-symbol summary,0.014
left,ClickHouse Cloud,58,58,2026-08-08T16:25:59Z,32144496083,2,Watchlist summary,0.012
left,ClickHouse Cloud,58,58,2026-08-08T16:25:59Z,32144496083,3,Top movers,0.013
left,ClickHouse Cloud,58,58,2026-08-08T16:25:59Z,32144496083,4,Daily activity,0.011
left,ClickHouse Cloud,59,59,2026-08-08T16:35:59Z,32651953244,1,Single-symbol summary,0.014
left,ClickHouse Cloud,59,59,2026-08-08T16:35:59Z,32651953244,2,Watchlist summary,0.014
left,ClickHouse Cloud,59,59,2026-08-08T16:35:59Z,32651953244,3,Top movers,0.014
left,ClickHouse Cloud,59,59,2026-08-08T16:35:59Z,32651953244,4,Daily activity,0.011
left,ClickHouse Cloud,60,60,2026-08-08T16:45:59Z,33183996050,1,Single-symbol summary,0.013
left,ClickHouse Cloud,60,60,2026-08-08T16:45:59Z,33183996050,2,Watchlist summary,0.016
left,ClickHouse Cloud,60,60,2026-08-08T16:45:59Z,33183996050,3,Top movers,0.013
left,ClickHouse Cloud,60,60,2026-08-08T16:45:59Z,33183996050,4,Daily activity,0.013
left,ClickHouse Cloud,61,61,2026-08-08T16:55:59Z,33748476003,1,Single-symbol summary,0.007
left,ClickHouse Cloud,61,61,2026-08-08T16:55:59Z,33748476003,2,Watchlist summary,0.012
left,ClickHouse Cloud,61,61,2026-08-08T16:55:59Z,33748476003,3,Top movers,0.014
left,ClickHouse Cloud,61,61,2026-08-08T16:55:59Z,33748476003,4,Daily activity,0.012
left,ClickHouse Cloud,62,62,2026-08-08T17:05:59Z,34249264401,1,Single-symbol summary,0.013
left,ClickHouse Cloud,62,62,2026-08-08T17:05:59Z,34249264401,2,Watchlist summary,0.012
left,ClickHouse Cloud,62,62,2026-08-08T17:05:59Z,34249264401,3,Top movers,0.013
left,ClickHouse Cloud,62,62,2026-08-08T17:05:59Z,34249264401,4,Daily activity,0.011
left,ClickHouse Cloud,63,63,2026-08-08T17:15:59Z,34764613132,1,Single-symbol summary,0.007
left,ClickHouse Cloud,63,63,2026-08-08T17:15:59Z,34764613132,2,Watchlist summary,0.012
left,ClickHouse Cloud,63,63,2026-08-08T17:15:59Z,34764613132,3,Top movers,0.012
left,ClickHouse Cloud,63,63,2026-08-08T17:15:59Z,34764613132,4,Daily activity,0.011
left,ClickHouse Cloud,64,64,2026-08-08T17:25:59Z,35300178406,1,Single-symbol summary,0.012
left,ClickHouse Cloud,64,64,2026-08-08T17:25:59Z,35300178406,2,Watchlist summary,0.012
left,ClickHouse Cloud,64,64,2026-08-08T17:25:59Z,35300178406,3,Top movers,0.013
left,ClickHouse Cloud,64,64,2026-08-08T17:25:59Z,35300178406,4,Daily activity,0.011
left,ClickHouse Cloud,65,65,2026-08-08T17:35:59Z,35804053385,1,Single-symbol summary,0.009
left,ClickHouse Cloud,65,65,2026-08-08T17:35:59Z,35804053385,2,Watchlist summary,0.012
left,ClickHouse Cloud,65,65,2026-08-08T17:35:59Z,35804053385,3,Top movers,0.013
left,ClickHouse Cloud,65,65,2026-08-08T17:35:59Z,35804053385,4,Daily activity,0.017
left,ClickHouse Cloud,66,66,2026-08-08T17:45:59Z,36352821706,1,Single-symbol summary,0.013
left,ClickHouse Cloud,66,66,2026-08-08T17:45:59Z,36352821706,2,Watchlist summary,0.011
left,ClickHouse Cloud,66,66,2026-08-08T17:45:59Z,36352821706,3,Top movers,0.013
left,ClickHouse Cloud,66,66,2026-08-08T17:45:59Z,36352821706,4,Daily activity,0.011
left,ClickHouse Cloud,67,67,2026-08-08T17:55:59Z,36850964650,1,Single-symbol summary,0.013
left,ClickHouse Cloud,67,67,2026-08-08T17:55:59Z,36850964650,2,Watchlist summary,0.012
left,ClickHouse Cloud,67,67,2026-08-08T17:55:59Z,36850964650,3,Top movers,0.014
left,ClickHouse Cloud,67,67,2026-08-08T17:55:59Z,36850964650,4,Daily activity,0.011
left,ClickHouse Cloud,68,68,2026-08-08T18:05:59Z,37331880801,1,Single-symbol summary,0.013
left,ClickHouse Cloud,68,68,2026-08-08T18:05:59Z,37331880801,2,Watchlist summary,0.015
left,ClickHouse Cloud,68,68,2026-08-08T18:05:59Z,37331880801,3,Top movers,0.012
left,ClickHouse Cloud,68,68,2026-08-08T18:05:59Z,37331880801,4,Daily activity,0.011
left,ClickHouse Cloud,69,69,2026-08-08T18:15:59Z,37851506740,1,Single-symbol summary,0.007
left,ClickHouse Cloud,69,69,2026-08-08T18:15:59Z,37851506740,2,Watchlist summary,0.012
left,ClickHouse Cloud,69,69,2026-08-08T18:15:59Z,37851506740,3,Top movers,0.012
left,ClickHouse Cloud,69,69,2026-08-08T18:15:59Z,37851506740,4,Daily activity,0.011
left,ClickHouse Cloud,70,70,2026-08-08T18:25:59Z,38333894855,1,Single-symbol summary,0.007
left,ClickHouse Cloud,70,70,2026-08-08T18:25:59Z,38333894855,2,Watchlist summary,0.012
left,ClickHouse Cloud,70,70,2026-08-08T18:25:59Z,38333894855,3,Top movers,0.012
left,ClickHouse Cloud,70,70,2026-08-08T18:25:59Z,38333894855,4,Daily activity,0.011
left,ClickHouse Cloud,71,71,2026-08-08T18:35:59Z,38903981063,1,Single-symbol summary,0.007
left,ClickHouse Cloud,71,71,2026-08-08T18:35:59Z,38903981063,2,Watchlist summary,0.012
left,ClickHouse Cloud,71,71,2026-08-08T18:35:59Z,38903981063,3,Top movers,0.014
left,ClickHouse Cloud,71,71,2026-08-08T18:35:59Z,38903981063,4,Daily activity,0.011
left,ClickHouse Cloud,72,72,2026-08-08T18:45:59Z,39403630784,1,Single-symbol summary,0.007
left,ClickHouse Cloud,72,72,2026-08-08T18:45:59Z,39403630784,2,Watchlist summary,0.016
left,ClickHouse Cloud,72,72,2026-08-08T18:45:59Z,39403630784,3,Top movers,0.014
left,ClickHouse Cloud,72,72,2026-08-08T18:45:59Z,39403630784,4,Daily activity,0.011
left,ClickHouse Cloud,73,73,2026-08-08T18:55:59Z,39938729827,1,Single-symbol summary,0.013
left,ClickHouse Cloud,73,73,2026-08-08T18:55:59Z,39938729827,2,Watchlist summary,0.012
left,ClickHouse Cloud,73,73,2026-08-08T18:55:59Z,39938729827,3,Top movers,0.012
left,ClickHouse Cloud,73,73,2026-08-08T18:55:59Z,39938729827,4,Daily activity,0.011
left,ClickHouse Cloud,74,74,2026-08-08T19:05:59Z,40455322866,1,Single-symbol summary,0.014
left,ClickHouse Cloud,74,74,2026-08-08T19:05:59Z,40455322866,2,Watchlist summary,0.012
left,ClickHouse Cloud,74,74,2026-08-08T19:05:59Z,40455322866,3,Top movers,0.013
left,ClickHouse Cloud,74,74,2026-08-08T19:05:59Z,40455322866,4,Daily activity,0.011
left,ClickHouse Cloud,75,75,2026-08-08T19:15:59Z,40983472025,1,Single-symbol summary,0.014
left,ClickHouse Cloud,75,75,2026-08-08T19:15:59Z,40983472025,2,Watchlist summary,0.016
left,ClickHouse Cloud,75,75,2026-08-08T19:15:59Z,40983472025,3,Top movers,0.014
left,ClickHouse Cloud,75,75,2026-08-08T19:15:59Z,40983472025,4,Daily activity,0.011
left,ClickHouse Cloud,76,76,2026-08-08T19:25:59Z,41461994932,1,Single-symbol summary,0.014
left,ClickHouse Cloud,76,76,2026-08-08T19:25:59Z,41461994932,2,Watchlist summary,0.016
left,ClickHouse Cloud,76,76,2026-08-08T19:25:59Z,41461994932,3,Top movers,0.014
left,ClickHouse Cloud,76,76,2026-08-08T19:25:59Z,41461994932,4,Daily activity,0.011
left,ClickHouse Cloud,77,77,2026-08-08T19:35:59Z,41986954384,1,Single-symbol summary,0.007
left,ClickHouse Cloud,77,77,2026-08-08T19:35:59Z,41986954384,2,Watchlist summary,0.013
left,ClickHouse Cloud,77,77,2026-08-08T19:35:59Z,41986954384,3,Top movers,0.016
left,ClickHouse Cloud,77,77,2026-08-08T19:35:59Z,41986954384,4,Daily activity,0.012
left,ClickHouse Cloud,78,78,2026-08-08T19:45:59Z,42504704257,1,Single-symbol summary,0.014
left,ClickHouse Cloud,78,78,2026-08-08T19:45:59Z,42504704257,2,Watchlist summary,0.013
left,ClickHouse Cloud,78,78,2026-08-08T19:45:59Z,42504704257,3,Top movers,0.014
left,ClickHouse Cloud,78,78,2026-08-08T19:45:59Z,42504704257,4,Daily activity,0.011
left,ClickHouse Cloud,79,79,2026-08-08T19:55:59Z,43037353870,1,Single-symbol summary,0.014
left,ClickHouse Cloud,79,79,2026-08-08T19:55:59Z,43037353870,2,Watchlist summary,0.012
left,ClickHouse Cloud,79,79,2026-08-08T19:55:59Z,43037353870,3,Top movers,0.014
left,ClickHouse Cloud,79,79,2026-08-08T19:55:59Z,43037353870,4,Daily activity,0.011
left,ClickHouse Cloud,80,80,2026-08-08T20:05:59Z,43568180819,1,Single-symbol summary,0.015
left,ClickHouse Cloud,80,80,2026-08-08T20:05:59Z,43568180819,2,Watchlist summary,0.017
left,ClickHouse Cloud,80,80,2026-08-08T20:05:59Z,43568180819,3,Top movers,0.013
left,ClickHouse Cloud,80,80,2026-08-08T20:05:59Z,43568180819,4,Daily activity,0.011
left,ClickHouse Cloud,81,81,2026-08-08T20:15:59Z,44075896295,1,Single-symbol summary,0.008
left,ClickHouse Cloud,81,81,2026-08-08T20:15:59Z,44075896295,2,Watchlist summary,0.013
left,ClickHouse Cloud,81,81,2026-08-08T20:15:59Z,44075896295,3,Top movers,0.015
left,ClickHouse Cloud,81,81,2026-08-08T20:15:59Z,44075896295,4,Daily activity,0.012
left,ClickHouse Cloud,82,82,2026-08-08T20:25:59Z,44585275116,1,Single-symbol summary,0.015
left,ClickHouse Cloud,82,82,2026-08-08T20:25:59Z,44585275116,2,Watchlist summary,0.017
left,ClickHouse Cloud,82,82,2026-08-08T20:25:59Z,44585275116,3,Top movers,0.014
left,ClickHouse Cloud,82,82,2026-08-08T20:25:59Z,44585275116,4,Daily activity,0.011
left,ClickHouse Cloud,83,83,2026-08-08T20:35:59Z,45119401562,1,Single-symbol summary,0.017
left,ClickHouse Cloud,83,83,2026-08-08T20:35:59Z,45119401562,2,Watchlist summary,0.025
left,ClickHouse Cloud,83,83,2026-08-08T20:35:59Z,45119401562,3,Top movers,0.013
left,ClickHouse Cloud,83,83,2026-08-08T20:35:59Z,45119401562,4,Daily activity,0.012
left,ClickHouse Cloud,84,84,2026-08-08T20:45:59Z,45608868518,1,Single-symbol summary,0.007
left,ClickHouse Cloud,84,84,2026-08-08T20:45:59Z,45608868518,2,Watchlist summary,0.012
left,ClickHouse Cloud,84,84,2026-08-08T20:45:59Z,45608868518,3,Top movers,0.012
left,ClickHouse Cloud,84,84,2026-08-08T20:45:59Z,45608868518,4,Daily activity,0.011
left,ClickHouse Cloud,85,85,2026-08-08T20:55:59Z,46108257326,1,Single-symbol summary,0.007
left,ClickHouse Cloud,85,85,2026-08-08T20:55:59Z,46108257326,2,Watchlist summary,0.012
left,ClickHouse Cloud,85,85,2026-08-08T20:55:59Z,46108257326,3,Top movers,0.013
left,ClickHouse Cloud,85,85,2026-08-08T20:55:59Z,46108257326,4,Daily activity,0.011
left,ClickHouse Cloud,86,86,2026-08-08T21:05:59Z,46607144697,1,Single-symbol summary,0.009
left,ClickHouse Cloud,86,86,2026-08-08T21:05:59Z,46607144697,2,Watchlist summary,0.012
left,ClickHouse Cloud,86,86,2026-08-08T21:05:59Z,46607144697,3,Top movers,0.013
left,ClickHouse Cloud,86,86,2026-08-08T21:05:59Z,46607144697,4,Daily activity,0.011
left,ClickHouse Cloud,87,87,2026-08-08T21:15:59Z,47127220430,1,Single-symbol summary,0.013
left,ClickHouse Cloud,87,87,2026-08-08T21:15:59Z,47127220430,2,Watchlist summary,0.013
left,ClickHouse Cloud,87,87,2026-08-08T21:15:59Z,47127220430,3,Top movers,0.013
left,ClickHouse Cloud,87,87,2026-08-08T21:15:59Z,47127220430,4,Daily activity,0.012
left,ClickHouse Cloud,88,88,2026-08-08T21:25:59Z,47630286458,1,Single-symbol summary,0.014
left,ClickHouse Cloud,88,88,2026-08-08T21:25:59Z,47630286458,2,Watchlist summary,0.013
left,ClickHouse Cloud,88,88,2026-08-08T21:25:59Z,47630286458,3,Top movers,0.014
left,ClickHouse Cloud,88,88,2026-08-08T21:25:59Z,47630286458,4,Daily activity,0.013
left,ClickHouse Cloud,89,89,2026-08-08T21:35:59Z,48152769396,1,Single-symbol summary,0.015
left,ClickHouse Cloud,89,89,2026-08-08T21:35:59Z,48152769396,2,Watchlist summary,0.014
left,ClickHouse Cloud,89,89,2026-08-08T21:35:59Z,48152769396,3,Top movers,0.014
left,ClickHouse Cloud,89,89,2026-08-08T21:35:59Z,48152769396,4,Daily activity,0.017
left,ClickHouse Cloud,90,90,2026-08-08T21:45:59Z,48651039753,1,Single-symbol summary,0.017
left,ClickHouse Cloud,90,90,2026-08-08T21:45:59Z,48651039753,2,Watchlist summary,0.013
left,ClickHouse Cloud,90,90,2026-08-08T21:45:59Z,48651039753,3,Top movers,0.015
left,ClickHouse Cloud,90,90,2026-08-08T21:45:59Z,48651039753,4,Daily activity,0.011
left,ClickHouse Cloud,91,91,2026-08-08T21:55:59Z,49173608481,1,Single-symbol summary,0.014
left,ClickHouse Cloud,91,91,2026-08-08T21:55:59Z,49173608481,2,Watchlist summary,0.012
left,ClickHouse Cloud,91,91,2026-08-08T21:55:59Z,49173608481,3,Top movers,0.014
left,ClickHouse Cloud,91,91,2026-08-08T21:55:59Z,49173608481,4,Daily activity,0.013
left,ClickHouse Cloud,92,92,2026-08-08T22:05:59Z,49691385785,1,Single-symbol summary,0.014
left,ClickHouse Cloud,92,92,2026-08-08T22:05:59Z,49691385785,2,Watchlist summary,0.015
left,ClickHouse Cloud,92,92,2026-08-08T22:05:59Z,49691385785,3,Top movers,0.016
left,ClickHouse Cloud,92,92,2026-08-08T22:05:59Z,49691385785,4,Daily activity,0.011
left,ClickHouse Cloud,93,93,2026-08-08T22:15:59Z,50238320035,1,Single-symbol summary,0.014
left,ClickHouse Cloud,93,93,2026-08-08T22:15:59Z,50238320035,2,Watchlist summary,0.012
left,ClickHouse Cloud,93,93,2026-08-08T22:15:59Z,50238320035,3,Top movers,0.017
left,ClickHouse Cloud,93,93,2026-08-08T22:15:59Z,50238320035,4,Daily activity,0.012
left,ClickHouse Cloud,94,94,2026-08-08T22:25:59Z,50788829774,1,Single-symbol summary,0.007
left,ClickHouse Cloud,94,94,2026-08-08T22:25:59Z,50788829774,2,Watchlist summary,0.012
left,ClickHouse Cloud,94,94,2026-08-08T22:25:59Z,50788829774,3,Top movers,0.014
left,ClickHouse Cloud,94,94,2026-08-08T22:25:59Z,50788829774,4,Daily activity,0.013
left,ClickHouse Cloud,95,95,2026-08-08T22:35:59Z,51325118756,1,Single-symbol summary,0.008
left,ClickHouse Cloud,95,95,2026-08-08T22:35:59Z,51325118756,2,Watchlist summary,0.012
left,ClickHouse Cloud,95,95,2026-08-08T22:35:59Z,51325118756,3,Top movers,0.015
left,ClickHouse Cloud,95,95,2026-08-08T22:35:59Z,51325118756,4,Daily activity,0.013
left,ClickHouse Cloud,96,96,2026-08-08T22:45:59Z,51886771408,1,Single-symbol summary,0.007
left,ClickHouse Cloud,96,96,2026-08-08T22:45:59Z,51886771408,2,Watchlist summary,0.013
left,ClickHouse Cloud,96,96,2026-08-08T22:45:59Z,51886771408,3,Top movers,0.014
left,ClickHouse Cloud,96,96,2026-08-08T22:45:59Z,51886771408,4,Daily activity,0.012
left,ClickHouse Cloud,97,97,2026-08-08T22:55:59Z,52441318029,1,Single-symbol summary,0.007
left,ClickHouse Cloud,97,97,2026-08-08T22:55:59Z,52441318029,2,Watchlist summary,0.017
left,ClickHouse Cloud,97,97,2026-08-08T22:55:59Z,52441318029,3,Top movers,0.013
left,ClickHouse Cloud,97,97,2026-08-08T22:55:59Z,52441318029,4,Daily activity,0.012
left,ClickHouse Cloud,98,98,2026-08-08T23:05:59Z,52920335727,1,Single-symbol summary,0.035
left,ClickHouse Cloud,98,98,2026-08-08T23:05:59Z,52920335727,2,Watchlist summary,0.013
left,ClickHouse Cloud,98,98,2026-08-08T23:05:59Z,52920335727,3,Top movers,0.014
left,ClickHouse Cloud,98,98,2026-08-08T23:05:59Z,52920335727,4,Daily activity,0.011
left,ClickHouse Cloud,99,99,2026-08-08T23:15:59Z,53408601648,1,Single-symbol summary,0.013
left,ClickHouse Cloud,99,99,2026-08-08T23:15:59Z,53408601648,2,Watchlist summary,0.012
left,ClickHouse Cloud,99,99,2026-08-08T23:15:59Z,53408601648,3,Top movers,0.013
left,ClickHouse Cloud,99,99,2026-08-08T23:15:59Z,53408601648,4,Daily activity,0.011
left,ClickHouse Cloud,100,100,2026-08-08T23:25:59Z,53910086618,1,Single-symbol summary,0.014
left,ClickHouse Cloud,100,100,2026-08-08T23:25:59Z,53910086618,2,Watchlist summary,0.017
left,ClickHouse Cloud,100,100,2026-08-08T23:25:59Z,53910086618,3,Top movers,0.015
left,ClickHouse Cloud,100,100,2026-08-08T23:25:59Z,53910086618,4,Daily activity,0.013
left,ClickHouse Cloud,101,101,2026-08-08T23:35:59Z,54424699241,1,Single-symbol summary,0.007
left,ClickHouse Cloud,101,101,2026-08-08T23:35:59Z,54424699241,2,Watchlist summary,0.013
left,ClickHouse Cloud,101,101,2026-08-08T23:35:59Z,54424699241,3,Top movers,0.015
left,ClickHouse Cloud,101,101,2026-08-08T23:35:59Z,54424699241,4,Daily activity,0.012
left,ClickHouse Cloud,102,102,2026-08-08T23:45:59Z,54899250491,1,Single-symbol summary,0.008
left,ClickHouse Cloud,102,102,2026-08-08T23:45:59Z,54899250491,2,Watchlist summary,0.012
left,ClickHouse Cloud,102,102,2026-08-08T23:45:59Z,54899250491,3,Top movers,0.015
left,ClickHouse Cloud,102,102,2026-08-08T23:45:59Z,54899250491,4,Daily activity,0.013
left,ClickHouse Cloud,103,103,2026-08-08T23:55:59Z,55416633625,1,Single-symbol summary,0.007
left,ClickHouse Cloud,103,103,2026-08-08T23:55:59Z,55416633625,2,Watchlist summary,0.012
left,ClickHouse Cloud,103,103,2026-08-08T23:55:59Z,55416633625,3,Top movers,0.015
left,ClickHouse Cloud,103,103,2026-08-08T23:55:59Z,55416633625,4,Daily activity,0.012
left,ClickHouse Cloud,104,104,2026-08-09T00:05:59Z,55944840077,1,Single-symbol summary,0.008
left,ClickHouse Cloud,104,104,2026-08-09T00:05:59Z,55944840077,2,Watchlist summary,0.016
left,ClickHouse Cloud,104,104,2026-08-09T00:05:59Z,55944840077,3,Top movers,0.015
left,ClickHouse Cloud,104,104,2026-08-09T00:05:59Z,55944840077,4,Daily activity,0.012
left,ClickHouse Cloud,105,105,2026-08-09T00:15:59Z,56450202011,1,Single-symbol summary,0.015
left,ClickHouse Cloud,105,105,2026-08-09T00:15:59Z,56450202011,2,Watchlist summary,0.013
left,ClickHouse Cloud,105,105,2026-08-09T00:15:59Z,56450202011,3,Top movers,0.015
left,ClickHouse Cloud,105,105,2026-08-09T00:15:59Z,56450202011,4,Daily activity,0.012
left,ClickHouse Cloud,106,106,2026-08-09T00:25:59Z,56976658135,1,Single-symbol summary,0.015
left,ClickHouse Cloud,106,106,2026-08-09T00:25:59Z,56976658135,2,Watchlist summary,0.019
left,ClickHouse Cloud,106,106,2026-08-09T00:25:59Z,56976658135,3,Top movers,0.013
left,ClickHouse Cloud,106,106,2026-08-09T00:25:59Z,56976658135,4,Daily activity,0.013
left,ClickHouse Cloud,107,107,2026-08-09T00:35:59Z,57502590981,1,Single-symbol summary,0.007
left,ClickHouse Cloud,107,107,2026-08-09T00:35:59Z,57502590981,2,Watchlist summary,0.012
left,ClickHouse Cloud,107,107,2026-08-09T00:35:59Z,57502590981,3,Top movers,0.014
left,ClickHouse Cloud,107,107,2026-08-09T00:35:59Z,57502590981,4,Daily activity,0.011
left,ClickHouse Cloud,108,108,2026-08-09T00:45:59Z,58017492696,1,Single-symbol summary,0.007
left,ClickHouse Cloud,108,108,2026-08-09T00:45:59Z,58017492696,2,Watchlist summary,0.013
left,ClickHouse Cloud,108,108,2026-08-09T00:45:59Z,58017492696,3,Top movers,0.015
left,ClickHouse Cloud,108,108,2026-08-09T00:45:59Z,58017492696,4,Daily activity,0.013
left,ClickHouse Cloud,109,109,2026-08-09T00:55:59Z,58509450012,1,Single-symbol summary,0.008
left,ClickHouse Cloud,109,109,2026-08-09T00:55:59Z,58509450012,2,Watchlist summary,0.014
left,ClickHouse Cloud,109,109,2026-08-09T00:55:59Z,58509450012,3,Top movers,0.014
left,ClickHouse Cloud,109,109,2026-08-09T00:55:59Z,58509450012,4,Daily activity,0.011
left,ClickHouse Cloud,110,110,2026-08-09T01:05:59Z,59010783142,1,Single-symbol summary,0.014
left,ClickHouse Cloud,110,110,2026-08-09T01:05:59Z,59010783142,2,Watchlist summary,0.013
left,ClickHouse Cloud,110,110,2026-08-09T01:05:59Z,59010783142,3,Top movers,0.015
left,ClickHouse Cloud,110,110,2026-08-09T01:05:59Z,59010783142,4,Daily activity,0.012
left,ClickHouse Cloud,111,111,2026-08-09T01:15:59Z,59503489949,1,Single-symbol summary,0.01
left,ClickHouse Cloud,111,111,2026-08-09T01:15:59Z,59503489949,2,Watchlist summary,0.013
left,ClickHouse Cloud,111,111,2026-08-09T01:15:59Z,59503489949,3,Top movers,0.015
left,ClickHouse Cloud,111,111,2026-08-09T01:15:59Z,59503489949,4,Daily activity,0.014
left,ClickHouse Cloud,112,112,2026-08-09T01:25:59Z,59972983401,1,Single-symbol summary,0.014
left,ClickHouse Cloud,112,112,2026-08-09T01:25:59Z,59972983401,2,Watchlist summary,0.018
left,ClickHouse Cloud,112,112,2026-08-09T01:25:59Z,59972983401,3,Top movers,0.015
left,ClickHouse Cloud,112,112,2026-08-09T01:25:59Z,59972983401,4,Daily activity,0.014
left,ClickHouse Cloud,113,113,2026-08-09T01:35:59Z,60442237749,1,Single-symbol summary,0.009
left,ClickHouse Cloud,113,113,2026-08-09T01:35:59Z,60442237749,2,Watchlist summary,0.012
left,ClickHouse Cloud,113,113,2026-08-09T01:35:59Z,60442237749,3,Top movers,0.015
left,ClickHouse Cloud,113,113,2026-08-09T01:35:59Z,60442237749,4,Daily activity,0.014
left,ClickHouse Cloud,114,114,2026-08-09T01:45:59Z,60904448195,1,Single-symbol summary,0.007
left,ClickHouse Cloud,114,114,2026-08-09T01:45:59Z,60904448195,2,Watchlist summary,0.013
left,ClickHouse Cloud,114,114,2026-08-09T01:45:59Z,60904448195,3,Top movers,0.014
left,ClickHouse Cloud,114,114,2026-08-09T01:45:59Z,60904448195,4,Daily activity,0.013
left,ClickHouse Cloud,115,115,2026-08-09T01:55:59Z,61370139665,1,Single-symbol summary,0.014
left,ClickHouse Cloud,115,115,2026-08-09T01:55:59Z,61370139665,2,Watchlist summary,0.012
left,ClickHouse Cloud,115,115,2026-08-09T01:55:59Z,61370139665,3,Top movers,0.015
left,ClickHouse Cloud,115,115,2026-08-09T01:55:59Z,61370139665,4,Daily activity,0.012
left,ClickHouse Cloud,116,116,2026-08-09T02:05:59Z,61872097967,1,Single-symbol summary,0.013
left,ClickHouse Cloud,116,116,2026-08-09T02:05:59Z,61872097967,2,Watchlist summary,0.013
left,ClickHouse Cloud,116,116,2026-08-09T02:05:59Z,61872097967,3,Top movers,0.015
left,ClickHouse Cloud,116,116,2026-08-09T02:05:59Z,61872097967,4,Daily activity,0.013
left,ClickHouse Cloud,117,117,2026-08-09T02:15:59Z,62362523974,1,Single-symbol summary,0.015
left,ClickHouse Cloud,117,117,2026-08-09T02:15:59Z,62362523974,2,Watchlist summary,0.013
left,ClickHouse Cloud,117,117,2026-08-09T02:15:59Z,62362523974,3,Top movers,0.017
left,ClickHouse Cloud,117,117,2026-08-09T02:15:59Z,62362523974,4,Daily activity,0.013
left,ClickHouse Cloud,118,118,2026-08-09T02:25:59Z,62852767644,1,Single-symbol summary,0.015
left,ClickHouse Cloud,118,118,2026-08-09T02:25:59Z,62852767644,2,Watchlist summary,0.014
left,ClickHouse Cloud,118,118,2026-08-09T02:25:59Z,62852767644,3,Top movers,0.015
left,ClickHouse Cloud,118,118,2026-08-09T02:25:59Z,62852767644,4,Daily activity,0.012
left,ClickHouse Cloud,119,119,2026-08-09T02:35:59Z,63303274836,1,Single-symbol summary,0.015
left,ClickHouse Cloud,119,119,2026-08-09T02:35:59Z,63303274836,2,Watchlist summary,0.013
left,ClickHouse Cloud,119,119,2026-08-09T02:35:59Z,63303274836,3,Top movers,0.017
left,ClickHouse Cloud,119,119,2026-08-09T02:35:59Z,63303274836,4,Daily activity,0.012
left,ClickHouse Cloud,120,120,2026-08-09T02:45:59Z,63813706871,1,Single-symbol summary,0.014
left,ClickHouse Cloud,120,120,2026-08-09T02:45:59Z,63813706871,2,Watchlist summary,0.016
left,ClickHouse Cloud,120,120,2026-08-09T02:45:59Z,63813706871,3,Top movers,0.017
left,ClickHouse Cloud,120,120,2026-08-09T02:45:59Z,63813706871,4,Daily activity,0.013
left,ClickHouse Cloud,121,121,2026-08-09T02:55:59Z,64297816643,1,Single-symbol summary,0.014
left,ClickHouse Cloud,121,121,2026-08-09T02:55:59Z,64297816643,2,Watchlist summary,0.043
left,ClickHouse Cloud,121,121,2026-08-09T02:55:59Z,64297816643,3,Top movers,0.021
left,ClickHouse Cloud,121,121,2026-08-09T02:55:59Z,64297816643,4,Daily activity,0.025
left,ClickHouse Cloud,122,122,2026-08-09T03:05:59Z,64830505943,1,Single-symbol summary,0.007
left,ClickHouse Cloud,122,122,2026-08-09T03:05:59Z,64830505943,2,Watchlist summary,0.013
left,ClickHouse Cloud,122,122,2026-08-09T03:05:59Z,64830505943,3,Top movers,0.014
left,ClickHouse Cloud,122,122,2026-08-09T03:05:59Z,64830505943,4,Daily activity,0.013
left,ClickHouse Cloud,123,123,2026-08-09T03:15:59Z,65325007686,1,Single-symbol summary,0.006
left,ClickHouse Cloud,123,123,2026-08-09T03:15:59Z,65325007686,2,Watchlist summary,0.012
left,ClickHouse Cloud,123,123,2026-08-09T03:15:59Z,65325007686,3,Top movers,0.013
left,ClickHouse Cloud,123,123,2026-08-09T03:15:59Z,65325007686,4,Daily activity,0.012
left,ClickHouse Cloud,124,124,2026-08-09T03:25:59Z,65803792964,1,Single-symbol summary,0.007
left,ClickHouse Cloud,124,124,2026-08-09T03:25:59Z,65803792964,2,Watchlist summary,0.012
left,ClickHouse Cloud,124,124,2026-08-09T03:25:59Z,65803792964,3,Top movers,0.013
left,ClickHouse Cloud,124,124,2026-08-09T03:25:59Z,65803792964,4,Daily activity,0.013
left,ClickHouse Cloud,125,125,2026-08-09T03:35:59Z,66304040996,1,Single-symbol summary,0.007
left,ClickHouse Cloud,125,125,2026-08-09T03:35:59Z,66304040996,2,Watchlist summary,0.012
left,ClickHouse Cloud,125,125,2026-08-09T03:35:59Z,66304040996,3,Top movers,0.015
left,ClickHouse Cloud,125,125,2026-08-09T03:35:59Z,66304040996,4,Daily activity,0.013
left,ClickHouse Cloud,126,126,2026-08-09T03:45:59Z,66813762801,1,Single-symbol summary,0.007
left,ClickHouse Cloud,126,126,2026-08-09T03:45:59Z,66813762801,2,Watchlist summary,0.016
left,ClickHouse Cloud,126,126,2026-08-09T03:45:59Z,66813762801,3,Top movers,0.015
left,ClickHouse Cloud,126,126,2026-08-09T03:45:59Z,66813762801,4,Daily activity,0.012
left,ClickHouse Cloud,127,127,2026-08-09T03:55:59Z,67293866994,1,Single-symbol summary,0.013
left,ClickHouse Cloud,127,127,2026-08-09T03:55:59Z,67293866994,2,Watchlist summary,0.012
left,ClickHouse Cloud,127,127,2026-08-09T03:55:59Z,67293866994,3,Top movers,0.013
left,ClickHouse Cloud,127,127,2026-08-09T03:55:59Z,67293866994,4,Daily activity,0.013
left,ClickHouse Cloud,128,128,2026-08-09T04:05:59Z,67748504407,1,Single-symbol summary,0.015
left,ClickHouse Cloud,128,128,2026-08-09T04:05:59Z,67748504407,2,Watchlist summary,0.012
left,ClickHouse Cloud,128,128,2026-08-09T04:05:59Z,67748504407,3,Top movers,0.013
left,ClickHouse Cloud,128,128,2026-08-09T04:05:59Z,67748504407,4,Daily activity,0.012
left,ClickHouse Cloud,129,129,2026-08-09T04:15:59Z,68201006429,1,Single-symbol summary,0.014
left,ClickHouse Cloud,129,129,2026-08-09T04:15:59Z,68201006429,2,Watchlist summary,0.012
left,ClickHouse Cloud,129,129,2026-08-09T04:15:59Z,68201006429,3,Top movers,0.014
left,ClickHouse Cloud,129,129,2026-08-09T04:15:59Z,68201006429,4,Daily activity,0.013
left,ClickHouse Cloud,130,130,2026-08-09T04:25:59Z,68684069442,1,Single-symbol summary,0.01
left,ClickHouse Cloud,130,130,2026-08-09T04:25:59Z,68684069442,2,Watchlist summary,0.013
left,ClickHouse Cloud,130,130,2026-08-09T04:25:59Z,68684069442,3,Top movers,0.013
left,ClickHouse Cloud,130,130,2026-08-09T04:25:59Z,68684069442,4,Daily activity,0.018
left,ClickHouse Cloud,131,131,2026-08-09T04:35:59Z,69181831398,1,Single-symbol summary,0.008
left,ClickHouse Cloud,131,131,2026-08-09T04:35:59Z,69181831398,2,Watchlist summary,0.017
left,ClickHouse Cloud,131,131,2026-08-09T04:35:59Z,69181831398,3,Top movers,0.015
left,ClickHouse Cloud,131,131,2026-08-09T04:35:59Z,69181831398,4,Daily activity,0.013
left,ClickHouse Cloud,132,132,2026-08-09T04:45:59Z,69676432303,1,Single-symbol summary,0.014
left,ClickHouse Cloud,132,132,2026-08-09T04:45:59Z,69676432303,2,Watchlist summary,0.016
left,ClickHouse Cloud,132,132,2026-08-09T04:45:59Z,69676432303,3,Top movers,0.015
left,ClickHouse Cloud,132,132,2026-08-09T04:45:59Z,69676432303,4,Daily activity,0.013
left,ClickHouse Cloud,133,133,2026-08-09T04:55:59Z,70168596073,1,Single-symbol summary,0.007
left,ClickHouse Cloud,133,133,2026-08-09T04:55:59Z,70168596073,2,Watchlist summary,0.013
left,ClickHouse Cloud,133,133,2026-08-09T04:55:59Z,70168596073,3,Top movers,0.014
left,ClickHouse Cloud,133,133,2026-08-09T04:55:59Z,70168596073,4,Daily activity,0.013
left,ClickHouse Cloud,134,134,2026-08-09T05:05:59Z,70659299166,1,Single-symbol summary,0.007
left,ClickHouse Cloud,134,134,2026-08-09T05:05:59Z,70659299166,2,Watchlist summary,0.013
left,ClickHouse Cloud,134,134,2026-08-09T05:05:59Z,70659299166,3,Top movers,0.014
left,ClickHouse Cloud,134,134,2026-08-09T05:05:59Z,70659299166,4,Daily activity,0.013
left,ClickHouse Cloud,135,135,2026-08-09T05:15:59Z,71156738966,1,Single-symbol summary,0.007
left,ClickHouse Cloud,135,135,2026-08-09T05:15:59Z,71156738966,2,Watchlist summary,0.011
left,ClickHouse Cloud,135,135,2026-08-09T05:15:59Z,71156738966,3,Top movers,0.016
left,ClickHouse Cloud,135,135,2026-08-09T05:15:59Z,71156738966,4,Daily activity,0.013
left,ClickHouse Cloud,136,136,2026-08-09T05:25:59Z,71624709770,1,Single-symbol summary,0.007
left,ClickHouse Cloud,136,136,2026-08-09T05:25:59Z,71624709770,2,Watchlist summary,0.012
left,ClickHouse Cloud,136,136,2026-08-09T05:25:59Z,71624709770,3,Top movers,0.015
left,ClickHouse Cloud,136,136,2026-08-09T05:25:59Z,71624709770,4,Daily activity,0.015
left,ClickHouse Cloud,137,137,2026-08-09T05:35:59Z,72091825703,1,Single-symbol summary,0.015
left,ClickHouse Cloud,137,137,2026-08-09T05:35:59Z,72091825703,2,Watchlist summary,0.017
left,ClickHouse Cloud,137,137,2026-08-09T05:35:59Z,72091825703,3,Top movers,0.015
left,ClickHouse Cloud,137,137,2026-08-09T05:35:59Z,72091825703,4,Daily activity,0.013
left,ClickHouse Cloud,138,138,2026-08-09T05:45:59Z,72547878251,1,Single-symbol summary,0.007
left,ClickHouse Cloud,138,138,2026-08-09T05:45:59Z,72547878251,2,Watchlist summary,0.017
left,ClickHouse Cloud,138,138,2026-08-09T05:45:59Z,72547878251,3,Top movers,0.017
left,ClickHouse Cloud,138,138,2026-08-09T05:45:59Z,72547878251,4,Daily activity,0.013
left,ClickHouse Cloud,139,139,2026-08-09T05:55:59Z,73013213443,1,Single-symbol summary,0.007
left,ClickHouse Cloud,139,139,2026-08-09T05:55:59Z,73013213443,2,Watchlist summary,0.012
left,ClickHouse Cloud,139,139,2026-08-09T05:55:59Z,73013213443,3,Top movers,0.014
left,ClickHouse Cloud,139,139,2026-08-09T05:55:59Z,73013213443,4,Daily activity,0.012
left,ClickHouse Cloud,140,140,2026-08-09T06:05:59Z,73476437585,1,Single-symbol summary,0.007
left,ClickHouse Cloud,140,140,2026-08-09T06:05:59Z,73476437585,2,Watchlist summary,0.012
left,ClickHouse Cloud,140,140,2026-08-09T06:05:59Z,73476437585,3,Top movers,0.014
left,ClickHouse Cloud,140,140,2026-08-09T06:05:59Z,73476437585,4,Daily activity,0.014
left,ClickHouse Cloud,141,141,2026-08-09T06:15:59Z,73987325693,1,Single-symbol summary,0.008
left,ClickHouse Cloud,141,141,2026-08-09T06:15:59Z,73987325693,2,Watchlist summary,0.012
left,ClickHouse Cloud,141,141,2026-08-09T06:15:59Z,73987325693,3,Top movers,0.014
left,ClickHouse Cloud,141,141,2026-08-09T06:15:59Z,73987325693,4,Daily activity,0.013
left,ClickHouse Cloud,142,142,2026-08-09T06:25:59Z,74486757162,1,Single-symbol summary,0.013
left,ClickHouse Cloud,142,142,2026-08-09T06:25:59Z,74486757162,2,Watchlist summary,0.012
left,ClickHouse Cloud,142,142,2026-08-09T06:25:59Z,74486757162,3,Top movers,0.015
left,ClickHouse Cloud,142,142,2026-08-09T06:25:59Z,74486757162,4,Daily activity,0.013
left,ClickHouse Cloud,143,143,2026-08-09T06:35:59Z,74995355831,1,Single-symbol summary,0.015
left,ClickHouse Cloud,143,143,2026-08-09T06:35:59Z,74995355831,2,Watchlist summary,0.013
left,ClickHouse Cloud,143,143,2026-08-09T06:35:59Z,74995355831,3,Top movers,0.014
left,ClickHouse Cloud,143,143,2026-08-09T06:35:59Z,74995355831,4,Daily activity,0.014
left,ClickHouse Cloud,144,144,2026-08-09T06:45:59Z,75466940903,1,Single-symbol summary,0.008
left,ClickHouse Cloud,144,144,2026-08-09T06:45:59Z,75466940903,2,Watchlist summary,0.013
left,ClickHouse Cloud,144,144,2026-08-09T06:45:59Z,75466940903,3,Top movers,0.016
left,ClickHouse Cloud,144,144,2026-08-09T06:45:59Z,75466940903,4,Daily activity,0.012
left,ClickHouse Cloud,145,145,2026-08-09T06:55:59Z,75964855518,1,Single-symbol summary,0.014
left,ClickHouse Cloud,145,145,2026-08-09T06:55:59Z,75964855518,2,Watchlist summary,0.017
left,ClickHouse Cloud,145,145,2026-08-09T06:55:59Z,75964855518,3,Top movers,0.016
left,ClickHouse Cloud,145,145,2026-08-09T06:55:59Z,75964855518,4,Daily activity,0.014
left,ClickHouse Cloud,146,146,2026-08-09T07:05:59Z,76430868234,1,Single-symbol summary,0.007
left,ClickHouse Cloud,146,146,2026-08-09T07:05:59Z,76430868234,2,Watchlist summary,0.012
left,ClickHouse Cloud,146,146,2026-08-09T07:05:59Z,76430868234,3,Top movers,0.016
left,ClickHouse Cloud,146,146,2026-08-09T07:05:59Z,76430868234,4,Daily activity,0.014
left,ClickHouse Cloud,147,147,2026-08-09T07:15:59Z,76885010641,1,Single-symbol summary,0.008
left,ClickHouse Cloud,147,147,2026-08-09T07:15:59Z,76885010641,2,Watchlist summary,0.013
left,ClickHouse Cloud,147,147,2026-08-09T07:15:59Z,76885010641,3,Top movers,0.016
left,ClickHouse Cloud,147,147,2026-08-09T07:15:59Z,76885010641,4,Daily activity,0.013
left,ClickHouse Cloud,148,148,2026-08-09T07:25:59Z,77350951993,1,Single-symbol summary,0.008
left,ClickHouse Cloud,148,148,2026-08-09T07:25:59Z,77350951993,2,Watchlist summary,0.011
left,ClickHouse Cloud,148,148,2026-08-09T07:25:59Z,77350951993,3,Top movers,0.014
left,ClickHouse Cloud,148,148,2026-08-09T07:25:59Z,77350951993,4,Daily activity,0.014
left,ClickHouse Cloud,149,149,2026-08-09T07:35:59Z,77850423857,1,Single-symbol summary,0.007
left,ClickHouse Cloud,149,149,2026-08-09T07:35:59Z,77850423857,2,Watchlist summary,0.012
left,ClickHouse Cloud,149,149,2026-08-09T07:35:59Z,77850423857,3,Top movers,0.014
left,ClickHouse Cloud,149,149,2026-08-09T07:35:59Z,77850423857,4,Daily activity,0.013
left,ClickHouse Cloud,150,150,2026-08-09T07:45:59Z,78316136469,1,Single-symbol summary,0.014
left,ClickHouse Cloud,150,150,2026-08-09T07:45:59Z,78316136469,2,Watchlist summary,0.013
left,ClickHouse Cloud,150,150,2026-08-09T07:45:59Z,78316136469,3,Top movers,0.014
left,ClickHouse Cloud,150,150,2026-08-09T07:45:59Z,78316136469,4,Daily activity,0.013
left,ClickHouse Cloud,151,151,2026-08-09T07:55:59Z,78743691693,1,Single-symbol summary,0.009
left,ClickHouse Cloud,151,151,2026-08-09T07:55:59Z,78743691693,2,Watchlist summary,0.012
left,ClickHouse Cloud,151,151,2026-08-09T07:55:59Z,78743691693,3,Top movers,0.015
left,ClickHouse Cloud,151,151,2026-08-09T07:55:59Z,78743691693,4,Daily activity,0.013
left,ClickHouse Cloud,152,152,2026-08-09T08:05:59Z,79106273696,1,Single-symbol summary,0.013
left,ClickHouse Cloud,152,152,2026-08-09T08:05:59Z,79106273696,2,Watchlist summary,0.012
left,ClickHouse Cloud,152,152,2026-08-09T08:05:59Z,79106273696,3,Top movers,0.016
left,ClickHouse Cloud,152,152,2026-08-09T08:05:59Z,79106273696,4,Daily activity,0.013
left,ClickHouse Cloud,153,153,2026-08-09T08:15:59Z,79558355522,1,Single-symbol summary,0.009
left,ClickHouse Cloud,153,153,2026-08-09T08:15:59Z,79558355522,2,Watchlist summary,0.012
left,ClickHouse Cloud,153,153,2026-08-09T08:15:59Z,79558355522,3,Top movers,0.017
left,ClickHouse Cloud,153,153,2026-08-09T08:15:59Z,79558355522,4,Daily activity,0.013
left,ClickHouse Cloud,154,154,2026-08-09T08:25:59Z,80034599414,1,Single-symbol summary,0.015
left,ClickHouse Cloud,154,154,2026-08-09T08:25:59Z,80034599414,2,Watchlist summary,0.013
left,ClickHouse Cloud,154,154,2026-08-09T08:25:59Z,80034599414,3,Top movers,0.015
left,ClickHouse Cloud,154,154,2026-08-09T08:25:59Z,80034599414,4,Daily activity,0.013
left,ClickHouse Cloud,155,155,2026-08-09T08:35:59Z,80503603294,1,Single-symbol summary,0.009
left,ClickHouse Cloud,155,155,2026-08-09T08:35:59Z,80503603294,2,Watchlist summary,0.013
left,ClickHouse Cloud,155,155,2026-08-09T08:35:59Z,80503603294,3,Top movers,0.016
left,ClickHouse Cloud,155,155,2026-08-09T08:35:59Z,80503603294,4,Daily activity,0.013
left,ClickHouse Cloud,156,156,2026-08-09T08:45:59Z,80949316423,1,Single-symbol summary,0.014
left,ClickHouse Cloud,156,156,2026-08-09T08:45:59Z,80949316423,2,Watchlist summary,0.014
left,ClickHouse Cloud,156,156,2026-08-09T08:45:59Z,80949316423,3,Top movers,0.015
left,ClickHouse Cloud,156,156,2026-08-09T08:45:59Z,80949316423,4,Daily activity,0.014
left,ClickHouse Cloud,157,157,2026-08-09T08:55:59Z,81360968914,1,Single-symbol summary,0.007
left,ClickHouse Cloud,157,157,2026-08-09T08:55:59Z,81360968914,2,Watchlist summary,0.012
left,ClickHouse Cloud,157,157,2026-08-09T08:55:59Z,81360968914,3,Top movers,0.015
left,ClickHouse Cloud,157,157,2026-08-09T08:55:59Z,81360968914,4,Daily activity,0.013
left,ClickHouse Cloud,158,158,2026-08-09T09:05:59Z,81786894322,1,Single-symbol summary,0.014
left,ClickHouse Cloud,158,158,2026-08-09T09:05:59Z,81786894322,2,Watchlist summary,0.017
left,ClickHouse Cloud,158,158,2026-08-09T09:05:59Z,81786894322,3,Top movers,0.015
left,ClickHouse Cloud,158,158,2026-08-09T09:05:59Z,81786894322,4,Daily activity,0.014
left,ClickHouse Cloud,159,159,2026-08-09T09:15:59Z,82193904360,1,Single-symbol summary,0.007
left,ClickHouse Cloud,159,159,2026-08-09T09:15:59Z,82193904360,2,Watchlist summary,0.012
left,ClickHouse Cloud,159,159,2026-08-09T09:15:59Z,82193904360,3,Top movers,0.016
left,ClickHouse Cloud,159,159,2026-08-09T09:15:59Z,82193904360,4,Daily activity,0.015
left,ClickHouse Cloud,160,160,2026-08-09T09:25:59Z,82614022776,1,Single-symbol summary,0.015
left,ClickHouse Cloud,160,160,2026-08-09T09:25:59Z,82614022776,2,Watchlist summary,0.013
left,ClickHouse Cloud,160,160,2026-08-09T09:25:59Z,82614022776,3,Top movers,0.016
left,ClickHouse Cloud,160,160,2026-08-09T09:25:59Z,82614022776,4,Daily activity,0.013
left,ClickHouse Cloud,161,161,2026-08-09T09:35:59Z,83038964951,1,Single-symbol summary,0.01
left,ClickHouse Cloud,161,161,2026-08-09T09:35:59Z,83038964951,2,Watchlist summary,0.019
left,ClickHouse Cloud,161,161,2026-08-09T09:35:59Z,83038964951,3,Top movers,0.016
left,ClickHouse Cloud,161,161,2026-08-09T09:35:59Z,83038964951,4,Daily activity,0.014
left,ClickHouse Cloud,162,162,2026-08-09T09:45:59Z,83491097777,1,Single-symbol summary,0.015
left,ClickHouse Cloud,162,162,2026-08-09T09:45:59Z,83491097777,2,Watchlist summary,0.018
left,ClickHouse Cloud,162,162,2026-08-09T09:45:59Z,83491097777,3,Top movers,0.016
left,ClickHouse Cloud,162,162,2026-08-09T09:45:59Z,83491097777,4,Daily activity,0.013
left,ClickHouse Cloud,163,163,2026-08-09T09:55:59Z,83949333223,1,Single-symbol summary,0.014
left,ClickHouse Cloud,163,163,2026-08-09T09:55:59Z,83949333223,2,Watchlist summary,0.019
left,ClickHouse Cloud,163,163,2026-08-09T09:55:59Z,83949333223,3,Top movers,0.017
left,ClickHouse Cloud,163,163,2026-08-09T09:55:59Z,83949333223,4,Daily activity,0.016
left,ClickHouse Cloud,164,164,2026-08-09T10:05:59Z,84454230067,1,Single-symbol summary,0.007
left,ClickHouse Cloud,164,164,2026-08-09T10:05:59Z,84454230067,2,Watchlist summary,0.013
left,ClickHouse Cloud,164,164,2026-08-09T10:05:59Z,84454230067,3,Top movers,0.016
left,ClickHouse Cloud,164,164,2026-08-09T10:05:59Z,84454230067,4,Daily activity,0.015
left,ClickHouse Cloud,165,165,2026-08-09T10:15:59Z,84942338016,1,Single-symbol summary,0.007
left,ClickHouse Cloud,165,165,2026-08-09T10:15:59Z,84942338016,2,Watchlist summary,0.012
left,ClickHouse Cloud,165,165,2026-08-09T10:15:59Z,84942338016,3,Top movers,0.017
left,ClickHouse Cloud,165,165,2026-08-09T10:15:59Z,84942338016,4,Daily activity,0.015
left,ClickHouse Cloud,166,166,2026-08-09T10:25:59Z,85486320046,1,Single-symbol summary,0.007
left,ClickHouse Cloud,166,166,2026-08-09T10:25:59Z,85486320046,2,Watchlist summary,0.014
left,ClickHouse Cloud,166,166,2026-08-09T10:25:59Z,85486320046,3,Top movers,0.016
left,ClickHouse Cloud,166,166,2026-08-09T10:25:59Z,85486320046,4,Daily activity,0.014
left,ClickHouse Cloud,167,167,2026-08-09T10:35:59Z,86027059928,1,Single-symbol summary,0.015
left,ClickHouse Cloud,167,167,2026-08-09T10:35:59Z,86027059928,2,Watchlist summary,0.019
left,ClickHouse Cloud,167,167,2026-08-09T10:35:59Z,86027059928,3,Top movers,0.017
left,ClickHouse Cloud,167,167,2026-08-09T10:35:59Z,86027059928,4,Daily activity,0.016
left,ClickHouse Cloud,168,168,2026-08-09T10:45:59Z,86536377584,1,Single-symbol summary,0.009
left,ClickHouse Cloud,168,168,2026-08-09T10:45:59Z,86536377584,2,Watchlist summary,0.013
left,ClickHouse Cloud,168,168,2026-08-09T10:45:59Z,86536377584,3,Top movers,0.019
left,ClickHouse Cloud,168,168,2026-08-09T10:45:59Z,86536377584,4,Daily activity,0.015
left,ClickHouse Cloud,169,169,2026-08-09T10:55:59Z,87060073492,1,Single-symbol summary,0.014
left,ClickHouse Cloud,169,169,2026-08-09T10:55:59Z,87060073492,2,Watchlist summary,0.015
left,ClickHouse Cloud,169,169,2026-08-09T10:55:59Z,87060073492,3,Top movers,0.017
left,ClickHouse Cloud,169,169,2026-08-09T10:55:59Z,87060073492,4,Daily activity,0.014
left,ClickHouse Cloud,170,170,2026-08-09T11:05:59Z,87633622969,1,Single-symbol summary,0.014
left,ClickHouse Cloud,170,170,2026-08-09T11:05:59Z,87633622969,2,Watchlist summary,0.015
left,ClickHouse Cloud,170,170,2026-08-09T11:05:59Z,87633622969,3,Top movers,0.017
left,ClickHouse Cloud,170,170,2026-08-09T11:05:59Z,87633622969,4,Daily activity,0.016
left,ClickHouse Cloud,171,171,2026-08-09T11:15:59Z,88183458683,1,Single-symbol summary,0.014
left,ClickHouse Cloud,171,171,2026-08-09T11:15:59Z,88183458683,2,Watchlist summary,0.018
left,ClickHouse Cloud,171,171,2026-08-09T11:15:59Z,88183458683,3,Top movers,0.018
left,ClickHouse Cloud,171,171,2026-08-09T11:15:59Z,88183458683,4,Daily activity,0.016
left,ClickHouse Cloud,172,172,2026-08-09T11:25:59Z,88722660479,1,Single-symbol summary,0.008
left,ClickHouse Cloud,172,172,2026-08-09T11:25:59Z,88722660479,2,Watchlist summary,0.013
left,ClickHouse Cloud,172,172,2026-08-09T11:25:59Z,88722660479,3,Top movers,0.018
left,ClickHouse Cloud,172,172,2026-08-09T11:25:59Z,88722660479,4,Daily activity,0.017
left,ClickHouse Cloud,173,173,2026-08-09T11:35:59Z,89252600968,1,Single-symbol summary,0.007
left,ClickHouse Cloud,173,173,2026-08-09T11:35:59Z,89252600968,2,Watchlist summary,0.012
left,ClickHouse Cloud,173,173,2026-08-09T11:35:59Z,89252600968,3,Top movers,0.019
left,ClickHouse Cloud,173,173,2026-08-09T11:35:59Z,89252600968,4,Daily activity,0.017
left,ClickHouse Cloud,174,174,2026-08-09T11:45:59Z,89771307204,1,Single-symbol summary,0.007
left,ClickHouse Cloud,174,174,2026-08-09T11:45:59Z,89771307204,2,Watchlist summary,0.014
left,ClickHouse Cloud,174,174,2026-08-09T11:45:59Z,89771307204,3,Top movers,0.018
left,ClickHouse Cloud,174,174,2026-08-09T11:45:59Z,89771307204,4,Daily activity,0.016
left,ClickHouse Cloud,175,175,2026-08-09T11:55:59Z,90310361990,1,Single-symbol summary,0.014
left,ClickHouse Cloud,175,175,2026-08-09T11:55:59Z,90310361990,2,Watchlist summary,0.017
left,ClickHouse Cloud,175,175,2026-08-09T11:55:59Z,90310361990,3,Top movers,0.019
left,ClickHouse Cloud,175,175,2026-08-09T11:55:59Z,90310361990,4,Daily activity,0.015
left,ClickHouse Cloud,176,176,2026-08-09T12:05:59Z,90786625328,1,Single-symbol summary,0.007
left,ClickHouse Cloud,176,176,2026-08-09T12:05:59Z,90786625328,2,Watchlist summary,0.012
left,ClickHouse Cloud,176,176,2026-08-09T12:05:59Z,90786625328,3,Top movers,0.018
left,ClickHouse Cloud,176,176,2026-08-09T12:05:59Z,90786625328,4,Daily activity,0.017
left,ClickHouse Cloud,177,177,2026-08-09T12:15:59Z,91318721092,1,Single-symbol summary,0.007
left,ClickHouse Cloud,177,177,2026-08-09T12:15:59Z,91318721092,2,Watchlist summary,0.012
left,ClickHouse Cloud,177,177,2026-08-09T12:15:59Z,91318721092,3,Top movers,0.019
left,ClickHouse Cloud,177,177,2026-08-09T12:15:59Z,91318721092,4,Daily activity,0.018
left,ClickHouse Cloud,178,178,2026-08-09T12:25:59Z,91841644344,1,Single-symbol summary,0.007
left,ClickHouse Cloud,178,178,2026-08-09T12:25:59Z,91841644344,2,Watchlist summary,0.012
left,ClickHouse Cloud,178,178,2026-08-09T12:25:59Z,91841644344,3,Top movers,0.019
left,ClickHouse Cloud,178,178,2026-08-09T12:25:59Z,91841644344,4,Daily activity,0.016
left,ClickHouse Cloud,179,179,2026-08-09T12:35:59Z,92330582028,1,Single-symbol summary,0.007
left,ClickHouse Cloud,179,179,2026-08-09T12:35:59Z,92330582028,2,Watchlist summary,0.012
left,ClickHouse Cloud,179,179,2026-08-09T12:35:59Z,92330582028,3,Top movers,0.02
left,ClickHouse Cloud,179,179,2026-08-09T12:35:59Z,92330582028,4,Daily activity,0.027
left,ClickHouse Cloud,180,180,2026-08-09T12:45:59Z,92808126794,1,Single-symbol summary,0.013
left,ClickHouse Cloud,180,180,2026-08-09T12:45:59Z,92808126794,2,Watchlist summary,0.013
left,ClickHouse Cloud,180,180,2026-08-09T12:45:59Z,92808126794,3,Top movers,0.018
left,ClickHouse Cloud,180,180,2026-08-09T12:45:59Z,92808126794,4,Daily activity,0.015
left,ClickHouse Cloud,181,181,2026-08-09T12:55:59Z,93292685867,1,Single-symbol summary,0.014
left,ClickHouse Cloud,181,181,2026-08-09T12:55:59Z,93292685867,2,Watchlist summary,0.012
left,ClickHouse Cloud,181,181,2026-08-09T12:55:59Z,93292685867,3,Top movers,0.02
left,ClickHouse Cloud,181,181,2026-08-09T12:55:59Z,93292685867,4,Daily activity,0.018
left,ClickHouse Cloud,182,182,2026-08-09T13:05:59Z,93798216437,1,Single-symbol summary,0.013
left,ClickHouse Cloud,182,182,2026-08-09T13:05:59Z,93798216437,2,Watchlist summary,0.016
left,ClickHouse Cloud,182,182,2026-08-09T13:05:59Z,93798216437,3,Top movers,0.019
left,ClickHouse Cloud,182,182,2026-08-09T13:05:59Z,93798216437,4,Daily activity,0.015
left,ClickHouse Cloud,183,183,2026-08-09T13:15:59Z,94324820860,1,Single-symbol summary,0.014
left,ClickHouse Cloud,183,183,2026-08-09T13:15:59Z,94324820860,2,Watchlist summary,0.017
left,ClickHouse Cloud,183,183,2026-08-09T13:15:59Z,94324820860,3,Top movers,0.018
left,ClickHouse Cloud,183,183,2026-08-09T13:15:59Z,94324820860,4,Daily activity,0.016
left,ClickHouse Cloud,184,184,2026-08-09T13:25:59Z,94869720583,1,Single-symbol summary,0.015
left,ClickHouse Cloud,184,184,2026-08-09T13:25:59Z,94869720583,2,Watchlist summary,0.02
left,ClickHouse Cloud,184,184,2026-08-09T13:25:59Z,94869720583,3,Top movers,0.019
left,ClickHouse Cloud,184,184,2026-08-09T13:25:59Z,94869720583,4,Daily activity,0.017
left,ClickHouse Cloud,185,185,2026-08-09T13:35:59Z,95368092163,1,Single-symbol summary,0.008
left,ClickHouse Cloud,185,185,2026-08-09T13:35:59Z,95368092163,2,Watchlist summary,0.013
left,ClickHouse Cloud,185,185,2026-08-09T13:35:59Z,95368092163,3,Top movers,0.019
left,ClickHouse Cloud,185,185,2026-08-09T13:35:59Z,95368092163,4,Daily activity,0.016
left,ClickHouse Cloud,186,186,2026-08-09T13:45:59Z,95854521730,1,Single-symbol summary,0.008
left,ClickHouse Cloud,186,186,2026-08-09T13:45:59Z,95854521730,2,Watchlist summary,0.013
left,ClickHouse Cloud,186,186,2026-08-09T13:45:59Z,95854521730,3,Top movers,0.018
left,ClickHouse Cloud,186,186,2026-08-09T13:45:59Z,95854521730,4,Daily activity,0.016
left,ClickHouse Cloud,187,187,2026-08-09T13:55:59Z,96363475717,1,Single-symbol summary,0.01
left,ClickHouse Cloud,187,187,2026-08-09T13:55:59Z,96363475717,2,Watchlist summary,0.013
left,ClickHouse Cloud,187,187,2026-08-09T13:55:59Z,96363475717,3,Top movers,0.019
left,ClickHouse Cloud,187,187,2026-08-09T13:55:59Z,96363475717,4,Daily activity,0.016
left,ClickHouse Cloud,188,188,2026-08-09T14:05:59Z,96870245467,1,Single-symbol summary,0.007
left,ClickHouse Cloud,188,188,2026-08-09T14:05:59Z,96870245467,2,Watchlist summary,0.013
left,ClickHouse Cloud,188,188,2026-08-09T14:05:59Z,96870245467,3,Top movers,0.018
left,ClickHouse Cloud,188,188,2026-08-09T14:05:59Z,96870245467,4,Daily activity,0.016
left,ClickHouse Cloud,189,189,2026-08-09T14:15:59Z,97440595296,1,Single-symbol summary,0.016
left,ClickHouse Cloud,189,189,2026-08-09T14:15:59Z,97440595296,2,Watchlist summary,0.013
left,ClickHouse Cloud,189,189,2026-08-09T14:15:59Z,97440595296,3,Top movers,0.019
left,ClickHouse Cloud,189,189,2026-08-09T14:15:59Z,97440595296,4,Daily activity,0.015
left,ClickHouse Cloud,190,190,2026-08-09T14:25:59Z,97990299109,1,Single-symbol summary,0.015
left,ClickHouse Cloud,190,190,2026-08-09T14:25:59Z,97990299109,2,Watchlist summary,0.019
left,ClickHouse Cloud,190,190,2026-08-09T14:25:59Z,97990299109,3,Top movers,0.018
left,ClickHouse Cloud,190,190,2026-08-09T14:25:59Z,97990299109,4,Daily activity,0.015
left,ClickHouse Cloud,191,191,2026-08-09T14:35:59Z,98531195718,1,Single-symbol summary,0.007
left,ClickHouse Cloud,191,191,2026-08-09T14:35:59Z,98531195718,2,Watchlist summary,0.013
left,ClickHouse Cloud,191,191,2026-08-09T14:35:59Z,98531195718,3,Top movers,0.018
left,ClickHouse Cloud,191,191,2026-08-09T14:35:59Z,98531195718,4,Daily activity,0.015
left,ClickHouse Cloud,192,192,2026-08-09T14:45:59Z,99080355059,1,Single-symbol summary,0.008
left,ClickHouse Cloud,192,192,2026-08-09T14:45:59Z,99080355059,2,Watchlist summary,0.013
left,ClickHouse Cloud,192,192,2026-08-09T14:45:59Z,99080355059,3,Top movers,0.02
left,ClickHouse Cloud,192,192,2026-08-09T14:45:59Z,99080355059,4,Daily activity,0.017
left,ClickHouse Cloud,193,193,2026-08-09T14:55:59Z,99566521565,1,Single-symbol summary,0.007
left,ClickHouse Cloud,193,193,2026-08-09T14:55:59Z,99566521565,2,Watchlist summary,0.013
left,ClickHouse Cloud,193,193,2026-08-09T14:55:59Z,99566521565,3,Top movers,0.018
left,ClickHouse Cloud,193,193,2026-08-09T14:55:59Z,99566521565,4,Daily activity,0.015
right,Redshift Serverless,2,2,2026-08-12T17:03:57Z,539118925,1,Single-symbol summary,0.954133
right,Redshift Serverless,2,2,2026-08-12T17:03:57Z,539118925,2,Watchlist summary,0.54595
right,Redshift Serverless,2,2,2026-08-12T17:03:57Z,539118925,3,Top movers,0.178368
right,Redshift Serverless,2,2,2026-08-12T17:03:57Z,539118925,4,Daily activity,0.528943
right,Redshift Serverless,3,3,2026-08-12T17:14:09Z,1140532594,1,Single-symbol summary,1.258696
right,Redshift Serverless,3,3,2026-08-12T17:14:09Z,1140532594,2,Watchlist summary,0.500239
right,Redshift Serverless,3,3,2026-08-12T17:14:09Z,1140532594,3,Top movers,0.155069
right,Redshift Serverless,3,3,2026-08-12T17:14:09Z,1140532594,4,Daily activity,0.480258
right,Redshift Serverless,4,4,2026-08-12T17:24:09Z,1740468180,1,Single-symbol summary,1.235531
right,Redshift Serverless,4,4,2026-08-12T17:24:09Z,1740468180,2,Watchlist summary,0.615103
right,Redshift Serverless,4,4,2026-08-12T17:24:09Z,1740468180,3,Top movers,0.176195
right,Redshift Serverless,4,4,2026-08-12T17:24:09Z,1740468180,4,Daily activity,0.584155
right,Redshift Serverless,5,5,2026-08-12T17:34:09Z,2341513280,1,Single-symbol summary,1.516785
right,Redshift Serverless,5,5,2026-08-12T17:34:09Z,2341513280,2,Watchlist summary,0.552129
right,Redshift Serverless,5,5,2026-08-12T17:34:09Z,2341513280,3,Top movers,0.204242
right,Redshift Serverless,5,5,2026-08-12T17:34:09Z,2341513280,4,Daily activity,0.513274
right,Redshift Serverless,6,6,2026-08-12T17:44:10Z,2939871289,1,Single-symbol summary,1.204784
right,Redshift Serverless,6,6,2026-08-12T17:44:10Z,2939871289,2,Watchlist summary,0.395472
right,Redshift Serverless,6,6,2026-08-12T17:44:10Z,2939871289,3,Top movers,0.153018
right,Redshift Serverless,6,6,2026-08-12T17:44:10Z,2939871289,4,Daily activity,0.596863
right,Redshift Serverless,7,7,2026-08-12T17:54:09Z,3539132196,1,Single-symbol summary,1.886964
right,Redshift Serverless,7,7,2026-08-12T17:54:09Z,3539132196,2,Watchlist summary,0.576231
right,Redshift Serverless,7,7,2026-08-12T17:54:09Z,3539132196,3,Top movers,0.309352
right,Redshift Serverless,7,7,2026-08-12T17:54:09Z,3539132196,4,Daily activity,0.692736
right,Redshift Serverless,8,8,2026-08-12T18:04:10Z,4143068739,1,Single-symbol summary,1.213307
right,Redshift Serverless,8,8,2026-08-12T18:04:10Z,4143068739,2,Watchlist summary,0.476454
right,Redshift Serverless,8,8,2026-08-12T18:04:10Z,4143068739,3,Top movers,0.093633
right,Redshift Serverless,8,8,2026-08-12T18:04:10Z,4143068739,4,Daily activity,1.019494
right,Redshift Serverless,9,9,2026-08-12T18:13:59Z,4741930895,1,Single-symbol summary,1.416908
right,Redshift Serverless,9,9,2026-08-12T18:13:59Z,4741930895,2,Watchlist summary,0.440905
right,Redshift Serverless,9,9,2026-08-12T18:13:59Z,4741930895,3,Top movers,0.151623
right,Redshift Serverless,9,9,2026-08-12T18:13:59Z,4741930895,4,Daily activity,0.525943
right,Redshift Serverless,10,10,2026-08-12T18:24:10Z,5339083784,1,Single-symbol summary,1.574715
right,Redshift Serverless,10,10,2026-08-12T18:24:10Z,5339083784,2,Watchlist summary,0.517914
right,Redshift Serverless,10,10,2026-08-12T18:24:10Z,5339083784,3,Top movers,0.151371
right,Redshift Serverless,10,10,2026-08-12T18:24:10Z,5339083784,4,Daily activity,0.645461
right,Redshift Serverless,11,11,2026-08-12T18:34:10Z,5938849921,1,Single-symbol summary,1.305566
right,Redshift Serverless,11,11,2026-08-12T18:34:10Z,5938849921,2,Watchlist summary,0.418676
right,Redshift Serverless,11,11,2026-08-12T18:34:10Z,5938849921,3,Top movers,0.093887
right,Redshift Serverless,11,11,2026-08-12T18:34:10Z,5938849921,4,Daily activity,0.463962
right,Redshift Serverless,12,12,2026-08-12T18:44:09Z,6538854893,1,Single-symbol summary,1.281683
right,Redshift Serverless,12,12,2026-08-12T18:44:09Z,6538854893,2,Watchlist summary,0.469427
right,Redshift Serverless,12,12,2026-08-12T18:44:09Z,6538854893,3,Top movers,0.094817
right,Redshift Serverless,12,12,2026-08-12T18:44:09Z,6538854893,4,Daily activity,0.37079
right,Redshift Serverless,13,13,2026-08-12T18:54:09Z,7142932703,1,Single-symbol summary,2.302652
right,Redshift Serverless,13,13,2026-08-12T18:54:09Z,7142932703,2,Watchlist summary,0.515025
right,Redshift Serverless,13,13,2026-08-12T18:54:09Z,7142932703,3,Top movers,0.31755
right,Redshift Serverless,13,13,2026-08-12T18:54:09Z,7142932703,4,Daily activity,0.57512
right,Redshift Serverless,14,14,2026-08-12T19:04:10Z,7739391998,1,Single-symbol summary,1.587553
right,Redshift Serverless,14,14,2026-08-12T19:04:10Z,7739391998,2,Watchlist summary,0.428464
right,Redshift Serverless,14,14,2026-08-12T19:04:10Z,7739391998,3,Top movers,0.089725
right,Redshift Serverless,14,14,2026-08-12T19:04:10Z,7739391998,4,Daily activity,0.554676
right,Redshift Serverless,15,15,2026-08-12T19:14:10Z,8397564229,1,Single-symbol summary,1.424835
right,Redshift Serverless,15,15,2026-08-12T19:14:10Z,8397564229,2,Watchlist summary,0.352657
right,Redshift Serverless,15,15,2026-08-12T19:14:10Z,8397564229,3,Top movers,0.101261
right,Redshift Serverless,15,15,2026-08-12T19:14:10Z,8397564229,4,Daily activity,0.450517
right,Redshift Serverless,16,16,2026-08-12T19:24:10Z,8937866655,1,Single-symbol summary,2.26285
right,Redshift Serverless,16,16,2026-08-12T19:24:10Z,8937866655,2,Watchlist summary,0.433187
right,Redshift Serverless,16,16,2026-08-12T19:24:10Z,8937866655,3,Top movers,0.089364
right,Redshift Serverless,16,16,2026-08-12T19:24:10Z,8937866655,4,Daily activity,0.486575
right,Redshift Serverless,17,17,2026-08-12T19:34:10Z,9542609644,1,Single-symbol summary,1.435634
right,Redshift Serverless,17,17,2026-08-12T19:34:10Z,9542609644,2,Watchlist summary,0.366592
right,Redshift Serverless,17,17,2026-08-12T19:34:10Z,9542609644,3,Top movers,0.091795
right,Redshift Serverless,17,17,2026-08-12T19:34:10Z,9542609644,4,Daily activity,0.418052
right,Redshift Serverless,18,18,2026-08-12T19:44:10Z,10140144267,1,Single-symbol summary,1.769124
right,Redshift Serverless,18,18,2026-08-12T19:44:10Z,10140144267,2,Watchlist summary,0.385671
right,Redshift Serverless,18,18,2026-08-12T19:44:10Z,10140144267,3,Top movers,0.091603
right,Redshift Serverless,18,18,2026-08-12T19:44:10Z,10140144267,4,Daily activity,0.387764
right,Redshift Serverless,19,19,2026-08-12T19:54:10Z,10739646237,1,Single-symbol summary,3.155078
right,Redshift Serverless,19,19,2026-08-12T19:54:10Z,10739646237,2,Watchlist summary,0.536454
right,Redshift Serverless,19,19,2026-08-12T19:54:10Z,10739646237,3,Top movers,0.101108
right,Redshift Serverless,19,19,2026-08-12T19:54:10Z,10739646237,4,Daily activity,0.668281
right,Redshift Serverless,20,20,2026-08-12T20:03:59Z,11339027808,1,Single-symbol summary,1.90377
right,Redshift Serverless,20,20,2026-08-12T20:03:59Z,11339027808,2,Watchlist summary,0.29207
right,Redshift Serverless,20,20,2026-08-12T20:03:59Z,11339027808,3,Top movers,0.090449
right,Redshift Serverless,20,20,2026-08-12T20:03:59Z,11339027808,4,Daily activity,0.45755
right,Redshift Serverless,21,21,2026-08-12T20:14:09Z,11941589977,1,Single-symbol summary,1.99207
right,Redshift Serverless,21,21,2026-08-12T20:14:09Z,11941589977,2,Watchlist summary,0.469555
right,Redshift Serverless,21,21,2026-08-12T20:14:09Z,11941589977,3,Top movers,0.11329
right,Redshift Serverless,21,21,2026-08-12T20:14:09Z,11941589977,4,Daily activity,0.632569
right,Redshift Serverless,22,22,2026-08-12T20:24:10Z,12534774797,1,Single-symbol summary,2.028054
right,Redshift Serverless,22,22,2026-08-12T20:24:10Z,12534774797,2,Watchlist summary,0.431943
right,Redshift Serverless,22,22,2026-08-12T20:24:10Z,12534774797,3,Top movers,0.105914
right,Redshift Serverless,22,22,2026-08-12T20:24:10Z,12534774797,4,Daily activity,0.498112
right,Redshift Serverless,23,23,2026-08-12T20:34:10Z,13143146482,1,Single-symbol summary,1.507044
right,Redshift Serverless,23,23,2026-08-12T20:34:10Z,13143146482,2,Watchlist summary,0.366275
right,Redshift Serverless,23,23,2026-08-12T20:34:10Z,13143146482,3,Top movers,0.09173
right,Redshift Serverless,23,23,2026-08-12T20:34:10Z,13143146482,4,Daily activity,0.433638
right,Redshift Serverless,24,24,2026-08-12T20:44:10Z,13741229534,1,Single-symbol summary,1.435508
right,Redshift Serverless,24,24,2026-08-12T20:44:10Z,13741229534,2,Watchlist summary,0.390831
right,Redshift Serverless,24,24,2026-08-12T20:44:10Z,13741229534,3,Top movers,0.098271
right,Redshift Serverless,24,24,2026-08-12T20:44:10Z,13741229534,4,Daily activity,0.453543
right,Redshift Serverless,25,25,2026-08-12T20:54:09Z,14346887362,1,Single-symbol summary,2.861707
right,Redshift Serverless,25,25,2026-08-12T20:54:09Z,14346887362,2,Watchlist summary,3.195749
right,Redshift Serverless,25,25,2026-08-12T20:54:09Z,14346887362,3,Top movers,0.123148
right,Redshift Serverless,25,25,2026-08-12T20:54:09Z,14346887362,4,Daily activity,0.975291
right,Redshift Serverless,26,26,2026-08-12T21:03:59Z,14942522975,1,Single-symbol summary,1.654047
right,Redshift Serverless,26,26,2026-08-12T21:03:59Z,14942522975,2,Watchlist summary,0.288809
right,Redshift Serverless,26,26,2026-08-12T21:03:59Z,14942522975,3,Top movers,0.095294
right,Redshift Serverless,26,26,2026-08-12T21:03:59Z,14942522975,4,Daily activity,0.398691
right,Redshift Serverless,27,27,2026-08-12T21:14:09Z,15539438649,1,Single-symbol summary,1.721127
right,Redshift Serverless,27,27,2026-08-12T21:14:09Z,15539438649,2,Watchlist summary,0.365698
right,Redshift Serverless,27,27,2026-08-12T21:14:09Z,15539438649,3,Top movers,0.097717
right,Redshift Serverless,27,27,2026-08-12T21:14:09Z,15539438649,4,Daily activity,0.880288
right,Redshift Serverless,28,28,2026-08-12T21:24:09Z,16138130017,1,Single-symbol summary,1.696754
right,Redshift Serverless,28,28,2026-08-12T21:24:09Z,16138130017,2,Watchlist summary,0.380237
right,Redshift Serverless,28,28,2026-08-12T21:24:09Z,16138130017,3,Top movers,0.09671
right,Redshift Serverless,28,28,2026-08-12T21:24:09Z,16138130017,4,Daily activity,0.579415
right,Redshift Serverless,29,29,2026-08-12T21:34:09Z,16739010996,1,Single-symbol summary,1.591378
right,Redshift Serverless,29,29,2026-08-12T21:34:09Z,16739010996,2,Watchlist summary,0.398123
right,Redshift Serverless,29,29,2026-08-12T21:34:09Z,16739010996,3,Top movers,0.092775
right,Redshift Serverless,29,29,2026-08-12T21:34:09Z,16739010996,4,Daily activity,0.39549
right,Redshift Serverless,30,30,2026-08-12T21:44:09Z,17338005403,1,Single-symbol summary,1.217073
right,Redshift Serverless,30,30,2026-08-12T21:44:09Z,17338005403,2,Watchlist summary,0.397045
right,Redshift Serverless,30,30,2026-08-12T21:44:09Z,17338005403,3,Top movers,0.09246
right,Redshift Serverless,30,30,2026-08-12T21:44:09Z,17338005403,4,Daily activity,0.423948
right,Redshift Serverless,31,31,2026-08-12T21:54:10Z,17944900380,1,Single-symbol summary,3.082682
right,Redshift Serverless,31,31,2026-08-12T21:54:10Z,17944900380,2,Watchlist summary,0.469775
right,Redshift Serverless,31,31,2026-08-12T21:54:10Z,17944900380,3,Top movers,0.109469
right,Redshift Serverless,31,31,2026-08-12T21:54:10Z,17944900380,4,Daily activity,0.500949
right,Redshift Serverless,32,32,2026-08-12T22:03:58Z,18545538648,1,Single-symbol summary,1.243909
right,Redshift Serverless,32,32,2026-08-12T22:03:58Z,18545538648,2,Watchlist summary,0.247006
right,Redshift Serverless,32,32,2026-08-12T22:03:58Z,18545538648,3,Top movers,0.07918
right,Redshift Serverless,32,32,2026-08-12T22:03:58Z,18545538648,4,Daily activity,0.299042
right,Redshift Serverless,33,33,2026-08-12T22:13:59Z,19141064210,1,Single-symbol summary,1.265565
right,Redshift Serverless,33,33,2026-08-12T22:13:59Z,19141064210,2,Watchlist summary,0.405876
right,Redshift Serverless,33,33,2026-08-12T22:13:59Z,19141064210,3,Top movers,0.09506
right,Redshift Serverless,33,33,2026-08-12T22:13:59Z,19141064210,4,Daily activity,0.413932
right,Redshift Serverless,34,34,2026-08-12T22:24:10Z,19742262546,1,Single-symbol summary,1.974346
right,Redshift Serverless,34,34,2026-08-12T22:24:10Z,19742262546,2,Watchlist summary,0.444484
right,Redshift Serverless,34,34,2026-08-12T22:24:10Z,19742262546,3,Top movers,0.099412
right,Redshift Serverless,34,34,2026-08-12T22:24:10Z,19742262546,4,Daily activity,0.400949
right,Redshift Serverless,35,35,2026-08-12T22:34:09Z,20336924476,1,Single-symbol summary,1.717123
right,Redshift Serverless,35,35,2026-08-12T22:34:09Z,20336924476,2,Watchlist summary,0.451045
right,Redshift Serverless,35,35,2026-08-12T22:34:09Z,20336924476,3,Top movers,0.093167
right,Redshift Serverless,35,35,2026-08-12T22:34:09Z,20336924476,4,Daily activity,0.518956
right,Redshift Serverless,36,36,2026-08-12T22:44:08Z,20936890438,1,Single-symbol summary,1.394207
right,Redshift Serverless,36,36,2026-08-12T22:44:08Z,20936890438,2,Watchlist summary,0.399171
right,Redshift Serverless,36,36,2026-08-12T22:44:08Z,20936890438,3,Top movers,0.097019
right,Redshift Serverless,36,36,2026-08-12T22:44:08Z,20936890438,4,Daily activity,0.425338
right,Redshift Serverless,37,37,2026-08-12T22:54:09Z,21541024360,1,Single-symbol summary,3.131245
right,Redshift Serverless,37,37,2026-08-12T22:54:09Z,21541024360,2,Watchlist summary,0.446971
right,Redshift Serverless,37,37,2026-08-12T22:54:09Z,21541024360,3,Top movers,0.103301
right,Redshift Serverless,37,37,2026-08-12T22:54:09Z,21541024360,4,Daily activity,0.553562
right,Redshift Serverless,38,38,2026-08-12T23:03:59Z,22141942247,1,Single-symbol summary,1.855753
right,Redshift Serverless,38,38,2026-08-12T23:03:59Z,22141942247,2,Watchlist summary,0.084459
right,Redshift Serverless,38,38,2026-08-12T23:03:59Z,22141942247,3,Top movers,0.079807
right,Redshift Serverless,38,38,2026-08-12T23:03:59Z,22141942247,4,Daily activity,0.355875
right,Redshift Serverless,39,39,2026-08-12T23:14:09Z,22758184357,1,Single-symbol summary,1.542953
right,Redshift Serverless,39,39,2026-08-12T23:14:09Z,22758184357,2,Watchlist summary,0.424
right,Redshift Serverless,39,39,2026-08-12T23:14:09Z,22758184357,3,Top movers,0.088521
right,Redshift Serverless,39,39,2026-08-12T23:14:09Z,22758184357,4,Daily activity,0.395088
right,Redshift Serverless,40,40,2026-08-12T23:24:10Z,23357488818,1,Single-symbol summary,1.475049
right,Redshift Serverless,40,40,2026-08-12T23:24:10Z,23357488818,2,Watchlist summary,0.461917
right,Redshift Serverless,40,40,2026-08-12T23:24:10Z,23357488818,3,Top movers,0.099385
right,Redshift Serverless,40,40,2026-08-12T23:24:10Z,23357488818,4,Daily activity,0.363823
right,Redshift Serverless,41,41,2026-08-12T23:34:10Z,23959033974,1,Single-symbol summary,1.153406
right,Redshift Serverless,41,41,2026-08-12T23:34:10Z,23959033974,2,Watchlist summary,0.406249
right,Redshift Serverless,41,41,2026-08-12T23:34:10Z,23959033974,3,Top movers,0.094054
right,Redshift Serverless,41,41,2026-08-12T23:34:10Z,23959033974,4,Daily activity,0.378986
right,Redshift Serverless,42,42,2026-08-12T23:44:10Z,24560889162,1,Single-symbol summary,1.343486
right,Redshift Serverless,42,42,2026-08-12T23:44:10Z,24560889162,2,Watchlist summary,0.44501
right,Redshift Serverless,42,42,2026-08-12T23:44:10Z,24560889162,3,Top movers,0.103354
right,Redshift Serverless,42,42,2026-08-12T23:44:10Z,24560889162,4,Daily activity,0.467823
right,Redshift Serverless,43,43,2026-08-12T23:54:09Z,25158046681,1,Single-symbol summary,2.893842
right,Redshift Serverless,43,43,2026-08-12T23:54:09Z,25158046681,2,Watchlist summary,0.463173
right,Redshift Serverless,43,43,2026-08-12T23:54:09Z,25158046681,3,Top movers,0.13372
right,Redshift Serverless,43,43,2026-08-12T23:54:09Z,25158046681,4,Daily activity,0.385782
right,Redshift Serverless,44,44,2026-08-13T00:04:00Z,25757709650,1,Single-symbol summary,1.718397
right,Redshift Serverless,44,44,2026-08-13T00:04:00Z,25757709650,2,Watchlist summary,0.091702
right,Redshift Serverless,44,44,2026-08-13T00:04:00Z,25757709650,3,Top movers,0.088154
right,Redshift Serverless,44,44,2026-08-13T00:04:00Z,25757709650,4,Daily activity,0.270337
right,Redshift Serverless,45,45,2026-08-13T00:14:09Z,26360830738,1,Single-symbol summary,1.801405
right,Redshift Serverless,45,45,2026-08-13T00:14:09Z,26360830738,2,Watchlist summary,0.443245
right,Redshift Serverless,45,45,2026-08-13T00:14:09Z,26360830738,3,Top movers,0.095842
right,Redshift Serverless,45,45,2026-08-13T00:14:09Z,26360830738,4,Daily activity,0.442383
right,Redshift Serverless,46,46,2026-08-13T00:24:10Z,26959822278,1,Single-symbol summary,2.354041
right,Redshift Serverless,46,46,2026-08-13T00:24:10Z,26959822278,2,Watchlist summary,0.450075
right,Redshift Serverless,46,46,2026-08-13T00:24:10Z,26959822278,3,Top movers,0.093461
right,Redshift Serverless,46,46,2026-08-13T00:24:10Z,26959822278,4,Daily activity,0.380667
right,Redshift Serverless,47,47,2026-08-13T00:34:09Z,27560204587,1,Single-symbol summary,2.012792
right,Redshift Serverless,47,47,2026-08-13T00:34:09Z,27560204587,2,Watchlist summary,0.455633
right,Redshift Serverless,47,47,2026-08-13T00:34:09Z,27560204587,3,Top movers,0.100095
right,Redshift Serverless,47,47,2026-08-13T00:34:09Z,27560204587,4,Daily activity,0.422948
right,Redshift Serverless,48,48,2026-08-13T00:44:10Z,28157928300,1,Single-symbol summary,1.223633
right,Redshift Serverless,48,48,2026-08-13T00:44:10Z,28157928300,2,Watchlist summary,0.463688
right,Redshift Serverless,48,48,2026-08-13T00:44:10Z,28157928300,3,Top movers,0.101062
right,Redshift Serverless,48,48,2026-08-13T00:44:10Z,28157928300,4,Daily activity,0.419455
right,Redshift Serverless,49,49,2026-08-13T00:54:10Z,28758932048,1,Single-symbol summary,3.381994
right,Redshift Serverless,49,49,2026-08-13T00:54:10Z,28758932048,2,Watchlist summary,0.4045
right,Redshift Serverless,49,49,2026-08-13T00:54:10Z,28758932048,3,Top movers,0.238331
right,Redshift Serverless,49,49,2026-08-13T00:54:10Z,28758932048,4,Daily activity,0.488425
right,Redshift Serverless,50,50,2026-08-13T01:03:57Z,29358572401,1,Single-symbol summary,1.616207
right,Redshift Serverless,50,50,2026-08-13T01:03:57Z,29358572401,2,Watchlist summary,0.095531
right,Redshift Serverless,50,50,2026-08-13T01:03:57Z,29358572401,3,Top movers,0.090074
right,Redshift Serverless,50,50,2026-08-13T01:03:57Z,29358572401,4,Daily activity,0.291456
right,Redshift Serverless,51,51,2026-08-13T01:14:10Z,29960296771,1,Single-symbol summary,2.55612
right,Redshift Serverless,51,51,2026-08-13T01:14:10Z,29960296771,2,Watchlist summary,0.453851
right,Redshift Serverless,51,51,2026-08-13T01:14:10Z,29960296771,3,Top movers,0.104969
right,Redshift Serverless,51,51,2026-08-13T01:14:10Z,29960296771,4,Daily activity,0.47424
right,Redshift Serverless,52,52,2026-08-13T01:24:10Z,30565269536,1,Single-symbol summary,2.130904
right,Redshift Serverless,52,52,2026-08-13T01:24:10Z,30565269536,2,Watchlist summary,0.455542
right,Redshift Serverless,52,52,2026-08-13T01:24:10Z,30565269536,3,Top movers,0.094064
right,Redshift Serverless,52,52,2026-08-13T01:24:10Z,30565269536,4,Daily activity,0.407218
right,Redshift Serverless,53,53,2026-08-13T01:34:10Z,31160331272,1,Single-symbol summary,1.913569
right,Redshift Serverless,53,53,2026-08-13T01:34:10Z,31160331272,2,Watchlist summary,0.420403
right,Redshift Serverless,53,53,2026-08-13T01:34:10Z,31160331272,3,Top movers,0.100734
right,Redshift Serverless,53,53,2026-08-13T01:34:10Z,31160331272,4,Daily activity,0.451744
right,Redshift Serverless,54,54,2026-08-13T01:44:10Z,31757290992,1,Single-symbol summary,1.553518
right,Redshift Serverless,54,54,2026-08-13T01:44:10Z,31757290992,2,Watchlist summary,0.426996
right,Redshift Serverless,54,54,2026-08-13T01:44:10Z,31757290992,3,Top movers,0.107585
right,Redshift Serverless,54,54,2026-08-13T01:44:10Z,31757290992,4,Daily activity,0.430703
right,Redshift Serverless,55,55,2026-08-13T01:54:10Z,32358986128,1,Single-symbol summary,3.515389
right,Redshift Serverless,55,55,2026-08-13T01:54:10Z,32358986128,2,Watchlist summary,0.610118
right,Redshift Serverless,55,55,2026-08-13T01:54:10Z,32358986128,3,Top movers,0.166878
right,Redshift Serverless,55,55,2026-08-13T01:54:10Z,32358986128,4,Daily activity,0.427334
right,Redshift Serverless,56,56,2026-08-13T02:03:59Z,32960605673,1,Single-symbol summary,1.497944
right,Redshift Serverless,56,56,2026-08-13T02:03:59Z,32960605673,2,Watchlist summary,0.101936
right,Redshift Serverless,56,56,2026-08-13T02:03:59Z,32960605673,3,Top movers,0.270945
right,Redshift Serverless,56,56,2026-08-13T02:03:59Z,32960605673,4,Daily activity,0.392932
right,Redshift Serverless,57,57,2026-08-13T02:14:10Z,33563974195,1,Single-symbol summary,1.769108
right,Redshift Serverless,57,57,2026-08-13T02:14:10Z,33563974195,2,Watchlist summary,0.434575
right,Redshift Serverless,57,57,2026-08-13T02:14:10Z,33563974195,3,Top movers,0.120038
right,Redshift Serverless,57,57,2026-08-13T02:14:10Z,33563974195,4,Daily activity,0.489089
right,Redshift Serverless,58,58,2026-08-13T02:24:10Z,34158960136,1,Single-symbol summary,2.032463
right,Redshift Serverless,58,58,2026-08-13T02:24:10Z,34158960136,2,Watchlist summary,0.471149
right,Redshift Serverless,58,58,2026-08-13T02:24:10Z,34158960136,3,Top movers,0.097236
right,Redshift Serverless,58,58,2026-08-13T02:24:10Z,34158960136,4,Daily activity,0.385277
right,Redshift Serverless,59,59,2026-08-13T02:34:09Z,34760301912,1,Single-symbol summary,1.920635
right,Redshift Serverless,59,59,2026-08-13T02:34:09Z,34760301912,2,Watchlist summary,0.424897
right,Redshift Serverless,59,59,2026-08-13T02:34:09Z,34760301912,3,Top movers,0.097245
right,Redshift Serverless,59,59,2026-08-13T02:34:09Z,34760301912,4,Daily activity,0.367553
right,Redshift Serverless,60,60,2026-08-13T02:44:10Z,35362314543,1,Single-symbol summary,1.460136
right,Redshift Serverless,60,60,2026-08-13T02:44:10Z,35362314543,2,Watchlist summary,0.378277
right,Redshift Serverless,60,60,2026-08-13T02:44:10Z,35362314543,3,Top movers,0.089707
right,Redshift Serverless,60,60,2026-08-13T02:44:10Z,35362314543,4,Daily activity,0.387965
right,Redshift Serverless,61,61,2026-08-13T02:54:08Z,35960573077,1,Single-symbol summary,3.724415
right,Redshift Serverless,61,61,2026-08-13T02:54:08Z,35960573077,2,Watchlist summary,0.453109
right,Redshift Serverless,61,61,2026-08-13T02:54:08Z,35960573077,3,Top movers,0.133789
right,Redshift Serverless,61,61,2026-08-13T02:54:08Z,35960573077,4,Daily activity,0.507214
right,Redshift Serverless,62,62,2026-08-13T03:04:00Z,36560901115,1,Single-symbol summary,1.93875
right,Redshift Serverless,62,62,2026-08-13T03:04:00Z,36560901115,2,Watchlist summary,0.287676
right,Redshift Serverless,62,62,2026-08-13T03:04:00Z,36560901115,3,Top movers,0.119422
right,Redshift Serverless,62,62,2026-08-13T03:04:00Z,36560901115,4,Daily activity,0.347559
right,Redshift Serverless,63,63,2026-08-13T03:14:00Z,37099726907,1,Single-symbol summary,1.954833
right,Redshift Serverless,63,63,2026-08-13T03:14:00Z,37099726907,2,Watchlist summary,0.092967
right,Redshift Serverless,63,63,2026-08-13T03:14:00Z,37099726907,3,Top movers,0.091268
right,Redshift Serverless,63,63,2026-08-13T03:14:00Z,37099726907,4,Daily activity,0.272984
right,Redshift Serverless,64,64,2026-08-13T03:24:11Z,37759210155,1,Single-symbol summary,2.476219
right,Redshift Serverless,64,64,2026-08-13T03:24:11Z,37759210155,2,Watchlist summary,0.496226
right,Redshift Serverless,64,64,2026-08-13T03:24:11Z,37759210155,3,Top movers,0.211005
right,Redshift Serverless,64,64,2026-08-13T03:24:11Z,37759210155,4,Daily activity,0.648086
right,Redshift Serverless,65,65,2026-08-13T03:34:12Z,38369452934,1,Single-symbol summary,2.831599
right,Redshift Serverless,65,65,2026-08-13T03:34:12Z,38369452934,2,Watchlist summary,0.468414
right,Redshift Serverless,65,65,2026-08-13T03:34:12Z,38369452934,3,Top movers,0.104534
right,Redshift Serverless,65,65,2026-08-13T03:34:12Z,38369452934,4,Daily activity,0.526192
right,Redshift Serverless,66,66,2026-08-13T03:44:11Z,38970108594,1,Single-symbol summary,2.33034
right,Redshift Serverless,66,66,2026-08-13T03:44:11Z,38970108594,2,Watchlist summary,0.425826
right,Redshift Serverless,66,66,2026-08-13T03:44:11Z,38970108594,3,Top movers,0.09521
right,Redshift Serverless,66,66,2026-08-13T03:44:11Z,38970108594,4,Daily activity,0.496186
right,Redshift Serverless,67,67,2026-08-13T03:54:10Z,39507372773,1,Single-symbol summary,4.66656
right,Redshift Serverless,67,67,2026-08-13T03:54:10Z,39507372773,2,Watchlist summary,2.620859
right,Redshift Serverless,67,67,2026-08-13T03:54:10Z,39507372773,3,Top movers,0.108331
right,Redshift Serverless,67,67,2026-08-13T03:54:10Z,39507372773,4,Daily activity,0.561056
right,Redshift Serverless,68,68,2026-08-13T04:03:59Z,40110348668,1,Single-symbol summary,2.877535
right,Redshift Serverless,68,68,2026-08-13T04:03:59Z,40110348668,2,Watchlist summary,0.087945
right,Redshift Serverless,68,68,2026-08-13T04:03:59Z,40110348668,3,Top movers,0.083696
right,Redshift Serverless,68,68,2026-08-13T04:03:59Z,40110348668,4,Daily activity,0.463372
right,Redshift Serverless,69,69,2026-08-13T04:14:11Z,40708457686,1,Single-symbol summary,2.464132
right,Redshift Serverless,69,69,2026-08-13T04:14:11Z,40708457686,2,Watchlist summary,2.55144
right,Redshift Serverless,69,69,2026-08-13T04:14:11Z,40708457686,3,Top movers,0.10803
right,Redshift Serverless,69,69,2026-08-13T04:14:11Z,40708457686,4,Daily activity,0.604567
right,Redshift Serverless,70,70,2026-08-13T04:24:11Z,41311191300,1,Single-symbol summary,2.702894
right,Redshift Serverless,70,70,2026-08-13T04:24:11Z,41311191300,2,Watchlist summary,0.395448
right,Redshift Serverless,70,70,2026-08-13T04:24:11Z,41311191300,3,Top movers,2.143913
right,Redshift Serverless,70,70,2026-08-13T04:24:11Z,41311191300,4,Daily activity,0.815929
right,Redshift Serverless,71,71,2026-08-13T04:34:12Z,41969213855,1,Single-symbol summary,2.725116
right,Redshift Serverless,71,71,2026-08-13T04:34:12Z,41969213855,2,Watchlist summary,0.424716
right,Redshift Serverless,71,71,2026-08-13T04:34:12Z,41969213855,3,Top movers,0.096895
right,Redshift Serverless,71,71,2026-08-13T04:34:12Z,41969213855,4,Daily activity,0.467739
right,Redshift Serverless,72,72,2026-08-13T04:44:10Z,42510673827,1,Single-symbol summary,2.73504
right,Redshift Serverless,72,72,2026-08-13T04:44:10Z,42510673827,2,Watchlist summary,2.283765
right,Redshift Serverless,72,72,2026-08-13T04:44:10Z,42510673827,3,Top movers,0.099661
right,Redshift Serverless,72,72,2026-08-13T04:44:10Z,42510673827,4,Daily activity,0.609263
right,Redshift Serverless,73,73,2026-08-13T04:54:10Z,43113715625,1,Single-symbol summary,4.739547
right,Redshift Serverless,73,73,2026-08-13T04:54:10Z,43113715625,2,Watchlist summary,2.49984
right,Redshift Serverless,73,73,2026-08-13T04:54:10Z,43113715625,3,Top movers,0.11029
right,Redshift Serverless,73,73,2026-08-13T04:54:10Z,43113715625,4,Daily activity,0.920782
right,Redshift Serverless,74,74,2026-08-13T05:03:59Z,43708992758,1,Single-symbol summary,2.204877
right,Redshift Serverless,74,74,2026-08-13T05:03:59Z,43708992758,2,Watchlist summary,0.103992
right,Redshift Serverless,74,74,2026-08-13T05:03:59Z,43708992758,3,Top movers,0.098783
right,Redshift Serverless,74,74,2026-08-13T05:03:59Z,43708992758,4,Daily activity,0.371675
right,Redshift Serverless,75,75,2026-08-13T05:14:12Z,44306002093,1,Single-symbol summary,1.815917
right,Redshift Serverless,75,75,2026-08-13T05:14:12Z,44306002093,2,Watchlist summary,0.430782
right,Redshift Serverless,75,75,2026-08-13T05:14:12Z,44306002093,3,Top movers,0.10983
right,Redshift Serverless,75,75,2026-08-13T05:14:12Z,44306002093,4,Daily activity,0.436492
right,Redshift Serverless,76,76,2026-08-13T05:24:13Z,44972171093,1,Single-symbol summary,1.210716
right,Redshift Serverless,76,76,2026-08-13T05:24:13Z,44972171093,2,Watchlist summary,0.443285
right,Redshift Serverless,76,76,2026-08-13T05:24:13Z,44972171093,3,Top movers,0.108237
right,Redshift Serverless,76,76,2026-08-13T05:24:13Z,44972171093,4,Daily activity,0.417224
right,Redshift Serverless,77,77,2026-08-13T05:34:10Z,45569434778,1,Single-symbol summary,2.860712
right,Redshift Serverless,77,77,2026-08-13T05:34:10Z,45569434778,2,Watchlist summary,0.436172
right,Redshift Serverless,77,77,2026-08-13T05:34:10Z,45569434778,3,Top movers,0.084811
right,Redshift Serverless,77,77,2026-08-13T05:34:10Z,45569434778,4,Daily activity,0.441438
right,Redshift Serverless,78,78,2026-08-13T05:44:11Z,46170593122,1,Single-symbol summary,2.624345
right,Redshift Serverless,78,78,2026-08-13T05:44:11Z,46170593122,2,Watchlist summary,0.401527
right,Redshift Serverless,78,78,2026-08-13T05:44:11Z,46170593122,3,Top movers,0.115707
right,Redshift Serverless,78,78,2026-08-13T05:44:11Z,46170593122,4,Daily activity,0.477204
right,Redshift Serverless,79,79,2026-08-13T05:54:12Z,46769882264,1,Single-symbol summary,4.889226
right,Redshift Serverless,79,79,2026-08-13T05:54:12Z,46769882264,2,Watchlist summary,0.433788
right,Redshift Serverless,79,79,2026-08-13T05:54:12Z,46769882264,3,Top movers,0.362439
right,Redshift Serverless,79,79,2026-08-13T05:54:12Z,46769882264,4,Daily activity,0.472325
right,Redshift Serverless,80,80,2026-08-13T06:03:59Z,47307695739,1,Single-symbol summary,2.944449
right,Redshift Serverless,80,80,2026-08-13T06:03:59Z,47307695739,2,Watchlist summary,0.100988
right,Redshift Serverless,80,80,2026-08-13T06:03:59Z,47307695739,3,Top movers,0.098308
right,Redshift Serverless,80,80,2026-08-13T06:03:59Z,47307695739,4,Daily activity,0.523389
right,Redshift Serverless,81,81,2026-08-13T06:14:10Z,47908162093,1,Single-symbol summary,2.773052
right,Redshift Serverless,81,81,2026-08-13T06:14:10Z,47908162093,2,Watchlist summary,2.293723
right,Redshift Serverless,81,81,2026-08-13T06:14:10Z,47908162093,3,Top movers,0.224471
right,Redshift Serverless,81,81,2026-08-13T06:14:10Z,47908162093,4,Daily activity,1.915645
right,Redshift Serverless,82,82,2026-08-13T06:24:09Z,48569875455,1,Single-symbol summary,1.430463
right,Redshift Serverless,82,82,2026-08-13T06:24:09Z,48569875455,2,Watchlist summary,0.4738
right,Redshift Serverless,82,82,2026-08-13T06:24:09Z,48569875455,3,Top movers,0.092623
right,Redshift Serverless,82,82,2026-08-13T06:24:09Z,48569875455,4,Daily activity,0.442739
right,Redshift Serverless,83,83,2026-08-13T06:34:12Z,49170649113,1,Single-symbol summary,2.158698
right,Redshift Serverless,83,83,2026-08-13T06:34:12Z,49170649113,2,Watchlist summary,0.433737
right,Redshift Serverless,83,83,2026-08-13T06:34:12Z,49170649113,3,Top movers,0.089525
right,Redshift Serverless,83,83,2026-08-13T06:34:12Z,49170649113,4,Daily activity,0.425334
right,Redshift Serverless,84,84,2026-08-13T06:44:11Z,49769405745,1,Single-symbol summary,2.67931
right,Redshift Serverless,84,84,2026-08-13T06:44:11Z,49769405745,2,Watchlist summary,0.407029
right,Redshift Serverless,84,84,2026-08-13T06:44:11Z,49769405745,3,Top movers,0.09351
right,Redshift Serverless,84,84,2026-08-13T06:44:11Z,49769405745,4,Daily activity,0.439295
right,Redshift Serverless,85,85,2026-08-13T06:54:10Z,50311961071,1,Single-symbol summary,4.083522
right,Redshift Serverless,85,85,2026-08-13T06:54:10Z,50311961071,2,Watchlist summary,2.492056
right,Redshift Serverless,85,85,2026-08-13T06:54:10Z,50311961071,3,Top movers,0.114362
right,Redshift Serverless,85,85,2026-08-13T06:54:10Z,50311961071,4,Daily activity,0.578408
right,Redshift Serverless,86,86,2026-08-13T07:03:59Z,50902916441,1,Single-symbol summary,2.857276
right,Redshift Serverless,86,86,2026-08-13T07:03:59Z,50902916441,2,Watchlist summary,0.094763
right,Redshift Serverless,86,86,2026-08-13T07:03:59Z,50902916441,3,Top movers,0.089984
right,Redshift Serverless,86,86,2026-08-13T07:03:59Z,50902916441,4,Daily activity,0.437715
right,Redshift Serverless,87,87,2026-08-13T07:14:11Z,51569862364,1,Single-symbol summary,2.730256
right,Redshift Serverless,87,87,2026-08-13T07:14:11Z,51569862364,2,Watchlist summary,0.408297
right,Redshift Serverless,87,87,2026-08-13T07:14:11Z,51569862364,3,Top movers,0.10218
right,Redshift Serverless,87,87,2026-08-13T07:14:11Z,51569862364,4,Daily activity,0.470253
right,Redshift Serverless,88,88,2026-08-13T07:24:11Z,52111833800,1,Single-symbol summary,2.493213
right,Redshift Serverless,88,88,2026-08-13T07:24:11Z,52111833800,2,Watchlist summary,0.44051
right,Redshift Serverless,88,88,2026-08-13T07:24:11Z,52111833800,3,Top movers,0.107818
right,Redshift Serverless,88,88,2026-08-13T07:24:11Z,52111833800,4,Daily activity,0.528565
right,Redshift Serverless,89,89,2026-08-13T07:34:10Z,52797800664,1,Single-symbol summary,2.156984
right,Redshift Serverless,89,89,2026-08-13T07:34:10Z,52797800664,2,Watchlist summary,0.422722
right,Redshift Serverless,89,89,2026-08-13T07:34:10Z,52797800664,3,Top movers,0.082596
right,Redshift Serverless,89,89,2026-08-13T07:34:10Z,52797800664,4,Daily activity,0.083179
right,Redshift Serverless,90,90,2026-08-13T07:44:10Z,53339137987,1,Single-symbol summary,2.590462
right,Redshift Serverless,90,90,2026-08-13T07:44:10Z,53339137987,2,Watchlist summary,0.388961
right,Redshift Serverless,90,90,2026-08-13T07:44:10Z,53339137987,3,Top movers,0.089703
right,Redshift Serverless,90,90,2026-08-13T07:44:10Z,53339137987,4,Daily activity,0.437422
right,Redshift Serverless,91,91,2026-08-13T07:54:11Z,53928907694,1,Single-symbol summary,4.90167
right,Redshift Serverless,91,91,2026-08-13T07:54:11Z,53928907694,2,Watchlist summary,0.429836
right,Redshift Serverless,91,91,2026-08-13T07:54:11Z,53928907694,3,Top movers,0.520085
right,Redshift Serverless,91,91,2026-08-13T07:54:11Z,53928907694,4,Daily activity,0.548449
right,Redshift Serverless,92,92,2026-08-13T08:03:59Z,54532055276,1,Single-symbol summary,2.494378
right,Redshift Serverless,92,92,2026-08-13T08:03:59Z,54532055276,2,Watchlist summary,0.094246
right,Redshift Serverless,92,92,2026-08-13T08:03:59Z,54532055276,3,Top movers,0.088564
right,Redshift Serverless,92,92,2026-08-13T08:03:59Z,54532055276,4,Daily activity,0.441211
right,Redshift Serverless,93,93,2026-08-13T08:14:11Z,55128344953,1,Single-symbol summary,2.01993
right,Redshift Serverless,93,93,2026-08-13T08:14:11Z,55128344953,2,Watchlist summary,0.406198
right,Redshift Serverless,93,93,2026-08-13T08:14:11Z,55128344953,3,Top movers,0.105369
right,Redshift Serverless,93,93,2026-08-13T08:14:11Z,55128344953,4,Daily activity,0.480939
right,Redshift Serverless,94,94,2026-08-13T08:24:10Z,55729088882,1,Single-symbol summary,2.023002
right,Redshift Serverless,94,94,2026-08-13T08:24:10Z,55729088882,2,Watchlist summary,0.409112
right,Redshift Serverless,94,94,2026-08-13T08:24:10Z,55729088882,3,Top movers,0.108873
right,Redshift Serverless,94,94,2026-08-13T08:24:10Z,55729088882,4,Daily activity,0.418614
right,Redshift Serverless,95,95,2026-08-13T08:34:10Z,56328131726,1,Single-symbol summary,2.48086
right,Redshift Serverless,95,95,2026-08-13T08:34:10Z,56328131726,2,Watchlist summary,0.39651
right,Redshift Serverless,95,95,2026-08-13T08:34:10Z,56328131726,3,Top movers,0.109923
right,Redshift Serverless,95,95,2026-08-13T08:34:10Z,56328131726,4,Daily activity,0.503472
right,Redshift Serverless,96,96,2026-08-13T08:44:10Z,56929528891,1,Single-symbol summary,2.446516
right,Redshift Serverless,96,96,2026-08-13T08:44:10Z,56929528891,2,Watchlist summary,0.409755
right,Redshift Serverless,96,96,2026-08-13T08:44:10Z,56929528891,3,Top movers,0.107508
right,Redshift Serverless,96,96,2026-08-13T08:44:10Z,56929528891,4,Daily activity,0.124849
right,Redshift Serverless,97,97,2026-08-13T08:54:10Z,57534735475,1,Single-symbol summary,4.703693
right,Redshift Serverless,97,97,2026-08-13T08:54:10Z,57534735475,2,Watchlist summary,0.366473
right,Redshift Serverless,97,97,2026-08-13T08:54:10Z,57534735475,3,Top movers,0.114614
right,Redshift Serverless,97,97,2026-08-13T08:54:10Z,57534735475,4,Daily activity,0.563246
right,Redshift Serverless,98,98,2026-08-13T09:03:58Z,58132621215,1,Single-symbol summary,1.994384
right,Redshift Serverless,98,98,2026-08-13T09:03:58Z,58132621215,2,Watchlist summary,2.008898
right,Redshift Serverless,98,98,2026-08-13T09:03:58Z,58132621215,3,Top movers,0.093774
right,Redshift Serverless,98,98,2026-08-13T09:03:58Z,58132621215,4,Daily activity,0.479223
right,Redshift Serverless,99,99,2026-08-13T09:14:10Z,58728900353,1,Single-symbol summary,2.230414
right,Redshift Serverless,99,99,2026-08-13T09:14:10Z,58728900353,2,Watchlist summary,0.379921
right,Redshift Serverless,99,99,2026-08-13T09:14:10Z,58728900353,3,Top movers,0.105431
right,Redshift Serverless,99,99,2026-08-13T09:14:10Z,58728900353,4,Daily activity,0.401306
right,Redshift Serverless,100,100,2026-08-13T09:24:09Z,59328863090,1,Single-symbol summary,1.766553
right,Redshift Serverless,100,100,2026-08-13T09:24:09Z,59328863090,2,Watchlist summary,0.410187
right,Redshift Serverless,100,100,2026-08-13T09:24:09Z,59328863090,3,Top movers,0.102504
right,Redshift Serverless,100,100,2026-08-13T09:24:09Z,59328863090,4,Daily activity,0.454617
right,Redshift Serverless,101,101,2026-08-13T09:34:11Z,59932424550,1,Single-symbol summary,2.616138
right,Redshift Serverless,101,101,2026-08-13T09:34:11Z,59932424550,2,Watchlist summary,0.384387
right,Redshift Serverless,101,101,2026-08-13T09:34:11Z,59932424550,3,Top movers,0.091914
right,Redshift Serverless,101,101,2026-08-13T09:34:11Z,59932424550,4,Daily activity,0.57716
right,Redshift Serverless,102,102,2026-08-13T09:44:11Z,60528538925,1,Single-symbol summary,2.400226
right,Redshift Serverless,102,102,2026-08-13T09:44:11Z,60528538925,2,Watchlist summary,0.393277
right,Redshift Serverless,102,102,2026-08-13T09:44:11Z,60528538925,3,Top movers,0.099674
right,Redshift Serverless,102,102,2026-08-13T09:44:11Z,60528538925,4,Daily activity,0.452311
right,Redshift Serverless,103,103,2026-08-13T09:54:12Z,61127219937,1,Single-symbol summary,4.978808
right,Redshift Serverless,103,103,2026-08-13T09:54:12Z,61127219937,2,Watchlist summary,0.391828
right,Redshift Serverless,103,103,2026-08-13T09:54:12Z,61127219937,3,Top movers,0.348424
right,Redshift Serverless,103,103,2026-08-13T09:54:12Z,61127219937,4,Daily activity,0.594779
right,Redshift Serverless,104,104,2026-08-13T10:03:58Z,61728943805,1,Single-symbol summary,2.906488
right,Redshift Serverless,104,104,2026-08-13T10:03:58Z,61728943805,2,Watchlist summary,0.106458
right,Redshift Serverless,104,104,2026-08-13T10:03:58Z,61728943805,3,Top movers,0.097547
right,Redshift Serverless,104,104,2026-08-13T10:03:58Z,61728943805,4,Daily activity,0.47147
right,Redshift Serverless,105,105,2026-08-13T10:14:11Z,62331267479,1,Single-symbol summary,2.653618
right,Redshift Serverless,105,105,2026-08-13T10:14:11Z,62331267479,2,Watchlist summary,0.409141
right,Redshift Serverless,105,105,2026-08-13T10:14:11Z,62331267479,3,Top movers,0.092889
right,Redshift Serverless,105,105,2026-08-13T10:14:11Z,62331267479,4,Daily activity,0.49469
right,Redshift Serverless,106,106,2026-08-13T10:24:10Z,62931770608,1,Single-symbol summary,2.743381
right,Redshift Serverless,106,106,2026-08-13T10:24:10Z,62931770608,2,Watchlist summary,0.434748
right,Redshift Serverless,106,106,2026-08-13T10:24:10Z,62931770608,3,Top movers,0.108485
right,Redshift Serverless,106,106,2026-08-13T10:24:10Z,62931770608,4,Daily activity,0.594037
right,Redshift Serverless,107,107,2026-08-13T10:34:11Z,63530017412,1,Single-symbol summary,2.877104
right,Redshift Serverless,107,107,2026-08-13T10:34:11Z,63530017412,2,Watchlist summary,0.43665
right,Redshift Serverless,107,107,2026-08-13T10:34:11Z,63530017412,3,Top movers,0.108749
right,Redshift Serverless,107,107,2026-08-13T10:34:11Z,63530017412,4,Daily activity,0.488309
right,Redshift Serverless,108,108,2026-08-13T10:44:11Z,64131258918,1,Single-symbol summary,2.398235
right,Redshift Serverless,108,108,2026-08-13T10:44:11Z,64131258918,2,Watchlist summary,0.389373
right,Redshift Serverless,108,108,2026-08-13T10:44:11Z,64131258918,3,Top movers,0.097492
right,Redshift Serverless,108,108,2026-08-13T10:44:11Z,64131258918,4,Daily activity,0.39476
right,Redshift Serverless,109,109,2026-08-13T10:54:10Z,64726881755,1,Single-symbol summary,5.159606
right,Redshift Serverless,109,109,2026-08-13T10:54:10Z,64726881755,2,Watchlist summary,0.456522
right,Redshift Serverless,109,109,2026-08-13T10:54:10Z,64726881755,3,Top movers,0.115748
right,Redshift Serverless,109,109,2026-08-13T10:54:10Z,64726881755,4,Daily activity,0.456655
right,Redshift Serverless,110,110,2026-08-13T11:03:59Z,65328955508,1,Single-symbol summary,2.566004
right,Redshift Serverless,110,110,2026-08-13T11:03:59Z,65328955508,2,Watchlist summary,0.121349
right,Redshift Serverless,110,110,2026-08-13T11:03:59Z,65328955508,3,Top movers,0.111022
right,Redshift Serverless,110,110,2026-08-13T11:03:59Z,65328955508,4,Daily activity,0.417043
right,Redshift Serverless,111,111,2026-08-13T11:14:10Z,65926809029,1,Single-symbol summary,2.735062
right,Redshift Serverless,111,111,2026-08-13T11:14:10Z,65926809029,2,Watchlist summary,0.42463
right,Redshift Serverless,111,111,2026-08-13T11:14:10Z,65926809029,3,Top movers,0.102624
right,Redshift Serverless,111,111,2026-08-13T11:14:10Z,65926809029,4,Daily activity,0.444379
right,Redshift Serverless,112,112,2026-08-13T11:24:12Z,66527854638,1,Single-symbol summary,2.464999
right,Redshift Serverless,112,112,2026-08-13T11:24:12Z,66527854638,2,Watchlist summary,0.391763
right,Redshift Serverless,112,112,2026-08-13T11:24:12Z,66527854638,3,Top movers,0.10027
right,Redshift Serverless,112,112,2026-08-13T11:24:12Z,66527854638,4,Daily activity,0.507562
right,Redshift Serverless,113,113,2026-08-13T11:34:11Z,67128664727,1,Single-symbol summary,2.589821
right,Redshift Serverless,113,113,2026-08-13T11:34:11Z,67128664727,2,Watchlist summary,0.42236
right,Redshift Serverless,113,113,2026-08-13T11:34:11Z,67128664727,3,Top movers,0.093963
right,Redshift Serverless,113,113,2026-08-13T11:34:11Z,67128664727,4,Daily activity,0.464605
right,Redshift Serverless,114,114,2026-08-13T11:44:10Z,67790387128,1,Single-symbol summary,1.936501
right,Redshift Serverless,114,114,2026-08-13T11:44:10Z,67790387128,2,Watchlist summary,0.447463
right,Redshift Serverless,114,114,2026-08-13T11:44:10Z,67790387128,3,Top movers,0.096851
right,Redshift Serverless,114,114,2026-08-13T11:44:10Z,67790387128,4,Daily activity,0.412628
right,Redshift Serverless,115,115,2026-08-13T11:54:10Z,68330088073,1,Single-symbol summary,5.31938
right,Redshift Serverless,115,115,2026-08-13T11:54:10Z,68330088073,2,Watchlist summary,0.470372
right,Redshift Serverless,115,115,2026-08-13T11:54:10Z,68330088073,3,Top movers,0.103739
right,Redshift Serverless,115,115,2026-08-13T11:54:10Z,68330088073,4,Daily activity,0.485713
right,Redshift Serverless,116,116,2026-08-13T12:03:59Z,68929344858,1,Single-symbol summary,2.932298
right,Redshift Serverless,116,116,2026-08-13T12:03:59Z,68929344858,2,Watchlist summary,0.118444
right,Redshift Serverless,116,116,2026-08-13T12:03:59Z,68929344858,3,Top movers,0.112877
right,Redshift Serverless,116,116,2026-08-13T12:03:59Z,68929344858,4,Daily activity,0.453265
right,Redshift Serverless,117,117,2026-08-13T12:14:11Z,69529528941,1,Single-symbol summary,2.762138
right,Redshift Serverless,117,117,2026-08-13T12:14:11Z,69529528941,2,Watchlist summary,0.444947
right,Redshift Serverless,117,117,2026-08-13T12:14:11Z,69529528941,3,Top movers,0.106342
right,Redshift Serverless,117,117,2026-08-13T12:14:11Z,69529528941,4,Daily activity,0.482183
right,Redshift Serverless,118,118,2026-08-13T12:24:11Z,70132993820,1,Single-symbol summary,2.707906
right,Redshift Serverless,118,118,2026-08-13T12:24:11Z,70132993820,2,Watchlist summary,0.554306
right,Redshift Serverless,118,118,2026-08-13T12:24:11Z,70132993820,3,Top movers,0.099983
right,Redshift Serverless,118,118,2026-08-13T12:24:11Z,70132993820,4,Daily activity,0.494919
right,Redshift Serverless,119,119,2026-08-13T12:34:11Z,70742571187,1,Single-symbol summary,3.254412
right,Redshift Serverless,119,119,2026-08-13T12:34:11Z,70742571187,2,Watchlist summary,0.506411
right,Redshift Serverless,119,119,2026-08-13T12:34:11Z,70742571187,3,Top movers,0.100727
right,Redshift Serverless,119,119,2026-08-13T12:34:11Z,70742571187,4,Daily activity,0.575257
right,Redshift Serverless,120,120,2026-08-13T12:44:10Z,71342431867,1,Single-symbol summary,2.530452
right,Redshift Serverless,120,120,2026-08-13T12:44:10Z,71342431867,2,Watchlist summary,0.439128
right,Redshift Serverless,120,120,2026-08-13T12:44:10Z,71342431867,3,Top movers,0.105958
right,Redshift Serverless,120,120,2026-08-13T12:44:10Z,71342431867,4,Daily activity,0.505434
right,Redshift Serverless,121,121,2026-08-13T12:54:09Z,71946007841,1,Single-symbol summary,5.070579
right,Redshift Serverless,121,121,2026-08-13T12:54:09Z,71946007841,2,Watchlist summary,0.436619
right,Redshift Serverless,121,121,2026-08-13T12:54:09Z,71946007841,3,Top movers,0.107836
right,Redshift Serverless,121,121,2026-08-13T12:54:09Z,71946007841,4,Daily activity,0.488922
right,Redshift Serverless,122,122,2026-08-13T13:04:00Z,72546298660,1,Single-symbol summary,3.024986
right,Redshift Serverless,122,122,2026-08-13T13:04:00Z,72546298660,2,Watchlist summary,0.111949
right,Redshift Serverless,122,122,2026-08-13T13:04:00Z,72546298660,3,Top movers,0.10929
right,Redshift Serverless,122,122,2026-08-13T13:04:00Z,72546298660,4,Daily activity,0.560323
right,Redshift Serverless,123,123,2026-08-13T13:14:12Z,73143825074,1,Single-symbol summary,2.426524
right,Redshift Serverless,123,123,2026-08-13T13:14:12Z,73143825074,2,Watchlist summary,0.441874
right,Redshift Serverless,123,123,2026-08-13T13:14:12Z,73143825074,3,Top movers,2.087811
right,Redshift Serverless,123,123,2026-08-13T13:14:12Z,73143825074,4,Daily activity,1.03503
right,Redshift Serverless,124,124,2026-08-13T13:24:10Z,73740624098,1,Single-symbol summary,3.07386
right,Redshift Serverless,124,124,2026-08-13T13:24:10Z,73740624098,2,Watchlist summary,0.507472
right,Redshift Serverless,124,124,2026-08-13T13:24:10Z,73740624098,3,Top movers,0.092523
right,Redshift Serverless,124,124,2026-08-13T13:24:10Z,73740624098,4,Daily activity,0.462266
right,Redshift Serverless,125,125,2026-08-13T13:34:11Z,74341621634,1,Single-symbol summary,2.887191
right,Redshift Serverless,125,125,2026-08-13T13:34:11Z,74341621634,2,Watchlist summary,0.472687
right,Redshift Serverless,125,125,2026-08-13T13:34:11Z,74341621634,3,Top movers,0.096322
right,Redshift Serverless,125,125,2026-08-13T13:34:11Z,74341621634,4,Daily activity,0.433114
right,Redshift Serverless,126,126,2026-08-13T13:44:10Z,74941549148,1,Single-symbol summary,2.703777
right,Redshift Serverless,126,126,2026-08-13T13:44:10Z,74941549148,2,Watchlist summary,0.434362
right,Redshift Serverless,126,126,2026-08-13T13:44:10Z,74941549148,3,Top movers,0.111932
right,Redshift Serverless,126,126,2026-08-13T13:44:10Z,74941549148,4,Daily activity,0.526556
right,Redshift Serverless,127,127,2026-08-13T13:54:11Z,75540057221,1,Single-symbol summary,5.791255
right,Redshift Serverless,127,127,2026-08-13T13:54:11Z,75540057221,2,Watchlist summary,0.460329
right,Redshift Serverless,127,127,2026-08-13T13:54:11Z,75540057221,3,Top movers,0.105272
right,Redshift Serverless,127,127,2026-08-13T13:54:11Z,75540057221,4,Daily activity,0.530872
right,Redshift Serverless,128,128,2026-08-13T14:03:59Z,76141857339,1,Single-symbol summary,3.020512
right,Redshift Serverless,128,128,2026-08-13T14:03:59Z,76141857339,2,Watchlist summary,0.112245
right,Redshift Serverless,128,128,2026-08-13T14:03:59Z,76141857339,3,Top movers,0.24971
right,Redshift Serverless,128,128,2026-08-13T14:03:59Z,76141857339,4,Daily activity,0.466348
right,Redshift Serverless,129,129,2026-08-13T14:14:10Z,76744332234,1,Single-symbol summary,2.973413
right,Redshift Serverless,129,129,2026-08-13T14:14:10Z,76744332234,2,Watchlist summary,0.512325
right,Redshift Serverless,129,129,2026-08-13T14:14:10Z,76744332234,3,Top movers,0.101671
right,Redshift Serverless,129,129,2026-08-13T14:14:10Z,76744332234,4,Daily activity,0.475679
right,Redshift Serverless,130,130,2026-08-13T14:24:11Z,77343838333,1,Single-symbol summary,2.628585
right,Redshift Serverless,130,130,2026-08-13T14:24:11Z,77343838333,2,Watchlist summary,0.457608
right,Redshift Serverless,130,130,2026-08-13T14:24:11Z,77343838333,3,Top movers,0.101419
right,Redshift Serverless,130,130,2026-08-13T14:24:11Z,77343838333,4,Daily activity,0.457798
right,Redshift Serverless,131,131,2026-08-13T14:34:12Z,77945716216,1,Single-symbol summary,2.858546
right,Redshift Serverless,131,131,2026-08-13T14:34:12Z,77945716216,2,Watchlist summary,0.454048
right,Redshift Serverless,131,131,2026-08-13T14:34:12Z,77945716216,3,Top movers,0.094194
right,Redshift Serverless,131,131,2026-08-13T14:34:12Z,77945716216,4,Daily activity,0.472516
right,Redshift Serverless,132,132,2026-08-13T14:44:11Z,78542454275,1,Single-symbol summary,2.753754
right,Redshift Serverless,132,132,2026-08-13T14:44:11Z,78542454275,2,Watchlist summary,0.457723
right,Redshift Serverless,132,132,2026-08-13T14:44:11Z,78542454275,3,Top movers,0.103153
right,Redshift Serverless,132,132,2026-08-13T14:44:11Z,78542454275,4,Daily activity,0.555596
right,Redshift Serverless,133,133,2026-08-13T14:54:11Z,79146527318,1,Single-symbol summary,5.712293
right,Redshift Serverless,133,133,2026-08-13T14:54:11Z,79146527318,2,Watchlist summary,0.428913
right,Redshift Serverless,133,133,2026-08-13T14:54:11Z,79146527318,3,Top movers,0.117942
right,Redshift Serverless,133,133,2026-08-13T14:54:11Z,79146527318,4,Daily activity,0.828955
right,Redshift Serverless,134,134,2026-08-13T15:03:59Z,79742012314,1,Single-symbol summary,2.446138
right,Redshift Serverless,134,134,2026-08-13T15:03:59Z,79742012314,2,Watchlist summary,0.103722
right,Redshift Serverless,134,134,2026-08-13T15:03:59Z,79742012314,3,Top movers,0.09224
right,Redshift Serverless,134,134,2026-08-13T15:03:59Z,79742012314,4,Daily activity,0.387129
right,Redshift Serverless,135,135,2026-08-13T15:14:00Z,80344363553,1,Single-symbol summary,2.969669
right,Redshift Serverless,135,135,2026-08-13T15:14:00Z,80344363553,2,Watchlist summary,0.099638
right,Redshift Serverless,135,135,2026-08-13T15:14:00Z,80344363553,3,Top movers,0.097984
right,Redshift Serverless,135,135,2026-08-13T15:14:00Z,80344363553,4,Daily activity,0.551059
right,Redshift Serverless,136,136,2026-08-13T15:24:12Z,80945919301,1,Single-symbol summary,3.473732
right,Redshift Serverless,136,136,2026-08-13T15:24:12Z,80945919301,2,Watchlist summary,0.452232
right,Redshift Serverless,136,136,2026-08-13T15:24:12Z,80945919301,3,Top movers,0.286083
right,Redshift Serverless,136,136,2026-08-13T15:24:12Z,80945919301,4,Daily activity,0.58475
right,Redshift Serverless,137,137,2026-08-13T15:34:11Z,81551276073,1,Single-symbol summary,2.888342
right,Redshift Serverless,137,137,2026-08-13T15:34:11Z,81551276073,2,Watchlist summary,0.44007
right,Redshift Serverless,137,137,2026-08-13T15:34:11Z,81551276073,3,Top movers,0.108312
right,Redshift Serverless,137,137,2026-08-13T15:34:11Z,81551276073,4,Daily activity,0.861329
right,Redshift Serverless,138,138,2026-08-13T15:44:12Z,82098085629,1,Single-symbol summary,1.709357
right,Redshift Serverless,138,138,2026-08-13T15:44:12Z,82098085629,2,Watchlist summary,0.452358
right,Redshift Serverless,138,138,2026-08-13T15:44:12Z,82098085629,3,Top movers,0.114115
right,Redshift Serverless,138,138,2026-08-13T15:44:12Z,82098085629,4,Daily activity,0.428524
right,Redshift Serverless,139,139,2026-08-13T15:54:11Z,82760697798,1,Single-symbol summary,5.608905
right,Redshift Serverless,139,139,2026-08-13T15:54:11Z,82760697798,2,Watchlist summary,0.467513
right,Redshift Serverless,139,139,2026-08-13T15:54:11Z,82760697798,3,Top movers,0.103986
right,Redshift Serverless,139,139,2026-08-13T15:54:11Z,82760697798,4,Daily activity,0.463373
right,Redshift Serverless,140,140,2026-08-13T16:03:58Z,83304277333,1,Single-symbol summary,2.88929
right,Redshift Serverless,140,140,2026-08-13T16:03:58Z,83304277333,2,Watchlist summary,0.100915
right,Redshift Serverless,140,140,2026-08-13T16:03:58Z,83304277333,3,Top movers,0.101495
right,Redshift Serverless,140,140,2026-08-13T16:03:58Z,83304277333,4,Daily activity,0.509249
right,Redshift Serverless,141,141,2026-08-13T16:14:11Z,83915861762,1,Single-symbol summary,3.029758
right,Redshift Serverless,141,141,2026-08-13T16:14:11Z,83915861762,2,Watchlist summary,0.461703
right,Redshift Serverless,141,141,2026-08-13T16:14:11Z,83915861762,3,Top movers,0.096767
right,Redshift Serverless,141,141,2026-08-13T16:14:11Z,83915861762,4,Daily activity,0.545581
right,Redshift Serverless,142,142,2026-08-13T16:24:10Z,84516022757,1,Single-symbol summary,2.506182
right,Redshift Serverless,142,142,2026-08-13T16:24:10Z,84516022757,2,Watchlist summary,0.400519
right,Redshift Serverless,142,142,2026-08-13T16:24:10Z,84516022757,3,Top movers,0.114338
right,Redshift Serverless,142,142,2026-08-13T16:24:10Z,84516022757,4,Daily activity,0.477818
right,Redshift Serverless,143,143,2026-08-13T16:34:11Z,85116310321,1,Single-symbol summary,2.996094
right,Redshift Serverless,143,143,2026-08-13T16:34:11Z,85116310321,2,Watchlist summary,0.427623
right,Redshift Serverless,143,143,2026-08-13T16:34:11Z,85116310321,3,Top movers,0.115818
right,Redshift Serverless,143,143,2026-08-13T16:34:11Z,85116310321,4,Daily activity,0.547897
right,Redshift Serverless,144,144,2026-08-13T16:44:11Z,85714934329,1,Single-symbol summary,2.383559
right,Redshift Serverless,144,144,2026-08-13T16:44:11Z,85714934329,2,Watchlist summary,0.466843
right,Redshift Serverless,144,144,2026-08-13T16:44:11Z,85714934329,3,Top movers,0.097997
right,Redshift Serverless,144,144,2026-08-13T16:44:11Z,85714934329,4,Daily activity,0.667861
right,Redshift Serverless,145,145,2026-08-13T16:54:11Z,86376876842,1,Single-symbol summary,5.33036
right,Redshift Serverless,145,145,2026-08-13T16:54:11Z,86376876842,2,Watchlist summary,0.397067
right,Redshift Serverless,145,145,2026-08-13T16:54:11Z,86376876842,3,Top movers,0.10578
right,Redshift Serverless,145,145,2026-08-13T16:54:11Z,86376876842,4,Daily activity,0.45786
right,Redshift Serverless,146,146,2026-08-13T17:04:00Z,86919366179,1,Single-symbol summary,2.379077
right,Redshift Serverless,146,146,2026-08-13T17:04:00Z,86919366179,2,Watchlist summary,0.098816
right,Redshift Serverless,146,146,2026-08-13T17:04:00Z,86919366179,3,Top movers,0.092246
right,Redshift Serverless,146,146,2026-08-13T17:04:00Z,86919366179,4,Daily activity,0.399805
right,Redshift Serverless,147,147,2026-08-13T17:14:13Z,87518660143,1,Single-symbol summary,2.753447
right,Redshift Serverless,147,147,2026-08-13T17:14:13Z,87518660143,2,Watchlist summary,0.398738
right,Redshift Serverless,147,147,2026-08-13T17:14:13Z,87518660143,3,Top movers,0.090741
right,Redshift Serverless,147,147,2026-08-13T17:14:13Z,87518660143,4,Daily activity,0.665602
right,Redshift Serverless,148,148,2026-08-13T17:24:11Z,88119922644,1,Single-symbol summary,2.280694
right,Redshift Serverless,148,148,2026-08-13T17:24:11Z,88119922644,2,Watchlist summary,0.428977
right,Redshift Serverless,148,148,2026-08-13T17:24:11Z,88119922644,3,Top movers,0.093664
right,Redshift Serverless,148,148,2026-08-13T17:24:11Z,88119922644,4,Daily activity,0.528979
right,Redshift Serverless,149,149,2026-08-13T17:34:10Z,88721373784,1,Single-symbol summary,2.216382
right,Redshift Serverless,149,149,2026-08-13T17:34:10Z,88721373784,2,Watchlist summary,0.47398
right,Redshift Serverless,149,149,2026-08-13T17:34:10Z,88721373784,3,Top movers,0.110946
right,Redshift Serverless,149,149,2026-08-13T17:34:10Z,88721373784,4,Daily activity,0.558133
right,Redshift Serverless,150,150,2026-08-13T17:44:11Z,89317816940,1,Single-symbol summary,2.808795
right,Redshift Serverless,150,150,2026-08-13T17:44:11Z,89317816940,2,Watchlist summary,0.364652
right,Redshift Serverless,150,150,2026-08-13T17:44:11Z,89317816940,3,Top movers,0.105099
right,Redshift Serverless,150,150,2026-08-13T17:44:11Z,89317816940,4,Daily activity,0.448789
right,Redshift Serverless,151,151,2026-08-13T17:54:10Z,89920330616,1,Single-symbol summary,5.754401
right,Redshift Serverless,151,151,2026-08-13T17:54:10Z,89920330616,2,Watchlist summary,0.376445
right,Redshift Serverless,151,151,2026-08-13T17:54:10Z,89920330616,3,Top movers,0.113192
right,Redshift Serverless,151,151,2026-08-13T17:54:10Z,89920330616,4,Daily activity,0.506835
right,Redshift Serverless,152,152,2026-08-13T18:03:59Z,90519198255,1,Single-symbol summary,2.852184
right,Redshift Serverless,152,152,2026-08-13T18:03:59Z,90519198255,2,Watchlist summary,0.097688
right,Redshift Serverless,152,152,2026-08-13T18:03:59Z,90519198255,3,Top movers,0.091936
right,Redshift Serverless,152,152,2026-08-13T18:03:59Z,90519198255,4,Daily activity,0.499613
right,Redshift Serverless,153,153,2026-08-13T18:14:11Z,91116929731,1,Single-symbol summary,2.330355
right,Redshift Serverless,153,153,2026-08-13T18:14:11Z,91116929731,2,Watchlist summary,0.413864
right,Redshift Serverless,153,153,2026-08-13T18:14:11Z,91116929731,3,Top movers,0.085909
right,Redshift Serverless,153,153,2026-08-13T18:14:11Z,91116929731,4,Daily activity,0.476121
right,Redshift Serverless,154,154,2026-08-13T18:24:11Z,91721103362,1,Single-symbol summary,2.776455
right,Redshift Serverless,154,154,2026-08-13T18:24:11Z,91721103362,2,Watchlist summary,0.403391
right,Redshift Serverless,154,154,2026-08-13T18:24:11Z,91721103362,3,Top movers,0.095753
right,Redshift Serverless,154,154,2026-08-13T18:24:11Z,91721103362,4,Daily activity,0.422593
right,Redshift Serverless,155,155,2026-08-13T18:34:10Z,92316878209,1,Single-symbol summary,2.555651
right,Redshift Serverless,155,155,2026-08-13T18:34:10Z,92316878209,2,Watchlist summary,0.450381
right,Redshift Serverless,155,155,2026-08-13T18:34:10Z,92316878209,3,Top movers,0.096538
right,Redshift Serverless,155,155,2026-08-13T18:34:10Z,92316878209,4,Daily activity,0.704705
right,Redshift Serverless,156,156,2026-08-13T18:44:11Z,92920798733,1,Single-symbol summary,2.395739
right,Redshift Serverless,156,156,2026-08-13T18:44:11Z,92920798733,2,Watchlist summary,0.395665
right,Redshift Serverless,156,156,2026-08-13T18:44:11Z,92920798733,3,Top movers,0.094671
right,Redshift Serverless,156,156,2026-08-13T18:44:11Z,92920798733,4,Daily activity,0.492951
right,Redshift Serverless,157,157,2026-08-13T18:54:11Z,93578343844,1,Single-symbol summary,6.350603
right,Redshift Serverless,157,157,2026-08-13T18:54:11Z,93578343844,2,Watchlist summary,0.380387
right,Redshift Serverless,157,157,2026-08-13T18:54:11Z,93578343844,3,Top movers,0.11613
right,Redshift Serverless,157,157,2026-08-13T18:54:11Z,93578343844,4,Daily activity,0.724767
right,Redshift Serverless,158,158,2026-08-13T19:03:59Z,94121949722,1,Single-symbol summary,2.64903
right,Redshift Serverless,158,158,2026-08-13T19:03:59Z,94121949722,2,Watchlist summary,0.094989
right,Redshift Serverless,158,158,2026-08-13T19:03:59Z,94121949722,3,Top movers,0.089794
right,Redshift Serverless,158,158,2026-08-13T19:03:59Z,94121949722,4,Daily activity,0.439077
right,Redshift Serverless,159,159,2026-08-13T19:14:12Z,94720021119,1,Single-symbol summary,2.262938
right,Redshift Serverless,159,159,2026-08-13T19:14:12Z,94720021119,2,Watchlist summary,0.531114
right,Redshift Serverless,159,159,2026-08-13T19:14:12Z,94720021119,3,Top movers,0.096549
right,Redshift Serverless,159,159,2026-08-13T19:14:12Z,94720021119,4,Daily activity,0.471049
right,Redshift Serverless,160,160,2026-08-13T19:24:11Z,95321520836,1,Single-symbol summary,2.704378
right,Redshift Serverless,160,160,2026-08-13T19:24:11Z,95321520836,2,Watchlist summary,0.428629
right,Redshift Serverless,160,160,2026-08-13T19:24:11Z,95321520836,3,Top movers,0.098292
right,Redshift Serverless,160,160,2026-08-13T19:24:11Z,95321520836,4,Daily activity,0.502574
right,Redshift Serverless,161,161,2026-08-13T19:34:11Z,95919083638,1,Single-symbol summary,2.666058
right,Redshift Serverless,161,161,2026-08-13T19:34:11Z,95919083638,2,Watchlist summary,0.421619
right,Redshift Serverless,161,161,2026-08-13T19:34:11Z,95919083638,3,Top movers,0.097153
right,Redshift Serverless,161,161,2026-08-13T19:34:11Z,95919083638,4,Daily activity,0.562096
right,Redshift Serverless,162,162,2026-08-13T19:44:12Z,96521000095,1,Single-symbol summary,2.5191
right,Redshift Serverless,162,162,2026-08-13T19:44:12Z,96521000095,2,Watchlist summary,0.427415
right,Redshift Serverless,162,162,2026-08-13T19:44:12Z,96521000095,3,Top movers,0.097545
right,Redshift Serverless,162,162,2026-08-13T19:44:12Z,96521000095,4,Daily activity,0.483347
right,Redshift Serverless,163,163,2026-08-13T19:54:11Z,97179016064,1,Single-symbol summary,5.948091
right,Redshift Serverless,163,163,2026-08-13T19:54:11Z,97179016064,2,Watchlist summary,0.407537
right,Redshift Serverless,163,163,2026-08-13T19:54:11Z,97179016064,3,Top movers,0.106931
right,Redshift Serverless,163,163,2026-08-13T19:54:11Z,97179016064,4,Daily activity,0.510732
right,Redshift Serverless,164,164,2026-08-13T20:03:59Z,97780054204,1,Single-symbol summary,1.584309
right,Redshift Serverless,164,164,2026-08-13T20:03:59Z,97780054204,2,Watchlist summary,0.090973
right,Redshift Serverless,164,164,2026-08-13T20:03:59Z,97780054204,3,Top movers,0.088142
right,Redshift Serverless,164,164,2026-08-13T20:03:59Z,97780054204,4,Daily activity,0.331939
right,Redshift Serverless,165,165,2026-08-13T20:14:11Z,98322015057,1,Single-symbol summary,2.873156
right,Redshift Serverless,165,165,2026-08-13T20:14:11Z,98322015057,2,Watchlist summary,0.486602
right,Redshift Serverless,165,165,2026-08-13T20:14:11Z,98322015057,3,Top movers,0.100573
right,Redshift Serverless,165,165,2026-08-13T20:14:11Z,98322015057,4,Daily activity,0.56384
right,Redshift Serverless,166,166,2026-08-13T20:24:11Z,98921587131,1,Single-symbol summary,2.980956
right,Redshift Serverless,166,166,2026-08-13T20:24:11Z,98921587131,2,Watchlist summary,0.41132
right,Redshift Serverless,166,166,2026-08-13T20:24:11Z,98921587131,3,Top movers,0.100717
right,Redshift Serverless,166,166,2026-08-13T20:24:11Z,98921587131,4,Daily activity,0.53703
right,Redshift Serverless,167,167,2026-08-13T20:34:11Z,99517455047,1,Single-symbol summary,2.856325
right,Redshift Serverless,167,167,2026-08-13T20:34:11Z,99517455047,2,Watchlist summary,0.42422
right,Redshift Serverless,167,167,2026-08-13T20:34:11Z,99517455047,3,Top movers,0.107601
right,Redshift Serverless,167,167,2026-08-13T20:34:11Z,99517455047,4,Daily activity,0.452569
